Height,Weight,Age,wAV,AP1,PB,POVR,PSPD,PACC,PAGI,PSTR,PAWR,PTAK,PPWM,PFNM,PBSH,PPUR,PPRC,PHTP
75,306.0,32.0,97.0,3.0,8.0,83.0,55.0,73.0,50.0,86.0,91.0,87.0,0.0,0.0,0.0,0.0,0.0,0.0
74,285.0,29.0,55.0,0.0,0.0,80.0,65.0,69.0,67.0,79.0,83.0,79.0,0.0,0.0,0.0,0.0,0.0,0.0
73,270.0,31.0,41.0,0.0,0.0,76.0,62.0,64.0,63.0,81.0,83.0,82.0,0.0,0.0,0.0,0.0,0.0,0.0
73,280.0,29.0,0.0,0.0,0.0,76.0,59.0,66.0,61.0,85.0,80.0,78.0,0.0,0.0,0.0,0.0,0.0,0.0
77,291.0,31.0,35.0,0.0,0.0,76.0,60.0,70.0,52.0,82.0,80.0,83.0,0.0,0.0,0.0,0.0,0.0,0.0
77,310.0,37.0,58.0,0.0,0.0,74.0,56.0,56.0,48.0,90.0,76.0,83.0,0.0,0.0,0.0,0.0,0.0,0.0
76,270.0,31.0,96.0,1.0,6.0,73.0,63.0,65.0,61.0,78.0,83.0,76.0,0.0,0.0,0.0,0.0,0.0,0.0
76,278.0,25.0,12.0,0.0,0.0,71.0,64.0,61.0,64.0,78.0,79.0,78.0,0.0,0.0,0.0,0.0,0.0,0.0
73,289.0,31.0,34.0,0.0,0.0,70.0,53.0,64.0,48.0,83.0,71.0,82.0,0.0,0.0,0.0,0.0,0.0,0.0
77,275.0,33.0,36.0,0.0,0.0,70.0,60.0,65.0,65.0,76.0,75.0,72.0,0.0,0.0,0.0,0.0,0.0,0.0
78,291.0,34.0,34.0,0.0,0.0,69.0,51.0,59.0,50.0,80.0,76.0,84.0,0.0,0.0,0.0,0.0,0.0,0.0
77,285.0,30.0,48.0,0.0,0.0,67.0,60.0,58.0,60.0,80.0,77.0,72.0,0.0,0.0,0.0,0.0,0.0,0.0
75,270.0,33.0,23.0,0.0,0.0,66.0,48.0,58.0,42.0,82.0,76.0,80.0,0.0,0.0,0.0,0.0,0.0,0.0
77,305.0,29.0,22.0,0.0,0.0,66.0,61.0,50.0,64.0,73.0,71.0,76.0,0.0,0.0,0.0,0.0,0.0,0.0
73,320.0,35.0,66.0,1.0,3.0,65.0,48.0,46.0,44.0,79.0,84.0,81.0,0.0,0.0,0.0,0.0,0.0,0.0
77,265.0,31.0,16.0,0.0,0.0,65.0,61.0,60.0,66.0,76.0,63.0,71.0,0.0,0.0,0.0,0.0,0.0,0.0
78,280.0,32.0,38.0,0.0,1.0,63.0,58.0,54.0,63.0,73.0,70.0,72.0,0.0,0.0,0.0,0.0,0.0,0.0
78,280.0,32.0,0.0,0.0,0.0,63.0,58.0,54.0,63.0,73.0,70.0,72.0,0.0,0.0,0.0,0.0,0.0,0.0
74,272.0,26.0,10.0,0.0,0.0,62.0,58.0,63.0,52.0,77.0,69.0,71.0,0.0,0.0,0.0,0.0,0.0,0.0
73,315.0,23.0,12.0,0.0,0.0,62.0,52.0,57.0,50.0,82.0,56.0,79.0,0.0,0.0,0.0,0.0,0.0,0.0
76,286.0,26.0,56.0,0.0,0.0,62.0,58.0,51.0,58.0,74.0,65.0,73.0,0.0,0.0,0.0,0.0,0.0,0.0
76,286.0,26.0,27.0,0.0,0.0,62.0,58.0,51.0,58.0,74.0,65.0,73.0,0.0,0.0,0.0,0.0,0.0,0.0
74,286.0,29.0,6.0,0.0,0.0,61.0,58.0,59.0,51.0,80.0,62.0,75.0,0.0,0.0,0.0,0.0,0.0,0.0
78,277.0,30.0,19.0,0.0,0.0,59.0,57.0,57.0,58.0,73.0,65.0,68.0,0.0,0.0,0.0,0.0,0.0,0.0
77,280.0,28.0,0.0,0.0,0.0,59.0,56.0,46.0,62.0,71.0,55.0,75.0,0.0,0.0,0.0,0.0,0.0,0.0
76,307.0,31.0,38.0,0.0,0.0,58.0,42.0,55.0,47.0,81.0,65.0,75.0,0.0,0.0,0.0,0.0,0.0,0.0
76,280.0,31.0,0.0,0.0,0.0,58.0,49.0,54.0,46.0,80.0,68.0,71.0,0.0,0.0,0.0,0.0,0.0,0.0
76,257.0,29.0,0.0,0.0,0.0,58.0,57.0,48.0,57.0,70.0,66.0,71.0,0.0,0.0,0.0,0.0,0.0,0.0
76,257.0,29.0,7.0,0.0,0.0,58.0,57.0,48.0,57.0,70.0,66.0,71.0,0.0,0.0,0.0,0.0,0.0,0.0
73,277.0,33.0,35.0,0.0,0.0,57.0,52.0,51.0,50.0,79.0,60.0,73.0,0.0,0.0,0.0,0.0,0.0,0.0
77,310.0,31.0,0.0,0.0,0.0,57.0,40.0,56.0,45.0,80.0,66.0,73.0,0.0,0.0,0.0,0.0,0.0,0.0
78,260.0,25.0,0.0,0.0,0.0,57.0,60.0,52.0,62.0,76.0,54.0,66.0,0.0,0.0,0.0,0.0,0.0,0.0
77,275.0,28.0,11.0,0.0,0.0,56.0,58.0,52.0,57.0,75.0,64.0,66.0,0.0,0.0,0.0,0.0,0.0,0.0
79,300.0,30.0,0.0,0.0,0.0,55.0,50.0,47.0,56.0,74.0,52.0,70.0,0.0,0.0,0.0,0.0,0.0,0.0
77,284.0,28.0,0.0,0.0,0.0,54.0,55.0,48.0,60.0,72.0,52.0,65.0,0.0,0.0,0.0,0.0,0.0,0.0
77,292.0,26.0,5.0,0.0,0.0,46.0,55.0,48.0,51.0,68.0,47.0,58.0,0.0,0.0,0.0,0.0,0.0,0.0
74,303.0,27.0,117.0,4.0,7.0,99.0,66.0,85.0,70.0,95.0,98.0,96.0,0.0,0.0,0.0,0.0,0.0,0.0
77,320.0,24.0,44.0,1.0,2.0,97.0,64.0,79.0,59.0,93.0,90.0,97.0,0.0,0.0,0.0,0.0,0.0,0.0
76,265.0,24.0,68.0,1.0,3.0,97.0,86.0,89.0,85.0,80.0,70.0,80.0,0.0,0.0,0.0,0.0,0.0,0.0
77,275.0,28.0,122.0,4.0,7.0,96.0,72.0,75.0,73.0,87.0,94.0,88.0,0.0,0.0,0.0,0.0,0.0,0.0
76,260.0,30.0,54.0,0.0,2.0,96.0,74.0,79.0,73.0,86.0,94.0,86.0,0.0,0.0,0.0,0.0,0.0,0.0
74,285.0,26.0,89.0,1.0,6.0,96.0,64.0,78.0,61.0,93.0,92.0,94.0,0.0,0.0,0.0,0.0,0.0,0.0
77,270.0,22.0,27.0,0.0,0.0,94.0,78.0,84.0,76.0,86.0,74.0,79.0,0.0,0.0,0.0,0.0,0.0,0.0
77,270.0,22.0,2.0,0.0,0.0,94.0,78.0,84.0,76.0,86.0,74.0,79.0,0.0,0.0,0.0,0.0,0.0,0.0
75,291.0,28.0,88.0,1.0,4.0,93.0,62.0,77.0,56.0,92.0,94.0,93.0,0.0,0.0,0.0,0.0,0.0,0.0
77,305.0,27.0,51.0,0.0,2.0,92.0,58.0,71.0,55.0,95.0,89.0,94.0,0.0,0.0,0.0,0.0,0.0,0.0
76,295.0,25.0,80.0,1.0,4.0,91.0,62.0,69.0,54.0,93.0,88.0,94.0,0.0,0.0,0.0,0.0,0.0,0.0
78,260.0,26.0,118.0,3.0,6.0,91.0,79.0,84.0,78.0,78.0,82.0,77.0,0.0,0.0,0.0,0.0,0.0,0.0
78,260.0,26.0,0.0,0.0,0.0,91.0,79.0,84.0,78.0,78.0,82.0,77.0,0.0,0.0,0.0,0.0,0.0,0.0
75,282.0,31.0,66.0,0.0,3.0,91.0,68.0,74.0,73.0,87.0,92.0,85.0,0.0,0.0,0.0,0.0,0.0,0.0
74,293.0,23.0,45.0,0.0,1.0,90.0,66.0,83.0,65.0,91.0,80.0,89.0,0.0,0.0,0.0,0.0,0.0,0.0
74,280.0,29.0,68.0,1.0,3.0,90.0,72.0,77.0,70.0,85.0,90.0,81.0,0.0,0.0,0.0,0.0,0.0,0.0
76,257.0,25.0,49.0,0.0,1.0,90.0,71.0,73.0,69.0,83.0,88.0,85.0,0.0,0.0,0.0,0.0,0.0,0.0
77,280.0,26.0,86.0,1.0,2.0,90.0,68.0,71.0,72.0,86.0,89.0,85.0,0.0,0.0,0.0,0.0,0.0,0.0
76,267.0,24.0,54.0,0.0,0.0,89.0,72.0,77.0,74.0,81.0,84.0,80.0,0.0,0.0,0.0,0.0,0.0,0.0
77,275.0,25.0,42.0,0.0,1.0,88.0,69.0,74.0,72.0,84.0,85.0,81.0,0.0,0.0,0.0,0.0,0.0,0.0
77,265.0,28.0,76.0,0.0,2.0,88.0,70.0,70.0,73.0,81.0,92.0,83.0,0.0,0.0,0.0,0.0,0.0,0.0
75,330.0,27.0,0.0,0.0,0.0,87.0,56.0,65.0,49.0,92.0,89.0,92.0,0.0,0.0,0.0,0.0,0.0,0.0
75,330.0,27.0,77.0,0.0,3.0,87.0,56.0,65.0,49.0,92.0,89.0,92.0,0.0,0.0,0.0,0.0,0.0,0.0
75,275.0,23.0,42.0,0.0,0.0,87.0,70.0,80.0,71.0,83.0,72.0,79.0,0.0,0.0,0.0,0.0,0.0,0.0
76,275.0,32.0,57.0,0.0,3.0,87.0,69.0,70.0,69.0,83.0,87.0,82.0,0.0,0.0,0.0,0.0,0.0,0.0
76,328.0,30.0,79.0,1.0,4.0,86.0,56.0,64.0,53.0,93.0,87.0,89.0,0.0,0.0,0.0,0.0,0.0,0.0
76,273.0,37.0,0.0,0.0,0.0,86.0,66.0,76.0,67.0,85.0,97.0,80.0,0.0,0.0,0.0,0.0,0.0,0.0
76,273.0,37.0,152.0,8.0,11.0,86.0,66.0,76.0,67.0,85.0,97.0,80.0,0.0,0.0,0.0,0.0,0.0,0.0
73,283.0,32.0,0.0,0.0,0.0,86.0,65.0,73.0,66.0,84.0,94.0,84.0,0.0,0.0,0.0,0.0,0.0,0.0
76,330.0,32.0,49.0,0.0,0.0,85.0,54.0,64.0,51.0,95.0,88.0,90.0,0.0,0.0,0.0,0.0,0.0,0.0
76,330.0,32.0,89.0,1.0,4.0,85.0,54.0,64.0,51.0,95.0,88.0,90.0,0.0,0.0,0.0,0.0,0.0,0.0
78,290.0,31.0,38.0,0.0,2.0,85.0,61.0,77.0,58.0,88.0,77.0,89.0,0.0,0.0,0.0,0.0,0.0,0.0
77,260.0,26.0,86.0,1.0,3.0,85.0,72.0,73.0,73.0,79.0,86.0,78.0,0.0,0.0,0.0,0.0,0.0,0.0
78,315.0,27.0,42.0,0.0,0.0,85.0,58.0,69.0,54.0,92.0,81.0,92.0,0.0,0.0,0.0,0.0,0.0,0.0
76,315.0,27.0,63.0,0.0,2.0,85.0,57.0,70.0,54.0,90.0,86.0,90.0,0.0,0.0,0.0,0.0,0.0,0.0
76,270.0,26.0,40.0,0.0,0.0,85.0,70.0,74.0,70.0,81.0,83.0,78.0,0.0,0.0,0.0,0.0,0.0,0.0
75,313.0,27.0,36.0,0.0,0.0,85.0,56.0,67.0,55.0,89.0,87.0,91.0,0.0,0.0,0.0,0.0,0.0,0.0
78,291.0,24.0,0.0,0.0,0.0,84.0,69.0,71.0,70.0,82.0,84.0,80.0,0.0,0.0,0.0,0.0,0.0,0.0
76,250.0,22.0,91.0,2.0,5.0,84.0,74.0,79.0,72.0,77.0,75.0,77.0,0.0,0.0,0.0,0.0,0.0,0.0
76,270.0,34.0,61.0,0.0,1.0,84.0,68.0,75.0,71.0,79.0,88.0,79.0,0.0,0.0,0.0,0.0,0.0,0.0
76,270.0,28.0,3.0,0.0,0.0,84.0,69.0,71.0,70.0,82.0,91.0,78.0,0.0,0.0,0.0,0.0,0.0,0.0
76,270.0,28.0,0.0,0.0,0.0,84.0,69.0,71.0,70.0,82.0,91.0,78.0,0.0,0.0,0.0,0.0,0.0,0.0
76,270.0,28.0,0.0,0.0,0.0,84.0,69.0,71.0,70.0,82.0,91.0,78.0,0.0,0.0,0.0,0.0,0.0,0.0
76,270.0,28.0,0.0,0.0,0.0,84.0,69.0,71.0,70.0,82.0,91.0,78.0,0.0,0.0,0.0,0.0,0.0,0.0
76,270.0,28.0,50.0,0.0,2.0,84.0,69.0,71.0,70.0,82.0,91.0,78.0,0.0,0.0,0.0,0.0,0.0,0.0
74,304.0,30.0,60.0,0.0,0.0,83.0,57.0,66.0,51.0,89.0,86.0,88.0,0.0,0.0,0.0,0.0,0.0,0.0
78,278.0,27.0,22.0,0.0,0.0,83.0,68.0,70.0,70.0,83.0,81.0,80.0,0.0,0.0,0.0,0.0,0.0,0.0
78,278.0,27.0,14.0,1.0,0.0,83.0,68.0,70.0,70.0,83.0,81.0,80.0,0.0,0.0,0.0,0.0,0.0,0.0
75,306.0,32.0,97.0,3.0,8.0,83.0,55.0,73.0,50.0,86.0,91.0,87.0,0.0,0.0,0.0,0.0,0.0,0.0
76,280.0,23.0,70.0,0.0,2.0,83.0,69.0,70.0,70.0,84.0,74.0,79.0,0.0,0.0,0.0,0.0,0.0,0.0
74,305.0,22.0,56.0,0.0,0.0,83.0,64.0,80.0,62.0,85.0,78.0,83.0,0.0,0.0,0.0,0.0,0.0,0.0
76,250.0,27.0,40.0,0.0,0.0,83.0,67.0,70.0,69.0,80.0,82.0,80.0,0.0,0.0,0.0,0.0,0.0,0.0
72,300.0,22.0,43.0,0.0,0.0,82.0,59.0,71.0,56.0,89.0,82.0,84.0,0.0,0.0,0.0,0.0,0.0,0.0
76,305.0,29.0,0.0,0.0,0.0,82.0,63.0,69.0,55.0,87.0,79.0,83.0,0.0,0.0,0.0,0.0,0.0,0.0
77,300.0,28.0,41.0,0.0,0.0,81.0,58.0,68.0,54.0,88.0,86.0,82.0,0.0,0.0,0.0,0.0,0.0,0.0
75,305.0,25.0,50.0,0.0,0.0,81.0,59.0,70.0,56.0,88.0,79.0,86.0,0.0,0.0,0.0,0.0,0.0,0.0
76,270.0,23.0,31.0,0.0,0.0,80.0,71.0,75.0,72.0,77.0,63.0,75.0,0.0,0.0,0.0,0.0,0.0,0.0
76,290.0,26.0,54.0,0.0,0.0,80.0,62.0,75.0,57.0,83.0,80.0,84.0,0.0,0.0,0.0,0.0,0.0,0.0
74,292.0,26.0,0.0,0.0,0.0,80.0,59.0,66.0,54.0,84.0,86.0,87.0,0.0,0.0,0.0,0.0,0.0,0.0
74,292.0,26.0,35.0,0.0,0.0,80.0,59.0,66.0,54.0,84.0,86.0,87.0,0.0,0.0,0.0,0.0,0.0,0.0
78,286.0,25.0,68.0,0.0,1.0,80.0,67.0,69.0,69.0,84.0,79.0,79.0,0.0,0.0,0.0,0.0,0.0,0.0
74,285.0,29.0,55.0,0.0,0.0,80.0,65.0,69.0,67.0,79.0,83.0,79.0,0.0,0.0,0.0,0.0,0.0,0.0
78,300.0,29.0,71.0,0.0,0.0,80.0,58.0,67.0,55.0,86.0,85.0,84.0,0.0,0.0,0.0,0.0,0.0,0.0
74,293.0,27.0,0.0,0.0,0.0,80.0,60.0,71.0,52.0,88.0,77.0,86.0,0.0,0.0,0.0,0.0,0.0,0.0
74,293.0,27.0,63.0,0.0,2.0,80.0,60.0,71.0,52.0,88.0,77.0,86.0,0.0,0.0,0.0,0.0,0.0,0.0
75,267.0,30.0,72.0,0.0,1.0,80.0,67.0,71.0,67.0,79.0,87.0,77.0,0.0,0.0,0.0,0.0,0.0,0.0
77,263.0,27.0,68.0,0.0,0.0,79.0,64.0,67.0,68.0,82.0,80.0,78.0,0.0,0.0,0.0,0.0,0.0,0.0
76,275.0,21.0,101.0,1.0,5.0,79.0,76.0,82.0,67.0,77.0,66.0,72.0,0.0,0.0,0.0,0.0,0.0,0.0
76,275.0,21.0,0.0,0.0,0.0,79.0,76.0,82.0,67.0,77.0,66.0,72.0,0.0,0.0,0.0,0.0,0.0,0.0
77,300.0,24.0,63.0,0.0,0.0,79.0,64.0,65.0,68.0,85.0,80.0,78.0,0.0,0.0,0.0,0.0,0.0,0.0
75,254.0,22.0,3.0,0.0,0.0,79.0,76.0,83.0,72.0,73.0,64.0,69.0,0.0,0.0,0.0,0.0,0.0,0.0
77,300.0,28.0,36.0,0.0,0.0,79.0,61.0,66.0,56.0,87.0,76.0,87.0,0.0,0.0,0.0,0.0,0.0,0.0
75,294.0,25.0,16.0,0.0,0.0,79.0,66.0,69.0,69.0,82.0,68.0,77.0,0.0,0.0,0.0,0.0,0.0,0.0
75,295.0,27.0,47.0,0.0,0.0,79.0,57.0,65.0,50.0,88.0,79.0,86.0,0.0,0.0,0.0,0.0,0.0,0.0
73,295.0,31.0,60.0,0.0,1.0,78.0,57.0,68.0,49.0,87.0,82.0,85.0,0.0,0.0,0.0,0.0,0.0,0.0
76,270.0,33.0,82.0,0.0,1.0,78.0,63.0,63.0,67.0,77.0,88.0,81.0,0.0,0.0,0.0,0.0,0.0,0.0
74,252.0,24.0,13.0,0.0,0.0,78.0,67.0,66.0,68.0,80.0,70.0,76.0,0.0,0.0,0.0,0.0,0.0,0.0
78,275.0,23.0,22.0,0.0,0.0,77.0,67.0,65.0,66.0,81.0,67.0,77.0,0.0,0.0,0.0,0.0,0.0,0.0
73,314.0,24.0,73.0,0.0,5.0,77.0,59.0,66.0,63.0,90.0,69.0,82.0,0.0,0.0,0.0,0.0,0.0,0.0
76,295.0,26.0,0.0,0.0,0.0,76.0,64.0,65.0,68.0,78.0,77.0,77.0,0.0,0.0,0.0,0.0,0.0,0.0
75,310.0,27.0,0.0,0.0,0.0,76.0,55.0,57.0,47.0,90.0,78.0,84.0,0.0,0.0,0.0,0.0,0.0,0.0
77,278.0,32.0,65.0,0.0,0.0,76.0,64.0,63.0,65.0,83.0,89.0,79.0,0.0,0.0,0.0,0.0,0.0,0.0
76,266.0,22.0,6.0,0.0,0.0,76.0,66.0,68.0,69.0,77.0,67.0,75.0,0.0,0.0,0.0,0.0,0.0,0.0
75,310.0,23.0,49.0,0.0,0.0,76.0,66.0,77.0,68.0,86.0,64.0,79.0,0.0,0.0,0.0,0.0,0.0,0.0
75,266.0,26.0,20.0,0.0,0.0,76.0,65.0,64.0,65.0,76.0,74.0,78.0,0.0,0.0,0.0,0.0,0.0,0.0
77,275.0,28.0,48.0,0.0,0.0,76.0,66.0,62.0,68.0,77.0,84.0,76.0,0.0,0.0,0.0,0.0,0.0,0.0
75,246.0,25.0,0.0,0.0,0.0,76.0,68.0,64.0,69.0,77.0,70.0,77.0,0.0,0.0,0.0,0.0,0.0,0.0
73,270.0,31.0,41.0,0.0,0.0,76.0,62.0,64.0,63.0,81.0,83.0,82.0,0.0,0.0,0.0,0.0,0.0,0.0
73,280.0,29.0,0.0,0.0,0.0,76.0,59.0,66.0,61.0,85.0,80.0,78.0,0.0,0.0,0.0,0.0,0.0,0.0
77,291.0,31.0,35.0,0.0,0.0,76.0,60.0,70.0,52.0,82.0,80.0,83.0,0.0,0.0,0.0,0.0,0.0,0.0
74,288.0,29.0,16.0,0.0,0.0,76.0,56.0,62.0,56.0,84.0,81.0,84.0,0.0,0.0,0.0,0.0,0.0,0.0
74,288.0,29.0,46.0,0.0,0.0,76.0,56.0,62.0,56.0,84.0,81.0,84.0,0.0,0.0,0.0,0.0,0.0,0.0
77,318.0,30.0,50.0,0.0,1.0,76.0,56.0,64.0,47.0,88.0,80.0,84.0,0.0,0.0,0.0,0.0,0.0,0.0
75,340.0,33.0,0.0,0.0,0.0,76.0,50.0,49.0,37.0,89.0,88.0,89.0,0.0,0.0,0.0,0.0,0.0,0.0
75,255.0,22.0,59.0,0.0,1.0,75.0,74.0,72.0,70.0,73.0,66.0,70.0,0.0,0.0,0.0,0.0,0.0,0.0
75,255.0,22.0,0.0,0.0,0.0,75.0,74.0,72.0,70.0,73.0,66.0,70.0,0.0,0.0,0.0,0.0,0.0,0.0
78,273.0,26.0,34.0,0.0,0.0,75.0,65.0,66.0,68.0,79.0,70.0,76.0,0.0,0.0,0.0,0.0,0.0,0.0
75,300.0,30.0,46.0,0.0,0.0,75.0,53.0,60.0,51.0,87.0,80.0,83.0,0.0,0.0,0.0,0.0,0.0,0.0
75,302.0,27.0,19.0,0.0,0.0,75.0,59.0,69.0,55.0,85.0,74.0,83.0,0.0,0.0,0.0,0.0,0.0,0.0
78,298.0,29.0,36.0,0.0,0.0,75.0,58.0,65.0,53.0,84.0,81.0,81.0,0.0,0.0,0.0,0.0,0.0,0.0
78,295.0,21.0,91.0,3.0,7.0,75.0,66.0,75.0,68.0,87.0,68.0,73.0,0.0,0.0,0.0,0.0,0.0,0.0
75,285.0,32.0,42.0,0.0,0.0,75.0,54.0,59.0,51.0,87.0,79.0,83.0,0.0,0.0,0.0,0.0,0.0,0.0
74,315.0,29.0,69.0,1.0,3.0,74.0,63.0,63.0,65.0,81.0,82.0,78.0,0.0,0.0,0.0,0.0,0.0,0.0
77,310.0,37.0,58.0,0.0,0.0,74.0,56.0,56.0,48.0,90.0,76.0,83.0,0.0,0.0,0.0,0.0,0.0,0.0
76,295.0,25.0,10.0,0.0,0.0,74.0,64.0,74.0,66.0,78.0,67.0,72.0,0.0,0.0,0.0,0.0,0.0,0.0
75,265.0,24.0,37.0,0.0,0.0,73.0,65.0,68.0,67.0,79.0,64.0,73.0,0.0,0.0,0.0,0.0,0.0,0.0
76,270.0,31.0,96.0,1.0,6.0,73.0,63.0,65.0,61.0,78.0,83.0,76.0,0.0,0.0,0.0,0.0,0.0,0.0
75,237.0,25.0,52.0,1.0,1.0,73.0,75.0,62.0,72.0,70.0,64.0,74.0,0.0,0.0,0.0,0.0,0.0,0.0
76,278.0,29.0,0.0,0.0,0.0,72.0,55.0,62.0,49.0,81.0,79.0,82.0,0.0,0.0,0.0,0.0,0.0,0.0
75,265.0,30.0,31.0,0.0,0.0,72.0,65.0,62.0,65.0,73.0,73.0,75.0,0.0,0.0,0.0,0.0,0.0,0.0
76,293.0,30.0,30.0,0.0,0.0,72.0,58.0,60.0,51.0,82.0,79.0,82.0,0.0,0.0,0.0,0.0,0.0,0.0
76,293.0,30.0,29.0,0.0,0.0,72.0,58.0,60.0,51.0,82.0,79.0,82.0,0.0,0.0,0.0,0.0,0.0,0.0
78,275.0,28.0,28.0,0.0,0.0,72.0,62.0,65.0,67.0,77.0,69.0,74.0,0.0,0.0,0.0,0.0,0.0,0.0
77,313.0,27.0,60.0,0.0,0.0,72.0,55.0,60.0,48.0,85.0,80.0,80.0,0.0,0.0,0.0,0.0,0.0,0.0
76,277.0,25.0,51.0,0.0,0.0,72.0,65.0,67.0,70.0,79.0,74.0,78.0,0.0,0.0,0.0,0.0,0.0,0.0
77,300.0,32.0,0.0,0.0,0.0,71.0,61.0,59.0,62.0,76.0,80.0,74.0,0.0,0.0,0.0,0.0,0.0,0.0
72,306.0,26.0,0.0,0.0,0.0,71.0,53.0,60.0,49.0,79.0,79.0,85.0,0.0,0.0,0.0,0.0,0.0,0.0
76,278.0,25.0,12.0,0.0,0.0,71.0,64.0,61.0,64.0,78.0,79.0,78.0,0.0,0.0,0.0,0.0,0.0,0.0
74,295.0,31.0,0.0,0.0,0.0,71.0,50.0,59.0,51.0,83.0,78.0,85.0,0.0,0.0,0.0,0.0,0.0,0.0
74,295.0,31.0,0.0,0.0,0.0,71.0,50.0,59.0,51.0,83.0,78.0,85.0,0.0,0.0,0.0,0.0,0.0,0.0
74,295.0,31.0,0.0,0.0,0.0,71.0,50.0,59.0,51.0,83.0,78.0,85.0,0.0,0.0,0.0,0.0,0.0,0.0
74,295.0,31.0,5.0,0.0,0.0,71.0,50.0,59.0,51.0,83.0,78.0,85.0,0.0,0.0,0.0,0.0,0.0,0.0
74,295.0,31.0,42.0,0.0,0.0,71.0,50.0,59.0,51.0,83.0,78.0,85.0,0.0,0.0,0.0,0.0,0.0,0.0
74,295.0,31.0,56.0,0.0,0.0,71.0,50.0,59.0,51.0,83.0,78.0,85.0,0.0,0.0,0.0,0.0,0.0,0.0
74,295.0,31.0,46.0,0.0,0.0,71.0,50.0,59.0,51.0,83.0,78.0,85.0,0.0,0.0,0.0,0.0,0.0,0.0
74,320.0,27.0,49.0,0.0,0.0,71.0,58.0,66.0,53.0,84.0,68.0,81.0,0.0,0.0,0.0,0.0,0.0,0.0
74,304.0,23.0,51.0,0.0,0.0,71.0,59.0,54.0,50.0,89.0,68.0,81.0,0.0,0.0,0.0,0.0,0.0,0.0
75,305.0,24.0,0.0,0.0,0.0,70.0,55.0,59.0,56.0,84.0,68.0,84.0,0.0,0.0,0.0,0.0,0.0,0.0
77,269.0,23.0,67.0,1.0,2.0,70.0,65.0,59.0,67.0,75.0,61.0,75.0,0.0,0.0,0.0,0.0,0.0,0.0
73,289.0,31.0,34.0,0.0,0.0,70.0,53.0,64.0,48.0,83.0,71.0,82.0,0.0,0.0,0.0,0.0,0.0,0.0
77,275.0,33.0,36.0,0.0,0.0,70.0,60.0,65.0,65.0,76.0,75.0,72.0,0.0,0.0,0.0,0.0,0.0,0.0
75,389.0,23.0,58.0,0.0,0.0,70.0,58.0,67.0,53.0,84.0,63.0,82.0,0.0,0.0,0.0,0.0,0.0,0.0
77,282.0,25.0,0.0,0.0,0.0,70.0,57.0,66.0,51.0,82.0,69.0,81.0,0.0,0.0,0.0,0.0,0.0,0.0
77,282.0,25.0,0.0,0.0,0.0,70.0,57.0,66.0,51.0,82.0,69.0,81.0,0.0,0.0,0.0,0.0,0.0,0.0
77,282.0,25.0,33.0,0.0,0.0,70.0,57.0,66.0,51.0,82.0,69.0,81.0,0.0,0.0,0.0,0.0,0.0,0.0
77,282.0,25.0,0.0,0.0,0.0,70.0,57.0,66.0,51.0,82.0,69.0,81.0,0.0,0.0,0.0,0.0,0.0,0.0
77,282.0,25.0,9.0,0.0,0.0,70.0,57.0,66.0,51.0,82.0,69.0,81.0,0.0,0.0,0.0,0.0,0.0,0.0
74,257.0,21.0,12.0,0.0,0.0,70.0,67.0,76.0,67.0,75.0,55.0,67.0,0.0,0.0,0.0,0.0,0.0,0.0
74,285.0,23.0,32.0,0.0,0.0,70.0,65.0,72.0,67.0,84.0,64.0,72.0,0.0,0.0,0.0,0.0,0.0,0.0
76,275.0,26.0,0.0,0.0,0.0,70.0,63.0,59.0,64.0,77.0,70.0,74.0,0.0,0.0,0.0,0.0,0.0,0.0
78,287.0,29.0,21.0,0.0,0.0,70.0,62.0,62.0,64.0,78.0,69.0,74.0,0.0,0.0,0.0,0.0,0.0,0.0
76,248.0,24.0,43.0,0.0,0.0,69.0,62.0,64.0,67.0,69.0,61.0,75.0,0.0,0.0,0.0,0.0,0.0,0.0
75,293.0,28.0,21.0,0.0,0.0,69.0,52.0,60.0,46.0,82.0,72.0,82.0,0.0,0.0,0.0,0.0,0.0,0.0
75,290.0,26.0,8.0,0.0,0.0,69.0,61.0,61.0,66.0,76.0,71.0,75.0,0.0,0.0,0.0,0.0,0.0,0.0
74,261.0,26.0,14.0,0.0,0.0,69.0,65.0,70.0,70.0,69.0,65.0,69.0,0.0,0.0,0.0,0.0,0.0,0.0
77,272.0,26.0,39.0,0.0,0.0,69.0,62.0,64.0,68.0,73.0,70.0,71.0,0.0,0.0,0.0,0.0,0.0,0.0
78,291.0,34.0,34.0,0.0,0.0,69.0,51.0,59.0,50.0,80.0,76.0,84.0,0.0,0.0,0.0,0.0,0.0,0.0
77,290.0,30.0,59.0,0.0,0.0,69.0,59.0,50.0,53.0,83.0,79.0,79.0,0.0,0.0,0.0,0.0,0.0,0.0
76,265.0,28.0,33.0,0.0,0.0,69.0,62.0,56.0,65.0,74.0,78.0,75.0,0.0,0.0,0.0,0.0,0.0,0.0
74,265.0,23.0,65.0,1.0,2.0,69.0,65.0,70.0,66.0,73.0,58.0,69.0,0.0,0.0,0.0,0.0,0.0,0.0
74,290.0,23.0,0.0,0.0,0.0,68.0,57.0,64.0,52.0,79.0,75.0,75.0,0.0,0.0,0.0,0.0,0.0,0.0
73,285.0,26.0,0.0,0.0,0.0,68.0,53.0,59.0,44.0,85.0,70.0,78.0,0.0,0.0,0.0,0.0,0.0,0.0
73,285.0,26.0,32.0,0.0,0.0,68.0,53.0,59.0,44.0,85.0,70.0,78.0,0.0,0.0,0.0,0.0,0.0,0.0
76,314.0,24.0,11.0,0.0,0.0,68.0,58.0,68.0,52.0,78.0,64.0,82.0,0.0,0.0,0.0,0.0,0.0,0.0
76,314.0,24.0,2.0,0.0,0.0,68.0,58.0,68.0,52.0,78.0,64.0,82.0,0.0,0.0,0.0,0.0,0.0,0.0
74,271.0,26.0,14.0,0.0,0.0,68.0,59.0,60.0,62.0,76.0,70.0,74.0,0.0,0.0,0.0,0.0,0.0,0.0
74,271.0,26.0,0.0,0.0,0.0,68.0,59.0,60.0,62.0,76.0,70.0,74.0,0.0,0.0,0.0,0.0,0.0,0.0
76,260.0,22.0,0.0,0.0,0.0,68.0,65.0,66.0,63.0,72.0,67.0,68.0,0.0,0.0,0.0,0.0,0.0,0.0
74,320.0,24.0,0.0,0.0,0.0,68.0,56.0,56.0,47.0,81.0,70.0,82.0,0.0,0.0,0.0,0.0,0.0,0.0
77,274.0,23.0,1.0,0.0,0.0,68.0,66.0,71.0,69.0,74.0,53.0,69.0,0.0,0.0,0.0,0.0,0.0,0.0
77,305.0,23.0,67.0,0.0,3.0,68.0,63.0,69.0,65.0,86.0,60.0,72.0,0.0,0.0,0.0,0.0,0.0,0.0
76,269.0,25.0,0.0,0.0,0.0,68.0,60.0,52.0,53.0,82.0,67.0,78.0,0.0,0.0,0.0,0.0,0.0,0.0
76,258.0,25.0,54.0,0.0,1.0,68.0,66.0,57.0,67.0,77.0,53.0,72.0,0.0,0.0,0.0,0.0,0.0,0.0
73,301.0,23.0,1.0,0.0,0.0,67.0,59.0,59.0,49.0,84.0,61.0,82.0,0.0,0.0,0.0,0.0,0.0,0.0
74,250.0,21.0,1.0,0.0,0.0,67.0,65.0,73.0,70.0,68.0,59.0,68.0,0.0,0.0,0.0,0.0,0.0,0.0
76,294.0,26.0,0.0,0.0,0.0,67.0,52.0,60.0,53.0,81.0,69.0,84.0,0.0,0.0,0.0,0.0,0.0,0.0
76,294.0,26.0,17.0,0.0,0.0,67.0,52.0,60.0,53.0,81.0,69.0,84.0,0.0,0.0,0.0,0.0,0.0,0.0
77,285.0,30.0,48.0,0.0,0.0,67.0,60.0,58.0,60.0,80.0,77.0,72.0,0.0,0.0,0.0,0.0,0.0,0.0
75,273.0,30.0,43.0,0.0,0.0,67.0,61.0,51.0,65.0,75.0,75.0,75.0,0.0,0.0,0.0,0.0,0.0,0.0
74,280.0,28.0,0.0,0.0,0.0,67.0,56.0,64.0,51.0,78.0,66.0,73.0,0.0,0.0,0.0,0.0,0.0,0.0
76,282.0,32.0,40.0,0.0,0.0,66.0,60.0,55.0,62.0,76.0,74.0,73.0,0.0,0.0,0.0,0.0,0.0,0.0
75,254.0,24.0,62.0,0.0,2.0,66.0,67.0,70.0,69.0,71.0,59.0,67.0,0.0,0.0,0.0,0.0,0.0,0.0
74,264.0,23.0,8.0,0.0,0.0,66.0,61.0,62.0,64.0,73.0,62.0,70.0,0.0,0.0,0.0,0.0,0.0,0.0
74,286.0,25.0,0.0,0.0,0.0,66.0,60.0,54.0,56.0,80.0,60.0,75.0,0.0,0.0,0.0,0.0,0.0,0.0
75,278.0,24.0,34.0,0.0,0.0,66.0,58.0,58.0,62.0,75.0,65.0,76.0,0.0,0.0,0.0,0.0,0.0,0.0
75,270.0,33.0,23.0,0.0,0.0,66.0,48.0,58.0,42.0,82.0,76.0,80.0,0.0,0.0,0.0,0.0,0.0,0.0
77,305.0,29.0,22.0,0.0,0.0,66.0,61.0,50.0,64.0,73.0,71.0,76.0,0.0,0.0,0.0,0.0,0.0,0.0
76,331.0,22.0,57.0,0.0,3.0,66.0,63.0,68.0,66.0,86.0,58.0,71.0,0.0,0.0,0.0,0.0,0.0,0.0
75,295.0,28.0,0.0,0.0,0.0,66.0,59.0,61.0,63.0,80.0,62.0,72.0,0.0,0.0,0.0,0.0,0.0,0.0
75,295.0,28.0,38.0,0.0,0.0,66.0,59.0,61.0,63.0,80.0,62.0,72.0,0.0,0.0,0.0,0.0,0.0,0.0
74,315.0,28.0,27.0,0.0,0.0,65.0,49.0,57.0,47.0,85.0,72.0,74.0,0.0,0.0,0.0,0.0,0.0,0.0
77,300.0,23.0,4.0,0.0,0.0,65.0,60.0,68.0,50.0,81.0,63.0,73.0,0.0,0.0,0.0,0.0,0.0,0.0
76,259.0,23.0,0.0,0.0,0.0,65.0,55.0,61.0,52.0,78.0,50.0,76.0,0.0,0.0,0.0,0.0,0.0,0.0
75,275.0,29.0,10.0,0.0,0.0,65.0,63.0,62.0,66.0,75.0,69.0,66.0,0.0,0.0,0.0,0.0,0.0,0.0
73,320.0,35.0,66.0,1.0,3.0,65.0,48.0,46.0,44.0,79.0,84.0,81.0,0.0,0.0,0.0,0.0,0.0,0.0
77,265.0,31.0,16.0,0.0,0.0,65.0,61.0,60.0,66.0,76.0,63.0,71.0,0.0,0.0,0.0,0.0,0.0,0.0
74,345.0,29.0,39.0,0.0,0.0,65.0,39.0,45.0,39.0,87.0,75.0,85.0,0.0,0.0,0.0,0.0,0.0,0.0
76,295.0,24.0,28.0,0.0,0.0,65.0,59.0,58.0,51.0,80.0,56.0,74.0,0.0,0.0,0.0,0.0,0.0,0.0
75,289.0,24.0,22.0,0.0,0.0,65.0,56.0,52.0,63.0,79.0,71.0,78.0,0.0,0.0,0.0,0.0,0.0,0.0
77,280.0,32.0,59.0,0.0,0.0,65.0,56.0,54.0,65.0,76.0,69.0,72.0,0.0,0.0,0.0,0.0,0.0,0.0
76,262.0,25.0,36.0,0.0,0.0,65.0,62.0,57.0,63.0,74.0,68.0,70.0,0.0,0.0,0.0,0.0,0.0,0.0
77,281.0,24.0,1.0,0.0,0.0,65.0,63.0,49.0,65.0,78.0,66.0,71.0,0.0,0.0,0.0,0.0,0.0,0.0
77,281.0,24.0,71.0,0.0,1.0,65.0,63.0,49.0,65.0,78.0,66.0,71.0,0.0,0.0,0.0,0.0,0.0,0.0
76,260.0,22.0,0.0,0.0,0.0,65.0,66.0,65.0,63.0,77.0,52.0,68.0,0.0,0.0,0.0,0.0,0.0,0.0
75,315.0,29.0,0.0,0.0,0.0,64.0,51.0,56.0,49.0,82.0,66.0,79.0,0.0,0.0,0.0,0.0,0.0,0.0
75,315.0,29.0,31.0,0.0,0.0,64.0,51.0,56.0,49.0,82.0,66.0,79.0,0.0,0.0,0.0,0.0,0.0,0.0
74,270.0,29.0,28.0,0.0,0.0,64.0,64.0,55.0,64.0,74.0,74.0,75.0,0.0,0.0,0.0,0.0,0.0,0.0
78,285.0,32.0,0.0,0.0,0.0,64.0,58.0,51.0,63.0,74.0,74.0,74.0,0.0,0.0,0.0,0.0,0.0,0.0
76,287.0,29.0,35.0,0.0,0.0,64.0,57.0,51.0,66.0,73.0,77.0,72.0,0.0,0.0,0.0,0.0,0.0,0.0
78,270.0,24.0,11.0,0.0,0.0,64.0,61.0,59.0,65.0,72.0,62.0,70.0,0.0,0.0,0.0,0.0,0.0,0.0
77,260.0,27.0,40.0,0.0,0.0,64.0,62.0,51.0,63.0,69.0,78.0,71.0,0.0,0.0,0.0,0.0,0.0,0.0
73,307.0,22.0,2.0,0.0,0.0,64.0,59.0,56.0,56.0,86.0,59.0,74.0,0.0,0.0,0.0,0.0,0.0,0.0
74,305.0,28.0,51.0,0.0,0.0,64.0,44.0,54.0,41.0,91.0,64.0,75.0,0.0,0.0,0.0,0.0,0.0,0.0
76,259.0,25.0,0.0,0.0,0.0,64.0,59.0,65.0,47.0,78.0,63.0,72.0,0.0,0.0,0.0,0.0,0.0,0.0
75,281.0,21.0,7.0,0.0,0.0,64.0,57.0,66.0,63.0,75.0,49.0,69.0,0.0,0.0,0.0,0.0,0.0,0.0
74,288.0,28.0,0.0,0.0,0.0,64.0,58.0,61.0,59.0,83.0,60.0,74.0,0.0,0.0,0.0,0.0,0.0,0.0
74,288.0,28.0,13.0,0.0,0.0,64.0,58.0,61.0,59.0,83.0,60.0,74.0,0.0,0.0,0.0,0.0,0.0,0.0
77,257.0,25.0,21.0,0.0,0.0,63.0,63.0,50.0,65.0,75.0,58.0,70.0,0.0,0.0,0.0,0.0,0.0,0.0
78,280.0,32.0,38.0,0.0,1.0,63.0,58.0,54.0,63.0,73.0,70.0,72.0,0.0,0.0,0.0,0.0,0.0,0.0
78,280.0,32.0,0.0,0.0,0.0,63.0,58.0,54.0,63.0,73.0,70.0,72.0,0.0,0.0,0.0,0.0,0.0,0.0
76,289.0,25.0,50.0,0.0,0.0,63.0,51.0,56.0,47.0,81.0,69.0,78.0,0.0,0.0,0.0,0.0,0.0,0.0
75,292.0,22.0,22.0,0.0,0.0,63.0,57.0,59.0,47.0,82.0,59.0,78.0,0.0,0.0,0.0,0.0,0.0,0.0
75,284.0,24.0,19.0,0.0,0.0,62.0,51.0,56.0,49.0,82.0,75.0,65.0,0.0,0.0,0.0,0.0,0.0,0.0
74,287.0,31.0,57.0,0.0,1.0,62.0,51.0,53.0,51.0,87.0,73.0,66.0,0.0,0.0,0.0,0.0,0.0,0.0
74,287.0,31.0,0.0,0.0,0.0,62.0,51.0,53.0,51.0,87.0,73.0,66.0,0.0,0.0,0.0,0.0,0.0,0.0
76,282.0,25.0,37.0,0.0,0.0,62.0,58.0,60.0,52.0,73.0,68.0,68.0,0.0,0.0,0.0,0.0,0.0,0.0
77,282.0,25.0,12.0,0.0,0.0,62.0,59.0,55.0,56.0,75.0,54.0,73.0,0.0,0.0,0.0,0.0,0.0,0.0
74,272.0,26.0,10.0,0.0,0.0,62.0,58.0,63.0,52.0,77.0,69.0,71.0,0.0,0.0,0.0,0.0,0.0,0.0
73,315.0,23.0,12.0,0.0,0.0,62.0,52.0,57.0,50.0,82.0,56.0,79.0,0.0,0.0,0.0,0.0,0.0,0.0
76,286.0,26.0,56.0,0.0,0.0,62.0,58.0,51.0,58.0,74.0,65.0,73.0,0.0,0.0,0.0,0.0,0.0,0.0
76,286.0,26.0,27.0,0.0,0.0,62.0,58.0,51.0,58.0,74.0,65.0,73.0,0.0,0.0,0.0,0.0,0.0,0.0
74,270.0,23.0,0.0,0.0,0.0,62.0,56.0,57.0,55.0,83.0,50.0,68.0,0.0,0.0,0.0,0.0,0.0,0.0
76,297.0,24.0,19.0,0.0,0.0,62.0,60.0,58.0,52.0,79.0,59.0,77.0,0.0,0.0,0.0,0.0,0.0,0.0
74,290.0,23.0,14.0,0.0,0.0,62.0,52.0,59.0,47.0,81.0,57.0,79.0,0.0,0.0,0.0,0.0,0.0,0.0
75,290.0,25.0,20.0,0.0,0.0,62.0,54.0,65.0,49.0,77.0,63.0,76.0,0.0,0.0,0.0,0.0,0.0,0.0
76,270.0,22.0,39.0,0.0,0.0,62.0,59.0,74.0,46.0,78.0,57.0,72.0,0.0,0.0,0.0,0.0,0.0,0.0
74,256.0,23.0,23.0,0.0,0.0,61.0,59.0,63.0,53.0,78.0,58.0,74.0,0.0,0.0,0.0,0.0,0.0,0.0
74,291.0,25.0,7.0,0.0,0.0,61.0,48.0,53.0,44.0,81.0,69.0,77.0,0.0,0.0,0.0,0.0,0.0,0.0
76,295.0,25.0,4.0,0.0,0.0,61.0,55.0,60.0,50.0,79.0,61.0,75.0,0.0,0.0,0.0,0.0,0.0,0.0
76,295.0,25.0,0.0,0.0,0.0,61.0,55.0,60.0,50.0,79.0,61.0,75.0,0.0,0.0,0.0,0.0,0.0,0.0
76,295.0,25.0,0.0,0.0,0.0,61.0,55.0,60.0,50.0,79.0,61.0,75.0,0.0,0.0,0.0,0.0,0.0,0.0
76,295.0,25.0,33.0,0.0,0.0,61.0,55.0,60.0,50.0,79.0,61.0,75.0,0.0,0.0,0.0,0.0,0.0,0.0
74,275.0,23.0,16.0,0.0,0.0,61.0,57.0,70.0,53.0,78.0,55.0,72.0,0.0,0.0,0.0,0.0,0.0,0.0
75,272.0,23.0,12.0,0.0,0.0,61.0,57.0,47.0,60.0,77.0,56.0,74.0,0.0,0.0,0.0,0.0,0.0,0.0
74,286.0,29.0,6.0,0.0,0.0,61.0,58.0,59.0,51.0,80.0,62.0,75.0,0.0,0.0,0.0,0.0,0.0,0.0
74,280.0,24.0,0.0,0.0,0.0,61.0,50.0,57.0,41.0,79.0,59.0,76.0,0.0,0.0,0.0,0.0,0.0,0.0
76,244.0,24.0,0.0,0.0,0.0,61.0,60.0,59.0,59.0,69.0,54.0,70.0,0.0,0.0,0.0,0.0,0.0,0.0
76,300.0,23.0,4.0,0.0,0.0,61.0,58.0,60.0,52.0,79.0,57.0,76.0,0.0,0.0,0.0,0.0,0.0,0.0
78,305.0,26.0,30.0,0.0,0.0,61.0,51.0,59.0,51.0,82.0,60.0,76.0,0.0,0.0,0.0,0.0,0.0,0.0
76,280.0,24.0,18.0,0.0,0.0,61.0,62.0,58.0,60.0,77.0,60.0,66.0,0.0,0.0,0.0,0.0,0.0,0.0
75,280.0,28.0,0.0,0.0,0.0,61.0,58.0,50.0,63.0,79.0,68.0,70.0,0.0,0.0,0.0,0.0,0.0,0.0
74,275.0,22.0,1.0,0.0,0.0,61.0,60.0,54.0,66.0,74.0,53.0,68.0,0.0,0.0,0.0,0.0,0.0,0.0
74,300.0,30.0,40.0,0.0,0.0,61.0,48.0,55.0,44.0,81.0,68.0,76.0,0.0,0.0,0.0,0.0,0.0,0.0
76,263.0,22.0,0.0,0.0,0.0,61.0,58.0,66.0,59.0,78.0,47.0,65.0,0.0,0.0,0.0,0.0,0.0,0.0
79,309.0,25.0,1.0,0.0,0.0,60.0,61.0,54.0,65.0,73.0,51.0,67.0,0.0,0.0,0.0,0.0,0.0,0.0
75,305.0,24.0,23.0,0.0,0.0,60.0,57.0,56.0,51.0,84.0,52.0,76.0,0.0,0.0,0.0,0.0,0.0,0.0
74,288.0,22.0,37.0,0.0,0.0,60.0,58.0,68.0,63.0,88.0,48.0,66.0,0.0,0.0,0.0,0.0,0.0,0.0
75,239.0,25.0,0.0,0.0,0.0,60.0,61.0,48.0,59.0,76.0,52.0,71.0,0.0,0.0,0.0,0.0,0.0,0.0
74,305.0,22.0,13.0,0.0,0.0,60.0,59.0,68.0,65.0,85.0,50.0,66.0,0.0,0.0,0.0,0.0,0.0,0.0
77,296.0,22.0,4.0,0.0,0.0,60.0,55.0,58.0,45.0,80.0,56.0,68.0,0.0,0.0,0.0,0.0,0.0,0.0
75,305.0,23.0,7.0,0.0,0.0,60.0,57.0,67.0,61.0,81.0,58.0,67.0,0.0,0.0,0.0,0.0,0.0,0.0
74,305.0,27.0,28.0,0.0,0.0,60.0,47.0,53.0,42.0,81.0,71.0,74.0,0.0,0.0,0.0,0.0,0.0,0.0
76,299.0,25.0,2.0,0.0,0.0,60.0,51.0,61.0,44.0,79.0,55.0,78.0,0.0,0.0,0.0,0.0,0.0,0.0
75,283.0,25.0,55.0,0.0,0.0,60.0,57.0,57.0,54.0,74.0,69.0,70.0,0.0,0.0,0.0,0.0,0.0,0.0
74,309.0,22.0,58.0,0.0,0.0,60.0,60.0,63.0,66.0,84.0,51.0,70.0,0.0,0.0,0.0,0.0,0.0,0.0
73,320.0,25.0,0.0,0.0,0.0,60.0,54.0,60.0,44.0,80.0,57.0,78.0,0.0,0.0,0.0,0.0,0.0,0.0
75,288.0,24.0,7.0,0.0,0.0,60.0,64.0,69.0,64.0,75.0,57.0,68.0,0.0,0.0,0.0,0.0,0.0,0.0
73,277.0,22.0,24.0,0.0,0.0,60.0,57.0,57.0,53.0,80.0,56.0,76.0,0.0,0.0,0.0,0.0,0.0,0.0
76,318.0,26.0,26.0,0.0,0.0,59.0,53.0,54.0,44.0,80.0,62.0,77.0,0.0,0.0,0.0,0.0,0.0,0.0
77,297.0,24.0,3.0,0.0,0.0,59.0,55.0,62.0,53.0,79.0,54.0,74.0,0.0,0.0,0.0,0.0,0.0,0.0
78,277.0,30.0,19.0,0.0,0.0,59.0,57.0,57.0,58.0,73.0,65.0,68.0,0.0,0.0,0.0,0.0,0.0,0.0
77,280.0,28.0,0.0,0.0,0.0,59.0,56.0,46.0,62.0,71.0,55.0,75.0,0.0,0.0,0.0,0.0,0.0,0.0
75,294.0,24.0,0.0,0.0,0.0,59.0,52.0,57.0,52.0,78.0,59.0,75.0,0.0,0.0,0.0,0.0,0.0,0.0
75,294.0,23.0,1.0,0.0,0.0,59.0,60.0,68.0,65.0,81.0,55.0,66.0,0.0,0.0,0.0,0.0,0.0,0.0
76,277.0,24.0,1.0,0.0,0.0,58.0,59.0,47.0,58.0,75.0,57.0,70.0,0.0,0.0,0.0,0.0,0.0,0.0
76,307.0,31.0,38.0,0.0,0.0,58.0,42.0,55.0,47.0,81.0,65.0,75.0,0.0,0.0,0.0,0.0,0.0,0.0
76,280.0,31.0,0.0,0.0,0.0,58.0,49.0,54.0,46.0,80.0,68.0,71.0,0.0,0.0,0.0,0.0,0.0,0.0
76,257.0,29.0,0.0,0.0,0.0,58.0,57.0,48.0,57.0,70.0,66.0,71.0,0.0,0.0,0.0,0.0,0.0,0.0
76,257.0,29.0,7.0,0.0,0.0,58.0,57.0,48.0,57.0,70.0,66.0,71.0,0.0,0.0,0.0,0.0,0.0,0.0
74,255.0,23.0,31.0,0.0,0.0,58.0,63.0,48.0,64.0,69.0,56.0,68.0,0.0,0.0,0.0,0.0,0.0,0.0
73,265.0,26.0,49.0,0.0,0.0,58.0,54.0,56.0,61.0,71.0,71.0,70.0,0.0,0.0,0.0,0.0,0.0,0.0
76,275.0,0.0,2.0,0.0,0.0,58.0,65.0,0.0,0.0,68.0,0.0,0.0,0.0,0.0,0.0,0.0,0.0,0.0
76,312.0,23.0,51.0,0.0,0.0,58.0,51.0,57.0,44.0,82.0,51.0,77.0,0.0,0.0,0.0,0.0,0.0,0.0
72,306.0,23.0,0.0,0.0,0.0,58.0,57.0,59.0,65.0,85.0,53.0,65.0,0.0,0.0,0.0,0.0,0.0,0.0
76,270.0,27.0,0.0,0.0,0.0,57.0,59.0,55.0,60.0,71.0,56.0,68.0,0.0,0.0,0.0,0.0,0.0,0.0
73,319.0,22.0,7.0,0.0,0.0,57.0,53.0,59.0,56.0,81.0,52.0,72.0,0.0,0.0,0.0,0.0,0.0,0.0
73,319.0,22.0,14.0,0.0,0.0,57.0,53.0,59.0,56.0,81.0,52.0,72.0,0.0,0.0,0.0,0.0,0.0,0.0
74,316.0,23.0,0.0,0.0,0.0,57.0,57.0,57.0,58.0,78.0,55.0,73.0,0.0,0.0,0.0,0.0,0.0,0.0
75,277.0,23.0,14.0,0.0,0.0,57.0,61.0,48.0,60.0,72.0,59.0,67.0,0.0,0.0,0.0,0.0,0.0,0.0
73,277.0,33.0,35.0,0.0,0.0,57.0,52.0,51.0,50.0,79.0,60.0,73.0,0.0,0.0,0.0,0.0,0.0,0.0
77,310.0,31.0,0.0,0.0,0.0,57.0,40.0,56.0,45.0,80.0,66.0,73.0,0.0,0.0,0.0,0.0,0.0,0.0
78,260.0,25.0,0.0,0.0,0.0,57.0,60.0,52.0,62.0,76.0,54.0,66.0,0.0,0.0,0.0,0.0,0.0,0.0
74,271.0,24.0,0.0,0.0,0.0,57.0,60.0,51.0,56.0,73.0,58.0,66.0,0.0,0.0,0.0,0.0,0.0,0.0
74,271.0,24.0,0.0,0.0,0.0,57.0,60.0,51.0,56.0,73.0,58.0,66.0,0.0,0.0,0.0,0.0,0.0,0.0
74,271.0,24.0,0.0,0.0,0.0,57.0,60.0,51.0,56.0,73.0,58.0,66.0,0.0,0.0,0.0,0.0,0.0,0.0
74,333.0,24.0,1.0,0.0,0.0,57.0,55.0,64.0,55.0,84.0,54.0,66.0,0.0,0.0,0.0,0.0,0.0,0.0
74,285.0,24.0,6.0,0.0,0.0,57.0,52.0,49.0,57.0,75.0,51.0,70.0,0.0,0.0,0.0,0.0,0.0,0.0
76,275.0,29.0,0.0,0.0,0.0,56.0,58.0,48.0,61.0,78.0,58.0,65.0,0.0,0.0,0.0,0.0,0.0,0.0
78,288.0,26.0,14.0,0.0,0.0,56.0,50.0,57.0,44.0,79.0,52.0,71.0,0.0,0.0,0.0,0.0,0.0,0.0
76,247.0,24.0,1.0,0.0,0.0,56.0,58.0,46.0,58.0,76.0,59.0,68.0,0.0,0.0,0.0,0.0,0.0,0.0
76,265.0,24.0,3.0,0.0,0.0,56.0,59.0,48.0,62.0,72.0,51.0,67.0,0.0,0.0,0.0,0.0,0.0,0.0
77,297.0,25.0,2.0,0.0,0.0,56.0,57.0,51.0,57.0,80.0,56.0,72.0,0.0,0.0,0.0,0.0,0.0,0.0
77,275.0,28.0,11.0,0.0,0.0,56.0,58.0,52.0,57.0,75.0,64.0,66.0,0.0,0.0,0.0,0.0,0.0,0.0
74,287.0,23.0,12.0,0.0,0.0,56.0,64.0,60.0,63.0,77.0,54.0,66.0,0.0,0.0,0.0,0.0,0.0,0.0
75,287.0,25.0,0.0,0.0,0.0,56.0,52.0,57.0,50.0,80.0,57.0,71.0,0.0,0.0,0.0,0.0,0.0,0.0
75,280.0,29.0,0.0,0.0,0.0,56.0,57.0,52.0,49.0,75.0,73.0,64.0,0.0,0.0,0.0,0.0,0.0,0.0
79,281.0,28.0,0.0,0.0,0.0,56.0,62.0,49.0,64.0,67.0,58.0,64.0,0.0,0.0,0.0,0.0,0.0,0.0
75,275.0,27.0,12.0,0.0,0.0,56.0,51.0,47.0,56.0,72.0,66.0,71.0,0.0,0.0,0.0,0.0,0.0,0.0
76,300.0,25.0,3.0,0.0,0.0,55.0,51.0,54.0,51.0,88.0,49.0,67.0,0.0,0.0,0.0,0.0,0.0,0.0
76,292.0,27.0,0.0,0.0,0.0,55.0,59.0,52.0,59.0,69.0,55.0,66.0,0.0,0.0,0.0,0.0,0.0,0.0
76,292.0,27.0,42.0,0.0,0.0,55.0,59.0,52.0,59.0,69.0,55.0,66.0,0.0,0.0,0.0,0.0,0.0,0.0
76,271.0,23.0,0.0,0.0,0.0,55.0,58.0,60.0,62.0,75.0,46.0,63.0,0.0,0.0,0.0,0.0,0.0,0.0
79,300.0,30.0,0.0,0.0,0.0,55.0,50.0,47.0,56.0,74.0,52.0,70.0,0.0,0.0,0.0,0.0,0.0,0.0
76,293.0,23.0,0.0,0.0,0.0,55.0,51.0,61.0,60.0,85.0,54.0,63.0,0.0,0.0,0.0,0.0,0.0,0.0
77,299.0,24.0,4.0,0.0,0.0,55.0,50.0,58.0,51.0,78.0,60.0,65.0,0.0,0.0,0.0,0.0,0.0,0.0
77,292.0,36.0,89.0,2.0,2.0,54.0,59.0,43.0,54.0,73.0,84.0,65.0,0.0,0.0,0.0,0.0,0.0,0.0
78,276.0,23.0,1.0,0.0,0.0,54.0,64.0,72.0,63.0,74.0,44.0,68.0,0.0,0.0,0.0,0.0,0.0,0.0
75,280.0,29.0,19.0,0.0,0.0,54.0,56.0,55.0,63.0,72.0,59.0,64.0,0.0,0.0,0.0,0.0,0.0,0.0
77,284.0,28.0,0.0,0.0,0.0,54.0,55.0,48.0,60.0,72.0,52.0,65.0,0.0,0.0,0.0,0.0,0.0,0.0
77,300.0,26.0,0.0,0.0,0.0,54.0,47.0,54.0,44.0,79.0,56.0,74.0,0.0,0.0,0.0,0.0,0.0,0.0
74,290.0,27.0,3.0,0.0,0.0,54.0,51.0,52.0,45.0,77.0,58.0,74.0,0.0,0.0,0.0,0.0,0.0,0.0
73,274.0,22.0,3.0,0.0,0.0,54.0,57.0,53.0,59.0,79.0,51.0,67.0,0.0,0.0,0.0,0.0,0.0,0.0
75,285.0,27.0,0.0,0.0,0.0,54.0,58.0,50.0,60.0,70.0,56.0,65.0,0.0,0.0,0.0,0.0,0.0,0.0
74,295.0,25.0,0.0,0.0,0.0,54.0,52.0,55.0,50.0,80.0,51.0,71.0,0.0,0.0,0.0,0.0,0.0,0.0
76,305.0,26.0,39.0,0.0,0.0,53.0,51.0,54.0,50.0,77.0,60.0,69.0,0.0,0.0,0.0,0.0,0.0,0.0
74,318.0,22.0,8.0,0.0,0.0,53.0,55.0,64.0,59.0,77.0,48.0,68.0,0.0,0.0,0.0,0.0,0.0,0.0
76,285.0,25.0,11.0,0.0,0.0,53.0,54.0,50.0,60.0,74.0,53.0,64.0,0.0,0.0,0.0,0.0,0.0,0.0
74,305.0,24.0,0.0,0.0,0.0,53.0,45.0,54.0,45.0,80.0,55.0,71.0,0.0,0.0,0.0,0.0,0.0,0.0
74,305.0,24.0,0.0,0.0,0.0,53.0,45.0,54.0,45.0,80.0,55.0,71.0,0.0,0.0,0.0,0.0,0.0,0.0
77,281.0,28.0,11.0,0.0,0.0,52.0,55.0,54.0,57.0,73.0,58.0,61.0,0.0,0.0,0.0,0.0,0.0,0.0
74,285.0,26.0,0.0,0.0,0.0,52.0,54.0,45.0,58.0,75.0,55.0,67.0,0.0,0.0,0.0,0.0,0.0,0.0
74,285.0,26.0,0.0,0.0,0.0,52.0,46.0,56.0,42.0,78.0,55.0,69.0,0.0,0.0,0.0,0.0,0.0,0.0
75,310.0,22.0,3.0,0.0,0.0,52.0,57.0,68.0,64.0,76.0,49.0,61.0,0.0,0.0,0.0,0.0,0.0,0.0
77,280.0,23.0,30.0,0.0,0.0,52.0,54.0,55.0,59.0,68.0,50.0,62.0,0.0,0.0,0.0,0.0,0.0,0.0
76,295.0,0.0,3.0,0.0,0.0,51.0,53.0,0.0,0.0,78.0,0.0,0.0,0.0,0.0,0.0,0.0,0.0,0.0
75,267.0,22.0,13.0,0.0,0.0,51.0,63.0,61.0,64.0,72.0,46.0,69.0,0.0,0.0,0.0,0.0,0.0,0.0
74,288.0,24.0,34.0,0.0,0.0,51.0,41.0,50.0,40.0,79.0,62.0,69.0,0.0,0.0,0.0,0.0,0.0,0.0
74,260.0,23.0,39.0,0.0,0.0,51.0,50.0,55.0,51.0,79.0,49.0,69.0,0.0,0.0,0.0,0.0,0.0,0.0
74,298.0,26.0,12.0,0.0,0.0,50.0,44.0,50.0,43.0,78.0,55.0,70.0,0.0,0.0,0.0,0.0,0.0,0.0
74,310.0,25.0,7.0,0.0,0.0,50.0,50.0,51.0,43.0,80.0,49.0,71.0,0.0,0.0,0.0,0.0,0.0,0.0
76,275.0,31.0,9.0,0.0,0.0,50.0,53.0,49.0,58.0,71.0,50.0,65.0,0.0,0.0,0.0,0.0,0.0,0.0
76,285.0,27.0,14.0,0.0,0.0,50.0,57.0,46.0,57.0,70.0,56.0,63.0,0.0,0.0,0.0,0.0,0.0,0.0
77,290.0,29.0,0.0,0.0,0.0,48.0,55.0,49.0,57.0,68.0,53.0,62.0,0.0,0.0,0.0,0.0,0.0,0.0
74,260.0,24.0,37.0,0.0,1.0,48.0,51.0,60.0,51.0,72.0,49.0,67.0,0.0,0.0,0.0,0.0,0.0,0.0
77,292.0,26.0,5.0,0.0,0.0,46.0,55.0,48.0,51.0,68.0,47.0,58.0,0.0,0.0,0.0,0.0,0.0,0.0
77,295.0,26.0,0.0,0.0,0.0,45.0,54.0,51.0,52.0,78.0,49.0,60.0,0.0,0.0,0.0,0.0,0.0,0.0
78,265.0,29.0,0.0,0.0,0.0,44.0,51.0,47.0,53.0,69.0,52.0,60.0,0.0,0.0,0.0,0.0,0.0,0.0
77,278.0,30.0,0.0,0.0,0.0,42.0,56.0,46.0,55.0,69.0,51.0,55.0,0.0,0.0,0.0,0.0,0.0,0.0
0,0.0,0.0,4.0,0.0,0.0,74.0,0.0,0.0,0.0,0.0,0.0,0.0,0.0,0.0,0.0,0.0,0.0,0.0
0,0.0,0.0,0.0,0.0,0.0,69.0,0.0,0.0,0.0,0.0,0.0,0.0,0.0,0.0,0.0,0.0,0.0,0.0
0,0.0,0.0,27.0,0.0,0.0,66.0,0.0,0.0,0.0,0.0,0.0,0.0,0.0,0.0,0.0,0.0,0.0,0.0
0,0.0,0.0,3.0,0.0,0.0,66.0,0.0,0.0,0.0,0.0,0.0,0.0,0.0,0.0,0.0,0.0,0.0,0.0
0,0.0,0.0,27.0,0.0,0.0,66.0,0.0,0.0,0.0,0.0,0.0,0.0,0.0,0.0,0.0,0.0,0.0,0.0
0,0.0,0.0,0.0,0.0,0.0,66.0,0.0,0.0,0.0,0.0,0.0,0.0,0.0,0.0,0.0,0.0,0.0,0.0
0,0.0,0.0,5.0,0.0,0.0,66.0,0.0,0.0,0.0,0.0,0.0,0.0,0.0,0.0,0.0,0.0,0.0,0.0
0,0.0,0.0,0.0,0.0,0.0,58.0,0.0,0.0,0.0,0.0,0.0,0.0,0.0,0.0,0.0,0.0,0.0,0.0
0,0.0,0.0,4.0,0.0,0.0,56.0,0.0,0.0,0.0,0.0,0.0,0.0,0.0,0.0,0.0,0.0,0.0,0.0
0,0.0,0.0,4.0,0.0,0.0,56.0,0.0,0.0,0.0,0.0,0.0,0.0,0.0,0.0,0.0,0.0,0.0,0.0
0,0.0,0.0,0.0,0.0,0.0,56.0,0.0,0.0,0.0,0.0,0.0,0.0,0.0,0.0,0.0,0.0,0.0,0.0
0,0.0,0.0,0.0,0.0,0.0,56.0,0.0,0.0,0.0,0.0,0.0,0.0,0.0,0.0,0.0,0.0,0.0,0.0
0,0.0,0.0,33.0,0.0,0.0,56.0,0.0,0.0,0.0,0.0,0.0,0.0,0.0,0.0,0.0,0.0,0.0,0.0
0,0.0,0.0,13.0,0.0,0.0,52.0,0.0,0.0,0.0,0.0,0.0,0.0,0.0,0.0,0.0,0.0,0.0,0.0
0,0.0,0.0,7.0,0.0,0.0,51.0,0.0,0.0,0.0,0.0,0.0,0.0,0.0,0.0,0.0,0.0,0.0,0.0
0,0.0,0.0,14.0,0.0,0.0,51.0,0.0,0.0,0.0,0.0,0.0,0.0,0.0,0.0,0.0,0.0,0.0,0.0
0,0.0,0.0,0.0,0.0,0.0,51.0,0.0,0.0,0.0,0.0,0.0,0.0,0.0,0.0,0.0,0.0,0.0,0.0
0,0.0,0.0,13.0,0.0,0.0,50.0,0.0,0.0,0.0,0.0,0.0,0.0,0.0,0.0,0.0,0.0,0.0,0.0
0,0.0,0.0,0.0,0.0,0.0,69.0,0.0,0.0,0.0,0.0,0.0,0.0,0.0,0.0,0.0,0.0,0.0,0.0
0,0.0,0.0,41.0,0.0,0.0,69.0,0.0,0.0,0.0,0.0,0.0,0.0,0.0,0.0,0.0,0.0,0.0,0.0
0,0.0,0.0,36.0,0.0,0.0,64.0,0.0,0.0,0.0,0.0,0.0,0.0,0.0,0.0,0.0,0.0,0.0,0.0
0,0.0,0.0,0.0,0.0,0.0,64.0,0.0,0.0,0.0,0.0,0.0,0.0,0.0,0.0,0.0,0.0,0.0,0.0
0,0.0,0.0,40.0,0.0,0.0,62.0,0.0,0.0,0.0,0.0,0.0,0.0,0.0,0.0,0.0,0.0,0.0,0.0
0,0.0,0.0,0.0,0.0,0.0,57.0,0.0,0.0,0.0,0.0,0.0,0.0,0.0,0.0,0.0,0.0,0.0,0.0
0,0.0,0.0,28.0,0.0,0.0,55.0,0.0,0.0,0.0,0.0,0.0,0.0,0.0,0.0,0.0,0.0,0.0,0.0
0,0.0,0.0,54.0,0.0,2.0,90.0,0.0,0.0,0.0,0.0,0.0,0.0,0.0,0.0,0.0,0.0,0.0,0.0
0,0.0,0.0,41.0,0.0,0.0,68.0,0.0,0.0,0.0,0.0,0.0,0.0,0.0,0.0,0.0,0.0,0.0,0.0
0,0.0,0.0,61.0,0.0,0.0,60.0,0.0,0.0,0.0,0.0,0.0,0.0,0.0,0.0,0.0,0.0,0.0,0.0
0,0.0,0.0,0.0,0.0,0.0,50.0,0.0,0.0,0.0,0.0,0.0,0.0,0.0,0.0,0.0,0.0,0.0,0.0
0,0.0,0.0,0.0,0.0,0.0,48.0,0.0,0.0,0.0,0.0,0.0,0.0,0.0,0.0,0.0,0.0,0.0,0.0
0,0.0,0.0,0.0,0.0,0.0,45.0,0.0,0.0,0.0,0.0,0.0,0.0,0.0,0.0,0.0,0.0,0.0,0.0
0,0.0,0.0,0.0,0.0,0.0,84.0,0.0,0.0,0.0,0.0,0.0,0.0,0.0,0.0,0.0,0.0,0.0,0.0
0,0.0,0.0,62.0,0.0,2.0,69.0,0.0,0.0,0.0,0.0,0.0,0.0,0.0,0.0,0.0,0.0,0.0,0.0
0,0.0,0.0,0.0,0.0,0.0,68.0,0.0,0.0,0.0,0.0,0.0,0.0,0.0,0.0,0.0,0.0,0.0,0.0
0,0.0,0.0,26.0,0.0,0.0,64.0,0.0,0.0,0.0,0.0,0.0,0.0,0.0,0.0,0.0,0.0,0.0,0.0
0,0.0,0.0,0.0,0.0,0.0,62.0,0.0,0.0,0.0,0.0,0.0,0.0,0.0,0.0,0.0,0.0,0.0,0.0
0,0.0,0.0,23.0,0.0,0.0,61.0,0.0,0.0,0.0,0.0,0.0,0.0,0.0,0.0,0.0,0.0,0.0,0.0
0,0.0,0.0,37.0,0.0,0.0,60.0,0.0,0.0,0.0,0.0,0.0,0.0,0.0,0.0,0.0,0.0,0.0,0.0
0,0.0,0.0,0.0,0.0,0.0,54.0,0.0,0.0,0.0,0.0,0.0,0.0,0.0,0.0,0.0,0.0,0.0,0.0
0,0.0,0.0,1.0,0.0,0.0,53.0,0.0,0.0,0.0,0.0,0.0,0.0,0.0,0.0,0.0,0.0,0.0,0.0
0,0.0,0.0,130.0,3.0,9.0,83.0,0.0,0.0,0.0,0.0,0.0,0.0,0.0,0.0,0.0,0.0,0.0,0.0
0,0.0,0.0,54.0,0.0,1.0,73.0,0.0,0.0,0.0,0.0,0.0,0.0,0.0,0.0,0.0,0.0,0.0,0.0
0,0.0,0.0,50.0,0.0,1.0,69.0,0.0,0.0,0.0,0.0,0.0,0.0,0.0,0.0,0.0,0.0,0.0,0.0
0,0.0,0.0,68.0,2.0,4.0,64.0,0.0,0.0,0.0,0.0,0.0,0.0,0.0,0.0,0.0,0.0,0.0,0.0
0,0.0,0.0,4.0,0.0,0.0,64.0,0.0,0.0,0.0,0.0,0.0,0.0,0.0,0.0,0.0,0.0,0.0,0.0
0,0.0,0.0,30.0,0.0,0.0,64.0,0.0,0.0,0.0,0.0,0.0,0.0,0.0,0.0,0.0,0.0,0.0,0.0
0,0.0,0.0,51.0,0.0,0.0,64.0,0.0,0.0,0.0,0.0,0.0,0.0,0.0,0.0,0.0,0.0,0.0,0.0
0,0.0,0.0,1.0,0.0,0.0,57.0,0.0,0.0,0.0,0.0,0.0,0.0,0.0,0.0,0.0,0.0,0.0,0.0
0,0.0,0.0,0.0,0.0,0.0,46.0,0.0,0.0,0.0,0.0,0.0,0.0,0.0,0.0,0.0,0.0,0.0,0.0
0,0.0,0.0,49.0,0.0,0.0,88.0,0.0,0.0,0.0,0.0,0.0,0.0,0.0,0.0,0.0,0.0,0.0,0.0
0,0.0,0.0,89.0,1.0,4.0,88.0,0.0,0.0,0.0,0.0,0.0,0.0,0.0,0.0,0.0,0.0,0.0,0.0
0,0.0,0.0,60.0,0.0,0.0,84.0,0.0,0.0,0.0,0.0,0.0,0.0,0.0,0.0,0.0,0.0,0.0,0.0
0,0.0,0.0,68.0,0.0,0.0,76.0,0.0,0.0,0.0,0.0,0.0,0.0,0.0,0.0,0.0,0.0,0.0,0.0
0,0.0,0.0,20.0,0.0,0.0,75.0,0.0,0.0,0.0,0.0,0.0,0.0,0.0,0.0,0.0,0.0,0.0,0.0
0,0.0,0.0,0.0,0.0,0.0,73.0,0.0,0.0,0.0,0.0,0.0,0.0,0.0,0.0,0.0,0.0,0.0,0.0
0,0.0,0.0,23.0,0.0,0.0,71.0,0.0,0.0,0.0,0.0,0.0,0.0,0.0,0.0,0.0,0.0,0.0,0.0
0,0.0,0.0,59.0,0.0,0.0,69.0,0.0,0.0,0.0,0.0,0.0,0.0,0.0,0.0,0.0,0.0,0.0,0.0
0,0.0,0.0,1.0,0.0,0.0,59.0,0.0,0.0,0.0,0.0,0.0,0.0,0.0,0.0,0.0,0.0,0.0,0.0
0,0.0,0.0,4.0,0.0,0.0,49.0,0.0,0.0,0.0,0.0,0.0,0.0,0.0,0.0,0.0,0.0,0.0,0.0
0,0.0,0.0,101.0,1.0,5.0,89.0,0.0,0.0,0.0,0.0,0.0,0.0,0.0,0.0,0.0,0.0,0.0,0.0
0,0.0,0.0,0.0,0.0,0.0,89.0,0.0,0.0,0.0,0.0,0.0,0.0,0.0,0.0,0.0,0.0,0.0,0.0
0,0.0,0.0,14.0,0.0,0.0,75.0,0.0,0.0,0.0,0.0,0.0,0.0,0.0,0.0,0.0,0.0,0.0,0.0
0,0.0,0.0,0.0,0.0,0.0,63.0,0.0,0.0,0.0,0.0,0.0,0.0,0.0,0.0,0.0,0.0,0.0,0.0
0,0.0,0.0,32.0,0.0,0.0,63.0,0.0,0.0,0.0,0.0,0.0,0.0,0.0,0.0,0.0,0.0,0.0,0.0
0,0.0,0.0,27.0,0.0,0.0,63.0,0.0,0.0,0.0,0.0,0.0,0.0,0.0,0.0,0.0,0.0,0.0,0.0
0,0.0,0.0,0.0,0.0,0.0,60.0,0.0,0.0,0.0,0.0,0.0,0.0,0.0,0.0,0.0,0.0,0.0,0.0
0,0.0,0.0,8.0,0.0,0.0,55.0,0.0,0.0,0.0,0.0,0.0,0.0,0.0,0.0,0.0,0.0,0.0,0.0
0,0.0,0.0,0.0,0.0,0.0,54.0,0.0,0.0,0.0,0.0,0.0,0.0,0.0,0.0,0.0,0.0,0.0,0.0
0,0.0,0.0,11.0,0.0,0.0,37.0,0.0,0.0,0.0,0.0,0.0,0.0,0.0,0.0,0.0,0.0,0.0,0.0
0,0.0,0.0,9.0,0.0,0.0,32.0,0.0,0.0,0.0,0.0,0.0,0.0,0.0,0.0,0.0,0.0,0.0,0.0
0,0.0,0.0,27.0,0.0,0.0,93.0,0.0,0.0,0.0,0.0,0.0,0.0,0.0,0.0,0.0,0.0,0.0,0.0
0,0.0,0.0,2.0,0.0,0.0,93.0,0.0,0.0,0.0,0.0,0.0,0.0,0.0,0.0,0.0,0.0,0.0,0.0
0,0.0,0.0,49.0,0.0,0.0,84.0,0.0,0.0,0.0,0.0,0.0,0.0,0.0,0.0,0.0,0.0,0.0,0.0
0,0.0,0.0,51.0,0.0,0.0,74.0,0.0,0.0,0.0,0.0,0.0,0.0,0.0,0.0,0.0,0.0,0.0,0.0
0,0.0,0.0,54.0,0.0,0.0,73.0,0.0,0.0,0.0,0.0,0.0,0.0,0.0,0.0,0.0,0.0,0.0,0.0
0,0.0,0.0,0.0,0.0,0.0,69.0,0.0,0.0,0.0,0.0,0.0,0.0,0.0,0.0,0.0,0.0,0.0,0.0
0,0.0,0.0,17.0,0.0,0.0,69.0,0.0,0.0,0.0,0.0,0.0,0.0,0.0,0.0,0.0,0.0,0.0,0.0
0,0.0,0.0,22.0,0.0,0.0,51.0,0.0,0.0,0.0,0.0,0.0,0.0,0.0,0.0,0.0,0.0,0.0,0.0
0,0.0,0.0,0.0,0.0,0.0,51.0,0.0,0.0,0.0,0.0,0.0,0.0,0.0,0.0,0.0,0.0,0.0,0.0
0,0.0,0.0,89.0,1.0,6.0,91.0,0.0,0.0,0.0,0.0,0.0,0.0,0.0,0.0,0.0,0.0,0.0,0.0
0,0.0,0.0,68.0,0.0,1.0,84.0,0.0,0.0,0.0,0.0,0.0,0.0,0.0,0.0,0.0,0.0,0.0,0.0
0,0.0,0.0,37.0,0.0,0.0,71.0,0.0,0.0,0.0,0.0,0.0,0.0,0.0,0.0,0.0,0.0,0.0,0.0
0,0.0,0.0,0.0,0.0,0.0,69.0,0.0,0.0,0.0,0.0,0.0,0.0,0.0,0.0,0.0,0.0,0.0,0.0
0,0.0,0.0,34.0,0.0,0.0,66.0,0.0,0.0,0.0,0.0,0.0,0.0,0.0,0.0,0.0,0.0,0.0,0.0
0,0.0,0.0,21.0,0.0,0.0,65.0,0.0,0.0,0.0,0.0,0.0,0.0,0.0,0.0,0.0,0.0,0.0,0.0
0,0.0,0.0,0.0,0.0,0.0,54.0,0.0,0.0,0.0,0.0,0.0,0.0,0.0,0.0,0.0,0.0,0.0,0.0
0,0.0,0.0,2.0,0.0,0.0,53.0,0.0,0.0,0.0,0.0,0.0,0.0,0.0,0.0,0.0,0.0,0.0,0.0
0,0.0,0.0,2.0,0.0,0.0,44.0,0.0,0.0,0.0,0.0,0.0,0.0,0.0,0.0,0.0,0.0,0.0,0.0
0,0.0,0.0,80.0,1.0,4.0,87.0,0.0,0.0,0.0,0.0,0.0,0.0,0.0,0.0,0.0,0.0,0.0,0.0
0,0.0,0.0,79.0,1.0,4.0,74.0,0.0,0.0,0.0,0.0,0.0,0.0,0.0,0.0,0.0,0.0,0.0,0.0
0,0.0,0.0,32.0,0.0,0.0,69.0,0.0,0.0,0.0,0.0,0.0,0.0,0.0,0.0,0.0,0.0,0.0,0.0
0,0.0,0.0,0.0,0.0,0.0,65.0,0.0,0.0,0.0,0.0,0.0,0.0,0.0,0.0,0.0,0.0,0.0,0.0
0,0.0,0.0,0.0,0.0,0.0,62.0,0.0,0.0,0.0,0.0,0.0,0.0,0.0,0.0,0.0,0.0,0.0,0.0
0,0.0,0.0,34.0,0.0,0.0,62.0,0.0,0.0,0.0,0.0,0.0,0.0,0.0,0.0,0.0,0.0,0.0,0.0
0,0.0,0.0,0.0,0.0,0.0,61.0,0.0,0.0,0.0,0.0,0.0,0.0,0.0,0.0,0.0,0.0,0.0,0.0
0,0.0,0.0,1.0,0.0,0.0,61.0,0.0,0.0,0.0,0.0,0.0,0.0,0.0,0.0,0.0,0.0,0.0,0.0
0,0.0,0.0,1.0,0.0,0.0,61.0,0.0,0.0,0.0,0.0,0.0,0.0,0.0,0.0,0.0,0.0,0.0,0.0
0,0.0,0.0,23.0,0.0,0.0,49.0,0.0,0.0,0.0,0.0,0.0,0.0,0.0,0.0,0.0,0.0,0.0,0.0
0,0.0,0.0,66.0,0.0,3.0,91.0,0.0,0.0,0.0,0.0,0.0,0.0,0.0,0.0,0.0,0.0,0.0,0.0
0,0.0,0.0,51.0,0.0,2.0,84.0,0.0,0.0,0.0,0.0,0.0,0.0,0.0,0.0,0.0,0.0,0.0,0.0
0,0.0,0.0,57.0,0.0,3.0,79.0,0.0,0.0,0.0,0.0,0.0,0.0,0.0,0.0,0.0,0.0,0.0,0.0
0,0.0,0.0,20.0,0.0,0.0,70.0,0.0,0.0,0.0,0.0,0.0,0.0,0.0,0.0,0.0,0.0,0.0,0.0
0,0.0,0.0,18.0,0.0,0.0,66.0,0.0,0.0,0.0,0.0,0.0,0.0,0.0,0.0,0.0,0.0,0.0,0.0
0,0.0,0.0,0.0,0.0,0.0,64.0,0.0,0.0,0.0,0.0,0.0,0.0,0.0,0.0,0.0,0.0,0.0,0.0
0,0.0,0.0,0.0,0.0,0.0,64.0,0.0,0.0,0.0,0.0,0.0,0.0,0.0,0.0,0.0,0.0,0.0,0.0
0,0.0,0.0,0.0,0.0,0.0,64.0,0.0,0.0,0.0,0.0,0.0,0.0,0.0,0.0,0.0,0.0,0.0,0.0
0,0.0,0.0,34.0,0.0,0.0,60.0,0.0,0.0,0.0,0.0,0.0,0.0,0.0,0.0,0.0,0.0,0.0,0.0
0,0.0,0.0,0.0,0.0,0.0,58.0,0.0,0.0,0.0,0.0,0.0,0.0,0.0,0.0,0.0,0.0,0.0,0.0
0,0.0,0.0,0.0,0.0,0.0,43.0,0.0,0.0,0.0,0.0,0.0,0.0,0.0,0.0,0.0,0.0,0.0,0.0
0,0.0,0.0,0.0,0.0,0.0,81.0,0.0,0.0,0.0,0.0,0.0,0.0,0.0,0.0,0.0,0.0,0.0,0.0
0,0.0,0.0,77.0,0.0,3.0,81.0,0.0,0.0,0.0,0.0,0.0,0.0,0.0,0.0,0.0,0.0,0.0,0.0
0,0.0,0.0,57.0,0.0,3.0,76.0,0.0,0.0,0.0,0.0,0.0,0.0,0.0,0.0,0.0,0.0,0.0,0.0
0,0.0,0.0,55.0,0.0,0.0,73.0,0.0,0.0,0.0,0.0,0.0,0.0,0.0,0.0,0.0,0.0,0.0,0.0
0,0.0,0.0,38.0,0.0,2.0,71.0,0.0,0.0,0.0,0.0,0.0,0.0,0.0,0.0,0.0,0.0,0.0,0.0
0,0.0,0.0,10.0,0.0,0.0,70.0,0.0,0.0,0.0,0.0,0.0,0.0,0.0,0.0,0.0,0.0,0.0,0.0
0,0.0,0.0,44.0,0.0,0.0,66.0,0.0,0.0,0.0,0.0,0.0,0.0,0.0,0.0,0.0,0.0,0.0,0.0
0,0.0,0.0,41.0,0.0,0.0,65.0,0.0,0.0,0.0,0.0,0.0,0.0,0.0,0.0,0.0,0.0,0.0,0.0
0,0.0,0.0,96.0,1.0,6.0,65.0,0.0,0.0,0.0,0.0,0.0,0.0,0.0,0.0,0.0,0.0,0.0,0.0
0,0.0,0.0,19.0,0.0,0.0,61.0,0.0,0.0,0.0,0.0,0.0,0.0,0.0,0.0,0.0,0.0,0.0,0.0
0,0.0,0.0,12.0,0.0,0.0,61.0,0.0,0.0,0.0,0.0,0.0,0.0,0.0,0.0,0.0,0.0,0.0,0.0
0,0.0,0.0,21.0,0.0,0.0,58.0,0.0,0.0,0.0,0.0,0.0,0.0,0.0,0.0,0.0,0.0,0.0,0.0
0,0.0,0.0,20.0,0.0,0.0,58.0,0.0,0.0,0.0,0.0,0.0,0.0,0.0,0.0,0.0,0.0,0.0,0.0
0,0.0,0.0,20.0,0.0,0.0,58.0,0.0,0.0,0.0,0.0,0.0,0.0,0.0,0.0,0.0,0.0,0.0,0.0
0,0.0,0.0,36.0,0.0,0.0,58.0,0.0,0.0,0.0,0.0,0.0,0.0,0.0,0.0,0.0,0.0,0.0,0.0
0,0.0,0.0,48.0,0.0,0.0,57.0,0.0,0.0,0.0,0.0,0.0,0.0,0.0,0.0,0.0,0.0,0.0,0.0
0,0.0,0.0,43.0,0.0,0.0,55.0,0.0,0.0,0.0,0.0,0.0,0.0,0.0,0.0,0.0,0.0,0.0,0.0
0,0.0,0.0,0.0,0.0,0.0,51.0,0.0,0.0,0.0,0.0,0.0,0.0,0.0,0.0,0.0,0.0,0.0,0.0
0,0.0,0.0,31.0,0.0,0.0,51.0,0.0,0.0,0.0,0.0,0.0,0.0,0.0,0.0,0.0,0.0,0.0,0.0
0,0.0,0.0,0.0,0.0,0.0,47.0,0.0,0.0,0.0,0.0,0.0,0.0,0.0,0.0,0.0,0.0,0.0,0.0
0,0.0,0.0,0.0,0.0,0.0,44.0,0.0,0.0,0.0,0.0,0.0,0.0,0.0,0.0,0.0,0.0,0.0,0.0
0,0.0,0.0,2.0,0.0,0.0,43.0,0.0,0.0,0.0,0.0,0.0,0.0,0.0,0.0,0.0,0.0,0.0,0.0
0,0.0,0.0,3.0,0.0,0.0,41.0,0.0,0.0,0.0,0.0,0.0,0.0,0.0,0.0,0.0,0.0,0.0,0.0
0,0.0,0.0,1.0,0.0,0.0,40.0,0.0,0.0,0.0,0.0,0.0,0.0,0.0,0.0,0.0,0.0,0.0,0.0
0,0.0,0.0,0.0,0.0,0.0,32.0,0.0,0.0,0.0,0.0,0.0,0.0,0.0,0.0,0.0,0.0,0.0,0.0
0,0.0,0.0,3.0,0.0,0.0,92.0,0.0,0.0,0.0,0.0,0.0,0.0,0.0,0.0,0.0,0.0,0.0,0.0
0,0.0,0.0,0.0,0.0,0.0,92.0,0.0,0.0,0.0,0.0,0.0,0.0,0.0,0.0,0.0,0.0,0.0,0.0
0,0.0,0.0,0.0,0.0,0.0,92.0,0.0,0.0,0.0,0.0,0.0,0.0,0.0,0.0,0.0,0.0,0.0,0.0
0,0.0,0.0,0.0,0.0,0.0,92.0,0.0,0.0,0.0,0.0,0.0,0.0,0.0,0.0,0.0,0.0,0.0,0.0
0,0.0,0.0,50.0,0.0,2.0,92.0,0.0,0.0,0.0,0.0,0.0,0.0,0.0,0.0,0.0,0.0,0.0,0.0
0,0.0,0.0,63.0,0.0,0.0,81.0,0.0,0.0,0.0,0.0,0.0,0.0,0.0,0.0,0.0,0.0,0.0,0.0
0,0.0,0.0,43.0,0.0,1.0,78.0,0.0,0.0,0.0,0.0,0.0,0.0,0.0,0.0,0.0,0.0,0.0,0.0
0,0.0,0.0,3.0,0.0,0.0,70.0,0.0,0.0,0.0,0.0,0.0,0.0,0.0,0.0,0.0,0.0,0.0,0.0
0,0.0,0.0,28.0,0.0,0.0,66.0,0.0,0.0,0.0,0.0,0.0,0.0,0.0,0.0,0.0,0.0,0.0,0.0
0,0.0,0.0,39.0,0.0,0.0,64.0,0.0,0.0,0.0,0.0,0.0,0.0,0.0,0.0,0.0,0.0,0.0,0.0
0,0.0,0.0,2.0,0.0,0.0,56.0,0.0,0.0,0.0,0.0,0.0,0.0,0.0,0.0,0.0,0.0,0.0,0.0
0,0.0,0.0,55.0,0.0,2.0,50.0,0.0,0.0,0.0,0.0,0.0,0.0,0.0,0.0,0.0,0.0,0.0,0.0
0,0.0,0.0,0.0,0.0,0.0,50.0,0.0,0.0,0.0,0.0,0.0,0.0,0.0,0.0,0.0,0.0,0.0,0.0
0,0.0,0.0,0.0,0.0,0.0,42.0,0.0,0.0,0.0,0.0,0.0,0.0,0.0,0.0,0.0,0.0,0.0,0.0
0,0.0,0.0,0.0,0.0,0.0,80.0,0.0,0.0,0.0,0.0,0.0,0.0,0.0,0.0,0.0,0.0,0.0,0.0
0,0.0,0.0,63.0,0.0,2.0,80.0,0.0,0.0,0.0,0.0,0.0,0.0,0.0,0.0,0.0,0.0,0.0,0.0
0,0.0,0.0,50.0,0.0,0.0,68.0,0.0,0.0,0.0,0.0,0.0,0.0,0.0,0.0,0.0,0.0,0.0,0.0
0,0.0,0.0,0.0,0.0,0.0,56.0,0.0,0.0,0.0,0.0,0.0,0.0,0.0,0.0,0.0,0.0,0.0,0.0
0,0.0,0.0,4.0,0.0,0.0,54.0,0.0,0.0,0.0,0.0,0.0,0.0,0.0,0.0,0.0,0.0,0.0,0.0
0,0.0,0.0,0.0,0.0,0.0,49.0,0.0,0.0,0.0,0.0,0.0,0.0,0.0,0.0,0.0,0.0,0.0,0.0
0,0.0,0.0,5.0,0.0,0.0,44.0,0.0,0.0,0.0,0.0,0.0,0.0,0.0,0.0,0.0,0.0,0.0,0.0
0,0.0,0.0,0.0,0.0,0.0,39.0,0.0,0.0,0.0,0.0,0.0,0.0,0.0,0.0,0.0,0.0,0.0,0.0
0,0.0,0.0,81.0,3.0,7.0,76.0,0.0,0.0,0.0,0.0,0.0,0.0,0.0,0.0,0.0,0.0,0.0,0.0
0,0.0,0.0,0.0,0.0,0.0,69.0,0.0,0.0,0.0,0.0,0.0,0.0,0.0,0.0,0.0,0.0,0.0,0.0
0,0.0,0.0,35.0,0.0,0.0,69.0,0.0,0.0,0.0,0.0,0.0,0.0,0.0,0.0,0.0,0.0,0.0,0.0
0,0.0,0.0,48.0,0.0,0.0,69.0,0.0,0.0,0.0,0.0,0.0,0.0,0.0,0.0,0.0,0.0,0.0,0.0
0,0.0,0.0,27.0,0.0,0.0,64.0,0.0,0.0,0.0,0.0,0.0,0.0,0.0,0.0,0.0,0.0,0.0,0.0
0,0.0,0.0,19.0,0.0,0.0,64.0,0.0,0.0,0.0,0.0,0.0,0.0,0.0,0.0,0.0,0.0,0.0,0.0
0,0.0,0.0,7.0,0.0,0.0,60.0,0.0,0.0,0.0,0.0,0.0,0.0,0.0,0.0,0.0,0.0,0.0,0.0
0,0.0,0.0,0.0,0.0,0.0,57.0,0.0,0.0,0.0,0.0,0.0,0.0,0.0,0.0,0.0,0.0,0.0,0.0
0,0.0,0.0,14.0,0.0,0.0,57.0,0.0,0.0,0.0,0.0,0.0,0.0,0.0,0.0,0.0,0.0,0.0,0.0
0,0.0,0.0,49.0,0.0,1.0,84.0,0.0,0.0,0.0,0.0,0.0,0.0,0.0,0.0,0.0,0.0,0.0,0.0
0,0.0,0.0,72.0,0.0,1.0,77.0,0.0,0.0,0.0,0.0,0.0,0.0,0.0,0.0,0.0,0.0,0.0,0.0
0,0.0,0.0,22.0,0.0,0.0,74.0,0.0,0.0,0.0,0.0,0.0,0.0,0.0,0.0,0.0,0.0,0.0,0.0
0,0.0,0.0,64.0,0.0,2.0,74.0,0.0,0.0,0.0,0.0,0.0,0.0,0.0,0.0,0.0,0.0,0.0,0.0
0,0.0,0.0,67.0,0.0,3.0,73.0,0.0,0.0,0.0,0.0,0.0,0.0,0.0,0.0,0.0,0.0,0.0,0.0
0,0.0,0.0,0.0,0.0,0.0,69.0,0.0,0.0,0.0,0.0,0.0,0.0,0.0,0.0,0.0,0.0,0.0,0.0
0,0.0,0.0,0.0,0.0,0.0,69.0,0.0,0.0,0.0,0.0,0.0,0.0,0.0,0.0,0.0,0.0,0.0,0.0
0,0.0,0.0,33.0,0.0,0.0,69.0,0.0,0.0,0.0,0.0,0.0,0.0,0.0,0.0,0.0,0.0,0.0,0.0
0,0.0,0.0,0.0,0.0,0.0,69.0,0.0,0.0,0.0,0.0,0.0,0.0,0.0,0.0,0.0,0.0,0.0,0.0
0,0.0,0.0,9.0,0.0,0.0,69.0,0.0,0.0,0.0,0.0,0.0,0.0,0.0,0.0,0.0,0.0,0.0,0.0
0,0.0,0.0,0.0,0.0,0.0,62.0,0.0,0.0,0.0,0.0,0.0,0.0,0.0,0.0,0.0,0.0,0.0,0.0
0,0.0,0.0,0.0,0.0,0.0,59.0,0.0,0.0,0.0,0.0,0.0,0.0,0.0,0.0,0.0,0.0,0.0,0.0
0,0.0,0.0,14.0,0.0,0.0,53.0,0.0,0.0,0.0,0.0,0.0,0.0,0.0,0.0,0.0,0.0,0.0,0.0
0,0.0,0.0,30.0,0.0,0.0,50.0,0.0,0.0,0.0,0.0,0.0,0.0,0.0,0.0,0.0,0.0,0.0,0.0
0,0.0,0.0,0.0,0.0,0.0,84.0,0.0,0.0,0.0,0.0,0.0,0.0,0.0,0.0,0.0,0.0,0.0,0.0
0,0.0,0.0,22.0,0.0,0.0,75.0,0.0,0.0,0.0,0.0,0.0,0.0,0.0,0.0,0.0,0.0,0.0,0.0
0,0.0,0.0,39.0,0.0,0.0,70.0,0.0,0.0,0.0,0.0,0.0,0.0,0.0,0.0,0.0,0.0,0.0,0.0
0,0.0,0.0,1.0,0.0,0.0,66.0,0.0,0.0,0.0,0.0,0.0,0.0,0.0,0.0,0.0,0.0,0.0,0.0
0,0.0,0.0,12.0,0.0,0.0,66.0,0.0,0.0,0.0,0.0,0.0,0.0,0.0,0.0,0.0,0.0,0.0,0.0
0,0.0,0.0,28.0,0.0,0.0,61.0,0.0,0.0,0.0,0.0,0.0,0.0,0.0,0.0,0.0,0.0,0.0,0.0
0,0.0,0.0,7.0,0.0,0.0,60.0,0.0,0.0,0.0,0.0,0.0,0.0,0.0,0.0,0.0,0.0,0.0,0.0
0,0.0,0.0,0.0,0.0,0.0,44.0,0.0,0.0,0.0,0.0,0.0,0.0,0.0,0.0,0.0,0.0,0.0,0.0
0,0.0,0.0,39.0,0.0,0.0,43.0,0.0,0.0,0.0,0.0,0.0,0.0,0.0,0.0,0.0,0.0,0.0,0.0
0,0.0,0.0,118.0,3.0,6.0,94.0,0.0,0.0,0.0,0.0,0.0,0.0,0.0,0.0,0.0,0.0,0.0,0.0
0,0.0,0.0,0.0,0.0,0.0,94.0,0.0,0.0,0.0,0.0,0.0,0.0,0.0,0.0,0.0,0.0,0.0,0.0
0,0.0,0.0,63.0,0.0,2.0,77.0,0.0,0.0,0.0,0.0,0.0,0.0,0.0,0.0,0.0,0.0,0.0,0.0
0,0.0,0.0,82.0,0.0,1.0,74.0,0.0,0.0,0.0,0.0,0.0,0.0,0.0,0.0,0.0,0.0,0.0,0.0
0,0.0,0.0,42.0,0.0,0.0,74.0,0.0,0.0,0.0,0.0,0.0,0.0,0.0,0.0,0.0,0.0,0.0,0.0
0,0.0,0.0,0.0,0.0,0.0,58.0,0.0,0.0,0.0,0.0,0.0,0.0,0.0,0.0,0.0,0.0,0.0,0.0
0,0.0,0.0,0.0,0.0,0.0,58.0,0.0,0.0,0.0,0.0,0.0,0.0,0.0,0.0,0.0,0.0,0.0,0.0
0,0.0,0.0,12.0,0.0,0.0,52.0,0.0,0.0,0.0,0.0,0.0,0.0,0.0,0.0,0.0,0.0,0.0,0.0
0,0.0,0.0,3.0,0.0,0.0,48.0,0.0,0.0,0.0,0.0,0.0,0.0,0.0,0.0,0.0,0.0,0.0,0.0
0,0.0,0.0,31.0,0.0,0.0,41.0,0.0,0.0,0.0,0.0,0.0,0.0,0.0,0.0,0.0,0.0,0.0,0.0
0,0.0,0.0,56.0,0.0,0.0,90.0,0.0,0.0,0.0,0.0,0.0,0.0,0.0,0.0,0.0,0.0,0.0,0.0
0,0.0,0.0,11.0,0.0,0.0,76.0,0.0,0.0,0.0,0.0,0.0,0.0,0.0,0.0,0.0,0.0,0.0,0.0
0,0.0,0.0,37.0,0.0,0.0,73.0,0.0,0.0,0.0,0.0,0.0,0.0,0.0,0.0,0.0,0.0,0.0,0.0
0,0.0,0.0,40.0,0.0,0.0,64.0,0.0,0.0,0.0,0.0,0.0,0.0,0.0,0.0,0.0,0.0,0.0,0.0
0,0.0,0.0,13.0,0.0,0.0,64.0,0.0,0.0,0.0,0.0,0.0,0.0,0.0,0.0,0.0,0.0,0.0,0.0
0,0.0,0.0,51.0,0.0,0.0,60.0,0.0,0.0,0.0,0.0,0.0,0.0,0.0,0.0,0.0,0.0,0.0,0.0
0,0.0,0.0,1.0,0.0,0.0,55.0,0.0,0.0,0.0,0.0,0.0,0.0,0.0,0.0,0.0,0.0,0.0,0.0
0,0.0,0.0,0.0,0.0,0.0,53.0,0.0,0.0,0.0,0.0,0.0,0.0,0.0,0.0,0.0,0.0,0.0,0.0
0,0.0,0.0,12.0,0.0,0.0,51.0,0.0,0.0,0.0,0.0,0.0,0.0,0.0,0.0,0.0,0.0,0.0,0.0
0,0.0,0.0,91.0,3.0,7.0,85.0,0.0,0.0,0.0,0.0,0.0,0.0,0.0,0.0,0.0,0.0,0.0,0.0
0,0.0,0.0,76.0,0.0,2.0,83.0,0.0,0.0,0.0,0.0,0.0,0.0,0.0,0.0,0.0,0.0,0.0,0.0
0,0.0,0.0,59.0,0.0,0.0,79.0,0.0,0.0,0.0,0.0,0.0,0.0,0.0,0.0,0.0,0.0,0.0,0.0
0,0.0,0.0,26.0,0.0,0.0,70.0,0.0,0.0,0.0,0.0,0.0,0.0,0.0,0.0,0.0,0.0,0.0,0.0
0,0.0,0.0,0.0,0.0,0.0,70.0,0.0,0.0,0.0,0.0,0.0,0.0,0.0,0.0,0.0,0.0,0.0,0.0
0,0.0,0.0,2.0,0.0,0.0,53.0,0.0,0.0,0.0,0.0,0.0,0.0,0.0,0.0,0.0,0.0,0.0,0.0
0,0.0,0.0,28.0,0.0,0.0,51.0,0.0,0.0,0.0,0.0,0.0,0.0,0.0,0.0,0.0,0.0,0.0,0.0
0,0.0,0.0,14.0,0.0,0.0,45.0,0.0,0.0,0.0,0.0,0.0,0.0,0.0,0.0,0.0,0.0,0.0,0.0
0,0.0,0.0,0.0,0.0,0.0,40.0,0.0,0.0,0.0,0.0,0.0,0.0,0.0,0.0,0.0,0.0,0.0,0.0
0,0.0,0.0,49.0,0.0,0.0,83.0,0.0,0.0,0.0,0.0,0.0,0.0,0.0,0.0,0.0,0.0,0.0,0.0
0,0.0,0.0,36.0,0.0,0.0,82.0,0.0,0.0,0.0,0.0,0.0,0.0,0.0,0.0,0.0,0.0,0.0,0.0
0,0.0,0.0,42.0,0.0,0.0,82.0,0.0,0.0,0.0,0.0,0.0,0.0,0.0,0.0,0.0,0.0,0.0,0.0
0,0.0,0.0,46.0,0.0,0.0,70.0,0.0,0.0,0.0,0.0,0.0,0.0,0.0,0.0,0.0,0.0,0.0,0.0
0,0.0,0.0,0.0,0.0,0.0,70.0,0.0,0.0,0.0,0.0,0.0,0.0,0.0,0.0,0.0,0.0,0.0,0.0
0,0.0,0.0,0.0,0.0,0.0,67.0,0.0,0.0,0.0,0.0,0.0,0.0,0.0,0.0,0.0,0.0,0.0,0.0
0,0.0,0.0,7.0,0.0,0.0,62.0,0.0,0.0,0.0,0.0,0.0,0.0,0.0,0.0,0.0,0.0,0.0,0.0
0,0.0,0.0,7.0,0.0,0.0,56.0,0.0,0.0,0.0,0.0,0.0,0.0,0.0,0.0,0.0,0.0,0.0,0.0
0,0.0,0.0,0.0,0.0,0.0,51.0,0.0,0.0,0.0,0.0,0.0,0.0,0.0,0.0,0.0,0.0,0.0,0.0
0,0.0,0.0,122.0,4.0,7.0,99.0,0.0,0.0,0.0,0.0,0.0,0.0,0.0,0.0,0.0,0.0,0.0,0.0
0,0.0,0.0,71.0,0.0,0.0,74.0,0.0,0.0,0.0,0.0,0.0,0.0,0.0,0.0,0.0,0.0,0.0,0.0
0,0.0,0.0,40.0,0.0,0.0,74.0,0.0,0.0,0.0,0.0,0.0,0.0,0.0,0.0,0.0,0.0,0.0,0.0
0,0.0,0.0,58.0,0.0,0.0,69.0,0.0,0.0,0.0,0.0,0.0,0.0,0.0,0.0,0.0,0.0,0.0,0.0
0,0.0,0.0,1.0,0.0,0.0,54.0,0.0,0.0,0.0,0.0,0.0,0.0,0.0,0.0,0.0,0.0,0.0,0.0
0,0.0,0.0,0.0,0.0,0.0,46.0,0.0,0.0,0.0,0.0,0.0,0.0,0.0,0.0,0.0,0.0,0.0,0.0
0,0.0,0.0,12.0,0.0,0.0,44.0,0.0,0.0,0.0,0.0,0.0,0.0,0.0,0.0,0.0,0.0,0.0,0.0
0,0.0,0.0,0.0,0.0,0.0,38.0,0.0,0.0,0.0,0.0,0.0,0.0,0.0,0.0,0.0,0.0,0.0,0.0
0,0.0,0.0,91.0,2.0,5.0,91.0,0.0,0.0,0.0,0.0,0.0,0.0,0.0,0.0,0.0,0.0,0.0,0.0
0,0.0,0.0,70.0,0.0,2.0,81.0,0.0,0.0,0.0,0.0,0.0,0.0,0.0,0.0,0.0,0.0,0.0,0.0
0,0.0,0.0,50.0,0.0,0.0,72.0,0.0,0.0,0.0,0.0,0.0,0.0,0.0,0.0,0.0,0.0,0.0,0.0
0,0.0,0.0,0.0,0.0,0.0,71.0,0.0,0.0,0.0,0.0,0.0,0.0,0.0,0.0,0.0,0.0,0.0,0.0
0,0.0,0.0,49.0,0.0,0.0,71.0,0.0,0.0,0.0,0.0,0.0,0.0,0.0,0.0,0.0,0.0,0.0,0.0
0,0.0,0.0,14.0,0.0,0.0,70.0,0.0,0.0,0.0,0.0,0.0,0.0,0.0,0.0,0.0,0.0,0.0,0.0
0,0.0,0.0,0.0,0.0,0.0,70.0,0.0,0.0,0.0,0.0,0.0,0.0,0.0,0.0,0.0,0.0,0.0,0.0
0,0.0,0.0,23.0,0.0,0.0,66.0,0.0,0.0,0.0,0.0,0.0,0.0,0.0,0.0,0.0,0.0,0.0,0.0
0,0.0,0.0,0.0,0.0,0.0,66.0,0.0,0.0,0.0,0.0,0.0,0.0,0.0,0.0,0.0,0.0,0.0,0.0
0,0.0,0.0,0.0,0.0,0.0,61.0,0.0,0.0,0.0,0.0,0.0,0.0,0.0,0.0,0.0,0.0,0.0,0.0
0,0.0,0.0,0.0,0.0,0.0,55.0,0.0,0.0,0.0,0.0,0.0,0.0,0.0,0.0,0.0,0.0,0.0,0.0
0,0.0,0.0,0.0,0.0,0.0,55.0,0.0,0.0,0.0,0.0,0.0,0.0,0.0,0.0,0.0,0.0,0.0,0.0
0,0.0,0.0,19.0,0.0,0.0,55.0,0.0,0.0,0.0,0.0,0.0,0.0,0.0,0.0,0.0,0.0,0.0,0.0
0,0.0,0.0,1.0,0.0,0.0,55.0,0.0,0.0,0.0,0.0,0.0,0.0,0.0,0.0,0.0,0.0,0.0,0.0
0,0.0,0.0,46.0,0.0,0.0,84.0,0.0,0.0,0.0,0.0,0.0,0.0,0.0,0.0,0.0,0.0,0.0,0.0
0,0.0,0.0,22.0,0.0,0.0,76.0,0.0,0.0,0.0,0.0,0.0,0.0,0.0,0.0,0.0,0.0,0.0,0.0
0,0.0,0.0,61.0,0.0,1.0,74.0,0.0,0.0,0.0,0.0,0.0,0.0,0.0,0.0,0.0,0.0,0.0,0.0
0,0.0,0.0,37.0,0.0,1.0,73.0,0.0,0.0,0.0,0.0,0.0,0.0,0.0,0.0,0.0,0.0,0.0,0.0
0,0.0,0.0,36.0,0.0,0.0,69.0,0.0,0.0,0.0,0.0,0.0,0.0,0.0,0.0,0.0,0.0,0.0,0.0
0,0.0,0.0,12.0,0.0,0.0,62.0,0.0,0.0,0.0,0.0,0.0,0.0,0.0,0.0,0.0,0.0,0.0,0.0
0,0.0,0.0,0.0,0.0,0.0,56.0,0.0,0.0,0.0,0.0,0.0,0.0,0.0,0.0,0.0,0.0,0.0,0.0
0,0.0,0.0,0.0,0.0,0.0,45.0,0.0,0.0,0.0,0.0,0.0,0.0,0.0,0.0,0.0,0.0,0.0,0.0
0,0.0,0.0,68.0,1.0,3.0,94.0,0.0,0.0,0.0,0.0,0.0,0.0,0.0,0.0,0.0,0.0,0.0,0.0
0,0.0,0.0,45.0,0.0,1.0,92.0,0.0,0.0,0.0,0.0,0.0,0.0,0.0,0.0,0.0,0.0,0.0,0.0
0,0.0,0.0,34.0,0.0,0.0,71.0,0.0,0.0,0.0,0.0,0.0,0.0,0.0,0.0,0.0,0.0,0.0,0.0
0,0.0,0.0,0.0,0.0,0.0,70.0,0.0,0.0,0.0,0.0,0.0,0.0,0.0,0.0,0.0,0.0,0.0,0.0
0,0.0,0.0,40.0,0.0,2.0,69.0,0.0,0.0,0.0,0.0,0.0,0.0,0.0,0.0,0.0,0.0,0.0,0.0
0,0.0,0.0,0.0,0.0,0.0,68.0,0.0,0.0,0.0,0.0,0.0,0.0,0.0,0.0,0.0,0.0,0.0,0.0
0,0.0,0.0,38.0,0.0,0.0,61.0,0.0,0.0,0.0,0.0,0.0,0.0,0.0,0.0,0.0,0.0,0.0,0.0
0,0.0,0.0,12.0,0.0,0.0,52.0,0.0,0.0,0.0,0.0,0.0,0.0,0.0,0.0,0.0,0.0,0.0,0.0
0,0.0,0.0,1.0,0.0,0.0,84.0,0.0,0.0,0.0,0.0,0.0,0.0,0.0,0.0,0.0,0.0,0.0,0.0
0,0.0,0.0,71.0,0.0,1.0,84.0,0.0,0.0,0.0,0.0,0.0,0.0,0.0,0.0,0.0,0.0,0.0,0.0
0,0.0,0.0,73.0,0.0,5.0,83.0,0.0,0.0,0.0,0.0,0.0,0.0,0.0,0.0,0.0,0.0,0.0,0.0
0,0.0,0.0,0.0,0.0,0.0,75.0,0.0,0.0,0.0,0.0,0.0,0.0,0.0,0.0,0.0,0.0,0.0,0.0
0,0.0,0.0,24.0,0.0,0.0,73.0,0.0,0.0,0.0,0.0,0.0,0.0,0.0,0.0,0.0,0.0,0.0,0.0
0,0.0,0.0,7.0,0.0,0.0,66.0,0.0,0.0,0.0,0.0,0.0,0.0,0.0,0.0,0.0,0.0,0.0,0.0
0,0.0,0.0,0.0,0.0,0.0,49.0,0.0,0.0,0.0,0.0,0.0,0.0,0.0,0.0,0.0,0.0,0.0,0.0
0,0.0,0.0,1.0,0.0,0.0,49.0,0.0,0.0,0.0,0.0,0.0,0.0,0.0,0.0,0.0,0.0,0.0,0.0
0,0.0,0.0,0.0,0.0,0.0,45.0,0.0,0.0,0.0,0.0,0.0,0.0,0.0,0.0,0.0,0.0,0.0,0.0
0,0.0,0.0,0.0,0.0,0.0,42.0,0.0,0.0,0.0,0.0,0.0,0.0,0.0,0.0,0.0,0.0,0.0,0.0
0,0.0,0.0,42.0,0.0,1.0,93.0,0.0,0.0,0.0,0.0,0.0,0.0,0.0,0.0,0.0,0.0,0.0,0.0
0,0.0,0.0,0.0,0.0,0.0,83.0,0.0,0.0,0.0,0.0,0.0,0.0,0.0,0.0,0.0,0.0,0.0,0.0
0,0.0,0.0,31.0,0.0,0.0,77.0,0.0,0.0,0.0,0.0,0.0,0.0,0.0,0.0,0.0,0.0,0.0,0.0
0,0.0,0.0,47.0,0.0,0.0,73.0,0.0,0.0,0.0,0.0,0.0,0.0,0.0,0.0,0.0,0.0,0.0,0.0
0,0.0,0.0,0.0,0.0,0.0,55.0,0.0,0.0,0.0,0.0,0.0,0.0,0.0,0.0,0.0,0.0,0.0,0.0
0,0.0,0.0,12.0,0.0,0.0,54.0,0.0,0.0,0.0,0.0,0.0,0.0,0.0,0.0,0.0,0.0,0.0,0.0
0,0.0,0.0,16.0,0.0,0.0,52.0,0.0,0.0,0.0,0.0,0.0,0.0,0.0,0.0,0.0,0.0,0.0,0.0
0,0.0,0.0,88.0,1.0,4.0,96.0,0.0,0.0,0.0,0.0,0.0,0.0,0.0,0.0,0.0,0.0,0.0,0.0
0,0.0,0.0,59.0,0.0,1.0,82.0,0.0,0.0,0.0,0.0,0.0,0.0,0.0,0.0,0.0,0.0,0.0,0.0
0,0.0,0.0,0.0,0.0,0.0,82.0,0.0,0.0,0.0,0.0,0.0,0.0,0.0,0.0,0.0,0.0,0.0,0.0
0,0.0,0.0,31.0,0.0,0.0,76.0,0.0,0.0,0.0,0.0,0.0,0.0,0.0,0.0,0.0,0.0,0.0,0.0
0,0.0,0.0,69.0,1.0,3.0,74.0,0.0,0.0,0.0,0.0,0.0,0.0,0.0,0.0,0.0,0.0,0.0,0.0
0,0.0,0.0,16.0,0.0,0.0,63.0,0.0,0.0,0.0,0.0,0.0,0.0,0.0,0.0,0.0,0.0,0.0,0.0
0,0.0,0.0,46.0,0.0,0.0,63.0,0.0,0.0,0.0,0.0,0.0,0.0,0.0,0.0,0.0,0.0,0.0,0.0
0,0.0,0.0,1.0,0.0,0.0,58.0,0.0,0.0,0.0,0.0,0.0,0.0,0.0,0.0,0.0,0.0,0.0,0.0
0,0.0,0.0,43.0,0.0,0.0,57.0,0.0,0.0,0.0,0.0,0.0,0.0,0.0,0.0,0.0,0.0,0.0,0.0
0,0.0,0.0,12.0,0.0,0.0,56.0,0.0,0.0,0.0,0.0,0.0,0.0,0.0,0.0,0.0,0.0,0.0,0.0
0,0.0,0.0,0.0,0.0,0.0,93.0,0.0,0.0,0.0,0.0,0.0,0.0,0.0,0.0,0.0,0.0,0.0,0.0
0,0.0,0.0,36.0,0.0,0.0,77.0,0.0,0.0,0.0,0.0,0.0,0.0,0.0,0.0,0.0,0.0,0.0,0.0
0,0.0,0.0,22.0,0.0,0.0,77.0,0.0,0.0,0.0,0.0,0.0,0.0,0.0,0.0,0.0,0.0,0.0,0.0
0,0.0,0.0,16.0,0.0,0.0,73.0,0.0,0.0,0.0,0.0,0.0,0.0,0.0,0.0,0.0,0.0,0.0,0.0
0,0.0,0.0,19.0,0.0,0.0,63.0,0.0,0.0,0.0,0.0,0.0,0.0,0.0,0.0,0.0,0.0,0.0,0.0
0,0.0,0.0,4.0,0.0,0.0,62.0,0.0,0.0,0.0,0.0,0.0,0.0,0.0,0.0,0.0,0.0,0.0,0.0
0,0.0,0.0,14.0,0.0,0.0,47.0,0.0,0.0,0.0,0.0,0.0,0.0,0.0,0.0,0.0,0.0,0.0,0.0
0,0.0,0.0,6.0,0.0,0.0,39.0,0.0,0.0,0.0,0.0,0.0,0.0,0.0,0.0,0.0,0.0,0.0,0.0
0,0.0,0.0,54.0,0.0,0.0,90.0,0.0,0.0,0.0,0.0,0.0,0.0,0.0,0.0,0.0,0.0,0.0,0.0
0,0.0,0.0,52.0,1.0,1.0,85.0,0.0,0.0,0.0,0.0,0.0,0.0,0.0,0.0,0.0,0.0,0.0,0.0
0,0.0,0.0,40.0,0.0,0.0,76.0,0.0,0.0,0.0,0.0,0.0,0.0,0.0,0.0,0.0,0.0,0.0,0.0
0,0.0,0.0,32.0,0.0,0.0,71.0,0.0,0.0,0.0,0.0,0.0,0.0,0.0,0.0,0.0,0.0,0.0,0.0
0,0.0,0.0,39.0,0.0,0.0,70.0,0.0,0.0,0.0,0.0,0.0,0.0,0.0,0.0,0.0,0.0,0.0,0.0
0,0.0,0.0,58.0,0.0,0.0,65.0,0.0,0.0,0.0,0.0,0.0,0.0,0.0,0.0,0.0,0.0,0.0,0.0
0,0.0,0.0,0.0,0.0,0.0,59.0,0.0,0.0,0.0,0.0,0.0,0.0,0.0,0.0,0.0,0.0,0.0,0.0
0,0.0,0.0,11.0,0.0,0.0,45.0,0.0,0.0,0.0,0.0,0.0,0.0,0.0,0.0,0.0,0.0,0.0,0.0
0,0.0,0.0,117.0,4.0,7.0,99.0,0.0,0.0,0.0,0.0,0.0,0.0,0.0,0.0,0.0,0.0,0.0,0.0
0,0.0,0.0,86.0,1.0,3.0,86.0,0.0,0.0,0.0,0.0,0.0,0.0,0.0,0.0,0.0,0.0,0.0,0.0
0,0.0,0.0,43.0,0.0,0.0,82.0,0.0,0.0,0.0,0.0,0.0,0.0,0.0,0.0,0.0,0.0,0.0,0.0
0,0.0,0.0,22.0,0.0,0.0,80.0,0.0,0.0,0.0,0.0,0.0,0.0,0.0,0.0,0.0,0.0,0.0,0.0
0,0.0,0.0,14.0,1.0,0.0,80.0,0.0,0.0,0.0,0.0,0.0,0.0,0.0,0.0,0.0,0.0,0.0,0.0
0,0.0,0.0,13.0,0.0,0.0,55.0,0.0,0.0,0.0,0.0,0.0,0.0,0.0,0.0,0.0,0.0,0.0,0.0
0,0.0,0.0,0.0,0.0,0.0,52.0,0.0,0.0,0.0,0.0,0.0,0.0,0.0,0.0,0.0,0.0,0.0,0.0
0,0.0,0.0,49.0,0.0,0.0,48.0,0.0,0.0,0.0,0.0,0.0,0.0,0.0,0.0,0.0,0.0,0.0,0.0
0,0.0,0.0,68.0,1.0,3.0,94.0,0.0,0.0,0.0,0.0,0.0,0.0,0.0,0.0,0.0,0.0,0.0,0.0
0,0.0,0.0,86.0,1.0,2.0,81.0,0.0,0.0,0.0,0.0,0.0,0.0,0.0,0.0,0.0,0.0,0.0,0.0
0,0.0,0.0,55.0,2.0,2.0,71.0,0.0,0.0,0.0,0.0,0.0,0.0,0.0,0.0,0.0,0.0,0.0,0.0
0,0.0,0.0,0.0,0.0,0.0,68.0,0.0,0.0,0.0,0.0,0.0,0.0,0.0,0.0,0.0,0.0,0.0,0.0
0,0.0,0.0,38.0,0.0,0.0,68.0,0.0,0.0,0.0,0.0,0.0,0.0,0.0,0.0,0.0,0.0,0.0,0.0
0,0.0,0.0,51.0,0.0,0.0,66.0,0.0,0.0,0.0,0.0,0.0,0.0,0.0,0.0,0.0,0.0,0.0,0.0
0,0.0,0.0,39.0,0.0,0.0,61.0,0.0,0.0,0.0,0.0,0.0,0.0,0.0,0.0,0.0,0.0,0.0,0.0
0,0.0,0.0,0.0,0.0,0.0,54.0,0.0,0.0,0.0,0.0,0.0,0.0,0.0,0.0,0.0,0.0,0.0,0.0
0,0.0,0.0,20.0,0.0,0.0,51.0,0.0,0.0,0.0,0.0,0.0,0.0,0.0,0.0,0.0,0.0,0.0,0.0
0,0.0,0.0,60.0,0.0,0.0,90.0,0.0,0.0,0.0,0.0,0.0,0.0,0.0,0.0,0.0,0.0,0.0,0.0
0,0.0,0.0,0.0,0.0,0.0,78.0,0.0,0.0,0.0,0.0,0.0,0.0,0.0,0.0,0.0,0.0,0.0,0.0
0,0.0,0.0,152.0,8.0,11.0,78.0,0.0,0.0,0.0,0.0,0.0,0.0,0.0,0.0,0.0,0.0,0.0,0.0
0,0.0,0.0,55.0,0.0,0.0,71.0,0.0,0.0,0.0,0.0,0.0,0.0,0.0,0.0,0.0,0.0,0.0,0.0
0,0.0,0.0,59.0,0.0,0.0,68.0,0.0,0.0,0.0,0.0,0.0,0.0,0.0,0.0,0.0,0.0,0.0,0.0
0,0.0,0.0,0.0,0.0,0.0,46.0,0.0,0.0,0.0,0.0,0.0,0.0,0.0,0.0,0.0,0.0,0.0,0.0
0,0.0,0.0,10.0,0.0,0.0,46.0,0.0,0.0,0.0,0.0,0.0,0.0,0.0,0.0,0.0,0.0,0.0,0.0
0,0.0,0.0,3.0,0.0,0.0,44.0,0.0,0.0,0.0,0.0,0.0,0.0,0.0,0.0,0.0,0.0,0.0,0.0
0,0.0,0.0,26.0,0.0,0.0,81.0,55.0,64.0,53.0,89.0,72.0,86.0,0.0,0.0,0.0,0.0,0.0,0.0
0,0.0,0.0,79.0,1.0,4.0,78.0,46.0,50.0,43.0,92.0,79.0,86.0,0.0,0.0,0.0,0.0,0.0,0.0
0,0.0,0.0,0.0,0.0,0.0,49.0,40.0,42.0,42.0,78.0,46.0,72.0,0.0,0.0,0.0,0.0,0.0,0.0
0,0.0,0.0,122.0,4.0,7.0,98.0,73.0,87.0,72.0,86.0,95.0,87.0,0.0,0.0,0.0,0.0,0.0,0.0
0,0.0,0.0,118.0,3.0,6.0,98.0,82.0,92.0,80.0,78.0,85.0,83.0,0.0,0.0,0.0,0.0,0.0,0.0
0,0.0,0.0,0.0,0.0,0.0,98.0,82.0,92.0,80.0,78.0,85.0,83.0,0.0,0.0,0.0,0.0,0.0,0.0
0,0.0,0.0,117.0,4.0,7.0,98.0,65.0,91.0,66.0,87.0,92.0,88.0,0.0,0.0,0.0,0.0,0.0,0.0
0,0.0,0.0,68.0,1.0,3.0,97.0,73.0,83.0,73.0,86.0,94.0,87.0,0.0,0.0,0.0,0.0,0.0,0.0
0,0.0,0.0,89.0,1.0,6.0,97.0,64.0,76.0,64.0,90.0,89.0,94.0,0.0,0.0,0.0,0.0,0.0,0.0
0,0.0,0.0,86.0,1.0,3.0,97.0,81.0,93.0,79.0,77.0,92.0,80.0,0.0,0.0,0.0,0.0,0.0,0.0
0,0.0,0.0,88.0,1.0,4.0,96.0,61.0,76.0,59.0,90.0,92.0,92.0,0.0,0.0,0.0,0.0,0.0,0.0
0,0.0,0.0,45.0,0.0,1.0,95.0,65.0,87.0,64.0,91.0,80.0,89.0,0.0,0.0,0.0,0.0,0.0,0.0
0,0.0,0.0,56.0,0.0,0.0,94.0,68.0,90.0,65.0,87.0,78.0,89.0,0.0,0.0,0.0,0.0,0.0,0.0
0,0.0,0.0,80.0,1.0,4.0,94.0,64.0,79.0,62.0,91.0,90.0,93.0,0.0,0.0,0.0,0.0,0.0,0.0
0,0.0,0.0,0.0,0.0,0.0,94.0,57.0,65.0,58.0,94.0,87.0,94.0,0.0,0.0,0.0,0.0,0.0,0.0
0,0.0,0.0,91.0,3.0,7.0,93.0,67.0,87.0,68.0,88.0,80.0,87.0,0.0,0.0,0.0,0.0,0.0,0.0
0,0.0,0.0,68.0,2.0,4.0,93.0,64.0,84.0,68.0,92.0,74.0,88.0,0.0,0.0,0.0,0.0,0.0,0.0
0,0.0,0.0,4.0,0.0,0.0,93.0,64.0,84.0,68.0,92.0,74.0,88.0,0.0,0.0,0.0,0.0,0.0,0.0
0,0.0,0.0,130.0,3.0,9.0,93.0,83.0,91.0,82.0,78.0,70.0,79.0,0.0,0.0,0.0,0.0,0.0,0.0
0,0.0,0.0,91.0,2.0,5.0,93.0,78.0,86.0,74.0,80.0,79.0,83.0,0.0,0.0,0.0,0.0,0.0,0.0
0,0.0,0.0,67.0,1.0,2.0,92.0,72.0,75.0,72.0,85.0,84.0,88.0,0.0,0.0,0.0,0.0,0.0,0.0
0,0.0,0.0,42.0,0.0,1.0,92.0,69.0,84.0,74.0,85.0,86.0,84.0,0.0,0.0,0.0,0.0,0.0,0.0
0,0.0,0.0,68.0,1.0,3.0,91.0,85.0,93.0,83.0,75.0,65.0,76.0,0.0,0.0,0.0,0.0,0.0,0.0
0,0.0,0.0,59.0,0.0,1.0,91.0,78.0,85.0,76.0,80.0,75.0,82.0,0.0,0.0,0.0,0.0,0.0,0.0
0,0.0,0.0,0.0,0.0,0.0,91.0,78.0,85.0,76.0,80.0,75.0,82.0,0.0,0.0,0.0,0.0,0.0,0.0
0,0.0,0.0,63.0,0.0,2.0,91.0,52.0,64.0,52.0,93.0,89.0,92.0,0.0,0.0,0.0,0.0,0.0,0.0
0,0.0,0.0,73.0,0.0,5.0,90.0,55.0,66.0,61.0,95.0,76.0,93.0,0.0,0.0,0.0,0.0,0.0,0.0
0,0.0,0.0,0.0,0.0,0.0,90.0,61.0,76.0,63.0,86.0,90.0,85.0,0.0,0.0,0.0,0.0,0.0,0.0
0,0.0,0.0,66.0,0.0,3.0,90.0,63.0,80.0,70.0,87.0,89.0,86.0,0.0,0.0,0.0,0.0,0.0,0.0
0,0.0,0.0,51.0,0.0,2.0,90.0,52.0,61.0,49.0,93.0,88.0,92.0,0.0,0.0,0.0,0.0,0.0,0.0
0,0.0,0.0,43.0,0.0,0.0,90.0,62.0,80.0,64.0,89.0,78.0,87.0,0.0,0.0,0.0,0.0,0.0,0.0
0,0.0,0.0,42.0,0.0,0.0,90.0,60.0,67.0,59.0,90.0,88.0,88.0,0.0,0.0,0.0,0.0,0.0,0.0
0,0.0,0.0,60.0,0.0,0.0,90.0,52.0,64.0,46.0,93.0,88.0,91.0,0.0,0.0,0.0,0.0,0.0,0.0
0,0.0,0.0,36.0,0.0,0.0,89.0,49.0,59.0,48.0,95.0,88.0,91.0,0.0,0.0,0.0,0.0,0.0,0.0
0,0.0,0.0,52.0,1.0,1.0,89.0,77.0,89.0,75.0,73.0,77.0,79.0,0.0,0.0,0.0,0.0,0.0,0.0
0,0.0,0.0,38.0,0.0,0.0,89.0,65.0,79.0,66.0,87.0,78.0,86.0,0.0,0.0,0.0,0.0,0.0,0.0
0,0.0,0.0,101.0,1.0,5.0,89.0,74.0,86.0,69.0,83.0,74.0,80.0,0.0,0.0,0.0,0.0,0.0,0.0
0,0.0,0.0,0.0,0.0,0.0,89.0,74.0,86.0,69.0,83.0,74.0,80.0,0.0,0.0,0.0,0.0,0.0,0.0
0,0.0,0.0,49.0,0.0,0.0,89.0,46.0,53.0,46.0,96.0,89.0,94.0,0.0,0.0,0.0,0.0,0.0,0.0
0,0.0,0.0,89.0,1.0,4.0,89.0,46.0,53.0,46.0,96.0,89.0,94.0,0.0,0.0,0.0,0.0,0.0,0.0
0,0.0,0.0,86.0,1.0,2.0,88.0,67.0,77.0,70.0,86.0,82.0,84.0,0.0,0.0,0.0,0.0,0.0,0.0
0,0.0,0.0,54.0,0.0,1.0,88.0,72.0,78.0,72.0,85.0,83.0,80.0,0.0,0.0,0.0,0.0,0.0,0.0
0,0.0,0.0,3.0,0.0,0.0,88.0,68.0,76.0,66.0,84.0,90.0,84.0,0.0,0.0,0.0,0.0,0.0,0.0
0,0.0,0.0,0.0,0.0,0.0,88.0,68.0,76.0,66.0,84.0,90.0,84.0,0.0,0.0,0.0,0.0,0.0,0.0
0,0.0,0.0,0.0,0.0,0.0,88.0,68.0,76.0,66.0,84.0,90.0,84.0,0.0,0.0,0.0,0.0,0.0,0.0
0,0.0,0.0,0.0,0.0,0.0,88.0,68.0,76.0,66.0,84.0,90.0,84.0,0.0,0.0,0.0,0.0,0.0,0.0
0,0.0,0.0,50.0,0.0,2.0,88.0,68.0,76.0,66.0,84.0,90.0,84.0,0.0,0.0,0.0,0.0,0.0,0.0
0,0.0,0.0,43.0,0.0,1.0,88.0,83.0,90.0,78.0,75.0,66.0,74.0,0.0,0.0,0.0,0.0,0.0,0.0
0,0.0,0.0,63.0,0.0,0.0,88.0,65.0,75.0,67.0,85.0,85.0,88.0,0.0,0.0,0.0,0.0,0.0,0.0
0,0.0,0.0,0.0,0.0,0.0,88.0,53.0,68.0,55.0,92.0,79.0,91.0,0.0,0.0,0.0,0.0,0.0,0.0
0,0.0,0.0,49.0,0.0,0.0,88.0,64.0,82.0,64.0,91.0,67.0,88.0,0.0,0.0,0.0,0.0,0.0,0.0
0,0.0,0.0,0.0,0.0,0.0,87.0,59.0,69.0,56.0,92.0,87.0,92.0,0.0,0.0,0.0,0.0,0.0,0.0
0,0.0,0.0,63.0,0.0,2.0,87.0,59.0,69.0,56.0,92.0,87.0,92.0,0.0,0.0,0.0,0.0,0.0,0.0
0,0.0,0.0,54.0,0.0,0.0,87.0,70.0,76.0,69.0,85.0,87.0,81.0,0.0,0.0,0.0,0.0,0.0,0.0
0,0.0,0.0,46.0,0.0,0.0,87.0,48.0,60.0,45.0,93.0,86.0,91.0,0.0,0.0,0.0,0.0,0.0,0.0
0,0.0,0.0,28.0,0.0,0.0,87.0,64.0,80.0,62.0,86.0,74.0,86.0,0.0,0.0,0.0,0.0,0.0,0.0
0,0.0,0.0,0.0,0.0,0.0,87.0,60.0,67.0,53.0,88.0,85.0,87.0,0.0,0.0,0.0,0.0,0.0,0.0
0,0.0,0.0,35.0,0.0,0.0,87.0,60.0,67.0,53.0,88.0,85.0,87.0,0.0,0.0,0.0,0.0,0.0,0.0
0,0.0,0.0,68.0,0.0,1.0,87.0,64.0,78.0,68.0,86.0,80.0,84.0,0.0,0.0,0.0,0.0,0.0,0.0
0,0.0,0.0,81.0,3.0,7.0,87.0,83.0,91.0,82.0,71.0,67.0,74.0,0.0,0.0,0.0,0.0,0.0,0.0
0,0.0,0.0,55.0,2.0,2.0,86.0,66.0,84.0,66.0,89.0,65.0,85.0,0.0,0.0,0.0,0.0,0.0,0.0
0,0.0,0.0,37.0,0.0,1.0,86.0,66.0,81.0,66.0,85.0,74.0,84.0,0.0,0.0,0.0,0.0,0.0,0.0
0,0.0,0.0,58.0,0.0,0.0,86.0,61.0,74.0,63.0,87.0,78.0,85.0,0.0,0.0,0.0,0.0,0.0,0.0
0,0.0,0.0,0.0,0.0,0.0,86.0,67.0,77.0,68.0,82.0,80.0,84.0,0.0,0.0,0.0,0.0,0.0,0.0
0,0.0,0.0,47.0,0.0,0.0,86.0,53.0,66.0,54.0,88.0,83.0,89.0,0.0,0.0,0.0,0.0,0.0,0.0
0,0.0,0.0,27.0,0.0,0.0,86.0,73.0,84.0,70.0,82.0,69.0,78.0,0.0,0.0,0.0,0.0,0.0,0.0
0,0.0,0.0,2.0,0.0,0.0,86.0,73.0,84.0,70.0,82.0,69.0,78.0,0.0,0.0,0.0,0.0,0.0,0.0
0,0.0,0.0,36.0,0.0,0.0,85.0,58.0,66.0,55.0,87.0,80.0,89.0,0.0,0.0,0.0,0.0,0.0,0.0
0,0.0,0.0,42.0,0.0,0.0,85.0,69.0,81.0,70.0,82.0,75.0,80.0,0.0,0.0,0.0,0.0,0.0,0.0
0,0.0,0.0,76.0,0.0,2.0,85.0,70.0,72.0,73.0,76.0,87.0,84.0,0.0,0.0,0.0,0.0,0.0,0.0
0,0.0,0.0,57.0,0.0,3.0,85.0,61.0,72.0,64.0,89.0,72.0,87.0,0.0,0.0,0.0,0.0,0.0,0.0
0,0.0,0.0,22.0,0.0,0.0,85.0,65.0,80.0,66.0,90.0,65.0,84.0,0.0,0.0,0.0,0.0,0.0,0.0
0,0.0,0.0,64.0,0.0,2.0,85.0,65.0,80.0,66.0,90.0,65.0,84.0,0.0,0.0,0.0,0.0,0.0,0.0
0,0.0,0.0,0.0,0.0,0.0,85.0,49.0,54.0,45.0,91.0,88.0,90.0,0.0,0.0,0.0,0.0,0.0,0.0
0,0.0,0.0,77.0,0.0,3.0,85.0,49.0,54.0,45.0,91.0,88.0,90.0,0.0,0.0,0.0,0.0,0.0,0.0
0,0.0,0.0,0.0,0.0,0.0,85.0,64.0,70.0,63.0,86.0,79.0,84.0,0.0,0.0,0.0,0.0,0.0,0.0
0,0.0,0.0,32.0,0.0,0.0,85.0,64.0,70.0,63.0,86.0,79.0,84.0,0.0,0.0,0.0,0.0,0.0,0.0
0,0.0,0.0,1.0,0.0,0.0,84.0,67.0,75.0,66.0,84.0,79.0,82.0,0.0,0.0,0.0,0.0,0.0,0.0
0,0.0,0.0,71.0,0.0,1.0,84.0,67.0,75.0,66.0,84.0,79.0,82.0,0.0,0.0,0.0,0.0,0.0,0.0
0,0.0,0.0,69.0,1.0,3.0,84.0,55.0,56.0,58.0,89.0,85.0,87.0,0.0,0.0,0.0,0.0,0.0,0.0
0,0.0,0.0,67.0,0.0,3.0,84.0,64.0,78.0,64.0,88.0,67.0,84.0,0.0,0.0,0.0,0.0,0.0,0.0
0,0.0,0.0,0.0,0.0,0.0,84.0,53.0,63.0,49.0,91.0,76.0,89.0,0.0,0.0,0.0,0.0,0.0,0.0
0,0.0,0.0,0.0,0.0,0.0,84.0,52.0,62.0,53.0,91.0,79.0,87.0,0.0,0.0,0.0,0.0,0.0,0.0
0,0.0,0.0,0.0,0.0,0.0,84.0,52.0,62.0,53.0,91.0,79.0,87.0,0.0,0.0,0.0,0.0,0.0,0.0
0,0.0,0.0,31.0,0.0,0.0,84.0,67.0,74.0,66.0,82.0,80.0,84.0,0.0,0.0,0.0,0.0,0.0,0.0
0,0.0,0.0,0.0,0.0,0.0,83.0,65.0,68.0,64.0,84.0,95.0,82.0,0.0,0.0,0.0,0.0,0.0,0.0
0,0.0,0.0,152.0,8.0,11.0,83.0,65.0,68.0,64.0,84.0,95.0,82.0,0.0,0.0,0.0,0.0,0.0,0.0
0,0.0,0.0,60.0,0.0,0.0,83.0,48.0,55.0,47.0,94.0,83.0,86.0,0.0,0.0,0.0,0.0,0.0,0.0
0,0.0,0.0,71.0,0.0,0.0,83.0,55.0,60.0,53.0,89.0,81.0,87.0,0.0,0.0,0.0,0.0,0.0,0.0
0,0.0,0.0,48.0,0.0,0.0,83.0,65.0,75.0,67.0,80.0,88.0,81.0,0.0,0.0,0.0,0.0,0.0,0.0
0,0.0,0.0,49.0,0.0,0.0,82.0,52.0,69.0,56.0,82.0,85.0,84.0,0.0,0.0,0.0,0.0,0.0,0.0
0,0.0,0.0,51.0,0.0,0.0,82.0,55.0,62.0,52.0,90.0,77.0,85.0,0.0,0.0,0.0,0.0,0.0,0.0
0,0.0,0.0,40.0,0.0,0.0,82.0,68.0,75.0,67.0,79.0,79.0,80.0,0.0,0.0,0.0,0.0,0.0,0.0
0,0.0,0.0,40.0,0.0,0.0,82.0,67.0,69.0,68.0,79.0,79.0,85.0,0.0,0.0,0.0,0.0,0.0,0.0
0,0.0,0.0,0.0,0.0,0.0,82.0,78.0,85.0,74.0,70.0,67.0,74.0,0.0,0.0,0.0,0.0,0.0,0.0
0,0.0,0.0,51.0,0.0,0.0,82.0,56.0,61.0,62.0,89.0,75.0,87.0,0.0,0.0,0.0,0.0,0.0,0.0
0,0.0,0.0,26.0,0.0,0.0,81.0,55.0,64.0,53.0,89.0,72.0,86.0,0.0,0.0,0.0,0.0,0.0,0.0
0,0.0,0.0,0.0,0.0,0.0,81.0,58.0,72.0,60.0,88.0,70.0,82.0,0.0,0.0,0.0,0.0,0.0,0.0
0,0.0,0.0,13.0,0.0,0.0,81.0,58.0,72.0,60.0,88.0,70.0,82.0,0.0,0.0,0.0,0.0,0.0,0.0
0,0.0,0.0,49.0,0.0,1.0,81.0,65.0,72.0,62.0,81.0,81.0,82.0,0.0,0.0,0.0,0.0,0.0,0.0
0,0.0,0.0,12.0,0.0,0.0,81.0,53.0,59.0,51.0,88.0,77.0,89.0,0.0,0.0,0.0,0.0,0.0,0.0
0,0.0,0.0,0.0,0.0,0.0,81.0,72.0,72.0,72.0,79.0,70.0,80.0,0.0,0.0,0.0,0.0,0.0,0.0
0,0.0,0.0,40.0,0.0,0.0,81.0,55.0,67.0,55.0,88.0,74.0,84.0,0.0,0.0,0.0,0.0,0.0,0.0
0,0.0,0.0,58.0,0.0,0.0,80.0,65.0,78.0,66.0,85.0,62.0,83.0,0.0,0.0,0.0,0.0,0.0,0.0
0,0.0,0.0,32.0,0.0,0.0,80.0,64.0,77.0,64.0,85.0,66.0,80.0,0.0,0.0,0.0,0.0,0.0,0.0
0,0.0,0.0,59.0,0.0,0.0,80.0,65.0,72.0,67.0,77.0,84.0,81.0,0.0,0.0,0.0,0.0,0.0,0.0
0,0.0,0.0,50.0,0.0,0.0,80.0,47.0,60.0,53.0,89.0,74.0,88.0,0.0,0.0,0.0,0.0,0.0,0.0
0,0.0,0.0,34.0,0.0,0.0,80.0,65.0,85.0,60.0,86.0,58.0,82.0,0.0,0.0,0.0,0.0,0.0,0.0
0,0.0,0.0,72.0,0.0,1.0,80.0,66.0,73.0,64.0,78.0,82.0,81.0,0.0,0.0,0.0,0.0,0.0,0.0
0,0.0,0.0,34.0,0.0,0.0,80.0,62.0,68.0,64.0,85.0,73.0,84.0,0.0,0.0,0.0,0.0,0.0,0.0
0,0.0,0.0,14.0,0.0,0.0,80.0,65.0,71.0,65.0,78.0,78.0,82.0,0.0,0.0,0.0,0.0,0.0,0.0
0,0.0,0.0,0.0,0.0,0.0,80.0,60.0,67.0,64.0,83.0,77.0,82.0,0.0,0.0,0.0,0.0,0.0,0.0
0,0.0,0.0,40.0,0.0,0.0,79.0,66.0,70.0,68.0,75.0,80.0,81.0,0.0,0.0,0.0,0.0,0.0,0.0
0,0.0,0.0,19.0,0.0,0.0,79.0,63.0,72.0,65.0,82.0,70.0,82.0,0.0,0.0,0.0,0.0,0.0,0.0
0,0.0,0.0,46.0,0.0,0.0,79.0,75.0,82.0,72.0,72.0,66.0,73.0,0.0,0.0,0.0,0.0,0.0,0.0
0,0.0,0.0,0.0,0.0,0.0,79.0,75.0,82.0,72.0,72.0,66.0,73.0,0.0,0.0,0.0,0.0,0.0,0.0
0,0.0,0.0,70.0,0.0,2.0,79.0,64.0,76.0,66.0,83.0,69.0,78.0,0.0,0.0,0.0,0.0,0.0,0.0
0,0.0,0.0,51.0,0.0,0.0,79.0,67.0,75.0,64.0,79.0,75.0,78.0,0.0,0.0,0.0,0.0,0.0,0.0
0,0.0,0.0,62.0,0.0,2.0,79.0,69.0,78.0,69.0,79.0,65.0,76.0,0.0,0.0,0.0,0.0,0.0,0.0
0,0.0,0.0,68.0,0.0,0.0,79.0,62.0,63.0,65.0,85.0,77.0,84.0,0.0,0.0,0.0,0.0,0.0,0.0
0,0.0,0.0,79.0,1.0,4.0,78.0,46.0,50.0,43.0,92.0,79.0,86.0,0.0,0.0,0.0,0.0,0.0,0.0
0,0.0,0.0,17.0,0.0,0.0,78.0,78.0,82.0,72.0,70.0,60.0,72.0,0.0,0.0,0.0,0.0,0.0,0.0
0,0.0,0.0,37.0,0.0,0.0,78.0,65.0,73.0,64.0,78.0,75.0,79.0,0.0,0.0,0.0,0.0,0.0,0.0
0,0.0,0.0,43.0,0.0,0.0,78.0,66.0,68.0,69.0,78.0,78.0,80.0,0.0,0.0,0.0,0.0,0.0,0.0
0,0.0,0.0,41.0,0.0,0.0,78.0,67.0,78.0,66.0,76.0,69.0,77.0,0.0,0.0,0.0,0.0,0.0,0.0
0,0.0,0.0,20.0,0.0,0.0,78.0,75.0,84.0,75.0,70.0,67.0,69.0,0.0,0.0,0.0,0.0,0.0,0.0
0,0.0,0.0,27.0,0.0,0.0,78.0,62.0,75.0,64.0,84.0,67.0,78.0,0.0,0.0,0.0,0.0,0.0,0.0
0,0.0,0.0,54.0,0.0,0.0,78.0,54.0,65.0,51.0,84.0,72.0,86.0,0.0,0.0,0.0,0.0,0.0,0.0
0,0.0,0.0,0.0,0.0,0.0,78.0,68.0,72.0,69.0,82.0,68.0,77.0,0.0,0.0,0.0,0.0,0.0,0.0
0,0.0,0.0,50.0,0.0,0.0,77.0,52.0,57.0,53.0,86.0,73.0,87.0,0.0,0.0,0.0,0.0,0.0,0.0
0,0.0,0.0,24.0,0.0,0.0,77.0,55.0,64.0,58.0,86.0,70.0,82.0,0.0,0.0,0.0,0.0,0.0,0.0
0,0.0,0.0,22.0,0.0,0.0,77.0,64.0,80.0,67.0,88.0,54.0,77.0,0.0,0.0,0.0,0.0,0.0,0.0
0,0.0,0.0,49.0,0.0,0.0,77.0,70.0,77.0,70.0,74.0,67.0,75.0,0.0,0.0,0.0,0.0,0.0,0.0
0,0.0,0.0,0.0,0.0,0.0,77.0,64.0,72.0,63.0,86.0,62.0,80.0,0.0,0.0,0.0,0.0,0.0,0.0
0,0.0,0.0,59.0,0.0,0.0,77.0,77.0,85.0,74.0,65.0,64.0,70.0,0.0,0.0,0.0,0.0,0.0,0.0
0,0.0,0.0,0.0,0.0,0.0,76.0,58.0,65.0,58.0,87.0,80.0,81.0,0.0,0.0,0.0,0.0,0.0,0.0
0,0.0,0.0,10.0,0.0,0.0,76.0,63.0,76.0,64.0,80.0,62.0,82.0,0.0,0.0,0.0,0.0,0.0,0.0
0,0.0,0.0,36.0,0.0,0.0,76.0,65.0,66.0,67.0,78.0,79.0,78.0,0.0,0.0,0.0,0.0,0.0,0.0
0,0.0,0.0,16.0,0.0,0.0,76.0,56.0,66.0,51.0,89.0,63.0,81.0,0.0,0.0,0.0,0.0,0.0,0.0
0,0.0,0.0,0.0,0.0,0.0,76.0,64.0,69.0,62.0,79.0,77.0,79.0,0.0,0.0,0.0,0.0,0.0,0.0
0,0.0,0.0,3.0,0.0,0.0,76.0,77.0,83.0,68.0,69.0,63.0,70.0,0.0,0.0,0.0,0.0,0.0,0.0
0,0.0,0.0,4.0,0.0,0.0,76.0,62.0,80.0,61.0,84.0,62.0,77.0,0.0,0.0,0.0,0.0,0.0,0.0
0,0.0,0.0,23.0,0.0,0.0,76.0,56.0,65.0,54.0,88.0,64.0,82.0,0.0,0.0,0.0,0.0,0.0,0.0
0,0.0,0.0,11.0,0.0,0.0,75.0,64.0,72.0,65.0,77.0,70.0,77.0,0.0,0.0,0.0,0.0,0.0,0.0
0,0.0,0.0,0.0,0.0,0.0,75.0,62.0,71.0,60.0,82.0,65.0,79.0,0.0,0.0,0.0,0.0,0.0,0.0
0,0.0,0.0,27.0,0.0,0.0,75.0,62.0,71.0,60.0,82.0,65.0,79.0,0.0,0.0,0.0,0.0,0.0,0.0
0,0.0,0.0,0.0,0.0,0.0,75.0,62.0,71.0,60.0,82.0,65.0,79.0,0.0,0.0,0.0,0.0,0.0,0.0
0,0.0,0.0,8.0,0.0,0.0,75.0,62.0,71.0,60.0,82.0,65.0,79.0,0.0,0.0,0.0,0.0,0.0,0.0
0,0.0,0.0,102.0,5.0,6.0,75.0,62.0,71.0,60.0,82.0,65.0,79.0,0.0,0.0,0.0,0.0,0.0,0.0
0,0.0,0.0,0.0,0.0,0.0,75.0,47.0,55.0,42.0,88.0,72.0,85.0,0.0,0.0,0.0,0.0,0.0,0.0
0,0.0,0.0,49.0,0.0,0.0,75.0,65.0,74.0,64.0,77.0,66.0,77.0,0.0,0.0,0.0,0.0,0.0,0.0
0,0.0,0.0,8.0,0.0,0.0,75.0,65.0,74.0,64.0,77.0,66.0,77.0,0.0,0.0,0.0,0.0,0.0,0.0
0,0.0,0.0,39.0,0.0,0.0,75.0,54.0,60.0,57.0,87.0,67.0,83.0,0.0,0.0,0.0,0.0,0.0,0.0
0,0.0,0.0,0.0,0.0,0.0,75.0,62.0,65.0,60.0,85.0,67.0,78.0,0.0,0.0,0.0,0.0,0.0,0.0
0,0.0,0.0,0.0,0.0,0.0,75.0,62.0,65.0,60.0,85.0,67.0,78.0,0.0,0.0,0.0,0.0,0.0,0.0
0,0.0,0.0,33.0,0.0,0.0,75.0,62.0,65.0,60.0,85.0,67.0,78.0,0.0,0.0,0.0,0.0,0.0,0.0
0,0.0,0.0,0.0,0.0,0.0,75.0,62.0,65.0,60.0,85.0,67.0,78.0,0.0,0.0,0.0,0.0,0.0,0.0
0,0.0,0.0,9.0,0.0,0.0,75.0,62.0,65.0,60.0,85.0,67.0,78.0,0.0,0.0,0.0,0.0,0.0,0.0
0,0.0,0.0,19.0,0.0,0.0,75.0,62.0,67.0,59.0,85.0,70.0,74.0,0.0,0.0,0.0,0.0,0.0,0.0
0,0.0,0.0,22.0,0.0,0.0,74.0,60.0,66.0,61.0,83.0,71.0,80.0,0.0,0.0,0.0,0.0,0.0,0.0
0,0.0,0.0,0.0,0.0,0.0,74.0,50.0,60.0,50.0,86.0,68.0,84.0,0.0,0.0,0.0,0.0,0.0,0.0
0,0.0,0.0,55.0,0.0,0.0,74.0,59.0,65.0,58.0,80.0,78.0,81.0,0.0,0.0,0.0,0.0,0.0,0.0
0,0.0,0.0,12.0,0.0,0.0,74.0,59.0,66.0,57.0,84.0,63.0,81.0,0.0,0.0,0.0,0.0,0.0,0.0
0,0.0,0.0,61.0,0.0,0.0,74.0,49.0,58.0,52.0,85.0,70.0,84.0,0.0,0.0,0.0,0.0,0.0,0.0
0,0.0,0.0,54.0,0.0,2.0,74.0,62.0,69.0,63.0,80.0,88.0,72.0,0.0,0.0,0.0,0.0,0.0,0.0
0,0.0,0.0,22.0,0.0,0.0,74.0,66.0,70.0,65.0,80.0,68.0,75.0,0.0,0.0,0.0,0.0,0.0,0.0
0,0.0,0.0,45.0,0.0,0.0,74.0,62.0,73.0,65.0,80.0,64.0,78.0,0.0,0.0,0.0,0.0,0.0,0.0
0,0.0,0.0,34.0,0.0,0.0,74.0,65.0,68.0,68.0,76.0,67.0,78.0,0.0,0.0,0.0,0.0,0.0,0.0
0,0.0,0.0,11.0,0.0,0.0,74.0,64.0,75.0,59.0,81.0,63.0,78.0,0.0,0.0,0.0,0.0,0.0,0.0
0,0.0,0.0,16.0,0.0,0.0,74.0,49.0,50.0,49.0,86.0,75.0,84.0,0.0,0.0,0.0,0.0,0.0,0.0
0,0.0,0.0,46.0,0.0,0.0,74.0,49.0,50.0,49.0,86.0,75.0,84.0,0.0,0.0,0.0,0.0,0.0,0.0
0,0.0,0.0,40.0,0.0,2.0,74.0,66.0,74.0,65.0,78.0,63.0,74.0,0.0,0.0,0.0,0.0,0.0,0.0
0,0.0,0.0,0.0,0.0,0.0,74.0,62.0,69.0,65.0,82.0,68.0,76.0,0.0,0.0,0.0,0.0,0.0,0.0
0,0.0,0.0,37.0,0.0,0.0,74.0,64.0,72.0,63.0,78.0,65.0,77.0,0.0,0.0,0.0,0.0,0.0,0.0
0,0.0,0.0,39.0,0.0,0.0,74.0,62.0,72.0,63.0,81.0,64.0,79.0,0.0,0.0,0.0,0.0,0.0,0.0
0,0.0,0.0,39.0,0.0,0.0,74.0,67.0,78.0,63.0,76.0,74.0,70.0,0.0,0.0,0.0,0.0,0.0,0.0
0,0.0,0.0,0.0,0.0,0.0,74.0,63.0,66.0,60.0,84.0,65.0,79.0,0.0,0.0,0.0,0.0,0.0,0.0
0,0.0,0.0,10.0,0.0,0.0,74.0,63.0,66.0,60.0,84.0,65.0,79.0,0.0,0.0,0.0,0.0,0.0,0.0
0,0.0,0.0,35.0,0.0,0.0,73.0,60.0,73.0,63.0,82.0,57.0,80.0,0.0,0.0,0.0,0.0,0.0,0.0
0,0.0,0.0,61.0,0.0,1.0,73.0,62.0,69.0,62.0,76.0,84.0,75.0,0.0,0.0,0.0,0.0,0.0,0.0
0,0.0,0.0,30.0,0.0,0.0,73.0,54.0,57.0,51.0,87.0,67.0,80.0,0.0,0.0,0.0,0.0,0.0,0.0
0,0.0,0.0,0.0,0.0,0.0,73.0,66.0,70.0,60.0,79.0,59.0,77.0,0.0,0.0,0.0,0.0,0.0,0.0
0,0.0,0.0,0.0,0.0,0.0,73.0,64.0,68.0,65.0,78.0,67.0,77.0,0.0,0.0,0.0,0.0,0.0,0.0
0,0.0,0.0,45.0,0.0,1.0,73.0,66.0,72.0,67.0,77.0,66.0,74.0,0.0,0.0,0.0,0.0,0.0,0.0
0,0.0,0.0,12.0,0.0,0.0,73.0,65.0,77.0,64.0,78.0,61.0,77.0,0.0,0.0,0.0,0.0,0.0,0.0
0,0.0,0.0,14.0,0.0,0.0,73.0,69.0,73.0,69.0,75.0,70.0,70.0,0.0,0.0,0.0,0.0,0.0,0.0
0,0.0,0.0,39.0,0.0,0.0,72.0,58.0,77.0,54.0,81.0,56.0,80.0,0.0,0.0,0.0,0.0,0.0,0.0
0,0.0,0.0,7.0,0.0,0.0,72.0,65.0,74.0,64.0,76.0,63.0,73.0,0.0,0.0,0.0,0.0,0.0,0.0
0,0.0,0.0,7.0,0.0,0.0,72.0,62.0,64.0,62.0,80.0,68.0,77.0,0.0,0.0,0.0,0.0,0.0,0.0
0,0.0,0.0,61.0,0.0,0.0,72.0,71.0,72.0,69.0,74.0,62.0,70.0,0.0,0.0,0.0,0.0,0.0,0.0
0,0.0,0.0,22.0,0.0,0.0,72.0,60.0,70.0,60.0,81.0,71.0,74.0,0.0,0.0,0.0,0.0,0.0,0.0
0,0.0,0.0,14.0,1.0,0.0,72.0,60.0,70.0,60.0,81.0,71.0,74.0,0.0,0.0,0.0,0.0,0.0,0.0
0,0.0,0.0,27.0,0.0,0.0,72.0,49.0,51.0,44.0,87.0,70.0,83.0,0.0,0.0,0.0,0.0,0.0,0.0
0,0.0,0.0,65.0,1.0,2.0,71.0,70.0,69.0,66.0,78.0,60.0,70.0,0.0,0.0,0.0,0.0,0.0,0.0
0,0.0,0.0,12.0,0.0,0.0,71.0,67.0,79.0,65.0,73.0,61.0,70.0,0.0,0.0,0.0,0.0,0.0,0.0
0,0.0,0.0,0.0,0.0,0.0,71.0,49.0,54.0,45.0,83.0,70.0,84.0,0.0,0.0,0.0,0.0,0.0,0.0
0,0.0,0.0,82.0,0.0,1.0,71.0,61.0,67.0,56.0,78.0,77.0,75.0,0.0,0.0,0.0,0.0,0.0,0.0
0,0.0,0.0,23.0,0.0,0.0,71.0,62.0,66.0,57.0,78.0,64.0,79.0,0.0,0.0,0.0,0.0,0.0,0.0
0,0.0,0.0,16.0,0.0,0.0,71.0,58.0,70.0,50.0,83.0,61.0,77.0,0.0,0.0,0.0,0.0,0.0,0.0
0,0.0,0.0,4.0,0.0,0.0,71.0,54.0,63.0,55.0,82.0,64.0,80.0,0.0,0.0,0.0,0.0,0.0,0.0
0,0.0,0.0,0.0,0.0,0.0,71.0,54.0,63.0,55.0,82.0,64.0,80.0,0.0,0.0,0.0,0.0,0.0,0.0
0,0.0,0.0,0.0,0.0,0.0,71.0,54.0,63.0,55.0,82.0,64.0,80.0,0.0,0.0,0.0,0.0,0.0,0.0
0,0.0,0.0,33.0,0.0,0.0,71.0,54.0,63.0,55.0,82.0,64.0,80.0,0.0,0.0,0.0,0.0,0.0,0.0
0,0.0,0.0,13.0,0.0,0.0,71.0,65.0,70.0,67.0,78.0,60.0,77.0,0.0,0.0,0.0,0.0,0.0,0.0
0,0.0,0.0,51.0,0.0,0.0,70.0,47.0,53.0,49.0,87.0,63.0,84.0,0.0,0.0,0.0,0.0,0.0,0.0
0,0.0,0.0,16.0,0.0,0.0,70.0,61.0,66.0,63.0,79.0,64.0,76.0,0.0,0.0,0.0,0.0,0.0,0.0
0,0.0,0.0,31.0,0.0,0.0,70.0,62.0,79.0,66.0,76.0,54.0,71.0,0.0,0.0,0.0,0.0,0.0,0.0
0,0.0,0.0,34.0,0.0,0.0,70.0,50.0,55.0,52.0,85.0,65.0,82.0,0.0,0.0,0.0,0.0,0.0,0.0
0,0.0,0.0,0.0,0.0,0.0,70.0,66.0,68.0,68.0,76.0,57.0,74.0,0.0,0.0,0.0,0.0,0.0,0.0
0,0.0,0.0,7.0,0.0,0.0,69.0,50.0,67.0,47.0,80.0,68.0,76.0,0.0,0.0,0.0,0.0,0.0,0.0
0,0.0,0.0,12.0,0.0,0.0,69.0,55.0,64.0,53.0,84.0,63.0,75.0,0.0,0.0,0.0,0.0,0.0,0.0
0,0.0,0.0,37.0,0.0,0.0,69.0,55.0,63.0,62.0,86.0,61.0,73.0,0.0,0.0,0.0,0.0,0.0,0.0
0,0.0,0.0,23.0,0.0,0.0,69.0,64.0,74.0,64.0,74.0,63.0,70.0,0.0,0.0,0.0,0.0,0.0,0.0
0,0.0,0.0,0.0,0.0,0.0,68.0,66.0,67.0,62.0,78.0,66.0,69.0,0.0,0.0,0.0,0.0,0.0,0.0
0,0.0,0.0,28.0,0.0,0.0,68.0,66.0,70.0,63.0,72.0,58.0,73.0,0.0,0.0,0.0,0.0,0.0,0.0
0,0.0,0.0,0.0,0.0,0.0,68.0,52.0,53.0,51.0,86.0,68.0,74.0,0.0,0.0,0.0,0.0,0.0,0.0
0,0.0,0.0,0.0,0.0,0.0,68.0,59.0,63.0,60.0,80.0,69.0,74.0,0.0,0.0,0.0,0.0,0.0,0.0
0,0.0,0.0,0.0,0.0,0.0,68.0,59.0,63.0,60.0,80.0,69.0,74.0,0.0,0.0,0.0,0.0,0.0,0.0
0,0.0,0.0,0.0,0.0,0.0,68.0,59.0,63.0,60.0,80.0,69.0,74.0,0.0,0.0,0.0,0.0,0.0,0.0
0,0.0,0.0,0.0,0.0,0.0,68.0,60.0,67.0,50.0,77.0,65.0,78.0,0.0,0.0,0.0,0.0,0.0,0.0
0,0.0,0.0,12.0,0.0,0.0,68.0,62.0,68.0,62.0,77.0,56.0,75.0,0.0,0.0,0.0,0.0,0.0,0.0
0,0.0,0.0,46.0,0.0,0.0,68.0,67.0,70.0,64.0,70.0,67.0,70.0,0.0,0.0,0.0,0.0,0.0,0.0
0,0.0,0.0,38.0,0.0,0.0,67.0,70.0,74.0,66.0,73.0,55.0,65.0,0.0,0.0,0.0,0.0,0.0,0.0
0,0.0,0.0,0.0,0.0,0.0,67.0,70.0,74.0,67.0,67.0,55.0,68.0,0.0,0.0,0.0,0.0,0.0,0.0
0,0.0,0.0,49.0,0.0,0.0,67.0,70.0,74.0,67.0,67.0,55.0,68.0,0.0,0.0,0.0,0.0,0.0,0.0
0,0.0,0.0,0.0,0.0,0.0,67.0,62.0,68.0,59.0,77.0,64.0,71.0,0.0,0.0,0.0,0.0,0.0,0.0
0,0.0,0.0,63.0,1.0,2.0,67.0,73.0,79.0,68.0,70.0,44.0,65.0,0.0,0.0,0.0,0.0,0.0,0.0
0,0.0,0.0,41.0,0.0,0.0,67.0,50.0,55.0,48.0,86.0,75.0,82.0,0.0,0.0,0.0,0.0,0.0,0.0
0,0.0,0.0,1.0,0.0,0.0,67.0,62.0,72.0,61.0,78.0,55.0,70.0,0.0,0.0,0.0,0.0,0.0,0.0
0,0.0,0.0,0.0,0.0,0.0,67.0,62.0,60.0,65.0,76.0,68.0,74.0,0.0,0.0,0.0,0.0,0.0,0.0
0,0.0,0.0,0.0,0.0,0.0,66.0,52.0,57.0,53.0,82.0,77.0,78.0,0.0,0.0,0.0,0.0,0.0,0.0
0,0.0,0.0,3.0,0.0,0.0,66.0,71.0,81.0,68.0,70.0,47.0,62.0,0.0,0.0,0.0,0.0,0.0,0.0
0,0.0,0.0,11.0,0.0,0.0,66.0,60.0,74.0,57.0,74.0,60.0,73.0,0.0,0.0,0.0,0.0,0.0,0.0
0,0.0,0.0,0.0,0.0,0.0,66.0,54.0,59.0,62.0,80.0,57.0,79.0,0.0,0.0,0.0,0.0,0.0,0.0
0,0.0,0.0,3.0,0.0,0.0,66.0,65.0,67.0,66.0,74.0,61.0,68.0,0.0,0.0,0.0,0.0,0.0,0.0
0,0.0,0.0,27.0,0.0,0.0,66.0,72.0,78.0,72.0,67.0,44.0,64.0,0.0,0.0,0.0,0.0,0.0,0.0
0,0.0,0.0,3.0,0.0,0.0,66.0,72.0,78.0,72.0,67.0,44.0,64.0,0.0,0.0,0.0,0.0,0.0,0.0
0,0.0,0.0,27.0,0.0,0.0,66.0,72.0,78.0,72.0,67.0,44.0,64.0,0.0,0.0,0.0,0.0,0.0,0.0
0,0.0,0.0,0.0,0.0,0.0,66.0,72.0,78.0,72.0,67.0,44.0,64.0,0.0,0.0,0.0,0.0,0.0,0.0
0,0.0,0.0,5.0,0.0,0.0,66.0,72.0,78.0,72.0,67.0,44.0,64.0,0.0,0.0,0.0,0.0,0.0,0.0
0,0.0,0.0,3.0,0.0,0.0,66.0,67.0,65.0,60.0,70.0,60.0,73.0,0.0,0.0,0.0,0.0,0.0,0.0
0,0.0,0.0,24.0,0.0,0.0,66.0,64.0,77.0,64.0,69.0,60.0,66.0,0.0,0.0,0.0,0.0,0.0,0.0
0,0.0,0.0,20.0,0.0,0.0,66.0,61.0,65.0,63.0,73.0,70.0,71.0,0.0,0.0,0.0,0.0,0.0,0.0
0,0.0,0.0,21.0,0.0,0.0,65.0,60.0,64.0,61.0,76.0,56.0,74.0,0.0,0.0,0.0,0.0,0.0,0.0
0,0.0,0.0,18.0,0.0,0.0,65.0,59.0,66.0,60.0,75.0,70.0,69.0,0.0,0.0,0.0,0.0,0.0,0.0
0,0.0,0.0,34.0,0.0,0.0,65.0,51.0,54.0,44.0,79.0,67.0,78.0,0.0,0.0,0.0,0.0,0.0,0.0
0,0.0,0.0,54.0,0.0,0.0,65.0,63.0,75.0,66.0,74.0,48.0,67.0,0.0,0.0,0.0,0.0,0.0,0.0
0,0.0,0.0,1.0,0.0,0.0,65.0,71.0,75.0,68.0,68.0,44.0,66.0,0.0,0.0,0.0,0.0,0.0,0.0
0,0.0,0.0,7.0,0.0,0.0,65.0,48.0,58.0,52.0,86.0,57.0,75.0,0.0,0.0,0.0,0.0,0.0,0.0
0,0.0,0.0,14.0,0.0,0.0,65.0,48.0,58.0,52.0,86.0,57.0,75.0,0.0,0.0,0.0,0.0,0.0,0.0
0,0.0,0.0,32.0,0.0,0.0,65.0,63.0,70.0,63.0,72.0,57.0,70.0,0.0,0.0,0.0,0.0,0.0,0.0
0,0.0,0.0,1.0,0.0,0.0,65.0,53.0,66.0,55.0,87.0,49.0,74.0,0.0,0.0,0.0,0.0,0.0,0.0
0,0.0,0.0,26.0,0.0,0.0,64.0,61.0,56.0,60.0,76.0,67.0,74.0,0.0,0.0,0.0,0.0,0.0,0.0
0,0.0,0.0,0.0,0.0,0.0,64.0,49.0,50.0,50.0,84.0,60.0,77.0,0.0,0.0,0.0,0.0,0.0,0.0
0,0.0,0.0,7.0,0.0,0.0,64.0,54.0,60.0,57.0,82.0,55.0,75.0,0.0,0.0,0.0,0.0,0.0,0.0
0,0.0,0.0,13.0,0.0,0.0,64.0,54.0,42.0,55.0,88.0,56.0,77.0,0.0,0.0,0.0,0.0,0.0,0.0
0,0.0,0.0,0.0,0.0,0.0,64.0,62.0,60.0,60.0,76.0,54.0,74.0,0.0,0.0,0.0,0.0,0.0,0.0
0,0.0,0.0,5.0,0.0,0.0,63.0,64.0,74.0,59.0,78.0,48.0,70.0,0.0,0.0,0.0,0.0,0.0,0.0
0,0.0,0.0,0.0,0.0,0.0,63.0,50.0,54.0,46.0,78.0,66.0,75.0,0.0,0.0,0.0,0.0,0.0,0.0
0,0.0,0.0,0.0,0.0,0.0,63.0,49.0,55.0,53.0,84.0,55.0,75.0,0.0,0.0,0.0,0.0,0.0,0.0
0,0.0,0.0,1.0,0.0,0.0,63.0,49.0,55.0,53.0,84.0,55.0,75.0,0.0,0.0,0.0,0.0,0.0,0.0
0,0.0,0.0,3.0,0.0,0.0,63.0,55.0,62.0,54.0,83.0,46.0,76.0,0.0,0.0,0.0,0.0,0.0,0.0
0,0.0,0.0,0.0,0.0,0.0,63.0,48.0,64.0,47.0,74.0,67.0,80.0,0.0,0.0,0.0,0.0,0.0,0.0
0,0.0,0.0,4.0,0.0,0.0,63.0,58.0,57.0,55.0,77.0,60.0,75.0,0.0,0.0,0.0,0.0,0.0,0.0
0,0.0,0.0,1.0,0.0,0.0,63.0,64.0,60.0,59.0,74.0,50.0,75.0,0.0,0.0,0.0,0.0,0.0,0.0
0,0.0,0.0,0.0,0.0,0.0,63.0,64.0,66.0,64.0,72.0,57.0,68.0,0.0,0.0,0.0,0.0,0.0,0.0
0,0.0,0.0,1.0,0.0,0.0,63.0,69.0,71.0,60.0,69.0,45.0,68.0,0.0,0.0,0.0,0.0,0.0,0.0
0,0.0,0.0,0.0,0.0,0.0,63.0,62.0,60.0,61.0,78.0,52.0,75.0,0.0,0.0,0.0,0.0,0.0,0.0
0,0.0,0.0,12.0,0.0,0.0,62.0,60.0,67.0,63.0,71.0,50.0,71.0,0.0,0.0,0.0,0.0,0.0,0.0
0,0.0,0.0,4.0,0.0,0.0,62.0,64.0,65.0,62.0,70.0,42.0,74.0,0.0,0.0,0.0,0.0,0.0,0.0
0,0.0,0.0,0.0,0.0,0.0,62.0,47.0,52.0,48.0,81.0,58.0,77.0,0.0,0.0,0.0,0.0,0.0,0.0
0,0.0,0.0,0.0,0.0,0.0,62.0,64.0,65.0,66.0,72.0,55.0,66.0,0.0,0.0,0.0,0.0,0.0,0.0
0,0.0,0.0,2.0,0.0,0.0,62.0,53.0,50.0,53.0,81.0,60.0,74.0,0.0,0.0,0.0,0.0,0.0,0.0
0,0.0,0.0,43.0,0.0,0.0,62.0,69.0,66.0,65.0,67.0,48.0,68.0,0.0,0.0,0.0,0.0,0.0,0.0
0,0.0,0.0,58.0,0.0,1.0,61.0,62.0,59.0,63.0,70.0,57.0,71.0,0.0,0.0,0.0,0.0,0.0,0.0
0,0.0,0.0,42.0,0.0,0.0,61.0,52.0,58.0,46.0,84.0,44.0,79.0,0.0,0.0,0.0,0.0,0.0,0.0
0,0.0,0.0,55.0,0.0,2.0,61.0,54.0,58.0,56.0,84.0,55.0,72.0,0.0,0.0,0.0,0.0,0.0,0.0
0,0.0,0.0,9.0,0.0,0.0,61.0,55.0,56.0,57.0,80.0,55.0,71.0,0.0,0.0,0.0,0.0,0.0,0.0
0,0.0,0.0,0.0,0.0,0.0,60.0,49.0,56.0,50.0,79.0,56.0,74.0,0.0,0.0,0.0,0.0,0.0,0.0
0,0.0,0.0,0.0,0.0,0.0,60.0,49.0,56.0,50.0,79.0,56.0,74.0,0.0,0.0,0.0,0.0,0.0,0.0
0,0.0,0.0,19.0,0.0,0.0,60.0,49.0,56.0,50.0,79.0,56.0,74.0,0.0,0.0,0.0,0.0,0.0,0.0
0,0.0,0.0,1.0,0.0,0.0,60.0,60.0,71.0,60.0,82.0,37.0,70.0,0.0,0.0,0.0,0.0,0.0,0.0
0,0.0,0.0,30.0,0.0,0.0,60.0,56.0,55.0,58.0,82.0,51.0,73.0,0.0,0.0,0.0,0.0,0.0,0.0
0,0.0,0.0,0.0,0.0,0.0,60.0,50.0,50.0,52.0,80.0,53.0,79.0,0.0,0.0,0.0,0.0,0.0,0.0
0,0.0,0.0,15.0,0.0,1.0,60.0,64.0,67.0,62.0,66.0,56.0,66.0,0.0,0.0,0.0,0.0,0.0,0.0
0,0.0,0.0,23.0,0.0,1.0,60.0,55.0,72.0,60.0,75.0,49.0,71.0,0.0,0.0,0.0,0.0,0.0,0.0
0,0.0,0.0,1.0,0.0,0.0,60.0,55.0,72.0,60.0,75.0,49.0,71.0,0.0,0.0,0.0,0.0,0.0,0.0
0,0.0,0.0,2.0,0.0,0.0,59.0,60.0,72.0,61.0,65.0,43.0,70.0,0.0,0.0,0.0,0.0,0.0,0.0
0,0.0,0.0,2.0,0.0,0.0,59.0,52.0,56.0,54.0,80.0,49.0,75.0,0.0,0.0,0.0,0.0,0.0,0.0
0,0.0,0.0,36.0,0.0,0.0,59.0,53.0,60.0,51.0,84.0,47.0,69.0,0.0,0.0,0.0,0.0,0.0,0.0
0,0.0,0.0,11.0,0.0,0.0,58.0,56.0,54.0,56.0,82.0,50.0,68.0,0.0,0.0,0.0,0.0,0.0,0.0
0,0.0,0.0,0.0,0.0,0.0,58.0,55.0,60.0,58.0,79.0,50.0,68.0,0.0,0.0,0.0,0.0,0.0,0.0
0,0.0,0.0,4.0,0.0,0.0,58.0,65.0,65.0,53.0,73.0,37.0,68.0,0.0,0.0,0.0,0.0,0.0,0.0
0,0.0,0.0,0.0,0.0,0.0,58.0,56.0,63.0,58.0,78.0,50.0,67.0,0.0,0.0,0.0,0.0,0.0,0.0
0,0.0,0.0,0.0,0.0,0.0,58.0,65.0,66.0,59.0,70.0,44.0,66.0,0.0,0.0,0.0,0.0,0.0,0.0
0,0.0,0.0,0.0,0.0,0.0,58.0,54.0,55.0,49.0,82.0,46.0,73.0,0.0,0.0,0.0,0.0,0.0,0.0
0,0.0,0.0,10.0,0.0,0.0,58.0,55.0,58.0,60.0,73.0,48.0,73.0,0.0,0.0,0.0,0.0,0.0,0.0
0,0.0,0.0,0.0,0.0,0.0,57.0,53.0,50.0,52.0,79.0,65.0,72.0,0.0,0.0,0.0,0.0,0.0,0.0
0,0.0,0.0,12.0,0.0,0.0,57.0,52.0,59.0,55.0,72.0,65.0,70.0,0.0,0.0,0.0,0.0,0.0,0.0
0,0.0,0.0,0.0,0.0,0.0,56.0,53.0,49.0,59.0,85.0,49.0,69.0,0.0,0.0,0.0,0.0,0.0,0.0
0,0.0,0.0,6.0,0.0,0.0,56.0,49.0,55.0,54.0,78.0,55.0,72.0,0.0,0.0,0.0,0.0,0.0,0.0
0,0.0,0.0,22.0,0.0,0.0,56.0,50.0,48.0,44.0,82.0,46.0,76.0,0.0,0.0,0.0,0.0,0.0,0.0
0,0.0,0.0,13.0,0.0,0.0,55.0,53.0,59.0,60.0,84.0,37.0,67.0,0.0,0.0,0.0,0.0,0.0,0.0
0,0.0,0.0,0.0,0.0,0.0,55.0,52.0,55.0,50.0,77.0,45.0,74.0,0.0,0.0,0.0,0.0,0.0,0.0
0,0.0,0.0,0.0,0.0,0.0,54.0,56.0,58.0,60.0,69.0,44.0,69.0,0.0,0.0,0.0,0.0,0.0,0.0
0,0.0,0.0,0.0,0.0,0.0,54.0,48.0,50.0,45.0,78.0,45.0,75.0,0.0,0.0,0.0,0.0,0.0,0.0
0,0.0,0.0,0.0,0.0,0.0,54.0,57.0,60.0,55.0,73.0,45.0,66.0,0.0,0.0,0.0,0.0,0.0,0.0
0,0.0,0.0,0.0,0.0,0.0,52.0,62.0,60.0,58.0,72.0,56.0,55.0,0.0,0.0,0.0,0.0,0.0,0.0
0,0.0,0.0,31.0,0.0,0.0,52.0,62.0,55.0,62.0,69.0,41.0,65.0,0.0,0.0,0.0,0.0,0.0,0.0
0,0.0,0.0,0.0,0.0,0.0,49.0,40.0,42.0,42.0,78.0,46.0,72.0,0.0,0.0,0.0,0.0,0.0,0.0
0,0.0,0.0,0.0,0.0,0.0,47.0,46.0,44.0,43.0,79.0,37.0,71.0,0.0,0.0,0.0,0.0,0.0,0.0
0,0.0,0.0,45.0,0.0,1.0,88.0,79.0,85.0,76.0,75.0,82.0,76.0,0.0,0.0,0.0,0.0,0.0,0.0
0,0.0,0.0,4.0,0.0,0.0,78.0,62.0,80.0,61.0,84.0,67.0,77.0,0.0,0.0,0.0,0.0,0.0,0.0
0,0.0,0.0,0.0,0.0,0.0,78.0,65.0,67.0,64.0,84.0,70.0,82.0,0.0,0.0,0.0,0.0,0.0,0.0
0,0.0,0.0,61.0,0.0,0.0,77.0,71.0,76.0,70.0,74.0,67.0,75.0,0.0,0.0,0.0,0.0,0.0,0.0
0,0.0,0.0,0.0,0.0,0.0,75.0,65.0,70.0,65.0,79.0,69.0,77.0,0.0,0.0,0.0,0.0,0.0,0.0
0,0.0,0.0,69.0,0.0,3.0,73.0,65.0,86.0,64.0,85.0,48.0,75.0,0.0,0.0,0.0,0.0,0.0,0.0
0,0.0,0.0,4.0,0.0,0.0,72.0,54.0,63.0,55.0,82.0,67.0,80.0,0.0,0.0,0.0,0.0,0.0,0.0
0,0.0,0.0,0.0,0.0,0.0,72.0,54.0,63.0,55.0,82.0,67.0,80.0,0.0,0.0,0.0,0.0,0.0,0.0
0,0.0,0.0,0.0,0.0,0.0,72.0,54.0,63.0,55.0,82.0,67.0,80.0,0.0,0.0,0.0,0.0,0.0,0.0
0,0.0,0.0,33.0,0.0,0.0,72.0,54.0,63.0,55.0,82.0,67.0,80.0,0.0,0.0,0.0,0.0,0.0,0.0
0,0.0,0.0,23.0,0.0,1.0,69.0,59.0,74.0,60.0,77.0,61.0,76.0,0.0,0.0,0.0,0.0,0.0,0.0
0,0.0,0.0,1.0,0.0,0.0,69.0,59.0,74.0,60.0,77.0,61.0,76.0,0.0,0.0,0.0,0.0,0.0,0.0
0,0.0,0.0,27.0,0.0,0.0,69.0,73.0,80.0,73.0,67.0,57.0,64.0,0.0,0.0,0.0,0.0,0.0,0.0
0,0.0,0.0,3.0,0.0,0.0,69.0,73.0,80.0,73.0,67.0,57.0,64.0,0.0,0.0,0.0,0.0,0.0,0.0
0,0.0,0.0,27.0,0.0,0.0,69.0,73.0,80.0,73.0,67.0,57.0,64.0,0.0,0.0,0.0,0.0,0.0,0.0
0,0.0,0.0,0.0,0.0,0.0,69.0,73.0,80.0,73.0,67.0,57.0,64.0,0.0,0.0,0.0,0.0,0.0,0.0
0,0.0,0.0,5.0,0.0,0.0,69.0,73.0,80.0,73.0,67.0,57.0,64.0,0.0,0.0,0.0,0.0,0.0,0.0
0,0.0,0.0,67.0,1.0,2.0,92.0,73.0,80.0,73.0,82.0,86.0,85.0,0.0,0.0,0.0,0.0,0.0,0.0
0,0.0,0.0,0.0,0.0,0.0,90.0,67.0,86.0,66.0,85.0,76.0,87.0,0.0,0.0,0.0,0.0,0.0,0.0
0,0.0,0.0,0.0,0.0,0.0,84.0,53.0,63.0,48.0,89.0,84.0,87.0,0.0,0.0,0.0,0.0,0.0,0.0
0,0.0,0.0,40.0,0.0,0.0,84.0,72.0,76.0,68.0,76.0,84.0,81.0,0.0,0.0,0.0,0.0,0.0,0.0
0,0.0,0.0,0.0,0.0,0.0,81.0,60.0,67.0,52.0,84.0,83.0,81.0,0.0,0.0,0.0,0.0,0.0,0.0
0,0.0,0.0,35.0,0.0,0.0,81.0,60.0,67.0,52.0,84.0,83.0,81.0,0.0,0.0,0.0,0.0,0.0,0.0
0,0.0,0.0,41.0,0.0,0.0,78.0,64.0,62.0,60.0,84.0,77.0,84.0,0.0,0.0,0.0,0.0,0.0,0.0
0,0.0,0.0,1.0,0.0,0.0,77.0,72.0,77.0,75.0,67.0,66.0,77.0,0.0,0.0,0.0,0.0,0.0,0.0
0,0.0,0.0,4.0,0.0,0.0,60.0,65.0,70.0,63.0,75.0,49.0,68.0,0.0,0.0,0.0,0.0,0.0,0.0
0,0.0,0.0,61.0,0.0,0.0,85.0,55.0,62.0,57.0,88.0,83.0,88.0,0.0,0.0,0.0,0.0,0.0,0.0
0,0.0,0.0,41.0,0.0,0.0,83.0,68.0,78.0,66.0,80.0,78.0,81.0,0.0,0.0,0.0,0.0,0.0,0.0
0,0.0,0.0,0.0,0.0,0.0,80.0,70.0,83.0,66.0,74.0,72.0,76.0,0.0,0.0,0.0,0.0,0.0,0.0
0,0.0,0.0,32.0,0.0,0.0,74.0,61.0,77.0,61.0,86.0,56.0,76.0,0.0,0.0,0.0,0.0,0.0,0.0
0,0.0,0.0,0.0,0.0,0.0,73.0,49.0,55.0,49.0,88.0,66.0,84.0,0.0,0.0,0.0,0.0,0.0,0.0
0,0.0,0.0,55.0,0.0,0.0,63.0,60.0,59.0,62.0,73.0,57.0,75.0,0.0,0.0,0.0,0.0,0.0,0.0
0,0.0,0.0,42.0,0.0,0.0,61.0,52.0,58.0,46.0,84.0,44.0,79.0,0.0,0.0,0.0,0.0,0.0,0.0
0,0.0,0.0,0.0,0.0,0.0,61.0,55.0,70.0,57.0,78.0,52.0,67.0,0.0,0.0,0.0,0.0,0.0,0.0
0,0.0,0.0,0.0,0.0,0.0,92.0,57.0,65.0,58.0,94.0,85.0,92.0,0.0,0.0,0.0,0.0,0.0,0.0
0,0.0,0.0,0.0,0.0,0.0,89.0,50.0,60.0,45.0,93.0,90.0,92.0,0.0,0.0,0.0,0.0,0.0,0.0
0,0.0,0.0,77.0,0.0,3.0,89.0,50.0,60.0,45.0,93.0,90.0,92.0,0.0,0.0,0.0,0.0,0.0,0.0
0,0.0,0.0,62.0,0.0,2.0,86.0,74.0,85.0,71.0,76.0,77.0,78.0,0.0,0.0,0.0,0.0,0.0,0.0
0,0.0,0.0,27.0,0.0,0.0,75.0,49.0,61.0,44.0,87.0,72.0,83.0,0.0,0.0,0.0,0.0,0.0,0.0
0,0.0,0.0,23.0,0.0,0.0,75.0,65.0,72.0,63.0,81.0,72.0,74.0,0.0,0.0,0.0,0.0,0.0,0.0
0,0.0,0.0,37.0,0.0,0.0,73.0,58.0,68.0,65.0,86.0,62.0,76.0,0.0,0.0,0.0,0.0,0.0,0.0
0,0.0,0.0,46.0,0.0,0.0,73.0,69.0,74.0,70.0,72.0,68.0,72.0,0.0,0.0,0.0,0.0,0.0,0.0
0,0.0,0.0,20.0,0.0,0.0,73.0,74.0,78.0,75.0,67.0,74.0,65.0,0.0,0.0,0.0,0.0,0.0,0.0
0,0.0,0.0,36.0,0.0,0.0,71.0,53.0,62.0,51.0,86.0,63.0,78.0,0.0,0.0,0.0,0.0,0.0,0.0
0,0.0,0.0,68.0,2.0,4.0,98.0,66.0,87.0,68.0,93.0,81.0,91.0,0.0,0.0,0.0,0.0,0.0,0.0
0,0.0,0.0,4.0,0.0,0.0,98.0,66.0,87.0,68.0,93.0,81.0,91.0,0.0,0.0,0.0,0.0,0.0,0.0
0,0.0,0.0,130.0,3.0,9.0,94.0,84.0,93.0,87.0,77.0,73.0,77.0,0.0,0.0,0.0,0.0,0.0,0.0
0,0.0,0.0,54.0,0.0,1.0,93.0,75.0,84.0,75.0,78.0,87.0,85.0,0.0,0.0,0.0,0.0,0.0,0.0
0,0.0,0.0,51.0,0.0,0.0,90.0,59.0,68.0,54.0,90.0,90.0,86.0,0.0,0.0,0.0,0.0,0.0,0.0
0,0.0,0.0,30.0,0.0,0.0,83.0,54.0,58.0,52.0,89.0,82.0,87.0,0.0,0.0,0.0,0.0,0.0,0.0
0,0.0,0.0,0.0,0.0,0.0,83.0,74.0,78.0,72.0,76.0,77.0,78.0,0.0,0.0,0.0,0.0,0.0,0.0
0,0.0,0.0,34.0,0.0,0.0,79.0,69.0,75.0,68.0,76.0,76.0,77.0,0.0,0.0,0.0,0.0,0.0,0.0
0,0.0,0.0,0.0,0.0,0.0,76.0,52.0,53.0,51.0,88.0,72.0,85.0,0.0,0.0,0.0,0.0,0.0,0.0
0,0.0,0.0,0.0,0.0,0.0,84.0,62.0,69.0,64.0,84.0,80.0,85.0,0.0,0.0,0.0,0.0,0.0,0.0
0,0.0,0.0,59.0,0.0,0.0,83.0,77.0,87.0,74.0,70.0,72.0,74.0,0.0,0.0,0.0,0.0,0.0,0.0
0,0.0,0.0,56.0,0.0,3.0,82.0,70.0,90.0,66.0,85.0,60.0,79.0,0.0,0.0,0.0,0.0,0.0,0.0
0,0.0,0.0,23.0,0.0,0.0,81.0,57.0,66.0,55.0,89.0,72.0,85.0,0.0,0.0,0.0,0.0,0.0,0.0
0,0.0,0.0,49.0,0.0,0.0,80.0,68.0,75.0,66.0,82.0,70.0,79.0,0.0,0.0,0.0,0.0,0.0,0.0
0,0.0,0.0,8.0,0.0,0.0,80.0,68.0,75.0,66.0,82.0,70.0,79.0,0.0,0.0,0.0,0.0,0.0,0.0
0,0.0,0.0,22.0,0.0,0.0,64.0,62.0,70.0,60.0,81.0,47.0,72.0,0.0,0.0,0.0,0.0,0.0,0.0
0,0.0,0.0,0.0,0.0,0.0,62.0,70.0,74.0,69.0,63.0,45.0,64.0,0.0,0.0,0.0,0.0,0.0,0.0
0,0.0,0.0,10.0,0.0,0.0,60.0,55.0,58.0,60.0,73.0,63.0,73.0,0.0,0.0,0.0,0.0,0.0,0.0
0,0.0,0.0,101.0,1.0,5.0,89.0,74.0,86.0,69.0,83.0,74.0,80.0,0.0,0.0,0.0,0.0,0.0,0.0
0,0.0,0.0,0.0,0.0,0.0,89.0,74.0,86.0,69.0,83.0,74.0,80.0,0.0,0.0,0.0,0.0,0.0,0.0
0,0.0,0.0,42.0,0.0,0.0,88.0,58.0,65.0,58.0,89.0,87.0,87.0,0.0,0.0,0.0,0.0,0.0,0.0
0,0.0,0.0,51.0,0.0,0.0,87.0,64.0,73.0,65.0,86.0,77.0,87.0,0.0,0.0,0.0,0.0,0.0,0.0
0,0.0,0.0,0.0,0.0,0.0,86.0,64.0,75.0,63.0,85.0,79.0,84.0,0.0,0.0,0.0,0.0,0.0,0.0
0,0.0,0.0,32.0,0.0,0.0,86.0,64.0,75.0,63.0,85.0,79.0,84.0,0.0,0.0,0.0,0.0,0.0,0.0
0,0.0,0.0,39.0,0.0,0.0,80.0,70.0,82.0,73.0,71.0,83.0,73.0,0.0,0.0,0.0,0.0,0.0,0.0
0,0.0,0.0,0.0,0.0,0.0,77.0,63.0,66.0,64.0,85.0,73.0,79.0,0.0,0.0,0.0,0.0,0.0,0.0
0,0.0,0.0,10.0,0.0,0.0,77.0,63.0,66.0,64.0,85.0,73.0,79.0,0.0,0.0,0.0,0.0,0.0,0.0
0,0.0,0.0,0.0,0.0,0.0,69.0,64.0,80.0,64.0,85.0,44.0,73.0,0.0,0.0,0.0,0.0,0.0,0.0
0,0.0,0.0,1.0,0.0,0.0,66.0,68.0,76.0,65.0,68.0,53.0,68.0,0.0,0.0,0.0,0.0,0.0,0.0
0,0.0,0.0,54.0,0.0,0.0,86.0,63.0,74.0,59.0,86.0,78.0,86.0,0.0,0.0,0.0,0.0,0.0,0.0
0,0.0,0.0,49.0,0.0,0.0,86.0,64.0,80.0,64.0,91.0,65.0,85.0,0.0,0.0,0.0,0.0,0.0,0.0
0,0.0,0.0,27.0,0.0,0.0,86.0,75.0,78.0,71.0,87.0,70.0,77.0,0.0,0.0,0.0,0.0,0.0,0.0
0,0.0,0.0,2.0,0.0,0.0,86.0,75.0,78.0,71.0,87.0,70.0,77.0,0.0,0.0,0.0,0.0,0.0,0.0
0,0.0,0.0,51.0,0.0,0.0,85.0,71.0,80.0,68.0,78.0,82.0,80.0,0.0,0.0,0.0,0.0,0.0,0.0
0,0.0,0.0,34.0,0.0,0.0,83.0,65.0,83.0,60.0,84.0,70.0,82.0,0.0,0.0,0.0,0.0,0.0,0.0
0,0.0,0.0,37.0,0.0,0.0,81.0,72.0,79.0,67.0,74.0,74.0,78.0,0.0,0.0,0.0,0.0,0.0,0.0
0,0.0,0.0,0.0,0.0,0.0,78.0,68.0,72.0,69.0,82.0,68.0,77.0,0.0,0.0,0.0,0.0,0.0,0.0
0,0.0,0.0,22.0,0.0,0.0,72.0,52.0,60.0,50.0,87.0,61.0,83.0,0.0,0.0,0.0,0.0,0.0,0.0
0,0.0,0.0,0.0,0.0,0.0,66.0,66.0,64.0,60.0,78.0,54.0,72.0,0.0,0.0,0.0,0.0,0.0,0.0
0,0.0,0.0,15.0,0.0,0.0,57.0,49.0,54.0,46.0,79.0,48.0,75.0,0.0,0.0,0.0,0.0,0.0,0.0
0,0.0,0.0,89.0,1.0,6.0,97.0,64.0,76.0,64.0,90.0,89.0,94.0,0.0,0.0,0.0,0.0,0.0,0.0
0,0.0,0.0,68.0,0.0,1.0,92.0,74.0,82.0,72.0,83.0,86.0,84.0,0.0,0.0,0.0,0.0,0.0,0.0
0,0.0,0.0,42.0,0.0,1.0,88.0,70.0,84.0,73.0,82.0,85.0,78.0,0.0,0.0,0.0,0.0,0.0,0.0
0,0.0,0.0,8.0,0.0,0.0,83.0,62.0,68.0,54.0,86.0,75.0,88.0,0.0,0.0,0.0,0.0,0.0,0.0
0,0.0,0.0,16.0,0.0,0.0,77.0,63.0,72.0,54.0,85.0,65.0,80.0,0.0,0.0,0.0,0.0,0.0,0.0
0,0.0,0.0,3.0,0.0,0.0,75.0,62.0,71.0,64.0,86.0,65.0,73.0,0.0,0.0,0.0,0.0,0.0,0.0
0,0.0,0.0,38.0,0.0,0.0,73.0,72.0,76.0,66.0,76.0,59.0,70.0,0.0,0.0,0.0,0.0,0.0,0.0
0,0.0,0.0,11.0,0.0,0.0,71.0,70.0,75.0,68.0,75.0,64.0,66.0,0.0,0.0,0.0,0.0,0.0,0.0
0,0.0,0.0,80.0,1.0,4.0,95.0,70.0,78.0,67.0,91.0,86.0,91.0,0.0,0.0,0.0,0.0,0.0,0.0
0,0.0,0.0,51.0,0.0,2.0,83.0,48.0,58.0,45.0,89.0,88.0,87.0,0.0,0.0,0.0,0.0,0.0,0.0
0,0.0,0.0,32.0,0.0,0.0,82.0,75.0,82.0,71.0,75.0,70.0,76.0,0.0,0.0,0.0,0.0,0.0,0.0
0,0.0,0.0,31.0,0.0,0.0,80.0,72.0,78.0,68.0,74.0,78.0,75.0,0.0,0.0,0.0,0.0,0.0,0.0
0,0.0,0.0,18.0,0.0,0.0,75.0,52.0,59.0,52.0,86.0,70.0,83.0,0.0,0.0,0.0,0.0,0.0,0.0
0,0.0,0.0,12.0,0.0,0.0,75.0,65.0,77.0,66.0,80.0,64.0,77.0,0.0,0.0,0.0,0.0,0.0,0.0
0,0.0,0.0,13.0,0.0,0.0,72.0,62.0,72.0,64.0,86.0,62.0,70.0,0.0,0.0,0.0,0.0,0.0,0.0
0,0.0,0.0,1.0,0.0,0.0,70.0,58.0,70.0,59.0,86.0,52.0,77.0,0.0,0.0,0.0,0.0,0.0,0.0
0,0.0,0.0,0.0,0.0,0.0,63.0,67.0,76.0,69.0,66.0,46.0,65.0,0.0,0.0,0.0,0.0,0.0,0.0
0,0.0,0.0,57.0,0.0,3.0,90.0,64.0,78.0,65.0,91.0,75.0,88.0,0.0,0.0,0.0,0.0,0.0,0.0
0,0.0,0.0,60.0,0.0,0.0,87.0,50.0,56.0,49.0,95.0,85.0,90.0,0.0,0.0,0.0,0.0,0.0,0.0
0,0.0,0.0,66.0,0.0,3.0,86.0,65.0,71.0,65.0,85.0,90.0,86.0,0.0,0.0,0.0,0.0,0.0,0.0
0,0.0,0.0,0.0,0.0,0.0,83.0,69.0,73.0,66.0,83.0,76.0,82.0,0.0,0.0,0.0,0.0,0.0,0.0
0,0.0,0.0,0.0,0.0,0.0,83.0,69.0,73.0,66.0,83.0,76.0,82.0,0.0,0.0,0.0,0.0,0.0,0.0
0,0.0,0.0,0.0,0.0,0.0,83.0,69.0,73.0,66.0,83.0,76.0,82.0,0.0,0.0,0.0,0.0,0.0,0.0
0,0.0,0.0,20.0,0.0,0.0,81.0,76.0,87.0,75.0,70.0,72.0,71.0,0.0,0.0,0.0,0.0,0.0,0.0
0,0.0,0.0,34.0,0.0,0.0,77.0,53.0,56.0,49.0,86.0,75.0,85.0,0.0,0.0,0.0,0.0,0.0,0.0
0,0.0,0.0,54.0,0.0,0.0,72.0,63.0,75.0,66.0,80.0,62.0,74.0,0.0,0.0,0.0,0.0,0.0,0.0
0,0.0,0.0,18.0,0.0,0.0,65.0,59.0,66.0,60.0,75.0,70.0,69.0,0.0,0.0,0.0,0.0,0.0,0.0
0,0.0,0.0,3.0,0.0,0.0,86.0,65.0,70.0,63.0,88.0,88.0,86.0,0.0,0.0,0.0,0.0,0.0,0.0
0,0.0,0.0,0.0,0.0,0.0,86.0,65.0,70.0,63.0,88.0,88.0,86.0,0.0,0.0,0.0,0.0,0.0,0.0
0,0.0,0.0,0.0,0.0,0.0,86.0,65.0,70.0,63.0,88.0,88.0,86.0,0.0,0.0,0.0,0.0,0.0,0.0
0,0.0,0.0,0.0,0.0,0.0,86.0,65.0,70.0,63.0,88.0,88.0,86.0,0.0,0.0,0.0,0.0,0.0,0.0
0,0.0,0.0,50.0,0.0,2.0,86.0,65.0,70.0,63.0,88.0,88.0,86.0,0.0,0.0,0.0,0.0,0.0,0.0
0,0.0,0.0,36.0,0.0,0.0,85.0,58.0,66.0,55.0,87.0,80.0,89.0,0.0,0.0,0.0,0.0,0.0,0.0
0,0.0,0.0,48.0,0.0,0.0,85.0,65.0,75.0,67.0,80.0,88.0,84.0,0.0,0.0,0.0,0.0,0.0,0.0
0,0.0,0.0,69.0,1.0,3.0,84.0,55.0,56.0,58.0,89.0,85.0,87.0,0.0,0.0,0.0,0.0,0.0,0.0
0,0.0,0.0,59.0,0.0,0.0,83.0,63.0,72.0,64.0,75.0,87.0,88.0,0.0,0.0,0.0,0.0,0.0,0.0
0,0.0,0.0,40.0,0.0,0.0,82.0,68.0,75.0,67.0,79.0,79.0,80.0,0.0,0.0,0.0,0.0,0.0,0.0
0,0.0,0.0,50.0,0.0,1.0,78.0,55.0,60.0,52.0,87.0,78.0,80.0,0.0,0.0,0.0,0.0,0.0,0.0
0,0.0,0.0,79.0,1.0,4.0,78.0,46.0,50.0,43.0,92.0,79.0,86.0,0.0,0.0,0.0,0.0,0.0,0.0
0,0.0,0.0,61.0,0.0,1.0,77.0,65.0,70.0,63.0,75.0,85.0,78.0,0.0,0.0,0.0,0.0,0.0,0.0
0,0.0,0.0,39.0,0.0,0.0,75.0,35.0,39.0,40.0,94.0,77.0,90.0,0.0,0.0,0.0,0.0,0.0,0.0
0,0.0,0.0,55.0,0.0,0.0,73.0,57.0,68.0,63.0,80.0,75.0,79.0,0.0,0.0,0.0,0.0,0.0,0.0
0,0.0,0.0,10.0,0.0,0.0,70.0,59.0,80.0,62.0,78.0,53.0,72.0,0.0,0.0,0.0,0.0,0.0,0.0
0,0.0,0.0,7.0,0.0,0.0,69.0,50.0,59.0,52.0,86.0,65.0,75.0,0.0,0.0,0.0,0.0,0.0,0.0
0,0.0,0.0,14.0,0.0,0.0,69.0,50.0,59.0,52.0,86.0,65.0,75.0,0.0,0.0,0.0,0.0,0.0,0.0
0,0.0,0.0,0.0,0.0,0.0,69.0,59.0,60.0,55.0,78.0,72.0,74.0,0.0,0.0,0.0,0.0,0.0,0.0
0,0.0,0.0,0.0,0.0,0.0,68.0,64.0,62.0,62.0,78.0,64.0,74.0,0.0,0.0,0.0,0.0,0.0,0.0
0,0.0,0.0,9.0,0.0,0.0,67.0,55.0,65.0,57.0,80.0,62.0,73.0,0.0,0.0,0.0,0.0,0.0,0.0
0,0.0,0.0,0.0,0.0,0.0,66.0,54.0,59.0,62.0,80.0,57.0,79.0,0.0,0.0,0.0,0.0,0.0,0.0
0,0.0,0.0,0.0,0.0,0.0,66.0,52.0,68.0,49.0,74.0,67.0,80.0,0.0,0.0,0.0,0.0,0.0,0.0
0,0.0,0.0,0.0,0.0,0.0,66.0,58.0,65.0,59.0,77.0,66.0,74.0,0.0,0.0,0.0,0.0,0.0,0.0
0,0.0,0.0,0.0,0.0,0.0,65.0,62.0,61.0,64.0,74.0,71.0,70.0,0.0,0.0,0.0,0.0,0.0,0.0
0,0.0,0.0,21.0,0.0,0.0,65.0,60.0,64.0,61.0,76.0,56.0,74.0,0.0,0.0,0.0,0.0,0.0,0.0
0,0.0,0.0,12.0,0.0,0.0,64.0,55.0,64.0,50.0,79.0,63.0,70.0,0.0,0.0,0.0,0.0,0.0,0.0
0,0.0,0.0,13.0,0.0,0.0,64.0,54.0,42.0,55.0,88.0,56.0,77.0,0.0,0.0,0.0,0.0,0.0,0.0
0,0.0,0.0,31.0,0.0,0.0,64.0,69.0,74.0,62.0,67.0,61.0,64.0,0.0,0.0,0.0,0.0,0.0,0.0
0,0.0,0.0,0.0,0.0,0.0,64.0,62.0,60.0,60.0,76.0,54.0,74.0,0.0,0.0,0.0,0.0,0.0,0.0
0,0.0,0.0,1.0,0.0,0.0,64.0,71.0,69.0,64.0,65.0,64.0,65.0,0.0,0.0,0.0,0.0,0.0,0.0
0,0.0,0.0,0.0,0.0,0.0,63.0,59.0,53.0,58.0,78.0,64.0,72.0,0.0,0.0,0.0,0.0,0.0,0.0
0,0.0,0.0,0.0,0.0,0.0,61.0,55.0,60.0,54.0,84.0,52.0,68.0,0.0,0.0,0.0,0.0,0.0,0.0
0,0.0,0.0,0.0,0.0,0.0,61.0,55.0,60.0,54.0,84.0,52.0,68.0,0.0,0.0,0.0,0.0,0.0,0.0
0,0.0,0.0,6.0,0.0,0.0,56.0,49.0,55.0,54.0,78.0,55.0,72.0,0.0,0.0,0.0,0.0,0.0,0.0
0,0.0,0.0,28.0,0.0,0.0,90.0,65.0,87.0,64.0,86.0,75.0,87.0,0.0,0.0,0.0,0.0,0.0,0.0
0,0.0,0.0,49.0,0.0,0.0,89.0,50.0,64.0,51.0,95.0,81.0,93.0,0.0,0.0,0.0,0.0,0.0,0.0
0,0.0,0.0,43.0,0.0,1.0,88.0,83.0,92.0,78.0,74.0,70.0,73.0,0.0,0.0,0.0,0.0,0.0,0.0
0,0.0,0.0,55.0,0.0,2.0,77.0,63.0,65.0,60.0,86.0,65.0,84.0,0.0,0.0,0.0,0.0,0.0,0.0
0,0.0,0.0,0.0,0.0,0.0,75.0,66.0,70.0,60.0,79.0,70.0,77.0,0.0,0.0,0.0,0.0,0.0,0.0
0,0.0,0.0,0.0,0.0,0.0,73.0,64.0,86.0,65.0,88.0,40.0,78.0,0.0,0.0,0.0,0.0,0.0,0.0
0,0.0,0.0,11.0,0.0,0.0,69.0,62.0,74.0,60.0,75.0,63.0,74.0,0.0,0.0,0.0,0.0,0.0,0.0
0,0.0,0.0,3.0,0.0,0.0,66.0,71.0,81.0,68.0,70.0,48.0,62.0,0.0,0.0,0.0,0.0,0.0,0.0
0,0.0,0.0,0.0,0.0,0.0,90.0,64.0,71.0,60.0,93.0,90.0,90.0,0.0,0.0,0.0,0.0,0.0,0.0
0,0.0,0.0,63.0,0.0,2.0,90.0,64.0,71.0,60.0,93.0,90.0,90.0,0.0,0.0,0.0,0.0,0.0,0.0
0,0.0,0.0,50.0,0.0,0.0,87.0,52.0,58.0,52.0,91.0,85.0,92.0,0.0,0.0,0.0,0.0,0.0,0.0
0,0.0,0.0,39.0,0.0,0.0,85.0,63.0,73.0,58.0,89.0,77.0,88.0,0.0,0.0,0.0,0.0,0.0,0.0
0,0.0,0.0,0.0,0.0,0.0,75.0,58.0,63.0,57.0,86.0,79.0,82.0,0.0,0.0,0.0,0.0,0.0,0.0
0,0.0,0.0,0.0,0.0,0.0,73.0,63.0,75.0,57.0,81.0,62.0,76.0,0.0,0.0,0.0,0.0,0.0,0.0
0,0.0,0.0,4.0,0.0,0.0,72.0,52.0,54.0,50.0,89.0,66.0,80.0,0.0,0.0,0.0,0.0,0.0,0.0
0,0.0,0.0,0.0,0.0,0.0,66.0,62.0,60.0,64.0,77.0,55.0,75.0,0.0,0.0,0.0,0.0,0.0,0.0
0,0.0,0.0,0.0,0.0,0.0,58.0,56.0,63.0,58.0,78.0,50.0,67.0,0.0,0.0,0.0,0.0,0.0,0.0
0,0.0,0.0,81.0,3.0,7.0,94.0,84.0,93.0,86.0,73.0,78.0,78.0,0.0,0.0,0.0,0.0,0.0,0.0
0,0.0,0.0,14.0,0.0,0.0,85.0,67.0,73.0,67.0,80.0,84.0,85.0,0.0,0.0,0.0,0.0,0.0,0.0
0,0.0,0.0,27.0,0.0,0.0,82.0,65.0,78.0,69.0,85.0,74.0,77.0,0.0,0.0,0.0,0.0,0.0,0.0
0,0.0,0.0,43.0,0.0,0.0,80.0,78.0,76.0,71.0,70.0,64.0,80.0,0.0,0.0,0.0,0.0,0.0,0.0
0,0.0,0.0,19.0,0.0,0.0,79.0,62.0,70.0,63.0,85.0,74.0,77.0,0.0,0.0,0.0,0.0,0.0,0.0
0,0.0,0.0,67.0,1.0,5.0,79.0,80.0,84.0,74.0,67.0,65.0,72.0,0.0,0.0,0.0,0.0,0.0,0.0
0,0.0,0.0,23.0,0.0,0.0,78.0,64.0,74.0,60.0,78.0,73.0,81.0,0.0,0.0,0.0,0.0,0.0,0.0
0,0.0,0.0,67.0,0.0,3.0,93.0,64.0,80.0,66.0,90.0,80.0,89.0,0.0,0.0,0.0,0.0,0.0,0.0
0,0.0,0.0,22.0,0.0,0.0,90.0,63.0,73.0,62.0,93.0,74.0,90.0,0.0,0.0,0.0,0.0,0.0,0.0
0,0.0,0.0,64.0,0.0,2.0,90.0,63.0,73.0,62.0,93.0,74.0,90.0,0.0,0.0,0.0,0.0,0.0,0.0
0,0.0,0.0,68.0,1.0,3.0,88.0,73.0,75.0,70.0,77.0,94.0,83.0,0.0,0.0,0.0,0.0,0.0,0.0
0,0.0,0.0,49.0,0.0,1.0,86.0,68.0,74.0,62.0,84.0,85.0,84.0,0.0,0.0,0.0,0.0,0.0,0.0
0,0.0,0.0,0.0,0.0,0.0,77.0,62.0,65.0,54.0,84.0,78.0,83.0,0.0,0.0,0.0,0.0,0.0,0.0
0,0.0,0.0,30.0,0.0,0.0,68.0,54.0,57.0,53.0,84.0,65.0,76.0,0.0,0.0,0.0,0.0,0.0,0.0
0,0.0,0.0,3.0,0.0,0.0,67.0,63.0,70.0,60.0,76.0,57.0,71.0,0.0,0.0,0.0,0.0,0.0,0.0
0,0.0,0.0,5.0,0.0,0.0,67.0,61.0,65.0,66.0,76.0,54.0,76.0,0.0,0.0,0.0,0.0,0.0,0.0
0,0.0,0.0,63.0,0.0,0.0,88.0,64.0,69.0,64.0,89.0,87.0,90.0,0.0,0.0,0.0,0.0,0.0,0.0
0,0.0,0.0,0.0,0.0,0.0,87.0,74.0,82.0,69.0,77.0,86.0,79.0,0.0,0.0,0.0,0.0,0.0,0.0
0,0.0,0.0,22.0,0.0,0.0,86.0,62.0,82.0,66.0,86.0,70.0,87.0,0.0,0.0,0.0,0.0,0.0,0.0
0,0.0,0.0,39.0,0.0,0.0,79.0,64.0,74.0,65.0,82.0,69.0,82.0,0.0,0.0,0.0,0.0,0.0,0.0
0,0.0,0.0,0.0,0.0,0.0,77.0,47.0,55.0,42.0,88.0,77.0,87.0,0.0,0.0,0.0,0.0,0.0,0.0
0,0.0,0.0,1.0,0.0,0.0,77.0,65.0,76.0,65.0,82.0,68.0,75.0,0.0,0.0,0.0,0.0,0.0,0.0
0,0.0,0.0,0.0,0.0,0.0,76.0,76.0,84.0,74.0,66.0,68.0,69.0,0.0,0.0,0.0,0.0,0.0,0.0
0,0.0,0.0,6.0,0.0,0.0,75.0,61.0,78.0,59.0,89.0,44.0,84.0,0.0,0.0,0.0,0.0,0.0,0.0
0,0.0,0.0,7.0,0.0,0.0,70.0,54.0,60.0,61.0,84.0,60.0,80.0,0.0,0.0,0.0,0.0,0.0,0.0
0,0.0,0.0,17.0,0.0,0.0,69.0,70.0,77.0,72.0,70.0,58.0,65.0,0.0,0.0,0.0,0.0,0.0,0.0
0,0.0,0.0,118.0,3.0,6.0,98.0,82.0,92.0,80.0,78.0,85.0,83.0,0.0,0.0,0.0,0.0,0.0,0.0
0,0.0,0.0,0.0,0.0,0.0,98.0,82.0,92.0,80.0,78.0,85.0,83.0,0.0,0.0,0.0,0.0,0.0,0.0
0,0.0,0.0,0.0,0.0,0.0,91.0,80.0,85.0,79.0,76.0,80.0,79.0,0.0,0.0,0.0,0.0,0.0,0.0
0,0.0,0.0,63.0,0.0,2.0,88.0,52.0,64.0,50.0,90.0,89.0,90.0,0.0,0.0,0.0,0.0,0.0,0.0
0,0.0,0.0,0.0,0.0,0.0,84.0,50.0,55.0,49.0,96.0,77.0,90.0,0.0,0.0,0.0,0.0,0.0,0.0
0,0.0,0.0,0.0,0.0,0.0,84.0,50.0,55.0,49.0,96.0,77.0,90.0,0.0,0.0,0.0,0.0,0.0,0.0
0,0.0,0.0,40.0,0.0,0.0,84.0,55.0,67.0,55.0,86.0,86.0,84.0,0.0,0.0,0.0,0.0,0.0,0.0
0,0.0,0.0,0.0,0.0,0.0,74.0,60.0,63.0,58.0,84.0,85.0,77.0,0.0,0.0,0.0,0.0,0.0,0.0
0,0.0,0.0,0.0,0.0,0.0,64.0,68.0,74.0,66.0,68.0,46.0,67.0,0.0,0.0,0.0,0.0,0.0,0.0
0,0.0,0.0,56.0,0.0,0.0,93.0,68.0,90.0,65.0,86.0,78.0,88.0,0.0,0.0,0.0,0.0,0.0,0.0
0,0.0,0.0,0.0,0.0,0.0,90.0,68.0,88.0,65.0,86.0,76.0,85.0,0.0,0.0,0.0,0.0,0.0,0.0
0,0.0,0.0,27.0,0.0,0.0,90.0,68.0,88.0,65.0,86.0,76.0,85.0,0.0,0.0,0.0,0.0,0.0,0.0
0,0.0,0.0,0.0,0.0,0.0,90.0,68.0,88.0,65.0,86.0,76.0,85.0,0.0,0.0,0.0,0.0,0.0,0.0
0,0.0,0.0,8.0,0.0,0.0,90.0,68.0,88.0,65.0,86.0,76.0,85.0,0.0,0.0,0.0,0.0,0.0,0.0
0,0.0,0.0,102.0,5.0,6.0,90.0,68.0,88.0,65.0,86.0,76.0,85.0,0.0,0.0,0.0,0.0,0.0,0.0
0,0.0,0.0,37.0,0.0,0.0,83.0,64.0,70.0,64.0,84.0,80.0,86.0,0.0,0.0,0.0,0.0,0.0,0.0
0,0.0,0.0,20.0,0.0,0.0,81.0,70.0,87.0,70.0,75.0,65.0,76.0,0.0,0.0,0.0,0.0,0.0,0.0
0,0.0,0.0,40.0,0.0,0.0,78.0,75.0,82.0,72.0,68.0,81.0,69.0,0.0,0.0,0.0,0.0,0.0,0.0
0,0.0,0.0,26.0,0.0,0.0,76.0,55.0,60.0,50.0,85.0,72.0,84.0,0.0,0.0,0.0,0.0,0.0,0.0
0,0.0,0.0,7.0,0.0,0.0,76.0,76.0,83.0,75.0,65.0,64.0,70.0,0.0,0.0,0.0,0.0,0.0,0.0
0,0.0,0.0,15.0,0.0,0.0,72.0,68.0,83.0,65.0,75.0,45.0,72.0,0.0,0.0,0.0,0.0,0.0,0.0
0,0.0,0.0,0.0,0.0,0.0,68.0,59.0,60.0,56.0,80.0,63.0,76.0,0.0,0.0,0.0,0.0,0.0,0.0
0,0.0,0.0,12.0,0.0,0.0,66.0,68.0,75.0,65.0,65.0,64.0,67.0,0.0,0.0,0.0,0.0,0.0,0.0
0,0.0,0.0,91.0,3.0,7.0,96.0,69.0,87.0,70.0,90.0,85.0,87.0,0.0,0.0,0.0,0.0,0.0,0.0
0,0.0,0.0,60.0,0.0,0.0,87.0,48.0,60.0,45.0,92.0,87.0,90.0,0.0,0.0,0.0,0.0,0.0,0.0
0,0.0,0.0,28.0,0.0,0.0,83.0,67.0,78.0,70.0,84.0,64.0,82.0,0.0,0.0,0.0,0.0,0.0,0.0
0,0.0,0.0,45.0,0.0,0.0,83.0,65.0,75.0,65.0,85.0,69.0,84.0,0.0,0.0,0.0,0.0,0.0,0.0
0,0.0,0.0,7.0,0.0,0.0,82.0,66.0,76.0,64.0,84.0,74.0,80.0,0.0,0.0,0.0,0.0,0.0,0.0
0,0.0,0.0,90.0,1.0,5.0,80.0,63.0,82.0,62.0,91.0,53.0,82.0,0.0,0.0,0.0,0.0,0.0,0.0
0,0.0,0.0,1.0,0.0,0.0,76.0,65.0,80.0,67.0,81.0,45.0,78.0,0.0,0.0,0.0,0.0,0.0,0.0
0,0.0,0.0,6.0,0.0,0.0,65.0,56.0,60.0,53.0,81.0,60.0,74.0,0.0,0.0,0.0,0.0,0.0,0.0
0,0.0,0.0,42.0,0.0,0.0,88.0,72.0,80.0,75.0,81.0,78.0,82.0,0.0,0.0,0.0,0.0,0.0,0.0
0,0.0,0.0,46.0,0.0,0.0,87.0,76.0,90.0,77.0,76.0,70.0,76.0,0.0,0.0,0.0,0.0,0.0,0.0
0,0.0,0.0,0.0,0.0,0.0,87.0,76.0,90.0,77.0,76.0,70.0,76.0,0.0,0.0,0.0,0.0,0.0,0.0
0,0.0,0.0,39.0,0.0,0.0,81.0,63.0,72.0,59.0,83.0,75.0,83.0,0.0,0.0,0.0,0.0,0.0,0.0
0,0.0,0.0,52.0,0.0,1.0,80.0,76.0,84.0,75.0,70.0,65.0,74.0,0.0,0.0,0.0,0.0,0.0,0.0
0,0.0,0.0,0.0,0.0,0.0,80.0,76.0,84.0,75.0,70.0,65.0,74.0,0.0,0.0,0.0,0.0,0.0,0.0
0,0.0,0.0,10.0,0.0,0.0,79.0,64.0,78.0,64.0,84.0,62.0,83.0,0.0,0.0,0.0,0.0,0.0,0.0
0,0.0,0.0,0.0,0.0,0.0,76.0,64.0,68.0,65.0,82.0,70.0,78.0,0.0,0.0,0.0,0.0,0.0,0.0
0,0.0,0.0,7.0,0.0,0.0,75.0,64.0,70.0,63.0,81.0,69.0,77.0,0.0,0.0,0.0,0.0,0.0,0.0
0,0.0,0.0,2.0,0.0,0.0,71.0,57.0,69.0,54.0,84.0,61.0,76.0,0.0,0.0,0.0,0.0,0.0,0.0
0,0.0,0.0,0.0,0.0,0.0,66.0,60.0,64.0,57.0,83.0,55.0,72.0,0.0,0.0,0.0,0.0,0.0,0.0
0,0.0,0.0,122.0,4.0,7.0,98.0,72.0,84.0,71.0,88.0,95.0,88.0,0.0,0.0,0.0,0.0,0.0,0.0
0,0.0,0.0,36.0,0.0,0.0,85.0,48.0,52.0,47.0,94.0,86.0,90.0,0.0,0.0,0.0,0.0,0.0,0.0
0,0.0,0.0,51.0,0.0,0.0,79.0,55.0,60.0,52.0,89.0,70.0,87.0,0.0,0.0,0.0,0.0,0.0,0.0
0,0.0,0.0,11.0,0.0,0.0,77.0,76.0,78.0,68.0,70.0,73.0,72.0,0.0,0.0,0.0,0.0,0.0,0.0
0,0.0,0.0,63.0,1.0,2.0,75.0,79.0,84.0,74.0,69.0,57.0,66.0,0.0,0.0,0.0,0.0,0.0,0.0
0,0.0,0.0,11.0,0.0,0.0,74.0,64.0,75.0,59.0,81.0,63.0,78.0,0.0,0.0,0.0,0.0,0.0,0.0
0,0.0,0.0,7.0,0.0,0.0,73.0,50.0,67.0,47.0,82.0,73.0,78.0,0.0,0.0,0.0,0.0,0.0,0.0
0,0.0,0.0,0.0,0.0,0.0,71.0,66.0,70.0,62.0,75.0,78.0,70.0,0.0,0.0,0.0,0.0,0.0,0.0
0,0.0,0.0,0.0,0.0,0.0,68.0,50.0,50.0,52.0,85.0,65.0,79.0,0.0,0.0,0.0,0.0,0.0,0.0
0,0.0,0.0,91.0,2.0,5.0,93.0,78.0,87.0,76.0,79.0,78.0,84.0,0.0,0.0,0.0,0.0,0.0,0.0
0,0.0,0.0,70.0,0.0,2.0,91.0,70.0,74.0,67.0,89.0,85.0,88.0,0.0,0.0,0.0,0.0,0.0,0.0
0,0.0,0.0,50.0,0.0,0.0,86.0,59.0,68.0,53.0,90.0,77.0,88.0,0.0,0.0,0.0,0.0,0.0,0.0
0,0.0,0.0,0.0,0.0,0.0,83.0,58.0,72.0,60.0,88.0,73.0,84.0,0.0,0.0,0.0,0.0,0.0,0.0
0,0.0,0.0,13.0,0.0,0.0,83.0,58.0,72.0,60.0,88.0,73.0,84.0,0.0,0.0,0.0,0.0,0.0,0.0
0,0.0,0.0,34.0,0.0,0.0,81.0,62.0,85.0,62.0,86.0,60.0,82.0,0.0,0.0,0.0,0.0,0.0,0.0
0,0.0,0.0,0.0,0.0,0.0,76.0,70.0,74.0,67.0,76.0,64.0,76.0,0.0,0.0,0.0,0.0,0.0,0.0
0,0.0,0.0,49.0,0.0,0.0,76.0,70.0,74.0,67.0,76.0,64.0,76.0,0.0,0.0,0.0,0.0,0.0,0.0
0,0.0,0.0,0.0,0.0,0.0,67.0,60.0,67.0,62.0,77.0,61.0,75.0,0.0,0.0,0.0,0.0,0.0,0.0
0,0.0,0.0,0.0,0.0,0.0,67.0,60.0,67.0,62.0,77.0,61.0,75.0,0.0,0.0,0.0,0.0,0.0,0.0
0,0.0,0.0,19.0,0.0,0.0,67.0,60.0,67.0,62.0,77.0,61.0,75.0,0.0,0.0,0.0,0.0,0.0,0.0
0,0.0,0.0,0.0,0.0,0.0,65.0,73.0,78.0,70.0,64.0,37.0,67.0,0.0,0.0,0.0,0.0,0.0,0.0
0,0.0,0.0,1.0,0.0,0.0,63.0,64.0,60.0,59.0,74.0,50.0,75.0,0.0,0.0,0.0,0.0,0.0,0.0
0,0.0,0.0,117.0,4.0,7.0,93.0,67.0,85.0,67.0,86.0,92.0,85.0,0.0,0.0,0.0,0.0,0.0,0.0
0,0.0,0.0,49.0,0.0,0.0,91.0,44.0,50.0,44.0,98.0,92.0,96.0,0.0,0.0,0.0,0.0,0.0,0.0
0,0.0,0.0,89.0,1.0,4.0,91.0,44.0,50.0,44.0,98.0,92.0,96.0,0.0,0.0,0.0,0.0,0.0,0.0
0,0.0,0.0,0.0,0.0,0.0,82.0,64.0,70.0,64.0,82.0,82.0,85.0,0.0,0.0,0.0,0.0,0.0,0.0
0,0.0,0.0,46.0,0.0,0.0,80.0,53.0,61.0,50.0,93.0,86.0,91.0,0.0,0.0,0.0,0.0,0.0,0.0
0,0.0,0.0,11.0,0.0,0.0,73.0,48.0,60.0,44.0,92.0,67.0,77.0,0.0,0.0,0.0,0.0,0.0,0.0
0,0.0,0.0,12.0,0.0,0.0,71.0,65.0,77.0,67.0,72.0,67.0,69.0,0.0,0.0,0.0,0.0,0.0,0.0
0,0.0,0.0,12.0,0.0,0.0,68.0,67.0,79.0,65.0,73.0,61.0,70.0,0.0,0.0,0.0,0.0,0.0,0.0
0,0.0,0.0,45.0,0.0,1.0,95.0,65.0,87.0,64.0,89.0,84.0,88.0,0.0,0.0,0.0,0.0,0.0,0.0
0,0.0,0.0,68.0,1.0,3.0,94.0,85.0,93.0,88.0,75.0,74.0,76.0,0.0,0.0,0.0,0.0,0.0,0.0
0,0.0,0.0,38.0,0.0,0.0,90.0,66.0,82.0,66.0,88.0,76.0,86.0,0.0,0.0,0.0,0.0,0.0,0.0
0,0.0,0.0,12.0,0.0,0.0,81.0,53.0,59.0,51.0,88.0,77.0,89.0,0.0,0.0,0.0,0.0,0.0,0.0
0,0.0,0.0,3.0,0.0,0.0,81.0,77.0,84.0,69.0,69.0,68.0,77.0,0.0,0.0,0.0,0.0,0.0,0.0
0,0.0,0.0,0.0,0.0,0.0,80.0,75.0,78.0,72.0,69.0,78.0,76.0,0.0,0.0,0.0,0.0,0.0,0.0
0,0.0,0.0,40.0,0.0,2.0,78.0,66.0,74.0,65.0,78.0,66.0,80.0,0.0,0.0,0.0,0.0,0.0,0.0
0,0.0,0.0,0.0,0.0,0.0,76.0,49.0,54.0,45.0,88.0,72.0,87.0,0.0,0.0,0.0,0.0,0.0,0.0
0,0.0,0.0,1.0,0.0,0.0,67.0,69.0,75.0,65.0,69.0,55.0,68.0,0.0,0.0,0.0,0.0,0.0,0.0
0,0.0,0.0,73.0,0.0,5.0,95.0,57.0,68.0,61.0,97.0,82.0,95.0,0.0,0.0,0.0,0.0,0.0,0.0
0,0.0,0.0,1.0,0.0,0.0,88.0,69.0,77.0,65.0,84.0,85.0,84.0,0.0,0.0,0.0,0.0,0.0,0.0
0,0.0,0.0,71.0,0.0,1.0,88.0,69.0,77.0,65.0,84.0,85.0,84.0,0.0,0.0,0.0,0.0,0.0,0.0
0,0.0,0.0,0.0,0.0,0.0,85.0,65.0,68.0,60.0,87.0,88.0,87.0,0.0,0.0,0.0,0.0,0.0,0.0
0,0.0,0.0,24.0,0.0,0.0,81.0,63.0,74.0,60.0,84.0,73.0,82.0,0.0,0.0,0.0,0.0,0.0,0.0
0,0.0,0.0,0.0,0.0,0.0,74.0,58.0,64.0,55.0,85.0,70.0,83.0,0.0,0.0,0.0,0.0,0.0,0.0
0,0.0,0.0,58.0,0.0,1.0,70.0,65.0,68.0,63.0,75.0,62.0,75.0,0.0,0.0,0.0,0.0,0.0,0.0
0,0.0,0.0,0.0,0.0,0.0,67.0,52.0,50.0,49.0,82.0,65.0,80.0,0.0,0.0,0.0,0.0,0.0,0.0
0,0.0,0.0,0.0,0.0,0.0,87.0,54.0,70.0,49.0,91.0,79.0,90.0,0.0,0.0,0.0,0.0,0.0,0.0
0,0.0,0.0,47.0,0.0,0.0,86.0,59.0,67.0,54.0,86.0,85.0,87.0,0.0,0.0,0.0,0.0,0.0,0.0
0,0.0,0.0,12.0,0.0,0.0,79.0,69.0,77.0,66.0,78.0,72.0,77.0,0.0,0.0,0.0,0.0,0.0,0.0
0,0.0,0.0,39.0,0.0,0.0,75.0,65.0,82.0,65.0,87.0,52.0,76.0,0.0,0.0,0.0,0.0,0.0,0.0
0,0.0,0.0,3.0,0.0,0.0,73.0,70.0,76.0,74.0,72.0,57.0,71.0,0.0,0.0,0.0,0.0,0.0,0.0
0,0.0,0.0,0.0,0.0,0.0,66.0,64.0,70.0,62.0,72.0,63.0,70.0,0.0,0.0,0.0,0.0,0.0,0.0
0,0.0,0.0,0.0,0.0,0.0,58.0,54.0,55.0,49.0,82.0,53.0,73.0,0.0,0.0,0.0,0.0,0.0,0.0
0,0.0,0.0,59.0,0.0,1.0,92.0,78.0,87.0,77.0,78.0,76.0,82.0,0.0,0.0,0.0,0.0,0.0,0.0
0,0.0,0.0,0.0,0.0,0.0,92.0,78.0,87.0,77.0,78.0,76.0,82.0,0.0,0.0,0.0,0.0,0.0,0.0
0,0.0,0.0,88.0,1.0,4.0,91.0,60.0,72.0,57.0,87.0,92.0,88.0,0.0,0.0,0.0,0.0,0.0,0.0
0,0.0,0.0,34.0,0.0,0.0,82.0,62.0,68.0,64.0,86.0,76.0,87.0,0.0,0.0,0.0,0.0,0.0,0.0
0,0.0,0.0,33.0,0.0,0.0,76.0,61.0,70.0,62.0,85.0,69.0,76.0,0.0,0.0,0.0,0.0,0.0,0.0
0,0.0,0.0,31.0,0.0,0.0,75.0,64.0,75.0,65.0,79.0,70.0,75.0,0.0,0.0,0.0,0.0,0.0,0.0
0,0.0,0.0,38.0,0.0,0.0,71.0,56.0,72.0,53.0,87.0,49.0,81.0,0.0,0.0,0.0,0.0,0.0,0.0
0,0.0,0.0,1.0,0.0,0.0,71.0,72.0,76.0,68.0,73.0,56.0,69.0,0.0,0.0,0.0,0.0,0.0,0.0
0,0.0,0.0,1.0,0.0,0.0,56.0,56.0,65.0,56.0,75.0,50.0,66.0,0.0,0.0,0.0,0.0,0.0,0.0
0,0.0,0.0,7.0,0.0,0.0,56.0,56.0,65.0,56.0,75.0,50.0,66.0,0.0,0.0,0.0,0.0,0.0,0.0
0,0.0,0.0,54.0,0.0,0.0,91.0,72.0,80.0,70.0,86.0,91.0,81.0,0.0,0.0,0.0,0.0,0.0,0.0
0,0.0,0.0,43.0,0.0,0.0,85.0,74.0,83.0,69.0,72.0,83.0,79.0,0.0,0.0,0.0,0.0,0.0,0.0
0,0.0,0.0,14.0,0.0,0.0,84.0,58.0,65.0,57.0,91.0,75.0,87.0,0.0,0.0,0.0,0.0,0.0,0.0
0,0.0,0.0,19.0,0.0,0.0,82.0,64.0,71.0,63.0,85.0,74.0,84.0,0.0,0.0,0.0,0.0,0.0,0.0
0,0.0,0.0,9.0,0.0,0.0,78.0,61.0,78.0,63.0,90.0,56.0,80.0,0.0,0.0,0.0,0.0,0.0,0.0
0,0.0,0.0,11.0,0.0,0.0,76.0,60.0,72.0,62.0,87.0,65.0,76.0,0.0,0.0,0.0,0.0,0.0,0.0
0,0.0,0.0,22.0,0.0,0.0,76.0,60.0,66.0,61.0,83.0,71.0,83.0,0.0,0.0,0.0,0.0,0.0,0.0
0,0.0,0.0,35.0,0.0,0.0,73.0,59.0,69.0,60.0,84.0,57.0,81.0,0.0,0.0,0.0,0.0,0.0,0.0
0,0.0,0.0,4.0,0.0,0.0,66.0,65.0,68.0,64.0,71.0,52.0,74.0,0.0,0.0,0.0,0.0,0.0,0.0
0,0.0,0.0,52.0,1.0,1.0,94.0,83.0,92.0,81.0,76.0,74.0,80.0,0.0,0.0,0.0,0.0,0.0,0.0
0,0.0,0.0,58.0,0.0,0.0,85.0,65.0,80.0,66.0,86.0,70.0,84.0,0.0,0.0,0.0,0.0,0.0,0.0
0,0.0,0.0,32.0,0.0,0.0,80.0,64.0,77.0,64.0,85.0,66.0,80.0,0.0,0.0,0.0,0.0,0.0,0.0
0,0.0,0.0,0.0,0.0,0.0,76.0,65.0,77.0,62.0,81.0,75.0,72.0,0.0,0.0,0.0,0.0,0.0,0.0
0,0.0,0.0,16.0,0.0,0.0,74.0,55.0,66.0,51.0,87.0,62.0,81.0,0.0,0.0,0.0,0.0,0.0,0.0
0,0.0,0.0,26.0,0.0,0.0,72.0,65.0,70.0,64.0,76.0,67.0,74.0,0.0,0.0,0.0,0.0,0.0,0.0
0,0.0,0.0,12.0,0.0,0.0,65.0,59.0,61.0,55.0,72.0,72.0,76.0,0.0,0.0,0.0,0.0,0.0,0.0
0,0.0,0.0,0.0,0.0,0.0,63.0,73.0,82.0,72.0,62.0,35.0,62.0,0.0,0.0,0.0,0.0,0.0,0.0
0,0.0,0.0,0.0,0.0,0.0,59.0,64.0,60.0,65.0,70.0,45.0,70.0,0.0,0.0,0.0,0.0,0.0,0.0
0,0.0,0.0,86.0,1.0,3.0,97.0,81.0,93.0,79.0,77.0,92.0,80.0,0.0,0.0,0.0,0.0,0.0,0.0
0,0.0,0.0,43.0,0.0,0.0,94.0,66.0,84.0,66.0,90.0,80.0,89.0,0.0,0.0,0.0,0.0,0.0,0.0
0,0.0,0.0,0.0,0.0,0.0,81.0,66.0,80.0,65.0,82.0,68.0,83.0,0.0,0.0,0.0,0.0,0.0,0.0
0,0.0,0.0,49.0,0.0,0.0,80.0,72.0,77.0,72.0,75.0,75.0,76.0,0.0,0.0,0.0,0.0,0.0,0.0
0,0.0,0.0,24.0,0.0,0.0,79.0,70.0,85.0,74.0,75.0,60.0,74.0,0.0,0.0,0.0,0.0,0.0,0.0
0,0.0,0.0,44.0,1.0,2.0,78.0,62.0,75.0,60.0,85.0,65.0,80.0,0.0,0.0,0.0,0.0,0.0,0.0
0,0.0,0.0,16.0,0.0,0.0,77.0,67.0,79.0,64.0,76.0,69.0,76.0,0.0,0.0,0.0,0.0,0.0,0.0
0,0.0,0.0,13.0,0.0,0.0,76.0,65.0,75.0,67.0,79.0,68.0,78.0,0.0,0.0,0.0,0.0,0.0,0.0
0,0.0,0.0,86.0,1.0,2.0,91.0,68.0,78.0,70.0,87.0,87.0,85.0,0.0,0.0,0.0,0.0,0.0,0.0
0,0.0,0.0,55.0,2.0,2.0,90.0,66.0,83.0,65.0,90.0,69.0,89.0,0.0,0.0,0.0,0.0,0.0,0.0
0,0.0,0.0,17.0,0.0,0.0,85.0,79.0,87.0,74.0,74.0,71.0,75.0,0.0,0.0,0.0,0.0,0.0,0.0
0,0.0,0.0,21.0,0.0,0.0,77.0,75.0,86.0,74.0,67.0,50.0,74.0,0.0,0.0,0.0,0.0,0.0,0.0
0,0.0,0.0,24.0,0.0,0.0,75.0,75.0,86.0,73.0,69.0,54.0,69.0,0.0,0.0,0.0,0.0,0.0,0.0
0,0.0,0.0,61.0,0.0,2.0,73.0,64.0,82.0,66.0,85.0,46.0,78.0,0.0,0.0,0.0,0.0,0.0,0.0
0,0.0,0.0,5.0,0.0,0.0,72.0,64.0,74.0,62.0,78.0,65.0,75.0,0.0,0.0,0.0,0.0,0.0,0.0
0,0.0,0.0,0.0,0.0,0.0,70.0,69.0,78.0,65.0,66.0,64.0,71.0,0.0,0.0,0.0,0.0,0.0,0.0
0,0.0,0.0,0.0,0.0,0.0,70.0,68.0,75.0,70.0,69.0,55.0,72.0,0.0,0.0,0.0,0.0,0.0,0.0
0,0.0,0.0,58.0,0.0,0.0,87.0,63.0,76.0,64.0,88.0,75.0,85.0,0.0,0.0,0.0,0.0,0.0,0.0
0,0.0,0.0,68.0,0.0,0.0,82.0,64.0,65.0,65.0,86.0,80.0,86.0,0.0,0.0,0.0,0.0,0.0,0.0
0,0.0,0.0,36.0,0.0,0.0,80.0,66.0,69.0,67.0,82.0,79.0,80.0,0.0,0.0,0.0,0.0,0.0,0.0
0,0.0,0.0,55.0,0.0,0.0,79.0,62.0,66.0,59.0,84.0,82.0,83.0,0.0,0.0,0.0,0.0,0.0,0.0
0,0.0,0.0,12.0,0.0,0.0,74.0,59.0,66.0,57.0,82.0,67.0,81.0,0.0,0.0,0.0,0.0,0.0,0.0
0,0.0,0.0,0.0,0.0,0.0,74.0,50.0,60.0,50.0,86.0,68.0,84.0,0.0,0.0,0.0,0.0,0.0,0.0
0,0.0,0.0,3.0,0.0,0.0,66.0,67.0,65.0,60.0,70.0,60.0,73.0,0.0,0.0,0.0,0.0,0.0,0.0
0,0.0,0.0,45.0,0.0,1.0,93.0,79.0,85.0,78.0,78.0,84.0,81.0,0.0,0.0,0.0,0.0,0.0,0.0
0,0.0,0.0,43.0,0.0,0.0,88.0,78.0,84.0,74.0,77.0,83.0,77.0,0.0,0.0,0.0,0.0,0.0,0.0
0,0.0,0.0,69.0,0.0,3.0,86.0,71.0,86.0,70.0,87.0,68.0,81.0,0.0,0.0,0.0,0.0,0.0,0.0
0,0.0,0.0,4.0,0.0,0.0,79.0,59.0,70.0,55.0,84.0,73.0,82.0,0.0,0.0,0.0,0.0,0.0,0.0
0,0.0,0.0,0.0,0.0,0.0,79.0,59.0,70.0,55.0,84.0,73.0,82.0,0.0,0.0,0.0,0.0,0.0,0.0
0,0.0,0.0,0.0,0.0,0.0,79.0,59.0,70.0,55.0,84.0,73.0,82.0,0.0,0.0,0.0,0.0,0.0,0.0
0,0.0,0.0,33.0,0.0,0.0,79.0,59.0,70.0,55.0,84.0,73.0,82.0,0.0,0.0,0.0,0.0,0.0,0.0
0,0.0,0.0,4.0,0.0,0.0,77.0,62.0,78.0,61.0,84.0,66.0,76.0,0.0,0.0,0.0,0.0,0.0,0.0
0,0.0,0.0,61.0,0.0,0.0,77.0,71.0,76.0,70.0,74.0,67.0,75.0,0.0,0.0,0.0,0.0,0.0,0.0
0,0.0,0.0,21.0,0.0,0.0,76.0,68.0,70.0,61.0,79.0,71.0,77.0,0.0,0.0,0.0,0.0,0.0,0.0
0,0.0,0.0,12.0,0.0,0.0,72.0,59.0,65.0,56.0,82.0,68.0,76.0,0.0,0.0,0.0,0.0,0.0,0.0
0,0.0,0.0,23.0,0.0,1.0,69.0,59.0,74.0,60.0,77.0,61.0,76.0,0.0,0.0,0.0,0.0,0.0,0.0
0,0.0,0.0,1.0,0.0,0.0,69.0,59.0,74.0,60.0,77.0,61.0,76.0,0.0,0.0,0.0,0.0,0.0,0.0
0,0.0,0.0,67.0,1.0,2.0,95.0,75.0,80.0,74.0,83.0,89.0,88.0,0.0,0.0,0.0,0.0,0.0,0.0
0,0.0,0.0,0.0,0.0,0.0,92.0,70.0,92.0,66.0,85.0,77.0,87.0,0.0,0.0,0.0,0.0,0.0,0.0
0,0.0,0.0,40.0,0.0,0.0,85.0,72.0,76.0,68.0,76.0,88.0,81.0,0.0,0.0,0.0,0.0,0.0,0.0
0,0.0,0.0,22.0,0.0,0.0,78.0,60.0,66.0,61.0,83.0,71.0,83.0,0.0,0.0,0.0,0.0,0.0,0.0
0,0.0,0.0,52.0,0.0,0.0,75.0,67.0,90.0,68.0,79.0,57.0,75.0,0.0,0.0,0.0,0.0,0.0,0.0
0,0.0,0.0,9.0,0.0,0.0,73.0,62.0,80.0,64.0,80.0,61.0,75.0,0.0,0.0,0.0,0.0,0.0,0.0
0,0.0,0.0,20.0,0.0,0.0,73.0,74.0,82.0,70.0,66.0,45.0,74.0,0.0,0.0,0.0,0.0,0.0,0.0
0,0.0,0.0,0.0,0.0,0.0,66.0,68.0,72.0,60.0,75.0,52.0,68.0,0.0,0.0,0.0,0.0,0.0,0.0
0,0.0,0.0,110.0,1.0,7.0,92.0,86.0,93.0,78.0,72.0,70.0,78.0,0.0,0.0,0.0,0.0,0.0,0.0
0,0.0,0.0,61.0,0.0,0.0,85.0,55.0,62.0,57.0,88.0,83.0,88.0,0.0,0.0,0.0,0.0,0.0,0.0
0,0.0,0.0,41.0,0.0,0.0,83.0,68.0,78.0,66.0,80.0,78.0,81.0,0.0,0.0,0.0,0.0,0.0,0.0
0,0.0,0.0,6.0,0.0,0.0,75.0,83.0,86.0,77.0,62.0,45.0,70.0,0.0,0.0,0.0,0.0,0.0,0.0
0,0.0,0.0,32.0,0.0,0.0,74.0,61.0,77.0,61.0,86.0,56.0,76.0,0.0,0.0,0.0,0.0,0.0,0.0
0,0.0,0.0,0.0,0.0,0.0,73.0,49.0,55.0,49.0,88.0,66.0,84.0,0.0,0.0,0.0,0.0,0.0,0.0
0,0.0,0.0,55.0,0.0,0.0,68.0,63.0,65.0,62.0,74.0,62.0,76.0,0.0,0.0,0.0,0.0,0.0,0.0
0,0.0,0.0,42.0,0.0,0.0,67.0,54.0,58.0,47.0,86.0,52.0,82.0,0.0,0.0,0.0,0.0,0.0,0.0
0,0.0,0.0,0.0,0.0,0.0,90.0,48.0,55.0,45.0,96.0,91.0,92.0,0.0,0.0,0.0,0.0,0.0,0.0
0,0.0,0.0,77.0,0.0,3.0,90.0,48.0,55.0,45.0,96.0,91.0,92.0,0.0,0.0,0.0,0.0,0.0,0.0
0,0.0,0.0,62.0,0.0,2.0,90.0,74.0,85.0,71.0,78.0,83.0,83.0,0.0,0.0,0.0,0.0,0.0,0.0
0,0.0,0.0,46.0,0.0,0.0,77.0,69.0,74.0,70.0,72.0,73.0,77.0,0.0,0.0,0.0,0.0,0.0,0.0
0,0.0,0.0,23.0,0.0,0.0,76.0,65.0,72.0,63.0,81.0,77.0,74.0,0.0,0.0,0.0,0.0,0.0,0.0
0,0.0,0.0,37.0,0.0,0.0,75.0,58.0,68.0,65.0,86.0,67.0,76.0,0.0,0.0,0.0,0.0,0.0,0.0
0,0.0,0.0,7.0,0.0,0.0,71.0,55.0,67.0,49.0,83.0,60.0,81.0,0.0,0.0,0.0,0.0,0.0,0.0
0,0.0,0.0,0.0,0.0,0.0,66.0,71.0,72.0,68.0,64.0,55.0,70.0,0.0,0.0,0.0,0.0,0.0,0.0
0,0.0,0.0,68.0,2.0,4.0,97.0,66.0,87.0,67.0,93.0,80.0,90.0,0.0,0.0,0.0,0.0,0.0,0.0
0,0.0,0.0,4.0,0.0,0.0,97.0,66.0,87.0,67.0,93.0,80.0,90.0,0.0,0.0,0.0,0.0,0.0,0.0
0,0.0,0.0,130.0,3.0,9.0,97.0,86.0,93.0,89.0,79.0,75.0,78.0,0.0,0.0,0.0,0.0,0.0,0.0
0,0.0,0.0,54.0,0.0,1.0,91.0,75.0,83.0,74.0,77.0,87.0,83.0,0.0,0.0,0.0,0.0,0.0,0.0
0,0.0,0.0,51.0,0.0,0.0,88.0,58.0,65.0,54.0,90.0,90.0,85.0,0.0,0.0,0.0,0.0,0.0,0.0
0,0.0,0.0,0.0,0.0,0.0,83.0,74.0,78.0,72.0,76.0,77.0,78.0,0.0,0.0,0.0,0.0,0.0,0.0
0,0.0,0.0,14.0,0.0,0.0,77.0,54.0,74.0,51.0,86.0,70.0,78.0,0.0,0.0,0.0,0.0,0.0,0.0
0,0.0,0.0,0.0,0.0,0.0,69.0,58.0,66.0,58.0,88.0,52.0,74.0,0.0,0.0,0.0,0.0,0.0,0.0
0,0.0,0.0,0.0,0.0,0.0,67.0,58.0,70.0,62.0,78.0,55.0,76.0,0.0,0.0,0.0,0.0,0.0,0.0
0,0.0,0.0,0.0,0.0,0.0,63.0,70.0,72.0,68.0,64.0,55.0,65.0,0.0,0.0,0.0,0.0,0.0,0.0
0,0.0,0.0,0.0,0.0,0.0,87.0,83.0,86.0,80.0,72.0,79.0,73.0,0.0,0.0,0.0,0.0,0.0,0.0
0,0.0,0.0,56.0,0.0,3.0,86.0,72.0,90.0,68.0,87.0,65.0,80.0,0.0,0.0,0.0,0.0,0.0,0.0
0,0.0,0.0,59.0,0.0,0.0,83.0,77.0,87.0,74.0,70.0,72.0,74.0,0.0,0.0,0.0,0.0,0.0,0.0
0,0.0,0.0,49.0,0.0,0.0,82.0,69.0,76.0,67.0,83.0,72.0,79.0,0.0,0.0,0.0,0.0,0.0,0.0
0,0.0,0.0,8.0,0.0,0.0,82.0,69.0,76.0,67.0,83.0,72.0,79.0,0.0,0.0,0.0,0.0,0.0,0.0
0,0.0,0.0,23.0,0.0,0.0,78.0,57.0,64.0,53.0,88.0,71.0,82.0,0.0,0.0,0.0,0.0,0.0,0.0
0,0.0,0.0,22.0,0.0,0.0,76.0,66.0,74.0,65.0,84.0,60.0,79.0,0.0,0.0,0.0,0.0,0.0,0.0
0,0.0,0.0,22.0,0.0,0.0,75.0,69.0,85.0,65.0,80.0,59.0,74.0,0.0,0.0,0.0,0.0,0.0,0.0
0,0.0,0.0,0.0,0.0,0.0,67.0,64.0,70.0,58.0,70.0,60.0,74.0,0.0,0.0,0.0,0.0,0.0,0.0
0,0.0,0.0,101.0,1.0,5.0,87.0,74.0,82.0,68.0,83.0,74.0,79.0,0.0,0.0,0.0,0.0,0.0,0.0
0,0.0,0.0,0.0,0.0,0.0,87.0,74.0,82.0,68.0,83.0,74.0,79.0,0.0,0.0,0.0,0.0,0.0,0.0
0,0.0,0.0,51.0,0.0,0.0,83.0,61.0,68.0,62.0,86.0,77.0,85.0,0.0,0.0,0.0,0.0,0.0,0.0
0,0.0,0.0,39.0,0.0,0.0,81.0,70.0,82.0,72.0,72.0,82.0,74.0,0.0,0.0,0.0,0.0,0.0,0.0
0,0.0,0.0,0.0,0.0,0.0,80.0,58.0,69.0,58.0,79.0,80.0,85.0,0.0,0.0,0.0,0.0,0.0,0.0
0,0.0,0.0,0.0,0.0,0.0,77.0,63.0,66.0,64.0,85.0,73.0,79.0,0.0,0.0,0.0,0.0,0.0,0.0
0,0.0,0.0,10.0,0.0,0.0,77.0,63.0,66.0,64.0,85.0,73.0,79.0,0.0,0.0,0.0,0.0,0.0,0.0
0,0.0,0.0,0.0,0.0,0.0,71.0,75.0,84.0,73.0,67.0,55.0,64.0,0.0,0.0,0.0,0.0,0.0,0.0
0,0.0,0.0,46.0,0.0,0.0,71.0,75.0,84.0,73.0,67.0,55.0,64.0,0.0,0.0,0.0,0.0,0.0,0.0
0,0.0,0.0,0.0,0.0,0.0,69.0,64.0,80.0,64.0,85.0,44.0,73.0,0.0,0.0,0.0,0.0,0.0,0.0
0,0.0,0.0,7.0,0.0,0.0,67.0,55.0,62.0,54.0,80.0,64.0,75.0,0.0,0.0,0.0,0.0,0.0,0.0
0,0.0,0.0,47.0,0.0,0.0,86.0,59.0,67.0,54.0,86.0,85.0,87.0,0.0,0.0,0.0,0.0,0.0,0.0
0,0.0,0.0,54.0,0.0,0.0,84.0,63.0,74.0,59.0,86.0,78.0,86.0,0.0,0.0,0.0,0.0,0.0,0.0
0,0.0,0.0,22.0,0.0,0.0,75.0,56.0,65.0,54.0,89.0,72.0,83.0,0.0,0.0,0.0,0.0,0.0,0.0
0,0.0,0.0,4.0,0.0,0.0,70.0,64.0,80.0,63.0,76.0,42.0,73.0,0.0,0.0,0.0,0.0,0.0,0.0
0,0.0,0.0,0.0,0.0,0.0,67.0,62.0,65.0,60.0,78.0,54.0,76.0,0.0,0.0,0.0,0.0,0.0,0.0
0,0.0,0.0,0.0,0.0,0.0,65.0,63.0,80.0,55.0,80.0,42.0,73.0,0.0,0.0,0.0,0.0,0.0,0.0
0,0.0,0.0,16.0,0.0,0.0,64.0,51.0,62.0,54.0,88.0,48.0,72.0,0.0,0.0,0.0,0.0,0.0,0.0
0,0.0,0.0,89.0,1.0,6.0,96.0,64.0,76.0,64.0,87.0,95.0,91.0,0.0,0.0,0.0,0.0,0.0,0.0
0,0.0,0.0,68.0,0.0,1.0,91.0,74.0,80.0,71.0,82.0,85.0,84.0,0.0,0.0,0.0,0.0,0.0,0.0
0,0.0,0.0,50.0,0.0,0.0,86.0,59.0,68.0,53.0,90.0,77.0,88.0,0.0,0.0,0.0,0.0,0.0,0.0
0,0.0,0.0,15.0,0.0,0.0,81.0,69.0,75.0,75.0,80.0,59.0,81.0,0.0,0.0,0.0,0.0,0.0,0.0
0,0.0,0.0,36.0,0.0,0.0,81.0,69.0,75.0,75.0,80.0,59.0,81.0,0.0,0.0,0.0,0.0,0.0,0.0
0,0.0,0.0,16.0,0.0,0.0,76.0,63.0,72.0,54.0,85.0,65.0,80.0,0.0,0.0,0.0,0.0,0.0,0.0
0,0.0,0.0,8.0,0.0,0.0,74.0,60.0,65.0,52.0,82.0,72.0,78.0,0.0,0.0,0.0,0.0,0.0,0.0
0,0.0,0.0,38.0,0.0,0.0,73.0,72.0,76.0,66.0,76.0,59.0,70.0,0.0,0.0,0.0,0.0,0.0,0.0
0,0.0,0.0,80.0,1.0,4.0,92.0,68.0,75.0,65.0,90.0,86.0,90.0,0.0,0.0,0.0,0.0,0.0,0.0
0,0.0,0.0,12.0,0.0,0.0,84.0,62.0,74.0,66.0,83.0,74.0,87.0,0.0,0.0,0.0,0.0,0.0,0.0
0,0.0,0.0,49.0,0.0,0.0,81.0,62.0,75.0,60.0,89.0,63.0,83.0,0.0,0.0,0.0,0.0,0.0,0.0
0,0.0,0.0,37.0,0.0,0.0,81.0,72.0,79.0,67.0,74.0,74.0,78.0,0.0,0.0,0.0,0.0,0.0,0.0
0,0.0,0.0,31.0,0.0,0.0,81.0,71.0,75.0,67.0,73.0,84.0,79.0,0.0,0.0,0.0,0.0,0.0,0.0
0,0.0,0.0,13.0,0.0,0.0,80.0,60.0,75.0,62.0,87.0,69.0,80.0,0.0,0.0,0.0,0.0,0.0,0.0
0,0.0,0.0,72.0,0.0,1.0,80.0,64.0,70.0,62.0,75.0,88.0,84.0,0.0,0.0,0.0,0.0,0.0,0.0
0,0.0,0.0,34.0,0.0,0.0,79.0,64.0,74.0,60.0,84.0,68.0,80.0,0.0,0.0,0.0,0.0,0.0,0.0
0,0.0,0.0,27.0,0.0,0.0,78.0,73.0,75.0,68.0,79.0,65.0,74.0,0.0,0.0,0.0,0.0,0.0,0.0
0,0.0,0.0,2.0,0.0,0.0,78.0,73.0,75.0,68.0,79.0,65.0,74.0,0.0,0.0,0.0,0.0,0.0,0.0
0,0.0,0.0,57.0,0.0,3.0,95.0,63.0,74.0,63.0,95.0,81.0,92.0,0.0,0.0,0.0,0.0,0.0,0.0
0,0.0,0.0,0.0,0.0,0.0,87.0,76.0,79.0,74.0,76.0,76.0,82.0,0.0,0.0,0.0,0.0,0.0,0.0
0,0.0,0.0,0.0,0.0,0.0,87.0,76.0,79.0,74.0,76.0,76.0,82.0,0.0,0.0,0.0,0.0,0.0,0.0
0,0.0,0.0,0.0,0.0,0.0,87.0,76.0,79.0,74.0,76.0,76.0,82.0,0.0,0.0,0.0,0.0,0.0,0.0
0,0.0,0.0,60.0,0.0,0.0,86.0,50.0,56.0,49.0,94.0,84.0,89.0,0.0,0.0,0.0,0.0,0.0,0.0
0,0.0,0.0,20.0,0.0,0.0,80.0,76.0,87.0,75.0,69.0,70.0,70.0,0.0,0.0,0.0,0.0,0.0,0.0
0,0.0,0.0,28.0,0.0,0.0,78.0,64.0,80.0,67.0,84.0,62.0,79.0,0.0,0.0,0.0,0.0,0.0,0.0
0,0.0,0.0,54.0,0.0,0.0,77.0,68.0,76.0,66.0,81.0,65.0,74.0,0.0,0.0,0.0,0.0,0.0,0.0
0,0.0,0.0,7.0,0.0,0.0,73.0,50.0,67.0,50.0,86.0,65.0,80.0,0.0,0.0,0.0,0.0,0.0,0.0
0,0.0,0.0,14.0,0.0,0.0,73.0,50.0,67.0,50.0,86.0,65.0,80.0,0.0,0.0,0.0,0.0,0.0,0.0
0,0.0,0.0,18.0,0.0,0.0,65.0,59.0,66.0,60.0,75.0,70.0,69.0,0.0,0.0,0.0,0.0,0.0,0.0
0,0.0,0.0,42.0,0.0,0.0,88.0,58.0,65.0,58.0,89.0,87.0,87.0,0.0,0.0,0.0,0.0,0.0,0.0
0,0.0,0.0,75.0,1.0,3.0,87.0,74.0,80.0,70.0,74.0,86.0,82.0,0.0,0.0,0.0,0.0,0.0,0.0
0,0.0,0.0,36.0,0.0,0.0,85.0,48.0,52.0,47.0,94.0,86.0,90.0,0.0,0.0,0.0,0.0,0.0,0.0
0,0.0,0.0,34.0,0.0,0.0,82.0,62.0,68.0,64.0,86.0,76.0,87.0,0.0,0.0,0.0,0.0,0.0,0.0
0,0.0,0.0,40.0,0.0,0.0,82.0,68.0,75.0,67.0,79.0,79.0,80.0,0.0,0.0,0.0,0.0,0.0,0.0
0,0.0,0.0,0.0,0.0,0.0,81.0,60.0,67.0,48.0,81.0,89.0,81.0,0.0,0.0,0.0,0.0,0.0,0.0
0,0.0,0.0,35.0,0.0,0.0,81.0,60.0,67.0,48.0,81.0,89.0,81.0,0.0,0.0,0.0,0.0,0.0,0.0
0,0.0,0.0,37.0,0.0,0.0,81.0,64.0,69.0,64.0,83.0,78.0,84.0,0.0,0.0,0.0,0.0,0.0,0.0
0,0.0,0.0,46.0,0.0,0.0,80.0,53.0,61.0,50.0,93.0,86.0,91.0,0.0,0.0,0.0,0.0,0.0,0.0
0,0.0,0.0,18.0,0.0,0.0,79.0,52.0,59.0,52.0,86.0,76.0,88.0,0.0,0.0,0.0,0.0,0.0,0.0
0,0.0,0.0,12.0,0.0,0.0,78.0,59.0,66.0,57.0,82.0,72.0,85.0,0.0,0.0,0.0,0.0,0.0,0.0
0,0.0,0.0,41.0,0.0,0.0,78.0,64.0,62.0,60.0,84.0,77.0,84.0,0.0,0.0,0.0,0.0,0.0,0.0
0,0.0,0.0,0.0,0.0,0.0,78.0,68.0,72.0,69.0,82.0,68.0,77.0,0.0,0.0,0.0,0.0,0.0,0.0
0,0.0,0.0,1.0,0.0,0.0,77.0,72.0,77.0,75.0,67.0,66.0,77.0,0.0,0.0,0.0,0.0,0.0,0.0
0,0.0,0.0,0.0,0.0,0.0,77.0,65.0,67.0,64.0,84.0,78.0,77.0,0.0,0.0,0.0,0.0,0.0,0.0
0,0.0,0.0,11.0,0.0,0.0,77.0,76.0,78.0,68.0,70.0,73.0,72.0,0.0,0.0,0.0,0.0,0.0,0.0
0,0.0,0.0,0.0,0.0,0.0,76.0,52.0,53.0,51.0,88.0,72.0,85.0,0.0,0.0,0.0,0.0,0.0,0.0
0,0.0,0.0,1.0,0.0,0.0,76.0,65.0,76.0,65.0,82.0,68.0,75.0,0.0,0.0,0.0,0.0,0.0,0.0
0,0.0,0.0,27.0,0.0,0.0,75.0,49.0,61.0,44.0,87.0,72.0,83.0,0.0,0.0,0.0,0.0,0.0,0.0
0,0.0,0.0,0.0,0.0,0.0,75.0,66.0,70.0,60.0,79.0,70.0,77.0,0.0,0.0,0.0,0.0,0.0,0.0
0,0.0,0.0,36.0,0.0,0.0,75.0,66.0,69.0,64.0,79.0,79.0,75.0,0.0,0.0,0.0,0.0,0.0,0.0
0,0.0,0.0,7.0,0.0,0.0,73.0,50.0,67.0,47.0,82.0,73.0,78.0,0.0,0.0,0.0,0.0,0.0,0.0
0,0.0,0.0,55.0,0.0,0.0,73.0,60.0,68.0,60.0,77.0,75.0,79.0,0.0,0.0,0.0,0.0,0.0,0.0
0,0.0,0.0,6.0,0.0,0.0,72.0,70.0,69.0,60.0,76.0,59.0,76.0,0.0,0.0,0.0,0.0,0.0,0.0
0,0.0,0.0,0.0,0.0,0.0,71.0,66.0,70.0,62.0,75.0,78.0,70.0,0.0,0.0,0.0,0.0,0.0,0.0
0,0.0,0.0,7.0,0.0,0.0,70.0,54.0,60.0,61.0,84.0,60.0,80.0,0.0,0.0,0.0,0.0,0.0,0.0
0,0.0,0.0,0.0,0.0,0.0,70.0,69.0,78.0,65.0,66.0,64.0,71.0,0.0,0.0,0.0,0.0,0.0,0.0
0,0.0,0.0,0.0,0.0,0.0,69.0,65.0,73.0,50.0,90.0,48.0,70.0,0.0,0.0,0.0,0.0,0.0,0.0
0,0.0,0.0,0.0,0.0,0.0,68.0,64.0,62.0,62.0,78.0,64.0,74.0,0.0,0.0,0.0,0.0,0.0,0.0
0,0.0,0.0,3.0,0.0,0.0,67.0,63.0,70.0,60.0,76.0,57.0,71.0,0.0,0.0,0.0,0.0,0.0,0.0
0,0.0,0.0,4.0,0.0,0.0,66.0,65.0,68.0,64.0,71.0,52.0,74.0,0.0,0.0,0.0,0.0,0.0,0.0
0,0.0,0.0,1.0,0.0,0.0,65.0,71.0,69.0,64.0,65.0,68.0,65.0,0.0,0.0,0.0,0.0,0.0,0.0
0,0.0,0.0,0.0,0.0,0.0,63.0,58.0,65.0,50.0,77.0,60.0,71.0,0.0,0.0,0.0,0.0,0.0,0.0
0,0.0,0.0,1.0,0.0,0.0,63.0,64.0,60.0,59.0,74.0,50.0,75.0,0.0,0.0,0.0,0.0,0.0,0.0
0,0.0,0.0,43.0,0.0,1.0,91.0,83.0,92.0,79.0,75.0,75.0,75.0,0.0,0.0,0.0,0.0,0.0,0.0
0,0.0,0.0,28.0,0.0,0.0,90.0,65.0,87.0,64.0,86.0,75.0,87.0,0.0,0.0,0.0,0.0,0.0,0.0
0,0.0,0.0,49.0,0.0,0.0,89.0,50.0,64.0,51.0,95.0,81.0,93.0,0.0,0.0,0.0,0.0,0.0,0.0
0,0.0,0.0,55.0,0.0,2.0,82.0,66.0,70.0,65.0,86.0,70.0,84.0,0.0,0.0,0.0,0.0,0.0,0.0
0,0.0,0.0,0.0,0.0,0.0,76.0,76.0,84.0,74.0,66.0,68.0,69.0,0.0,0.0,0.0,0.0,0.0,0.0
0,0.0,0.0,0.0,0.0,0.0,74.0,63.0,72.0,61.0,82.0,63.0,77.0,0.0,0.0,0.0,0.0,0.0,0.0
0,0.0,0.0,0.0,0.0,0.0,73.0,64.0,86.0,65.0,88.0,40.0,78.0,0.0,0.0,0.0,0.0,0.0,0.0
0,0.0,0.0,1.0,0.0,0.0,71.0,54.0,65.0,53.0,85.0,61.0,78.0,0.0,0.0,0.0,0.0,0.0,0.0
0,0.0,0.0,0.0,0.0,0.0,71.0,54.0,65.0,53.0,85.0,61.0,78.0,0.0,0.0,0.0,0.0,0.0,0.0
0,0.0,0.0,11.0,0.0,0.0,70.0,62.0,74.0,60.0,75.0,63.0,74.0,0.0,0.0,0.0,0.0,0.0,0.0
0,0.0,0.0,0.0,0.0,0.0,88.0,63.0,70.0,59.0,93.0,89.0,88.0,0.0,0.0,0.0,0.0,0.0,0.0
0,0.0,0.0,63.0,0.0,2.0,88.0,63.0,70.0,59.0,93.0,89.0,88.0,0.0,0.0,0.0,0.0,0.0,0.0
0,0.0,0.0,50.0,0.0,0.0,87.0,52.0,58.0,52.0,91.0,85.0,92.0,0.0,0.0,0.0,0.0,0.0,0.0
0,0.0,0.0,39.0,0.0,0.0,87.0,65.0,73.0,62.0,89.0,80.0,88.0,0.0,0.0,0.0,0.0,0.0,0.0
0,0.0,0.0,17.0,0.0,0.0,81.0,65.0,87.0,68.0,85.0,57.0,82.0,0.0,0.0,0.0,0.0,0.0,0.0
0,0.0,0.0,0.0,0.0,0.0,78.0,55.0,60.0,55.0,86.0,77.0,82.0,0.0,0.0,0.0,0.0,0.0,0.0
0,0.0,0.0,0.0,0.0,0.0,73.0,63.0,75.0,57.0,81.0,62.0,76.0,0.0,0.0,0.0,0.0,0.0,0.0
0,0.0,0.0,4.0,0.0,0.0,66.0,52.0,54.0,50.0,89.0,66.0,80.0,0.0,0.0,0.0,0.0,0.0,0.0
0,0.0,0.0,81.0,3.0,7.0,98.0,87.0,97.0,87.0,76.0,80.0,78.0,0.0,0.0,0.0,0.0,0.0,0.0
0,0.0,0.0,67.0,1.0,5.0,87.0,85.0,90.0,83.0,67.0,70.0,73.0,0.0,0.0,0.0,0.0,0.0,0.0
0,0.0,0.0,43.0,0.0,0.0,85.0,77.0,83.0,72.0,74.0,72.0,78.0,0.0,0.0,0.0,0.0,0.0,0.0
0,0.0,0.0,23.0,0.0,0.0,83.0,66.0,79.0,65.0,78.0,79.0,82.0,0.0,0.0,0.0,0.0,0.0,0.0
0,0.0,0.0,27.0,0.0,0.0,82.0,65.0,78.0,69.0,85.0,74.0,77.0,0.0,0.0,0.0,0.0,0.0,0.0
0,0.0,0.0,19.0,0.0,0.0,79.0,62.0,70.0,63.0,85.0,74.0,77.0,0.0,0.0,0.0,0.0,0.0,0.0
0,0.0,0.0,7.0,0.0,0.0,72.0,72.0,77.0,66.0,68.0,54.0,75.0,0.0,0.0,0.0,0.0,0.0,0.0
0,0.0,0.0,67.0,0.0,3.0,96.0,64.0,80.0,66.0,94.0,82.0,90.0,0.0,0.0,0.0,0.0,0.0,0.0
0,0.0,0.0,22.0,0.0,0.0,92.0,62.0,71.0,64.0,95.0,78.0,90.0,0.0,0.0,0.0,0.0,0.0,0.0
0,0.0,0.0,64.0,0.0,2.0,92.0,62.0,71.0,64.0,95.0,78.0,90.0,0.0,0.0,0.0,0.0,0.0,0.0
0,0.0,0.0,32.0,0.0,0.0,87.0,77.0,84.0,74.0,74.0,75.0,80.0,0.0,0.0,0.0,0.0,0.0,0.0
0,0.0,0.0,0.0,0.0,0.0,85.0,63.0,73.0,61.0,85.0,79.0,84.0,0.0,0.0,0.0,0.0,0.0,0.0
0,0.0,0.0,32.0,0.0,0.0,85.0,63.0,73.0,61.0,85.0,79.0,84.0,0.0,0.0,0.0,0.0,0.0,0.0
0,0.0,0.0,42.0,0.0,1.0,82.0,68.0,75.0,72.0,81.0,85.0,76.0,0.0,0.0,0.0,0.0,0.0,0.0
0,0.0,0.0,0.0,0.0,0.0,75.0,62.0,65.0,54.0,82.0,76.0,82.0,0.0,0.0,0.0,0.0,0.0,0.0
0,0.0,0.0,24.0,0.0,0.0,74.0,76.0,84.0,77.0,70.0,58.0,64.0,0.0,0.0,0.0,0.0,0.0,0.0
0,0.0,0.0,0.0,0.0,0.0,86.0,74.0,81.0,69.0,77.0,86.0,78.0,0.0,0.0,0.0,0.0,0.0,0.0
0,0.0,0.0,22.0,0.0,0.0,85.0,62.0,80.0,65.0,86.0,70.0,86.0,0.0,0.0,0.0,0.0,0.0,0.0
0,0.0,0.0,17.0,0.0,0.0,85.0,79.0,87.0,74.0,74.0,71.0,75.0,0.0,0.0,0.0,0.0,0.0,0.0
0,0.0,0.0,101.0,4.0,5.0,84.0,79.0,85.0,77.0,68.0,68.0,77.0,0.0,0.0,0.0,0.0,0.0,0.0
0,0.0,0.0,39.0,0.0,0.0,81.0,63.0,74.0,64.0,82.0,74.0,82.0,0.0,0.0,0.0,0.0,0.0,0.0
0,0.0,0.0,0.0,0.0,0.0,79.0,47.0,55.0,42.0,89.0,79.0,87.0,0.0,0.0,0.0,0.0,0.0,0.0
0,0.0,0.0,6.0,0.0,0.0,75.0,61.0,78.0,59.0,89.0,44.0,84.0,0.0,0.0,0.0,0.0,0.0,0.0
0,0.0,0.0,17.0,0.0,0.0,69.0,70.0,77.0,72.0,70.0,58.0,65.0,0.0,0.0,0.0,0.0,0.0,0.0
0,0.0,0.0,118.0,3.0,6.0,95.0,81.0,88.0,78.0,74.0,90.0,82.0,0.0,0.0,0.0,0.0,0.0,0.0
0,0.0,0.0,0.0,0.0,0.0,95.0,81.0,88.0,78.0,74.0,90.0,82.0,0.0,0.0,0.0,0.0,0.0,0.0
0,0.0,0.0,86.0,1.0,2.0,90.0,67.0,76.0,66.0,87.0,86.0,84.0,0.0,0.0,0.0,0.0,0.0,0.0
0,0.0,0.0,60.0,0.0,0.0,85.0,48.0,54.0,44.0,92.0,87.0,90.0,0.0,0.0,0.0,0.0,0.0,0.0
0,0.0,0.0,40.0,0.0,0.0,85.0,57.0,68.0,56.0,86.0,86.0,85.0,0.0,0.0,0.0,0.0,0.0,0.0
0,0.0,0.0,63.0,0.0,0.0,84.0,64.0,67.0,63.0,87.0,85.0,87.0,0.0,0.0,0.0,0.0,0.0,0.0
0,0.0,0.0,0.0,0.0,0.0,83.0,48.0,53.0,45.0,95.0,77.0,90.0,0.0,0.0,0.0,0.0,0.0,0.0
0,0.0,0.0,0.0,0.0,0.0,83.0,48.0,53.0,45.0,95.0,77.0,90.0,0.0,0.0,0.0,0.0,0.0,0.0
0,0.0,0.0,27.0,0.0,0.0,79.0,72.0,83.0,74.0,72.0,56.0,77.0,0.0,0.0,0.0,0.0,0.0,0.0
0,0.0,0.0,31.0,0.0,0.0,77.0,74.0,78.0,73.0,69.0,72.0,72.0,0.0,0.0,0.0,0.0,0.0,0.0
0,0.0,0.0,0.0,0.0,0.0,94.0,70.0,88.0,67.0,88.0,79.0,87.0,0.0,0.0,0.0,0.0,0.0,0.0
0,0.0,0.0,27.0,0.0,0.0,94.0,70.0,88.0,67.0,88.0,79.0,87.0,0.0,0.0,0.0,0.0,0.0,0.0
0,0.0,0.0,0.0,0.0,0.0,94.0,70.0,88.0,67.0,88.0,79.0,87.0,0.0,0.0,0.0,0.0,0.0,0.0
0,0.0,0.0,8.0,0.0,0.0,94.0,70.0,88.0,67.0,88.0,79.0,87.0,0.0,0.0,0.0,0.0,0.0,0.0
0,0.0,0.0,102.0,5.0,6.0,94.0,70.0,88.0,67.0,88.0,79.0,87.0,0.0,0.0,0.0,0.0,0.0,0.0
0,0.0,0.0,0.0,0.0,0.0,93.0,53.0,60.0,53.0,95.0,90.0,95.0,0.0,0.0,0.0,0.0,0.0,0.0
0,0.0,0.0,20.0,0.0,0.0,85.0,70.0,87.0,71.0,79.0,73.0,78.0,0.0,0.0,0.0,0.0,0.0,0.0
0,0.0,0.0,40.0,0.0,0.0,84.0,78.0,85.0,76.0,68.0,85.0,73.0,0.0,0.0,0.0,0.0,0.0,0.0
0,0.0,0.0,6.0,0.0,0.0,82.0,77.0,86.0,78.0,70.0,62.0,75.0,0.0,0.0,0.0,0.0,0.0,0.0
0,0.0,0.0,26.0,0.0,0.0,76.0,55.0,60.0,50.0,85.0,72.0,84.0,0.0,0.0,0.0,0.0,0.0,0.0
0,0.0,0.0,15.0,0.0,0.0,72.0,68.0,83.0,65.0,75.0,45.0,72.0,0.0,0.0,0.0,0.0,0.0,0.0
0,0.0,0.0,0.0,0.0,0.0,71.0,65.0,70.0,66.0,77.0,61.0,79.0,0.0,0.0,0.0,0.0,0.0,0.0
0,0.0,0.0,91.0,3.0,7.0,97.0,70.0,85.0,71.0,90.0,88.0,88.0,0.0,0.0,0.0,0.0,0.0,0.0
0,0.0,0.0,90.0,1.0,5.0,86.0,66.0,82.0,62.0,91.0,64.0,85.0,0.0,0.0,0.0,0.0,0.0,0.0
0,0.0,0.0,45.0,0.0,0.0,86.0,67.0,75.0,65.0,85.0,75.0,87.0,0.0,0.0,0.0,0.0,0.0,0.0
0,0.0,0.0,28.0,0.0,0.0,83.0,67.0,78.0,70.0,84.0,64.0,82.0,0.0,0.0,0.0,0.0,0.0,0.0
0,0.0,0.0,7.0,0.0,0.0,76.0,65.0,76.0,63.0,78.0,72.0,76.0,0.0,0.0,0.0,0.0,0.0,0.0
0,0.0,0.0,1.0,0.0,0.0,76.0,65.0,80.0,67.0,81.0,45.0,78.0,0.0,0.0,0.0,0.0,0.0,0.0
0,0.0,0.0,6.0,0.0,0.0,71.0,56.0,60.0,53.0,83.0,65.0,80.0,0.0,0.0,0.0,0.0,0.0,0.0
0,0.0,0.0,46.0,0.0,0.0,92.0,76.0,90.0,79.0,78.0,73.0,82.0,0.0,0.0,0.0,0.0,0.0,0.0
0,0.0,0.0,0.0,0.0,0.0,92.0,76.0,90.0,79.0,78.0,73.0,82.0,0.0,0.0,0.0,0.0,0.0,0.0
0,0.0,0.0,42.0,0.0,0.0,90.0,72.0,80.0,75.0,81.0,81.0,85.0,0.0,0.0,0.0,0.0,0.0,0.0
0,0.0,0.0,52.0,0.0,1.0,85.0,78.0,84.0,73.0,75.0,74.0,76.0,0.0,0.0,0.0,0.0,0.0,0.0
0,0.0,0.0,0.0,0.0,0.0,85.0,78.0,84.0,73.0,75.0,74.0,76.0,0.0,0.0,0.0,0.0,0.0,0.0
0,0.0,0.0,39.0,0.0,0.0,83.0,64.0,82.0,64.0,80.0,80.0,80.0,0.0,0.0,0.0,0.0,0.0,0.0
0,0.0,0.0,10.0,0.0,0.0,79.0,64.0,78.0,64.0,84.0,62.0,83.0,0.0,0.0,0.0,0.0,0.0,0.0
0,0.0,0.0,0.0,0.0,0.0,76.0,64.0,68.0,65.0,82.0,70.0,78.0,0.0,0.0,0.0,0.0,0.0,0.0
0,0.0,0.0,22.0,0.0,0.0,74.0,66.0,70.0,65.0,80.0,68.0,75.0,0.0,0.0,0.0,0.0,0.0,0.0
0,0.0,0.0,11.0,0.0,0.0,71.0,59.0,67.0,58.0,82.0,66.0,75.0,0.0,0.0,0.0,0.0,0.0,0.0
0,0.0,0.0,2.0,0.0,0.0,69.0,56.0,67.0,53.0,84.0,59.0,75.0,0.0,0.0,0.0,0.0,0.0,0.0
0,0.0,0.0,122.0,4.0,7.0,96.0,72.0,84.0,70.0,87.0,96.0,85.0,0.0,0.0,0.0,0.0,0.0,0.0
0,0.0,0.0,51.0,0.0,0.0,82.0,55.0,62.0,52.0,89.0,77.0,87.0,0.0,0.0,0.0,0.0,0.0,0.0
0,0.0,0.0,24.0,0.0,0.0,82.0,60.0,70.0,56.0,87.0,73.0,84.0,0.0,0.0,0.0,0.0,0.0,0.0
0,0.0,0.0,63.0,1.0,2.0,80.0,82.0,86.0,76.0,69.0,60.0,71.0,0.0,0.0,0.0,0.0,0.0,0.0
0,0.0,0.0,65.0,1.0,2.0,75.0,75.0,88.0,75.0,66.0,46.0,71.0,0.0,0.0,0.0,0.0,0.0,0.0
0,0.0,0.0,11.0,0.0,0.0,74.0,64.0,75.0,59.0,81.0,63.0,78.0,0.0,0.0,0.0,0.0,0.0,0.0
0,0.0,0.0,0.0,0.0,0.0,70.0,60.0,67.0,61.0,84.0,57.0,76.0,0.0,0.0,0.0,0.0,0.0,0.0
0,0.0,0.0,35.0,0.0,0.0,67.0,72.0,78.0,76.0,67.0,44.0,66.0,0.0,0.0,0.0,0.0,0.0,0.0
0,0.0,0.0,5.0,0.0,0.0,67.0,72.0,78.0,76.0,67.0,44.0,66.0,0.0,0.0,0.0,0.0,0.0,0.0
0,0.0,0.0,91.0,2.0,5.0,95.0,80.0,87.0,78.0,78.0,82.0,84.0,0.0,0.0,0.0,0.0,0.0,0.0
0,0.0,0.0,70.0,0.0,2.0,93.0,70.0,74.0,67.0,90.0,85.0,90.0,0.0,0.0,0.0,0.0,0.0,0.0
0,0.0,0.0,34.0,0.0,0.0,83.0,63.0,85.0,63.0,86.0,65.0,82.0,0.0,0.0,0.0,0.0,0.0,0.0
0,0.0,0.0,0.0,0.0,0.0,76.0,70.0,74.0,67.0,76.0,64.0,76.0,0.0,0.0,0.0,0.0,0.0,0.0
0,0.0,0.0,49.0,0.0,0.0,76.0,70.0,74.0,67.0,76.0,64.0,76.0,0.0,0.0,0.0,0.0,0.0,0.0
0,0.0,0.0,0.0,0.0,0.0,74.0,58.0,60.0,52.0,85.0,70.0,79.0,0.0,0.0,0.0,0.0,0.0,0.0
0,0.0,0.0,0.0,0.0,0.0,73.0,61.0,70.0,62.0,78.0,68.0,78.0,0.0,0.0,0.0,0.0,0.0,0.0
0,0.0,0.0,0.0,0.0,0.0,73.0,61.0,70.0,62.0,78.0,68.0,78.0,0.0,0.0,0.0,0.0,0.0,0.0
0,0.0,0.0,19.0,0.0,0.0,73.0,61.0,70.0,62.0,78.0,68.0,78.0,0.0,0.0,0.0,0.0,0.0,0.0
0,0.0,0.0,36.0,0.0,0.0,72.0,62.0,75.0,61.0,87.0,50.0,77.0,0.0,0.0,0.0,0.0,0.0,0.0
0,0.0,0.0,4.0,0.0,0.0,68.0,73.0,78.0,71.0,67.0,49.0,67.0,0.0,0.0,0.0,0.0,0.0,0.0
0,0.0,0.0,1.0,0.0,0.0,65.0,60.0,71.0,60.0,82.0,52.0,70.0,0.0,0.0,0.0,0.0,0.0,0.0
0,0.0,0.0,117.0,4.0,7.0,89.0,67.0,84.0,67.0,84.0,90.0,77.0,0.0,0.0,0.0,0.0,0.0,0.0
0,0.0,0.0,49.0,0.0,0.0,88.0,44.0,50.0,40.0,98.0,89.0,94.0,0.0,0.0,0.0,0.0,0.0,0.0
0,0.0,0.0,89.0,1.0,4.0,88.0,44.0,50.0,40.0,98.0,89.0,94.0,0.0,0.0,0.0,0.0,0.0,0.0
0,0.0,0.0,40.0,0.0,2.0,86.0,76.0,77.0,70.0,77.0,78.0,81.0,0.0,0.0,0.0,0.0,0.0,0.0
0,0.0,0.0,0.0,0.0,0.0,84.0,65.0,70.0,64.0,82.0,87.0,85.0,0.0,0.0,0.0,0.0,0.0,0.0
0,0.0,0.0,40.0,0.0,0.0,83.0,70.0,78.0,69.0,79.0,70.0,82.0,0.0,0.0,0.0,0.0,0.0,0.0
0,0.0,0.0,0.0,0.0,0.0,77.0,75.0,80.0,72.0,72.0,64.0,72.0,0.0,0.0,0.0,0.0,0.0,0.0
0,0.0,0.0,7.0,0.0,0.0,75.0,64.0,70.0,63.0,81.0,69.0,77.0,0.0,0.0,0.0,0.0,0.0,0.0
0,0.0,0.0,11.0,0.0,0.0,73.0,48.0,60.0,44.0,92.0,67.0,77.0,0.0,0.0,0.0,0.0,0.0,0.0
0,0.0,0.0,0.0,0.0,0.0,71.0,64.0,79.0,62.0,83.0,52.0,75.0,0.0,0.0,0.0,0.0,0.0,0.0
0,0.0,0.0,45.0,0.0,1.0,94.0,65.0,86.0,63.0,88.0,84.0,87.0,0.0,0.0,0.0,0.0,0.0,0.0
0,0.0,0.0,68.0,1.0,3.0,94.0,85.0,93.0,88.0,74.0,80.0,75.0,0.0,0.0,0.0,0.0,0.0,0.0
0,0.0,0.0,38.0,0.0,0.0,88.0,66.0,72.0,67.0,88.0,78.0,86.0,0.0,0.0,0.0,0.0,0.0,0.0
0,0.0,0.0,68.0,1.0,3.0,83.0,72.0,75.0,70.0,73.0,91.0,79.0,0.0,0.0,0.0,0.0,0.0,0.0
0,0.0,0.0,48.0,0.0,0.0,80.0,62.0,86.0,65.0,85.0,64.0,78.0,0.0,0.0,0.0,0.0,0.0,0.0
0,0.0,0.0,0.0,0.0,0.0,80.0,75.0,78.0,72.0,69.0,78.0,76.0,0.0,0.0,0.0,0.0,0.0,0.0
0,0.0,0.0,0.0,0.0,0.0,79.0,49.0,54.0,45.0,90.0,76.0,89.0,0.0,0.0,0.0,0.0,0.0,0.0
0,0.0,0.0,0.0,0.0,0.0,77.0,63.0,70.0,57.0,84.0,67.0,81.0,0.0,0.0,0.0,0.0,0.0,0.0
0,0.0,0.0,3.0,0.0,0.0,77.0,77.0,82.0,72.0,68.0,67.0,70.0,0.0,0.0,0.0,0.0,0.0,0.0
0,0.0,0.0,1.0,0.0,0.0,67.0,69.0,75.0,65.0,69.0,55.0,68.0,0.0,0.0,0.0,0.0,0.0,0.0
0,0.0,0.0,73.0,0.0,5.0,95.0,57.0,68.0,61.0,97.0,82.0,95.0,0.0,0.0,0.0,0.0,0.0,0.0
0,0.0,0.0,1.0,0.0,0.0,88.0,69.0,77.0,65.0,84.0,85.0,84.0,0.0,0.0,0.0,0.0,0.0,0.0
0,0.0,0.0,71.0,0.0,1.0,88.0,69.0,77.0,65.0,84.0,85.0,84.0,0.0,0.0,0.0,0.0,0.0,0.0
0,0.0,0.0,0.0,0.0,0.0,85.0,65.0,68.0,60.0,87.0,88.0,87.0,0.0,0.0,0.0,0.0,0.0,0.0
0,0.0,0.0,0.0,0.0,0.0,82.0,57.0,55.0,52.0,90.0,75.0,90.0,0.0,0.0,0.0,0.0,0.0,0.0
0,0.0,0.0,0.0,0.0,0.0,75.0,60.0,64.0,54.0,86.0,72.0,83.0,0.0,0.0,0.0,0.0,0.0,0.0
0,0.0,0.0,58.0,0.0,1.0,74.0,65.0,68.0,63.0,79.0,65.0,79.0,0.0,0.0,0.0,0.0,0.0,0.0
0,0.0,0.0,0.0,0.0,0.0,65.0,59.0,76.0,58.0,79.0,50.0,73.0,0.0,0.0,0.0,0.0,0.0,0.0
0,0.0,0.0,0.0,0.0,0.0,90.0,55.0,72.0,50.0,92.0,84.0,89.0,0.0,0.0,0.0,0.0,0.0,0.0
0,0.0,0.0,33.0,0.0,0.0,80.0,64.0,78.0,60.0,90.0,60.0,80.0,0.0,0.0,0.0,0.0,0.0,0.0
0,0.0,0.0,12.0,0.0,0.0,79.0,69.0,77.0,66.0,78.0,72.0,77.0,0.0,0.0,0.0,0.0,0.0,0.0
0,0.0,0.0,39.0,0.0,0.0,79.0,65.0,82.0,65.0,87.0,52.0,76.0,0.0,0.0,0.0,0.0,0.0,0.0
0,0.0,0.0,0.0,0.0,0.0,74.0,69.0,67.0,67.0,78.0,60.0,78.0,0.0,0.0,0.0,0.0,0.0,0.0
0,0.0,0.0,0.0,0.0,0.0,73.0,61.0,78.0,60.0,80.0,67.0,72.0,0.0,0.0,0.0,0.0,0.0,0.0
0,0.0,0.0,6.0,0.0,0.0,68.0,58.0,70.0,62.0,78.0,58.0,76.0,0.0,0.0,0.0,0.0,0.0,0.0
0,0.0,0.0,15.0,0.0,0.0,66.0,64.0,70.0,62.0,72.0,63.0,70.0,0.0,0.0,0.0,0.0,0.0,0.0
0,0.0,0.0,88.0,1.0,4.0,86.0,60.0,72.0,57.0,87.0,92.0,88.0,0.0,0.0,0.0,0.0,0.0,0.0
0,0.0,0.0,0.0,0.0,0.0,83.0,72.0,83.0,68.0,75.0,77.0,78.0,0.0,0.0,0.0,0.0,0.0,0.0
0,0.0,0.0,33.0,0.0,0.0,79.0,61.0,70.0,62.0,85.0,72.0,80.0,0.0,0.0,0.0,0.0,0.0,0.0
0,0.0,0.0,31.0,0.0,0.0,77.0,67.0,75.0,65.0,79.0,74.0,75.0,0.0,0.0,0.0,0.0,0.0,0.0
0,0.0,0.0,38.0,0.0,0.0,71.0,56.0,72.0,53.0,87.0,49.0,81.0,0.0,0.0,0.0,0.0,0.0,0.0
0,0.0,0.0,12.0,0.0,0.0,71.0,65.0,77.0,67.0,72.0,70.0,69.0,0.0,0.0,0.0,0.0,0.0,0.0
0,0.0,0.0,0.0,0.0,0.0,67.0,64.0,73.0,64.0,77.0,55.0,74.0,0.0,0.0,0.0,0.0,0.0,0.0
0,0.0,0.0,6.0,0.0,0.0,67.0,64.0,73.0,64.0,77.0,55.0,74.0,0.0,0.0,0.0,0.0,0.0,0.0
0,0.0,0.0,0.0,0.0,0.0,67.0,64.0,73.0,64.0,77.0,55.0,74.0,0.0,0.0,0.0,0.0,0.0,0.0
0,0.0,0.0,54.0,0.0,0.0,89.0,72.0,80.0,70.0,82.0,91.0,81.0,0.0,0.0,0.0,0.0,0.0,0.0
0,0.0,0.0,14.0,0.0,0.0,84.0,58.0,65.0,57.0,91.0,75.0,87.0,0.0,0.0,0.0,0.0,0.0,0.0
0,0.0,0.0,19.0,0.0,0.0,82.0,64.0,71.0,63.0,85.0,74.0,84.0,0.0,0.0,0.0,0.0,0.0,0.0
0,0.0,0.0,9.0,0.0,0.0,81.0,61.0,77.0,62.0,92.0,60.0,80.0,0.0,0.0,0.0,0.0,0.0,0.0
0,0.0,0.0,26.0,0.0,0.0,81.0,71.0,77.0,69.0,78.0,73.0,78.0,0.0,0.0,0.0,0.0,0.0,0.0
0,0.0,0.0,0.0,0.0,0.0,80.0,66.0,84.0,64.0,79.0,69.0,80.0,0.0,0.0,0.0,0.0,0.0,0.0
0,0.0,0.0,11.0,0.0,0.0,78.0,59.0,67.0,65.0,91.0,66.0,76.0,0.0,0.0,0.0,0.0,0.0,0.0
0,0.0,0.0,35.0,0.0,0.0,73.0,59.0,69.0,60.0,84.0,57.0,81.0,0.0,0.0,0.0,0.0,0.0,0.0
0,0.0,0.0,0.0,0.0,0.0,71.0,74.0,82.0,68.0,67.0,46.0,70.0,0.0,0.0,0.0,0.0,0.0,0.0
0,0.0,0.0,52.0,1.0,1.0,93.0,85.0,92.0,81.0,73.0,74.0,78.0,0.0,0.0,0.0,0.0,0.0,0.0
0,0.0,0.0,58.0,0.0,0.0,84.0,65.0,78.0,65.0,85.0,70.0,84.0,0.0,0.0,0.0,0.0,0.0,0.0
0,0.0,0.0,32.0,0.0,0.0,83.0,64.0,77.0,64.0,85.0,74.0,80.0,0.0,0.0,0.0,0.0,0.0,0.0
0,0.0,0.0,16.0,0.0,0.0,77.0,55.0,66.0,51.0,89.0,66.0,83.0,0.0,0.0,0.0,0.0,0.0,0.0
0,0.0,0.0,0.0,0.0,0.0,76.0,65.0,77.0,62.0,81.0,75.0,72.0,0.0,0.0,0.0,0.0,0.0,0.0
0,0.0,0.0,0.0,0.0,0.0,74.0,75.0,84.0,73.0,66.0,60.0,69.0,0.0,0.0,0.0,0.0,0.0,0.0
0,0.0,0.0,5.0,0.0,0.0,67.0,65.0,69.0,66.0,71.0,58.0,72.0,0.0,0.0,0.0,0.0,0.0,0.0
0,0.0,0.0,0.0,0.0,0.0,55.0,61.0,70.0,58.0,71.0,46.0,65.0,0.0,0.0,0.0,0.0,0.0,0.0
0,0.0,0.0,86.0,1.0,3.0,95.0,84.0,94.0,78.0,74.0,93.0,76.0,0.0,0.0,0.0,0.0,0.0,0.0
0,0.0,0.0,43.0,0.0,0.0,91.0,65.0,82.0,66.0,87.0,82.0,86.0,0.0,0.0,0.0,0.0,0.0,0.0
0,0.0,0.0,49.0,0.0,0.0,85.0,74.0,84.0,70.0,75.0,77.0,78.0,0.0,0.0,0.0,0.0,0.0,0.0
0,0.0,0.0,56.0,0.0,0.0,82.0,66.0,85.0,65.0,81.0,72.0,79.0,0.0,0.0,0.0,0.0,0.0,0.0
0,0.0,0.0,24.0,0.0,0.0,81.0,72.0,85.0,74.0,75.0,65.0,74.0,0.0,0.0,0.0,0.0,0.0,0.0
0,0.0,0.0,13.0,0.0,0.0,76.0,65.0,75.0,67.0,79.0,68.0,78.0,0.0,0.0,0.0,0.0,0.0,0.0
0,0.0,0.0,2.0,0.0,0.0,69.0,50.0,54.0,50.0,95.0,46.0,84.0,0.0,0.0,0.0,0.0,0.0,0.0
0,0.0,0.0,0.0,0.0,0.0,64.0,64.0,70.0,62.0,70.0,55.0,70.0,0.0,0.0,0.0,0.0,0.0,0.0
0,0.0,0.0,55.0,2.0,2.0,89.0,64.0,81.0,63.0,92.0,67.0,88.0,0.0,0.0,0.0,0.0,0.0,0.0
0,0.0,0.0,61.0,0.0,2.0,85.0,65.0,84.0,66.0,87.0,65.0,84.0,0.0,0.0,0.0,0.0,0.0,0.0
0,0.0,0.0,5.0,0.0,0.0,79.0,65.0,80.0,66.0,78.0,72.0,79.0,0.0,0.0,0.0,0.0,0.0,0.0
0,0.0,0.0,21.0,0.0,0.0,77.0,75.0,86.0,74.0,67.0,50.0,74.0,0.0,0.0,0.0,0.0,0.0,0.0
0,0.0,0.0,24.0,0.0,0.0,75.0,75.0,86.0,73.0,69.0,54.0,69.0,0.0,0.0,0.0,0.0,0.0,0.0
0,0.0,0.0,0.0,0.0,0.0,75.0,65.0,70.0,65.0,79.0,69.0,77.0,0.0,0.0,0.0,0.0,0.0,0.0
0,0.0,0.0,3.0,0.0,0.0,70.0,68.0,75.0,70.0,69.0,55.0,72.0,0.0,0.0,0.0,0.0,0.0,0.0
0,0.0,0.0,58.0,0.0,0.0,88.0,63.0,76.0,64.0,88.0,75.0,89.0,0.0,0.0,0.0,0.0,0.0,0.0
0,0.0,0.0,68.0,0.0,0.0,83.0,64.0,65.0,64.0,85.0,80.0,88.0,0.0,0.0,0.0,0.0,0.0,0.0
0,0.0,0.0,55.0,0.0,0.0,81.0,62.0,66.0,59.0,84.0,86.0,85.0,0.0,0.0,0.0,0.0,0.0,0.0
0,0.0,0.0,0.0,0.0,0.0,78.0,50.0,60.0,50.0,86.0,73.0,88.0,0.0,0.0,0.0,0.0,0.0,0.0
0,0.0,0.0,20.0,0.0,0.0,71.0,53.0,59.0,60.0,88.0,65.0,74.0,0.0,0.0,0.0,0.0,0.0,0.0
0,0.0,0.0,0.0,0.0,0.0,69.0,68.0,73.0,64.0,73.0,55.0,72.0,0.0,0.0,0.0,0.0,0.0,0.0
0,0.0,0.0,0.0,0.0,0.0,60.0,46.0,55.0,45.0,85.0,59.0,79.0,0.0,0.0,0.0,0.0,0.0,0.0
0,0.0,0.0,69.0,0.0,3.0,93.0,75.0,92.0,70.0,90.0,68.0,85.0,94.0,89.0,91.0,85.0,65.0,68.0
0,0.0,0.0,56.0,0.0,1.0,83.0,74.0,79.0,68.0,79.0,74.0,80.0,84.0,78.0,82.0,74.0,68.0,60.0
0,0.0,0.0,11.0,0.0,0.0,80.0,58.0,65.0,49.0,93.0,66.0,82.0,89.0,64.0,90.0,50.0,60.0,52.0
0,0.0,0.0,42.0,0.0,0.0,79.0,62.0,68.0,53.0,94.0,58.0,78.0,90.0,67.0,90.0,55.0,50.0,60.0
0,0.0,0.0,112.0,1.0,6.0,79.0,78.0,84.0,72.0,82.0,55.0,75.0,83.0,80.0,82.0,80.0,48.0,74.0
0,0.0,0.0,10.0,0.0,0.0,76.0,69.0,76.0,68.0,77.0,74.0,77.0,80.0,70.0,78.0,66.0,68.0,65.0
0,0.0,0.0,2.0,0.0,0.0,74.0,74.0,75.0,70.0,78.0,55.0,74.0,82.0,74.0,80.0,70.0,50.0,75.0
0,0.0,0.0,91.0,2.0,5.0,92.0,80.0,85.0,78.0,77.0,72.0,77.0,82.0,92.0,85.0,88.0,78.0,60.0
0,0.0,0.0,20.0,0.0,0.0,83.0,80.0,85.0,80.0,72.0,56.0,77.0,82.0,88.0,76.0,82.0,55.0,74.0
0,0.0,0.0,52.0,0.0,0.0,82.0,69.0,90.0,69.0,85.0,68.0,80.0,84.0,77.0,84.0,75.0,55.0,52.0
0,0.0,0.0,4.0,0.0,0.0,78.0,62.0,70.0,59.0,88.0,65.0,79.0,84.0,74.0,81.0,70.0,58.0,60.0
0,0.0,0.0,14.0,0.0,0.0,77.0,67.0,82.0,66.0,84.0,68.0,79.0,77.0,78.0,82.0,70.0,55.0,65.0
0,0.0,0.0,20.0,0.0,0.0,76.0,76.0,82.0,70.0,66.0,66.0,80.0,70.0,82.0,80.0,78.0,58.0,54.0
0,0.0,0.0,24.0,0.0,0.0,76.0,77.0,82.0,72.0,80.0,52.0,80.0,80.0,70.0,84.0,86.0,50.0,78.0
0,0.0,0.0,5.0,0.0,0.0,73.0,62.0,70.0,55.0,86.0,58.0,78.0,82.0,66.0,82.0,68.0,58.0,49.0
0,0.0,0.0,7.0,0.0,0.0,72.0,55.0,67.0,50.0,84.0,72.0,83.0,76.0,68.0,85.0,71.0,50.0,50.0
0,0.0,0.0,0.0,0.0,0.0,70.0,77.0,79.0,78.0,74.0,44.0,70.0,74.0,78.0,70.0,78.0,42.0,65.0
0,0.0,0.0,100.0,2.0,5.0,91.0,66.0,76.0,64.0,95.0,78.0,86.0,96.0,76.0,95.0,82.0,82.0,82.0
0,0.0,0.0,80.0,1.0,4.0,90.0,68.0,74.0,66.0,93.0,85.0,84.0,93.0,76.0,93.0,72.0,80.0,68.0
0,0.0,0.0,61.0,0.0,0.0,88.0,56.0,70.0,55.0,88.0,88.0,88.0,88.0,60.0,89.0,60.0,85.0,60.0
0,0.0,0.0,32.0,0.0,0.0,82.0,62.0,75.0,54.0,89.0,80.0,82.0,91.0,72.0,90.0,75.0,74.0,64.0
0,0.0,0.0,36.0,0.0,0.0,78.0,56.0,68.0,50.0,88.0,70.0,80.0,82.0,78.0,85.0,66.0,68.0,55.0
0,0.0,0.0,4.0,0.0,0.0,68.0,60.0,68.0,60.0,88.0,59.0,78.0,82.0,68.0,84.0,65.0,52.0,60.0
0,0.0,0.0,0.0,0.0,0.0,66.0,56.0,63.0,53.0,85.0,65.0,76.0,75.0,60.0,82.0,75.0,30.0,65.0
0,0.0,0.0,67.0,0.0,3.0,94.0,61.0,80.0,62.0,95.0,77.0,82.0,97.0,80.0,96.0,78.0,75.0,64.0
0,0.0,0.0,62.0,0.0,2.0,92.0,74.0,82.0,72.0,82.0,80.0,82.0,92.0,80.0,88.0,85.0,85.0,70.0
0,0.0,0.0,79.0,0.0,6.0,84.0,59.0,74.0,63.0,88.0,74.0,82.0,86.0,78.0,86.0,88.0,75.0,50.0
0,0.0,0.0,6.0,0.0,0.0,84.0,59.0,74.0,63.0,88.0,74.0,82.0,86.0,78.0,86.0,88.0,75.0,50.0
0,0.0,0.0,0.0,0.0,0.0,84.0,59.0,74.0,63.0,88.0,74.0,82.0,86.0,78.0,86.0,88.0,75.0,50.0
0,0.0,0.0,4.0,0.0,0.0,83.0,66.0,85.0,66.0,87.0,66.0,78.0,88.0,78.0,87.0,76.0,58.0,50.0
0,0.0,0.0,46.0,0.0,0.0,83.0,75.0,78.0,70.0,79.0,80.0,82.0,85.0,74.0,80.0,79.0,70.0,60.0
0,0.0,0.0,0.0,0.0,0.0,82.0,65.0,70.0,66.0,88.0,70.0,80.0,85.0,68.0,88.0,70.0,65.0,54.0
0,0.0,0.0,23.0,0.0,0.0,79.0,71.0,76.0,65.0,82.0,78.0,80.0,86.0,72.0,82.0,76.0,62.0,55.0
0,0.0,0.0,2.0,0.0,0.0,75.0,82.0,82.0,78.0,72.0,50.0,70.0,75.0,80.0,75.0,82.0,48.0,75.0
0,0.0,0.0,3.0,0.0,0.0,71.0,58.0,82.0,61.0,82.0,52.0,78.0,83.0,72.0,85.0,72.0,52.0,49.0
0,0.0,0.0,130.0,3.0,9.0,96.0,87.0,92.0,86.0,80.0,70.0,70.0,84.0,97.0,80.0,88.0,70.0,89.0
0,0.0,0.0,0.0,0.0,0.0,83.0,50.0,55.0,48.0,96.0,80.0,84.0,88.0,60.0,90.0,58.0,68.0,60.0
0,0.0,0.0,38.0,0.0,0.0,78.0,66.0,80.0,67.0,84.0,64.0,72.0,82.0,76.0,84.0,72.0,70.0,58.0
0,0.0,0.0,13.0,0.0,0.0,78.0,77.0,81.0,72.0,78.0,60.0,72.0,77.0,85.0,75.0,74.0,50.0,75.0
0,0.0,0.0,6.0,0.0,0.0,78.0,77.0,81.0,72.0,78.0,60.0,72.0,77.0,85.0,75.0,74.0,50.0,75.0
0,0.0,0.0,39.0,0.0,0.0,78.0,77.0,81.0,72.0,78.0,60.0,72.0,77.0,85.0,75.0,74.0,50.0,75.0
0,0.0,0.0,47.0,0.0,0.0,78.0,77.0,81.0,72.0,78.0,60.0,72.0,77.0,85.0,75.0,74.0,50.0,75.0
0,0.0,0.0,7.0,0.0,0.0,78.0,77.0,81.0,72.0,78.0,60.0,72.0,77.0,85.0,75.0,74.0,50.0,75.0
0,0.0,0.0,32.0,0.0,0.0,77.0,64.0,76.0,63.0,86.0,68.0,80.0,79.0,77.0,82.0,67.0,52.0,57.0
0,0.0,0.0,40.0,0.0,0.0,77.0,70.0,78.0,69.0,80.0,70.0,79.0,80.0,75.0,80.0,74.0,60.0,57.0
0,0.0,0.0,1.0,0.0,0.0,76.0,78.0,87.0,72.0,70.0,58.0,70.0,70.0,84.0,76.0,76.0,55.0,77.0
0,0.0,0.0,25.0,0.0,0.0,72.0,65.0,72.0,58.0,93.0,46.0,75.0,84.0,60.0,80.0,65.0,48.0,70.0
0,0.0,0.0,56.0,0.0,3.0,96.0,77.0,91.0,69.0,90.0,80.0,75.0,93.0,93.0,90.0,85.0,75.0,69.0
0,0.0,0.0,0.0,0.0,0.0,89.0,83.0,90.0,79.0,73.0,79.0,74.0,74.0,94.0,75.0,89.0,70.0,54.0
0,0.0,0.0,59.0,0.0,0.0,85.0,83.0,88.0,75.0,74.0,72.0,74.0,75.0,88.0,74.0,89.0,68.0,52.0
0,0.0,0.0,21.0,0.0,0.0,84.0,85.0,87.0,78.0,76.0,64.0,70.0,79.0,90.0,75.0,79.0,55.0,55.0
0,0.0,0.0,6.0,0.0,0.0,79.0,68.0,76.0,63.0,88.0,60.0,80.0,85.0,72.0,84.0,78.0,55.0,48.0
0,0.0,0.0,33.0,0.0,0.0,78.0,61.0,70.0,61.0,87.0,68.0,80.0,83.0,66.0,83.0,77.0,66.0,55.0
0,0.0,0.0,12.0,0.0,0.0,77.0,66.0,78.0,62.0,92.0,58.0,70.0,86.0,70.0,84.0,68.0,52.0,60.0
0,0.0,0.0,6.0,0.0,0.0,77.0,68.0,86.0,68.0,90.0,50.0,74.0,86.0,70.0,85.0,80.0,55.0,80.0
0,0.0,0.0,0.0,0.0,0.0,76.0,72.0,76.0,64.0,80.0,68.0,70.0,78.0,84.0,72.0,74.0,60.0,53.0
0,0.0,0.0,0.0,0.0,0.0,76.0,77.0,80.0,73.0,80.0,57.0,72.0,75.0,77.0,76.0,75.0,55.0,78.0
0,0.0,0.0,24.0,0.0,0.0,84.0,75.0,86.0,76.0,78.0,70.0,74.0,83.0,83.0,85.0,68.0,65.0,56.0
0,0.0,0.0,51.0,0.0,0.0,83.0,62.0,73.0,59.0,86.0,80.0,85.0,86.0,58.0,86.0,68.0,70.0,55.0
0,0.0,0.0,68.0,0.0,0.0,83.0,61.0,79.0,62.0,92.0,69.0,82.0,88.0,74.0,84.0,66.0,54.0,51.0
0,0.0,0.0,0.0,0.0,0.0,83.0,77.0,88.0,75.0,77.0,72.0,76.0,74.0,88.0,79.0,82.0,58.0,60.0
0,0.0,0.0,46.0,0.0,0.0,83.0,77.0,88.0,75.0,77.0,72.0,76.0,74.0,88.0,79.0,82.0,58.0,60.0
0,0.0,0.0,27.0,0.0,0.0,76.0,72.0,86.0,68.0,88.0,48.0,72.0,85.0,78.0,84.0,82.0,46.0,82.0
0,0.0,0.0,12.0,0.0,0.0,74.0,70.0,76.0,72.0,79.0,67.0,74.0,78.0,78.0,76.0,78.0,50.0,52.0
0,0.0,0.0,39.0,0.0,0.0,73.0,70.0,78.0,78.0,77.0,65.0,75.0,74.0,82.0,75.0,80.0,40.0,50.0
0,0.0,0.0,0.0,0.0,0.0,71.0,67.0,77.0,58.0,90.0,46.0,72.0,85.0,66.0,81.0,70.0,45.0,75.0
0,0.0,0.0,34.0,0.0,0.0,71.0,64.0,74.0,60.0,84.0,58.0,78.0,79.0,67.0,86.0,65.0,40.0,50.0
0,0.0,0.0,0.0,0.0,0.0,71.0,78.0,80.0,79.0,72.0,44.0,70.0,72.0,78.0,75.0,80.0,44.0,80.0
0,0.0,0.0,57.0,0.0,3.0,94.0,55.0,76.0,62.0,97.0,76.0,80.0,98.0,84.0,98.0,75.0,76.0,64.0
0,0.0,0.0,0.0,0.0,0.0,90.0,70.0,88.0,65.0,86.0,74.0,82.0,88.0,92.0,87.0,80.0,68.0,60.0
0,0.0,0.0,33.0,0.0,0.0,90.0,70.0,88.0,65.0,86.0,74.0,82.0,88.0,92.0,87.0,80.0,68.0,60.0
0,0.0,0.0,39.0,0.0,0.0,87.0,65.0,79.0,63.0,87.0,85.0,85.0,88.0,78.0,88.0,78.0,79.0,56.0
0,0.0,0.0,0.0,0.0,0.0,85.0,64.0,74.0,65.0,94.0,82.0,85.0,88.0,74.0,89.0,70.0,75.0,55.0
0,0.0,0.0,0.0,0.0,0.0,72.0,58.0,62.0,50.0,93.0,58.0,74.0,84.0,60.0,80.0,45.0,48.0,66.0
0,0.0,0.0,47.0,0.0,0.0,70.0,60.0,72.0,54.0,94.0,48.0,65.0,87.0,58.0,84.0,65.0,45.0,74.0
0,0.0,0.0,0.0,0.0,0.0,68.0,68.0,76.0,68.0,79.0,55.0,70.0,82.0,72.0,75.0,65.0,42.0,60.0
0,0.0,0.0,55.0,1.0,4.0,84.0,67.0,78.0,66.0,84.0,78.0,80.0,83.0,78.0,83.0,74.0,68.0,65.0
0,0.0,0.0,9.0,0.0,0.0,84.0,72.0,77.0,68.0,82.0,72.0,79.0,84.0,82.0,82.0,82.0,70.0,65.0
0,0.0,0.0,46.0,0.0,0.0,84.0,72.0,77.0,68.0,82.0,72.0,79.0,84.0,82.0,82.0,82.0,70.0,65.0
0,0.0,0.0,15.0,0.0,0.0,82.0,69.0,78.0,75.0,82.0,69.0,82.0,87.0,75.0,87.0,74.0,64.0,61.0
0,0.0,0.0,36.0,0.0,0.0,82.0,69.0,78.0,75.0,82.0,69.0,82.0,87.0,75.0,87.0,74.0,64.0,61.0
0,0.0,0.0,22.0,0.0,0.0,80.0,64.0,82.0,68.0,85.0,68.0,78.0,84.0,80.0,84.0,79.0,57.0,60.0
0,0.0,0.0,34.0,0.0,1.0,71.0,74.0,78.0,72.0,84.0,55.0,72.0,67.0,84.0,75.0,67.0,40.0,46.0
0,0.0,0.0,0.0,0.0,0.0,68.0,68.0,78.0,66.0,84.0,50.0,74.0,78.0,70.0,72.0,65.0,40.0,58.0
0,0.0,0.0,0.0,0.0,0.0,67.0,64.0,68.0,59.0,83.0,55.0,79.0,80.0,72.0,72.0,66.0,50.0,53.0
0,0.0,0.0,63.0,2.0,5.0,90.0,82.0,90.0,78.0,72.0,70.0,70.0,95.0,92.0,80.0,85.0,66.0,50.0
0,0.0,0.0,34.0,0.0,0.0,84.0,64.0,84.0,63.0,88.0,66.0,84.0,87.0,82.0,86.0,65.0,65.0,58.0
0,0.0,0.0,37.0,0.0,0.0,82.0,72.0,79.0,67.0,75.0,78.0,78.0,77.0,79.0,83.0,72.0,78.0,54.0
0,0.0,0.0,3.0,0.0,0.0,81.0,82.0,88.0,86.0,68.0,60.0,76.0,76.0,87.0,73.0,90.0,50.0,60.0
0,0.0,0.0,31.0,0.0,0.0,81.0,71.0,76.0,68.0,78.0,78.0,78.0,79.0,79.0,83.0,84.0,70.0,60.0
0,0.0,0.0,11.0,0.0,0.0,80.0,84.0,80.0,78.0,82.0,55.0,72.0,80.0,84.0,75.0,75.0,45.0,65.0
0,0.0,0.0,14.0,0.0,0.0,79.0,65.0,84.0,65.0,87.0,56.0,79.0,87.0,83.0,85.0,78.0,50.0,70.0
0,0.0,0.0,0.0,0.0,0.0,79.0,65.0,84.0,65.0,87.0,56.0,79.0,87.0,83.0,85.0,78.0,50.0,70.0
0,0.0,0.0,22.0,0.0,0.0,78.0,56.0,65.0,53.0,91.0,70.0,80.0,85.0,52.0,85.0,65.0,66.0,55.0
0,0.0,0.0,0.0,0.0,0.0,70.0,65.0,78.0,58.0,89.0,48.0,64.0,85.0,66.0,83.0,70.0,44.0,72.0
0,0.0,0.0,54.0,0.0,0.0,91.0,70.0,88.0,68.0,88.0,80.0,80.0,88.0,78.0,90.0,80.0,74.0,60.0
0,0.0,0.0,24.0,0.0,0.0,86.0,77.0,88.0,76.0,75.0,74.0,75.0,79.0,88.0,76.0,88.0,68.0,70.0
0,0.0,0.0,0.0,0.0,0.0,83.0,67.0,87.0,64.0,82.0,71.0,84.0,83.0,84.0,84.0,78.0,65.0,45.0
0,0.0,0.0,18.0,0.0,0.0,82.0,74.0,78.0,66.0,80.0,80.0,80.0,82.0,78.0,78.0,76.0,65.0,64.0
0,0.0,0.0,0.0,0.0,0.0,79.0,74.0,78.0,68.0,70.0,72.0,78.0,74.0,84.0,77.0,82.0,64.0,70.0
0,0.0,0.0,28.0,0.0,0.0,76.0,64.0,82.0,67.0,82.0,65.0,79.0,79.0,82.0,83.0,78.0,55.0,55.0
0,0.0,0.0,2.0,0.0,0.0,76.0,72.0,78.0,74.0,77.0,58.0,74.0,78.0,82.0,77.0,85.0,50.0,78.0
0,0.0,0.0,51.0,0.0,1.0,76.0,85.0,88.0,86.0,66.0,44.0,80.0,70.0,75.0,74.0,86.0,52.0,78.0
0,0.0,0.0,8.0,0.0,0.0,75.0,72.0,82.0,65.0,88.0,50.0,74.0,83.0,73.0,79.0,80.0,52.0,75.0
0,0.0,0.0,0.0,0.0,0.0,86.0,74.0,88.0,68.0,84.0,72.0,75.0,88.0,88.0,88.0,84.0,58.0,66.0
0,0.0,0.0,49.0,0.0,0.0,84.0,40.0,54.0,38.0,96.0,86.0,80.0,92.0,58.0,95.0,48.0,78.0,60.0
0,0.0,0.0,6.0,0.0,0.0,83.0,56.0,61.0,55.0,90.0,80.0,83.0,86.0,60.0,86.0,60.0,75.0,50.0
0,0.0,0.0,60.0,0.0,0.0,83.0,47.0,54.0,42.0,93.0,87.0,82.0,88.0,44.0,95.0,62.0,85.0,59.0
0,0.0,0.0,43.0,0.0,0.0,83.0,62.0,74.0,62.0,89.0,70.0,85.0,88.0,76.0,85.0,77.0,55.0,50.0
0,0.0,0.0,27.0,0.0,0.0,80.0,65.0,75.0,69.0,84.0,70.0,77.0,78.0,82.0,84.0,77.0,77.0,55.0
0,0.0,0.0,42.0,0.0,0.0,80.0,73.0,72.0,70.0,80.0,70.0,70.0,82.0,80.0,82.0,80.0,70.0,59.0
0,0.0,0.0,86.0,1.0,3.0,79.0,79.0,80.0,75.0,70.0,74.0,70.0,72.0,82.0,72.0,84.0,68.0,60.0
0,0.0,0.0,23.0,0.0,0.0,78.0,65.0,81.0,63.0,79.0,75.0,81.0,80.0,75.0,83.0,80.0,60.0,54.0
0,0.0,0.0,55.0,0.0,0.0,78.0,70.0,70.0,60.0,85.0,82.0,78.0,80.0,68.0,83.0,65.0,75.0,56.0
0,0.0,0.0,51.0,0.0,0.0,78.0,74.0,78.0,66.0,75.0,80.0,74.0,82.0,72.0,82.0,70.0,65.0,58.0
0,0.0,0.0,6.0,0.0,0.0,78.0,78.0,84.0,76.0,70.0,72.0,78.0,66.0,80.0,76.0,84.0,62.0,66.0
0,0.0,0.0,24.0,0.0,0.0,77.0,54.0,64.0,53.0,91.0,68.0,84.0,86.0,42.0,89.0,63.0,60.0,55.0
0,0.0,0.0,20.0,0.0,0.0,77.0,72.0,78.0,70.0,76.0,60.0,72.0,80.0,81.0,80.0,80.0,65.0,47.0
0,0.0,0.0,40.0,0.0,0.0,76.0,55.0,65.0,52.0,85.0,75.0,80.0,80.0,65.0,82.0,74.0,76.0,56.0
0,0.0,0.0,22.0,0.0,0.0,76.0,62.0,70.0,62.0,85.0,68.0,74.0,82.0,74.0,80.0,68.0,60.0,56.0
0,0.0,0.0,11.0,0.0,0.0,75.0,70.0,74.0,68.0,78.0,65.0,75.0,80.0,84.0,78.0,66.0,60.0,60.0
0,0.0,0.0,0.0,0.0,0.0,74.0,57.0,68.0,52.0,86.0,66.0,78.0,82.0,74.0,82.0,68.0,55.0,60.0
0,0.0,0.0,0.0,0.0,0.0,74.0,60.0,69.0,60.0,82.0,74.0,80.0,80.0,74.0,82.0,64.0,70.0,55.0
0,0.0,0.0,0.0,0.0,0.0,73.0,78.0,80.0,75.0,77.0,50.0,75.0,80.0,70.0,76.0,80.0,50.0,68.0
0,0.0,0.0,12.0,0.0,0.0,72.0,66.0,77.0,67.0,80.0,65.0,72.0,76.0,78.0,76.0,65.0,55.0,60.0
0,0.0,0.0,54.0,0.0,0.0,72.0,62.0,66.0,56.0,88.0,82.0,75.0,85.0,57.0,86.0,61.0,75.0,50.0
0,0.0,0.0,0.0,0.0,0.0,72.0,74.0,80.0,74.0,70.0,46.0,70.0,78.0,80.0,78.0,72.0,52.0,60.0
0,0.0,0.0,5.0,0.0,0.0,72.0,78.0,86.0,82.0,70.0,52.0,70.0,70.0,79.0,70.0,83.0,45.0,66.0
0,0.0,0.0,5.0,0.0,0.0,71.0,73.0,78.0,71.0,78.0,60.0,70.0,74.0,79.0,78.0,70.0,55.0,52.0
0,0.0,0.0,2.0,0.0,0.0,71.0,78.0,84.0,78.0,70.0,48.0,70.0,70.0,80.0,70.0,78.0,46.0,67.0
0,0.0,0.0,0.0,0.0,0.0,71.0,78.0,84.0,78.0,70.0,48.0,70.0,70.0,80.0,70.0,78.0,46.0,67.0
0,0.0,0.0,41.0,0.0,1.0,70.0,62.0,69.0,58.0,93.0,56.0,76.0,79.0,65.0,70.0,40.0,35.0,70.0
0,0.0,0.0,0.0,0.0,0.0,70.0,72.0,74.0,68.0,72.0,65.0,74.0,70.0,74.0,78.0,76.0,55.0,52.0
0,0.0,0.0,0.0,0.0,0.0,70.0,75.0,78.0,72.0,76.0,40.0,72.0,79.0,78.0,75.0,70.0,42.0,75.0
0,0.0,0.0,7.0,0.0,0.0,70.0,82.0,84.0,80.0,69.0,42.0,65.0,65.0,85.0,70.0,78.0,40.0,65.0
0,0.0,0.0,3.0,0.0,0.0,69.0,77.0,82.0,72.0,68.0,65.0,70.0,63.0,83.0,70.0,75.0,40.0,50.0
0,0.0,0.0,0.0,0.0,0.0,68.0,68.0,69.0,60.0,91.0,40.0,70.0,82.0,64.0,78.0,60.0,45.0,60.0
0,0.0,0.0,51.0,0.0,0.0,68.0,75.0,76.0,68.0,70.0,50.0,74.0,74.0,68.0,77.0,73.0,60.0,55.0
0,0.0,0.0,0.0,0.0,0.0,68.0,65.0,66.0,69.0,82.0,63.0,74.0,79.0,72.0,74.0,68.0,45.0,60.0
0,0.0,0.0,11.0,0.0,0.0,68.0,63.0,74.0,66.0,86.0,44.0,69.0,76.0,82.0,77.0,66.0,40.0,80.0
0,0.0,0.0,0.0,0.0,0.0,67.0,54.0,68.0,54.0,92.0,44.0,70.0,84.0,65.0,80.0,60.0,44.0,60.0
0,0.0,0.0,0.0,0.0,0.0,67.0,70.0,76.0,68.0,76.0,50.0,70.0,80.0,75.0,70.0,60.0,42.0,60.0
0,0.0,0.0,0.0,0.0,0.0,67.0,71.0,74.0,60.0,78.0,52.0,76.0,72.0,77.0,75.0,65.0,45.0,50.0
0,0.0,0.0,0.0,0.0,0.0,66.0,70.0,74.0,66.0,71.0,54.0,70.0,70.0,82.0,75.0,75.0,40.0,60.0
0,0.0,0.0,0.0,0.0,0.0,66.0,80.0,82.0,76.0,66.0,44.0,70.0,55.0,78.0,70.0,75.0,52.0,52.0
0,0.0,0.0,0.0,0.0,0.0,65.0,46.0,55.0,45.0,87.0,60.0,80.0,75.0,60.0,78.0,60.0,55.0,50.0
0,0.0,0.0,10.0,0.0,0.0,62.0,65.0,70.0,55.0,82.0,45.0,74.0,80.0,65.0,80.0,65.0,45.0,55.0
0,0.0,0.0,55.0,0.0,2.0,97.0,79.0,84.0,72.0,86.0,80.0,82.0,95.0,90.0,92.0,85.0,74.0,62.0
0,0.0,0.0,0.0,0.0,0.0,92.0,74.0,88.0,66.0,88.0,80.0,80.0,92.0,86.0,88.0,80.0,70.0,56.0
0,0.0,0.0,0.0,0.0,0.0,88.0,85.0,92.0,80.0,70.0,70.0,70.0,74.0,92.0,75.0,90.0,74.0,60.0
0,0.0,0.0,58.0,0.0,0.0,86.0,60.0,78.0,58.0,93.0,74.0,85.0,87.0,70.0,87.0,65.0,66.0,55.0
0,0.0,0.0,21.0,0.0,0.0,82.0,66.0,79.0,60.0,89.0,66.0,80.0,86.0,69.0,86.0,69.0,65.0,60.0
0,0.0,0.0,2.0,0.0,0.0,77.0,62.0,77.0,62.0,91.0,56.0,79.0,88.0,72.0,85.0,62.0,40.0,70.0
0,0.0,0.0,0.0,0.0,0.0,76.0,59.0,72.0,56.0,89.0,62.0,83.0,83.0,62.0,82.0,66.0,60.0,54.0
0,0.0,0.0,11.0,0.0,0.0,76.0,80.0,84.0,72.0,76.0,59.0,70.0,74.0,79.0,78.0,77.0,56.0,58.0
0,0.0,0.0,0.0,0.0,0.0,76.0,80.0,84.0,72.0,76.0,59.0,70.0,74.0,79.0,78.0,77.0,56.0,58.0
0,0.0,0.0,8.0,0.0,0.0,76.0,80.0,84.0,72.0,76.0,59.0,70.0,74.0,79.0,78.0,77.0,56.0,58.0
0,0.0,0.0,1.0,0.0,0.0,74.0,80.0,78.0,76.0,78.0,52.0,75.0,80.0,74.0,78.0,75.0,42.0,75.0
0,0.0,0.0,79.0,1.0,4.0,97.0,86.0,94.0,87.0,85.0,68.0,74.0,95.0,95.0,88.0,92.0,58.0,70.0
0,0.0,0.0,24.0,0.0,0.0,92.0,69.0,89.0,69.0,89.0,76.0,82.0,90.0,89.0,90.0,87.0,74.0,65.0
0,0.0,0.0,41.0,0.0,0.0,80.0,67.0,78.0,66.0,84.0,76.0,83.0,85.0,74.0,87.0,78.0,60.0,59.0
0,0.0,0.0,22.0,0.0,0.0,78.0,75.0,78.0,72.0,69.0,78.0,76.0,67.0,81.0,78.0,76.0,70.0,48.0
0,0.0,0.0,17.0,0.0,0.0,76.0,65.0,87.0,68.0,84.0,60.0,80.0,81.0,85.0,82.0,75.0,40.0,60.0
0,0.0,0.0,7.0,0.0,0.0,75.0,67.0,76.0,64.0,86.0,64.0,80.0,82.0,58.0,77.0,68.0,45.0,50.0
0,0.0,0.0,3.0,0.0,0.0,72.0,55.0,78.0,50.0,94.0,52.0,72.0,86.0,66.0,78.0,65.0,50.0,70.0
0,0.0,0.0,0.0,0.0,0.0,71.0,72.0,74.0,68.0,77.0,66.0,74.0,72.0,76.0,78.0,74.0,50.0,55.0
0,0.0,0.0,67.0,1.0,5.0,95.0,88.0,94.0,87.0,76.0,74.0,74.0,79.0,96.0,79.0,95.0,70.0,58.0
0,0.0,0.0,81.0,3.0,7.0,95.0,88.0,94.0,85.0,78.0,70.0,70.0,87.0,96.0,84.0,92.0,65.0,60.0
0,0.0,0.0,0.0,0.0,0.0,86.0,66.0,78.0,64.0,88.0,75.0,80.0,86.0,86.0,88.0,82.0,70.0,60.0
0,0.0,0.0,0.0,0.0,0.0,86.0,66.0,78.0,64.0,88.0,75.0,80.0,86.0,86.0,88.0,82.0,70.0,60.0
0,0.0,0.0,43.0,0.0,0.0,82.0,76.0,86.0,74.0,80.0,72.0,82.0,78.0,86.0,75.0,85.0,65.0,54.0
0,0.0,0.0,7.0,0.0,0.0,81.0,76.0,80.0,69.0,78.0,70.0,72.0,80.0,86.0,80.0,78.0,60.0,54.0
0,0.0,0.0,14.0,0.0,0.0,79.0,80.0,82.0,78.0,74.0,60.0,76.0,80.0,82.0,77.0,80.0,50.0,65.0
0,0.0,0.0,0.0,0.0,0.0,78.0,64.0,72.0,63.0,84.0,68.0,78.0,82.0,74.0,81.0,64.0,65.0,60.0
0,0.0,0.0,0.0,0.0,0.0,74.0,74.0,78.0,76.0,74.0,60.0,72.0,74.0,76.0,74.0,82.0,60.0,60.0
0,0.0,0.0,1.0,0.0,0.0,74.0,87.0,90.0,86.0,70.0,40.0,70.0,70.0,80.0,70.0,82.0,44.0,78.0
0,0.0,0.0,1.0,0.0,0.0,73.0,61.0,74.0,62.0,86.0,56.0,76.0,82.0,80.0,80.0,65.0,48.0,58.0
0,0.0,0.0,22.0,0.0,0.0,95.0,62.0,72.0,60.0,95.0,82.0,86.0,97.0,65.0,96.0,76.0,86.0,62.0
0,0.0,0.0,64.0,0.0,2.0,95.0,62.0,72.0,60.0,95.0,82.0,86.0,97.0,65.0,96.0,76.0,86.0,62.0
0,0.0,0.0,0.0,0.0,0.0,87.0,70.0,78.0,64.0,86.0,82.0,80.0,88.0,80.0,89.0,70.0,76.0,60.0
0,0.0,0.0,30.0,0.0,0.0,86.0,60.0,76.0,56.0,89.0,80.0,80.0,86.0,70.0,88.0,85.0,80.0,52.0
0,0.0,0.0,32.0,0.0,0.0,86.0,77.0,83.0,73.0,78.0,70.0,78.0,83.0,86.0,84.0,77.0,66.0,65.0
0,0.0,0.0,14.0,0.0,0.0,81.0,81.0,90.0,84.0,79.0,50.0,70.0,78.0,84.0,79.0,86.0,50.0,78.0
0,0.0,0.0,17.0,0.0,0.0,79.0,87.0,90.0,84.0,74.0,44.0,74.0,74.0,82.0,74.0,87.0,45.0,80.0
0,0.0,0.0,15.0,0.0,0.0,77.0,66.0,82.0,60.0,84.0,65.0,79.0,80.0,82.0,82.0,84.0,54.0,58.0
0,0.0,0.0,3.0,0.0,0.0,76.0,78.0,85.0,78.0,72.0,60.0,75.0,69.0,79.0,75.0,80.0,58.0,65.0
0,0.0,0.0,16.0,0.0,0.0,73.0,58.0,72.0,51.0,88.0,60.0,72.0,84.0,64.0,85.0,64.0,60.0,54.0
0,0.0,0.0,29.0,0.0,0.0,69.0,75.0,85.0,75.0,73.0,54.0,72.0,72.0,70.0,80.0,70.0,45.0,60.0
0,0.0,0.0,75.0,0.0,5.0,86.0,74.0,84.0,69.0,75.0,75.0,80.0,77.0,87.0,82.0,85.0,75.0,65.0
0,0.0,0.0,37.0,0.0,0.0,84.0,70.0,88.0,70.0,92.0,64.0,68.0,87.0,85.0,87.0,85.0,62.0,66.0
0,0.0,0.0,23.0,0.0,0.0,84.0,64.0,68.0,55.0,93.0,88.0,87.0,87.0,75.0,86.0,65.0,78.0,50.0
0,0.0,0.0,37.0,0.0,0.0,83.0,62.0,76.0,66.0,88.0,78.0,82.0,82.0,66.0,80.0,65.0,70.0,51.0
0,0.0,0.0,11.0,0.0,0.0,78.0,64.0,78.0,52.0,96.0,55.0,78.0,87.0,72.0,87.0,66.0,45.0,66.0
0,0.0,0.0,13.0,0.0,0.0,75.0,65.0,82.0,66.0,85.0,52.0,76.0,80.0,81.0,80.0,72.0,55.0,68.0
0,0.0,0.0,0.0,0.0,0.0,68.0,66.0,72.0,62.0,82.0,55.0,70.0,78.0,72.0,78.0,75.0,55.0,65.0
0,0.0,0.0,118.0,3.0,6.0,98.0,85.0,90.0,83.0,77.0,84.0,80.0,75.0,96.0,84.0,93.0,85.0,70.0
0,0.0,0.0,0.0,0.0,0.0,98.0,85.0,90.0,83.0,77.0,84.0,80.0,75.0,96.0,84.0,93.0,85.0,70.0
0,0.0,0.0,50.0,0.0,0.0,84.0,55.0,64.0,53.0,90.0,80.0,84.0,88.0,54.0,92.0,65.0,82.0,55.0
0,0.0,0.0,63.0,0.0,0.0,84.0,63.0,66.0,60.0,86.0,80.0,80.0,86.0,74.0,85.0,78.0,80.0,59.0
0,0.0,0.0,6.0,0.0,0.0,81.0,78.0,85.0,80.0,80.0,50.0,75.0,85.0,83.0,80.0,82.0,48.0,80.0
0,0.0,0.0,27.0,0.0,0.0,80.0,73.0,82.0,74.0,84.0,62.0,77.0,83.0,79.0,79.0,85.0,60.0,56.0
0,0.0,0.0,61.0,0.0,2.0,79.0,64.0,76.0,60.0,88.0,63.0,80.0,84.0,76.0,82.0,72.0,60.0,54.0
0,0.0,0.0,43.0,0.0,0.0,74.0,75.0,72.0,66.0,86.0,48.0,74.0,85.0,76.0,80.0,80.0,46.0,74.0
0,0.0,0.0,4.0,0.0,0.0,68.0,62.0,74.0,65.0,84.0,50.0,70.0,79.0,68.0,79.0,60.0,60.0,45.0
0,0.0,0.0,0.0,0.0,0.0,67.0,68.0,80.0,66.0,76.0,44.0,72.0,82.0,70.0,77.0,75.0,44.0,70.0
0,0.0,0.0,0.0,0.0,0.0,98.0,56.0,82.0,42.0,99.0,90.0,86.0,99.0,69.0,99.0,70.0,85.0,65.0
0,0.0,0.0,0.0,0.0,0.0,97.0,71.0,88.0,68.0,92.0,78.0,78.0,95.0,94.0,95.0,80.0,80.0,66.0
0,0.0,0.0,27.0,0.0,0.0,97.0,71.0,88.0,68.0,92.0,78.0,78.0,95.0,94.0,95.0,80.0,80.0,66.0
0,0.0,0.0,0.0,0.0,0.0,97.0,71.0,88.0,68.0,92.0,78.0,78.0,95.0,94.0,95.0,80.0,80.0,66.0
0,0.0,0.0,8.0,0.0,0.0,97.0,71.0,88.0,68.0,92.0,78.0,78.0,95.0,94.0,95.0,80.0,80.0,66.0
0,0.0,0.0,102.0,5.0,6.0,97.0,71.0,88.0,68.0,92.0,78.0,78.0,95.0,94.0,95.0,80.0,80.0,66.0
0,0.0,0.0,101.0,4.0,5.0,97.0,84.0,90.0,78.0,76.0,78.0,79.0,88.0,96.0,88.0,90.0,75.0,61.0
0,0.0,0.0,37.0,0.0,0.0,83.0,78.0,87.0,75.0,74.0,60.0,74.0,79.0,87.0,82.0,85.0,64.0,62.0
0,0.0,0.0,46.0,0.0,0.0,82.0,79.0,86.0,74.0,79.0,60.0,75.0,80.0,80.0,82.0,84.0,60.0,69.0
0,0.0,0.0,13.0,0.0,0.0,76.0,65.0,75.0,67.0,85.0,69.0,81.0,78.0,75.0,81.0,65.0,45.0,55.0
0,0.0,0.0,28.0,0.0,0.0,71.0,65.0,84.0,59.0,90.0,45.0,74.0,84.0,64.0,80.0,74.0,40.0,75.0
0,0.0,0.0,0.0,0.0,0.0,70.0,70.0,75.0,66.0,82.0,56.0,76.0,79.0,64.0,70.0,60.0,65.0,55.0
0,0.0,0.0,0.0,0.0,0.0,68.0,61.0,76.0,58.0,86.0,47.0,80.0,84.0,48.0,84.0,50.0,35.0,50.0
0,0.0,0.0,9.0,0.0,0.0,68.0,61.0,76.0,58.0,86.0,47.0,80.0,84.0,48.0,84.0,50.0,35.0,50.0
0,0.0,0.0,91.0,3.0,7.0,96.0,71.0,80.0,70.0,92.0,88.0,86.0,96.0,82.0,93.0,80.0,82.0,74.0
0,0.0,0.0,90.0,1.0,5.0,94.0,60.0,77.0,58.0,95.0,80.0,86.0,95.0,79.0,95.0,78.0,79.0,68.0
0,0.0,0.0,45.0,0.0,0.0,90.0,68.0,75.0,65.0,88.0,84.0,86.0,92.0,79.0,90.0,79.0,85.0,60.0
0,0.0,0.0,28.0,0.0,0.0,87.0,69.0,78.0,70.0,86.0,79.0,83.0,89.0,76.0,89.0,78.0,78.0,66.0
0,0.0,0.0,0.0,0.0,0.0,81.0,58.0,78.0,60.0,87.0,78.0,80.0,78.0,79.0,84.0,72.0,70.0,51.0
0,0.0,0.0,0.0,0.0,0.0,81.0,58.0,78.0,60.0,87.0,78.0,80.0,78.0,79.0,84.0,72.0,70.0,51.0
0,0.0,0.0,5.0,0.0,0.0,70.0,62.0,78.0,60.0,84.0,55.0,78.0,82.0,62.0,84.0,59.0,36.0,70.0
0,0.0,0.0,0.0,0.0,0.0,67.0,66.0,70.0,62.0,87.0,55.0,74.0,80.0,64.0,77.0,60.0,52.0,65.0
0,0.0,0.0,52.0,0.0,1.0,90.0,82.0,84.0,75.0,80.0,70.0,70.0,85.0,93.0,85.0,86.0,70.0,62.0
0,0.0,0.0,0.0,0.0,0.0,90.0,82.0,84.0,75.0,80.0,70.0,70.0,85.0,93.0,85.0,86.0,70.0,62.0
0,0.0,0.0,46.0,0.0,0.0,87.0,74.0,82.0,75.0,80.0,74.0,82.0,84.0,82.0,84.0,80.0,74.0,62.0
0,0.0,0.0,0.0,0.0,0.0,87.0,74.0,82.0,75.0,80.0,74.0,82.0,84.0,82.0,84.0,80.0,74.0,62.0
0,0.0,0.0,39.0,0.0,0.0,85.0,67.0,79.0,63.0,85.0,84.0,84.0,82.0,60.0,85.0,78.0,75.0,55.0
0,0.0,0.0,26.0,0.0,0.0,84.0,66.0,88.0,65.0,93.0,58.0,77.0,89.0,83.0,90.0,80.0,55.0,75.0
0,0.0,0.0,0.0,0.0,0.0,80.0,48.0,56.0,49.0,91.0,80.0,85.0,85.0,48.0,88.0,68.0,78.0,55.0
0,0.0,0.0,24.0,0.0,0.0,80.0,79.0,84.0,78.0,72.0,66.0,72.0,75.0,84.0,75.0,75.0,60.0,60.0
0,0.0,0.0,1.0,0.0,0.0,72.0,71.0,85.0,68.0,87.0,44.0,76.0,82.0,69.0,80.0,78.0,42.0,70.0
0,0.0,0.0,0.0,0.0,0.0,66.0,64.0,70.0,62.0,78.0,55.0,70.0,75.0,75.0,80.0,75.0,50.0,55.0
0,0.0,0.0,63.0,1.0,2.0,97.0,85.0,92.0,82.0,78.0,75.0,76.0,92.0,96.0,86.0,94.0,68.0,55.0
0,0.0,0.0,65.0,1.0,2.0,94.0,78.0,88.0,76.0,88.0,75.0,74.0,93.0,88.0,88.0,85.0,70.0,70.0
0,0.0,0.0,122.0,4.0,7.0,94.0,77.0,80.0,70.0,86.0,84.0,76.0,92.0,88.0,92.0,80.0,74.0,70.0
0,0.0,0.0,51.0,0.0,0.0,87.0,58.0,80.0,50.0,90.0,82.0,85.0,89.0,68.0,89.0,70.0,75.0,56.0
0,0.0,0.0,46.0,0.0,0.0,85.0,68.0,80.0,68.0,89.0,70.0,82.0,86.0,74.0,85.0,70.0,64.0,45.0
0,0.0,0.0,4.0,0.0,0.0,75.0,63.0,79.0,62.0,86.0,64.0,78.0,80.0,80.0,78.0,50.0,45.0,54.0
0,0.0,0.0,6.0,0.0,0.0,74.0,74.0,78.0,74.0,70.0,58.0,72.0,74.0,82.0,74.0,78.0,54.0,65.0
0,0.0,0.0,2.0,0.0,0.0,68.0,56.0,67.0,53.0,86.0,64.0,78.0,70.0,70.0,84.0,75.0,50.0,70.0
0,0.0,0.0,68.0,2.0,4.0,92.0,60.0,78.0,62.0,93.0,75.0,82.0,95.0,80.0,95.0,76.0,78.0,66.0
0,0.0,0.0,4.0,0.0,0.0,92.0,60.0,78.0,62.0,93.0,75.0,82.0,95.0,80.0,95.0,76.0,78.0,66.0
0,0.0,0.0,38.0,0.0,0.0,87.0,75.0,78.0,70.0,78.0,79.0,88.0,78.0,82.0,82.0,80.0,80.0,60.0
0,0.0,0.0,70.0,0.0,2.0,86.0,69.0,78.0,65.0,87.0,80.0,80.0,90.0,75.0,90.0,78.0,75.0,62.0
0,0.0,0.0,21.0,0.0,0.0,74.0,62.0,70.0,54.0,84.0,66.0,78.0,84.0,60.0,80.0,64.0,58.0,60.0
0,0.0,0.0,81.0,0.0,5.0,74.0,62.0,70.0,54.0,84.0,66.0,78.0,84.0,60.0,80.0,64.0,58.0,60.0
0,0.0,0.0,0.0,0.0,0.0,72.0,65.0,72.0,64.0,87.0,59.0,72.0,82.0,74.0,80.0,66.0,51.0,70.0
0,0.0,0.0,36.0,0.0,0.0,70.0,62.0,75.0,61.0,88.0,52.0,79.0,79.0,60.0,82.0,64.0,45.0,50.0
0,0.0,0.0,0.0,0.0,0.0,67.0,65.0,75.0,60.0,84.0,56.0,74.0,80.0,70.0,78.0,66.0,44.0,55.0
0,0.0,0.0,40.0,0.0,2.0,92.0,85.0,88.0,80.0,73.0,75.0,72.0,77.0,93.0,82.0,89.0,80.0,58.0
0,0.0,0.0,0.0,0.0,0.0,91.0,68.0,82.0,65.0,88.0,82.0,84.0,88.0,78.0,92.0,78.0,78.0,58.0
0,0.0,0.0,11.0,0.0,0.0,83.0,51.0,68.0,47.0,95.0,70.0,86.0,89.0,72.0,91.0,68.0,65.0,58.0
0,0.0,0.0,49.0,0.0,0.0,81.0,74.0,78.0,70.0,73.0,72.0,77.0,77.0,83.0,80.0,80.0,70.0,60.0
0,0.0,0.0,49.0,0.0,0.0,79.0,61.0,76.0,57.0,89.0,64.0,80.0,86.0,72.0,85.0,66.0,60.0,57.0
0,0.0,0.0,11.0,0.0,0.0,78.0,64.0,79.0,62.0,87.0,64.0,80.0,82.0,79.0,80.0,68.0,55.0,56.0
0,0.0,0.0,20.0,0.0,0.0,76.0,79.0,85.0,75.0,70.0,62.0,70.0,68.0,87.0,72.0,88.0,58.0,48.0
0,0.0,0.0,12.0,0.0,0.0,72.0,72.0,70.0,70.0,79.0,58.0,76.0,80.0,76.0,73.0,70.0,50.0,66.0
0,0.0,0.0,68.0,0.0,2.0,93.0,85.0,92.0,78.0,75.0,76.0,75.0,78.0,94.0,85.0,88.0,74.0,65.0
0,0.0,0.0,0.0,0.0,0.0,87.0,79.0,86.0,76.0,74.0,78.0,75.0,79.0,88.0,80.0,85.0,68.0,60.0
0,0.0,0.0,0.0,0.0,0.0,85.0,82.0,88.0,79.0,70.0,76.0,79.0,75.0,85.0,79.0,89.0,62.0,60.0
0,0.0,0.0,20.0,0.0,0.0,85.0,82.0,88.0,79.0,70.0,76.0,79.0,75.0,85.0,79.0,89.0,62.0,60.0
0,0.0,0.0,48.0,0.0,0.0,84.0,63.0,86.0,68.0,89.0,70.0,82.0,82.0,84.0,84.0,80.0,64.0,56.0
0,0.0,0.0,40.0,0.0,0.0,84.0,65.0,82.0,67.0,95.0,60.0,80.0,89.0,80.0,87.0,80.0,55.0,67.0
0,0.0,0.0,7.0,0.0,0.0,79.0,74.0,82.0,65.0,92.0,52.0,79.0,85.0,77.0,83.0,88.0,50.0,78.0
0,0.0,0.0,4.0,0.0,0.0,76.0,60.0,80.0,64.0,88.0,60.0,78.0,83.0,76.0,82.0,60.0,50.0,65.0
0,0.0,0.0,5.0,0.0,0.0,75.0,76.0,80.0,77.0,76.0,56.0,76.0,80.0,78.0,70.0,79.0,45.0,75.0
0,0.0,0.0,1.0,0.0,0.0,75.0,84.0,89.0,83.0,68.0,42.0,74.0,70.0,82.0,78.0,85.0,42.0,75.0
0,0.0,0.0,73.0,0.0,5.0,96.0,54.0,65.0,56.0,98.0,89.0,86.0,98.0,68.0,98.0,72.0,84.0,64.0
0,0.0,0.0,1.0,0.0,0.0,94.0,70.0,77.0,65.0,88.0,92.0,85.0,94.0,80.0,94.0,85.0,86.0,62.0
0,0.0,0.0,71.0,0.0,1.0,94.0,70.0,77.0,65.0,88.0,92.0,85.0,94.0,80.0,94.0,85.0,86.0,62.0
0,0.0,0.0,58.0,0.0,1.0,84.0,73.0,79.0,68.0,85.0,82.0,82.0,86.0,72.0,85.0,78.0,70.0,56.0
0,0.0,0.0,0.0,0.0,0.0,82.0,59.0,74.0,58.0,88.0,76.0,82.0,86.0,60.0,87.0,66.0,65.0,56.0
0,0.0,0.0,0.0,0.0,0.0,75.0,64.0,68.0,56.0,85.0,76.0,80.0,85.0,66.0,85.0,74.0,70.0,54.0
0,0.0,0.0,16.0,0.0,0.0,70.0,58.0,65.0,55.0,88.0,68.0,80.0,82.0,72.0,85.0,66.0,58.0,50.0
0,0.0,0.0,0.0,0.0,0.0,69.0,62.0,72.0,60.0,86.0,54.0,70.0,84.0,65.0,78.0,60.0,40.0,65.0
0,0.0,0.0,0.0,0.0,0.0,97.0,54.0,70.0,50.0,98.0,90.0,85.0,98.0,67.0,98.0,78.0,88.0,60.0
0,0.0,0.0,33.0,0.0,0.0,93.0,70.0,80.0,64.0,95.0,88.0,88.0,96.0,75.0,93.0,75.0,80.0,70.0
0,0.0,0.0,39.0,0.0,0.0,86.0,62.0,79.0,65.0,91.0,82.0,86.0,89.0,74.0,88.0,86.0,79.0,65.0
0,0.0,0.0,0.0,0.0,0.0,83.0,69.0,78.0,67.0,86.0,85.0,84.0,80.0,80.0,85.0,74.0,60.0,55.0
0,0.0,0.0,0.0,0.0,0.0,70.0,60.0,64.0,52.0,89.0,56.0,75.0,81.0,62.0,82.0,63.0,50.0,50.0
0,0.0,0.0,6.0,0.0,0.0,66.0,60.0,70.0,62.0,87.0,62.0,78.0,82.0,62.0,77.0,65.0,50.0,60.0
0,0.0,0.0,43.0,3.0,5.0,64.0,59.0,60.0,54.0,88.0,48.0,72.0,78.0,58.0,84.0,55.0,40.0,66.0
0,0.0,0.0,0.0,0.0,0.0,64.0,59.0,60.0,54.0,88.0,48.0,72.0,78.0,58.0,84.0,55.0,40.0,66.0
0,0.0,0.0,101.0,1.0,5.0,89.0,75.0,83.0,69.0,82.0,82.0,80.0,88.0,79.0,88.0,84.0,75.0,60.0
0,0.0,0.0,0.0,0.0,0.0,89.0,75.0,83.0,69.0,82.0,82.0,80.0,88.0,79.0,88.0,84.0,75.0,60.0
0,0.0,0.0,38.0,0.0,0.0,83.0,58.0,74.0,58.0,95.0,85.0,88.0,87.0,76.0,90.0,70.0,70.0,51.0
0,0.0,0.0,42.0,0.0,0.0,79.0,55.0,64.0,48.0,91.0,69.0,82.0,87.0,66.0,88.0,66.0,62.0,50.0
0,0.0,0.0,13.0,0.0,0.0,77.0,56.0,66.0,56.0,90.0,66.0,77.0,85.0,67.0,85.0,70.0,65.0,58.0
0,0.0,0.0,7.0,0.0,0.0,76.0,60.0,78.0,60.0,92.0,56.0,79.0,87.0,77.0,84.0,78.0,55.0,70.0
0,0.0,0.0,0.0,0.0,0.0,75.0,60.0,68.0,55.0,91.0,58.0,80.0,86.0,73.0,82.0,45.0,40.0,62.0
0,0.0,0.0,3.0,0.0,0.0,75.0,68.0,80.0,71.0,83.0,59.0,78.0,82.0,78.0,77.0,60.0,50.0,55.0
0,0.0,0.0,0.0,0.0,0.0,75.0,68.0,80.0,71.0,83.0,59.0,78.0,82.0,78.0,77.0,60.0,50.0,55.0
0,0.0,0.0,35.0,0.0,0.0,75.0,68.0,80.0,71.0,83.0,59.0,78.0,82.0,78.0,77.0,60.0,50.0,55.0
0,0.0,0.0,67.0,1.0,2.0,95.0,78.0,84.0,70.0,84.0,84.0,78.0,93.0,86.0,90.0,83.0,80.0,75.0
0,0.0,0.0,35.0,0.0,0.0,87.0,64.0,85.0,63.0,89.0,74.0,84.0,85.0,86.0,86.0,80.0,68.0,54.0
0,0.0,0.0,9.0,0.0,0.0,83.0,60.0,76.0,59.0,92.0,66.0,82.0,88.0,67.0,92.0,68.0,65.0,58.0
0,0.0,0.0,30.0,0.0,0.0,83.0,82.0,84.0,78.0,74.0,68.0,72.0,74.0,86.0,82.0,88.0,65.0,55.0
0,0.0,0.0,63.0,0.0,0.0,80.0,63.0,82.0,65.0,91.0,60.0,76.0,88.0,75.0,85.0,58.0,55.0,60.0
0,0.0,0.0,0.0,0.0,0.0,78.0,79.0,78.0,72.0,83.0,48.0,74.0,86.0,77.0,80.0,82.0,50.0,76.0
0,0.0,0.0,15.0,0.0,0.0,78.0,79.0,78.0,72.0,83.0,48.0,74.0,86.0,77.0,80.0,82.0,50.0,76.0
0,0.0,0.0,9.0,0.0,0.0,77.0,62.0,74.0,60.0,85.0,68.0,78.0,80.0,70.0,84.0,75.0,70.0,50.0
0,0.0,0.0,2.0,0.0,0.0,77.0,76.0,78.0,75.0,77.0,64.0,75.0,82.0,75.0,71.0,73.0,54.0,80.0
0,0.0,0.0,46.0,0.0,2.0,76.0,79.0,80.0,75.0,67.0,56.0,72.0,82.0,82.0,77.0,84.0,55.0,50.0
0,0.0,0.0,31.0,0.0,0.0,74.0,70.0,80.0,58.0,94.0,46.0,74.0,84.0,66.0,79.0,75.0,50.0,75.0
0,0.0,0.0,22.0,0.0,0.0,89.0,76.0,78.0,72.0,92.0,65.0,80.0,91.0,84.0,88.0,78.0,60.0,74.0
0,0.0,0.0,52.0,1.0,1.0,87.0,84.0,87.0,84.0,75.0,73.0,74.0,72.0,88.0,80.0,88.0,70.0,59.0
0,0.0,0.0,89.0,1.0,6.0,84.0,64.0,74.0,61.0,82.0,84.0,78.0,82.0,86.0,84.0,87.0,82.0,55.0
0,0.0,0.0,48.0,0.0,0.0,84.0,80.0,78.0,82.0,84.0,60.0,72.0,84.0,83.0,83.0,85.0,60.0,70.0
0,0.0,0.0,0.0,0.0,0.0,82.0,73.0,75.0,70.0,80.0,68.0,74.0,78.0,86.0,80.0,74.0,70.0,59.0
0,0.0,0.0,0.0,0.0,0.0,82.0,73.0,75.0,70.0,80.0,68.0,74.0,78.0,86.0,80.0,74.0,70.0,59.0
0,0.0,0.0,0.0,0.0,0.0,82.0,73.0,75.0,70.0,80.0,68.0,74.0,78.0,86.0,80.0,74.0,70.0,59.0
0,0.0,0.0,13.0,0.0,0.0,76.0,78.0,84.0,75.0,77.0,58.0,72.0,76.0,82.0,70.0,78.0,50.0,54.0
0,0.0,0.0,0.0,0.0,0.0,74.0,64.0,68.0,60.0,86.0,55.0,70.0,86.0,75.0,84.0,70.0,58.0,60.0
0,0.0,0.0,35.0,0.0,0.0,72.0,77.0,78.0,76.0,68.0,58.0,72.0,70.0,82.0,70.0,76.0,52.0,53.0
0,0.0,0.0,5.0,0.0,0.0,72.0,77.0,78.0,76.0,68.0,58.0,72.0,70.0,82.0,70.0,76.0,52.0,53.0
0,0.0,0.0,2.0,0.0,0.0,69.0,63.0,74.0,65.0,84.0,49.0,79.0,75.0,74.0,84.0,58.0,54.0,68.0
0,0.0,0.0,17.0,0.0,0.0,88.0,86.0,94.0,86.0,74.0,60.0,75.0,82.0,92.0,83.0,92.0,50.0,60.0
0,0.0,0.0,25.0,0.0,0.0,87.0,70.0,74.0,66.0,89.0,74.0,86.0,86.0,79.0,87.0,65.0,68.0,60.0
0,0.0,0.0,0.0,0.0,0.0,86.0,70.0,78.0,68.0,85.0,82.0,84.0,87.0,78.0,86.0,80.0,70.0,65.0
0,0.0,0.0,0.0,0.0,0.0,85.0,82.0,88.0,78.0,72.0,65.0,77.0,80.0,90.0,78.0,80.0,55.0,64.0
0,0.0,0.0,56.0,0.0,0.0,84.0,66.0,88.0,65.0,86.0,75.0,82.0,80.0,86.0,83.0,84.0,70.0,55.0
0,0.0,0.0,86.0,1.0,2.0,82.0,65.0,72.0,60.0,86.0,80.0,80.0,85.0,80.0,84.0,74.0,72.0,68.0
0,0.0,0.0,22.0,0.0,0.0,79.0,62.0,77.0,62.0,89.0,64.0,82.0,84.0,74.0,87.0,65.0,55.0,58.0
0,0.0,0.0,17.0,0.0,0.0,77.0,74.0,82.0,72.0,80.0,65.0,72.0,72.0,82.0,74.0,78.0,58.0,65.0
0,0.0,0.0,2.0,0.0,0.0,73.0,74.0,79.0,68.0,84.0,55.0,74.0,79.0,80.0,76.0,75.0,48.0,60.0
0,0.0,0.0,1.0,0.0,0.0,72.0,75.0,84.0,68.0,91.0,38.0,70.0,85.0,66.0,83.0,75.0,37.0,74.0
0,0.0,0.0,55.0,2.0,2.0,98.0,64.0,85.0,62.0,98.0,79.0,85.0,98.0,77.0,98.0,78.0,75.0,70.0
0,0.0,0.0,0.0,0.0,0.0,93.0,74.0,75.0,70.0,84.0,80.0,80.0,94.0,86.0,93.0,87.0,80.0,62.0
0,0.0,0.0,0.0,0.0,0.0,86.0,66.0,80.0,65.0,87.0,72.0,82.0,86.0,84.0,88.0,79.0,77.0,60.0
0,0.0,0.0,6.0,0.0,0.0,86.0,66.0,80.0,65.0,87.0,72.0,82.0,86.0,84.0,88.0,79.0,77.0,60.0
0,0.0,0.0,0.0,0.0,0.0,86.0,66.0,80.0,65.0,87.0,72.0,82.0,86.0,84.0,88.0,79.0,77.0,60.0
0,0.0,0.0,26.0,0.0,0.0,81.0,77.0,79.0,72.0,78.0,68.0,78.0,76.0,84.0,82.0,84.0,64.0,46.0
0,0.0,0.0,68.0,1.0,3.0,81.0,82.0,84.0,80.0,70.0,68.0,70.0,68.0,88.0,70.0,86.0,68.0,57.0
0,0.0,0.0,32.0,0.0,0.0,74.0,78.0,80.0,72.0,82.0,46.0,70.0,84.0,78.0,78.0,78.0,40.0,72.0
0,0.0,0.0,21.0,0.0,0.0,73.0,67.0,70.0,64.0,85.0,58.0,74.0,80.0,78.0,80.0,70.0,48.0,60.0
0,0.0,0.0,21.0,0.0,0.0,71.0,70.0,79.0,68.0,87.0,48.0,70.0,82.0,78.0,78.0,70.0,40.0,60.0
0,0.0,0.0,5.0,0.0,0.0,71.0,70.0,79.0,68.0,87.0,48.0,70.0,82.0,78.0,78.0,70.0,40.0,60.0
0,0.0,0.0,32.0,0.0,0.0,71.0,85.0,88.0,78.0,72.0,35.0,70.0,72.0,78.0,75.0,85.0,38.0,78.0
0,0.0,0.0,58.0,0.0,0.0,88.0,65.0,78.0,64.0,86.0,80.0,82.0,89.0,72.0,92.0,80.0,80.0,56.0
0,0.0,0.0,59.0,0.0,1.0,88.0,78.0,84.0,74.0,75.0,78.0,82.0,79.0,87.0,83.0,84.0,70.0,54.0
0,0.0,0.0,0.0,0.0,0.0,88.0,78.0,84.0,74.0,75.0,78.0,82.0,79.0,87.0,83.0,84.0,70.0,54.0
0,0.0,0.0,14.0,0.0,0.0,85.0,48.0,55.0,46.0,93.0,79.0,86.0,92.0,68.0,93.0,72.0,74.0,47.0
0,0.0,0.0,68.0,0.0,0.0,84.0,68.0,72.0,64.0,85.0,84.0,84.0,84.0,72.0,86.0,75.0,85.0,57.0
0,0.0,0.0,27.0,0.0,0.0,75.0,61.0,80.0,62.0,84.0,60.0,85.0,82.0,55.0,85.0,64.0,60.0,55.0
0,0.0,0.0,6.0,0.0,0.0,74.0,77.0,79.0,73.0,72.0,52.0,66.0,78.0,82.0,77.0,85.0,55.0,55.0
0,0.0,0.0,0.0,0.0,0.0,72.0,64.0,74.0,62.0,87.0,58.0,75.0,82.0,56.0,80.0,65.0,48.0,65.0
0,0.0,0.0,0.0,0.0,0.0,72.0,72.0,76.0,68.0,75.0,68.0,78.0,77.0,68.0,79.0,60.0,60.0,51.0
0,0.0,0.0,0.0,0.0,0.0,71.0,76.0,78.0,70.0,70.0,56.0,78.0,70.0,78.0,74.0,78.0,48.0,68.0
0,0.0,28.0,69.0,0.0,3.0,94.0,0.0,0.0,0.0,0.0,0.0,0.0,0.0,0.0,0.0,0.0,0.0,0.0
0,0.0,34.0,45.0,0.0,1.0,83.0,0.0,0.0,0.0,0.0,0.0,0.0,0.0,0.0,0.0,0.0,0.0,0.0
0,0.0,23.0,112.0,1.0,6.0,74.0,0.0,0.0,0.0,0.0,0.0,0.0,0.0,0.0,0.0,0.0,0.0,0.0
0,0.0,35.0,0.0,0.0,0.0,72.0,0.0,0.0,0.0,0.0,0.0,0.0,0.0,0.0,0.0,0.0,0.0,0.0
0,0.0,25.0,11.0,0.0,0.0,68.0,0.0,0.0,0.0,0.0,0.0,0.0,0.0,0.0,0.0,0.0,0.0,0.0
0,0.0,24.0,2.0,0.0,0.0,67.0,0.0,0.0,0.0,0.0,0.0,0.0,0.0,0.0,0.0,0.0,0.0,0.0
0,0.0,24.0,42.0,0.0,0.0,60.0,0.0,0.0,0.0,0.0,0.0,0.0,0.0,0.0,0.0,0.0,0.0,0.0
0,0.0,31.0,91.0,2.0,5.0,95.0,0.0,0.0,0.0,0.0,0.0,0.0,0.0,0.0,0.0,0.0,0.0,0.0
0,0.0,25.0,13.0,0.0,0.0,78.0,0.0,0.0,0.0,0.0,0.0,0.0,0.0,0.0,0.0,0.0,0.0,0.0
0,0.0,26.0,20.0,0.0,0.0,74.0,0.0,0.0,0.0,0.0,0.0,0.0,0.0,0.0,0.0,0.0,0.0,0.0
0,0.0,27.0,52.0,0.0,0.0,73.0,0.0,0.0,0.0,0.0,0.0,0.0,0.0,0.0,0.0,0.0,0.0,0.0
0,0.0,23.0,20.0,0.0,0.0,70.0,0.0,0.0,0.0,0.0,0.0,0.0,0.0,0.0,0.0,0.0,0.0,0.0
0,0.0,23.0,5.0,0.0,0.0,70.0,0.0,0.0,0.0,0.0,0.0,0.0,0.0,0.0,0.0,0.0,0.0,0.0
0,0.0,24.0,4.0,0.0,0.0,64.0,0.0,0.0,0.0,0.0,0.0,0.0,0.0,0.0,0.0,0.0,0.0,0.0
0,0.0,22.0,21.0,0.0,0.0,62.0,0.0,0.0,0.0,0.0,0.0,0.0,0.0,0.0,0.0,0.0,0.0,0.0
0,0.0,26.0,0.0,0.0,0.0,60.0,0.0,0.0,0.0,0.0,0.0,0.0,0.0,0.0,0.0,0.0,0.0,0.0
0,0.0,23.0,24.0,0.0,0.0,60.0,0.0,0.0,0.0,0.0,0.0,0.0,0.0,0.0,0.0,0.0,0.0,0.0
0,0.0,27.0,3.0,0.0,0.0,58.0,0.0,0.0,0.0,0.0,0.0,0.0,0.0,0.0,0.0,0.0,0.0,0.0
0,0.0,25.0,100.0,2.0,5.0,90.0,0.0,0.0,0.0,0.0,0.0,0.0,0.0,0.0,0.0,0.0,0.0,0.0
0,0.0,34.0,80.0,1.0,4.0,83.0,0.0,0.0,0.0,0.0,0.0,0.0,0.0,0.0,0.0,0.0,0.0,0.0
0,0.0,32.0,61.0,0.0,0.0,77.0,0.0,0.0,0.0,0.0,0.0,0.0,0.0,0.0,0.0,0.0,0.0,0.0
0,0.0,30.0,36.0,0.0,0.0,74.0,0.0,0.0,0.0,0.0,0.0,0.0,0.0,0.0,0.0,0.0,0.0,0.0
0,0.0,28.0,32.0,0.0,0.0,71.0,0.0,0.0,0.0,0.0,0.0,0.0,0.0,0.0,0.0,0.0,0.0,0.0
0,0.0,26.0,0.0,0.0,0.0,65.0,0.0,0.0,0.0,0.0,0.0,0.0,0.0,0.0,0.0,0.0,0.0,0.0
0,0.0,24.0,0.0,0.0,0.0,64.0,0.0,0.0,0.0,0.0,0.0,0.0,0.0,0.0,0.0,0.0,0.0,0.0
0,0.0,31.0,67.0,0.0,3.0,92.0,0.0,0.0,0.0,0.0,0.0,0.0,0.0,0.0,0.0,0.0,0.0,0.0
0,0.0,32.0,62.0,0.0,2.0,86.0,0.0,0.0,0.0,0.0,0.0,0.0,0.0,0.0,0.0,0.0,0.0,0.0
0,0.0,29.0,46.0,0.0,0.0,78.0,0.0,0.0,0.0,0.0,0.0,0.0,0.0,0.0,0.0,0.0,0.0,0.0
0,0.0,21.0,5.0,0.0,0.0,78.0,0.0,0.0,0.0,0.0,0.0,0.0,0.0,0.0,0.0,0.0,0.0,0.0
0,0.0,26.0,79.0,0.0,6.0,76.0,0.0,0.0,0.0,0.0,0.0,0.0,0.0,0.0,0.0,0.0,0.0,0.0
0,0.0,26.0,6.0,0.0,0.0,76.0,0.0,0.0,0.0,0.0,0.0,0.0,0.0,0.0,0.0,0.0,0.0,0.0
0,0.0,26.0,0.0,0.0,0.0,76.0,0.0,0.0,0.0,0.0,0.0,0.0,0.0,0.0,0.0,0.0,0.0,0.0
0,0.0,26.0,4.0,0.0,0.0,70.0,0.0,0.0,0.0,0.0,0.0,0.0,0.0,0.0,0.0,0.0,0.0,0.0
0,0.0,32.0,23.0,0.0,0.0,68.0,0.0,0.0,0.0,0.0,0.0,0.0,0.0,0.0,0.0,0.0,0.0,0.0
0,0.0,27.0,0.0,0.0,0.0,67.0,0.0,0.0,0.0,0.0,0.0,0.0,0.0,0.0,0.0,0.0,0.0,0.0
0,0.0,29.0,130.0,3.0,9.0,97.0,85.0,95.0,0.0,0.0,0.0,0.0,0.0,0.0,0.0,0.0,0.0,0.0
0,0.0,31.0,32.0,0.0,0.0,78.0,0.0,0.0,0.0,0.0,0.0,0.0,0.0,0.0,0.0,0.0,0.0,0.0
0,0.0,30.0,0.0,0.0,0.0,77.0,0.0,0.0,0.0,0.0,0.0,0.0,0.0,0.0,0.0,0.0,0.0,0.0
0,0.0,22.0,6.0,0.0,0.0,77.0,0.0,0.0,0.0,0.0,0.0,0.0,0.0,0.0,0.0,0.0,0.0,0.0
0,0.0,29.0,40.0,0.0,0.0,68.0,0.0,0.0,0.0,0.0,0.0,0.0,0.0,0.0,0.0,0.0,0.0,0.0
0,0.0,23.0,13.0,0.0,0.0,68.0,0.0,0.0,0.0,0.0,0.0,0.0,0.0,0.0,0.0,0.0,0.0,0.0
0,0.0,23.0,6.0,0.0,0.0,68.0,0.0,0.0,0.0,0.0,0.0,0.0,0.0,0.0,0.0,0.0,0.0,0.0
0,0.0,23.0,39.0,0.0,0.0,68.0,0.0,0.0,0.0,0.0,0.0,0.0,0.0,0.0,0.0,0.0,0.0,0.0
0,0.0,23.0,47.0,0.0,0.0,68.0,0.0,0.0,0.0,0.0,0.0,0.0,0.0,0.0,0.0,0.0,0.0,0.0
0,0.0,23.0,7.0,0.0,0.0,68.0,0.0,0.0,0.0,0.0,0.0,0.0,0.0,0.0,0.0,0.0,0.0,0.0
0,0.0,24.0,1.0,0.0,0.0,65.0,0.0,0.0,0.0,0.0,0.0,0.0,0.0,0.0,0.0,0.0,0.0,0.0
0,0.0,23.0,1.0,0.0,0.0,61.0,0.0,0.0,0.0,0.0,0.0,0.0,0.0,0.0,0.0,0.0,0.0,0.0
0,0.0,25.0,0.0,0.0,0.0,60.0,0.0,0.0,0.0,0.0,0.0,0.0,0.0,0.0,0.0,0.0,0.0,0.0
0,0.0,23.0,25.0,0.0,0.0,57.0,0.0,0.0,0.0,0.0,0.0,0.0,0.0,0.0,0.0,0.0,0.0,0.0
0,0.0,25.0,56.0,0.0,3.0,92.0,0.0,0.0,0.0,0.0,0.0,0.0,0.0,0.0,0.0,0.0,0.0,0.0
0,0.0,32.0,0.0,0.0,0.0,83.0,0.0,0.0,0.0,0.0,0.0,0.0,0.0,0.0,0.0,0.0,0.0,0.0
0,0.0,30.0,59.0,0.0,0.0,78.0,0.0,0.0,0.0,0.0,0.0,0.0,0.0,0.0,0.0,0.0,0.0,0.0
0,0.0,23.0,0.0,0.0,0.0,72.0,0.0,0.0,0.0,0.0,0.0,0.0,0.0,0.0,0.0,0.0,0.0,0.0
0,0.0,26.0,21.0,0.0,0.0,71.0,0.0,0.0,0.0,0.0,0.0,0.0,0.0,0.0,0.0,0.0,0.0,0.0
0,0.0,28.0,6.0,0.0,0.0,69.0,0.0,0.0,0.0,0.0,0.0,0.0,0.0,0.0,0.0,0.0,0.0,0.0
0,0.0,25.0,6.0,0.0,0.0,68.0,0.0,0.0,0.0,0.0,0.0,0.0,0.0,0.0,0.0,0.0,0.0,0.0
0,0.0,29.0,33.0,0.0,0.0,65.0,0.0,0.0,0.0,0.0,0.0,0.0,0.0,0.0,0.0,0.0,0.0,0.0
0,0.0,28.0,0.0,0.0,0.0,65.0,0.0,0.0,0.0,0.0,0.0,0.0,0.0,0.0,0.0,0.0,0.0,0.0
0,0.0,24.0,68.0,0.0,0.0,80.0,0.0,0.0,0.0,0.0,0.0,0.0,0.0,0.0,0.0,0.0,0.0,0.0
0,0.0,24.0,27.0,0.0,0.0,76.0,0.0,0.0,0.0,0.0,0.0,0.0,0.0,0.0,0.0,0.0,0.0,0.0
0,0.0,26.0,0.0,0.0,0.0,76.0,0.0,0.0,0.0,0.0,0.0,0.0,0.0,0.0,0.0,0.0,0.0,0.0
0,0.0,26.0,46.0,0.0,0.0,76.0,0.0,0.0,0.0,0.0,0.0,0.0,0.0,0.0,0.0,0.0,0.0,0.0
0,0.0,27.0,24.0,0.0,0.0,75.0,0.0,0.0,0.0,0.0,0.0,0.0,0.0,0.0,0.0,0.0,0.0,0.0
0,0.0,22.0,14.0,0.0,0.0,72.0,86.0,92.0,0.0,0.0,0.0,0.0,0.0,0.0,0.0,0.0,0.0,0.0
0,0.0,22.0,54.0,0.0,0.0,72.0,86.0,92.0,0.0,0.0,0.0,0.0,0.0,0.0,0.0,0.0,0.0,0.0
0,0.0,27.0,22.0,0.0,0.0,70.0,0.0,0.0,0.0,0.0,0.0,0.0,0.0,0.0,0.0,0.0,0.0,0.0
0,0.0,27.0,12.0,0.0,0.0,62.0,0.0,0.0,0.0,0.0,0.0,0.0,0.0,0.0,0.0,0.0,0.0,0.0
0,0.0,26.0,39.0,0.0,0.0,60.0,0.0,0.0,0.0,0.0,0.0,0.0,0.0,0.0,0.0,0.0,0.0,0.0
0,0.0,30.0,57.0,0.0,3.0,92.0,0.0,0.0,0.0,0.0,0.0,0.0,0.0,0.0,0.0,0.0,0.0,0.0
0,0.0,29.0,0.0,0.0,0.0,81.0,0.0,0.0,0.0,0.0,0.0,0.0,0.0,0.0,0.0,0.0,0.0,0.0
0,0.0,29.0,33.0,0.0,0.0,81.0,0.0,0.0,0.0,0.0,0.0,0.0,0.0,0.0,0.0,0.0,0.0,0.0
0,0.0,30.0,38.0,0.0,0.0,79.0,0.0,0.0,0.0,0.0,0.0,0.0,0.0,0.0,0.0,0.0,0.0,0.0
0,0.0,31.0,39.0,0.0,0.0,77.0,0.0,0.0,0.0,0.0,0.0,0.0,0.0,0.0,0.0,0.0,0.0,0.0
0,0.0,28.0,0.0,0.0,0.0,74.0,0.0,0.0,0.0,0.0,0.0,0.0,0.0,0.0,0.0,0.0,0.0,0.0
0,0.0,23.0,47.0,0.0,0.0,61.0,0.0,0.0,0.0,0.0,0.0,0.0,0.0,0.0,0.0,0.0,0.0,0.0
0,0.0,26.0,21.0,0.0,0.0,59.0,0.0,0.0,0.0,0.0,0.0,0.0,0.0,0.0,0.0,0.0,0.0,0.0
0,0.0,26.0,81.0,0.0,5.0,59.0,0.0,0.0,0.0,0.0,0.0,0.0,0.0,0.0,0.0,0.0,0.0,0.0
0,0.0,28.0,55.0,1.0,4.0,87.0,0.0,0.0,0.0,0.0,0.0,0.0,0.0,0.0,0.0,0.0,0.0,0.0
0,0.0,27.0,39.0,0.0,0.0,80.0,0.0,0.0,0.0,0.0,0.0,0.0,0.0,0.0,0.0,0.0,0.0,0.0
0,0.0,26.0,15.0,0.0,0.0,71.0,0.0,0.0,0.0,0.0,0.0,0.0,0.0,0.0,0.0,0.0,0.0,0.0
0,0.0,26.0,36.0,0.0,0.0,71.0,0.0,0.0,0.0,0.0,0.0,0.0,0.0,0.0,0.0,0.0,0.0,0.0
0,0.0,30.0,6.0,0.0,0.0,63.0,0.0,0.0,0.0,0.0,0.0,0.0,0.0,0.0,0.0,0.0,0.0,0.0
0,0.0,27.0,34.0,0.0,1.0,59.0,0.0,0.0,0.0,0.0,0.0,0.0,0.0,0.0,0.0,0.0,0.0,0.0
0,0.0,27.0,7.0,0.0,0.0,58.0,0.0,0.0,0.0,0.0,0.0,0.0,0.0,0.0,0.0,0.0,0.0,0.0
0,0.0,25.0,0.0,0.0,0.0,48.0,0.0,0.0,0.0,0.0,0.0,0.0,0.0,0.0,0.0,0.0,0.0,0.0
0,0.0,30.0,11.0,0.0,0.0,72.0,0.0,0.0,0.0,0.0,0.0,0.0,0.0,0.0,0.0,0.0,0.0,0.0
0,0.0,27.0,13.0,0.0,0.0,71.0,0.0,0.0,0.0,0.0,0.0,0.0,0.0,0.0,0.0,0.0,0.0,0.0
0,0.0,23.0,14.0,0.0,0.0,71.0,0.0,0.0,0.0,0.0,0.0,0.0,0.0,0.0,0.0,0.0,0.0,0.0
0,0.0,23.0,0.0,0.0,0.0,71.0,0.0,0.0,0.0,0.0,0.0,0.0,0.0,0.0,0.0,0.0,0.0,0.0
0,0.0,27.0,0.0,0.0,0.0,70.0,0.0,0.0,0.0,0.0,0.0,0.0,0.0,0.0,0.0,0.0,0.0,0.0
0,0.0,24.0,11.0,0.0,0.0,66.0,0.0,0.0,0.0,0.0,0.0,0.0,0.0,0.0,0.0,0.0,0.0,0.0
0,0.0,25.0,0.0,0.0,0.0,64.0,0.0,0.0,0.0,0.0,0.0,0.0,0.0,0.0,0.0,0.0,0.0,0.0
0,0.0,26.0,0.0,0.0,0.0,61.0,0.0,0.0,0.0,0.0,0.0,0.0,0.0,0.0,0.0,0.0,0.0,0.0
0,0.0,29.0,24.0,0.0,0.0,77.0,0.0,0.0,0.0,0.0,0.0,0.0,0.0,0.0,0.0,0.0,0.0,0.0
0,0.0,36.0,49.0,0.0,0.0,76.0,0.0,0.0,0.0,0.0,0.0,0.0,0.0,0.0,0.0,0.0,0.0,0.0
0,0.0,33.0,0.0,0.0,0.0,72.0,0.0,0.0,0.0,0.0,0.0,0.0,0.0,0.0,0.0,0.0,0.0,0.0
0,0.0,33.0,18.0,0.0,0.0,71.0,0.0,0.0,0.0,0.0,0.0,0.0,0.0,0.0,0.0,0.0,0.0,0.0
0,0.0,23.0,51.0,0.0,1.0,71.0,0.0,0.0,0.0,0.0,0.0,0.0,0.0,0.0,0.0,0.0,0.0,0.0
0,0.0,24.0,2.0,0.0,0.0,64.0,0.0,0.0,0.0,0.0,0.0,0.0,0.0,0.0,0.0,0.0,0.0,0.0
0,0.0,24.0,8.0,0.0,0.0,61.0,0.0,0.0,0.0,0.0,0.0,0.0,0.0,0.0,0.0,0.0,0.0,0.0
0,0.0,22.0,21.0,0.0,0.0,61.0,0.0,0.0,0.0,0.0,0.0,0.0,0.0,0.0,0.0,0.0,0.0,0.0
0,0.0,0.0,0.0,0.0,0.0,77.0,0.0,0.0,0.0,0.0,0.0,0.0,0.0,0.0,0.0,0.0,0.0,0.0
0,0.0,0.0,39.0,0.0,0.0,71.0,0.0,0.0,0.0,0.0,0.0,0.0,0.0,0.0,0.0,0.0,0.0,0.0
0,0.0,28.0,0.0,0.0,0.0,82.0,0.0,0.0,0.0,0.0,0.0,0.0,0.0,0.0,0.0,0.0,0.0,0.0
0,0.0,23.0,33.0,0.0,1.0,81.0,0.0,0.0,0.0,0.0,0.0,0.0,0.0,0.0,0.0,0.0,0.0,0.0
0,0.0,28.0,58.0,0.0,0.0,78.0,0.0,0.0,0.0,0.0,0.0,0.0,0.0,0.0,0.0,0.0,0.0,0.0
0,0.0,26.0,21.0,0.0,0.0,72.0,0.0,0.0,0.0,0.0,0.0,0.0,0.0,0.0,0.0,0.0,0.0,0.0
0,0.0,26.0,11.0,0.0,0.0,68.0,0.0,0.0,0.0,0.0,0.0,0.0,0.0,0.0,0.0,0.0,0.0,0.0
0,0.0,26.0,0.0,0.0,0.0,68.0,0.0,0.0,0.0,0.0,0.0,0.0,0.0,0.0,0.0,0.0,0.0,0.0
0,0.0,26.0,8.0,0.0,0.0,68.0,0.0,0.0,0.0,0.0,0.0,0.0,0.0,0.0,0.0,0.0,0.0,0.0
0,0.0,25.0,2.0,0.0,0.0,63.0,0.0,0.0,0.0,0.0,0.0,0.0,0.0,0.0,0.0,0.0,0.0,0.0
0,0.0,23.0,8.0,0.0,0.0,56.0,0.0,0.0,0.0,0.0,0.0,0.0,0.0,0.0,0.0,0.0,0.0,0.0
0,0.0,24.0,79.0,1.0,4.0,95.0,84.0,94.0,0.0,0.0,0.0,0.0,0.0,0.0,0.0,0.0,0.0,0.0
0,0.0,27.0,56.0,0.0,1.0,84.0,0.0,0.0,0.0,0.0,0.0,0.0,0.0,0.0,0.0,0.0,0.0,0.0
0,0.0,22.0,24.0,0.0,0.0,81.0,0.0,0.0,0.0,0.0,0.0,0.0,0.0,0.0,0.0,0.0,0.0,0.0
0,0.0,22.0,51.0,0.0,1.0,75.0,0.0,0.0,0.0,0.0,0.0,0.0,0.0,0.0,0.0,0.0,0.0,0.0
0,0.0,26.0,28.0,0.0,0.0,68.0,0.0,0.0,0.0,0.0,0.0,0.0,0.0,0.0,0.0,0.0,0.0,0.0
0,0.0,27.0,17.0,0.0,0.0,66.0,0.0,0.0,0.0,0.0,0.0,0.0,0.0,0.0,0.0,0.0,0.0,0.0
0,0.0,25.0,0.0,0.0,0.0,63.0,0.0,0.0,0.0,0.0,0.0,0.0,0.0,0.0,0.0,0.0,0.0,0.0
0,0.0,24.0,1.0,0.0,0.0,62.0,0.0,0.0,0.0,0.0,0.0,0.0,0.0,0.0,0.0,0.0,0.0,0.0
0,0.0,23.0,3.0,0.0,0.0,58.0,0.0,0.0,0.0,0.0,0.0,0.0,0.0,0.0,0.0,0.0,0.0,0.0
0,0.0,31.0,81.0,3.0,7.0,94.0,87.0,94.0,0.0,0.0,0.0,0.0,0.0,0.0,0.0,0.0,0.0,0.0
0,0.0,28.0,67.0,1.0,5.0,92.0,85.0,94.0,0.0,0.0,0.0,0.0,0.0,0.0,0.0,0.0,0.0,0.0
0,0.0,31.0,43.0,0.0,0.0,85.0,0.0,0.0,0.0,0.0,0.0,0.0,0.0,0.0,0.0,0.0,0.0,0.0
0,0.0,24.0,0.0,0.0,0.0,71.0,0.0,0.0,0.0,0.0,0.0,0.0,0.0,0.0,0.0,0.0,0.0,0.0
0,0.0,24.0,19.0,0.0,0.0,70.0,0.0,0.0,0.0,0.0,0.0,0.0,0.0,0.0,0.0,0.0,0.0,0.0
0,0.0,23.0,14.0,0.0,0.0,69.0,0.0,0.0,0.0,0.0,0.0,0.0,0.0,0.0,0.0,0.0,0.0,0.0
0,0.0,23.0,0.0,0.0,0.0,65.0,0.0,0.0,0.0,0.0,0.0,0.0,0.0,0.0,0.0,0.0,0.0,0.0
0,0.0,23.0,1.0,0.0,0.0,59.0,0.0,0.0,0.0,0.0,0.0,0.0,0.0,0.0,0.0,0.0,0.0,0.0
0,0.0,25.0,0.0,0.0,0.0,57.0,0.0,0.0,0.0,0.0,0.0,0.0,0.0,0.0,0.0,0.0,0.0,0.0
0,0.0,30.0,22.0,0.0,0.0,88.0,0.0,0.0,0.0,0.0,0.0,0.0,0.0,0.0,0.0,0.0,0.0,0.0
0,0.0,30.0,64.0,0.0,2.0,88.0,0.0,0.0,0.0,0.0,0.0,0.0,0.0,0.0,0.0,0.0,0.0,0.0
0,0.0,30.0,32.0,0.0,0.0,75.0,0.0,0.0,0.0,0.0,0.0,0.0,0.0,0.0,0.0,0.0,0.0,0.0
0,0.0,25.0,17.0,0.0,0.0,70.0,0.0,0.0,0.0,0.0,0.0,0.0,0.0,0.0,0.0,0.0,0.0,0.0
0,0.0,32.0,30.0,0.0,0.0,69.0,0.0,0.0,0.0,0.0,0.0,0.0,0.0,0.0,0.0,0.0,0.0,0.0
0,0.0,25.0,15.0,0.0,0.0,68.0,0.0,0.0,0.0,0.0,0.0,0.0,0.0,0.0,0.0,0.0,0.0,0.0
0,0.0,22.0,14.0,0.0,0.0,68.0,0.0,0.0,0.0,0.0,0.0,0.0,0.0,0.0,0.0,0.0,0.0,0.0
0,0.0,25.0,29.0,0.0,0.0,52.0,0.0,0.0,0.0,0.0,0.0,0.0,0.0,0.0,0.0,0.0,0.0,0.0
0,0.0,23.0,37.0,0.0,0.0,51.0,0.0,0.0,0.0,0.0,0.0,0.0,0.0,0.0,0.0,0.0,0.0,0.0
0,0.0,23.0,34.0,0.0,0.0,77.0,0.0,0.0,0.0,0.0,0.0,0.0,0.0,0.0,0.0,0.0,0.0,0.0
0,0.0,24.0,37.0,0.0,0.0,75.0,0.0,0.0,0.0,0.0,0.0,0.0,0.0,0.0,0.0,0.0,0.0,0.0
0,0.0,30.0,37.0,0.0,0.0,69.0,0.0,0.0,0.0,0.0,0.0,0.0,0.0,0.0,0.0,0.0,0.0,0.0
0,0.0,33.0,23.0,0.0,0.0,69.0,0.0,0.0,0.0,0.0,0.0,0.0,0.0,0.0,0.0,0.0,0.0,0.0
0,0.0,24.0,11.0,0.0,0.0,67.0,0.0,0.0,0.0,0.0,0.0,0.0,0.0,0.0,0.0,0.0,0.0,0.0
0,0.0,24.0,13.0,0.0,0.0,67.0,0.0,0.0,0.0,0.0,0.0,0.0,0.0,0.0,0.0,0.0,0.0,0.0
0,0.0,22.0,2.0,0.0,0.0,65.0,0.0,0.0,0.0,0.0,0.0,0.0,0.0,0.0,0.0,0.0,0.0,0.0
0,0.0,25.0,0.0,0.0,0.0,61.0,0.0,0.0,0.0,0.0,0.0,0.0,0.0,0.0,0.0,0.0,0.0,0.0
0,0.0,34.0,50.0,0.0,0.0,76.0,0.0,0.0,0.0,0.0,0.0,0.0,0.0,0.0,0.0,0.0,0.0,0.0
0,0.0,23.0,43.0,0.0,0.0,71.0,0.0,0.0,0.0,0.0,0.0,0.0,0.0,0.0,0.0,0.0,0.0,0.0
0,0.0,24.0,6.0,0.0,0.0,69.0,0.0,0.0,0.0,0.0,0.0,0.0,0.0,0.0,0.0,0.0,0.0,0.0
0,0.0,24.0,0.0,0.0,0.0,67.0,0.0,0.0,0.0,0.0,0.0,0.0,0.0,0.0,0.0,0.0,0.0,0.0
0,0.0,25.0,61.0,0.0,2.0,67.0,0.0,0.0,0.0,0.0,0.0,0.0,0.0,0.0,0.0,0.0,0.0,0.0
0,0.0,25.0,41.0,0.0,1.0,63.0,0.0,0.0,0.0,0.0,0.0,0.0,0.0,0.0,0.0,0.0,0.0,0.0
0,0.0,25.0,0.0,0.0,0.0,60.0,0.0,0.0,0.0,0.0,0.0,0.0,0.0,0.0,0.0,0.0,0.0,0.0
0,0.0,24.0,0.0,0.0,0.0,50.0,0.0,0.0,0.0,0.0,0.0,0.0,0.0,0.0,0.0,0.0,0.0,0.0
0,0.0,27.0,101.0,4.0,5.0,98.0,0.0,0.0,0.0,0.0,0.0,0.0,0.0,0.0,0.0,0.0,0.0,0.0
0,0.0,29.0,0.0,0.0,0.0,97.0,0.0,0.0,0.0,0.0,0.0,0.0,0.0,0.0,0.0,0.0,0.0,0.0
0,0.0,29.0,27.0,0.0,0.0,97.0,0.0,0.0,0.0,0.0,0.0,0.0,0.0,0.0,0.0,0.0,0.0,0.0
0,0.0,29.0,0.0,0.0,0.0,97.0,0.0,0.0,0.0,0.0,0.0,0.0,0.0,0.0,0.0,0.0,0.0,0.0
0,0.0,29.0,8.0,0.0,0.0,97.0,0.0,0.0,0.0,0.0,0.0,0.0,0.0,0.0,0.0,0.0,0.0,0.0
0,0.0,29.0,102.0,5.0,6.0,97.0,0.0,0.0,0.0,0.0,0.0,0.0,0.0,0.0,0.0,0.0,0.0,0.0
0,0.0,36.0,0.0,0.0,0.0,91.0,0.0,0.0,0.0,0.0,0.0,0.0,0.0,0.0,0.0,0.0,0.0,0.0
0,0.0,24.0,37.0,0.0,0.0,75.0,0.0,0.0,0.0,0.0,0.0,0.0,0.0,0.0,0.0,0.0,0.0,0.0
0,0.0,26.0,46.0,0.0,0.0,69.0,0.0,0.0,0.0,0.0,0.0,0.0,0.0,0.0,0.0,0.0,0.0,0.0
0,0.0,28.0,16.0,0.0,0.0,62.0,0.0,0.0,0.0,0.0,0.0,0.0,0.0,0.0,0.0,0.0,0.0,0.0
0,0.0,25.0,0.0,0.0,0.0,60.0,0.0,0.0,0.0,0.0,0.0,0.0,0.0,0.0,0.0,0.0,0.0,0.0
0,0.0,25.0,9.0,0.0,0.0,60.0,0.0,0.0,0.0,0.0,0.0,0.0,0.0,0.0,0.0,0.0,0.0,0.0
0,0.0,22.0,28.0,0.0,0.0,58.0,0.0,0.0,0.0,0.0,0.0,0.0,0.0,0.0,0.0,0.0,0.0,0.0
0,0.0,25.0,0.0,0.0,0.0,53.0,0.0,0.0,0.0,0.0,0.0,0.0,0.0,0.0,0.0,0.0,0.0,0.0
0,0.0,29.0,91.0,3.0,7.0,95.0,0.0,0.0,0.0,0.0,0.0,0.0,0.0,0.0,0.0,0.0,0.0,0.0
0,0.0,27.0,90.0,1.0,5.0,90.0,0.0,0.0,0.0,0.0,0.0,0.0,0.0,0.0,0.0,0.0,0.0,0.0
0,0.0,28.0,45.0,0.0,0.0,87.0,0.0,0.0,0.0,0.0,0.0,0.0,0.0,0.0,0.0,0.0,0.0,0.0
0,0.0,30.0,28.0,0.0,0.0,77.0,0.0,0.0,0.0,0.0,0.0,0.0,0.0,0.0,0.0,0.0,0.0,0.0
0,0.0,27.0,0.0,0.0,0.0,73.0,0.0,0.0,0.0,0.0,0.0,0.0,0.0,0.0,0.0,0.0,0.0,0.0
0,0.0,27.0,0.0,0.0,0.0,73.0,0.0,0.0,0.0,0.0,0.0,0.0,0.0,0.0,0.0,0.0,0.0,0.0
0,0.0,22.0,6.0,0.0,0.0,70.0,0.0,0.0,0.0,0.0,0.0,0.0,0.0,0.0,0.0,0.0,0.0,0.0
0,0.0,27.0,5.0,0.0,0.0,50.0,0.0,0.0,0.0,0.0,0.0,0.0,0.0,0.0,0.0,0.0,0.0,0.0
0,0.0,24.0,26.0,0.0,0.0,85.0,0.0,0.0,0.0,0.0,0.0,0.0,0.0,0.0,0.0,0.0,0.0,0.0
0,0.0,28.0,52.0,0.0,1.0,84.0,0.0,0.0,0.0,0.0,0.0,0.0,0.0,0.0,0.0,0.0,0.0,0.0
0,0.0,28.0,0.0,0.0,0.0,84.0,0.0,0.0,0.0,0.0,0.0,0.0,0.0,0.0,0.0,0.0,0.0,0.0
0,0.0,28.0,24.0,0.0,0.0,79.0,0.0,0.0,0.0,0.0,0.0,0.0,0.0,0.0,0.0,0.0,0.0,0.0
0,0.0,30.0,46.0,0.0,0.0,76.0,0.0,0.0,0.0,0.0,0.0,0.0,0.0,0.0,0.0,0.0,0.0,0.0
0,0.0,30.0,0.0,0.0,0.0,76.0,0.0,0.0,0.0,0.0,0.0,0.0,0.0,0.0,0.0,0.0,0.0,0.0
0,0.0,33.0,0.0,0.0,0.0,73.0,0.0,0.0,0.0,0.0,0.0,0.0,0.0,0.0,0.0,0.0,0.0,0.0
0,0.0,30.0,24.0,0.0,0.0,69.0,0.0,0.0,0.0,0.0,0.0,0.0,0.0,0.0,0.0,0.0,0.0,0.0
0,0.0,23.0,1.0,0.0,0.0,59.0,0.0,0.0,0.0,0.0,0.0,0.0,0.0,0.0,0.0,0.0,0.0,0.0
0,0.0,26.0,65.0,1.0,2.0,95.0,84.0,88.0,0.0,0.0,0.0,0.0,0.0,0.0,0.0,0.0,0.0,0.0
0,0.0,28.0,63.0,1.0,2.0,94.0,85.0,92.0,0.0,0.0,0.0,0.0,0.0,0.0,0.0,0.0,0.0,0.0
0,0.0,26.0,37.0,0.0,0.0,85.0,73.0,88.0,0.0,0.0,0.0,0.0,0.0,0.0,0.0,0.0,0.0,0.0
0,0.0,26.0,9.0,0.0,0.0,84.0,0.0,0.0,0.0,0.0,0.0,0.0,0.0,0.0,0.0,0.0,0.0,0.0
0,0.0,26.0,46.0,0.0,0.0,84.0,0.0,0.0,0.0,0.0,0.0,0.0,0.0,0.0,0.0,0.0,0.0,0.0
0,0.0,32.0,51.0,0.0,0.0,83.0,0.0,0.0,0.0,0.0,0.0,0.0,0.0,0.0,0.0,0.0,0.0,0.0
0,0.0,30.0,35.0,0.0,0.0,80.0,0.0,0.0,0.0,0.0,0.0,0.0,0.0,0.0,0.0,0.0,0.0,0.0
0,0.0,25.0,46.0,0.0,0.0,75.0,0.0,0.0,0.0,0.0,0.0,0.0,0.0,0.0,0.0,0.0,0.0,0.0
0,0.0,26.0,4.0,0.0,0.0,65.0,0.0,0.0,0.0,0.0,0.0,0.0,0.0,0.0,0.0,0.0,0.0,0.0
0,0.0,28.0,6.0,0.0,0.0,60.0,0.0,0.0,0.0,0.0,0.0,0.0,0.0,0.0,0.0,0.0,0.0,0.0
0,0.0,30.0,68.0,2.0,4.0,95.0,0.0,0.0,0.0,0.0,0.0,0.0,0.0,0.0,0.0,0.0,0.0,0.0
0,0.0,30.0,4.0,0.0,0.0,95.0,0.0,0.0,0.0,0.0,0.0,0.0,0.0,0.0,0.0,0.0,0.0,0.0
0,0.0,32.0,70.0,0.0,2.0,86.0,0.0,0.0,0.0,0.0,0.0,0.0,0.0,0.0,0.0,0.0,0.0,0.0
0,0.0,32.0,0.0,0.0,0.0,72.0,0.0,0.0,0.0,0.0,0.0,0.0,0.0,0.0,0.0,0.0,0.0,0.0
0,0.0,30.0,36.0,0.0,0.0,68.0,0.0,0.0,0.0,0.0,0.0,0.0,0.0,0.0,0.0,0.0,0.0,0.0
0,0.0,30.0,11.0,0.0,0.0,66.0,0.0,0.0,0.0,0.0,0.0,0.0,0.0,0.0,0.0,0.0,0.0,0.0
0,0.0,26.0,0.0,0.0,0.0,56.0,0.0,0.0,0.0,0.0,0.0,0.0,0.0,0.0,0.0,0.0,0.0,0.0
0,0.0,25.0,0.0,0.0,0.0,50.0,0.0,0.0,0.0,0.0,0.0,0.0,0.0,0.0,0.0,0.0,0.0,0.0
0,0.0,31.0,40.0,0.0,2.0,87.0,0.0,0.0,0.0,0.0,0.0,0.0,0.0,0.0,0.0,0.0,0.0,0.0
0,0.0,28.0,0.0,0.0,0.0,80.0,0.0,0.0,0.0,0.0,0.0,0.0,0.0,0.0,0.0,0.0,0.0,0.0
0,0.0,25.0,12.0,0.0,0.0,69.0,0.0,0.0,0.0,0.0,0.0,0.0,0.0,0.0,0.0,0.0,0.0,0.0
0,0.0,31.0,49.0,0.0,0.0,68.0,0.0,0.0,0.0,0.0,0.0,0.0,0.0,0.0,0.0,0.0,0.0,0.0
0,0.0,22.0,22.0,0.0,0.0,67.0,0.0,0.0,0.0,0.0,0.0,0.0,0.0,0.0,0.0,0.0,0.0,0.0
0,0.0,30.0,11.0,0.0,0.0,66.0,0.0,0.0,0.0,0.0,0.0,0.0,0.0,0.0,0.0,0.0,0.0,0.0
0,0.0,29.0,11.0,0.0,0.0,64.0,0.0,0.0,0.0,0.0,0.0,0.0,0.0,0.0,0.0,0.0,0.0,0.0
0,0.0,25.0,11.0,0.0,0.0,64.0,0.0,0.0,0.0,0.0,0.0,0.0,0.0,0.0,0.0,0.0,0.0,0.0
0,0.0,27.0,0.0,0.0,0.0,59.0,0.0,0.0,0.0,0.0,0.0,0.0,0.0,0.0,0.0,0.0,0.0,0.0
0,0.0,23.0,0.0,0.0,0.0,57.0,0.0,0.0,0.0,0.0,0.0,0.0,0.0,0.0,0.0,0.0,0.0,0.0
0,0.0,26.0,68.0,0.0,2.0,91.0,84.0,92.0,0.0,0.0,0.0,0.0,0.0,0.0,0.0,0.0,0.0,0.0
0,0.0,25.0,40.0,0.0,0.0,82.0,0.0,0.0,0.0,0.0,0.0,0.0,0.0,0.0,0.0,0.0,0.0,0.0
0,0.0,31.0,0.0,0.0,0.0,80.0,0.0,0.0,0.0,0.0,0.0,0.0,0.0,0.0,0.0,0.0,0.0,0.0
0,0.0,32.0,42.0,0.0,0.0,78.0,0.0,0.0,0.0,0.0,0.0,0.0,0.0,0.0,0.0,0.0,0.0,0.0
0,0.0,25.0,48.0,0.0,0.0,74.0,0.0,0.0,0.0,0.0,0.0,0.0,0.0,0.0,0.0,0.0,0.0,0.0
0,0.0,27.0,0.0,0.0,0.0,72.0,0.0,0.0,0.0,0.0,0.0,0.0,0.0,0.0,0.0,0.0,0.0,0.0
0,0.0,27.0,20.0,0.0,0.0,72.0,0.0,0.0,0.0,0.0,0.0,0.0,0.0,0.0,0.0,0.0,0.0,0.0
0,0.0,24.0,7.0,0.0,0.0,70.0,0.0,0.0,0.0,0.0,0.0,0.0,0.0,0.0,0.0,0.0,0.0,0.0
0,0.0,23.0,5.0,0.0,0.0,69.0,0.0,0.0,0.0,0.0,0.0,0.0,0.0,0.0,0.0,0.0,0.0,0.0
0,0.0,28.0,8.0,0.0,0.0,65.0,0.0,0.0,0.0,0.0,0.0,0.0,0.0,0.0,0.0,0.0,0.0,0.0
0,0.0,27.0,4.0,0.0,0.0,60.0,0.0,0.0,0.0,0.0,0.0,0.0,0.0,0.0,0.0,0.0,0.0,0.0
0,0.0,32.0,73.0,0.0,5.0,91.0,0.0,0.0,0.0,0.0,0.0,0.0,0.0,0.0,0.0,0.0,0.0,0.0
0,0.0,33.0,1.0,0.0,0.0,91.0,0.0,0.0,0.0,0.0,0.0,0.0,0.0,0.0,0.0,0.0,0.0,0.0
0,0.0,33.0,71.0,0.0,1.0,91.0,0.0,0.0,0.0,0.0,0.0,0.0,0.0,0.0,0.0,0.0,0.0,0.0
0,0.0,30.0,58.0,0.0,1.0,76.0,0.0,0.0,0.0,0.0,0.0,0.0,0.0,0.0,0.0,0.0,0.0,0.0
0,0.0,22.0,38.0,0.0,0.0,75.0,0.0,0.0,0.0,0.0,0.0,0.0,0.0,0.0,0.0,0.0,0.0,0.0
0,0.0,33.0,0.0,0.0,0.0,74.0,0.0,0.0,0.0,0.0,0.0,0.0,0.0,0.0,0.0,0.0,0.0,0.0
0,0.0,35.0,0.0,0.0,0.0,65.0,0.0,0.0,0.0,0.0,0.0,0.0,0.0,0.0,0.0,0.0,0.0,0.0
0,0.0,26.0,0.0,0.0,0.0,55.0,0.0,0.0,0.0,0.0,0.0,0.0,0.0,0.0,0.0,0.0,0.0,0.0
0,0.0,29.0,16.0,0.0,0.0,55.0,0.0,0.0,0.0,0.0,0.0,0.0,0.0,0.0,0.0,0.0,0.0,0.0
0,0.0,23.0,0.0,0.0,0.0,50.0,0.0,0.0,0.0,0.0,0.0,0.0,0.0,0.0,0.0,0.0,0.0,0.0
0,0.0,33.0,0.0,0.0,0.0,93.0,0.0,0.0,0.0,0.0,0.0,0.0,0.0,0.0,0.0,0.0,0.0,0.0
0,0.0,26.0,33.0,0.0,0.0,89.0,0.0,0.0,0.0,0.0,0.0,0.0,0.0,0.0,0.0,0.0,0.0,0.0
0,0.0,29.0,0.0,0.0,0.0,73.0,0.0,0.0,0.0,0.0,0.0,0.0,0.0,0.0,0.0,0.0,0.0,0.0
0,0.0,27.0,22.0,0.0,0.0,70.0,0.0,0.0,0.0,0.0,0.0,0.0,0.0,0.0,0.0,0.0,0.0,0.0
0,0.0,28.0,6.0,0.0,0.0,61.0,0.0,0.0,0.0,0.0,0.0,0.0,0.0,0.0,0.0,0.0,0.0,0.0
0,0.0,25.0,10.0,0.0,0.0,57.0,0.0,0.0,0.0,0.0,0.0,0.0,0.0,0.0,0.0,0.0,0.0,0.0
0,0.0,23.0,12.0,0.0,0.0,54.0,0.0,0.0,0.0,0.0,0.0,0.0,0.0,0.0,0.0,0.0,0.0,0.0
0,0.0,29.0,101.0,1.0,5.0,83.0,0.0,0.0,0.0,0.0,0.0,0.0,0.0,0.0,0.0,0.0,0.0,0.0
0,0.0,29.0,0.0,0.0,0.0,83.0,0.0,0.0,0.0,0.0,0.0,0.0,0.0,0.0,0.0,0.0,0.0,0.0
0,0.0,27.0,38.0,0.0,0.0,80.0,0.0,0.0,0.0,0.0,0.0,0.0,0.0,0.0,0.0,0.0,0.0,0.0
0,0.0,22.0,7.0,0.0,0.0,68.0,0.0,0.0,0.0,0.0,0.0,0.0,0.0,0.0,0.0,0.0,0.0,0.0
0,0.0,29.0,42.0,0.0,0.0,67.0,0.0,0.0,0.0,0.0,0.0,0.0,0.0,0.0,0.0,0.0,0.0,0.0
0,0.0,24.0,3.0,0.0,0.0,67.0,0.0,0.0,0.0,0.0,0.0,0.0,0.0,0.0,0.0,0.0,0.0,0.0
0,0.0,24.0,0.0,0.0,0.0,67.0,0.0,0.0,0.0,0.0,0.0,0.0,0.0,0.0,0.0,0.0,0.0,0.0
0,0.0,24.0,35.0,0.0,0.0,67.0,0.0,0.0,0.0,0.0,0.0,0.0,0.0,0.0,0.0,0.0,0.0,0.0
0,0.0,22.0,23.0,0.0,0.0,62.0,0.0,0.0,0.0,0.0,0.0,0.0,0.0,0.0,0.0,0.0,0.0,0.0
0,0.0,30.0,0.0,0.0,0.0,61.0,0.0,0.0,0.0,0.0,0.0,0.0,0.0,0.0,0.0,0.0,0.0,0.0
0,0.0,32.0,67.0,1.0,2.0,93.0,0.0,0.0,0.0,0.0,0.0,0.0,0.0,0.0,0.0,0.0,0.0,0.0
0,0.0,28.0,54.0,0.0,0.0,81.0,0.0,0.0,0.0,0.0,0.0,0.0,0.0,0.0,0.0,0.0,0.0,0.0
0,0.0,29.0,0.0,0.0,0.0,79.0,0.0,0.0,0.0,0.0,0.0,0.0,0.0,0.0,0.0,0.0,0.0,0.0
0,0.0,24.0,30.0,0.0,0.0,78.0,0.0,0.0,0.0,0.0,0.0,0.0,0.0,0.0,0.0,0.0,0.0,0.0
0,0.0,24.0,0.0,0.0,0.0,73.0,0.0,0.0,0.0,0.0,0.0,0.0,0.0,0.0,0.0,0.0,0.0,0.0
0,0.0,24.0,15.0,0.0,0.0,73.0,0.0,0.0,0.0,0.0,0.0,0.0,0.0,0.0,0.0,0.0,0.0,0.0
0,0.0,24.0,63.0,0.0,0.0,71.0,0.0,0.0,0.0,0.0,0.0,0.0,0.0,0.0,0.0,0.0,0.0,0.0
0,0.0,29.0,9.0,0.0,0.0,64.0,0.0,0.0,0.0,0.0,0.0,0.0,0.0,0.0,0.0,0.0,0.0,0.0
0,0.0,25.0,31.0,0.0,0.0,62.0,0.0,0.0,0.0,0.0,0.0,0.0,0.0,0.0,0.0,0.0,0.0,0.0
0,0.0,24.0,2.0,0.0,0.0,62.0,0.0,0.0,0.0,0.0,0.0,0.0,0.0,0.0,0.0,0.0,0.0,0.0
0,0.0,25.0,22.0,0.0,0.0,82.0,0.0,0.0,0.0,0.0,0.0,0.0,0.0,0.0,0.0,0.0,0.0,0.0
0,0.0,24.0,48.0,0.0,0.0,82.0,0.0,0.0,0.0,0.0,0.0,0.0,0.0,0.0,0.0,0.0,0.0,0.0
0,0.0,34.0,52.0,1.0,1.0,79.0,0.0,0.0,0.0,0.0,0.0,0.0,0.0,0.0,0.0,0.0,0.0,0.0
0,0.0,32.0,0.0,0.0,0.0,76.0,0.0,0.0,0.0,0.0,0.0,0.0,0.0,0.0,0.0,0.0,0.0,0.0
0,0.0,32.0,0.0,0.0,0.0,76.0,0.0,0.0,0.0,0.0,0.0,0.0,0.0,0.0,0.0,0.0,0.0,0.0
0,0.0,32.0,0.0,0.0,0.0,76.0,0.0,0.0,0.0,0.0,0.0,0.0,0.0,0.0,0.0,0.0,0.0,0.0
0,0.0,26.0,13.0,0.0,0.0,70.0,0.0,0.0,0.0,0.0,0.0,0.0,0.0,0.0,0.0,0.0,0.0,0.0
0,0.0,25.0,0.0,0.0,0.0,66.0,0.0,0.0,0.0,0.0,0.0,0.0,0.0,0.0,0.0,0.0,0.0,0.0
0,0.0,26.0,1.0,0.0,0.0,65.0,0.0,0.0,0.0,0.0,0.0,0.0,0.0,0.0,0.0,0.0,0.0,0.0
0,0.0,28.0,35.0,0.0,0.0,59.0,0.0,0.0,0.0,0.0,0.0,0.0,0.0,0.0,0.0,0.0,0.0,0.0
0,0.0,28.0,5.0,0.0,0.0,59.0,0.0,0.0,0.0,0.0,0.0,0.0,0.0,0.0,0.0,0.0,0.0,0.0
0,0.0,23.0,0.0,0.0,0.0,53.0,0.0,0.0,0.0,0.0,0.0,0.0,0.0,0.0,0.0,0.0,0.0,0.0
0,0.0,26.0,17.0,0.0,0.0,78.0,0.0,0.0,0.0,0.0,0.0,0.0,0.0,0.0,0.0,0.0,0.0,0.0
0,0.0,31.0,56.0,0.0,0.0,77.0,0.0,0.0,0.0,0.0,0.0,0.0,0.0,0.0,0.0,0.0,0.0,0.0
0,0.0,30.0,0.0,0.0,0.0,73.0,0.0,0.0,0.0,0.0,0.0,0.0,0.0,0.0,0.0,0.0,0.0,0.0
0,0.0,29.0,22.0,0.0,0.0,72.0,0.0,0.0,0.0,0.0,0.0,0.0,0.0,0.0,0.0,0.0,0.0,0.0
0,0.0,28.0,17.0,0.0,0.0,64.0,0.0,0.0,0.0,0.0,0.0,0.0,0.0,0.0,0.0,0.0,0.0,0.0
0,0.0,22.0,33.0,0.0,0.0,63.0,0.0,0.0,0.0,0.0,0.0,0.0,0.0,0.0,0.0,0.0,0.0,0.0
0,0.0,22.0,8.0,0.0,0.0,62.0,0.0,0.0,0.0,0.0,0.0,0.0,0.0,0.0,0.0,0.0,0.0,0.0
0,0.0,25.0,2.0,0.0,0.0,61.0,0.0,0.0,0.0,0.0,0.0,0.0,0.0,0.0,0.0,0.0,0.0,0.0
0,0.0,30.0,0.0,0.0,0.0,87.0,0.0,0.0,0.0,0.0,0.0,0.0,0.0,0.0,0.0,0.0,0.0,0.0
0,0.0,27.0,25.0,0.0,0.0,80.0,0.0,0.0,0.0,0.0,0.0,0.0,0.0,0.0,0.0,0.0,0.0,0.0
0,0.0,28.0,0.0,0.0,0.0,79.0,0.0,0.0,0.0,0.0,0.0,0.0,0.0,0.0,0.0,0.0,0.0,0.0
0,0.0,28.0,6.0,0.0,0.0,79.0,0.0,0.0,0.0,0.0,0.0,0.0,0.0,0.0,0.0,0.0,0.0,0.0
0,0.0,28.0,0.0,0.0,0.0,79.0,0.0,0.0,0.0,0.0,0.0,0.0,0.0,0.0,0.0,0.0,0.0,0.0
0,0.0,26.0,7.0,0.0,0.0,79.0,0.0,0.0,0.0,0.0,0.0,0.0,0.0,0.0,0.0,0.0,0.0,0.0
0,0.0,23.0,32.0,0.0,0.0,75.0,0.0,0.0,0.0,0.0,0.0,0.0,0.0,0.0,0.0,0.0,0.0,0.0
0,0.0,32.0,68.0,1.0,3.0,75.0,80.0,87.0,0.0,0.0,0.0,0.0,0.0,0.0,0.0,0.0,0.0,0.0
0,0.0,22.0,27.0,0.0,0.0,71.0,0.0,0.0,0.0,0.0,0.0,0.0,0.0,0.0,0.0,0.0,0.0,0.0
0,0.0,27.0,15.0,0.0,0.0,66.0,0.0,0.0,0.0,0.0,0.0,0.0,0.0,0.0,0.0,0.0,0.0,0.0
0,0.0,28.0,55.0,2.0,2.0,99.0,0.0,0.0,0.0,0.0,0.0,0.0,0.0,0.0,0.0,0.0,0.0,0.0
0,0.0,32.0,58.0,0.0,0.0,84.0,0.0,0.0,0.0,0.0,0.0,0.0,0.0,0.0,0.0,0.0,0.0,0.0
0,0.0,30.0,59.0,0.0,1.0,84.0,0.0,0.0,0.0,0.0,0.0,0.0,0.0,0.0,0.0,0.0,0.0,0.0
0,0.0,30.0,0.0,0.0,0.0,84.0,0.0,0.0,0.0,0.0,0.0,0.0,0.0,0.0,0.0,0.0,0.0,0.0
0,0.0,36.0,68.0,0.0,0.0,73.0,0.0,0.0,0.0,0.0,0.0,0.0,0.0,0.0,0.0,0.0,0.0,0.0
0,0.0,26.0,27.0,0.0,0.0,69.0,0.0,0.0,0.0,0.0,0.0,0.0,0.0,0.0,0.0,0.0,0.0,0.0
0,0.0,34.0,55.0,0.0,0.0,68.0,0.0,0.0,0.0,0.0,0.0,0.0,0.0,0.0,0.0,0.0,0.0,0.0
0,0.0,25.0,14.0,0.0,0.0,66.0,0.0,0.0,0.0,0.0,0.0,0.0,0.0,0.0,0.0,0.0,0.0,0.0
0,0.0,23.0,9.0,0.0,0.0,61.0,0.0,0.0,0.0,0.0,0.0,0.0,0.0,0.0,0.0,0.0,0.0,0.0
0,0.0,27.0,0.0,0.0,0.0,58.0,0.0,0.0,0.0,0.0,0.0,0.0,0.0,0.0,0.0,0.0,0.0,0.0
0,0.0,26.0,0.0,0.0,0.0,57.0,0.0,0.0,0.0,0.0,0.0,0.0,0.0,0.0,0.0,0.0,0.0,0.0
76,285.0,29.0,69.0,0.0,3.0,94.0,73.0,0.0,70.0,91.0,79.0,81.0,95.0,84.0,90.0,95.0,72.0,68.0
80,290.0,24.0,112.0,1.0,6.0,86.0,76.0,0.0,75.0,82.0,77.0,74.0,76.0,85.0,75.0,87.0,67.0,74.0
74,327.0,23.0,30.0,0.0,0.0,76.0,60.0,0.0,58.0,96.0,62.0,91.0,81.0,37.0,88.0,84.0,60.0,80.0
74,327.0,23.0,29.0,0.0,0.0,76.0,60.0,0.0,58.0,96.0,62.0,91.0,81.0,37.0,88.0,84.0,60.0,80.0
76,304.0,36.0,0.0,0.0,0.0,72.0,50.0,0.0,60.0,82.0,74.0,68.0,80.0,74.0,82.0,64.0,70.0,55.0
76,329.0,26.0,11.0,0.0,0.0,68.0,49.0,0.0,49.0,93.0,63.0,74.0,84.0,49.0,85.0,50.0,60.0,52.0
76,280.0,25.0,2.0,0.0,0.0,67.0,67.0,0.0,70.0,84.0,66.0,77.0,71.0,62.0,73.0,70.0,53.0,75.0
77,338.0,25.0,42.0,0.0,0.0,65.0,59.0,0.0,57.0,93.0,68.0,82.0,84.0,50.0,87.0,65.0,63.0,60.0
76,266.0,32.0,91.0,2.0,5.0,89.0,81.0,0.0,74.0,83.0,87.0,77.0,89.0,71.0,73.0,85.0,78.0,60.0
74,288.0,28.0,52.0,0.0,0.0,86.0,66.0,0.0,69.0,87.0,79.0,78.0,80.0,85.0,82.0,80.0,77.0,52.0
74,290.0,26.0,13.0,0.0,0.0,78.0,68.0,0.0,64.0,85.0,55.0,74.0,85.0,79.0,86.0,83.0,52.0,70.0
74,274.0,27.0,20.0,0.0,0.0,74.0,72.0,0.0,70.0,70.0,70.0,74.0,68.0,79.0,75.0,82.0,64.0,54.0
74,305.0,27.0,0.0,0.0,0.0,71.0,58.0,0.0,60.0,88.0,73.0,82.0,72.0,50.0,85.0,59.0,67.0,64.0
78,283.0,24.0,20.0,0.0,0.0,70.0,72.0,0.0,75.0,78.0,55.0,77.0,70.0,72.0,75.0,76.0,55.0,74.0
75,260.0,24.0,24.0,0.0,0.0,70.0,73.0,0.0,72.0,80.0,61.0,71.0,81.0,55.0,75.0,79.0,65.0,78.0
74,293.0,23.0,21.0,0.0,0.0,67.0,59.0,0.0,57.0,80.0,57.0,75.0,84.0,43.0,78.0,76.0,54.0,74.0
75,265.0,24.0,5.0,0.0,0.0,67.0,84.0,0.0,78.0,66.0,43.0,65.0,65.0,80.0,60.0,75.0,39.0,66.0
75,295.0,23.0,49.0,0.0,0.0,64.0,68.0,0.0,67.0,78.0,44.0,72.0,67.0,79.0,65.0,82.0,50.0,65.0
76,345.0,26.0,100.0,2.0,5.0,94.0,67.0,0.0,68.0,98.0,94.0,97.0,97.0,65.0,98.0,85.0,93.0,85.0
72,315.0,33.0,61.0,0.0,0.0,84.0,46.0,0.0,55.0,91.0,96.0,88.0,83.0,47.0,86.0,80.0,98.0,60.0
77,290.0,35.0,80.0,1.0,4.0,82.0,64.0,0.0,65.0,93.0,92.0,90.0,88.0,58.0,87.0,75.0,87.0,68.0
76,292.0,29.0,54.0,0.0,0.0,76.0,67.0,0.0,68.0,85.0,75.0,77.0,78.0,63.0,83.0,80.0,74.0,60.0
76,360.0,22.0,14.0,0.0,0.0,72.0,42.0,0.0,52.0,97.0,56.0,92.0,89.0,33.0,97.0,45.0,70.0,77.0
74,324.0,27.0,0.0,0.0,0.0,65.0,56.0,0.0,54.0,89.0,65.0,79.0,76.0,49.0,68.0,63.0,50.0,50.0
75,333.0,25.0,0.0,0.0,0.0,55.0,52.0,0.0,48.0,92.0,46.0,70.0,80.0,64.0,80.0,56.0,44.0,68.0
78,310.0,32.0,67.0,0.0,3.0,82.0,54.0,0.0,61.0,95.0,90.0,90.0,87.0,65.0,93.0,75.0,85.0,64.0
73,306.0,27.0,79.0,0.0,6.0,79.0,56.0,0.0,64.0,83.0,86.0,87.0,75.0,57.0,77.0,90.0,86.0,50.0
73,306.0,27.0,6.0,0.0,0.0,79.0,56.0,0.0,64.0,83.0,86.0,87.0,75.0,57.0,77.0,90.0,86.0,50.0
73,306.0,27.0,0.0,0.0,0.0,79.0,56.0,0.0,64.0,83.0,86.0,87.0,75.0,57.0,77.0,90.0,86.0,50.0
75,290.0,29.0,32.0,0.0,0.0,79.0,64.0,0.0,64.0,90.0,82.0,83.0,86.0,60.0,88.0,77.0,82.0,64.0
74,307.0,27.0,4.0,0.0,0.0,65.0,61.0,0.0,62.0,84.0,62.0,73.0,80.0,65.0,74.0,72.0,47.0,50.0
77,285.0,23.0,7.0,0.0,0.0,65.0,71.0,0.0,73.0,87.0,44.0,75.0,88.0,55.0,82.0,66.0,54.0,69.0
74,314.0,22.0,2.0,0.0,0.0,63.0,48.0,0.0,50.0,93.0,47.0,82.0,82.0,30.0,90.0,68.0,49.0,65.0
75,286.0,28.0,0.0,0.0,0.0,58.0,60.0,0.0,62.0,88.0,60.0,77.0,74.0,47.0,80.0,66.0,58.0,54.0
73,256.0,23.0,6.0,0.0,0.0,75.0,83.0,0.0,76.0,69.0,45.0,65.0,76.0,88.0,58.0,85.0,52.0,65.0
78,280.0,30.0,40.0,0.0,0.0,74.0,70.0,0.0,69.0,83.0,77.0,81.0,70.0,59.0,82.0,79.0,78.0,57.0
74,306.0,25.0,11.0,0.0,0.0,70.0,61.0,0.0,60.0,90.0,65.0,72.0,75.0,62.0,74.0,73.0,49.0,66.0
74,275.0,24.0,13.0,0.0,0.0,70.0,78.0,0.0,72.0,78.0,60.0,70.0,59.0,80.0,55.0,74.0,50.0,75.0
74,275.0,24.0,6.0,0.0,0.0,70.0,78.0,0.0,72.0,78.0,60.0,70.0,59.0,80.0,55.0,74.0,50.0,75.0
74,275.0,24.0,39.0,0.0,0.0,70.0,78.0,0.0,72.0,78.0,60.0,70.0,59.0,80.0,55.0,74.0,50.0,75.0
74,275.0,24.0,47.0,0.0,0.0,70.0,78.0,0.0,72.0,78.0,60.0,70.0,59.0,80.0,55.0,74.0,50.0,75.0
74,275.0,24.0,7.0,0.0,0.0,70.0,78.0,0.0,72.0,78.0,60.0,70.0,59.0,80.0,55.0,74.0,50.0,75.0
76,325.0,26.0,0.0,0.0,0.0,69.0,52.0,0.0,51.0,94.0,72.0,80.0,79.0,47.0,75.0,45.0,60.0,66.0
76,292.0,24.0,25.0,0.0,0.0,69.0,57.0,0.0,58.0,93.0,69.0,74.0,71.0,48.0,77.0,73.0,65.0,70.0
76,277.0,22.0,33.0,0.0,1.0,65.0,74.0,0.0,76.0,76.0,29.0,65.0,82.0,70.0,79.0,80.0,42.0,63.0
75,302.0,25.0,1.0,0.0,0.0,62.0,64.0,0.0,68.0,77.0,44.0,75.0,72.0,78.0,66.0,64.0,39.0,82.0
74,250.0,24.0,1.0,0.0,0.0,61.0,82.0,0.0,76.0,64.0,35.0,67.0,55.0,70.0,65.0,75.0,55.0,76.0
75,318.0,25.0,68.0,0.0,0.0,86.0,62.0,0.0,63.0,90.0,80.0,85.0,90.0,61.0,89.0,81.0,70.0,71.0
77,280.0,28.0,24.0,0.0,0.0,85.0,74.0,0.0,76.0,87.0,78.0,80.0,88.0,68.0,85.0,78.0,74.0,72.0
75,280.0,27.0,0.0,0.0,0.0,81.0,78.0,0.0,75.0,77.0,78.0,75.0,54.0,86.0,67.0,87.0,73.0,60.0
75,280.0,27.0,46.0,0.0,0.0,81.0,78.0,0.0,75.0,77.0,78.0,75.0,54.0,86.0,67.0,87.0,73.0,60.0
74,325.0,25.0,27.0,0.0,0.0,77.0,66.0,0.0,66.0,91.0,65.0,84.0,85.0,45.0,76.0,76.0,62.0,82.0
75,305.0,28.0,22.0,0.0,0.0,77.0,70.0,0.0,68.0,82.0,75.0,72.0,69.0,80.0,73.0,85.0,74.0,60.0
76,292.0,28.0,12.0,0.0,0.0,76.0,73.0,0.0,71.0,78.0,74.0,74.0,81.0,64.0,67.0,83.0,68.0,52.0
78,277.0,21.0,67.0,0.0,2.0,74.0,84.0,0.0,82.0,77.0,39.0,72.0,75.0,83.0,65.0,85.0,41.0,72.0
79,260.0,23.0,14.0,0.0,0.0,72.0,86.0,0.0,86.0,71.0,35.0,75.0,72.0,80.0,77.0,75.0,38.0,70.0
79,260.0,23.0,54.0,0.0,0.0,72.0,86.0,0.0,86.0,71.0,35.0,75.0,72.0,80.0,77.0,75.0,38.0,70.0
75,285.0,27.0,39.0,0.0,0.0,67.0,67.0,0.0,78.0,79.0,67.0,70.0,78.0,55.0,64.0,80.0,62.0,50.0
76,350.0,31.0,57.0,0.0,3.0,93.0,49.0,0.0,61.0,98.0,86.0,92.0,97.0,68.0,98.0,74.0,76.0,80.0
77,295.0,31.0,38.0,0.0,0.0,75.0,67.0,0.0,67.0,83.0,80.0,82.0,77.0,63.0,77.0,74.0,80.0,60.0
74,330.0,24.0,47.0,0.0,0.0,74.0,53.0,0.0,55.0,94.0,68.0,75.0,87.0,44.0,84.0,68.0,62.0,74.0
77,310.0,32.0,39.0,0.0,0.0,74.0,59.0,0.0,63.0,86.0,81.0,85.0,80.0,62.0,82.0,74.0,79.0,56.0
75,305.0,27.0,21.0,0.0,0.0,63.0,58.0,0.0,54.0,88.0,70.0,81.0,79.0,49.0,76.0,68.0,72.0,60.0
75,305.0,27.0,81.0,0.0,5.0,63.0,58.0,0.0,54.0,88.0,70.0,81.0,79.0,49.0,76.0,68.0,72.0,60.0
76,295.0,27.0,0.0,0.0,0.0,56.0,63.0,0.0,62.0,81.0,35.0,70.0,74.0,42.0,75.0,64.0,55.0,69.0
79,299.0,22.0,3.0,0.0,0.0,56.0,67.0,0.0,66.0,80.0,35.0,78.0,78.0,44.0,79.0,83.0,45.0,65.0
76,303.0,29.0,55.0,1.0,4.0,94.0,70.0,0.0,73.0,87.0,85.0,88.0,81.0,91.0,87.0,92.0,84.0,70.0
78,315.0,28.0,39.0,0.0,0.0,80.0,60.0,0.0,64.0,93.0,86.0,88.0,85.0,60.0,91.0,77.0,85.0,65.0
76,309.0,27.0,15.0,0.0,0.0,73.0,64.0,0.0,67.0,88.0,77.0,83.0,79.0,57.0,84.0,72.0,69.0,61.0
76,309.0,27.0,36.0,0.0,0.0,73.0,64.0,0.0,67.0,88.0,77.0,83.0,79.0,57.0,84.0,72.0,69.0,61.0
77,318.0,31.0,6.0,0.0,0.0,63.0,46.0,0.0,49.0,89.0,70.0,76.0,76.0,35.0,85.0,65.0,55.0,65.0
78,305.0,28.0,34.0,0.0,1.0,59.0,74.0,0.0,72.0,84.0,49.0,62.0,50.0,79.0,54.0,67.0,40.0,46.0
77,306.0,26.0,0.0,0.0,0.0,58.0,60.0,0.0,61.0,83.0,65.0,74.0,62.0,59.0,75.0,66.0,54.0,53.0
75,348.0,34.0,0.0,0.0,0.0,87.0,44.0,0.0,50.0,98.0,95.0,95.0,90.0,42.0,96.0,70.0,90.0,60.0
75,285.0,31.0,28.0,0.0,0.0,78.0,63.0,0.0,70.0,83.0,74.0,80.0,78.0,83.0,72.0,75.0,68.0,66.0
75,310.0,31.0,36.0,0.0,0.0,77.0,63.0,0.0,62.0,92.0,78.0,85.0,84.0,67.0,88.0,74.0,77.0,55.0
74,314.0,28.0,13.0,0.0,0.0,76.0,49.0,0.0,56.0,88.0,79.0,85.0,82.0,58.0,79.0,74.0,78.0,58.0
77,297.0,26.0,11.0,0.0,0.0,73.0,65.0,0.0,64.0,86.0,73.0,81.0,78.0,58.0,84.0,77.0,76.0,66.0
75,316.0,24.0,14.0,0.0,0.0,69.0,60.0,0.0,65.0,87.0,51.0,74.0,80.0,75.0,75.0,78.0,50.0,70.0
75,316.0,24.0,0.0,0.0,0.0,69.0,60.0,0.0,65.0,87.0,51.0,74.0,80.0,75.0,75.0,78.0,50.0,70.0
74,329.0,22.0,13.0,0.0,0.0,64.0,61.0,0.0,57.0,87.0,34.0,75.0,85.0,55.0,82.0,74.0,37.0,68.0
74,329.0,22.0,0.0,0.0,0.0,64.0,61.0,0.0,57.0,87.0,34.0,75.0,85.0,55.0,82.0,74.0,37.0,68.0
75,308.0,28.0,5.0,0.0,0.0,59.0,59.0,0.0,60.0,85.0,69.0,80.0,76.0,49.0,72.0,59.0,46.0,70.0
75,307.0,23.0,100.0,3.0,5.0,85.0,71.0,0.0,77.0,95.0,60.0,89.0,85.0,50.0,92.0,85.0,74.0,95.0
76,278.0,31.0,0.0,0.0,0.0,80.0,69.0,0.0,67.0,83.0,90.0,77.0,85.0,60.0,84.0,82.0,83.0,62.0
76,320.0,30.0,0.0,0.0,0.0,78.0,64.0,0.0,65.0,86.0,70.0,74.0,83.0,64.0,76.0,79.0,68.0,60.0
76,320.0,30.0,33.0,0.0,0.0,78.0,64.0,0.0,65.0,86.0,70.0,74.0,83.0,64.0,76.0,79.0,68.0,60.0
75,260.0,24.0,51.0,0.0,1.0,76.0,80.0,0.0,83.0,69.0,70.0,72.0,51.0,83.0,65.0,82.0,60.0,78.0
76,329.0,23.0,0.0,0.0,0.0,75.0,60.0,0.0,64.0,90.0,65.0,75.0,83.0,58.0,83.0,68.0,59.0,60.0
76,275.0,34.0,18.0,0.0,0.0,71.0,67.0,0.0,66.0,80.0,80.0,78.0,67.0,67.0,59.0,76.0,65.0,64.0
76,271.0,27.0,0.0,0.0,0.0,70.0,76.0,0.0,79.0,66.0,64.0,67.0,55.0,82.0,70.0,76.0,59.0,52.0
74,278.0,25.0,13.0,0.0,0.0,68.0,65.0,0.0,66.0,85.0,64.0,76.0,62.0,73.0,75.0,72.0,55.0,68.0
74,310.0,24.0,4.0,0.0,0.0,64.0,69.0,0.0,68.0,74.0,54.0,70.0,67.0,73.0,69.0,81.0,46.0,68.0
74,302.0,25.0,8.0,0.0,0.0,61.0,69.0,0.0,65.0,88.0,39.0,69.0,67.0,60.0,62.0,80.0,52.0,75.0
74,305.0,29.0,0.0,0.0,0.0,87.0,68.0,0.0,67.0,88.0,84.0,84.0,88.0,70.0,89.0,84.0,82.0,70.0
74,337.0,24.0,33.0,0.0,1.0,79.0,62.0,0.0,55.0,93.0,53.0,85.0,88.0,69.0,88.0,65.0,68.0,71.0
74,340.0,29.0,58.0,0.0,0.0,77.0,62.0,0.0,60.0,94.0,85.0,88.0,83.0,59.0,85.0,74.0,76.0,55.0
75,325.0,27.0,21.0,0.0,0.0,75.0,66.0,0.0,65.0,92.0,77.0,82.0,78.0,52.0,91.0,70.0,80.0,70.0
75,294.0,23.0,17.0,0.0,0.0,67.0,69.0,0.0,68.0,89.0,62.0,72.0,81.0,48.0,78.0,62.0,75.0,75.0
73,304.0,25.0,0.0,0.0,0.0,63.0,65.0,0.0,63.0,84.0,45.0,72.0,77.0,59.0,68.0,58.0,56.0,62.0
76,320.0,26.0,2.0,0.0,0.0,62.0,62.0,0.0,62.0,90.0,56.0,75.0,83.0,55.0,80.0,62.0,45.0,70.0
75,285.0,24.0,8.0,0.0,0.0,60.0,69.0,0.0,67.0,79.0,46.0,76.0,76.0,58.0,75.0,65.0,42.0,85.0
78,288.0,25.0,79.0,1.0,4.0,95.0,84.0,0.0,87.0,85.0,74.0,73.0,88.0,95.0,78.0,92.0,55.0,70.0
76,285.0,28.0,56.0,0.0,1.0,82.0,72.0,0.0,69.0,80.0,76.0,78.0,83.0,74.0,79.0,82.0,74.0,72.0
74,296.0,23.0,24.0,0.0,0.0,74.0,66.0,0.0,65.0,84.0,68.0,74.0,75.0,70.0,73.0,80.0,65.0,65.0
76,310.0,27.0,28.0,0.0,0.0,73.0,59.0,0.0,65.0,84.0,75.0,86.0,60.0,71.0,72.0,84.0,73.0,55.0
76,256.0,23.0,51.0,0.0,1.0,71.0,84.0,0.0,75.0,72.0,40.0,68.0,83.0,71.0,77.0,80.0,44.0,69.0
74,295.0,22.0,29.0,0.0,0.0,64.0,76.0,0.0,74.0,74.0,41.0,63.0,76.0,66.0,68.0,82.0,52.0,77.0
76,275.0,28.0,0.0,0.0,0.0,64.0,69.0,0.0,56.0,86.0,60.0,71.0,75.0,55.0,80.0,72.0,56.0,65.0
77,338.0,24.0,3.0,0.0,0.0,63.0,48.0,0.0,50.0,92.0,60.0,60.0,80.0,50.0,66.0,65.0,61.0,70.0
75,320.0,26.0,0.0,0.0,0.0,62.0,64.0,0.0,62.0,82.0,40.0,67.0,78.0,70.0,71.0,60.0,42.0,65.0
73,268.0,30.0,81.0,3.0,7.0,97.0,87.0,0.0,85.0,83.0,90.0,66.0,74.0,97.0,72.0,94.0,69.0,60.0
74,245.0,29.0,67.0,1.0,5.0,95.0,86.0,0.0,85.0,76.0,85.0,72.0,71.0,98.0,67.0,97.0,72.0,58.0
75,310.0,25.0,21.0,0.0,0.0,78.0,67.0,0.0,66.0,84.0,65.0,81.0,82.0,67.0,88.0,77.0,55.0,70.0
75,310.0,25.0,5.0,0.0,0.0,78.0,67.0,0.0,66.0,84.0,65.0,81.0,82.0,67.0,88.0,77.0,55.0,70.0
74,312.0,26.0,0.0,0.0,0.0,75.0,60.0,0.0,61.0,85.0,71.0,82.0,82.0,57.0,78.0,75.0,72.0,60.0
74,255.0,22.0,68.0,0.0,0.0,74.0,85.0,0.0,83.0,64.0,48.0,74.0,64.0,78.0,57.0,88.0,64.0,62.0
75,254.0,24.0,14.0,0.0,0.0,73.0,74.0,0.0,71.0,77.0,68.0,71.0,69.0,79.0,57.0,80.0,50.0,65.0
74,265.0,25.0,0.0,0.0,0.0,71.0,70.0,0.0,71.0,79.0,52.0,79.0,80.0,70.0,80.0,70.0,48.0,66.0
76,303.0,25.0,19.0,0.0,0.0,66.0,56.0,0.0,54.0,78.0,58.0,78.0,69.0,75.0,77.0,79.0,65.0,56.0
74,260.0,25.0,0.0,0.0,0.0,64.0,76.0,0.0,75.0,70.0,45.0,60.0,62.0,78.0,65.0,78.0,47.0,75.0
76,260.0,30.0,55.0,0.0,2.0,87.0,76.0,0.0,67.0,85.0,84.0,77.0,92.0,73.0,79.0,85.0,77.0,79.0
75,325.0,24.0,37.0,0.0,0.0,83.0,63.0,0.0,68.0,90.0,73.0,87.0,81.0,54.0,92.0,85.0,75.0,72.0
75,294.0,23.0,45.0,0.0,0.0,77.0,69.0,0.0,68.0,90.0,60.0,86.0,79.0,44.0,84.0,84.0,68.0,84.0
77,275.0,31.0,32.0,0.0,0.0,75.0,71.0,0.0,73.0,78.0,65.0,75.0,67.0,82.0,72.0,77.0,66.0,65.0
75,322.0,28.0,0.0,0.0,0.0,72.0,61.0,0.0,59.0,86.0,67.0,79.0,80.0,55.0,80.0,65.0,62.0,62.0
77,281.0,23.0,14.0,0.0,0.0,70.0,77.0,0.0,82.0,75.0,47.0,55.0,60.0,84.0,65.0,87.0,50.0,78.0
74,298.0,22.0,1.0,0.0,0.0,68.0,69.0,0.0,68.0,77.0,52.0,77.0,86.0,65.0,69.0,64.0,33.0,78.0
74,260.0,24.0,0.0,0.0,0.0,67.0,77.0,0.0,73.0,77.0,49.0,70.0,76.0,60.0,71.0,72.0,65.0,74.0
77,274.0,22.0,7.0,0.0,0.0,59.0,74.0,0.0,75.0,71.0,35.0,57.0,63.0,74.0,55.0,76.0,42.0,85.0
72,248.0,23.0,1.0,0.0,0.0,59.0,84.0,0.0,74.0,64.0,35.0,74.0,75.0,58.0,64.0,56.0,35.0,82.0
73,297.0,25.0,37.0,0.0,0.0,78.0,69.0,0.0,67.0,85.0,71.0,76.0,73.0,78.0,75.0,86.0,64.0,66.0
76,296.0,24.0,34.0,0.0,0.0,75.0,69.0,0.0,66.0,87.0,70.0,87.0,79.0,61.0,87.0,70.0,73.0,75.0
75,315.0,31.0,37.0,0.0,0.0,74.0,55.0,0.0,66.0,90.0,82.0,80.0,71.0,50.0,79.0,65.0,75.0,51.0
74,325.0,29.0,0.0,0.0,0.0,72.0,57.0,0.0,60.0,92.0,70.0,74.0,80.0,54.0,75.0,67.0,66.0,55.0
75,298.0,23.0,2.0,0.0,0.0,66.0,66.0,0.0,70.0,74.0,55.0,83.0,75.0,65.0,57.0,66.0,74.0,80.0
74,268.0,26.0,0.0,0.0,0.0,61.0,74.0,0.0,62.0,68.0,44.0,65.0,69.0,79.0,72.0,65.0,42.0,70.0
77,259.0,25.0,0.0,0.0,0.0,58.0,65.0,0.0,63.0,76.0,45.0,70.0,72.0,52.0,74.0,66.0,42.0,70.0
75,305.0,26.0,61.0,0.0,2.0,89.0,66.0,0.0,63.0,94.0,83.0,89.0,87.0,55.0,93.0,76.0,85.0,54.0
75,310.0,35.0,50.0,0.0,0.0,82.0,42.0,0.0,53.0,94.0,88.0,94.0,85.0,45.0,95.0,66.0,84.0,55.0
78,295.0,24.0,43.0,0.0,0.0,79.0,69.0,0.0,66.0,87.0,74.0,84.0,86.0,64.0,87.0,80.0,73.0,74.0
76,355.0,26.0,41.0,0.0,1.0,76.0,55.0,0.0,58.0,96.0,67.0,75.0,84.0,65.0,85.0,57.0,55.0,70.0
76,295.0,25.0,6.0,0.0,0.0,75.0,72.0,0.0,77.0,82.0,65.0,75.0,79.0,67.0,76.0,77.0,65.0,80.0
77,304.0,23.0,29.0,0.0,0.0,71.0,67.0,0.0,62.0,87.0,64.0,87.0,82.0,54.0,81.0,74.0,72.0,64.0
79,305.0,25.0,0.0,0.0,0.0,67.0,59.0,0.0,54.0,89.0,68.0,78.0,86.0,64.0,86.0,66.0,55.0,66.0
77,295.0,26.0,0.0,0.0,0.0,56.0,64.0,0.0,61.0,78.0,38.0,65.0,70.0,61.0,66.0,75.0,44.0,66.0
0,0.0,0.0,101.0,4.0,5.0,99.0,0.0,0.0,0.0,0.0,0.0,0.0,0.0,0.0,0.0,0.0,0.0,0.0
0,0.0,0.0,0.0,0.0,0.0,97.0,0.0,0.0,0.0,0.0,0.0,0.0,0.0,0.0,0.0,0.0,0.0,0.0
0,0.0,0.0,27.0,0.0,0.0,97.0,0.0,0.0,0.0,0.0,0.0,0.0,0.0,0.0,0.0,0.0,0.0,0.0
0,0.0,0.0,0.0,0.0,0.0,97.0,0.0,0.0,0.0,0.0,0.0,0.0,0.0,0.0,0.0,0.0,0.0,0.0
0,0.0,0.0,8.0,0.0,0.0,97.0,0.0,0.0,0.0,0.0,0.0,0.0,0.0,0.0,0.0,0.0,0.0,0.0
0,0.0,0.0,102.0,5.0,6.0,97.0,0.0,0.0,0.0,0.0,0.0,0.0,0.0,0.0,0.0,0.0,0.0,0.0
0,0.0,0.0,0.0,0.0,0.0,88.0,0.0,0.0,0.0,0.0,0.0,0.0,0.0,0.0,0.0,0.0,0.0,0.0
0,0.0,0.0,37.0,0.0,0.0,85.0,0.0,0.0,0.0,0.0,0.0,0.0,0.0,0.0,0.0,0.0,0.0,0.0
0,0.0,0.0,16.0,0.0,0.0,73.0,0.0,0.0,0.0,0.0,0.0,0.0,0.0,0.0,0.0,0.0,0.0,0.0
0,0.0,0.0,67.0,0.0,4.0,70.0,0.0,0.0,0.0,0.0,0.0,0.0,0.0,0.0,0.0,0.0,0.0,0.0
0,0.0,0.0,0.0,0.0,0.0,69.0,0.0,0.0,0.0,0.0,0.0,0.0,0.0,0.0,0.0,0.0,0.0,0.0
0,0.0,0.0,11.0,0.0,0.0,68.0,0.0,0.0,0.0,0.0,0.0,0.0,0.0,0.0,0.0,0.0,0.0,0.0
0,0.0,0.0,0.0,0.0,0.0,68.0,0.0,0.0,0.0,0.0,0.0,0.0,0.0,0.0,0.0,0.0,0.0,0.0
0,0.0,0.0,8.0,0.0,0.0,68.0,0.0,0.0,0.0,0.0,0.0,0.0,0.0,0.0,0.0,0.0,0.0,0.0
0,0.0,0.0,0.0,0.0,0.0,60.0,0.0,0.0,0.0,0.0,0.0,0.0,0.0,0.0,0.0,0.0,0.0,0.0
0,0.0,0.0,9.0,0.0,0.0,60.0,0.0,0.0,0.0,0.0,0.0,0.0,0.0,0.0,0.0,0.0,0.0,0.0
0,0.0,0.0,28.0,0.0,0.0,58.0,0.0,0.0,0.0,0.0,0.0,0.0,0.0,0.0,0.0,0.0,0.0,0.0
74,325.0,28.0,90.0,1.0,5.0,95.0,55.0,0.0,58.0,97.0,90.0,88.0,92.0,70.0,97.0,84.0,83.0,68.0
77,300.0,29.0,45.0,0.0,0.0,84.0,64.0,0.0,64.0,91.0,92.0,92.0,87.0,63.0,89.0,77.0,92.0,60.0
74,301.0,32.0,32.0,0.0,0.0,72.0,64.0,0.0,62.0,86.0,77.0,77.0,74.0,73.0,76.0,75.0,52.0,57.0
76,295.0,28.0,0.0,0.0,0.0,71.0,56.0,0.0,60.0,87.0,75.0,77.0,75.0,67.0,76.0,78.0,80.0,51.0
76,295.0,28.0,0.0,0.0,0.0,71.0,56.0,0.0,60.0,87.0,75.0,77.0,75.0,67.0,76.0,78.0,80.0,51.0
73,310.0,24.0,3.0,0.0,0.0,68.0,60.0,0.0,59.0,82.0,64.0,78.0,78.0,45.0,80.0,74.0,55.0,63.0
75,330.0,23.0,6.0,0.0,0.0,66.0,53.0,0.0,57.0,91.0,57.0,78.0,77.0,42.0,84.0,59.0,62.0,65.0
76,287.0,23.0,9.0,0.0,0.0,62.0,66.0,0.0,65.0,79.0,59.0,75.0,76.0,49.0,78.0,69.0,65.0,69.0
76,290.0,23.0,0.0,0.0,0.0,62.0,59.0,0.0,56.0,86.0,65.0,80.0,74.0,45.0,80.0,66.0,71.0,71.0
75,282.0,29.0,52.0,0.0,1.0,90.0,76.0,0.0,74.0,85.0,87.0,78.0,90.0,74.0,85.0,86.0,77.0,67.0
75,282.0,29.0,0.0,0.0,0.0,90.0,76.0,0.0,74.0,85.0,87.0,78.0,90.0,74.0,85.0,86.0,77.0,67.0
73,307.0,25.0,26.0,0.0,0.0,88.0,66.0,0.0,63.0,94.0,72.0,83.0,90.0,73.0,86.0,82.0,64.0,75.0
75,260.0,31.0,59.0,0.0,0.0,80.0,78.0,0.0,75.0,76.0,75.0,73.0,65.0,85.0,59.0,90.0,65.0,52.0
74,318.0,27.0,0.0,0.0,0.0,76.0,62.0,0.0,66.0,86.0,69.0,78.0,79.0,60.0,82.0,77.0,65.0,58.0
74,270.0,29.0,17.0,0.0,0.0,76.0,72.0,0.0,72.0,85.0,74.0,77.0,84.0,62.0,73.0,76.0,68.0,65.0
78,260.0,29.0,24.0,0.0,0.0,76.0,77.0,0.0,76.0,74.0,72.0,67.0,65.0,84.0,58.0,84.0,60.0,60.0
75,272.0,27.0,0.0,0.0,0.0,74.0,76.0,0.0,72.0,78.0,72.0,69.0,70.0,82.0,64.0,79.0,66.0,48.0
75,301.0,24.0,1.0,0.0,0.0,65.0,69.0,0.0,66.0,87.0,54.0,70.0,66.0,62.0,64.0,78.0,51.0,70.0
76,265.0,27.0,0.0,0.0,0.0,62.0,71.0,0.0,76.0,75.0,54.0,62.0,54.0,69.0,58.0,83.0,60.0,60.0
76,307.0,23.0,34.0,0.0,0.0,61.0,52.0,0.0,48.0,94.0,32.0,76.0,78.0,65.0,85.0,54.0,41.0,52.0
77,274.0,27.0,65.0,1.0,2.0,92.0,84.0,0.0,75.0,84.0,75.0,74.0,85.0,94.0,74.0,85.0,64.0,70.0
77,265.0,27.0,37.0,0.0,0.0,83.0,73.0,0.0,72.0,78.0,68.0,79.0,76.0,86.0,75.0,88.0,72.0,74.0
75,261.0,29.0,63.0,1.0,2.0,83.0,84.0,0.0,78.0,72.0,78.0,68.0,65.0,88.0,64.0,87.0,60.0,55.0
76,306.0,26.0,46.0,0.0,0.0,81.0,64.0,0.0,68.0,89.0,72.0,86.0,82.0,61.0,81.0,72.0,74.0,45.0
79,304.0,27.0,9.0,0.0,0.0,77.0,66.0,0.0,66.0,81.0,73.0,78.0,77.0,67.0,78.0,83.0,74.0,65.0
79,304.0,27.0,46.0,0.0,0.0,77.0,66.0,0.0,66.0,81.0,73.0,78.0,77.0,67.0,78.0,83.0,74.0,65.0
75,304.0,27.0,4.0,0.0,0.0,76.0,60.0,0.0,62.0,85.0,70.0,83.0,81.0,70.0,74.0,72.0,55.0,54.0
77,270.0,21.0,74.0,1.0,3.0,76.0,84.0,0.0,86.0,65.0,39.0,67.0,75.0,90.0,66.0,80.0,50.0,82.0
75,308.0,31.0,35.0,0.0,0.0,75.0,59.0,0.0,63.0,87.0,74.0,80.0,66.0,79.0,77.0,76.0,66.0,54.0
76,328.0,21.0,70.0,0.0,2.0,69.0,64.0,0.0,65.0,94.0,52.0,72.0,77.0,45.0,88.0,71.0,39.0,56.0
76,255.0,29.0,6.0,0.0,0.0,60.0,67.0,0.0,74.0,70.0,51.0,72.0,53.0,74.0,53.0,78.0,54.0,65.0
76,360.0,31.0,68.0,2.0,4.0,94.0,61.0,0.0,62.0,97.0,85.0,88.0,94.0,69.0,94.0,77.0,80.0,66.0
76,360.0,31.0,4.0,0.0,0.0,94.0,61.0,0.0,62.0,97.0,85.0,88.0,94.0,69.0,94.0,77.0,80.0,66.0
77,285.0,33.0,70.0,0.0,2.0,86.0,66.0,0.0,65.0,91.0,89.0,90.0,93.0,69.0,91.0,78.0,75.0,62.0
75,264.0,24.0,6.0,0.0,0.0,75.0,85.0,0.0,83.0,87.0,64.0,66.0,65.0,76.0,63.0,70.0,45.0,87.0
75,325.0,31.0,36.0,0.0,0.0,72.0,56.0,0.0,61.0,92.0,73.0,78.0,75.0,42.0,82.0,66.0,65.0,50.0
75,305.0,26.0,0.0,0.0,0.0,64.0,62.0,0.0,61.0,84.0,67.0,75.0,71.0,55.0,78.0,66.0,74.0,55.0
80,310.0,25.0,0.0,0.0,0.0,60.0,59.0,0.0,60.0,88.0,58.0,74.0,75.0,59.0,65.0,70.0,52.0,66.0
77,300.0,26.0,4.0,0.0,0.0,47.0,56.0,0.0,65.0,85.0,47.0,50.0,62.0,51.0,61.0,60.0,60.0,45.0
78,310.0,30.0,91.0,3.0,7.0,92.0,68.0,0.0,70.0,91.0,93.0,87.0,95.0,70.0,93.0,87.0,87.0,74.0
78,300.0,29.0,0.0,0.0,0.0,78.0,63.0,0.0,59.0,88.0,72.0,80.0,83.0,58.0,82.0,75.0,68.0,60.0
77,270.0,23.0,22.0,0.0,0.0,72.0,73.0,0.0,69.0,82.0,64.0,71.0,82.0,57.0,80.0,64.0,80.0,75.0
78,280.0,26.0,12.0,0.0,0.0,71.0,74.0,0.0,69.0,82.0,75.0,78.0,68.0,55.0,74.0,77.0,69.0,66.0
75,305.0,23.0,31.0,0.0,0.0,70.0,72.0,0.0,70.0,77.0,40.0,74.0,84.0,72.0,67.0,84.0,69.0,54.0
75,264.0,26.0,17.0,0.0,0.0,68.0,83.0,0.0,82.0,70.0,52.0,64.0,54.0,76.0,62.0,80.0,45.0,80.0
77,310.0,31.0,11.0,0.0,0.0,66.0,59.0,0.0,62.0,87.0,59.0,80.0,66.0,70.0,63.0,68.0,55.0,56.0
77,290.0,24.0,0.0,0.0,0.0,66.0,64.0,0.0,64.0,79.0,49.0,74.0,76.0,63.0,72.0,75.0,67.0,62.0
75,270.0,27.0,68.0,0.0,2.0,95.0,84.0,0.0,78.0,79.0,85.0,75.0,70.0,98.0,78.0,93.0,78.0,65.0
74,306.0,26.0,40.0,0.0,0.0,88.0,62.0,0.0,67.0,96.0,74.0,86.0,88.0,72.0,87.0,83.0,64.0,67.0
72,292.0,26.0,48.0,0.0,0.0,83.0,58.0,0.0,68.0,89.0,85.0,89.0,67.0,79.0,78.0,87.0,84.0,56.0
74,250.0,32.0,0.0,0.0,0.0,80.0,74.0,0.0,76.0,80.0,79.0,74.0,62.0,84.0,65.0,85.0,68.0,60.0
73,268.0,22.0,59.0,0.0,1.0,78.0,80.0,0.0,75.0,77.0,56.0,75.0,91.0,67.0,77.0,83.0,58.0,88.0
73,270.0,25.0,30.0,0.0,0.0,77.0,78.0,0.0,73.0,74.0,69.0,67.0,68.0,82.0,66.0,85.0,65.0,55.0
76,267.0,24.0,5.0,0.0,0.0,73.0,69.0,0.0,77.0,80.0,68.0,79.0,70.0,70.0,81.0,79.0,54.0,75.0
76,252.0,23.0,1.0,0.0,0.0,68.0,85.0,0.0,82.0,67.0,28.0,60.0,60.0,88.0,65.0,92.0,35.0,76.0
73,304.0,25.0,7.0,0.0,0.0,66.0,71.0,0.0,65.0,86.0,44.0,79.0,63.0,73.0,67.0,85.0,50.0,78.0
75,322.0,25.0,0.0,0.0,0.0,66.0,60.0,0.0,58.0,86.0,55.0,75.0,75.0,66.0,65.0,73.0,55.0,72.0
73,304.0,23.0,0.0,0.0,0.0,55.0,69.0,0.0,58.0,91.0,44.0,61.0,75.0,30.0,73.0,39.0,42.0,50.0
73,325.0,33.0,73.0,0.0,5.0,91.0,47.0,0.0,56.0,98.0,95.0,93.0,93.0,52.0,98.0,72.0,84.0,64.0
77,298.0,34.0,1.0,0.0,0.0,87.0,66.0,0.0,65.0,90.0,95.0,88.0,87.0,65.0,89.0,85.0,92.0,62.0
77,298.0,34.0,71.0,0.0,1.0,87.0,66.0,0.0,65.0,90.0,95.0,88.0,87.0,65.0,89.0,85.0,92.0,62.0
77,285.0,31.0,58.0,0.0,1.0,82.0,73.0,0.0,73.0,87.0,91.0,85.0,80.0,56.0,87.0,78.0,88.0,56.0
74,305.0,34.0,0.0,0.0,0.0,74.0,50.0,0.0,58.0,88.0,82.0,82.0,78.0,47.0,84.0,66.0,65.0,56.0
75,300.0,23.0,0.0,0.0,0.0,72.0,64.0,0.0,67.0,83.0,60.0,75.0,70.0,80.0,75.0,74.0,75.0,62.0
76,292.0,27.0,0.0,0.0,0.0,63.0,56.0,0.0,60.0,86.0,66.0,65.0,72.0,50.0,70.0,60.0,55.0,65.0
75,305.0,30.0,16.0,0.0,0.0,58.0,52.0,0.0,55.0,88.0,66.0,77.0,66.0,56.0,81.0,66.0,65.0,50.0
75,290.0,27.0,33.0,0.0,0.0,88.0,65.0,0.0,64.0,97.0,90.0,92.0,90.0,65.0,96.0,76.0,92.0,70.0
74,295.0,30.0,0.0,0.0,0.0,75.0,73.0,0.0,72.0,75.0,72.0,72.0,75.0,79.0,63.0,72.0,65.0,55.0
75,315.0,28.0,22.0,0.0,0.0,71.0,59.0,0.0,62.0,83.0,75.0,72.0,75.0,65.0,67.0,79.0,58.0,56.0
76,303.0,24.0,0.0,0.0,0.0,69.0,56.0,0.0,60.0,88.0,70.0,75.0,79.0,45.0,75.0,65.0,66.0,65.0
75,311.0,28.0,17.0,0.0,0.0,69.0,60.0,0.0,68.0,85.0,60.0,80.0,76.0,74.0,72.0,77.0,43.0,60.0
75,303.0,29.0,6.0,0.0,0.0,67.0,59.0,0.0,64.0,87.0,75.0,81.0,80.0,49.0,78.0,68.0,76.0,60.0
75,305.0,34.0,23.0,0.0,0.0,66.0,56.0,0.0,55.0,91.0,74.0,78.0,77.0,60.0,77.0,65.0,74.0,50.0
76,335.0,23.0,16.0,0.0,0.0,63.0,54.0,0.0,57.0,96.0,50.0,81.0,78.0,32.0,64.0,70.0,52.0,60.0
73,317.0,30.0,42.0,0.0,0.0,90.0,54.0,0.0,54.0,97.0,88.0,94.0,88.0,53.0,96.0,82.0,89.0,65.0
76,285.0,30.0,101.0,1.0,5.0,89.0,73.0,0.0,69.0,87.0,92.0,90.0,86.0,64.0,88.0,85.0,88.0,75.0
76,285.0,30.0,0.0,0.0,0.0,89.0,73.0,0.0,69.0,87.0,92.0,90.0,86.0,64.0,88.0,85.0,88.0,75.0
74,330.0,28.0,38.0,0.0,0.0,71.0,52.0,0.0,58.0,95.0,86.0,94.0,74.0,50.0,94.0,71.0,84.0,51.0
75,290.0,25.0,3.0,0.0,0.0,71.0,66.0,0.0,71.0,83.0,67.0,71.0,84.0,80.0,67.0,60.0,45.0,55.0
75,290.0,25.0,0.0,0.0,0.0,71.0,66.0,0.0,71.0,83.0,67.0,71.0,84.0,80.0,67.0,60.0,45.0,55.0
75,290.0,25.0,35.0,0.0,0.0,71.0,66.0,0.0,71.0,83.0,67.0,71.0,84.0,80.0,67.0,60.0,45.0,55.0
77,315.0,23.0,7.0,0.0,0.0,68.0,52.0,0.0,60.0,92.0,67.0,82.0,79.0,65.0,72.0,78.0,55.0,70.0
75,295.0,23.0,23.0,0.0,0.0,66.0,67.0,0.0,67.0,77.0,56.0,75.0,70.0,49.0,84.0,84.0,82.0,83.0
77,318.0,25.0,0.0,0.0,0.0,60.0,56.0,0.0,58.0,88.0,46.0,70.0,72.0,46.0,76.0,77.0,46.0,66.0
73,311.0,25.0,63.0,0.0,0.0,86.0,64.0,0.0,65.0,91.0,73.0,80.0,87.0,74.0,83.0,87.0,71.0,60.0
76,270.0,25.0,0.0,0.0,0.0,79.0,77.0,0.0,71.0,80.0,68.0,74.0,84.0,70.0,74.0,86.0,60.0,77.0
76,270.0,25.0,15.0,0.0,0.0,79.0,77.0,0.0,71.0,80.0,68.0,74.0,84.0,70.0,74.0,86.0,60.0,77.0
74,328.0,30.0,0.0,0.0,0.0,76.0,59.0,0.0,58.0,88.0,74.0,83.0,77.0,64.0,78.0,78.0,67.0,54.0
75,254.0,28.0,0.0,0.0,0.0,72.0,77.0,0.0,79.0,66.0,73.0,69.0,50.0,78.0,60.0,86.0,62.0,60.0
75,254.0,28.0,20.0,0.0,0.0,72.0,77.0,0.0,79.0,66.0,73.0,69.0,50.0,78.0,60.0,86.0,62.0,60.0
76,323.0,26.0,31.0,0.0,0.0,66.0,67.0,0.0,58.0,94.0,49.0,72.0,72.0,50.0,68.0,75.0,52.0,75.0
77,321.0,27.0,21.0,0.0,0.0,65.0,62.0,0.0,64.0,87.0,66.0,74.0,64.0,66.0,64.0,70.0,54.0,60.0
73,248.0,23.0,3.0,0.0,0.0,65.0,78.0,0.0,74.0,65.0,60.0,65.0,45.0,82.0,49.0,82.0,45.0,60.0
74,296.0,30.0,9.0,0.0,0.0,60.0,57.0,0.0,60.0,80.0,64.0,69.0,64.0,46.0,71.0,72.0,70.0,50.0
74,289.0,22.0,0.0,0.0,0.0,57.0,63.0,0.0,61.0,85.0,59.0,76.0,79.0,35.0,68.0,65.0,72.0,65.0
76,325.0,33.0,51.0,0.0,0.0,80.0,54.0,0.0,52.0,92.0,85.0,85.0,84.0,45.0,86.0,64.0,76.0,56.0
75,324.0,26.0,0.0,0.0,0.0,77.0,62.0,0.0,61.0,86.0,75.0,73.0,80.0,63.0,75.0,85.0,72.0,60.0
74,281.0,33.0,0.0,0.0,0.0,76.0,74.0,0.0,70.0,77.0,75.0,68.0,64.0,85.0,66.0,78.0,68.0,59.0
74,281.0,33.0,0.0,0.0,0.0,76.0,74.0,0.0,70.0,77.0,75.0,68.0,64.0,85.0,66.0,78.0,68.0,59.0
74,281.0,33.0,0.0,0.0,0.0,76.0,74.0,0.0,70.0,77.0,75.0,68.0,64.0,85.0,66.0,78.0,68.0,59.0
75,276.0,25.0,48.0,0.0,0.0,75.0,75.0,0.0,77.0,84.0,56.0,79.0,80.0,75.0,70.0,82.0,50.0,70.0
76,284.0,27.0,13.0,0.0,0.0,69.0,73.0,0.0,73.0,79.0,60.0,82.0,58.0,72.0,73.0,75.0,62.0,54.0
75,300.0,28.0,0.0,0.0,0.0,68.0,65.0,0.0,55.0,84.0,52.0,72.0,78.0,65.0,72.0,75.0,65.0,60.0
75,300.0,28.0,0.0,0.0,0.0,68.0,65.0,0.0,55.0,84.0,52.0,72.0,78.0,65.0,72.0,75.0,65.0,60.0
76,250.0,23.0,17.0,0.0,0.0,66.0,75.0,0.0,80.0,64.0,39.0,64.0,67.0,77.0,56.0,82.0,75.0,50.0
76,270.0,28.0,0.0,0.0,0.0,65.0,74.0,0.0,69.0,75.0,54.0,68.0,74.0,63.0,75.0,72.0,52.0,66.0
75,315.0,24.0,5.0,0.0,0.0,64.0,53.0,0.0,51.0,88.0,55.0,78.0,73.0,42.0,84.0,79.0,50.0,67.0
76,271.0,23.0,0.0,0.0,0.0,64.0,74.0,0.0,78.0,77.0,38.0,72.0,70.0,65.0,76.0,75.0,45.0,70.0
76,295.0,22.0,69.0,1.0,6.0,84.0,72.0,0.0,75.0,89.0,52.0,83.0,94.0,68.0,79.0,82.0,69.0,85.0
73,303.0,21.0,4.0,0.0,0.0,75.0,63.0,0.0,72.0,84.0,50.0,77.0,84.0,88.0,74.0,80.0,47.0,61.0
73,303.0,21.0,0.0,0.0,0.0,75.0,63.0,0.0,72.0,84.0,50.0,77.0,84.0,88.0,74.0,80.0,47.0,61.0
75,270.0,31.0,0.0,0.0,0.0,73.0,77.0,0.0,78.0,72.0,60.0,71.0,63.0,83.0,60.0,80.0,55.0,64.0
76,315.0,30.0,22.0,0.0,0.0,72.0,58.0,0.0,62.0,89.0,70.0,77.0,71.0,64.0,78.0,65.0,60.0,58.0
74,310.0,23.0,33.0,0.0,0.0,71.0,60.0,0.0,54.0,90.0,65.0,77.0,79.0,43.0,86.0,62.0,65.0,58.0
76,260.0,25.0,11.0,0.0,0.0,68.0,79.0,0.0,78.0,82.0,53.0,68.0,79.0,62.0,66.0,75.0,45.0,65.0
77,272.0,23.0,8.0,0.0,0.0,67.0,69.0,0.0,70.0,79.0,58.0,77.0,77.0,52.0,85.0,75.0,61.0,72.0
76,305.0,25.0,1.0,0.0,0.0,57.0,67.0,0.0,65.0,85.0,48.0,62.0,75.0,45.0,57.0,66.0,35.0,75.0
78,350.0,29.0,55.0,2.0,2.0,86.0,65.0,0.0,62.0,98.0,88.0,93.0,97.0,55.0,99.0,80.0,75.0,70.0
77,345.0,31.0,0.0,0.0,0.0,76.0,37.0,0.0,48.0,97.0,84.0,85.0,82.0,54.0,93.0,58.0,68.0,60.0
78,296.0,26.0,22.0,0.0,0.0,74.0,73.0,0.0,69.0,86.0,68.0,80.0,80.0,60.0,77.0,78.0,60.0,74.0
76,300.0,27.0,27.0,0.0,0.0,73.0,61.0,0.0,63.0,84.0,73.0,84.0,72.0,46.0,82.0,79.0,70.0,55.0
77,305.0,37.0,68.0,0.0,0.0,73.0,63.0,0.0,64.0,93.0,88.0,82.0,70.0,56.0,79.0,67.0,85.0,57.0
75,277.0,22.0,0.0,0.0,0.0,69.0,75.0,0.0,69.0,74.0,64.0,72.0,76.0,65.0,74.0,71.0,44.0,70.0
74,320.0,31.0,11.0,0.0,0.0,66.0,59.0,0.0,58.0,82.0,66.0,72.0,71.0,56.0,79.0,67.0,62.0,59.0
0,0.0,0.0,69.0,0.0,3.0,89.0,73.0,88.0,70.0,89.0,79.0,0.0,0.0,0.0,0.0,0.0,0.0,0.0
0,0.0,0.0,112.0,1.0,6.0,80.0,75.0,84.0,73.0,82.0,76.0,0.0,0.0,0.0,0.0,0.0,0.0,0.0
0,0.0,0.0,0.0,0.0,0.0,74.0,50.0,69.0,60.0,82.0,74.0,0.0,0.0,0.0,0.0,0.0,0.0,0.0
0,0.0,0.0,30.0,0.0,0.0,74.0,60.0,70.0,58.0,95.0,66.0,0.0,0.0,0.0,0.0,0.0,0.0,0.0
0,0.0,0.0,29.0,0.0,0.0,74.0,60.0,70.0,58.0,95.0,66.0,0.0,0.0,0.0,0.0,0.0,0.0,0.0
0,0.0,0.0,42.0,0.0,0.0,71.0,60.0,69.0,58.0,93.0,72.0,0.0,0.0,0.0,0.0,0.0,0.0,0.0
0,0.0,0.0,11.0,0.0,0.0,69.0,49.0,65.0,49.0,93.0,63.0,0.0,0.0,0.0,0.0,0.0,0.0,0.0
0,0.0,0.0,2.0,0.0,0.0,66.0,67.0,75.0,70.0,84.0,66.0,0.0,0.0,0.0,0.0,0.0,0.0,0.0
0,0.0,0.0,0.0,0.0,0.0,60.0,68.0,75.0,66.0,79.0,59.0,0.0,0.0,0.0,0.0,0.0,0.0,0.0
0,0.0,0.0,30.0,0.0,0.0,58.0,67.0,85.0,64.0,80.0,40.0,0.0,0.0,0.0,0.0,0.0,0.0,0.0
0,0.0,0.0,4.0,0.0,0.0,58.0,67.0,85.0,64.0,80.0,40.0,0.0,0.0,0.0,0.0,0.0,0.0,0.0
0,0.0,0.0,0.0,0.0,0.0,57.0,60.0,72.0,59.0,79.0,50.0,0.0,0.0,0.0,0.0,0.0,0.0,0.0
0,0.0,0.0,91.0,2.0,5.0,93.0,81.0,88.0,74.0,85.0,94.0,0.0,0.0,0.0,0.0,0.0,0.0,0.0
0,0.0,0.0,52.0,0.0,0.0,87.0,66.0,86.0,67.0,87.0,83.0,0.0,0.0,0.0,0.0,0.0,0.0,0.0
0,0.0,0.0,49.0,0.0,0.0,77.0,68.0,88.0,69.0,80.0,66.0,0.0,0.0,0.0,0.0,0.0,0.0,0.0
0,0.0,0.0,24.0,0.0,0.0,77.0,73.0,84.0,75.0,82.0,73.0,0.0,0.0,0.0,0.0,0.0,0.0,0.0
0,0.0,0.0,20.0,0.0,0.0,75.0,71.0,76.0,75.0,83.0,74.0,0.0,0.0,0.0,0.0,0.0,0.0,0.0
0,0.0,0.0,13.0,0.0,0.0,74.0,68.0,84.0,64.0,83.0,55.0,0.0,0.0,0.0,0.0,0.0,0.0,0.0
0,0.0,0.0,0.0,0.0,0.0,70.0,58.0,68.0,60.0,86.0,71.0,0.0,0.0,0.0,0.0,0.0,0.0,0.0
0,0.0,0.0,4.0,0.0,0.0,69.0,60.0,82.0,59.0,90.0,64.0,0.0,0.0,0.0,0.0,0.0,0.0,0.0
0,0.0,0.0,20.0,0.0,0.0,69.0,72.0,82.0,70.0,69.0,67.0,0.0,0.0,0.0,0.0,0.0,0.0,0.0
0,0.0,0.0,21.0,0.0,0.0,67.0,59.0,88.0,57.0,80.0,66.0,0.0,0.0,0.0,0.0,0.0,0.0,0.0
0,0.0,0.0,3.0,0.0,0.0,63.0,75.0,76.0,69.0,76.0,45.0,0.0,0.0,0.0,0.0,0.0,0.0,0.0
0,0.0,0.0,5.0,0.0,0.0,59.0,84.0,88.0,78.0,66.0,43.0,0.0,0.0,0.0,0.0,0.0,0.0,0.0
0,0.0,0.0,100.0,2.0,5.0,97.0,68.0,81.0,70.0,99.0,92.0,0.0,0.0,0.0,0.0,0.0,0.0,0.0
0,0.0,0.0,61.0,0.0,0.0,83.0,46.0,67.0,54.0,90.0,96.0,0.0,0.0,0.0,0.0,0.0,0.0,0.0
0,0.0,0.0,54.0,0.0,0.0,82.0,69.0,85.0,69.0,87.0,78.0,0.0,0.0,0.0,0.0,0.0,0.0,0.0
0,0.0,0.0,29.0,0.0,0.0,78.0,74.0,79.0,72.0,79.0,65.0,0.0,0.0,0.0,0.0,0.0,0.0,0.0
0,0.0,0.0,14.0,0.0,0.0,71.0,42.0,70.0,52.0,97.0,56.0,0.0,0.0,0.0,0.0,0.0,0.0,0.0
0,0.0,0.0,0.0,0.0,0.0,71.0,57.0,74.0,54.0,89.0,70.0,0.0,0.0,0.0,0.0,0.0,0.0,0.0
0,0.0,0.0,29.0,0.0,0.0,63.0,72.0,76.0,69.0,91.0,44.0,0.0,0.0,0.0,0.0,0.0,0.0,0.0
0,0.0,0.0,18.0,0.0,0.0,55.0,55.0,67.0,66.0,88.0,45.0,0.0,0.0,0.0,0.0,0.0,0.0,0.0
0,0.0,0.0,0.0,0.0,0.0,53.0,52.0,70.0,48.0,92.0,46.0,0.0,0.0,0.0,0.0,0.0,0.0,0.0
0,0.0,0.0,0.0,0.0,0.0,52.0,49.0,54.0,50.0,92.0,58.0,0.0,0.0,0.0,0.0,0.0,0.0,0.0
0,0.0,0.0,0.0,0.0,0.0,50.0,73.0,74.0,67.0,65.0,62.0,0.0,0.0,0.0,0.0,0.0,0.0,0.0
0,0.0,0.0,0.0,0.0,0.0,93.0,62.0,85.0,66.0,88.0,92.0,0.0,0.0,0.0,0.0,0.0,0.0,0.0
0,0.0,0.0,27.0,0.0,0.0,93.0,62.0,85.0,66.0,88.0,92.0,0.0,0.0,0.0,0.0,0.0,0.0,0.0
0,0.0,0.0,0.0,0.0,0.0,93.0,62.0,85.0,66.0,88.0,92.0,0.0,0.0,0.0,0.0,0.0,0.0,0.0
0,0.0,0.0,8.0,0.0,0.0,93.0,62.0,85.0,66.0,88.0,92.0,0.0,0.0,0.0,0.0,0.0,0.0,0.0
0,0.0,0.0,102.0,5.0,6.0,93.0,62.0,85.0,66.0,88.0,92.0,0.0,0.0,0.0,0.0,0.0,0.0,0.0
0,0.0,0.0,32.0,0.0,0.0,83.0,64.0,78.0,65.0,91.0,85.0,0.0,0.0,0.0,0.0,0.0,0.0,0.0
0,0.0,0.0,56.0,1.0,2.0,82.0,73.0,78.0,72.0,92.0,61.0,0.0,0.0,0.0,0.0,0.0,0.0,0.0
0,0.0,0.0,0.0,0.0,0.0,69.0,60.0,70.0,62.0,88.0,73.0,0.0,0.0,0.0,0.0,0.0,0.0,0.0
0,0.0,0.0,7.0,0.0,0.0,68.0,72.0,79.0,73.0,87.0,50.0,0.0,0.0,0.0,0.0,0.0,0.0,0.0
0,0.0,0.0,2.0,0.0,0.0,66.0,49.0,68.0,53.0,93.0,54.0,0.0,0.0,0.0,0.0,0.0,0.0,0.0
0,0.0,0.0,4.0,0.0,0.0,64.0,61.0,77.0,62.0,84.0,62.0,0.0,0.0,0.0,0.0,0.0,0.0,0.0
0,0.0,0.0,0.0,0.0,0.0,60.0,47.0,61.0,48.0,91.0,44.0,0.0,0.0,0.0,0.0,0.0,0.0,0.0
0,0.0,0.0,13.0,0.0,0.0,88.0,78.0,90.0,76.0,81.0,80.0,0.0,0.0,0.0,0.0,0.0,0.0,0.0
0,0.0,0.0,6.0,0.0,0.0,88.0,78.0,90.0,76.0,81.0,80.0,0.0,0.0,0.0,0.0,0.0,0.0,0.0
0,0.0,0.0,39.0,0.0,0.0,88.0,78.0,90.0,76.0,81.0,80.0,0.0,0.0,0.0,0.0,0.0,0.0,0.0
0,0.0,0.0,47.0,0.0,0.0,88.0,78.0,90.0,76.0,81.0,80.0,0.0,0.0,0.0,0.0,0.0,0.0,0.0
0,0.0,0.0,7.0,0.0,0.0,88.0,78.0,90.0,76.0,81.0,80.0,0.0,0.0,0.0,0.0,0.0,0.0,0.0
0,0.0,0.0,0.0,0.0,0.0,76.0,62.0,74.0,62.0,86.0,76.0,0.0,0.0,0.0,0.0,0.0,0.0,0.0
0,0.0,0.0,0.0,0.0,0.0,76.0,62.0,74.0,62.0,86.0,76.0,0.0,0.0,0.0,0.0,0.0,0.0,0.0
0,0.0,0.0,40.0,0.0,0.0,75.0,70.0,80.0,69.0,83.0,77.0,0.0,0.0,0.0,0.0,0.0,0.0,0.0
0,0.0,0.0,33.0,0.0,1.0,74.0,75.0,87.0,78.0,77.0,60.0,0.0,0.0,0.0,0.0,0.0,0.0,0.0
0,0.0,0.0,15.0,0.0,0.0,71.0,63.0,79.0,59.0,82.0,70.0,0.0,0.0,0.0,0.0,0.0,0.0,0.0
0,0.0,0.0,6.0,0.0,0.0,70.0,83.0,91.0,77.0,71.0,57.0,0.0,0.0,0.0,0.0,0.0,0.0,0.0
0,0.0,0.0,17.0,0.0,0.0,69.0,68.0,81.0,55.0,96.0,47.0,0.0,0.0,0.0,0.0,0.0,0.0,0.0
0,0.0,0.0,2.0,0.0,0.0,68.0,83.0,76.0,73.0,73.0,40.0,0.0,0.0,0.0,0.0,0.0,0.0,0.0
0,0.0,0.0,25.0,0.0,0.0,67.0,56.0,70.0,54.0,90.0,69.0,0.0,0.0,0.0,0.0,0.0,0.0,0.0
0,0.0,0.0,0.0,0.0,0.0,66.0,65.0,83.0,62.0,82.0,56.0,0.0,0.0,0.0,0.0,0.0,0.0,0.0
0,0.0,0.0,5.0,0.0,0.0,65.0,56.0,67.0,51.0,92.0,56.0,0.0,0.0,0.0,0.0,0.0,0.0,0.0
0,0.0,0.0,1.0,0.0,0.0,61.0,64.0,87.0,68.0,77.0,44.0,0.0,0.0,0.0,0.0,0.0,0.0,0.0
0,0.0,0.0,1.0,0.0,0.0,55.0,82.0,87.0,76.0,64.0,35.0,0.0,0.0,0.0,0.0,0.0,0.0,0.0
0,0.0,0.0,130.0,3.0,9.0,95.0,85.0,96.0,88.0,85.0,86.0,0.0,0.0,0.0,0.0,0.0,0.0,0.0
0,0.0,0.0,0.0,0.0,0.0,82.0,72.0,85.0,70.0,85.0,79.0,0.0,0.0,0.0,0.0,0.0,0.0,0.0
0,0.0,0.0,33.0,0.0,0.0,81.0,60.0,74.0,62.0,88.0,87.0,0.0,0.0,0.0,0.0,0.0,0.0,0.0
0,0.0,0.0,12.0,0.0,0.0,77.0,62.0,74.0,61.0,93.0,74.0,0.0,0.0,0.0,0.0,0.0,0.0,0.0
0,0.0,0.0,14.0,0.0,0.0,76.0,74.0,82.0,73.0,84.0,63.0,0.0,0.0,0.0,0.0,0.0,0.0,0.0
0,0.0,0.0,11.0,0.0,0.0,70.0,61.0,78.0,60.0,90.0,65.0,0.0,0.0,0.0,0.0,0.0,0.0,0.0
0,0.0,0.0,19.0,0.0,0.0,68.0,62.0,81.0,52.0,98.0,44.0,0.0,0.0,0.0,0.0,0.0,0.0,0.0
0,0.0,0.0,25.0,0.0,1.0,67.0,75.0,84.0,77.0,82.0,48.0,0.0,0.0,0.0,0.0,0.0,0.0,0.0
0,0.0,0.0,6.0,0.0,0.0,65.0,64.0,86.0,68.0,90.0,43.0,0.0,0.0,0.0,0.0,0.0,0.0,0.0
0,0.0,0.0,3.0,0.0,0.0,57.0,78.0,86.0,74.0,65.0,60.0,0.0,0.0,0.0,0.0,0.0,0.0,0.0
0,0.0,0.0,67.0,0.0,2.0,85.0,84.0,88.0,82.0,82.0,68.0,0.0,0.0,0.0,0.0,0.0,0.0,0.0
0,0.0,0.0,68.0,0.0,0.0,84.0,62.0,79.0,63.0,90.0,80.0,0.0,0.0,0.0,0.0,0.0,0.0,0.0
0,0.0,0.0,24.0,0.0,0.0,84.0,74.0,86.0,76.0,87.0,78.0,0.0,0.0,0.0,0.0,0.0,0.0,0.0
0,0.0,0.0,27.0,0.0,0.0,77.0,66.0,84.0,66.0,91.0,72.0,0.0,0.0,0.0,0.0,0.0,0.0,0.0
0,0.0,0.0,22.0,0.0,0.0,77.0,70.0,82.0,68.0,82.0,75.0,0.0,0.0,0.0,0.0,0.0,0.0,0.0
0,0.0,0.0,0.0,0.0,0.0,76.0,78.0,86.0,74.0,75.0,78.0,0.0,0.0,0.0,0.0,0.0,0.0,0.0
0,0.0,0.0,46.0,0.0,0.0,76.0,78.0,86.0,74.0,75.0,78.0,0.0,0.0,0.0,0.0,0.0,0.0,0.0
0,0.0,0.0,12.0,0.0,0.0,75.0,73.0,85.0,71.0,78.0,74.0,0.0,0.0,0.0,0.0,0.0,0.0,0.0
0,0.0,0.0,89.0,2.0,8.0,72.0,73.0,94.0,69.0,85.0,57.0,0.0,0.0,0.0,0.0,0.0,0.0,0.0
0,0.0,0.0,39.0,0.0,0.0,67.0,67.0,78.0,78.0,79.0,71.0,0.0,0.0,0.0,0.0,0.0,0.0,0.0
0,0.0,0.0,13.0,0.0,0.0,67.0,73.0,79.0,73.0,79.0,60.0,0.0,0.0,0.0,0.0,0.0,0.0,0.0
0,0.0,0.0,26.0,0.0,0.0,60.0,67.0,79.0,65.0,84.0,45.0,0.0,0.0,0.0,0.0,0.0,0.0,0.0
0,0.0,0.0,0.0,0.0,0.0,54.0,71.0,74.0,68.0,76.0,50.0,0.0,0.0,0.0,0.0,0.0,0.0,0.0
0,0.0,0.0,47.0,0.0,0.0,81.0,58.0,75.0,56.0,95.0,79.0,0.0,0.0,0.0,0.0,0.0,0.0,0.0
0,0.0,0.0,39.0,0.0,0.0,76.0,59.0,75.0,63.0,86.0,81.0,0.0,0.0,0.0,0.0,0.0,0.0,0.0
0,0.0,0.0,0.0,0.0,0.0,75.0,80.0,87.0,76.0,72.0,65.0,0.0,0.0,0.0,0.0,0.0,0.0,0.0
0,0.0,0.0,19.0,0.0,0.0,74.0,61.0,70.0,66.0,94.0,55.0,0.0,0.0,0.0,0.0,0.0,0.0,0.0
0,0.0,0.0,0.0,0.0,0.0,72.0,62.0,68.0,69.0,84.0,72.0,0.0,0.0,0.0,0.0,0.0,0.0,0.0
0,0.0,0.0,47.0,0.0,0.0,72.0,82.0,87.0,74.0,68.0,50.0,0.0,0.0,0.0,0.0,0.0,0.0,0.0
0,0.0,0.0,0.0,0.0,0.0,71.0,63.0,70.0,61.0,82.0,75.0,0.0,0.0,0.0,0.0,0.0,0.0,0.0
0,0.0,0.0,0.0,0.0,0.0,66.0,66.0,77.0,66.0,84.0,71.0,0.0,0.0,0.0,0.0,0.0,0.0,0.0
0,0.0,0.0,0.0,0.0,0.0,64.0,55.0,57.0,49.0,92.0,60.0,0.0,0.0,0.0,0.0,0.0,0.0,0.0
0,0.0,0.0,0.0,0.0,0.0,63.0,56.0,72.0,60.0,86.0,66.0,0.0,0.0,0.0,0.0,0.0,0.0,0.0
0,0.0,0.0,0.0,0.0,0.0,56.0,56.0,68.0,53.0,90.0,35.0,0.0,0.0,0.0,0.0,0.0,0.0,0.0
0,0.0,0.0,0.0,0.0,0.0,55.0,68.0,82.0,65.0,79.0,40.0,0.0,0.0,0.0,0.0,0.0,0.0,0.0
0,0.0,0.0,55.0,1.0,4.0,92.0,70.0,85.0,70.0,89.0,85.0,0.0,0.0,0.0,0.0,0.0,0.0,0.0
0,0.0,0.0,39.0,0.0,0.0,78.0,60.0,76.0,64.0,91.0,82.0,0.0,0.0,0.0,0.0,0.0,0.0,0.0
0,0.0,0.0,0.0,0.0,0.0,72.0,64.0,74.0,64.0,85.0,72.0,0.0,0.0,0.0,0.0,0.0,0.0,0.0
0,0.0,0.0,34.0,0.0,1.0,65.0,74.0,80.0,72.0,84.0,66.0,0.0,0.0,0.0,0.0,0.0,0.0,0.0
0,0.0,0.0,13.0,0.0,0.0,63.0,64.0,76.0,64.0,87.0,65.0,0.0,0.0,0.0,0.0,0.0,0.0,0.0
0,0.0,0.0,3.0,0.0,0.0,59.0,67.0,74.0,66.0,81.0,40.0,0.0,0.0,0.0,0.0,0.0,0.0,0.0
0,0.0,0.0,0.0,0.0,0.0,54.0,74.0,82.0,71.0,67.0,42.0,0.0,0.0,0.0,0.0,0.0,0.0,0.0
0,0.0,0.0,0.0,0.0,0.0,54.0,72.0,67.0,65.0,73.0,77.0,0.0,0.0,0.0,0.0,0.0,0.0,0.0
0,0.0,0.0,63.0,2.0,5.0,91.0,84.0,95.0,82.0,78.0,74.0,0.0,0.0,0.0,0.0,0.0,0.0,0.0
0,0.0,0.0,13.0,0.0,0.0,77.0,49.0,66.0,56.0,88.0,79.0,0.0,0.0,0.0,0.0,0.0,0.0,0.0
0,0.0,0.0,0.0,0.0,0.0,77.0,77.0,84.0,79.0,69.0,72.0,0.0,0.0,0.0,0.0,0.0,0.0,0.0
0,0.0,0.0,11.0,0.0,0.0,75.0,65.0,76.0,64.0,85.0,73.0,0.0,0.0,0.0,0.0,0.0,0.0,0.0
0,0.0,0.0,14.0,0.0,0.0,74.0,61.0,84.0,65.0,87.0,62.0,0.0,0.0,0.0,0.0,0.0,0.0,0.0
0,0.0,0.0,0.0,0.0,0.0,74.0,61.0,84.0,65.0,87.0,62.0,0.0,0.0,0.0,0.0,0.0,0.0,0.0
0,0.0,0.0,27.0,0.0,0.0,73.0,78.0,85.0,76.0,81.0,60.0,0.0,0.0,0.0,0.0,0.0,0.0,0.0
0,0.0,0.0,1.0,0.0,0.0,73.0,75.0,84.0,76.0,74.0,60.0,0.0,0.0,0.0,0.0,0.0,0.0,0.0
0,0.0,0.0,21.0,0.0,0.0,72.0,63.0,70.0,65.0,88.0,71.0,0.0,0.0,0.0,0.0,0.0,0.0,0.0
0,0.0,0.0,0.0,0.0,0.0,70.0,52.0,69.0,51.0,94.0,74.0,0.0,0.0,0.0,0.0,0.0,0.0,0.0
0,0.0,0.0,0.0,0.0,0.0,64.0,65.0,73.0,64.0,82.0,57.0,0.0,0.0,0.0,0.0,0.0,0.0,0.0
0,0.0,0.0,0.0,0.0,0.0,54.0,64.0,66.0,63.0,85.0,35.0,0.0,0.0,0.0,0.0,0.0,0.0,0.0
0,0.0,0.0,100.0,3.0,5.0,89.0,72.0,88.0,82.0,95.0,75.0,0.0,0.0,0.0,0.0,0.0,0.0,0.0
0,0.0,0.0,0.0,0.0,0.0,86.0,66.0,88.0,65.0,90.0,79.0,0.0,0.0,0.0,0.0,0.0,0.0,0.0
0,0.0,0.0,33.0,0.0,0.0,86.0,66.0,88.0,65.0,90.0,79.0,0.0,0.0,0.0,0.0,0.0,0.0,0.0
0,0.0,0.0,51.0,0.0,1.0,85.0,81.0,88.0,83.0,74.0,84.0,0.0,0.0,0.0,0.0,0.0,0.0,0.0
0,0.0,0.0,0.0,0.0,0.0,80.0,69.0,74.0,67.0,85.0,93.0,0.0,0.0,0.0,0.0,0.0,0.0,0.0
0,0.0,0.0,23.0,0.0,0.0,77.0,74.0,94.0,73.0,86.0,48.0,0.0,0.0,0.0,0.0,0.0,0.0,0.0
0,0.0,0.0,0.0,0.0,0.0,77.0,77.0,83.0,71.0,79.0,70.0,0.0,0.0,0.0,0.0,0.0,0.0,0.0
0,0.0,0.0,15.0,0.0,0.0,77.0,77.0,83.0,71.0,79.0,70.0,0.0,0.0,0.0,0.0,0.0,0.0,0.0
0,0.0,0.0,0.0,0.0,0.0,74.0,62.0,81.0,64.0,90.0,66.0,0.0,0.0,0.0,0.0,0.0,0.0,0.0
0,0.0,0.0,18.0,0.0,0.0,69.0,67.0,78.0,66.0,80.0,80.0,0.0,0.0,0.0,0.0,0.0,0.0,0.0
0,0.0,0.0,13.0,0.0,0.0,66.0,65.0,82.0,66.0,85.0,64.0,0.0,0.0,0.0,0.0,0.0,0.0,0.0
0,0.0,0.0,0.0,0.0,0.0,62.0,73.0,67.0,69.0,77.0,60.0,0.0,0.0,0.0,0.0,0.0,0.0,0.0
0,0.0,0.0,22.0,0.0,0.0,62.0,73.0,67.0,69.0,77.0,60.0,0.0,0.0,0.0,0.0,0.0,0.0,0.0
0,0.0,0.0,0.0,0.0,0.0,60.0,72.0,78.0,70.0,74.0,50.0,0.0,0.0,0.0,0.0,0.0,0.0,0.0
0,0.0,0.0,8.0,0.0,0.0,58.0,69.0,82.0,65.0,87.0,39.0,0.0,0.0,0.0,0.0,0.0,0.0,0.0
0,0.0,0.0,0.0,0.0,0.0,52.0,54.0,72.0,53.0,85.0,35.0,0.0,0.0,0.0,0.0,0.0,0.0,0.0
0,0.0,0.0,0.0,0.0,0.0,89.0,68.0,86.0,67.0,90.0,85.0,0.0,0.0,0.0,0.0,0.0,0.0,0.0
0,0.0,0.0,33.0,0.0,1.0,88.0,64.0,81.0,57.0,95.0,74.0,0.0,0.0,0.0,0.0,0.0,0.0,0.0
0,0.0,0.0,58.0,0.0,0.0,83.0,63.0,78.0,62.0,94.0,86.0,0.0,0.0,0.0,0.0,0.0,0.0,0.0
0,0.0,0.0,11.0,0.0,0.0,70.0,59.0,76.0,58.0,84.0,67.0,0.0,0.0,0.0,0.0,0.0,0.0,0.0
0,0.0,0.0,17.0,0.0,0.0,70.0,69.0,80.0,68.0,89.0,66.0,0.0,0.0,0.0,0.0,0.0,0.0,0.0
0,0.0,0.0,1.0,0.0,0.0,64.0,74.0,69.0,64.0,88.0,62.0,0.0,0.0,0.0,0.0,0.0,0.0,0.0
0,0.0,0.0,13.0,0.0,0.0,64.0,74.0,69.0,64.0,88.0,62.0,0.0,0.0,0.0,0.0,0.0,0.0,0.0
0,0.0,0.0,8.0,0.0,0.0,62.0,69.0,74.0,67.0,79.0,54.0,0.0,0.0,0.0,0.0,0.0,0.0,0.0
0,0.0,0.0,2.0,0.0,0.0,61.0,62.0,77.0,62.0,90.0,56.0,0.0,0.0,0.0,0.0,0.0,0.0,0.0
0,0.0,0.0,63.0,0.0,0.0,59.0,68.0,67.0,62.0,84.0,57.0,0.0,0.0,0.0,0.0,0.0,0.0,0.0
0,0.0,0.0,56.0,0.0,1.0,85.0,73.0,82.0,69.0,83.0,84.0,0.0,0.0,0.0,0.0,0.0,0.0,0.0
0,0.0,0.0,110.0,5.0,5.0,80.0,76.0,82.0,72.0,90.0,63.0,0.0,0.0,0.0,0.0,0.0,0.0,0.0
0,0.0,0.0,28.0,0.0,0.0,75.0,59.0,82.0,65.0,84.0,75.0,0.0,0.0,0.0,0.0,0.0,0.0,0.0
0,0.0,0.0,24.0,0.0,0.0,74.0,66.0,83.0,65.0,86.0,72.0,0.0,0.0,0.0,0.0,0.0,0.0,0.0
0,0.0,0.0,32.0,0.0,0.0,71.0,62.0,76.0,62.0,85.0,73.0,0.0,0.0,0.0,0.0,0.0,0.0,0.0
0,0.0,0.0,29.0,0.0,0.0,68.0,76.0,87.0,74.0,74.0,62.0,0.0,0.0,0.0,0.0,0.0,0.0,0.0
0,0.0,0.0,0.0,0.0,0.0,65.0,69.0,80.0,56.0,86.0,67.0,0.0,0.0,0.0,0.0,0.0,0.0,0.0
0,0.0,0.0,0.0,0.0,0.0,55.0,69.0,71.0,69.0,70.0,55.0,0.0,0.0,0.0,0.0,0.0,0.0,0.0
0,0.0,0.0,67.0,1.0,5.0,93.0,86.0,96.0,85.0,76.0,92.0,0.0,0.0,0.0,0.0,0.0,0.0,0.0
0,0.0,0.0,81.0,3.0,7.0,93.0,87.0,96.0,85.0,80.0,99.0,0.0,0.0,0.0,0.0,0.0,0.0,0.0
0,0.0,0.0,19.0,0.0,0.0,77.0,58.0,79.0,60.0,81.0,75.0,0.0,0.0,0.0,0.0,0.0,0.0,0.0
0,0.0,0.0,0.0,0.0,0.0,75.0,60.0,72.0,61.0,87.0,74.0,0.0,0.0,0.0,0.0,0.0,0.0,0.0
0,0.0,0.0,21.0,0.0,0.0,72.0,67.0,78.0,65.0,82.0,70.0,0.0,0.0,0.0,0.0,0.0,0.0,0.0
0,0.0,0.0,5.0,0.0,0.0,72.0,67.0,78.0,65.0,82.0,70.0,0.0,0.0,0.0,0.0,0.0,0.0,0.0
0,0.0,0.0,0.0,0.0,0.0,71.0,70.0,82.0,71.0,81.0,62.0,0.0,0.0,0.0,0.0,0.0,0.0,0.0
0,0.0,0.0,4.0,0.0,0.0,70.0,66.0,86.0,62.0,77.0,58.0,0.0,0.0,0.0,0.0,0.0,0.0,0.0
0,0.0,0.0,68.0,0.0,0.0,68.0,85.0,93.0,83.0,64.0,48.0,0.0,0.0,0.0,0.0,0.0,0.0,0.0
0,0.0,0.0,14.0,0.0,0.0,67.0,74.0,82.0,71.0,77.0,68.0,0.0,0.0,0.0,0.0,0.0,0.0,0.0
0,0.0,0.0,14.0,0.0,0.0,66.0,70.0,79.0,67.0,82.0,57.0,0.0,0.0,0.0,0.0,0.0,0.0,0.0
0,0.0,0.0,1.0,0.0,0.0,65.0,67.0,83.0,64.0,85.0,64.0,0.0,0.0,0.0,0.0,0.0,0.0,0.0
0,0.0,0.0,0.0,0.0,0.0,55.0,74.0,84.0,69.0,66.0,40.0,0.0,0.0,0.0,0.0,0.0,0.0,0.0
0,0.0,0.0,37.0,0.0,0.0,87.0,63.0,77.0,68.0,94.0,78.0,0.0,0.0,0.0,0.0,0.0,0.0,0.0
0,0.0,0.0,55.0,0.0,2.0,86.0,75.0,82.0,67.0,85.0,85.0,0.0,0.0,0.0,0.0,0.0,0.0,0.0
0,0.0,0.0,45.0,0.0,0.0,84.0,69.0,86.0,70.0,90.0,73.0,0.0,0.0,0.0,0.0,0.0,0.0,0.0
0,0.0,0.0,29.0,0.0,0.0,76.0,68.0,85.0,75.0,82.0,75.0,0.0,0.0,0.0,0.0,0.0,0.0,0.0
0,0.0,0.0,21.0,0.0,0.0,71.0,58.0,72.0,54.0,88.0,70.0,0.0,0.0,0.0,0.0,0.0,0.0,0.0
0,0.0,0.0,81.0,0.0,5.0,71.0,58.0,72.0,54.0,88.0,70.0,0.0,0.0,0.0,0.0,0.0,0.0,0.0
0,0.0,0.0,1.0,0.0,0.0,64.0,69.0,84.0,68.0,77.0,52.0,0.0,0.0,0.0,0.0,0.0,0.0,0.0
0,0.0,0.0,7.0,0.0,0.0,64.0,74.0,88.0,76.0,74.0,47.0,0.0,0.0,0.0,0.0,0.0,0.0,0.0
0,0.0,0.0,0.0,0.0,0.0,60.0,62.0,75.0,58.0,78.0,60.0,0.0,0.0,0.0,0.0,0.0,0.0,0.0
0,0.0,0.0,1.0,0.0,0.0,60.0,84.0,93.0,74.0,66.0,42.0,0.0,0.0,0.0,0.0,0.0,0.0,0.0
0,0.0,0.0,14.0,0.0,0.0,58.0,77.0,89.0,82.0,73.0,45.0,0.0,0.0,0.0,0.0,0.0,0.0,0.0
0,0.0,0.0,0.0,0.0,0.0,56.0,64.0,72.0,56.0,76.0,53.0,0.0,0.0,0.0,0.0,0.0,0.0,0.0
0,0.0,0.0,0.0,0.0,0.0,54.0,77.0,85.0,74.0,67.0,43.0,0.0,0.0,0.0,0.0,0.0,0.0,0.0
0,0.0,0.0,37.0,0.0,0.0,81.0,55.0,76.0,66.0,93.0,85.0,0.0,0.0,0.0,0.0,0.0,0.0,0.0
0,0.0,0.0,37.0,0.0,0.0,81.0,69.0,87.0,67.0,88.0,75.0,0.0,0.0,0.0,0.0,0.0,0.0,0.0
0,0.0,0.0,34.0,0.0,0.0,76.0,69.0,74.0,66.0,87.0,70.0,0.0,0.0,0.0,0.0,0.0,0.0,0.0
0,0.0,0.0,0.0,0.0,0.0,75.0,60.0,72.0,60.0,94.0,79.0,0.0,0.0,0.0,0.0,0.0,0.0,0.0
0,0.0,0.0,0.0,0.0,0.0,68.0,65.0,75.0,63.0,84.0,61.0,0.0,0.0,0.0,0.0,0.0,0.0,0.0
0,0.0,0.0,0.0,0.0,0.0,64.0,75.0,77.0,66.0,69.0,55.0,0.0,0.0,0.0,0.0,0.0,0.0,0.0
0,0.0,0.0,34.0,0.0,0.0,62.0,75.0,85.0,76.0,92.0,44.0,0.0,0.0,0.0,0.0,0.0,0.0,0.0
0,0.0,0.0,5.0,0.0,0.0,60.0,55.0,73.0,56.0,91.0,43.0,0.0,0.0,0.0,0.0,0.0,0.0,0.0
0,0.0,0.0,0.0,0.0,0.0,58.0,69.0,70.0,65.0,80.0,50.0,0.0,0.0,0.0,0.0,0.0,0.0,0.0
0,0.0,0.0,0.0,0.0,0.0,52.0,65.0,75.0,63.0,76.0,45.0,0.0,0.0,0.0,0.0,0.0,0.0,0.0
0,0.0,0.0,43.0,0.0,0.0,88.0,69.0,77.0,67.0,88.0,82.0,0.0,0.0,0.0,0.0,0.0,0.0,0.0
0,0.0,0.0,41.0,0.0,1.0,86.0,57.0,74.0,57.0,96.0,84.0,0.0,0.0,0.0,0.0,0.0,0.0,0.0
0,0.0,0.0,61.0,0.0,2.0,86.0,66.0,77.0,62.0,95.0,87.0,0.0,0.0,0.0,0.0,0.0,0.0,0.0
0,0.0,0.0,29.0,0.0,0.0,78.0,68.0,84.0,64.0,88.0,68.0,0.0,0.0,0.0,0.0,0.0,0.0,0.0
0,0.0,0.0,6.0,0.0,0.0,73.0,72.0,84.0,77.0,82.0,65.0,0.0,0.0,0.0,0.0,0.0,0.0,0.0
0,0.0,0.0,0.0,0.0,0.0,69.0,59.0,68.0,54.0,89.0,68.0,0.0,0.0,0.0,0.0,0.0,0.0,0.0
0,0.0,0.0,13.0,0.0,0.0,64.0,61.0,72.0,57.0,87.0,48.0,0.0,0.0,0.0,0.0,0.0,0.0,0.0
0,0.0,0.0,0.0,0.0,0.0,64.0,61.0,72.0,57.0,87.0,48.0,0.0,0.0,0.0,0.0,0.0,0.0,0.0
0,0.0,0.0,0.0,0.0,0.0,64.0,66.0,71.0,64.0,75.0,83.0,0.0,0.0,0.0,0.0,0.0,0.0,0.0
0,0.0,0.0,5.0,0.0,0.0,59.0,51.0,75.0,60.0,90.0,30.0,0.0,0.0,0.0,0.0,0.0,0.0,0.0
0,0.0,0.0,0.0,0.0,0.0,58.0,68.0,82.0,71.0,80.0,35.0,0.0,0.0,0.0,0.0,0.0,0.0,0.0
0,0.0,0.0,0.0,0.0,0.0,55.0,62.0,80.0,66.0,80.0,62.0,0.0,0.0,0.0,0.0,0.0,0.0,0.0
0,0.0,0.0,0.0,0.0,0.0,53.0,64.0,73.0,61.0,80.0,48.0,0.0,0.0,0.0,0.0,0.0,0.0,0.0
0,0.0,0.0,0.0,0.0,0.0,97.0,70.0,88.0,68.0,92.0,88.0,0.0,0.0,0.0,0.0,0.0,0.0,0.0
0,0.0,0.0,27.0,0.0,0.0,97.0,70.0,88.0,68.0,92.0,88.0,0.0,0.0,0.0,0.0,0.0,0.0,0.0
0,0.0,0.0,0.0,0.0,0.0,97.0,70.0,88.0,68.0,92.0,88.0,0.0,0.0,0.0,0.0,0.0,0.0,0.0
0,0.0,0.0,8.0,0.0,0.0,97.0,70.0,88.0,68.0,92.0,88.0,0.0,0.0,0.0,0.0,0.0,0.0,0.0
0,0.0,0.0,102.0,5.0,6.0,97.0,70.0,88.0,68.0,92.0,88.0,0.0,0.0,0.0,0.0,0.0,0.0,0.0
0,0.0,0.0,101.0,4.0,5.0,94.0,77.0,86.0,74.0,84.0,90.0,0.0,0.0,0.0,0.0,0.0,0.0,0.0
0,0.0,0.0,37.0,0.0,0.0,88.0,76.0,87.0,76.0,83.0,82.0,0.0,0.0,0.0,0.0,0.0,0.0,0.0
0,0.0,0.0,0.0,0.0,0.0,86.0,48.0,67.0,42.0,97.0,96.0,0.0,0.0,0.0,0.0,0.0,0.0,0.0
0,0.0,0.0,16.0,0.0,0.0,74.0,52.0,77.0,54.0,90.0,75.0,0.0,0.0,0.0,0.0,0.0,0.0,0.0
0,0.0,0.0,46.0,0.0,0.0,69.0,73.0,86.0,74.0,79.0,66.0,0.0,0.0,0.0,0.0,0.0,0.0,0.0
0,0.0,0.0,67.0,0.0,4.0,67.0,83.0,79.0,67.0,76.0,49.0,0.0,0.0,0.0,0.0,0.0,0.0,0.0
0,0.0,0.0,28.0,0.0,0.0,66.0,64.0,84.0,63.0,90.0,59.0,0.0,0.0,0.0,0.0,0.0,0.0,0.0
0,0.0,0.0,3.0,0.0,0.0,66.0,74.0,88.0,70.0,81.0,42.0,0.0,0.0,0.0,0.0,0.0,0.0,0.0
0,0.0,0.0,0.0,0.0,0.0,65.0,55.0,76.0,58.0,88.0,65.0,0.0,0.0,0.0,0.0,0.0,0.0,0.0
0,0.0,0.0,9.0,0.0,0.0,65.0,55.0,76.0,58.0,88.0,65.0,0.0,0.0,0.0,0.0,0.0,0.0,0.0
0,0.0,0.0,0.0,0.0,0.0,50.0,72.0,76.0,68.0,82.0,40.0,0.0,0.0,0.0,0.0,0.0,0.0,0.0
0,0.0,0.0,90.0,1.0,5.0,96.0,55.0,84.0,62.0,97.0,92.0,0.0,0.0,0.0,0.0,0.0,0.0,0.0
0,0.0,0.0,45.0,0.0,0.0,84.0,64.0,73.0,64.0,90.0,89.0,0.0,0.0,0.0,0.0,0.0,0.0,0.0
0,0.0,0.0,0.0,0.0,0.0,84.0,60.0,78.0,63.0,90.0,85.0,0.0,0.0,0.0,0.0,0.0,0.0,0.0
0,0.0,0.0,0.0,0.0,0.0,84.0,60.0,78.0,63.0,90.0,85.0,0.0,0.0,0.0,0.0,0.0,0.0,0.0
0,0.0,0.0,67.0,0.0,3.0,82.0,54.0,77.0,61.0,94.0,87.0,0.0,0.0,0.0,0.0,0.0,0.0,0.0
0,0.0,0.0,6.0,0.0,0.0,73.0,55.0,69.0,57.0,94.0,75.0,0.0,0.0,0.0,0.0,0.0,0.0,0.0
0,0.0,0.0,0.0,0.0,0.0,70.0,63.0,75.0,64.0,85.0,55.0,0.0,0.0,0.0,0.0,0.0,0.0,0.0
0,0.0,0.0,3.0,0.0,0.0,69.0,61.0,77.0,59.0,82.0,65.0,0.0,0.0,0.0,0.0,0.0,0.0,0.0
0,0.0,0.0,9.0,0.0,0.0,67.0,66.0,73.0,65.0,82.0,64.0,0.0,0.0,0.0,0.0,0.0,0.0,0.0
0,0.0,0.0,0.0,0.0,0.0,65.0,59.0,82.0,56.0,86.0,65.0,0.0,0.0,0.0,0.0,0.0,0.0,0.0
0,0.0,0.0,4.0,0.0,0.0,61.0,67.0,81.0,68.0,89.0,58.0,0.0,0.0,0.0,0.0,0.0,0.0,0.0
0,0.0,0.0,0.0,0.0,0.0,55.0,60.0,77.0,61.0,86.0,38.0,0.0,0.0,0.0,0.0,0.0,0.0,0.0
0,0.0,0.0,0.0,0.0,0.0,54.0,47.0,55.0,54.0,89.0,49.0,0.0,0.0,0.0,0.0,0.0,0.0,0.0
0,0.0,0.0,52.0,0.0,1.0,88.0,76.0,84.0,74.0,87.0,87.0,0.0,0.0,0.0,0.0,0.0,0.0,0.0
0,0.0,0.0,0.0,0.0,0.0,88.0,76.0,84.0,74.0,87.0,87.0,0.0,0.0,0.0,0.0,0.0,0.0,0.0
0,0.0,0.0,26.0,0.0,0.0,86.0,67.0,87.0,65.0,90.0,78.0,0.0,0.0,0.0,0.0,0.0,0.0,0.0
0,0.0,0.0,57.0,0.0,3.0,86.0,49.0,69.0,59.0,98.0,77.0,0.0,0.0,0.0,0.0,0.0,0.0,0.0
0,0.0,0.0,0.0,0.0,0.0,77.0,63.0,78.0,66.0,87.0,70.0,0.0,0.0,0.0,0.0,0.0,0.0,0.0
0,0.0,0.0,106.0,1.0,8.0,77.0,78.0,84.0,77.0,88.0,54.0,0.0,0.0,0.0,0.0,0.0,0.0,0.0
0,0.0,0.0,59.0,0.0,0.0,75.0,78.0,87.0,75.0,75.0,75.0,0.0,0.0,0.0,0.0,0.0,0.0,0.0
0,0.0,0.0,0.0,0.0,0.0,74.0,76.0,81.0,72.0,78.0,72.0,0.0,0.0,0.0,0.0,0.0,0.0,0.0
0,0.0,0.0,17.0,0.0,0.0,74.0,72.0,77.0,71.0,84.0,74.0,0.0,0.0,0.0,0.0,0.0,0.0,0.0
0,0.0,0.0,0.0,0.0,0.0,64.0,70.0,76.0,73.0,66.0,65.0,0.0,0.0,0.0,0.0,0.0,0.0,0.0
0,0.0,0.0,0.0,0.0,0.0,59.0,71.0,78.0,76.0,75.0,65.0,0.0,0.0,0.0,0.0,0.0,0.0,0.0
0,0.0,0.0,0.0,0.0,0.0,58.0,75.0,79.0,69.0,84.0,36.0,0.0,0.0,0.0,0.0,0.0,0.0,0.0
0,0.0,0.0,0.0,0.0,0.0,56.0,74.0,86.0,75.0,66.0,33.0,0.0,0.0,0.0,0.0,0.0,0.0,0.0
0,0.0,0.0,65.0,1.0,2.0,94.0,84.0,92.0,75.0,87.0,88.0,0.0,0.0,0.0,0.0,0.0,0.0,0.0
0,0.0,0.0,63.0,1.0,2.0,89.0,84.0,95.0,80.0,74.0,87.0,0.0,0.0,0.0,0.0,0.0,0.0,0.0
0,0.0,0.0,46.0,0.0,0.0,84.0,64.0,80.0,68.0,92.0,77.0,0.0,0.0,0.0,0.0,0.0,0.0,0.0
0,0.0,0.0,9.0,0.0,0.0,81.0,66.0,77.0,66.0,86.0,78.0,0.0,0.0,0.0,0.0,0.0,0.0,0.0
0,0.0,0.0,46.0,0.0,0.0,81.0,66.0,77.0,66.0,86.0,78.0,0.0,0.0,0.0,0.0,0.0,0.0,0.0
0,0.0,0.0,37.0,0.0,0.0,79.0,73.0,84.0,72.0,80.0,72.0,0.0,0.0,0.0,0.0,0.0,0.0,0.0
0,0.0,0.0,74.0,1.0,3.0,78.0,84.0,97.0,86.0,72.0,49.0,0.0,0.0,0.0,0.0,0.0,0.0,0.0
0,0.0,0.0,35.0,0.0,0.0,73.0,59.0,82.0,63.0,87.0,73.0,0.0,0.0,0.0,0.0,0.0,0.0,0.0
0,0.0,0.0,70.0,0.0,2.0,69.0,64.0,84.0,65.0,94.0,55.0,0.0,0.0,0.0,0.0,0.0,0.0,0.0
0,0.0,0.0,2.0,0.0,0.0,69.0,75.0,92.0,72.0,83.0,39.0,0.0,0.0,0.0,0.0,0.0,0.0,0.0
0,0.0,0.0,3.0,0.0,0.0,65.0,80.0,82.0,78.0,68.0,53.0,0.0,0.0,0.0,0.0,0.0,0.0,0.0
0,0.0,0.0,0.0,0.0,0.0,58.0,63.0,72.0,64.0,84.0,47.0,0.0,0.0,0.0,0.0,0.0,0.0,0.0
0,0.0,0.0,6.0,0.0,0.0,55.0,67.0,78.0,74.0,70.0,51.0,0.0,0.0,0.0,0.0,0.0,0.0,0.0
0,0.0,0.0,0.0,0.0,0.0,50.0,73.0,82.0,77.0,74.0,35.0,0.0,0.0,0.0,0.0,0.0,0.0,0.0
0,0.0,0.0,70.0,0.0,2.0,90.0,66.0,78.0,65.0,92.0,93.0,0.0,0.0,0.0,0.0,0.0,0.0,0.0
0,0.0,0.0,80.0,1.0,4.0,83.0,64.0,72.0,65.0,93.0,92.0,0.0,0.0,0.0,0.0,0.0,0.0,0.0
0,0.0,0.0,36.0,0.0,0.0,81.0,62.0,81.0,63.0,94.0,82.0,0.0,0.0,0.0,0.0,0.0,0.0,0.0
0,0.0,0.0,0.0,0.0,0.0,81.0,63.0,77.0,64.0,89.0,86.0,0.0,0.0,0.0,0.0,0.0,0.0,0.0
0,0.0,0.0,0.0,0.0,0.0,71.0,62.0,75.0,62.0,89.0,69.0,0.0,0.0,0.0,0.0,0.0,0.0,0.0
0,0.0,0.0,58.0,0.0,1.0,70.0,72.0,77.0,76.0,90.0,46.0,0.0,0.0,0.0,0.0,0.0,0.0,0.0
0,0.0,0.0,10.0,0.0,0.0,63.0,55.0,85.0,62.0,93.0,39.0,0.0,0.0,0.0,0.0,0.0,0.0,0.0
0,0.0,0.0,0.0,0.0,0.0,62.0,62.0,78.0,59.0,84.0,55.0,0.0,0.0,0.0,0.0,0.0,0.0,0.0
0,0.0,0.0,0.0,0.0,0.0,62.0,67.0,87.0,75.0,80.0,35.0,0.0,0.0,0.0,0.0,0.0,0.0,0.0
0,0.0,0.0,0.0,0.0,0.0,56.0,64.0,71.0,59.0,84.0,48.0,0.0,0.0,0.0,0.0,0.0,0.0,0.0
0,0.0,0.0,0.0,0.0,0.0,55.0,60.0,78.0,58.0,87.0,49.0,0.0,0.0,0.0,0.0,0.0,0.0,0.0
0,0.0,0.0,0.0,0.0,0.0,50.0,60.0,70.0,57.0,90.0,37.0,0.0,0.0,0.0,0.0,0.0,0.0,0.0
0,0.0,0.0,91.0,3.0,7.0,93.0,68.0,79.0,70.0,91.0,92.0,0.0,0.0,0.0,0.0,0.0,0.0,0.0
0,0.0,0.0,0.0,0.0,0.0,85.0,64.0,74.0,59.0,92.0,79.0,0.0,0.0,0.0,0.0,0.0,0.0,0.0
0,0.0,0.0,22.0,0.0,0.0,80.0,73.0,84.0,69.0,85.0,76.0,0.0,0.0,0.0,0.0,0.0,0.0,0.0
0,0.0,0.0,22.0,0.0,0.0,79.0,55.0,69.0,57.0,95.0,84.0,0.0,0.0,0.0,0.0,0.0,0.0,0.0
0,0.0,0.0,64.0,0.0,2.0,79.0,55.0,69.0,57.0,95.0,84.0,0.0,0.0,0.0,0.0,0.0,0.0,0.0
0,0.0,0.0,11.0,0.0,0.0,79.0,79.0,85.0,73.0,74.0,70.0,0.0,0.0,0.0,0.0,0.0,0.0,0.0
0,0.0,0.0,31.0,0.0,0.0,78.0,72.0,82.0,70.0,88.0,66.0,0.0,0.0,0.0,0.0,0.0,0.0,0.0
0,0.0,0.0,0.0,0.0,0.0,70.0,64.0,78.0,65.0,79.0,60.0,0.0,0.0,0.0,0.0,0.0,0.0,0.0
0,0.0,0.0,3.0,0.0,0.0,67.0,79.0,85.0,83.0,65.0,60.0,0.0,0.0,0.0,0.0,0.0,0.0,0.0
0,0.0,0.0,0.0,0.0,0.0,50.0,66.0,72.0,64.0,71.0,73.0,0.0,0.0,0.0,0.0,0.0,0.0,0.0
0,0.0,0.0,68.0,0.0,2.0,93.0,84.0,93.0,78.0,78.0,85.0,0.0,0.0,0.0,0.0,0.0,0.0,0.0
0,0.0,0.0,48.0,0.0,0.0,86.0,59.0,87.0,68.0,88.0,88.0,0.0,0.0,0.0,0.0,0.0,0.0,0.0
0,0.0,0.0,40.0,0.0,0.0,79.0,61.0,77.0,63.0,93.0,73.0,0.0,0.0,0.0,0.0,0.0,0.0,0.0
0,0.0,0.0,0.0,0.0,0.0,78.0,74.0,86.0,76.0,80.0,79.0,0.0,0.0,0.0,0.0,0.0,0.0,0.0
0,0.0,0.0,59.0,0.0,1.0,76.0,80.0,82.0,75.0,77.0,56.0,0.0,0.0,0.0,0.0,0.0,0.0,0.0
0,0.0,0.0,0.0,0.0,0.0,75.0,62.0,80.0,59.0,87.0,65.0,0.0,0.0,0.0,0.0,0.0,0.0,0.0
0,0.0,0.0,5.0,0.0,0.0,73.0,69.0,80.0,77.0,80.0,68.0,0.0,0.0,0.0,0.0,0.0,0.0,0.0
0,0.0,0.0,30.0,0.0,0.0,72.0,78.0,84.0,73.0,74.0,69.0,0.0,0.0,0.0,0.0,0.0,0.0,0.0
0,0.0,0.0,7.0,0.0,0.0,67.0,71.0,82.0,65.0,86.0,55.0,0.0,0.0,0.0,0.0,0.0,0.0,0.0
0,0.0,0.0,12.0,0.0,0.0,65.0,75.0,66.0,64.0,80.0,60.0,0.0,0.0,0.0,0.0,0.0,0.0,0.0
0,0.0,0.0,0.0,0.0,0.0,62.0,68.0,78.0,62.0,79.0,45.0,0.0,0.0,0.0,0.0,0.0,0.0,0.0
0,0.0,0.0,1.0,0.0,0.0,59.0,85.0,94.0,82.0,67.0,28.0,0.0,0.0,0.0,0.0,0.0,0.0,0.0
0,0.0,0.0,0.0,0.0,0.0,53.0,69.0,64.0,58.0,91.0,44.0,0.0,0.0,0.0,0.0,0.0,0.0,0.0
0,0.0,0.0,73.0,0.0,5.0,92.0,47.0,74.0,56.0,98.0,95.0,0.0,0.0,0.0,0.0,0.0,0.0,0.0
0,0.0,0.0,1.0,0.0,0.0,91.0,66.0,76.0,65.0,91.0,95.0,0.0,0.0,0.0,0.0,0.0,0.0,0.0
0,0.0,0.0,71.0,0.0,1.0,91.0,66.0,76.0,65.0,91.0,95.0,0.0,0.0,0.0,0.0,0.0,0.0,0.0
0,0.0,0.0,58.0,0.0,1.0,88.0,73.0,79.0,73.0,88.0,94.0,0.0,0.0,0.0,0.0,0.0,0.0,0.0
0,0.0,0.0,0.0,0.0,0.0,79.0,66.0,78.0,67.0,85.0,73.0,0.0,0.0,0.0,0.0,0.0,0.0,0.0
0,0.0,0.0,0.0,0.0,0.0,77.0,52.0,74.0,59.0,88.0,83.0,0.0,0.0,0.0,0.0,0.0,0.0,0.0
0,0.0,0.0,108.0,4.0,7.0,74.0,73.0,81.0,69.0,91.0,61.0,0.0,0.0,0.0,0.0,0.0,0.0,0.0
0,0.0,0.0,0.0,0.0,0.0,65.0,66.0,76.0,65.0,79.0,56.0,0.0,0.0,0.0,0.0,0.0,0.0,0.0
0,0.0,0.0,0.0,0.0,0.0,57.0,69.0,84.0,71.0,77.0,49.0,0.0,0.0,0.0,0.0,0.0,0.0,0.0
0,0.0,0.0,33.0,0.0,0.0,84.0,65.0,80.0,64.0,97.0,65.0,0.0,0.0,0.0,0.0,0.0,0.0,0.0
0,0.0,0.0,15.0,0.0,0.0,81.0,59.0,75.0,58.0,89.0,78.0,0.0,0.0,0.0,0.0,0.0,0.0,0.0
0,0.0,0.0,0.0,0.0,0.0,76.0,73.0,78.0,72.0,80.0,74.0,0.0,0.0,0.0,0.0,0.0,0.0,0.0
0,0.0,0.0,42.0,0.0,0.0,75.0,68.0,84.0,72.0,91.0,60.0,0.0,0.0,0.0,0.0,0.0,0.0,0.0
0,0.0,0.0,0.0,0.0,0.0,65.0,57.0,70.0,60.0,88.0,72.0,0.0,0.0,0.0,0.0,0.0,0.0,0.0
0,0.0,0.0,16.0,0.0,0.0,60.0,54.0,78.0,57.0,96.0,50.0,0.0,0.0,0.0,0.0,0.0,0.0,0.0
0,0.0,0.0,12.0,0.0,0.0,53.0,64.0,85.0,65.0,92.0,50.0,0.0,0.0,0.0,0.0,0.0,0.0,0.0
0,0.0,0.0,101.0,1.0,5.0,92.0,73.0,81.0,68.0,88.0,93.0,0.0,0.0,0.0,0.0,0.0,0.0,0.0
0,0.0,0.0,0.0,0.0,0.0,92.0,73.0,81.0,68.0,88.0,93.0,0.0,0.0,0.0,0.0,0.0,0.0,0.0
0,0.0,0.0,42.0,0.0,0.0,88.0,54.0,77.0,54.0,95.0,87.0,0.0,0.0,0.0,0.0,0.0,0.0,0.0
0,0.0,0.0,38.0,0.0,0.0,76.0,52.0,75.0,57.0,93.0,82.0,0.0,0.0,0.0,0.0,0.0,0.0,0.0
0,0.0,0.0,3.0,0.0,0.0,72.0,66.0,82.0,71.0,80.0,70.0,0.0,0.0,0.0,0.0,0.0,0.0,0.0
0,0.0,0.0,0.0,0.0,0.0,72.0,66.0,82.0,71.0,80.0,70.0,0.0,0.0,0.0,0.0,0.0,0.0,0.0
0,0.0,0.0,35.0,0.0,0.0,72.0,66.0,82.0,71.0,80.0,70.0,0.0,0.0,0.0,0.0,0.0,0.0,0.0
0,0.0,0.0,23.0,0.0,0.0,67.0,67.0,79.0,67.0,77.0,56.0,0.0,0.0,0.0,0.0,0.0,0.0,0.0
0,0.0,0.0,0.0,0.0,0.0,64.0,67.0,76.0,68.0,78.0,72.0,0.0,0.0,0.0,0.0,0.0,0.0,0.0
0,0.0,0.0,0.0,0.0,0.0,63.0,67.0,81.0,68.0,83.0,57.0,0.0,0.0,0.0,0.0,0.0,0.0,0.0
0,0.0,0.0,0.0,0.0,0.0,87.0,79.0,88.0,82.0,75.0,86.0,0.0,0.0,0.0,0.0,0.0,0.0,0.0
0,0.0,0.0,20.0,0.0,0.0,87.0,79.0,88.0,82.0,75.0,86.0,0.0,0.0,0.0,0.0,0.0,0.0,0.0
0,0.0,0.0,63.0,0.0,0.0,85.0,64.0,87.0,65.0,91.0,73.0,0.0,0.0,0.0,0.0,0.0,0.0,0.0
0,0.0,0.0,43.0,0.0,0.0,79.0,77.0,87.0,71.0,75.0,83.0,0.0,0.0,0.0,0.0,0.0,0.0,0.0
0,0.0,0.0,0.0,0.0,0.0,78.0,59.0,75.0,59.0,88.0,77.0,0.0,0.0,0.0,0.0,0.0,0.0,0.0
0,0.0,0.0,31.0,0.0,0.0,78.0,68.0,82.0,64.0,94.0,75.0,0.0,0.0,0.0,0.0,0.0,0.0,0.0
0,0.0,0.0,6.0,0.0,0.0,77.0,50.0,60.0,53.0,94.0,79.0,0.0,0.0,0.0,0.0,0.0,0.0,0.0
0,0.0,0.0,7.0,0.0,0.0,73.0,55.0,78.0,62.0,92.0,72.0,0.0,0.0,0.0,0.0,0.0,0.0,0.0
0,0.0,0.0,12.0,0.0,0.0,70.0,74.0,82.0,69.0,82.0,75.0,0.0,0.0,0.0,0.0,0.0,0.0,0.0
0,0.0,0.0,4.0,0.0,0.0,66.0,57.0,76.0,60.0,88.0,68.0,0.0,0.0,0.0,0.0,0.0,0.0,0.0
0,0.0,0.0,9.0,0.0,0.0,64.0,57.0,74.0,60.0,82.0,68.0,0.0,0.0,0.0,0.0,0.0,0.0,0.0
0,0.0,0.0,6.0,0.0,0.0,60.0,74.0,84.0,72.0,65.0,47.0,0.0,0.0,0.0,0.0,0.0,0.0,0.0
0,0.0,0.0,1.0,0.0,0.0,60.0,74.0,84.0,72.0,65.0,47.0,0.0,0.0,0.0,0.0,0.0,0.0,0.0
0,0.0,0.0,0.0,0.0,0.0,57.0,64.0,74.0,62.0,87.0,35.0,0.0,0.0,0.0,0.0,0.0,0.0,0.0
0,0.0,0.0,0.0,0.0,0.0,47.0,65.0,74.0,68.0,65.0,58.0,0.0,0.0,0.0,0.0,0.0,0.0,0.0
0,0.0,0.0,0.0,0.0,0.0,89.0,75.0,83.0,77.0,87.0,76.0,0.0,0.0,0.0,0.0,0.0,0.0,0.0
0,0.0,0.0,51.0,0.0,0.0,82.0,54.0,77.0,52.0,92.0,85.0,0.0,0.0,0.0,0.0,0.0,0.0,0.0
0,0.0,0.0,0.0,0.0,0.0,82.0,75.0,84.0,72.0,79.0,85.0,0.0,0.0,0.0,0.0,0.0,0.0,0.0
0,0.0,0.0,0.0,0.0,0.0,82.0,75.0,84.0,72.0,79.0,85.0,0.0,0.0,0.0,0.0,0.0,0.0,0.0
0,0.0,0.0,0.0,0.0,0.0,82.0,75.0,84.0,72.0,79.0,85.0,0.0,0.0,0.0,0.0,0.0,0.0,0.0
0,0.0,0.0,69.0,1.0,3.0,78.0,83.0,94.0,85.0,78.0,49.0,0.0,0.0,0.0,0.0,0.0,0.0,0.0
0,0.0,0.0,13.0,0.0,0.0,77.0,62.0,82.0,61.0,86.0,75.0,0.0,0.0,0.0,0.0,0.0,0.0,0.0
0,0.0,0.0,0.0,0.0,0.0,75.0,65.0,80.0,55.0,84.0,69.0,0.0,0.0,0.0,0.0,0.0,0.0,0.0
0,0.0,0.0,0.0,0.0,0.0,75.0,65.0,80.0,55.0,84.0,69.0,0.0,0.0,0.0,0.0,0.0,0.0,0.0
0,0.0,0.0,5.0,0.0,0.0,63.0,53.0,74.0,51.0,88.0,55.0,0.0,0.0,0.0,0.0,0.0,0.0,0.0
0,0.0,0.0,17.0,0.0,0.0,62.0,75.0,88.0,80.0,64.0,39.0,0.0,0.0,0.0,0.0,0.0,0.0,0.0
0,0.0,0.0,0.0,0.0,0.0,62.0,74.0,80.0,69.0,75.0,54.0,0.0,0.0,0.0,0.0,0.0,0.0,0.0
0,0.0,0.0,0.0,0.0,0.0,59.0,65.0,75.0,62.0,82.0,47.0,0.0,0.0,0.0,0.0,0.0,0.0,0.0
0,0.0,0.0,0.0,0.0,0.0,58.0,67.0,75.0,64.0,84.0,34.0,0.0,0.0,0.0,0.0,0.0,0.0,0.0
0,0.0,0.0,17.0,0.0,0.0,57.0,73.0,86.0,76.0,75.0,35.0,0.0,0.0,0.0,0.0,0.0,0.0,0.0
0,0.0,0.0,69.0,1.0,6.0,81.0,72.0,95.0,75.0,89.0,60.0,0.0,0.0,0.0,0.0,0.0,0.0,0.0
0,0.0,0.0,26.0,0.0,0.0,78.0,76.0,78.0,73.0,85.0,56.0,0.0,0.0,0.0,0.0,0.0,0.0,0.0
0,0.0,0.0,7.0,0.0,0.0,74.0,78.0,82.0,82.0,83.0,54.0,0.0,0.0,0.0,0.0,0.0,0.0,0.0
0,0.0,0.0,34.0,0.0,1.0,72.0,71.0,77.0,68.0,81.0,70.0,0.0,0.0,0.0,0.0,0.0,0.0,0.0
0,0.0,0.0,0.0,0.0,0.0,72.0,71.0,77.0,68.0,81.0,70.0,0.0,0.0,0.0,0.0,0.0,0.0,0.0
0,0.0,0.0,1.0,0.0,0.0,72.0,71.0,77.0,68.0,81.0,70.0,0.0,0.0,0.0,0.0,0.0,0.0,0.0
0,0.0,0.0,0.0,0.0,0.0,72.0,71.0,77.0,68.0,81.0,70.0,0.0,0.0,0.0,0.0,0.0,0.0,0.0
0,0.0,0.0,33.0,0.0,0.0,71.0,60.0,76.0,54.0,88.0,68.0,0.0,0.0,0.0,0.0,0.0,0.0,0.0
0,0.0,0.0,4.0,0.0,0.0,71.0,63.0,87.0,72.0,85.0,45.0,0.0,0.0,0.0,0.0,0.0,0.0,0.0
0,0.0,0.0,0.0,0.0,0.0,71.0,63.0,87.0,72.0,85.0,45.0,0.0,0.0,0.0,0.0,0.0,0.0,0.0
0,0.0,0.0,0.0,0.0,0.0,71.0,76.0,84.0,76.0,73.0,74.0,0.0,0.0,0.0,0.0,0.0,0.0,0.0
0,0.0,0.0,8.0,0.0,0.0,70.0,69.0,80.0,70.0,80.0,67.0,0.0,0.0,0.0,0.0,0.0,0.0,0.0
0,0.0,0.0,11.0,0.0,0.0,66.0,78.0,82.0,77.0,80.0,64.0,0.0,0.0,0.0,0.0,0.0,0.0,0.0
0,0.0,0.0,2.0,0.0,0.0,64.0,66.0,75.0,70.0,74.0,55.0,0.0,0.0,0.0,0.0,0.0,0.0,0.0
0,0.0,0.0,3.0,0.0,0.0,63.0,48.0,78.0,50.0,92.0,60.0,0.0,0.0,0.0,0.0,0.0,0.0,0.0
0,0.0,0.0,34.0,0.0,0.0,63.0,54.0,66.0,48.0,94.0,38.0,0.0,0.0,0.0,0.0,0.0,0.0,0.0
0,0.0,0.0,0.0,0.0,0.0,61.0,63.0,67.0,65.0,85.0,45.0,0.0,0.0,0.0,0.0,0.0,0.0,0.0
0,0.0,0.0,0.0,0.0,0.0,59.0,74.0,84.0,72.0,66.0,42.0,0.0,0.0,0.0,0.0,0.0,0.0,0.0
0,0.0,0.0,0.0,0.0,0.0,59.0,74.0,84.0,72.0,66.0,42.0,0.0,0.0,0.0,0.0,0.0,0.0,0.0
0,0.0,0.0,0.0,0.0,0.0,59.0,74.0,84.0,72.0,66.0,42.0,0.0,0.0,0.0,0.0,0.0,0.0,0.0
0,0.0,0.0,0.0,0.0,0.0,57.0,63.0,69.0,61.0,85.0,59.0,0.0,0.0,0.0,0.0,0.0,0.0,0.0
0,0.0,0.0,46.0,0.0,2.0,90.0,74.0,84.0,75.0,79.0,80.0,0.0,0.0,0.0,0.0,0.0,0.0,0.0
0,0.0,0.0,32.0,0.0,0.0,84.0,73.0,82.0,69.0,86.0,75.0,0.0,0.0,0.0,0.0,0.0,0.0,0.0
0,0.0,0.0,0.0,0.0,0.0,84.0,62.0,84.0,65.0,87.0,77.0,0.0,0.0,0.0,0.0,0.0,0.0,0.0
0,0.0,0.0,6.0,0.0,0.0,84.0,62.0,84.0,65.0,87.0,77.0,0.0,0.0,0.0,0.0,0.0,0.0,0.0
0,0.0,0.0,0.0,0.0,0.0,84.0,62.0,84.0,65.0,87.0,77.0,0.0,0.0,0.0,0.0,0.0,0.0,0.0
0,0.0,0.0,15.0,0.0,0.0,81.0,68.0,76.0,66.0,87.0,82.0,0.0,0.0,0.0,0.0,0.0,0.0,0.0
0,0.0,0.0,40.0,0.0,0.0,77.0,74.0,87.0,73.0,82.0,54.0,0.0,0.0,0.0,0.0,0.0,0.0,0.0
0,0.0,0.0,25.0,0.0,0.0,75.0,67.0,73.0,65.0,87.0,72.0,0.0,0.0,0.0,0.0,0.0,0.0,0.0
0,0.0,0.0,32.0,0.0,0.0,71.0,80.0,88.0,78.0,74.0,67.0,0.0,0.0,0.0,0.0,0.0,0.0,0.0
0,0.0,0.0,7.0,0.0,0.0,71.0,77.0,83.0,76.0,74.0,64.0,0.0,0.0,0.0,0.0,0.0,0.0,0.0
0,0.0,0.0,72.0,0.0,5.0,70.0,65.0,88.0,69.0,84.0,46.0,0.0,0.0,0.0,0.0,0.0,0.0,0.0
0,0.0,0.0,27.0,0.0,0.0,68.0,66.0,83.0,67.0,76.0,60.0,0.0,0.0,0.0,0.0,0.0,0.0,0.0
0,0.0,0.0,13.0,0.0,0.0,67.0,76.0,84.0,69.0,78.0,50.0,0.0,0.0,0.0,0.0,0.0,0.0,0.0
0,0.0,0.0,0.0,0.0,0.0,64.0,70.0,77.0,69.0,78.0,52.0,0.0,0.0,0.0,0.0,0.0,0.0,0.0
0,0.0,0.0,0.0,0.0,0.0,63.0,74.0,86.0,78.0,77.0,45.0,0.0,0.0,0.0,0.0,0.0,0.0,0.0
0,0.0,0.0,0.0,0.0,0.0,61.0,70.0,84.0,67.0,76.0,45.0,0.0,0.0,0.0,0.0,0.0,0.0,0.0
0,0.0,0.0,0.0,0.0,0.0,57.0,59.0,76.0,63.0,77.0,61.0,0.0,0.0,0.0,0.0,0.0,0.0,0.0
0,0.0,0.0,55.0,2.0,2.0,83.0,64.0,83.0,61.0,96.0,75.0,0.0,0.0,0.0,0.0,0.0,0.0,0.0
0,0.0,0.0,22.0,0.0,0.0,78.0,74.0,79.0,69.0,86.0,74.0,0.0,0.0,0.0,0.0,0.0,0.0,0.0
0,0.0,0.0,0.0,0.0,0.0,76.0,37.0,55.0,48.0,96.0,82.0,0.0,0.0,0.0,0.0,0.0,0.0,0.0
0,0.0,0.0,68.0,0.0,0.0,76.0,63.0,72.0,64.0,93.0,88.0,0.0,0.0,0.0,0.0,0.0,0.0,0.0
0,0.0,0.0,27.0,0.0,0.0,73.0,63.0,80.0,66.0,85.0,75.0,0.0,0.0,0.0,0.0,0.0,0.0,0.0
0,0.0,0.0,63.0,0.0,0.0,72.0,59.0,66.0,60.0,87.0,84.0,0.0,0.0,0.0,0.0,0.0,0.0,0.0
0,0.0,0.0,23.0,0.0,0.0,71.0,64.0,82.0,58.0,90.0,50.0,0.0,0.0,0.0,0.0,0.0,0.0,0.0
0,0.0,0.0,0.0,0.0,0.0,66.0,75.0,86.0,69.0,74.0,64.0,0.0,0.0,0.0,0.0,0.0,0.0,0.0
0,0.0,0.0,2.0,0.0,0.0,65.0,50.0,58.0,48.0,94.0,60.0,0.0,0.0,0.0,0.0,0.0,0.0,0.0
0,0.0,0.0,2.0,0.0,0.0,62.0,54.0,66.0,49.0,87.0,55.0,0.0,0.0,0.0,0.0,0.0,0.0,0.0
0,0.0,0.0,9.0,0.0,0.0,60.0,77.0,82.0,72.0,73.0,49.0,0.0,0.0,0.0,0.0,0.0,0.0,0.0
0,0.0,0.0,101.0,1.0,5.0,98.0,74.0,83.0,68.0,94.0,97.0,93.0,94.0,58.0,96.0,95.0,96.0,75.0
0,0.0,0.0,0.0,0.0,0.0,98.0,74.0,83.0,68.0,94.0,97.0,93.0,94.0,58.0,96.0,95.0,96.0,75.0
0,0.0,0.0,101.0,4.0,5.0,98.0,77.0,88.0,74.0,90.0,96.0,74.0,99.0,76.0,88.0,94.0,88.0,65.0
0,0.0,0.0,130.0,3.0,9.0,97.0,85.0,96.0,88.0,87.0,87.0,77.0,85.0,97.0,68.0,92.0,76.0,88.0
0,0.0,0.0,79.0,1.0,4.0,97.0,84.0,93.0,86.0,86.0,86.0,79.0,79.0,96.0,82.0,90.0,67.0,84.0
0,0.0,0.0,100.0,2.0,5.0,97.0,68.0,81.0,70.0,98.0,96.0,90.0,95.0,63.0,98.0,87.0,93.0,85.0
0,0.0,0.0,74.0,1.0,3.0,96.0,85.0,97.0,87.0,82.0,77.0,80.0,84.0,99.0,83.0,98.0,68.0,84.0
0,0.0,0.0,68.0,0.0,2.0,95.0,84.0,93.0,78.0,79.0,90.0,76.0,75.0,98.0,75.0,95.0,87.0,65.0
0,0.0,0.0,90.0,1.0,5.0,95.0,55.0,84.0,62.0,96.0,97.0,96.0,89.0,51.0,93.0,92.0,95.0,68.0
0,0.0,0.0,0.0,0.0,0.0,94.0,70.0,86.0,68.0,91.0,92.0,84.0,87.0,74.0,90.0,80.0,82.0,66.0
0,0.0,0.0,27.0,0.0,0.0,94.0,70.0,86.0,68.0,91.0,92.0,84.0,87.0,74.0,90.0,80.0,82.0,66.0
0,0.0,0.0,0.0,0.0,0.0,94.0,70.0,86.0,68.0,91.0,92.0,84.0,87.0,74.0,90.0,80.0,82.0,66.0
0,0.0,0.0,8.0,0.0,0.0,94.0,70.0,86.0,68.0,91.0,92.0,84.0,87.0,74.0,90.0,80.0,82.0,66.0
0,0.0,0.0,102.0,5.0,6.0,94.0,70.0,86.0,68.0,91.0,92.0,84.0,87.0,74.0,90.0,80.0,82.0,66.0
0,0.0,0.0,89.0,2.0,8.0,93.0,73.0,94.0,69.0,91.0,79.0,87.0,96.0,72.0,88.0,95.0,80.0,65.0
0,0.0,0.0,0.0,0.0,0.0,93.0,84.0,94.0,85.0,82.0,82.0,81.0,69.0,96.0,79.0,95.0,79.0,87.0
0,0.0,0.0,46.0,0.0,2.0,93.0,74.0,84.0,75.0,87.0,85.0,79.0,95.0,74.0,85.0,88.0,85.0,50.0
0,0.0,0.0,65.0,1.0,2.0,93.0,83.0,90.0,74.0,88.0,86.0,78.0,75.0,94.0,80.0,85.0,68.0,70.0
0,0.0,0.0,55.0,1.0,4.0,92.0,70.0,84.0,69.0,89.0,87.0,87.0,75.0,85.0,87.0,89.0,82.0,70.0
0,0.0,0.0,3.0,0.0,0.0,92.0,68.0,92.0,71.0,87.0,83.0,88.0,89.0,78.0,87.0,84.0,78.0,55.0
0,0.0,0.0,0.0,0.0,0.0,92.0,68.0,92.0,71.0,87.0,83.0,88.0,89.0,78.0,87.0,84.0,78.0,55.0
0,0.0,0.0,35.0,0.0,0.0,92.0,68.0,92.0,71.0,87.0,83.0,88.0,89.0,78.0,87.0,84.0,78.0,55.0
0,0.0,0.0,100.0,3.0,5.0,92.0,72.0,88.0,82.0,97.0,79.0,87.0,92.0,54.0,94.0,96.0,80.0,97.0
0,0.0,0.0,91.0,3.0,7.0,92.0,68.0,77.0,70.0,91.0,98.0,80.0,92.0,54.0,87.0,88.0,90.0,74.0
0,0.0,0.0,112.0,1.0,6.0,91.0,75.0,84.0,79.0,86.0,83.0,81.0,75.0,92.0,79.0,89.0,78.0,74.0
0,0.0,0.0,91.0,2.0,5.0,91.0,81.0,87.0,74.0,85.0,95.0,74.0,97.0,64.0,75.0,90.0,88.0,60.0
0,0.0,0.0,13.0,0.0,0.0,91.0,78.0,90.0,76.0,84.0,85.0,81.0,96.0,72.0,78.0,90.0,77.0,75.0
0,0.0,0.0,6.0,0.0,0.0,91.0,78.0,90.0,76.0,84.0,85.0,81.0,96.0,72.0,78.0,90.0,77.0,75.0
0,0.0,0.0,39.0,0.0,0.0,91.0,78.0,90.0,76.0,84.0,85.0,81.0,96.0,72.0,78.0,90.0,77.0,75.0
0,0.0,0.0,47.0,0.0,0.0,91.0,78.0,90.0,76.0,84.0,85.0,81.0,96.0,72.0,78.0,90.0,77.0,75.0
0,0.0,0.0,7.0,0.0,0.0,91.0,78.0,90.0,76.0,84.0,85.0,81.0,96.0,72.0,78.0,90.0,77.0,75.0
0,0.0,0.0,48.0,0.0,0.0,91.0,75.0,84.0,77.0,88.0,81.0,80.0,92.0,74.0,87.0,85.0,76.0,70.0
0,0.0,0.0,0.0,0.0,0.0,91.0,80.0,91.0,83.0,75.0,91.0,74.0,62.0,96.0,76.0,94.0,87.0,62.0
0,0.0,0.0,20.0,0.0,0.0,91.0,80.0,91.0,83.0,75.0,91.0,74.0,62.0,96.0,76.0,94.0,87.0,62.0
0,0.0,0.0,79.0,0.0,6.0,90.0,62.0,82.0,65.0,88.0,91.0,94.0,82.0,60.0,87.0,92.0,93.0,50.0
0,0.0,0.0,6.0,0.0,0.0,90.0,62.0,82.0,65.0,88.0,91.0,94.0,82.0,60.0,87.0,92.0,93.0,50.0
0,0.0,0.0,0.0,0.0,0.0,90.0,62.0,82.0,65.0,88.0,91.0,94.0,82.0,60.0,87.0,92.0,93.0,50.0
0,0.0,0.0,69.0,0.0,3.0,89.0,73.0,88.0,70.0,91.0,80.0,79.0,91.0,82.0,84.0,90.0,70.0,68.0
0,0.0,0.0,61.0,0.0,2.0,89.0,66.0,76.0,63.0,96.0,89.0,90.0,87.0,49.0,92.0,79.0,86.0,54.0
0,0.0,0.0,51.0,0.0,1.0,89.0,81.0,87.0,82.0,75.0,86.0,76.0,65.0,93.0,74.0,87.0,78.0,78.0
0,0.0,0.0,63.0,2.0,5.0,88.0,84.0,93.0,80.0,76.0,80.0,72.0,75.0,94.0,65.0,92.0,81.0,76.0
0,0.0,0.0,47.0,0.0,0.0,88.0,59.0,75.0,56.0,95.0,88.0,92.0,86.0,48.0,93.0,79.0,85.0,74.0
0,0.0,0.0,54.0,0.0,0.0,88.0,70.0,83.0,69.0,90.0,86.0,91.0,84.0,59.0,85.0,86.0,84.0,60.0
0,0.0,0.0,0.0,0.0,0.0,88.0,67.0,83.0,66.0,89.0,82.0,93.0,90.0,55.0,89.0,87.0,83.0,70.0
0,0.0,0.0,63.0,1.0,2.0,88.0,84.0,92.0,78.0,74.0,91.0,71.0,65.0,97.0,69.0,92.0,78.0,55.0
0,0.0,0.0,36.0,0.0,0.0,88.0,62.0,81.0,63.0,96.0,86.0,95.0,84.0,42.0,98.0,70.0,85.0,50.0
0,0.0,0.0,40.0,0.0,0.0,88.0,61.0,77.0,63.0,96.0,84.0,96.0,91.0,55.0,92.0,78.0,66.0,67.0
0,0.0,0.0,110.0,5.0,5.0,88.0,76.0,83.0,74.0,92.0,73.0,87.0,89.0,65.0,94.0,77.0,78.0,84.0
0,0.0,0.0,44.0,0.0,0.0,88.0,80.0,91.0,82.0,79.0,77.0,75.0,76.0,94.0,75.0,89.0,75.0,83.0
0,0.0,0.0,41.0,0.0,1.0,87.0,58.0,76.0,56.0,95.0,85.0,88.0,86.0,51.0,96.0,75.0,85.0,70.0
0,0.0,0.0,52.0,0.0,0.0,87.0,66.0,81.0,67.0,88.0,85.0,85.0,73.0,83.0,83.0,86.0,78.0,52.0
0,0.0,0.0,9.0,0.0,0.0,87.0,66.0,77.0,66.0,86.0,88.0,90.0,85.0,68.0,81.0,84.0,82.0,65.0
0,0.0,0.0,46.0,0.0,0.0,87.0,66.0,77.0,66.0,86.0,88.0,90.0,85.0,68.0,81.0,84.0,82.0,65.0
0,0.0,0.0,63.0,0.0,0.0,87.0,64.0,87.0,65.0,91.0,80.0,92.0,84.0,71.0,81.0,83.0,71.0,60.0
0,0.0,0.0,73.0,0.0,5.0,87.0,47.0,69.0,55.0,97.0,95.0,90.0,89.0,45.0,88.0,72.0,88.0,64.0
0,0.0,0.0,58.0,0.0,1.0,87.0,72.0,77.0,73.0,89.0,95.0,88.0,83.0,47.0,90.0,84.0,94.0,66.0
0,0.0,0.0,56.0,0.0,1.0,87.0,73.0,82.0,69.0,87.0,85.0,73.0,92.0,73.0,85.0,85.0,82.0,72.0
0,0.0,0.0,56.0,1.0,2.0,86.0,72.0,82.0,71.0,94.0,71.0,85.0,92.0,59.0,89.0,85.0,72.0,90.0
0,0.0,0.0,0.0,0.0,0.0,86.0,64.0,74.0,59.0,93.0,82.0,78.0,88.0,58.0,94.0,81.0,79.0,60.0
0,0.0,0.0,43.0,0.0,0.0,86.0,69.0,76.0,67.0,88.0,83.0,79.0,87.0,62.0,92.0,78.0,82.0,74.0
0,0.0,0.0,52.0,0.0,1.0,86.0,75.0,83.0,73.0,89.0,87.0,83.0,84.0,64.0,85.0,84.0,79.0,67.0
0,0.0,0.0,0.0,0.0,0.0,86.0,75.0,83.0,73.0,89.0,87.0,83.0,84.0,64.0,85.0,84.0,79.0,67.0
0,0.0,0.0,46.0,0.0,0.0,86.0,74.0,87.0,74.0,82.0,80.0,80.0,67.0,91.0,77.0,87.0,76.0,69.0
0,0.0,0.0,67.0,0.0,2.0,85.0,84.0,88.0,81.0,80.0,71.0,72.0,72.0,94.0,75.0,87.0,65.0,72.0
0,0.0,0.0,38.0,0.0,0.0,85.0,52.0,75.0,59.0,94.0,84.0,91.0,78.0,50.0,95.0,76.0,87.0,51.0
0,0.0,0.0,58.0,0.0,0.0,85.0,64.0,78.0,62.0,94.0,86.0,89.0,85.0,59.0,91.0,79.0,83.0,55.0
0,0.0,0.0,31.0,0.0,0.0,85.0,74.0,84.0,72.0,88.0,74.0,89.0,86.0,64.0,80.0,91.0,74.0,66.0
0,0.0,0.0,68.0,0.0,0.0,84.0,62.0,79.0,63.0,90.0,82.0,91.0,83.0,54.0,87.0,82.0,74.0,71.0
0,0.0,0.0,47.0,0.0,0.0,84.0,82.0,87.0,74.0,76.0,70.0,78.0,67.0,91.0,81.0,88.0,71.0,63.0
0,0.0,0.0,37.0,0.0,0.0,84.0,63.0,76.0,66.0,94.0,76.0,87.0,85.0,52.0,94.0,82.0,75.0,72.0
0,0.0,0.0,33.0,0.0,1.0,84.0,64.0,80.0,57.0,94.0,76.0,77.0,89.0,62.0,88.0,77.0,75.0,75.0
0,0.0,0.0,42.0,0.0,0.0,84.0,60.0,72.0,58.0,95.0,75.0,90.0,91.0,55.0,92.0,78.0,72.0,65.0
0,0.0,0.0,32.0,0.0,0.0,84.0,73.0,82.0,69.0,86.0,75.0,82.0,91.0,65.0,83.0,82.0,74.0,73.0
0,0.0,0.0,31.0,0.0,0.0,84.0,68.0,82.0,64.0,95.0,83.0,91.0,81.0,47.0,91.0,86.0,84.0,75.0
0,0.0,0.0,37.0,0.0,0.0,83.0,69.0,85.0,67.0,89.0,80.0,85.0,71.0,77.0,82.0,92.0,75.0,76.0
0,0.0,0.0,48.0,0.0,0.0,83.0,58.0,84.0,68.0,84.0,87.0,85.0,65.0,75.0,75.0,85.0,88.0,56.0
0,0.0,0.0,37.0,0.0,0.0,83.0,76.0,86.0,74.0,84.0,79.0,78.0,85.0,60.0,77.0,87.0,76.0,62.0
0,0.0,0.0,0.0,0.0,0.0,83.0,66.0,88.0,65.0,90.0,81.0,75.0,87.0,61.0,81.0,77.0,72.0,60.0
0,0.0,0.0,33.0,0.0,0.0,83.0,66.0,88.0,65.0,90.0,81.0,75.0,87.0,61.0,81.0,77.0,72.0,60.0
0,0.0,0.0,46.0,0.0,0.0,83.0,64.0,79.0,67.0,90.0,81.0,87.0,83.0,56.0,84.0,75.0,83.0,45.0
0,0.0,0.0,26.0,0.0,0.0,83.0,66.0,83.0,64.0,90.0,79.0,84.0,84.0,62.0,85.0,81.0,69.0,79.0
0,0.0,0.0,45.0,0.0,0.0,82.0,64.0,73.0,64.0,89.0,84.0,86.0,82.0,49.0,84.0,75.0,90.0,60.0
0,0.0,0.0,19.0,0.0,0.0,82.0,62.0,73.0,66.0,92.0,74.0,83.0,88.0,52.0,96.0,85.0,71.0,85.0
0,0.0,0.0,69.0,1.0,6.0,82.0,72.0,93.0,75.0,89.0,64.0,81.0,94.0,67.0,76.0,85.0,72.0,85.0
0,0.0,0.0,15.0,0.0,0.0,82.0,59.0,75.0,58.0,90.0,77.0,90.0,87.0,54.0,87.0,75.0,76.0,67.0
0,0.0,0.0,70.0,0.0,2.0,82.0,65.0,85.0,65.0,95.0,73.0,92.0,85.0,46.0,91.0,82.0,61.0,56.0
0,0.0,0.0,0.0,0.0,0.0,82.0,69.0,74.0,67.0,87.0,94.0,84.0,86.0,48.0,78.0,82.0,92.0,62.0
0,0.0,0.0,72.0,0.0,5.0,82.0,65.0,88.0,69.0,89.0,69.0,95.0,67.0,87.0,74.0,86.0,65.0,86.0
0,0.0,0.0,46.0,0.0,0.0,81.0,70.0,79.0,73.0,82.0,85.0,85.0,78.0,55.0,83.0,80.0,80.0,60.0
0,0.0,0.0,21.0,0.0,0.0,81.0,80.0,85.0,78.0,74.0,77.0,74.0,67.0,94.0,68.0,87.0,73.0,63.0
0,0.0,0.0,39.0,0.0,0.0,81.0,68.0,82.0,78.0,81.0,79.0,93.0,82.0,61.0,78.0,84.0,75.0,50.0
0,0.0,0.0,34.0,0.0,1.0,81.0,74.0,82.0,73.0,86.0,76.0,84.0,83.0,60.0,81.0,76.0,73.0,77.0
0,0.0,0.0,0.0,0.0,0.0,81.0,74.0,82.0,73.0,86.0,76.0,84.0,83.0,60.0,81.0,76.0,73.0,77.0
0,0.0,0.0,1.0,0.0,0.0,81.0,74.0,82.0,73.0,86.0,76.0,84.0,83.0,60.0,81.0,76.0,73.0,77.0
0,0.0,0.0,0.0,0.0,0.0,81.0,74.0,82.0,73.0,86.0,76.0,84.0,83.0,60.0,81.0,76.0,73.0,77.0
0,0.0,0.0,33.0,0.0,0.0,81.0,65.0,78.0,62.0,97.0,75.0,84.0,85.0,61.0,93.0,74.0,88.0,70.0
0,0.0,0.0,29.0,0.0,0.0,81.0,68.0,79.0,75.0,88.0,78.0,82.0,88.0,56.0,87.0,78.0,76.0,60.0
0,0.0,0.0,58.0,0.0,1.0,81.0,72.0,78.0,76.0,91.0,73.0,88.0,86.0,54.0,91.0,83.0,74.0,67.0
0,0.0,0.0,25.0,0.0,1.0,80.0,75.0,86.0,77.0,82.0,71.0,78.0,92.0,68.0,77.0,82.0,65.0,84.0
0,0.0,0.0,0.0,0.0,0.0,80.0,73.0,81.0,69.0,87.0,79.0,91.0,81.0,45.0,89.0,77.0,78.0,53.0
0,0.0,0.0,26.0,0.0,0.0,80.0,76.0,78.0,73.0,89.0,66.0,84.0,93.0,64.0,87.0,70.0,70.0,93.0
0,0.0,0.0,38.0,0.0,0.0,80.0,67.0,74.0,65.0,85.0,83.0,91.0,77.0,59.0,81.0,78.0,80.0,60.0
0,0.0,0.0,29.0,0.0,0.0,80.0,68.0,82.0,64.0,88.0,69.0,85.0,88.0,64.0,83.0,81.0,73.0,75.0
0,0.0,0.0,49.0,0.0,0.0,80.0,68.0,88.0,69.0,83.0,69.0,77.0,87.0,73.0,80.0,88.0,65.0,65.0
0,0.0,0.0,0.0,0.0,0.0,79.0,78.0,86.0,74.0,78.0,83.0,77.0,52.0,85.0,65.0,84.0,80.0,60.0
0,0.0,0.0,46.0,0.0,0.0,79.0,78.0,86.0,74.0,78.0,83.0,77.0,52.0,85.0,65.0,84.0,80.0,60.0
0,0.0,0.0,32.0,0.0,0.0,79.0,64.0,76.0,65.0,86.0,82.0,73.0,81.0,55.0,82.0,75.0,83.0,64.0
0,0.0,0.0,57.0,0.0,3.0,79.0,49.0,62.0,54.0,96.0,77.0,81.0,90.0,52.0,88.0,65.0,75.0,80.0
0,0.0,0.0,45.0,0.0,0.0,79.0,69.0,84.0,69.0,88.0,74.0,83.0,82.0,47.0,83.0,90.0,74.0,84.0
0,0.0,0.0,23.0,0.0,0.0,79.0,73.0,92.0,73.0,85.0,55.0,85.0,94.0,65.0,86.0,93.0,58.0,88.0
0,0.0,0.0,0.0,0.0,0.0,79.0,78.0,86.0,71.0,77.0,74.0,73.0,88.0,65.0,70.0,83.0,67.0,77.0
0,0.0,0.0,15.0,0.0,0.0,79.0,78.0,86.0,71.0,77.0,74.0,73.0,88.0,65.0,70.0,83.0,67.0,77.0
0,0.0,0.0,33.0,0.0,1.0,79.0,75.0,86.0,78.0,81.0,71.0,70.0,88.0,66.0,76.0,85.0,68.0,63.0
0,0.0,0.0,29.0,0.0,0.0,79.0,72.0,78.0,69.0,91.0,70.0,77.0,91.0,57.0,88.0,82.0,65.0,86.0
0,0.0,0.0,22.0,0.0,0.0,79.0,73.0,78.0,67.0,86.0,83.0,82.0,76.0,55.0,78.0,81.0,80.0,74.0
0,0.0,0.0,13.0,0.0,0.0,79.0,76.0,84.0,69.0,82.0,69.0,88.0,89.0,48.0,89.0,77.0,73.0,65.0
0,0.0,0.0,40.0,1.0,3.0,78.0,78.0,82.0,72.0,85.0,75.0,67.0,89.0,63.0,73.0,84.0,69.0,94.0
0,0.0,0.0,36.0,0.0,0.0,78.0,63.0,68.0,59.0,91.0,78.0,83.0,78.0,51.0,85.0,73.0,77.0,55.0
0,0.0,0.0,27.0,0.0,0.0,78.0,78.0,82.0,75.0,81.0,72.0,76.0,87.0,53.0,76.0,88.0,74.0,78.0
0,0.0,0.0,30.0,0.0,0.0,78.0,60.0,70.0,58.0,95.0,74.0,89.0,82.0,38.0,92.0,79.0,70.0,80.0
0,0.0,0.0,29.0,0.0,0.0,78.0,60.0,70.0,58.0,95.0,74.0,89.0,82.0,38.0,92.0,79.0,70.0,80.0
0,0.0,0.0,0.0,0.0,0.0,78.0,62.0,72.0,54.0,91.0,72.0,80.0,83.0,62.0,87.0,74.0,66.0,66.0
0,0.0,0.0,0.0,0.0,0.0,78.0,63.0,75.0,64.0,88.0,85.0,88.0,74.0,52.0,86.0,79.0,88.0,65.0
0,0.0,0.0,22.0,0.0,0.0,78.0,73.0,83.0,69.0,85.0,76.0,82.0,81.0,54.0,84.0,74.0,82.0,75.0
0,0.0,0.0,69.0,1.0,3.0,78.0,83.0,94.0,85.0,77.0,56.0,67.0,88.0,74.0,73.0,87.0,64.0,89.0
0,0.0,0.0,0.0,0.0,0.0,78.0,69.0,79.0,67.0,85.0,79.0,84.0,86.0,53.0,81.0,79.0,78.0,68.0
0,0.0,0.0,106.0,1.0,8.0,78.0,75.0,83.0,75.0,88.0,66.0,80.0,83.0,65.0,74.0,86.0,65.0,81.0
0,0.0,0.0,15.0,0.0,0.0,78.0,69.0,76.0,65.0,87.0,82.0,84.0,81.0,54.0,84.0,72.0,82.0,64.0
0,0.0,0.0,27.0,0.0,0.0,77.0,66.0,84.0,66.0,91.0,72.0,84.0,85.0,45.0,82.0,76.0,67.0,82.0
0,0.0,0.0,14.0,0.0,0.0,77.0,85.0,92.0,85.0,70.0,61.0,72.0,69.0,83.0,79.0,75.0,66.0,70.0
0,0.0,0.0,54.0,0.0,0.0,77.0,85.0,92.0,85.0,70.0,61.0,72.0,69.0,83.0,79.0,75.0,66.0,70.0
0,0.0,0.0,0.0,0.0,0.0,77.0,74.0,86.0,76.0,79.0,79.0,72.0,62.0,84.0,65.0,82.0,68.0,60.0
0,0.0,0.0,55.0,0.0,2.0,77.0,73.0,85.0,75.0,96.0,55.0,86.0,85.0,59.0,86.0,84.0,42.0,87.0
0,0.0,0.0,34.0,0.0,1.0,77.0,74.0,81.0,72.0,85.0,77.0,79.0,56.0,87.0,78.0,84.0,69.0,46.0
0,0.0,0.0,0.0,0.0,0.0,77.0,62.0,81.0,64.0,91.0,70.0,81.0,86.0,53.0,84.0,74.0,62.0,60.0
0,0.0,0.0,0.0,0.0,0.0,77.0,63.0,75.0,64.0,85.0,73.0,78.0,79.0,63.0,83.0,76.0,70.0,72.0
0,0.0,0.0,49.0,0.0,0.0,77.0,61.0,75.0,58.0,90.0,76.0,76.0,83.0,50.0,83.0,76.0,76.0,57.0
0,0.0,0.0,14.0,0.0,0.0,77.0,44.0,72.0,53.0,97.0,69.0,92.0,89.0,34.0,97.0,65.0,71.0,77.0
0,0.0,0.0,0.0,0.0,0.0,77.0,76.0,92.0,75.0,73.0,68.0,73.0,65.0,87.0,77.0,78.0,64.0,84.0
0,0.0,0.0,28.0,0.0,0.0,77.0,59.0,82.0,65.0,84.0,78.0,86.0,60.0,72.0,74.0,84.0,79.0,55.0
0,0.0,0.0,17.0,0.0,0.0,76.0,83.0,86.0,74.0,67.0,54.0,77.0,66.0,88.0,71.0,91.0,72.0,68.0
0,0.0,0.0,21.0,0.0,0.0,76.0,64.0,72.0,65.0,88.0,74.0,79.0,75.0,66.0,76.0,72.0,65.0,60.0
0,0.0,0.0,12.0,0.0,0.0,76.0,66.0,85.0,65.0,91.0,72.0,87.0,79.0,59.0,82.0,80.0,68.0,75.0
0,0.0,0.0,34.0,0.0,0.0,76.0,67.0,73.0,65.0,87.0,75.0,94.0,73.0,56.0,84.0,73.0,77.0,74.0
0,0.0,0.0,13.0,0.0,0.0,76.0,69.0,84.0,67.0,87.0,72.0,86.0,80.0,44.0,85.0,83.0,72.0,71.0
0,0.0,0.0,15.0,0.0,0.0,76.0,65.0,75.0,65.0,86.0,82.0,85.0,77.0,55.0,83.0,75.0,85.0,61.0
0,0.0,0.0,36.0,0.0,0.0,76.0,65.0,75.0,65.0,86.0,82.0,85.0,77.0,55.0,83.0,75.0,85.0,61.0
0,0.0,0.0,95.0,1.0,6.0,76.0,77.0,86.0,76.0,84.0,63.0,80.0,84.0,55.0,85.0,91.0,57.0,68.0
0,0.0,0.0,15.0,0.0,0.0,76.0,63.0,79.0,58.0,86.0,75.0,84.0,80.0,51.0,80.0,81.0,72.0,58.0
0,0.0,0.0,30.0,0.0,0.0,76.0,78.0,84.0,73.0,74.0,72.0,72.0,68.0,86.0,69.0,86.0,66.0,65.0
0,0.0,0.0,37.0,0.0,0.0,76.0,55.0,74.0,64.0,93.0,82.0,81.0,74.0,39.0,86.0,64.0,77.0,51.0
0,0.0,0.0,0.0,0.0,0.0,76.0,82.0,84.0,77.0,75.0,70.0,69.0,87.0,62.0,71.0,84.0,70.0,70.0
0,0.0,0.0,0.0,0.0,0.0,76.0,66.0,78.0,65.0,83.0,68.0,90.0,75.0,59.0,87.0,72.0,65.0,62.0
0,0.0,0.0,108.0,4.0,7.0,76.0,73.0,81.0,69.0,91.0,66.0,85.0,79.0,48.0,91.0,76.0,73.0,87.0
0,0.0,0.0,0.0,0.0,0.0,76.0,66.0,78.0,67.0,85.0,73.0,80.0,69.0,73.0,81.0,76.0,75.0,62.0
0,0.0,0.0,0.0,0.0,0.0,76.0,74.0,76.0,66.0,81.0,76.0,83.0,78.0,55.0,85.0,78.0,76.0,75.0
0,0.0,0.0,0.0,0.0,0.0,76.0,61.0,74.0,60.0,92.0,74.0,79.0,79.0,48.0,82.0,74.0,75.0,55.0
0,0.0,0.0,24.0,0.0,0.0,75.0,66.0,83.0,65.0,86.0,72.0,76.0,75.0,66.0,73.0,80.0,65.0,65.0
0,0.0,0.0,7.0,0.0,0.0,75.0,78.0,82.0,82.0,83.0,59.0,77.0,89.0,54.0,82.0,74.0,66.0,87.0
0,0.0,0.0,63.0,0.0,0.0,75.0,59.0,66.0,60.0,88.0,86.0,83.0,75.0,59.0,85.0,72.0,80.0,59.0
0,0.0,0.0,0.0,0.0,0.0,75.0,73.0,78.0,72.0,79.0,74.0,72.0,83.0,68.0,74.0,68.0,68.0,55.0
0,0.0,0.0,17.0,0.0,0.0,75.0,80.0,82.0,83.0,82.0,49.0,82.0,88.0,73.0,81.0,75.0,45.0,85.0
0,0.0,0.0,0.0,0.0,0.0,75.0,74.0,86.0,71.0,79.0,69.0,73.0,67.0,88.0,66.0,82.0,67.0,84.0
0,0.0,0.0,22.0,0.0,0.0,75.0,74.0,86.0,71.0,79.0,69.0,73.0,67.0,88.0,66.0,82.0,67.0,84.0
0,0.0,0.0,9.0,0.0,0.0,75.0,66.0,73.0,65.0,87.0,74.0,87.0,81.0,50.0,88.0,78.0,73.0,69.0
0,0.0,0.0,12.0,0.0,0.0,75.0,73.0,84.0,71.0,79.0,74.0,73.0,84.0,66.0,65.0,80.0,66.0,52.0
0,0.0,0.0,77.0,2.0,4.0,75.0,75.0,93.0,80.0,73.0,52.0,73.0,88.0,66.0,89.0,83.0,63.0,71.0
0,0.0,0.0,11.0,0.0,0.0,75.0,78.0,84.0,72.0,74.0,73.0,68.0,65.0,84.0,71.0,77.0,71.0,83.0
0,0.0,0.0,12.0,0.0,0.0,74.0,62.0,74.0,59.0,92.0,74.0,78.0,78.0,43.0,84.0,68.0,71.0,60.0
0,0.0,0.0,20.0,0.0,0.0,74.0,71.0,75.0,73.0,83.0,74.0,83.0,70.0,67.0,83.0,75.0,62.0,74.0
0,0.0,0.0,0.0,0.0,0.0,74.0,77.0,84.0,79.0,69.0,72.0,74.0,63.0,80.0,73.0,79.0,68.0,64.0
0,0.0,0.0,4.0,0.0,0.0,74.0,63.0,88.0,69.0,84.0,63.0,73.0,74.0,85.0,73.0,77.0,52.0,61.0
0,0.0,0.0,0.0,0.0,0.0,74.0,63.0,88.0,69.0,84.0,63.0,73.0,74.0,85.0,73.0,77.0,52.0,61.0
0,0.0,0.0,0.0,0.0,0.0,74.0,62.0,80.0,59.0,88.0,66.0,79.0,77.0,63.0,80.0,76.0,65.0,72.0
0,0.0,0.0,13.0,0.0,0.0,74.0,68.0,84.0,65.0,82.0,65.0,69.0,85.0,70.0,81.0,77.0,55.0,70.0
0,0.0,0.0,24.0,0.0,0.0,74.0,75.0,80.0,74.0,80.0,74.0,69.0,54.0,80.0,75.0,82.0,75.0,78.0
0,0.0,0.0,0.0,0.0,0.0,74.0,67.0,79.0,67.0,80.0,68.0,80.0,75.0,50.0,86.0,84.0,82.0,83.0
0,0.0,0.0,35.0,0.0,0.0,74.0,60.0,81.0,63.0,86.0,74.0,78.0,55.0,76.0,78.0,74.0,67.0,54.0
0,0.0,0.0,16.0,0.0,0.0,74.0,75.0,81.0,72.0,79.0,75.0,72.0,67.0,80.0,66.0,84.0,70.0,48.0
0,0.0,0.0,8.0,0.0,0.0,74.0,69.0,74.0,67.0,83.0,69.0,83.0,85.0,62.0,79.0,80.0,65.0,85.0
0,0.0,0.0,42.0,0.0,0.0,74.0,90.0,94.0,84.0,69.0,50.0,77.0,93.0,66.0,64.0,86.0,52.0,85.0
0,0.0,0.0,29.0,0.0,0.0,74.0,76.0,87.0,74.0,77.0,69.0,72.0,83.0,66.0,69.0,86.0,68.0,77.0
0,0.0,0.0,27.0,0.0,0.0,74.0,66.0,83.0,67.0,78.0,71.0,73.0,72.0,83.0,71.0,74.0,65.0,52.0
0,0.0,0.0,40.0,0.0,0.0,74.0,74.0,85.0,72.0,82.0,62.0,75.0,83.0,63.0,78.0,84.0,62.0,75.0
0,0.0,0.0,19.0,0.0,0.0,73.0,62.0,81.0,54.0,98.0,52.0,94.0,84.0,45.0,92.0,66.0,49.0,87.0
0,0.0,0.0,20.0,0.0,0.0,73.0,72.0,82.0,70.0,69.0,72.0,75.0,58.0,79.0,76.0,83.0,68.0,54.0
0,0.0,0.0,42.0,0.0,0.0,73.0,68.0,84.0,72.0,90.0,66.0,70.0,81.0,55.0,92.0,84.0,49.0,82.0
0,0.0,0.0,19.0,0.0,0.0,73.0,60.0,78.0,61.0,82.0,76.0,81.0,65.0,74.0,73.0,79.0,74.0,56.0
0,0.0,0.0,4.0,0.0,0.0,73.0,66.0,86.0,63.0,76.0,68.0,79.0,62.0,83.0,73.0,85.0,70.0,75.0
0,0.0,0.0,59.0,0.0,1.0,73.0,80.0,82.0,74.0,76.0,56.0,74.0,89.0,62.0,73.0,83.0,58.0,88.0
0,0.0,0.0,21.0,0.0,0.0,73.0,59.0,74.0,54.0,88.0,72.0,81.0,80.0,49.0,77.0,68.0,72.0,60.0
0,0.0,0.0,81.0,0.0,5.0,73.0,59.0,74.0,54.0,88.0,72.0,81.0,80.0,49.0,77.0,68.0,72.0,60.0
0,0.0,0.0,6.0,0.0,0.0,73.0,72.0,83.0,75.0,83.0,66.0,74.0,79.0,64.0,78.0,75.0,65.0,80.0
0,0.0,0.0,58.0,0.0,0.0,73.0,64.0,82.0,73.0,84.0,49.0,89.0,87.0,50.0,92.0,87.0,66.0,83.0
0,0.0,0.0,23.0,0.0,0.0,73.0,65.0,82.0,58.0,91.0,60.0,88.0,83.0,53.0,87.0,82.0,67.0,76.0
0,0.0,0.0,27.0,0.0,0.0,73.0,63.0,80.0,66.0,85.0,75.0,85.0,79.0,49.0,82.0,85.0,72.0,55.0
0,0.0,0.0,13.0,0.0,0.0,73.0,66.0,82.0,67.0,85.0,74.0,77.0,62.0,73.0,80.0,74.0,62.0,68.0
0,0.0,0.0,0.0,0.0,0.0,73.0,66.0,76.0,65.0,80.0,72.0,80.0,75.0,62.0,78.0,74.0,68.0,72.0
0,0.0,0.0,0.0,0.0,0.0,72.0,84.0,88.0,84.0,72.0,49.0,80.0,78.0,88.0,69.0,77.0,39.0,90.0
0,0.0,0.0,14.0,0.0,0.0,72.0,74.0,81.0,72.0,83.0,63.0,82.0,84.0,54.0,78.0,67.0,73.0,68.0
0,0.0,0.0,3.0,0.0,0.0,72.0,67.0,84.0,70.0,82.0,55.0,84.0,85.0,57.0,86.0,68.0,64.0,65.0
0,0.0,0.0,0.0,0.0,0.0,72.0,65.0,73.0,65.0,88.0,73.0,84.0,78.0,47.0,89.0,74.0,74.0,78.0
0,0.0,0.0,48.0,0.0,0.0,72.0,68.0,75.0,67.0,89.0,62.0,79.0,83.0,45.0,78.0,74.0,72.0,72.0
0,0.0,0.0,0.0,0.0,0.0,72.0,65.0,78.0,55.0,85.0,69.0,72.0,76.0,62.0,75.0,74.0,72.0,60.0
0,0.0,0.0,0.0,0.0,0.0,72.0,65.0,78.0,55.0,85.0,69.0,72.0,76.0,62.0,75.0,74.0,72.0,60.0
0,0.0,0.0,16.0,0.0,0.0,72.0,55.0,78.0,57.0,96.0,66.0,85.0,87.0,34.0,77.0,74.0,63.0,60.0
0,0.0,0.0,4.0,0.0,0.0,72.0,60.0,77.0,62.0,90.0,72.0,75.0,74.0,52.0,82.0,69.0,55.0,60.0
0,0.0,0.0,34.0,0.0,0.0,72.0,75.0,85.0,76.0,92.0,56.0,77.0,87.0,55.0,79.0,75.0,54.0,85.0
0,0.0,0.0,5.0,0.0,0.0,72.0,84.0,88.0,78.0,69.0,68.0,67.0,66.0,85.0,67.0,78.0,52.0,66.0
0,0.0,0.0,7.0,0.0,0.0,72.0,74.0,87.0,75.0,73.0,65.0,69.0,62.0,81.0,67.0,83.0,65.0,85.0
0,0.0,0.0,12.0,0.0,0.0,72.0,74.0,82.0,69.0,82.0,75.0,78.0,68.0,55.0,74.0,77.0,69.0,66.0
0,0.0,0.0,17.0,0.0,0.0,72.0,68.0,82.0,55.0,94.0,58.0,82.0,83.0,45.0,85.0,72.0,50.0,75.0
0,0.0,0.0,6.0,0.0,0.0,72.0,55.0,67.0,55.0,94.0,71.0,82.0,75.0,40.0,87.0,66.0,71.0,65.0
0,0.0,0.0,7.0,0.0,0.0,72.0,71.0,82.0,65.0,86.0,67.0,79.0,63.0,73.0,69.0,86.0,54.0,78.0
0,0.0,0.0,11.0,0.0,0.0,72.0,65.0,75.0,63.0,84.0,70.0,73.0,77.0,54.0,79.0,72.0,71.0,66.0
0,0.0,0.0,0.0,0.0,0.0,72.0,62.0,75.0,58.0,83.0,68.0,82.0,77.0,59.0,82.0,80.0,56.0,60.0
0,0.0,0.0,3.0,0.0,0.0,72.0,74.0,88.0,70.0,82.0,50.0,77.0,68.0,83.0,78.0,90.0,48.0,87.0
0,0.0,0.0,67.0,0.0,4.0,72.0,83.0,79.0,82.0,76.0,60.0,70.0,88.0,65.0,83.0,78.0,45.0,80.0
0,0.0,0.0,7.0,0.0,0.0,71.0,72.0,79.0,73.0,85.0,55.0,75.0,85.0,63.0,80.0,66.0,57.0,69.0
0,0.0,0.0,0.0,0.0,0.0,71.0,80.0,87.0,76.0,69.0,64.0,67.0,83.0,70.0,62.0,76.0,64.0,82.0
0,0.0,0.0,30.0,0.0,0.0,71.0,67.0,85.0,64.0,83.0,60.0,84.0,81.0,66.0,68.0,84.0,54.0,66.0
0,0.0,0.0,4.0,0.0,0.0,71.0,67.0,85.0,64.0,83.0,60.0,84.0,81.0,66.0,68.0,84.0,54.0,66.0
0,0.0,0.0,21.0,0.0,0.0,71.0,67.0,78.0,65.0,82.0,70.0,73.0,75.0,55.0,74.0,82.0,66.0,70.0
0,0.0,0.0,5.0,0.0,0.0,71.0,67.0,78.0,65.0,82.0,70.0,73.0,75.0,55.0,74.0,82.0,66.0,70.0
0,0.0,0.0,0.0,0.0,0.0,71.0,57.0,74.0,54.0,89.0,70.0,82.0,79.0,49.0,77.0,66.0,60.0,50.0
0,0.0,0.0,6.0,0.0,0.0,71.0,82.0,89.0,75.0,69.0,60.0,68.0,68.0,85.0,62.0,78.0,55.0,65.0
0,0.0,0.0,0.0,0.0,0.0,71.0,77.0,83.0,74.0,77.0,65.0,68.0,71.0,83.0,66.0,76.0,59.0,80.0
0,0.0,0.0,3.0,0.0,0.0,71.0,64.0,84.0,59.0,82.0,66.0,79.0,84.0,45.0,80.0,82.0,65.0,63.0
0,0.0,0.0,32.0,0.0,0.0,71.0,80.0,88.0,78.0,73.0,70.0,72.0,74.0,66.0,66.0,82.0,54.0,78.0
0,0.0,0.0,0.0,0.0,0.0,71.0,63.0,77.0,64.0,84.0,70.0,74.0,77.0,53.0,75.0,77.0,71.0,67.0
0,0.0,0.0,3.0,0.0,0.0,71.0,58.0,72.0,62.0,92.0,55.0,85.0,78.0,44.0,86.0,82.0,77.0,72.0
0,0.0,0.0,0.0,0.0,0.0,70.0,58.0,78.0,60.0,88.0,72.0,77.0,72.0,50.0,76.0,67.0,62.0,65.0
0,0.0,0.0,16.0,0.0,0.0,70.0,62.0,73.0,61.0,87.0,75.0,82.0,73.0,64.0,82.0,72.0,66.0,50.0
0,0.0,0.0,22.0,0.0,0.0,70.0,75.0,85.0,67.0,92.0,64.0,82.0,81.0,49.0,83.0,88.0,44.0,69.0
0,0.0,0.0,0.0,0.0,0.0,70.0,62.0,75.0,62.0,89.0,69.0,82.0,75.0,59.0,81.0,70.0,74.0,66.0
0,0.0,0.0,0.0,0.0,0.0,70.0,63.0,83.0,62.0,87.0,58.0,74.0,82.0,64.0,76.0,78.0,49.0,74.0
0,0.0,0.0,22.0,0.0,0.0,70.0,81.0,87.0,75.0,71.0,53.0,77.0,85.0,57.0,74.0,90.0,63.0,66.0
0,0.0,0.0,17.0,0.0,0.0,70.0,69.0,80.0,68.0,89.0,66.0,74.0,81.0,48.0,80.0,74.0,77.0,75.0
0,0.0,0.0,0.0,0.0,0.0,70.0,57.0,68.0,60.0,88.0,70.0,75.0,81.0,45.0,79.0,69.0,68.0,65.0
0,0.0,0.0,8.0,0.0,0.0,70.0,82.0,88.0,77.0,74.0,65.0,65.0,84.0,63.0,64.0,77.0,55.0,82.0
0,0.0,0.0,6.0,0.0,0.0,70.0,69.0,79.0,74.0,75.0,71.0,75.0,81.0,57.0,66.0,78.0,67.0,65.0
0,0.0,0.0,0.0,0.0,0.0,70.0,39.0,53.0,48.0,95.0,78.0,80.0,75.0,38.0,88.0,62.0,68.0,60.0
0,0.0,0.0,28.0,0.0,0.0,70.0,68.0,77.0,62.0,78.0,62.0,78.0,81.0,44.0,88.0,82.0,75.0,92.0
0,0.0,0.0,8.0,0.0,0.0,69.0,69.0,80.0,70.0,80.0,67.0,77.0,79.0,52.0,82.0,73.0,65.0,72.0
0,0.0,0.0,33.0,0.0,0.0,69.0,60.0,74.0,54.0,87.0,68.0,77.0,77.0,43.0,80.0,73.0,69.0,58.0
0,0.0,0.0,0.0,0.0,0.0,69.0,66.0,75.0,65.0,81.0,74.0,77.0,79.0,52.0,75.0,67.0,74.0,55.0
0,0.0,0.0,22.0,0.0,0.0,69.0,78.0,84.0,74.0,78.0,46.0,73.0,74.0,88.0,73.0,69.0,52.0,81.0
0,0.0,0.0,0.0,0.0,0.0,69.0,74.0,81.0,66.0,74.0,65.0,74.0,55.0,83.0,74.0,84.0,67.0,70.0
0,0.0,0.0,2.0,0.0,0.0,69.0,75.0,92.0,72.0,83.0,40.0,77.0,74.0,87.0,79.0,74.0,38.0,80.0
0,0.0,0.0,0.0,0.0,0.0,69.0,64.0,78.0,59.0,85.0,72.0,79.0,75.0,65.0,82.0,69.0,55.0,55.0
0,0.0,0.0,1.0,0.0,0.0,69.0,79.0,87.0,71.0,86.0,44.0,81.0,84.0,64.0,80.0,78.0,43.0,94.0
0,0.0,0.0,0.0,0.0,0.0,69.0,60.0,72.0,61.0,86.0,67.0,72.0,78.0,55.0,72.0,79.0,66.0,60.0
0,0.0,0.0,1.0,0.0,0.0,69.0,74.0,69.0,64.0,90.0,68.0,87.0,78.0,40.0,82.0,75.0,64.0,79.0
0,0.0,0.0,13.0,0.0,0.0,69.0,74.0,69.0,64.0,90.0,68.0,87.0,78.0,40.0,82.0,75.0,64.0,79.0
0,0.0,0.0,5.0,0.0,0.0,69.0,57.0,70.0,53.0,91.0,62.0,87.0,73.0,42.0,87.0,66.0,60.0,66.0
0,0.0,0.0,0.0,0.0,0.0,69.0,65.0,83.0,62.0,81.0,63.0,71.0,85.0,62.0,73.0,71.0,49.0,72.0
0,0.0,0.0,0.0,0.0,0.0,69.0,74.0,81.0,72.0,80.0,60.0,76.0,85.0,53.0,75.0,77.0,55.0,74.0
0,0.0,0.0,2.0,0.0,0.0,69.0,83.0,76.0,73.0,73.0,40.0,74.0,88.0,67.0,85.0,83.0,54.0,69.0
0,0.0,0.0,0.0,0.0,0.0,69.0,75.0,72.0,74.0,69.0,58.0,83.0,82.0,59.0,68.0,84.0,73.0,86.0
0,0.0,0.0,18.0,0.0,0.0,69.0,66.0,74.0,66.0,89.0,65.0,82.0,78.0,42.0,86.0,83.0,69.0,81.0
0,0.0,0.0,2.0,0.0,0.0,69.0,56.0,71.0,50.0,86.0,65.0,76.0,80.0,44.0,83.0,82.0,65.0,64.0
0,0.0,0.0,28.0,0.0,0.0,69.0,64.0,84.0,63.0,91.0,65.0,73.0,76.0,50.0,74.0,83.0,49.0,75.0
0,0.0,0.0,4.0,0.0,0.0,68.0,61.0,77.0,62.0,84.0,62.0,73.0,80.0,65.0,74.0,72.0,47.0,50.0
0,0.0,0.0,7.0,0.0,0.0,68.0,65.0,69.0,53.0,90.0,59.0,76.0,74.0,40.0,92.0,73.0,68.0,72.0
0,0.0,0.0,34.0,0.0,0.0,68.0,74.0,79.0,66.0,80.0,47.0,82.0,85.0,56.0,83.0,88.0,49.0,76.0
0,0.0,0.0,0.0,0.0,0.0,68.0,75.0,80.0,76.0,74.0,65.0,77.0,75.0,50.0,76.0,82.0,62.0,79.0
0,0.0,0.0,4.0,0.0,0.0,68.0,68.0,90.0,66.0,82.0,56.0,84.0,82.0,49.0,73.0,85.0,56.0,64.0
0,0.0,0.0,5.0,0.0,0.0,68.0,54.0,78.0,60.0,90.0,47.0,78.0,67.0,76.0,83.0,78.0,50.0,65.0
0,0.0,0.0,17.0,0.0,0.0,68.0,73.0,86.0,76.0,78.0,61.0,70.0,63.0,82.0,64.0,77.0,53.0,74.0
0,0.0,0.0,7.0,0.0,0.0,68.0,55.0,78.0,62.0,92.0,68.0,80.0,74.0,58.0,80.0,71.0,65.0,70.0
0,0.0,0.0,25.0,0.0,0.0,67.0,56.0,70.0,54.0,88.0,69.0,78.0,72.0,45.0,73.0,66.0,65.0,70.0
0,0.0,0.0,2.0,0.0,0.0,67.0,79.0,82.0,73.0,72.0,56.0,75.0,78.0,54.0,75.0,65.0,68.0,75.0
0,0.0,0.0,5.0,0.0,0.0,67.0,55.0,73.0,56.0,92.0,58.0,77.0,81.0,37.0,89.0,77.0,54.0,76.0
0,0.0,0.0,0.0,0.0,0.0,67.0,71.0,82.0,74.0,77.0,54.0,73.0,76.0,62.0,74.0,87.0,64.0,70.0
0,0.0,0.0,14.0,0.0,0.0,67.0,70.0,80.0,67.0,84.0,66.0,74.0,78.0,64.0,71.0,70.0,50.0,77.0
0,0.0,0.0,21.0,0.0,0.0,67.0,59.0,88.0,57.0,80.0,66.0,75.0,84.0,43.0,78.0,76.0,54.0,74.0
0,0.0,0.0,3.0,0.0,0.0,67.0,75.0,76.0,69.0,76.0,55.0,72.0,73.0,82.0,67.0,84.0,50.0,66.0
0,0.0,0.0,1.0,0.0,0.0,67.0,76.0,80.0,73.0,69.0,60.0,74.0,61.0,77.0,66.0,82.0,57.0,79.0
0,0.0,0.0,0.0,0.0,0.0,67.0,74.0,91.0,70.0,80.0,58.0,69.0,84.0,66.0,68.0,77.0,45.0,62.0
0,0.0,0.0,14.0,0.0,0.0,67.0,74.0,82.0,71.0,77.0,68.0,71.0,69.0,79.0,57.0,80.0,50.0,65.0
0,0.0,0.0,7.0,0.0,0.0,66.0,64.0,83.0,58.0,90.0,48.0,83.0,81.0,48.0,70.0,77.0,61.0,88.0
0,0.0,0.0,2.0,0.0,0.0,66.0,49.0,68.0,53.0,93.0,54.0,84.0,82.0,30.0,92.0,75.0,57.0,65.0
0,0.0,0.0,0.0,0.0,0.0,66.0,65.0,73.0,64.0,82.0,57.0,85.0,85.0,38.0,84.0,65.0,74.0,80.0
0,0.0,0.0,0.0,0.0,0.0,66.0,63.0,70.0,61.0,82.0,75.0,77.0,73.0,45.0,80.0,73.0,80.0,69.0
0,0.0,0.0,50.0,0.0,1.0,66.0,83.0,81.0,73.0,82.0,44.0,74.0,83.0,64.0,77.0,72.0,44.0,71.0
0,0.0,0.0,8.0,0.0,0.0,66.0,69.0,82.0,65.0,87.0,51.0,70.0,77.0,60.0,65.0,82.0,62.0,75.0
0,0.0,0.0,5.0,0.0,0.0,66.0,53.0,74.0,51.0,90.0,61.0,80.0,73.0,42.0,84.0,79.0,50.0,67.0
0,0.0,0.0,26.0,0.0,0.0,66.0,67.0,79.0,65.0,84.0,61.0,81.0,76.0,49.0,69.0,75.0,56.0,66.0
0,0.0,0.0,0.0,0.0,0.0,66.0,71.0,75.0,68.0,88.0,56.0,80.0,74.0,48.0,67.0,75.0,66.0,64.0
0,0.0,0.0,0.0,0.0,0.0,66.0,71.0,75.0,68.0,88.0,56.0,80.0,74.0,48.0,67.0,75.0,66.0,64.0
0,0.0,0.0,0.0,0.0,0.0,66.0,71.0,75.0,68.0,88.0,56.0,80.0,74.0,48.0,67.0,75.0,66.0,64.0
0,0.0,0.0,8.0,0.0,0.0,66.0,71.0,75.0,68.0,88.0,56.0,80.0,74.0,48.0,67.0,75.0,66.0,64.0
0,0.0,0.0,6.0,0.0,0.0,66.0,71.0,75.0,68.0,88.0,56.0,80.0,74.0,48.0,67.0,75.0,66.0,64.0
0,0.0,0.0,0.0,0.0,0.0,66.0,60.0,76.0,63.0,79.0,65.0,80.0,75.0,66.0,69.0,63.0,65.0,60.0
0,0.0,0.0,0.0,0.0,0.0,66.0,67.0,74.0,68.0,79.0,53.0,82.0,77.0,57.0,74.0,62.0,70.0,70.0
0,0.0,0.0,1.0,0.0,0.0,65.0,67.0,83.0,64.0,85.0,64.0,70.0,66.0,62.0,64.0,78.0,51.0,70.0
0,0.0,0.0,0.0,0.0,0.0,65.0,50.0,68.0,48.0,91.0,53.0,81.0,82.0,44.0,88.0,64.0,50.0,75.0
0,0.0,0.0,0.0,0.0,0.0,65.0,62.0,66.0,64.0,81.0,50.0,73.0,66.0,73.0,85.0,77.0,54.0,66.0
0,0.0,0.0,0.0,0.0,0.0,65.0,62.0,66.0,64.0,81.0,50.0,73.0,66.0,73.0,85.0,77.0,54.0,66.0
0,0.0,0.0,0.0,0.0,0.0,65.0,62.0,66.0,64.0,81.0,50.0,73.0,66.0,73.0,85.0,77.0,54.0,66.0
0,0.0,0.0,10.0,0.0,0.0,65.0,62.0,66.0,64.0,81.0,50.0,73.0,66.0,73.0,85.0,77.0,54.0,66.0
0,0.0,0.0,0.0,0.0,0.0,65.0,68.0,82.0,65.0,79.0,64.0,76.0,76.0,54.0,72.0,76.0,39.0,72.0
0,0.0,0.0,15.0,0.0,0.0,65.0,73.0,85.0,71.0,75.0,49.0,79.0,54.0,75.0,81.0,72.0,65.0,66.0
0,0.0,0.0,0.0,0.0,0.0,65.0,74.0,82.0,74.0,70.0,58.0,74.0,55.0,82.0,68.0,74.0,55.0,75.0
0,0.0,0.0,3.0,0.0,0.0,65.0,50.0,78.0,53.0,92.0,66.0,64.0,80.0,50.0,65.0,64.0,61.0,70.0
0,0.0,0.0,12.0,0.0,0.0,65.0,75.0,66.0,64.0,80.0,60.0,69.0,82.0,62.0,77.0,74.0,50.0,80.0
0,0.0,0.0,0.0,0.0,0.0,65.0,65.0,75.0,63.0,84.0,61.0,70.0,73.0,54.0,74.0,58.0,64.0,62.0
0,0.0,0.0,0.0,0.0,0.0,65.0,80.0,77.0,73.0,75.0,59.0,71.0,76.0,62.0,70.0,69.0,50.0,73.0
0,0.0,0.0,1.0,0.0,0.0,65.0,69.0,84.0,68.0,77.0,55.0,77.0,86.0,65.0,69.0,64.0,33.0,78.0
0,0.0,0.0,10.0,0.0,0.0,65.0,55.0,85.0,62.0,93.0,43.0,83.0,87.0,40.0,88.0,72.0,37.0,84.0
0,0.0,0.0,6.0,0.0,0.0,65.0,64.0,86.0,68.0,90.0,43.0,74.0,76.0,54.0,75.0,80.0,55.0,80.0
0,0.0,0.0,6.0,0.0,0.0,65.0,75.0,85.0,72.0,65.0,55.0,64.0,64.0,84.0,65.0,79.0,56.0,71.0
0,0.0,0.0,1.0,0.0,0.0,65.0,75.0,85.0,72.0,65.0,55.0,64.0,64.0,84.0,65.0,79.0,56.0,71.0
0,0.0,0.0,0.0,0.0,0.0,65.0,55.0,76.0,58.0,88.0,65.0,78.0,81.0,45.0,79.0,52.0,35.0,50.0
0,0.0,0.0,9.0,0.0,0.0,65.0,55.0,76.0,58.0,88.0,65.0,78.0,81.0,45.0,79.0,52.0,35.0,50.0
0,0.0,0.0,0.0,0.0,0.0,64.0,74.0,87.0,75.0,65.0,46.0,77.0,74.0,76.0,62.0,88.0,38.0,83.0
0,0.0,0.0,0.0,0.0,0.0,64.0,75.0,77.0,66.0,69.0,55.0,69.0,69.0,83.0,72.0,75.0,46.0,70.0
0,0.0,0.0,0.0,0.0,0.0,64.0,74.0,84.0,72.0,66.0,56.0,68.0,67.0,76.0,66.0,81.0,60.0,65.0
0,0.0,0.0,0.0,0.0,0.0,64.0,74.0,84.0,72.0,66.0,56.0,68.0,67.0,76.0,66.0,81.0,60.0,65.0
0,0.0,0.0,0.0,0.0,0.0,64.0,74.0,84.0,72.0,66.0,56.0,68.0,67.0,76.0,66.0,81.0,60.0,65.0
0,0.0,0.0,1.0,0.0,0.0,64.0,64.0,78.0,58.0,82.0,51.0,78.0,77.0,52.0,81.0,71.0,54.0,64.0
0,0.0,0.0,0.0,0.0,0.0,64.0,56.0,69.0,63.0,93.0,46.0,82.0,68.0,44.0,87.0,60.0,66.0,65.0
0,0.0,0.0,0.0,0.0,0.0,64.0,66.0,76.0,65.0,83.0,64.0,77.0,79.0,48.0,78.0,73.0,52.0,74.0
0,0.0,0.0,0.0,0.0,0.0,64.0,63.0,77.0,64.0,85.0,57.0,74.0,76.0,42.0,77.0,71.0,60.0,70.0
0,0.0,0.0,0.0,0.0,0.0,64.0,56.0,68.0,53.0,92.0,58.0,76.0,80.0,40.0,82.0,65.0,43.0,78.0
0,0.0,0.0,13.0,0.0,0.0,64.0,61.0,72.0,57.0,87.0,48.0,75.0,85.0,55.0,82.0,74.0,37.0,68.0
0,0.0,0.0,0.0,0.0,0.0,64.0,61.0,72.0,57.0,87.0,48.0,75.0,85.0,55.0,82.0,74.0,37.0,68.0
0,0.0,0.0,0.0,0.0,0.0,64.0,67.0,80.0,64.0,81.0,53.0,72.0,78.0,60.0,67.0,79.0,57.0,66.0
0,0.0,0.0,0.0,0.0,0.0,64.0,75.0,79.0,69.0,84.0,46.0,82.0,85.0,48.0,74.0,73.0,55.0,85.0
0,0.0,0.0,17.0,0.0,0.0,64.0,74.0,87.0,72.0,76.0,48.0,71.0,86.0,66.0,66.0,72.0,46.0,69.0
0,0.0,0.0,0.0,0.0,0.0,64.0,66.0,72.0,60.0,87.0,50.0,78.0,76.0,56.0,74.0,66.0,49.0,71.0
0,0.0,0.0,0.0,0.0,0.0,64.0,70.0,84.0,68.0,77.0,53.0,74.0,64.0,77.0,66.0,72.0,52.0,65.0
0,0.0,0.0,0.0,0.0,0.0,64.0,70.0,77.0,69.0,78.0,52.0,72.0,82.0,64.0,75.0,73.0,49.0,75.0
0,0.0,0.0,1.0,0.0,0.0,63.0,61.0,84.0,58.0,85.0,51.0,72.0,81.0,48.0,69.0,70.0,58.0,67.0
0,0.0,0.0,0.0,0.0,0.0,63.0,61.0,84.0,58.0,85.0,51.0,72.0,81.0,48.0,69.0,70.0,58.0,67.0
0,0.0,0.0,14.0,0.0,0.0,63.0,77.0,89.0,82.0,73.0,56.0,65.0,57.0,78.0,60.0,82.0,45.0,78.0
0,0.0,0.0,0.0,0.0,0.0,63.0,67.0,76.0,65.0,84.0,54.0,74.0,79.0,54.0,75.0,69.0,63.0,76.0
0,0.0,0.0,4.0,0.0,0.0,63.0,67.0,81.0,68.0,89.0,65.0,70.0,76.0,50.0,79.0,75.0,46.0,68.0
0,0.0,0.0,0.0,0.0,0.0,63.0,63.0,79.0,65.0,84.0,55.0,75.0,76.0,52.0,78.0,71.0,60.0,72.0
0,0.0,0.0,0.0,0.0,0.0,63.0,67.0,81.0,68.0,83.0,57.0,77.0,75.0,53.0,82.0,64.0,56.0,66.0
0,0.0,0.0,17.0,0.0,0.0,63.0,75.0,88.0,80.0,64.0,44.0,70.0,67.0,81.0,57.0,79.0,73.0,50.0
0,0.0,0.0,6.0,0.0,0.0,63.0,74.0,84.0,68.0,75.0,50.0,76.0,63.0,83.0,58.0,66.0,59.0,55.0
0,0.0,0.0,0.0,0.0,0.0,63.0,74.0,86.0,78.0,77.0,51.0,72.0,70.0,65.0,76.0,75.0,45.0,70.0
0,0.0,0.0,0.0,0.0,0.0,63.0,73.0,84.0,77.0,72.0,49.0,77.0,64.0,81.0,66.0,78.0,42.0,74.0
0,0.0,0.0,6.0,0.0,0.0,63.0,69.0,71.0,60.0,85.0,52.0,74.0,76.0,49.0,74.0,81.0,49.0,71.0
0,0.0,0.0,0.0,0.0,0.0,63.0,64.0,74.0,62.0,87.0,53.0,75.0,75.0,44.0,83.0,65.0,41.0,70.0
0,0.0,0.0,0.0,0.0,0.0,63.0,74.0,76.0,69.0,73.0,48.0,76.0,77.0,64.0,76.0,68.0,55.0,70.0
0,0.0,0.0,0.0,0.0,0.0,63.0,62.0,74.0,55.0,93.0,51.0,77.0,71.0,37.0,84.0,58.0,55.0,71.0
0,0.0,0.0,0.0,0.0,0.0,63.0,52.0,70.0,48.0,92.0,46.0,70.0,80.0,64.0,80.0,56.0,44.0,68.0
0,0.0,0.0,0.0,0.0,0.0,62.0,64.0,72.0,56.0,77.0,63.0,68.0,77.0,47.0,75.0,67.0,52.0,75.0
0,0.0,0.0,0.0,0.0,0.0,62.0,67.0,87.0,75.0,80.0,35.0,69.0,76.0,85.0,65.0,79.0,39.0,84.0
0,0.0,0.0,0.0,0.0,0.0,62.0,64.0,66.0,63.0,85.0,46.0,77.0,73.0,55.0,77.0,65.0,61.0,66.0
0,0.0,0.0,0.0,0.0,0.0,62.0,77.0,74.0,69.0,78.0,46.0,72.0,75.0,66.0,69.0,74.0,53.0,72.0
0,0.0,0.0,0.0,0.0,0.0,62.0,63.0,69.0,61.0,85.0,59.0,76.0,79.0,35.0,68.0,65.0,72.0,65.0
0,0.0,0.0,2.0,0.0,0.0,62.0,55.0,65.0,62.0,87.0,47.0,77.0,78.0,55.0,75.0,62.0,54.0,65.0
0,0.0,0.0,3.0,0.0,0.0,62.0,67.0,74.0,66.0,81.0,56.0,78.0,82.0,46.0,80.0,83.0,54.0,65.0
0,0.0,0.0,0.0,0.0,0.0,62.0,64.0,73.0,61.0,80.0,61.0,71.0,70.0,61.0,66.0,75.0,44.0,66.0
0,0.0,0.0,0.0,0.0,0.0,62.0,63.0,74.0,64.0,84.0,60.0,74.0,76.0,49.0,67.0,80.0,40.0,75.0
0,0.0,0.0,41.0,0.0,1.0,62.0,70.0,84.0,74.0,73.0,49.0,76.0,62.0,82.0,64.0,72.0,57.0,67.0
0,0.0,0.0,18.0,0.0,0.0,62.0,73.0,78.0,64.0,67.0,55.0,75.0,76.0,44.0,77.0,74.0,66.0,74.0
0,0.0,0.0,0.0,0.0,0.0,62.0,47.0,71.0,52.0,76.0,58.0,76.0,82.0,53.0,72.0,69.0,65.0,72.0
0,0.0,0.0,0.0,0.0,0.0,62.0,72.0,84.0,65.0,74.0,45.0,75.0,80.0,62.0,66.0,81.0,55.0,64.0
0,0.0,0.0,15.0,0.0,0.0,62.0,68.0,74.0,65.0,82.0,64.0,72.0,75.0,49.0,73.0,69.0,64.0,72.0
0,0.0,0.0,2.0,0.0,0.0,62.0,70.0,85.0,66.0,89.0,43.0,68.0,82.0,56.0,78.0,69.0,52.0,74.0
0,0.0,0.0,45.0,0.0,1.0,61.0,71.0,85.0,66.0,77.0,43.0,85.0,83.0,46.0,81.0,69.0,48.0,72.0
0,0.0,0.0,0.0,0.0,0.0,61.0,64.0,72.0,63.0,88.0,51.0,77.0,73.0,37.0,85.0,65.0,43.0,61.0
0,0.0,0.0,0.0,0.0,0.0,61.0,64.0,82.0,68.0,89.0,48.0,79.0,64.0,52.0,68.0,72.0,46.0,84.0
0,0.0,0.0,1.0,0.0,0.0,61.0,65.0,63.0,56.0,87.0,49.0,74.0,78.0,49.0,77.0,63.0,54.0,70.0
0,0.0,0.0,6.0,0.0,0.0,61.0,74.0,77.0,69.0,71.0,49.0,73.0,87.0,60.0,64.0,80.0,47.0,74.0
0,0.0,0.0,1.0,0.0,0.0,61.0,64.0,87.0,68.0,77.0,44.0,75.0,72.0,78.0,66.0,64.0,39.0,82.0
0,0.0,0.0,0.0,0.0,0.0,61.0,70.0,73.0,63.0,85.0,57.0,75.0,82.0,53.0,61.0,79.0,49.0,70.0
0,0.0,0.0,1.0,0.0,0.0,61.0,74.0,79.0,65.0,81.0,44.0,72.0,76.0,54.0,63.0,71.0,70.0,72.0
0,0.0,0.0,0.0,0.0,0.0,60.0,69.0,70.0,65.0,72.0,49.0,78.0,81.0,48.0,83.0,74.0,54.0,72.0
0,0.0,0.0,0.0,0.0,0.0,60.0,61.0,72.0,64.0,71.0,62.0,69.0,75.0,45.0,73.0,74.0,67.0,63.0
0,0.0,0.0,6.0,0.0,0.0,60.0,70.0,82.0,68.0,84.0,38.0,73.0,74.0,47.0,83.0,74.0,45.0,75.0
0,0.0,0.0,0.0,0.0,0.0,60.0,68.0,76.0,70.0,79.0,39.0,82.0,75.0,51.0,81.0,72.0,43.0,66.0
0,0.0,0.0,1.0,0.0,0.0,60.0,66.0,82.0,69.0,85.0,39.0,72.0,64.0,81.0,65.0,66.0,42.0,70.0
0,0.0,0.0,0.0,0.0,0.0,60.0,52.0,65.0,55.0,88.0,50.0,78.0,84.0,42.0,76.0,52.0,47.0,65.0
0,0.0,0.0,0.0,0.0,0.0,60.0,65.0,75.0,62.0,82.0,52.0,69.0,71.0,55.0,72.0,77.0,44.0,66.0
0,0.0,0.0,54.0,0.0,1.0,60.0,59.0,77.0,66.0,82.0,39.0,79.0,83.0,51.0,82.0,67.0,39.0,88.0
0,0.0,0.0,0.0,0.0,0.0,60.0,63.0,72.0,65.0,88.0,52.0,75.0,80.0,62.0,69.0,72.0,56.0,66.0
0,0.0,0.0,0.0,0.0,0.0,60.0,67.0,82.0,68.0,79.0,41.0,82.0,73.0,45.0,85.0,74.0,45.0,82.0
0,0.0,0.0,0.0,0.0,0.0,60.0,57.0,66.0,55.0,84.0,52.0,73.0,72.0,54.0,78.0,59.0,44.0,72.0
0,0.0,0.0,0.0,0.0,0.0,59.0,62.0,80.0,66.0,80.0,62.0,72.0,65.0,54.0,57.0,75.0,44.0,70.0
0,0.0,0.0,0.0,0.0,0.0,59.0,63.0,71.0,71.0,82.0,49.0,71.0,77.0,51.0,72.0,62.0,45.0,73.0
0,0.0,0.0,0.0,0.0,0.0,59.0,43.0,64.0,46.0,91.0,38.0,75.0,71.0,54.0,84.0,56.0,69.0,66.0
0,0.0,0.0,63.0,0.0,0.0,59.0,68.0,67.0,62.0,84.0,57.0,84.0,73.0,42.0,80.0,84.0,40.0,86.0
0,0.0,0.0,0.0,0.0,0.0,59.0,62.0,77.0,64.0,83.0,54.0,67.0,80.0,46.0,65.0,67.0,49.0,68.0
0,0.0,0.0,34.0,0.0,0.0,59.0,54.0,66.0,48.0,94.0,57.0,78.0,78.0,65.0,85.0,66.0,45.0,52.0
0,0.0,0.0,0.0,0.0,0.0,59.0,66.0,68.0,73.0,75.0,47.0,72.0,64.0,77.0,62.0,76.0,72.0,82.0
0,0.0,0.0,0.0,0.0,0.0,58.0,85.0,80.0,77.0,71.0,44.0,64.0,56.0,80.0,62.0,67.0,55.0,65.0
0,0.0,0.0,0.0,0.0,0.0,58.0,67.0,76.0,64.0,80.0,42.0,72.0,78.0,54.0,65.0,74.0,51.0,68.0
0,0.0,0.0,0.0,0.0,0.0,58.0,60.0,70.0,57.0,90.0,37.0,77.0,78.0,45.0,76.0,64.0,50.0,72.0
0,0.0,0.0,0.0,0.0,0.0,58.0,74.0,73.0,76.0,66.0,54.0,65.0,57.0,74.0,83.0,77.0,35.0,65.0
0,0.0,0.0,0.0,0.0,0.0,58.0,69.0,84.0,71.0,77.0,49.0,65.0,79.0,45.0,68.0,75.0,59.0,70.0
0,0.0,0.0,0.0,0.0,0.0,58.0,72.0,76.0,68.0,83.0,54.0,79.0,81.0,37.0,69.0,84.0,39.0,69.0
0,0.0,0.0,3.0,0.0,0.0,58.0,78.0,86.0,74.0,65.0,60.0,65.0,45.0,82.0,49.0,82.0,45.0,60.0
0,0.0,0.0,0.0,0.0,0.0,57.0,49.0,66.0,54.0,87.0,44.0,73.0,74.0,49.0,76.0,69.0,49.0,55.0
0,0.0,0.0,0.0,0.0,0.0,56.0,66.0,75.0,58.0,81.0,42.0,72.0,75.0,40.0,77.0,66.0,48.0,62.0
0,0.0,0.0,0.0,0.0,0.0,56.0,62.0,74.0,65.0,76.0,56.0,73.0,75.0,38.0,65.0,66.0,51.0,60.0
0,0.0,0.0,0.0,0.0,0.0,56.0,48.0,74.0,52.0,92.0,44.0,69.0,75.0,38.0,81.0,66.0,37.0,73.0
0,0.0,0.0,0.0,0.0,0.0,56.0,67.0,82.0,63.0,82.0,56.0,69.0,73.0,46.0,74.0,65.0,51.0,66.0
0,0.0,0.0,0.0,0.0,0.0,56.0,49.0,57.0,54.0,90.0,56.0,68.0,72.0,41.0,75.0,55.0,42.0,65.0
0,0.0,0.0,0.0,0.0,0.0,55.0,69.0,76.0,63.0,78.0,49.0,67.0,80.0,42.0,68.0,66.0,60.0,60.0
0,0.0,0.0,0.0,0.0,0.0,54.0,69.0,76.0,72.0,74.0,49.0,76.0,67.0,52.0,64.0,73.0,53.0,70.0
0,0.0,0.0,0.0,0.0,0.0,54.0,45.0,66.0,56.0,86.0,44.0,72.0,72.0,35.0,83.0,66.0,49.0,58.0
0,0.0,0.0,0.0,0.0,0.0,54.0,77.0,85.0,74.0,67.0,43.0,66.0,74.0,59.0,62.0,80.0,32.0,72.0
0,0.0,0.0,0.0,0.0,0.0,53.0,83.0,77.0,75.0,74.0,39.0,64.0,62.0,76.0,55.0,69.0,43.0,65.0
0,0.0,0.0,0.0,0.0,0.0,53.0,58.0,66.0,64.0,84.0,48.0,73.0,76.0,47.0,66.0,82.0,55.0,65.0
0,0.0,0.0,0.0,0.0,0.0,53.0,64.0,75.0,68.0,84.0,47.0,64.0,79.0,55.0,75.0,54.0,42.0,72.0
0,0.0,0.0,0.0,0.0,0.0,52.0,54.0,72.0,53.0,85.0,35.0,71.0,61.0,55.0,74.0,67.0,41.0,70.0
0,0.0,0.0,0.0,0.0,0.0,52.0,69.0,73.0,67.0,73.0,40.0,74.0,74.0,55.0,70.0,65.0,40.0,66.0
0,0.0,0.0,0.0,0.0,0.0,52.0,84.0,76.0,78.0,79.0,35.0,64.0,74.0,49.0,72.0,61.0,34.0,75.0
0,0.0,0.0,0.0,0.0,0.0,52.0,90.0,84.0,81.0,62.0,48.0,65.0,54.0,60.0,63.0,66.0,35.0,65.0
0,0.0,0.0,0.0,0.0,0.0,49.0,55.0,62.0,52.0,81.0,49.0,84.0,76.0,37.0,80.0,63.0,50.0,54.0
0,0.0,24.0,110.0,5.0,5.0,99.0,77.0,0.0,75.0,0.0,85.0,95.0,99.0,0.0,98.0,96.0,85.0,84.0
0,0.0,25.0,89.0,2.0,8.0,97.0,73.0,0.0,69.0,0.0,85.0,90.0,99.0,0.0,93.0,96.0,84.0,65.0
0,0.0,31.0,0.0,0.0,0.0,97.0,84.0,0.0,85.0,0.0,85.0,88.0,69.0,0.0,75.0,95.0,81.0,87.0
0,0.0,31.0,100.0,4.0,9.0,94.0,84.0,0.0,84.0,0.0,85.0,72.0,93.0,0.0,72.0,85.0,84.0,85.0
0,0.0,33.0,101.0,1.0,5.0,94.0,73.0,0.0,68.0,0.0,97.0,92.0,84.0,0.0,96.0,95.0,96.0,75.0
0,0.0,33.0,0.0,0.0,0.0,94.0,73.0,0.0,68.0,0.0,97.0,92.0,84.0,0.0,96.0,95.0,96.0,75.0
0,0.0,24.0,74.0,1.0,3.0,94.0,85.0,0.0,86.0,0.0,76.0,90.0,75.0,0.0,84.0,96.0,68.0,88.0
0,0.0,23.0,58.0,0.0,1.0,94.0,72.0,0.0,76.0,0.0,81.0,98.0,89.0,0.0,97.0,96.0,78.0,74.0
0,0.0,29.0,100.0,2.0,5.0,94.0,68.0,0.0,70.0,0.0,96.0,95.0,88.0,0.0,97.0,91.0,93.0,85.0
0,0.0,26.0,112.0,1.0,6.0,93.0,74.0,0.0,78.0,0.0,87.0,88.0,74.0,0.0,80.0,89.0,79.0,74.0
0,0.0,26.0,100.0,3.0,5.0,93.0,72.0,0.0,82.0,0.0,83.0,74.0,97.0,0.0,85.0,89.0,85.0,95.0
0,0.0,27.0,13.0,0.0,0.0,93.0,78.0,0.0,76.0,0.0,87.0,74.0,97.0,0.0,75.0,93.0,83.0,75.0
0,0.0,27.0,6.0,0.0,0.0,93.0,78.0,0.0,76.0,0.0,87.0,74.0,97.0,0.0,75.0,93.0,83.0,75.0
0,0.0,27.0,39.0,0.0,0.0,93.0,78.0,0.0,76.0,0.0,87.0,74.0,97.0,0.0,75.0,93.0,83.0,75.0
0,0.0,27.0,47.0,0.0,0.0,93.0,78.0,0.0,76.0,0.0,87.0,74.0,97.0,0.0,75.0,93.0,83.0,75.0
0,0.0,27.0,7.0,0.0,0.0,93.0,78.0,0.0,76.0,0.0,87.0,74.0,97.0,0.0,75.0,93.0,83.0,75.0
0,0.0,31.0,90.0,1.0,5.0,93.0,56.0,0.0,61.0,0.0,94.0,94.0,88.0,0.0,98.0,91.0,96.0,68.0
0,0.0,33.0,130.0,3.0,9.0,92.0,84.0,0.0,86.0,0.0,88.0,72.0,79.0,0.0,67.0,89.0,75.0,88.0
0,0.0,28.0,79.0,1.0,4.0,92.0,83.0,0.0,84.0,0.0,82.0,85.0,68.0,0.0,86.0,89.0,73.0,84.0
0,0.0,30.0,79.0,0.0,6.0,91.0,62.0,0.0,65.0,0.0,93.0,94.0,91.0,0.0,92.0,93.0,92.0,50.0
0,0.0,30.0,6.0,0.0,0.0,91.0,62.0,0.0,65.0,0.0,93.0,94.0,91.0,0.0,92.0,93.0,92.0,50.0
0,0.0,30.0,0.0,0.0,0.0,91.0,62.0,0.0,65.0,0.0,93.0,94.0,91.0,0.0,92.0,93.0,92.0,50.0
0,0.0,25.0,69.0,1.0,6.0,91.0,72.0,0.0,75.0,0.0,78.0,91.0,96.0,0.0,83.0,90.0,77.0,85.0
0,0.0,26.0,25.0,0.0,1.0,90.0,74.0,0.0,77.0,0.0,81.0,79.0,97.0,0.0,82.0,91.0,78.0,84.0
0,0.0,25.0,23.0,0.0,0.0,90.0,73.0,0.0,73.0,0.0,71.0,90.0,95.0,0.0,91.0,93.0,74.0,88.0
0,0.0,25.0,33.0,0.0,1.0,90.0,76.0,0.0,78.0,0.0,77.0,83.0,95.0,0.0,81.0,88.0,76.0,63.0
0,0.0,31.0,56.0,0.0,1.0,90.0,73.0,0.0,69.0,0.0,88.0,72.0,96.0,0.0,83.0,81.0,85.0,72.0
0,0.0,33.0,0.0,0.0,0.0,90.0,68.0,0.0,67.0,0.0,95.0,81.0,86.0,0.0,84.0,77.0,84.0,66.0
0,0.0,33.0,27.0,0.0,0.0,90.0,68.0,0.0,67.0,0.0,95.0,81.0,86.0,0.0,84.0,77.0,84.0,66.0
0,0.0,33.0,0.0,0.0,0.0,90.0,68.0,0.0,67.0,0.0,95.0,81.0,86.0,0.0,84.0,77.0,84.0,66.0
0,0.0,33.0,8.0,0.0,0.0,90.0,68.0,0.0,67.0,0.0,95.0,81.0,86.0,0.0,84.0,77.0,84.0,66.0
0,0.0,33.0,102.0,5.0,6.0,90.0,68.0,0.0,67.0,0.0,95.0,81.0,86.0,0.0,84.0,77.0,84.0,66.0
0,0.0,24.0,67.0,0.0,2.0,89.0,84.0,0.0,81.0,0.0,76.0,80.0,71.0,0.0,75.0,87.0,72.0,72.0
0,0.0,26.0,14.0,0.0,0.0,89.0,84.0,0.0,83.0,0.0,78.0,86.0,69.0,0.0,83.0,87.0,75.0,70.0
0,0.0,26.0,54.0,0.0,0.0,89.0,84.0,0.0,83.0,0.0,78.0,86.0,69.0,0.0,83.0,87.0,75.0,70.0
0,0.0,29.0,34.0,0.0,1.0,89.0,80.0,0.0,79.0,0.0,76.0,82.0,72.0,0.0,69.0,92.0,85.0,82.0
0,0.0,28.0,3.0,0.0,0.0,89.0,69.0,0.0,71.0,0.0,85.0,88.0,85.0,0.0,87.0,85.0,79.0,55.0
0,0.0,28.0,0.0,0.0,0.0,89.0,69.0,0.0,71.0,0.0,85.0,88.0,85.0,0.0,87.0,85.0,79.0,55.0
0,0.0,28.0,35.0,0.0,0.0,89.0,69.0,0.0,71.0,0.0,85.0,88.0,85.0,0.0,87.0,85.0,79.0,55.0
0,0.0,26.0,31.0,0.0,0.0,89.0,74.0,0.0,72.0,0.0,79.0,95.0,85.0,0.0,84.0,93.0,79.0,66.0
0,0.0,31.0,0.0,0.0,0.0,89.0,80.0,0.0,82.0,0.0,90.0,72.0,66.0,0.0,68.0,93.0,87.0,62.0
0,0.0,31.0,20.0,0.0,0.0,89.0,80.0,0.0,82.0,0.0,90.0,72.0,66.0,0.0,68.0,93.0,87.0,62.0
0,0.0,31.0,101.0,4.0,5.0,89.0,75.0,0.0,74.0,0.0,90.0,71.0,94.0,0.0,75.0,90.0,91.0,65.0
0,0.0,23.0,56.0,1.0,2.0,88.0,72.0,0.0,71.0,0.0,75.0,82.0,93.0,0.0,90.0,85.0,73.0,90.0
0,0.0,27.0,0.0,0.0,0.0,88.0,67.0,0.0,64.0,0.0,82.0,87.0,93.0,0.0,87.0,85.0,81.0,83.0
0,0.0,29.0,61.0,0.0,2.0,88.0,65.0,0.0,63.0,0.0,90.0,79.0,89.0,0.0,87.0,83.0,88.0,54.0
0,0.0,28.0,48.0,0.0,0.0,88.0,75.0,0.0,75.0,0.0,82.0,70.0,95.0,0.0,78.0,79.0,82.0,70.0
0,0.0,23.0,72.0,0.0,5.0,88.0,65.0,0.0,69.0,0.0,83.0,97.0,64.0,0.0,92.0,95.0,82.0,86.0
0,0.0,24.0,40.0,0.0,0.0,88.0,75.0,0.0,74.0,0.0,76.0,75.0,96.0,0.0,83.0,86.0,74.0,75.0
0,0.0,31.0,34.0,0.0,1.0,87.0,73.0,0.0,73.0,0.0,81.0,88.0,69.0,0.0,84.0,87.0,78.0,46.0
0,0.0,30.0,65.0,1.0,2.0,87.0,82.0,0.0,74.0,0.0,85.0,78.0,66.0,0.0,75.0,84.0,78.0,75.0
0,0.0,30.0,46.0,0.0,0.0,87.0,76.0,0.0,73.0,0.0,85.0,76.0,65.0,0.0,76.0,87.0,80.0,69.0
0,0.0,33.0,58.0,0.0,0.0,86.0,64.0,0.0,62.0,0.0,87.0,90.0,77.0,0.0,88.0,79.0,84.0,55.0
0,0.0,27.0,34.0,0.0,1.0,86.0,74.0,0.0,73.0,0.0,81.0,92.0,87.0,0.0,86.0,85.0,77.0,77.0
0,0.0,27.0,0.0,0.0,0.0,86.0,74.0,0.0,73.0,0.0,81.0,92.0,87.0,0.0,86.0,85.0,77.0,77.0
0,0.0,27.0,1.0,0.0,0.0,86.0,74.0,0.0,73.0,0.0,81.0,92.0,87.0,0.0,86.0,85.0,77.0,77.0
0,0.0,27.0,0.0,0.0,0.0,86.0,74.0,0.0,73.0,0.0,81.0,92.0,87.0,0.0,86.0,85.0,77.0,77.0
0,0.0,29.0,41.0,0.0,1.0,85.0,58.0,0.0,56.0,0.0,85.0,84.0,83.0,0.0,93.0,74.0,84.0,70.0
0,0.0,31.0,52.0,0.0,0.0,85.0,65.0,0.0,66.0,0.0,85.0,76.0,69.0,0.0,77.0,80.0,80.0,52.0
0,0.0,29.0,51.0,0.0,0.0,85.0,74.0,0.0,72.0,0.0,83.0,86.0,83.0,0.0,81.0,85.0,83.0,82.0
0,0.0,30.0,9.0,0.0,0.0,85.0,66.0,0.0,63.0,0.0,85.0,87.0,86.0,0.0,82.0,84.0,83.0,65.0
0,0.0,30.0,46.0,0.0,0.0,85.0,66.0,0.0,63.0,0.0,85.0,87.0,86.0,0.0,82.0,84.0,83.0,65.0
0,0.0,28.0,63.0,0.0,0.0,85.0,64.0,0.0,63.0,0.0,86.0,94.0,75.0,0.0,85.0,84.0,79.0,60.0
0,0.0,27.0,47.0,0.0,0.0,84.0,59.0,0.0,57.0,0.0,90.0,94.0,85.0,0.0,92.0,81.0,85.0,74.0
0,0.0,23.0,42.0,0.0,0.0,84.0,68.0,0.0,72.0,0.0,76.0,82.0,86.0,0.0,91.0,83.0,74.0,82.0
0,0.0,32.0,55.0,1.0,4.0,84.0,67.0,0.0,69.0,0.0,87.0,73.0,72.0,0.0,75.0,81.0,84.0,70.0
0,0.0,32.0,63.0,1.0,2.0,84.0,83.0,0.0,76.0,0.0,88.0,67.0,66.0,0.0,66.0,77.0,84.0,55.0
0,0.0,24.0,70.0,0.0,2.0,84.0,65.0,0.0,65.0,0.0,74.0,92.0,87.0,0.0,93.0,85.0,68.0,56.0
0,0.0,25.0,19.0,0.0,0.0,83.0,62.0,0.0,65.0,0.0,75.0,86.0,85.0,0.0,95.0,85.0,73.0,85.0
0,0.0,32.0,54.0,0.0,0.0,83.0,70.0,0.0,69.0,0.0,87.0,81.0,79.0,0.0,82.0,83.0,85.0,60.0
0,0.0,23.0,9.0,0.0,0.0,83.0,85.0,0.0,86.0,0.0,63.0,86.0,64.0,0.0,73.0,93.0,67.0,90.0
0,0.0,32.0,0.0,0.0,0.0,83.0,67.0,0.0,66.0,0.0,85.0,75.0,87.0,0.0,84.0,85.0,79.0,70.0
0,0.0,30.0,37.0,0.0,0.0,83.0,74.0,0.0,72.0,0.0,78.0,74.0,73.0,0.0,77.0,86.0,74.0,80.0
0,0.0,27.0,33.0,0.0,1.0,83.0,64.0,0.0,57.0,0.0,81.0,85.0,92.0,0.0,86.0,78.0,74.0,75.0
0,0.0,29.0,46.0,0.0,0.0,83.0,63.0,0.0,64.0,0.0,84.0,82.0,86.0,0.0,83.0,73.0,83.0,45.0
0,0.0,27.0,51.0,0.0,1.0,83.0,81.0,0.0,80.0,0.0,85.0,72.0,65.0,0.0,69.0,79.0,82.0,78.0
0,0.0,34.0,58.0,0.0,1.0,83.0,72.0,0.0,73.0,0.0,93.0,86.0,76.0,0.0,88.0,85.0,96.0,66.0
0,0.0,33.0,42.0,0.0,0.0,82.0,54.0,0.0,53.0,0.0,83.0,85.0,82.0,0.0,89.0,75.0,82.0,65.0
0,0.0,28.0,37.0,0.0,0.0,82.0,69.0,0.0,67.0,0.0,79.0,85.0,71.0,0.0,82.0,87.0,75.0,76.0
0,0.0,22.0,58.0,0.0,0.0,82.0,65.0,0.0,73.0,0.0,71.0,93.0,86.0,0.0,94.0,90.0,71.0,83.0
0,0.0,29.0,40.0,0.0,0.0,82.0,59.0,0.0,62.0,0.0,84.0,87.0,72.0,0.0,86.0,84.0,85.0,67.0
0,0.0,22.0,0.0,0.0,0.0,82.0,71.0,0.0,68.0,0.0,69.0,84.0,88.0,0.0,83.0,85.0,67.0,64.0
0,0.0,22.0,0.0,0.0,0.0,82.0,71.0,0.0,68.0,0.0,69.0,84.0,88.0,0.0,83.0,85.0,67.0,64.0
0,0.0,22.0,0.0,0.0,0.0,82.0,71.0,0.0,68.0,0.0,69.0,84.0,88.0,0.0,83.0,85.0,67.0,64.0
0,0.0,22.0,8.0,0.0,0.0,82.0,71.0,0.0,68.0,0.0,69.0,84.0,88.0,0.0,83.0,85.0,67.0,64.0
0,0.0,22.0,6.0,0.0,0.0,82.0,71.0,0.0,68.0,0.0,69.0,84.0,88.0,0.0,83.0,85.0,67.0,64.0
0,0.0,29.0,44.0,0.0,0.0,82.0,80.0,0.0,82.0,0.0,79.0,65.0,67.0,0.0,72.0,82.0,74.0,83.0
0,0.0,28.0,68.0,0.0,0.0,81.0,62.0,0.0,63.0,0.0,85.0,78.0,83.0,0.0,81.0,76.0,79.0,71.0
0,0.0,27.0,27.0,0.0,0.0,81.0,78.0,0.0,75.0,0.0,78.0,72.0,88.0,0.0,73.0,85.0,75.0,78.0
0,0.0,26.0,30.0,0.0,0.0,81.0,60.0,0.0,58.0,0.0,79.0,94.0,84.0,0.0,90.0,81.0,73.0,80.0
0,0.0,26.0,29.0,0.0,0.0,81.0,60.0,0.0,58.0,0.0,79.0,94.0,84.0,0.0,90.0,81.0,73.0,80.0
0,0.0,32.0,0.0,0.0,0.0,81.0,73.0,0.0,69.0,0.0,82.0,92.0,84.0,0.0,85.0,79.0,80.0,53.0
0,0.0,27.0,32.0,0.0,0.0,81.0,73.0,0.0,69.0,0.0,73.0,75.0,89.0,0.0,82.0,80.0,74.0,73.0
0,0.0,23.0,48.0,0.0,0.0,81.0,61.0,0.0,72.0,0.0,65.0,91.0,85.0,0.0,93.0,85.0,58.0,88.0
0,0.0,23.0,77.0,2.0,4.0,81.0,75.0,0.0,81.0,0.0,67.0,72.0,92.0,0.0,88.0,83.0,65.0,71.0
0,0.0,26.0,21.0,0.0,0.0,81.0,61.0,0.0,59.0,0.0,80.0,83.0,90.0,0.0,81.0,78.0,72.0,74.0
0,0.0,27.0,43.0,0.0,0.0,81.0,67.0,0.0,63.0,0.0,85.0,74.0,85.0,0.0,76.0,74.0,82.0,74.0
0,0.0,28.0,32.0,0.0,0.0,81.0,80.0,0.0,76.0,0.0,74.0,86.0,79.0,0.0,77.0,84.0,69.0,78.0
0,0.0,29.0,0.0,0.0,0.0,81.0,69.0,0.0,67.0,0.0,82.0,88.0,85.0,0.0,83.0,83.0,80.0,68.0
0,0.0,24.0,106.0,1.0,8.0,81.0,75.0,0.0,75.0,0.0,74.0,87.0,86.0,0.0,76.0,85.0,68.0,81.0
0,0.0,27.0,37.0,0.0,0.0,80.0,63.0,0.0,63.0,0.0,75.0,78.0,83.0,0.0,90.0,75.0,76.0,72.0
0,0.0,25.0,26.0,0.0,0.0,80.0,76.0,0.0,73.0,0.0,66.0,84.0,93.0,0.0,87.0,70.0,70.0,93.0
0,0.0,23.0,22.0,0.0,0.0,80.0,75.0,0.0,69.0,0.0,72.0,80.0,88.0,0.0,83.0,87.0,67.0,69.0
0,0.0,29.0,0.0,0.0,0.0,80.0,63.0,0.0,64.0,0.0,87.0,90.0,76.0,0.0,88.0,89.0,91.0,65.0
0,0.0,31.0,38.0,0.0,0.0,80.0,52.0,0.0,58.0,0.0,85.0,83.0,76.0,0.0,84.0,73.0,84.0,51.0
0,0.0,34.0,59.0,0.0,1.0,80.0,76.0,0.0,73.0,0.0,85.0,75.0,56.0,0.0,69.0,84.0,82.0,84.0
0,0.0,34.0,0.0,0.0,0.0,80.0,76.0,0.0,73.0,0.0,85.0,75.0,56.0,0.0,69.0,84.0,82.0,84.0
0,0.0,29.0,31.0,0.0,0.0,80.0,68.0,0.0,64.0,0.0,82.0,87.0,77.0,0.0,87.0,84.0,83.0,75.0
0,0.0,32.0,54.0,0.0,1.0,79.0,81.0,0.0,73.0,0.0,77.0,69.0,86.0,0.0,69.0,82.0,80.0,85.0
0,0.0,32.0,69.0,0.0,3.0,79.0,72.0,0.0,70.0,0.0,81.0,67.0,85.0,0.0,75.0,76.0,68.0,68.0
0,0.0,27.0,12.0,0.0,0.0,79.0,66.0,0.0,65.0,0.0,73.0,83.0,78.0,0.0,81.0,79.0,70.0,75.0
0,0.0,25.0,29.0,0.0,0.0,79.0,68.0,0.0,64.0,0.0,75.0,82.0,88.0,0.0,83.0,81.0,74.0,75.0
0,0.0,22.0,95.0,1.0,6.0,79.0,76.0,0.0,76.0,0.0,69.0,80.0,86.0,0.0,86.0,91.0,66.0,68.0
0,0.0,33.0,46.0,0.0,2.0,79.0,74.0,0.0,74.0,0.0,82.0,73.0,86.0,0.0,76.0,81.0,82.0,50.0
0,0.0,22.0,61.0,0.0,1.0,79.0,72.0,0.0,74.0,0.0,52.0,93.0,74.0,0.0,79.0,94.0,69.0,87.0
0,0.0,32.0,32.0,0.0,0.0,79.0,64.0,0.0,65.0,0.0,83.0,74.0,81.0,0.0,74.0,71.0,83.0,68.0
0,0.0,25.0,23.0,0.0,0.0,79.0,66.0,0.0,58.0,0.0,73.0,89.0,83.0,0.0,89.0,81.0,70.0,76.0
0,0.0,23.0,54.0,0.0,1.0,79.0,63.0,0.0,67.0,0.0,72.0,84.0,87.0,0.0,82.0,79.0,64.0,88.0
0,0.0,25.0,42.0,0.0,0.0,79.0,90.0,0.0,84.0,0.0,60.0,75.0,95.0,0.0,69.0,87.0,58.0,85.0
0,0.0,27.0,0.0,0.0,0.0,79.0,66.0,0.0,65.0,0.0,77.0,86.0,79.0,0.0,80.0,82.0,73.0,72.0
0,0.0,26.0,0.0,0.0,0.0,79.0,62.0,0.0,63.0,0.0,79.0,83.0,84.0,0.0,81.0,75.0,66.0,60.0
0,0.0,26.0,14.0,0.0,0.0,78.0,74.0,0.0,72.0,0.0,72.0,85.0,85.0,0.0,79.0,75.0,73.0,68.0
0,0.0,30.0,21.0,0.0,0.0,78.0,64.0,0.0,65.0,0.0,77.0,82.0,78.0,0.0,80.0,72.0,73.0,60.0
0,0.0,23.0,55.0,0.0,2.0,78.0,73.0,0.0,75.0,0.0,61.0,86.0,85.0,0.0,86.0,83.0,42.0,87.0
0,0.0,26.0,45.0,0.0,0.0,78.0,69.0,0.0,69.0,0.0,77.0,84.0,81.0,0.0,82.0,87.0,75.0,84.0
0,0.0,24.0,39.0,0.0,1.0,78.0,83.0,0.0,85.0,0.0,48.0,78.0,88.0,0.0,76.0,83.0,48.0,92.0
0,0.0,32.0,0.0,0.0,0.0,78.0,64.0,0.0,59.0,0.0,72.0,75.0,84.0,0.0,89.0,77.0,69.0,60.0
0,0.0,23.0,69.0,1.0,3.0,78.0,83.0,0.0,84.0,0.0,66.0,67.0,90.0,0.0,73.0,84.0,65.0,89.0
0,0.0,29.0,22.0,0.0,0.0,78.0,73.0,0.0,66.0,0.0,83.0,82.0,74.0,0.0,75.0,82.0,81.0,74.0
0,0.0,34.0,38.0,0.0,0.0,78.0,66.0,0.0,65.0,0.0,85.0,86.0,76.0,0.0,81.0,78.0,81.0,60.0
0,0.0,21.0,13.0,0.0,0.0,78.0,74.0,0.0,74.0,0.0,56.0,84.0,84.0,0.0,89.0,87.0,63.0,75.0
0,0.0,25.0,67.0,0.0,4.0,78.0,83.0,0.0,82.0,0.0,70.0,71.0,93.0,0.0,79.0,78.0,57.0,80.0
0,0.0,28.0,26.0,0.0,0.0,77.0,64.0,0.0,64.0,0.0,76.0,84.0,75.0,0.0,80.0,78.0,73.0,79.0
0,0.0,23.0,7.0,0.0,0.0,77.0,78.0,0.0,82.0,0.0,65.0,77.0,87.0,0.0,81.0,78.0,67.0,87.0
0,0.0,26.0,22.0,0.0,0.0,77.0,73.0,0.0,68.0,0.0,76.0,78.0,80.0,0.0,79.0,74.0,81.0,75.0
0,0.0,29.0,39.0,0.0,0.0,77.0,68.0,0.0,75.0,0.0,81.0,87.0,78.0,0.0,75.0,82.0,78.0,66.0
0,0.0,29.0,13.0,0.0,0.0,77.0,68.0,0.0,64.0,0.0,74.0,71.0,83.0,0.0,81.0,75.0,55.0,70.0
0,0.0,26.0,27.0,0.0,0.0,77.0,66.0,0.0,67.0,0.0,76.0,78.0,71.0,0.0,73.0,72.0,65.0,52.0
0,0.0,28.0,27.0,0.0,0.0,77.0,65.0,0.0,65.0,0.0,73.0,83.0,83.0,0.0,82.0,76.0,67.0,82.0
0,0.0,27.0,18.0,0.0,0.0,77.0,67.0,0.0,66.0,0.0,70.0,85.0,85.0,0.0,91.0,85.0,72.0,81.0
0,0.0,28.0,0.0,0.0,0.0,77.0,62.0,0.0,54.0,0.0,72.0,77.0,82.0,0.0,86.0,73.0,66.0,66.0
0,0.0,26.0,0.0,0.0,0.0,77.0,66.0,0.0,67.0,0.0,77.0,81.0,66.0,0.0,80.0,76.0,75.0,62.0
0,0.0,24.0,108.0,4.0,7.0,77.0,73.0,0.0,69.0,0.0,70.0,88.0,79.0,0.0,91.0,79.0,73.0,87.0
0,0.0,25.0,29.0,0.0,0.0,77.0,75.0,0.0,74.0,0.0,75.0,76.0,86.0,0.0,70.0,85.0,69.0,77.0
0,0.0,25.0,13.0,0.0,0.0,77.0,76.0,0.0,69.0,0.0,72.0,73.0,92.0,0.0,76.0,74.0,74.0,65.0
0,0.0,25.0,19.0,0.0,0.0,76.0,63.0,0.0,54.0,0.0,67.0,86.0,84.0,0.0,88.0,67.0,51.0,87.0
0,0.0,30.0,0.0,0.0,0.0,76.0,78.0,0.0,74.0,0.0,82.0,76.0,49.0,0.0,66.0,79.0,81.0,60.0
0,0.0,30.0,46.0,0.0,0.0,76.0,78.0,0.0,74.0,0.0,82.0,76.0,49.0,0.0,66.0,79.0,81.0,60.0
0,0.0,24.0,29.0,0.0,0.0,76.0,69.0,0.0,67.0,0.0,54.0,86.0,74.0,0.0,83.0,65.0,69.0,79.0
0,0.0,26.0,16.0,0.0,0.0,76.0,55.0,0.0,57.0,0.0,71.0,84.0,88.0,0.0,82.0,74.0,65.0,60.0
0,0.0,25.0,13.0,0.0,0.0,76.0,69.0,0.0,67.0,0.0,72.0,84.0,80.0,0.0,84.0,82.0,72.0,71.0
0,0.0,29.0,29.0,0.0,0.0,76.0,68.0,0.0,75.0,0.0,78.0,81.0,79.0,0.0,80.0,76.0,75.0,60.0
0,0.0,33.0,15.0,0.0,0.0,76.0,60.0,0.0,58.0,0.0,78.0,84.0,88.0,0.0,87.0,75.0,77.0,67.0
0,0.0,27.0,0.0,0.0,0.0,76.0,74.0,0.0,66.0,0.0,76.0,83.0,74.0,0.0,83.0,77.0,75.0,75.0
0,0.0,28.0,0.0,0.0,0.0,76.0,62.0,0.0,62.0,0.0,70.0,80.0,78.0,0.0,84.0,72.0,73.0,66.0
0,0.0,29.0,0.0,0.0,0.0,76.0,56.0,0.0,59.0,0.0,73.0,89.0,79.0,0.0,87.0,82.0,65.0,50.0
0,0.0,29.0,9.0,0.0,0.0,76.0,56.0,0.0,59.0,0.0,73.0,89.0,79.0,0.0,87.0,82.0,65.0,50.0
0,0.0,28.0,42.0,0.0,0.0,75.0,60.0,0.0,58.0,0.0,74.0,85.0,87.0,0.0,92.0,77.0,73.0,65.0
0,0.0,24.0,15.0,0.0,0.0,75.0,73.0,0.0,71.0,0.0,66.0,84.0,54.0,0.0,83.0,77.0,66.0,66.0
0,0.0,27.0,34.0,0.0,0.0,75.0,67.0,0.0,65.0,0.0,79.0,86.0,75.0,0.0,82.0,75.0,75.0,74.0
0,0.0,26.0,0.0,0.0,0.0,75.0,68.0,0.0,67.0,0.0,75.0,79.0,77.0,0.0,87.0,83.0,78.0,83.0
0,0.0,24.0,7.0,0.0,0.0,75.0,79.0,0.0,81.0,0.0,45.0,85.0,92.0,0.0,83.0,82.0,49.0,77.0
0,0.0,34.0,57.0,0.0,3.0,75.0,49.0,0.0,54.0,0.0,77.0,81.0,77.0,0.0,89.0,71.0,76.0,82.0
0,0.0,29.0,48.0,0.0,0.0,75.0,62.0,0.0,66.0,0.0,79.0,75.0,64.0,0.0,72.0,79.0,85.0,65.0
0,0.0,26.0,33.0,0.0,0.0,75.0,60.0,0.0,54.0,0.0,74.0,87.0,77.0,0.0,85.0,87.0,75.0,58.0
0,0.0,26.0,0.0,0.0,0.0,75.0,62.0,0.0,62.0,0.0,73.0,79.0,78.0,0.0,80.0,75.0,72.0,72.0
0,0.0,30.0,21.0,0.0,0.0,75.0,61.0,0.0,57.0,0.0,75.0,87.0,77.0,0.0,79.0,76.0,73.0,60.0
0,0.0,30.0,81.0,0.0,5.0,75.0,61.0,0.0,57.0,0.0,75.0,87.0,77.0,0.0,79.0,76.0,73.0,60.0
0,0.0,33.0,0.0,0.0,0.0,75.0,59.0,0.0,59.0,0.0,75.0,80.0,75.0,0.0,76.0,76.0,74.0,54.0
0,0.0,26.0,28.0,0.0,0.0,75.0,64.0,0.0,63.0,0.0,77.0,65.0,85.0,0.0,68.0,71.0,72.0,75.0
0,0.0,28.0,0.0,0.0,0.0,75.0,78.0,0.0,71.0,0.0,75.0,71.0,85.0,0.0,68.0,77.0,68.0,77.0
0,0.0,28.0,15.0,0.0,0.0,75.0,78.0,0.0,71.0,0.0,75.0,71.0,85.0,0.0,68.0,77.0,68.0,77.0
0,0.0,24.0,3.0,0.0,0.0,74.0,67.0,0.0,70.0,0.0,58.0,84.0,86.0,0.0,86.0,68.0,64.0,65.0
0,0.0,27.0,20.0,0.0,0.0,74.0,71.0,0.0,73.0,0.0,74.0,84.0,70.0,0.0,85.0,77.0,74.0,74.0
0,0.0,23.0,48.0,0.0,0.0,74.0,68.0,0.0,67.0,0.0,71.0,84.0,81.0,0.0,83.0,79.0,75.0,72.0
0,0.0,29.0,15.0,0.0,0.0,74.0,63.0,0.0,58.0,0.0,74.0,79.0,80.0,0.0,78.0,80.0,72.0,58.0
0,0.0,31.0,0.0,0.0,0.0,74.0,65.0,0.0,55.0,0.0,73.0,74.0,79.0,0.0,76.0,75.0,73.0,60.0
0,0.0,31.0,0.0,0.0,0.0,74.0,65.0,0.0,55.0,0.0,73.0,74.0,79.0,0.0,76.0,75.0,73.0,60.0
0,0.0,25.0,0.0,0.0,0.0,74.0,64.0,0.0,62.0,0.0,69.0,77.0,82.0,0.0,75.0,76.0,49.0,74.0
0,0.0,26.0,49.0,0.0,0.0,74.0,67.0,0.0,68.0,0.0,72.0,65.0,85.0,0.0,71.0,74.0,70.0,71.0
0,0.0,27.0,24.0,0.0,0.0,74.0,75.0,0.0,73.0,0.0,74.0,72.0,54.0,0.0,75.0,82.0,75.0,78.0
0,0.0,27.0,0.0,0.0,0.0,74.0,74.0,0.0,71.0,0.0,70.0,74.0,61.0,0.0,65.0,76.0,67.0,84.0
0,0.0,27.0,22.0,0.0,0.0,74.0,74.0,0.0,71.0,0.0,70.0,74.0,61.0,0.0,65.0,76.0,67.0,84.0
0,0.0,30.0,21.0,0.0,0.0,74.0,65.0,0.0,65.0,0.0,74.0,75.0,76.0,0.0,77.0,70.0,67.0,70.0
0,0.0,26.0,17.0,0.0,0.0,74.0,69.0,0.0,68.0,0.0,69.0,72.0,84.0,0.0,78.0,77.0,77.0,75.0
0,0.0,23.0,10.0,0.0,0.0,74.0,76.0,0.0,73.0,0.0,58.0,75.0,73.0,0.0,76.0,84.0,65.0,70.0
0,0.0,30.0,0.0,0.0,0.0,74.0,77.0,0.0,79.0,0.0,72.0,74.0,63.0,0.0,73.0,79.0,68.0,64.0
0,0.0,25.0,14.0,0.0,0.0,74.0,45.0,0.0,54.0,0.0,72.0,83.0,81.0,0.0,92.0,69.0,71.0,77.0
0,0.0,25.0,13.0,0.0,0.0,74.0,61.0,0.0,58.0,0.0,67.0,80.0,84.0,0.0,84.0,76.0,65.0,68.0
0,0.0,25.0,0.0,0.0,0.0,74.0,61.0,0.0,58.0,0.0,67.0,80.0,84.0,0.0,84.0,76.0,65.0,68.0
0,0.0,23.0,3.0,0.0,0.0,74.0,58.0,0.0,63.0,0.0,57.0,84.0,81.0,0.0,87.0,83.0,77.0,72.0
0,0.0,24.0,17.0,0.0,0.0,73.0,83.0,0.0,74.0,0.0,54.0,75.0,64.0,0.0,70.0,88.0,72.0,68.0
0,0.0,27.0,8.0,0.0,0.0,73.0,69.0,0.0,67.0,0.0,69.0,77.0,84.0,0.0,75.0,78.0,68.0,85.0
0,0.0,28.0,0.0,0.0,0.0,73.0,64.0,0.0,64.0,0.0,77.0,82.0,75.0,0.0,82.0,69.0,55.0,55.0
0,0.0,26.0,14.0,0.0,0.0,73.0,71.0,0.0,67.0,0.0,72.0,77.0,82.0,0.0,71.0,73.0,55.0,77.0
0,0.0,24.0,4.0,0.0,0.0,73.0,66.0,0.0,63.0,0.0,68.0,79.0,62.0,0.0,73.0,85.0,70.0,75.0
0,0.0,28.0,19.0,0.0,0.0,73.0,60.0,0.0,61.0,0.0,77.0,83.0,65.0,0.0,77.0,79.0,76.0,56.0
0,0.0,24.0,0.0,0.0,0.0,73.0,57.0,0.0,63.0,0.0,71.0,82.0,68.0,0.0,88.0,75.0,73.0,65.0
0,0.0,26.0,9.0,0.0,0.0,73.0,65.0,0.0,65.0,0.0,72.0,81.0,77.0,0.0,82.0,74.0,72.0,69.0
0,0.0,25.0,10.0,0.0,0.0,73.0,55.0,0.0,62.0,0.0,63.0,83.0,86.0,0.0,85.0,72.0,65.0,84.0
0,0.0,25.0,5.0,0.0,0.0,73.0,57.0,0.0,53.0,0.0,66.0,76.0,80.0,0.0,79.0,67.0,71.0,66.0
0,0.0,24.0,5.0,0.0,0.0,73.0,54.0,0.0,60.0,0.0,63.0,72.0,67.0,0.0,82.0,77.0,64.0,65.0
0,0.0,24.0,41.0,0.0,2.0,73.0,68.0,0.0,69.0,0.0,54.0,78.0,82.0,0.0,80.0,72.0,43.0,69.0
0,0.0,30.0,15.0,0.0,0.0,73.0,65.0,0.0,63.0,0.0,81.0,81.0,76.0,0.0,79.0,74.0,85.0,61.0
0,0.0,30.0,36.0,0.0,0.0,73.0,65.0,0.0,63.0,0.0,81.0,81.0,76.0,0.0,79.0,74.0,85.0,61.0
0,0.0,28.0,21.0,0.0,0.0,73.0,67.0,0.0,65.0,0.0,73.0,75.0,76.0,0.0,78.0,83.0,68.0,70.0
0,0.0,28.0,5.0,0.0,0.0,73.0,67.0,0.0,65.0,0.0,73.0,75.0,76.0,0.0,78.0,83.0,68.0,70.0
0,0.0,25.0,3.0,0.0,0.0,73.0,74.0,0.0,70.0,0.0,56.0,78.0,69.0,0.0,78.0,90.0,48.0,87.0
0,0.0,28.0,13.0,0.0,0.0,72.0,66.0,0.0,65.0,0.0,74.0,80.0,62.0,0.0,78.0,74.0,62.0,68.0
0,0.0,26.0,8.0,0.0,0.0,72.0,69.0,0.0,69.0,0.0,73.0,69.0,83.0,0.0,82.0,74.0,65.0,72.0
0,0.0,25.0,30.0,0.0,0.0,72.0,67.0,0.0,64.0,0.0,65.0,79.0,83.0,0.0,71.0,84.0,54.0,66.0
0,0.0,25.0,4.0,0.0,0.0,72.0,67.0,0.0,64.0,0.0,65.0,79.0,83.0,0.0,71.0,84.0,54.0,66.0
0,0.0,25.0,7.0,0.0,0.0,72.0,74.0,0.0,74.0,0.0,69.0,74.0,62.0,0.0,65.0,74.0,68.0,85.0
0,0.0,23.0,34.0,0.0,0.0,72.0,74.0,0.0,66.0,0.0,57.0,83.0,86.0,0.0,83.0,88.0,52.0,76.0
0,0.0,26.0,1.0,0.0,0.0,72.0,74.0,0.0,64.0,0.0,72.0,90.0,79.0,0.0,83.0,79.0,68.0,79.0
0,0.0,26.0,13.0,0.0,0.0,72.0,74.0,0.0,64.0,0.0,72.0,90.0,79.0,0.0,83.0,79.0,68.0,79.0
0,0.0,25.0,0.0,0.0,0.0,72.0,80.0,0.0,74.0,0.0,64.0,67.0,66.0,0.0,72.0,75.0,65.0,69.0
0,0.0,24.0,0.0,0.0,0.0,72.0,73.0,0.0,71.0,0.0,59.0,73.0,84.0,0.0,65.0,82.0,60.0,87.0
0,0.0,30.0,27.0,0.0,0.0,72.0,63.0,0.0,66.0,0.0,73.0,83.0,79.0,0.0,82.0,85.0,72.0,55.0
0,0.0,28.0,12.0,0.0,0.0,72.0,74.0,0.0,69.0,0.0,75.0,78.0,68.0,0.0,74.0,77.0,69.0,66.0
0,0.0,26.0,7.0,0.0,0.0,71.0,72.0,0.0,73.0,0.0,65.0,74.0,85.0,0.0,79.0,68.0,60.0,69.0
0,0.0,21.0,27.0,0.0,0.0,71.0,64.0,0.0,65.0,0.0,45.0,85.0,64.0,0.0,88.0,82.0,50.0,90.0
0,0.0,28.0,0.0,0.0,0.0,71.0,64.0,0.0,62.0,0.0,70.0,72.0,76.0,0.0,77.0,65.0,71.0,62.0
0,0.0,30.0,0.0,0.0,0.0,71.0,57.0,0.0,54.0,0.0,70.0,82.0,79.0,0.0,77.0,66.0,60.0,50.0
0,0.0,24.0,13.0,0.0,0.0,71.0,77.0,0.0,74.0,0.0,56.0,83.0,62.0,0.0,66.0,77.0,74.0,62.0
0,0.0,25.0,0.0,0.0,0.0,71.0,64.0,0.0,68.0,0.0,65.0,85.0,75.0,0.0,79.0,77.0,67.0,84.0
0,0.0,24.0,2.0,0.0,0.0,71.0,74.0,0.0,72.0,0.0,51.0,74.0,74.0,0.0,79.0,74.0,38.0,80.0
0,0.0,24.0,22.0,0.0,0.0,71.0,81.0,0.0,75.0,0.0,57.0,76.0,86.0,0.0,74.0,89.0,63.0,66.0
0,0.0,24.0,41.0,0.0,1.0,71.0,70.0,0.0,74.0,0.0,62.0,76.0,66.0,0.0,69.0,73.0,65.0,67.0
0,0.0,24.0,0.0,0.0,0.0,71.0,75.0,0.0,74.0,0.0,62.0,81.0,84.0,0.0,71.0,84.0,73.0,86.0
0,0.0,27.0,17.0,0.0,0.0,71.0,75.0,0.0,76.0,0.0,67.0,71.0,66.0,0.0,65.0,77.0,53.0,74.0
0,0.0,25.0,2.0,0.0,0.0,71.0,56.0,0.0,50.0,0.0,72.0,76.0,80.0,0.0,83.0,82.0,65.0,64.0
0,0.0,26.0,26.0,0.0,0.0,71.0,66.0,0.0,64.0,0.0,69.0,81.0,76.0,0.0,73.0,75.0,62.0,66.0
0,0.0,26.0,18.0,0.0,0.0,70.0,85.0,0.0,78.0,0.0,42.0,75.0,66.0,0.0,80.0,85.0,43.0,83.0
0,0.0,28.0,0.0,0.0,0.0,70.0,74.0,0.0,67.0,0.0,69.0,69.0,84.0,0.0,72.0,74.0,57.0,70.0
0,0.0,26.0,5.0,0.0,0.0,70.0,55.0,0.0,56.0,0.0,64.0,79.0,81.0,0.0,89.0,77.0,54.0,76.0
0,0.0,24.0,34.0,0.0,0.0,70.0,75.0,0.0,75.0,0.0,55.0,75.0,87.0,0.0,79.0,74.0,54.0,85.0
0,0.0,28.0,0.0,0.0,0.0,70.0,62.0,0.0,59.0,0.0,64.0,76.0,75.0,0.0,75.0,73.0,56.0,72.0
0,0.0,25.0,22.0,0.0,0.0,70.0,78.0,0.0,74.0,0.0,50.0,74.0,74.0,0.0,73.0,69.0,52.0,81.0
0,0.0,21.0,50.0,0.0,0.0,70.0,60.0,0.0,64.0,0.0,49.0,85.0,76.0,0.0,91.0,78.0,66.0,65.0
0,0.0,27.0,0.0,0.0,0.0,70.0,70.0,0.0,69.0,0.0,60.0,77.0,82.0,0.0,82.0,73.0,54.0,75.0
0,0.0,27.0,0.0,0.0,0.0,70.0,57.0,0.0,60.0,0.0,70.0,75.0,81.0,0.0,79.0,69.0,68.0,65.0
0,0.0,23.0,4.0,0.0,0.0,70.0,68.0,0.0,66.0,0.0,62.0,84.0,86.0,0.0,76.0,85.0,59.0,64.0
0,0.0,28.0,0.0,0.0,0.0,70.0,80.0,0.0,75.0,0.0,66.0,67.0,67.0,0.0,62.0,74.0,64.0,82.0
0,0.0,26.0,6.0,0.0,0.0,70.0,55.0,0.0,54.0,0.0,71.0,78.0,73.0,0.0,85.0,66.0,71.0,65.0
0,0.0,28.0,6.0,0.0,0.0,70.0,71.0,0.0,73.0,0.0,68.0,74.0,76.0,0.0,77.0,75.0,68.0,80.0
0,0.0,24.0,28.0,0.0,0.0,70.0,63.0,0.0,65.0,0.0,54.0,91.0,75.0,0.0,92.0,76.0,60.0,89.0
0,0.0,29.0,0.0,0.0,0.0,70.0,67.0,0.0,64.0,0.0,71.0,75.0,84.0,0.0,69.0,80.0,62.0,66.0
0,0.0,25.0,17.0,0.0,0.0,70.0,67.0,0.0,54.0,0.0,58.0,78.0,83.0,0.0,85.0,72.0,50.0,75.0
0,0.0,23.0,5.0,0.0,0.0,69.0,85.0,0.0,75.0,0.0,45.0,74.0,86.0,0.0,77.0,75.0,48.0,89.0
0,0.0,26.0,0.0,0.0,0.0,69.0,67.0,0.0,75.0,0.0,51.0,70.0,76.0,0.0,67.0,79.0,49.0,84.0
0,0.0,22.0,50.0,0.0,1.0,69.0,83.0,0.0,73.0,0.0,53.0,73.0,85.0,0.0,78.0,74.0,47.0,71.0
0,0.0,23.0,28.0,0.0,0.0,69.0,68.0,0.0,63.0,0.0,52.0,80.0,75.0,0.0,86.0,78.0,69.0,78.0
0,0.0,21.0,5.0,0.0,0.0,69.0,73.0,0.0,78.0,0.0,56.0,77.0,87.0,0.0,63.0,88.0,55.0,70.0
0,0.0,22.0,1.0,0.0,0.0,69.0,79.0,0.0,71.0,0.0,55.0,74.0,84.0,0.0,75.0,78.0,43.0,94.0
0,0.0,22.0,0.0,0.0,0.0,69.0,70.0,0.0,63.0,0.0,49.0,88.0,77.0,0.0,86.0,78.0,46.0,88.0
0,0.0,22.0,0.0,0.0,0.0,69.0,70.0,0.0,63.0,0.0,49.0,88.0,77.0,0.0,86.0,78.0,46.0,88.0
0,0.0,24.0,28.0,0.0,0.0,69.0,68.0,0.0,62.0,0.0,62.0,78.0,81.0,0.0,88.0,82.0,75.0,92.0
0,0.0,25.0,0.0,0.0,0.0,69.0,82.0,0.0,79.0,0.0,54.0,72.0,72.0,0.0,64.0,73.0,40.0,90.0
0,0.0,25.0,2.0,0.0,0.0,68.0,50.0,0.0,53.0,0.0,61.0,84.0,82.0,0.0,92.0,75.0,57.0,65.0
0,0.0,23.0,1.0,0.0,0.0,68.0,78.0,0.0,84.0,0.0,45.0,73.0,88.0,0.0,67.0,87.0,51.0,85.0
0,0.0,25.0,0.0,0.0,0.0,68.0,63.0,0.0,64.0,0.0,65.0,76.0,67.0,0.0,85.0,76.0,56.0,66.0
0,0.0,25.0,0.0,0.0,0.0,68.0,63.0,0.0,64.0,0.0,65.0,76.0,67.0,0.0,85.0,76.0,56.0,66.0
0,0.0,25.0,0.0,0.0,0.0,68.0,63.0,0.0,64.0,0.0,65.0,76.0,67.0,0.0,85.0,76.0,56.0,66.0
0,0.0,25.0,10.0,0.0,0.0,68.0,63.0,0.0,64.0,0.0,65.0,76.0,67.0,0.0,85.0,76.0,56.0,66.0
0,0.0,27.0,12.0,0.0,0.0,68.0,75.0,0.0,64.0,0.0,71.0,72.0,80.0,0.0,76.0,77.0,61.0,80.0
0,0.0,24.0,3.0,0.0,0.0,68.0,75.0,0.0,69.0,0.0,57.0,74.0,73.0,0.0,67.0,84.0,50.0,66.0
0,0.0,26.0,1.0,0.0,0.0,68.0,76.0,0.0,73.0,0.0,62.0,76.0,61.0,0.0,67.0,82.0,57.0,79.0
0,0.0,25.0,1.0,0.0,0.0,68.0,62.0,0.0,58.0,0.0,65.0,79.0,81.0,0.0,69.0,70.0,58.0,67.0
0,0.0,25.0,0.0,0.0,0.0,68.0,62.0,0.0,58.0,0.0,65.0,79.0,81.0,0.0,69.0,70.0,58.0,67.0
0,0.0,25.0,8.0,0.0,0.0,68.0,81.0,0.0,75.0,0.0,65.0,65.0,82.0,0.0,64.0,73.0,55.0,82.0
0,0.0,28.0,0.0,0.0,0.0,68.0,71.0,0.0,74.0,0.0,54.0,73.0,76.0,0.0,74.0,87.0,64.0,70.0
0,0.0,26.0,0.0,0.0,0.0,68.0,65.0,0.0,62.0,0.0,65.0,72.0,77.0,0.0,75.0,77.0,55.0,66.0
0,0.0,23.0,1.0,0.0,0.0,68.0,76.0,0.0,73.0,0.0,55.0,74.0,80.0,0.0,72.0,89.0,61.0,69.0
0,0.0,25.0,0.0,0.0,0.0,67.0,64.0,0.0,63.0,0.0,66.0,70.0,82.0,0.0,77.0,72.0,59.0,75.0
0,0.0,28.0,1.0,0.0,0.0,67.0,64.0,0.0,68.0,0.0,63.0,76.0,72.0,0.0,68.0,66.0,40.0,82.0
0,0.0,25.0,0.0,0.0,0.0,67.0,53.0,0.0,52.0,0.0,63.0,80.0,76.0,0.0,82.0,68.0,54.0,73.0
0,0.0,24.0,0.0,0.0,0.0,67.0,77.0,0.0,74.0,0.0,63.0,70.0,76.0,0.0,66.0,82.0,49.0,72.0
0,0.0,22.0,39.0,0.0,0.0,67.0,71.0,0.0,74.0,0.0,44.0,84.0,85.0,0.0,79.0,86.0,39.0,87.0
0,0.0,23.0,14.0,0.0,0.0,67.0,81.0,0.0,74.0,0.0,45.0,75.0,82.0,0.0,83.0,69.0,50.0,85.0
0,0.0,24.0,7.0,0.0,0.0,67.0,65.0,0.0,53.0,0.0,59.0,76.0,74.0,0.0,87.0,73.0,65.0,72.0
0,0.0,26.0,25.0,0.0,0.0,67.0,56.0,0.0,54.0,0.0,69.0,78.0,72.0,0.0,73.0,66.0,65.0,70.0
0,0.0,23.0,5.0,0.0,0.0,67.0,75.0,0.0,72.0,0.0,51.0,81.0,79.0,0.0,85.0,73.0,42.0,81.0
0,0.0,27.0,0.0,0.0,0.0,67.0,52.0,0.0,48.0,0.0,58.0,70.0,80.0,0.0,80.0,56.0,44.0,68.0
0,0.0,23.0,6.0,0.0,0.0,67.0,74.0,0.0,68.0,0.0,61.0,74.0,62.0,0.0,65.0,65.0,60.0,55.0
0,0.0,22.0,2.0,0.0,0.0,67.0,79.0,0.0,72.0,0.0,49.0,70.0,83.0,0.0,69.0,71.0,58.0,76.0
0,0.0,23.0,0.0,0.0,0.0,67.0,70.0,0.0,63.0,0.0,54.0,84.0,82.0,0.0,88.0,71.0,54.0,75.0
0,0.0,27.0,14.0,0.0,0.0,67.0,74.0,0.0,71.0,0.0,68.0,71.0,69.0,0.0,57.0,80.0,50.0,65.0
0,0.0,25.0,0.0,0.0,0.0,67.0,72.0,0.0,68.0,0.0,64.0,79.0,84.0,0.0,73.0,84.0,52.0,72.0
0,0.0,23.0,7.0,0.0,0.0,66.0,64.0,0.0,58.0,0.0,48.0,83.0,81.0,0.0,70.0,77.0,61.0,88.0
0,0.0,25.0,0.0,0.0,0.0,66.0,63.0,0.0,65.0,0.0,52.0,75.0,80.0,0.0,69.0,72.0,56.0,66.0
0,0.0,26.0,0.0,0.0,0.0,66.0,64.0,0.0,63.0,0.0,61.0,77.0,73.0,0.0,75.0,67.0,64.0,66.0
0,0.0,25.0,0.0,0.0,0.0,66.0,65.0,0.0,64.0,0.0,57.0,85.0,85.0,0.0,84.0,65.0,74.0,80.0
0,0.0,25.0,0.0,0.0,0.0,66.0,60.0,0.0,57.0,0.0,58.0,82.0,78.0,0.0,78.0,66.0,55.0,72.0
0,0.0,24.0,0.0,0.0,0.0,66.0,72.0,0.0,72.0,0.0,51.0,66.0,81.0,0.0,72.0,75.0,61.0,75.0
0,0.0,25.0,3.0,0.0,0.0,66.0,67.0,0.0,66.0,0.0,63.0,78.0,82.0,0.0,80.0,83.0,54.0,65.0
0,0.0,24.0,1.0,0.0,0.0,66.0,65.0,0.0,56.0,0.0,57.0,76.0,78.0,0.0,77.0,63.0,54.0,70.0
0,0.0,27.0,3.0,0.0,0.0,66.0,50.0,0.0,53.0,0.0,66.0,72.0,80.0,0.0,65.0,64.0,61.0,70.0
0,0.0,24.0,0.0,0.0,0.0,66.0,52.0,0.0,52.0,0.0,61.0,82.0,75.0,0.0,80.0,64.0,62.0,74.0
0,0.0,27.0,0.0,0.0,0.0,66.0,62.0,0.0,65.0,0.0,65.0,81.0,74.0,0.0,77.0,69.0,64.0,69.0
0,0.0,23.0,12.0,0.0,0.0,66.0,79.0,0.0,72.0,0.0,50.0,79.0,83.0,0.0,78.0,80.0,47.0,68.0
0,0.0,23.0,1.0,0.0,0.0,66.0,66.0,0.0,69.0,0.0,55.0,77.0,64.0,0.0,65.0,66.0,42.0,70.0
0,0.0,24.0,0.0,0.0,0.0,66.0,61.0,0.0,62.0,0.0,60.0,75.0,78.0,0.0,76.0,80.0,67.0,73.0
0,0.0,23.0,0.0,0.0,0.0,66.0,73.0,0.0,68.0,0.0,61.0,69.0,64.0,0.0,65.0,69.0,47.0,74.0
0,0.0,25.0,0.0,0.0,0.0,66.0,75.0,0.0,69.0,0.0,55.0,82.0,85.0,0.0,74.0,73.0,55.0,85.0
0,0.0,24.0,17.0,0.0,0.0,66.0,73.0,0.0,72.0,0.0,54.0,71.0,86.0,0.0,66.0,72.0,46.0,69.0
0,0.0,22.0,6.0,0.0,0.0,66.0,62.0,0.0,69.0,0.0,48.0,77.0,65.0,0.0,72.0,83.0,44.0,83.0
0,0.0,23.0,1.0,0.0,0.0,66.0,74.0,0.0,65.0,0.0,55.0,73.0,81.0,0.0,66.0,72.0,70.0,72.0
0,0.0,23.0,0.0,0.0,0.0,66.0,60.0,0.0,58.0,0.0,52.0,74.0,76.0,0.0,81.0,75.0,55.0,69.0
0,0.0,23.0,10.0,0.0,0.0,66.0,60.0,0.0,58.0,0.0,52.0,74.0,76.0,0.0,81.0,75.0,55.0,69.0
0,0.0,23.0,0.0,0.0,0.0,66.0,60.0,0.0,58.0,0.0,52.0,74.0,76.0,0.0,81.0,75.0,55.0,69.0
0,0.0,23.0,0.0,0.0,0.0,66.0,60.0,0.0,58.0,0.0,52.0,74.0,76.0,0.0,81.0,75.0,55.0,69.0
0,0.0,23.0,14.0,0.0,0.0,66.0,60.0,0.0,58.0,0.0,52.0,74.0,76.0,0.0,81.0,75.0,55.0,69.0
0,0.0,23.0,88.0,3.0,6.0,66.0,60.0,0.0,58.0,0.0,52.0,74.0,76.0,0.0,81.0,75.0,55.0,69.0
0,0.0,25.0,0.0,0.0,0.0,66.0,70.0,0.0,68.0,0.0,59.0,74.0,64.0,0.0,66.0,72.0,52.0,65.0
0,0.0,24.0,2.0,0.0,0.0,66.0,71.0,0.0,67.0,0.0,62.0,68.0,82.0,0.0,78.0,69.0,52.0,74.0
0,0.0,22.0,0.0,0.0,0.0,66.0,69.0,0.0,68.0,0.0,45.0,74.0,80.0,0.0,74.0,73.0,60.0,73.0
0,0.0,25.0,0.0,0.0,0.0,66.0,74.0,0.0,72.0,0.0,61.0,68.0,65.0,0.0,66.0,77.0,61.0,65.0
0,0.0,25.0,0.0,0.0,0.0,66.0,74.0,0.0,72.0,0.0,61.0,68.0,65.0,0.0,66.0,77.0,61.0,65.0
0,0.0,25.0,0.0,0.0,0.0,66.0,74.0,0.0,72.0,0.0,61.0,68.0,65.0,0.0,66.0,77.0,61.0,65.0
0,0.0,25.0,0.0,0.0,0.0,65.0,90.0,0.0,77.0,0.0,59.0,73.0,78.0,0.0,64.0,76.0,45.0,84.0
0,0.0,23.0,0.0,0.0,0.0,65.0,49.0,0.0,56.0,0.0,63.0,81.0,72.0,0.0,87.0,66.0,65.0,58.0
0,0.0,23.0,45.0,0.0,1.0,65.0,71.0,0.0,66.0,0.0,50.0,86.0,84.0,0.0,82.0,69.0,49.0,72.0
0,0.0,25.0,0.0,0.0,0.0,65.0,65.0,0.0,62.0,0.0,64.0,64.0,82.0,0.0,68.0,67.0,49.0,72.0
0,0.0,25.0,6.0,0.0,0.0,65.0,74.0,0.0,69.0,0.0,57.0,73.0,87.0,0.0,66.0,81.0,54.0,74.0
0,0.0,25.0,1.0,0.0,0.0,65.0,69.0,0.0,68.0,0.0,55.0,77.0,86.0,0.0,69.0,64.0,33.0,78.0
0,0.0,23.0,0.0,0.0,0.0,65.0,63.0,0.0,66.0,0.0,54.0,82.0,79.0,0.0,72.0,80.0,46.0,70.0
0,0.0,26.0,34.0,0.0,0.0,65.0,54.0,0.0,51.0,0.0,65.0,79.0,78.0,0.0,85.0,69.0,55.0,52.0
0,0.0,23.0,0.0,0.0,0.0,65.0,66.0,0.0,60.0,0.0,65.0,78.0,76.0,0.0,74.0,66.0,59.0,71.0
0,0.0,27.0,0.0,0.0,0.0,65.0,69.0,0.0,71.0,0.0,67.0,71.0,79.0,0.0,68.0,75.0,65.0,70.0
0,0.0,24.0,0.0,0.0,0.0,64.0,74.0,0.0,75.0,0.0,46.0,77.0,74.0,0.0,62.0,88.0,38.0,83.0
0,0.0,26.0,0.0,0.0,0.0,64.0,74.0,0.0,78.0,0.0,51.0,72.0,70.0,0.0,76.0,75.0,45.0,70.0
0,0.0,25.0,0.0,0.0,0.0,64.0,68.0,0.0,65.0,0.0,67.0,78.0,76.0,0.0,72.0,76.0,39.0,72.0
0,0.0,23.0,5.0,0.0,0.0,64.0,75.0,0.0,80.0,0.0,46.0,74.0,71.0,0.0,65.0,73.0,57.0,87.0
0,0.0,25.0,0.0,0.0,0.0,64.0,64.0,0.0,62.0,0.0,56.0,78.0,75.0,0.0,83.0,65.0,41.0,70.0
0,0.0,25.0,0.0,0.0,0.0,64.0,74.0,0.0,78.0,0.0,52.0,72.0,63.0,0.0,64.0,85.0,44.0,83.0
0,0.0,25.0,0.0,0.0,0.0,64.0,64.0,0.0,65.0,0.0,62.0,75.0,76.0,0.0,80.0,71.0,60.0,72.0
0,0.0,29.0,0.0,0.0,0.0,64.0,68.0,0.0,70.0,0.0,52.0,83.0,75.0,0.0,81.0,74.0,43.0,66.0
0,0.0,22.0,1.0,0.0,0.0,64.0,77.0,0.0,72.0,0.0,52.0,73.0,71.0,0.0,66.0,87.0,75.0,81.0
0,0.0,24.0,1.0,0.0,0.0,64.0,64.0,0.0,58.0,0.0,51.0,78.0,77.0,0.0,81.0,71.0,54.0,64.0
0,0.0,22.0,2.0,0.0,0.0,64.0,77.0,0.0,72.0,0.0,43.0,68.0,66.0,0.0,64.0,82.0,45.0,83.0
0,0.0,22.0,15.0,0.0,0.0,64.0,65.0,0.0,62.0,0.0,44.0,86.0,74.0,0.0,85.0,68.0,62.0,72.0
0,0.0,27.0,6.0,0.0,0.0,64.0,70.0,0.0,68.0,0.0,49.0,73.0,74.0,0.0,83.0,76.0,47.0,85.0
0,0.0,25.0,0.0,0.0,0.0,64.0,80.0,0.0,73.0,0.0,59.0,71.0,76.0,0.0,70.0,69.0,50.0,73.0
0,0.0,24.0,0.0,0.0,0.0,64.0,76.0,0.0,82.0,0.0,52.0,68.0,65.0,0.0,61.0,76.0,53.0,71.0
0,0.0,24.0,0.0,0.0,0.0,64.0,63.0,0.0,64.0,0.0,57.0,74.0,76.0,0.0,77.0,71.0,60.0,70.0
0,0.0,24.0,18.0,0.0,0.0,64.0,73.0,0.0,64.0,0.0,64.0,77.0,76.0,0.0,78.0,75.0,66.0,74.0
0,0.0,24.0,0.0,0.0,0.0,64.0,57.0,0.0,62.0,0.0,41.0,75.0,89.0,0.0,76.0,71.0,54.0,75.0
0,0.0,24.0,0.0,0.0,0.0,64.0,57.0,0.0,62.0,0.0,41.0,75.0,89.0,0.0,76.0,71.0,54.0,75.0
0,0.0,24.0,0.0,0.0,0.0,64.0,57.0,0.0,62.0,0.0,41.0,75.0,89.0,0.0,76.0,71.0,54.0,75.0
0,0.0,24.0,52.0,0.0,1.0,64.0,57.0,0.0,62.0,0.0,41.0,75.0,89.0,0.0,76.0,71.0,54.0,75.0
0,0.0,24.0,4.0,0.0,0.0,64.0,57.0,0.0,62.0,0.0,41.0,75.0,89.0,0.0,76.0,71.0,54.0,75.0
0,0.0,24.0,0.0,0.0,0.0,64.0,67.0,0.0,68.0,0.0,49.0,83.0,75.0,0.0,85.0,76.0,48.0,82.0
0,0.0,27.0,0.0,0.0,0.0,63.0,67.0,0.0,65.0,0.0,54.0,74.0,79.0,0.0,75.0,69.0,63.0,76.0
0,0.0,23.0,2.0,0.0,0.0,63.0,61.0,0.0,64.0,0.0,43.0,82.0,83.0,0.0,82.0,77.0,44.0,85.0
0,0.0,23.0,63.0,0.0,0.0,63.0,68.0,0.0,62.0,0.0,64.0,85.0,74.0,0.0,81.0,84.0,45.0,86.0
0,0.0,23.0,0.0,0.0,0.0,63.0,67.0,0.0,64.0,0.0,49.0,72.0,78.0,0.0,71.0,74.0,52.0,68.0
0,0.0,23.0,0.0,0.0,0.0,63.0,64.0,0.0,68.0,0.0,64.0,74.0,80.0,0.0,75.0,60.0,49.0,72.0
0,0.0,24.0,0.0,0.0,0.0,63.0,74.0,0.0,72.0,0.0,55.0,72.0,79.0,0.0,65.0,72.0,47.0,75.0
0,0.0,24.0,4.0,0.0,0.0,63.0,64.0,0.0,58.0,0.0,55.0,83.0,77.0,0.0,85.0,77.0,48.0,72.0
0,0.0,24.0,0.0,0.0,0.0,63.0,69.0,0.0,71.0,0.0,54.0,77.0,77.0,0.0,69.0,77.0,49.0,74.0
0,0.0,23.0,16.0,0.0,0.0,63.0,69.0,0.0,59.0,0.0,45.0,68.0,74.0,0.0,82.0,72.0,67.0,75.0
0,0.0,25.0,0.0,0.0,0.0,63.0,63.0,0.0,62.0,0.0,56.0,77.0,73.0,0.0,85.0,65.0,43.0,61.0
0,0.0,28.0,0.0,0.0,0.0,63.0,62.0,0.0,55.0,0.0,51.0,77.0,71.0,0.0,84.0,58.0,55.0,71.0
0,0.0,23.0,0.0,0.0,0.0,63.0,75.0,0.0,73.0,0.0,47.0,74.0,83.0,0.0,74.0,77.0,45.0,76.0
0,0.0,26.0,0.0,0.0,0.0,62.0,66.0,0.0,64.0,0.0,51.0,73.0,76.0,0.0,75.0,69.0,40.0,76.0
0,0.0,22.0,0.0,0.0,0.0,61.0,48.0,0.0,53.0,0.0,46.0,87.0,74.0,0.0,83.0,69.0,55.0,78.0
0,0.0,24.0,0.0,0.0,0.0,61.0,68.0,0.0,70.0,0.0,54.0,75.0,75.0,0.0,76.0,71.0,54.0,72.0
0,0.0,24.0,6.0,0.0,0.0,61.0,69.0,0.0,60.0,0.0,63.0,77.0,76.0,0.0,74.0,81.0,49.0,71.0
0,0.0,26.0,0.0,0.0,0.0,60.0,69.0,0.0,72.0,0.0,54.0,76.0,74.0,0.0,68.0,73.0,60.0,70.0
0,0.0,23.0,0.0,0.0,0.0,60.0,62.0,0.0,54.0,0.0,53.0,67.0,74.0,0.0,72.0,64.0,49.0,66.0
0,0.0,24.0,0.0,0.0,0.0,60.0,49.0,0.0,54.0,0.0,51.0,74.0,74.0,0.0,76.0,69.0,49.0,55.0
0,0.0,24.0,0.0,0.0,0.0,60.0,61.0,0.0,64.0,0.0,62.0,69.0,75.0,0.0,73.0,74.0,67.0,63.0
0,0.0,26.0,0.0,0.0,0.0,60.0,66.0,0.0,59.0,0.0,48.0,74.0,74.0,0.0,74.0,77.0,45.0,73.0
0,0.0,25.0,0.0,0.0,0.0,60.0,69.0,0.0,67.0,0.0,62.0,78.0,74.0,0.0,70.0,65.0,40.0,66.0
0,0.0,27.0,0.0,0.0,0.0,59.0,55.0,0.0,48.0,0.0,55.0,82.0,81.0,0.0,86.0,74.0,53.0,75.0
0,0.0,24.0,0.0,0.0,0.0,58.0,55.0,0.0,52.0,0.0,52.0,84.0,76.0,0.0,80.0,63.0,50.0,54.0
0,0.0,25.0,0.0,0.0,0.0,57.0,63.0,0.0,60.0,0.0,65.0,72.0,74.0,0.0,75.0,73.0,42.0,69.0
0,0.0,0.0,110.0,5.0,5.0,99.0,78.0,91.0,75.0,97.0,88.0,97.0,0.0,0.0,98.0,96.0,85.0,84.0
0,0.0,0.0,100.0,3.0,5.0,97.0,72.0,87.0,82.0,97.0,86.0,78.0,0.0,0.0,90.0,95.0,85.0,95.0
0,0.0,0.0,69.0,1.0,3.0,97.0,84.0,95.0,84.0,86.0,82.0,83.0,0.0,0.0,80.0,95.0,80.0,89.0
0,0.0,0.0,89.0,2.0,8.0,96.0,72.0,92.0,69.0,91.0,85.0,87.0,0.0,0.0,91.0,96.0,84.0,65.0
0,0.0,0.0,112.0,1.0,6.0,96.0,74.0,84.0,80.0,87.0,88.0,88.0,0.0,0.0,82.0,92.0,80.0,74.0
0,0.0,0.0,0.0,0.0,0.0,96.0,84.0,95.0,85.0,79.0,84.0,86.0,0.0,0.0,74.0,94.0,81.0,87.0
0,0.0,0.0,79.0,0.0,6.0,95.0,62.0,79.0,65.0,89.0,95.0,95.0,0.0,0.0,93.0,92.0,93.0,50.0
0,0.0,0.0,6.0,0.0,0.0,95.0,62.0,79.0,65.0,89.0,95.0,95.0,0.0,0.0,93.0,92.0,93.0,50.0
0,0.0,0.0,0.0,0.0,0.0,95.0,62.0,79.0,65.0,89.0,95.0,95.0,0.0,0.0,93.0,92.0,93.0,50.0
0,0.0,0.0,69.0,1.0,6.0,95.0,72.0,93.0,75.0,90.0,79.0,91.0,0.0,0.0,89.0,95.0,84.0,85.0
0,0.0,0.0,58.0,0.0,1.0,93.0,72.0,80.0,76.0,94.0,80.0,96.0,0.0,0.0,97.0,96.0,80.0,74.0
0,0.0,0.0,106.0,1.0,8.0,93.0,75.0,83.0,76.0,90.0,84.0,92.0,0.0,0.0,85.0,91.0,84.0,81.0
0,0.0,0.0,72.0,0.0,5.0,93.0,65.0,84.0,69.0,90.0,82.0,94.0,0.0,0.0,92.0,95.0,81.0,86.0
0,0.0,0.0,101.0,1.0,5.0,92.0,71.0,81.0,68.0,93.0,98.0,85.0,0.0,0.0,90.0,88.0,98.0,75.0
0,0.0,0.0,0.0,0.0,0.0,92.0,71.0,81.0,68.0,93.0,98.0,85.0,0.0,0.0,90.0,88.0,98.0,75.0
0,0.0,0.0,33.0,0.0,1.0,92.0,77.0,87.0,78.0,86.0,83.0,85.0,0.0,0.0,84.0,88.0,77.0,63.0
0,0.0,0.0,100.0,2.0,5.0,92.0,67.0,79.0,68.0,96.0,92.0,92.0,0.0,0.0,94.0,87.0,93.0,85.0
0,0.0,0.0,56.0,1.0,2.0,91.0,72.0,82.0,71.0,94.0,79.0,89.0,0.0,0.0,91.0,87.0,78.0,90.0
0,0.0,0.0,79.0,1.0,4.0,91.0,83.0,90.0,84.0,88.0,83.0,76.0,0.0,0.0,80.0,88.0,79.0,84.0
0,0.0,0.0,14.0,0.0,0.0,91.0,84.0,92.0,83.0,73.0,81.0,91.0,0.0,0.0,79.0,87.0,76.0,70.0
0,0.0,0.0,54.0,0.0,0.0,91.0,84.0,92.0,83.0,73.0,81.0,91.0,0.0,0.0,79.0,87.0,76.0,70.0
0,0.0,0.0,55.0,0.0,2.0,91.0,73.0,88.0,75.0,97.0,76.0,93.0,0.0,0.0,92.0,92.0,65.0,87.0
0,0.0,0.0,23.0,0.0,0.0,91.0,73.0,91.0,73.0,88.0,74.0,87.0,0.0,0.0,91.0,92.0,75.0,88.0
0,0.0,0.0,90.0,1.0,5.0,91.0,56.0,76.0,60.0,96.0,95.0,93.0,0.0,0.0,96.0,87.0,96.0,68.0
0,0.0,0.0,63.0,0.0,0.0,91.0,64.0,79.0,63.0,92.0,90.0,95.0,0.0,0.0,92.0,87.0,84.0,60.0
0,0.0,0.0,67.0,0.0,2.0,90.0,84.0,88.0,82.0,81.0,79.0,82.0,0.0,0.0,75.0,87.0,76.0,72.0
0,0.0,0.0,100.0,4.0,9.0,90.0,84.0,93.0,84.0,86.0,85.0,71.0,0.0,0.0,67.0,83.0,84.0,85.0
0,0.0,0.0,31.0,0.0,0.0,89.0,74.0,84.0,72.0,87.0,82.0,90.0,0.0,0.0,82.0,89.0,82.0,76.0
0,0.0,0.0,61.0,0.0,2.0,89.0,65.0,77.0,63.0,95.0,90.0,83.0,0.0,0.0,86.0,81.0,87.0,54.0
0,0.0,0.0,34.0,0.0,1.0,89.0,73.0,82.0,73.0,84.0,84.0,78.0,0.0,0.0,85.0,88.0,81.0,46.0
0,0.0,0.0,34.0,0.0,1.0,89.0,74.0,82.0,74.0,88.0,84.0,91.0,0.0,0.0,87.0,85.0,81.0,77.0
0,0.0,0.0,0.0,0.0,0.0,89.0,74.0,82.0,74.0,88.0,84.0,91.0,0.0,0.0,87.0,85.0,81.0,77.0
0,0.0,0.0,1.0,0.0,0.0,89.0,74.0,82.0,74.0,88.0,84.0,91.0,0.0,0.0,87.0,85.0,81.0,77.0
0,0.0,0.0,0.0,0.0,0.0,89.0,74.0,82.0,74.0,88.0,84.0,91.0,0.0,0.0,87.0,85.0,81.0,77.0
0,0.0,0.0,37.0,0.0,0.0,88.0,63.0,76.0,62.0,93.0,82.0,91.0,0.0,0.0,95.0,85.0,79.0,72.0
0,0.0,0.0,25.0,0.0,1.0,88.0,74.0,86.0,76.0,85.0,81.0,79.0,0.0,0.0,81.0,91.0,78.0,84.0
0,0.0,0.0,0.0,0.0,0.0,88.0,59.0,77.0,59.0,92.0,82.0,97.0,0.0,0.0,96.0,92.0,86.0,74.0
0,0.0,0.0,61.0,0.0,1.0,88.0,72.0,94.0,75.0,88.0,72.0,97.0,0.0,0.0,86.0,97.0,77.0,87.0
0,0.0,0.0,48.0,0.0,0.0,88.0,62.0,79.0,72.0,96.0,75.0,95.0,0.0,0.0,94.0,97.0,76.0,88.0
0,0.0,0.0,13.0,0.0,0.0,88.0,78.0,88.0,75.0,84.0,86.0,73.0,0.0,0.0,70.0,84.0,83.0,75.0
0,0.0,0.0,6.0,0.0,0.0,88.0,78.0,88.0,75.0,84.0,86.0,73.0,0.0,0.0,70.0,84.0,83.0,75.0
0,0.0,0.0,39.0,0.0,0.0,88.0,78.0,88.0,75.0,84.0,86.0,73.0,0.0,0.0,70.0,84.0,83.0,75.0
0,0.0,0.0,47.0,0.0,0.0,88.0,78.0,88.0,75.0,84.0,86.0,73.0,0.0,0.0,70.0,84.0,83.0,75.0
0,0.0,0.0,7.0,0.0,0.0,88.0,78.0,88.0,75.0,84.0,86.0,73.0,0.0,0.0,70.0,84.0,83.0,75.0
0,0.0,0.0,51.0,0.0,0.0,88.0,74.0,83.0,72.0,76.0,90.0,95.0,0.0,0.0,77.0,87.0,84.0,82.0
0,0.0,0.0,65.0,1.0,2.0,88.0,81.0,87.0,74.0,85.0,91.0,84.0,0.0,0.0,73.0,82.0,78.0,75.0
0,0.0,0.0,101.0,4.0,5.0,87.0,75.0,84.0,72.0,86.0,94.0,74.0,0.0,0.0,73.0,84.0,89.0,66.0
0,0.0,0.0,0.0,0.0,0.0,87.0,64.0,75.0,65.0,91.0,93.0,95.0,0.0,0.0,93.0,95.0,96.0,65.0
0,0.0,0.0,41.0,0.0,1.0,87.0,59.0,76.0,56.0,93.0,87.0,87.0,0.0,0.0,92.0,75.0,86.0,70.0
0,0.0,0.0,3.0,0.0,0.0,87.0,69.0,86.0,71.0,88.0,87.0,90.0,0.0,0.0,87.0,85.0,84.0,55.0
0,0.0,0.0,0.0,0.0,0.0,87.0,69.0,86.0,71.0,88.0,87.0,90.0,0.0,0.0,87.0,85.0,84.0,55.0
0,0.0,0.0,35.0,0.0,0.0,87.0,69.0,86.0,71.0,88.0,87.0,90.0,0.0,0.0,87.0,85.0,84.0,55.0
0,0.0,0.0,74.0,1.0,3.0,87.0,85.0,93.0,84.0,80.0,77.0,92.0,0.0,0.0,74.0,90.0,75.0,88.0
0,0.0,0.0,77.0,2.0,4.0,87.0,77.0,93.0,82.0,79.0,77.0,83.0,0.0,0.0,86.0,84.0,72.0,71.0
0,0.0,0.0,56.0,0.0,1.0,87.0,72.0,82.0,69.0,87.0,85.0,72.0,0.0,0.0,82.0,79.0,84.0,72.0
0,0.0,0.0,54.0,0.0,1.0,87.0,82.0,86.0,76.0,79.0,82.0,83.0,0.0,0.0,74.0,86.0,80.0,88.0
0,0.0,0.0,48.0,0.0,0.0,87.0,76.0,84.0,75.0,90.0,83.0,69.0,0.0,0.0,80.0,81.0,83.0,70.0
0,0.0,0.0,51.0,0.0,1.0,87.0,82.0,88.0,80.0,74.0,88.0,66.0,0.0,0.0,69.0,82.0,87.0,78.0
0,0.0,0.0,46.0,0.0,0.0,86.0,65.0,79.0,65.0,89.0,87.0,70.0,0.0,0.0,83.0,78.0,87.0,45.0
0,0.0,0.0,40.0,0.0,0.0,86.0,75.0,84.0,74.0,82.0,78.0,74.0,0.0,0.0,81.0,84.0,75.0,75.0
0,0.0,0.0,70.0,0.0,2.0,86.0,65.0,84.0,65.0,95.0,75.0,91.0,0.0,0.0,92.0,84.0,72.0,56.0
0,0.0,0.0,46.0,0.0,0.0,86.0,76.0,88.0,74.0,81.0,88.0,74.0,0.0,0.0,72.0,84.0,83.0,69.0
0,0.0,0.0,69.0,0.0,3.0,85.0,72.0,86.0,72.0,90.0,86.0,79.0,0.0,0.0,76.0,80.0,70.0,68.0
0,0.0,0.0,34.0,0.0,1.0,85.0,79.0,86.0,77.0,76.0,79.0,78.0,0.0,0.0,67.0,89.0,83.0,82.0
0,0.0,0.0,18.0,0.0,0.0,84.0,68.0,78.0,70.0,92.0,77.0,91.0,0.0,0.0,92.0,88.0,75.0,81.0
0,0.0,0.0,54.0,0.0,0.0,84.0,70.0,83.0,69.0,87.0,89.0,88.0,0.0,0.0,82.0,82.0,85.0,60.0
0,0.0,0.0,95.0,1.0,6.0,84.0,76.0,86.0,75.0,84.0,78.0,89.0,0.0,0.0,82.0,88.0,71.0,68.0
0,0.0,0.0,34.0,0.0,0.0,84.0,66.0,74.0,65.0,89.0,87.0,94.0,0.0,0.0,89.0,85.0,84.0,74.0
0,0.0,0.0,0.0,0.0,0.0,84.0,80.0,88.0,81.0,73.0,90.0,69.0,0.0,0.0,65.0,85.0,85.0,62.0
0,0.0,0.0,20.0,0.0,0.0,84.0,80.0,88.0,81.0,73.0,90.0,69.0,0.0,0.0,65.0,85.0,85.0,62.0
0,0.0,0.0,41.0,0.0,2.0,84.0,68.0,85.0,69.0,86.0,73.0,89.0,0.0,0.0,84.0,82.0,65.0,69.0
0,0.0,0.0,32.0,0.0,0.0,84.0,80.0,86.0,76.0,74.0,77.0,87.0,0.0,0.0,77.0,84.0,69.0,78.0
0,0.0,0.0,9.0,0.0,0.0,84.0,66.0,75.0,63.0,86.0,87.0,90.0,0.0,0.0,83.0,85.0,85.0,65.0
0,0.0,0.0,46.0,0.0,0.0,84.0,66.0,75.0,63.0,86.0,87.0,90.0,0.0,0.0,83.0,85.0,85.0,65.0
0,0.0,0.0,108.0,4.0,7.0,84.0,73.0,81.0,69.0,91.0,77.0,90.0,0.0,0.0,91.0,79.0,73.0,87.0
0,0.0,0.0,68.0,0.0,0.0,83.0,85.0,92.0,82.0,66.0,77.0,72.0,0.0,0.0,68.0,87.0,72.0,66.0
0,0.0,0.0,19.0,0.0,0.0,83.0,62.0,72.0,65.0,94.0,76.0,88.0,0.0,0.0,91.0,83.0,76.0,85.0
0,0.0,0.0,30.0,0.0,0.0,83.0,60.0,73.0,59.0,95.0,83.0,92.0,0.0,0.0,91.0,85.0,82.0,80.0
0,0.0,0.0,29.0,0.0,0.0,83.0,60.0,73.0,59.0,95.0,83.0,92.0,0.0,0.0,91.0,85.0,82.0,80.0
0,0.0,0.0,42.0,0.0,0.0,83.0,68.0,88.0,72.0,92.0,77.0,83.0,0.0,0.0,88.0,85.0,76.0,82.0
0,0.0,0.0,31.0,0.0,0.0,83.0,69.0,79.0,64.0,94.0,87.0,91.0,0.0,0.0,90.0,86.0,84.0,75.0
0,0.0,0.0,33.0,0.0,1.0,83.0,63.0,77.0,57.0,94.0,84.0,79.0,0.0,0.0,82.0,74.0,79.0,75.0
0,0.0,0.0,27.0,0.0,0.0,83.0,64.0,79.0,63.0,92.0,79.0,90.0,0.0,0.0,84.0,82.0,75.0,82.0
0,0.0,0.0,0.0,0.0,0.0,83.0,62.0,75.0,57.0,90.0,82.0,90.0,0.0,0.0,84.0,77.0,72.0,66.0
0,0.0,0.0,67.0,0.0,4.0,83.0,83.0,88.0,79.0,76.0,77.0,76.0,0.0,0.0,68.0,82.0,74.0,80.0
0,0.0,0.0,47.0,0.0,0.0,82.0,59.0,74.0,57.0,94.0,89.0,93.0,0.0,0.0,92.0,84.0,88.0,74.0
0,0.0,0.0,0.0,0.0,0.0,82.0,65.0,80.0,63.0,88.0,88.0,81.0,0.0,0.0,75.0,82.0,81.0,70.0
0,0.0,0.0,39.0,0.0,1.0,82.0,83.0,92.0,83.0,84.0,65.0,79.0,0.0,0.0,77.0,82.0,63.0,90.0
0,0.0,0.0,17.0,0.0,0.0,82.0,74.0,84.0,70.0,90.0,75.0,77.0,0.0,0.0,79.0,82.0,74.0,75.0
0,0.0,0.0,54.0,0.0,1.0,82.0,63.0,81.0,67.0,82.0,74.0,85.0,0.0,0.0,85.0,84.0,67.0,88.0
0,0.0,0.0,0.0,0.0,0.0,82.0,63.0,77.0,63.0,87.0,93.0,79.0,0.0,0.0,78.0,75.0,84.0,66.0
0,0.0,0.0,27.0,0.0,0.0,82.0,63.0,77.0,63.0,87.0,93.0,79.0,0.0,0.0,78.0,75.0,84.0,66.0
0,0.0,0.0,0.0,0.0,0.0,82.0,63.0,77.0,63.0,87.0,93.0,79.0,0.0,0.0,78.0,75.0,84.0,66.0
0,0.0,0.0,8.0,0.0,0.0,82.0,63.0,77.0,63.0,87.0,93.0,79.0,0.0,0.0,78.0,75.0,84.0,66.0
0,0.0,0.0,102.0,5.0,6.0,82.0,63.0,77.0,63.0,87.0,93.0,79.0,0.0,0.0,78.0,75.0,84.0,66.0
0,0.0,0.0,0.0,0.0,0.0,82.0,66.0,76.0,65.0,87.0,79.0,89.0,0.0,0.0,81.0,82.0,75.0,72.0
0,0.0,0.0,0.0,0.0,0.0,81.0,66.0,78.0,65.0,87.0,81.0,87.0,0.0,0.0,86.0,85.0,79.0,83.0
0,0.0,0.0,27.0,0.0,0.0,81.0,77.0,81.0,75.0,78.0,74.0,92.0,0.0,0.0,74.0,88.0,77.0,78.0
0,0.0,0.0,32.0,0.0,0.0,81.0,64.0,75.0,64.0,87.0,85.0,77.0,0.0,0.0,76.0,70.0,83.0,68.0
0,0.0,0.0,58.0,0.0,0.0,81.0,65.0,83.0,72.0,84.0,72.0,89.0,0.0,0.0,94.0,90.0,71.0,83.0
0,0.0,0.0,0.0,0.0,0.0,80.0,74.0,86.0,71.0,80.0,76.0,75.0,0.0,0.0,69.0,80.0,72.0,84.0
0,0.0,0.0,22.0,0.0,0.0,80.0,74.0,86.0,71.0,80.0,76.0,75.0,0.0,0.0,69.0,80.0,72.0,84.0
0,0.0,0.0,34.0,0.0,0.0,80.0,75.0,84.0,74.0,90.0,73.0,81.0,0.0,0.0,81.0,82.0,64.0,85.0
0,0.0,0.0,29.0,0.0,0.0,80.0,69.0,79.0,64.0,85.0,76.0,84.0,0.0,0.0,80.0,81.0,74.0,75.0
0,0.0,0.0,50.0,0.0,1.0,80.0,83.0,82.0,73.0,82.0,74.0,80.0,0.0,0.0,76.0,78.0,69.0,71.0
0,0.0,0.0,0.0,0.0,0.0,80.0,64.0,82.0,68.0,90.0,77.0,91.0,0.0,0.0,88.0,82.0,77.0,84.0
0,0.0,0.0,27.0,0.0,0.0,80.0,67.0,83.0,68.0,79.0,78.0,77.0,0.0,0.0,74.0,76.0,72.0,52.0
0,0.0,0.0,46.0,0.0,2.0,80.0,74.0,83.0,74.0,83.0,84.0,72.0,0.0,0.0,73.0,78.0,85.0,50.0
0,0.0,0.0,32.0,0.0,0.0,80.0,73.0,82.0,69.0,86.0,73.0,74.0,0.0,0.0,81.0,80.0,74.0,73.0
0,0.0,0.0,43.0,0.0,0.0,80.0,63.0,73.0,62.0,87.0,84.0,84.0,0.0,0.0,82.0,76.0,81.0,74.0
0,0.0,0.0,19.0,0.0,0.0,79.0,63.0,77.0,54.0,98.0,76.0,85.0,0.0,0.0,88.0,70.0,60.0,87.0
0,0.0,0.0,0.0,0.0,0.0,79.0,65.0,78.0,65.0,81.0,84.0,73.0,0.0,0.0,72.0,78.0,83.0,70.0
0,0.0,0.0,21.0,0.0,0.0,79.0,64.0,74.0,65.0,89.0,77.0,85.0,0.0,0.0,80.0,72.0,73.0,60.0
0,0.0,0.0,15.0,0.0,0.0,79.0,73.0,85.0,71.0,78.0,72.0,85.0,0.0,0.0,85.0,78.0,70.0,66.0
0,0.0,0.0,22.0,0.0,0.0,79.0,74.0,84.0,68.0,91.0,74.0,77.0,0.0,0.0,83.0,86.0,68.0,69.0
0,0.0,0.0,21.0,0.0,0.0,79.0,61.0,87.0,59.0,80.0,80.0,81.0,0.0,0.0,79.0,76.0,74.0,74.0
0,0.0,0.0,29.0,0.0,0.0,79.0,74.0,87.0,73.0,77.0,80.0,79.0,0.0,0.0,68.0,87.0,76.0,77.0
0,0.0,0.0,52.0,0.0,0.0,79.0,63.0,78.0,64.0,89.0,88.0,84.0,0.0,0.0,75.0,78.0,83.0,52.0
0,0.0,0.0,37.0,0.0,0.0,79.0,68.0,82.0,65.0,86.0,77.0,88.0,0.0,0.0,75.0,84.0,71.0,76.0
0,0.0,0.0,45.0,0.0,0.0,79.0,69.0,82.0,69.0,89.0,82.0,86.0,0.0,0.0,81.0,85.0,76.0,84.0
0,0.0,0.0,123.0,8.0,10.0,79.0,81.0,87.0,82.0,93.0,52.0,76.0,0.0,0.0,85.0,85.0,64.0,76.0
0,0.0,0.0,0.0,0.0,0.0,79.0,69.0,79.0,67.0,86.0,81.0,86.0,0.0,0.0,82.0,83.0,80.0,68.0
0,0.0,0.0,40.0,0.0,0.0,79.0,59.0,73.0,59.0,94.0,86.0,87.0,0.0,0.0,82.0,74.0,85.0,67.0
0,0.0,0.0,0.0,0.0,0.0,79.0,62.0,78.0,63.0,89.0,80.0,83.0,0.0,0.0,81.0,75.0,66.0,60.0
0,0.0,0.0,42.0,0.0,0.0,78.0,60.0,72.0,58.0,94.0,79.0,92.0,0.0,0.0,91.0,77.0,75.0,65.0
0,0.0,0.0,0.0,0.0,0.0,78.0,68.0,79.0,66.0,83.0,78.0,83.0,0.0,0.0,87.0,84.0,79.0,83.0
0,0.0,0.0,0.0,0.0,0.0,78.0,63.0,73.0,59.0,91.0,75.0,76.0,0.0,0.0,89.0,77.0,69.0,60.0
0,0.0,0.0,52.0,0.0,1.0,78.0,73.0,81.0,71.0,85.0,84.0,75.0,0.0,0.0,82.0,80.0,79.0,67.0
0,0.0,0.0,0.0,0.0,0.0,78.0,73.0,81.0,71.0,85.0,84.0,75.0,0.0,0.0,82.0,80.0,79.0,67.0
0,0.0,0.0,16.0,0.0,0.0,78.0,55.0,77.0,58.0,95.0,75.0,88.0,0.0,0.0,88.0,74.0,68.0,60.0
0,0.0,0.0,0.0,0.0,0.0,77.0,73.0,79.0,69.0,87.0,82.0,87.0,0.0,0.0,82.0,76.0,81.0,53.0
0,0.0,0.0,0.0,0.0,0.0,77.0,63.0,69.0,64.0,84.0,74.0,86.0,0.0,0.0,87.0,82.0,69.0,66.0
0,0.0,0.0,0.0,0.0,0.0,77.0,63.0,69.0,64.0,84.0,74.0,86.0,0.0,0.0,87.0,82.0,69.0,66.0
0,0.0,0.0,0.0,0.0,0.0,77.0,63.0,69.0,64.0,84.0,74.0,86.0,0.0,0.0,87.0,82.0,69.0,66.0
0,0.0,0.0,10.0,0.0,0.0,77.0,63.0,69.0,64.0,84.0,74.0,86.0,0.0,0.0,87.0,82.0,69.0,66.0
0,0.0,0.0,26.0,0.0,0.0,77.0,66.0,78.0,65.0,83.0,76.0,84.0,0.0,0.0,77.0,80.0,67.0,66.0
0,0.0,0.0,13.0,0.0,0.0,77.0,69.0,83.0,67.0,86.0,74.0,84.0,0.0,0.0,84.0,82.0,73.0,71.0
0,0.0,0.0,17.0,0.0,0.0,77.0,75.0,85.0,77.0,64.0,75.0,76.0,0.0,0.0,65.0,79.0,74.0,65.0
0,0.0,0.0,22.0,0.0,0.0,77.0,78.0,85.0,74.0,78.0,65.0,76.0,0.0,0.0,74.0,73.0,55.0,81.0
0,0.0,0.0,13.0,0.0,0.0,77.0,75.0,82.0,68.0,81.0,72.0,73.0,0.0,0.0,76.0,74.0,74.0,65.0
0,0.0,0.0,13.0,0.0,0.0,77.0,72.0,85.0,72.0,83.0,66.0,76.0,0.0,0.0,84.0,76.0,65.0,75.0
0,0.0,0.0,68.0,0.0,0.0,76.0,59.0,74.0,59.0,90.0,85.0,76.0,0.0,0.0,76.0,73.0,81.0,71.0
0,0.0,0.0,0.0,0.0,0.0,76.0,78.0,86.0,74.0,75.0,82.0,76.0,0.0,0.0,66.0,79.0,81.0,60.0
0,0.0,0.0,46.0,0.0,0.0,76.0,78.0,86.0,74.0,75.0,82.0,76.0,0.0,0.0,66.0,79.0,81.0,60.0
0,0.0,0.0,45.0,0.0,1.0,76.0,71.0,86.0,66.0,79.0,71.0,89.0,0.0,0.0,84.0,71.0,52.0,72.0
0,0.0,0.0,48.0,0.0,0.0,76.0,68.0,76.0,68.0,89.0,72.0,85.0,0.0,0.0,83.0,79.0,75.0,72.0
0,0.0,0.0,26.0,0.0,0.0,76.0,76.0,77.0,72.0,87.0,71.0,79.0,0.0,0.0,81.0,73.0,72.0,93.0
0,0.0,0.0,39.0,0.0,0.0,76.0,68.0,78.0,73.0,82.0,83.0,87.0,0.0,0.0,76.0,83.0,80.0,66.0
0,0.0,0.0,28.0,0.0,0.0,76.0,68.0,83.0,63.0,86.0,72.0,82.0,0.0,0.0,85.0,81.0,69.0,78.0
0,0.0,0.0,49.0,0.0,0.0,76.0,67.0,84.0,67.0,78.0,78.0,75.0,0.0,0.0,69.0,76.0,72.0,71.0
0,0.0,0.0,0.0,0.0,0.0,76.0,66.0,75.0,66.0,83.0,78.0,75.0,0.0,0.0,76.0,75.0,74.0,62.0
0,0.0,0.0,21.0,0.0,0.0,76.0,61.0,75.0,57.0,89.0,75.0,88.0,0.0,0.0,79.0,76.0,73.0,65.0
0,0.0,0.0,81.0,0.0,5.0,76.0,61.0,75.0,57.0,89.0,75.0,88.0,0.0,0.0,79.0,76.0,73.0,65.0
0,0.0,0.0,7.0,0.0,0.0,76.0,72.0,79.0,73.0,85.0,70.0,76.0,0.0,0.0,79.0,68.0,60.0,69.0
0,0.0,0.0,0.0,0.0,0.0,76.0,63.0,74.0,62.0,89.0,76.0,88.0,0.0,0.0,88.0,77.0,75.0,66.0
0,0.0,0.0,19.0,0.0,0.0,75.0,60.0,78.0,61.0,82.0,78.0,83.0,0.0,0.0,77.0,80.0,76.0,56.0
0,0.0,0.0,9.0,0.0,0.0,75.0,85.0,93.0,85.0,66.0,48.0,83.0,0.0,0.0,72.0,86.0,63.0,90.0
0,0.0,0.0,22.0,0.0,0.0,75.0,81.0,87.0,75.0,68.0,67.0,75.0,0.0,0.0,69.0,86.0,67.0,66.0
0,0.0,0.0,10.0,0.0,0.0,75.0,55.0,85.0,62.0,93.0,67.0,86.0,0.0,0.0,85.0,72.0,65.0,84.0
0,0.0,0.0,30.0,0.0,0.0,75.0,78.0,84.0,73.0,72.0,73.0,72.0,0.0,0.0,64.0,81.0,67.0,65.0
0,0.0,0.0,12.0,0.0,0.0,75.0,79.0,90.0,72.0,67.0,65.0,78.0,0.0,0.0,72.0,82.0,59.0,68.0
0,0.0,0.0,28.0,0.0,0.0,75.0,64.0,83.0,63.0,85.0,77.0,65.0,0.0,0.0,68.0,71.0,72.0,75.0
0,0.0,0.0,41.0,0.0,1.0,75.0,70.0,84.0,74.0,74.0,70.0,81.0,0.0,0.0,69.0,73.0,65.0,67.0
0,0.0,0.0,0.0,0.0,0.0,75.0,59.0,73.0,59.0,87.0,76.0,79.0,0.0,0.0,76.0,76.0,74.0,54.0
0,0.0,0.0,23.0,0.0,0.0,75.0,66.0,82.0,58.0,92.0,74.0,85.0,0.0,0.0,84.0,79.0,70.0,76.0
0,0.0,0.0,0.0,0.0,0.0,75.0,71.0,80.0,68.0,86.0,69.0,75.0,0.0,0.0,79.0,84.0,65.0,64.0
0,0.0,0.0,0.0,0.0,0.0,75.0,71.0,80.0,68.0,86.0,69.0,75.0,0.0,0.0,79.0,84.0,65.0,64.0
0,0.0,0.0,0.0,0.0,0.0,75.0,71.0,80.0,68.0,86.0,69.0,75.0,0.0,0.0,79.0,84.0,65.0,64.0
0,0.0,0.0,8.0,0.0,0.0,75.0,71.0,80.0,68.0,86.0,69.0,75.0,0.0,0.0,79.0,84.0,65.0,64.0
0,0.0,0.0,6.0,0.0,0.0,75.0,71.0,80.0,68.0,86.0,69.0,75.0,0.0,0.0,79.0,84.0,65.0,64.0
0,0.0,0.0,0.0,0.0,0.0,75.0,56.0,76.0,59.0,88.0,72.0,84.0,0.0,0.0,86.0,79.0,67.0,50.0
0,0.0,0.0,9.0,0.0,0.0,75.0,56.0,76.0,59.0,88.0,72.0,84.0,0.0,0.0,86.0,79.0,67.0,50.0
0,0.0,0.0,3.0,0.0,0.0,74.0,67.0,84.0,69.0,82.0,60.0,84.0,0.0,0.0,84.0,68.0,64.0,65.0
0,0.0,0.0,29.0,0.0,0.0,74.0,68.0,86.0,66.0,84.0,57.0,82.0,0.0,0.0,82.0,65.0,66.0,79.0
0,0.0,0.0,34.0,0.0,0.0,74.0,74.0,79.0,66.0,80.0,64.0,83.0,0.0,0.0,83.0,88.0,52.0,76.0
0,0.0,0.0,0.0,0.0,0.0,74.0,57.0,69.0,63.0,93.0,75.0,82.0,0.0,0.0,88.0,75.0,73.0,65.0
0,0.0,0.0,0.0,0.0,0.0,74.0,65.0,75.0,68.0,84.0,75.0,81.0,0.0,0.0,82.0,76.0,70.0,72.0
0,0.0,0.0,50.0,0.0,0.0,74.0,60.0,81.0,64.0,92.0,61.0,89.0,0.0,0.0,91.0,81.0,68.0,65.0
0,0.0,0.0,33.0,0.0,0.0,74.0,59.0,72.0,54.0,87.0,74.0,84.0,0.0,0.0,84.0,85.0,75.0,58.0
0,0.0,0.0,10.0,0.0,0.0,74.0,76.0,84.0,72.0,76.0,59.0,75.0,0.0,0.0,74.0,84.0,65.0,70.0
0,0.0,0.0,12.0,0.0,0.0,74.0,77.0,86.0,87.0,80.0,53.0,77.0,0.0,0.0,71.0,78.0,60.0,85.0
0,0.0,0.0,13.0,0.0,0.0,74.0,61.0,72.0,58.0,87.0,68.0,79.0,0.0,0.0,83.0,76.0,67.0,68.0
0,0.0,0.0,0.0,0.0,0.0,74.0,61.0,72.0,58.0,87.0,68.0,79.0,0.0,0.0,83.0,76.0,67.0,68.0
0,0.0,0.0,27.0,0.0,0.0,74.0,63.0,80.0,66.0,85.0,75.0,79.0,0.0,0.0,82.0,85.0,74.0,55.0
0,0.0,0.0,38.0,0.0,0.0,74.0,73.0,79.0,64.0,91.0,55.0,85.0,0.0,0.0,89.0,81.0,65.0,76.0
0,0.0,0.0,0.0,0.0,0.0,74.0,53.0,75.0,50.0,86.0,62.0,89.0,0.0,0.0,92.0,84.0,70.0,75.0
0,0.0,0.0,0.0,0.0,0.0,74.0,74.0,76.0,66.0,81.0,76.0,83.0,0.0,0.0,83.0,77.0,75.0,75.0
0,0.0,0.0,21.0,0.0,0.0,74.0,66.0,77.0,65.0,82.0,75.0,76.0,0.0,0.0,78.0,83.0,68.0,70.0
0,0.0,0.0,5.0,0.0,0.0,74.0,66.0,77.0,65.0,82.0,75.0,76.0,0.0,0.0,78.0,83.0,68.0,70.0
0,0.0,0.0,14.0,0.0,0.0,74.0,73.0,82.0,71.0,83.0,75.0,79.0,0.0,0.0,73.0,74.0,73.0,68.0
0,0.0,0.0,0.0,0.0,0.0,73.0,74.0,80.0,69.0,69.0,76.0,75.0,0.0,0.0,72.0,75.0,67.0,70.0
0,0.0,0.0,0.0,0.0,0.0,73.0,64.0,66.0,63.0,84.0,73.0,80.0,0.0,0.0,75.0,73.0,70.0,66.0
0,0.0,0.0,25.0,0.0,0.0,73.0,59.0,73.0,55.0,87.0,82.0,79.0,0.0,0.0,75.0,70.0,74.0,70.0
0,0.0,0.0,68.0,0.0,4.0,73.0,80.0,88.0,82.0,76.0,52.0,77.0,0.0,0.0,68.0,88.0,62.0,78.0
0,0.0,0.0,29.0,0.0,0.0,73.0,67.0,75.0,73.0,86.0,78.0,83.0,0.0,0.0,78.0,76.0,74.0,60.0
0,0.0,0.0,8.0,0.0,0.0,73.0,69.0,83.0,67.0,92.0,47.0,85.0,0.0,0.0,87.0,65.0,53.0,76.0
0,0.0,0.0,13.0,0.0,0.0,73.0,68.0,81.0,64.0,81.0,77.0,69.0,0.0,0.0,76.0,75.0,66.0,70.0
0,0.0,0.0,7.0,0.0,0.0,73.0,79.0,84.0,81.0,83.0,45.0,85.0,0.0,0.0,83.0,82.0,49.0,77.0
0,0.0,0.0,48.0,0.0,0.0,73.0,62.0,79.0,65.0,76.0,81.0,73.0,0.0,0.0,67.0,75.0,85.0,65.0
0,0.0,0.0,0.0,0.0,0.0,73.0,63.0,75.0,58.0,83.0,73.0,84.0,0.0,0.0,80.0,79.0,65.0,60.0
0,0.0,0.0,0.0,0.0,0.0,73.0,80.0,86.0,74.0,73.0,65.0,67.0,0.0,0.0,72.0,75.0,66.0,69.0
0,0.0,0.0,7.0,0.0,0.0,73.0,70.0,90.0,71.0,83.0,53.0,82.0,0.0,0.0,84.0,82.0,49.0,80.0
0,0.0,0.0,1.0,0.0,0.0,73.0,74.0,69.0,64.0,90.0,74.0,90.0,0.0,0.0,84.0,79.0,70.0,79.0
0,0.0,0.0,13.0,0.0,0.0,73.0,74.0,69.0,64.0,90.0,74.0,90.0,0.0,0.0,84.0,79.0,70.0,79.0
0,0.0,0.0,17.0,0.0,0.0,73.0,75.0,87.0,76.0,75.0,72.0,69.0,0.0,0.0,65.0,77.0,65.0,74.0
0,0.0,0.0,14.0,0.0,0.0,73.0,45.0,70.0,54.0,97.0,73.0,80.0,0.0,0.0,89.0,69.0,71.0,77.0
0,0.0,0.0,5.0,0.0,0.0,73.0,54.0,78.0,60.0,90.0,63.0,72.0,0.0,0.0,82.0,77.0,64.0,65.0
0,0.0,0.0,28.0,0.0,0.0,73.0,63.0,70.0,65.0,92.0,64.0,89.0,0.0,0.0,89.0,77.0,62.0,89.0
0,0.0,0.0,34.0,0.0,0.0,73.0,60.0,70.0,57.0,94.0,74.0,86.0,0.0,0.0,86.0,74.0,67.0,52.0
0,0.0,0.0,2.0,0.0,0.0,73.0,76.0,85.0,73.0,83.0,52.0,86.0,0.0,0.0,77.0,83.0,66.0,80.0
0,0.0,0.0,0.0,0.0,0.0,72.0,63.0,72.0,65.0,87.0,69.0,77.0,0.0,0.0,69.0,74.0,57.0,66.0
0,0.0,0.0,8.0,0.0,0.0,72.0,68.0,73.0,66.0,83.0,71.0,72.0,0.0,0.0,75.0,77.0,70.0,85.0
0,0.0,0.0,5.0,0.0,0.0,72.0,57.0,69.0,53.0,91.0,64.0,76.0,0.0,0.0,79.0,67.0,71.0,66.0
0,0.0,0.0,3.0,0.0,0.0,72.0,58.0,72.0,61.0,92.0,67.0,86.0,0.0,0.0,85.0,79.0,75.0,72.0
0,0.0,0.0,0.0,0.0,0.0,72.0,61.0,73.0,59.0,84.0,73.0,78.0,0.0,0.0,76.0,75.0,72.0,72.0
0,0.0,0.0,24.0,0.0,0.0,72.0,63.0,79.0,64.0,83.0,75.0,72.0,0.0,0.0,72.0,75.0,72.0,65.0
0,0.0,0.0,37.0,0.0,0.0,72.0,74.0,82.0,71.0,75.0,76.0,66.0,0.0,0.0,65.0,72.0,73.0,80.0
0,0.0,0.0,0.0,0.0,0.0,72.0,75.0,72.0,74.0,69.0,62.0,81.0,0.0,0.0,71.0,84.0,73.0,86.0
0,0.0,0.0,0.0,0.0,0.0,72.0,78.0,82.0,72.0,86.0,60.0,74.0,0.0,0.0,73.0,75.0,53.0,75.0
0,0.0,0.0,5.0,0.0,0.0,72.0,56.0,73.0,56.0,92.0,71.0,79.0,0.0,0.0,89.0,77.0,54.0,76.0
0,0.0,0.0,7.0,0.0,0.0,71.0,74.0,83.0,74.0,71.0,68.0,72.0,0.0,0.0,65.0,74.0,68.0,85.0
0,0.0,0.0,27.0,0.0,0.0,71.0,64.0,76.0,65.0,93.0,52.0,82.0,0.0,0.0,84.0,81.0,50.0,90.0
0,0.0,0.0,5.0,0.0,0.0,71.0,73.0,90.0,77.0,72.0,55.0,78.0,0.0,0.0,82.0,72.0,51.0,82.0
0,0.0,0.0,17.0,0.0,0.0,71.0,67.0,79.0,54.0,92.0,62.0,80.0,0.0,0.0,85.0,72.0,50.0,75.0
0,0.0,0.0,0.0,0.0,0.0,71.0,74.0,85.0,75.0,78.0,68.0,72.0,0.0,0.0,74.0,67.0,55.0,74.0
0,0.0,0.0,2.0,0.0,0.0,71.0,86.0,89.0,74.0,75.0,66.0,69.0,0.0,0.0,69.0,71.0,66.0,86.0
0,0.0,0.0,5.0,0.0,0.0,71.0,73.0,88.0,78.0,65.0,60.0,75.0,0.0,0.0,63.0,88.0,55.0,70.0
0,0.0,0.0,4.0,0.0,0.0,71.0,64.0,82.0,58.0,91.0,59.0,84.0,0.0,0.0,85.0,78.0,51.0,72.0
0,0.0,0.0,4.0,0.0,0.0,71.0,66.0,84.0,63.0,75.0,68.0,72.0,0.0,0.0,73.0,85.0,70.0,75.0
0,0.0,0.0,0.0,0.0,0.0,71.0,51.0,65.0,52.0,86.0,66.0,84.0,0.0,0.0,85.0,84.0,75.0,65.0
0,0.0,0.0,25.0,0.0,0.0,71.0,70.0,84.0,72.0,84.0,50.0,85.0,0.0,0.0,88.0,86.0,49.0,72.0
0,0.0,0.0,28.0,0.0,0.0,71.0,68.0,77.0,62.0,78.0,65.0,79.0,0.0,0.0,86.0,84.0,75.0,92.0
0,0.0,0.0,14.0,0.0,0.0,71.0,71.0,80.0,67.0,83.0,72.0,73.0,0.0,0.0,69.0,73.0,55.0,77.0
0,0.0,0.0,0.0,0.0,0.0,71.0,67.0,79.0,64.0,80.0,71.0,74.0,0.0,0.0,67.0,77.0,62.0,66.0
0,0.0,0.0,7.0,0.0,0.0,70.0,76.0,82.0,76.0,83.0,65.0,73.0,0.0,0.0,67.0,76.0,67.0,87.0
0,0.0,0.0,39.0,0.0,0.0,70.0,71.0,82.0,74.0,77.0,55.0,81.0,0.0,0.0,74.0,85.0,48.0,87.0
0,0.0,0.0,12.0,0.0,0.0,70.0,79.0,87.0,73.0,79.0,51.0,83.0,0.0,0.0,67.0,77.0,50.0,72.0
0,0.0,0.0,63.0,0.0,0.0,70.0,68.0,67.0,66.0,84.0,71.0,85.0,0.0,0.0,81.0,84.0,60.0,86.0
0,0.0,0.0,5.0,0.0,0.0,70.0,75.0,83.0,72.0,84.0,61.0,81.0,0.0,0.0,83.0,76.0,48.0,81.0
0,0.0,0.0,5.0,0.0,0.0,70.0,70.0,86.0,68.0,84.0,53.0,75.0,0.0,0.0,83.0,80.0,49.0,72.0
0,0.0,0.0,0.0,0.0,0.0,70.0,76.0,84.0,82.0,74.0,58.0,68.0,0.0,0.0,64.0,77.0,57.0,71.0
0,0.0,0.0,4.0,0.0,0.0,70.0,68.0,90.0,66.0,82.0,62.0,84.0,0.0,0.0,76.0,85.0,59.0,64.0
0,0.0,0.0,16.0,0.0,0.0,70.0,68.0,77.0,62.0,85.0,64.0,75.0,0.0,0.0,81.0,73.0,65.0,75.0
0,0.0,0.0,2.0,0.0,0.0,70.0,56.0,71.0,51.0,86.0,73.0,76.0,0.0,0.0,79.0,79.0,66.0,64.0
0,0.0,0.0,0.0,0.0,0.0,70.0,69.0,74.0,63.0,94.0,54.0,88.0,0.0,0.0,86.0,78.0,46.0,87.0
0,0.0,0.0,0.0,0.0,0.0,70.0,69.0,74.0,63.0,94.0,54.0,88.0,0.0,0.0,86.0,78.0,46.0,87.0
0,0.0,0.0,2.0,0.0,0.0,69.0,66.0,84.0,56.0,84.0,51.0,84.0,0.0,0.0,88.0,82.0,64.0,73.0
0,0.0,0.0,8.0,0.0,0.0,69.0,58.0,84.0,55.0,83.0,50.0,74.0,0.0,0.0,81.0,74.0,62.0,81.0
0,0.0,0.0,5.0,0.0,0.0,69.0,85.0,89.0,75.0,91.0,45.0,74.0,0.0,0.0,77.0,75.0,48.0,89.0
0,0.0,0.0,18.0,0.0,0.0,69.0,85.0,88.0,77.0,88.0,42.0,74.0,0.0,0.0,78.0,85.0,43.0,83.0
0,0.0,0.0,0.0,0.0,0.0,69.0,65.0,75.0,62.0,81.0,67.0,72.0,0.0,0.0,73.0,76.0,58.0,66.0
0,0.0,0.0,0.0,0.0,0.0,69.0,72.0,84.0,72.0,76.0,60.0,69.0,0.0,0.0,71.0,75.0,63.0,75.0
0,0.0,0.0,0.0,0.0,0.0,69.0,68.0,74.0,71.0,80.0,69.0,76.0,0.0,0.0,68.0,74.0,47.0,77.0
0,0.0,0.0,1.0,0.0,0.0,69.0,74.0,84.0,72.0,76.0,55.0,80.0,0.0,0.0,83.0,77.0,64.0,73.0
0,0.0,0.0,6.0,0.0,0.0,69.0,74.0,84.0,69.0,74.0,63.0,74.0,0.0,0.0,66.0,65.0,61.0,55.0
0,0.0,0.0,0.0,0.0,0.0,69.0,61.0,74.0,58.0,88.0,64.0,69.0,0.0,0.0,74.0,69.0,55.0,69.0
0,0.0,0.0,10.0,0.0,0.0,69.0,61.0,74.0,58.0,88.0,64.0,69.0,0.0,0.0,74.0,69.0,55.0,69.0
0,0.0,0.0,0.0,0.0,0.0,69.0,61.0,74.0,58.0,88.0,64.0,69.0,0.0,0.0,74.0,69.0,55.0,69.0
0,0.0,0.0,0.0,0.0,0.0,69.0,61.0,74.0,58.0,88.0,64.0,69.0,0.0,0.0,74.0,69.0,55.0,69.0
0,0.0,0.0,14.0,0.0,0.0,69.0,61.0,74.0,58.0,88.0,64.0,69.0,0.0,0.0,74.0,69.0,55.0,69.0
0,0.0,0.0,88.0,3.0,6.0,69.0,61.0,74.0,58.0,88.0,64.0,69.0,0.0,0.0,74.0,69.0,55.0,69.0
0,0.0,0.0,0.0,0.0,0.0,69.0,51.0,67.0,56.0,89.0,71.0,85.0,0.0,0.0,88.0,71.0,66.0,58.0
0,0.0,0.0,0.0,0.0,0.0,69.0,75.0,87.0,75.0,65.0,63.0,72.0,0.0,0.0,62.0,88.0,42.0,83.0
0,0.0,0.0,0.0,0.0,0.0,68.0,64.0,71.0,63.0,77.0,67.0,73.0,0.0,0.0,77.0,72.0,59.0,75.0
0,0.0,0.0,7.0,0.0,0.0,68.0,63.0,81.0,58.0,91.0,57.0,79.0,0.0,0.0,73.0,74.0,63.0,88.0
0,0.0,0.0,0.0,0.0,0.0,68.0,76.0,77.0,73.0,75.0,54.0,79.0,0.0,0.0,74.0,85.0,49.0,88.0
0,0.0,0.0,0.0,0.0,0.0,68.0,76.0,77.0,73.0,75.0,54.0,79.0,0.0,0.0,74.0,85.0,49.0,88.0
0,0.0,0.0,0.0,0.0,0.0,68.0,76.0,77.0,73.0,75.0,54.0,79.0,0.0,0.0,74.0,85.0,49.0,88.0
0,0.0,0.0,6.0,0.0,0.0,68.0,79.0,84.0,72.0,76.0,53.0,74.0,0.0,0.0,76.0,83.0,65.0,73.0
0,0.0,0.0,0.0,0.0,0.0,68.0,74.0,86.0,78.0,77.0,62.0,72.0,0.0,0.0,76.0,75.0,45.0,70.0
0,0.0,0.0,1.0,0.0,0.0,68.0,78.0,86.0,84.0,66.0,45.0,73.0,0.0,0.0,67.0,87.0,51.0,85.0
0,0.0,0.0,0.0,0.0,0.0,68.0,53.0,73.0,53.0,91.0,66.0,82.0,0.0,0.0,82.0,70.0,56.0,73.0
0,0.0,0.0,14.0,0.0,0.0,68.0,81.0,84.0,74.0,69.0,50.0,75.0,0.0,0.0,83.0,69.0,50.0,85.0
0,0.0,0.0,1.0,0.0,0.0,68.0,76.0,80.0,73.0,69.0,62.0,76.0,0.0,0.0,67.0,82.0,57.0,79.0
0,0.0,0.0,3.0,0.0,0.0,68.0,53.0,69.0,52.0,94.0,54.0,79.0,0.0,0.0,89.0,72.0,64.0,83.0
0,0.0,0.0,0.0,0.0,0.0,68.0,49.0,72.0,53.0,89.0,64.0,87.0,0.0,0.0,83.0,71.0,60.0,78.0
0,0.0,0.0,17.0,0.0,0.0,68.0,73.0,86.0,72.0,76.0,60.0,74.0,0.0,0.0,66.0,72.0,46.0,69.0
0,0.0,0.0,3.0,0.0,0.0,68.0,78.0,86.0,71.0,82.0,51.0,72.0,0.0,0.0,73.0,81.0,53.0,76.0
0,0.0,0.0,7.0,0.0,0.0,68.0,64.0,69.0,53.0,89.0,64.0,78.0,0.0,0.0,85.0,73.0,65.0,72.0
0,0.0,0.0,2.0,0.0,0.0,68.0,61.0,76.0,64.0,86.0,56.0,84.0,0.0,0.0,82.0,77.0,44.0,85.0
0,0.0,0.0,0.0,0.0,0.0,68.0,72.0,82.0,75.0,74.0,52.0,81.0,0.0,0.0,76.0,71.0,69.0,81.0
0,0.0,0.0,0.0,0.0,0.0,68.0,71.0,82.0,74.0,77.0,54.0,73.0,0.0,0.0,74.0,87.0,64.0,70.0
0,0.0,0.0,3.0,0.0,0.0,68.0,75.0,76.0,69.0,76.0,57.0,74.0,0.0,0.0,67.0,84.0,50.0,66.0
0,0.0,0.0,1.0,0.0,0.0,68.0,62.0,84.0,58.0,85.0,65.0,79.0,0.0,0.0,69.0,70.0,58.0,67.0
0,0.0,0.0,0.0,0.0,0.0,68.0,62.0,84.0,58.0,85.0,65.0,79.0,0.0,0.0,69.0,70.0,58.0,67.0
0,0.0,0.0,8.0,0.0,0.0,68.0,69.0,82.0,65.0,87.0,56.0,73.0,0.0,0.0,65.0,82.0,62.0,75.0
0,0.0,0.0,2.0,0.0,0.0,68.0,79.0,81.0,72.0,75.0,51.0,70.0,0.0,0.0,69.0,74.0,59.0,76.0
0,0.0,0.0,2.0,0.0,0.0,68.0,50.0,68.0,53.0,93.0,61.0,84.0,0.0,0.0,92.0,75.0,57.0,65.0
0,0.0,0.0,0.0,0.0,0.0,68.0,69.0,75.0,67.0,78.0,70.0,79.0,0.0,0.0,72.0,71.0,65.0,66.0
0,0.0,0.0,3.0,0.0,0.0,68.0,67.0,74.0,66.0,81.0,66.0,82.0,0.0,0.0,81.0,84.0,56.0,65.0
0,0.0,0.0,0.0,0.0,0.0,68.0,73.0,79.0,68.0,82.0,66.0,73.0,0.0,0.0,67.0,72.0,52.0,74.0
0,0.0,0.0,1.0,0.0,0.0,68.0,69.0,84.0,68.0,77.0,65.0,77.0,0.0,0.0,69.0,64.0,33.0,78.0
0,0.0,0.0,0.0,0.0,0.0,68.0,81.0,84.0,79.0,70.0,58.0,66.0,0.0,0.0,66.0,81.0,48.0,81.0
0,0.0,0.0,1.0,0.0,0.0,67.0,66.0,82.0,69.0,85.0,59.0,78.0,0.0,0.0,65.0,66.0,42.0,70.0
0,0.0,0.0,5.0,0.0,0.0,67.0,75.0,78.0,80.0,67.0,49.0,74.0,0.0,0.0,66.0,73.0,59.0,87.0
0,0.0,0.0,0.0,0.0,0.0,67.0,69.0,85.0,68.0,78.0,50.0,74.0,0.0,0.0,74.0,73.0,60.0,73.0
0,0.0,0.0,2.0,0.0,0.0,67.0,71.0,82.0,67.0,87.0,62.0,67.0,0.0,0.0,78.0,73.0,55.0,74.0
0,0.0,0.0,18.0,0.0,0.0,67.0,73.0,78.0,64.0,68.0,65.0,79.0,0.0,0.0,78.0,76.0,67.0,74.0
0,0.0,0.0,0.0,0.0,0.0,67.0,59.0,76.0,62.0,90.0,63.0,78.0,0.0,0.0,76.0,71.0,54.0,75.0
0,0.0,0.0,0.0,0.0,0.0,67.0,59.0,76.0,62.0,90.0,63.0,78.0,0.0,0.0,76.0,71.0,54.0,75.0
0,0.0,0.0,0.0,0.0,0.0,67.0,59.0,76.0,62.0,90.0,63.0,78.0,0.0,0.0,76.0,71.0,54.0,75.0
0,0.0,0.0,52.0,0.0,1.0,67.0,59.0,76.0,62.0,90.0,63.0,78.0,0.0,0.0,76.0,71.0,54.0,75.0
0,0.0,0.0,4.0,0.0,0.0,67.0,59.0,76.0,62.0,90.0,63.0,78.0,0.0,0.0,76.0,71.0,54.0,75.0
0,0.0,0.0,6.0,0.0,0.0,67.0,69.0,71.0,60.0,86.0,69.0,82.0,0.0,0.0,79.0,82.0,59.0,71.0
0,0.0,0.0,13.0,0.0,0.0,67.0,76.0,87.0,75.0,67.0,52.0,69.0,0.0,0.0,72.0,80.0,60.0,74.0
0,0.0,0.0,1.0,0.0,0.0,67.0,76.0,87.0,73.0,72.0,55.0,73.0,0.0,0.0,70.0,87.0,61.0,69.0
0,0.0,0.0,2.0,0.0,0.0,66.0,73.0,87.0,72.0,79.0,55.0,71.0,0.0,0.0,69.0,72.0,40.0,80.0
0,0.0,0.0,0.0,0.0,0.0,66.0,68.0,74.0,70.0,78.0,64.0,77.0,0.0,0.0,78.0,73.0,64.0,72.0
0,0.0,0.0,13.0,0.0,0.0,66.0,58.0,82.0,54.0,87.0,53.0,81.0,0.0,0.0,83.0,84.0,59.0,73.0
0,0.0,0.0,1.0,0.0,0.0,66.0,65.0,63.0,56.0,93.0,57.0,76.0,0.0,0.0,77.0,63.0,54.0,70.0
0,0.0,0.0,0.0,0.0,0.0,66.0,62.0,75.0,65.0,77.0,65.0,81.0,0.0,0.0,77.0,69.0,64.0,69.0
0,0.0,0.0,0.0,0.0,0.0,66.0,66.0,74.0,64.0,83.0,61.0,73.0,0.0,0.0,75.0,69.0,55.0,76.0
0,0.0,0.0,0.0,0.0,0.0,66.0,74.0,84.0,72.0,66.0,61.0,68.0,0.0,0.0,66.0,77.0,61.0,65.0
0,0.0,0.0,0.0,0.0,0.0,66.0,74.0,84.0,72.0,66.0,61.0,68.0,0.0,0.0,66.0,77.0,61.0,65.0
0,0.0,0.0,0.0,0.0,0.0,66.0,74.0,84.0,72.0,66.0,61.0,68.0,0.0,0.0,66.0,77.0,61.0,65.0
0,0.0,0.0,3.0,0.0,0.0,66.0,70.0,83.0,64.0,87.0,55.0,74.0,0.0,0.0,67.0,69.0,60.0,74.0
0,0.0,0.0,0.0,0.0,0.0,66.0,52.0,66.0,55.0,88.0,69.0,74.0,0.0,0.0,76.0,69.0,55.0,65.0
0,0.0,0.0,0.0,0.0,0.0,66.0,79.0,85.0,73.0,72.0,50.0,70.0,0.0,0.0,64.0,87.0,56.0,75.0
0,0.0,0.0,0.0,0.0,0.0,66.0,70.0,74.0,63.0,89.0,55.0,84.0,0.0,0.0,88.0,71.0,54.0,75.0
0,0.0,0.0,9.0,0.0,0.0,66.0,64.0,72.0,65.0,86.0,73.0,76.0,0.0,0.0,77.0,71.0,71.0,69.0
0,0.0,0.0,6.0,0.0,0.0,66.0,62.0,80.0,69.0,84.0,48.0,77.0,0.0,0.0,72.0,83.0,44.0,83.0
0,0.0,0.0,1.0,0.0,0.0,66.0,74.0,79.0,65.0,81.0,55.0,73.0,0.0,0.0,66.0,72.0,70.0,72.0
0,0.0,0.0,57.0,0.0,0.0,66.0,55.0,77.0,52.0,85.0,60.0,87.0,0.0,0.0,86.0,78.0,65.0,70.0
0,0.0,0.0,9.0,0.0,0.0,65.0,80.0,86.0,79.0,74.0,53.0,67.0,0.0,0.0,64.0,73.0,58.0,73.0
0,0.0,0.0,5.0,0.0,0.0,65.0,77.0,85.0,73.0,75.0,45.0,76.0,0.0,0.0,68.0,76.0,49.0,74.0
0,0.0,0.0,6.0,0.0,0.0,65.0,70.0,82.0,68.0,86.0,49.0,73.0,0.0,0.0,83.0,76.0,54.0,85.0
0,0.0,0.0,9.0,0.0,0.0,65.0,73.0,84.0,67.0,75.0,50.0,75.0,0.0,0.0,72.0,75.0,53.0,72.0
0,0.0,0.0,0.0,0.0,0.0,65.0,80.0,78.0,75.0,75.0,49.0,71.0,0.0,0.0,73.0,79.0,54.0,75.0
0,0.0,0.0,3.0,0.0,0.0,65.0,76.0,83.0,75.0,78.0,42.0,74.0,0.0,0.0,79.0,81.0,42.0,79.0
0,0.0,0.0,39.0,0.0,0.0,65.0,74.0,80.0,69.0,84.0,45.0,82.0,0.0,0.0,76.0,79.0,49.0,75.0
0,0.0,0.0,0.0,0.0,0.0,65.0,61.0,74.0,62.0,76.0,60.0,73.0,0.0,0.0,75.0,78.0,66.0,73.0
0,0.0,0.0,22.0,0.0,0.0,65.0,71.0,82.0,70.0,79.0,50.0,75.0,0.0,0.0,86.0,81.0,52.0,77.0
0,0.0,0.0,22.0,0.0,0.0,65.0,75.0,80.0,73.0,83.0,54.0,76.0,0.0,0.0,74.0,77.0,45.0,76.0
0,0.0,0.0,0.0,0.0,0.0,65.0,58.0,73.0,56.0,76.0,62.0,82.0,0.0,0.0,80.0,72.0,65.0,69.0
0,0.0,0.0,0.0,0.0,0.0,65.0,80.0,77.0,73.0,75.0,59.0,71.0,0.0,0.0,70.0,69.0,50.0,73.0
0,0.0,0.0,0.0,0.0,0.0,64.0,64.0,81.0,63.0,78.0,52.0,81.0,0.0,0.0,79.0,67.0,49.0,72.0
0,0.0,0.0,5.0,0.0,0.0,64.0,69.0,76.0,53.0,88.0,53.0,78.0,0.0,0.0,85.0,78.0,68.0,73.0
0,0.0,0.0,0.0,0.0,0.0,64.0,64.0,79.0,65.0,84.0,62.0,75.0,0.0,0.0,80.0,71.0,60.0,72.0
0,0.0,0.0,32.0,0.0,0.0,64.0,57.0,82.0,62.0,78.0,48.0,79.0,0.0,0.0,76.0,83.0,49.0,69.0
0,0.0,0.0,0.0,0.0,0.0,64.0,57.0,82.0,62.0,78.0,48.0,79.0,0.0,0.0,76.0,83.0,49.0,69.0
0,0.0,0.0,3.0,0.0,0.0,64.0,57.0,82.0,62.0,78.0,48.0,79.0,0.0,0.0,76.0,83.0,49.0,69.0
0,0.0,0.0,15.0,0.0,0.0,64.0,65.0,73.0,62.0,87.0,44.0,86.0,0.0,0.0,85.0,68.0,62.0,72.0
0,0.0,0.0,0.0,0.0,0.0,64.0,61.0,74.0,65.0,94.0,52.0,77.0,0.0,0.0,84.0,68.0,63.0,71.0
0,0.0,0.0,0.0,0.0,0.0,64.0,66.0,76.0,65.0,84.0,70.0,77.0,0.0,0.0,75.0,73.0,52.0,74.0
0,0.0,0.0,0.0,0.0,0.0,64.0,69.0,82.0,73.0,84.0,45.0,72.0,0.0,0.0,73.0,86.0,52.0,69.0
0,0.0,0.0,23.0,0.0,0.0,64.0,86.0,90.0,84.0,67.0,38.0,69.0,0.0,0.0,67.0,84.0,45.0,67.0
0,0.0,0.0,0.0,0.0,0.0,64.0,86.0,90.0,84.0,67.0,38.0,69.0,0.0,0.0,67.0,84.0,45.0,67.0
0,0.0,0.0,0.0,0.0,0.0,64.0,63.0,78.0,66.0,89.0,54.0,78.0,0.0,0.0,72.0,80.0,46.0,70.0
0,0.0,0.0,1.0,0.0,0.0,64.0,71.0,69.0,63.0,87.0,52.0,79.0,0.0,0.0,85.0,76.0,65.0,82.0
0,0.0,0.0,1.0,0.0,0.0,64.0,64.0,78.0,58.0,82.0,51.0,78.0,0.0,0.0,81.0,71.0,54.0,64.0
0,0.0,0.0,0.0,0.0,0.0,63.0,73.0,83.0,71.0,83.0,44.0,75.0,0.0,0.0,75.0,66.0,45.0,69.0
0,0.0,0.0,0.0,0.0,0.0,63.0,62.0,74.0,54.0,93.0,63.0,67.0,0.0,0.0,72.0,64.0,49.0,66.0
0,0.0,0.0,0.0,0.0,0.0,63.0,63.0,72.0,62.0,88.0,56.0,77.0,0.0,0.0,85.0,65.0,43.0,61.0
0,0.0,0.0,0.0,0.0,0.0,63.0,54.0,69.0,56.0,87.0,44.0,80.0,0.0,0.0,78.0,72.0,55.0,70.0
0,0.0,0.0,25.0,0.0,0.0,63.0,58.0,76.0,62.0,83.0,48.0,81.0,0.0,0.0,84.0,75.0,46.0,74.0
0,0.0,0.0,0.0,0.0,0.0,63.0,63.0,67.0,65.0,85.0,62.0,78.0,0.0,0.0,73.0,74.0,67.0,63.0
0,0.0,0.0,0.0,0.0,0.0,63.0,62.0,74.0,55.0,93.0,51.0,77.0,0.0,0.0,84.0,58.0,55.0,71.0
0,0.0,0.0,32.0,0.0,0.0,63.0,55.0,72.0,61.0,85.0,50.0,79.0,0.0,0.0,83.0,75.0,49.0,68.0
0,0.0,0.0,0.0,0.0,0.0,62.0,68.0,76.0,70.0,79.0,56.0,83.0,0.0,0.0,82.0,77.0,45.0,66.0
0,0.0,0.0,0.0,0.0,0.0,62.0,55.0,70.0,51.0,89.0,47.0,81.0,0.0,0.0,84.0,80.0,42.0,74.0
0,0.0,0.0,0.0,0.0,0.0,62.0,68.0,76.0,61.0,86.0,43.0,83.0,0.0,0.0,84.0,73.0,45.0,75.0
0,0.0,0.0,6.0,0.0,0.0,62.0,52.0,67.0,49.0,88.0,49.0,85.0,0.0,0.0,85.0,65.0,69.0,65.0
0,0.0,0.0,0.0,0.0,0.0,62.0,43.0,64.0,46.0,91.0,47.0,79.0,0.0,0.0,84.0,56.0,69.0,66.0
0,0.0,0.0,0.0,0.0,0.0,61.0,84.0,88.0,74.0,71.0,42.0,67.0,0.0,0.0,64.0,74.0,44.0,71.0
0,0.0,0.0,0.0,0.0,0.0,61.0,79.0,87.0,76.0,67.0,52.0,67.0,0.0,0.0,65.0,76.0,49.0,73.0
0,0.0,0.0,0.0,0.0,0.0,60.0,53.0,73.0,54.0,79.0,49.0,72.0,0.0,0.0,87.0,77.0,45.0,83.0
0,0.0,0.0,0.0,0.0,0.0,57.0,61.0,72.0,64.0,71.0,62.0,69.0,0.0,0.0,73.0,74.0,67.0,63.0
77,289.0,0.0,110.0,5.0,5.0,99.0,78.0,81.0,77.0,97.0,92.0,95.0,99.0,67.0,97.0,98.0,88.0,84.0
76,305.0,0.0,100.0,3.0,5.0,96.0,72.0,82.0,82.0,98.0,84.0,80.0,97.0,71.0,92.0,95.0,84.0,95.0
76,315.0,0.0,58.0,0.0,1.0,96.0,71.0,80.0,76.0,94.0,82.0,96.0,93.0,67.0,97.0,96.0,81.0,74.0
76,300.0,0.0,69.0,1.0,6.0,95.0,68.0,82.0,75.0,92.0,80.0,89.0,98.0,81.0,87.0,93.0,85.0,85.0
80,300.0,0.0,112.0,1.0,6.0,95.0,71.0,81.0,81.0,87.0,88.0,92.0,75.0,89.0,85.0,94.0,82.0,84.0
76,274.0,0.0,34.0,0.0,1.0,95.0,73.0,85.0,77.0,91.0,87.0,91.0,94.0,67.0,87.0,87.0,83.0,77.0
76,274.0,0.0,0.0,0.0,0.0,95.0,73.0,85.0,77.0,91.0,87.0,91.0,94.0,67.0,87.0,87.0,83.0,77.0
76,274.0,0.0,1.0,0.0,0.0,95.0,73.0,85.0,77.0,91.0,87.0,91.0,94.0,67.0,87.0,87.0,83.0,77.0
76,274.0,0.0,0.0,0.0,0.0,95.0,73.0,85.0,77.0,91.0,87.0,91.0,94.0,67.0,87.0,87.0,83.0,77.0
75,331.0,0.0,56.0,1.0,2.0,94.0,72.0,83.0,71.0,94.0,82.0,95.0,92.0,65.0,94.0,89.0,81.0,90.0
75,262.0,0.0,0.0,0.0,0.0,94.0,77.0,82.0,85.0,76.0,87.0,79.0,96.0,76.0,74.0,93.0,85.0,87.0
73,303.0,0.0,79.0,0.0,6.0,93.0,62.0,79.0,63.0,90.0,95.0,88.0,92.0,59.0,91.0,87.0,94.0,50.0
73,303.0,0.0,6.0,0.0,0.0,93.0,62.0,79.0,63.0,90.0,95.0,88.0,92.0,59.0,91.0,87.0,94.0,50.0
73,303.0,0.0,0.0,0.0,0.0,93.0,62.0,79.0,63.0,90.0,95.0,88.0,92.0,59.0,91.0,87.0,94.0,50.0
76,264.0,0.0,69.0,1.0,3.0,93.0,82.0,86.0,84.0,87.0,82.0,80.0,97.0,75.0,79.0,92.0,79.0,89.0
76,300.0,0.0,95.0,1.0,6.0,92.0,78.0,85.0,75.0,85.0,82.0,94.0,88.0,69.0,87.0,93.0,81.0,68.0
75,294.0,0.0,61.0,0.0,1.0,92.0,70.0,83.0,75.0,88.0,81.0,97.0,90.0,69.0,88.0,97.0,80.0,87.0
76,340.0,0.0,100.0,2.0,5.0,92.0,62.0,78.0,68.0,96.0,95.0,90.0,85.0,49.0,92.0,86.0,93.0,85.0
73,285.0,0.0,123.0,8.0,10.0,92.0,82.0,89.0,82.0,93.0,76.0,90.0,92.0,73.0,87.0,90.0,70.0,76.0
73,305.0,0.0,72.0,0.0,5.0,92.0,71.0,79.0,70.0,91.0,84.0,90.0,92.0,74.0,89.0,91.0,84.0,86.0
74,325.0,0.0,90.0,1.0,5.0,91.0,62.0,75.0,60.0,96.0,98.0,94.0,81.0,44.0,91.0,84.0,97.0,68.0
78,292.0,0.0,79.0,1.0,4.0,90.0,76.0,84.0,83.0,89.0,86.0,80.0,87.0,73.0,74.0,88.0,80.0,84.0
73,303.0,0.0,89.0,2.0,8.0,89.0,77.0,82.0,71.0,89.0,87.0,77.0,93.0,64.0,82.0,89.0,84.0,65.0
77,278.0,0.0,74.0,1.0,3.0,89.0,79.0,84.0,83.0,85.0,85.0,95.0,58.0,84.0,81.0,96.0,81.0,88.0
72,305.0,0.0,41.0,0.0,1.0,89.0,76.0,84.0,74.0,78.0,82.0,88.0,75.0,91.0,82.0,86.0,79.0,67.0
74,282.0,0.0,13.0,0.0,0.0,89.0,75.0,86.0,75.0,83.0,88.0,77.0,93.0,72.0,67.0,85.0,86.0,75.0
74,282.0,0.0,6.0,0.0,0.0,89.0,75.0,86.0,75.0,83.0,88.0,77.0,93.0,72.0,67.0,85.0,86.0,75.0
74,282.0,0.0,39.0,0.0,0.0,89.0,75.0,86.0,75.0,83.0,88.0,77.0,93.0,72.0,67.0,85.0,86.0,75.0
74,282.0,0.0,47.0,0.0,0.0,89.0,75.0,86.0,75.0,83.0,88.0,77.0,93.0,72.0,67.0,85.0,86.0,75.0
74,282.0,0.0,7.0,0.0,0.0,89.0,75.0,86.0,75.0,83.0,88.0,77.0,93.0,72.0,67.0,85.0,86.0,75.0
75,273.0,0.0,67.0,0.0,4.0,89.0,82.0,85.0,80.0,76.0,82.0,85.0,94.0,75.0,71.0,83.0,79.0,80.0
78,280.0,0.0,67.0,0.0,2.0,88.0,80.0,86.0,82.0,79.0,81.0,82.0,67.0,92.0,72.0,84.0,77.0,72.0
76,279.0,0.0,33.0,0.0,1.0,88.0,76.0,83.0,78.0,86.0,80.0,84.0,94.0,71.0,82.0,88.0,77.0,63.0
76,350.0,0.0,0.0,0.0,0.0,88.0,50.0,72.0,59.0,92.0,83.0,97.0,85.0,54.0,97.0,93.0,87.0,74.0
78,278.0,0.0,39.0,0.0,1.0,88.0,83.0,90.0,81.0,84.0,74.0,80.0,93.0,75.0,76.0,87.0,69.0,90.0
77,265.0,0.0,77.0,2.0,4.0,88.0,78.0,84.0,81.0,81.0,77.0,82.0,95.0,68.0,87.0,88.0,75.0,71.0
75,315.0,0.0,30.0,0.0,0.0,88.0,63.0,79.0,59.0,96.0,87.0,94.0,82.0,42.0,95.0,88.0,86.0,80.0
75,315.0,0.0,29.0,0.0,0.0,88.0,63.0,79.0,59.0,96.0,87.0,94.0,82.0,42.0,95.0,88.0,86.0,80.0
75,331.0,0.0,37.0,0.0,0.0,88.0,71.0,81.0,62.0,93.0,83.0,90.0,81.0,57.0,93.0,84.0,80.0,72.0
77,288.0,0.0,108.0,4.0,7.0,88.0,71.0,81.0,72.0,90.0,83.0,89.0,89.0,59.0,88.0,86.0,80.0,87.0
75,346.0,0.0,55.0,0.0,2.0,87.0,74.0,84.0,75.0,97.0,78.0,85.0,88.0,54.0,90.0,85.0,70.0,87.0
74,294.0,0.0,27.0,0.0,0.0,87.0,68.0,83.0,68.0,82.0,84.0,80.0,93.0,78.0,75.0,87.0,80.0,52.0
74,320.0,0.0,48.0,0.0,0.0,87.0,57.0,73.0,72.0,96.0,77.0,93.0,86.0,57.0,92.0,94.0,79.0,88.0
74,260.0,0.0,51.0,0.0,0.0,87.0,73.0,81.0,73.0,76.0,91.0,91.0,88.0,55.0,73.0,85.0,87.0,82.0
78,299.0,0.0,34.0,0.0,1.0,87.0,72.0,78.0,73.0,85.0,87.0,76.0,78.0,94.0,78.0,85.0,81.0,46.0
76,287.0,0.0,106.0,1.0,8.0,87.0,78.0,85.0,75.0,90.0,83.0,89.0,83.0,57.0,85.0,84.0,83.0,81.0
75,260.0,0.0,51.0,0.0,1.0,87.0,84.0,90.0,79.0,73.0,87.0,66.0,76.0,94.0,64.0,79.0,87.0,78.0
75,305.0,0.0,13.0,0.0,0.0,87.0,74.0,84.0,72.0,84.0,76.0,89.0,88.0,69.0,91.0,87.0,76.0,75.0
74,320.0,0.0,50.0,0.0,0.0,86.0,61.0,78.0,64.0,93.0,78.0,88.0,89.0,55.0,94.0,87.0,79.0,65.0
76,308.0,0.0,23.0,0.0,0.0,86.0,75.0,81.0,72.0,90.0,72.0,88.0,92.0,68.0,86.0,88.0,69.0,88.0
75,278.0,0.0,32.0,0.0,0.0,86.0,80.0,82.0,75.0,85.0,80.0,91.0,83.0,50.0,86.0,91.0,78.0,78.0
73,311.0,0.0,63.0,0.0,0.0,86.0,62.0,79.0,61.0,92.0,89.0,86.0,81.0,52.0,85.0,82.0,87.0,60.0
76,303.0,0.0,0.0,0.0,0.0,85.0,71.0,79.0,66.0,85.0,88.0,82.0,84.0,69.0,76.0,78.0,85.0,70.0
74,254.0,0.0,68.0,0.0,0.0,85.0,81.0,85.0,81.0,66.0,80.0,79.0,71.0,96.0,68.0,88.0,79.0,66.0
75,305.0,0.0,0.0,0.0,0.0,85.0,71.0,84.0,65.0,91.0,88.0,92.0,78.0,47.0,89.0,94.0,93.0,65.0
77,265.0,0.0,65.0,1.0,2.0,85.0,75.0,86.0,73.0,84.0,88.0,81.0,66.0,84.0,69.0,78.0,80.0,75.0
73,335.0,0.0,0.0,0.0,0.0,85.0,59.0,78.0,62.0,96.0,79.0,91.0,85.0,50.0,94.0,80.0,74.0,75.0
73,335.0,0.0,0.0,0.0,0.0,85.0,59.0,78.0,62.0,96.0,79.0,91.0,85.0,50.0,94.0,80.0,74.0,75.0
73,335.0,0.0,0.0,0.0,0.0,85.0,59.0,78.0,62.0,96.0,79.0,91.0,85.0,50.0,94.0,80.0,74.0,75.0
73,335.0,0.0,52.0,0.0,1.0,85.0,59.0,78.0,62.0,96.0,79.0,91.0,85.0,50.0,94.0,80.0,74.0,75.0
73,335.0,0.0,4.0,0.0,0.0,85.0,59.0,78.0,62.0,96.0,79.0,91.0,85.0,50.0,94.0,80.0,74.0,75.0
77,293.0,0.0,45.0,0.0,1.0,84.0,75.0,82.0,66.0,77.0,74.0,90.0,91.0,68.0,83.0,83.0,74.0,72.0
74,300.0,0.0,42.0,0.0,0.0,84.0,71.0,80.0,72.0,91.0,83.0,87.0,84.0,53.0,88.0,86.0,81.0,82.0
77,304.0,0.0,29.0,0.0,0.0,84.0,68.0,80.0,66.0,83.0,83.0,78.0,87.0,72.0,77.0,82.0,80.0,75.0
75,264.0,0.0,47.0,0.0,0.0,84.0,80.0,87.0,74.0,77.0,76.0,89.0,68.0,84.0,83.0,87.0,79.0,77.0
75,268.0,0.0,48.0,0.0,0.0,84.0,76.0,89.0,73.0,89.0,83.0,74.0,84.0,60.0,78.0,77.0,83.0,70.0
76,320.0,0.0,0.0,0.0,0.0,84.0,62.0,78.0,65.0,87.0,82.0,91.0,81.0,65.0,84.0,83.0,77.0,72.0
76,323.0,0.0,70.0,0.0,2.0,84.0,68.0,79.0,63.0,95.0,77.0,88.0,82.0,54.0,88.0,86.0,77.0,56.0
75,290.0,0.0,25.0,0.0,1.0,83.0,80.0,87.0,72.0,83.0,83.0,72.0,86.0,69.0,69.0,82.0,82.0,84.0
74,268.0,0.0,50.0,0.0,1.0,83.0,79.0,86.0,74.0,83.0,75.0,82.0,89.0,69.0,74.0,82.0,75.0,71.0
74,300.0,0.0,52.0,0.0,0.0,83.0,70.0,80.0,64.0,87.0,87.0,78.0,65.0,80.0,75.0,78.0,86.0,52.0
75,315.0,0.0,41.0,0.0,2.0,83.0,68.0,85.0,69.0,86.0,73.0,84.0,87.0,74.0,80.0,84.0,71.0,69.0
73,300.0,0.0,19.0,0.0,0.0,83.0,70.0,77.0,54.0,98.0,80.0,83.0,89.0,64.0,83.0,75.0,75.0,87.0
76,290.0,0.0,69.0,0.0,3.0,82.0,65.0,78.0,72.0,90.0,86.0,79.0,88.0,72.0,76.0,80.0,70.0,68.0
77,285.0,0.0,48.0,0.0,0.0,82.0,73.0,83.0,69.0,89.0,78.0,88.0,81.0,52.0,84.0,85.0,79.0,72.0
75,280.0,0.0,39.0,0.0,0.0,82.0,73.0,78.0,71.0,81.0,88.0,87.0,80.0,56.0,79.0,83.0,87.0,66.0
76,285.0,0.0,34.0,0.0,0.0,82.0,78.0,83.0,66.0,81.0,73.0,81.0,89.0,71.0,82.0,85.0,68.0,76.0
76,280.0,0.0,29.0,0.0,0.0,82.0,77.0,79.0,72.0,86.0,83.0,79.0,84.0,66.0,78.0,80.0,78.0,60.0
75,275.0,0.0,27.0,0.0,0.0,82.0,76.0,85.0,74.0,79.0,74.0,77.0,89.0,67.0,70.0,87.0,78.0,78.0
79,317.0,0.0,9.0,0.0,0.0,82.0,66.0,75.0,63.0,86.0,87.0,86.0,79.0,64.0,82.0,84.0,86.0,65.0
79,317.0,0.0,46.0,0.0,0.0,82.0,66.0,75.0,63.0,86.0,87.0,86.0,79.0,64.0,82.0,84.0,86.0,65.0
75,259.0,0.0,46.0,0.0,0.0,82.0,78.0,90.0,74.0,82.0,87.0,72.0,60.0,82.0,65.0,75.0,83.0,69.0
79,270.0,0.0,14.0,0.0,0.0,81.0,81.0,89.0,80.0,73.0,79.0,81.0,64.0,84.0,69.0,78.0,76.0,70.0
79,270.0,0.0,54.0,0.0,0.0,81.0,81.0,89.0,80.0,73.0,79.0,81.0,64.0,84.0,69.0,78.0,76.0,70.0
75,288.0,0.0,34.0,0.0,0.0,81.0,79.0,83.0,74.0,89.0,76.0,78.0,84.0,63.0,78.0,84.0,72.0,85.0
75,279.0,0.0,22.0,0.0,0.0,81.0,81.0,88.0,74.0,77.0,73.0,73.0,80.0,89.0,69.0,73.0,55.0,81.0
76,309.0,0.0,0.0,0.0,0.0,81.0,61.0,76.0,67.0,88.0,79.0,92.0,79.0,57.0,88.0,86.0,79.0,84.0
74,337.0,0.0,33.0,0.0,1.0,81.0,64.0,81.0,57.0,94.0,84.0,79.0,80.0,50.0,82.0,74.0,79.0,75.0
77,324.0,0.0,54.0,0.0,1.0,81.0,63.0,79.0,67.0,82.0,76.0,85.0,86.0,67.0,83.0,85.0,72.0,88.0
73,305.0,0.0,0.0,0.0,0.0,80.0,65.0,79.0,63.0,93.0,76.0,85.0,78.0,50.0,87.0,79.0,77.0,65.0
75,335.0,0.0,19.0,0.0,0.0,80.0,67.0,78.0,65.0,92.0,74.0,84.0,82.0,52.0,86.0,76.0,75.0,85.0
75,305.0,0.0,49.0,0.0,0.0,80.0,70.0,82.0,65.0,78.0,81.0,88.0,80.0,64.0,74.0,80.0,78.0,71.0
76,318.0,0.0,54.0,0.0,0.0,80.0,68.0,79.0,69.0,87.0,87.0,80.0,85.0,55.0,78.0,80.0,87.0,60.0
75,301.0,0.0,17.0,0.0,0.0,80.0,78.0,84.0,72.0,76.0,72.0,85.0,86.0,70.0,73.0,80.0,58.0,69.0
78,313.0,0.0,43.0,0.0,0.0,80.0,69.0,84.0,62.0,86.0,87.0,84.0,75.0,52.0,82.0,77.0,84.0,74.0
75,310.0,0.0,29.0,0.0,0.0,80.0,77.0,88.0,71.0,80.0,81.0,75.0,84.0,64.0,68.0,84.0,77.0,77.0
74,315.0,0.0,28.0,0.0,0.0,80.0,68.0,79.0,63.0,88.0,77.0,86.0,77.0,52.0,87.0,84.0,75.0,78.0
76,345.0,0.0,41.0,0.0,1.0,80.0,64.0,83.0,55.0,93.0,86.0,79.0,72.0,47.0,83.0,70.0,85.0,70.0
77,302.0,0.0,0.0,0.0,0.0,80.0,73.0,82.0,73.0,87.0,56.0,86.0,85.0,66.0,90.0,83.0,72.0,81.0
77,302.0,0.0,66.0,0.0,2.0,80.0,73.0,82.0,73.0,87.0,56.0,86.0,85.0,66.0,90.0,83.0,72.0,81.0
77,275.0,0.0,32.0,0.0,0.0,80.0,76.0,86.0,69.0,85.0,75.0,75.0,85.0,65.0,75.0,79.0,73.0,73.0
77,326.0,0.0,58.0,0.0,0.0,80.0,64.0,81.0,72.0,84.0,74.0,88.0,82.0,52.0,92.0,87.0,72.0,83.0
74,306.0,0.0,40.0,0.0,0.0,80.0,66.0,79.0,58.0,92.0,87.0,85.0,67.0,43.0,83.0,76.0,87.0,67.0
76,305.0,0.0,61.0,0.0,2.0,79.0,62.0,76.0,62.0,92.0,89.0,77.0,89.0,54.0,75.0,72.0,84.0,54.0
78,310.0,0.0,0.0,0.0,0.0,79.0,71.0,82.0,63.0,85.0,79.0,85.0,78.0,55.0,83.0,82.0,82.0,83.0
74,297.0,0.0,26.0,0.0,0.0,79.0,74.0,84.0,65.0,83.0,78.0,81.0,84.0,57.0,75.0,82.0,77.0,66.0
75,251.0,0.0,68.0,0.0,4.0,79.0,78.0,87.0,82.0,76.0,61.0,77.0,88.0,72.0,68.0,88.0,66.0,78.0
74,310.0,0.0,21.0,0.0,0.0,79.0,63.0,74.0,58.0,87.0,79.0,85.0,84.0,54.0,80.0,80.0,78.0,65.0
74,310.0,0.0,81.0,0.0,5.0,79.0,63.0,74.0,58.0,87.0,79.0,85.0,84.0,54.0,80.0,80.0,78.0,65.0
75,261.0,0.0,0.0,0.0,0.0,79.0,86.0,89.0,84.0,73.0,52.0,87.0,72.0,83.0,75.0,83.0,73.0,88.0
75,294.0,0.0,0.0,0.0,0.0,79.0,73.0,78.0,69.0,82.0,75.0,74.0,77.0,86.0,71.0,77.0,69.0,74.0
78,325.0,0.0,42.0,0.0,0.0,79.0,65.0,81.0,55.0,92.0,80.0,82.0,77.0,49.0,83.0,71.0,76.0,65.0
74,325.0,0.0,0.0,0.0,0.0,79.0,57.0,74.0,56.0,88.0,78.0,89.0,80.0,45.0,90.0,80.0,80.0,58.0
74,300.0,0.0,25.0,0.0,0.0,79.0,70.0,82.0,72.0,84.0,70.0,83.0,83.0,66.0,86.0,84.0,58.0,72.0
79,305.0,0.0,0.0,0.0,0.0,79.0,62.0,75.0,57.0,88.0,82.0,85.0,81.0,57.0,78.0,74.0,72.0,66.0
75,288.0,0.0,0.0,0.0,0.0,79.0,60.0,74.0,64.0,81.0,78.0,75.0,88.0,73.0,74.0,81.0,76.0,66.0
73,297.0,0.0,37.0,0.0,0.0,78.0,64.0,78.0,65.0,86.0,77.0,88.0,64.0,73.0,75.0,84.0,71.0,76.0
74,320.0,0.0,0.0,0.0,0.0,78.0,60.0,75.0,64.0,85.0,75.0,86.0,71.0,84.0,85.0,84.0,70.0,66.0
74,320.0,0.0,0.0,0.0,0.0,78.0,60.0,75.0,64.0,85.0,75.0,86.0,71.0,84.0,85.0,84.0,70.0,66.0
74,320.0,0.0,0.0,0.0,0.0,78.0,60.0,75.0,64.0,85.0,75.0,86.0,71.0,84.0,85.0,84.0,70.0,66.0
74,320.0,0.0,10.0,0.0,0.0,78.0,60.0,75.0,64.0,85.0,75.0,86.0,71.0,84.0,85.0,84.0,70.0,66.0
75,280.0,0.0,26.0,0.0,0.0,78.0,77.0,86.0,72.0,87.0,71.0,79.0,81.0,62.0,81.0,73.0,72.0,93.0
74,305.0,0.0,0.0,0.0,0.0,78.0,64.0,77.0,64.0,87.0,86.0,76.0,82.0,58.0,75.0,80.0,83.0,70.0
75,300.0,0.0,0.0,0.0,0.0,78.0,74.0,85.0,65.0,81.0,80.0,73.0,67.0,77.0,74.0,73.0,77.0,62.0
74,325.0,0.0,47.0,0.0,0.0,78.0,61.0,78.0,56.0,93.0,85.0,82.0,71.0,41.0,79.0,74.0,85.0,74.0
76,328.0,0.0,0.0,0.0,0.0,78.0,64.0,81.0,63.0,86.0,79.0,79.0,81.0,53.0,78.0,77.0,75.0,60.0
76,295.0,0.0,7.0,0.0,0.0,77.0,79.0,86.0,81.0,83.0,50.0,83.0,92.0,69.0,81.0,80.0,51.0,77.0
75,285.0,0.0,8.0,0.0,0.0,77.0,70.0,81.0,66.0,83.0,75.0,76.0,80.0,62.0,78.0,80.0,71.0,85.0
77,240.0,0.0,47.0,0.0,0.0,77.0,85.0,87.0,81.0,72.0,81.0,72.0,58.0,81.0,62.0,76.0,75.0,73.0
75,290.0,0.0,56.0,0.0,1.0,77.0,67.0,76.0,66.0,85.0,87.0,69.0,87.0,66.0,65.0,73.0,85.0,72.0
76,300.0,0.0,15.0,0.0,0.0,77.0,75.0,83.0,71.0,78.0,72.0,82.0,56.0,81.0,80.0,79.0,69.0,66.0
74,300.0,0.0,17.0,0.0,0.0,77.0,75.0,83.0,54.0,92.0,74.0,78.0,81.0,47.0,82.0,73.0,62.0,75.0
76,296.0,0.0,34.0,0.0,0.0,77.0,70.0,82.0,64.0,87.0,85.0,83.0,72.0,42.0,84.0,79.0,86.0,74.0
75,235.0,0.0,0.0,0.0,0.0,77.0,88.0,89.0,84.0,87.0,55.0,71.0,76.0,86.0,63.0,68.0,73.0,85.0
75,255.0,0.0,24.0,0.0,0.0,77.0,76.0,86.0,73.0,79.0,75.0,80.0,57.0,78.0,75.0,82.0,81.0,78.0
75,254.0,0.0,0.0,0.0,0.0,77.0,75.0,77.0,77.0,67.0,87.0,67.0,65.0,87.0,62.0,81.0,85.0,62.0
75,254.0,0.0,20.0,0.0,0.0,77.0,75.0,77.0,77.0,67.0,87.0,67.0,65.0,87.0,62.0,81.0,85.0,62.0
75,260.0,0.0,0.0,0.0,0.0,77.0,79.0,85.0,74.0,73.0,73.0,69.0,69.0,85.0,70.0,75.0,71.0,69.0
74,325.0,0.0,13.0,0.0,0.0,77.0,70.0,83.0,60.0,87.0,74.0,73.0,83.0,59.0,77.0,74.0,74.0,68.0
74,325.0,0.0,0.0,0.0,0.0,77.0,70.0,83.0,60.0,87.0,74.0,73.0,83.0,59.0,77.0,74.0,74.0,68.0
75,297.0,0.0,0.0,0.0,0.0,77.0,62.0,77.0,66.0,83.0,77.0,84.0,79.0,54.0,85.0,84.0,78.0,83.0
76,285.0,0.0,28.0,0.0,0.0,77.0,73.0,81.0,64.0,78.0,75.0,79.0,83.0,50.0,82.0,84.0,78.0,92.0
80,298.0,0.0,0.0,0.0,0.0,77.0,59.0,74.0,62.0,91.0,78.0,85.0,76.0,55.0,91.0,82.0,79.0,66.0
77,318.0,0.0,15.0,0.0,0.0,76.0,61.0,73.0,63.0,87.0,70.0,87.0,79.0,49.0,86.0,79.0,74.0,72.0
77,301.0,0.0,0.0,0.0,0.0,76.0,65.0,78.0,67.0,83.0,75.0,79.0,79.0,60.0,82.0,77.0,74.0,72.0
74,313.0,0.0,29.0,0.0,0.0,76.0,70.0,82.0,65.0,84.0,72.0,75.0,76.0,67.0,78.0,68.0,67.0,79.0
74,305.0,0.0,21.0,0.0,0.0,76.0,58.0,78.0,59.0,79.0,79.0,79.0,84.0,63.0,79.0,76.0,74.0,74.0
75,303.0,0.0,13.0,0.0,0.0,76.0,72.0,81.0,65.0,84.0,78.0,78.0,79.0,48.0,76.0,77.0,75.0,71.0
74,282.0,0.0,0.0,0.0,0.0,76.0,75.0,82.0,72.0,76.0,68.0,76.0,83.0,66.0,73.0,80.0,67.0,75.0
77,250.0,0.0,5.0,0.0,0.0,76.0,73.0,83.0,78.0,65.0,65.0,75.0,89.0,75.0,64.0,88.0,63.0,70.0
75,295.0,0.0,45.0,0.0,0.0,76.0,73.0,83.0,66.0,87.0,81.0,82.0,78.0,42.0,77.0,82.0,76.0,84.0
74,260.0,0.0,0.0,0.0,0.0,76.0,76.0,83.0,81.0,74.0,69.0,68.0,76.0,87.0,64.0,79.0,69.0,71.0
75,310.0,0.0,4.0,0.0,0.0,76.0,66.0,84.0,58.0,89.0,72.0,82.0,83.0,60.0,83.0,78.0,64.0,72.0
77,311.0,0.0,0.0,0.0,0.0,76.0,71.0,75.0,60.0,85.0,93.0,74.0,78.0,45.0,74.0,72.0,90.0,66.0
77,311.0,0.0,27.0,0.0,0.0,76.0,71.0,75.0,60.0,85.0,93.0,74.0,78.0,45.0,74.0,72.0,90.0,66.0
77,311.0,0.0,0.0,0.0,0.0,76.0,71.0,75.0,60.0,85.0,93.0,74.0,78.0,45.0,74.0,72.0,90.0,66.0
77,311.0,0.0,8.0,0.0,0.0,76.0,71.0,75.0,60.0,85.0,93.0,74.0,78.0,45.0,74.0,72.0,90.0,66.0
77,311.0,0.0,102.0,5.0,6.0,76.0,71.0,75.0,60.0,85.0,93.0,74.0,78.0,45.0,74.0,72.0,90.0,66.0
73,303.0,0.0,6.0,0.0,0.0,76.0,63.0,80.0,69.0,84.0,68.0,74.0,76.0,87.0,74.0,79.0,55.0,83.0
76,307.0,0.0,34.0,0.0,0.0,76.0,70.0,81.0,55.0,93.0,73.0,84.0,71.0,49.0,82.0,74.0,70.0,52.0
74,310.0,0.0,27.0,0.0,0.0,75.0,66.0,81.0,61.0,89.0,76.0,81.0,77.0,42.0,78.0,74.0,77.0,82.0
74,339.0,0.0,33.0,0.0,0.0,75.0,51.0,74.0,55.0,93.0,65.0,87.0,80.0,45.0,88.0,88.0,71.0,80.0
74,260.0,0.0,0.0,0.0,0.0,75.0,84.0,85.0,76.0,69.0,69.0,66.0,69.0,87.0,64.0,74.0,65.0,65.0
76,265.0,0.0,0.0,0.0,0.0,75.0,76.0,83.0,72.0,67.0,74.0,68.0,74.0,86.0,64.0,77.0,71.0,65.0
76,265.0,0.0,0.0,0.0,0.0,75.0,76.0,83.0,72.0,67.0,74.0,68.0,74.0,86.0,64.0,77.0,71.0,65.0
76,265.0,0.0,0.0,0.0,0.0,75.0,76.0,83.0,72.0,67.0,74.0,68.0,74.0,86.0,64.0,77.0,71.0,65.0
76,306.0,0.0,0.0,0.0,0.0,75.0,73.0,83.0,63.0,84.0,73.0,80.0,79.0,56.0,75.0,73.0,70.0,66.0
75,300.0,0.0,14.0,0.0,0.0,75.0,71.0,82.0,67.0,83.0,73.0,78.0,82.0,64.0,72.0,76.0,62.0,77.0
76,300.0,0.0,22.0,0.0,0.0,75.0,76.0,85.0,67.0,89.0,74.0,77.0,77.0,49.0,79.0,82.0,72.0,69.0
76,346.0,0.0,10.0,0.0,0.0,75.0,63.0,75.0,61.0,92.0,69.0,85.0,81.0,45.0,85.0,74.0,67.0,84.0
74,310.0,0.0,33.0,0.0,0.0,75.0,70.0,82.0,53.0,87.0,76.0,84.0,76.0,43.0,79.0,81.0,74.0,58.0
77,265.0,0.0,22.0,0.0,0.0,75.0,81.0,88.0,74.0,68.0,70.0,72.0,83.0,64.0,67.0,84.0,66.0,66.0
75,305.0,0.0,32.0,0.0,0.0,75.0,61.0,73.0,60.0,84.0,86.0,75.0,74.0,49.0,75.0,67.0,82.0,68.0
74,290.0,0.0,7.0,0.0,0.0,75.0,74.0,84.0,71.0,82.0,62.0,75.0,84.0,69.0,83.0,79.0,52.0,80.0
77,265.0,0.0,0.0,0.0,0.0,75.0,79.0,84.0,74.0,69.0,62.0,81.0,84.0,60.0,71.0,84.0,73.0,86.0
75,359.0,0.0,28.0,0.0,0.0,75.0,64.0,77.0,65.0,92.0,71.0,84.0,76.0,42.0,87.0,79.0,69.0,89.0
75,278.0,0.0,13.0,0.0,0.0,75.0,75.0,84.0,67.0,80.0,71.0,69.0,88.0,67.0,73.0,72.0,73.0,65.0
74,275.0,0.0,0.0,0.0,0.0,74.0,68.0,84.0,73.0,74.0,78.0,70.0,84.0,66.0,67.0,74.0,75.0,70.0
78,272.0,0.0,12.0,0.0,0.0,74.0,81.0,92.0,73.0,79.0,60.0,81.0,78.0,65.0,72.0,75.0,55.0,72.0
72,340.0,0.0,7.0,0.0,0.0,74.0,70.0,72.0,53.0,89.0,73.0,82.0,75.0,42.0,88.0,75.0,72.0,72.0
75,337.0,0.0,18.0,0.0,0.0,74.0,68.0,77.0,69.0,91.0,74.0,81.0,79.0,49.0,82.0,83.0,73.0,81.0
78,266.0,0.0,9.0,0.0,0.0,74.0,84.0,89.0,84.0,66.0,52.0,82.0,64.0,89.0,70.0,81.0,64.0,90.0
76,270.0,0.0,17.0,0.0,0.0,74.0,72.0,83.0,76.0,64.0,76.0,73.0,71.0,82.0,64.0,72.0,74.0,65.0
77,328.0,0.0,21.0,0.0,0.0,74.0,66.0,74.0,64.0,88.0,80.0,83.0,75.0,55.0,78.0,72.0,77.0,60.0
76,315.0,0.0,28.0,0.0,0.0,74.0,57.0,76.0,63.0,84.0,77.0,69.0,82.0,63.0,70.0,72.0,74.0,75.0
76,285.0,0.0,10.0,0.0,0.0,74.0,78.0,86.0,72.0,76.0,66.0,71.0,67.0,81.0,70.0,79.0,66.0,70.0
74,325.0,0.0,0.0,0.0,0.0,74.0,57.0,73.0,59.0,86.0,78.0,76.0,73.0,59.0,73.0,75.0,75.0,54.0
77,270.0,0.0,0.0,0.0,0.0,74.0,78.0,82.0,75.0,76.0,72.0,72.0,81.0,65.0,73.0,79.0,65.0,75.0
74,334.0,0.0,25.0,0.0,0.0,74.0,71.0,79.0,62.0,84.0,72.0,87.0,75.0,45.0,84.0,80.0,69.0,74.0
75,310.0,0.0,1.0,0.0,0.0,74.0,75.0,83.0,64.0,90.0,75.0,85.0,78.0,42.0,82.0,80.0,74.0,79.0
75,310.0,0.0,13.0,0.0,0.0,74.0,75.0,83.0,64.0,90.0,75.0,85.0,78.0,42.0,82.0,80.0,74.0,79.0
78,269.0,0.0,17.0,0.0,0.0,74.0,79.0,86.0,75.0,74.0,72.0,75.0,67.0,84.0,64.0,73.0,65.0,74.0
76,318.0,0.0,63.0,0.0,0.0,74.0,71.0,79.0,66.0,84.0,72.0,82.0,82.0,52.0,78.0,80.0,64.0,86.0
74,331.0,0.0,0.0,0.0,0.0,74.0,58.0,76.0,50.0,86.0,62.0,89.0,77.0,54.0,92.0,84.0,70.0,75.0
73,298.0,0.0,0.0,0.0,0.0,74.0,77.0,84.0,68.0,84.0,70.0,71.0,83.0,64.0,69.0,76.0,66.0,64.0
73,298.0,0.0,0.0,0.0,0.0,74.0,77.0,84.0,68.0,84.0,70.0,71.0,83.0,64.0,69.0,76.0,66.0,64.0
73,298.0,0.0,0.0,0.0,0.0,74.0,77.0,84.0,68.0,84.0,70.0,71.0,83.0,64.0,69.0,76.0,66.0,64.0
73,298.0,0.0,8.0,0.0,0.0,74.0,77.0,84.0,68.0,84.0,70.0,71.0,83.0,64.0,69.0,76.0,66.0,64.0
73,298.0,0.0,6.0,0.0,0.0,74.0,77.0,84.0,68.0,84.0,70.0,71.0,83.0,64.0,69.0,76.0,66.0,64.0
77,310.0,0.0,3.0,0.0,0.0,73.0,72.0,82.0,68.0,82.0,64.0,80.0,82.0,55.0,82.0,68.0,64.0,65.0
80,290.0,0.0,18.0,0.0,0.0,73.0,84.0,87.0,77.0,88.0,60.0,75.0,80.0,63.0,74.0,78.0,48.0,83.0
73,307.0,0.0,27.0,0.0,0.0,73.0,66.0,84.0,64.0,90.0,70.0,67.0,67.0,75.0,74.0,73.0,56.0,90.0
78,281.0,0.0,39.0,0.0,0.0,73.0,72.0,81.0,73.0,77.0,66.0,81.0,82.0,60.0,76.0,84.0,56.0,87.0
75,348.0,0.0,3.0,0.0,0.0,73.0,60.0,76.0,61.0,92.0,67.0,86.0,73.0,40.0,85.0,79.0,75.0,72.0
77,275.0,0.0,18.0,0.0,0.0,73.0,79.0,86.0,65.0,69.0,67.0,76.0,82.0,55.0,76.0,75.0,67.0,74.0
78,245.0,0.0,15.0,0.0,0.0,73.0,84.0,88.0,85.0,78.0,45.0,73.0,71.0,87.0,69.0,87.0,66.0,75.0
78,318.0,0.0,8.0,0.0,0.0,73.0,71.0,81.0,67.0,92.0,53.0,81.0,83.0,63.0,83.0,65.0,52.0,76.0
77,300.0,0.0,0.0,0.0,0.0,73.0,71.0,79.0,67.0,85.0,78.0,77.0,77.0,52.0,74.0,78.0,80.0,68.0
73,254.0,0.0,0.0,0.0,0.0,73.0,77.0,86.0,66.0,74.0,66.0,74.0,56.0,85.0,72.0,81.0,69.0,70.0
73,315.0,0.0,0.0,0.0,0.0,73.0,58.0,74.0,59.0,84.0,74.0,80.0,75.0,55.0,77.0,76.0,73.0,72.0
75,328.0,0.0,21.0,0.0,0.0,73.0,62.0,77.0,65.0,82.0,75.0,76.0,75.0,55.0,77.0,80.0,68.0,70.0
75,328.0,0.0,5.0,0.0,0.0,73.0,62.0,77.0,65.0,82.0,75.0,76.0,75.0,55.0,77.0,80.0,68.0,70.0
74,300.0,0.0,0.0,0.0,0.0,73.0,58.0,77.0,52.0,85.0,69.0,78.0,79.0,50.0,82.0,83.0,76.0,65.0
76,285.0,0.0,0.0,0.0,0.0,73.0,77.0,87.0,72.0,86.0,63.0,74.0,84.0,67.0,73.0,77.0,54.0,75.0
74,282.0,0.0,0.0,0.0,0.0,73.0,74.0,83.0,65.0,84.0,73.0,77.0,78.0,56.0,74.0,75.0,62.0,74.0
77,303.0,0.0,38.0,0.0,0.0,73.0,74.0,79.0,64.0,91.0,72.0,78.0,82.0,53.0,82.0,74.0,65.0,76.0
79,292.0,0.0,41.0,0.0,0.0,72.0,69.0,81.0,75.0,85.0,48.0,85.0,81.0,65.0,91.0,69.0,60.0,77.0
72,315.0,0.0,8.0,0.0,0.0,72.0,60.0,81.0,55.0,82.0,65.0,72.0,81.0,61.0,80.0,76.0,70.0,81.0
76,315.0,0.0,23.0,0.0,0.0,72.0,72.0,78.0,58.0,91.0,74.0,77.0,75.0,46.0,83.0,76.0,72.0,76.0
75,322.0,0.0,68.0,0.0,0.0,72.0,57.0,72.0,57.0,87.0,87.0,71.0,69.0,48.0,72.0,67.0,79.0,71.0
77,301.0,0.0,7.0,0.0,0.0,72.0,72.0,82.0,73.0,84.0,70.0,73.0,80.0,61.0,74.0,68.0,60.0,69.0
74,312.0,0.0,0.0,0.0,0.0,72.0,75.0,85.0,71.0,77.0,69.0,74.0,77.0,65.0,69.0,79.0,62.0,80.0
74,255.0,0.0,7.0,0.0,0.0,72.0,77.0,86.0,74.0,72.0,71.0,72.0,62.0,83.0,63.0,73.0,70.0,71.0
75,269.0,0.0,0.0,0.0,0.0,72.0,84.0,89.0,78.0,69.0,68.0,67.0,66.0,85.0,67.0,78.0,52.0,66.0
73,333.0,0.0,3.0,0.0,0.0,72.0,56.0,79.0,52.0,94.0,59.0,82.0,72.0,52.0,89.0,76.0,66.0,83.0
76,300.0,0.0,12.0,0.0,0.0,72.0,68.0,82.0,63.0,87.0,71.0,78.0,77.0,51.0,77.0,75.0,72.0,75.0
76,309.0,0.0,22.0,0.0,0.0,72.0,73.0,86.0,73.0,83.0,68.0,78.0,80.0,53.0,72.0,77.0,65.0,76.0
76,282.0,0.0,5.0,0.0,0.0,72.0,80.0,87.0,73.0,76.0,57.0,78.0,68.0,84.0,73.0,78.0,52.0,74.0
76,268.0,0.0,3.0,0.0,0.0,72.0,76.0,84.0,69.0,76.0,60.0,74.0,74.0,83.0,67.0,84.0,52.0,66.0
74,265.0,0.0,2.0,0.0,0.0,72.0,77.0,84.0,72.0,83.0,67.0,78.0,63.0,85.0,65.0,80.0,55.0,83.0
79,275.0,0.0,12.0,0.0,0.0,72.0,80.0,88.0,71.0,66.0,66.0,72.0,82.0,62.0,68.0,78.0,61.0,68.0
73,265.0,0.0,30.0,0.0,0.0,72.0,73.0,81.0,73.0,71.0,73.0,74.0,64.0,82.0,65.0,81.0,68.0,65.0
76,275.0,0.0,12.0,0.0,0.0,72.0,74.0,85.0,84.0,79.0,62.0,74.0,84.0,67.0,68.0,75.0,59.0,85.0
74,320.0,0.0,43.0,0.0,0.0,72.0,71.0,81.0,59.0,80.0,59.0,78.0,82.0,64.0,83.0,82.0,60.0,75.0
74,266.0,0.0,34.0,0.0,0.0,72.0,77.0,87.0,69.0,87.0,55.0,84.0,83.0,45.0,84.0,81.0,60.0,76.0
76,318.0,0.0,27.0,0.0,0.0,72.0,70.0,78.0,64.0,85.0,74.0,75.0,77.0,54.0,77.0,81.0,74.0,55.0
75,273.0,0.0,2.0,0.0,0.0,72.0,77.0,87.0,73.0,83.0,57.0,83.0,81.0,56.0,75.0,83.0,66.0,80.0
73,330.0,0.0,0.0,0.0,0.0,71.0,59.0,80.0,53.0,91.0,68.0,82.0,76.0,43.0,80.0,73.0,60.0,73.0
74,250.0,0.0,0.0,0.0,0.0,71.0,83.0,86.0,77.0,74.0,63.0,72.0,67.0,79.0,65.0,72.0,55.0,75.0
78,294.0,0.0,21.0,0.0,0.0,71.0,73.0,82.0,66.0,81.0,64.0,83.0,79.0,49.0,85.0,72.0,72.0,69.0
76,303.0,0.0,25.0,0.0,0.0,71.0,63.0,78.0,54.0,84.0,82.0,76.0,71.0,42.0,73.0,68.0,74.0,70.0
76,278.0,0.0,1.0,0.0,0.0,71.0,78.0,86.0,73.0,72.0,65.0,77.0,79.0,52.0,70.0,87.0,61.0,69.0
78,281.0,0.0,1.0,0.0,0.0,71.0,77.0,86.0,72.0,76.0,55.0,80.0,77.0,56.0,83.0,77.0,64.0,73.0
73,309.0,0.0,0.0,0.0,0.0,71.0,60.0,76.0,59.0,87.0,75.0,74.0,77.0,54.0,72.0,67.0,60.0,69.0
73,309.0,0.0,10.0,0.0,0.0,71.0,60.0,76.0,59.0,87.0,75.0,74.0,77.0,54.0,72.0,67.0,60.0,69.0
73,309.0,0.0,0.0,0.0,0.0,71.0,60.0,76.0,59.0,87.0,75.0,74.0,77.0,54.0,72.0,67.0,60.0,69.0
73,309.0,0.0,0.0,0.0,0.0,71.0,60.0,76.0,59.0,87.0,75.0,74.0,77.0,54.0,72.0,67.0,60.0,69.0
73,309.0,0.0,14.0,0.0,0.0,71.0,60.0,76.0,59.0,87.0,75.0,74.0,77.0,54.0,72.0,67.0,60.0,69.0
73,309.0,0.0,88.0,3.0,6.0,71.0,60.0,76.0,59.0,87.0,75.0,74.0,77.0,54.0,72.0,67.0,60.0,69.0
75,310.0,0.0,16.0,0.0,0.0,71.0,66.0,77.0,62.0,85.0,69.0,72.0,77.0,52.0,80.0,74.0,67.0,75.0
75,280.0,0.0,0.0,0.0,0.0,71.0,78.0,81.0,71.0,88.0,48.0,82.0,79.0,63.0,87.0,79.0,60.0,74.0
77,320.0,0.0,13.0,0.0,0.0,71.0,70.0,82.0,55.0,88.0,53.0,84.0,78.0,54.0,87.0,64.0,60.0,78.0
74,331.0,0.0,5.0,0.0,0.0,71.0,61.0,77.0,55.0,92.0,72.0,75.0,81.0,37.0,85.0,72.0,54.0,76.0
75,325.0,0.0,0.0,0.0,0.0,71.0,74.0,79.0,63.0,94.0,54.0,88.0,77.0,44.0,86.0,78.0,46.0,87.0
75,325.0,0.0,0.0,0.0,0.0,71.0,74.0,79.0,63.0,94.0,54.0,88.0,77.0,44.0,86.0,78.0,46.0,87.0
76,330.0,0.0,16.0,0.0,0.0,71.0,64.0,80.0,57.0,94.0,74.0,78.0,77.0,42.0,85.0,76.0,74.0,60.0
76,336.0,0.0,35.0,0.0,0.0,70.0,63.0,74.0,56.0,81.0,60.0,85.0,77.0,58.0,85.0,68.0,61.0,85.0
77,323.0,0.0,0.0,0.0,0.0,70.0,60.0,79.0,63.0,78.0,69.0,77.0,80.0,60.0,75.0,74.0,62.0,72.0
76,350.0,0.0,2.0,0.0,0.0,70.0,63.0,76.0,63.0,84.0,65.0,78.0,81.0,52.0,80.0,71.0,53.0,85.0
76,303.0,0.0,6.0,0.0,0.0,70.0,75.0,84.0,67.0,86.0,71.0,72.0,73.0,45.0,76.0,75.0,55.0,85.0
73,266.0,0.0,0.0,0.0,0.0,70.0,81.0,89.0,73.0,85.0,56.0,79.0,82.0,67.0,65.0,76.0,50.0,74.0
73,266.0,0.0,0.0,0.0,0.0,70.0,81.0,89.0,73.0,85.0,56.0,79.0,82.0,67.0,65.0,76.0,50.0,74.0
73,266.0,0.0,8.0,0.0,0.0,70.0,81.0,89.0,73.0,85.0,56.0,79.0,82.0,67.0,65.0,76.0,50.0,74.0
74,304.0,0.0,0.0,0.0,0.0,70.0,66.0,82.0,62.0,81.0,67.0,72.0,79.0,60.0,73.0,76.0,58.0,66.0
77,320.0,0.0,1.0,0.0,0.0,70.0,69.0,81.0,69.0,85.0,62.0,79.0,64.0,81.0,67.0,68.0,49.0,70.0
80,325.0,0.0,3.0,0.0,0.0,70.0,70.0,80.0,66.0,81.0,71.0,82.0,82.0,46.0,79.0,85.0,59.0,65.0
77,310.0,0.0,32.0,0.0,0.0,70.0,63.0,78.0,61.0,85.0,62.0,79.0,76.0,48.0,85.0,81.0,59.0,68.0
74,309.0,0.0,2.0,0.0,0.0,69.0,68.0,82.0,59.0,83.0,67.0,78.0,76.0,53.0,84.0,77.0,65.0,73.0
78,335.0,0.0,0.0,0.0,0.0,69.0,56.0,74.0,53.0,89.0,64.0,87.0,74.0,43.0,83.0,71.0,60.0,78.0
74,315.0,0.0,7.0,0.0,0.0,69.0,64.0,79.0,58.0,91.0,62.0,78.0,78.0,48.0,72.0,73.0,61.0,88.0
78,271.0,0.0,6.0,0.0,0.0,69.0,79.0,87.0,72.0,76.0,54.0,76.0,78.0,59.0,76.0,83.0,65.0,73.0
76,300.0,0.0,0.0,0.0,0.0,69.0,66.0,79.0,65.0,86.0,68.0,75.0,75.0,60.0,66.0,69.0,57.0,66.0
74,335.0,0.0,0.0,0.0,0.0,69.0,69.0,82.0,57.0,87.0,62.0,82.0,66.0,82.0,75.0,77.0,49.0,77.0
74,333.0,0.0,13.0,0.0,0.0,69.0,59.0,77.0,54.0,87.0,61.0,82.0,74.0,48.0,83.0,84.0,62.0,73.0
78,290.0,0.0,0.0,0.0,0.0,69.0,72.0,79.0,74.0,75.0,69.0,78.0,77.0,63.0,66.0,78.0,64.0,70.0
76,276.0,0.0,5.0,0.0,0.0,69.0,75.0,85.0,72.0,84.0,69.0,72.0,76.0,54.0,74.0,72.0,50.0,81.0
75,306.0,0.0,5.0,0.0,0.0,69.0,70.0,82.0,68.0,84.0,54.0,74.0,84.0,55.0,81.0,78.0,49.0,72.0
75,267.0,0.0,1.0,0.0,0.0,69.0,85.0,88.0,82.0,79.0,49.0,80.0,82.0,67.0,75.0,65.0,41.0,73.0
74,293.0,0.0,34.0,0.0,1.0,69.0,71.0,82.0,68.0,77.0,54.0,74.0,67.0,85.0,71.0,81.0,66.0,73.0
74,293.0,0.0,0.0,0.0,0.0,69.0,71.0,82.0,68.0,77.0,54.0,74.0,67.0,85.0,71.0,81.0,66.0,73.0
74,293.0,0.0,1.0,0.0,0.0,69.0,71.0,82.0,68.0,77.0,54.0,74.0,67.0,85.0,71.0,81.0,66.0,73.0
74,293.0,0.0,0.0,0.0,0.0,69.0,71.0,82.0,68.0,77.0,54.0,74.0,67.0,85.0,71.0,81.0,66.0,73.0
79,262.0,0.0,23.0,0.0,0.0,69.0,86.0,90.0,84.0,67.0,51.0,69.0,65.0,83.0,67.0,84.0,45.0,67.0
79,262.0,0.0,0.0,0.0,0.0,69.0,86.0,90.0,84.0,67.0,51.0,69.0,65.0,83.0,67.0,84.0,45.0,67.0
76,332.0,0.0,0.0,0.0,0.0,69.0,64.0,81.0,54.0,87.0,64.0,75.0,76.0,52.0,78.0,69.0,58.0,74.0
76,270.0,0.0,6.0,0.0,0.0,69.0,77.0,83.0,69.0,74.0,63.0,74.0,63.0,84.0,66.0,65.0,61.0,55.0
78,275.0,0.0,3.0,0.0,0.0,69.0,77.0,87.0,75.0,78.0,49.0,74.0,71.0,83.0,79.0,81.0,42.0,79.0
76,300.0,0.0,0.0,0.0,0.0,69.0,58.0,76.0,55.0,88.0,70.0,76.0,74.0,49.0,78.0,73.0,59.0,65.0
75,252.0,0.0,0.0,0.0,0.0,69.0,80.0,86.0,79.0,70.0,63.0,70.0,64.0,81.0,65.0,83.0,49.0,81.0
77,318.0,0.0,0.0,0.0,0.0,69.0,68.0,71.0,65.0,85.0,62.0,78.0,81.0,49.0,73.0,74.0,67.0,63.0
75,260.0,0.0,14.0,0.0,0.0,69.0,82.0,86.0,74.0,69.0,50.0,75.0,82.0,66.0,83.0,69.0,50.0,85.0
76,305.0,0.0,9.0,0.0,0.0,69.0,60.0,72.0,65.0,85.0,73.0,73.0,75.0,47.0,72.0,66.0,71.0,69.0
77,320.0,0.0,0.0,0.0,0.0,69.0,55.0,72.0,46.0,91.0,61.0,79.0,71.0,54.0,84.0,56.0,69.0,66.0
75,280.0,0.0,0.0,0.0,0.0,68.0,69.0,82.0,54.0,93.0,67.0,67.0,74.0,42.0,72.0,64.0,62.0,66.0
73,298.0,0.0,0.0,0.0,0.0,68.0,68.0,82.0,64.0,89.0,65.0,83.0,77.0,49.0,77.0,82.0,61.0,78.0
74,308.0,0.0,4.0,0.0,0.0,68.0,70.0,82.0,64.0,82.0,65.0,84.0,76.0,49.0,75.0,82.0,60.0,64.0
76,270.0,0.0,3.0,0.0,0.0,68.0,79.0,87.0,71.0,82.0,51.0,72.0,69.0,79.0,73.0,81.0,53.0,76.0
76,270.0,0.0,0.0,0.0,0.0,68.0,71.0,84.0,75.0,74.0,52.0,81.0,79.0,54.0,76.0,71.0,69.0,81.0
74,303.0,0.0,0.0,0.0,0.0,68.0,59.0,76.0,70.0,89.0,64.0,81.0,72.0,39.0,84.0,67.0,55.0,65.0
77,315.0,0.0,0.0,0.0,0.0,68.0,57.0,76.0,55.0,87.0,65.0,78.0,79.0,49.0,76.0,68.0,60.0,65.0
76,312.0,0.0,0.0,0.0,0.0,68.0,66.0,77.0,56.0,86.0,64.0,69.0,75.0,62.0,69.0,69.0,58.0,70.0
74,306.0,0.0,9.0,0.0,0.0,68.0,75.0,84.0,67.0,75.0,60.0,73.0,83.0,61.0,72.0,75.0,53.0,72.0
75,304.0,0.0,3.0,0.0,0.0,68.0,71.0,82.0,64.0,87.0,55.0,74.0,65.0,84.0,67.0,69.0,60.0,74.0
76,281.0,0.0,0.0,0.0,0.0,68.0,81.0,86.0,73.0,83.0,62.0,75.0,75.0,47.0,81.0,66.0,55.0,73.0
76,281.0,0.0,0.0,0.0,0.0,68.0,81.0,86.0,73.0,83.0,62.0,75.0,75.0,47.0,81.0,66.0,55.0,73.0
76,281.0,0.0,1.0,0.0,0.0,68.0,81.0,86.0,73.0,83.0,62.0,75.0,75.0,47.0,81.0,66.0,55.0,73.0
76,281.0,0.0,0.0,0.0,0.0,68.0,81.0,86.0,73.0,83.0,62.0,75.0,75.0,47.0,81.0,66.0,55.0,73.0
79,352.0,0.0,6.0,0.0,0.0,68.0,62.0,72.0,49.0,88.0,59.0,86.0,75.0,40.0,86.0,69.0,70.0,65.0
76,322.0,0.0,57.0,0.0,0.0,68.0,60.0,78.0,52.0,85.0,64.0,87.0,78.0,50.0,86.0,78.0,65.0,70.0
74,300.0,0.0,13.0,0.0,0.0,67.0,60.0,81.0,53.0,91.0,55.0,81.0,71.0,44.0,81.0,71.0,70.0,69.0
74,300.0,0.0,0.0,0.0,0.0,67.0,65.0,82.0,65.0,91.0,49.0,73.0,65.0,81.0,65.0,74.0,55.0,72.0
74,304.0,0.0,32.0,0.0,0.0,67.0,64.0,79.0,62.0,78.0,58.0,81.0,76.0,65.0,76.0,83.0,49.0,69.0
74,304.0,0.0,0.0,0.0,0.0,67.0,64.0,79.0,62.0,78.0,58.0,81.0,76.0,65.0,76.0,83.0,49.0,69.0
74,304.0,0.0,3.0,0.0,0.0,67.0,64.0,79.0,62.0,78.0,58.0,81.0,76.0,65.0,76.0,83.0,49.0,69.0
72,290.0,0.0,56.0,0.0,2.0,67.0,70.0,84.0,66.0,89.0,51.0,74.0,79.0,62.0,64.0,85.0,56.0,85.0
77,310.0,0.0,5.0,0.0,0.0,67.0,60.0,75.0,60.0,90.0,68.0,74.0,65.0,77.0,77.0,75.0,64.0,65.0
74,300.0,0.0,1.0,0.0,0.0,67.0,68.0,78.0,68.0,77.0,65.0,77.0,86.0,65.0,69.0,64.0,33.0,78.0
75,310.0,0.0,1.0,0.0,0.0,67.0,78.0,82.0,65.0,81.0,55.0,73.0,81.0,57.0,66.0,72.0,70.0,72.0
76,250.0,0.0,0.0,0.0,0.0,67.0,79.0,86.0,73.0,75.0,59.0,71.0,76.0,62.0,70.0,69.0,50.0,73.0
79,285.0,0.0,0.0,0.0,0.0,67.0,72.0,83.0,75.0,78.0,64.0,72.0,79.0,62.0,73.0,67.0,52.0,74.0
75,287.0,0.0,5.0,0.0,0.0,66.0,72.0,79.0,53.0,88.0,56.0,76.0,78.0,54.0,83.0,76.0,68.0,73.0
74,293.0,0.0,0.0,0.0,0.0,66.0,63.0,80.0,71.0,80.0,69.0,76.0,81.0,62.0,68.0,74.0,47.0,77.0
76,314.0,0.0,0.0,0.0,0.0,66.0,61.0,73.0,55.0,86.0,64.0,80.0,71.0,40.0,85.0,63.0,58.0,69.0
75,266.0,0.0,0.0,0.0,0.0,66.0,81.0,84.0,72.0,72.0,60.0,75.0,84.0,47.0,65.0,69.0,72.0,74.0
74,315.0,0.0,6.0,0.0,0.0,66.0,70.0,80.0,60.0,85.0,70.0,78.0,76.0,45.0,75.0,80.0,60.0,71.0
79,295.0,0.0,22.0,0.0,0.0,66.0,76.0,82.0,70.0,79.0,50.0,75.0,76.0,60.0,86.0,81.0,52.0,77.0
76,254.0,0.0,13.0,0.0,0.0,66.0,82.0,83.0,75.0,66.0,53.0,68.0,80.0,65.0,69.0,80.0,60.0,74.0
79,306.0,0.0,0.0,0.0,0.0,66.0,64.0,82.0,62.0,76.0,60.0,73.0,78.0,55.0,75.0,78.0,66.0,73.0
75,310.0,0.0,1.0,0.0,0.0,66.0,74.0,70.0,63.0,87.0,52.0,79.0,72.0,57.0,85.0,76.0,65.0,82.0
76,288.0,0.0,0.0,0.0,0.0,66.0,68.0,75.0,65.0,77.0,65.0,81.0,74.0,59.0,77.0,69.0,64.0,69.0
76,300.0,0.0,4.0,0.0,0.0,65.0,77.0,85.0,71.0,81.0,46.0,73.0,77.0,69.0,61.0,87.0,49.0,80.0
77,329.0,0.0,31.0,0.0,0.0,65.0,67.0,78.0,61.0,88.0,45.0,77.0,76.0,44.0,85.0,61.0,69.0,84.0
77,329.0,0.0,0.0,0.0,0.0,65.0,67.0,78.0,61.0,88.0,45.0,77.0,76.0,44.0,85.0,61.0,69.0,84.0
77,264.0,0.0,0.0,0.0,0.0,65.0,73.0,88.0,56.0,86.0,55.0,77.0,76.0,57.0,77.0,74.0,49.0,85.0
75,300.0,0.0,1.0,0.0,0.0,65.0,70.0,80.0,57.0,89.0,46.0,67.0,72.0,84.0,64.0,65.0,45.0,75.0
77,273.0,0.0,0.0,0.0,0.0,65.0,69.0,81.0,67.0,75.0,62.0,79.0,80.0,48.0,73.0,78.0,52.0,69.0
76,310.0,0.0,0.0,0.0,0.0,65.0,67.0,74.0,63.0,89.0,55.0,84.0,82.0,50.0,88.0,71.0,54.0,75.0
76,318.0,0.0,23.0,0.0,0.0,65.0,73.0,83.0,66.0,76.0,53.0,82.0,74.0,50.0,81.0,84.0,55.0,77.0
77,252.0,0.0,71.0,0.0,5.0,65.0,87.0,90.0,84.0,77.0,47.0,73.0,58.0,77.0,65.0,89.0,44.0,72.0
75,285.0,0.0,0.0,0.0,0.0,64.0,64.0,74.0,65.0,94.0,52.0,77.0,78.0,54.0,84.0,68.0,63.0,71.0
75,307.0,0.0,0.0,0.0,0.0,64.0,75.0,84.0,70.0,82.0,42.0,76.0,66.0,83.0,67.0,68.0,47.0,85.0
74,310.0,0.0,1.0,0.0,0.0,64.0,69.0,78.0,62.0,85.0,50.0,73.0,83.0,55.0,62.0,72.0,65.0,74.0
74,307.0,0.0,30.0,0.0,0.0,64.0,72.0,83.0,54.0,80.0,55.0,85.0,74.0,55.0,76.0,84.0,47.0,76.0
76,294.0,0.0,0.0,0.0,0.0,64.0,71.0,78.0,73.0,84.0,53.0,72.0,78.0,55.0,73.0,86.0,52.0,69.0
76,267.0,0.0,4.0,0.0,0.0,64.0,83.0,88.0,79.0,77.0,49.0,68.0,80.0,55.0,64.0,75.0,51.0,72.0
75,315.0,0.0,0.0,0.0,0.0,64.0,70.0,82.0,58.0,88.0,52.0,82.0,72.0,45.0,77.0,70.0,51.0,72.0
76,321.0,0.0,2.0,0.0,0.0,64.0,68.0,80.0,49.0,93.0,48.0,82.0,71.0,40.0,85.0,66.0,53.0,71.0
75,330.0,0.0,0.0,0.0,0.0,64.0,68.0,79.0,64.0,80.0,49.0,72.0,78.0,64.0,71.0,74.0,52.0,68.0
74,288.0,0.0,39.0,0.0,0.0,64.0,75.0,84.0,69.0,84.0,45.0,82.0,77.0,60.0,76.0,79.0,49.0,75.0
75,267.0,0.0,0.0,0.0,0.0,64.0,75.0,81.0,71.0,75.0,50.0,68.0,68.0,83.0,67.0,72.0,47.0,67.0
74,309.0,0.0,31.0,0.0,0.0,64.0,67.0,81.0,61.0,91.0,49.0,71.0,77.0,47.0,85.0,74.0,72.0,70.0
75,311.0,0.0,0.0,0.0,0.0,64.0,70.0,76.0,61.0,86.0,50.0,83.0,71.0,48.0,84.0,73.0,45.0,75.0
75,251.0,0.0,0.0,0.0,0.0,64.0,79.0,84.0,76.0,67.0,57.0,67.0,62.0,75.0,65.0,76.0,49.0,73.0
75,272.0,0.0,49.0,0.0,3.0,64.0,84.0,90.0,76.0,73.0,39.0,65.0,84.0,66.0,77.0,83.0,39.0,82.0
73,300.0,0.0,14.0,0.0,0.0,63.0,74.0,87.0,74.0,79.0,40.0,77.0,63.0,81.0,64.0,84.0,42.0,83.0
72,305.0,0.0,0.0,0.0,0.0,63.0,64.0,78.0,51.0,89.0,47.0,81.0,74.0,46.0,84.0,80.0,42.0,74.0
75,272.0,0.0,0.0,0.0,0.0,63.0,71.0,82.0,73.0,75.0,62.0,72.0,78.0,55.0,62.0,83.0,42.0,84.0
74,310.0,0.0,0.0,0.0,0.0,63.0,73.0,77.0,58.0,92.0,58.0,83.0,78.0,45.0,81.0,66.0,51.0,79.0
75,252.0,0.0,3.0,0.0,0.0,63.0,79.0,88.0,75.0,73.0,36.0,79.0,76.0,65.0,79.0,81.0,42.0,78.0
77,290.0,0.0,0.0,0.0,0.0,63.0,72.0,85.0,54.0,94.0,49.0,71.0,81.0,42.0,71.0,76.0,39.0,75.0
76,284.0,0.0,0.0,0.0,0.0,63.0,70.0,80.0,71.0,79.0,52.0,78.0,78.0,53.0,67.0,69.0,66.0,81.0
75,319.0,0.0,3.0,0.0,0.0,62.0,67.0,77.0,71.0,92.0,43.0,75.0,69.0,40.0,87.0,76.0,42.0,73.0
74,250.0,0.0,0.0,0.0,0.0,62.0,82.0,88.0,74.0,71.0,52.0,67.0,65.0,76.0,64.0,74.0,44.0,71.0
77,330.0,0.0,0.0,0.0,0.0,62.0,64.0,79.0,54.0,79.0,49.0,72.0,73.0,52.0,87.0,77.0,45.0,83.0
79,364.0,0.0,0.0,0.0,0.0,62.0,61.0,74.0,51.0,91.0,67.0,82.0,76.0,39.0,79.0,69.0,64.0,79.0
78,315.0,0.0,0.0,0.0,0.0,62.0,65.0,80.0,54.0,79.0,60.0,76.0,78.0,52.0,73.0,74.0,63.0,75.0
73,298.0,0.0,5.0,0.0,0.0,62.0,73.0,81.0,68.0,80.0,48.0,69.0,82.0,64.0,67.0,74.0,39.0,75.0
73,290.0,0.0,0.0,0.0,0.0,62.0,74.0,83.0,67.0,75.0,55.0,71.0,82.0,41.0,69.0,79.0,61.0,59.0
75,275.0,0.0,0.0,0.0,0.0,62.0,76.0,85.0,72.0,72.0,42.0,75.0,77.0,48.0,79.0,74.0,66.0,81.0
75,325.0,0.0,0.0,0.0,0.0,62.0,61.0,76.0,47.0,94.0,53.0,75.0,74.0,39.0,76.0,65.0,50.0,69.0
75,325.0,0.0,21.0,0.0,0.0,62.0,61.0,76.0,47.0,94.0,53.0,75.0,74.0,39.0,76.0,65.0,50.0,69.0
74,289.0,0.0,20.0,0.0,0.0,62.0,76.0,85.0,65.0,77.0,50.0,72.0,82.0,58.0,69.0,65.0,55.0,72.0
74,300.0,0.0,0.0,0.0,0.0,61.0,66.0,80.0,51.0,78.0,52.0,78.0,70.0,60.0,81.0,76.0,49.0,75.0
77,251.0,0.0,0.0,0.0,0.0,61.0,78.0,87.0,78.0,69.0,48.0,65.0,79.0,46.0,77.0,85.0,42.0,73.0
73,335.0,0.0,0.0,0.0,0.0,61.0,69.0,80.0,48.0,85.0,54.0,74.0,78.0,54.0,72.0,75.0,55.0,75.0
77,319.0,0.0,0.0,0.0,0.0,61.0,64.0,80.0,59.0,85.0,46.0,77.0,74.0,43.0,86.0,75.0,68.0,75.0
78,282.0,0.0,0.0,0.0,0.0,60.0,65.0,81.0,54.0,85.0,61.0,79.0,71.0,43.0,78.0,76.0,45.0,81.0
76,304.0,0.0,1.0,0.0,0.0,60.0,66.0,79.0,56.0,93.0,57.0,76.0,78.0,49.0,77.0,63.0,54.0,70.0
79,269.0,0.0,0.0,0.0,0.0,60.0,77.0,83.0,79.0,76.0,39.0,71.0,68.0,80.0,61.0,64.0,44.0,67.0
77,300.0,0.0,0.0,0.0,0.0,59.0,66.0,80.0,65.0,75.0,53.0,84.0,75.0,43.0,81.0,62.0,54.0,81.0
77,305.0,0.0,18.0,0.0,0.0,59.0,72.0,81.0,67.0,75.0,46.0,82.0,69.0,45.0,81.0,79.0,49.0,74.0
77,310.0,0.0,0.0,0.0,0.0,59.0,58.0,77.0,51.0,84.0,46.0,78.0,75.0,38.0,83.0,64.0,49.0,72.0
81,302.0,0.0,5.0,0.0,0.0,58.0,76.0,84.0,68.0,82.0,55.0,74.0,72.0,40.0,73.0,66.0,52.0,75.0
77,248.0,0.0,1.0,0.0,0.0,57.0,82.0,86.0,80.0,74.0,38.0,68.0,60.0,80.0,59.0,76.0,40.0,74.0
78,304.0,0.0,0.0,0.0,0.0,50.0,76.0,84.0,72.0,85.0,33.0,71.0,81.0,40.0,61.0,70.0,37.0,82.0
0,0.0,0.0,110.0,5.0,5.0,99.0,79.0,84.0,77.0,97.0,94.0,95.0,99.0,92.0,98.0,97.0,94.0,87.0
0,0.0,0.0,123.0,8.0,10.0,98.0,83.0,90.0,82.0,94.0,82.0,90.0,98.0,82.0,98.0,89.0,82.0,76.0
0,0.0,0.0,89.0,2.0,8.0,94.0,77.0,82.0,71.0,89.0,93.0,78.0,98.0,71.0,93.0,88.0,93.0,65.0
0,0.0,0.0,100.0,3.0,5.0,93.0,73.0,83.0,82.0,98.0,81.0,83.0,95.0,76.0,92.0,86.0,81.0,95.0
0,0.0,0.0,95.0,1.0,6.0,93.0,79.0,86.0,75.0,86.0,86.0,94.0,97.0,76.0,90.0,86.0,86.0,68.0
0,0.0,0.0,72.0,0.0,5.0,93.0,70.0,79.0,70.0,91.0,89.0,90.0,98.0,82.0,92.0,88.0,89.0,86.0
0,0.0,0.0,69.0,1.0,6.0,92.0,69.0,84.0,75.0,92.0,86.0,89.0,97.0,82.0,82.0,82.0,86.0,85.0
0,0.0,0.0,59.0,0.0,1.0,92.0,80.0,87.0,74.0,78.0,84.0,88.0,97.0,87.0,79.0,91.0,84.0,88.0
0,0.0,0.0,41.0,0.0,1.0,92.0,75.0,85.0,74.0,88.0,85.0,89.0,80.0,96.0,93.0,86.0,85.0,70.0
0,0.0,0.0,41.0,0.0,2.0,92.0,70.0,85.0,69.0,87.0,85.0,85.0,95.0,82.0,93.0,88.0,85.0,69.0
0,0.0,0.0,50.0,0.0,1.0,91.0,81.0,87.0,74.0,83.0,81.0,84.0,97.0,80.0,95.0,79.0,81.0,71.0
0,0.0,0.0,34.0,0.0,1.0,91.0,74.0,86.0,76.0,90.0,82.0,91.0,97.0,75.0,94.0,85.0,82.0,77.0
0,0.0,0.0,0.0,0.0,0.0,91.0,74.0,86.0,76.0,90.0,82.0,91.0,97.0,75.0,94.0,85.0,82.0,77.0
0,0.0,0.0,1.0,0.0,0.0,91.0,74.0,86.0,76.0,90.0,82.0,91.0,97.0,75.0,94.0,85.0,82.0,77.0
0,0.0,0.0,0.0,0.0,0.0,91.0,74.0,86.0,76.0,90.0,82.0,91.0,97.0,75.0,94.0,85.0,82.0,77.0
0,0.0,0.0,39.0,0.0,1.0,90.0,85.0,89.0,81.0,84.0,81.0,80.0,93.0,82.0,84.0,87.0,81.0,90.0
0,0.0,0.0,106.0,1.0,8.0,90.0,80.0,86.0,75.0,91.0,86.0,89.0,96.0,69.0,84.0,85.0,86.0,82.0
0,0.0,0.0,51.0,0.0,1.0,90.0,84.0,90.0,78.0,72.0,86.0,68.0,84.0,97.0,89.0,81.0,86.0,78.0
0,0.0,0.0,0.0,0.0,0.0,89.0,77.0,84.0,84.0,75.0,90.0,79.0,96.0,79.0,73.0,91.0,90.0,87.0
0,0.0,0.0,58.0,0.0,1.0,89.0,71.0,80.0,76.0,94.0,86.0,96.0,91.0,66.0,95.0,92.0,86.0,74.0
0,0.0,0.0,69.0,1.0,3.0,89.0,84.0,87.0,84.0,87.0,83.0,81.0,90.0,74.0,86.0,91.0,83.0,89.0
0,0.0,0.0,70.0,0.0,2.0,89.0,67.0,79.0,63.0,95.0,84.0,89.0,90.0,60.0,97.0,83.0,84.0,56.0
0,0.0,0.0,56.0,1.0,2.0,88.0,73.0,84.0,71.0,94.0,84.0,96.0,81.0,56.0,94.0,89.0,84.0,90.0
0,0.0,0.0,68.0,0.0,0.0,88.0,82.0,86.0,81.0,66.0,86.0,80.0,79.0,94.0,84.0,85.0,86.0,66.0
0,0.0,0.0,112.0,1.0,6.0,88.0,71.0,80.0,80.0,87.0,85.0,92.0,74.0,88.0,92.0,88.0,85.0,84.0
0,0.0,0.0,47.0,0.0,0.0,88.0,82.0,88.0,74.0,77.0,79.0,88.0,76.0,92.0,91.0,87.0,79.0,77.0
0,0.0,0.0,30.0,0.0,0.0,88.0,62.0,78.0,59.0,96.0,91.0,94.0,84.0,48.0,96.0,88.0,91.0,80.0
0,0.0,0.0,29.0,0.0,0.0,88.0,62.0,78.0,59.0,96.0,91.0,94.0,84.0,48.0,96.0,88.0,91.0,80.0
0,0.0,0.0,108.0,4.0,7.0,88.0,71.0,81.0,72.0,90.0,86.0,89.0,93.0,69.0,93.0,89.0,86.0,87.0
0,0.0,0.0,67.0,0.0,4.0,88.0,82.0,84.0,80.0,76.0,82.0,85.0,96.0,80.0,80.0,79.0,82.0,80.0
0,0.0,0.0,67.0,0.0,2.0,87.0,80.0,85.0,82.0,79.0,84.0,82.0,70.0,93.0,85.0,85.0,84.0,72.0
0,0.0,0.0,48.0,0.0,0.0,86.0,75.0,85.0,69.0,89.0,86.0,89.0,86.0,59.0,96.0,84.0,86.0,72.0
0,0.0,0.0,45.0,0.0,1.0,86.0,75.0,82.0,66.0,77.0,81.0,90.0,96.0,77.0,86.0,82.0,81.0,72.0
0,0.0,0.0,61.0,0.0,1.0,86.0,70.0,83.0,75.0,88.0,82.0,97.0,93.0,71.0,79.0,88.0,82.0,87.0
0,0.0,0.0,55.0,0.0,2.0,85.0,73.0,83.0,75.0,97.0,83.0,87.0,76.0,53.0,93.0,83.0,83.0,87.0
0,0.0,0.0,74.0,1.0,3.0,85.0,80.0,85.0,83.0,85.0,82.0,93.0,61.0,90.0,79.0,89.0,82.0,88.0
0,0.0,0.0,32.0,0.0,0.0,85.0,79.0,81.0,74.0,84.0,82.0,91.0,91.0,59.0,92.0,85.0,82.0,78.0
0,0.0,0.0,0.0,0.0,0.0,84.0,75.0,84.0,73.0,78.0,82.0,78.0,95.0,77.0,81.0,84.0,82.0,78.0
0,0.0,0.0,51.0,0.0,1.0,84.0,81.0,88.0,77.0,80.0,87.0,79.0,85.0,76.0,66.0,81.0,87.0,75.0
0,0.0,0.0,0.0,0.0,0.0,84.0,50.0,71.0,59.0,92.0,88.0,97.0,80.0,52.0,98.0,89.0,88.0,74.0
0,0.0,0.0,0.0,0.0,0.0,84.0,58.0,78.0,62.0,96.0,88.0,92.0,77.0,46.0,98.0,87.0,88.0,75.0
0,0.0,0.0,0.0,0.0,0.0,84.0,58.0,78.0,62.0,96.0,88.0,92.0,77.0,46.0,98.0,87.0,88.0,75.0
0,0.0,0.0,0.0,0.0,0.0,84.0,58.0,78.0,62.0,96.0,88.0,92.0,77.0,46.0,98.0,87.0,88.0,75.0
0,0.0,0.0,52.0,0.0,1.0,84.0,58.0,78.0,62.0,96.0,88.0,92.0,77.0,46.0,98.0,87.0,88.0,75.0
0,0.0,0.0,4.0,0.0,0.0,84.0,58.0,78.0,62.0,96.0,88.0,92.0,77.0,46.0,98.0,87.0,88.0,75.0
0,0.0,0.0,90.0,1.0,5.0,84.0,62.0,74.0,59.0,95.0,94.0,94.0,75.0,43.0,91.0,84.0,94.0,68.0
0,0.0,0.0,17.0,0.0,0.0,83.0,77.0,84.0,72.0,76.0,82.0,86.0,80.0,67.0,94.0,85.0,82.0,69.0
0,0.0,0.0,37.0,0.0,0.0,83.0,70.0,81.0,61.0,92.0,84.0,90.0,81.0,57.0,85.0,81.0,84.0,72.0
0,0.0,0.0,13.0,0.0,0.0,83.0,76.0,85.0,72.0,84.0,79.0,89.0,82.0,74.0,83.0,83.0,79.0,75.0
0,0.0,0.0,0.0,0.0,0.0,82.0,65.0,79.0,63.0,93.0,83.0,86.0,79.0,53.0,93.0,82.0,83.0,65.0
0,0.0,0.0,79.0,0.0,6.0,82.0,62.0,79.0,62.0,89.0,89.0,88.0,81.0,58.0,83.0,81.0,89.0,50.0
0,0.0,0.0,6.0,0.0,0.0,82.0,62.0,79.0,62.0,89.0,89.0,88.0,81.0,58.0,83.0,81.0,89.0,50.0
0,0.0,0.0,0.0,0.0,0.0,82.0,62.0,79.0,62.0,89.0,89.0,88.0,81.0,58.0,83.0,81.0,89.0,50.0
0,0.0,0.0,100.0,2.0,5.0,82.0,61.0,77.0,66.0,94.0,87.0,90.0,85.0,51.0,79.0,81.0,88.0,85.0
0,0.0,0.0,13.0,0.0,0.0,82.0,75.0,85.0,74.0,82.0,86.0,77.0,84.0,65.0,86.0,85.0,86.0,75.0
0,0.0,0.0,6.0,0.0,0.0,82.0,75.0,85.0,74.0,82.0,86.0,77.0,84.0,65.0,86.0,85.0,86.0,75.0
0,0.0,0.0,39.0,0.0,0.0,82.0,75.0,85.0,74.0,82.0,86.0,77.0,84.0,65.0,86.0,85.0,86.0,75.0
0,0.0,0.0,47.0,0.0,0.0,82.0,75.0,85.0,74.0,82.0,86.0,77.0,84.0,65.0,86.0,85.0,86.0,75.0
0,0.0,0.0,7.0,0.0,0.0,82.0,75.0,85.0,74.0,82.0,86.0,77.0,84.0,65.0,86.0,85.0,86.0,75.0
0,0.0,0.0,68.0,0.0,4.0,81.0,78.0,87.0,82.0,76.0,72.0,78.0,88.0,76.0,86.0,85.0,72.0,78.0
0,0.0,0.0,79.0,1.0,4.0,81.0,78.0,85.0,81.0,88.0,81.0,80.0,82.0,67.0,79.0,84.0,81.0,84.0
0,0.0,0.0,52.0,0.0,0.0,81.0,69.0,77.0,63.0,86.0,86.0,78.0,70.0,85.0,82.0,83.0,86.0,52.0
0,0.0,0.0,50.0,0.0,0.0,81.0,60.0,77.0,64.0,93.0,83.0,88.0,78.0,50.0,92.0,88.0,83.0,65.0
0,0.0,0.0,0.0,0.0,0.0,81.0,73.0,82.0,73.0,87.0,76.0,86.0,87.0,66.0,92.0,87.0,76.0,81.0
0,0.0,0.0,66.0,0.0,2.0,81.0,73.0,82.0,73.0,87.0,76.0,86.0,87.0,66.0,92.0,87.0,76.0,81.0
0,0.0,0.0,13.0,0.0,0.0,81.0,70.0,83.0,60.0,87.0,81.0,77.0,88.0,69.0,92.0,82.0,81.0,72.0
0,0.0,0.0,0.0,0.0,0.0,81.0,70.0,83.0,60.0,87.0,81.0,77.0,88.0,69.0,92.0,82.0,81.0,72.0
0,0.0,0.0,33.0,0.0,0.0,81.0,76.0,87.0,77.0,73.0,77.0,88.0,87.0,70.0,78.0,79.0,77.0,86.0
0,0.0,0.0,63.0,0.0,0.0,80.0,61.0,79.0,60.0,91.0,86.0,86.0,82.0,57.0,78.0,77.0,86.0,60.0
0,0.0,0.0,42.0,0.0,0.0,80.0,71.0,80.0,73.0,91.0,83.0,88.0,82.0,60.0,83.0,86.0,83.0,82.0
0,0.0,0.0,43.0,0.0,0.0,80.0,69.0,84.0,61.0,85.0,85.0,85.0,86.0,62.0,83.0,79.0,85.0,74.0
0,0.0,0.0,34.0,0.0,0.0,80.0,78.0,83.0,66.0,81.0,82.0,82.0,86.0,74.0,70.0,81.0,82.0,79.0
0,0.0,0.0,41.0,0.0,1.0,80.0,64.0,83.0,53.0,91.0,85.0,79.0,83.0,59.0,80.0,77.0,85.0,70.0
0,0.0,0.0,14.0,0.0,0.0,79.0,81.0,88.0,80.0,73.0,80.0,80.0,60.0,77.0,88.0,80.0,80.0,70.0
0,0.0,0.0,54.0,0.0,0.0,79.0,81.0,88.0,80.0,73.0,80.0,80.0,60.0,77.0,88.0,80.0,80.0,70.0
0,0.0,0.0,57.0,0.0,5.0,79.0,80.0,86.0,85.0,82.0,68.0,73.0,80.0,84.0,82.0,84.0,68.0,81.0
0,0.0,0.0,34.0,0.0,0.0,79.0,79.0,83.0,74.0,88.0,77.0,80.0,78.0,62.0,91.0,86.0,77.0,85.0
0,0.0,0.0,22.0,0.0,0.0,79.0,80.0,88.0,74.0,77.0,72.0,73.0,83.0,91.0,72.0,77.0,72.0,81.0
0,0.0,0.0,27.0,0.0,0.0,79.0,68.0,82.0,68.0,82.0,82.0,80.0,82.0,67.0,82.0,85.0,82.0,52.0
0,0.0,0.0,48.0,0.0,0.0,79.0,57.0,73.0,72.0,96.0,80.0,93.0,77.0,50.0,82.0,89.0,80.0,88.0
0,0.0,0.0,12.0,0.0,0.0,79.0,74.0,85.0,85.0,81.0,77.0,76.0,85.0,73.0,74.0,78.0,77.0,85.0
0,0.0,0.0,58.0,0.0,0.0,79.0,64.0,81.0,72.0,84.0,78.0,88.0,81.0,54.0,90.0,88.0,78.0,83.0
0,0.0,0.0,23.0,0.0,0.0,79.0,74.0,80.0,72.0,88.0,70.0,86.0,83.0,69.0,82.0,84.0,70.0,87.0
0,0.0,0.0,46.0,0.0,0.0,79.0,78.0,86.0,73.0,81.0,84.0,72.0,64.0,87.0,76.0,76.0,84.0,69.0
0,0.0,0.0,73.0,1.0,3.0,78.0,71.0,81.0,83.0,79.0,71.0,86.0,83.0,72.0,82.0,84.0,71.0,87.0
0,0.0,0.0,54.0,0.0,1.0,78.0,63.0,79.0,67.0,82.0,79.0,85.0,85.0,70.0,84.0,82.0,79.0,80.0
0,0.0,0.0,39.0,0.0,0.0,78.0,72.0,81.0,73.0,77.0,77.0,82.0,82.0,64.0,90.0,85.0,77.0,87.0
0,0.0,0.0,0.0,0.0,0.0,78.0,61.0,75.0,67.0,88.0,80.0,91.0,78.0,57.0,85.0,84.0,80.0,84.0
0,0.0,0.0,28.0,0.0,0.0,78.0,68.0,79.0,63.0,88.0,83.0,88.0,74.0,49.0,88.0,86.0,83.0,78.0
0,0.0,0.0,0.0,0.0,0.0,78.0,69.0,81.0,53.0,87.0,82.0,84.0,79.0,49.0,87.0,80.0,82.0,58.0
0,0.0,0.0,29.0,0.0,0.0,78.0,67.0,80.0,68.0,85.0,83.0,78.0,82.0,70.0,79.0,81.0,83.0,75.0
0,0.0,0.0,0.0,0.0,0.0,78.0,62.0,78.0,64.0,86.0,81.0,91.0,76.0,59.0,84.0,84.0,81.0,72.0
0,0.0,0.0,0.0,0.0,0.0,78.0,78.0,81.0,71.0,88.0,70.0,82.0,84.0,68.0,89.0,84.0,70.0,88.0
0,0.0,0.0,28.0,0.0,0.0,78.0,64.0,77.0,65.0,92.0,78.0,85.0,80.0,59.0,81.0,79.0,78.0,81.0
0,0.0,0.0,38.0,0.0,0.0,78.0,74.0,79.0,67.0,91.0,80.0,79.0,86.0,61.0,83.0,82.0,80.0,82.0
0,0.0,0.0,41.0,0.0,0.0,77.0,69.0,81.0,75.0,85.0,72.0,85.0,87.0,71.0,81.0,73.0,72.0,77.0
0,0.0,0.0,0.0,0.0,0.0,77.0,71.0,82.0,62.0,84.0,80.0,84.0,86.0,62.0,76.0,82.0,80.0,83.0
0,0.0,0.0,26.0,0.0,0.0,77.0,73.0,84.0,65.0,83.0,78.0,80.0,81.0,58.0,82.0,77.0,78.0,66.0
0,0.0,0.0,32.0,0.0,0.0,77.0,75.0,85.0,69.0,85.0,75.0,76.0,85.0,68.0,81.0,78.0,75.0,73.0
0,0.0,0.0,34.0,0.0,0.0,77.0,70.0,82.0,63.0,86.0,85.0,83.0,74.0,44.0,86.0,81.0,85.0,75.0
0,0.0,0.0,26.0,0.0,0.0,77.0,76.0,86.0,72.0,87.0,74.0,79.0,86.0,68.0,75.0,73.0,74.0,81.0
0,0.0,0.0,0.0,0.0,0.0,77.0,85.0,89.0,84.0,73.0,66.0,85.0,72.0,82.0,75.0,83.0,66.0,88.0
0,0.0,0.0,42.0,0.0,0.0,77.0,64.0,80.0,54.0,91.0,78.0,83.0,81.0,53.0,84.0,74.0,78.0,65.0
0,0.0,0.0,48.0,0.0,0.0,77.0,75.0,88.0,72.0,88.0,84.0,74.0,77.0,57.0,78.0,82.0,84.0,70.0
0,0.0,0.0,33.0,0.0,0.0,77.0,71.0,83.0,80.0,86.0,67.0,84.0,84.0,67.0,83.0,82.0,67.0,80.0
0,0.0,0.0,35.0,0.0,0.0,76.0,63.0,74.0,56.0,83.0,75.0,85.0,85.0,66.0,81.0,78.0,75.0,85.0
0,0.0,0.0,39.0,0.0,0.0,76.0,73.0,78.0,70.0,80.0,85.0,86.0,81.0,57.0,77.0,78.0,85.0,66.0
0,0.0,0.0,21.0,0.0,0.0,76.0,73.0,81.0,66.0,81.0,77.0,83.0,83.0,56.0,88.0,82.0,77.0,73.0
0,0.0,0.0,45.0,0.0,0.0,76.0,73.0,82.0,66.0,86.0,82.0,82.0,79.0,47.0,76.0,79.0,82.0,84.0
0,0.0,0.0,10.0,0.0,0.0,76.0,78.0,86.0,72.0,81.0,73.0,71.0,70.0,84.0,82.0,82.0,73.0,70.0
0,0.0,0.0,0.0,0.0,0.0,76.0,78.0,85.0,74.0,73.0,76.0,69.0,71.0,86.0,78.0,76.0,76.0,69.0
0,0.0,0.0,17.0,0.0,0.0,76.0,78.0,86.0,82.0,83.0,68.0,82.0,81.0,67.0,81.0,83.0,68.0,80.0
0,0.0,0.0,25.0,0.0,0.0,76.0,70.0,82.0,72.0,85.0,73.0,83.0,84.0,66.0,82.0,82.0,73.0,72.0
0,0.0,0.0,24.0,0.0,0.0,75.0,82.0,87.0,78.0,85.0,68.0,85.0,77.0,62.0,84.0,73.0,68.0,84.0
0,0.0,0.0,49.0,0.0,0.0,75.0,69.0,82.0,65.0,78.0,80.0,86.0,78.0,64.0,73.0,78.0,80.0,71.0
0,0.0,0.0,6.0,0.0,0.0,75.0,77.0,86.0,86.0,81.0,67.0,79.0,76.0,79.0,74.0,77.0,67.0,84.0
0,0.0,0.0,15.0,0.0,0.0,75.0,84.0,88.0,85.0,78.0,66.0,73.0,71.0,83.0,75.0,81.0,66.0,75.0
0,0.0,0.0,19.0,0.0,0.0,75.0,70.0,76.0,54.0,98.0,78.0,83.0,83.0,60.0,82.0,78.0,78.0,87.0
0,0.0,0.0,5.0,0.0,0.0,75.0,75.0,83.0,82.0,75.0,74.0,75.0,78.0,73.0,76.0,82.0,74.0,87.0
0,0.0,0.0,29.0,0.0,0.0,74.0,69.0,81.0,65.0,84.0,75.0,75.0,75.0,65.0,81.0,71.0,75.0,79.0
0,0.0,0.0,21.0,0.0,0.0,74.0,57.0,78.0,59.0,79.0,81.0,80.0,79.0,66.0,89.0,84.0,81.0,74.0
0,0.0,0.0,0.0,0.0,0.0,74.0,84.0,85.0,76.0,72.0,77.0,67.0,67.0,80.0,71.0,76.0,77.0,65.0
0,0.0,0.0,29.0,0.0,0.0,74.0,77.0,88.0,71.0,80.0,79.0,75.0,84.0,63.0,61.0,74.0,79.0,77.0
0,0.0,0.0,8.0,0.0,0.0,74.0,71.0,80.0,69.0,92.0,70.0,82.0,83.0,69.0,78.0,75.0,70.0,78.0
0,0.0,0.0,10.0,0.0,0.0,74.0,77.0,84.0,72.0,74.0,74.0,76.0,79.0,59.0,84.0,85.0,74.0,84.0
0,0.0,0.0,0.0,0.0,0.0,74.0,68.0,81.0,72.0,73.0,81.0,70.0,81.0,69.0,77.0,78.0,81.0,70.0
0,0.0,0.0,13.0,0.0,0.0,74.0,66.0,81.0,84.0,83.0,68.0,83.0,83.0,67.0,77.0,81.0,68.0,84.0
0,0.0,0.0,7.0,0.0,0.0,74.0,73.0,81.0,71.0,82.0,68.0,75.0,81.0,71.0,82.0,83.0,68.0,80.0
0,0.0,0.0,0.0,0.0,0.0,74.0,61.0,76.0,66.0,83.0,84.0,82.0,80.0,58.0,84.0,83.0,84.0,79.0
0,0.0,0.0,47.0,0.0,0.0,74.0,60.0,78.0,55.0,92.0,79.0,83.0,78.0,48.0,78.0,76.0,79.0,74.0
0,0.0,0.0,34.0,0.0,0.0,74.0,69.0,80.0,55.0,93.0,71.0,84.0,75.0,52.0,83.0,76.0,71.0,52.0
0,0.0,0.0,68.0,0.0,0.0,73.0,57.0,71.0,57.0,87.0,80.0,71.0,82.0,63.0,73.0,76.0,80.0,71.0
0,0.0,0.0,27.0,0.0,0.0,73.0,65.0,84.0,64.0,90.0,67.0,69.0,77.0,82.0,74.0,73.0,67.0,90.0
0,0.0,0.0,31.0,0.0,0.0,73.0,69.0,82.0,63.0,89.0,82.0,91.0,76.0,43.0,81.0,81.0,82.0,75.0
0,0.0,0.0,0.0,0.0,0.0,73.0,68.0,82.0,57.0,87.0,63.0,80.0,68.0,83.0,85.0,79.0,63.0,76.0
0,0.0,0.0,17.0,0.0,0.0,73.0,74.0,83.0,54.0,92.0,70.0,78.0,79.0,48.0,82.0,78.0,70.0,75.0
0,0.0,0.0,0.0,0.0,0.0,73.0,70.0,83.0,56.0,87.0,69.0,76.0,78.0,62.0,81.0,83.0,69.0,82.0
0,0.0,0.0,60.0,0.0,3.0,73.0,70.0,83.0,56.0,87.0,69.0,76.0,78.0,62.0,81.0,83.0,69.0,82.0
0,0.0,0.0,28.0,0.0,0.0,73.0,60.0,75.0,63.0,84.0,76.0,73.0,79.0,61.0,83.0,74.0,76.0,77.0
0,0.0,0.0,47.0,0.0,0.0,73.0,65.0,79.0,68.0,90.0,64.0,88.0,65.0,78.0,83.0,82.0,64.0,78.0
0,0.0,0.0,0.0,0.0,0.0,73.0,56.0,74.0,56.0,88.0,78.0,89.0,76.0,43.0,85.0,83.0,78.0,58.0
0,0.0,0.0,13.0,0.0,0.0,73.0,74.0,83.0,67.0,80.0,74.0,69.0,84.0,65.0,80.0,78.0,74.0,65.0
0,0.0,0.0,27.0,0.0,0.0,72.0,65.0,78.0,61.0,89.0,76.0,81.0,79.0,44.0,78.0,74.0,76.0,82.0
0,0.0,0.0,33.0,0.0,0.0,72.0,51.0,74.0,55.0,93.0,73.0,87.0,76.0,47.0,82.0,86.0,73.0,80.0
0,0.0,0.0,13.0,0.0,0.0,72.0,71.0,81.0,65.0,84.0,78.0,78.0,78.0,48.0,74.0,77.0,78.0,71.0
0,0.0,0.0,0.0,0.0,0.0,72.0,71.0,85.0,72.0,88.0,65.0,82.0,83.0,65.0,81.0,72.0,65.0,79.0
0,0.0,0.0,10.0,0.0,0.0,72.0,71.0,85.0,72.0,88.0,65.0,82.0,83.0,65.0,81.0,72.0,65.0,79.0
0,0.0,0.0,0.0,0.0,0.0,72.0,71.0,85.0,72.0,88.0,65.0,82.0,83.0,65.0,81.0,72.0,65.0,79.0
0,0.0,0.0,0.0,0.0,0.0,72.0,71.0,85.0,72.0,88.0,65.0,82.0,83.0,65.0,81.0,72.0,65.0,79.0
0,0.0,0.0,14.0,0.0,0.0,72.0,71.0,85.0,72.0,88.0,65.0,82.0,83.0,65.0,81.0,72.0,65.0,79.0
0,0.0,0.0,88.0,3.0,6.0,72.0,71.0,85.0,72.0,88.0,65.0,82.0,83.0,65.0,81.0,72.0,65.0,79.0
0,0.0,0.0,56.0,0.0,2.0,72.0,70.0,84.0,66.0,89.0,60.0,74.0,81.0,64.0,87.0,81.0,60.0,85.0
0,0.0,0.0,0.0,0.0,0.0,72.0,74.0,82.0,72.0,76.0,68.0,76.0,82.0,68.0,84.0,79.0,68.0,75.0
0,0.0,0.0,0.0,0.0,0.0,72.0,75.0,83.0,81.0,74.0,66.0,70.0,75.0,85.0,73.0,76.0,66.0,71.0
0,0.0,0.0,35.0,0.0,0.0,72.0,66.0,80.0,63.0,88.0,66.0,87.0,80.0,61.0,77.0,82.0,66.0,82.0
0,0.0,0.0,0.0,0.0,0.0,72.0,72.0,77.0,69.0,82.0,71.0,74.0,70.0,78.0,77.0,76.0,71.0,74.0
0,0.0,0.0,12.0,0.0,0.0,72.0,80.0,87.0,71.0,66.0,68.0,72.0,84.0,66.0,79.0,78.0,68.0,68.0
0,0.0,0.0,0.0,0.0,0.0,72.0,57.0,73.0,59.0,85.0,74.0,80.0,79.0,60.0,80.0,78.0,74.0,72.0
0,0.0,0.0,6.0,0.0,0.0,72.0,63.0,80.0,69.0,84.0,67.0,74.0,69.0,79.0,84.0,82.0,67.0,83.0
0,0.0,0.0,0.0,0.0,0.0,72.0,59.0,73.0,63.0,80.0,78.0,75.0,84.0,70.0,69.0,76.0,78.0,66.0
0,0.0,0.0,71.0,0.0,5.0,72.0,87.0,90.0,84.0,77.0,56.0,73.0,62.0,82.0,87.0,86.0,56.0,72.0
0,0.0,0.0,0.0,0.0,0.0,71.0,66.0,79.0,65.0,86.0,66.0,76.0,78.0,61.0,84.0,68.0,66.0,66.0
0,0.0,0.0,5.0,0.0,0.0,71.0,79.0,87.0,85.0,80.0,58.0,74.0,73.0,80.0,78.0,79.0,58.0,86.0
0,0.0,0.0,3.0,0.0,0.0,71.0,60.0,76.0,61.0,92.0,70.0,87.0,74.0,45.0,85.0,80.0,70.0,72.0
0,0.0,0.0,18.0,0.0,0.0,71.0,68.0,77.0,68.0,90.0,76.0,81.0,79.0,49.0,82.0,83.0,76.0,81.0
0,0.0,0.0,0.0,0.0,0.0,71.0,78.0,82.0,75.0,66.0,76.0,78.0,80.0,63.0,62.0,79.0,76.0,76.0
0,0.0,0.0,43.0,0.0,0.0,71.0,71.0,81.0,59.0,80.0,65.0,78.0,79.0,62.0,86.0,81.0,65.0,75.0
0,0.0,0.0,25.0,0.0,0.0,71.0,70.0,79.0,62.0,84.0,69.0,87.0,79.0,49.0,81.0,81.0,69.0,74.0
0,0.0,0.0,21.0,0.0,0.0,71.0,69.0,79.0,81.0,79.0,64.0,84.0,80.0,69.0,81.0,77.0,64.0,85.0
0,0.0,0.0,63.0,0.0,0.0,71.0,71.0,79.0,66.0,84.0,72.0,81.0,77.0,59.0,81.0,81.0,72.0,79.0
0,0.0,0.0,27.0,0.0,0.0,71.0,70.0,77.0,62.0,83.0,74.0,75.0,78.0,55.0,76.0,78.0,74.0,55.0
0,0.0,0.0,2.0,0.0,0.0,71.0,77.0,87.0,73.0,83.0,64.0,83.0,78.0,54.0,80.0,83.0,64.0,80.0
0,0.0,0.0,10.0,0.0,0.0,71.0,63.0,74.0,61.0,92.0,67.0,81.0,79.0,55.0,81.0,76.0,67.0,83.0
0,0.0,0.0,37.0,0.0,0.0,70.0,63.0,78.0,64.0,85.0,75.0,87.0,63.0,73.0,73.0,83.0,75.0,76.0
0,0.0,0.0,15.0,0.0,0.0,70.0,61.0,73.0,63.0,87.0,81.0,80.0,79.0,58.0,76.0,75.0,81.0,72.0
0,0.0,0.0,9.0,0.0,0.0,70.0,71.0,83.0,77.0,75.0,62.0,83.0,78.0,73.0,80.0,77.0,62.0,82.0
0,0.0,0.0,28.0,0.0,0.0,70.0,73.0,81.0,64.0,78.0,77.0,81.0,75.0,57.0,72.0,76.0,77.0,79.0
0,0.0,0.0,5.0,0.0,0.0,70.0,75.0,84.0,80.0,67.0,66.0,76.0,68.0,79.0,75.0,74.0,66.0,87.0
0,0.0,0.0,0.0,0.0,0.0,70.0,59.0,75.0,64.0,85.0,74.0,81.0,66.0,79.0,78.0,84.0,74.0,66.0
0,0.0,0.0,0.0,0.0,0.0,70.0,85.0,88.0,79.0,73.0,67.0,73.0,57.0,77.0,78.0,78.0,67.0,74.0
0,0.0,0.0,0.0,0.0,0.0,70.0,75.0,82.0,72.0,67.0,73.0,69.0,65.0,75.0,81.0,81.0,73.0,65.0
0,0.0,0.0,0.0,0.0,0.0,70.0,75.0,82.0,72.0,67.0,73.0,69.0,65.0,75.0,81.0,81.0,73.0,65.0
0,0.0,0.0,0.0,0.0,0.0,70.0,75.0,82.0,72.0,67.0,73.0,69.0,65.0,75.0,81.0,81.0,73.0,65.0
0,0.0,0.0,22.0,0.0,0.0,70.0,81.0,88.0,74.0,68.0,68.0,72.0,82.0,66.0,70.0,79.0,68.0,66.0
0,0.0,0.0,0.0,0.0,0.0,70.0,76.0,84.0,68.0,84.0,66.0,71.0,82.0,63.0,69.0,77.0,66.0,64.0
0,0.0,0.0,0.0,0.0,0.0,70.0,76.0,84.0,68.0,84.0,66.0,71.0,82.0,63.0,69.0,77.0,66.0,64.0
0,0.0,0.0,0.0,0.0,0.0,70.0,76.0,84.0,68.0,84.0,66.0,71.0,82.0,63.0,69.0,77.0,66.0,64.0
0,0.0,0.0,8.0,0.0,0.0,70.0,76.0,84.0,68.0,84.0,66.0,71.0,82.0,63.0,69.0,77.0,66.0,64.0
0,0.0,0.0,6.0,0.0,0.0,70.0,76.0,84.0,68.0,84.0,66.0,71.0,82.0,63.0,69.0,77.0,66.0,64.0
0,0.0,0.0,0.0,0.0,0.0,70.0,78.0,82.0,75.0,76.0,68.0,72.0,80.0,66.0,73.0,77.0,68.0,75.0
0,0.0,0.0,0.0,0.0,0.0,70.0,57.0,77.0,52.0,85.0,72.0,78.0,79.0,50.0,82.0,83.0,72.0,65.0
0,0.0,0.0,0.0,0.0,0.0,70.0,73.0,84.0,65.0,81.0,73.0,73.0,66.0,76.0,72.0,72.0,73.0,62.0
0,0.0,0.0,28.0,0.0,0.0,70.0,62.0,77.0,70.0,81.0,64.0,83.0,80.0,64.0,80.0,83.0,64.0,80.0
0,0.0,0.0,0.0,0.0,0.0,69.0,64.0,73.0,74.0,85.0,69.0,67.0,84.0,57.0,75.0,77.0,69.0,74.0
0,0.0,0.0,20.0,0.0,0.0,69.0,78.0,87.0,77.0,75.0,62.0,71.0,80.0,69.0,75.0,78.0,62.0,74.0
0,0.0,0.0,48.0,0.0,0.0,69.0,71.0,81.0,79.0,79.0,61.0,82.0,64.0,82.0,81.0,79.0,61.0,81.0
0,0.0,0.0,50.0,0.0,1.0,69.0,81.0,85.0,84.0,80.0,56.0,80.0,72.0,80.0,69.0,74.0,56.0,81.0
0,0.0,0.0,1.0,0.0,0.0,69.0,69.0,79.0,57.0,89.0,63.0,67.0,67.0,79.0,78.0,74.0,63.0,75.0
0,0.0,0.0,5.0,0.0,0.0,69.0,72.0,83.0,78.0,65.0,64.0,75.0,82.0,70.0,76.0,85.0,64.0,70.0
0,0.0,0.0,17.0,0.0,0.0,69.0,78.0,85.0,74.0,73.0,70.0,75.0,61.0,76.0,73.0,74.0,70.0,74.0
0,0.0,0.0,2.0,0.0,0.0,69.0,77.0,85.0,72.0,81.0,59.0,77.0,67.0,79.0,78.0,82.0,59.0,78.0
0,0.0,0.0,22.0,0.0,0.0,69.0,76.0,85.0,67.0,89.0,74.0,78.0,77.0,52.0,66.0,75.0,74.0,69.0
0,0.0,0.0,1.0,0.0,0.0,69.0,74.0,82.0,64.0,87.0,73.0,85.0,78.0,45.0,78.0,79.0,73.0,79.0
0,0.0,0.0,13.0,0.0,0.0,69.0,74.0,82.0,64.0,87.0,73.0,85.0,78.0,45.0,78.0,79.0,73.0,79.0
0,0.0,0.0,14.0,0.0,0.0,69.0,70.0,81.0,67.0,83.0,70.0,78.0,76.0,59.0,72.0,75.0,70.0,77.0
0,0.0,0.0,0.0,0.0,0.0,68.0,65.0,78.0,67.0,83.0,74.0,79.0,78.0,59.0,75.0,77.0,74.0,72.0
0,0.0,0.0,26.0,0.0,0.0,68.0,75.0,86.0,76.0,76.0,58.0,82.0,77.0,64.0,83.0,75.0,58.0,80.0
0,0.0,0.0,0.0,0.0,0.0,68.0,72.0,83.0,63.0,84.0,71.0,80.0,78.0,56.0,76.0,72.0,71.0,66.0
0,0.0,0.0,0.0,0.0,0.0,68.0,59.0,74.0,61.0,82.0,74.0,83.0,76.0,61.0,82.0,78.0,74.0,60.0
0,0.0,0.0,27.0,0.0,0.0,68.0,76.0,76.0,67.0,84.0,61.0,80.0,73.0,67.0,83.0,80.0,61.0,81.0
0,0.0,0.0,3.0,0.0,0.0,68.0,55.0,79.0,52.0,94.0,61.0,81.0,78.0,58.0,74.0,76.0,61.0,82.0
0,0.0,0.0,22.0,0.0,0.0,68.0,72.0,86.0,73.0,83.0,68.0,78.0,76.0,52.0,79.0,76.0,68.0,76.0
0,0.0,0.0,13.0,0.0,0.0,68.0,59.0,81.0,53.0,91.0,71.0,81.0,74.0,49.0,72.0,76.0,71.0,69.0
0,0.0,0.0,13.0,0.0,0.0,68.0,72.0,84.0,73.0,87.0,52.0,82.0,81.0,68.0,82.0,78.0,52.0,84.0
0,0.0,0.0,0.0,0.0,0.0,68.0,80.0,86.0,79.0,70.0,65.0,70.0,63.0,77.0,77.0,78.0,65.0,77.0
0,0.0,0.0,0.0,0.0,0.0,68.0,85.0,88.0,72.0,80.0,50.0,83.0,81.0,67.0,74.0,85.0,50.0,87.0
0,0.0,0.0,9.0,0.0,0.0,68.0,84.0,89.0,84.0,66.0,60.0,82.0,60.0,79.0,66.0,81.0,60.0,80.0
0,0.0,0.0,5.0,0.0,0.0,68.0,75.0,85.0,72.0,84.0,67.0,73.0,77.0,56.0,78.0,77.0,67.0,81.0
0,0.0,0.0,8.0,0.0,0.0,68.0,70.0,84.0,83.0,80.0,57.0,83.0,78.0,63.0,77.0,77.0,57.0,81.0
0,0.0,0.0,0.0,0.0,0.0,68.0,65.0,76.0,57.0,87.0,62.0,70.0,80.0,65.0,77.0,72.0,62.0,70.0
0,0.0,0.0,0.0,0.0,0.0,68.0,60.0,78.0,63.0,78.0,69.0,77.0,78.0,60.0,81.0,74.0,69.0,72.0
0,0.0,0.0,34.0,0.0,0.0,68.0,77.0,87.0,69.0,87.0,60.0,84.0,83.0,45.0,84.0,81.0,60.0,76.0
0,0.0,0.0,4.0,0.0,0.0,68.0,72.0,82.0,77.0,86.0,55.0,82.0,80.0,61.0,77.0,76.0,55.0,78.0
0,0.0,0.0,31.0,0.0,0.0,68.0,67.0,81.0,61.0,91.0,67.0,71.0,78.0,50.0,71.0,77.0,67.0,70.0
0,0.0,0.0,53.0,0.0,2.0,68.0,75.0,85.0,77.0,85.0,55.0,78.0,69.0,79.0,77.0,77.0,55.0,80.0
0,0.0,0.0,0.0,0.0,0.0,68.0,66.0,79.0,53.0,78.0,66.0,78.0,77.0,72.0,83.0,77.0,66.0,78.0
0,0.0,0.0,57.0,0.0,0.0,68.0,59.0,77.0,52.0,85.0,72.0,87.0,79.0,52.0,89.0,83.0,72.0,70.0
0,0.0,0.0,2.0,0.0,0.0,67.0,68.0,82.0,59.0,83.0,68.0,78.0,79.0,55.0,81.0,81.0,68.0,73.0
0,0.0,0.0,29.0,0.0,0.0,67.0,74.0,81.0,68.0,89.0,57.0,77.0,76.0,57.0,78.0,74.0,57.0,81.0
0,0.0,0.0,7.0,0.0,0.0,67.0,63.0,78.0,58.0,91.0,64.0,78.0,78.0,48.0,76.0,73.0,64.0,78.0
0,0.0,0.0,6.0,0.0,0.0,67.0,79.0,87.0,72.0,76.0,61.0,76.0,77.0,58.0,78.0,82.0,61.0,73.0
0,0.0,0.0,0.0,0.0,0.0,67.0,60.0,73.0,51.0,91.0,64.0,82.0,80.0,44.0,81.0,69.0,64.0,79.0
0,0.0,0.0,4.0,0.0,0.0,67.0,70.0,82.0,64.0,82.0,65.0,84.0,76.0,49.0,75.0,82.0,65.0,64.0
0,0.0,0.0,15.0,0.0,0.0,67.0,74.0,82.0,71.0,78.0,66.0,82.0,54.0,75.0,78.0,82.0,66.0,66.0
0,0.0,0.0,0.0,0.0,0.0,67.0,80.0,85.0,73.0,83.0,60.0,75.0,77.0,49.0,80.0,66.0,60.0,73.0
0,0.0,0.0,0.0,0.0,0.0,67.0,80.0,85.0,73.0,83.0,60.0,75.0,77.0,49.0,80.0,66.0,60.0,73.0
0,0.0,0.0,1.0,0.0,0.0,67.0,80.0,85.0,73.0,83.0,60.0,75.0,77.0,49.0,80.0,66.0,60.0,73.0
0,0.0,0.0,0.0,0.0,0.0,67.0,80.0,85.0,73.0,83.0,60.0,75.0,77.0,49.0,80.0,66.0,60.0,73.0
0,0.0,0.0,0.0,0.0,0.0,67.0,78.0,84.0,83.0,70.0,58.0,67.0,69.0,82.0,77.0,79.0,58.0,65.0
0,0.0,0.0,5.0,0.0,0.0,67.0,69.0,82.0,69.0,85.0,61.0,74.0,78.0,55.0,77.0,79.0,61.0,72.0
0,0.0,0.0,0.0,0.0,0.0,67.0,81.0,88.0,73.0,85.0,52.0,79.0,80.0,63.0,77.0,76.0,52.0,74.0
0,0.0,0.0,0.0,0.0,0.0,67.0,81.0,88.0,73.0,85.0,52.0,79.0,80.0,63.0,77.0,76.0,52.0,74.0
0,0.0,0.0,8.0,0.0,0.0,67.0,81.0,88.0,73.0,85.0,52.0,79.0,80.0,63.0,77.0,76.0,52.0,74.0
0,0.0,0.0,9.0,0.0,0.0,67.0,74.0,83.0,67.0,75.0,66.0,73.0,76.0,59.0,79.0,78.0,66.0,72.0
0,0.0,0.0,6.0,0.0,0.0,67.0,74.0,84.0,66.0,85.0,68.0,72.0,76.0,49.0,73.0,74.0,68.0,79.0
0,0.0,0.0,2.0,0.0,0.0,67.0,66.0,81.0,70.0,77.0,57.0,78.0,82.0,68.0,81.0,79.0,57.0,82.0
0,0.0,0.0,5.0,0.0,0.0,67.0,61.0,76.0,55.0,92.0,65.0,75.0,79.0,41.0,82.0,72.0,65.0,76.0
0,0.0,0.0,13.0,0.0,0.0,67.0,82.0,83.0,75.0,66.0,63.0,68.0,77.0,61.0,83.0,81.0,63.0,74.0
0,0.0,0.0,3.0,0.0,0.0,67.0,72.0,82.0,68.0,82.0,60.0,79.0,78.0,56.0,81.0,68.0,60.0,65.0
0,0.0,0.0,0.0,0.0,0.0,67.0,58.0,72.0,61.0,90.0,72.0,84.0,78.0,57.0,81.0,83.0,72.0,66.0
0,0.0,0.0,1.0,0.0,0.0,66.0,77.0,85.0,73.0,72.0,65.0,77.0,79.0,52.0,70.0,87.0,65.0,69.0
0,0.0,0.0,1.0,0.0,0.0,66.0,71.0,80.0,69.0,81.0,63.0,77.0,77.0,61.0,78.0,80.0,63.0,77.0
0,0.0,0.0,3.0,0.0,0.0,66.0,75.0,84.0,69.0,76.0,59.0,74.0,72.0,79.0,67.0,84.0,59.0,66.0
0,0.0,0.0,18.0,0.0,0.0,66.0,72.0,80.0,67.0,75.0,62.0,81.0,79.0,56.0,80.0,81.0,62.0,74.0
0,0.0,0.0,0.0,0.0,0.0,66.0,58.0,76.0,55.0,88.0,67.0,76.0,74.0,49.0,78.0,73.0,67.0,65.0
0,0.0,0.0,5.0,0.0,0.0,66.0,80.0,87.0,73.0,76.0,55.0,78.0,64.0,77.0,76.0,80.0,55.0,74.0
0,0.0,0.0,0.0,0.0,0.0,66.0,82.0,86.0,74.0,75.0,63.0,76.0,75.0,65.0,62.0,76.0,63.0,73.0
0,0.0,0.0,34.0,0.0,1.0,66.0,71.0,81.0,68.0,77.0,65.0,74.0,61.0,78.0,78.0,78.0,65.0,73.0
0,0.0,0.0,0.0,0.0,0.0,66.0,71.0,81.0,68.0,77.0,65.0,74.0,61.0,78.0,78.0,78.0,65.0,73.0
0,0.0,0.0,1.0,0.0,0.0,66.0,71.0,81.0,68.0,77.0,65.0,74.0,61.0,78.0,78.0,78.0,65.0,73.0
0,0.0,0.0,0.0,0.0,0.0,66.0,71.0,81.0,68.0,77.0,65.0,74.0,61.0,78.0,78.0,78.0,65.0,73.0
0,0.0,0.0,23.0,0.0,0.0,66.0,72.0,77.0,58.0,91.0,77.0,77.0,75.0,46.0,74.0,74.0,77.0,76.0
0,0.0,0.0,39.0,0.0,0.0,66.0,75.0,84.0,69.0,84.0,54.0,82.0,79.0,62.0,79.0,78.0,54.0,75.0
0,0.0,0.0,9.0,0.0,0.0,66.0,79.0,86.0,78.0,83.0,53.0,83.0,66.0,75.0,74.0,76.0,53.0,76.0
0,0.0,0.0,0.0,0.0,0.0,66.0,63.0,80.0,54.0,87.0,68.0,75.0,83.0,58.0,80.0,72.0,68.0,74.0
0,0.0,0.0,0.0,0.0,0.0,66.0,74.0,80.0,71.0,75.0,61.0,68.0,66.0,80.0,81.0,78.0,61.0,67.0
0,0.0,0.0,16.0,0.0,0.0,66.0,64.0,79.0,57.0,94.0,74.0,79.0,77.0,48.0,80.0,76.0,74.0,60.0
0,0.0,0.0,13.0,0.0,0.0,66.0,69.0,82.0,55.0,88.0,57.0,80.0,79.0,54.0,75.0,73.0,57.0,78.0
0,0.0,0.0,25.0,0.0,0.0,66.0,71.0,81.0,66.0,88.0,50.0,82.0,76.0,74.0,82.0,79.0,50.0,78.0
0,0.0,0.0,0.0,0.0,0.0,66.0,72.0,82.0,65.0,79.0,70.0,74.0,58.0,72.0,74.0,79.0,70.0,79.0
0,0.0,0.0,6.0,0.0,0.0,66.0,61.0,72.0,49.0,88.0,68.0,81.0,76.0,41.0,80.0,69.0,68.0,65.0
0,0.0,0.0,20.0,0.0,0.0,66.0,76.0,85.0,65.0,77.0,61.0,72.0,79.0,58.0,77.0,73.0,61.0,72.0
0,0.0,0.0,8.0,0.0,0.0,65.0,59.0,80.0,55.0,82.0,74.0,72.0,78.0,60.0,75.0,76.0,74.0,81.0
0,0.0,0.0,18.0,0.0,0.0,65.0,84.0,86.0,76.0,87.0,56.0,73.0,74.0,60.0,73.0,78.0,56.0,77.0
0,0.0,0.0,14.0,0.0,0.0,65.0,74.0,87.0,74.0,79.0,53.0,78.0,65.0,79.0,74.0,84.0,53.0,81.0
0,0.0,0.0,0.0,0.0,0.0,65.0,68.0,82.0,64.0,89.0,64.0,83.0,77.0,49.0,77.0,82.0,64.0,78.0
0,0.0,0.0,0.0,0.0,0.0,65.0,59.0,76.0,59.0,87.0,68.0,74.0,77.0,54.0,68.0,67.0,68.0,69.0
0,0.0,0.0,10.0,0.0,0.0,65.0,59.0,76.0,59.0,87.0,68.0,74.0,77.0,54.0,68.0,67.0,68.0,69.0
0,0.0,0.0,0.0,0.0,0.0,65.0,59.0,76.0,59.0,87.0,68.0,74.0,77.0,54.0,68.0,67.0,68.0,69.0
0,0.0,0.0,0.0,0.0,0.0,65.0,59.0,76.0,59.0,87.0,68.0,74.0,77.0,54.0,68.0,67.0,68.0,69.0
0,0.0,0.0,14.0,0.0,0.0,65.0,59.0,76.0,59.0,87.0,68.0,74.0,77.0,54.0,68.0,67.0,68.0,69.0
0,0.0,0.0,88.0,3.0,6.0,65.0,59.0,76.0,59.0,87.0,68.0,74.0,77.0,54.0,68.0,67.0,68.0,69.0
0,0.0,0.0,13.0,0.0,0.0,65.0,58.0,76.0,54.0,87.0,63.0,82.0,77.0,51.0,71.0,83.0,63.0,73.0
0,0.0,0.0,1.0,0.0,0.0,65.0,77.0,86.0,72.0,76.0,64.0,81.0,75.0,55.0,67.0,76.0,64.0,73.0
0,0.0,0.0,14.0,0.0,0.0,65.0,81.0,85.0,74.0,69.0,53.0,76.0,77.0,69.0,78.0,73.0,53.0,78.0
0,0.0,0.0,2.0,0.0,0.0,65.0,63.0,76.0,63.0,84.0,60.0,79.0,79.0,52.0,77.0,74.0,60.0,81.0
0,0.0,0.0,2.0,0.0,0.0,65.0,76.0,84.0,72.0,83.0,57.0,78.0,65.0,77.0,65.0,82.0,57.0,79.0
0,0.0,0.0,0.0,0.0,0.0,65.0,72.0,88.0,56.0,86.0,61.0,78.0,72.0,54.0,82.0,82.0,61.0,81.0
0,0.0,0.0,0.0,0.0,0.0,65.0,85.0,88.0,82.0,79.0,49.0,80.0,76.0,61.0,77.0,69.0,49.0,73.0
0,0.0,0.0,3.0,0.0,0.0,65.0,79.0,86.0,71.0,82.0,53.0,72.0,69.0,79.0,73.0,81.0,53.0,76.0
0,0.0,0.0,38.0,0.0,0.0,65.0,77.0,85.0,68.0,86.0,50.0,85.0,76.0,63.0,76.0,83.0,50.0,79.0
0,0.0,0.0,0.0,0.0,0.0,65.0,76.0,86.0,81.0,77.0,57.0,73.0,82.0,60.0,74.0,75.0,57.0,74.0
0,0.0,0.0,29.0,0.0,0.0,65.0,74.0,84.0,75.0,79.0,51.0,77.0,68.0,81.0,77.0,80.0,51.0,76.0
0,0.0,0.0,49.0,0.0,3.0,65.0,84.0,89.0,76.0,73.0,56.0,65.0,79.0,62.0,76.0,77.0,56.0,82.0
0,0.0,0.0,43.0,0.0,0.0,65.0,61.0,78.0,67.0,87.0,57.0,77.0,76.0,55.0,79.0,79.0,57.0,79.0
0,0.0,0.0,32.0,0.0,0.0,65.0,63.0,77.0,61.0,85.0,61.0,79.0,77.0,49.0,77.0,79.0,61.0,68.0
0,0.0,0.0,0.0,0.0,0.0,65.0,78.0,85.0,73.0,75.0,62.0,71.0,77.0,63.0,70.0,69.0,62.0,73.0
0,0.0,0.0,0.0,0.0,0.0,64.0,65.0,78.0,61.0,79.0,60.0,78.0,76.0,57.0,77.0,71.0,60.0,75.0
0,0.0,0.0,5.0,0.0,0.0,64.0,85.0,87.0,75.0,88.0,50.0,74.0,76.0,59.0,74.0,74.0,50.0,81.0
0,0.0,0.0,18.0,0.0,0.0,64.0,78.0,85.0,65.0,69.0,71.0,76.0,75.0,50.0,71.0,75.0,71.0,74.0
0,0.0,0.0,0.0,0.0,0.0,64.0,82.0,84.0,83.0,59.0,59.0,66.0,68.0,83.0,60.0,84.0,59.0,73.0
0,0.0,0.0,0.0,0.0,0.0,64.0,57.0,75.0,50.0,86.0,53.0,89.0,77.0,54.0,84.0,82.0,53.0,75.0
0,0.0,0.0,22.0,0.0,0.0,64.0,75.0,82.0,70.0,79.0,56.0,75.0,77.0,61.0,80.0,81.0,56.0,77.0
0,0.0,0.0,43.0,0.0,0.0,64.0,70.0,85.0,71.0,89.0,45.0,78.0,83.0,70.0,78.0,80.0,45.0,81.0
0,0.0,0.0,6.0,0.0,0.0,64.0,70.0,80.0,60.0,85.0,70.0,78.0,76.0,45.0,75.0,80.0,70.0,71.0
0,0.0,0.0,3.0,0.0,0.0,64.0,76.0,87.0,75.0,78.0,49.0,74.0,69.0,77.0,77.0,79.0,49.0,79.0
0,0.0,0.0,4.0,0.0,0.0,63.0,83.0,87.0,79.0,77.0,54.0,69.0,76.0,61.0,68.0,76.0,54.0,73.0
0,0.0,0.0,31.0,0.0,0.0,63.0,67.0,78.0,61.0,88.0,63.0,77.0,79.0,47.0,62.0,69.0,63.0,84.0
0,0.0,0.0,0.0,0.0,0.0,63.0,67.0,78.0,61.0,88.0,63.0,77.0,79.0,47.0,62.0,69.0,63.0,84.0
0,0.0,0.0,1.0,0.0,0.0,63.0,76.0,85.0,82.0,84.0,43.0,83.0,77.0,66.0,78.0,78.0,43.0,79.0
0,0.0,0.0,0.0,0.0,0.0,63.0,85.0,89.0,84.0,67.0,53.0,69.0,66.0,77.0,67.0,77.0,53.0,67.0
0,0.0,0.0,5.0,0.0,0.0,63.0,59.0,75.0,60.0,90.0,64.0,74.0,65.0,77.0,76.0,75.0,64.0,65.0
0,0.0,0.0,3.0,0.0,0.0,63.0,79.0,87.0,75.0,73.0,48.0,79.0,76.0,65.0,77.0,81.0,48.0,78.0
0,0.0,0.0,16.0,0.0,0.0,63.0,65.0,76.0,62.0,85.0,71.0,72.0,74.0,50.0,79.0,79.0,71.0,75.0
0,0.0,0.0,0.0,0.0,0.0,63.0,69.0,80.0,67.0,75.0,61.0,79.0,83.0,51.0,79.0,76.0,61.0,69.0
0,0.0,0.0,0.0,0.0,0.0,63.0,80.0,86.0,79.0,75.0,53.0,73.0,77.0,55.0,79.0,75.0,53.0,74.0
0,0.0,0.0,1.0,0.0,0.0,63.0,68.0,77.0,62.0,85.0,59.0,73.0,83.0,55.0,62.0,72.0,59.0,74.0
0,0.0,0.0,1.0,0.0,0.0,63.0,74.0,70.0,63.0,87.0,62.0,79.0,74.0,59.0,78.0,76.0,62.0,79.0
0,0.0,0.0,0.0,0.0,0.0,63.0,70.0,80.0,71.0,79.0,61.0,78.0,78.0,53.0,67.0,69.0,61.0,81.0
0,0.0,0.0,12.0,0.0,0.0,63.0,82.0,86.0,77.0,78.0,49.0,76.0,66.0,78.0,68.0,79.0,49.0,79.0
0,0.0,0.0,0.0,0.0,0.0,62.0,77.0,85.0,65.0,84.0,48.0,78.0,76.0,61.0,79.0,76.0,48.0,81.0
0,0.0,0.0,0.0,0.0,0.0,62.0,79.0,86.0,77.0,85.0,44.0,77.0,73.0,68.0,76.0,75.0,44.0,76.0
0,0.0,0.0,25.0,0.0,0.0,62.0,62.0,78.0,54.0,84.0,76.0,78.0,75.0,46.0,70.0,69.0,76.0,70.0
0,0.0,0.0,4.0,0.0,0.0,62.0,77.0,85.0,71.0,81.0,54.0,73.0,76.0,68.0,65.0,76.0,54.0,78.0
0,0.0,0.0,5.0,0.0,0.0,62.0,72.0,79.0,53.0,88.0,63.0,76.0,74.0,51.0,79.0,79.0,63.0,73.0
0,0.0,0.0,0.0,0.0,0.0,62.0,63.0,79.0,71.0,80.0,57.0,76.0,81.0,62.0,77.0,74.0,57.0,77.0
0,0.0,0.0,0.0,0.0,0.0,62.0,69.0,81.0,58.0,88.0,52.0,82.0,74.0,47.0,77.0,71.0,52.0,72.0
0,0.0,0.0,0.0,0.0,0.0,62.0,75.0,87.0,61.0,81.0,41.0,77.0,79.0,70.0,77.0,76.0,41.0,80.0
0,0.0,0.0,0.0,0.0,0.0,62.0,72.0,80.0,69.0,86.0,44.0,76.0,77.0,63.0,76.0,73.0,44.0,78.0
0,0.0,0.0,0.0,0.0,0.0,62.0,81.0,83.0,80.0,82.0,41.0,78.0,75.0,69.0,77.0,80.0,41.0,80.0
0,0.0,0.0,0.0,0.0,0.0,61.0,78.0,81.0,69.0,80.0,45.0,80.0,70.0,74.0,76.0,74.0,45.0,76.0
0,0.0,0.0,3.0,0.0,0.0,61.0,66.0,77.0,71.0,92.0,51.0,76.0,70.0,46.0,79.0,78.0,51.0,74.0
0,0.0,0.0,0.0,0.0,0.0,61.0,78.0,87.0,80.0,78.0,41.0,77.0,74.0,76.0,70.0,75.0,41.0,75.0
0,0.0,0.0,0.0,0.0,0.0,61.0,78.0,82.0,84.0,79.0,52.0,71.0,76.0,63.0,65.0,75.0,52.0,74.0
0,0.0,0.0,0.0,0.0,0.0,61.0,64.0,80.0,54.0,85.0,64.0,77.0,76.0,46.0,82.0,78.0,64.0,80.0
0,0.0,0.0,0.0,0.0,0.0,61.0,73.0,81.0,66.0,78.0,53.0,79.0,82.0,54.0,74.0,77.0,53.0,72.0
0,0.0,0.0,0.0,0.0,0.0,61.0,65.0,80.0,64.0,88.0,42.0,85.0,78.0,56.0,80.0,66.0,42.0,80.0
0,0.0,0.0,0.0,0.0,0.0,61.0,80.0,85.0,75.0,81.0,42.0,76.0,77.0,67.0,77.0,78.0,42.0,80.0
0,0.0,0.0,23.0,0.0,0.0,61.0,73.0,82.0,66.0,76.0,54.0,82.0,78.0,54.0,76.0,80.0,54.0,77.0
0,0.0,0.0,0.0,0.0,0.0,60.0,75.0,82.0,68.0,85.0,43.0,76.0,77.0,58.0,75.0,70.0,43.0,78.0
0,0.0,0.0,0.0,0.0,0.0,60.0,68.0,84.0,73.0,89.0,45.0,79.0,72.0,60.0,70.0,72.0,45.0,78.0
0,0.0,0.0,0.0,0.0,0.0,60.0,75.0,84.0,70.0,82.0,47.0,76.0,66.0,78.0,67.0,68.0,47.0,80.0
0,0.0,0.0,0.0,0.0,0.0,60.0,62.0,77.0,64.0,83.0,54.0,73.0,75.0,52.0,77.0,70.0,54.0,75.0
0,0.0,0.0,30.0,0.0,0.0,60.0,72.0,83.0,54.0,80.0,52.0,85.0,74.0,55.0,76.0,84.0,52.0,76.0
0,0.0,0.0,0.0,0.0,0.0,60.0,59.0,80.0,61.0,87.0,42.0,77.0,76.0,68.0,77.0,76.0,42.0,82.0
0,0.0,0.0,0.0,0.0,0.0,60.0,76.0,85.0,61.0,78.0,41.0,77.0,77.0,69.0,77.0,76.0,41.0,78.0
0,0.0,0.0,0.0,0.0,0.0,60.0,79.0,85.0,85.0,74.0,44.0,68.0,64.0,80.0,69.0,83.0,44.0,78.0
0,0.0,0.0,5.0,0.0,0.0,60.0,73.0,81.0,68.0,80.0,48.0,69.0,82.0,64.0,67.0,74.0,48.0,75.0
0,0.0,0.0,0.0,0.0,0.0,60.0,60.0,79.0,64.0,71.0,67.0,73.0,75.0,45.0,73.0,74.0,67.0,63.0
0,0.0,0.0,0.0,0.0,0.0,60.0,67.0,76.0,63.0,77.0,54.0,79.0,77.0,54.0,76.0,75.0,54.0,69.0
0,0.0,0.0,0.0,0.0,0.0,60.0,66.0,73.0,63.0,89.0,59.0,84.0,79.0,47.0,78.0,71.0,59.0,75.0
0,0.0,0.0,0.0,0.0,0.0,60.0,77.0,86.0,73.0,74.0,41.0,75.0,76.0,69.0,78.0,80.0,41.0,77.0
0,0.0,0.0,0.0,0.0,0.0,60.0,86.0,88.0,82.0,78.0,52.0,65.0,60.0,77.0,56.0,76.0,52.0,74.0
0,0.0,0.0,0.0,0.0,0.0,60.0,63.0,76.0,71.0,73.0,55.0,81.0,70.0,60.0,79.0,78.0,55.0,78.0
0,0.0,0.0,0.0,0.0,0.0,60.0,70.0,83.0,70.0,81.0,50.0,76.0,70.0,72.0,70.0,72.0,50.0,72.0
0,0.0,0.0,0.0,0.0,0.0,59.0,77.0,81.0,73.0,79.0,41.0,77.0,76.0,66.0,76.0,76.0,41.0,74.0
0,0.0,0.0,0.0,0.0,0.0,59.0,78.0,87.0,78.0,69.0,49.0,66.0,79.0,51.0,77.0,84.0,49.0,74.0
0,0.0,0.0,0.0,0.0,0.0,59.0,60.0,75.0,65.0,90.0,50.0,81.0,80.0,55.0,83.0,79.0,50.0,79.0
0,0.0,0.0,0.0,0.0,0.0,59.0,66.0,79.0,65.0,75.0,57.0,79.0,75.0,43.0,78.0,62.0,57.0,81.0
0,0.0,0.0,0.0,0.0,0.0,59.0,71.0,83.0,74.0,76.0,42.0,78.0,78.0,64.0,77.0,86.0,42.0,80.0
0,0.0,0.0,0.0,0.0,0.0,59.0,70.0,77.0,73.0,84.0,53.0,72.0,78.0,55.0,73.0,86.0,53.0,69.0
0,0.0,0.0,0.0,0.0,0.0,59.0,73.0,78.0,71.0,74.0,54.0,67.0,76.0,59.0,74.0,73.0,54.0,70.0
0,0.0,0.0,0.0,0.0,0.0,59.0,55.0,78.0,59.0,84.0,54.0,81.0,55.0,73.0,76.0,76.0,54.0,78.0
0,0.0,0.0,4.0,0.0,0.0,59.0,67.0,76.0,69.0,75.0,43.0,79.0,76.0,67.0,79.0,78.0,43.0,77.0
0,0.0,0.0,0.0,0.0,0.0,59.0,67.0,76.0,69.0,75.0,43.0,79.0,76.0,67.0,79.0,78.0,43.0,77.0
0,0.0,0.0,0.0,0.0,0.0,59.0,77.0,83.0,84.0,76.0,56.0,69.0,73.0,51.0,67.0,77.0,56.0,77.0
0,0.0,0.0,0.0,0.0,0.0,59.0,63.0,79.0,59.0,85.0,64.0,77.0,74.0,43.0,77.0,75.0,64.0,75.0
0,0.0,0.0,0.0,0.0,0.0,59.0,76.0,83.0,74.0,81.0,45.0,80.0,71.0,64.0,75.0,71.0,45.0,82.0
0,0.0,0.0,0.0,0.0,0.0,58.0,61.0,76.0,65.0,72.0,50.0,76.0,78.0,64.0,76.0,73.0,50.0,78.0
0,0.0,0.0,0.0,0.0,0.0,58.0,69.0,77.0,70.0,81.0,50.0,75.0,67.0,66.0,70.0,71.0,50.0,73.0
0,0.0,0.0,2.0,0.0,0.0,58.0,68.0,80.0,49.0,93.0,48.0,77.0,71.0,40.0,76.0,66.0,48.0,71.0
0,0.0,0.0,0.0,0.0,0.0,58.0,72.0,81.0,74.0,80.0,41.0,79.0,74.0,69.0,72.0,73.0,41.0,80.0
0,0.0,0.0,0.0,0.0,0.0,58.0,68.0,81.0,70.0,86.0,43.0,76.0,79.0,59.0,80.0,76.0,43.0,78.0
0,0.0,0.0,0.0,0.0,0.0,58.0,65.0,78.0,64.0,74.0,41.0,79.0,78.0,67.0,79.0,77.0,41.0,78.0
0,0.0,0.0,0.0,0.0,0.0,58.0,73.0,83.0,67.0,75.0,58.0,71.0,75.0,41.0,69.0,79.0,58.0,59.0
0,0.0,0.0,0.0,0.0,0.0,58.0,78.0,84.0,76.0,67.0,53.0,67.0,62.0,75.0,65.0,76.0,53.0,73.0
0,0.0,0.0,0.0,0.0,0.0,58.0,70.0,81.0,61.0,78.0,42.0,77.0,77.0,64.0,75.0,76.0,42.0,78.0
0,0.0,0.0,0.0,0.0,0.0,57.0,64.0,79.0,61.0,79.0,41.0,77.0,78.0,64.0,75.0,76.0,41.0,79.0
0,0.0,0.0,0.0,0.0,0.0,57.0,64.0,78.0,61.0,71.0,50.0,78.0,77.0,58.0,80.0,76.0,50.0,78.0
0,0.0,0.0,1.0,0.0,0.0,57.0,82.0,86.0,80.0,74.0,48.0,68.0,57.0,79.0,59.0,76.0,48.0,74.0
0,0.0,0.0,0.0,0.0,0.0,57.0,71.0,72.0,70.0,81.0,45.0,83.0,73.0,65.0,75.0,75.0,45.0,78.0
0,0.0,0.0,0.0,0.0,0.0,57.0,72.0,82.0,70.0,82.0,50.0,75.0,71.0,60.0,70.0,73.0,50.0,75.0
0,0.0,0.0,0.0,0.0,0.0,56.0,69.0,75.0,61.0,86.0,50.0,83.0,71.0,48.0,84.0,73.0,50.0,75.0
0,0.0,0.0,0.0,0.0,0.0,56.0,66.0,82.0,74.0,77.0,57.0,73.0,71.0,47.0,72.0,72.0,57.0,78.0
0,0.0,0.0,0.0,0.0,0.0,56.0,57.0,77.0,51.0,84.0,49.0,78.0,75.0,38.0,79.0,64.0,49.0,72.0
0,0.0,0.0,0.0,0.0,0.0,54.0,76.0,84.0,72.0,85.0,48.0,71.0,73.0,51.0,61.0,70.0,48.0,77.0
0,0.0,0.0,0.0,0.0,0.0,51.0,60.0,76.0,47.0,94.0,53.0,75.0,74.0,39.0,75.0,66.0,53.0,69.0
0,0.0,0.0,21.0,0.0,0.0,51.0,60.0,76.0,47.0,94.0,53.0,75.0,74.0,39.0,75.0,66.0,53.0,69.0
73,280.0,26.0,123.0,8.0,10.0,99.0,83.0,90.0,82.0,94.0,90.0,90.0,96.0,82.0,91.0,88.0,90.0,76.0
77,295.0,28.0,110.0,5.0,5.0,98.0,78.0,83.0,75.0,97.0,88.0,93.0,96.0,90.0,93.0,95.0,88.0,87.0
74,265.0,29.0,59.0,0.0,1.0,95.0,79.0,86.0,82.0,86.0,88.0,88.0,95.0,85.0,88.0,92.0,88.0,88.0
76,305.0,30.0,100.0,3.0,5.0,93.0,72.0,83.0,82.0,98.0,85.0,92.0,91.0,73.0,89.0,86.0,85.0,95.0
76,287.0,28.0,106.0,1.0,8.0,92.0,79.0,86.0,78.0,91.0,90.0,89.0,92.0,71.0,89.0,85.0,90.0,82.0
73,300.0,29.0,89.0,2.0,8.0,91.0,78.0,84.0,71.0,90.0,92.0,83.0,93.0,72.0,80.0,84.0,92.0,68.0
76,310.0,26.0,95.0,1.0,6.0,91.0,80.0,87.0,75.0,89.0,85.0,92.0,93.0,73.0,85.0,86.0,85.0,80.0
80,300.0,31.0,112.0,1.0,6.0,91.0,72.0,82.0,80.0,87.0,89.0,92.0,76.0,89.0,88.0,88.0,89.0,84.0
76,300.0,29.0,69.0,1.0,6.0,90.0,69.0,84.0,75.0,92.0,88.0,89.0,92.0,77.0,78.0,82.0,88.0,85.0
76,274.0,31.0,34.0,0.0,1.0,90.0,74.0,85.0,76.0,90.0,84.0,91.0,91.0,70.0,96.0,87.0,84.0,77.0
76,274.0,31.0,0.0,0.0,0.0,90.0,74.0,85.0,76.0,90.0,84.0,91.0,91.0,70.0,96.0,87.0,84.0,77.0
76,274.0,31.0,1.0,0.0,0.0,90.0,74.0,85.0,76.0,90.0,84.0,91.0,91.0,70.0,96.0,87.0,84.0,77.0
76,274.0,31.0,0.0,0.0,0.0,90.0,74.0,85.0,76.0,90.0,84.0,91.0,91.0,70.0,96.0,87.0,84.0,77.0
74,247.0,28.0,57.0,0.0,3.0,89.0,81.0,87.0,85.0,83.0,85.0,81.0,78.0,90.0,84.0,86.0,85.0,82.0
75,263.0,35.0,0.0,0.0,0.0,89.0,78.0,85.0,84.0,85.0,92.0,79.0,94.0,77.0,69.0,92.0,92.0,87.0
76,350.0,28.0,0.0,0.0,0.0,89.0,54.0,76.0,64.0,93.0,95.0,94.0,78.0,67.0,94.0,92.0,95.0,77.0
77,280.0,22.0,57.0,0.0,5.0,88.0,80.0,87.0,85.0,82.0,82.0,74.0,84.0,89.0,88.0,86.0,82.0,81.0
77,278.0,28.0,74.0,1.0,3.0,88.0,79.0,85.0,83.0,85.0,87.0,92.0,65.0,88.0,80.0,87.0,87.0,88.0
74,275.0,26.0,50.0,0.0,1.0,88.0,81.0,87.0,74.0,83.0,88.0,84.0,86.0,70.0,89.0,83.0,88.0,71.0
75,315.0,28.0,41.0,0.0,2.0,88.0,70.0,85.0,69.0,87.0,89.0,86.0,85.0,72.0,89.0,85.0,89.0,72.0
73,303.0,34.0,79.0,0.0,6.0,87.0,62.0,79.0,63.0,90.0,94.0,89.0,80.0,63.0,90.0,84.0,94.0,65.0
73,303.0,34.0,6.0,0.0,0.0,87.0,62.0,79.0,63.0,90.0,94.0,89.0,80.0,63.0,90.0,84.0,94.0,65.0
73,303.0,34.0,0.0,0.0,0.0,87.0,62.0,79.0,63.0,90.0,94.0,89.0,80.0,63.0,90.0,84.0,94.0,65.0
72,310.0,28.0,41.0,0.0,1.0,87.0,76.0,82.0,74.0,90.0,87.0,88.0,73.0,87.0,83.0,85.0,87.0,72.0
78,280.0,28.0,67.0,0.0,2.0,86.0,82.0,86.0,82.0,79.0,86.0,82.0,70.0,92.0,75.0,84.0,86.0,72.0
75,260.0,31.0,51.0,0.0,1.0,86.0,85.0,90.0,78.0,76.0,87.0,73.0,81.0,93.0,66.0,78.0,87.0,78.0
73,305.0,27.0,72.0,0.0,5.0,86.0,71.0,80.0,70.0,92.0,87.0,90.0,92.0,77.0,74.0,82.0,87.0,86.0
76,329.0,28.0,70.0,0.0,2.0,86.0,68.0,80.0,63.0,97.0,87.0,89.0,83.0,59.0,86.0,82.0,87.0,60.0
77,252.0,22.0,71.0,0.0,5.0,86.0,87.0,90.0,85.0,79.0,78.0,76.0,78.0,87.0,85.0,85.0,78.0,74.0
75,273.0,29.0,67.0,0.0,4.0,86.0,83.0,86.0,80.0,85.0,86.0,84.0,90.0,75.0,69.0,79.0,86.0,80.0
75,331.0,27.0,56.0,1.0,2.0,85.0,73.0,84.0,71.0,94.0,84.0,91.0,80.0,58.0,85.0,86.0,84.0,87.0
77,302.0,23.0,0.0,0.0,0.0,85.0,73.0,83.0,73.0,87.0,85.0,86.0,85.0,69.0,87.0,85.0,85.0,81.0
77,302.0,23.0,66.0,0.0,2.0,85.0,73.0,83.0,73.0,87.0,85.0,86.0,85.0,69.0,87.0,85.0,85.0,81.0
74,320.0,29.0,13.0,0.0,0.0,84.0,71.0,84.0,64.0,90.0,85.0,81.0,84.0,66.0,85.0,83.0,85.0,74.0
74,320.0,29.0,0.0,0.0,0.0,84.0,71.0,84.0,64.0,90.0,85.0,81.0,84.0,66.0,85.0,83.0,85.0,74.0
78,308.0,23.0,0.0,0.0,0.0,84.0,71.0,85.0,74.0,88.0,86.0,85.0,84.0,68.0,83.0,83.0,86.0,79.0
78,308.0,23.0,10.0,0.0,0.0,84.0,71.0,85.0,74.0,88.0,86.0,85.0,84.0,68.0,83.0,83.0,86.0,79.0
78,308.0,23.0,0.0,0.0,0.0,84.0,71.0,85.0,74.0,88.0,86.0,85.0,84.0,68.0,83.0,83.0,86.0,79.0
78,308.0,23.0,0.0,0.0,0.0,84.0,71.0,85.0,74.0,88.0,86.0,85.0,84.0,68.0,83.0,83.0,86.0,79.0
78,308.0,23.0,14.0,0.0,0.0,84.0,71.0,85.0,74.0,88.0,86.0,85.0,84.0,68.0,83.0,83.0,86.0,79.0
78,308.0,23.0,88.0,3.0,6.0,84.0,71.0,85.0,74.0,88.0,86.0,85.0,84.0,68.0,83.0,83.0,86.0,79.0
77,275.0,28.0,39.0,0.0,1.0,84.0,85.0,89.0,81.0,84.0,83.0,81.0,83.0,74.0,68.0,84.0,83.0,88.0
71,255.0,33.0,63.0,2.0,5.0,83.0,75.0,82.0,78.0,78.0,91.0,77.0,74.0,85.0,70.0,88.0,91.0,76.0
77,336.0,27.0,54.0,0.0,1.0,83.0,65.0,81.0,68.0,87.0,85.0,86.0,85.0,71.0,87.0,83.0,85.0,80.0
76,272.0,21.0,90.0,4.0,6.0,83.0,84.0,90.0,83.0,96.0,70.0,76.0,86.0,73.0,86.0,85.0,70.0,81.0
75,278.0,32.0,32.0,0.0,0.0,83.0,81.0,83.0,74.0,85.0,85.0,90.0,82.0,57.0,87.0,86.0,85.0,78.0
77,290.0,27.0,45.0,0.0,1.0,83.0,76.0,83.0,66.0,83.0,83.0,90.0,83.0,73.0,78.0,83.0,83.0,76.0
74,275.0,31.0,13.0,0.0,0.0,83.0,76.0,86.0,74.0,82.0,86.0,77.0,84.0,65.0,88.0,85.0,86.0,81.0
74,275.0,31.0,6.0,0.0,0.0,83.0,76.0,86.0,74.0,82.0,86.0,77.0,84.0,65.0,88.0,85.0,86.0,81.0
74,275.0,31.0,39.0,0.0,0.0,83.0,76.0,86.0,74.0,82.0,86.0,77.0,84.0,65.0,88.0,85.0,86.0,81.0
74,275.0,31.0,47.0,0.0,0.0,83.0,76.0,86.0,74.0,82.0,86.0,77.0,84.0,65.0,88.0,85.0,86.0,81.0
74,275.0,31.0,7.0,0.0,0.0,83.0,76.0,86.0,74.0,82.0,86.0,77.0,84.0,65.0,88.0,85.0,86.0,81.0
75,260.0,29.0,0.0,0.0,0.0,83.0,80.0,86.0,74.0,76.0,86.0,78.0,74.0,88.0,75.0,78.0,86.0,72.0
79,287.0,37.0,130.0,3.0,9.0,83.0,76.0,84.0,83.0,82.0,87.0,81.0,73.0,86.0,67.0,82.0,87.0,87.0
78,350.0,32.0,42.0,0.0,0.0,83.0,65.0,82.0,54.0,91.0,87.0,83.0,79.0,60.0,88.0,82.0,87.0,67.0
78,303.0,24.0,38.0,0.0,0.0,83.0,75.0,80.0,68.0,91.0,86.0,84.0,84.0,67.0,82.0,83.0,86.0,82.0
75,311.0,25.0,13.0,0.0,0.0,83.0,75.0,85.0,72.0,84.0,79.0,89.0,82.0,74.0,83.0,83.0,79.0,75.0
74,335.0,24.0,33.0,0.0,0.0,82.0,51.0,74.0,62.0,95.0,86.0,87.0,78.0,59.0,87.0,87.0,86.0,81.0
73,311.0,32.0,63.0,0.0,0.0,82.0,63.0,80.0,60.0,91.0,87.0,86.0,81.0,60.0,83.0,78.0,87.0,71.0
72,305.0,24.0,56.0,0.0,2.0,82.0,70.0,85.0,66.0,89.0,84.0,82.0,83.0,66.0,78.0,82.0,84.0,85.0
74,265.0,24.0,34.0,0.0,0.0,82.0,77.0,88.0,69.0,87.0,79.0,84.0,87.0,65.0,83.0,82.0,79.0,76.0
73,340.0,28.0,0.0,0.0,0.0,82.0,59.0,79.0,62.0,96.0,88.0,87.0,76.0,51.0,87.0,82.0,88.0,75.0
73,340.0,28.0,0.0,0.0,0.0,82.0,59.0,79.0,62.0,96.0,88.0,87.0,76.0,51.0,87.0,82.0,88.0,75.0
73,340.0,28.0,0.0,0.0,0.0,82.0,59.0,79.0,62.0,96.0,88.0,87.0,76.0,51.0,87.0,82.0,88.0,75.0
73,340.0,28.0,52.0,0.0,1.0,82.0,59.0,79.0,62.0,96.0,88.0,87.0,76.0,51.0,87.0,82.0,88.0,75.0
73,340.0,28.0,4.0,0.0,0.0,82.0,59.0,79.0,62.0,96.0,88.0,87.0,76.0,51.0,87.0,82.0,88.0,75.0
75,260.0,24.0,49.0,0.0,3.0,82.0,84.0,90.0,76.0,88.0,78.0,65.0,84.0,74.0,86.0,81.0,78.0,82.0
76,320.0,23.0,35.0,0.0,0.0,81.0,64.0,75.0,58.0,88.0,81.0,86.0,85.0,66.0,84.0,81.0,81.0,85.0
74,254.0,29.0,68.0,0.0,0.0,81.0,81.0,86.0,81.0,76.0,82.0,80.0,76.0,88.0,64.0,81.0,82.0,66.0
77,285.0,27.0,48.0,0.0,0.0,81.0,74.0,84.0,69.0,89.0,83.0,87.0,83.0,60.0,83.0,85.0,83.0,72.0
74,295.0,24.0,0.0,0.0,0.0,81.0,71.0,83.0,72.0,85.0,80.0,83.0,83.0,66.0,84.0,83.0,80.0,72.0
77,302.0,26.0,58.0,0.0,0.0,81.0,65.0,82.0,72.0,87.0,83.0,87.0,82.0,59.0,84.0,85.0,83.0,83.0
77,295.0,28.0,108.0,4.0,7.0,81.0,72.0,79.0,72.0,90.0,87.0,87.0,86.0,65.0,71.0,82.0,87.0,87.0
75,275.0,31.0,0.0,0.0,0.0,80.0,77.0,85.0,73.0,78.0,82.0,78.0,87.0,69.0,75.0,83.0,82.0,78.0
74,300.0,27.0,42.0,0.0,0.0,80.0,72.0,81.0,73.0,91.0,82.0,88.0,77.0,58.0,79.0,83.0,82.0,82.0
75,270.0,32.0,48.0,0.0,0.0,80.0,77.0,89.0,72.0,86.0,85.0,74.0,82.0,62.0,77.0,83.0,85.0,70.0
76,318.0,25.0,0.0,0.0,0.0,80.0,67.0,78.0,59.0,88.0,83.0,79.0,79.0,68.0,84.0,81.0,83.0,75.0
75,278.0,29.0,13.0,0.0,0.0,80.0,75.0,85.0,68.0,81.0,85.0,78.0,83.0,69.0,77.0,82.0,85.0,67.0
75,259.0,34.0,46.0,0.0,0.0,80.0,79.0,85.0,73.0,81.0,85.0,74.0,67.0,86.0,74.0,77.0,85.0,69.0
75,273.0,21.0,21.0,0.0,0.0,79.0,83.0,87.0,80.0,91.0,66.0,82.0,71.0,83.0,80.0,82.0,66.0,81.0
79,300.0,23.0,73.0,1.0,3.0,79.0,71.0,81.0,83.0,81.0,77.0,86.0,73.0,84.0,73.0,80.0,77.0,87.0
78,310.0,31.0,0.0,0.0,0.0,79.0,72.0,83.0,62.0,84.0,80.0,84.0,86.0,62.0,76.0,82.0,80.0,83.0
73,300.0,29.0,19.0,0.0,0.0,79.0,71.0,75.0,54.0,96.0,79.0,82.0,81.0,61.0,75.0,78.0,79.0,86.0
79,273.0,24.0,0.0,0.0,0.0,79.0,78.0,85.0,85.0,73.0,78.0,74.0,73.0,85.0,77.0,80.0,78.0,69.0
75,265.0,25.0,68.0,0.0,4.0,79.0,79.0,88.0,82.0,76.0,76.0,78.0,82.0,70.0,80.0,83.0,76.0,78.0
75,279.0,29.0,22.0,0.0,0.0,79.0,81.0,89.0,74.0,81.0,77.0,73.0,73.0,84.0,75.0,77.0,77.0,81.0
75,338.0,27.0,55.0,0.0,2.0,79.0,75.0,85.0,75.0,95.0,80.0,86.0,76.0,53.0,72.0,81.0,80.0,87.0
76,315.0,27.0,58.0,0.0,1.0,79.0,72.0,81.0,76.0,94.0,83.0,92.0,81.0,60.0,69.0,80.0,83.0,76.0
72,339.0,24.0,0.0,0.0,0.0,79.0,72.0,86.0,68.0,94.0,75.0,82.0,76.0,60.0,85.0,79.0,75.0,75.0
76,308.0,29.0,23.0,0.0,0.0,79.0,76.0,82.0,72.0,88.0,79.0,83.0,83.0,70.0,69.0,76.0,79.0,87.0
74,315.0,27.0,28.0,0.0,0.0,78.0,69.0,78.0,63.0,89.0,83.0,87.0,77.0,56.0,76.0,82.0,83.0,78.0
77,263.0,28.0,22.0,0.0,0.0,78.0,81.0,88.0,74.0,71.0,79.0,74.0,85.0,69.0,76.0,79.0,79.0,66.0
76,345.0,33.0,100.0,2.0,5.0,78.0,63.0,79.0,66.0,94.0,86.0,83.0,78.0,50.0,74.0,81.0,86.0,85.0
74,270.0,26.0,0.0,0.0,0.0,78.0,75.0,85.0,73.0,79.0,79.0,78.0,72.0,86.0,73.0,77.0,79.0,73.0
74,320.0,23.0,43.0,0.0,0.0,78.0,71.0,82.0,62.0,85.0,82.0,81.0,78.0,62.0,82.0,81.0,82.0,75.0
74,273.0,25.0,7.0,0.0,0.0,78.0,75.0,81.0,71.0,83.0,79.0,79.0,80.0,70.0,80.0,83.0,79.0,80.0
74,305.0,23.0,33.0,0.0,0.0,78.0,71.0,83.0,78.0,86.0,71.0,84.0,82.0,65.0,84.0,82.0,71.0,80.0
76,322.0,25.0,57.0,0.0,0.0,78.0,61.0,79.0,66.0,87.0,84.0,87.0,79.0,63.0,86.0,84.0,84.0,78.0
76,270.0,28.0,7.0,0.0,0.0,77.0,80.0,87.0,81.0,83.0,74.0,81.0,81.0,68.0,71.0,78.0,74.0,79.0
75,288.0,28.0,34.0,0.0,0.0,77.0,80.0,84.0,74.0,88.0,77.0,79.0,77.0,61.0,79.0,86.0,77.0,85.0
76,295.0,27.0,34.0,0.0,0.0,77.0,78.0,84.0,71.0,81.0,78.0,82.0,82.0,70.0,67.0,78.0,78.0,79.0
75,280.0,29.0,26.0,0.0,0.0,77.0,78.0,87.0,74.0,84.0,76.0,79.0,82.0,65.0,80.0,74.0,76.0,81.0
74,246.0,22.0,50.0,0.0,1.0,77.0,81.0,86.0,84.0,80.0,69.0,80.0,74.0,84.0,72.0,74.0,69.0,81.0
76,275.0,25.0,12.0,0.0,0.0,77.0,75.0,86.0,86.0,81.0,78.0,76.0,81.0,69.0,72.0,78.0,78.0,85.0
77,318.0,27.0,15.0,0.0,0.0,76.0,62.0,74.0,65.0,87.0,82.0,81.0,78.0,60.0,78.0,77.0,82.0,78.0
78,270.0,24.0,14.0,0.0,0.0,76.0,83.0,89.0,74.0,76.0,75.0,78.0,82.0,70.0,68.0,78.0,75.0,74.0
75,301.0,28.0,17.0,0.0,0.0,76.0,78.0,85.0,72.0,84.0,75.0,83.0,76.0,64.0,79.0,82.0,75.0,69.0
79,272.0,30.0,14.0,0.0,0.0,76.0,82.0,89.0,80.0,73.0,81.0,80.0,59.0,76.0,71.0,79.0,81.0,70.0
79,272.0,30.0,54.0,0.0,0.0,76.0,82.0,89.0,80.0,73.0,81.0,80.0,59.0,76.0,71.0,79.0,81.0,70.0
76,255.0,22.0,8.0,0.0,0.0,76.0,87.0,89.0,81.0,85.0,61.0,82.0,79.0,67.0,83.0,84.0,61.0,81.0
75,267.0,23.0,24.0,0.0,0.0,76.0,82.0,87.0,78.0,85.0,70.0,84.0,79.0,64.0,78.0,78.0,70.0,84.0
78,281.0,26.0,39.0,0.0,0.0,76.0,73.0,82.0,73.0,77.0,77.0,82.0,82.0,64.0,80.0,85.0,77.0,87.0
76,296.0,22.0,6.0,0.0,0.0,76.0,77.0,86.0,86.0,81.0,70.0,79.0,76.0,79.0,74.0,77.0,70.0,84.0
74,320.0,25.0,50.0,0.0,0.0,76.0,61.0,79.0,64.0,93.0,82.0,85.0,77.0,52.0,73.0,81.0,82.0,65.0
78,300.0,26.0,21.0,0.0,0.0,76.0,73.0,82.0,68.0,83.0,80.0,83.0,80.0,60.0,78.0,83.0,80.0,76.0
78,335.0,24.0,31.0,0.0,0.0,76.0,67.0,79.0,65.0,89.0,78.0,79.0,81.0,63.0,72.0,77.0,78.0,84.0
78,335.0,24.0,0.0,0.0,0.0,76.0,67.0,79.0,65.0,89.0,78.0,79.0,81.0,63.0,72.0,77.0,78.0,84.0
75,254.0,30.0,37.0,0.0,0.0,76.0,82.0,88.0,78.0,76.0,77.0,84.0,81.0,60.0,67.0,79.0,77.0,84.0
75,255.0,23.0,0.0,0.0,0.0,76.0,85.0,88.0,84.0,73.0,69.0,82.0,66.0,78.0,78.0,82.0,69.0,86.0
75,280.0,23.0,0.0,0.0,0.0,76.0,78.0,81.0,71.0,88.0,73.0,82.0,82.0,66.0,79.0,82.0,73.0,88.0
76,285.0,27.0,10.0,0.0,0.0,76.0,78.0,87.0,72.0,81.0,76.0,71.0,70.0,82.0,75.0,81.0,76.0,70.0
79,292.0,23.0,41.0,0.0,0.0,75.0,69.0,81.0,74.0,85.0,73.0,85.0,84.0,72.0,71.0,73.0,73.0,77.0
74,297.0,30.0,26.0,0.0,0.0,75.0,75.0,85.0,65.0,88.0,76.0,80.0,81.0,58.0,69.0,76.0,76.0,66.0
74,251.0,23.0,5.0,0.0,0.0,75.0,80.0,87.0,85.0,80.0,68.0,76.0,71.0,83.0,72.0,78.0,68.0,86.0
78,273.0,22.0,9.0,0.0,0.0,75.0,78.0,87.0,86.0,79.0,64.0,83.0,71.0,83.0,74.0,85.0,64.0,82.0
75,259.0,21.0,26.0,0.0,0.0,75.0,76.0,83.0,73.0,87.0,67.0,79.0,85.0,73.0,79.0,77.0,67.0,85.0
74,280.0,28.0,0.0,0.0,0.0,75.0,75.0,83.0,76.0,82.0,72.0,76.0,81.0,67.0,78.0,79.0,72.0,75.0
76,230.0,21.0,16.0,0.0,0.0,75.0,84.0,88.0,86.0,81.0,65.0,76.0,70.0,82.0,72.0,85.0,65.0,78.0
78,318.0,27.0,8.0,0.0,0.0,75.0,72.0,82.0,69.0,88.0,77.0,82.0,80.0,68.0,72.0,78.0,77.0,78.0
75,310.0,31.0,0.0,0.0,0.0,75.0,63.0,79.0,64.0,86.0,77.0,91.0,76.0,59.0,77.0,82.0,77.0,72.0
75,314.0,21.0,0.0,0.0,0.0,75.0,70.0,83.0,59.0,87.0,80.0,81.0,78.0,62.0,78.0,82.0,80.0,82.0
75,314.0,21.0,60.0,0.0,3.0,75.0,70.0,83.0,59.0,87.0,80.0,81.0,78.0,62.0,78.0,82.0,80.0,82.0
76,325.0,23.0,13.0,0.0,0.0,75.0,66.0,81.0,84.0,83.0,72.0,83.0,83.0,67.0,73.0,79.0,72.0,84.0
74,315.0,27.0,48.0,0.0,0.0,75.0,58.0,74.0,72.0,96.0,79.0,86.0,77.0,50.0,71.0,80.0,79.0,87.0
76,305.0,27.0,63.0,0.0,0.0,75.0,72.0,80.0,66.0,84.0,79.0,82.0,77.0,60.0,85.0,83.0,79.0,79.0
75,325.0,32.0,68.0,0.0,0.0,74.0,58.0,73.0,57.0,90.0,82.0,72.0,78.0,59.0,76.0,78.0,82.0,71.0
76,275.0,23.0,41.0,0.0,0.0,74.0,85.0,88.0,80.0,77.0,65.0,81.0,83.0,72.0,66.0,79.0,65.0,83.0
75,305.0,29.0,49.0,0.0,0.0,74.0,70.0,83.0,65.0,78.0,80.0,84.0,75.0,61.0,77.0,78.0,80.0,71.0
76,307.0,30.0,34.0,0.0,0.0,74.0,70.0,82.0,55.0,93.0,72.0,84.0,76.0,53.0,80.0,76.0,72.0,52.0
78,305.0,31.0,43.0,0.0,0.0,74.0,70.0,85.0,61.0,85.0,82.0,85.0,78.0,57.0,74.0,79.0,82.0,74.0
76,309.0,29.0,0.0,0.0,0.0,74.0,62.0,77.0,67.0,88.0,78.0,83.0,78.0,60.0,69.0,77.0,78.0,84.0
78,245.0,24.0,15.0,0.0,0.0,74.0,84.0,88.0,85.0,79.0,66.0,73.0,70.0,81.0,73.0,82.0,66.0,75.0
75,240.0,26.0,0.0,0.0,0.0,74.0,81.0,87.0,79.0,70.0,73.0,74.0,62.0,78.0,79.0,81.0,73.0,77.0
76,322.0,30.0,28.0,0.0,0.0,74.0,62.0,77.0,63.0,84.0,79.0,76.0,77.0,59.0,84.0,77.0,79.0,78.0
78,299.0,21.0,6.0,0.0,0.0,74.0,77.0,85.0,82.0,85.0,61.0,80.0,79.0,75.0,80.0,81.0,61.0,81.0
74,310.0,31.0,47.0,0.0,0.0,74.0,62.0,79.0,55.0,92.0,79.0,83.0,77.0,56.0,71.0,76.0,79.0,74.0
76,335.0,30.0,16.0,0.0,0.0,73.0,65.0,81.0,57.0,94.0,75.0,79.0,76.0,50.0,75.0,78.0,75.0,64.0
72,310.0,24.0,0.0,0.0,0.0,73.0,74.0,82.0,66.0,85.0,74.0,79.0,83.0,58.0,70.0,76.0,74.0,73.0
75,260.0,22.0,16.0,0.0,0.0,73.0,82.0,87.0,85.0,76.0,64.0,76.0,66.0,82.0,75.0,83.0,64.0,83.0
74,272.0,27.0,27.0,0.0,0.0,73.0,80.0,85.0,72.0,81.0,71.0,81.0,77.0,61.0,76.0,82.0,71.0,87.0
73,307.0,25.0,27.0,0.0,0.0,73.0,67.0,85.0,64.0,91.0,68.0,71.0,74.0,80.0,72.0,74.0,68.0,90.0
75,313.0,30.0,0.0,0.0,0.0,73.0,63.0,78.0,67.0,84.0,78.0,82.0,81.0,59.0,82.0,83.0,78.0,79.0
75,288.0,22.0,50.0,0.0,2.0,73.0,72.0,83.0,72.0,85.0,68.0,81.0,81.0,67.0,81.0,79.0,68.0,80.0
74,302.0,29.0,17.0,0.0,0.0,73.0,75.0,84.0,54.0,89.0,81.0,81.0,78.0,58.0,71.0,78.0,81.0,78.0
79,305.0,32.0,0.0,0.0,0.0,73.0,62.0,75.0,57.0,88.0,79.0,84.0,75.0,55.0,76.0,78.0,79.0,66.0
75,311.0,23.0,47.0,0.0,0.0,73.0,65.0,79.0,68.0,90.0,68.0,87.0,65.0,78.0,74.0,81.0,68.0,78.0
74,305.0,24.0,53.0,0.0,2.0,73.0,75.0,85.0,77.0,85.0,69.0,79.0,69.0,79.0,70.0,78.0,69.0,80.0
75,304.0,30.0,45.0,0.0,0.0,73.0,74.0,84.0,66.0,86.0,81.0,82.0,77.0,50.0,76.0,79.0,81.0,84.0
75,310.0,29.0,29.0,0.0,0.0,72.0,78.0,89.0,71.0,80.0,73.0,78.0,81.0,62.0,68.0,75.0,73.0,77.0
74,330.0,32.0,27.0,0.0,0.0,72.0,66.0,82.0,61.0,89.0,75.0,80.0,79.0,53.0,71.0,74.0,75.0,82.0
75,308.0,26.0,0.0,0.0,0.0,72.0,66.0,75.0,74.0,87.0,75.0,73.0,81.0,60.0,71.0,77.0,75.0,74.0
74,260.0,27.0,0.0,0.0,0.0,72.0,84.0,85.0,76.0,72.0,73.0,69.0,67.0,80.0,72.0,76.0,73.0,65.0
75,280.0,33.0,39.0,0.0,0.0,72.0,73.0,78.0,70.0,80.0,79.0,86.0,77.0,58.0,69.0,77.0,79.0,66.0
74,305.0,22.0,48.0,0.0,0.0,72.0,71.0,81.0,79.0,84.0,73.0,82.0,65.0,81.0,71.0,81.0,73.0,81.0
75,251.0,25.0,0.0,0.0,0.0,72.0,83.0,88.0,74.0,75.0,69.0,76.0,78.0,68.0,67.0,76.0,69.0,73.0
73,291.0,26.0,6.0,0.0,0.0,72.0,64.0,81.0,69.0,84.0,67.0,74.0,69.0,79.0,84.0,82.0,67.0,83.0
76,317.0,22.0,35.0,0.0,0.0,72.0,66.0,80.0,63.0,86.0,71.0,86.0,79.0,61.0,72.0,81.0,71.0,82.0
76,305.0,22.0,15.0,0.0,0.0,72.0,77.0,86.0,73.0,86.0,60.0,76.0,78.0,74.0,75.0,84.0,60.0,80.0
73,315.0,30.0,0.0,0.0,0.0,72.0,59.0,75.0,59.0,85.0,76.0,80.0,79.0,60.0,76.0,80.0,76.0,74.0
77,265.0,27.0,0.0,0.0,0.0,72.0,79.0,83.0,75.0,76.0,72.0,72.0,80.0,66.0,73.0,77.0,72.0,75.0
77,296.0,23.0,21.0,0.0,0.0,72.0,69.0,79.0,81.0,79.0,69.0,84.0,80.0,69.0,74.0,77.0,69.0,85.0
76,283.0,26.0,0.0,0.0,0.0,72.0,76.0,82.0,71.0,82.0,71.0,72.0,66.0,80.0,81.0,78.0,71.0,67.0
77,300.0,23.0,17.0,0.0,0.0,72.0,77.0,88.0,78.0,83.0,63.0,77.0,79.0,67.0,77.0,82.0,63.0,80.0
75,305.0,30.0,0.0,0.0,0.0,72.0,75.0,85.0,65.0,88.0,74.0,74.0,64.0,75.0,68.0,73.0,74.0,62.0
74,309.0,24.0,31.0,0.0,0.0,72.0,67.0,82.0,61.0,91.0,72.0,73.0,78.0,53.0,78.0,78.0,72.0,74.0
76,300.0,24.0,43.0,0.0,0.0,72.0,70.0,85.0,71.0,89.0,63.0,79.0,80.0,67.0,72.0,80.0,63.0,81.0
76,260.0,26.0,29.0,0.0,0.0,72.0,75.0,84.0,71.0,76.0,73.0,68.0,82.0,67.0,78.0,78.0,73.0,83.0
73,270.0,32.0,30.0,0.0,0.0,72.0,74.0,82.0,73.0,71.0,75.0,77.0,62.0,78.0,79.0,83.0,75.0,73.0
74,313.0,28.0,29.0,0.0,0.0,72.0,71.0,83.0,65.0,86.0,75.0,76.0,76.0,66.0,68.0,73.0,75.0,79.0
75,290.0,30.0,1.0,0.0,0.0,71.0,75.0,83.0,64.0,87.0,68.0,83.0,77.0,48.0,79.0,78.0,68.0,79.0
75,290.0,30.0,13.0,0.0,0.0,71.0,75.0,83.0,64.0,87.0,68.0,83.0,77.0,48.0,79.0,78.0,68.0,79.0
76,299.0,30.0,0.0,0.0,0.0,71.0,73.0,84.0,63.0,84.0,75.0,80.0,78.0,56.0,76.0,72.0,75.0,66.0
76,295.0,22.0,9.0,0.0,0.0,71.0,71.0,83.0,77.0,75.0,67.0,83.0,78.0,73.0,73.0,77.0,67.0,82.0
74,260.0,28.0,0.0,0.0,0.0,71.0,76.0,84.0,81.0,74.0,66.0,70.0,73.0,82.0,73.0,76.0,66.0,71.0
74,334.0,27.0,0.0,0.0,0.0,71.0,70.0,83.0,57.0,87.0,63.0,80.0,68.0,83.0,85.0,79.0,63.0,76.0
76,285.0,28.0,28.0,0.0,0.0,71.0,74.0,82.0,64.0,81.0,79.0,81.0,76.0,58.0,68.0,74.0,79.0,79.0
76,268.0,27.0,5.0,0.0,0.0,71.0,79.0,87.0,77.0,72.0,68.0,79.0,81.0,60.0,74.0,78.0,68.0,82.0
79,275.0,24.0,20.0,0.0,0.0,71.0,78.0,87.0,74.0,75.0,66.0,72.0,80.0,69.0,75.0,79.0,66.0,74.0
76,265.0,29.0,0.0,0.0,0.0,71.0,77.0,84.0,72.0,82.0,72.0,69.0,65.0,75.0,81.0,81.0,72.0,65.0
76,265.0,29.0,0.0,0.0,0.0,71.0,77.0,84.0,72.0,82.0,72.0,69.0,65.0,75.0,81.0,81.0,72.0,65.0
76,265.0,29.0,0.0,0.0,0.0,71.0,77.0,84.0,72.0,82.0,72.0,69.0,65.0,75.0,81.0,81.0,72.0,65.0
75,310.0,28.0,4.0,0.0,0.0,71.0,67.0,85.0,58.0,89.0,64.0,82.0,81.0,58.0,78.0,78.0,64.0,72.0
76,300.0,29.0,0.0,0.0,0.0,71.0,67.0,80.0,65.0,86.0,67.0,76.0,78.0,61.0,84.0,70.0,67.0,69.0
75,312.0,23.0,46.0,0.0,0.0,71.0,66.0,79.0,61.0,85.0,68.0,86.0,74.0,61.0,81.0,85.0,68.0,81.0
79,275.0,27.0,12.0,0.0,0.0,71.0,81.0,88.0,71.0,73.0,69.0,72.0,81.0,65.0,72.0,78.0,69.0,68.0
77,320.0,29.0,0.0,0.0,0.0,71.0,61.0,80.0,63.0,81.0,76.0,77.0,78.0,60.0,76.0,74.0,76.0,72.0
75,264.0,22.0,17.0,0.0,0.0,71.0,80.0,85.0,84.0,82.0,56.0,73.0,73.0,81.0,83.0,84.0,56.0,81.0
76,265.0,27.0,5.0,0.0,0.0,71.0,76.0,86.0,80.0,70.0,68.0,76.0,68.0,79.0,75.0,74.0,68.0,87.0
75,335.0,29.0,0.0,0.0,0.0,71.0,67.0,79.0,65.0,88.0,68.0,82.0,78.0,52.0,81.0,76.0,68.0,83.0
77,304.0,22.0,3.0,0.0,0.0,71.0,69.0,79.0,67.0,87.0,62.0,78.0,76.0,68.0,82.0,75.0,62.0,83.0
75,288.0,33.0,0.0,0.0,0.0,71.0,60.0,73.0,63.0,80.0,78.0,75.0,80.0,67.0,68.0,76.0,78.0,66.0
78,280.0,26.0,6.0,0.0,0.0,70.0,80.0,88.0,72.0,76.0,67.0,76.0,77.0,58.0,76.0,82.0,67.0,73.0
74,270.0,32.0,0.0,0.0,0.0,70.0,69.0,84.0,72.0,73.0,73.0,70.0,80.0,68.0,75.0,78.0,73.0,70.0
74,308.0,27.0,4.0,0.0,0.0,70.0,71.0,83.0,64.0,82.0,68.0,84.0,77.0,53.0,76.0,82.0,68.0,64.0
76,280.0,22.0,24.0,0.0,0.0,70.0,76.0,84.0,73.0,78.0,62.0,77.0,67.0,80.0,79.0,82.0,62.0,80.0
74,307.0,22.0,2.0,0.0,0.0,70.0,69.0,82.0,63.0,89.0,56.0,80.0,79.0,67.0,80.0,83.0,56.0,81.0
76,300.0,25.0,4.0,0.0,0.0,70.0,77.0,86.0,71.0,83.0,68.0,73.0,76.0,65.0,72.0,77.0,68.0,78.0
73,320.0,23.0,0.0,0.0,0.0,70.0,68.0,82.0,67.0,88.0,67.0,78.0,75.0,58.0,77.0,75.0,67.0,76.0
74,345.0,27.0,0.0,0.0,0.0,70.0,58.0,75.0,56.0,88.0,72.0,86.0,76.0,43.0,85.0,83.0,72.0,58.0
74,310.0,25.0,13.0,0.0,0.0,70.0,60.0,82.0,53.0,91.0,76.0,81.0,74.0,51.0,68.0,77.0,76.0,69.0
76,249.0,23.0,13.0,0.0,0.0,70.0,82.0,88.0,79.0,76.0,60.0,78.0,67.0,79.0,74.0,80.0,60.0,85.0
80,295.0,30.0,18.0,0.0,0.0,70.0,84.0,86.0,76.0,85.0,64.0,73.0,74.0,60.0,79.0,78.0,64.0,77.0
77,250.0,24.0,5.0,0.0,0.0,70.0,73.0,84.0,78.0,70.0,66.0,76.0,79.0,67.0,81.0,83.0,66.0,70.0
75,305.0,25.0,1.0,0.0,0.0,70.0,70.0,80.0,57.0,89.0,66.0,67.0,67.0,79.0,78.0,74.0,66.0,75.0
77,265.0,22.0,0.0,0.0,0.0,70.0,77.0,83.0,75.0,79.0,59.0,79.0,77.0,75.0,77.0,83.0,59.0,80.0
75,320.0,23.0,2.0,0.0,0.0,70.0,66.0,81.0,70.0,79.0,62.0,78.0,82.0,68.0,80.0,79.0,62.0,82.0
74,334.0,26.0,25.0,0.0,0.0,70.0,71.0,80.0,62.0,84.0,71.0,87.0,77.0,49.0,74.0,81.0,71.0,74.0
75,341.0,27.0,16.0,0.0,0.0,70.0,67.0,75.0,62.0,86.0,79.0,78.0,79.0,56.0,78.0,80.0,79.0,76.0
74,305.0,23.0,20.0,0.0,0.0,70.0,76.0,86.0,65.0,78.0,73.0,75.0,77.0,58.0,77.0,77.0,73.0,72.0
76,314.0,23.0,28.0,0.0,0.0,70.0,62.0,77.0,70.0,81.0,65.0,83.0,80.0,64.0,80.0,83.0,65.0,80.0
72,297.0,25.0,8.0,0.0,0.0,70.0,64.0,77.0,61.0,82.0,76.0,73.0,77.0,59.0,76.0,76.0,76.0,81.0
74,290.0,23.0,26.0,0.0,0.0,69.0,75.0,86.0,76.0,80.0,59.0,82.0,77.0,64.0,83.0,75.0,59.0,80.0
74,305.0,23.0,44.0,0.0,0.0,69.0,75.0,83.0,77.0,88.0,59.0,76.0,79.0,64.0,73.0,74.0,59.0,79.0
74,253.0,23.0,1.0,0.0,0.0,69.0,85.0,86.0,85.0,82.0,47.0,86.0,72.0,79.0,77.0,76.0,47.0,84.0
76,255.0,24.0,8.0,0.0,0.0,69.0,79.0,87.0,75.0,76.0,69.0,65.0,62.0,81.0,75.0,75.0,69.0,74.0
74,293.0,28.0,0.0,0.0,0.0,69.0,64.0,81.0,71.0,80.0,68.0,78.0,78.0,59.0,78.0,77.0,68.0,77.0
79,280.0,23.0,21.0,0.0,0.0,69.0,79.0,85.0,77.0,82.0,60.0,77.0,78.0,66.0,75.0,79.0,60.0,84.0
75,317.0,22.0,13.0,0.0,0.0,69.0,72.0,84.0,73.0,87.0,56.0,82.0,81.0,68.0,82.0,78.0,56.0,84.0
74,271.0,24.0,0.0,0.0,0.0,69.0,85.0,88.0,72.0,80.0,53.0,83.0,81.0,67.0,74.0,85.0,53.0,87.0
73,321.0,22.0,1.0,0.0,0.0,69.0,68.0,82.0,63.0,93.0,58.0,80.0,76.0,61.0,77.0,81.0,58.0,76.0
77,288.0,28.0,18.0,0.0,0.0,69.0,80.0,87.0,65.0,77.0,71.0,77.0,76.0,54.0,72.0,77.0,71.0,75.0
73,294.0,23.0,8.0,0.0,0.0,69.0,70.0,84.0,83.0,80.0,60.0,83.0,78.0,63.0,77.0,77.0,60.0,81.0
76,270.0,25.0,9.0,0.0,0.0,69.0,79.0,86.0,78.0,83.0,58.0,83.0,67.0,76.0,74.0,76.0,58.0,76.0
77,266.0,22.0,1.0,0.0,0.0,69.0,80.0,86.0,81.0,76.0,58.0,76.0,69.0,78.0,77.0,80.0,58.0,83.0
77,271.0,23.0,0.0,0.0,0.0,69.0,75.0,84.0,66.0,85.0,59.0,80.0,79.0,67.0,84.0,74.0,59.0,81.0
76,305.0,22.0,5.0,0.0,0.0,69.0,73.0,83.0,76.0,89.0,61.0,77.0,78.0,68.0,74.0,78.0,61.0,78.0
75,328.0,26.0,0.0,0.0,0.0,69.0,66.0,79.0,61.0,79.0,72.0,79.0,76.0,57.0,77.0,71.0,72.0,75.0
78,285.0,26.0,2.0,0.0,0.0,69.0,77.0,85.0,72.0,81.0,60.0,77.0,67.0,79.0,78.0,82.0,60.0,78.0
79,300.0,26.0,22.0,0.0,0.0,69.0,77.0,80.0,70.0,79.0,66.0,75.0,78.0,62.0,80.0,81.0,66.0,77.0
76,270.0,22.0,56.0,1.0,4.0,69.0,84.0,89.0,81.0,79.0,58.0,79.0,62.0,79.0,73.0,76.0,58.0,83.0
79,352.0,25.0,6.0,0.0,0.0,69.0,62.0,73.0,49.0,88.0,73.0,81.0,78.0,53.0,73.0,72.0,73.0,68.0
75,316.0,23.0,16.0,0.0,0.0,69.0,66.0,79.0,75.0,79.0,62.0,80.0,77.0,70.0,79.0,79.0,62.0,76.0
73,325.0,22.0,29.0,0.0,0.0,68.0,74.0,81.0,68.0,91.0,57.0,77.0,76.0,57.0,78.0,74.0,57.0,81.0
75,302.0,23.0,3.0,0.0,0.0,68.0,68.0,77.0,57.0,88.0,60.0,79.0,76.0,67.0,76.0,75.0,60.0,83.0
76,300.0,28.0,15.0,0.0,0.0,68.0,76.0,84.0,71.0,82.0,65.0,82.0,54.0,75.0,78.0,82.0,65.0,66.0
73,333.0,26.0,3.0,0.0,0.0,68.0,57.0,80.0,52.0,94.0,61.0,81.0,78.0,58.0,74.0,76.0,61.0,82.0
76,280.0,22.0,10.0,0.0,0.0,68.0,76.0,83.0,69.0,88.0,56.0,84.0,76.0,58.0,76.0,77.0,56.0,83.0
74,298.0,25.0,9.0,0.0,0.0,68.0,75.0,85.0,67.0,75.0,69.0,73.0,76.0,59.0,79.0,78.0,69.0,72.0
73,298.0,26.0,0.0,0.0,0.0,68.0,71.0,83.0,64.0,89.0,68.0,83.0,77.0,53.0,78.0,82.0,68.0,78.0
76,300.0,29.0,23.0,0.0,0.0,68.0,73.0,79.0,58.0,91.0,77.0,77.0,75.0,49.0,77.0,75.0,77.0,76.0
76,309.0,27.0,22.0,0.0,0.0,68.0,74.0,87.0,73.0,83.0,68.0,78.0,76.0,52.0,79.0,76.0,68.0,76.0
75,327.0,25.0,13.0,0.0,0.0,68.0,60.0,73.0,54.0,88.0,69.0,82.0,78.0,55.0,70.0,81.0,69.0,73.0
75,263.0,27.0,14.0,0.0,0.0,68.0,82.0,87.0,74.0,69.0,56.0,76.0,78.0,70.0,78.0,73.0,56.0,78.0
74,300.0,28.0,0.0,0.0,0.0,68.0,59.0,78.0,52.0,85.0,68.0,78.0,79.0,50.0,82.0,83.0,68.0,65.0
76,276.0,27.0,5.0,0.0,0.0,68.0,76.0,86.0,72.0,84.0,67.0,73.0,77.0,56.0,78.0,77.0,67.0,81.0
74,310.0,25.0,0.0,0.0,0.0,68.0,74.0,78.0,58.0,92.0,58.0,81.0,79.0,53.0,79.0,69.0,58.0,79.0
78,275.0,27.0,9.0,0.0,0.0,68.0,84.0,89.0,84.0,66.0,61.0,82.0,60.0,79.0,66.0,81.0,61.0,80.0
75,309.0,23.0,20.0,0.0,0.0,68.0,74.0,83.0,76.0,86.0,56.0,76.0,72.0,77.0,71.0,77.0,56.0,78.0
74,310.0,24.0,0.0,0.0,0.0,68.0,67.0,81.0,53.0,78.0,64.0,78.0,77.0,72.0,83.0,77.0,64.0,78.0
76,270.0,24.0,0.0,0.0,0.0,67.0,77.0,86.0,75.0,84.0,55.0,78.0,78.0,63.0,79.0,76.0,55.0,81.0
74,310.0,27.0,7.0,0.0,0.0,67.0,64.0,80.0,58.0,91.0,64.0,78.0,78.0,48.0,76.0,73.0,64.0,78.0
73,266.0,25.0,0.0,0.0,0.0,67.0,82.0,89.0,73.0,85.0,52.0,79.0,80.0,63.0,77.0,76.0,52.0,74.0
73,266.0,25.0,0.0,0.0,0.0,67.0,82.0,89.0,73.0,85.0,52.0,79.0,80.0,63.0,77.0,76.0,52.0,74.0
73,266.0,25.0,8.0,0.0,0.0,67.0,82.0,89.0,73.0,85.0,52.0,79.0,80.0,63.0,77.0,76.0,52.0,74.0
73,320.0,26.0,0.0,0.0,0.0,67.0,64.0,79.0,67.0,93.0,57.0,82.0,73.0,57.0,79.0,78.0,57.0,81.0
76,267.0,25.0,5.0,0.0,0.0,67.0,80.0,88.0,73.0,76.0,57.0,78.0,64.0,77.0,76.0,80.0,57.0,74.0
75,306.0,25.0,5.0,0.0,0.0,67.0,70.0,83.0,69.0,85.0,61.0,74.0,78.0,55.0,77.0,79.0,61.0,72.0
75,270.0,25.0,0.0,0.0,0.0,67.0,85.0,88.0,82.0,79.0,55.0,80.0,76.0,61.0,77.0,69.0,55.0,73.0
74,287.0,24.0,34.0,0.0,1.0,67.0,71.0,82.0,68.0,79.0,65.0,76.0,61.0,78.0,78.0,78.0,65.0,73.0
74,287.0,24.0,0.0,0.0,0.0,67.0,71.0,82.0,68.0,79.0,65.0,76.0,61.0,78.0,78.0,78.0,65.0,73.0
74,287.0,24.0,1.0,0.0,0.0,67.0,71.0,82.0,68.0,79.0,65.0,76.0,61.0,78.0,78.0,78.0,65.0,73.0
74,287.0,24.0,0.0,0.0,0.0,67.0,71.0,82.0,68.0,79.0,65.0,76.0,61.0,78.0,78.0,78.0,65.0,73.0
76,332.0,26.0,0.0,0.0,0.0,67.0,65.0,82.0,58.0,87.0,71.0,76.0,80.0,55.0,80.0,75.0,71.0,75.0
74,309.0,25.0,2.0,0.0,0.0,67.0,69.0,83.0,59.0,83.0,68.0,78.0,79.0,55.0,81.0,81.0,68.0,73.0
78,296.0,23.0,38.0,0.0,0.0,67.0,77.0,85.0,68.0,86.0,56.0,85.0,76.0,63.0,74.0,81.0,56.0,79.0
76,265.0,25.0,0.0,0.0,0.0,67.0,77.0,85.0,81.0,77.0,62.0,72.0,82.0,60.0,74.0,75.0,62.0,74.0
75,335.0,23.0,43.0,0.0,0.0,67.0,61.0,78.0,67.0,87.0,65.0,77.0,77.0,57.0,73.0,79.0,65.0,79.0
76,287.0,24.0,27.0,0.0,0.0,66.0,76.0,76.0,67.0,82.0,64.0,80.0,73.0,67.0,72.0,79.0,64.0,81.0
74,290.0,26.0,39.0,0.0,0.0,66.0,75.0,84.0,69.0,84.0,55.0,82.0,79.0,62.0,79.0,78.0,55.0,75.0
78,282.0,26.0,0.0,0.0,0.0,66.0,65.0,82.0,54.0,85.0,71.0,78.0,77.0,50.0,82.0,79.0,71.0,80.0
73,300.0,23.0,14.0,0.0,0.0,66.0,74.0,87.0,74.0,79.0,56.0,78.0,63.0,77.0,75.0,84.0,56.0,81.0
75,265.0,22.0,4.0,0.0,0.0,66.0,79.0,88.0,81.0,77.0,53.0,78.0,63.0,76.0,77.0,75.0,53.0,76.0
75,263.0,26.0,0.0,0.0,0.0,66.0,88.0,87.0,83.0,82.0,56.0,73.0,78.0,58.0,69.0,74.0,56.0,74.0
73,298.0,25.0,5.0,0.0,0.0,66.0,73.0,82.0,68.0,80.0,58.0,73.0,82.0,66.0,71.0,75.0,58.0,77.0
75,275.0,22.0,0.0,0.0,0.0,66.0,76.0,80.0,77.0,84.0,58.0,81.0,78.0,57.0,76.0,78.0,58.0,77.0
77,327.0,25.0,13.0,0.0,0.0,66.0,70.0,83.0,55.0,88.0,57.0,80.0,79.0,54.0,75.0,73.0,57.0,78.0
75,300.0,23.0,4.0,0.0,0.0,66.0,72.0,82.0,77.0,86.0,55.0,82.0,80.0,61.0,77.0,76.0,55.0,78.0
75,305.0,23.0,25.0,0.0,0.0,66.0,71.0,81.0,66.0,86.0,51.0,82.0,76.0,74.0,82.0,79.0,51.0,78.0
72,302.0,23.0,0.0,0.0,0.0,66.0,55.0,75.0,68.0,93.0,55.0,75.0,76.0,69.0,74.0,75.0,55.0,77.0
75,359.0,28.0,28.0,0.0,0.0,65.0,65.0,78.0,65.0,92.0,66.0,79.0,76.0,57.0,73.0,76.0,66.0,81.0
77,341.0,26.0,0.0,0.0,0.0,65.0,70.0,83.0,58.0,88.0,56.0,82.0,74.0,47.0,81.0,74.0,56.0,72.0
77,275.0,25.0,4.0,0.0,0.0,65.0,83.0,88.0,79.0,77.0,59.0,69.0,77.0,62.0,68.0,76.0,59.0,73.0
77,305.0,25.0,18.0,0.0,0.0,65.0,72.0,81.0,67.0,75.0,62.0,81.0,79.0,56.0,77.0,81.0,62.0,74.0
76,350.0,27.0,2.0,0.0,0.0,65.0,64.0,77.0,63.0,84.0,60.0,79.0,79.0,52.0,77.0,74.0,60.0,81.0
74,307.0,24.0,30.0,0.0,0.0,65.0,72.0,84.0,54.0,80.0,62.0,85.0,74.0,58.0,78.0,84.0,62.0,77.0
76,299.0,22.0,45.0,0.0,0.0,65.0,65.0,80.0,72.0,85.0,57.0,77.0,68.0,77.0,69.0,83.0,57.0,76.0
75,310.0,23.0,5.0,0.0,0.0,65.0,70.0,81.0,61.0,84.0,57.0,74.0,69.0,75.0,73.0,76.0,57.0,77.0
74,294.0,27.0,0.0,0.0,0.0,65.0,73.0,77.0,70.0,84.0,55.0,74.0,75.0,66.0,76.0,74.0,55.0,82.0
77,264.0,26.0,0.0,0.0,0.0,65.0,73.0,89.0,56.0,86.0,61.0,78.0,72.0,54.0,82.0,82.0,61.0,81.0
76,332.0,27.0,2.0,0.0,0.0,65.0,68.0,81.0,49.0,93.0,60.0,77.0,72.0,43.0,80.0,74.0,60.0,73.0
75,315.0,27.0,3.0,0.0,0.0,65.0,71.0,83.0,64.0,86.0,58.0,74.0,60.0,79.0,74.0,72.0,58.0,74.0
78,275.0,27.0,0.0,0.0,0.0,65.0,86.0,90.0,84.0,71.0,55.0,69.0,66.0,77.0,67.0,77.0,55.0,67.0
75,315.0,24.0,0.0,0.0,0.0,65.0,63.0,76.0,65.0,91.0,54.0,79.0,75.0,59.0,79.0,67.0,54.0,83.0
75,300.0,24.0,3.0,0.0,0.0,65.0,69.0,78.0,64.0,85.0,52.0,74.0,76.0,68.0,80.0,75.0,52.0,75.0
77,273.0,27.0,0.0,0.0,0.0,65.0,70.0,82.0,67.0,75.0,68.0,80.0,79.0,50.0,73.0,76.0,68.0,69.0
76,250.0,22.0,18.0,0.0,0.0,65.0,79.0,87.0,78.0,78.0,56.0,74.0,76.0,65.0,69.0,73.0,56.0,75.0
76,291.0,24.0,29.0,0.0,0.0,65.0,74.0,84.0,75.0,79.0,51.0,77.0,68.0,81.0,77.0,80.0,51.0,76.0
78,300.0,24.0,0.0,0.0,0.0,65.0,72.0,82.0,70.0,82.0,64.0,76.0,75.0,62.0,71.0,73.0,64.0,75.0
77,310.0,26.0,32.0,0.0,0.0,65.0,64.0,79.0,61.0,85.0,61.0,79.0,77.0,49.0,77.0,79.0,61.0,68.0
75,258.0,23.0,11.0,0.0,0.0,65.0,82.0,86.0,73.0,82.0,53.0,74.0,77.0,70.0,68.0,75.0,53.0,82.0
72,321.0,22.0,40.0,0.0,0.0,64.0,71.0,82.0,77.0,89.0,50.0,75.0,75.0,61.0,73.0,77.0,50.0,78.0
73,305.0,24.0,0.0,0.0,0.0,64.0,68.0,79.0,68.0,87.0,51.0,76.0,71.0,74.0,75.0,73.0,51.0,73.0
74,282.0,23.0,0.0,0.0,0.0,64.0,76.0,83.0,69.0,82.0,53.0,76.0,68.0,75.0,72.0,72.0,53.0,81.0
76,309.0,26.0,0.0,0.0,0.0,64.0,68.0,79.0,68.0,88.0,59.0,72.0,76.0,48.0,70.0,78.0,63.0,61.0
76,281.0,27.0,0.0,0.0,0.0,64.0,80.0,85.0,73.0,83.0,60.0,75.0,77.0,49.0,80.0,66.0,60.0,73.0
76,281.0,27.0,0.0,0.0,0.0,64.0,80.0,85.0,73.0,83.0,60.0,75.0,77.0,49.0,80.0,66.0,60.0,73.0
76,281.0,27.0,1.0,0.0,0.0,64.0,80.0,85.0,73.0,83.0,60.0,75.0,77.0,49.0,80.0,66.0,60.0,73.0
76,281.0,27.0,0.0,0.0,0.0,64.0,80.0,85.0,73.0,83.0,60.0,75.0,77.0,49.0,80.0,66.0,60.0,73.0
75,301.0,22.0,0.0,0.0,0.0,64.0,68.0,82.0,64.0,80.0,58.0,76.0,62.0,76.0,79.0,81.0,58.0,83.0
74,315.0,24.0,1.0,0.0,0.0,64.0,69.0,78.0,62.0,85.0,59.0,73.0,83.0,55.0,66.0,72.0,59.0,74.0
76,299.0,23.0,0.0,0.0,0.0,64.0,66.0,79.0,61.0,84.0,56.0,79.0,78.0,62.0,72.0,73.0,56.0,73.0
78,316.0,23.0,0.0,0.0,0.0,64.0,58.0,75.0,67.0,83.0,51.0,76.0,75.0,74.0,79.0,78.0,51.0,79.0
76,270.0,23.0,5.0,0.0,0.0,64.0,78.0,88.0,71.0,83.0,50.0,77.0,66.0,75.0,76.0,71.0,50.0,78.0
76,292.0,27.0,5.0,0.0,0.0,64.0,86.0,87.0,75.0,88.0,50.0,74.0,76.0,59.0,74.0,74.0,50.0,81.0
75,270.0,23.0,0.0,0.0,0.0,64.0,76.0,83.0,72.0,81.0,51.0,80.0,66.0,77.0,74.0,83.0,51.0,86.0
78,280.0,26.0,3.0,0.0,0.0,64.0,78.0,88.0,75.0,78.0,49.0,74.0,69.0,77.0,77.0,79.0,49.0,79.0
76,265.0,23.0,0.0,0.0,0.0,64.0,76.0,84.0,83.0,75.0,50.0,76.0,77.0,70.0,74.0,81.0,50.0,82.0
75,289.0,21.0,0.0,0.0,0.0,64.0,73.0,82.0,73.0,87.0,48.0,76.0,76.0,65.0,76.0,78.0,48.0,80.0
77,260.0,23.0,0.0,0.0,0.0,64.0,73.0,86.0,80.0,85.0,48.0,80.0,77.0,65.0,77.0,72.0,48.0,78.0
77,265.0,23.0,12.0,0.0,0.0,64.0,82.0,86.0,77.0,78.0,50.0,76.0,66.0,78.0,68.0,79.0,50.0,79.0
76,250.0,23.0,0.0,0.0,0.0,63.0,78.0,87.0,78.0,72.0,53.0,66.0,80.0,61.0,77.0,84.0,53.0,74.0
75,259.0,24.0,0.0,0.0,0.0,63.0,79.0,87.0,77.0,82.0,47.0,77.0,73.0,68.0,76.0,75.0,47.0,76.0
75,333.0,25.0,0.0,0.0,0.0,63.0,58.0,74.0,58.0,88.0,46.0,78.0,81.0,69.0,78.0,68.0,46.0,82.0
72,298.0,22.0,0.0,0.0,0.0,63.0,81.0,85.0,74.0,84.0,47.0,78.0,60.0,74.0,80.0,82.0,47.0,76.0
75,325.0,26.0,0.0,0.0,0.0,63.0,62.0,77.0,47.0,94.0,58.0,75.0,75.0,48.0,75.0,66.0,58.0,69.0
75,325.0,26.0,21.0,0.0,0.0,63.0,62.0,77.0,47.0,94.0,58.0,75.0,75.0,48.0,75.0,66.0,58.0,69.0
78,287.0,24.0,1.0,0.0,0.0,63.0,76.0,85.0,82.0,84.0,43.0,83.0,77.0,66.0,78.0,78.0,43.0,79.0
75,280.0,23.0,5.0,0.0,0.0,63.0,79.0,86.0,69.0,83.0,52.0,77.0,62.0,76.0,71.0,73.0,52.0,82.0
76,265.0,25.0,3.0,0.0,0.0,63.0,79.0,88.0,75.0,73.0,49.0,79.0,76.0,65.0,73.0,81.0,49.0,78.0
73,290.0,22.0,4.0,0.0,0.0,63.0,67.0,80.0,64.0,81.0,56.0,74.0,69.0,76.0,72.0,75.0,56.0,83.0
75,280.0,24.0,0.0,0.0,0.0,63.0,75.0,81.0,78.0,85.0,51.0,79.0,60.0,76.0,80.0,77.0,51.0,82.0
75,255.0,25.0,0.0,0.0,0.0,63.0,81.0,86.0,79.0,75.0,53.0,73.0,77.0,55.0,79.0,75.0,53.0,74.0
76,318.0,24.0,23.0,0.0,0.0,63.0,73.0,83.0,66.0,76.0,57.0,82.0,78.0,54.0,75.0,78.0,57.0,77.0
75,240.0,23.0,0.0,0.0,0.0,63.0,76.0,85.0,82.0,68.0,51.0,73.0,73.0,67.0,75.0,72.0,51.0,70.0
74,275.0,22.0,0.0,0.0,0.0,62.0,78.0,84.0,71.0,82.0,52.0,73.0,76.0,62.0,74.0,76.0,52.0,78.0
75,287.0,27.0,5.0,0.0,0.0,62.0,73.0,80.0,53.0,88.0,63.0,76.0,74.0,51.0,79.0,79.0,63.0,73.0
75,300.0,23.0,0.0,0.0,0.0,62.0,73.0,82.0,73.0,79.0,54.0,75.0,63.0,75.0,73.0,74.0,54.0,77.0
76,256.0,22.0,0.0,0.0,0.0,62.0,78.0,81.0,74.0,77.0,49.0,77.0,69.0,76.0,75.0,71.0,49.0,80.0
74,295.0,24.0,32.0,0.0,0.0,62.0,64.0,80.0,62.0,78.0,56.0,81.0,76.0,65.0,76.0,83.0,56.0,69.0
74,295.0,24.0,0.0,0.0,0.0,62.0,64.0,80.0,62.0,78.0,56.0,81.0,76.0,65.0,76.0,83.0,56.0,69.0
74,295.0,24.0,3.0,0.0,0.0,62.0,64.0,80.0,62.0,78.0,56.0,81.0,76.0,65.0,76.0,83.0,56.0,69.0
75,286.0,24.0,0.0,0.0,0.0,62.0,73.0,83.0,73.0,83.0,57.0,74.0,56.0,73.0,75.0,75.0,57.0,84.0
75,319.0,25.0,3.0,0.0,0.0,62.0,67.0,78.0,71.0,92.0,51.0,76.0,70.0,46.0,79.0,78.0,51.0,74.0
76,282.0,24.0,0.0,0.0,0.0,62.0,75.0,82.0,69.0,80.0,52.0,77.0,59.0,75.0,78.0,82.0,52.0,79.0
77,246.0,26.0,1.0,0.0,0.0,62.0,82.0,87.0,80.0,74.0,58.0,69.0,57.0,79.0,62.0,76.0,58.0,74.0
76,275.0,23.0,0.0,0.0,0.0,62.0,78.0,87.0,80.0,78.0,42.0,77.0,74.0,76.0,70.0,75.0,42.0,75.0
77,250.0,22.0,0.0,0.0,0.0,62.0,79.0,82.0,75.0,77.0,49.0,75.0,77.0,65.0,73.0,75.0,49.0,81.0
73,295.0,27.0,0.0,0.0,0.0,61.0,61.0,77.0,59.0,87.0,67.0,75.0,76.0,54.0,72.0,69.0,67.0,69.0
73,295.0,27.0,10.0,0.0,0.0,61.0,61.0,77.0,59.0,87.0,67.0,75.0,76.0,54.0,72.0,69.0,67.0,69.0
73,295.0,27.0,0.0,0.0,0.0,61.0,61.0,77.0,59.0,87.0,67.0,75.0,76.0,54.0,72.0,69.0,67.0,69.0
73,295.0,27.0,0.0,0.0,0.0,61.0,61.0,77.0,59.0,87.0,67.0,75.0,76.0,54.0,72.0,69.0,67.0,69.0
73,295.0,27.0,14.0,0.0,0.0,61.0,61.0,77.0,59.0,87.0,67.0,75.0,76.0,54.0,72.0,69.0,67.0,69.0
73,295.0,27.0,88.0,3.0,6.0,61.0,61.0,77.0,59.0,87.0,67.0,75.0,76.0,54.0,72.0,69.0,67.0,69.0
76,315.0,27.0,0.0,0.0,0.0,61.0,68.0,75.0,63.0,85.0,59.0,84.0,79.0,47.0,78.0,71.0,59.0,75.0
73,295.0,24.0,0.0,0.0,0.0,61.0,70.0,83.0,63.0,86.0,48.0,78.0,60.0,71.0,78.0,74.0,48.0,76.0
75,270.0,24.0,0.0,0.0,0.0,61.0,72.0,81.0,69.0,79.0,49.0,82.0,76.0,61.0,81.0,75.0,49.0,78.0
76,347.0,23.0,37.0,0.0,0.0,61.0,68.0,83.0,59.0,90.0,55.0,76.0,76.0,63.0,71.0,76.0,55.0,75.0
75,266.0,23.0,0.0,0.0,0.0,61.0,76.0,84.0,81.0,77.0,48.0,76.0,76.0,62.0,75.0,79.0,48.0,81.0
75,261.0,24.0,0.0,0.0,0.0,61.0,76.0,83.0,79.0,80.0,51.0,71.0,64.0,77.0,67.0,74.0,51.0,83.0
76,268.0,24.0,0.0,0.0,0.0,61.0,77.0,85.0,78.0,78.0,52.0,74.0,76.0,54.0,75.0,77.0,52.0,75.0
78,286.0,24.0,0.0,0.0,0.0,61.0,78.0,85.0,73.0,72.0,50.0,73.0,70.0,68.0,74.0,76.0,50.0,75.0
73,310.0,25.0,0.0,0.0,0.0,61.0,65.0,75.0,63.0,86.0,56.0,77.0,63.0,76.0,78.0,73.0,56.0,72.0
77,283.0,23.0,0.0,0.0,0.0,61.0,71.0,72.0,70.0,81.0,48.0,83.0,73.0,65.0,75.0,75.0,48.0,78.0
77,295.0,23.0,0.0,0.0,0.0,61.0,72.0,84.0,74.0,79.0,48.0,77.0,76.0,63.0,78.0,69.0,48.0,75.0
77,305.0,25.0,0.0,0.0,0.0,61.0,64.0,80.0,59.0,85.0,68.0,77.0,74.0,46.0,73.0,75.0,68.0,75.0
78,295.0,24.0,0.0,0.0,0.0,61.0,76.0,83.0,74.0,81.0,50.0,80.0,71.0,64.0,75.0,71.0,50.0,82.0
73,302.0,24.0,0.0,0.0,0.0,60.0,68.0,84.0,73.0,89.0,45.0,79.0,72.0,60.0,70.0,72.0,45.0,78.0
75,310.0,25.0,0.0,0.0,0.0,60.0,75.0,85.0,70.0,82.0,47.0,76.0,66.0,78.0,67.0,68.0,47.0,80.0
76,279.0,24.0,0.0,0.0,0.0,60.0,80.0,84.0,72.0,79.0,48.0,73.0,67.0,73.0,70.0,73.0,48.0,76.0
75,296.0,24.0,0.0,0.0,0.0,60.0,71.0,83.0,74.0,76.0,43.0,78.0,78.0,64.0,77.0,86.0,43.0,80.0
74,309.0,25.0,0.0,0.0,0.0,60.0,62.0,78.0,64.0,83.0,54.0,73.0,75.0,52.0,77.0,70.0,54.0,75.0
78,239.0,23.0,0.0,0.0,0.0,60.0,79.0,87.0,85.0,71.0,45.0,68.0,64.0,80.0,69.0,83.0,45.0,78.0
75,275.0,25.0,0.0,0.0,0.0,60.0,76.0,85.0,72.0,72.0,53.0,75.0,77.0,48.0,79.0,74.0,53.0,81.0
76,282.0,24.0,0.0,0.0,0.0,60.0,73.0,79.0,71.0,74.0,54.0,70.0,76.0,59.0,74.0,73.0,54.0,70.0
75,242.0,24.0,0.0,0.0,0.0,60.0,84.0,87.0,82.0,75.0,46.0,74.0,58.0,75.0,68.0,76.0,46.0,81.0
77,305.0,22.0,0.0,0.0,0.0,60.0,65.0,78.0,64.0,82.0,52.0,79.0,78.0,67.0,73.0,77.0,52.0,78.0
75,323.0,24.0,0.0,0.0,0.0,60.0,56.0,79.0,59.0,84.0,54.0,81.0,55.0,73.0,76.0,76.0,54.0,78.0
75,312.0,25.0,0.0,0.0,0.0,60.0,63.0,76.0,71.0,73.0,56.0,81.0,71.0,60.0,79.0,78.0,56.0,78.0
78,284.0,25.0,0.0,0.0,0.0,60.0,70.0,83.0,70.0,81.0,50.0,76.0,70.0,72.0,70.0,72.0,50.0,72.0
78,276.0,23.0,0.0,0.0,0.0,59.0,77.0,81.0,73.0,79.0,41.0,77.0,76.0,66.0,76.0,76.0,41.0,74.0
77,293.0,24.0,0.0,0.0,0.0,59.0,66.0,80.0,65.0,75.0,57.0,79.0,75.0,43.0,78.0,62.0,57.0,81.0
73,300.0,25.0,0.0,0.0,0.0,58.0,74.0,84.0,67.0,75.0,58.0,71.0,75.0,41.0,69.0,79.0,58.0,59.0
76,304.0,26.0,0.0,0.0,0.0,58.0,70.0,73.0,61.0,86.0,54.0,83.0,71.0,48.0,84.0,73.0,54.0,75.0
78,290.0,27.0,0.0,0.0,0.0,57.0,67.0,83.0,74.0,77.0,57.0,73.0,71.0,47.0,72.0,72.0,57.0,78.0
75,318.0,23.0,4.0,0.0,0.0,57.0,67.0,76.0,69.0,75.0,43.0,79.0,76.0,67.0,79.0,78.0,43.0,77.0
75,318.0,23.0,0.0,0.0,0.0,57.0,67.0,76.0,69.0,75.0,43.0,79.0,76.0,67.0,79.0,78.0,43.0,77.0
78,304.0,25.0,0.0,0.0,0.0,56.0,77.0,85.0,72.0,85.0,51.0,71.0,73.0,51.0,61.0,70.0,51.0,77.0
77,330.0,26.0,0.0,0.0,0.0,55.0,65.0,80.0,54.0,79.0,52.0,72.0,73.0,52.0,82.0,77.0,52.0,82.0
0,0.0,0.0,123.0,8.0,10.0,99.0,83.0,90.0,82.0,97.0,99.0,93.0,98.0,92.0,88.0,89.0,99.0,76.0
0,0.0,0.0,110.0,5.0,5.0,98.0,78.0,83.0,77.0,97.0,97.0,93.0,91.0,86.0,93.0,93.0,97.0,87.0
0,0.0,0.0,102.0,3.0,9.0,98.0,87.0,89.0,88.0,89.0,95.0,92.0,93.0,88.0,92.0,93.0,95.0,86.0
0,0.0,0.0,0.0,0.0,0.0,95.0,62.0,76.0,64.0,93.0,95.0,94.0,82.0,70.0,96.0,92.0,95.0,77.0
0,0.0,0.0,106.0,1.0,8.0,95.0,78.0,85.0,79.0,91.0,97.0,89.0,94.0,74.0,92.0,89.0,97.0,83.0
0,0.0,0.0,100.0,3.0,5.0,94.0,72.0,83.0,82.0,98.0,87.0,91.0,87.0,69.0,92.0,88.0,87.0,90.0
0,0.0,0.0,95.0,1.0,6.0,93.0,80.0,87.0,76.0,92.0,92.0,92.0,93.0,74.0,85.0,86.0,92.0,80.0
0,0.0,0.0,59.0,0.0,1.0,93.0,79.0,86.0,82.0,86.0,90.0,90.0,93.0,83.0,87.0,92.0,90.0,88.0
0,0.0,0.0,112.0,1.0,6.0,92.0,73.0,83.0,80.0,87.0,92.0,91.0,79.0,91.0,92.0,88.0,92.0,84.0
0,0.0,0.0,67.0,0.0,4.0,92.0,83.0,87.0,80.0,85.0,94.0,86.0,93.0,81.0,83.0,87.0,94.0,80.0
0,0.0,0.0,89.0,2.0,8.0,91.0,78.0,84.0,71.0,90.0,97.0,83.0,93.0,72.0,87.0,87.0,97.0,68.0
0,0.0,0.0,68.0,0.0,4.0,91.0,80.0,88.0,82.0,86.0,90.0,85.0,93.0,87.0,87.0,88.0,90.0,83.0
0,0.0,0.0,41.0,0.0,1.0,91.0,76.0,82.0,74.0,94.0,95.0,88.0,75.0,84.0,89.0,85.0,95.0,72.0
0,0.0,0.0,57.0,0.0,5.0,90.0,80.0,87.0,85.0,87.0,93.0,78.0,89.0,95.0,76.0,82.0,93.0,81.0
0,0.0,0.0,0.0,0.0,0.0,90.0,81.0,87.0,85.0,83.0,92.0,81.0,81.0,93.0,83.0,85.0,92.0,82.0
0,0.0,0.0,70.0,0.0,2.0,90.0,68.0,80.0,63.0,97.0,92.0,89.0,84.0,58.0,89.0,84.0,92.0,60.0
0,0.0,0.0,69.0,1.0,6.0,90.0,69.0,84.0,75.0,92.0,89.0,89.0,91.0,76.0,86.0,86.0,89.0,85.0
0,0.0,0.0,0.0,0.0,0.0,89.0,79.0,87.0,84.0,85.0,92.0,79.0,92.0,73.0,69.0,86.0,92.0,87.0
0,0.0,0.0,0.0,0.0,0.0,89.0,59.0,79.0,62.0,96.0,97.0,88.0,77.0,56.0,92.0,85.0,97.0,77.0
0,0.0,0.0,0.0,0.0,0.0,89.0,59.0,79.0,62.0,96.0,97.0,88.0,77.0,56.0,92.0,85.0,97.0,77.0
0,0.0,0.0,0.0,0.0,0.0,89.0,59.0,79.0,62.0,96.0,97.0,88.0,77.0,56.0,92.0,85.0,97.0,77.0
0,0.0,0.0,52.0,0.0,1.0,89.0,59.0,79.0,62.0,96.0,97.0,88.0,77.0,56.0,92.0,85.0,97.0,77.0
0,0.0,0.0,4.0,0.0,0.0,89.0,59.0,79.0,62.0,96.0,97.0,88.0,77.0,56.0,92.0,85.0,97.0,77.0
0,0.0,0.0,47.0,0.0,0.0,89.0,81.0,87.0,74.0,80.0,91.0,86.0,75.0,91.0,89.0,92.0,91.0,78.0
0,0.0,0.0,72.0,0.0,5.0,89.0,71.0,80.0,70.0,92.0,93.0,89.0,89.0,74.0,85.0,84.0,93.0,86.0
0,0.0,0.0,41.0,0.0,2.0,89.0,70.0,85.0,69.0,87.0,92.0,86.0,87.0,74.0,92.0,87.0,92.0,72.0
0,0.0,0.0,77.0,2.0,4.0,89.0,79.0,86.0,81.0,81.0,95.0,84.0,91.0,76.0,77.0,85.0,95.0,73.0
0,0.0,0.0,108.0,4.0,7.0,88.0,72.0,79.0,72.0,90.0,95.0,87.0,89.0,69.0,84.0,83.0,95.0,87.0
0,0.0,0.0,90.0,4.0,6.0,88.0,84.0,90.0,83.0,96.0,82.0,76.0,87.0,74.0,86.0,87.0,82.0,81.0
0,0.0,0.0,34.0,0.0,1.0,88.0,74.0,85.0,76.0,91.0,88.0,90.0,85.0,78.0,84.0,88.0,88.0,77.0
0,0.0,0.0,0.0,0.0,0.0,88.0,74.0,85.0,76.0,91.0,88.0,90.0,85.0,78.0,84.0,88.0,88.0,77.0
0,0.0,0.0,1.0,0.0,0.0,88.0,74.0,85.0,76.0,91.0,88.0,90.0,85.0,78.0,84.0,88.0,88.0,77.0
0,0.0,0.0,0.0,0.0,0.0,88.0,74.0,85.0,76.0,91.0,88.0,90.0,85.0,78.0,84.0,88.0,88.0,77.0
0,0.0,0.0,0.0,0.0,0.0,88.0,70.0,83.0,60.0,95.0,87.0,84.0,84.0,68.0,89.0,85.0,87.0,82.0
0,0.0,0.0,60.0,0.0,3.0,88.0,70.0,83.0,60.0,95.0,87.0,84.0,84.0,68.0,89.0,85.0,87.0,82.0
0,0.0,0.0,58.0,0.0,0.0,88.0,64.0,82.0,74.0,89.0,92.0,88.0,75.0,55.0,90.0,86.0,92.0,83.0
0,0.0,0.0,32.0,0.0,0.0,87.0,81.0,84.0,74.0,85.0,85.0,90.0,83.0,60.0,90.0,86.0,85.0,78.0
0,0.0,0.0,0.0,0.0,0.0,87.0,72.0,86.0,68.0,94.0,85.0,84.0,79.0,63.0,87.0,83.0,85.0,76.0
0,0.0,0.0,0.0,0.0,0.0,87.0,71.0,85.0,74.0,89.0,90.0,85.0,88.0,72.0,83.0,85.0,90.0,79.0
0,0.0,0.0,10.0,0.0,0.0,87.0,71.0,85.0,74.0,89.0,90.0,85.0,88.0,72.0,83.0,85.0,90.0,79.0
0,0.0,0.0,0.0,0.0,0.0,87.0,71.0,85.0,74.0,89.0,90.0,85.0,88.0,72.0,83.0,85.0,90.0,79.0
0,0.0,0.0,0.0,0.0,0.0,87.0,71.0,85.0,74.0,89.0,90.0,85.0,88.0,72.0,83.0,85.0,90.0,79.0
0,0.0,0.0,14.0,0.0,0.0,87.0,71.0,85.0,74.0,89.0,90.0,85.0,88.0,72.0,83.0,85.0,90.0,79.0
0,0.0,0.0,88.0,3.0,6.0,87.0,71.0,85.0,74.0,89.0,90.0,85.0,88.0,72.0,83.0,85.0,90.0,79.0
0,0.0,0.0,34.0,0.0,0.0,86.0,77.0,88.0,69.0,87.0,88.0,83.0,88.0,66.0,84.0,84.0,88.0,76.0
0,0.0,0.0,38.0,0.0,0.0,86.0,75.0,80.0,68.0,91.0,89.0,84.0,87.0,70.0,80.0,84.0,89.0,82.0
0,0.0,0.0,50.0,0.0,1.0,86.0,82.0,88.0,84.0,80.0,86.0,81.0,78.0,89.0,67.0,77.0,86.0,81.0
0,0.0,0.0,54.0,0.0,1.0,86.0,64.0,81.0,68.0,87.0,94.0,84.0,83.0,69.0,89.0,85.0,94.0,80.0
0,0.0,0.0,56.0,0.0,2.0,86.0,70.0,85.0,66.0,89.0,88.0,83.0,84.0,67.0,88.0,85.0,88.0,85.0
0,0.0,0.0,73.0,1.0,3.0,86.0,71.0,81.0,83.0,86.0,88.0,86.0,79.0,90.0,83.0,84.0,88.0,87.0
0,0.0,0.0,33.0,0.0,0.0,85.0,51.0,74.0,62.0,95.0,86.0,87.0,75.0,51.0,86.0,83.0,86.0,81.0
0,0.0,0.0,45.0,0.0,1.0,85.0,75.0,83.0,66.0,83.0,91.0,87.0,87.0,75.0,82.0,85.0,91.0,76.0
0,0.0,0.0,26.0,0.0,0.0,84.0,77.0,86.0,74.0,84.0,88.0,79.0,88.0,71.0,68.0,78.0,88.0,81.0
0,0.0,0.0,0.0,0.0,0.0,84.0,73.0,83.0,73.0,87.0,86.0,86.0,84.0,69.0,83.0,84.0,86.0,81.0
0,0.0,0.0,66.0,0.0,2.0,84.0,73.0,83.0,73.0,87.0,86.0,86.0,84.0,69.0,83.0,84.0,86.0,81.0
0,0.0,0.0,67.0,0.0,2.0,84.0,82.0,86.0,82.0,79.0,89.0,82.0,62.0,84.0,81.0,85.0,89.0,72.0
0,0.0,0.0,56.0,1.0,2.0,84.0,73.0,84.0,71.0,94.0,80.0,89.0,79.0,59.0,79.0,82.0,80.0,87.0
0,0.0,0.0,71.0,0.0,5.0,84.0,87.0,90.0,85.0,79.0,82.0,77.0,75.0,83.0,84.0,86.0,82.0,74.0
0,0.0,0.0,74.0,1.0,3.0,84.0,79.0,85.0,83.0,85.0,82.0,91.0,61.0,81.0,76.0,81.0,82.0,88.0
0,0.0,0.0,68.0,0.0,0.0,83.0,82.0,87.0,81.0,76.0,85.0,80.0,71.0,83.0,89.0,88.0,85.0,66.0
0,0.0,0.0,0.0,0.0,0.0,83.0,62.0,79.0,64.0,86.0,86.0,89.0,77.0,60.0,86.0,80.0,86.0,72.0
0,0.0,0.0,34.0,0.0,0.0,83.0,70.0,81.0,55.0,93.0,82.0,84.0,78.0,53.0,87.0,80.0,82.0,52.0
0,0.0,0.0,48.0,0.0,0.0,83.0,74.0,84.0,69.0,89.0,85.0,87.0,75.0,55.0,83.0,85.0,85.0,72.0
0,0.0,0.0,42.0,0.0,0.0,83.0,72.0,81.0,73.0,90.0,83.0,88.0,84.0,65.0,75.0,82.0,83.0,82.0
0,0.0,0.0,0.0,0.0,0.0,83.0,71.0,83.0,72.0,86.0,87.0,83.0,82.0,65.0,84.0,84.0,87.0,72.0
0,0.0,0.0,39.0,0.0,1.0,83.0,84.0,89.0,81.0,84.0,78.0,82.0,82.0,73.0,78.0,83.0,78.0,88.0
0,0.0,0.0,58.0,0.0,1.0,83.0,72.0,82.0,76.0,94.0,82.0,89.0,79.0,59.0,80.0,83.0,82.0,77.0
0,0.0,0.0,55.0,0.0,2.0,83.0,74.0,84.0,75.0,95.0,78.0,85.0,83.0,62.0,79.0,78.0,78.0,87.0
0,0.0,0.0,61.0,0.0,1.0,83.0,71.0,84.0,75.0,88.0,80.0,93.0,83.0,70.0,79.0,83.0,80.0,86.0
0,0.0,0.0,22.0,0.0,0.0,83.0,81.0,88.0,82.0,81.0,83.0,77.0,74.0,85.0,84.0,84.0,83.0,81.0
0,0.0,0.0,43.0,0.0,0.0,82.0,71.0,82.0,62.0,85.0,85.0,83.0,78.0,62.0,88.0,81.0,85.0,75.0
0,0.0,0.0,79.0,0.0,6.0,82.0,62.0,79.0,63.0,90.0,88.0,87.0,80.0,63.0,80.0,79.0,88.0,65.0
0,0.0,0.0,6.0,0.0,0.0,82.0,62.0,79.0,63.0,90.0,88.0,87.0,80.0,63.0,80.0,79.0,88.0,65.0
0,0.0,0.0,0.0,0.0,0.0,82.0,62.0,79.0,63.0,90.0,88.0,87.0,80.0,63.0,80.0,79.0,88.0,65.0
0,0.0,0.0,20.0,0.0,0.0,82.0,83.0,89.0,79.0,88.0,75.0,81.0,77.0,86.0,67.0,78.0,75.0,76.0
0,0.0,0.0,0.0,0.0,0.0,82.0,78.0,85.0,85.0,88.0,82.0,78.0,81.0,87.0,70.0,82.0,82.0,82.0
0,0.0,0.0,46.0,0.0,0.0,82.0,66.0,79.0,61.0,88.0,85.0,86.0,79.0,66.0,87.0,84.0,85.0,81.0
0,0.0,0.0,130.0,3.0,9.0,82.0,76.0,84.0,83.0,82.0,83.0,81.0,72.0,83.0,78.0,83.0,83.0,87.0
0,0.0,0.0,0.0,0.0,0.0,82.0,88.0,89.0,87.0,84.0,78.0,78.0,69.0,78.0,77.0,84.0,78.0,85.0
0,0.0,0.0,16.0,0.0,0.0,82.0,86.0,90.0,86.0,81.0,76.0,77.0,71.0,83.0,74.0,83.0,76.0,78.0
0,0.0,0.0,37.0,0.0,0.0,82.0,82.0,88.0,78.0,76.0,81.0,85.0,83.0,68.0,82.0,85.0,81.0,84.0
0,0.0,0.0,69.0,1.0,3.0,81.0,82.0,86.0,84.0,87.0,78.0,80.0,79.0,64.0,68.0,80.0,78.0,88.0
0,0.0,0.0,33.0,0.0,0.0,81.0,77.0,88.0,77.0,83.0,78.0,79.0,85.0,74.0,78.0,82.0,78.0,83.0
0,0.0,0.0,43.0,0.0,0.0,81.0,61.0,78.0,67.0,87.0,88.0,80.0,84.0,68.0,83.0,83.0,88.0,79.0
0,0.0,0.0,0.0,0.0,0.0,81.0,85.0,88.0,84.0,73.0,76.0,82.0,69.0,81.0,68.0,81.0,76.0,86.0
0,0.0,0.0,57.0,0.0,0.0,81.0,61.0,79.0,66.0,88.0,87.0,87.0,78.0,63.0,82.0,84.0,87.0,78.0
0,0.0,0.0,42.0,0.0,0.0,81.0,87.0,89.0,83.0,70.0,79.0,85.0,81.0,62.0,80.0,87.0,79.0,85.0
0,0.0,0.0,48.0,0.0,0.0,81.0,76.0,88.0,72.0,86.0,82.0,76.0,86.0,72.0,74.0,81.0,82.0,70.0
0,0.0,0.0,9.0,0.0,0.0,81.0,79.0,86.0,78.0,83.0,79.0,83.0,72.0,81.0,83.0,83.0,79.0,76.0
0,0.0,0.0,31.0,0.0,0.0,81.0,67.0,82.0,63.0,91.0,85.0,79.0,77.0,61.0,84.0,80.0,85.0,74.0
0,0.0,0.0,29.0,0.0,0.0,81.0,74.0,84.0,71.0,79.0,84.0,81.0,87.0,72.0,79.0,83.0,84.0,83.0
0,0.0,0.0,49.0,0.0,3.0,81.0,84.0,90.0,76.0,88.0,83.0,65.0,85.0,77.0,68.0,82.0,83.0,82.0
0,0.0,0.0,49.0,0.0,0.0,81.0,70.0,83.0,65.0,88.0,84.0,85.0,80.0,58.0,81.0,80.0,84.0,71.0
0,0.0,0.0,21.0,0.0,0.0,80.0,73.0,82.0,68.0,86.0,85.0,83.0,81.0,62.0,80.0,79.0,85.0,76.0
0,0.0,0.0,53.0,0.0,2.0,80.0,75.0,85.0,77.0,88.0,82.0,79.0,71.0,82.0,75.0,80.0,82.0,80.0
0,0.0,0.0,35.0,0.0,2.0,80.0,83.0,86.0,77.0,91.0,64.0,82.0,77.0,85.0,87.0,87.0,64.0,87.0
0,0.0,0.0,0.0,0.0,0.0,80.0,78.0,81.0,71.0,88.0,80.0,82.0,75.0,65.0,79.0,82.0,80.0,88.0
0,0.0,0.0,25.0,0.0,0.0,80.0,71.0,80.0,62.0,84.0,80.0,87.0,75.0,54.0,84.0,82.0,80.0,74.0
0,0.0,0.0,26.0,0.0,0.0,80.0,76.0,83.0,73.0,87.0,80.0,79.0,82.0,70.0,77.0,80.0,80.0,85.0
0,0.0,0.0,34.0,0.0,0.0,80.0,78.0,84.0,71.0,81.0,82.0,84.0,82.0,73.0,81.0,82.0,82.0,79.0
0,0.0,0.0,100.0,2.0,5.0,80.0,62.0,78.0,66.0,94.0,84.0,83.0,81.0,57.0,72.0,78.0,84.0,85.0
0,0.0,0.0,25.0,0.0,0.0,80.0,71.0,81.0,66.0,90.0,79.0,83.0,85.0,81.0,67.0,78.0,79.0,78.0
0,0.0,0.0,0.0,0.0,0.0,80.0,80.0,86.0,74.0,76.0,86.0,78.0,70.0,84.0,70.0,79.0,85.0,72.0
0,0.0,0.0,33.0,0.0,0.0,80.0,71.0,83.0,78.0,86.0,83.0,82.0,84.0,70.0,73.0,78.0,83.0,80.0
0,0.0,0.0,0.0,0.0,0.0,80.0,73.0,84.0,63.0,84.0,86.0,80.0,75.0,56.0,85.0,82.0,86.0,66.0
0,0.0,0.0,4.0,0.0,0.0,79.0,72.0,82.0,77.0,86.0,80.0,82.0,82.0,64.0,78.0,78.0,80.0,78.0
0,0.0,0.0,14.0,0.0,0.0,79.0,81.0,88.0,80.0,75.0,80.0,80.0,63.0,80.0,77.0,81.0,80.0,70.0
0,0.0,0.0,54.0,0.0,0.0,79.0,81.0,88.0,80.0,75.0,80.0,80.0,63.0,80.0,77.0,81.0,80.0,70.0
0,0.0,0.0,28.0,0.0,0.0,79.0,68.0,78.0,63.0,89.0,80.0,87.0,74.0,55.0,78.0,80.0,80.0,78.0
0,0.0,0.0,0.0,0.0,0.0,79.0,57.0,72.0,57.0,90.0,92.0,76.0,75.0,57.0,82.0,78.0,92.0,72.0
0,0.0,0.0,7.0,0.0,0.0,79.0,80.0,87.0,81.0,90.0,73.0,81.0,77.0,63.0,78.0,82.0,73.0,79.0
0,0.0,0.0,12.0,0.0,0.0,79.0,75.0,86.0,86.0,81.0,80.0,76.0,82.0,70.0,67.0,82.0,80.0,85.0
0,0.0,0.0,50.0,0.0,2.0,79.0,72.0,83.0,72.0,85.0,80.0,81.0,83.0,69.0,76.0,79.0,80.0,80.0
0,0.0,0.0,43.0,0.0,0.0,79.0,70.0,85.0,71.0,89.0,78.0,80.0,82.0,66.0,80.0,81.0,78.0,81.0
0,0.0,0.0,45.0,0.0,2.0,79.0,69.0,81.0,73.0,97.0,62.0,81.0,79.0,61.0,83.0,83.0,62.0,89.0
0,0.0,0.0,41.0,0.0,0.0,79.0,69.0,81.0,74.0,87.0,77.0,85.0,83.0,71.0,80.0,78.0,77.0,77.0
0,0.0,0.0,9.0,0.0,0.0,79.0,84.0,89.0,84.0,72.0,65.0,82.0,70.0,83.0,81.0,82.0,65.0,82.0
0,0.0,0.0,47.0,0.0,0.0,79.0,65.0,79.0,68.0,90.0,81.0,87.0,69.0,82.0,73.0,80.0,81.0,78.0
0,0.0,0.0,16.0,0.0,0.0,78.0,82.0,87.0,85.0,76.0,70.0,76.0,66.0,82.0,69.0,80.0,70.0,83.0
0,0.0,0.0,63.0,0.0,0.0,78.0,71.0,80.0,66.0,84.0,82.0,82.0,75.0,66.0,80.0,80.0,82.0,79.0
0,0.0,0.0,8.0,0.0,0.0,78.0,87.0,89.0,81.0,85.0,68.0,82.0,77.0,65.0,79.0,83.0,68.0,81.0
0,0.0,0.0,41.0,0.0,0.0,78.0,85.0,88.0,80.0,79.0,76.0,81.0,78.0,67.0,76.0,82.0,76.0,83.0
0,0.0,0.0,39.0,0.0,0.0,78.0,75.0,85.0,69.0,84.0,78.0,82.0,79.0,62.0,82.0,83.0,78.0,75.0
0,0.0,0.0,0.0,0.0,0.0,78.0,75.0,85.0,73.0,79.0,79.0,78.0,72.0,86.0,73.0,77.0,79.0,73.0
0,0.0,0.0,35.0,0.0,0.0,78.0,64.0,75.0,58.0,88.0,80.0,87.0,80.0,61.0,74.0,81.0,80.0,85.0
0,0.0,0.0,5.0,0.0,0.0,78.0,80.0,87.0,86.0,80.0,75.0,76.0,67.0,79.0,67.0,77.0,75.0,86.0
0,0.0,0.0,21.0,0.0,0.0,78.0,83.0,87.0,80.0,91.0,68.0,83.0,62.0,74.0,79.0,83.0,68.0,81.0
0,0.0,0.0,24.0,0.0,0.0,77.0,82.0,87.0,78.0,85.0,70.0,84.0,74.0,60.0,80.0,82.0,70.0,83.0
0,0.0,0.0,45.0,0.0,0.0,77.0,73.0,83.0,66.0,86.0,83.0,82.0,75.0,50.0,79.0,76.0,83.0,84.0
0,0.0,0.0,0.0,0.0,0.0,77.0,70.0,82.0,69.0,77.0,82.0,85.0,81.0,63.0,75.0,80.0,82.0,72.0
0,0.0,0.0,18.0,0.0,0.0,77.0,84.0,87.0,76.0,85.0,75.0,73.0,79.0,65.0,84.0,85.0,75.0,77.0
0,0.0,0.0,44.0,0.0,0.0,77.0,75.0,83.0,77.0,88.0,70.0,77.0,79.0,64.0,84.0,79.0,70.0,79.0
0,0.0,0.0,0.0,0.0,0.0,77.0,66.0,77.0,59.0,88.0,84.0,79.0,80.0,69.0,75.0,78.0,84.0,75.0
0,0.0,0.0,34.0,0.0,0.0,77.0,79.0,84.0,74.0,90.0,73.0,76.0,79.0,63.0,68.0,76.0,73.0,85.0
0,0.0,0.0,63.0,0.0,0.0,77.0,62.0,80.0,60.0,91.0,88.0,86.0,74.0,54.0,69.0,76.0,88.0,71.0
0,0.0,0.0,9.0,0.0,0.0,77.0,79.0,88.0,86.0,78.0,68.0,82.0,65.0,79.0,67.0,78.0,68.0,82.0
0,0.0,0.0,0.0,0.0,0.0,77.0,76.0,86.0,65.0,95.0,60.0,81.0,78.0,60.0,81.0,79.0,60.0,77.0
0,0.0,0.0,35.0,0.0,0.0,77.0,66.0,80.0,63.0,86.0,78.0,86.0,80.0,67.0,76.0,80.0,78.0,82.0
0,0.0,0.0,48.0,0.0,0.0,76.0,58.0,74.0,72.0,96.0,76.0,86.0,76.0,53.0,68.0,77.0,76.0,87.0
0,0.0,0.0,13.0,0.0,0.0,76.0,70.0,84.0,64.0,90.0,75.0,81.0,81.0,63.0,67.0,79.0,75.0,74.0
0,0.0,0.0,0.0,0.0,0.0,76.0,70.0,84.0,64.0,90.0,75.0,81.0,81.0,63.0,67.0,79.0,75.0,74.0
0,0.0,0.0,22.0,0.0,0.0,76.0,73.0,85.0,78.0,93.0,56.0,81.0,83.0,70.0,80.0,84.0,56.0,87.0
0,0.0,0.0,26.0,0.0,0.0,76.0,74.0,85.0,65.0,88.0,74.0,80.0,82.0,60.0,67.0,73.0,74.0,66.0
0,0.0,0.0,39.0,0.0,0.0,76.0,73.0,83.0,67.0,93.0,57.0,83.0,72.0,84.0,82.0,80.0,57.0,82.0
0,0.0,0.0,39.0,0.0,0.0,76.0,73.0,79.0,70.0,80.0,83.0,83.0,75.0,56.0,80.0,78.0,83.0,66.0
0,0.0,0.0,48.0,0.0,0.0,76.0,71.0,81.0,79.0,84.0,76.0,82.0,64.0,81.0,67.0,79.0,76.0,81.0
0,0.0,0.0,15.0,0.0,0.0,76.0,84.0,88.0,85.0,79.0,64.0,75.0,70.0,81.0,73.0,82.0,64.0,75.0
0,0.0,0.0,0.0,0.0,0.0,76.0,85.0,88.0,72.0,80.0,60.0,82.0,80.0,66.0,75.0,85.0,60.0,87.0
0,0.0,0.0,5.0,0.0,0.0,76.0,85.0,87.0,75.0,88.0,68.0,74.0,80.0,63.0,71.0,76.0,68.0,81.0
0,0.0,0.0,56.0,1.0,4.0,76.0,84.0,89.0,81.0,79.0,67.0,79.0,63.0,78.0,68.0,77.0,67.0,83.0
0,0.0,0.0,33.0,0.0,0.0,76.0,81.0,86.0,72.0,69.0,85.0,79.0,77.0,63.0,74.0,83.0,85.0,84.0
0,0.0,0.0,22.0,0.0,0.0,75.0,81.0,88.0,74.0,73.0,85.0,75.0,78.0,61.0,68.0,75.0,85.0,66.0
0,0.0,0.0,13.0,0.0,0.0,75.0,70.0,83.0,56.0,88.0,80.0,80.0,76.0,54.0,76.0,77.0,80.0,78.0
0,0.0,0.0,13.0,0.0,0.0,75.0,82.0,88.0,79.0,76.0,65.0,78.0,67.0,79.0,67.0,78.0,65.0,85.0
0,0.0,0.0,20.0,0.0,0.0,75.0,76.0,86.0,65.0,78.0,80.0,75.0,79.0,61.0,83.0,81.0,80.0,72.0
0,0.0,0.0,12.0,0.0,0.0,75.0,83.0,89.0,74.0,85.0,62.0,79.0,78.0,66.0,80.0,82.0,62.0,81.0
0,0.0,0.0,27.0,0.0,0.0,75.0,76.0,76.0,67.0,82.0,77.0,81.0,75.0,69.0,81.0,80.0,77.0,81.0
0,0.0,0.0,47.0,0.0,0.0,75.0,61.0,79.0,55.0,92.0,76.0,83.0,78.0,58.0,70.0,76.0,76.0,74.0
0,0.0,0.0,38.0,0.0,0.0,75.0,77.0,85.0,68.0,86.0,65.0,85.0,78.0,65.0,76.0,78.0,65.0,79.0
0,0.0,0.0,29.0,0.0,0.0,75.0,70.0,82.0,65.0,86.0,77.0,76.0,76.0,66.0,78.0,78.0,77.0,79.0
0,0.0,0.0,13.0,0.0,0.0,75.0,60.0,73.0,57.0,88.0,81.0,82.0,79.0,60.0,75.0,79.0,81.0,74.0
0,0.0,0.0,20.0,0.0,0.0,75.0,85.0,88.0,75.0,82.0,56.0,84.0,79.0,72.0,74.0,82.0,56.0,78.0
0,0.0,0.0,39.0,0.0,0.0,75.0,73.0,82.0,73.0,77.0,81.0,82.0,74.0,57.0,75.0,80.0,81.0,87.0
0,0.0,0.0,17.0,0.0,0.0,75.0,75.0,84.0,54.0,89.0,79.0,81.0,75.0,56.0,66.0,76.0,79.0,78.0
0,0.0,0.0,7.0,0.0,0.0,75.0,75.0,81.0,71.0,83.0,74.0,79.0,79.0,69.0,77.0,82.0,74.0,80.0
0,0.0,0.0,0.0,0.0,0.0,75.0,76.0,80.0,77.0,84.0,70.0,81.0,78.0,58.0,68.0,78.0,70.0,77.0
0,0.0,0.0,3.0,0.0,0.0,75.0,69.0,79.0,67.0,87.0,75.0,78.0,81.0,73.0,72.0,77.0,75.0,83.0
0,0.0,0.0,0.0,0.0,0.0,75.0,80.0,86.0,79.0,70.0,73.0,76.0,65.0,80.0,72.0,76.0,73.0,77.0
0,0.0,0.0,45.0,0.0,0.0,74.0,65.0,80.0,72.0,85.0,74.0,79.0,70.0,79.0,77.0,82.0,74.0,76.0
0,0.0,0.0,31.0,0.0,0.0,74.0,67.0,79.0,65.0,89.0,71.0,79.0,83.0,63.0,67.0,77.0,71.0,83.0
0,0.0,0.0,0.0,0.0,0.0,74.0,67.0,79.0,65.0,89.0,71.0,79.0,83.0,63.0,67.0,77.0,71.0,83.0
0,0.0,0.0,27.0,0.0,0.0,74.0,67.0,85.0,64.0,91.0,72.0,71.0,70.0,80.0,74.0,77.0,72.0,88.0
0,0.0,0.0,0.0,0.0,0.0,74.0,75.0,84.0,71.0,85.0,72.0,80.0,76.0,64.0,68.0,77.0,72.0,81.0
0,0.0,0.0,20.0,0.0,0.0,74.0,78.0,87.0,74.0,76.0,75.0,75.0,78.0,67.0,82.0,83.0,75.0,74.0
0,0.0,0.0,28.0,0.0,0.0,74.0,64.0,79.0,70.0,83.0,78.0,83.0,77.0,60.0,75.0,79.0,78.0,80.0
0,0.0,0.0,0.0,0.0,0.0,74.0,74.0,82.0,66.0,85.0,68.0,79.0,81.0,57.0,79.0,76.0,68.0,73.0
0,0.0,0.0,0.0,0.0,0.0,74.0,62.0,78.0,64.0,84.0,76.0,76.0,81.0,62.0,82.0,78.0,76.0,75.0
0,0.0,0.0,26.0,0.0,0.0,74.0,75.0,86.0,76.0,80.0,69.0,82.0,75.0,61.0,80.0,77.0,69.0,80.0
0,0.0,0.0,0.0,0.0,0.0,74.0,66.0,81.0,84.0,83.0,71.0,82.0,77.0,61.0,77.0,77.0,71.0,84.0
0,0.0,0.0,0.0,0.0,0.0,74.0,75.0,83.0,76.0,82.0,73.0,76.0,78.0,64.0,81.0,79.0,73.0,75.0
0,0.0,0.0,0.0,0.0,0.0,74.0,77.0,86.0,75.0,85.0,65.0,78.0,77.0,62.0,75.0,78.0,65.0,81.0
0,0.0,0.0,6.0,0.0,0.0,74.0,77.0,86.0,86.0,81.0,69.0,79.0,70.0,78.0,72.0,81.0,69.0,84.0
0,0.0,0.0,0.0,0.0,0.0,73.0,65.0,78.0,69.0,86.0,75.0,82.0,77.0,68.0,68.0,76.0,75.0,80.0
0,0.0,0.0,27.0,0.0,0.0,73.0,79.0,84.0,72.0,81.0,67.0,81.0,77.0,60.0,68.0,77.0,67.0,83.0
0,0.0,0.0,0.0,0.0,0.0,73.0,66.0,75.0,74.0,87.0,78.0,73.0,73.0,56.0,76.0,79.0,78.0,74.0
0,0.0,0.0,0.0,0.0,0.0,73.0,82.0,89.0,73.0,85.0,60.0,79.0,77.0,61.0,67.0,76.0,60.0,74.0
0,0.0,0.0,0.0,0.0,0.0,73.0,82.0,89.0,73.0,85.0,60.0,79.0,77.0,61.0,67.0,76.0,60.0,74.0
0,0.0,0.0,8.0,0.0,0.0,73.0,82.0,89.0,73.0,85.0,60.0,79.0,77.0,61.0,67.0,76.0,60.0,74.0
0,0.0,0.0,11.0,0.0,0.0,73.0,79.0,84.0,54.0,96.0,52.0,82.0,79.0,58.0,75.0,83.0,52.0,86.0
0,0.0,0.0,1.0,0.0,0.0,73.0,85.0,86.0,85.0,82.0,47.0,86.0,68.0,76.0,76.0,76.0,47.0,84.0
0,0.0,0.0,23.0,0.0,0.0,73.0,72.0,78.0,58.0,91.0,77.0,77.0,75.0,49.0,74.0,75.0,77.0,76.0
0,0.0,0.0,5.0,0.0,0.0,73.0,73.0,83.0,76.0,89.0,70.0,77.0,78.0,68.0,67.0,76.0,70.0,78.0
0,0.0,0.0,16.0,0.0,0.0,73.0,66.0,75.0,62.0,86.0,78.0,78.0,80.0,60.0,72.0,75.0,78.0,76.0
0,0.0,0.0,0.0,0.0,0.0,73.0,78.0,83.0,75.0,76.0,74.0,72.0,81.0,67.0,67.0,77.0,74.0,75.0
0,0.0,0.0,0.0,0.0,0.0,73.0,58.0,74.0,59.0,85.0,79.0,80.0,81.0,65.0,67.0,76.0,79.0,74.0
0,0.0,0.0,46.0,0.0,0.0,73.0,78.0,85.0,71.0,79.0,83.0,75.0,60.0,75.0,70.0,76.0,83.0,69.0
0,0.0,0.0,5.0,0.0,0.0,73.0,70.0,83.0,69.0,85.0,77.0,74.0,77.0,57.0,73.0,79.0,77.0,72.0
0,0.0,0.0,29.0,0.0,0.0,73.0,77.0,88.0,71.0,80.0,72.0,78.0,82.0,63.0,66.0,75.0,72.0,77.0
0,0.0,0.0,0.0,0.0,0.0,73.0,66.0,80.0,65.0,79.0,75.0,79.0,79.0,55.0,80.0,77.0,75.0,81.0
0,0.0,0.0,0.0,0.0,0.0,73.0,76.0,82.0,71.0,82.0,77.0,72.0,67.0,81.0,72.0,80.0,77.0,67.0
0,0.0,0.0,0.0,0.0,0.0,72.0,70.0,83.0,64.0,89.0,64.0,82.0,74.0,50.0,73.0,79.0,64.0,78.0
0,0.0,0.0,2.0,0.0,0.0,72.0,68.0,81.0,49.0,93.0,60.0,77.0,72.0,43.0,80.0,74.0,60.0,73.0
0,0.0,0.0,0.0,0.0,0.0,72.0,79.0,87.0,77.0,82.0,65.0,78.0,75.0,67.0,77.0,79.0,65.0,76.0
0,0.0,0.0,3.0,0.0,0.0,72.0,68.0,77.0,57.0,88.0,69.0,79.0,75.0,65.0,75.0,75.0,69.0,83.0
0,0.0,0.0,22.0,0.0,0.0,72.0,76.0,79.0,70.0,79.0,74.0,77.0,77.0,61.0,78.0,80.0,74.0,77.0
0,0.0,0.0,0.0,0.0,0.0,72.0,73.0,83.0,81.0,85.0,67.0,80.0,75.0,67.0,72.0,78.0,67.0,77.0
0,0.0,0.0,0.0,0.0,0.0,72.0,72.0,82.0,70.0,82.0,75.0,76.0,76.0,63.0,67.0,74.0,75.0,75.0
0,0.0,0.0,0.0,0.0,0.0,72.0,83.0,86.0,83.0,61.0,72.0,71.0,60.0,75.0,72.0,82.0,72.0,75.0
0,0.0,0.0,13.0,0.0,0.0,72.0,72.0,84.0,73.0,87.0,60.0,82.0,80.0,67.0,68.0,77.0,60.0,84.0
0,0.0,0.0,20.0,0.0,0.0,72.0,74.0,83.0,76.0,86.0,71.0,76.0,68.0,75.0,73.0,77.0,71.0,78.0
0,0.0,0.0,17.0,0.0,0.0,72.0,80.0,85.0,84.0,82.0,64.0,73.0,64.0,75.0,75.0,82.0,64.0,81.0
0,0.0,0.0,24.0,0.0,0.0,72.0,76.0,84.0,73.0,78.0,65.0,77.0,65.0,78.0,75.0,81.0,65.0,80.0
0,0.0,0.0,34.0,0.0,0.0,72.0,63.0,79.0,48.0,87.0,65.0,78.0,76.0,65.0,82.0,76.0,65.0,79.0
0,0.0,0.0,14.0,0.0,0.0,72.0,74.0,87.0,74.0,79.0,70.0,78.0,63.0,77.0,76.0,79.0,70.0,81.0
0,0.0,0.0,0.0,0.0,0.0,72.0,65.0,82.0,60.0,85.0,76.0,78.0,75.0,55.0,68.0,77.0,76.0,80.0
0,0.0,0.0,1.0,0.0,0.0,72.0,80.0,86.0,81.0,76.0,58.0,76.0,69.0,77.0,77.0,80.0,58.0,83.0
0,0.0,0.0,28.0,0.0,0.0,72.0,64.0,78.0,65.0,92.0,66.0,79.0,77.0,58.0,73.0,76.0,66.0,81.0
0,0.0,0.0,13.0,0.0,0.0,72.0,60.0,82.0,53.0,91.0,76.0,81.0,74.0,51.0,68.0,77.0,76.0,69.0
0,0.0,0.0,0.0,0.0,0.0,72.0,74.0,81.0,78.0,87.0,57.0,83.0,75.0,71.0,79.0,73.0,57.0,78.0
0,0.0,0.0,0.0,0.0,0.0,72.0,64.0,79.0,67.0,93.0,57.0,81.0,73.0,57.0,77.0,78.0,57.0,81.0
0,0.0,0.0,8.0,0.0,0.0,72.0,70.0,84.0,83.0,80.0,70.0,82.0,78.0,63.0,75.0,77.0,70.0,81.0
0,0.0,0.0,0.0,0.0,0.0,72.0,60.0,73.0,63.0,80.0,84.0,76.0,79.0,66.0,77.0,77.0,84.0,68.0
0,0.0,0.0,13.0,0.0,0.0,72.0,82.0,85.0,75.0,66.0,73.0,71.0,62.0,77.0,71.0,78.0,73.0,83.0
0,0.0,0.0,6.0,0.0,0.0,72.0,77.0,85.0,82.0,85.0,58.0,80.0,79.0,75.0,78.0,81.0,58.0,81.0
0,0.0,0.0,32.0,0.0,0.0,72.0,64.0,79.0,61.0,85.0,76.0,79.0,76.0,55.0,73.0,79.0,76.0,70.0
0,0.0,0.0,4.0,0.0,0.0,71.0,77.0,86.0,71.0,83.0,64.0,75.0,76.0,65.0,77.0,78.0,64.0,78.0
0,0.0,0.0,0.0,0.0,0.0,71.0,87.0,87.0,83.0,82.0,56.0,73.0,78.0,58.0,69.0,74.0,56.0,74.0
0,0.0,0.0,30.0,0.0,0.0,71.0,65.0,81.0,63.0,92.0,52.0,80.0,77.0,70.0,81.0,75.0,52.0,78.0
0,0.0,0.0,29.0,0.0,0.0,71.0,74.0,81.0,68.0,91.0,65.0,77.0,75.0,56.0,67.0,74.0,65.0,81.0
0,0.0,0.0,40.0,0.0,0.0,71.0,78.0,83.0,81.0,74.0,58.0,83.0,70.0,77.0,75.0,77.0,58.0,75.0
0,0.0,0.0,0.0,0.0,0.0,71.0,62.0,73.0,49.0,88.0,73.0,81.0,78.0,53.0,73.0,72.0,73.0,68.0
0,0.0,0.0,0.0,0.0,0.0,71.0,64.0,80.0,63.0,85.0,76.0,77.0,76.0,56.0,68.0,76.0,76.0,75.0
0,0.0,0.0,0.0,0.0,0.0,71.0,67.0,81.0,53.0,78.0,79.0,79.0,75.0,68.0,74.0,78.0,79.0,78.0
0,0.0,0.0,30.0,0.0,0.0,71.0,72.0,84.0,54.0,80.0,70.0,84.0,75.0,59.0,73.0,78.0,70.0,77.0
0,0.0,0.0,5.0,0.0,0.0,71.0,81.0,85.0,73.0,84.0,58.0,75.0,68.0,77.0,79.0,83.0,58.0,77.0
0,0.0,0.0,0.0,0.0,0.0,71.0,70.0,83.0,57.0,87.0,65.0,80.0,65.0,80.0,80.0,78.0,65.0,76.0
0,0.0,0.0,3.0,0.0,0.0,71.0,69.0,78.0,64.0,85.0,70.0,75.0,78.0,69.0,75.0,78.0,70.0,75.0
0,0.0,0.0,10.0,0.0,0.0,71.0,76.0,83.0,69.0,88.0,56.0,82.0,75.0,57.0,68.0,77.0,56.0,82.0
0,0.0,0.0,10.0,0.0,0.0,71.0,78.0,87.0,72.0,81.0,70.0,73.0,65.0,77.0,74.0,81.0,70.0,70.0
0,0.0,0.0,0.0,0.0,0.0,71.0,73.0,84.0,56.0,86.0,68.0,78.0,74.0,56.0,69.0,78.0,68.0,81.0
0,0.0,0.0,15.0,0.0,0.0,71.0,77.0,86.0,73.0,86.0,58.0,76.0,75.0,68.0,67.0,79.0,58.0,80.0
0,0.0,0.0,0.0,0.0,0.0,71.0,74.0,85.0,65.0,88.0,75.0,75.0,64.0,75.0,66.0,74.0,75.0,62.0
0,0.0,0.0,5.0,0.0,0.0,71.0,78.0,85.0,69.0,85.0,67.0,78.0,61.0,75.0,68.0,77.0,67.0,82.0
0,0.0,0.0,0.0,0.0,0.0,71.0,67.0,79.0,65.0,88.0,59.0,81.0,76.0,52.0,77.0,76.0,59.0,82.0
0,0.0,0.0,22.0,0.0,0.0,71.0,73.0,87.0,73.0,83.0,64.0,77.0,76.0,52.0,79.0,76.0,64.0,76.0
0,0.0,0.0,0.0,0.0,0.0,71.0,80.0,87.0,72.0,76.0,68.0,76.0,75.0,56.0,72.0,80.0,68.0,73.0
0,0.0,0.0,18.0,0.0,0.0,71.0,79.0,86.0,65.0,77.0,73.0,77.0,78.0,56.0,70.0,77.0,73.0,75.0
0,0.0,0.0,5.0,0.0,0.0,71.0,75.0,84.0,84.0,75.0,71.0,75.0,75.0,67.0,69.0,77.0,71.0,87.0
0,0.0,0.0,4.0,0.0,0.0,71.0,67.0,81.0,58.0,89.0,58.0,82.0,74.0,66.0,77.0,77.0,58.0,83.0
0,0.0,0.0,0.0,0.0,0.0,71.0,83.0,88.0,74.0,75.0,70.0,76.0,74.0,63.0,72.0,79.0,70.0,73.0
0,0.0,0.0,5.0,0.0,0.0,70.0,70.0,81.0,61.0,84.0,66.0,74.0,71.0,79.0,78.0,78.0,66.0,77.0
0,0.0,0.0,1.0,0.0,0.0,70.0,76.0,85.0,82.0,84.0,43.0,83.0,77.0,66.0,78.0,78.0,43.0,79.0
0,0.0,0.0,5.0,0.0,0.0,70.0,80.0,87.0,73.0,76.0,57.0,78.0,63.0,76.0,68.0,78.0,57.0,74.0
0,0.0,0.0,0.0,0.0,0.0,70.0,85.0,88.0,82.0,79.0,55.0,79.0,76.0,61.0,77.0,69.0,55.0,73.0
0,0.0,0.0,22.0,0.0,0.0,70.0,70.0,81.0,76.0,86.0,56.0,83.0,72.0,77.0,77.0,79.0,56.0,78.0
0,0.0,0.0,2.0,0.0,0.0,70.0,66.0,81.0,70.0,79.0,62.0,78.0,82.0,68.0,80.0,79.0,62.0,82.0
0,0.0,0.0,9.0,0.0,0.0,70.0,71.0,83.0,77.0,75.0,72.0,83.0,75.0,68.0,71.0,76.0,72.0,82.0
0,0.0,0.0,2.0,0.0,0.0,70.0,77.0,85.0,72.0,81.0,62.0,77.0,63.0,75.0,71.0,79.0,62.0,78.0
0,0.0,0.0,17.0,0.0,0.0,70.0,77.0,88.0,78.0,83.0,63.0,77.0,76.0,64.0,67.0,80.0,63.0,80.0
0,0.0,0.0,23.0,0.0,0.0,70.0,73.0,83.0,66.0,76.0,64.0,82.0,77.0,54.0,76.0,78.0,64.0,77.0
0,0.0,0.0,2.0,0.0,0.0,70.0,69.0,82.0,63.0,89.0,56.0,80.0,76.0,64.0,74.0,79.0,56.0,81.0
0,0.0,0.0,8.0,0.0,0.0,70.0,79.0,87.0,75.0,76.0,69.0,65.0,59.0,77.0,73.0,78.0,69.0,74.0
0,0.0,0.0,0.0,0.0,0.0,70.0,80.0,85.0,73.0,83.0,62.0,76.0,75.0,50.0,68.0,72.0,62.0,74.0
0,0.0,0.0,0.0,0.0,0.0,70.0,80.0,85.0,73.0,83.0,62.0,76.0,75.0,50.0,68.0,72.0,62.0,74.0
0,0.0,0.0,1.0,0.0,0.0,70.0,80.0,85.0,73.0,83.0,62.0,76.0,75.0,50.0,68.0,72.0,62.0,74.0
0,0.0,0.0,0.0,0.0,0.0,70.0,80.0,85.0,73.0,83.0,62.0,76.0,75.0,50.0,68.0,72.0,62.0,74.0
0,0.0,0.0,0.0,0.0,0.0,70.0,84.0,87.0,82.0,75.0,53.0,74.0,60.0,76.0,68.0,76.0,53.0,81.0
0,0.0,0.0,21.0,0.0,0.0,70.0,78.0,85.0,79.0,77.0,56.0,72.0,71.0,79.0,73.0,77.0,56.0,82.0
0,0.0,0.0,0.0,0.0,0.0,70.0,77.0,85.0,78.0,79.0,54.0,77.0,64.0,77.0,76.0,81.0,54.0,76.0
0,0.0,0.0,32.0,0.0,0.0,70.0,73.0,83.0,68.0,87.0,57.0,77.0,74.0,65.0,82.0,81.0,57.0,80.0
0,0.0,0.0,14.0,0.0,0.0,70.0,82.0,86.0,74.0,69.0,60.0,76.0,70.0,78.0,74.0,73.0,60.0,78.0
0,0.0,0.0,33.0,0.0,1.0,70.0,84.0,87.0,82.0,74.0,49.0,79.0,71.0,76.0,74.0,81.0,49.0,77.0
0,0.0,0.0,7.0,0.0,0.0,70.0,78.0,85.0,63.0,87.0,56.0,78.0,74.0,66.0,76.0,80.0,56.0,82.0
0,0.0,0.0,16.0,0.0,0.0,70.0,66.0,79.0,75.0,82.0,65.0,80.0,75.0,68.0,76.0,79.0,65.0,76.0
0,0.0,0.0,0.0,0.0,0.0,70.0,77.0,84.0,72.0,82.0,72.0,69.0,66.0,76.0,73.0,79.0,72.0,65.0
0,0.0,0.0,17.0,0.0,0.0,70.0,81.0,86.0,73.0,80.0,58.0,74.0,79.0,66.0,71.0,76.0,58.0,76.0
0,0.0,0.0,18.0,0.0,0.0,70.0,72.0,81.0,67.0,75.0,72.0,80.0,79.0,56.0,71.0,79.0,72.0,74.0
0,0.0,0.0,40.0,0.0,0.0,70.0,71.0,82.0,77.0,89.0,65.0,75.0,75.0,61.0,68.0,76.0,65.0,78.0
0,0.0,0.0,1.0,0.0,0.0,69.0,70.0,80.0,57.0,89.0,66.0,69.0,67.0,79.0,77.0,74.0,66.0,75.0
0,0.0,0.0,2.0,0.0,0.0,69.0,71.0,83.0,66.0,90.0,51.0,78.0,74.0,64.0,75.0,78.0,51.0,82.0
0,0.0,0.0,3.0,0.0,0.0,69.0,67.0,78.0,71.0,92.0,51.0,76.0,70.0,46.0,77.0,78.0,51.0,74.0
0,0.0,0.0,0.0,0.0,0.0,69.0,65.0,81.0,71.0,82.0,69.0,80.0,75.0,62.0,70.0,73.0,69.0,76.0
0,0.0,0.0,34.0,0.0,1.0,69.0,71.0,82.0,68.0,79.0,66.0,76.0,61.0,78.0,79.0,78.0,66.0,73.0
0,0.0,0.0,0.0,0.0,0.0,69.0,71.0,82.0,68.0,79.0,66.0,76.0,61.0,78.0,79.0,78.0,66.0,73.0
0,0.0,0.0,1.0,0.0,0.0,69.0,71.0,82.0,68.0,79.0,66.0,76.0,61.0,78.0,79.0,78.0,66.0,73.0
0,0.0,0.0,0.0,0.0,0.0,69.0,71.0,82.0,68.0,79.0,66.0,76.0,61.0,78.0,79.0,78.0,66.0,73.0
0,0.0,0.0,0.0,0.0,0.0,69.0,67.0,75.0,63.0,85.0,59.0,83.0,79.0,47.0,77.0,71.0,59.0,75.0
0,0.0,0.0,30.0,0.0,0.0,69.0,69.0,81.0,62.0,83.0,58.0,83.0,74.0,73.0,76.0,77.0,58.0,78.0
0,0.0,0.0,0.0,0.0,0.0,69.0,63.0,80.0,71.0,80.0,70.0,78.0,77.0,59.0,69.0,77.0,70.0,77.0
0,0.0,0.0,0.0,0.0,0.0,69.0,79.0,88.0,78.0,74.0,66.0,67.0,78.0,49.0,77.0,76.0,66.0,75.0
0,0.0,0.0,10.0,0.0,0.0,69.0,78.0,84.0,58.0,92.0,57.0,78.0,73.0,62.0,78.0,76.0,57.0,79.0
0,0.0,0.0,67.0,0.0,3.0,69.0,76.0,83.0,72.0,81.0,57.0,80.0,64.0,75.0,66.0,79.0,57.0,86.0
0,0.0,0.0,0.0,0.0,0.0,69.0,78.0,81.0,69.0,80.0,62.0,80.0,69.0,75.0,68.0,75.0,62.0,76.0
0,0.0,0.0,7.0,0.0,0.0,69.0,82.0,86.0,77.0,76.0,51.0,76.0,65.0,76.0,70.0,81.0,51.0,85.0
0,0.0,0.0,11.0,0.0,0.0,69.0,82.0,86.0,73.0,82.0,53.0,74.0,77.0,70.0,68.0,75.0,53.0,82.0
0,0.0,0.0,12.0,0.0,0.0,69.0,82.0,86.0,77.0,78.0,55.0,77.0,62.0,74.0,67.0,76.0,55.0,79.0
0,0.0,0.0,0.0,0.0,0.0,69.0,63.0,76.0,65.0,91.0,55.0,79.0,75.0,59.0,77.0,70.0,55.0,83.0
0,0.0,0.0,0.0,0.0,0.0,69.0,77.0,85.0,78.0,78.0,62.0,74.0,76.0,55.0,71.0,75.0,62.0,75.0
0,0.0,0.0,29.0,0.0,0.0,69.0,74.0,84.0,75.0,79.0,58.0,77.0,65.0,78.0,68.0,77.0,58.0,76.0
0,0.0,0.0,0.0,0.0,0.0,69.0,84.0,89.0,77.0,75.0,52.0,81.0,63.0,73.0,66.0,75.0,52.0,76.0
0,0.0,0.0,1.0,0.0,0.0,69.0,74.0,88.0,72.0,89.0,51.0,79.0,71.0,63.0,74.0,75.0,51.0,76.0
0,0.0,0.0,3.0,0.0,0.0,68.0,79.0,88.0,75.0,73.0,53.0,79.0,75.0,64.0,73.0,81.0,53.0,78.0
0,0.0,0.0,0.0,0.0,0.0,68.0,64.0,81.0,58.0,87.0,66.0,76.0,76.0,51.0,74.0,74.0,66.0,75.0
0,0.0,0.0,37.0,0.0,0.0,68.0,68.0,83.0,59.0,90.0,55.0,76.0,75.0,62.0,73.0,77.0,55.0,75.0
0,0.0,0.0,0.0,0.0,0.0,68.0,60.0,79.0,63.0,81.0,68.0,77.0,78.0,60.0,76.0,74.0,68.0,72.0
0,0.0,0.0,1.0,0.0,0.0,68.0,69.0,78.0,62.0,85.0,65.0,73.0,75.0,50.0,77.0,74.0,65.0,74.0
0,0.0,0.0,0.0,0.0,0.0,68.0,81.0,85.0,74.0,84.0,53.0,78.0,63.0,77.0,68.0,79.0,53.0,76.0
0,0.0,0.0,1.0,0.0,0.0,68.0,68.0,82.0,63.0,93.0,52.0,79.0,74.0,60.0,71.0,79.0,52.0,76.0
0,0.0,0.0,0.0,0.0,0.0,68.0,66.0,79.0,61.0,84.0,68.0,79.0,75.0,59.0,67.0,73.0,68.0,73.0
0,0.0,0.0,0.0,0.0,0.0,68.0,78.0,85.0,73.0,72.0,62.0,73.0,80.0,69.0,67.0,75.0,62.0,75.0
0,0.0,0.0,0.0,0.0,0.0,68.0,76.0,86.0,73.0,86.0,62.0,77.0,56.0,67.0,69.0,75.0,62.0,77.0
0,0.0,0.0,0.0,0.0,0.0,68.0,79.0,87.0,85.0,71.0,45.0,68.0,64.0,80.0,69.0,83.0,45.0,78.0
0,0.0,0.0,0.0,0.0,0.0,68.0,79.0,82.0,75.0,77.0,55.0,76.0,77.0,65.0,73.0,75.0,55.0,81.0
0,0.0,0.0,37.0,0.0,0.0,68.0,74.0,83.0,62.0,87.0,55.0,78.0,73.0,57.0,75.0,76.0,55.0,76.0
0,0.0,0.0,18.0,0.0,0.0,68.0,79.0,87.0,78.0,78.0,58.0,74.0,75.0,64.0,68.0,73.0,58.0,75.0
0,0.0,0.0,0.0,0.0,0.0,68.0,78.0,86.0,85.0,71.0,53.0,74.0,69.0,75.0,68.0,76.0,53.0,75.0
0,0.0,0.0,35.0,0.0,0.0,68.0,73.0,85.0,70.0,81.0,54.0,77.0,74.0,55.0,79.0,78.0,54.0,76.0
0,0.0,0.0,4.0,0.0,0.0,68.0,67.0,80.0,64.0,82.0,70.0,74.0,70.0,78.0,70.0,77.0,70.0,80.0
0,0.0,0.0,10.0,0.0,0.0,68.0,77.0,86.0,77.0,89.0,53.0,75.0,67.0,74.0,69.0,77.0,53.0,84.0
0,0.0,0.0,32.0,0.0,0.0,67.0,78.0,81.0,72.0,88.0,50.0,78.0,68.0,77.0,73.0,76.0,50.0,80.0
0,0.0,0.0,9.0,0.0,0.0,67.0,75.0,84.0,67.0,75.0,68.0,73.0,76.0,59.0,73.0,78.0,68.0,72.0
0,0.0,0.0,0.0,0.0,0.0,67.0,70.0,83.0,63.0,86.0,48.0,78.0,60.0,71.0,78.0,74.0,48.0,76.0
0,0.0,0.0,0.0,0.0,0.0,67.0,75.0,82.0,69.0,80.0,54.0,77.0,59.0,75.0,78.0,82.0,54.0,79.0
0,0.0,0.0,0.0,0.0,0.0,67.0,70.0,82.0,66.0,83.0,56.0,80.0,67.0,73.0,73.0,80.0,56.0,79.0
0,0.0,0.0,0.0,0.0,0.0,67.0,62.0,77.0,47.0,94.0,63.0,75.0,75.0,55.0,69.0,69.0,63.0,69.0
0,0.0,0.0,21.0,0.0,0.0,67.0,62.0,77.0,47.0,94.0,63.0,75.0,75.0,55.0,69.0,69.0,63.0,69.0
0,0.0,0.0,21.0,0.0,0.0,67.0,69.0,79.0,81.0,79.0,64.0,82.0,75.0,64.0,67.0,74.0,64.0,84.0
0,0.0,0.0,0.0,0.0,0.0,67.0,72.0,82.0,66.0,84.0,63.0,80.0,74.0,59.0,67.0,70.0,63.0,73.0
0,0.0,0.0,0.0,0.0,0.0,67.0,73.0,85.0,79.0,78.0,55.0,78.0,75.0,68.0,70.0,68.0,55.0,81.0
0,0.0,0.0,0.0,0.0,0.0,67.0,63.0,78.0,57.0,87.0,54.0,79.0,62.0,77.0,75.0,74.0,54.0,82.0
0,0.0,0.0,5.0,0.0,0.0,67.0,73.0,82.0,68.0,80.0,60.0,73.0,80.0,64.0,68.0,77.0,60.0,77.0
0,0.0,0.0,0.0,0.0,0.0,67.0,84.0,88.0,75.0,72.0,52.0,75.0,67.0,72.0,72.0,74.0,52.0,79.0
0,0.0,0.0,3.0,0.0,0.0,67.0,78.0,88.0,75.0,78.0,49.0,74.0,67.0,76.0,75.0,79.0,49.0,79.0
0,0.0,0.0,0.0,0.0,0.0,67.0,64.0,80.0,58.0,88.0,54.0,78.0,71.0,54.0,75.0,76.0,54.0,72.0
0,0.0,0.0,5.0,0.0,0.0,67.0,78.0,88.0,71.0,83.0,50.0,77.0,66.0,75.0,76.0,71.0,50.0,78.0
0,0.0,0.0,0.0,0.0,0.0,67.0,65.0,75.0,63.0,86.0,62.0,77.0,65.0,78.0,67.0,74.0,62.0,72.0
0,0.0,0.0,32.0,0.0,0.0,67.0,79.0,84.0,72.0,88.0,53.0,73.0,68.0,74.0,73.0,76.0,53.0,83.0
0,0.0,0.0,0.0,0.0,0.0,66.0,80.0,84.0,73.0,76.0,53.0,74.0,76.0,69.0,78.0,71.0,53.0,79.0
0,0.0,0.0,26.0,0.0,0.0,66.0,63.0,81.0,62.0,90.0,53.0,78.0,73.0,54.0,71.0,75.0,53.0,81.0
0,0.0,0.0,0.0,0.0,0.0,66.0,64.0,81.0,64.0,88.0,55.0,78.0,76.0,61.0,68.0,74.0,55.0,80.0
0,0.0,0.0,0.0,0.0,0.0,66.0,61.0,73.0,56.0,87.0,61.0,80.0,76.0,52.0,68.0,75.0,61.0,74.0
0,0.0,0.0,0.0,0.0,0.0,66.0,75.0,85.0,70.0,82.0,53.0,76.0,66.0,78.0,67.0,68.0,53.0,80.0
0,0.0,0.0,32.0,0.0,0.0,66.0,64.0,80.0,62.0,78.0,56.0,81.0,76.0,65.0,77.0,83.0,56.0,69.0
0,0.0,0.0,0.0,0.0,0.0,66.0,64.0,80.0,62.0,78.0,56.0,81.0,76.0,65.0,77.0,83.0,56.0,69.0
0,0.0,0.0,3.0,0.0,0.0,66.0,64.0,80.0,62.0,78.0,56.0,81.0,76.0,65.0,77.0,83.0,56.0,69.0
0,0.0,0.0,0.0,0.0,0.0,66.0,73.0,77.0,70.0,84.0,55.0,74.0,75.0,66.0,76.0,74.0,55.0,82.0
0,0.0,0.0,0.0,0.0,0.0,66.0,64.0,79.0,56.0,79.0,65.0,74.0,77.0,57.0,71.0,77.0,65.0,82.0
0,0.0,0.0,0.0,0.0,0.0,66.0,79.0,85.0,75.0,85.0,49.0,78.0,64.0,71.0,68.0,73.0,49.0,87.0
0,0.0,0.0,4.0,0.0,0.0,66.0,67.0,76.0,69.0,75.0,66.0,79.0,78.0,69.0,67.0,77.0,66.0,77.0
0,0.0,0.0,0.0,0.0,0.0,66.0,67.0,76.0,69.0,75.0,66.0,79.0,78.0,69.0,67.0,77.0,66.0,77.0
0,0.0,0.0,15.0,0.0,0.0,66.0,64.0,78.0,57.0,88.0,51.0,75.0,73.0,71.0,76.0,80.0,51.0,79.0
0,0.0,0.0,0.0,0.0,0.0,66.0,67.0,79.0,62.0,86.0,56.0,78.0,73.0,58.0,75.0,74.0,56.0,80.0
0,0.0,0.0,0.0,0.0,0.0,66.0,68.0,73.0,64.0,83.0,61.0,82.0,63.0,76.0,68.0,74.0,61.0,77.0
0,0.0,0.0,1.0,0.0,0.0,66.0,73.0,80.0,70.0,78.0,56.0,79.0,74.0,66.0,74.0,80.0,56.0,73.0
0,0.0,0.0,0.0,0.0,0.0,65.0,68.0,79.0,68.0,87.0,53.0,76.0,68.0,75.0,69.0,73.0,53.0,73.0
0,0.0,0.0,0.0,0.0,0.0,65.0,58.0,74.0,58.0,88.0,59.0,79.0,75.0,63.0,67.0,74.0,59.0,82.0
0,0.0,0.0,0.0,0.0,0.0,65.0,73.0,82.0,55.0,85.0,47.0,87.0,63.0,72.0,69.0,75.0,47.0,80.0
0,0.0,0.0,0.0,0.0,0.0,65.0,65.0,79.0,77.0,68.0,63.0,73.0,71.0,78.0,67.0,73.0,63.0,70.0
0,0.0,0.0,0.0,0.0,0.0,65.0,76.0,83.0,69.0,82.0,53.0,76.0,68.0,75.0,72.0,72.0,53.0,81.0
0,0.0,0.0,0.0,0.0,0.0,65.0,78.0,87.0,77.0,79.0,46.0,78.0,63.0,71.0,68.0,73.0,46.0,87.0
0,0.0,0.0,0.0,0.0,0.0,64.0,63.0,76.0,71.0,73.0,56.0,81.0,71.0,60.0,79.0,78.0,56.0,78.0
0,0.0,0.0,0.0,0.0,0.0,64.0,78.0,87.0,72.0,90.0,47.0,76.0,65.0,69.0,70.0,72.0,47.0,74.0
0,0.0,0.0,0.0,0.0,0.0,64.0,59.0,80.0,61.0,87.0,42.0,77.0,76.0,68.0,77.0,76.0,42.0,82.0
0,0.0,0.0,0.0,0.0,0.0,64.0,80.0,87.0,77.0,81.0,49.0,75.0,63.0,67.0,70.0,78.0,49.0,78.0
0,0.0,0.0,0.0,0.0,0.0,64.0,80.0,84.0,72.0,79.0,48.0,73.0,67.0,73.0,70.0,73.0,48.0,76.0
0,0.0,0.0,0.0,0.0,0.0,63.0,63.0,76.0,53.0,82.0,53.0,77.0,72.0,63.0,73.0,74.0,53.0,73.0
0,0.0,0.0,0.0,0.0,0.0,63.0,79.0,87.0,83.0,74.0,43.0,76.0,57.0,69.0,68.0,72.0,43.0,64.0
0,0.0,0.0,0.0,0.0,0.0,63.0,64.0,74.0,69.0,85.0,54.0,76.0,76.0,68.0,66.0,73.0,54.0,70.0
0,0.0,0.0,0.0,0.0,0.0,63.0,73.0,79.0,71.0,75.0,56.0,72.0,76.0,61.0,74.0,73.0,56.0,70.0
0,0.0,0.0,0.0,0.0,0.0,63.0,72.0,76.0,68.0,91.0,43.0,78.0,68.0,58.0,69.0,77.0,43.0,69.0
0,0.0,0.0,0.0,0.0,0.0,63.0,76.0,85.0,73.0,77.0,50.0,75.0,67.0,70.0,69.0,75.0,50.0,77.0
0,0.0,0.0,0.0,0.0,0.0,63.0,68.0,64.0,61.0,87.0,49.0,77.0,74.0,68.0,73.0,72.0,49.0,78.0
0,0.0,0.0,0.0,0.0,0.0,63.0,77.0,83.0,73.0,81.0,50.0,77.0,65.0,68.0,70.0,73.0,50.0,72.0
0,0.0,0.0,0.0,0.0,0.0,62.0,70.0,79.0,70.0,80.0,46.0,78.0,70.0,65.0,77.0,77.0,46.0,76.0
0,0.0,0.0,0.0,0.0,0.0,62.0,77.0,82.0,73.0,68.0,51.0,74.0,65.0,70.0,72.0,75.0,51.0,77.0
0,0.0,0.0,0.0,0.0,0.0,62.0,64.0,79.0,63.0,78.0,50.0,78.0,73.0,58.0,75.0,74.0,50.0,76.0
0,0.0,0.0,0.0,0.0,0.0,61.0,71.0,81.0,68.0,76.0,50.0,76.0,71.0,60.0,72.0,75.0,50.0,73.0
0,0.0,0.0,0.0,0.0,0.0,61.0,68.0,82.0,47.0,81.0,50.0,74.0,69.0,53.0,73.0,75.0,50.0,77.0
0,0.0,0.0,0.0,0.0,0.0,61.0,76.0,86.0,73.0,74.0,51.0,75.0,74.0,67.0,71.0,77.0,51.0,70.0
0,0.0,0.0,0.0,0.0,0.0,61.0,72.0,85.0,69.0,83.0,45.0,76.0,66.0,70.0,69.0,74.0,45.0,74.0
0,0.0,0.0,0.0,0.0,0.0,60.0,75.0,81.0,67.0,79.0,43.0,78.0,69.0,64.0,74.0,74.0,43.0,74.0
0,0.0,0.0,0.0,0.0,0.0,60.0,72.0,84.0,65.0,72.0,50.0,76.0,68.0,64.0,71.0,78.0,50.0,77.0
0,0.0,0.0,0.0,0.0,0.0,60.0,68.0,81.0,48.0,81.0,50.0,79.0,70.0,52.0,69.0,75.0,50.0,68.0
0,0.0,0.0,0.0,0.0,0.0,60.0,62.0,76.0,59.0,70.0,55.0,80.0,68.0,73.0,72.0,75.0,55.0,80.0
0,0.0,0.0,0.0,0.0,0.0,60.0,67.0,81.0,56.0,80.0,50.0,77.0,71.0,59.0,69.0,74.0,50.0,68.0
0,0.0,0.0,0.0,0.0,0.0,58.0,72.0,81.0,54.0,80.0,45.0,75.0,68.0,50.0,68.0,73.0,45.0,73.0
0,0.0,0.0,123.0,8.0,10.0,99.0,83.0,90.0,86.0,99.0,99.0,93.0,99.0,96.0,97.0,98.0,99.0,85.0
0,0.0,0.0,110.0,5.0,5.0,97.0,78.0,83.0,85.0,97.0,99.0,97.0,94.0,93.0,90.0,94.0,98.0,87.0
0,0.0,0.0,95.0,1.0,6.0,96.0,79.0,86.0,79.0,95.0,98.0,93.0,96.0,75.0,86.0,87.0,94.0,80.0
0,0.0,0.0,0.0,0.0,0.0,95.0,62.0,76.0,64.0,94.0,93.0,94.0,81.0,67.0,98.0,92.0,99.0,78.0
0,0.0,0.0,112.0,1.0,6.0,92.0,73.0,83.0,80.0,92.0,96.0,92.0,84.0,89.0,93.0,89.0,93.0,85.0
0,0.0,0.0,0.0,0.0,0.0,92.0,72.0,86.0,68.0,96.0,85.0,85.0,82.0,62.0,95.0,85.0,96.0,77.0
0,0.0,0.0,89.0,2.0,8.0,91.0,78.0,84.0,71.0,90.0,98.0,84.0,93.0,78.0,89.0,89.0,95.0,85.0
0,0.0,0.0,90.0,4.0,6.0,91.0,84.0,90.0,83.0,96.0,92.0,81.0,93.0,86.0,88.0,88.0,90.0,81.0
0,0.0,0.0,106.0,1.0,8.0,91.0,78.0,85.0,80.0,91.0,97.0,89.0,92.0,71.0,92.0,89.0,97.0,84.0
0,0.0,0.0,0.0,0.0,0.0,90.0,70.0,83.0,65.0,95.0,92.0,86.0,86.0,67.0,94.0,84.0,93.0,82.0
0,0.0,0.0,60.0,0.0,3.0,90.0,70.0,83.0,65.0,95.0,92.0,86.0,86.0,67.0,94.0,84.0,93.0,82.0
0,0.0,0.0,0.0,0.0,0.0,89.0,71.0,85.0,74.0,91.0,95.0,86.0,92.0,83.0,83.0,89.0,92.0,81.0
0,0.0,0.0,10.0,0.0,0.0,89.0,71.0,85.0,74.0,91.0,95.0,86.0,92.0,83.0,83.0,89.0,92.0,81.0
0,0.0,0.0,0.0,0.0,0.0,89.0,71.0,85.0,74.0,91.0,95.0,86.0,92.0,83.0,83.0,89.0,92.0,81.0
0,0.0,0.0,0.0,0.0,0.0,89.0,71.0,85.0,74.0,91.0,95.0,86.0,92.0,83.0,83.0,89.0,92.0,81.0
0,0.0,0.0,14.0,0.0,0.0,89.0,71.0,85.0,74.0,91.0,95.0,86.0,92.0,83.0,83.0,89.0,92.0,81.0
0,0.0,0.0,88.0,3.0,6.0,89.0,71.0,85.0,74.0,91.0,95.0,86.0,92.0,83.0,83.0,89.0,92.0,81.0
0,0.0,0.0,68.0,0.0,4.0,89.0,80.0,88.0,82.0,86.0,94.0,82.0,89.0,95.0,88.0,88.0,89.0,84.0
0,0.0,0.0,59.0,0.0,1.0,89.0,78.0,85.0,82.0,86.0,91.0,91.0,91.0,85.0,87.0,91.0,91.0,88.0
0,0.0,0.0,57.0,0.0,5.0,88.0,80.0,87.0,87.0,87.0,93.0,79.0,89.0,97.0,71.0,83.0,91.0,81.0
0,0.0,0.0,0.0,0.0,0.0,88.0,81.0,87.0,85.0,83.0,91.0,83.0,81.0,94.0,80.0,87.0,89.0,82.0
0,0.0,0.0,54.0,0.0,1.0,87.0,64.0,81.0,68.0,93.0,95.0,86.0,88.0,69.0,91.0,88.0,96.0,80.0
0,0.0,0.0,74.0,1.0,4.0,87.0,82.0,87.0,83.0,85.0,90.0,87.0,87.0,76.0,84.0,86.0,92.0,89.0
0,0.0,0.0,56.0,0.0,2.0,87.0,70.0,84.0,71.0,89.0,90.0,85.0,87.0,67.0,90.0,85.0,92.0,86.0
0,0.0,0.0,73.0,1.0,3.0,87.0,73.0,83.0,84.0,86.0,91.0,86.0,81.0,91.0,84.0,87.0,88.0,87.0
0,0.0,0.0,34.0,0.0,0.0,87.0,77.0,88.0,77.0,87.0,91.0,86.0,91.0,77.0,85.0,87.0,89.0,76.0
0,0.0,0.0,41.0,0.0,1.0,87.0,75.0,83.0,74.0,94.0,89.0,90.0,73.0,84.0,89.0,86.0,93.0,72.0
0,0.0,0.0,69.0,1.0,6.0,86.0,69.0,83.0,75.0,92.0,88.0,91.0,84.0,71.0,85.0,84.0,92.0,85.0
0,0.0,0.0,0.0,0.0,0.0,86.0,58.0,78.0,58.0,96.0,93.0,88.0,72.0,50.0,95.0,86.0,95.0,77.0
0,0.0,0.0,0.0,0.0,0.0,86.0,58.0,78.0,58.0,96.0,93.0,88.0,72.0,50.0,95.0,86.0,95.0,77.0
0,0.0,0.0,0.0,0.0,0.0,86.0,58.0,78.0,58.0,96.0,93.0,88.0,72.0,50.0,95.0,86.0,95.0,77.0
0,0.0,0.0,52.0,0.0,1.0,86.0,58.0,78.0,58.0,96.0,93.0,88.0,72.0,50.0,95.0,86.0,95.0,77.0
0,0.0,0.0,4.0,0.0,0.0,86.0,58.0,78.0,58.0,96.0,93.0,88.0,72.0,50.0,95.0,86.0,95.0,77.0
0,0.0,0.0,108.0,4.0,7.0,86.0,72.0,80.0,70.0,93.0,95.0,87.0,89.0,63.0,86.0,84.0,95.0,87.0
0,0.0,0.0,72.0,0.0,5.0,86.0,71.0,80.0,70.0,92.0,93.0,89.0,90.0,72.0,83.0,84.0,92.0,86.0
0,0.0,0.0,71.0,0.0,5.0,86.0,88.0,90.0,85.0,81.0,91.0,83.0,74.0,87.0,84.0,87.0,87.0,74.0
0,0.0,0.0,70.0,0.0,2.0,86.0,75.0,79.0,63.0,98.0,82.0,85.0,77.0,50.0,89.0,82.0,89.0,60.0
0,0.0,0.0,35.0,0.0,0.0,85.0,64.0,75.0,64.0,90.0,88.0,92.0,80.0,57.0,84.0,84.0,90.0,84.0
0,0.0,0.0,100.0,3.0,5.0,85.0,71.0,82.0,78.0,98.0,85.0,84.0,82.0,68.0,88.0,86.0,88.0,90.0
0,0.0,0.0,41.0,0.0,2.0,85.0,70.0,85.0,69.0,91.0,89.0,87.0,89.0,69.0,91.0,86.0,90.0,72.0
0,0.0,0.0,34.0,0.0,1.0,85.0,73.0,84.0,76.0,91.0,89.0,86.0,87.0,74.0,85.0,88.0,82.0,77.0
0,0.0,0.0,0.0,0.0,0.0,85.0,73.0,84.0,76.0,91.0,89.0,86.0,87.0,74.0,85.0,88.0,82.0,77.0
0,0.0,0.0,1.0,0.0,0.0,85.0,73.0,84.0,76.0,91.0,89.0,86.0,87.0,74.0,85.0,88.0,82.0,77.0
0,0.0,0.0,0.0,0.0,0.0,85.0,73.0,84.0,76.0,91.0,89.0,86.0,87.0,74.0,85.0,88.0,82.0,77.0
0,0.0,0.0,38.0,0.0,0.0,85.0,75.0,82.0,68.0,91.0,93.0,87.0,83.0,63.0,86.0,85.0,94.0,82.0
0,0.0,0.0,67.0,0.0,4.0,85.0,83.0,86.0,79.0,87.0,85.0,86.0,87.0,78.0,82.0,87.0,87.0,80.0
0,0.0,0.0,61.0,0.0,1.0,84.0,71.0,84.0,73.0,88.0,88.0,91.0,88.0,72.0,74.0,83.0,84.0,86.0
0,0.0,0.0,23.0,0.0,1.0,84.0,85.0,86.0,87.0,84.0,88.0,80.0,82.0,88.0,65.0,84.0,83.0,76.0
0,0.0,0.0,50.0,0.0,1.0,84.0,83.0,88.0,84.0,80.0,86.0,81.0,78.0,89.0,59.0,83.0,82.0,81.0
0,0.0,0.0,0.0,0.0,0.0,84.0,73.0,83.0,73.0,90.0,89.0,88.0,86.0,66.0,83.0,84.0,88.0,81.0
0,0.0,0.0,66.0,0.0,2.0,84.0,73.0,83.0,73.0,90.0,89.0,88.0,86.0,66.0,83.0,84.0,88.0,81.0
0,0.0,0.0,58.0,0.0,0.0,84.0,64.0,81.0,72.0,89.0,86.0,88.0,75.0,52.0,90.0,87.0,91.0,83.0
0,0.0,0.0,68.0,0.0,0.0,83.0,82.0,87.0,81.0,76.0,89.0,80.0,70.0,88.0,88.0,88.0,86.0,66.0
0,0.0,0.0,49.0,0.0,3.0,83.0,84.0,90.0,80.0,88.0,90.0,70.0,88.0,81.0,63.0,84.0,85.0,82.0
0,0.0,0.0,25.0,0.0,0.0,83.0,71.0,81.0,71.0,94.0,87.0,85.0,87.0,82.0,71.0,81.0,84.0,78.0
0,0.0,0.0,0.0,0.0,0.0,83.0,76.0,86.0,65.0,95.0,82.0,83.0,76.0,56.0,81.0,82.0,85.0,77.0
0,0.0,0.0,33.0,0.0,0.0,83.0,71.0,83.0,78.0,89.0,91.0,85.0,84.0,79.0,73.0,84.0,86.0,80.0
0,0.0,0.0,67.0,0.0,2.0,82.0,82.0,86.0,82.0,79.0,90.0,82.0,58.0,84.0,80.0,84.0,90.0,72.0
0,0.0,0.0,50.0,0.0,1.0,82.0,81.0,87.0,74.0,85.0,87.0,84.0,85.0,69.0,79.0,84.0,82.0,71.0
0,0.0,0.0,47.0,0.0,0.0,82.0,81.0,87.0,74.0,80.0,84.0,83.0,83.0,70.0,88.0,90.0,87.0,78.0
0,0.0,0.0,63.0,0.0,0.0,82.0,71.0,79.0,74.0,87.0,83.0,83.0,73.0,62.0,87.0,82.0,87.0,79.0
0,0.0,0.0,50.0,0.0,2.0,82.0,72.0,83.0,72.0,91.0,86.0,82.0,86.0,70.0,81.0,85.0,88.0,80.0
0,0.0,0.0,20.0,0.0,0.0,81.0,83.0,89.0,82.0,88.0,79.0,81.0,82.0,87.0,63.0,79.0,76.0,76.0
0,0.0,0.0,47.0,0.0,0.0,81.0,65.0,79.0,68.0,90.0,87.0,88.0,68.0,85.0,71.0,85.0,81.0,78.0
0,0.0,0.0,48.0,0.0,0.0,80.0,74.0,83.0,72.0,89.0,84.0,86.0,78.0,55.0,82.0,85.0,86.0,72.0
0,0.0,0.0,45.0,0.0,2.0,80.0,69.0,81.0,73.0,97.0,71.0,81.0,80.0,56.0,80.0,83.0,74.0,89.0
0,0.0,0.0,45.0,0.0,1.0,80.0,75.0,83.0,69.0,83.0,86.0,86.0,85.0,71.0,74.0,84.0,83.0,76.0
0,0.0,0.0,46.0,0.0,0.0,80.0,66.0,79.0,61.0,88.0,87.0,87.0,76.0,60.0,83.0,84.0,89.0,81.0
0,0.0,0.0,56.0,1.0,2.0,80.0,72.0,83.0,67.0,94.0,79.0,89.0,74.0,52.0,72.0,83.0,83.0,87.0
0,0.0,0.0,51.0,1.0,3.0,80.0,78.0,86.0,82.0,89.0,74.0,83.0,76.0,70.0,81.0,84.0,77.0,84.0
0,0.0,0.0,39.0,0.0,1.0,80.0,84.0,88.0,81.0,84.0,82.0,82.0,79.0,70.0,72.0,83.0,76.0,88.0
0,0.0,0.0,0.0,0.0,0.0,79.0,81.0,87.0,85.0,89.0,72.0,84.0,77.0,71.0,78.0,84.0,76.0,81.0
0,0.0,0.0,34.0,0.0,0.0,79.0,77.0,83.0,77.0,86.0,82.0,82.0,83.0,68.0,78.0,82.0,85.0,79.0
0,0.0,0.0,21.0,0.0,0.0,79.0,73.0,82.0,72.0,86.0,81.0,84.0,85.0,60.0,73.0,81.0,84.0,76.0
0,0.0,0.0,0.0,0.0,0.0,79.0,62.0,78.0,68.0,86.0,83.0,89.0,74.0,52.0,82.0,80.0,84.0,72.0
0,0.0,0.0,10.0,0.0,0.0,79.0,78.0,84.0,58.0,92.0,83.0,83.0,77.0,64.0,82.0,83.0,85.0,79.0
0,0.0,0.0,53.0,0.0,2.0,79.0,75.0,85.0,70.0,88.0,84.0,80.0,63.0,83.0,70.0,82.0,86.0,80.0
0,0.0,0.0,24.0,0.0,0.0,78.0,82.0,87.0,78.0,85.0,72.0,85.0,71.0,58.0,82.0,83.0,76.0,83.0
0,0.0,0.0,69.0,1.0,3.0,78.0,81.0,85.0,84.0,84.0,78.0,78.0,82.0,64.0,60.0,81.0,75.0,82.0
0,0.0,0.0,0.0,0.0,0.0,78.0,71.0,82.0,68.0,86.0,82.0,83.0,80.0,60.0,80.0,83.0,85.0,72.0
0,0.0,0.0,16.0,0.0,0.0,78.0,86.0,89.0,86.0,81.0,77.0,77.0,66.0,79.0,68.0,82.0,74.0,78.0
0,0.0,0.0,41.0,0.0,0.0,78.0,72.0,81.0,71.0,87.0,80.0,85.0,82.0,66.0,80.0,80.0,80.0,77.0
0,0.0,0.0,57.0,1.0,5.0,78.0,79.0,91.0,86.0,84.0,74.0,82.0,72.0,79.0,76.0,82.0,73.0,84.0
0,0.0,0.0,55.0,0.0,2.0,78.0,73.0,83.0,65.0,94.0,78.0,85.0,78.0,57.0,72.0,78.0,81.0,87.0
0,0.0,0.0,39.0,0.0,0.0,78.0,73.0,83.0,67.0,94.0,72.0,83.0,67.0,82.0,80.0,80.0,74.0,82.0
0,0.0,0.0,43.0,0.0,0.0,78.0,70.0,85.0,72.0,89.0,81.0,80.0,83.0,64.0,71.0,81.0,79.0,81.0
0,0.0,0.0,43.0,0.0,0.0,78.0,61.0,78.0,61.0,88.0,86.0,84.0,83.0,63.0,82.0,85.0,89.0,79.0
0,0.0,0.0,33.0,0.0,0.0,77.0,77.0,87.0,79.0,83.0,81.0,79.0,80.0,68.0,73.0,82.0,78.0,83.0
0,0.0,0.0,44.0,0.0,0.0,77.0,75.0,83.0,77.0,88.0,78.0,78.0,83.0,66.0,80.0,82.0,75.0,79.0
0,0.0,0.0,26.0,0.0,0.0,77.0,76.0,86.0,78.0,84.0,83.0,79.0,80.0,64.0,60.0,78.0,80.0,81.0
0,0.0,0.0,98.0,0.0,4.0,77.0,86.0,88.0,83.0,82.0,73.0,83.0,64.0,76.0,74.0,85.0,75.0,82.0
0,0.0,0.0,35.0,0.0,0.0,77.0,66.0,80.0,63.0,86.0,81.0,85.0,77.0,61.0,77.0,82.0,84.0,82.0
0,0.0,0.0,34.0,0.0,0.0,77.0,69.0,80.0,67.0,93.0,78.0,84.0,76.0,49.0,78.0,80.0,81.0,52.0
0,0.0,0.0,49.0,0.0,0.0,76.0,69.0,82.0,70.0,88.0,77.0,85.0,76.0,52.0,77.0,81.0,78.0,71.0
0,0.0,0.0,34.0,0.0,0.0,76.0,63.0,79.0,60.0,87.0,76.0,80.0,72.0,60.0,83.0,81.0,79.0,79.0
0,0.0,0.0,41.0,0.0,0.0,76.0,85.0,88.0,79.0,79.0,80.0,81.0,76.0,65.0,71.0,82.0,79.0,83.0
0,0.0,0.0,29.0,0.0,0.0,76.0,74.0,83.0,73.0,79.0,79.0,84.0,81.0,66.0,76.0,83.0,77.0,83.0
0,0.0,0.0,0.0,0.0,0.0,76.0,71.0,82.0,70.0,82.0,88.0,84.0,78.0,63.0,70.0,82.0,83.0,73.0
0,0.0,0.0,15.0,0.0,0.0,76.0,84.0,88.0,87.0,79.0,72.0,75.0,64.0,80.0,67.0,83.0,69.0,75.0
0,0.0,0.0,26.0,0.0,0.0,76.0,76.0,83.0,75.0,87.0,80.0,79.0,79.0,66.0,73.0,80.0,79.0,85.0
0,0.0,0.0,0.0,0.0,0.0,76.0,71.0,81.0,69.0,92.0,72.0,83.0,73.0,60.0,77.0,81.0,73.0,82.0
0,0.0,0.0,50.0,0.0,0.0,76.0,60.0,78.0,64.0,91.0,76.0,85.0,71.0,49.0,79.0,81.0,78.0,65.0
0,0.0,0.0,57.0,0.0,0.0,76.0,61.0,79.0,66.0,88.0,78.0,88.0,79.0,59.0,75.0,81.0,80.0,78.0
0,0.0,0.0,6.0,0.0,0.0,75.0,77.0,85.0,83.0,82.0,78.0,82.0,67.0,76.0,63.0,81.0,73.0,84.0
0,0.0,0.0,18.0,0.0,0.0,75.0,84.0,87.0,77.0,86.0,74.0,73.0,80.0,62.0,78.0,84.0,77.0,77.0
0,0.0,0.0,5.0,0.0,0.0,75.0,84.0,88.0,83.0,69.0,73.0,77.0,63.0,78.0,65.0,82.0,70.0,79.0
0,0.0,0.0,9.0,0.0,0.0,75.0,79.0,88.0,80.0,80.0,75.0,82.0,61.0,75.0,69.0,80.0,73.0,82.0
0,0.0,0.0,45.0,0.0,0.0,75.0,65.0,80.0,60.0,85.0,82.0,80.0,65.0,76.0,79.0,82.0,83.0,76.0
0,0.0,0.0,35.0,0.0,0.0,75.0,72.0,82.0,76.0,86.0,74.0,80.0,75.0,63.0,76.0,83.0,77.0,79.0
0,0.0,0.0,22.0,0.0,0.0,75.0,80.0,88.0,82.0,81.0,72.0,77.0,69.0,78.0,79.0,83.0,70.0,81.0
0,0.0,0.0,0.0,0.0,0.0,75.0,87.0,89.0,85.0,84.0,77.0,74.0,64.0,72.0,68.0,80.0,72.0,84.0
0,0.0,0.0,31.0,0.0,0.0,75.0,67.0,81.0,66.0,90.0,79.0,79.0,74.0,56.0,76.0,80.0,81.0,74.0
0,0.0,0.0,22.0,0.0,0.0,75.0,76.0,85.0,78.0,93.0,59.0,81.0,81.0,66.0,74.0,83.0,61.0,87.0
0,0.0,0.0,38.0,0.0,0.0,75.0,77.0,84.0,73.0,86.0,76.0,84.0,75.0,61.0,76.0,78.0,77.0,79.0
0,0.0,0.0,4.0,0.0,0.0,75.0,72.0,82.0,70.0,86.0,76.0,82.0,80.0,59.0,73.0,78.0,78.0,78.0
0,0.0,0.0,37.0,0.0,0.0,74.0,74.0,83.0,62.0,87.0,77.0,81.0,74.0,55.0,79.0,83.0,78.0,76.0
0,0.0,0.0,48.0,0.0,0.0,74.0,58.0,73.0,67.0,96.0,75.0,86.0,69.0,48.0,66.0,79.0,78.0,87.0
0,0.0,0.0,30.0,0.0,0.0,74.0,65.0,81.0,75.0,92.0,65.0,80.0,72.0,65.0,79.0,76.0,68.0,78.0
0,0.0,0.0,27.0,0.0,0.0,74.0,76.0,81.0,67.0,82.0,78.0,81.0,71.0,65.0,81.0,81.0,80.0,81.0
0,0.0,0.0,39.0,0.0,0.0,74.0,75.0,85.0,69.0,84.0,76.0,82.0,71.0,58.0,73.0,83.0,78.0,75.0
0,0.0,0.0,24.0,0.0,0.0,74.0,75.0,84.0,75.0,87.0,73.0,80.0,78.0,68.0,76.0,82.0,68.0,83.0
0,0.0,0.0,48.0,0.0,0.0,74.0,71.0,81.0,70.0,84.0,82.0,82.0,62.0,81.0,59.0,79.0,76.0,81.0
0,0.0,0.0,21.0,0.0,0.0,74.0,83.0,87.0,80.0,87.0,71.0,79.0,61.0,73.0,75.0,83.0,72.0,81.0
0,0.0,0.0,32.0,0.0,0.0,74.0,73.0,83.0,68.0,87.0,77.0,79.0,72.0,62.0,79.0,83.0,79.0,80.0
0,0.0,0.0,33.0,0.0,0.0,74.0,51.0,74.0,56.0,93.0,76.0,84.0,69.0,44.0,72.0,81.0,79.0,81.0
0,0.0,0.0,0.0,0.0,0.0,74.0,81.0,85.0,78.0,82.0,74.0,83.0,75.0,61.0,77.0,82.0,75.0,79.0
0,0.0,0.0,0.0,0.0,0.0,74.0,81.0,85.0,78.0,82.0,74.0,83.0,75.0,61.0,77.0,82.0,75.0,79.0
0,0.0,0.0,34.0,0.0,0.0,74.0,81.0,85.0,78.0,82.0,74.0,83.0,75.0,61.0,77.0,82.0,75.0,79.0
0,0.0,0.0,23.0,0.0,0.0,74.0,81.0,86.0,76.0,81.0,73.0,81.0,67.0,76.0,72.0,80.0,70.0,80.0
0,0.0,0.0,0.0,0.0,0.0,74.0,73.0,84.0,73.0,89.0,69.0,80.0,76.0,67.0,79.0,83.0,73.0,86.0
0,0.0,0.0,40.0,0.0,0.0,73.0,78.0,83.0,84.0,74.0,72.0,83.0,67.0,77.0,69.0,78.0,71.0,75.0
0,0.0,0.0,8.0,0.0,0.0,73.0,87.0,89.0,81.0,85.0,66.0,81.0,70.0,60.0,76.0,81.0,69.0,81.0
0,0.0,0.0,9.0,0.0,0.0,73.0,79.0,86.0,74.0,83.0,71.0,83.0,66.0,76.0,74.0,83.0,71.0,76.0
0,0.0,0.0,63.0,0.0,0.0,73.0,61.0,79.0,57.0,91.0,86.0,86.0,67.0,48.0,62.0,77.0,89.0,71.0
0,0.0,0.0,20.0,0.0,0.0,73.0,76.0,85.0,69.0,78.0,82.0,77.0,78.0,56.0,76.0,82.0,83.0,72.0
0,0.0,0.0,0.0,0.0,0.0,73.0,72.0,82.0,66.0,85.0,79.0,80.0,72.0,57.0,72.0,83.0,80.0,81.0
0,0.0,0.0,0.0,0.0,0.0,73.0,77.0,86.0,72.0,85.0,71.0,78.0,76.0,57.0,68.0,80.0,72.0,81.0
0,0.0,0.0,22.0,0.0,0.0,73.0,70.0,81.0,76.0,90.0,71.0,84.0,68.0,73.0,74.0,80.0,73.0,78.0
0,0.0,0.0,31.0,0.0,1.0,73.0,86.0,88.0,79.0,82.0,68.0,77.0,75.0,63.0,75.0,81.0,70.0,78.0
0,0.0,0.0,0.0,0.0,0.0,73.0,79.0,85.0,80.0,71.0,75.0,76.0,63.0,79.0,65.0,76.0,74.0,77.0
0,0.0,0.0,43.0,0.0,0.0,73.0,71.0,82.0,62.0,85.0,76.0,83.0,76.0,58.0,73.0,78.0,78.0,75.0
0,0.0,0.0,56.0,1.0,4.0,73.0,84.0,89.0,81.0,79.0,70.0,79.0,58.0,74.0,58.0,77.0,68.0,83.0
0,0.0,0.0,29.0,0.0,0.0,72.0,74.0,81.0,68.0,93.0,74.0,78.0,68.0,50.0,68.0,79.0,76.0,81.0
0,0.0,0.0,3.0,0.0,0.0,72.0,79.0,87.0,77.0,83.0,66.0,79.0,69.0,76.0,77.0,83.0,69.0,80.0
0,0.0,0.0,12.0,0.0,0.0,72.0,83.0,89.0,77.0,83.0,66.0,79.0,74.0,61.0,77.0,82.0,67.0,81.0
0,0.0,0.0,5.0,0.0,0.0,72.0,72.0,83.0,71.0,86.0,67.0,81.0,69.0,74.0,75.0,81.0,71.0,81.0
0,0.0,0.0,16.0,0.0,0.0,72.0,82.0,87.0,80.0,75.0,69.0,76.0,61.0,77.0,62.0,79.0,71.0,83.0
0,0.0,0.0,0.0,0.0,0.0,72.0,65.0,76.0,59.0,88.0,83.0,79.0,75.0,62.0,69.0,78.0,78.0,75.0
0,0.0,0.0,0.0,0.0,0.0,72.0,75.0,84.0,71.0,85.0,76.0,80.0,73.0,63.0,60.0,77.0,72.0,81.0
0,0.0,0.0,0.0,0.0,0.0,72.0,64.0,81.0,58.0,87.0,78.0,80.0,68.0,44.0,70.0,79.0,82.0,75.0
0,0.0,0.0,25.0,0.0,0.0,72.0,70.0,79.0,61.0,84.0,73.0,83.0,63.0,45.0,73.0,81.0,76.0,74.0
0,0.0,0.0,20.0,0.0,0.0,72.0,85.0,88.0,76.0,81.0,60.0,84.0,75.0,67.0,71.0,83.0,62.0,78.0
0,0.0,0.0,13.0,0.0,0.0,72.0,82.0,85.0,80.0,71.0,81.0,72.0,79.0,69.0,64.0,79.0,74.0,82.0
0,0.0,0.0,45.0,0.0,0.0,72.0,73.0,82.0,70.0,86.0,79.0,80.0,68.0,46.0,75.0,76.0,81.0,84.0
0,0.0,0.0,0.0,0.0,0.0,71.0,62.0,77.0,54.0,86.0,77.0,78.0,77.0,55.0,74.0,79.0,78.0,75.0
0,0.0,0.0,0.0,0.0,0.0,71.0,77.0,85.0,84.0,80.0,66.0,76.0,61.0,76.0,69.0,81.0,64.0,76.0
0,0.0,0.0,27.0,0.0,0.0,71.0,66.0,84.0,64.0,91.0,78.0,71.0,65.0,77.0,65.0,77.0,73.0,88.0
0,0.0,0.0,5.0,0.0,0.0,71.0,70.0,81.0,61.0,84.0,74.0,74.0,68.0,80.0,75.0,79.0,77.0,77.0
0,0.0,0.0,4.0,0.0,0.0,71.0,67.0,81.0,58.0,91.0,68.0,81.0,68.0,61.0,71.0,78.0,69.0,83.0
0,0.0,0.0,0.0,0.0,0.0,71.0,77.0,82.0,75.0,79.0,73.0,79.0,76.0,70.0,65.0,79.0,71.0,79.0
0,0.0,0.0,11.0,0.0,0.0,71.0,79.0,84.0,54.0,93.0,66.0,82.0,74.0,51.0,66.0,82.0,68.0,86.0
0,0.0,0.0,0.0,0.0,0.0,71.0,64.0,81.0,69.0,85.0,79.0,78.0,74.0,51.0,69.0,79.0,76.0,80.0
0,0.0,0.0,0.0,0.0,0.0,71.0,76.0,82.0,77.0,84.0,73.0,81.0,73.0,52.0,60.0,78.0,69.0,77.0
0,0.0,0.0,17.0,0.0,0.0,71.0,77.0,88.0,78.0,83.0,64.0,77.0,75.0,62.0,57.0,80.0,62.0,80.0
0,0.0,0.0,0.0,0.0,0.0,71.0,68.0,79.0,64.0,85.0,72.0,85.0,63.0,72.0,71.0,81.0,74.0,78.0
0,0.0,0.0,13.0,0.0,0.0,70.0,59.0,74.0,57.0,88.0,80.0,83.0,75.0,54.0,68.0,80.0,77.0,74.0
0,0.0,0.0,39.0,0.0,0.0,70.0,73.0,81.0,75.0,77.0,80.0,82.0,68.0,51.0,66.0,80.0,82.0,87.0
0,0.0,0.0,14.0,0.0,0.0,70.0,74.0,86.0,70.0,79.0,74.0,78.0,60.0,75.0,70.0,80.0,72.0,81.0
0,0.0,0.0,17.0,0.0,0.0,70.0,73.0,83.0,71.0,84.0,71.0,77.0,67.0,73.0,73.0,80.0,70.0,77.0
0,0.0,0.0,0.0,0.0,0.0,70.0,75.0,83.0,75.0,79.0,68.0,77.0,63.0,79.0,67.0,77.0,62.0,73.0
0,0.0,0.0,33.0,0.0,1.0,70.0,85.0,88.0,83.0,78.0,59.0,79.0,66.0,72.0,70.0,81.0,57.0,77.0
0,0.0,0.0,18.0,0.0,0.0,70.0,78.0,85.0,77.0,77.0,80.0,77.0,77.0,55.0,66.0,78.0,75.0,75.0
0,0.0,0.0,8.0,0.0,0.0,70.0,70.0,84.0,73.0,80.0,76.0,82.0,78.0,63.0,59.0,77.0,72.0,81.0
0,0.0,0.0,17.0,0.0,0.0,70.0,80.0,85.0,84.0,82.0,67.0,73.0,59.0,72.0,69.0,81.0,66.0,81.0
0,0.0,0.0,0.0,0.0,0.0,70.0,72.0,76.0,68.0,89.0,69.0,79.0,66.0,54.0,71.0,79.0,71.0,69.0
0,0.0,0.0,21.0,0.0,0.0,70.0,78.0,85.0,79.0,77.0,71.0,73.0,66.0,74.0,67.0,78.0,68.0,82.0
0,0.0,0.0,0.0,0.0,0.0,70.0,77.0,80.0,70.0,88.0,66.0,81.0,69.0,59.0,70.0,77.0,65.0,88.0
0,0.0,0.0,0.0,0.0,0.0,70.0,77.0,82.0,75.0,79.0,75.0,72.0,77.0,64.0,61.0,77.0,71.0,75.0
0,0.0,0.0,22.0,0.0,0.0,70.0,75.0,81.0,70.0,79.0,75.0,78.0,72.0,57.0,74.0,81.0,81.0,77.0
0,0.0,0.0,12.0,0.0,0.0,70.0,82.0,86.0,78.0,78.0,70.0,77.0,59.0,71.0,58.0,77.0,71.0,79.0
0,0.0,0.0,3.0,0.0,0.0,69.0,68.0,76.0,57.0,88.0,71.0,79.0,71.0,61.0,70.0,76.0,72.0,83.0
0,0.0,0.0,0.0,0.0,0.0,69.0,72.0,83.0,64.0,86.0,72.0,78.0,72.0,50.0,68.0,78.0,74.0,82.0
0,0.0,0.0,0.0,0.0,0.0,69.0,79.0,87.0,81.0,81.0,67.0,78.0,69.0,62.0,67.0,79.0,63.0,76.0
0,0.0,0.0,35.0,0.0,0.0,69.0,74.0,84.0,75.0,82.0,70.0,78.0,69.0,59.0,74.0,78.0,72.0,80.0
0,0.0,0.0,18.0,0.0,0.0,69.0,72.0,80.0,70.0,81.0,73.0,80.0,74.0,52.0,61.0,77.0,70.0,74.0
0,0.0,0.0,4.0,0.0,0.0,69.0,85.0,88.0,83.0,80.0,64.0,71.0,74.0,64.0,71.0,78.0,69.0,79.0
0,0.0,0.0,0.0,0.0,0.0,69.0,66.0,81.0,64.0,83.0,73.0,82.0,72.0,56.0,69.0,77.0,75.0,84.0
0,0.0,0.0,0.0,0.0,0.0,69.0,65.0,78.0,67.0,84.0,76.0,82.0,76.0,65.0,59.0,76.0,72.0,80.0
0,0.0,0.0,11.0,0.0,0.0,69.0,85.0,89.0,82.0,77.0,62.0,79.0,72.0,61.0,75.0,76.0,65.0,79.0
0,0.0,0.0,29.0,0.0,0.0,69.0,69.0,81.0,60.0,86.0,72.0,76.0,69.0,60.0,71.0,78.0,75.0,79.0
0,0.0,0.0,16.0,0.0,0.0,69.0,75.0,82.0,66.0,83.0,69.0,74.0,74.0,64.0,73.0,81.0,72.0,82.0
0,0.0,0.0,3.0,0.0,0.0,69.0,69.0,79.0,67.0,87.0,70.0,78.0,77.0,67.0,62.0,77.0,69.0,83.0
0,0.0,0.0,32.0,0.0,0.0,69.0,64.0,79.0,63.0,85.0,77.0,81.0,71.0,49.0,67.0,80.0,79.0,70.0
0,0.0,0.0,26.0,0.0,0.0,68.0,75.0,86.0,73.0,80.0,68.0,78.0,71.0,58.0,76.0,76.0,66.0,80.0
0,0.0,0.0,0.0,0.0,0.0,68.0,78.0,81.0,73.0,80.0,70.0,80.0,66.0,72.0,67.0,75.0,70.0,76.0
0,0.0,0.0,2.0,0.0,0.0,68.0,72.0,82.0,70.0,91.0,66.0,75.0,68.0,60.0,66.0,79.0,69.0,78.0
0,0.0,0.0,0.0,0.0,0.0,68.0,69.0,82.0,57.0,87.0,65.0,80.0,60.0,77.0,75.0,78.0,68.0,76.0
0,0.0,0.0,24.0,0.0,0.0,68.0,76.0,83.0,73.0,78.0,69.0,77.0,60.0,73.0,69.0,81.0,66.0,80.0
0,0.0,0.0,0.0,0.0,0.0,68.0,73.0,83.0,81.0,85.0,69.0,80.0,70.0,61.0,65.0,78.0,70.0,77.0
0,0.0,0.0,13.0,0.0,0.0,68.0,69.0,82.0,59.0,88.0,73.0,78.0,64.0,48.0,64.0,76.0,75.0,77.0
0,0.0,0.0,21.0,0.0,0.0,68.0,79.0,85.0,77.0,82.0,65.0,77.0,70.0,61.0,57.0,77.0,64.0,84.0
0,0.0,0.0,3.0,0.0,0.0,68.0,69.0,80.0,64.0,85.0,71.0,76.0,75.0,65.0,69.0,79.0,73.0,75.0
0,0.0,0.0,8.0,0.0,0.0,68.0,71.0,81.0,69.0,88.0,70.0,78.0,73.0,62.0,66.0,77.0,68.0,78.0
0,0.0,0.0,14.0,0.0,0.0,68.0,81.0,85.0,74.0,71.0,65.0,76.0,65.0,76.0,67.0,76.0,63.0,78.0
0,0.0,0.0,0.0,0.0,0.0,68.0,66.0,80.0,72.0,80.0,72.0,80.0,67.0,45.0,75.0,79.0,73.0,81.0
0,0.0,0.0,0.0,0.0,0.0,68.0,57.0,74.0,57.0,85.0,80.0,80.0,75.0,60.0,61.0,77.0,79.0,77.0
0,0.0,0.0,5.0,0.0,0.0,68.0,78.0,83.0,84.0,79.0,58.0,78.0,57.0,74.0,58.0,78.0,56.0,80.0
0,0.0,0.0,4.0,0.0,0.0,68.0,85.0,89.0,78.0,83.0,54.0,76.0,64.0,72.0,70.0,77.0,51.0,82.0
0,0.0,0.0,0.0,0.0,0.0,68.0,80.0,85.0,82.0,81.0,60.0,76.0,73.0,63.0,64.0,78.0,59.0,80.0
0,0.0,0.0,5.0,0.0,0.0,68.0,73.0,83.0,76.0,89.0,70.0,77.0,73.0,62.0,57.0,76.0,67.0,78.0
0,0.0,0.0,17.0,0.0,0.0,68.0,81.0,86.0,76.0,80.0,63.0,75.0,74.0,61.0,64.0,76.0,62.0,76.0
0,0.0,0.0,29.0,0.0,0.0,68.0,74.0,83.0,67.0,79.0,62.0,77.0,60.0,80.0,64.0,77.0,65.0,76.0
0,0.0,0.0,13.0,0.0,0.0,68.0,86.0,85.0,83.0,77.0,63.0,76.0,51.0,68.0,60.0,76.0,62.0,78.0
0,0.0,0.0,28.0,0.0,0.0,68.0,62.0,77.0,60.0,83.0,77.0,83.0,71.0,53.0,66.0,79.0,74.0,80.0
0,0.0,0.0,23.0,0.0,0.0,68.0,73.0,82.0,67.0,75.0,69.0,82.0,74.0,53.0,71.0,78.0,73.0,77.0
0,0.0,0.0,0.0,0.0,0.0,68.0,66.0,80.0,61.0,79.0,79.0,79.0,70.0,63.0,67.0,80.0,81.0,78.0
0,0.0,0.0,27.0,0.0,0.0,67.0,73.0,84.0,76.0,77.0,65.0,81.0,63.0,70.0,69.0,81.0,68.0,78.0
0,0.0,0.0,0.0,0.0,0.0,67.0,82.0,89.0,71.0,82.0,64.0,79.0,66.0,55.0,59.0,76.0,66.0,74.0
0,0.0,0.0,0.0,0.0,0.0,67.0,82.0,89.0,71.0,82.0,64.0,79.0,66.0,55.0,59.0,76.0,66.0,74.0
0,0.0,0.0,8.0,0.0,0.0,67.0,82.0,89.0,71.0,82.0,64.0,79.0,66.0,55.0,59.0,76.0,66.0,74.0
0,0.0,0.0,5.0,0.0,0.0,67.0,78.0,84.0,69.0,85.0,67.0,78.0,54.0,69.0,60.0,77.0,66.0,82.0
0,0.0,0.0,17.0,0.0,0.0,67.0,74.0,83.0,55.0,89.0,79.0,81.0,64.0,46.0,56.0,76.0,77.0,78.0
0,0.0,0.0,10.0,0.0,0.0,67.0,76.0,83.0,69.0,88.0,60.0,80.0,69.0,54.0,61.0,77.0,57.0,82.0
0,0.0,0.0,0.0,0.0,0.0,67.0,63.0,80.0,58.0,84.0,75.0,78.0,72.0,53.0,64.0,78.0,77.0,77.0
0,0.0,0.0,0.0,0.0,0.0,67.0,72.0,81.0,69.0,85.0,69.0,77.0,75.0,66.0,63.0,75.0,69.0,72.0
0,0.0,0.0,7.0,0.0,0.0,67.0,80.0,85.0,78.0,84.0,58.0,80.0,68.0,56.0,68.0,78.0,60.0,79.0
0,0.0,0.0,1.0,0.0,0.0,67.0,80.0,86.0,79.0,74.0,58.0,76.0,61.0,71.0,73.0,80.0,56.0,83.0
0,0.0,0.0,10.0,0.0,0.0,67.0,82.0,84.0,81.0,84.0,55.0,78.0,68.0,61.0,73.0,82.0,58.0,83.0
0,0.0,0.0,40.0,0.0,0.0,67.0,71.0,81.0,77.0,87.0,70.0,77.0,67.0,54.0,64.0,78.0,71.0,78.0
0,0.0,0.0,28.0,0.0,0.0,67.0,64.0,77.0,59.0,92.0,66.0,79.0,73.0,51.0,64.0,76.0,68.0,81.0
0,0.0,0.0,10.0,0.0,0.0,67.0,77.0,86.0,72.0,83.0,70.0,73.0,61.0,73.0,65.0,81.0,67.0,70.0
0,0.0,0.0,2.0,0.0,0.0,67.0,77.0,84.0,81.0,83.0,61.0,77.0,56.0,69.0,64.0,79.0,61.0,78.0
0,0.0,0.0,54.0,0.0,4.0,67.0,83.0,87.0,82.0,73.0,61.0,74.0,61.0,69.0,67.0,77.0,60.0,77.0
0,0.0,0.0,32.0,0.0,0.0,67.0,79.0,84.0,74.0,88.0,62.0,73.0,67.0,73.0,67.0,76.0,65.0,83.0
0,0.0,0.0,0.0,0.0,0.0,67.0,67.0,79.0,61.0,87.0,68.0,76.0,71.0,51.0,67.0,78.0,71.0,84.0
0,0.0,0.0,17.0,0.0,0.0,67.0,67.0,79.0,61.0,87.0,68.0,76.0,71.0,51.0,67.0,78.0,71.0,84.0
0,0.0,0.0,0.0,0.0,0.0,67.0,69.0,82.0,60.0,86.0,64.0,77.0,69.0,60.0,71.0,77.0,65.0,75.0
0,0.0,0.0,16.0,0.0,0.0,67.0,66.0,79.0,71.0,82.0,68.0,80.0,69.0,64.0,68.0,79.0,71.0,76.0
0,0.0,0.0,5.0,0.0,0.0,66.0,81.0,85.0,73.0,84.0,58.0,75.0,59.0,67.0,74.0,81.0,59.0,77.0
0,0.0,0.0,4.0,0.0,0.0,66.0,70.0,85.0,68.0,87.0,58.0,77.0,70.0,64.0,71.0,79.0,55.0,78.0
0,0.0,0.0,30.0,0.0,0.0,66.0,69.0,81.0,62.0,83.0,67.0,83.0,72.0,68.0,65.0,77.0,67.0,78.0
0,0.0,0.0,18.0,0.0,0.0,66.0,79.0,87.0,76.0,78.0,63.0,75.0,70.0,62.0,62.0,73.0,65.0,75.0
0,0.0,0.0,0.0,0.0,0.0,66.0,84.0,87.0,82.0,75.0,53.0,74.0,54.0,71.0,59.0,76.0,52.0,81.0
0,0.0,0.0,0.0,0.0,0.0,66.0,82.0,87.0,79.0,73.0,64.0,73.0,60.0,67.0,66.0,80.0,67.0,78.0
0,0.0,0.0,13.0,0.0,0.0,66.0,72.0,83.0,55.0,87.0,63.0,82.0,74.0,61.0,59.0,77.0,58.0,84.0
0,0.0,0.0,0.0,0.0,0.0,66.0,75.0,85.0,81.0,90.0,59.0,78.0,67.0,65.0,65.0,77.0,59.0,76.0
0,0.0,0.0,1.0,0.0,0.0,66.0,74.0,88.0,72.0,89.0,59.0,79.0,66.0,56.0,68.0,75.0,55.0,76.0
0,0.0,0.0,0.0,0.0,0.0,66.0,80.0,85.0,80.0,70.0,64.0,74.0,75.0,67.0,62.0,80.0,65.0,68.0
0,0.0,0.0,5.0,0.0,0.0,66.0,78.0,85.0,72.0,78.0,68.0,79.0,68.0,61.0,69.0,76.0,64.0,77.0
0,0.0,0.0,0.0,0.0,0.0,66.0,74.0,81.0,78.0,87.0,58.0,82.0,70.0,65.0,68.0,73.0,59.0,78.0
0,0.0,0.0,15.0,0.0,0.0,66.0,77.0,86.0,73.0,86.0,59.0,76.0,67.0,62.0,58.0,78.0,59.0,80.0
0,0.0,0.0,7.0,0.0,0.0,66.0,82.0,86.0,79.0,76.0,51.0,76.0,57.0,71.0,64.0,79.0,52.0,85.0
0,0.0,0.0,0.0,0.0,0.0,66.0,82.0,86.0,68.0,86.0,54.0,77.0,70.0,62.0,66.0,78.0,56.0,82.0
0,0.0,0.0,1.0,0.0,0.0,66.0,69.0,79.0,63.0,89.0,64.0,69.0,61.0,77.0,70.0,74.0,63.0,75.0
0,0.0,0.0,2.0,0.0,0.0,66.0,69.0,82.0,63.0,89.0,60.0,80.0,68.0,58.0,67.0,79.0,57.0,81.0
0,0.0,0.0,0.0,0.0,0.0,66.0,65.0,74.0,73.0,87.0,70.0,73.0,65.0,46.0,68.0,79.0,72.0,74.0
0,0.0,0.0,0.0,0.0,0.0,66.0,61.0,72.0,52.0,88.0,73.0,81.0,73.0,46.0,64.0,72.0,72.0,68.0
0,0.0,0.0,12.0,0.0,0.0,66.0,65.0,79.0,69.0,84.0,68.0,78.0,72.0,67.0,71.0,78.0,64.0,79.0
0,0.0,0.0,0.0,0.0,0.0,66.0,72.0,82.0,70.0,82.0,72.0,76.0,68.0,58.0,56.0,74.0,70.0,75.0
0,0.0,0.0,20.0,0.0,0.0,66.0,74.0,82.0,67.0,86.0,71.0,76.0,64.0,69.0,66.0,77.0,70.0,78.0
0,0.0,0.0,22.0,0.0,0.0,65.0,72.0,86.0,73.0,82.0,62.0,77.0,67.0,53.0,72.0,76.0,60.0,76.0
0,0.0,0.0,2.0,0.0,0.0,65.0,71.0,83.0,66.0,90.0,51.0,78.0,68.0,59.0,67.0,78.0,53.0,82.0
0,0.0,0.0,5.0,0.0,0.0,65.0,73.0,81.0,68.0,80.0,67.0,73.0,79.0,59.0,59.0,77.0,65.0,77.0
0,0.0,0.0,31.0,0.0,0.0,65.0,67.0,78.0,65.0,88.0,65.0,79.0,72.0,56.0,57.0,77.0,63.0,83.0
0,0.0,0.0,0.0,0.0,0.0,65.0,67.0,78.0,65.0,88.0,65.0,79.0,72.0,56.0,57.0,77.0,63.0,83.0
0,0.0,0.0,30.0,0.0,0.0,65.0,71.0,83.0,61.0,80.0,67.0,84.0,64.0,51.0,64.0,78.0,69.0,77.0
0,0.0,0.0,2.0,0.0,0.0,65.0,66.0,81.0,62.0,79.0,63.0,78.0,73.0,62.0,72.0,79.0,67.0,82.0
0,0.0,0.0,0.0,0.0,0.0,65.0,78.0,84.0,73.0,72.0,58.0,73.0,79.0,63.0,57.0,75.0,61.0,75.0
0,0.0,0.0,37.0,0.0,0.0,65.0,68.0,82.0,61.0,90.0,63.0,76.0,71.0,57.0,65.0,77.0,64.0,75.0
0,0.0,0.0,9.0,0.0,0.0,65.0,71.0,82.0,60.0,79.0,71.0,83.0,70.0,63.0,61.0,76.0,68.0,82.0
0,0.0,0.0,1.0,0.0,0.0,65.0,76.0,84.0,81.0,84.0,43.0,83.0,71.0,61.0,72.0,78.0,44.0,79.0
0,0.0,0.0,0.0,0.0,0.0,65.0,66.0,79.0,63.0,85.0,58.0,83.0,74.0,47.0,72.0,71.0,56.0,75.0
0,0.0,0.0,10.0,0.0,0.0,65.0,77.0,86.0,77.0,89.0,56.0,75.0,62.0,67.0,61.0,77.0,54.0,84.0
0,0.0,0.0,0.0,0.0,0.0,65.0,61.0,76.0,65.0,86.0,69.0,79.0,73.0,58.0,62.0,72.0,65.0,80.0
0,0.0,0.0,0.0,0.0,0.0,65.0,81.0,88.0,71.0,78.0,63.0,76.0,55.0,65.0,56.0,78.0,61.0,75.0
0,0.0,0.0,9.0,0.0,0.0,65.0,74.0,81.0,71.0,80.0,64.0,80.0,66.0,70.0,69.0,77.0,62.0,77.0
0,0.0,0.0,2.0,0.0,0.0,65.0,68.0,80.0,58.0,92.0,54.0,77.0,60.0,40.0,72.0,74.0,53.0,73.0
0,0.0,0.0,13.0,0.0,0.0,65.0,59.0,81.0,60.0,90.0,67.0,81.0,64.0,43.0,59.0,77.0,70.0,69.0
0,0.0,0.0,0.0,0.0,0.0,65.0,63.0,78.0,62.0,81.0,69.0,78.0,66.0,57.0,69.0,76.0,70.0,74.0
0,0.0,0.0,0.0,0.0,0.0,65.0,68.0,80.0,59.0,83.0,62.0,81.0,66.0,52.0,68.0,79.0,65.0,76.0
0,0.0,0.0,7.0,0.0,0.0,65.0,78.0,85.0,63.0,87.0,56.0,78.0,67.0,61.0,67.0,80.0,57.0,82.0
0,0.0,0.0,0.0,0.0,0.0,64.0,69.0,82.0,63.0,85.0,53.0,78.0,56.0,66.0,71.0,74.0,56.0,76.0
0,0.0,0.0,0.0,0.0,0.0,64.0,73.0,81.0,70.0,85.0,61.0,78.0,71.0,49.0,64.0,76.0,61.0,73.0
0,0.0,0.0,0.0,0.0,0.0,64.0,85.0,86.0,75.0,73.0,56.0,80.0,58.0,64.0,60.0,79.0,54.0,81.0
0,0.0,0.0,0.0,0.0,0.0,64.0,77.0,80.0,66.0,81.0,61.0,74.0,69.0,60.0,70.0,78.0,64.0,83.0
0,0.0,0.0,1.0,0.0,0.0,64.0,77.0,80.0,66.0,81.0,61.0,74.0,69.0,60.0,70.0,78.0,64.0,83.0
0,0.0,0.0,34.0,0.0,1.0,64.0,70.0,81.0,67.0,79.0,61.0,76.0,57.0,73.0,70.0,78.0,66.0,73.0
0,0.0,0.0,0.0,0.0,0.0,64.0,70.0,81.0,67.0,79.0,61.0,76.0,57.0,73.0,70.0,78.0,66.0,73.0
0,0.0,0.0,1.0,0.0,0.0,64.0,70.0,81.0,67.0,79.0,61.0,76.0,57.0,73.0,70.0,78.0,66.0,73.0
0,0.0,0.0,0.0,0.0,0.0,64.0,70.0,81.0,67.0,79.0,61.0,76.0,57.0,73.0,70.0,78.0,66.0,73.0
0,0.0,0.0,0.0,0.0,0.0,64.0,78.0,81.0,73.0,77.0,55.0,77.0,64.0,72.0,70.0,73.0,54.0,80.0
0,0.0,0.0,0.0,0.0,0.0,64.0,68.0,78.0,58.0,86.0,56.0,77.0,65.0,51.0,73.0,73.0,58.0,79.0
0,0.0,0.0,0.0,0.0,0.0,64.0,66.0,79.0,61.0,84.0,71.0,79.0,69.0,59.0,58.0,73.0,70.0,73.0
0,0.0,0.0,4.0,0.0,0.0,64.0,67.0,79.0,63.0,82.0,68.0,74.0,62.0,75.0,62.0,76.0,68.0,80.0
0,0.0,0.0,32.0,0.0,0.0,64.0,78.0,81.0,71.0,88.0,51.0,78.0,63.0,72.0,66.0,76.0,48.0,80.0
0,0.0,0.0,15.0,0.0,0.0,64.0,66.0,80.0,59.0,88.0,56.0,75.0,70.0,66.0,68.0,80.0,58.0,79.0
0,0.0,0.0,0.0,0.0,0.0,64.0,77.0,84.0,80.0,76.0,63.0,74.0,68.0,50.0,65.0,75.0,63.0,75.0
0,0.0,0.0,0.0,0.0,0.0,64.0,79.0,82.0,75.0,77.0,59.0,76.0,71.0,60.0,66.0,75.0,57.0,81.0
0,0.0,0.0,0.0,0.0,0.0,63.0,78.0,86.0,83.0,75.0,55.0,75.0,68.0,65.0,65.0,79.0,54.0,77.0
0,0.0,0.0,0.0,0.0,0.0,63.0,78.0,84.0,75.0,78.0,58.0,77.0,67.0,63.0,69.0,77.0,62.0,74.0
0,0.0,0.0,0.0,0.0,0.0,63.0,79.0,87.0,76.0,71.0,55.0,75.0,65.0,68.0,64.0,76.0,51.0,76.0
0,0.0,0.0,1.0,0.0,0.0,63.0,73.0,79.0,67.0,83.0,54.0,78.0,67.0,54.0,69.0,74.0,56.0,78.0
0,0.0,0.0,1.0,0.0,0.0,63.0,68.0,77.0,62.0,86.0,67.0,73.0,64.0,50.0,66.0,74.0,66.0,74.0
0,0.0,0.0,0.0,0.0,0.0,63.0,68.0,82.0,64.0,80.0,57.0,76.0,56.0,68.0,72.0,78.0,58.0,82.0
0,0.0,0.0,21.0,0.0,0.0,63.0,69.0,79.0,69.0,79.0,66.0,82.0,70.0,60.0,57.0,75.0,63.0,83.0
0,0.0,0.0,0.0,0.0,0.0,63.0,70.0,80.0,68.0,82.0,58.0,81.0,67.0,58.0,68.0,76.0,61.0,80.0
0,0.0,0.0,0.0,0.0,0.0,63.0,70.0,82.0,66.0,83.0,61.0,78.0,62.0,68.0,66.0,80.0,63.0,79.0
0,0.0,0.0,0.0,0.0,0.0,63.0,65.0,81.0,55.0,84.0,69.0,80.0,66.0,57.0,61.0,73.0,67.0,76.0
0,0.0,0.0,0.0,0.0,0.0,63.0,80.0,86.0,74.0,79.0,58.0,76.0,65.0,63.0,69.0,78.0,57.0,75.0
0,0.0,0.0,0.0,0.0,0.0,63.0,76.0,86.0,73.0,86.0,61.0,77.0,53.0,62.0,61.0,75.0,59.0,77.0
0,0.0,0.0,0.0,0.0,0.0,63.0,63.0,78.0,59.0,87.0,55.0,79.0,63.0,53.0,69.0,70.0,56.0,83.0
0,0.0,0.0,14.0,0.0,0.0,63.0,67.0,78.0,64.0,84.0,58.0,73.0,67.0,69.0,71.0,76.0,62.0,80.0
0,0.0,0.0,0.0,0.0,0.0,63.0,73.0,85.0,75.0,78.0,56.0,78.0,70.0,60.0,63.0,68.0,59.0,81.0
0,0.0,0.0,35.0,0.0,0.0,63.0,73.0,85.0,70.0,81.0,55.0,77.0,64.0,45.0,70.0,78.0,53.0,76.0
0,0.0,0.0,0.0,0.0,0.0,63.0,79.0,85.0,73.0,74.0,57.0,75.0,61.0,69.0,63.0,77.0,55.0,74.0
0,0.0,0.0,11.0,0.0,0.0,63.0,67.0,79.0,60.0,83.0,65.0,76.0,67.0,55.0,72.0,76.0,64.0,74.0
0,0.0,0.0,0.0,0.0,0.0,63.0,84.0,88.0,74.0,72.0,52.0,75.0,62.0,67.0,66.0,74.0,53.0,79.0
0,0.0,0.0,0.0,0.0,0.0,63.0,68.0,79.0,66.0,90.0,55.0,76.0,68.0,59.0,67.0,75.0,56.0,73.0
0,0.0,0.0,0.0,0.0,0.0,62.0,64.0,80.0,67.0,81.0,55.0,76.0,66.0,57.0,69.0,77.0,57.0,80.0
0,0.0,0.0,0.0,0.0,0.0,62.0,78.0,85.0,76.0,79.0,57.0,73.0,61.0,65.0,64.0,76.0,55.0,73.0
0,0.0,0.0,0.0,0.0,0.0,62.0,69.0,80.0,68.0,80.0,60.0,76.0,61.0,68.0,68.0,77.0,61.0,75.0
0,0.0,0.0,0.0,0.0,0.0,62.0,55.0,78.0,59.0,83.0,63.0,81.0,55.0,70.0,60.0,75.0,64.0,78.0
0,0.0,0.0,0.0,0.0,0.0,62.0,64.0,80.0,58.0,88.0,54.0,78.0,62.0,48.0,67.0,76.0,55.0,72.0
0,0.0,0.0,0.0,0.0,0.0,62.0,79.0,83.0,81.0,85.0,48.0,78.0,58.0,65.0,60.0,73.0,50.0,87.0
0,0.0,0.0,26.0,0.0,0.0,62.0,63.0,81.0,69.0,90.0,53.0,78.0,65.0,48.0,64.0,75.0,54.0,81.0
0,0.0,0.0,0.0,0.0,0.0,62.0,61.0,74.0,58.0,85.0,55.0,77.0,65.0,55.0,70.0,75.0,58.0,82.0
0,0.0,0.0,3.0,0.0,0.0,62.0,67.0,77.0,69.0,91.0,51.0,74.0,63.0,46.0,68.0,75.0,52.0,74.0
0,0.0,0.0,0.0,0.0,0.0,62.0,75.0,81.0,69.0,80.0,54.0,77.0,52.0,68.0,72.0,82.0,52.0,79.0
0,0.0,0.0,1.0,0.0,0.0,62.0,68.0,82.0,63.0,89.0,50.0,79.0,66.0,55.0,62.0,79.0,52.0,76.0
0,0.0,0.0,3.0,0.0,0.0,62.0,78.0,87.0,75.0,74.0,52.0,78.0,67.0,58.0,66.0,80.0,53.0,78.0
0,0.0,0.0,0.0,0.0,0.0,62.0,73.0,81.0,72.0,87.0,47.0,76.0,69.0,59.0,68.0,78.0,48.0,80.0
0,0.0,0.0,11.0,0.0,0.0,62.0,82.0,86.0,73.0,80.0,60.0,74.0,70.0,65.0,58.0,75.0,58.0,82.0
0,0.0,0.0,0.0,0.0,0.0,61.0,68.0,82.0,70.0,91.0,44.0,79.0,66.0,59.0,65.0,73.0,46.0,81.0
0,0.0,0.0,0.0,0.0,0.0,61.0,61.0,73.0,56.0,87.0,62.0,80.0,60.0,43.0,61.0,75.0,62.0,74.0
0,0.0,0.0,0.0,0.0,0.0,61.0,68.0,79.0,74.0,87.0,53.0,76.0,62.0,70.0,60.0,73.0,51.0,73.0
0,0.0,0.0,4.0,0.0,0.0,61.0,67.0,75.0,57.0,75.0,68.0,79.0,70.0,64.0,59.0,81.0,66.0,76.0
0,0.0,0.0,0.0,0.0,0.0,61.0,67.0,75.0,57.0,75.0,68.0,79.0,70.0,64.0,59.0,81.0,66.0,76.0
0,0.0,0.0,0.0,0.0,0.0,61.0,75.0,84.0,76.0,75.0,56.0,73.0,67.0,62.0,66.0,77.0,52.0,75.0
0,0.0,0.0,0.0,0.0,0.0,61.0,73.0,82.0,55.0,85.0,51.0,83.0,60.0,68.0,60.0,75.0,52.0,80.0
0,0.0,0.0,0.0,0.0,0.0,61.0,68.0,79.0,68.0,86.0,52.0,77.0,67.0,57.0,70.0,74.0,54.0,76.0
0,0.0,0.0,3.0,0.0,0.0,61.0,88.0,90.0,76.0,75.0,45.0,73.0,57.0,64.0,60.0,76.0,43.0,80.0
0,0.0,0.0,0.0,0.0,0.0,61.0,63.0,76.0,62.0,73.0,56.0,81.0,66.0,53.0,74.0,78.0,59.0,76.0
0,0.0,0.0,0.0,0.0,0.0,60.0,65.0,79.0,62.0,85.0,54.0,78.0,67.0,56.0,62.0,78.0,53.0,76.0
0,0.0,0.0,0.0,0.0,0.0,60.0,66.0,76.0,57.0,85.0,57.0,72.0,63.0,67.0,72.0,74.0,58.0,83.0
0,0.0,0.0,0.0,0.0,0.0,60.0,63.0,79.0,63.0,82.0,53.0,79.0,63.0,47.0,65.0,76.0,55.0,77.0
0,0.0,0.0,0.0,0.0,0.0,60.0,80.0,87.0,77.0,81.0,54.0,75.0,56.0,62.0,63.0,78.0,50.0,78.0
0,0.0,0.0,0.0,0.0,0.0,58.0,68.0,64.0,61.0,87.0,48.0,77.0,69.0,63.0,63.0,72.0,51.0,78.0
0,0.0,0.0,0.0,0.0,0.0,58.0,64.0,79.0,65.0,79.0,50.0,78.0,67.0,52.0,69.0,74.0,49.0,76.0
0,0.0,0.0,0.0,0.0,0.0,58.0,70.0,79.0,70.0,80.0,46.0,78.0,65.0,57.0,69.0,77.0,47.0,76.0
0,0.0,0.0,0.0,0.0,0.0,57.0,67.0,80.0,63.0,79.0,50.0,78.0,68.0,60.0,61.0,77.0,51.0,76.0
0,0.0,0.0,0.0,0.0,0.0,57.0,78.0,84.0,60.0,83.0,43.0,80.0,65.0,58.0,60.0,77.0,44.0,76.0
0,0.0,0.0,0.0,0.0,0.0,56.0,76.0,86.0,73.0,74.0,48.0,75.0,69.0,62.0,64.0,77.0,51.0,70.0
0,0.0,0.0,0.0,0.0,0.0,56.0,62.0,79.0,60.0,82.0,48.0,79.0,62.0,54.0,60.0,74.0,50.0,77.0
0,0.0,0.0,0.0,0.0,0.0,54.0,60.0,73.0,54.0,81.0,48.0,77.0,61.0,42.0,63.0,73.0,46.0,73.0
76,272.0,25.0,90.0,4.0,6.0,99.0,88.0,91.0,85.0,96.0,98.0,92.0,98.0,91.0,90.0,97.0,94.0,84.0
73,280.0,30.0,123.0,8.0,10.0,99.0,82.0,90.0,86.0,99.0,99.0,93.0,99.0,97.0,97.0,98.0,99.0,89.0
77,295.0,32.0,108.0,4.0,7.0,94.0,71.0,79.0,70.0,94.0,99.0,94.0,95.0,75.0,95.0,93.0,99.0,92.0
76,266.0,23.0,57.0,1.0,5.0,93.0,79.0,91.0,87.0,87.0,95.0,89.0,86.0,95.0,83.0,92.0,92.0,84.0
76,347.0,26.0,45.0,0.0,2.0,93.0,69.0,81.0,73.0,98.0,92.0,89.0,90.0,73.0,92.0,90.0,95.0,89.0
75,300.0,26.0,50.0,0.0,2.0,92.0,72.0,83.0,72.0,94.0,95.0,95.0,91.0,76.0,84.0,88.0,95.0,80.0
76,287.0,32.0,106.0,1.0,8.0,92.0,77.0,84.0,80.0,92.0,98.0,91.0,90.0,77.0,88.0,92.0,98.0,85.0
78,300.0,27.0,0.0,0.0,0.0,91.0,70.0,84.0,73.0,92.0,93.0,84.0,96.0,88.0,85.0,90.0,91.0,81.0
78,300.0,27.0,10.0,0.0,0.0,91.0,70.0,84.0,73.0,92.0,93.0,84.0,96.0,88.0,85.0,90.0,91.0,81.0
78,300.0,27.0,0.0,0.0,0.0,91.0,70.0,84.0,73.0,92.0,93.0,84.0,96.0,88.0,85.0,90.0,91.0,81.0
78,300.0,27.0,0.0,0.0,0.0,91.0,70.0,84.0,73.0,92.0,93.0,84.0,96.0,88.0,85.0,90.0,91.0,81.0
78,300.0,27.0,14.0,0.0,0.0,91.0,70.0,84.0,73.0,92.0,93.0,84.0,96.0,88.0,85.0,90.0,91.0,81.0
78,300.0,27.0,88.0,3.0,6.0,91.0,70.0,84.0,73.0,92.0,93.0,84.0,96.0,88.0,85.0,90.0,91.0,81.0
75,265.0,29.0,68.0,0.0,4.0,91.0,80.0,88.0,81.0,88.0,93.0,88.0,85.0,91.0,89.0,93.0,96.0,84.0
77,288.0,32.0,110.0,5.0,5.0,90.0,77.0,83.0,85.0,95.0,96.0,87.0,88.0,84.0,87.0,90.0,92.0,87.0
79,295.0,27.0,73.0,1.0,3.0,90.0,72.0,85.0,84.0,91.0,92.0,88.0,82.0,91.0,87.0,92.0,90.0,87.0
76,310.0,30.0,95.0,1.0,6.0,89.0,77.0,85.0,78.0,95.0,87.0,91.0,86.0,70.0,85.0,87.0,89.0,80.0
76,301.0,24.0,51.0,0.0,3.0,89.0,73.0,84.0,75.0,97.0,95.0,84.0,88.0,77.0,88.0,93.0,93.0,88.0
72,345.0,28.0,0.0,0.0,0.0,89.0,71.0,85.0,67.0,95.0,86.0,86.0,81.0,63.0,91.0,87.0,93.0,77.0
77,252.0,26.0,71.0,0.0,5.0,89.0,87.0,90.0,85.0,82.0,91.0,83.0,84.0,92.0,85.0,91.0,86.0,74.0
75,314.0,25.0,0.0,0.0,0.0,88.0,69.0,82.0,64.0,96.0,90.0,85.0,83.0,69.0,89.0,86.0,90.0,82.0
75,314.0,25.0,60.0,0.0,3.0,88.0,69.0,82.0,64.0,96.0,90.0,85.0,83.0,69.0,89.0,86.0,90.0,82.0
77,265.0,24.0,54.0,0.0,4.0,88.0,85.0,88.0,82.0,77.0,95.0,88.0,84.0,89.0,77.0,88.0,92.0,79.0
80,315.0,35.0,112.0,1.0,6.0,88.0,71.0,82.0,79.0,92.0,91.0,91.0,78.0,68.0,89.0,91.0,92.0,85.0
79,292.0,27.0,41.0,0.0,0.0,87.0,73.0,80.0,70.0,93.0,95.0,87.0,86.0,74.0,87.0,88.0,96.0,80.0
76,347.0,31.0,54.0,0.0,1.0,87.0,62.0,80.0,67.0,95.0,94.0,85.0,89.0,68.0,90.0,91.0,95.0,82.0
75,319.0,24.0,0.0,0.0,0.0,87.0,76.0,86.0,65.0,95.0,90.0,87.0,79.0,60.0,84.0,85.0,92.0,77.0
77,264.0,22.0,23.0,0.0,1.0,86.0,87.0,91.0,86.0,86.0,86.0,89.0,73.0,82.0,83.0,87.0,83.0,84.0
75,303.0,23.0,51.0,1.0,3.0,86.0,78.0,86.0,79.0,89.0,89.0,88.0,84.0,75.0,83.0,88.0,88.0,84.0
77,249.0,23.0,42.0,0.0,2.0,86.0,88.0,91.0,88.0,76.0,89.0,78.0,70.0,89.0,72.0,86.0,85.0,79.0
78,303.0,28.0,38.0,0.0,0.0,86.0,73.0,82.0,68.0,92.0,89.0,87.0,91.0,69.0,91.0,89.0,89.0,82.0
75,347.0,27.0,43.0,0.0,0.0,85.0,64.0,76.0,60.0,88.0,91.0,87.0,76.0,61.0,88.0,88.0,94.0,79.0
76,270.0,26.0,56.0,1.0,4.0,85.0,84.0,89.0,82.0,81.0,88.0,81.0,76.0,88.0,69.0,87.0,87.0,83.0
74,305.0,28.0,53.0,0.0,2.0,85.0,73.0,84.0,69.0,88.0,88.0,92.0,74.0,89.0,76.0,88.0,84.0,80.0
72,305.0,28.0,56.0,0.0,2.0,85.0,69.0,84.0,71.0,91.0,93.0,84.0,86.0,74.0,86.0,89.0,92.0,86.0
77,255.0,28.0,62.0,0.0,3.0,84.0,85.0,88.0,85.0,84.0,82.0,83.0,83.0,77.0,86.0,94.0,83.0,86.0
76,329.0,32.0,70.0,0.0,2.0,84.0,74.0,78.0,62.0,97.0,85.0,88.0,80.0,57.0,84.0,82.0,82.0,68.0
74,247.0,32.0,57.0,0.0,3.0,84.0,80.0,86.0,84.0,83.0,84.0,83.0,79.0,90.0,76.0,87.0,80.0,82.0
76,315.0,27.0,37.0,0.0,0.0,83.0,67.0,82.0,60.0,92.0,85.0,86.0,75.0,60.0,82.0,86.0,88.0,75.0
76,275.0,27.0,41.0,0.0,0.0,83.0,82.0,87.0,78.0,83.0,89.0,84.0,84.0,72.0,77.0,86.0,87.0,83.0
77,302.0,27.0,0.0,0.0,0.0,83.0,72.0,82.0,72.0,90.0,87.0,88.0,85.0,68.0,86.0,88.0,85.0,81.0
77,302.0,27.0,66.0,0.0,2.0,83.0,72.0,82.0,72.0,90.0,87.0,88.0,85.0,68.0,86.0,88.0,85.0,81.0
74,261.0,26.0,20.0,0.0,0.0,83.0,83.0,89.0,82.0,88.0,80.0,82.0,80.0,87.0,71.0,84.0,77.0,76.0
76,310.0,26.0,35.0,0.0,0.0,83.0,73.0,85.0,70.0,86.0,86.0,90.0,72.0,53.0,83.0,83.0,90.0,76.0
76,313.0,34.0,100.0,3.0,5.0,82.0,73.0,81.0,77.0,92.0,87.0,83.0,78.0,68.0,82.0,85.0,89.0,88.0
78,258.0,28.0,15.0,0.0,0.0,82.0,82.0,87.0,86.0,79.0,83.0,82.0,78.0,86.0,74.0,84.0,81.0,78.0
74,246.0,26.0,50.0,0.0,1.0,82.0,81.0,89.0,83.0,80.0,86.0,82.0,81.0,84.0,64.0,85.0,82.0,82.0
75,304.0,34.0,45.0,0.0,0.0,82.0,71.0,81.0,68.0,87.0,91.0,85.0,74.0,53.0,81.0,83.0,94.0,83.0
73,287.0,23.0,42.0,0.0,0.0,81.0,83.0,87.0,85.0,89.0,83.0,87.0,80.0,72.0,75.0,85.0,81.0,81.0
74,265.0,33.0,59.0,0.0,1.0,81.0,77.0,84.0,81.0,87.0,86.0,80.0,82.0,76.0,81.0,86.0,86.0,88.0
78,260.0,24.0,42.0,0.0,1.0,81.0,91.0,93.0,82.0,80.0,79.0,81.0,74.0,80.0,81.0,86.0,81.0,80.0
76,292.0,24.0,32.0,0.0,0.0,81.0,79.0,84.0,74.0,90.0,86.0,86.0,77.0,83.0,80.0,83.0,84.0,83.0
73,340.0,32.0,0.0,0.0,0.0,81.0,57.0,77.0,57.0,96.0,87.0,77.0,72.0,50.0,81.0,84.0,92.0,77.0
73,340.0,32.0,0.0,0.0,0.0,81.0,57.0,77.0,57.0,96.0,87.0,77.0,72.0,50.0,81.0,84.0,92.0,77.0
73,340.0,32.0,0.0,0.0,0.0,81.0,57.0,77.0,57.0,96.0,87.0,77.0,72.0,50.0,81.0,84.0,92.0,77.0
73,340.0,32.0,52.0,0.0,1.0,81.0,57.0,77.0,57.0,96.0,87.0,77.0,72.0,50.0,81.0,84.0,92.0,77.0
73,340.0,32.0,4.0,0.0,0.0,81.0,57.0,77.0,57.0,96.0,87.0,77.0,72.0,50.0,81.0,84.0,92.0,77.0
78,265.0,24.0,20.0,0.0,0.0,81.0,85.0,88.0,76.0,82.0,84.0,84.0,83.0,74.0,78.0,85.0,80.0,78.0
74,254.0,33.0,0.0,0.0,0.0,80.0,81.0,85.0,82.0,76.0,87.0,77.0,69.0,85.0,74.0,88.0,83.0,66.0
75,310.0,27.0,25.0,0.0,0.0,80.0,70.0,80.0,70.0,97.0,83.0,82.0,80.0,76.0,73.0,83.0,79.0,75.0
76,342.0,23.0,0.0,0.0,0.0,80.0,73.0,81.0,69.0,93.0,85.0,87.0,79.0,65.0,79.0,85.0,85.0,82.0
77,320.0,23.0,28.0,0.0,1.0,80.0,70.0,82.0,70.0,94.0,77.0,86.0,77.0,61.0,80.0,85.0,74.0,84.0
76,300.0,28.0,43.0,0.0,0.0,80.0,69.0,84.0,71.0,89.0,85.0,81.0,85.0,68.0,78.0,82.0,82.0,81.0
77,285.0,31.0,0.0,0.0,0.0,80.0,69.0,81.0,69.0,83.0,91.0,83.0,85.0,71.0,77.0,86.0,89.0,73.0
75,273.0,33.0,67.0,0.0,4.0,80.0,80.0,84.0,77.0,87.0,84.0,80.0,83.0,75.0,76.0,83.0,80.0,80.0
74,252.0,30.0,23.0,0.0,1.0,79.0,84.0,86.0,87.0,84.0,82.0,79.0,74.0,79.0,70.0,85.0,77.0,76.0
75,311.0,25.0,32.0,0.0,0.0,79.0,73.0,82.0,70.0,87.0,78.0,87.0,78.0,65.0,79.0,84.0,79.0,81.0
74,290.0,30.0,39.0,0.0,0.0,79.0,73.0,84.0,67.0,84.0,86.0,85.0,63.0,75.0,80.0,86.0,88.0,77.0
76,315.0,25.0,35.0,0.0,0.0,79.0,72.0,82.0,76.0,86.0,83.0,82.0,78.0,65.0,82.0,86.0,85.0,80.0
77,251.0,24.0,33.0,0.0,1.0,79.0,85.0,88.0,83.0,78.0,75.0,85.0,75.0,81.0,71.0,83.0,71.0,77.0
76,315.0,26.0,26.0,0.0,0.0,79.0,63.0,81.0,69.0,90.0,82.0,81.0,75.0,54.0,80.0,83.0,85.0,81.0
76,309.0,34.0,34.0,0.0,0.0,79.0,68.0,79.0,66.0,93.0,80.0,85.0,73.0,50.0,79.0,80.0,80.0,67.0
75,307.0,25.0,30.0,0.0,0.0,78.0,65.0,80.0,75.0,93.0,77.0,84.0,70.0,63.0,75.0,81.0,80.0,78.0
73,312.0,25.0,34.0,0.0,0.0,78.0,63.0,78.0,60.0,88.0,83.0,82.0,71.0,59.0,81.0,83.0,85.0,79.0
75,260.0,28.0,49.0,0.0,3.0,78.0,82.0,89.0,79.0,88.0,84.0,74.0,79.0,74.0,67.0,82.0,80.0,82.0
76,315.0,31.0,63.0,0.0,0.0,78.0,70.0,78.0,73.0,91.0,85.0,82.0,74.0,61.0,78.0,85.0,86.0,79.0
77,271.0,27.0,0.0,0.0,0.0,78.0,74.0,83.0,71.0,85.0,81.0,88.0,76.0,64.0,79.0,84.0,79.0,81.0
77,285.0,31.0,48.0,0.0,0.0,78.0,72.0,82.0,71.0,89.0,82.0,84.0,73.0,55.0,80.0,84.0,86.0,72.0
75,299.0,24.0,37.0,0.0,0.0,77.0,74.0,83.0,67.0,87.0,78.0,87.0,76.0,64.0,80.0,85.0,79.0,77.0
78,281.0,30.0,39.0,0.0,0.0,77.0,72.0,81.0,74.0,85.0,85.0,83.0,79.0,59.0,75.0,82.0,87.0,84.0
74,272.0,22.0,26.0,0.0,0.0,77.0,85.0,86.0,88.0,86.0,67.0,84.0,78.0,63.0,76.0,83.0,67.0,82.0
75,264.0,26.0,17.0,0.0,0.0,77.0,79.0,84.0,84.0,82.0,77.0,84.0,68.0,79.0,76.0,84.0,75.0,81.0
76,310.0,22.0,10.0,0.0,0.0,77.0,73.0,81.0,66.0,88.0,83.0,82.0,73.0,77.0,76.0,83.0,80.0,82.0
75,250.0,26.0,11.0,0.0,0.0,77.0,85.0,89.0,83.0,78.0,81.0,79.0,80.0,71.0,74.0,83.0,78.0,79.0
73,312.0,25.0,0.0,0.0,0.0,77.0,71.0,79.0,61.0,87.0,79.0,81.0,76.0,55.0,80.0,83.0,80.0,83.0
73,312.0,25.0,17.0,0.0,0.0,77.0,71.0,79.0,61.0,87.0,79.0,81.0,76.0,55.0,80.0,83.0,80.0,83.0
78,285.0,32.0,0.0,0.0,0.0,77.0,82.0,85.0,82.0,79.0,78.0,86.0,67.0,77.0,74.0,84.0,76.0,72.0
75,317.0,27.0,46.0,0.0,0.0,77.0,65.0,78.0,61.0,88.0,78.0,85.0,76.0,61.0,79.0,84.0,80.0,82.0
72,305.0,26.0,40.0,0.0,0.0,76.0,70.0,81.0,77.0,87.0,79.0,81.0,75.0,58.0,78.0,82.0,77.0,78.0
75,245.0,26.0,36.0,0.0,0.0,76.0,85.0,89.0,82.0,83.0,72.0,83.0,62.0,75.0,72.0,80.0,69.0,83.0
75,318.0,27.0,35.0,0.0,0.0,76.0,63.0,74.0,63.0,94.0,80.0,82.0,76.0,56.0,74.0,83.0,80.0,84.0
79,266.0,21.0,0.0,0.0,0.0,76.0,83.0,89.0,79.0,78.0,74.0,86.0,75.0,68.0,78.0,85.0,71.0,81.0
75,281.0,24.0,27.0,0.0,0.0,76.0,73.0,85.0,76.0,78.0,82.0,84.0,68.0,78.0,77.0,83.0,81.0,80.0
75,306.0,27.0,47.0,0.0,0.0,76.0,64.0,78.0,68.0,89.0,83.0,84.0,64.0,74.0,75.0,84.0,80.0,78.0
75,259.0,25.0,26.0,0.0,0.0,76.0,75.0,83.0,77.0,86.0,83.0,79.0,76.0,64.0,75.0,83.0,80.0,85.0
76,322.0,29.0,57.0,0.0,0.0,76.0,60.0,77.0,65.0,88.0,80.0,82.0,75.0,58.0,79.0,81.0,83.0,78.0
76,330.0,26.0,35.0,0.0,0.0,76.0,64.0,79.0,62.0,86.0,83.0,83.0,71.0,58.0,81.0,83.0,85.0,82.0
71,310.0,25.0,0.0,0.0,0.0,76.0,68.0,81.0,64.0,85.0,79.0,84.0,66.0,78.0,78.0,82.0,81.0,78.0
75,263.0,24.0,27.0,0.0,1.0,76.0,79.0,85.0,80.0,77.0,76.0,82.0,69.0,80.0,72.0,83.0,75.0,81.0
77,319.0,23.0,22.0,0.0,0.0,75.0,72.0,84.0,76.0,91.0,75.0,82.0,77.0,73.0,74.0,83.0,72.0,80.0
75,305.0,27.0,44.0,0.0,0.0,75.0,75.0,82.0,78.0,88.0,83.0,77.0,76.0,64.0,74.0,82.0,80.0,79.0
77,265.0,26.0,40.0,0.0,0.0,75.0,78.0,83.0,84.0,76.0,84.0,77.0,67.0,76.0,76.0,84.0,82.0,75.0
75,260.0,33.0,0.0,0.0,0.0,75.0,78.0,84.0,80.0,76.0,82.0,78.0,68.0,78.0,71.0,83.0,77.0,72.0
76,314.0,27.0,28.0,0.0,0.0,75.0,60.0,75.0,58.0,88.0,78.0,83.0,75.0,59.0,77.0,82.0,81.0,80.0
78,296.0,27.0,38.0,0.0,0.0,75.0,75.0,83.0,72.0,86.0,77.0,84.0,78.0,66.0,72.0,81.0,75.0,79.0
75,311.0,26.0,45.0,0.0,0.0,75.0,65.0,80.0,60.0,85.0,79.0,83.0,61.0,73.0,78.0,83.0,81.0,76.0
75,340.0,29.0,50.0,0.0,0.0,75.0,59.0,76.0,62.0,90.0,89.0,84.0,69.0,50.0,71.0,82.0,88.0,65.0
75,300.0,23.0,0.0,0.0,0.0,75.0,78.0,82.0,72.0,89.0,78.0,83.0,66.0,72.0,74.0,83.0,77.0,79.0
75,294.0,30.0,61.0,0.0,1.0,75.0,69.0,83.0,72.0,86.0,81.0,87.0,73.0,62.0,74.0,82.0,79.0,86.0
74,291.0,26.0,39.0,0.0,0.0,74.0,73.0,82.0,67.0,92.0,69.0,83.0,67.0,77.0,73.0,82.0,71.0,82.0
78,315.0,25.0,6.0,0.0,0.0,74.0,77.0,85.0,69.0,85.0,77.0,78.0,77.0,72.0,75.0,83.0,75.0,81.0
78,341.0,28.0,31.0,0.0,0.0,74.0,66.0,78.0,64.0,88.0,81.0,82.0,78.0,63.0,74.0,82.0,81.0,83.0
78,341.0,28.0,0.0,0.0,0.0,74.0,66.0,78.0,64.0,88.0,81.0,82.0,78.0,63.0,74.0,82.0,81.0,83.0
75,277.0,26.0,12.0,0.0,0.0,74.0,83.0,89.0,77.0,83.0,70.0,80.0,75.0,62.0,78.0,82.0,71.0,81.0
79,295.0,30.0,22.0,0.0,0.0,74.0,74.0,80.0,69.0,79.0,81.0,80.0,70.0,56.0,78.0,82.0,85.0,77.0
76,320.0,24.0,18.0,0.0,0.0,74.0,69.0,79.0,68.0,91.0,72.0,80.0,73.0,61.0,74.0,80.0,75.0,79.0
74,305.0,27.0,33.0,0.0,0.0,74.0,70.0,82.0,74.0,88.0,82.0,77.0,75.0,70.0,73.0,79.0,79.0,80.0
75,255.0,23.0,0.0,0.0,0.0,74.0,83.0,89.0,80.0,72.0,73.0,79.0,63.0,76.0,62.0,80.0,71.0,80.0
76,300.0,33.0,69.0,1.0,6.0,74.0,68.0,82.0,74.0,92.0,68.0,82.0,75.0,64.0,74.0,80.0,70.0,85.0
75,280.0,26.0,21.0,0.0,0.0,74.0,82.0,87.0,80.0,87.0,71.0,81.0,65.0,76.0,73.0,84.0,72.0,81.0
76,265.0,24.0,23.0,0.0,0.0,74.0,82.0,86.0,77.0,83.0,74.0,83.0,68.0,75.0,72.0,82.0,72.0,80.0
79,275.0,28.0,20.0,0.0,0.0,74.0,76.0,86.0,75.0,79.0,81.0,77.0,78.0,66.0,72.0,86.0,81.0,77.0
77,300.0,27.0,17.0,0.0,0.0,74.0,76.0,87.0,77.0,83.0,74.0,83.0,76.0,63.0,75.0,83.0,72.0,80.0
75,300.0,28.0,0.0,0.0,0.0,73.0,74.0,84.0,79.0,90.0,74.0,79.0,75.0,69.0,71.0,77.0,74.0,76.0
77,265.0,22.0,16.0,0.0,0.0,73.0,78.0,83.0,77.0,84.0,78.0,76.0,75.0,66.0,71.0,80.0,77.0,81.0
77,285.0,31.0,45.0,0.0,1.0,73.0,73.0,82.0,67.0,83.0,80.0,82.0,75.0,65.0,73.0,84.0,78.0,76.0
75,310.0,35.0,0.0,0.0,0.0,73.0,60.0,77.0,65.0,86.0,83.0,85.0,73.0,51.0,74.0,79.0,85.0,72.0
75,335.0,33.0,49.0,0.0,0.0,73.0,68.0,81.0,68.0,88.0,73.0,85.0,73.0,52.0,72.0,81.0,75.0,72.0
77,248.0,26.0,5.0,0.0,0.0,73.0,84.0,88.0,83.0,69.0,75.0,75.0,61.0,76.0,65.0,83.0,71.0,79.0
78,297.0,25.0,32.0,0.0,0.0,73.0,78.0,81.0,71.0,88.0,64.0,84.0,67.0,77.0,80.0,82.0,66.0,81.0
76,332.0,30.0,0.0,0.0,0.0,73.0,62.0,79.0,57.0,87.0,79.0,84.0,68.0,46.0,72.0,79.0,82.0,75.0
75,308.0,24.0,15.0,0.0,0.0,73.0,66.0,79.0,59.0,88.0,73.0,78.0,77.0,73.0,77.0,81.0,76.0,79.0
77,302.0,30.0,58.0,0.0,0.0,73.0,62.0,80.0,71.0,89.0,74.0,86.0,70.0,50.0,74.0,82.0,77.0,83.0
75,260.0,26.0,0.0,0.0,0.0,73.0,75.0,84.0,76.0,84.0,76.0,83.0,74.0,55.0,72.0,81.0,75.0,78.0
77,266.0,23.0,17.0,0.0,0.0,73.0,84.0,87.0,80.0,81.0,71.0,83.0,73.0,64.0,72.0,82.0,71.0,82.0
78,301.0,30.0,21.0,0.0,0.0,73.0,71.0,81.0,71.0,86.0,71.0,85.0,76.0,56.0,79.0,80.0,75.0,76.0
76,291.0,28.0,29.0,0.0,0.0,73.0,73.0,82.0,66.0,80.0,84.0,84.0,61.0,76.0,72.0,82.0,82.0,76.0
74,310.0,26.0,48.0,0.0,0.0,73.0,71.0,80.0,70.0,83.0,85.0,78.0,65.0,77.0,70.0,82.0,83.0,80.0
74,242.0,25.0,13.0,0.0,0.0,73.0,86.0,85.0,82.0,77.0,73.0,75.0,61.0,76.0,67.0,78.0,70.0,78.0
77,280.0,24.0,11.0,0.0,0.0,72.0,75.0,83.0,77.0,80.0,75.0,77.0,78.0,70.0,70.0,80.0,70.0,78.0
75,280.0,27.0,0.0,0.0,0.0,72.0,76.0,79.0,68.0,88.0,68.0,80.0,79.0,67.0,74.0,79.0,67.0,88.0
74,334.0,31.0,0.0,0.0,0.0,72.0,68.0,81.0,56.0,87.0,70.0,82.0,59.0,75.0,74.0,81.0,72.0,76.0
76,330.0,27.0,0.0,0.0,0.0,72.0,65.0,79.0,63.0,83.0,77.0,83.0,73.0,62.0,72.0,79.0,79.0,84.0
74,315.0,31.0,48.0,0.0,0.0,72.0,56.0,72.0,66.0,92.0,76.0,84.0,73.0,51.0,68.0,81.0,77.0,87.0
78,265.0,29.0,0.0,0.0,0.0,72.0,84.0,87.0,78.0,75.0,67.0,78.0,68.0,78.0,67.0,78.0,64.0,77.0
74,260.0,25.0,16.0,0.0,0.0,72.0,84.0,87.0,86.0,81.0,68.0,79.0,66.0,72.0,69.0,82.0,64.0,78.0
76,281.0,24.0,35.0,0.0,0.0,72.0,74.0,84.0,75.0,83.0,73.0,83.0,73.0,62.0,73.0,78.0,75.0,81.0
75,309.0,25.0,30.0,0.0,0.0,72.0,69.0,80.0,62.0,84.0,81.0,78.0,74.0,66.0,78.0,80.0,79.0,78.0
74,304.0,24.0,10.0,0.0,0.0,72.0,79.0,84.0,74.0,84.0,71.0,81.0,69.0,73.0,73.0,81.0,70.0,78.0
74,310.0,23.0,5.0,0.0,0.0,72.0,72.0,83.0,71.0,86.0,69.0,79.0,69.0,75.0,74.0,82.0,72.0,81.0
74,282.0,23.0,27.0,0.0,0.0,72.0,77.0,83.0,68.0,84.0,75.0,82.0,76.0,67.0,72.0,83.0,73.0,78.0
76,266.0,27.0,13.0,0.0,0.0,72.0,82.0,87.0,79.0,76.0,71.0,78.0,65.0,75.0,71.0,80.0,68.0,85.0
75,333.0,32.0,28.0,0.0,0.0,72.0,62.0,76.0,58.0,91.0,71.0,83.0,72.0,51.0,72.0,77.0,72.0,81.0
76,265.0,33.0,63.0,0.0,4.0,72.0,78.0,85.0,77.0,84.0,73.0,78.0,74.0,66.0,68.0,81.0,69.0,87.0
74,345.0,28.0,33.0,0.0,0.0,72.0,50.0,72.0,55.0,93.0,76.0,82.0,72.0,51.0,70.0,82.0,80.0,81.0
74,317.0,21.0,20.0,0.0,0.0,72.0,72.0,85.0,65.0,90.0,67.0,77.0,70.0,62.0,76.0,80.0,69.0,79.0
74,280.0,30.0,0.0,0.0,0.0,72.0,73.0,82.0,73.0,79.0,79.0,85.0,60.0,74.0,74.0,81.0,75.0,73.0
76,279.0,24.0,17.0,0.0,0.0,72.0,82.0,86.0,76.0,80.0,72.0,81.0,74.0,62.0,75.0,79.0,74.0,76.0
77,258.0,23.0,20.0,0.0,0.0,72.0,81.0,85.0,78.0,82.0,73.0,78.0,73.0,66.0,68.0,79.0,72.0,80.0
77,240.0,25.0,21.0,0.0,0.0,71.0,78.0,84.0,79.0,77.0,76.0,75.0,66.0,75.0,71.0,80.0,73.0,82.0
76,270.0,26.0,8.0,0.0,0.0,71.0,86.0,88.0,80.0,84.0,61.0,80.0,74.0,63.0,68.0,79.0,57.0,79.0
75,328.0,30.0,0.0,0.0,0.0,71.0,64.0,77.0,65.0,88.0,73.0,76.0,71.0,55.0,75.0,79.0,75.0,75.0
75,258.0,27.0,11.0,0.0,0.0,71.0,81.0,85.0,73.0,80.0,70.0,77.0,78.0,73.0,68.0,76.0,68.0,82.0
74,305.0,27.0,20.0,0.0,0.0,71.0,74.0,84.0,68.0,78.0,75.0,83.0,71.0,53.0,74.0,81.0,77.0,72.0
78,295.0,24.0,24.0,0.0,0.0,71.0,75.0,84.0,75.0,85.0,73.0,76.0,74.0,65.0,71.0,80.0,69.0,83.0
73,270.0,23.0,0.0,0.0,0.0,71.0,80.0,86.0,73.0,85.0,70.0,78.0,67.0,75.0,70.0,81.0,70.0,80.0
76,261.0,30.0,29.0,0.0,0.0,71.0,72.0,82.0,72.0,79.0,80.0,79.0,74.0,62.0,73.0,82.0,77.0,82.0
76,250.0,26.0,18.0,0.0,0.0,71.0,81.0,87.0,75.0,78.0,73.0,75.0,76.0,65.0,72.0,80.0,75.0,76.0
78,330.0,24.0,23.0,0.0,0.0,71.0,68.0,81.0,61.0,86.0,72.0,81.0,71.0,61.0,74.0,79.0,71.0,78.0
77,300.0,27.0,0.0,0.0,0.0,71.0,64.0,77.0,66.0,85.0,84.0,77.0,75.0,61.0,71.0,83.0,80.0,80.0
74,309.0,28.0,31.0,0.0,0.0,71.0,65.0,80.0,65.0,90.0,71.0,79.0,71.0,56.0,71.0,80.0,74.0,74.0
74,320.0,27.0,43.0,0.0,0.0,71.0,69.0,81.0,61.0,85.0,77.0,82.0,71.0,54.0,74.0,80.0,78.0,75.0
77,291.0,25.0,22.0,0.0,0.0,71.0,76.0,85.0,78.0,87.0,67.0,80.0,72.0,60.0,68.0,80.0,68.0,85.0
76,287.0,28.0,27.0,0.0,0.0,71.0,75.0,80.0,66.0,82.0,73.0,79.0,70.0,66.0,78.0,82.0,75.0,81.0
77,298.0,28.0,0.0,0.0,0.0,71.0,76.0,80.0,72.0,81.0,79.0,78.0,76.0,68.0,71.0,76.0,76.0,76.0
75,300.0,25.0,0.0,0.0,0.0,71.0,75.0,81.0,71.0,82.0,62.0,79.0,59.0,67.0,79.0,83.0,65.0,79.0
75,265.0,30.0,0.0,0.0,0.0,71.0,78.0,84.0,79.0,71.0,79.0,78.0,62.0,73.0,72.0,81.0,76.0,77.0
75,281.0,23.0,0.0,0.0,0.0,70.0,86.0,87.0,76.0,81.0,72.0,75.0,67.0,71.0,74.0,77.0,69.0,81.0
72,324.0,25.0,17.0,0.0,0.0,70.0,73.0,83.0,71.0,84.0,73.0,77.0,65.0,71.0,73.0,81.0,71.0,77.0
73,310.0,28.0,0.0,0.0,0.0,70.0,73.0,81.0,65.0,85.0,69.0,80.0,71.0,57.0,72.0,80.0,72.0,80.0
76,255.0,24.0,0.0,0.0,0.0,70.0,77.0,84.0,84.0,80.0,63.0,83.0,61.0,73.0,73.0,81.0,65.0,76.0
75,278.0,22.0,11.0,0.0,0.0,70.0,83.0,86.0,81.0,83.0,72.0,78.0,71.0,64.0,71.0,77.0,70.0,76.0
76,315.0,27.0,22.0,0.0,0.0,70.0,70.0,80.0,76.0,90.0,70.0,77.0,66.0,73.0,68.0,79.0,72.0,78.0
75,264.0,24.0,1.0,0.0,0.0,70.0,84.0,88.0,74.0,83.0,70.0,75.0,70.0,63.0,71.0,80.0,65.0,80.0
75,290.0,23.0,7.0,0.0,0.0,70.0,79.0,85.0,76.0,87.0,66.0,81.0,64.0,67.0,72.0,81.0,65.0,79.0
76,308.0,31.0,22.0,0.0,0.0,70.0,71.0,85.0,72.0,82.0,76.0,80.0,70.0,55.0,73.0,77.0,74.0,76.0
75,313.0,26.0,0.0,0.0,0.0,70.0,72.0,75.0,69.0,89.0,71.0,83.0,67.0,55.0,74.0,82.0,73.0,71.0
74,235.0,27.0,0.0,0.0,0.0,70.0,84.0,87.0,79.0,76.0,66.0,77.0,58.0,73.0,66.0,79.0,64.0,85.0
73,286.0,27.0,14.0,0.0,0.0,70.0,72.0,85.0,69.0,79.0,75.0,79.0,63.0,76.0,71.0,82.0,74.0,81.0
77,270.0,22.0,3.0,0.0,0.0,70.0,75.0,84.0,84.0,82.0,67.0,82.0,71.0,62.0,68.0,82.0,62.0,86.0
79,289.0,27.0,21.0,0.0,0.0,70.0,78.0,84.0,77.0,82.0,68.0,77.0,74.0,65.0,72.0,79.0,67.0,84.0
74,291.0,25.0,16.0,0.0,0.0,70.0,75.0,82.0,66.0,83.0,70.0,82.0,74.0,66.0,68.0,81.0,66.0,82.0
75,259.0,23.0,4.0,0.0,0.0,70.0,83.0,86.0,74.0,79.0,68.0,77.0,66.0,74.0,71.0,79.0,66.0,78.0
75,259.0,27.0,29.0,0.0,0.0,70.0,75.0,83.0,80.0,86.0,66.0,82.0,62.0,73.0,72.0,81.0,67.0,81.0
74,304.0,24.0,0.0,0.0,0.0,70.0,71.0,80.0,65.0,88.0,69.0,77.0,70.0,66.0,72.0,77.0,70.0,80.0
77,295.0,25.0,12.0,0.0,0.0,70.0,65.0,79.0,69.0,84.0,70.0,82.0,77.0,70.0,73.0,80.0,67.0,79.0
74,287.0,25.0,10.0,0.0,0.0,69.0,77.0,86.0,77.0,89.0,59.0,80.0,67.0,75.0,67.0,78.0,56.0,83.0
76,318.0,28.0,23.0,0.0,0.0,69.0,71.0,81.0,66.0,79.0,77.0,78.0,74.0,55.0,71.0,78.0,77.0,77.0
80,295.0,34.0,18.0,0.0,0.0,69.0,82.0,86.0,74.0,86.0,65.0,74.0,71.0,58.0,69.0,81.0,70.0,77.0
73,292.0,28.0,0.0,0.0,0.0,69.0,68.0,81.0,62.0,85.0,74.0,83.0,64.0,75.0,73.0,76.0,72.0,76.0
74,300.0,21.0,3.0,0.0,0.0,69.0,72.0,82.0,73.0,91.0,53.0,81.0,64.0,55.0,71.0,80.0,57.0,83.0
77,257.0,24.0,0.0,0.0,0.0,69.0,83.0,89.0,82.0,85.0,58.0,81.0,69.0,60.0,72.0,78.0,56.0,80.0
74,307.0,28.0,30.0,0.0,0.0,69.0,70.0,82.0,61.0,80.0,72.0,83.0,68.0,54.0,70.0,80.0,75.0,77.0
77,274.0,32.0,18.0,0.0,0.0,69.0,77.0,84.0,76.0,77.0,76.0,77.0,73.0,55.0,67.0,78.0,70.0,75.0
74,261.0,23.0,0.0,0.0,0.0,69.0,80.0,84.0,75.0,82.0,64.0,77.0,73.0,62.0,72.0,79.0,66.0,77.0
75,250.0,25.0,4.0,0.0,0.0,69.0,86.0,89.0,83.0,80.0,66.0,71.0,73.0,63.0,67.0,78.0,69.0,78.0
76,280.0,26.0,10.0,0.0,0.0,69.0,75.0,82.0,69.0,88.0,62.0,81.0,73.0,57.0,71.0,79.0,59.0,82.0
77,285.0,25.0,10.0,0.0,0.0,69.0,82.0,84.0,81.0,84.0,60.0,77.0,73.0,64.0,71.0,80.0,62.0,83.0
75,303.0,23.0,5.0,0.0,0.0,69.0,71.0,80.0,71.0,81.0,69.0,82.0,70.0,58.0,74.0,82.0,67.0,82.0
76,273.0,24.0,0.0,0.0,0.0,69.0,84.0,87.0,75.0,77.0,66.0,77.0,73.0,68.0,72.0,79.0,63.0,79.0
76,325.0,21.0,0.0,0.0,0.0,69.0,72.0,82.0,65.0,86.0,64.0,78.0,69.0,59.0,75.0,79.0,63.0,77.0
76,305.0,26.0,15.0,0.0,0.0,69.0,76.0,85.0,72.0,86.0,67.0,79.0,74.0,68.0,68.0,80.0,69.0,79.0
75,290.0,23.0,4.0,0.0,0.0,69.0,76.0,84.0,72.0,88.0,66.0,77.0,73.0,64.0,67.0,81.0,67.0,81.0
73,285.0,24.0,0.0,0.0,0.0,68.0,70.0,78.0,68.0,86.0,66.0,79.0,67.0,74.0,74.0,79.0,63.0,75.0
74,346.0,23.0,0.0,0.0,0.0,68.0,59.0,74.0,57.0,93.0,62.0,76.0,60.0,51.0,73.0,79.0,66.0,79.0
75,345.0,27.0,0.0,0.0,0.0,68.0,60.0,72.0,55.0,86.0,68.0,83.0,68.0,48.0,71.0,78.0,69.0,74.0
77,310.0,30.0,32.0,0.0,0.0,68.0,62.0,78.0,62.0,85.0,76.0,81.0,70.0,50.0,71.0,79.0,78.0,70.0
75,309.0,23.0,2.0,0.0,0.0,68.0,73.0,81.0,70.0,83.0,65.0,80.0,73.0,69.0,68.0,80.0,62.0,79.0
76,302.0,23.0,21.0,0.0,0.0,68.0,72.0,83.0,65.0,82.0,69.0,80.0,69.0,62.0,70.0,80.0,70.0,77.0
74,305.0,26.0,0.0,0.0,0.0,68.0,63.0,78.0,62.0,82.0,74.0,79.0,70.0,60.0,71.0,78.0,75.0,74.0
75,305.0,27.0,20.0,0.0,0.0,68.0,76.0,82.0,67.0,86.0,71.0,79.0,61.0,67.0,67.0,77.0,68.0,78.0
77,268.0,23.0,12.0,0.0,0.0,68.0,78.0,87.0,72.0,79.0,68.0,77.0,69.0,64.0,71.0,78.0,71.0,79.0
75,290.0,27.0,26.0,0.0,0.0,68.0,73.0,85.0,72.0,80.0,68.0,79.0,70.0,58.0,74.0,77.0,70.0,80.0
74,305.0,22.0,4.0,0.0,0.0,68.0,71.0,82.0,60.0,88.0,67.0,80.0,64.0,66.0,72.0,81.0,67.0,80.0
74,350.0,30.0,25.0,0.0,0.0,68.0,69.0,78.0,60.0,84.0,71.0,77.0,66.0,48.0,70.0,80.0,74.0,74.0
77,283.0,25.0,7.0,0.0,0.0,68.0,78.0,84.0,64.0,87.0,66.0,78.0,70.0,64.0,70.0,80.0,68.0,82.0
77,261.0,24.0,0.0,0.0,0.0,68.0,79.0,85.0,73.0,75.0,65.0,75.0,68.0,76.0,64.0,79.0,64.0,74.0
75,296.0,26.0,6.0,0.0,0.0,68.0,75.0,84.0,80.0,82.0,63.0,79.0,63.0,71.0,62.0,81.0,59.0,81.0
74,318.0,24.0,21.0,0.0,0.0,68.0,67.0,78.0,70.0,86.0,64.0,75.0,63.0,59.0,74.0,78.0,68.0,74.0
76,280.0,26.0,24.0,0.0,0.0,68.0,76.0,83.0,72.0,78.0,69.0,77.0,66.0,76.0,69.0,81.0,66.0,80.0
77,250.0,27.0,4.0,0.0,0.0,68.0,85.0,88.0,78.0,83.0,57.0,76.0,61.0,71.0,69.0,77.0,54.0,80.0
74,321.0,25.0,6.0,0.0,0.0,67.0,68.0,79.0,56.0,90.0,64.0,78.0,61.0,51.0,69.0,82.0,63.0,74.0
76,268.0,23.0,2.0,0.0,0.0,67.0,79.0,85.0,73.0,84.0,65.0,74.0,69.0,57.0,71.0,78.0,62.0,80.0
76,253.0,21.0,6.0,0.0,0.0,67.0,85.0,90.0,80.0,80.0,67.0,73.0,68.0,63.0,66.0,75.0,59.0,84.0
73,285.0,27.0,8.0,0.0,0.0,67.0,69.0,83.0,72.0,81.0,72.0,78.0,75.0,63.0,60.0,78.0,69.0,81.0
77,330.0,23.0,10.0,0.0,0.0,67.0,67.0,79.0,64.0,89.0,70.0,78.0,68.0,55.0,68.0,80.0,72.0,82.0
77,276.0,21.0,12.0,0.0,0.0,67.0,80.0,87.0,81.0,84.0,64.0,73.0,63.0,68.0,68.0,76.0,60.0,81.0
75,305.0,26.0,13.0,0.0,0.0,67.0,70.0,82.0,53.0,87.0,66.0,82.0,73.0,61.0,63.0,78.0,63.0,83.0
76,254.0,25.0,11.0,0.0,0.0,67.0,85.0,89.0,81.0,75.0,58.0,80.0,61.0,66.0,64.0,77.0,59.0,74.0
76,265.0,24.0,15.0,0.0,0.0,67.0,85.0,88.0,72.0,83.0,62.0,78.0,66.0,59.0,68.0,79.0,64.0,75.0
77,287.0,27.0,21.0,0.0,0.0,67.0,68.0,78.0,68.0,78.0,74.0,80.0,74.0,63.0,67.0,75.0,71.0,83.0
76,340.0,23.0,0.0,0.0,0.0,67.0,69.0,79.0,59.0,87.0,65.0,77.0,65.0,54.0,69.0,79.0,67.0,77.0
75,305.0,22.0,1.0,0.0,0.0,67.0,76.0,84.0,64.0,89.0,60.0,77.0,64.0,57.0,66.0,81.0,63.0,75.0
75,300.0,24.0,14.0,0.0,0.0,67.0,67.0,78.0,64.0,85.0,63.0,77.0,67.0,69.0,72.0,76.0,66.0,80.0
77,320.0,29.0,13.0,0.0,0.0,67.0,68.0,81.0,58.0,88.0,66.0,79.0,70.0,54.0,67.0,77.0,67.0,77.0
73,298.0,29.0,5.0,0.0,0.0,67.0,71.0,80.0,68.0,80.0,73.0,76.0,74.0,58.0,70.0,78.0,71.0,77.0
75,316.0,27.0,16.0,0.0,0.0,67.0,65.0,78.0,71.0,82.0,70.0,78.0,69.0,64.0,70.0,79.0,71.0,76.0
75,311.0,27.0,5.0,0.0,0.0,67.0,69.0,81.0,61.0,84.0,70.0,74.0,63.0,74.0,71.0,79.0,72.0,77.0
76,302.0,22.0,6.0,0.0,0.0,67.0,72.0,82.0,72.0,82.0,66.0,78.0,74.0,61.0,69.0,83.0,64.0,82.0
76,264.0,24.0,1.0,0.0,0.0,67.0,77.0,84.0,73.0,83.0,62.0,81.0,68.0,59.0,66.0,79.0,65.0,76.0
75,274.0,21.0,0.0,0.0,0.0,66.0,78.0,85.0,71.0,78.0,60.0,81.0,68.0,62.0,70.0,80.0,64.0,80.0
75,284.0,25.0,4.0,0.0,0.0,66.0,70.0,85.0,68.0,87.0,63.0,78.0,69.0,63.0,71.0,79.0,60.0,77.0
76,360.0,22.0,8.0,0.0,0.0,66.0,57.0,78.0,53.0,92.0,65.0,75.0,61.0,60.0,70.0,78.0,62.0,75.0
74,307.0,22.0,2.0,0.0,0.0,66.0,70.0,77.0,61.0,87.0,64.0,71.0,63.0,54.0,72.0,78.0,66.0,76.0
75,294.0,22.0,9.0,0.0,0.0,66.0,74.0,81.0,72.0,85.0,63.0,77.0,69.0,64.0,70.0,80.0,61.0,80.0
73,325.0,24.0,6.0,0.0,0.0,66.0,68.0,80.0,59.0,87.0,67.0,74.0,67.0,52.0,70.0,77.0,68.0,72.0
74,249.0,23.0,7.0,0.0,0.0,66.0,79.0,85.0,81.0,75.0,55.0,78.0,64.0,71.0,68.0,78.0,53.0,78.0
73,300.0,27.0,0.0,0.0,0.0,66.0,72.0,82.0,80.0,85.0,60.0,79.0,68.0,60.0,69.0,78.0,61.0,77.0
77,250.0,26.0,0.0,0.0,0.0,66.0,79.0,82.0,75.0,77.0,63.0,76.0,73.0,60.0,68.0,77.0,61.0,81.0
75,270.0,27.0,0.0,0.0,0.0,65.0,75.0,82.0,72.0,79.0,63.0,80.0,59.0,69.0,57.0,79.0,60.0,85.0
74,315.0,28.0,1.0,0.0,0.0,65.0,67.0,76.0,61.0,86.0,68.0,76.0,71.0,56.0,67.0,76.0,67.0,74.0
74,308.0,22.0,6.0,0.0,0.0,65.0,70.0,83.0,52.0,84.0,67.0,74.0,69.0,64.0,69.0,78.0,65.0,78.0
75,255.0,28.0,8.0,0.0,0.0,65.0,77.0,85.0,73.0,77.0,66.0,67.0,58.0,75.0,71.0,78.0,64.0,73.0
75,310.0,23.0,0.0,0.0,0.0,65.0,79.0,85.0,72.0,86.0,63.0,74.0,63.0,56.0,68.0,76.0,60.0,81.0
78,300.0,28.0,0.0,0.0,0.0,65.0,71.0,81.0,69.0,82.0,73.0,76.0,68.0,58.0,56.0,74.0,71.0,75.0
73,331.0,24.0,9.0,0.0,0.0,65.0,67.0,81.0,57.0,87.0,61.0,77.0,72.0,67.0,67.0,77.0,63.0,82.0
76,310.0,23.0,0.0,0.0,0.0,65.0,83.0,87.0,80.0,83.0,54.0,77.0,62.0,66.0,62.0,79.0,52.0,77.0
76,280.0,25.0,0.0,0.0,0.0,65.0,74.0,81.0,63.0,81.0,60.0,79.0,72.0,59.0,69.0,77.0,62.0,78.0
77,262.0,22.0,0.0,0.0,0.0,65.0,77.0,88.0,74.0,76.0,65.0,79.0,65.0,61.0,64.0,78.0,63.0,76.0
74,238.0,23.0,2.0,0.0,0.0,64.0,85.0,88.0,83.0,71.0,53.0,73.0,54.0,67.0,59.0,77.0,50.0,70.0
78,255.0,24.0,0.0,0.0,0.0,64.0,78.0,86.0,74.0,77.0,58.0,80.0,67.0,64.0,63.0,77.0,56.0,81.0
78,253.0,24.0,0.0,0.0,0.0,64.0,78.0,86.0,83.0,75.0,58.0,75.0,69.0,65.0,65.0,79.0,57.0,77.0
74,305.0,24.0,0.0,0.0,0.0,64.0,70.0,80.0,62.0,83.0,67.0,74.0,67.0,57.0,69.0,77.0,70.0,79.0
75,366.0,25.0,0.0,0.0,0.0,64.0,55.0,73.0,53.0,84.0,66.0,78.0,69.0,57.0,69.0,78.0,68.0,78.0
76,302.0,26.0,0.0,0.0,0.0,64.0,68.0,80.0,59.0,83.0,58.0,81.0,66.0,52.0,68.0,79.0,61.0,76.0
74,297.0,24.0,6.0,0.0,0.0,64.0,71.0,78.0,58.0,86.0,64.0,75.0,64.0,68.0,69.0,80.0,66.0,78.0
74,290.0,22.0,0.0,0.0,0.0,64.0,62.0,81.0,58.0,86.0,59.0,78.0,62.0,60.0,67.0,78.0,61.0,77.0
77,260.0,23.0,2.0,0.0,0.0,64.0,82.0,86.0,73.0,81.0,62.0,74.0,65.0,62.0,67.0,76.0,61.0,83.0
75,265.0,23.0,0.0,0.0,0.0,63.0,75.0,83.0,69.0,73.0,69.0,75.0,65.0,55.0,66.0,76.0,72.0,81.0
75,255.0,24.0,0.0,0.0,0.0,63.0,78.0,85.0,76.0,79.0,59.0,76.0,61.0,66.0,65.0,76.0,57.0,73.0
77,290.0,24.0,0.0,0.0,0.0,63.0,75.0,81.0,64.0,84.0,58.0,82.0,71.0,56.0,61.0,75.0,55.0,79.0
74,260.0,23.0,1.0,0.0,0.0,63.0,81.0,84.0,71.0,77.0,61.0,75.0,61.0,65.0,66.0,76.0,62.0,75.0
77,350.0,25.0,0.0,0.0,0.0,63.0,63.0,77.0,58.0,85.0,55.0,81.0,63.0,53.0,67.0,78.0,59.0,77.0
75,270.0,22.0,0.0,0.0,0.0,63.0,80.0,84.0,68.0,75.0,60.0,75.0,69.0,58.0,68.0,76.0,59.0,77.0
77,310.0,24.0,1.0,0.0,0.0,63.0,64.0,80.0,55.0,85.0,61.0,79.0,62.0,53.0,66.0,77.0,62.0,78.0
74,320.0,25.0,1.0,0.0,0.0,63.0,78.0,85.0,61.0,85.0,61.0,78.0,63.0,60.0,62.0,76.0,58.0,78.0
78,293.0,23.0,6.0,0.0,0.0,63.0,70.0,80.0,67.0,79.0,61.0,78.0,64.0,66.0,69.0,80.0,64.0,81.0
73,305.0,28.0,0.0,0.0,0.0,63.0,67.0,78.0,72.0,87.0,59.0,77.0,63.0,71.0,64.0,73.0,57.0,73.0
76,270.0,27.0,5.0,0.0,0.0,62.0,77.0,87.0,71.0,83.0,50.0,77.0,59.0,69.0,71.0,72.0,47.0,78.0
76,280.0,24.0,0.0,0.0,0.0,62.0,70.0,85.0,67.0,81.0,55.0,77.0,68.0,61.0,68.0,77.0,53.0,78.0
78,258.0,22.0,0.0,0.0,0.0,62.0,82.0,88.0,78.0,78.0,58.0,72.0,63.0,59.0,63.0,75.0,54.0,79.0
74,287.0,24.0,0.0,0.0,0.0,62.0,72.0,78.0,64.0,84.0,60.0,79.0,66.0,53.0,67.0,77.0,62.0,75.0
75,305.0,24.0,0.0,0.0,0.0,62.0,68.0,79.0,66.0,89.0,54.0,76.0,68.0,59.0,66.0,74.0,56.0,73.0
77,295.0,25.0,0.0,0.0,0.0,61.0,66.0,79.0,69.0,82.0,54.0,78.0,64.0,70.0,72.0,76.0,52.0,78.0
75,279.0,25.0,0.0,0.0,0.0,61.0,69.0,80.0,68.0,80.0,60.0,76.0,61.0,68.0,68.0,77.0,61.0,75.0
75,287.0,24.0,0.0,0.0,0.0,61.0,75.0,82.0,65.0,82.0,55.0,75.0,66.0,59.0,64.0,77.0,52.0,78.0
75,300.0,24.0,0.0,0.0,0.0,60.0,72.0,80.0,60.0,87.0,65.0,72.0,62.0,52.0,66.0,73.0,58.0,67.0
75,273.0,24.0,0.0,0.0,0.0,60.0,71.0,81.0,69.0,77.0,51.0,78.0,69.0,54.0,63.0,78.0,49.0,76.0
76,285.0,25.0,0.0,0.0,0.0,60.0,64.0,78.0,58.0,80.0,55.0,77.0,67.0,59.0,70.0,78.0,58.0,81.0
75,245.0,23.0,0.0,0.0,0.0,59.0,86.0,87.0,78.0,65.0,54.0,73.0,64.0,54.0,60.0,77.0,57.0,76.0
75,295.0,26.0,0.0,0.0,0.0,59.0,72.0,84.0,66.0,75.0,61.0,76.0,69.0,61.0,64.0,78.0,59.0,77.0
75,313.0,23.0,0.0,0.0,0.0,58.0,57.0,70.0,51.0,82.0,60.0,78.0,66.0,51.0,68.0,75.0,61.0,75.0
73,280.0,31.0,123.0,8.0,10.0,99.0,82.0,90.0,86.0,99.0,99.0,93.0,99.0,97.0,97.0,98.0,99.0,89.0
76,272.0,26.0,90.0,4.0,6.0,99.0,88.0,91.0,85.0,96.0,98.0,92.0,98.0,91.0,90.0,97.0,94.0,84.0
76,266.0,24.0,57.0,1.0,5.0,94.0,79.0,92.0,87.0,87.0,97.0,89.0,87.0,96.0,83.0,92.0,94.0,84.0
77,295.0,33.0,108.0,4.0,7.0,93.0,71.0,71.0,68.0,94.0,99.0,94.0,95.0,75.0,95.0,93.0,99.0,92.0
76,347.0,27.0,45.0,0.0,2.0,93.0,68.0,73.0,72.0,98.0,93.0,89.0,90.0,73.0,92.0,90.0,95.0,89.0
75,300.0,27.0,50.0,0.0,2.0,92.0,71.0,76.0,70.0,93.0,97.0,95.0,91.0,76.0,85.0,88.0,97.0,80.0
75,250.0,33.0,104.0,3.0,8.0,92.0,85.0,86.0,87.0,84.0,92.0,90.0,91.0,89.0,92.0,95.0,91.0,89.0
76,287.0,33.0,106.0,1.0,8.0,91.0,77.0,79.0,79.0,92.0,98.0,91.0,90.0,77.0,88.0,92.0,98.0,85.0
78,300.0,28.0,0.0,0.0,0.0,91.0,69.0,79.0,72.0,92.0,95.0,84.0,96.0,88.0,86.0,90.0,93.0,81.0
78,300.0,28.0,10.0,0.0,0.0,91.0,69.0,79.0,72.0,92.0,95.0,84.0,96.0,88.0,86.0,90.0,93.0,81.0
78,300.0,28.0,0.0,0.0,0.0,91.0,69.0,79.0,72.0,92.0,95.0,84.0,96.0,88.0,86.0,90.0,93.0,81.0
78,300.0,28.0,0.0,0.0,0.0,91.0,69.0,79.0,72.0,92.0,95.0,84.0,96.0,88.0,86.0,90.0,93.0,81.0
78,300.0,28.0,14.0,0.0,0.0,91.0,69.0,79.0,72.0,92.0,95.0,84.0,96.0,88.0,86.0,90.0,93.0,81.0
78,300.0,28.0,88.0,3.0,6.0,91.0,69.0,79.0,72.0,92.0,95.0,84.0,96.0,88.0,86.0,90.0,93.0,81.0
79,295.0,28.0,73.0,1.0,3.0,90.0,72.0,76.0,82.0,91.0,96.0,89.0,82.0,91.0,87.0,92.0,95.0,87.0
75,265.0,30.0,68.0,0.0,4.0,90.0,80.0,85.0,80.0,88.0,93.0,88.0,85.0,91.0,89.0,93.0,96.0,84.0
75,314.0,26.0,0.0,0.0,0.0,89.0,68.0,75.0,63.0,96.0,94.0,85.0,83.0,69.0,91.0,86.0,95.0,82.0
75,314.0,26.0,60.0,0.0,3.0,89.0,68.0,75.0,63.0,96.0,94.0,85.0,83.0,69.0,91.0,86.0,95.0,82.0
76,310.0,31.0,95.0,1.0,6.0,88.0,76.0,80.0,78.0,94.0,87.0,91.0,85.0,69.0,83.0,87.0,91.0,80.0
76,301.0,25.0,51.0,0.0,3.0,88.0,73.0,79.0,75.0,97.0,95.0,84.0,88.0,77.0,88.0,94.0,94.0,88.0
72,345.0,29.0,0.0,0.0,0.0,88.0,70.0,80.0,66.0,94.0,86.0,86.0,81.0,63.0,90.0,87.0,93.0,77.0
80,300.0,36.0,112.0,1.0,6.0,87.0,71.0,73.0,76.0,92.0,92.0,91.0,78.0,68.0,89.0,90.0,93.0,85.0
75,319.0,25.0,0.0,0.0,0.0,87.0,76.0,83.0,64.0,95.0,90.0,87.0,79.0,60.0,84.0,85.0,92.0,77.0
77,288.0,33.0,110.0,5.0,5.0,87.0,76.0,76.0,82.0,95.0,93.0,85.0,88.0,84.0,85.0,89.0,92.0,87.0
79,292.0,28.0,41.0,0.0,0.0,86.0,73.0,71.0,70.0,93.0,97.0,87.0,86.0,74.0,87.0,88.0,97.0,80.0
77,249.0,24.0,42.0,0.0,2.0,86.0,89.0,92.0,88.0,76.0,89.0,78.0,70.0,89.0,72.0,86.0,85.0,79.0
77,264.0,23.0,23.0,0.0,1.0,86.0,87.0,91.0,86.0,86.0,86.0,89.0,73.0,82.0,83.0,87.0,83.0,84.0
75,303.0,24.0,51.0,1.0,3.0,86.0,78.0,84.0,79.0,89.0,89.0,88.0,84.0,75.0,83.0,88.0,88.0,84.0
72,305.0,29.0,56.0,0.0,2.0,85.0,69.0,77.0,69.0,91.0,96.0,84.0,86.0,74.0,86.0,89.0,94.0,86.0
76,270.0,27.0,56.0,1.0,4.0,85.0,84.0,89.0,82.0,81.0,88.0,81.0,76.0,88.0,69.0,87.0,87.0,83.0
76,347.0,32.0,54.0,0.0,1.0,84.0,62.0,69.0,65.0,93.0,92.0,85.0,89.0,68.0,90.0,90.0,93.0,82.0
75,347.0,28.0,43.0,0.0,0.0,84.0,61.0,64.0,59.0,88.0,91.0,87.0,76.0,61.0,88.0,88.0,94.0,79.0
74,305.0,29.0,53.0,0.0,2.0,84.0,73.0,81.0,68.0,87.0,88.0,92.0,74.0,88.0,75.0,87.0,84.0,80.0
74,261.0,27.0,20.0,0.0,0.0,83.0,82.0,88.0,80.0,88.0,85.0,82.0,80.0,87.0,71.0,84.0,82.0,76.0
76,275.0,28.0,41.0,0.0,0.0,83.0,83.0,89.0,76.0,83.0,89.0,84.0,84.0,72.0,77.0,87.0,87.0,83.0
77,302.0,28.0,0.0,0.0,0.0,83.0,72.0,74.0,71.0,90.0,88.0,88.0,85.0,68.0,86.0,88.0,86.0,81.0
77,302.0,28.0,66.0,0.0,2.0,83.0,72.0,74.0,71.0,90.0,88.0,88.0,85.0,68.0,86.0,88.0,86.0,81.0
76,250.0,32.0,69.0,1.0,3.0,83.0,80.0,78.0,81.0,84.0,95.0,83.0,85.0,81.0,74.0,86.0,94.0,82.0
76,315.0,28.0,37.0,0.0,0.0,82.0,66.0,75.0,60.0,91.0,85.0,86.0,75.0,60.0,82.0,86.0,88.0,75.0
77,255.0,29.0,62.0,0.0,3.0,82.0,84.0,88.0,84.0,84.0,80.0,83.0,83.0,74.0,83.0,90.0,81.0,85.0
78,265.0,25.0,20.0,0.0,0.0,82.0,85.0,88.0,76.0,82.0,87.0,84.0,83.0,74.0,79.0,85.0,83.0,78.0
75,304.0,35.0,45.0,0.0,0.0,82.0,71.0,74.0,68.0,87.0,91.0,85.0,74.0,53.0,81.0,83.0,94.0,83.0
74,246.0,27.0,50.0,0.0,1.0,82.0,81.0,86.0,81.0,80.0,87.0,82.0,81.0,84.0,64.0,85.0,85.0,82.0
77,320.0,24.0,28.0,0.0,1.0,81.0,70.0,74.0,70.0,94.0,81.0,86.0,77.0,61.0,80.0,85.0,78.0,84.0
73,287.0,24.0,42.0,0.0,0.0,81.0,83.0,87.0,85.0,89.0,83.0,87.0,80.0,72.0,75.0,85.0,81.0,81.0
76,292.0,25.0,32.0,0.0,0.0,81.0,79.0,83.0,72.0,90.0,86.0,86.0,77.0,83.0,80.0,83.0,84.0,83.0
76,310.0,27.0,35.0,0.0,0.0,81.0,73.0,81.0,70.0,86.0,86.0,90.0,72.0,53.0,83.0,83.0,90.0,76.0
74,265.0,34.0,59.0,0.0,1.0,80.0,76.0,80.0,78.0,87.0,86.0,80.0,82.0,76.0,81.0,86.0,86.0,88.0
76,300.0,29.0,43.0,0.0,0.0,80.0,68.0,81.0,70.0,89.0,85.0,81.0,85.0,68.0,78.0,82.0,82.0,81.0
76,315.0,27.0,26.0,0.0,0.0,80.0,62.0,73.0,69.0,91.0,86.0,81.0,75.0,54.0,80.0,83.0,89.0,81.0
77,265.0,25.0,33.0,0.0,1.0,80.0,85.0,90.0,83.0,78.0,78.0,85.0,75.0,81.0,71.0,83.0,74.0,77.0
78,260.0,25.0,42.0,0.0,1.0,80.0,91.0,93.0,82.0,80.0,76.0,81.0,73.0,79.0,81.0,86.0,78.0,80.0
75,303.0,26.0,32.0,0.0,0.0,79.0,72.0,76.0,71.0,89.0,78.0,87.0,78.0,65.0,79.0,84.0,79.0,81.0
77,285.0,32.0,0.0,0.0,0.0,79.0,69.0,72.0,68.0,83.0,94.0,83.0,85.0,72.0,77.0,86.0,92.0,73.0
76,342.0,24.0,0.0,0.0,0.0,79.0,73.0,75.0,67.0,93.0,85.0,87.0,79.0,65.0,79.0,85.0,85.0,82.0
74,254.0,34.0,0.0,0.0,0.0,79.0,80.0,80.0,81.0,77.0,91.0,77.0,69.0,85.0,74.0,88.0,87.0,66.0
76,330.0,35.0,34.0,0.0,0.0,78.0,67.0,70.0,64.0,93.0,83.0,85.0,73.0,50.0,79.0,80.0,82.0,67.0
76,315.0,26.0,35.0,0.0,0.0,78.0,72.0,75.0,73.0,86.0,83.0,82.0,78.0,65.0,82.0,86.0,85.0,80.0
77,271.0,28.0,0.0,0.0,0.0,78.0,74.0,78.0,69.0,85.0,84.0,88.0,76.0,64.0,78.0,84.0,83.0,81.0
74,252.0,31.0,23.0,0.0,1.0,78.0,84.0,84.0,85.0,83.0,84.0,79.0,74.0,79.0,70.0,84.0,79.0,76.0
73,312.0,26.0,34.0,0.0,0.0,78.0,62.0,68.0,55.0,88.0,86.0,82.0,71.0,59.0,81.0,83.0,88.0,79.0
75,260.0,29.0,49.0,0.0,3.0,78.0,82.0,89.0,79.0,88.0,84.0,74.0,79.0,74.0,67.0,82.0,80.0,82.0
78,341.0,22.0,16.0,0.0,0.0,78.0,80.0,87.0,58.0,96.0,71.0,83.0,68.0,58.0,75.0,80.0,76.0,82.0
75,310.0,28.0,25.0,0.0,0.0,78.0,69.0,71.0,68.0,95.0,83.0,82.0,80.0,76.0,73.0,83.0,79.0,75.0
75,290.0,25.0,37.0,0.0,0.0,77.0,73.0,77.0,67.0,87.0,79.0,87.0,76.0,64.0,80.0,85.0,80.0,77.0
76,310.0,23.0,10.0,0.0,0.0,77.0,73.0,74.0,64.0,88.0,84.0,82.0,73.0,77.0,76.0,83.0,83.0,82.0
75,325.0,28.0,46.0,0.0,0.0,77.0,65.0,67.0,60.0,88.0,82.0,85.0,76.0,61.0,79.0,84.0,85.0,82.0
75,264.0,27.0,17.0,0.0,0.0,77.0,79.0,80.0,81.0,82.0,80.0,84.0,68.0,79.0,76.0,84.0,79.0,81.0
73,312.0,26.0,0.0,0.0,0.0,77.0,71.0,70.0,61.0,87.0,81.0,81.0,76.0,55.0,80.0,83.0,83.0,83.0
73,312.0,26.0,17.0,0.0,0.0,77.0,71.0,70.0,61.0,87.0,81.0,81.0,76.0,55.0,80.0,83.0,83.0,83.0
75,263.0,25.0,27.0,0.0,1.0,77.0,79.0,81.0,80.0,77.0,81.0,82.0,70.0,81.0,72.0,83.0,82.0,81.0
74,261.0,23.0,26.0,0.0,0.0,77.0,85.0,86.0,88.0,86.0,67.0,84.0,78.0,63.0,77.0,83.0,67.0,82.0
74,290.0,31.0,39.0,0.0,0.0,77.0,73.0,78.0,67.0,84.0,83.0,85.0,63.0,75.0,80.0,86.0,85.0,77.0
72,305.0,27.0,40.0,0.0,0.0,76.0,70.0,73.0,74.0,87.0,81.0,81.0,75.0,58.0,78.0,82.0,80.0,78.0
79,266.0,22.0,0.0,0.0,0.0,76.0,83.0,90.0,79.0,78.0,74.0,86.0,75.0,68.0,78.0,85.0,71.0,81.0
76,315.0,32.0,63.0,0.0,0.0,76.0,69.0,67.0,70.0,89.0,88.0,82.0,74.0,61.0,78.0,85.0,89.0,79.0
71,310.0,26.0,0.0,0.0,0.0,76.0,67.0,71.0,64.0,86.0,84.0,85.0,66.0,78.0,79.0,83.0,86.0,79.0
75,245.0,27.0,36.0,0.0,0.0,76.0,85.0,89.0,81.0,83.0,72.0,83.0,62.0,75.0,72.0,80.0,69.0,83.0
78,281.0,31.0,39.0,0.0,0.0,76.0,72.0,72.0,73.0,85.0,86.0,83.0,79.0,59.0,75.0,82.0,88.0,84.0
76,330.0,27.0,35.0,0.0,0.0,75.0,64.0,69.0,59.0,85.0,85.0,83.0,71.0,58.0,81.0,83.0,87.0,82.0
75,255.0,24.0,0.0,0.0,0.0,75.0,83.0,89.0,80.0,72.0,77.0,79.0,63.0,76.0,62.0,80.0,75.0,80.0
76,322.0,30.0,57.0,0.0,0.0,75.0,59.0,65.0,64.0,88.0,80.0,82.0,75.0,58.0,79.0,81.0,83.0,78.0
78,296.0,28.0,38.0,0.0,0.0,75.0,75.0,78.0,71.0,86.0,77.0,84.0,78.0,66.0,73.0,81.0,75.0,79.0
75,281.0,25.0,27.0,0.0,0.0,75.0,72.0,77.0,74.0,78.0,84.0,84.0,68.0,78.0,77.0,83.0,83.0,80.0
75,307.0,26.0,30.0,0.0,0.0,75.0,65.0,70.0,74.0,93.0,82.0,84.0,70.0,63.0,75.0,81.0,83.0,78.0
77,319.0,24.0,22.0,0.0,0.0,75.0,72.0,79.0,73.0,91.0,75.0,82.0,77.0,73.0,74.0,83.0,72.0,80.0
75,300.0,24.0,0.0,0.0,0.0,75.0,78.0,77.0,72.0,89.0,80.0,83.0,66.0,72.0,74.0,83.0,79.0,79.0
75,305.0,28.0,44.0,0.0,0.0,75.0,74.0,74.0,73.0,89.0,85.0,78.0,77.0,65.0,74.0,82.0,81.0,79.0
77,265.0,27.0,40.0,0.0,0.0,75.0,77.0,79.0,84.0,76.0,88.0,77.0,67.0,76.0,76.0,84.0,86.0,75.0
75,263.0,25.0,10.0,0.0,0.0,75.0,83.0,87.0,79.0,79.0,74.0,80.0,69.0,78.0,70.0,79.0,72.0,81.0
76,314.0,28.0,28.0,0.0,0.0,74.0,60.0,62.0,58.0,88.0,78.0,83.0,75.0,59.0,77.0,82.0,81.0,80.0
77,300.0,28.0,17.0,0.0,0.0,74.0,76.0,86.0,77.0,83.0,74.0,83.0,76.0,63.0,75.0,83.0,72.0,80.0
75,261.0,28.0,0.0,0.0,0.0,74.0,84.0,87.0,82.0,73.0,75.0,77.0,66.0,76.0,63.0,82.0,71.0,83.0
75,311.0,27.0,45.0,0.0,0.0,74.0,63.0,67.0,59.0,84.0,80.0,83.0,61.0,73.0,78.0,83.0,82.0,76.0
75,259.0,26.0,26.0,0.0,0.0,74.0,75.0,75.0,76.0,85.0,81.0,79.0,76.0,64.0,75.0,83.0,79.0,85.0
76,263.0,21.0,0.0,0.0,0.0,74.0,80.0,86.0,80.0,84.0,71.0,80.0,78.0,74.0,75.0,78.0,72.0,83.0
77,260.0,23.0,0.0,0.0,0.0,74.0,85.0,88.0,83.0,82.0,66.0,83.0,73.0,71.0,77.0,84.0,68.0,84.0
75,340.0,30.0,50.0,0.0,0.0,74.0,58.0,64.0,62.0,90.0,89.0,84.0,69.0,50.0,71.0,82.0,88.0,65.0
78,341.0,29.0,31.0,0.0,0.0,74.0,65.0,65.0,61.0,88.0,82.0,82.0,78.0,63.0,74.0,82.0,82.0,83.0
78,341.0,29.0,0.0,0.0,0.0,74.0,65.0,65.0,61.0,88.0,82.0,82.0,78.0,63.0,74.0,82.0,82.0,83.0
74,305.0,28.0,33.0,0.0,0.0,74.0,69.0,75.0,72.0,88.0,84.0,77.0,75.0,70.0,73.0,79.0,83.0,80.0
75,256.0,27.0,21.0,0.0,0.0,74.0,81.0,84.0,79.0,87.0,71.0,81.0,65.0,76.0,73.0,84.0,72.0,81.0
75,277.0,27.0,12.0,0.0,0.0,74.0,82.0,90.0,76.0,83.0,72.0,80.0,75.0,62.0,78.0,82.0,73.0,81.0
75,279.0,34.0,22.0,0.0,0.0,74.0,78.0,85.0,78.0,81.0,77.0,76.0,69.0,78.0,75.0,83.0,74.0,81.0
79,295.0,31.0,22.0,0.0,0.0,73.0,73.0,76.0,67.0,79.0,80.0,81.0,71.0,56.0,78.0,82.0,84.0,77.0
75,250.0,27.0,11.0,0.0,0.0,73.0,85.0,89.0,83.0,78.0,72.0,79.0,75.0,66.0,73.0,83.0,69.0,79.0
75,297.0,26.0,10.0,0.0,0.0,73.0,77.0,79.0,57.0,90.0,71.0,84.0,73.0,61.0,77.0,83.0,73.0,79.0
76,320.0,25.0,18.0,0.0,0.0,73.0,68.0,70.0,66.0,91.0,75.0,80.0,73.0,61.0,74.0,80.0,76.0,79.0
75,304.0,24.0,6.0,0.0,0.0,73.0,80.0,90.0,69.0,86.0,72.0,79.0,65.0,73.0,78.0,84.0,66.0,83.0
74,242.0,26.0,13.0,0.0,0.0,73.0,86.0,85.0,82.0,77.0,73.0,75.0,61.0,76.0,67.0,78.0,70.0,78.0
75,306.0,28.0,47.0,0.0,0.0,73.0,63.0,67.0,63.0,89.0,85.0,84.0,64.0,74.0,75.0,84.0,82.0,78.0
75,309.0,26.0,30.0,0.0,0.0,73.0,69.0,74.0,62.0,84.0,83.0,78.0,74.0,66.0,78.0,80.0,81.0,78.0
77,253.0,27.0,5.0,0.0,0.0,73.0,83.0,87.0,83.0,69.0,75.0,75.0,61.0,76.0,65.0,83.0,71.0,79.0
75,260.0,34.0,0.0,0.0,0.0,73.0,77.0,79.0,80.0,76.0,84.0,78.0,66.0,76.0,71.0,82.0,79.0,72.0
74,291.0,27.0,39.0,0.0,0.0,73.0,72.0,76.0,66.0,91.0,70.0,83.0,67.0,77.0,73.0,82.0,71.0,82.0
77,297.0,31.0,58.0,0.0,0.0,73.0,62.0,71.0,69.0,88.0,79.0,86.0,70.0,50.0,74.0,82.0,82.0,83.0
75,260.0,27.0,0.0,0.0,0.0,73.0,74.0,79.0,74.0,82.0,80.0,83.0,74.0,55.0,73.0,81.0,79.0,78.0
74,253.0,27.0,12.0,0.0,0.0,73.0,81.0,85.0,80.0,83.0,66.0,80.0,69.0,78.0,71.0,82.0,63.0,75.0
74,282.0,24.0,27.0,0.0,0.0,73.0,78.0,77.0,68.0,84.0,78.0,82.0,76.0,67.0,72.0,83.0,76.0,78.0
76,291.0,29.0,29.0,0.0,0.0,73.0,72.0,78.0,63.0,82.0,86.0,84.0,61.0,76.0,72.0,82.0,84.0,76.0
77,265.0,28.0,12.0,0.0,0.0,73.0,81.0,87.0,77.0,77.0,74.0,80.0,63.0,76.0,64.0,78.0,76.0,79.0
75,308.0,25.0,15.0,0.0,0.0,73.0,65.0,69.0,58.0,88.0,76.0,78.0,77.0,73.0,77.0,81.0,79.0,79.0
77,266.0,24.0,17.0,0.0,0.0,73.0,84.0,87.0,80.0,81.0,71.0,83.0,73.0,64.0,73.0,82.0,71.0,82.0
78,297.0,26.0,32.0,0.0,0.0,73.0,77.0,71.0,70.0,89.0,67.0,84.0,67.0,77.0,80.0,82.0,69.0,81.0
77,265.0,23.0,16.0,0.0,0.0,72.0,77.0,75.0,76.0,84.0,80.0,76.0,75.0,66.0,71.0,80.0,79.0,81.0
76,250.0,27.0,18.0,0.0,0.0,72.0,81.0,84.0,73.0,78.0,76.0,78.0,76.0,67.0,74.0,81.0,77.0,76.0
74,330.0,22.0,20.0,0.0,0.0,72.0,72.0,82.0,65.0,90.0,67.0,77.0,70.0,62.0,76.0,80.0,69.0,79.0
78,265.0,30.0,0.0,0.0,0.0,72.0,83.0,86.0,77.0,75.0,67.0,78.0,68.0,78.0,67.0,78.0,64.0,77.0
78,301.0,31.0,21.0,0.0,0.0,72.0,71.0,72.0,70.0,86.0,71.0,85.0,76.0,56.0,79.0,80.0,75.0,76.0
74,280.0,31.0,0.0,0.0,0.0,72.0,72.0,73.0,72.0,79.0,83.0,85.0,60.0,74.0,73.0,81.0,81.0,73.0
74,310.0,27.0,48.0,0.0,0.0,72.0,70.0,71.0,69.0,83.0,85.0,78.0,65.0,77.0,70.0,82.0,83.0,80.0
75,280.0,28.0,0.0,0.0,0.0,72.0,75.0,70.0,67.0,88.0,70.0,80.0,79.0,67.0,74.0,79.0,69.0,88.0
76,332.0,31.0,0.0,0.0,0.0,72.0,61.0,70.0,55.0,85.0,80.0,84.0,68.0,46.0,72.0,79.0,83.0,75.0
74,304.0,25.0,10.0,0.0,0.0,72.0,79.0,81.0,72.0,84.0,73.0,81.0,69.0,73.0,73.0,81.0,72.0,78.0
75,267.0,28.0,24.0,0.0,0.0,72.0,80.0,84.0,76.0,85.0,69.0,81.0,73.0,60.0,73.0,80.0,67.0,83.0
76,266.0,28.0,13.0,0.0,0.0,72.0,81.0,88.0,78.0,75.0,71.0,78.0,65.0,75.0,71.0,80.0,68.0,85.0
74,310.0,24.0,5.0,0.0,0.0,72.0,72.0,78.0,68.0,86.0,70.0,79.0,69.0,75.0,74.0,82.0,73.0,81.0
76,281.0,25.0,35.0,0.0,0.0,72.0,74.0,78.0,74.0,83.0,76.0,83.0,73.0,62.0,73.0,78.0,78.0,81.0
76,287.0,29.0,27.0,0.0,0.0,71.0,74.0,77.0,64.0,82.0,75.0,79.0,70.0,66.0,77.0,82.0,77.0,81.0
77,280.0,25.0,11.0,0.0,0.0,71.0,75.0,79.0,77.0,80.0,75.0,77.0,78.0,70.0,70.0,80.0,70.0,78.0
74,305.0,28.0,20.0,0.0,0.0,71.0,74.0,79.0,67.0,79.0,75.0,83.0,71.0,53.0,74.0,81.0,77.0,72.0
75,258.0,28.0,11.0,0.0,0.0,71.0,80.0,82.0,72.0,80.0,72.0,77.0,77.0,73.0,68.0,76.0,70.0,82.0
78,295.0,25.0,24.0,0.0,0.0,71.0,75.0,81.0,74.0,85.0,74.0,76.0,74.0,65.0,71.0,80.0,70.0,83.0
75,333.0,33.0,28.0,0.0,0.0,71.0,62.0,63.0,55.0,90.0,74.0,83.0,72.0,51.0,72.0,77.0,75.0,81.0
76,270.0,27.0,8.0,0.0,0.0,71.0,85.0,89.0,80.0,84.0,61.0,80.0,74.0,63.0,68.0,79.0,57.0,79.0
76,310.0,24.0,2.0,0.0,0.0,71.0,63.0,69.0,56.0,89.0,71.0,83.0,70.0,59.0,75.0,79.0,69.0,75.0
78,330.0,25.0,23.0,0.0,0.0,71.0,68.0,73.0,61.0,86.0,74.0,81.0,71.0,61.0,74.0,79.0,73.0,78.0
76,279.0,25.0,17.0,0.0,0.0,71.0,81.0,84.0,75.0,80.0,72.0,81.0,74.0,62.0,75.0,79.0,74.0,76.0
77,298.0,29.0,0.0,0.0,0.0,71.0,76.0,71.0,72.0,81.0,82.0,78.0,76.0,68.0,71.0,76.0,80.0,76.0
75,300.0,26.0,0.0,0.0,0.0,71.0,75.0,75.0,71.0,82.0,65.0,79.0,59.0,67.0,79.0,83.0,67.0,79.0
73,278.0,24.0,0.0,0.0,0.0,71.0,79.0,85.0,72.0,85.0,70.0,78.0,67.0,75.0,70.0,81.0,70.0,80.0
77,307.0,26.0,12.0,0.0,0.0,70.0,65.0,70.0,63.0,85.0,76.0,82.0,78.0,71.0,73.0,81.0,74.0,79.0
75,281.0,24.0,0.0,0.0,0.0,70.0,86.0,87.0,76.0,81.0,72.0,75.0,67.0,71.0,74.0,77.0,69.0,81.0
76,255.0,25.0,0.0,0.0,0.0,70.0,76.0,80.0,81.0,80.0,67.0,83.0,61.0,73.0,73.0,81.0,69.0,76.0
75,264.0,25.0,1.0,0.0,0.0,70.0,84.0,89.0,74.0,83.0,70.0,75.0,70.0,63.0,71.0,80.0,65.0,80.0
72,324.0,26.0,17.0,0.0,0.0,70.0,73.0,78.0,69.0,84.0,74.0,77.0,65.0,71.0,73.0,81.0,72.0,77.0
75,288.0,25.0,9.0,0.0,0.0,70.0,74.0,74.0,71.0,83.0,71.0,86.0,69.0,77.0,73.0,82.0,69.0,77.0
78,283.0,22.0,13.0,0.0,0.0,70.0,76.0,83.0,75.0,83.0,72.0,82.0,69.0,64.0,69.0,84.0,72.0,77.0
74,320.0,28.0,43.0,0.0,0.0,70.0,69.0,72.0,60.0,85.0,79.0,82.0,71.0,54.0,74.0,80.0,80.0,75.0
74,235.0,28.0,0.0,0.0,0.0,70.0,84.0,86.0,79.0,76.0,66.0,77.0,58.0,73.0,66.0,79.0,64.0,85.0
75,328.0,31.0,0.0,0.0,0.0,70.0,63.0,65.0,63.0,88.0,75.0,76.0,71.0,55.0,75.0,79.0,77.0,75.0
75,290.0,23.0,11.0,0.0,0.0,70.0,83.0,86.0,81.0,83.0,72.0,78.0,71.0,64.0,71.0,77.0,70.0,76.0
77,270.0,23.0,3.0,0.0,0.0,70.0,75.0,82.0,83.0,82.0,67.0,82.0,71.0,62.0,68.0,82.0,62.0,86.0
78,270.0,27.0,9.0,0.0,0.0,70.0,77.0,86.0,77.0,80.0,64.0,79.0,62.0,75.0,68.0,80.0,66.0,79.0
77,291.0,26.0,22.0,0.0,0.0,70.0,76.0,81.0,77.0,88.0,67.0,80.0,72.0,60.0,68.0,80.0,68.0,85.0
74,304.0,25.0,0.0,0.0,0.0,70.0,71.0,78.0,64.0,88.0,70.0,77.0,70.0,66.0,72.0,77.0,71.0,80.0
76,327.0,22.0,9.0,0.0,0.0,70.0,75.0,72.0,71.0,92.0,66.0,80.0,67.0,57.0,73.0,74.0,65.0,81.0
77,300.0,28.0,0.0,0.0,0.0,69.0,63.0,66.0,65.0,85.0,85.0,77.0,75.0,61.0,71.0,83.0,84.0,80.0
75,250.0,26.0,4.0,0.0,0.0,69.0,86.0,89.0,83.0,80.0,66.0,71.0,72.0,63.0,67.0,78.0,69.0,78.0
76,325.0,22.0,0.0,0.0,0.0,69.0,72.0,80.0,64.0,86.0,64.0,78.0,69.0,59.0,75.0,79.0,63.0,77.0
73,292.0,29.0,0.0,0.0,0.0,69.0,67.0,75.0,62.0,85.0,75.0,83.0,64.0,75.0,73.0,76.0,73.0,76.0
75,273.0,21.0,3.0,0.0,0.0,69.0,84.0,90.0,83.0,75.0,63.0,72.0,58.0,72.0,62.0,83.0,63.0,77.0
75,259.0,28.0,29.0,0.0,0.0,69.0,74.0,78.0,79.0,86.0,66.0,82.0,62.0,73.0,72.0,81.0,67.0,81.0
74,287.0,26.0,10.0,0.0,0.0,69.0,76.0,83.0,74.0,89.0,61.0,80.0,67.0,75.0,67.0,78.0,58.0,83.0
75,295.0,24.0,7.0,0.0,0.0,69.0,79.0,81.0,74.0,87.0,66.0,81.0,64.0,67.0,72.0,81.0,65.0,79.0
74,261.0,24.0,0.0,0.0,0.0,69.0,80.0,85.0,74.0,82.0,64.0,77.0,73.0,62.0,72.0,79.0,66.0,77.0
76,305.0,27.0,15.0,0.0,0.0,69.0,75.0,80.0,69.0,86.0,69.0,79.0,74.0,68.0,68.0,80.0,71.0,79.0
76,315.0,28.0,22.0,0.0,0.0,69.0,70.0,72.0,72.0,90.0,70.0,77.0,66.0,73.0,68.0,79.0,72.0,78.0
74,307.0,29.0,30.0,0.0,0.0,69.0,69.0,75.0,60.0,81.0,72.0,83.0,68.0,54.0,70.0,80.0,75.0,77.0
75,290.0,24.0,4.0,0.0,0.0,69.0,76.0,80.0,69.0,88.0,69.0,77.0,73.0,64.0,67.0,81.0,69.0,81.0
74,318.0,25.0,21.0,0.0,0.0,69.0,67.0,69.0,70.0,90.0,65.0,75.0,63.0,59.0,74.0,78.0,69.0,74.0
79,289.0,28.0,21.0,0.0,0.0,69.0,78.0,80.0,75.0,82.0,68.0,77.0,74.0,65.0,72.0,79.0,67.0,84.0
75,313.0,27.0,0.0,0.0,0.0,69.0,71.0,62.0,68.0,89.0,72.0,83.0,67.0,55.0,74.0,82.0,74.0,71.0
76,330.0,28.0,0.0,0.0,0.0,69.0,64.0,70.0,62.0,83.0,78.0,83.0,73.0,62.0,72.0,79.0,79.0,84.0
76,318.0,29.0,23.0,0.0,0.0,68.0,71.0,74.0,64.0,79.0,79.0,78.0,74.0,55.0,71.0,78.0,79.0,77.0
77,261.0,25.0,0.0,0.0,0.0,68.0,79.0,83.0,73.0,75.0,65.0,75.0,68.0,76.0,64.0,79.0,64.0,74.0
77,268.0,24.0,12.0,0.0,0.0,68.0,78.0,87.0,71.0,79.0,69.0,77.0,69.0,64.0,71.0,78.0,71.0,79.0
76,280.0,27.0,24.0,0.0,0.0,68.0,75.0,77.0,69.0,78.0,72.0,77.0,66.0,76.0,69.0,81.0,70.0,80.0
76,290.0,22.0,4.0,0.0,0.0,68.0,73.0,78.0,77.0,74.0,72.0,76.0,72.0,74.0,67.0,83.0,67.0,75.0
77,250.0,28.0,4.0,0.0,0.0,68.0,84.0,88.0,77.0,83.0,59.0,76.0,61.0,71.0,69.0,77.0,56.0,80.0
76,280.0,27.0,10.0,0.0,0.0,68.0,75.0,76.0,64.0,88.0,64.0,81.0,73.0,57.0,71.0,79.0,62.0,82.0
77,283.0,26.0,7.0,0.0,0.0,68.0,78.0,82.0,63.0,87.0,66.0,78.0,70.0,64.0,70.0,80.0,68.0,82.0
77,285.0,26.0,10.0,0.0,0.0,68.0,82.0,83.0,81.0,84.0,58.0,77.0,71.0,63.0,71.0,80.0,60.0,83.0
75,290.0,28.0,26.0,0.0,0.0,68.0,73.0,82.0,72.0,80.0,68.0,79.0,70.0,58.0,74.0,77.0,70.0,80.0
76,302.0,24.0,21.0,0.0,0.0,68.0,72.0,79.0,62.0,82.0,69.0,80.0,69.0,62.0,70.0,80.0,70.0,77.0
74,334.0,31.0,25.0,0.0,0.0,68.0,68.0,67.0,59.0,84.0,75.0,77.0,66.0,48.0,70.0,80.0,78.0,74.0
77,330.0,24.0,10.0,0.0,0.0,68.0,67.0,70.0,61.0,88.0,71.0,78.0,68.0,55.0,68.0,80.0,74.0,82.0
75,303.0,24.0,5.0,0.0,0.0,68.0,71.0,72.0,70.0,81.0,70.0,82.0,70.0,58.0,74.0,82.0,68.0,82.0
74,251.0,28.0,5.0,0.0,0.0,68.0,78.0,86.0,78.0,79.0,64.0,76.0,61.0,73.0,60.0,77.0,62.0,83.0
76,258.0,23.0,42.0,0.0,0.0,68.0,89.0,91.0,82.0,77.0,63.0,73.0,69.0,58.0,71.0,83.0,60.0,79.0
76,258.0,23.0,9.0,0.0,0.0,68.0,89.0,91.0,82.0,77.0,63.0,73.0,69.0,58.0,71.0,83.0,60.0,79.0
76,258.0,23.0,13.0,0.0,0.0,68.0,89.0,91.0,82.0,77.0,63.0,73.0,69.0,58.0,71.0,83.0,60.0,79.0
76,258.0,23.0,4.0,0.0,0.0,68.0,89.0,91.0,82.0,77.0,63.0,73.0,69.0,58.0,71.0,83.0,60.0,79.0
74,300.0,22.0,3.0,0.0,0.0,68.0,72.0,73.0,73.0,91.0,53.0,81.0,64.0,55.0,71.0,80.0,57.0,83.0
77,320.0,30.0,13.0,0.0,0.0,67.0,67.0,73.0,56.0,88.0,70.0,79.0,70.0,54.0,67.0,77.0,70.0,77.0
75,305.0,28.0,20.0,0.0,0.0,67.0,76.0,73.0,66.0,86.0,71.0,79.0,61.0,67.0,67.0,77.0,68.0,78.0
76,254.0,26.0,11.0,0.0,0.0,67.0,85.0,89.0,81.0,75.0,58.0,80.0,61.0,66.0,64.0,77.0,59.0,74.0
77,276.0,22.0,12.0,0.0,0.0,67.0,80.0,85.0,79.0,84.0,67.0,73.0,63.0,68.0,68.0,76.0,64.0,81.0
73,305.0,28.0,4.0,0.0,0.0,67.0,66.0,73.0,58.0,91.0,70.0,79.0,68.0,61.0,71.0,78.0,71.0,83.0
78,313.0,24.0,1.0,0.0,0.0,67.0,62.0,68.0,65.0,83.0,72.0,80.0,69.0,62.0,72.0,78.0,71.0,73.0
75,305.0,27.0,13.0,0.0,0.0,67.0,70.0,76.0,52.0,87.0,67.0,82.0,73.0,61.0,63.0,78.0,65.0,83.0
76,265.0,25.0,15.0,0.0,0.0,67.0,85.0,88.0,72.0,83.0,62.0,78.0,66.0,59.0,68.0,79.0,64.0,75.0
74,305.0,23.0,4.0,0.0,0.0,67.0,72.0,75.0,59.0,88.0,67.0,80.0,64.0,66.0,72.0,81.0,67.0,80.0
76,253.0,22.0,6.0,0.0,0.0,67.0,85.0,91.0,80.0,80.0,67.0,73.0,68.0,63.0,66.0,75.0,59.0,84.0
73,285.0,25.0,0.0,0.0,0.0,67.0,70.0,69.0,65.0,86.0,66.0,79.0,67.0,74.0,74.0,79.0,63.0,75.0
74,338.0,26.0,6.0,0.0,0.0,67.0,69.0,76.0,57.0,91.0,64.0,78.0,61.0,51.0,69.0,82.0,63.0,74.0
75,309.0,24.0,2.0,0.0,0.0,67.0,73.0,74.0,68.0,84.0,65.0,80.0,73.0,69.0,68.0,80.0,62.0,79.0
76,290.0,22.0,1.0,0.0,0.0,67.0,76.0,79.0,59.0,82.0,68.0,77.0,70.0,61.0,72.0,82.0,63.0,84.0
73,293.0,28.0,8.0,0.0,0.0,67.0,68.0,78.0,67.0,82.0,72.0,78.0,75.0,63.0,60.0,78.0,69.0,81.0
76,330.0,24.0,0.0,0.0,0.0,67.0,69.0,78.0,59.0,87.0,65.0,77.0,65.0,54.0,69.0,79.0,67.0,77.0
74,305.0,27.0,0.0,0.0,0.0,67.0,62.0,67.0,58.0,80.0,77.0,79.0,70.0,60.0,71.0,78.0,78.0,74.0
74,346.0,24.0,0.0,0.0,0.0,67.0,59.0,60.0,57.0,93.0,62.0,76.0,60.0,51.0,73.0,79.0,66.0,79.0
75,257.0,24.0,1.0,0.0,0.0,66.0,76.0,81.0,73.0,79.0,71.0,73.0,71.0,66.0,64.0,75.0,66.0,79.0
75,274.0,22.0,0.0,0.0,0.0,66.0,78.0,82.0,71.0,78.0,62.0,81.0,68.0,62.0,70.0,80.0,65.0,80.0
74,265.0,24.0,0.0,0.0,0.0,66.0,82.0,86.0,81.0,74.0,65.0,71.0,72.0,61.0,63.0,76.0,65.0,78.0
76,328.0,24.0,4.0,0.0,0.0,66.0,65.0,69.0,64.0,83.0,64.0,78.0,61.0,51.0,73.0,81.0,67.0,77.0
75,305.0,23.0,1.0,0.0,0.0,66.0,76.0,80.0,64.0,89.0,60.0,77.0,64.0,57.0,66.0,81.0,63.0,75.0
73,236.0,29.0,4.0,0.0,0.0,66.0,80.0,85.0,79.0,74.0,68.0,77.0,52.0,65.0,62.0,78.0,69.0,68.0
75,316.0,28.0,16.0,0.0,0.0,66.0,64.0,65.0,64.0,82.0,72.0,78.0,69.0,64.0,70.0,79.0,73.0,76.0
76,295.0,23.0,6.0,0.0,0.0,66.0,72.0,77.0,71.0,82.0,66.0,78.0,74.0,61.0,69.0,83.0,64.0,82.0
75,295.0,28.0,5.0,0.0,0.0,66.0,78.0,81.0,67.0,85.0,68.0,78.0,56.0,71.0,60.0,77.0,66.0,81.0
77,297.0,28.0,21.0,0.0,0.0,66.0,67.0,67.0,67.0,80.0,74.0,80.0,74.0,63.0,67.0,75.0,71.0,83.0
77,320.0,23.0,6.0,0.0,0.0,66.0,62.0,70.0,55.0,86.0,65.0,79.0,62.0,50.0,75.0,76.0,62.0,80.0
75,345.0,28.0,0.0,0.0,0.0,66.0,59.0,56.0,54.0,86.0,68.0,83.0,68.0,48.0,71.0,78.0,69.0,74.0
76,268.0,24.0,2.0,0.0,0.0,66.0,79.0,84.0,72.0,84.0,65.0,74.0,69.0,57.0,71.0,78.0,62.0,80.0
74,290.0,24.0,0.0,0.0,0.0,66.0,75.0,81.0,65.0,83.0,70.0,77.0,64.0,67.0,68.0,78.0,69.0,78.0
74,307.0,23.0,2.0,0.0,0.0,66.0,70.0,68.0,62.0,87.0,68.0,71.0,63.0,54.0,72.0,78.0,69.0,76.0
76,303.0,23.0,0.0,0.0,0.0,66.0,69.0,72.0,62.0,89.0,64.0,74.0,68.0,63.0,70.0,77.0,65.0,80.0
75,295.0,26.0,4.0,0.0,0.0,66.0,70.0,82.0,68.0,87.0,63.0,78.0,69.0,63.0,71.0,79.0,60.0,77.0
78,270.0,25.0,10.0,0.0,0.0,66.0,77.0,84.0,74.0,80.0,65.0,73.0,70.0,57.0,76.0,77.0,63.0,81.0
76,360.0,23.0,8.0,0.0,0.0,66.0,57.0,69.0,53.0,92.0,67.0,75.0,61.0,60.0,70.0,78.0,65.0,75.0
77,315.0,26.0,2.0,0.0,0.0,66.0,72.0,75.0,67.0,90.0,65.0,75.0,68.0,60.0,66.0,79.0,64.0,78.0
75,294.0,23.0,9.0,0.0,0.0,66.0,75.0,80.0,72.0,86.0,63.0,77.0,69.0,64.0,70.0,80.0,61.0,80.0
76,302.0,22.0,0.0,0.0,0.0,66.0,74.0,82.0,73.0,85.0,62.0,78.0,62.0,50.0,67.0,78.0,64.0,79.0
77,271.0,21.0,6.0,0.0,0.0,65.0,79.0,84.0,70.0,73.0,64.0,79.0,66.0,57.0,76.0,78.0,60.0,76.0
77,245.0,23.0,2.0,0.0,0.0,65.0,92.0,93.0,74.0,70.0,59.0,70.0,59.0,63.0,61.0,83.0,57.0,80.0
75,290.0,26.0,2.0,0.0,0.0,65.0,71.0,76.0,69.0,90.0,60.0,78.0,65.0,70.0,65.0,80.0,57.0,82.0
73,311.0,27.0,29.0,0.0,0.0,65.0,72.0,71.0,64.0,90.0,66.0,77.0,68.0,48.0,67.0,77.0,69.0,80.0
75,265.0,27.0,0.0,0.0,0.0,65.0,73.0,78.0,75.0,75.0,69.0,78.0,61.0,68.0,65.0,77.0,72.0,84.0
75,345.0,26.0,0.0,0.0,0.0,65.0,55.0,60.0,53.0,84.0,72.0,78.0,69.0,57.0,69.0,78.0,74.0,78.0
77,252.0,24.0,5.0,0.0,0.0,65.0,82.0,89.0,77.0,81.0,61.0,71.0,60.0,65.0,64.0,79.0,60.0,81.0
77,275.0,27.0,33.0,0.0,0.0,65.0,79.0,80.0,74.0,82.0,61.0,79.0,68.0,62.0,71.0,76.0,62.0,82.0
75,310.0,24.0,0.0,0.0,0.0,65.0,79.0,83.0,71.0,87.0,63.0,74.0,63.0,56.0,68.0,76.0,60.0,81.0
77,300.0,27.0,1.0,0.0,0.0,65.0,74.0,86.0,72.0,87.0,59.0,79.0,66.0,56.0,68.0,75.0,55.0,76.0
75,289.0,23.0,2.0,0.0,0.0,65.0,73.0,77.0,77.0,82.0,69.0,78.0,67.0,52.0,71.0,75.0,67.0,79.0
76,310.0,24.0,0.0,0.0,0.0,65.0,83.0,87.0,80.0,83.0,54.0,77.0,62.0,66.0,62.0,79.0,52.0,77.0
74,308.0,23.0,6.0,0.0,0.0,65.0,70.0,78.0,52.0,84.0,69.0,74.0,69.0,64.0,69.0,78.0,67.0,78.0
76,282.0,23.0,10.0,0.0,0.0,65.0,73.0,82.0,72.0,75.0,65.0,82.0,67.0,59.0,68.0,81.0,64.0,75.0
77,350.0,26.0,0.0,0.0,0.0,64.0,61.0,66.0,58.0,86.0,64.0,81.0,63.0,53.0,67.0,78.0,62.0,77.0
75,305.0,28.0,0.0,0.0,0.0,64.0,74.0,83.0,72.0,91.0,52.0,75.0,65.0,57.0,66.0,76.0,55.0,79.0
73,331.0,25.0,9.0,0.0,0.0,64.0,67.0,73.0,57.0,87.0,61.0,77.0,72.0,67.0,67.0,77.0,63.0,82.0
75,270.0,28.0,0.0,0.0,0.0,64.0,75.0,75.0,70.0,79.0,64.0,80.0,59.0,69.0,57.0,79.0,62.0,85.0
78,253.0,25.0,0.0,0.0,0.0,64.0,78.0,85.0,83.0,76.0,58.0,75.0,69.0,65.0,65.0,79.0,57.0,77.0
77,270.0,23.0,0.0,0.0,0.0,64.0,73.0,76.0,77.0,83.0,64.0,72.0,64.0,58.0,71.0,76.0,68.0,77.0
77,290.0,23.0,0.0,0.0,0.0,64.0,72.0,74.0,70.0,83.0,55.0,78.0,67.0,49.0,74.0,78.0,54.0,81.0
76,299.0,24.0,0.0,0.0,0.0,64.0,77.0,80.0,65.0,79.0,67.0,76.0,64.0,54.0,67.0,83.0,63.0,76.0
77,284.0,23.0,1.0,0.0,0.0,64.0,76.0,81.0,62.0,81.0,67.0,74.0,65.0,53.0,74.0,74.0,65.0,76.0
76,280.0,26.0,0.0,0.0,0.0,64.0,73.0,74.0,63.0,81.0,62.0,79.0,72.0,59.0,69.0,77.0,64.0,78.0
77,265.0,23.0,1.0,0.0,0.0,64.0,82.0,87.0,65.0,79.0,65.0,69.0,68.0,58.0,67.0,82.0,64.0,78.0
73,299.0,26.0,0.0,0.0,0.0,64.0,73.0,82.0,68.0,81.0,56.0,80.0,70.0,65.0,70.0,78.0,57.0,82.0
76,256.0,23.0,0.0,0.0,0.0,64.0,81.0,90.0,77.0,83.0,57.0,74.0,58.0,66.0,63.0,75.0,56.0,73.0
77,285.0,24.0,1.0,0.0,0.0,64.0,74.0,74.0,76.0,78.0,67.0,77.0,64.0,55.0,66.0,82.0,69.0,76.0
74,315.0,29.0,1.0,0.0,0.0,64.0,66.0,64.0,60.0,86.0,69.0,76.0,71.0,56.0,67.0,76.0,68.0,74.0
73,310.0,23.0,1.0,0.0,0.0,64.0,70.0,80.0,54.0,84.0,62.0,74.0,65.0,55.0,70.0,77.0,66.0,76.0
74,297.0,25.0,6.0,0.0,0.0,64.0,71.0,69.0,58.0,87.0,68.0,75.0,64.0,68.0,69.0,80.0,69.0,78.0
76,298.0,23.0,1.0,0.0,0.0,64.0,72.0,82.0,54.0,78.0,70.0,80.0,64.0,56.0,67.0,81.0,69.0,77.0
75,255.0,28.0,0.0,0.0,0.0,64.0,77.0,81.0,75.0,78.0,60.0,77.0,67.0,63.0,71.0,77.0,64.0,74.0
76,330.0,23.0,0.0,0.0,0.0,64.0,59.0,67.0,41.0,82.0,69.0,73.0,68.0,54.0,74.0,78.0,69.0,81.0
76,293.0,26.0,0.0,0.0,0.0,64.0,70.0,72.0,63.0,83.0,63.0,78.0,62.0,68.0,66.0,80.0,65.0,79.0
74,238.0,24.0,2.0,0.0,0.0,64.0,85.0,88.0,83.0,72.0,53.0,73.0,54.0,67.0,59.0,77.0,50.0,70.0
75,311.0,28.0,5.0,0.0,0.0,64.0,69.0,72.0,60.0,84.0,70.0,74.0,63.0,74.0,71.0,79.0,72.0,77.0
75,290.0,25.0,0.0,0.0,0.0,63.0,74.0,76.0,76.0,79.0,53.0,79.0,72.0,56.0,67.0,77.0,55.0,75.0
74,305.0,25.0,0.0,0.0,0.0,63.0,70.0,75.0,62.0,83.0,67.0,74.0,67.0,57.0,69.0,77.0,70.0,79.0
75,300.0,25.0,14.0,0.0,0.0,63.0,67.0,69.0,62.0,85.0,63.0,77.0,67.0,69.0,72.0,76.0,66.0,80.0
74,293.0,26.0,1.0,0.0,0.0,63.0,73.0,75.0,66.0,83.0,56.0,78.0,67.0,54.0,69.0,74.0,58.0,78.0
74,287.0,24.0,0.0,0.0,0.0,63.0,76.0,76.0,71.0,85.0,66.0,74.0,67.0,62.0,65.0,76.0,64.0,76.0
78,293.0,24.0,6.0,0.0,0.0,63.0,70.0,79.0,67.0,79.0,61.0,78.0,64.0,66.0,69.0,80.0,64.0,81.0
77,333.0,23.0,0.0,0.0,0.0,63.0,57.0,66.0,52.0,84.0,65.0,80.0,64.0,53.0,69.0,76.0,62.0,78.0
73,308.0,26.0,3.0,0.0,0.0,63.0,81.0,84.0,62.0,85.0,59.0,78.0,63.0,67.0,63.0,78.0,56.0,77.0
76,301.0,25.0,0.0,0.0,0.0,63.0,77.0,74.0,73.0,83.0,59.0,73.0,70.0,65.0,68.0,75.0,59.0,83.0
77,292.0,26.0,0.0,0.0,0.0,63.0,70.0,69.0,66.0,81.0,58.0,79.0,65.0,56.0,71.0,77.0,60.0,76.0
75,313.0,24.0,0.0,0.0,0.0,63.0,57.0,52.0,57.0,82.0,72.0,78.0,71.0,54.0,72.0,77.0,70.0,75.0
76,305.0,27.0,0.0,0.0,0.0,63.0,66.0,76.0,66.0,84.0,59.0,81.0,65.0,49.0,65.0,75.0,61.0,78.0
76,323.0,22.0,11.0,0.0,0.0,63.0,62.0,65.0,53.0,86.0,65.0,76.0,67.0,63.0,70.0,74.0,63.0,82.0
77,285.0,25.0,1.0,0.0,0.0,63.0,64.0,79.0,56.0,85.0,61.0,79.0,62.0,53.0,66.0,77.0,62.0,78.0
77,293.0,24.0,1.0,0.0,0.0,63.0,68.0,74.0,57.0,85.0,68.0,76.0,66.0,53.0,69.0,77.0,67.0,79.0
72,294.0,29.0,0.0,0.0,0.0,63.0,71.0,71.0,68.0,84.0,63.0,78.0,72.0,49.0,65.0,76.0,64.0,73.0
75,254.0,24.0,0.0,0.0,0.0,63.0,79.0,87.0,74.0,70.0,69.0,72.0,55.0,65.0,62.0,77.0,56.0,70.0
75,305.0,25.0,0.0,0.0,0.0,62.0,68.0,70.0,66.0,89.0,56.0,76.0,68.0,59.0,66.0,74.0,58.0,73.0
75,250.0,28.0,0.0,0.0,0.0,62.0,72.0,80.0,72.0,78.0,56.0,78.0,70.0,61.0,63.0,72.0,59.0,81.0
75,273.0,25.0,0.0,0.0,0.0,62.0,78.0,84.0,75.0,83.0,55.0,76.0,64.0,59.0,65.0,77.0,53.0,78.0
74,320.0,26.0,1.0,0.0,0.0,62.0,78.0,83.0,61.0,85.0,61.0,78.0,63.0,60.0,62.0,76.0,58.0,78.0
79,240.0,24.0,0.0,0.0,0.0,62.0,83.0,87.0,83.0,69.0,56.0,74.0,60.0,62.0,58.0,79.0,62.0,68.0
76,272.0,26.0,0.0,0.0,0.0,62.0,75.0,80.0,70.0,78.0,57.0,77.0,62.0,69.0,66.0,76.0,54.0,75.0
75,325.0,28.0,0.0,0.0,0.0,62.0,64.0,72.0,51.0,86.0,69.0,80.0,66.0,55.0,61.0,71.0,67.0,76.0
76,280.0,25.0,0.0,0.0,0.0,62.0,70.0,82.0,67.0,81.0,55.0,77.0,68.0,61.0,68.0,77.0,53.0,78.0
76,280.0,24.0,0.0,0.0,0.0,62.0,69.0,73.0,66.0,81.0,60.0,81.0,67.0,58.0,66.0,75.0,63.0,80.0
75,252.0,26.0,1.0,0.0,0.0,62.0,84.0,88.0,70.0,76.0,57.0,69.0,63.0,67.0,70.0,75.0,55.0,84.0
78,262.0,23.0,0.0,0.0,0.0,62.0,82.0,89.0,78.0,78.0,58.0,72.0,63.0,59.0,63.0,75.0,54.0,79.0
75,300.0,25.0,0.0,0.0,0.0,62.0,70.0,73.0,63.0,85.0,48.0,78.0,62.0,45.0,72.0,76.0,49.0,74.0
76,270.0,28.0,5.0,0.0,0.0,62.0,76.0,86.0,71.0,82.0,50.0,77.0,59.0,69.0,71.0,72.0,47.0,78.0
74,260.0,24.0,1.0,0.0,0.0,62.0,82.0,80.0,71.0,77.0,61.0,75.0,61.0,65.0,66.0,76.0,62.0,75.0
76,323.0,24.0,0.0,0.0,0.0,62.0,64.0,63.0,66.0,85.0,49.0,79.0,64.0,52.0,77.0,71.0,52.0,73.0
76,300.0,25.0,0.0,0.0,0.0,62.0,70.0,75.0,57.0,84.0,54.0,77.0,62.0,46.0,73.0,71.0,53.0,73.0
75,258.0,24.0,0.0,0.0,0.0,62.0,75.0,79.0,69.0,74.0,69.0,75.0,65.0,55.0,66.0,76.0,72.0,81.0
74,302.0,24.0,5.0,0.0,0.0,61.0,66.0,75.0,59.0,84.0,52.0,77.0,70.0,52.0,66.0,79.0,54.0,81.0
74,302.0,24.0,25.0,0.0,0.0,61.0,66.0,75.0,59.0,84.0,52.0,77.0,70.0,52.0,66.0,79.0,54.0,81.0
75,279.0,26.0,0.0,0.0,0.0,61.0,69.0,73.0,67.0,80.0,62.0,76.0,61.0,68.0,68.0,77.0,62.0,75.0
76,276.0,28.0,0.0,0.0,0.0,61.0,69.0,70.0,57.0,83.0,61.0,77.0,69.0,59.0,69.0,76.0,63.0,79.0
76,306.0,24.0,0.0,0.0,0.0,61.0,61.0,70.0,65.0,83.0,65.0,74.0,64.0,52.0,75.0,71.0,63.0,76.0
75,295.0,27.0,0.0,0.0,0.0,61.0,71.0,79.0,65.0,75.0,61.0,76.0,69.0,61.0,64.0,78.0,59.0,77.0
76,295.0,26.0,0.0,0.0,0.0,61.0,64.0,69.0,57.0,80.0,61.0,78.0,67.0,59.0,72.0,78.0,63.0,81.0
74,287.0,25.0,0.0,0.0,0.0,61.0,72.0,68.0,65.0,84.0,60.0,79.0,66.0,53.0,67.0,77.0,62.0,75.0
73,295.0,27.0,4.0,0.0,0.0,61.0,65.0,66.0,62.0,82.0,65.0,74.0,62.0,73.0,62.0,75.0,64.0,79.0
75,300.0,25.0,0.0,0.0,0.0,60.0,72.0,80.0,59.0,87.0,65.0,72.0,62.0,52.0,66.0,73.0,58.0,67.0
76,307.0,26.0,0.0,0.0,0.0,60.0,68.0,70.0,69.0,86.0,55.0,77.0,66.0,57.0,67.0,74.0,57.0,76.0
75,300.0,28.0,0.0,0.0,0.0,60.0,64.0,71.0,66.0,81.0,60.0,76.0,66.0,56.0,69.0,76.0,61.0,80.0
75,297.0,25.0,0.0,0.0,0.0,60.0,75.0,79.0,65.0,82.0,55.0,75.0,66.0,59.0,64.0,77.0,52.0,78.0
74,285.0,23.0,0.0,0.0,0.0,60.0,60.0,76.0,57.0,86.0,59.0,78.0,62.0,60.0,67.0,78.0,61.0,77.0
77,295.0,26.0,0.0,0.0,0.0,60.0,66.0,70.0,69.0,81.0,56.0,78.0,64.0,70.0,72.0,76.0,52.0,78.0
73,305.0,29.0,0.0,0.0,0.0,60.0,66.0,67.0,72.0,87.0,61.0,77.0,63.0,71.0,64.0,73.0,59.0,73.0
74,341.0,23.0,0.0,0.0,0.0,60.0,61.0,63.0,55.0,90.0,49.0,77.0,66.0,44.0,69.0,70.0,51.0,79.0
76,305.0,25.0,0.0,0.0,0.0,60.0,71.0,72.0,62.0,77.0,58.0,76.0,65.0,70.0,67.0,76.0,62.0,77.0
73,316.0,24.0,0.0,0.0,0.0,59.0,64.0,70.0,52.0,85.0,53.0,79.0,64.0,67.0,66.0,76.0,50.0,78.0
74,296.0,27.0,0.0,0.0,0.0,59.0,72.0,74.0,56.0,84.0,51.0,82.0,60.0,68.0,60.0,75.0,52.0,79.0
75,273.0,27.0,0.0,0.0,0.0,59.0,70.0,73.0,68.0,77.0,51.0,78.0,69.0,54.0,63.0,78.0,49.0,76.0
77,270.0,24.0,0.0,0.0,0.0,59.0,73.0,81.0,69.0,74.0,58.0,77.0,63.0,56.0,63.0,77.0,55.0,77.0
74,300.0,24.0,0.0,0.0,0.0,59.0,70.0,77.0,60.0,82.0,55.0,75.0,58.0,70.0,65.0,72.0,53.0,83.0
77,316.0,25.0,0.0,0.0,0.0,59.0,67.0,79.0,67.0,83.0,53.0,75.0,69.0,57.0,63.0,76.0,55.0,78.0
74,290.0,24.0,0.0,0.0,0.0,59.0,66.0,77.0,64.0,79.0,59.0,74.0,66.0,57.0,65.0,77.0,58.0,75.0
77,307.0,24.0,0.0,0.0,0.0,58.0,61.0,69.0,51.0,87.0,66.0,72.0,65.0,56.0,62.0,76.0,60.0,66.0
75,326.0,25.0,1.0,0.0,0.0,58.0,67.0,71.0,53.0,84.0,55.0,77.0,67.0,50.0,62.0,70.0,59.0,73.0
77,285.0,24.0,0.0,0.0,0.0,58.0,80.0,77.0,64.0,78.0,54.0,70.0,66.0,65.0,69.0,73.0,52.0,77.0
76,293.0,27.0,0.0,0.0,0.0,57.0,72.0,72.0,65.0,79.0,52.0,78.0,66.0,48.0,60.0,78.0,54.0,78.0
74,288.0,24.0,0.0,0.0,0.0,57.0,73.0,69.0,70.0,80.0,47.0,74.0,68.0,54.0,68.0,79.0,46.0,80.0
72,322.0,26.0,0.0,0.0,0.0,56.0,62.0,67.0,50.0,91.0,52.0,76.0,63.0,46.0,71.0,70.0,51.0,74.0
76,266.0,25.0,57.0,1.0,5.0,98.0,79.0,92.0,87.0,91.0,99.0,96.0,94.0,98.0,85.0,94.0,97.0,84.0
74,305.0,30.0,53.0,0.0,2.0,84.0,73.0,80.0,68.0,87.0,91.0,90.0,74.0,87.0,75.0,87.0,87.0,80.0
79,290.0,29.0,41.0,0.0,0.0,82.0,73.0,71.0,70.0,93.0,84.0,86.0,79.0,68.0,81.0,85.0,84.0,80.0
76,265.0,26.0,23.0,0.0,0.0,74.0,82.0,85.0,76.0,83.0,74.0,83.0,66.0,74.0,72.0,82.0,72.0,80.0
75,273.0,22.0,3.0,0.0,0.0,72.0,84.0,90.0,83.0,75.0,65.0,76.0,60.0,74.0,65.0,83.0,65.0,77.0
74,275.0,32.0,0.0,0.0,0.0,72.0,72.0,73.0,72.0,79.0,85.0,83.0,61.0,75.0,72.0,82.0,83.0,73.0
73,285.0,26.0,0.0,0.0,0.0,70.0,69.0,68.0,65.0,87.0,71.0,84.0,68.0,75.0,73.0,80.0,68.0,76.0
77,319.0,25.0,22.0,0.0,0.0,70.0,72.0,79.0,73.0,86.0,70.0,82.0,74.0,69.0,70.0,82.0,67.0,80.0
75,303.0,25.0,5.0,0.0,0.0,69.0,71.0,72.0,70.0,81.0,70.0,82.0,70.0,58.0,74.0,82.0,68.0,82.0
77,250.0,26.0,5.0,0.0,0.0,68.0,77.0,81.0,72.0,78.0,74.0,76.0,73.0,66.0,72.0,76.0,70.0,77.0
72,295.0,30.0,0.0,0.0,0.0,65.0,70.0,71.0,67.0,84.0,65.0,78.0,73.0,51.0,68.0,78.0,66.0,73.0
74,310.0,24.0,1.0,0.0,0.0,64.0,70.0,80.0,54.0,84.0,62.0,74.0,65.0,55.0,70.0,77.0,66.0,76.0
76,250.0,24.0,0.0,0.0,0.0,63.0,90.0,92.0,75.0,68.0,66.0,67.0,67.0,57.0,62.0,77.0,61.0,79.0
74,250.0,29.0,0.0,0.0,0.0,62.0,72.0,79.0,71.0,78.0,56.0,78.0,70.0,61.0,63.0,72.0,59.0,81.0
75,309.0,27.0,30.0,0.0,0.0,74.0,69.0,74.0,62.0,84.0,83.0,85.0,74.0,66.0,75.0,81.0,81.0,78.0
75,263.0,26.0,10.0,0.0,0.0,73.0,83.0,87.0,79.0,79.0,76.0,80.0,64.0,73.0,68.0,79.0,74.0,81.0
73,311.0,28.0,29.0,0.0,0.0,72.0,71.0,70.0,63.0,89.0,72.0,79.0,74.0,52.0,75.0,78.0,74.0,80.0
76,279.0,26.0,17.0,0.0,0.0,72.0,81.0,83.0,74.0,80.0,71.0,83.0,74.0,62.0,76.0,81.0,73.0,76.0
76,280.0,28.0,24.0,0.0,0.0,72.0,75.0,77.0,69.0,78.0,78.0,85.0,67.0,77.0,74.0,81.0,76.0,80.0
77,253.0,25.0,5.0,0.0,0.0,71.0,82.0,89.0,77.0,81.0,66.0,79.0,62.0,73.0,67.0,83.0,66.0,81.0
77,283.0,27.0,7.0,0.0,0.0,69.0,77.0,81.0,63.0,87.0,66.0,78.0,70.0,64.0,70.0,80.0,68.0,82.0
78,312.0,21.0,10.0,0.0,0.0,68.0,76.0,80.0,67.0,84.0,69.0,81.0,66.0,53.0,71.0,75.0,63.0,82.0
76,300.0,23.0,3.0,0.0,0.0,67.0,76.0,83.0,69.0,81.0,68.0,77.0,67.0,57.0,68.0,83.0,69.0,82.0
75,296.0,27.0,2.0,0.0,0.0,65.0,70.0,75.0,69.0,88.0,62.0,78.0,65.0,70.0,65.0,80.0,59.0,82.0
72,310.0,24.0,0.0,0.0,0.0,64.0,72.0,79.0,53.0,86.0,61.0,78.0,62.0,52.0,68.0,77.0,60.0,80.0
75,325.0,24.0,0.0,0.0,0.0,59.0,67.0,70.0,58.0,84.0,50.0,78.0,63.0,49.0,67.0,72.0,52.0,76.0
75,335.0,29.0,43.0,0.0,0.0,87.0,61.0,64.0,59.0,95.0,93.0,87.0,83.0,66.0,89.0,91.0,95.0,80.0
76,270.0,28.0,56.0,1.0,4.0,87.0,84.0,88.0,82.0,81.0,89.0,88.0,76.0,89.0,71.0,87.0,88.0,83.0
75,311.0,27.0,32.0,0.0,0.0,80.0,72.0,76.0,71.0,88.0,78.0,96.0,76.0,63.0,77.0,85.0,79.0,81.0
77,265.0,28.0,40.0,0.0,0.0,78.0,80.0,81.0,83.0,80.0,89.0,79.0,73.0,78.0,79.0,83.0,87.0,78.0
76,263.0,23.0,6.0,0.0,0.0,73.0,85.0,91.0,80.0,80.0,68.0,78.0,76.0,69.0,66.0,78.0,62.0,84.0
77,275.0,21.0,2.0,0.0,0.0,72.0,88.0,90.0,77.0,82.0,69.0,76.0,75.0,62.0,70.0,79.0,67.0,85.0
76,266.0,29.0,13.0,0.0,0.0,72.0,81.0,87.0,78.0,75.0,68.0,78.0,65.0,76.0,71.0,80.0,65.0,85.0
75,305.0,24.0,4.0,0.0,0.0,68.0,72.0,75.0,59.0,88.0,63.0,84.0,63.0,67.0,68.0,82.0,63.0,80.0
75,272.0,23.0,0.0,0.0,0.0,68.0,78.0,82.0,71.0,78.0,65.0,83.0,71.0,64.0,72.0,80.0,68.0,80.0
75,340.0,29.0,0.0,0.0,0.0,66.0,59.0,55.0,54.0,86.0,68.0,83.0,68.0,48.0,71.0,78.0,69.0,74.0
76,290.0,24.0,10.0,0.0,0.0,64.0,73.0,82.0,72.0,76.0,68.0,80.0,67.0,59.0,66.0,81.0,67.0,75.0
76,263.0,24.0,0.0,0.0,0.0,64.0,81.0,90.0,77.0,83.0,57.0,74.0,58.0,66.0,63.0,75.0,56.0,73.0
75,250.0,34.0,104.0,3.0,8.0,94.0,85.0,86.0,86.0,84.0,97.0,92.0,90.0,94.0,91.0,96.0,96.0,89.0
78,266.0,23.0,0.0,0.0,0.0,84.0,83.0,90.0,81.0,81.0,87.0,84.0,87.0,79.0,82.0,89.0,84.0,82.0
73,287.0,25.0,42.0,0.0,0.0,81.0,83.0,86.0,84.0,89.0,80.0,87.0,80.0,72.0,78.0,85.0,79.0,81.0
77,240.0,30.0,59.0,0.0,0.0,78.0,85.0,87.0,83.0,75.0,83.0,82.0,69.0,77.0,75.0,82.0,81.0,77.0
71,310.0,27.0,0.0,0.0,0.0,76.0,67.0,70.0,63.0,86.0,85.0,86.0,62.0,74.0,75.0,83.0,87.0,79.0
76,320.0,31.0,57.0,0.0,0.0,76.0,62.0,67.0,63.0,88.0,81.0,83.0,78.0,62.0,79.0,81.0,84.0,78.0
75,274.0,25.0,0.0,0.0,0.0,75.0,86.0,87.0,76.0,81.0,78.0,78.0,71.0,77.0,73.0,79.0,75.0,81.0
78,341.0,30.0,31.0,0.0,0.0,74.0,68.0,68.0,61.0,88.0,84.0,80.0,76.0,64.0,73.0,82.0,83.0,87.0
78,341.0,30.0,0.0,0.0,0.0,74.0,68.0,68.0,61.0,88.0,84.0,80.0,76.0,64.0,73.0,82.0,83.0,87.0
78,260.0,24.0,16.0,0.0,0.0,73.0,77.0,75.0,76.0,84.0,83.0,74.0,78.0,70.0,70.0,81.0,82.0,81.0
75,265.0,29.0,24.0,0.0,0.0,73.0,80.0,83.0,76.0,85.0,69.0,85.0,74.0,62.0,73.0,82.0,67.0,82.0
75,313.0,26.0,0.0,0.0,0.0,71.0,65.0,68.0,57.0,88.0,76.0,78.0,75.0,71.0,74.0,81.0,79.0,79.0
74,293.0,27.0,1.0,0.0,0.0,63.0,72.0,74.0,65.0,83.0,57.0,78.0,67.0,54.0,69.0,74.0,59.0,78.0
76,260.0,25.0,0.0,0.0,0.0,62.0,80.0,88.0,83.0,80.0,49.0,73.0,66.0,59.0,64.0,80.0,50.0,77.0
75,295.0,28.0,0.0,0.0,0.0,59.0,70.0,78.0,64.0,75.0,61.0,76.0,69.0,61.0,64.0,78.0,59.0,77.0
77,285.0,26.0,35.0,0.0,0.0,79.0,74.0,78.0,74.0,85.0,86.0,86.0,79.0,68.0,78.0,82.0,88.0,81.0
72,305.0,28.0,40.0,0.0,0.0,78.0,71.0,74.0,74.0,88.0,87.0,81.0,76.0,59.0,79.0,82.0,86.0,78.0
75,328.0,32.0,0.0,0.0,0.0,73.0,62.0,64.0,62.0,88.0,81.0,80.0,72.0,55.0,76.0,80.0,83.0,75.0
75,291.0,24.0,2.0,0.0,0.0,66.0,73.0,77.0,77.0,82.0,69.0,79.0,66.0,52.0,71.0,76.0,67.0,79.0
78,320.0,25.0,1.0,0.0,0.0,65.0,62.0,68.0,65.0,83.0,72.0,81.0,69.0,62.0,72.0,78.0,71.0,73.0
76,294.0,25.0,1.0,0.0,0.0,64.0,74.0,74.0,76.0,78.0,67.0,77.0,64.0,55.0,66.0,82.0,69.0,76.0
77,302.0,24.0,0.0,0.0,0.0,62.0,72.0,74.0,70.0,83.0,55.0,78.0,67.0,49.0,74.0,78.0,54.0,81.0
77,295.0,27.0,0.0,0.0,0.0,60.0,65.0,69.0,68.0,81.0,57.0,78.0,64.0,70.0,72.0,76.0,53.0,78.0
76,272.0,27.0,90.0,4.0,6.0,98.0,87.0,91.0,86.0,96.0,95.0,92.0,98.0,91.0,90.0,97.0,91.0,84.0
76,275.0,30.0,57.0,0.0,3.0,85.0,80.0,78.0,72.0,85.0,92.0,88.0,88.0,77.0,76.0,91.0,90.0,83.0
75,325.0,29.0,46.0,0.0,0.0,80.0,66.0,68.0,61.0,89.0,92.0,84.0,80.0,66.0,80.0,84.0,91.0,82.0
74,250.0,28.0,12.0,0.0,0.0,78.0,81.0,85.0,79.0,83.0,77.0,83.0,72.0,82.0,76.0,83.0,74.0,75.0
74,290.0,28.0,39.0,0.0,0.0,73.0,72.0,76.0,66.0,91.0,70.0,83.0,67.0,77.0,73.0,82.0,71.0,82.0
75,310.0,25.0,5.0,0.0,0.0,69.0,72.0,78.0,68.0,86.0,60.0,82.0,69.0,75.0,74.0,82.0,61.0,81.0
76,303.0,25.0,21.0,0.0,0.0,68.0,72.0,79.0,62.0,82.0,73.0,80.0,72.0,65.0,68.0,80.0,74.0,77.0
74,296.0,23.0,3.0,0.0,0.0,67.0,72.0,73.0,73.0,91.0,53.0,81.0,64.0,55.0,68.0,80.0,57.0,83.0
76,358.0,22.0,0.0,0.0,0.0,66.0,59.0,68.0,54.0,90.0,70.0,73.0,63.0,48.0,76.0,69.0,64.0,80.0
76,271.0,22.0,3.0,0.0,0.0,66.0,79.0,88.0,75.0,79.0,64.0,76.0,69.0,59.0,69.0,76.0,63.0,87.0
77,266.0,24.0,1.0,0.0,0.0,66.0,82.0,87.0,65.0,79.0,65.0,72.0,72.0,62.0,67.0,82.0,64.0,78.0
77,267.0,22.0,6.0,0.0,0.0,64.0,79.0,84.0,70.0,73.0,68.0,77.0,67.0,58.0,69.0,78.0,64.0,76.0
73,296.0,25.0,0.0,0.0,0.0,63.0,69.0,81.0,73.0,77.0,66.0,72.0,69.0,73.0,62.0,81.0,68.0,79.0
74,288.0,25.0,0.0,0.0,0.0,60.0,73.0,69.0,70.0,80.0,53.0,74.0,70.0,58.0,68.0,79.0,51.0,80.0
76,347.0,28.0,45.0,0.0,2.0,88.0,68.0,73.0,71.0,98.0,90.0,90.0,85.0,72.0,83.0,87.0,92.0,89.0
73,281.0,22.0,12.0,0.0,0.0,73.0,83.0,91.0,82.0,74.0,72.0,73.0,66.0,75.0,69.0,84.0,74.0,81.0
73,312.0,27.0,0.0,0.0,0.0,73.0,71.0,70.0,61.0,87.0,82.0,79.0,75.0,55.0,77.0,83.0,84.0,83.0
73,312.0,27.0,17.0,0.0,0.0,73.0,71.0,70.0,61.0,87.0,82.0,79.0,75.0,55.0,77.0,83.0,84.0,83.0
73,305.0,29.0,4.0,0.0,0.0,70.0,66.0,72.0,58.0,89.0,70.0,78.0,71.0,64.0,74.0,79.0,71.0,83.0
78,283.0,23.0,13.0,0.0,0.0,70.0,76.0,83.0,75.0,85.0,67.0,82.0,71.0,64.0,68.0,84.0,67.0,77.0
75,293.0,24.0,0.0,0.0,0.0,63.0,67.0,72.0,64.0,83.0,65.0,79.0,61.0,65.0,66.0,73.0,65.0,78.0
76,270.0,29.0,5.0,0.0,0.0,62.0,76.0,85.0,71.0,82.0,52.0,77.0,59.0,69.0,71.0,72.0,49.0,78.0
77,287.0,26.0,0.0,0.0,0.0,60.0,69.0,77.0,55.0,81.0,65.0,75.0,62.0,51.0,69.0,70.0,66.0,76.0
74,290.0,25.0,0.0,0.0,0.0,59.0,73.0,81.0,55.0,80.0,54.0,73.0,67.0,55.0,68.0,79.0,59.0,81.0
77,334.0,25.0,10.0,0.0,0.0,69.0,67.0,70.0,61.0,88.0,73.0,78.0,68.0,55.0,70.0,80.0,74.0,82.0
75,305.0,29.0,20.0,0.0,0.0,68.0,75.0,72.0,66.0,86.0,72.0,80.0,63.0,70.0,69.0,79.0,69.0,78.0
74,291.0,27.0,16.0,0.0,0.0,67.0,75.0,75.0,64.0,83.0,74.0,80.0,70.0,63.0,66.0,74.0,71.0,82.0
74,308.0,24.0,6.0,0.0,0.0,67.0,70.0,78.0,52.0,84.0,72.0,82.0,68.0,63.0,72.0,79.0,71.0,78.0
76,282.0,25.0,0.0,0.0,0.0,65.0,68.0,74.0,66.0,81.0,71.0,79.0,68.0,58.0,69.0,76.0,73.0,80.0
76,286.0,23.0,8.0,0.0,0.0,64.0,76.0,83.0,71.0,80.0,70.0,67.0,67.0,63.0,72.0,79.0,67.0,78.0
76,295.0,27.0,0.0,0.0,0.0,64.0,64.0,69.0,56.0,80.0,67.0,81.0,68.0,60.0,73.0,79.0,69.0,81.0
75,293.0,23.0,0.0,0.0,0.0,61.0,74.0,80.0,63.0,80.0,66.0,65.0,62.0,49.0,69.0,69.0,70.0,79.0
77,274.0,25.0,0.0,0.0,0.0,59.0,73.0,81.0,69.0,74.0,58.0,77.0,63.0,56.0,63.0,77.0,55.0,77.0
76,310.0,28.0,35.0,0.0,0.0,75.0,73.0,80.0,69.0,86.0,80.0,86.0,72.0,53.0,75.0,82.0,84.0,76.0
75,275.0,28.0,0.0,0.0,0.0,74.0,74.0,78.0,74.0,82.0,76.0,86.0,78.0,60.0,73.0,81.0,74.0,78.0
76,314.0,29.0,28.0,0.0,0.0,72.0,59.0,61.0,57.0,89.0,78.0,81.0,73.0,57.0,74.0,82.0,81.0,80.0
76,308.0,33.0,22.0,0.0,0.0,68.0,70.0,80.0,68.0,82.0,76.0,80.0,69.0,55.0,72.0,77.0,74.0,76.0
76,296.0,23.0,7.0,0.0,0.0,65.0,74.0,81.0,73.0,85.0,64.0,75.0,68.0,62.0,67.0,79.0,63.0,77.0
76,320.0,23.0,11.0,0.0,0.0,64.0,62.0,65.0,53.0,86.0,67.0,76.0,68.0,63.0,70.0,74.0,65.0,82.0
75,334.0,23.0,0.0,0.0,0.0,63.0,64.0,73.0,62.0,88.0,58.0,75.0,62.0,49.0,72.0,66.0,60.0,82.0
75,281.0,25.0,0.0,0.0,0.0,61.0,70.0,78.0,73.0,82.0,65.0,70.0,66.0,51.0,67.0,72.0,58.0,75.0
76,310.0,22.0,0.0,0.0,0.0,59.0,63.0,72.0,55.0,84.0,52.0,80.0,66.0,52.0,74.0,77.0,49.0,81.0
78,310.0,29.0,0.0,0.0,0.0,96.0,71.0,79.0,72.0,95.0,98.0,93.0,97.0,89.0,87.0,96.0,95.0,84.0
78,310.0,29.0,10.0,0.0,0.0,96.0,71.0,79.0,72.0,95.0,98.0,93.0,97.0,89.0,87.0,96.0,95.0,84.0
78,310.0,29.0,0.0,0.0,0.0,96.0,71.0,79.0,72.0,95.0,98.0,93.0,97.0,89.0,87.0,96.0,95.0,84.0
78,310.0,29.0,0.0,0.0,0.0,96.0,71.0,79.0,72.0,95.0,98.0,93.0,97.0,89.0,87.0,96.0,95.0,84.0
78,310.0,29.0,14.0,0.0,0.0,96.0,71.0,79.0,72.0,95.0,98.0,93.0,97.0,89.0,87.0,96.0,95.0,84.0
78,310.0,29.0,88.0,3.0,6.0,96.0,71.0,79.0,72.0,95.0,98.0,93.0,97.0,89.0,87.0,96.0,95.0,84.0
76,263.0,22.0,0.0,0.0,0.0,76.0,80.0,86.0,80.0,84.0,78.0,78.0,78.0,72.0,73.0,80.0,80.0,83.0
77,280.0,26.0,11.0,0.0,0.0,76.0,75.0,79.0,77.0,83.0,83.0,76.0,82.0,73.0,73.0,82.0,79.0,78.0
74,257.0,25.0,0.0,0.0,0.0,74.0,80.0,85.0,75.0,82.0,76.0,80.0,77.0,68.0,73.0,80.0,78.0,77.0
73,317.0,27.0,34.0,0.0,0.0,73.0,61.0,67.0,55.0,87.0,84.0,81.0,69.0,57.0,72.0,83.0,86.0,79.0
76,255.0,21.0,4.0,0.0,0.0,71.0,81.0,82.0,85.0,72.0,69.0,78.0,72.0,74.0,67.0,84.0,66.0,86.0
73,280.0,25.0,0.0,0.0,0.0,69.0,79.0,85.0,72.0,85.0,69.0,77.0,64.0,72.0,70.0,81.0,69.0,80.0
74,339.0,30.0,33.0,0.0,0.0,67.0,49.0,55.0,54.0,91.0,66.0,82.0,72.0,51.0,70.0,82.0,70.0,81.0
74,332.0,23.0,1.0,0.0,0.0,65.0,65.0,73.0,64.0,90.0,69.0,74.0,64.0,45.0,70.0,67.0,65.0,85.0
77,280.0,26.0,1.0,0.0,0.0,65.0,64.0,79.0,56.0,85.0,65.0,79.0,64.0,55.0,66.0,77.0,66.0,78.0
78,240.0,24.0,0.0,0.0,0.0,64.0,85.0,91.0,82.0,66.0,61.0,64.0,65.0,65.0,63.0,80.0,64.0,77.0
77,292.0,27.0,0.0,0.0,0.0,63.0,69.0,68.0,66.0,81.0,63.0,79.0,66.0,57.0,72.0,77.0,65.0,76.0
75,275.0,24.0,0.0,0.0,0.0,63.0,76.0,80.0,69.0,78.0,59.0,78.0,72.0,65.0,68.0,70.0,56.0,83.0
75,285.0,27.0,0.0,0.0,0.0,62.0,68.0,72.0,67.0,80.0,62.0,76.0,61.0,68.0,68.0,77.0,62.0,75.0
78,260.0,24.0,0.0,0.0,0.0,62.0,82.0,89.0,78.0,78.0,58.0,72.0,63.0,59.0,63.0,75.0,54.0,79.0
79,295.0,29.0,73.0,1.0,3.0,86.0,72.0,76.0,82.0,90.0,87.0,89.0,76.0,82.0,85.0,92.0,86.0,87.0
76,315.0,29.0,37.0,0.0,0.0,85.0,66.0,74.0,59.0,91.0,89.0,88.0,74.0,59.0,86.0,88.0,92.0,75.0
74,261.0,24.0,26.0,0.0,0.0,77.0,85.0,86.0,88.0,86.0,72.0,85.0,76.0,62.0,78.0,83.0,72.0,82.0
75,240.0,28.0,36.0,0.0,0.0,76.0,85.0,89.0,80.0,83.0,71.0,83.0,64.0,77.0,74.0,81.0,68.0,83.0
75,277.0,28.0,12.0,0.0,0.0,72.0,81.0,88.0,76.0,83.0,69.0,78.0,74.0,61.0,74.0,81.0,70.0,81.0
78,276.0,23.0,12.0,0.0,0.0,72.0,80.0,85.0,79.0,84.0,68.0,80.0,67.0,75.0,72.0,79.0,65.0,81.0
76,291.0,27.0,22.0,0.0,0.0,70.0,77.0,80.0,76.0,88.0,67.0,80.0,72.0,60.0,68.0,80.0,68.0,85.0
72,250.0,28.0,11.0,0.0,0.0,70.0,84.0,88.0,83.0,82.0,65.0,77.0,64.0,69.0,65.0,78.0,64.0,81.0
76,250.0,28.0,18.0,0.0,0.0,70.0,80.0,83.0,73.0,78.0,76.0,78.0,72.0,63.0,71.0,81.0,77.0,76.0
76,268.0,25.0,2.0,0.0,0.0,67.0,79.0,84.0,72.0,84.0,65.0,74.0,70.0,58.0,71.0,78.0,62.0,80.0
75,300.0,25.0,2.0,0.0,0.0,66.0,73.0,74.0,68.0,84.0,65.0,80.0,73.0,69.0,68.0,80.0,62.0,79.0
74,282.0,22.0,2.0,0.0,0.0,66.0,89.0,92.0,79.0,84.0,63.0,66.0,67.0,60.0,67.0,78.0,62.0,79.0
75,245.0,24.0,0.0,0.0,0.0,65.0,83.0,91.0,74.0,69.0,59.0,69.0,67.0,72.0,59.0,78.0,53.0,79.0
76,299.0,25.0,0.0,0.0,0.0,64.0,77.0,80.0,65.0,79.0,67.0,76.0,64.0,54.0,67.0,83.0,63.0,76.0
75,300.0,28.0,50.0,0.0,2.0,92.0,71.0,76.0,70.0,93.0,95.0,95.0,93.0,76.0,84.0,90.0,95.0,81.0
77,264.0,24.0,23.0,0.0,1.0,85.0,87.0,91.0,86.0,86.0,84.0,89.0,73.0,82.0,83.0,87.0,81.0,84.0
75,320.0,26.0,0.0,0.0,0.0,83.0,76.0,83.0,64.0,95.0,85.0,84.0,82.0,61.0,81.0,84.0,87.0,77.0
78,262.0,26.0,42.0,0.0,1.0,82.0,90.0,92.0,82.0,80.0,77.0,85.0,75.0,81.0,81.0,86.0,79.0,80.0
78,265.0,31.0,0.0,0.0,0.0,72.0,82.0,85.0,76.0,75.0,72.0,78.0,66.0,76.0,67.0,79.0,69.0,77.0
76,312.0,25.0,2.0,0.0,0.0,71.0,63.0,69.0,56.0,89.0,71.0,83.0,70.0,59.0,75.0,79.0,69.0,75.0
76,265.0,26.0,15.0,0.0,0.0,70.0,85.0,88.0,72.0,83.0,65.0,78.0,72.0,64.0,72.0,79.0,67.0,75.0
76,295.0,27.0,0.0,0.0,0.0,68.0,67.0,73.0,68.0,89.0,68.0,80.0,73.0,65.0,69.0,78.0,66.0,81.0
77,254.0,27.0,11.0,0.0,0.0,67.0,85.0,89.0,81.0,75.0,58.0,80.0,62.0,67.0,68.0,77.0,59.0,74.0
77,321.0,24.0,6.0,0.0,0.0,66.0,62.0,70.0,55.0,86.0,63.0,81.0,62.0,50.0,74.0,78.0,60.0,80.0
76,255.0,24.0,2.0,0.0,0.0,65.0,85.0,89.0,68.0,68.0,64.0,76.0,68.0,66.0,60.0,81.0,58.0,82.0
74,238.0,25.0,2.0,0.0,0.0,64.0,85.0,88.0,83.0,72.0,53.0,73.0,54.0,67.0,59.0,77.0,50.0,70.0
77,258.0,24.0,0.0,0.0,0.0,63.0,80.0,90.0,78.0,67.0,62.0,75.0,66.0,57.0,68.0,82.0,61.0,81.0
77,258.0,24.0,1.0,0.0,0.0,63.0,80.0,90.0,78.0,67.0,62.0,75.0,66.0,57.0,68.0,82.0,61.0,81.0
75,254.0,25.0,0.0,0.0,0.0,63.0,79.0,87.0,74.0,70.0,69.0,72.0,55.0,65.0,62.0,77.0,56.0,70.0
75,290.0,26.0,0.0,0.0,0.0,61.0,74.0,76.0,76.0,79.0,53.0,79.0,72.0,56.0,67.0,77.0,55.0,75.0
76,293.0,28.0,0.0,0.0,0.0,57.0,72.0,71.0,65.0,79.0,52.0,78.0,66.0,48.0,60.0,78.0,54.0,78.0
75,245.0,24.0,56.0,2.0,4.0,97.0,92.0,95.0,91.0,87.0,97.0,89.0,89.0,95.0,74.0,94.0,94.0,84.0
75,265.0,31.0,68.0,0.0,4.0,90.0,82.0,85.0,79.0,88.0,91.0,90.0,83.0,88.0,92.0,87.0,93.0,84.0
74,280.0,25.0,27.0,0.0,0.0,77.0,78.0,77.0,68.0,84.0,83.0,84.0,77.0,68.0,78.0,84.0,81.0,78.0
75,261.0,29.0,0.0,0.0,0.0,75.0,84.0,86.0,81.0,73.0,78.0,79.0,66.0,76.0,67.0,84.0,74.0,83.0
74,320.0,31.0,50.0,0.0,0.0,74.0,58.0,64.0,61.0,90.0,87.0,84.0,69.0,50.0,72.0,82.0,86.0,65.0
76,255.0,26.0,0.0,0.0,0.0,74.0,77.0,80.0,81.0,81.0,78.0,83.0,66.0,77.0,74.0,83.0,80.0,76.0
75,337.0,22.0,9.0,0.0,0.0,73.0,74.0,77.0,77.0,94.0,70.0,83.0,67.0,50.0,72.0,74.0,67.0,89.0
76,261.0,24.0,42.0,0.0,0.0,73.0,89.0,91.0,82.0,77.0,69.0,79.0,76.0,65.0,73.0,83.0,66.0,79.0
76,261.0,24.0,9.0,0.0,0.0,73.0,89.0,91.0,82.0,77.0,69.0,79.0,76.0,65.0,73.0,83.0,66.0,79.0
76,261.0,24.0,13.0,0.0,0.0,73.0,89.0,91.0,82.0,77.0,69.0,79.0,76.0,65.0,73.0,83.0,66.0,79.0
76,261.0,24.0,4.0,0.0,0.0,73.0,89.0,91.0,82.0,77.0,69.0,79.0,76.0,65.0,73.0,83.0,66.0,79.0
77,268.0,25.0,12.0,0.0,0.0,69.0,78.0,87.0,71.0,79.0,69.0,80.0,72.0,66.0,73.0,78.0,71.0,79.0
74,302.0,26.0,10.0,0.0,0.0,68.0,79.0,81.0,72.0,80.0,70.0,81.0,68.0,73.0,66.0,80.0,67.0,78.0
75,250.0,27.0,4.0,0.0,0.0,68.0,85.0,88.0,82.0,80.0,64.0,71.0,71.0,62.0,67.0,78.0,67.0,78.0
76,360.0,24.0,8.0,0.0,0.0,66.0,57.0,69.0,53.0,92.0,68.0,76.0,64.0,60.0,69.0,76.0,70.0,75.0
76,267.0,23.0,0.0,0.0,0.0,66.0,81.0,82.0,71.0,80.0,70.0,71.0,71.0,69.0,65.0,76.0,65.0,80.0
76,236.0,23.0,0.0,0.0,0.0,63.0,85.0,90.0,77.0,69.0,59.0,70.0,67.0,64.0,57.0,78.0,57.0,84.0
76,310.0,27.0,35.0,0.0,0.0,86.0,72.0,75.0,73.0,90.0,86.0,95.0,79.0,66.0,89.0,88.0,89.0,80.0
76,278.0,29.0,41.0,0.0,0.0,79.0,82.0,88.0,75.0,83.0,82.0,86.0,78.0,67.0,75.0,85.0,80.0,83.0
78,305.0,27.0,32.0,0.0,0.0,79.0,77.0,75.0,72.0,89.0,80.0,86.0,65.0,75.0,84.0,85.0,82.0,81.0
79,335.0,26.0,23.0,0.0,0.0,71.0,68.0,73.0,61.0,86.0,76.0,83.0,72.0,62.0,71.0,81.0,75.0,78.0
75,300.0,26.0,0.0,0.0,0.0,62.0,70.0,73.0,63.0,85.0,48.0,78.0,62.0,45.0,72.0,76.0,49.0,74.0
75,316.0,24.0,0.0,0.0,0.0,60.0,61.0,72.0,60.0,82.0,66.0,70.0,62.0,55.0,70.0,70.0,65.0,77.0
74,285.0,24.0,0.0,0.0,0.0,60.0,60.0,76.0,57.0,86.0,59.0,78.0,62.0,60.0,67.0,78.0,61.0,77.0
77,265.0,26.0,33.0,0.0,1.0,84.0,85.0,90.0,83.0,81.0,88.0,85.0,77.0,84.0,78.0,85.0,85.0,77.0
76,310.0,32.0,95.0,1.0,6.0,81.0,76.0,79.0,77.0,92.0,85.0,86.0,80.0,65.0,75.0,83.0,88.0,80.0
74,265.0,35.0,59.0,0.0,1.0,80.0,75.0,79.0,77.0,87.0,85.0,82.0,84.0,79.0,82.0,86.0,85.0,87.0
75,314.0,22.0,16.0,0.0,1.0,79.0,81.0,88.0,78.0,94.0,68.0,82.0,79.0,66.0,79.0,83.0,72.0,87.0
78,336.0,23.0,16.0,0.0,0.0,79.0,80.0,87.0,58.0,96.0,73.0,84.0,70.0,60.0,77.0,80.0,77.0,82.0
75,290.0,24.0,11.0,0.0,0.0,75.0,83.0,86.0,81.0,83.0,75.0,86.0,73.0,65.0,76.0,79.0,73.0,76.0
75,259.0,27.0,26.0,0.0,0.0,72.0,74.0,74.0,76.0,85.0,76.0,79.0,76.0,64.0,75.0,83.0,74.0,85.0
74,287.0,27.0,10.0,0.0,0.0,69.0,76.0,82.0,73.0,89.0,61.0,81.0,65.0,74.0,68.0,79.0,58.0,83.0
72,235.0,25.0,1.0,0.0,0.0,68.0,92.0,93.0,84.0,66.0,60.0,76.0,56.0,64.0,59.0,82.0,55.0,84.0
74,307.0,24.0,2.0,0.0,0.0,67.0,70.0,68.0,62.0,87.0,69.0,76.0,67.0,58.0,70.0,79.0,70.0,76.0
77,260.0,25.0,2.0,0.0,0.0,66.0,82.0,86.0,73.0,81.0,67.0,74.0,67.0,63.0,67.0,76.0,65.0,83.0
75,292.0,22.0,2.0,0.0,0.0,64.0,71.0,82.0,69.0,84.0,63.0,79.0,64.0,55.0,66.0,77.0,59.0,81.0
74,254.0,25.0,1.0,0.0,0.0,62.0,82.0,80.0,71.0,77.0,61.0,75.0,61.0,65.0,66.0,76.0,62.0,75.0
72,305.0,30.0,56.0,0.0,2.0,86.0,71.0,77.0,69.0,92.0,96.0,86.0,87.0,75.0,85.0,92.0,94.0,86.0
80,282.0,37.0,112.0,1.0,6.0,85.0,71.0,73.0,75.0,91.0,91.0,87.0,81.0,71.0,87.0,89.0,92.0,85.0
75,332.0,29.0,35.0,0.0,0.0,75.0,62.0,58.0,61.0,93.0,81.0,82.0,76.0,56.0,74.0,83.0,81.0,84.0
75,300.0,30.0,43.0,0.0,0.0,75.0,68.0,80.0,70.0,89.0,83.0,81.0,78.0,62.0,76.0,82.0,80.0,81.0
76,294.0,24.0,9.0,0.0,0.0,69.0,75.0,80.0,72.0,86.0,68.0,78.0,71.0,65.0,72.0,80.0,66.0,80.0
74,320.0,27.0,1.0,0.0,0.0,63.0,78.0,83.0,61.0,85.0,62.0,78.0,63.0,60.0,62.0,76.0,59.0,78.0
76,323.0,25.0,0.0,0.0,0.0,62.0,64.0,63.0,66.0,85.0,62.0,79.0,66.0,54.0,72.0,76.0,65.0,73.0
76,275.0,26.0,0.0,0.0,0.0,62.0,70.0,82.0,67.0,81.0,55.0,77.0,68.0,61.0,68.0,77.0,53.0,78.0
77,280.0,26.0,0.0,0.0,0.0,61.0,67.0,79.0,67.0,83.0,53.0,75.0,69.0,57.0,63.0,76.0,55.0,78.0
76,342.0,25.0,0.0,0.0,0.0,94.0,73.0,77.0,67.0,96.0,98.0,91.0,95.0,77.0,86.0,93.0,98.0,82.0
77,302.0,29.0,0.0,0.0,0.0,82.0,72.0,74.0,71.0,90.0,88.0,88.0,85.0,68.0,84.0,88.0,86.0,81.0
77,302.0,29.0,66.0,0.0,2.0,82.0,72.0,74.0,71.0,90.0,88.0,88.0,85.0,68.0,84.0,88.0,86.0,81.0
75,320.0,28.0,35.0,0.0,0.0,74.0,66.0,70.0,58.0,85.0,81.0,85.0,71.0,58.0,80.0,84.0,84.0,82.0
74,307.0,30.0,30.0,0.0,0.0,69.0,69.0,74.0,59.0,81.0,72.0,83.0,69.0,55.0,71.0,80.0,75.0,77.0
76,325.0,29.0,0.0,0.0,0.0,67.0,63.0,69.0,62.0,83.0,72.0,83.0,73.0,62.0,72.0,79.0,73.0,84.0
75,327.0,25.0,4.0,0.0,0.0,63.0,65.0,69.0,64.0,83.0,64.0,78.0,61.0,51.0,72.0,81.0,67.0,77.0
78,276.0,24.0,0.0,0.0,0.0,62.0,75.0,80.0,76.0,82.0,54.0,74.0,60.0,70.0,63.0,79.0,54.0,78.0
77,325.0,25.0,4.0,0.0,0.0,62.0,63.0,61.0,47.0,88.0,58.0,83.0,61.0,45.0,74.0,76.0,63.0,84.0
76,335.0,26.0,18.0,0.0,0.0,78.0,68.0,70.0,66.0,91.0,80.0,83.0,78.0,66.0,80.0,82.0,82.0,79.0
76,318.0,28.0,26.0,0.0,0.0,73.0,62.0,72.0,68.0,91.0,86.0,77.0,76.0,55.0,74.0,83.0,87.0,81.0
75,264.0,28.0,17.0,0.0,0.0,73.0,78.0,79.0,81.0,82.0,78.0,76.0,67.0,78.0,71.0,80.0,77.0,80.0
77,290.0,30.0,0.0,0.0,0.0,72.0,76.0,72.0,72.0,81.0,84.0,79.0,76.0,68.0,73.0,79.0,82.0,76.0
76,290.0,30.0,27.0,0.0,0.0,70.0,73.0,76.0,63.0,82.0,75.0,79.0,74.0,66.0,74.0,82.0,77.0,81.0
75,280.0,27.0,4.0,0.0,0.0,66.0,69.0,81.0,67.0,87.0,63.0,79.0,69.0,63.0,68.0,79.0,60.0,77.0
76,285.0,23.0,4.0,0.0,0.0,66.0,69.0,81.0,65.0,86.0,68.0,79.0,65.0,59.0,71.0,77.0,67.0,81.0
75,299.0,29.0,5.0,0.0,0.0,66.0,78.0,80.0,67.0,85.0,68.0,78.0,56.0,71.0,60.0,77.0,66.0,81.0
74,311.0,24.0,0.0,0.0,0.0,65.0,70.0,72.0,62.0,84.0,67.0,72.0,69.0,67.0,74.0,79.0,62.0,77.0
77,280.0,27.0,0.0,0.0,0.0,64.0,72.0,73.0,62.0,81.0,62.0,79.0,72.0,59.0,68.0,77.0,64.0,78.0
75,303.0,25.0,51.0,1.0,3.0,93.0,78.0,84.0,79.0,92.0,97.0,92.0,88.0,78.0,90.0,89.0,96.0,85.0
76,288.0,26.0,32.0,0.0,0.0,83.0,78.0,82.0,72.0,90.0,87.0,91.0,80.0,86.0,81.0,85.0,84.0,84.0
74,265.0,28.0,20.0,0.0,0.0,80.0,81.0,87.0,80.0,88.0,84.0,78.0,77.0,83.0,69.0,84.0,79.0,76.0
76,309.0,36.0,34.0,0.0,0.0,77.0,67.0,70.0,64.0,93.0,78.0,86.0,74.0,53.0,80.0,80.0,77.0,67.0
75,255.0,25.0,0.0,0.0,0.0,77.0,83.0,89.0,80.0,72.0,78.0,79.0,67.0,81.0,62.0,80.0,75.0,80.0
75,241.0,24.0,0.0,0.0,0.0,74.0,82.0,87.0,88.0,69.0,72.0,80.0,66.0,75.0,65.0,78.0,67.0,87.0
76,291.0,30.0,29.0,0.0,0.0,73.0,74.0,78.0,63.0,82.0,84.0,84.0,60.0,75.0,71.0,82.0,82.0,76.0
77,262.0,24.0,0.0,0.0,0.0,73.0,85.0,88.0,83.0,82.0,64.0,83.0,73.0,71.0,77.0,84.0,66.0,84.0
74,256.0,28.0,21.0,0.0,0.0,71.0,81.0,83.0,79.0,87.0,65.0,82.0,59.0,70.0,69.0,80.0,66.0,81.0
77,270.0,26.0,10.0,0.0,0.0,70.0,77.0,84.0,74.0,80.0,69.0,80.0,72.0,58.0,78.0,81.0,67.0,81.0
75,258.0,29.0,11.0,0.0,0.0,69.0,81.0,82.0,72.0,80.0,68.0,77.0,76.0,70.0,67.0,76.0,66.0,82.0
75,260.0,25.0,1.0,0.0,0.0,66.0,76.0,81.0,73.0,79.0,71.0,73.0,71.0,66.0,64.0,75.0,66.0,79.0
73,299.0,27.0,0.0,0.0,0.0,64.0,72.0,81.0,68.0,81.0,56.0,80.0,70.0,65.0,70.0,78.0,57.0,82.0
76,295.0,26.0,0.0,0.0,0.0,63.0,77.0,74.0,73.0,83.0,59.0,73.0,70.0,65.0,68.0,75.0,59.0,83.0
73,295.0,28.0,4.0,0.0,0.0,61.0,64.0,65.0,61.0,82.0,66.0,74.0,62.0,73.0,62.0,75.0,65.0,79.0
78,265.0,23.0,20.0,0.0,1.0,81.0,81.0,89.0,81.0,85.0,84.0,83.0,76.0,80.0,78.0,85.0,82.0,85.0
76,263.0,28.0,0.0,0.0,0.0,74.0,76.0,74.0,75.0,83.0,80.0,75.0,82.0,74.0,67.0,81.0,76.0,79.0
74,315.0,23.0,20.0,0.0,0.0,72.0,72.0,82.0,65.0,90.0,70.0,78.0,76.0,68.0,74.0,80.0,70.0,79.0
75,293.0,25.0,7.0,0.0,0.0,71.0,79.0,81.0,74.0,87.0,66.0,81.0,64.0,67.0,72.0,81.0,65.0,79.0
75,250.0,28.0,16.0,0.0,0.0,71.0,81.0,83.0,78.0,75.0,67.0,82.0,61.0,74.0,66.0,83.0,65.0,82.0
73,225.0,24.0,0.0,0.0,0.0,71.0,84.0,91.0,70.0,72.0,72.0,77.0,77.0,70.0,66.0,83.0,69.0,84.0
77,241.0,25.0,5.0,0.0,0.0,71.0,86.0,89.0,78.0,81.0,67.0,72.0,70.0,76.0,68.0,79.0,63.0,80.0
75,295.0,27.0,11.0,0.0,0.0,70.0,67.0,72.0,56.0,84.0,79.0,77.0,75.0,63.0,73.0,79.0,80.0,74.0
77,285.0,27.0,10.0,0.0,0.0,70.0,82.0,83.0,80.0,84.0,62.0,76.0,74.0,66.0,72.0,80.0,64.0,83.0
74,289.0,29.0,20.0,0.0,0.0,69.0,73.0,78.0,66.0,79.0,74.0,82.0,71.0,53.0,71.0,79.0,76.0,72.0
75,278.0,23.0,9.0,0.0,0.0,69.0,80.0,91.0,72.0,85.0,65.0,76.0,71.0,57.0,75.0,79.0,63.0,82.0
77,330.0,24.0,1.0,0.0,0.0,67.0,61.0,69.0,48.0,87.0,68.0,82.0,64.0,50.0,72.0,77.0,65.0,85.0
73,329.0,25.0,0.0,0.0,0.0,62.0,64.0,70.0,52.0,85.0,62.0,78.0,67.0,74.0,67.0,78.0,59.0,78.0
75,314.0,27.0,0.0,0.0,0.0,86.0,68.0,75.0,63.0,94.0,89.0,89.0,86.0,73.0,84.0,86.0,90.0,82.0
75,314.0,27.0,60.0,0.0,3.0,86.0,68.0,75.0,63.0,94.0,89.0,89.0,86.0,73.0,84.0,86.0,90.0,82.0
75,304.0,25.0,6.0,0.0,0.0,70.0,80.0,90.0,69.0,86.0,65.0,79.0,64.0,73.0,75.0,84.0,62.0,83.0
76,330.0,25.0,0.0,0.0,0.0,66.0,69.0,78.0,59.0,87.0,69.0,77.0,67.0,56.0,71.0,79.0,70.0,77.0
76,273.0,22.0,2.0,0.0,0.0,66.0,79.0,87.0,68.0,78.0,70.0,73.0,67.0,68.0,66.0,75.0,71.0,85.0
75,296.0,23.0,5.0,0.0,0.0,64.0,70.0,79.0,67.0,84.0,66.0,70.0,71.0,62.0,73.0,72.0,65.0,86.0
77,338.0,24.0,0.0,0.0,0.0,63.0,57.0,66.0,52.0,84.0,65.0,80.0,64.0,53.0,69.0,76.0,62.0,78.0
76,275.0,24.0,0.0,0.0,0.0,62.0,70.0,71.0,62.0,82.0,60.0,81.0,63.0,61.0,73.0,74.0,60.0,79.0
76,307.0,27.0,0.0,0.0,0.0,60.0,67.0,69.0,69.0,86.0,56.0,77.0,66.0,57.0,67.0,74.0,58.0,76.0
77,320.0,25.0,28.0,0.0,1.0,84.0,70.0,74.0,70.0,94.0,91.0,88.0,85.0,66.0,85.0,87.0,89.0,84.0
78,300.0,32.0,21.0,0.0,0.0,74.0,71.0,72.0,70.0,86.0,74.0,85.0,75.0,56.0,76.0,80.0,77.0,76.0
75,300.0,27.0,0.0,0.0,0.0,70.0,75.0,75.0,71.0,82.0,66.0,84.0,62.0,70.0,77.0,83.0,68.0,79.0
73,295.0,30.0,0.0,0.0,0.0,68.0,67.0,74.0,61.0,85.0,76.0,83.0,62.0,73.0,72.0,77.0,74.0,76.0
74,325.0,26.0,6.0,0.0,0.0,66.0,67.0,73.0,59.0,87.0,68.0,74.0,67.0,52.0,70.0,77.0,70.0,72.0
73,330.0,26.0,9.0,0.0,0.0,65.0,67.0,73.0,57.0,87.0,67.0,77.0,73.0,67.0,67.0,77.0,66.0,82.0
74,305.0,28.0,0.0,0.0,0.0,64.0,62.0,66.0,58.0,80.0,74.0,79.0,70.0,60.0,71.0,78.0,75.0,74.0
74,291.0,24.0,0.0,0.0,0.0,64.0,79.0,85.0,74.0,85.0,63.0,73.0,62.0,66.0,65.0,76.0,61.0,79.0
75,345.0,24.0,0.0,0.0,0.0,62.0,59.0,55.0,47.0,88.0,59.0,77.0,62.0,48.0,72.0,71.0,60.0,81.0
76,305.0,26.0,0.0,0.0,0.0,60.0,71.0,72.0,62.0,77.0,58.0,76.0,65.0,70.0,67.0,76.0,62.0,77.0
78,285.0,29.0,0.0,0.0,0.0,81.0,74.0,78.0,69.0,85.0,92.0,86.0,80.0,69.0,80.0,86.0,91.0,81.0
76,315.0,33.0,63.0,0.0,0.0,76.0,69.0,67.0,70.0,89.0,85.0,86.0,74.0,62.0,75.0,84.0,86.0,79.0
75,311.0,28.0,45.0,0.0,0.0,75.0,62.0,66.0,58.0,86.0,80.0,86.0,60.0,72.0,77.0,83.0,82.0,76.0
77,310.0,24.0,10.0,0.0,0.0,75.0,73.0,74.0,64.0,88.0,81.0,85.0,73.0,78.0,75.0,83.0,80.0,82.0
77,285.0,24.0,9.0,0.0,0.0,69.0,80.0,81.0,69.0,88.0,64.0,79.0,72.0,61.0,74.0,80.0,62.0,85.0
77,320.0,31.0,13.0,0.0,0.0,67.0,67.0,72.0,55.0,88.0,70.0,79.0,71.0,55.0,68.0,78.0,70.0,77.0
77,295.0,25.0,1.0,0.0,0.0,63.0,68.0,74.0,57.0,85.0,68.0,76.0,66.0,53.0,69.0,77.0,67.0,79.0
75,305.0,29.0,0.0,0.0,0.0,62.0,63.0,70.0,66.0,81.0,65.0,76.0,69.0,59.0,70.0,77.0,66.0,80.0
76,290.0,26.0,37.0,0.0,0.0,73.0,73.0,77.0,67.0,87.0,76.0,82.0,76.0,64.0,72.0,82.0,77.0,77.0
75,359.0,34.0,28.0,0.0,0.0,70.0,63.0,64.0,55.0,90.0,74.0,83.0,70.0,51.0,71.0,77.0,75.0,81.0
78,295.0,26.0,24.0,0.0,0.0,70.0,74.0,80.0,73.0,85.0,74.0,76.0,73.0,64.0,71.0,80.0,70.0,83.0
76,300.0,29.0,0.0,0.0,0.0,69.0,63.0,65.0,64.0,85.0,85.0,77.0,75.0,61.0,71.0,83.0,84.0,80.0
76,280.0,28.0,10.0,0.0,0.0,68.0,74.0,75.0,65.0,88.0,64.0,81.0,73.0,57.0,71.0,79.0,62.0,82.0
75,297.0,22.0,0.0,0.0,0.0,67.0,71.0,81.0,59.0,82.0,70.0,81.0,64.0,53.0,73.0,80.0,71.0,79.0
75,297.0,22.0,14.0,0.0,0.0,67.0,71.0,81.0,59.0,82.0,70.0,81.0,64.0,53.0,73.0,80.0,71.0,79.0
76,295.0,24.0,1.0,0.0,0.0,66.0,72.0,82.0,54.0,80.0,71.0,80.0,67.0,59.0,69.0,81.0,70.0,77.0
76,325.0,24.0,0.0,0.0,0.0,64.0,59.0,67.0,41.0,82.0,69.0,73.0,68.0,54.0,74.0,78.0,69.0,81.0
74,315.0,23.0,0.0,0.0,0.0,63.0,67.0,77.0,64.0,83.0,67.0,81.0,64.0,53.0,71.0,69.0,63.0,86.0
73,280.0,32.0,123.0,8.0,10.0,99.0,81.0,89.0,85.0,99.0,99.0,93.0,99.0,96.0,97.0,98.0,99.0,89.0
76,324.0,23.0,0.0,0.0,0.0,69.0,72.0,80.0,64.0,86.0,66.0,78.0,69.0,59.0,74.0,79.0,65.0,77.0
74,287.0,26.0,0.0,0.0,0.0,68.0,72.0,70.0,67.0,84.0,72.0,80.0,68.0,55.0,74.0,79.0,73.0,75.0
74,288.0,24.0,11.0,0.0,0.0,68.0,74.0,82.0,80.0,87.0,63.0,76.0,66.0,60.0,73.0,79.0,67.0,87.0
77,275.0,28.0,33.0,0.0,0.0,67.0,79.0,80.0,74.0,82.0,61.0,81.0,68.0,62.0,71.0,76.0,62.0,82.0
74,297.0,26.0,6.0,0.0,0.0,65.0,71.0,69.0,58.0,87.0,70.0,76.0,65.0,70.0,69.0,80.0,71.0,78.0
77,270.0,24.0,0.0,0.0,0.0,64.0,73.0,76.0,77.0,83.0,64.0,72.0,64.0,58.0,71.0,76.0,68.0,77.0
74,285.0,23.0,2.0,0.0,0.0,62.0,72.0,80.0,62.0,79.0,65.0,72.0,66.0,63.0,66.0,82.0,64.0,80.0
72,355.0,30.0,0.0,0.0,0.0,83.0,69.0,78.0,65.0,93.0,84.0,85.0,78.0,61.0,83.0,86.0,88.0,77.0
75,293.0,25.0,0.0,0.0,0.0,78.0,78.0,77.0,72.0,89.0,88.0,81.0,68.0,76.0,77.0,86.0,87.0,79.0
79,309.0,32.0,22.0,0.0,0.0,74.0,72.0,75.0,67.0,81.0,84.0,81.0,71.0,57.0,77.0,82.0,87.0,77.0
76,334.0,23.0,9.0,0.0,0.0,71.0,75.0,72.0,71.0,92.0,69.0,80.0,69.0,59.0,72.0,77.0,68.0,81.0
74,314.0,26.0,0.0,0.0,0.0,71.0,70.0,75.0,62.0,83.0,73.0,83.0,73.0,63.0,76.0,81.0,76.0,79.0
76,315.0,30.0,23.0,0.0,0.0,67.0,71.0,74.0,63.0,79.0,81.0,73.0,73.0,55.0,71.0,80.0,80.0,77.0
74,318.0,24.0,0.0,0.0,0.0,61.0,68.0,65.0,57.0,82.0,62.0,77.0,64.0,55.0,73.0,67.0,59.0,79.0
74,305.0,24.0,0.0,0.0,0.0,58.0,61.0,68.0,63.0,74.0,52.0,76.0,69.0,57.0,70.0,79.0,56.0,79.0
76,287.0,34.0,106.0,1.0,8.0,87.0,76.0,78.0,78.0,90.0,93.0,87.0,83.0,72.0,88.0,91.0,93.0,85.0
77,261.0,26.0,0.0,0.0,0.0,73.0,79.0,83.0,73.0,75.0,70.0,88.0,68.0,76.0,78.0,83.0,69.0,74.0
76,315.0,29.0,22.0,0.0,0.0,72.0,71.0,74.0,71.0,90.0,76.0,78.0,69.0,77.0,71.0,79.0,78.0,78.0
77,305.0,21.0,8.0,0.0,0.0,71.0,78.0,85.0,70.0,88.0,74.0,73.0,70.0,55.0,71.0,83.0,72.0,83.0
77,265.0,22.0,2.0,0.0,0.0,71.0,86.0,90.0,74.0,76.0,72.0,83.0,71.0,61.0,66.0,79.0,66.0,88.0
78,270.0,24.0,3.0,0.0,0.0,71.0,75.0,82.0,83.0,82.0,67.0,84.0,73.0,64.0,69.0,82.0,62.0,86.0
72,324.0,27.0,17.0,0.0,0.0,70.0,73.0,78.0,69.0,84.0,72.0,82.0,65.0,72.0,72.0,81.0,70.0,77.0
79,289.0,29.0,21.0,0.0,0.0,69.0,77.0,79.0,75.0,82.0,68.0,78.0,74.0,65.0,72.0,79.0,67.0,84.0
75,264.0,26.0,1.0,0.0,0.0,69.0,84.0,89.0,74.0,83.0,68.0,75.0,70.0,63.0,71.0,80.0,63.0,80.0
75,290.0,25.0,0.0,0.0,0.0,67.0,75.0,81.0,65.0,83.0,70.0,77.0,65.0,71.0,69.0,78.0,69.0,78.0
75,304.0,25.0,0.0,0.0,0.0,64.0,61.0,70.0,65.0,83.0,65.0,74.0,64.0,52.0,75.0,71.0,63.0,76.0
77,270.0,26.0,0.0,0.0,0.0,63.0,73.0,78.0,74.0,75.0,65.0,76.0,69.0,57.0,68.0,77.0,63.0,79.0
75,281.0,26.0,27.0,0.0,0.0,77.0,74.0,77.0,74.0,80.0,85.0,87.0,68.0,78.0,79.0,83.0,84.0,80.0
75,306.0,29.0,47.0,0.0,0.0,74.0,65.0,68.0,62.0,89.0,85.0,86.0,64.0,75.0,75.0,84.0,82.0,78.0
75,280.0,29.0,0.0,0.0,0.0,71.0,74.0,70.0,67.0,88.0,71.0,82.0,76.0,65.0,75.0,79.0,70.0,88.0
75,345.0,27.0,0.0,0.0,0.0,68.0,57.0,62.0,53.0,84.0,76.0,79.0,71.0,59.0,73.0,78.0,77.0,78.0
75,304.0,23.0,1.0,0.0,0.0,67.0,69.0,77.0,52.0,88.0,66.0,81.0,60.0,49.0,72.0,72.0,64.0,80.0
78,292.0,22.0,0.0,0.0,0.0,66.0,74.0,84.0,69.0,82.0,63.0,75.0,69.0,59.0,76.0,78.0,65.0,81.0
78,292.0,22.0,1.0,0.0,0.0,66.0,74.0,84.0,69.0,82.0,63.0,75.0,69.0,59.0,76.0,78.0,65.0,81.0
74,290.0,25.0,0.0,0.0,0.0,63.0,67.0,77.0,65.0,80.0,65.0,74.0,72.0,61.0,67.0,78.0,63.0,79.0
75,292.0,24.0,0.0,0.0,0.0,62.0,70.0,76.0,57.0,82.0,64.0,77.0,62.0,55.0,65.0,79.0,63.0,76.0
70,283.0,22.0,0.0,0.0,0.0,62.0,72.0,75.0,63.0,81.0,65.0,73.0,68.0,65.0,63.0,77.0,64.0,81.0
77,295.0,34.0,108.0,4.0,7.0,93.0,71.0,71.0,68.0,94.0,99.0,94.0,94.0,74.0,95.0,93.0,99.0,92.0
75,305.0,29.0,44.0,0.0,0.0,74.0,74.0,74.0,73.0,89.0,83.0,82.0,75.0,63.0,74.0,81.0,79.0,79.0
76,304.0,28.0,15.0,0.0,0.0,71.0,74.0,79.0,68.0,86.0,70.0,83.0,73.0,67.0,70.0,81.0,72.0,79.0
76,309.0,22.0,11.0,0.0,0.0,70.0,70.0,75.0,69.0,86.0,69.0,79.0,67.0,52.0,76.0,74.0,68.0,84.0
77,307.0,27.0,12.0,0.0,0.0,67.0,64.0,69.0,63.0,85.0,70.0,84.0,71.0,63.0,74.0,81.0,68.0,79.0
75,300.0,26.0,0.0,0.0,0.0,66.0,72.0,80.0,59.0,88.0,68.0,75.0,64.0,53.0,69.0,75.0,65.0,67.0
76,290.0,23.0,4.0,0.0,0.0,66.0,73.0,78.0,77.0,74.0,72.0,76.0,66.0,71.0,67.0,83.0,67.0,75.0
77,315.0,27.0,2.0,0.0,0.0,65.0,71.0,74.0,66.0,88.0,66.0,75.0,68.0,60.0,66.0,79.0,65.0,78.0
75,310.0,25.0,0.0,0.0,0.0,64.0,79.0,83.0,71.0,87.0,63.0,74.0,63.0,56.0,68.0,76.0,60.0,81.0
79,293.0,25.0,6.0,0.0,0.0,63.0,70.0,79.0,67.0,79.0,61.0,78.0,64.0,66.0,69.0,80.0,64.0,81.0
76,290.0,24.0,0.0,0.0,0.0,62.0,75.0,81.0,68.0,78.0,60.0,74.0,69.0,66.0,66.0,76.0,58.0,78.0
76,243.0,21.0,0.0,0.0,0.0,78.0,87.0,90.0,85.0,84.0,72.0,79.0,73.0,77.0,75.0,87.0,73.0,88.0
74,305.0,29.0,33.0,0.0,0.0,76.0,69.0,74.0,72.0,87.0,85.0,81.0,75.0,69.0,76.0,79.0,84.0,80.0
74,254.0,35.0,0.0,0.0,0.0,75.0,79.0,80.0,80.0,77.0,84.0,77.0,66.0,80.0,72.0,83.0,80.0,66.0
74,310.0,28.0,48.0,0.0,0.0,74.0,70.0,71.0,68.0,83.0,85.0,85.0,66.0,79.0,73.0,82.0,83.0,80.0
75,263.0,26.0,27.0,0.0,1.0,73.0,79.0,81.0,80.0,77.0,81.0,77.0,65.0,76.0,73.0,83.0,82.0,81.0
75,251.0,28.0,11.0,0.0,0.0,71.0,85.0,89.0,83.0,78.0,66.0,79.0,74.0,65.0,73.0,82.0,63.0,78.0
74,318.0,26.0,21.0,0.0,0.0,70.0,67.0,69.0,70.0,90.0,66.0,80.0,69.0,61.0,72.0,78.0,70.0,74.0
75,305.0,28.0,13.0,0.0,0.0,68.0,70.0,75.0,52.0,87.0,67.0,85.0,74.0,62.0,66.0,78.0,65.0,83.0
77,250.0,29.0,4.0,0.0,0.0,68.0,84.0,87.0,77.0,83.0,62.0,75.0,60.0,71.0,67.0,77.0,62.0,80.0
75,301.0,23.0,0.0,0.0,0.0,66.0,74.0,82.0,73.0,85.0,62.0,78.0,63.0,51.0,67.0,78.0,64.0,79.0
76,275.0,23.0,2.0,0.0,0.0,66.0,81.0,82.0,70.0,73.0,68.0,81.0,69.0,64.0,66.0,81.0,70.0,79.0
75,300.0,26.0,14.0,0.0,0.0,65.0,66.0,68.0,62.0,85.0,63.0,77.0,67.0,69.0,72.0,76.0,66.0,80.0
74,300.0,24.0,0.0,0.0,0.0,61.0,70.0,78.0,67.0,88.0,50.0,75.0,68.0,45.0,66.0,73.0,52.0,78.0
74,242.0,27.0,13.0,0.0,0.0,45.0,86.0,85.0,81.0,77.0,73.0,74.0,60.0,75.0,68.0,78.0,70.0,78.0
76,305.0,26.0,51.0,0.0,3.0,89.0,73.0,79.0,75.0,97.0,95.0,87.0,88.0,78.0,86.0,94.0,94.0,88.0
77,285.0,33.0,0.0,0.0,0.0,81.0,71.0,74.0,68.0,86.0,96.0,85.0,84.0,72.0,79.0,88.0,93.0,75.0
74,304.0,26.0,0.0,0.0,0.0,78.0,71.0,78.0,65.0,88.0,83.0,84.0,79.0,74.0,77.0,82.0,85.0,80.0
75,346.0,25.0,0.0,0.0,0.0,66.0,59.0,60.0,57.0,93.0,60.0,76.0,60.0,51.0,73.0,79.0,64.0,79.0
75,316.0,29.0,16.0,0.0,0.0,64.0,63.0,64.0,64.0,82.0,70.0,78.0,70.0,64.0,71.0,79.0,71.0,76.0
74,285.0,25.0,0.0,0.0,0.0,63.0,76.0,76.0,71.0,85.0,66.0,74.0,67.0,62.0,65.0,76.0,64.0,76.0
75,313.0,25.0,0.0,0.0,0.0,62.0,57.0,52.0,57.0,82.0,72.0,78.0,71.0,54.0,72.0,78.0,74.0,75.0
77,308.0,23.0,0.0,0.0,0.0,61.0,62.0,71.0,55.0,87.0,51.0,76.0,65.0,55.0,69.0,79.0,54.0,79.0
75,307.0,27.0,30.0,0.0,0.0,79.0,64.0,69.0,73.0,93.0,88.0,87.0,73.0,65.0,78.0,84.0,89.0,78.0
78,296.0,29.0,38.0,0.0,0.0,74.0,74.0,77.0,70.0,86.0,77.0,88.0,75.0,63.0,72.0,81.0,75.0,79.0
76,338.0,27.0,6.0,0.0,0.0,71.0,69.0,76.0,57.0,91.0,71.0,76.0,72.0,61.0,76.0,81.0,69.0,74.0
75,290.0,29.0,26.0,0.0,0.0,69.0,72.0,81.0,71.0,81.0,69.0,84.0,70.0,58.0,73.0,77.0,71.0,80.0
73,294.0,29.0,8.0,0.0,0.0,67.0,68.0,77.0,67.0,82.0,73.0,78.0,75.0,63.0,60.0,78.0,70.0,81.0
77,307.0,25.0,4.0,0.0,0.0,67.0,76.0,80.0,69.0,87.0,64.0,75.0,71.0,62.0,66.0,79.0,64.0,80.0
76,295.0,24.0,6.0,0.0,0.0,66.0,72.0,77.0,71.0,82.0,66.0,78.0,71.0,58.0,72.0,83.0,64.0,82.0
75,305.0,22.0,2.0,0.0,0.0,65.0,68.0,68.0,52.0,88.0,68.0,78.0,63.0,47.0,69.0,73.0,63.0,82.0
77,282.0,24.0,1.0,0.0,0.0,64.0,76.0,81.0,62.0,81.0,67.0,74.0,65.0,53.0,74.0,74.0,65.0,76.0
75,300.0,26.0,0.0,0.0,0.0,61.0,74.0,80.0,64.0,87.0,50.0,80.0,64.0,60.0,65.0,76.0,52.0,78.0
