Height,Weight,Age,wAV,AP1,PB,POVR,PSPD,PACC,PAGI,PSTR,PAWR,PTAK,PBSH,PPUR,PPRC,PMCV,PZCV,PHTP,PPRS
76,250.0,32.0,67.0,0.0,3.0,80.0,70.0,66.0,70.0,73.0,89.0,85.0,0.0,0.0,0.0,0.0,0.0,0.0,0.0
74,245.0,30.0,32.0,0.0,0.0,79.0,73.0,73.0,69.0,74.0,84.0,83.0,0.0,0.0,0.0,0.0,0.0,0.0,0.0
74,254.0,33.0,0.0,0.0,0.0,77.0,68.0,69.0,71.0,72.0,86.0,80.0,0.0,0.0,0.0,0.0,0.0,0.0,0.0
75,255.0,31.0,34.0,0.0,0.0,76.0,70.0,65.0,67.0,79.0,79.0,82.0,0.0,0.0,0.0,0.0,0.0,0.0,0.0
72,251.0,34.0,46.0,0.0,0.0,76.0,70.0,65.0,69.0,79.0,75.0,85.0,0.0,0.0,0.0,0.0,0.0,0.0,0.0
71,244.0,30.0,29.0,0.0,0.0,75.0,73.0,63.0,67.0,79.0,78.0,82.0,0.0,0.0,0.0,0.0,0.0,0.0,0.0
74,248.0,30.0,32.0,0.0,0.0,73.0,68.0,67.0,74.0,70.0,81.0,79.0,0.0,0.0,0.0,0.0,0.0,0.0,0.0
74,248.0,30.0,11.0,0.0,0.0,73.0,68.0,67.0,74.0,70.0,81.0,79.0,0.0,0.0,0.0,0.0,0.0,0.0,0.0
77,245.0,29.0,54.0,0.0,1.0,72.0,70.0,70.0,70.0,67.0,79.0,81.0,0.0,0.0,0.0,0.0,0.0,0.0,0.0
73,245.0,31.0,0.0,0.0,0.0,72.0,69.0,67.0,68.0,75.0,76.0,80.0,0.0,0.0,0.0,0.0,0.0,0.0,0.0
76,254.0,29.0,41.0,0.0,1.0,71.0,74.0,63.0,71.0,68.0,77.0,77.0,0.0,0.0,0.0,0.0,0.0,0.0,0.0
75,240.0,35.0,91.0,1.0,5.0,69.0,70.0,59.0,66.0,64.0,84.0,81.0,0.0,0.0,0.0,0.0,0.0,0.0,0.0
74,248.0,32.0,64.0,0.0,0.0,66.0,70.0,63.0,66.0,64.0,78.0,76.0,0.0,0.0,0.0,0.0,0.0,0.0,0.0
73,245.0,27.0,0.0,0.0,0.0,65.0,70.0,60.0,70.0,68.0,66.0,80.0,0.0,0.0,0.0,0.0,0.0,0.0,0.0
73,245.0,27.0,0.0,0.0,0.0,65.0,70.0,60.0,70.0,68.0,66.0,80.0,0.0,0.0,0.0,0.0,0.0,0.0,0.0
73,245.0,27.0,27.0,0.0,0.0,65.0,70.0,60.0,70.0,68.0,66.0,80.0,0.0,0.0,0.0,0.0,0.0,0.0,0.0
73,245.0,27.0,32.0,0.0,0.0,65.0,70.0,60.0,70.0,68.0,66.0,80.0,0.0,0.0,0.0,0.0,0.0,0.0,0.0
73,245.0,27.0,34.0,0.0,0.0,65.0,70.0,60.0,70.0,68.0,66.0,80.0,0.0,0.0,0.0,0.0,0.0,0.0,0.0
75,248.0,25.0,2.0,0.0,0.0,64.0,70.0,63.0,65.0,74.0,62.0,80.0,0.0,0.0,0.0,0.0,0.0,0.0,0.0
74,252.0,31.0,36.0,0.0,0.0,63.0,64.0,68.0,63.0,69.0,64.0,77.0,0.0,0.0,0.0,0.0,0.0,0.0,0.0
74,247.0,35.0,0.0,0.0,0.0,63.0,65.0,64.0,70.0,66.0,62.0,78.0,0.0,0.0,0.0,0.0,0.0,0.0,0.0
73,245.0,23.0,0.0,0.0,0.0,63.0,76.0,70.0,66.0,70.0,59.0,79.0,0.0,0.0,0.0,0.0,0.0,0.0,0.0
73,229.0,23.0,0.0,0.0,0.0,62.0,73.0,65.0,66.0,73.0,58.0,78.0,0.0,0.0,0.0,0.0,0.0,0.0,0.0
73,245.0,26.0,6.0,0.0,0.0,60.0,68.0,64.0,68.0,69.0,59.0,71.0,0.0,0.0,0.0,0.0,0.0,0.0,0.0
75,248.0,29.0,17.0,0.0,0.0,60.0,64.0,63.0,68.0,70.0,64.0,72.0,0.0,0.0,0.0,0.0,0.0,0.0,0.0
73,235.0,26.0,8.0,0.0,0.0,60.0,69.0,65.0,73.0,69.0,55.0,70.0,0.0,0.0,0.0,0.0,0.0,0.0,0.0
76,240.0,24.0,0.0,0.0,0.0,60.0,69.0,67.0,70.0,70.0,51.0,71.0,0.0,0.0,0.0,0.0,0.0,0.0,0.0
74,245.0,24.0,0.0,0.0,0.0,60.0,71.0,63.0,69.0,70.0,56.0,67.0,0.0,0.0,0.0,0.0,0.0,0.0,0.0
71,241.0,24.0,1.0,0.0,0.0,60.0,70.0,66.0,69.0,71.0,53.0,70.0,0.0,0.0,0.0,0.0,0.0,0.0,0.0
76,240.0,23.0,0.0,0.0,0.0,59.0,68.0,70.0,71.0,65.0,54.0,69.0,0.0,0.0,0.0,0.0,0.0,0.0,0.0
76,250.0,28.0,0.0,0.0,0.0,59.0,68.0,61.0,66.0,75.0,51.0,80.0,0.0,0.0,0.0,0.0,0.0,0.0,0.0
72,246.0,28.0,4.0,0.0,0.0,59.0,69.0,61.0,64.0,71.0,60.0,77.0,0.0,0.0,0.0,0.0,0.0,0.0,0.0
75,244.0,30.0,29.0,0.0,0.0,56.0,68.0,62.0,60.0,72.0,55.0,76.0,0.0,0.0,0.0,0.0,0.0,0.0,0.0
75,252.0,26.0,0.0,0.0,0.0,55.0,65.0,58.0,63.0,72.0,54.0,76.0,0.0,0.0,0.0,0.0,0.0,0.0,0.0
72,234.0,28.0,3.0,0.0,0.0,54.0,69.0,61.0,62.0,70.0,50.0,79.0,0.0,0.0,0.0,0.0,0.0,0.0,0.0
73,240.0,35.0,43.0,0.0,0.0,51.0,64.0,64.0,56.0,62.0,52.0,75.0,0.0,0.0,0.0,0.0,0.0,0.0,0.0
72,235.0,26.0,0.0,0.0,0.0,51.0,63.0,55.0,61.0,72.0,52.0,74.0,0.0,0.0,0.0,0.0,0.0,0.0,0.0
73,245.0,25.0,0.0,0.0,0.0,99.0,73.0,85.0,84.0,84.0,99.0,99.0,0.0,0.0,0.0,0.0,0.0,0.0,0.0
73,245.0,25.0,160.0,7.0,12.0,99.0,73.0,85.0,84.0,84.0,99.0,99.0,0.0,0.0,0.0,0.0,0.0,0.0,0.0
72,235.0,27.0,142.0,5.0,11.0,98.0,86.0,87.0,82.0,73.0,94.0,92.0,0.0,0.0,0.0,0.0,0.0,0.0,0.0
71,235.0,27.0,115.0,5.0,7.0,97.0,78.0,84.0,81.0,80.0,95.0,96.0,0.0,0.0,0.0,0.0,0.0,0.0,0.0
76,255.0,25.0,59.0,0.0,4.0,96.0,84.0,86.0,84.0,77.0,91.0,88.0,0.0,0.0,0.0,0.0,0.0,0.0,0.0
75,250.0,31.0,133.0,6.0,12.0,95.0,77.0,80.0,79.0,78.0,99.0,94.0,0.0,0.0,0.0,0.0,0.0,0.0,0.0
74,245.0,25.0,44.0,0.0,1.0,94.0,79.0,82.0,82.0,80.0,89.0,93.0,0.0,0.0,0.0,0.0,0.0,0.0,0.0
73,240.0,29.0,81.0,1.0,5.0,92.0,81.0,75.0,76.0,79.0,93.0,91.0,0.0,0.0,0.0,0.0,0.0,0.0,0.0
74,250.0,28.0,52.0,0.0,0.0,91.0,76.0,76.0,78.0,80.0,89.0,93.0,0.0,0.0,0.0,0.0,0.0,0.0,0.0
74,250.0,28.0,53.0,0.0,0.0,91.0,76.0,76.0,78.0,80.0,89.0,93.0,0.0,0.0,0.0,0.0,0.0,0.0,0.0
75,244.0,22.0,119.0,4.0,8.0,90.0,85.0,86.0,85.0,79.0,80.0,91.0,0.0,0.0,0.0,0.0,0.0,0.0,0.0
72,261.0,23.0,71.0,1.0,4.0,90.0,78.0,80.0,79.0,78.0,88.0,90.0,0.0,0.0,0.0,0.0,0.0,0.0,0.0
75,258.0,30.0,90.0,1.0,3.0,90.0,78.0,78.0,80.0,74.0,93.0,86.0,0.0,0.0,0.0,0.0,0.0,0.0,0.0
73,270.0,32.0,80.0,1.0,2.0,90.0,68.0,73.0,70.0,83.0,91.0,93.0,0.0,0.0,0.0,0.0,0.0,0.0,0.0
74,236.0,30.0,60.0,0.0,0.0,89.0,74.0,79.0,73.0,77.0,90.0,91.0,0.0,0.0,0.0,0.0,0.0,0.0,0.0
74,235.0,27.0,68.0,0.0,0.0,89.0,80.0,79.0,78.0,81.0,86.0,90.0,0.0,0.0,0.0,0.0,0.0,0.0,0.0
74,235.0,27.0,83.0,0.0,1.0,88.0,80.0,74.0,80.0,69.0,84.0,89.0,0.0,0.0,0.0,0.0,0.0,0.0,0.0
74,236.0,35.0,97.0,2.0,5.0,88.0,73.0,75.0,70.0,80.0,94.0,91.0,0.0,0.0,0.0,0.0,0.0,0.0,0.0
76,245.0,34.0,83.0,0.0,2.0,87.0,79.0,75.0,73.0,74.0,92.0,83.0,0.0,0.0,0.0,0.0,0.0,0.0,0.0
71,230.0,35.0,0.0,0.0,0.0,87.0,68.0,68.0,74.0,80.0,91.0,90.0,0.0,0.0,0.0,0.0,0.0,0.0,0.0
72,242.0,28.0,41.0,0.0,2.0,87.0,75.0,70.0,71.0,80.0,87.0,92.0,0.0,0.0,0.0,0.0,0.0,0.0,0.0
75,255.0,22.0,34.0,0.0,0.0,87.0,80.0,73.0,81.0,73.0,85.0,84.0,0.0,0.0,0.0,0.0,0.0,0.0,0.0
74,252.0,31.0,57.0,0.0,0.0,87.0,71.0,72.0,70.0,76.0,89.0,95.0,0.0,0.0,0.0,0.0,0.0,0.0,0.0
74,230.0,23.0,83.0,1.0,2.0,86.0,81.0,73.0,77.0,77.0,85.0,85.0,0.0,0.0,0.0,0.0,0.0,0.0,0.0
74,238.0,24.0,40.0,0.0,0.0,86.0,78.0,75.0,75.0,74.0,85.0,85.0,0.0,0.0,0.0,0.0,0.0,0.0,0.0
75,240.0,25.0,60.0,0.0,0.0,86.0,79.0,78.0,80.0,71.0,85.0,85.0,0.0,0.0,0.0,0.0,0.0,0.0,0.0
74,240.0,30.0,85.0,2.0,3.0,86.0,77.0,79.0,73.0,74.0,89.0,86.0,0.0,0.0,0.0,0.0,0.0,0.0,0.0
74,240.0,30.0,7.0,2.0,3.0,86.0,77.0,79.0,73.0,74.0,89.0,86.0,0.0,0.0,0.0,0.0,0.0,0.0,0.0
75,255.0,28.0,75.0,1.0,3.0,86.0,81.0,81.0,72.0,72.0,89.0,82.0,0.0,0.0,0.0,0.0,0.0,0.0,0.0
76,247.0,27.0,8.0,0.0,0.0,85.0,80.0,75.0,74.0,72.0,85.0,85.0,0.0,0.0,0.0,0.0,0.0,0.0,0.0
76,247.0,27.0,62.0,1.0,1.0,85.0,80.0,75.0,74.0,72.0,85.0,85.0,0.0,0.0,0.0,0.0,0.0,0.0,0.0
70,241.0,25.0,0.0,0.0,0.0,85.0,77.0,77.0,74.0,80.0,79.0,92.0,0.0,0.0,0.0,0.0,0.0,0.0,0.0
74,242.0,28.0,28.0,0.0,0.0,84.0,75.0,66.0,73.0,79.0,88.0,87.0,0.0,0.0,0.0,0.0,0.0,0.0,0.0
77,266.0,26.0,44.0,1.0,1.0,84.0,73.0,73.0,74.0,69.0,84.0,89.0,0.0,0.0,0.0,0.0,0.0,0.0,0.0
74,250.0,27.0,56.0,0.0,0.0,84.0,74.0,75.0,76.0,77.0,83.0,89.0,0.0,0.0,0.0,0.0,0.0,0.0,0.0
73,236.0,26.0,52.0,1.0,0.0,83.0,79.0,73.0,82.0,72.0,78.0,81.0,0.0,0.0,0.0,0.0,0.0,0.0,0.0
70,228.0,27.0,65.0,0.0,3.0,83.0,82.0,74.0,78.0,71.0,82.0,81.0,0.0,0.0,0.0,0.0,0.0,0.0,0.0
74,250.0,28.0,0.0,0.0,0.0,83.0,75.0,76.0,71.0,80.0,81.0,88.0,0.0,0.0,0.0,0.0,0.0,0.0,0.0
72,240.0,26.0,0.0,0.0,0.0,82.0,72.0,71.0,70.0,78.0,77.0,94.0,0.0,0.0,0.0,0.0,0.0,0.0,0.0
74,229.0,24.0,0.0,0.0,0.0,82.0,79.0,76.0,80.0,72.0,74.0,85.0,0.0,0.0,0.0,0.0,0.0,0.0,0.0
74,229.0,24.0,73.0,0.0,0.0,82.0,79.0,76.0,80.0,72.0,74.0,85.0,0.0,0.0,0.0,0.0,0.0,0.0,0.0
76,250.0,27.0,45.0,0.0,0.0,82.0,72.0,74.0,74.0,77.0,90.0,85.0,0.0,0.0,0.0,0.0,0.0,0.0,0.0
74,240.0,23.0,90.0,1.0,4.0,82.0,79.0,80.0,73.0,69.0,83.0,82.0,0.0,0.0,0.0,0.0,0.0,0.0,0.0
72,242.0,25.0,29.0,0.0,0.0,81.0,75.0,79.0,72.0,79.0,83.0,83.0,0.0,0.0,0.0,0.0,0.0,0.0,0.0
74,243.0,33.0,66.0,0.0,0.0,81.0,73.0,69.0,72.0,79.0,82.0,86.0,0.0,0.0,0.0,0.0,0.0,0.0,0.0
74,244.0,27.0,53.0,0.0,2.0,81.0,81.0,72.0,73.0,71.0,81.0,82.0,0.0,0.0,0.0,0.0,0.0,0.0,0.0
71,230.0,31.0,51.0,0.0,1.0,81.0,74.0,68.0,70.0,72.0,88.0,84.0,0.0,0.0,0.0,0.0,0.0,0.0,0.0
74,235.0,23.0,26.0,0.0,0.0,80.0,74.0,70.0,70.0,79.0,70.0,94.0,0.0,0.0,0.0,0.0,0.0,0.0,0.0
76,250.0,32.0,67.0,0.0,3.0,80.0,70.0,66.0,70.0,73.0,89.0,85.0,0.0,0.0,0.0,0.0,0.0,0.0,0.0
75,240.0,25.0,42.0,0.0,0.0,79.0,75.0,69.0,71.0,77.0,77.0,87.0,0.0,0.0,0.0,0.0,0.0,0.0,0.0
74,245.0,30.0,32.0,0.0,0.0,79.0,73.0,73.0,69.0,74.0,84.0,83.0,0.0,0.0,0.0,0.0,0.0,0.0,0.0
74,235.0,22.0,1.0,0.0,0.0,79.0,80.0,83.0,77.0,69.0,70.0,82.0,0.0,0.0,0.0,0.0,0.0,0.0,0.0
74,235.0,22.0,30.0,0.0,1.0,79.0,80.0,83.0,77.0,69.0,70.0,82.0,0.0,0.0,0.0,0.0,0.0,0.0,0.0
75,250.0,22.0,46.0,0.0,3.0,79.0,85.0,83.0,81.0,76.0,64.0,74.0,0.0,0.0,0.0,0.0,0.0,0.0,0.0
77,233.0,22.0,69.0,1.0,5.0,78.0,76.0,79.0,75.0,67.0,72.0,81.0,0.0,0.0,0.0,0.0,0.0,0.0,0.0
75,245.0,30.0,44.0,0.0,0.0,78.0,74.0,74.0,72.0,65.0,84.0,84.0,0.0,0.0,0.0,0.0,0.0,0.0,0.0
75,245.0,30.0,0.0,0.0,0.0,78.0,74.0,74.0,72.0,65.0,84.0,84.0,0.0,0.0,0.0,0.0,0.0,0.0,0.0
77,250.0,26.0,54.0,0.0,0.0,78.0,78.0,73.0,70.0,69.0,77.0,80.0,0.0,0.0,0.0,0.0,0.0,0.0,0.0
73,245.0,27.0,70.0,0.0,1.0,78.0,78.0,70.0,74.0,67.0,74.0,82.0,0.0,0.0,0.0,0.0,0.0,0.0,0.0
74,254.0,33.0,0.0,0.0,0.0,77.0,68.0,69.0,71.0,72.0,86.0,80.0,0.0,0.0,0.0,0.0,0.0,0.0,0.0
72,230.0,24.0,34.0,0.0,0.0,77.0,73.0,70.0,70.0,73.0,75.0,87.0,0.0,0.0,0.0,0.0,0.0,0.0,0.0
73,243.0,30.0,64.0,0.0,0.0,77.0,73.0,68.0,70.0,69.0,85.0,80.0,0.0,0.0,0.0,0.0,0.0,0.0,0.0
76,240.0,29.0,42.0,0.0,0.0,76.0,71.0,70.0,74.0,68.0,79.0,81.0,0.0,0.0,0.0,0.0,0.0,0.0,0.0
75,255.0,31.0,34.0,0.0,0.0,76.0,70.0,65.0,67.0,79.0,79.0,82.0,0.0,0.0,0.0,0.0,0.0,0.0,0.0
72,251.0,34.0,46.0,0.0,0.0,76.0,70.0,65.0,69.0,79.0,75.0,85.0,0.0,0.0,0.0,0.0,0.0,0.0,0.0
73,238.0,24.0,36.0,0.0,0.0,75.0,78.0,70.0,73.0,74.0,71.0,76.0,0.0,0.0,0.0,0.0,0.0,0.0,0.0
74,238.0,25.0,28.0,0.0,0.0,75.0,74.0,74.0,75.0,67.0,73.0,79.0,0.0,0.0,0.0,0.0,0.0,0.0,0.0
74,227.0,25.0,25.0,0.0,0.0,75.0,77.0,69.0,70.0,70.0,76.0,78.0,0.0,0.0,0.0,0.0,0.0,0.0,0.0
71,244.0,30.0,29.0,0.0,0.0,75.0,73.0,63.0,67.0,79.0,78.0,82.0,0.0,0.0,0.0,0.0,0.0,0.0,0.0
74,223.0,32.0,73.0,0.0,2.0,75.0,78.0,67.0,68.0,70.0,82.0,71.0,0.0,0.0,0.0,0.0,0.0,0.0,0.0
74,257.0,24.0,37.0,0.0,0.0,75.0,74.0,67.0,73.0,73.0,76.0,83.0,0.0,0.0,0.0,0.0,0.0,0.0,0.0
71,231.0,24.0,37.0,0.0,0.0,74.0,77.0,71.0,76.0,74.0,70.0,82.0,0.0,0.0,0.0,0.0,0.0,0.0,0.0
74,242.0,24.0,81.0,0.0,5.0,74.0,77.0,65.0,79.0,70.0,68.0,79.0,0.0,0.0,0.0,0.0,0.0,0.0,0.0
74,245.0,26.0,0.0,0.0,0.0,74.0,72.0,71.0,71.0,65.0,83.0,77.0,0.0,0.0,0.0,0.0,0.0,0.0,0.0
72,240.0,23.0,67.0,1.0,5.0,73.0,77.0,69.0,69.0,75.0,69.0,85.0,0.0,0.0,0.0,0.0,0.0,0.0,0.0
74,245.0,30.0,37.0,0.0,0.0,73.0,72.0,69.0,70.0,69.0,77.0,79.0,0.0,0.0,0.0,0.0,0.0,0.0,0.0
74,250.0,25.0,24.0,0.0,0.0,73.0,75.0,75.0,75.0,80.0,64.0,83.0,0.0,0.0,0.0,0.0,0.0,0.0,0.0
73,230.0,28.0,43.0,0.0,0.0,73.0,77.0,74.0,72.0,65.0,68.0,79.0,0.0,0.0,0.0,0.0,0.0,0.0,0.0
72,248.0,23.0,18.0,0.0,0.0,73.0,76.0,69.0,71.0,68.0,70.0,78.0,0.0,0.0,0.0,0.0,0.0,0.0,0.0
74,248.0,30.0,32.0,0.0,0.0,73.0,68.0,67.0,74.0,70.0,81.0,79.0,0.0,0.0,0.0,0.0,0.0,0.0,0.0
74,248.0,30.0,11.0,0.0,0.0,73.0,68.0,67.0,74.0,70.0,81.0,79.0,0.0,0.0,0.0,0.0,0.0,0.0,0.0
73,254.0,28.0,40.0,0.0,0.0,73.0,73.0,71.0,72.0,65.0,74.0,79.0,0.0,0.0,0.0,0.0,0.0,0.0,0.0
75,232.0,23.0,74.0,1.0,1.0,73.0,81.0,76.0,74.0,69.0,68.0,70.0,0.0,0.0,0.0,0.0,0.0,0.0,0.0
74,243.0,23.0,28.0,0.0,0.0,72.0,71.0,70.0,72.0,69.0,76.0,74.0,0.0,0.0,0.0,0.0,0.0,0.0,0.0
77,245.0,29.0,54.0,0.0,1.0,72.0,70.0,70.0,70.0,67.0,79.0,81.0,0.0,0.0,0.0,0.0,0.0,0.0,0.0
73,245.0,31.0,0.0,0.0,0.0,72.0,69.0,67.0,68.0,75.0,76.0,80.0,0.0,0.0,0.0,0.0,0.0,0.0,0.0
75,245.0,30.0,0.0,0.0,0.0,72.0,71.0,64.0,75.0,66.0,76.0,78.0,0.0,0.0,0.0,0.0,0.0,0.0,0.0
75,245.0,30.0,53.0,0.0,0.0,72.0,71.0,64.0,75.0,66.0,76.0,78.0,0.0,0.0,0.0,0.0,0.0,0.0,0.0
75,245.0,30.0,0.0,0.0,0.0,72.0,71.0,64.0,75.0,66.0,76.0,78.0,0.0,0.0,0.0,0.0,0.0,0.0,0.0
73,240.0,31.0,0.0,0.0,0.0,72.0,70.0,69.0,70.0,67.0,79.0,80.0,0.0,0.0,0.0,0.0,0.0,0.0,0.0
74,239.0,25.0,0.0,0.0,0.0,71.0,70.0,66.0,68.0,77.0,70.0,83.0,0.0,0.0,0.0,0.0,0.0,0.0,0.0
73,230.0,28.0,0.0,0.0,1.0,71.0,70.0,72.0,72.0,65.0,71.0,78.0,0.0,0.0,0.0,0.0,0.0,0.0,0.0
71,235.0,30.0,39.0,0.0,0.0,71.0,74.0,71.0,70.0,66.0,76.0,75.0,0.0,0.0,0.0,0.0,0.0,0.0,0.0
76,254.0,29.0,41.0,0.0,1.0,71.0,74.0,63.0,71.0,68.0,77.0,77.0,0.0,0.0,0.0,0.0,0.0,0.0,0.0
74,224.0,25.0,37.0,0.0,0.0,71.0,72.0,70.0,69.0,64.0,76.0,79.0,0.0,0.0,0.0,0.0,0.0,0.0,0.0
73,224.0,30.0,44.0,0.0,2.0,70.0,70.0,63.0,68.0,69.0,78.0,81.0,0.0,0.0,0.0,0.0,0.0,0.0,0.0
75,240.0,30.0,26.0,0.0,0.0,70.0,71.0,68.0,71.0,71.0,70.0,79.0,0.0,0.0,0.0,0.0,0.0,0.0,0.0
72,247.0,23.0,17.0,0.0,0.0,70.0,71.0,71.0,69.0,74.0,64.0,80.0,0.0,0.0,0.0,0.0,0.0,0.0,0.0
76,226.0,22.0,55.0,0.0,0.0,70.0,76.0,72.0,74.0,68.0,67.0,72.0,0.0,0.0,0.0,0.0,0.0,0.0,0.0
73,252.0,23.0,18.0,0.0,0.0,70.0,72.0,72.0,69.0,78.0,65.0,81.0,0.0,0.0,0.0,0.0,0.0,0.0,0.0
75,248.0,30.0,33.0,0.0,0.0,70.0,69.0,61.0,69.0,71.0,75.0,78.0,0.0,0.0,0.0,0.0,0.0,0.0,0.0
73,230.0,30.0,55.0,0.0,0.0,70.0,77.0,72.0,63.0,69.0,70.0,80.0,0.0,0.0,0.0,0.0,0.0,0.0,0.0
73,235.0,27.0,9.0,0.0,0.0,70.0,74.0,62.0,66.0,77.0,70.0,78.0,0.0,0.0,0.0,0.0,0.0,0.0,0.0
75,240.0,35.0,91.0,1.0,5.0,69.0,70.0,59.0,66.0,64.0,84.0,81.0,0.0,0.0,0.0,0.0,0.0,0.0,0.0
75,252.0,23.0,32.0,0.0,0.0,69.0,78.0,69.0,72.0,69.0,63.0,73.0,0.0,0.0,0.0,0.0,0.0,0.0,0.0
74,255.0,28.0,0.0,0.0,0.0,69.0,73.0,65.0,64.0,79.0,70.0,79.0,0.0,0.0,0.0,0.0,0.0,0.0,0.0
75,260.0,25.0,59.0,0.0,0.0,68.0,71.0,68.0,70.0,69.0,67.0,76.0,0.0,0.0,0.0,0.0,0.0,0.0,0.0
75,260.0,25.0,30.0,0.0,0.0,68.0,71.0,68.0,70.0,69.0,67.0,76.0,0.0,0.0,0.0,0.0,0.0,0.0,0.0
77,233.0,24.0,6.0,0.0,0.0,68.0,75.0,67.0,71.0,67.0,57.0,80.0,0.0,0.0,0.0,0.0,0.0,0.0,0.0
75,255.0,22.0,8.0,0.0,0.0,68.0,78.0,76.0,77.0,78.0,63.0,80.0,0.0,0.0,0.0,0.0,0.0,0.0,0.0
72,247.0,23.0,3.0,0.0,0.0,67.0,70.0,65.0,66.0,76.0,59.0,80.0,0.0,0.0,0.0,0.0,0.0,0.0,0.0
72,230.0,22.0,18.0,0.0,0.0,66.0,76.0,72.0,68.0,60.0,65.0,75.0,0.0,0.0,0.0,0.0,0.0,0.0,0.0
74,228.0,25.0,30.0,0.0,0.0,66.0,73.0,68.0,71.0,71.0,65.0,74.0,0.0,0.0,0.0,0.0,0.0,0.0,0.0
74,248.0,32.0,64.0,0.0,0.0,66.0,70.0,63.0,66.0,64.0,78.0,76.0,0.0,0.0,0.0,0.0,0.0,0.0,0.0
74,240.0,23.0,23.0,0.0,0.0,66.0,73.0,66.0,73.0,66.0,62.0,74.0,0.0,0.0,0.0,0.0,0.0,0.0,0.0
75,270.0,22.0,38.0,0.0,0.0,65.0,63.0,62.0,72.0,76.0,60.0,77.0,0.0,0.0,0.0,0.0,0.0,0.0,0.0
74,244.0,25.0,0.0,0.0,0.0,65.0,70.0,63.0,76.0,66.0,68.0,78.0,0.0,0.0,0.0,0.0,0.0,0.0,0.0
73,240.0,23.0,28.0,0.0,0.0,65.0,70.0,65.0,75.0,67.0,61.0,73.0,0.0,0.0,0.0,0.0,0.0,0.0,0.0
71,213.0,23.0,3.0,0.0,0.0,65.0,85.0,82.0,75.0,65.0,56.0,65.0,0.0,0.0,0.0,0.0,0.0,0.0,0.0
71,213.0,23.0,0.0,0.0,0.0,65.0,85.0,82.0,75.0,65.0,56.0,65.0,0.0,0.0,0.0,0.0,0.0,0.0,0.0
74,248.0,30.0,37.0,0.0,0.0,65.0,69.0,66.0,71.0,66.0,62.0,77.0,0.0,0.0,0.0,0.0,0.0,0.0,0.0
72,223.0,22.0,39.0,0.0,1.0,65.0,72.0,70.0,71.0,65.0,60.0,73.0,0.0,0.0,0.0,0.0,0.0,0.0,0.0
74,220.0,24.0,0.0,0.0,0.0,65.0,74.0,71.0,71.0,67.0,67.0,69.0,0.0,0.0,0.0,0.0,0.0,0.0,0.0
74,217.0,22.0,19.0,0.0,0.0,65.0,78.0,68.0,76.0,69.0,61.0,65.0,0.0,0.0,0.0,0.0,0.0,0.0,0.0
76,235.0,28.0,13.0,0.0,0.0,65.0,63.0,61.0,66.0,74.0,70.0,78.0,0.0,0.0,0.0,0.0,0.0,0.0,0.0
74,222.0,26.0,15.0,0.0,1.0,65.0,71.0,68.0,73.0,65.0,64.0,73.0,0.0,0.0,0.0,0.0,0.0,0.0,0.0
73,245.0,27.0,0.0,0.0,0.0,65.0,70.0,60.0,70.0,68.0,66.0,80.0,0.0,0.0,0.0,0.0,0.0,0.0,0.0
73,245.0,27.0,0.0,0.0,0.0,65.0,70.0,60.0,70.0,68.0,66.0,80.0,0.0,0.0,0.0,0.0,0.0,0.0,0.0
73,245.0,27.0,27.0,0.0,0.0,65.0,70.0,60.0,70.0,68.0,66.0,80.0,0.0,0.0,0.0,0.0,0.0,0.0,0.0
73,245.0,27.0,32.0,0.0,0.0,65.0,70.0,60.0,70.0,68.0,66.0,80.0,0.0,0.0,0.0,0.0,0.0,0.0,0.0
73,245.0,27.0,34.0,0.0,0.0,65.0,70.0,60.0,70.0,68.0,66.0,80.0,0.0,0.0,0.0,0.0,0.0,0.0,0.0
76,250.0,25.0,66.0,1.0,1.0,65.0,69.0,68.0,70.0,65.0,67.0,75.0,0.0,0.0,0.0,0.0,0.0,0.0,0.0
72,233.0,23.0,8.0,0.0,0.0,65.0,79.0,77.0,66.0,69.0,58.0,70.0,0.0,0.0,0.0,0.0,0.0,0.0,0.0
72,233.0,23.0,0.0,0.0,0.0,65.0,79.0,77.0,66.0,69.0,58.0,70.0,0.0,0.0,0.0,0.0,0.0,0.0,0.0
72,233.0,23.0,1.0,0.0,0.0,65.0,79.0,77.0,66.0,69.0,58.0,70.0,0.0,0.0,0.0,0.0,0.0,0.0,0.0
72,233.0,23.0,16.0,0.0,0.0,65.0,79.0,77.0,66.0,69.0,58.0,70.0,0.0,0.0,0.0,0.0,0.0,0.0,0.0
75,225.0,23.0,30.0,0.0,0.0,65.0,78.0,73.0,70.0,63.0,60.0,76.0,0.0,0.0,0.0,0.0,0.0,0.0,0.0
76,238.0,26.0,3.0,0.0,0.0,64.0,66.0,62.0,77.0,67.0,68.0,72.0,0.0,0.0,0.0,0.0,0.0,0.0,0.0
76,238.0,26.0,16.0,0.0,0.0,64.0,66.0,62.0,77.0,67.0,68.0,72.0,0.0,0.0,0.0,0.0,0.0,0.0,0.0
76,238.0,26.0,9.0,0.0,0.0,64.0,66.0,62.0,77.0,67.0,68.0,72.0,0.0,0.0,0.0,0.0,0.0,0.0,0.0
76,238.0,26.0,3.0,0.0,0.0,64.0,66.0,62.0,77.0,67.0,68.0,72.0,0.0,0.0,0.0,0.0,0.0,0.0,0.0
75,225.0,22.0,0.0,0.0,0.0,64.0,79.0,73.0,72.0,63.0,55.0,73.0,0.0,0.0,0.0,0.0,0.0,0.0,0.0
75,248.0,25.0,2.0,0.0,0.0,64.0,70.0,63.0,65.0,74.0,62.0,80.0,0.0,0.0,0.0,0.0,0.0,0.0,0.0
74,228.0,29.0,0.0,0.0,0.0,64.0,72.0,68.0,68.0,69.0,55.0,81.0,0.0,0.0,0.0,0.0,0.0,0.0,0.0
76,240.0,25.0,13.0,0.0,0.0,64.0,72.0,64.0,69.0,64.0,65.0,73.0,0.0,0.0,0.0,0.0,0.0,0.0,0.0
73,240.0,21.0,40.0,0.0,1.0,64.0,76.0,80.0,71.0,63.0,62.0,78.0,0.0,0.0,0.0,0.0,0.0,0.0,0.0
74,256.0,24.0,7.0,0.0,0.0,63.0,74.0,75.0,69.0,65.0,59.0,78.0,0.0,0.0,0.0,0.0,0.0,0.0,0.0
72,231.0,23.0,39.0,0.0,0.0,63.0,81.0,76.0,68.0,64.0,56.0,68.0,0.0,0.0,0.0,0.0,0.0,0.0,0.0
77,230.0,23.0,5.0,0.0,0.0,63.0,76.0,74.0,70.0,66.0,60.0,78.0,0.0,0.0,0.0,0.0,0.0,0.0,0.0
74,252.0,31.0,36.0,0.0,0.0,63.0,64.0,68.0,63.0,69.0,64.0,77.0,0.0,0.0,0.0,0.0,0.0,0.0,0.0
74,247.0,35.0,0.0,0.0,0.0,63.0,65.0,64.0,70.0,66.0,62.0,78.0,0.0,0.0,0.0,0.0,0.0,0.0,0.0
73,245.0,23.0,0.0,0.0,0.0,63.0,76.0,70.0,66.0,70.0,59.0,79.0,0.0,0.0,0.0,0.0,0.0,0.0,0.0
76,252.0,26.0,19.0,0.0,0.0,63.0,65.0,62.0,72.0,75.0,62.0,75.0,0.0,0.0,0.0,0.0,0.0,0.0,0.0
74,235.0,30.0,31.0,0.0,0.0,63.0,68.0,63.0,64.0,69.0,71.0,69.0,0.0,0.0,0.0,0.0,0.0,0.0,0.0
73,250.0,29.0,18.0,0.0,0.0,63.0,67.0,60.0,63.0,69.0,65.0,81.0,0.0,0.0,0.0,0.0,0.0,0.0,0.0
75,252.0,28.0,20.0,0.0,0.0,62.0,72.0,61.0,69.0,68.0,67.0,70.0,0.0,0.0,0.0,0.0,0.0,0.0,0.0
71,225.0,20.0,19.0,0.0,0.0,62.0,75.0,64.0,66.0,75.0,55.0,79.0,0.0,0.0,0.0,0.0,0.0,0.0,0.0
73,229.0,23.0,0.0,0.0,0.0,62.0,73.0,65.0,66.0,73.0,58.0,78.0,0.0,0.0,0.0,0.0,0.0,0.0,0.0
74,244.0,25.0,95.0,1.0,2.0,62.0,67.0,61.0,76.0,73.0,61.0,72.0,0.0,0.0,0.0,0.0,0.0,0.0,0.0
73,236.0,24.0,10.0,0.0,0.0,62.0,67.0,67.0,69.0,70.0,57.0,73.0,0.0,0.0,0.0,0.0,0.0,0.0,0.0
75,242.0,23.0,3.0,0.0,0.0,61.0,70.0,66.0,69.0,72.0,55.0,79.0,0.0,0.0,0.0,0.0,0.0,0.0,0.0
73,254.0,22.0,0.0,0.0,0.0,61.0,69.0,60.0,65.0,71.0,58.0,76.0,0.0,0.0,0.0,0.0,0.0,0.0,0.0
72,233.0,23.0,29.0,0.0,0.0,61.0,69.0,67.0,70.0,69.0,52.0,72.0,0.0,0.0,0.0,0.0,0.0,0.0,0.0
71,245.0,24.0,5.0,0.0,0.0,61.0,72.0,65.0,66.0,75.0,57.0,77.0,0.0,0.0,0.0,0.0,0.0,0.0,0.0
71,245.0,24.0,0.0,0.0,0.0,61.0,72.0,65.0,66.0,75.0,57.0,77.0,0.0,0.0,0.0,0.0,0.0,0.0,0.0
75,255.0,23.0,0.0,0.0,0.0,61.0,71.0,66.0,70.0,67.0,54.0,71.0,0.0,0.0,0.0,0.0,0.0,0.0,0.0
74,245.0,22.0,50.0,0.0,0.0,61.0,70.0,63.0,70.0,65.0,55.0,75.0,0.0,0.0,0.0,0.0,0.0,0.0,0.0
73,237.0,23.0,7.0,0.0,0.0,61.0,73.0,64.0,72.0,71.0,52.0,70.0,0.0,0.0,0.0,0.0,0.0,0.0,0.0
73,237.0,23.0,14.0,0.0,0.0,61.0,73.0,64.0,72.0,71.0,52.0,70.0,0.0,0.0,0.0,0.0,0.0,0.0,0.0
74,240.0,23.0,25.0,0.0,0.0,61.0,67.0,69.0,72.0,70.0,54.0,71.0,0.0,0.0,0.0,0.0,0.0,0.0,0.0
75,240.0,26.0,19.0,0.0,0.0,61.0,68.0,66.0,69.0,66.0,55.0,73.0,0.0,0.0,0.0,0.0,0.0,0.0,0.0
73,245.0,29.0,13.0,0.0,0.0,60.0,64.0,61.0,66.0,66.0,63.0,79.0,0.0,0.0,0.0,0.0,0.0,0.0,0.0
71,225.0,25.0,0.0,0.0,0.0,60.0,68.0,61.0,71.0,65.0,65.0,69.0,0.0,0.0,0.0,0.0,0.0,0.0,0.0
75,250.0,31.0,31.0,0.0,0.0,60.0,62.0,62.0,67.0,67.0,69.0,72.0,0.0,0.0,0.0,0.0,0.0,0.0,0.0
75,247.0,21.0,0.0,0.0,0.0,60.0,69.0,66.0,72.0,66.0,52.0,73.0,0.0,0.0,0.0,0.0,0.0,0.0,0.0
75,247.0,21.0,53.0,0.0,1.0,60.0,69.0,66.0,72.0,66.0,52.0,73.0,0.0,0.0,0.0,0.0,0.0,0.0,0.0
74,245.0,26.0,9.0,0.0,0.0,60.0,66.0,59.0,68.0,67.0,60.0,75.0,0.0,0.0,0.0,0.0,0.0,0.0,0.0
73,245.0,26.0,6.0,0.0,0.0,60.0,68.0,64.0,68.0,69.0,59.0,71.0,0.0,0.0,0.0,0.0,0.0,0.0,0.0
75,248.0,29.0,17.0,0.0,0.0,60.0,64.0,63.0,68.0,70.0,64.0,72.0,0.0,0.0,0.0,0.0,0.0,0.0,0.0
73,235.0,26.0,8.0,0.0,0.0,60.0,69.0,65.0,73.0,69.0,55.0,70.0,0.0,0.0,0.0,0.0,0.0,0.0,0.0
76,240.0,24.0,0.0,0.0,0.0,60.0,69.0,67.0,70.0,70.0,51.0,71.0,0.0,0.0,0.0,0.0,0.0,0.0,0.0
74,245.0,24.0,0.0,0.0,0.0,60.0,71.0,63.0,69.0,70.0,56.0,67.0,0.0,0.0,0.0,0.0,0.0,0.0,0.0
71,241.0,24.0,1.0,0.0,0.0,60.0,70.0,66.0,69.0,71.0,53.0,70.0,0.0,0.0,0.0,0.0,0.0,0.0,0.0
72,231.0,22.0,6.0,0.0,0.0,60.0,75.0,68.0,64.0,63.0,57.0,74.0,0.0,0.0,0.0,0.0,0.0,0.0,0.0
73,234.0,28.0,0.0,0.0,0.0,60.0,67.0,63.0,65.0,64.0,69.0,70.0,0.0,0.0,0.0,0.0,0.0,0.0,0.0
73,234.0,28.0,3.0,0.0,0.0,60.0,67.0,63.0,65.0,64.0,69.0,70.0,0.0,0.0,0.0,0.0,0.0,0.0,0.0
73,234.0,28.0,0.0,0.0,0.0,60.0,67.0,63.0,65.0,64.0,69.0,70.0,0.0,0.0,0.0,0.0,0.0,0.0,0.0
75,230.0,23.0,17.0,0.0,0.0,60.0,79.0,82.0,67.0,57.0,56.0,71.0,0.0,0.0,0.0,0.0,0.0,0.0,0.0
72,241.0,23.0,0.0,0.0,0.0,60.0,71.0,64.0,74.0,68.0,62.0,72.0,0.0,0.0,0.0,0.0,0.0,0.0,0.0
72,234.0,22.0,0.0,0.0,0.0,59.0,69.0,66.0,70.0,65.0,52.0,73.0,0.0,0.0,0.0,0.0,0.0,0.0,0.0
73,245.0,25.0,0.0,0.0,0.0,59.0,69.0,68.0,69.0,66.0,62.0,72.0,0.0,0.0,0.0,0.0,0.0,0.0,0.0
76,240.0,23.0,0.0,0.0,0.0,59.0,68.0,70.0,71.0,65.0,54.0,69.0,0.0,0.0,0.0,0.0,0.0,0.0,0.0
76,250.0,28.0,0.0,0.0,0.0,59.0,68.0,61.0,66.0,75.0,51.0,80.0,0.0,0.0,0.0,0.0,0.0,0.0,0.0
72,246.0,28.0,4.0,0.0,0.0,59.0,69.0,61.0,64.0,71.0,60.0,77.0,0.0,0.0,0.0,0.0,0.0,0.0,0.0
72,230.0,25.0,33.0,0.0,0.0,59.0,69.0,58.0,68.0,65.0,65.0,70.0,0.0,0.0,0.0,0.0,0.0,0.0,0.0
73,250.0,22.0,16.0,0.0,0.0,59.0,68.0,67.0,66.0,76.0,53.0,76.0,0.0,0.0,0.0,0.0,0.0,0.0,0.0
74,235.0,27.0,6.0,0.0,0.0,59.0,69.0,62.0,65.0,73.0,58.0,77.0,0.0,0.0,0.0,0.0,0.0,0.0,0.0
72,244.0,22.0,5.0,0.0,0.0,59.0,67.0,69.0,66.0,78.0,51.0,76.0,0.0,0.0,0.0,0.0,0.0,0.0,0.0
74,256.0,26.0,9.0,0.0,0.0,58.0,65.0,62.0,70.0,71.0,57.0,72.0,0.0,0.0,0.0,0.0,0.0,0.0,0.0
74,221.0,29.0,10.0,0.0,0.0,58.0,68.0,73.0,78.0,59.0,55.0,76.0,0.0,0.0,0.0,0.0,0.0,0.0,0.0
74,245.0,23.0,2.0,0.0,0.0,58.0,72.0,65.0,76.0,67.0,61.0,69.0,0.0,0.0,0.0,0.0,0.0,0.0,0.0
73,221.0,23.0,0.0,0.0,0.0,58.0,71.0,70.0,71.0,68.0,51.0,64.0,0.0,0.0,0.0,0.0,0.0,0.0,0.0
74,220.0,32.0,12.0,0.0,0.0,58.0,65.0,57.0,68.0,66.0,68.0,71.0,0.0,0.0,0.0,0.0,0.0,0.0,0.0
75,246.0,0.0,1.0,0.0,0.0,58.0,68.0,0.0,0.0,69.0,0.0,0.0,0.0,0.0,0.0,0.0,0.0,0.0,0.0
74,244.0,22.0,2.0,0.0,0.0,58.0,70.0,70.0,66.0,69.0,52.0,66.0,0.0,0.0,0.0,0.0,0.0,0.0,0.0
72,249.0,23.0,31.0,0.0,0.0,57.0,76.0,68.0,70.0,70.0,58.0,67.0,0.0,0.0,0.0,0.0,0.0,0.0,0.0
73,232.0,29.0,18.0,0.0,0.0,57.0,68.0,58.0,70.0,70.0,62.0,66.0,0.0,0.0,0.0,0.0,0.0,0.0,0.0
75,241.0,22.0,3.0,0.0,0.0,57.0,70.0,65.0,64.0,70.0,55.0,65.0,0.0,0.0,0.0,0.0,0.0,0.0,0.0
76,219.0,24.0,8.0,0.0,0.0,57.0,66.0,56.0,61.0,67.0,62.0,74.0,0.0,0.0,0.0,0.0,0.0,0.0,0.0
74,230.0,23.0,0.0,0.0,0.0,57.0,69.0,72.0,66.0,67.0,56.0,61.0,0.0,0.0,0.0,0.0,0.0,0.0,0.0
74,230.0,23.0,39.0,0.0,0.0,57.0,67.0,70.0,67.0,69.0,52.0,68.0,0.0,0.0,0.0,0.0,0.0,0.0,0.0
72,235.0,24.0,5.0,0.0,0.0,57.0,68.0,63.0,66.0,62.0,57.0,72.0,0.0,0.0,0.0,0.0,0.0,0.0,0.0
72,250.0,25.0,29.0,0.0,0.0,57.0,71.0,64.0,73.0,69.0,58.0,71.0,0.0,0.0,0.0,0.0,0.0,0.0,0.0
72,217.0,22.0,20.0,0.0,0.0,57.0,73.0,66.0,71.0,64.0,52.0,65.0,0.0,0.0,0.0,0.0,0.0,0.0,0.0
74,248.0,24.0,7.0,0.0,0.0,57.0,72.0,74.0,66.0,61.0,59.0,73.0,0.0,0.0,0.0,0.0,0.0,0.0,0.0
70,228.0,25.0,0.0,0.0,0.0,57.0,69.0,56.0,68.0,67.0,59.0,77.0,0.0,0.0,0.0,0.0,0.0,0.0,0.0
73,236.0,25.0,29.0,0.0,0.0,57.0,67.0,65.0,65.0,68.0,63.0,67.0,0.0,0.0,0.0,0.0,0.0,0.0,0.0
71,215.0,21.0,14.0,0.0,0.0,57.0,74.0,70.0,67.0,56.0,51.0,70.0,0.0,0.0,0.0,0.0,0.0,0.0,0.0
75,240.0,29.0,0.0,0.0,0.0,56.0,65.0,64.0,69.0,70.0,59.0,66.0,0.0,0.0,0.0,0.0,0.0,0.0,0.0
75,240.0,29.0,8.0,0.0,0.0,56.0,65.0,64.0,69.0,70.0,59.0,66.0,0.0,0.0,0.0,0.0,0.0,0.0,0.0
73,220.0,26.0,0.0,0.0,0.0,56.0,66.0,65.0,75.0,64.0,55.0,69.0,0.0,0.0,0.0,0.0,0.0,0.0,0.0
74,231.0,22.0,0.0,0.0,0.0,56.0,64.0,71.0,70.0,69.0,53.0,71.0,0.0,0.0,0.0,0.0,0.0,0.0,0.0
75,244.0,30.0,29.0,0.0,0.0,56.0,68.0,62.0,60.0,72.0,55.0,76.0,0.0,0.0,0.0,0.0,0.0,0.0,0.0
73,237.0,22.0,54.0,0.0,0.0,56.0,73.0,65.0,65.0,70.0,51.0,75.0,0.0,0.0,0.0,0.0,0.0,0.0,0.0
72,236.0,22.0,4.0,0.0,0.0,56.0,65.0,68.0,62.0,65.0,56.0,73.0,0.0,0.0,0.0,0.0,0.0,0.0,0.0
73,238.0,25.0,0.0,0.0,0.0,56.0,66.0,59.0,61.0,72.0,54.0,79.0,0.0,0.0,0.0,0.0,0.0,0.0,0.0
73,238.0,25.0,0.0,0.0,0.0,56.0,66.0,59.0,61.0,72.0,54.0,79.0,0.0,0.0,0.0,0.0,0.0,0.0,0.0
70,238.0,25.0,0.0,0.0,0.0,55.0,68.0,53.0,63.0,74.0,53.0,78.0,0.0,0.0,0.0,0.0,0.0,0.0,0.0
75,247.0,23.0,0.0,0.0,0.0,55.0,70.0,63.0,64.0,68.0,50.0,77.0,0.0,0.0,0.0,0.0,0.0,0.0,0.0
75,239.0,25.0,1.0,0.0,0.0,55.0,62.0,61.0,65.0,69.0,61.0,65.0,0.0,0.0,0.0,0.0,0.0,0.0,0.0
75,252.0,26.0,0.0,0.0,0.0,55.0,65.0,58.0,63.0,72.0,54.0,76.0,0.0,0.0,0.0,0.0,0.0,0.0,0.0
74,242.0,23.0,0.0,0.0,0.0,55.0,73.0,66.0,73.0,69.0,54.0,67.0,0.0,0.0,0.0,0.0,0.0,0.0,0.0
74,250.0,24.0,0.0,0.0,0.0,55.0,63.0,59.0,59.0,71.0,60.0,72.0,0.0,0.0,0.0,0.0,0.0,0.0,0.0
72,235.0,27.0,0.0,0.0,0.0,55.0,67.0,57.0,66.0,69.0,56.0,68.0,0.0,0.0,0.0,0.0,0.0,0.0,0.0
75,242.0,28.0,11.0,0.0,0.0,55.0,63.0,58.0,62.0,69.0,57.0,74.0,0.0,0.0,0.0,0.0,0.0,0.0,0.0
73,242.0,24.0,1.0,0.0,0.0,55.0,66.0,57.0,65.0,67.0,63.0,66.0,0.0,0.0,0.0,0.0,0.0,0.0,0.0
74,235.0,24.0,11.0,0.0,0.0,55.0,66.0,58.0,63.0,66.0,57.0,75.0,0.0,0.0,0.0,0.0,0.0,0.0,0.0
75,236.0,24.0,0.0,0.0,0.0,55.0,67.0,64.0,64.0,70.0,60.0,65.0,0.0,0.0,0.0,0.0,0.0,0.0,0.0
73,238.0,24.0,0.0,0.0,0.0,55.0,62.0,65.0,63.0,67.0,62.0,70.0,0.0,0.0,0.0,0.0,0.0,0.0,0.0
75,250.0,23.0,46.0,0.0,0.0,55.0,62.0,63.0,63.0,69.0,57.0,66.0,0.0,0.0,0.0,0.0,0.0,0.0,0.0
74,245.0,28.0,13.0,0.0,0.0,54.0,64.0,56.0,60.0,72.0,56.0,76.0,0.0,0.0,0.0,0.0,0.0,0.0,0.0
74,237.0,29.0,31.0,0.0,0.0,54.0,66.0,57.0,71.0,71.0,56.0,65.0,0.0,0.0,0.0,0.0,0.0,0.0,0.0
72,234.0,28.0,3.0,0.0,0.0,54.0,69.0,61.0,62.0,70.0,50.0,79.0,0.0,0.0,0.0,0.0,0.0,0.0,0.0
74,238.0,22.0,10.0,0.0,0.0,53.0,68.0,70.0,64.0,58.0,52.0,70.0,0.0,0.0,0.0,0.0,0.0,0.0,0.0
72,222.0,22.0,2.0,0.0,0.0,53.0,71.0,67.0,67.0,67.0,55.0,65.0,0.0,0.0,0.0,0.0,0.0,0.0,0.0
73,219.0,26.0,6.0,0.0,0.0,53.0,65.0,55.0,65.0,68.0,58.0,66.0,0.0,0.0,0.0,0.0,0.0,0.0,0.0
71,230.0,24.0,38.0,0.0,0.0,53.0,66.0,60.0,66.0,65.0,59.0,64.0,0.0,0.0,0.0,0.0,0.0,0.0,0.0
72,240.0,25.0,17.0,0.0,0.0,53.0,66.0,62.0,65.0,65.0,52.0,68.0,0.0,0.0,0.0,0.0,0.0,0.0,0.0
70,236.0,28.0,7.0,0.0,0.0,53.0,69.0,62.0,68.0,68.0,60.0,65.0,0.0,0.0,0.0,0.0,0.0,0.0,0.0
72,235.0,29.0,12.0,0.0,0.0,53.0,66.0,60.0,64.0,66.0,55.0,67.0,0.0,0.0,0.0,0.0,0.0,0.0,0.0
74,247.0,23.0,5.0,0.0,0.0,52.0,65.0,64.0,63.0,60.0,59.0,69.0,0.0,0.0,0.0,0.0,0.0,0.0,0.0
73,256.0,25.0,4.0,0.0,0.0,52.0,67.0,56.0,63.0,67.0,61.0,66.0,0.0,0.0,0.0,0.0,0.0,0.0,0.0
73,246.0,26.0,0.0,0.0,0.0,52.0,63.0,63.0,69.0,69.0,54.0,68.0,0.0,0.0,0.0,0.0,0.0,0.0,0.0
73,240.0,23.0,0.0,0.0,0.0,52.0,66.0,57.0,62.0,66.0,61.0,64.0,0.0,0.0,0.0,0.0,0.0,0.0,0.0
72,235.0,25.0,0.0,0.0,0.0,52.0,61.0,61.0,67.0,70.0,51.0,68.0,0.0,0.0,0.0,0.0,0.0,0.0,0.0
72,230.0,25.0,8.0,0.0,0.0,52.0,62.0,57.0,62.0,67.0,52.0,73.0,0.0,0.0,0.0,0.0,0.0,0.0,0.0
74,235.0,23.0,22.0,0.0,0.0,52.0,65.0,61.0,64.0,63.0,52.0,69.0,0.0,0.0,0.0,0.0,0.0,0.0,0.0
72,218.0,23.0,0.0,0.0,0.0,51.0,64.0,55.0,62.0,60.0,65.0,67.0,0.0,0.0,0.0,0.0,0.0,0.0,0.0
72,238.0,22.0,0.0,0.0,0.0,51.0,66.0,61.0,62.0,69.0,53.0,65.0,0.0,0.0,0.0,0.0,0.0,0.0,0.0
73,240.0,35.0,43.0,0.0,0.0,51.0,64.0,64.0,56.0,62.0,52.0,75.0,0.0,0.0,0.0,0.0,0.0,0.0,0.0
72,235.0,26.0,0.0,0.0,0.0,51.0,63.0,55.0,61.0,72.0,52.0,74.0,0.0,0.0,0.0,0.0,0.0,0.0,0.0
74,250.0,28.0,5.0,0.0,0.0,51.0,61.0,59.0,62.0,65.0,54.0,70.0,0.0,0.0,0.0,0.0,0.0,0.0,0.0
73,244.0,23.0,28.0,0.0,0.0,49.0,63.0,61.0,64.0,55.0,57.0,70.0,0.0,0.0,0.0,0.0,0.0,0.0,0.0
76,252.0,24.0,0.0,0.0,0.0,48.0,66.0,69.0,69.0,60.0,52.0,55.0,0.0,0.0,0.0,0.0,0.0,0.0,0.0
74,230.0,21.0,2.0,0.0,0.0,45.0,66.0,66.0,61.0,58.0,50.0,62.0,0.0,0.0,0.0,0.0,0.0,0.0,0.0
73,233.0,23.0,0.0,0.0,0.0,44.0,69.0,68.0,61.0,53.0,55.0,55.0,0.0,0.0,0.0,0.0,0.0,0.0,0.0
74,233.0,22.0,6.0,0.0,0.0,44.0,69.0,63.0,61.0,58.0,50.0,56.0,0.0,0.0,0.0,0.0,0.0,0.0,0.0
75,230.0,23.0,0.0,0.0,0.0,41.0,63.0,62.0,67.0,55.0,49.0,50.0,0.0,0.0,0.0,0.0,0.0,0.0,0.0
0,0.0,0.0,0.0,0.0,0.0,77.0,0.0,0.0,0.0,0.0,0.0,0.0,0.0,0.0,0.0,0.0,0.0,0.0,0.0
0,0.0,0.0,0.0,0.0,0.0,69.0,0.0,0.0,0.0,0.0,0.0,0.0,0.0,0.0,0.0,0.0,0.0,0.0,0.0
0,0.0,0.0,6.0,0.0,0.0,68.0,0.0,0.0,0.0,0.0,0.0,0.0,0.0,0.0,0.0,0.0,0.0,0.0,0.0
0,0.0,0.0,19.0,0.0,0.0,63.0,0.0,0.0,0.0,0.0,0.0,0.0,0.0,0.0,0.0,0.0,0.0,0.0,0.0
0,0.0,0.0,0.0,0.0,0.0,51.0,0.0,0.0,0.0,0.0,0.0,0.0,0.0,0.0,0.0,0.0,0.0,0.0,0.0
0,0.0,0.0,2.0,0.0,0.0,50.0,0.0,0.0,0.0,0.0,0.0,0.0,0.0,0.0,0.0,0.0,0.0,0.0,0.0
0,0.0,0.0,3.0,0.0,0.0,47.0,0.0,0.0,0.0,0.0,0.0,0.0,0.0,0.0,0.0,0.0,0.0,0.0,0.0
0,0.0,0.0,81.0,0.0,5.0,84.0,0.0,0.0,0.0,0.0,0.0,0.0,0.0,0.0,0.0,0.0,0.0,0.0,0.0
0,0.0,0.0,67.0,1.0,2.0,76.0,0.0,0.0,0.0,0.0,0.0,0.0,0.0,0.0,0.0,0.0,0.0,0.0,0.0
0,0.0,0.0,28.0,0.0,0.0,66.0,0.0,0.0,0.0,0.0,0.0,0.0,0.0,0.0,0.0,0.0,0.0,0.0,0.0
0,0.0,0.0,29.0,0.0,0.0,65.0,0.0,0.0,0.0,0.0,0.0,0.0,0.0,0.0,0.0,0.0,0.0,0.0,0.0
0,0.0,0.0,33.0,0.0,0.0,65.0,0.0,0.0,0.0,0.0,0.0,0.0,0.0,0.0,0.0,0.0,0.0,0.0,0.0
0,0.0,0.0,38.0,0.0,0.0,64.0,0.0,0.0,0.0,0.0,0.0,0.0,0.0,0.0,0.0,0.0,0.0,0.0,0.0
0,0.0,0.0,26.0,0.0,0.0,59.0,0.0,0.0,0.0,0.0,0.0,0.0,0.0,0.0,0.0,0.0,0.0,0.0,0.0
0,0.0,0.0,1.0,0.0,0.0,57.0,0.0,0.0,0.0,0.0,0.0,0.0,0.0,0.0,0.0,0.0,0.0,0.0,0.0
0,0.0,0.0,0.0,0.0,0.0,99.0,0.0,0.0,0.0,0.0,0.0,0.0,0.0,0.0,0.0,0.0,0.0,0.0,0.0
0,0.0,0.0,160.0,7.0,12.0,99.0,0.0,0.0,0.0,0.0,0.0,0.0,0.0,0.0,0.0,0.0,0.0,0.0,0.0
0,0.0,0.0,59.0,0.0,4.0,93.0,0.0,0.0,0.0,0.0,0.0,0.0,0.0,0.0,0.0,0.0,0.0,0.0,0.0
0,0.0,0.0,0.0,0.0,0.0,60.0,0.0,0.0,0.0,0.0,0.0,0.0,0.0,0.0,0.0,0.0,0.0,0.0,0.0
0,0.0,0.0,4.0,0.0,0.0,59.0,0.0,0.0,0.0,0.0,0.0,0.0,0.0,0.0,0.0,0.0,0.0,0.0,0.0
0,0.0,0.0,65.0,1.0,2.0,56.0,0.0,0.0,0.0,0.0,0.0,0.0,0.0,0.0,0.0,0.0,0.0,0.0,0.0
0,0.0,0.0,0.0,0.0,0.0,90.0,0.0,0.0,0.0,0.0,0.0,0.0,0.0,0.0,0.0,0.0,0.0,0.0,0.0
0,0.0,0.0,28.0,0.0,0.0,81.0,0.0,0.0,0.0,0.0,0.0,0.0,0.0,0.0,0.0,0.0,0.0,0.0,0.0
0,0.0,0.0,64.0,0.0,0.0,73.0,0.0,0.0,0.0,0.0,0.0,0.0,0.0,0.0,0.0,0.0,0.0,0.0,0.0
0,0.0,0.0,5.0,0.0,0.0,61.0,0.0,0.0,0.0,0.0,0.0,0.0,0.0,0.0,0.0,0.0,0.0,0.0,0.0
0,0.0,0.0,10.0,0.0,0.0,54.0,0.0,0.0,0.0,0.0,0.0,0.0,0.0,0.0,0.0,0.0,0.0,0.0,0.0
0,0.0,0.0,0.0,0.0,0.0,35.0,0.0,0.0,0.0,0.0,0.0,0.0,0.0,0.0,0.0,0.0,0.0,0.0,0.0
0,0.0,0.0,5.0,0.0,0.0,35.0,0.0,0.0,0.0,0.0,0.0,0.0,0.0,0.0,0.0,0.0,0.0,0.0,0.0
0,0.0,0.0,0.0,0.0,0.0,35.0,0.0,0.0,0.0,0.0,0.0,0.0,0.0,0.0,0.0,0.0,0.0,0.0,0.0
0,0.0,0.0,1.0,0.0,0.0,80.0,0.0,0.0,0.0,0.0,0.0,0.0,0.0,0.0,0.0,0.0,0.0,0.0,0.0
0,0.0,0.0,30.0,0.0,1.0,80.0,0.0,0.0,0.0,0.0,0.0,0.0,0.0,0.0,0.0,0.0,0.0,0.0,0.0
0,0.0,0.0,53.0,0.0,2.0,71.0,0.0,0.0,0.0,0.0,0.0,0.0,0.0,0.0,0.0,0.0,0.0,0.0,0.0
0,0.0,0.0,18.0,0.0,0.0,69.0,0.0,0.0,0.0,0.0,0.0,0.0,0.0,0.0,0.0,0.0,0.0,0.0,0.0
0,0.0,0.0,23.0,0.0,0.0,65.0,0.0,0.0,0.0,0.0,0.0,0.0,0.0,0.0,0.0,0.0,0.0,0.0,0.0
0,0.0,0.0,8.0,0.0,0.0,62.0,0.0,0.0,0.0,0.0,0.0,0.0,0.0,0.0,0.0,0.0,0.0,0.0,0.0
0,0.0,0.0,3.0,0.0,0.0,58.0,0.0,0.0,0.0,0.0,0.0,0.0,0.0,0.0,0.0,0.0,0.0,0.0,0.0
0,0.0,0.0,11.0,0.0,0.0,46.0,0.0,0.0,0.0,0.0,0.0,0.0,0.0,0.0,0.0,0.0,0.0,0.0,0.0
0,0.0,0.0,119.0,4.0,8.0,96.0,0.0,0.0,0.0,0.0,0.0,0.0,0.0,0.0,0.0,0.0,0.0,0.0,0.0
0,0.0,0.0,38.0,0.0,0.0,85.0,0.0,0.0,0.0,0.0,0.0,0.0,0.0,0.0,0.0,0.0,0.0,0.0,0.0
0,0.0,0.0,36.0,0.0,0.0,81.0,0.0,0.0,0.0,0.0,0.0,0.0,0.0,0.0,0.0,0.0,0.0,0.0,0.0
0,0.0,0.0,31.0,0.0,0.0,71.0,0.0,0.0,0.0,0.0,0.0,0.0,0.0,0.0,0.0,0.0,0.0,0.0,0.0
0,0.0,0.0,0.0,0.0,0.0,34.0,0.0,0.0,0.0,0.0,0.0,0.0,0.0,0.0,0.0,0.0,0.0,0.0,0.0
0,0.0,0.0,83.0,1.0,2.0,91.0,0.0,0.0,0.0,0.0,0.0,0.0,0.0,0.0,0.0,0.0,0.0,0.0,0.0
0,0.0,0.0,42.0,0.0,0.0,88.0,0.0,0.0,0.0,0.0,0.0,0.0,0.0,0.0,0.0,0.0,0.0,0.0,0.0
0,0.0,0.0,59.0,0.0,0.0,69.0,0.0,0.0,0.0,0.0,0.0,0.0,0.0,0.0,0.0,0.0,0.0,0.0,0.0
0,0.0,0.0,30.0,0.0,0.0,69.0,0.0,0.0,0.0,0.0,0.0,0.0,0.0,0.0,0.0,0.0,0.0,0.0,0.0
0,0.0,0.0,0.0,0.0,0.0,69.0,0.0,0.0,0.0,0.0,0.0,0.0,0.0,0.0,0.0,0.0,0.0,0.0,0.0
0,0.0,0.0,0.0,0.0,0.0,63.0,0.0,0.0,0.0,0.0,0.0,0.0,0.0,0.0,0.0,0.0,0.0,0.0,0.0
0,0.0,0.0,9.0,0.0,0.0,50.0,0.0,0.0,0.0,0.0,0.0,0.0,0.0,0.0,0.0,0.0,0.0,0.0,0.0
0,0.0,0.0,44.0,1.0,1.0,89.0,0.0,0.0,0.0,0.0,0.0,0.0,0.0,0.0,0.0,0.0,0.0,0.0,0.0
0,0.0,0.0,56.0,0.0,0.0,89.0,0.0,0.0,0.0,0.0,0.0,0.0,0.0,0.0,0.0,0.0,0.0,0.0,0.0
0,0.0,0.0,40.0,0.0,0.0,83.0,0.0,0.0,0.0,0.0,0.0,0.0,0.0,0.0,0.0,0.0,0.0,0.0,0.0
0,0.0,0.0,44.0,0.0,0.0,59.0,0.0,0.0,0.0,0.0,0.0,0.0,0.0,0.0,0.0,0.0,0.0,0.0,0.0
0,0.0,0.0,18.0,0.0,0.0,57.0,0.0,0.0,0.0,0.0,0.0,0.0,0.0,0.0,0.0,0.0,0.0,0.0,0.0
0,0.0,0.0,7.0,0.0,0.0,55.0,0.0,0.0,0.0,0.0,0.0,0.0,0.0,0.0,0.0,0.0,0.0,0.0,0.0
0,0.0,0.0,0.0,0.0,0.0,50.0,0.0,0.0,0.0,0.0,0.0,0.0,0.0,0.0,0.0,0.0,0.0,0.0,0.0
0,0.0,0.0,2.0,0.0,0.0,35.0,0.0,0.0,0.0,0.0,0.0,0.0,0.0,0.0,0.0,0.0,0.0,0.0,0.0
0,0.0,0.0,65.0,0.0,3.0,85.0,0.0,0.0,0.0,0.0,0.0,0.0,0.0,0.0,0.0,0.0,0.0,0.0,0.0
0,0.0,0.0,37.0,0.0,0.0,77.0,0.0,0.0,0.0,0.0,0.0,0.0,0.0,0.0,0.0,0.0,0.0,0.0,0.0
0,0.0,0.0,8.0,0.0,0.0,73.0,0.0,0.0,0.0,0.0,0.0,0.0,0.0,0.0,0.0,0.0,0.0,0.0,0.0
0,0.0,0.0,62.0,1.0,1.0,73.0,0.0,0.0,0.0,0.0,0.0,0.0,0.0,0.0,0.0,0.0,0.0,0.0,0.0
0,0.0,0.0,8.0,0.0,0.0,66.0,0.0,0.0,0.0,0.0,0.0,0.0,0.0,0.0,0.0,0.0,0.0,0.0,0.0
0,0.0,0.0,0.0,0.0,0.0,49.0,0.0,0.0,0.0,0.0,0.0,0.0,0.0,0.0,0.0,0.0,0.0,0.0,0.0
0,0.0,0.0,2.0,0.0,0.0,48.0,0.0,0.0,0.0,0.0,0.0,0.0,0.0,0.0,0.0,0.0,0.0,0.0,0.0
0,0.0,0.0,14.0,0.0,0.0,46.0,0.0,0.0,0.0,0.0,0.0,0.0,0.0,0.0,0.0,0.0,0.0,0.0,0.0
0,0.0,0.0,52.0,1.0,0.0,82.0,0.0,0.0,0.0,0.0,0.0,0.0,0.0,0.0,0.0,0.0,0.0,0.0,0.0
0,0.0,0.0,67.0,1.0,5.0,81.0,0.0,0.0,0.0,0.0,0.0,0.0,0.0,0.0,0.0,0.0,0.0,0.0,0.0
0,0.0,0.0,39.0,0.0,1.0,67.0,0.0,0.0,0.0,0.0,0.0,0.0,0.0,0.0,0.0,0.0,0.0,0.0,0.0
0,0.0,0.0,8.0,0.0,0.0,51.0,0.0,0.0,0.0,0.0,0.0,0.0,0.0,0.0,0.0,0.0,0.0,0.0,0.0
0,0.0,0.0,13.0,0.0,0.0,45.0,0.0,0.0,0.0,0.0,0.0,0.0,0.0,0.0,0.0,0.0,0.0,0.0,0.0
0,0.0,0.0,34.0,0.0,0.0,76.0,0.0,0.0,0.0,0.0,0.0,0.0,0.0,0.0,0.0,0.0,0.0,0.0,0.0
0,0.0,0.0,20.0,0.0,0.0,68.0,0.0,0.0,0.0,0.0,0.0,0.0,0.0,0.0,0.0,0.0,0.0,0.0,0.0
0,0.0,0.0,0.0,0.0,0.0,60.0,0.0,0.0,0.0,0.0,0.0,0.0,0.0,0.0,0.0,0.0,0.0,0.0,0.0
0,0.0,0.0,0.0,0.0,0.0,56.0,0.0,0.0,0.0,0.0,0.0,0.0,0.0,0.0,0.0,0.0,0.0,0.0,0.0
0,0.0,0.0,0.0,0.0,0.0,56.0,0.0,0.0,0.0,0.0,0.0,0.0,0.0,0.0,0.0,0.0,0.0,0.0,0.0
0,0.0,0.0,27.0,0.0,0.0,56.0,0.0,0.0,0.0,0.0,0.0,0.0,0.0,0.0,0.0,0.0,0.0,0.0,0.0
0,0.0,0.0,32.0,0.0,0.0,56.0,0.0,0.0,0.0,0.0,0.0,0.0,0.0,0.0,0.0,0.0,0.0,0.0,0.0
0,0.0,0.0,34.0,0.0,0.0,56.0,0.0,0.0,0.0,0.0,0.0,0.0,0.0,0.0,0.0,0.0,0.0,0.0,0.0
0,0.0,0.0,10.0,0.0,0.0,52.0,0.0,0.0,0.0,0.0,0.0,0.0,0.0,0.0,0.0,0.0,0.0,0.0,0.0
0,0.0,0.0,0.0,0.0,0.0,47.0,0.0,0.0,0.0,0.0,0.0,0.0,0.0,0.0,0.0,0.0,0.0,0.0,0.0
0,0.0,0.0,0.0,0.0,0.0,46.0,0.0,0.0,0.0,0.0,0.0,0.0,0.0,0.0,0.0,0.0,0.0,0.0,0.0
0,0.0,0.0,0.0,0.0,0.0,78.0,0.0,0.0,0.0,0.0,0.0,0.0,0.0,0.0,0.0,0.0,0.0,0.0,0.0
0,0.0,0.0,51.0,0.0,1.0,73.0,0.0,0.0,0.0,0.0,0.0,0.0,0.0,0.0,0.0,0.0,0.0,0.0,0.0
0,0.0,0.0,0.0,0.0,0.0,68.0,0.0,0.0,0.0,0.0,0.0,0.0,0.0,0.0,0.0,0.0,0.0,0.0,0.0
0,0.0,0.0,44.0,0.0,0.0,68.0,0.0,0.0,0.0,0.0,0.0,0.0,0.0,0.0,0.0,0.0,0.0,0.0,0.0
0,0.0,0.0,0.0,0.0,0.0,68.0,0.0,0.0,0.0,0.0,0.0,0.0,0.0,0.0,0.0,0.0,0.0,0.0,0.0
0,0.0,0.0,29.0,0.0,0.0,68.0,0.0,0.0,0.0,0.0,0.0,0.0,0.0,0.0,0.0,0.0,0.0,0.0,0.0
0,0.0,0.0,0.0,0.0,0.0,67.0,0.0,0.0,0.0,0.0,0.0,0.0,0.0,0.0,0.0,0.0,0.0,0.0,0.0
0,0.0,0.0,44.0,0.0,2.0,65.0,0.0,0.0,0.0,0.0,0.0,0.0,0.0,0.0,0.0,0.0,0.0,0.0,0.0
0,0.0,0.0,33.0,0.0,0.0,64.0,0.0,0.0,0.0,0.0,0.0,0.0,0.0,0.0,0.0,0.0,0.0,0.0,0.0
0,0.0,0.0,31.0,0.0,0.0,63.0,0.0,0.0,0.0,0.0,0.0,0.0,0.0,0.0,0.0,0.0,0.0,0.0,0.0
0,0.0,0.0,32.0,0.0,0.0,62.0,0.0,0.0,0.0,0.0,0.0,0.0,0.0,0.0,0.0,0.0,0.0,0.0,0.0
0,0.0,0.0,0.0,0.0,0.0,61.0,0.0,0.0,0.0,0.0,0.0,0.0,0.0,0.0,0.0,0.0,0.0,0.0,0.0
0,0.0,0.0,53.0,0.0,0.0,61.0,0.0,0.0,0.0,0.0,0.0,0.0,0.0,0.0,0.0,0.0,0.0,0.0,0.0
0,0.0,0.0,0.0,0.0,0.0,61.0,0.0,0.0,0.0,0.0,0.0,0.0,0.0,0.0,0.0,0.0,0.0,0.0,0.0
0,0.0,0.0,8.0,0.0,0.0,60.0,0.0,0.0,0.0,0.0,0.0,0.0,0.0,0.0,0.0,0.0,0.0,0.0,0.0
0,0.0,0.0,13.0,0.0,0.0,60.0,0.0,0.0,0.0,0.0,0.0,0.0,0.0,0.0,0.0,0.0,0.0,0.0,0.0
0,0.0,0.0,39.0,0.0,0.0,59.0,0.0,0.0,0.0,0.0,0.0,0.0,0.0,0.0,0.0,0.0,0.0,0.0,0.0
0,0.0,0.0,17.0,0.0,0.0,59.0,0.0,0.0,0.0,0.0,0.0,0.0,0.0,0.0,0.0,0.0,0.0,0.0,0.0
0,0.0,0.0,0.0,0.0,0.0,59.0,0.0,0.0,0.0,0.0,0.0,0.0,0.0,0.0,0.0,0.0,0.0,0.0,0.0
0,0.0,0.0,3.0,0.0,0.0,59.0,0.0,0.0,0.0,0.0,0.0,0.0,0.0,0.0,0.0,0.0,0.0,0.0,0.0
0,0.0,0.0,0.0,0.0,0.0,59.0,0.0,0.0,0.0,0.0,0.0,0.0,0.0,0.0,0.0,0.0,0.0,0.0,0.0
0,0.0,0.0,2.0,0.0,0.0,58.0,0.0,0.0,0.0,0.0,0.0,0.0,0.0,0.0,0.0,0.0,0.0,0.0,0.0
0,0.0,0.0,25.0,0.0,0.0,58.0,0.0,0.0,0.0,0.0,0.0,0.0,0.0,0.0,0.0,0.0,0.0,0.0,0.0
0,0.0,0.0,0.0,0.0,0.0,54.0,0.0,0.0,0.0,0.0,0.0,0.0,0.0,0.0,0.0,0.0,0.0,0.0,0.0
0,0.0,0.0,17.0,0.0,0.0,52.0,0.0,0.0,0.0,0.0,0.0,0.0,0.0,0.0,0.0,0.0,0.0,0.0,0.0
0,0.0,0.0,12.0,0.0,0.0,52.0,0.0,0.0,0.0,0.0,0.0,0.0,0.0,0.0,0.0,0.0,0.0,0.0,0.0
0,0.0,0.0,6.0,0.0,0.0,50.0,0.0,0.0,0.0,0.0,0.0,0.0,0.0,0.0,0.0,0.0,0.0,0.0,0.0
0,0.0,0.0,0.0,0.0,0.0,49.0,0.0,0.0,0.0,0.0,0.0,0.0,0.0,0.0,0.0,0.0,0.0,0.0,0.0
0,0.0,0.0,1.0,0.0,0.0,48.0,0.0,0.0,0.0,0.0,0.0,0.0,0.0,0.0,0.0,0.0,0.0,0.0,0.0
0,0.0,0.0,0.0,0.0,0.0,48.0,0.0,0.0,0.0,0.0,0.0,0.0,0.0,0.0,0.0,0.0,0.0,0.0,0.0
0,0.0,0.0,1.0,0.0,0.0,48.0,0.0,0.0,0.0,0.0,0.0,0.0,0.0,0.0,0.0,0.0,0.0,0.0,0.0
0,0.0,0.0,0.0,0.0,0.0,47.0,0.0,0.0,0.0,0.0,0.0,0.0,0.0,0.0,0.0,0.0,0.0,0.0,0.0
0,0.0,0.0,0.0,0.0,0.0,46.0,0.0,0.0,0.0,0.0,0.0,0.0,0.0,0.0,0.0,0.0,0.0,0.0,0.0
0,0.0,0.0,0.0,0.0,0.0,46.0,0.0,0.0,0.0,0.0,0.0,0.0,0.0,0.0,0.0,0.0,0.0,0.0,0.0
0,0.0,0.0,0.0,0.0,0.0,45.0,0.0,0.0,0.0,0.0,0.0,0.0,0.0,0.0,0.0,0.0,0.0,0.0,0.0
0,0.0,0.0,97.0,2.0,5.0,75.0,0.0,0.0,0.0,0.0,0.0,0.0,0.0,0.0,0.0,0.0,0.0,0.0,0.0
0,0.0,0.0,33.0,0.0,0.0,75.0,0.0,0.0,0.0,0.0,0.0,0.0,0.0,0.0,0.0,0.0,0.0,0.0,0.0
0,0.0,0.0,55.0,0.0,0.0,73.0,0.0,0.0,0.0,0.0,0.0,0.0,0.0,0.0,0.0,0.0,0.0,0.0,0.0
0,0.0,0.0,7.0,0.0,0.0,65.0,0.0,0.0,0.0,0.0,0.0,0.0,0.0,0.0,0.0,0.0,0.0,0.0,0.0
0,0.0,0.0,0.0,0.0,0.0,64.0,0.0,0.0,0.0,0.0,0.0,0.0,0.0,0.0,0.0,0.0,0.0,0.0,0.0
0,0.0,0.0,0.0,0.0,0.0,39.0,0.0,0.0,0.0,0.0,0.0,0.0,0.0,0.0,0.0,0.0,0.0,0.0,0.0
0,0.0,0.0,60.0,0.0,0.0,87.0,0.0,0.0,0.0,0.0,0.0,0.0,0.0,0.0,0.0,0.0,0.0,0.0,0.0
0,0.0,0.0,37.0,0.0,0.0,74.0,0.0,0.0,0.0,0.0,0.0,0.0,0.0,0.0,0.0,0.0,0.0,0.0,0.0
0,0.0,0.0,28.0,0.0,0.0,65.0,0.0,0.0,0.0,0.0,0.0,0.0,0.0,0.0,0.0,0.0,0.0,0.0,0.0
0,0.0,0.0,0.0,0.0,0.0,62.0,0.0,0.0,0.0,0.0,0.0,0.0,0.0,0.0,0.0,0.0,0.0,0.0,0.0
0,0.0,0.0,0.0,0.0,0.0,57.0,0.0,0.0,0.0,0.0,0.0,0.0,0.0,0.0,0.0,0.0,0.0,0.0,0.0
0,0.0,0.0,3.0,0.0,0.0,57.0,0.0,0.0,0.0,0.0,0.0,0.0,0.0,0.0,0.0,0.0,0.0,0.0,0.0
0,0.0,0.0,16.0,0.0,0.0,57.0,0.0,0.0,0.0,0.0,0.0,0.0,0.0,0.0,0.0,0.0,0.0,0.0,0.0
0,0.0,0.0,9.0,0.0,0.0,57.0,0.0,0.0,0.0,0.0,0.0,0.0,0.0,0.0,0.0,0.0,0.0,0.0,0.0
0,0.0,0.0,3.0,0.0,0.0,57.0,0.0,0.0,0.0,0.0,0.0,0.0,0.0,0.0,0.0,0.0,0.0,0.0,0.0
0,0.0,0.0,0.0,0.0,0.0,80.0,0.0,0.0,0.0,0.0,0.0,0.0,0.0,0.0,0.0,0.0,0.0,0.0,0.0
0,0.0,0.0,73.0,0.0,0.0,80.0,0.0,0.0,0.0,0.0,0.0,0.0,0.0,0.0,0.0,0.0,0.0,0.0,0.0
0,0.0,0.0,24.0,0.0,0.0,75.0,0.0,0.0,0.0,0.0,0.0,0.0,0.0,0.0,0.0,0.0,0.0,0.0,0.0
0,0.0,0.0,0.0,0.0,0.0,68.0,0.0,0.0,0.0,0.0,0.0,0.0,0.0,0.0,0.0,0.0,0.0,0.0,0.0
0,0.0,0.0,53.0,0.0,1.0,68.0,0.0,0.0,0.0,0.0,0.0,0.0,0.0,0.0,0.0,0.0,0.0,0.0,0.0
0,0.0,0.0,29.0,0.0,0.0,64.0,0.0,0.0,0.0,0.0,0.0,0.0,0.0,0.0,0.0,0.0,0.0,0.0,0.0
0,0.0,0.0,42.0,0.0,0.0,53.0,0.0,0.0,0.0,0.0,0.0,0.0,0.0,0.0,0.0,0.0,0.0,0.0,0.0
0,0.0,0.0,0.0,0.0,0.0,51.0,0.0,0.0,0.0,0.0,0.0,0.0,0.0,0.0,0.0,0.0,0.0,0.0,0.0
0,0.0,0.0,26.0,0.0,0.0,74.0,0.0,0.0,0.0,0.0,0.0,0.0,0.0,0.0,0.0,0.0,0.0,0.0,0.0
0,0.0,0.0,17.0,0.0,0.0,73.0,0.0,0.0,0.0,0.0,0.0,0.0,0.0,0.0,0.0,0.0,0.0,0.0,0.0
0,0.0,0.0,5.0,0.0,0.0,58.0,0.0,0.0,0.0,0.0,0.0,0.0,0.0,0.0,0.0,0.0,0.0,0.0,0.0
0,0.0,0.0,39.0,0.0,0.0,53.0,0.0,0.0,0.0,0.0,0.0,0.0,0.0,0.0,0.0,0.0,0.0,0.0,0.0
0,0.0,0.0,0.0,0.0,0.0,52.0,0.0,0.0,0.0,0.0,0.0,0.0,0.0,0.0,0.0,0.0,0.0,0.0,0.0
0,0.0,0.0,48.0,0.0,0.0,51.0,0.0,0.0,0.0,0.0,0.0,0.0,0.0,0.0,0.0,0.0,0.0,0.0,0.0
0,0.0,0.0,0.0,0.0,0.0,50.0,0.0,0.0,0.0,0.0,0.0,0.0,0.0,0.0,0.0,0.0,0.0,0.0,0.0
0,0.0,0.0,0.0,0.0,0.0,44.0,0.0,0.0,0.0,0.0,0.0,0.0,0.0,0.0,0.0,0.0,0.0,0.0,0.0
0,0.0,0.0,66.0,0.0,0.0,81.0,0.0,0.0,0.0,0.0,0.0,0.0,0.0,0.0,0.0,0.0,0.0,0.0,0.0
0,0.0,0.0,0.0,0.0,0.0,66.0,0.0,0.0,0.0,0.0,0.0,0.0,0.0,0.0,0.0,0.0,0.0,0.0,0.0
0,0.0,0.0,6.0,0.0,0.0,66.0,0.0,0.0,0.0,0.0,0.0,0.0,0.0,0.0,0.0,0.0,0.0,0.0,0.0
0,0.0,0.0,0.0,0.0,0.0,66.0,0.0,0.0,0.0,0.0,0.0,0.0,0.0,0.0,0.0,0.0,0.0,0.0,0.0
0,0.0,0.0,26.0,0.0,0.0,64.0,0.0,0.0,0.0,0.0,0.0,0.0,0.0,0.0,0.0,0.0,0.0,0.0,0.0
0,0.0,0.0,46.0,0.0,0.0,61.0,0.0,0.0,0.0,0.0,0.0,0.0,0.0,0.0,0.0,0.0,0.0,0.0,0.0
0,0.0,0.0,4.0,0.0,0.0,42.0,0.0,0.0,0.0,0.0,0.0,0.0,0.0,0.0,0.0,0.0,0.0,0.0,0.0
0,0.0,0.0,13.0,0.0,0.0,41.0,0.0,0.0,0.0,0.0,0.0,0.0,0.0,0.0,0.0,0.0,0.0,0.0,0.0
0,0.0,0.0,115.0,5.0,7.0,94.0,0.0,0.0,0.0,0.0,0.0,0.0,0.0,0.0,0.0,0.0,0.0,0.0,0.0
0,0.0,0.0,43.0,0.0,0.0,66.0,0.0,0.0,0.0,0.0,0.0,0.0,0.0,0.0,0.0,0.0,0.0,0.0,0.0
0,0.0,0.0,0.0,0.0,0.0,63.0,0.0,0.0,0.0,0.0,0.0,0.0,0.0,0.0,0.0,0.0,0.0,0.0,0.0
0,0.0,0.0,9.0,0.0,0.0,52.0,0.0,0.0,0.0,0.0,0.0,0.0,0.0,0.0,0.0,0.0,0.0,0.0,0.0
0,0.0,0.0,6.0,0.0,0.0,45.0,0.0,0.0,0.0,0.0,0.0,0.0,0.0,0.0,0.0,0.0,0.0,0.0,0.0
0,0.0,0.0,0.0,0.0,0.0,45.0,0.0,0.0,0.0,0.0,0.0,0.0,0.0,0.0,0.0,0.0,0.0,0.0,0.0
0,0.0,0.0,28.0,0.0,0.0,68.0,0.0,0.0,0.0,0.0,0.0,0.0,0.0,0.0,0.0,0.0,0.0,0.0,0.0
0,0.0,0.0,6.0,0.0,0.0,65.0,0.0,0.0,0.0,0.0,0.0,0.0,0.0,0.0,0.0,0.0,0.0,0.0,0.0
0,0.0,0.0,6.0,0.0,0.0,61.0,0.0,0.0,0.0,0.0,0.0,0.0,0.0,0.0,0.0,0.0,0.0,0.0,0.0
0,0.0,0.0,0.0,0.0,0.0,59.0,0.0,0.0,0.0,0.0,0.0,0.0,0.0,0.0,0.0,0.0,0.0,0.0,0.0
0,0.0,0.0,12.0,0.0,0.0,59.0,0.0,0.0,0.0,0.0,0.0,0.0,0.0,0.0,0.0,0.0,0.0,0.0,0.0
0,0.0,0.0,0.0,0.0,0.0,59.0,0.0,0.0,0.0,0.0,0.0,0.0,0.0,0.0,0.0,0.0,0.0,0.0,0.0
0,0.0,0.0,0.0,0.0,0.0,59.0,0.0,0.0,0.0,0.0,0.0,0.0,0.0,0.0,0.0,0.0,0.0,0.0,0.0
0,0.0,0.0,2.0,0.0,0.0,47.0,0.0,0.0,0.0,0.0,0.0,0.0,0.0,0.0,0.0,0.0,0.0,0.0,0.0
0,0.0,0.0,0.0,0.0,0.0,46.0,0.0,0.0,0.0,0.0,0.0,0.0,0.0,0.0,0.0,0.0,0.0,0.0,0.0
0,0.0,0.0,64.0,0.0,0.0,74.0,0.0,0.0,0.0,0.0,0.0,0.0,0.0,0.0,0.0,0.0,0.0,0.0,0.0
0,0.0,0.0,45.0,0.0,0.0,73.0,0.0,0.0,0.0,0.0,0.0,0.0,0.0,0.0,0.0,0.0,0.0,0.0,0.0
0,0.0,0.0,66.0,1.0,1.0,73.0,0.0,0.0,0.0,0.0,0.0,0.0,0.0,0.0,0.0,0.0,0.0,0.0,0.0
0,0.0,0.0,70.0,0.0,1.0,73.0,0.0,0.0,0.0,0.0,0.0,0.0,0.0,0.0,0.0,0.0,0.0,0.0,0.0
0,0.0,0.0,19.0,0.0,0.0,63.0,0.0,0.0,0.0,0.0,0.0,0.0,0.0,0.0,0.0,0.0,0.0,0.0,0.0
0,0.0,0.0,0.0,0.0,0.0,59.0,0.0,0.0,0.0,0.0,0.0,0.0,0.0,0.0,0.0,0.0,0.0,0.0,0.0
0,0.0,0.0,0.0,0.0,0.0,83.0,0.0,0.0,0.0,0.0,0.0,0.0,0.0,0.0,0.0,0.0,0.0,0.0,0.0
0,0.0,0.0,67.0,0.0,3.0,79.0,0.0,0.0,0.0,0.0,0.0,0.0,0.0,0.0,0.0,0.0,0.0,0.0,0.0
0,0.0,0.0,0.0,0.0,0.0,70.0,0.0,0.0,0.0,0.0,0.0,0.0,0.0,0.0,0.0,0.0,0.0,0.0,0.0
0,0.0,0.0,55.0,0.0,0.0,68.0,0.0,0.0,0.0,0.0,0.0,0.0,0.0,0.0,0.0,0.0,0.0,0.0,0.0
0,0.0,0.0,9.0,0.0,0.0,56.0,0.0,0.0,0.0,0.0,0.0,0.0,0.0,0.0,0.0,0.0,0.0,0.0,0.0
0,0.0,0.0,0.0,0.0,0.0,86.0,0.0,0.0,0.0,0.0,0.0,0.0,0.0,0.0,0.0,0.0,0.0,0.0,0.0
0,0.0,0.0,32.0,0.0,0.0,62.0,0.0,0.0,0.0,0.0,0.0,0.0,0.0,0.0,0.0,0.0,0.0,0.0,0.0
0,0.0,0.0,54.0,0.0,0.0,58.0,0.0,0.0,0.0,0.0,0.0,0.0,0.0,0.0,0.0,0.0,0.0,0.0,0.0
0,0.0,0.0,21.0,0.0,0.0,53.0,0.0,0.0,0.0,0.0,0.0,0.0,0.0,0.0,0.0,0.0,0.0,0.0,0.0
0,0.0,0.0,0.0,0.0,0.0,48.0,0.0,0.0,0.0,0.0,0.0,0.0,0.0,0.0,0.0,0.0,0.0,0.0,0.0
0,0.0,0.0,0.0,0.0,0.0,45.0,0.0,0.0,0.0,0.0,0.0,0.0,0.0,0.0,0.0,0.0,0.0,0.0,0.0
0,0.0,0.0,0.0,0.0,0.0,45.0,0.0,0.0,0.0,0.0,0.0,0.0,0.0,0.0,0.0,0.0,0.0,0.0,0.0
0,0.0,0.0,52.0,0.0,0.0,90.0,0.0,0.0,0.0,0.0,0.0,0.0,0.0,0.0,0.0,0.0,0.0,0.0,0.0
0,0.0,0.0,53.0,0.0,0.0,90.0,0.0,0.0,0.0,0.0,0.0,0.0,0.0,0.0,0.0,0.0,0.0,0.0,0.0
0,0.0,0.0,90.0,1.0,3.0,88.0,0.0,0.0,0.0,0.0,0.0,0.0,0.0,0.0,0.0,0.0,0.0,0.0,0.0
0,0.0,0.0,44.0,0.0,1.0,88.0,0.0,0.0,0.0,0.0,0.0,0.0,0.0,0.0,0.0,0.0,0.0,0.0,0.0
0,0.0,0.0,6.0,0.0,0.0,56.0,0.0,0.0,0.0,0.0,0.0,0.0,0.0,0.0,0.0,0.0,0.0,0.0,0.0
0,0.0,0.0,29.0,0.0,0.0,55.0,0.0,0.0,0.0,0.0,0.0,0.0,0.0,0.0,0.0,0.0,0.0,0.0,0.0
0,0.0,0.0,0.0,0.0,0.0,44.0,0.0,0.0,0.0,0.0,0.0,0.0,0.0,0.0,0.0,0.0,0.0,0.0,0.0
0,0.0,0.0,57.0,0.0,0.0,84.0,0.0,0.0,0.0,0.0,0.0,0.0,0.0,0.0,0.0,0.0,0.0,0.0,0.0
0,0.0,0.0,83.0,0.0,2.0,78.0,0.0,0.0,0.0,0.0,0.0,0.0,0.0,0.0,0.0,0.0,0.0,0.0,0.0
0,0.0,0.0,0.0,0.0,0.0,72.0,0.0,0.0,0.0,0.0,0.0,0.0,0.0,0.0,0.0,0.0,0.0,0.0,0.0
0,0.0,0.0,33.0,0.0,0.0,70.0,0.0,0.0,0.0,0.0,0.0,0.0,0.0,0.0,0.0,0.0,0.0,0.0,0.0
0,0.0,0.0,31.0,0.0,0.0,63.0,0.0,0.0,0.0,0.0,0.0,0.0,0.0,0.0,0.0,0.0,0.0,0.0,0.0
0,0.0,0.0,13.0,0.0,0.0,62.0,0.0,0.0,0.0,0.0,0.0,0.0,0.0,0.0,0.0,0.0,0.0,0.0,0.0
0,0.0,0.0,50.0,0.0,0.0,62.0,0.0,0.0,0.0,0.0,0.0,0.0,0.0,0.0,0.0,0.0,0.0,0.0,0.0
0,0.0,0.0,54.0,0.0,0.0,81.0,0.0,0.0,0.0,0.0,0.0,0.0,0.0,0.0,0.0,0.0,0.0,0.0,0.0
0,0.0,0.0,18.0,0.0,0.0,71.0,0.0,0.0,0.0,0.0,0.0,0.0,0.0,0.0,0.0,0.0,0.0,0.0,0.0
0,0.0,0.0,37.0,0.0,0.0,69.0,0.0,0.0,0.0,0.0,0.0,0.0,0.0,0.0,0.0,0.0,0.0,0.0,0.0
0,0.0,0.0,5.0,0.0,0.0,68.0,0.0,0.0,0.0,0.0,0.0,0.0,0.0,0.0,0.0,0.0,0.0,0.0,0.0
0,0.0,0.0,15.0,0.0,1.0,60.0,0.0,0.0,0.0,0.0,0.0,0.0,0.0,0.0,0.0,0.0,0.0,0.0,0.0
0,0.0,0.0,0.0,0.0,0.0,52.0,0.0,0.0,0.0,0.0,0.0,0.0,0.0,0.0,0.0,0.0,0.0,0.0,0.0
0,0.0,0.0,75.0,1.0,3.0,92.0,0.0,0.0,0.0,0.0,0.0,0.0,0.0,0.0,0.0,0.0,0.0,0.0,0.0
0,0.0,0.0,90.0,1.0,4.0,90.0,0.0,0.0,0.0,0.0,0.0,0.0,0.0,0.0,0.0,0.0,0.0,0.0,0.0
0,0.0,0.0,40.0,0.0,1.0,87.0,0.0,0.0,0.0,0.0,0.0,0.0,0.0,0.0,0.0,0.0,0.0,0.0,0.0
0,0.0,0.0,6.0,0.0,0.0,72.0,0.0,0.0,0.0,0.0,0.0,0.0,0.0,0.0,0.0,0.0,0.0,0.0,0.0
0,0.0,0.0,95.0,1.0,2.0,72.0,0.0,0.0,0.0,0.0,0.0,0.0,0.0,0.0,0.0,0.0,0.0,0.0,0.0
0,0.0,0.0,0.0,0.0,0.0,54.0,0.0,0.0,0.0,0.0,0.0,0.0,0.0,0.0,0.0,0.0,0.0,0.0,0.0
0,0.0,0.0,46.0,0.0,0.0,52.0,0.0,0.0,0.0,0.0,0.0,0.0,0.0,0.0,0.0,0.0,0.0,0.0,0.0
0,0.0,0.0,133.0,6.0,12.0,98.0,0.0,0.0,0.0,0.0,0.0,0.0,0.0,0.0,0.0,0.0,0.0,0.0,0.0
0,0.0,0.0,83.0,0.0,1.0,88.0,0.0,0.0,0.0,0.0,0.0,0.0,0.0,0.0,0.0,0.0,0.0,0.0,0.0
0,0.0,0.0,0.0,0.0,0.0,64.0,0.0,0.0,0.0,0.0,0.0,0.0,0.0,0.0,0.0,0.0,0.0,0.0,0.0
0,0.0,0.0,0.0,0.0,0.0,62.0,0.0,0.0,0.0,0.0,0.0,0.0,0.0,0.0,0.0,0.0,0.0,0.0,0.0
0,0.0,0.0,10.0,0.0,0.0,51.0,0.0,0.0,0.0,0.0,0.0,0.0,0.0,0.0,0.0,0.0,0.0,0.0,0.0
0,0.0,0.0,69.0,1.0,5.0,75.0,0.0,0.0,0.0,0.0,0.0,0.0,0.0,0.0,0.0,0.0,0.0,0.0,0.0
0,0.0,0.0,0.0,0.0,0.0,70.0,0.0,0.0,0.0,0.0,0.0,0.0,0.0,0.0,0.0,0.0,0.0,0.0,0.0
0,0.0,0.0,18.0,0.0,0.0,70.0,0.0,0.0,0.0,0.0,0.0,0.0,0.0,0.0,0.0,0.0,0.0,0.0,0.0
0,0.0,0.0,5.0,0.0,0.0,67.0,0.0,0.0,0.0,0.0,0.0,0.0,0.0,0.0,0.0,0.0,0.0,0.0,0.0
0,0.0,0.0,31.0,0.0,0.0,67.0,0.0,0.0,0.0,0.0,0.0,0.0,0.0,0.0,0.0,0.0,0.0,0.0,0.0
0,0.0,0.0,0.0,0.0,0.0,35.0,0.0,0.0,0.0,0.0,0.0,0.0,0.0,0.0,0.0,0.0,0.0,0.0,0.0
0,0.0,0.0,85.0,2.0,3.0,88.0,0.0,0.0,0.0,0.0,0.0,0.0,0.0,0.0,0.0,0.0,0.0,0.0,0.0
0,0.0,0.0,7.0,2.0,3.0,88.0,0.0,0.0,0.0,0.0,0.0,0.0,0.0,0.0,0.0,0.0,0.0,0.0,0.0
0,0.0,0.0,80.0,1.0,2.0,87.0,0.0,0.0,0.0,0.0,0.0,0.0,0.0,0.0,0.0,0.0,0.0,0.0,0.0
0,0.0,0.0,34.0,0.0,0.0,81.0,0.0,0.0,0.0,0.0,0.0,0.0,0.0,0.0,0.0,0.0,0.0,0.0,0.0
0,0.0,0.0,0.0,0.0,0.0,55.0,0.0,0.0,0.0,0.0,0.0,0.0,0.0,0.0,0.0,0.0,0.0,0.0,0.0
0,0.0,0.0,0.0,0.0,0.0,52.0,0.0,0.0,0.0,0.0,0.0,0.0,0.0,0.0,0.0,0.0,0.0,0.0,0.0
0,0.0,0.0,7.0,0.0,0.0,52.0,0.0,0.0,0.0,0.0,0.0,0.0,0.0,0.0,0.0,0.0,0.0,0.0,0.0
0,0.0,0.0,14.0,0.0,0.0,52.0,0.0,0.0,0.0,0.0,0.0,0.0,0.0,0.0,0.0,0.0,0.0,0.0,0.0
0,0.0,0.0,16.0,0.0,0.0,49.0,0.0,0.0,0.0,0.0,0.0,0.0,0.0,0.0,0.0,0.0,0.0,0.0,0.0
0,0.0,0.0,22.0,0.0,0.0,38.0,0.0,0.0,0.0,0.0,0.0,0.0,0.0,0.0,0.0,0.0,0.0,0.0,0.0
0,0.0,0.0,30.0,0.0,0.0,81.0,0.0,0.0,0.0,0.0,0.0,0.0,0.0,0.0,0.0,0.0,0.0,0.0,0.0
0,0.0,0.0,29.0,0.0,0.0,78.0,0.0,0.0,0.0,0.0,0.0,0.0,0.0,0.0,0.0,0.0,0.0,0.0,0.0
0,0.0,0.0,0.0,0.0,0.0,69.0,0.0,0.0,0.0,0.0,0.0,0.0,0.0,0.0,0.0,0.0,0.0,0.0,0.0
0,0.0,0.0,21.0,0.0,0.0,69.0,0.0,0.0,0.0,0.0,0.0,0.0,0.0,0.0,0.0,0.0,0.0,0.0,0.0
0,0.0,0.0,0.0,0.0,0.0,68.0,0.0,0.0,0.0,0.0,0.0,0.0,0.0,0.0,0.0,0.0,0.0,0.0,0.0
0,0.0,0.0,3.0,0.0,0.0,68.0,0.0,0.0,0.0,0.0,0.0,0.0,0.0,0.0,0.0,0.0,0.0,0.0,0.0
0,0.0,0.0,0.0,0.0,0.0,68.0,0.0,0.0,0.0,0.0,0.0,0.0,0.0,0.0,0.0,0.0,0.0,0.0,0.0
0,0.0,0.0,2.0,0.0,0.0,66.0,0.0,0.0,0.0,0.0,0.0,0.0,0.0,0.0,0.0,0.0,0.0,0.0,0.0
0,0.0,0.0,0.0,0.0,0.0,53.0,0.0,0.0,0.0,0.0,0.0,0.0,0.0,0.0,0.0,0.0,0.0,0.0,0.0
0,0.0,0.0,142.0,5.0,11.0,96.0,0.0,0.0,0.0,0.0,0.0,0.0,0.0,0.0,0.0,0.0,0.0,0.0,0.0
0,0.0,0.0,0.0,0.0,1.0,67.0,0.0,0.0,0.0,0.0,0.0,0.0,0.0,0.0,0.0,0.0,0.0,0.0,0.0
0,0.0,0.0,30.0,0.0,0.0,65.0,0.0,0.0,0.0,0.0,0.0,0.0,0.0,0.0,0.0,0.0,0.0,0.0,0.0
0,0.0,0.0,19.0,0.0,0.0,65.0,0.0,0.0,0.0,0.0,0.0,0.0,0.0,0.0,0.0,0.0,0.0,0.0,0.0
0,0.0,0.0,0.0,0.0,0.0,57.0,0.0,0.0,0.0,0.0,0.0,0.0,0.0,0.0,0.0,0.0,0.0,0.0,0.0
0,0.0,0.0,0.0,0.0,0.0,45.0,0.0,0.0,0.0,0.0,0.0,0.0,0.0,0.0,0.0,0.0,0.0,0.0,0.0
0,0.0,0.0,68.0,0.0,0.0,87.0,0.0,0.0,0.0,0.0,0.0,0.0,0.0,0.0,0.0,0.0,0.0,0.0,0.0
0,0.0,0.0,74.0,1.0,1.0,69.0,0.0,0.0,0.0,0.0,0.0,0.0,0.0,0.0,0.0,0.0,0.0,0.0,0.0
0,0.0,0.0,8.0,0.0,0.0,63.0,0.0,0.0,0.0,0.0,0.0,0.0,0.0,0.0,0.0,0.0,0.0,0.0,0.0
0,0.0,0.0,25.0,0.0,0.0,63.0,0.0,0.0,0.0,0.0,0.0,0.0,0.0,0.0,0.0,0.0,0.0,0.0,0.0
0,0.0,0.0,5.0,0.0,0.0,48.0,0.0,0.0,0.0,0.0,0.0,0.0,0.0,0.0,0.0,0.0,0.0,0.0,0.0
0,0.0,0.0,46.0,0.0,3.0,92.0,0.0,0.0,0.0,0.0,0.0,0.0,0.0,0.0,0.0,0.0,0.0,0.0,0.0
0,0.0,0.0,71.0,1.0,4.0,92.0,0.0,0.0,0.0,0.0,0.0,0.0,0.0,0.0,0.0,0.0,0.0,0.0,0.0
0,0.0,0.0,81.0,1.0,5.0,86.0,0.0,0.0,0.0,0.0,0.0,0.0,0.0,0.0,0.0,0.0,0.0,0.0,0.0
0,0.0,0.0,18.0,0.0,0.0,71.0,0.0,0.0,0.0,0.0,0.0,0.0,0.0,0.0,0.0,0.0,0.0,0.0,0.0
0,0.0,0.0,0.0,0.0,0.0,55.0,0.0,0.0,0.0,0.0,0.0,0.0,0.0,0.0,0.0,0.0,0.0,0.0,0.0
0,0.0,0.0,7.0,0.0,0.0,49.0,0.0,0.0,0.0,0.0,0.0,0.0,0.0,0.0,0.0,0.0,0.0,0.0,0.0
0,0.0,0.0,68.0,0.0,0.0,88.0,75.0,81.0,76.0,80.0,88.0,88.0,0.0,0.0,0.0,0.0,0.0,0.0,0.0
0,0.0,0.0,80.0,1.0,2.0,78.0,58.0,62.0,58.0,82.0,85.0,85.0,0.0,0.0,0.0,0.0,0.0,0.0,0.0
0,0.0,0.0,0.0,0.0,0.0,99.0,85.0,92.0,85.0,81.0,99.0,99.0,0.0,0.0,0.0,0.0,0.0,0.0,0.0
0,0.0,0.0,160.0,7.0,12.0,99.0,85.0,92.0,85.0,81.0,99.0,99.0,0.0,0.0,0.0,0.0,0.0,0.0,0.0
0,0.0,0.0,142.0,5.0,11.0,99.0,86.0,94.0,84.0,73.0,97.0,94.0,0.0,0.0,0.0,0.0,0.0,0.0,0.0
0,0.0,0.0,119.0,4.0,8.0,98.0,89.0,93.0,86.0,82.0,89.0,95.0,0.0,0.0,0.0,0.0,0.0,0.0,0.0
0,0.0,0.0,46.0,0.0,3.0,97.0,87.0,96.0,85.0,81.0,88.0,89.0,0.0,0.0,0.0,0.0,0.0,0.0,0.0
0,0.0,0.0,133.0,6.0,12.0,96.0,76.0,86.0,76.0,76.0,98.0,96.0,0.0,0.0,0.0,0.0,0.0,0.0,0.0
0,0.0,0.0,90.0,1.0,4.0,95.0,84.0,94.0,80.0,77.0,88.0,89.0,0.0,0.0,0.0,0.0,0.0,0.0,0.0
0,0.0,0.0,115.0,5.0,7.0,95.0,75.0,82.0,79.0,80.0,93.0,95.0,0.0,0.0,0.0,0.0,0.0,0.0,0.0
0,0.0,0.0,75.0,1.0,3.0,94.0,82.0,86.0,78.0,78.0,91.0,90.0,0.0,0.0,0.0,0.0,0.0,0.0,0.0
0,0.0,0.0,81.0,0.0,5.0,94.0,78.0,87.0,79.0,80.0,90.0,93.0,0.0,0.0,0.0,0.0,0.0,0.0,0.0
0,0.0,0.0,83.0,1.0,2.0,94.0,80.0,83.0,78.0,80.0,90.0,93.0,0.0,0.0,0.0,0.0,0.0,0.0,0.0
0,0.0,0.0,34.0,0.0,0.0,92.0,82.0,84.0,77.0,77.0,88.0,91.0,0.0,0.0,0.0,0.0,0.0,0.0,0.0
0,0.0,0.0,59.0,0.0,4.0,92.0,84.0,90.0,81.0,75.0,87.0,87.0,0.0,0.0,0.0,0.0,0.0,0.0,0.0
0,0.0,0.0,69.0,1.0,5.0,92.0,85.0,90.0,86.0,74.0,81.0,88.0,0.0,0.0,0.0,0.0,0.0,0.0,0.0
0,0.0,0.0,60.0,0.0,0.0,91.0,80.0,82.0,79.0,76.0,89.0,92.0,0.0,0.0,0.0,0.0,0.0,0.0,0.0
0,0.0,0.0,40.0,0.0,1.0,91.0,81.0,91.0,82.0,80.0,84.0,90.0,0.0,0.0,0.0,0.0,0.0,0.0,0.0
0,0.0,0.0,85.0,2.0,3.0,91.0,77.0,87.0,75.0,77.0,89.0,90.0,0.0,0.0,0.0,0.0,0.0,0.0,0.0
0,0.0,0.0,7.0,2.0,3.0,91.0,77.0,87.0,75.0,77.0,89.0,90.0,0.0,0.0,0.0,0.0,0.0,0.0,0.0
0,0.0,0.0,83.0,0.0,1.0,91.0,85.0,86.0,87.0,69.0,94.0,88.0,0.0,0.0,0.0,0.0,0.0,0.0,0.0
0,0.0,0.0,74.0,1.0,1.0,90.0,84.0,85.0,83.0,75.0,78.0,87.0,0.0,0.0,0.0,0.0,0.0,0.0,0.0
0,0.0,0.0,0.0,0.0,0.0,90.0,82.0,85.0,80.0,81.0,83.0,87.0,0.0,0.0,0.0,0.0,0.0,0.0,0.0
0,0.0,0.0,0.0,0.0,0.0,90.0,72.0,82.0,72.0,77.0,89.0,93.0,0.0,0.0,0.0,0.0,0.0,0.0,0.0
0,0.0,0.0,56.0,0.0,0.0,89.0,75.0,81.0,77.0,81.0,83.0,93.0,0.0,0.0,0.0,0.0,0.0,0.0,0.0
0,0.0,0.0,0.0,0.0,0.0,89.0,80.0,84.0,78.0,77.0,85.0,91.0,0.0,0.0,0.0,0.0,0.0,0.0,0.0
0,0.0,0.0,73.0,0.0,0.0,89.0,80.0,84.0,78.0,77.0,85.0,91.0,0.0,0.0,0.0,0.0,0.0,0.0,0.0
0,0.0,0.0,0.0,0.0,0.0,89.0,78.0,84.0,74.0,81.0,82.0,94.0,0.0,0.0,0.0,0.0,0.0,0.0,0.0
0,0.0,0.0,42.0,0.0,0.0,89.0,77.0,79.0,74.0,79.0,85.0,92.0,0.0,0.0,0.0,0.0,0.0,0.0,0.0
0,0.0,0.0,68.0,0.0,0.0,88.0,75.0,81.0,76.0,80.0,88.0,88.0,0.0,0.0,0.0,0.0,0.0,0.0,0.0
0,0.0,0.0,67.0,1.0,5.0,88.0,84.0,84.0,80.0,78.0,82.0,90.0,0.0,0.0,0.0,0.0,0.0,0.0,0.0
0,0.0,0.0,71.0,1.0,4.0,87.0,75.0,84.0,75.0,78.0,85.0,90.0,0.0,0.0,0.0,0.0,0.0,0.0,0.0
0,0.0,0.0,81.0,1.0,5.0,87.0,74.0,74.0,69.0,76.0,91.0,90.0,0.0,0.0,0.0,0.0,0.0,0.0,0.0
0,0.0,0.0,50.0,0.0,0.0,87.0,77.0,84.0,75.0,75.0,82.0,88.0,0.0,0.0,0.0,0.0,0.0,0.0,0.0
0,0.0,0.0,40.0,0.0,0.0,87.0,82.0,75.0,73.0,73.0,84.0,87.0,0.0,0.0,0.0,0.0,0.0,0.0,0.0
0,0.0,0.0,70.0,0.0,1.0,86.0,77.0,79.0,77.0,79.0,85.0,87.0,0.0,0.0,0.0,0.0,0.0,0.0,0.0
0,0.0,0.0,52.0,0.0,0.0,86.0,68.0,75.0,72.0,76.0,89.0,89.0,0.0,0.0,0.0,0.0,0.0,0.0,0.0
0,0.0,0.0,53.0,0.0,0.0,86.0,68.0,75.0,72.0,76.0,89.0,89.0,0.0,0.0,0.0,0.0,0.0,0.0,0.0
0,0.0,0.0,65.0,0.0,3.0,86.0,81.0,82.0,77.0,74.0,84.0,83.0,0.0,0.0,0.0,0.0,0.0,0.0,0.0
0,0.0,0.0,0.0,0.0,1.0,86.0,78.0,84.0,78.0,77.0,81.0,91.0,0.0,0.0,0.0,0.0,0.0,0.0,0.0
0,0.0,0.0,52.0,1.0,0.0,86.0,82.0,80.0,80.0,72.0,83.0,84.0,0.0,0.0,0.0,0.0,0.0,0.0,0.0
0,0.0,0.0,36.0,0.0,0.0,86.0,79.0,77.0,77.0,78.0,81.0,87.0,0.0,0.0,0.0,0.0,0.0,0.0,0.0
0,0.0,0.0,34.0,0.0,0.0,85.0,79.0,75.0,80.0,74.0,78.0,87.0,0.0,0.0,0.0,0.0,0.0,0.0,0.0
0,0.0,0.0,83.0,0.0,2.0,85.0,74.0,74.0,71.0,79.0,92.0,85.0,0.0,0.0,0.0,0.0,0.0,0.0,0.0
0,0.0,0.0,53.0,0.0,2.0,85.0,83.0,83.0,75.0,71.0,82.0,84.0,0.0,0.0,0.0,0.0,0.0,0.0,0.0
0,0.0,0.0,1.0,0.0,0.0,85.0,80.0,89.0,82.0,76.0,78.0,88.0,0.0,0.0,0.0,0.0,0.0,0.0,0.0
0,0.0,0.0,30.0,0.0,1.0,85.0,80.0,89.0,82.0,76.0,78.0,88.0,0.0,0.0,0.0,0.0,0.0,0.0,0.0
0,0.0,0.0,33.0,0.0,0.0,85.0,78.0,83.0,77.0,76.0,79.0,85.0,0.0,0.0,0.0,0.0,0.0,0.0,0.0
0,0.0,0.0,24.0,0.0,0.0,85.0,76.0,78.0,74.0,82.0,79.0,90.0,0.0,0.0,0.0,0.0,0.0,0.0,0.0
0,0.0,0.0,37.0,0.0,0.0,85.0,77.0,78.0,74.0,73.0,83.0,87.0,0.0,0.0,0.0,0.0,0.0,0.0,0.0
0,0.0,0.0,39.0,0.0,1.0,85.0,84.0,82.0,79.0,74.0,74.0,85.0,0.0,0.0,0.0,0.0,0.0,0.0,0.0
0,0.0,0.0,44.0,0.0,1.0,84.0,72.0,80.0,74.0,76.0,85.0,88.0,0.0,0.0,0.0,0.0,0.0,0.0,0.0
0,0.0,0.0,90.0,1.0,3.0,84.0,71.0,72.0,74.0,72.0,90.0,87.0,0.0,0.0,0.0,0.0,0.0,0.0,0.0
0,0.0,0.0,54.0,0.0,0.0,84.0,79.0,79.0,76.0,75.0,81.0,84.0,0.0,0.0,0.0,0.0,0.0,0.0,0.0
0,0.0,0.0,33.0,0.0,0.0,83.0,81.0,88.0,81.0,76.0,74.0,89.0,0.0,0.0,0.0,0.0,0.0,0.0,0.0
0,0.0,0.0,64.0,0.0,0.0,83.0,74.0,71.0,75.0,76.0,82.0,88.0,0.0,0.0,0.0,0.0,0.0,0.0,0.0
0,0.0,0.0,45.0,0.0,0.0,83.0,69.0,72.0,69.0,77.0,87.0,87.0,0.0,0.0,0.0,0.0,0.0,0.0,0.0
0,0.0,0.0,59.0,0.0,0.0,83.0,70.0,73.0,71.0,79.0,82.0,90.0,0.0,0.0,0.0,0.0,0.0,0.0,0.0
0,0.0,0.0,0.0,0.0,0.0,83.0,70.0,73.0,71.0,79.0,82.0,90.0,0.0,0.0,0.0,0.0,0.0,0.0,0.0
0,0.0,0.0,57.0,0.0,0.0,82.0,69.0,69.0,70.0,75.0,85.0,90.0,0.0,0.0,0.0,0.0,0.0,0.0,0.0
0,0.0,0.0,30.0,0.0,0.0,82.0,81.0,87.0,81.0,69.0,73.0,84.0,0.0,0.0,0.0,0.0,0.0,0.0,0.0
0,0.0,0.0,55.0,0.0,0.0,82.0,80.0,80.0,75.0,73.0,74.0,85.0,0.0,0.0,0.0,0.0,0.0,0.0,0.0
0,0.0,0.0,0.0,0.0,0.0,81.0,75.0,80.0,74.0,78.0,80.0,84.0,0.0,0.0,0.0,0.0,0.0,0.0,0.0
0,0.0,0.0,16.0,0.0,0.0,81.0,73.0,76.0,71.0,79.0,79.0,88.0,0.0,0.0,0.0,0.0,0.0,0.0,0.0
0,0.0,0.0,0.0,0.0,0.0,81.0,75.0,78.0,78.0,80.0,75.0,88.0,0.0,0.0,0.0,0.0,0.0,0.0,0.0
0,0.0,0.0,37.0,0.0,0.0,81.0,74.0,78.0,75.0,74.0,80.0,88.0,0.0,0.0,0.0,0.0,0.0,0.0,0.0
0,0.0,0.0,59.0,0.0,0.0,81.0,75.0,77.0,70.0,75.0,78.0,87.0,0.0,0.0,0.0,0.0,0.0,0.0,0.0
0,0.0,0.0,30.0,0.0,0.0,81.0,75.0,77.0,70.0,75.0,78.0,87.0,0.0,0.0,0.0,0.0,0.0,0.0,0.0
0,0.0,0.0,55.0,0.0,0.0,80.0,74.0,76.0,72.0,69.0,84.0,86.0,0.0,0.0,0.0,0.0,0.0,0.0,0.0
0,0.0,0.0,66.0,1.0,1.0,80.0,72.0,72.0,71.0,75.0,80.0,86.0,0.0,0.0,0.0,0.0,0.0,0.0,0.0
0,0.0,0.0,31.0,0.0,0.0,80.0,75.0,75.0,72.0,71.0,79.0,86.0,0.0,0.0,0.0,0.0,0.0,0.0,0.0
0,0.0,0.0,28.0,0.0,0.0,80.0,75.0,80.0,74.0,69.0,80.0,84.0,0.0,0.0,0.0,0.0,0.0,0.0,0.0
0,0.0,0.0,0.0,0.0,0.0,80.0,74.0,72.0,72.0,76.0,78.0,90.0,0.0,0.0,0.0,0.0,0.0,0.0,0.0
0,0.0,0.0,8.0,0.0,0.0,80.0,74.0,75.0,69.0,74.0,84.0,84.0,0.0,0.0,0.0,0.0,0.0,0.0,0.0
0,0.0,0.0,62.0,1.0,1.0,80.0,74.0,75.0,69.0,74.0,84.0,84.0,0.0,0.0,0.0,0.0,0.0,0.0,0.0
0,0.0,0.0,25.0,0.0,0.0,79.0,74.0,77.0,72.0,74.0,75.0,84.0,0.0,0.0,0.0,0.0,0.0,0.0,0.0
0,0.0,0.0,0.0,0.0,0.0,79.0,74.0,73.0,76.0,77.0,77.0,86.0,0.0,0.0,0.0,0.0,0.0,0.0,0.0
0,0.0,0.0,0.0,0.0,0.0,79.0,76.0,73.0,76.0,71.0,75.0,86.0,0.0,0.0,0.0,0.0,0.0,0.0,0.0
0,0.0,0.0,80.0,1.0,2.0,78.0,58.0,62.0,58.0,82.0,85.0,85.0,0.0,0.0,0.0,0.0,0.0,0.0,0.0
0,0.0,0.0,28.0,0.0,0.0,78.0,70.0,75.0,74.0,73.0,77.0,88.0,0.0,0.0,0.0,0.0,0.0,0.0,0.0
0,0.0,0.0,95.0,1.0,2.0,78.0,75.0,76.0,77.0,77.0,75.0,84.0,0.0,0.0,0.0,0.0,0.0,0.0,0.0
0,0.0,0.0,43.0,0.0,0.0,78.0,77.0,75.0,74.0,70.0,76.0,80.0,0.0,0.0,0.0,0.0,0.0,0.0,0.0
0,0.0,0.0,26.0,0.0,0.0,78.0,75.0,66.0,69.0,81.0,69.0,94.0,0.0,0.0,0.0,0.0,0.0,0.0,0.0
0,0.0,0.0,26.0,0.0,0.0,78.0,73.0,77.0,73.0,76.0,77.0,83.0,0.0,0.0,0.0,0.0,0.0,0.0,0.0
0,0.0,0.0,0.0,0.0,0.0,78.0,79.0,77.0,74.0,72.0,70.0,83.0,0.0,0.0,0.0,0.0,0.0,0.0,0.0
0,0.0,0.0,53.0,0.0,1.0,78.0,79.0,77.0,74.0,72.0,70.0,83.0,0.0,0.0,0.0,0.0,0.0,0.0,0.0
0,0.0,0.0,110.0,1.0,7.0,77.0,82.0,85.0,73.0,75.0,66.0,81.0,0.0,0.0,0.0,0.0,0.0,0.0,0.0
0,0.0,0.0,54.0,0.0,0.0,77.0,76.0,78.0,74.0,73.0,68.0,84.0,0.0,0.0,0.0,0.0,0.0,0.0,0.0
0,0.0,0.0,30.0,0.0,0.0,77.0,77.0,78.0,74.0,71.0,72.0,82.0,0.0,0.0,0.0,0.0,0.0,0.0,0.0
0,0.0,0.0,66.0,0.0,0.0,77.0,72.0,73.0,70.0,76.0,82.0,80.0,0.0,0.0,0.0,0.0,0.0,0.0,0.0
0,0.0,0.0,18.0,0.0,0.0,77.0,74.0,75.0,72.0,73.0,79.0,84.0,0.0,0.0,0.0,0.0,0.0,0.0,0.0
0,0.0,0.0,0.0,0.0,0.0,77.0,75.0,75.0,77.0,70.0,72.0,83.0,0.0,0.0,0.0,0.0,0.0,0.0,0.0
0,0.0,0.0,0.0,0.0,0.0,76.0,68.0,72.0,67.0,78.0,76.0,84.0,0.0,0.0,0.0,0.0,0.0,0.0,0.0
0,0.0,0.0,59.0,0.0,0.0,76.0,81.0,81.0,77.0,70.0,65.0,79.0,0.0,0.0,0.0,0.0,0.0,0.0,0.0
0,0.0,0.0,38.0,0.0,0.0,76.0,76.0,78.0,75.0,72.0,75.0,84.0,0.0,0.0,0.0,0.0,0.0,0.0,0.0
0,0.0,0.0,0.0,0.0,0.0,75.0,71.0,75.0,71.0,72.0,74.0,85.0,0.0,0.0,0.0,0.0,0.0,0.0,0.0
0,0.0,0.0,17.0,0.0,0.0,75.0,81.0,88.0,75.0,66.0,68.0,78.0,0.0,0.0,0.0,0.0,0.0,0.0,0.0
0,0.0,0.0,60.0,0.0,0.0,75.0,80.0,84.0,81.0,73.0,66.0,85.0,0.0,0.0,0.0,0.0,0.0,0.0,0.0
0,0.0,0.0,46.0,0.0,0.0,75.0,75.0,74.0,72.0,73.0,73.0,81.0,0.0,0.0,0.0,0.0,0.0,0.0,0.0
0,0.0,0.0,19.0,0.0,0.0,75.0,77.0,70.0,73.0,69.0,72.0,83.0,0.0,0.0,0.0,0.0,0.0,0.0,0.0
0,0.0,0.0,37.0,0.0,0.0,74.0,71.0,58.0,70.0,75.0,72.0,86.0,0.0,0.0,0.0,0.0,0.0,0.0,0.0
0,0.0,0.0,22.0,0.0,0.0,74.0,85.0,85.0,80.0,64.0,62.0,72.0,0.0,0.0,0.0,0.0,0.0,0.0,0.0
0,0.0,0.0,32.0,0.0,0.0,74.0,77.0,82.0,72.0,72.0,66.0,79.0,0.0,0.0,0.0,0.0,0.0,0.0,0.0
0,0.0,0.0,18.0,0.0,0.0,74.0,77.0,75.0,70.0,66.0,67.0,84.0,0.0,0.0,0.0,0.0,0.0,0.0,0.0
0,0.0,0.0,44.0,0.0,0.0,74.0,70.0,74.0,69.0,70.0,75.0,83.0,0.0,0.0,0.0,0.0,0.0,0.0,0.0
0,0.0,0.0,0.0,0.0,0.0,74.0,70.0,74.0,69.0,70.0,75.0,83.0,0.0,0.0,0.0,0.0,0.0,0.0,0.0
0,0.0,0.0,46.0,0.0,0.0,73.0,76.0,80.0,74.0,72.0,68.0,77.0,0.0,0.0,0.0,0.0,0.0,0.0,0.0
0,0.0,0.0,29.0,0.0,0.0,73.0,76.0,72.0,70.0,75.0,74.0,81.0,0.0,0.0,0.0,0.0,0.0,0.0,0.0
0,0.0,0.0,48.0,0.0,0.0,73.0,78.0,79.0,74.0,73.0,67.0,75.0,0.0,0.0,0.0,0.0,0.0,0.0,0.0
0,0.0,0.0,6.0,0.0,0.0,73.0,81.0,86.0,78.0,67.0,63.0,77.0,0.0,0.0,0.0,0.0,0.0,0.0,0.0
0,0.0,0.0,31.0,0.0,0.0,73.0,74.0,70.0,73.0,75.0,68.0,78.0,0.0,0.0,0.0,0.0,0.0,0.0,0.0
0,0.0,0.0,0.0,0.0,0.0,72.0,76.0,82.0,75.0,70.0,70.0,80.0,0.0,0.0,0.0,0.0,0.0,0.0,0.0
0,0.0,0.0,21.0,0.0,0.0,72.0,76.0,82.0,75.0,70.0,70.0,80.0,0.0,0.0,0.0,0.0,0.0,0.0,0.0
0,0.0,0.0,20.0,0.0,0.0,72.0,78.0,78.0,71.0,66.0,67.0,80.0,0.0,0.0,0.0,0.0,0.0,0.0,0.0
0,0.0,0.0,39.0,0.0,0.0,72.0,74.0,72.0,73.0,70.0,67.0,80.0,0.0,0.0,0.0,0.0,0.0,0.0,0.0
0,0.0,0.0,29.0,0.0,0.0,72.0,76.0,70.0,68.0,72.0,72.0,83.0,0.0,0.0,0.0,0.0,0.0,0.0,0.0
0,0.0,0.0,39.0,0.0,0.0,72.0,82.0,80.0,74.0,68.0,67.0,74.0,0.0,0.0,0.0,0.0,0.0,0.0,0.0
0,0.0,0.0,28.0,0.0,0.0,71.0,70.0,72.0,72.0,67.0,70.0,81.0,0.0,0.0,0.0,0.0,0.0,0.0,0.0
0,0.0,0.0,18.0,0.0,0.0,71.0,64.0,66.0,67.0,70.0,75.0,83.0,0.0,0.0,0.0,0.0,0.0,0.0,0.0
0,0.0,0.0,26.0,0.0,0.0,71.0,70.0,72.0,72.0,76.0,60.0,84.0,0.0,0.0,0.0,0.0,0.0,0.0,0.0
0,0.0,0.0,17.0,0.0,0.0,71.0,74.0,71.0,69.0,76.0,66.0,85.0,0.0,0.0,0.0,0.0,0.0,0.0,0.0
0,0.0,0.0,13.0,0.0,0.0,70.0,75.0,76.0,71.0,68.0,70.0,82.0,0.0,0.0,0.0,0.0,0.0,0.0,0.0
0,0.0,0.0,23.0,0.0,0.0,70.0,76.0,76.0,73.0,69.0,65.0,76.0,0.0,0.0,0.0,0.0,0.0,0.0,0.0
0,0.0,0.0,10.0,0.0,0.0,70.0,73.0,74.0,70.0,66.0,67.0,79.0,0.0,0.0,0.0,0.0,0.0,0.0,0.0
0,0.0,0.0,4.0,0.0,0.0,70.0,75.0,77.0,74.0,70.0,64.0,77.0,0.0,0.0,0.0,0.0,0.0,0.0,0.0
0,0.0,0.0,0.0,0.0,0.0,69.0,74.0,72.0,71.0,68.0,68.0,76.0,0.0,0.0,0.0,0.0,0.0,0.0,0.0
0,0.0,0.0,5.0,0.0,0.0,69.0,79.0,84.0,76.0,63.0,55.0,79.0,0.0,0.0,0.0,0.0,0.0,0.0,0.0
0,0.0,0.0,1.0,0.0,0.0,69.0,72.0,77.0,71.0,68.0,66.0,78.0,0.0,0.0,0.0,0.0,0.0,0.0,0.0
0,0.0,0.0,2.0,0.0,0.0,68.0,75.0,78.0,75.0,70.0,60.0,75.0,0.0,0.0,0.0,0.0,0.0,0.0,0.0
0,0.0,0.0,0.0,0.0,0.0,68.0,74.0,74.0,65.0,66.0,66.0,78.0,0.0,0.0,0.0,0.0,0.0,0.0,0.0
0,0.0,0.0,3.0,0.0,0.0,68.0,74.0,74.0,65.0,66.0,66.0,78.0,0.0,0.0,0.0,0.0,0.0,0.0,0.0
0,0.0,0.0,0.0,0.0,0.0,68.0,74.0,74.0,65.0,66.0,66.0,78.0,0.0,0.0,0.0,0.0,0.0,0.0,0.0
0,0.0,0.0,29.0,0.0,0.0,68.0,72.0,70.0,75.0,72.0,67.0,80.0,0.0,0.0,0.0,0.0,0.0,0.0,0.0
0,0.0,0.0,19.0,0.0,0.0,68.0,77.0,74.0,74.0,75.0,63.0,80.0,0.0,0.0,0.0,0.0,0.0,0.0,0.0
0,0.0,0.0,23.0,0.0,0.0,68.0,74.0,75.0,70.0,68.0,64.0,77.0,0.0,0.0,0.0,0.0,0.0,0.0,0.0
0,0.0,0.0,17.0,0.0,0.0,67.0,71.0,70.0,70.0,69.0,66.0,76.0,0.0,0.0,0.0,0.0,0.0,0.0,0.0
0,0.0,0.0,15.0,0.0,1.0,67.0,71.0,70.0,70.0,68.0,63.0,79.0,0.0,0.0,0.0,0.0,0.0,0.0,0.0
0,0.0,0.0,8.0,0.0,0.0,67.0,78.0,75.0,77.0,66.0,52.0,81.0,0.0,0.0,0.0,0.0,0.0,0.0,0.0
0,0.0,0.0,0.0,0.0,0.0,67.0,72.0,68.0,69.0,69.0,68.0,75.0,0.0,0.0,0.0,0.0,0.0,0.0,0.0
0,0.0,0.0,37.0,0.0,0.0,67.0,75.0,79.0,72.0,71.0,61.0,82.0,0.0,0.0,0.0,0.0,0.0,0.0,0.0
0,0.0,0.0,17.0,0.0,0.0,67.0,80.0,81.0,72.0,68.0,54.0,75.0,0.0,0.0,0.0,0.0,0.0,0.0,0.0
0,0.0,0.0,1.0,0.0,0.0,67.0,68.0,71.0,72.0,73.0,63.0,83.0,0.0,0.0,0.0,0.0,0.0,0.0,0.0
0,0.0,0.0,0.0,0.0,0.0,67.0,73.0,75.0,78.0,71.0,64.0,79.0,0.0,0.0,0.0,0.0,0.0,0.0,0.0
0,0.0,0.0,6.0,0.0,0.0,66.0,83.0,84.0,76.0,64.0,56.0,69.0,0.0,0.0,0.0,0.0,0.0,0.0,0.0
0,0.0,0.0,7.0,0.0,0.0,66.0,76.0,74.0,72.0,72.0,54.0,76.0,0.0,0.0,0.0,0.0,0.0,0.0,0.0
0,0.0,0.0,14.0,0.0,0.0,66.0,76.0,74.0,72.0,72.0,54.0,76.0,0.0,0.0,0.0,0.0,0.0,0.0,0.0
0,0.0,0.0,45.0,0.0,0.0,66.0,73.0,78.0,76.0,60.0,55.0,79.0,0.0,0.0,0.0,0.0,0.0,0.0,0.0
0,0.0,0.0,0.0,0.0,0.0,66.0,73.0,78.0,76.0,60.0,55.0,79.0,0.0,0.0,0.0,0.0,0.0,0.0,0.0
0,0.0,0.0,29.0,0.0,0.0,66.0,70.0,70.0,67.0,70.0,69.0,73.0,0.0,0.0,0.0,0.0,0.0,0.0,0.0
0,0.0,0.0,0.0,0.0,0.0,66.0,67.0,68.0,66.0,65.0,70.0,77.0,0.0,0.0,0.0,0.0,0.0,0.0,0.0
0,0.0,0.0,46.0,0.0,0.0,66.0,82.0,80.0,72.0,71.0,58.0,67.0,0.0,0.0,0.0,0.0,0.0,0.0,0.0
0,0.0,0.0,0.0,0.0,0.0,66.0,74.0,71.0,71.0,67.0,71.0,69.0,0.0,0.0,0.0,0.0,0.0,0.0,0.0
0,0.0,0.0,44.0,0.0,0.0,66.0,76.0,80.0,70.0,71.0,63.0,78.0,0.0,0.0,0.0,0.0,0.0,0.0,0.0
0,0.0,0.0,62.0,0.0,0.0,65.0,75.0,74.0,74.0,71.0,62.0,78.0,0.0,0.0,0.0,0.0,0.0,0.0,0.0
0,0.0,0.0,0.0,0.0,0.0,65.0,69.0,62.0,68.0,69.0,76.0,73.0,0.0,0.0,0.0,0.0,0.0,0.0,0.0
0,0.0,0.0,7.0,0.0,0.0,65.0,70.0,72.0,71.0,69.0,66.0,78.0,0.0,0.0,0.0,0.0,0.0,0.0,0.0
0,0.0,0.0,0.0,0.0,0.0,65.0,74.0,70.0,70.0,65.0,65.0,72.0,0.0,0.0,0.0,0.0,0.0,0.0,0.0
0,0.0,0.0,5.0,0.0,0.0,65.0,71.0,67.0,68.0,68.0,62.0,76.0,0.0,0.0,0.0,0.0,0.0,0.0,0.0
0,0.0,0.0,53.0,0.0,0.0,65.0,73.0,74.0,71.0,75.0,61.0,78.0,0.0,0.0,0.0,0.0,0.0,0.0,0.0
0,0.0,0.0,18.0,0.0,0.0,65.0,68.0,64.0,70.0,71.0,67.0,78.0,0.0,0.0,0.0,0.0,0.0,0.0,0.0
0,0.0,0.0,14.0,0.0,0.0,65.0,70.0,71.0,67.0,68.0,65.0,74.0,0.0,0.0,0.0,0.0,0.0,0.0,0.0
0,0.0,0.0,2.0,0.0,0.0,65.0,80.0,77.0,63.0,70.0,60.0,70.0,0.0,0.0,0.0,0.0,0.0,0.0,0.0
0,0.0,0.0,8.0,0.0,0.0,64.0,76.0,75.0,67.0,69.0,55.0,75.0,0.0,0.0,0.0,0.0,0.0,0.0,0.0
0,0.0,0.0,0.0,0.0,0.0,64.0,76.0,75.0,67.0,69.0,55.0,75.0,0.0,0.0,0.0,0.0,0.0,0.0,0.0
0,0.0,0.0,1.0,0.0,0.0,64.0,76.0,75.0,67.0,69.0,55.0,75.0,0.0,0.0,0.0,0.0,0.0,0.0,0.0
0,0.0,0.0,16.0,0.0,0.0,64.0,76.0,75.0,67.0,69.0,55.0,75.0,0.0,0.0,0.0,0.0,0.0,0.0,0.0
0,0.0,0.0,42.0,0.0,0.0,64.0,72.0,70.0,69.0,65.0,60.0,75.0,0.0,0.0,0.0,0.0,0.0,0.0,0.0
0,0.0,0.0,22.0,0.0,0.0,63.0,70.0,70.0,68.0,73.0,58.0,80.0,0.0,0.0,0.0,0.0,0.0,0.0,0.0
0,0.0,0.0,2.0,0.0,0.0,63.0,80.0,83.0,74.0,63.0,51.0,73.0,0.0,0.0,0.0,0.0,0.0,0.0,0.0
0,0.0,0.0,21.0,0.0,0.0,63.0,69.0,72.0,69.0,73.0,60.0,78.0,0.0,0.0,0.0,0.0,0.0,0.0,0.0
0,0.0,0.0,7.0,0.0,0.0,63.0,71.0,76.0,68.0,70.0,60.0,78.0,0.0,0.0,0.0,0.0,0.0,0.0,0.0
0,0.0,0.0,0.0,0.0,0.0,63.0,76.0,80.0,76.0,66.0,53.0,69.0,0.0,0.0,0.0,0.0,0.0,0.0,0.0
0,0.0,0.0,2.0,0.0,0.0,63.0,70.0,69.0,68.0,70.0,58.0,76.0,0.0,0.0,0.0,0.0,0.0,0.0,0.0
0,0.0,0.0,18.0,0.0,0.0,63.0,69.0,77.0,74.0,70.0,52.0,76.0,0.0,0.0,0.0,0.0,0.0,0.0,0.0
0,0.0,0.0,8.0,0.0,0.0,62.0,72.0,77.0,70.0,68.0,59.0,71.0,0.0,0.0,0.0,0.0,0.0,0.0,0.0
0,0.0,0.0,9.0,0.0,0.0,62.0,80.0,80.0,74.0,65.0,50.0,68.0,0.0,0.0,0.0,0.0,0.0,0.0,0.0
0,0.0,0.0,18.0,0.0,0.0,62.0,66.0,68.0,66.0,76.0,60.0,76.0,0.0,0.0,0.0,0.0,0.0,0.0,0.0
0,0.0,0.0,6.0,0.0,0.0,62.0,76.0,77.0,78.0,60.0,54.0,69.0,0.0,0.0,0.0,0.0,0.0,0.0,0.0
0,0.0,0.0,18.0,0.0,0.0,62.0,73.0,72.0,67.0,72.0,55.0,73.0,0.0,0.0,0.0,0.0,0.0,0.0,0.0
0,0.0,0.0,5.0,0.0,0.0,61.0,64.0,60.0,62.0,78.0,60.0,77.0,0.0,0.0,0.0,0.0,0.0,0.0,0.0
0,0.0,0.0,7.0,0.0,0.0,61.0,67.0,64.0,66.0,79.0,53.0,75.0,0.0,0.0,0.0,0.0,0.0,0.0,0.0
0,0.0,0.0,6.0,0.0,0.0,61.0,75.0,72.0,70.0,68.0,54.0,71.0,0.0,0.0,0.0,0.0,0.0,0.0,0.0
0,0.0,0.0,0.0,0.0,0.0,61.0,68.0,64.0,65.0,68.0,60.0,75.0,0.0,0.0,0.0,0.0,0.0,0.0,0.0
0,0.0,0.0,19.0,0.0,0.0,61.0,70.0,72.0,69.0,67.0,52.0,75.0,0.0,0.0,0.0,0.0,0.0,0.0,0.0
0,0.0,0.0,3.0,0.0,0.0,61.0,70.0,72.0,69.0,67.0,52.0,75.0,0.0,0.0,0.0,0.0,0.0,0.0,0.0
0,0.0,0.0,3.0,0.0,0.0,61.0,76.0,82.0,71.0,66.0,50.0,71.0,0.0,0.0,0.0,0.0,0.0,0.0,0.0
0,0.0,0.0,6.0,0.0,0.0,61.0,63.0,56.0,65.0,77.0,61.0,78.0,0.0,0.0,0.0,0.0,0.0,0.0,0.0
0,0.0,0.0,0.0,0.0,0.0,61.0,65.0,62.0,62.0,72.0,60.0,80.0,0.0,0.0,0.0,0.0,0.0,0.0,0.0
0,0.0,0.0,0.0,0.0,0.0,61.0,65.0,62.0,62.0,72.0,60.0,80.0,0.0,0.0,0.0,0.0,0.0,0.0,0.0
0,0.0,0.0,13.0,0.0,0.0,61.0,64.0,63.0,64.0,70.0,67.0,74.0,0.0,0.0,0.0,0.0,0.0,0.0,0.0
0,0.0,0.0,5.0,0.0,0.0,61.0,71.0,70.0,68.0,70.0,57.0,79.0,0.0,0.0,0.0,0.0,0.0,0.0,0.0
0,0.0,0.0,4.0,0.0,0.0,60.0,72.0,60.0,65.0,65.0,66.0,73.0,0.0,0.0,0.0,0.0,0.0,0.0,0.0
0,0.0,0.0,1.0,0.0,0.0,60.0,81.0,87.0,79.0,60.0,40.0,66.0,0.0,0.0,0.0,0.0,0.0,0.0,0.0
0,0.0,0.0,0.0,0.0,0.0,60.0,69.0,72.0,70.0,70.0,57.0,69.0,0.0,0.0,0.0,0.0,0.0,0.0,0.0
0,0.0,0.0,6.0,0.0,0.0,60.0,73.0,66.0,69.0,69.0,54.0,74.0,0.0,0.0,0.0,0.0,0.0,0.0,0.0
0,0.0,0.0,10.0,0.0,0.0,59.0,65.0,62.0,65.0,74.0,60.0,75.0,0.0,0.0,0.0,0.0,0.0,0.0,0.0
0,0.0,0.0,0.0,0.0,0.0,58.0,63.0,68.0,66.0,69.0,59.0,76.0,0.0,0.0,0.0,0.0,0.0,0.0,0.0
0,0.0,0.0,6.0,0.0,0.0,58.0,64.0,66.0,63.0,75.0,49.0,82.0,0.0,0.0,0.0,0.0,0.0,0.0,0.0
0,0.0,0.0,14.0,0.0,0.0,57.0,71.0,69.0,68.0,65.0,53.0,69.0,0.0,0.0,0.0,0.0,0.0,0.0,0.0
0,0.0,0.0,0.0,0.0,0.0,57.0,67.0,49.0,66.0,68.0,55.0,80.0,0.0,0.0,0.0,0.0,0.0,0.0,0.0
0,0.0,0.0,0.0,0.0,0.0,57.0,67.0,49.0,66.0,68.0,55.0,80.0,0.0,0.0,0.0,0.0,0.0,0.0,0.0
0,0.0,0.0,27.0,0.0,0.0,57.0,67.0,49.0,66.0,68.0,55.0,80.0,0.0,0.0,0.0,0.0,0.0,0.0,0.0
0,0.0,0.0,32.0,0.0,0.0,57.0,67.0,49.0,66.0,68.0,55.0,80.0,0.0,0.0,0.0,0.0,0.0,0.0,0.0
0,0.0,0.0,34.0,0.0,0.0,57.0,67.0,49.0,66.0,68.0,55.0,80.0,0.0,0.0,0.0,0.0,0.0,0.0,0.0
0,0.0,0.0,0.0,0.0,0.0,57.0,70.0,63.0,61.0,70.0,55.0,79.0,0.0,0.0,0.0,0.0,0.0,0.0,0.0
0,0.0,0.0,0.0,0.0,0.0,56.0,79.0,72.0,64.0,64.0,44.0,68.0,0.0,0.0,0.0,0.0,0.0,0.0,0.0
0,0.0,0.0,0.0,0.0,0.0,55.0,77.0,79.0,73.0,69.0,50.0,70.0,0.0,0.0,0.0,0.0,0.0,0.0,0.0
0,0.0,0.0,0.0,0.0,0.0,55.0,69.0,70.0,64.0,63.0,60.0,65.0,0.0,0.0,0.0,0.0,0.0,0.0,0.0
0,0.0,0.0,0.0,0.0,0.0,55.0,72.0,72.0,69.0,64.0,54.0,64.0,0.0,0.0,0.0,0.0,0.0,0.0,0.0
0,0.0,0.0,0.0,0.0,0.0,55.0,70.0,69.0,70.0,67.0,50.0,68.0,0.0,0.0,0.0,0.0,0.0,0.0,0.0
0,0.0,0.0,0.0,0.0,0.0,54.0,68.0,71.0,72.0,64.0,55.0,71.0,0.0,0.0,0.0,0.0,0.0,0.0,0.0
0,0.0,0.0,6.0,0.0,0.0,54.0,63.0,59.0,60.0,76.0,51.0,73.0,0.0,0.0,0.0,0.0,0.0,0.0,0.0
0,0.0,0.0,4.0,0.0,0.0,54.0,66.0,68.0,62.0,65.0,56.0,73.0,0.0,0.0,0.0,0.0,0.0,0.0,0.0
0,0.0,0.0,11.0,0.0,0.0,54.0,66.0,49.0,62.0,69.0,52.0,75.0,0.0,0.0,0.0,0.0,0.0,0.0,0.0
0,0.0,0.0,0.0,0.0,0.0,54.0,74.0,65.0,65.0,68.0,40.0,73.0,0.0,0.0,0.0,0.0,0.0,0.0,0.0
0,0.0,0.0,0.0,0.0,0.0,54.0,74.0,65.0,65.0,68.0,40.0,73.0,0.0,0.0,0.0,0.0,0.0,0.0,0.0
0,0.0,0.0,13.0,0.0,0.0,54.0,64.0,66.0,62.0,72.0,50.0,76.0,0.0,0.0,0.0,0.0,0.0,0.0,0.0
0,0.0,0.0,10.0,0.0,0.0,54.0,64.0,71.0,75.0,59.0,43.0,76.0,0.0,0.0,0.0,0.0,0.0,0.0,0.0
0,0.0,0.0,0.0,0.0,0.0,53.0,76.0,79.0,68.0,60.0,52.0,72.0,0.0,0.0,0.0,0.0,0.0,0.0,0.0
0,0.0,0.0,0.0,0.0,0.0,53.0,76.0,79.0,68.0,60.0,52.0,72.0,0.0,0.0,0.0,0.0,0.0,0.0,0.0
0,0.0,0.0,14.0,0.0,0.0,53.0,72.0,69.0,63.0,56.0,46.0,73.0,0.0,0.0,0.0,0.0,0.0,0.0,0.0
0,0.0,0.0,0.0,0.0,0.0,53.0,70.0,65.0,64.0,66.0,55.0,64.0,0.0,0.0,0.0,0.0,0.0,0.0,0.0
0,0.0,0.0,0.0,0.0,0.0,52.0,64.0,58.0,63.0,70.0,53.0,67.0,0.0,0.0,0.0,0.0,0.0,0.0,0.0
0,0.0,0.0,0.0,0.0,0.0,52.0,68.0,55.0,67.0,68.0,45.0,70.0,0.0,0.0,0.0,0.0,0.0,0.0,0.0
0,0.0,0.0,0.0,0.0,0.0,52.0,67.0,55.0,64.0,60.0,56.0,70.0,0.0,0.0,0.0,0.0,0.0,0.0,0.0
0,0.0,0.0,0.0,0.0,0.0,52.0,65.0,64.0,63.0,69.0,46.0,70.0,0.0,0.0,0.0,0.0,0.0,0.0,0.0
0,0.0,0.0,0.0,0.0,0.0,51.0,62.0,61.0,64.0,71.0,55.0,68.0,0.0,0.0,0.0,0.0,0.0,0.0,0.0
0,0.0,0.0,0.0,0.0,0.0,50.0,62.0,62.0,63.0,71.0,50.0,71.0,0.0,0.0,0.0,0.0,0.0,0.0,0.0
0,0.0,0.0,6.0,0.0,0.0,50.0,63.0,62.0,61.0,68.0,54.0,69.0,0.0,0.0,0.0,0.0,0.0,0.0,0.0
0,0.0,0.0,2.0,0.0,0.0,48.0,67.0,58.0,63.0,67.0,43.0,65.0,0.0,0.0,0.0,0.0,0.0,0.0,0.0
0,0.0,0.0,0.0,0.0,0.0,48.0,66.0,64.0,62.0,60.0,45.0,66.0,0.0,0.0,0.0,0.0,0.0,0.0,0.0
0,0.0,0.0,0.0,0.0,0.0,45.0,66.0,53.0,59.0,66.0,42.0,69.0,0.0,0.0,0.0,0.0,0.0,0.0,0.0
0,0.0,0.0,0.0,0.0,0.0,44.0,63.0,62.0,68.0,65.0,42.0,69.0,0.0,0.0,0.0,0.0,0.0,0.0,0.0
0,0.0,0.0,0.0,0.0,0.0,43.0,60.0,79.0,45.0,64.0,50.0,60.0,0.0,0.0,0.0,0.0,0.0,0.0,0.0
0,0.0,0.0,0.0,0.0,0.0,89.0,76.0,79.0,74.0,76.0,88.0,94.0,0.0,0.0,0.0,0.0,0.0,0.0,0.0
0,0.0,0.0,19.0,0.0,0.0,85.0,77.0,77.0,82.0,71.0,80.0,88.0,0.0,0.0,0.0,0.0,0.0,0.0,0.0
0,0.0,0.0,6.0,0.0,0.0,79.0,81.0,86.0,78.0,67.0,72.0,82.0,0.0,0.0,0.0,0.0,0.0,0.0,0.0
0,0.0,0.0,81.0,0.0,0.0,76.0,84.0,88.0,84.0,67.0,52.0,82.0,0.0,0.0,0.0,0.0,0.0,0.0,0.0
0,0.0,0.0,29.0,0.0,0.0,72.0,75.0,77.0,70.0,72.0,72.0,81.0,0.0,0.0,0.0,0.0,0.0,0.0,0.0
0,0.0,0.0,27.0,0.0,0.0,72.0,74.0,70.0,68.0,75.0,69.0,80.0,0.0,0.0,0.0,0.0,0.0,0.0,0.0
0,0.0,0.0,2.0,0.0,0.0,66.0,80.0,77.0,70.0,64.0,63.0,70.0,0.0,0.0,0.0,0.0,0.0,0.0,0.0
0,0.0,0.0,0.0,0.0,0.0,64.0,70.0,70.0,68.0,70.0,65.0,75.0,0.0,0.0,0.0,0.0,0.0,0.0,0.0
0,0.0,0.0,81.0,0.0,5.0,94.0,80.0,87.0,79.0,79.0,89.0,92.0,0.0,0.0,0.0,0.0,0.0,0.0,0.0
0,0.0,0.0,38.0,0.0,0.0,82.0,78.0,82.0,82.0,75.0,80.0,84.0,0.0,0.0,0.0,0.0,0.0,0.0,0.0
0,0.0,0.0,29.0,0.0,0.0,79.0,75.0,72.0,70.0,77.0,79.0,85.0,0.0,0.0,0.0,0.0,0.0,0.0,0.0
0,0.0,0.0,26.0,0.0,0.0,78.0,73.0,77.0,73.0,76.0,77.0,83.0,0.0,0.0,0.0,0.0,0.0,0.0,0.0
0,0.0,0.0,6.0,0.0,0.0,72.0,66.0,70.0,66.0,79.0,73.0,83.0,0.0,0.0,0.0,0.0,0.0,0.0,0.0
0,0.0,0.0,33.0,0.0,0.0,69.0,84.0,86.0,82.0,60.0,57.0,72.0,0.0,0.0,0.0,0.0,0.0,0.0,0.0
0,0.0,0.0,19.0,0.0,0.0,61.0,70.0,72.0,69.0,67.0,52.0,75.0,0.0,0.0,0.0,0.0,0.0,0.0,0.0
0,0.0,0.0,3.0,0.0,0.0,61.0,70.0,72.0,69.0,67.0,52.0,75.0,0.0,0.0,0.0,0.0,0.0,0.0,0.0
0,0.0,0.0,0.0,0.0,0.0,99.0,85.0,92.0,87.0,82.0,99.0,99.0,0.0,0.0,0.0,0.0,0.0,0.0,0.0
0,0.0,0.0,160.0,7.0,12.0,99.0,85.0,92.0,87.0,82.0,99.0,99.0,0.0,0.0,0.0,0.0,0.0,0.0,0.0
0,0.0,0.0,59.0,0.0,4.0,94.0,84.0,90.0,82.0,76.0,88.0,88.0,0.0,0.0,0.0,0.0,0.0,0.0,0.0
0,0.0,0.0,110.0,1.0,7.0,87.0,85.0,90.0,80.0,76.0,78.0,84.0,0.0,0.0,0.0,0.0,0.0,0.0,0.0
0,0.0,0.0,28.0,0.0,0.0,87.0,78.0,82.0,72.0,83.0,80.0,92.0,0.0,0.0,0.0,0.0,0.0,0.0,0.0
0,0.0,0.0,65.0,1.0,2.0,83.0,80.0,86.0,75.0,76.0,79.0,82.0,0.0,0.0,0.0,0.0,0.0,0.0,0.0
0,0.0,0.0,17.0,0.0,0.0,75.0,72.0,75.0,70.0,76.0,70.0,85.0,0.0,0.0,0.0,0.0,0.0,0.0,0.0
0,0.0,0.0,0.0,0.0,0.0,67.0,73.0,75.0,72.0,70.0,66.0,78.0,0.0,0.0,0.0,0.0,0.0,0.0,0.0
0,0.0,0.0,83.0,1.0,2.0,96.0,82.0,85.0,82.0,81.0,91.0,93.0,0.0,0.0,0.0,0.0,0.0,0.0,0.0
0,0.0,0.0,0.0,0.0,0.0,93.0,78.0,85.0,84.0,74.0,90.0,94.0,0.0,0.0,0.0,0.0,0.0,0.0,0.0
0,0.0,0.0,0.0,0.0,0.0,87.0,78.0,82.0,80.0,76.0,82.0,88.0,0.0,0.0,0.0,0.0,0.0,0.0,0.0
0,0.0,0.0,0.0,0.0,0.0,69.0,70.0,72.0,70.0,72.0,67.0,75.0,0.0,0.0,0.0,0.0,0.0,0.0,0.0
0,0.0,0.0,2.0,0.0,0.0,66.0,78.0,80.0,70.0,71.0,55.0,73.0,0.0,0.0,0.0,0.0,0.0,0.0,0.0
0,0.0,0.0,18.0,0.0,0.0,65.0,70.0,77.0,74.0,72.0,59.0,80.0,0.0,0.0,0.0,0.0,0.0,0.0,0.0
0,0.0,0.0,21.0,0.0,0.0,61.0,72.0,77.0,71.0,64.0,50.0,73.0,0.0,0.0,0.0,0.0,0.0,0.0,0.0
0,0.0,0.0,1.0,0.0,0.0,91.0,85.0,91.0,85.0,78.0,84.0,90.0,0.0,0.0,0.0,0.0,0.0,0.0,0.0
0,0.0,0.0,30.0,0.0,1.0,91.0,85.0,91.0,85.0,78.0,84.0,90.0,0.0,0.0,0.0,0.0,0.0,0.0,0.0
0,0.0,0.0,53.0,0.0,2.0,87.0,87.0,90.0,85.0,70.0,82.0,81.0,0.0,0.0,0.0,0.0,0.0,0.0,0.0
0,0.0,0.0,59.0,0.0,0.0,87.0,84.0,89.0,85.0,71.0,77.0,84.0,0.0,0.0,0.0,0.0,0.0,0.0,0.0
0,0.0,0.0,81.0,1.0,5.0,85.0,72.0,74.0,69.0,76.0,91.0,88.0,0.0,0.0,0.0,0.0,0.0,0.0,0.0
0,0.0,0.0,32.0,0.0,0.0,80.0,77.0,83.0,74.0,76.0,72.0,84.0,0.0,0.0,0.0,0.0,0.0,0.0,0.0
0,0.0,0.0,8.0,0.0,0.0,71.0,76.0,77.0,74.0,67.0,65.0,79.0,0.0,0.0,0.0,0.0,0.0,0.0,0.0
0,0.0,0.0,0.0,0.0,0.0,71.0,76.0,77.0,74.0,67.0,65.0,79.0,0.0,0.0,0.0,0.0,0.0,0.0,0.0
0,0.0,0.0,1.0,0.0,0.0,71.0,76.0,77.0,74.0,67.0,65.0,79.0,0.0,0.0,0.0,0.0,0.0,0.0,0.0
0,0.0,0.0,16.0,0.0,0.0,71.0,76.0,77.0,74.0,67.0,65.0,79.0,0.0,0.0,0.0,0.0,0.0,0.0,0.0
0,0.0,0.0,0.0,0.0,0.0,59.0,68.0,72.0,64.0,68.0,58.0,77.0,0.0,0.0,0.0,0.0,0.0,0.0,0.0
0,0.0,0.0,119.0,4.0,8.0,97.0,87.0,90.0,86.0,80.0,89.0,95.0,0.0,0.0,0.0,0.0,0.0,0.0,0.0
0,0.0,0.0,98.0,1.0,7.0,78.0,75.0,77.0,72.0,77.0,69.0,85.0,0.0,0.0,0.0,0.0,0.0,0.0,0.0
0,0.0,0.0,4.0,0.0,0.0,70.0,75.0,77.0,74.0,70.0,64.0,77.0,0.0,0.0,0.0,0.0,0.0,0.0,0.0
0,0.0,0.0,6.0,0.0,0.0,69.0,76.0,77.0,75.0,68.0,66.0,72.0,0.0,0.0,0.0,0.0,0.0,0.0,0.0
0,0.0,0.0,34.0,0.0,0.0,65.0,68.0,74.0,67.0,74.0,64.0,78.0,0.0,0.0,0.0,0.0,0.0,0.0,0.0
0,0.0,0.0,0.0,0.0,0.0,61.0,83.0,87.0,80.0,61.0,42.0,68.0,0.0,0.0,0.0,0.0,0.0,0.0,0.0
0,0.0,0.0,42.0,0.0,0.0,92.0,83.0,85.0,86.0,72.0,86.0,89.0,0.0,0.0,0.0,0.0,0.0,0.0,0.0
0,0.0,0.0,8.0,0.0,0.0,87.0,74.0,76.0,69.0,80.0,89.0,90.0,0.0,0.0,0.0,0.0,0.0,0.0,0.0
0,0.0,0.0,62.0,1.0,1.0,87.0,74.0,76.0,69.0,80.0,89.0,90.0,0.0,0.0,0.0,0.0,0.0,0.0,0.0
0,0.0,0.0,19.0,0.0,0.0,84.0,79.0,84.0,81.0,74.0,80.0,88.0,0.0,0.0,0.0,0.0,0.0,0.0,0.0
0,0.0,0.0,0.0,0.0,0.0,82.0,77.0,79.0,77.0,74.0,75.0,86.0,0.0,0.0,0.0,0.0,0.0,0.0,0.0
0,0.0,0.0,8.0,0.0,0.0,68.0,75.0,77.0,68.0,74.0,60.0,84.0,0.0,0.0,0.0,0.0,0.0,0.0,0.0
0,0.0,0.0,1.0,0.0,0.0,66.0,77.0,80.0,74.0,69.0,56.0,71.0,0.0,0.0,0.0,0.0,0.0,0.0,0.0
0,0.0,0.0,5.0,0.0,0.0,63.0,64.0,60.0,62.0,78.0,62.0,80.0,0.0,0.0,0.0,0.0,0.0,0.0,0.0
0,0.0,0.0,28.0,0.0,0.0,61.0,81.0,86.0,79.0,56.0,48.0,68.0,0.0,0.0,0.0,0.0,0.0,0.0,0.0
0,0.0,0.0,44.0,0.0,0.0,86.0,77.0,84.0,76.0,77.0,82.0,91.0,0.0,0.0,0.0,0.0,0.0,0.0,0.0
0,0.0,0.0,36.0,0.0,0.0,86.0,79.0,77.0,77.0,78.0,81.0,87.0,0.0,0.0,0.0,0.0,0.0,0.0,0.0
0,0.0,0.0,14.0,0.0,0.0,81.0,78.0,79.0,76.0,74.0,77.0,82.0,0.0,0.0,0.0,0.0,0.0,0.0,0.0
0,0.0,0.0,17.0,0.0,0.0,79.0,82.0,84.0,78.0,72.0,67.0,82.0,0.0,0.0,0.0,0.0,0.0,0.0,0.0
0,0.0,0.0,23.0,0.0,0.0,78.0,78.0,82.0,80.0,73.0,70.0,80.0,0.0,0.0,0.0,0.0,0.0,0.0,0.0
0,0.0,0.0,18.0,0.0,0.0,78.0,76.0,79.0,76.0,70.0,75.0,82.0,0.0,0.0,0.0,0.0,0.0,0.0,0.0
0,0.0,0.0,18.0,0.0,0.0,73.0,71.0,72.0,70.0,70.0,79.0,80.0,0.0,0.0,0.0,0.0,0.0,0.0,0.0
0,0.0,0.0,65.0,0.0,3.0,91.0,85.0,90.0,82.0,73.0,88.0,84.0,0.0,0.0,0.0,0.0,0.0,0.0,0.0
0,0.0,0.0,37.0,0.0,0.0,90.0,81.0,85.0,79.0,75.0,90.0,90.0,0.0,0.0,0.0,0.0,0.0,0.0,0.0
0,0.0,0.0,0.0,0.0,0.0,85.0,76.0,78.0,76.0,78.0,82.0,87.0,0.0,0.0,0.0,0.0,0.0,0.0,0.0
0,0.0,0.0,53.0,0.0,0.0,78.0,75.0,82.0,74.0,76.0,70.0,82.0,0.0,0.0,0.0,0.0,0.0,0.0,0.0
0,0.0,0.0,8.0,0.0,0.0,67.0,78.0,75.0,77.0,66.0,52.0,81.0,0.0,0.0,0.0,0.0,0.0,0.0,0.0
0,0.0,0.0,0.0,0.0,0.0,65.0,68.0,67.0,74.0,73.0,64.0,77.0,0.0,0.0,0.0,0.0,0.0,0.0,0.0
0,0.0,0.0,67.0,1.0,5.0,95.0,87.0,89.0,83.0,79.0,88.0,94.0,0.0,0.0,0.0,0.0,0.0,0.0,0.0
0,0.0,0.0,52.0,1.0,0.0,86.0,82.0,80.0,80.0,72.0,83.0,84.0,0.0,0.0,0.0,0.0,0.0,0.0,0.0
0,0.0,0.0,48.0,0.0,0.0,81.0,86.0,93.0,86.0,69.0,58.0,82.0,0.0,0.0,0.0,0.0,0.0,0.0,0.0
0,0.0,0.0,4.0,0.0,0.0,81.0,86.0,93.0,86.0,69.0,58.0,82.0,0.0,0.0,0.0,0.0,0.0,0.0,0.0
0,0.0,0.0,0.0,0.0,0.0,78.0,76.0,80.0,77.0,69.0,74.0,83.0,0.0,0.0,0.0,0.0,0.0,0.0,0.0
0,0.0,0.0,0.0,0.0,0.0,72.0,73.0,70.0,74.0,67.0,75.0,78.0,0.0,0.0,0.0,0.0,0.0,0.0,0.0
0,0.0,0.0,1.0,0.0,0.0,70.0,68.0,71.0,72.0,73.0,67.0,83.0,0.0,0.0,0.0,0.0,0.0,0.0,0.0
0,0.0,0.0,56.0,0.0,0.0,86.0,74.0,78.0,74.0,79.0,87.0,88.0,0.0,0.0,0.0,0.0,0.0,0.0,0.0
0,0.0,0.0,22.0,0.0,0.0,83.0,88.0,90.0,85.0,67.0,72.0,76.0,0.0,0.0,0.0,0.0,0.0,0.0,0.0
0,0.0,0.0,26.0,0.0,0.0,78.0,75.0,66.0,69.0,81.0,69.0,94.0,0.0,0.0,0.0,0.0,0.0,0.0,0.0
0,0.0,0.0,9.0,0.0,0.0,75.0,84.0,85.0,77.0,67.0,65.0,78.0,0.0,0.0,0.0,0.0,0.0,0.0,0.0
0,0.0,0.0,0.0,0.0,0.0,71.0,78.0,80.0,73.0,65.0,68.0,76.0,0.0,0.0,0.0,0.0,0.0,0.0,0.0
0,0.0,0.0,0.0,0.0,0.0,71.0,76.0,80.0,76.0,66.0,68.0,74.0,0.0,0.0,0.0,0.0,0.0,0.0,0.0
0,0.0,0.0,8.0,0.0,0.0,71.0,76.0,80.0,76.0,66.0,68.0,74.0,0.0,0.0,0.0,0.0,0.0,0.0,0.0
0,0.0,0.0,13.0,0.0,0.0,71.0,76.0,80.0,76.0,66.0,68.0,74.0,0.0,0.0,0.0,0.0,0.0,0.0,0.0
0,0.0,0.0,1.0,0.0,0.0,71.0,76.0,80.0,76.0,66.0,68.0,74.0,0.0,0.0,0.0,0.0,0.0,0.0,0.0
0,0.0,0.0,75.0,1.0,3.0,89.0,78.0,82.0,75.0,78.0,90.0,87.0,0.0,0.0,0.0,0.0,0.0,0.0,0.0
0,0.0,0.0,71.0,1.0,4.0,87.0,77.0,85.0,74.0,77.0,85.0,89.0,0.0,0.0,0.0,0.0,0.0,0.0,0.0
0,0.0,0.0,0.0,0.0,0.0,84.0,76.0,84.0,75.0,78.0,82.0,84.0,0.0,0.0,0.0,0.0,0.0,0.0,0.0
0,0.0,0.0,52.0,0.0,0.0,83.0,65.0,72.0,70.0,73.0,89.0,88.0,0.0,0.0,0.0,0.0,0.0,0.0,0.0
0,0.0,0.0,53.0,0.0,0.0,83.0,65.0,72.0,70.0,73.0,89.0,88.0,0.0,0.0,0.0,0.0,0.0,0.0,0.0
0,0.0,0.0,28.0,0.0,0.0,80.0,75.0,80.0,74.0,69.0,80.0,84.0,0.0,0.0,0.0,0.0,0.0,0.0,0.0
0,0.0,0.0,90.0,1.0,3.0,79.0,69.0,72.0,69.0,72.0,90.0,81.0,0.0,0.0,0.0,0.0,0.0,0.0,0.0
0,0.0,0.0,28.0,0.0,0.0,78.0,72.0,76.0,75.0,70.0,76.0,83.0,0.0,0.0,0.0,0.0,0.0,0.0,0.0
0,0.0,0.0,0.0,0.0,0.0,76.0,68.0,72.0,67.0,78.0,76.0,84.0,0.0,0.0,0.0,0.0,0.0,0.0,0.0
0,0.0,0.0,31.0,0.0,0.0,75.0,74.0,70.0,73.0,75.0,72.0,80.0,0.0,0.0,0.0,0.0,0.0,0.0,0.0
0,0.0,0.0,0.0,0.0,0.0,74.0,73.0,76.0,78.0,74.0,72.0,82.0,0.0,0.0,0.0,0.0,0.0,0.0,0.0
0,0.0,0.0,44.0,0.0,0.0,74.0,70.0,74.0,69.0,70.0,75.0,83.0,0.0,0.0,0.0,0.0,0.0,0.0,0.0
0,0.0,0.0,0.0,0.0,0.0,74.0,70.0,74.0,69.0,70.0,75.0,83.0,0.0,0.0,0.0,0.0,0.0,0.0,0.0
0,0.0,0.0,33.0,0.0,0.0,72.0,67.0,71.0,69.0,78.0,75.0,82.0,0.0,0.0,0.0,0.0,0.0,0.0,0.0
0,0.0,0.0,17.0,0.0,0.0,71.0,74.0,71.0,69.0,76.0,66.0,85.0,0.0,0.0,0.0,0.0,0.0,0.0,0.0
0,0.0,0.0,5.0,0.0,0.0,70.0,72.0,79.0,72.0,73.0,63.0,79.0,0.0,0.0,0.0,0.0,0.0,0.0,0.0
0,0.0,0.0,9.0,0.0,0.0,70.0,74.0,75.0,70.0,73.0,66.0,78.0,0.0,0.0,0.0,0.0,0.0,0.0,0.0
0,0.0,0.0,0.0,0.0,0.0,67.0,72.0,68.0,69.0,69.0,68.0,75.0,0.0,0.0,0.0,0.0,0.0,0.0,0.0
0,0.0,0.0,18.0,0.0,0.0,67.0,70.0,74.0,66.0,76.0,68.0,76.0,0.0,0.0,0.0,0.0,0.0,0.0,0.0
0,0.0,0.0,7.0,0.0,0.0,66.0,76.0,74.0,72.0,72.0,54.0,76.0,0.0,0.0,0.0,0.0,0.0,0.0,0.0
0,0.0,0.0,14.0,0.0,0.0,66.0,76.0,74.0,72.0,72.0,54.0,76.0,0.0,0.0,0.0,0.0,0.0,0.0,0.0
0,0.0,0.0,0.0,0.0,0.0,66.0,67.0,68.0,66.0,65.0,70.0,77.0,0.0,0.0,0.0,0.0,0.0,0.0,0.0
0,0.0,0.0,0.0,0.0,0.0,65.0,75.0,79.0,72.0,73.0,52.0,73.0,0.0,0.0,0.0,0.0,0.0,0.0,0.0
0,0.0,0.0,2.0,0.0,0.0,63.0,80.0,83.0,74.0,63.0,51.0,73.0,0.0,0.0,0.0,0.0,0.0,0.0,0.0
0,0.0,0.0,0.0,0.0,0.0,60.0,72.0,74.0,70.0,69.0,65.0,69.0,0.0,0.0,0.0,0.0,0.0,0.0,0.0
0,0.0,0.0,45.0,0.0,0.0,59.0,73.0,78.0,76.0,60.0,55.0,79.0,0.0,0.0,0.0,0.0,0.0,0.0,0.0
0,0.0,0.0,0.0,0.0,0.0,59.0,73.0,78.0,76.0,60.0,55.0,79.0,0.0,0.0,0.0,0.0,0.0,0.0,0.0
0,0.0,0.0,0.0,0.0,0.0,54.0,70.0,69.0,70.0,67.0,57.0,68.0,0.0,0.0,0.0,0.0,0.0,0.0,0.0
0,0.0,0.0,0.0,0.0,0.0,53.0,69.0,74.0,69.0,69.0,50.0,70.0,0.0,0.0,0.0,0.0,0.0,0.0,0.0
0,0.0,0.0,0.0,0.0,0.0,51.0,63.0,66.0,63.0,70.0,48.0,72.0,0.0,0.0,0.0,0.0,0.0,0.0,0.0
0,0.0,0.0,60.0,0.0,0.0,87.0,81.0,85.0,85.0,77.0,79.0,91.0,0.0,0.0,0.0,0.0,0.0,0.0,0.0
0,0.0,0.0,55.0,0.0,0.0,85.0,80.0,80.0,75.0,73.0,78.0,88.0,0.0,0.0,0.0,0.0,0.0,0.0,0.0
0,0.0,0.0,23.0,0.0,0.0,78.0,76.0,85.0,78.0,70.0,76.0,80.0,0.0,0.0,0.0,0.0,0.0,0.0,0.0
0,0.0,0.0,7.0,0.0,0.0,65.0,70.0,72.0,71.0,69.0,66.0,78.0,0.0,0.0,0.0,0.0,0.0,0.0,0.0
0,0.0,0.0,0.0,0.0,0.0,62.0,69.0,72.0,70.0,70.0,62.0,69.0,0.0,0.0,0.0,0.0,0.0,0.0,0.0
0,0.0,0.0,0.0,0.0,0.0,56.0,65.0,70.0,64.0,66.0,62.0,67.0,0.0,0.0,0.0,0.0,0.0,0.0,0.0
0,0.0,0.0,60.0,0.0,0.0,94.0,80.0,82.0,79.0,78.0,90.0,96.0,0.0,0.0,0.0,0.0,0.0,0.0,0.0
0,0.0,0.0,28.0,0.0,0.0,86.0,74.0,79.0,72.0,80.0,83.0,91.0,0.0,0.0,0.0,0.0,0.0,0.0,0.0
0,0.0,0.0,37.0,0.0,0.0,85.0,75.0,76.0,79.0,75.0,85.0,87.0,0.0,0.0,0.0,0.0,0.0,0.0,0.0
0,0.0,0.0,12.0,0.0,0.0,77.0,80.0,82.0,77.0,74.0,69.0,79.0,0.0,0.0,0.0,0.0,0.0,0.0,0.0
0,0.0,0.0,46.0,0.0,2.0,74.0,76.0,86.0,78.0,73.0,62.0,79.0,0.0,0.0,0.0,0.0,0.0,0.0,0.0
0,0.0,0.0,10.0,0.0,0.0,67.0,72.0,78.0,77.0,64.0,69.0,78.0,0.0,0.0,0.0,0.0,0.0,0.0,0.0
0,0.0,0.0,0.0,0.0,0.0,62.0,75.0,80.0,74.0,65.0,50.0,72.0,0.0,0.0,0.0,0.0,0.0,0.0,0.0
0,0.0,0.0,24.0,0.0,0.0,88.0,76.0,79.0,74.0,80.0,86.0,90.0,0.0,0.0,0.0,0.0,0.0,0.0,0.0
0,0.0,0.0,42.0,0.0,0.0,86.0,79.0,84.0,79.0,72.0,75.0,89.0,0.0,0.0,0.0,0.0,0.0,0.0,0.0
0,0.0,0.0,0.0,0.0,0.0,73.0,73.0,74.0,71.0,74.0,70.0,78.0,0.0,0.0,0.0,0.0,0.0,0.0,0.0
0,0.0,0.0,0.0,0.0,0.0,73.0,73.0,74.0,71.0,74.0,70.0,78.0,0.0,0.0,0.0,0.0,0.0,0.0,0.0
0,0.0,0.0,38.0,0.0,1.0,73.0,82.0,83.0,79.0,63.0,65.0,74.0,0.0,0.0,0.0,0.0,0.0,0.0,0.0
0,0.0,0.0,0.0,0.0,0.0,73.0,68.0,69.0,68.0,72.0,77.0,82.0,0.0,0.0,0.0,0.0,0.0,0.0,0.0
0,0.0,0.0,0.0,0.0,0.0,73.0,68.0,69.0,68.0,72.0,77.0,82.0,0.0,0.0,0.0,0.0,0.0,0.0,0.0
0,0.0,0.0,8.0,0.0,0.0,70.0,77.0,83.0,81.0,65.0,60.0,75.0,0.0,0.0,0.0,0.0,0.0,0.0,0.0
0,0.0,0.0,0.0,0.0,0.0,68.0,81.0,86.0,83.0,62.0,50.0,75.0,0.0,0.0,0.0,0.0,0.0,0.0,0.0
0,0.0,0.0,0.0,0.0,0.0,67.0,70.0,75.0,72.0,71.0,56.0,81.0,0.0,0.0,0.0,0.0,0.0,0.0,0.0
0,0.0,0.0,0.0,0.0,0.0,56.0,70.0,74.0,69.0,68.0,50.0,76.0,0.0,0.0,0.0,0.0,0.0,0.0,0.0
0,0.0,0.0,0.0,0.0,0.0,91.0,82.0,87.0,85.0,74.0,88.0,91.0,0.0,0.0,0.0,0.0,0.0,0.0,0.0
0,0.0,0.0,73.0,0.0,0.0,91.0,82.0,87.0,85.0,74.0,88.0,91.0,0.0,0.0,0.0,0.0,0.0,0.0,0.0
0,0.0,0.0,48.0,0.0,0.0,87.0,82.0,87.0,81.0,73.0,78.0,87.0,0.0,0.0,0.0,0.0,0.0,0.0,0.0
0,0.0,0.0,29.0,0.0,0.0,81.0,74.0,73.0,73.0,76.0,80.0,85.0,0.0,0.0,0.0,0.0,0.0,0.0,0.0
0,0.0,0.0,2.0,0.0,0.0,76.0,76.0,84.0,83.0,69.0,62.0,84.0,0.0,0.0,0.0,0.0,0.0,0.0,0.0
0,0.0,0.0,72.0,0.0,0.0,76.0,76.0,84.0,83.0,69.0,62.0,84.0,0.0,0.0,0.0,0.0,0.0,0.0,0.0
0,0.0,0.0,0.0,0.0,0.0,68.0,75.0,70.0,75.0,65.0,65.0,76.0,0.0,0.0,0.0,0.0,0.0,0.0,0.0
0,0.0,0.0,1.0,0.0,0.0,66.0,76.0,80.0,75.0,74.0,59.0,79.0,0.0,0.0,0.0,0.0,0.0,0.0,0.0
0,0.0,0.0,0.0,0.0,0.0,52.0,68.0,69.0,59.0,66.0,61.0,64.0,0.0,0.0,0.0,0.0,0.0,0.0,0.0
0,0.0,0.0,37.0,0.0,0.0,93.0,82.0,86.0,81.0,72.0,88.0,90.0,0.0,0.0,0.0,0.0,0.0,0.0,0.0
0,0.0,0.0,0.0,0.0,0.0,85.0,70.0,75.0,70.0,78.0,88.0,88.0,0.0,0.0,0.0,0.0,0.0,0.0,0.0
0,0.0,0.0,46.0,0.0,0.0,82.0,82.0,82.0,79.0,68.0,77.0,80.0,0.0,0.0,0.0,0.0,0.0,0.0,0.0
0,0.0,0.0,37.0,0.0,0.0,74.0,75.0,80.0,77.0,74.0,69.0,83.0,0.0,0.0,0.0,0.0,0.0,0.0,0.0
0,0.0,0.0,13.0,0.0,0.0,69.0,82.0,88.0,84.0,64.0,49.0,75.0,0.0,0.0,0.0,0.0,0.0,0.0,0.0
0,0.0,0.0,13.0,0.0,0.0,68.0,68.0,67.0,68.0,72.0,71.0,78.0,0.0,0.0,0.0,0.0,0.0,0.0,0.0
0,0.0,0.0,0.0,0.0,0.0,65.0,70.0,72.0,72.0,67.0,64.0,76.0,0.0,0.0,0.0,0.0,0.0,0.0,0.0
0,0.0,0.0,5.0,0.0,0.0,65.0,70.0,72.0,72.0,67.0,64.0,76.0,0.0,0.0,0.0,0.0,0.0,0.0,0.0
0,0.0,0.0,0.0,0.0,0.0,65.0,70.0,72.0,72.0,67.0,64.0,76.0,0.0,0.0,0.0,0.0,0.0,0.0,0.0
0,0.0,0.0,115.0,5.0,7.0,94.0,72.0,79.0,72.0,77.0,96.0,95.0,0.0,0.0,0.0,0.0,0.0,0.0,0.0
0,0.0,0.0,133.0,6.0,12.0,89.0,74.0,77.0,73.0,72.0,98.0,90.0,0.0,0.0,0.0,0.0,0.0,0.0,0.0
0,0.0,0.0,39.0,0.0,0.0,77.0,82.0,82.0,79.0,69.0,69.0,78.0,0.0,0.0,0.0,0.0,0.0,0.0,0.0
0,0.0,0.0,3.0,0.0,0.0,72.0,79.0,83.0,74.0,70.0,60.0,76.0,0.0,0.0,0.0,0.0,0.0,0.0,0.0
0,0.0,0.0,0.0,0.0,0.0,67.0,80.0,82.0,80.0,65.0,55.0,70.0,0.0,0.0,0.0,0.0,0.0,0.0,0.0
0,0.0,0.0,1.0,0.0,0.0,62.0,77.0,80.0,70.0,63.0,49.0,73.0,0.0,0.0,0.0,0.0,0.0,0.0,0.0
0,0.0,0.0,0.0,0.0,0.0,60.0,72.0,74.0,70.0,69.0,65.0,69.0,0.0,0.0,0.0,0.0,0.0,0.0,0.0
0,0.0,0.0,0.0,0.0,0.0,58.0,73.0,70.0,62.0,67.0,49.0,74.0,0.0,0.0,0.0,0.0,0.0,0.0,0.0
0,0.0,0.0,34.0,0.0,0.0,88.0,79.0,82.0,78.0,74.0,85.0,89.0,0.0,0.0,0.0,0.0,0.0,0.0,0.0
0,0.0,0.0,47.0,0.0,1.0,81.0,72.0,79.0,76.0,80.0,74.0,89.0,0.0,0.0,0.0,0.0,0.0,0.0,0.0
0,0.0,0.0,8.0,0.0,0.0,76.0,84.0,89.0,73.0,71.0,63.0,78.0,0.0,0.0,0.0,0.0,0.0,0.0,0.0
0,0.0,0.0,3.0,0.0,0.0,74.0,78.0,77.0,76.0,66.0,69.0,78.0,0.0,0.0,0.0,0.0,0.0,0.0,0.0
0,0.0,0.0,6.0,0.0,0.0,72.0,83.0,84.0,76.0,64.0,67.0,72.0,0.0,0.0,0.0,0.0,0.0,0.0,0.0
0,0.0,0.0,3.0,0.0,0.0,64.0,72.0,80.0,72.0,73.0,52.0,84.0,0.0,0.0,0.0,0.0,0.0,0.0,0.0
0,0.0,0.0,0.0,0.0,0.0,54.0,68.0,71.0,72.0,64.0,55.0,71.0,0.0,0.0,0.0,0.0,0.0,0.0,0.0
0,0.0,0.0,76.0,0.0,2.0,90.0,77.0,80.0,78.0,75.0,92.0,90.0,0.0,0.0,0.0,0.0,0.0,0.0,0.0
0,0.0,0.0,70.0,0.0,1.0,89.0,73.0,78.0,73.0,77.0,92.0,90.0,0.0,0.0,0.0,0.0,0.0,0.0,0.0
0,0.0,0.0,38.0,0.0,0.0,87.0,80.0,82.0,77.0,79.0,83.0,86.0,0.0,0.0,0.0,0.0,0.0,0.0,0.0
0,0.0,0.0,64.0,0.0,0.0,87.0,77.0,84.0,80.0,76.0,85.0,88.0,0.0,0.0,0.0,0.0,0.0,0.0,0.0
0,0.0,0.0,66.0,1.0,1.0,87.0,70.0,75.0,70.0,81.0,90.0,88.0,0.0,0.0,0.0,0.0,0.0,0.0,0.0
0,0.0,0.0,45.0,0.0,0.0,86.0,70.0,71.0,68.0,79.0,90.0,90.0,0.0,0.0,0.0,0.0,0.0,0.0,0.0
0,0.0,0.0,0.0,0.0,0.0,69.0,69.0,70.0,69.0,69.0,76.0,76.0,0.0,0.0,0.0,0.0,0.0,0.0,0.0
0,0.0,0.0,0.0,0.0,0.0,69.0,69.0,70.0,67.0,71.0,70.0,81.0,0.0,0.0,0.0,0.0,0.0,0.0,0.0
0,0.0,0.0,8.0,0.0,0.0,68.0,67.0,76.0,64.0,84.0,69.0,77.0,0.0,0.0,0.0,0.0,0.0,0.0,0.0
0,0.0,0.0,22.0,0.0,0.0,65.0,74.0,79.0,70.0,67.0,58.0,73.0,0.0,0.0,0.0,0.0,0.0,0.0,0.0
0,0.0,0.0,55.0,0.0,0.0,80.0,74.0,76.0,72.0,69.0,84.0,86.0,0.0,0.0,0.0,0.0,0.0,0.0,0.0
0,0.0,0.0,0.0,0.0,0.0,79.0,72.0,78.0,72.0,75.0,77.0,87.0,0.0,0.0,0.0,0.0,0.0,0.0,0.0
0,0.0,0.0,43.0,0.0,0.0,78.0,77.0,75.0,74.0,70.0,76.0,80.0,0.0,0.0,0.0,0.0,0.0,0.0,0.0
0,0.0,0.0,17.0,0.0,0.0,76.0,83.0,88.0,75.0,66.0,68.0,78.0,0.0,0.0,0.0,0.0,0.0,0.0,0.0
0,0.0,0.0,9.0,0.0,0.0,74.0,78.0,80.0,74.0,75.0,65.0,78.0,0.0,0.0,0.0,0.0,0.0,0.0,0.0
0,0.0,0.0,7.0,0.0,0.0,71.0,77.0,75.0,71.0,72.0,66.0,85.0,0.0,0.0,0.0,0.0,0.0,0.0,0.0
0,0.0,0.0,1.0,0.0,0.0,69.0,82.0,85.0,82.0,67.0,65.0,77.0,0.0,0.0,0.0,0.0,0.0,0.0,0.0
0,0.0,0.0,4.0,0.0,0.0,60.0,70.0,72.0,67.0,66.0,60.0,75.0,0.0,0.0,0.0,0.0,0.0,0.0,0.0
0,0.0,0.0,54.0,0.0,0.0,88.0,79.0,80.0,80.0,76.0,85.0,86.0,0.0,0.0,0.0,0.0,0.0,0.0,0.0
0,0.0,0.0,20.0,0.0,0.0,84.0,82.0,85.0,80.0,67.0,79.0,84.0,0.0,0.0,0.0,0.0,0.0,0.0,0.0
0,0.0,0.0,21.0,0.0,0.0,77.0,71.0,74.0,70.0,77.0,76.0,85.0,0.0,0.0,0.0,0.0,0.0,0.0,0.0
0,0.0,0.0,3.0,0.0,0.0,68.0,76.0,82.0,71.0,67.0,63.0,74.0,0.0,0.0,0.0,0.0,0.0,0.0,0.0
0,0.0,0.0,1.0,0.0,0.0,66.0,73.0,77.0,70.0,75.0,65.0,74.0,0.0,0.0,0.0,0.0,0.0,0.0,0.0
0,0.0,0.0,0.0,0.0,0.0,63.0,74.0,65.0,65.0,68.0,59.0,75.0,0.0,0.0,0.0,0.0,0.0,0.0,0.0
0,0.0,0.0,0.0,0.0,0.0,63.0,74.0,65.0,65.0,68.0,59.0,75.0,0.0,0.0,0.0,0.0,0.0,0.0,0.0
0,0.0,0.0,44.0,0.0,1.0,88.0,72.0,76.0,76.0,80.0,88.0,90.0,0.0,0.0,0.0,0.0,0.0,0.0,0.0
0,0.0,0.0,50.0,0.0,0.0,87.0,77.0,84.0,75.0,75.0,82.0,88.0,0.0,0.0,0.0,0.0,0.0,0.0,0.0
0,0.0,0.0,56.0,0.0,3.0,81.0,84.0,92.0,87.0,69.0,72.0,88.0,0.0,0.0,0.0,0.0,0.0,0.0,0.0
0,0.0,0.0,26.0,0.0,0.0,77.0,72.0,74.0,72.0,77.0,69.0,86.0,0.0,0.0,0.0,0.0,0.0,0.0,0.0
0,0.0,0.0,6.0,0.0,0.0,68.0,76.0,74.0,78.0,65.0,65.0,75.0,0.0,0.0,0.0,0.0,0.0,0.0,0.0
0,0.0,0.0,0.0,0.0,0.0,60.0,70.0,74.0,67.0,66.0,54.0,73.0,0.0,0.0,0.0,0.0,0.0,0.0,0.0
0,0.0,0.0,0.0,0.0,0.0,53.0,66.0,69.0,62.0,69.0,55.0,70.0,0.0,0.0,0.0,0.0,0.0,0.0,0.0
0,0.0,0.0,33.0,0.0,0.0,87.0,83.0,89.0,86.0,77.0,79.0,89.0,0.0,0.0,0.0,0.0,0.0,0.0,0.0
0,0.0,0.0,39.0,0.0,0.0,79.0,78.0,80.0,76.0,76.0,74.0,86.0,0.0,0.0,0.0,0.0,0.0,0.0,0.0
0,0.0,0.0,13.0,0.0,0.0,78.0,78.0,80.0,72.0,74.0,72.0,82.0,0.0,0.0,0.0,0.0,0.0,0.0,0.0
0,0.0,0.0,40.0,0.0,0.0,75.0,70.0,78.0,69.0,79.0,72.0,84.0,0.0,0.0,0.0,0.0,0.0,0.0,0.0
0,0.0,0.0,40.0,0.0,0.0,75.0,79.0,75.0,73.0,70.0,80.0,79.0,0.0,0.0,0.0,0.0,0.0,0.0,0.0
0,0.0,0.0,42.0,0.0,0.0,71.0,78.0,84.0,74.0,70.0,64.0,75.0,0.0,0.0,0.0,0.0,0.0,0.0,0.0
0,0.0,0.0,9.0,0.0,0.0,71.0,78.0,84.0,74.0,70.0,64.0,75.0,0.0,0.0,0.0,0.0,0.0,0.0,0.0
0,0.0,0.0,13.0,0.0,0.0,71.0,78.0,84.0,74.0,70.0,64.0,75.0,0.0,0.0,0.0,0.0,0.0,0.0,0.0
0,0.0,0.0,4.0,0.0,0.0,71.0,78.0,84.0,74.0,70.0,64.0,75.0,0.0,0.0,0.0,0.0,0.0,0.0,0.0
0,0.0,0.0,0.0,0.0,0.0,68.0,75.0,80.0,72.0,72.0,64.0,72.0,0.0,0.0,0.0,0.0,0.0,0.0,0.0
0,0.0,0.0,54.0,0.0,0.0,86.0,81.0,84.0,79.0,76.0,76.0,87.0,0.0,0.0,0.0,0.0,0.0,0.0,0.0
0,0.0,0.0,33.0,0.0,0.0,84.0,77.0,81.0,76.0,76.0,79.0,84.0,0.0,0.0,0.0,0.0,0.0,0.0,0.0
0,0.0,0.0,29.0,0.0,0.0,82.0,80.0,82.0,79.0,72.0,82.0,85.0,0.0,0.0,0.0,0.0,0.0,0.0,0.0
0,0.0,0.0,15.0,0.0,1.0,71.0,74.0,78.0,75.0,69.0,72.0,79.0,0.0,0.0,0.0,0.0,0.0,0.0,0.0
0,0.0,0.0,0.0,0.0,0.0,63.0,67.0,71.0,65.0,72.0,64.0,74.0,0.0,0.0,0.0,0.0,0.0,0.0,0.0
0,0.0,0.0,14.0,0.0,0.0,62.0,74.0,75.0,75.0,58.0,54.0,73.0,0.0,0.0,0.0,0.0,0.0,0.0,0.0
0,0.0,0.0,90.0,1.0,4.0,95.0,85.0,91.0,82.0,77.0,84.0,91.0,0.0,0.0,0.0,0.0,0.0,0.0,0.0
0,0.0,0.0,40.0,0.0,1.0,92.0,82.0,92.0,80.0,81.0,85.0,91.0,0.0,0.0,0.0,0.0,0.0,0.0,0.0
0,0.0,0.0,95.0,1.0,2.0,86.0,75.0,76.0,79.0,79.0,82.0,90.0,0.0,0.0,0.0,0.0,0.0,0.0,0.0
0,0.0,0.0,46.0,0.0,0.0,82.0,75.0,79.0,74.0,78.0,77.0,87.0,0.0,0.0,0.0,0.0,0.0,0.0,0.0
0,0.0,0.0,2.0,0.0,0.0,74.0,80.0,83.0,76.0,72.0,65.0,78.0,0.0,0.0,0.0,0.0,0.0,0.0,0.0
0,0.0,0.0,10.0,0.0,0.0,73.0,70.0,76.0,66.0,75.0,72.0,84.0,0.0,0.0,0.0,0.0,0.0,0.0,0.0
0,0.0,0.0,62.0,0.0,0.0,67.0,75.0,74.0,74.0,70.0,66.0,78.0,0.0,0.0,0.0,0.0,0.0,0.0,0.0
0,0.0,0.0,0.0,0.0,0.0,62.0,82.0,88.0,78.0,65.0,44.0,69.0,0.0,0.0,0.0,0.0,0.0,0.0,0.0
0,0.0,0.0,83.0,0.0,1.0,92.0,85.0,89.0,88.0,69.0,94.0,88.0,0.0,0.0,0.0,0.0,0.0,0.0,0.0
0,0.0,0.0,68.0,0.0,0.0,87.0,75.0,81.0,77.0,74.0,89.0,88.0,0.0,0.0,0.0,0.0,0.0,0.0,0.0
0,0.0,0.0,59.0,0.0,0.0,77.0,77.0,76.0,70.0,75.0,74.0,82.0,0.0,0.0,0.0,0.0,0.0,0.0,0.0
0,0.0,0.0,30.0,0.0,0.0,77.0,77.0,76.0,70.0,75.0,74.0,82.0,0.0,0.0,0.0,0.0,0.0,0.0,0.0
0,0.0,0.0,46.0,0.0,0.0,75.0,75.0,74.0,72.0,73.0,73.0,81.0,0.0,0.0,0.0,0.0,0.0,0.0,0.0
0,0.0,0.0,10.0,0.0,0.0,75.0,76.0,79.0,73.0,69.0,77.0,82.0,0.0,0.0,0.0,0.0,0.0,0.0,0.0
0,0.0,0.0,54.0,0.0,1.0,65.0,77.0,84.0,75.0,69.0,52.0,72.0,0.0,0.0,0.0,0.0,0.0,0.0,0.0
0,0.0,0.0,0.0,0.0,0.0,64.0,76.0,72.0,70.0,70.0,55.0,73.0,0.0,0.0,0.0,0.0,0.0,0.0,0.0
0,0.0,0.0,7.0,0.0,0.0,63.0,71.0,76.0,68.0,70.0,60.0,78.0,0.0,0.0,0.0,0.0,0.0,0.0,0.0
0,0.0,0.0,18.0,0.0,0.0,62.0,73.0,72.0,66.0,74.0,62.0,74.0,0.0,0.0,0.0,0.0,0.0,0.0,0.0
0,0.0,0.0,69.0,1.0,5.0,97.0,88.0,90.0,88.0,74.0,87.0,90.0,0.0,0.0,0.0,0.0,0.0,0.0,0.0
0,0.0,0.0,59.0,0.0,0.0,88.0,77.0,77.0,73.0,81.0,86.0,91.0,0.0,0.0,0.0,0.0,0.0,0.0,0.0
0,0.0,0.0,0.0,0.0,0.0,88.0,77.0,77.0,73.0,81.0,86.0,91.0,0.0,0.0,0.0,0.0,0.0,0.0,0.0
0,0.0,0.0,31.0,0.0,0.0,84.0,76.0,78.0,74.0,74.0,85.0,88.0,0.0,0.0,0.0,0.0,0.0,0.0,0.0
0,0.0,0.0,18.0,0.0,0.0,83.0,80.0,82.0,76.0,71.0,76.0,86.0,0.0,0.0,0.0,0.0,0.0,0.0,0.0
0,0.0,0.0,5.0,0.0,0.0,76.0,79.0,84.0,76.0,67.0,66.0,82.0,0.0,0.0,0.0,0.0,0.0,0.0,0.0
0,0.0,0.0,0.0,0.0,0.0,72.0,72.0,73.0,72.0,75.0,57.0,85.0,0.0,0.0,0.0,0.0,0.0,0.0,0.0
0,0.0,0.0,0.0,0.0,0.0,66.0,77.0,84.0,77.0,65.0,64.0,77.0,0.0,0.0,0.0,0.0,0.0,0.0,0.0
0,0.0,0.0,0.0,0.0,0.0,66.0,77.0,84.0,77.0,65.0,64.0,77.0,0.0,0.0,0.0,0.0,0.0,0.0,0.0
0,0.0,0.0,34.0,0.0,0.0,92.0,84.0,86.0,79.0,77.0,86.0,90.0,0.0,0.0,0.0,0.0,0.0,0.0,0.0
0,0.0,0.0,85.0,2.0,3.0,90.0,77.0,87.0,75.0,75.0,89.0,89.0,0.0,0.0,0.0,0.0,0.0,0.0,0.0
0,0.0,0.0,7.0,2.0,3.0,90.0,77.0,87.0,75.0,75.0,89.0,89.0,0.0,0.0,0.0,0.0,0.0,0.0,0.0
0,0.0,0.0,16.0,0.0,0.0,80.0,73.0,75.0,70.0,78.0,78.0,87.0,0.0,0.0,0.0,0.0,0.0,0.0,0.0
0,0.0,0.0,22.0,0.0,0.0,75.0,71.0,74.0,67.0,77.0,74.0,85.0,0.0,0.0,0.0,0.0,0.0,0.0,0.0
0,0.0,0.0,2.0,0.0,0.0,71.0,69.0,72.0,68.0,77.0,68.0,84.0,0.0,0.0,0.0,0.0,0.0,0.0,0.0
0,0.0,0.0,61.0,0.0,0.0,70.0,74.0,76.0,74.0,72.0,68.0,75.0,0.0,0.0,0.0,0.0,0.0,0.0,0.0
0,0.0,0.0,0.0,0.0,0.0,70.0,74.0,76.0,74.0,72.0,68.0,75.0,0.0,0.0,0.0,0.0,0.0,0.0,0.0
0,0.0,0.0,8.0,0.0,0.0,65.0,74.0,84.0,73.0,70.0,55.0,83.0,0.0,0.0,0.0,0.0,0.0,0.0,0.0
0,0.0,0.0,30.0,0.0,0.0,87.0,84.0,87.0,86.0,69.0,78.0,84.0,0.0,0.0,0.0,0.0,0.0,0.0,0.0
0,0.0,0.0,0.0,0.0,0.0,80.0,81.0,87.0,82.0,70.0,77.0,84.0,0.0,0.0,0.0,0.0,0.0,0.0,0.0
0,0.0,0.0,21.0,0.0,0.0,80.0,81.0,87.0,82.0,70.0,77.0,84.0,0.0,0.0,0.0,0.0,0.0,0.0,0.0
0,0.0,0.0,35.0,0.0,0.0,78.0,82.0,85.0,84.0,71.0,64.0,77.0,0.0,0.0,0.0,0.0,0.0,0.0,0.0
0,0.0,0.0,22.0,0.0,0.0,66.0,71.0,76.0,71.0,75.0,58.0,82.0,0.0,0.0,0.0,0.0,0.0,0.0,0.0
0,0.0,0.0,5.0,0.0,0.0,61.0,71.0,70.0,68.0,70.0,57.0,79.0,0.0,0.0,0.0,0.0,0.0,0.0,0.0
0,0.0,0.0,0.0,0.0,0.0,58.0,65.0,69.0,64.0,65.0,53.0,77.0,0.0,0.0,0.0,0.0,0.0,0.0,0.0
0,0.0,0.0,0.0,0.0,0.0,57.0,74.0,73.0,70.0,64.0,50.0,70.0,0.0,0.0,0.0,0.0,0.0,0.0,0.0
0,0.0,0.0,142.0,5.0,11.0,98.0,83.0,90.0,81.0,73.0,95.0,92.0,0.0,0.0,0.0,0.0,0.0,0.0,0.0
0,0.0,0.0,39.0,0.0,1.0,87.0,87.0,90.0,80.0,72.0,77.0,84.0,0.0,0.0,0.0,0.0,0.0,0.0,0.0
0,0.0,0.0,0.0,0.0,1.0,87.0,77.0,86.0,79.0,73.0,87.0,88.0,0.0,0.0,0.0,0.0,0.0,0.0,0.0
0,0.0,0.0,0.0,0.0,0.0,78.0,78.0,80.0,77.0,70.0,71.0,80.0,0.0,0.0,0.0,0.0,0.0,0.0,0.0
0,0.0,0.0,0.0,0.0,0.0,72.0,75.0,74.0,72.0,68.0,72.0,76.0,0.0,0.0,0.0,0.0,0.0,0.0,0.0
0,0.0,0.0,2.0,0.0,0.0,69.0,85.0,87.0,84.0,63.0,52.0,70.0,0.0,0.0,0.0,0.0,0.0,0.0,0.0
0,0.0,0.0,13.0,0.0,0.0,64.0,67.0,70.0,67.0,68.0,67.0,77.0,0.0,0.0,0.0,0.0,0.0,0.0,0.0
0,0.0,0.0,74.0,1.0,1.0,96.0,87.0,90.0,87.0,74.0,84.0,90.0,0.0,0.0,0.0,0.0,0.0,0.0,0.0
0,0.0,0.0,25.0,0.0,0.0,88.0,75.0,79.0,80.0,75.0,87.0,88.0,0.0,0.0,0.0,0.0,0.0,0.0,0.0
0,0.0,0.0,8.0,0.0,0.0,84.0,73.0,78.0,72.0,77.0,82.0,90.0,0.0,0.0,0.0,0.0,0.0,0.0,0.0
0,0.0,0.0,14.0,0.0,0.0,80.0,75.0,75.0,73.0,74.0,79.0,85.0,0.0,0.0,0.0,0.0,0.0,0.0,0.0
0,0.0,0.0,0.0,0.0,0.0,78.0,72.0,75.0,70.0,77.0,75.0,88.0,0.0,0.0,0.0,0.0,0.0,0.0,0.0
0,0.0,0.0,0.0,0.0,0.0,61.0,74.0,67.0,68.0,70.0,52.0,71.0,0.0,0.0,0.0,0.0,0.0,0.0,0.0
0,0.0,0.0,46.0,0.0,3.0,98.0,88.0,96.0,87.0,81.0,85.0,90.0,0.0,0.0,0.0,0.0,0.0,0.0,0.0
0,0.0,0.0,60.0,0.0,0.0,90.0,72.0,78.0,73.0,79.0,90.0,93.0,0.0,0.0,0.0,0.0,0.0,0.0,0.0
0,0.0,0.0,0.0,0.0,0.0,88.0,80.0,82.0,78.0,76.0,82.0,88.0,0.0,0.0,0.0,0.0,0.0,0.0,0.0
0,0.0,0.0,53.0,0.0,1.0,88.0,80.0,82.0,78.0,76.0,82.0,88.0,0.0,0.0,0.0,0.0,0.0,0.0,0.0
0,0.0,0.0,18.0,0.0,0.0,81.0,66.0,68.0,67.0,78.0,85.0,87.0,0.0,0.0,0.0,0.0,0.0,0.0,0.0
0,0.0,0.0,0.0,0.0,0.0,68.0,70.0,79.0,72.0,75.0,62.0,77.0,0.0,0.0,0.0,0.0,0.0,0.0,0.0
0,0.0,0.0,0.0,0.0,0.0,65.0,79.0,75.0,74.0,64.0,59.0,70.0,0.0,0.0,0.0,0.0,0.0,0.0,0.0
0,0.0,0.0,81.0,0.0,0.0,85.0,85.0,88.0,85.0,71.0,70.0,85.0,0.0,0.0,0.0,0.0,0.0,0.0,0.0
0,0.0,0.0,29.0,0.0,0.0,81.0,78.0,80.0,76.0,72.0,78.0,81.0,0.0,0.0,0.0,0.0,0.0,0.0,0.0
0,0.0,0.0,22.0,0.0,0.0,75.0,71.0,74.0,67.0,77.0,74.0,85.0,0.0,0.0,0.0,0.0,0.0,0.0,0.0
0,0.0,0.0,27.0,0.0,0.0,73.0,74.0,71.0,68.0,76.0,72.0,84.0,0.0,0.0,0.0,0.0,0.0,0.0,0.0
0,0.0,0.0,6.0,0.0,0.0,72.0,81.0,88.0,73.0,73.0,64.0,75.0,0.0,0.0,0.0,0.0,0.0,0.0,0.0
0,0.0,0.0,1.0,0.0,0.0,68.0,72.0,80.0,74.0,72.0,64.0,80.0,0.0,0.0,0.0,0.0,0.0,0.0,0.0
0,0.0,0.0,0.0,0.0,0.0,64.0,73.0,76.0,72.0,65.0,64.0,70.0,0.0,0.0,0.0,0.0,0.0,0.0,0.0
0,0.0,0.0,81.0,0.0,5.0,94.0,80.0,87.0,79.0,79.0,89.0,92.0,0.0,0.0,0.0,0.0,0.0,0.0,0.0
0,0.0,0.0,28.0,0.0,0.0,89.0,78.0,82.0,74.0,83.0,82.0,93.0,0.0,0.0,0.0,0.0,0.0,0.0,0.0
0,0.0,0.0,33.0,0.0,0.0,79.0,85.0,87.0,84.0,67.0,69.0,78.0,0.0,0.0,0.0,0.0,0.0,0.0,0.0
0,0.0,0.0,15.0,0.0,1.0,77.0,74.0,78.0,75.0,70.0,78.0,79.0,0.0,0.0,0.0,0.0,0.0,0.0,0.0
0,0.0,0.0,2.0,0.0,0.0,71.0,83.0,87.0,86.0,73.0,59.0,82.0,0.0,0.0,0.0,0.0,0.0,0.0,0.0
0,0.0,0.0,41.0,0.0,0.0,70.0,80.0,88.0,82.0,66.0,54.0,76.0,0.0,0.0,0.0,0.0,0.0,0.0,0.0
0,0.0,0.0,0.0,0.0,0.0,99.0,85.0,91.0,86.0,82.0,99.0,99.0,0.0,0.0,0.0,0.0,0.0,0.0,0.0
0,0.0,0.0,160.0,7.0,12.0,99.0,85.0,91.0,86.0,82.0,99.0,99.0,0.0,0.0,0.0,0.0,0.0,0.0,0.0
0,0.0,0.0,65.0,1.0,2.0,86.0,83.0,87.0,80.0,76.0,79.0,85.0,0.0,0.0,0.0,0.0,0.0,0.0,0.0
0,0.0,0.0,30.0,0.0,0.0,84.0,86.0,88.0,86.0,66.0,76.0,79.0,0.0,0.0,0.0,0.0,0.0,0.0,0.0
0,0.0,0.0,0.0,0.0,0.0,77.0,80.0,87.0,79.0,73.0,63.0,82.0,0.0,0.0,0.0,0.0,0.0,0.0,0.0
0,0.0,0.0,0.0,0.0,0.0,73.0,68.0,69.0,68.0,72.0,77.0,82.0,0.0,0.0,0.0,0.0,0.0,0.0,0.0
0,0.0,0.0,0.0,0.0,0.0,73.0,68.0,69.0,68.0,72.0,77.0,82.0,0.0,0.0,0.0,0.0,0.0,0.0,0.0
0,0.0,0.0,0.0,0.0,0.0,67.0,73.0,75.0,72.0,70.0,66.0,78.0,0.0,0.0,0.0,0.0,0.0,0.0,0.0
0,0.0,0.0,83.0,1.0,2.0,97.0,82.0,85.0,83.0,81.0,93.0,93.0,0.0,0.0,0.0,0.0,0.0,0.0,0.0
0,0.0,0.0,0.0,0.0,0.0,93.0,78.0,85.0,84.0,74.0,90.0,94.0,0.0,0.0,0.0,0.0,0.0,0.0,0.0
0,0.0,0.0,0.0,0.0,0.0,88.0,78.0,82.0,80.0,74.0,86.0,87.0,0.0,0.0,0.0,0.0,0.0,0.0,0.0
0,0.0,0.0,18.0,0.0,0.0,72.0,70.0,77.0,74.0,72.0,64.0,84.0,0.0,0.0,0.0,0.0,0.0,0.0,0.0
0,0.0,0.0,0.0,0.0,0.0,70.0,72.0,74.0,70.0,72.0,69.0,77.0,0.0,0.0,0.0,0.0,0.0,0.0,0.0
0,0.0,0.0,21.0,0.0,0.0,65.0,73.0,79.0,71.0,65.0,65.0,79.0,0.0,0.0,0.0,0.0,0.0,0.0,0.0
0,0.0,0.0,1.0,0.0,0.0,92.0,85.0,91.0,85.0,78.0,86.0,91.0,0.0,0.0,0.0,0.0,0.0,0.0,0.0
0,0.0,0.0,30.0,0.0,1.0,92.0,85.0,91.0,85.0,78.0,86.0,91.0,0.0,0.0,0.0,0.0,0.0,0.0,0.0
0,0.0,0.0,59.0,0.0,0.0,87.0,84.0,89.0,85.0,71.0,77.0,84.0,0.0,0.0,0.0,0.0,0.0,0.0,0.0
0,0.0,0.0,38.0,0.0,0.0,84.0,78.0,82.0,82.0,75.0,84.0,84.0,0.0,0.0,0.0,0.0,0.0,0.0,0.0
0,0.0,0.0,32.0,0.0,0.0,80.0,77.0,83.0,74.0,76.0,72.0,84.0,0.0,0.0,0.0,0.0,0.0,0.0,0.0
0,0.0,0.0,4.0,0.0,0.0,70.0,75.0,77.0,74.0,70.0,64.0,77.0,0.0,0.0,0.0,0.0,0.0,0.0,0.0
0,0.0,0.0,1.0,0.0,0.0,68.0,79.0,82.0,77.0,75.0,44.0,83.0,0.0,0.0,0.0,0.0,0.0,0.0,0.0
0,0.0,0.0,119.0,4.0,8.0,95.0,87.0,92.0,88.0,78.0,87.0,93.0,0.0,0.0,0.0,0.0,0.0,0.0,0.0
0,0.0,0.0,98.0,1.0,7.0,86.0,77.0,80.0,78.0,77.0,80.0,89.0,0.0,0.0,0.0,0.0,0.0,0.0,0.0
0,0.0,0.0,34.0,0.0,0.0,71.0,70.0,74.0,72.0,74.0,69.0,81.0,0.0,0.0,0.0,0.0,0.0,0.0,0.0
0,0.0,0.0,0.0,0.0,0.0,70.0,75.0,76.0,74.0,69.0,67.0,79.0,0.0,0.0,0.0,0.0,0.0,0.0,0.0
0,0.0,0.0,6.0,0.0,0.0,69.0,76.0,77.0,75.0,68.0,66.0,72.0,0.0,0.0,0.0,0.0,0.0,0.0,0.0
0,0.0,0.0,0.0,0.0,0.0,64.0,70.0,70.0,68.0,70.0,65.0,75.0,0.0,0.0,0.0,0.0,0.0,0.0,0.0
0,0.0,0.0,42.0,0.0,0.0,91.0,83.0,84.0,86.0,72.0,86.0,88.0,0.0,0.0,0.0,0.0,0.0,0.0,0.0
0,0.0,0.0,19.0,0.0,0.0,83.0,79.0,84.0,81.0,72.0,80.0,87.0,0.0,0.0,0.0,0.0,0.0,0.0,0.0
0,0.0,0.0,3.0,0.0,0.0,80.0,76.0,86.0,80.0,75.0,73.0,82.0,0.0,0.0,0.0,0.0,0.0,0.0,0.0
0,0.0,0.0,28.0,0.0,0.0,77.0,81.0,86.0,81.0,68.0,74.0,84.0,0.0,0.0,0.0,0.0,0.0,0.0,0.0
0,0.0,0.0,7.0,0.0,0.0,75.0,77.0,85.0,74.0,74.0,68.0,85.0,0.0,0.0,0.0,0.0,0.0,0.0,0.0
0,0.0,0.0,8.0,0.0,0.0,73.0,75.0,77.0,72.0,78.0,64.0,86.0,0.0,0.0,0.0,0.0,0.0,0.0,0.0
0,0.0,0.0,1.0,0.0,0.0,66.0,77.0,80.0,74.0,69.0,56.0,71.0,0.0,0.0,0.0,0.0,0.0,0.0,0.0
0,0.0,0.0,0.0,0.0,0.0,62.0,71.0,72.0,70.0,70.0,62.0,69.0,0.0,0.0,0.0,0.0,0.0,0.0,0.0
0,0.0,0.0,44.0,0.0,0.0,90.0,77.0,84.0,76.0,78.0,86.0,93.0,0.0,0.0,0.0,0.0,0.0,0.0,0.0
0,0.0,0.0,17.0,0.0,0.0,79.0,82.0,84.0,78.0,72.0,67.0,82.0,0.0,0.0,0.0,0.0,0.0,0.0,0.0
0,0.0,0.0,26.0,0.0,0.0,78.0,73.0,77.0,73.0,76.0,77.0,83.0,0.0,0.0,0.0,0.0,0.0,0.0,0.0
0,0.0,0.0,51.0,0.0,0.0,77.0,71.0,79.0,68.0,78.0,83.0,82.0,0.0,0.0,0.0,0.0,0.0,0.0,0.0
0,0.0,0.0,14.0,0.0,0.0,77.0,78.0,79.0,76.0,74.0,77.0,82.0,0.0,0.0,0.0,0.0,0.0,0.0,0.0
0,0.0,0.0,18.0,0.0,0.0,75.0,76.0,79.0,76.0,70.0,75.0,82.0,0.0,0.0,0.0,0.0,0.0,0.0,0.0
0,0.0,0.0,2.0,0.0,0.0,69.0,79.0,86.0,78.0,74.0,52.0,77.0,0.0,0.0,0.0,0.0,0.0,0.0,0.0
0,0.0,0.0,1.0,0.0,0.0,68.0,72.0,74.0,70.0,76.0,57.0,80.0,0.0,0.0,0.0,0.0,0.0,0.0,0.0
0,0.0,0.0,37.0,0.0,0.0,91.0,81.0,85.0,79.0,75.0,91.0,90.0,0.0,0.0,0.0,0.0,0.0,0.0,0.0
0,0.0,0.0,0.0,0.0,0.0,84.0,76.0,78.0,76.0,78.0,82.0,87.0,0.0,0.0,0.0,0.0,0.0,0.0,0.0
0,0.0,0.0,100.0,4.0,9.0,81.0,84.0,91.0,84.0,71.0,66.0,81.0,0.0,0.0,0.0,0.0,0.0,0.0,0.0
0,0.0,0.0,53.0,0.0,0.0,79.0,75.0,82.0,74.0,76.0,74.0,82.0,0.0,0.0,0.0,0.0,0.0,0.0,0.0
0,0.0,0.0,40.0,0.0,0.0,76.0,85.0,85.0,87.0,75.0,54.0,79.0,0.0,0.0,0.0,0.0,0.0,0.0,0.0
0,0.0,0.0,11.0,0.0,0.0,67.0,74.0,79.0,70.0,75.0,68.0,70.0,0.0,0.0,0.0,0.0,0.0,0.0,0.0
0,0.0,0.0,0.0,0.0,0.0,62.0,73.0,72.0,74.0,70.0,60.0,76.0,0.0,0.0,0.0,0.0,0.0,0.0,0.0
0,0.0,0.0,41.0,0.0,0.0,53.0,71.0,80.0,74.0,62.0,50.0,72.0,0.0,0.0,0.0,0.0,0.0,0.0,0.0
0,0.0,0.0,67.0,1.0,5.0,96.0,87.0,89.0,83.0,79.0,90.0,94.0,0.0,0.0,0.0,0.0,0.0,0.0,0.0
0,0.0,0.0,48.0,0.0,0.0,90.0,87.0,93.0,87.0,72.0,74.0,87.0,0.0,0.0,0.0,0.0,0.0,0.0,0.0
0,0.0,0.0,4.0,0.0,0.0,90.0,87.0,93.0,87.0,72.0,74.0,87.0,0.0,0.0,0.0,0.0,0.0,0.0,0.0
0,0.0,0.0,39.0,0.0,1.0,87.0,87.0,90.0,80.0,72.0,77.0,84.0,0.0,0.0,0.0,0.0,0.0,0.0,0.0
0,0.0,0.0,0.0,0.0,0.0,79.0,76.0,80.0,74.0,66.0,77.0,85.0,0.0,0.0,0.0,0.0,0.0,0.0,0.0
0,0.0,0.0,1.0,0.0,0.0,76.0,72.0,73.0,72.0,72.0,71.0,88.0,0.0,0.0,0.0,0.0,0.0,0.0,0.0
0,0.0,0.0,13.0,0.0,0.0,67.0,71.0,72.0,70.0,68.0,72.0,77.0,0.0,0.0,0.0,0.0,0.0,0.0,0.0
0,0.0,0.0,56.0,0.0,0.0,88.0,74.0,76.0,75.0,80.0,89.0,89.0,0.0,0.0,0.0,0.0,0.0,0.0,0.0
0,0.0,0.0,22.0,0.0,0.0,83.0,88.0,90.0,85.0,67.0,72.0,76.0,0.0,0.0,0.0,0.0,0.0,0.0,0.0
0,0.0,0.0,9.0,0.0,0.0,83.0,84.0,85.0,79.0,69.0,77.0,80.0,0.0,0.0,0.0,0.0,0.0,0.0,0.0
0,0.0,0.0,0.0,0.0,0.0,79.0,77.0,82.0,82.0,66.0,75.0,80.0,0.0,0.0,0.0,0.0,0.0,0.0,0.0
0,0.0,0.0,8.0,0.0,0.0,79.0,77.0,82.0,82.0,66.0,75.0,80.0,0.0,0.0,0.0,0.0,0.0,0.0,0.0
0,0.0,0.0,13.0,0.0,0.0,79.0,77.0,82.0,82.0,66.0,75.0,80.0,0.0,0.0,0.0,0.0,0.0,0.0,0.0
0,0.0,0.0,1.0,0.0,0.0,79.0,77.0,82.0,82.0,66.0,75.0,80.0,0.0,0.0,0.0,0.0,0.0,0.0,0.0
0,0.0,0.0,26.0,0.0,0.0,78.0,75.0,66.0,69.0,81.0,69.0,94.0,0.0,0.0,0.0,0.0,0.0,0.0,0.0
0,0.0,0.0,0.0,0.0,0.0,71.0,78.0,80.0,73.0,65.0,68.0,76.0,0.0,0.0,0.0,0.0,0.0,0.0,0.0
0,0.0,0.0,7.0,0.0,0.0,71.0,85.0,87.0,78.0,65.0,55.0,77.0,0.0,0.0,0.0,0.0,0.0,0.0,0.0
0,0.0,0.0,14.0,0.0,0.0,71.0,85.0,87.0,78.0,65.0,55.0,77.0,0.0,0.0,0.0,0.0,0.0,0.0,0.0
0,0.0,0.0,59.0,0.0,4.0,92.0,84.0,89.0,80.0,75.0,88.0,87.0,0.0,0.0,0.0,0.0,0.0,0.0,0.0
0,0.0,0.0,53.0,0.0,2.0,90.0,87.0,88.0,85.0,69.0,90.0,82.0,0.0,0.0,0.0,0.0,0.0,0.0,0.0
0,0.0,0.0,34.0,0.0,0.0,89.0,84.0,86.0,79.0,77.0,86.0,90.0,0.0,0.0,0.0,0.0,0.0,0.0,0.0
0,0.0,0.0,70.0,0.0,1.0,89.0,75.0,78.0,73.0,74.0,93.0,90.0,0.0,0.0,0.0,0.0,0.0,0.0,0.0
0,0.0,0.0,0.0,0.0,0.0,88.0,75.0,78.0,74.0,76.0,88.0,92.0,0.0,0.0,0.0,0.0,0.0,0.0,0.0
0,0.0,0.0,8.0,0.0,0.0,87.0,74.0,76.0,69.0,80.0,89.0,90.0,0.0,0.0,0.0,0.0,0.0,0.0,0.0
0,0.0,0.0,62.0,1.0,1.0,87.0,74.0,76.0,69.0,80.0,89.0,90.0,0.0,0.0,0.0,0.0,0.0,0.0,0.0
0,0.0,0.0,64.0,0.0,0.0,87.0,77.0,84.0,80.0,76.0,85.0,88.0,0.0,0.0,0.0,0.0,0.0,0.0,0.0
0,0.0,0.0,52.0,1.0,0.0,86.0,82.0,80.0,80.0,72.0,83.0,84.0,0.0,0.0,0.0,0.0,0.0,0.0,0.0
0,0.0,0.0,28.0,0.0,0.0,86.0,74.0,79.0,72.0,80.0,83.0,91.0,0.0,0.0,0.0,0.0,0.0,0.0,0.0
0,0.0,0.0,0.0,0.0,0.0,79.0,77.0,77.0,74.0,72.0,72.0,86.0,0.0,0.0,0.0,0.0,0.0,0.0,0.0
0,0.0,0.0,0.0,0.0,0.0,79.0,72.0,78.0,72.0,75.0,77.0,87.0,0.0,0.0,0.0,0.0,0.0,0.0,0.0
0,0.0,0.0,29.0,0.0,0.0,79.0,75.0,72.0,70.0,77.0,79.0,85.0,0.0,0.0,0.0,0.0,0.0,0.0,0.0
0,0.0,0.0,17.0,0.0,0.0,75.0,76.0,78.0,72.0,76.0,68.0,87.0,0.0,0.0,0.0,0.0,0.0,0.0,0.0
0,0.0,0.0,17.0,0.0,0.0,75.0,72.0,75.0,70.0,76.0,70.0,85.0,0.0,0.0,0.0,0.0,0.0,0.0,0.0
0,0.0,0.0,0.0,0.0,0.0,74.0,73.0,76.0,78.0,74.0,72.0,82.0,0.0,0.0,0.0,0.0,0.0,0.0,0.0
0,0.0,0.0,3.0,0.0,0.0,74.0,78.0,77.0,76.0,66.0,69.0,78.0,0.0,0.0,0.0,0.0,0.0,0.0,0.0
0,0.0,0.0,6.0,0.0,0.0,72.0,66.0,70.0,66.0,79.0,73.0,83.0,0.0,0.0,0.0,0.0,0.0,0.0,0.0
0,0.0,0.0,40.0,0.0,0.0,72.0,75.0,75.0,70.0,70.0,80.0,75.0,0.0,0.0,0.0,0.0,0.0,0.0,0.0
0,0.0,0.0,0.0,0.0,0.0,68.0,75.0,70.0,75.0,65.0,65.0,76.0,0.0,0.0,0.0,0.0,0.0,0.0,0.0
0,0.0,0.0,8.0,0.0,0.0,67.0,78.0,75.0,77.0,66.0,52.0,81.0,0.0,0.0,0.0,0.0,0.0,0.0,0.0
0,0.0,0.0,18.0,0.0,0.0,67.0,70.0,74.0,66.0,76.0,68.0,76.0,0.0,0.0,0.0,0.0,0.0,0.0,0.0
0,0.0,0.0,19.0,0.0,0.0,67.0,72.0,74.0,72.0,68.0,62.0,76.0,0.0,0.0,0.0,0.0,0.0,0.0,0.0
0,0.0,0.0,3.0,0.0,0.0,67.0,72.0,74.0,72.0,68.0,62.0,76.0,0.0,0.0,0.0,0.0,0.0,0.0,0.0
0,0.0,0.0,2.0,0.0,0.0,66.0,80.0,77.0,70.0,64.0,63.0,70.0,0.0,0.0,0.0,0.0,0.0,0.0,0.0
0,0.0,0.0,0.0,0.0,0.0,66.0,67.0,68.0,66.0,65.0,70.0,77.0,0.0,0.0,0.0,0.0,0.0,0.0,0.0
0,0.0,0.0,2.0,0.0,0.0,66.0,78.0,80.0,70.0,71.0,55.0,73.0,0.0,0.0,0.0,0.0,0.0,0.0,0.0
0,0.0,0.0,1.0,0.0,0.0,66.0,77.0,80.0,74.0,69.0,56.0,71.0,0.0,0.0,0.0,0.0,0.0,0.0,0.0
0,0.0,0.0,0.0,0.0,0.0,65.0,70.0,72.0,72.0,67.0,64.0,76.0,0.0,0.0,0.0,0.0,0.0,0.0,0.0
0,0.0,0.0,5.0,0.0,0.0,65.0,70.0,72.0,72.0,67.0,64.0,76.0,0.0,0.0,0.0,0.0,0.0,0.0,0.0
0,0.0,0.0,0.0,0.0,0.0,65.0,70.0,72.0,72.0,67.0,64.0,76.0,0.0,0.0,0.0,0.0,0.0,0.0,0.0
0,0.0,0.0,5.0,0.0,0.0,65.0,71.0,67.0,68.0,68.0,62.0,76.0,0.0,0.0,0.0,0.0,0.0,0.0,0.0
0,0.0,0.0,7.0,0.0,0.0,65.0,70.0,72.0,71.0,69.0,66.0,78.0,0.0,0.0,0.0,0.0,0.0,0.0,0.0
0,0.0,0.0,0.0,0.0,0.0,64.0,72.0,73.0,68.0,69.0,55.0,87.0,0.0,0.0,0.0,0.0,0.0,0.0,0.0
0,0.0,0.0,2.0,0.0,0.0,63.0,80.0,83.0,74.0,63.0,51.0,73.0,0.0,0.0,0.0,0.0,0.0,0.0,0.0
0,0.0,0.0,0.0,0.0,0.0,63.0,67.0,71.0,65.0,72.0,64.0,74.0,0.0,0.0,0.0,0.0,0.0,0.0,0.0
0,0.0,0.0,0.0,0.0,0.0,57.0,70.0,67.0,60.0,76.0,60.0,71.0,0.0,0.0,0.0,0.0,0.0,0.0,0.0
0,0.0,0.0,60.0,0.0,0.0,89.0,81.0,85.0,85.0,77.0,84.0,91.0,0.0,0.0,0.0,0.0,0.0,0.0,0.0
0,0.0,0.0,19.0,0.0,0.0,85.0,77.0,77.0,82.0,71.0,80.0,88.0,0.0,0.0,0.0,0.0,0.0,0.0,0.0
0,0.0,0.0,55.0,0.0,0.0,85.0,80.0,80.0,75.0,73.0,78.0,88.0,0.0,0.0,0.0,0.0,0.0,0.0,0.0
0,0.0,0.0,23.0,0.0,0.0,78.0,76.0,85.0,78.0,70.0,76.0,80.0,0.0,0.0,0.0,0.0,0.0,0.0,0.0
0,0.0,0.0,0.0,0.0,0.0,67.0,73.0,75.0,72.0,68.0,66.0,74.0,0.0,0.0,0.0,0.0,0.0,0.0,0.0
0,0.0,0.0,0.0,0.0,0.0,57.0,75.0,72.0,70.0,71.0,50.0,76.0,0.0,0.0,0.0,0.0,0.0,0.0,0.0
0,0.0,0.0,0.0,0.0,0.0,57.0,75.0,72.0,70.0,71.0,50.0,76.0,0.0,0.0,0.0,0.0,0.0,0.0,0.0
0,0.0,0.0,37.0,0.0,0.0,85.0,75.0,76.0,79.0,75.0,85.0,87.0,0.0,0.0,0.0,0.0,0.0,0.0,0.0
0,0.0,0.0,46.0,0.0,2.0,81.0,80.0,88.0,78.0,75.0,72.0,82.0,0.0,0.0,0.0,0.0,0.0,0.0,0.0
0,0.0,0.0,39.0,0.0,0.0,79.0,84.0,86.0,82.0,69.0,78.0,83.0,0.0,0.0,0.0,0.0,0.0,0.0,0.0
0,0.0,0.0,12.0,0.0,0.0,77.0,80.0,82.0,77.0,74.0,69.0,79.0,0.0,0.0,0.0,0.0,0.0,0.0,0.0
0,0.0,0.0,10.0,0.0,0.0,75.0,76.0,79.0,73.0,69.0,77.0,82.0,0.0,0.0,0.0,0.0,0.0,0.0,0.0
0,0.0,0.0,10.0,0.0,0.0,70.0,74.0,78.0,77.0,67.0,70.0,79.0,0.0,0.0,0.0,0.0,0.0,0.0,0.0
0,0.0,0.0,0.0,0.0,0.0,69.0,78.0,85.0,78.0,68.0,55.0,74.0,0.0,0.0,0.0,0.0,0.0,0.0,0.0
0,0.0,0.0,0.0,0.0,0.0,69.0,78.0,85.0,78.0,68.0,55.0,74.0,0.0,0.0,0.0,0.0,0.0,0.0,0.0
0,0.0,0.0,9.0,0.0,0.0,69.0,78.0,85.0,78.0,68.0,55.0,74.0,0.0,0.0,0.0,0.0,0.0,0.0,0.0
0,0.0,0.0,0.0,0.0,0.0,69.0,72.0,75.0,70.0,70.0,71.0,78.0,0.0,0.0,0.0,0.0,0.0,0.0,0.0
0,0.0,0.0,42.0,0.0,0.0,86.0,79.0,84.0,79.0,72.0,75.0,89.0,0.0,0.0,0.0,0.0,0.0,0.0,0.0
0,0.0,0.0,24.0,0.0,0.0,85.0,76.0,78.0,74.0,78.0,85.0,88.0,0.0,0.0,0.0,0.0,0.0,0.0,0.0
0,0.0,0.0,38.0,0.0,1.0,84.0,82.0,83.0,79.0,63.0,76.0,87.0,0.0,0.0,0.0,0.0,0.0,0.0,0.0
0,0.0,0.0,0.0,0.0,0.0,73.0,73.0,74.0,72.0,74.0,73.0,82.0,0.0,0.0,0.0,0.0,0.0,0.0,0.0
0,0.0,0.0,0.0,0.0,0.0,73.0,73.0,74.0,72.0,74.0,73.0,82.0,0.0,0.0,0.0,0.0,0.0,0.0,0.0
0,0.0,0.0,8.0,0.0,0.0,70.0,77.0,83.0,81.0,65.0,60.0,75.0,0.0,0.0,0.0,0.0,0.0,0.0,0.0
0,0.0,0.0,0.0,0.0,0.0,68.0,81.0,86.0,83.0,62.0,50.0,75.0,0.0,0.0,0.0,0.0,0.0,0.0,0.0
0,0.0,0.0,7.0,0.0,0.0,67.0,76.0,83.0,75.0,65.0,64.0,70.0,0.0,0.0,0.0,0.0,0.0,0.0,0.0
0,0.0,0.0,0.0,0.0,0.0,92.0,85.0,88.0,87.0,72.0,88.0,92.0,0.0,0.0,0.0,0.0,0.0,0.0,0.0
0,0.0,0.0,73.0,0.0,0.0,92.0,85.0,88.0,87.0,72.0,88.0,92.0,0.0,0.0,0.0,0.0,0.0,0.0,0.0
0,0.0,0.0,48.0,0.0,0.0,88.0,82.0,87.0,83.0,73.0,79.0,87.0,0.0,0.0,0.0,0.0,0.0,0.0,0.0
0,0.0,0.0,33.0,0.0,0.0,84.0,77.0,81.0,76.0,76.0,79.0,84.0,0.0,0.0,0.0,0.0,0.0,0.0,0.0
0,0.0,0.0,2.0,0.0,0.0,81.0,77.0,84.0,83.0,70.0,70.0,84.0,0.0,0.0,0.0,0.0,0.0,0.0,0.0
0,0.0,0.0,72.0,0.0,0.0,81.0,77.0,84.0,83.0,70.0,70.0,84.0,0.0,0.0,0.0,0.0,0.0,0.0,0.0
0,0.0,0.0,29.0,0.0,0.0,79.0,74.0,73.0,73.0,75.0,80.0,82.0,0.0,0.0,0.0,0.0,0.0,0.0,0.0
0,0.0,0.0,1.0,0.0,0.0,72.0,76.0,80.0,75.0,74.0,59.0,79.0,0.0,0.0,0.0,0.0,0.0,0.0,0.0
0,0.0,0.0,6.0,0.0,0.0,68.0,70.0,74.0,70.0,75.0,63.0,82.0,0.0,0.0,0.0,0.0,0.0,0.0,0.0
0,0.0,0.0,37.0,0.0,0.0,89.0,82.0,86.0,85.0,68.0,86.0,83.0,0.0,0.0,0.0,0.0,0.0,0.0,0.0
0,0.0,0.0,40.0,0.0,1.0,88.0,82.0,85.0,74.0,81.0,84.0,89.0,0.0,0.0,0.0,0.0,0.0,0.0,0.0
0,0.0,0.0,80.0,1.0,4.0,84.0,88.0,92.0,87.0,69.0,72.0,78.0,0.0,0.0,0.0,0.0,0.0,0.0,0.0
0,0.0,0.0,2.0,1.0,4.0,84.0,88.0,92.0,87.0,69.0,72.0,78.0,0.0,0.0,0.0,0.0,0.0,0.0,0.0
0,0.0,0.0,46.0,0.0,0.0,83.0,82.0,82.0,79.0,74.0,77.0,80.0,0.0,0.0,0.0,0.0,0.0,0.0,0.0
0,0.0,0.0,0.0,0.0,0.0,80.0,70.0,75.0,70.0,75.0,84.0,85.0,0.0,0.0,0.0,0.0,0.0,0.0,0.0
0,0.0,0.0,37.0,0.0,0.0,76.0,75.0,81.0,77.0,74.0,72.0,84.0,0.0,0.0,0.0,0.0,0.0,0.0,0.0
0,0.0,0.0,5.0,0.0,0.0,73.0,74.0,79.0,74.0,73.0,68.0,79.0,0.0,0.0,0.0,0.0,0.0,0.0,0.0
0,0.0,0.0,13.0,0.0,0.0,69.0,82.0,88.0,84.0,64.0,49.0,75.0,0.0,0.0,0.0,0.0,0.0,0.0,0.0
0,0.0,0.0,115.0,5.0,7.0,96.0,73.0,80.0,74.0,77.0,98.0,97.0,0.0,0.0,0.0,0.0,0.0,0.0,0.0
0,0.0,0.0,133.0,6.0,12.0,87.0,74.0,76.0,73.0,72.0,96.0,86.0,0.0,0.0,0.0,0.0,0.0,0.0,0.0
0,0.0,0.0,0.0,0.0,0.0,79.0,76.0,72.0,78.0,67.0,78.0,85.0,0.0,0.0,0.0,0.0,0.0,0.0,0.0
0,0.0,0.0,3.0,0.0,0.0,75.0,79.0,83.0,75.0,70.0,65.0,78.0,0.0,0.0,0.0,0.0,0.0,0.0,0.0
0,0.0,0.0,31.0,0.0,0.0,73.0,79.0,86.0,84.0,72.0,63.0,84.0,0.0,0.0,0.0,0.0,0.0,0.0,0.0
0,0.0,0.0,0.0,0.0,0.0,67.0,73.0,73.0,70.0,71.0,62.0,75.0,0.0,0.0,0.0,0.0,0.0,0.0,0.0
0,0.0,0.0,1.0,0.0,0.0,64.0,77.0,80.0,70.0,63.0,55.0,73.0,0.0,0.0,0.0,0.0,0.0,0.0,0.0
0,0.0,0.0,33.0,0.0,0.0,88.0,83.0,89.0,86.0,74.0,77.0,86.0,0.0,0.0,0.0,0.0,0.0,0.0,0.0
0,0.0,0.0,44.0,0.0,1.0,88.0,72.0,76.0,75.0,80.0,88.0,90.0,0.0,0.0,0.0,0.0,0.0,0.0,0.0
0,0.0,0.0,28.0,0.0,0.0,82.0,75.0,80.0,74.0,70.0,83.0,84.0,0.0,0.0,0.0,0.0,0.0,0.0,0.0
0,0.0,0.0,47.0,0.0,1.0,81.0,72.0,79.0,76.0,80.0,74.0,89.0,0.0,0.0,0.0,0.0,0.0,0.0,0.0
0,0.0,0.0,8.0,0.0,0.0,79.0,85.0,89.0,77.0,71.0,65.0,80.0,0.0,0.0,0.0,0.0,0.0,0.0,0.0
0,0.0,0.0,6.0,0.0,0.0,72.0,83.0,84.0,76.0,64.0,67.0,72.0,0.0,0.0,0.0,0.0,0.0,0.0,0.0
0,0.0,0.0,3.0,0.0,0.0,64.0,72.0,80.0,72.0,73.0,52.0,84.0,0.0,0.0,0.0,0.0,0.0,0.0,0.0
0,0.0,0.0,76.0,0.0,2.0,93.0,77.0,84.0,78.0,75.0,96.0,92.0,0.0,0.0,0.0,0.0,0.0,0.0,0.0
0,0.0,0.0,66.0,1.0,1.0,90.0,74.0,74.0,72.0,82.0,91.0,90.0,0.0,0.0,0.0,0.0,0.0,0.0,0.0
0,0.0,0.0,45.0,0.0,0.0,88.0,72.0,72.0,68.0,79.0,96.0,87.0,0.0,0.0,0.0,0.0,0.0,0.0,0.0
0,0.0,0.0,85.0,2.0,3.0,88.0,77.0,85.0,74.0,75.0,88.0,88.0,0.0,0.0,0.0,0.0,0.0,0.0,0.0
0,0.0,0.0,7.0,2.0,3.0,88.0,77.0,85.0,74.0,75.0,88.0,88.0,0.0,0.0,0.0,0.0,0.0,0.0,0.0
0,0.0,0.0,38.0,0.0,0.0,87.0,80.0,82.0,77.0,79.0,83.0,86.0,0.0,0.0,0.0,0.0,0.0,0.0,0.0
0,0.0,0.0,13.0,0.0,0.0,76.0,76.0,78.0,77.0,74.0,76.0,80.0,0.0,0.0,0.0,0.0,0.0,0.0,0.0
0,0.0,0.0,22.0,0.0,0.0,71.0,77.0,84.0,73.0,68.0,66.0,73.0,0.0,0.0,0.0,0.0,0.0,0.0,0.0
0,0.0,0.0,0.0,0.0,0.0,64.0,72.0,73.0,72.0,75.0,52.0,85.0,0.0,0.0,0.0,0.0,0.0,0.0,0.0
0,0.0,0.0,43.0,0.0,0.0,78.0,77.0,75.0,74.0,70.0,76.0,80.0,0.0,0.0,0.0,0.0,0.0,0.0,0.0
0,0.0,0.0,17.0,0.0,0.0,76.0,83.0,88.0,75.0,66.0,68.0,78.0,0.0,0.0,0.0,0.0,0.0,0.0,0.0
0,0.0,0.0,7.0,0.0,0.0,76.0,77.0,75.0,73.0,74.0,74.0,85.0,0.0,0.0,0.0,0.0,0.0,0.0,0.0
0,0.0,0.0,12.0,0.0,0.0,75.0,79.0,79.0,76.0,68.0,65.0,81.0,0.0,0.0,0.0,0.0,0.0,0.0,0.0
0,0.0,0.0,9.0,0.0,0.0,74.0,78.0,80.0,74.0,75.0,65.0,78.0,0.0,0.0,0.0,0.0,0.0,0.0,0.0
0,0.0,0.0,1.0,0.0,0.0,69.0,82.0,85.0,82.0,67.0,65.0,77.0,0.0,0.0,0.0,0.0,0.0,0.0,0.0
0,0.0,0.0,4.0,0.0,0.0,60.0,70.0,72.0,67.0,66.0,60.0,75.0,0.0,0.0,0.0,0.0,0.0,0.0,0.0
0,0.0,0.0,54.0,0.0,0.0,87.0,79.0,80.0,80.0,75.0,85.0,86.0,0.0,0.0,0.0,0.0,0.0,0.0,0.0
0,0.0,0.0,0.0,0.0,0.0,85.0,81.0,82.0,78.0,75.0,82.0,88.0,0.0,0.0,0.0,0.0,0.0,0.0,0.0
0,0.0,0.0,20.0,0.0,0.0,84.0,82.0,85.0,80.0,67.0,79.0,84.0,0.0,0.0,0.0,0.0,0.0,0.0,0.0
0,0.0,0.0,21.0,0.0,0.0,79.0,73.0,76.0,72.0,77.0,77.0,86.0,0.0,0.0,0.0,0.0,0.0,0.0,0.0
0,0.0,0.0,0.0,0.0,0.0,76.0,76.0,78.0,72.0,74.0,75.0,84.0,0.0,0.0,0.0,0.0,0.0,0.0,0.0
0,0.0,0.0,0.0,0.0,0.0,76.0,76.0,78.0,72.0,74.0,75.0,84.0,0.0,0.0,0.0,0.0,0.0,0.0,0.0
0,0.0,0.0,17.0,0.0,0.0,74.0,82.0,88.0,79.0,67.0,65.0,76.0,0.0,0.0,0.0,0.0,0.0,0.0,0.0
0,0.0,0.0,50.0,0.0,0.0,89.0,78.0,84.0,77.0,75.0,84.0,90.0,0.0,0.0,0.0,0.0,0.0,0.0,0.0
0,0.0,0.0,56.0,0.0,3.0,88.0,85.0,92.0,89.0,73.0,80.0,90.0,0.0,0.0,0.0,0.0,0.0,0.0,0.0
0,0.0,0.0,26.0,0.0,0.0,80.0,75.0,78.0,72.0,77.0,74.0,86.0,0.0,0.0,0.0,0.0,0.0,0.0,0.0
0,0.0,0.0,18.0,0.0,0.0,73.0,71.0,72.0,70.0,70.0,79.0,80.0,0.0,0.0,0.0,0.0,0.0,0.0,0.0
0,0.0,0.0,28.0,0.0,0.0,68.0,77.0,78.0,74.0,70.0,63.0,73.0,0.0,0.0,0.0,0.0,0.0,0.0,0.0
0,0.0,0.0,0.0,0.0,0.0,68.0,77.0,78.0,74.0,70.0,63.0,73.0,0.0,0.0,0.0,0.0,0.0,0.0,0.0
0,0.0,0.0,4.0,0.0,0.0,67.0,86.0,90.0,80.0,60.0,50.0,70.0,0.0,0.0,0.0,0.0,0.0,0.0,0.0
0,0.0,0.0,0.0,0.0,0.0,60.0,71.0,72.0,68.0,70.0,60.0,74.0,0.0,0.0,0.0,0.0,0.0,0.0,0.0
0,0.0,0.0,39.0,0.0,0.0,87.0,80.0,82.0,79.0,77.0,83.0,91.0,0.0,0.0,0.0,0.0,0.0,0.0,0.0
0,0.0,0.0,13.0,0.0,0.0,75.0,77.0,78.0,72.0,74.0,71.0,80.0,0.0,0.0,0.0,0.0,0.0,0.0,0.0
0,0.0,0.0,42.0,0.0,0.0,74.0,80.0,84.0,75.0,70.0,67.0,77.0,0.0,0.0,0.0,0.0,0.0,0.0,0.0
0,0.0,0.0,9.0,0.0,0.0,74.0,80.0,84.0,75.0,70.0,67.0,77.0,0.0,0.0,0.0,0.0,0.0,0.0,0.0
0,0.0,0.0,13.0,0.0,0.0,74.0,80.0,84.0,75.0,70.0,67.0,77.0,0.0,0.0,0.0,0.0,0.0,0.0,0.0
0,0.0,0.0,4.0,0.0,0.0,74.0,80.0,84.0,75.0,70.0,67.0,77.0,0.0,0.0,0.0,0.0,0.0,0.0,0.0
0,0.0,0.0,38.0,0.0,0.0,73.0,73.0,75.0,74.0,74.0,69.0,84.0,0.0,0.0,0.0,0.0,0.0,0.0,0.0
0,0.0,0.0,45.0,0.0,0.0,68.0,76.0,78.0,76.0,66.0,65.0,82.0,0.0,0.0,0.0,0.0,0.0,0.0,0.0
0,0.0,0.0,0.0,0.0,0.0,68.0,76.0,78.0,76.0,66.0,65.0,82.0,0.0,0.0,0.0,0.0,0.0,0.0,0.0
0,0.0,0.0,12.0,0.0,0.0,67.0,70.0,79.0,69.0,75.0,67.0,78.0,0.0,0.0,0.0,0.0,0.0,0.0,0.0
0,0.0,0.0,1.0,0.0,0.0,67.0,77.0,87.0,78.0,67.0,53.0,78.0,0.0,0.0,0.0,0.0,0.0,0.0,0.0
0,0.0,0.0,71.0,1.0,4.0,89.0,79.0,85.0,74.0,77.0,88.0,90.0,0.0,0.0,0.0,0.0,0.0,0.0,0.0
0,0.0,0.0,54.0,0.0,0.0,86.0,81.0,84.0,79.0,76.0,76.0,87.0,0.0,0.0,0.0,0.0,0.0,0.0,0.0
0,0.0,0.0,14.0,0.0,0.0,81.0,83.0,85.0,79.0,65.0,74.0,82.0,0.0,0.0,0.0,0.0,0.0,0.0,0.0
0,0.0,0.0,29.0,0.0,0.0,80.0,80.0,82.0,78.0,71.0,78.0,80.0,0.0,0.0,0.0,0.0,0.0,0.0,0.0
0,0.0,0.0,9.0,0.0,0.0,75.0,82.0,89.0,79.0,67.0,68.0,76.0,0.0,0.0,0.0,0.0,0.0,0.0,0.0
0,0.0,0.0,0.0,0.0,0.0,62.0,72.0,74.0,68.0,75.0,59.0,75.0,0.0,0.0,0.0,0.0,0.0,0.0,0.0
0,0.0,0.0,90.0,1.0,4.0,95.0,85.0,91.0,82.0,77.0,84.0,91.0,0.0,0.0,0.0,0.0,0.0,0.0,0.0
0,0.0,0.0,95.0,1.0,2.0,90.0,79.0,82.0,80.0,80.0,86.0,91.0,0.0,0.0,0.0,0.0,0.0,0.0,0.0
0,0.0,0.0,46.0,0.0,0.0,84.0,75.0,79.0,74.0,82.0,80.0,87.0,0.0,0.0,0.0,0.0,0.0,0.0,0.0
0,0.0,0.0,62.0,0.0,0.0,84.0,78.0,83.0,83.0,75.0,80.0,87.0,0.0,0.0,0.0,0.0,0.0,0.0,0.0
0,0.0,0.0,10.0,0.0,0.0,78.0,70.0,76.0,66.0,79.0,75.0,88.0,0.0,0.0,0.0,0.0,0.0,0.0,0.0
0,0.0,0.0,2.0,0.0,0.0,74.0,82.0,83.0,75.0,72.0,64.0,78.0,0.0,0.0,0.0,0.0,0.0,0.0,0.0
0,0.0,0.0,0.0,0.0,0.0,73.0,76.0,81.0,73.0,72.0,64.0,81.0,0.0,0.0,0.0,0.0,0.0,0.0,0.0
0,0.0,0.0,2.0,0.0,0.0,69.0,73.0,78.0,71.0,74.0,62.0,83.0,0.0,0.0,0.0,0.0,0.0,0.0,0.0
0,0.0,0.0,83.0,0.0,1.0,93.0,85.0,89.0,88.0,69.0,94.0,91.0,0.0,0.0,0.0,0.0,0.0,0.0,0.0
0,0.0,0.0,68.0,0.0,0.0,87.0,75.0,81.0,77.0,74.0,89.0,88.0,0.0,0.0,0.0,0.0,0.0,0.0,0.0
0,0.0,0.0,59.0,0.0,0.0,87.0,83.0,88.0,78.0,76.0,83.0,83.0,0.0,0.0,0.0,0.0,0.0,0.0,0.0
0,0.0,0.0,30.0,0.0,0.0,87.0,83.0,88.0,78.0,76.0,83.0,83.0,0.0,0.0,0.0,0.0,0.0,0.0,0.0
0,0.0,0.0,40.0,1.0,3.0,82.0,85.0,90.0,82.0,77.0,64.0,83.0,0.0,0.0,0.0,0.0,0.0,0.0,0.0
0,0.0,0.0,46.0,0.0,0.0,78.0,76.0,77.0,72.0,74.0,76.0,83.0,0.0,0.0,0.0,0.0,0.0,0.0,0.0
0,0.0,0.0,54.0,0.0,1.0,75.0,79.0,87.0,75.0,72.0,68.0,77.0,0.0,0.0,0.0,0.0,0.0,0.0,0.0
0,0.0,0.0,0.0,0.0,0.0,71.0,76.0,78.0,75.0,72.0,70.0,78.0,0.0,0.0,0.0,0.0,0.0,0.0,0.0
0,0.0,0.0,18.0,0.0,0.0,65.0,73.0,72.0,66.0,74.0,62.0,74.0,0.0,0.0,0.0,0.0,0.0,0.0,0.0
0,0.0,0.0,7.0,0.0,0.0,63.0,71.0,76.0,68.0,70.0,60.0,78.0,0.0,0.0,0.0,0.0,0.0,0.0,0.0
0,0.0,0.0,69.0,1.0,5.0,97.0,88.0,90.0,88.0,74.0,88.0,91.0,0.0,0.0,0.0,0.0,0.0,0.0,0.0
0,0.0,0.0,59.0,0.0,0.0,86.0,77.0,77.0,73.0,80.0,85.0,89.0,0.0,0.0,0.0,0.0,0.0,0.0,0.0
0,0.0,0.0,0.0,0.0,0.0,86.0,77.0,77.0,73.0,80.0,85.0,89.0,0.0,0.0,0.0,0.0,0.0,0.0,0.0
0,0.0,0.0,31.0,0.0,0.0,85.0,76.0,78.0,74.0,74.0,86.0,89.0,0.0,0.0,0.0,0.0,0.0,0.0,0.0
0,0.0,0.0,18.0,0.0,0.0,83.0,80.0,82.0,76.0,71.0,76.0,86.0,0.0,0.0,0.0,0.0,0.0,0.0,0.0
0,0.0,0.0,59.0,0.0,1.0,83.0,76.0,85.0,75.0,78.0,84.0,84.0,0.0,0.0,0.0,0.0,0.0,0.0,0.0
0,0.0,0.0,0.0,0.0,0.0,83.0,76.0,85.0,75.0,78.0,84.0,84.0,0.0,0.0,0.0,0.0,0.0,0.0,0.0
0,0.0,0.0,5.0,0.0,0.0,74.0,80.0,84.0,78.0,68.0,70.0,83.0,0.0,0.0,0.0,0.0,0.0,0.0,0.0
0,0.0,0.0,0.0,0.0,0.0,71.0,77.0,84.0,77.0,65.0,64.0,77.0,0.0,0.0,0.0,0.0,0.0,0.0,0.0
0,0.0,0.0,0.0,0.0,0.0,71.0,77.0,84.0,77.0,65.0,64.0,77.0,0.0,0.0,0.0,0.0,0.0,0.0,0.0
0,0.0,0.0,0.0,0.0,0.0,67.0,72.0,73.0,72.0,75.0,57.0,85.0,0.0,0.0,0.0,0.0,0.0,0.0,0.0
0,0.0,0.0,1.0,0.0,0.0,66.0,74.0,77.0,70.0,74.0,64.0,73.0,0.0,0.0,0.0,0.0,0.0,0.0,0.0
0,0.0,0.0,60.0,0.0,0.0,94.0,79.0,82.0,79.0,78.0,89.0,95.0,0.0,0.0,0.0,0.0,0.0,0.0,0.0
0,0.0,0.0,16.0,0.0,0.0,82.0,73.0,75.0,70.0,78.0,84.0,87.0,0.0,0.0,0.0,0.0,0.0,0.0,0.0
0,0.0,0.0,23.0,0.0,0.0,78.0,78.0,82.0,80.0,73.0,70.0,80.0,0.0,0.0,0.0,0.0,0.0,0.0,0.0
0,0.0,0.0,8.0,0.0,0.0,78.0,75.0,84.0,80.0,75.0,71.0,86.0,0.0,0.0,0.0,0.0,0.0,0.0,0.0
0,0.0,0.0,49.0,1.0,3.0,75.0,72.0,76.0,74.0,73.0,71.0,86.0,0.0,0.0,0.0,0.0,0.0,0.0,0.0
0,0.0,0.0,2.0,0.0,0.0,72.0,69.0,72.0,68.0,77.0,68.0,84.0,0.0,0.0,0.0,0.0,0.0,0.0,0.0
0,0.0,0.0,0.0,0.0,0.0,70.0,76.0,77.0,72.0,72.0,65.0,76.0,0.0,0.0,0.0,0.0,0.0,0.0,0.0
0,0.0,0.0,61.0,0.0,0.0,70.0,74.0,76.0,74.0,72.0,68.0,75.0,0.0,0.0,0.0,0.0,0.0,0.0,0.0
0,0.0,0.0,0.0,0.0,0.0,70.0,74.0,76.0,74.0,72.0,68.0,75.0,0.0,0.0,0.0,0.0,0.0,0.0,0.0
0,0.0,0.0,65.0,0.0,3.0,90.0,85.0,88.0,82.0,73.0,87.0,84.0,0.0,0.0,0.0,0.0,0.0,0.0,0.0
0,0.0,0.0,34.0,0.0,0.0,86.0,79.0,82.0,78.0,74.0,85.0,89.0,0.0,0.0,0.0,0.0,0.0,0.0,0.0
0,0.0,0.0,35.0,0.0,0.0,85.0,83.0,86.0,86.0,69.0,74.0,84.0,0.0,0.0,0.0,0.0,0.0,0.0,0.0
0,0.0,0.0,0.0,0.0,0.0,84.0,81.0,87.0,82.0,70.0,77.0,84.0,0.0,0.0,0.0,0.0,0.0,0.0,0.0
0,0.0,0.0,21.0,0.0,0.0,84.0,81.0,87.0,82.0,70.0,77.0,84.0,0.0,0.0,0.0,0.0,0.0,0.0,0.0
0,0.0,0.0,22.0,0.0,0.0,73.0,74.0,77.0,73.0,72.0,64.0,83.0,0.0,0.0,0.0,0.0,0.0,0.0,0.0
0,0.0,0.0,0.0,0.0,0.0,71.0,76.0,77.0,73.0,74.0,70.0,79.0,0.0,0.0,0.0,0.0,0.0,0.0,0.0
0,0.0,0.0,142.0,5.0,11.0,97.0,83.0,88.0,84.0,73.0,95.0,90.0,0.0,0.0,0.0,0.0,0.0,0.0,0.0
0,0.0,0.0,0.0,0.0,1.0,87.0,77.0,86.0,79.0,73.0,87.0,88.0,0.0,0.0,0.0,0.0,0.0,0.0,0.0
0,0.0,0.0,0.0,0.0,0.0,78.0,77.0,79.0,76.0,68.0,82.0,77.0,0.0,0.0,0.0,0.0,0.0,0.0,0.0
0,0.0,0.0,41.0,0.0,0.0,77.0,75.0,85.0,73.0,76.0,72.0,84.0,0.0,0.0,0.0,0.0,0.0,0.0,0.0
0,0.0,0.0,0.0,0.0,0.0,76.0,79.0,81.0,78.0,69.0,70.0,78.0,0.0,0.0,0.0,0.0,0.0,0.0,0.0
0,0.0,0.0,2.0,0.0,0.0,69.0,85.0,87.0,84.0,63.0,52.0,70.0,0.0,0.0,0.0,0.0,0.0,0.0,0.0
0,0.0,0.0,74.0,1.0,1.0,95.0,87.0,90.0,87.0,74.0,84.0,89.0,0.0,0.0,0.0,0.0,0.0,0.0,0.0
0,0.0,0.0,25.0,0.0,0.0,87.0,75.0,79.0,80.0,75.0,86.0,87.0,0.0,0.0,0.0,0.0,0.0,0.0,0.0
0,0.0,0.0,0.0,0.0,0.0,86.0,72.0,77.0,72.0,77.0,85.0,91.0,0.0,0.0,0.0,0.0,0.0,0.0,0.0
0,0.0,0.0,8.0,0.0,0.0,84.0,73.0,78.0,72.0,77.0,82.0,90.0,0.0,0.0,0.0,0.0,0.0,0.0,0.0
0,0.0,0.0,14.0,0.0,0.0,78.0,74.0,75.0,73.0,73.0,78.0,83.0,0.0,0.0,0.0,0.0,0.0,0.0,0.0
0,0.0,0.0,0.0,0.0,0.0,64.0,76.0,75.0,74.0,72.0,59.0,78.0,0.0,0.0,0.0,0.0,0.0,0.0,0.0
0,0.0,0.0,4.0,0.0,0.0,61.0,71.0,75.0,66.0,74.0,54.0,76.0,0.0,0.0,0.0,0.0,0.0,0.0,0.0
0,0.0,0.0,46.0,0.0,3.0,95.0,88.0,94.0,87.0,80.0,82.0,88.0,0.0,0.0,0.0,0.0,0.0,0.0,0.0
0,0.0,0.0,0.0,0.0,0.0,92.0,82.0,87.0,79.0,76.0,84.0,92.0,0.0,0.0,0.0,0.0,0.0,0.0,0.0
0,0.0,0.0,53.0,0.0,1.0,92.0,82.0,87.0,79.0,76.0,84.0,92.0,0.0,0.0,0.0,0.0,0.0,0.0,0.0
0,0.0,0.0,36.0,0.0,0.0,86.0,79.0,77.0,77.0,78.0,81.0,87.0,0.0,0.0,0.0,0.0,0.0,0.0,0.0
0,0.0,0.0,60.0,0.0,0.0,85.0,72.0,75.0,72.0,76.0,88.0,88.0,0.0,0.0,0.0,0.0,0.0,0.0,0.0
0,0.0,0.0,0.0,0.0,0.0,80.0,78.0,84.0,82.0,75.0,74.0,85.0,0.0,0.0,0.0,0.0,0.0,0.0,0.0
0,0.0,0.0,0.0,0.0,0.0,73.0,79.0,85.0,82.0,67.0,62.0,77.0,0.0,0.0,0.0,0.0,0.0,0.0,0.0
0,0.0,0.0,20.0,0.0,0.0,73.0,79.0,85.0,82.0,67.0,62.0,77.0,0.0,0.0,0.0,0.0,0.0,0.0,0.0
0,0.0,0.0,8.0,0.0,0.0,71.0,76.0,77.0,74.0,67.0,65.0,79.0,0.0,0.0,0.0,0.0,0.0,0.0,0.0
0,0.0,0.0,0.0,0.0,0.0,71.0,76.0,77.0,74.0,67.0,65.0,79.0,0.0,0.0,0.0,0.0,0.0,0.0,0.0
0,0.0,0.0,1.0,0.0,0.0,71.0,76.0,77.0,74.0,67.0,65.0,79.0,0.0,0.0,0.0,0.0,0.0,0.0,0.0
0,0.0,0.0,16.0,0.0,0.0,71.0,76.0,77.0,74.0,67.0,65.0,79.0,0.0,0.0,0.0,0.0,0.0,0.0,0.0
0,0.0,0.0,0.0,0.0,0.0,68.0,85.0,88.0,79.0,72.0,58.0,79.0,0.0,0.0,0.0,0.0,0.0,0.0,0.0
0,0.0,0.0,0.0,0.0,0.0,62.0,74.0,70.0,72.0,68.0,54.0,74.0,0.0,0.0,0.0,0.0,0.0,0.0,0.0
0,0.0,0.0,27.0,0.0,0.0,86.0,75.0,84.0,77.0,85.0,87.0,88.0,90.0,94.0,85.0,50.0,65.0,88.0,40.0
0,0.0,0.0,81.0,0.0,0.0,85.0,85.0,86.0,84.0,73.0,79.0,86.0,90.0,93.0,78.0,75.0,75.0,74.0,55.0
0,0.0,0.0,46.0,0.0,0.0,85.0,77.0,78.0,75.0,80.0,84.0,89.0,91.0,90.0,78.0,60.0,65.0,80.0,62.0
0,0.0,0.0,43.0,0.0,0.0,85.0,79.0,85.0,75.0,82.0,85.0,88.0,86.0,88.0,78.0,50.0,65.0,78.0,10.0
0,0.0,0.0,45.0,0.0,1.0,82.0,80.0,84.0,77.0,85.0,84.0,85.0,88.0,90.0,78.0,40.0,50.0,84.0,10.0
0,0.0,0.0,21.0,0.0,0.0,75.0,77.0,84.0,75.0,78.0,70.0,80.0,86.0,88.0,72.0,40.0,55.0,80.0,16.0
0,0.0,0.0,13.0,0.0,0.0,75.0,76.0,80.0,78.0,75.0,80.0,83.0,78.0,86.0,68.0,55.0,65.0,68.0,40.0
0,0.0,0.0,26.0,0.0,0.0,74.0,73.0,75.0,73.0,76.0,70.0,84.0,82.0,86.0,78.0,50.0,70.0,65.0,45.0
0,0.0,0.0,81.0,0.0,5.0,89.0,78.0,82.0,76.0,77.0,86.0,90.0,85.0,90.0,87.0,60.0,75.0,80.0,60.0
0,0.0,0.0,41.0,0.0,0.0,87.0,85.0,88.0,85.0,65.0,80.0,88.0,78.0,92.0,80.0,60.0,80.0,77.0,70.0
0,0.0,0.0,49.0,0.0,0.0,81.0,82.0,85.0,86.0,78.0,69.0,86.0,87.0,93.0,69.0,57.0,67.0,90.0,40.0
0,0.0,0.0,27.0,0.0,0.0,76.0,79.0,85.0,85.0,67.0,69.0,82.0,76.0,87.0,66.0,54.0,68.0,78.0,60.0
0,0.0,0.0,0.0,0.0,1.0,74.0,80.0,82.0,82.0,65.0,58.0,81.0,72.0,85.0,52.0,68.0,78.0,77.0,45.0
0,0.0,0.0,1.0,0.0,0.0,74.0,80.0,82.0,82.0,65.0,58.0,81.0,72.0,85.0,52.0,68.0,78.0,77.0,45.0
0,0.0,0.0,0.0,0.0,0.0,65.0,77.0,75.0,74.0,74.0,59.0,77.0,76.0,84.0,60.0,45.0,60.0,70.0,40.0
0,0.0,0.0,0.0,0.0,0.0,94.0,82.0,84.0,82.0,78.0,92.0,94.0,88.0,95.0,95.0,60.0,80.0,94.0,60.0
0,0.0,0.0,160.0,7.0,12.0,94.0,82.0,84.0,82.0,78.0,92.0,94.0,88.0,95.0,95.0,60.0,80.0,94.0,60.0
0,0.0,0.0,0.0,0.0,0.0,90.0,82.0,86.0,80.0,82.0,85.0,91.0,89.0,92.0,86.0,55.0,75.0,94.0,77.0
0,0.0,0.0,110.0,1.0,7.0,88.0,87.0,94.0,86.0,74.0,79.0,84.0,87.0,95.0,78.0,60.0,75.0,70.0,45.0
0,0.0,0.0,55.0,0.0,0.0,84.0,76.0,82.0,70.0,85.0,82.0,86.0,90.0,90.0,80.0,50.0,68.0,78.0,45.0
0,0.0,0.0,7.0,0.0,0.0,81.0,89.0,92.0,88.0,74.0,66.0,83.0,82.0,94.0,59.0,54.0,68.0,80.0,45.0
0,0.0,0.0,21.0,0.0,0.0,77.0,73.0,77.0,72.0,77.0,84.0,83.0,80.0,84.0,82.0,40.0,75.0,76.0,55.0
0,0.0,0.0,15.0,0.0,1.0,77.0,77.0,82.0,74.0,72.0,79.0,83.0,79.0,87.0,70.0,50.0,65.0,74.0,54.0
0,0.0,0.0,9.0,0.0,0.0,73.0,86.0,90.0,86.0,70.0,47.0,80.0,76.0,93.0,50.0,54.0,66.0,82.0,45.0
0,0.0,0.0,0.0,0.0,0.0,70.0,74.0,76.0,72.0,80.0,68.0,80.0,77.0,80.0,66.0,55.0,65.0,80.0,35.0
0,0.0,0.0,2.0,0.0,0.0,68.0,79.0,79.0,78.0,65.0,58.0,76.0,68.0,85.0,52.0,60.0,75.0,65.0,55.0
0,0.0,0.0,18.0,0.0,0.0,90.0,82.0,85.0,80.0,75.0,84.0,92.0,88.0,92.0,85.0,60.0,70.0,75.0,65.0
0,0.0,0.0,37.0,0.0,0.0,87.0,84.0,88.0,80.0,77.0,79.0,87.0,84.0,90.0,78.0,60.0,75.0,78.0,55.0
0,0.0,0.0,58.0,0.0,1.0,82.0,82.0,88.0,85.0,70.0,74.0,84.0,84.0,93.0,79.0,65.0,75.0,82.0,65.0
0,0.0,0.0,0.0,0.0,0.0,82.0,75.0,78.0,70.0,72.0,87.0,88.0,86.0,90.0,84.0,50.0,70.0,78.0,40.0
0,0.0,0.0,19.0,0.0,0.0,79.0,83.0,84.0,84.0,70.0,68.0,83.0,79.0,88.0,70.0,60.0,65.0,68.0,72.0
0,0.0,0.0,0.0,0.0,0.0,72.0,82.0,84.0,85.0,66.0,52.0,78.0,70.0,85.0,55.0,68.0,75.0,75.0,55.0
0,0.0,0.0,55.0,1.0,3.0,93.0,85.0,92.0,86.0,78.0,85.0,94.0,93.0,97.0,84.0,66.0,76.0,85.0,55.0
0,0.0,0.0,80.0,1.0,3.0,87.0,87.0,92.0,87.0,69.0,64.0,85.0,82.0,90.0,74.0,70.0,80.0,92.0,60.0
0,0.0,0.0,28.0,0.0,0.0,84.0,81.0,86.0,81.0,68.0,80.0,86.0,87.0,87.0,80.0,62.0,70.0,70.0,55.0
0,0.0,0.0,55.0,0.0,0.0,80.0,78.0,80.0,74.0,74.0,74.0,85.0,84.0,86.0,70.0,70.0,70.0,68.0,50.0
0,0.0,0.0,13.0,0.0,0.0,76.0,80.0,82.0,76.0,73.0,74.0,84.0,84.0,90.0,70.0,40.0,65.0,78.0,50.0
0,0.0,0.0,0.0,0.0,0.0,73.0,85.0,86.0,86.0,67.0,58.0,80.0,74.0,78.0,58.0,55.0,78.0,75.0,62.0
0,0.0,0.0,31.0,0.0,0.0,73.0,85.0,86.0,86.0,67.0,58.0,80.0,74.0,78.0,58.0,55.0,78.0,75.0,62.0
0,0.0,0.0,119.0,4.0,8.0,98.0,88.0,90.0,88.0,77.0,92.0,93.0,88.0,97.0,95.0,80.0,85.0,95.0,78.0
0,0.0,0.0,98.0,1.0,7.0,95.0,80.0,82.0,80.0,80.0,85.0,92.0,94.0,94.0,85.0,70.0,80.0,90.0,75.0
0,0.0,0.0,34.0,0.0,0.0,79.0,75.0,78.0,73.0,74.0,80.0,86.0,85.0,84.0,78.0,55.0,65.0,66.0,55.0
0,0.0,0.0,5.0,0.0,0.0,73.0,76.0,77.0,78.0,78.0,68.0,80.0,76.0,80.0,60.0,55.0,65.0,79.0,40.0
0,0.0,0.0,0.0,0.0,0.0,70.0,74.0,81.0,82.0,73.0,62.0,78.0,78.0,84.0,58.0,50.0,65.0,78.0,45.0
0,0.0,0.0,7.0,0.0,0.0,69.0,80.0,85.0,78.0,68.0,68.0,80.0,72.0,78.0,65.0,54.0,67.0,75.0,35.0
0,0.0,0.0,24.0,0.0,0.0,82.0,89.0,92.0,88.0,75.0,64.0,84.0,85.0,88.0,66.0,55.0,65.0,86.0,45.0
0,0.0,0.0,0.0,0.0,0.0,78.0,77.0,80.0,75.0,75.0,75.0,82.0,79.0,86.0,74.0,60.0,65.0,72.0,50.0
0,0.0,0.0,54.0,0.0,0.0,78.0,80.0,84.0,80.0,74.0,82.0,82.0,78.0,86.0,83.0,55.0,65.0,75.0,59.0
0,0.0,0.0,0.0,0.0,0.0,77.0,77.0,80.0,78.0,78.0,72.0,80.0,84.0,88.0,79.0,60.0,70.0,84.0,55.0
0,0.0,0.0,6.0,0.0,0.0,74.0,82.0,88.0,76.0,73.0,68.0,79.0,72.0,84.0,66.0,55.0,65.0,74.0,50.0
0,0.0,0.0,13.0,0.0,0.0,67.0,86.0,88.0,85.0,69.0,48.0,77.0,73.0,84.0,48.0,45.0,60.0,74.0,45.0
0,0.0,0.0,0.0,0.0,0.0,67.0,86.0,88.0,85.0,69.0,48.0,77.0,73.0,84.0,48.0,45.0,60.0,74.0,45.0
0,0.0,0.0,44.0,0.0,0.0,88.0,85.0,92.0,86.0,80.0,82.0,87.0,88.0,92.0,78.0,55.0,65.0,82.0,65.0
0,0.0,0.0,76.0,0.0,2.0,85.0,78.0,83.0,74.0,76.0,91.0,88.0,84.0,88.0,86.0,55.0,70.0,75.0,70.0
0,0.0,0.0,61.0,0.0,1.0,85.0,83.0,86.0,85.0,73.0,82.0,90.0,88.0,92.0,83.0,45.0,65.0,80.0,50.0
0,0.0,0.0,44.0,0.0,0.0,84.0,77.0,80.0,75.0,78.0,80.0,90.0,90.0,90.0,84.0,50.0,70.0,75.0,50.0
0,0.0,0.0,9.0,0.0,0.0,83.0,84.0,87.0,87.0,78.0,76.0,90.0,92.0,95.0,78.0,35.0,45.0,82.0,50.0
0,0.0,0.0,12.0,0.0,0.0,78.0,82.0,86.0,78.0,70.0,77.0,82.0,78.0,88.0,69.0,50.0,65.0,78.0,45.0
0,0.0,0.0,0.0,0.0,0.0,70.0,79.0,82.0,72.0,74.0,66.0,77.0,78.0,80.0,55.0,55.0,65.0,75.0,53.0
0,0.0,0.0,0.0,0.0,0.0,69.0,77.0,78.0,70.0,77.0,62.0,82.0,80.0,85.0,65.0,40.0,55.0,80.0,40.0
0,0.0,0.0,100.0,4.0,9.0,98.0,87.0,97.0,90.0,83.0,87.0,94.0,98.0,99.0,84.0,45.0,75.0,88.0,60.0
0,0.0,0.0,115.0,5.0,7.0,94.0,76.0,78.0,72.0,79.0,97.0,97.0,94.0,95.0,97.0,50.0,70.0,87.0,61.0
0,0.0,0.0,68.0,0.0,1.0,89.0,78.0,86.0,75.0,82.0,92.0,87.0,94.0,95.0,86.0,48.0,68.0,79.0,50.0
0,0.0,0.0,53.0,0.0,0.0,87.0,78.0,84.0,82.0,79.0,86.0,90.0,89.0,94.0,84.0,55.0,70.0,80.0,50.0
0,0.0,0.0,40.0,0.0,0.0,82.0,85.0,87.0,87.0,75.0,70.0,85.0,88.0,93.0,76.0,55.0,65.0,88.0,80.0
0,0.0,0.0,34.0,0.0,1.0,80.0,83.0,88.0,80.0,80.0,69.0,79.0,85.0,88.0,68.0,60.0,68.0,78.0,45.0
0,0.0,0.0,11.0,0.0,0.0,80.0,85.0,85.0,85.0,70.0,60.0,80.0,81.0,84.0,77.0,68.0,75.0,66.0,42.0
0,0.0,0.0,2.0,0.0,0.0,69.0,75.0,82.0,80.0,74.0,62.0,78.0,78.0,82.0,60.0,45.0,65.0,72.0,44.0
0,0.0,0.0,4.0,0.0,0.0,69.0,75.0,82.0,80.0,74.0,62.0,78.0,78.0,82.0,60.0,45.0,65.0,72.0,44.0
0,0.0,0.0,0.0,0.0,0.0,69.0,75.0,82.0,80.0,74.0,62.0,78.0,78.0,82.0,60.0,45.0,65.0,72.0,44.0
0,0.0,0.0,37.0,0.0,0.0,68.0,82.0,86.0,74.0,68.0,48.0,78.0,80.0,88.0,49.0,47.0,62.0,78.0,40.0
0,0.0,0.0,48.0,0.0,0.0,95.0,86.0,90.0,87.0,76.0,84.0,92.0,85.0,90.0,82.0,68.0,80.0,90.0,80.0
0,0.0,0.0,4.0,0.0,0.0,95.0,86.0,90.0,87.0,76.0,84.0,92.0,85.0,90.0,82.0,68.0,80.0,90.0,80.0
0,0.0,0.0,22.0,0.0,0.0,82.0,87.0,91.0,88.0,70.0,64.0,82.0,78.0,90.0,62.0,70.0,83.0,69.0,60.0
0,0.0,0.0,19.0,0.0,0.0,81.0,79.0,85.0,81.0,68.0,80.0,85.0,76.0,88.0,79.0,55.0,70.0,69.0,50.0
0,0.0,0.0,18.0,0.0,0.0,75.0,80.0,82.0,79.0,65.0,74.0,82.0,75.0,82.0,55.0,65.0,75.0,65.0,55.0
0,0.0,0.0,8.0,0.0,0.0,74.0,78.0,85.0,82.0,75.0,72.0,84.0,79.0,85.0,66.0,55.0,65.0,70.0,24.0
0,0.0,0.0,0.0,0.0,0.0,71.0,83.0,87.0,80.0,63.0,67.0,78.0,85.0,84.0,55.0,50.0,60.0,68.0,40.0
0,0.0,0.0,2.0,0.0,0.0,70.0,84.0,88.0,86.0,74.0,62.0,82.0,77.0,86.0,50.0,60.0,60.0,65.0,40.0
0,0.0,0.0,29.0,0.0,0.0,94.0,90.0,93.0,88.0,85.0,70.0,93.0,90.0,96.0,72.0,66.0,72.0,95.0,67.0
0,0.0,0.0,0.0,0.0,0.0,84.0,79.0,83.0,81.0,72.0,82.0,87.0,84.0,89.0,78.0,55.0,70.0,80.0,55.0
0,0.0,0.0,2.0,0.0,0.0,78.0,82.0,88.0,82.0,74.0,70.0,83.0,82.0,90.0,75.0,45.0,75.0,77.0,50.0
0,0.0,0.0,7.0,0.0,0.0,74.0,85.0,87.0,81.0,65.0,66.0,80.0,71.0,85.0,55.0,70.0,70.0,73.0,55.0
0,0.0,0.0,14.0,0.0,0.0,74.0,85.0,87.0,81.0,65.0,66.0,80.0,71.0,85.0,55.0,70.0,70.0,73.0,55.0
0,0.0,0.0,2.0,0.0,0.0,69.0,80.0,84.0,85.0,69.0,56.0,80.0,80.0,88.0,60.0,40.0,60.0,86.0,50.0
0,0.0,0.0,3.0,0.0,0.0,68.0,77.0,80.0,80.0,70.0,62.0,82.0,78.0,82.0,56.0,40.0,60.0,74.0,45.0
0,0.0,0.0,83.0,1.0,2.0,87.0,82.0,82.0,76.0,78.0,84.0,87.0,91.0,90.0,84.0,50.0,70.0,90.0,75.0
0,0.0,0.0,39.0,0.0,1.0,87.0,85.0,87.0,84.0,68.0,82.0,86.0,75.0,91.0,84.0,70.0,75.0,70.0,78.0
0,0.0,0.0,38.0,0.0,0.0,86.0,84.0,87.0,78.0,78.0,85.0,84.0,87.0,92.0,82.0,50.0,70.0,67.0,62.0
0,0.0,0.0,67.0,1.0,5.0,83.0,84.0,82.0,78.0,75.0,77.0,88.0,88.0,89.0,78.0,55.0,70.0,84.0,68.0
0,0.0,0.0,133.0,6.0,12.0,82.0,72.0,75.0,70.0,76.0,94.0,88.0,84.0,88.0,93.0,45.0,65.0,70.0,75.0
0,0.0,0.0,24.0,0.0,0.0,81.0,76.0,80.0,70.0,77.0,85.0,85.0,80.0,88.0,85.0,45.0,70.0,72.0,45.0
0,0.0,0.0,36.0,0.0,0.0,80.0,77.0,75.0,74.0,75.0,75.0,84.0,85.0,83.0,82.0,55.0,75.0,65.0,70.0
0,0.0,0.0,0.0,0.0,0.0,79.0,80.0,82.0,80.0,71.0,72.0,80.0,80.0,88.0,75.0,70.0,65.0,66.0,48.0
0,0.0,0.0,71.0,1.0,4.0,78.0,72.0,72.0,70.0,80.0,85.0,88.0,88.0,88.0,84.0,30.0,45.0,82.0,46.0
0,0.0,0.0,7.0,0.0,0.0,76.0,77.0,79.0,72.0,75.0,78.0,82.0,85.0,86.0,65.0,50.0,65.0,70.0,45.0
0,0.0,0.0,0.0,0.0,0.0,74.0,79.0,80.0,77.0,67.0,75.0,81.0,70.0,85.0,68.0,55.0,70.0,65.0,50.0
0,0.0,0.0,21.0,0.0,0.0,74.0,76.0,80.0,78.0,69.0,76.0,82.0,78.0,84.0,75.0,50.0,55.0,70.0,55.0
0,0.0,0.0,9.0,0.0,0.0,74.0,82.0,85.0,79.0,68.0,68.0,80.0,80.0,82.0,68.0,60.0,68.0,58.0,40.0
0,0.0,0.0,0.0,0.0,0.0,74.0,82.0,85.0,80.0,72.0,66.0,79.0,77.0,87.0,62.0,48.0,68.0,74.0,45.0
0,0.0,0.0,10.0,0.0,0.0,74.0,70.0,76.0,66.0,79.0,75.0,86.0,85.0,86.0,80.0,40.0,60.0,56.0,25.0
0,0.0,0.0,0.0,0.0,0.0,73.0,80.0,82.0,86.0,66.0,52.0,77.0,74.0,80.0,55.0,70.0,80.0,82.0,45.0
0,0.0,0.0,6.0,0.0,0.0,73.0,86.0,88.0,86.0,71.0,58.0,78.0,77.0,88.0,60.0,45.0,65.0,69.0,55.0
0,0.0,0.0,8.0,0.0,0.0,72.0,77.0,83.0,81.0,66.0,70.0,78.0,70.0,82.0,68.0,65.0,65.0,62.0,76.0
0,0.0,0.0,0.0,0.0,0.0,72.0,77.0,79.0,76.0,73.0,54.0,80.0,78.0,85.0,64.0,55.0,65.0,80.0,45.0
0,0.0,0.0,6.0,0.0,0.0,71.0,82.0,87.0,79.0,79.0,66.0,79.0,78.0,88.0,60.0,40.0,55.0,66.0,45.0
0,0.0,0.0,30.0,0.0,0.0,70.0,85.0,86.0,87.0,64.0,48.0,74.0,70.0,85.0,50.0,65.0,75.0,78.0,55.0
0,0.0,0.0,0.0,0.0,0.0,69.0,80.0,87.0,78.0,75.0,62.0,80.0,80.0,78.0,65.0,40.0,55.0,64.0,40.0
0,0.0,0.0,0.0,0.0,0.0,68.0,69.0,80.0,69.0,69.0,80.0,80.0,85.0,80.0,40.0,65.0,65.0,60.0,25.0
0,0.0,0.0,3.0,0.0,0.0,67.0,76.0,78.0,70.0,75.0,70.0,82.0,86.0,84.0,60.0,30.0,45.0,68.0,40.0
0,0.0,0.0,5.0,0.0,0.0,67.0,75.0,75.0,70.0,78.0,54.0,78.0,84.0,88.0,60.0,50.0,65.0,70.0,50.0
0,0.0,0.0,0.0,0.0,0.0,67.0,82.0,88.0,82.0,72.0,56.0,78.0,75.0,80.0,49.0,45.0,55.0,76.0,45.0
0,0.0,0.0,4.0,0.0,0.0,66.0,74.0,76.0,72.0,76.0,65.0,80.0,80.0,82.0,62.0,45.0,55.0,60.0,40.0
0,0.0,0.0,0.0,0.0,0.0,66.0,85.0,88.0,79.0,72.0,58.0,79.0,72.0,82.0,40.0,67.0,74.0,60.0,32.0
0,0.0,0.0,0.0,0.0,0.0,66.0,84.0,86.0,83.0,60.0,45.0,72.0,65.0,83.0,62.0,60.0,70.0,61.0,35.0
0,0.0,0.0,0.0,0.0,0.0,65.0,89.0,90.0,85.0,64.0,40.0,70.0,70.0,82.0,40.0,55.0,75.0,80.0,50.0
0,0.0,0.0,0.0,0.0,0.0,64.0,78.0,84.0,68.0,70.0,58.0,74.0,78.0,85.0,45.0,45.0,65.0,72.0,40.0
0,0.0,0.0,1.0,0.0,0.0,64.0,80.0,85.0,78.0,70.0,46.0,77.0,78.0,85.0,45.0,45.0,55.0,72.0,60.0
0,0.0,0.0,11.0,0.0,0.0,63.0,78.0,82.0,78.0,72.0,44.0,77.0,74.0,85.0,45.0,45.0,60.0,77.0,40.0
0,0.0,0.0,1.0,0.0,0.0,63.0,76.0,80.0,75.0,74.0,59.0,80.0,81.0,71.0,45.0,45.0,55.0,54.0,36.0
0,0.0,0.0,0.0,0.0,0.0,63.0,78.0,85.0,80.0,63.0,56.0,79.0,77.0,84.0,49.0,48.0,58.0,68.0,34.0
0,0.0,0.0,2.0,0.0,0.0,62.0,79.0,86.0,78.0,74.0,55.0,79.0,75.0,76.0,48.0,40.0,55.0,65.0,25.0
0,0.0,0.0,31.0,0.0,0.0,61.0,78.0,82.0,77.0,82.0,44.0,74.0,82.0,80.0,40.0,40.0,50.0,80.0,55.0
0,0.0,0.0,60.0,0.0,0.0,94.0,84.0,88.0,85.0,75.0,87.0,94.0,92.0,95.0,87.0,75.0,85.0,78.0,64.0
0,0.0,0.0,55.0,0.0,1.0,94.0,87.0,90.0,83.0,77.0,78.0,92.0,88.0,94.0,80.0,70.0,78.0,84.0,68.0
0,0.0,0.0,25.0,0.0,0.0,82.0,79.0,83.0,74.0,76.0,82.0,87.0,80.0,90.0,78.0,50.0,65.0,77.0,55.0
0,0.0,0.0,22.0,0.0,0.0,80.0,78.0,82.0,76.0,74.0,79.0,85.0,82.0,88.0,76.0,50.0,65.0,74.0,50.0
0,0.0,0.0,2.0,0.0,0.0,75.0,79.0,83.0,74.0,76.0,69.0,84.0,88.0,86.0,75.0,40.0,55.0,77.0,40.0
0,0.0,0.0,18.0,0.0,0.0,73.0,77.0,80.0,77.0,82.0,62.0,82.0,86.0,88.0,66.0,45.0,55.0,85.0,40.0
0,0.0,0.0,0.0,0.0,0.0,71.0,79.0,82.0,78.0,70.0,65.0,79.0,77.0,85.0,60.0,45.0,65.0,72.0,40.0
0,0.0,0.0,58.0,0.0,2.0,95.0,84.0,90.0,86.0,77.0,88.0,96.0,93.0,97.0,87.0,66.0,78.0,80.0,60.0
0,0.0,0.0,39.0,0.0,0.0,89.0,85.0,87.0,84.0,67.0,86.0,89.0,82.0,91.0,81.0,65.0,75.0,77.0,50.0
0,0.0,0.0,17.0,0.0,0.0,75.0,85.0,88.0,82.0,70.0,68.0,84.0,80.0,82.0,60.0,55.0,60.0,70.0,51.0
0,0.0,0.0,0.0,0.0,0.0,74.0,78.0,80.0,76.0,70.0,69.0,83.0,77.0,87.0,62.0,55.0,65.0,72.0,50.0
0,0.0,0.0,23.0,0.0,0.0,74.0,78.0,82.0,80.0,73.0,70.0,80.0,82.0,84.0,65.0,65.0,65.0,56.0,32.0
0,0.0,0.0,4.0,0.0,0.0,73.0,84.0,88.0,87.0,65.0,45.0,80.0,74.0,88.0,44.0,68.0,78.0,76.0,45.0
0,0.0,0.0,0.0,0.0,0.0,69.0,78.0,85.0,72.0,75.0,60.0,80.0,78.0,85.0,60.0,50.0,70.0,75.0,60.0
0,0.0,0.0,0.0,0.0,0.0,91.0,80.0,84.0,82.0,75.0,88.0,94.0,86.0,93.0,87.0,70.0,85.0,76.0,55.0
0,0.0,0.0,0.0,0.0,0.0,91.0,80.0,84.0,82.0,75.0,88.0,94.0,86.0,93.0,87.0,70.0,85.0,76.0,55.0
0,0.0,0.0,0.0,0.0,0.0,87.0,86.0,90.0,88.0,68.0,76.0,86.0,82.0,94.0,70.0,65.0,75.0,82.0,45.0
0,0.0,0.0,12.0,0.0,0.0,81.0,86.0,89.0,84.0,74.0,74.0,82.0,78.0,92.0,70.0,45.0,68.0,78.0,40.0
0,0.0,0.0,0.0,0.0,0.0,74.0,84.0,87.0,78.0,72.0,65.0,84.0,77.0,86.0,62.0,50.0,65.0,86.0,40.0
0,0.0,0.0,20.0,0.0,0.0,70.0,80.0,80.0,84.0,82.0,56.0,78.0,79.0,82.0,55.0,40.0,60.0,82.0,77.0
0,0.0,0.0,0.0,0.0,0.0,68.0,79.0,80.0,78.0,72.0,58.0,75.0,75.0,84.0,46.0,60.0,70.0,65.0,40.0
0,0.0,0.0,0.0,0.0,0.0,66.0,82.0,84.0,80.0,74.0,55.0,78.0,74.0,84.0,52.0,45.0,65.0,74.0,40.0
0,0.0,0.0,0.0,0.0,0.0,93.0,84.0,85.0,84.0,76.0,91.0,93.0,95.0,97.0,90.0,65.0,70.0,82.0,65.0
0,0.0,0.0,73.0,0.0,0.0,93.0,84.0,85.0,84.0,76.0,91.0,93.0,95.0,97.0,90.0,65.0,70.0,82.0,65.0
0,0.0,0.0,2.0,0.0,0.0,92.0,82.0,85.0,83.0,85.0,82.0,90.0,92.0,92.0,86.0,60.0,65.0,90.0,57.0
0,0.0,0.0,72.0,0.0,0.0,92.0,82.0,85.0,83.0,85.0,82.0,90.0,92.0,92.0,86.0,60.0,65.0,90.0,57.0
0,0.0,0.0,36.0,0.0,0.0,83.0,85.0,88.0,87.0,68.0,69.0,85.0,82.0,92.0,69.0,60.0,70.0,82.0,65.0
0,0.0,0.0,21.0,0.0,0.0,78.0,84.0,86.0,85.0,69.0,70.0,83.0,78.0,86.0,60.0,48.0,75.0,77.0,50.0
0,0.0,0.0,0.0,0.0,0.0,73.0,78.0,82.0,80.0,71.0,66.0,80.0,75.0,86.0,67.0,50.0,60.0,84.0,45.0
0,0.0,0.0,1.0,0.0,0.0,72.0,78.0,80.0,78.0,72.0,52.0,78.0,77.0,84.0,52.0,67.0,77.0,75.0,50.0
0,0.0,0.0,6.0,0.0,0.0,69.0,75.0,78.0,74.0,75.0,69.0,80.0,82.0,85.0,60.0,40.0,60.0,74.0,35.0
0,0.0,0.0,80.0,1.0,4.0,93.0,87.0,89.0,86.0,69.0,82.0,90.0,84.0,95.0,85.0,70.0,80.0,84.0,55.0
0,0.0,0.0,2.0,1.0,4.0,93.0,87.0,89.0,86.0,69.0,82.0,90.0,84.0,95.0,85.0,70.0,80.0,84.0,55.0
0,0.0,0.0,83.0,0.0,1.0,93.0,80.0,86.0,84.0,66.0,90.0,88.0,74.0,90.0,90.0,82.0,90.0,70.0,80.0
0,0.0,0.0,33.0,0.0,0.0,84.0,85.0,87.0,86.0,75.0,80.0,87.0,86.0,90.0,77.0,58.0,70.0,75.0,60.0
0,0.0,0.0,33.0,0.0,0.0,84.0,86.0,89.0,87.0,68.0,79.0,84.0,78.0,88.0,80.0,62.0,72.0,68.0,60.0
0,0.0,0.0,40.0,1.0,2.0,70.0,80.0,82.0,76.0,72.0,66.0,80.0,72.0,82.0,55.0,50.0,65.0,70.0,60.0
0,0.0,0.0,5.0,0.0,0.0,70.0,80.0,82.0,76.0,72.0,66.0,80.0,72.0,82.0,55.0,50.0,65.0,70.0,60.0
0,0.0,0.0,0.0,0.0,0.0,70.0,83.0,85.0,82.0,78.0,55.0,79.0,74.0,80.0,40.0,60.0,70.0,80.0,60.0
0,0.0,0.0,0.0,0.0,0.0,65.0,80.0,80.0,82.0,74.0,54.0,78.0,76.0,84.0,48.0,45.0,60.0,79.0,40.0
0,0.0,0.0,90.0,1.0,4.0,88.0,82.0,84.0,80.0,76.0,80.0,91.0,88.0,92.0,80.0,50.0,70.0,95.0,60.0
0,0.0,0.0,31.0,0.0,0.0,85.0,79.0,86.0,84.0,77.0,82.0,89.0,85.0,89.0,82.0,65.0,70.0,80.0,80.0
0,0.0,0.0,48.0,0.0,0.0,81.0,82.0,86.0,83.0,76.0,82.0,86.0,85.0,85.0,76.0,55.0,66.0,74.0,45.0
0,0.0,0.0,17.0,0.0,0.0,78.0,82.0,88.0,79.0,67.0,74.0,84.0,79.0,82.0,66.0,55.0,70.0,78.0,64.0
0,0.0,0.0,0.0,0.0,0.0,76.0,80.0,86.0,78.0,68.0,72.0,82.0,82.0,85.0,65.0,50.0,70.0,70.0,40.0
0,0.0,0.0,0.0,0.0,0.0,76.0,80.0,86.0,78.0,68.0,72.0,82.0,82.0,85.0,65.0,50.0,70.0,70.0,40.0
0,0.0,0.0,9.0,0.0,0.0,76.0,80.0,86.0,78.0,68.0,72.0,82.0,82.0,85.0,65.0,50.0,70.0,70.0,40.0
0,0.0,0.0,0.0,0.0,0.0,68.0,74.0,78.0,78.0,74.0,60.0,80.0,76.0,85.0,54.0,50.0,60.0,74.0,40.0
0,0.0,0.0,47.0,0.0,1.0,92.0,78.0,84.0,75.0,85.0,87.0,95.0,95.0,95.0,88.0,50.0,65.0,96.0,61.0
0,0.0,0.0,66.0,0.0,2.0,87.0,85.0,88.0,86.0,72.0,79.0,85.0,87.0,95.0,79.0,55.0,70.0,75.0,73.0
0,0.0,0.0,46.0,0.0,0.0,81.0,78.0,79.0,72.0,76.0,78.0,85.0,84.0,86.0,75.0,60.0,70.0,72.0,50.0
0,0.0,0.0,0.0,0.0,0.0,71.0,80.0,84.0,86.0,68.0,52.0,76.0,70.0,88.0,42.0,75.0,80.0,74.0,64.0
0,0.0,0.0,0.0,0.0,0.0,69.0,70.0,72.0,64.0,68.0,70.0,80.0,85.0,82.0,55.0,60.0,60.0,76.0,30.0
0,0.0,0.0,10.0,0.0,0.0,69.0,79.0,82.0,76.0,75.0,66.0,79.0,78.0,85.0,60.0,50.0,65.0,66.0,30.0
0,0.0,0.0,0.0,0.0,0.0,68.0,74.0,77.0,70.0,72.0,65.0,78.0,78.0,83.0,58.0,55.0,65.0,60.0,50.0
0,0.0,0.0,65.0,1.0,2.0,95.0,87.0,88.0,80.0,82.0,83.0,90.0,90.0,90.0,82.0,75.0,80.0,84.0,86.0
0,0.0,0.0,66.0,1.0,1.0,88.0,79.0,78.0,72.0,78.0,90.0,88.0,78.0,90.0,86.0,60.0,70.0,80.0,80.0
0,0.0,0.0,70.0,0.0,1.0,86.0,75.0,78.0,72.0,72.0,96.0,89.0,85.0,90.0,94.0,60.0,75.0,74.0,85.0
0,0.0,0.0,51.0,1.0,2.0,82.0,86.0,90.0,86.0,79.0,66.0,86.0,88.0,93.0,66.0,60.0,75.0,86.0,45.0
0,0.0,0.0,26.0,0.0,0.0,80.0,78.0,82.0,74.0,77.0,79.0,86.0,85.0,89.0,79.0,50.0,65.0,81.0,68.0
0,0.0,0.0,0.0,0.0,0.0,74.0,85.0,90.0,82.0,72.0,59.0,84.0,80.0,90.0,50.0,45.0,60.0,80.0,40.0
0,0.0,0.0,0.0,0.0,0.0,71.0,77.0,84.0,78.0,74.0,58.0,77.0,80.0,79.0,68.0,60.0,66.0,60.0,30.0
0,0.0,0.0,0.0,0.0,0.0,70.0,76.0,77.0,72.0,74.0,66.0,82.0,77.0,82.0,65.0,60.0,64.0,77.0,45.0
0,0.0,0.0,56.0,0.0,3.0,91.0,85.0,88.0,85.0,72.0,84.0,91.0,85.0,95.0,89.0,78.0,84.0,82.0,66.0
0,0.0,0.0,46.0,0.0,0.0,84.0,82.0,86.0,79.0,73.0,85.0,85.0,82.0,90.0,85.0,55.0,65.0,68.0,53.0
0,0.0,0.0,29.0,0.0,0.0,83.0,80.0,82.0,77.0,73.0,82.0,86.0,82.0,86.0,78.0,64.0,74.0,68.0,55.0
0,0.0,0.0,41.0,0.0,0.0,80.0,78.0,85.0,77.0,73.0,78.0,85.0,82.0,90.0,76.0,55.0,65.0,68.0,60.0
0,0.0,0.0,12.0,0.0,0.0,64.0,74.0,75.0,74.0,77.0,56.0,78.0,78.0,86.0,48.0,45.0,55.0,82.0,40.0
0,0.0,0.0,0.0,0.0,0.0,64.0,74.0,75.0,70.0,70.0,71.0,78.0,85.0,80.0,60.0,40.0,45.0,47.0,29.0
0,0.0,0.0,0.0,0.0,0.0,95.0,85.0,88.0,85.0,76.0,88.0,94.0,92.0,95.0,92.0,77.0,80.0,84.0,57.0
0,0.0,0.0,37.0,0.0,0.0,81.0,82.0,88.0,75.0,78.0,74.0,84.0,86.0,88.0,69.0,49.0,69.0,74.0,58.0
0,0.0,0.0,39.0,0.0,0.0,78.0,78.0,82.0,78.0,76.0,75.0,81.0,82.0,89.0,78.0,45.0,65.0,70.0,40.0
0,0.0,0.0,6.0,0.0,0.0,77.0,82.0,85.0,85.0,73.0,68.0,82.0,78.0,88.0,58.0,55.0,70.0,74.0,32.0
0,0.0,0.0,9.0,0.0,0.0,73.0,80.0,82.0,75.0,78.0,65.0,83.0,80.0,86.0,60.0,48.0,68.0,80.0,40.0
0,0.0,0.0,21.0,0.0,2.0,72.0,79.0,82.0,80.0,70.0,62.0,77.0,69.0,85.0,60.0,60.0,75.0,62.0,47.0
0,0.0,0.0,7.0,0.0,0.0,72.0,84.0,85.0,84.0,70.0,46.0,79.0,75.0,85.0,48.0,60.0,75.0,80.0,45.0
0,0.0,0.0,0.0,0.0,0.0,72.0,77.0,82.0,73.0,70.0,76.0,83.0,78.0,85.0,65.0,45.0,60.0,70.0,30.0
0,0.0,0.0,75.0,0.0,0.0,90.0,82.0,85.0,84.0,76.0,82.0,94.0,91.0,95.0,84.0,55.0,75.0,85.0,55.0
0,0.0,0.0,61.0,0.0,0.0,87.0,82.0,88.0,84.0,78.0,78.0,87.0,85.0,92.0,78.0,50.0,70.0,82.0,60.0
0,0.0,0.0,50.0,0.0,0.0,85.0,78.0,83.0,77.0,74.0,86.0,88.0,89.0,93.0,86.0,55.0,70.0,78.0,50.0
0,0.0,0.0,6.0,0.0,0.0,82.0,85.0,92.0,82.0,87.0,64.0,84.0,87.0,86.0,60.0,55.0,65.0,90.0,30.0
0,0.0,0.0,0.0,0.0,0.0,79.0,78.0,86.0,77.0,76.0,70.0,78.0,86.0,90.0,70.0,65.0,75.0,70.0,60.0
0,0.0,0.0,49.0,0.0,0.0,79.0,78.0,86.0,77.0,76.0,70.0,78.0,86.0,90.0,70.0,65.0,75.0,70.0,60.0
0,0.0,0.0,0.0,0.0,0.0,72.0,72.0,77.0,73.0,72.0,85.0,85.0,78.0,89.0,72.0,35.0,40.0,77.0,64.0
0,0.0,0.0,31.0,0.0,0.0,71.0,74.0,76.0,68.0,78.0,72.0,78.0,82.0,82.0,70.0,45.0,65.0,60.0,50.0
0,0.0,0.0,0.0,0.0,0.0,68.0,74.0,78.0,70.0,71.0,72.0,81.0,72.0,79.0,65.0,40.0,55.0,76.0,30.0
0,0.0,0.0,38.0,0.0,0.0,92.0,80.0,82.0,75.0,79.0,85.0,95.0,92.0,96.0,90.0,65.0,85.0,76.0,67.0
0,0.0,0.0,33.0,0.0,0.0,91.0,88.0,92.0,88.0,70.0,74.0,86.0,84.0,91.0,74.0,75.0,85.0,78.0,68.0
0,0.0,0.0,0.0,0.0,0.0,79.0,83.0,85.0,80.0,69.0,79.0,84.0,77.0,86.0,69.0,60.0,65.0,68.0,55.0
0,0.0,0.0,21.0,0.0,0.0,79.0,83.0,85.0,80.0,69.0,79.0,84.0,77.0,86.0,69.0,60.0,65.0,68.0,55.0
0,0.0,0.0,42.0,0.0,0.0,78.0,81.0,84.0,76.0,76.0,77.0,83.0,80.0,84.0,68.0,60.0,65.0,70.0,40.0
0,0.0,0.0,9.0,0.0,0.0,78.0,81.0,84.0,76.0,76.0,77.0,83.0,80.0,84.0,68.0,60.0,65.0,70.0,40.0
0,0.0,0.0,13.0,0.0,0.0,78.0,81.0,84.0,76.0,76.0,77.0,83.0,80.0,84.0,68.0,60.0,65.0,70.0,40.0
0,0.0,0.0,4.0,0.0,0.0,78.0,81.0,84.0,76.0,76.0,77.0,83.0,80.0,84.0,68.0,60.0,65.0,70.0,40.0
0,0.0,0.0,5.0,0.0,0.0,67.0,87.0,87.0,86.0,75.0,46.0,80.0,74.0,84.0,35.0,65.0,60.0,74.0,48.0
0,0.0,0.0,0.0,0.0,0.0,65.0,78.0,80.0,79.0,75.0,58.0,77.0,76.0,80.0,48.0,45.0,55.0,70.0,35.0
0,0.0,0.0,0.0,0.0,0.0,62.0,77.0,78.0,73.0,69.0,52.0,79.0,76.0,82.0,60.0,45.0,55.0,65.0,40.0
0,0.0,0.0,25.0,0.0,0.0,87.0,82.0,87.0,87.0,72.0,79.0,87.0,85.0,92.0,80.0,55.0,75.0,75.0,65.0
0,0.0,0.0,29.0,0.0,0.0,81.0,78.0,82.0,78.0,78.0,78.0,85.0,84.0,90.0,72.0,45.0,65.0,78.0,45.0
0,0.0,0.0,19.0,0.0,0.0,79.0,78.0,82.0,76.0,78.0,79.0,86.0,86.0,85.0,70.0,45.0,70.0,78.0,40.0
0,0.0,0.0,14.0,0.0,0.0,73.0,74.0,75.0,73.0,73.0,72.0,79.0,78.0,86.0,68.0,55.0,70.0,64.0,36.0
0,0.0,0.0,0.0,0.0,0.0,68.0,78.0,78.0,80.0,74.0,59.0,82.0,80.0,80.0,55.0,50.0,65.0,78.0,55.0
0,0.0,0.0,0.0,0.0,0.0,64.0,80.0,82.0,78.0,70.0,58.0,74.0,72.0,82.0,46.0,45.0,60.0,70.0,40.0
0,0.0,0.0,0.0,0.0,0.0,93.0,83.0,88.0,77.0,86.0,82.0,90.0,96.0,97.0,82.0,55.0,68.0,92.0,60.0
0,0.0,0.0,95.0,1.0,2.0,92.0,78.0,80.0,80.0,82.0,90.0,93.0,95.0,96.0,93.0,55.0,70.0,90.0,72.0
0,0.0,0.0,62.0,0.0,0.0,86.0,80.0,84.0,82.0,75.0,86.0,88.0,88.0,91.0,82.0,62.0,70.0,82.0,54.0
0,0.0,0.0,54.0,0.0,1.0,79.0,82.0,88.0,76.0,80.0,68.0,82.0,85.0,90.0,65.0,50.0,65.0,77.0,40.0
0,0.0,0.0,72.0,0.0,1.0,75.0,85.0,92.0,88.0,72.0,60.0,82.0,80.0,90.0,50.0,70.0,75.0,84.0,70.0
0,0.0,0.0,53.0,0.0,0.0,75.0,84.0,92.0,81.0,67.0,59.0,81.0,78.0,91.0,54.0,54.0,67.0,80.0,55.0
0,0.0,0.0,1.0,0.0,0.0,75.0,84.0,92.0,81.0,67.0,59.0,81.0,78.0,91.0,54.0,54.0,67.0,80.0,55.0
0,0.0,0.0,0.0,0.0,0.0,75.0,84.0,92.0,81.0,67.0,59.0,81.0,78.0,91.0,54.0,54.0,67.0,80.0,55.0
0,0.0,0.0,13.0,0.0,0.0,74.0,82.0,85.0,83.0,77.0,68.0,81.0,78.0,87.0,62.0,55.0,65.0,80.0,45.0
0,0.0,0.0,0.0,0.0,0.0,73.0,80.0,82.0,78.0,75.0,60.0,82.0,82.0,90.0,55.0,40.0,70.0,75.0,60.0
0,0.0,0.0,0.0,0.0,0.0,70.0,77.0,79.0,72.0,72.0,69.0,80.0,74.0,82.0,64.0,50.0,60.0,74.0,55.0
0,0.0,0.0,40.0,1.0,3.0,97.0,87.0,95.0,88.0,88.0,85.0,93.0,98.0,95.0,78.0,55.0,70.0,97.0,50.0
0,0.0,0.0,54.0,0.0,1.0,92.0,87.0,92.0,85.0,79.0,80.0,96.0,88.0,95.0,75.0,59.0,66.0,82.0,65.0
0,0.0,0.0,0.0,0.0,0.0,86.0,79.0,85.0,84.0,74.0,80.0,90.0,86.0,93.0,79.0,65.0,80.0,78.0,65.0
0,0.0,0.0,59.0,0.0,0.0,80.0,74.0,74.0,72.0,74.0,85.0,87.0,87.0,90.0,85.0,48.0,60.0,74.0,50.0
0,0.0,0.0,0.0,0.0,0.0,80.0,74.0,74.0,72.0,74.0,85.0,87.0,87.0,90.0,85.0,48.0,60.0,74.0,50.0
0,0.0,0.0,18.0,0.0,0.0,78.0,75.0,78.0,76.0,78.0,78.0,85.0,88.0,88.0,77.0,45.0,65.0,77.0,45.0
0,0.0,0.0,0.0,0.0,0.0,72.0,80.0,85.0,79.0,77.0,65.0,80.0,80.0,85.0,55.0,40.0,60.0,78.0,45.0
0,0.0,0.0,0.0,0.0,0.0,70.0,80.0,84.0,76.0,67.0,66.0,80.0,78.0,84.0,66.0,45.0,55.0,66.0,45.0
0,0.0,0.0,2.0,0.0,0.0,70.0,80.0,84.0,76.0,76.0,62.0,82.0,82.0,85.0,45.0,45.0,70.0,82.0,50.0
0,0.0,0.0,12.0,0.0,0.0,70.0,82.0,87.0,80.0,71.0,60.0,84.0,85.0,84.0,60.0,40.0,45.0,79.0,60.0
0,0.0,0.0,93.0,5.0,7.0,96.0,91.0,96.0,88.0,88.0,80.0,96.0,94.0,98.0,85.0,60.0,70.0,95.0,55.0
0,0.0,0.0,47.0,0.0,0.0,85.0,90.0,95.0,89.0,73.0,77.0,86.0,83.0,91.0,69.0,55.0,70.0,70.0,45.0
0,0.0,0.0,31.0,0.0,0.0,80.0,74.0,76.0,70.0,74.0,88.0,86.0,88.0,90.0,85.0,40.0,60.0,74.0,48.0
0,0.0,0.0,22.0,0.0,0.0,79.0,78.0,86.0,76.0,76.0,77.0,82.0,84.0,86.0,78.0,45.0,65.0,70.0,79.0
0,0.0,0.0,8.0,0.0,0.0,77.0,85.0,89.0,77.0,71.0,70.0,84.0,82.0,92.0,68.0,50.0,65.0,78.0,60.0
0,0.0,0.0,0.0,0.0,0.0,76.0,79.0,82.0,79.0,79.0,72.0,82.0,82.0,85.0,72.0,55.0,70.0,73.0,45.0
0,0.0,0.0,0.0,0.0,0.0,76.0,79.0,82.0,79.0,79.0,72.0,82.0,82.0,85.0,72.0,55.0,70.0,73.0,45.0
0,0.0,0.0,38.0,0.0,0.0,74.0,80.0,84.0,82.0,74.0,68.0,80.0,84.0,86.0,65.0,40.0,60.0,74.0,40.0
0,0.0,0.0,0.0,0.0,0.0,72.0,77.0,80.0,78.0,77.0,72.0,83.0,75.0,85.0,64.0,40.0,55.0,75.0,45.0
0,0.0,0.0,10.0,0.0,0.0,67.0,80.0,80.0,82.0,65.0,56.0,80.0,75.0,85.0,50.0,60.0,70.0,76.0,45.0
0,0.0,0.0,49.0,1.0,3.0,97.0,85.0,94.0,85.0,78.0,90.0,96.0,94.0,98.0,94.0,60.0,80.0,89.0,59.0
0,0.0,0.0,69.0,1.0,5.0,95.0,86.0,92.0,88.0,74.0,82.0,90.0,90.0,98.0,86.0,70.0,75.0,85.0,65.0
0,0.0,0.0,37.0,0.0,0.0,89.0,83.0,87.0,79.0,82.0,84.0,89.0,88.0,90.0,80.0,55.0,70.0,84.0,66.0
0,0.0,0.0,61.0,0.0,0.0,75.0,77.0,75.0,75.0,78.0,70.0,85.0,84.0,86.0,70.0,50.0,65.0,80.0,60.0
0,0.0,0.0,0.0,0.0,0.0,75.0,77.0,75.0,75.0,78.0,70.0,85.0,84.0,86.0,70.0,50.0,65.0,80.0,60.0
0,0.0,0.0,0.0,0.0,0.0,69.0,75.0,77.0,76.0,78.0,64.0,78.0,82.0,80.0,50.0,50.0,65.0,75.0,50.0
0,0.0,0.0,10.0,0.0,0.0,69.0,83.0,84.0,82.0,67.0,66.0,80.0,70.0,84.0,60.0,60.0,50.0,59.0,50.0
0,0.0,0.0,59.0,0.0,0.0,92.0,88.0,95.0,90.0,72.0,86.0,93.0,85.0,98.0,85.0,75.0,80.0,72.0,49.0
0,0.0,0.0,35.0,0.0,0.0,85.0,87.0,86.0,86.0,67.0,77.0,84.0,80.0,92.0,70.0,60.0,75.0,84.0,78.0
0,0.0,0.0,38.0,0.0,0.0,79.0,78.0,82.0,82.0,74.0,78.0,84.0,79.0,88.0,70.0,65.0,65.0,62.0,35.0
0,0.0,0.0,0.0,0.0,0.0,72.0,79.0,80.0,84.0,68.0,56.0,77.0,72.0,79.0,52.0,72.0,78.0,77.0,70.0
0,0.0,0.0,1.0,0.0,0.0,68.0,74.0,75.0,72.0,74.0,72.0,80.0,79.0,85.0,65.0,40.0,60.0,65.0,40.0
0,0.0,0.0,0.0,0.0,0.0,66.0,79.0,82.0,77.0,70.0,56.0,77.0,72.0,85.0,50.0,40.0,60.0,85.0,50.0
0,0.0,0.0,142.0,5.0,11.0,93.0,80.0,80.0,80.0,71.0,90.0,90.0,77.0,90.0,90.0,80.0,85.0,84.0,86.0
0,0.0,0.0,38.0,0.0,1.0,91.0,84.0,88.0,86.0,66.0,86.0,88.0,72.0,93.0,85.0,75.0,84.0,72.0,69.0
0,0.0,0.0,41.0,0.0,0.0,89.0,82.0,90.0,77.0,78.0,87.0,93.0,89.0,94.0,86.0,50.0,70.0,80.0,48.0
0,0.0,0.0,18.0,0.0,0.0,74.0,87.0,88.0,84.0,66.0,66.0,79.0,66.0,86.0,60.0,60.0,70.0,70.0,55.0
0,0.0,0.0,9.0,0.0,0.0,71.0,82.0,84.0,78.0,69.0,70.0,80.0,80.0,84.0,68.0,45.0,65.0,66.0,45.0
0,0.0,0.0,11.0,0.0,0.0,68.0,88.0,88.0,86.0,70.0,55.0,77.0,70.0,85.0,48.0,50.0,60.0,70.0,45.0
0,0.0,0.0,74.0,1.0,1.0,97.0,86.0,88.0,86.0,74.0,82.0,91.0,90.0,92.0,86.0,75.0,85.0,90.0,68.0
0,0.0,0.0,42.0,0.0,0.0,89.0,77.0,83.0,76.0,74.0,87.0,92.0,87.0,94.0,84.0,65.0,70.0,79.0,82.0
0,0.0,0.0,0.0,0.0,0.0,79.0,78.0,84.0,79.0,74.0,79.0,85.0,84.0,90.0,73.0,50.0,65.0,78.0,48.0
0,0.0,0.0,49.0,0.0,0.0,79.0,80.0,85.0,83.0,72.0,77.0,85.0,84.0,90.0,69.0,55.0,70.0,80.0,60.0
0,0.0,0.0,3.0,0.0,0.0,75.0,84.0,87.0,86.0,76.0,46.0,78.0,77.0,86.0,55.0,65.0,75.0,78.0,45.0
0,0.0,0.0,0.0,0.0,0.0,67.0,73.0,75.0,70.0,72.0,69.0,79.0,85.0,84.0,58.0,40.0,55.0,69.0,51.0
0,0.0,0.0,0.0,0.0,0.0,96.0,82.0,85.0,85.0,70.0,93.0,97.0,94.0,98.0,93.0,68.0,80.0,82.0,55.0
0,0.0,0.0,0.0,0.0,0.0,89.0,82.0,82.0,82.0,76.0,85.0,90.0,87.0,90.0,85.0,65.0,64.0,75.0,64.0
0,0.0,0.0,53.0,0.0,1.0,89.0,82.0,82.0,82.0,76.0,85.0,90.0,87.0,90.0,85.0,65.0,64.0,75.0,64.0
0,0.0,0.0,38.0,0.0,0.0,88.0,84.0,88.0,85.0,68.0,79.0,87.0,85.0,89.0,79.0,67.0,77.0,78.0,66.0
0,0.0,0.0,9.0,0.0,0.0,74.0,77.0,79.0,77.0,68.0,70.0,85.0,78.0,88.0,66.0,55.0,75.0,74.0,60.0
0,0.0,0.0,0.0,0.0,0.0,70.0,78.0,79.0,76.0,68.0,68.0,80.0,74.0,82.0,60.0,50.0,59.0,77.0,35.0
0,0.0,0.0,2.0,0.0,0.0,65.0,73.0,78.0,71.0,74.0,62.0,83.0,79.0,80.0,65.0,40.0,50.0,55.0,25.0
0,0.0,27.0,81.0,0.0,0.0,89.0,79.0,87.0,0.0,0.0,0.0,0.0,0.0,0.0,0.0,0.0,0.0,0.0,0.0
0,0.0,28.0,27.0,0.0,0.0,79.0,71.0,80.0,0.0,0.0,0.0,0.0,0.0,0.0,0.0,0.0,0.0,0.0,0.0
0,0.0,33.0,43.0,0.0,0.0,76.0,67.0,85.0,0.0,0.0,0.0,0.0,0.0,0.0,0.0,0.0,0.0,0.0,0.0
0,0.0,32.0,46.0,0.0,0.0,72.0,70.0,74.0,0.0,0.0,0.0,0.0,0.0,0.0,0.0,0.0,0.0,0.0,0.0
0,0.0,22.0,0.0,0.0,0.0,65.0,75.0,83.0,0.0,0.0,0.0,0.0,0.0,0.0,0.0,0.0,0.0,0.0,0.0
0,0.0,24.0,0.0,0.0,0.0,63.0,75.0,82.0,0.0,0.0,0.0,0.0,0.0,0.0,0.0,0.0,0.0,0.0,0.0
0,0.0,24.0,0.0,0.0,0.0,55.0,70.0,78.0,0.0,0.0,0.0,0.0,0.0,0.0,0.0,0.0,0.0,0.0,0.0
0,0.0,33.0,0.0,0.0,0.0,80.0,75.0,80.0,0.0,0.0,0.0,0.0,0.0,0.0,0.0,0.0,0.0,0.0,0.0
0,0.0,33.0,73.0,0.0,0.0,80.0,75.0,80.0,0.0,0.0,0.0,0.0,0.0,0.0,0.0,0.0,0.0,0.0,0.0
0,0.0,23.0,49.0,0.0,0.0,80.0,77.0,84.0,0.0,0.0,0.0,0.0,0.0,0.0,0.0,0.0,0.0,0.0,0.0
0,0.0,26.0,27.0,0.0,0.0,66.0,72.0,85.0,0.0,0.0,0.0,0.0,0.0,0.0,0.0,0.0,0.0,0.0,0.0
0,0.0,29.0,6.0,0.0,0.0,62.0,66.0,72.0,0.0,0.0,0.0,0.0,0.0,0.0,0.0,0.0,0.0,0.0,0.0
0,0.0,29.0,22.0,0.0,0.0,59.0,84.0,83.0,0.0,0.0,0.0,0.0,0.0,0.0,0.0,0.0,0.0,0.0,0.0
0,0.0,22.0,2.0,0.0,0.0,55.0,81.0,85.0,0.0,0.0,0.0,0.0,0.0,0.0,0.0,0.0,0.0,0.0,0.0
0,0.0,25.0,0.0,0.0,1.0,54.0,71.0,82.0,0.0,0.0,0.0,0.0,0.0,0.0,0.0,0.0,0.0,0.0,0.0
0,0.0,25.0,1.0,0.0,0.0,54.0,71.0,82.0,0.0,0.0,0.0,0.0,0.0,0.0,0.0,0.0,0.0,0.0,0.0
0,0.0,34.0,0.0,0.0,0.0,97.0,83.0,86.0,0.0,0.0,0.0,0.0,0.0,0.0,0.0,0.0,0.0,0.0,0.0
0,0.0,34.0,160.0,7.0,12.0,97.0,83.0,86.0,0.0,0.0,0.0,0.0,0.0,0.0,0.0,0.0,0.0,0.0,0.0
0,0.0,26.0,110.0,1.0,7.0,90.0,83.0,95.0,0.0,0.0,0.0,0.0,0.0,0.0,0.0,0.0,0.0,0.0,0.0
0,0.0,28.0,55.0,0.0,0.0,79.0,69.0,82.0,0.0,0.0,0.0,0.0,0.0,0.0,0.0,0.0,0.0,0.0,0.0
0,0.0,23.0,29.0,0.0,0.0,71.0,73.0,77.0,0.0,0.0,0.0,0.0,0.0,0.0,0.0,0.0,0.0,0.0,0.0
0,0.0,24.0,7.0,0.0,0.0,70.0,86.0,92.0,0.0,0.0,0.0,0.0,0.0,0.0,0.0,0.0,0.0,0.0,0.0
0,0.0,24.0,9.0,0.0,0.0,65.0,82.0,90.0,0.0,0.0,0.0,0.0,0.0,0.0,0.0,0.0,0.0,0.0,0.0
0,0.0,33.0,0.0,0.0,0.0,63.0,71.0,77.0,0.0,0.0,0.0,0.0,0.0,0.0,0.0,0.0,0.0,0.0,0.0
0,0.0,24.0,0.0,0.0,0.0,63.0,80.0,82.0,0.0,0.0,0.0,0.0,0.0,0.0,0.0,0.0,0.0,0.0,0.0
0,0.0,24.0,2.0,0.0,0.0,50.0,72.0,79.0,0.0,0.0,0.0,0.0,0.0,0.0,0.0,0.0,0.0,0.0,0.0
0,0.0,24.0,58.0,0.0,1.0,82.0,74.0,80.0,0.0,0.0,0.0,0.0,0.0,0.0,0.0,0.0,0.0,0.0,0.0
0,0.0,29.0,37.0,0.0,0.0,81.0,78.0,88.0,0.0,0.0,0.0,0.0,0.0,0.0,0.0,0.0,0.0,0.0,0.0
0,0.0,26.0,0.0,0.0,0.0,70.0,63.0,78.0,0.0,0.0,0.0,0.0,0.0,0.0,0.0,0.0,0.0,0.0,0.0
0,0.0,25.0,19.0,0.0,0.0,68.0,78.0,84.0,0.0,0.0,0.0,0.0,0.0,0.0,0.0,0.0,0.0,0.0,0.0
0,0.0,25.0,0.0,0.0,0.0,62.0,79.0,80.0,0.0,0.0,0.0,0.0,0.0,0.0,0.0,0.0,0.0,0.0,0.0
0,0.0,26.0,40.0,1.0,2.0,58.0,75.0,77.0,0.0,0.0,0.0,0.0,0.0,0.0,0.0,0.0,0.0,0.0,0.0
0,0.0,26.0,5.0,0.0,0.0,58.0,75.0,77.0,0.0,0.0,0.0,0.0,0.0,0.0,0.0,0.0,0.0,0.0,0.0
0,0.0,22.0,5.0,0.0,0.0,56.0,77.0,84.0,0.0,0.0,0.0,0.0,0.0,0.0,0.0,0.0,0.0,0.0,0.0
0,0.0,24.0,55.0,1.0,3.0,92.0,84.0,92.0,0.0,0.0,0.0,0.0,0.0,0.0,0.0,0.0,0.0,0.0,0.0
0,0.0,26.0,80.0,1.0,3.0,85.0,84.0,92.0,0.0,0.0,0.0,0.0,0.0,0.0,0.0,0.0,0.0,0.0,0.0
0,0.0,28.0,28.0,0.0,0.0,69.0,72.0,86.0,0.0,0.0,0.0,0.0,0.0,0.0,0.0,0.0,0.0,0.0,0.0
0,0.0,31.0,55.0,0.0,0.0,67.0,70.0,80.0,0.0,0.0,0.0,0.0,0.0,0.0,0.0,0.0,0.0,0.0,0.0
0,0.0,23.0,13.0,0.0,0.0,62.0,70.0,82.0,0.0,0.0,0.0,0.0,0.0,0.0,0.0,0.0,0.0,0.0,0.0
0,0.0,25.0,0.0,0.0,0.0,61.0,76.0,86.0,0.0,0.0,0.0,0.0,0.0,0.0,0.0,0.0,0.0,0.0,0.0
0,0.0,25.0,31.0,0.0,0.0,61.0,76.0,86.0,0.0,0.0,0.0,0.0,0.0,0.0,0.0,0.0,0.0,0.0,0.0
0,0.0,28.0,98.0,1.0,7.0,95.0,78.0,84.0,0.0,0.0,0.0,0.0,0.0,0.0,0.0,0.0,0.0,0.0,0.0
0,0.0,31.0,119.0,4.0,8.0,94.0,85.0,90.0,0.0,0.0,0.0,0.0,0.0,0.0,0.0,0.0,0.0,0.0,0.0
0,0.0,24.0,0.0,0.0,0.0,68.0,83.0,82.0,0.0,0.0,0.0,0.0,0.0,0.0,0.0,0.0,0.0,0.0,0.0
0,0.0,28.0,34.0,0.0,0.0,68.0,70.0,78.0,0.0,0.0,0.0,0.0,0.0,0.0,0.0,0.0,0.0,0.0,0.0
0,0.0,23.0,0.0,0.0,0.0,63.0,84.0,87.0,0.0,0.0,0.0,0.0,0.0,0.0,0.0,0.0,0.0,0.0,0.0
0,0.0,23.0,1.0,0.0,0.0,57.0,75.0,85.0,0.0,0.0,0.0,0.0,0.0,0.0,0.0,0.0,0.0,0.0,0.0
0,0.0,25.0,5.0,0.0,0.0,57.0,72.0,78.0,0.0,0.0,0.0,0.0,0.0,0.0,0.0,0.0,0.0,0.0,0.0
0,0.0,22.0,49.0,0.0,0.0,79.0,80.0,87.0,0.0,0.0,0.0,0.0,0.0,0.0,0.0,0.0,0.0,0.0,0.0
0,0.0,23.0,24.0,0.0,0.0,78.0,87.0,92.0,0.0,0.0,0.0,0.0,0.0,0.0,0.0,0.0,0.0,0.0,0.0
0,0.0,31.0,54.0,0.0,0.0,75.0,73.0,76.0,0.0,0.0,0.0,0.0,0.0,0.0,0.0,0.0,0.0,0.0,0.0
0,0.0,26.0,0.0,0.0,0.0,74.0,77.0,82.0,0.0,0.0,0.0,0.0,0.0,0.0,0.0,0.0,0.0,0.0,0.0
0,0.0,25.0,2.0,0.0,0.0,66.0,70.0,83.0,0.0,0.0,0.0,0.0,0.0,0.0,0.0,0.0,0.0,0.0,0.0
0,0.0,26.0,6.0,0.0,0.0,61.0,74.0,88.0,0.0,0.0,0.0,0.0,0.0,0.0,0.0,0.0,0.0,0.0,0.0
0,0.0,26.0,13.0,0.0,0.0,48.0,79.0,88.0,0.0,0.0,0.0,0.0,0.0,0.0,0.0,0.0,0.0,0.0,0.0
0,0.0,26.0,0.0,0.0,0.0,48.0,79.0,88.0,0.0,0.0,0.0,0.0,0.0,0.0,0.0,0.0,0.0,0.0,0.0
0,0.0,25.0,61.0,0.0,1.0,86.0,75.0,86.0,0.0,0.0,0.0,0.0,0.0,0.0,0.0,0.0,0.0,0.0,0.0
0,0.0,31.0,50.0,0.0,0.0,79.0,71.0,74.0,0.0,0.0,0.0,0.0,0.0,0.0,0.0,0.0,0.0,0.0,0.0
0,0.0,25.0,44.0,0.0,0.0,78.0,77.0,88.0,0.0,0.0,0.0,0.0,0.0,0.0,0.0,0.0,0.0,0.0,0.0
0,0.0,26.0,9.0,0.0,0.0,71.0,75.0,87.0,0.0,0.0,0.0,0.0,0.0,0.0,0.0,0.0,0.0,0.0,0.0
0,0.0,23.0,1.0,0.0,0.0,68.0,75.0,84.0,0.0,0.0,0.0,0.0,0.0,0.0,0.0,0.0,0.0,0.0,0.0
0,0.0,32.0,31.0,0.0,0.0,67.0,70.0,77.0,0.0,0.0,0.0,0.0,0.0,0.0,0.0,0.0,0.0,0.0,0.0
0,0.0,23.0,3.0,0.0,0.0,61.0,80.0,82.0,0.0,0.0,0.0,0.0,0.0,0.0,0.0,0.0,0.0,0.0,0.0
0,0.0,22.0,13.0,0.0,0.0,59.0,80.0,85.0,0.0,0.0,0.0,0.0,0.0,0.0,0.0,0.0,0.0,0.0,0.0
0,0.0,25.0,0.0,0.0,0.0,50.0,72.0,74.0,0.0,0.0,0.0,0.0,0.0,0.0,0.0,0.0,0.0,0.0,0.0
0,0.0,27.0,100.0,4.0,9.0,98.0,86.0,97.0,0.0,0.0,0.0,0.0,0.0,0.0,0.0,0.0,0.0,0.0,0.0
0,0.0,33.0,81.0,0.0,5.0,86.0,72.0,82.0,0.0,0.0,0.0,0.0,0.0,0.0,0.0,0.0,0.0,0.0,0.0
0,0.0,28.0,53.0,0.0,0.0,82.0,74.0,79.0,0.0,0.0,0.0,0.0,0.0,0.0,0.0,0.0,0.0,0.0,0.0
0,0.0,34.0,68.0,0.0,1.0,80.0,74.0,86.0,0.0,0.0,0.0,0.0,0.0,0.0,0.0,0.0,0.0,0.0,0.0
0,0.0,25.0,34.0,0.0,1.0,72.0,73.0,88.0,0.0,0.0,0.0,0.0,0.0,0.0,0.0,0.0,0.0,0.0,0.0
0,0.0,26.0,11.0,0.0,0.0,62.0,77.0,85.0,0.0,0.0,0.0,0.0,0.0,0.0,0.0,0.0,0.0,0.0,0.0
0,0.0,23.0,6.0,0.0,0.0,55.0,79.0,84.0,0.0,0.0,0.0,0.0,0.0,0.0,0.0,0.0,0.0,0.0,0.0
0,0.0,23.0,4.0,0.0,0.0,54.0,87.0,90.0,0.0,0.0,0.0,0.0,0.0,0.0,0.0,0.0,0.0,0.0,0.0
0,0.0,27.0,48.0,0.0,0.0,86.0,82.0,89.0,0.0,0.0,0.0,0.0,0.0,0.0,0.0,0.0,0.0,0.0,0.0
0,0.0,27.0,4.0,0.0,0.0,86.0,82.0,89.0,0.0,0.0,0.0,0.0,0.0,0.0,0.0,0.0,0.0,0.0,0.0
0,0.0,30.0,44.0,0.0,0.0,75.0,69.0,75.0,0.0,0.0,0.0,0.0,0.0,0.0,0.0,0.0,0.0,0.0,0.0
0,0.0,24.0,27.0,0.0,0.0,74.0,78.0,85.0,0.0,0.0,0.0,0.0,0.0,0.0,0.0,0.0,0.0,0.0,0.0
0,0.0,29.0,22.0,0.0,0.0,68.0,87.0,91.0,0.0,0.0,0.0,0.0,0.0,0.0,0.0,0.0,0.0,0.0,0.0
0,0.0,25.0,3.0,0.0,0.0,66.0,79.0,88.0,0.0,0.0,0.0,0.0,0.0,0.0,0.0,0.0,0.0,0.0,0.0
0,0.0,25.0,63.0,2.0,5.0,65.0,82.0,90.0,0.0,0.0,0.0,0.0,0.0,0.0,0.0,0.0,0.0,0.0,0.0
0,0.0,30.0,21.0,0.0,0.0,65.0,61.0,77.0,0.0,0.0,0.0,0.0,0.0,0.0,0.0,0.0,0.0,0.0,0.0
0,0.0,25.0,5.0,0.0,0.0,63.0,72.0,75.0,0.0,0.0,0.0,0.0,0.0,0.0,0.0,0.0,0.0,0.0,0.0
0,0.0,31.0,69.0,1.0,5.0,90.0,85.0,89.0,0.0,0.0,0.0,0.0,0.0,0.0,0.0,0.0,0.0,0.0,0.0
0,0.0,24.0,29.0,0.0,0.0,88.0,88.0,93.0,0.0,0.0,0.0,0.0,0.0,0.0,0.0,0.0,0.0,0.0,0.0
0,0.0,29.0,62.0,0.0,0.0,78.0,73.0,82.0,0.0,0.0,0.0,0.0,0.0,0.0,0.0,0.0,0.0,0.0,0.0
0,0.0,23.0,2.0,0.0,0.0,63.0,76.0,85.0,0.0,0.0,0.0,0.0,0.0,0.0,0.0,0.0,0.0,0.0,0.0
0,0.0,28.0,7.0,0.0,0.0,59.0,83.0,87.0,0.0,0.0,0.0,0.0,0.0,0.0,0.0,0.0,0.0,0.0,0.0
0,0.0,28.0,14.0,0.0,0.0,59.0,83.0,87.0,0.0,0.0,0.0,0.0,0.0,0.0,0.0,0.0,0.0,0.0,0.0
0,0.0,22.0,45.0,0.0,0.0,56.0,79.0,84.0,0.0,0.0,0.0,0.0,0.0,0.0,0.0,0.0,0.0,0.0,0.0
0,0.0,0.0,142.0,5.0,11.0,77.0,76.0,76.0,0.0,0.0,0.0,0.0,0.0,0.0,0.0,0.0,0.0,0.0,0.0
0,0.0,0.0,83.0,0.0,1.0,71.0,0.0,0.0,0.0,0.0,0.0,0.0,0.0,0.0,0.0,0.0,0.0,0.0,0.0
0,0.0,29.0,55.0,0.0,2.0,93.0,78.0,86.0,0.0,0.0,0.0,0.0,0.0,0.0,0.0,0.0,0.0,0.0,0.0
0,0.0,28.0,60.0,0.0,0.0,84.0,76.0,84.0,0.0,0.0,0.0,0.0,0.0,0.0,0.0,0.0,0.0,0.0,0.0
0,0.0,25.0,55.0,0.0,1.0,78.0,81.0,88.0,0.0,0.0,0.0,0.0,0.0,0.0,0.0,0.0,0.0,0.0,0.0
0,0.0,23.0,0.0,0.0,0.0,77.0,83.0,92.0,0.0,0.0,0.0,0.0,0.0,0.0,0.0,0.0,0.0,0.0,0.0
0,0.0,23.0,94.0,0.0,4.0,77.0,83.0,92.0,0.0,0.0,0.0,0.0,0.0,0.0,0.0,0.0,0.0,0.0,0.0
0,0.0,23.0,77.0,1.0,6.0,77.0,83.0,92.0,0.0,0.0,0.0,0.0,0.0,0.0,0.0,0.0,0.0,0.0,0.0
0,0.0,29.0,25.0,0.0,0.0,68.0,70.0,83.0,0.0,0.0,0.0,0.0,0.0,0.0,0.0,0.0,0.0,0.0,0.0
0,0.0,26.0,22.0,0.0,0.0,62.0,70.0,82.0,0.0,0.0,0.0,0.0,0.0,0.0,0.0,0.0,0.0,0.0,0.0
0,0.0,25.0,18.0,0.0,0.0,60.0,70.0,80.0,0.0,0.0,0.0,0.0,0.0,0.0,0.0,0.0,0.0,0.0,0.0
0,0.0,24.0,0.0,0.0,0.0,58.0,75.0,74.0,0.0,0.0,0.0,0.0,0.0,0.0,0.0,0.0,0.0,0.0,0.0
0,0.0,23.0,1.0,0.0,0.0,50.0,75.0,78.0,0.0,0.0,0.0,0.0,0.0,0.0,0.0,0.0,0.0,0.0,0.0
0,0.0,25.0,58.0,0.0,2.0,88.0,75.0,85.0,0.0,0.0,0.0,0.0,0.0,0.0,0.0,0.0,0.0,0.0,0.0
0,0.0,22.0,52.0,0.0,1.0,78.0,84.0,88.0,0.0,0.0,0.0,0.0,0.0,0.0,0.0,0.0,0.0,0.0,0.0
0,0.0,29.0,38.0,0.0,1.0,68.0,78.0,86.0,0.0,0.0,0.0,0.0,0.0,0.0,0.0,0.0,0.0,0.0,0.0
0,0.0,24.0,4.0,0.0,0.0,67.0,77.0,88.0,0.0,0.0,0.0,0.0,0.0,0.0,0.0,0.0,0.0,0.0,0.0
0,0.0,29.0,23.0,0.0,0.0,64.0,65.0,82.0,0.0,0.0,0.0,0.0,0.0,0.0,0.0,0.0,0.0,0.0,0.0
0,0.0,24.0,0.0,0.0,0.0,63.0,70.0,80.0,0.0,0.0,0.0,0.0,0.0,0.0,0.0,0.0,0.0,0.0,0.0
0,0.0,27.0,0.0,0.0,0.0,59.0,77.0,78.0,0.0,0.0,0.0,0.0,0.0,0.0,0.0,0.0,0.0,0.0,0.0
0,0.0,29.0,17.0,0.0,0.0,59.0,79.0,88.0,0.0,0.0,0.0,0.0,0.0,0.0,0.0,0.0,0.0,0.0,0.0
0,0.0,29.0,0.0,0.0,0.0,82.0,73.0,79.0,0.0,0.0,0.0,0.0,0.0,0.0,0.0,0.0,0.0,0.0,0.0
0,0.0,29.0,0.0,0.0,0.0,82.0,73.0,79.0,0.0,0.0,0.0,0.0,0.0,0.0,0.0,0.0,0.0,0.0,0.0
0,0.0,27.0,12.0,0.0,0.0,65.0,79.0,85.0,0.0,0.0,0.0,0.0,0.0,0.0,0.0,0.0,0.0,0.0,0.0
0,0.0,24.0,20.0,0.0,0.0,65.0,75.0,80.0,0.0,0.0,0.0,0.0,0.0,0.0,0.0,0.0,0.0,0.0,0.0
0,0.0,26.0,0.0,0.0,0.0,64.0,79.0,87.0,0.0,0.0,0.0,0.0,0.0,0.0,0.0,0.0,0.0,0.0,0.0
0,0.0,24.0,0.0,0.0,0.0,62.0,77.0,87.0,0.0,0.0,0.0,0.0,0.0,0.0,0.0,0.0,0.0,0.0,0.0
0,0.0,27.0,4.0,0.0,0.0,60.0,74.0,77.0,0.0,0.0,0.0,0.0,0.0,0.0,0.0,0.0,0.0,0.0,0.0
0,0.0,24.0,0.0,0.0,0.0,57.0,77.0,81.0,0.0,0.0,0.0,0.0,0.0,0.0,0.0,0.0,0.0,0.0,0.0
0,0.0,27.0,2.0,0.0,0.0,85.0,75.0,85.0,0.0,0.0,0.0,0.0,0.0,0.0,0.0,0.0,0.0,0.0,0.0
0,0.0,27.0,72.0,0.0,0.0,85.0,75.0,85.0,0.0,0.0,0.0,0.0,0.0,0.0,0.0,0.0,0.0,0.0,0.0
0,0.0,26.0,21.0,0.0,0.0,75.0,79.0,84.0,0.0,0.0,0.0,0.0,0.0,0.0,0.0,0.0,0.0,0.0,0.0
0,0.0,23.0,36.0,0.0,0.0,72.0,83.0,88.0,0.0,0.0,0.0,0.0,0.0,0.0,0.0,0.0,0.0,0.0,0.0
0,0.0,25.0,6.0,0.0,0.0,63.0,79.0,85.0,0.0,0.0,0.0,0.0,0.0,0.0,0.0,0.0,0.0,0.0,0.0
0,0.0,25.0,0.0,0.0,0.0,50.0,70.0,82.0,0.0,0.0,0.0,0.0,0.0,0.0,0.0,0.0,0.0,0.0,0.0
0,0.0,24.0,1.0,0.0,0.0,49.0,70.0,80.0,0.0,0.0,0.0,0.0,0.0,0.0,0.0,0.0,0.0,0.0,0.0
0,0.0,26.0,80.0,1.0,4.0,83.0,83.0,86.0,0.0,0.0,0.0,0.0,0.0,0.0,0.0,0.0,0.0,0.0,0.0
0,0.0,26.0,2.0,1.0,4.0,83.0,83.0,86.0,0.0,0.0,0.0,0.0,0.0,0.0,0.0,0.0,0.0,0.0,0.0
0,0.0,34.0,66.0,1.0,1.0,81.0,70.0,76.0,0.0,0.0,0.0,0.0,0.0,0.0,0.0,0.0,0.0,0.0,0.0
0,0.0,36.0,115.0,5.0,7.0,80.0,68.0,75.0,0.0,0.0,0.0,0.0,0.0,0.0,0.0,0.0,0.0,0.0,0.0
0,0.0,29.0,33.0,0.0,0.0,69.0,80.0,89.0,0.0,0.0,0.0,0.0,0.0,0.0,0.0,0.0,0.0,0.0,0.0
0,0.0,25.0,75.0,0.0,5.0,65.0,67.0,84.0,0.0,0.0,0.0,0.0,0.0,0.0,0.0,0.0,0.0,0.0,0.0
0,0.0,26.0,0.0,0.0,0.0,65.0,75.0,74.0,0.0,0.0,0.0,0.0,0.0,0.0,0.0,0.0,0.0,0.0,0.0
0,0.0,31.0,13.0,0.0,0.0,61.0,66.0,80.0,0.0,0.0,0.0,0.0,0.0,0.0,0.0,0.0,0.0,0.0,0.0
0,0.0,23.0,0.0,0.0,0.0,56.0,81.0,79.0,0.0,0.0,0.0,0.0,0.0,0.0,0.0,0.0,0.0,0.0,0.0
0,0.0,23.0,0.0,0.0,0.0,56.0,81.0,79.0,0.0,0.0,0.0,0.0,0.0,0.0,0.0,0.0,0.0,0.0,0.0
0,0.0,24.0,0.0,0.0,0.0,54.0,77.0,78.0,0.0,0.0,0.0,0.0,0.0,0.0,0.0,0.0,0.0,0.0,0.0
0,0.0,32.0,90.0,1.0,4.0,94.0,78.0,86.0,0.0,0.0,0.0,0.0,0.0,0.0,0.0,0.0,0.0,0.0,0.0
0,0.0,25.0,31.0,0.0,0.0,81.0,74.0,83.0,0.0,0.0,0.0,0.0,0.0,0.0,0.0,0.0,0.0,0.0,0.0
0,0.0,34.0,118.0,3.0,6.0,79.0,83.0,88.0,0.0,0.0,0.0,0.0,0.0,0.0,0.0,0.0,0.0,0.0,0.0
0,0.0,34.0,0.0,0.0,0.0,79.0,83.0,88.0,0.0,0.0,0.0,0.0,0.0,0.0,0.0,0.0,0.0,0.0,0.0
0,0.0,29.0,48.0,0.0,0.0,71.0,74.0,86.0,0.0,0.0,0.0,0.0,0.0,0.0,0.0,0.0,0.0,0.0,0.0
0,0.0,26.0,27.0,0.0,0.0,67.0,69.0,79.0,0.0,0.0,0.0,0.0,0.0,0.0,0.0,0.0,0.0,0.0,0.0
0,0.0,28.0,17.0,0.0,0.0,65.0,74.0,88.0,0.0,0.0,0.0,0.0,0.0,0.0,0.0,0.0,0.0,0.0,0.0
0,0.0,27.0,0.0,0.0,0.0,65.0,73.0,82.0,0.0,0.0,0.0,0.0,0.0,0.0,0.0,0.0,0.0,0.0,0.0
0,0.0,27.0,0.0,0.0,0.0,65.0,73.0,82.0,0.0,0.0,0.0,0.0,0.0,0.0,0.0,0.0,0.0,0.0,0.0
0,0.0,27.0,9.0,0.0,0.0,65.0,73.0,82.0,0.0,0.0,0.0,0.0,0.0,0.0,0.0,0.0,0.0,0.0,0.0
0,0.0,24.0,0.0,0.0,0.0,58.0,78.0,78.0,0.0,0.0,0.0,0.0,0.0,0.0,0.0,0.0,0.0,0.0,0.0
0,0.0,25.0,5.0,0.0,0.0,55.0,71.0,86.0,0.0,0.0,0.0,0.0,0.0,0.0,0.0,0.0,0.0,0.0,0.0
0,0.0,26.0,66.0,0.0,2.0,83.0,76.0,85.0,0.0,0.0,0.0,0.0,0.0,0.0,0.0,0.0,0.0,0.0,0.0
0,0.0,29.0,47.0,0.0,1.0,80.0,68.0,78.0,0.0,0.0,0.0,0.0,0.0,0.0,0.0,0.0,0.0,0.0,0.0
0,0.0,30.0,46.0,0.0,0.0,66.0,67.0,79.0,0.0,0.0,0.0,0.0,0.0,0.0,0.0,0.0,0.0,0.0,0.0
0,0.0,24.0,21.0,0.0,0.0,63.0,73.0,76.0,0.0,0.0,0.0,0.0,0.0,0.0,0.0,0.0,0.0,0.0,0.0
0,0.0,23.0,0.0,0.0,0.0,62.0,70.0,79.0,0.0,0.0,0.0,0.0,0.0,0.0,0.0,0.0,0.0,0.0,0.0
0,0.0,25.0,0.0,0.0,0.0,60.0,80.0,80.0,0.0,0.0,0.0,0.0,0.0,0.0,0.0,0.0,0.0,0.0,0.0
0,0.0,27.0,0.0,0.0,0.0,55.0,73.0,77.0,0.0,0.0,0.0,0.0,0.0,0.0,0.0,0.0,0.0,0.0,0.0
0,0.0,32.0,65.0,1.0,2.0,90.0,87.0,88.0,0.0,0.0,0.0,0.0,0.0,0.0,0.0,0.0,0.0,0.0,0.0
0,0.0,23.0,51.0,1.0,2.0,88.0,85.0,92.0,0.0,0.0,0.0,0.0,0.0,0.0,0.0,0.0,0.0,0.0,0.0
0,0.0,36.0,70.0,0.0,1.0,81.0,67.0,75.0,0.0,0.0,0.0,0.0,0.0,0.0,0.0,0.0,0.0,0.0,0.0
0,0.0,24.0,0.0,0.0,0.0,70.0,85.0,86.0,0.0,0.0,0.0,0.0,0.0,0.0,0.0,0.0,0.0,0.0,0.0
0,0.0,27.0,0.0,0.0,0.0,67.0,73.0,84.0,0.0,0.0,0.0,0.0,0.0,0.0,0.0,0.0,0.0,0.0,0.0
0,0.0,29.0,22.0,0.0,0.0,65.0,70.0,86.0,0.0,0.0,0.0,0.0,0.0,0.0,0.0,0.0,0.0,0.0,0.0
0,0.0,24.0,0.0,0.0,0.0,63.0,73.0,86.0,0.0,0.0,0.0,0.0,0.0,0.0,0.0,0.0,0.0,0.0,0.0
0,0.0,27.0,0.0,0.0,0.0,55.0,67.0,77.0,0.0,0.0,0.0,0.0,0.0,0.0,0.0,0.0,0.0,0.0,0.0
0,0.0,27.0,56.0,0.0,3.0,87.0,83.0,88.0,0.0,0.0,0.0,0.0,0.0,0.0,0.0,0.0,0.0,0.0,0.0
0,0.0,30.0,1.0,0.0,0.0,74.0,79.0,82.0,0.0,0.0,0.0,0.0,0.0,0.0,0.0,0.0,0.0,0.0,0.0
0,0.0,30.0,30.0,0.0,1.0,74.0,79.0,82.0,0.0,0.0,0.0,0.0,0.0,0.0,0.0,0.0,0.0,0.0,0.0
0,0.0,32.0,29.0,0.0,0.0,71.0,71.0,82.0,0.0,0.0,0.0,0.0,0.0,0.0,0.0,0.0,0.0,0.0,0.0
0,0.0,30.0,46.0,0.0,0.0,68.0,75.0,86.0,0.0,0.0,0.0,0.0,0.0,0.0,0.0,0.0,0.0,0.0,0.0
0,0.0,29.0,41.0,0.0,0.0,68.0,77.0,85.0,0.0,0.0,0.0,0.0,0.0,0.0,0.0,0.0,0.0,0.0,0.0
0,0.0,24.0,0.0,0.0,0.0,59.0,75.0,79.0,0.0,0.0,0.0,0.0,0.0,0.0,0.0,0.0,0.0,0.0,0.0
0,0.0,31.0,0.0,0.0,0.0,51.0,68.0,75.0,0.0,0.0,0.0,0.0,0.0,0.0,0.0,0.0,0.0,0.0,0.0
0,0.0,22.0,1.0,0.0,0.0,51.0,87.0,86.0,0.0,0.0,0.0,0.0,0.0,0.0,0.0,0.0,0.0,0.0,0.0
0,0.0,24.0,12.0,0.0,0.0,44.0,63.0,75.0,0.0,0.0,0.0,0.0,0.0,0.0,0.0,0.0,0.0,0.0,0.0
0,0.0,30.0,0.0,0.0,0.0,86.0,77.0,85.0,0.0,0.0,0.0,0.0,0.0,0.0,0.0,0.0,0.0,0.0,0.0
0,0.0,27.0,41.0,0.0,0.0,82.0,82.0,88.0,0.0,0.0,0.0,0.0,0.0,0.0,0.0,0.0,0.0,0.0,0.0
0,0.0,32.0,39.0,0.0,0.0,74.0,74.0,80.0,0.0,0.0,0.0,0.0,0.0,0.0,0.0,0.0,0.0,0.0,0.0
0,0.0,23.0,2.0,0.0,0.0,74.0,83.0,85.0,0.0,0.0,0.0,0.0,0.0,0.0,0.0,0.0,0.0,0.0,0.0
0,0.0,25.0,21.0,0.0,2.0,72.0,75.0,82.0,0.0,0.0,0.0,0.0,0.0,0.0,0.0,0.0,0.0,0.0,0.0
0,0.0,25.0,7.0,0.0,0.0,64.0,73.0,84.0,0.0,0.0,0.0,0.0,0.0,0.0,0.0,0.0,0.0,0.0,0.0
0,0.0,26.0,0.0,0.0,0.0,59.0,68.0,80.0,0.0,0.0,0.0,0.0,0.0,0.0,0.0,0.0,0.0,0.0,0.0
0,0.0,23.0,9.0,0.0,0.0,59.0,71.0,82.0,0.0,0.0,0.0,0.0,0.0,0.0,0.0,0.0,0.0,0.0,0.0
0,0.0,29.0,0.0,0.0,0.0,90.0,78.0,84.0,0.0,0.0,0.0,0.0,0.0,0.0,0.0,0.0,0.0,0.0,0.0
0,0.0,28.0,61.0,0.0,0.0,82.0,77.0,88.0,0.0,0.0,0.0,0.0,0.0,0.0,0.0,0.0,0.0,0.0,0.0
0,0.0,30.0,0.0,0.0,0.0,75.0,73.0,86.0,0.0,0.0,0.0,0.0,0.0,0.0,0.0,0.0,0.0,0.0,0.0
0,0.0,30.0,49.0,0.0,0.0,75.0,73.0,86.0,0.0,0.0,0.0,0.0,0.0,0.0,0.0,0.0,0.0,0.0,0.0
0,0.0,25.0,75.0,0.0,0.0,74.0,72.0,77.0,0.0,0.0,0.0,0.0,0.0,0.0,0.0,0.0,0.0,0.0,0.0
0,0.0,23.0,6.0,0.0,0.0,70.0,75.0,87.0,0.0,0.0,0.0,0.0,0.0,0.0,0.0,0.0,0.0,0.0,0.0
0,0.0,24.0,0.0,0.0,0.0,64.0,75.0,79.0,0.0,0.0,0.0,0.0,0.0,0.0,0.0,0.0,0.0,0.0,0.0
0,0.0,34.0,0.0,0.0,0.0,61.0,69.0,75.0,0.0,0.0,0.0,0.0,0.0,0.0,0.0,0.0,0.0,0.0,0.0
0,0.0,25.0,0.0,0.0,0.0,55.0,72.0,84.0,0.0,0.0,0.0,0.0,0.0,0.0,0.0,0.0,0.0,0.0,0.0
0,0.0,27.0,38.0,0.0,0.0,87.0,75.0,82.0,0.0,0.0,0.0,0.0,0.0,0.0,0.0,0.0,0.0,0.0,0.0
0,0.0,26.0,33.0,0.0,0.0,85.0,86.0,92.0,0.0,0.0,0.0,0.0,0.0,0.0,0.0,0.0,0.0,0.0,0.0
0,0.0,25.0,0.0,0.0,0.0,65.0,76.0,78.0,0.0,0.0,0.0,0.0,0.0,0.0,0.0,0.0,0.0,0.0,0.0
0,0.0,29.0,42.0,0.0,0.0,58.0,80.0,84.0,0.0,0.0,0.0,0.0,0.0,0.0,0.0,0.0,0.0,0.0,0.0
0,0.0,29.0,9.0,0.0,0.0,58.0,80.0,84.0,0.0,0.0,0.0,0.0,0.0,0.0,0.0,0.0,0.0,0.0,0.0
0,0.0,29.0,13.0,0.0,0.0,58.0,80.0,84.0,0.0,0.0,0.0,0.0,0.0,0.0,0.0,0.0,0.0,0.0,0.0
0,0.0,29.0,4.0,0.0,0.0,58.0,80.0,84.0,0.0,0.0,0.0,0.0,0.0,0.0,0.0,0.0,0.0,0.0,0.0
0,0.0,26.0,0.0,0.0,0.0,48.0,75.0,84.0,0.0,0.0,0.0,0.0,0.0,0.0,0.0,0.0,0.0,0.0,0.0
0,0.0,26.0,5.0,0.0,0.0,45.0,84.0,87.0,0.0,0.0,0.0,0.0,0.0,0.0,0.0,0.0,0.0,0.0,0.0
0,0.0,25.0,19.0,0.0,0.0,77.0,73.0,82.0,0.0,0.0,0.0,0.0,0.0,0.0,0.0,0.0,0.0,0.0,0.0
0,0.0,25.0,29.0,0.0,0.0,70.0,70.0,82.0,0.0,0.0,0.0,0.0,0.0,0.0,0.0,0.0,0.0,0.0,0.0
0,0.0,24.0,0.0,0.0,0.0,70.0,76.0,82.0,0.0,0.0,0.0,0.0,0.0,0.0,0.0,0.0,0.0,0.0,0.0
0,0.0,25.0,25.0,0.0,0.0,65.0,75.0,85.0,0.0,0.0,0.0,0.0,0.0,0.0,0.0,0.0,0.0,0.0,0.0
0,0.0,24.0,18.0,0.0,0.0,62.0,75.0,82.0,0.0,0.0,0.0,0.0,0.0,0.0,0.0,0.0,0.0,0.0,0.0
0,0.0,28.0,0.0,0.0,0.0,59.0,77.0,79.0,0.0,0.0,0.0,0.0,0.0,0.0,0.0,0.0,0.0,0.0,0.0
0,0.0,31.0,0.0,0.0,0.0,97.0,85.0,87.0,0.0,0.0,0.0,0.0,0.0,0.0,0.0,0.0,0.0,0.0,0.0
0,0.0,34.0,95.0,1.0,2.0,95.0,75.0,80.0,0.0,0.0,0.0,0.0,0.0,0.0,0.0,0.0,0.0,0.0,0.0
0,0.0,24.0,54.0,0.0,1.0,88.0,82.0,88.0,0.0,0.0,0.0,0.0,0.0,0.0,0.0,0.0,0.0,0.0,0.0
0,0.0,23.0,72.0,0.0,1.0,74.0,78.0,92.0,0.0,0.0,0.0,0.0,0.0,0.0,0.0,0.0,0.0,0.0,0.0
0,0.0,23.0,53.0,0.0,0.0,62.0,74.0,92.0,0.0,0.0,0.0,0.0,0.0,0.0,0.0,0.0,0.0,0.0,0.0
0,0.0,23.0,1.0,0.0,0.0,62.0,74.0,92.0,0.0,0.0,0.0,0.0,0.0,0.0,0.0,0.0,0.0,0.0,0.0
0,0.0,23.0,0.0,0.0,0.0,62.0,74.0,92.0,0.0,0.0,0.0,0.0,0.0,0.0,0.0,0.0,0.0,0.0,0.0
0,0.0,26.0,0.0,0.0,0.0,62.0,68.0,79.0,0.0,0.0,0.0,0.0,0.0,0.0,0.0,0.0,0.0,0.0,0.0
0,0.0,27.0,0.0,0.0,0.0,59.0,72.0,78.0,0.0,0.0,0.0,0.0,0.0,0.0,0.0,0.0,0.0,0.0,0.0
0,0.0,27.0,13.0,0.0,0.0,59.0,74.0,85.0,0.0,0.0,0.0,0.0,0.0,0.0,0.0,0.0,0.0,0.0,0.0
0,0.0,28.0,54.0,0.0,1.0,89.0,83.0,92.0,0.0,0.0,0.0,0.0,0.0,0.0,0.0,0.0,0.0,0.0,0.0
0,0.0,25.0,40.0,1.0,3.0,89.0,82.0,93.0,0.0,0.0,0.0,0.0,0.0,0.0,0.0,0.0,0.0,0.0,0.0
0,0.0,30.0,0.0,0.0,0.0,77.0,76.0,81.0,0.0,0.0,0.0,0.0,0.0,0.0,0.0,0.0,0.0,0.0,0.0
0,0.0,23.0,7.0,0.0,0.0,72.0,79.0,83.0,0.0,0.0,0.0,0.0,0.0,0.0,0.0,0.0,0.0,0.0,0.0
0,0.0,25.0,0.0,0.0,0.0,72.0,77.0,83.0,0.0,0.0,0.0,0.0,0.0,0.0,0.0,0.0,0.0,0.0,0.0
0,0.0,26.0,40.0,0.0,0.0,70.0,78.0,87.0,0.0,0.0,0.0,0.0,0.0,0.0,0.0,0.0,0.0,0.0,0.0
0,0.0,25.0,19.0,0.0,0.0,65.0,79.0,82.0,0.0,0.0,0.0,0.0,0.0,0.0,0.0,0.0,0.0,0.0,0.0
0,0.0,28.0,18.0,0.0,0.0,65.0,65.0,78.0,0.0,0.0,0.0,0.0,0.0,0.0,0.0,0.0,0.0,0.0,0.0
0,0.0,23.0,12.0,0.0,0.0,61.0,75.0,87.0,0.0,0.0,0.0,0.0,0.0,0.0,0.0,0.0,0.0,0.0,0.0
0,0.0,24.0,93.0,5.0,7.0,98.0,90.0,96.0,0.0,0.0,0.0,0.0,0.0,0.0,0.0,0.0,0.0,0.0,0.0
0,0.0,32.0,83.0,1.0,2.0,78.0,74.0,77.0,0.0,0.0,0.0,0.0,0.0,0.0,0.0,0.0,0.0,0.0,0.0
0,0.0,25.0,38.0,0.0,0.0,76.0,77.0,88.0,0.0,0.0,0.0,0.0,0.0,0.0,0.0,0.0,0.0,0.0,0.0
0,0.0,25.0,47.0,0.0,0.0,72.0,89.0,95.0,0.0,0.0,0.0,0.0,0.0,0.0,0.0,0.0,0.0,0.0,0.0
0,0.0,32.0,31.0,0.0,0.0,70.0,63.0,76.0,0.0,0.0,0.0,0.0,0.0,0.0,0.0,0.0,0.0,0.0,0.0
0,0.0,23.0,2.0,0.0,0.0,67.0,71.0,74.0,0.0,0.0,0.0,0.0,0.0,0.0,0.0,0.0,0.0,0.0,0.0
0,0.0,26.0,0.0,0.0,0.0,61.0,67.0,80.0,0.0,0.0,0.0,0.0,0.0,0.0,0.0,0.0,0.0,0.0,0.0
0,0.0,26.0,49.0,1.0,3.0,90.0,79.0,94.0,0.0,0.0,0.0,0.0,0.0,0.0,0.0,0.0,0.0,0.0,0.0
0,0.0,23.0,16.0,0.0,0.0,84.0,86.0,90.0,0.0,0.0,0.0,0.0,0.0,0.0,0.0,0.0,0.0,0.0,0.0
0,0.0,26.0,37.0,0.0,0.0,83.0,77.0,87.0,0.0,0.0,0.0,0.0,0.0,0.0,0.0,0.0,0.0,0.0,0.0
0,0.0,30.0,61.0,0.0,0.0,66.0,77.0,75.0,0.0,0.0,0.0,0.0,0.0,0.0,0.0,0.0,0.0,0.0,0.0
0,0.0,30.0,0.0,0.0,0.0,66.0,77.0,75.0,0.0,0.0,0.0,0.0,0.0,0.0,0.0,0.0,0.0,0.0,0.0
0,0.0,24.0,0.0,0.0,0.0,60.0,78.0,80.0,0.0,0.0,0.0,0.0,0.0,0.0,0.0,0.0,0.0,0.0,0.0
0,0.0,27.0,0.0,0.0,0.0,56.0,64.0,67.0,0.0,0.0,0.0,0.0,0.0,0.0,0.0,0.0,0.0,0.0,0.0
0,0.0,26.0,10.0,0.0,0.0,55.0,75.0,84.0,0.0,0.0,0.0,0.0,0.0,0.0,0.0,0.0,0.0,0.0,0.0
0,0.0,29.0,59.0,0.0,0.0,86.0,85.0,90.0,0.0,0.0,0.0,0.0,0.0,0.0,0.0,0.0,0.0,0.0,0.0
0,0.0,22.0,51.0,0.0,0.0,77.0,75.0,86.0,0.0,0.0,0.0,0.0,0.0,0.0,0.0,0.0,0.0,0.0,0.0
0,0.0,23.0,11.0,0.0,0.0,66.0,81.0,85.0,0.0,0.0,0.0,0.0,0.0,0.0,0.0,0.0,0.0,0.0,0.0
0,0.0,33.0,38.0,0.0,0.0,65.0,74.0,79.0,0.0,0.0,0.0,0.0,0.0,0.0,0.0,0.0,0.0,0.0,0.0
0,0.0,23.0,0.0,0.0,0.0,64.0,76.0,82.0,0.0,0.0,0.0,0.0,0.0,0.0,0.0,0.0,0.0,0.0,0.0
0,0.0,23.0,8.0,0.0,0.0,59.0,77.0,75.0,0.0,0.0,0.0,0.0,0.0,0.0,0.0,0.0,0.0,0.0,0.0
0,0.0,26.0,41.0,0.0,0.0,87.0,76.0,86.0,0.0,0.0,0.0,0.0,0.0,0.0,0.0,0.0,0.0,0.0,0.0
0,0.0,28.0,18.0,0.0,0.0,79.0,76.0,84.0,0.0,0.0,0.0,0.0,0.0,0.0,0.0,0.0,0.0,0.0,0.0
0,0.0,30.0,32.0,0.0,0.0,73.0,77.0,83.0,0.0,0.0,0.0,0.0,0.0,0.0,0.0,0.0,0.0,0.0,0.0
0,0.0,22.0,30.0,0.0,0.0,65.0,79.0,86.0,0.0,0.0,0.0,0.0,0.0,0.0,0.0,0.0,0.0,0.0,0.0
0,0.0,28.0,8.0,0.0,0.0,63.0,70.0,85.0,0.0,0.0,0.0,0.0,0.0,0.0,0.0,0.0,0.0,0.0,0.0
0,0.0,25.0,18.0,0.0,0.0,61.0,86.0,88.0,0.0,0.0,0.0,0.0,0.0,0.0,0.0,0.0,0.0,0.0,0.0
0,0.0,25.0,11.0,0.0,0.0,49.0,83.0,88.0,0.0,0.0,0.0,0.0,0.0,0.0,0.0,0.0,0.0,0.0,0.0
0,0.0,32.0,74.0,1.0,1.0,95.0,84.0,88.0,0.0,0.0,0.0,0.0,0.0,0.0,0.0,0.0,0.0,0.0,0.0
0,0.0,30.0,42.0,0.0,0.0,81.0,73.0,83.0,0.0,0.0,0.0,0.0,0.0,0.0,0.0,0.0,0.0,0.0,0.0
0,0.0,24.0,49.0,0.0,0.0,73.0,75.0,80.0,0.0,0.0,0.0,0.0,0.0,0.0,0.0,0.0,0.0,0.0,0.0
0,0.0,27.0,0.0,0.0,0.0,64.0,65.0,84.0,0.0,0.0,0.0,0.0,0.0,0.0,0.0,0.0,0.0,0.0,0.0
0,0.0,23.0,7.0,0.0,0.0,64.0,81.0,78.0,0.0,0.0,0.0,0.0,0.0,0.0,0.0,0.0,0.0,0.0,0.0
0,0.0,26.0,0.0,0.0,0.0,60.0,76.0,75.0,0.0,0.0,0.0,0.0,0.0,0.0,0.0,0.0,0.0,0.0,0.0
0,0.0,31.0,0.0,0.0,0.0,54.0,68.0,75.0,0.0,0.0,0.0,0.0,0.0,0.0,0.0,0.0,0.0,0.0,0.0
0,0.0,34.0,0.0,0.0,0.0,89.0,76.0,85.0,0.0,0.0,0.0,0.0,0.0,0.0,0.0,0.0,0.0,0.0,0.0
0,0.0,26.0,38.0,0.0,0.0,77.0,82.0,88.0,0.0,0.0,0.0,0.0,0.0,0.0,0.0,0.0,0.0,0.0,0.0
0,0.0,23.0,58.0,0.0,4.0,76.0,83.0,89.0,0.0,0.0,0.0,0.0,0.0,0.0,0.0,0.0,0.0,0.0,0.0
0,0.0,25.0,3.0,0.0,0.0,60.0,68.0,78.0,0.0,0.0,0.0,0.0,0.0,0.0,0.0,0.0,0.0,0.0,0.0
0,0.0,29.0,0.0,0.0,0.0,60.0,76.0,85.0,0.0,0.0,0.0,0.0,0.0,0.0,0.0,0.0,0.0,0.0,0.0
0,0.0,29.0,21.0,0.0,0.0,60.0,76.0,85.0,0.0,0.0,0.0,0.0,0.0,0.0,0.0,0.0,0.0,0.0,0.0
0,0.0,24.0,9.0,0.0,0.0,58.0,67.0,79.0,0.0,0.0,0.0,0.0,0.0,0.0,0.0,0.0,0.0,0.0,0.0
0,0.0,22.0,2.0,0.0,0.0,46.0,80.0,84.0,0.0,0.0,0.0,0.0,0.0,0.0,0.0,0.0,0.0,0.0,0.0
75,255.0,33.0,90.0,1.0,4.0,86.0,78.0,0.0,74.0,84.0,92.0,85.0,83.0,92.0,84.0,35.0,50.0,95.0,60.0
73,246.0,29.0,27.0,0.0,0.0,85.0,72.0,0.0,77.0,85.0,88.0,92.0,92.0,94.0,90.0,46.0,60.0,91.0,40.0
76,243.0,33.0,46.0,0.0,0.0,75.0,72.0,0.0,72.0,78.0,85.0,84.0,84.0,79.0,85.0,52.0,50.0,80.0,62.0
74,235.0,32.0,0.0,0.0,0.0,72.0,77.0,0.0,79.0,72.0,77.0,81.0,83.0,79.0,82.0,50.0,62.0,80.0,55.0
74,230.0,21.0,34.0,0.0,1.0,69.0,85.0,0.0,88.0,63.0,62.0,84.0,70.0,85.0,75.0,64.0,74.0,73.0,55.0
75,244.0,23.0,0.0,0.0,0.0,65.0,75.0,0.0,75.0,72.0,39.0,77.0,74.0,80.0,60.0,44.0,46.0,76.0,45.0
73,230.0,25.0,0.0,0.0,0.0,62.0,76.0,0.0,86.0,64.0,62.0,66.0,74.0,80.0,63.0,68.0,79.0,82.0,45.0
74,231.0,23.0,15.0,0.0,0.0,61.0,77.0,0.0,75.0,75.0,52.0,79.0,72.0,84.0,54.0,30.0,31.0,68.0,40.0
75,244.0,32.0,13.0,0.0,0.0,61.0,67.0,0.0,78.0,75.0,70.0,77.0,62.0,86.0,68.0,42.0,50.0,68.0,40.0
72,238.0,23.0,0.0,0.0,0.0,60.0,77.0,0.0,75.0,69.0,63.0,77.0,68.0,82.0,65.0,52.0,60.0,74.0,45.0
72,238.0,23.0,0.0,0.0,0.0,60.0,77.0,0.0,75.0,69.0,63.0,77.0,68.0,82.0,65.0,52.0,60.0,74.0,45.0
74,261.0,24.0,3.0,0.0,0.0,60.0,72.0,0.0,77.0,75.0,58.0,72.0,73.0,84.0,67.0,30.0,38.0,60.0,25.0
74,261.0,24.0,0.0,0.0,0.0,60.0,72.0,0.0,77.0,75.0,58.0,72.0,73.0,84.0,67.0,30.0,38.0,60.0,25.0
72,248.0,24.0,49.0,0.0,0.0,88.0,79.0,0.0,85.0,78.0,85.0,96.0,93.0,94.0,89.0,55.0,64.0,90.0,40.0
73,238.0,34.0,0.0,0.0,0.0,82.0,77.0,0.0,80.0,76.0,91.0,89.0,83.0,87.0,94.0,49.0,59.0,82.0,65.0
73,238.0,34.0,73.0,0.0,0.0,82.0,77.0,0.0,80.0,76.0,91.0,89.0,83.0,87.0,94.0,49.0,59.0,82.0,65.0
73,239.0,22.0,22.0,0.0,0.0,75.0,83.0,0.0,84.0,79.0,67.0,90.0,74.0,75.0,50.0,44.0,65.0,83.0,59.0
75,232.0,27.0,27.0,0.0,0.0,75.0,77.0,0.0,85.0,67.0,75.0,85.0,72.0,89.0,83.0,38.0,49.0,84.0,60.0
72,228.0,30.0,22.0,0.0,0.0,65.0,84.0,0.0,82.0,62.0,66.0,74.0,68.0,83.0,71.0,65.0,74.0,69.0,30.0
71,246.0,23.0,2.0,0.0,0.0,63.0,82.0,0.0,78.0,63.0,45.0,69.0,68.0,86.0,59.0,58.0,68.0,81.0,45.0
71,218.0,26.0,0.0,0.0,1.0,63.0,75.0,0.0,82.0,67.0,65.0,77.0,66.0,85.0,67.0,60.0,73.0,77.0,45.0
71,218.0,26.0,1.0,0.0,0.0,63.0,75.0,0.0,82.0,67.0,65.0,77.0,66.0,85.0,67.0,60.0,73.0,77.0,45.0
73,250.0,35.0,0.0,0.0,0.0,94.0,82.0,0.0,83.0,79.0,99.0,95.0,87.0,97.0,99.0,57.0,67.0,96.0,60.0
73,250.0,35.0,160.0,7.0,12.0,94.0,82.0,0.0,83.0,79.0,99.0,95.0,87.0,97.0,99.0,57.0,67.0,96.0,60.0
75,260.0,27.0,110.0,1.0,7.0,90.0,84.0,0.0,77.0,88.0,86.0,81.0,83.0,97.0,84.0,37.0,52.0,79.0,45.0
75,265.0,29.0,55.0,0.0,0.0,82.0,72.0,0.0,68.0,85.0,82.0,85.0,88.0,91.0,85.0,34.0,60.0,87.0,45.0
75,250.0,22.0,0.0,0.0,0.0,78.0,82.0,0.0,80.0,69.0,64.0,84.0,75.0,92.0,77.0,36.0,54.0,92.0,52.0
73,245.0,25.0,7.0,0.0,0.0,72.0,86.0,0.0,86.0,72.0,63.0,75.0,77.0,88.0,68.0,44.0,57.0,84.0,45.0
76,265.0,24.0,29.0,0.0,0.0,72.0,74.0,0.0,72.0,79.0,67.0,79.0,85.0,75.0,85.0,35.0,43.0,80.0,50.0
73,228.0,24.0,0.0,0.0,0.0,71.0,83.0,0.0,85.0,69.0,69.0,85.0,83.0,88.0,73.0,45.0,54.0,80.0,60.0
73,235.0,25.0,9.0,0.0,0.0,70.0,86.0,0.0,86.0,66.0,70.0,78.0,69.0,90.0,64.0,62.0,74.0,79.0,45.0
72,236.0,24.0,5.0,0.0,0.0,64.0,76.0,0.0,70.0,74.0,62.0,83.0,79.0,66.0,86.0,30.0,45.0,70.0,55.0
72,236.0,24.0,3.0,0.0,0.0,64.0,76.0,0.0,70.0,74.0,62.0,83.0,79.0,66.0,86.0,30.0,45.0,70.0,55.0
73,250.0,25.0,0.0,0.0,0.0,63.0,81.0,0.0,72.0,77.0,54.0,80.0,77.0,77.0,46.0,45.0,60.0,87.0,40.0
75,245.0,25.0,2.0,0.0,0.0,51.0,72.0,0.0,75.0,65.0,59.0,66.0,49.0,85.0,52.0,45.0,65.0,65.0,55.0
73,238.0,25.0,58.0,0.0,1.0,86.0,76.0,0.0,85.0,76.0,85.0,93.0,85.0,93.0,95.0,57.0,66.0,84.0,65.0
73,253.0,30.0,37.0,0.0,0.0,79.0,78.0,0.0,80.0,77.0,75.0,85.0,80.0,89.0,82.0,57.0,65.0,78.0,55.0
73,251.0,31.0,44.0,0.0,0.0,78.0,72.0,0.0,75.0,78.0,75.0,87.0,85.0,90.0,88.0,35.0,55.0,77.0,50.0
76,243.0,33.0,62.0,0.0,2.0,76.0,76.0,0.0,72.0,77.0,88.0,81.0,77.0,85.0,87.0,32.0,42.0,70.0,10.0
72,229.0,26.0,19.0,0.0,0.0,69.0,78.0,0.0,84.0,70.0,68.0,86.0,65.0,88.0,74.0,55.0,62.0,68.0,72.0
76,261.0,30.0,46.0,0.0,0.0,67.0,69.0,0.0,71.0,83.0,85.0,85.0,80.0,79.0,70.0,32.0,25.0,60.0,10.0
74,232.0,23.0,5.0,0.0,0.0,62.0,77.0,0.0,83.0,65.0,62.0,74.0,66.0,84.0,70.0,48.0,71.0,63.0,72.0
76,250.0,22.0,5.0,0.0,0.0,60.0,84.0,0.0,77.0,68.0,46.0,65.0,67.0,85.0,50.0,30.0,40.0,74.0,20.0
72,246.0,23.0,22.0,0.0,0.0,59.0,81.0,0.0,69.0,69.0,39.0,64.0,85.0,72.0,62.0,30.0,39.0,75.0,50.0
76,261.0,25.0,2.0,0.0,0.0,58.0,74.0,0.0,73.0,70.0,69.0,73.0,59.0,74.0,68.0,35.0,45.0,75.0,35.0
72,237.0,25.0,55.0,1.0,3.0,96.0,85.0,0.0,87.0,78.0,93.0,97.0,90.0,99.0,98.0,70.0,77.0,94.0,55.0
72,240.0,27.0,80.0,1.0,3.0,87.0,88.0,0.0,87.0,73.0,75.0,90.0,74.0,91.0,75.0,62.0,73.0,96.0,60.0
74,235.0,26.0,0.0,0.0,0.0,69.0,76.0,0.0,84.0,67.0,68.0,76.0,69.0,80.0,66.0,40.0,73.0,75.0,62.0
74,235.0,26.0,31.0,0.0,0.0,69.0,76.0,0.0,84.0,67.0,68.0,76.0,69.0,80.0,66.0,40.0,73.0,75.0,62.0
73,241.0,22.0,2.0,0.0,0.0,67.0,83.0,0.0,73.0,78.0,45.0,79.0,85.0,83.0,54.0,30.0,35.0,69.0,80.0
72,237.0,26.0,5.0,0.0,0.0,66.0,74.0,0.0,78.0,78.0,71.0,82.0,75.0,82.0,72.0,42.0,50.0,83.0,40.0
74,231.0,24.0,13.0,0.0,0.0,65.0,74.0,0.0,77.0,75.0,71.0,82.0,73.0,85.0,80.0,33.0,43.0,76.0,50.0
71,224.0,26.0,0.0,0.0,0.0,57.0,83.0,0.0,82.0,62.0,35.0,64.0,72.0,86.0,50.0,45.0,65.0,72.0,40.0
72,232.0,25.0,0.0,0.0,0.0,56.0,72.0,0.0,70.0,69.0,58.0,76.0,72.0,75.0,63.0,38.0,49.0,73.0,40.0
74,240.0,24.0,24.0,0.0,0.0,86.0,87.0,0.0,88.0,76.0,78.0,89.0,87.0,95.0,83.0,60.0,68.0,88.0,45.0
74,255.0,23.0,49.0,0.0,0.0,85.0,80.0,0.0,78.0,80.0,73.0,90.0,88.0,94.0,83.0,44.0,57.0,97.0,48.0
73,240.0,32.0,54.0,0.0,0.0,82.0,76.0,0.0,80.0,75.0,91.0,90.0,78.0,88.0,96.0,49.0,62.0,76.0,59.0
74,247.0,27.0,0.0,0.0,0.0,75.0,77.0,0.0,77.0,76.0,75.0,85.0,81.0,86.0,80.0,56.0,63.0,75.0,50.0
77,243.0,27.0,13.0,0.0,0.0,72.0,82.0,0.0,85.0,69.0,66.0,75.0,72.0,84.0,69.0,63.0,73.0,74.0,45.0
77,243.0,27.0,0.0,0.0,0.0,72.0,82.0,0.0,85.0,69.0,66.0,75.0,72.0,84.0,69.0,63.0,73.0,74.0,45.0
72,240.0,26.0,2.0,0.0,0.0,66.0,70.0,0.0,74.0,76.0,59.0,82.0,81.0,86.0,75.0,31.0,37.0,77.0,40.0
72,240.0,26.0,61.0,0.0,1.0,85.0,75.0,0.0,84.0,77.0,84.0,97.0,90.0,95.0,90.0,39.0,47.0,82.0,50.0
75,245.0,32.0,50.0,0.0,0.0,79.0,71.0,0.0,77.0,74.0,88.0,87.0,86.0,87.0,91.0,44.0,60.0,78.0,50.0
77,250.0,31.0,46.0,0.0,0.0,79.0,77.0,0.0,81.0,74.0,86.0,86.0,80.0,92.0,88.0,48.0,62.0,74.0,53.0
75,265.0,33.0,31.0,0.0,0.0,76.0,75.0,0.0,69.0,80.0,86.0,84.0,84.0,86.0,82.0,30.0,44.0,75.0,50.0
76,275.0,27.0,27.0,0.0,0.0,74.0,72.0,0.0,74.0,84.0,77.0,85.0,82.0,83.0,84.0,30.0,38.0,75.0,16.0
76,250.0,26.0,0.0,0.0,0.0,73.0,75.0,0.0,73.0,74.0,70.0,71.0,80.0,85.0,74.0,45.0,65.0,74.0,40.0
74,263.0,26.0,29.0,0.0,0.0,71.0,69.0,0.0,76.0,78.0,72.0,82.0,75.0,88.0,70.0,35.0,50.0,78.0,45.0
74,257.0,24.0,1.0,0.0,0.0,68.0,75.0,0.0,76.0,78.0,60.0,73.0,72.0,81.0,67.0,39.0,46.0,68.0,25.0
72,229.0,23.0,13.0,0.0,0.0,68.0,80.0,0.0,83.0,58.0,71.0,81.0,68.0,87.0,82.0,64.0,68.0,65.0,45.0
76,262.0,28.0,100.0,4.0,9.0,97.0,86.0,0.0,88.0,85.0,86.0,88.0,97.0,99.0,88.0,32.0,60.0,88.0,60.0
74,247.0,29.0,53.0,0.0,0.0,85.0,76.0,0.0,81.0,78.0,89.0,94.0,88.0,94.0,85.0,46.0,62.0,83.0,50.0
75,256.0,26.0,34.0,0.0,1.0,84.0,80.0,0.0,80.0,80.0,78.0,85.0,82.0,90.0,78.0,50.0,53.0,78.0,45.0
74,242.0,34.0,81.0,0.0,5.0,84.0,74.0,0.0,75.0,78.0,95.0,91.0,80.0,87.0,95.0,45.0,59.0,80.0,60.0
74,236.0,24.0,53.0,1.0,2.0,70.0,83.0,0.0,69.0,71.0,64.0,85.0,88.0,86.0,83.0,35.0,50.0,67.0,50.0
74,246.0,24.0,6.0,0.0,0.0,65.0,79.0,0.0,74.0,69.0,54.0,72.0,67.0,84.0,63.0,37.0,48.0,77.0,40.0
72,246.0,25.0,0.0,0.0,0.0,62.0,80.0,0.0,79.0,66.0,53.0,75.0,75.0,85.0,55.0,49.0,59.0,79.0,40.0
73,246.0,24.0,4.0,0.0,0.0,56.0,87.0,0.0,82.0,64.0,45.0,67.0,58.0,82.0,56.0,69.0,78.0,73.0,50.0
75,248.0,22.0,0.0,0.0,0.0,52.0,74.0,0.0,72.0,67.0,40.0,68.0,54.0,87.0,70.0,32.0,30.0,64.0,24.0
75,248.0,22.0,0.0,0.0,0.0,52.0,74.0,0.0,72.0,67.0,40.0,68.0,54.0,87.0,70.0,32.0,30.0,64.0,24.0
75,248.0,22.0,0.0,0.0,0.0,52.0,74.0,0.0,72.0,67.0,40.0,68.0,54.0,87.0,70.0,32.0,30.0,64.0,24.0
75,248.0,22.0,52.0,0.0,1.0,52.0,74.0,0.0,72.0,67.0,40.0,68.0,54.0,87.0,70.0,32.0,30.0,64.0,24.0
75,248.0,22.0,4.0,0.0,0.0,52.0,74.0,0.0,72.0,67.0,40.0,68.0,54.0,87.0,70.0,32.0,30.0,64.0,24.0
71,248.0,26.0,63.0,2.0,5.0,93.0,86.0,0.0,86.0,85.0,88.0,87.0,83.0,99.0,94.0,42.0,48.0,77.0,10.0
73,242.0,28.0,48.0,0.0,0.0,88.0,83.0,0.0,87.0,77.0,85.0,94.0,81.0,93.0,85.0,64.0,75.0,95.0,80.0
73,242.0,28.0,4.0,0.0,0.0,88.0,83.0,0.0,87.0,77.0,85.0,94.0,81.0,93.0,85.0,64.0,75.0,95.0,80.0
75,274.0,25.0,27.0,0.0,0.0,72.0,78.0,0.0,75.0,81.0,62.0,82.0,87.0,80.0,83.0,39.0,46.0,69.0,24.0
75,267.0,30.0,21.0,0.0,0.0,72.0,76.0,0.0,78.0,72.0,77.0,80.0,78.0,84.0,77.0,50.0,55.0,74.0,55.0
74,245.0,30.0,48.0,0.0,0.0,70.0,76.0,0.0,83.0,76.0,75.0,81.0,76.0,85.0,73.0,42.0,47.0,74.0,45.0
79,257.0,26.0,3.0,0.0,0.0,66.0,79.0,0.0,86.0,71.0,65.0,74.0,66.0,94.0,58.0,35.0,43.0,60.0,30.0
74,270.0,28.0,0.0,0.0,0.0,65.0,70.0,0.0,70.0,78.0,70.0,79.0,68.0,86.0,69.0,34.0,39.0,75.0,10.0
72,222.0,24.0,0.0,0.0,0.0,65.0,85.0,0.0,84.0,66.0,68.0,76.0,70.0,88.0,64.0,50.0,65.0,82.0,50.0
75,240.0,32.0,69.0,1.0,5.0,86.0,84.0,0.0,86.0,72.0,87.0,84.0,79.0,96.0,88.0,52.0,62.0,84.0,65.0
73,238.0,23.0,45.0,0.0,0.0,75.0,83.0,0.0,84.0,67.0,74.0,87.0,77.0,86.0,81.0,59.0,70.0,70.0,54.0
74,232.0,29.0,28.0,0.0,0.0,69.0,72.0,0.0,81.0,68.0,70.0,79.0,79.0,87.0,80.0,53.0,55.0,70.0,55.0
73,236.0,23.0,0.0,0.0,0.0,66.0,73.0,0.0,69.0,74.0,62.0,78.0,72.0,84.0,65.0,44.0,62.0,75.0,45.0
72,232.0,24.0,2.0,0.0,0.0,59.0,76.0,0.0,79.0,65.0,60.0,74.0,62.0,75.0,72.0,32.0,65.0,77.0,50.0
73,236.0,24.0,0.0,0.0,0.0,58.0,80.0,0.0,86.0,58.0,50.0,73.0,58.0,87.0,64.0,70.0,72.0,69.0,70.0
74,236.0,29.0,60.0,0.0,0.0,87.0,77.0,0.0,83.0,76.0,86.0,90.0,92.0,93.0,88.0,66.0,75.0,78.0,64.0
75,250.0,24.0,0.0,0.0,0.0,86.0,84.0,0.0,84.0,78.0,75.0,88.0,85.0,95.0,80.0,59.0,71.0,79.0,45.0
75,250.0,24.0,94.0,0.0,4.0,86.0,84.0,0.0,84.0,78.0,75.0,88.0,85.0,95.0,80.0,59.0,71.0,79.0,45.0
75,250.0,24.0,77.0,1.0,6.0,86.0,84.0,0.0,84.0,78.0,75.0,88.0,85.0,95.0,80.0,59.0,71.0,79.0,45.0
73,250.0,26.0,55.0,0.0,1.0,79.0,82.0,0.0,83.0,74.0,73.0,84.0,81.0,89.0,77.0,65.0,70.0,84.0,68.0
75,239.0,24.0,18.0,0.0,0.0,73.0,82.0,0.0,85.0,67.0,70.0,84.0,78.0,89.0,76.0,51.0,65.0,83.0,35.0
75,237.0,27.0,22.0,0.0,0.0,72.0,73.0,0.0,78.0,74.0,75.0,77.0,69.0,88.0,82.0,70.0,80.0,73.0,50.0
74,238.0,26.0,18.0,0.0,0.0,70.0,73.0,0.0,77.0,84.0,66.0,77.0,84.0,82.0,80.0,35.0,40.0,91.0,40.0
75,250.0,30.0,25.0,0.0,0.0,68.0,70.0,0.0,74.0,76.0,75.0,82.0,67.0,90.0,78.0,37.0,25.0,77.0,55.0
73,248.0,26.0,58.0,0.0,2.0,90.0,76.0,0.0,86.0,74.0,93.0,97.0,88.0,95.0,96.0,62.0,73.0,77.0,60.0
75,262.0,23.0,52.0,0.0,1.0,87.0,84.0,0.0,84.0,84.0,77.0,91.0,87.0,94.0,87.0,68.0,66.0,88.0,68.0
74,245.0,33.0,39.0,0.0,0.0,75.0,74.0,0.0,78.0,78.0,86.0,87.0,82.0,87.0,88.0,48.0,54.0,75.0,40.0
74,237.0,25.0,0.0,0.0,0.0,71.0,75.0,0.0,74.0,74.0,73.0,83.0,75.0,87.0,70.0,47.0,56.0,72.0,50.0
74,243.0,25.0,4.0,0.0,0.0,71.0,77.0,0.0,87.0,68.0,69.0,77.0,68.0,86.0,62.0,58.0,73.0,76.0,45.0
72,245.0,30.0,23.0,0.0,0.0,61.0,65.0,0.0,80.0,73.0,70.0,74.0,65.0,80.0,65.0,58.0,50.0,56.0,32.0
71,235.0,22.0,10.0,0.0,0.0,60.0,74.0,0.0,78.0,73.0,60.0,73.0,89.0,74.0,55.0,31.0,41.0,93.0,45.0
71,235.0,30.0,0.0,0.0,0.0,87.0,77.0,0.0,82.0,74.0,97.0,92.0,78.0,93.0,97.0,63.0,80.0,76.0,55.0
71,235.0,30.0,0.0,0.0,0.0,87.0,77.0,0.0,82.0,74.0,97.0,92.0,78.0,93.0,97.0,63.0,80.0,76.0,55.0
72,235.0,25.0,20.0,0.0,0.0,80.0,84.0,0.0,85.0,76.0,75.0,87.0,79.0,92.0,78.0,50.0,62.0,92.0,77.0
74,240.0,25.0,29.0,0.0,0.0,70.0,78.0,0.0,80.0,74.0,68.0,84.0,74.0,86.0,67.0,40.0,52.0,86.0,40.0
72,235.0,23.0,18.0,0.0,0.0,66.0,79.0,0.0,71.0,62.0,60.0,80.0,67.0,84.0,84.0,55.0,75.0,64.0,66.0
71,232.0,23.0,0.0,0.0,0.0,54.0,79.0,0.0,80.0,65.0,49.0,69.0,62.0,83.0,57.0,55.0,68.0,67.0,70.0
74,245.0,26.0,0.0,0.0,0.0,50.0,73.0,0.0,72.0,65.0,40.0,66.0,65.0,77.0,72.0,52.0,65.0,65.0,33.0
72,240.0,23.0,2.0,0.0,0.0,46.0,80.0,0.0,84.0,53.0,34.0,69.0,54.0,84.0,46.0,60.0,70.0,50.0,45.0
74,249.0,28.0,2.0,0.0,0.0,89.0,78.0,0.0,83.0,85.0,88.0,94.0,93.0,95.0,92.0,54.0,60.0,93.0,57.0
74,249.0,28.0,72.0,0.0,0.0,89.0,78.0,0.0,83.0,85.0,88.0,94.0,93.0,95.0,92.0,54.0,60.0,93.0,57.0
73,240.0,24.0,36.0,0.0,0.0,85.0,85.0,0.0,87.0,69.0,85.0,93.0,82.0,97.0,88.0,58.0,73.0,83.0,65.0
74,240.0,28.0,38.0,0.0,0.0,82.0,75.0,0.0,75.0,75.0,85.0,91.0,85.0,93.0,87.0,55.0,74.0,76.0,67.0
75,234.0,24.0,0.0,0.0,0.0,65.0,78.0,0.0,74.0,68.0,66.0,79.0,73.0,79.0,72.0,54.0,65.0,75.0,40.0
73,237.0,26.0,9.0,0.0,0.0,65.0,74.0,0.0,78.0,69.0,70.0,75.0,71.0,84.0,78.0,45.0,55.0,68.0,45.0
71,226.0,27.0,0.0,0.0,0.0,65.0,79.0,0.0,86.0,64.0,72.0,81.0,66.0,91.0,83.0,54.0,75.0,65.0,45.0
73,232.0,30.0,33.0,0.0,0.0,82.0,80.0,0.0,87.0,68.0,86.0,95.0,72.0,94.0,90.0,53.0,66.0,74.0,60.0
75,275.0,26.0,75.0,0.0,5.0,80.0,76.0,0.0,70.0,84.0,79.0,85.0,86.0,87.0,82.0,36.0,45.0,82.0,18.0
76,261.0,35.0,66.0,1.0,1.0,77.0,71.0,0.0,73.0,77.0,95.0,82.0,73.0,84.0,92.0,49.0,54.0,75.0,80.0
75,242.0,27.0,80.0,1.0,4.0,76.0,84.0,0.0,85.0,66.0,81.0,82.0,75.0,86.0,80.0,65.0,80.0,75.0,55.0
75,242.0,27.0,2.0,1.0,4.0,76.0,84.0,0.0,85.0,66.0,81.0,82.0,75.0,86.0,80.0,65.0,80.0,75.0,55.0
73,245.0,27.0,0.0,0.0,0.0,71.0,79.0,0.0,77.0,72.0,67.0,84.0,82.0,87.0,69.0,45.0,55.0,74.0,52.0
75,248.0,24.0,11.0,0.0,0.0,69.0,77.0,0.0,74.0,76.0,68.0,79.0,72.0,77.0,75.0,63.0,77.0,77.0,40.0
74,228.0,23.0,0.0,0.0,0.0,65.0,83.0,0.0,79.0,67.0,64.0,76.0,68.0,83.0,69.0,60.0,70.0,68.0,59.0
74,257.0,22.0,1.0,0.0,0.0,59.0,72.0,0.0,76.0,74.0,39.0,69.0,85.0,83.0,45.0,38.0,48.0,55.0,65.0
77,269.0,24.0,0.0,0.0,0.0,59.0,73.0,0.0,74.0,75.0,54.0,69.0,75.0,69.0,63.0,40.0,48.0,78.0,52.0
76,250.0,28.0,81.0,0.0,0.0,90.0,79.0,0.0,84.0,78.0,88.0,94.0,88.0,93.0,89.0,60.0,67.0,88.0,55.0
74,250.0,26.0,31.0,0.0,0.0,79.0,77.0,0.0,79.0,78.0,75.0,88.0,86.0,87.0,74.0,55.0,65.0,92.0,80.0
75,250.0,28.0,0.0,0.0,0.0,76.0,83.0,0.0,85.0,79.0,64.0,79.0,79.0,91.0,59.0,38.0,54.0,85.0,43.0
75,251.0,23.0,30.0,0.0,0.0,67.0,82.0,0.0,72.0,66.0,68.0,72.0,75.0,86.0,60.0,45.0,40.0,87.0,45.0
76,250.0,28.0,0.0,0.0,0.0,65.0,73.0,0.0,78.0,70.0,68.0,74.0,72.0,85.0,65.0,38.0,55.0,70.0,40.0
76,250.0,28.0,0.0,0.0,0.0,65.0,73.0,0.0,78.0,70.0,68.0,74.0,72.0,85.0,65.0,38.0,55.0,70.0,40.0
76,250.0,28.0,9.0,0.0,0.0,65.0,73.0,0.0,78.0,70.0,68.0,74.0,72.0,85.0,65.0,38.0,55.0,70.0,40.0
73,246.0,26.0,19.0,0.0,0.0,65.0,79.0,0.0,74.0,79.0,56.0,83.0,78.0,82.0,69.0,30.0,33.0,84.0,35.0
76,246.0,22.0,1.0,0.0,0.0,62.0,73.0,0.0,69.0,61.0,68.0,83.0,68.0,72.0,77.0,42.0,57.0,63.0,40.0
77,260.0,26.0,5.0,0.0,0.0,55.0,71.0,0.0,82.0,70.0,52.0,57.0,70.0,83.0,45.0,35.0,45.0,66.0,30.0
0,0.0,0.0,66.0,0.0,2.0,88.0,0.0,0.0,0.0,0.0,0.0,0.0,0.0,0.0,0.0,0.0,0.0,0.0,0.0
0,0.0,0.0,47.0,0.0,1.0,85.0,0.0,0.0,0.0,0.0,0.0,0.0,0.0,0.0,0.0,0.0,0.0,0.0,0.0
0,0.0,0.0,46.0,0.0,0.0,80.0,0.0,0.0,0.0,0.0,0.0,0.0,0.0,0.0,0.0,0.0,0.0,0.0,0.0
0,0.0,0.0,21.0,0.0,0.0,69.0,0.0,0.0,0.0,0.0,0.0,0.0,0.0,0.0,0.0,0.0,0.0,0.0,0.0
0,0.0,0.0,0.0,0.0,0.0,68.0,0.0,0.0,0.0,0.0,0.0,0.0,0.0,0.0,0.0,0.0,0.0,0.0,0.0
0,0.0,0.0,0.0,0.0,0.0,62.0,0.0,0.0,0.0,0.0,0.0,0.0,0.0,0.0,0.0,0.0,0.0,0.0,0.0
73,242.0,24.0,51.0,1.0,2.0,86.0,85.0,0.0,87.0,77.0,76.0,89.0,93.0,97.0,83.0,66.0,79.0,87.0,45.0
74,250.0,30.0,22.0,0.0,0.0,79.0,76.0,0.0,76.0,82.0,79.0,77.0,82.0,90.0,83.0,33.0,45.0,75.0,79.0
75,242.0,25.0,0.0,0.0,0.0,75.0,85.0,0.0,85.0,68.0,63.0,85.0,79.0,90.0,73.0,69.0,78.0,78.0,40.0
74,249.0,23.0,25.0,0.0,0.0,72.0,70.0,0.0,82.0,80.0,45.0,85.0,94.0,85.0,91.0,31.0,62.0,76.0,69.0
74,255.0,26.0,51.0,0.0,0.0,71.0,72.0,0.0,70.0,77.0,74.0,80.0,85.0,76.0,82.0,32.0,39.0,77.0,10.0
77,250.0,28.0,0.0,0.0,0.0,67.0,75.0,0.0,78.0,74.0,67.0,73.0,67.0,79.0,68.0,48.0,51.0,60.0,30.0
74,243.0,24.0,1.0,0.0,0.0,64.0,83.0,0.0,85.0,66.0,59.0,79.0,60.0,80.0,69.0,80.0,75.0,73.0,60.0
75,266.0,22.0,8.0,0.0,0.0,64.0,82.0,0.0,79.0,77.0,46.0,69.0,74.0,84.0,50.0,30.0,50.0,74.0,45.0
73,230.0,28.0,56.0,0.0,3.0,90.0,84.0,0.0,87.0,68.0,92.0,93.0,77.0,97.0,96.0,76.0,81.0,84.0,66.0
74,245.0,30.0,41.0,0.0,0.0,77.0,78.0,0.0,77.0,75.0,86.0,88.0,80.0,88.0,87.0,48.0,64.0,76.0,60.0
74,240.0,27.0,21.0,0.0,0.0,73.0,79.0,0.0,83.0,73.0,72.0,76.0,75.0,87.0,73.0,33.0,70.0,77.0,50.0
72,226.0,25.0,0.0,0.0,0.0,66.0,77.0,0.0,77.0,71.0,67.0,77.0,70.0,81.0,66.0,50.0,65.0,80.0,53.0
75,249.0,25.0,12.0,0.0,0.0,58.0,72.0,0.0,74.0,78.0,68.0,73.0,72.0,86.0,55.0,32.0,37.0,82.0,40.0
75,238.0,32.0,0.0,0.0,0.0,57.0,70.0,0.0,70.0,70.0,65.0,73.0,74.0,80.0,69.0,40.0,49.0,65.0,29.0
75,238.0,26.0,2.0,0.0,0.0,56.0,70.0,0.0,76.0,76.0,52.0,72.0,69.0,75.0,45.0,30.0,57.0,82.0,50.0
75,223.0,28.0,41.0,0.0,0.0,84.0,83.0,0.0,85.0,67.0,85.0,89.0,74.0,94.0,87.0,62.0,75.0,81.0,70.0
74,256.0,24.0,2.0,0.0,0.0,71.0,83.0,0.0,77.0,74.0,62.0,81.0,80.0,78.0,71.0,45.0,55.0,77.0,55.0
76,249.0,26.0,21.0,0.0,2.0,70.0,75.0,0.0,80.0,72.0,64.0,76.0,72.0,87.0,69.0,56.0,70.0,62.0,47.0
74,237.0,26.0,7.0,0.0,0.0,67.0,73.0,0.0,84.0,75.0,68.0,78.0,73.0,75.0,68.0,49.0,65.0,80.0,45.0
74,236.0,24.0,9.0,0.0,0.0,65.0,74.0,0.0,75.0,78.0,69.0,82.0,79.0,87.0,45.0,39.0,63.0,92.0,40.0
75,247.0,27.0,0.0,0.0,0.0,64.0,71.0,0.0,76.0,74.0,75.0,82.0,70.0,83.0,81.0,33.0,48.0,74.0,30.0
72,245.0,23.0,0.0,0.0,0.0,64.0,82.0,0.0,68.0,75.0,55.0,81.0,90.0,73.0,70.0,33.0,46.0,72.0,55.0
74,245.0,26.0,75.0,0.0,0.0,91.0,79.0,0.0,78.0,80.0,88.0,97.0,96.0,95.0,93.0,55.0,70.0,91.0,55.0
74,240.0,30.0,0.0,0.0,0.0,89.0,77.0,0.0,75.0,82.0,89.0,92.0,89.0,92.0,90.0,45.0,65.0,93.0,77.0
76,265.0,29.0,61.0,0.0,0.0,85.0,79.0,0.0,78.0,80.0,80.0,84.0,82.0,92.0,78.0,48.0,57.0,86.0,60.0
78,255.0,35.0,118.0,3.0,6.0,82.0,83.0,0.0,77.0,76.0,95.0,75.0,77.0,94.0,92.0,40.0,55.0,74.0,55.0
78,255.0,35.0,0.0,0.0,0.0,82.0,83.0,0.0,77.0,76.0,95.0,75.0,77.0,94.0,92.0,40.0,55.0,74.0,55.0
76,266.0,31.0,0.0,0.0,0.0,77.0,76.0,0.0,77.0,77.0,75.0,80.0,77.0,90.0,70.0,55.0,70.0,70.0,60.0
76,266.0,31.0,49.0,0.0,0.0,77.0,76.0,0.0,77.0,77.0,75.0,80.0,77.0,90.0,70.0,55.0,70.0,70.0,60.0
75,255.0,25.0,0.0,0.0,0.0,58.0,74.0,0.0,76.0,72.0,48.0,75.0,73.0,79.0,52.0,43.0,55.0,77.0,47.0
74,237.0,28.0,0.0,0.0,0.0,50.0,69.0,0.0,76.0,75.0,54.0,64.0,65.0,80.0,50.0,34.0,50.0,75.0,50.0
75,255.0,26.0,44.0,0.0,0.0,82.0,79.0,0.0,82.0,77.0,72.0,83.0,84.0,92.0,68.0,42.0,52.0,84.0,65.0
75,254.0,21.0,25.0,0.0,0.0,79.0,81.0,0.0,77.0,78.0,67.0,88.0,86.0,88.0,88.0,44.0,60.0,85.0,55.0
75,240.0,27.0,33.0,0.0,0.0,78.0,88.0,0.0,86.0,75.0,77.0,85.0,74.0,92.0,76.0,68.0,78.0,76.0,68.0
77,255.0,26.0,11.0,0.0,0.0,77.0,79.0,0.0,73.0,76.0,70.0,79.0,87.0,85.0,75.0,35.0,45.0,85.0,30.0
74,235.0,26.0,0.0,0.0,0.0,70.0,76.0,0.0,76.0,73.0,75.0,82.0,78.0,87.0,75.0,50.0,59.0,69.0,40.0
77,260.0,30.0,42.0,0.0,0.0,63.0,80.0,0.0,76.0,72.0,70.0,71.0,63.0,74.0,68.0,48.0,50.0,74.0,40.0
77,260.0,30.0,9.0,0.0,0.0,63.0,80.0,0.0,76.0,72.0,70.0,71.0,63.0,74.0,68.0,48.0,50.0,74.0,40.0
77,260.0,30.0,13.0,0.0,0.0,63.0,80.0,0.0,76.0,72.0,70.0,71.0,63.0,74.0,68.0,48.0,50.0,74.0,40.0
77,260.0,30.0,4.0,0.0,0.0,63.0,80.0,0.0,76.0,72.0,70.0,71.0,63.0,74.0,68.0,48.0,50.0,74.0,40.0
75,245.0,25.0,0.0,0.0,0.0,56.0,73.0,0.0,74.0,68.0,45.0,73.0,67.0,75.0,58.0,32.0,40.0,71.0,40.0
76,240.0,27.0,0.0,0.0,0.0,50.0,75.0,0.0,79.0,75.0,62.0,72.0,59.0,80.0,48.0,33.0,40.0,70.0,35.0
72,230.0,25.0,29.0,0.0,0.0,83.0,88.0,0.0,88.0,82.0,66.0,86.0,79.0,90.0,55.0,64.0,66.0,91.0,67.0
76,255.0,26.0,19.0,0.0,0.0,79.0,74.0,0.0,78.0,80.0,80.0,86.0,84.0,89.0,84.0,45.0,66.0,79.0,42.0
73,230.0,25.0,0.0,0.0,0.0,79.0,84.0,0.0,84.0,75.0,74.0,83.0,81.0,93.0,77.0,60.0,70.0,89.0,40.0
73,236.0,25.0,18.0,0.0,0.0,70.0,79.0,0.0,80.0,67.0,66.0,82.0,75.0,86.0,78.0,59.0,68.0,69.0,40.0
74,235.0,26.0,25.0,0.0,0.0,67.0,75.0,0.0,83.0,72.0,67.0,79.0,73.0,84.0,76.0,44.0,58.0,75.0,65.0
71,246.0,25.0,18.0,0.0,0.0,63.0,75.0,0.0,70.0,85.0,52.0,80.0,86.0,86.0,55.0,35.0,43.0,89.0,45.0
77,250.0,24.0,3.0,0.0,0.0,61.0,80.0,0.0,78.0,68.0,53.0,73.0,70.0,80.0,40.0,40.0,50.0,78.0,40.0
72,242.0,23.0,13.0,0.0,0.0,56.0,86.0,0.0,82.0,59.0,59.0,77.0,66.0,66.0,68.0,43.0,67.0,58.0,50.0
72,242.0,32.0,0.0,0.0,0.0,97.0,85.0,0.0,79.0,88.0,90.0,92.0,97.0,95.0,89.0,45.0,60.0,94.0,60.0
74,265.0,25.0,54.0,0.0,1.0,91.0,83.0,0.0,80.0,84.0,85.0,88.0,89.0,94.0,84.0,49.0,60.0,90.0,40.0
74,243.0,35.0,95.0,1.0,2.0,88.0,75.0,0.0,74.0,84.0,94.0,95.0,91.0,88.0,95.0,39.0,54.0,90.0,72.0
73,234.0,24.0,72.0,0.0,1.0,82.0,85.0,0.0,86.0,75.0,76.0,84.0,79.0,94.0,77.0,52.0,62.0,87.0,61.0
73,239.0,30.0,62.0,0.0,0.0,79.0,73.0,0.0,79.0,77.0,80.0,87.0,85.0,88.0,81.0,55.0,60.0,87.0,54.0
75,235.0,28.0,13.0,0.0,0.0,73.0,78.0,0.0,82.0,77.0,74.0,81.0,77.0,87.0,75.0,45.0,64.0,80.0,45.0
74,243.0,22.0,0.0,0.0,0.0,70.0,84.0,0.0,84.0,72.0,49.0,80.0,71.0,78.0,49.0,38.0,58.0,90.0,35.0
74,262.0,22.0,22.0,0.0,0.0,65.0,80.0,0.0,76.0,71.0,50.0,78.0,68.0,85.0,50.0,32.0,44.0,81.0,10.0
75,262.0,29.0,54.0,0.0,1.0,91.0,84.0,0.0,84.0,82.0,85.0,87.0,88.0,95.0,85.0,47.0,52.0,88.0,65.0
73,235.0,31.0,0.0,0.0,0.0,85.0,76.0,0.0,82.0,78.0,86.0,93.0,91.0,92.0,87.0,52.0,65.0,87.0,65.0
76,265.0,26.0,40.0,1.0,3.0,84.0,83.0,0.0,77.0,89.0,77.0,82.0,78.0,97.0,74.0,35.0,47.0,97.0,50.0
74,255.0,24.0,7.0,0.0,0.0,77.0,79.0,0.0,76.0,77.0,67.0,78.0,81.0,94.0,75.0,40.0,49.0,75.0,25.0
75,240.0,27.0,40.0,0.0,0.0,76.0,78.0,0.0,87.0,76.0,68.0,83.0,82.0,91.0,77.0,63.0,70.0,80.0,80.0
74,239.0,24.0,12.0,0.0,0.0,76.0,77.0,0.0,84.0,75.0,72.0,84.0,82.0,90.0,77.0,49.0,63.0,89.0,60.0
73,235.0,23.0,29.0,0.0,0.0,72.0,84.0,0.0,84.0,74.0,59.0,87.0,92.0,85.0,65.0,32.0,56.0,76.0,45.0
75,258.0,26.0,0.0,0.0,0.0,72.0,77.0,0.0,78.0,78.0,67.0,76.0,76.0,87.0,67.0,38.0,46.0,80.0,45.0
75,246.0,25.0,0.0,0.0,0.0,66.0,82.0,0.0,84.0,68.0,46.0,74.0,75.0,79.0,59.0,46.0,57.0,70.0,40.0
73,240.0,25.0,93.0,5.0,7.0,99.0,90.0,0.0,88.0,88.0,91.0,99.0,99.0,98.0,92.0,62.0,74.0,96.0,55.0
74,242.0,33.0,83.0,1.0,2.0,84.0,74.0,0.0,76.0,81.0,92.0,87.0,85.0,88.0,96.0,45.0,60.0,86.0,60.0
77,240.0,26.0,47.0,0.0,0.0,79.0,89.0,0.0,89.0,77.0,73.0,75.0,78.0,93.0,77.0,46.0,56.0,72.0,45.0
72,255.0,26.0,38.0,0.0,0.0,78.0,79.0,0.0,83.0,78.0,77.0,77.0,84.0,91.0,77.0,31.0,40.0,74.0,40.0
75,259.0,26.0,0.0,0.0,0.0,75.0,74.0,0.0,74.0,81.0,69.0,85.0,87.0,88.0,69.0,50.0,60.0,89.0,55.0
72,242.0,22.0,71.0,4.0,3.0,73.0,82.0,0.0,83.0,69.0,58.0,88.0,73.0,88.0,78.0,32.0,66.0,77.0,55.0
76,245.0,29.0,18.0,0.0,0.0,67.0,65.0,0.0,76.0,68.0,75.0,78.0,82.0,78.0,87.0,40.0,49.0,77.0,45.0
73,244.0,24.0,2.0,0.0,0.0,67.0,71.0,0.0,72.0,72.0,66.0,88.0,76.0,85.0,79.0,35.0,52.0,75.0,61.0
75,250.0,28.0,21.0,0.0,0.0,64.0,68.0,0.0,73.0,76.0,66.0,73.0,72.0,82.0,72.0,33.0,42.0,80.0,16.0
72,250.0,27.0,49.0,1.0,3.0,88.0,79.0,0.0,85.0,74.0,93.0,95.0,79.0,96.0,93.0,61.0,75.0,85.0,59.0
74,255.0,24.0,16.0,0.0,0.0,83.0,86.0,0.0,80.0,76.0,70.0,87.0,83.0,91.0,80.0,57.0,52.0,87.0,64.0
73,238.0,27.0,37.0,0.0,0.0,81.0,77.0,0.0,76.0,79.0,86.0,88.0,80.0,90.0,80.0,39.0,56.0,90.0,66.0
72,246.0,25.0,0.0,0.0,0.0,80.0,79.0,0.0,76.0,77.0,77.0,91.0,88.0,87.0,82.0,51.0,65.0,89.0,60.0
72,232.0,27.0,9.0,0.0,0.0,60.0,77.0,0.0,75.0,64.0,60.0,68.0,80.0,75.0,74.0,60.0,66.0,58.0,40.0
75,241.0,27.0,10.0,0.0,0.0,59.0,79.0,0.0,82.0,67.0,64.0,75.0,48.0,84.0,65.0,59.0,48.0,59.0,50.0
74,247.0,23.0,51.0,0.0,0.0,85.0,76.0,0.0,82.0,78.0,79.0,94.0,86.0,95.0,96.0,49.0,69.0,82.0,55.0
76,240.0,32.0,55.0,0.0,0.0,74.0,73.0,0.0,74.0,74.0,89.0,82.0,71.0,86.0,94.0,62.0,60.0,68.0,50.0
74,249.0,27.0,11.0,0.0,0.0,70.0,79.0,0.0,85.0,72.0,65.0,77.0,70.0,86.0,78.0,60.0,65.0,74.0,42.0
73,239.0,24.0,8.0,0.0,0.0,68.0,77.0,0.0,72.0,73.0,69.0,80.0,74.0,82.0,75.0,48.0,62.0,69.0,50.0
73,230.0,24.0,11.0,0.0,0.0,63.0,81.0,0.0,78.0,72.0,44.0,67.0,79.0,82.0,70.0,40.0,65.0,77.0,50.0
73,251.0,24.0,10.0,0.0,0.0,60.0,74.0,0.0,83.0,66.0,62.0,75.0,65.0,85.0,58.0,49.0,62.0,76.0,45.0
73,240.0,23.0,0.0,0.0,0.0,56.0,76.0,0.0,77.0,69.0,37.0,70.0,71.0,75.0,66.0,55.0,65.0,74.0,55.0
74,241.0,27.0,41.0,0.0,0.0,91.0,79.0,0.0,77.0,81.0,92.0,97.0,93.0,94.0,94.0,61.0,71.0,84.0,48.0
73,226.0,23.0,30.0,0.0,0.0,79.0,84.0,0.0,87.0,66.0,78.0,84.0,75.0,92.0,73.0,68.0,80.0,84.0,55.0
73,246.0,29.0,18.0,0.0,0.0,75.0,76.0,0.0,78.0,72.0,77.0,85.0,77.0,88.0,84.0,51.0,65.0,71.0,65.0
74,240.0,26.0,18.0,0.0,0.0,70.0,86.0,0.0,84.0,66.0,68.0,78.0,74.0,89.0,73.0,59.0,69.0,72.0,55.0
72,235.0,27.0,5.0,0.0,0.0,65.0,85.0,0.0,86.0,64.0,69.0,75.0,67.0,87.0,72.0,62.0,68.0,65.0,48.0
74,240.0,22.0,11.0,0.0,0.0,64.0,86.0,0.0,85.0,65.0,42.0,81.0,59.0,87.0,53.0,63.0,44.0,61.0,55.0
74,238.0,29.0,8.0,0.0,0.0,63.0,70.0,0.0,82.0,75.0,62.0,82.0,65.0,85.0,66.0,42.0,45.0,70.0,24.0
70,245.0,35.0,0.0,0.0,0.0,91.0,79.0,0.0,84.0,74.0,98.0,99.0,86.0,99.0,98.0,60.0,72.0,81.0,55.0
76,260.0,24.0,58.0,0.0,4.0,85.0,84.0,0.0,83.0,88.0,72.0,86.0,88.0,93.0,73.0,40.0,55.0,89.0,35.0
74,238.0,27.0,38.0,0.0,0.0,79.0,82.0,0.0,85.0,69.0,74.0,87.0,83.0,91.0,79.0,65.0,76.0,85.0,66.0
76,253.0,31.0,59.0,0.0,1.0,76.0,77.0,0.0,72.0,80.0,88.0,80.0,75.0,90.0,78.0,35.0,43.0,84.0,20.0
76,253.0,31.0,0.0,0.0,0.0,76.0,77.0,0.0,72.0,80.0,88.0,80.0,75.0,90.0,78.0,35.0,43.0,84.0,20.0
71,232.0,34.0,38.0,0.0,0.0,69.0,74.0,0.0,76.0,73.0,83.0,82.0,64.0,75.0,80.0,55.0,50.0,75.0,35.0
70,242.0,25.0,9.0,0.0,0.0,61.0,69.0,0.0,77.0,68.0,67.0,77.0,65.0,88.0,66.0,42.0,65.0,74.0,60.0
73,275.0,27.0,0.0,0.0,0.0,61.0,65.0,0.0,64.0,85.0,69.0,79.0,77.0,68.0,70.0,30.0,38.0,66.0,15.0
73,238.0,22.0,30.0,0.0,0.0,60.0,83.0,0.0,66.0,80.0,37.0,85.0,93.0,72.0,54.0,30.0,42.0,90.0,65.0
72,242.0,24.0,0.0,0.0,0.0,59.0,76.0,0.0,73.0,66.0,60.0,72.0,72.0,84.0,62.0,49.0,62.0,76.0,60.0
76,247.0,28.0,0.0,0.0,0.0,58.0,75.0,0.0,68.0,69.0,60.0,65.0,55.0,86.0,59.0,32.0,45.0,68.0,30.0
0,0.0,0.0,27.0,0.0,0.0,81.0,72.0,82.0,75.0,84.0,82.0,0.0,0.0,0.0,0.0,0.0,0.0,0.0,0.0
0,0.0,0.0,90.0,1.0,4.0,81.0,76.0,82.0,73.0,83.0,88.0,0.0,0.0,0.0,0.0,0.0,0.0,0.0,0.0
0,0.0,0.0,46.0,0.0,0.0,78.0,72.0,82.0,72.0,78.0,85.0,0.0,0.0,0.0,0.0,0.0,0.0,0.0,0.0
0,0.0,0.0,0.0,0.0,0.0,78.0,77.0,81.0,80.0,74.0,79.0,0.0,0.0,0.0,0.0,0.0,0.0,0.0,0.0
0,0.0,0.0,34.0,0.0,1.0,74.0,85.0,93.0,88.0,67.0,66.0,0.0,0.0,0.0,0.0,0.0,0.0,0.0,0.0
0,0.0,0.0,15.0,0.0,0.0,70.0,79.0,87.0,75.0,77.0,63.0,0.0,0.0,0.0,0.0,0.0,0.0,0.0,0.0
0,0.0,0.0,0.0,0.0,0.0,65.0,75.0,87.0,82.0,67.0,60.0,0.0,0.0,0.0,0.0,0.0,0.0,0.0,0.0
0,0.0,0.0,30.0,0.0,0.0,64.0,82.0,84.0,75.0,68.0,48.0,0.0,0.0,0.0,0.0,0.0,0.0,0.0,0.0
0,0.0,0.0,3.0,0.0,0.0,61.0,72.0,78.0,77.0,75.0,58.0,0.0,0.0,0.0,0.0,0.0,0.0,0.0,0.0
0,0.0,0.0,0.0,0.0,0.0,61.0,72.0,78.0,77.0,75.0,58.0,0.0,0.0,0.0,0.0,0.0,0.0,0.0,0.0
0,0.0,0.0,0.0,0.0,0.0,60.0,77.0,80.0,75.0,69.0,63.0,0.0,0.0,0.0,0.0,0.0,0.0,0.0,0.0
0,0.0,0.0,0.0,0.0,0.0,60.0,77.0,80.0,75.0,69.0,63.0,0.0,0.0,0.0,0.0,0.0,0.0,0.0,0.0
0,0.0,0.0,0.0,0.0,0.0,59.0,74.0,82.0,73.0,68.0,57.0,0.0,0.0,0.0,0.0,0.0,0.0,0.0,0.0
0,0.0,0.0,0.0,0.0,0.0,58.0,75.0,79.0,80.0,74.0,64.0,0.0,0.0,0.0,0.0,0.0,0.0,0.0,0.0
0,0.0,0.0,0.0,0.0,0.0,58.0,80.0,74.0,75.0,70.0,50.0,0.0,0.0,0.0,0.0,0.0,0.0,0.0,0.0
0,0.0,0.0,49.0,0.0,0.0,90.0,79.0,84.0,85.0,77.0,86.0,0.0,0.0,0.0,0.0,0.0,0.0,0.0,0.0
0,0.0,0.0,0.0,0.0,0.0,82.0,77.0,81.0,79.0,74.0,88.0,0.0,0.0,0.0,0.0,0.0,0.0,0.0,0.0
0,0.0,0.0,73.0,0.0,0.0,82.0,77.0,81.0,79.0,74.0,88.0,0.0,0.0,0.0,0.0,0.0,0.0,0.0,0.0
0,0.0,0.0,27.0,0.0,0.0,76.0,77.0,85.0,85.0,67.0,75.0,0.0,0.0,0.0,0.0,0.0,0.0,0.0,0.0
0,0.0,0.0,22.0,0.0,0.0,75.0,83.0,86.0,84.0,78.0,66.0,0.0,0.0,0.0,0.0,0.0,0.0,0.0,0.0
0,0.0,0.0,22.0,0.0,0.0,67.0,84.0,83.0,82.0,62.0,66.0,0.0,0.0,0.0,0.0,0.0,0.0,0.0,0.0
0,0.0,0.0,2.0,0.0,0.0,67.0,82.0,87.0,80.0,63.0,55.0,0.0,0.0,0.0,0.0,0.0,0.0,0.0,0.0
0,0.0,0.0,17.0,0.0,0.0,66.0,74.0,79.0,73.0,78.0,55.0,0.0,0.0,0.0,0.0,0.0,0.0,0.0,0.0
0,0.0,0.0,0.0,0.0,0.0,66.0,74.0,79.0,73.0,78.0,55.0,0.0,0.0,0.0,0.0,0.0,0.0,0.0,0.0
0,0.0,0.0,0.0,0.0,1.0,66.0,75.0,85.0,82.0,67.0,65.0,0.0,0.0,0.0,0.0,0.0,0.0,0.0,0.0
0,0.0,0.0,1.0,0.0,0.0,66.0,75.0,85.0,82.0,67.0,65.0,0.0,0.0,0.0,0.0,0.0,0.0,0.0,0.0
0,0.0,0.0,0.0,0.0,0.0,58.0,74.0,78.0,75.0,68.0,46.0,0.0,0.0,0.0,0.0,0.0,0.0,0.0,0.0
0,0.0,0.0,0.0,0.0,0.0,95.0,83.0,86.0,83.0,91.0,95.0,0.0,0.0,0.0,0.0,0.0,0.0,0.0,0.0
0,0.0,0.0,160.0,7.0,12.0,95.0,83.0,86.0,83.0,91.0,95.0,0.0,0.0,0.0,0.0,0.0,0.0,0.0,0.0
0,0.0,0.0,110.0,1.0,7.0,94.0,85.0,95.0,79.0,89.0,88.0,0.0,0.0,0.0,0.0,0.0,0.0,0.0,0.0
0,0.0,0.0,55.0,0.0,0.0,81.0,72.0,84.0,68.0,85.0,82.0,0.0,0.0,0.0,0.0,0.0,0.0,0.0,0.0
0,0.0,0.0,0.0,0.0,0.0,79.0,81.0,83.0,72.0,77.0,75.0,0.0,0.0,0.0,0.0,0.0,0.0,0.0,0.0
0,0.0,0.0,0.0,0.0,0.0,72.0,83.0,88.0,85.0,69.0,69.0,0.0,0.0,0.0,0.0,0.0,0.0,0.0,0.0
0,0.0,0.0,0.0,0.0,0.0,70.0,82.0,93.0,80.0,69.0,45.0,0.0,0.0,0.0,0.0,0.0,0.0,0.0,0.0
0,0.0,0.0,9.0,0.0,0.0,69.0,86.0,91.0,86.0,66.0,70.0,0.0,0.0,0.0,0.0,0.0,0.0,0.0,0.0
0,0.0,0.0,5.0,0.0,0.0,64.0,76.0,71.0,70.0,74.0,62.0,0.0,0.0,0.0,0.0,0.0,0.0,0.0,0.0
0,0.0,0.0,3.0,0.0,0.0,64.0,76.0,71.0,70.0,74.0,62.0,0.0,0.0,0.0,0.0,0.0,0.0,0.0,0.0
0,0.0,0.0,0.0,0.0,0.0,63.0,79.0,78.0,74.0,69.0,72.0,0.0,0.0,0.0,0.0,0.0,0.0,0.0,0.0
0,0.0,0.0,2.0,0.0,0.0,58.0,73.0,83.0,75.0,66.0,65.0,0.0,0.0,0.0,0.0,0.0,0.0,0.0,0.0
0,0.0,0.0,58.0,0.0,1.0,87.0,76.0,86.0,84.0,76.0,85.0,0.0,0.0,0.0,0.0,0.0,0.0,0.0,0.0
0,0.0,0.0,40.0,1.0,3.0,80.0,83.0,86.0,74.0,87.0,76.0,0.0,0.0,0.0,0.0,0.0,0.0,0.0,0.0
0,0.0,0.0,44.0,0.0,0.0,76.0,72.0,74.0,74.0,78.0,75.0,0.0,0.0,0.0,0.0,0.0,0.0,0.0,0.0
0,0.0,0.0,46.0,0.0,0.0,71.0,69.0,78.0,71.0,83.0,81.0,0.0,0.0,0.0,0.0,0.0,0.0,0.0,0.0
0,0.0,0.0,19.0,0.0,0.0,71.0,78.0,84.0,85.0,70.0,72.0,0.0,0.0,0.0,0.0,0.0,0.0,0.0,0.0
0,0.0,0.0,22.0,0.0,0.0,70.0,82.0,87.0,72.0,69.0,60.0,0.0,0.0,0.0,0.0,0.0,0.0,0.0,0.0
0,0.0,0.0,17.0,0.0,0.0,69.0,75.0,88.0,79.0,68.0,69.0,0.0,0.0,0.0,0.0,0.0,0.0,0.0,0.0
0,0.0,0.0,25.0,0.0,0.0,67.0,79.0,85.0,77.0,74.0,56.0,0.0,0.0,0.0,0.0,0.0,0.0,0.0,0.0
0,0.0,0.0,5.0,0.0,0.0,58.0,84.0,93.0,77.0,66.0,43.0,0.0,0.0,0.0,0.0,0.0,0.0,0.0,0.0
0,0.0,0.0,0.0,0.0,0.0,57.0,73.0,85.0,77.0,72.0,49.0,0.0,0.0,0.0,0.0,0.0,0.0,0.0,0.0
0,0.0,0.0,2.0,0.0,0.0,57.0,79.0,82.0,73.0,72.0,50.0,0.0,0.0,0.0,0.0,0.0,0.0,0.0,0.0
0,0.0,0.0,0.0,0.0,0.0,57.0,72.0,74.0,74.0,75.0,56.0,0.0,0.0,0.0,0.0,0.0,0.0,0.0,0.0
0,0.0,0.0,0.0,0.0,0.0,56.0,81.0,83.0,72.0,72.0,43.0,0.0,0.0,0.0,0.0,0.0,0.0,0.0,0.0
0,0.0,0.0,0.0,0.0,0.0,56.0,81.0,83.0,72.0,72.0,43.0,0.0,0.0,0.0,0.0,0.0,0.0,0.0,0.0
0,0.0,0.0,0.0,0.0,0.0,56.0,81.0,83.0,72.0,72.0,43.0,0.0,0.0,0.0,0.0,0.0,0.0,0.0,0.0
0,0.0,0.0,3.0,0.0,0.0,56.0,81.0,83.0,72.0,72.0,43.0,0.0,0.0,0.0,0.0,0.0,0.0,0.0,0.0
0,0.0,0.0,55.0,1.0,3.0,97.0,85.0,93.0,88.0,75.0,96.0,0.0,0.0,0.0,0.0,0.0,0.0,0.0,0.0
0,0.0,0.0,0.0,0.0,0.0,87.0,85.0,92.0,84.0,74.0,83.0,0.0,0.0,0.0,0.0,0.0,0.0,0.0,0.0
0,0.0,0.0,31.0,0.0,0.0,87.0,85.0,92.0,84.0,74.0,83.0,0.0,0.0,0.0,0.0,0.0,0.0,0.0,0.0
0,0.0,0.0,80.0,1.0,3.0,83.0,87.0,92.0,85.0,73.0,75.0,0.0,0.0,0.0,0.0,0.0,0.0,0.0,0.0
0,0.0,0.0,13.0,0.0,0.0,80.0,74.0,84.0,77.0,77.0,79.0,0.0,0.0,0.0,0.0,0.0,0.0,0.0,0.0
0,0.0,0.0,5.0,0.0,0.0,69.0,78.0,84.0,84.0,67.0,67.0,0.0,0.0,0.0,0.0,0.0,0.0,0.0,0.0
0,0.0,0.0,4.0,0.0,0.0,68.0,74.0,78.0,78.0,78.0,71.0,0.0,0.0,0.0,0.0,0.0,0.0,0.0,0.0
0,0.0,0.0,2.0,0.0,0.0,67.0,70.0,83.0,74.0,76.0,59.0,0.0,0.0,0.0,0.0,0.0,0.0,0.0,0.0
0,0.0,0.0,0.0,0.0,0.0,67.0,83.0,85.0,82.0,62.0,67.0,0.0,0.0,0.0,0.0,0.0,0.0,0.0,0.0
0,0.0,0.0,0.0,0.0,0.0,66.0,75.0,78.0,82.0,65.0,55.0,0.0,0.0,0.0,0.0,0.0,0.0,0.0,0.0
0,0.0,0.0,4.0,0.0,0.0,63.0,86.0,85.0,81.0,64.0,55.0,0.0,0.0,0.0,0.0,0.0,0.0,0.0,0.0
0,0.0,0.0,119.0,4.0,8.0,94.0,84.0,89.0,86.0,77.0,95.0,0.0,0.0,0.0,0.0,0.0,0.0,0.0,0.0
0,0.0,0.0,98.0,1.0,7.0,93.0,78.0,84.0,82.0,80.0,91.0,0.0,0.0,0.0,0.0,0.0,0.0,0.0,0.0
0,0.0,0.0,35.0,0.0,0.0,78.0,85.0,86.0,85.0,65.0,78.0,0.0,0.0,0.0,0.0,0.0,0.0,0.0,0.0
0,0.0,0.0,0.0,0.0,0.0,70.0,83.0,84.0,80.0,67.0,66.0,0.0,0.0,0.0,0.0,0.0,0.0,0.0,0.0
0,0.0,0.0,0.0,0.0,0.0,65.0,75.0,85.0,81.0,71.0,66.0,0.0,0.0,0.0,0.0,0.0,0.0,0.0,0.0
0,0.0,0.0,7.0,0.0,0.0,62.0,77.0,82.0,78.0,67.0,67.0,0.0,0.0,0.0,0.0,0.0,0.0,0.0,0.0
0,0.0,0.0,43.0,0.0,1.0,55.0,80.0,81.0,85.0,64.0,45.0,0.0,0.0,0.0,0.0,0.0,0.0,0.0,0.0
0,0.0,0.0,2.0,0.0,0.0,55.0,80.0,81.0,85.0,64.0,45.0,0.0,0.0,0.0,0.0,0.0,0.0,0.0,0.0
0,0.0,0.0,12.0,0.0,0.0,55.0,80.0,81.0,85.0,64.0,45.0,0.0,0.0,0.0,0.0,0.0,0.0,0.0,0.0
0,0.0,0.0,15.0,0.0,0.0,54.0,75.0,78.0,77.0,65.0,44.0,0.0,0.0,0.0,0.0,0.0,0.0,0.0,0.0
0,0.0,0.0,70.0,1.0,3.0,54.0,75.0,78.0,77.0,65.0,44.0,0.0,0.0,0.0,0.0,0.0,0.0,0.0,0.0
0,0.0,0.0,0.0,0.0,0.0,53.0,76.0,85.0,73.0,64.0,40.0,0.0,0.0,0.0,0.0,0.0,0.0,0.0,0.0
0,0.0,0.0,24.0,0.0,0.0,84.0,87.0,91.0,87.0,75.0,76.0,0.0,0.0,0.0,0.0,0.0,0.0,0.0,0.0
0,0.0,0.0,49.0,0.0,0.0,83.0,80.0,89.0,79.0,80.0,77.0,0.0,0.0,0.0,0.0,0.0,0.0,0.0,0.0
0,0.0,0.0,54.0,0.0,0.0,79.0,76.0,75.0,78.0,74.0,90.0,0.0,0.0,0.0,0.0,0.0,0.0,0.0,0.0
0,0.0,0.0,13.0,0.0,0.0,75.0,82.0,88.0,85.0,69.0,68.0,0.0,0.0,0.0,0.0,0.0,0.0,0.0,0.0
0,0.0,0.0,0.0,0.0,0.0,75.0,82.0,88.0,85.0,69.0,68.0,0.0,0.0,0.0,0.0,0.0,0.0,0.0,0.0
0,0.0,0.0,0.0,0.0,0.0,70.0,86.0,92.0,86.0,71.0,60.0,0.0,0.0,0.0,0.0,0.0,0.0,0.0,0.0
0,0.0,0.0,1.0,0.0,0.0,60.0,77.0,88.0,82.0,62.0,63.0,0.0,0.0,0.0,0.0,0.0,0.0,0.0,0.0
0,0.0,0.0,0.0,0.0,0.0,59.0,91.0,92.0,77.0,65.0,48.0,0.0,0.0,0.0,0.0,0.0,0.0,0.0,0.0
0,0.0,0.0,0.0,0.0,0.0,57.0,73.0,77.0,74.0,70.0,62.0,0.0,0.0,0.0,0.0,0.0,0.0,0.0,0.0
0,0.0,0.0,0.0,0.0,0.0,55.0,80.0,79.0,75.0,64.0,43.0,0.0,0.0,0.0,0.0,0.0,0.0,0.0,0.0
0,0.0,0.0,27.0,0.0,0.0,86.0,75.0,85.0,74.0,86.0,86.0,0.0,0.0,0.0,0.0,0.0,0.0,0.0,0.0
0,0.0,0.0,61.0,0.0,1.0,83.0,75.0,83.0,82.0,77.0,84.0,0.0,0.0,0.0,0.0,0.0,0.0,0.0,0.0
0,0.0,0.0,46.0,0.0,0.0,82.0,77.0,83.0,77.0,75.0,88.0,0.0,0.0,0.0,0.0,0.0,0.0,0.0,0.0
0,0.0,0.0,29.0,0.0,0.0,79.0,78.0,86.0,75.0,78.0,78.0,0.0,0.0,0.0,0.0,0.0,0.0,0.0,0.0
0,0.0,0.0,0.0,0.0,0.0,73.0,75.0,83.0,73.0,74.0,70.0,0.0,0.0,0.0,0.0,0.0,0.0,0.0,0.0
0,0.0,0.0,13.0,0.0,0.0,69.0,80.0,85.0,83.0,58.0,71.0,0.0,0.0,0.0,0.0,0.0,0.0,0.0,0.0
0,0.0,0.0,0.0,0.0,0.0,64.0,79.0,84.0,76.0,72.0,63.0,0.0,0.0,0.0,0.0,0.0,0.0,0.0,0.0
0,0.0,0.0,0.0,0.0,0.0,62.0,80.0,84.0,79.0,66.0,53.0,0.0,0.0,0.0,0.0,0.0,0.0,0.0,0.0
0,0.0,0.0,0.0,0.0,0.0,60.0,77.0,78.0,75.0,71.0,55.0,0.0,0.0,0.0,0.0,0.0,0.0,0.0,0.0
0,0.0,0.0,100.0,4.0,9.0,98.0,86.0,97.0,88.0,90.0,91.0,0.0,0.0,0.0,0.0,0.0,0.0,0.0,0.0
0,0.0,0.0,53.0,0.0,0.0,83.0,76.0,81.0,81.0,77.0,86.0,0.0,0.0,0.0,0.0,0.0,0.0,0.0,0.0
0,0.0,0.0,34.0,0.0,1.0,82.0,80.0,91.0,79.0,80.0,78.0,0.0,0.0,0.0,0.0,0.0,0.0,0.0,0.0
0,0.0,0.0,81.0,0.0,5.0,82.0,74.0,77.0,74.0,79.0,94.0,0.0,0.0,0.0,0.0,0.0,0.0,0.0,0.0
0,0.0,0.0,53.0,1.0,2.0,73.0,83.0,74.0,69.0,72.0,65.0,0.0,0.0,0.0,0.0,0.0,0.0,0.0,0.0
0,0.0,0.0,9.0,0.0,0.0,72.0,75.0,85.0,86.0,78.0,62.0,0.0,0.0,0.0,0.0,0.0,0.0,0.0,0.0
0,0.0,0.0,6.0,0.0,0.0,69.0,79.0,86.0,74.0,69.0,64.0,0.0,0.0,0.0,0.0,0.0,0.0,0.0,0.0
0,0.0,0.0,20.0,0.0,0.0,67.0,88.0,92.0,87.0,77.0,48.0,0.0,0.0,0.0,0.0,0.0,0.0,0.0,0.0
0,0.0,0.0,0.0,0.0,0.0,66.0,78.0,86.0,77.0,75.0,66.0,0.0,0.0,0.0,0.0,0.0,0.0,0.0,0.0
0,0.0,0.0,0.0,0.0,0.0,58.0,73.0,75.0,76.0,74.0,62.0,0.0,0.0,0.0,0.0,0.0,0.0,0.0,0.0
0,0.0,0.0,0.0,0.0,0.0,57.0,74.0,82.0,72.0,67.0,45.0,0.0,0.0,0.0,0.0,0.0,0.0,0.0,0.0
0,0.0,0.0,0.0,0.0,0.0,57.0,74.0,82.0,72.0,67.0,45.0,0.0,0.0,0.0,0.0,0.0,0.0,0.0,0.0
0,0.0,0.0,0.0,0.0,0.0,57.0,74.0,82.0,72.0,67.0,45.0,0.0,0.0,0.0,0.0,0.0,0.0,0.0,0.0
0,0.0,0.0,52.0,0.0,1.0,57.0,74.0,82.0,72.0,67.0,45.0,0.0,0.0,0.0,0.0,0.0,0.0,0.0,0.0
0,0.0,0.0,4.0,0.0,0.0,57.0,74.0,82.0,72.0,67.0,45.0,0.0,0.0,0.0,0.0,0.0,0.0,0.0,0.0
0,0.0,0.0,48.0,0.0,0.0,89.0,83.0,87.0,86.0,77.0,88.0,0.0,0.0,0.0,0.0,0.0,0.0,0.0,0.0
0,0.0,0.0,4.0,0.0,0.0,89.0,83.0,87.0,86.0,77.0,88.0,0.0,0.0,0.0,0.0,0.0,0.0,0.0,0.0
0,0.0,0.0,104.0,3.0,8.0,79.0,87.0,94.0,86.0,79.0,60.0,0.0,0.0,0.0,0.0,0.0,0.0,0.0,0.0
0,0.0,0.0,21.0,0.0,0.0,78.0,74.0,77.0,77.0,74.0,82.0,0.0,0.0,0.0,0.0,0.0,0.0,0.0,0.0
0,0.0,0.0,18.0,0.0,0.0,76.0,78.0,85.0,72.0,85.0,70.0,0.0,0.0,0.0,0.0,0.0,0.0,0.0,0.0
0,0.0,0.0,0.0,0.0,0.0,66.0,85.0,88.0,84.0,66.0,68.0,0.0,0.0,0.0,0.0,0.0,0.0,0.0,0.0
0,0.0,0.0,9.0,0.0,0.0,65.0,77.0,82.0,73.0,76.0,47.0,0.0,0.0,0.0,0.0,0.0,0.0,0.0,0.0
0,0.0,0.0,0.0,0.0,0.0,61.0,73.0,83.0,82.0,65.0,59.0,0.0,0.0,0.0,0.0,0.0,0.0,0.0,0.0
0,0.0,0.0,0.0,0.0,0.0,55.0,75.0,80.0,76.0,71.0,42.0,0.0,0.0,0.0,0.0,0.0,0.0,0.0,0.0
0,0.0,0.0,4.0,0.0,0.0,53.0,76.0,85.0,78.0,66.0,42.0,0.0,0.0,0.0,0.0,0.0,0.0,0.0,0.0
0,0.0,0.0,45.0,0.0,0.0,77.0,84.0,88.0,84.0,67.0,76.0,0.0,0.0,0.0,0.0,0.0,0.0,0.0,0.0
0,0.0,0.0,11.0,0.0,0.0,73.0,79.0,86.0,85.0,72.0,72.0,0.0,0.0,0.0,0.0,0.0,0.0,0.0,0.0
0,0.0,0.0,2.0,0.0,0.0,71.0,74.0,84.0,69.0,74.0,68.0,0.0,0.0,0.0,0.0,0.0,0.0,0.0,0.0
0,0.0,0.0,28.0,0.0,0.0,70.0,72.0,86.0,81.0,68.0,70.0,0.0,0.0,0.0,0.0,0.0,0.0,0.0,0.0
0,0.0,0.0,0.0,0.0,0.0,68.0,80.0,87.0,86.0,62.0,64.0,0.0,0.0,0.0,0.0,0.0,0.0,0.0,0.0
0,0.0,0.0,0.0,0.0,0.0,67.0,76.0,85.0,79.0,75.0,72.0,0.0,0.0,0.0,0.0,0.0,0.0,0.0,0.0
0,0.0,0.0,2.0,0.0,0.0,61.0,76.0,84.0,79.0,65.0,65.0,0.0,0.0,0.0,0.0,0.0,0.0,0.0,0.0
0,0.0,0.0,2.0,0.0,0.0,59.0,82.0,88.0,76.0,59.0,55.0,0.0,0.0,0.0,0.0,0.0,0.0,0.0,0.0
0,0.0,0.0,0.0,0.0,0.0,55.0,81.0,86.0,71.0,72.0,55.0,0.0,0.0,0.0,0.0,0.0,0.0,0.0,0.0
0,0.0,0.0,0.0,0.0,0.0,95.0,86.0,94.0,86.0,83.0,85.0,0.0,0.0,0.0,0.0,0.0,0.0,0.0,0.0
0,0.0,0.0,94.0,0.0,4.0,95.0,86.0,94.0,86.0,83.0,85.0,0.0,0.0,0.0,0.0,0.0,0.0,0.0,0.0
0,0.0,0.0,77.0,1.0,6.0,95.0,86.0,94.0,86.0,83.0,85.0,0.0,0.0,0.0,0.0,0.0,0.0,0.0,0.0
0,0.0,0.0,60.0,0.0,0.0,88.0,78.0,87.0,83.0,76.0,86.0,0.0,0.0,0.0,0.0,0.0,0.0,0.0,0.0
0,0.0,0.0,55.0,0.0,1.0,85.0,82.0,86.0,82.0,74.0,85.0,0.0,0.0,0.0,0.0,0.0,0.0,0.0,0.0
0,0.0,0.0,18.0,0.0,0.0,82.0,77.0,81.0,79.0,84.0,79.0,0.0,0.0,0.0,0.0,0.0,0.0,0.0,0.0
0,0.0,0.0,18.0,0.0,0.0,74.0,82.0,86.0,85.0,67.0,70.0,0.0,0.0,0.0,0.0,0.0,0.0,0.0,0.0
0,0.0,0.0,37.0,0.0,0.0,71.0,77.0,86.0,74.0,75.0,68.0,0.0,0.0,0.0,0.0,0.0,0.0,0.0,0.0
0,0.0,0.0,25.0,0.0,0.0,70.0,70.0,83.0,74.0,76.0,75.0,0.0,0.0,0.0,0.0,0.0,0.0,0.0,0.0
0,0.0,0.0,0.0,0.0,0.0,70.0,82.0,80.0,76.0,66.0,65.0,0.0,0.0,0.0,0.0,0.0,0.0,0.0,0.0
0,0.0,0.0,22.0,0.0,0.0,68.0,73.0,85.0,78.0,74.0,72.0,0.0,0.0,0.0,0.0,0.0,0.0,0.0,0.0
0,0.0,0.0,5.0,0.0,0.0,62.0,74.0,76.0,79.0,66.0,57.0,0.0,0.0,0.0,0.0,0.0,0.0,0.0,0.0
0,0.0,0.0,0.0,0.0,0.0,58.0,73.0,83.0,71.0,66.0,48.0,0.0,0.0,0.0,0.0,0.0,0.0,0.0,0.0
0,0.0,0.0,0.0,0.0,0.0,57.0,79.0,87.0,78.0,65.0,52.0,0.0,0.0,0.0,0.0,0.0,0.0,0.0,0.0
0,0.0,0.0,0.0,0.0,0.0,57.0,75.0,82.0,74.0,68.0,64.0,0.0,0.0,0.0,0.0,0.0,0.0,0.0,0.0
0,0.0,0.0,58.0,0.0,2.0,89.0,76.0,86.0,85.0,73.0,90.0,0.0,0.0,0.0,0.0,0.0,0.0,0.0,0.0
0,0.0,0.0,79.0,1.0,4.0,88.0,84.0,94.0,86.0,87.0,86.0,0.0,0.0,0.0,0.0,0.0,0.0,0.0,0.0
0,0.0,0.0,52.0,0.0,1.0,86.0,84.0,88.0,84.0,83.0,79.0,0.0,0.0,0.0,0.0,0.0,0.0,0.0,0.0
0,0.0,0.0,51.0,0.0,1.0,73.0,84.0,87.0,75.0,74.0,72.0,0.0,0.0,0.0,0.0,0.0,0.0,0.0,0.0
0,0.0,0.0,4.0,0.0,0.0,71.0,77.0,88.0,87.0,68.0,69.0,0.0,0.0,0.0,0.0,0.0,0.0,0.0,0.0
0,0.0,0.0,0.0,0.0,0.0,70.0,74.0,75.0,67.0,79.0,75.0,0.0,0.0,0.0,0.0,0.0,0.0,0.0,0.0
0,0.0,0.0,0.0,0.0,0.0,70.0,75.0,85.0,74.0,74.0,73.0,0.0,0.0,0.0,0.0,0.0,0.0,0.0,0.0
0,0.0,0.0,37.0,0.0,0.0,69.0,81.0,87.0,73.0,69.0,55.0,0.0,0.0,0.0,0.0,0.0,0.0,0.0,0.0
0,0.0,0.0,10.0,0.0,0.0,68.0,76.0,87.0,78.0,73.0,65.0,0.0,0.0,0.0,0.0,0.0,0.0,0.0,0.0
0,0.0,0.0,0.0,0.0,0.0,67.0,70.0,78.0,65.0,76.0,74.0,0.0,0.0,0.0,0.0,0.0,0.0,0.0,0.0
0,0.0,0.0,3.0,0.0,0.0,64.0,80.0,87.0,82.0,70.0,66.0,0.0,0.0,0.0,0.0,0.0,0.0,0.0,0.0
0,0.0,0.0,21.0,0.0,0.0,64.0,80.0,85.0,78.0,72.0,70.0,0.0,0.0,0.0,0.0,0.0,0.0,0.0,0.0
0,0.0,0.0,0.0,0.0,0.0,55.0,73.0,86.0,75.0,65.0,35.0,0.0,0.0,0.0,0.0,0.0,0.0,0.0,0.0
0,0.0,0.0,0.0,0.0,0.0,86.0,77.0,84.0,82.0,73.0,96.0,0.0,0.0,0.0,0.0,0.0,0.0,0.0,0.0
0,0.0,0.0,0.0,0.0,0.0,86.0,77.0,84.0,82.0,73.0,96.0,0.0,0.0,0.0,0.0,0.0,0.0,0.0,0.0
0,0.0,0.0,20.0,0.0,0.0,81.0,84.0,86.0,83.0,76.0,75.0,0.0,0.0,0.0,0.0,0.0,0.0,0.0,0.0
0,0.0,0.0,18.0,0.0,0.0,75.0,79.0,84.0,74.0,65.0,71.0,0.0,0.0,0.0,0.0,0.0,0.0,0.0,0.0
0,0.0,0.0,29.0,0.0,0.0,70.0,78.0,87.0,80.0,74.0,68.0,0.0,0.0,0.0,0.0,0.0,0.0,0.0,0.0
0,0.0,0.0,12.0,0.0,0.0,69.0,81.0,85.0,83.0,69.0,62.0,0.0,0.0,0.0,0.0,0.0,0.0,0.0,0.0
0,0.0,0.0,20.0,0.0,0.0,65.0,80.0,84.0,79.0,66.0,59.0,0.0,0.0,0.0,0.0,0.0,0.0,0.0,0.0
0,0.0,0.0,0.0,0.0,0.0,59.0,73.0,77.0,73.0,69.0,52.0,0.0,0.0,0.0,0.0,0.0,0.0,0.0,0.0
0,0.0,0.0,2.0,0.0,0.0,54.0,80.0,84.0,84.0,58.0,57.0,0.0,0.0,0.0,0.0,0.0,0.0,0.0,0.0
0,0.0,0.0,2.0,0.0,0.0,90.0,78.0,86.0,83.0,85.0,88.0,0.0,0.0,0.0,0.0,0.0,0.0,0.0,0.0
0,0.0,0.0,72.0,0.0,0.0,90.0,78.0,86.0,83.0,85.0,88.0,0.0,0.0,0.0,0.0,0.0,0.0,0.0,0.0
0,0.0,0.0,36.0,0.0,0.0,83.0,85.0,87.0,87.0,67.0,79.0,0.0,0.0,0.0,0.0,0.0,0.0,0.0,0.0
0,0.0,0.0,38.0,0.0,0.0,79.0,75.0,80.0,74.0,75.0,85.0,0.0,0.0,0.0,0.0,0.0,0.0,0.0,0.0
0,0.0,0.0,0.0,0.0,0.0,70.0,78.0,85.0,74.0,68.0,71.0,0.0,0.0,0.0,0.0,0.0,0.0,0.0,0.0
0,0.0,0.0,0.0,0.0,0.0,59.0,75.0,82.0,85.0,66.0,66.0,0.0,0.0,0.0,0.0,0.0,0.0,0.0,0.0
0,0.0,0.0,0.0,0.0,0.0,57.0,76.0,74.0,74.0,67.0,55.0,0.0,0.0,0.0,0.0,0.0,0.0,0.0,0.0
0,0.0,0.0,0.0,0.0,0.0,56.0,73.0,82.0,74.0,68.0,45.0,0.0,0.0,0.0,0.0,0.0,0.0,0.0,0.0
0,0.0,0.0,0.0,0.0,0.0,53.0,77.0,83.0,73.0,64.0,42.0,0.0,0.0,0.0,0.0,0.0,0.0,0.0,0.0
0,0.0,0.0,0.0,0.0,0.0,53.0,73.0,79.0,73.0,72.0,75.0,0.0,0.0,0.0,0.0,0.0,0.0,0.0,0.0
0,0.0,0.0,75.0,0.0,5.0,91.0,78.0,90.0,73.0,86.0,86.0,0.0,0.0,0.0,0.0,0.0,0.0,0.0,0.0
0,0.0,0.0,80.0,1.0,4.0,86.0,84.0,88.0,86.0,70.0,88.0,0.0,0.0,0.0,0.0,0.0,0.0,0.0,0.0
0,0.0,0.0,2.0,1.0,4.0,86.0,84.0,88.0,86.0,70.0,88.0,0.0,0.0,0.0,0.0,0.0,0.0,0.0,0.0
0,0.0,0.0,66.0,1.0,1.0,77.0,71.0,75.0,73.0,74.0,92.0,0.0,0.0,0.0,0.0,0.0,0.0,0.0,0.0
0,0.0,0.0,0.0,0.0,0.0,76.0,83.0,87.0,79.0,71.0,69.0,0.0,0.0,0.0,0.0,0.0,0.0,0.0,0.0
0,0.0,0.0,33.0,0.0,0.0,76.0,80.0,85.0,87.0,67.0,83.0,0.0,0.0,0.0,0.0,0.0,0.0,0.0,0.0
0,0.0,0.0,11.0,0.0,0.0,75.0,77.0,85.0,74.0,77.0,72.0,0.0,0.0,0.0,0.0,0.0,0.0,0.0,0.0
0,0.0,0.0,0.0,0.0,0.0,71.0,79.0,82.0,77.0,72.0,67.0,0.0,0.0,0.0,0.0,0.0,0.0,0.0,0.0
0,0.0,0.0,1.0,0.0,0.0,65.0,74.0,87.0,76.0,77.0,56.0,0.0,0.0,0.0,0.0,0.0,0.0,0.0,0.0
0,0.0,0.0,74.0,1.0,4.0,64.0,80.0,90.0,82.0,77.0,45.0,0.0,0.0,0.0,0.0,0.0,0.0,0.0,0.0
0,0.0,0.0,0.0,0.0,0.0,59.0,73.0,80.0,74.0,75.0,54.0,0.0,0.0,0.0,0.0,0.0,0.0,0.0,0.0
0,0.0,0.0,0.0,0.0,0.0,59.0,77.0,85.0,69.0,65.0,54.0,0.0,0.0,0.0,0.0,0.0,0.0,0.0,0.0
0,0.0,0.0,0.0,0.0,0.0,58.0,69.0,82.0,70.0,82.0,54.0,0.0,0.0,0.0,0.0,0.0,0.0,0.0,0.0
0,0.0,0.0,0.0,0.0,0.0,54.0,85.0,82.0,82.0,62.0,55.0,0.0,0.0,0.0,0.0,0.0,0.0,0.0,0.0
0,0.0,0.0,0.0,0.0,0.0,52.0,72.0,69.0,75.0,78.0,60.0,0.0,0.0,0.0,0.0,0.0,0.0,0.0,0.0
0,0.0,0.0,81.0,0.0,0.0,90.0,79.0,87.0,84.0,80.0,91.0,0.0,0.0,0.0,0.0,0.0,0.0,0.0,0.0
0,0.0,0.0,0.0,0.0,0.0,89.0,84.0,94.0,86.0,80.0,79.0,0.0,0.0,0.0,0.0,0.0,0.0,0.0,0.0
0,0.0,0.0,31.0,0.0,0.0,79.0,77.0,83.0,79.0,78.0,75.0,0.0,0.0,0.0,0.0,0.0,0.0,0.0,0.0
0,0.0,0.0,30.0,0.0,0.0,77.0,82.0,88.0,73.0,69.0,72.0,0.0,0.0,0.0,0.0,0.0,0.0,0.0,0.0
0,0.0,0.0,2.0,0.0,0.0,73.0,73.0,85.0,74.0,79.0,75.0,0.0,0.0,0.0,0.0,0.0,0.0,0.0,0.0
0,0.0,0.0,19.0,0.0,0.0,67.0,78.0,80.0,73.0,79.0,66.0,0.0,0.0,0.0,0.0,0.0,0.0,0.0,0.0
0,0.0,0.0,1.0,0.0,0.0,62.0,73.0,66.0,69.0,61.0,68.0,0.0,0.0,0.0,0.0,0.0,0.0,0.0,0.0
0,0.0,0.0,5.0,0.0,0.0,57.0,75.0,78.0,74.0,66.0,55.0,0.0,0.0,0.0,0.0,0.0,0.0,0.0,0.0
0,0.0,0.0,5.0,0.0,0.0,55.0,71.0,86.0,82.0,70.0,52.0,0.0,0.0,0.0,0.0,0.0,0.0,0.0,0.0
0,0.0,0.0,0.0,0.0,0.0,53.0,73.0,77.0,73.0,70.0,54.0,0.0,0.0,0.0,0.0,0.0,0.0,0.0,0.0
0,0.0,0.0,66.0,0.0,2.0,90.0,79.0,86.0,86.0,76.0,86.0,0.0,0.0,0.0,0.0,0.0,0.0,0.0,0.0
0,0.0,0.0,47.0,0.0,1.0,88.0,74.0,78.0,75.0,85.0,87.0,0.0,0.0,0.0,0.0,0.0,0.0,0.0,0.0
0,0.0,0.0,46.0,0.0,0.0,82.0,74.0,79.0,74.0,77.0,86.0,0.0,0.0,0.0,0.0,0.0,0.0,0.0,0.0
0,0.0,0.0,0.0,0.0,0.0,71.0,76.0,80.0,74.0,76.0,74.0,0.0,0.0,0.0,0.0,0.0,0.0,0.0,0.0
0,0.0,0.0,21.0,0.0,0.0,69.0,73.0,76.0,72.0,78.0,65.0,0.0,0.0,0.0,0.0,0.0,0.0,0.0,0.0
0,0.0,0.0,0.0,0.0,0.0,63.0,80.0,77.0,75.0,64.0,60.0,0.0,0.0,0.0,0.0,0.0,0.0,0.0,0.0
0,0.0,0.0,0.0,0.0,0.0,62.0,70.0,79.0,76.0,73.0,54.0,0.0,0.0,0.0,0.0,0.0,0.0,0.0,0.0
0,0.0,0.0,0.0,0.0,0.0,54.0,80.0,84.0,77.0,65.0,54.0,0.0,0.0,0.0,0.0,0.0,0.0,0.0,0.0
0,0.0,0.0,51.0,1.0,2.0,92.0,85.0,91.0,87.0,78.0,77.0,0.0,0.0,0.0,0.0,0.0,0.0,0.0,0.0
0,0.0,0.0,25.0,0.0,0.0,79.0,73.0,87.0,82.0,81.0,64.0,0.0,0.0,0.0,0.0,0.0,0.0,0.0,0.0
0,0.0,0.0,51.0,0.0,0.0,77.0,73.0,83.0,71.0,77.0,76.0,0.0,0.0,0.0,0.0,0.0,0.0,0.0,0.0
0,0.0,0.0,22.0,0.0,0.0,75.0,76.0,85.0,74.0,78.0,76.0,0.0,0.0,0.0,0.0,0.0,0.0,0.0,0.0
0,0.0,0.0,8.0,0.0,0.0,75.0,82.0,89.0,79.0,80.0,68.0,0.0,0.0,0.0,0.0,0.0,0.0,0.0,0.0
0,0.0,0.0,0.0,0.0,0.0,73.0,76.0,82.0,74.0,77.0,72.0,0.0,0.0,0.0,0.0,0.0,0.0,0.0,0.0
0,0.0,0.0,0.0,0.0,0.0,73.0,85.0,86.0,84.0,67.0,72.0,0.0,0.0,0.0,0.0,0.0,0.0,0.0,0.0
0,0.0,0.0,0.0,0.0,0.0,66.0,79.0,84.0,76.0,67.0,67.0,0.0,0.0,0.0,0.0,0.0,0.0,0.0,0.0
0,0.0,0.0,35.0,0.0,0.0,65.0,71.0,78.0,76.0,74.0,75.0,0.0,0.0,0.0,0.0,0.0,0.0,0.0,0.0
0,0.0,0.0,5.0,0.0,0.0,65.0,71.0,78.0,76.0,74.0,75.0,0.0,0.0,0.0,0.0,0.0,0.0,0.0,0.0
0,0.0,0.0,56.0,0.0,3.0,91.0,84.0,90.0,87.0,68.0,92.0,0.0,0.0,0.0,0.0,0.0,0.0,0.0,0.0
0,0.0,0.0,37.0,0.0,0.0,80.0,78.0,86.0,77.0,77.0,75.0,0.0,0.0,0.0,0.0,0.0,0.0,0.0,0.0
0,0.0,0.0,39.0,0.0,0.0,78.0,74.0,80.0,78.0,78.0,86.0,0.0,0.0,0.0,0.0,0.0,0.0,0.0,0.0
0,0.0,0.0,41.0,0.0,0.0,78.0,78.0,85.0,77.0,75.0,85.0,0.0,0.0,0.0,0.0,0.0,0.0,0.0,0.0
0,0.0,0.0,0.0,0.0,0.0,73.0,77.0,82.0,77.0,71.0,75.0,0.0,0.0,0.0,0.0,0.0,0.0,0.0,0.0
0,0.0,0.0,2.0,0.0,0.0,68.0,87.0,91.0,75.0,78.0,56.0,0.0,0.0,0.0,0.0,0.0,0.0,0.0,0.0
0,0.0,0.0,12.0,0.0,0.0,64.0,78.0,84.0,79.0,77.0,68.0,0.0,0.0,0.0,0.0,0.0,0.0,0.0,0.0
0,0.0,0.0,0.0,0.0,0.0,59.0,87.0,88.0,85.0,55.0,59.0,0.0,0.0,0.0,0.0,0.0,0.0,0.0,0.0
0,0.0,0.0,1.0,0.0,0.0,58.0,87.0,86.0,84.0,62.0,62.0,0.0,0.0,0.0,0.0,0.0,0.0,0.0,0.0
0,0.0,0.0,2.0,0.0,0.0,55.0,71.0,79.0,76.0,76.0,64.0,0.0,0.0,0.0,0.0,0.0,0.0,0.0,0.0
0,0.0,0.0,0.0,0.0,0.0,55.0,79.0,83.0,80.0,65.0,49.0,0.0,0.0,0.0,0.0,0.0,0.0,0.0,0.0
0,0.0,0.0,11.0,0.0,0.0,46.0,64.0,66.0,62.0,72.0,88.0,0.0,0.0,0.0,0.0,0.0,0.0,0.0,0.0
0,0.0,0.0,41.0,0.0,0.0,80.0,83.0,88.0,85.0,66.0,84.0,0.0,0.0,0.0,0.0,0.0,0.0,0.0,0.0
0,0.0,0.0,9.0,0.0,0.0,79.0,77.0,85.0,75.0,78.0,76.0,0.0,0.0,0.0,0.0,0.0,0.0,0.0,0.0
0,0.0,0.0,2.0,0.0,0.0,71.0,83.0,81.0,77.0,74.0,62.0,0.0,0.0,0.0,0.0,0.0,0.0,0.0,0.0
0,0.0,0.0,21.0,0.0,2.0,71.0,75.0,82.0,80.0,72.0,64.0,0.0,0.0,0.0,0.0,0.0,0.0,0.0,0.0
0,0.0,0.0,6.0,0.0,0.0,65.0,73.0,78.0,83.0,70.0,58.0,0.0,0.0,0.0,0.0,0.0,0.0,0.0,0.0
0,0.0,0.0,3.0,0.0,0.0,65.0,75.0,85.0,73.0,68.0,61.0,0.0,0.0,0.0,0.0,0.0,0.0,0.0,0.0
0,0.0,0.0,16.0,0.0,0.0,65.0,75.0,85.0,73.0,68.0,61.0,0.0,0.0,0.0,0.0,0.0,0.0,0.0,0.0
0,0.0,0.0,9.0,0.0,0.0,65.0,75.0,85.0,73.0,68.0,61.0,0.0,0.0,0.0,0.0,0.0,0.0,0.0,0.0
0,0.0,0.0,3.0,0.0,0.0,65.0,75.0,85.0,73.0,68.0,61.0,0.0,0.0,0.0,0.0,0.0,0.0,0.0,0.0
0,0.0,0.0,0.0,0.0,0.0,64.0,82.0,77.0,68.0,75.0,55.0,0.0,0.0,0.0,0.0,0.0,0.0,0.0,0.0
0,0.0,0.0,1.0,0.0,0.0,64.0,75.0,80.0,73.0,69.0,60.0,0.0,0.0,0.0,0.0,0.0,0.0,0.0,0.0
0,0.0,0.0,0.0,0.0,0.0,51.0,76.0,82.0,74.0,65.0,42.0,0.0,0.0,0.0,0.0,0.0,0.0,0.0,0.0
0,0.0,0.0,75.0,0.0,0.0,92.0,79.0,87.0,78.0,81.0,90.0,0.0,0.0,0.0,0.0,0.0,0.0,0.0,0.0
0,0.0,0.0,0.0,0.0,0.0,90.0,77.0,84.0,75.0,84.0,93.0,0.0,0.0,0.0,0.0,0.0,0.0,0.0,0.0
0,0.0,0.0,61.0,0.0,0.0,84.0,79.0,87.0,76.0,80.0,80.0,0.0,0.0,0.0,0.0,0.0,0.0,0.0,0.0
0,0.0,0.0,0.0,0.0,0.0,80.0,77.0,87.0,77.0,77.0,77.0,0.0,0.0,0.0,0.0,0.0,0.0,0.0,0.0
0,0.0,0.0,49.0,0.0,0.0,80.0,77.0,87.0,77.0,77.0,77.0,0.0,0.0,0.0,0.0,0.0,0.0,0.0,0.0
0,0.0,0.0,0.0,0.0,0.0,66.0,76.0,82.0,81.0,68.0,63.0,0.0,0.0,0.0,0.0,0.0,0.0,0.0,0.0
0,0.0,0.0,2.0,0.0,0.0,63.0,75.0,83.0,75.0,72.0,39.0,0.0,0.0,0.0,0.0,0.0,0.0,0.0,0.0
0,0.0,0.0,0.0,0.0,0.0,62.0,75.0,80.0,76.0,72.0,55.0,0.0,0.0,0.0,0.0,0.0,0.0,0.0,0.0
0,0.0,0.0,0.0,0.0,0.0,60.0,72.0,79.0,76.0,76.0,65.0,0.0,0.0,0.0,0.0,0.0,0.0,0.0,0.0
0,0.0,0.0,1.0,0.0,0.0,56.0,75.0,85.0,78.0,70.0,58.0,0.0,0.0,0.0,0.0,0.0,0.0,0.0,0.0
0,0.0,0.0,0.0,0.0,0.0,50.0,75.0,84.0,73.0,67.0,42.0,0.0,0.0,0.0,0.0,0.0,0.0,0.0,0.0
0,0.0,0.0,0.0,0.0,0.0,49.0,75.0,80.0,72.0,68.0,40.0,0.0,0.0,0.0,0.0,0.0,0.0,0.0,0.0
0,0.0,0.0,44.0,0.0,0.0,87.0,79.0,93.0,82.0,79.0,80.0,0.0,0.0,0.0,0.0,0.0,0.0,0.0,0.0
0,0.0,0.0,25.0,0.0,0.0,82.0,81.0,87.0,77.0,78.0,73.0,0.0,0.0,0.0,0.0,0.0,0.0,0.0,0.0
0,0.0,0.0,33.0,0.0,0.0,75.0,87.0,83.0,84.0,74.0,75.0,0.0,0.0,0.0,0.0,0.0,0.0,0.0,0.0
0,0.0,0.0,17.0,0.0,0.0,72.0,83.0,91.0,82.0,72.0,68.0,0.0,0.0,0.0,0.0,0.0,0.0,0.0,0.0
0,0.0,0.0,0.0,0.0,0.0,70.0,76.0,78.0,76.0,73.0,75.0,0.0,0.0,0.0,0.0,0.0,0.0,0.0,0.0
0,0.0,0.0,42.0,0.0,0.0,65.0,80.0,84.0,76.0,72.0,70.0,0.0,0.0,0.0,0.0,0.0,0.0,0.0,0.0
0,0.0,0.0,9.0,0.0,0.0,65.0,80.0,84.0,76.0,72.0,70.0,0.0,0.0,0.0,0.0,0.0,0.0,0.0,0.0
0,0.0,0.0,13.0,0.0,0.0,65.0,80.0,84.0,76.0,72.0,70.0,0.0,0.0,0.0,0.0,0.0,0.0,0.0,0.0
0,0.0,0.0,4.0,0.0,0.0,65.0,80.0,84.0,76.0,72.0,70.0,0.0,0.0,0.0,0.0,0.0,0.0,0.0,0.0
0,0.0,0.0,53.0,0.0,0.0,61.0,78.0,92.0,81.0,67.0,49.0,0.0,0.0,0.0,0.0,0.0,0.0,0.0,0.0
0,0.0,0.0,1.0,0.0,0.0,61.0,78.0,92.0,81.0,67.0,49.0,0.0,0.0,0.0,0.0,0.0,0.0,0.0,0.0
0,0.0,0.0,0.0,0.0,0.0,61.0,78.0,92.0,81.0,67.0,49.0,0.0,0.0,0.0,0.0,0.0,0.0,0.0,0.0
0,0.0,0.0,1.0,0.0,0.0,58.0,77.0,82.0,74.0,69.0,46.0,0.0,0.0,0.0,0.0,0.0,0.0,0.0,0.0
0,0.0,0.0,19.0,0.0,0.0,81.0,75.0,83.0,78.0,78.0,79.0,0.0,0.0,0.0,0.0,0.0,0.0,0.0,0.0
0,0.0,0.0,29.0,0.0,0.0,78.0,88.0,90.0,88.0,81.0,66.0,0.0,0.0,0.0,0.0,0.0,0.0,0.0,0.0
0,0.0,0.0,18.0,0.0,0.0,76.0,79.0,84.0,80.0,72.0,74.0,0.0,0.0,0.0,0.0,0.0,0.0,0.0,0.0
0,0.0,0.0,0.0,0.0,0.0,74.0,77.0,81.0,77.0,75.0,73.0,0.0,0.0,0.0,0.0,0.0,0.0,0.0,0.0
0,0.0,0.0,0.0,0.0,0.0,74.0,84.0,87.0,84.0,69.0,71.0,0.0,0.0,0.0,0.0,0.0,0.0,0.0,0.0
0,0.0,0.0,10.0,0.0,0.0,71.0,74.0,76.0,74.0,68.0,60.0,0.0,0.0,0.0,0.0,0.0,0.0,0.0,0.0
0,0.0,0.0,13.0,0.0,0.0,69.0,86.0,84.0,82.0,63.0,69.0,0.0,0.0,0.0,0.0,0.0,0.0,0.0,0.0
0,0.0,0.0,25.0,0.0,0.0,63.0,75.0,85.0,83.0,72.0,65.0,0.0,0.0,0.0,0.0,0.0,0.0,0.0,0.0
0,0.0,0.0,88.0,3.0,5.0,62.0,73.0,75.0,74.0,79.0,48.0,0.0,0.0,0.0,0.0,0.0,0.0,0.0,0.0
0,0.0,0.0,0.0,0.0,0.0,62.0,73.0,75.0,74.0,79.0,48.0,0.0,0.0,0.0,0.0,0.0,0.0,0.0,0.0
0,0.0,0.0,3.0,0.0,0.0,56.0,79.0,82.0,78.0,64.0,51.0,0.0,0.0,0.0,0.0,0.0,0.0,0.0,0.0
0,0.0,0.0,0.0,0.0,0.0,49.0,66.0,72.0,62.0,75.0,79.0,0.0,0.0,0.0,0.0,0.0,0.0,0.0,0.0
0,0.0,0.0,0.0,0.0,0.0,98.0,85.0,88.0,79.0,88.0,99.0,0.0,0.0,0.0,0.0,0.0,0.0,0.0,0.0
0,0.0,0.0,54.0,0.0,1.0,93.0,83.0,91.0,80.0,84.0,87.0,0.0,0.0,0.0,0.0,0.0,0.0,0.0,0.0
0,0.0,0.0,95.0,1.0,2.0,91.0,75.0,77.0,74.0,84.0,97.0,0.0,0.0,0.0,0.0,0.0,0.0,0.0,0.0
0,0.0,0.0,72.0,0.0,1.0,90.0,85.0,93.0,86.0,79.0,82.0,0.0,0.0,0.0,0.0,0.0,0.0,0.0,0.0
0,0.0,0.0,62.0,0.0,0.0,81.0,73.0,79.0,79.0,77.0,81.0,0.0,0.0,0.0,0.0,0.0,0.0,0.0,0.0
0,0.0,0.0,2.0,0.0,0.0,67.0,74.0,82.0,73.0,72.0,72.0,0.0,0.0,0.0,0.0,0.0,0.0,0.0,0.0
0,0.0,0.0,22.0,0.0,0.0,66.0,80.0,90.0,76.0,72.0,55.0,0.0,0.0,0.0,0.0,0.0,0.0,0.0,0.0
0,0.0,0.0,18.0,0.0,0.0,61.0,82.0,85.0,73.0,64.0,48.0,0.0,0.0,0.0,0.0,0.0,0.0,0.0,0.0
0,0.0,0.0,6.0,0.0,0.0,61.0,82.0,85.0,73.0,64.0,48.0,0.0,0.0,0.0,0.0,0.0,0.0,0.0,0.0
0,0.0,0.0,2.0,0.0,0.0,59.0,70.0,78.0,75.0,77.0,58.0,0.0,0.0,0.0,0.0,0.0,0.0,0.0,0.0
0,0.0,0.0,0.0,0.0,0.0,57.0,77.0,75.0,79.0,69.0,52.0,0.0,0.0,0.0,0.0,0.0,0.0,0.0,0.0
0,0.0,0.0,6.0,0.0,0.0,57.0,80.0,75.0,82.0,64.0,54.0,0.0,0.0,0.0,0.0,0.0,0.0,0.0,0.0
0,0.0,0.0,54.0,0.0,1.0,91.0,84.0,92.0,81.0,84.0,88.0,0.0,0.0,0.0,0.0,0.0,0.0,0.0,0.0
0,0.0,0.0,0.0,0.0,0.0,83.0,76.0,83.0,82.0,78.0,83.0,0.0,0.0,0.0,0.0,0.0,0.0,0.0,0.0
0,0.0,0.0,12.0,0.0,0.0,77.0,77.0,87.0,84.0,75.0,72.0,0.0,0.0,0.0,0.0,0.0,0.0,0.0,0.0
0,0.0,0.0,0.0,0.0,0.0,77.0,82.0,87.0,82.0,74.0,74.0,0.0,0.0,0.0,0.0,0.0,0.0,0.0,0.0
0,0.0,0.0,40.0,0.0,0.0,76.0,78.0,87.0,87.0,76.0,68.0,0.0,0.0,0.0,0.0,0.0,0.0,0.0,0.0
0,0.0,0.0,7.0,0.0,0.0,75.0,79.0,85.0,75.0,75.0,68.0,0.0,0.0,0.0,0.0,0.0,0.0,0.0,0.0
0,0.0,0.0,0.0,0.0,0.0,72.0,77.0,83.0,78.0,78.0,67.0,0.0,0.0,0.0,0.0,0.0,0.0,0.0,0.0
0,0.0,0.0,7.0,0.0,0.0,71.0,86.0,92.0,86.0,73.0,65.0,0.0,0.0,0.0,0.0,0.0,0.0,0.0,0.0
0,0.0,0.0,29.0,0.0,0.0,70.0,84.0,93.0,84.0,74.0,59.0,0.0,0.0,0.0,0.0,0.0,0.0,0.0,0.0
0,0.0,0.0,0.0,0.0,0.0,68.0,77.0,81.0,81.0,69.0,60.0,0.0,0.0,0.0,0.0,0.0,0.0,0.0,0.0
0,0.0,0.0,0.0,0.0,0.0,65.0,74.0,81.0,72.0,69.0,68.0,0.0,0.0,0.0,0.0,0.0,0.0,0.0,0.0
0,0.0,0.0,0.0,0.0,0.0,61.0,76.0,84.0,86.0,70.0,49.0,0.0,0.0,0.0,0.0,0.0,0.0,0.0,0.0
0,0.0,0.0,0.0,0.0,0.0,60.0,75.0,77.0,74.0,70.0,60.0,0.0,0.0,0.0,0.0,0.0,0.0,0.0,0.0
0,0.0,0.0,0.0,0.0,0.0,58.0,69.0,84.0,77.0,76.0,45.0,0.0,0.0,0.0,0.0,0.0,0.0,0.0,0.0
0,0.0,0.0,0.0,0.0,0.0,54.0,75.0,84.0,74.0,69.0,49.0,0.0,0.0,0.0,0.0,0.0,0.0,0.0,0.0
0,0.0,0.0,93.0,5.0,7.0,98.0,90.0,96.0,88.0,88.0,90.0,0.0,0.0,0.0,0.0,0.0,0.0,0.0,0.0
0,0.0,0.0,83.0,1.0,2.0,87.0,75.0,80.0,75.0,85.0,97.0,0.0,0.0,0.0,0.0,0.0,0.0,0.0,0.0
0,0.0,0.0,47.0,0.0,0.0,80.0,89.0,95.0,90.0,77.0,73.0,0.0,0.0,0.0,0.0,0.0,0.0,0.0,0.0
0,0.0,0.0,38.0,0.0,0.0,78.0,80.0,90.0,83.0,75.0,77.0,0.0,0.0,0.0,0.0,0.0,0.0,0.0,0.0
0,0.0,0.0,0.0,0.0,0.0,76.0,74.0,82.0,74.0,81.0,70.0,0.0,0.0,0.0,0.0,0.0,0.0,0.0,0.0
0,0.0,0.0,34.0,1.0,1.0,76.0,82.0,96.0,88.0,78.0,56.0,0.0,0.0,0.0,0.0,0.0,0.0,0.0,0.0
0,0.0,0.0,71.0,4.0,3.0,73.0,82.0,92.0,83.0,71.0,60.0,0.0,0.0,0.0,0.0,0.0,0.0,0.0,0.0
0,0.0,0.0,21.0,0.0,0.0,71.0,73.0,85.0,73.0,76.0,74.0,0.0,0.0,0.0,0.0,0.0,0.0,0.0,0.0
0,0.0,0.0,2.0,0.0,0.0,68.0,71.0,74.0,72.0,72.0,66.0,0.0,0.0,0.0,0.0,0.0,0.0,0.0,0.0
0,0.0,0.0,0.0,0.0,0.0,64.0,84.0,88.0,84.0,72.0,49.0,0.0,0.0,0.0,0.0,0.0,0.0,0.0,0.0
0,0.0,0.0,0.0,0.0,0.0,61.0,73.0,77.0,67.0,65.0,62.0,0.0,0.0,0.0,0.0,0.0,0.0,0.0,0.0
0,0.0,0.0,49.0,1.0,3.0,88.0,79.0,92.0,85.0,74.0,90.0,0.0,0.0,0.0,0.0,0.0,0.0,0.0,0.0
0,0.0,0.0,0.0,0.0,0.0,83.0,79.0,83.0,76.0,77.0,84.0,0.0,0.0,0.0,0.0,0.0,0.0,0.0,0.0
0,0.0,0.0,16.0,0.0,0.0,82.0,86.0,88.0,81.0,76.0,71.0,0.0,0.0,0.0,0.0,0.0,0.0,0.0,0.0
0,0.0,0.0,37.0,0.0,0.0,79.0,76.0,84.0,74.0,79.0,85.0,0.0,0.0,0.0,0.0,0.0,0.0,0.0,0.0
0,0.0,0.0,10.0,0.0,0.0,68.0,79.0,85.0,82.0,68.0,73.0,0.0,0.0,0.0,0.0,0.0,0.0,0.0,0.0
0,0.0,0.0,0.0,0.0,0.0,63.0,69.0,72.0,66.0,78.0,55.0,0.0,0.0,0.0,0.0,0.0,0.0,0.0,0.0
0,0.0,0.0,64.0,0.0,1.0,62.0,76.0,75.0,78.0,64.0,58.0,0.0,0.0,0.0,0.0,0.0,0.0,0.0,0.0
0,0.0,0.0,9.0,0.0,0.0,62.0,77.0,81.0,75.0,64.0,60.0,0.0,0.0,0.0,0.0,0.0,0.0,0.0,0.0
0,0.0,0.0,51.0,0.0,0.0,87.0,76.0,86.0,82.0,76.0,82.0,0.0,0.0,0.0,0.0,0.0,0.0,0.0,0.0
0,0.0,0.0,55.0,0.0,0.0,78.0,73.0,80.0,74.0,74.0,89.0,0.0,0.0,0.0,0.0,0.0,0.0,0.0,0.0
0,0.0,0.0,10.0,0.0,0.0,72.0,76.0,85.0,85.0,67.0,72.0,0.0,0.0,0.0,0.0,0.0,0.0,0.0,0.0
0,0.0,0.0,11.0,0.0,0.0,69.0,81.0,83.0,78.0,72.0,59.0,0.0,0.0,0.0,0.0,0.0,0.0,0.0,0.0
0,0.0,0.0,8.0,0.0,0.0,69.0,77.0,75.0,72.0,73.0,69.0,0.0,0.0,0.0,0.0,0.0,0.0,0.0,0.0
0,0.0,0.0,7.0,0.0,0.0,67.0,73.0,84.0,84.0,75.0,68.0,0.0,0.0,0.0,0.0,0.0,0.0,0.0,0.0
0,0.0,0.0,0.0,0.0,0.0,61.0,75.0,79.0,73.0,74.0,62.0,0.0,0.0,0.0,0.0,0.0,0.0,0.0,0.0
0,0.0,0.0,3.0,0.0,0.0,58.0,74.0,75.0,73.0,74.0,60.0,0.0,0.0,0.0,0.0,0.0,0.0,0.0,0.0
0,0.0,0.0,52.0,0.0,0.0,54.0,79.0,84.0,81.0,64.0,48.0,0.0,0.0,0.0,0.0,0.0,0.0,0.0,0.0
0,0.0,0.0,0.0,0.0,0.0,52.0,81.0,86.0,84.0,62.0,32.0,0.0,0.0,0.0,0.0,0.0,0.0,0.0,0.0
0,0.0,0.0,0.0,0.0,0.0,51.0,80.0,85.0,76.0,66.0,42.0,0.0,0.0,0.0,0.0,0.0,0.0,0.0,0.0
0,0.0,0.0,41.0,0.0,0.0,86.0,79.0,84.0,77.0,79.0,88.0,0.0,0.0,0.0,0.0,0.0,0.0,0.0,0.0
0,0.0,0.0,30.0,0.0,0.0,82.0,84.0,89.0,87.0,66.0,78.0,0.0,0.0,0.0,0.0,0.0,0.0,0.0,0.0
0,0.0,0.0,18.0,0.0,0.0,77.0,86.0,89.0,84.0,66.0,74.0,0.0,0.0,0.0,0.0,0.0,0.0,0.0,0.0
0,0.0,0.0,11.0,0.0,0.0,66.0,83.0,88.0,86.0,70.0,67.0,0.0,0.0,0.0,0.0,0.0,0.0,0.0,0.0
0,0.0,0.0,40.0,0.0,0.0,65.0,75.0,83.0,75.0,66.0,56.0,0.0,0.0,0.0,0.0,0.0,0.0,0.0,0.0
0,0.0,0.0,1.0,0.0,0.0,62.0,83.0,86.0,85.0,66.0,59.0,0.0,0.0,0.0,0.0,0.0,0.0,0.0,0.0
0,0.0,0.0,11.0,0.0,0.0,61.0,86.0,87.0,85.0,65.0,42.0,0.0,0.0,0.0,0.0,0.0,0.0,0.0,0.0
0,0.0,0.0,0.0,0.0,0.0,54.0,79.0,85.0,78.0,64.0,54.0,0.0,0.0,0.0,0.0,0.0,0.0,0.0,0.0
0,0.0,0.0,49.0,0.0,0.0,88.0,79.0,85.0,83.0,78.0,85.0,0.0,0.0,0.0,0.0,0.0,0.0,0.0,0.0
0,0.0,0.0,59.0,0.0,0.0,84.0,84.0,85.0,81.0,74.0,87.0,0.0,0.0,0.0,0.0,0.0,0.0,0.0,0.0
0,0.0,0.0,7.0,0.0,0.0,74.0,81.0,79.0,85.0,67.0,72.0,0.0,0.0,0.0,0.0,0.0,0.0,0.0,0.0
0,0.0,0.0,28.0,0.0,0.0,72.0,74.0,87.0,84.0,70.0,58.0,0.0,0.0,0.0,0.0,0.0,0.0,0.0,0.0
0,0.0,0.0,18.0,0.0,0.0,68.0,76.0,82.0,79.0,66.0,76.0,0.0,0.0,0.0,0.0,0.0,0.0,0.0,0.0
0,0.0,0.0,11.0,0.0,0.0,67.0,83.0,79.0,74.0,67.0,55.0,0.0,0.0,0.0,0.0,0.0,0.0,0.0,0.0
0,0.0,0.0,1.0,0.0,0.0,66.0,79.0,86.0,85.0,68.0,58.0,0.0,0.0,0.0,0.0,0.0,0.0,0.0,0.0
0,0.0,0.0,0.0,0.0,0.0,65.0,76.0,75.0,68.0,70.0,72.0,0.0,0.0,0.0,0.0,0.0,0.0,0.0,0.0
0,0.0,0.0,0.0,0.0,0.0,64.0,77.0,82.0,74.0,68.0,66.0,0.0,0.0,0.0,0.0,0.0,0.0,0.0,0.0
0,0.0,0.0,0.0,0.0,0.0,51.0,70.0,68.0,65.0,70.0,84.0,0.0,0.0,0.0,0.0,0.0,0.0,0.0,0.0
0,0.0,0.0,0.0,0.0,0.0,91.0,79.0,83.0,83.0,74.0,98.0,0.0,0.0,0.0,0.0,0.0,0.0,0.0,0.0
0,0.0,0.0,58.0,0.0,4.0,88.0,84.0,92.0,83.0,88.0,76.0,0.0,0.0,0.0,0.0,0.0,0.0,0.0,0.0
0,0.0,0.0,38.0,0.0,0.0,81.0,82.0,88.0,85.0,70.0,74.0,0.0,0.0,0.0,0.0,0.0,0.0,0.0,0.0
0,0.0,0.0,0.0,0.0,0.0,75.0,75.0,85.0,69.0,85.0,78.0,0.0,0.0,0.0,0.0,0.0,0.0,0.0,0.0
0,0.0,0.0,63.0,0.0,4.0,74.0,81.0,84.0,73.0,82.0,63.0,0.0,0.0,0.0,0.0,0.0,0.0,0.0,0.0
0,0.0,0.0,0.0,0.0,0.0,63.0,83.0,89.0,74.0,69.0,65.0,0.0,0.0,0.0,0.0,0.0,0.0,0.0,0.0
0,0.0,0.0,9.0,0.0,0.0,62.0,69.0,82.0,77.0,68.0,67.0,0.0,0.0,0.0,0.0,0.0,0.0,0.0,0.0
0,0.0,0.0,0.0,0.0,0.0,60.0,78.0,84.0,74.0,72.0,58.0,0.0,0.0,0.0,0.0,0.0,0.0,0.0,0.0
0,0.0,0.0,0.0,0.0,0.0,60.0,78.0,84.0,74.0,72.0,58.0,0.0,0.0,0.0,0.0,0.0,0.0,0.0,0.0
0,0.0,0.0,30.0,0.0,0.0,59.0,83.0,79.0,66.0,80.0,37.0,0.0,0.0,0.0,0.0,0.0,0.0,0.0,0.0
0,0.0,0.0,0.0,0.0,0.0,59.0,76.0,82.0,73.0,66.0,60.0,0.0,0.0,0.0,0.0,0.0,0.0,0.0,0.0
0,0.0,0.0,0.0,0.0,0.0,52.0,74.0,86.0,78.0,68.0,39.0,0.0,0.0,0.0,0.0,0.0,0.0,0.0,0.0
0,0.0,0.0,100.0,4.0,9.0,99.0,86.0,97.0,88.0,90.0,92.0,89.0,96.0,99.0,90.0,39.0,61.0,88.0,60.0
0,0.0,0.0,93.0,5.0,7.0,98.0,90.0,95.0,88.0,88.0,93.0,97.0,95.0,99.0,93.0,65.0,78.0,96.0,55.0
0,0.0,0.0,110.0,1.0,7.0,96.0,85.0,95.0,79.0,93.0,88.0,89.0,94.0,99.0,90.0,41.0,55.0,84.0,45.0
0,0.0,0.0,119.0,4.0,8.0,95.0,84.0,88.0,85.0,77.0,97.0,95.0,83.0,98.0,99.0,75.0,85.0,91.0,78.0
0,0.0,0.0,75.0,0.0,5.0,95.0,78.0,91.0,74.0,92.0,89.0,91.0,98.0,97.0,95.0,46.0,59.0,88.0,18.0
0,0.0,0.0,0.0,0.0,0.0,94.0,86.0,94.0,86.0,83.0,85.0,90.0,90.0,97.0,84.0,66.0,76.0,94.0,45.0
0,0.0,0.0,94.0,0.0,4.0,94.0,86.0,94.0,86.0,83.0,85.0,90.0,90.0,97.0,84.0,66.0,76.0,94.0,45.0
0,0.0,0.0,77.0,1.0,6.0,94.0,86.0,94.0,86.0,83.0,85.0,90.0,90.0,97.0,84.0,66.0,76.0,94.0,45.0
0,0.0,0.0,0.0,0.0,0.0,94.0,82.0,84.0,82.0,90.0,99.0,92.0,85.0,95.0,99.0,63.0,71.0,96.0,60.0
0,0.0,0.0,160.0,7.0,12.0,94.0,82.0,84.0,82.0,90.0,99.0,92.0,85.0,95.0,99.0,63.0,71.0,96.0,60.0
0,0.0,0.0,55.0,1.0,3.0,93.0,85.0,93.0,88.0,74.0,92.0,95.0,86.0,97.0,98.0,70.0,76.0,87.0,55.0
0,0.0,0.0,0.0,0.0,0.0,93.0,83.0,84.0,76.0,88.0,96.0,88.0,89.0,93.0,87.0,45.0,60.0,99.0,60.0
0,0.0,0.0,52.0,0.0,1.0,93.0,84.0,90.0,84.0,83.0,87.0,95.0,91.0,97.0,92.0,64.0,72.0,91.0,68.0
0,0.0,0.0,98.0,1.0,7.0,92.0,78.0,83.0,81.0,80.0,93.0,94.0,93.0,93.0,92.0,64.0,73.0,86.0,75.0
0,0.0,0.0,80.0,1.0,4.0,92.0,84.0,89.0,86.0,73.0,91.0,95.0,84.0,98.0,94.0,67.0,83.0,83.0,55.0
0,0.0,0.0,2.0,1.0,4.0,92.0,84.0,89.0,86.0,73.0,91.0,95.0,84.0,98.0,94.0,67.0,83.0,83.0,55.0
0,0.0,0.0,2.0,0.0,0.0,92.0,79.0,86.0,83.0,85.0,95.0,97.0,96.0,97.0,96.0,55.0,61.0,91.0,57.0
0,0.0,0.0,72.0,0.0,0.0,92.0,79.0,86.0,83.0,85.0,95.0,97.0,96.0,97.0,96.0,55.0,61.0,91.0,57.0
0,0.0,0.0,81.0,0.0,0.0,91.0,79.0,85.0,82.0,83.0,92.0,94.0,88.0,93.0,92.0,60.0,69.0,90.0,55.0
0,0.0,0.0,71.0,4.0,3.0,91.0,83.0,92.0,85.0,77.0,80.0,96.0,94.0,97.0,87.0,55.0,70.0,90.0,55.0
0,0.0,0.0,0.0,0.0,0.0,91.0,80.0,82.0,84.0,75.0,99.0,94.0,79.0,99.0,99.0,69.0,79.0,85.0,55.0
0,0.0,0.0,58.0,0.0,4.0,91.0,84.0,92.0,83.0,91.0,79.0,89.0,95.0,97.0,82.0,44.0,58.0,89.0,35.0
0,0.0,0.0,54.0,0.0,1.0,91.0,83.0,90.0,79.0,84.0,87.0,89.0,88.0,97.0,87.0,54.0,66.0,90.0,40.0
0,0.0,0.0,61.0,0.0,1.0,90.0,77.0,83.0,82.0,82.0,88.0,97.0,93.0,96.0,92.0,44.0,57.0,84.0,50.0
0,0.0,0.0,81.0,3.0,7.0,90.0,88.0,97.0,87.0,84.0,98.0,87.0,74.0,98.0,85.0,28.0,38.0,75.0,24.0
0,0.0,0.0,49.0,0.0,0.0,90.0,80.0,86.0,83.0,80.0,88.0,93.0,92.0,96.0,88.0,66.0,79.0,90.0,60.0
0,0.0,0.0,51.0,1.0,2.0,90.0,85.0,91.0,87.0,77.0,81.0,93.0,92.0,98.0,87.0,66.0,79.0,91.0,45.0
0,0.0,0.0,49.0,0.0,0.0,90.0,79.0,84.0,85.0,77.0,86.0,96.0,94.0,96.0,89.0,55.0,64.0,89.0,40.0
0,0.0,0.0,60.0,0.0,0.0,89.0,78.0,86.0,82.0,77.0,86.0,90.0,91.0,92.0,88.0,66.0,76.0,82.0,64.0
0,0.0,0.0,104.0,3.0,8.0,89.0,87.0,94.0,86.0,83.0,76.0,84.0,89.0,97.0,77.0,53.0,72.0,88.0,60.0
0,0.0,0.0,34.0,1.0,1.0,89.0,83.0,96.0,88.0,88.0,75.0,83.0,96.0,97.0,74.0,53.0,61.0,86.0,24.0
0,0.0,0.0,75.0,0.0,0.0,89.0,79.0,85.0,77.0,81.0,90.0,89.0,95.0,93.0,91.0,65.0,78.0,88.0,55.0
0,0.0,0.0,54.0,0.0,1.0,88.0,84.0,91.0,78.0,82.0,87.0,85.0,84.0,91.0,87.0,48.0,61.0,87.0,65.0
0,0.0,0.0,67.0,1.0,5.0,88.0,86.0,96.0,84.0,79.0,96.0,83.0,78.0,97.0,88.0,35.0,45.0,78.0,20.0
0,0.0,0.0,53.0,1.0,2.0,88.0,83.0,81.0,76.0,75.0,83.0,96.0,89.0,97.0,92.0,55.0,66.0,82.0,50.0
0,0.0,0.0,22.0,0.0,0.0,88.0,83.0,88.0,84.0,78.0,78.0,95.0,89.0,94.0,80.0,57.0,75.0,85.0,59.0
0,0.0,0.0,58.0,0.0,1.0,88.0,76.0,84.0,83.0,78.0,88.0,94.0,85.0,90.0,95.0,68.0,83.0,85.0,65.0
0,0.0,0.0,51.0,0.0,0.0,88.0,76.0,86.0,82.0,73.0,90.0,90.0,83.0,97.0,97.0,65.0,78.0,84.0,55.0
0,0.0,0.0,0.0,0.0,0.0,88.0,79.0,83.0,76.0,77.0,86.0,94.0,93.0,90.0,88.0,62.0,76.0,94.0,60.0
0,0.0,0.0,66.0,0.0,2.0,88.0,79.0,86.0,84.0,76.0,87.0,93.0,87.0,95.0,91.0,55.0,64.0,79.0,73.0
0,0.0,0.0,48.0,0.0,0.0,87.0,83.0,86.0,85.0,77.0,88.0,86.0,76.0,88.0,85.0,68.0,81.0,93.0,80.0
0,0.0,0.0,4.0,0.0,0.0,87.0,83.0,86.0,85.0,77.0,88.0,86.0,76.0,88.0,85.0,68.0,81.0,93.0,80.0
0,0.0,0.0,58.0,0.0,2.0,87.0,76.0,85.0,85.0,71.0,87.0,93.0,85.0,95.0,95.0,63.0,72.0,77.0,60.0
0,0.0,0.0,0.0,0.0,0.0,87.0,76.0,81.0,75.0,83.0,95.0,87.0,86.0,87.0,95.0,45.0,65.0,93.0,77.0
0,0.0,0.0,0.0,0.0,0.0,87.0,85.0,92.0,84.0,75.0,84.0,91.0,79.0,93.0,83.0,54.0,73.0,85.0,62.0
0,0.0,0.0,31.0,0.0,0.0,87.0,85.0,92.0,84.0,75.0,84.0,91.0,79.0,93.0,83.0,54.0,73.0,85.0,62.0
0,0.0,0.0,72.0,0.0,1.0,87.0,85.0,91.0,86.0,78.0,79.0,87.0,86.0,96.0,83.0,60.0,69.0,86.0,61.0
0,0.0,0.0,18.0,0.0,0.0,86.0,78.0,84.0,77.0,84.0,81.0,91.0,93.0,94.0,82.0,56.0,73.0,91.0,40.0
0,0.0,0.0,51.0,0.0,0.0,86.0,74.0,84.0,72.0,77.0,85.0,92.0,89.0,88.0,90.0,44.0,55.0,82.0,10.0
0,0.0,0.0,63.0,0.0,4.0,86.0,81.0,86.0,75.0,84.0,77.0,92.0,89.0,94.0,81.0,47.0,58.0,86.0,15.0
0,0.0,0.0,83.0,1.0,2.0,85.0,74.0,79.0,74.0,86.0,97.0,85.0,84.0,84.0,97.0,45.0,60.0,81.0,60.0
0,0.0,0.0,34.0,0.0,1.0,85.0,80.0,88.0,78.0,80.0,81.0,87.0,84.0,89.0,82.0,53.0,60.0,80.0,45.0
0,0.0,0.0,38.0,0.0,0.0,85.0,81.0,93.0,84.0,75.0,83.0,82.0,79.0,93.0,85.0,40.0,52.0,74.0,40.0
0,0.0,0.0,25.0,0.0,0.0,85.0,81.0,86.0,76.0,78.0,77.0,94.0,92.0,94.0,85.0,45.0,60.0,87.0,55.0
0,0.0,0.0,51.0,0.0,1.0,85.0,84.0,88.0,76.0,81.0,83.0,87.0,86.0,95.0,79.0,45.0,52.0,75.0,50.0
0,0.0,0.0,34.0,0.0,1.0,84.0,85.0,93.0,88.0,70.0,77.0,93.0,90.0,96.0,77.0,62.0,71.0,86.0,55.0
0,0.0,0.0,29.0,0.0,0.0,84.0,84.0,93.0,84.0,76.0,76.0,93.0,94.0,94.0,77.0,47.0,70.0,80.0,45.0
0,0.0,0.0,55.0,0.0,0.0,84.0,72.0,84.0,68.0,85.0,86.0,88.0,88.0,90.0,84.0,34.0,58.0,87.0,45.0
0,0.0,0.0,0.0,0.0,0.0,84.0,74.0,82.0,74.0,83.0,79.0,88.0,90.0,93.0,79.0,54.0,67.0,93.0,55.0
0,0.0,0.0,61.0,0.0,0.0,84.0,79.0,86.0,75.0,81.0,84.0,89.0,86.0,88.0,83.0,52.0,62.0,86.0,60.0
0,0.0,0.0,49.0,0.0,0.0,83.0,80.0,87.0,78.0,80.0,79.0,95.0,83.0,91.0,80.0,45.0,58.0,96.0,48.0
0,0.0,0.0,33.0,0.0,0.0,83.0,87.0,86.0,90.0,73.0,82.0,88.0,77.0,91.0,82.0,68.0,80.0,77.0,68.0
0,0.0,0.0,37.0,0.0,0.0,83.0,74.0,84.0,72.0,81.0,82.0,88.0,87.0,95.0,83.0,40.0,55.0,80.0,58.0
0,0.0,0.0,36.0,0.0,0.0,83.0,85.0,86.0,87.0,67.0,82.0,88.0,76.0,97.0,86.0,58.0,72.0,80.0,65.0
0,0.0,0.0,55.0,0.0,1.0,83.0,82.0,85.0,82.0,74.0,84.0,87.0,82.0,87.0,85.0,65.0,72.0,82.0,68.0
0,0.0,0.0,25.0,0.0,0.0,83.0,74.0,87.0,82.0,82.0,75.0,90.0,93.0,87.0,88.0,46.0,69.0,91.0,69.0
0,0.0,0.0,59.0,0.0,0.0,83.0,84.0,85.0,81.0,73.0,88.0,81.0,73.0,92.0,88.0,65.0,74.0,75.0,49.0
0,0.0,0.0,47.0,0.0,0.0,82.0,89.0,95.0,90.0,77.0,77.0,79.0,79.0,94.0,77.0,49.0,64.0,72.0,45.0
0,0.0,0.0,74.0,1.0,4.0,82.0,81.0,90.0,82.0,81.0,72.0,94.0,86.0,87.0,75.0,42.0,56.0,84.0,24.0
0,0.0,0.0,37.0,0.0,0.0,82.0,80.0,86.0,82.0,79.0,83.0,84.0,78.0,84.0,78.0,64.0,76.0,88.0,66.0
0,0.0,0.0,29.0,0.0,0.0,81.0,78.0,86.0,76.0,77.0,80.0,86.0,84.0,89.0,77.0,46.0,61.0,82.0,45.0
0,0.0,0.0,40.0,0.0,0.0,81.0,77.0,85.0,85.0,74.0,81.0,90.0,80.0,89.0,81.0,63.0,69.0,78.0,80.0
0,0.0,0.0,41.0,0.0,0.0,81.0,83.0,87.0,84.0,66.0,84.0,79.0,65.0,88.0,84.0,66.0,80.0,76.0,70.0
0,0.0,0.0,91.0,5.0,7.0,81.0,86.0,84.0,84.0,77.0,66.0,95.0,82.0,92.0,85.0,49.0,75.0,79.0,54.0
0,0.0,0.0,0.0,0.0,0.0,81.0,76.0,85.0,77.0,74.0,78.0,91.0,84.0,89.0,79.0,62.0,74.0,84.0,45.0
0,0.0,0.0,18.0,0.0,0.0,80.0,79.0,84.0,75.0,66.0,81.0,88.0,73.0,93.0,90.0,67.0,83.0,75.0,66.0
0,0.0,0.0,45.0,0.0,0.0,80.0,84.0,88.0,84.0,68.0,82.0,88.0,76.0,93.0,87.0,55.0,69.0,73.0,54.0
0,0.0,0.0,80.0,1.0,3.0,80.0,86.0,88.0,82.0,73.0,75.0,84.0,72.0,86.0,75.0,62.0,73.0,94.0,60.0
0,0.0,0.0,0.0,0.0,0.0,80.0,81.0,83.0,74.0,77.0,76.0,89.0,84.0,90.0,77.0,55.0,69.0,88.0,40.0
0,0.0,0.0,64.0,0.0,1.0,80.0,78.0,87.0,83.0,68.0,75.0,90.0,82.0,89.0,78.0,60.0,73.0,84.0,65.0
0,0.0,0.0,38.0,0.0,0.0,79.0,75.0,80.0,74.0,75.0,84.0,88.0,76.0,88.0,87.0,55.0,74.0,73.0,67.0
0,0.0,0.0,18.0,0.0,0.0,79.0,78.0,85.0,74.0,84.0,74.0,97.0,82.0,87.0,74.0,45.0,62.0,90.0,45.0
0,0.0,0.0,24.0,0.0,0.0,79.0,85.0,88.0,84.0,73.0,75.0,84.0,82.0,89.0,75.0,59.0,67.0,88.0,45.0
0,0.0,0.0,20.0,0.0,0.0,79.0,83.0,84.0,82.0,76.0,75.0,85.0,75.0,87.0,74.0,59.0,69.0,95.0,77.0
0,0.0,0.0,0.0,0.0,0.0,79.0,77.0,86.0,75.0,76.0,77.0,79.0,79.0,89.0,76.0,55.0,70.0,75.0,60.0
0,0.0,0.0,49.0,0.0,0.0,79.0,77.0,86.0,75.0,76.0,77.0,79.0,79.0,89.0,76.0,55.0,70.0,75.0,60.0
0,0.0,0.0,16.0,0.0,0.0,79.0,85.0,86.0,81.0,73.0,75.0,85.0,81.0,85.0,74.0,56.0,60.0,83.0,64.0
0,0.0,0.0,29.0,0.0,0.0,79.0,77.0,83.0,73.0,82.0,78.0,82.0,83.0,85.0,78.0,39.0,46.0,81.0,50.0
0,0.0,0.0,30.0,0.0,0.0,79.0,83.0,79.0,68.0,81.0,74.0,95.0,93.0,86.0,74.0,44.0,56.0,91.0,65.0
0,0.0,0.0,62.0,0.0,0.0,79.0,73.0,79.0,79.0,77.0,79.0,86.0,85.0,88.0,81.0,55.0,60.0,87.0,54.0
0,0.0,0.0,53.0,0.0,0.0,79.0,76.0,80.0,81.0,75.0,83.0,87.0,79.0,88.0,85.0,46.0,67.0,83.0,50.0
0,0.0,0.0,37.0,0.0,0.0,79.0,81.0,87.0,73.0,72.0,71.0,87.0,82.0,92.0,75.0,39.0,47.0,85.0,68.0
0,0.0,0.0,46.0,0.0,0.0,78.0,77.0,81.0,75.0,75.0,87.0,84.0,75.0,85.0,88.0,47.0,62.0,79.0,53.0
0,0.0,0.0,41.0,0.0,0.0,78.0,77.0,82.0,75.0,77.0,84.0,88.0,75.0,86.0,85.0,57.0,67.0,80.0,48.0
0,0.0,0.0,28.0,0.0,0.0,78.0,74.0,88.0,84.0,72.0,71.0,84.0,81.0,88.0,65.0,60.0,72.0,75.0,65.0
0,0.0,0.0,0.0,0.0,0.0,77.0,77.0,82.0,80.0,74.0,84.0,82.0,74.0,85.0,87.0,68.0,81.0,78.0,55.0
0,0.0,0.0,0.0,0.0,0.0,77.0,83.0,86.0,78.0,72.0,71.0,87.0,82.0,87.0,80.0,47.0,55.0,88.0,59.0
0,0.0,0.0,12.0,0.0,0.0,77.0,77.0,87.0,84.0,75.0,72.0,84.0,82.0,90.0,77.0,49.0,63.0,89.0,60.0
0,0.0,0.0,27.0,0.0,0.0,77.0,77.0,85.0,85.0,67.0,77.0,87.0,74.0,89.0,83.0,38.0,47.0,84.0,60.0
0,0.0,0.0,25.0,0.0,0.0,76.0,79.0,85.0,77.0,75.0,72.0,89.0,88.0,89.0,72.0,42.0,58.0,88.0,40.0
0,0.0,0.0,7.0,0.0,0.0,76.0,86.0,92.0,85.0,75.0,71.0,69.0,75.0,88.0,72.0,45.0,58.0,84.0,45.0
0,0.0,0.0,13.0,0.0,0.0,76.0,74.0,83.0,74.0,77.0,76.0,86.0,79.0,88.0,89.0,42.0,52.0,78.0,50.0
0,0.0,0.0,30.0,0.0,0.0,76.0,82.0,87.0,73.0,69.0,72.0,79.0,77.0,93.0,73.0,56.0,57.0,86.0,45.0
0,0.0,0.0,13.0,0.0,0.0,76.0,86.0,83.0,81.0,67.0,73.0,86.0,80.0,88.0,79.0,55.0,69.0,76.0,50.0
0,0.0,0.0,0.0,0.0,0.0,76.0,73.0,81.0,76.0,72.0,78.0,88.0,76.0,91.0,87.0,45.0,57.0,77.0,30.0
0,0.0,0.0,9.0,0.0,0.0,76.0,77.0,85.0,75.0,77.0,75.0,88.0,79.0,90.0,75.0,49.0,67.0,90.0,40.0
0,0.0,0.0,41.0,0.0,0.0,76.0,78.0,84.0,76.0,74.0,85.0,84.0,75.0,84.0,87.0,48.0,64.0,75.0,60.0
0,0.0,0.0,11.0,0.0,0.0,76.0,84.0,82.0,78.0,68.0,72.0,88.0,84.0,91.0,78.0,52.0,75.0,67.0,60.0
0,0.0,0.0,0.0,0.0,0.0,75.0,83.0,84.0,80.0,68.0,75.0,83.0,77.0,87.0,76.0,55.0,65.0,76.0,45.0
0,0.0,0.0,15.0,0.0,0.0,75.0,79.0,87.0,75.0,76.0,70.0,77.0,82.0,86.0,72.0,47.0,58.0,86.0,40.0
0,0.0,0.0,6.0,0.0,0.0,75.0,79.0,86.0,75.0,71.0,74.0,77.0,76.0,85.0,72.0,44.0,57.0,77.0,40.0
0,0.0,0.0,49.0,1.0,3.0,75.0,79.0,86.0,84.0,69.0,76.0,81.0,72.0,90.0,85.0,61.0,75.0,79.0,59.0
0,0.0,0.0,10.0,0.0,0.0,75.0,79.0,87.0,85.0,68.0,76.0,84.0,74.0,87.0,76.0,55.0,72.0,77.0,45.0
0,0.0,0.0,0.0,0.0,0.0,75.0,78.0,85.0,74.0,70.0,76.0,82.0,76.0,82.0,78.0,65.0,78.0,85.0,40.0
0,0.0,0.0,18.0,0.0,0.0,75.0,82.0,86.0,85.0,67.0,71.0,84.0,78.0,89.0,76.0,51.0,65.0,83.0,35.0
0,0.0,0.0,29.0,0.0,0.0,75.0,78.0,87.0,80.0,74.0,73.0,86.0,79.0,87.0,72.0,44.0,56.0,87.0,40.0
0,0.0,0.0,10.0,0.0,0.0,75.0,77.0,87.0,79.0,73.0,71.0,83.0,92.0,84.0,69.0,51.0,66.0,93.0,45.0
0,0.0,0.0,30.0,0.0,0.0,74.0,84.0,88.0,86.0,65.0,73.0,78.0,66.0,90.0,73.0,64.0,76.0,83.0,55.0
0,0.0,0.0,40.0,0.0,0.0,74.0,77.0,85.0,80.0,69.0,73.0,84.0,76.0,91.0,74.0,63.0,73.0,78.0,45.0
0,0.0,0.0,46.0,0.0,0.0,74.0,73.0,82.0,72.0,77.0,84.0,82.0,80.0,79.0,83.0,51.0,49.0,80.0,62.0
0,0.0,0.0,19.0,0.0,0.0,74.0,75.0,83.0,78.0,75.0,77.0,83.0,75.0,87.0,82.0,45.0,66.0,77.0,42.0
0,0.0,0.0,30.0,0.0,0.0,74.0,82.0,84.0,75.0,71.0,66.0,81.0,82.0,91.0,74.0,38.0,45.0,78.0,35.0
0,0.0,0.0,57.0,0.0,3.0,74.0,82.0,89.0,86.0,84.0,64.0,79.0,79.0,78.0,64.0,29.0,47.0,82.0,10.0
0,0.0,0.0,33.0,0.0,0.0,74.0,80.0,85.0,86.0,67.0,82.0,85.0,64.0,89.0,86.0,53.0,66.0,74.0,60.0
0,0.0,0.0,7.0,0.0,0.0,74.0,79.0,87.0,75.0,75.0,69.0,76.0,77.0,85.0,71.0,42.0,49.0,71.0,25.0
0,0.0,0.0,11.0,0.0,0.0,74.0,77.0,84.0,74.0,76.0,72.0,80.0,83.0,85.0,79.0,50.0,60.0,84.0,40.0
0,0.0,0.0,5.0,0.0,0.0,74.0,84.0,94.0,77.0,72.0,71.0,72.0,78.0,93.0,66.0,32.0,43.0,75.0,20.0
0,0.0,0.0,65.0,0.0,2.0,74.0,80.0,83.0,76.0,84.0,59.0,88.0,90.0,75.0,76.0,42.0,67.0,89.0,78.0
0,0.0,0.0,0.0,0.0,0.0,74.0,75.0,85.0,69.0,85.0,78.0,83.0,84.0,78.0,80.0,35.0,42.0,85.0,15.0
0,0.0,0.0,11.0,0.0,0.0,74.0,81.0,83.0,78.0,74.0,73.0,78.0,83.0,85.0,76.0,46.0,68.0,79.0,50.0
0,0.0,0.0,18.0,0.0,0.0,73.0,86.0,88.0,84.0,64.0,72.0,73.0,74.0,89.0,68.0,58.0,71.0,75.0,55.0
0,0.0,0.0,20.0,0.0,0.0,73.0,82.0,88.0,82.0,66.0,72.0,86.0,72.0,90.0,73.0,61.0,70.0,83.0,55.0
0,0.0,0.0,0.0,0.0,0.0,73.0,75.0,83.0,73.0,74.0,70.0,71.0,79.0,85.0,74.0,45.0,65.0,74.0,40.0
0,0.0,0.0,22.0,0.0,0.0,73.0,86.0,91.0,73.0,86.0,56.0,80.0,85.0,76.0,67.0,35.0,50.0,85.0,24.0
0,0.0,0.0,11.0,0.0,0.0,73.0,79.0,86.0,85.0,72.0,72.0,78.0,70.0,84.0,77.0,64.0,70.0,74.0,42.0
0,0.0,0.0,38.0,0.0,0.0,73.0,82.0,86.0,83.0,67.0,71.0,80.0,72.0,85.0,73.0,59.0,68.0,87.0,66.0
0,0.0,0.0,22.0,0.0,0.0,73.0,80.0,90.0,76.0,76.0,69.0,79.0,79.0,87.0,64.0,32.0,44.0,81.0,10.0
0,0.0,0.0,0.0,0.0,0.0,72.0,85.0,88.0,84.0,67.0,72.0,84.0,73.0,90.0,73.0,52.0,68.0,82.0,50.0
0,0.0,0.0,11.0,0.0,0.0,72.0,83.0,88.0,86.0,70.0,74.0,79.0,71.0,85.0,72.0,55.0,72.0,75.0,45.0
0,0.0,0.0,0.0,0.0,0.0,72.0,84.0,87.0,84.0,69.0,70.0,73.0,73.0,86.0,72.0,60.0,70.0,79.0,40.0
0,0.0,0.0,13.0,0.0,0.0,72.0,85.0,89.0,83.0,66.0,65.0,82.0,69.0,87.0,65.0,59.0,72.0,72.0,55.0
0,0.0,0.0,37.0,0.0,0.0,72.0,76.0,85.0,72.0,77.0,71.0,75.0,76.0,85.0,70.0,42.0,56.0,82.0,40.0
0,0.0,0.0,0.0,0.0,0.0,72.0,83.0,85.0,82.0,64.0,70.0,80.0,74.0,87.0,65.0,52.0,70.0,72.0,45.0
0,0.0,0.0,0.0,0.0,0.0,72.0,77.0,82.0,76.0,71.0,75.0,80.0,72.0,83.0,79.0,48.0,67.0,80.0,53.0
0,0.0,0.0,21.0,0.0,0.0,72.0,74.0,75.0,76.0,74.0,79.0,80.0,73.0,81.0,77.0,53.0,65.0,81.0,55.0
0,0.0,0.0,10.0,0.0,0.0,72.0,79.0,85.0,82.0,68.0,74.0,79.0,68.0,87.0,78.0,59.0,69.0,59.0,50.0
0,0.0,0.0,7.0,0.0,0.0,72.0,80.0,78.0,84.0,67.0,72.0,84.0,74.0,86.0,81.0,62.0,68.0,77.0,60.0
0,0.0,0.0,21.0,0.0,0.0,72.0,73.0,76.0,72.0,78.0,70.0,84.0,88.0,82.0,71.0,33.0,48.0,88.0,40.0
0,0.0,0.0,13.0,0.0,0.0,71.0,80.0,85.0,83.0,58.0,73.0,83.0,72.0,88.0,82.0,63.0,67.0,67.0,45.0
0,0.0,0.0,90.0,1.0,1.0,71.0,83.0,84.0,88.0,65.0,56.0,85.0,62.0,92.0,75.0,64.0,77.0,64.0,55.0
0,0.0,0.0,17.0,0.0,0.0,71.0,83.0,89.0,80.0,72.0,65.0,74.0,75.0,88.0,62.0,44.0,59.0,80.0,45.0
0,0.0,0.0,0.0,0.0,0.0,71.0,85.0,86.0,84.0,67.0,69.0,79.0,74.0,86.0,73.0,66.0,75.0,78.0,40.0
0,0.0,0.0,18.0,0.0,0.0,71.0,79.0,84.0,80.0,68.0,74.0,82.0,79.0,87.0,75.0,59.0,68.0,86.0,40.0
0,0.0,0.0,6.0,0.0,0.0,71.0,84.0,87.0,86.0,65.0,72.0,72.0,68.0,86.0,68.0,71.0,68.0,78.0,35.0
0,0.0,0.0,5.0,0.0,0.0,71.0,76.0,80.0,79.0,68.0,66.0,85.0,78.0,85.0,74.0,58.0,74.0,75.0,55.0
0,0.0,0.0,27.0,0.0,0.0,71.0,79.0,82.0,72.0,74.0,59.0,82.0,83.0,85.0,68.0,31.0,47.0,93.0,26.0
0,0.0,0.0,2.0,0.0,0.0,71.0,87.0,91.0,75.0,78.0,58.0,81.0,77.0,71.0,74.0,42.0,65.0,86.0,78.0
0,0.0,0.0,13.0,0.0,0.0,71.0,82.0,88.0,84.0,68.0,67.0,72.0,73.0,83.0,70.0,59.0,69.0,74.0,45.0
0,0.0,0.0,0.0,0.0,0.0,71.0,82.0,88.0,84.0,68.0,67.0,72.0,73.0,83.0,70.0,59.0,69.0,74.0,45.0
0,0.0,0.0,19.0,0.0,0.0,71.0,78.0,80.0,73.0,80.0,72.0,84.0,81.0,82.0,73.0,32.0,48.0,86.0,35.0
0,0.0,0.0,0.0,0.0,0.0,71.0,75.0,85.0,74.0,74.0,73.0,83.0,75.0,87.0,70.0,47.0,56.0,72.0,50.0
0,0.0,0.0,20.0,0.0,0.0,70.0,88.0,92.0,87.0,77.0,60.0,79.0,69.0,85.0,76.0,49.0,67.0,89.0,40.0
0,0.0,0.0,38.0,0.0,0.0,70.0,90.0,92.0,78.0,73.0,55.0,79.0,68.0,91.0,67.0,65.0,55.0,88.0,53.0
0,0.0,0.0,17.0,0.0,0.0,70.0,74.0,79.0,73.0,78.0,65.0,87.0,87.0,85.0,68.0,39.0,54.0,76.0,40.0
0,0.0,0.0,0.0,0.0,0.0,70.0,74.0,79.0,73.0,78.0,65.0,87.0,87.0,85.0,68.0,39.0,54.0,76.0,40.0
0,0.0,0.0,0.0,0.0,0.0,70.0,82.0,93.0,80.0,69.0,45.0,75.0,75.0,92.0,77.0,36.0,54.0,92.0,52.0
0,0.0,0.0,0.0,0.0,0.0,70.0,83.0,88.0,84.0,69.0,69.0,85.0,79.0,85.0,68.0,45.0,49.0,80.0,60.0
0,0.0,0.0,0.0,0.0,0.0,70.0,76.0,80.0,74.0,76.0,74.0,80.0,75.0,88.0,75.0,45.0,55.0,73.0,50.0
0,0.0,0.0,22.0,0.0,0.0,69.0,82.0,87.0,72.0,69.0,60.0,76.0,84.0,85.0,65.0,35.0,47.0,91.0,50.0
0,0.0,0.0,11.0,0.0,0.0,69.0,86.0,87.0,85.0,65.0,54.0,81.0,67.0,87.0,60.0,69.0,68.0,65.0,55.0
0,0.0,0.0,9.0,0.0,0.0,69.0,86.0,91.0,86.0,66.0,70.0,78.0,69.0,90.0,64.0,62.0,74.0,79.0,45.0
0,0.0,0.0,2.0,0.0,0.0,69.0,82.0,77.0,77.0,74.0,62.0,81.0,80.0,78.0,71.0,45.0,55.0,77.0,55.0
0,0.0,0.0,0.0,0.0,0.0,69.0,81.0,78.0,75.0,68.0,69.0,80.0,69.0,83.0,65.0,60.0,73.0,67.0,50.0
0,0.0,0.0,5.0,0.0,0.0,69.0,76.0,72.0,70.0,74.0,70.0,86.0,84.0,72.0,86.0,35.0,48.0,70.0,55.0
0,0.0,0.0,3.0,0.0,0.0,69.0,76.0,72.0,70.0,74.0,70.0,86.0,84.0,72.0,86.0,35.0,48.0,70.0,55.0
0,0.0,0.0,4.0,0.0,0.0,69.0,86.0,85.0,81.0,64.0,64.0,74.0,66.0,85.0,65.0,69.0,78.0,74.0,50.0
0,0.0,0.0,0.0,0.0,0.0,69.0,79.0,84.0,76.0,67.0,69.0,80.0,76.0,84.0,70.0,62.0,74.0,66.0,10.0
0,0.0,0.0,0.0,0.0,0.0,69.0,82.0,81.0,78.0,70.0,76.0,76.0,68.0,81.0,75.0,50.0,62.0,68.0,40.0
0,0.0,0.0,0.0,0.0,0.0,69.0,73.0,69.0,75.0,78.0,67.0,78.0,80.0,79.0,69.0,34.0,49.0,75.0,50.0
0,0.0,0.0,127.0,6.0,10.0,69.0,89.0,86.0,81.0,72.0,56.0,84.0,73.0,87.0,64.0,49.0,69.0,88.0,40.0
0,0.0,0.0,49.0,0.0,0.0,69.0,84.0,89.0,72.0,82.0,55.0,82.0,71.0,88.0,60.0,29.0,39.0,85.0,30.0
0,0.0,0.0,2.0,0.0,0.0,68.0,71.0,74.0,72.0,72.0,66.0,88.0,76.0,85.0,79.0,35.0,52.0,75.0,61.0
0,0.0,0.0,9.0,0.0,0.0,68.0,75.0,83.0,84.0,76.0,67.0,76.0,82.0,89.0,71.0,30.0,42.0,80.0,50.0
0,0.0,0.0,3.0,0.0,0.0,68.0,79.0,84.0,78.0,64.0,66.0,76.0,71.0,85.0,65.0,57.0,72.0,76.0,50.0
0,0.0,0.0,0.0,0.0,0.0,68.0,74.0,78.0,73.0,75.0,67.0,83.0,73.0,83.0,76.0,49.0,75.0,86.0,40.0
0,0.0,0.0,3.0,0.0,0.0,67.0,75.0,86.0,74.0,68.0,64.0,88.0,60.0,80.0,78.0,53.0,67.0,71.0,65.0
0,0.0,0.0,16.0,0.0,0.0,67.0,75.0,86.0,74.0,68.0,64.0,88.0,60.0,80.0,78.0,53.0,67.0,71.0,65.0
0,0.0,0.0,9.0,0.0,0.0,67.0,75.0,86.0,74.0,68.0,64.0,88.0,60.0,80.0,78.0,53.0,67.0,71.0,65.0
0,0.0,0.0,3.0,0.0,0.0,67.0,75.0,86.0,74.0,68.0,64.0,88.0,60.0,80.0,78.0,53.0,67.0,71.0,65.0
0,0.0,0.0,0.0,0.0,0.0,67.0,80.0,87.0,86.0,62.0,64.0,80.0,69.0,89.0,66.0,70.0,72.0,87.0,70.0
0,0.0,0.0,8.0,0.0,0.0,67.0,70.0,85.0,82.0,75.0,74.0,82.0,65.0,83.0,73.0,44.0,52.0,70.0,24.0
0,0.0,0.0,0.0,0.0,0.0,66.0,77.0,78.0,75.0,72.0,71.0,79.0,74.0,82.0,66.0,55.0,65.0,66.0,50.0
0,0.0,0.0,0.0,0.0,0.0,66.0,74.0,78.0,74.0,73.0,74.0,81.0,72.0,79.0,66.0,34.0,47.0,72.0,45.0
0,0.0,0.0,1.0,0.0,0.0,66.0,79.0,86.0,85.0,68.0,58.0,84.0,73.0,65.0,80.0,35.0,62.0,77.0,65.0
0,0.0,0.0,0.0,0.0,0.0,66.0,85.0,82.0,82.0,62.0,70.0,74.0,68.0,84.0,73.0,55.0,65.0,72.0,68.0
0,0.0,0.0,2.0,0.0,0.0,66.0,82.0,87.0,80.0,63.0,55.0,73.0,72.0,87.0,64.0,58.0,70.0,84.0,45.0
0,0.0,0.0,0.0,0.0,1.0,66.0,75.0,85.0,82.0,67.0,65.0,77.0,66.0,85.0,67.0,60.0,73.0,77.0,45.0
0,0.0,0.0,1.0,0.0,0.0,66.0,75.0,85.0,82.0,67.0,65.0,77.0,66.0,85.0,67.0,60.0,73.0,77.0,45.0
0,0.0,0.0,0.0,0.0,0.0,66.0,76.0,82.0,81.0,68.0,63.0,78.0,72.0,85.0,70.0,50.0,60.0,75.0,45.0
0,0.0,0.0,4.0,0.0,0.0,66.0,74.0,88.0,73.0,77.0,60.0,85.0,68.0,83.0,74.0,36.0,71.0,72.0,45.0
0,0.0,0.0,7.0,0.0,0.0,66.0,74.0,83.0,84.0,75.0,71.0,78.0,73.0,75.0,68.0,49.0,65.0,75.0,45.0
0,0.0,0.0,0.0,0.0,0.0,66.0,87.0,88.0,85.0,59.0,67.0,72.0,66.0,82.0,75.0,64.0,76.0,66.0,64.0
0,0.0,0.0,0.0,0.0,0.0,66.0,70.0,78.0,65.0,76.0,74.0,78.0,82.0,75.0,66.0,28.0,38.0,64.0,10.0
0,0.0,0.0,0.0,0.0,0.0,66.0,77.0,82.0,74.0,68.0,68.0,78.0,75.0,78.0,56.0,40.0,48.0,70.0,35.0
0,0.0,0.0,12.0,0.0,0.0,66.0,78.0,84.0,79.0,77.0,68.0,75.0,74.0,86.0,59.0,64.0,72.0,79.0,40.0
0,0.0,0.0,9.0,0.0,0.0,65.0,77.0,82.0,73.0,76.0,47.0,79.0,88.0,69.0,75.0,40.0,52.0,88.0,60.0
0,0.0,0.0,0.0,0.0,0.0,65.0,75.0,87.0,82.0,67.0,60.0,83.0,73.0,77.0,73.0,46.0,67.0,77.0,65.0
0,0.0,0.0,1.0,0.0,0.0,65.0,74.0,87.0,76.0,77.0,56.0,73.0,85.0,88.0,55.0,38.0,48.0,55.0,65.0
0,0.0,0.0,1.0,0.0,0.0,65.0,73.0,67.0,69.0,64.0,70.0,87.0,69.0,82.0,78.0,45.0,57.0,66.0,40.0
0,0.0,0.0,10.0,0.0,0.0,65.0,74.0,76.0,74.0,68.0,64.0,78.0,65.0,80.0,64.0,55.0,64.0,75.0,55.0
0,0.0,0.0,0.0,0.0,0.0,65.0,76.0,79.0,74.0,75.0,66.0,78.0,75.0,72.0,64.0,45.0,52.0,78.0,59.0
0,0.0,0.0,0.0,0.0,0.0,65.0,82.0,78.0,78.0,77.0,55.0,74.0,80.0,78.0,56.0,42.0,52.0,85.0,45.0
0,0.0,0.0,0.0,0.0,0.0,65.0,74.0,81.0,72.0,69.0,68.0,85.0,81.0,87.0,55.0,40.0,55.0,66.0,65.0
0,0.0,0.0,14.0,0.0,0.0,65.0,83.0,89.0,75.0,84.0,55.0,82.0,72.0,82.0,47.0,38.0,65.0,70.0,54.0
0,0.0,0.0,9.0,0.0,0.0,65.0,77.0,83.0,72.0,74.0,68.0,71.0,67.0,76.0,65.0,39.0,49.0,78.0,35.0
0,0.0,0.0,0.0,0.0,0.0,65.0,75.0,78.0,82.0,65.0,49.0,89.0,68.0,78.0,76.0,70.0,64.0,68.0,40.0
0,0.0,0.0,9.0,0.0,0.0,65.0,77.0,81.0,75.0,64.0,65.0,72.0,80.0,75.0,74.0,60.0,70.0,58.0,40.0
0,0.0,0.0,6.0,0.0,0.0,65.0,82.0,77.0,82.0,64.0,67.0,81.0,68.0,84.0,70.0,55.0,70.0,69.0,55.0
0,0.0,0.0,41.0,0.0,1.0,65.0,80.0,92.0,90.0,61.0,55.0,83.0,67.0,87.0,45.0,54.0,72.0,82.0,60.0
0,0.0,0.0,2.0,0.0,0.0,64.0,73.0,79.0,69.0,73.0,59.0,84.0,75.0,77.0,72.0,36.0,50.0,62.0,56.0
0,0.0,0.0,0.0,0.0,0.0,64.0,73.0,85.0,77.0,73.0,63.0,72.0,70.0,73.0,62.0,35.0,45.0,72.0,40.0
0,0.0,0.0,0.0,0.0,0.0,64.0,77.0,80.0,75.0,72.0,65.0,81.0,74.0,84.0,66.0,52.0,60.0,74.0,45.0
0,0.0,0.0,0.0,0.0,0.0,64.0,77.0,80.0,75.0,72.0,65.0,81.0,74.0,84.0,66.0,52.0,60.0,74.0,45.0
0,0.0,0.0,68.0,0.0,0.0,64.0,85.0,93.0,83.0,64.0,60.0,74.0,65.0,88.0,66.0,24.0,45.0,66.0,45.0
0,0.0,0.0,13.0,0.0,0.0,64.0,77.0,83.0,74.0,73.0,56.0,83.0,66.0,77.0,74.0,32.0,44.0,62.0,40.0
0,0.0,0.0,2.0,0.0,0.0,64.0,82.0,88.0,76.0,59.0,65.0,78.0,62.0,84.0,47.0,68.0,63.0,85.0,40.0
0,0.0,0.0,3.0,0.0,0.0,64.0,74.0,76.0,74.0,74.0,68.0,81.0,72.0,80.0,67.0,44.0,60.0,79.0,50.0
0,0.0,0.0,13.0,0.0,0.0,64.0,79.0,86.0,88.0,59.0,58.0,74.0,56.0,85.0,82.0,70.0,74.0,77.0,55.0
0,0.0,0.0,0.0,0.0,0.0,64.0,80.0,77.0,72.0,71.0,60.0,73.0,71.0,65.0,73.0,40.0,72.0,69.0,77.0
0,0.0,0.0,44.0,0.0,0.0,63.0,84.0,88.0,83.0,71.0,48.0,84.0,64.0,91.0,53.0,69.0,74.0,90.0,49.0
0,0.0,0.0,5.0,0.0,0.0,63.0,82.0,77.0,80.0,66.0,57.0,81.0,69.0,89.0,66.0,35.0,70.0,77.0,52.0
0,0.0,0.0,0.0,0.0,0.0,63.0,76.0,84.0,86.0,70.0,56.0,87.0,64.0,81.0,55.0,66.0,77.0,85.0,60.0
0,0.0,0.0,88.0,3.0,5.0,63.0,73.0,75.0,74.0,79.0,54.0,75.0,84.0,82.0,67.0,37.0,48.0,87.0,61.0
0,0.0,0.0,0.0,0.0,0.0,63.0,73.0,75.0,74.0,79.0,54.0,75.0,84.0,82.0,67.0,37.0,48.0,87.0,61.0
0,0.0,0.0,83.0,1.0,6.0,63.0,80.0,74.0,78.0,78.0,56.0,73.0,77.0,72.0,64.0,60.0,66.0,77.0,40.0
0,0.0,0.0,30.0,0.0,0.0,63.0,80.0,74.0,78.0,78.0,56.0,73.0,77.0,72.0,64.0,60.0,66.0,77.0,40.0
0,0.0,0.0,0.0,0.0,0.0,63.0,75.0,82.0,76.0,68.0,68.0,80.0,69.0,77.0,60.0,55.0,70.0,70.0,32.0
0,0.0,0.0,0.0,0.0,0.0,63.0,79.0,78.0,74.0,69.0,72.0,80.0,61.0,80.0,66.0,59.0,72.0,80.0,35.0
0,0.0,0.0,7.0,0.0,0.0,63.0,73.0,75.0,69.0,65.0,62.0,76.0,74.0,76.0,75.0,38.0,66.0,82.0,39.0
0,0.0,0.0,0.0,0.0,0.0,63.0,82.0,84.0,75.0,72.0,66.0,78.0,52.0,82.0,65.0,62.0,73.0,63.0,54.0
0,0.0,0.0,1.0,0.0,0.0,62.0,77.0,88.0,82.0,62.0,64.0,78.0,62.0,71.0,87.0,47.0,70.0,58.0,70.0
0,0.0,0.0,0.0,0.0,0.0,62.0,77.0,75.0,74.0,67.0,63.0,78.0,76.0,80.0,66.0,44.0,59.0,70.0,45.0
0,0.0,0.0,0.0,0.0,0.0,62.0,80.0,86.0,75.0,73.0,60.0,72.0,72.0,74.0,54.0,30.0,40.0,66.0,24.0
0,0.0,0.0,1.0,0.0,0.0,62.0,84.0,86.0,71.0,77.0,45.0,73.0,86.0,75.0,49.0,32.0,66.0,79.0,46.0
0,0.0,0.0,0.0,0.0,0.0,62.0,79.0,85.0,82.0,67.0,59.0,76.0,65.0,78.0,55.0,52.0,65.0,67.0,55.0
0,0.0,0.0,0.0,0.0,0.0,62.0,80.0,84.0,77.0,65.0,65.0,69.0,68.0,80.0,59.0,54.0,66.0,75.0,45.0
0,0.0,0.0,0.0,0.0,0.0,62.0,83.0,87.0,73.0,69.0,65.0,65.0,55.0,86.0,59.0,32.0,45.0,68.0,30.0
0,0.0,0.0,18.0,0.0,0.0,62.0,82.0,85.0,73.0,64.0,53.0,73.0,73.0,74.0,72.0,34.0,42.0,60.0,45.0
0,0.0,0.0,6.0,0.0,0.0,62.0,82.0,85.0,73.0,64.0,53.0,73.0,73.0,74.0,72.0,34.0,42.0,60.0,45.0
0,0.0,0.0,6.0,0.0,0.0,62.0,79.0,85.0,84.0,69.0,62.0,69.0,77.0,88.0,54.0,45.0,65.0,69.0,55.0
0,0.0,0.0,1.0,0.0,0.0,62.0,83.0,86.0,85.0,66.0,59.0,79.0,60.0,80.0,69.0,80.0,75.0,73.0,60.0
0,0.0,0.0,0.0,0.0,0.0,61.0,82.0,86.0,84.0,62.0,51.0,75.0,64.0,75.0,55.0,64.0,72.0,73.0,32.0
0,0.0,0.0,0.0,0.0,0.0,61.0,79.0,86.0,75.0,64.0,63.0,70.0,64.0,74.0,44.0,52.0,65.0,76.0,35.0
0,0.0,0.0,9.0,0.0,0.0,61.0,82.0,85.0,78.0,65.0,52.0,75.0,74.0,82.0,62.0,55.0,63.0,77.0,50.0
0,0.0,0.0,5.0,0.0,0.0,61.0,75.0,78.0,74.0,66.0,64.0,74.0,75.0,76.0,61.0,49.0,65.0,70.0,42.0
0,0.0,0.0,101.0,1.0,2.0,61.0,87.0,93.0,88.0,85.0,46.0,72.0,64.0,88.0,58.0,55.0,69.0,82.0,40.0
0,0.0,0.0,41.0,0.0,0.0,61.0,81.0,84.0,75.0,70.0,48.0,78.0,65.0,68.0,64.0,45.0,69.0,75.0,65.0
0,0.0,0.0,9.0,0.0,0.0,61.0,82.0,86.0,73.0,76.0,55.0,73.0,72.0,71.0,77.0,52.0,70.0,64.0,55.0
0,0.0,0.0,43.0,0.0,1.0,60.0,80.0,81.0,85.0,64.0,55.0,76.0,77.0,85.0,40.0,65.0,58.0,67.0,55.0
0,0.0,0.0,2.0,0.0,0.0,60.0,80.0,81.0,85.0,64.0,55.0,76.0,77.0,85.0,40.0,65.0,58.0,67.0,55.0
0,0.0,0.0,12.0,0.0,0.0,60.0,80.0,81.0,85.0,64.0,55.0,76.0,77.0,85.0,40.0,65.0,58.0,67.0,55.0
0,0.0,0.0,0.0,0.0,0.0,60.0,80.0,79.0,75.0,64.0,58.0,72.0,66.0,80.0,55.0,52.0,64.0,63.0,45.0
0,0.0,0.0,0.0,0.0,0.0,60.0,74.0,82.0,73.0,68.0,61.0,69.0,70.0,75.0,62.0,34.0,45.0,74.0,40.0
0,0.0,0.0,0.0,0.0,0.0,60.0,74.0,84.0,74.0,76.0,60.0,73.0,70.0,74.0,47.0,35.0,44.0,74.0,35.0
0,0.0,0.0,0.0,0.0,0.0,60.0,73.0,76.0,72.0,77.0,56.0,84.0,73.0,67.0,71.0,44.0,56.0,72.0,50.0
0,0.0,0.0,0.0,0.0,0.0,60.0,76.0,83.0,85.0,69.0,48.0,75.0,60.0,57.0,55.0,64.0,75.0,85.0,72.0
0,0.0,0.0,1.0,0.0,0.0,60.0,77.0,82.0,74.0,69.0,54.0,71.0,69.0,76.0,56.0,52.0,62.0,76.0,50.0
0,0.0,0.0,0.0,0.0,0.0,60.0,73.0,74.0,72.0,65.0,54.0,80.0,65.0,83.0,70.0,33.0,64.0,88.0,35.0
0,0.0,0.0,0.0,0.0,0.0,60.0,79.0,83.0,75.0,66.0,55.0,69.0,72.0,76.0,49.0,45.0,56.0,73.0,40.0
0,0.0,0.0,0.0,0.0,0.0,59.0,80.0,92.0,77.0,65.0,55.0,80.0,73.0,81.0,39.0,33.0,45.0,90.0,54.0
0,0.0,0.0,47.0,0.0,0.0,59.0,76.0,83.0,73.0,67.0,47.0,82.0,65.0,72.0,73.0,51.0,71.0,74.0,40.0
0,0.0,0.0,0.0,0.0,0.0,59.0,73.0,80.0,75.0,69.0,48.0,72.0,68.0,73.0,56.0,52.0,61.0,74.0,44.0
0,0.0,0.0,0.0,0.0,0.0,59.0,77.0,85.0,69.0,65.0,54.0,72.0,67.0,82.0,50.0,34.0,45.0,65.0,50.0
0,0.0,0.0,0.0,0.0,0.0,59.0,73.0,80.0,68.0,67.0,57.0,78.0,74.0,63.0,74.0,31.0,59.0,80.0,54.0
0,0.0,0.0,0.0,0.0,0.0,59.0,79.0,72.0,69.0,64.0,60.0,73.0,82.0,71.0,70.0,54.0,70.0,57.0,66.0
0,0.0,0.0,0.0,0.0,0.0,59.0,73.0,83.0,70.0,75.0,55.0,69.0,76.0,72.0,62.0,37.0,49.0,72.0,40.0
0,0.0,0.0,0.0,0.0,0.0,59.0,81.0,83.0,85.0,69.0,44.0,74.0,73.0,87.0,39.0,59.0,70.0,87.0,50.0
0,0.0,0.0,5.0,0.0,0.0,59.0,73.0,90.0,77.0,72.0,48.0,78.0,88.0,67.0,45.0,27.0,50.0,82.0,24.0
0,0.0,0.0,0.0,0.0,0.0,59.0,77.0,75.0,79.0,69.0,62.0,78.0,67.0,77.0,58.0,44.0,55.0,76.0,40.0
0,0.0,0.0,4.0,0.0,0.0,58.0,76.0,85.0,78.0,66.0,56.0,73.0,66.0,72.0,71.0,35.0,45.0,76.0,50.0
0,0.0,0.0,0.0,0.0,0.0,58.0,74.0,74.0,70.0,63.0,56.0,82.0,79.0,58.0,68.0,30.0,63.0,69.0,45.0
0,0.0,0.0,0.0,0.0,0.0,58.0,78.0,84.0,71.0,67.0,57.0,69.0,68.0,76.0,53.0,32.0,42.0,75.0,25.0
0,0.0,0.0,11.0,0.0,0.0,58.0,81.0,76.0,85.0,72.0,48.0,73.0,80.0,78.0,53.0,48.0,68.0,84.0,60.0
0,0.0,0.0,0.0,0.0,0.0,58.0,73.0,79.0,74.0,72.0,61.0,77.0,75.0,75.0,49.0,45.0,62.0,74.0,59.0
0,0.0,0.0,0.0,0.0,0.0,58.0,73.0,83.0,71.0,66.0,49.0,81.0,66.0,88.0,40.0,32.0,42.0,74.0,40.0
0,0.0,0.0,0.0,0.0,0.0,58.0,81.0,86.0,71.0,72.0,64.0,71.0,61.0,88.0,56.0,38.0,62.0,78.0,40.0
0,0.0,0.0,2.0,0.0,0.0,58.0,70.0,78.0,75.0,77.0,58.0,72.0,64.0,75.0,54.0,35.0,45.0,78.0,20.0
0,0.0,0.0,0.0,0.0,0.0,58.0,71.0,79.0,75.0,74.0,47.0,78.0,77.0,80.0,54.0,52.0,59.0,76.0,50.0
0,0.0,0.0,0.0,0.0,0.0,58.0,78.0,84.0,73.0,77.0,54.0,73.0,69.0,74.0,47.0,35.0,45.0,75.0,55.0
0,0.0,0.0,17.0,0.0,0.0,58.0,74.0,84.0,86.0,78.0,56.0,77.0,68.0,73.0,52.0,60.0,74.0,65.0,59.0
0,0.0,0.0,0.0,0.0,0.0,57.0,74.0,82.0,75.0,70.0,61.0,76.0,74.0,67.0,52.0,50.0,62.0,77.0,42.0
0,0.0,0.0,0.0,0.0,0.0,57.0,69.0,82.0,70.0,82.0,54.0,81.0,88.0,54.0,61.0,22.0,39.0,84.0,46.0
0,0.0,0.0,0.0,0.0,0.0,57.0,81.0,83.0,72.0,72.0,43.0,74.0,86.0,84.0,48.0,40.0,62.0,72.0,55.0
0,0.0,0.0,0.0,0.0,0.0,57.0,81.0,83.0,72.0,72.0,43.0,74.0,86.0,84.0,48.0,40.0,62.0,72.0,55.0
0,0.0,0.0,0.0,0.0,0.0,57.0,81.0,83.0,72.0,72.0,43.0,74.0,86.0,84.0,48.0,40.0,62.0,72.0,55.0
0,0.0,0.0,3.0,0.0,0.0,57.0,81.0,83.0,72.0,72.0,43.0,74.0,86.0,84.0,48.0,40.0,62.0,72.0,55.0
0,0.0,0.0,0.0,0.0,0.0,57.0,74.0,82.0,72.0,67.0,45.0,70.0,59.0,87.0,70.0,32.0,41.0,64.0,24.0
0,0.0,0.0,0.0,0.0,0.0,57.0,74.0,82.0,72.0,67.0,45.0,70.0,59.0,87.0,70.0,32.0,41.0,64.0,24.0
0,0.0,0.0,0.0,0.0,0.0,57.0,74.0,82.0,72.0,67.0,45.0,70.0,59.0,87.0,70.0,32.0,41.0,64.0,24.0
0,0.0,0.0,52.0,0.0,1.0,57.0,74.0,82.0,72.0,67.0,45.0,70.0,59.0,87.0,70.0,32.0,41.0,64.0,24.0
0,0.0,0.0,4.0,0.0,0.0,57.0,74.0,82.0,72.0,67.0,45.0,70.0,59.0,87.0,70.0,32.0,41.0,64.0,24.0
0,0.0,0.0,0.0,0.0,0.0,57.0,89.0,85.0,83.0,81.0,58.0,74.0,61.0,70.0,54.0,46.0,63.0,85.0,49.0
0,0.0,0.0,0.0,0.0,0.0,57.0,73.0,76.0,68.0,75.0,48.0,83.0,80.0,73.0,55.0,31.0,53.0,81.0,45.0
0,0.0,0.0,0.0,0.0,0.0,57.0,73.0,81.0,74.0,68.0,54.0,72.0,67.0,75.0,58.0,32.0,40.0,71.0,40.0
0,0.0,0.0,0.0,0.0,0.0,57.0,82.0,86.0,83.0,73.0,42.0,74.0,53.0,71.0,47.0,35.0,66.0,70.0,52.0
0,0.0,0.0,0.0,0.0,0.0,57.0,83.0,85.0,84.0,69.0,58.0,74.0,59.0,79.0,56.0,45.0,63.0,73.0,49.0
0,0.0,0.0,0.0,0.0,0.0,57.0,83.0,77.0,74.0,68.0,59.0,73.0,72.0,68.0,60.0,45.0,65.0,75.0,55.0
0,0.0,0.0,0.0,0.0,0.0,56.0,69.0,82.0,73.0,67.0,45.0,71.0,84.0,73.0,55.0,32.0,55.0,95.0,45.0
0,0.0,0.0,10.0,0.0,0.0,56.0,82.0,80.0,71.0,65.0,53.0,74.0,73.0,78.0,51.0,65.0,60.0,79.0,44.0
0,0.0,0.0,0.0,0.0,0.0,56.0,82.0,78.0,75.0,79.0,41.0,67.0,62.0,74.0,52.0,31.0,53.0,89.0,45.0
0,0.0,0.0,0.0,0.0,0.0,56.0,72.0,74.0,79.0,79.0,45.0,77.0,62.0,78.0,73.0,42.0,64.0,60.0,65.0
0,0.0,0.0,0.0,0.0,0.0,56.0,79.0,87.0,74.0,68.0,49.0,71.0,64.0,73.0,42.0,34.0,48.0,75.0,50.0
0,0.0,0.0,32.0,0.0,0.0,56.0,86.0,85.0,84.0,62.0,56.0,72.0,61.0,78.0,44.0,60.0,71.0,69.0,55.0
0,0.0,0.0,0.0,0.0,0.0,56.0,77.0,84.0,74.0,75.0,47.0,73.0,67.0,83.0,54.0,50.0,66.0,75.0,10.0
0,0.0,0.0,0.0,0.0,0.0,55.0,75.0,83.0,82.0,66.0,46.0,70.0,77.0,74.0,66.0,45.0,55.0,77.0,55.0
0,0.0,0.0,0.0,0.0,0.0,55.0,77.0,83.0,73.0,64.0,49.0,69.0,66.0,67.0,49.0,60.0,70.0,65.0,40.0
0,0.0,0.0,1.0,0.0,0.0,55.0,85.0,94.0,82.0,67.0,46.0,60.0,65.0,87.0,35.0,28.0,52.0,76.0,30.0
0,0.0,0.0,0.0,0.0,0.0,55.0,76.0,87.0,80.0,72.0,49.0,74.0,67.0,80.0,46.0,41.0,55.0,80.0,47.0
0,0.0,0.0,0.0,0.0,0.0,55.0,83.0,79.0,75.0,65.0,47.0,69.0,70.0,74.0,56.0,47.0,61.0,71.0,54.0
0,0.0,0.0,0.0,0.0,0.0,55.0,82.0,86.0,88.0,71.0,41.0,72.0,60.0,71.0,44.0,46.0,61.0,67.0,55.0
0,0.0,0.0,37.0,0.0,0.0,55.0,78.0,82.0,84.0,84.0,48.0,76.0,55.0,79.0,52.0,64.0,74.0,70.0,62.0
0,0.0,0.0,11.0,0.0,0.0,55.0,78.0,82.0,84.0,84.0,48.0,76.0,55.0,79.0,52.0,64.0,74.0,70.0,62.0
0,0.0,0.0,2.0,0.0,0.0,55.0,78.0,82.0,84.0,84.0,48.0,76.0,55.0,79.0,52.0,64.0,74.0,70.0,62.0
0,0.0,0.0,0.0,0.0,0.0,55.0,78.0,82.0,84.0,84.0,48.0,76.0,55.0,79.0,52.0,64.0,74.0,70.0,62.0
0,0.0,0.0,0.0,0.0,0.0,55.0,83.0,85.0,77.0,74.0,50.0,75.0,62.0,74.0,61.0,52.0,65.0,71.0,45.0
0,0.0,0.0,0.0,0.0,0.0,55.0,74.0,86.0,78.0,68.0,49.0,72.0,64.0,85.0,44.0,26.0,37.0,83.0,43.0
0,0.0,0.0,0.0,0.0,0.0,55.0,73.0,80.0,78.0,65.0,45.0,76.0,62.0,70.0,66.0,54.0,72.0,88.0,51.0
0,0.0,0.0,0.0,0.0,0.0,54.0,72.0,77.0,74.0,74.0,46.0,72.0,68.0,74.0,59.0,55.0,65.0,70.0,61.0
0,0.0,0.0,0.0,0.0,0.0,54.0,83.0,78.0,73.0,65.0,49.0,72.0,69.0,80.0,46.0,42.0,48.0,69.0,52.0
0,0.0,0.0,0.0,0.0,0.0,54.0,82.0,78.0,77.0,68.0,57.0,73.0,68.0,76.0,39.0,50.0,64.0,82.0,44.0
0,0.0,0.0,0.0,0.0,0.0,53.0,68.0,76.0,71.0,74.0,51.0,75.0,78.0,79.0,47.0,51.0,59.0,69.0,45.0
0,0.0,0.0,0.0,0.0,0.0,53.0,76.0,84.0,82.0,74.0,43.0,68.0,64.0,76.0,50.0,25.0,35.0,71.0,10.0
0,0.0,0.0,0.0,0.0,0.0,53.0,74.0,77.0,69.0,75.0,51.0,81.0,58.0,71.0,60.0,38.0,62.0,66.0,52.0
0,0.0,0.0,0.0,0.0,0.0,53.0,73.0,77.0,73.0,70.0,54.0,72.0,69.0,67.0,60.0,45.0,55.0,73.0,49.0
0,0.0,0.0,0.0,0.0,0.0,53.0,86.0,81.0,78.0,87.0,39.0,72.0,59.0,66.0,37.0,73.0,63.0,70.0,65.0
0,0.0,0.0,0.0,0.0,0.0,53.0,85.0,83.0,82.0,64.0,45.0,69.0,57.0,85.0,44.0,62.0,72.0,67.0,75.0
0,0.0,0.0,0.0,0.0,0.0,53.0,74.0,76.0,68.0,75.0,48.0,77.0,75.0,53.0,52.0,35.0,51.0,86.0,65.0
0,0.0,0.0,0.0,0.0,0.0,52.0,81.0,86.0,75.0,65.0,42.0,67.0,55.0,82.0,45.0,33.0,44.0,72.0,45.0
0,0.0,0.0,0.0,0.0,0.0,52.0,78.0,82.0,84.0,79.0,35.0,68.0,68.0,72.0,41.0,35.0,48.0,74.0,10.0
0,0.0,0.0,11.0,0.0,0.0,52.0,87.0,88.0,88.0,73.0,39.0,72.0,64.0,73.0,41.0,65.0,70.0,73.0,66.0
0,0.0,0.0,0.0,0.0,0.0,50.0,75.0,84.0,73.0,65.0,39.0,75.0,59.0,74.0,63.0,44.0,54.0,80.0,49.0
0,0.0,0.0,0.0,0.0,0.0,49.0,85.0,87.0,79.0,63.0,44.0,71.0,55.0,74.0,32.0,49.0,62.0,67.0,40.0
0,0.0,0.0,0.0,0.0,0.0,48.0,88.0,88.0,84.0,74.0,42.0,73.0,54.0,71.0,46.0,54.0,72.0,66.0,60.0
0,0.0,24.0,104.0,3.0,8.0,97.0,88.0,0.0,86.0,0.0,86.0,95.0,90.0,99.0,86.0,0.0,0.0,89.0,60.0
0,0.0,28.0,93.0,5.0,7.0,97.0,90.0,0.0,88.0,0.0,95.0,96.0,90.0,98.0,93.0,0.0,0.0,98.0,55.0
0,0.0,23.0,34.0,1.0,1.0,95.0,84.0,0.0,88.0,0.0,83.0,90.0,90.0,97.0,81.0,0.0,0.0,90.0,24.0
0,0.0,27.0,0.0,0.0,0.0,95.0,86.0,0.0,86.0,0.0,86.0,90.0,87.0,97.0,85.0,0.0,0.0,95.0,45.0
0,0.0,27.0,94.0,0.0,4.0,95.0,86.0,0.0,86.0,0.0,86.0,90.0,87.0,97.0,85.0,0.0,0.0,95.0,45.0
0,0.0,27.0,77.0,1.0,6.0,95.0,86.0,0.0,86.0,0.0,86.0,90.0,87.0,97.0,85.0,0.0,0.0,95.0,45.0
0,0.0,32.0,98.0,1.0,7.0,94.0,79.0,0.0,81.0,0.0,94.0,95.0,88.0,94.0,96.0,0.0,0.0,86.0,75.0
0,0.0,27.0,51.0,1.0,2.0,94.0,85.0,0.0,87.0,0.0,88.0,96.0,86.0,98.0,87.0,0.0,0.0,91.0,45.0
0,0.0,30.0,80.0,1.0,4.0,93.0,85.0,0.0,86.0,0.0,93.0,96.0,82.0,98.0,95.0,0.0,0.0,83.0,55.0
0,0.0,30.0,2.0,1.0,4.0,93.0,85.0,0.0,86.0,0.0,93.0,96.0,82.0,98.0,95.0,0.0,0.0,83.0,55.0
0,0.0,25.0,71.0,4.0,3.0,93.0,83.0,0.0,85.0,0.0,84.0,99.0,91.0,97.0,86.0,0.0,0.0,91.0,55.0
0,0.0,24.0,74.0,1.0,4.0,91.0,81.0,0.0,83.0,0.0,81.0,93.0,90.0,93.0,79.0,0.0,0.0,89.0,24.0
0,0.0,27.0,72.0,0.0,1.0,91.0,85.0,0.0,86.0,0.0,88.0,93.0,85.0,95.0,85.0,0.0,0.0,88.0,61.0
0,0.0,24.0,34.0,0.0,1.0,90.0,86.0,0.0,88.0,0.0,83.0,93.0,87.0,95.0,84.0,0.0,0.0,87.0,55.0
0,0.0,27.0,53.0,1.0,2.0,90.0,83.0,0.0,77.0,0.0,88.0,97.0,86.0,98.0,93.0,0.0,0.0,83.0,50.0
0,0.0,27.0,58.0,0.0,4.0,90.0,84.0,0.0,82.0,0.0,79.0,88.0,90.0,97.0,82.0,0.0,0.0,89.0,35.0
0,0.0,26.0,52.0,0.0,1.0,90.0,83.0,0.0,84.0,0.0,87.0,93.0,87.0,94.0,89.0,0.0,0.0,90.0,68.0
0,0.0,23.0,90.0,1.0,1.0,89.0,85.0,0.0,88.0,0.0,85.0,98.0,74.0,97.0,90.0,0.0,0.0,81.0,55.0
0,0.0,29.0,75.0,0.0,5.0,89.0,77.0,0.0,73.0,0.0,91.0,75.0,84.0,91.0,93.0,0.0,0.0,88.0,18.0
0,0.0,29.0,0.0,0.0,0.0,89.0,76.0,0.0,75.0,0.0,84.0,96.0,89.0,94.0,85.0,0.0,0.0,93.0,55.0
0,0.0,22.0,91.0,5.0,7.0,89.0,86.0,0.0,84.0,0.0,81.0,99.0,82.0,98.0,92.0,0.0,0.0,81.0,54.0
0,0.0,30.0,110.0,1.0,7.0,89.0,82.0,0.0,76.0,0.0,86.0,85.0,83.0,95.0,87.0,0.0,0.0,84.0,45.0
0,0.0,33.0,81.0,3.0,7.0,88.0,87.0,0.0,86.0,0.0,92.0,77.0,65.0,95.0,87.0,0.0,0.0,75.0,24.0
0,0.0,28.0,49.0,0.0,0.0,88.0,80.0,0.0,82.0,0.0,88.0,89.0,87.0,95.0,90.0,0.0,0.0,91.0,60.0
0,0.0,28.0,55.0,1.0,3.0,88.0,85.0,0.0,87.0,0.0,90.0,88.0,74.0,93.0,96.0,0.0,0.0,87.0,55.0
0,0.0,23.0,127.0,6.0,10.0,88.0,89.0,0.0,84.0,0.0,80.0,97.0,75.0,95.0,87.0,0.0,0.0,94.0,42.0
0,0.0,27.0,29.0,0.0,0.0,87.0,78.0,0.0,75.0,0.0,86.0,84.0,81.0,87.0,79.0,0.0,0.0,85.0,50.0
0,0.0,29.0,61.0,0.0,1.0,87.0,77.0,0.0,82.0,0.0,88.0,89.0,81.0,94.0,91.0,0.0,0.0,85.0,50.0
0,0.0,28.0,29.0,0.0,0.0,87.0,79.0,0.0,79.0,0.0,84.0,87.0,76.0,87.0,82.0,0.0,0.0,88.0,40.0
0,0.0,25.0,63.0,0.0,4.0,87.0,81.0,0.0,76.0,0.0,78.0,89.0,88.0,94.0,82.0,0.0,0.0,87.0,15.0
0,0.0,28.0,54.0,0.0,1.0,87.0,82.0,0.0,77.0,0.0,87.0,87.0,83.0,91.0,86.0,0.0,0.0,88.0,40.0
0,0.0,30.0,66.0,0.0,2.0,87.0,79.0,0.0,81.0,0.0,88.0,87.0,78.0,92.0,90.0,0.0,0.0,79.0,73.0
0,0.0,35.0,0.0,0.0,0.0,86.0,83.0,0.0,74.0,0.0,90.0,86.0,77.0,87.0,87.0,0.0,0.0,95.0,60.0
0,0.0,32.0,67.0,1.0,5.0,86.0,86.0,0.0,85.0,0.0,92.0,75.0,67.0,87.0,87.0,0.0,0.0,78.0,20.0
0,0.0,25.0,25.0,0.0,0.0,86.0,75.0,0.0,82.0,0.0,78.0,92.0,91.0,89.0,87.0,0.0,0.0,94.0,69.0
0,0.0,26.0,51.0,0.0,0.0,86.0,76.0,0.0,82.0,0.0,91.0,85.0,76.0,95.0,98.0,0.0,0.0,84.0,55.0
0,0.0,24.0,29.0,0.0,0.0,85.0,84.0,0.0,84.0,0.0,77.0,95.0,90.0,95.0,80.0,0.0,0.0,83.0,45.0
0,0.0,29.0,58.0,0.0,2.0,85.0,77.0,0.0,84.0,0.0,88.0,90.0,77.0,93.0,95.0,0.0,0.0,76.0,60.0
0,0.0,27.0,0.0,0.0,0.0,84.0,83.0,0.0,84.0,0.0,82.0,93.0,78.0,94.0,85.0,0.0,0.0,85.0,60.0
0,0.0,30.0,68.0,0.0,2.0,84.0,83.0,0.0,78.0,0.0,90.0,72.0,73.0,92.0,87.0,0.0,0.0,65.0,35.0
0,0.0,29.0,55.0,0.0,1.0,84.0,82.0,0.0,82.0,0.0,86.0,88.0,79.0,89.0,87.0,0.0,0.0,84.0,68.0
0,0.0,24.0,64.0,0.0,1.0,84.0,81.0,0.0,83.0,0.0,78.0,93.0,79.0,93.0,79.0,0.0,0.0,85.0,65.0
0,0.0,31.0,81.0,0.0,0.0,83.0,78.0,0.0,77.0,0.0,87.0,88.0,74.0,89.0,90.0,0.0,0.0,85.0,55.0
0,0.0,26.0,51.0,0.0,1.0,83.0,83.0,0.0,76.0,0.0,83.0,84.0,76.0,92.0,82.0,0.0,0.0,75.0,50.0
0,0.0,25.0,22.0,0.0,0.0,83.0,83.0,0.0,84.0,0.0,78.0,76.0,74.0,84.0,82.0,0.0,0.0,84.0,59.0
0,0.0,28.0,58.0,0.0,1.0,83.0,76.0,0.0,82.0,0.0,89.0,87.0,78.0,88.0,94.0,0.0,0.0,80.0,65.0
0,0.0,30.0,40.0,0.0,0.0,83.0,77.0,0.0,84.0,0.0,86.0,89.0,74.0,90.0,85.0,0.0,0.0,78.0,80.0
0,0.0,29.0,63.0,2.0,5.0,83.0,83.0,0.0,79.0,0.0,88.0,76.0,64.0,92.0,81.0,0.0,0.0,76.0,10.0
0,0.0,29.0,18.0,0.0,0.0,83.0,78.0,0.0,77.0,0.0,81.0,90.0,87.0,91.0,78.0,0.0,0.0,91.0,40.0
0,0.0,29.0,0.0,0.0,0.0,82.0,85.0,0.0,82.0,0.0,82.0,81.0,69.0,87.0,81.0,0.0,0.0,84.0,62.0
0,0.0,29.0,31.0,0.0,0.0,82.0,85.0,0.0,82.0,0.0,82.0,81.0,69.0,87.0,81.0,0.0,0.0,84.0,62.0
0,0.0,29.0,47.0,0.0,0.0,82.0,88.0,0.0,87.0,0.0,80.0,77.0,67.0,94.0,79.0,0.0,0.0,73.0,45.0
0,0.0,24.0,47.0,0.0,0.0,82.0,81.0,0.0,74.0,0.0,79.0,87.0,78.0,88.0,76.0,0.0,0.0,73.0,10.0
0,0.0,32.0,55.0,0.0,0.0,82.0,72.0,0.0,68.0,0.0,84.0,86.0,84.0,87.0,85.0,0.0,0.0,86.0,45.0
0,0.0,26.0,30.0,0.0,0.0,82.0,82.0,0.0,73.0,0.0,79.0,88.0,72.0,92.0,82.0,0.0,0.0,86.0,45.0
0,0.0,29.0,38.0,0.0,0.0,82.0,81.0,0.0,84.0,0.0,82.0,80.0,66.0,87.0,83.0,0.0,0.0,74.0,40.0
0,0.0,31.0,2.0,0.0,0.0,82.0,78.0,0.0,82.0,0.0,88.0,89.0,74.0,87.0,88.0,0.0,0.0,88.0,57.0
0,0.0,31.0,72.0,0.0,0.0,82.0,78.0,0.0,82.0,0.0,88.0,89.0,74.0,87.0,88.0,0.0,0.0,88.0,57.0
0,0.0,38.0,0.0,0.0,0.0,82.0,80.0,0.0,82.0,0.0,97.0,82.0,69.0,92.0,98.0,0.0,0.0,83.0,55.0
0,0.0,27.0,49.0,0.0,0.0,82.0,78.0,0.0,84.0,0.0,87.0,87.0,81.0,89.0,87.0,0.0,0.0,85.0,40.0
0,0.0,27.0,36.0,0.0,0.0,81.0,85.0,0.0,86.0,0.0,82.0,89.0,68.0,97.0,83.0,0.0,0.0,79.0,65.0
0,0.0,25.0,20.0,0.0,0.0,81.0,88.0,0.0,87.0,0.0,73.0,86.0,72.0,89.0,76.0,0.0,0.0,90.0,40.0
0,0.0,27.0,0.0,0.0,0.0,81.0,79.0,0.0,78.0,0.0,81.0,93.0,65.0,89.0,82.0,0.0,0.0,84.0,40.0
0,0.0,29.0,75.0,0.0,0.0,81.0,79.0,0.0,76.0,0.0,88.0,82.0,82.0,88.0,86.0,0.0,0.0,88.0,55.0
0,0.0,27.0,6.0,0.0,0.0,81.0,79.0,0.0,75.0,0.0,78.0,85.0,77.0,87.0,74.0,0.0,0.0,78.0,40.0
0,0.0,31.0,48.0,0.0,0.0,80.0,83.0,0.0,83.0,0.0,86.0,83.0,70.0,87.0,84.0,0.0,0.0,90.0,80.0
0,0.0,31.0,4.0,0.0,0.0,80.0,83.0,0.0,83.0,0.0,86.0,83.0,70.0,87.0,84.0,0.0,0.0,90.0,80.0
0,0.0,27.0,0.0,0.0,0.0,80.0,85.0,0.0,83.0,0.0,78.0,90.0,68.0,94.0,79.0,0.0,0.0,83.0,50.0
0,0.0,30.0,80.0,1.0,3.0,80.0,87.0,0.0,81.0,0.0,77.0,77.0,66.0,87.0,75.0,0.0,0.0,89.0,60.0
0,0.0,23.0,65.0,0.0,2.0,80.0,80.0,0.0,76.0,0.0,71.0,90.0,86.0,81.0,74.0,0.0,0.0,90.0,78.0
0,0.0,28.0,0.0,0.0,0.0,80.0,78.0,0.0,79.0,0.0,78.0,90.0,75.0,92.0,79.0,0.0,0.0,84.0,53.0
0,0.0,28.0,0.0,0.0,0.0,80.0,79.0,0.0,75.0,0.0,85.0,86.0,76.0,87.0,86.0,0.0,0.0,92.0,60.0
0,0.0,27.0,0.0,0.0,0.0,80.0,77.0,0.0,76.0,0.0,82.0,88.0,79.0,88.0,81.0,0.0,0.0,83.0,45.0
0,0.0,28.0,18.0,0.0,0.0,79.0,78.0,0.0,74.0,0.0,73.0,97.0,78.0,87.0,73.0,0.0,0.0,95.0,45.0
0,0.0,26.0,45.0,0.0,0.0,79.0,84.0,0.0,83.0,0.0,85.0,78.0,66.0,88.0,87.0,0.0,0.0,73.0,54.0
0,0.0,23.0,27.0,0.0,0.0,79.0,79.0,0.0,72.0,0.0,70.0,90.0,80.0,91.0,75.0,0.0,0.0,93.0,26.0
0,0.0,26.0,37.0,0.0,0.0,79.0,81.0,0.0,73.0,0.0,74.0,88.0,75.0,90.0,77.0,0.0,0.0,85.0,68.0
0,0.0,24.0,28.0,0.0,0.0,79.0,74.0,0.0,83.0,0.0,71.0,82.0,75.0,87.0,72.0,0.0,0.0,77.0,65.0
0,0.0,23.0,41.0,0.0,1.0,79.0,88.0,0.0,90.0,0.0,69.0,88.0,67.0,92.0,70.0,0.0,0.0,86.0,60.0
0,0.0,30.0,0.0,0.0,0.0,78.0,75.0,0.0,69.0,0.0,78.0,81.0,78.0,79.0,80.0,0.0,0.0,85.0,15.0
0,0.0,30.0,27.0,0.0,0.0,78.0,78.0,0.0,85.0,0.0,79.0,84.0,69.0,89.0,77.0,0.0,0.0,83.0,60.0
0,0.0,27.0,18.0,0.0,0.0,78.0,81.0,0.0,84.0,0.0,77.0,87.0,75.0,88.0,78.0,0.0,0.0,81.0,35.0
0,0.0,28.0,0.0,0.0,0.0,78.0,83.0,0.0,81.0,0.0,78.0,84.0,78.0,89.0,78.0,0.0,0.0,77.0,45.0
0,0.0,28.0,0.0,0.0,0.0,78.0,81.0,0.0,74.0,0.0,77.0,86.0,80.0,86.0,77.0,0.0,0.0,89.0,40.0
0,0.0,25.0,30.0,0.0,0.0,78.0,83.0,0.0,68.0,0.0,75.0,91.0,83.0,88.0,76.0,0.0,0.0,91.0,65.0
0,0.0,31.0,56.0,0.0,3.0,78.0,83.0,0.0,84.0,0.0,87.0,80.0,65.0,89.0,92.0,0.0,0.0,82.0,66.0
0,0.0,32.0,52.0,0.0,1.0,78.0,73.0,0.0,71.0,0.0,88.0,80.0,82.0,80.0,79.0,0.0,0.0,67.0,20.0
0,0.0,32.0,0.0,0.0,0.0,78.0,73.0,0.0,71.0,0.0,88.0,80.0,82.0,80.0,79.0,0.0,0.0,67.0,20.0
0,0.0,25.0,22.0,0.0,0.0,78.0,80.0,0.0,75.0,0.0,71.0,77.0,74.0,87.0,69.0,0.0,0.0,81.0,10.0
0,0.0,22.0,0.0,0.0,0.0,77.0,74.0,0.0,74.0,0.0,71.0,89.0,87.0,85.0,67.0,0.0,0.0,95.0,45.0
0,0.0,24.0,57.0,0.0,3.0,77.0,82.0,0.0,86.0,0.0,66.0,80.0,77.0,78.0,64.0,0.0,0.0,82.0,10.0
0,0.0,27.0,7.0,0.0,0.0,77.0,79.0,0.0,75.0,0.0,74.0,79.0,73.0,85.0,71.0,0.0,0.0,71.0,25.0
0,0.0,26.0,18.0,0.0,0.0,77.0,78.0,0.0,75.0,0.0,81.0,85.0,66.0,90.0,89.0,0.0,0.0,75.0,66.0
0,0.0,25.0,17.0,0.0,0.0,77.0,75.0,0.0,73.0,0.0,75.0,91.0,87.0,87.0,75.0,0.0,0.0,79.0,40.0
0,0.0,25.0,0.0,0.0,0.0,77.0,75.0,0.0,73.0,0.0,75.0,91.0,87.0,87.0,75.0,0.0,0.0,79.0,40.0
0,0.0,27.0,24.0,0.0,0.0,77.0,84.0,0.0,83.0,0.0,78.0,78.0,73.0,89.0,75.0,0.0,0.0,88.0,45.0
0,0.0,28.0,7.0,0.0,0.0,77.0,85.0,0.0,84.0,0.0,75.0,68.0,68.0,88.0,73.0,0.0,0.0,84.0,45.0
0,0.0,30.0,0.0,0.0,0.0,77.0,73.0,0.0,76.0,0.0,81.0,87.0,74.0,89.0,87.0,0.0,0.0,79.0,30.0
0,0.0,21.0,52.0,0.0,0.0,77.0,83.0,0.0,87.0,0.0,64.0,79.0,72.0,93.0,67.0,0.0,0.0,89.0,79.0
0,0.0,24.0,29.0,0.0,0.0,77.0,72.0,0.0,69.0,0.0,76.0,79.0,88.0,83.0,73.0,0.0,0.0,86.0,16.0
0,0.0,27.0,9.0,0.0,0.0,77.0,77.0,0.0,74.0,0.0,75.0,77.0,66.0,76.0,73.0,0.0,0.0,79.0,35.0
0,0.0,25.0,0.0,0.0,0.0,77.0,78.0,0.0,76.0,0.0,76.0,76.0,73.0,85.0,74.0,0.0,0.0,84.0,16.0
0,0.0,23.0,49.0,0.0,0.0,77.0,84.0,0.0,73.0,0.0,64.0,82.0,74.0,88.0,64.0,0.0,0.0,85.0,30.0
0,0.0,26.0,49.0,0.0,0.0,76.0,80.0,0.0,76.0,0.0,79.0,86.0,75.0,88.0,75.0,0.0,0.0,93.0,48.0
0,0.0,29.0,17.0,0.0,0.0,76.0,83.0,0.0,79.0,0.0,70.0,76.0,68.0,86.0,67.0,0.0,0.0,80.0,45.0
0,0.0,22.0,24.0,0.0,0.0,76.0,87.0,0.0,88.0,0.0,60.0,80.0,75.0,91.0,64.0,0.0,0.0,78.0,65.0
0,0.0,26.0,15.0,0.0,0.0,76.0,79.0,0.0,74.0,0.0,74.0,75.0,67.0,85.0,72.0,0.0,0.0,86.0,40.0
0,0.0,25.0,25.0,0.0,0.0,76.0,78.0,0.0,76.0,0.0,74.0,88.0,85.0,83.0,74.0,0.0,0.0,88.0,40.0
0,0.0,25.0,59.0,0.0,1.0,76.0,80.0,0.0,74.0,0.0,72.0,77.0,78.0,84.0,65.0,0.0,0.0,88.0,20.0
0,0.0,27.0,16.0,0.0,0.0,76.0,83.0,0.0,79.0,0.0,75.0,81.0,71.0,84.0,72.0,0.0,0.0,82.0,65.0
0,0.0,27.0,13.0,0.0,0.0,76.0,74.0,0.0,74.0,0.0,82.0,86.0,73.0,86.0,89.0,0.0,0.0,78.0,50.0
0,0.0,23.0,13.0,0.0,0.0,76.0,85.0,0.0,83.0,0.0,74.0,80.0,64.0,92.0,67.0,0.0,0.0,74.0,55.0
0,0.0,23.0,22.0,0.0,0.0,76.0,86.0,0.0,73.0,0.0,61.0,81.0,81.0,78.0,68.0,0.0,0.0,86.0,24.0
0,0.0,23.0,17.0,0.0,0.0,76.0,77.0,0.0,80.0,0.0,62.0,81.0,72.0,88.0,73.0,0.0,0.0,86.0,48.0
0,0.0,24.0,40.0,0.0,0.0,75.0,77.0,0.0,80.0,0.0,74.0,86.0,72.0,92.0,76.0,0.0,0.0,77.0,45.0
0,0.0,28.0,21.0,0.0,0.0,75.0,73.0,0.0,72.0,0.0,74.0,90.0,84.0,81.0,75.0,0.0,0.0,87.0,40.0
0,0.0,32.0,61.0,0.0,0.0,75.0,77.0,0.0,74.0,0.0,84.0,78.0,73.0,77.0,80.0,0.0,0.0,75.0,60.0
0,0.0,23.0,17.0,0.0,0.0,75.0,80.0,0.0,83.0,0.0,68.0,84.0,80.0,79.0,59.0,0.0,0.0,86.0,20.0
0,0.0,26.0,13.0,0.0,0.0,75.0,80.0,0.0,83.0,0.0,79.0,85.0,73.0,88.0,83.0,0.0,0.0,70.0,45.0
0,0.0,31.0,0.0,0.0,0.0,75.0,76.0,0.0,74.0,0.0,77.0,82.0,71.0,88.0,82.0,0.0,0.0,74.0,50.0
0,0.0,33.0,62.0,0.0,0.0,75.0,73.0,0.0,76.0,0.0,77.0,82.0,79.0,84.0,78.0,0.0,0.0,85.0,54.0
0,0.0,25.0,5.0,0.0,0.0,74.0,83.0,0.0,77.0,0.0,71.0,72.0,71.0,85.0,66.0,0.0,0.0,75.0,20.0
0,0.0,24.0,30.0,0.0,0.0,74.0,82.0,0.0,74.0,0.0,69.0,74.0,74.0,85.0,73.0,0.0,0.0,79.0,35.0
0,0.0,22.0,20.0,0.0,0.0,74.0,77.0,0.0,79.0,0.0,66.0,88.0,80.0,89.0,75.0,0.0,0.0,85.0,56.0
0,0.0,28.0,37.0,0.0,0.0,74.0,76.0,0.0,72.0,0.0,74.0,75.0,74.0,79.0,72.0,0.0,0.0,82.0,40.0
0,0.0,27.0,0.0,0.0,0.0,74.0,82.0,0.0,79.0,0.0,69.0,84.0,75.0,92.0,74.0,0.0,0.0,78.0,65.0
0,0.0,23.0,10.0,0.0,0.0,74.0,75.0,0.0,72.0,0.0,63.0,81.0,78.0,90.0,72.0,0.0,0.0,84.0,50.0
0,0.0,26.0,30.0,0.0,0.0,74.0,84.0,0.0,86.0,0.0,73.0,78.0,67.0,90.0,72.0,0.0,0.0,83.0,55.0
0,0.0,27.0,0.0,0.0,0.0,74.0,79.0,0.0,86.0,0.0,74.0,80.0,65.0,90.0,74.0,0.0,0.0,87.0,70.0
0,0.0,23.0,3.0,0.0,0.0,74.0,82.0,0.0,87.0,0.0,62.0,87.0,75.0,88.0,75.0,0.0,0.0,78.0,65.0
0,0.0,25.0,11.0,0.0,0.0,74.0,84.0,0.0,78.0,0.0,75.0,83.0,69.0,92.0,81.0,0.0,0.0,69.0,60.0
0,0.0,30.0,21.0,0.0,0.0,73.0,80.0,0.0,77.0,0.0,77.0,70.0,66.0,82.0,75.0,0.0,0.0,63.0,10.0
0,0.0,23.0,44.0,0.0,0.0,73.0,84.0,0.0,83.0,0.0,67.0,86.0,75.0,92.0,65.0,0.0,0.0,90.0,49.0
0,0.0,32.0,34.0,0.0,0.0,73.0,79.0,0.0,77.0,0.0,76.0,69.0,66.0,74.0,75.0,0.0,0.0,86.0,29.0
0,0.0,25.0,0.0,0.0,0.0,73.0,78.0,0.0,82.0,0.0,74.0,86.0,73.0,84.0,73.0,0.0,0.0,78.0,55.0
0,0.0,26.0,0.0,0.0,0.0,73.0,87.0,0.0,85.0,0.0,73.0,76.0,67.0,85.0,76.0,0.0,0.0,74.0,64.0
0,0.0,24.0,5.0,0.0,0.0,73.0,76.0,0.0,79.0,0.0,69.0,85.0,75.0,85.0,76.0,0.0,0.0,78.0,55.0
0,0.0,26.0,20.0,0.0,0.0,73.0,82.0,0.0,82.0,0.0,76.0,87.0,65.0,88.0,76.0,0.0,0.0,83.0,55.0
0,0.0,29.0,0.0,0.0,0.0,73.0,75.0,0.0,73.0,0.0,70.0,71.0,72.0,85.0,74.0,0.0,0.0,74.0,40.0
0,0.0,25.0,10.0,0.0,0.0,73.0,77.0,0.0,79.0,0.0,72.0,82.0,84.0,81.0,69.0,0.0,0.0,92.0,45.0
0,0.0,28.0,18.0,0.0,0.0,73.0,79.0,0.0,80.0,0.0,75.0,85.0,69.0,87.0,81.0,0.0,0.0,87.0,40.0
0,0.0,25.0,68.0,0.0,0.0,72.0,85.0,0.0,83.0,0.0,70.0,74.0,67.0,83.0,68.0,0.0,0.0,66.0,45.0
0,0.0,29.0,19.0,0.0,0.0,72.0,75.0,0.0,76.0,0.0,75.0,79.0,64.0,85.0,78.0,0.0,0.0,75.0,42.0
0,0.0,29.0,11.0,0.0,0.0,72.0,83.0,0.0,86.0,0.0,75.0,79.0,64.0,85.0,74.0,0.0,0.0,76.0,45.0
0,0.0,23.0,38.0,0.0,0.0,72.0,90.0,0.0,78.0,0.0,72.0,78.0,64.0,88.0,70.0,0.0,0.0,88.0,53.0
0,0.0,29.0,0.0,0.0,0.0,72.0,83.0,0.0,82.0,0.0,72.0,80.0,67.0,87.0,65.0,0.0,0.0,72.0,45.0
0,0.0,30.0,19.0,0.0,0.0,72.0,78.0,0.0,73.0,0.0,74.0,83.0,76.0,79.0,74.0,0.0,0.0,86.0,35.0
0,0.0,24.0,3.0,0.0,0.0,71.0,79.0,0.0,85.0,0.0,59.0,85.0,66.0,78.0,74.0,0.0,0.0,73.0,65.0
0,0.0,22.0,27.0,0.0,0.0,71.0,80.0,0.0,79.0,0.0,63.0,87.0,75.0,85.0,73.0,0.0,0.0,78.0,65.0
0,0.0,28.0,0.0,0.0,0.0,71.0,84.0,0.0,83.0,0.0,76.0,78.0,66.0,86.0,75.0,0.0,0.0,78.0,40.0
0,0.0,28.0,29.0,0.0,0.0,71.0,85.0,0.0,84.0,0.0,69.0,77.0,66.0,78.0,47.0,0.0,0.0,85.0,67.0
0,0.0,24.0,101.0,1.0,2.0,71.0,87.0,0.0,88.0,0.0,67.0,78.0,65.0,91.0,67.0,0.0,0.0,87.0,40.0
0,0.0,32.0,8.0,0.0,0.0,71.0,70.0,0.0,82.0,0.0,74.0,82.0,65.0,83.0,73.0,0.0,0.0,70.0,24.0
0,0.0,23.0,14.0,0.0,0.0,71.0,82.0,0.0,81.0,0.0,54.0,77.0,67.0,85.0,69.0,0.0,0.0,75.0,76.0
0,0.0,27.0,11.0,0.0,0.0,71.0,81.0,0.0,77.0,0.0,73.0,77.0,76.0,85.0,76.0,0.0,0.0,79.0,50.0
0,0.0,22.0,0.0,0.0,0.0,70.0,78.0,0.0,86.0,0.0,60.0,77.0,63.0,81.0,69.0,0.0,0.0,65.0,78.0
0,0.0,26.0,22.0,0.0,0.0,70.0,82.0,0.0,72.0,0.0,62.0,77.0,80.0,85.0,70.0,0.0,0.0,91.0,50.0
0,0.0,23.0,33.0,0.0,0.0,70.0,77.0,0.0,82.0,0.0,58.0,85.0,76.0,89.0,73.0,0.0,0.0,78.0,55.0
0,0.0,25.0,11.0,0.0,0.0,70.0,86.0,0.0,85.0,0.0,60.0,79.0,64.0,87.0,62.0,0.0,0.0,65.0,55.0
0,0.0,26.0,0.0,0.0,0.0,70.0,77.0,0.0,75.0,0.0,73.0,84.0,77.0,84.0,73.0,0.0,0.0,76.0,45.0
0,0.0,26.0,0.0,0.0,0.0,70.0,77.0,0.0,75.0,0.0,73.0,84.0,77.0,84.0,73.0,0.0,0.0,76.0,45.0
0,0.0,26.0,0.0,0.0,0.0,70.0,81.0,0.0,75.0,0.0,71.0,78.0,65.0,83.0,70.0,0.0,0.0,67.0,50.0
0,0.0,27.0,5.0,0.0,0.0,70.0,76.0,0.0,70.0,0.0,71.0,86.0,80.0,72.0,86.0,0.0,0.0,70.0,55.0
0,0.0,27.0,3.0,0.0,0.0,70.0,76.0,0.0,70.0,0.0,71.0,86.0,80.0,72.0,86.0,0.0,0.0,70.0,55.0
0,0.0,26.0,13.0,0.0,0.0,70.0,86.0,0.0,81.0,0.0,69.0,79.0,69.0,85.0,79.0,0.0,0.0,76.0,50.0
0,0.0,24.0,0.0,0.0,0.0,70.0,73.0,0.0,81.0,0.0,65.0,80.0,70.0,83.0,64.0,0.0,0.0,70.0,55.0
0,0.0,26.0,0.0,0.0,0.0,70.0,79.0,0.0,76.0,0.0,73.0,80.0,70.0,84.0,75.0,0.0,0.0,72.0,10.0
0,0.0,25.0,14.0,0.0,0.0,70.0,83.0,0.0,75.0,0.0,66.0,78.0,70.0,79.0,63.0,0.0,0.0,74.0,54.0
0,0.0,24.0,2.0,0.0,0.0,70.0,87.0,0.0,74.0,0.0,66.0,73.0,69.0,71.0,66.0,0.0,0.0,86.0,78.0
0,0.0,30.0,10.0,0.0,0.0,70.0,79.0,0.0,82.0,0.0,74.0,79.0,68.0,87.0,78.0,0.0,0.0,59.0,50.0
0,0.0,22.0,18.0,0.0,0.0,70.0,77.0,0.0,85.0,0.0,63.0,80.0,64.0,77.0,73.0,0.0,0.0,83.0,65.0
0,0.0,29.0,0.0,0.0,0.0,69.0,77.0,0.0,75.0,0.0,73.0,81.0,75.0,84.0,69.0,0.0,0.0,66.0,50.0
0,0.0,25.0,0.0,0.0,0.0,69.0,77.0,0.0,86.0,0.0,64.0,87.0,66.0,83.0,64.0,0.0,0.0,85.0,60.0
0,0.0,29.0,0.0,0.0,0.0,69.0,85.0,0.0,82.0,0.0,69.0,74.0,67.0,81.0,71.0,0.0,0.0,69.0,68.0
0,0.0,23.0,58.0,0.0,1.0,69.0,83.0,0.0,78.0,0.0,55.0,84.0,68.0,77.0,52.0,0.0,0.0,84.0,45.0
0,0.0,23.0,0.0,0.0,0.0,69.0,83.0,0.0,73.0,0.0,55.0,82.0,68.0,84.0,73.0,0.0,0.0,79.0,60.0
0,0.0,23.0,0.0,0.0,0.0,69.0,83.0,0.0,73.0,0.0,55.0,82.0,68.0,84.0,73.0,0.0,0.0,79.0,60.0
0,0.0,23.0,34.0,0.0,0.0,69.0,83.0,0.0,73.0,0.0,55.0,82.0,68.0,84.0,73.0,0.0,0.0,79.0,60.0
0,0.0,27.0,0.0,0.0,0.0,69.0,79.0,0.0,75.0,0.0,71.0,79.0,71.0,82.0,70.0,0.0,0.0,80.0,55.0
0,0.0,28.0,30.0,0.0,0.0,69.0,78.0,0.0,73.0,0.0,73.0,73.0,64.0,84.0,67.0,0.0,0.0,65.0,15.0
0,0.0,24.0,0.0,0.0,0.0,69.0,72.0,0.0,73.0,0.0,56.0,82.0,69.0,74.0,73.0,0.0,0.0,67.0,55.0
0,0.0,25.0,6.0,0.0,0.0,69.0,82.0,0.0,82.0,0.0,69.0,83.0,67.0,89.0,72.0,0.0,0.0,75.0,55.0
0,0.0,29.0,6.0,0.0,0.0,69.0,79.0,0.0,83.0,0.0,68.0,71.0,72.0,86.0,56.0,0.0,0.0,73.0,55.0
0,0.0,28.0,12.0,0.0,0.0,69.0,78.0,0.0,79.0,0.0,72.0,75.0,68.0,86.0,59.0,0.0,0.0,79.0,40.0
0,0.0,23.0,47.0,0.0,0.0,68.0,79.0,0.0,74.0,0.0,56.0,83.0,67.0,76.0,73.0,0.0,0.0,75.0,40.0
0,0.0,22.0,29.0,0.0,0.0,68.0,73.0,0.0,71.0,0.0,60.0,79.0,80.0,73.0,63.0,0.0,0.0,83.0,44.0
0,0.0,28.0,0.0,0.0,0.0,68.0,75.0,0.0,74.0,0.0,73.0,81.0,71.0,87.0,68.0,0.0,0.0,72.0,50.0
0,0.0,27.0,0.0,0.0,0.0,68.0,74.0,0.0,75.0,0.0,74.0,81.0,72.0,79.0,76.0,0.0,0.0,72.0,45.0
0,0.0,22.0,4.0,0.0,0.0,68.0,85.0,0.0,72.0,0.0,54.0,74.0,69.0,87.0,54.0,0.0,0.0,90.0,50.0
0,0.0,27.0,4.0,0.0,0.0,68.0,86.0,0.0,81.0,0.0,64.0,72.0,63.0,82.0,65.0,0.0,0.0,74.0,50.0
0,0.0,24.0,6.0,0.0,0.0,68.0,84.0,0.0,86.0,0.0,73.0,72.0,65.0,88.0,72.0,0.0,0.0,78.0,35.0
0,0.0,26.0,0.0,0.0,0.0,68.0,79.0,0.0,75.0,0.0,70.0,76.0,65.0,76.0,65.0,0.0,0.0,76.0,40.0
0,0.0,22.0,0.0,0.0,0.0,67.0,83.0,0.0,77.0,0.0,54.0,83.0,72.0,83.0,70.0,0.0,0.0,85.0,60.0
0,0.0,24.0,11.0,0.0,0.0,67.0,81.0,0.0,85.0,0.0,60.0,79.0,75.0,81.0,64.0,0.0,0.0,85.0,60.0
0,0.0,29.0,0.0,0.0,1.0,67.0,75.0,0.0,82.0,0.0,69.0,77.0,66.0,85.0,67.0,0.0,0.0,77.0,45.0
0,0.0,29.0,1.0,0.0,0.0,67.0,75.0,0.0,82.0,0.0,69.0,77.0,66.0,85.0,67.0,0.0,0.0,77.0,45.0
0,0.0,28.0,0.0,0.0,0.0,67.0,76.0,0.0,74.0,0.0,67.0,79.0,67.0,76.0,66.0,0.0,0.0,78.0,59.0
0,0.0,26.0,0.0,0.0,0.0,67.0,76.0,0.0,81.0,0.0,70.0,76.0,68.0,87.0,70.0,0.0,0.0,79.0,45.0
0,0.0,22.0,37.0,0.0,0.0,67.0,82.0,0.0,74.0,0.0,57.0,82.0,69.0,74.0,75.0,0.0,0.0,73.0,55.0
0,0.0,26.0,3.0,0.0,0.0,67.0,79.0,0.0,77.0,0.0,64.0,76.0,64.0,85.0,65.0,0.0,0.0,76.0,50.0
0,0.0,23.0,0.0,0.0,0.0,67.0,82.0,0.0,83.0,0.0,54.0,74.0,60.0,77.0,64.0,0.0,0.0,74.0,52.0
0,0.0,24.0,32.0,0.0,0.0,67.0,86.0,0.0,83.0,0.0,65.0,76.0,64.0,79.0,64.0,0.0,0.0,72.0,55.0
0,0.0,27.0,0.0,0.0,0.0,67.0,77.0,0.0,74.0,0.0,68.0,78.0,68.0,78.0,56.0,0.0,0.0,70.0,35.0
0,0.0,24.0,7.0,0.0,0.0,67.0,74.0,0.0,70.0,0.0,66.0,81.0,70.0,76.0,75.0,0.0,0.0,82.0,39.0
0,0.0,25.0,0.0,0.0,0.0,66.0,75.0,0.0,82.0,0.0,51.0,89.0,68.0,78.0,76.0,0.0,0.0,68.0,40.0
0,0.0,25.0,0.0,0.0,0.0,66.0,80.0,0.0,75.0,0.0,64.0,74.0,67.0,82.0,61.0,0.0,0.0,63.0,45.0
0,0.0,25.0,9.0,0.0,0.0,66.0,77.0,0.0,73.0,0.0,52.0,79.0,84.0,69.0,75.0,0.0,0.0,88.0,60.0
0,0.0,24.0,5.0,0.0,0.0,66.0,82.0,0.0,80.0,0.0,66.0,83.0,68.0,89.0,66.0,0.0,0.0,77.0,52.0
0,0.0,23.0,0.0,0.0,0.0,66.0,80.0,0.0,76.0,0.0,61.0,84.0,67.0,79.0,71.0,0.0,0.0,77.0,60.0
0,0.0,25.0,0.0,0.0,0.0,66.0,77.0,0.0,74.0,0.0,68.0,78.0,69.0,81.0,67.0,0.0,0.0,72.0,45.0
0,0.0,24.0,0.0,0.0,0.0,66.0,74.0,0.0,72.0,0.0,65.0,76.0,69.0,77.0,64.0,0.0,0.0,74.0,14.0
0,0.0,28.0,0.0,0.0,0.0,66.0,78.0,0.0,75.0,0.0,58.0,77.0,69.0,77.0,64.0,0.0,0.0,78.0,42.0
0,0.0,27.0,5.0,0.0,0.0,66.0,84.0,0.0,78.0,0.0,68.0,67.0,67.0,78.0,52.0,0.0,0.0,66.0,30.0
0,0.0,21.0,15.0,0.0,0.0,66.0,82.0,0.0,87.0,0.0,53.0,83.0,67.0,73.0,67.0,0.0,0.0,88.0,50.0
0,0.0,26.0,5.0,0.0,0.0,66.0,76.0,0.0,75.0,0.0,71.0,77.0,72.0,81.0,70.0,0.0,0.0,72.0,42.0
0,0.0,21.0,0.0,0.0,0.0,66.0,77.0,0.0,75.0,0.0,49.0,79.0,69.0,83.0,66.0,0.0,0.0,79.0,50.0
0,0.0,24.0,1.0,0.0,0.0,66.0,84.0,0.0,71.0,0.0,49.0,73.0,78.0,77.0,54.0,0.0,0.0,79.0,46.0
0,0.0,25.0,0.0,0.0,0.0,66.0,74.0,0.0,73.0,0.0,67.0,82.0,67.0,82.0,76.0,0.0,0.0,86.0,40.0
0,0.0,25.0,0.0,0.0,0.0,66.0,79.0,0.0,82.0,0.0,63.0,77.0,65.0,81.0,60.0,0.0,0.0,67.0,55.0
0,0.0,23.0,41.0,0.0,0.0,66.0,81.0,0.0,75.0,0.0,59.0,78.0,66.0,72.0,65.0,0.0,0.0,75.0,65.0
0,0.0,25.0,4.0,0.0,0.0,66.0,74.0,0.0,73.0,0.0,60.0,85.0,68.0,83.0,74.0,0.0,0.0,72.0,45.0
0,0.0,24.0,2.0,0.0,0.0,66.0,82.0,0.0,76.0,0.0,66.0,76.0,63.0,84.0,55.0,0.0,0.0,85.0,40.0
0,0.0,26.0,3.0,0.0,0.0,66.0,74.0,0.0,74.0,0.0,72.0,82.0,72.0,80.0,67.0,0.0,0.0,79.0,50.0
0,0.0,26.0,2.0,0.0,0.0,66.0,82.0,0.0,79.0,0.0,55.0,72.0,65.0,86.0,64.0,0.0,0.0,83.0,45.0
0,0.0,26.0,0.0,0.0,0.0,66.0,82.0,0.0,78.0,0.0,55.0,74.0,73.0,78.0,56.0,0.0,0.0,85.0,45.0
0,0.0,29.0,7.0,0.0,0.0,66.0,74.0,0.0,84.0,0.0,74.0,78.0,69.0,75.0,68.0,0.0,0.0,75.0,45.0
0,0.0,23.0,13.0,0.0,0.0,66.0,79.0,0.0,88.0,0.0,59.0,74.0,60.0,85.0,82.0,0.0,0.0,81.0,55.0
0,0.0,23.0,0.0,0.0,0.0,66.0,76.0,0.0,73.0,0.0,54.0,84.0,74.0,88.0,48.0,0.0,0.0,88.0,12.0
0,0.0,23.0,0.0,0.0,0.0,66.0,76.0,0.0,73.0,0.0,54.0,84.0,74.0,88.0,48.0,0.0,0.0,88.0,12.0
0,0.0,23.0,0.0,0.0,0.0,66.0,76.0,0.0,73.0,0.0,54.0,84.0,74.0,88.0,48.0,0.0,0.0,88.0,12.0
0,0.0,24.0,3.0,0.0,0.0,66.0,75.0,0.0,74.0,0.0,65.0,84.0,61.0,80.0,78.0,0.0,0.0,71.0,65.0
0,0.0,24.0,16.0,0.0,0.0,66.0,75.0,0.0,74.0,0.0,65.0,84.0,61.0,80.0,78.0,0.0,0.0,71.0,65.0
0,0.0,24.0,9.0,0.0,0.0,66.0,75.0,0.0,74.0,0.0,65.0,84.0,61.0,80.0,78.0,0.0,0.0,71.0,65.0
0,0.0,24.0,3.0,0.0,0.0,66.0,75.0,0.0,74.0,0.0,65.0,84.0,61.0,80.0,78.0,0.0,0.0,71.0,65.0
0,0.0,23.0,6.0,0.0,0.0,66.0,77.0,0.0,72.0,0.0,63.0,85.0,76.0,77.0,73.0,0.0,0.0,64.0,45.0
0,0.0,28.0,0.0,0.0,0.0,65.0,78.0,0.0,74.0,0.0,63.0,72.0,65.0,75.0,65.0,0.0,0.0,74.0,45.0
0,0.0,28.0,0.0,0.0,0.0,65.0,78.0,0.0,74.0,0.0,63.0,72.0,65.0,75.0,65.0,0.0,0.0,74.0,45.0
0,0.0,23.0,3.0,0.0,0.0,65.0,77.0,0.0,75.0,0.0,54.0,88.0,86.0,83.0,48.0,0.0,0.0,81.0,65.0
0,0.0,22.0,2.0,0.0,0.0,65.0,73.0,0.0,69.0,0.0,66.0,84.0,75.0,77.0,72.0,0.0,0.0,62.0,56.0
0,0.0,27.0,0.0,0.0,0.0,65.0,74.0,0.0,66.0,0.0,66.0,75.0,75.0,85.0,69.0,0.0,0.0,70.0,25.0
0,0.0,23.0,2.0,0.0,0.0,65.0,79.0,0.0,85.0,0.0,52.0,75.0,62.0,73.0,74.0,0.0,0.0,75.0,80.0
0,0.0,23.0,5.0,0.0,0.0,65.0,73.0,0.0,77.0,0.0,55.0,78.0,82.0,72.0,51.0,0.0,0.0,82.0,24.0
0,0.0,22.0,0.0,0.0,0.0,65.0,85.0,0.0,88.0,0.0,62.0,73.0,66.0,74.0,47.0,0.0,0.0,77.0,55.0
0,0.0,23.0,83.0,1.0,6.0,65.0,80.0,0.0,78.0,0.0,61.0,74.0,70.0,72.0,64.0,0.0,0.0,77.0,40.0
0,0.0,23.0,30.0,0.0,0.0,65.0,80.0,0.0,78.0,0.0,61.0,74.0,70.0,72.0,64.0,0.0,0.0,77.0,40.0
0,0.0,24.0,0.0,0.0,0.0,65.0,73.0,0.0,72.0,0.0,66.0,84.0,74.0,73.0,72.0,0.0,0.0,70.0,50.0
0,0.0,26.0,1.0,0.0,0.0,65.0,84.0,0.0,82.0,0.0,64.0,60.0,64.0,85.0,52.0,0.0,0.0,79.0,30.0
0,0.0,28.0,0.0,0.0,0.0,65.0,75.0,0.0,76.0,0.0,70.0,80.0,65.0,77.0,66.0,0.0,0.0,74.0,32.0
0,0.0,24.0,0.0,0.0,0.0,65.0,77.0,0.0,80.0,0.0,55.0,73.0,67.0,79.0,52.0,0.0,0.0,80.0,47.0
0,0.0,25.0,1.0,0.0,0.0,65.0,73.0,0.0,71.0,0.0,72.0,83.0,65.0,82.0,78.0,0.0,0.0,66.0,40.0
0,0.0,23.0,0.0,0.0,0.0,65.0,75.0,0.0,73.0,0.0,56.0,83.0,67.0,88.0,70.0,0.0,0.0,73.0,54.0
0,0.0,24.0,0.0,0.0,0.0,65.0,71.0,0.0,75.0,0.0,64.0,80.0,73.0,85.0,64.0,0.0,0.0,77.0,50.0
0,0.0,26.0,0.0,0.0,0.0,65.0,74.0,0.0,72.0,0.0,68.0,85.0,81.0,87.0,55.0,0.0,0.0,66.0,65.0
0,0.0,23.0,4.0,0.0,0.0,65.0,90.0,0.0,87.0,0.0,51.0,69.0,63.0,74.0,51.0,0.0,0.0,87.0,50.0
0,0.0,27.0,1.0,0.0,0.0,65.0,83.0,0.0,84.0,0.0,69.0,79.0,61.0,83.0,69.0,0.0,0.0,76.0,60.0
0,0.0,25.0,43.0,0.0,1.0,64.0,80.0,0.0,85.0,0.0,60.0,76.0,70.0,85.0,52.0,0.0,0.0,72.0,55.0
0,0.0,25.0,2.0,0.0,0.0,64.0,80.0,0.0,85.0,0.0,60.0,76.0,70.0,85.0,52.0,0.0,0.0,72.0,55.0
0,0.0,25.0,12.0,0.0,0.0,64.0,80.0,0.0,85.0,0.0,60.0,76.0,70.0,85.0,52.0,0.0,0.0,72.0,55.0
0,0.0,24.0,0.0,0.0,0.0,64.0,82.0,0.0,80.0,0.0,50.0,73.0,68.0,75.0,51.0,0.0,0.0,74.0,45.0
0,0.0,24.0,9.0,0.0,0.0,64.0,82.0,0.0,78.0,0.0,64.0,75.0,71.0,84.0,63.0,0.0,0.0,77.0,50.0
0,0.0,26.0,0.0,0.0,0.0,64.0,82.0,0.0,68.0,0.0,55.0,81.0,90.0,73.0,70.0,0.0,0.0,72.0,55.0
0,0.0,23.0,0.0,0.0,0.0,64.0,76.0,0.0,85.0,0.0,64.0,79.0,66.0,74.0,63.0,0.0,0.0,85.0,72.0
0,0.0,26.0,1.0,0.0,0.0,64.0,77.0,0.0,82.0,0.0,68.0,78.0,63.0,71.0,87.0,0.0,0.0,58.0,70.0
0,0.0,23.0,0.0,0.0,0.0,64.0,74.0,0.0,81.0,0.0,49.0,74.0,69.0,79.0,49.0,0.0,0.0,75.0,40.0
0,0.0,23.0,0.0,0.0,0.0,64.0,78.0,0.0,72.0,0.0,50.0,79.0,85.0,74.0,71.0,0.0,0.0,72.0,50.0
0,0.0,26.0,0.0,0.0,0.0,64.0,79.0,0.0,80.0,0.0,69.0,75.0,67.0,84.0,66.0,0.0,0.0,74.0,70.0
0,0.0,25.0,30.0,0.0,0.0,64.0,77.0,0.0,78.0,0.0,65.0,78.0,64.0,74.0,54.0,0.0,0.0,74.0,60.0
0,0.0,25.0,0.0,0.0,0.0,64.0,77.0,0.0,78.0,0.0,65.0,78.0,64.0,74.0,54.0,0.0,0.0,74.0,60.0
0,0.0,25.0,0.0,0.0,0.0,64.0,77.0,0.0,78.0,0.0,65.0,78.0,64.0,74.0,54.0,0.0,0.0,74.0,60.0
0,0.0,24.0,18.0,0.0,0.0,64.0,82.0,0.0,73.0,0.0,53.0,73.0,73.0,74.0,72.0,0.0,0.0,60.0,45.0
0,0.0,24.0,6.0,0.0,0.0,64.0,82.0,0.0,73.0,0.0,53.0,73.0,73.0,74.0,72.0,0.0,0.0,60.0,45.0
0,0.0,22.0,5.0,0.0,0.0,63.0,79.0,0.0,78.0,0.0,48.0,78.0,75.0,69.0,44.0,0.0,0.0,86.0,55.0
0,0.0,26.0,0.0,0.0,0.0,63.0,89.0,0.0,83.0,0.0,62.0,75.0,66.0,73.0,59.0,0.0,0.0,85.0,49.0
0,0.0,25.0,0.0,0.0,0.0,63.0,73.0,0.0,71.0,0.0,60.0,74.0,69.0,75.0,62.0,0.0,0.0,72.0,40.0
0,0.0,25.0,1.0,0.0,0.0,63.0,74.0,0.0,76.0,0.0,62.0,75.0,85.0,88.0,55.0,0.0,0.0,55.0,65.0
0,0.0,23.0,9.0,0.0,0.0,63.0,79.0,0.0,74.0,0.0,52.0,77.0,64.0,74.0,49.0,0.0,0.0,77.0,20.0
0,0.0,25.0,0.0,0.0,0.0,63.0,83.0,0.0,75.0,0.0,68.0,79.0,70.0,74.0,56.0,0.0,0.0,71.0,54.0
0,0.0,27.0,0.0,0.0,0.0,63.0,74.0,0.0,73.0,0.0,70.0,77.0,66.0,74.0,69.0,0.0,0.0,75.0,49.0
0,0.0,26.0,1.0,0.0,0.0,63.0,77.0,0.0,74.0,0.0,68.0,77.0,66.0,79.0,66.0,0.0,0.0,76.0,50.0
0,0.0,22.0,0.0,0.0,0.0,63.0,86.0,0.0,75.0,0.0,43.0,81.0,65.0,74.0,49.0,0.0,0.0,71.0,40.0
0,0.0,26.0,0.0,0.0,0.0,62.0,79.0,0.0,75.0,0.0,63.0,70.0,65.0,74.0,44.0,0.0,0.0,76.0,35.0
0,0.0,24.0,0.0,0.0,0.0,62.0,82.0,0.0,75.0,0.0,48.0,68.0,62.0,74.0,55.0,0.0,0.0,88.0,45.0
0,0.0,24.0,0.0,0.0,0.0,62.0,73.0,0.0,74.0,0.0,65.0,77.0,69.0,79.0,59.0,0.0,0.0,79.0,59.0
0,0.0,24.0,0.0,0.0,0.0,62.0,81.0,0.0,75.0,0.0,61.0,69.0,62.0,82.0,46.0,0.0,0.0,72.0,45.0
0,0.0,24.0,10.0,0.0,0.0,62.0,74.0,0.0,74.0,0.0,68.0,78.0,65.0,80.0,64.0,0.0,0.0,75.0,55.0
0,0.0,26.0,0.0,0.0,0.0,62.0,78.0,0.0,82.0,0.0,65.0,77.0,66.0,73.0,66.0,0.0,0.0,74.0,48.0
0,0.0,25.0,0.0,0.0,0.0,62.0,73.0,0.0,71.0,0.0,59.0,81.0,63.0,84.0,40.0,0.0,0.0,74.0,40.0
0,0.0,25.0,0.0,0.0,0.0,62.0,84.0,0.0,80.0,0.0,64.0,74.0,60.0,76.0,55.0,0.0,0.0,69.0,40.0
0,0.0,24.0,2.0,0.0,0.0,61.0,75.0,0.0,78.0,0.0,60.0,77.0,68.0,77.0,62.0,0.0,0.0,67.0,54.0
0,0.0,24.0,0.0,0.0,0.0,61.0,75.0,0.0,78.0,0.0,60.0,77.0,68.0,77.0,62.0,0.0,0.0,67.0,54.0
0,0.0,24.0,0.0,0.0,0.0,61.0,81.0,0.0,72.0,0.0,55.0,75.0,79.0,84.0,48.0,0.0,0.0,72.0,55.0
0,0.0,24.0,0.0,0.0,0.0,61.0,81.0,0.0,72.0,0.0,55.0,75.0,79.0,84.0,48.0,0.0,0.0,72.0,55.0
0,0.0,24.0,0.0,0.0,0.0,61.0,81.0,0.0,72.0,0.0,55.0,75.0,79.0,84.0,48.0,0.0,0.0,72.0,55.0
0,0.0,24.0,3.0,0.0,0.0,61.0,81.0,0.0,72.0,0.0,55.0,75.0,79.0,84.0,48.0,0.0,0.0,72.0,55.0
0,0.0,23.0,0.0,0.0,0.0,61.0,81.0,0.0,85.0,0.0,52.0,76.0,65.0,87.0,39.0,0.0,0.0,87.0,50.0
0,0.0,23.0,0.0,0.0,0.0,61.0,74.0,0.0,75.0,0.0,45.0,77.0,76.0,83.0,64.0,0.0,0.0,72.0,74.0
0,0.0,22.0,4.0,0.0,0.0,61.0,76.0,0.0,77.0,0.0,49.0,82.0,82.0,68.0,51.0,0.0,0.0,87.0,54.0
0,0.0,23.0,0.0,0.0,0.0,61.0,82.0,0.0,88.0,0.0,52.0,73.0,63.0,75.0,52.0,0.0,0.0,72.0,55.0
0,0.0,22.0,48.0,0.0,1.0,61.0,81.0,0.0,83.0,0.0,53.0,75.0,68.0,79.0,53.0,0.0,0.0,66.0,77.0
0,0.0,22.0,0.0,0.0,0.0,61.0,81.0,0.0,83.0,0.0,53.0,75.0,68.0,79.0,53.0,0.0,0.0,66.0,77.0
0,0.0,24.0,11.0,0.0,0.0,61.0,87.0,0.0,88.0,0.0,51.0,73.0,64.0,73.0,41.0,0.0,0.0,73.0,66.0
0,0.0,25.0,1.0,0.0,0.0,61.0,85.0,0.0,84.0,0.0,49.0,76.0,72.0,71.0,55.0,0.0,0.0,71.0,69.0
0,0.0,23.0,1.0,0.0,0.0,61.0,80.0,0.0,75.0,0.0,50.0,81.0,79.0,76.0,54.0,0.0,0.0,88.0,70.0
0,0.0,23.0,35.0,0.0,0.0,61.0,80.0,0.0,75.0,0.0,50.0,81.0,79.0,76.0,54.0,0.0,0.0,88.0,70.0
0,0.0,25.0,4.0,0.0,0.0,61.0,76.0,0.0,78.0,0.0,64.0,74.0,66.0,78.0,71.0,0.0,0.0,76.0,50.0
0,0.0,25.0,0.0,0.0,0.0,60.0,74.0,0.0,70.0,0.0,56.0,82.0,72.0,58.0,68.0,0.0,0.0,69.0,45.0
0,0.0,25.0,0.0,0.0,0.0,60.0,75.0,0.0,69.0,0.0,59.0,75.0,66.0,81.0,69.0,0.0,0.0,74.0,45.0
0,0.0,25.0,0.0,0.0,0.0,60.0,78.0,0.0,71.0,0.0,61.0,71.0,68.0,76.0,53.0,0.0,0.0,75.0,25.0
0,0.0,24.0,0.0,0.0,0.0,60.0,74.0,0.0,76.0,0.0,65.0,77.0,70.0,82.0,55.0,0.0,0.0,76.0,45.0
0,0.0,25.0,9.0,0.0,0.0,60.0,82.0,0.0,73.0,0.0,55.0,73.0,68.0,71.0,77.0,0.0,0.0,64.0,55.0
0,0.0,25.0,0.0,0.0,0.0,60.0,73.0,0.0,75.0,0.0,61.0,74.0,66.0,77.0,66.0,0.0,0.0,74.0,44.0
0,0.0,24.0,0.0,0.0,0.0,60.0,82.0,0.0,84.0,0.0,64.0,76.0,64.0,75.0,55.0,0.0,0.0,73.0,32.0
0,0.0,24.0,17.0,0.0,0.0,60.0,74.0,0.0,86.0,0.0,65.0,77.0,68.0,73.0,52.0,0.0,0.0,65.0,59.0
0,0.0,29.0,2.0,0.0,0.0,60.0,70.0,0.0,75.0,0.0,64.0,72.0,64.0,75.0,54.0,0.0,0.0,78.0,20.0
0,0.0,23.0,0.0,0.0,0.0,60.0,79.0,0.0,75.0,0.0,51.0,69.0,69.0,72.0,51.0,0.0,0.0,77.0,55.0
0,0.0,24.0,10.0,0.0,0.0,59.0,82.0,0.0,71.0,0.0,64.0,74.0,73.0,78.0,51.0,0.0,0.0,79.0,44.0
0,0.0,25.0,0.0,0.0,0.0,59.0,79.0,0.0,69.0,0.0,61.0,73.0,78.0,71.0,70.0,0.0,0.0,57.0,66.0
0,0.0,23.0,0.0,0.0,0.0,58.0,74.0,0.0,69.0,0.0,61.0,81.0,65.0,73.0,62.0,0.0,0.0,66.0,52.0
0,0.0,23.0,0.0,0.0,0.0,58.0,73.0,0.0,68.0,0.0,48.0,83.0,76.0,73.0,55.0,0.0,0.0,81.0,45.0
0,0.0,22.0,0.0,0.0,0.0,58.0,77.0,0.0,78.0,0.0,53.0,74.0,65.0,74.0,69.0,0.0,0.0,77.0,50.0
0,0.0,27.0,0.0,0.0,0.0,58.0,77.0,0.0,74.0,0.0,57.0,73.0,67.0,83.0,54.0,0.0,0.0,75.0,10.0
0,0.0,24.0,0.0,0.0,0.0,58.0,80.0,0.0,76.0,0.0,60.0,71.0,68.0,76.0,55.0,0.0,0.0,71.0,35.0
0,0.0,25.0,0.0,0.0,0.0,57.0,69.0,0.0,72.0,0.0,64.0,79.0,74.0,79.0,47.0,0.0,0.0,69.0,45.0
0,0.0,27.0,0.0,0.0,0.0,57.0,76.0,0.0,82.0,0.0,46.0,76.0,69.0,84.0,49.0,0.0,0.0,78.0,44.0
0,0.0,25.0,0.0,0.0,0.0,57.0,74.0,0.0,69.0,0.0,51.0,67.0,67.0,65.0,43.0,0.0,0.0,81.0,55.0
0,0.0,25.0,0.0,0.0,0.0,56.0,78.0,0.0,84.0,0.0,44.0,68.0,63.0,72.0,41.0,0.0,0.0,74.0,10.0
0,0.0,23.0,0.0,0.0,0.0,56.0,84.0,0.0,77.0,0.0,48.0,64.0,62.0,67.0,55.0,0.0,0.0,65.0,25.0
0,0.0,24.0,0.0,0.0,0.0,56.0,79.0,0.0,74.0,0.0,58.0,74.0,64.0,73.0,49.0,0.0,0.0,77.0,50.0
0,0.0,24.0,0.0,0.0,0.0,56.0,67.0,0.0,63.0,0.0,66.0,70.0,74.0,67.0,54.0,0.0,0.0,66.0,16.0
0,0.0,25.0,1.0,0.0,0.0,56.0,83.0,0.0,86.0,0.0,62.0,72.0,65.0,75.0,49.0,0.0,0.0,77.0,20.0
0,0.0,25.0,0.0,0.0,0.0,55.0,82.0,0.0,85.0,0.0,59.0,74.0,60.0,78.0,46.0,0.0,0.0,66.0,53.0
0,0.0,25.0,0.0,0.0,0.0,55.0,87.0,0.0,82.0,0.0,55.0,73.0,65.0,73.0,50.0,0.0,0.0,66.0,60.0
0,0.0,24.0,0.0,0.0,0.0,52.0,85.0,0.0,83.0,0.0,41.0,67.0,67.0,83.0,46.0,0.0,0.0,84.0,20.0
0,0.0,23.0,0.0,0.0,0.0,52.0,73.0,0.0,77.0,0.0,48.0,71.0,66.0,73.0,48.0,0.0,0.0,75.0,30.0
0,0.0,0.0,104.0,3.0,8.0,96.0,88.0,94.0,86.0,85.0,85.0,92.0,92.0,98.0,87.0,62.0,72.0,89.0,60.0
0,0.0,0.0,71.0,4.0,3.0,96.0,83.0,91.0,85.0,79.0,90.0,99.0,95.0,98.0,89.0,73.0,82.0,94.0,55.0
0,0.0,0.0,93.0,5.0,7.0,96.0,90.0,92.0,87.0,88.0,94.0,95.0,89.0,97.0,91.0,74.0,79.0,97.0,55.0
0,0.0,0.0,34.0,1.0,1.0,96.0,85.0,96.0,87.0,87.0,85.0,92.0,88.0,97.0,85.0,62.0,68.0,90.0,24.0
0,0.0,0.0,91.0,5.0,7.0,94.0,86.0,87.0,84.0,77.0,89.0,99.0,84.0,99.0,99.0,66.0,77.0,84.0,54.0
0,0.0,0.0,90.0,1.0,1.0,93.0,88.0,90.0,88.0,66.0,89.0,98.0,75.0,98.0,96.0,75.0,88.0,81.0,55.0
0,0.0,0.0,74.0,1.0,4.0,93.0,82.0,92.0,83.0,84.0,84.0,93.0,93.0,94.0,82.0,62.0,74.0,91.0,24.0
0,0.0,0.0,67.0,1.0,5.0,93.0,88.0,94.0,86.0,79.0,95.0,84.0,69.0,95.0,94.0,52.0,65.0,78.0,20.0
0,0.0,0.0,75.0,0.0,5.0,92.0,80.0,90.0,74.0,91.0,93.0,80.0,83.0,94.0,93.0,59.0,69.0,88.0,18.0
0,0.0,0.0,58.0,0.0,4.0,92.0,84.0,92.0,81.0,91.0,83.0,87.0,90.0,95.0,82.0,60.0,65.0,89.0,35.0
0,0.0,0.0,80.0,1.0,4.0,91.0,85.0,90.0,85.0,73.0,93.0,94.0,80.0,98.0,94.0,73.0,83.0,82.0,55.0
0,0.0,0.0,2.0,1.0,4.0,91.0,85.0,90.0,85.0,73.0,93.0,94.0,80.0,98.0,94.0,73.0,83.0,82.0,55.0
0,0.0,0.0,51.0,1.0,2.0,91.0,87.0,90.0,86.0,76.0,88.0,93.0,85.0,97.0,87.0,73.0,81.0,91.0,45.0
0,0.0,0.0,52.0,0.0,1.0,91.0,83.0,89.0,84.0,83.0,87.0,94.0,88.0,94.0,90.0,69.0,76.0,90.0,68.0
0,0.0,0.0,0.0,0.0,0.0,90.0,84.0,92.0,83.0,81.0,84.0,84.0,78.0,94.0,85.0,66.0,74.0,95.0,45.0
0,0.0,0.0,94.0,0.0,4.0,90.0,84.0,92.0,83.0,81.0,84.0,84.0,78.0,94.0,85.0,66.0,74.0,95.0,45.0
0,0.0,0.0,77.0,1.0,6.0,90.0,84.0,92.0,83.0,81.0,84.0,84.0,78.0,94.0,85.0,66.0,74.0,95.0,45.0
0,0.0,0.0,110.0,1.0,7.0,90.0,82.0,89.0,75.0,91.0,89.0,91.0,87.0,95.0,86.0,51.0,60.0,84.0,45.0
0,0.0,0.0,63.0,2.0,5.0,90.0,84.0,93.0,78.0,76.0,91.0,82.0,78.0,94.0,87.0,52.0,63.0,76.0,10.0
0,0.0,0.0,34.0,0.0,1.0,89.0,86.0,92.0,88.0,73.0,82.0,93.0,86.0,95.0,84.0,72.0,78.0,87.0,55.0
0,0.0,0.0,53.0,1.0,2.0,89.0,83.0,81.0,77.0,75.0,89.0,95.0,79.0,96.0,95.0,70.0,84.0,83.0,50.0
0,0.0,0.0,68.0,0.0,2.0,89.0,83.0,91.0,78.0,76.0,94.0,82.0,77.0,93.0,90.0,50.0,60.0,65.0,35.0
0,0.0,0.0,49.0,0.0,0.0,89.0,80.0,85.0,81.0,80.0,90.0,91.0,87.0,93.0,93.0,70.0,83.0,91.0,60.0
0,0.0,0.0,80.0,1.0,3.0,89.0,88.0,92.0,87.0,73.0,86.0,86.0,68.0,93.0,86.0,76.0,87.0,90.0,60.0
0,0.0,0.0,0.0,0.0,0.0,88.0,76.0,85.0,75.0,79.0,82.0,91.0,88.0,95.0,85.0,70.0,84.0,95.0,45.0
0,0.0,0.0,33.0,0.0,0.0,88.0,81.0,88.0,83.0,66.0,83.0,89.0,78.0,95.0,93.0,72.0,86.0,80.0,55.0
0,0.0,0.0,81.0,0.0,0.0,88.0,79.0,83.0,76.0,83.0,94.0,94.0,78.0,90.0,93.0,67.0,81.0,85.0,55.0
0,0.0,0.0,127.0,6.0,10.0,88.0,89.0,86.0,84.0,74.0,81.0,94.0,77.0,95.0,87.0,69.0,81.0,94.0,42.0
0,0.0,0.0,72.0,0.0,1.0,88.0,85.0,90.0,85.0,77.0,88.0,90.0,81.0,94.0,83.0,66.0,72.0,88.0,61.0
0,0.0,0.0,98.0,1.0,7.0,87.0,78.0,84.0,77.0,81.0,93.0,90.0,84.0,89.0,92.0,65.0,66.0,86.0,75.0
0,0.0,0.0,81.0,3.0,7.0,87.0,84.0,93.0,83.0,76.0,95.0,75.0,65.0,93.0,88.0,55.0,61.0,75.0,24.0
0,0.0,0.0,25.0,0.0,0.0,86.0,76.0,85.0,79.0,84.0,84.0,94.0,89.0,88.0,85.0,56.0,68.0,95.0,69.0
0,0.0,0.0,63.0,0.0,4.0,86.0,81.0,86.0,77.0,85.0,83.0,83.0,84.0,88.0,82.0,55.0,62.0,87.0,15.0
0,0.0,0.0,29.0,0.0,0.0,85.0,78.0,84.0,74.0,84.0,86.0,83.0,76.0,84.0,83.0,56.0,66.0,85.0,50.0
0,0.0,0.0,91.0,2.0,5.0,85.0,81.0,87.0,74.0,85.0,95.0,75.0,72.0,84.0,92.0,49.0,55.0,60.0,28.0
0,0.0,0.0,2.0,0.0,0.0,85.0,81.0,85.0,83.0,83.0,90.0,84.0,77.0,89.0,90.0,68.0,78.0,88.0,57.0
0,0.0,0.0,72.0,0.0,0.0,85.0,81.0,85.0,83.0,83.0,90.0,84.0,77.0,89.0,90.0,68.0,78.0,88.0,57.0
0,0.0,0.0,0.0,0.0,0.0,85.0,81.0,91.0,76.0,73.0,81.0,80.0,77.0,89.0,81.0,60.0,72.0,84.0,16.0
0,0.0,0.0,0.0,0.0,0.0,84.0,76.0,83.0,75.0,85.0,82.0,92.0,85.0,90.0,82.0,63.0,74.0,94.0,55.0
0,0.0,0.0,65.0,0.0,2.0,84.0,80.0,83.0,75.0,84.0,78.0,93.0,88.0,89.0,78.0,60.0,77.0,90.0,78.0
0,0.0,0.0,22.0,0.0,0.0,84.0,80.0,90.0,73.0,77.0,79.0,83.0,77.0,88.0,79.0,56.0,67.0,81.0,10.0
0,0.0,0.0,28.0,0.0,0.0,84.0,75.0,86.0,83.0,72.0,76.0,88.0,80.0,92.0,79.0,65.0,75.0,77.0,65.0
0,0.0,0.0,47.0,0.0,0.0,83.0,81.0,87.0,74.0,76.0,79.0,87.0,82.0,89.0,76.0,60.0,65.0,73.0,10.0
0,0.0,0.0,29.0,0.0,0.0,83.0,84.0,90.0,83.0,76.0,79.0,91.0,84.0,93.0,81.0,61.0,71.0,85.0,45.0
0,0.0,0.0,61.0,0.0,1.0,83.0,77.0,82.0,81.0,79.0,88.0,84.0,76.0,91.0,89.0,74.0,84.0,85.0,50.0
0,0.0,0.0,51.0,0.0,1.0,83.0,83.0,87.0,76.0,79.0,85.0,87.0,74.0,88.0,82.0,60.0,66.0,75.0,50.0
0,0.0,0.0,45.0,0.0,0.0,83.0,84.0,84.0,83.0,67.0,90.0,82.0,68.0,91.0,89.0,68.0,83.0,75.0,54.0
0,0.0,0.0,64.0,0.0,1.0,83.0,82.0,87.0,83.0,69.0,80.0,90.0,78.0,91.0,85.0,74.0,84.0,85.0,65.0
0,0.0,0.0,42.0,0.0,0.0,83.0,91.0,93.0,84.0,70.0,74.0,80.0,71.0,92.0,72.0,64.0,74.0,85.0,40.0
0,0.0,0.0,62.0,0.0,3.0,83.0,88.0,92.0,87.0,79.0,65.0,86.0,87.0,90.0,65.0,50.0,63.0,95.0,35.0
0,0.0,0.0,66.0,0.0,2.0,83.0,79.0,82.0,77.0,73.0,87.0,81.0,69.0,83.0,87.0,65.0,74.0,79.0,73.0
0,0.0,0.0,47.0,0.0,0.0,82.0,79.0,85.0,78.0,67.0,78.0,92.0,70.0,94.0,83.0,67.0,82.0,76.0,40.0
0,0.0,0.0,30.0,0.0,0.0,82.0,82.0,86.0,73.0,68.0,78.0,87.0,72.0,91.0,82.0,65.0,72.0,84.0,45.0
0,0.0,0.0,58.0,0.0,1.0,82.0,76.0,83.0,80.0,76.0,90.0,87.0,76.0,86.0,92.0,65.0,75.0,80.0,65.0
0,0.0,0.0,75.0,0.0,0.0,82.0,79.0,83.0,75.0,79.0,88.0,84.0,81.0,87.0,88.0,66.0,74.0,88.0,55.0
0,0.0,0.0,130.0,3.0,9.0,82.0,83.0,89.0,85.0,83.0,88.0,78.0,65.0,84.0,77.0,40.0,68.0,88.0,38.0
0,0.0,0.0,14.0,0.0,0.0,82.0,83.0,88.0,82.0,75.0,76.0,86.0,73.0,92.0,76.0,67.0,78.0,82.0,76.0
0,0.0,0.0,38.0,0.0,0.0,82.0,81.0,91.0,84.0,74.0,82.0,78.0,66.0,87.0,83.0,58.0,67.0,74.0,40.0
0,0.0,0.0,47.0,0.0,0.0,81.0,87.0,92.0,85.0,76.0,82.0,77.0,66.0,92.0,79.0,55.0,67.0,73.0,45.0
0,0.0,0.0,55.0,0.0,0.0,81.0,72.0,83.0,69.0,84.0,87.0,84.0,81.0,84.0,85.0,55.0,63.0,86.0,45.0
0,0.0,0.0,55.0,0.0,1.0,81.0,82.0,85.0,81.0,75.0,86.0,82.0,77.0,86.0,85.0,69.0,74.0,84.0,68.0
0,0.0,0.0,58.0,0.0,1.0,81.0,83.0,88.0,79.0,65.0,73.0,85.0,71.0,83.0,71.0,68.0,82.0,84.0,45.0
0,0.0,0.0,102.0,3.0,9.0,81.0,87.0,91.0,87.0,82.0,64.0,80.0,84.0,91.0,72.0,55.0,74.0,87.0,45.0
0,0.0,0.0,51.0,0.0,0.0,81.0,76.0,85.0,80.0,73.0,89.0,82.0,69.0,91.0,95.0,70.0,79.0,84.0,55.0
0,0.0,0.0,6.0,0.0,0.0,81.0,79.0,86.0,75.0,74.0,77.0,84.0,77.0,87.0,74.0,57.0,63.0,78.0,40.0
0,0.0,0.0,49.0,0.0,0.0,80.0,78.0,84.0,83.0,77.0,90.0,83.0,75.0,85.0,88.0,65.0,72.0,85.0,40.0
0,0.0,0.0,32.0,0.0,0.0,80.0,88.0,86.0,83.0,62.0,77.0,85.0,73.0,87.0,78.0,73.0,84.0,76.0,55.0
0,0.0,0.0,54.0,0.0,1.0,80.0,81.0,85.0,73.0,76.0,85.0,72.0,66.0,78.0,85.0,55.0,75.0,85.0,65.0
0,0.0,0.0,24.0,0.0,0.0,79.0,84.0,86.0,83.0,75.0,79.0,86.0,76.0,90.0,79.0,62.0,70.0,88.0,45.0
0,0.0,0.0,18.0,0.0,0.0,79.0,78.0,84.0,74.0,82.0,81.0,89.0,78.0,86.0,77.0,51.0,65.0,95.0,45.0
0,0.0,0.0,20.0,0.0,0.0,79.0,88.0,91.0,86.0,75.0,75.0,77.0,67.0,88.0,74.0,62.0,79.0,90.0,40.0
0,0.0,0.0,63.0,1.0,2.0,79.0,82.0,88.0,77.0,72.0,90.0,75.0,66.0,77.0,81.0,50.0,71.0,65.0,25.0
0,0.0,0.0,55.0,1.0,3.0,79.0,84.0,86.0,86.0,67.0,89.0,85.0,69.0,86.0,88.0,60.0,62.0,84.0,55.0
0,0.0,0.0,17.0,0.0,0.0,79.0,80.0,82.0,83.0,82.0,76.0,87.0,79.0,79.0,64.0,54.0,60.0,86.0,20.0
0,0.0,0.0,52.0,0.0,0.0,79.0,83.0,90.0,87.0,67.0,70.0,85.0,71.0,92.0,70.0,74.0,83.0,89.0,79.0
0,0.0,0.0,48.0,0.0,0.0,78.0,82.0,86.0,83.0,76.0,85.0,78.0,70.0,87.0,84.0,71.0,75.0,90.0,80.0
0,0.0,0.0,4.0,0.0,0.0,78.0,82.0,86.0,83.0,76.0,85.0,78.0,70.0,87.0,84.0,71.0,75.0,90.0,80.0
0,0.0,0.0,22.0,0.0,0.0,78.0,73.0,82.0,68.0,84.0,77.0,90.0,83.0,87.0,80.0,54.0,64.0,78.0,44.0
0,0.0,0.0,57.0,0.0,3.0,78.0,82.0,89.0,86.0,84.0,69.0,80.0,77.0,78.0,64.0,55.0,60.0,82.0,10.0
0,0.0,0.0,7.0,0.0,0.0,78.0,79.0,87.0,75.0,75.0,75.0,81.0,74.0,86.0,73.0,52.0,59.0,71.0,25.0
0,0.0,0.0,0.0,0.0,0.0,78.0,82.0,78.0,79.0,69.0,77.0,88.0,75.0,92.0,78.0,67.0,80.0,78.0,65.0
0,0.0,0.0,29.0,0.0,0.0,78.0,79.0,85.0,77.0,75.0,83.0,73.0,66.0,75.0,77.0,69.0,76.0,87.0,40.0
0,0.0,0.0,58.0,0.0,2.0,78.0,77.0,82.0,82.0,71.0,88.0,85.0,72.0,87.0,88.0,66.0,74.0,75.0,60.0
0,0.0,0.0,61.0,0.0,0.0,78.0,77.0,82.0,73.0,76.0,88.0,81.0,72.0,82.0,83.0,58.0,67.0,75.0,60.0
0,0.0,0.0,0.0,0.0,0.0,78.0,83.0,84.0,78.0,67.0,86.0,77.0,75.0,83.0,87.0,68.0,78.0,77.0,45.0
0,0.0,0.0,27.0,0.0,0.0,78.0,79.0,82.0,72.0,74.0,72.0,85.0,81.0,89.0,75.0,55.0,62.0,93.0,26.0
0,0.0,0.0,37.0,0.0,0.0,78.0,81.0,86.0,73.0,72.0,79.0,88.0,75.0,88.0,80.0,55.0,62.0,84.0,68.0
0,0.0,0.0,44.0,0.0,0.0,77.0,84.0,88.0,83.0,71.0,71.0,89.0,76.0,92.0,65.0,73.0,77.0,90.0,49.0
0,0.0,0.0,36.0,0.0,0.0,77.0,85.0,85.0,84.0,64.0,81.0,85.0,67.0,92.0,82.0,64.0,76.0,79.0,65.0
0,0.0,0.0,0.0,0.0,0.0,77.0,83.0,85.0,84.0,66.0,82.0,74.0,75.0,90.0,83.0,65.0,73.0,85.0,60.0
0,0.0,0.0,59.0,0.0,1.0,77.0,79.0,86.0,74.0,78.0,73.0,74.0,78.0,86.0,69.0,52.0,62.0,88.0,20.0
0,0.0,0.0,24.0,0.0,0.0,77.0,77.0,81.0,73.0,80.0,79.0,78.0,74.0,82.0,81.0,65.0,76.0,78.0,50.0
0,0.0,0.0,0.0,0.0,0.0,77.0,79.0,85.0,82.0,68.0,80.0,85.0,76.0,83.0,78.0,60.0,69.0,67.0,55.0
0,0.0,0.0,0.0,0.0,0.0,77.0,79.0,86.0,85.0,63.0,79.0,85.0,67.0,89.0,81.0,71.0,74.0,87.0,70.0
0,0.0,0.0,18.0,0.0,0.0,77.0,81.0,85.0,83.0,66.0,80.0,83.0,77.0,85.0,78.0,65.0,73.0,82.0,35.0
0,0.0,0.0,40.0,0.0,0.0,77.0,77.0,82.0,80.0,74.0,85.0,85.0,69.0,86.0,85.0,65.0,73.0,75.0,80.0
0,0.0,0.0,0.0,0.0,0.0,77.0,78.0,84.0,78.0,67.0,76.0,83.0,69.0,89.0,78.0,63.0,74.0,84.0,53.0
0,0.0,0.0,0.0,0.0,0.0,77.0,84.0,85.0,83.0,69.0,80.0,86.0,72.0,89.0,78.0,65.0,74.0,80.0,40.0
0,0.0,0.0,49.0,0.0,0.0,76.0,80.0,85.0,76.0,80.0,80.0,84.0,74.0,87.0,75.0,45.0,55.0,93.0,48.0
0,0.0,0.0,9.0,0.0,0.0,76.0,77.0,83.0,73.0,75.0,71.0,81.0,83.0,82.0,76.0,65.0,77.0,88.0,60.0
0,0.0,0.0,24.0,0.0,0.0,76.0,87.0,94.0,87.0,65.0,64.0,80.0,75.0,86.0,65.0,59.0,65.0,78.0,65.0
0,0.0,0.0,37.0,0.0,0.0,76.0,76.0,85.0,72.0,77.0,77.0,78.0,74.0,81.0,75.0,57.0,66.0,82.0,40.0
0,0.0,0.0,38.0,0.0,0.0,76.0,90.0,91.0,78.0,73.0,77.0,81.0,67.0,89.0,75.0,67.0,71.0,88.0,53.0
0,0.0,0.0,22.0,0.0,0.0,76.0,83.0,87.0,83.0,76.0,81.0,76.0,74.0,83.0,77.0,65.0,73.0,84.0,59.0
0,0.0,0.0,0.0,0.0,0.0,76.0,79.0,78.0,73.0,75.0,77.0,78.0,79.0,83.0,73.0,55.0,68.0,88.0,40.0
0,0.0,0.0,11.0,0.0,0.0,76.0,86.0,87.0,85.0,65.0,72.0,81.0,66.0,89.0,69.0,73.0,78.0,65.0,55.0
0,0.0,0.0,0.0,0.0,0.0,76.0,73.0,81.0,75.0,73.0,80.0,83.0,74.0,88.0,85.0,52.0,69.0,79.0,30.0
0,0.0,0.0,0.0,0.0,0.0,76.0,84.0,83.0,78.0,72.0,77.0,73.0,64.0,80.0,79.0,64.0,75.0,85.0,62.0
0,0.0,0.0,31.0,0.0,0.0,76.0,84.0,83.0,78.0,72.0,77.0,73.0,64.0,80.0,79.0,64.0,75.0,85.0,62.0
0,0.0,0.0,29.0,0.0,0.0,76.0,72.0,78.0,69.0,90.0,75.0,77.0,88.0,83.0,73.0,50.0,60.0,86.0,16.0
0,0.0,0.0,0.0,0.0,0.0,76.0,83.0,76.0,68.0,81.0,75.0,83.0,83.0,85.0,77.0,57.0,71.0,91.0,65.0
0,0.0,0.0,11.0,0.0,0.0,76.0,84.0,82.0,78.0,68.0,78.0,85.0,70.0,89.0,84.0,70.0,78.0,69.0,60.0
0,0.0,0.0,21.0,0.0,0.0,76.0,73.0,76.0,72.0,78.0,77.0,93.0,84.0,80.0,71.0,50.0,60.0,87.0,40.0
0,0.0,0.0,0.0,0.0,0.0,75.0,87.0,86.0,84.0,63.0,75.0,76.0,67.0,86.0,77.0,71.0,81.0,74.0,64.0
0,0.0,0.0,40.0,0.0,0.0,75.0,77.0,85.0,80.0,69.0,78.0,85.0,68.0,90.0,78.0,67.0,76.0,77.0,45.0
0,0.0,0.0,0.0,0.0,0.0,75.0,76.0,84.0,69.0,85.0,79.0,81.0,78.0,79.0,80.0,55.0,63.0,85.0,15.0
0,0.0,0.0,62.0,0.0,0.0,75.0,73.0,79.0,76.0,77.0,77.0,82.0,79.0,84.0,78.0,62.0,68.0,85.0,54.0
0,0.0,0.0,17.0,0.0,0.0,75.0,75.0,79.0,73.0,81.0,74.0,88.0,85.0,80.0,73.0,53.0,65.0,79.0,40.0
0,0.0,0.0,0.0,0.0,0.0,75.0,75.0,79.0,73.0,81.0,74.0,88.0,85.0,80.0,73.0,53.0,65.0,79.0,40.0
0,0.0,0.0,0.0,0.0,0.0,75.0,82.0,84.0,77.0,77.0,74.0,90.0,76.0,84.0,75.0,61.0,70.0,76.0,50.0
0,0.0,0.0,0.0,0.0,0.0,75.0,74.0,78.0,75.0,73.0,75.0,85.0,74.0,84.0,79.0,54.0,68.0,72.0,45.0
0,0.0,0.0,13.0,0.0,0.0,75.0,85.0,87.0,83.0,64.0,72.0,72.0,64.0,87.0,71.0,71.0,82.0,76.0,55.0
0,0.0,0.0,30.0,0.0,0.0,75.0,84.0,88.0,86.0,65.0,74.0,78.0,64.0,88.0,71.0,68.0,78.0,83.0,55.0
0,0.0,0.0,0.0,0.0,0.0,75.0,74.0,81.0,77.0,74.0,72.0,88.0,83.0,87.0,75.0,56.0,65.0,77.0,50.0
0,0.0,0.0,21.0,0.0,0.0,75.0,83.0,90.0,87.0,64.0,65.0,88.0,73.0,92.0,76.0,70.0,80.0,76.0,47.0
0,0.0,0.0,81.0,0.0,5.0,75.0,83.0,90.0,87.0,64.0,65.0,88.0,73.0,92.0,76.0,70.0,80.0,76.0,47.0
0,0.0,0.0,10.0,0.0,0.0,75.0,77.0,86.0,78.0,73.0,75.0,86.0,84.0,84.0,70.0,54.0,66.0,90.0,45.0
0,0.0,0.0,0.0,0.0,0.0,75.0,77.0,80.0,74.0,76.0,84.0,80.0,72.0,82.0,82.0,65.0,71.0,92.0,60.0
0,0.0,0.0,15.0,0.0,0.0,75.0,79.0,86.0,74.0,76.0,75.0,77.0,65.0,83.0,69.0,57.0,63.0,86.0,40.0
0,0.0,0.0,41.0,0.0,1.0,75.0,89.0,91.0,88.0,63.0,74.0,85.0,66.0,90.0,72.0,67.0,76.0,86.0,60.0
0,0.0,0.0,0.0,0.0,0.0,75.0,85.0,86.0,82.0,66.0,80.0,83.0,66.0,88.0,83.0,69.0,78.0,83.0,50.0
0,0.0,0.0,56.0,0.0,4.0,75.0,90.0,89.0,91.0,65.0,62.0,75.0,76.0,87.0,68.0,50.0,66.0,81.0,35.0
0,0.0,0.0,0.0,0.0,0.0,74.0,79.0,84.0,76.0,67.0,77.0,83.0,71.0,85.0,80.0,68.0,78.0,72.0,10.0
0,0.0,0.0,0.0,0.0,0.0,74.0,82.0,91.0,74.0,75.0,64.0,84.0,66.0,87.0,64.0,52.0,71.0,74.0,10.0
0,0.0,0.0,7.0,0.0,0.0,74.0,85.0,90.0,83.0,72.0,73.0,68.0,66.0,83.0,74.0,55.0,64.0,84.0,45.0
0,0.0,0.0,13.0,0.0,0.0,74.0,80.0,85.0,82.0,60.0,77.0,83.0,73.0,87.0,83.0,66.0,74.0,70.0,45.0
0,0.0,0.0,9.0,0.0,0.0,74.0,77.0,82.0,74.0,74.0,75.0,75.0,63.0,74.0,69.0,74.0,77.0,79.0,35.0
0,0.0,0.0,22.0,0.0,0.0,74.0,82.0,86.0,72.0,68.0,69.0,79.0,76.0,84.0,69.0,50.0,62.0,88.0,50.0
0,0.0,0.0,27.0,0.0,2.0,74.0,92.0,89.0,89.0,83.0,63.0,82.0,74.0,92.0,67.0,55.0,68.0,91.0,54.0
0,0.0,0.0,17.0,0.0,0.0,74.0,77.0,89.0,77.0,67.0,65.0,77.0,72.0,86.0,69.0,57.0,63.0,86.0,48.0
0,0.0,0.0,44.0,0.0,0.0,74.0,80.0,88.0,79.0,74.0,79.0,68.0,65.0,79.0,72.0,55.0,60.0,83.0,65.0
0,0.0,0.0,0.0,0.0,0.0,73.0,80.0,81.0,76.0,66.0,74.0,83.0,75.0,88.0,74.0,66.0,81.0,63.0,45.0
0,0.0,0.0,0.0,0.0,0.0,73.0,84.0,87.0,82.0,68.0,75.0,79.0,74.0,88.0,75.0,65.0,73.0,78.0,55.0
0,0.0,0.0,30.0,0.0,0.0,73.0,82.0,84.0,74.0,72.0,69.0,73.0,73.0,83.0,73.0,55.0,63.0,79.0,35.0
0,0.0,0.0,27.0,0.0,0.0,73.0,80.0,82.0,79.0,74.0,65.0,87.0,79.0,85.0,75.0,54.0,73.0,78.0,65.0
0,0.0,0.0,23.0,0.0,1.0,73.0,85.0,88.0,85.0,86.0,62.0,77.0,68.0,89.0,56.0,55.0,65.0,76.0,20.0
0,0.0,0.0,11.0,0.0,0.0,73.0,77.0,83.0,74.0,76.0,71.0,76.0,75.0,85.0,79.0,60.0,64.0,84.0,40.0
0,0.0,0.0,10.0,0.0,0.0,73.0,75.0,86.0,72.0,77.0,66.0,79.0,78.0,87.0,72.0,50.0,60.0,84.0,50.0
0,0.0,0.0,6.0,0.0,0.0,73.0,76.0,84.0,75.0,76.0,63.0,89.0,78.0,88.0,74.0,52.0,67.0,75.0,50.0
0,0.0,0.0,22.0,0.0,0.0,73.0,84.0,88.0,73.0,83.0,67.0,75.0,73.0,76.0,69.0,54.0,61.0,86.0,24.0
0,0.0,0.0,3.0,0.0,0.0,73.0,82.0,86.0,87.0,69.0,62.0,87.0,75.0,88.0,72.0,65.0,71.0,78.0,65.0
0,0.0,0.0,0.0,0.0,0.0,73.0,76.0,79.0,74.0,76.0,78.0,81.0,71.0,85.0,82.0,61.0,72.0,74.0,50.0
0,0.0,0.0,1.0,0.0,0.0,73.0,80.0,82.0,75.0,73.0,71.0,85.0,85.0,80.0,70.0,55.0,66.0,88.0,70.0
0,0.0,0.0,35.0,0.0,0.0,73.0,80.0,82.0,75.0,73.0,71.0,85.0,85.0,80.0,70.0,55.0,66.0,88.0,70.0
0,0.0,0.0,0.0,0.0,0.0,72.0,83.0,85.0,82.0,64.0,72.0,80.0,67.0,87.0,65.0,59.0,73.0,72.0,45.0
0,0.0,0.0,13.0,0.0,0.0,72.0,86.0,83.0,81.0,67.0,76.0,79.0,73.0,85.0,79.0,60.0,72.0,76.0,50.0
0,0.0,0.0,20.0,0.0,0.0,72.0,82.0,87.0,82.0,65.0,75.0,82.0,65.0,88.0,77.0,68.0,77.0,83.0,55.0
0,0.0,0.0,20.0,0.0,0.0,72.0,77.0,82.0,79.0,69.0,70.0,83.0,74.0,87.0,76.0,61.0,79.0,85.0,56.0
0,0.0,0.0,0.0,0.0,0.0,72.0,81.0,78.0,75.0,68.0,74.0,81.0,65.0,83.0,74.0,65.0,76.0,67.0,50.0
0,0.0,0.0,13.0,0.0,0.0,72.0,77.0,83.0,74.0,73.0,70.0,83.0,66.0,81.0,72.0,54.0,65.0,62.0,40.0
0,0.0,0.0,15.0,0.0,0.0,72.0,82.0,86.0,87.0,74.0,61.0,84.0,67.0,73.0,69.0,75.0,84.0,88.0,50.0
0,0.0,0.0,101.0,1.0,2.0,72.0,87.0,92.0,86.0,83.0,71.0,76.0,67.0,93.0,67.0,64.0,72.0,87.0,40.0
0,0.0,0.0,0.0,0.0,0.0,72.0,81.0,85.0,83.0,66.0,60.0,82.0,65.0,84.0,74.0,64.0,76.0,66.0,65.0
0,0.0,0.0,11.0,0.0,0.0,72.0,83.0,88.0,86.0,70.0,75.0,79.0,64.0,85.0,74.0,68.0,74.0,76.0,45.0
0,0.0,0.0,49.0,0.0,0.0,72.0,83.0,87.0,73.0,78.0,68.0,75.0,66.0,81.0,66.0,52.0,60.0,85.0,30.0
0,0.0,0.0,25.0,0.0,0.0,71.0,76.0,82.0,74.0,75.0,74.0,80.0,82.0,83.0,69.0,51.0,67.0,88.0,40.0
0,0.0,0.0,0.0,0.0,0.0,71.0,75.0,83.0,73.0,74.0,73.0,76.0,73.0,86.0,76.0,56.0,68.0,74.0,40.0
0,0.0,0.0,0.0,0.0,0.0,71.0,79.0,83.0,75.0,66.0,75.0,78.0,66.0,78.0,66.0,57.0,65.0,76.0,40.0
0,0.0,0.0,4.0,0.0,0.0,71.0,85.0,90.0,72.0,73.0,62.0,75.0,72.0,87.0,64.0,60.0,66.0,90.0,50.0
0,0.0,0.0,0.0,0.0,0.0,71.0,74.0,82.0,75.0,75.0,73.0,88.0,66.0,87.0,81.0,50.0,68.0,86.0,40.0
0,0.0,0.0,5.0,0.0,0.0,71.0,76.0,80.0,79.0,70.0,69.0,79.0,75.0,85.0,76.0,64.0,76.0,78.0,55.0
0,0.0,0.0,14.0,0.0,0.0,71.0,83.0,87.0,74.0,84.0,69.0,80.0,70.0,78.0,62.0,55.0,63.0,74.0,54.0
0,0.0,0.0,0.0,0.0,0.0,70.0,83.0,79.0,76.0,72.0,66.0,79.0,73.0,85.0,73.0,63.0,74.0,89.0,60.0
0,0.0,0.0,0.0,0.0,0.0,70.0,78.0,89.0,86.0,70.0,60.0,77.0,63.0,81.0,69.0,62.0,73.0,65.0,78.0
0,0.0,0.0,9.0,0.0,0.0,70.0,82.0,84.0,77.0,66.0,72.0,77.0,73.0,85.0,73.0,60.0,70.0,77.0,50.0
0,0.0,0.0,3.0,0.0,0.0,70.0,77.0,81.0,75.0,74.0,63.0,87.0,86.0,84.0,65.0,55.0,68.0,81.0,65.0
0,0.0,0.0,0.0,0.0,0.0,70.0,78.0,82.0,76.0,75.0,70.0,81.0,69.0,77.0,64.0,59.0,68.0,78.0,42.0
0,0.0,0.0,5.0,0.0,0.0,70.0,76.0,72.0,70.0,74.0,71.0,86.0,80.0,72.0,86.0,50.0,60.0,70.0,55.0
0,0.0,0.0,3.0,0.0,0.0,70.0,76.0,72.0,70.0,74.0,71.0,86.0,80.0,72.0,86.0,50.0,60.0,70.0,55.0
0,0.0,0.0,6.0,0.0,0.0,70.0,74.0,77.0,69.0,71.0,69.0,79.0,67.0,79.0,71.0,55.0,60.0,74.0,55.0
0,0.0,0.0,0.0,0.0,0.0,70.0,78.0,84.0,82.0,70.0,70.0,80.0,75.0,84.0,75.0,57.0,72.0,74.0,48.0
0,0.0,0.0,0.0,0.0,0.0,70.0,76.0,81.0,74.0,75.0,74.0,76.0,69.0,77.0,69.0,55.0,66.0,78.0,59.0
0,0.0,0.0,0.0,0.0,0.0,70.0,83.0,78.0,73.0,69.0,55.0,82.0,68.0,84.0,73.0,51.0,65.0,79.0,60.0
0,0.0,0.0,0.0,0.0,0.0,70.0,83.0,78.0,73.0,69.0,55.0,82.0,68.0,84.0,73.0,51.0,65.0,79.0,60.0
0,0.0,0.0,34.0,0.0,0.0,70.0,83.0,78.0,73.0,69.0,55.0,82.0,68.0,84.0,73.0,51.0,65.0,79.0,60.0
0,0.0,0.0,33.0,0.0,0.0,70.0,76.0,86.0,79.0,67.0,58.0,83.0,79.0,78.0,64.0,51.0,63.0,86.0,33.0
0,0.0,0.0,0.0,0.0,0.0,70.0,74.0,88.0,81.0,79.0,59.0,78.0,72.0,79.0,59.0,55.0,66.0,75.0,40.0
0,0.0,0.0,18.0,0.0,0.0,70.0,82.0,85.0,75.0,64.0,70.0,80.0,73.0,74.0,72.0,54.0,57.0,64.0,45.0
0,0.0,0.0,6.0,0.0,0.0,70.0,82.0,85.0,75.0,64.0,70.0,80.0,73.0,74.0,72.0,54.0,57.0,64.0,45.0
0,0.0,0.0,18.0,0.0,0.0,70.0,77.0,83.0,85.0,69.0,63.0,80.0,64.0,77.0,73.0,74.0,77.0,83.0,65.0
0,0.0,0.0,3.0,0.0,0.0,69.0,79.0,83.0,85.0,63.0,61.0,79.0,66.0,79.0,71.0,68.0,75.0,73.0,65.0
0,0.0,0.0,0.0,0.0,0.0,69.0,85.0,81.0,76.0,71.0,66.0,76.0,66.0,78.0,64.0,59.0,70.0,72.0,55.0
0,0.0,0.0,3.0,0.0,0.0,69.0,79.0,84.0,77.0,64.0,71.0,76.0,64.0,85.0,65.0,61.0,74.0,76.0,50.0
0,0.0,0.0,0.0,0.0,0.0,69.0,77.0,84.0,86.0,71.0,64.0,87.0,66.0,83.0,64.0,71.0,77.0,85.0,60.0
0,0.0,0.0,0.0,0.0,0.0,69.0,77.0,78.0,74.0,74.0,77.0,78.0,75.0,79.0,76.0,63.0,76.0,76.0,45.0
0,0.0,0.0,0.0,0.0,0.0,69.0,77.0,78.0,74.0,74.0,77.0,78.0,75.0,79.0,76.0,63.0,76.0,76.0,45.0
0,0.0,0.0,0.0,0.0,0.0,69.0,85.0,91.0,76.0,65.0,59.0,74.0,64.0,87.0,58.0,55.0,60.0,75.0,45.0
0,0.0,0.0,8.0,0.0,0.0,69.0,81.0,87.0,75.0,73.0,70.0,70.0,66.0,75.0,60.0,55.0,61.0,82.0,45.0
0,0.0,0.0,0.0,0.0,0.0,69.0,85.0,82.0,82.0,62.0,69.0,74.0,67.0,81.0,71.0,62.0,67.0,69.0,68.0
0,0.0,0.0,37.0,0.0,0.0,69.0,82.0,85.0,74.0,67.0,61.0,79.0,69.0,74.0,75.0,60.0,73.0,73.0,55.0
0,0.0,0.0,0.0,0.0,0.0,69.0,82.0,86.0,88.0,71.0,68.0,77.0,67.0,77.0,62.0,60.0,69.0,72.0,55.0
0,0.0,0.0,0.0,0.0,0.0,69.0,73.0,74.0,75.0,76.0,67.0,78.0,70.0,77.0,69.0,52.0,60.0,75.0,50.0
0,0.0,0.0,0.0,0.0,0.0,69.0,79.0,84.0,75.0,77.0,71.0,79.0,71.0,82.0,70.0,56.0,70.0,80.0,55.0
0,0.0,0.0,0.0,0.0,0.0,69.0,83.0,79.0,75.0,65.0,74.0,83.0,70.0,79.0,75.0,60.0,72.0,71.0,54.0
0,0.0,0.0,0.0,0.0,0.0,68.0,82.0,84.0,80.0,72.0,64.0,76.0,68.0,75.0,51.0,66.0,73.0,74.0,45.0
0,0.0,0.0,0.0,0.0,0.0,68.0,75.0,85.0,74.0,74.0,73.0,81.0,71.0,87.0,68.0,50.0,61.0,72.0,50.0
0,0.0,0.0,29.0,0.0,0.0,68.0,73.0,81.0,71.0,76.0,60.0,79.0,80.0,73.0,63.0,55.0,60.0,83.0,44.0
0,0.0,0.0,29.0,0.0,0.0,68.0,85.0,87.0,84.0,74.0,72.0,73.0,65.0,80.0,64.0,61.0,69.0,85.0,67.0
0,0.0,0.0,0.0,0.0,0.0,68.0,77.0,87.0,80.0,74.0,63.0,71.0,65.0,77.0,62.0,55.0,60.0,80.0,47.0
0,0.0,0.0,43.0,0.0,1.0,68.0,80.0,81.0,85.0,66.0,65.0,76.0,71.0,85.0,64.0,71.0,73.0,75.0,55.0
0,0.0,0.0,2.0,0.0,0.0,68.0,80.0,81.0,85.0,66.0,65.0,76.0,71.0,85.0,64.0,71.0,73.0,75.0,55.0
0,0.0,0.0,12.0,0.0,0.0,68.0,80.0,81.0,85.0,66.0,65.0,76.0,71.0,85.0,64.0,71.0,73.0,75.0,55.0
0,0.0,0.0,4.0,0.0,0.0,68.0,80.0,83.0,74.0,78.0,55.0,75.0,70.0,79.0,70.0,55.0,60.0,76.0,40.0
0,0.0,0.0,4.0,0.0,0.0,68.0,86.0,85.0,81.0,64.0,64.0,72.0,63.0,82.0,65.0,71.0,76.0,74.0,50.0
0,0.0,0.0,0.0,0.0,0.0,68.0,75.0,82.0,73.0,69.0,56.0,83.0,67.0,88.0,70.0,56.0,71.0,73.0,54.0
0,0.0,0.0,18.0,0.0,0.0,68.0,79.0,83.0,79.0,66.0,73.0,78.0,65.0,83.0,78.0,67.0,74.0,87.0,40.0
0,0.0,0.0,38.0,0.0,0.0,68.0,85.0,88.0,75.0,77.0,64.0,84.0,85.0,74.0,59.0,55.0,65.0,82.0,65.0
0,0.0,0.0,17.0,0.0,0.0,67.0,82.0,84.0,73.0,67.0,60.0,67.0,66.0,82.0,70.0,50.0,65.0,68.0,50.0
0,0.0,0.0,1.0,0.0,0.0,67.0,85.0,91.0,84.0,81.0,49.0,76.0,72.0,71.0,55.0,62.0,75.0,71.0,69.0
0,0.0,0.0,2.0,0.0,0.0,67.0,77.0,81.0,74.0,81.0,55.0,83.0,85.0,76.0,67.0,52.0,71.0,90.0,50.0
0,0.0,0.0,34.0,0.0,0.0,67.0,77.0,81.0,74.0,81.0,55.0,83.0,85.0,76.0,67.0,52.0,71.0,90.0,50.0
0,0.0,0.0,67.0,0.0,1.0,67.0,84.0,77.0,79.0,71.0,60.0,78.0,67.0,74.0,57.0,55.0,60.0,84.0,10.0
0,0.0,0.0,11.0,0.0,0.0,67.0,81.0,77.0,85.0,72.0,64.0,79.0,75.0,80.0,64.0,63.0,76.0,85.0,60.0
0,0.0,0.0,2.0,0.0,0.0,67.0,77.0,90.0,72.0,83.0,62.0,74.0,64.0,82.0,55.0,50.0,60.0,83.0,45.0
0,0.0,0.0,0.0,0.0,0.0,67.0,79.0,84.0,80.0,68.0,70.0,80.0,66.0,82.0,65.0,66.0,75.0,80.0,45.0
0,0.0,0.0,0.0,0.0,0.0,67.0,80.0,82.0,75.0,75.0,62.0,83.0,78.0,78.0,64.0,56.0,66.0,87.0,45.0
0,0.0,0.0,0.0,0.0,0.0,67.0,85.0,91.0,88.0,78.0,68.0,81.0,69.0,79.0,60.0,55.0,65.0,77.0,55.0
0,0.0,0.0,0.0,0.0,0.0,67.0,80.0,87.0,74.0,69.0,69.0,78.0,70.0,79.0,67.0,60.0,69.0,77.0,50.0
0,0.0,0.0,0.0,0.0,0.0,67.0,76.0,81.0,73.0,74.0,62.0,72.0,66.0,79.0,63.0,52.0,62.0,74.0,25.0
0,0.0,0.0,3.0,0.0,0.0,67.0,74.0,76.0,74.0,74.0,74.0,82.0,72.0,80.0,67.0,55.0,67.0,79.0,50.0
0,0.0,0.0,0.0,0.0,0.0,67.0,81.0,83.0,72.0,72.0,73.0,81.0,79.0,85.0,58.0,59.0,69.0,72.0,55.0
0,0.0,0.0,0.0,0.0,0.0,67.0,81.0,83.0,72.0,72.0,73.0,81.0,79.0,85.0,58.0,59.0,69.0,72.0,55.0
0,0.0,0.0,0.0,0.0,0.0,67.0,81.0,83.0,72.0,72.0,73.0,81.0,79.0,85.0,58.0,59.0,69.0,72.0,55.0
0,0.0,0.0,3.0,0.0,0.0,67.0,81.0,83.0,72.0,72.0,73.0,81.0,79.0,85.0,58.0,59.0,69.0,72.0,55.0
0,0.0,0.0,0.0,0.0,0.0,67.0,82.0,86.0,76.0,74.0,55.0,73.0,64.0,80.0,63.0,68.0,73.0,72.0,45.0
0,0.0,0.0,14.0,0.0,0.0,67.0,74.0,82.0,71.0,77.0,72.0,71.0,57.0,80.0,63.0,54.0,65.0,65.0,30.0
0,0.0,0.0,0.0,0.0,0.0,67.0,78.0,85.0,72.0,76.0,60.0,79.0,85.0,74.0,71.0,55.0,75.0,72.0,50.0
0,0.0,0.0,0.0,0.0,0.0,67.0,77.0,82.0,74.0,68.0,68.0,78.0,68.0,78.0,56.0,53.0,61.0,70.0,35.0
0,0.0,0.0,7.0,0.0,0.0,67.0,74.0,76.0,70.0,65.0,70.0,83.0,70.0,77.0,72.0,55.0,73.0,82.0,39.0
0,0.0,0.0,0.0,0.0,0.0,66.0,80.0,75.0,76.0,74.0,61.0,84.0,67.0,79.0,71.0,69.0,73.0,77.0,60.0
0,0.0,0.0,5.0,0.0,0.0,66.0,82.0,77.0,80.0,66.0,66.0,83.0,68.0,89.0,66.0,50.0,72.0,77.0,52.0
0,0.0,0.0,0.0,0.0,0.0,66.0,80.0,85.0,75.0,69.0,66.0,67.0,62.0,74.0,64.0,47.0,61.0,82.0,62.0
0,0.0,0.0,1.0,0.0,0.0,66.0,77.0,78.0,72.0,64.0,63.0,69.0,65.0,82.0,65.0,69.0,75.0,81.0,77.0
0,0.0,0.0,52.0,0.0,1.0,66.0,84.0,86.0,87.0,65.0,49.0,79.0,64.0,85.0,62.0,68.0,74.0,73.0,47.0
0,0.0,0.0,0.0,0.0,0.0,66.0,84.0,86.0,87.0,65.0,49.0,79.0,64.0,85.0,62.0,68.0,74.0,73.0,47.0
0,0.0,0.0,3.0,0.0,0.0,66.0,84.0,87.0,85.0,71.0,45.0,75.0,64.0,71.0,74.0,58.0,73.0,69.0,65.0
0,0.0,0.0,0.0,0.0,0.0,66.0,77.0,79.0,75.0,77.0,49.0,79.0,69.0,83.0,66.0,55.0,66.0,79.0,50.0
0,0.0,0.0,33.0,0.0,0.0,66.0,84.0,83.0,76.0,74.0,59.0,79.0,65.0,75.0,52.0,54.0,67.0,73.0,49.0
0,0.0,0.0,0.0,0.0,0.0,66.0,82.0,86.0,73.0,86.0,52.0,82.0,65.0,76.0,48.0,55.0,60.0,74.0,24.0
0,0.0,0.0,0.0,0.0,0.0,66.0,82.0,86.0,73.0,86.0,52.0,82.0,65.0,76.0,48.0,55.0,60.0,74.0,24.0
0,0.0,0.0,8.0,0.0,0.0,66.0,82.0,86.0,73.0,86.0,52.0,82.0,65.0,76.0,48.0,55.0,60.0,74.0,24.0
0,0.0,0.0,0.0,0.0,0.0,66.0,84.0,79.0,77.0,82.0,65.0,79.0,72.0,82.0,57.0,65.0,73.0,88.0,54.0
0,0.0,0.0,0.0,0.0,0.0,66.0,73.0,76.0,72.0,77.0,70.0,86.0,74.0,73.0,72.0,50.0,63.0,70.0,50.0
0,0.0,0.0,3.0,0.0,0.0,66.0,82.0,86.0,75.0,76.0,54.0,83.0,76.0,74.0,70.0,72.0,67.0,75.0,66.0
0,0.0,0.0,1.0,0.0,0.0,66.0,73.0,84.0,69.0,81.0,54.0,77.0,77.0,81.0,55.0,55.0,60.0,77.0,40.0
0,0.0,0.0,41.0,0.0,0.0,66.0,81.0,84.0,75.0,70.0,59.0,78.0,66.0,72.0,65.0,60.0,72.0,75.0,65.0
0,0.0,0.0,1.0,0.0,0.0,66.0,84.0,86.0,71.0,77.0,49.0,73.0,78.0,77.0,54.0,55.0,70.0,79.0,46.0
0,0.0,0.0,0.0,0.0,0.0,66.0,81.0,85.0,82.0,72.0,54.0,74.0,60.0,77.0,64.0,60.0,72.0,74.0,52.0
0,0.0,0.0,0.0,0.0,0.0,66.0,79.0,83.0,80.0,65.0,70.0,78.0,67.0,84.0,67.0,63.0,73.0,74.0,70.0
0,0.0,0.0,30.0,0.0,0.0,66.0,77.0,84.0,78.0,64.0,69.0,80.0,64.0,76.0,58.0,60.0,72.0,74.0,60.0
0,0.0,0.0,0.0,0.0,0.0,66.0,77.0,84.0,78.0,64.0,69.0,80.0,64.0,76.0,58.0,60.0,72.0,74.0,60.0
0,0.0,0.0,0.0,0.0,0.0,66.0,77.0,84.0,78.0,64.0,69.0,80.0,64.0,76.0,58.0,60.0,72.0,74.0,60.0
0,0.0,0.0,13.0,0.0,0.0,66.0,79.0,86.0,88.0,59.0,59.0,74.0,60.0,85.0,82.0,73.0,76.0,81.0,55.0
0,0.0,0.0,0.0,0.0,0.0,66.0,82.0,78.0,78.0,77.0,55.0,74.0,73.0,78.0,56.0,50.0,62.0,85.0,45.0
0,0.0,0.0,6.0,0.0,0.0,66.0,77.0,81.0,72.0,78.0,63.0,85.0,76.0,77.0,73.0,53.0,70.0,64.0,45.0
0,0.0,0.0,2.0,0.0,0.0,65.0,85.0,88.0,86.0,76.0,55.0,78.0,77.0,84.0,64.0,58.0,68.0,84.0,44.0
0,0.0,0.0,0.0,0.0,0.0,65.0,75.0,81.0,71.0,66.0,65.0,79.0,66.0,81.0,69.0,57.0,66.0,74.0,45.0
0,0.0,0.0,0.0,0.0,0.0,65.0,74.0,81.0,72.0,77.0,66.0,69.0,67.0,74.0,63.0,55.0,65.0,74.0,14.0
0,0.0,0.0,5.0,0.0,0.0,65.0,79.0,77.0,78.0,78.0,54.0,78.0,75.0,72.0,49.0,50.0,60.0,86.0,55.0
0,0.0,0.0,0.0,0.0,0.0,65.0,76.0,84.0,82.0,76.0,52.0,85.0,80.0,81.0,62.0,51.0,61.0,87.0,40.0
0,0.0,0.0,0.0,0.0,0.0,65.0,76.0,84.0,82.0,76.0,52.0,85.0,80.0,81.0,62.0,51.0,61.0,87.0,40.0
0,0.0,0.0,1.0,0.0,0.0,65.0,76.0,84.0,82.0,76.0,52.0,85.0,80.0,81.0,62.0,51.0,61.0,87.0,40.0
0,0.0,0.0,0.0,0.0,0.0,65.0,77.0,85.0,74.0,68.0,67.0,70.0,67.0,82.0,59.0,50.0,60.0,72.0,50.0
0,0.0,0.0,0.0,0.0,0.0,65.0,71.0,79.0,73.0,74.0,70.0,80.0,76.0,79.0,70.0,52.0,64.0,72.0,45.0
0,0.0,0.0,1.0,0.0,0.0,65.0,83.0,84.0,86.0,75.0,65.0,78.0,73.0,81.0,64.0,55.0,67.0,77.0,20.0
0,0.0,0.0,4.0,0.0,0.0,65.0,76.0,84.0,77.0,73.0,57.0,82.0,82.0,72.0,55.0,52.0,74.0,87.0,54.0
0,0.0,0.0,0.0,0.0,0.0,65.0,80.0,86.0,83.0,74.0,52.0,77.0,68.0,83.0,70.0,51.0,61.0,85.0,40.0
0,0.0,0.0,9.0,0.0,0.0,65.0,79.0,87.0,74.0,73.0,56.0,77.0,64.0,74.0,55.0,55.0,65.0,77.0,20.0
0,0.0,0.0,0.0,0.0,0.0,65.0,77.0,83.0,74.0,76.0,58.0,76.0,75.0,74.0,55.0,50.0,60.0,77.0,55.0
0,0.0,0.0,0.0,0.0,0.0,65.0,81.0,87.0,85.0,84.0,57.0,73.0,78.0,73.0,64.0,70.0,74.0,87.0,55.0
0,0.0,0.0,15.0,0.0,0.0,65.0,90.0,92.0,87.0,80.0,54.0,79.0,60.0,79.0,45.0,56.0,68.0,67.0,40.0
0,0.0,0.0,0.0,0.0,0.0,65.0,74.0,81.0,72.0,69.0,68.0,85.0,81.0,87.0,55.0,40.0,55.0,66.0,65.0
0,0.0,0.0,1.0,0.0,0.0,65.0,84.0,91.0,82.0,65.0,64.0,60.0,64.0,85.0,52.0,54.0,60.0,79.0,30.0
0,0.0,0.0,4.0,0.0,0.0,65.0,90.0,91.0,87.0,74.0,53.0,67.0,63.0,74.0,51.0,74.0,70.0,87.0,50.0
0,0.0,0.0,83.0,1.0,6.0,64.0,80.0,74.0,78.0,78.0,61.0,74.0,70.0,72.0,64.0,66.0,69.0,77.0,40.0
0,0.0,0.0,30.0,0.0,0.0,64.0,80.0,74.0,78.0,78.0,61.0,74.0,70.0,72.0,64.0,66.0,69.0,77.0,40.0
0,0.0,0.0,0.0,0.0,0.0,64.0,85.0,89.0,86.0,63.0,54.0,83.0,66.0,84.0,69.0,73.0,75.0,68.0,66.0
0,0.0,0.0,0.0,0.0,0.0,64.0,75.0,78.0,75.0,73.0,68.0,77.0,78.0,86.0,50.0,45.0,60.0,80.0,50.0
0,0.0,0.0,0.0,0.0,0.0,64.0,83.0,77.0,74.0,78.0,51.0,76.0,74.0,77.0,61.0,55.0,61.0,69.0,42.0
0,0.0,0.0,4.0,0.0,0.0,64.0,80.0,90.0,75.0,74.0,48.0,74.0,64.0,73.0,56.0,55.0,70.0,85.0,50.0
0,0.0,0.0,0.0,0.0,0.0,64.0,81.0,83.0,77.0,68.0,64.0,76.0,67.0,78.0,65.0,60.0,71.0,76.0,54.0
0,0.0,0.0,41.0,0.0,0.0,64.0,82.0,85.0,81.0,74.0,59.0,75.0,75.0,74.0,69.0,51.0,62.0,87.0,60.0
0,0.0,0.0,0.0,0.0,0.0,64.0,86.0,85.0,74.0,73.0,55.0,78.0,68.0,82.0,62.0,54.0,63.0,90.0,45.0
0,0.0,0.0,0.0,0.0,0.0,64.0,75.0,87.0,88.0,76.0,39.0,72.0,63.0,82.0,69.0,62.0,73.0,72.0,48.0
0,0.0,0.0,0.0,0.0,0.0,64.0,76.0,83.0,85.0,69.0,64.0,79.0,66.0,74.0,63.0,69.0,77.0,85.0,72.0
0,0.0,0.0,42.0,0.0,1.0,64.0,90.0,95.0,88.0,62.0,45.0,68.0,61.0,77.0,62.0,69.0,75.0,82.0,60.0
0,0.0,0.0,1.0,0.0,0.0,64.0,73.0,67.0,71.0,64.0,72.0,83.0,65.0,82.0,78.0,50.0,62.0,66.0,40.0
0,0.0,0.0,0.0,0.0,0.0,64.0,82.0,78.0,75.0,79.0,48.0,68.0,62.0,74.0,65.0,61.0,66.0,88.0,45.0
0,0.0,0.0,0.0,0.0,0.0,64.0,78.0,86.0,81.0,65.0,59.0,80.0,66.0,72.0,53.0,65.0,73.0,81.0,74.0
0,0.0,0.0,0.0,0.0,0.0,64.0,83.0,87.0,74.0,63.0,50.0,77.0,68.0,82.0,67.0,52.0,68.0,91.0,44.0
0,0.0,0.0,0.0,0.0,0.0,64.0,84.0,88.0,80.0,64.0,69.0,76.0,60.0,76.0,55.0,56.0,70.0,69.0,40.0
0,0.0,0.0,0.0,0.0,0.0,64.0,74.0,82.0,75.0,70.0,68.0,77.0,74.0,71.0,64.0,50.0,64.0,77.0,42.0
0,0.0,0.0,0.0,0.0,0.0,63.0,83.0,78.0,81.0,63.0,54.0,79.0,63.0,82.0,64.0,72.0,70.0,72.0,60.0
0,0.0,0.0,0.0,0.0,0.0,63.0,89.0,85.0,83.0,81.0,62.0,75.0,66.0,73.0,59.0,50.0,68.0,85.0,49.0
0,0.0,0.0,0.0,0.0,0.0,63.0,80.0,83.0,85.0,65.0,57.0,76.0,64.0,81.0,65.0,66.0,74.0,72.0,59.0
0,0.0,0.0,0.0,0.0,0.0,63.0,81.0,86.0,75.0,65.0,65.0,71.0,62.0,82.0,46.0,55.0,60.0,72.0,45.0
0,0.0,0.0,0.0,0.0,0.0,63.0,81.0,83.0,85.0,69.0,62.0,76.0,65.0,87.0,39.0,67.0,74.0,87.0,50.0
0,0.0,0.0,10.0,0.0,0.0,63.0,82.0,80.0,71.0,65.0,66.0,74.0,76.0,78.0,61.0,70.0,65.0,79.0,44.0
0,0.0,0.0,10.0,0.0,0.0,63.0,74.0,76.0,74.0,68.0,72.0,78.0,65.0,80.0,64.0,60.0,68.0,75.0,55.0
0,0.0,0.0,2.0,0.0,0.0,63.0,82.0,87.0,83.0,78.0,50.0,77.0,73.0,82.0,60.0,54.0,64.0,76.0,40.0
0,0.0,0.0,0.0,0.0,0.0,63.0,74.0,83.0,78.0,70.0,56.0,81.0,73.0,76.0,56.0,63.0,77.0,84.0,55.0
0,0.0,0.0,9.0,0.0,0.0,63.0,82.0,86.0,73.0,76.0,66.0,73.0,68.0,71.0,77.0,54.0,72.0,64.0,55.0
0,0.0,0.0,0.0,0.0,0.0,63.0,82.0,88.0,77.0,79.0,48.0,73.0,84.0,75.0,49.0,65.0,70.0,76.0,54.0
0,0.0,0.0,0.0,0.0,0.0,63.0,73.0,80.0,75.0,69.0,67.0,78.0,66.0,77.0,66.0,52.0,63.0,74.0,44.0
0,0.0,0.0,0.0,0.0,0.0,63.0,77.0,84.0,74.0,75.0,57.0,73.0,67.0,83.0,54.0,51.0,70.0,75.0,10.0
0,0.0,0.0,4.0,0.0,0.0,63.0,76.0,85.0,78.0,66.0,66.0,77.0,66.0,78.0,71.0,54.0,60.0,76.0,50.0
0,0.0,0.0,0.0,0.0,0.0,63.0,77.0,84.0,77.0,67.0,59.0,79.0,72.0,80.0,64.0,57.0,69.0,78.0,51.0
0,0.0,0.0,0.0,0.0,0.0,63.0,86.0,92.0,75.0,74.0,43.0,81.0,65.0,74.0,49.0,60.0,65.0,71.0,40.0
0,0.0,0.0,0.0,0.0,0.0,62.0,90.0,87.0,77.0,65.0,63.0,73.0,64.0,76.0,45.0,45.0,55.0,84.0,54.0
0,0.0,0.0,8.0,0.0,0.0,62.0,83.0,87.0,82.0,76.0,49.0,77.0,62.0,76.0,44.0,60.0,70.0,75.0,53.0
0,0.0,0.0,4.0,0.0,0.0,62.0,74.0,88.0,73.0,77.0,64.0,77.0,68.0,78.0,68.0,50.0,74.0,72.0,45.0
0,0.0,0.0,0.0,0.0,0.0,62.0,86.0,85.0,81.0,63.0,56.0,76.0,61.0,79.0,45.0,71.0,75.0,86.0,75.0
0,0.0,0.0,1.0,0.0,0.0,62.0,84.0,91.0,86.0,73.0,42.0,80.0,67.0,67.0,47.0,55.0,60.0,84.0,45.0
0,0.0,0.0,0.0,0.0,0.0,62.0,84.0,80.0,76.0,68.0,58.0,78.0,69.0,69.0,60.0,60.0,75.0,86.0,60.0
0,0.0,0.0,7.0,0.0,0.0,61.0,88.0,85.0,85.0,76.0,50.0,74.0,62.0,81.0,62.0,65.0,75.0,69.0,65.0
0,0.0,0.0,0.0,0.0,0.0,61.0,80.0,83.0,79.0,75.0,57.0,75.0,61.0,74.0,60.0,62.0,72.0,75.0,64.0
0,0.0,0.0,14.0,0.0,0.0,61.0,83.0,94.0,74.0,72.0,37.0,74.0,78.0,69.0,55.0,55.0,64.0,74.0,45.0
0,0.0,0.0,2.0,0.0,0.0,61.0,79.0,83.0,85.0,65.0,55.0,76.0,62.0,73.0,74.0,62.0,76.0,75.0,80.0
0,0.0,0.0,4.0,0.0,0.0,61.0,83.0,84.0,73.0,76.0,55.0,75.0,65.0,77.0,62.0,55.0,60.0,78.0,16.0
0,0.0,0.0,0.0,0.0,0.0,61.0,79.0,81.0,77.0,62.0,53.0,76.0,75.0,69.0,43.0,55.0,60.0,74.0,40.0
0,0.0,0.0,0.0,0.0,0.0,61.0,79.0,81.0,75.0,76.0,51.0,69.0,69.0,72.0,51.0,54.0,61.0,77.0,55.0
0,0.0,0.0,0.0,0.0,0.0,61.0,84.0,78.0,80.0,74.0,62.0,73.0,64.0,84.0,53.0,65.0,75.0,76.0,67.0
0,0.0,0.0,11.0,0.0,0.0,61.0,87.0,88.0,88.0,73.0,52.0,73.0,64.0,73.0,41.0,70.0,73.0,73.0,66.0
0,0.0,0.0,0.0,0.0,0.0,61.0,85.0,89.0,82.0,61.0,60.0,72.0,70.0,79.0,59.0,52.0,63.0,74.0,55.0
0,0.0,0.0,2.0,0.0,0.0,60.0,84.0,86.0,74.0,75.0,47.0,72.0,78.0,67.0,49.0,52.0,64.0,75.0,40.0
0,0.0,0.0,0.0,0.0,0.0,60.0,79.0,83.0,81.0,69.0,57.0,87.0,64.0,78.0,55.0,61.0,73.0,68.0,60.0
0,0.0,0.0,17.0,0.0,0.0,60.0,74.0,84.0,86.0,77.0,65.0,77.0,68.0,73.0,52.0,65.0,74.0,65.0,59.0
0,0.0,0.0,1.0,0.0,0.0,60.0,92.0,91.0,88.0,63.0,43.0,76.0,59.0,79.0,46.0,68.0,75.0,76.0,40.0
0,0.0,0.0,0.0,0.0,0.0,59.0,74.0,77.0,69.0,75.0,67.0,81.0,65.0,73.0,62.0,51.0,67.0,66.0,52.0
0,0.0,0.0,0.0,0.0,0.0,59.0,88.0,84.0,83.0,73.0,55.0,69.0,67.0,77.0,60.0,64.0,75.0,76.0,60.0
0,0.0,0.0,0.0,0.0,0.0,59.0,73.0,76.0,68.0,75.0,58.0,83.0,76.0,73.0,55.0,50.0,60.0,81.0,45.0
0,0.0,0.0,0.0,0.0,0.0,59.0,77.0,81.0,78.0,67.0,58.0,74.0,65.0,74.0,69.0,60.0,70.0,77.0,50.0
0,0.0,0.0,0.0,0.0,0.0,58.0,74.0,75.0,72.0,63.0,60.0,82.0,72.0,58.0,68.0,55.0,68.0,69.0,45.0
0,0.0,0.0,0.0,0.0,0.0,56.0,81.0,85.0,84.0,65.0,53.0,71.0,68.0,77.0,49.0,69.0,74.0,83.0,65.0
0,0.0,0.0,1.0,0.0,0.0,56.0,81.0,85.0,84.0,65.0,53.0,71.0,68.0,77.0,49.0,69.0,74.0,83.0,65.0
0,0.0,0.0,0.0,0.0,0.0,55.0,80.0,85.0,88.0,78.0,42.0,69.0,60.0,75.0,35.0,50.0,55.0,76.0,45.0
75,250.0,0.0,104.0,3.0,8.0,97.0,89.0,88.0,87.0,85.0,86.0,94.0,93.0,98.0,87.0,62.0,72.0,89.0,60.0
75,258.0,0.0,74.0,1.0,4.0,97.0,83.0,86.0,84.0,85.0,89.0,92.0,93.0,97.0,88.0,64.0,75.0,91.0,24.0
75,238.0,0.0,91.0,5.0,7.0,96.0,84.0,89.0,84.0,76.0,96.0,98.0,86.0,99.0,98.0,70.0,85.0,84.0,54.0
72,242.0,0.0,71.0,4.0,3.0,93.0,82.0,86.0,83.0,79.0,89.0,97.0,92.0,96.0,88.0,73.0,82.0,93.0,55.0
74,235.0,0.0,45.0,0.0,0.0,93.0,83.0,86.0,84.0,67.0,97.0,96.0,74.0,96.0,95.0,68.0,77.0,75.0,54.0
75,270.0,0.0,65.0,0.0,2.0,93.0,83.0,88.0,76.0,84.0,84.0,95.0,88.0,92.0,87.0,66.0,86.0,90.0,78.0
75,260.0,0.0,110.0,1.0,7.0,93.0,76.0,85.0,75.0,91.0,94.0,92.0,87.0,95.0,87.0,51.0,60.0,84.0,45.0
72,241.0,0.0,127.0,6.0,10.0,92.0,88.0,89.0,85.0,74.0,86.0,97.0,78.0,96.0,90.0,70.0,85.0,95.0,42.0
73,233.0,0.0,90.0,1.0,1.0,91.0,85.0,89.0,87.0,66.0,88.0,97.0,74.0,98.0,95.0,75.0,88.0,81.0,55.0
75,252.0,0.0,102.0,3.0,9.0,91.0,87.0,92.0,88.0,82.0,78.0,95.0,86.0,97.0,79.0,62.0,78.0,89.0,45.0
75,251.0,0.0,81.0,0.0,0.0,90.0,79.0,83.0,75.0,84.0,94.0,93.0,84.0,91.0,97.0,69.0,83.0,85.0,55.0
75,275.0,0.0,75.0,0.0,5.0,90.0,75.0,85.0,76.0,91.0,92.0,82.0,82.0,89.0,94.0,57.0,68.0,88.0,18.0
75,255.0,0.0,0.0,0.0,0.0,90.0,82.0,91.0,85.0,82.0,90.0,90.0,79.0,96.0,88.0,65.0,75.0,95.0,45.0
75,255.0,0.0,94.0,0.0,4.0,90.0,82.0,91.0,85.0,82.0,90.0,90.0,79.0,96.0,88.0,65.0,75.0,95.0,45.0
75,255.0,0.0,77.0,1.0,6.0,90.0,82.0,91.0,85.0,82.0,90.0,90.0,79.0,96.0,88.0,65.0,75.0,95.0,45.0
73,235.0,0.0,80.0,1.0,3.0,90.0,82.0,82.0,87.0,73.0,89.0,92.0,70.0,95.0,90.0,75.0,87.0,90.0,60.0
75,250.0,0.0,58.0,0.0,1.0,90.0,83.0,90.0,81.0,65.0,83.0,92.0,76.0,93.0,84.0,67.0,84.0,86.0,45.0
74,250.0,0.0,2.0,0.0,0.0,90.0,76.0,83.0,81.0,82.0,95.0,92.0,78.0,92.0,95.0,69.0,84.0,88.0,57.0
74,250.0,0.0,72.0,0.0,0.0,90.0,76.0,83.0,81.0,82.0,95.0,92.0,78.0,92.0,95.0,69.0,84.0,88.0,57.0
76,260.0,0.0,63.0,0.0,4.0,90.0,81.0,86.0,77.0,86.0,87.0,83.0,84.0,93.0,88.0,58.0,68.0,87.0,15.0
73,234.0,0.0,72.0,0.0,1.0,90.0,79.0,90.0,84.0,76.0,90.0,93.0,80.0,95.0,88.0,63.0,69.0,88.0,61.0
76,265.0,0.0,34.0,1.0,1.0,89.0,81.0,84.0,87.0,86.0,76.0,88.0,85.0,95.0,78.0,62.0,69.0,90.0,24.0
74,234.0,0.0,53.0,1.0,2.0,89.0,82.0,89.0,77.0,75.0,87.0,92.0,75.0,93.0,95.0,70.0,83.0,83.0,50.0
73,250.0,0.0,51.0,1.0,2.0,89.0,83.0,90.0,85.0,76.0,88.0,90.0,86.0,95.0,89.0,71.0,77.0,92.0,45.0
74,258.0,0.0,0.0,0.0,0.0,89.0,77.0,84.0,78.0,75.0,90.0,79.0,77.0,93.0,87.0,60.0,71.0,85.0,35.0
76,270.0,0.0,29.0,0.0,0.0,88.0,74.0,87.0,74.0,84.0,87.0,85.0,76.0,87.0,87.0,56.0,70.0,85.0,50.0
75,242.0,0.0,80.0,1.0,4.0,88.0,82.0,87.0,84.0,73.0,93.0,93.0,74.0,96.0,94.0,72.0,82.0,82.0,55.0
75,242.0,0.0,2.0,1.0,4.0,88.0,82.0,87.0,84.0,73.0,93.0,93.0,74.0,96.0,94.0,72.0,82.0,82.0,55.0
79,287.0,0.0,130.0,3.0,9.0,88.0,72.0,87.0,84.0,83.0,94.0,80.0,69.0,86.0,85.0,55.0,75.0,88.0,38.0
71,255.0,0.0,63.0,2.0,5.0,88.0,75.0,80.0,79.0,76.0,92.0,75.0,75.0,95.0,93.0,54.0,65.0,76.0,10.0
74,235.0,0.0,21.0,0.0,0.0,88.0,84.0,90.0,87.0,68.0,79.0,96.0,83.0,96.0,91.0,68.0,72.0,85.0,47.0
74,235.0,0.0,81.0,0.0,5.0,88.0,84.0,90.0,87.0,68.0,79.0,96.0,83.0,96.0,91.0,68.0,72.0,85.0,47.0
75,280.0,0.0,29.0,0.0,0.0,87.0,76.0,81.0,76.0,90.0,85.0,82.0,86.0,89.0,85.0,50.0,62.0,87.0,16.0
74,245.0,0.0,67.0,1.0,5.0,87.0,75.0,87.0,84.0,79.0,93.0,80.0,67.0,90.0,93.0,50.0,62.0,78.0,20.0
76,264.0,0.0,51.0,0.0,1.0,87.0,82.0,89.0,77.0,80.0,86.0,79.0,74.0,84.0,87.0,60.0,67.0,75.0,50.0
75,238.0,0.0,33.0,0.0,0.0,87.0,80.0,85.0,83.0,66.0,85.0,92.0,78.0,95.0,94.0,72.0,86.0,82.0,55.0
71,245.0,0.0,49.0,0.0,0.0,87.0,75.0,81.0,81.0,80.0,91.0,90.0,85.0,89.0,94.0,65.0,76.0,91.0,60.0
75,261.0,0.0,40.0,0.0,0.0,87.0,77.0,86.0,77.0,82.0,82.0,76.0,82.0,90.0,85.0,65.0,84.0,79.0,18.0
76,257.0,0.0,58.0,0.0,4.0,87.0,81.0,88.0,79.0,91.0,82.0,85.0,87.0,94.0,79.0,57.0,64.0,89.0,35.0
73,248.0,0.0,0.0,0.0,0.0,86.0,76.0,81.0,75.0,79.0,78.0,90.0,86.0,95.0,86.0,67.0,80.0,95.0,45.0
76,259.0,0.0,25.0,0.0,0.0,86.0,80.0,85.0,80.0,77.0,86.0,92.0,84.0,91.0,85.0,65.0,79.0,87.0,55.0
72,240.0,0.0,38.0,0.0,0.0,86.0,89.0,91.0,81.0,74.0,86.0,90.0,71.0,96.0,85.0,70.0,83.0,90.0,53.0
74,265.0,0.0,59.0,0.0,1.0,86.0,79.0,86.0,74.0,78.0,80.0,86.0,85.0,91.0,81.0,52.0,62.0,88.0,20.0
76,246.0,0.0,64.0,0.0,1.0,86.0,79.0,84.0,80.0,69.0,86.0,91.0,74.0,90.0,85.0,70.0,82.0,87.0,65.0
77,255.0,0.0,56.0,0.0,4.0,85.0,91.0,90.0,89.0,67.0,75.0,85.0,80.0,91.0,76.0,55.0,68.0,81.0,35.0
73,250.0,0.0,83.0,1.0,6.0,84.0,83.0,86.0,79.0,77.0,83.0,89.0,79.0,94.0,84.0,74.0,89.0,80.0,40.0
73,250.0,0.0,30.0,0.0,0.0,84.0,83.0,86.0,79.0,77.0,83.0,89.0,79.0,94.0,84.0,74.0,89.0,80.0,40.0
74,230.0,0.0,34.0,0.0,1.0,84.0,86.0,88.0,88.0,73.0,71.0,91.0,84.0,93.0,80.0,70.0,77.0,87.0,55.0
75,252.0,0.0,30.0,0.0,0.0,84.0,77.0,84.0,76.0,69.0,84.0,90.0,75.0,92.0,88.0,68.0,79.0,85.0,45.0
73,230.0,0.0,36.0,0.0,0.0,84.0,83.0,87.0,84.0,64.0,84.0,88.0,69.0,92.0,85.0,68.0,78.0,80.0,65.0
75,248.0,0.0,42.0,0.0,0.0,84.0,87.0,90.0,83.0,70.0,75.0,89.0,77.0,94.0,75.0,62.0,71.0,85.0,40.0
72,242.0,0.0,0.0,0.0,0.0,84.0,69.0,84.0,72.0,84.0,93.0,82.0,73.0,78.0,88.0,59.0,65.0,90.0,60.0
74,255.0,0.0,49.0,0.0,0.0,83.0,82.0,87.0,76.0,80.0,88.0,87.0,78.0,88.0,84.0,59.0,70.0,93.0,48.0
74,241.0,0.0,44.0,0.0,0.0,83.0,85.0,86.0,82.0,72.0,77.0,87.0,80.0,92.0,76.0,73.0,83.0,90.0,49.0
76,258.0,0.0,100.0,4.0,9.0,83.0,81.0,83.0,80.0,84.0,87.0,73.0,66.0,84.0,85.0,55.0,72.0,85.0,60.0
74,242.0,0.0,58.0,0.0,1.0,83.0,81.0,88.0,79.0,76.0,92.0,88.0,75.0,88.0,94.0,64.0,68.0,79.0,65.0
76,240.0,0.0,24.0,0.0,0.0,82.0,85.0,90.0,84.0,69.0,74.0,85.0,78.0,88.0,74.0,59.0,62.0,82.0,65.0
75,270.0,0.0,68.0,0.0,2.0,82.0,76.0,87.0,76.0,75.0,88.0,77.0,73.0,91.0,89.0,50.0,60.0,65.0,35.0
72,240.0,0.0,61.0,0.0,1.0,82.0,75.0,82.0,77.0,78.0,92.0,87.0,74.0,87.0,91.0,65.0,69.0,85.0,50.0
73,247.0,0.0,58.0,0.0,2.0,82.0,78.0,82.0,82.0,71.0,91.0,90.0,73.0,91.0,89.0,66.0,76.0,75.0,60.0
74,242.0,0.0,41.0,0.0,0.0,82.0,83.0,92.0,77.0,71.0,79.0,91.0,78.0,93.0,81.0,67.0,80.0,80.0,65.0
75,249.0,0.0,52.0,0.0,1.0,82.0,80.0,89.0,83.0,82.0,88.0,81.0,78.0,85.0,87.0,65.0,73.0,89.0,68.0
74,252.0,0.0,21.0,0.0,0.0,81.0,79.0,88.0,72.0,78.0,80.0,91.0,85.0,86.0,78.0,56.0,65.0,87.0,40.0
74,239.0,0.0,101.0,1.0,2.0,81.0,87.0,90.0,85.0,81.0,78.0,92.0,68.0,92.0,78.0,65.0,73.0,87.0,40.0
74,250.0,0.0,75.0,0.0,0.0,81.0,81.0,88.0,74.0,78.0,90.0,85.0,75.0,83.0,88.0,65.0,74.0,88.0,55.0
74,245.0,0.0,52.0,0.0,0.0,81.0,83.0,90.0,87.0,67.0,74.0,90.0,74.0,92.0,75.0,65.0,70.0,89.0,79.0
75,255.0,0.0,28.0,0.0,0.0,81.0,80.0,86.0,82.0,71.0,74.0,81.0,77.0,86.0,75.0,66.0,76.0,77.0,65.0
75,259.0,0.0,0.0,0.0,0.0,80.0,78.0,83.0,75.0,84.0,83.0,87.0,81.0,86.0,78.0,62.0,72.0,94.0,55.0
75,254.0,0.0,37.0,0.0,0.0,80.0,81.0,90.0,73.0,72.0,80.0,86.0,73.0,86.0,80.0,55.0,64.0,84.0,68.0
74,250.0,0.0,0.0,0.0,0.0,80.0,78.0,86.0,75.0,73.0,80.0,87.0,73.0,84.0,82.0,56.0,66.0,72.0,45.0
73,240.0,0.0,14.0,0.0,0.0,80.0,83.0,87.0,82.0,74.0,73.0,82.0,72.0,89.0,75.0,64.0,70.0,82.0,76.0
74,272.0,0.0,27.0,0.0,0.0,80.0,79.0,84.0,72.0,74.0,77.0,88.0,82.0,87.0,76.0,55.0,62.0,93.0,26.0
74,250.0,0.0,22.0,0.0,0.0,80.0,81.0,87.0,74.0,68.0,78.0,80.0,77.0,87.0,78.0,50.0,64.0,88.0,50.0
76,258.0,0.0,49.0,0.0,0.0,80.0,81.0,91.0,74.0,75.0,77.0,87.0,76.0,87.0,74.0,55.0,65.0,85.0,30.0
74,243.0,0.0,18.0,0.0,0.0,80.0,78.0,84.0,85.0,70.0,78.0,89.0,74.0,89.0,80.0,74.0,82.0,83.0,65.0
74,242.0,0.0,66.0,0.0,2.0,80.0,80.0,84.0,75.0,72.0,90.0,79.0,63.0,77.0,87.0,62.0,69.0,72.0,73.0
77,270.0,0.0,14.0,0.0,0.0,79.0,82.0,92.0,74.0,76.0,75.0,77.0,77.0,78.0,70.0,58.0,68.0,74.0,45.0
78,270.0,0.0,101.0,4.0,5.0,79.0,74.0,84.0,72.0,84.0,93.0,70.0,73.0,79.0,88.0,45.0,50.0,66.0,22.0
73,240.0,0.0,47.0,0.0,0.0,79.0,76.0,85.0,78.0,67.0,78.0,92.0,70.0,94.0,83.0,67.0,82.0,76.0,40.0
73,234.0,0.0,0.0,0.0,0.0,79.0,78.0,85.0,82.0,68.0,80.0,86.0,78.0,88.0,80.0,70.0,80.0,80.0,55.0
73,255.0,0.0,0.0,0.0,0.0,79.0,77.0,84.0,78.0,74.0,78.0,86.0,78.0,90.0,79.0,67.0,79.0,82.0,50.0
77,285.0,0.0,22.0,0.0,0.0,79.0,73.0,82.0,70.0,84.0,79.0,91.0,84.0,88.0,83.0,55.0,65.0,78.0,44.0
74,247.0,0.0,57.0,0.0,3.0,79.0,81.0,86.0,85.0,83.0,73.0,78.0,77.0,78.0,68.0,56.0,62.0,82.0,10.0
74,250.0,0.0,37.0,0.0,0.0,79.0,77.0,84.0,72.0,75.0,76.0,80.0,76.0,84.0,80.0,57.0,66.0,82.0,40.0
73,245.0,0.0,9.0,0.0,0.0,79.0,78.0,81.0,73.0,75.0,75.0,89.0,84.0,89.0,79.0,65.0,72.0,88.0,60.0
72,245.0,0.0,15.0,0.0,0.0,79.0,83.0,87.0,85.0,73.0,75.0,77.0,67.0,80.0,77.0,75.0,85.0,87.0,50.0
75,251.0,0.0,33.0,0.0,0.0,79.0,82.0,88.0,76.0,74.0,74.0,83.0,69.0,85.0,74.0,59.0,72.0,73.0,49.0
72,232.0,0.0,55.0,1.0,3.0,79.0,76.0,85.0,85.0,67.0,91.0,84.0,66.0,88.0,89.0,64.0,71.0,93.0,55.0
75,218.0,0.0,42.0,0.0,1.0,79.0,88.0,92.0,88.0,62.0,73.0,86.0,68.0,87.0,70.0,70.0,78.0,82.0,60.0
75,267.0,0.0,46.0,0.0,2.0,79.0,75.0,83.0,73.0,82.0,86.0,86.0,72.0,79.0,86.0,45.0,60.0,50.0,30.0
78,290.0,0.0,17.0,0.0,0.0,79.0,78.0,86.0,82.0,83.0,77.0,83.0,74.0,83.0,72.0,54.0,62.0,91.0,20.0
75,265.0,0.0,22.0,0.0,0.0,79.0,85.0,92.0,74.0,82.0,76.0,81.0,74.0,80.0,73.0,57.0,64.0,86.0,24.0
72,241.0,0.0,49.0,0.0,0.0,79.0,79.0,88.0,80.0,76.0,89.0,80.0,71.0,85.0,91.0,65.0,72.0,85.0,40.0
74,248.0,0.0,51.0,0.0,0.0,79.0,78.0,86.0,78.0,73.0,87.0,78.0,65.0,85.0,97.0,70.0,85.0,84.0,55.0
72,255.0,0.0,38.0,0.0,0.0,79.0,74.0,78.0,82.0,73.0,83.0,81.0,65.0,84.0,78.0,60.0,67.0,74.0,40.0
75,245.0,0.0,17.0,0.0,0.0,78.0,83.0,89.0,73.0,67.0,77.0,88.0,74.0,85.0,75.0,51.0,60.0,68.0,50.0
72,255.0,0.0,0.0,0.0,0.0,78.0,83.0,87.0,77.0,67.0,75.0,87.0,78.0,89.0,78.0,67.0,78.0,63.0,45.0
73,251.0,0.0,2.0,0.0,0.0,78.0,76.0,86.0,74.0,81.0,75.0,85.0,86.0,89.0,77.0,68.0,80.0,90.0,50.0
73,251.0,0.0,34.0,0.0,0.0,78.0,76.0,86.0,74.0,81.0,75.0,85.0,86.0,89.0,77.0,68.0,80.0,90.0,50.0
74,240.0,0.0,20.0,0.0,0.0,78.0,84.0,89.0,84.0,73.0,75.0,83.0,65.0,87.0,74.0,63.0,70.0,90.0,40.0
73,245.0,0.0,27.0,0.0,0.0,78.0,77.0,84.0,79.0,74.0,73.0,88.0,80.0,88.0,80.0,58.0,75.0,78.0,65.0
73,242.0,0.0,29.0,0.0,0.0,78.0,82.0,85.0,81.0,73.0,76.0,86.0,82.0,89.0,77.0,60.0,68.0,85.0,45.0
73,241.0,0.0,20.0,0.0,0.0,78.0,77.0,87.0,80.0,69.0,77.0,85.0,75.0,89.0,84.0,66.0,81.0,85.0,56.0
77,266.0,0.0,62.0,0.0,3.0,78.0,87.0,90.0,86.0,79.0,65.0,77.0,82.0,90.0,65.0,50.0,60.0,93.0,35.0
75,300.0,0.0,31.0,0.0,0.0,77.0,74.0,82.0,72.0,85.0,82.0,82.0,73.0,81.0,83.0,45.0,65.0,76.0,10.0
73,235.0,0.0,55.0,0.0,1.0,77.0,80.0,86.0,78.0,73.0,84.0,77.0,72.0,84.0,87.0,68.0,76.0,84.0,68.0
74,265.0,0.0,54.0,0.0,1.0,77.0,76.0,82.0,73.0,78.0,82.0,76.0,67.0,82.0,80.0,60.0,66.0,88.0,40.0
76,245.0,0.0,13.0,0.0,0.0,77.0,82.0,87.0,75.0,73.0,74.0,84.0,67.0,84.0,73.0,62.0,75.0,62.0,40.0
73,232.0,0.0,0.0,0.0,0.0,77.0,83.0,89.0,76.0,74.0,81.0,88.0,72.0,87.0,80.0,58.0,66.0,78.0,50.0
73,245.0,0.0,0.0,0.0,0.0,77.0,77.0,87.0,73.0,76.0,81.0,81.0,79.0,84.0,79.0,54.0,66.0,88.0,40.0
76,265.0,0.0,61.0,0.0,0.0,77.0,71.0,82.0,73.0,74.0,85.0,81.0,73.0,82.0,84.0,70.0,66.0,75.0,74.0
71,244.0,0.0,18.0,0.0,0.0,77.0,72.0,84.0,74.0,82.0,81.0,87.0,76.0,84.0,77.0,51.0,65.0,95.0,45.0
72,226.0,0.0,32.0,0.0,0.0,77.0,88.0,86.0,82.0,62.0,77.0,77.0,69.0,83.0,75.0,69.0,75.0,76.0,55.0
72,246.0,0.0,0.0,0.0,0.0,77.0,78.0,85.0,74.0,76.0,87.0,84.0,70.0,80.0,84.0,60.0,68.0,92.0,60.0
73,246.0,0.0,38.0,0.0,0.0,77.0,83.0,89.0,75.0,77.0,75.0,89.0,84.0,86.0,74.0,60.0,70.0,82.0,65.0
72,233.0,0.0,0.0,0.0,0.0,77.0,84.0,90.0,81.0,66.0,83.0,80.0,66.0,87.0,86.0,72.0,82.0,83.0,50.0
74,244.0,0.0,18.0,0.0,0.0,76.0,74.0,85.0,75.0,83.0,75.0,84.0,79.0,86.0,75.0,63.0,69.0,87.0,40.0
74,245.0,0.0,29.0,0.0,0.0,76.0,79.0,88.0,76.0,74.0,85.0,82.0,68.0,78.0,80.0,66.0,73.0,87.0,40.0
73,241.0,0.0,40.0,0.0,0.0,76.0,78.0,87.0,81.0,65.0,80.0,84.0,67.0,89.0,81.0,68.0,80.0,77.0,45.0
73,244.0,0.0,0.0,0.0,0.0,76.0,65.0,73.0,69.0,84.0,80.0,79.0,78.0,79.0,82.0,56.0,67.0,85.0,15.0
74,244.0,0.0,22.0,0.0,0.0,76.0,85.0,87.0,83.0,76.0,81.0,76.0,74.0,83.0,77.0,65.0,73.0,84.0,59.0
72,240.0,0.0,0.0,0.0,0.0,76.0,80.0,80.0,79.0,70.0,77.0,83.0,72.0,89.0,80.0,68.0,82.0,78.0,65.0
74,235.0,0.0,24.0,0.0,0.0,76.0,83.0,87.0,81.0,75.0,78.0,83.0,74.0,85.0,75.0,60.0,67.0,86.0,45.0
74,236.0,0.0,0.0,0.0,0.0,76.0,79.0,82.0,81.0,67.0,80.0,83.0,76.0,83.0,78.0,60.0,69.0,67.0,55.0
74,245.0,0.0,6.0,0.0,0.0,76.0,78.0,86.0,74.0,74.0,76.0,76.0,71.0,83.0,74.0,57.0,63.0,78.0,40.0
73,227.0,0.0,0.0,0.0,0.0,76.0,85.0,86.0,84.0,63.0,75.0,76.0,68.0,87.0,79.0,71.0,82.0,74.0,64.0
75,285.0,0.0,17.0,0.0,0.0,76.0,73.0,86.0,70.0,87.0,75.0,80.0,77.0,81.0,74.0,52.0,60.0,74.0,10.0
72,235.0,0.0,0.0,0.0,0.0,76.0,75.0,89.0,76.0,67.0,79.0,80.0,69.0,82.0,78.0,60.0,69.0,84.0,53.0
77,258.0,0.0,33.0,0.0,0.0,76.0,76.0,87.0,77.0,66.0,72.0,88.0,79.0,84.0,74.0,51.0,64.0,86.0,33.0
72,238.0,0.0,0.0,0.0,0.0,76.0,79.0,86.0,68.0,81.0,76.0,88.0,80.0,84.0,77.0,54.0,65.0,91.0,65.0
75,265.0,0.0,34.0,0.0,1.0,76.0,77.0,87.0,76.0,73.0,80.0,72.0,65.0,75.0,80.0,62.0,72.0,82.0,45.0
73,237.0,0.0,27.0,0.0,2.0,76.0,92.0,90.0,88.0,83.0,68.0,85.0,77.0,90.0,66.0,57.0,67.0,91.0,54.0
72,240.0,0.0,0.0,0.0,0.0,75.0,79.0,85.0,81.0,72.0,77.0,83.0,75.0,85.0,82.0,65.0,80.0,77.0,48.0
73,246.0,0.0,0.0,0.0,0.0,75.0,84.0,89.0,75.0,71.0,74.0,85.0,73.0,88.0,73.0,63.0,67.0,89.0,60.0
72,245.0,0.0,20.0,0.0,0.0,75.0,83.0,89.0,82.0,65.0,77.0,86.0,69.0,87.0,77.0,68.0,80.0,82.0,55.0
73,240.0,0.0,11.0,0.0,0.0,75.0,84.0,87.0,85.0,72.0,72.0,83.0,75.0,86.0,76.0,66.0,78.0,85.0,60.0
75,251.0,0.0,4.0,0.0,0.0,75.0,81.0,87.0,75.0,74.0,73.0,72.0,66.0,77.0,66.0,56.0,72.0,86.0,50.0
72,235.0,0.0,41.0,0.0,0.0,75.0,80.0,90.0,81.0,74.0,74.0,84.0,76.0,79.0,76.0,54.0,65.0,87.0,60.0
74,224.0,0.0,9.0,0.0,0.0,75.0,84.0,87.0,77.0,66.0,77.0,82.0,74.0,85.0,76.0,64.0,74.0,78.0,50.0
76,246.0,0.0,0.0,0.0,0.0,75.0,73.0,81.0,75.0,75.0,77.0,90.0,72.0,88.0,85.0,52.0,72.0,86.0,40.0
73,236.0,0.0,43.0,0.0,1.0,75.0,81.0,89.0,84.0,66.0,74.0,77.0,72.0,82.0,76.0,71.0,81.0,75.0,55.0
73,236.0,0.0,2.0,0.0,0.0,75.0,81.0,89.0,84.0,66.0,74.0,77.0,72.0,82.0,76.0,71.0,81.0,75.0,55.0
73,236.0,0.0,12.0,0.0,0.0,75.0,81.0,89.0,84.0,66.0,74.0,77.0,72.0,82.0,76.0,71.0,81.0,75.0,55.0
73,240.0,0.0,0.0,0.0,0.0,75.0,76.0,83.0,76.0,74.0,72.0,83.0,83.0,88.0,73.0,56.0,65.0,81.0,50.0
75,238.0,0.0,17.0,0.0,0.0,75.0,80.0,84.0,85.0,77.0,76.0,87.0,71.0,89.0,74.0,68.0,78.0,65.0,59.0
73,245.0,0.0,0.0,0.0,0.0,75.0,81.0,85.0,83.0,66.0,82.0,74.0,74.0,87.0,82.0,65.0,71.0,85.0,60.0
73,250.0,0.0,1.0,0.0,0.0,75.0,79.0,82.0,75.0,73.0,72.0,85.0,85.0,82.0,72.0,55.0,66.0,88.0,70.0
73,250.0,0.0,35.0,0.0,0.0,75.0,79.0,82.0,75.0,73.0,72.0,85.0,85.0,82.0,72.0,55.0,66.0,88.0,70.0
73,239.0,0.0,17.0,0.0,0.0,75.0,79.0,82.0,73.0,81.0,74.0,87.0,83.0,82.0,74.0,53.0,64.0,79.0,40.0
73,239.0,0.0,0.0,0.0,0.0,75.0,79.0,82.0,73.0,81.0,74.0,87.0,83.0,82.0,74.0,53.0,64.0,79.0,40.0
73,248.0,0.0,41.0,0.0,1.0,75.0,89.0,91.0,88.0,63.0,74.0,85.0,66.0,90.0,72.0,67.0,76.0,86.0,60.0
76,240.0,0.0,0.0,0.0,0.0,74.0,83.0,89.0,76.0,69.0,72.0,74.0,67.0,81.0,73.0,65.0,74.0,78.0,45.0
71,235.0,0.0,10.0,0.0,0.0,74.0,78.0,87.0,77.0,73.0,75.0,86.0,82.0,83.0,70.0,54.0,64.0,90.0,45.0
74,243.0,0.0,23.0,0.0,1.0,74.0,85.0,85.0,85.0,86.0,67.0,76.0,67.0,87.0,63.0,55.0,65.0,76.0,20.0
73,245.0,0.0,0.0,0.0,0.0,74.0,81.0,88.0,79.0,68.0,76.0,82.0,69.0,87.0,79.0,63.0,74.0,80.0,45.0
75,257.0,0.0,10.0,0.0,0.0,74.0,77.0,85.0,72.0,74.0,73.0,76.0,71.0,85.0,74.0,52.0,64.0,84.0,50.0
75,260.0,0.0,15.0,0.0,0.0,74.0,81.0,84.0,74.0,75.0,76.0,79.0,64.0,77.0,70.0,59.0,67.0,86.0,40.0
75,244.0,0.0,0.0,0.0,0.0,74.0,77.0,84.0,75.0,74.0,81.0,82.0,73.0,84.0,79.0,61.0,67.0,82.0,45.0
73,240.0,0.0,4.0,0.0,0.0,74.0,74.0,84.0,77.0,73.0,70.0,87.0,81.0,80.0,69.0,65.0,79.0,87.0,54.0
73,240.0,0.0,37.0,0.0,0.0,74.0,82.0,88.0,74.0,67.0,72.0,82.0,66.0,81.0,75.0,66.0,80.0,73.0,55.0
74,240.0,0.0,11.0,0.0,0.0,74.0,89.0,90.0,84.0,65.0,69.0,76.0,64.0,84.0,67.0,70.0,77.0,65.0,55.0
75,238.0,0.0,4.0,0.0,0.0,74.0,81.0,83.0,77.0,66.0,78.0,80.0,72.0,84.0,80.0,72.0,83.0,83.0,50.0
75,257.0,0.0,30.0,0.0,0.0,73.0,81.0,84.0,74.0,71.0,71.0,82.0,78.0,86.0,76.0,56.0,66.0,79.0,35.0
74,249.0,0.0,3.0,0.0,0.0,73.0,80.0,83.0,75.0,74.0,66.0,87.0,86.0,84.0,70.0,56.0,68.0,82.0,65.0
76,260.0,0.0,29.0,0.0,0.0,73.0,74.0,83.0,71.0,76.0,73.0,68.0,75.0,76.0,72.0,57.0,67.0,83.0,44.0
75,252.0,0.0,15.0,0.0,0.0,73.0,86.0,91.0,76.0,65.0,67.0,72.0,68.0,85.0,65.0,55.0,60.0,75.0,45.0
75,254.0,0.0,0.0,0.0,0.0,73.0,77.0,86.0,75.0,68.0,77.0,82.0,65.0,83.0,74.0,65.0,76.0,67.0,50.0
74,252.0,0.0,25.0,0.0,0.0,73.0,80.0,84.0,74.0,75.0,74.0,82.0,83.0,84.0,71.0,51.0,67.0,88.0,40.0
75,242.0,0.0,18.0,0.0,0.0,73.0,84.0,83.0,82.0,66.0,79.0,79.0,72.0,81.0,76.0,62.0,72.0,82.0,35.0
74,230.0,0.0,0.0,0.0,0.0,73.0,76.0,87.0,80.0,68.0,75.0,82.0,73.0,86.0,74.0,64.0,72.0,80.0,45.0
73,243.0,0.0,0.0,0.0,0.0,73.0,85.0,90.0,76.0,82.0,67.0,78.0,74.0,85.0,66.0,64.0,71.0,88.0,54.0
72,235.0,0.0,3.0,0.0,0.0,73.0,85.0,87.0,87.0,69.0,62.0,87.0,75.0,88.0,72.0,65.0,71.0,78.0,65.0
75,226.0,0.0,30.0,0.0,0.0,73.0,87.0,90.0,77.0,63.0,72.0,80.0,64.0,84.0,68.0,64.0,74.0,74.0,60.0
75,226.0,0.0,0.0,0.0,0.0,73.0,87.0,90.0,77.0,63.0,72.0,80.0,64.0,84.0,68.0,64.0,74.0,74.0,60.0
75,226.0,0.0,0.0,0.0,0.0,73.0,87.0,90.0,77.0,63.0,72.0,80.0,64.0,84.0,68.0,64.0,74.0,74.0,60.0
76,269.0,0.0,44.0,0.0,0.0,73.0,87.0,89.0,82.0,72.0,64.0,82.0,67.0,85.0,53.0,50.0,70.0,87.0,60.0
74,264.0,0.0,6.0,0.0,0.0,73.0,81.0,88.0,72.0,73.0,72.0,76.0,66.0,80.0,74.0,55.0,64.0,74.0,55.0
76,251.0,0.0,0.0,0.0,0.0,72.0,75.0,81.0,71.0,79.0,76.0,73.0,68.0,80.0,74.0,45.0,50.0,84.0,10.0
76,251.0,0.0,22.0,0.0,0.0,72.0,75.0,81.0,71.0,79.0,76.0,73.0,68.0,80.0,74.0,45.0,50.0,84.0,10.0
72,235.0,0.0,0.0,0.0,0.0,72.0,80.0,89.0,87.0,73.0,62.0,75.0,72.0,88.0,74.0,71.0,70.0,86.0,60.0
75,245.0,0.0,12.0,0.0,0.0,72.0,83.0,86.0,82.0,75.0,61.0,74.0,68.0,92.0,62.0,50.0,55.0,88.0,10.0
74,235.0,0.0,0.0,0.0,0.0,72.0,86.0,89.0,86.0,64.0,74.0,83.0,69.0,89.0,72.0,70.0,79.0,68.0,66.0
77,241.0,0.0,0.0,0.0,0.0,72.0,78.0,83.0,75.0,66.0,75.0,78.0,67.0,79.0,70.0,57.0,65.0,76.0,40.0
74,229.0,0.0,0.0,0.0,0.0,72.0,79.0,84.0,74.0,69.0,73.0,81.0,75.0,83.0,72.0,63.0,71.0,77.0,50.0
75,252.0,0.0,0.0,0.0,0.0,72.0,81.0,88.0,83.0,66.0,62.0,82.0,65.0,83.0,72.0,64.0,76.0,66.0,65.0
73,235.0,0.0,0.0,0.0,0.0,72.0,87.0,95.0,88.0,78.0,68.0,81.0,69.0,79.0,60.0,55.0,65.0,77.0,55.0
76,250.0,0.0,0.0,0.0,0.0,72.0,78.0,85.0,73.0,74.0,74.0,77.0,75.0,84.0,76.0,62.0,72.0,74.0,40.0
72,230.0,0.0,41.0,0.0,0.0,72.0,84.0,84.0,86.0,67.0,56.0,87.0,66.0,79.0,72.0,70.0,78.0,73.0,66.0
76,246.0,0.0,44.0,0.0,1.0,72.0,84.0,87.0,80.0,69.0,67.0,89.0,83.0,90.0,57.0,50.0,59.0,88.0,42.0
73,252.0,0.0,0.0,0.0,0.0,72.0,84.0,80.0,73.0,69.0,59.0,82.0,71.0,85.0,74.0,52.0,66.0,79.0,60.0
73,252.0,0.0,0.0,0.0,0.0,72.0,84.0,80.0,73.0,69.0,59.0,82.0,71.0,85.0,74.0,52.0,66.0,79.0,60.0
73,252.0,0.0,34.0,0.0,0.0,72.0,84.0,80.0,73.0,69.0,59.0,82.0,71.0,85.0,74.0,52.0,66.0,79.0,60.0
72,247.0,0.0,0.0,0.0,0.0,72.0,76.0,82.0,79.0,66.0,72.0,81.0,74.0,87.0,75.0,62.0,74.0,82.0,51.0
72,232.0,0.0,64.0,1.0,1.0,72.0,85.0,90.0,82.0,74.0,63.0,87.0,69.0,85.0,75.0,65.0,75.0,85.0,55.0
75,255.0,0.0,4.0,0.0,0.0,71.0,84.0,89.0,72.0,72.0,63.0,73.0,69.0,84.0,65.0,60.0,66.0,90.0,50.0
73,252.0,0.0,0.0,0.0,0.0,71.0,80.0,85.0,83.0,74.0,69.0,79.0,72.0,85.0,72.0,54.0,64.0,85.0,40.0
74,254.0,0.0,0.0,0.0,0.0,71.0,79.0,88.0,75.0,65.0,71.0,75.0,68.0,84.0,67.0,55.0,62.0,76.0,45.0
75,245.0,0.0,10.0,0.0,0.0,71.0,87.0,91.0,84.0,75.0,67.0,85.0,75.0,86.0,64.0,55.0,60.0,85.0,60.0
71,231.0,0.0,13.0,0.0,0.0,71.0,82.0,90.0,86.0,59.0,72.0,77.0,66.0,86.0,75.0,69.0,76.0,81.0,55.0
74,245.0,0.0,17.0,0.0,0.0,71.0,75.0,85.0,76.0,67.0,66.0,74.0,70.0,84.0,66.0,55.0,61.0,86.0,48.0
77,239.0,0.0,7.0,0.0,0.0,71.0,78.0,85.0,71.0,65.0,73.0,85.0,75.0,83.0,73.0,58.0,72.0,82.0,39.0
73,244.0,0.0,0.0,0.0,0.0,70.0,87.0,92.0,76.0,71.0,65.0,74.0,66.0,78.0,64.0,59.0,69.0,72.0,55.0
73,248.0,0.0,18.0,0.0,0.0,70.0,84.0,87.0,75.0,64.0,69.0,76.0,73.0,74.0,72.0,54.0,57.0,64.0,45.0
73,248.0,0.0,6.0,0.0,0.0,70.0,84.0,87.0,75.0,64.0,69.0,76.0,73.0,74.0,72.0,54.0,57.0,64.0,45.0
73,242.0,0.0,0.0,0.0,0.0,70.0,79.0,86.0,86.0,70.0,60.0,77.0,63.0,81.0,69.0,62.0,73.0,65.0,78.0
76,262.0,0.0,5.0,0.0,0.0,70.0,74.0,82.0,78.0,78.0,66.0,79.0,75.0,72.0,57.0,52.0,62.0,86.0,55.0
71,240.0,0.0,43.0,0.0,1.0,70.0,82.0,88.0,74.0,85.0,66.0,84.0,68.0,85.0,71.0,51.0,64.0,91.0,44.0
77,250.0,0.0,0.0,0.0,0.0,70.0,82.0,84.0,83.0,59.0,67.0,66.0,64.0,84.0,68.0,67.0,76.0,73.0,55.0
75,251.0,0.0,0.0,0.0,0.0,70.0,82.0,90.0,74.0,75.0,61.0,84.0,64.0,83.0,62.0,52.0,70.0,74.0,10.0
75,251.0,0.0,4.0,0.0,0.0,70.0,82.0,90.0,74.0,75.0,61.0,84.0,64.0,83.0,62.0,52.0,70.0,74.0,10.0
76,235.0,0.0,0.0,0.0,0.0,70.0,86.0,85.0,76.0,72.0,66.0,82.0,74.0,84.0,72.0,52.0,64.0,75.0,40.0
73,230.0,0.0,0.0,0.0,0.0,70.0,84.0,88.0,83.0,73.0,69.0,80.0,78.0,81.0,69.0,64.0,73.0,67.0,55.0
73,240.0,0.0,11.0,0.0,0.0,70.0,84.0,88.0,86.0,70.0,75.0,79.0,64.0,85.0,74.0,68.0,74.0,76.0,45.0
77,271.0,0.0,55.0,0.0,0.0,70.0,81.0,89.0,67.0,81.0,55.0,79.0,80.0,82.0,67.0,50.0,58.0,75.0,42.0
72,236.0,0.0,15.0,0.0,0.0,70.0,88.0,92.0,87.0,80.0,62.0,80.0,60.0,79.0,54.0,64.0,76.0,67.0,40.0
76,240.0,0.0,0.0,0.0,0.0,70.0,82.0,88.0,88.0,71.0,68.0,77.0,67.0,77.0,62.0,60.0,69.0,72.0,55.0
76,265.0,0.0,5.0,0.0,0.0,69.0,86.0,88.0,75.0,91.0,60.0,74.0,77.0,75.0,50.0,55.0,64.0,89.0,54.0
76,245.0,0.0,2.0,0.0,0.0,69.0,85.0,85.0,74.0,75.0,66.0,76.0,78.0,67.0,55.0,52.0,64.0,75.0,40.0
75,249.0,0.0,0.0,0.0,0.0,69.0,80.0,84.0,83.0,70.0,66.0,73.0,75.0,82.0,58.0,55.0,60.0,68.0,55.0
75,260.0,0.0,2.0,0.0,0.0,69.0,74.0,86.0,69.0,85.0,68.0,70.0,75.0,75.0,60.0,52.0,65.0,74.0,42.0
74,238.0,0.0,0.0,0.0,0.0,69.0,79.0,84.0,85.0,65.0,65.0,78.0,71.0,83.0,68.0,66.0,74.0,72.0,59.0
74,240.0,0.0,2.0,0.0,0.0,69.0,82.0,90.0,73.0,73.0,67.0,84.0,75.0,81.0,72.0,50.0,64.0,62.0,56.0
77,225.0,0.0,4.0,0.0,0.0,69.0,83.0,85.0,74.0,78.0,56.0,76.0,72.0,79.0,70.0,55.0,60.0,76.0,40.0
73,240.0,0.0,0.0,0.0,0.0,69.0,80.0,89.0,72.0,76.0,60.0,79.0,85.0,74.0,71.0,55.0,75.0,72.0,50.0
74,245.0,0.0,0.0,0.0,0.0,69.0,82.0,86.0,76.0,66.0,77.0,77.0,67.0,83.0,74.0,64.0,70.0,72.0,10.0
75,238.0,0.0,0.0,0.0,0.0,69.0,78.0,86.0,72.0,72.0,73.0,81.0,79.0,85.0,58.0,59.0,69.0,72.0,55.0
75,238.0,0.0,0.0,0.0,0.0,69.0,78.0,86.0,72.0,72.0,73.0,81.0,79.0,85.0,58.0,59.0,69.0,72.0,55.0
75,238.0,0.0,0.0,0.0,0.0,69.0,78.0,86.0,72.0,72.0,73.0,81.0,79.0,85.0,58.0,59.0,69.0,72.0,55.0
75,238.0,0.0,3.0,0.0,0.0,69.0,78.0,86.0,72.0,72.0,73.0,81.0,79.0,85.0,58.0,59.0,69.0,72.0,55.0
74,248.0,0.0,0.0,0.0,0.0,69.0,77.0,84.0,75.0,77.0,71.0,79.0,71.0,82.0,70.0,56.0,70.0,80.0,55.0
73,245.0,0.0,2.0,0.0,0.0,68.0,81.0,88.0,85.0,65.0,68.0,77.0,69.0,79.0,75.0,62.0,76.0,78.0,80.0
76,255.0,0.0,8.0,0.0,0.0,68.0,79.0,86.0,75.0,76.0,65.0,64.0,67.0,75.0,70.0,45.0,50.0,74.0,24.0
73,242.0,0.0,0.0,0.0,0.0,68.0,74.0,83.0,73.0,74.0,73.0,81.0,76.0,81.0,74.0,52.0,64.0,72.0,45.0
73,242.0,0.0,0.0,0.0,0.0,68.0,77.0,83.0,76.0,83.0,63.0,79.0,78.0,83.0,68.0,57.0,65.0,75.0,45.0
75,245.0,0.0,0.0,0.0,0.0,68.0,83.0,88.0,74.0,78.0,60.0,76.0,74.0,77.0,61.0,55.0,61.0,69.0,42.0
72,224.0,0.0,0.0,0.0,0.0,68.0,87.0,86.0,74.0,73.0,55.0,78.0,68.0,82.0,62.0,54.0,63.0,90.0,45.0
74,240.0,0.0,0.0,0.0,0.0,68.0,82.0,89.0,85.0,84.0,57.0,73.0,78.0,73.0,64.0,70.0,74.0,87.0,55.0
71,233.0,0.0,0.0,0.0,0.0,68.0,76.0,89.0,75.0,75.0,62.0,83.0,78.0,78.0,64.0,56.0,66.0,87.0,45.0
73,272.0,0.0,0.0,0.0,0.0,68.0,71.0,81.0,69.0,81.0,57.0,77.0,77.0,81.0,59.0,55.0,60.0,77.0,40.0
75,255.0,0.0,0.0,0.0,0.0,68.0,80.0,88.0,76.0,68.0,65.0,74.0,67.0,74.0,59.0,55.0,67.0,81.0,65.0
75,260.0,0.0,0.0,0.0,0.0,68.0,78.0,87.0,73.0,74.0,62.0,72.0,66.0,79.0,63.0,52.0,62.0,74.0,25.0
75,240.0,0.0,0.0,0.0,0.0,68.0,84.0,90.0,75.0,65.0,74.0,81.0,70.0,78.0,74.0,60.0,69.0,71.0,54.0
73,231.0,0.0,4.0,0.0,0.0,68.0,89.0,91.0,87.0,74.0,68.0,75.0,64.0,81.0,66.0,74.0,74.0,87.0,50.0
73,250.0,0.0,0.0,0.0,0.0,67.0,78.0,83.0,72.0,77.0,70.0,86.0,74.0,73.0,72.0,50.0,63.0,70.0,50.0
73,237.0,0.0,0.0,0.0,0.0,67.0,80.0,87.0,71.0,66.0,70.0,82.0,70.0,83.0,69.0,57.0,69.0,74.0,45.0
74,235.0,0.0,5.0,0.0,0.0,67.0,84.0,89.0,80.0,66.0,66.0,83.0,68.0,89.0,66.0,50.0,72.0,77.0,52.0
73,245.0,0.0,4.0,0.0,0.0,67.0,85.0,91.0,81.0,64.0,62.0,69.0,63.0,82.0,65.0,71.0,76.0,74.0,50.0
75,254.0,0.0,0.0,0.0,0.0,67.0,82.0,88.0,78.0,78.0,64.0,71.0,63.0,73.0,74.0,50.0,55.0,74.0,50.0
74,249.0,0.0,0.0,0.0,0.0,67.0,74.0,87.0,80.0,74.0,63.0,71.0,65.0,77.0,62.0,55.0,60.0,80.0,47.0
71,234.0,0.0,3.0,0.0,0.0,67.0,83.0,88.0,75.0,76.0,56.0,84.0,76.0,77.0,70.0,72.0,67.0,75.0,66.0
76,259.0,0.0,4.0,0.0,0.0,67.0,77.0,85.0,78.0,76.0,55.0,79.0,68.0,85.0,67.0,50.0,55.0,81.0,40.0
74,255.0,0.0,1.0,0.0,0.0,67.0,84.0,86.0,71.0,77.0,55.0,73.0,78.0,77.0,54.0,55.0,70.0,79.0,46.0
75,234.0,0.0,0.0,0.0,0.0,67.0,81.0,87.0,81.0,65.0,63.0,77.0,65.0,74.0,58.0,65.0,73.0,81.0,74.0
71,232.0,0.0,0.0,0.0,0.0,67.0,83.0,83.0,79.0,65.0,71.0,78.0,67.0,83.0,73.0,62.0,72.0,76.0,70.0
78,287.0,0.0,0.0,0.0,0.0,67.0,77.0,80.0,75.0,77.0,49.0,79.0,69.0,83.0,66.0,55.0,66.0,79.0,50.0
75,249.0,0.0,0.0,0.0,0.0,67.0,79.0,87.0,69.0,85.0,55.0,76.0,85.0,76.0,75.0,52.0,70.0,80.0,55.0
75,247.0,0.0,11.0,0.0,0.0,66.0,86.0,88.0,83.0,77.0,49.0,77.0,67.0,87.0,54.0,45.0,55.0,84.0,40.0
75,240.0,0.0,7.0,0.0,0.0,66.0,88.0,89.0,85.0,76.0,62.0,69.0,62.0,81.0,65.0,67.0,77.0,69.0,65.0
72,244.0,0.0,0.0,0.0,0.0,66.0,75.0,78.0,74.0,74.0,75.0,75.0,72.0,78.0,74.0,63.0,73.0,76.0,45.0
72,244.0,0.0,0.0,0.0,0.0,66.0,75.0,78.0,74.0,74.0,75.0,75.0,72.0,78.0,74.0,63.0,73.0,76.0,45.0
73,241.0,0.0,3.0,0.0,0.0,66.0,81.0,87.0,85.0,63.0,70.0,76.0,66.0,79.0,69.0,65.0,72.0,73.0,65.0
75,240.0,0.0,3.0,0.0,0.0,66.0,83.0,89.0,85.0,71.0,45.0,75.0,64.0,71.0,74.0,58.0,73.0,69.0,65.0
71,235.0,0.0,1.0,0.0,0.0,66.0,85.0,87.0,86.0,75.0,65.0,78.0,73.0,81.0,64.0,55.0,67.0,77.0,20.0
74,240.0,0.0,9.0,0.0,0.0,66.0,82.0,89.0,73.0,76.0,73.0,79.0,68.0,71.0,77.0,54.0,72.0,64.0,55.0
74,248.0,0.0,9.0,0.0,0.0,66.0,81.0,89.0,74.0,73.0,63.0,75.0,64.0,72.0,55.0,55.0,65.0,77.0,20.0
77,272.0,0.0,0.0,0.0,0.0,66.0,76.0,87.0,74.0,76.0,58.0,76.0,75.0,74.0,55.0,50.0,60.0,77.0,55.0
74,253.0,0.0,0.0,0.0,0.0,66.0,79.0,86.0,74.0,74.0,64.0,71.0,64.0,74.0,65.0,55.0,62.0,74.0,40.0
75,246.0,0.0,5.0,0.0,0.0,66.0,75.0,83.0,81.0,74.0,60.0,72.0,63.0,77.0,55.0,45.0,55.0,87.0,40.0
73,243.0,0.0,0.0,0.0,0.0,66.0,84.0,88.0,80.0,76.0,67.0,79.0,67.0,78.0,71.0,55.0,62.0,78.0,40.0
73,245.0,0.0,10.0,0.0,0.0,66.0,77.0,83.0,74.0,68.0,72.0,82.0,66.0,82.0,66.0,60.0,71.0,75.0,55.0
74,243.0,0.0,6.0,0.0,0.0,66.0,77.0,81.0,72.0,78.0,63.0,85.0,76.0,77.0,73.0,53.0,70.0,64.0,45.0
75,240.0,0.0,0.0,0.0,0.0,65.0,80.0,88.0,84.0,65.0,69.0,76.0,68.0,78.0,60.0,67.0,75.0,83.0,65.0
75,240.0,0.0,1.0,0.0,0.0,65.0,80.0,88.0,84.0,65.0,69.0,76.0,68.0,78.0,60.0,67.0,75.0,83.0,65.0
75,270.0,0.0,0.0,0.0,0.0,65.0,77.0,86.0,73.0,75.0,54.0,79.0,74.0,85.0,49.0,50.0,63.0,88.0,12.0
75,270.0,0.0,0.0,0.0,0.0,65.0,77.0,86.0,73.0,75.0,54.0,79.0,74.0,85.0,49.0,50.0,63.0,88.0,12.0
75,270.0,0.0,0.0,0.0,0.0,65.0,77.0,86.0,73.0,75.0,54.0,79.0,74.0,85.0,49.0,50.0,63.0,88.0,12.0
72,235.0,0.0,1.0,0.0,0.0,65.0,84.0,89.0,83.0,81.0,49.0,78.0,66.0,79.0,70.0,57.0,63.0,87.0,49.0
73,237.0,0.0,2.0,0.0,0.0,65.0,84.0,89.0,86.0,76.0,55.0,78.0,77.0,84.0,64.0,58.0,68.0,84.0,44.0
72,226.0,0.0,0.0,0.0,0.0,65.0,86.0,92.0,80.0,64.0,69.0,76.0,60.0,76.0,55.0,56.0,70.0,69.0,40.0
72,243.0,0.0,31.0,0.0,0.0,65.0,80.0,86.0,76.0,74.0,59.0,81.0,76.0,72.0,70.0,55.0,60.0,83.0,55.0
74,236.0,0.0,4.0,0.0,0.0,65.0,79.0,85.0,73.0,77.0,70.0,80.0,68.0,78.0,68.0,50.0,74.0,72.0,45.0
74,240.0,0.0,14.0,0.0,0.0,65.0,84.0,88.0,73.0,72.0,58.0,83.0,62.0,81.0,71.0,51.0,70.0,82.0,48.0
73,227.0,0.0,0.0,0.0,0.0,65.0,82.0,89.0,74.0,74.0,66.0,79.0,68.0,81.0,65.0,55.0,61.0,87.0,47.0
73,227.0,0.0,85.0,6.0,10.0,65.0,82.0,89.0,74.0,74.0,66.0,79.0,68.0,81.0,65.0,55.0,61.0,87.0,47.0
73,227.0,0.0,0.0,0.0,0.0,65.0,82.0,89.0,74.0,74.0,66.0,79.0,68.0,81.0,65.0,55.0,61.0,87.0,47.0
74,240.0,0.0,18.0,0.0,0.0,65.0,81.0,87.0,74.0,75.0,52.0,85.0,79.0,85.0,64.0,50.0,55.0,73.0,39.0
76,235.0,0.0,0.0,0.0,0.0,65.0,80.0,89.0,74.0,63.0,50.0,77.0,69.0,83.0,71.0,52.0,68.0,91.0,44.0
75,221.0,0.0,0.0,0.0,0.0,65.0,81.0,85.0,76.0,68.0,62.0,78.0,69.0,74.0,65.0,62.0,75.0,86.0,60.0
76,256.0,0.0,9.0,0.0,0.0,64.0,76.0,84.0,79.0,74.0,65.0,67.0,65.0,75.0,58.0,45.0,50.0,73.0,20.0
75,240.0,0.0,0.0,0.0,0.0,64.0,77.0,83.0,74.0,70.0,62.0,76.0,72.0,84.0,72.0,50.0,64.0,79.0,55.0
74,241.0,0.0,0.0,0.0,0.0,64.0,81.0,88.0,83.0,74.0,63.0,79.0,57.0,68.0,67.0,63.0,74.0,71.0,35.0
76,265.0,0.0,5.0,0.0,0.0,64.0,76.0,85.0,80.0,67.0,54.0,76.0,68.0,74.0,60.0,40.0,60.0,87.0,59.0
74,260.0,0.0,33.0,0.0,0.0,64.0,80.0,85.0,69.0,69.0,47.0,73.0,65.0,81.0,69.0,50.0,65.0,84.0,49.0
73,255.0,0.0,0.0,0.0,0.0,64.0,76.0,72.0,74.0,79.0,62.0,71.0,65.0,77.0,55.0,55.0,60.0,74.0,10.0
75,260.0,0.0,5.0,0.0,0.0,64.0,79.0,87.0,77.0,72.0,55.0,78.0,82.0,72.0,51.0,51.0,60.0,82.0,24.0
72,244.0,0.0,10.0,0.0,0.0,64.0,85.0,87.0,71.0,65.0,66.0,74.0,76.0,78.0,61.0,70.0,65.0,79.0,44.0
73,236.0,0.0,53.0,0.0,0.0,64.0,83.0,90.0,86.0,72.0,60.0,81.0,69.0,86.0,58.0,58.0,62.0,73.0,55.0
78,257.0,0.0,0.0,0.0,0.0,64.0,82.0,87.0,77.0,79.0,52.0,73.0,84.0,75.0,49.0,65.0,70.0,76.0,54.0
73,230.0,0.0,0.0,0.0,0.0,64.0,85.0,84.0,80.0,78.0,54.0,79.0,65.0,76.0,56.0,66.0,77.0,75.0,49.0
76,240.0,0.0,0.0,0.0,0.0,64.0,74.0,79.0,75.0,69.0,70.0,78.0,66.0,77.0,69.0,55.0,66.0,74.0,44.0
73,235.0,0.0,0.0,0.0,0.0,64.0,78.0,79.0,74.0,75.0,62.0,75.0,67.0,83.0,54.0,51.0,70.0,75.0,10.0
73,237.0,0.0,0.0,0.0,0.0,64.0,85.0,87.0,75.0,74.0,49.0,81.0,65.0,74.0,49.0,60.0,65.0,71.0,40.0
75,237.0,0.0,1.0,0.0,0.0,64.0,83.0,90.0,85.0,73.0,51.0,80.0,67.0,67.0,47.0,55.0,60.0,84.0,45.0
75,267.0,0.0,10.0,0.0,0.0,64.0,79.0,86.0,72.0,79.0,55.0,76.0,80.0,82.0,70.0,50.0,55.0,72.0,50.0
75,262.0,0.0,0.0,0.0,0.0,64.0,79.0,87.0,71.0,72.0,53.0,71.0,81.0,69.0,56.0,51.0,61.0,75.0,55.0
75,252.0,0.0,0.0,0.0,0.0,64.0,81.0,83.0,85.0,69.0,62.0,76.0,65.0,87.0,39.0,67.0,74.0,87.0,50.0
74,249.0,0.0,1.0,0.0,0.0,63.0,83.0,88.0,84.0,81.0,55.0,77.0,72.0,73.0,57.0,65.0,77.0,71.0,69.0
73,227.0,0.0,43.0,0.0,1.0,63.0,87.0,90.0,82.0,76.0,42.0,77.0,80.0,73.0,40.0,67.0,73.0,86.0,57.0
75,236.0,0.0,0.0,0.0,0.0,63.0,80.0,86.0,73.0,79.0,64.0,85.0,66.0,72.0,63.0,55.0,71.0,71.0,40.0
75,250.0,0.0,16.0,0.0,0.0,63.0,80.0,84.0,74.0,82.0,47.0,70.0,72.0,80.0,62.0,45.0,50.0,77.0,41.0
74,237.0,0.0,14.0,0.0,0.0,63.0,84.0,89.0,74.0,75.0,58.0,84.0,64.0,72.0,70.0,50.0,60.0,79.0,67.0
73,244.0,0.0,0.0,0.0,0.0,63.0,80.0,85.0,75.0,75.0,53.0,79.0,63.0,83.0,72.0,51.0,68.0,67.0,55.0
72,242.0,0.0,0.0,0.0,0.0,63.0,79.0,84.0,86.0,64.0,59.0,85.0,65.0,85.0,57.0,60.0,70.0,77.0,45.0
77,250.0,0.0,0.0,0.0,0.0,63.0,73.0,86.0,88.0,76.0,39.0,72.0,63.0,82.0,69.0,62.0,73.0,72.0,48.0
74,250.0,0.0,67.0,0.0,1.0,63.0,86.0,87.0,78.0,71.0,65.0,78.0,65.0,73.0,57.0,55.0,60.0,84.0,10.0
72,231.0,0.0,3.0,0.0,0.0,63.0,86.0,88.0,79.0,71.0,57.0,79.0,62.0,85.0,69.0,67.0,65.0,73.0,52.0
73,234.0,0.0,7.0,0.0,0.0,63.0,86.0,89.0,75.0,78.0,62.0,83.0,62.0,73.0,75.0,50.0,65.0,63.0,33.0
74,234.0,0.0,11.0,0.0,0.0,63.0,86.0,87.0,88.0,73.0,57.0,73.0,64.0,73.0,41.0,70.0,73.0,73.0,66.0
75,253.0,0.0,0.0,0.0,0.0,63.0,84.0,88.0,73.0,72.0,44.0,68.0,66.0,78.0,66.0,55.0,60.0,81.0,36.0
73,245.0,0.0,0.0,0.0,0.0,63.0,82.0,89.0,72.0,63.0,65.0,82.0,73.0,69.0,68.0,60.0,68.0,69.0,45.0
76,236.0,0.0,0.0,0.0,0.0,63.0,71.0,85.0,78.0,70.0,56.0,81.0,73.0,76.0,56.0,63.0,77.0,84.0,55.0
73,230.0,0.0,0.0,0.0,0.0,62.0,76.0,84.0,75.0,78.0,53.0,83.0,74.0,72.0,67.0,55.0,61.0,76.0,51.0
74,222.0,0.0,0.0,0.0,0.0,62.0,88.0,88.0,83.0,73.0,63.0,72.0,67.0,77.0,60.0,64.0,75.0,76.0,60.0
73,240.0,0.0,9.0,0.0,0.0,62.0,84.0,91.0,82.0,69.0,60.0,75.0,57.0,79.0,72.0,62.0,72.0,85.0,47.0
74,240.0,0.0,0.0,0.0,0.0,62.0,83.0,90.0,81.0,75.0,54.0,76.0,57.0,71.0,56.0,67.0,75.0,64.0,59.0
74,236.0,0.0,1.0,0.0,0.0,62.0,84.0,88.0,80.0,74.0,46.0,79.0,63.0,77.0,48.0,63.0,73.0,78.0,45.0
75,240.0,0.0,0.0,0.0,0.0,62.0,87.0,93.0,82.0,78.0,42.0,65.0,61.0,79.0,68.0,50.0,55.0,74.0,41.0
76,253.0,0.0,0.0,0.0,0.0,62.0,78.0,82.0,84.0,79.0,55.0,71.0,65.0,75.0,49.0,55.0,60.0,74.0,10.0
73,237.0,0.0,0.0,0.0,0.0,61.0,83.0,93.0,76.0,70.0,54.0,75.0,67.0,75.0,63.0,58.0,64.0,85.0,44.0
78,260.0,0.0,0.0,0.0,0.0,61.0,84.0,90.0,83.0,72.0,48.0,69.0,63.0,74.0,52.0,45.0,55.0,84.0,32.0
74,240.0,0.0,0.0,0.0,0.0,61.0,82.0,86.0,75.0,76.0,56.0,77.0,84.0,71.0,51.0,52.0,65.0,88.0,54.0
76,275.0,0.0,57.0,0.0,3.0,61.0,81.0,84.0,71.0,78.0,53.0,80.0,85.0,65.0,59.0,25.0,35.0,83.0,20.0
72,236.0,0.0,6.0,0.0,0.0,61.0,78.0,87.0,81.0,77.0,51.0,85.0,68.0,77.0,52.0,58.0,69.0,87.0,42.0
74,231.0,0.0,1.0,0.0,0.0,61.0,91.0,93.0,86.0,63.0,49.0,74.0,59.0,76.0,49.0,66.0,73.0,76.0,40.0
73,226.0,0.0,8.0,0.0,0.0,60.0,85.0,88.0,82.0,76.0,57.0,78.0,64.0,78.0,47.0,60.0,70.0,75.0,53.0
71,225.0,0.0,0.0,0.0,0.0,60.0,87.0,85.0,81.0,63.0,64.0,79.0,61.0,79.0,45.0,71.0,75.0,86.0,75.0
76,235.0,0.0,0.0,0.0,0.0,60.0,90.0,91.0,84.0,69.0,49.0,68.0,55.0,73.0,44.0,72.0,70.0,73.0,55.0
77,249.0,0.0,1.0,0.0,0.0,59.0,84.0,89.0,81.0,80.0,46.0,79.0,60.0,74.0,42.0,50.0,55.0,77.0,30.0
75,245.0,0.0,3.0,0.0,0.0,59.0,85.0,88.0,79.0,72.0,45.0,76.0,62.0,85.0,45.0,68.0,74.0,73.0,65.0
74,239.0,0.0,5.0,0.0,0.0,58.0,83.0,87.0,84.0,76.0,45.0,81.0,63.0,70.0,42.0,60.0,71.0,65.0,40.0
77,270.0,0.0,0.0,0.0,0.0,57.0,78.0,85.0,88.0,78.0,47.0,69.0,61.0,77.0,39.0,50.0,55.0,76.0,45.0
75,246.0,0.0,0.0,0.0,0.0,56.0,73.0,85.0,82.0,75.0,45.0,71.0,62.0,72.0,41.0,50.0,55.0,74.0,40.0
74,233.0,0.0,7.0,0.0,1.0,56.0,87.0,91.0,84.0,67.0,46.0,77.0,59.0,82.0,53.0,56.0,61.0,74.0,57.0
72,237.0,0.0,0.0,0.0,0.0,56.0,81.0,83.0,72.0,62.0,49.0,77.0,67.0,81.0,55.0,55.0,65.0,81.0,50.0
72,238.0,0.0,0.0,0.0,0.0,55.0,78.0,83.0,77.0,62.0,53.0,76.0,75.0,69.0,43.0,55.0,60.0,74.0,40.0
74,222.0,0.0,0.0,0.0,0.0,54.0,89.0,90.0,76.0,73.0,40.0,78.0,55.0,84.0,50.0,50.0,55.0,74.0,40.0
0,0.0,0.0,104.0,3.0,8.0,99.0,87.0,89.0,87.0,85.0,92.0,94.0,95.0,98.0,92.0,64.0,74.0,89.0,60.0
0,0.0,0.0,91.0,5.0,7.0,99.0,86.0,89.0,85.0,81.0,98.0,98.0,93.0,98.0,98.0,74.0,89.0,93.0,54.0
0,0.0,0.0,74.0,1.0,4.0,97.0,83.0,86.0,84.0,85.0,89.0,93.0,93.0,94.0,89.0,66.0,78.0,91.0,24.0
0,0.0,0.0,102.0,3.0,9.0,94.0,87.0,89.0,88.0,84.0,83.0,93.0,93.0,92.0,83.0,63.0,78.0,86.0,45.0
0,0.0,0.0,29.0,0.0,0.0,92.0,76.0,81.0,79.0,92.0,91.0,83.0,94.0,91.0,91.0,53.0,64.0,87.0,16.0
0,0.0,0.0,83.0,1.0,6.0,90.0,85.0,87.0,81.0,77.0,91.0,93.0,86.0,91.0,91.0,70.0,81.0,80.0,40.0
0,0.0,0.0,30.0,0.0,0.0,90.0,85.0,87.0,81.0,77.0,91.0,93.0,86.0,91.0,91.0,70.0,81.0,80.0,40.0
0,0.0,0.0,80.0,1.0,4.0,90.0,81.0,85.0,83.0,73.0,96.0,86.0,83.0,94.0,96.0,78.0,87.0,83.0,55.0
0,0.0,0.0,2.0,1.0,4.0,90.0,81.0,85.0,83.0,73.0,96.0,86.0,83.0,94.0,96.0,78.0,87.0,83.0,55.0
0,0.0,0.0,75.0,0.0,5.0,90.0,74.0,79.0,74.0,89.0,93.0,81.0,84.0,85.0,93.0,59.0,71.0,86.0,18.0
0,0.0,0.0,65.0,0.0,2.0,90.0,83.0,88.0,76.0,84.0,87.0,95.0,82.0,89.0,87.0,60.0,79.0,90.0,78.0
0,0.0,0.0,110.0,1.0,7.0,90.0,77.0,83.0,74.0,90.0,86.0,92.0,87.0,95.0,86.0,51.0,60.0,84.0,45.0
0,0.0,0.0,53.0,1.0,2.0,89.0,82.0,89.0,81.0,75.0,92.0,92.0,81.0,86.0,92.0,75.0,85.0,83.0,50.0
0,0.0,0.0,0.0,0.0,0.0,89.0,84.0,89.0,84.0,84.0,88.0,85.0,78.0,93.0,88.0,65.0,76.0,95.0,45.0
0,0.0,0.0,94.0,0.0,4.0,89.0,84.0,89.0,84.0,84.0,88.0,85.0,78.0,93.0,88.0,65.0,76.0,95.0,45.0
0,0.0,0.0,77.0,1.0,6.0,89.0,84.0,89.0,84.0,84.0,88.0,85.0,78.0,93.0,88.0,65.0,76.0,95.0,45.0
0,0.0,0.0,71.0,4.0,3.0,88.0,83.0,86.0,83.0,79.0,89.0,92.0,82.0,94.0,89.0,61.0,70.0,93.0,55.0
0,0.0,0.0,0.0,0.0,0.0,88.0,78.0,83.0,75.0,79.0,88.0,91.0,89.0,95.0,88.0,69.0,81.0,95.0,45.0
0,0.0,0.0,0.0,0.0,0.0,88.0,81.0,81.0,85.0,72.0,90.0,91.0,66.0,90.0,90.0,78.0,88.0,94.0,60.0
0,0.0,0.0,58.0,0.0,1.0,88.0,85.0,89.0,83.0,72.0,87.0,92.0,81.0,91.0,87.0,70.0,84.0,86.0,45.0
0,0.0,0.0,63.0,0.0,4.0,88.0,82.0,87.0,77.0,86.0,88.0,83.0,81.0,90.0,88.0,58.0,68.0,87.0,15.0
0,0.0,0.0,127.0,6.0,10.0,88.0,88.0,88.0,85.0,74.0,87.0,92.0,82.0,91.0,87.0,62.0,75.0,95.0,42.0
0,0.0,0.0,64.0,0.0,1.0,88.0,79.0,84.0,80.0,69.0,88.0,95.0,85.0,88.0,88.0,76.0,87.0,87.0,65.0
0,0.0,0.0,49.0,0.0,0.0,88.0,82.0,89.0,74.0,75.0,84.0,87.0,90.0,87.0,84.0,59.0,69.0,85.0,30.0
0,0.0,0.0,56.0,0.0,4.0,88.0,88.0,90.0,89.0,68.0,80.0,86.0,86.0,90.0,80.0,73.0,85.0,81.0,35.0
0,0.0,0.0,45.0,0.0,0.0,87.0,82.0,85.0,84.0,67.0,90.0,96.0,73.0,93.0,90.0,68.0,77.0,75.0,54.0
0,0.0,0.0,63.0,2.0,5.0,87.0,76.0,82.0,78.0,78.0,92.0,77.0,78.0,94.0,92.0,54.0,65.0,76.0,10.0
0,0.0,0.0,0.0,0.0,0.0,87.0,83.0,89.0,80.0,66.0,88.0,92.0,86.0,87.0,88.0,73.0,83.0,83.0,50.0
0,0.0,0.0,58.0,0.0,4.0,87.0,82.0,87.0,78.0,90.0,85.0,86.0,81.0,86.0,85.0,60.0,67.0,89.0,35.0
0,0.0,0.0,0.0,0.0,0.0,86.0,80.0,80.0,79.0,70.0,88.0,90.0,89.0,89.0,88.0,68.0,80.0,78.0,65.0
0,0.0,0.0,100.0,4.0,9.0,86.0,81.0,82.0,84.0,84.0,88.0,73.0,78.0,84.0,88.0,56.0,68.0,84.0,60.0
0,0.0,0.0,90.0,1.0,1.0,86.0,85.0,89.0,87.0,66.0,89.0,88.0,80.0,89.0,89.0,70.0,81.0,86.0,55.0
0,0.0,0.0,57.0,0.0,3.0,86.0,81.0,86.0,85.0,84.0,82.0,81.0,83.0,84.0,82.0,53.0,60.0,82.0,10.0
0,0.0,0.0,130.0,3.0,9.0,86.0,75.0,84.0,83.0,82.0,89.0,80.0,76.0,83.0,89.0,51.0,69.0,87.0,38.0
0,0.0,0.0,47.0,0.0,0.0,85.0,80.0,86.0,78.0,67.0,86.0,94.0,78.0,94.0,86.0,73.0,87.0,76.0,40.0
0,0.0,0.0,29.0,0.0,0.0,85.0,73.0,86.0,73.0,83.0,86.0,84.0,74.0,84.0,86.0,56.0,70.0,84.0,50.0
0,0.0,0.0,30.0,0.0,0.0,85.0,77.0,84.0,76.0,69.0,87.0,90.0,80.0,91.0,87.0,58.0,70.0,85.0,45.0
0,0.0,0.0,38.0,0.0,0.0,85.0,88.0,88.0,81.0,74.0,84.0,86.0,78.0,92.0,84.0,52.0,65.0,90.0,53.0
0,0.0,0.0,34.0,1.0,1.0,85.0,82.0,85.0,87.0,86.0,74.0,88.0,86.0,91.0,74.0,62.0,69.0,87.0,24.0
0,0.0,0.0,0.0,0.0,0.0,85.0,68.0,82.0,71.0,91.0,88.0,83.0,85.0,81.0,88.0,64.0,70.0,88.0,60.0
0,0.0,0.0,49.0,0.0,0.0,84.0,82.0,87.0,76.0,82.0,87.0,89.0,79.0,85.0,87.0,67.0,79.0,93.0,48.0
0,0.0,0.0,14.0,0.0,0.0,83.0,82.0,88.0,74.0,76.0,82.0,78.0,74.0,83.0,82.0,64.0,75.0,74.0,45.0
0,0.0,0.0,81.0,0.0,0.0,83.0,78.0,82.0,74.0,83.0,87.0,90.0,72.0,84.0,87.0,73.0,87.0,84.0,55.0
0,0.0,0.0,67.0,1.0,5.0,83.0,75.0,84.0,82.0,78.0,88.0,80.0,77.0,84.0,88.0,51.0,61.0,77.0,20.0
0,0.0,0.0,41.0,0.0,0.0,83.0,83.0,88.0,77.0,71.0,82.0,91.0,85.0,91.0,82.0,64.0,76.0,80.0,65.0
0,0.0,0.0,21.0,0.0,0.0,83.0,84.0,89.0,87.0,68.0,83.0,92.0,81.0,91.0,83.0,62.0,67.0,85.0,47.0
0,0.0,0.0,81.0,0.0,5.0,83.0,84.0,89.0,87.0,68.0,83.0,92.0,81.0,91.0,83.0,62.0,67.0,85.0,47.0
0,0.0,0.0,62.0,0.0,3.0,83.0,87.0,89.0,86.0,79.0,76.0,78.0,91.0,90.0,76.0,50.0,60.0,91.0,35.0
0,0.0,0.0,0.0,0.0,0.0,82.0,74.0,81.0,71.0,78.0,85.0,74.0,88.0,84.0,85.0,56.0,62.0,84.0,10.0
0,0.0,0.0,22.0,0.0,0.0,82.0,74.0,81.0,71.0,78.0,85.0,74.0,88.0,84.0,85.0,56.0,62.0,84.0,10.0
0,0.0,0.0,41.0,0.0,1.0,82.0,88.0,88.0,88.0,63.0,77.0,88.0,73.0,84.0,77.0,73.0,82.0,86.0,60.0
0,0.0,0.0,2.0,0.0,0.0,82.0,75.0,82.0,80.0,82.0,88.0,87.0,74.0,88.0,88.0,59.0,71.0,87.0,57.0
0,0.0,0.0,72.0,0.0,0.0,82.0,75.0,82.0,80.0,82.0,88.0,87.0,74.0,88.0,88.0,59.0,71.0,87.0,57.0
0,0.0,0.0,77.0,2.0,4.0,82.0,79.0,86.0,81.0,81.0,84.0,82.0,83.0,87.0,84.0,44.0,52.0,73.0,33.0
0,0.0,0.0,68.0,0.0,2.0,82.0,75.0,84.0,74.0,74.0,89.0,77.0,83.0,83.0,89.0,50.0,60.0,65.0,35.0
0,0.0,0.0,51.0,0.0,0.0,82.0,72.0,81.0,72.0,75.0,89.0,91.0,75.0,83.0,89.0,57.0,73.0,82.0,10.0
0,0.0,0.0,31.0,0.0,0.0,81.0,76.0,84.0,72.0,85.0,84.0,82.0,86.0,85.0,84.0,45.0,65.0,76.0,10.0
0,0.0,0.0,15.0,0.0,0.0,81.0,86.0,88.0,76.0,73.0,78.0,78.0,86.0,85.0,78.0,61.0,66.0,75.0,45.0
0,0.0,0.0,25.0,0.0,0.0,81.0,80.0,85.0,80.0,77.0,85.0,89.0,71.0,82.0,85.0,68.0,82.0,87.0,55.0
0,0.0,0.0,75.0,0.0,0.0,81.0,80.0,87.0,73.0,77.0,90.0,84.0,72.0,83.0,90.0,70.0,80.0,86.0,55.0
0,0.0,0.0,22.0,0.0,0.0,81.0,85.0,88.0,74.0,82.0,79.0,82.0,84.0,82.0,79.0,57.0,64.0,86.0,24.0
0,0.0,0.0,42.0,0.0,0.0,81.0,86.0,89.0,83.0,70.0,75.0,89.0,80.0,94.0,75.0,66.0,76.0,85.0,40.0
0,0.0,0.0,52.0,0.0,1.0,81.0,80.0,89.0,86.0,82.0,86.0,81.0,77.0,85.0,86.0,65.0,73.0,89.0,68.0
0,0.0,0.0,40.0,0.0,0.0,81.0,77.0,86.0,77.0,82.0,81.0,77.0,79.0,86.0,81.0,64.0,82.0,79.0,18.0
0,0.0,0.0,0.0,0.0,0.0,80.0,81.0,84.0,74.0,72.0,83.0,76.0,86.0,86.0,83.0,59.0,75.0,79.0,39.0
0,0.0,0.0,42.0,0.0,1.0,80.0,88.0,89.0,88.0,62.0,79.0,84.0,69.0,83.0,79.0,76.0,77.0,86.0,60.0
0,0.0,0.0,0.0,0.0,0.0,80.0,78.0,84.0,78.0,75.0,81.0,79.0,75.0,87.0,81.0,58.0,69.0,83.0,35.0
0,0.0,0.0,61.0,0.0,1.0,79.0,75.0,82.0,75.0,77.0,86.0,90.0,71.0,83.0,86.0,68.0,74.0,85.0,50.0
0,0.0,0.0,0.0,0.0,0.0,79.0,87.0,89.0,84.0,87.0,70.0,73.0,78.0,78.0,70.0,61.0,68.0,85.0,40.0
0,0.0,0.0,0.0,0.0,0.0,79.0,77.0,85.0,74.0,72.0,80.0,86.0,81.0,84.0,80.0,55.0,65.0,72.0,45.0
0,0.0,0.0,0.0,0.0,0.0,79.0,75.0,82.0,76.0,74.0,80.0,86.0,82.0,89.0,80.0,62.0,72.0,81.0,50.0
0,0.0,0.0,52.0,0.0,0.0,79.0,83.0,89.0,87.0,67.0,75.0,91.0,81.0,92.0,75.0,62.0,67.0,89.0,79.0
0,0.0,0.0,27.0,0.0,2.0,79.0,90.0,90.0,88.0,83.0,78.0,86.0,77.0,86.0,78.0,55.0,65.0,87.0,54.0
0,0.0,0.0,32.0,0.0,0.0,78.0,89.0,91.0,83.0,75.0,78.0,82.0,75.0,81.0,78.0,73.0,84.0,92.0,70.0
0,0.0,0.0,37.0,0.0,0.0,78.0,76.0,83.0,71.0,74.0,80.0,81.0,80.0,85.0,80.0,60.0,68.0,82.0,40.0
0,0.0,0.0,15.0,0.0,0.0,78.0,83.0,87.0,85.0,73.0,75.0,79.0,70.0,82.0,75.0,59.0,69.0,87.0,50.0
0,0.0,0.0,27.0,0.0,0.0,78.0,79.0,84.0,72.0,74.0,78.0,86.0,84.0,85.0,78.0,59.0,65.0,89.0,26.0
0,0.0,0.0,33.0,0.0,0.0,78.0,82.0,88.0,76.0,74.0,78.0,85.0,84.0,86.0,78.0,55.0,68.0,73.0,49.0
0,0.0,0.0,58.0,0.0,1.0,78.0,80.0,87.0,78.0,75.0,88.0,88.0,65.0,87.0,88.0,62.0,68.0,78.0,65.0
0,0.0,0.0,0.0,0.0,0.0,78.0,77.0,84.0,82.0,68.0,77.0,86.0,69.0,86.0,77.0,71.0,81.0,80.0,55.0
0,0.0,0.0,22.0,0.0,0.0,78.0,80.0,87.0,74.0,68.0,80.0,77.0,82.0,83.0,80.0,51.0,64.0,81.0,50.0
0,0.0,0.0,72.0,0.0,1.0,78.0,79.0,89.0,83.0,75.0,88.0,81.0,70.0,83.0,88.0,51.0,57.0,90.0,61.0
0,0.0,0.0,38.0,0.0,0.0,78.0,83.0,88.0,75.0,78.0,78.0,91.0,79.0,85.0,78.0,56.0,66.0,82.0,65.0
0,0.0,0.0,66.0,0.0,2.0,78.0,79.0,83.0,74.0,71.0,86.0,81.0,62.0,75.0,86.0,64.0,70.0,72.0,73.0
0,0.0,0.0,0.0,0.0,0.0,77.0,80.0,87.0,79.0,68.0,81.0,83.0,76.0,84.0,81.0,67.0,79.0,80.0,45.0
0,0.0,0.0,36.0,0.0,0.0,77.0,83.0,87.0,82.0,64.0,82.0,86.0,72.0,83.0,82.0,57.0,68.0,82.0,62.0
0,0.0,0.0,17.0,0.0,0.0,77.0,83.0,89.0,73.0,67.0,80.0,86.0,72.0,79.0,80.0,53.0,64.0,68.0,50.0
0,0.0,0.0,28.0,0.0,0.0,77.0,79.0,85.0,82.0,71.0,76.0,82.0,75.0,85.0,76.0,57.0,67.0,77.0,65.0
0,0.0,0.0,55.0,0.0,0.0,77.0,82.0,89.0,74.0,81.0,73.0,79.0,80.0,81.0,73.0,52.0,60.0,77.0,42.0
0,0.0,0.0,0.0,0.0,0.0,77.0,80.0,84.0,82.0,65.0,80.0,77.0,67.0,82.0,80.0,66.0,73.0,85.0,60.0
0,0.0,0.0,44.0,0.0,1.0,77.0,84.0,87.0,80.0,69.0,74.0,89.0,81.0,86.0,74.0,64.0,73.0,88.0,42.0
0,0.0,0.0,59.0,0.0,0.0,76.0,86.0,88.0,85.0,71.0,65.0,83.0,77.0,86.0,65.0,67.0,71.0,77.0,44.0
0,0.0,0.0,24.0,0.0,0.0,76.0,85.0,88.0,84.0,69.0,71.0,82.0,74.0,85.0,71.0,62.0,68.0,82.0,65.0
0,0.0,0.0,101.0,1.0,2.0,76.0,86.0,89.0,85.0,81.0,79.0,86.0,65.0,86.0,79.0,63.0,70.0,87.0,40.0
0,0.0,0.0,43.0,0.0,1.0,76.0,87.0,90.0,83.0,79.0,79.0,78.0,72.0,87.0,79.0,62.0,70.0,86.0,57.0
0,0.0,0.0,43.0,0.0,1.0,76.0,82.0,88.0,74.0,85.0,74.0,86.0,81.0,85.0,74.0,52.0,65.0,91.0,46.0
0,0.0,0.0,9.0,0.0,0.0,76.0,78.0,81.0,73.0,75.0,75.0,89.0,76.0,87.0,75.0,67.0,74.0,88.0,60.0
0,0.0,0.0,37.0,0.0,1.0,76.0,85.0,88.0,87.0,75.0,70.0,88.0,78.0,84.0,70.0,72.0,73.0,88.0,52.0
0,0.0,0.0,33.0,0.0,0.0,76.0,81.0,85.0,83.0,66.0,81.0,92.0,66.0,86.0,81.0,55.0,67.0,82.0,55.0
0,0.0,0.0,44.0,0.0,0.0,76.0,85.0,86.0,82.0,72.0,75.0,82.0,66.0,82.0,75.0,65.0,75.0,83.0,49.0
0,0.0,0.0,37.0,0.0,0.0,76.0,81.0,89.0,72.0,72.0,72.0,86.0,79.0,84.0,73.0,60.0,69.0,84.0,68.0
0,0.0,0.0,0.0,0.0,0.0,76.0,81.0,89.0,84.0,66.0,77.0,79.0,68.0,79.0,77.0,70.0,80.0,75.0,55.0
0,0.0,0.0,42.0,0.0,0.0,76.0,84.0,86.0,88.0,74.0,67.0,82.0,79.0,83.0,67.0,70.0,77.0,84.0,53.0
0,0.0,0.0,64.0,1.0,1.0,76.0,85.0,90.0,82.0,74.0,74.0,88.0,79.0,85.0,74.0,54.0,64.0,85.0,55.0
0,0.0,0.0,30.0,0.0,0.0,75.0,80.0,83.0,74.0,71.0,74.0,83.0,83.0,81.0,74.0,59.0,69.0,79.0,35.0
0,0.0,0.0,0.0,0.0,0.0,75.0,82.0,86.0,77.0,67.0,76.0,90.0,78.0,89.0,76.0,57.0,68.0,63.0,45.0
0,0.0,0.0,20.0,0.0,0.0,75.0,77.0,87.0,80.0,69.0,84.0,87.0,66.0,83.0,84.0,54.0,68.0,85.0,56.0
0,0.0,0.0,17.0,0.0,0.0,75.0,83.0,85.0,85.0,77.0,79.0,86.0,67.0,78.0,79.0,67.0,74.0,72.0,59.0
0,0.0,0.0,0.0,0.0,0.0,75.0,76.0,83.0,74.0,73.0,78.0,86.0,83.0,80.0,78.0,60.0,66.0,81.0,45.0
0,0.0,0.0,41.0,0.0,0.0,75.0,84.0,84.0,86.0,69.0,72.0,85.0,72.0,82.0,72.0,77.0,80.0,73.0,66.0
0,0.0,0.0,58.0,0.0,0.0,75.0,86.0,86.0,81.0,72.0,75.0,74.0,78.0,82.0,75.0,72.0,79.0,92.0,66.0
0,0.0,0.0,0.0,0.0,0.0,74.0,78.0,83.0,74.0,83.0,79.0,69.0,78.0,83.0,79.0,64.0,74.0,86.0,55.0
0,0.0,0.0,22.0,0.0,0.0,74.0,82.0,87.0,89.0,79.0,66.0,82.0,77.0,81.0,66.0,53.0,69.0,88.0,53.0
0,0.0,0.0,40.0,0.0,0.0,74.0,85.0,88.0,86.0,66.0,78.0,84.0,64.0,86.0,78.0,73.0,83.0,69.0,66.0
0,0.0,0.0,27.0,0.0,0.0,74.0,77.0,84.0,79.0,74.0,83.0,80.0,72.0,85.0,83.0,53.0,64.0,78.0,65.0
0,0.0,0.0,41.0,0.0,0.0,74.0,80.0,89.0,81.0,74.0,78.0,79.0,66.0,75.0,78.0,53.0,65.0,87.0,60.0
0,0.0,0.0,53.0,0.0,0.0,74.0,83.0,90.0,86.0,76.0,75.0,83.0,69.0,84.0,75.0,69.0,75.0,73.0,57.0
0,0.0,0.0,0.0,0.0,0.0,74.0,83.0,89.0,76.0,74.0,82.0,81.0,69.0,81.0,82.0,55.0,64.0,78.0,50.0
0,0.0,0.0,29.0,0.0,0.0,74.0,78.0,87.0,75.0,73.0,70.0,83.0,74.0,79.0,70.0,62.0,69.0,87.0,40.0
0,0.0,0.0,37.0,0.0,0.0,74.0,82.0,87.0,74.0,67.0,72.0,86.0,82.0,83.0,72.0,61.0,74.0,73.0,55.0
0,0.0,0.0,0.0,0.0,0.0,74.0,79.0,86.0,68.0,81.0,77.0,89.0,70.0,81.0,77.0,62.0,73.0,86.0,65.0
0,0.0,0.0,10.0,0.0,0.0,74.0,86.0,89.0,84.0,75.0,73.0,87.0,68.0,82.0,73.0,59.0,66.0,85.0,60.0
0,0.0,0.0,17.0,0.0,0.0,74.0,78.0,81.0,73.0,81.0,75.0,87.0,78.0,80.0,75.0,64.0,75.0,79.0,40.0
0,0.0,0.0,0.0,0.0,0.0,74.0,78.0,81.0,73.0,81.0,75.0,87.0,78.0,80.0,75.0,64.0,75.0,79.0,40.0
0,0.0,0.0,0.0,0.0,0.0,74.0,84.0,80.0,73.0,69.0,66.0,83.0,84.0,84.0,66.0,53.0,67.0,79.0,60.0
0,0.0,0.0,0.0,0.0,0.0,74.0,84.0,80.0,73.0,69.0,66.0,83.0,84.0,84.0,66.0,53.0,67.0,79.0,60.0
0,0.0,0.0,34.0,0.0,0.0,74.0,84.0,80.0,73.0,69.0,66.0,83.0,84.0,84.0,66.0,53.0,67.0,79.0,60.0
0,0.0,0.0,2.0,0.0,0.0,73.0,76.0,86.0,85.0,81.0,78.0,81.0,68.0,82.0,78.0,63.0,74.0,88.0,50.0
0,0.0,0.0,34.0,0.0,0.0,73.0,76.0,86.0,85.0,81.0,78.0,81.0,68.0,82.0,78.0,63.0,74.0,88.0,50.0
0,0.0,0.0,12.0,0.0,0.0,73.0,83.0,86.0,82.0,75.0,66.0,74.0,74.0,88.0,66.0,50.0,55.0,85.0,10.0
0,0.0,0.0,29.0,0.0,0.0,73.0,81.0,84.0,81.0,73.0,77.0,87.0,68.0,82.0,77.0,56.0,66.0,85.0,45.0
0,0.0,0.0,23.0,0.0,1.0,73.0,85.0,84.0,85.0,86.0,65.0,76.0,75.0,85.0,65.0,54.0,64.0,76.0,20.0
0,0.0,0.0,13.0,0.0,0.0,73.0,82.0,87.0,75.0,73.0,76.0,80.0,73.0,81.0,76.0,57.0,69.0,62.0,40.0
0,0.0,0.0,22.0,0.0,0.0,73.0,84.0,87.0,83.0,76.0,75.0,76.0,75.0,81.0,75.0,67.0,73.0,84.0,59.0
0,0.0,0.0,0.0,0.0,0.0,73.0,75.0,87.0,80.0,68.0,76.0,83.0,74.0,86.0,76.0,62.0,70.0,80.0,45.0
0,0.0,0.0,20.0,0.0,0.0,73.0,83.0,87.0,84.0,75.0,72.0,83.0,74.0,85.0,72.0,64.0,72.0,79.0,40.0
0,0.0,0.0,19.0,0.0,0.0,73.0,87.0,88.0,89.0,72.0,69.0,77.0,83.0,84.0,69.0,68.0,70.0,85.0,50.0
0,0.0,0.0,4.0,0.0,0.0,73.0,76.0,85.0,77.0,73.0,70.0,87.0,81.0,80.0,70.0,65.0,79.0,87.0,54.0
0,0.0,0.0,20.0,0.0,0.0,73.0,82.0,88.0,82.0,65.0,74.0,86.0,71.0,84.0,74.0,60.0,72.0,82.0,55.0
0,0.0,0.0,51.0,0.0,0.0,73.0,77.0,86.0,78.0,73.0,88.0,83.0,56.0,74.0,88.0,53.0,66.0,84.0,55.0
0,0.0,0.0,1.0,0.0,0.0,73.0,79.0,82.0,75.0,73.0,71.0,86.0,81.0,83.0,71.0,59.0,70.0,88.0,70.0
0,0.0,0.0,35.0,0.0,0.0,73.0,79.0,82.0,75.0,73.0,71.0,86.0,81.0,83.0,71.0,59.0,70.0,88.0,70.0
0,0.0,0.0,17.0,0.0,0.0,73.0,75.0,85.0,76.0,67.0,72.0,74.0,77.0,84.0,72.0,59.0,66.0,86.0,48.0
0,0.0,0.0,2.0,0.0,0.0,73.0,77.0,85.0,84.0,80.0,71.0,83.0,82.0,78.0,71.0,27.0,37.0,78.0,22.0
0,0.0,0.0,0.0,0.0,0.0,72.0,80.0,88.0,84.0,71.0,77.0,80.0,67.0,77.0,77.0,71.0,79.0,83.0,65.0
0,0.0,0.0,1.0,0.0,0.0,72.0,80.0,88.0,84.0,71.0,77.0,80.0,67.0,77.0,77.0,71.0,79.0,83.0,65.0
0,0.0,0.0,0.0,0.0,0.0,72.0,66.0,74.0,68.0,83.0,72.0,79.0,77.0,78.0,72.0,56.0,67.0,85.0,15.0
0,0.0,0.0,41.0,0.0,0.0,72.0,85.0,88.0,83.0,73.0,60.0,81.0,84.0,81.0,60.0,49.0,61.0,83.0,22.0
0,0.0,0.0,6.0,0.0,0.0,72.0,80.0,87.0,72.0,73.0,74.0,76.0,66.0,80.0,74.0,55.0,64.0,74.0,55.0
0,0.0,0.0,14.0,0.0,0.0,72.0,83.0,86.0,82.0,74.0,72.0,83.0,70.0,85.0,72.0,61.0,67.0,82.0,76.0
0,0.0,0.0,11.0,0.0,0.0,72.0,83.0,87.0,85.0,72.0,66.0,83.0,71.0,86.0,66.0,57.0,72.0,85.0,60.0
0,0.0,0.0,21.0,0.0,0.0,72.0,79.0,88.0,71.0,77.0,70.0,86.0,83.0,83.0,70.0,53.0,63.0,83.0,40.0
0,0.0,0.0,0.0,0.0,0.0,72.0,81.0,88.0,83.0,66.0,66.0,82.0,81.0,81.0,66.0,56.0,68.0,66.0,65.0
0,0.0,0.0,11.0,0.0,0.0,72.0,83.0,87.0,85.0,75.0,68.0,81.0,76.0,86.0,68.0,50.0,60.0,79.0,50.0
0,0.0,0.0,3.0,0.0,0.0,72.0,84.0,87.0,87.0,69.0,67.0,87.0,75.0,88.0,67.0,65.0,71.0,78.0,65.0
0,0.0,0.0,40.0,0.0,0.0,72.0,78.0,87.0,81.0,65.0,73.0,84.0,72.0,88.0,73.0,62.0,73.0,77.0,45.0
0,0.0,0.0,13.0,0.0,0.0,72.0,82.0,89.0,86.0,59.0,77.0,79.0,73.0,79.0,77.0,62.0,69.0,81.0,55.0
0,0.0,0.0,0.0,0.0,0.0,72.0,82.0,88.0,76.0,69.0,71.0,75.0,70.0,75.0,71.0,61.0,70.0,78.0,45.0
0,0.0,0.0,7.0,0.0,0.0,71.0,79.0,86.0,81.0,83.0,68.0,81.0,77.0,78.0,68.0,34.0,47.0,79.0,35.0
0,0.0,0.0,0.0,0.0,0.0,71.0,80.0,86.0,81.0,65.0,68.0,77.0,67.0,74.0,68.0,69.0,77.0,81.0,74.0
0,0.0,0.0,0.0,0.0,0.0,71.0,80.0,88.0,87.0,73.0,67.0,75.0,72.0,88.0,67.0,71.0,71.0,86.0,60.0
0,0.0,0.0,47.0,0.0,0.0,71.0,85.0,86.0,80.0,72.0,76.0,73.0,72.0,77.0,76.0,50.0,67.0,73.0,45.0
0,0.0,0.0,29.0,0.0,0.0,71.0,74.0,83.0,71.0,76.0,72.0,68.0,78.0,78.0,72.0,56.0,66.0,83.0,44.0
0,0.0,0.0,0.0,0.0,0.0,71.0,77.0,85.0,75.0,68.0,74.0,82.0,66.0,83.0,74.0,64.0,75.0,67.0,50.0
0,0.0,0.0,0.0,0.0,0.0,71.0,79.0,83.0,77.0,68.0,68.0,79.0,70.0,77.0,68.0,65.0,70.0,76.0,54.0
0,0.0,0.0,9.0,0.0,0.0,71.0,83.0,86.0,77.0,66.0,71.0,83.0,76.0,83.0,71.0,59.0,69.0,78.0,50.0
0,0.0,0.0,42.0,0.0,1.0,71.0,87.0,89.0,87.0,70.0,66.0,77.0,82.0,84.0,66.0,70.0,77.0,78.0,44.0
0,0.0,0.0,0.0,0.0,0.0,71.0,84.0,86.0,84.0,63.0,72.0,79.0,64.0,83.0,72.0,53.0,64.0,74.0,64.0
0,0.0,0.0,0.0,0.0,0.0,71.0,79.0,86.0,86.0,70.0,66.0,77.0,63.0,81.0,66.0,62.0,73.0,65.0,78.0
0,0.0,0.0,3.0,0.0,0.0,71.0,81.0,86.0,85.0,63.0,70.0,76.0,66.0,79.0,70.0,65.0,72.0,73.0,65.0
0,0.0,0.0,0.0,0.0,0.0,71.0,80.0,84.0,83.0,70.0,65.0,74.0,79.0,84.0,65.0,58.0,65.0,68.0,55.0
0,0.0,0.0,32.0,0.0,0.0,71.0,86.0,86.0,82.0,62.0,79.0,82.0,64.0,77.0,79.0,65.0,71.0,76.0,55.0
0,0.0,0.0,9.0,0.0,0.0,71.0,81.0,88.0,75.0,78.0,79.0,78.0,68.0,78.0,79.0,63.0,77.0,64.0,55.0
0,0.0,0.0,30.0,0.0,0.0,71.0,87.0,89.0,77.0,63.0,70.0,80.0,64.0,83.0,70.0,68.0,78.0,74.0,60.0
0,0.0,0.0,0.0,0.0,0.0,71.0,87.0,89.0,77.0,63.0,70.0,80.0,64.0,83.0,70.0,68.0,78.0,74.0,60.0
0,0.0,0.0,0.0,0.0,0.0,71.0,87.0,89.0,77.0,63.0,70.0,80.0,64.0,83.0,70.0,68.0,78.0,74.0,60.0
0,0.0,0.0,0.0,0.0,0.0,70.0,79.0,84.0,81.0,72.0,75.0,84.0,70.0,78.0,75.0,55.0,68.0,77.0,48.0
0,0.0,0.0,11.0,0.0,0.0,70.0,85.0,88.0,83.0,77.0,61.0,77.0,76.0,81.0,61.0,45.0,55.0,84.0,40.0
0,0.0,0.0,0.0,0.0,0.0,70.0,79.0,83.0,74.0,69.0,72.0,81.0,73.0,83.0,72.0,61.0,69.0,77.0,50.0
0,0.0,0.0,0.0,0.0,0.0,70.0,75.0,82.0,79.0,66.0,72.0,81.0,71.0,86.0,72.0,62.0,74.0,82.0,51.0
0,0.0,0.0,34.0,0.0,1.0,70.0,85.0,88.0,88.0,73.0,63.0,84.0,76.0,86.0,63.0,63.0,70.0,85.0,55.0
0,0.0,0.0,0.0,0.0,0.0,70.0,78.0,82.0,81.0,67.0,71.0,84.0,71.0,83.0,71.0,65.0,74.0,67.0,55.0
0,0.0,0.0,0.0,0.0,0.0,70.0,77.0,84.0,78.0,76.0,65.0,79.0,69.0,84.0,65.0,51.0,56.0,81.0,40.0
0,0.0,0.0,14.0,0.0,0.0,70.0,84.0,88.0,73.0,75.0,71.0,84.0,72.0,82.0,71.0,52.0,69.0,82.0,48.0
0,0.0,0.0,0.0,0.0,0.0,70.0,82.0,89.0,74.0,74.0,72.0,77.0,73.0,81.0,72.0,65.0,73.0,85.0,47.0
0,0.0,0.0,85.0,6.0,10.0,70.0,82.0,89.0,74.0,74.0,72.0,77.0,73.0,81.0,72.0,65.0,73.0,85.0,47.0
0,0.0,0.0,0.0,0.0,0.0,70.0,82.0,89.0,74.0,74.0,72.0,77.0,73.0,81.0,72.0,65.0,73.0,85.0,47.0
0,0.0,0.0,3.0,0.0,0.0,70.0,86.0,88.0,79.0,73.0,73.0,79.0,67.0,84.0,73.0,73.0,72.0,73.0,52.0
0,0.0,0.0,0.0,0.0,0.0,70.0,77.0,83.0,74.0,76.0,72.0,79.0,76.0,82.0,72.0,57.0,71.0,80.0,55.0
0,0.0,0.0,0.0,0.0,0.0,70.0,84.0,88.0,83.0,73.0,74.0,81.0,72.0,82.0,74.0,57.0,66.0,67.0,55.0
0,0.0,0.0,11.0,0.0,0.0,70.0,84.0,88.0,85.0,70.0,74.0,79.0,64.0,85.0,74.0,68.0,74.0,76.0,45.0
0,0.0,0.0,15.0,0.0,0.0,70.0,87.0,89.0,87.0,80.0,60.0,82.0,66.0,78.0,60.0,61.0,73.0,67.0,40.0
0,0.0,0.0,44.0,0.0,0.0,70.0,86.0,88.0,82.0,72.0,61.0,82.0,72.0,81.0,61.0,50.0,70.0,87.0,60.0
0,0.0,0.0,0.0,0.0,0.0,69.0,78.0,84.0,85.0,70.0,64.0,87.0,72.0,83.0,64.0,67.0,74.0,83.0,65.0
0,0.0,0.0,33.0,0.0,0.0,69.0,80.0,85.0,72.0,69.0,61.0,74.0,80.0,81.0,61.0,54.0,69.0,84.0,49.0
0,0.0,0.0,16.0,0.0,0.0,69.0,80.0,84.0,74.0,82.0,66.0,70.0,72.0,80.0,66.0,50.0,55.0,77.0,41.0
0,0.0,0.0,29.0,0.0,0.0,69.0,76.0,85.0,81.0,84.0,63.0,81.0,81.0,76.0,63.0,55.0,64.0,83.0,42.0
0,0.0,0.0,0.0,0.0,0.0,69.0,86.0,88.0,88.0,78.0,60.0,81.0,69.0,79.0,60.0,55.0,65.0,77.0,55.0
0,0.0,0.0,0.0,0.0,0.0,69.0,78.0,88.0,75.0,65.0,73.0,78.0,71.0,83.0,73.0,60.0,68.0,76.0,45.0
0,0.0,0.0,5.0,0.0,0.0,69.0,78.0,85.0,84.0,79.0,62.0,79.0,80.0,81.0,62.0,30.0,46.0,80.0,22.0
0,0.0,0.0,0.0,0.0,0.0,68.0,78.0,84.0,78.0,76.0,69.0,79.0,77.0,78.0,69.0,63.0,66.0,84.0,49.0
0,0.0,0.0,3.0,0.0,0.0,68.0,83.0,87.0,75.0,76.0,61.0,84.0,77.0,78.0,61.0,72.0,67.0,75.0,66.0
0,0.0,0.0,0.0,0.0,0.0,68.0,86.0,85.0,76.0,72.0,69.0,82.0,74.0,84.0,69.0,52.0,64.0,75.0,40.0
0,0.0,0.0,31.0,0.0,0.0,68.0,80.0,86.0,76.0,74.0,63.0,82.0,80.0,81.0,63.0,58.0,64.0,83.0,55.0
0,0.0,0.0,0.0,0.0,0.0,68.0,72.0,81.0,75.0,75.0,75.0,78.0,72.0,88.0,75.0,53.0,72.0,81.0,40.0
0,0.0,0.0,25.0,0.0,0.0,68.0,79.0,83.0,74.0,75.0,73.0,81.0,68.0,78.0,73.0,51.0,64.0,88.0,40.0
0,0.0,0.0,0.0,0.0,0.0,68.0,83.0,88.0,75.0,71.0,69.0,78.0,73.0,77.0,69.0,63.0,67.0,82.0,60.0
0,0.0,0.0,0.0,0.0,0.0,68.0,80.0,88.0,76.0,70.0,64.0,74.0,77.0,74.0,64.0,55.0,69.0,81.0,65.0
0,0.0,0.0,16.0,0.0,0.0,68.0,82.0,87.0,84.0,75.0,55.0,83.0,77.0,81.0,55.0,57.0,66.0,80.0,44.0
0,0.0,0.0,0.0,0.0,0.0,68.0,80.0,85.0,83.0,74.0,66.0,79.0,72.0,85.0,66.0,54.0,64.0,85.0,40.0
0,0.0,0.0,0.0,0.0,0.0,68.0,82.0,83.0,79.0,65.0,71.0,78.0,73.0,83.0,71.0,58.0,68.0,76.0,70.0
0,0.0,0.0,6.0,0.0,0.0,68.0,76.0,79.0,72.0,78.0,71.0,86.0,76.0,81.0,71.0,53.0,69.0,64.0,45.0
0,0.0,0.0,0.0,0.0,0.0,68.0,81.0,88.0,76.0,74.0,65.0,84.0,67.0,79.0,65.0,69.0,73.0,77.0,60.0
0,0.0,0.0,0.0,0.0,0.0,68.0,79.0,86.0,71.0,66.0,72.0,82.0,71.0,83.0,72.0,61.0,74.0,74.0,45.0
0,0.0,0.0,0.0,0.0,0.0,68.0,79.0,87.0,70.0,85.0,69.0,76.0,78.0,76.0,69.0,55.0,73.0,80.0,55.0
0,0.0,0.0,0.0,0.0,0.0,67.0,86.0,88.0,76.0,71.0,65.0,74.0,66.0,78.0,65.0,59.0,69.0,72.0,55.0
0,0.0,0.0,2.0,0.0,0.0,67.0,84.0,85.0,74.0,75.0,60.0,76.0,78.0,67.0,60.0,52.0,64.0,75.0,40.0
0,0.0,0.0,0.0,0.0,0.0,67.0,80.0,89.0,72.0,76.0,66.0,79.0,85.0,74.0,66.0,55.0,75.0,72.0,50.0
0,0.0,0.0,8.0,0.0,0.0,67.0,79.0,86.0,75.0,76.0,73.0,65.0,74.0,74.0,73.0,46.0,51.0,74.0,24.0
0,0.0,0.0,0.0,0.0,0.0,67.0,77.0,86.0,73.0,74.0,62.0,72.0,66.0,79.0,62.0,52.0,62.0,74.0,25.0
0,0.0,0.0,0.0,0.0,0.0,67.0,84.0,89.0,76.0,82.0,61.0,78.0,75.0,83.0,61.0,64.0,71.0,87.0,54.0
0,0.0,0.0,0.0,0.0,0.0,67.0,84.0,88.0,82.0,69.0,64.0,76.0,77.0,79.0,64.0,61.0,71.0,85.0,47.0
0,0.0,0.0,0.0,0.0,0.0,67.0,83.0,88.0,74.0,78.0,60.0,76.0,74.0,77.0,61.0,55.0,61.0,69.0,42.0
0,0.0,0.0,4.0,0.0,0.0,67.0,88.0,91.0,87.0,74.0,66.0,75.0,64.0,81.0,66.0,74.0,74.0,87.0,50.0
0,0.0,0.0,38.0,0.0,0.0,67.0,82.0,87.0,78.0,81.0,62.0,84.0,76.0,80.0,62.0,61.0,62.0,80.0,53.0
0,0.0,0.0,0.0,0.0,0.0,67.0,74.0,78.0,75.0,69.0,68.0,78.0,66.0,77.0,68.0,55.0,66.0,74.0,44.0
0,0.0,0.0,18.0,0.0,0.0,67.0,83.0,87.0,75.0,64.0,69.0,76.0,73.0,74.0,69.0,56.0,59.0,64.0,45.0
0,0.0,0.0,6.0,0.0,0.0,67.0,83.0,87.0,75.0,64.0,69.0,76.0,73.0,74.0,69.0,56.0,59.0,64.0,45.0
0,0.0,0.0,62.0,0.0,4.0,67.0,81.0,87.0,81.0,86.0,51.0,80.0,81.0,83.0,51.0,30.0,44.0,80.0,22.0
0,0.0,0.0,0.0,0.0,0.0,67.0,81.0,84.0,76.0,68.0,65.0,78.0,69.0,74.0,65.0,62.0,75.0,86.0,60.0
0,0.0,0.0,0.0,0.0,0.0,67.0,79.0,86.0,74.0,74.0,67.0,71.0,70.0,74.0,67.0,56.0,64.0,74.0,40.0
0,0.0,0.0,7.0,0.0,0.0,67.0,78.0,84.0,71.0,65.0,68.0,85.0,73.0,81.0,68.0,55.0,69.0,82.0,39.0
0,0.0,0.0,4.0,0.0,0.0,66.0,84.0,89.0,72.0,72.0,65.0,73.0,71.0,78.0,65.0,60.0,67.0,76.0,50.0
0,0.0,0.0,0.0,0.0,0.0,66.0,77.0,83.0,72.0,77.0,72.0,86.0,70.0,73.0,72.0,50.0,63.0,70.0,50.0
0,0.0,0.0,0.0,0.0,0.0,66.0,86.0,87.0,84.0,79.0,69.0,78.0,64.0,77.0,69.0,67.0,76.0,72.0,55.0
0,0.0,0.0,0.0,0.0,0.0,66.0,79.0,87.0,75.0,85.0,66.0,75.0,76.0,82.0,66.0,48.0,71.0,71.0,47.0
0,0.0,0.0,1.0,0.0,0.0,66.0,83.0,87.0,75.0,77.0,62.0,85.0,77.0,76.0,62.0,50.0,60.0,86.0,10.0
0,0.0,0.0,0.0,0.0,0.0,66.0,83.0,86.0,79.0,67.0,63.0,72.0,64.0,76.0,63.0,63.0,75.0,70.0,55.0
0,0.0,0.0,20.0,0.0,0.0,66.0,83.0,88.0,81.0,84.0,57.0,86.0,83.0,75.0,57.0,52.0,62.0,83.0,49.0
0,0.0,0.0,1.0,0.0,0.0,66.0,85.0,86.0,85.0,82.0,54.0,86.0,78.0,77.0,54.0,30.0,38.0,84.0,30.0
0,0.0,0.0,4.0,0.0,0.0,66.0,82.0,85.0,74.0,78.0,64.0,76.0,72.0,79.0,64.0,55.0,60.0,76.0,40.0
0,0.0,0.0,0.0,0.0,0.0,66.0,84.0,88.0,80.0,77.0,69.0,79.0,67.0,78.0,69.0,55.0,62.0,78.0,40.0
0,0.0,0.0,9.0,0.0,0.0,66.0,76.0,84.0,79.0,75.0,65.0,67.0,74.0,77.0,65.0,48.0,53.0,73.0,20.0
0,0.0,0.0,4.0,0.0,0.0,66.0,78.0,85.0,79.0,75.0,58.0,88.0,82.0,77.0,58.0,65.0,74.0,81.0,60.0
0,0.0,0.0,27.0,0.0,0.0,65.0,83.0,86.0,78.0,66.0,60.0,87.0,74.0,79.0,60.0,53.0,72.0,79.0,57.0
0,0.0,0.0,5.0,0.0,0.0,65.0,84.0,88.0,80.0,66.0,66.0,83.0,61.0,88.0,66.0,50.0,71.0,77.0,52.0
0,0.0,0.0,37.0,0.0,1.0,65.0,80.0,87.0,79.0,76.0,60.0,70.0,72.0,81.0,60.0,66.0,74.0,76.0,42.0
0,0.0,0.0,14.0,0.0,0.0,65.0,87.0,88.0,84.0,84.0,52.0,78.0,74.0,81.0,52.0,61.0,72.0,84.0,50.0
0,0.0,0.0,0.0,0.0,0.0,65.0,73.0,86.0,80.0,74.0,62.0,71.0,65.0,77.0,62.0,55.0,60.0,80.0,47.0
0,0.0,0.0,14.0,0.0,0.0,65.0,84.0,88.0,74.0,75.0,68.0,85.0,65.0,73.0,68.0,51.0,61.0,79.0,67.0
0,0.0,0.0,13.0,0.0,0.0,65.0,76.0,82.0,83.0,78.0,61.0,81.0,73.0,83.0,61.0,53.0,64.0,89.0,46.0
0,0.0,0.0,3.0,0.0,0.0,65.0,83.0,89.0,85.0,71.0,61.0,75.0,65.0,71.0,61.0,59.0,74.0,69.0,65.0
0,0.0,0.0,2.0,0.0,0.0,65.0,79.0,84.0,78.0,74.0,59.0,83.0,77.0,82.0,59.0,62.0,70.0,84.0,54.0
0,0.0,0.0,48.0,0.0,0.0,65.0,84.0,84.0,73.0,82.0,54.0,86.0,78.0,82.0,54.0,55.0,65.0,89.0,49.0
0,0.0,0.0,0.0,0.0,0.0,65.0,75.0,86.0,74.0,76.0,58.0,76.0,75.0,74.0,58.0,50.0,60.0,77.0,55.0
0,0.0,0.0,1.0,0.0,0.0,65.0,84.0,88.0,80.0,74.0,55.0,79.0,72.0,77.0,55.0,67.0,77.0,78.0,45.0
0,0.0,0.0,0.0,0.0,0.0,65.0,76.0,88.0,75.0,75.0,62.0,80.0,78.0,78.0,62.0,56.0,66.0,84.0,45.0
0,0.0,0.0,0.0,0.0,0.0,65.0,81.0,83.0,72.0,62.0,66.0,77.0,75.0,82.0,66.0,60.0,70.0,81.0,50.0
0,0.0,0.0,57.0,0.0,3.0,65.0,81.0,84.0,71.0,78.0,64.0,80.0,80.0,76.0,64.0,25.0,35.0,83.0,20.0
0,0.0,0.0,1.0,0.0,0.0,65.0,84.0,89.0,83.0,81.0,61.0,77.0,65.0,78.0,61.0,57.0,63.0,82.0,49.0
0,0.0,0.0,9.0,0.0,0.0,65.0,79.0,86.0,84.0,78.0,54.0,83.0,83.0,81.0,54.0,60.0,72.0,78.0,55.0
0,0.0,0.0,0.0,0.0,0.0,65.0,80.0,88.0,74.0,63.0,62.0,77.0,69.0,83.0,62.0,52.0,68.0,89.0,44.0
0,0.0,0.0,9.0,0.0,0.0,65.0,80.0,88.0,74.0,79.0,66.0,80.0,70.0,79.0,66.0,56.0,66.0,77.0,20.0
0,0.0,0.0,22.0,0.0,0.0,65.0,86.0,88.0,86.0,81.0,50.0,75.0,71.0,78.0,50.0,53.0,61.0,78.0,20.0
0,0.0,0.0,1.0,0.0,0.0,65.0,86.0,88.0,86.0,81.0,50.0,75.0,71.0,78.0,50.0,53.0,61.0,78.0,20.0
0,0.0,0.0,2.0,0.0,0.0,64.0,84.0,88.0,86.0,76.0,58.0,78.0,75.0,81.0,58.0,58.0,68.0,84.0,44.0
0,0.0,0.0,20.0,0.0,0.0,64.0,81.0,87.0,87.0,73.0,54.0,84.0,78.0,84.0,54.0,57.0,65.0,79.0,37.0
0,0.0,0.0,0.0,0.0,0.0,64.0,76.0,84.0,75.0,78.0,65.0,83.0,76.0,73.0,65.0,55.0,61.0,76.0,51.0
0,0.0,0.0,5.0,0.0,0.0,64.0,79.0,86.0,77.0,72.0,55.0,78.0,79.0,72.0,55.0,51.0,60.0,82.0,24.0
0,0.0,0.0,0.0,0.0,0.0,64.0,84.0,88.0,77.0,75.0,52.0,81.0,66.0,75.0,52.0,55.0,64.0,76.0,45.0
0,0.0,0.0,5.0,0.0,0.0,64.0,73.0,82.0,78.0,78.0,54.0,79.0,75.0,72.0,54.0,52.0,62.0,86.0,55.0
0,0.0,0.0,10.0,0.0,0.0,64.0,85.0,87.0,71.0,65.0,65.0,74.0,71.0,78.0,65.0,71.0,67.0,79.0,44.0
0,0.0,0.0,51.0,1.0,0.0,64.0,85.0,87.0,87.0,70.0,52.0,83.0,77.0,81.0,52.0,63.0,73.0,79.0,37.0
0,0.0,0.0,0.0,0.0,0.0,64.0,73.0,85.0,88.0,76.0,53.0,72.0,63.0,82.0,53.0,62.0,73.0,72.0,48.0
0,0.0,0.0,3.0,0.0,0.0,64.0,76.0,84.0,71.0,83.0,61.0,84.0,79.0,68.0,61.0,54.0,62.0,88.0,10.0
0,0.0,0.0,0.0,0.0,0.0,64.0,86.0,86.0,83.0,82.0,56.0,73.0,69.0,74.0,56.0,53.0,62.0,74.0,42.0
0,0.0,0.0,18.0,0.0,0.0,64.0,81.0,87.0,74.0,75.0,59.0,85.0,79.0,85.0,59.0,50.0,55.0,73.0,39.0
0,0.0,0.0,1.0,0.0,0.0,64.0,87.0,90.0,85.0,63.0,56.0,75.0,66.0,78.0,56.0,66.0,73.0,76.0,40.0
0,0.0,0.0,7.0,0.0,0.0,63.0,85.0,89.0,85.0,76.0,62.0,69.0,62.0,81.0,62.0,61.0,71.0,69.0,65.0
0,0.0,0.0,11.0,0.0,0.0,63.0,83.0,89.0,84.0,65.0,64.0,73.0,64.0,81.0,64.0,68.0,75.0,65.0,55.0
0,0.0,0.0,12.0,0.0,0.0,63.0,81.0,89.0,73.0,79.0,58.0,81.0,76.0,75.0,58.0,20.0,35.0,72.0,20.0
0,0.0,0.0,0.0,0.0,0.0,63.0,82.0,87.0,78.0,72.0,43.0,83.0,71.0,77.0,43.0,60.0,75.0,80.0,55.0
0,0.0,0.0,1.0,0.0,0.0,63.0,81.0,84.0,84.0,69.0,59.0,74.0,73.0,82.0,59.0,30.0,46.0,82.0,22.0
0,0.0,0.0,0.0,0.0,0.0,63.0,82.0,88.0,72.0,63.0,65.0,82.0,73.0,69.0,65.0,60.0,68.0,69.0,45.0
0,0.0,0.0,11.0,0.0,0.0,63.0,85.0,86.0,88.0,73.0,52.0,73.0,64.0,73.0,52.0,70.0,73.0,73.0,66.0
0,0.0,0.0,2.0,0.0,0.0,63.0,80.0,84.0,85.0,65.0,58.0,69.0,75.0,82.0,58.0,52.0,66.0,84.0,55.0
0,0.0,0.0,1.0,0.0,0.0,63.0,84.0,89.0,81.0,80.0,52.0,79.0,64.0,74.0,52.0,51.0,57.0,77.0,30.0
0,0.0,0.0,0.0,0.0,0.0,62.0,79.0,88.0,74.0,84.0,55.0,80.0,65.0,76.0,55.0,65.0,72.0,73.0,50.0
0,0.0,0.0,4.0,0.0,0.0,62.0,82.0,87.0,85.0,74.0,56.0,72.0,71.0,79.0,56.0,50.0,69.0,66.0,55.0
0,0.0,0.0,0.0,0.0,0.0,62.0,84.0,89.0,83.0,73.0,41.0,83.0,74.0,81.0,41.0,51.0,73.0,80.0,54.0
0,0.0,0.0,0.0,0.0,0.0,62.0,83.0,82.0,70.0,73.0,66.0,85.0,61.0,73.0,66.0,52.0,67.0,68.0,33.0
0,0.0,0.0,0.0,0.0,0.0,62.0,87.0,86.0,83.0,72.0,60.0,78.0,70.0,74.0,60.0,50.0,60.0,85.0,58.0
0,0.0,0.0,0.0,0.0,0.0,62.0,79.0,87.0,78.0,74.0,68.0,67.0,77.0,76.0,68.0,24.0,36.0,75.0,10.0
0,0.0,0.0,0.0,0.0,0.0,62.0,87.0,88.0,85.0,68.0,55.0,77.0,71.0,80.0,55.0,54.0,75.0,85.0,65.0
0,0.0,0.0,10.0,0.0,0.0,62.0,79.0,86.0,72.0,79.0,59.0,76.0,76.0,82.0,59.0,51.0,56.0,72.0,50.0
0,0.0,0.0,0.0,0.0,0.0,62.0,80.0,84.0,76.0,73.0,62.0,72.0,63.0,77.0,62.0,58.0,69.0,71.0,45.0
0,0.0,0.0,0.0,0.0,0.0,61.0,72.0,82.0,77.0,80.0,66.0,82.0,60.0,74.0,66.0,57.0,73.0,71.0,40.0
0,0.0,0.0,0.0,0.0,0.0,61.0,79.0,88.0,85.0,77.0,56.0,74.0,70.0,77.0,56.0,60.0,72.0,77.0,56.0
0,0.0,0.0,8.0,0.0,0.0,61.0,85.0,88.0,82.0,76.0,54.0,79.0,68.0,78.0,54.0,60.0,70.0,75.0,53.0
0,0.0,0.0,0.0,0.0,0.0,61.0,85.0,84.0,80.0,78.0,56.0,79.0,65.0,76.0,56.0,66.0,77.0,75.0,49.0
0,0.0,0.0,0.0,0.0,0.0,61.0,85.0,86.0,76.0,73.0,56.0,76.0,72.0,83.0,56.0,52.0,70.0,73.0,44.0
0,0.0,0.0,1.0,0.0,0.0,61.0,80.0,88.0,85.0,72.0,48.0,80.0,71.0,78.0,48.0,54.0,63.0,78.0,47.0
0,0.0,0.0,5.0,0.0,0.0,61.0,83.0,87.0,84.0,76.0,52.0,81.0,63.0,70.0,52.0,60.0,71.0,65.0,40.0
0,0.0,0.0,3.0,0.0,0.0,61.0,84.0,89.0,83.0,84.0,58.0,83.0,61.0,81.0,58.0,51.0,69.0,76.0,48.0
0,0.0,0.0,0.0,0.0,0.0,61.0,84.0,89.0,83.0,84.0,58.0,83.0,61.0,81.0,58.0,51.0,69.0,76.0,48.0
0,0.0,0.0,0.0,0.0,0.0,61.0,78.0,84.0,77.0,63.0,62.0,77.0,57.0,72.0,62.0,67.0,75.0,73.0,66.0
0,0.0,0.0,0.0,0.0,0.0,61.0,82.0,89.0,80.0,75.0,45.0,76.0,73.0,78.0,45.0,52.0,68.0,75.0,44.0
0,0.0,0.0,0.0,0.0,0.0,61.0,86.0,85.0,81.0,63.0,58.0,79.0,62.0,79.0,58.0,72.0,76.0,86.0,75.0
0,0.0,0.0,7.0,0.0,0.0,61.0,86.0,87.0,81.0,70.0,50.0,79.0,80.0,82.0,50.0,55.0,64.0,80.0,39.0
0,0.0,0.0,0.0,0.0,0.0,61.0,77.0,86.0,70.0,79.0,53.0,78.0,72.0,75.0,53.0,50.0,61.0,78.0,22.0
0,0.0,0.0,0.0,0.0,0.0,61.0,74.0,84.0,80.0,73.0,45.0,82.0,75.0,80.0,45.0,60.0,69.0,80.0,58.0
0,0.0,0.0,0.0,0.0,0.0,61.0,77.0,85.0,76.0,80.0,53.0,78.0,83.0,79.0,53.0,54.0,65.0,80.0,55.0
0,0.0,0.0,0.0,0.0,0.0,61.0,87.0,87.0,84.0,70.0,57.0,79.0,77.0,72.0,57.0,58.0,69.0,72.0,45.0
0,0.0,0.0,0.0,0.0,0.0,61.0,83.0,87.0,85.0,67.0,63.0,74.0,63.0,75.0,63.0,58.0,69.0,76.0,44.0
0,0.0,0.0,0.0,0.0,0.0,61.0,81.0,88.0,76.0,74.0,55.0,71.0,69.0,76.0,55.0,30.0,45.0,73.0,35.0
0,0.0,0.0,0.0,0.0,0.0,60.0,76.0,84.0,74.0,85.0,55.0,74.0,75.0,74.0,55.0,27.0,30.0,80.0,22.0
0,0.0,0.0,0.0,0.0,0.0,60.0,77.0,84.0,78.0,80.0,48.0,78.0,68.0,75.0,48.0,50.0,55.0,78.0,39.0
0,0.0,0.0,0.0,0.0,0.0,60.0,85.0,87.0,84.0,77.0,48.0,84.0,72.0,79.0,48.0,60.0,69.0,79.0,55.0
0,0.0,0.0,0.0,0.0,0.0,60.0,85.0,87.0,84.0,77.0,48.0,84.0,72.0,79.0,48.0,60.0,69.0,79.0,55.0
0,0.0,0.0,8.0,0.0,0.0,60.0,85.0,87.0,84.0,77.0,48.0,84.0,72.0,79.0,48.0,60.0,69.0,79.0,55.0
0,0.0,0.0,0.0,0.0,0.0,60.0,86.0,87.0,75.0,81.0,45.0,77.0,63.0,83.0,45.0,53.0,68.0,77.0,55.0
0,0.0,0.0,0.0,0.0,0.0,60.0,79.0,85.0,75.0,81.0,57.0,76.0,64.0,75.0,57.0,57.0,67.0,68.0,41.0
0,0.0,0.0,0.0,0.0,0.0,60.0,83.0,89.0,74.0,81.0,43.0,86.0,81.0,85.0,43.0,52.0,65.0,83.0,46.0
0,0.0,0.0,7.0,0.0,0.0,60.0,85.0,88.0,75.0,78.0,64.0,83.0,62.0,73.0,64.0,50.0,65.0,63.0,33.0
0,0.0,0.0,6.0,0.0,0.0,60.0,78.0,87.0,81.0,77.0,53.0,85.0,68.0,77.0,53.0,58.0,69.0,87.0,42.0
0,0.0,0.0,0.0,0.0,0.0,60.0,83.0,87.0,65.0,74.0,58.0,77.0,58.0,73.0,58.0,50.0,71.0,65.0,33.0
0,0.0,0.0,0.0,0.0,0.0,59.0,83.0,88.0,82.0,75.0,52.0,73.0,70.0,76.0,52.0,55.0,67.0,71.0,55.0
0,0.0,0.0,0.0,0.0,0.0,59.0,83.0,89.0,91.0,75.0,44.0,86.0,78.0,71.0,44.0,55.0,65.0,85.0,40.0
0,0.0,0.0,0.0,0.0,0.0,59.0,84.0,90.0,83.0,72.0,51.0,69.0,63.0,74.0,51.0,45.0,55.0,84.0,32.0
0,0.0,0.0,0.0,0.0,0.0,59.0,80.0,85.0,75.0,75.0,56.0,79.0,63.0,83.0,56.0,53.0,68.0,68.0,55.0
0,0.0,0.0,0.0,0.0,0.0,59.0,83.0,90.0,81.0,75.0,58.0,76.0,64.0,72.0,58.0,64.0,72.0,64.0,59.0
0,0.0,0.0,0.0,0.0,0.0,59.0,83.0,89.0,75.0,76.0,45.0,77.0,63.0,83.0,45.0,53.0,68.0,77.0,55.0
0,0.0,0.0,0.0,0.0,0.0,59.0,81.0,87.0,84.0,79.0,49.0,77.0,77.0,78.0,49.0,27.0,40.0,74.0,22.0
0,0.0,0.0,0.0,0.0,0.0,59.0,75.0,83.0,78.0,73.0,53.0,71.0,73.0,79.0,53.0,30.0,45.0,77.0,35.0
0,0.0,0.0,0.0,0.0,0.0,58.0,80.0,88.0,80.0,75.0,52.0,78.0,72.0,78.0,52.0,55.0,65.0,75.0,40.0
0,0.0,0.0,0.0,0.0,0.0,58.0,78.0,85.0,75.0,75.0,45.0,77.0,69.0,84.0,45.0,51.0,56.0,77.0,40.0
0,0.0,0.0,0.0,0.0,0.0,58.0,77.0,83.0,75.0,79.0,45.0,79.0,79.0,85.0,45.0,15.0,38.0,80.0,25.0
0,0.0,0.0,0.0,0.0,0.0,58.0,81.0,89.0,83.0,78.0,50.0,85.0,68.0,74.0,50.0,58.0,69.0,76.0,48.0
0,0.0,0.0,2.0,0.0,0.0,58.0,88.0,87.0,81.0,71.0,53.0,70.0,59.0,80.0,53.0,65.0,74.0,76.0,75.0
0,0.0,0.0,0.0,0.0,0.0,58.0,81.0,85.0,82.0,73.0,54.0,71.0,60.0,76.0,54.0,51.0,61.0,74.0,55.0
0,0.0,0.0,0.0,0.0,0.0,57.0,72.0,83.0,74.0,76.0,53.0,78.0,71.0,73.0,53.0,35.0,45.0,74.0,30.0
0,0.0,0.0,0.0,0.0,0.0,57.0,78.0,84.0,68.0,75.0,56.0,73.0,67.0,73.0,56.0,15.0,20.0,69.0,38.0
0,0.0,0.0,0.0,0.0,0.0,57.0,78.0,87.0,81.0,78.0,40.0,78.0,77.0,83.0,40.0,65.0,76.0,82.0,65.0
0,0.0,0.0,0.0,0.0,0.0,57.0,79.0,87.0,83.0,74.0,43.0,76.0,68.0,72.0,43.0,64.0,72.0,64.0,59.0
0,0.0,0.0,0.0,0.0,0.0,57.0,80.0,80.0,81.0,79.0,43.0,80.0,77.0,78.0,43.0,64.0,72.0,79.0,59.0
0,0.0,0.0,0.0,0.0,0.0,57.0,81.0,87.0,84.0,81.0,43.0,72.0,71.0,74.0,43.0,55.0,65.0,80.0,40.0
0,0.0,0.0,0.0,0.0,0.0,57.0,83.0,85.0,83.0,75.0,53.0,70.0,68.0,75.0,53.0,67.0,73.0,69.0,65.0
0,0.0,0.0,0.0,0.0,0.0,57.0,83.0,86.0,82.0,72.0,53.0,74.0,68.0,74.0,53.0,57.0,61.0,78.0,45.0
0,0.0,0.0,0.0,0.0,0.0,57.0,76.0,83.0,79.0,80.0,48.0,68.0,67.0,74.0,48.0,35.0,45.0,83.0,30.0
0,0.0,0.0,0.0,0.0,0.0,57.0,81.0,87.0,84.0,76.0,50.0,78.0,70.0,74.0,50.0,64.0,72.0,72.0,59.0
0,0.0,0.0,0.0,0.0,0.0,57.0,78.0,86.0,75.0,77.0,45.0,79.0,70.0,79.0,45.0,35.0,45.0,78.0,30.0
0,0.0,0.0,0.0,0.0,0.0,57.0,79.0,87.0,78.0,74.0,55.0,82.0,67.0,69.0,55.0,51.0,63.0,83.0,20.0
0,0.0,0.0,7.0,0.0,1.0,56.0,86.0,90.0,84.0,67.0,53.0,77.0,59.0,82.0,53.0,56.0,61.0,74.0,57.0
0,0.0,0.0,0.0,0.0,0.0,56.0,77.0,83.0,79.0,76.0,47.0,71.0,61.0,64.0,47.0,55.0,65.0,67.0,20.0
0,0.0,0.0,3.0,0.0,0.0,56.0,85.0,88.0,79.0,72.0,45.0,76.0,62.0,85.0,45.0,68.0,74.0,73.0,65.0
0,0.0,0.0,0.0,0.0,0.0,54.0,88.0,89.0,76.0,73.0,50.0,78.0,55.0,84.0,50.0,50.0,55.0,74.0,40.0
0,0.0,0.0,0.0,0.0,0.0,50.0,86.0,89.0,81.0,82.0,48.0,69.0,61.0,60.0,48.0,55.0,64.0,71.0,55.0
75,250.0,28.0,104.0,3.0,8.0,99.0,87.0,89.0,89.0,84.0,92.0,94.0,95.0,98.0,92.0,64.0,74.0,89.0,62.0
75,238.0,26.0,91.0,5.0,7.0,98.0,86.0,89.0,85.0,81.0,96.0,98.0,92.0,97.0,96.0,76.0,87.0,93.0,54.0
75,252.0,26.0,102.0,3.0,9.0,97.0,87.0,89.0,88.0,85.0,94.0,92.0,93.0,93.0,94.0,50.0,62.0,86.0,45.0
75,258.0,28.0,74.0,1.0,4.0,93.0,84.0,87.0,84.0,85.0,90.0,92.0,83.0,88.0,90.0,58.0,70.0,89.0,24.0
72,245.0,27.0,127.0,6.0,10.0,93.0,88.0,88.0,85.0,74.0,92.0,97.0,88.0,93.0,92.0,67.0,79.0,95.0,42.0
74,238.0,31.0,53.0,1.0,2.0,91.0,83.0,90.0,81.0,75.0,96.0,96.0,82.0,95.0,96.0,75.0,84.0,83.0,53.0
75,265.0,27.0,65.0,0.0,2.0,89.0,84.0,89.0,76.0,84.0,91.0,95.0,80.0,87.0,91.0,67.0,81.0,90.0,65.0
74,241.0,25.0,21.0,0.0,0.0,89.0,85.0,90.0,87.0,68.0,88.0,93.0,88.0,92.0,88.0,73.0,79.0,85.0,49.0
74,241.0,25.0,81.0,0.0,5.0,89.0,85.0,90.0,87.0,68.0,88.0,93.0,88.0,92.0,88.0,73.0,79.0,85.0,49.0
72,242.0,29.0,71.0,4.0,3.0,88.0,83.0,87.0,83.0,80.0,90.0,92.0,82.0,94.0,90.0,63.0,72.0,93.0,55.0
72,236.0,31.0,0.0,0.0,0.0,88.0,81.0,83.0,79.0,72.0,90.0,94.0,85.0,90.0,90.0,75.0,85.0,82.0,64.0
77,265.0,27.0,77.0,2.0,4.0,88.0,80.0,86.0,81.0,81.0,90.0,84.0,74.0,86.0,90.0,62.0,70.0,73.0,33.0
73,255.0,26.0,0.0,0.0,0.0,87.0,79.0,83.0,75.0,79.0,90.0,90.0,86.0,89.0,90.0,65.0,76.0,94.0,45.0
74,232.0,32.0,58.0,0.0,1.0,87.0,82.0,89.0,78.0,76.0,93.0,89.0,79.0,86.0,93.0,79.0,84.0,80.0,60.0
73,235.0,34.0,0.0,0.0,0.0,87.0,82.0,83.0,85.0,72.0,91.0,91.0,76.0,88.0,91.0,66.0,76.0,94.0,55.0
76,246.0,28.0,64.0,0.0,1.0,87.0,80.0,85.0,80.0,69.0,90.0,93.0,86.0,89.0,90.0,72.0,81.0,87.0,60.0
76,265.0,27.0,49.0,0.0,0.0,87.0,82.0,89.0,74.0,75.0,87.0,87.0,82.0,86.0,87.0,51.0,61.0,85.0,30.0
73,250.0,27.0,83.0,1.0,6.0,86.0,84.0,87.0,81.0,77.0,88.0,90.0,83.0,91.0,88.0,69.0,80.0,81.0,40.0
73,250.0,27.0,30.0,0.0,0.0,86.0,84.0,87.0,81.0,77.0,88.0,90.0,83.0,91.0,88.0,69.0,80.0,81.0,40.0
75,265.0,34.0,110.0,1.0,7.0,86.0,77.0,83.0,74.0,90.0,86.0,91.0,84.0,88.0,86.0,56.0,65.0,84.0,45.0
76,259.0,29.0,63.0,0.0,4.0,86.0,81.0,87.0,77.0,86.0,89.0,83.0,78.0,87.0,89.0,50.0,59.0,87.0,20.0
72,242.0,39.0,0.0,0.0,0.0,86.0,73.0,85.0,74.0,92.0,87.0,86.0,85.0,84.0,87.0,62.0,71.0,88.0,55.0
77,270.0,24.0,62.0,0.0,3.0,86.0,87.0,89.0,87.0,79.0,84.0,83.0,87.0,90.0,84.0,50.0,60.0,86.0,35.0
75,250.0,27.0,0.0,0.0,0.0,85.0,85.0,89.0,86.0,72.0,84.0,88.0,78.0,87.0,84.0,64.0,76.0,86.0,45.0
73,236.0,25.0,53.0,0.0,0.0,85.0,84.0,90.0,86.0,79.0,91.0,88.0,70.0,85.0,91.0,81.0,87.0,81.0,59.0
76,265.0,27.0,34.0,1.0,1.0,85.0,82.0,86.0,87.0,86.0,74.0,88.0,86.0,91.0,74.0,62.0,69.0,87.0,24.0
73,251.0,27.0,41.0,0.0,1.0,85.0,88.0,88.0,88.0,66.0,88.0,87.0,82.0,86.0,88.0,72.0,82.0,86.0,55.0
76,257.0,31.0,58.0,0.0,4.0,85.0,81.0,86.0,78.0,90.0,84.0,85.0,66.0,82.0,84.0,63.0,70.0,89.0,35.0
75,273.0,28.0,29.0,0.0,0.0,84.0,77.0,82.0,79.0,92.0,85.0,83.0,79.0,86.0,85.0,52.0,63.0,87.0,20.0
73,239.0,27.0,47.0,0.0,0.0,84.0,80.0,86.0,78.0,67.0,86.0,92.0,82.0,91.0,86.0,60.0,74.0,81.0,40.0
73,245.0,34.0,0.0,0.0,0.0,84.0,83.0,87.0,78.0,83.0,85.0,83.0,80.0,84.0,85.0,47.0,58.0,86.0,15.0
73,233.0,27.0,90.0,1.0,1.0,84.0,86.0,90.0,87.0,72.0,86.0,89.0,67.0,85.0,86.0,72.0,83.0,86.0,55.0
74,241.0,27.0,44.0,0.0,0.0,84.0,86.0,87.0,83.0,72.0,87.0,85.0,83.0,86.0,87.0,76.0,84.0,83.0,53.0
75,265.0,27.0,22.0,0.0,0.0,84.0,86.0,88.0,74.0,82.0,84.0,82.0,86.0,87.0,84.0,51.0,58.0,86.0,24.0
75,260.0,29.0,42.0,0.0,0.0,84.0,88.0,89.0,83.0,70.0,81.0,86.0,82.0,87.0,81.0,61.0,71.0,85.0,40.0
75,242.0,34.0,80.0,1.0,4.0,83.0,82.0,86.0,83.0,73.0,90.0,88.0,71.0,84.0,90.0,75.0,84.0,88.0,55.0
75,242.0,34.0,2.0,1.0,4.0,83.0,82.0,86.0,83.0,73.0,90.0,88.0,71.0,84.0,90.0,75.0,84.0,88.0,55.0
75,246.0,25.0,0.0,0.0,0.0,83.0,88.0,89.0,87.0,84.0,83.0,78.0,69.0,85.0,83.0,53.0,60.0,85.0,40.0
72,230.0,23.0,41.0,0.0,0.0,83.0,85.0,86.0,86.0,74.0,84.0,86.0,85.0,88.0,84.0,78.0,82.0,83.0,63.0
73,250.0,28.0,40.0,0.0,0.0,83.0,79.0,88.0,81.0,73.0,87.0,84.0,82.0,87.0,87.0,72.0,83.0,80.0,45.0
74,235.0,25.0,40.0,0.0,0.0,82.0,86.0,89.0,86.0,66.0,84.0,92.0,86.0,88.0,84.0,49.0,59.0,76.0,61.0
75,260.0,26.0,33.0,0.0,0.0,82.0,81.0,86.0,72.0,69.0,85.0,79.0,86.0,86.0,85.0,49.0,58.0,84.0,49.0
75,275.0,33.0,75.0,0.0,5.0,82.0,75.0,79.0,74.0,89.0,86.0,81.0,77.0,82.0,86.0,53.0,65.0,86.0,18.0
75,256.0,30.0,30.0,0.0,0.0,82.0,78.0,85.0,76.0,69.0,83.0,89.0,78.0,89.0,83.0,56.0,68.0,85.0,45.0
75,215.0,26.0,42.0,0.0,1.0,82.0,88.0,89.0,88.0,64.0,85.0,82.0,86.0,88.0,85.0,73.0,76.0,86.0,57.0
75,255.0,31.0,0.0,0.0,0.0,82.0,83.0,89.0,84.0,84.0,84.0,83.0,66.0,81.0,84.0,53.0,64.0,90.0,45.0
75,255.0,31.0,94.0,0.0,4.0,82.0,83.0,89.0,84.0,84.0,84.0,83.0,66.0,81.0,84.0,53.0,64.0,90.0,45.0
75,255.0,31.0,77.0,1.0,6.0,82.0,83.0,89.0,84.0,84.0,84.0,83.0,66.0,81.0,84.0,53.0,64.0,90.0,45.0
76,260.0,24.0,44.0,0.0,1.0,82.0,84.0,88.0,80.0,69.0,85.0,90.0,80.0,85.0,85.0,69.0,79.0,88.0,42.0
72,233.0,31.0,0.0,0.0,0.0,82.0,84.0,89.0,80.0,66.0,86.0,89.0,81.0,84.0,86.0,62.0,72.0,83.0,50.0
74,250.0,24.0,0.0,0.0,0.0,81.0,81.0,85.0,74.0,72.0,85.0,79.0,84.0,87.0,85.0,61.0,75.0,79.0,39.0
73,222.0,22.0,42.0,0.0,1.0,81.0,89.0,90.0,87.0,73.0,83.0,82.0,74.0,87.0,83.0,75.0,82.0,83.0,51.0
75,294.0,26.0,61.0,0.0,1.0,81.0,71.0,84.0,75.0,88.0,84.0,93.0,89.0,88.0,84.0,23.0,55.0,86.0,25.0
74,250.0,33.0,75.0,0.0,0.0,81.0,81.0,89.0,73.0,77.0,90.0,87.0,74.0,82.0,90.0,68.0,78.0,86.0,55.0
76,250.0,27.0,69.0,1.0,3.0,81.0,83.0,87.0,84.0,87.0,85.0,80.0,67.0,81.0,85.0,35.0,51.0,88.0,45.0
78,259.0,26.0,33.0,0.0,0.0,81.0,77.0,88.0,77.0,83.0,80.0,79.0,78.0,82.0,80.0,58.0,69.0,83.0,33.0
73,230.0,24.0,27.0,0.0,2.0,81.0,90.0,90.0,88.0,83.0,82.0,85.0,78.0,84.0,82.0,58.0,68.0,87.0,54.0
75,274.0,30.0,31.0,0.0,0.0,80.0,75.0,83.0,72.0,85.0,82.0,82.0,86.0,85.0,82.0,45.0,65.0,76.0,20.0
72,250.0,29.0,0.0,0.0,0.0,80.0,84.0,87.0,78.0,72.0,81.0,90.0,80.0,87.0,81.0,71.0,82.0,74.0,45.0
73,227.0,23.0,43.0,0.0,1.0,80.0,87.0,90.0,83.0,79.0,84.0,81.0,72.0,86.0,84.0,70.0,78.0,86.0,57.0
73,211.0,25.0,32.0,0.0,0.0,80.0,89.0,91.0,83.0,75.0,83.0,84.0,68.0,84.0,83.0,77.0,85.0,92.0,67.0
71,221.0,23.0,14.0,0.0,0.0,80.0,88.0,89.0,84.0,84.0,79.0,86.0,68.0,84.0,79.0,72.0,83.0,84.0,50.0
75,252.0,24.0,15.0,0.0,0.0,80.0,86.0,88.0,82.0,73.0,78.0,78.0,75.0,85.0,78.0,57.0,62.0,75.0,45.0
73,234.0,31.0,72.0,0.0,1.0,80.0,80.0,90.0,83.0,75.0,89.0,85.0,66.0,80.0,89.0,65.0,73.0,91.0,56.0
75,251.0,26.0,33.0,0.0,0.0,80.0,83.0,89.0,77.0,75.0,84.0,86.0,83.0,87.0,84.0,61.0,73.0,77.0,50.0
72,232.0,25.0,64.0,1.0,1.0,80.0,85.0,90.0,82.0,74.0,84.0,87.0,69.0,86.0,84.0,71.0,82.0,85.0,55.0
76,258.0,31.0,0.0,0.0,0.0,79.0,75.0,82.0,71.0,78.0,81.0,76.0,77.0,82.0,81.0,55.0,61.0,84.0,20.0
76,258.0,31.0,22.0,0.0,0.0,79.0,75.0,82.0,71.0,78.0,81.0,76.0,77.0,82.0,81.0,55.0,61.0,84.0,20.0
74,236.0,26.0,0.0,0.0,0.0,79.0,79.0,85.0,84.0,70.0,79.0,88.0,84.0,86.0,79.0,66.0,73.0,83.0,60.0
75,245.0,24.0,12.0,0.0,0.0,79.0,83.0,87.0,82.0,75.0,76.0,76.0,70.0,85.0,76.0,56.0,64.0,85.0,10.0
74,237.0,25.0,14.0,0.0,0.0,79.0,84.0,89.0,83.0,76.0,82.0,85.0,77.0,84.0,82.0,71.0,81.0,81.0,62.0
75,265.0,28.0,47.0,0.0,0.0,79.0,82.0,88.0,74.0,77.0,78.0,88.0,81.0,86.0,78.0,58.0,67.0,77.0,20.0
73,260.0,26.0,0.0,0.0,0.0,79.0,82.0,80.0,73.0,82.0,77.0,83.0,78.0,82.0,77.0,51.0,64.0,79.0,56.0
73,260.0,26.0,0.0,0.0,0.0,79.0,82.0,80.0,73.0,82.0,77.0,83.0,78.0,82.0,77.0,51.0,64.0,79.0,56.0
73,260.0,26.0,34.0,0.0,0.0,79.0,82.0,80.0,73.0,82.0,77.0,83.0,78.0,82.0,77.0,51.0,64.0,79.0,56.0
75,261.0,28.0,40.0,0.0,0.0,79.0,77.0,87.0,77.0,82.0,81.0,77.0,80.0,86.0,81.0,46.0,58.0,79.0,20.0
73,246.0,25.0,38.0,0.0,0.0,79.0,84.0,89.0,75.0,78.0,80.0,92.0,83.0,86.0,80.0,60.0,68.0,82.0,60.0
77,255.0,25.0,56.0,0.0,4.0,79.0,88.0,90.0,89.0,77.0,83.0,83.0,71.0,85.0,83.0,52.0,61.0,86.0,35.0
72,246.0,26.0,27.0,0.0,0.0,78.0,78.0,85.0,81.0,77.0,84.0,83.0,73.0,84.0,84.0,67.0,78.0,78.0,60.0
74,252.0,26.0,23.0,0.0,1.0,78.0,86.0,87.0,87.0,81.0,78.0,76.0,66.0,72.0,78.0,51.0,61.0,76.0,20.0
76,240.0,26.0,24.0,0.0,0.0,78.0,86.0,87.0,84.0,69.0,72.0,83.0,81.0,85.0,72.0,53.0,60.0,82.0,56.0
74,260.0,33.0,51.0,0.0,0.0,78.0,74.0,82.0,72.0,75.0,85.0,87.0,77.0,83.0,85.0,52.0,64.0,82.0,20.0
76,255.0,30.0,51.0,0.0,1.0,78.0,83.0,88.0,80.0,80.0,80.0,79.0,66.0,78.0,80.0,58.0,65.0,76.0,50.0
75,255.0,30.0,52.0,0.0,1.0,78.0,81.0,90.0,86.0,82.0,85.0,82.0,68.0,82.0,85.0,71.0,79.0,88.0,63.0
78,240.0,24.0,59.0,0.0,0.0,77.0,86.0,88.0,86.0,71.0,74.0,83.0,71.0,86.0,74.0,63.0,67.0,77.0,44.0
72,240.0,27.0,38.0,0.0,0.0,77.0,88.0,88.0,81.0,76.0,77.0,82.0,79.0,84.0,77.0,49.0,61.0,78.0,52.0
74,225.0,27.0,58.0,0.0,0.0,77.0,86.0,87.0,81.0,72.0,81.0,80.0,72.0,83.0,81.0,77.0,83.0,91.0,61.0
74,235.0,25.0,52.0,0.0,0.0,77.0,85.0,90.0,87.0,70.0,82.0,87.0,67.0,79.0,82.0,67.0,73.0,89.0,66.0
73,234.0,29.0,0.0,0.0,0.0,77.0,79.0,86.0,82.0,68.0,82.0,87.0,83.0,86.0,82.0,51.0,61.0,80.0,55.0
73,228.0,23.0,8.0,0.0,0.0,76.0,83.0,85.0,85.0,84.0,71.0,85.0,77.0,87.0,71.0,69.0,78.0,89.0,52.0
73,230.0,25.0,0.0,0.0,0.0,76.0,77.0,85.0,75.0,78.0,79.0,86.0,84.0,86.0,79.0,49.0,57.0,78.0,51.0
76,250.0,35.0,81.0,0.0,0.0,76.0,80.0,83.0,74.0,83.0,81.0,89.0,74.0,81.0,81.0,57.0,66.0,84.0,55.0
75,248.0,27.0,17.0,0.0,0.0,76.0,76.0,86.0,76.0,67.0,77.0,76.0,80.0,85.0,77.0,65.0,72.0,86.0,48.0
71,240.0,24.0,43.0,0.0,1.0,76.0,82.0,88.0,79.0,85.0,79.0,84.0,72.0,81.0,79.0,55.0,68.0,89.0,48.0
75,255.0,28.0,28.0,0.0,0.0,76.0,80.0,86.0,82.0,71.0,75.0,82.0,71.0,84.0,75.0,66.0,76.0,77.0,60.0
75,239.0,27.0,33.0,0.0,0.0,76.0,81.0,86.0,83.0,66.0,83.0,87.0,70.0,79.0,83.0,60.0,72.0,82.0,55.0
74,240.0,25.0,14.0,0.0,0.0,76.0,85.0,88.0,73.0,76.0,78.0,85.0,78.0,83.0,78.0,60.0,72.0,82.0,48.0
74,254.0,29.0,0.0,0.0,0.0,76.0,77.0,84.0,78.0,75.0,76.0,78.0,74.0,84.0,76.0,56.0,67.0,82.0,35.0
77,265.0,24.0,55.0,0.0,0.0,76.0,82.0,89.0,78.0,81.0,74.0,79.0,66.0,79.0,74.0,63.0,71.0,77.0,42.0
75,259.0,33.0,0.0,0.0,0.0,75.0,79.0,83.0,74.0,83.0,81.0,69.0,76.0,83.0,81.0,61.0,71.0,86.0,55.0
72,225.0,28.0,32.0,0.0,0.0,75.0,86.0,86.0,82.0,73.0,81.0,82.0,78.0,82.0,81.0,50.0,56.0,77.0,55.0
74,242.0,24.0,20.0,0.0,0.0,75.0,81.0,87.0,87.0,78.0,72.0,85.0,82.0,85.0,72.0,63.0,71.0,79.0,37.0
74,234.0,28.0,11.0,0.0,0.0,75.0,86.0,87.0,88.0,73.0,78.0,78.0,77.0,78.0,78.0,75.0,82.0,73.0,61.0
74,240.0,22.0,37.0,0.0,1.0,75.0,85.0,88.0,87.0,75.0,70.0,86.0,77.0,84.0,70.0,70.0,72.0,88.0,52.0
73,244.0,21.0,42.0,0.0,0.0,75.0,87.0,90.0,88.0,74.0,73.0,82.0,74.0,83.0,73.0,70.0,77.0,83.0,53.0
72,230.0,27.0,0.0,0.0,0.0,75.0,84.0,90.0,76.0,74.0,78.0,81.0,71.0,78.0,78.0,63.0,72.0,78.0,50.0
72,235.0,24.0,48.0,0.0,0.0,75.0,85.0,85.0,73.0,82.0,72.0,86.0,76.0,83.0,72.0,51.0,61.0,89.0,52.0
73,235.0,27.0,0.0,0.0,0.0,75.0,85.0,89.0,83.0,73.0,83.0,82.0,68.0,81.0,83.0,56.0,67.0,74.0,55.0
73,241.0,26.0,20.0,0.0,0.0,75.0,78.0,87.0,80.0,69.0,83.0,86.0,66.0,82.0,83.0,54.0,68.0,85.0,56.0
73,245.0,31.0,0.0,0.0,0.0,75.0,81.0,85.0,82.0,65.0,81.0,78.0,67.0,81.0,81.0,68.0,75.0,85.0,55.0
76,269.0,24.0,44.0,0.0,0.0,75.0,87.0,89.0,82.0,72.0,71.0,82.0,71.0,80.0,71.0,56.0,71.0,88.0,56.0
73,240.0,27.0,14.0,0.0,0.0,75.0,84.0,87.0,82.0,74.0,75.0,84.0,82.0,86.0,75.0,56.0,63.0,82.0,60.0
74,252.0,31.0,0.0,0.0,0.0,74.0,78.0,86.0,74.0,72.0,76.0,83.0,75.0,81.0,76.0,53.0,63.0,74.0,45.0
75,260.0,28.0,30.0,0.0,0.0,74.0,81.0,85.0,74.0,71.0,73.0,83.0,78.0,81.0,73.0,59.0,69.0,79.0,35.0
73,251.0,24.0,2.0,0.0,0.0,74.0,78.0,87.0,86.0,81.0,82.0,81.0,67.0,79.0,82.0,56.0,66.0,87.0,50.0
73,251.0,24.0,34.0,0.0,0.0,74.0,78.0,87.0,86.0,81.0,82.0,81.0,67.0,79.0,82.0,56.0,66.0,87.0,50.0
75,250.0,26.0,16.0,0.0,0.0,74.0,80.0,85.0,74.0,82.0,70.0,72.0,81.0,83.0,70.0,62.0,68.0,77.0,41.0
72,235.0,25.0,41.0,0.0,0.0,74.0,81.0,90.0,82.0,77.0,80.0,81.0,66.0,77.0,80.0,69.0,80.0,84.0,55.0
73,227.0,30.0,0.0,0.0,0.0,74.0,86.0,88.0,84.0,63.0,79.0,82.0,73.0,79.0,79.0,59.0,70.0,77.0,59.0
74,248.0,28.0,101.0,1.0,2.0,74.0,87.0,89.0,81.0,85.0,81.0,82.0,64.0,75.0,81.0,67.0,74.0,86.0,40.0
73,238.0,21.0,22.0,0.0,0.0,74.0,85.0,90.0,83.0,83.0,69.0,89.0,81.0,77.0,69.0,64.0,68.0,87.0,42.0
74,241.0,27.0,41.0,0.0,0.0,74.0,84.0,88.0,77.0,71.0,77.0,91.0,70.0,88.0,77.0,51.0,62.0,81.0,60.0
74,237.0,23.0,38.0,0.0,0.0,74.0,82.0,87.0,78.0,81.0,76.0,85.0,80.0,87.0,76.0,53.0,57.0,80.0,53.0
75,250.0,28.0,17.0,0.0,0.0,74.0,84.0,90.0,73.0,67.0,78.0,82.0,71.0,78.0,78.0,57.0,68.0,69.0,50.0
72,246.0,29.0,22.0,0.0,0.0,74.0,82.0,88.0,74.0,68.0,79.0,76.0,67.0,76.0,79.0,54.0,67.0,80.0,50.0
73,233.0,27.0,1.0,0.0,0.0,74.0,80.0,83.0,75.0,73.0,73.0,86.0,81.0,83.0,73.0,56.0,67.0,88.0,62.0
73,233.0,27.0,35.0,0.0,0.0,74.0,80.0,83.0,75.0,73.0,73.0,86.0,81.0,83.0,73.0,56.0,67.0,88.0,62.0
76,252.0,22.0,90.0,4.0,7.0,74.0,83.0,88.0,84.0,76.0,61.0,86.0,74.0,85.0,61.0,64.0,68.0,85.0,43.0
75,220.0,26.0,0.0,0.0,0.0,73.0,82.0,87.0,81.0,65.0,72.0,79.0,75.0,80.0,72.0,69.0,77.0,81.0,63.0
75,251.0,26.0,0.0,0.0,0.0,73.0,81.0,89.0,84.0,71.0,75.0,80.0,67.0,77.0,75.0,71.0,79.0,83.0,60.0
75,251.0,26.0,1.0,0.0,0.0,73.0,81.0,89.0,84.0,71.0,75.0,80.0,67.0,77.0,75.0,71.0,79.0,83.0,60.0
74,252.0,23.0,22.0,0.0,0.0,73.0,82.0,87.0,87.0,79.0,71.0,82.0,77.0,81.0,71.0,53.0,69.0,88.0,53.0
73,235.0,22.0,44.0,0.0,2.0,73.0,88.0,89.0,87.0,79.0,68.0,79.0,78.0,87.0,68.0,72.0,65.0,83.0,44.0
73,245.0,30.0,0.0,0.0,0.0,73.0,81.0,88.0,79.0,68.0,76.0,82.0,76.0,78.0,76.0,65.0,76.0,80.0,45.0
71,231.0,27.0,13.0,0.0,0.0,73.0,83.0,90.0,86.0,63.0,79.0,78.0,72.0,78.0,79.0,66.0,72.0,87.0,55.0
76,245.0,28.0,13.0,0.0,0.0,73.0,83.0,88.0,75.0,73.0,76.0,80.0,73.0,81.0,76.0,57.0,69.0,62.0,40.0
73,243.0,24.0,31.0,0.0,0.0,73.0,81.0,87.0,76.0,74.0,75.0,82.0,76.0,81.0,75.0,66.0,72.0,83.0,55.0
76,232.0,24.0,51.0,1.0,0.0,73.0,85.0,87.0,87.0,70.0,72.0,83.0,71.0,81.0,72.0,58.0,68.0,79.0,37.0
73,236.0,29.0,0.0,0.0,0.0,73.0,82.0,89.0,84.0,66.0,71.0,79.0,68.0,79.0,71.0,70.0,80.0,75.0,55.0
74,250.0,29.0,0.0,0.0,0.0,73.0,79.0,83.0,82.0,69.0,78.0,82.0,74.0,81.0,78.0,64.0,73.0,71.0,55.0
74,255.0,28.0,0.0,0.0,0.0,73.0,80.0,89.0,75.0,65.0,74.0,78.0,75.0,83.0,74.0,55.0,63.0,76.0,45.0
74,253.0,23.0,6.0,0.0,0.0,73.0,81.0,84.0,77.0,82.0,65.0,83.0,82.0,76.0,65.0,61.0,69.0,87.0,44.0
75,246.0,25.0,5.0,0.0,0.0,73.0,75.0,84.0,82.0,75.0,75.0,75.0,76.0,82.0,75.0,48.0,58.0,87.0,40.0
77,277.0,25.0,2.0,0.0,0.0,73.0,77.0,85.0,84.0,80.0,71.0,83.0,82.0,78.0,71.0,27.0,37.0,78.0,22.0
73,248.0,25.0,0.0,0.0,0.0,72.0,80.0,86.0,83.0,74.0,64.0,79.0,72.0,85.0,64.0,54.0,64.0,85.0,40.0
72,222.0,24.0,0.0,0.0,0.0,72.0,82.0,89.0,80.0,74.0,72.0,82.0,76.0,79.0,72.0,69.0,77.0,78.0,41.0
74,243.0,20.0,15.0,0.0,0.0,72.0,85.0,87.0,81.0,83.0,64.0,87.0,83.0,83.0,64.0,65.0,69.0,82.0,43.0
75,238.0,28.0,17.0,0.0,0.0,72.0,84.0,87.0,85.0,77.0,77.0,82.0,67.0,77.0,77.0,70.0,77.0,72.0,55.0
75,249.0,27.0,0.0,0.0,0.0,72.0,81.0,84.0,83.0,70.0,67.0,74.0,79.0,84.0,67.0,58.0,65.0,68.0,56.0
74,240.0,29.0,20.0,0.0,0.0,72.0,85.0,89.0,84.0,75.0,72.0,83.0,74.0,85.0,72.0,55.0,63.0,79.0,40.0
73,232.0,22.0,19.0,0.0,0.0,72.0,87.0,88.0,89.0,72.0,74.0,80.0,75.0,83.0,74.0,50.0,57.0,85.0,50.0
76,259.0,24.0,0.0,0.0,0.0,72.0,79.0,85.0,78.0,76.0,69.0,79.0,72.0,84.0,69.0,53.0,58.0,81.0,40.0
76,250.0,23.0,4.0,0.0,0.0,72.0,85.0,89.0,78.0,84.0,59.0,76.0,80.0,77.0,59.0,60.0,66.0,83.0,51.0
75,245.0,25.0,10.0,0.0,0.0,72.0,86.0,88.0,82.0,75.0,73.0,85.0,67.0,79.0,73.0,53.0,60.0,85.0,55.0
74,240.0,29.0,9.0,0.0,0.0,72.0,83.0,89.0,76.0,78.0,75.0,77.0,79.0,82.0,75.0,48.0,59.0,69.0,55.0
73,240.0,26.0,37.0,0.0,0.0,72.0,83.0,88.0,74.0,67.0,72.0,84.0,82.0,82.0,72.0,58.0,70.0,73.0,56.0
76,245.0,28.0,0.0,0.0,0.0,72.0,83.0,89.0,76.0,69.0,71.0,75.0,70.0,75.0,71.0,61.0,70.0,78.0,45.0
72,240.0,24.0,0.0,0.0,0.0,71.0,80.0,88.0,87.0,73.0,67.0,75.0,72.0,88.0,67.0,71.0,71.0,86.0,55.0
73,230.0,23.0,19.0,0.0,0.0,71.0,86.0,88.0,83.0,74.0,60.0,87.0,78.0,77.0,60.0,74.0,76.0,82.0,42.0
73,227.0,26.0,0.0,0.0,0.0,71.0,83.0,90.0,74.0,74.0,77.0,80.0,69.0,79.0,77.0,61.0,69.0,87.0,47.0
73,227.0,26.0,85.0,6.0,10.0,71.0,83.0,90.0,74.0,74.0,77.0,80.0,69.0,79.0,77.0,61.0,69.0,87.0,47.0
73,227.0,26.0,0.0,0.0,0.0,71.0,83.0,90.0,74.0,74.0,77.0,80.0,69.0,79.0,77.0,61.0,69.0,87.0,47.0
77,245.0,25.0,16.0,0.0,0.0,71.0,82.0,87.0,84.0,75.0,62.0,83.0,70.0,79.0,62.0,55.0,64.0,80.0,44.0
75,243.0,26.0,0.0,0.0,0.0,71.0,82.0,89.0,83.0,68.0,74.0,83.0,73.0,79.0,74.0,60.0,72.0,69.0,60.0
72,240.0,25.0,15.0,0.0,0.0,71.0,84.0,88.0,85.0,73.0,75.0,79.0,67.0,78.0,75.0,48.0,58.0,86.0,50.0
75,250.0,22.0,21.0,0.0,0.0,71.0,84.0,89.0,82.0,75.0,63.0,79.0,76.0,80.0,63.0,64.0,73.0,78.0,33.0
75,250.0,22.0,11.0,0.0,0.0,71.0,83.0,87.0,85.0,75.0,69.0,82.0,77.0,86.0,69.0,51.0,61.0,79.0,50.0
76,275.0,24.0,57.0,0.0,3.0,71.0,81.0,85.0,71.0,78.0,70.0,80.0,73.0,77.0,70.0,45.0,55.0,83.0,20.0
75,245.0,23.0,0.0,0.0,0.0,71.0,83.0,87.0,86.0,77.0,62.0,76.0,75.0,83.0,62.0,55.0,63.0,77.0,34.0
75,245.0,23.0,2.0,0.0,0.0,71.0,83.0,87.0,86.0,77.0,62.0,76.0,75.0,83.0,62.0,55.0,63.0,77.0,34.0
75,234.0,22.0,36.0,0.0,0.0,71.0,83.0,89.0,87.0,77.0,67.0,82.0,77.0,85.0,67.0,71.0,68.0,78.0,42.0
74,232.0,24.0,0.0,0.0,0.0,70.0,83.0,87.0,79.0,67.0,67.0,77.0,68.0,77.0,67.0,62.0,74.0,83.0,55.0
74,250.0,31.0,0.0,0.0,0.0,70.0,78.0,85.0,74.0,76.0,72.0,79.0,76.0,81.0,72.0,54.0,68.0,80.0,55.0
75,275.0,25.0,0.0,0.0,0.0,70.0,81.0,87.0,81.0,86.0,58.0,80.0,81.0,83.0,58.0,30.0,44.0,80.0,22.0
72,240.0,30.0,0.0,0.0,0.0,70.0,80.0,86.0,81.0,72.0,75.0,83.0,65.0,78.0,75.0,60.0,73.0,77.0,48.0
72,230.0,25.0,15.0,0.0,0.0,70.0,87.0,88.0,87.0,80.0,60.0,82.0,66.0,78.0,60.0,61.0,73.0,67.0,40.0
75,265.0,23.0,11.0,0.0,0.0,69.0,86.0,88.0,83.0,78.0,63.0,77.0,77.0,82.0,63.0,45.0,55.0,84.0,40.0
71,232.0,30.0,0.0,0.0,0.0,69.0,84.0,87.0,79.0,65.0,72.0,78.0,73.0,83.0,72.0,60.0,70.0,76.0,57.0
73,245.0,23.0,37.0,0.0,1.0,69.0,80.0,87.0,79.0,76.0,68.0,72.0,73.0,81.0,68.0,64.0,72.0,76.0,42.0
75,247.0,22.0,5.0,0.0,0.0,69.0,79.0,83.0,80.0,82.0,65.0,84.0,80.0,79.0,65.0,63.0,68.0,86.0,44.0
72,240.0,23.0,0.0,0.0,0.0,69.0,78.0,84.0,77.0,76.0,72.0,79.0,75.0,76.0,72.0,63.0,66.0,84.0,49.0
75,254.0,30.0,0.0,0.0,0.0,69.0,78.0,86.0,75.0,68.0,73.0,78.0,73.0,82.0,73.0,50.0,61.0,67.0,50.0
72,251.0,29.0,0.0,0.0,0.0,69.0,80.0,83.0,77.0,68.0,65.0,79.0,70.0,77.0,65.0,55.0,60.0,76.0,54.0
75,259.0,23.0,29.0,0.0,0.0,69.0,76.0,85.0,81.0,84.0,65.0,81.0,66.0,76.0,65.0,62.0,71.0,83.0,42.0
73,250.0,28.0,0.0,0.0,0.0,69.0,78.0,84.0,72.0,77.0,74.0,87.0,72.0,76.0,74.0,55.0,68.0,70.0,50.0
75,255.0,25.0,0.0,0.0,0.0,69.0,81.0,89.0,76.0,70.0,66.0,74.0,72.0,74.0,66.0,55.0,69.0,81.0,60.0
72,240.0,27.0,3.0,0.0,0.0,69.0,86.0,88.0,87.0,69.0,64.0,84.0,74.0,83.0,64.0,65.0,71.0,78.0,60.0
73,237.0,29.0,0.0,0.0,0.0,69.0,81.0,87.0,72.0,66.0,72.0,82.0,71.0,83.0,72.0,61.0,74.0,74.0,45.0
73,245.0,26.0,0.0,0.0,0.0,68.0,85.0,89.0,80.0,77.0,69.0,79.0,73.0,78.0,69.0,63.0,70.0,78.0,40.0
74,245.0,29.0,11.0,0.0,0.0,68.0,84.0,90.0,84.0,65.0,64.0,73.0,64.0,81.0,64.0,68.0,75.0,65.0,55.0
77,236.0,25.0,0.0,0.0,0.0,68.0,83.0,85.0,83.0,61.0,67.0,71.0,60.0,84.0,67.0,64.0,73.0,75.0,55.0
76,253.0,23.0,1.0,0.0,0.0,68.0,83.0,87.0,75.0,77.0,58.0,85.0,78.0,80.0,58.0,56.0,66.0,86.0,10.0
73,245.0,26.0,0.0,0.0,0.0,68.0,85.0,89.0,75.0,71.0,69.0,78.0,73.0,77.0,69.0,63.0,67.0,82.0,55.0
73,235.0,23.0,13.0,0.0,0.0,68.0,76.0,82.0,83.0,78.0,66.0,82.0,78.0,84.0,66.0,51.0,62.0,89.0,46.0
76,246.0,30.0,0.0,0.0,0.0,68.0,73.0,82.0,75.0,75.0,75.0,78.0,72.0,88.0,75.0,53.0,72.0,81.0,40.0
72,238.0,23.0,0.0,0.0,0.0,68.0,84.0,88.0,79.0,82.0,59.0,86.0,76.0,79.0,59.0,58.0,67.0,78.0,36.0
72,238.0,23.0,3.0,0.0,0.0,68.0,84.0,88.0,79.0,82.0,59.0,86.0,76.0,79.0,59.0,58.0,67.0,78.0,36.0
77,248.0,28.0,7.0,0.0,0.0,68.0,79.0,86.0,71.0,65.0,68.0,85.0,73.0,81.0,68.0,55.0,69.0,82.0,39.0
75,245.0,25.0,0.0,0.0,0.0,68.0,84.0,89.0,74.0,78.0,62.0,76.0,74.0,77.0,62.0,55.0,61.0,69.0,42.0
75,246.0,24.0,5.0,0.0,0.0,68.0,83.0,87.0,79.0,77.0,62.0,79.0,76.0,74.0,62.0,66.0,67.0,77.0,38.0
75,240.0,22.0,30.0,0.0,0.0,68.0,85.0,88.0,84.0,74.0,60.0,82.0,74.0,84.0,60.0,65.0,70.0,83.0,43.0
76,245.0,25.0,13.0,0.0,0.0,68.0,83.0,84.0,75.0,66.0,69.0,71.0,83.0,81.0,69.0,35.0,45.0,83.0,25.0
74,239.0,24.0,27.0,0.0,0.0,67.0,83.0,86.0,78.0,66.0,60.0,87.0,74.0,79.0,60.0,54.0,71.0,79.0,57.0
75,235.0,24.0,1.0,0.0,0.0,67.0,81.0,84.0,84.0,72.0,64.0,76.0,73.0,82.0,64.0,42.0,53.0,82.0,22.0
77,245.0,29.0,4.0,0.0,0.0,67.0,84.0,86.0,74.0,78.0,64.0,76.0,72.0,79.0,64.0,55.0,60.0,76.0,40.0
73,240.0,26.0,0.0,0.0,0.0,67.0,85.0,90.0,76.0,82.0,61.0,78.0,75.0,83.0,61.0,64.0,71.0,87.0,54.0
72,230.0,22.0,17.0,0.0,1.0,67.0,83.0,87.0,83.0,70.0,63.0,77.0,73.0,81.0,63.0,69.0,63.0,82.0,49.0
76,251.0,25.0,5.0,0.0,0.0,67.0,78.0,85.0,84.0,79.0,62.0,79.0,73.0,81.0,62.0,30.0,46.0,80.0,22.0
75,240.0,22.0,36.0,0.0,0.0,67.0,86.0,89.0,82.0,83.0,53.0,81.0,76.0,83.0,53.0,42.0,53.0,84.0,36.0
73,240.0,28.0,18.0,0.0,0.0,67.0,84.0,88.0,75.0,64.0,69.0,76.0,73.0,74.0,69.0,56.0,59.0,64.0,45.0
73,240.0,28.0,6.0,0.0,0.0,67.0,84.0,88.0,75.0,64.0,69.0,76.0,73.0,74.0,69.0,56.0,59.0,64.0,45.0
75,235.0,25.0,0.0,0.0,0.0,66.0,86.0,87.0,84.0,79.0,69.0,78.0,64.0,77.0,69.0,67.0,76.0,72.0,55.0
74,261.0,22.0,20.0,0.0,0.0,66.0,82.0,88.0,70.0,88.0,58.0,80.0,81.0,76.0,58.0,33.0,39.0,76.0,30.0
73,226.0,25.0,8.0,0.0,0.0,66.0,86.0,89.0,82.0,76.0,64.0,79.0,71.0,77.0,64.0,65.0,75.0,79.0,54.0
74,233.0,25.0,7.0,0.0,1.0,66.0,87.0,91.0,84.0,67.0,65.0,78.0,69.0,82.0,65.0,59.0,65.0,76.0,57.0
71,234.0,25.0,3.0,0.0,0.0,66.0,84.0,88.0,75.0,76.0,61.0,84.0,77.0,78.0,61.0,72.0,67.0,75.0,61.0
73,245.0,22.0,0.0,0.0,0.0,66.0,84.0,89.0,79.0,78.0,58.0,83.0,78.0,82.0,58.0,70.0,72.0,77.0,45.0
72,244.0,28.0,10.0,0.0,0.0,66.0,85.0,87.0,71.0,70.0,65.0,74.0,71.0,78.0,65.0,71.0,67.0,79.0,44.0
72,235.0,25.0,0.0,0.0,0.0,66.0,84.0,88.0,82.0,69.0,67.0,77.0,76.0,79.0,67.0,54.0,64.0,85.0,48.0
74,245.0,23.0,18.0,0.0,0.0,66.0,81.0,87.0,74.0,75.0,61.0,85.0,79.0,85.0,61.0,54.0,60.0,73.0,39.0
72,231.0,24.0,3.0,0.0,0.0,66.0,86.0,88.0,79.0,73.0,65.0,79.0,69.0,84.0,65.0,72.0,70.0,73.0,52.0
72,229.0,24.0,7.0,0.0,0.0,66.0,86.0,87.0,81.0,70.0,64.0,82.0,72.0,79.0,64.0,59.0,68.0,80.0,39.0
72,250.0,24.0,0.0,0.0,0.0,66.0,81.0,88.0,76.0,77.0,60.0,78.0,75.0,83.0,60.0,30.0,38.0,82.0,29.0
76,263.0,26.0,9.0,0.0,0.0,66.0,77.0,85.0,79.0,75.0,65.0,67.0,74.0,77.0,65.0,48.0,53.0,73.0,20.0
75,255.0,24.0,10.0,0.0,0.0,66.0,79.0,86.0,72.0,79.0,62.0,76.0,75.0,81.0,62.0,65.0,70.0,72.0,50.0
72,232.0,27.0,0.0,0.0,0.0,66.0,82.0,89.0,76.0,74.0,65.0,84.0,67.0,79.0,65.0,69.0,73.0,77.0,56.0
76,260.0,24.0,0.0,0.0,0.0,66.0,80.0,88.0,78.0,79.0,58.0,72.0,77.0,81.0,58.0,51.0,66.0,76.0,24.0
74,248.0,27.0,9.0,0.0,0.0,66.0,82.0,89.0,74.0,79.0,66.0,80.0,70.0,79.0,66.0,56.0,66.0,77.0,20.0
73,242.0,24.0,4.0,0.0,0.0,66.0,78.0,85.0,79.0,75.0,58.0,88.0,82.0,77.0,58.0,65.0,74.0,81.0,55.0
72,245.0,25.0,0.0,0.0,0.0,65.0,79.0,87.0,75.0,85.0,68.0,75.0,71.0,81.0,68.0,48.0,67.0,71.0,47.0
73,221.0,23.0,53.0,1.0,1.0,65.0,83.0,87.0,75.0,77.0,58.0,83.0,76.0,80.0,58.0,59.0,67.0,82.0,42.0
74,235.0,28.0,5.0,0.0,0.0,65.0,85.0,89.0,80.0,66.0,66.0,83.0,61.0,88.0,66.0,50.0,71.0,77.0,52.0
73,230.0,26.0,0.0,0.0,0.0,65.0,86.0,85.0,80.0,78.0,59.0,79.0,65.0,76.0,59.0,60.0,71.0,75.0,49.0
73,231.0,27.0,4.0,0.0,0.0,65.0,88.0,91.0,87.0,74.0,64.0,74.0,64.0,79.0,64.0,72.0,72.0,86.0,50.0
72,230.0,25.0,0.0,0.0,0.0,65.0,80.0,86.0,79.0,82.0,63.0,82.0,69.0,80.0,63.0,56.0,65.0,78.0,47.0
71,233.0,25.0,0.0,0.0,0.0,65.0,77.0,89.0,75.0,75.0,61.0,80.0,76.0,77.0,61.0,56.0,66.0,83.0,45.0
72,242.0,24.0,20.0,0.0,0.0,65.0,83.0,88.0,81.0,84.0,57.0,86.0,80.0,75.0,57.0,52.0,62.0,83.0,49.0
75,255.0,25.0,4.0,0.0,0.0,65.0,85.0,90.0,72.0,72.0,61.0,73.0,71.0,78.0,61.0,60.0,67.0,76.0,50.0
75,240.0,24.0,2.0,0.0,0.0,65.0,79.0,84.0,78.0,74.0,59.0,83.0,77.0,82.0,59.0,62.0,70.0,84.0,54.0
74,244.0,22.0,15.0,0.0,0.0,65.0,81.0,86.0,78.0,77.0,60.0,78.0,77.0,78.0,60.0,64.0,70.0,85.0,41.0
74,229.0,21.0,8.0,0.0,0.0,65.0,82.0,89.0,82.0,69.0,57.0,80.0,72.0,76.0,57.0,67.0,67.0,86.0,48.0
76,275.0,27.0,1.0,0.0,0.0,64.0,78.0,87.0,73.0,72.0,65.0,77.0,70.0,87.0,65.0,55.0,35.0,69.0,25.0
75,239.0,27.0,5.0,0.0,0.0,64.0,83.0,86.0,84.0,76.0,65.0,81.0,66.0,72.0,65.0,60.0,71.0,69.0,40.0
73,237.0,26.0,2.0,0.0,0.0,64.0,85.0,89.0,86.0,76.0,58.0,78.0,75.0,81.0,58.0,58.0,68.0,84.0,44.0
75,248.0,25.0,0.0,0.0,0.0,64.0,81.0,86.0,80.0,82.0,50.0,76.0,73.0,76.0,50.0,50.0,62.0,78.0,10.0
72,215.0,24.0,0.0,0.0,0.0,64.0,87.0,86.0,83.0,72.0,58.0,78.0,69.0,75.0,58.0,50.0,60.0,83.0,58.0
76,226.0,23.0,4.0,0.0,0.0,64.0,81.0,86.0,85.0,69.0,62.0,79.0,74.0,77.0,62.0,64.0,73.0,82.0,64.0
73,235.0,24.0,9.0,0.0,0.0,64.0,79.0,86.0,84.0,78.0,54.0,83.0,81.0,81.0,54.0,60.0,72.0,78.0,55.0
74,245.0,22.0,0.0,0.0,0.0,64.0,82.0,88.0,82.0,83.0,51.0,76.0,76.0,83.0,51.0,40.0,51.0,74.0,31.0
76,225.0,24.0,0.0,0.0,0.0,64.0,77.0,84.0,84.0,71.0,48.0,78.0,76.0,75.0,48.0,57.0,68.0,84.0,38.0
74,242.0,24.0,22.0,0.0,0.0,64.0,86.0,88.0,83.0,81.0,50.0,75.0,71.0,78.0,50.0,53.0,61.0,78.0,20.0
74,242.0,24.0,1.0,0.0,0.0,64.0,86.0,88.0,83.0,81.0,50.0,75.0,71.0,78.0,50.0,53.0,61.0,78.0,20.0
72,226.0,22.0,26.0,0.0,0.0,64.0,87.0,88.0,81.0,74.0,57.0,82.0,72.0,78.0,57.0,64.0,71.0,77.0,42.0
75,242.0,23.0,0.0,0.0,0.0,64.0,82.0,85.0,83.0,77.0,55.0,75.0,73.0,77.0,55.0,43.0,52.0,77.0,36.0
73,243.0,23.0,0.0,0.0,0.0,63.0,83.0,87.0,86.0,78.0,56.0,71.0,71.0,78.0,56.0,41.0,52.0,68.0,33.0
75,245.0,25.0,7.0,0.0,0.0,63.0,86.0,89.0,83.0,76.0,64.0,69.0,62.0,81.0,64.0,61.0,71.0,69.0,60.0
73,228.0,22.0,7.0,0.0,0.0,63.0,84.0,88.0,80.0,73.0,55.0,84.0,71.0,75.0,55.0,56.0,67.0,87.0,38.0
74,253.0,28.0,0.0,0.0,0.0,63.0,79.0,87.0,74.0,74.0,57.0,72.0,72.0,74.0,57.0,56.0,64.0,74.0,40.0
77,234.0,25.0,0.0,0.0,0.0,63.0,86.0,87.0,76.0,73.0,56.0,76.0,72.0,83.0,56.0,52.0,70.0,73.0,44.0
78,272.0,25.0,12.0,0.0,0.0,63.0,82.0,89.0,73.0,79.0,58.0,81.0,76.0,75.0,58.0,20.0,35.0,72.0,20.0
75,251.0,26.0,0.0,0.0,0.0,63.0,83.0,88.0,83.0,74.0,52.0,75.0,67.0,75.0,52.0,54.0,63.0,76.0,41.0
77,249.0,24.0,1.0,0.0,0.0,63.0,84.0,89.0,81.0,80.0,52.0,79.0,64.0,74.0,52.0,51.0,57.0,77.0,30.0
72,233.0,26.0,3.0,0.0,0.0,63.0,85.0,89.0,83.0,84.0,59.0,83.0,63.0,81.0,59.0,57.0,75.0,76.0,49.0
72,233.0,26.0,0.0,0.0,0.0,63.0,85.0,89.0,83.0,84.0,59.0,83.0,63.0,81.0,59.0,57.0,75.0,76.0,49.0
74,220.0,23.0,24.0,0.0,0.0,63.0,89.0,91.0,89.0,72.0,49.0,78.0,70.0,78.0,49.0,67.0,60.0,81.0,65.0
73,230.0,26.0,0.0,0.0,0.0,63.0,86.0,87.0,85.0,78.0,60.0,79.0,69.0,79.0,60.0,52.0,62.0,77.0,55.0
76,240.0,29.0,0.0,0.0,0.0,63.0,75.0,80.0,75.0,69.0,68.0,78.0,66.0,77.0,68.0,55.0,66.0,74.0,44.0
75,240.0,21.0,9.0,0.0,0.0,63.0,80.0,87.0,77.0,76.0,57.0,83.0,75.0,79.0,57.0,60.0,68.0,79.0,41.0
75,240.0,24.0,2.0,0.0,0.0,63.0,80.0,84.0,85.0,65.0,58.0,69.0,75.0,82.0,58.0,52.0,66.0,84.0,56.0
75,235.0,26.0,0.0,0.0,0.0,63.0,82.0,86.0,76.0,68.0,60.0,78.0,69.0,74.0,60.0,62.0,75.0,86.0,55.0
72,232.0,23.0,97.0,2.0,5.0,62.0,80.0,88.0,81.0,71.0,53.0,86.0,73.0,78.0,53.0,63.0,70.0,83.0,43.0
72,229.0,24.0,0.0,0.0,0.0,62.0,79.0,85.0,75.0,81.0,58.0,76.0,69.0,75.0,58.0,58.0,68.0,72.0,41.0
73,236.0,24.0,4.0,0.0,0.0,62.0,82.0,87.0,82.0,74.0,56.0,72.0,71.0,79.0,56.0,50.0,69.0,66.0,55.0
73,240.0,26.0,0.0,0.0,0.0,62.0,83.0,83.0,72.0,73.0,66.0,85.0,61.0,73.0,66.0,52.0,67.0,68.0,33.0
74,239.0,23.0,2.0,0.0,0.0,62.0,85.0,89.0,80.0,76.0,51.0,83.0,73.0,81.0,51.0,61.0,69.0,81.0,43.0
74,231.0,26.0,1.0,0.0,0.0,62.0,87.0,89.0,85.0,63.0,56.0,75.0,66.0,78.0,56.0,66.0,73.0,76.0,40.0
74,223.0,24.0,0.0,0.0,0.0,62.0,83.0,88.0,82.0,75.0,52.0,73.0,70.0,76.0,52.0,55.0,67.0,71.0,55.0
74,250.0,26.0,0.0,0.0,0.0,62.0,78.0,85.0,77.0,63.0,62.0,77.0,57.0,72.0,62.0,66.0,74.0,73.0,61.0
72,241.0,22.0,0.0,0.0,0.0,62.0,82.0,89.0,83.0,78.0,50.0,85.0,68.0,74.0,50.0,58.0,69.0,76.0,48.0
75,234.0,26.0,3.0,0.0,0.0,62.0,84.0,90.0,85.0,71.0,64.0,75.0,65.0,71.0,64.0,55.0,70.0,69.0,60.0
74,228.0,25.0,0.0,0.0,0.0,62.0,84.0,89.0,81.0,63.0,52.0,81.0,72.0,79.0,52.0,62.0,74.0,83.0,52.0
75,254.0,23.0,0.0,0.0,0.0,62.0,77.0,87.0,76.0,74.0,50.0,76.0,76.0,82.0,50.0,52.0,61.0,79.0,34.0
74,230.0,25.0,0.0,0.0,0.0,62.0,87.0,89.0,81.0,82.0,52.0,78.0,66.0,78.0,52.0,50.0,63.0,75.0,53.0
77,250.0,25.0,0.0,0.0,0.0,62.0,80.0,85.0,76.0,73.0,62.0,72.0,63.0,77.0,62.0,58.0,69.0,71.0,45.0
75,225.0,23.0,0.0,0.0,0.0,62.0,81.0,87.0,81.0,70.0,53.0,69.0,66.0,77.0,53.0,57.0,66.0,67.0,49.0
74,238.0,26.0,0.0,0.0,0.0,62.0,83.0,90.0,81.0,75.0,58.0,76.0,64.0,72.0,58.0,64.0,72.0,64.0,59.0
72,243.0,24.0,6.0,0.0,0.0,62.0,78.0,87.0,81.0,77.0,59.0,85.0,67.0,77.0,59.0,50.0,61.0,87.0,42.0
75,245.0,25.0,0.0,0.0,0.0,62.0,85.0,88.0,83.0,71.0,51.0,77.0,72.0,77.0,51.0,45.0,55.0,84.0,41.0
75,247.0,26.0,1.0,0.0,0.0,62.0,84.0,88.0,82.0,73.0,51.0,78.0,67.0,67.0,51.0,55.0,60.0,79.0,45.0
71,225.0,26.0,0.0,0.0,0.0,62.0,87.0,86.0,81.0,63.0,58.0,79.0,62.0,79.0,58.0,72.0,76.0,86.0,64.0
74,233.0,22.0,9.0,0.0,0.0,61.0,88.0,90.0,84.0,75.0,54.0,77.0,72.0,79.0,54.0,63.0,68.0,74.0,44.0
74,256.0,24.0,0.0,0.0,0.0,61.0,81.0,87.0,84.0,79.0,52.0,77.0,77.0,78.0,52.0,30.0,44.0,74.0,22.0
72,235.0,22.0,0.0,0.0,0.0,61.0,80.0,88.0,80.0,75.0,52.0,78.0,72.0,78.0,52.0,55.0,65.0,75.0,40.0
74,228.0,23.0,0.0,0.0,0.0,61.0,81.0,88.0,80.0,80.0,54.0,80.0,72.0,79.0,54.0,62.0,70.0,84.0,43.0
75,284.0,25.0,0.0,0.0,0.0,61.0,79.0,88.0,78.0,74.0,66.0,67.0,77.0,76.0,66.0,24.0,36.0,75.0,10.0
74,218.0,22.0,18.0,0.0,0.0,61.0,86.0,88.0,82.0,70.0,59.0,74.0,69.0,79.0,59.0,63.0,71.0,83.0,62.0
75,235.0,24.0,0.0,0.0,0.0,61.0,83.0,87.0,82.0,72.0,53.0,74.0,68.0,74.0,53.0,57.0,61.0,78.0,45.0
73,235.0,23.0,0.0,0.0,0.0,61.0,78.0,82.0,76.0,76.0,53.0,87.0,73.0,76.0,53.0,68.0,64.0,86.0,45.0
72,220.0,23.0,0.0,0.0,0.0,61.0,85.0,90.0,82.0,84.0,48.0,81.0,76.0,81.0,48.0,59.0,72.0,82.0,42.0
75,240.0,28.0,0.0,0.0,0.0,61.0,84.0,88.0,84.0,67.0,63.0,74.0,63.0,75.0,63.0,58.0,69.0,76.0,44.0
73,246.0,23.0,0.0,0.0,0.0,61.0,77.0,86.0,70.0,79.0,53.0,78.0,72.0,75.0,53.0,50.0,61.0,78.0,22.0
74,225.0,22.0,2.0,0.0,0.0,61.0,86.0,90.0,85.0,74.0,50.0,81.0,68.0,85.0,50.0,62.0,68.0,72.0,49.0
74,225.0,22.0,0.0,0.0,0.0,61.0,86.0,90.0,85.0,74.0,50.0,81.0,68.0,85.0,50.0,62.0,68.0,72.0,49.0
79,268.0,24.0,0.0,0.0,0.0,60.0,78.0,81.0,69.0,80.0,52.0,80.0,74.0,74.0,52.0,35.0,45.0,76.0,30.0
77,225.0,23.0,0.0,0.0,0.0,60.0,78.0,86.0,85.0,71.0,53.0,74.0,68.0,76.0,53.0,48.0,56.0,75.0,42.0
71,220.0,25.0,0.0,0.0,0.0,60.0,79.0,89.0,83.0,74.0,52.0,81.0,75.0,76.0,52.0,55.0,63.0,83.0,38.0
72,233.0,23.0,0.0,0.0,0.0,60.0,82.0,85.0,78.0,79.0,50.0,80.0,67.0,70.0,50.0,65.0,72.0,72.0,58.0
74,235.0,24.0,0.0,0.0,0.0,60.0,82.0,88.0,82.0,77.0,56.0,78.0,70.0,77.0,56.0,56.0,61.0,73.0,55.0
74,236.0,24.0,0.0,0.0,0.0,60.0,85.0,87.0,84.0,75.0,48.0,84.0,72.0,79.0,48.0,60.0,69.0,79.0,55.0
74,236.0,24.0,0.0,0.0,0.0,60.0,85.0,87.0,84.0,75.0,48.0,84.0,72.0,79.0,48.0,60.0,69.0,79.0,55.0
74,236.0,24.0,8.0,0.0,0.0,60.0,85.0,87.0,84.0,75.0,48.0,84.0,72.0,79.0,48.0,60.0,69.0,79.0,55.0
74,240.0,25.0,0.0,0.0,0.0,60.0,82.0,87.0,75.0,76.0,56.0,77.0,81.0,71.0,51.0,52.0,65.0,88.0,54.0
73,240.0,24.0,0.0,0.0,0.0,60.0,81.0,87.0,84.0,76.0,50.0,78.0,70.0,74.0,50.0,64.0,72.0,72.0,59.0
74,245.0,22.0,0.0,0.0,0.0,60.0,81.0,87.0,78.0,75.0,52.0,82.0,74.0,78.0,52.0,63.0,69.0,77.0,44.0
73,220.0,23.0,29.0,0.0,1.0,60.0,86.0,85.0,84.0,74.0,47.0,78.0,71.0,87.0,47.0,68.0,74.0,85.0,48.0
73,237.0,25.0,7.0,0.0,0.0,60.0,85.0,88.0,75.0,78.0,64.0,83.0,62.0,73.0,64.0,50.0,65.0,63.0,33.0
72,217.0,25.0,0.0,0.0,0.0,60.0,85.0,85.0,83.0,74.0,53.0,77.0,68.0,77.0,53.0,64.0,75.0,84.0,55.0
75,240.0,26.0,0.0,0.0,0.0,60.0,83.0,88.0,65.0,74.0,58.0,77.0,58.0,73.0,58.0,50.0,71.0,65.0,33.0
72,233.0,22.0,0.0,0.0,0.0,60.0,77.0,84.0,78.0,73.0,52.0,83.0,75.0,80.0,52.0,55.0,64.0,84.0,38.0
75,255.0,27.0,0.0,0.0,0.0,59.0,76.0,84.0,76.0,83.0,54.0,77.0,67.0,81.0,54.0,34.0,47.0,79.0,30.0
74,252.0,24.0,0.0,0.0,0.0,59.0,84.0,87.0,79.0,80.0,48.0,79.0,75.0,78.0,48.0,68.0,70.0,84.0,48.0
75,244.0,26.0,0.0,0.0,0.0,59.0,80.0,85.0,75.0,81.0,48.0,76.0,77.0,78.0,48.0,27.0,40.0,80.0,22.0
74,238.0,23.0,0.0,0.0,0.0,59.0,77.0,82.0,83.0,71.0,49.0,82.0,75.0,82.0,49.0,65.0,70.0,71.0,43.0
71,217.0,23.0,0.0,0.0,0.0,59.0,86.0,90.0,90.0,68.0,47.0,79.0,63.0,80.0,47.0,58.0,67.0,85.0,63.0
72,220.0,27.0,0.0,0.0,0.0,59.0,90.0,89.0,85.0,73.0,54.0,63.0,61.0,70.0,54.0,63.0,73.0,80.0,59.0
76,256.0,24.0,0.0,0.0,0.0,58.0,72.0,83.0,74.0,76.0,55.0,78.0,71.0,73.0,55.0,35.0,45.0,74.0,30.0
74,235.0,25.0,0.0,0.0,0.0,58.0,84.0,89.0,77.0,75.0,52.0,81.0,66.0,75.0,52.0,55.0,64.0,76.0,45.0
74,242.0,24.0,0.0,0.0,0.0,58.0,81.0,88.0,77.0,83.0,54.0,78.0,67.0,74.0,54.0,58.0,70.0,79.0,53.0
75,230.0,26.0,2.0,0.0,0.0,58.0,88.0,86.0,81.0,71.0,53.0,70.0,59.0,80.0,53.0,65.0,74.0,76.0,64.0
79,277.0,26.0,0.0,0.0,0.0,58.0,77.0,84.0,79.0,76.0,47.0,71.0,61.0,64.0,47.0,55.0,65.0,67.0,20.0
76,245.0,27.0,0.0,0.0,0.0,58.0,82.0,86.0,82.0,73.0,54.0,71.0,60.0,76.0,54.0,51.0,61.0,74.0,55.0
72,243.0,24.0,0.0,0.0,0.0,57.0,81.0,87.0,84.0,79.0,43.0,72.0,71.0,74.0,43.0,55.0,65.0,80.0,40.0
74,245.0,24.0,0.0,0.0,0.0,57.0,79.0,87.0,83.0,74.0,43.0,76.0,68.0,72.0,43.0,62.0,70.0,64.0,59.0
74,240.0,22.0,0.0,0.0,0.0,57.0,80.0,87.0,78.0,74.0,52.0,79.0,67.0,78.0,52.0,55.0,63.0,77.0,48.0
74,247.0,24.0,1.0,0.0,0.0,57.0,80.0,88.0,83.0,72.0,48.0,80.0,71.0,78.0,48.0,54.0,63.0,78.0,47.0
75,245.0,25.0,3.0,0.0,0.0,56.0,85.0,88.0,79.0,72.0,45.0,76.0,62.0,85.0,45.0,68.0,74.0,73.0,60.0
74,222.0,25.0,0.0,0.0,0.0,55.0,88.0,89.0,76.0,73.0,52.0,78.0,55.0,84.0,52.0,50.0,55.0,74.0,40.0
71,232.0,23.0,0.0,0.0,0.0,54.0,86.0,89.0,81.0,82.0,51.0,73.0,64.0,66.0,51.0,55.0,64.0,71.0,55.0
0,0.0,0.0,104.0,3.0,8.0,99.0,87.0,90.0,90.0,84.0,99.0,94.0,95.0,98.0,99.0,53.0,63.0,89.0,62.0
0,0.0,0.0,91.0,5.0,7.0,99.0,86.0,89.0,83.0,83.0,99.0,98.0,90.0,97.0,99.0,79.0,88.0,93.0,54.0
0,0.0,0.0,127.0,6.0,10.0,97.0,88.0,89.0,85.0,74.0,97.0,98.0,89.0,96.0,97.0,77.0,89.0,95.0,42.0
0,0.0,0.0,53.0,1.0,2.0,96.0,83.0,88.0,81.0,76.0,97.0,97.0,87.0,97.0,97.0,72.0,81.0,83.0,53.0
0,0.0,0.0,90.0,1.0,1.0,95.0,86.0,90.0,87.0,77.0,92.0,93.0,88.0,95.0,92.0,74.0,85.0,86.0,55.0
0,0.0,0.0,62.0,0.0,3.0,91.0,87.0,90.0,87.0,84.0,94.0,85.0,88.0,92.0,94.0,54.0,64.0,86.0,35.0
0,0.0,0.0,42.0,0.0,1.0,90.0,88.0,89.0,88.0,64.0,91.0,88.0,88.0,94.0,91.0,76.0,80.0,86.0,57.0
0,0.0,0.0,74.0,1.0,4.0,90.0,83.0,87.0,84.0,85.0,92.0,88.0,86.0,88.0,92.0,61.0,72.0,89.0,24.0
0,0.0,0.0,42.0,0.0,1.0,90.0,89.0,90.0,87.0,73.0,92.0,86.0,72.0,88.0,92.0,81.0,88.0,84.0,51.0
0,0.0,0.0,41.0,0.0,1.0,88.0,88.0,87.0,88.0,77.0,93.0,93.0,87.0,93.0,93.0,53.0,63.0,86.0,55.0
0,0.0,0.0,0.0,0.0,0.0,87.0,79.0,84.0,75.0,79.0,84.0,91.0,85.0,89.0,84.0,67.0,78.0,94.0,45.0
0,0.0,0.0,63.0,0.0,4.0,87.0,81.0,86.0,77.0,86.0,92.0,83.0,77.0,86.0,92.0,52.0,61.0,87.0,20.0
0,0.0,0.0,8.0,0.0,0.0,87.0,83.0,85.0,85.0,84.0,86.0,86.0,87.0,92.0,86.0,74.0,83.0,91.0,52.0
0,0.0,0.0,27.0,0.0,2.0,86.0,86.0,87.0,88.0,83.0,88.0,87.0,77.0,86.0,88.0,73.0,83.0,87.0,54.0
0,0.0,0.0,110.0,1.0,7.0,86.0,77.0,83.0,74.0,88.0,85.0,88.0,86.0,88.0,85.0,60.0,69.0,84.0,45.0
0,0.0,0.0,58.0,0.0,4.0,86.0,81.0,86.0,78.0,90.0,84.0,85.0,72.0,83.0,84.0,68.0,75.0,89.0,35.0
0,0.0,0.0,0.0,0.0,0.0,86.0,82.0,88.0,84.0,84.0,85.0,83.0,87.0,90.0,85.0,49.0,60.0,90.0,45.0
0,0.0,0.0,94.0,0.0,4.0,86.0,82.0,88.0,84.0,84.0,85.0,83.0,87.0,90.0,85.0,49.0,60.0,90.0,45.0
0,0.0,0.0,77.0,1.0,6.0,86.0,82.0,88.0,84.0,84.0,85.0,83.0,87.0,90.0,85.0,49.0,60.0,90.0,45.0
0,0.0,0.0,44.0,0.0,0.0,85.0,86.0,87.0,83.0,72.0,86.0,83.0,72.0,82.0,86.0,78.0,86.0,83.0,54.0
0,0.0,0.0,101.0,1.0,2.0,85.0,86.0,89.0,81.0,85.0,87.0,86.0,84.0,89.0,87.0,71.0,78.0,86.0,40.0
0,0.0,0.0,65.0,0.0,2.0,84.0,83.0,88.0,76.0,84.0,88.0,94.0,70.0,82.0,88.0,52.0,64.0,90.0,65.0
0,0.0,0.0,21.0,0.0,0.0,84.0,85.0,90.0,87.0,75.0,84.0,94.0,72.0,83.0,84.0,73.0,79.0,89.0,49.0
0,0.0,0.0,81.0,0.0,5.0,84.0,85.0,90.0,87.0,75.0,84.0,94.0,72.0,83.0,84.0,73.0,79.0,89.0,49.0
0,0.0,0.0,42.0,0.0,0.0,84.0,87.0,90.0,88.0,74.0,81.0,84.0,74.0,82.0,81.0,77.0,84.0,83.0,53.0
0,0.0,0.0,41.0,0.0,0.0,84.0,83.0,87.0,77.0,71.0,85.0,90.0,86.0,90.0,85.0,50.0,61.0,81.0,60.0
0,0.0,0.0,56.0,0.0,4.0,84.0,88.0,90.0,89.0,77.0,89.0,85.0,74.0,84.0,89.0,66.0,75.0,86.0,35.0
0,0.0,0.0,47.0,0.0,0.0,84.0,80.0,86.0,80.0,67.0,89.0,92.0,70.0,83.0,89.0,73.0,86.0,82.0,40.0
0,0.0,0.0,38.0,0.0,0.0,83.0,84.0,89.0,75.0,78.0,88.0,87.0,87.0,94.0,88.0,60.0,66.0,82.0,60.0
0,0.0,0.0,38.0,0.0,0.0,83.0,82.0,87.0,78.0,81.0,88.0,91.0,88.0,92.0,88.0,50.0,56.0,80.0,53.0
0,0.0,0.0,0.0,0.0,0.0,83.0,82.0,83.0,85.0,72.0,90.0,90.0,75.0,86.0,90.0,63.0,73.0,94.0,55.0
0,0.0,0.0,64.0,0.0,1.0,83.0,80.0,85.0,80.0,69.0,87.0,89.0,80.0,85.0,87.0,69.0,78.0,87.0,60.0
0,0.0,0.0,38.0,0.0,0.0,82.0,88.0,88.0,81.0,76.0,82.0,84.0,84.0,90.0,82.0,68.0,79.0,78.0,52.0
0,0.0,0.0,41.0,0.0,0.0,82.0,82.0,90.0,83.0,77.0,86.0,86.0,84.0,88.0,86.0,61.0,72.0,86.0,55.0
0,0.0,0.0,50.0,0.0,1.0,82.0,81.0,87.0,74.0,83.0,85.0,84.0,82.0,83.0,85.0,50.0,61.0,71.0,18.0
0,0.0,0.0,22.0,0.0,0.0,82.0,86.0,88.0,74.0,82.0,81.0,82.0,83.0,87.0,81.0,56.0,63.0,86.0,24.0
0,0.0,0.0,49.0,0.0,0.0,81.0,82.0,89.0,74.0,75.0,84.0,87.0,78.0,82.0,84.0,61.0,71.0,85.0,30.0
0,0.0,0.0,0.0,0.0,0.0,81.0,82.0,87.0,74.0,72.0,86.0,81.0,82.0,86.0,86.0,55.0,66.0,80.0,39.0
0,0.0,0.0,53.0,0.0,0.0,81.0,84.0,90.0,86.0,79.0,87.0,85.0,67.0,80.0,87.0,73.0,79.0,81.0,59.0
0,0.0,0.0,29.0,0.0,0.0,81.0,77.0,82.0,79.0,92.0,78.0,83.0,76.0,82.0,78.0,62.0,73.0,87.0,20.0
0,0.0,0.0,78.0,3.0,3.0,81.0,89.0,91.0,88.0,80.0,69.0,88.0,75.0,89.0,69.0,75.0,80.0,87.0,56.0
0,0.0,0.0,51.0,1.0,0.0,81.0,85.0,87.0,87.0,73.0,82.0,84.0,68.0,82.0,82.0,70.0,80.0,79.0,44.0
0,0.0,0.0,0.0,0.0,0.0,80.0,81.0,87.0,81.0,86.0,75.0,82.0,67.0,78.0,75.0,71.0,82.0,80.0,22.0
0,0.0,0.0,90.0,4.0,7.0,80.0,83.0,88.0,84.0,76.0,75.0,81.0,80.0,84.0,75.0,69.0,73.0,85.0,43.0
0,0.0,0.0,0.0,0.0,0.0,80.0,84.0,89.0,80.0,66.0,88.0,90.0,86.0,90.0,88.0,49.0,59.0,83.0,50.0
0,0.0,0.0,80.0,1.0,4.0,80.0,82.0,86.0,83.0,73.0,86.0,85.0,73.0,80.0,86.0,73.0,82.0,88.0,55.0
0,0.0,0.0,2.0,1.0,4.0,80.0,82.0,86.0,83.0,73.0,86.0,85.0,73.0,80.0,86.0,73.0,82.0,88.0,55.0
0,0.0,0.0,41.0,0.0,0.0,80.0,85.0,86.0,86.0,74.0,78.0,86.0,81.0,87.0,78.0,52.0,58.0,83.0,63.0
0,0.0,0.0,43.0,0.0,1.0,80.0,87.0,90.0,83.0,79.0,87.0,81.0,68.0,82.0,87.0,70.0,78.0,86.0,57.0
0,0.0,0.0,29.0,0.0,0.0,79.0,76.0,85.0,81.0,85.0,73.0,82.0,80.0,84.0,73.0,62.0,71.0,83.0,42.0
0,0.0,0.0,36.0,0.0,0.0,79.0,83.0,89.0,87.0,77.0,80.0,84.0,83.0,87.0,80.0,69.0,67.0,78.0,48.0
0,0.0,0.0,22.0,0.0,0.0,79.0,82.0,87.0,87.0,79.0,81.0,83.0,85.0,89.0,81.0,50.0,62.0,88.0,53.0
0,0.0,0.0,59.0,0.0,0.0,79.0,86.0,88.0,86.0,75.0,74.0,83.0,79.0,84.0,74.0,56.0,60.0,77.0,44.0
0,0.0,0.0,64.0,1.0,1.0,79.0,85.0,90.0,82.0,74.0,85.0,83.0,68.0,81.0,85.0,68.0,79.0,85.0,55.0
0,0.0,0.0,0.0,0.0,0.0,78.0,83.0,87.0,78.0,83.0,86.0,80.0,72.0,82.0,86.0,44.0,54.0,86.0,38.0
0,0.0,0.0,1.0,0.0,0.0,78.0,82.0,85.0,75.0,73.0,88.0,86.0,75.0,85.0,88.0,60.0,71.0,88.0,62.0
0,0.0,0.0,35.0,0.0,0.0,78.0,82.0,85.0,75.0,73.0,88.0,86.0,75.0,85.0,88.0,60.0,71.0,88.0,62.0
0,0.0,0.0,44.0,0.0,1.0,78.0,84.0,88.0,80.0,69.0,83.0,87.0,86.0,91.0,83.0,49.0,59.0,88.0,42.0
0,0.0,0.0,0.0,0.0,0.0,78.0,82.0,82.0,73.0,82.0,78.0,83.0,79.0,82.0,78.0,57.0,69.0,79.0,56.0
0,0.0,0.0,0.0,0.0,0.0,78.0,82.0,82.0,73.0,82.0,78.0,83.0,79.0,82.0,78.0,57.0,69.0,79.0,56.0
0,0.0,0.0,34.0,0.0,0.0,78.0,82.0,82.0,73.0,82.0,78.0,83.0,79.0,82.0,78.0,57.0,69.0,79.0,56.0
0,0.0,0.0,0.0,0.0,0.0,78.0,77.0,85.0,75.0,78.0,85.0,88.0,85.0,88.0,85.0,49.0,57.0,78.0,51.0
0,0.0,0.0,43.0,0.0,1.0,78.0,82.0,88.0,79.0,85.0,79.0,84.0,68.0,79.0,79.0,62.0,74.0,89.0,48.0
0,0.0,0.0,14.0,0.0,0.0,78.0,85.0,88.0,73.0,76.0,81.0,86.0,79.0,85.0,81.0,65.0,77.0,82.0,48.0
0,0.0,0.0,55.0,0.0,0.0,78.0,82.0,89.0,78.0,81.0,77.0,80.0,68.0,80.0,77.0,58.0,66.0,77.0,42.0
0,0.0,0.0,20.0,0.0,0.0,78.0,81.0,87.0,87.0,78.0,74.0,85.0,81.0,86.0,74.0,70.0,78.0,79.0,37.0
0,0.0,0.0,0.0,0.0,0.0,78.0,79.0,85.0,82.0,68.0,81.0,86.0,71.0,82.0,81.0,67.0,77.0,80.0,56.0
0,0.0,0.0,24.0,0.0,0.0,78.0,86.0,87.0,84.0,69.0,75.0,83.0,68.0,81.0,75.0,70.0,77.0,82.0,56.0
0,0.0,0.0,40.0,0.0,0.0,77.0,86.0,89.0,86.0,66.0,84.0,87.0,73.0,84.0,84.0,49.0,59.0,76.0,61.0
0,0.0,0.0,83.0,1.0,6.0,77.0,84.0,87.0,81.0,77.0,86.0,85.0,72.0,84.0,86.0,58.0,69.0,81.0,46.0
0,0.0,0.0,30.0,0.0,0.0,77.0,84.0,87.0,81.0,77.0,86.0,85.0,72.0,84.0,86.0,58.0,69.0,81.0,46.0
0,0.0,0.0,12.0,0.0,0.0,77.0,83.0,87.0,82.0,75.0,80.0,76.0,67.0,82.0,80.0,49.0,57.0,85.0,10.0
0,0.0,0.0,14.0,0.0,0.0,77.0,88.0,89.0,84.0,84.0,73.0,85.0,70.0,79.0,73.0,61.0,72.0,84.0,50.0
0,0.0,0.0,0.0,0.0,0.0,77.0,84.0,91.0,83.0,77.0,63.0,85.0,78.0,86.0,63.0,60.0,71.0,81.0,46.0
0,0.0,0.0,22.0,0.0,0.0,77.0,85.0,90.0,83.0,83.0,75.0,86.0,79.0,86.0,75.0,48.0,54.0,87.0,42.0
0,0.0,0.0,33.0,0.0,0.0,77.0,83.0,89.0,77.0,75.0,78.0,86.0,73.0,81.0,78.0,58.0,70.0,77.0,50.0
0,0.0,0.0,20.0,0.0,0.0,77.0,78.0,87.0,80.0,69.0,84.0,87.0,72.0,79.0,84.0,67.0,80.0,85.0,56.0
0,0.0,0.0,58.0,0.0,0.0,77.0,86.0,87.0,81.0,72.0,82.0,81.0,66.0,81.0,82.0,74.0,78.0,90.0,61.0
0,0.0,0.0,53.0,1.0,1.0,76.0,83.0,87.0,75.0,77.0,73.0,84.0,76.0,85.0,73.0,53.0,61.0,82.0,45.0
0,0.0,0.0,0.0,0.0,0.0,76.0,82.0,89.0,83.0,73.0,79.0,85.0,69.0,79.0,79.0,63.0,72.0,69.0,60.0
0,0.0,0.0,0.0,0.0,0.0,76.0,84.0,89.0,86.0,72.0,82.0,87.0,68.0,80.0,82.0,52.0,64.0,86.0,45.0
0,0.0,0.0,37.0,0.0,1.0,76.0,80.0,87.0,79.0,76.0,79.0,86.0,80.0,86.0,79.0,58.0,66.0,76.0,42.0
0,0.0,0.0,32.0,0.0,0.0,76.0,83.0,87.0,85.0,83.0,65.0,83.0,82.0,86.0,65.0,64.0,68.0,90.0,51.0
0,0.0,0.0,40.0,0.0,0.0,76.0,77.0,86.0,77.0,82.0,77.0,77.0,67.0,79.0,77.0,50.0,61.0,79.0,20.0
0,0.0,0.0,15.0,0.0,0.0,76.0,81.0,86.0,78.0,77.0,76.0,80.0,79.0,84.0,76.0,55.0,61.0,84.0,41.0
0,0.0,0.0,14.0,0.0,0.0,76.0,82.0,88.0,74.0,76.0,74.0,78.0,83.0,84.0,74.0,49.0,60.0,74.0,45.0
0,0.0,0.0,32.0,0.0,0.0,76.0,89.0,91.0,83.0,75.0,81.0,82.0,66.0,81.0,81.0,53.0,62.0,92.0,67.0
0,0.0,0.0,32.0,0.0,0.0,76.0,85.0,85.0,82.0,73.0,81.0,82.0,78.0,82.0,81.0,50.0,56.0,77.0,55.0
0,0.0,0.0,11.0,0.0,0.0,76.0,86.0,87.0,88.0,73.0,79.0,79.0,77.0,84.0,79.0,68.0,75.0,73.0,61.0
0,0.0,0.0,9.0,0.0,0.0,75.0,76.0,85.0,80.0,76.0,79.0,71.0,82.0,85.0,79.0,57.0,62.0,73.0,28.0
0,0.0,0.0,57.0,0.0,2.0,75.0,87.0,87.0,87.0,75.0,61.0,85.0,84.0,89.0,61.0,60.0,67.0,84.0,37.0
0,0.0,0.0,2.0,0.0,0.0,75.0,78.0,87.0,86.0,81.0,81.0,83.0,72.0,80.0,81.0,60.0,70.0,87.0,50.0
0,0.0,0.0,34.0,0.0,0.0,75.0,78.0,87.0,86.0,81.0,81.0,83.0,72.0,80.0,81.0,60.0,70.0,87.0,50.0
0,0.0,0.0,0.0,0.0,0.0,75.0,85.0,90.0,82.0,84.0,69.0,81.0,68.0,79.0,69.0,69.0,80.0,82.0,42.0
0,0.0,0.0,40.0,0.0,1.0,75.0,84.0,89.0,86.0,78.0,58.0,81.0,76.0,85.0,58.0,52.0,63.0,81.0,39.0
0,0.0,0.0,37.0,0.0,1.0,75.0,84.0,87.0,86.0,73.0,72.0,83.0,67.0,78.0,72.0,75.0,78.0,86.0,52.0
0,0.0,0.0,5.0,0.0,0.0,75.0,79.0,83.0,80.0,82.0,77.0,85.0,68.0,79.0,77.0,64.0,69.0,86.0,46.0
0,0.0,0.0,36.0,0.0,0.0,75.0,86.0,89.0,82.0,83.0,65.0,81.0,76.0,82.0,65.0,53.0,64.0,84.0,36.0
0,0.0,0.0,44.0,0.0,2.0,75.0,88.0,89.0,87.0,79.0,72.0,80.0,71.0,81.0,72.0,58.0,51.0,83.0,45.0
0,0.0,0.0,7.0,0.0,0.0,74.0,86.0,89.0,83.0,76.0,73.0,71.0,66.0,78.0,73.0,69.0,79.0,69.0,60.0
0,0.0,0.0,0.0,0.0,0.0,74.0,79.0,85.0,78.0,76.0,71.0,79.0,72.0,84.0,71.0,53.0,58.0,81.0,40.0
0,0.0,0.0,0.0,0.0,0.0,74.0,85.0,85.0,83.0,74.0,78.0,81.0,81.0,86.0,78.0,51.0,62.0,84.0,55.0
0,0.0,0.0,57.0,0.0,3.0,74.0,81.0,85.0,71.0,78.0,74.0,80.0,68.0,80.0,74.0,52.0,62.0,83.0,20.0
0,0.0,0.0,23.0,0.0,1.0,74.0,85.0,86.0,87.0,81.0,70.0,76.0,66.0,72.0,70.0,62.0,72.0,76.0,20.0
0,0.0,0.0,52.0,0.0,0.0,74.0,84.0,89.0,87.0,70.0,86.0,84.0,68.0,79.0,86.0,49.0,55.0,89.0,66.0
0,0.0,0.0,40.0,0.0,0.0,74.0,78.0,87.0,81.0,73.0,83.0,85.0,74.0,81.0,83.0,52.0,63.0,80.0,45.0
0,0.0,0.0,5.0,0.0,0.0,74.0,79.0,87.0,77.0,72.0,68.0,79.0,74.0,78.0,68.0,63.0,72.0,82.0,24.0
0,0.0,0.0,0.0,0.0,0.0,74.0,81.0,89.0,84.0,73.0,77.0,80.0,73.0,81.0,77.0,52.0,60.0,83.0,60.0
0,0.0,0.0,1.0,0.0,0.0,74.0,81.0,89.0,84.0,73.0,77.0,80.0,73.0,81.0,77.0,52.0,60.0,83.0,60.0
0,0.0,0.0,30.0,0.0,0.0,74.0,85.0,88.0,84.0,74.0,70.0,82.0,71.0,79.0,70.0,67.0,72.0,83.0,43.0
0,0.0,0.0,33.0,0.0,0.0,73.0,81.0,85.0,83.0,66.0,79.0,86.0,69.0,82.0,79.0,49.0,58.0,85.0,55.0
0,0.0,0.0,15.0,0.0,0.0,73.0,85.0,87.0,81.0,83.0,64.0,85.0,80.0,83.0,64.0,63.0,67.0,82.0,43.0
0,0.0,0.0,19.0,0.0,0.0,73.0,87.0,88.0,89.0,72.0,81.0,82.0,69.0,82.0,81.0,50.0,57.0,85.0,50.0
0,0.0,0.0,0.0,0.0,0.0,73.0,84.0,89.0,74.0,78.0,62.0,76.0,81.0,82.0,62.0,66.0,72.0,69.0,42.0
0,0.0,0.0,27.0,0.0,0.0,73.0,78.0,85.0,81.0,77.0,83.0,84.0,74.0,80.0,83.0,49.0,60.0,78.0,60.0
0,0.0,0.0,48.0,0.0,0.0,73.0,85.0,85.0,73.0,82.0,78.0,86.0,70.0,80.0,78.0,51.0,61.0,89.0,52.0
0,0.0,0.0,0.0,0.0,0.0,73.0,85.0,89.0,75.0,71.0,77.0,83.0,83.0,88.0,77.0,49.0,54.0,82.0,55.0
0,0.0,0.0,0.0,0.0,0.0,73.0,77.0,84.0,74.0,76.0,72.0,79.0,76.0,81.0,72.0,54.0,68.0,80.0,55.0
0,0.0,0.0,0.0,0.0,0.0,73.0,83.0,87.0,86.0,77.0,66.0,76.0,68.0,80.0,66.0,55.0,63.0,77.0,34.0
0,0.0,0.0,2.0,0.0,0.0,73.0,83.0,87.0,86.0,77.0,66.0,76.0,68.0,80.0,66.0,55.0,63.0,77.0,34.0
0,0.0,0.0,2.0,0.0,0.0,73.0,77.0,85.0,84.0,80.0,73.0,83.0,74.0,78.0,73.0,50.0,60.0,78.0,22.0
0,0.0,0.0,24.0,0.0,0.0,73.0,84.0,88.0,82.0,71.0,61.0,81.0,76.0,80.0,61.0,54.0,62.0,83.0,37.0
0,0.0,0.0,3.0,0.0,0.0,73.0,79.0,87.0,77.0,83.0,62.0,79.0,80.0,83.0,62.0,47.0,58.0,80.0,21.0
0,0.0,0.0,31.0,0.0,0.0,73.0,81.0,87.0,77.0,74.0,75.0,81.0,75.0,82.0,75.0,49.0,55.0,83.0,55.0
0,0.0,0.0,16.0,0.0,0.0,73.0,82.0,87.0,84.0,75.0,65.0,83.0,67.0,76.0,65.0,65.0,74.0,80.0,44.0
0,0.0,0.0,30.0,0.0,0.0,73.0,81.0,85.0,74.0,71.0,75.0,83.0,72.0,79.0,75.0,49.0,60.0,79.0,38.0
0,0.0,0.0,15.0,0.0,0.0,73.0,85.0,87.0,81.0,73.0,69.0,78.0,72.0,80.0,69.0,57.0,62.0,75.0,45.0
0,0.0,0.0,0.0,0.0,0.0,73.0,77.0,84.0,76.0,75.0,77.0,85.0,80.0,85.0,77.0,56.0,66.0,81.0,50.0
0,0.0,0.0,14.0,0.0,0.0,73.0,84.0,89.0,83.0,76.0,72.0,84.0,67.0,77.0,72.0,65.0,75.0,81.0,62.0
0,0.0,0.0,10.0,0.0,0.0,72.0,86.0,88.0,82.0,75.0,67.0,84.0,66.0,78.0,67.0,65.0,72.0,84.0,55.0
0,0.0,0.0,15.0,0.0,0.0,72.0,87.0,88.0,87.0,80.0,73.0,82.0,67.0,77.0,73.0,49.0,61.0,73.0,40.0
0,0.0,0.0,4.0,0.0,0.0,72.0,85.0,89.0,78.0,84.0,59.0,76.0,80.0,77.0,59.0,60.0,66.0,83.0,51.0
0,0.0,0.0,21.0,0.0,0.0,72.0,84.0,89.0,82.0,75.0,65.0,79.0,68.0,78.0,65.0,49.0,58.0,78.0,33.0
0,0.0,0.0,44.0,0.0,0.0,72.0,87.0,89.0,82.0,72.0,68.0,82.0,66.0,77.0,68.0,50.0,63.0,88.0,56.0
0,0.0,0.0,0.0,0.0,0.0,72.0,82.0,85.0,82.0,74.0,63.0,84.0,78.0,84.0,63.0,64.0,71.0,79.0,43.0
0,0.0,0.0,5.0,0.0,0.0,72.0,84.0,88.0,83.0,69.0,63.0,77.0,73.0,82.0,63.0,51.0,61.0,79.0,35.0
0,0.0,0.0,0.0,0.0,0.0,72.0,84.0,88.0,83.0,73.0,77.0,82.0,76.0,83.0,77.0,49.0,60.0,74.0,55.0
0,0.0,0.0,16.0,0.0,0.0,72.0,81.0,86.0,76.0,82.0,74.0,75.0,70.0,78.0,74.0,65.0,76.0,75.0,43.0
0,0.0,0.0,30.0,0.0,0.0,72.0,88.0,90.0,84.0,74.0,57.0,79.0,72.0,81.0,57.0,64.0,69.0,79.0,47.0
0,0.0,0.0,20.0,0.0,0.0,72.0,83.0,88.0,81.0,84.0,67.0,85.0,77.0,82.0,67.0,49.0,59.0,83.0,49.0
0,0.0,0.0,0.0,0.0,0.0,72.0,82.0,89.0,80.0,74.0,65.0,82.0,76.0,79.0,65.0,55.0,63.0,78.0,41.0
0,0.0,0.0,12.0,0.0,0.0,72.0,82.0,89.0,73.0,79.0,60.0,81.0,71.0,76.0,60.0,59.0,72.0,72.0,20.0
0,0.0,0.0,0.0,0.0,0.0,72.0,83.0,89.0,76.0,74.0,72.0,81.0,73.0,79.0,72.0,50.0,59.0,78.0,50.0
0,0.0,0.0,6.0,0.0,0.0,72.0,81.0,84.0,77.0,82.0,65.0,83.0,68.0,76.0,65.0,63.0,71.0,87.0,44.0
0,0.0,0.0,4.0,0.0,0.0,72.0,91.0,91.0,84.0,75.0,51.0,76.0,71.0,85.0,51.0,53.0,61.0,80.0,53.0
0,0.0,0.0,0.0,0.0,0.0,71.0,83.0,87.0,78.0,72.0,78.0,88.0,68.0,78.0,78.0,51.0,62.0,74.0,45.0
0,0.0,0.0,27.0,0.0,0.0,71.0,83.0,86.0,78.0,71.0,72.0,82.0,71.0,79.0,72.0,50.0,62.0,79.0,57.0
0,0.0,0.0,0.0,0.0,0.0,71.0,84.0,89.0,79.0,78.0,63.0,83.0,73.0,79.0,63.0,57.0,59.0,77.0,45.0
0,0.0,0.0,0.0,0.0,0.0,71.0,80.0,88.0,78.0,79.0,65.0,72.0,79.0,83.0,65.0,48.0,60.0,76.0,24.0
0,0.0,0.0,0.0,0.0,0.0,71.0,80.0,85.0,75.0,81.0,64.0,76.0,71.0,78.0,64.0,65.0,75.0,80.0,22.0
0,0.0,0.0,0.0,0.0,0.0,71.0,87.0,86.0,87.0,76.0,74.0,79.0,69.0,79.0,74.0,53.0,58.0,72.0,54.0
0,0.0,0.0,0.0,0.0,0.0,71.0,78.0,84.0,72.0,77.0,77.0,87.0,67.0,76.0,77.0,61.0,73.0,70.0,50.0
0,0.0,0.0,5.0,0.0,0.0,71.0,83.0,87.0,79.0,77.0,62.0,79.0,76.0,76.0,62.0,65.0,66.0,77.0,38.0
0,0.0,0.0,0.0,0.0,0.0,71.0,83.0,90.0,81.0,75.0,66.0,80.0,75.0,84.0,66.0,66.0,74.0,66.0,59.0
0,0.0,0.0,0.0,0.0,0.0,71.0,81.0,89.0,76.0,70.0,65.0,74.0,72.0,74.0,65.0,55.0,69.0,81.0,60.0
0,0.0,0.0,37.0,0.0,0.0,71.0,83.0,88.0,74.0,67.0,82.0,78.0,70.0,77.0,82.0,50.0,62.0,73.0,52.0
0,0.0,0.0,19.0,0.0,0.0,71.0,86.0,88.0,83.0,74.0,70.0,87.0,68.0,76.0,70.0,50.0,54.0,82.0,42.0
0,0.0,0.0,0.0,0.0,0.0,71.0,81.0,86.0,79.0,75.0,70.0,75.0,68.0,76.0,70.0,53.0,58.0,74.0,50.0
0,0.0,0.0,80.0,4.0,4.0,71.0,84.0,89.0,85.0,74.0,62.0,80.0,74.0,83.0,62.0,69.0,75.0,80.0,54.0
0,0.0,0.0,11.0,0.0,0.0,71.0,84.0,89.0,84.0,65.0,64.0,73.0,68.0,79.0,64.0,56.0,63.0,65.0,55.0
0,0.0,0.0,0.0,0.0,0.0,70.0,86.0,87.0,84.0,74.0,72.0,83.0,71.0,80.0,72.0,49.0,59.0,82.0,53.0
0,0.0,0.0,37.0,0.0,0.0,70.0,88.0,88.0,84.0,73.0,59.0,80.0,70.0,83.0,59.0,64.0,62.0,75.0,46.0
0,0.0,0.0,0.0,0.0,0.0,70.0,86.0,88.0,78.0,74.0,63.0,75.0,68.0,75.0,63.0,66.0,72.0,76.0,52.0
0,0.0,0.0,3.0,0.0,0.0,70.0,87.0,89.0,79.0,80.0,52.0,79.0,75.0,83.0,52.0,54.0,60.0,82.0,46.0
0,0.0,0.0,18.0,0.0,0.0,70.0,84.0,88.0,75.0,75.0,58.0,84.0,74.0,84.0,58.0,68.0,76.0,77.0,57.0
0,0.0,0.0,10.0,0.0,0.0,70.0,85.0,87.0,71.0,70.0,68.0,75.0,77.0,83.0,68.0,54.0,50.0,79.0,44.0
0,0.0,0.0,13.0,0.0,0.0,70.0,78.0,84.0,83.0,78.0,75.0,82.0,72.0,78.0,75.0,50.0,61.0,89.0,46.0
0,0.0,0.0,0.0,0.0,0.0,70.0,84.0,88.0,79.0,82.0,64.0,84.0,76.0,80.0,64.0,49.0,58.0,78.0,36.0
0,0.0,0.0,3.0,0.0,0.0,70.0,84.0,88.0,79.0,82.0,64.0,84.0,76.0,80.0,64.0,49.0,58.0,78.0,36.0
0,0.0,0.0,0.0,0.0,0.0,70.0,77.0,85.0,72.0,83.0,58.0,78.0,65.0,82.0,58.0,57.0,67.0,79.0,45.0
0,0.0,0.0,5.0,0.0,0.0,70.0,78.0,85.0,84.0,79.0,60.0,79.0,67.0,79.0,60.0,47.0,58.0,80.0,22.0
0,0.0,0.0,0.0,0.0,0.0,70.0,83.0,89.0,76.0,69.0,67.0,75.0,72.0,78.0,67.0,67.0,76.0,78.0,45.0
0,0.0,0.0,13.0,0.0,0.0,70.0,82.0,87.0,75.0,73.0,75.0,80.0,71.0,77.0,75.0,49.0,61.0,62.0,40.0
0,0.0,0.0,18.0,0.0,0.0,70.0,86.0,88.0,82.0,70.0,67.0,75.0,71.0,79.0,67.0,63.0,71.0,83.0,62.0
0,0.0,0.0,24.0,0.0,0.0,70.0,89.0,91.0,89.0,72.0,56.0,78.0,73.0,79.0,56.0,74.0,67.0,81.0,65.0
0,0.0,0.0,8.0,0.0,0.0,70.0,85.0,88.0,82.0,76.0,68.0,79.0,71.0,77.0,68.0,54.0,64.0,79.0,54.0
0,0.0,0.0,0.0,0.0,0.0,70.0,83.0,90.0,74.0,74.0,72.0,80.0,72.0,79.0,72.0,63.0,71.0,87.0,47.0
0,0.0,0.0,85.0,6.0,10.0,70.0,83.0,90.0,74.0,74.0,72.0,80.0,72.0,79.0,72.0,63.0,71.0,87.0,47.0
0,0.0,0.0,0.0,0.0,0.0,70.0,83.0,90.0,74.0,74.0,72.0,80.0,72.0,79.0,72.0,63.0,71.0,87.0,47.0
0,0.0,0.0,6.0,0.0,0.0,70.0,78.0,87.0,81.0,77.0,73.0,84.0,74.0,79.0,73.0,48.0,59.0,87.0,44.0
0,0.0,0.0,18.0,0.0,0.0,70.0,81.0,87.0,74.0,75.0,75.0,85.0,72.0,80.0,75.0,52.0,58.0,73.0,39.0
0,0.0,0.0,0.0,0.0,0.0,70.0,79.0,87.0,75.0,85.0,71.0,76.0,71.0,81.0,71.0,61.0,77.0,71.0,47.0
0,0.0,0.0,9.0,0.0,0.0,70.0,82.0,88.0,76.0,78.0,67.0,77.0,75.0,79.0,67.0,48.0,59.0,69.0,55.0
0,0.0,0.0,7.0,0.0,0.0,70.0,85.0,88.0,75.0,78.0,65.0,83.0,67.0,76.0,65.0,64.0,78.0,63.0,33.0
0,0.0,0.0,0.0,0.0,0.0,70.0,81.0,88.0,76.0,77.0,60.0,78.0,68.0,81.0,60.0,43.0,51.0,82.0,29.0
0,0.0,0.0,3.0,0.0,0.0,69.0,85.0,89.0,83.0,84.0,69.0,83.0,68.0,76.0,69.0,48.0,60.0,76.0,49.0
0,0.0,0.0,0.0,0.0,0.0,69.0,85.0,89.0,83.0,84.0,69.0,83.0,68.0,76.0,69.0,48.0,60.0,76.0,49.0
0,0.0,0.0,36.0,0.0,0.0,69.0,81.0,86.0,78.0,86.0,58.0,82.0,82.0,81.0,58.0,52.0,58.0,83.0,35.0
0,0.0,0.0,0.0,0.0,0.0,69.0,86.0,86.0,85.0,78.0,68.0,79.0,67.0,78.0,68.0,49.0,59.0,77.0,55.0
0,0.0,0.0,11.0,0.0,0.0,69.0,83.0,87.0,85.0,75.0,72.0,82.0,67.0,76.0,72.0,54.0,64.0,79.0,50.0
0,0.0,0.0,0.0,0.0,0.0,69.0,84.0,89.0,81.0,63.0,61.0,81.0,70.0,78.0,61.0,48.0,60.0,83.0,52.0
0,0.0,0.0,0.0,0.0,0.0,69.0,87.0,88.0,87.0,79.0,58.0,77.0,71.0,77.0,58.0,63.0,67.0,80.0,44.0
0,0.0,0.0,0.0,0.0,0.0,69.0,82.0,85.0,82.0,79.0,51.0,82.0,74.0,81.0,51.0,62.0,67.0,78.0,45.0
0,0.0,0.0,9.0,0.0,0.0,69.0,80.0,87.0,77.0,76.0,69.0,83.0,76.0,82.0,69.0,51.0,59.0,79.0,43.0
0,0.0,0.0,31.0,0.0,0.0,69.0,83.0,91.0,83.0,67.0,58.0,80.0,68.0,78.0,58.0,66.0,74.0,87.0,55.0
0,0.0,0.0,0.0,0.0,0.0,69.0,77.0,86.0,75.0,68.0,73.0,78.0,67.0,80.0,73.0,48.0,59.0,67.0,50.0
0,0.0,0.0,0.0,0.0,0.0,69.0,73.0,82.0,75.0,75.0,74.0,78.0,72.0,88.0,74.0,53.0,72.0,81.0,40.0
0,0.0,0.0,0.0,0.0,0.0,69.0,79.0,88.0,75.0,65.0,70.0,78.0,71.0,81.0,70.0,58.0,66.0,76.0,45.0
0,0.0,0.0,2.0,0.0,0.0,69.0,79.0,84.0,78.0,74.0,58.0,83.0,74.0,79.0,58.0,58.0,66.0,84.0,54.0
0,0.0,0.0,0.0,0.0,0.0,69.0,83.0,86.0,81.0,76.0,54.0,82.0,75.0,81.0,54.0,54.0,62.0,80.0,34.0
0,0.0,0.0,0.0,0.0,0.0,69.0,86.0,86.0,80.0,78.0,74.0,79.0,70.0,77.0,74.0,54.0,65.0,75.0,49.0
0,0.0,0.0,13.0,0.0,0.0,69.0,84.0,91.0,82.0,67.0,72.0,77.0,68.0,79.0,72.0,52.0,60.0,79.0,74.0
0,0.0,0.0,7.0,0.0,1.0,69.0,87.0,91.0,83.0,67.0,65.0,78.0,67.0,80.0,65.0,61.0,67.0,76.0,57.0
0,0.0,0.0,11.0,0.0,0.0,69.0,86.0,88.0,83.0,78.0,69.0,77.0,68.0,77.0,69.0,49.0,59.0,84.0,40.0
0,0.0,0.0,0.0,0.0,0.0,68.0,83.0,87.0,79.0,65.0,74.0,82.0,67.0,76.0,74.0,48.0,58.0,76.0,57.0
0,0.0,0.0,0.0,0.0,0.0,68.0,84.0,87.0,79.0,80.0,47.0,79.0,74.0,78.0,47.0,66.0,68.0,84.0,48.0
0,0.0,0.0,0.0,0.0,0.0,68.0,81.0,88.0,71.0,82.0,63.0,76.0,66.0,78.0,63.0,60.0,67.0,75.0,24.0
0,0.0,0.0,10.0,0.0,0.0,68.0,79.0,86.0,72.0,79.0,67.0,76.0,67.0,77.0,67.0,53.0,58.0,72.0,47.0
0,0.0,0.0,0.0,0.0,0.0,68.0,81.0,88.0,76.0,74.0,66.0,84.0,67.0,79.0,66.0,66.0,70.0,77.0,56.0
0,0.0,0.0,1.0,0.0,0.0,68.0,78.0,85.0,80.0,81.0,60.0,78.0,75.0,78.0,60.0,43.0,53.0,80.0,23.0
0,0.0,0.0,35.0,0.0,1.0,68.0,85.0,90.0,82.0,80.0,55.0,77.0,72.0,79.0,55.0,56.0,64.0,77.0,43.0
0,0.0,0.0,3.0,0.0,0.0,68.0,86.0,88.0,79.0,73.0,63.0,79.0,67.0,81.0,63.0,72.0,70.0,73.0,52.0
0,0.0,0.0,0.0,0.0,0.0,68.0,76.0,83.0,74.0,81.0,65.0,80.0,68.0,76.0,65.0,47.0,55.0,82.0,21.0
0,0.0,0.0,0.0,0.0,0.0,68.0,79.0,89.0,83.0,74.0,65.0,81.0,76.0,83.0,65.0,50.0,58.0,83.0,38.0
0,0.0,0.0,26.0,0.0,0.0,68.0,87.0,88.0,81.0,74.0,71.0,82.0,68.0,77.0,71.0,54.0,61.0,77.0,42.0
0,0.0,0.0,0.0,0.0,0.0,68.0,81.0,84.0,83.0,70.0,67.0,74.0,69.0,80.0,67.0,50.0,57.0,68.0,56.0
0,0.0,0.0,2.0,0.0,0.0,68.0,85.0,89.0,80.0,76.0,56.0,83.0,76.0,82.0,56.0,52.0,60.0,81.0,43.0
0,0.0,0.0,21.0,0.0,0.0,68.0,79.0,85.0,77.0,82.0,63.0,77.0,67.0,77.0,63.0,47.0,56.0,84.0,38.0
0,0.0,0.0,0.0,0.0,0.0,68.0,80.0,87.0,87.0,76.0,59.0,78.0,73.0,76.0,59.0,65.0,69.0,72.0,58.0
0,0.0,0.0,0.0,0.0,0.0,68.0,82.0,87.0,81.0,65.0,75.0,81.0,72.0,81.0,75.0,50.0,58.0,81.0,63.0
0,0.0,0.0,4.0,0.0,0.0,68.0,79.0,88.0,81.0,77.0,60.0,78.0,70.0,78.0,60.0,39.0,48.0,76.0,24.0
0,0.0,0.0,12.0,0.0,0.0,68.0,86.0,89.0,86.0,69.0,58.0,78.0,69.0,79.0,58.0,67.0,73.0,83.0,53.0
0,0.0,0.0,17.0,0.0,1.0,68.0,83.0,87.0,83.0,70.0,66.0,77.0,68.0,77.0,66.0,72.0,66.0,82.0,49.0
0,0.0,0.0,5.0,0.0,0.0,68.0,85.0,88.0,80.0,66.0,59.0,81.0,78.0,83.0,59.0,65.0,72.0,84.0,45.0
0,0.0,0.0,0.0,0.0,0.0,68.0,78.0,84.0,77.0,76.0,72.0,79.0,75.0,76.0,72.0,63.0,66.0,84.0,49.0
0,0.0,0.0,8.0,0.0,0.0,68.0,84.0,88.0,81.0,76.0,59.0,80.0,80.0,77.0,59.0,68.0,73.0,83.0,40.0
0,0.0,0.0,8.0,0.0,0.0,68.0,82.0,89.0,82.0,69.0,57.0,80.0,72.0,76.0,57.0,67.0,67.0,86.0,48.0
0,0.0,0.0,0.0,0.0,0.0,68.0,81.0,87.0,81.0,73.0,73.0,77.0,70.0,79.0,73.0,58.0,67.0,69.0,49.0
0,0.0,0.0,5.0,0.0,0.0,68.0,84.0,87.0,84.0,76.0,65.0,81.0,66.0,72.0,65.0,60.0,71.0,69.0,40.0
0,0.0,0.0,12.0,0.0,0.0,68.0,82.0,87.0,79.0,83.0,53.0,79.0,72.0,80.0,53.0,42.0,53.0,75.0,24.0
0,0.0,0.0,0.0,0.0,0.0,67.0,81.0,86.0,80.0,82.0,54.0,76.0,74.0,76.0,54.0,50.0,62.0,78.0,10.0
0,0.0,0.0,1.0,0.0,0.0,67.0,82.0,87.0,80.0,74.0,60.0,69.0,70.0,76.0,60.0,45.0,64.0,74.0,45.0
0,0.0,0.0,0.0,0.0,0.0,67.0,83.0,87.0,79.0,67.0,67.0,77.0,68.0,77.0,67.0,62.0,74.0,83.0,55.0
0,0.0,0.0,0.0,0.0,0.0,67.0,82.0,88.0,82.0,83.0,51.0,76.0,76.0,83.0,51.0,40.0,51.0,74.0,31.0
0,0.0,0.0,9.0,0.0,0.0,67.0,88.0,90.0,84.0,75.0,65.0,78.0,67.0,77.0,65.0,50.0,55.0,74.0,44.0
0,0.0,0.0,9.0,0.0,0.0,67.0,79.0,86.0,84.0,78.0,64.0,83.0,69.0,78.0,64.0,51.0,63.0,78.0,55.0
0,0.0,0.0,11.0,0.0,0.0,67.0,86.0,89.0,85.0,84.0,52.0,76.0,70.0,77.0,52.0,57.0,55.0,81.0,29.0
0,0.0,0.0,3.0,0.0,0.0,67.0,84.0,88.0,75.0,76.0,65.0,84.0,74.0,79.0,65.0,60.0,55.0,75.0,61.0
0,0.0,0.0,3.0,0.0,0.0,67.0,86.0,89.0,78.0,70.0,54.0,77.0,73.0,78.0,54.0,49.0,58.0,76.0,33.0
0,0.0,0.0,0.0,0.0,0.0,67.0,83.0,88.0,82.0,75.0,52.0,73.0,70.0,76.0,52.0,55.0,67.0,71.0,55.0
0,0.0,0.0,0.0,0.0,0.0,67.0,87.0,86.0,81.0,63.0,55.0,79.0,65.0,79.0,55.0,72.0,76.0,86.0,64.0
0,0.0,0.0,7.0,0.0,0.0,67.0,88.0,88.0,79.0,81.0,52.0,79.0,71.0,77.0,52.0,62.0,58.0,83.0,43.0
0,0.0,0.0,32.0,0.0,0.0,67.0,78.0,88.0,84.0,69.0,58.0,82.0,75.0,80.0,58.0,66.0,73.0,85.0,45.0
0,0.0,0.0,1.0,0.0,0.0,67.0,84.0,89.0,81.0,80.0,53.0,79.0,74.0,75.0,53.0,52.0,58.0,77.0,30.0
0,0.0,0.0,9.0,0.0,0.0,67.0,81.0,89.0,74.0,79.0,67.0,80.0,70.0,79.0,67.0,53.0,63.0,77.0,20.0
0,0.0,0.0,0.0,0.0,0.0,67.0,83.0,89.0,76.0,76.0,57.0,77.0,66.0,73.0,57.0,52.0,59.0,78.0,36.0
0,0.0,0.0,0.0,0.0,0.0,67.0,83.0,88.0,83.0,74.0,52.0,75.0,67.0,75.0,52.0,54.0,63.0,76.0,41.0
0,0.0,0.0,22.0,0.0,0.0,67.0,86.0,88.0,83.0,81.0,50.0,75.0,71.0,78.0,50.0,53.0,61.0,78.0,20.0
0,0.0,0.0,1.0,0.0,0.0,67.0,86.0,88.0,83.0,81.0,50.0,75.0,71.0,78.0,50.0,53.0,61.0,78.0,20.0
0,0.0,0.0,0.0,0.0,0.0,67.0,84.0,88.0,82.0,69.0,73.0,79.0,69.0,78.0,73.0,50.0,60.0,84.0,48.0
0,0.0,0.0,5.0,0.0,0.0,67.0,85.0,87.0,91.0,73.0,55.0,82.0,69.0,80.0,55.0,66.0,70.0,85.0,46.0
0,0.0,0.0,0.0,0.0,0.0,67.0,82.0,88.0,82.0,77.0,58.0,78.0,68.0,77.0,58.0,69.0,74.0,73.0,55.0
0,0.0,0.0,0.0,0.0,0.0,67.0,82.0,87.0,83.0,79.0,55.0,83.0,73.0,80.0,55.0,54.0,60.0,86.0,34.0
0,0.0,0.0,0.0,0.0,0.0,67.0,85.0,90.0,76.0,82.0,63.0,78.0,68.0,78.0,63.0,62.0,69.0,86.0,54.0
0,0.0,0.0,0.0,0.0,0.0,67.0,85.0,87.0,84.0,75.0,66.0,84.0,67.0,76.0,66.0,49.0,58.0,79.0,55.0
0,0.0,0.0,0.0,0.0,0.0,67.0,85.0,87.0,84.0,75.0,66.0,84.0,67.0,76.0,66.0,49.0,58.0,79.0,55.0
0,0.0,0.0,8.0,0.0,0.0,67.0,85.0,87.0,84.0,75.0,66.0,84.0,67.0,76.0,66.0,49.0,58.0,79.0,55.0
0,0.0,0.0,0.0,0.0,0.0,67.0,82.0,89.0,83.0,78.0,56.0,84.0,68.0,74.0,56.0,50.0,61.0,76.0,48.0
0,0.0,0.0,4.0,0.0,0.0,67.0,78.0,85.0,79.0,75.0,58.0,85.0,78.0,77.0,58.0,61.0,70.0,81.0,55.0
0,0.0,0.0,1.0,0.0,0.0,67.0,83.0,88.0,81.0,83.0,52.0,78.0,76.0,78.0,52.0,41.0,51.0,77.0,27.0
0,0.0,0.0,0.0,0.0,0.0,67.0,77.0,84.0,82.0,73.0,55.0,79.0,69.0,76.0,55.0,59.0,70.0,76.0,41.0
0,0.0,0.0,0.0,0.0,0.0,67.0,75.0,80.0,75.0,69.0,68.0,78.0,66.0,77.0,68.0,55.0,66.0,74.0,44.0
0,0.0,0.0,0.0,0.0,0.0,67.0,82.0,88.0,83.0,75.0,58.0,78.0,69.0,74.0,58.0,66.0,72.0,72.0,56.0
0,0.0,0.0,4.0,0.0,0.0,67.0,82.0,87.0,82.0,74.0,67.0,75.0,70.0,78.0,67.0,45.0,57.0,66.0,55.0
0,0.0,0.0,0.0,0.0,0.0,67.0,81.0,88.0,80.0,80.0,51.0,79.0,71.0,78.0,51.0,60.0,68.0,83.0,43.0
0,0.0,0.0,0.0,0.0,0.0,67.0,83.0,87.0,86.0,78.0,56.0,72.0,71.0,78.0,56.0,41.0,52.0,68.0,33.0
0,0.0,0.0,0.0,0.0,0.0,66.0,81.0,85.0,76.0,68.0,66.0,78.0,68.0,77.0,66.0,51.0,62.0,86.0,55.0
0,0.0,0.0,7.0,0.0,0.0,66.0,84.0,88.0,80.0,73.0,59.0,84.0,71.0,75.0,59.0,54.0,65.0,87.0,38.0
0,0.0,0.0,0.0,0.0,0.0,66.0,82.0,85.0,78.0,79.0,68.0,82.0,70.0,78.0,68.0,56.0,52.0,74.0,58.0
0,0.0,0.0,0.0,0.0,0.0,66.0,82.0,85.0,83.0,77.0,56.0,75.0,73.0,77.0,56.0,43.0,52.0,77.0,36.0
0,0.0,0.0,0.0,0.0,0.0,66.0,86.0,90.0,90.0,68.0,54.0,81.0,64.0,80.0,54.0,58.0,67.0,85.0,63.0
0,0.0,0.0,0.0,0.0,0.0,66.0,81.0,88.0,80.0,78.0,52.0,81.0,70.0,77.0,52.0,50.0,60.0,76.0,37.0
0,0.0,0.0,0.0,0.0,0.0,66.0,81.0,82.0,80.0,78.0,60.0,79.0,72.0,82.0,60.0,63.0,69.0,88.0,31.0
0,0.0,0.0,0.0,0.0,0.0,66.0,83.0,85.0,77.0,75.0,56.0,79.0,74.0,82.0,56.0,66.0,72.0,87.0,54.0
0,0.0,0.0,2.0,0.0,0.0,66.0,86.0,90.0,85.0,74.0,51.0,81.0,68.0,79.0,51.0,58.0,64.0,72.0,49.0
0,0.0,0.0,0.0,0.0,0.0,66.0,86.0,90.0,85.0,74.0,51.0,81.0,68.0,79.0,51.0,58.0,64.0,72.0,49.0
0,0.0,0.0,0.0,0.0,0.0,66.0,79.0,85.0,75.0,81.0,59.0,76.0,69.0,75.0,59.0,58.0,68.0,72.0,41.0
0,0.0,0.0,37.0,0.0,0.0,66.0,90.0,89.0,85.0,67.0,55.0,77.0,54.0,78.0,55.0,64.0,72.0,86.0,63.0
0,0.0,0.0,0.0,0.0,0.0,66.0,80.0,85.0,78.0,79.0,61.0,77.0,72.0,74.0,61.0,46.0,54.0,70.0,32.0
0,0.0,0.0,0.0,0.0,0.0,66.0,80.0,87.0,79.0,80.0,51.0,73.0,71.0,77.0,51.0,42.0,51.0,77.0,33.0
0,0.0,0.0,0.0,0.0,0.0,65.0,85.0,89.0,81.0,77.0,52.0,73.0,72.0,79.0,52.0,62.0,59.0,76.0,46.0
0,0.0,0.0,0.0,0.0,0.0,65.0,84.0,83.0,84.0,72.0,61.0,77.0,76.0,81.0,61.0,54.0,60.0,72.0,52.0
0,0.0,0.0,0.0,0.0,0.0,65.0,81.0,88.0,81.0,80.0,52.0,78.0,78.0,81.0,52.0,58.0,62.0,79.0,38.0
0,0.0,0.0,0.0,0.0,0.0,65.0,88.0,88.0,75.0,76.0,58.0,78.0,73.0,77.0,58.0,59.0,68.0,81.0,41.0
0,0.0,0.0,97.0,2.0,5.0,65.0,80.0,88.0,81.0,71.0,57.0,86.0,70.0,78.0,57.0,52.0,59.0,83.0,43.0
0,0.0,0.0,0.0,0.0,0.0,65.0,77.0,87.0,76.0,74.0,52.0,76.0,67.0,78.0,52.0,54.0,63.0,79.0,34.0
0,0.0,0.0,0.0,0.0,0.0,65.0,81.0,86.0,80.0,72.0,53.0,79.0,71.0,77.0,53.0,61.0,65.0,76.0,50.0
0,0.0,0.0,0.0,0.0,0.0,65.0,78.0,87.0,84.0,78.0,57.0,79.0,73.0,76.0,57.0,62.0,70.0,80.0,49.0
0,0.0,0.0,0.0,0.0,0.0,65.0,86.0,87.0,84.0,79.0,67.0,78.0,66.0,77.0,67.0,49.0,58.0,72.0,55.0
0,0.0,0.0,6.0,0.0,0.0,65.0,78.0,84.0,80.0,76.0,58.0,82.0,70.0,81.0,58.0,57.0,66.0,76.0,52.0
0,0.0,0.0,0.0,0.0,0.0,65.0,85.0,86.0,83.0,73.0,58.0,78.0,69.0,75.0,58.0,50.0,60.0,83.0,58.0
0,0.0,0.0,0.0,0.0,0.0,65.0,85.0,89.0,80.0,77.0,69.0,79.0,66.0,75.0,69.0,49.0,56.0,78.0,43.0
0,0.0,0.0,13.0,0.0,0.0,65.0,86.0,85.0,83.0,77.0,56.0,76.0,69.0,76.0,56.0,42.0,53.0,78.0,31.0
0,0.0,0.0,3.0,0.0,0.0,65.0,85.0,88.0,79.0,72.0,45.0,76.0,65.0,85.0,45.0,68.0,74.0,73.0,60.0
0,0.0,0.0,0.0,0.0,0.0,64.0,87.0,89.0,81.0,82.0,56.0,78.0,66.0,78.0,56.0,50.0,63.0,75.0,53.0
0,0.0,0.0,0.0,0.0,0.0,64.0,82.0,85.0,82.0,68.0,56.0,82.0,72.0,75.0,56.0,58.0,68.0,82.0,53.0
0,0.0,0.0,0.0,0.0,0.0,64.0,77.0,84.0,78.0,73.0,52.0,83.0,75.0,80.0,52.0,55.0,64.0,84.0,38.0
0,0.0,0.0,14.0,0.0,0.0,64.0,85.0,88.0,81.0,80.0,53.0,81.0,70.0,78.0,53.0,56.0,62.0,86.0,49.0
0,0.0,0.0,0.0,0.0,0.0,64.0,81.0,87.0,78.0,75.0,52.0,82.0,74.0,78.0,52.0,63.0,69.0,77.0,44.0
0,0.0,0.0,0.0,0.0,0.0,64.0,77.0,83.0,75.0,79.0,59.0,79.0,73.0,79.0,59.0,15.0,38.0,80.0,25.0
0,0.0,0.0,4.0,0.0,0.0,64.0,81.0,86.0,85.0,69.0,63.0,79.0,68.0,76.0,63.0,55.0,64.0,82.0,64.0
0,0.0,0.0,0.0,0.0,0.0,64.0,87.0,89.0,81.0,72.0,52.0,76.0,68.0,78.0,52.0,50.0,63.0,77.0,38.0
0,0.0,0.0,0.0,0.0,0.0,64.0,87.0,88.0,76.0,73.0,52.0,78.0,64.0,84.0,52.0,50.0,55.0,74.0,40.0
0,0.0,0.0,41.0,0.0,0.0,64.0,84.0,89.0,73.0,72.0,55.0,82.0,73.0,80.0,55.0,52.0,64.0,84.0,46.0
0,0.0,0.0,6.0,0.0,0.0,64.0,84.0,89.0,73.0,72.0,55.0,82.0,73.0,80.0,55.0,52.0,64.0,84.0,46.0
0,0.0,0.0,0.0,0.0,0.0,64.0,80.0,87.0,78.0,78.0,57.0,78.0,69.0,78.0,57.0,59.0,67.0,82.0,42.0
0,0.0,0.0,0.0,0.0,0.0,63.0,86.0,90.0,89.0,72.0,62.0,77.0,69.0,73.0,62.0,53.0,58.0,68.0,46.0
0,0.0,0.0,0.0,0.0,0.0,63.0,84.0,87.0,82.0,77.0,46.0,78.0,68.0,79.0,46.0,36.0,44.0,77.0,27.0
0,0.0,0.0,0.0,0.0,0.0,63.0,83.0,83.0,72.0,73.0,66.0,85.0,64.0,73.0,66.0,52.0,67.0,68.0,33.0
0,0.0,0.0,0.0,0.0,0.0,63.0,86.0,89.0,76.0,68.0,54.0,77.0,68.0,76.0,54.0,51.0,58.0,84.0,47.0
0,0.0,0.0,0.0,0.0,0.0,63.0,79.0,85.0,76.0,78.0,62.0,82.0,66.0,75.0,62.0,49.0,56.0,84.0,52.0
0,0.0,0.0,2.0,0.0,0.0,63.0,87.0,86.0,81.0,71.0,51.0,71.0,64.0,80.0,51.0,65.0,70.0,76.0,64.0
0,0.0,0.0,0.0,0.0,0.0,63.0,76.0,83.0,79.0,80.0,51.0,72.0,67.0,74.0,51.0,40.0,50.0,83.0,30.0
0,0.0,0.0,0.0,0.0,0.0,63.0,78.0,81.0,74.0,77.0,55.0,77.0,74.0,73.0,55.0,45.0,53.0,80.0,27.0
0,0.0,0.0,0.0,0.0,0.0,63.0,87.0,88.0,84.0,68.0,55.0,77.0,71.0,79.0,55.0,55.0,65.0,84.0,52.0
0,0.0,0.0,0.0,0.0,0.0,63.0,80.0,87.0,73.0,79.0,47.0,78.0,70.0,76.0,47.0,51.0,58.0,76.0,35.0
0,0.0,0.0,0.0,0.0,0.0,63.0,84.0,88.0,76.0,70.0,52.0,76.0,68.0,77.0,52.0,52.0,61.0,79.0,27.0
0,0.0,0.0,1.0,0.0,0.0,62.0,79.0,86.0,75.0,72.0,59.0,79.0,70.0,79.0,59.0,51.0,58.0,80.0,41.0
0,0.0,0.0,0.0,0.0,0.0,62.0,85.0,87.0,72.0,83.0,46.0,75.0,68.0,76.0,46.0,50.0,60.0,76.0,34.0
0,0.0,0.0,3.0,0.0,0.0,62.0,87.0,89.0,80.0,66.0,58.0,78.0,69.0,77.0,58.0,60.0,65.0,79.0,56.0
0,0.0,0.0,0.0,0.0,0.0,61.0,79.0,82.0,70.0,70.0,50.0,78.0,67.0,79.0,50.0,52.0,60.0,73.0,38.0
0,0.0,0.0,0.0,0.0,0.0,61.0,79.0,80.0,75.0,70.0,51.0,78.0,68.0,78.0,51.0,48.0,56.0,77.0,38.0
0,0.0,0.0,0.0,0.0,0.0,61.0,81.0,81.0,81.0,79.0,52.0,76.0,67.0,76.0,52.0,47.0,56.0,75.0,35.0
0,0.0,0.0,1.0,0.0,0.0,61.0,80.0,88.0,83.0,72.0,48.0,80.0,71.0,78.0,48.0,54.0,63.0,78.0,47.0
0,0.0,0.0,0.0,0.0,0.0,61.0,79.0,85.0,84.0,73.0,50.0,82.0,69.0,76.0,50.0,53.0,62.0,78.0,35.0
0,0.0,0.0,0.0,0.0,0.0,61.0,72.0,83.0,73.0,71.0,53.0,74.0,73.0,77.0,53.0,51.0,58.0,81.0,20.0
0,0.0,0.0,0.0,0.0,0.0,61.0,84.0,87.0,75.0,69.0,50.0,75.0,69.0,75.0,50.0,50.0,57.0,81.0,30.0
0,0.0,0.0,0.0,0.0,0.0,61.0,77.0,88.0,82.0,72.0,52.0,76.0,69.0,76.0,52.0,36.0,44.0,73.0,22.0
0,0.0,0.0,0.0,0.0,0.0,60.0,86.0,87.0,80.0,73.0,51.0,77.0,68.0,78.0,51.0,50.0,59.0,73.0,39.0
0,0.0,0.0,0.0,0.0,0.0,60.0,84.0,91.0,84.0,66.0,50.0,75.0,67.0,74.0,50.0,51.0,60.0,76.0,31.0
0,0.0,0.0,0.0,0.0,0.0,60.0,72.0,83.0,74.0,76.0,55.0,78.0,71.0,73.0,55.0,35.0,45.0,74.0,30.0
0,0.0,0.0,0.0,0.0,0.0,59.0,81.0,84.0,74.0,66.0,48.0,84.0,69.0,79.0,48.0,55.0,60.0,80.0,41.0
0,0.0,0.0,0.0,0.0,0.0,59.0,84.0,89.0,85.0,66.0,48.0,80.0,70.0,76.0,48.0,52.0,58.0,75.0,36.0
0,0.0,0.0,0.0,0.0,0.0,59.0,83.0,87.0,82.0,72.0,55.0,74.0,68.0,74.0,55.0,57.0,61.0,78.0,45.0
0,0.0,0.0,0.0,0.0,0.0,59.0,84.0,88.0,82.0,77.0,44.0,75.0,72.0,76.0,44.0,49.0,56.0,84.0,30.0
0,0.0,0.0,0.0,0.0,0.0,58.0,77.0,87.0,79.0,65.0,51.0,79.0,67.0,75.0,51.0,54.0,59.0,85.0,40.0
0,0.0,0.0,0.0,0.0,0.0,58.0,81.0,84.0,82.0,64.0,48.0,79.0,70.0,79.0,48.0,49.0,58.0,75.0,31.0
0,0.0,0.0,102.0,3.0,9.0,99.0,87.0,89.0,88.0,89.0,99.0,94.0,93.0,95.0,99.0,50.0,59.0,88.0,48.0
0,0.0,0.0,127.0,6.0,10.0,99.0,88.0,89.0,85.0,81.0,99.0,99.0,92.0,99.0,99.0,75.0,86.0,98.0,42.0
0,0.0,0.0,91.0,5.0,7.0,98.0,86.0,89.0,83.0,83.0,99.0,96.0,89.0,97.0,99.0,72.0,83.0,94.0,54.0
0,0.0,0.0,104.0,3.0,8.0,97.0,87.0,89.0,90.0,84.0,99.0,93.0,94.0,96.0,99.0,46.0,57.0,89.0,62.0
0,0.0,0.0,62.0,0.0,3.0,92.0,87.0,90.0,87.0,84.0,95.0,86.0,89.0,95.0,97.0,51.0,59.0,86.0,35.0
0,0.0,0.0,90.0,1.0,1.0,90.0,86.0,90.0,87.0,77.0,92.0,91.0,87.0,92.0,88.0,72.0,79.0,86.0,55.0
0,0.0,0.0,42.0,0.0,1.0,90.0,90.0,91.0,88.0,73.0,90.0,89.0,69.0,89.0,88.0,77.0,85.0,84.0,51.0
0,0.0,0.0,42.0,0.0,1.0,88.0,87.0,89.0,88.0,64.0,91.0,88.0,87.0,94.0,86.0,73.0,78.0,86.0,57.0
0,0.0,0.0,21.0,0.0,0.0,87.0,85.0,89.0,88.0,75.0,91.0,93.0,75.0,88.0,93.0,66.0,76.0,89.0,49.0
0,0.0,0.0,81.0,0.0,5.0,87.0,85.0,89.0,88.0,75.0,91.0,93.0,75.0,88.0,93.0,66.0,76.0,89.0,49.0
0,0.0,0.0,63.0,0.0,4.0,87.0,80.0,86.0,79.0,86.0,95.0,85.0,80.0,87.0,91.0,45.0,55.0,87.0,20.0
0,0.0,0.0,0.0,0.0,0.0,86.0,86.0,91.0,89.0,78.0,82.0,87.0,82.0,91.0,84.0,68.0,73.0,81.0,46.0
0,0.0,0.0,37.0,0.0,1.0,85.0,87.0,91.0,86.0,73.0,87.0,83.0,76.0,90.0,85.0,73.0,81.0,93.0,52.0
0,0.0,0.0,38.0,0.0,0.0,85.0,84.0,89.0,80.0,78.0,89.0,88.0,87.0,92.0,92.0,57.0,63.0,83.0,60.0
0,0.0,0.0,101.0,1.0,2.0,85.0,86.0,89.0,81.0,85.0,86.0,84.0,80.0,88.0,90.0,66.0,71.0,86.0,40.0
0,0.0,0.0,0.0,0.0,0.0,84.0,85.0,86.0,82.0,74.0,86.0,90.0,83.0,89.0,89.0,60.0,64.0,80.0,43.0
0,0.0,0.0,53.0,1.0,2.0,84.0,82.0,87.0,81.0,76.0,91.0,86.0,80.0,87.0,93.0,66.0,71.0,83.0,53.0
0,0.0,0.0,27.0,0.0,2.0,84.0,85.0,88.0,86.0,82.0,86.0,87.0,77.0,86.0,82.0,68.0,80.0,87.0,54.0
0,0.0,0.0,0.0,0.0,0.0,84.0,79.0,86.0,84.0,85.0,92.0,79.0,65.0,86.0,84.0,37.0,43.0,87.0,43.0
0,0.0,0.0,110.0,1.0,7.0,83.0,76.0,82.0,74.0,88.0,85.0,85.0,82.0,88.0,89.0,55.0,64.0,84.0,45.0
0,0.0,0.0,42.0,0.0,0.0,83.0,87.0,90.0,88.0,74.0,86.0,83.0,71.0,83.0,83.0,74.0,82.0,83.0,53.0
0,0.0,0.0,57.0,0.0,3.0,83.0,81.0,85.0,71.0,83.0,89.0,82.0,65.0,86.0,88.0,46.0,57.0,83.0,20.0
0,0.0,0.0,65.0,0.0,2.0,83.0,82.0,87.0,79.0,84.0,89.0,91.0,74.0,83.0,87.0,53.0,62.0,90.0,68.0
0,0.0,0.0,44.0,0.0,1.0,83.0,84.0,87.0,80.0,77.0,88.0,88.0,84.0,90.0,91.0,51.0,62.0,89.0,42.0
0,0.0,0.0,49.0,0.0,0.0,83.0,81.0,89.0,80.0,78.0,88.0,85.0,78.0,84.0,85.0,54.0,64.0,85.0,30.0
0,0.0,0.0,0.0,0.0,0.0,82.0,82.0,86.0,78.0,83.0,93.0,80.0,70.0,84.0,94.0,56.0,64.0,86.0,38.0
0,0.0,0.0,77.0,2.0,4.0,82.0,79.0,86.0,81.0,83.0,86.0,85.0,73.0,85.0,84.0,46.0,50.0,80.0,33.0
0,0.0,0.0,38.0,0.0,0.0,82.0,82.0,87.0,84.0,79.0,85.0,84.0,86.0,91.0,86.0,57.0,65.0,80.0,53.0
0,0.0,0.0,90.0,4.0,7.0,82.0,83.0,88.0,84.0,77.0,85.0,79.0,79.0,86.0,87.0,57.0,62.0,85.0,43.0
0,0.0,0.0,56.0,0.0,4.0,82.0,87.0,88.0,89.0,76.0,85.0,86.0,77.0,85.0,88.0,62.0,71.0,86.0,35.0
0,0.0,0.0,78.0,3.0,3.0,81.0,89.0,91.0,88.0,80.0,77.0,84.0,74.0,86.0,77.0,69.0,79.0,87.0,56.0
0,0.0,0.0,41.0,0.0,1.0,81.0,87.0,87.0,85.0,77.0,84.0,87.0,84.0,88.0,82.0,55.0,63.0,86.0,55.0
0,0.0,0.0,0.0,0.0,0.0,81.0,81.0,87.0,79.0,86.0,83.0,82.0,61.0,79.0,78.0,64.0,70.0,80.0,22.0
0,0.0,0.0,38.0,0.0,0.0,81.0,87.0,88.0,85.0,76.0,78.0,85.0,80.0,87.0,79.0,61.0,72.0,78.0,52.0
0,0.0,0.0,64.0,0.0,1.0,81.0,80.0,84.0,79.0,69.0,87.0,88.0,78.0,85.0,85.0,67.0,76.0,87.0,60.0
0,0.0,0.0,47.0,0.0,0.0,80.0,80.0,86.0,80.0,68.0,90.0,91.0,68.0,85.0,85.0,66.0,77.0,82.0,40.0
0,0.0,0.0,35.0,0.0,2.0,80.0,84.0,87.0,78.0,91.0,77.0,82.0,85.0,86.0,78.0,42.0,47.0,87.0,28.0
0,0.0,0.0,53.0,0.0,0.0,80.0,84.0,89.0,86.0,79.0,81.0,86.0,60.0,82.0,79.0,70.0,78.0,81.0,59.0
0,0.0,0.0,55.0,0.0,0.0,80.0,82.0,89.0,81.0,81.0,83.0,80.0,70.0,82.0,80.0,54.0,61.0,80.0,42.0
0,0.0,0.0,36.0,0.0,0.0,80.0,87.0,90.0,82.0,83.0,79.0,81.0,74.0,82.0,76.0,48.0,61.0,84.0,36.0
0,0.0,0.0,37.0,0.0,1.0,79.0,83.0,87.0,80.0,76.0,87.0,80.0,77.0,86.0,90.0,65.0,73.0,79.0,52.0
0,0.0,0.0,0.0,0.0,0.0,79.0,82.0,83.0,85.0,72.0,88.0,88.0,71.0,86.0,85.0,62.0,69.0,91.0,55.0
0,0.0,0.0,51.0,1.0,0.0,79.0,85.0,87.0,86.0,73.0,85.0,89.0,63.0,82.0,81.0,62.0,70.0,79.0,44.0
0,0.0,0.0,29.0,0.0,0.0,79.0,77.0,81.0,76.0,92.0,76.0,83.0,73.0,81.0,75.0,58.0,68.0,84.0,20.0
0,0.0,0.0,0.0,0.0,0.0,79.0,83.0,88.0,80.0,66.0,83.0,90.0,85.0,89.0,88.0,46.0,56.0,83.0,50.0
0,0.0,0.0,74.0,1.0,3.0,78.0,78.0,84.0,82.0,85.0,89.0,81.0,72.0,81.0,85.0,39.0,51.0,88.0,24.0
0,0.0,0.0,24.0,0.0,0.0,78.0,84.0,88.0,83.0,72.0,76.0,81.0,75.0,81.0,73.0,47.0,57.0,83.0,37.0
0,0.0,0.0,44.0,0.0,0.0,78.0,86.0,87.0,82.0,75.0,81.0,80.0,67.0,82.0,79.0,71.0,75.0,83.0,54.0
0,0.0,0.0,43.0,0.0,1.0,78.0,87.0,90.0,84.0,79.0,88.0,80.0,66.0,84.0,87.0,65.0,72.0,86.0,57.0
0,0.0,0.0,14.0,0.0,0.0,78.0,85.0,88.0,84.0,76.0,80.0,86.0,78.0,85.0,79.0,59.0,72.0,82.0,48.0
0,0.0,0.0,41.0,0.0,0.0,78.0,85.0,86.0,86.0,74.0,80.0,87.0,80.0,88.0,82.0,48.0,55.0,83.0,63.0
0,0.0,0.0,0.0,0.0,0.0,78.0,82.0,88.0,84.0,84.0,81.0,81.0,81.0,83.0,80.0,44.0,54.0,90.0,45.0
0,0.0,0.0,94.0,0.0,4.0,78.0,82.0,88.0,84.0,84.0,81.0,81.0,81.0,83.0,80.0,44.0,54.0,90.0,45.0
0,0.0,0.0,77.0,1.0,6.0,78.0,82.0,88.0,84.0,84.0,81.0,81.0,81.0,83.0,80.0,44.0,54.0,90.0,45.0
0,0.0,0.0,0.0,0.0,0.0,78.0,84.0,89.0,86.0,78.0,70.0,81.0,71.0,84.0,68.0,48.0,58.0,82.0,39.0
0,0.0,0.0,64.0,1.0,1.0,78.0,85.0,90.0,82.0,76.0,86.0,81.0,71.0,83.0,89.0,60.0,71.0,85.0,55.0
0,0.0,0.0,59.0,0.0,0.0,77.0,86.0,88.0,85.0,75.0,75.0,83.0,77.0,84.0,73.0,52.0,55.0,77.0,44.0
0,0.0,0.0,53.0,1.0,1.0,77.0,83.0,87.0,75.0,77.0,79.0,79.0,79.0,85.0,77.0,63.0,69.0,82.0,45.0
0,0.0,0.0,0.0,0.0,0.0,77.0,82.0,87.0,83.0,72.0,78.0,81.0,81.0,84.0,76.0,57.0,61.0,80.0,39.0
0,0.0,0.0,37.0,0.0,0.0,77.0,82.0,87.0,78.0,78.0,79.0,84.0,81.0,83.0,80.0,41.0,48.0,84.0,68.0
0,0.0,0.0,41.0,0.0,0.0,77.0,82.0,87.0,80.0,77.0,79.0,84.0,77.0,83.0,80.0,51.0,59.0,86.0,55.0
0,0.0,0.0,0.0,0.0,0.0,77.0,82.0,89.0,82.0,73.0,84.0,82.0,71.0,80.0,85.0,59.0,69.0,71.0,60.0
0,0.0,0.0,0.0,0.0,0.0,77.0,85.0,88.0,84.0,73.0,78.0,82.0,61.0,81.0,74.0,41.0,45.0,86.0,42.0
0,0.0,0.0,40.0,0.0,0.0,77.0,77.0,87.0,81.0,75.0,84.0,86.0,76.0,84.0,87.0,52.0,63.0,80.0,45.0
0,0.0,0.0,32.0,0.0,0.0,77.0,83.0,87.0,85.0,83.0,76.0,83.0,78.0,87.0,78.0,58.0,64.0,90.0,51.0
0,0.0,0.0,20.0,0.0,0.0,76.0,81.0,87.0,83.0,78.0,75.0,85.0,78.0,86.0,76.0,64.0,71.0,79.0,37.0
0,0.0,0.0,14.0,0.0,0.0,76.0,82.0,88.0,74.0,76.0,80.0,78.0,84.0,85.0,78.0,45.0,57.0,74.0,46.0
0,0.0,0.0,0.0,0.0,0.0,76.0,77.0,85.0,84.0,78.0,78.0,85.0,82.0,85.0,82.0,49.0,57.0,78.0,51.0
0,0.0,0.0,11.0,0.0,0.0,76.0,86.0,89.0,85.0,82.0,71.0,79.0,65.0,80.0,70.0,51.0,50.0,81.0,29.0
0,0.0,0.0,37.0,0.0,0.0,76.0,89.0,89.0,85.0,73.0,75.0,83.0,75.0,84.0,76.0,62.0,65.0,75.0,46.0
0,0.0,0.0,0.0,0.0,0.0,76.0,79.0,85.0,82.0,76.0,81.0,79.0,67.0,79.0,78.0,37.0,49.0,72.0,24.0
0,0.0,0.0,0.0,0.0,0.0,76.0,79.0,83.0,75.0,79.0,75.0,80.0,79.0,83.0,78.0,62.0,66.0,92.0,45.0
0,0.0,0.0,41.0,0.0,0.0,76.0,83.0,87.0,80.0,71.0,80.0,84.0,76.0,84.0,83.0,49.0,58.0,81.0,60.0
0,0.0,0.0,1.0,0.0,0.0,76.0,82.0,85.0,75.0,73.0,83.0,86.0,75.0,86.0,86.0,55.0,63.0,88.0,62.0
0,0.0,0.0,35.0,0.0,0.0,76.0,82.0,85.0,75.0,73.0,83.0,86.0,75.0,86.0,86.0,55.0,63.0,88.0,62.0
0,0.0,0.0,36.0,0.0,0.0,76.0,83.0,89.0,85.0,77.0,82.0,82.0,80.0,83.0,83.0,59.0,63.0,78.0,48.0
0,0.0,0.0,2.0,0.0,0.0,75.0,78.0,86.0,83.0,81.0,82.0,87.0,68.0,80.0,84.0,55.0,65.0,87.0,50.0
0,0.0,0.0,34.0,0.0,0.0,75.0,78.0,86.0,83.0,81.0,82.0,87.0,68.0,80.0,84.0,55.0,65.0,87.0,50.0
0,0.0,0.0,40.0,0.0,0.0,75.0,85.0,88.0,81.0,68.0,82.0,83.0,73.0,84.0,85.0,49.0,57.0,76.0,61.0
0,0.0,0.0,20.0,0.0,0.0,75.0,78.0,87.0,77.0,79.0,85.0,78.0,78.0,85.0,83.0,28.0,35.0,74.0,26.0
0,0.0,0.0,14.0,0.0,0.0,75.0,88.0,89.0,84.0,84.0,79.0,82.0,62.0,80.0,81.0,59.0,67.0,84.0,50.0
0,0.0,0.0,29.0,0.0,0.0,75.0,76.0,84.0,81.0,85.0,71.0,82.0,78.0,81.0,72.0,54.0,63.0,83.0,42.0
0,0.0,0.0,16.0,0.0,0.0,75.0,82.0,87.0,81.0,75.0,77.0,84.0,63.0,77.0,75.0,60.0,68.0,80.0,44.0
0,0.0,0.0,42.0,0.0,2.0,75.0,88.0,91.0,86.0,76.0,73.0,75.0,66.0,84.0,68.0,33.0,43.0,76.0,17.0
0,0.0,0.0,83.0,1.0,6.0,75.0,84.0,87.0,82.0,77.0,84.0,85.0,68.0,83.0,85.0,53.0,64.0,81.0,46.0
0,0.0,0.0,30.0,0.0,0.0,75.0,84.0,87.0,82.0,77.0,84.0,85.0,68.0,83.0,85.0,53.0,64.0,81.0,46.0
0,0.0,0.0,0.0,0.0,0.0,75.0,83.0,87.0,81.0,73.0,85.0,83.0,70.0,81.0,82.0,63.0,70.0,74.0,49.0
0,0.0,0.0,8.0,0.0,0.0,75.0,86.0,89.0,85.0,84.0,74.0,81.0,76.0,83.0,73.0,64.0,71.0,89.0,52.0
0,0.0,0.0,26.0,0.0,0.0,75.0,87.0,88.0,81.0,74.0,83.0,81.0,70.0,84.0,81.0,65.0,70.0,77.0,42.0
0,0.0,0.0,57.0,0.0,2.0,74.0,87.0,87.0,87.0,75.0,70.0,82.0,81.0,87.0,72.0,55.0,63.0,84.0,37.0
0,0.0,0.0,46.0,0.0,1.0,74.0,92.0,91.0,82.0,77.0,68.0,84.0,75.0,85.0,71.0,56.0,66.0,82.0,53.0
0,0.0,0.0,44.0,0.0,2.0,74.0,88.0,89.0,85.0,79.0,79.0,83.0,70.0,83.0,77.0,57.0,58.0,83.0,45.0
0,0.0,0.0,43.0,0.0,1.0,74.0,82.0,88.0,79.0,85.0,78.0,82.0,67.0,80.0,81.0,57.0,69.0,89.0,48.0
0,0.0,0.0,15.0,0.0,0.0,74.0,86.0,89.0,81.0,83.0,72.0,83.0,77.0,83.0,73.0,60.0,63.0,82.0,43.0
0,0.0,0.0,80.0,4.0,4.0,74.0,84.0,89.0,85.0,74.0,74.0,79.0,74.0,82.0,71.0,66.0,72.0,80.0,54.0
0,0.0,0.0,33.0,0.0,0.0,74.0,83.0,89.0,77.0,75.0,76.0,86.0,69.0,81.0,79.0,51.0,63.0,77.0,50.0
0,0.0,0.0,42.0,0.0,0.0,74.0,86.0,88.0,84.0,72.0,78.0,80.0,75.0,84.0,80.0,47.0,55.0,84.0,40.0
0,0.0,0.0,36.0,0.0,0.0,74.0,81.0,86.0,80.0,86.0,69.0,84.0,79.0,83.0,73.0,57.0,64.0,84.0,35.0
0,0.0,0.0,0.0,0.0,0.0,74.0,85.0,85.0,83.0,74.0,77.0,83.0,75.0,84.0,80.0,56.0,66.0,84.0,55.0
0,0.0,0.0,0.0,0.0,0.0,74.0,83.0,87.0,86.0,77.0,71.0,76.0,58.0,80.0,68.0,50.0,58.0,77.0,34.0
0,0.0,0.0,2.0,0.0,0.0,74.0,83.0,87.0,86.0,77.0,71.0,76.0,58.0,80.0,68.0,50.0,58.0,77.0,34.0
0,0.0,0.0,30.0,0.0,0.0,74.0,85.0,88.0,84.0,74.0,77.0,82.0,71.0,81.0,76.0,67.0,74.0,83.0,43.0
0,0.0,0.0,24.0,0.0,0.0,74.0,85.0,87.0,84.0,69.0,73.0,83.0,60.0,82.0,72.0,60.0,66.0,82.0,56.0
0,0.0,0.0,15.0,0.0,0.0,74.0,81.0,86.0,82.0,77.0,74.0,80.0,76.0,84.0,77.0,53.0,59.0,84.0,41.0
0,0.0,0.0,19.0,0.0,0.0,73.0,87.0,88.0,87.0,72.0,81.0,82.0,66.0,83.0,78.0,56.0,65.0,85.0,50.0
0,0.0,0.0,22.0,0.0,0.0,73.0,82.0,87.0,81.0,79.0,76.0,78.0,83.0,84.0,80.0,48.0,58.0,88.0,53.0
0,0.0,0.0,33.0,0.0,0.0,73.0,81.0,85.0,83.0,66.0,78.0,87.0,66.0,82.0,83.0,51.0,61.0,85.0,55.0
0,0.0,0.0,24.0,0.0,0.0,73.0,89.0,91.0,89.0,72.0,74.0,79.0,73.0,80.0,76.0,64.0,61.0,81.0,65.0
0,0.0,0.0,32.0,0.0,0.0,73.0,85.0,85.0,79.0,73.0,75.0,83.0,77.0,82.0,77.0,44.0,50.0,77.0,55.0
0,0.0,0.0,0.0,0.0,0.0,73.0,81.0,86.0,84.0,73.0,76.0,83.0,72.0,82.0,78.0,49.0,56.0,83.0,60.0
0,0.0,0.0,1.0,0.0,0.0,73.0,81.0,86.0,84.0,73.0,76.0,83.0,72.0,82.0,78.0,49.0,56.0,83.0,60.0
0,0.0,0.0,0.0,0.0,0.0,73.0,85.0,88.0,84.0,73.0,83.0,78.0,65.0,83.0,86.0,55.0,63.0,85.0,45.0
0,0.0,0.0,12.0,0.0,0.0,73.0,83.0,86.0,80.0,75.0,75.0,76.0,59.0,82.0,73.0,44.0,51.0,83.0,10.0
0,0.0,0.0,42.0,0.0,1.0,73.0,91.0,93.0,81.0,80.0,71.0,79.0,74.0,81.0,73.0,21.0,30.0,80.0,19.0
0,0.0,0.0,44.0,0.0,0.0,73.0,87.0,89.0,78.0,72.0,73.0,82.0,58.0,77.0,75.0,46.0,59.0,88.0,56.0
0,0.0,0.0,27.0,0.0,0.0,72.0,83.0,86.0,83.0,71.0,77.0,80.0,72.0,82.0,80.0,46.0,59.0,79.0,57.0
0,0.0,0.0,5.0,0.0,0.0,72.0,80.0,87.0,80.0,79.0,79.0,76.0,60.0,77.0,75.0,28.0,33.0,86.0,22.0
0,0.0,0.0,20.0,0.0,0.0,72.0,83.0,88.0,81.0,81.0,72.0,85.0,73.0,82.0,73.0,45.0,56.0,83.0,49.0
0,0.0,0.0,0.0,0.0,0.0,72.0,86.0,86.0,78.0,82.0,74.0,74.0,63.0,78.0,72.0,49.0,58.0,74.0,42.0
0,0.0,0.0,1.0,0.0,0.0,72.0,81.0,86.0,83.0,81.0,71.0,74.0,71.0,83.0,70.0,42.0,52.0,79.0,31.0
0,0.0,0.0,22.0,0.0,0.0,72.0,85.0,90.0,80.0,83.0,75.0,79.0,75.0,84.0,77.0,45.0,51.0,87.0,42.0
0,0.0,0.0,9.0,0.0,0.0,72.0,80.0,87.0,78.0,78.0,71.0,82.0,75.0,81.0,72.0,47.0,56.0,79.0,43.0
0,0.0,0.0,21.0,0.0,0.0,72.0,84.0,89.0,82.0,75.0,69.0,79.0,60.0,78.0,68.0,44.0,52.0,78.0,33.0
0,0.0,0.0,37.0,0.0,0.0,72.0,83.0,86.0,74.0,67.0,82.0,80.0,72.0,79.0,84.0,50.0,61.0,75.0,52.0
0,0.0,0.0,0.0,0.0,0.0,72.0,78.0,84.0,82.0,68.0,74.0,85.0,65.0,81.0,71.0,65.0,70.0,80.0,56.0
0,0.0,0.0,58.0,0.0,0.0,72.0,85.0,86.0,81.0,72.0,80.0,80.0,61.0,81.0,74.0,68.0,72.0,90.0,61.0
0,0.0,0.0,0.0,0.0,0.0,72.0,91.0,92.0,86.0,74.0,74.0,82.0,70.0,82.0,72.0,58.0,65.0,86.0,51.0
0,0.0,0.0,0.0,0.0,0.0,72.0,85.0,90.0,84.0,84.0,71.0,80.0,63.0,79.0,68.0,64.0,75.0,82.0,42.0
0,0.0,0.0,11.0,0.0,0.0,71.0,85.0,88.0,83.0,81.0,72.0,77.0,62.0,78.0,74.0,45.0,54.0,84.0,40.0
0,0.0,0.0,32.0,0.0,0.0,71.0,78.0,88.0,85.0,69.0,72.0,84.0,74.0,81.0,74.0,62.0,67.0,85.0,45.0
0,0.0,0.0,5.0,0.0,0.0,71.0,79.0,85.0,80.0,82.0,77.0,85.0,62.0,79.0,79.0,58.0,63.0,86.0,46.0
0,0.0,0.0,37.0,0.0,0.0,71.0,90.0,89.0,86.0,68.0,70.0,78.0,54.0,79.0,69.0,64.0,69.0,86.0,63.0
0,0.0,0.0,30.0,0.0,0.0,71.0,88.0,90.0,84.0,74.0,59.0,80.0,64.0,82.0,57.0,57.0,64.0,79.0,47.0
0,0.0,0.0,33.0,0.0,0.0,71.0,80.0,85.0,72.0,69.0,85.0,79.0,67.0,83.0,82.0,37.0,46.0,82.0,49.0
0,0.0,0.0,12.0,0.0,0.0,71.0,82.0,89.0,76.0,79.0,72.0,77.0,66.0,76.0,70.0,52.0,65.0,72.0,20.0
0,0.0,0.0,48.0,0.0,0.0,71.0,85.0,85.0,77.0,82.0,70.0,87.0,70.0,81.0,74.0,45.0,56.0,89.0,52.0
0,0.0,0.0,18.0,0.0,0.0,71.0,84.0,88.0,75.0,75.0,71.0,84.0,72.0,84.0,69.0,63.0,70.0,77.0,57.0
0,0.0,0.0,11.0,0.0,0.0,71.0,83.0,87.0,84.0,75.0,73.0,82.0,60.0,76.0,70.0,50.0,59.0,79.0,50.0
0,0.0,0.0,1.0,0.0,0.0,71.0,78.0,85.0,80.0,81.0,70.0,78.0,75.0,78.0,72.0,44.0,51.0,80.0,23.0
0,0.0,0.0,19.0,0.0,0.0,70.0,85.0,89.0,80.0,76.0,64.0,79.0,75.0,79.0,67.0,51.0,58.0,84.0,42.0
0,0.0,0.0,15.0,0.0,0.0,70.0,85.0,87.0,78.0,73.0,67.0,78.0,67.0,80.0,66.0,46.0,50.0,75.0,45.0
0,0.0,0.0,31.0,0.0,0.0,70.0,81.0,87.0,77.0,74.0,72.0,79.0,72.0,82.0,74.0,45.0,52.0,83.0,55.0
0,0.0,0.0,0.0,0.0,0.0,70.0,83.0,88.0,82.0,77.0,72.0,81.0,69.0,79.0,74.0,43.0,53.0,78.0,50.0
0,0.0,0.0,52.0,0.0,0.0,70.0,84.0,88.0,85.0,70.0,80.0,81.0,65.0,80.0,82.0,52.0,60.0,88.0,63.0
0,0.0,0.0,8.0,0.0,0.0,70.0,78.0,84.0,76.0,81.0,70.0,80.0,72.0,79.0,67.0,41.0,49.0,81.0,23.0
0,0.0,0.0,6.0,0.0,0.0,70.0,81.0,84.0,77.0,82.0,67.0,84.0,60.0,76.0,66.0,56.0,65.0,87.0,44.0
0,0.0,0.0,0.0,0.0,0.0,70.0,84.0,88.0,80.0,72.0,66.0,88.0,77.0,85.0,68.0,45.0,52.0,82.0,55.0
0,0.0,0.0,0.0,0.0,0.0,70.0,81.0,85.0,80.0,78.0,71.0,81.0,72.0,83.0,74.0,58.0,64.0,88.0,31.0
0,0.0,0.0,0.0,0.0,0.0,70.0,80.0,88.0,74.0,79.0,75.0,79.0,79.0,83.0,74.0,49.0,59.0,76.0,30.0
0,0.0,0.0,15.0,0.0,0.0,69.0,86.0,88.0,87.0,80.0,78.0,82.0,59.0,77.0,79.0,45.0,58.0,73.0,40.0
0,0.0,0.0,11.0,0.0,0.0,69.0,84.0,89.0,85.0,70.0,66.0,73.0,61.0,79.0,64.0,52.0,54.0,65.0,55.0
0,0.0,0.0,25.0,0.0,0.0,69.0,87.0,89.0,85.0,77.0,70.0,79.0,71.0,80.0,65.0,62.0,69.0,81.0,56.0
0,0.0,0.0,31.0,0.0,0.0,69.0,83.0,91.0,84.0,67.0,64.0,80.0,61.0,78.0,62.0,67.0,72.0,87.0,55.0
0,0.0,0.0,5.0,0.0,0.0,69.0,85.0,87.0,91.0,73.0,67.0,81.0,60.0,80.0,65.0,62.0,67.0,85.0,46.0
0,0.0,0.0,0.0,0.0,0.0,69.0,84.0,89.0,79.0,78.0,63.0,83.0,69.0,79.0,65.0,53.0,54.0,77.0,45.0
0,0.0,0.0,0.0,0.0,0.0,69.0,82.0,89.0,76.0,74.0,65.0,82.0,73.0,79.0,66.0,48.0,57.0,78.0,41.0
0,0.0,0.0,8.0,0.0,0.0,69.0,78.0,86.0,75.0,77.0,69.0,65.0,73.0,78.0,69.0,50.0,57.0,74.0,24.0
0,0.0,0.0,7.0,0.0,0.0,69.0,88.0,88.0,79.0,81.0,63.0,81.0,66.0,78.0,65.0,61.0,55.0,83.0,45.0
0,0.0,0.0,13.0,0.0,0.0,69.0,82.0,88.0,79.0,76.0,64.0,78.0,58.0,78.0,63.0,42.0,52.0,85.0,32.0
0,0.0,0.0,31.0,0.0,0.0,69.0,83.0,86.0,80.0,78.0,67.0,82.0,72.0,83.0,69.0,53.0,63.0,84.0,46.0
0,0.0,0.0,0.0,0.0,0.0,69.0,78.0,84.0,75.0,80.0,69.0,74.0,64.0,77.0,67.0,43.0,47.0,83.0,30.0
0,0.0,0.0,2.0,0.0,0.0,69.0,85.0,88.0,86.0,71.0,66.0,87.0,65.0,84.0,66.0,55.0,64.0,82.0,48.0
0,0.0,0.0,4.0,0.0,0.0,69.0,91.0,91.0,84.0,73.0,50.0,76.0,65.0,83.0,52.0,48.0,57.0,80.0,53.0
0,0.0,0.0,3.0,0.0,0.0,68.0,87.0,89.0,79.0,80.0,52.0,79.0,71.0,83.0,55.0,50.0,56.0,82.0,46.0
0,0.0,0.0,39.0,0.0,0.0,68.0,86.0,88.0,79.0,76.0,66.0,85.0,66.0,83.0,62.0,60.0,68.0,81.0,55.0
0,0.0,0.0,32.0,0.0,0.0,68.0,88.0,91.0,83.0,78.0,77.0,80.0,56.0,79.0,79.0,49.0,58.0,89.0,67.0
0,0.0,0.0,0.0,0.0,0.0,68.0,83.0,90.0,74.0,74.0,77.0,80.0,67.0,79.0,72.0,60.0,67.0,86.0,47.0
0,0.0,0.0,85.0,6.0,10.0,68.0,83.0,90.0,74.0,74.0,77.0,80.0,67.0,79.0,72.0,60.0,67.0,86.0,47.0
0,0.0,0.0,0.0,0.0,0.0,68.0,83.0,90.0,74.0,74.0,77.0,80.0,67.0,79.0,72.0,60.0,67.0,86.0,47.0
0,0.0,0.0,20.0,0.0,0.0,68.0,83.0,86.0,84.0,76.0,72.0,83.0,65.0,79.0,73.0,50.0,58.0,79.0,40.0
0,0.0,0.0,19.0,0.0,0.0,68.0,86.0,88.0,83.0,74.0,74.0,79.0,62.0,79.0,75.0,46.0,51.0,82.0,42.0
0,0.0,0.0,18.0,0.0,0.0,68.0,81.0,87.0,78.0,75.0,73.0,85.0,67.0,80.0,75.0,47.0,52.0,73.0,39.0
0,0.0,0.0,8.0,0.0,0.0,68.0,80.0,83.0,82.0,78.0,69.0,76.0,66.0,78.0,66.0,38.0,45.0,78.0,22.0
0,0.0,0.0,19.0,0.0,0.0,68.0,90.0,90.0,85.0,70.0,64.0,84.0,71.0,82.0,62.0,57.0,64.0,83.0,46.0
0,0.0,0.0,0.0,0.0,0.0,68.0,78.0,84.0,84.0,73.0,71.0,77.0,64.0,79.0,68.0,42.0,49.0,86.0,55.0
0,0.0,0.0,12.0,0.0,0.0,68.0,82.0,87.0,81.0,83.0,53.0,79.0,64.0,80.0,51.0,42.0,48.0,75.0,24.0
0,0.0,0.0,5.0,0.0,0.0,68.0,83.0,87.0,79.0,77.0,58.0,79.0,74.0,76.0,58.0,60.0,60.0,77.0,38.0
0,0.0,0.0,22.0,0.0,0.0,68.0,84.0,88.0,85.0,79.0,65.0,81.0,69.0,76.0,64.0,54.0,60.0,78.0,50.0
0,0.0,0.0,10.0,0.0,0.0,68.0,79.0,85.0,76.0,79.0,69.0,76.0,58.0,77.0,71.0,46.0,52.0,72.0,47.0
0,0.0,0.0,0.0,0.0,0.0,68.0,82.0,87.0,80.0,76.0,69.0,80.0,68.0,79.0,67.0,37.0,45.0,79.0,25.0
0,0.0,0.0,9.0,0.0,0.0,67.0,88.0,90.0,84.0,75.0,71.0,78.0,60.0,79.0,72.0,47.0,53.0,74.0,44.0
0,0.0,0.0,0.0,0.0,0.0,67.0,86.0,85.0,79.0,81.0,77.0,79.0,65.0,77.0,75.0,49.0,60.0,75.0,49.0
0,0.0,0.0,14.0,0.0,0.0,67.0,85.0,87.0,81.0,79.0,60.0,81.0,63.0,78.0,62.0,53.0,57.0,86.0,49.0
0,0.0,0.0,0.0,0.0,0.0,67.0,86.0,86.0,84.0,75.0,71.0,83.0,66.0,80.0,70.0,47.0,54.0,82.0,53.0
0,0.0,0.0,0.0,0.0,0.0,67.0,80.0,89.0,76.0,72.0,58.0,74.0,68.0,74.0,56.0,48.0,63.0,81.0,60.0
0,0.0,0.0,3.0,0.0,0.0,67.0,84.0,89.0,83.0,84.0,64.0,82.0,61.0,76.0,67.0,44.0,54.0,76.0,49.0
0,0.0,0.0,0.0,0.0,0.0,67.0,84.0,89.0,83.0,84.0,64.0,82.0,61.0,76.0,67.0,44.0,54.0,76.0,49.0
0,0.0,0.0,18.0,0.0,0.0,67.0,86.0,88.0,82.0,70.0,69.0,75.0,65.0,79.0,67.0,56.0,65.0,83.0,62.0
0,0.0,0.0,4.0,0.0,0.0,67.0,79.0,88.0,81.0,77.0,60.0,78.0,65.0,78.0,61.0,39.0,43.0,76.0,24.0
0,0.0,0.0,7.0,0.0,1.0,67.0,86.0,90.0,83.0,69.0,69.0,78.0,57.0,80.0,66.0,56.0,62.0,76.0,57.0
0,0.0,0.0,0.0,0.0,0.0,67.0,76.0,83.0,74.0,81.0,65.0,80.0,59.0,76.0,62.0,43.0,50.0,82.0,21.0
0,0.0,0.0,0.0,0.0,0.0,67.0,87.0,86.0,84.0,76.0,74.0,79.0,65.0,79.0,77.0,48.0,53.0,72.0,54.0
0,0.0,0.0,13.0,0.0,0.0,67.0,82.0,87.0,77.0,73.0,76.0,80.0,65.0,77.0,77.0,44.0,55.0,62.0,40.0
0,0.0,0.0,0.0,0.0,0.0,67.0,83.0,87.0,82.0,74.0,67.0,81.0,74.0,80.0,68.0,48.0,58.0,84.0,47.0
0,0.0,0.0,97.0,2.0,5.0,66.0,80.0,88.0,78.0,71.0,71.0,84.0,65.0,79.0,72.0,49.0,57.0,83.0,43.0
0,0.0,0.0,11.0,0.0,0.0,66.0,90.0,90.0,83.0,71.0,69.0,75.0,60.0,78.0,71.0,60.0,68.0,89.0,68.0
0,0.0,0.0,0.0,0.0,0.0,66.0,90.0,90.0,83.0,71.0,69.0,75.0,60.0,78.0,71.0,60.0,68.0,89.0,68.0
0,0.0,0.0,0.0,0.0,0.0,66.0,86.0,87.0,74.0,74.0,57.0,75.0,61.0,75.0,55.0,60.0,67.0,76.0,52.0
0,0.0,0.0,8.0,0.0,0.0,66.0,86.0,87.0,81.0,71.0,67.0,73.0,65.0,78.0,64.0,49.0,54.0,77.0,36.0
0,0.0,0.0,15.0,0.0,0.0,66.0,78.0,87.0,82.0,76.0,67.0,78.0,74.0,78.0,64.0,36.0,43.0,80.0,26.0
0,0.0,0.0,7.0,0.0,0.0,66.0,84.0,88.0,80.0,73.0,67.0,83.0,66.0,77.0,70.0,51.0,61.0,87.0,38.0
0,0.0,0.0,35.0,0.0,1.0,66.0,85.0,90.0,82.0,80.0,55.0,77.0,66.0,79.0,57.0,51.0,58.0,77.0,43.0
0,0.0,0.0,34.0,0.0,0.0,66.0,86.0,88.0,83.0,72.0,68.0,78.0,68.0,81.0,67.0,57.0,65.0,80.0,48.0
0,0.0,0.0,0.0,0.0,0.0,66.0,81.0,88.0,76.0,74.0,70.0,84.0,59.0,79.0,68.0,61.0,66.0,77.0,56.0
0,0.0,0.0,8.0,0.0,0.0,66.0,82.0,89.0,82.0,68.0,60.0,81.0,67.0,76.0,62.0,63.0,62.0,86.0,48.0
0,0.0,0.0,5.0,0.0,0.0,66.0,84.0,88.0,84.0,76.0,66.0,80.0,57.0,72.0,65.0,53.0,65.0,69.0,40.0
0,0.0,0.0,0.0,0.0,0.0,66.0,84.0,89.0,76.0,82.0,61.0,78.0,60.0,78.0,63.0,59.0,62.0,86.0,54.0
0,0.0,0.0,0.0,0.0,0.0,66.0,80.0,87.0,83.0,72.0,59.0,78.0,68.0,76.0,57.0,60.0,64.0,72.0,58.0
0,0.0,0.0,14.0,0.0,0.0,66.0,84.0,88.0,74.0,76.0,69.0,84.0,61.0,77.0,66.0,60.0,67.0,81.0,62.0
0,0.0,0.0,17.0,0.0,1.0,66.0,83.0,87.0,77.0,70.0,70.0,77.0,61.0,77.0,68.0,68.0,61.0,82.0,49.0
0,0.0,0.0,7.0,0.0,0.0,66.0,84.0,87.0,77.0,78.0,64.0,82.0,61.0,76.0,63.0,59.0,74.0,63.0,33.0
0,0.0,0.0,8.0,0.0,0.0,66.0,84.0,88.0,81.0,76.0,59.0,80.0,79.0,77.0,57.0,63.0,68.0,83.0,40.0
0,0.0,0.0,0.0,0.0,0.0,66.0,83.0,81.0,87.0,73.0,60.0,76.0,64.0,81.0,57.0,48.0,56.0,81.0,35.0
0,0.0,0.0,2.0,0.0,0.0,66.0,86.0,90.0,85.0,75.0,60.0,81.0,61.0,79.0,63.0,51.0,58.0,72.0,49.0
0,0.0,0.0,0.0,0.0,0.0,66.0,86.0,90.0,85.0,75.0,60.0,81.0,61.0,79.0,63.0,51.0,58.0,72.0,49.0
0,0.0,0.0,1.0,0.0,0.0,65.0,83.0,88.0,83.0,83.0,53.0,78.0,72.0,78.0,50.0,41.0,45.0,77.0,27.0
0,0.0,0.0,0.0,0.0,0.0,65.0,77.0,84.0,82.0,73.0,55.0,79.0,63.0,76.0,53.0,55.0,66.0,76.0,41.0
0,0.0,0.0,5.0,0.0,0.0,65.0,85.0,88.0,80.0,67.0,59.0,81.0,73.0,83.0,60.0,60.0,67.0,84.0,45.0
0,0.0,0.0,22.0,0.0,0.0,65.0,86.0,88.0,77.0,80.0,51.0,75.0,64.0,78.0,48.0,49.0,56.0,78.0,20.0
0,0.0,0.0,1.0,0.0,0.0,65.0,86.0,88.0,77.0,80.0,51.0,75.0,64.0,78.0,48.0,49.0,56.0,78.0,20.0
0,0.0,0.0,0.0,0.0,0.0,65.0,81.0,86.0,78.0,68.0,67.0,81.0,66.0,77.0,66.0,46.0,54.0,81.0,63.0
0,0.0,0.0,4.0,0.0,0.0,65.0,82.0,87.0,81.0,74.0,68.0,77.0,62.0,78.0,69.0,40.0,51.0,68.0,55.0
0,0.0,0.0,8.0,0.0,0.0,65.0,85.0,88.0,76.0,75.0,72.0,79.0,66.0,77.0,73.0,49.0,59.0,79.0,54.0
0,0.0,0.0,1.0,0.0,0.0,65.0,85.0,85.0,83.0,82.0,48.0,86.0,72.0,76.0,50.0,29.0,41.0,84.0,30.0
0,0.0,0.0,13.0,0.0,0.0,65.0,83.0,90.0,85.0,67.0,72.0,77.0,59.0,79.0,73.0,45.0,54.0,79.0,74.0
0,0.0,0.0,4.0,0.0,0.0,65.0,84.0,88.0,81.0,70.0,64.0,81.0,67.0,79.0,67.0,54.0,63.0,82.0,44.0
0,0.0,0.0,38.0,1.0,0.0,65.0,87.0,89.0,78.0,65.0,63.0,79.0,62.0,80.0,62.0,53.0,59.0,86.0,50.0
0,0.0,0.0,0.0,0.0,0.0,65.0,81.0,85.0,80.0,74.0,71.0,81.0,67.0,78.0,73.0,54.0,50.0,74.0,58.0
0,0.0,0.0,12.0,0.0,0.0,65.0,86.0,89.0,86.0,69.0,61.0,78.0,63.0,79.0,60.0,62.0,68.0,83.0,53.0
0,0.0,0.0,1.0,0.0,0.0,65.0,73.0,80.0,70.0,78.0,61.0,79.0,76.0,80.0,64.0,41.0,46.0,73.0,20.0
0,0.0,0.0,7.0,0.0,0.0,65.0,85.0,89.0,82.0,76.0,66.0,71.0,59.0,78.0,64.0,64.0,70.0,69.0,60.0
0,0.0,0.0,25.0,0.0,0.0,65.0,87.0,88.0,89.0,72.0,63.0,77.0,72.0,81.0,65.0,53.0,58.0,76.0,50.0
0,0.0,0.0,0.0,0.0,0.0,65.0,78.0,87.0,82.0,76.0,61.0,81.0,64.0,80.0,58.0,45.0,54.0,83.0,53.0
0,0.0,0.0,4.0,0.0,0.0,65.0,78.0,85.0,84.0,75.0,57.0,85.0,74.0,77.0,59.0,56.0,65.0,81.0,55.0
0,0.0,0.0,3.0,0.0,0.0,65.0,85.0,88.0,79.0,70.0,57.0,77.0,68.0,78.0,54.0,44.0,52.0,76.0,33.0
0,0.0,0.0,0.0,0.0,0.0,64.0,81.0,84.0,79.0,75.0,61.0,81.0,70.0,83.0,64.0,48.0,54.0,81.0,41.0
0,0.0,0.0,0.0,0.0,0.0,64.0,80.0,83.0,80.0,72.0,58.0,81.0,64.0,76.0,59.0,61.0,67.0,85.0,48.0
0,0.0,0.0,0.0,0.0,0.0,64.0,86.0,90.0,81.0,71.0,63.0,78.0,68.0,79.0,66.0,52.0,60.0,82.0,48.0
0,0.0,0.0,0.0,0.0,0.0,64.0,84.0,85.0,81.0,70.0,64.0,76.0,63.0,78.0,67.0,53.0,61.0,73.0,62.0
0,0.0,0.0,23.0,0.0,0.0,64.0,84.0,87.0,81.0,75.0,65.0,74.0,73.0,78.0,63.0,61.0,66.0,83.0,46.0
0,0.0,0.0,0.0,0.0,0.0,64.0,83.0,87.0,85.0,78.0,56.0,72.0,63.0,78.0,56.0,41.0,47.0,68.0,33.0
0,0.0,0.0,0.0,0.0,0.0,64.0,83.0,89.0,83.0,68.0,60.0,77.0,64.0,78.0,62.0,51.0,59.0,78.0,46.0
0,0.0,0.0,0.0,0.0,0.0,64.0,85.0,88.0,83.0,70.0,64.0,80.0,66.0,82.0,62.0,50.0,60.0,78.0,44.0
0,0.0,0.0,0.0,0.0,0.0,64.0,87.0,88.0,82.0,79.0,54.0,77.0,63.0,77.0,56.0,58.0,60.0,80.0,44.0
0,0.0,0.0,0.0,0.0,0.0,64.0,84.0,87.0,78.0,67.0,70.0,78.0,62.0,78.0,68.0,57.0,69.0,83.0,55.0
0,0.0,0.0,0.0,0.0,0.0,64.0,84.0,87.0,79.0,77.0,58.0,80.0,69.0,79.0,60.0,61.0,63.0,84.0,48.0
0,0.0,0.0,0.0,0.0,0.0,64.0,83.0,85.0,77.0,75.0,57.0,79.0,71.0,82.0,58.0,61.0,66.0,87.0,54.0
0,0.0,0.0,1.0,0.0,0.0,64.0,77.0,86.0,71.0,71.0,65.0,76.0,68.0,79.0,67.0,46.0,56.0,78.0,30.0
0,0.0,0.0,0.0,0.0,0.0,64.0,85.0,88.0,78.0,75.0,59.0,76.0,64.0,77.0,56.0,24.0,30.0,77.0,21.0
0,0.0,0.0,0.0,0.0,0.0,64.0,83.0,86.0,83.0,72.0,63.0,81.0,64.0,83.0,64.0,50.0,57.0,85.0,47.0
0,0.0,0.0,0.0,0.0,0.0,64.0,82.0,85.0,83.0,77.0,56.0,74.0,68.0,77.0,55.0,43.0,47.0,77.0,36.0
0,0.0,0.0,0.0,0.0,0.0,64.0,80.0,87.0,79.0,80.0,51.0,73.0,64.0,77.0,50.0,42.0,45.0,77.0,33.0
0,0.0,0.0,9.0,0.0,0.0,64.0,79.0,86.0,77.0,75.0,71.0,83.0,63.0,78.0,70.0,46.0,58.0,78.0,55.0
0,0.0,0.0,0.0,0.0,0.0,64.0,84.0,86.0,82.0,77.0,50.0,78.0,60.0,79.0,47.0,36.0,44.0,77.0,27.0
0,0.0,0.0,0.0,0.0,0.0,64.0,83.0,86.0,80.0,73.0,61.0,83.0,70.0,78.0,64.0,54.0,60.0,79.0,50.0
0,0.0,0.0,0.0,0.0,0.0,63.0,85.0,86.0,88.0,78.0,68.0,79.0,58.0,78.0,68.0,47.0,54.0,77.0,55.0
0,0.0,0.0,0.0,0.0,0.0,63.0,85.0,86.0,84.0,75.0,65.0,84.0,60.0,76.0,66.0,47.0,53.0,79.0,55.0
0,0.0,0.0,0.0,0.0,0.0,63.0,85.0,86.0,84.0,75.0,65.0,84.0,60.0,76.0,66.0,47.0,53.0,79.0,55.0
0,0.0,0.0,8.0,0.0,0.0,63.0,85.0,86.0,84.0,75.0,65.0,84.0,60.0,76.0,66.0,47.0,53.0,79.0,55.0
0,0.0,0.0,2.0,0.0,0.0,63.0,84.0,87.0,81.0,72.0,58.0,74.0,68.0,75.0,56.0,53.0,61.0,80.0,44.0
0,0.0,0.0,28.0,0.0,0.0,63.0,83.0,86.0,80.0,72.0,63.0,84.0,65.0,77.0,60.0,59.0,65.0,78.0,44.0
0,0.0,0.0,0.0,0.0,0.0,63.0,82.0,88.0,77.0,79.0,51.0,76.0,67.0,83.0,53.0,40.0,46.0,74.0,31.0
0,0.0,0.0,0.0,0.0,0.0,63.0,80.0,81.0,80.0,73.0,72.0,79.0,62.0,78.0,73.0,50.0,58.0,76.0,45.0
0,0.0,0.0,9.0,0.0,0.0,63.0,81.0,87.0,82.0,75.0,67.0,77.0,72.0,79.0,66.0,46.0,54.0,69.0,55.0
0,0.0,0.0,10.0,0.0,0.0,63.0,85.0,87.0,71.0,70.0,70.0,75.0,75.0,83.0,70.0,49.0,48.0,79.0,44.0
0,0.0,0.0,0.0,0.0,0.0,63.0,82.0,89.0,79.0,75.0,57.0,84.0,59.0,74.0,60.0,43.0,55.0,76.0,48.0
0,0.0,0.0,6.0,0.0,0.0,63.0,87.0,89.0,82.0,77.0,58.0,78.0,68.0,81.0,60.0,50.0,56.0,80.0,34.0
0,0.0,0.0,0.0,0.0,0.0,63.0,76.0,82.0,72.0,79.0,63.0,80.0,55.0,79.0,61.0,35.0,42.0,86.0,24.0
0,0.0,0.0,0.0,0.0,0.0,63.0,81.0,88.0,83.0,80.0,51.0,78.0,75.0,81.0,54.0,53.0,57.0,79.0,38.0
0,0.0,0.0,0.0,0.0,0.0,63.0,86.0,85.0,77.0,63.0,57.0,79.0,57.0,79.0,55.0,67.0,70.0,86.0,64.0
0,0.0,0.0,0.0,0.0,0.0,63.0,83.0,89.0,77.0,78.0,54.0,77.0,56.0,73.0,53.0,45.0,53.0,78.0,36.0
0,0.0,0.0,14.0,0.0,0.0,62.0,79.0,85.0,78.0,78.0,55.0,82.0,69.0,79.0,56.0,48.0,55.0,85.0,37.0
0,0.0,0.0,0.0,0.0,0.0,62.0,79.0,85.0,78.0,78.0,55.0,82.0,69.0,79.0,56.0,48.0,55.0,85.0,37.0
0,0.0,0.0,0.0,0.0,0.0,62.0,87.0,85.0,89.0,71.0,60.0,76.0,66.0,80.0,62.0,54.0,63.0,75.0,47.0
0,0.0,0.0,0.0,0.0,0.0,62.0,83.0,87.0,82.0,75.0,52.0,82.0,71.0,81.0,54.0,49.0,57.0,80.0,34.0
0,0.0,0.0,0.0,0.0,0.0,62.0,80.0,84.0,72.0,77.0,57.0,76.0,73.0,73.0,57.0,33.0,41.0,79.0,28.0
0,0.0,0.0,0.0,0.0,0.0,62.0,81.0,86.0,80.0,72.0,60.0,79.0,67.0,78.0,64.0,57.0,61.0,76.0,50.0
0,0.0,0.0,0.0,0.0,0.0,62.0,81.0,88.0,82.0,75.0,52.0,81.0,63.0,77.0,53.0,43.0,54.0,76.0,37.0
0,0.0,0.0,0.0,0.0,0.0,62.0,72.0,82.0,76.0,75.0,62.0,81.0,68.0,80.0,64.0,50.0,56.0,83.0,30.0
0,0.0,0.0,41.0,0.0,0.0,62.0,84.0,89.0,73.0,72.0,56.0,82.0,69.0,80.0,59.0,45.0,58.0,84.0,46.0
0,0.0,0.0,6.0,0.0,0.0,62.0,84.0,89.0,73.0,72.0,56.0,82.0,69.0,80.0,59.0,45.0,58.0,84.0,46.0
0,0.0,0.0,1.0,0.0,0.0,62.0,84.0,88.0,76.0,76.0,60.0,69.0,70.0,75.0,58.0,43.0,50.0,84.0,24.0
0,0.0,0.0,23.0,0.0,0.0,62.0,82.0,87.0,88.0,72.0,57.0,75.0,66.0,76.0,55.0,51.0,56.0,84.0,45.0
0,0.0,0.0,0.0,0.0,0.0,62.0,78.0,86.0,82.0,77.0,58.0,78.0,70.0,78.0,61.0,56.0,61.0,75.0,43.0
0,0.0,0.0,0.0,0.0,0.0,62.0,78.0,85.0,80.0,79.0,53.0,74.0,62.0,78.0,50.0,42.0,49.0,80.0,20.0
0,0.0,0.0,0.0,0.0,0.0,62.0,88.0,90.0,83.0,68.0,60.0,81.0,66.0,77.0,57.0,56.0,63.0,77.0,46.0
0,0.0,0.0,0.0,0.0,0.0,62.0,85.0,87.0,76.0,73.0,50.0,78.0,55.0,83.0,53.0,46.0,50.0,74.0,40.0
0,0.0,0.0,6.0,0.0,0.0,62.0,78.0,84.0,80.0,76.0,56.0,82.0,65.0,81.0,59.0,52.0,61.0,76.0,52.0
0,0.0,0.0,11.0,0.0,0.0,62.0,75.0,83.0,77.0,80.0,62.0,73.0,69.0,75.0,64.0,37.0,45.0,78.0,28.0
0,0.0,0.0,0.0,0.0,0.0,61.0,76.0,85.0,77.0,65.0,58.0,77.0,67.0,80.0,60.0,43.0,51.0,78.0,45.0
0,0.0,0.0,0.0,0.0,0.0,61.0,79.0,83.0,74.0,71.0,54.0,79.0,62.0,82.0,56.0,37.0,43.0,84.0,20.0
0,0.0,0.0,0.0,0.0,0.0,61.0,83.0,82.0,76.0,73.0,69.0,85.0,56.0,73.0,68.0,47.0,62.0,68.0,33.0
0,0.0,0.0,16.0,0.0,0.0,61.0,85.0,87.0,73.0,71.0,55.0,82.0,70.0,79.0,57.0,54.0,60.0,83.0,42.0
0,0.0,0.0,16.0,0.0,0.0,61.0,85.0,89.0,84.0,74.0,57.0,72.0,63.0,74.0,56.0,50.0,56.0,79.0,37.0
0,0.0,0.0,0.0,0.0,0.0,61.0,79.0,87.0,80.0,72.0,51.0,77.0,70.0,78.0,52.0,34.0,44.0,77.0,25.0
0,0.0,0.0,0.0,0.0,0.0,61.0,79.0,86.0,77.0,73.0,60.0,79.0,67.0,78.0,61.0,58.0,63.0,78.0,52.0
0,0.0,0.0,0.0,0.0,0.0,61.0,87.0,89.0,81.0,72.0,51.0,73.0,59.0,78.0,50.0,46.0,57.0,77.0,38.0
0,0.0,0.0,0.0,0.0,0.0,61.0,82.0,88.0,83.0,75.0,58.0,78.0,58.0,74.0,55.0,61.0,67.0,72.0,56.0
0,0.0,0.0,2.0,0.0,0.0,61.0,80.0,86.0,85.0,73.0,55.0,80.0,69.0,80.0,57.0,49.0,55.0,81.0,47.0
0,0.0,0.0,0.0,0.0,0.0,61.0,81.0,88.0,83.0,79.0,51.0,79.0,65.0,78.0,52.0,55.0,63.0,83.0,43.0
0,0.0,0.0,0.0,0.0,0.0,61.0,77.0,86.0,76.0,75.0,52.0,76.0,58.0,78.0,50.0,47.0,57.0,79.0,34.0
0,0.0,0.0,0.0,0.0,0.0,61.0,84.0,83.0,78.0,72.0,61.0,77.0,73.0,81.0,62.0,49.0,55.0,72.0,52.0
0,0.0,0.0,0.0,0.0,0.0,60.0,81.0,84.0,82.0,67.0,62.0,80.0,64.0,79.0,63.0,48.0,57.0,75.0,31.0
0,0.0,0.0,0.0,0.0,0.0,60.0,81.0,86.0,85.0,67.0,49.0,79.0,59.0,79.0,46.0,69.0,64.0,77.0,61.0
0,0.0,0.0,0.0,0.0,0.0,60.0,85.0,86.0,73.0,78.0,68.0,78.0,58.0,77.0,69.0,47.0,53.0,72.0,55.0
0,0.0,0.0,0.0,0.0,0.0,60.0,81.0,85.0,81.0,69.0,56.0,81.0,70.0,78.0,58.0,47.0,55.0,82.0,31.0
0,0.0,0.0,0.0,0.0,0.0,60.0,78.0,88.0,76.0,70.0,61.0,78.0,64.0,78.0,63.0,54.0,61.0,79.0,48.0
0,0.0,0.0,0.0,0.0,0.0,60.0,83.0,89.0,80.0,78.0,44.0,81.0,69.0,80.0,46.0,47.0,58.0,82.0,46.0
0,0.0,0.0,0.0,0.0,0.0,60.0,89.0,91.0,80.0,70.0,63.0,65.0,52.0,72.0,61.0,58.0,62.0,59.0,76.0
0,0.0,0.0,4.0,0.0,0.0,60.0,81.0,86.0,81.0,69.0,68.0,79.0,61.0,76.0,65.0,50.0,59.0,82.0,64.0
0,0.0,0.0,0.0,0.0,0.0,60.0,84.0,87.0,75.0,69.0,57.0,75.0,62.0,75.0,59.0,46.0,52.0,81.0,30.0
0,0.0,0.0,0.0,0.0,0.0,60.0,77.0,88.0,82.0,72.0,52.0,76.0,61.0,76.0,51.0,36.0,44.0,73.0,22.0
0,0.0,0.0,0.0,0.0,0.0,60.0,80.0,87.0,78.0,78.0,57.0,78.0,63.0,78.0,58.0,54.0,62.0,82.0,42.0
0,0.0,0.0,0.0,0.0,0.0,60.0,80.0,83.0,79.0,71.0,55.0,81.0,64.0,80.0,58.0,54.0,61.0,82.0,46.0
0,0.0,0.0,0.0,0.0,0.0,60.0,84.0,87.0,85.0,70.0,61.0,70.0,69.0,79.0,64.0,54.0,59.0,81.0,51.0
0,0.0,0.0,0.0,0.0,0.0,59.0,76.0,83.0,71.0,79.0,53.0,77.0,67.0,76.0,50.0,28.0,41.0,75.0,22.0
0,0.0,0.0,5.0,0.0,0.0,59.0,78.0,88.0,71.0,83.0,50.0,77.0,71.0,71.0,47.0,21.0,29.0,78.0,12.0
0,0.0,0.0,0.0,0.0,0.0,59.0,79.0,85.0,77.0,78.0,60.0,82.0,57.0,75.0,61.0,47.0,51.0,84.0,52.0
0,0.0,0.0,0.0,0.0,0.0,59.0,86.0,89.0,88.0,69.0,56.0,80.0,56.0,79.0,59.0,47.0,51.0,76.0,43.0
0,0.0,0.0,0.0,0.0,0.0,59.0,86.0,87.0,85.0,73.0,57.0,78.0,62.0,78.0,59.0,46.0,55.0,73.0,39.0
0,0.0,0.0,0.0,0.0,0.0,59.0,87.0,88.0,77.0,68.0,54.0,77.0,66.0,79.0,58.0,50.0,60.0,84.0,52.0
0,0.0,0.0,0.0,0.0,0.0,59.0,83.0,88.0,82.0,63.0,61.0,81.0,63.0,78.0,62.0,46.0,55.0,83.0,52.0
0,0.0,0.0,0.0,0.0,0.0,59.0,79.0,80.0,72.0,70.0,51.0,78.0,60.0,78.0,48.0,43.0,48.0,77.0,38.0
0,0.0,0.0,1.0,0.0,0.0,58.0,79.0,85.0,75.0,72.0,59.0,78.0,65.0,79.0,60.0,46.0,53.0,80.0,41.0
0,0.0,0.0,0.0,0.0,0.0,58.0,72.0,83.0,73.0,73.0,50.0,73.0,67.0,77.0,47.0,44.0,52.0,81.0,20.0
0,0.0,0.0,3.0,0.0,0.0,58.0,87.0,89.0,82.0,67.0,59.0,78.0,63.0,77.0,55.0,55.0,60.0,79.0,56.0
0,0.0,0.0,0.0,0.0,0.0,58.0,84.0,91.0,86.0,69.0,56.0,69.0,55.0,76.0,55.0,57.0,66.0,73.0,57.0
0,0.0,0.0,71.0,2.0,4.0,57.0,88.0,86.0,79.0,64.0,57.0,76.0,64.0,78.0,59.0,50.0,57.0,79.0,31.0
0,0.0,0.0,0.0,0.0,0.0,57.0,82.0,84.0,81.0,69.0,55.0,78.0,63.0,76.0,57.0,52.0,57.0,81.0,48.0
0,0.0,0.0,0.0,0.0,0.0,57.0,79.0,85.0,84.0,73.0,50.0,82.0,61.0,76.0,52.0,48.0,57.0,78.0,35.0
0,0.0,0.0,0.0,0.0,0.0,57.0,79.0,87.0,76.0,74.0,43.0,76.0,59.0,72.0,42.0,47.0,55.0,64.0,59.0
0,0.0,0.0,0.0,0.0,0.0,56.0,85.0,86.0,80.0,64.0,57.0,77.0,63.0,76.0,54.0,54.0,61.0,79.0,59.0
0,0.0,0.0,0.0,0.0,0.0,56.0,72.0,83.0,70.0,76.0,52.0,78.0,64.0,73.0,50.0,30.0,45.0,74.0,30.0
0,0.0,0.0,0.0,0.0,0.0,56.0,85.0,89.0,83.0,76.0,48.0,73.0,64.0,79.0,51.0,57.0,54.0,76.0,46.0
0,0.0,0.0,0.0,0.0,0.0,56.0,77.0,87.0,81.0,65.0,48.0,79.0,56.0,75.0,50.0,47.0,53.0,85.0,40.0
0,0.0,0.0,0.0,0.0,0.0,55.0,84.0,91.0,84.0,66.0,56.0,75.0,61.0,74.0,58.0,46.0,55.0,76.0,31.0
0,0.0,0.0,0.0,0.0,0.0,55.0,86.0,89.0,74.0,68.0,57.0,77.0,60.0,76.0,58.0,46.0,52.0,84.0,47.0
0,0.0,0.0,0.0,0.0,0.0,55.0,81.0,84.0,74.0,66.0,47.0,84.0,62.0,79.0,48.0,50.0,56.0,80.0,41.0
0,0.0,0.0,0.0,0.0,0.0,53.0,85.0,87.0,74.0,81.0,46.0,75.0,59.0,76.0,45.0,43.0,54.0,76.0,34.0
76,252.0,26.0,90.0,4.0,7.0,96.0,83.0,89.0,84.0,83.0,98.0,91.0,88.0,96.0,95.0,59.0,65.0,85.0,43.0
75,230.0,24.0,80.0,4.0,4.0,94.0,85.0,93.0,85.0,76.0,99.0,88.0,80.0,95.0,99.0,75.0,85.0,80.0,58.0
75,260.0,30.0,102.0,3.0,9.0,94.0,86.0,88.0,86.0,89.0,94.0,94.0,89.0,94.0,94.0,50.0,59.0,88.0,48.0
77,265.0,31.0,77.0,2.0,4.0,93.0,78.0,85.0,80.0,87.0,96.0,89.0,79.0,97.0,93.0,45.0,50.0,84.0,33.0
75,250.0,32.0,104.0,3.0,8.0,93.0,86.0,88.0,88.0,84.0,92.0,90.0,92.0,95.0,91.0,49.0,60.0,89.0,62.0
77,280.0,26.0,57.0,0.0,5.0,92.0,81.0,87.0,87.0,87.0,98.0,85.0,84.0,96.0,97.0,26.0,37.0,82.0,22.0
74,248.0,32.0,101.0,1.0,2.0,92.0,85.0,88.0,80.0,85.0,94.0,92.0,81.0,92.0,92.0,73.0,81.0,88.0,40.0
73,233.0,31.0,90.0,1.0,1.0,91.0,85.0,90.0,87.0,77.0,95.0,89.0,85.0,93.0,93.0,72.0,79.0,86.0,59.0
72,242.0,31.0,127.0,6.0,10.0,91.0,85.0,88.0,84.0,81.0,92.0,92.0,87.0,90.0,92.0,70.0,77.0,92.0,42.0
72,230.0,24.0,78.0,3.0,3.0,89.0,89.0,91.0,88.0,80.0,86.0,92.0,75.0,92.0,86.0,72.0,80.0,87.0,56.0
74,250.0,28.0,0.0,0.0,0.0,89.0,84.0,87.0,83.0,74.0,94.0,88.0,87.0,89.0,91.0,59.0,64.0,81.0,39.0
77,277.0,23.0,31.0,0.0,1.0,89.0,86.0,88.0,79.0,83.0,94.0,87.0,82.0,86.0,91.0,39.0,49.0,78.0,30.0
72,232.0,29.0,64.0,1.0,1.0,89.0,84.0,90.0,82.0,76.0,93.0,86.0,82.0,88.0,92.0,74.0,84.0,85.0,59.0
74,215.0,26.0,0.0,0.0,0.0,88.0,86.0,87.0,83.0,78.0,93.0,93.0,80.0,96.0,96.0,59.0,63.0,84.0,49.0
75,246.0,22.0,56.0,2.0,4.0,88.0,91.0,94.0,88.0,80.0,86.0,86.0,73.0,91.0,82.0,61.0,63.0,84.0,57.0
76,272.0,28.0,57.0,0.0,3.0,87.0,80.0,85.0,73.0,84.0,93.0,84.0,74.0,92.0,90.0,46.0,57.0,83.0,20.0
75,275.0,29.0,0.0,0.0,0.0,87.0,84.0,87.0,79.0,86.0,92.0,83.0,74.0,90.0,90.0,53.0,64.0,80.0,22.0
77,262.0,24.0,98.0,0.0,4.0,85.0,86.0,88.0,83.0,82.0,81.0,88.0,76.0,88.0,79.0,52.0,62.0,82.0,58.0
76,232.0,28.0,51.0,1.0,0.0,85.0,85.0,87.0,85.0,73.0,87.0,94.0,68.0,90.0,86.0,69.0,76.0,81.0,44.0
75,260.0,31.0,65.0,0.0,2.0,85.0,80.0,86.0,78.0,84.0,92.0,88.0,79.0,90.0,90.0,60.0,66.0,93.0,68.0
76,250.0,31.0,69.0,1.0,3.0,84.0,80.0,84.0,82.0,84.0,92.0,83.0,74.0,86.0,90.0,49.0,48.0,82.0,45.0
72,237.0,23.0,46.0,0.0,1.0,84.0,92.0,91.0,82.0,77.0,91.0,81.0,78.0,92.0,89.0,62.0,68.0,83.0,53.0
73,222.0,26.0,42.0,0.0,1.0,84.0,90.0,92.0,87.0,73.0,85.0,81.0,69.0,90.0,82.0,74.0,79.0,84.0,51.0
73,244.0,25.0,42.0,0.0,0.0,84.0,87.0,89.0,88.0,74.0,89.0,86.0,74.0,88.0,86.0,71.0,77.0,83.0,53.0
72,237.0,27.0,41.0,0.0,0.0,84.0,84.0,86.0,85.0,75.0,89.0,85.0,79.0,93.0,90.0,61.0,73.0,83.0,63.0
74,241.0,25.0,29.0,0.0,0.0,83.0,85.0,89.0,83.0,74.0,88.0,88.0,73.0,90.0,89.0,64.0,73.0,83.0,49.0
74,232.0,25.0,32.0,0.0,0.0,83.0,84.0,87.0,85.0,83.0,82.0,89.0,81.0,86.0,85.0,56.0,64.0,96.0,51.0
74,252.0,25.0,0.0,0.0,0.0,83.0,84.0,89.0,86.0,78.0,84.0,88.0,78.0,86.0,80.0,49.0,59.0,82.0,39.0
77,250.0,23.0,57.0,0.0,2.0,82.0,87.0,87.0,87.0,75.0,85.0,84.0,83.0,92.0,87.0,56.0,62.0,85.0,37.0
72,223.0,27.0,53.0,1.0,1.0,82.0,83.0,87.0,75.0,77.0,88.0,85.0,80.0,88.0,89.0,66.0,71.0,81.0,50.0
74,255.0,29.0,0.0,0.0,0.0,82.0,81.0,86.0,78.0,78.0,88.0,90.0,78.0,87.0,85.0,60.0,67.0,85.0,37.0
74,215.0,26.0,37.0,0.0,0.0,82.0,90.0,89.0,86.0,69.0,87.0,87.0,70.0,89.0,86.0,68.0,73.0,87.0,63.0
77,265.0,28.0,55.0,0.0,0.0,82.0,81.0,88.0,80.0,81.0,88.0,83.0,75.0,85.0,85.0,52.0,59.0,80.0,42.0
73,235.0,26.0,44.0,0.0,2.0,82.0,88.0,89.0,85.0,79.0,85.0,82.0,74.0,82.0,83.0,57.0,60.0,83.0,45.0
71,240.0,28.0,43.0,0.0,1.0,82.0,80.0,87.0,79.0,84.0,82.0,89.0,75.0,88.0,84.0,60.0,66.0,89.0,48.0
74,231.0,29.0,21.0,0.0,0.0,81.0,83.0,88.0,87.0,75.0,81.0,89.0,75.0,87.0,82.0,66.0,74.0,89.0,49.0
74,231.0,29.0,81.0,0.0,5.0,81.0,83.0,88.0,87.0,75.0,81.0,89.0,75.0,87.0,82.0,66.0,74.0,89.0,49.0
77,240.0,28.0,59.0,0.0,0.0,80.0,85.0,88.0,84.0,75.0,89.0,76.0,77.0,85.0,87.0,52.0,57.0,77.0,42.0
75,270.0,32.0,74.0,1.0,4.0,80.0,79.0,86.0,81.0,84.0,84.0,79.0,76.0,84.0,86.0,55.0,65.0,89.0,24.0
72,240.0,23.0,30.0,0.0,0.0,80.0,87.0,88.0,86.0,73.0,79.0,91.0,74.0,88.0,81.0,60.0,66.0,84.0,46.0
72,230.0,24.0,28.0,0.0,0.0,79.0,84.0,87.0,80.0,72.0,83.0,87.0,69.0,85.0,81.0,67.0,74.0,84.0,47.0
74,215.0,21.0,22.0,0.0,1.0,79.0,89.0,91.0,86.0,65.0,83.0,77.0,65.0,89.0,81.0,67.0,73.0,85.0,48.0
75,260.0,30.0,33.0,0.0,0.0,79.0,80.0,84.0,77.0,78.0,89.0,78.0,73.0,84.0,85.0,37.0,46.0,82.0,49.0
73,239.0,25.0,34.0,0.0,0.0,79.0,88.0,89.0,83.0,72.0,86.0,82.0,73.0,83.0,85.0,66.0,72.0,80.0,50.0
76,256.0,25.0,0.0,0.0,0.0,79.0,86.0,91.0,89.0,78.0,77.0,85.0,78.0,84.0,79.0,63.0,69.0,82.0,46.0
74,225.0,24.0,37.0,0.0,0.0,79.0,89.0,89.0,85.0,73.0,82.0,85.0,74.0,86.0,83.0,62.0,67.0,78.0,46.0
74,237.0,27.0,38.0,0.0,0.0,79.0,81.0,86.0,80.0,79.0,85.0,87.0,73.0,84.0,88.0,51.0,62.0,80.0,53.0
74,255.0,25.0,36.0,0.0,0.0,79.0,83.0,86.0,80.0,86.0,81.0,88.0,77.0,84.0,81.0,50.0,60.0,86.0,35.0
77,255.0,29.0,56.0,0.0,4.0,79.0,86.0,87.0,88.0,76.0,83.0,85.0,75.0,84.0,82.0,62.0,69.0,86.0,35.0
76,275.0,25.0,35.0,0.0,2.0,78.0,84.0,87.0,80.0,91.0,83.0,76.0,81.0,83.0,84.0,45.0,50.0,87.0,28.0
77,278.0,32.0,74.0,1.0,3.0,78.0,79.0,84.0,80.0,85.0,94.0,78.0,73.0,86.0,90.0,45.0,55.0,86.0,24.0
76,238.0,23.0,20.0,0.0,0.0,78.0,93.0,93.0,91.0,73.0,76.0,80.0,65.0,83.0,72.0,68.0,75.0,86.0,72.0
75,255.0,31.0,0.0,0.0,0.0,78.0,83.0,87.0,83.0,77.0,87.0,81.0,75.0,85.0,84.0,64.0,71.0,85.0,55.0
75,250.0,30.0,0.0,0.0,0.0,78.0,83.0,88.0,81.0,76.0,83.0,81.0,76.0,86.0,85.0,61.0,70.0,71.0,60.0
77,257.0,22.0,14.0,0.0,0.0,78.0,89.0,89.0,87.0,80.0,73.0,86.0,73.0,84.0,71.0,45.0,53.0,83.0,26.0
72,226.0,26.0,26.0,0.0,0.0,78.0,86.0,88.0,81.0,74.0,80.0,83.0,72.0,84.0,79.0,70.0,74.0,77.0,42.0
72,237.0,31.0,47.0,0.0,0.0,77.0,79.0,85.0,80.0,68.0,86.0,89.0,72.0,83.0,83.0,63.0,71.0,82.0,40.0
73,236.0,29.0,53.0,0.0,0.0,77.0,82.0,88.0,85.0,79.0,83.0,84.0,62.0,84.0,81.0,67.0,73.0,81.0,59.0
74,218.0,25.0,31.0,0.0,0.0,77.0,85.0,91.0,84.0,67.0,79.0,85.0,63.0,84.0,77.0,65.0,75.0,87.0,54.0
76,242.0,26.0,0.0,0.0,0.0,77.0,86.0,88.0,83.0,70.0,82.0,78.0,75.0,84.0,80.0,51.0,59.0,79.0,45.0
73,240.0,25.0,25.0,0.0,0.0,77.0,87.0,88.0,89.0,72.0,81.0,84.0,72.0,86.0,82.0,63.0,71.0,77.0,50.0
74,265.0,28.0,34.0,0.0,0.0,77.0,76.0,87.0,76.0,87.0,78.0,88.0,82.0,88.0,76.0,33.0,42.0,76.0,25.0
76,263.0,26.0,0.0,0.0,0.0,77.0,77.0,82.0,76.0,83.0,86.0,75.0,68.0,81.0,82.0,29.0,41.0,79.0,25.0
72,232.0,31.0,0.0,0.0,0.0,77.0,79.0,87.0,75.0,74.0,87.0,85.0,71.0,82.0,84.0,64.0,69.0,77.0,56.0
75,240.0,26.0,21.0,0.0,0.0,77.0,83.0,89.0,82.0,75.0,80.0,76.0,69.0,82.0,78.0,53.0,57.0,78.0,33.0
71,234.0,23.0,0.0,0.0,0.0,77.0,90.0,92.0,86.0,74.0,81.0,83.0,71.0,84.0,80.0,61.0,67.0,88.0,51.0
75,237.0,26.0,36.0,0.0,0.0,77.0,83.0,88.0,82.0,80.0,85.0,76.0,78.0,86.0,87.0,55.0,59.0,85.0,48.0
73,235.0,26.0,0.0,0.0,0.0,76.0,83.0,89.0,79.0,78.0,81.0,86.0,72.0,83.0,82.0,56.0,63.0,77.0,45.0
71,232.0,21.0,23.0,0.0,0.0,76.0,87.0,85.0,71.0,74.0,76.0,89.0,69.0,86.0,79.0,59.0,66.0,87.0,46.0
77,260.0,22.0,16.0,0.0,0.0,76.0,86.0,89.0,85.0,80.0,75.0,76.0,72.0,82.0,75.0,40.0,49.0,76.0,27.0
73,242.0,25.0,0.0,0.0,0.0,76.0,78.0,84.0,82.0,72.0,79.0,88.0,73.0,87.0,77.0,59.0,68.0,79.0,44.0
75,250.0,26.0,16.0,0.0,0.0,76.0,82.0,87.0,80.0,75.0,78.0,81.0,75.0,84.0,77.0,34.0,40.0,82.0,32.0
76,246.0,32.0,64.0,0.0,1.0,76.0,79.0,83.0,78.0,69.0,72.0,86.0,78.0,91.0,68.0,67.0,70.0,87.0,60.0
72,229.0,22.0,48.0,0.0,2.0,76.0,87.0,88.0,86.0,70.0,83.0,80.0,71.0,88.0,81.0,60.0,66.0,84.0,53.0
73,227.0,27.0,43.0,0.0,1.0,76.0,86.0,90.0,83.0,79.0,76.0,79.0,73.0,86.0,73.0,65.0,73.0,86.0,57.0
73,245.0,27.0,37.0,0.0,1.0,76.0,82.0,86.0,80.0,76.0,82.0,80.0,76.0,85.0,83.0,58.0,70.0,80.0,52.0
75,255.0,24.0,10.0,0.0,0.0,75.0,83.0,87.0,79.0,79.0,75.0,81.0,72.0,81.0,74.0,38.0,46.0,81.0,34.0
73,236.0,26.0,32.0,0.0,0.0,75.0,78.0,88.0,85.0,70.0,77.0,84.0,77.0,83.0,79.0,60.0,67.0,85.0,45.0
75,256.0,30.0,33.0,0.0,0.0,75.0,81.0,88.0,76.0,75.0,75.0,82.0,75.0,83.0,78.0,51.0,63.0,77.0,50.0
74,234.0,26.0,25.0,0.0,0.0,75.0,87.0,89.0,85.0,77.0,76.0,82.0,71.0,82.0,73.0,64.0,72.0,81.0,56.0
74,251.0,24.0,24.0,0.0,0.0,75.0,84.0,88.0,83.0,72.0,77.0,76.0,72.0,81.0,75.0,47.0,59.0,83.0,37.0
72,235.0,29.0,41.0,0.0,0.0,75.0,80.0,86.0,79.0,77.0,80.0,85.0,76.0,85.0,78.0,51.0,59.0,87.0,55.0
76,257.0,28.0,44.0,0.0,1.0,75.0,82.0,86.0,79.0,77.0,70.0,85.0,83.0,85.0,73.0,54.0,63.0,88.0,42.0
74,229.0,23.0,0.0,0.0,0.0,75.0,84.0,87.0,82.0,71.0,80.0,84.0,70.0,83.0,77.0,62.0,70.0,82.0,46.0
74,242.0,28.0,20.0,0.0,0.0,75.0,80.0,86.0,82.0,78.0,74.0,85.0,75.0,85.0,72.0,64.0,72.0,79.0,37.0
76,269.0,28.0,44.0,0.0,0.0,75.0,86.0,88.0,77.0,76.0,76.0,80.0,74.0,84.0,77.0,44.0,57.0,88.0,56.0
74,245.0,25.0,39.0,0.0,0.0,74.0,87.0,89.0,79.0,76.0,76.0,83.0,66.0,83.0,74.0,62.0,72.0,81.0,55.0
72,232.0,27.0,0.0,0.0,0.0,74.0,85.0,87.0,75.0,81.0,75.0,77.0,62.0,81.0,73.0,46.0,55.0,76.0,34.0
74,241.0,22.0,0.0,0.0,0.0,74.0,87.0,89.0,85.0,73.0,78.0,81.0,71.0,84.0,77.0,59.0,64.0,85.0,52.0
73,222.0,26.0,25.0,0.0,1.0,74.0,87.0,89.0,86.0,76.0,73.0,72.0,63.0,84.0,75.0,70.0,75.0,92.0,79.0
74,249.0,21.0,16.0,0.0,0.0,74.0,86.0,90.0,80.0,77.0,71.0,77.0,71.0,81.0,74.0,43.0,51.0,80.0,32.0
72,243.0,28.0,31.0,0.0,0.0,74.0,81.0,86.0,76.0,74.0,79.0,85.0,72.0,85.0,80.0,49.0,61.0,83.0,55.0
76,258.0,31.0,49.0,0.0,0.0,74.0,80.0,88.0,79.0,78.0,78.0,78.0,72.0,82.0,76.0,52.0,62.0,85.0,30.0
73,245.0,22.0,0.0,0.0,0.0,74.0,86.0,90.0,84.0,73.0,69.0,78.0,64.0,82.0,67.0,51.0,60.0,79.0,43.0
72,227.0,29.0,0.0,0.0,0.0,74.0,84.0,85.0,82.0,74.0,77.0,83.0,74.0,84.0,79.0,57.0,67.0,84.0,55.0
75,228.0,27.0,0.0,0.0,0.0,74.0,82.0,86.0,80.0,73.0,84.0,84.0,70.0,81.0,82.0,63.0,65.0,74.0,58.0
73,235.0,32.0,0.0,0.0,0.0,74.0,78.0,82.0,75.0,77.0,78.0,82.0,74.0,85.0,81.0,59.0,64.0,82.0,50.0
75,242.0,24.0,30.0,0.0,0.0,74.0,82.0,85.0,82.0,76.0,70.0,82.0,73.0,83.0,67.0,52.0,59.0,80.0,42.0
74,235.0,29.0,40.0,0.0,0.0,74.0,85.0,87.0,79.0,68.0,85.0,83.0,71.0,83.0,87.0,54.0,61.0,76.0,61.0
74,230.0,27.0,24.0,0.0,0.0,74.0,88.0,91.0,88.0,72.0,73.0,80.0,72.0,83.0,75.0,63.0,66.0,81.0,65.0
74,235.0,25.0,0.0,0.0,0.0,73.0,77.0,87.0,85.0,74.0,75.0,81.0,74.0,82.0,72.0,47.0,57.0,81.0,37.0
72,225.0,32.0,32.0,0.0,0.0,73.0,82.0,84.0,77.0,73.0,77.0,83.0,75.0,83.0,78.0,58.0,69.0,77.0,51.0
76,260.0,22.0,21.0,0.0,0.0,73.0,84.0,87.0,82.0,76.0,72.0,80.0,71.0,86.0,70.0,63.0,70.0,88.0,44.0
77,245.0,29.0,16.0,0.0,0.0,73.0,80.0,86.0,80.0,75.0,78.0,79.0,70.0,78.0,76.0,53.0,60.0,80.0,44.0
75,255.0,27.0,0.0,0.0,0.0,73.0,84.0,87.0,83.0,73.0,74.0,77.0,63.0,82.0,70.0,41.0,45.0,83.0,42.0
73,245.0,30.0,0.0,0.0,0.0,73.0,83.0,87.0,79.0,72.0,70.0,86.0,76.0,85.0,72.0,45.0,51.0,82.0,55.0
77,255.0,25.0,30.0,0.0,0.0,73.0,88.0,90.0,84.0,74.0,67.0,79.0,68.0,82.0,66.0,56.0,66.0,79.0,46.0
74,253.0,26.0,12.0,0.0,0.0,73.0,82.0,87.0,81.0,83.0,66.0,80.0,71.0,82.0,63.0,45.0,51.0,75.0,30.0
75,265.0,32.0,29.0,0.0,0.0,73.0,75.0,80.0,75.0,88.0,83.0,79.0,72.0,80.0,81.0,53.0,63.0,83.0,20.0
75,235.0,23.0,23.0,0.0,0.0,73.0,85.0,89.0,82.0,72.0,75.0,85.0,66.0,85.0,74.0,61.0,68.0,82.0,50.0
76,267.0,24.0,10.0,0.0,0.0,73.0,83.0,86.0,75.0,86.0,69.0,75.0,67.0,82.0,64.0,51.0,58.0,79.0,53.0
73,230.0,26.0,2.0,0.0,0.0,73.0,85.0,89.0,84.0,75.0,72.0,83.0,73.0,84.0,74.0,60.0,66.0,76.0,49.0
73,230.0,26.0,0.0,0.0,0.0,73.0,85.0,89.0,84.0,75.0,72.0,83.0,73.0,84.0,74.0,60.0,66.0,76.0,49.0
73,228.0,24.0,0.0,0.0,0.0,72.0,82.0,87.0,78.0,67.0,79.0,83.0,69.0,85.0,78.0,56.0,66.0,84.0,47.0
74,215.0,23.0,9.0,0.0,0.0,72.0,88.0,91.0,86.0,70.0,76.0,77.0,66.0,81.0,74.0,62.0,67.0,82.0,59.0
77,259.0,22.0,22.0,0.0,0.0,72.0,83.0,87.0,82.0,81.0,68.0,74.0,67.0,82.0,70.0,45.0,53.0,83.0,45.0
74,240.0,27.0,0.0,0.0,0.0,72.0,85.0,87.0,80.0,72.0,73.0,84.0,69.0,86.0,71.0,55.0,61.0,82.0,42.0
76,234.0,22.0,16.0,0.0,0.0,72.0,90.0,92.0,84.0,73.0,65.0,82.0,65.0,86.0,69.0,61.0,68.0,76.0,44.0
74,245.0,26.0,37.0,0.0,1.0,72.0,87.0,89.0,84.0,73.0,71.0,83.0,70.0,83.0,68.0,62.0,68.0,91.0,52.0
75,254.0,22.0,10.0,0.0,0.0,72.0,85.0,90.0,86.0,78.0,65.0,76.0,67.0,82.0,64.0,49.0,54.0,85.0,29.0
73,235.0,25.0,19.0,0.0,0.0,72.0,89.0,90.0,85.0,70.0,68.0,83.0,72.0,82.0,66.0,59.0,68.0,83.0,46.0
75,241.0,26.0,30.0,0.0,0.0,72.0,84.0,88.0,84.0,74.0,76.0,77.0,70.0,81.0,75.0,64.0,71.0,83.0,43.0
77,248.0,25.0,8.0,0.0,0.0,72.0,86.0,87.0,81.0,71.0,73.0,78.0,71.0,81.0,72.0,55.0,60.0,79.0,36.0
74,230.0,21.0,2.0,0.0,0.0,72.0,82.0,87.0,71.0,71.0,74.0,84.0,70.0,85.0,76.0,55.0,64.0,84.0,44.0
74,230.0,21.0,21.0,0.0,0.0,72.0,82.0,87.0,71.0,71.0,74.0,84.0,70.0,85.0,76.0,55.0,64.0,84.0,44.0
75,247.0,23.0,16.0,0.0,0.0,72.0,84.0,87.0,85.0,75.0,73.0,84.0,70.0,82.0,72.0,54.0,63.0,83.0,55.0
74,237.0,24.0,22.0,0.0,0.0,72.0,84.0,88.0,85.0,79.0,74.0,82.0,69.0,79.0,72.0,55.0,64.0,78.0,50.0
75,258.0,33.0,42.0,0.0,0.0,71.0,85.0,87.0,82.0,72.0,70.0,80.0,72.0,84.0,73.0,47.0,55.0,84.0,41.0
74,235.0,29.0,52.0,0.0,0.0,71.0,82.0,87.0,81.0,70.0,79.0,82.0,65.0,80.0,81.0,53.0,64.0,88.0,63.0
77,265.0,27.0,12.0,0.0,0.0,71.0,81.0,85.0,77.0,78.0,74.0,80.0,64.0,78.0,76.0,37.0,44.0,79.0,40.0
73,234.0,25.0,18.0,0.0,0.0,71.0,84.0,88.0,75.0,75.0,70.0,84.0,73.0,83.0,68.0,62.0,67.0,77.0,57.0
76,263.0,28.0,0.0,0.0,0.0,71.0,79.0,87.0,73.0,79.0,75.0,78.0,73.0,81.0,73.0,49.0,59.0,80.0,30.0
72,236.0,28.0,0.0,0.0,0.0,71.0,82.0,87.0,79.0,70.0,73.0,80.0,70.0,81.0,73.0,49.0,59.0,81.0,50.0
76,252.0,24.0,8.0,0.0,0.0,71.0,80.0,83.0,82.0,77.0,76.0,76.0,68.0,80.0,73.0,41.0,47.0,78.0,22.0
74,250.0,24.0,31.0,0.0,0.0,71.0,83.0,86.0,80.0,78.0,72.0,81.0,73.0,82.0,72.0,55.0,63.0,84.0,46.0
72,225.0,26.0,0.0,0.0,0.0,71.0,87.0,85.0,83.0,76.0,76.0,80.0,67.0,81.0,78.0,56.0,62.0,72.0,54.0
71,227.0,24.0,0.0,0.0,0.0,71.0,84.0,87.0,86.0,70.0,78.0,75.0,72.0,84.0,79.0,57.0,63.0,87.0,51.0
75,240.0,30.0,0.0,0.0,0.0,70.0,79.0,85.0,83.0,73.0,71.0,83.0,71.0,82.0,73.0,49.0,56.0,83.0,60.0
75,240.0,30.0,1.0,0.0,0.0,70.0,79.0,85.0,83.0,73.0,71.0,83.0,71.0,82.0,73.0,49.0,56.0,83.0,60.0
73,240.0,30.0,37.0,0.0,0.0,70.0,81.0,85.0,73.0,72.0,84.0,76.0,72.0,79.0,86.0,54.0,61.0,75.0,52.0
73,238.0,25.0,19.0,0.0,0.0,70.0,85.0,89.0,80.0,76.0,66.0,78.0,76.0,78.0,68.0,51.0,58.0,84.0,42.0
75,246.0,28.0,5.0,0.0,0.0,70.0,83.0,86.0,79.0,77.0,65.0,79.0,74.0,80.0,63.0,60.0,61.0,77.0,38.0
73,245.0,25.0,22.0,0.0,0.0,70.0,85.0,90.0,79.0,83.0,72.0,77.0,73.0,81.0,74.0,45.0,51.0,87.0,42.0
72,232.0,25.0,8.0,0.0,0.0,70.0,81.0,85.0,80.0,78.0,69.0,81.0,71.0,81.0,72.0,57.0,64.0,88.0,31.0
76,252.0,23.0,5.0,0.0,0.0,70.0,86.0,89.0,78.0,81.0,66.0,71.0,66.0,79.0,62.0,39.0,45.0,80.0,23.0
75,236.0,24.0,0.0,0.0,0.0,70.0,78.0,84.0,84.0,73.0,74.0,77.0,72.0,82.0,71.0,42.0,49.0,86.0,55.0
72,225.0,26.0,0.0,0.0,0.0,70.0,83.0,85.0,77.0,75.0,70.0,78.0,72.0,82.0,73.0,61.0,67.0,87.0,54.0
73,229.0,25.0,0.0,0.0,0.0,70.0,85.0,87.0,79.0,71.0,70.0,83.0,66.0,83.0,73.0,55.0,63.0,82.0,46.0
78,270.0,26.0,9.0,0.0,0.0,70.0,78.0,88.0,79.0,80.0,64.0,79.0,68.0,80.0,66.0,42.0,48.0,79.0,29.0
72,231.0,29.0,15.0,0.0,0.0,70.0,85.0,87.0,85.0,80.0,73.0,83.0,62.0,82.0,70.0,55.0,64.0,73.0,40.0
74,239.0,28.0,27.0,0.0,0.0,70.0,81.0,85.0,83.0,71.0,74.0,82.0,72.0,81.0,75.0,49.0,59.0,79.0,57.0
75,252.0,28.0,15.0,0.0,0.0,69.0,83.0,86.0,77.0,73.0,70.0,77.0,67.0,80.0,68.0,46.0,41.0,75.0,44.0
75,241.0,22.0,16.0,0.0,0.0,69.0,87.0,91.0,85.0,75.0,66.0,78.0,73.0,81.0,65.0,65.0,61.0,85.0,48.0
73,233.0,23.0,0.0,0.0,0.0,69.0,84.0,87.0,81.0,78.0,68.0,78.0,69.0,79.0,66.0,56.0,65.0,85.0,46.0
79,271.0,24.0,15.0,0.0,0.0,69.0,78.0,87.0,82.0,76.0,69.0,78.0,75.0,79.0,70.0,36.0,43.0,80.0,26.0
72,246.0,30.0,27.0,0.0,0.0,69.0,76.0,84.0,79.0,77.0,74.0,82.0,71.0,79.0,73.0,50.0,59.0,81.0,60.0
73,220.0,26.0,5.0,0.0,0.0,69.0,85.0,87.0,91.0,73.0,70.0,81.0,61.0,81.0,68.0,62.0,68.0,85.0,46.0
73,243.0,23.0,0.0,0.0,0.0,69.0,88.0,90.0,81.0,71.0,72.0,79.0,66.0,79.0,67.0,59.0,65.0,86.0,56.0
72,238.0,27.0,48.0,0.0,0.0,69.0,83.0,83.0,76.0,82.0,73.0,75.0,72.0,82.0,75.0,47.0,59.0,89.0,52.0
72,250.0,26.0,11.0,0.0,0.0,69.0,85.0,88.0,85.0,82.0,64.0,77.0,65.0,78.0,63.0,50.0,55.0,81.0,29.0
73,230.0,23.0,3.0,0.0,0.0,69.0,89.0,91.0,85.0,69.0,71.0,79.0,67.0,82.0,68.0,56.0,59.0,84.0,53.0
74,245.0,28.0,18.0,0.0,0.0,69.0,80.0,86.0,77.0,75.0,71.0,82.0,69.0,81.0,73.0,49.0,55.0,75.0,39.0
71,225.0,25.0,38.0,1.0,0.0,69.0,87.0,89.0,78.0,65.0,72.0,79.0,66.0,84.0,70.0,60.0,65.0,87.0,50.0
74,243.0,25.0,15.0,0.0,0.0,69.0,86.0,88.0,81.0,83.0,63.0,80.0,73.0,80.0,66.0,58.0,60.0,82.0,43.0
74,252.0,28.0,0.0,0.0,0.0,69.0,83.0,86.0,78.0,77.0,61.0,80.0,71.0,81.0,63.0,61.0,63.0,84.0,48.0
75,235.0,25.0,9.0,0.0,0.0,69.0,79.0,86.0,78.0,78.0,63.0,82.0,74.0,81.0,64.0,47.0,56.0,79.0,43.0
77,262.0,23.0,5.0,0.0,0.0,69.0,83.0,88.0,83.0,74.0,66.0,76.0,66.0,78.0,63.0,42.0,49.0,84.0,28.0
77,271.0,25.0,8.0,0.0,0.0,69.0,78.0,84.0,76.0,81.0,70.0,80.0,73.0,82.0,69.0,41.0,49.0,83.0,23.0
76,250.0,24.0,0.0,0.0,0.0,68.0,81.0,82.0,78.0,77.0,69.0,82.0,74.0,82.0,66.0,54.0,62.0,81.0,39.0
72,244.0,26.0,8.0,0.0,0.0,68.0,84.0,88.0,81.0,76.0,62.0,85.0,73.0,78.0,59.0,58.0,63.0,82.0,40.0
75,229.0,22.0,5.0,0.0,0.0,68.0,84.0,87.0,72.0,73.0,64.0,84.0,71.0,82.0,67.0,51.0,57.0,80.0,48.0
75,263.0,30.0,0.0,0.0,0.0,68.0,85.0,85.0,77.0,82.0,69.0,74.0,63.0,78.0,69.0,49.0,58.0,74.0,42.0
75,263.0,30.0,14.0,0.0,0.0,68.0,80.0,84.0,73.0,71.0,69.0,82.0,66.0,78.0,67.0,41.0,50.0,78.0,30.0
73,256.0,28.0,0.0,0.0,0.0,68.0,75.0,82.0,76.0,80.0,69.0,79.0,71.0,80.0,65.0,45.0,53.0,78.0,45.0
75,238.0,24.0,15.0,0.0,0.0,68.0,86.0,86.0,81.0,72.0,69.0,81.0,67.0,80.0,72.0,54.0,60.0,84.0,42.0
75,226.0,23.0,20.0,0.0,0.0,68.0,90.0,87.0,83.0,69.0,67.0,80.0,64.0,77.0,69.0,59.0,69.0,88.0,73.0
74,225.0,24.0,28.0,1.0,1.0,68.0,85.0,88.0,83.0,78.0,66.0,79.0,68.0,80.0,62.0,51.0,59.0,81.0,52.0
72,230.0,23.0,2.0,0.0,0.0,68.0,86.0,88.0,86.0,71.0,62.0,85.0,65.0,82.0,61.0,55.0,64.0,82.0,48.0
74,232.0,28.0,0.0,0.0,0.0,68.0,82.0,86.0,77.0,67.0,71.0,85.0,64.0,81.0,67.0,62.0,67.0,84.0,55.0
72,235.0,27.0,97.0,2.0,5.0,68.0,79.0,87.0,77.0,71.0,73.0,84.0,65.0,79.0,74.0,49.0,57.0,83.0,43.0
75,250.0,25.0,0.0,0.0,0.0,68.0,81.0,84.0,81.0,70.0,67.0,79.0,68.0,80.0,64.0,40.0,49.0,79.0,24.0
73,248.0,23.0,0.0,0.0,0.0,68.0,78.0,85.0,80.0,79.0,63.0,75.0,64.0,79.0,60.0,42.0,49.0,80.0,20.0
74,236.0,25.0,4.0,0.0,0.0,68.0,84.0,88.0,81.0,70.0,68.0,80.0,68.0,79.0,70.0,57.0,64.0,82.0,44.0
75,256.0,23.0,25.0,0.0,0.0,67.0,82.0,85.0,73.0,68.0,70.0,79.0,72.0,81.0,69.0,29.0,38.0,78.0,49.0
76,260.0,26.0,1.0,0.0,0.0,67.0,83.0,88.0,83.0,83.0,60.0,78.0,69.0,78.0,57.0,41.0,45.0,77.0,27.0
74,235.0,26.0,0.0,0.0,0.0,67.0,82.0,84.0,82.0,71.0,73.0,82.0,67.0,79.0,72.0,54.0,60.0,79.0,45.0
75,232.0,23.0,3.0,0.0,0.0,67.0,88.0,90.0,83.0,65.0,62.0,78.0,62.0,77.0,61.0,64.0,70.0,76.0,63.0
71,224.0,23.0,7.0,0.0,0.0,67.0,87.0,89.0,84.0,68.0,66.0,77.0,63.0,82.0,65.0,62.0,66.0,84.0,62.0
75,243.0,23.0,2.0,0.0,0.0,67.0,83.0,85.0,77.0,76.0,69.0,78.0,67.0,78.0,67.0,39.0,48.0,75.0,35.0
74,235.0,24.0,16.0,0.0,0.0,67.0,83.0,88.0,80.0,76.0,69.0,79.0,64.0,82.0,70.0,55.0,59.0,81.0,49.0
76,263.0,24.0,5.0,0.0,0.0,67.0,78.0,85.0,72.0,78.0,74.0,77.0,72.0,76.0,70.0,28.0,39.0,77.0,10.0
75,240.0,23.0,4.0,0.0,0.0,67.0,84.0,87.0,80.0,76.0,71.0,74.0,69.0,81.0,69.0,56.0,62.0,85.0,48.0
74,259.0,24.0,20.0,0.0,0.0,67.0,81.0,87.0,74.0,81.0,66.0,78.0,69.0,79.0,63.0,52.0,58.0,77.0,56.0
74,235.0,24.0,0.0,0.0,0.0,67.0,76.0,86.0,76.0,76.0,68.0,84.0,67.0,78.0,71.0,52.0,57.0,84.0,50.0
76,240.0,32.0,13.0,0.0,0.0,67.0,80.0,86.0,76.0,73.0,77.0,80.0,67.0,77.0,79.0,44.0,54.0,62.0,40.0
75,245.0,26.0,0.0,0.0,0.0,67.0,85.0,87.0,80.0,77.0,71.0,75.0,70.0,80.0,71.0,52.0,56.0,79.0,43.0
72,237.0,27.0,0.0,0.0,0.0,67.0,85.0,90.0,84.0,84.0,65.0,78.0,63.0,77.0,61.0,59.0,67.0,82.0,42.0
75,231.0,24.0,10.0,0.0,0.0,67.0,85.0,87.0,82.0,71.0,72.0,76.0,67.0,79.0,70.0,60.0,66.0,77.0,59.0
74,227.0,24.0,5.0,0.0,0.0,67.0,86.0,88.0,82.0,75.0,66.0,75.0,63.0,85.0,60.0,54.0,65.0,85.0,40.0
72,215.0,27.0,14.0,0.0,0.0,66.0,86.0,88.0,81.0,61.0,68.0,72.0,53.0,75.0,65.0,68.0,72.0,85.0,70.0
76,254.0,29.0,0.0,0.0,0.0,66.0,80.0,84.0,78.0,71.0,74.0,72.0,64.0,79.0,67.0,31.0,38.0,82.0,25.0
73,232.0,25.0,5.0,0.0,0.0,66.0,85.0,88.0,80.0,67.0,59.0,81.0,73.0,82.0,60.0,60.0,67.0,84.0,45.0
75,242.0,26.0,9.0,0.0,0.0,66.0,87.0,89.0,84.0,75.0,72.0,78.0,60.0,79.0,73.0,47.0,53.0,74.0,45.0
72,235.0,24.0,7.0,0.0,0.0,66.0,82.0,87.0,80.0,74.0,67.0,80.0,68.0,79.0,64.0,58.0,64.0,83.0,46.0
73,235.0,28.0,9.0,0.0,0.0,66.0,77.0,85.0,76.0,75.0,71.0,83.0,63.0,78.0,70.0,46.0,58.0,78.0,55.0
73,230.0,26.0,7.0,0.0,0.0,66.0,83.0,87.0,79.0,73.0,67.0,79.0,66.0,78.0,70.0,53.0,63.0,85.0,38.0
75,230.0,22.0,0.0,0.0,0.0,66.0,81.0,88.0,81.0,73.0,60.0,76.0,63.0,78.0,57.0,37.0,47.0,77.0,33.0
72,229.0,25.0,14.0,0.0,0.0,66.0,86.0,88.0,80.0,79.0,61.0,81.0,63.0,78.0,62.0,53.0,58.0,86.0,49.0
72,239.0,25.0,35.0,0.0,1.0,66.0,85.0,90.0,82.0,80.0,58.0,77.0,66.0,79.0,59.0,51.0,60.0,77.0,43.0
73,230.0,27.0,19.0,0.0,0.0,66.0,86.0,87.0,83.0,74.0,73.0,76.0,62.0,80.0,74.0,50.0,55.0,82.0,42.0
75,249.0,31.0,0.0,0.0,0.0,66.0,79.0,84.0,78.0,72.0,66.0,74.0,62.0,80.0,68.0,47.0,49.0,70.0,56.0
72,233.0,26.0,17.0,0.0,1.0,66.0,82.0,86.0,77.0,70.0,75.0,74.0,63.0,77.0,72.0,69.0,64.0,83.0,49.0
75,233.0,26.0,12.0,0.0,0.0,66.0,86.0,89.0,86.0,69.0,61.0,78.0,63.0,79.0,60.0,62.0,69.0,83.0,53.0
73,241.0,25.0,6.0,0.0,0.0,66.0,87.0,89.0,82.0,77.0,60.0,79.0,69.0,82.0,62.0,50.0,55.0,80.0,34.0
74,285.0,25.0,0.0,0.0,0.0,66.0,76.0,85.0,73.0,78.0,66.0,78.0,71.0,78.0,68.0,36.0,30.0,78.0,22.0
73,230.0,30.0,0.0,0.0,0.0,66.0,84.0,85.0,87.0,78.0,68.0,79.0,58.0,78.0,68.0,47.0,54.0,77.0,55.0
74,237.0,26.0,0.0,0.0,0.0,66.0,86.0,89.0,88.0,69.0,66.0,80.0,60.0,80.0,68.0,57.0,62.0,76.0,43.0
74,227.0,24.0,2.0,0.0,0.0,66.0,90.0,90.0,77.0,74.0,67.0,77.0,65.0,79.0,64.0,52.0,58.0,83.0,63.0
73,240.0,22.0,1.0,0.0,0.0,66.0,86.0,88.0,73.0,75.0,67.0,79.0,65.0,82.0,67.0,53.0,60.0,83.0,38.0
72,233.0,22.0,7.0,0.0,0.0,66.0,86.0,89.0,76.0,72.0,63.0,82.0,64.0,80.0,63.0,56.0,67.0,87.0,54.0
74,235.0,24.0,0.0,0.0,0.0,66.0,84.0,87.0,81.0,69.0,65.0,79.0,64.0,83.0,61.0,58.0,64.0,80.0,61.0
73,231.0,23.0,0.0,0.0,0.0,65.0,83.0,89.0,80.0,76.0,61.0,82.0,66.0,77.0,64.0,48.0,58.0,81.0,51.0
72,240.0,24.0,0.0,0.0,0.0,65.0,84.0,89.0,73.0,72.0,54.0,82.0,68.0,79.0,57.0,45.0,58.0,84.0,46.0
73,222.0,22.0,0.0,0.0,0.0,65.0,84.0,91.0,79.0,64.0,71.0,75.0,62.0,82.0,72.0,52.0,57.0,84.0,40.0
75,220.0,23.0,5.0,0.0,0.0,65.0,89.0,91.0,87.0,69.0,61.0,80.0,60.0,78.0,65.0,55.0,63.0,72.0,38.0
77,268.0,22.0,10.0,0.0,0.0,65.0,79.0,83.0,75.0,79.0,68.0,79.0,67.0,78.0,71.0,32.0,44.0,76.0,19.0
75,235.0,24.0,0.0,0.0,0.0,65.0,81.0,85.0,77.0,71.0,62.0,81.0,69.0,79.0,60.0,52.0,60.0,78.0,44.0
74,252.0,27.0,22.0,0.0,0.0,65.0,79.0,85.0,77.0,79.0,64.0,75.0,77.0,76.0,67.0,50.0,55.0,87.0,53.0
73,234.0,23.0,5.0,0.0,0.0,65.0,81.0,85.0,76.0,78.0,65.0,79.0,69.0,77.0,68.0,52.0,56.0,87.0,50.0
74,216.0,21.0,11.0,0.0,0.0,65.0,82.0,87.0,79.0,65.0,66.0,78.0,62.0,79.0,69.0,66.0,63.0,85.0,74.0
75,215.0,22.0,2.0,0.0,0.0,65.0,87.0,89.0,82.0,67.0,64.0,81.0,66.0,77.0,60.0,53.0,60.0,83.0,77.0
73,238.0,22.0,11.0,0.0,0.0,65.0,86.0,84.0,70.0,79.0,62.0,81.0,68.0,78.0,61.0,52.0,64.0,84.0,42.0
73,219.0,25.0,3.0,0.0,0.0,65.0,87.0,89.0,82.0,67.0,65.0,79.0,62.0,78.0,63.0,57.0,65.0,78.0,56.0
75,238.0,25.0,10.0,0.0,0.0,64.0,86.0,88.0,82.0,71.0,66.0,75.0,64.0,81.0,63.0,58.0,63.0,83.0,50.0
74,230.0,25.0,8.0,0.0,0.0,64.0,81.0,88.0,81.0,68.0,60.0,80.0,66.0,76.0,62.0,62.0,62.0,86.0,48.0
75,243.0,26.0,0.0,0.0,0.0,64.0,84.0,87.0,83.0,75.0,56.0,77.0,67.0,78.0,57.0,50.0,56.0,80.0,43.0
72,230.0,26.0,0.0,0.0,0.0,64.0,81.0,84.0,77.0,69.0,63.0,80.0,67.0,78.0,62.0,51.0,63.0,83.0,51.0
73,240.0,28.0,0.0,0.0,0.0,64.0,81.0,87.0,82.0,75.0,58.0,78.0,58.0,74.0,55.0,61.0,67.0,72.0,56.0
77,229.0,24.0,0.0,0.0,0.0,64.0,82.0,88.0,81.0,69.0,59.0,75.0,60.0,78.0,57.0,38.0,47.0,75.0,31.0
76,257.0,22.0,3.0,0.0,0.0,64.0,78.0,85.0,76.0,76.0,66.0,77.0,64.0,75.0,63.0,42.0,48.0,76.0,32.0
75,247.0,21.0,0.0,0.0,0.0,64.0,82.0,87.0,76.0,79.0,61.0,80.0,69.0,79.0,62.0,22.0,33.0,78.0,21.0
74,238.0,26.0,23.0,0.0,0.0,64.0,82.0,87.0,87.0,72.0,57.0,77.0,65.0,79.0,59.0,53.0,58.0,84.0,45.0
72,236.0,22.0,0.0,0.0,0.0,64.0,80.0,84.0,75.0,72.0,55.0,81.0,65.0,81.0,65.0,50.0,60.0,75.0,40.0
74,215.0,25.0,104.0,2.0,6.0,64.0,85.0,90.0,79.0,57.0,67.0,74.0,61.0,78.0,65.0,60.0,66.0,86.0,64.0
74,215.0,25.0,6.0,0.0,0.0,64.0,85.0,90.0,79.0,57.0,67.0,74.0,61.0,78.0,65.0,60.0,66.0,86.0,64.0
74,230.0,22.0,4.0,0.0,0.0,64.0,84.0,87.0,81.0,69.0,68.0,80.0,63.0,76.0,67.0,60.0,58.0,75.0,48.0
75,220.0,23.0,0.0,0.0,0.0,63.0,85.0,88.0,80.0,64.0,52.0,74.0,60.0,78.0,55.0,44.0,56.0,72.0,41.0
72,237.0,23.0,0.0,0.0,0.0,63.0,86.0,88.0,74.0,74.0,63.0,77.0,67.0,76.0,66.0,54.0,57.0,79.0,31.0
74,240.0,23.0,0.0,0.0,0.0,63.0,85.0,91.0,77.0,73.0,56.0,76.0,61.0,78.0,54.0,38.0,48.0,78.0,30.0
73,239.0,22.0,10.0,0.0,0.0,63.0,80.0,85.0,71.0,74.0,56.0,81.0,66.0,78.0,64.0,53.0,60.0,86.0,47.0
76,224.0,26.0,16.0,0.0,0.0,63.0,85.0,89.0,84.0,74.0,59.0,75.0,64.0,78.0,58.0,51.0,58.0,79.0,37.0
77,233.0,23.0,4.0,0.0,0.0,63.0,83.0,86.0,78.0,70.0,61.0,75.0,68.0,80.0,59.0,54.0,56.0,84.0,49.0
74,236.0,24.0,2.0,0.0,0.0,63.0,84.0,86.0,79.0,69.0,62.0,77.0,64.0,79.0,59.0,57.0,61.0,79.0,47.0
74,230.0,24.0,0.0,0.0,0.0,63.0,85.0,85.0,78.0,72.0,56.0,77.0,66.0,77.0,58.0,52.0,61.0,84.0,46.0
73,234.0,21.0,2.0,0.0,0.0,63.0,88.0,91.0,81.0,68.0,57.0,78.0,64.0,80.0,67.0,53.0,58.0,74.0,47.0
76,253.0,23.0,0.0,0.0,0.0,63.0,81.0,84.0,79.0,79.0,63.0,73.0,65.0,77.0,59.0,37.0,48.0,79.0,31.0
75,240.0,23.0,0.0,0.0,0.0,63.0,81.0,85.0,79.0,75.0,63.0,79.0,65.0,79.0,60.0,53.0,61.0,80.0,44.0
72,230.0,24.0,0.0,0.0,0.0,63.0,88.0,90.0,83.0,68.0,60.0,81.0,66.0,77.0,57.0,56.0,62.0,77.0,46.0
76,259.0,23.0,5.0,0.0,0.0,63.0,76.0,86.0,78.0,77.0,65.0,74.0,65.0,76.0,63.0,32.0,42.0,77.0,24.0
74,210.0,24.0,0.0,0.0,0.0,62.0,86.0,87.0,77.0,65.0,64.0,74.0,61.0,79.0,60.0,58.0,64.0,77.0,60.0
73,227.0,25.0,2.0,0.0,0.0,62.0,83.0,87.0,81.0,68.0,61.0,76.0,65.0,78.0,58.0,52.0,57.0,83.0,48.0
75,249.0,22.0,0.0,0.0,0.0,62.0,85.0,89.0,72.0,72.0,55.0,76.0,67.0,75.0,52.0,29.0,34.0,77.0,35.0
73,245.0,23.0,0.0,0.0,0.0,62.0,81.0,84.0,69.0,80.0,51.0,77.0,67.0,81.0,50.0,28.0,32.0,74.0,39.0
71,225.0,30.0,0.0,0.0,0.0,62.0,85.0,84.0,76.0,63.0,57.0,79.0,57.0,79.0,55.0,63.0,68.0,86.0,64.0
75,236.0,24.0,5.0,0.0,0.0,62.0,86.0,87.0,76.0,71.0,66.0,77.0,65.0,79.0,61.0,46.0,55.0,78.0,39.0
78,262.0,23.0,1.0,0.0,0.0,62.0,80.0,88.0,79.0,74.0,59.0,76.0,63.0,79.0,55.0,34.0,43.0,75.0,30.0
78,255.0,23.0,0.0,0.0,0.0,62.0,79.0,82.0,77.0,72.0,60.0,77.0,71.0,78.0,57.0,36.0,45.0,80.0,30.0
73,235.0,25.0,2.0,0.0,0.0,62.0,80.0,86.0,85.0,73.0,52.0,81.0,69.0,81.0,55.0,49.0,55.0,81.0,47.0
75,240.0,23.0,0.0,0.0,0.0,62.0,86.0,89.0,84.0,66.0,58.0,78.0,69.0,83.0,54.0,47.0,57.0,77.0,49.0
74,211.0,24.0,0.0,0.0,0.0,62.0,89.0,90.0,84.0,65.0,59.0,71.0,64.0,80.0,56.0,58.0,63.0,74.0,62.0
72,228.0,25.0,0.0,0.0,0.0,62.0,86.0,90.0,80.0,68.0,58.0,79.0,69.0,79.0,55.0,56.0,62.0,80.0,43.0
73,227.0,22.0,14.0,0.0,0.0,62.0,85.0,88.0,75.0,73.0,62.0,76.0,65.0,84.0,58.0,50.0,55.0,77.0,35.0
76,241.0,23.0,0.0,0.0,0.0,62.0,76.0,86.0,74.0,63.0,65.0,78.0,64.0,80.0,66.0,31.0,40.0,77.0,38.0
73,225.0,24.0,0.0,0.0,0.0,62.0,84.0,87.0,82.0,70.0,64.0,73.0,62.0,74.0,67.0,61.0,66.0,83.0,45.0
72,227.0,25.0,0.0,0.0,0.0,62.0,80.0,86.0,78.0,78.0,57.0,78.0,62.0,78.0,58.0,54.0,62.0,82.0,42.0
73,240.0,30.0,0.0,0.0,0.0,62.0,81.0,81.0,74.0,73.0,69.0,84.0,56.0,73.0,68.0,47.0,62.0,68.0,33.0
76,245.0,24.0,0.0,0.0,0.0,61.0,82.0,88.0,78.0,70.0,53.0,74.0,59.0,79.0,52.0,39.0,45.0,80.0,50.0
72,230.0,22.0,6.0,0.0,0.0,61.0,85.0,87.0,69.0,76.0,62.0,78.0,60.0,84.0,53.0,60.0,57.0,85.0,32.0
74,262.0,21.0,6.0,0.0,0.0,61.0,78.0,83.0,76.0,82.0,64.0,75.0,62.0,75.0,61.0,30.0,41.0,74.0,25.0
72,226.0,25.0,2.0,0.0,0.0,61.0,82.0,85.0,80.0,67.0,58.0,78.0,62.0,79.0,62.0,50.0,53.0,80.0,47.0
74,250.0,22.0,11.0,0.0,0.0,61.0,84.0,87.0,83.0,75.0,59.0,75.0,64.0,76.0,58.0,40.0,50.0,78.0,49.0
74,250.0,22.0,5.0,0.0,0.0,61.0,84.0,87.0,83.0,75.0,59.0,75.0,64.0,76.0,58.0,40.0,50.0,78.0,49.0
73,240.0,24.0,3.0,0.0,0.0,61.0,87.0,89.0,80.0,67.0,61.0,77.0,61.0,80.0,59.0,59.0,55.0,83.0,46.0
75,255.0,23.0,0.0,0.0,0.0,61.0,81.0,84.0,81.0,75.0,51.0,75.0,66.0,76.0,54.0,33.0,41.0,82.0,40.0
75,240.0,25.0,0.0,0.0,0.0,61.0,81.0,85.0,78.0,67.0,58.0,79.0,64.0,81.0,62.0,46.0,56.0,79.0,49.0
75,229.0,26.0,0.0,0.0,0.0,61.0,85.0,89.0,87.0,72.0,63.0,77.0,62.0,73.0,65.0,46.0,52.0,68.0,46.0
72,228.0,26.0,0.0,0.0,0.0,60.0,79.0,84.0,76.0,78.0,60.0,81.0,57.0,75.0,61.0,47.0,51.0,84.0,52.0
74,262.0,24.0,0.0,0.0,0.0,60.0,75.0,84.0,74.0,77.0,62.0,73.0,63.0,78.0,56.0,39.0,45.0,81.0,30.0
77,251.0,25.0,3.0,0.0,0.0,60.0,79.0,86.0,88.0,78.0,52.0,72.0,63.0,75.0,55.0,43.0,52.0,80.0,39.0
75,242.0,24.0,0.0,0.0,0.0,59.0,76.0,82.0,77.0,70.0,57.0,74.0,67.0,77.0,54.0,42.0,48.0,79.0,37.0
73,236.0,25.0,0.0,0.0,0.0,59.0,85.0,86.0,80.0,64.0,58.0,77.0,64.0,78.0,56.0,54.0,61.0,79.0,59.0
74,230.0,24.0,0.0,0.0,0.0,59.0,83.0,88.0,78.0,67.0,55.0,80.0,65.0,78.0,55.0,50.0,57.0,77.0,46.0
74,220.0,23.0,0.0,0.0,0.0,58.0,81.0,85.0,79.0,66.0,49.0,77.0,55.0,76.0,56.0,57.0,65.0,72.0,66.0
73,230.0,23.0,0.0,0.0,0.0,58.0,82.0,85.0,79.0,73.0,56.0,75.0,63.0,77.0,58.0,49.0,54.0,84.0,47.0
74,240.0,24.0,0.0,0.0,0.0,58.0,79.0,87.0,77.0,70.0,53.0,75.0,60.0,75.0,50.0,31.0,37.0,75.0,20.0
74,215.0,26.0,0.0,0.0,0.0,57.0,91.0,90.0,84.0,65.0,51.0,70.0,56.0,75.0,49.0,60.0,64.0,62.0,69.0
73,235.0,24.0,0.0,0.0,0.0,57.0,84.0,87.0,75.0,69.0,57.0,75.0,62.0,75.0,59.0,46.0,52.0,81.0,30.0
74,220.0,28.0,0.0,0.0,0.0,57.0,87.0,90.0,78.0,70.0,63.0,65.0,52.0,72.0,61.0,58.0,62.0,63.0,76.0
73,228.0,27.0,0.0,0.0,0.0,57.0,79.0,85.0,78.0,76.0,52.0,76.0,63.0,78.0,54.0,39.0,49.0,80.0,45.0
74,214.0,25.0,0.0,0.0,0.0,56.0,84.0,90.0,84.0,63.0,53.0,68.0,51.0,67.0,51.0,59.0,65.0,71.0,62.0
76,255.0,25.0,0.0,0.0,0.0,56.0,80.0,86.0,82.0,72.0,48.0,72.0,63.0,76.0,47.0,39.0,45.0,79.0,46.0
73,231.0,22.0,0.0,0.0,0.0,55.0,84.0,87.0,73.0,68.0,55.0,72.0,60.0,80.0,60.0,41.0,46.0,75.0,43.0
73,231.0,24.0,0.0,0.0,0.0,55.0,79.0,85.0,77.0,75.0,50.0,77.0,58.0,74.0,52.0,45.0,55.0,84.0,45.0
74,225.0,23.0,0.0,0.0,0.0,54.0,86.0,88.0,79.0,64.0,50.0,70.0,69.0,78.0,49.0,46.0,53.0,84.0,40.0
76,252.0,27.0,90.0,4.0,7.0,96.0,83.0,89.0,84.0,83.0,98.0,91.0,88.0,96.0,95.0,59.0,65.0,85.0,43.0
75,230.0,25.0,80.0,4.0,4.0,94.0,85.0,93.0,85.0,76.0,99.0,90.0,78.0,94.0,99.0,74.0,84.0,80.0,58.0
74,248.0,33.0,101.0,1.0,2.0,93.0,85.0,88.0,80.0,85.0,96.0,94.0,81.0,92.0,92.0,73.0,81.0,88.0,40.0
75,260.0,31.0,102.0,3.0,9.0,92.0,85.0,87.0,86.0,89.0,95.0,85.0,89.0,94.0,94.0,50.0,59.0,88.0,48.0
73,233.0,32.0,90.0,1.0,1.0,92.0,85.0,89.0,86.0,77.0,95.0,93.0,85.0,93.0,93.0,72.0,79.0,85.0,59.0
72,242.0,32.0,127.0,6.0,10.0,91.0,85.0,87.0,84.0,81.0,92.0,95.0,87.0,90.0,92.0,68.0,75.0,92.0,42.0
77,280.0,27.0,57.0,0.0,5.0,91.0,81.0,84.0,85.0,87.0,98.0,85.0,84.0,96.0,98.0,26.0,37.0,82.0,22.0
77,265.0,32.0,77.0,2.0,4.0,90.0,77.0,79.0,80.0,87.0,92.0,89.0,79.0,97.0,89.0,37.0,42.0,84.0,33.0
74,215.0,27.0,0.0,0.0,0.0,90.0,86.0,88.0,83.0,78.0,92.0,94.0,80.0,98.0,95.0,62.0,64.0,86.0,49.0
77,277.0,24.0,31.0,0.0,1.0,89.0,86.0,89.0,79.0,83.0,94.0,87.0,82.0,86.0,91.0,39.0,49.0,78.0,30.0
72,230.0,25.0,78.0,3.0,3.0,89.0,88.0,91.0,88.0,80.0,86.0,96.0,75.0,91.0,86.0,72.0,80.0,87.0,56.0
77,263.0,27.0,71.0,0.0,5.0,88.0,87.0,90.0,85.0,82.0,91.0,83.0,85.0,91.0,86.0,25.0,42.0,74.0,10.0
72,232.0,30.0,64.0,1.0,1.0,88.0,85.0,90.0,81.0,76.0,93.0,86.0,82.0,88.0,91.0,73.0,83.0,85.0,59.0
75,246.0,23.0,56.0,2.0,4.0,88.0,91.0,94.0,88.0,80.0,86.0,86.0,73.0,91.0,82.0,61.0,63.0,84.0,57.0
74,250.0,29.0,0.0,0.0,0.0,88.0,83.0,85.0,82.0,74.0,94.0,88.0,87.0,89.0,91.0,59.0,64.0,81.0,39.0
76,232.0,29.0,51.0,1.0,0.0,87.0,85.0,87.0,85.0,73.0,88.0,97.0,68.0,91.0,87.0,69.0,77.0,81.0,44.0
75,261.0,30.0,0.0,0.0,0.0,87.0,85.0,88.0,79.0,86.0,92.0,83.0,74.0,90.0,90.0,53.0,64.0,80.0,22.0
77,255.0,25.0,54.0,0.0,4.0,87.0,85.0,88.0,82.0,82.0,95.0,88.0,77.0,88.0,92.0,31.0,38.0,79.0,25.0
76,272.0,29.0,57.0,0.0,3.0,86.0,80.0,79.0,72.0,84.0,93.0,84.0,74.0,91.0,90.0,46.0,57.0,83.0,20.0
72,237.0,24.0,46.0,0.0,1.0,85.0,92.0,91.0,82.0,77.0,91.0,82.0,79.0,92.0,94.0,63.0,68.0,84.0,53.0
77,262.0,25.0,98.0,0.0,4.0,85.0,86.0,88.0,83.0,82.0,81.0,88.0,76.0,88.0,79.0,52.0,62.0,82.0,58.0
74,247.0,33.0,57.0,0.0,3.0,84.0,80.0,82.0,82.0,83.0,87.0,83.0,76.0,87.0,84.0,50.0,55.0,82.0,10.0
72,237.0,28.0,41.0,0.0,0.0,84.0,84.0,85.0,84.0,75.0,89.0,85.0,79.0,93.0,90.0,61.0,73.0,83.0,63.0
77,250.0,24.0,57.0,0.0,2.0,84.0,87.0,88.0,87.0,75.0,83.0,92.0,83.0,92.0,83.0,56.0,62.0,85.0,37.0
74,252.0,26.0,0.0,0.0,0.0,83.0,84.0,90.0,86.0,78.0,83.0,88.0,78.0,86.0,79.0,49.0,59.0,82.0,39.0
74,241.0,26.0,29.0,0.0,0.0,83.0,85.0,90.0,83.0,74.0,88.0,88.0,73.0,90.0,89.0,64.0,73.0,83.0,49.0
74,231.0,30.0,21.0,0.0,0.0,82.0,83.0,88.0,87.0,75.0,81.0,91.0,75.0,87.0,82.0,66.0,74.0,89.0,49.0
74,231.0,30.0,81.0,0.0,5.0,82.0,83.0,88.0,87.0,75.0,81.0,91.0,75.0,87.0,82.0,66.0,74.0,89.0,49.0
73,222.0,27.0,42.0,0.0,1.0,82.0,90.0,91.0,86.0,73.0,85.0,79.0,69.0,89.0,82.0,72.0,77.0,84.0,51.0
71,240.0,29.0,43.0,0.0,1.0,82.0,80.0,85.0,78.0,84.0,83.0,92.0,75.0,88.0,86.0,54.0,62.0,89.0,48.0
73,235.0,27.0,44.0,0.0,2.0,82.0,87.0,89.0,85.0,79.0,85.0,82.0,74.0,82.0,83.0,57.0,60.0,83.0,45.0
72,240.0,24.0,30.0,0.0,0.0,82.0,87.0,88.0,86.0,73.0,79.0,95.0,74.0,88.0,81.0,60.0,66.0,84.0,46.0
73,255.0,26.0,42.0,0.0,0.0,82.0,86.0,88.0,88.0,74.0,87.0,88.0,73.0,86.0,84.0,67.0,73.0,83.0,53.0
77,265.0,29.0,55.0,0.0,0.0,82.0,80.0,87.0,80.0,82.0,88.0,83.0,75.0,85.0,85.0,52.0,59.0,80.0,42.0
73,239.0,26.0,34.0,0.0,0.0,81.0,88.0,90.0,83.0,72.0,86.0,88.0,73.0,85.0,85.0,66.0,72.0,80.0,50.0
72,223.0,28.0,53.0,1.0,1.0,81.0,83.0,84.0,74.0,77.0,88.0,84.0,80.0,88.0,89.0,66.0,71.0,81.0,50.0
78,258.0,29.0,15.0,0.0,0.0,81.0,82.0,85.0,85.0,79.0,83.0,81.0,74.0,84.0,81.0,35.0,47.0,78.0,45.0
74,229.0,27.0,37.0,0.0,0.0,80.0,89.0,89.0,86.0,69.0,85.0,90.0,70.0,88.0,82.0,68.0,64.0,87.0,63.0
74,255.0,26.0,36.0,0.0,0.0,80.0,83.0,83.0,79.0,86.0,81.0,91.0,77.0,84.0,81.0,50.0,60.0,86.0,35.0
76,256.0,26.0,0.0,0.0,0.0,80.0,86.0,91.0,89.0,78.0,77.0,88.0,78.0,84.0,79.0,63.0,69.0,81.0,46.0
77,240.0,29.0,59.0,0.0,0.0,80.0,85.0,88.0,84.0,75.0,89.0,76.0,77.0,85.0,87.0,52.0,57.0,77.0,42.0
73,240.0,26.0,25.0,0.0,0.0,79.0,87.0,89.0,89.0,72.0,80.0,89.0,72.0,86.0,81.0,63.0,71.0,77.0,50.0
74,225.0,25.0,37.0,0.0,0.0,79.0,88.0,88.0,85.0,73.0,82.0,85.0,74.0,86.0,83.0,62.0,67.0,78.0,46.0
75,270.0,33.0,74.0,1.0,4.0,79.0,80.0,82.0,80.0,84.0,84.0,79.0,76.0,84.0,86.0,55.0,65.0,89.0,24.0
74,234.0,26.0,31.0,0.0,0.0,79.0,84.0,91.0,83.0,67.0,79.0,93.0,63.0,84.0,77.0,65.0,75.0,87.0,54.0
71,237.0,22.0,23.0,0.0,0.0,79.0,87.0,84.0,73.0,74.0,78.0,92.0,72.0,88.0,81.0,60.0,68.0,87.0,46.0
74,232.0,26.0,32.0,0.0,0.0,79.0,84.0,87.0,84.0,83.0,82.0,85.0,79.0,83.0,82.0,54.0,63.0,95.0,51.0
73,242.0,26.0,0.0,0.0,0.0,79.0,78.0,78.0,82.0,72.0,80.0,95.0,73.0,88.0,80.0,60.0,68.0,79.0,44.0
74,237.0,28.0,38.0,0.0,0.0,78.0,80.0,86.0,80.0,79.0,85.0,85.0,73.0,84.0,88.0,51.0,62.0,80.0,53.0
76,275.0,26.0,35.0,0.0,2.0,78.0,85.0,88.0,80.0,91.0,81.0,76.0,81.0,83.0,82.0,45.0,50.0,87.0,28.0
72,230.0,25.0,28.0,0.0,0.0,78.0,84.0,87.0,80.0,72.0,83.0,85.0,69.0,85.0,81.0,67.0,74.0,84.0,47.0
76,238.0,24.0,20.0,0.0,0.0,78.0,93.0,93.0,91.0,73.0,76.0,80.0,65.0,83.0,72.0,68.0,75.0,86.0,72.0
74,221.0,22.0,22.0,0.0,1.0,78.0,89.0,92.0,86.0,65.0,83.0,75.0,65.0,89.0,81.0,67.0,73.0,85.0,48.0
75,250.0,31.0,0.0,0.0,0.0,78.0,83.0,86.0,80.0,76.0,83.0,81.0,76.0,86.0,85.0,61.0,70.0,71.0,60.0
75,260.0,31.0,33.0,0.0,0.0,78.0,79.0,80.0,75.0,78.0,89.0,78.0,73.0,84.0,85.0,37.0,46.0,82.0,49.0
77,251.0,23.0,14.0,0.0,0.0,78.0,89.0,90.0,87.0,80.0,73.0,86.0,73.0,84.0,71.0,45.0,53.0,83.0,26.0
75,237.0,27.0,36.0,0.0,0.0,78.0,82.0,90.0,81.0,80.0,85.0,77.0,81.0,87.0,87.0,55.0,59.0,85.0,48.0
79,268.0,22.0,20.0,0.0,1.0,77.0,81.0,89.0,81.0,85.0,76.0,84.0,76.0,85.0,74.0,36.0,46.0,85.0,29.0
76,242.0,27.0,0.0,0.0,0.0,77.0,86.0,88.0,83.0,70.0,82.0,78.0,75.0,84.0,80.0,51.0,59.0,79.0,45.0
73,235.0,27.0,0.0,0.0,0.0,77.0,83.0,89.0,79.0,78.0,81.0,87.0,72.0,83.0,82.0,56.0,63.0,77.0,45.0
71,234.0,24.0,0.0,0.0,0.0,77.0,90.0,92.0,86.0,74.0,80.0,86.0,69.0,84.0,78.0,60.0,66.0,88.0,51.0
74,234.0,27.0,25.0,0.0,0.0,77.0,87.0,90.0,85.0,77.0,76.0,86.0,71.0,82.0,73.0,64.0,72.0,79.0,56.0
72,226.0,27.0,26.0,0.0,0.0,77.0,86.0,87.0,80.0,74.0,81.0,83.0,72.0,84.0,79.0,72.0,70.0,77.0,42.0
73,236.0,30.0,53.0,0.0,0.0,77.0,82.0,88.0,85.0,78.0,83.0,84.0,62.0,84.0,81.0,67.0,73.0,81.0,59.0
75,242.0,27.0,21.0,0.0,0.0,77.0,83.0,89.0,81.0,75.0,80.0,76.0,69.0,82.0,78.0,53.0,57.0,78.0,33.0
75,250.0,27.0,16.0,0.0,0.0,76.0,82.0,84.0,79.0,75.0,78.0,81.0,75.0,84.0,77.0,34.0,40.0,82.0,32.0
77,260.0,23.0,16.0,0.0,0.0,76.0,86.0,90.0,85.0,80.0,75.0,76.0,72.0,82.0,75.0,40.0,49.0,76.0,27.0
73,236.0,27.0,32.0,0.0,0.0,76.0,78.0,86.0,84.0,71.0,77.0,86.0,77.0,85.0,79.0,60.0,67.0,85.0,45.0
75,242.0,24.0,23.0,0.0,0.0,76.0,85.0,89.0,82.0,72.0,78.0,87.0,71.0,86.0,75.0,61.0,68.0,82.0,50.0
76,255.0,27.0,0.0,0.0,0.0,76.0,76.0,75.0,75.0,83.0,86.0,75.0,68.0,81.0,82.0,29.0,41.0,79.0,25.0
77,272.0,21.0,21.0,0.0,0.0,76.0,88.0,92.0,82.0,88.0,73.0,79.0,79.0,82.0,75.0,39.0,49.0,86.0,28.0
75,242.0,25.0,30.0,0.0,0.0,75.0,82.0,82.0,81.0,76.0,74.0,82.0,73.0,83.0,71.0,52.0,59.0,80.0,42.0
74,240.0,22.0,16.0,0.0,0.0,75.0,86.0,91.0,81.0,77.0,73.0,77.0,71.0,81.0,76.0,43.0,51.0,80.0,32.0
74,235.0,30.0,40.0,0.0,0.0,75.0,84.0,86.0,79.0,68.0,85.0,86.0,71.0,83.0,87.0,54.0,61.0,76.0,61.0
76,254.0,21.0,21.0,0.0,0.0,75.0,86.0,90.0,84.0,81.0,73.0,77.0,73.0,84.0,72.0,49.0,56.0,80.0,44.0
72,232.0,23.0,48.0,0.0,2.0,75.0,87.0,89.0,86.0,70.0,83.0,78.0,71.0,88.0,81.0,60.0,66.0,84.0,53.0
74,251.0,25.0,24.0,0.0,0.0,75.0,84.0,87.0,83.0,72.0,77.0,76.0,72.0,81.0,75.0,47.0,59.0,83.0,37.0
76,269.0,29.0,44.0,0.0,0.0,74.0,85.0,87.0,76.0,76.0,73.0,80.0,74.0,84.0,74.0,44.0,57.0,88.0,56.0
72,243.0,29.0,31.0,0.0,0.0,74.0,80.0,82.0,75.0,74.0,80.0,83.0,73.0,86.0,82.0,49.0,61.0,83.0,55.0
75,256.0,31.0,33.0,0.0,0.0,74.0,81.0,85.0,75.0,75.0,75.0,82.0,75.0,83.0,78.0,51.0,63.0,77.0,50.0
74,245.0,26.0,39.0,0.0,0.0,74.0,87.0,90.0,79.0,76.0,76.0,83.0,66.0,83.0,74.0,62.0,72.0,81.0,55.0
73,235.0,33.0,0.0,0.0,0.0,74.0,77.0,75.0,75.0,76.0,84.0,82.0,74.0,85.0,83.0,59.0,65.0,82.0,50.0
73,245.0,23.0,0.0,0.0,0.0,74.0,86.0,91.0,84.0,73.0,69.0,78.0,64.0,82.0,67.0,51.0,60.0,79.0,43.0
74,230.0,28.0,24.0,0.0,0.0,74.0,88.0,91.0,87.0,72.0,73.0,82.0,72.0,83.0,75.0,63.0,66.0,81.0,65.0
74,242.0,29.0,20.0,0.0,0.0,74.0,79.0,84.0,81.0,78.0,74.0,82.0,75.0,84.0,72.0,64.0,72.0,79.0,37.0
73,228.0,25.0,0.0,0.0,0.0,73.0,82.0,86.0,78.0,67.0,79.0,84.0,69.0,85.0,78.0,56.0,66.0,84.0,47.0
76,267.0,25.0,10.0,0.0,0.0,73.0,83.0,87.0,75.0,86.0,69.0,75.0,67.0,82.0,64.0,51.0,58.0,79.0,53.0
72,232.0,28.0,0.0,0.0,0.0,73.0,85.0,87.0,75.0,81.0,73.0,77.0,62.0,81.0,72.0,46.0,55.0,76.0,34.0
75,237.0,23.0,20.0,0.0,0.0,73.0,84.0,91.0,79.0,77.0,72.0,78.0,73.0,87.0,73.0,54.0,68.0,81.0,48.0
73,230.0,27.0,2.0,0.0,0.0,73.0,85.0,89.0,83.0,75.0,72.0,83.0,73.0,84.0,74.0,60.0,66.0,76.0,49.0
73,230.0,27.0,0.0,0.0,0.0,73.0,85.0,89.0,83.0,75.0,72.0,83.0,73.0,84.0,74.0,60.0,66.0,76.0,49.0
74,230.0,22.0,2.0,0.0,0.0,73.0,82.0,87.0,72.0,71.0,74.0,86.0,70.0,85.0,76.0,55.0,64.0,84.0,44.0
74,230.0,22.0,21.0,0.0,0.0,73.0,82.0,87.0,72.0,71.0,74.0,86.0,70.0,85.0,76.0,55.0,64.0,84.0,44.0
74,241.0,23.0,0.0,0.0,0.0,73.0,87.0,90.0,85.0,73.0,78.0,80.0,71.0,84.0,77.0,59.0,64.0,85.0,52.0
74,229.0,24.0,0.0,0.0,0.0,73.0,84.0,87.0,82.0,71.0,79.0,83.0,70.0,81.0,76.0,62.0,70.0,82.0,46.0
77,245.0,30.0,16.0,0.0,0.0,73.0,80.0,86.0,80.0,75.0,78.0,79.0,70.0,78.0,76.0,53.0,60.0,80.0,44.0
77,255.0,26.0,30.0,0.0,0.0,73.0,88.0,90.0,84.0,74.0,67.0,79.0,68.0,82.0,66.0,56.0,66.0,79.0,46.0
74,235.0,26.0,0.0,0.0,0.0,73.0,77.0,87.0,85.0,74.0,75.0,81.0,74.0,82.0,72.0,47.0,57.0,81.0,37.0
76,242.0,22.0,18.0,0.0,0.0,73.0,88.0,90.0,86.0,75.0,68.0,87.0,74.0,83.0,65.0,63.0,62.0,83.0,45.0
76,260.0,23.0,21.0,0.0,0.0,73.0,84.0,87.0,82.0,76.0,72.0,80.0,71.0,86.0,70.0,63.0,70.0,88.0,44.0
74,215.0,24.0,9.0,0.0,0.0,72.0,88.0,92.0,86.0,70.0,76.0,77.0,66.0,81.0,74.0,62.0,67.0,82.0,59.0
74,240.0,28.0,0.0,0.0,0.0,72.0,84.0,85.0,80.0,72.0,74.0,86.0,69.0,86.0,72.0,55.0,61.0,82.0,42.0
75,241.0,27.0,30.0,0.0,0.0,72.0,84.0,88.0,83.0,74.0,78.0,73.0,70.0,85.0,77.0,64.0,71.0,83.0,43.0
75,247.0,23.0,8.0,0.0,0.0,72.0,84.0,87.0,85.0,76.0,65.0,78.0,70.0,83.0,63.0,30.0,40.0,78.0,25.0
73,235.0,26.0,19.0,0.0,0.0,72.0,90.0,91.0,85.0,70.0,68.0,83.0,72.0,82.0,66.0,59.0,68.0,83.0,46.0
76,265.0,25.0,23.0,0.0,0.0,72.0,82.0,85.0,76.0,83.0,76.0,83.0,72.0,82.0,74.0,27.0,35.0,80.0,23.0
76,234.0,23.0,16.0,0.0,0.0,72.0,90.0,93.0,84.0,73.0,65.0,82.0,65.0,86.0,69.0,61.0,68.0,76.0,44.0
77,259.0,23.0,22.0,0.0,0.0,72.0,83.0,86.0,82.0,81.0,68.0,74.0,67.0,82.0,70.0,45.0,53.0,83.0,45.0
77,248.0,26.0,8.0,0.0,0.0,72.0,86.0,87.0,81.0,71.0,73.0,78.0,71.0,81.0,72.0,55.0,60.0,79.0,36.0
75,254.0,23.0,10.0,0.0,0.0,72.0,85.0,90.0,86.0,78.0,65.0,76.0,67.0,82.0,64.0,49.0,54.0,85.0,29.0
73,234.0,26.0,18.0,0.0,0.0,72.0,84.0,88.0,75.0,75.0,70.0,87.0,73.0,83.0,68.0,62.0,67.0,77.0,57.0
75,247.0,24.0,16.0,0.0,0.0,72.0,84.0,86.0,85.0,75.0,73.0,84.0,70.0,82.0,72.0,54.0,63.0,83.0,55.0
71,225.0,26.0,38.0,1.0,0.0,72.0,87.0,89.0,78.0,65.0,75.0,82.0,66.0,86.0,76.0,60.0,65.0,87.0,50.0
75,241.0,23.0,16.0,0.0,0.0,71.0,87.0,92.0,85.0,75.0,66.0,78.0,73.0,81.0,65.0,65.0,61.0,85.0,48.0
76,263.0,29.0,0.0,0.0,0.0,71.0,78.0,84.0,72.0,79.0,75.0,78.0,73.0,81.0,73.0,48.0,59.0,80.0,30.0
74,237.0,25.0,22.0,0.0,0.0,71.0,84.0,88.0,85.0,79.0,74.0,82.0,69.0,79.0,72.0,55.0,64.0,78.0,50.0
75,228.0,28.0,0.0,0.0,0.0,71.0,81.0,83.0,79.0,73.0,82.0,82.0,69.0,79.0,80.0,61.0,65.0,74.0,58.0
77,258.0,24.0,20.0,0.0,0.0,71.0,81.0,81.0,77.0,82.0,77.0,78.0,68.0,79.0,75.0,44.0,51.0,80.0,31.0
76,255.0,22.0,2.0,0.0,0.0,71.0,87.0,90.0,86.0,78.0,65.0,81.0,65.0,77.0,62.0,34.0,42.0,82.0,32.0
71,227.0,25.0,0.0,0.0,0.0,71.0,84.0,87.0,86.0,70.0,78.0,75.0,72.0,84.0,79.0,57.0,63.0,87.0,51.0
75,236.0,25.0,0.0,0.0,0.0,71.0,77.0,79.0,82.0,73.0,77.0,80.0,73.0,83.0,75.0,44.0,52.0,86.0,55.0
72,225.0,27.0,0.0,0.0,0.0,71.0,82.0,81.0,77.0,75.0,72.0,75.0,72.0,84.0,75.0,61.0,67.0,87.0,54.0
71,231.0,21.0,10.0,0.0,0.0,71.0,89.0,92.0,83.0,66.0,72.0,77.0,65.0,88.0,73.0,62.0,66.0,85.0,39.0
72,216.0,27.0,0.0,0.0,0.0,71.0,86.0,83.0,83.0,76.0,77.0,80.0,67.0,81.0,79.0,56.0,62.0,72.0,54.0
77,240.0,26.0,21.0,0.0,0.0,70.0,78.0,77.0,78.0,77.0,80.0,75.0,71.0,82.0,79.0,33.0,45.0,82.0,21.0
75,237.0,23.0,6.0,0.0,0.0,70.0,85.0,89.0,86.0,76.0,70.0,86.0,61.0,83.0,67.0,52.0,62.0,82.0,42.0
72,238.0,28.0,48.0,0.0,0.0,70.0,83.0,83.0,75.0,82.0,76.0,75.0,72.0,82.0,77.0,47.0,59.0,89.0,52.0
74,250.0,25.0,31.0,0.0,0.0,70.0,83.0,86.0,80.0,78.0,72.0,81.0,72.0,80.0,72.0,55.0,63.0,84.0,46.0
73,245.0,26.0,22.0,0.0,0.0,70.0,85.0,89.0,79.0,83.0,72.0,77.0,73.0,81.0,74.0,45.0,51.0,87.0,42.0
73,233.0,31.0,0.0,0.0,0.0,70.0,81.0,87.0,72.0,74.0,77.0,80.0,67.0,80.0,75.0,58.0,65.0,85.0,47.0
73,233.0,31.0,85.0,6.0,10.0,70.0,81.0,87.0,72.0,74.0,77.0,80.0,67.0,80.0,75.0,58.0,65.0,85.0,47.0
73,233.0,31.0,0.0,0.0,0.0,70.0,81.0,87.0,72.0,74.0,77.0,80.0,67.0,80.0,75.0,58.0,65.0,85.0,47.0
76,245.0,24.0,5.0,0.0,0.0,70.0,86.0,89.0,78.0,81.0,66.0,71.0,66.0,79.0,62.0,39.0,45.0,80.0,23.0
73,233.0,24.0,0.0,0.0,0.0,70.0,84.0,87.0,81.0,78.0,73.0,79.0,71.0,81.0,70.0,56.0,65.0,85.0,46.0
74,239.0,29.0,27.0,0.0,0.0,70.0,81.0,86.0,83.0,71.0,74.0,83.0,72.0,81.0,75.0,49.0,59.0,78.0,57.0
76,252.0,25.0,8.0,0.0,0.0,70.0,80.0,78.0,82.0,78.0,78.0,76.0,68.0,80.0,75.0,41.0,47.0,78.0,22.0
73,229.0,26.0,0.0,0.0,0.0,70.0,88.0,87.0,79.0,71.0,70.0,83.0,66.0,83.0,73.0,55.0,63.0,82.0,46.0
72,236.0,29.0,0.0,0.0,0.0,70.0,81.0,86.0,77.0,70.0,73.0,80.0,70.0,81.0,73.0,49.0,59.0,81.0,50.0
72,232.0,26.0,8.0,0.0,0.0,70.0,80.0,85.0,79.0,78.0,69.0,81.0,71.0,81.0,72.0,57.0,64.0,88.0,31.0
73,238.0,26.0,19.0,0.0,0.0,70.0,85.0,89.0,80.0,76.0,66.0,78.0,76.0,78.0,68.0,51.0,58.0,84.0,42.0
75,259.0,24.0,4.0,0.0,0.0,69.0,83.0,86.0,74.0,79.0,68.0,77.0,71.0,79.0,66.0,43.0,47.0,78.0,30.0
79,271.0,25.0,15.0,0.0,0.0,69.0,78.0,86.0,82.0,76.0,69.0,78.0,75.0,79.0,70.0,36.0,43.0,80.0,26.0
74,245.0,29.0,18.0,0.0,0.0,69.0,79.0,83.0,76.0,75.0,72.0,82.0,69.0,81.0,75.0,49.0,55.0,75.0,39.0
73,230.0,24.0,3.0,0.0,0.0,69.0,89.0,91.0,85.0,69.0,71.0,79.0,67.0,82.0,68.0,56.0,59.0,84.0,53.0
75,226.0,24.0,20.0,0.0,0.0,69.0,90.0,87.0,83.0,69.0,67.0,87.0,64.0,77.0,69.0,58.0,67.0,88.0,73.0
72,250.0,27.0,11.0,0.0,0.0,69.0,84.0,89.0,84.0,82.0,65.0,77.0,65.0,78.0,64.0,50.0,55.0,81.0,29.0
76,250.0,25.0,0.0,0.0,0.0,69.0,82.0,86.0,78.0,77.0,66.0,84.0,74.0,82.0,64.0,54.0,62.0,81.0,39.0
75,268.0,22.0,9.0,0.0,0.0,69.0,80.0,91.0,72.0,85.0,71.0,75.0,76.0,79.0,69.0,32.0,41.0,83.0,37.0
75,261.0,21.0,14.0,0.0,0.0,69.0,88.0,93.0,82.0,86.0,65.0,83.0,74.0,76.0,60.0,47.0,52.0,89.0,53.0
75,248.0,22.0,21.0,0.0,1.0,69.0,88.0,92.0,82.0,72.0,63.0,69.0,62.0,82.0,67.0,28.0,44.0,76.0,30.0
73,248.0,24.0,0.0,0.0,0.0,69.0,77.0,81.0,79.0,79.0,70.0,76.0,65.0,79.0,67.0,42.0,49.0,80.0,20.0
74,243.0,26.0,15.0,0.0,0.0,69.0,85.0,88.0,80.0,83.0,63.0,80.0,73.0,80.0,66.0,58.0,60.0,82.0,43.0
75,263.0,31.0,14.0,0.0,0.0,69.0,79.0,80.0,72.0,75.0,75.0,82.0,66.0,78.0,74.0,41.0,50.0,78.0,30.0
74,235.0,25.0,16.0,0.0,0.0,69.0,83.0,88.0,80.0,76.0,69.0,84.0,64.0,82.0,70.0,55.0,59.0,81.0,49.0
77,262.0,24.0,5.0,0.0,0.0,69.0,83.0,88.0,83.0,74.0,66.0,76.0,66.0,78.0,63.0,42.0,49.0,84.0,28.0
76,243.0,23.0,6.0,0.0,0.0,69.0,92.0,95.0,87.0,68.0,70.0,79.0,67.0,79.0,64.0,54.0,65.0,84.0,55.0
73,243.0,24.0,0.0,0.0,0.0,69.0,88.0,91.0,81.0,71.0,72.0,79.0,66.0,79.0,67.0,59.0,65.0,86.0,56.0
72,230.0,24.0,2.0,0.0,0.0,68.0,86.0,89.0,86.0,71.0,62.0,85.0,65.0,82.0,61.0,55.0,64.0,82.0,48.0
76,257.0,23.0,14.0,0.0,0.0,68.0,87.0,91.0,76.0,75.0,62.0,76.0,65.0,83.0,60.0,36.0,46.0,81.0,32.0
73,225.0,22.0,0.0,0.0,0.0,68.0,87.0,92.0,83.0,71.0,68.0,78.0,64.0,82.0,70.0,56.0,63.0,84.0,46.0
74,228.0,22.0,3.0,0.0,0.0,68.0,91.0,94.0,75.0,69.0,66.0,82.0,65.0,87.0,62.0,57.0,53.0,86.0,46.0
73,226.0,21.0,13.0,0.0,0.0,68.0,90.0,93.0,84.0,69.0,68.0,77.0,66.0,78.0,67.0,65.0,63.0,82.0,58.0
74,252.0,29.0,0.0,0.0,0.0,68.0,82.0,83.0,77.0,77.0,61.0,80.0,71.0,81.0,63.0,61.0,63.0,84.0,48.0
72,233.0,27.0,17.0,0.0,1.0,68.0,82.0,84.0,76.0,70.0,78.0,74.0,63.0,77.0,77.0,69.0,64.0,83.0,49.0
75,256.0,24.0,25.0,0.0,0.0,68.0,82.0,85.0,75.0,77.0,68.0,79.0,72.0,81.0,67.0,29.0,38.0,78.0,49.0
72,231.0,30.0,15.0,0.0,0.0,68.0,84.0,85.0,85.0,80.0,69.0,83.0,62.0,80.0,66.0,55.0,64.0,73.0,40.0
75,235.0,26.0,9.0,0.0,0.0,68.0,78.0,86.0,77.0,77.0,63.0,82.0,74.0,81.0,64.0,47.0,56.0,79.0,43.0
72,229.0,26.0,14.0,0.0,0.0,68.0,85.0,87.0,79.0,79.0,70.0,81.0,63.0,78.0,71.0,53.0,58.0,86.0,49.0
72,244.0,27.0,8.0,0.0,0.0,68.0,83.0,87.0,81.0,76.0,64.0,85.0,73.0,78.0,61.0,58.0,63.0,82.0,40.0
75,238.0,25.0,15.0,0.0,0.0,68.0,86.0,88.0,81.0,72.0,69.0,81.0,67.0,80.0,72.0,54.0,60.0,84.0,42.0
74,232.0,29.0,0.0,0.0,0.0,68.0,82.0,82.0,76.0,67.0,71.0,88.0,64.0,81.0,67.0,62.0,67.0,84.0,55.0
75,246.0,29.0,5.0,0.0,0.0,68.0,82.0,84.0,78.0,76.0,63.0,79.0,74.0,80.0,61.0,60.0,61.0,77.0,38.0
74,225.0,25.0,28.0,1.0,1.0,68.0,85.0,88.0,83.0,78.0,66.0,79.0,68.0,80.0,62.0,51.0,59.0,81.0,52.0
74,259.0,25.0,20.0,0.0,0.0,67.0,81.0,86.0,74.0,81.0,66.0,78.0,69.0,79.0,63.0,52.0,58.0,77.0,56.0
74,235.0,27.0,0.0,0.0,0.0,67.0,81.0,79.0,82.0,71.0,73.0,82.0,67.0,79.0,72.0,54.0,60.0,79.0,45.0
73,240.0,23.0,1.0,0.0,0.0,67.0,86.0,88.0,77.0,75.0,67.0,79.0,65.0,82.0,67.0,53.0,60.0,83.0,38.0
75,243.0,23.0,3.0,0.0,0.0,67.0,87.0,90.0,82.0,72.0,67.0,75.0,65.0,78.0,63.0,20.0,30.0,80.0,24.0
72,237.0,28.0,0.0,0.0,0.0,67.0,85.0,90.0,83.0,84.0,65.0,78.0,63.0,77.0,61.0,59.0,67.0,82.0,42.0
75,232.0,24.0,3.0,0.0,0.0,67.0,88.0,91.0,83.0,65.0,62.0,78.0,62.0,77.0,61.0,64.0,70.0,76.0,63.0
75,229.0,23.0,5.0,0.0,0.0,67.0,84.0,87.0,72.0,73.0,64.0,82.0,71.0,82.0,67.0,51.0,57.0,80.0,48.0
75,240.0,24.0,4.0,0.0,0.0,67.0,84.0,87.0,80.0,76.0,71.0,74.0,69.0,81.0,69.0,56.0,62.0,85.0,48.0
71,224.0,24.0,7.0,0.0,0.0,67.0,87.0,90.0,84.0,68.0,66.0,77.0,63.0,82.0,65.0,62.0,66.0,84.0,62.0
74,291.0,26.0,16.0,0.0,0.0,67.0,75.0,76.0,65.0,83.0,72.0,82.0,68.0,81.0,69.0,17.0,26.0,82.0,21.0
75,243.0,24.0,2.0,0.0,0.0,67.0,83.0,85.0,77.0,76.0,69.0,78.0,67.0,78.0,67.0,39.0,48.0,75.0,35.0
74,236.0,26.0,4.0,0.0,0.0,67.0,84.0,88.0,81.0,70.0,68.0,80.0,68.0,79.0,70.0,57.0,64.0,82.0,44.0
76,260.0,30.0,5.0,0.0,0.0,67.0,76.0,79.0,83.0,79.0,65.0,79.0,60.0,81.0,62.0,37.0,44.0,81.0,22.0
73,218.0,23.0,19.0,0.0,0.0,67.0,86.0,91.0,83.0,67.0,69.0,75.0,59.0,86.0,70.0,52.0,65.0,76.0,40.0
75,225.0,25.0,10.0,0.0,0.0,67.0,85.0,88.0,82.0,71.0,72.0,76.0,67.0,79.0,70.0,60.0,66.0,77.0,59.0
75,245.0,27.0,0.0,0.0,0.0,67.0,85.0,87.0,80.0,77.0,71.0,75.0,70.0,80.0,71.0,52.0,56.0,79.0,43.0
74,228.0,30.0,0.0,0.0,0.0,67.0,81.0,89.0,80.0,63.0,72.0,84.0,68.0,79.0,76.0,46.0,55.0,83.0,52.0
77,268.0,23.0,10.0,0.0,0.0,66.0,79.0,79.0,77.0,79.0,72.0,77.0,69.0,79.0,75.0,32.0,44.0,76.0,19.0
76,263.0,25.0,5.0,0.0,0.0,66.0,78.0,82.0,72.0,78.0,74.0,77.0,72.0,76.0,70.0,28.0,39.0,77.0,10.0
76,244.0,21.0,1.0,0.0,0.0,66.0,88.0,91.0,84.0,69.0,63.0,77.0,64.0,79.0,61.0,64.0,62.0,84.0,60.0
76,267.0,22.0,3.0,0.0,0.0,66.0,78.0,84.0,82.0,77.0,65.0,84.0,72.0,82.0,63.0,22.0,32.0,76.0,18.0
75,230.0,23.0,0.0,0.0,0.0,66.0,81.0,89.0,81.0,73.0,60.0,76.0,63.0,78.0,57.0,37.0,47.0,77.0,33.0
74,237.0,27.0,0.0,0.0,0.0,66.0,85.0,89.0,87.0,69.0,66.0,80.0,60.0,80.0,68.0,57.0,62.0,76.0,43.0
73,238.0,23.0,11.0,0.0,0.0,66.0,86.0,84.0,70.0,79.0,62.0,84.0,68.0,78.0,61.0,52.0,64.0,84.0,42.0
73,230.0,28.0,19.0,0.0,0.0,66.0,85.0,86.0,82.0,74.0,73.0,76.0,62.0,80.0,74.0,50.0,55.0,82.0,42.0
75,215.0,23.0,2.0,0.0,0.0,66.0,87.0,90.0,82.0,67.0,66.0,81.0,66.0,77.0,63.0,53.0,60.0,83.0,77.0
74,285.0,26.0,0.0,0.0,0.0,66.0,76.0,82.0,71.0,78.0,66.0,78.0,71.0,78.0,68.0,36.0,30.0,78.0,22.0
74,236.0,29.0,0.0,0.0,0.0,66.0,83.0,84.0,82.0,75.0,71.0,81.0,65.0,76.0,72.0,47.0,53.0,79.0,55.0
74,236.0,29.0,0.0,0.0,0.0,66.0,83.0,84.0,82.0,75.0,71.0,81.0,65.0,76.0,72.0,47.0,53.0,79.0,55.0
74,236.0,29.0,8.0,0.0,0.0,66.0,83.0,84.0,82.0,75.0,71.0,81.0,65.0,76.0,72.0,47.0,53.0,79.0,55.0
73,232.0,26.0,5.0,0.0,0.0,66.0,84.0,88.0,79.0,67.0,59.0,81.0,73.0,82.0,60.0,60.0,67.0,84.0,45.0
74,238.0,27.0,23.0,0.0,0.0,66.0,82.0,89.0,87.0,72.0,63.0,77.0,65.0,79.0,65.0,53.0,58.0,84.0,45.0
72,208.0,28.0,14.0,0.0,0.0,66.0,85.0,88.0,81.0,61.0,68.0,72.0,53.0,75.0,65.0,68.0,72.0,85.0,70.0
72,235.0,25.0,7.0,0.0,0.0,66.0,82.0,87.0,80.0,74.0,67.0,80.0,68.0,79.0,64.0,58.0,64.0,83.0,46.0
73,240.0,22.0,18.0,0.0,0.0,66.0,85.0,91.0,83.0,71.0,70.0,75.0,68.0,83.0,71.0,49.0,53.0,81.0,40.0
72,233.0,23.0,7.0,0.0,0.0,66.0,86.0,90.0,76.0,72.0,63.0,82.0,64.0,80.0,63.0,56.0,67.0,87.0,54.0
77,255.0,24.0,3.0,0.0,0.0,66.0,83.0,91.0,74.0,73.0,64.0,68.0,65.0,83.0,68.0,28.0,43.0,76.0,25.0
75,233.0,27.0,12.0,0.0,0.0,66.0,86.0,89.0,86.0,69.0,61.0,78.0,63.0,79.0,60.0,62.0,69.0,83.0,53.0
73,230.0,27.0,7.0,0.0,0.0,66.0,83.0,86.0,79.0,73.0,67.0,79.0,66.0,78.0,70.0,53.0,63.0,85.0,38.0
73,241.0,26.0,6.0,0.0,0.0,66.0,87.0,90.0,82.0,77.0,60.0,79.0,69.0,82.0,62.0,50.0,55.0,80.0,34.0
72,239.0,26.0,35.0,0.0,1.0,66.0,84.0,91.0,82.0,80.0,58.0,77.0,66.0,79.0,59.0,51.0,60.0,77.0,43.0
72,240.0,25.0,0.0,0.0,0.0,65.0,86.0,89.0,73.0,72.0,54.0,82.0,68.0,79.0,57.0,45.0,58.0,84.0,46.0
74,235.0,25.0,0.0,0.0,0.0,65.0,84.0,87.0,81.0,69.0,65.0,79.0,64.0,83.0,61.0,58.0,64.0,80.0,61.0
73,234.0,22.0,2.0,0.0,0.0,65.0,88.0,91.0,81.0,69.0,57.0,78.0,64.0,80.0,67.0,53.0,58.0,74.0,47.0
74,233.0,25.0,5.0,0.0,0.0,65.0,86.0,88.0,82.0,75.0,66.0,75.0,63.0,85.0,60.0,54.0,65.0,85.0,40.0
73,233.0,24.0,3.0,0.0,0.0,65.0,87.0,92.0,77.0,69.0,64.0,80.0,63.0,80.0,66.0,48.0,53.0,78.0,38.0
75,239.0,22.0,13.0,0.0,0.0,65.0,87.0,89.0,80.0,66.0,60.0,83.0,67.0,80.0,59.0,59.0,54.0,79.0,46.0
74,238.0,26.0,0.0,0.0,0.0,65.0,82.0,86.0,76.0,69.0,61.0,78.0,66.0,79.0,58.0,52.0,58.0,79.0,53.0
73,231.0,24.0,0.0,0.0,0.0,65.0,83.0,89.0,80.0,76.0,61.0,82.0,66.0,77.0,64.0,48.0,58.0,81.0,51.0
73,230.0,31.0,0.0,0.0,0.0,65.0,83.0,82.0,86.0,78.0,71.0,79.0,58.0,78.0,71.0,47.0,54.0,77.0,55.0
72,231.0,24.0,1.0,0.0,0.0,65.0,92.0,93.0,84.0,66.0,60.0,76.0,59.0,82.0,55.0,30.0,40.0,84.0,26.0
71,236.0,23.0,11.0,0.0,0.0,65.0,86.0,90.0,79.0,82.0,61.0,76.0,63.0,79.0,64.0,52.0,61.0,77.0,36.0
74,215.0,26.0,104.0,2.0,6.0,65.0,86.0,91.0,79.0,57.0,69.0,74.0,61.0,78.0,67.0,60.0,66.0,86.0,64.0
74,215.0,26.0,6.0,0.0,0.0,65.0,86.0,91.0,79.0,57.0,69.0,74.0,61.0,78.0,67.0,60.0,66.0,86.0,64.0
75,220.0,24.0,5.0,0.0,0.0,65.0,89.0,91.0,87.0,69.0,61.0,80.0,60.0,78.0,65.0,55.0,63.0,72.0,38.0
77,257.0,25.0,0.0,0.0,0.0,65.0,83.0,89.0,82.0,84.0,58.0,81.0,72.0,78.0,56.0,26.0,31.0,80.0,27.0
73,234.0,24.0,5.0,0.0,0.0,65.0,81.0,82.0,76.0,77.0,65.0,79.0,69.0,77.0,68.0,52.0,56.0,87.0,50.0
73,224.0,26.0,0.0,0.0,0.0,65.0,79.0,84.0,79.0,73.0,72.0,79.0,64.0,78.0,73.0,50.0,58.0,76.0,45.0
73,222.0,23.0,0.0,0.0,0.0,65.0,84.0,91.0,79.0,64.0,71.0,75.0,62.0,82.0,72.0,52.0,57.0,84.0,40.0
73,219.0,26.0,3.0,0.0,0.0,65.0,86.0,90.0,81.0,67.0,66.0,79.0,62.0,78.0,64.0,57.0,65.0,78.0,56.0
73,235.0,29.0,9.0,0.0,0.0,65.0,77.0,81.0,76.0,75.0,71.0,83.0,63.0,78.0,70.0,46.0,58.0,78.0,55.0
72,231.0,23.0,5.0,0.0,0.0,64.0,86.0,91.0,84.0,67.0,63.0,74.0,61.0,81.0,67.0,56.0,64.0,75.0,39.0
74,232.0,22.0,0.0,0.0,0.0,64.0,87.0,90.0,76.0,75.0,65.0,75.0,62.0,83.0,69.0,50.0,55.0,74.0,43.0
76,245.0,24.0,0.0,0.0,0.0,64.0,76.0,85.0,74.0,63.0,69.0,78.0,65.0,82.0,69.0,31.0,40.0,77.0,38.0
74,240.0,23.0,0.0,0.0,0.0,64.0,83.0,90.0,89.0,71.0,61.0,81.0,62.0,75.0,59.0,25.0,36.0,84.0,32.0
74,240.0,23.0,1.0,0.0,0.0,64.0,83.0,90.0,89.0,71.0,61.0,81.0,62.0,75.0,59.0,25.0,36.0,84.0,32.0
76,255.0,23.0,0.0,0.0,0.0,64.0,82.0,87.0,83.0,74.0,68.0,76.0,74.0,71.0,72.0,47.0,53.0,86.0,49.0
72,234.0,24.0,0.0,0.0,0.0,64.0,89.0,91.0,87.0,70.0,57.0,79.0,62.0,82.0,56.0,36.0,43.0,86.0,35.0
74,230.0,26.0,8.0,0.0,0.0,64.0,80.0,88.0,81.0,68.0,60.0,80.0,66.0,76.0,62.0,62.0,62.0,86.0,48.0
74,245.0,25.0,2.0,0.0,0.0,64.0,84.0,87.0,81.0,72.0,58.0,74.0,68.0,75.0,56.0,53.0,61.0,80.0,44.0
74,230.0,23.0,4.0,0.0,0.0,64.0,84.0,86.0,81.0,69.0,68.0,80.0,63.0,76.0,67.0,60.0,58.0,75.0,48.0
74,216.0,22.0,11.0,0.0,0.0,64.0,82.0,86.0,79.0,65.0,66.0,78.0,62.0,79.0,69.0,66.0,63.0,85.0,74.0
77,260.0,24.0,2.0,0.0,0.0,64.0,82.0,86.0,73.0,81.0,67.0,74.0,67.0,76.0,65.0,33.0,45.0,83.0,34.0
74,234.0,25.0,0.0,0.0,0.0,64.0,81.0,82.0,81.0,69.0,60.0,81.0,70.0,80.0,58.0,48.0,57.0,82.0,31.0
76,257.0,23.0,3.0,0.0,0.0,64.0,78.0,83.0,76.0,76.0,67.0,77.0,64.0,75.0,64.0,42.0,48.0,76.0,32.0
75,238.0,26.0,10.0,0.0,0.0,64.0,86.0,85.0,82.0,71.0,67.0,75.0,64.0,81.0,64.0,58.0,63.0,83.0,50.0
76,258.0,22.0,11.0,0.0,0.0,64.0,77.0,83.0,67.0,83.0,66.0,73.0,74.0,79.0,63.0,28.0,43.0,83.0,28.0
75,243.0,27.0,0.0,0.0,0.0,64.0,84.0,86.0,83.0,75.0,56.0,77.0,67.0,78.0,57.0,50.0,56.0,80.0,43.0
74,249.0,24.0,7.0,0.0,0.0,64.0,79.0,83.0,81.0,75.0,55.0,78.0,68.0,78.0,53.0,38.0,46.0,78.0,28.0
72,235.0,23.0,22.0,0.0,0.0,64.0,83.0,89.0,72.0,81.0,57.0,82.0,66.0,77.0,59.0,52.0,56.0,75.0,41.0
72,235.0,23.0,4.0,0.0,0.0,64.0,83.0,89.0,72.0,81.0,57.0,82.0,66.0,77.0,59.0,52.0,56.0,75.0,41.0
73,235.0,25.0,0.0,0.0,0.0,64.0,90.0,90.0,80.0,68.0,57.0,77.0,67.0,80.0,57.0,52.0,58.0,79.0,47.0
75,247.0,22.0,0.0,0.0,0.0,64.0,82.0,86.0,76.0,79.0,61.0,80.0,69.0,79.0,62.0,22.0,33.0,78.0,21.0
74,227.0,25.0,2.0,0.0,0.0,64.0,90.0,90.0,77.0,74.0,67.0,77.0,65.0,79.0,64.0,52.0,58.0,83.0,63.0
77,229.0,25.0,0.0,0.0,0.0,64.0,82.0,88.0,79.0,69.0,59.0,75.0,60.0,78.0,57.0,38.0,47.0,75.0,31.0
75,265.0,22.0,0.0,0.0,0.0,64.0,77.0,78.0,82.0,72.0,64.0,79.0,73.0,81.0,61.0,32.0,46.0,84.0,30.0
71,230.0,26.0,0.0,0.0,0.0,64.0,84.0,89.0,81.0,68.0,55.0,77.0,66.0,81.0,58.0,54.0,58.0,78.0,51.0
75,249.0,23.0,0.0,0.0,0.0,63.0,85.0,90.0,73.0,72.0,58.0,76.0,67.0,75.0,55.0,29.0,34.0,77.0,35.0
74,240.0,24.0,0.0,0.0,0.0,63.0,85.0,91.0,77.0,73.0,56.0,76.0,61.0,78.0,54.0,38.0,48.0,78.0,30.0
77,233.0,24.0,4.0,0.0,0.0,63.0,83.0,85.0,78.0,70.0,61.0,75.0,68.0,80.0,59.0,54.0,56.0,84.0,49.0
75,232.0,24.0,1.0,0.0,0.0,63.0,85.0,92.0,84.0,67.0,63.0,73.0,62.0,73.0,65.0,35.0,43.0,83.0,40.0
74,236.0,25.0,2.0,0.0,0.0,63.0,84.0,85.0,79.0,69.0,62.0,77.0,64.0,79.0,59.0,57.0,61.0,79.0,47.0
73,232.0,26.0,2.0,0.0,0.0,63.0,83.0,87.0,81.0,68.0,63.0,76.0,66.0,79.0,58.0,52.0,57.0,83.0,48.0
73,235.0,26.0,2.0,0.0,0.0,63.0,80.0,88.0,85.0,73.0,52.0,81.0,69.0,81.0,55.0,49.0,55.0,81.0,47.0
74,230.0,25.0,0.0,0.0,0.0,63.0,85.0,83.0,78.0,72.0,58.0,77.0,66.0,77.0,60.0,52.0,61.0,84.0,46.0
76,224.0,27.0,16.0,0.0,0.0,63.0,85.0,89.0,84.0,74.0,59.0,75.0,64.0,78.0,58.0,51.0,58.0,79.0,37.0
76,250.0,26.0,0.0,0.0,0.0,63.0,85.0,85.0,75.0,73.0,56.0,80.0,60.0,79.0,54.0,49.0,58.0,81.0,46.0
74,234.0,22.0,0.0,0.0,0.0,63.0,80.0,87.0,79.0,72.0,57.0,78.0,76.0,75.0,58.0,42.0,46.0,83.0,35.0
76,240.0,27.0,0.0,0.0,0.0,63.0,86.0,89.0,82.0,71.0,50.0,74.0,67.0,76.0,48.0,45.0,57.0,75.0,24.0
72,244.0,23.0,3.0,0.0,0.0,63.0,81.0,91.0,70.0,72.0,66.0,74.0,63.0,81.0,63.0,27.0,34.0,84.0,31.0
75,247.0,23.0,3.0,0.0,0.0,63.0,76.0,81.0,74.0,72.0,66.0,79.0,67.0,80.0,67.0,36.0,44.0,83.0,25.0
73,230.0,25.0,0.0,0.0,0.0,63.0,85.0,90.0,84.0,65.0,62.0,73.0,59.0,73.0,61.0,61.0,70.0,82.0,58.0
72,236.0,23.0,0.0,0.0,0.0,63.0,80.0,84.0,75.0,72.0,55.0,81.0,65.0,81.0,65.0,50.0,60.0,75.0,40.0
72,240.0,28.0,0.0,0.0,0.0,63.0,86.0,84.0,87.0,71.0,60.0,76.0,66.0,80.0,62.0,54.0,63.0,75.0,47.0
76,266.0,27.0,1.0,0.0,0.0,63.0,72.0,71.0,70.0,76.0,62.0,78.0,74.0,80.0,64.0,41.0,46.0,73.0,20.0
73,239.0,23.0,10.0,0.0,0.0,63.0,80.0,82.0,71.0,74.0,56.0,81.0,66.0,78.0,64.0,53.0,60.0,86.0,47.0
75,220.0,24.0,0.0,0.0,0.0,63.0,85.0,88.0,80.0,64.0,52.0,74.0,60.0,78.0,55.0,44.0,56.0,72.0,41.0
75,240.0,24.0,0.0,0.0,0.0,63.0,81.0,84.0,79.0,75.0,63.0,79.0,65.0,79.0,60.0,53.0,61.0,80.0,44.0
76,243.0,22.0,0.0,0.0,0.0,63.0,82.0,88.0,83.0,68.0,64.0,75.0,71.0,81.0,66.0,49.0,54.0,78.0,42.0
77,270.0,25.0,0.0,0.0,0.0,63.0,73.0,78.0,74.0,75.0,65.0,76.0,68.0,77.0,63.0,48.0,57.0,79.0,44.0
74,250.0,23.0,11.0,0.0,0.0,63.0,84.0,87.0,83.0,75.0,64.0,77.0,65.0,78.0,62.0,40.0,50.0,78.0,49.0
74,250.0,23.0,5.0,0.0,0.0,63.0,84.0,87.0,83.0,75.0,64.0,77.0,65.0,78.0,62.0,40.0,50.0,78.0,49.0
77,262.0,23.0,0.0,0.0,0.0,63.0,77.0,89.0,72.0,76.0,68.0,79.0,64.0,78.0,66.0,30.0,39.0,76.0,26.0
76,259.0,24.0,5.0,0.0,0.0,63.0,76.0,88.0,79.0,77.0,65.0,74.0,65.0,76.0,63.0,32.0,42.0,77.0,24.0
72,237.0,24.0,0.0,0.0,0.0,63.0,86.0,89.0,74.0,74.0,63.0,77.0,67.0,76.0,66.0,54.0,57.0,79.0,31.0
72,230.0,25.0,0.0,0.0,0.0,63.0,88.0,91.0,83.0,68.0,60.0,81.0,66.0,77.0,57.0,56.0,62.0,77.0,46.0
75,239.0,24.0,0.0,0.0,0.0,62.0,83.0,89.0,78.0,72.0,55.0,79.0,64.0,79.0,53.0,62.0,55.0,77.0,56.0
75,244.0,25.0,0.0,0.0,0.0,62.0,83.0,82.0,74.0,73.0,62.0,75.0,66.0,81.0,58.0,25.0,34.0,79.0,30.0
73,225.0,25.0,0.0,0.0,0.0,62.0,84.0,87.0,82.0,70.0,64.0,73.0,62.0,74.0,67.0,61.0,66.0,83.0,45.0
75,241.0,23.0,0.0,0.0,0.0,62.0,84.0,87.0,77.0,66.0,54.0,77.0,58.0,70.0,59.0,50.0,60.0,76.0,42.0
75,236.0,25.0,5.0,0.0,0.0,62.0,86.0,88.0,76.0,71.0,66.0,77.0,65.0,79.0,61.0,46.0,55.0,78.0,39.0
76,253.0,24.0,0.0,0.0,0.0,62.0,81.0,80.0,77.0,80.0,63.0,73.0,65.0,77.0,59.0,37.0,48.0,79.0,31.0
74,223.0,25.0,0.0,0.0,0.0,62.0,86.0,87.0,77.0,65.0,64.0,74.0,61.0,79.0,60.0,58.0,64.0,77.0,60.0
78,245.0,24.0,1.0,0.0,0.0,62.0,80.0,89.0,79.0,75.0,59.0,76.0,63.0,79.0,55.0,34.0,43.0,75.0,30.0
72,230.0,23.0,6.0,0.0,0.0,62.0,85.0,88.0,69.0,76.0,62.0,78.0,60.0,84.0,53.0,60.0,57.0,85.0,32.0
73,227.0,23.0,14.0,0.0,0.0,62.0,85.0,88.0,75.0,73.0,62.0,76.0,65.0,84.0,58.0,50.0,55.0,77.0,35.0
73,225.0,24.0,0.0,0.0,0.0,62.0,85.0,84.0,80.0,61.0,66.0,73.0,60.0,79.0,63.0,61.0,63.0,87.0,66.0
72,228.0,24.0,0.0,0.0,0.0,62.0,82.0,87.0,84.0,74.0,64.0,74.0,69.0,74.0,66.0,52.0,59.0,79.0,46.0
75,238.0,26.0,0.0,0.0,0.0,62.0,81.0,89.0,75.0,71.0,58.0,77.0,61.0,75.0,55.0,40.0,47.0,83.0,29.0
77,250.0,27.0,0.0,0.0,0.0,62.0,78.0,76.0,75.0,77.0,63.0,76.0,68.0,77.0,61.0,30.0,32.0,81.0,26.0
75,246.0,27.0,0.0,0.0,0.0,62.0,76.0,80.0,79.0,80.0,54.0,79.0,65.0,77.0,52.0,41.0,47.0,79.0,36.0
76,245.0,25.0,0.0,0.0,0.0,61.0,81.0,89.0,77.0,72.0,53.0,74.0,59.0,79.0,52.0,39.0,45.0,80.0,50.0
73,245.0,24.0,0.0,0.0,0.0,61.0,81.0,80.0,69.0,80.0,51.0,77.0,67.0,81.0,50.0,28.0,32.0,74.0,39.0
73,217.0,25.0,0.0,0.0,0.0,61.0,82.0,88.0,80.0,70.0,57.0,76.0,60.0,78.0,53.0,58.0,65.0,79.0,44.0
73,240.0,25.0,3.0,0.0,0.0,61.0,87.0,90.0,80.0,67.0,61.0,77.0,61.0,80.0,59.0,59.0,55.0,83.0,46.0
76,224.0,23.0,0.0,0.0,0.0,61.0,86.0,91.0,86.0,71.0,64.0,66.0,63.0,70.0,68.0,58.0,63.0,86.0,65.0
74,262.0,22.0,6.0,0.0,0.0,61.0,78.0,78.0,76.0,82.0,67.0,75.0,62.0,75.0,65.0,30.0,41.0,74.0,25.0
74,227.0,24.0,0.0,0.0,0.0,60.0,81.0,85.0,79.0,67.0,56.0,77.0,55.0,76.0,58.0,57.0,65.0,72.0,66.0
77,246.0,26.0,3.0,0.0,0.0,60.0,79.0,86.0,88.0,78.0,52.0,72.0,63.0,75.0,55.0,43.0,52.0,80.0,39.0
75,230.0,23.0,0.0,0.0,0.0,60.0,76.0,88.0,77.0,71.0,56.0,78.0,60.0,80.0,64.0,46.0,55.0,76.0,57.0
73,212.0,26.0,0.0,0.0,0.0,60.0,87.0,92.0,89.0,68.0,54.0,67.0,54.0,73.0,52.0,61.0,66.0,77.0,65.0
74,236.0,25.0,0.0,0.0,0.0,60.0,76.0,84.0,74.0,73.0,53.0,71.0,60.0,75.0,53.0,22.0,33.0,77.0,25.0
78,255.0,24.0,0.0,0.0,0.0,60.0,79.0,75.0,76.0,72.0,60.0,77.0,71.0,78.0,57.0,36.0,45.0,80.0,30.0
72,220.0,25.0,0.0,0.0,0.0,60.0,83.0,85.0,79.0,63.0,51.0,78.0,59.0,80.0,62.0,52.0,55.0,77.0,48.0
76,253.0,26.0,3.0,0.0,0.0,60.0,88.0,91.0,76.0,75.0,45.0,73.0,60.0,76.0,43.0,44.0,52.0,80.0,38.0
75,255.0,25.0,0.0,0.0,0.0,60.0,78.0,83.0,76.0,79.0,59.0,76.0,65.0,76.0,57.0,20.0,29.0,73.0,10.0
72,230.0,23.0,0.0,0.0,0.0,59.0,81.0,88.0,79.0,75.0,57.0,76.0,56.0,75.0,60.0,48.0,63.0,84.0,38.0
72,228.0,27.0,0.0,0.0,0.0,59.0,78.0,80.0,76.0,78.0,60.0,81.0,57.0,75.0,61.0,47.0,51.0,84.0,52.0
74,230.0,25.0,0.0,0.0,0.0,59.0,83.0,88.0,78.0,67.0,55.0,80.0,65.0,78.0,55.0,50.0,57.0,77.0,46.0
73,230.0,25.0,0.0,0.0,0.0,59.0,77.0,83.0,67.0,73.0,56.0,79.0,66.0,80.0,60.0,47.0,53.0,77.0,40.0
73,236.0,26.0,0.0,0.0,0.0,59.0,84.0,85.0,80.0,64.0,59.0,77.0,64.0,78.0,57.0,54.0,61.0,79.0,59.0
74,261.0,24.0,0.0,0.0,0.0,59.0,76.0,82.0,68.0,81.0,53.0,77.0,66.0,78.0,50.0,35.0,41.0,75.0,50.0
73,232.0,24.0,0.0,0.0,0.0,58.0,84.0,87.0,74.0,72.0,50.0,71.0,61.0,77.0,51.0,48.0,59.0,82.0,45.0
74,220.0,29.0,0.0,0.0,0.0,58.0,87.0,90.0,78.0,70.0,63.0,65.0,52.0,72.0,61.0,58.0,62.0,63.0,76.0
73,228.0,28.0,0.0,0.0,0.0,57.0,79.0,85.0,78.0,76.0,52.0,76.0,63.0,78.0,54.0,39.0,49.0,80.0,45.0
75,235.0,24.0,0.0,0.0,0.0,57.0,86.0,86.0,83.0,74.0,54.0,76.0,59.0,74.0,52.0,45.0,58.0,75.0,52.0
77,247.0,24.0,0.0,0.0,0.0,57.0,80.0,90.0,81.0,68.0,51.0,79.0,64.0,78.0,49.0,42.0,50.0,78.0,45.0
74,240.0,25.0,0.0,0.0,0.0,57.0,79.0,86.0,76.0,70.0,53.0,75.0,60.0,75.0,50.0,31.0,37.0,75.0,20.0
74,265.0,24.0,0.0,0.0,0.0,56.0,73.0,73.0,69.0,81.0,56.0,70.0,63.0,79.0,66.0,27.0,33.0,79.0,13.0
74,214.0,26.0,0.0,0.0,0.0,56.0,84.0,90.0,83.0,63.0,55.0,68.0,51.0,67.0,53.0,59.0,65.0,71.0,62.0
73,234.0,23.0,0.0,0.0,0.0,56.0,79.0,87.0,87.0,69.0,52.0,75.0,62.0,79.0,51.0,46.0,52.0,79.0,44.0
76,255.0,25.0,0.0,0.0,0.0,56.0,80.0,81.0,81.0,72.0,52.0,72.0,63.0,76.0,50.0,39.0,45.0,79.0,46.0
73,240.0,27.0,0.0,0.0,0.0,55.0,86.0,90.0,82.0,73.0,46.0,71.0,59.0,76.0,45.0,30.0,35.0,82.0,40.0
73,231.0,23.0,0.0,0.0,0.0,55.0,84.0,87.0,73.0,68.0,55.0,72.0,60.0,80.0,60.0,41.0,46.0,75.0,43.0
73,231.0,25.0,0.0,0.0,0.0,55.0,79.0,82.0,77.0,75.0,50.0,77.0,58.0,74.0,52.0,45.0,55.0,84.0,45.0
74,225.0,24.0,0.0,0.0,0.0,54.0,86.0,88.0,79.0,64.0,50.0,70.0,69.0,78.0,49.0,46.0,53.0,84.0,40.0
75,230.0,26.0,80.0,4.0,4.0,96.0,86.0,92.0,84.0,76.0,99.0,92.0,77.0,96.0,99.0,76.0,85.0,83.0,58.0
72,230.0,26.0,28.0,0.0,0.0,86.0,84.0,87.0,81.0,72.0,89.0,93.0,70.0,93.0,88.0,67.0,78.0,89.0,47.0
75,233.0,28.0,12.0,0.0,0.0,68.0,86.0,88.0,85.0,69.0,65.0,82.0,63.0,81.0,63.0,62.0,69.0,83.0,53.0
71,227.0,22.0,5.0,0.0,0.0,65.0,89.0,93.0,81.0,66.0,68.0,71.0,56.0,80.0,67.0,64.0,63.0,87.0,49.0
75,220.0,22.0,0.0,0.0,0.0,64.0,84.0,90.0,75.0,65.0,67.0,77.0,61.0,82.0,68.0,49.0,65.0,79.0,55.0
74,223.0,26.0,0.0,0.0,0.0,63.0,86.0,87.0,77.0,65.0,66.0,74.0,61.0,79.0,63.0,58.0,65.0,77.0,60.0
75,235.0,25.0,0.0,0.0,0.0,58.0,86.0,86.0,83.0,74.0,57.0,76.0,59.0,74.0,55.0,45.0,58.0,75.0,52.0
77,250.0,25.0,57.0,0.0,2.0,87.0,87.0,88.0,86.0,75.0,86.0,93.0,78.0,89.0,86.0,70.0,79.0,85.0,37.0
73,242.0,27.0,0.0,0.0,0.0,82.0,83.0,84.0,82.0,72.0,82.0,93.0,75.0,93.0,84.0,62.0,75.0,81.0,44.0
74,234.0,23.0,0.0,0.0,0.0,72.0,80.0,87.0,79.0,72.0,73.0,82.0,76.0,84.0,74.0,46.0,57.0,83.0,35.0
72,240.0,29.0,0.0,0.0,0.0,68.0,86.0,90.0,82.0,84.0,66.0,78.0,63.0,77.0,63.0,60.0,67.0,82.0,42.0
74,253.0,21.0,2.0,0.0,0.0,66.0,82.0,89.0,74.0,80.0,63.0,82.0,72.0,75.0,63.0,52.0,58.0,90.0,53.0
77,262.0,25.0,5.0,0.0,0.0,63.0,83.0,88.0,83.0,74.0,66.0,78.0,67.0,78.0,63.0,43.0,50.0,84.0,28.0
76,224.0,24.0,0.0,0.0,0.0,62.0,86.0,91.0,86.0,71.0,67.0,68.0,63.0,72.0,69.0,58.0,63.0,86.0,65.0
74,245.0,27.0,29.0,0.0,0.0,84.0,85.0,90.0,83.0,74.0,85.0,95.0,73.0,91.0,84.0,65.0,76.0,83.0,49.0
74,250.0,27.0,39.0,0.0,0.0,78.0,87.0,90.0,79.0,76.0,80.0,86.0,67.0,84.0,79.0,64.0,75.0,81.0,55.0
74,228.0,25.0,9.0,0.0,0.0,75.0,88.0,92.0,86.0,70.0,75.0,84.0,67.0,83.0,75.0,62.0,70.0,82.0,59.0
72,235.0,26.0,7.0,0.0,0.0,66.0,82.0,87.0,80.0,74.0,67.0,79.0,68.0,79.0,64.0,58.0,64.0,83.0,46.0
73,235.0,25.0,0.0,0.0,0.0,65.0,83.0,89.0,80.0,76.0,61.0,82.0,66.0,77.0,64.0,48.0,58.0,81.0,51.0
75,220.0,25.0,0.0,0.0,0.0,64.0,85.0,88.0,80.0,64.0,53.0,74.0,61.0,78.0,55.0,48.0,60.0,73.0,41.0
72,223.0,29.0,53.0,1.0,1.0,88.0,86.0,86.0,74.0,78.0,93.0,87.0,80.0,97.0,95.0,68.0,77.0,82.0,50.0
73,240.0,32.0,37.0,0.0,0.0,69.0,81.0,81.0,72.0,71.0,85.0,75.0,72.0,79.0,87.0,54.0,61.0,75.0,52.0
73,224.0,24.0,19.0,0.0,0.0,68.0,86.0,91.0,83.0,67.0,70.0,75.0,59.0,86.0,71.0,54.0,65.0,77.0,40.0
74,230.0,22.0,8.0,0.0,0.0,68.0,84.0,89.0,79.0,63.0,61.0,85.0,59.0,83.0,58.0,62.0,71.0,74.0,67.0
73,235.0,30.0,9.0,0.0,0.0,65.0,76.0,80.0,75.0,75.0,71.0,83.0,63.0,78.0,70.0,46.0,58.0,78.0,55.0
72,237.0,25.0,0.0,0.0,0.0,65.0,87.0,89.0,74.0,74.0,65.0,79.0,67.0,77.0,68.0,54.0,57.0,79.0,31.0
73,219.0,27.0,3.0,0.0,0.0,65.0,86.0,89.0,80.0,67.0,67.0,79.0,62.0,78.0,65.0,57.0,65.0,78.0,56.0
72,233.0,24.0,5.0,0.0,0.0,64.0,86.0,91.0,84.0,67.0,63.0,74.0,61.0,81.0,67.0,56.0,64.0,75.0,39.0
77,242.0,30.0,15.0,0.0,0.0,83.0,82.0,85.0,85.0,79.0,87.0,84.0,74.0,84.0,85.0,36.0,48.0,78.0,45.0
74,236.0,28.0,32.0,0.0,0.0,80.0,80.0,85.0,84.0,71.0,83.0,89.0,77.0,86.0,85.0,60.0,72.0,85.0,45.0
74,240.0,29.0,0.0,0.0,0.0,79.0,84.0,85.0,79.0,72.0,81.0,92.0,69.0,89.0,80.0,61.0,69.0,82.0,42.0
75,260.0,30.0,49.0,0.0,3.0,76.0,82.0,89.0,79.0,88.0,82.0,76.0,71.0,81.0,78.0,34.0,47.0,82.0,10.0
75,240.0,24.0,16.0,0.0,0.0,75.0,87.0,92.0,85.0,75.0,74.0,82.0,73.0,81.0,73.0,61.0,58.0,85.0,48.0
76,257.0,25.0,25.0,0.0,0.0,72.0,82.0,85.0,75.0,77.0,74.0,83.0,73.0,82.0,73.0,31.0,40.0,78.0,49.0
76,250.0,26.0,0.0,0.0,0.0,72.0,83.0,87.0,78.0,77.0,73.0,83.0,74.0,84.0,72.0,55.0,63.0,81.0,39.0
77,233.0,21.0,2.0,0.0,0.0,72.0,84.0,89.0,81.0,72.0,73.0,78.0,73.0,85.0,75.0,70.0,62.0,83.0,69.0
75,240.0,23.0,21.0,0.0,1.0,70.0,88.0,92.0,82.0,72.0,64.0,74.0,63.0,81.0,67.0,28.0,44.0,76.0,30.0
75,235.0,27.0,10.0,0.0,0.0,64.0,86.0,85.0,82.0,71.0,67.0,75.0,64.0,81.0,64.0,58.0,63.0,83.0,50.0
74,265.0,24.0,0.0,0.0,0.0,62.0,84.0,91.0,78.0,77.0,63.0,78.0,63.0,75.0,61.0,25.0,31.0,76.0,27.0
76,245.0,26.0,0.0,0.0,0.0,61.0,81.0,89.0,77.0,72.0,53.0,74.0,59.0,79.0,52.0,39.0,45.0,80.0,50.0
74,221.0,23.0,22.0,0.0,1.0,79.0,89.0,92.0,88.0,65.0,82.0,76.0,66.0,90.0,81.0,67.0,76.0,85.0,48.0
73,238.0,27.0,19.0,0.0,0.0,76.0,85.0,89.0,80.0,76.0,76.0,85.0,76.0,83.0,75.0,54.0,65.0,84.0,42.0
73,235.0,28.0,0.0,0.0,0.0,76.0,84.0,88.0,79.0,78.0,82.0,86.0,70.0,83.0,83.0,56.0,64.0,76.0,45.0
72,230.0,27.0,14.0,0.0,0.0,70.0,85.0,87.0,79.0,79.0,73.0,81.0,64.0,79.0,74.0,55.0,63.0,86.0,49.0
75,228.0,24.0,5.0,0.0,0.0,67.0,84.0,87.0,72.0,73.0,64.0,82.0,71.0,82.0,67.0,51.0,57.0,80.0,48.0
72,222.0,24.0,0.0,0.0,0.0,67.0,84.0,91.0,79.0,64.0,74.0,79.0,62.0,84.0,74.0,56.0,58.0,84.0,40.0
75,235.0,26.0,0.0,0.0,0.0,63.0,81.0,85.0,76.0,71.0,62.0,81.0,69.0,79.0,60.0,52.0,60.0,78.0,44.0
73,233.0,33.0,90.0,1.0,1.0,91.0,85.0,88.0,85.0,77.0,98.0,92.0,82.0,90.0,95.0,70.0,79.0,85.0,59.0
74,250.0,30.0,0.0,0.0,0.0,80.0,83.0,85.0,82.0,74.0,83.0,85.0,82.0,88.0,80.0,52.0,57.0,81.0,39.0
72,237.0,25.0,46.0,0.0,1.0,79.0,91.0,90.0,82.0,77.0,86.0,79.0,70.0,88.0,88.0,62.0,68.0,84.0,53.0
77,259.0,24.0,22.0,0.0,0.0,74.0,83.0,86.0,82.0,81.0,72.0,77.0,70.0,83.0,74.0,46.0,54.0,83.0,45.0
79,271.0,26.0,15.0,0.0,0.0,69.0,78.0,86.0,82.0,77.0,72.0,77.0,75.0,79.0,73.0,37.0,44.0,80.0,26.0
75,263.0,24.0,13.0,0.0,0.0,67.0,89.0,93.0,77.0,69.0,68.0,78.0,68.0,83.0,64.0,27.0,34.0,80.0,40.0
72,226.0,23.0,1.0,0.0,0.0,67.0,85.0,89.0,81.0,66.0,70.0,82.0,64.0,77.0,70.0,53.0,70.0,76.0,65.0
74,242.0,24.0,0.0,0.0,0.0,64.0,81.0,91.0,85.0,71.0,62.0,78.0,59.0,76.0,59.0,27.0,32.0,82.0,29.0
72,235.0,24.0,10.0,0.0,0.0,63.0,80.0,82.0,71.0,74.0,56.0,81.0,66.0,78.0,64.0,53.0,60.0,86.0,47.0
72,230.0,26.0,0.0,0.0,0.0,63.0,87.0,91.0,82.0,68.0,60.0,81.0,66.0,77.0,57.0,56.0,62.0,77.0,46.0
75,240.0,25.0,0.0,0.0,0.0,63.0,85.0,91.0,77.0,73.0,56.0,76.0,61.0,78.0,54.0,38.0,48.0,78.0,30.0
79,240.0,25.0,0.0,0.0,0.0,62.0,83.0,87.0,83.0,69.0,56.0,74.0,58.0,79.0,62.0,48.0,54.0,68.0,35.0
73,225.0,23.0,0.0,0.0,0.0,60.0,88.0,91.0,75.0,72.0,58.0,75.0,62.0,81.0,55.0,56.0,49.0,87.0,52.0
73,225.0,24.0,0.0,0.0,0.0,60.0,82.0,87.0,75.0,73.0,55.0,78.0,62.0,74.0,60.0,52.0,61.0,85.0,46.0
76,260.0,24.0,21.0,0.0,0.0,76.0,86.0,87.0,82.0,76.0,76.0,83.0,71.0,87.0,74.0,65.0,74.0,88.0,44.0
74,234.0,27.0,31.0,0.0,0.0,75.0,84.0,89.0,82.0,67.0,82.0,85.0,63.0,85.0,80.0,60.0,69.0,86.0,54.0
74,229.0,25.0,0.0,0.0,0.0,73.0,84.0,87.0,82.0,71.0,79.0,82.0,70.0,81.0,76.0,62.0,68.0,82.0,46.0
74,248.0,21.0,1.0,0.0,0.0,71.0,86.0,91.0,84.0,75.0,66.0,76.0,65.0,84.0,67.0,41.0,50.0,84.0,42.0
77,248.0,25.0,3.0,0.0,0.0,71.0,83.0,89.0,74.0,73.0,72.0,75.0,68.0,83.0,73.0,35.0,45.0,78.0,25.0
76,267.0,23.0,3.0,0.0,0.0,71.0,78.0,84.0,82.0,77.0,70.0,85.0,71.0,83.0,69.0,25.0,35.0,78.0,18.0
72,232.0,29.0,0.0,0.0,0.0,70.0,85.0,87.0,74.0,81.0,72.0,70.0,64.0,80.0,70.0,49.0,58.0,76.0,34.0
72,225.0,22.0,2.0,0.0,0.0,66.0,93.0,95.0,84.0,77.0,57.0,76.0,61.0,87.0,52.0,65.0,60.0,86.0,55.0
74,262.0,23.0,6.0,0.0,0.0,65.0,78.0,79.0,76.0,82.0,67.0,78.0,62.0,77.0,66.0,30.0,41.0,74.0,25.0
75,253.0,24.0,3.0,0.0,0.0,63.0,76.0,81.0,74.0,72.0,66.0,79.0,67.0,80.0,67.0,36.0,44.0,83.0,25.0
73,230.0,27.0,0.0,0.0,0.0,59.0,84.0,85.0,79.0,64.0,59.0,77.0,64.0,78.0,57.0,54.0,61.0,79.0,59.0
74,214.0,27.0,0.0,0.0,0.0,57.0,84.0,90.0,83.0,63.0,58.0,70.0,51.0,67.0,55.0,59.0,65.0,71.0,62.0
77,280.0,28.0,57.0,0.0,5.0,91.0,80.0,84.0,84.0,87.0,97.0,89.0,85.0,92.0,97.0,26.0,37.0,82.0,22.0
72,232.0,31.0,64.0,1.0,1.0,85.0,85.0,89.0,81.0,76.0,92.0,87.0,80.0,87.0,88.0,68.0,77.0,85.0,59.0
75,269.0,32.0,102.0,3.0,9.0,85.0,85.0,87.0,85.0,89.0,86.0,82.0,86.0,87.0,85.0,50.0,59.0,88.0,48.0
74,241.0,24.0,0.0,0.0,0.0,74.0,87.0,90.0,85.0,73.0,79.0,79.0,68.0,83.0,78.0,63.0,69.0,85.0,52.0
73,225.0,23.0,10.0,0.0,0.0,70.0,88.0,91.0,82.0,65.0,65.0,87.0,61.0,83.0,70.0,66.0,64.0,76.0,72.0
75,266.0,20.0,11.0,0.0,0.0,68.0,77.0,83.0,71.0,79.0,70.0,69.0,72.0,82.0,65.0,42.0,54.0,83.0,37.0
74,244.0,24.0,0.0,0.0,0.0,66.0,81.0,89.0,81.0,74.0,60.0,76.0,64.0,78.0,57.0,37.0,47.0,77.0,33.0
75,244.0,25.0,5.0,0.0,0.0,65.0,89.0,91.0,87.0,69.0,61.0,80.0,60.0,78.0,65.0,55.0,63.0,72.0,38.0
72,231.0,24.0,0.0,0.0,0.0,55.0,84.0,87.0,73.0,68.0,55.0,72.0,60.0,80.0,60.0,41.0,46.0,75.0,43.0
71,237.0,23.0,23.0,0.0,0.0,87.0,87.0,84.0,74.0,74.0,89.0,95.0,76.0,95.0,90.0,66.0,72.0,87.0,46.0
74,228.0,28.0,25.0,0.0,0.0,76.0,87.0,90.0,85.0,77.0,78.0,81.0,71.0,85.0,76.0,66.0,71.0,79.0,56.0
73,243.0,25.0,0.0,0.0,0.0,75.0,88.0,91.0,81.0,73.0,79.0,83.0,68.0,84.0,77.0,61.0,65.0,86.0,56.0
75,250.0,22.0,14.0,0.0,0.0,69.0,88.0,93.0,82.0,82.0,69.0,80.0,74.0,78.0,65.0,47.0,53.0,89.0,53.0
75,250.0,23.0,0.0,0.0,0.0,63.0,83.0,89.0,82.0,71.0,65.0,73.0,64.0,78.0,62.0,32.0,38.0,84.0,37.0
75,236.0,24.0,0.0,0.0,0.0,62.0,84.0,90.0,75.0,70.0,51.0,78.0,62.0,82.0,55.0,49.0,62.0,74.0,36.0
73,230.0,26.0,0.0,0.0,0.0,59.0,77.0,83.0,67.0,73.0,56.0,79.0,66.0,80.0,60.0,47.0,53.0,77.0,40.0
74,230.0,28.0,60.0,3.0,3.0,86.0,85.0,88.0,83.0,78.0,84.0,94.0,78.0,93.0,87.0,62.0,64.0,86.0,49.0
72,235.0,27.0,35.0,0.0,1.0,73.0,84.0,90.0,81.0,80.0,72.0,83.0,66.0,86.0,71.0,53.0,61.0,80.0,43.0
75,224.0,28.0,16.0,0.0,0.0,69.0,86.0,89.0,84.0,74.0,71.0,79.0,64.0,84.0,70.0,54.0,63.0,83.0,37.0
73,236.0,23.0,2.0,0.0,0.0,65.0,88.0,91.0,81.0,69.0,57.0,78.0,64.0,80.0,67.0,53.0,58.0,74.0,47.0
71,230.0,24.0,6.0,0.0,0.0,64.0,85.0,88.0,69.0,76.0,62.0,78.0,60.0,84.0,53.0,60.0,57.0,85.0,32.0
73,230.0,26.0,0.0,0.0,0.0,63.0,85.0,90.0,84.0,65.0,62.0,73.0,59.0,73.0,61.0,61.0,70.0,82.0,58.0
72,225.0,23.0,0.0,0.0,0.0,61.0,90.0,91.0,82.0,66.0,51.0,72.0,62.0,82.0,54.0,57.0,64.0,84.0,44.0
74,237.0,26.0,22.0,0.0,0.0,77.0,85.0,88.0,84.0,79.0,76.0,90.0,69.0,85.0,76.0,54.0,62.0,78.0,50.0
75,234.0,24.0,16.0,0.0,0.0,76.0,90.0,93.0,84.0,73.0,74.0,87.0,67.0,88.0,73.0,62.0,69.0,79.0,44.0
74,240.0,30.0,18.0,0.0,0.0,68.0,79.0,82.0,75.0,75.0,70.0,82.0,69.0,81.0,73.0,49.0,55.0,75.0,39.0
72,220.0,25.0,7.0,0.0,0.0,67.0,87.0,90.0,84.0,68.0,66.0,77.0,63.0,82.0,65.0,62.0,66.0,84.0,62.0
74,225.0,25.0,0.0,0.0,0.0,61.0,86.0,88.0,79.0,64.0,60.0,70.0,69.0,78.0,59.0,46.0,53.0,84.0,40.0
72,245.0,25.0,0.0,0.0,0.0,60.0,83.0,82.0,73.0,72.0,55.0,81.0,74.0,70.0,61.0,44.0,49.0,88.0,45.0
76,256.0,27.0,0.0,0.0,0.0,82.0,86.0,91.0,88.0,78.0,80.0,90.0,78.0,84.0,82.0,62.0,68.0,81.0,46.0
75,240.0,23.0,13.0,0.0,0.0,73.0,90.0,89.0,80.0,67.0,73.0,89.0,69.0,82.0,72.0,59.0,60.0,81.0,46.0
74,220.0,23.0,6.0,0.0,0.0,69.0,87.0,92.0,78.0,64.0,69.0,77.0,68.0,88.0,67.0,67.0,66.0,90.0,65.0
75,233.0,25.0,3.0,0.0,0.0,67.0,88.0,91.0,83.0,65.0,64.0,78.0,62.0,77.0,63.0,64.0,70.0,76.0,63.0
72,234.0,25.0,0.0,0.0,0.0,64.0,89.0,91.0,87.0,70.0,57.0,80.0,62.0,82.0,56.0,36.0,43.0,86.0,35.0
74,241.0,26.0,3.0,0.0,0.0,64.0,87.0,89.0,78.0,80.0,52.0,78.0,71.0,82.0,54.0,50.0,56.0,82.0,46.0
77,263.0,24.0,16.0,0.0,0.0,83.0,86.0,90.0,85.0,80.0,87.0,78.0,76.0,83.0,87.0,40.0,48.0,77.0,27.0
74,225.0,26.0,37.0,0.0,0.0,80.0,88.0,88.0,84.0,73.0,83.0,86.0,75.0,86.0,85.0,71.0,67.0,78.0,46.0
76,275.0,27.0,35.0,0.0,2.0,79.0,85.0,87.0,79.0,91.0,83.0,78.0,81.0,83.0,84.0,41.0,46.0,87.0,28.0
71,227.0,26.0,0.0,0.0,0.0,78.0,84.0,87.0,86.0,74.0,83.0,79.0,75.0,90.0,85.0,61.0,65.0,87.0,51.0
76,242.0,28.0,0.0,0.0,0.0,76.0,86.0,88.0,83.0,70.0,77.0,80.0,76.0,83.0,75.0,51.0,59.0,79.0,45.0
74,235.0,27.0,0.0,0.0,0.0,72.0,77.0,86.0,84.0,74.0,75.0,81.0,73.0,82.0,72.0,47.0,57.0,81.0,37.0
73,227.0,29.0,19.0,0.0,0.0,67.0,86.0,86.0,82.0,74.0,74.0,76.0,64.0,80.0,75.0,54.0,58.0,82.0,42.0
74,232.0,23.0,3.0,0.0,0.0,67.0,91.0,94.0,75.0,69.0,64.0,82.0,65.0,87.0,60.0,57.0,53.0,86.0,46.0
75,238.0,25.0,1.0,0.0,0.0,63.0,85.0,92.0,84.0,67.0,63.0,73.0,62.0,73.0,65.0,35.0,43.0,83.0,40.0
72,229.0,24.0,0.0,0.0,0.0,63.0,82.0,84.0,74.0,71.0,64.0,79.0,64.0,83.0,68.0,43.0,48.0,89.0,45.0
73,240.0,28.0,44.0,0.0,2.0,90.0,86.0,89.0,88.0,81.0,95.0,81.0,74.0,86.0,92.0,58.0,62.0,83.0,45.0
74,238.0,22.0,0.0,0.0,0.0,73.0,93.0,95.0,87.0,69.0,69.0,78.0,66.0,82.0,66.0,42.0,50.0,84.0,37.0
71,231.0,22.0,10.0,0.0,0.0,72.0,89.0,92.0,83.0,66.0,73.0,80.0,65.0,88.0,75.0,60.0,64.0,85.0,39.0
72,216.0,28.0,0.0,0.0,0.0,71.0,86.0,83.0,82.0,76.0,78.0,79.0,67.0,82.0,80.0,59.0,64.0,74.0,54.0
73,230.0,25.0,3.0,0.0,0.0,67.0,88.0,91.0,85.0,69.0,65.0,79.0,67.0,80.0,62.0,56.0,59.0,84.0,53.0
74,248.0,24.0,11.0,0.0,0.0,64.0,84.0,87.0,83.0,75.0,64.0,77.0,65.0,78.0,62.0,40.0,50.0,78.0,49.0
74,248.0,24.0,5.0,0.0,0.0,64.0,84.0,87.0,83.0,75.0,64.0,77.0,65.0,78.0,62.0,40.0,50.0,78.0,49.0
73,240.0,26.0,3.0,0.0,0.0,61.0,87.0,90.0,80.0,67.0,61.0,77.0,61.0,80.0,59.0,59.0,55.0,83.0,46.0
75,231.0,24.0,0.0,0.0,0.0,58.0,85.0,87.0,82.0,72.0,57.0,75.0,64.0,70.0,53.0,40.0,45.0,81.0,43.0
77,252.0,27.0,30.0,0.0,0.0,77.0,87.0,90.0,84.0,74.0,76.0,85.0,74.0,84.0,75.0,49.0,59.0,79.0,46.0
76,269.0,30.0,44.0,0.0,0.0,73.0,84.0,86.0,76.0,76.0,71.0,80.0,72.0,84.0,72.0,43.0,56.0,88.0,56.0
74,238.0,28.0,23.0,0.0,0.0,73.0,82.0,88.0,86.0,72.0,79.0,81.0,71.0,83.0,78.0,55.0,65.0,84.0,45.0
75,230.0,26.0,15.0,0.0,0.0,73.0,86.0,88.0,81.0,72.0,76.0,84.0,67.0,82.0,76.0,59.0,67.0,84.0,42.0
75,256.0,24.0,8.0,0.0,0.0,71.0,84.0,87.0,85.0,76.0,65.0,77.0,71.0,83.0,63.0,30.0,40.0,78.0,25.0
78,272.0,22.0,2.0,0.0,0.0,68.0,83.0,87.0,73.0,81.0,69.0,82.0,73.0,79.0,66.0,32.0,40.0,85.0,44.0
76,240.0,24.0,3.0,0.0,0.0,67.0,87.0,90.0,82.0,72.0,67.0,75.0,65.0,78.0,63.0,20.0,30.0,80.0,24.0
76,235.0,24.0,6.0,0.0,0.0,66.0,92.0,94.0,87.0,68.0,72.0,77.0,67.0,79.0,65.0,52.0,54.0,84.0,55.0
76,268.0,24.0,10.0,0.0,0.0,65.0,79.0,79.0,77.0,79.0,72.0,75.0,68.0,79.0,75.0,32.0,44.0,76.0,19.0
72,222.0,27.0,0.0,0.0,0.0,65.0,79.0,83.0,78.0,73.0,72.0,79.0,64.0,78.0,73.0,50.0,58.0,76.0,45.0
75,235.0,24.0,0.0,0.0,0.0,63.0,77.0,84.0,78.0,74.0,65.0,82.0,60.0,78.0,67.0,45.0,50.0,88.0,54.0
72,240.0,26.0,0.0,0.0,0.0,63.0,85.0,88.0,73.0,72.0,55.0,82.0,68.0,79.0,58.0,45.0,58.0,84.0,46.0
75,230.0,24.0,0.0,0.0,0.0,60.0,76.0,88.0,77.0,71.0,56.0,78.0,60.0,80.0,64.0,46.0,55.0,76.0,57.0
73,235.0,27.0,34.0,0.0,0.0,81.0,89.0,90.0,82.0,73.0,85.0,88.0,73.0,85.0,84.0,65.0,72.0,80.0,50.0
77,258.0,22.0,21.0,0.0,0.0,80.0,88.0,90.0,84.0,81.0,79.0,85.0,75.0,86.0,78.0,51.0,58.0,81.0,44.0
75,240.0,23.0,16.0,0.0,0.0,76.0,86.0,91.0,81.0,77.0,75.0,77.0,71.0,81.0,78.0,43.0,51.0,80.0,32.0
76,254.0,26.0,8.0,0.0,0.0,72.0,80.0,78.0,81.0,78.0,79.0,79.0,70.0,82.0,77.0,43.0,49.0,78.0,22.0
73,238.0,27.0,22.0,0.0,0.0,70.0,84.0,88.0,78.0,83.0,72.0,77.0,73.0,81.0,74.0,45.0,51.0,87.0,42.0
74,232.0,23.0,18.0,0.0,0.0,68.0,85.0,91.0,83.0,71.0,71.0,79.0,69.0,83.0,72.0,49.0,52.0,81.0,40.0
77,287.0,29.0,21.0,0.0,0.0,68.0,69.0,70.0,66.0,80.0,77.0,82.0,72.0,78.0,79.0,40.0,46.0,83.0,22.0
76,255.0,24.0,0.0,0.0,0.0,64.0,82.0,87.0,83.0,74.0,68.0,76.0,74.0,71.0,72.0,47.0,53.0,86.0,49.0
77,233.0,25.0,4.0,0.0,0.0,63.0,83.0,85.0,78.0,70.0,61.0,75.0,68.0,80.0,59.0,54.0,56.0,84.0,49.0
75,260.0,25.0,0.0,0.0,0.0,62.0,81.0,85.0,77.0,77.0,51.0,73.0,62.0,83.0,54.0,38.0,46.0,72.0,39.0
79,245.0,25.0,1.0,0.0,0.0,62.0,80.0,89.0,79.0,75.0,59.0,76.0,63.0,79.0,55.0,34.0,43.0,75.0,30.0
75,236.0,26.0,5.0,0.0,0.0,62.0,87.0,88.0,76.0,71.0,66.0,77.0,65.0,79.0,61.0,46.0,55.0,78.0,39.0
77,255.0,26.0,98.0,0.0,4.0,85.0,86.0,88.0,83.0,82.0,87.0,86.0,78.0,87.0,85.0,52.0,62.0,82.0,58.0
74,230.0,28.0,37.0,0.0,0.0,84.0,88.0,89.0,85.0,69.0,86.0,93.0,74.0,94.0,84.0,68.0,66.0,87.0,63.0
77,272.0,22.0,21.0,0.0,0.0,78.0,88.0,92.0,83.0,88.0,81.0,78.0,79.0,82.0,79.0,43.0,53.0,87.0,28.0
75,235.0,24.0,20.0,0.0,0.0,76.0,84.0,91.0,79.0,77.0,77.0,78.0,73.0,88.0,81.0,60.0,69.0,81.0,48.0
75,239.0,24.0,6.0,0.0,0.0,70.0,85.0,89.0,86.0,76.0,68.0,86.0,61.0,83.0,65.0,61.0,63.0,82.0,42.0
75,245.0,24.0,10.0,0.0,0.0,70.0,85.0,90.0,86.0,78.0,65.0,76.0,67.0,80.0,64.0,49.0,54.0,85.0,29.0
73,234.0,23.0,2.0,0.0,0.0,68.0,90.0,95.0,83.0,70.0,59.0,75.0,59.0,81.0,60.0,60.0,50.0,87.0,44.0
72,221.0,24.0,4.0,0.0,0.0,67.0,83.0,87.0,76.0,74.0,70.0,76.0,66.0,80.0,72.0,58.0,65.0,85.0,48.0
72,240.0,25.0,5.0,0.0,0.0,65.0,81.0,82.0,76.0,77.0,65.0,79.0,69.0,77.0,68.0,52.0,56.0,87.0,50.0
78,250.0,25.0,0.0,0.0,0.0,60.0,79.0,75.0,76.0,72.0,60.0,77.0,70.0,78.0,57.0,36.0,45.0,80.0,30.0
77,247.0,24.0,0.0,0.0,0.0,58.0,82.0,87.0,76.0,69.0,49.0,77.0,68.0,81.0,47.0,28.0,33.0,75.0,29.0
74,231.0,31.0,21.0,0.0,0.0,85.0,84.0,87.0,86.0,75.0,85.0,94.0,76.0,90.0,85.0,65.0,74.0,89.0,49.0
74,231.0,31.0,81.0,0.0,5.0,85.0,84.0,87.0,86.0,75.0,85.0,94.0,76.0,90.0,85.0,65.0,74.0,89.0,49.0
71,225.0,27.0,38.0,1.0,0.0,71.0,87.0,89.0,78.0,65.0,73.0,81.0,65.0,86.0,72.0,59.0,67.0,89.0,50.0
74,216.0,23.0,11.0,0.0,0.0,66.0,82.0,86.0,79.0,65.0,68.0,78.0,62.0,80.0,69.0,66.0,64.0,85.0,74.0
73,232.0,23.0,0.0,0.0,0.0,66.0,88.0,91.0,83.0,67.0,59.0,78.0,62.0,83.0,55.0,67.0,65.0,77.0,48.0
75,215.0,24.0,2.0,0.0,0.0,66.0,87.0,90.0,82.0,67.0,66.0,81.0,66.0,77.0,63.0,53.0,60.0,83.0,77.0
74,233.0,26.0,5.0,0.0,0.0,65.0,86.0,88.0,82.0,75.0,64.0,74.0,61.0,83.0,60.0,54.0,63.0,84.0,40.0
77,249.0,23.0,0.0,0.0,0.0,75.0,84.0,90.0,88.0,76.0,71.0,86.0,77.0,81.0,65.0,65.0,72.0,83.0,66.0
77,249.0,23.0,0.0,0.0,0.0,75.0,84.0,90.0,88.0,76.0,71.0,86.0,77.0,81.0,65.0,65.0,72.0,83.0,66.0
77,249.0,23.0,13.0,0.0,0.0,75.0,84.0,90.0,88.0,76.0,71.0,86.0,77.0,81.0,65.0,65.0,72.0,83.0,66.0
75,240.0,28.0,30.0,0.0,0.0,73.0,85.0,88.0,83.0,74.0,79.0,77.0,70.0,85.0,77.0,65.0,68.0,83.0,43.0
71,225.0,24.0,11.0,0.0,0.0,73.0,86.0,90.0,79.0,82.0,75.0,80.0,66.0,85.0,75.0,55.0,65.0,81.0,36.0
73,245.0,24.0,11.0,0.0,0.0,69.0,86.0,84.0,70.0,79.0,70.0,84.0,69.0,80.0,66.0,52.0,64.0,84.0,42.0
72,233.0,28.0,17.0,0.0,1.0,66.0,82.0,84.0,75.0,70.0,75.0,74.0,63.0,77.0,74.0,69.0,64.0,83.0,49.0
75,240.0,27.0,0.0,0.0,0.0,62.0,81.0,85.0,78.0,67.0,58.0,79.0,64.0,81.0,62.0,46.0,56.0,79.0,49.0
77,277.0,25.0,31.0,0.0,1.0,88.0,86.0,89.0,79.0,83.0,91.0,86.0,76.0,86.0,88.0,39.0,49.0,78.0,30.0
76,232.0,30.0,51.0,1.0,0.0,85.0,86.0,87.0,85.0,72.0,90.0,91.0,67.0,90.0,88.0,69.0,77.0,81.0,44.0
76,241.0,23.0,18.0,0.0,0.0,78.0,88.0,90.0,86.0,75.0,79.0,86.0,72.0,87.0,77.0,65.0,69.0,87.0,45.0
77,265.0,30.0,55.0,0.0,0.0,76.0,80.0,86.0,79.0,82.0,83.0,77.0,82.0,83.0,80.0,51.0,58.0,79.0,44.0
77,272.0,22.0,0.0,0.0,0.0,73.0,86.0,91.0,83.0,81.0,70.0,76.0,77.0,83.0,66.0,35.0,41.0,88.0,28.0
77,248.0,27.0,8.0,0.0,0.0,71.0,85.0,87.0,80.0,71.0,72.0,78.0,68.0,79.0,71.0,55.0,59.0,79.0,36.0
76,258.0,23.0,11.0,0.0,0.0,69.0,77.0,83.0,67.0,83.0,68.0,82.0,74.0,79.0,65.0,28.0,43.0,83.0,28.0
73,230.0,28.0,2.0,0.0,0.0,68.0,86.0,89.0,83.0,75.0,66.0,80.0,69.0,79.0,68.0,57.0,63.0,76.0,49.0
73,230.0,28.0,0.0,0.0,0.0,68.0,86.0,89.0,83.0,75.0,66.0,80.0,69.0,79.0,68.0,57.0,63.0,76.0,49.0
76,257.0,24.0,3.0,0.0,0.0,65.0,78.0,83.0,76.0,76.0,69.0,78.0,65.0,76.0,66.0,42.0,48.0,76.0,32.0
73,227.0,24.0,14.0,0.0,0.0,65.0,85.0,88.0,75.0,73.0,65.0,78.0,67.0,84.0,63.0,52.0,58.0,77.0,38.0
76,250.0,23.0,0.0,0.0,0.0,61.0,78.0,88.0,65.0,81.0,57.0,68.0,73.0,75.0,61.0,41.0,46.0,84.0,51.0
74,261.0,25.0,0.0,0.0,0.0,59.0,76.0,82.0,68.0,80.0,53.0,77.0,66.0,78.0,50.0,35.0,41.0,75.0,50.0
77,250.0,25.0,42.0,0.0,2.0,87.0,88.0,91.0,88.0,76.0,95.0,82.0,74.0,88.0,91.0,41.0,52.0,79.0,22.0
72,230.0,29.0,41.0,0.0,0.0,84.0,85.0,86.0,84.0,75.0,92.0,87.0,79.0,89.0,94.0,62.0,69.0,83.0,63.0
75,235.0,26.0,0.0,0.0,0.0,80.0,84.0,86.0,82.0,79.0,84.0,85.0,76.0,89.0,85.0,51.0,62.0,86.0,55.0
77,265.0,25.0,17.0,0.0,0.0,72.0,84.0,87.0,80.0,81.0,73.0,85.0,73.0,82.0,73.0,27.0,32.0,82.0,16.0
74,235.0,29.0,0.0,0.0,0.0,71.0,85.0,86.0,79.0,76.0,68.0,80.0,66.0,79.0,66.0,39.0,47.0,85.0,38.0
74,220.0,29.0,24.0,0.0,0.0,69.0,89.0,91.0,86.0,72.0,67.0,78.0,70.0,82.0,69.0,62.0,65.0,81.0,65.0
76,260.0,24.0,3.0,0.0,0.0,69.0,89.0,93.0,73.0,82.0,62.0,71.0,67.0,84.0,63.0,45.0,52.0,87.0,48.0
75,240.0,22.0,1.0,0.0,0.0,66.0,88.0,91.0,84.0,69.0,63.0,76.0,64.0,79.0,62.0,64.0,64.0,84.0,60.0
78,245.0,24.0,2.0,0.0,0.0,64.0,92.0,93.0,75.0,74.0,59.0,70.0,61.0,83.0,57.0,32.0,44.0,80.0,24.0
74,235.0,23.0,0.0,0.0,0.0,63.0,81.0,85.0,71.0,69.0,69.0,82.0,62.0,81.0,70.0,45.0,50.0,78.0,40.0
77,280.0,27.0,2.0,0.0,0.0,58.0,81.0,84.0,73.0,77.0,61.0,75.0,63.0,78.0,58.0,42.0,52.0,78.0,47.0
75,230.0,24.0,0.0,0.0,0.0,55.0,78.0,79.0,74.0,65.0,58.0,73.0,65.0,74.0,63.0,47.0,54.0,84.0,45.0
75,261.0,31.0,0.0,0.0,0.0,89.0,85.0,88.0,79.0,86.0,93.0,86.0,75.0,88.0,91.0,53.0,64.0,80.0,22.0
74,244.0,27.0,36.0,0.0,0.0,84.0,83.0,83.0,79.0,86.0,84.0,95.0,77.0,85.0,85.0,50.0,66.0,86.0,35.0
75,245.0,24.0,0.0,0.0,0.0,81.0,86.0,91.0,84.0,73.0,77.0,85.0,67.0,86.0,75.0,49.0,58.0,79.0,43.0
74,246.0,26.0,31.0,0.0,0.0,77.0,83.0,85.0,80.0,78.0,77.0,88.0,72.0,84.0,78.0,60.0,71.0,84.0,46.0
75,216.0,23.0,5.0,0.0,0.0,70.0,83.0,88.0,83.0,68.0,70.0,80.0,64.0,81.0,70.0,66.0,70.0,85.0,66.0
74,243.0,27.0,15.0,0.0,0.0,69.0,85.0,88.0,80.0,83.0,63.0,80.0,73.0,80.0,66.0,55.0,58.0,82.0,43.0
73,233.0,25.0,0.0,0.0,0.0,69.0,85.0,87.0,81.0,78.0,73.0,77.0,70.0,81.0,69.0,56.0,63.0,85.0,46.0
75,259.0,26.0,20.0,0.0,0.0,68.0,81.0,86.0,74.0,81.0,66.0,78.0,71.0,79.0,63.0,52.0,58.0,77.0,56.0
74,239.0,28.0,0.0,0.0,0.0,66.0,87.0,89.0,87.0,69.0,66.0,80.0,60.0,80.0,68.0,57.0,62.0,76.0,43.0
75,253.0,23.0,0.0,0.0,0.0,64.0,82.0,86.0,76.0,79.0,61.0,80.0,69.0,79.0,62.0,22.0,33.0,78.0,21.0
74,235.0,26.0,0.0,0.0,0.0,63.0,76.0,83.0,76.0,76.0,68.0,77.0,65.0,78.0,69.0,52.0,57.0,83.0,50.0
75,260.0,24.0,0.0,0.0,0.0,62.0,77.0,82.0,69.0,71.0,63.0,74.0,64.0,75.0,60.0,37.0,46.0,74.0,35.0
77,255.0,26.0,54.0,0.0,4.0,94.0,84.0,88.0,84.0,83.0,98.0,91.0,84.0,95.0,95.0,40.0,48.0,80.0,25.0
77,260.0,33.0,77.0,2.0,4.0,82.0,77.0,79.0,79.0,87.0,90.0,85.0,77.0,86.0,88.0,37.0,43.0,84.0,33.0
78,271.0,23.0,5.0,0.0,0.0,75.0,81.0,87.0,76.0,85.0,75.0,84.0,77.0,80.0,75.0,35.0,45.0,87.0,44.0
73,229.0,27.0,0.0,0.0,0.0,74.0,88.0,87.0,78.0,71.0,77.0,85.0,67.0,84.0,80.0,59.0,63.0,83.0,46.0
75,226.0,25.0,20.0,0.0,0.0,73.0,88.0,87.0,83.0,69.0,70.0,89.0,65.0,84.0,73.0,57.0,65.0,88.0,73.0
76,260.0,28.0,8.0,0.0,0.0,68.0,85.0,89.0,80.0,84.0,63.0,80.0,69.0,79.0,60.0,29.0,40.0,79.0,36.0
74,250.0,25.0,7.0,0.0,0.0,64.0,79.0,83.0,81.0,75.0,55.0,78.0,68.0,78.0,53.0,38.0,46.0,78.0,28.0
74,228.0,23.0,2.0,0.0,0.0,64.0,89.0,88.0,83.0,70.0,58.0,78.0,61.0,83.0,59.0,59.0,61.0,83.0,45.0
72,228.0,27.0,0.0,0.0,0.0,62.0,87.0,91.0,80.0,68.0,58.0,79.0,69.0,79.0,55.0,56.0,62.0,80.0,43.0
73,234.0,25.0,0.0,0.0,0.0,61.0,82.0,87.0,83.0,65.0,58.0,77.0,63.0,79.0,61.0,58.0,61.0,86.0,54.0
70,221.0,23.0,0.0,0.0,0.0,60.0,81.0,86.0,75.0,65.0,60.0,77.0,65.0,81.0,56.0,54.0,64.0,85.0,45.0
74,230.0,23.0,2.0,0.0,0.0,75.0,82.0,87.0,72.0,71.0,78.0,88.0,71.0,87.0,79.0,56.0,64.0,84.0,44.0
74,230.0,23.0,21.0,0.0,0.0,75.0,82.0,87.0,72.0,71.0,78.0,88.0,71.0,87.0,79.0,56.0,64.0,84.0,44.0
76,310.0,25.0,0.0,0.0,0.0,69.0,83.0,87.0,80.0,83.0,59.0,83.0,71.0,80.0,57.0,30.0,35.0,77.0,18.0
74,248.0,25.0,0.0,0.0,0.0,68.0,92.0,93.0,77.0,74.0,66.0,79.0,66.0,81.0,70.0,46.0,53.0,81.0,47.0
74,248.0,25.0,14.0,0.0,0.0,68.0,92.0,93.0,77.0,74.0,66.0,79.0,66.0,81.0,70.0,46.0,53.0,81.0,47.0
74,235.0,23.0,2.0,0.0,0.0,67.0,86.0,92.0,83.0,65.0,62.0,78.0,65.0,83.0,63.0,44.0,52.0,80.0,47.0
75,240.0,24.0,0.0,0.0,0.0,64.0,83.0,90.0,89.0,71.0,61.0,81.0,62.0,75.0,59.0,25.0,36.0,84.0,32.0
75,240.0,24.0,1.0,0.0,0.0,64.0,83.0,90.0,89.0,71.0,61.0,81.0,62.0,75.0,59.0,25.0,36.0,84.0,32.0
76,247.0,24.0,1.0,0.0,0.0,64.0,82.0,90.0,77.0,75.0,62.0,73.0,74.0,79.0,64.0,34.0,40.0,79.0,44.0
74,230.0,26.0,0.0,0.0,0.0,63.0,83.0,88.0,78.0,67.0,63.0,80.0,67.0,79.0,63.0,51.0,58.0,80.0,46.0
73,235.0,24.0,0.0,0.0,0.0,62.0,87.0,88.0,85.0,67.0,64.0,76.0,60.0,80.0,65.0,53.0,59.0,79.0,46.0
73,224.0,23.0,0.0,0.0,0.0,61.0,81.0,79.0,75.0,71.0,58.0,83.0,60.0,79.0,61.0,54.0,62.0,78.0,45.0
73,231.0,23.0,0.0,0.0,0.0,61.0,78.0,83.0,84.0,68.0,63.0,80.0,59.0,74.0,62.0,65.0,57.0,81.0,73.0
74,275.0,25.0,0.0,0.0,0.0,60.0,77.0,85.0,69.0,75.0,52.0,74.0,63.0,81.0,51.0,16.0,24.0,85.0,27.0
76,263.0,25.0,0.0,0.0,0.0,59.0,73.0,76.0,81.0,78.0,73.0,74.0,66.0,68.0,70.0,22.0,28.0,74.0,32.0
73,232.0,26.0,78.0,3.0,3.0,92.0,87.0,91.0,88.0,80.0,85.0,97.0,76.0,95.0,86.0,74.0,80.0,87.0,56.0
72,237.0,24.0,48.0,0.0,2.0,80.0,87.0,89.0,86.0,70.0,87.0,83.0,72.0,88.0,86.0,60.0,70.0,84.0,53.0
75,242.0,28.0,21.0,0.0,0.0,75.0,83.0,89.0,81.0,75.0,78.0,76.0,70.0,82.0,76.0,53.0,59.0,78.0,35.0
77,257.0,24.0,14.0,0.0,0.0,75.0,89.0,90.0,87.0,80.0,72.0,84.0,71.0,82.0,70.0,44.0,52.0,83.0,26.0
75,259.0,25.0,16.0,0.0,0.0,72.0,84.0,86.0,85.0,75.0,73.0,84.0,71.0,82.0,72.0,54.0,63.0,83.0,55.0
76,255.0,23.0,2.0,0.0,0.0,71.0,87.0,90.0,86.0,78.0,65.0,81.0,65.0,77.0,62.0,34.0,42.0,82.0,32.0
74,234.0,22.0,8.0,0.0,0.0,70.0,91.0,95.0,81.0,77.0,65.0,79.0,73.0,79.0,60.0,63.0,68.0,89.0,64.0
78,258.0,24.0,6.0,0.0,0.0,65.0,84.0,91.0,71.0,79.0,64.0,78.0,65.0,78.0,63.0,31.0,38.0,82.0,32.0
77,247.0,25.0,0.0,0.0,0.0,64.0,80.0,90.0,81.0,68.0,51.0,79.0,64.0,78.0,49.0,42.0,50.0,78.0,45.0
75,242.0,25.0,0.0,0.0,0.0,63.0,81.0,84.0,79.0,75.0,63.0,79.0,65.0,79.0,60.0,53.0,61.0,80.0,44.0
74,230.0,26.0,0.0,0.0,0.0,61.0,85.0,83.0,77.0,72.0,58.0,77.0,66.0,77.0,60.0,52.0,61.0,84.0,46.0
74,248.0,34.0,101.0,1.0,2.0,90.0,85.0,88.0,79.0,85.0,97.0,90.0,79.0,91.0,93.0,71.0,77.0,88.0,40.0
75,242.0,25.0,23.0,0.0,0.0,77.0,85.0,89.0,82.0,72.0,76.0,87.0,72.0,87.0,75.0,64.0,69.0,82.0,50.0
74,225.0,26.0,28.0,1.0,1.0,68.0,85.0,88.0,83.0,78.0,66.0,79.0,68.0,80.0,62.0,51.0,59.0,81.0,52.0
73,241.0,27.0,6.0,0.0,0.0,66.0,87.0,89.0,82.0,77.0,54.0,78.0,67.0,81.0,56.0,50.0,55.0,80.0,34.0
74,234.0,27.0,4.0,0.0,0.0,65.0,84.0,87.0,80.0,70.0,67.0,78.0,65.0,76.0,68.0,55.0,63.0,81.0,44.0
73,225.0,26.0,0.0,0.0,0.0,65.0,84.0,87.0,82.0,70.0,68.0,75.0,64.0,78.0,69.0,61.0,66.0,83.0,45.0
74,230.0,22.0,0.0,0.0,0.0,64.0,87.0,93.0,83.0,67.0,66.0,73.0,61.0,82.0,62.0,48.0,61.0,80.0,55.0
73,233.0,25.0,3.0,0.0,0.0,64.0,87.0,92.0,77.0,69.0,64.0,80.0,63.0,80.0,66.0,48.0,53.0,78.0,38.0
72,228.0,24.0,0.0,0.0,0.0,62.0,83.0,88.0,83.0,68.0,59.0,79.0,57.0,82.0,63.0,49.0,63.0,83.0,39.0
72,242.0,33.0,127.0,6.0,10.0,89.0,83.0,85.0,81.0,78.0,92.0,97.0,82.0,88.0,93.0,66.0,72.0,93.0,42.0
72,240.0,25.0,30.0,0.0,0.0,80.0,87.0,88.0,86.0,73.0,81.0,89.0,74.0,92.0,84.0,50.0,55.0,87.0,46.0
74,251.0,26.0,24.0,0.0,0.0,79.0,84.0,87.0,83.0,73.0,85.0,80.0,76.0,84.0,83.0,47.0,60.0,83.0,37.0
71,234.0,25.0,0.0,0.0,0.0,77.0,89.0,92.0,85.0,74.0,76.0,89.0,69.0,83.0,74.0,63.0,67.0,88.0,51.0
76,267.0,26.0,10.0,0.0,0.0,73.0,83.0,87.0,75.0,86.0,70.0,76.0,66.0,81.0,65.0,51.0,58.0,79.0,53.0
75,252.0,22.0,10.0,0.0,0.0,70.0,87.0,92.0,76.0,74.0,71.0,75.0,67.0,80.0,67.0,45.0,53.0,80.0,42.0
76,261.0,24.0,14.0,0.0,0.0,70.0,87.0,91.0,76.0,75.0,62.0,83.0,71.0,84.0,60.0,36.0,46.0,81.0,32.0
75,259.0,25.0,4.0,0.0,0.0,69.0,83.0,86.0,74.0,79.0,68.0,77.0,71.0,79.0,66.0,43.0,47.0,78.0,30.0
73,250.0,34.0,0.0,0.0,0.0,67.0,76.0,75.0,80.0,80.0,71.0,83.0,67.0,76.0,68.0,58.0,70.0,73.0,50.0
75,255.0,23.0,0.0,0.0,0.0,64.0,77.0,78.0,82.0,72.0,64.0,79.0,73.0,81.0,61.0,32.0,46.0,84.0,30.0
72,236.0,24.0,0.0,0.0,0.0,63.0,80.0,84.0,75.0,72.0,55.0,81.0,65.0,81.0,65.0,50.0,60.0,75.0,40.0
72,228.0,24.0,0.0,0.0,0.0,61.0,86.0,91.0,74.0,81.0,63.0,82.0,61.0,70.0,58.0,42.0,48.0,80.0,44.0
74,252.0,25.0,0.0,0.0,0.0,60.0,76.0,82.0,84.0,75.0,48.0,72.0,58.0,75.0,52.0,25.0,29.0,80.0,31.0
74,225.0,25.0,0.0,0.0,0.0,57.0,88.0,91.0,86.0,61.0,55.0,73.0,60.0,78.0,53.0,50.0,57.0,82.0,48.0
76,252.0,28.0,90.0,4.0,7.0,94.0,83.0,88.0,84.0,83.0,96.0,92.0,89.0,96.0,93.0,59.0,65.0,85.0,43.0
76,242.0,26.0,30.0,0.0,0.0,82.0,82.0,84.0,82.0,76.0,88.0,84.0,78.0,85.0,87.0,55.0,62.0,80.0,45.0
73,240.0,27.0,25.0,0.0,0.0,80.0,87.0,89.0,88.0,72.0,79.0,89.0,73.0,87.0,80.0,65.0,72.0,77.0,50.0
74,260.0,32.0,33.0,0.0,0.0,73.0,79.0,79.0,75.0,78.0,80.0,81.0,73.0,82.0,76.0,37.0,46.0,82.0,49.0
74,242.0,30.0,20.0,0.0,0.0,73.0,79.0,83.0,80.0,78.0,74.0,82.0,75.0,84.0,72.0,64.0,72.0,79.0,37.0
73,238.0,29.0,48.0,0.0,0.0,73.0,83.0,83.0,74.0,82.0,79.0,81.0,72.0,85.0,79.0,48.0,56.0,89.0,52.0
75,245.0,25.0,2.0,0.0,0.0,67.0,83.0,85.0,77.0,76.0,69.0,78.0,67.0,78.0,67.0,39.0,48.0,75.0,35.0
74,240.0,21.0,6.0,0.0,0.0,67.0,84.0,90.0,77.0,74.0,64.0,76.0,67.0,82.0,61.0,48.0,62.0,81.0,37.0
74,227.0,26.0,2.0,0.0,0.0,66.0,90.0,90.0,77.0,74.0,67.0,78.0,65.0,80.0,66.0,57.0,63.0,83.0,63.0
71,235.0,24.0,22.0,0.0,0.0,63.0,83.0,89.0,72.0,81.0,57.0,81.0,66.0,77.0,59.0,52.0,55.0,75.0,41.0
71,235.0,24.0,4.0,0.0,0.0,63.0,83.0,89.0,72.0,81.0,57.0,81.0,66.0,77.0,59.0,52.0,55.0,75.0,41.0
73,230.0,26.0,2.0,0.0,0.0,63.0,84.0,85.0,79.0,69.0,62.0,77.0,64.0,79.0,59.0,57.0,61.0,79.0,47.0
73,228.0,29.0,0.0,0.0,0.0,56.0,79.0,85.0,78.0,76.0,50.0,76.0,62.0,76.0,51.0,39.0,49.0,80.0,45.0
71,240.0,30.0,43.0,0.0,1.0,81.0,81.0,84.0,77.0,84.0,86.0,87.0,75.0,88.0,87.0,54.0,65.0,89.0,48.0
74,235.0,31.0,40.0,0.0,0.0,74.0,84.0,86.0,78.0,68.0,85.0,83.0,71.0,83.0,87.0,54.0,63.0,76.0,61.0
75,225.0,29.0,0.0,0.0,0.0,70.0,81.0,82.0,79.0,73.0,82.0,81.0,69.0,79.0,78.0,61.0,65.0,74.0,58.0
73,237.0,27.0,19.0,0.0,0.0,69.0,87.0,91.0,84.0,70.0,60.0,82.0,72.0,81.0,58.0,57.0,66.0,83.0,46.0
74,234.0,30.0,0.0,0.0,0.0,68.0,81.0,81.0,76.0,67.0,71.0,88.0,64.0,81.0,67.0,62.0,67.0,84.0,55.0
73,226.0,22.0,13.0,0.0,0.0,68.0,90.0,93.0,84.0,69.0,71.0,75.0,66.0,78.0,71.0,66.0,58.0,82.0,58.0
74,228.0,22.0,11.0,0.0,0.0,66.0,85.0,92.0,81.0,65.0,72.0,75.0,66.0,84.0,70.0,65.0,58.0,80.0,57.0
73,235.0,25.0,0.0,0.0,0.0,63.0,81.0,85.0,76.0,71.0,65.0,83.0,63.0,76.0,69.0,40.0,55.0,79.0,49.0
74,230.0,24.0,4.0,0.0,0.0,62.0,84.0,86.0,81.0,69.0,68.0,78.0,63.0,76.0,67.0,60.0,58.0,75.0,48.0
74,252.0,27.0,0.0,0.0,0.0,81.0,84.0,90.0,85.0,78.0,77.0,87.0,77.0,86.0,73.0,49.0,59.0,82.0,39.0
74,228.0,26.0,0.0,0.0,0.0,77.0,85.0,87.0,78.0,77.0,81.0,85.0,73.0,86.0,80.0,57.0,67.0,84.0,47.0
77,240.0,27.0,21.0,0.0,0.0,74.0,78.0,77.0,78.0,79.0,85.0,79.0,75.0,83.0,84.0,34.0,46.0,82.0,21.0
74,235.0,28.0,0.0,0.0,0.0,71.0,81.0,79.0,81.0,71.0,75.0,87.0,68.0,82.0,76.0,57.0,66.0,79.0,45.0
72,233.0,24.0,7.0,0.0,0.0,69.0,86.0,90.0,76.0,72.0,66.0,84.0,65.0,82.0,67.0,56.0,67.0,87.0,54.0
76,259.0,25.0,5.0,0.0,0.0,67.0,76.0,88.0,79.0,77.0,70.0,74.0,67.0,76.0,69.0,33.0,43.0,77.0,24.0
74,232.0,23.0,0.0,0.0,0.0,64.0,87.0,90.0,76.0,75.0,65.0,75.0,62.0,83.0,69.0,50.0,55.0,74.0,43.0
75,242.0,24.0,0.0,0.0,0.0,64.0,78.0,85.0,79.0,66.0,66.0,79.0,66.0,81.0,68.0,52.0,62.0,81.0,43.0
74,235.0,25.0,0.0,0.0,0.0,61.0,83.0,88.0,73.0,67.0,63.0,72.0,66.0,78.0,58.0,40.0,48.0,78.0,47.0
75,243.0,28.0,0.0,0.0,0.0,61.0,85.0,86.0,83.0,75.0,56.0,77.0,67.0,78.0,57.0,50.0,56.0,80.0,43.0
73,269.0,25.0,0.0,0.0,0.0,59.0,80.0,85.0,68.0,83.0,55.0,74.0,64.0,74.0,54.0,29.0,35.0,77.0,20.0
77,263.0,28.0,71.0,0.0,5.0,87.0,87.0,90.0,84.0,82.0,93.0,83.0,83.0,90.0,88.0,38.0,50.0,74.0,30.0
73,236.0,31.0,53.0,0.0,0.0,77.0,83.0,87.0,84.0,78.0,80.0,87.0,63.0,87.0,79.0,64.0,68.0,84.0,59.0
78,265.0,26.0,20.0,0.0,0.0,76.0,84.0,87.0,76.0,82.0,78.0,82.0,77.0,82.0,75.0,34.0,42.0,78.0,26.0
77,258.0,25.0,20.0,0.0,0.0,72.0,81.0,81.0,77.0,82.0,77.0,81.0,68.0,79.0,75.0,44.0,51.0,80.0,31.0
72,226.0,23.0,0.0,0.0,0.0,71.0,87.0,92.0,83.0,71.0,72.0,78.0,64.0,84.0,74.0,68.0,63.0,85.0,46.0
76,264.0,24.0,0.0,0.0,0.0,69.0,77.0,89.0,72.0,78.0,72.0,81.0,66.0,79.0,70.0,30.0,39.0,76.0,26.0
75,225.0,26.0,10.0,0.0,0.0,67.0,85.0,88.0,82.0,71.0,72.0,76.0,67.0,79.0,70.0,60.0,66.0,77.0,59.0
75,245.0,28.0,0.0,0.0,0.0,67.0,86.0,87.0,80.0,77.0,71.0,75.0,70.0,80.0,71.0,55.0,56.0,79.0,43.0
74,265.0,25.0,0.0,0.0,0.0,64.0,82.0,86.0,81.0,74.0,65.0,71.0,63.0,76.0,65.0,42.0,52.0,78.0,53.0
78,256.0,23.0,0.0,0.0,0.0,63.0,75.0,85.0,84.0,67.0,57.0,78.0,61.0,79.0,55.0,31.0,43.0,84.0,40.0
71,231.0,22.0,0.0,0.0,0.0,62.0,85.0,82.0,78.0,72.0,66.0,77.0,59.0,77.0,69.0,48.0,58.0,83.0,42.0
76,252.0,25.0,0.0,0.0,0.0,59.0,79.0,87.0,78.0,74.0,48.0,73.0,64.0,81.0,50.0,32.0,46.0,76.0,31.0
75,260.0,24.0,0.0,0.0,0.0,59.0,79.0,87.0,79.0,76.0,49.0,72.0,64.0,76.0,51.0,34.0,41.0,73.0,35.0
73,235.0,26.0,0.0,0.0,0.0,55.0,86.0,92.0,84.0,72.0,49.0,75.0,60.0,74.0,48.0,47.0,53.0,80.0,45.0
