Height,Weight,Age,wAV,AP1,PB,POVR,PSPD,PACC,PAGI,PSTR,PAWR,PTHP,PTAS,PTAM,PTAD,PTUP,PPLA,PTOR,PBRS
76,229.0,28.0,51.0,0.0,1.0,74.0,54.0,54.0,57.0,62.0,80.0,87.0,0.0,0.0,0.0,0,0.0,0.0,0
73,233.0,32.0,24.0,0.0,0.0,66.0,66.0,55.0,64.0,76.0,72.0,18.0,0.0,0.0,0.0,0,0.0,0.0,0
69,185.0,27.0,0.0,0.0,0.0,64.0,81.0,76.0,80.0,50.0,56.0,13.0,0.0,0.0,0.0,0,0.0,0.0,0
76,223.0,33.0,26.0,0.0,0.0,61.0,51.0,49.0,56.0,56.0,62.0,79.0,0.0,0.0,0.0,0,0.0,0.0,0
73,210.0,37.0,0.0,0.0,0.0,61.0,45.0,49.0,50.0,50.0,77.0,73.0,0.0,0.0,0.0,0,0.0,0.0,0
73,208.0,26.0,6.0,0.0,0.0,59.0,50.0,45.0,48.0,48.0,72.0,67.0,0.0,0.0,0.0,0,0.0,0.0,0
74,220.0,29.0,8.0,0.0,0.0,57.0,50.0,51.0,56.0,54.0,62.0,77.0,0.0,0.0,0.0,0,0.0,0.0,0
75,220.0,26.0,14.0,0.0,0.0,55.0,50.0,52.0,50.0,53.0,62.0,75.0,0.0,0.0,0.0,0,0.0,0.0,0
73,202.0,24.0,0.0,0.0,0.0,50.0,58.0,58.0,58.0,57.0,49.0,77.0,0.0,0.0,0.0,0,0.0,0.0,0
76,238.0,31.0,0.0,0.0,0.0,42.0,63.0,59.0,67.0,64.0,48.0,71.0,0.0,0.0,0.0,0,0.0,0.0,0
73,206.0,31.0,1.0,0.0,0.0,39.0,55.0,50.0,57.0,50.0,55.0,64.0,0.0,0.0,0.0,0,0.0,0.0,0
76,225.0,26.0,0.0,0.0,0.0,38.0,59.0,58.0,65.0,57.0,49.0,64.0,0.0,0.0,0.0,0,0.0,0.0,0
77,230.0,24.0,176.0,7.0,14.0,97.0,50.0,55.0,62.0,61.0,96.0,95.0,0.0,0.0,0.0,0,0.0,0.0,0
74,220.0,30.0,158.0,3.0,11.0,97.0,55.0,55.0,63.0,62.0,97.0,99.0,0.0,0.0,0.0,0,0.0,0.0,0
74,220.0,29.0,0.0,0.0,0.0,95.0,45.0,53.0,53.0,61.0,96.0,96.0,0.0,0.0,0.0,0,0.0,0.0,0
75,210.0,34.0,97.0,2.0,4.0,92.0,72.0,70.0,72.0,61.0,92.0,82.0,0.0,0.0,0.0,0,0.0,0.0,0
76,255.0,23.0,86.0,0.0,3.0,92.0,76.0,72.0,75.0,70.0,80.0,98.0,0.0,0.0,0.0,0,0.0,0.0,0
74,226.0,23.0,107.0,0.0,6.0,90.0,80.0,77.0,79.0,65.0,80.0,92.0,0.0,0.0,0.0,0,0.0,0.0,0
73,216.0,29.0,96.0,0.0,3.0,86.0,64.0,64.0,67.0,60.0,86.0,87.0,0.0,0.0,0.0,0,0.0,0.0,0
77,233.0,28.0,105.0,0.0,4.0,86.0,44.0,51.0,49.0,65.0,91.0,93.0,0.0,0.0,0.0,0,0.0,0.0,0
73,195.0,30.0,0.0,0.0,1.0,85.0,63.0,61.0,66.0,55.0,84.0,84.0,0.0,0.0,0.0,0,0.0,0.0,0
75,215.0,25.0,54.0,0.0,1.0,85.0,56.0,58.0,58.0,61.0,85.0,87.0,0.0,0.0,0.0,0,0.0,0.0,0
75,220.0,35.0,69.0,0.0,1.0,83.0,49.0,48.0,54.0,60.0,86.0,84.0,0.0,0.0,0.0,0,0.0,0.0,0
70,178.0,37.0,53.0,0.0,1.0,83.0,74.0,67.0,74.0,44.0,86.0,76.0,0.0,0.0,0.0,0,0.0,0.0,0
74,225.0,27.0,99.0,0.0,3.0,83.0,70.0,70.0,73.0,67.0,81.0,88.0,0.0,0.0,0.0,0,0.0,0.0,0
77,224.0,31.0,76.0,0.0,2.0,82.0,50.0,49.0,53.0,61.0,88.0,87.0,0.0,0.0,0.0,0,0.0,0.0,0
77,237.0,30.0,48.0,0.0,1.0,82.0,49.0,51.0,57.0,61.0,87.0,86.0,0.0,0.0,0.0,0,0.0,0.0,0
77,250.0,27.0,83.0,0.0,2.0,81.0,49.0,52.0,55.0,60.0,83.0,90.0,0.0,0.0,0.0,0,0.0,0.0,0
75,215.0,30.0,94.0,0.0,2.0,80.0,50.0,55.0,56.0,60.0,85.0,86.0,0.0,0.0,0.0,0,0.0,0.0,0
76,227.0,23.0,30.0,0.0,0.0,79.0,57.0,55.0,60.0,60.0,74.0,89.0,0.0,0.0,0.0,0,0.0,0.0,0
76,215.0,32.0,0.0,0.0,0.0,78.0,47.0,48.0,54.0,61.0,80.0,94.0,0.0,0.0,0.0,0,0.0,0.0,0
76,215.0,32.0,66.0,0.0,0.0,78.0,47.0,48.0,54.0,61.0,80.0,94.0,0.0,0.0,0.0,0,0.0,0.0,0
76,205.0,24.0,66.0,0.0,0.0,78.0,70.0,68.0,73.0,60.0,71.0,89.0,0.0,0.0,0.0,0,0.0,0.0,0
72,210.0,29.0,69.0,0.0,1.0,77.0,63.0,61.0,67.0,60.0,75.0,90.0,0.0,0.0,0.0,0,0.0,0.0,0
77,235.0,36.0,97.0,0.0,2.0,76.0,44.0,44.0,46.0,59.0,85.0,87.0,0.0,0.0,0.0,0,0.0,0.0,0
72,225.0,23.0,19.0,0.0,0.0,74.0,63.0,61.0,66.0,53.0,75.0,77.0,0.0,0.0,0.0,0,0.0,0.0,0
76,229.0,28.0,51.0,0.0,1.0,74.0,54.0,54.0,57.0,62.0,80.0,87.0,0.0,0.0,0.0,0,0.0,0.0,0
74,197.0,25.0,77.0,0.0,1.0,73.0,67.0,65.0,71.0,57.0,74.0,87.0,0.0,0.0,0.0,0,0.0,0.0,0
74,220.0,25.0,34.0,0.0,0.0,73.0,58.0,59.0,56.0,62.0,76.0,83.0,0.0,0.0,0.0,0,0.0,0.0,0
76,220.0,24.0,87.0,0.0,3.0,73.0,53.0,58.0,57.0,60.0,73.0,84.0,0.0,0.0,0.0,0,0.0,0.0,0
75,228.0,34.0,60.0,0.0,1.0,73.0,49.0,51.0,55.0,59.0,79.0,82.0,0.0,0.0,0.0,0,0.0,0.0,0
76,212.0,27.0,21.0,0.0,0.0,72.0,53.0,54.0,53.0,58.0,76.0,88.0,0.0,0.0,0.0,0,0.0,0.0,0
75,230.0,29.0,57.0,0.0,1.0,72.0,50.0,54.0,55.0,55.0,79.0,84.0,0.0,0.0,0.0,0,0.0,0.0,0
73,209.0,21.0,92.0,0.0,4.0,72.0,89.0,84.0,85.0,63.0,53.0,90.0,0.0,0.0,0.0,0,0.0,0.0,0
73,212.0,27.0,60.0,0.0,1.0,72.0,74.0,76.0,73.0,61.0,69.0,82.0,0.0,0.0,0.0,0,0.0,0.0,0
74,217.0,27.0,0.0,0.0,0.0,71.0,50.0,54.0,60.0,58.0,73.0,81.0,0.0,0.0,0.0,0,0.0,0.0,0
71,213.0,22.0,167.0,1.0,13.0,71.0,63.0,61.0,63.0,55.0,67.0,79.0,0.0,0.0,0.0,0,0.0,0.0,0
76,225.0,27.0,43.0,0.0,0.0,71.0,55.0,57.0,62.0,60.0,69.0,90.0,0.0,0.0,0.0,0,0.0,0.0,0
73,213.0,23.0,8.0,0.0,0.0,70.0,67.0,66.0,69.0,58.0,68.0,80.0,0.0,0.0,0.0,0,0.0,0.0,0
75,225.0,24.0,55.0,0.0,0.0,70.0,51.0,52.0,57.0,58.0,69.0,86.0,0.0,0.0,0.0,0,0.0,0.0,0
75,196.0,30.0,0.0,0.0,0.0,69.0,47.0,49.0,55.0,52.0,76.0,81.0,0.0,0.0,0.0,0,0.0,0.0,0
71,205.0,38.0,39.0,0.0,0.0,69.0,59.0,57.0,62.0,57.0,78.0,78.0,0.0,0.0,0.0,0,0.0,0.0,0
74,217.0,28.0,0.0,0.0,0.0,69.0,58.0,54.0,57.0,54.0,73.0,81.0,0.0,0.0,0.0,0,0.0,0.0,0
75,214.0,28.0,0.0,0.0,0.0,69.0,65.0,64.0,70.0,56.0,70.0,78.0,0.0,0.0,0.0,0,0.0,0.0,0
76,225.0,34.0,77.0,0.0,2.0,69.0,43.0,44.0,50.0,55.0,82.0,82.0,0.0,0.0,0.0,0,0.0,0.0,0
74,211.0,27.0,2.0,0.0,0.0,69.0,57.0,56.0,55.0,55.0,72.0,82.0,0.0,0.0,0.0,0,0.0,0.0,0
74,218.0,29.0,0.0,0.0,0.0,67.0,49.0,52.0,54.0,59.0,71.0,83.0,0.0,0.0,0.0,0,0.0,0.0,0
74,218.0,29.0,5.0,0.0,0.0,67.0,49.0,52.0,54.0,59.0,71.0,83.0,0.0,0.0,0.0,0,0.0,0.0,0
74,218.0,29.0,16.0,0.0,0.0,67.0,49.0,52.0,54.0,59.0,71.0,83.0,0.0,0.0,0.0,0,0.0,0.0,0
76,238.0,29.0,9.0,0.0,0.0,67.0,52.0,50.0,53.0,57.0,67.0,84.0,0.0,0.0,0.0,0,0.0,0.0,0
75,215.0,27.0,0.0,0.0,0.0,67.0,60.0,57.0,63.0,54.0,68.0,78.0,0.0,0.0,0.0,0,0.0,0.0,0
75,220.0,25.0,2.0,0.0,0.0,66.0,64.0,67.0,70.0,63.0,60.0,89.0,0.0,0.0,0.0,0,0.0,0.0,0
73,233.0,32.0,24.0,0.0,0.0,66.0,66.0,55.0,64.0,76.0,72.0,18.0,0.0,0.0,0.0,0,0.0,0.0,0
75,215.0,36.0,79.0,0.0,1.0,65.0,50.0,56.0,58.0,58.0,72.0,75.0,0.0,0.0,0.0,0,0.0,0.0,0
69,185.0,27.0,0.0,0.0,0.0,64.0,81.0,76.0,80.0,50.0,56.0,13.0,0.0,0.0,0.0,0,0.0,0.0,0
76,215.0,37.0,110.0,1.0,4.0,63.0,54.0,58.0,60.0,56.0,70.0,80.0,0.0,0.0,0.0,0,0.0,0.0,0
73,215.0,24.0,0.0,0.0,0.0,62.0,67.0,63.0,69.0,59.0,54.0,90.0,0.0,0.0,0.0,0,0.0,0.0,0
75,220.0,27.0,3.0,0.0,0.0,62.0,51.0,52.0,56.0,52.0,68.0,74.0,0.0,0.0,0.0,0,0.0,0.0,0
78,230.0,30.0,0.0,0.0,0.0,61.0,49.0,50.0,54.0,55.0,68.0,78.0,0.0,0.0,0.0,0,0.0,0.0,0
78,230.0,30.0,0.0,0.0,0.0,61.0,49.0,50.0,54.0,55.0,68.0,78.0,0.0,0.0,0.0,0,0.0,0.0,0
78,230.0,30.0,75.0,0.0,1.0,61.0,49.0,50.0,54.0,55.0,68.0,78.0,0.0,0.0,0.0,0,0.0,0.0,0
78,230.0,30.0,0.0,0.0,0.0,61.0,49.0,50.0,54.0,55.0,68.0,78.0,0.0,0.0,0.0,0,0.0,0.0,0
73,214.0,27.0,5.0,0.0,0.0,61.0,50.0,51.0,56.0,50.0,71.0,76.0,0.0,0.0,0.0,0,0.0,0.0,0
76,223.0,33.0,26.0,0.0,0.0,61.0,51.0,49.0,56.0,56.0,62.0,79.0,0.0,0.0,0.0,0,0.0,0.0,0
73,210.0,37.0,0.0,0.0,0.0,61.0,45.0,49.0,50.0,50.0,77.0,73.0,0.0,0.0,0.0,0,0.0,0.0,0
75,220.0,23.0,9.0,0.0,0.0,61.0,49.0,54.0,53.0,58.0,64.0,84.0,0.0,0.0,0.0,0,0.0,0.0,0
77,245.0,31.0,21.0,0.0,0.0,61.0,46.0,48.0,52.0,58.0,70.0,75.0,0.0,0.0,0.0,0,0.0,0.0,0
77,235.0,24.0,1.0,0.0,0.0,60.0,48.0,53.0,55.0,59.0,58.0,89.0,0.0,0.0,0.0,0,0.0,0.0,0
75,230.0,29.0,7.0,0.0,0.0,60.0,54.0,54.0,58.0,62.0,66.0,79.0,0.0,0.0,0.0,0,0.0,0.0,0
74,217.0,23.0,16.0,0.0,0.0,60.0,69.0,67.0,71.0,64.0,48.0,85.0,0.0,0.0,0.0,0,0.0,0.0,0
78,245.0,32.0,49.0,0.0,0.0,59.0,44.0,45.0,48.0,56.0,68.0,81.0,0.0,0.0,0.0,0,0.0,0.0,0
73,208.0,26.0,6.0,0.0,0.0,59.0,50.0,45.0,48.0,48.0,72.0,67.0,0.0,0.0,0.0,0,0.0,0.0,0
74,198.0,34.0,0.0,0.0,0.0,59.0,56.0,54.0,58.0,50.0,66.0,74.0,0.0,0.0,0.0,0,0.0,0.0,0
75,216.0,32.0,0.0,0.0,0.0,59.0,45.0,49.0,50.0,53.0,68.0,74.0,0.0,0.0,0.0,0,0.0,0.0,0
68,190.0,23.0,0.0,0.0,0.0,58.0,70.0,64.0,71.0,53.0,55.0,78.0,0.0,0.0,0.0,0,0.0,0.0,0
76,228.0,24.0,2.0,0.0,0.0,58.0,56.0,58.0,56.0,57.0,57.0,80.0,0.0,0.0,0.0,0,0.0,0.0,0
73,195.0,24.0,0.0,0.0,0.0,57.0,61.0,69.0,63.0,56.0,59.0,78.0,0.0,0.0,0.0,0,0.0,0.0,0
74,220.0,29.0,8.0,0.0,0.0,57.0,50.0,51.0,56.0,54.0,62.0,77.0,0.0,0.0,0.0,0,0.0,0.0,0
74,218.0,22.0,1.0,0.0,0.0,57.0,54.0,52.0,53.0,52.0,55.0,79.0,0.0,0.0,0.0,0,0.0,0.0,0
76,228.0,28.0,32.0,0.0,0.0,56.0,48.0,47.0,53.0,55.0,69.0,74.0,0.0,0.0,0.0,0,0.0,0.0,0
76,228.0,28.0,11.0,0.0,0.0,56.0,48.0,47.0,53.0,55.0,69.0,74.0,0.0,0.0,0.0,0,0.0,0.0,0
73,190.0,25.0,0.0,0.0,0.0,56.0,55.0,56.0,59.0,45.0,51.0,73.0,0.0,0.0,0.0,0,0.0,0.0,0
74,212.0,27.0,0.0,0.0,0.0,55.0,53.0,54.0,56.0,52.0,63.0,74.0,0.0,0.0,0.0,0,0.0,0.0,0
71,185.0,28.0,0.0,0.0,0.0,55.0,58.0,56.0,61.0,47.0,51.0,75.0,0.0,0.0,0.0,0,0.0,0.0,0
75,220.0,26.0,14.0,0.0,0.0,55.0,50.0,52.0,50.0,53.0,62.0,75.0,0.0,0.0,0.0,0,0.0,0.0,0
74,212.0,22.0,6.0,0.0,0.0,55.0,64.0,65.0,60.0,54.0,54.0,80.0,0.0,0.0,0.0,0,0.0,0.0,0
73,220.0,0.0,0.0,0.0,0.0,55.0,65.0,0.0,0.0,59.0,0.0,0.0,0.0,0.0,0.0,0,0.0,0.0,0
78,240.0,25.0,4.0,0.0,0.0,54.0,50.0,53.0,55.0,52.0,55.0,79.0,0.0,0.0,0.0,0,0.0,0.0,0
73,215.0,22.0,1.0,0.0,0.0,54.0,66.0,62.0,69.0,61.0,54.0,73.0,0.0,0.0,0.0,0,0.0,0.0,0
74,205.0,25.0,0.0,0.0,0.0,54.0,61.0,57.0,63.0,55.0,56.0,76.0,0.0,0.0,0.0,0,0.0,0.0,0
72,200.0,23.0,12.0,0.0,0.0,53.0,54.0,53.0,57.0,56.0,58.0,74.0,0.0,0.0,0.0,0,0.0,0.0,0
74,215.0,23.0,0.0,0.0,0.0,53.0,59.0,57.0,58.0,47.0,56.0,64.0,0.0,0.0,0.0,0,0.0,0.0,0
73,195.0,27.0,4.0,0.0,0.0,53.0,44.0,42.0,51.0,47.0,62.0,74.0,0.0,0.0,0.0,0,0.0,0.0,0
74,208.0,23.0,0.0,0.0,0.0,53.0,61.0,60.0,60.0,50.0,46.0,71.0,0.0,0.0,0.0,0,0.0,0.0,0
72,203.0,25.0,1.0,0.0,0.0,53.0,49.0,50.0,51.0,53.0,62.0,74.0,0.0,0.0,0.0,0,0.0,0.0,0
74,223.0,26.0,0.0,0.0,0.0,52.0,50.0,63.0,54.0,58.0,61.0,76.0,0.0,0.0,0.0,0,0.0,0.0,0
74,206.0,30.0,0.0,0.0,0.0,51.0,50.0,50.0,51.0,53.0,63.0,71.0,0.0,0.0,0.0,0,0.0,0.0,0
76,211.0,32.0,8.0,0.0,0.0,51.0,45.0,49.0,48.0,56.0,57.0,76.0,0.0,0.0,0.0,0,0.0,0.0,0
75,218.0,23.0,0.0,0.0,0.0,51.0,42.0,44.0,48.0,48.0,52.0,75.0,0.0,0.0,0.0,0,0.0,0.0,0
75,220.0,23.0,0.0,0.0,0.0,50.0,60.0,53.0,50.0,54.0,49.0,80.0,0.0,0.0,0.0,0,0.0,0.0,0
73,202.0,24.0,0.0,0.0,0.0,50.0,58.0,58.0,58.0,57.0,49.0,77.0,0.0,0.0,0.0,0,0.0,0.0,0
76,215.0,23.0,13.0,0.0,0.0,50.0,58.0,57.0,56.0,50.0,53.0,69.0,0.0,0.0,0.0,0,0.0,0.0,0
72,220.0,30.0,0.0,0.0,0.0,49.0,45.0,48.0,47.0,50.0,65.0,68.0,0.0,0.0,0.0,0,0.0,0.0,0
74,211.0,28.0,0.0,0.0,0.0,49.0,51.0,48.0,55.0,56.0,50.0,78.0,0.0,0.0,0.0,0,0.0,0.0,0
74,234.0,25.0,0.0,0.0,0.0,48.0,66.0,60.0,62.0,55.0,49.0,72.0,0.0,0.0,0.0,0,0.0,0.0,0
74,210.0,22.0,0.0,0.0,0.0,47.0,39.0,46.0,46.0,44.0,45.0,70.0,0.0,0.0,0.0,0,0.0,0.0,0
74,210.0,24.0,0.0,0.0,0.0,46.0,47.0,53.0,53.0,58.0,50.0,78.0,0.0,0.0,0.0,0,0.0,0.0,0
76,215.0,26.0,0.0,0.0,0.0,45.0,52.0,49.0,53.0,53.0,53.0,73.0,0.0,0.0,0.0,0,0.0,0.0,0
75,217.0,24.0,7.0,0.0,0.0,45.0,50.0,47.0,53.0,53.0,48.0,74.0,0.0,0.0,0.0,0,0.0,0.0,0
74,212.0,30.0,33.0,0.0,0.0,44.0,46.0,55.0,55.0,52.0,53.0,67.0,0.0,0.0,0.0,0,0.0,0.0,0
73,216.0,26.0,0.0,0.0,0.0,43.0,60.0,59.0,68.0,55.0,50.0,64.0,0.0,0.0,0.0,0,0.0,0.0,0
73,200.0,26.0,0.0,0.0,0.0,43.0,61.0,60.0,67.0,59.0,47.0,75.0,0.0,0.0,0.0,0,0.0,0.0,0
73,203.0,24.0,0.0,0.0,0.0,43.0,54.0,53.0,57.0,56.0,46.0,70.0,0.0,0.0,0.0,0,0.0,0.0,0
76,225.0,22.0,2.0,0.0,0.0,42.0,55.0,50.0,55.0,53.0,48.0,68.0,0.0,0.0,0.0,0,0.0,0.0,0
75,223.0,24.0,0.0,0.0,0.0,42.0,51.0,55.0,55.0,53.0,50.0,73.0,0.0,0.0,0.0,0,0.0,0.0,0
76,238.0,31.0,0.0,0.0,0.0,42.0,63.0,59.0,67.0,64.0,48.0,71.0,0.0,0.0,0.0,0,0.0,0.0,0
75,215.0,22.0,0.0,0.0,0.0,41.0,48.0,47.0,47.0,52.0,50.0,73.0,0.0,0.0,0.0,0,0.0,0.0,0
73,206.0,31.0,1.0,0.0,0.0,39.0,55.0,50.0,57.0,50.0,55.0,64.0,0.0,0.0,0.0,0,0.0,0.0,0
76,225.0,26.0,0.0,0.0,0.0,38.0,59.0,58.0,65.0,57.0,49.0,64.0,0.0,0.0,0.0,0,0.0,0.0,0
0,0.0,0.0,77.0,0.0,1.0,78.0,0.0,0.0,0.0,0.0,0.0,0.0,0.0,0.0,0.0,0,0.0,0.0,0
0,0.0,0.0,40.0,0.0,0.0,55.0,0.0,0.0,0.0,0.0,0.0,0.0,0.0,0.0,0.0,0,0.0,0.0,0
0,0.0,0.0,0.0,0.0,0.0,53.0,0.0,0.0,0.0,0.0,0.0,0.0,0.0,0.0,0.0,0,0.0,0.0,0
0,0.0,0.0,92.0,0.0,4.0,78.0,0.0,0.0,0.0,0.0,0.0,0.0,0.0,0.0,0.0,0,0.0,0.0,0
0,0.0,0.0,0.0,0.0,0.0,58.0,0.0,0.0,0.0,0.0,0.0,0.0,0.0,0.0,0.0,0,0.0,0.0,0
0,0.0,0.0,1.0,0.0,0.0,58.0,0.0,0.0,0.0,0.0,0.0,0.0,0.0,0.0,0.0,0,0.0,0.0,0
0,0.0,0.0,69.0,0.0,1.0,72.0,0.0,0.0,0.0,0.0,0.0,0.0,0.0,0.0,0.0,0,0.0,0.0,0
0,0.0,0.0,9.0,0.0,0.0,67.0,0.0,0.0,0.0,0.0,0.0,0.0,0.0,0.0,0.0,0,0.0,0.0,0
0,0.0,0.0,0.0,0.0,0.0,49.0,0.0,0.0,0.0,0.0,0.0,0.0,0.0,0.0,0.0,0,0.0,0.0,0
0,0.0,0.0,105.0,0.0,4.0,83.0,0.0,0.0,0.0,0.0,0.0,0.0,0.0,0.0,0.0,0,0.0,0.0,0
0,0.0,0.0,0.0,0.0,0.0,66.0,0.0,0.0,0.0,0.0,0.0,0.0,0.0,0.0,0.0,0,0.0,0.0,0
0,0.0,0.0,0.0,0.0,0.0,42.0,0.0,0.0,0.0,0.0,0.0,0.0,0.0,0.0,0.0,0,0.0,0.0,0
0,0.0,0.0,9.0,0.0,0.0,70.0,0.0,0.0,0.0,0.0,0.0,0.0,0.0,0.0,0.0,0,0.0,0.0,0
0,0.0,0.0,46.0,0.0,0.0,63.0,0.0,0.0,0.0,0.0,0.0,0.0,0.0,0.0,0.0,0,0.0,0.0,0
0,0.0,0.0,1.0,0.0,0.0,50.0,0.0,0.0,0.0,0.0,0.0,0.0,0.0,0.0,0.0,0,0.0,0.0,0
0,0.0,0.0,0.0,0.0,0.0,74.0,0.0,0.0,0.0,0.0,0.0,0.0,0.0,0.0,0.0,0,0.0,0.0,0
0,0.0,0.0,5.0,0.0,0.0,74.0,0.0,0.0,0.0,0.0,0.0,0.0,0.0,0.0,0.0,0,0.0,0.0,0
0,0.0,0.0,16.0,0.0,0.0,74.0,0.0,0.0,0.0,0.0,0.0,0.0,0.0,0.0,0.0,0,0.0,0.0,0
0,0.0,0.0,77.0,0.0,2.0,73.0,0.0,0.0,0.0,0.0,0.0,0.0,0.0,0.0,0.0,0,0.0,0.0,0
0,0.0,0.0,0.0,0.0,0.0,45.0,0.0,0.0,0.0,0.0,0.0,0.0,0.0,0.0,0.0,0,0.0,0.0,0
0,0.0,0.0,57.0,0.0,1.0,69.0,0.0,0.0,0.0,0.0,0.0,0.0,0.0,0.0,0.0,0,0.0,0.0,0
0,0.0,0.0,0.0,0.0,0.0,66.0,0.0,0.0,0.0,0.0,0.0,0.0,0.0,0.0,0.0,0,0.0,0.0,0
0,0.0,0.0,2.0,0.0,0.0,62.0,0.0,0.0,0.0,0.0,0.0,0.0,0.0,0.0,0.0,0,0.0,0.0,0
0,0.0,0.0,30.0,0.0,0.0,81.0,0.0,0.0,0.0,0.0,0.0,0.0,0.0,0.0,0.0,0,0.0,0.0,0
0,0.0,0.0,0.0,0.0,0.0,47.0,0.0,0.0,0.0,0.0,0.0,0.0,0.0,0.0,0.0,0,0.0,0.0,0
0,0.0,0.0,0.0,0.0,0.0,39.0,0.0,0.0,0.0,0.0,0.0,0.0,0.0,0.0,0.0,0,0.0,0.0,0
0,0.0,0.0,16.0,0.0,0.0,72.0,0.0,0.0,0.0,0.0,0.0,0.0,0.0,0.0,0.0,0,0.0,0.0,0
0,0.0,0.0,0.0,0.0,0.0,65.0,0.0,0.0,0.0,0.0,0.0,0.0,0.0,0.0,0.0,0,0.0,0.0,0
0,0.0,0.0,0.0,0.0,0.0,62.0,0.0,0.0,0.0,0.0,0.0,0.0,0.0,0.0,0.0,0,0.0,0.0,0
0,0.0,0.0,54.0,0.0,1.0,80.0,0.0,0.0,0.0,0.0,0.0,0.0,0.0,0.0,0.0,0,0.0,0.0,0
0,0.0,0.0,69.0,0.0,1.0,70.0,0.0,0.0,0.0,0.0,0.0,0.0,0.0,0.0,0.0,0,0.0,0.0,0
0,0.0,0.0,0.0,0.0,0.0,43.0,0.0,0.0,0.0,0.0,0.0,0.0,0.0,0.0,0.0,0,0.0,0.0,0
0,0.0,0.0,31.0,0.0,0.0,73.0,0.0,0.0,0.0,0.0,0.0,0.0,0.0,0.0,0.0,0,0.0,0.0,0
0,0.0,0.0,6.0,0.0,0.0,72.0,0.0,0.0,0.0,0.0,0.0,0.0,0.0,0.0,0.0,0,0.0,0.0,0
0,0.0,0.0,16.0,0.0,0.0,63.0,0.0,0.0,0.0,0.0,0.0,0.0,0.0,0.0,0.0,0,0.0,0.0,0
0,0.0,0.0,110.0,1.0,4.0,68.0,0.0,0.0,0.0,0.0,0.0,0.0,0.0,0.0,0.0,0,0.0,0.0,0
0,0.0,0.0,43.0,0.0,0.0,64.0,0.0,0.0,0.0,0.0,0.0,0.0,0.0,0.0,0.0,0,0.0,0.0,0
0,0.0,0.0,0.0,0.0,0.0,57.0,0.0,0.0,0.0,0.0,0.0,0.0,0.0,0.0,0.0,0,0.0,0.0,0
0,0.0,0.0,66.0,0.0,0.0,57.0,0.0,0.0,0.0,0.0,0.0,0.0,0.0,0.0,0.0,0,0.0,0.0,0
0,0.0,0.0,54.0,0.0,2.0,57.0,0.0,0.0,0.0,0.0,0.0,0.0,0.0,0.0,0.0,0,0.0,0.0,0
0,0.0,0.0,0.0,0.0,0.0,55.0,0.0,0.0,0.0,0.0,0.0,0.0,0.0,0.0,0.0,0,0.0,0.0,0
0,0.0,0.0,0.0,0.0,0.0,53.0,0.0,0.0,0.0,0.0,0.0,0.0,0.0,0.0,0.0,0,0.0,0.0,0
0,0.0,0.0,0.0,0.0,0.0,53.0,0.0,0.0,0.0,0.0,0.0,0.0,0.0,0.0,0.0,0,0.0,0.0,0
0,0.0,0.0,0.0,0.0,0.0,53.0,0.0,0.0,0.0,0.0,0.0,0.0,0.0,0.0,0.0,0,0.0,0.0,0
0,0.0,0.0,75.0,0.0,1.0,53.0,0.0,0.0,0.0,0.0,0.0,0.0,0.0,0.0,0.0,0,0.0,0.0,0
0,0.0,0.0,0.0,0.0,0.0,53.0,0.0,0.0,0.0,0.0,0.0,0.0,0.0,0.0,0.0,0,0.0,0.0,0
0,0.0,0.0,5.0,0.0,0.0,53.0,0.0,0.0,0.0,0.0,0.0,0.0,0.0,0.0,0.0,0,0.0,0.0,0
0,0.0,0.0,0.0,0.0,0.0,53.0,0.0,0.0,0.0,0.0,0.0,0.0,0.0,0.0,0.0,0,0.0,0.0,0
0,0.0,0.0,0.0,0.0,0.0,52.0,0.0,0.0,0.0,0.0,0.0,0.0,0.0,0.0,0.0,0,0.0,0.0,0
0,0.0,0.0,1.0,0.0,0.0,52.0,0.0,0.0,0.0,0.0,0.0,0.0,0.0,0.0,0.0,0,0.0,0.0,0
0,0.0,0.0,8.0,0.0,0.0,50.0,0.0,0.0,0.0,0.0,0.0,0.0,0.0,0.0,0.0,0,0.0,0.0,0
0,0.0,0.0,8.0,0.0,0.0,50.0,0.0,0.0,0.0,0.0,0.0,0.0,0.0,0.0,0.0,0,0.0,0.0,0
0,0.0,0.0,0.0,0.0,0.0,45.0,0.0,0.0,0.0,0.0,0.0,0.0,0.0,0.0,0.0,0,0.0,0.0,0
0,0.0,0.0,158.0,3.0,11.0,97.0,0.0,0.0,0.0,0.0,0.0,0.0,0.0,0.0,0.0,0,0.0,0.0,0
0,0.0,0.0,0.0,0.0,0.0,60.0,0.0,0.0,0.0,0.0,0.0,0.0,0.0,0.0,0.0,0,0.0,0.0,0
0,0.0,0.0,1.0,0.0,0.0,52.0,0.0,0.0,0.0,0.0,0.0,0.0,0.0,0.0,0.0,0,0.0,0.0,0
0,0.0,0.0,45.0,0.0,0.0,76.0,0.0,0.0,0.0,0.0,0.0,0.0,0.0,0.0,0.0,0,0.0,0.0,0
0,0.0,0.0,21.0,0.0,0.0,63.0,0.0,0.0,0.0,0.0,0.0,0.0,0.0,0.0,0.0,0,0.0,0.0,0
0,0.0,0.0,0.0,0.0,0.0,62.0,0.0,0.0,0.0,0.0,0.0,0.0,0.0,0.0,0.0,0,0.0,0.0,0
0,0.0,0.0,176.0,7.0,14.0,92.0,0.0,0.0,0.0,0.0,0.0,0.0,0.0,0.0,0.0,0,0.0,0.0,0
0,0.0,0.0,2.0,0.0,0.0,61.0,0.0,0.0,0.0,0.0,0.0,0.0,0.0,0.0,0.0,0,0.0,0.0,0
0,0.0,0.0,0.0,0.0,0.0,46.0,0.0,0.0,0.0,0.0,0.0,0.0,0.0,0.0,0.0,0,0.0,0.0,0
0,0.0,0.0,0.0,0.0,0.0,37.0,0.0,0.0,0.0,0.0,0.0,0.0,0.0,0.0,0.0,0,0.0,0.0,0
0,0.0,0.0,96.0,0.0,3.0,86.0,0.0,0.0,0.0,0.0,0.0,0.0,0.0,0.0,0.0,0,0.0,0.0,0
0,0.0,0.0,62.0,0.0,1.0,59.0,0.0,0.0,0.0,0.0,0.0,0.0,0.0,0.0,0.0,0,0.0,0.0,0
0,0.0,0.0,0.0,0.0,0.0,39.0,0.0,0.0,0.0,0.0,0.0,0.0,0.0,0.0,0.0,0,0.0,0.0,0
0,0.0,0.0,94.0,0.0,2.0,78.0,0.0,0.0,0.0,0.0,0.0,0.0,0.0,0.0,0.0,0,0.0,0.0,0
0,0.0,0.0,32.0,0.0,0.0,57.0,0.0,0.0,0.0,0.0,0.0,0.0,0.0,0.0,0.0,0,0.0,0.0,0
0,0.0,0.0,11.0,0.0,0.0,57.0,0.0,0.0,0.0,0.0,0.0,0.0,0.0,0.0,0.0,0,0.0,0.0,0
0,0.0,0.0,4.0,0.0,0.0,57.0,0.0,0.0,0.0,0.0,0.0,0.0,0.0,0.0,0.0,0,0.0,0.0,0
0,0.0,0.0,0.0,0.0,0.0,77.0,0.0,0.0,0.0,0.0,0.0,0.0,0.0,0.0,0.0,0,0.0,0.0,0
0,0.0,0.0,0.0,0.0,0.0,65.0,0.0,0.0,0.0,0.0,0.0,0.0,0.0,0.0,0.0,0,0.0,0.0,0
0,0.0,0.0,0.0,0.0,0.0,51.0,0.0,0.0,0.0,0.0,0.0,0.0,0.0,0.0,0.0,0,0.0,0.0,0
0,0.0,0.0,86.0,0.0,3.0,89.0,0.0,0.0,0.0,0.0,0.0,0.0,0.0,0.0,0.0,0,0.0,0.0,0
0,0.0,0.0,0.0,0.0,0.0,61.0,0.0,0.0,0.0,0.0,0.0,0.0,0.0,0.0,0.0,0,0.0,0.0,0
0,0.0,0.0,2.0,0.0,0.0,48.0,0.0,0.0,0.0,0.0,0.0,0.0,0.0,0.0,0.0,0,0.0,0.0,0
0,0.0,0.0,184.0,3.0,15.0,84.0,0.0,0.0,0.0,0.0,0.0,0.0,0.0,0.0,0.0,0,0.0,0.0,0
0,0.0,0.0,0.0,0.0,0.0,65.0,0.0,0.0,0.0,0.0,0.0,0.0,0.0,0.0,0.0,0,0.0,0.0,0
0,0.0,0.0,0.0,0.0,0.0,60.0,0.0,0.0,0.0,0.0,0.0,0.0,0.0,0.0,0.0,0,0.0,0.0,0
0,0.0,0.0,66.0,0.0,0.0,84.0,0.0,0.0,0.0,0.0,0.0,0.0,0.0,0.0,0.0,0,0.0,0.0,0
0,0.0,0.0,0.0,0.0,0.0,54.0,0.0,0.0,0.0,0.0,0.0,0.0,0.0,0.0,0.0,0,0.0,0.0,0
0,0.0,0.0,2.0,0.0,0.0,53.0,0.0,0.0,0.0,0.0,0.0,0.0,0.0,0.0,0.0,0,0.0,0.0,0
0,0.0,0.0,83.0,0.0,2.0,77.0,0.0,0.0,0.0,0.0,0.0,0.0,0.0,0.0,0.0,0,0.0,0.0,0
0,0.0,0.0,1.0,0.0,0.0,62.0,0.0,0.0,0.0,0.0,0.0,0.0,0.0,0.0,0.0,0,0.0,0.0,0
0,0.0,0.0,0.0,0.0,0.0,41.0,0.0,0.0,0.0,0.0,0.0,0.0,0.0,0.0,0.0,0,0.0,0.0,0
0,0.0,0.0,97.0,0.0,2.0,76.0,0.0,0.0,0.0,0.0,0.0,0.0,0.0,0.0,0.0,0,0.0,0.0,0
0,0.0,0.0,55.0,0.0,0.0,72.0,0.0,0.0,0.0,0.0,0.0,0.0,0.0,0.0,0.0,0,0.0,0.0,0
0,0.0,0.0,0.0,0.0,0.0,40.0,0.0,0.0,0.0,0.0,0.0,0.0,0.0,0.0,0.0,0,0.0,0.0,0
0,0.0,0.0,97.0,2.0,4.0,91.0,0.0,0.0,0.0,0.0,0.0,0.0,0.0,0.0,0.0,0,0.0,0.0,0
0,0.0,0.0,1.0,0.0,0.0,64.0,0.0,0.0,0.0,0.0,0.0,0.0,0.0,0.0,0.0,0,0.0,0.0,0
0,0.0,0.0,3.0,0.0,0.0,58.0,0.0,0.0,0.0,0.0,0.0,0.0,0.0,0.0,0.0,0,0.0,0.0,0
0,0.0,0.0,107.0,0.0,6.0,92.0,0.0,0.0,0.0,0.0,0.0,0.0,0.0,0.0,0.0,0,0.0,0.0,0
0,0.0,0.0,7.0,0.0,0.0,53.0,0.0,0.0,0.0,0.0,0.0,0.0,0.0,0.0,0.0,0,0.0,0.0,0
0,0.0,0.0,4.0,0.0,0.0,52.0,0.0,0.0,0.0,0.0,0.0,0.0,0.0,0.0,0.0,0,0.0,0.0,0
0,0.0,0.0,60.0,0.0,1.0,82.0,0.0,0.0,0.0,0.0,0.0,0.0,0.0,0.0,0.0,0,0.0,0.0,0
0,0.0,0.0,34.0,0.0,0.0,65.0,0.0,0.0,0.0,0.0,0.0,0.0,0.0,0.0,0.0,0,0.0,0.0,0
0,0.0,0.0,24.0,0.0,0.0,59.0,0.0,0.0,0.0,0.0,0.0,0.0,0.0,0.0,0.0,0,0.0,0.0,0
0,0.0,0.0,0.0,0.0,0.0,56.0,0.0,0.0,0.0,0.0,0.0,0.0,0.0,0.0,0.0,0,0.0,0.0,0
0,0.0,0.0,53.0,0.0,1.0,71.0,0.0,0.0,0.0,0.0,0.0,0.0,0.0,0.0,0.0,0,0.0,0.0,0
0,0.0,0.0,167.0,1.0,13.0,71.0,0.0,0.0,0.0,0.0,0.0,0.0,0.0,0.0,0.0,0,0.0,0.0,0
0,0.0,0.0,0.0,0.0,0.0,45.0,0.0,0.0,0.0,0.0,0.0,0.0,0.0,0.0,0.0,0,0.0,0.0,0
0,0.0,0.0,0.0,0.0,1.0,92.0,0.0,0.0,0.0,0.0,0.0,0.0,0.0,0.0,0.0,0,0.0,0.0,0
0,0.0,0.0,8.0,0.0,0.0,61.0,0.0,0.0,0.0,0.0,0.0,0.0,0.0,0.0,0.0,0,0.0,0.0,0
0,0.0,0.0,12.0,0.0,0.0,52.0,0.0,0.0,0.0,0.0,0.0,0.0,0.0,0.0,0.0,0,0.0,0.0,0
0,0.0,0.0,0.0,0.0,0.0,38.0,0.0,0.0,0.0,0.0,0.0,0.0,0.0,0.0,0.0,0,0.0,0.0,0
0,0.0,0.0,51.0,0.0,1.0,80.0,0.0,0.0,0.0,0.0,0.0,0.0,0.0,0.0,0.0,0,0.0,0.0,0
0,0.0,0.0,87.0,0.0,3.0,71.0,0.0,0.0,0.0,0.0,0.0,0.0,0.0,0.0,0.0,0,0.0,0.0,0
0,0.0,0.0,1.0,0.0,0.0,54.0,0.0,0.0,0.0,0.0,0.0,0.0,0.0,0.0,0.0,0,0.0,0.0,0
0,0.0,0.0,0.0,0.0,0.0,97.0,0.0,0.0,0.0,0.0,0.0,0.0,0.0,0.0,0.0,0,0.0,0.0,0
0,0.0,0.0,0.0,0.0,0.0,61.0,0.0,0.0,0.0,0.0,0.0,0.0,0.0,0.0,0.0,0,0.0,0.0,0
0,0.0,0.0,57.0,0.0,2.0,50.0,0.0,0.0,0.0,0.0,0.0,0.0,0.0,0.0,0.0,0,0.0,0.0,0
0,0.0,0.0,76.0,0.0,2.0,75.0,0.0,0.0,0.0,0.0,0.0,0.0,0.0,0.0,0.0,0,0.0,0.0,0
0,0.0,0.0,21.0,0.0,0.0,71.0,0.0,0.0,0.0,0.0,0.0,0.0,0.0,0.0,0.0,0,0.0,0.0,0
0,0.0,0.0,19.0,0.0,0.0,68.0,0.0,0.0,0.0,0.0,0.0,0.0,0.0,0.0,0.0,0,0.0,0.0,0
0,0.0,0.0,0.0,0.0,0.0,51.0,0.0,0.0,0.0,0.0,0.0,0.0,0.0,0.0,0.0,0,0.0,0.0,0
0,0.0,0.0,99.0,0.0,3.0,83.0,0.0,0.0,0.0,0.0,0.0,0.0,0.0,0.0,0.0,0,0.0,0.0,0
0,0.0,0.0,60.0,0.0,1.0,69.0,0.0,0.0,0.0,0.0,0.0,0.0,0.0,0.0,0.0,0,0.0,0.0,0
0,0.0,0.0,0.0,0.0,0.0,46.0,0.0,0.0,0.0,0.0,0.0,0.0,0.0,0.0,0.0,0,0.0,0.0,0
0,0.0,0.0,0.0,0.0,0.0,69.0,0.0,0.0,0.0,0.0,0.0,0.0,0.0,0.0,0.0,0,0.0,0.0,0
0,0.0,0.0,13.0,0.0,0.0,64.0,0.0,0.0,0.0,0.0,0.0,0.0,0.0,0.0,0.0,0,0.0,0.0,0
0,0.0,0.0,14.0,0.0,0.0,63.0,0.0,0.0,0.0,0.0,0.0,0.0,0.0,0.0,0.0,0,0.0,0.0,0
0,0.0,0.0,6.0,0.0,0.0,60.0,0.0,0.0,0.0,0.0,0.0,0.0,0.0,0.0,0.0,0,0.0,0.0,0
0,0.0,0.0,60.0,0.0,1.0,72.0,40.0,35.0,42.0,59.0,82.0,80.0,0.0,0.0,0.0,0,0.0,0.0,0
0,0.0,0.0,0.0,0.0,0.0,69.0,49.0,49.0,45.0,53.0,69.0,85.0,0.0,0.0,0.0,0,0.0,0.0,0
0,0.0,0.0,6.0,0.0,0.0,67.0,49.0,53.0,49.0,45.0,74.0,78.0,0.0,0.0,0.0,0,0.0,0.0,0
0,0.0,0.0,8.0,0.0,0.0,65.0,59.0,62.0,59.0,58.0,60.0,82.0,0.0,0.0,0.0,0,0.0,0.0,0
0,0.0,0.0,0.0,0.0,0.0,65.0,64.0,70.0,68.0,56.0,59.0,82.0,0.0,0.0,0.0,0,0.0,0.0,0
0,0.0,0.0,1.0,0.0,0.0,60.0,62.0,59.0,58.0,59.0,49.0,84.0,0.0,0.0,0.0,0,0.0,0.0,0
0,0.0,0.0,0.0,0.0,0.0,60.0,72.0,70.0,74.0,48.0,46.0,75.0,0.0,0.0,0.0,0,0.0,0.0,0
0,0.0,0.0,0.0,0.0,0.0,59.0,37.0,32.0,47.0,55.0,60.0,90.0,0.0,0.0,0.0,0,0.0,0.0,0
0,0.0,0.0,66.0,0.0,0.0,59.0,37.0,32.0,47.0,55.0,60.0,90.0,0.0,0.0,0.0,0,0.0,0.0,0
0,0.0,0.0,0.0,0.0,0.0,59.0,60.0,67.0,61.0,60.0,50.0,83.0,0.0,0.0,0.0,0,0.0,0.0,0
0,0.0,0.0,1.0,0.0,0.0,59.0,40.0,48.0,47.0,54.0,60.0,90.0,0.0,0.0,0.0,0,0.0,0.0,0
0,0.0,0.0,21.0,0.0,0.0,58.0,40.0,38.0,43.0,54.0,69.0,73.0,0.0,0.0,0.0,0,0.0,0.0,0
0,0.0,0.0,0.0,0.0,0.0,58.0,66.0,69.0,67.0,55.0,51.0,78.0,0.0,0.0,0.0,0,0.0,0.0,0
0,0.0,0.0,1.0,0.0,0.0,54.0,47.0,45.0,47.0,54.0,50.0,77.0,0.0,0.0,0.0,0,0.0,0.0,0
0,0.0,0.0,2.0,0.0,0.0,53.0,58.0,59.0,59.0,54.0,44.0,83.0,0.0,0.0,0.0,0,0.0,0.0,0
0,0.0,0.0,8.0,0.0,0.0,50.0,45.0,49.0,48.0,56.0,57.0,76.0,0.0,0.0,0.0,0,0.0,0.0,0
0,0.0,0.0,0.0,0.0,0.0,45.0,45.0,40.0,44.0,52.0,45.0,74.0,0.0,0.0,0.0,0,0.0,0.0,0
0,0.0,0.0,0.0,0.0,0.0,38.0,52.0,40.0,44.0,55.0,27.0,79.0,0.0,0.0,0.0,0,0.0,0.0,0
0,0.0,0.0,0.0,0.0,0.0,37.0,40.0,34.0,41.0,28.0,44.0,65.0,0.0,0.0,0.0,0,0.0,0.0,0
0,0.0,0.0,158.0,3.0,11.0,98.0,53.0,58.0,59.0,65.0,98.0,99.0,0.0,0.0,0.0,0,0.0,0.0,0
0,0.0,0.0,97.0,2.0,4.0,97.0,69.0,70.0,67.0,56.0,96.0,86.0,0.0,0.0,0.0,0,0.0,0.0,0
0,0.0,0.0,92.0,0.0,4.0,95.0,95.0,94.0,95.0,63.0,80.0,97.0,0.0,0.0,0.0,0,0.0,0.0,0
0,0.0,0.0,107.0,0.0,6.0,95.0,81.0,83.0,77.0,68.0,88.0,96.0,0.0,0.0,0.0,0,0.0,0.0,0
0,0.0,0.0,99.0,0.0,3.0,93.0,76.0,76.0,74.0,70.0,86.0,93.0,0.0,0.0,0.0,0,0.0,0.0,0
0,0.0,0.0,0.0,0.0,1.0,93.0,67.0,66.0,64.0,55.0,92.0,88.0,0.0,0.0,0.0,0,0.0,0.0,0
0,0.0,0.0,176.0,7.0,14.0,92.0,47.0,44.0,52.0,63.0,94.0,96.0,0.0,0.0,0.0,0,0.0,0.0,0
0,0.0,0.0,0.0,0.0,0.0,91.0,40.0,40.0,41.0,55.0,94.0,94.0,0.0,0.0,0.0,0,0.0,0.0,0
0,0.0,0.0,105.0,0.0,4.0,91.0,41.0,42.0,40.0,65.0,95.0,98.0,0.0,0.0,0.0,0,0.0,0.0,0
0,0.0,0.0,184.0,3.0,15.0,90.0,54.0,55.0,54.0,62.0,88.0,92.0,0.0,0.0,0.0,0,0.0,0.0,0
0,0.0,0.0,66.0,0.0,0.0,89.0,74.0,76.0,75.0,65.0,80.0,92.0,0.0,0.0,0.0,0,0.0,0.0,0
0,0.0,0.0,86.0,0.0,3.0,88.0,80.0,76.0,75.0,70.0,74.0,97.0,0.0,0.0,0.0,0,0.0,0.0,0
0,0.0,0.0,55.0,0.0,0.0,88.0,55.0,50.0,62.0,59.0,86.0,86.0,0.0,0.0,0.0,0,0.0,0.0,0
0,0.0,0.0,83.0,0.0,2.0,87.0,44.0,48.0,45.0,65.0,88.0,95.0,0.0,0.0,0.0,0,0.0,0.0,0
0,0.0,0.0,94.0,0.0,2.0,87.0,49.0,48.0,57.0,58.0,89.0,88.0,0.0,0.0,0.0,0,0.0,0.0,0
0,0.0,0.0,76.0,0.0,2.0,87.0,45.0,40.0,43.0,64.0,93.0,88.0,0.0,0.0,0.0,0,0.0,0.0,0
0,0.0,0.0,96.0,0.0,3.0,86.0,62.0,61.0,60.0,60.0,87.0,87.0,0.0,0.0,0.0,0,0.0,0.0,0
0,0.0,0.0,24.0,0.0,0.0,84.0,49.0,55.0,49.0,60.0,85.0,89.0,0.0,0.0,0.0,0,0.0,0.0,0
0,0.0,0.0,0.0,0.0,0.0,84.0,63.0,64.0,65.0,53.0,85.0,85.0,0.0,0.0,0.0,0,0.0,0.0,0
0,0.0,0.0,45.0,0.0,0.0,83.0,60.0,60.0,59.0,60.0,75.0,93.0,0.0,0.0,0.0,0,0.0,0.0,0
0,0.0,0.0,87.0,0.0,3.0,83.0,51.0,54.0,55.0,58.0,82.0,88.0,0.0,0.0,0.0,0,0.0,0.0,0
0,0.0,0.0,57.0,0.0,2.0,83.0,58.0,56.0,55.0,59.0,76.0,92.0,0.0,0.0,0.0,0,0.0,0.0,0
0,0.0,0.0,77.0,0.0,1.0,82.0,67.0,68.0,67.0,53.0,79.0,86.0,0.0,0.0,0.0,0,0.0,0.0,0
0,0.0,0.0,54.0,0.0,1.0,81.0,48.0,47.0,56.0,57.0,80.0,88.0,0.0,0.0,0.0,0,0.0,0.0,0
0,0.0,0.0,30.0,0.0,0.0,81.0,53.0,50.0,53.0,58.0,79.0,89.0,0.0,0.0,0.0,0,0.0,0.0,0
0,0.0,0.0,0.0,0.0,0.0,81.0,52.0,53.0,56.0,58.0,80.0,87.0,0.0,0.0,0.0,0,0.0,0.0,0
0,0.0,0.0,167.0,1.0,13.0,80.0,58.0,62.0,59.0,59.0,78.0,84.0,0.0,0.0,0.0,0,0.0,0.0,0
0,0.0,0.0,31.0,0.0,0.0,79.0,58.0,57.0,59.0,58.0,73.0,89.0,0.0,0.0,0.0,0,0.0,0.0,0
0,0.0,0.0,0.0,0.0,0.0,79.0,50.0,51.0,58.0,59.0,77.0,88.0,0.0,0.0,0.0,0,0.0,0.0,0
0,0.0,0.0,107.0,0.0,3.0,79.0,58.0,58.0,60.0,60.0,71.0,91.0,0.0,0.0,0.0,0,0.0,0.0,0
0,0.0,0.0,60.0,0.0,1.0,79.0,79.0,79.0,75.0,65.0,72.0,85.0,0.0,0.0,0.0,0,0.0,0.0,0
0,0.0,0.0,51.0,0.0,1.0,78.0,41.0,44.0,42.0,64.0,86.0,87.0,0.0,0.0,0.0,0,0.0,0.0,0
0,0.0,0.0,33.0,0.0,0.0,78.0,47.0,50.0,52.0,65.0,69.0,94.0,0.0,0.0,0.0,0,0.0,0.0,0
0,0.0,0.0,69.0,0.0,1.0,78.0,60.0,63.0,60.0,59.0,79.0,88.0,0.0,0.0,0.0,0,0.0,0.0,0
0,0.0,0.0,97.0,0.0,2.0,77.0,38.0,40.0,36.0,55.0,87.0,89.0,0.0,0.0,0.0,0,0.0,0.0,0
0,0.0,0.0,69.0,0.0,1.0,77.0,37.0,31.0,44.0,54.0,87.0,82.0,0.0,0.0,0.0,0,0.0,0.0,0
0,0.0,0.0,14.0,0.0,0.0,76.0,49.0,53.0,54.0,60.0,71.0,91.0,0.0,0.0,0.0,0,0.0,0.0,0
0,0.0,0.0,53.0,0.0,1.0,76.0,65.0,63.0,65.0,44.0,83.0,78.0,0.0,0.0,0.0,0,0.0,0.0,0
0,0.0,0.0,0.0,0.0,0.0,76.0,41.0,40.0,46.0,58.0,84.0,84.0,0.0,0.0,0.0,0,0.0,0.0,0
0,0.0,0.0,5.0,0.0,0.0,76.0,41.0,40.0,46.0,58.0,84.0,84.0,0.0,0.0,0.0,0,0.0,0.0,0
0,0.0,0.0,16.0,0.0,0.0,76.0,41.0,40.0,46.0,58.0,84.0,84.0,0.0,0.0,0.0,0,0.0,0.0,0
0,0.0,0.0,9.0,0.0,0.0,75.0,42.0,46.0,47.0,56.0,78.0,87.0,0.0,0.0,0.0,0,0.0,0.0,0
0,0.0,0.0,16.0,0.0,0.0,75.0,67.0,68.0,65.0,57.0,60.0,93.0,0.0,0.0,0.0,0,0.0,0.0,0
0,0.0,0.0,46.0,0.0,0.0,75.0,54.0,53.0,55.0,56.0,78.0,84.0,0.0,0.0,0.0,0,0.0,0.0,0
0,0.0,0.0,0.0,0.0,0.0,75.0,66.0,64.0,66.0,55.0,70.0,84.0,0.0,0.0,0.0,0,0.0,0.0,0
0,0.0,0.0,1.0,0.0,0.0,74.0,70.0,72.0,70.0,62.0,67.0,83.0,0.0,0.0,0.0,0,0.0,0.0,0
0,0.0,0.0,6.0,0.0,0.0,74.0,71.0,70.0,71.0,59.0,70.0,85.0,0.0,0.0,0.0,0,0.0,0.0,0
0,0.0,0.0,77.0,0.0,2.0,74.0,33.0,37.0,36.0,50.0,87.0,85.0,0.0,0.0,0.0,0,0.0,0.0,0
0,0.0,0.0,4.0,0.0,0.0,73.0,52.0,55.0,56.0,52.0,79.0,80.0,0.0,0.0,0.0,0,0.0,0.0,0
0,0.0,0.0,0.0,0.0,0.0,73.0,55.0,54.0,55.0,62.0,67.0,88.0,0.0,0.0,0.0,0,0.0,0.0,0
0,0.0,0.0,0.0,0.0,0.0,73.0,52.0,52.0,58.0,48.0,66.0,87.0,0.0,0.0,0.0,0,0.0,0.0,0
0,0.0,0.0,23.0,0.0,0.0,73.0,52.0,52.0,58.0,48.0,66.0,87.0,0.0,0.0,0.0,0,0.0,0.0,0
0,0.0,0.0,60.0,0.0,1.0,72.0,40.0,35.0,42.0,59.0,82.0,80.0,0.0,0.0,0.0,0,0.0,0.0,0
0,0.0,0.0,16.0,0.0,0.0,72.0,70.0,70.0,69.0,64.0,64.0,88.0,0.0,0.0,0.0,0,0.0,0.0,0
0,0.0,0.0,19.0,0.0,0.0,72.0,64.0,65.0,65.0,55.0,67.0,80.0,0.0,0.0,0.0,0,0.0,0.0,0
0,0.0,0.0,0.0,0.0,0.0,72.0,45.0,40.0,48.0,53.0,77.0,84.0,0.0,0.0,0.0,0,0.0,0.0,0
0,0.0,0.0,57.0,0.0,1.0,71.0,42.0,41.0,47.0,56.0,75.0,85.0,0.0,0.0,0.0,0,0.0,0.0,0
0,0.0,0.0,34.0,0.0,0.0,70.0,45.0,46.0,50.0,58.0,70.0,84.0,0.0,0.0,0.0,0,0.0,0.0,0
0,0.0,0.0,0.0,0.0,0.0,70.0,49.0,47.0,53.0,57.0,68.0,90.0,0.0,0.0,0.0,0,0.0,0.0,0
0,0.0,0.0,12.0,0.0,0.0,70.0,50.0,47.0,53.0,57.0,66.0,83.0,0.0,0.0,0.0,0,0.0,0.0,0
0,0.0,0.0,0.0,0.0,0.0,70.0,47.0,40.0,49.0,54.0,71.0,85.0,0.0,0.0,0.0,0,0.0,0.0,0
0,0.0,0.0,7.0,0.0,0.0,70.0,48.0,46.0,54.0,58.0,66.0,86.0,0.0,0.0,0.0,0,0.0,0.0,0
0,0.0,0.0,0.0,0.0,0.0,69.0,49.0,49.0,45.0,53.0,69.0,85.0,0.0,0.0,0.0,0,0.0,0.0,0
0,0.0,0.0,21.0,0.0,0.0,69.0,66.0,60.0,63.0,48.0,60.0,88.0,0.0,0.0,0.0,0,0.0,0.0,0
0,0.0,0.0,0.0,0.0,0.0,69.0,46.0,42.0,47.0,57.0,72.0,83.0,0.0,0.0,0.0,0,0.0,0.0,0
0,0.0,0.0,62.0,0.0,1.0,68.0,70.0,67.0,68.0,63.0,56.0,86.0,0.0,0.0,0.0,0,0.0,0.0,0
0,0.0,0.0,9.0,0.0,0.0,67.0,52.0,55.0,52.0,61.0,63.0,87.0,0.0,0.0,0.0,0,0.0,0.0,0
0,0.0,0.0,2.0,0.0,0.0,67.0,63.0,68.0,63.0,64.0,58.0,89.0,0.0,0.0,0.0,0,0.0,0.0,0
0,0.0,0.0,6.0,0.0,0.0,67.0,49.0,53.0,49.0,45.0,74.0,78.0,0.0,0.0,0.0,0,0.0,0.0,0
0,0.0,0.0,43.0,0.0,0.0,67.0,49.0,48.0,56.0,60.0,70.0,87.0,0.0,0.0,0.0,0,0.0,0.0,0
0,0.0,0.0,1.0,0.0,0.0,67.0,58.0,57.0,55.0,63.0,57.0,88.0,0.0,0.0,0.0,0,0.0,0.0,0
0,0.0,0.0,0.0,0.0,0.0,66.0,61.0,71.0,63.0,57.0,62.0,86.0,0.0,0.0,0.0,0,0.0,0.0,0
0,0.0,0.0,0.0,0.0,0.0,66.0,39.0,35.0,46.0,50.0,70.0,80.0,0.0,0.0,0.0,0,0.0,0.0,0
0,0.0,0.0,2.0,0.0,0.0,66.0,56.0,54.0,57.0,53.0,65.0,85.0,0.0,0.0,0.0,0,0.0,0.0,0
0,0.0,0.0,32.0,0.0,0.0,66.0,48.0,45.0,49.0,52.0,72.0,81.0,0.0,0.0,0.0,0,0.0,0.0,0
0,0.0,0.0,11.0,0.0,0.0,66.0,48.0,45.0,49.0,52.0,72.0,81.0,0.0,0.0,0.0,0,0.0,0.0,0
0,0.0,0.0,8.0,0.0,0.0,66.0,60.0,59.0,56.0,51.0,55.0,86.0,0.0,0.0,0.0,0,0.0,0.0,0
0,0.0,0.0,8.0,0.0,0.0,65.0,59.0,62.0,59.0,58.0,60.0,82.0,0.0,0.0,0.0,0,0.0,0.0,0
0,0.0,0.0,0.0,0.0,0.0,65.0,64.0,70.0,68.0,56.0,59.0,82.0,0.0,0.0,0.0,0,0.0,0.0,0
0,0.0,0.0,0.0,0.0,0.0,65.0,53.0,54.0,56.0,55.0,67.0,77.0,0.0,0.0,0.0,0,0.0,0.0,0
0,0.0,0.0,0.0,0.0,0.0,65.0,61.0,70.0,61.0,64.0,53.0,90.0,0.0,0.0,0.0,0,0.0,0.0,0
0,0.0,0.0,1.0,0.0,0.0,65.0,54.0,52.0,49.0,56.0,60.0,86.0,0.0,0.0,0.0,0,0.0,0.0,0
0,0.0,0.0,0.0,0.0,0.0,65.0,55.0,55.0,55.0,55.0,60.0,80.0,0.0,0.0,0.0,0,0.0,0.0,0
0,0.0,0.0,4.0,0.0,0.0,65.0,56.0,55.0,51.0,57.0,65.0,85.0,0.0,0.0,0.0,0,0.0,0.0,0
0,0.0,0.0,0.0,0.0,0.0,64.0,50.0,49.0,52.0,54.0,62.0,83.0,0.0,0.0,0.0,0,0.0,0.0,0
0,0.0,0.0,1.0,0.0,0.0,64.0,45.0,44.0,48.0,53.0,56.0,87.0,0.0,0.0,0.0,0,0.0,0.0,0
0,0.0,0.0,16.0,0.0,0.0,64.0,50.0,47.0,52.0,48.0,76.0,73.0,0.0,0.0,0.0,0,0.0,0.0,0
0,0.0,0.0,40.0,0.0,0.0,64.0,54.0,54.0,52.0,54.0,54.0,88.0,0.0,0.0,0.0,0,0.0,0.0,0
0,0.0,0.0,33.0,0.0,0.0,63.0,57.0,54.0,58.0,52.0,58.0,82.0,0.0,0.0,0.0,0,0.0,0.0,0
0,0.0,0.0,2.0,0.0,0.0,63.0,50.0,52.0,50.0,45.0,64.0,78.0,0.0,0.0,0.0,0,0.0,0.0,0
0,0.0,0.0,13.0,0.0,0.0,63.0,57.0,60.0,57.0,52.0,61.0,84.0,0.0,0.0,0.0,0,0.0,0.0,0
0,0.0,0.0,0.0,0.0,0.0,63.0,54.0,50.0,52.0,45.0,69.0,75.0,0.0,0.0,0.0,0,0.0,0.0,0
0,0.0,0.0,0.0,0.0,0.0,62.0,48.0,47.0,49.0,55.0,64.0,81.0,0.0,0.0,0.0,0,0.0,0.0,0
0,0.0,0.0,0.0,0.0,0.0,62.0,46.0,50.0,49.0,50.0,58.0,82.0,0.0,0.0,0.0,0,0.0,0.0,0
0,0.0,0.0,14.0,0.0,0.0,62.0,82.0,82.0,82.0,50.0,41.0,80.0,0.0,0.0,0.0,0,0.0,0.0,0
0,0.0,0.0,1.0,0.0,0.0,62.0,46.0,48.0,49.0,51.0,66.0,77.0,0.0,0.0,0.0,0,0.0,0.0,0
0,0.0,0.0,6.0,0.0,0.0,61.0,64.0,65.0,58.0,55.0,46.0,78.0,0.0,0.0,0.0,0,0.0,0.0,0
0,0.0,0.0,1.0,0.0,0.0,60.0,62.0,59.0,58.0,59.0,49.0,84.0,0.0,0.0,0.0,0,0.0,0.0,0
0,0.0,0.0,0.0,0.0,0.0,60.0,72.0,70.0,74.0,48.0,46.0,75.0,0.0,0.0,0.0,0,0.0,0.0,0
0,0.0,0.0,5.0,0.0,0.0,60.0,54.0,54.0,56.0,53.0,56.0,79.0,0.0,0.0,0.0,0,0.0,0.0,0
0,0.0,0.0,0.0,0.0,0.0,60.0,54.0,54.0,56.0,53.0,56.0,79.0,0.0,0.0,0.0,0,0.0,0.0,0
0,0.0,0.0,0.0,0.0,0.0,59.0,37.0,32.0,47.0,55.0,60.0,90.0,0.0,0.0,0.0,0,0.0,0.0,0
0,0.0,0.0,66.0,0.0,0.0,59.0,37.0,32.0,47.0,55.0,60.0,90.0,0.0,0.0,0.0,0,0.0,0.0,0
0,0.0,0.0,0.0,0.0,0.0,59.0,60.0,67.0,61.0,60.0,50.0,83.0,0.0,0.0,0.0,0,0.0,0.0,0
0,0.0,0.0,1.0,0.0,0.0,59.0,40.0,48.0,47.0,54.0,60.0,90.0,0.0,0.0,0.0,0,0.0,0.0,0
0,0.0,0.0,0.0,0.0,0.0,59.0,50.0,49.0,46.0,49.0,54.0,76.0,0.0,0.0,0.0,0,0.0,0.0,0
0,0.0,0.0,0.0,0.0,0.0,59.0,55.0,57.0,54.0,50.0,50.0,79.0,0.0,0.0,0.0,0,0.0,0.0,0
0,0.0,0.0,0.0,0.0,0.0,59.0,49.0,41.0,52.0,50.0,67.0,75.0,0.0,0.0,0.0,0,0.0,0.0,0
0,0.0,0.0,21.0,0.0,0.0,58.0,40.0,38.0,43.0,54.0,69.0,73.0,0.0,0.0,0.0,0,0.0,0.0,0
0,0.0,0.0,0.0,0.0,0.0,58.0,66.0,69.0,67.0,55.0,51.0,78.0,0.0,0.0,0.0,0,0.0,0.0,0
0,0.0,0.0,0.0,0.0,0.0,58.0,67.0,65.0,66.0,60.0,52.0,79.0,0.0,0.0,0.0,0,0.0,0.0,0
0,0.0,0.0,0.0,0.0,0.0,56.0,45.0,44.0,48.0,54.0,51.0,87.0,0.0,0.0,0.0,0,0.0,0.0,0
0,0.0,0.0,0.0,0.0,0.0,55.0,46.0,54.0,46.0,56.0,50.0,81.0,0.0,0.0,0.0,0,0.0,0.0,0
0,0.0,0.0,1.0,0.0,0.0,54.0,47.0,45.0,47.0,54.0,50.0,77.0,0.0,0.0,0.0,0,0.0,0.0,0
0,0.0,0.0,0.0,0.0,0.0,54.0,41.0,32.0,42.0,49.0,56.0,72.0,0.0,0.0,0.0,0,0.0,0.0,0
0,0.0,0.0,2.0,0.0,0.0,53.0,58.0,59.0,59.0,54.0,44.0,83.0,0.0,0.0,0.0,0,0.0,0.0,0
0,0.0,0.0,6.0,0.0,0.0,53.0,47.0,45.0,49.0,60.0,46.0,80.0,0.0,0.0,0.0,0,0.0,0.0,0
0,0.0,0.0,0.0,0.0,0.0,53.0,48.0,41.0,44.0,55.0,45.0,85.0,0.0,0.0,0.0,0,0.0,0.0,0
0,0.0,0.0,0.0,0.0,0.0,53.0,48.0,42.0,51.0,56.0,45.0,85.0,0.0,0.0,0.0,0,0.0,0.0,0
0,0.0,0.0,0.0,0.0,0.0,52.0,62.0,64.0,60.0,54.0,44.0,74.0,0.0,0.0,0.0,0,0.0,0.0,0
0,0.0,0.0,8.0,0.0,0.0,50.0,45.0,49.0,48.0,56.0,57.0,76.0,0.0,0.0,0.0,0,0.0,0.0,0
0,0.0,0.0,0.0,0.0,0.0,50.0,55.0,49.0,55.0,51.0,41.0,74.0,0.0,0.0,0.0,0,0.0,0.0,0
0,0.0,0.0,0.0,0.0,0.0,48.0,52.0,40.0,44.0,55.0,39.0,79.0,0.0,0.0,0.0,0,0.0,0.0,0
0,0.0,0.0,0.0,0.0,0.0,45.0,45.0,40.0,44.0,52.0,45.0,74.0,0.0,0.0,0.0,0,0.0,0.0,0
0,0.0,0.0,0.0,0.0,0.0,38.0,52.0,40.0,44.0,55.0,27.0,79.0,0.0,0.0,0.0,0,0.0,0.0,0
0,0.0,0.0,0.0,0.0,0.0,37.0,40.0,34.0,41.0,28.0,44.0,65.0,0.0,0.0,0.0,0,0.0,0.0,0
0,0.0,0.0,40.0,0.0,0.0,79.0,69.0,72.0,70.0,0.0,72.0,89.0,0.0,0.0,0.0,0,0.0,0.0,0
0,0.0,0.0,19.0,0.0,0.0,75.0,64.0,65.0,65.0,0.0,73.0,82.0,0.0,0.0,0.0,0,0.0,0.0,0
0,0.0,0.0,0.0,0.0,0.0,64.0,44.0,42.0,45.0,0.0,60.0,87.0,0.0,0.0,0.0,0,0.0,0.0,0
0,0.0,0.0,92.0,0.0,4.0,92.0,94.0,94.0,90.0,0.0,78.0,96.0,0.0,0.0,0.0,0,0.0,0.0,0
0,0.0,0.0,16.0,0.0,0.0,68.0,50.0,47.0,52.0,0.0,85.0,73.0,0.0,0.0,0.0,0,0.0,0.0,0
0,0.0,0.0,68.0,0.0,2.0,67.0,49.0,52.0,49.0,0.0,61.0,84.0,0.0,0.0,0.0,0,0.0,0.0,0
0,0.0,0.0,16.0,0.0,0.0,80.0,69.0,68.0,65.0,0.0,73.0,92.0,0.0,0.0,0.0,0,0.0,0.0,0
0,0.0,0.0,0.0,0.0,0.0,79.0,65.0,71.0,68.0,0.0,73.0,90.0,0.0,0.0,0.0,0,0.0,0.0,0
0,0.0,0.0,60.0,0.0,1.0,70.0,76.0,77.0,73.0,0.0,60.0,85.0,0.0,0.0,0.0,0,0.0,0.0,0
0,0.0,0.0,0.0,0.0,0.0,63.0,68.0,70.0,69.0,0.0,49.0,85.0,0.0,0.0,0.0,0,0.0,0.0,0
0,0.0,0.0,0.0,0.0,0.0,63.0,68.0,70.0,69.0,0.0,49.0,85.0,0.0,0.0,0.0,0,0.0,0.0,0
0,0.0,0.0,105.0,0.0,4.0,87.0,45.0,45.0,47.0,0.0,90.0,98.0,0.0,0.0,0.0,0,0.0,0.0,0
0,0.0,0.0,19.0,0.0,0.0,75.0,67.0,70.0,66.0,0.0,62.0,91.0,0.0,0.0,0.0,0,0.0,0.0,0
0,0.0,0.0,0.0,0.0,0.0,65.0,45.0,48.0,48.0,0.0,66.0,83.0,0.0,0.0,0.0,0,0.0,0.0,0
0,0.0,0.0,0.0,0.0,0.0,88.0,66.0,64.0,68.0,0.0,85.0,87.0,0.0,0.0,0.0,0,0.0,0.0,0
0,0.0,0.0,46.0,0.0,0.0,75.0,54.0,53.0,55.0,0.0,78.0,83.0,0.0,0.0,0.0,0,0.0,0.0,0
0,0.0,0.0,9.0,0.0,0.0,67.0,52.0,55.0,52.0,0.0,63.0,87.0,0.0,0.0,0.0,0,0.0,0.0,0
0,0.0,0.0,0.0,0.0,0.0,79.0,54.0,55.0,56.0,0.0,75.0,90.0,0.0,0.0,0.0,0,0.0,0.0,0
0,0.0,0.0,23.0,0.0,0.0,79.0,54.0,55.0,56.0,0.0,75.0,90.0,0.0,0.0,0.0,0,0.0,0.0,0
0,0.0,0.0,4.0,0.0,0.0,71.0,56.0,55.0,51.0,0.0,70.0,85.0,0.0,0.0,0.0,0,0.0,0.0,0
0,0.0,0.0,1.0,0.0,0.0,65.0,60.0,62.0,62.0,0.0,55.0,77.0,0.0,0.0,0.0,0,0.0,0.0,0
0,0.0,0.0,0.0,0.0,0.0,85.0,51.0,55.0,64.0,0.0,83.0,92.0,0.0,0.0,0.0,0,0.0,0.0,0
0,0.0,0.0,107.0,0.0,3.0,82.0,58.0,58.0,60.0,0.0,72.0,93.0,0.0,0.0,0.0,0,0.0,0.0,0
0,0.0,0.0,0.0,0.0,0.0,61.0,48.0,55.0,50.0,0.0,50.0,85.0,0.0,0.0,0.0,0,0.0,0.0,0
0,0.0,0.0,0.0,0.0,1.0,88.0,67.0,65.0,67.0,0.0,88.0,85.0,0.0,0.0,0.0,0,0.0,0.0,0
0,0.0,0.0,0.0,0.0,0.0,78.0,52.0,53.0,56.0,0.0,76.0,87.0,0.0,0.0,0.0,0,0.0,0.0,0
0,0.0,0.0,8.0,0.0,0.0,66.0,63.0,63.0,57.0,0.0,60.0,88.0,0.0,0.0,0.0,0,0.0,0.0,0
0,0.0,0.0,16.0,0.0,0.0,81.0,74.0,74.0,72.0,0.0,72.0,92.0,0.0,0.0,0.0,0,0.0,0.0,0
0,0.0,0.0,97.0,0.0,2.0,78.0,40.0,40.0,39.0,0.0,88.0,89.0,0.0,0.0,0.0,0,0.0,0.0,0
0,0.0,0.0,0.0,0.0,0.0,76.0,60.0,67.0,61.0,0.0,65.0,92.0,0.0,0.0,0.0,0,0.0,0.0,0
0,0.0,0.0,0.0,0.0,0.0,65.0,54.0,55.0,54.0,0.0,56.0,88.0,0.0,0.0,0.0,0,0.0,0.0,0
0,0.0,0.0,77.0,0.0,1.0,87.0,71.0,73.0,70.0,0.0,82.0,88.0,0.0,0.0,0.0,0,0.0,0.0,0
0,0.0,0.0,14.0,0.0,0.0,65.0,42.0,38.0,44.0,0.0,68.0,86.0,0.0,0.0,0.0,0,0.0,0.0,0
0,0.0,0.0,0.0,0.0,0.0,65.0,48.0,47.0,49.0,0.0,67.0,82.0,0.0,0.0,0.0,0,0.0,0.0,0
0,0.0,0.0,31.0,0.0,0.0,83.0,59.0,58.0,60.0,0.0,78.0,91.0,0.0,0.0,0.0,0,0.0,0.0,0
0,0.0,0.0,6.0,0.0,0.0,79.0,71.0,70.0,71.0,0.0,74.0,87.0,0.0,0.0,0.0,0,0.0,0.0,0
0,0.0,0.0,33.0,0.0,0.0,74.0,57.0,54.0,58.0,0.0,74.0,84.0,0.0,0.0,0.0,0,0.0,0.0,0
0,0.0,0.0,0.0,0.0,0.0,73.0,55.0,54.0,55.0,0.0,67.0,88.0,0.0,0.0,0.0,0,0.0,0.0,0
0,0.0,0.0,0.0,0.0,0.0,71.0,45.0,40.0,48.0,0.0,75.0,84.0,0.0,0.0,0.0,0,0.0,0.0,0
0,0.0,0.0,21.0,0.0,0.0,69.0,66.0,60.0,63.0,0.0,60.0,88.0,0.0,0.0,0.0,0,0.0,0.0,0
0,0.0,0.0,9.0,0.0,0.0,68.0,42.0,46.0,47.0,0.0,65.0,86.0,0.0,0.0,0.0,0,0.0,0.0,0
0,0.0,0.0,0.0,0.0,0.0,68.0,46.0,42.0,47.0,0.0,70.0,82.0,0.0,0.0,0.0,0,0.0,0.0,0
0,0.0,0.0,2.0,0.0,0.0,67.0,66.0,68.0,66.0,0.0,55.0,89.0,0.0,0.0,0.0,0,0.0,0.0,0
0,0.0,0.0,0.0,0.0,0.0,65.0,64.0,70.0,68.0,0.0,59.0,82.0,0.0,0.0,0.0,0,0.0,0.0,0
0,0.0,0.0,0.0,0.0,0.0,65.0,49.0,49.0,45.0,0.0,65.0,84.0,0.0,0.0,0.0,0,0.0,0.0,0
0,0.0,0.0,0.0,0.0,0.0,60.0,72.0,70.0,74.0,0.0,46.0,75.0,0.0,0.0,0.0,0,0.0,0.0,0
0,0.0,0.0,1.0,0.0,0.0,60.0,62.0,59.0,58.0,0.0,49.0,84.0,0.0,0.0,0.0,0,0.0,0.0,0
0,0.0,0.0,0.0,0.0,0.0,59.0,55.0,57.0,54.0,0.0,50.0,79.0,0.0,0.0,0.0,0,0.0,0.0,0
0,0.0,0.0,0.0,0.0,0.0,58.0,45.0,44.0,48.0,0.0,55.0,88.0,0.0,0.0,0.0,0,0.0,0.0,0
0,0.0,0.0,0.0,0.0,0.0,57.0,79.0,80.0,81.0,0.0,42.0,78.0,0.0,0.0,0.0,0,0.0,0.0,0
0,0.0,0.0,0.0,0.0,0.0,57.0,54.0,50.0,50.0,0.0,47.0,86.0,0.0,0.0,0.0,0,0.0,0.0,0
0,0.0,0.0,0.0,0.0,0.0,56.0,49.0,48.0,52.0,0.0,50.0,79.0,0.0,0.0,0.0,0,0.0,0.0,0
0,0.0,0.0,0.0,0.0,0.0,54.0,47.0,45.0,49.0,0.0,49.0,80.0,0.0,0.0,0.0,0,0.0,0.0,0
0,0.0,0.0,0.0,0.0,0.0,54.0,54.0,58.0,54.0,0.0,50.0,72.0,0.0,0.0,0.0,0,0.0,0.0,0
0,0.0,0.0,0.0,0.0,0.0,53.0,48.0,42.0,51.0,0.0,45.0,85.0,0.0,0.0,0.0,0,0.0,0.0,0
0,0.0,0.0,0.0,0.0,0.0,53.0,48.0,41.0,44.0,0.0,45.0,85.0,0.0,0.0,0.0,0,0.0,0.0,0
0,0.0,0.0,0.0,0.0,0.0,50.0,78.0,77.0,81.0,0.0,42.0,73.0,0.0,0.0,0.0,0,0.0,0.0,0
0,0.0,0.0,158.0,3.0,11.0,94.0,53.0,56.0,58.0,0.0,98.0,97.0,0.0,0.0,0.0,0,0.0,0.0,0
0,0.0,0.0,30.0,0.0,0.0,79.0,53.0,50.0,53.0,0.0,76.0,90.0,0.0,0.0,0.0,0,0.0,0.0,0
0,0.0,0.0,1.0,0.0,0.0,69.0,52.0,54.0,52.0,0.0,62.0,89.0,0.0,0.0,0.0,0,0.0,0.0,0
0,0.0,0.0,0.0,0.0,0.0,66.0,39.0,35.0,46.0,0.0,70.0,80.0,0.0,0.0,0.0,0,0.0,0.0,0
0,0.0,0.0,45.0,0.0,0.0,85.0,60.0,60.0,59.0,0.0,78.0,95.0,0.0,0.0,0.0,0,0.0,0.0,0
0,0.0,0.0,43.0,0.0,0.0,72.0,49.0,48.0,56.0,0.0,75.0,88.0,0.0,0.0,0.0,0,0.0,0.0,0
0,0.0,0.0,1.0,0.0,0.0,71.0,58.0,57.0,55.0,0.0,68.0,87.0,0.0,0.0,0.0,0,0.0,0.0,0
0,0.0,0.0,176.0,7.0,14.0,97.0,49.0,53.0,59.0,0.0,98.0,96.0,0.0,0.0,0.0,0,0.0,0.0,0
0,0.0,0.0,0.0,0.0,0.0,67.0,51.0,49.0,53.0,0.0,69.0,83.0,0.0,0.0,0.0,0,0.0,0.0,0
0,0.0,0.0,5.0,0.0,0.0,61.0,58.0,61.0,60.0,0.0,52.0,81.0,0.0,0.0,0.0,0,0.0,0.0,0
0,0.0,0.0,33.0,0.0,0.0,84.0,52.0,56.0,54.0,0.0,78.0,96.0,0.0,0.0,0.0,0,0.0,0.0,0
0,0.0,0.0,62.0,0.0,1.0,73.0,70.0,70.0,69.0,0.0,67.0,86.0,0.0,0.0,0.0,0,0.0,0.0,0
0,0.0,0.0,0.0,0.0,0.0,73.0,47.0,45.0,51.0,0.0,75.0,86.0,0.0,0.0,0.0,0,0.0,0.0,0
0,0.0,0.0,94.0,0.0,2.0,91.0,50.0,50.0,54.0,0.0,93.0,89.0,0.0,0.0,0.0,0,0.0,0.0,0
0,0.0,0.0,32.0,0.0,0.0,70.0,48.0,45.0,49.0,0.0,77.0,86.0,0.0,0.0,0.0,0,0.0,0.0,0
0,0.0,0.0,11.0,0.0,0.0,70.0,48.0,45.0,49.0,0.0,77.0,86.0,0.0,0.0,0.0,0,0.0,0.0,0
0,0.0,0.0,0.0,0.0,0.0,65.0,53.0,54.0,56.0,0.0,67.0,77.0,0.0,0.0,0.0,0,0.0,0.0,0
0,0.0,0.0,7.0,0.0,0.0,80.0,52.0,56.0,60.0,0.0,77.0,90.0,0.0,0.0,0.0,0,0.0,0.0,0
0,0.0,0.0,0.0,0.0,0.0,80.0,63.0,63.0,64.0,0.0,83.0,83.0,0.0,0.0,0.0,0,0.0,0.0,0
0,0.0,0.0,13.0,0.0,0.0,68.0,57.0,60.0,57.0,0.0,65.0,87.0,0.0,0.0,0.0,0,0.0,0.0,0
0,0.0,0.0,86.0,0.0,3.0,93.0,81.0,79.0,77.0,0.0,79.0,98.0,0.0,0.0,0.0,0,0.0,0.0,0
0,0.0,0.0,57.0,0.0,1.0,78.0,52.0,54.0,52.0,0.0,81.0,87.0,0.0,0.0,0.0,0,0.0,0.0,0
0,0.0,0.0,0.0,0.0,0.0,59.0,55.0,49.0,55.0,0.0,53.0,79.0,0.0,0.0,0.0,0,0.0,0.0,0
0,0.0,0.0,184.0,3.0,15.0,95.0,57.0,60.0,60.0,0.0,95.0,91.0,0.0,0.0,0.0,0,0.0,0.0,0
0,0.0,0.0,0.0,0.0,0.0,73.0,61.0,70.0,61.0,0.0,62.0,91.0,0.0,0.0,0.0,0,0.0,0.0,0
0,0.0,0.0,0.0,0.0,0.0,66.0,55.0,65.0,55.0,0.0,58.0,85.0,0.0,0.0,0.0,0,0.0,0.0,0
0,0.0,0.0,66.0,0.0,0.0,89.0,73.0,74.0,78.0,0.0,78.0,93.0,0.0,0.0,0.0,0,0.0,0.0,0
0,0.0,0.0,0.0,0.0,0.0,74.0,49.0,47.0,53.0,0.0,70.0,90.0,0.0,0.0,0.0,0,0.0,0.0,0
0,0.0,0.0,6.0,0.0,0.0,60.0,47.0,45.0,49.0,0.0,58.0,83.0,0.0,0.0,0.0,0,0.0,0.0,0
0,0.0,0.0,0.0,0.0,0.0,86.0,40.0,40.0,41.0,0.0,92.0,93.0,0.0,0.0,0.0,0,0.0,0.0,0
0,0.0,0.0,121.0,0.0,4.0,81.0,58.0,64.0,52.0,0.0,74.0,91.0,0.0,0.0,0.0,0,0.0,0.0,0
0,0.0,0.0,1.0,0.0,0.0,66.0,54.0,52.0,49.0,0.0,64.0,86.0,0.0,0.0,0.0,0,0.0,0.0,0
0,0.0,0.0,55.0,0.0,0.0,90.0,55.0,52.0,62.0,0.0,90.0,86.0,0.0,0.0,0.0,0,0.0,0.0,0
0,0.0,0.0,6.0,0.0,0.0,69.0,57.0,63.0,57.0,0.0,60.0,82.0,0.0,0.0,0.0,0,0.0,0.0,0
0,0.0,0.0,6.0,0.0,0.0,66.0,65.0,66.0,65.0,0.0,52.0,81.0,0.0,0.0,0.0,0,0.0,0.0,0
0,0.0,0.0,97.0,2.0,4.0,89.0,64.0,65.0,65.0,0.0,95.0,82.0,0.0,0.0,0.0,0,0.0,0.0,0
0,0.0,0.0,83.0,0.0,2.0,87.0,48.0,60.0,50.0,0.0,87.0,96.0,0.0,0.0,0.0,0,0.0,0.0,0
0,0.0,0.0,1.0,0.0,0.0,78.0,70.0,72.0,70.0,0.0,72.0,85.0,0.0,0.0,0.0,0,0.0,0.0,0
0,0.0,0.0,107.0,0.0,6.0,95.0,81.0,83.0,74.0,0.0,87.0,96.0,0.0,0.0,0.0,0,0.0,0.0,0
0,0.0,0.0,69.0,0.0,1.0,77.0,60.0,63.0,60.0,0.0,76.0,90.0,0.0,0.0,0.0,0,0.0,0.0,0
0,0.0,0.0,4.0,0.0,0.0,73.0,52.0,55.0,56.0,0.0,79.0,80.0,0.0,0.0,0.0,0,0.0,0.0,0
0,0.0,0.0,0.0,0.0,0.0,63.0,66.0,70.0,70.0,0.0,48.0,85.0,0.0,0.0,0.0,0,0.0,0.0,0
0,0.0,0.0,24.0,0.0,0.0,84.0,49.0,55.0,49.0,0.0,87.0,90.0,0.0,0.0,0.0,0,0.0,0.0,0
0,0.0,0.0,131.0,0.0,6.0,79.0,68.0,70.0,65.0,0.0,63.0,92.0,0.0,0.0,0.0,0,0.0,0.0,0
0,0.0,0.0,34.0,0.0,0.0,77.0,45.0,46.0,50.0,0.0,82.0,85.0,0.0,0.0,0.0,0,0.0,0.0,0
0,0.0,0.0,149.0,0.0,8.0,79.0,52.0,50.0,48.0,0.0,72.0,86.0,0.0,0.0,0.0,0,0.0,0.0,0
0,0.0,0.0,167.0,1.0,13.0,77.0,55.0,59.0,56.0,0.0,78.0,84.0,0.0,0.0,0.0,0,0.0,0.0,0
0,0.0,0.0,53.0,0.0,1.0,76.0,65.0,63.0,65.0,0.0,83.0,78.0,0.0,0.0,0.0,0,0.0,0.0,0
0,0.0,0.0,12.0,0.0,0.0,78.0,52.0,57.0,57.0,0.0,75.0,88.0,0.0,0.0,0.0,0,0.0,0.0,0
0,0.0,0.0,2.0,0.0,0.0,68.0,50.0,52.0,50.0,0.0,69.0,80.0,0.0,0.0,0.0,0,0.0,0.0,0
0,0.0,0.0,0.0,0.0,0.0,65.0,55.0,55.0,55.0,0.0,60.0,80.0,0.0,0.0,0.0,0,0.0,0.0,0
0,0.0,0.0,1.0,0.0,0.0,63.0,60.0,62.0,60.0,0.0,52.0,86.0,0.0,0.0,0.0,0,0.0,0.0,0
0,0.0,0.0,87.0,0.0,3.0,90.0,56.0,57.0,58.0,0.0,87.0,93.0,0.0,0.0,0.0,0,0.0,0.0,0
0,0.0,0.0,51.0,0.0,1.0,78.0,41.0,44.0,42.0,0.0,86.0,87.0,0.0,0.0,0.0,0,0.0,0.0,0
0,0.0,0.0,2.0,0.0,0.0,70.0,56.0,54.0,57.0,0.0,70.0,85.0,0.0,0.0,0.0,0,0.0,0.0,0
0,0.0,0.0,14.0,0.0,0.0,62.0,82.0,82.0,82.0,0.0,41.0,80.0,0.0,0.0,0.0,0,0.0,0.0,0
0,0.0,0.0,57.0,0.0,2.0,88.0,58.0,56.0,55.0,0.0,83.0,92.0,0.0,0.0,0.0,0,0.0,0.0,0
0,0.0,0.0,77.0,0.0,2.0,74.0,33.0,37.0,36.0,0.0,87.0,85.0,0.0,0.0,0.0,0,0.0,0.0,0
0,0.0,0.0,0.0,0.0,0.0,64.0,57.0,54.0,59.0,0.0,54.0,84.0,0.0,0.0,0.0,0,0.0,0.0,0
0,0.0,0.0,76.0,0.0,2.0,87.0,49.0,49.0,52.0,0.0,92.0,87.0,0.0,0.0,0.0,0,0.0,0.0,0
0,0.0,0.0,54.0,0.0,1.0,77.0,52.0,52.0,56.0,0.0,75.0,87.0,0.0,0.0,0.0,0,0.0,0.0,0
0,0.0,0.0,8.0,0.0,0.0,69.0,60.0,59.0,56.0,0.0,62.0,88.0,0.0,0.0,0.0,0,0.0,0.0,0
0,0.0,0.0,99.0,0.0,3.0,96.0,74.0,73.0,73.0,0.0,89.0,94.0,0.0,0.0,0.0,0,0.0,0.0,0
0,0.0,0.0,0.0,0.0,0.0,77.0,55.0,59.0,58.0,0.0,74.0,87.0,0.0,0.0,0.0,0,0.0,0.0,0
0,0.0,0.0,0.0,0.0,0.0,59.0,50.0,49.0,46.0,0.0,54.0,76.0,0.0,0.0,0.0,0,0.0,0.0,0
0,0.0,0.0,96.0,0.0,3.0,86.0,62.0,61.0,60.0,0.0,88.0,87.0,0.0,0.0,0.0,0,0.0,0.0,0
0,0.0,0.0,14.0,0.0,0.0,83.0,56.0,55.0,59.0,0.0,77.0,94.0,0.0,0.0,0.0,0,0.0,0.0,0
0,0.0,0.0,0.0,0.0,0.0,69.0,50.0,55.0,50.0,0.0,69.0,82.0,0.0,0.0,0.0,0,0.0,0.0,0
0,0.0,0.0,0.0,0.0,0.0,83.0,44.0,40.0,40.0,52.0,90.0,89.0,0.0,0.0,0.0,0,0.0,0.0,0
0,0.0,0.0,40.0,0.0,0.0,80.0,73.0,75.0,73.0,59.0,73.0,89.0,0.0,0.0,0.0,0,0.0,0.0,0
0,0.0,0.0,0.0,0.0,0.0,65.0,44.0,42.0,45.0,63.0,64.0,86.0,0.0,0.0,0.0,0,0.0,0.0,0
0,0.0,0.0,92.0,0.0,4.0,92.0,94.0,95.0,95.0,55.0,78.0,97.0,0.0,0.0,0.0,0,0.0,0.0,0
0,0.0,0.0,68.0,0.0,2.0,77.0,54.0,55.0,54.0,62.0,72.0,87.0,0.0,0.0,0.0,0,0.0,0.0,0
0,0.0,0.0,16.0,0.0,0.0,66.0,50.0,47.0,52.0,45.0,80.0,73.0,0.0,0.0,0.0,0,0.0,0.0,0
0,0.0,0.0,16.0,0.0,0.0,80.0,69.0,68.0,65.0,57.0,74.0,92.0,0.0,0.0,0.0,0,0.0,0.0,0
0,0.0,0.0,0.0,0.0,0.0,76.0,69.0,73.0,70.0,55.0,72.0,86.0,0.0,0.0,0.0,0,0.0,0.0,0
0,0.0,0.0,23.0,0.0,1.0,68.0,48.0,52.0,51.0,62.0,56.0,93.0,0.0,0.0,0.0,0,0.0,0.0,0
0,0.0,0.0,19.0,0.0,0.0,79.0,68.0,72.0,68.0,59.0,67.0,92.0,0.0,0.0,0.0,0,0.0,0.0,0
0,0.0,0.0,0.0,0.0,0.0,77.0,52.0,53.0,56.0,58.0,76.0,86.0,0.0,0.0,0.0,0,0.0,0.0,0
0,0.0,0.0,0.0,0.0,0.0,71.0,45.0,40.0,48.0,53.0,75.0,84.0,0.0,0.0,0.0,0,0.0,0.0,0
0,0.0,0.0,0.0,0.0,0.0,88.0,65.0,64.0,66.0,54.0,86.0,89.0,0.0,0.0,0.0,0,0.0,0.0,0
0,0.0,0.0,9.0,0.0,0.0,72.0,52.0,55.0,52.0,61.0,70.0,87.0,0.0,0.0,0.0,0,0.0,0.0,0
0,0.0,0.0,0.0,0.0,0.0,72.0,75.0,72.0,70.0,48.0,54.0,83.0,0.0,0.0,0.0,0,0.0,0.0,0
0,0.0,0.0,0.0,0.0,0.0,82.0,59.0,60.0,59.0,51.0,76.0,90.0,0.0,0.0,0.0,0,0.0,0.0,0
0,0.0,0.0,23.0,0.0,0.0,82.0,59.0,60.0,59.0,51.0,76.0,90.0,0.0,0.0,0.0,0,0.0,0.0,0
0,0.0,0.0,0.0,0.0,0.0,76.0,55.0,54.0,55.0,62.0,74.0,88.0,0.0,0.0,0.0,0,0.0,0.0,0
0,0.0,0.0,40.0,0.0,0.0,71.0,55.0,61.0,63.0,54.0,59.0,91.0,0.0,0.0,0.0,0,0.0,0.0,0
0,0.0,0.0,107.0,0.0,3.0,84.0,58.0,58.0,60.0,65.0,77.0,95.0,0.0,0.0,0.0,0,0.0,0.0,0
0,0.0,0.0,0.0,0.0,0.0,82.0,51.0,55.0,64.0,63.0,84.0,89.0,0.0,0.0,0.0,0,0.0,0.0,0
0,0.0,0.0,0.0,0.0,0.0,61.0,48.0,55.0,50.0,52.0,50.0,85.0,0.0,0.0,0.0,0,0.0,0.0,0
0,0.0,0.0,51.0,0.0,1.0,83.0,47.0,48.0,47.0,64.0,88.0,89.0,0.0,0.0,0.0,0,0.0,0.0,0
0,0.0,0.0,8.0,0.0,0.0,74.0,62.0,65.0,64.0,57.0,65.0,87.0,0.0,0.0,0.0,0,0.0,0.0,0
0,0.0,0.0,0.0,0.0,0.0,65.0,68.0,70.0,69.0,59.0,54.0,85.0,0.0,0.0,0.0,0,0.0,0.0,0
0,0.0,0.0,0.0,0.0,0.0,65.0,68.0,70.0,69.0,59.0,54.0,85.0,0.0,0.0,0.0,0,0.0,0.0,0
0,0.0,0.0,105.0,0.0,4.0,84.0,45.0,45.0,47.0,66.0,88.0,95.0,0.0,0.0,0.0,0,0.0,0.0,0
0,0.0,0.0,0.0,0.0,0.0,74.0,60.0,67.0,61.0,65.0,66.0,91.0,0.0,0.0,0.0,0,0.0,0.0,0
0,0.0,0.0,0.0,0.0,0.0,70.0,57.0,60.0,54.0,59.0,64.0,88.0,0.0,0.0,0.0,0,0.0,0.0,0
0,0.0,0.0,77.0,0.0,1.0,87.0,70.0,74.0,71.0,53.0,83.0,89.0,0.0,0.0,0.0,0,0.0,0.0,0
0,0.0,0.0,14.0,0.0,0.0,70.0,44.0,44.0,44.0,53.0,76.0,85.0,0.0,0.0,0.0,0,0.0,0.0,0
0,0.0,0.0,1.0,0.0,0.0,69.0,64.0,67.0,64.0,59.0,58.0,85.0,0.0,0.0,0.0,0,0.0,0.0,0
0,0.0,0.0,31.0,0.0,0.0,82.0,60.0,58.0,62.0,58.0,77.0,91.0,0.0,0.0,0.0,0,0.0,0.0,0
0,0.0,0.0,0.0,0.0,1.0,81.0,65.0,65.0,64.0,47.0,83.0,81.0,0.0,0.0,0.0,0,0.0,0.0,0
0,0.0,0.0,7.0,0.0,0.0,71.0,55.0,58.0,54.0,58.0,61.0,86.0,0.0,0.0,0.0,0,0.0,0.0,0
0,0.0,0.0,97.0,0.0,2.0,80.0,44.0,46.0,40.0,57.0,90.0,90.0,0.0,0.0,0.0,0,0.0,0.0,0
0,0.0,0.0,16.0,0.0,0.0,78.0,74.0,74.0,72.0,64.0,70.0,90.0,0.0,0.0,0.0,0,0.0,0.0,0
0,0.0,0.0,69.0,0.0,1.0,76.0,60.0,63.0,60.0,57.0,77.0,89.0,0.0,0.0,0.0,0,0.0,0.0,0
0,0.0,0.0,0.0,0.0,0.0,75.0,41.0,40.0,46.0,58.0,84.0,84.0,0.0,0.0,0.0,0,0.0,0.0,0
0,0.0,0.0,5.0,0.0,0.0,75.0,41.0,40.0,46.0,58.0,84.0,84.0,0.0,0.0,0.0,0,0.0,0.0,0
0,0.0,0.0,16.0,0.0,0.0,75.0,41.0,40.0,46.0,58.0,84.0,84.0,0.0,0.0,0.0,0,0.0,0.0,0
0,0.0,0.0,19.0,0.0,0.0,75.0,64.0,65.0,65.0,50.0,73.0,82.0,0.0,0.0,0.0,0,0.0,0.0,0
0,0.0,0.0,77.0,0.0,2.0,71.0,33.0,37.0,36.0,50.0,87.0,85.0,0.0,0.0,0.0,0,0.0,0.0,0
0,0.0,0.0,0.0,0.0,0.0,71.0,40.0,42.0,47.0,55.0,75.0,93.0,0.0,0.0,0.0,0,0.0,0.0,0
0,0.0,0.0,66.0,0.0,0.0,71.0,40.0,42.0,47.0,55.0,75.0,93.0,0.0,0.0,0.0,0,0.0,0.0,0
0,0.0,0.0,60.0,0.0,1.0,70.0,76.0,77.0,73.0,60.0,60.0,85.0,0.0,0.0,0.0,0,0.0,0.0,0
0,0.0,0.0,1.0,0.0,0.0,69.0,60.0,62.0,62.0,53.0,66.0,77.0,0.0,0.0,0.0,0,0.0,0.0,0
0,0.0,0.0,6.0,0.0,0.0,69.0,57.0,63.0,57.0,48.0,60.0,82.0,0.0,0.0,0.0,0,0.0,0.0,0
0,0.0,0.0,9.0,0.0,0.0,68.0,42.0,46.0,47.0,53.0,65.0,86.0,0.0,0.0,0.0,0,0.0,0.0,0
0,0.0,0.0,4.0,0.0,0.0,67.0,56.0,55.0,51.0,57.0,68.0,82.0,0.0,0.0,0.0,0,0.0,0.0,0
0,0.0,0.0,0.0,0.0,0.0,67.0,51.0,49.0,53.0,53.0,69.0,83.0,0.0,0.0,0.0,0,0.0,0.0,0
0,0.0,0.0,0.0,0.0,0.0,66.0,55.0,65.0,55.0,52.0,58.0,85.0,0.0,0.0,0.0,0,0.0,0.0,0
0,0.0,0.0,0.0,0.0,0.0,65.0,48.0,47.0,49.0,55.0,67.0,82.0,0.0,0.0,0.0,0,0.0,0.0,0
0,0.0,0.0,1.0,0.0,0.0,63.0,46.0,48.0,49.0,51.0,69.0,77.0,0.0,0.0,0.0,0,0.0,0.0,0
0,0.0,0.0,0.0,0.0,0.0,63.0,66.0,70.0,70.0,52.0,48.0,85.0,0.0,0.0,0.0,0,0.0,0.0,0
0,0.0,0.0,158.0,3.0,11.0,93.0,53.0,56.0,59.0,60.0,97.0,97.0,0.0,0.0,0.0,0,0.0,0.0,0
0,0.0,0.0,166.0,4.0,10.0,80.0,66.0,69.0,65.0,54.0,70.0,91.0,0.0,0.0,0.0,0,0.0,0.0,0
0,0.0,0.0,1.0,0.0,0.0,72.0,54.0,56.0,55.0,58.0,65.0,87.0,0.0,0.0,0.0,0,0.0,0.0,0
0,0.0,0.0,6.0,0.0,0.0,66.0,52.0,55.0,60.0,60.0,62.0,85.0,0.0,0.0,0.0,0,0.0,0.0,0
0,0.0,0.0,45.0,0.0,0.0,87.0,65.0,65.0,66.0,60.0,83.0,95.0,0.0,0.0,0.0,0,0.0,0.0,0
0,0.0,0.0,43.0,0.0,0.0,72.0,49.0,48.0,56.0,60.0,75.0,88.0,0.0,0.0,0.0,0,0.0,0.0,0
0,0.0,0.0,1.0,0.0,0.0,71.0,58.0,57.0,55.0,63.0,68.0,87.0,0.0,0.0,0.0,0,0.0,0.0,0
0,0.0,0.0,176.0,7.0,14.0,99.0,57.0,56.0,56.0,66.0,99.0,95.0,0.0,0.0,0.0,0,0.0,0.0,0
0,0.0,0.0,5.0,0.0,0.0,65.0,58.0,61.0,60.0,50.0,62.0,81.0,0.0,0.0,0.0,0,0.0,0.0,0
0,0.0,0.0,0.0,0.0,0.0,65.0,45.0,48.0,48.0,49.0,66.0,83.0,0.0,0.0,0.0,0,0.0,0.0,0
0,0.0,0.0,33.0,0.0,0.0,86.0,48.0,52.0,54.0,68.0,82.0,97.0,0.0,0.0,0.0,0,0.0,0.0,0
0,0.0,0.0,62.0,0.0,1.0,79.0,70.0,70.0,69.0,64.0,72.0,88.0,0.0,0.0,0.0,0,0.0,0.0,0
0,0.0,0.0,0.0,0.0,0.0,68.0,71.0,70.0,69.0,59.0,62.0,84.0,0.0,0.0,0.0,0,0.0,0.0,0
0,0.0,0.0,94.0,0.0,2.0,91.0,52.0,52.0,55.0,52.0,95.0,88.0,0.0,0.0,0.0,0,0.0,0.0,0
0,0.0,0.0,32.0,0.0,0.0,73.0,50.0,48.0,51.0,54.0,79.0,86.0,0.0,0.0,0.0,0,0.0,0.0,0
0,0.0,0.0,11.0,0.0,0.0,73.0,50.0,48.0,51.0,54.0,79.0,86.0,0.0,0.0,0.0,0,0.0,0.0,0
0,0.0,0.0,0.0,0.0,0.0,65.0,53.0,54.0,56.0,55.0,67.0,77.0,0.0,0.0,0.0,0,0.0,0.0,0
0,0.0,0.0,7.0,0.0,0.0,78.0,54.0,56.0,60.0,59.0,76.0,87.0,0.0,0.0,0.0,0,0.0,0.0,0
0,0.0,0.0,57.0,0.0,1.0,78.0,52.0,54.0,52.0,56.0,81.0,87.0,0.0,0.0,0.0,0,0.0,0.0,0
0,0.0,0.0,13.0,0.0,0.0,68.0,57.0,60.0,57.0,52.0,65.0,87.0,0.0,0.0,0.0,0,0.0,0.0,0
0,0.0,0.0,86.0,0.0,3.0,98.0,80.0,82.0,75.0,70.0,87.0,98.0,0.0,0.0,0.0,0,0.0,0.0,0
0,0.0,0.0,76.0,0.0,2.0,80.0,49.0,48.0,46.0,55.0,85.0,84.0,0.0,0.0,0.0,0,0.0,0.0,0
0,0.0,0.0,0.0,0.0,0.0,66.0,55.0,49.0,55.0,51.0,60.0,79.0,0.0,0.0,0.0,0,0.0,0.0,0
0,0.0,0.0,184.0,3.0,15.0,97.0,58.0,62.0,63.0,63.0,98.0,92.0,0.0,0.0,0.0,0,0.0,0.0,0
0,0.0,0.0,0.0,0.0,0.0,78.0,62.0,70.0,63.0,69.0,68.0,94.0,0.0,0.0,0.0,0,0.0,0.0,0
0,0.0,0.0,53.0,0.0,1.0,76.0,65.0,63.0,65.0,44.0,83.0,78.0,0.0,0.0,0.0,0,0.0,0.0,0
0,0.0,0.0,66.0,0.0,0.0,87.0,73.0,74.0,77.0,67.0,75.0,93.0,0.0,0.0,0.0,0,0.0,0.0,0
0,0.0,0.0,0.0,0.0,0.0,74.0,49.0,47.0,53.0,57.0,70.0,90.0,0.0,0.0,0.0,0,0.0,0.0,0
0,0.0,0.0,0.0,0.0,0.0,69.0,80.0,82.0,85.0,52.0,45.0,90.0,0.0,0.0,0.0,0,0.0,0.0,0
0,0.0,0.0,121.0,0.0,4.0,82.0,58.0,64.0,52.0,58.0,76.0,92.0,0.0,0.0,0.0,0,0.0,0.0,0
0,0.0,0.0,1.0,0.0,0.0,72.0,54.0,52.0,49.0,58.0,74.0,86.0,0.0,0.0,0.0,0,0.0,0.0,0
0,0.0,0.0,0.0,0.0,0.0,69.0,50.0,55.0,50.0,49.0,69.0,82.0,0.0,0.0,0.0,0,0.0,0.0,0
0,0.0,0.0,55.0,0.0,0.0,89.0,55.0,52.0,62.0,57.0,89.0,86.0,0.0,0.0,0.0,0,0.0,0.0,0
0,0.0,0.0,0.0,0.0,0.0,77.0,63.0,63.0,65.0,49.0,82.0,82.0,0.0,0.0,0.0,0,0.0,0.0,0
0,0.0,0.0,6.0,0.0,0.0,71.0,65.0,66.0,65.0,55.0,60.0,81.0,0.0,0.0,0.0,0,0.0,0.0,0
0,0.0,0.0,83.0,0.0,2.0,84.0,50.0,58.0,51.0,66.0,84.0,95.0,0.0,0.0,0.0,0,0.0,0.0,0
0,0.0,0.0,1.0,0.0,0.0,78.0,70.0,72.0,70.0,62.0,72.0,85.0,0.0,0.0,0.0,0,0.0,0.0,0
0,0.0,0.0,1.0,0.0,0.0,73.0,54.0,57.0,58.0,60.0,63.0,92.0,0.0,0.0,0.0,0,0.0,0.0,0
0,0.0,0.0,107.0,0.0,6.0,97.0,81.0,83.0,74.0,65.0,88.0,96.0,0.0,0.0,0.0,0,0.0,0.0,0
0,0.0,0.0,6.0,0.0,0.0,80.0,75.0,76.0,73.0,59.0,74.0,87.0,0.0,0.0,0.0,0,0.0,0.0,0
0,0.0,0.0,4.0,0.0,0.0,73.0,52.0,55.0,56.0,47.0,80.0,79.0,0.0,0.0,0.0,0,0.0,0.0,0
0,0.0,0.0,0.0,0.0,0.0,88.0,70.0,75.0,66.0,67.0,80.0,93.0,0.0,0.0,0.0,0,0.0,0.0,0
0,0.0,0.0,24.0,0.0,0.0,79.0,49.0,55.0,49.0,58.0,80.0,87.0,0.0,0.0,0.0,0,0.0,0.0,0
0,0.0,0.0,34.0,0.0,0.0,77.0,45.0,46.0,50.0,58.0,82.0,85.0,0.0,0.0,0.0,0,0.0,0.0,0
0,0.0,0.0,0.0,0.0,0.0,63.0,46.0,50.0,49.0,50.0,62.0,82.0,0.0,0.0,0.0,0,0.0,0.0,0
0,0.0,0.0,167.0,1.0,13.0,89.0,58.0,62.0,60.0,58.0,88.0,88.0,0.0,0.0,0.0,0,0.0,0.0,0
0,0.0,0.0,149.0,0.0,8.0,80.0,52.0,50.0,48.0,59.0,74.0,86.0,0.0,0.0,0.0,0,0.0,0.0,0
0,0.0,0.0,0.0,0.0,0.0,61.0,64.0,60.0,66.0,54.0,55.0,80.0,0.0,0.0,0.0,0,0.0,0.0,0
0,0.0,0.0,98.0,0.0,3.0,82.0,73.0,76.0,75.0,55.0,72.0,86.0,0.0,0.0,0.0,0,0.0,0.0,0
0,0.0,0.0,11.0,0.0,3.0,82.0,73.0,76.0,75.0,55.0,72.0,86.0,0.0,0.0,0.0,0,0.0,0.0,0
0,0.0,0.0,12.0,0.0,0.0,79.0,52.0,57.0,57.0,53.0,78.0,88.0,0.0,0.0,0.0,0,0.0,0.0,0
0,0.0,0.0,2.0,0.0,0.0,71.0,50.0,52.0,50.0,45.0,76.0,82.0,0.0,0.0,0.0,0,0.0,0.0,0
0,0.0,0.0,87.0,0.0,3.0,89.0,61.0,62.0,60.0,59.0,87.0,92.0,0.0,0.0,0.0,0,0.0,0.0,0
0,0.0,0.0,0.0,0.0,0.0,72.0,56.0,61.0,59.0,55.0,65.0,84.0,0.0,0.0,0.0,0,0.0,0.0,0
0,0.0,0.0,14.0,0.0,0.0,67.0,83.0,84.0,85.0,50.0,55.0,80.0,0.0,0.0,0.0,0,0.0,0.0,0
0,0.0,0.0,57.0,0.0,2.0,88.0,59.0,56.0,57.0,52.0,87.0,91.0,0.0,0.0,0.0,0,0.0,0.0,0
0,0.0,0.0,0.0,0.0,0.0,68.0,50.0,49.0,45.0,53.0,74.0,83.0,0.0,0.0,0.0,0,0.0,0.0,0
0,0.0,0.0,0.0,0.0,0.0,64.0,57.0,54.0,59.0,51.0,54.0,84.0,0.0,0.0,0.0,0,0.0,0.0,0
0,0.0,0.0,54.0,0.0,1.0,85.0,58.0,58.0,59.0,58.0,83.0,88.0,0.0,0.0,0.0,0,0.0,0.0,0
0,0.0,0.0,8.0,0.0,0.0,76.0,60.0,59.0,56.0,51.0,71.0,89.0,0.0,0.0,0.0,0,0.0,0.0,0
0,0.0,0.0,8.0,0.0,0.0,72.0,63.0,64.0,60.0,54.0,66.0,88.0,0.0,0.0,0.0,0,0.0,0.0,0
0,0.0,0.0,99.0,0.0,3.0,90.0,70.0,71.0,68.0,70.0,87.0,94.0,0.0,0.0,0.0,0,0.0,0.0,0
0,0.0,0.0,0.0,0.0,0.0,84.0,55.0,59.0,58.0,56.0,82.0,92.0,0.0,0.0,0.0,0,0.0,0.0,0
0,0.0,0.0,0.0,0.0,0.0,61.0,68.0,73.0,70.0,62.0,44.0,86.0,0.0,0.0,0.0,0,0.0,0.0,0
0,0.0,0.0,14.0,0.0,0.0,83.0,56.0,55.0,59.0,61.0,77.0,94.0,0.0,0.0,0.0,0,0.0,0.0,0
0,0.0,0.0,96.0,0.0,3.0,80.0,64.0,65.0,63.0,54.0,84.0,84.0,0.0,0.0,0.0,0,0.0,0.0,0
0,0.0,0.0,48.0,0.0,0.0,78.0,70.0,67.0,69.0,58.0,65.0,89.0,0.0,0.0,0.0,0,0.0,0.0,0
0,0.0,0.0,0.0,0.0,0.0,85.0,46.0,44.0,44.0,54.0,88.0,88.0,0.0,0.0,0.0,0,0.0,0.0,0
0,0.0,0.0,12.0,0.0,0.0,85.0,60.0,65.0,65.0,61.0,78.0,87.0,0.0,0.0,0.0,0,0.0,0.0,0
0,0.0,0.0,0.0,0.0,0.0,69.0,52.0,54.0,54.0,50.0,65.0,83.0,0.0,0.0,0.0,0,0.0,0.0,0
0,0.0,0.0,146.0,1.0,4.0,83.0,63.0,62.0,64.0,62.0,72.0,93.0,0.0,0.0,0.0,0,0.0,0.0,0
0,0.0,0.0,9.0,0.0,0.0,82.0,56.0,58.0,49.0,53.0,78.0,87.0,0.0,0.0,0.0,0,0.0,0.0,0
0,0.0,0.0,31.0,0.0,0.0,79.0,62.0,60.0,63.0,56.0,72.0,88.0,0.0,0.0,0.0,0,0.0,0.0,0
0,0.0,0.0,96.0,0.0,0.0,79.0,66.0,60.0,60.0,78.0,60.0,97.0,0.0,0.0,0.0,0,0.0,0.0,0
0,0.0,0.0,16.0,0.0,0.0,78.0,69.0,68.0,66.0,55.0,69.0,92.0,0.0,0.0,0.0,0,0.0,0.0,0
0,0.0,0.0,0.0,0.0,0.0,73.0,81.0,86.0,88.0,60.0,58.0,89.0,0.0,0.0,0.0,0,0.0,0.0,0
0,0.0,0.0,6.0,0.0,0.0,73.0,81.0,86.0,88.0,60.0,58.0,89.0,0.0,0.0,0.0,0,0.0,0.0,0
0,0.0,0.0,19.0,0.0,0.0,79.0,70.0,70.0,70.0,56.0,64.0,94.0,0.0,0.0,0.0,0,0.0,0.0,0
0,0.0,0.0,16.0,0.0,0.0,79.0,63.0,68.0,63.0,61.0,65.0,90.0,0.0,0.0,0.0,0,0.0,0.0,0
0,0.0,0.0,0.0,0.0,0.0,85.0,63.0,63.0,64.0,52.0,82.0,88.0,0.0,0.0,0.0,0,0.0,0.0,0
0,0.0,0.0,0.0,0.0,0.0,79.0,69.0,69.0,70.0,51.0,69.0,88.0,0.0,0.0,0.0,0,0.0,0.0,0
0,0.0,0.0,0.0,0.0,0.0,79.0,57.0,60.0,59.0,51.0,66.0,95.0,0.0,0.0,0.0,0,0.0,0.0,0
0,0.0,0.0,23.0,0.0,0.0,79.0,57.0,60.0,59.0,51.0,66.0,95.0,0.0,0.0,0.0,0,0.0,0.0,0
0,0.0,0.0,40.0,0.0,0.0,76.0,59.0,63.0,60.0,54.0,72.0,85.0,0.0,0.0,0.0,0,0.0,0.0,0
0,0.0,0.0,107.0,0.0,3.0,96.0,54.0,56.0,55.0,63.0,93.0,97.0,0.0,0.0,0.0,0,0.0,0.0,0
0,0.0,0.0,78.0,0.0,0.0,75.0,60.0,62.0,62.0,54.0,66.0,86.0,0.0,0.0,0.0,0,0.0,0.0,0
0,0.0,0.0,0.0,0.0,0.0,70.0,65.0,68.0,67.0,67.0,59.0,83.0,0.0,0.0,0.0,0,0.0,0.0,0
0,0.0,0.0,23.0,0.0,1.0,87.0,58.0,58.0,58.0,65.0,77.0,96.0,0.0,0.0,0.0,0,0.0,0.0,0
0,0.0,0.0,2.0,0.0,0.0,82.0,71.0,75.0,74.0,66.0,69.0,89.0,0.0,0.0,0.0,0,0.0,0.0,0
0,0.0,0.0,2.0,0.0,0.0,71.0,50.0,52.0,50.0,45.0,69.0,81.0,0.0,0.0,0.0,0,0.0,0.0,0
0,0.0,0.0,0.0,0.0,0.0,94.0,78.0,82.0,82.0,59.0,80.0,90.0,0.0,0.0,0.0,0,0.0,0.0,0
0,0.0,0.0,76.0,0.0,2.0,78.0,46.0,47.0,44.0,52.0,84.0,84.0,0.0,0.0,0.0,0,0.0,0.0,0
0,0.0,0.0,86.0,0.0,1.0,86.0,74.0,74.0,70.0,70.0,70.0,95.0,0.0,0.0,0.0,0,0.0,0.0,0
0,0.0,0.0,14.0,0.0,0.0,79.0,55.0,54.0,57.0,59.0,75.0,92.0,0.0,0.0,0.0,0,0.0,0.0,0
0,0.0,0.0,0.0,0.0,0.0,84.0,60.0,60.0,60.0,56.0,78.0,89.0,0.0,0.0,0.0,0,0.0,0.0,0
0,0.0,0.0,10.0,0.0,0.0,77.0,66.0,76.0,72.0,65.0,61.0,90.0,0.0,0.0,0.0,0,0.0,0.0,0
0,0.0,0.0,7.0,0.0,0.0,73.0,55.0,58.0,54.0,58.0,65.0,86.0,0.0,0.0,0.0,0,0.0,0.0,0
0,0.0,0.0,86.0,0.0,3.0,80.0,65.0,65.0,68.0,73.0,70.0,94.0,0.0,0.0,0.0,0,0.0,0.0,0
0,0.0,0.0,12.0,0.0,0.0,78.0,52.0,55.0,56.0,47.0,74.0,86.0,0.0,0.0,0.0,0,0.0,0.0,0
0,0.0,0.0,8.0,0.0,0.0,77.0,63.0,62.0,62.0,54.0,70.0,88.0,0.0,0.0,0.0,0,0.0,0.0,0
0,0.0,0.0,66.0,0.0,0.0,76.0,72.0,70.0,75.0,62.0,62.0,92.0,0.0,0.0,0.0,0,0.0,0.0,0
0,0.0,0.0,1.0,0.0,0.0,76.0,60.0,62.0,60.0,58.0,68.0,88.0,0.0,0.0,0.0,0,0.0,0.0,0
0,0.0,0.0,33.0,0.0,0.0,75.0,54.0,52.0,50.0,70.0,65.0,95.0,0.0,0.0,0.0,0,0.0,0.0,0
0,0.0,0.0,0.0,0.0,0.0,75.0,69.0,73.0,70.0,55.0,70.0,86.0,0.0,0.0,0.0,0,0.0,0.0,0
0,0.0,0.0,8.0,0.0,0.0,74.0,70.0,72.0,70.0,49.0,60.0,86.0,0.0,0.0,0.0,0,0.0,0.0,0
0,0.0,0.0,6.0,0.0,0.0,73.0,65.0,66.0,68.0,55.0,65.0,81.0,0.0,0.0,0.0,0,0.0,0.0,0
0,0.0,0.0,7.0,0.0,0.0,73.0,62.0,64.0,61.0,62.0,62.0,81.0,0.0,0.0,0.0,0,0.0,0.0,0
0,0.0,0.0,0.0,0.0,0.0,72.0,64.0,64.0,63.0,65.0,62.0,88.0,0.0,0.0,0.0,0,0.0,0.0,0
0,0.0,0.0,1.0,0.0,0.0,72.0,71.0,73.0,71.0,63.0,64.0,84.0,0.0,0.0,0.0,0,0.0,0.0,0
0,0.0,0.0,0.0,0.0,0.0,70.0,60.0,60.0,60.0,62.0,52.0,91.0,0.0,0.0,0.0,0,0.0,0.0,0
0,0.0,0.0,0.0,0.0,0.0,69.0,79.0,83.0,82.0,58.0,48.0,88.0,0.0,0.0,0.0,0,0.0,0.0,0
0,0.0,0.0,0.0,0.0,0.0,69.0,71.0,72.0,70.0,55.0,56.0,85.0,0.0,0.0,0.0,0,0.0,0.0,0
0,0.0,0.0,0.0,0.0,0.0,69.0,65.0,65.0,66.0,60.0,48.0,88.0,0.0,0.0,0.0,0,0.0,0.0,0
0,0.0,0.0,0.0,0.0,0.0,68.0,83.0,86.0,87.0,58.0,42.0,89.0,0.0,0.0,0.0,0,0.0,0.0,0
0,0.0,0.0,0.0,0.0,0.0,68.0,65.0,66.0,66.0,65.0,54.0,87.0,0.0,0.0,0.0,0,0.0,0.0,0
0,0.0,0.0,0.0,0.0,0.0,66.0,85.0,84.0,85.0,60.0,40.0,90.0,0.0,0.0,0.0,0,0.0,0.0,0
0,0.0,0.0,166.0,4.0,10.0,83.0,66.0,69.0,66.0,54.0,72.0,90.0,0.0,0.0,0.0,0,0.0,0.0,0
0,0.0,0.0,0.0,0.0,0.0,80.0,64.0,64.0,64.0,63.0,65.0,91.0,0.0,0.0,0.0,0,0.0,0.0,0
0,0.0,0.0,8.0,0.0,0.0,72.0,75.0,78.0,76.0,64.0,58.0,86.0,0.0,0.0,0.0,0,0.0,0.0,0
0,0.0,0.0,68.0,0.0,2.0,85.0,62.0,64.0,62.0,64.0,78.0,88.0,0.0,0.0,0.0,0,0.0,0.0,0
0,0.0,0.0,13.0,0.0,0.0,79.0,60.0,63.0,60.0,54.0,74.0,87.0,0.0,0.0,0.0,0,0.0,0.0,0
0,0.0,0.0,0.0,0.0,0.0,76.0,71.0,70.0,69.0,59.0,66.0,90.0,0.0,0.0,0.0,0,0.0,0.0,0
0,0.0,0.0,176.0,7.0,14.0,99.0,59.0,55.0,54.0,64.0,100.0,96.0,0.0,0.0,0.0,0,0.0,0.0,0
0,0.0,0.0,5.0,0.0,0.0,73.0,62.0,64.0,62.0,52.0,68.0,84.0,0.0,0.0,0.0,0,0.0,0.0,0
0,0.0,0.0,62.0,0.0,1.0,92.0,77.0,78.0,74.0,68.0,77.0,93.0,0.0,0.0,0.0,0,0.0,0.0,0
0,0.0,0.0,0.0,0.0,0.0,77.0,65.0,66.0,66.0,54.0,70.0,84.0,0.0,0.0,0.0,0,0.0,0.0,0
0,0.0,0.0,2.0,0.0,0.0,78.0,55.0,66.0,55.0,53.0,66.0,93.0,0.0,0.0,0.0,0,0.0,0.0,0
0,0.0,0.0,0.0,0.0,0.0,78.0,57.0,59.0,56.0,55.0,75.0,86.0,0.0,0.0,0.0,0,0.0,0.0,0
0,0.0,0.0,10.0,0.0,0.0,74.0,79.0,80.0,82.0,64.0,58.0,85.0,0.0,0.0,0.0,0,0.0,0.0,0
0,0.0,0.0,40.0,0.0,0.0,79.0,79.0,79.0,75.0,59.0,65.0,87.0,0.0,0.0,0.0,0,0.0,0.0,0
0,0.0,0.0,0.0,0.0,0.0,78.0,64.0,70.0,66.0,58.0,64.0,89.0,0.0,0.0,0.0,0,0.0,0.0,0
0,0.0,0.0,4.0,0.0,0.0,78.0,64.0,70.0,66.0,58.0,64.0,89.0,0.0,0.0,0.0,0,0.0,0.0,0
0,0.0,0.0,26.0,0.0,0.0,77.0,60.0,58.0,58.0,64.0,63.0,95.0,0.0,0.0,0.0,0,0.0,0.0,0
0,0.0,0.0,22.0,0.0,0.0,79.0,86.0,85.0,85.0,62.0,58.0,94.0,0.0,0.0,0.0,0,0.0,0.0,0
0,0.0,0.0,57.0,0.0,1.0,77.0,52.0,54.0,52.0,52.0,78.0,86.0,0.0,0.0,0.0,0,0.0,0.0,0
0,0.0,0.0,0.0,0.0,0.0,77.0,58.0,59.0,62.0,62.0,65.0,89.0,0.0,0.0,0.0,0,0.0,0.0,0
0,0.0,0.0,184.0,3.0,15.0,99.0,64.0,64.0,62.0,65.0,100.0,99.0,0.0,0.0,0.0,0,0.0,0.0,0
0,0.0,0.0,47.0,0.0,1.0,76.0,64.0,66.0,67.0,62.0,68.0,86.0,0.0,0.0,0.0,0,0.0,0.0,0
0,0.0,0.0,0.0,0.0,0.0,73.0,77.0,75.0,80.0,68.0,50.0,93.0,0.0,0.0,0.0,0,0.0,0.0,0
0,0.0,0.0,167.0,1.0,13.0,94.0,65.0,66.0,66.0,55.0,88.0,90.0,0.0,0.0,0.0,0,0.0,0.0,0
0,0.0,0.0,96.0,0.0,3.0,77.0,60.0,56.0,60.0,46.0,76.0,85.0,0.0,0.0,0.0,0,0.0,0.0,0
0,0.0,0.0,121.0,0.0,4.0,93.0,61.0,64.0,57.0,56.0,88.0,93.0,0.0,0.0,0.0,0,0.0,0.0,0
0,0.0,0.0,45.0,0.0,0.0,76.0,68.0,72.0,69.0,63.0,60.0,89.0,0.0,0.0,0.0,0,0.0,0.0,0
0,0.0,0.0,0.0,0.0,0.0,71.0,66.0,66.0,69.0,62.0,50.0,93.0,0.0,0.0,0.0,0,0.0,0.0,0
0,0.0,0.0,55.0,0.0,0.0,81.0,55.0,55.0,56.0,49.0,78.0,82.0,0.0,0.0,0.0,0,0.0,0.0,0
0,0.0,0.0,10.0,0.0,0.0,77.0,66.0,68.0,68.0,56.0,62.0,93.0,0.0,0.0,0.0,0,0.0,0.0,0
0,0.0,0.0,0.0,0.0,0.0,74.0,58.0,58.0,56.0,54.0,58.0,92.0,0.0,0.0,0.0,0,0.0,0.0,0
0,0.0,0.0,6.0,0.0,0.0,83.0,72.0,74.0,73.0,78.0,59.0,98.0,0.0,0.0,0.0,0,0.0,0.0,0
0,0.0,0.0,1.0,0.0,0.0,76.0,54.0,57.0,58.0,60.0,62.0,92.0,0.0,0.0,0.0,0,0.0,0.0,0
0,0.0,0.0,107.0,0.0,6.0,92.0,77.0,75.0,78.0,68.0,83.0,95.0,0.0,0.0,0.0,0,0.0,0.0,0
0,0.0,0.0,12.0,0.0,0.0,78.0,66.0,72.0,72.0,60.0,60.0,90.0,0.0,0.0,0.0,0,0.0,0.0,0
0,0.0,0.0,7.0,0.0,0.0,76.0,54.0,56.0,64.0,59.0,70.0,87.0,0.0,0.0,0.0,0,0.0,0.0,0
0,0.0,0.0,131.0,0.0,6.0,95.0,73.0,70.0,70.0,84.0,87.0,95.0,0.0,0.0,0.0,0,0.0,0.0,0
0,0.0,0.0,34.0,0.0,0.0,78.0,50.0,52.0,50.0,55.0,80.0,86.0,0.0,0.0,0.0,0,0.0,0.0,0
0,0.0,0.0,2.0,0.0,0.0,72.0,85.0,84.0,85.0,52.0,50.0,90.0,0.0,0.0,0.0,0,0.0,0.0,0
0,0.0,0.0,149.0,0.0,8.0,90.0,64.0,65.0,55.0,56.0,87.0,87.0,0.0,0.0,0.0,0,0.0,0.0,0
0,0.0,0.0,0.0,0.0,0.0,82.0,55.0,58.0,54.0,50.0,78.0,90.0,0.0,0.0,0.0,0,0.0,0.0,0
0,0.0,0.0,98.0,0.0,3.0,79.0,72.0,72.0,73.0,55.0,67.0,89.0,0.0,0.0,0.0,0,0.0,0.0,0
0,0.0,0.0,11.0,0.0,3.0,79.0,72.0,72.0,73.0,55.0,67.0,89.0,0.0,0.0,0.0,0,0.0,0.0,0
0,0.0,0.0,0.0,0.0,0.0,79.0,64.0,60.0,62.0,51.0,70.0,87.0,0.0,0.0,0.0,0,0.0,0.0,0
0,0.0,0.0,6.0,0.0,0.0,77.0,58.0,58.0,60.0,60.0,68.0,87.0,0.0,0.0,0.0,0,0.0,0.0,0
0,0.0,0.0,87.0,0.0,3.0,91.0,66.0,62.0,64.0,54.0,88.0,88.0,0.0,0.0,0.0,0,0.0,0.0,0
0,0.0,0.0,14.0,0.0,0.0,82.0,85.0,85.0,87.0,52.0,72.0,84.0,0.0,0.0,0.0,0,0.0,0.0,0
0,0.0,0.0,8.0,0.0,0.0,80.0,72.0,71.0,72.0,55.0,70.0,85.0,0.0,0.0,0.0,0,0.0,0.0,0
0,0.0,0.0,57.0,0.0,2.0,89.0,55.0,54.0,54.0,48.0,86.0,90.0,0.0,0.0,0.0,0,0.0,0.0,0
0,0.0,0.0,94.0,0.0,2.0,81.0,48.0,50.0,46.0,52.0,83.0,86.0,0.0,0.0,0.0,0,0.0,0.0,0
0,0.0,0.0,0.0,0.0,1.0,90.0,74.0,72.0,76.0,46.0,88.0,87.0,0.0,0.0,0.0,0,0.0,0.0,0
0,0.0,0.0,54.0,0.0,1.0,77.0,53.0,52.0,54.0,54.0,73.0,87.0,0.0,0.0,0.0,0,0.0,0.0,0
0,0.0,0.0,8.0,0.0,0.0,77.0,78.0,77.0,70.0,56.0,66.0,87.0,0.0,0.0,0.0,0,0.0,0.0,0
0,0.0,0.0,7.0,0.0,0.0,72.0,88.0,84.0,85.0,55.0,42.0,87.0,0.0,0.0,0.0,0,0.0,0.0,0
0,0.0,0.0,33.0,0.0,2.0,88.0,90.0,93.0,92.0,69.0,70.0,93.0,0.0,0.0,0.0,0,0.0,0.0,0
0,0.0,0.0,83.0,0.0,2.0,79.0,47.0,52.0,49.0,66.0,79.0,92.0,0.0,0.0,0.0,0,0.0,0.0,0
0,0.0,0.0,48.0,0.0,0.0,86.0,69.0,67.0,68.0,58.0,77.0,93.0,0.0,0.0,0.0,0,0.0,0.0,0
0,0.0,0.0,32.0,0.0,0.0,85.0,52.0,50.0,51.0,54.0,86.0,86.0,0.0,0.0,0.0,0,0.0,0.0,0
0,0.0,0.0,11.0,0.0,0.0,85.0,52.0,50.0,51.0,54.0,86.0,86.0,0.0,0.0,0.0,0,0.0,0.0,0
0,0.0,0.0,0.0,0.0,0.0,73.0,66.0,62.0,63.0,46.0,55.0,87.0,0.0,0.0,0.0,0,0.0,0.0,0
0,0.0,38.0,0.0,0.0,0.0,94.0,55.0,48.0,0.0,0.0,0.0,0.0,0.0,0.0,0.0,0,0.0,0.0,0
0,0.0,26.0,12.0,0.0,0.0,68.0,55.0,65.0,0.0,0.0,0.0,0.0,0.0,0.0,0.0,0,0.0,0.0,0
0,0.0,29.0,0.0,0.0,0.0,51.0,52.0,54.0,0.0,0.0,0.0,0.0,0.0,0.0,0.0,0,0.0,0.0,0
0,0.0,24.0,146.0,1.0,4.0,85.0,67.0,62.0,0.0,0.0,0.0,0.0,0.0,0.0,0.0,0,0.0,0.0,0
0,0.0,32.0,9.0,0.0,0.0,55.0,56.0,58.0,0.0,0.0,0.0,0.0,0.0,0.0,0.0,0,0.0,0.0,0
0,0.0,26.0,0.0,0.0,0.0,42.0,83.0,86.0,0.0,0.0,0.0,0.0,0.0,0.0,0.0,0,0.0,0.0,0
0,0.0,24.0,96.0,0.0,0.0,81.0,70.0,67.0,0.0,0.0,0.0,0.0,0.0,0.0,0.0,0,0.0,0.0,0
0,0.0,25.0,0.0,0.0,0.0,59.0,82.0,86.0,0.0,0.0,0.0,0.0,0.0,0.0,0.0,0,0.0,0.0,0
0,0.0,25.0,6.0,0.0,0.0,59.0,82.0,86.0,0.0,0.0,0.0,0.0,0.0,0.0,0.0,0,0.0,0.0,0
0,0.0,28.0,0.0,0.0,0.0,48.0,64.0,70.0,0.0,0.0,0.0,0.0,0.0,0.0,0.0,0,0.0,0.0,0
0,0.0,28.0,4.0,0.0,0.0,48.0,64.0,70.0,0.0,0.0,0.0,0.0,0.0,0.0,0.0,0,0.0,0.0,0
0,0.0,25.0,16.0,0.0,0.0,76.0,62.0,68.0,0.0,0.0,0.0,0.0,0.0,0.0,0.0,0,0.0,0.0,0
0,0.0,26.0,78.0,0.0,0.0,65.0,63.0,64.0,0.0,0.0,0.0,0.0,0.0,0.0,0.0,0,0.0,0.0,0
0,0.0,34.0,0.0,0.0,0.0,80.0,64.0,63.0,0.0,0.0,0.0,0.0,0.0,0.0,0.0,0,0.0,0.0,0
0,0.0,30.0,40.0,0.0,0.0,59.0,77.0,79.0,0.0,0.0,0.0,0.0,0.0,0.0,0.0,0,0.0,0.0,0
0,0.0,25.0,0.0,0.0,0.0,55.0,67.0,69.0,0.0,0.0,0.0,0.0,0.0,0.0,0.0,0,0.0,0.0,0
0,0.0,26.0,86.0,0.0,1.0,87.0,70.0,74.0,0.0,0.0,0.0,0.0,0.0,0.0,0.0,0,0.0,0.0,0
0,0.0,24.0,0.0,0.0,0.0,45.0,66.0,66.0,0.0,0.0,0.0,0.0,0.0,0.0,0.0,0,0.0,0.0,0
0,0.0,29.0,107.0,0.0,3.0,88.0,54.0,56.0,0.0,0.0,0.0,0.0,0.0,0.0,0.0,0,0.0,0.0,0
0,0.0,30.0,6.0,0.0,0.0,60.0,58.0,58.0,0.0,0.0,0.0,0.0,0.0,0.0,0.0,0,0.0,0.0,0
0,0.0,25.0,0.0,0.0,0.0,53.0,52.0,54.0,0.0,0.0,0.0,0.0,0.0,0.0,0.0,0,0.0,0.0,0
0,0.0,24.0,2.0,0.0,0.0,71.0,71.0,72.0,0.0,0.0,0.0,0.0,0.0,0.0,0.0,0,0.0,0.0,0
0,0.0,26.0,23.0,0.0,1.0,70.0,54.0,56.0,0.0,0.0,0.0,0.0,0.0,0.0,0.0,0,0.0,0.0,0
0,0.0,24.0,0.0,0.0,0.0,51.0,66.0,66.0,0.0,0.0,0.0,0.0,0.0,0.0,0.0,0,0.0,0.0,0
0,0.0,29.0,0.0,0.0,0.0,87.0,73.0,80.0,0.0,0.0,0.0,0.0,0.0,0.0,0.0,0,0.0,0.0,0
0,0.0,36.0,0.0,0.0,0.0,68.0,55.0,60.0,0.0,0.0,0.0,0.0,0.0,0.0,0.0,0,0.0,0.0,0
0,0.0,23.0,2.0,0.0,0.0,59.0,73.0,77.0,0.0,0.0,0.0,0.0,0.0,0.0,0.0,0,0.0,0.0,0
0,0.0,26.0,40.0,0.0,0.0,74.0,65.0,63.0,0.0,0.0,0.0,0.0,0.0,0.0,0.0,0,0.0,0.0,0
0,0.0,29.0,8.0,0.0,0.0,66.0,63.0,62.0,0.0,0.0,0.0,0.0,0.0,0.0,0.0,0,0.0,0.0,0
0,0.0,24.0,0.0,0.0,0.0,60.0,61.0,65.0,0.0,0.0,0.0,0.0,0.0,0.0,0.0,0,0.0,0.0,0
0,0.0,21.0,126.0,0.0,2.0,79.0,71.0,68.0,0.0,0.0,0.0,0.0,0.0,0.0,0.0,0,0.0,0.0,0
0,0.0,32.0,86.0,0.0,3.0,72.0,70.0,75.0,0.0,0.0,0.0,0.0,0.0,0.0,0.0,0,0.0,0.0,0
0,0.0,25.0,10.0,0.0,0.0,47.0,66.0,76.0,0.0,0.0,0.0,0.0,0.0,0.0,0.0,0,0.0,0.0,0
0,0.0,25.0,166.0,4.0,10.0,86.0,69.0,69.0,0.0,0.0,0.0,0.0,0.0,0.0,0.0,0,0.0,0.0,0
0,0.0,24.0,8.0,0.0,0.0,54.0,75.0,78.0,0.0,0.0,0.0,0.0,0.0,0.0,0.0,0,0.0,0.0,0
0,0.0,23.0,0.0,0.0,0.0,50.0,60.0,64.0,0.0,0.0,0.0,0.0,0.0,0.0,0.0,0,0.0,0.0,0
0,0.0,28.0,68.0,0.0,2.0,77.0,62.0,64.0,0.0,0.0,0.0,0.0,0.0,0.0,0.0,0,0.0,0.0,0
0,0.0,26.0,7.0,0.0,0.0,63.0,63.0,62.0,0.0,0.0,0.0,0.0,0.0,0.0,0.0,0,0.0,0.0,0
0,0.0,24.0,0.0,0.0,0.0,38.0,65.0,65.0,0.0,0.0,0.0,0.0,0.0,0.0,0.0,0,0.0,0.0,0
0,0.0,33.0,176.0,7.0,14.0,99.0,60.0,55.0,0.0,0.0,0.0,0.0,0.0,0.0,0.0,0,0.0,0.0,0
0,0.0,24.0,2.0,0.0,0.0,62.0,65.0,64.0,0.0,0.0,0.0,0.0,0.0,0.0,0.0,0,0.0,0.0,0
0,0.0,28.0,5.0,0.0,0.0,47.0,62.0,64.0,0.0,0.0,0.0,0.0,0.0,0.0,0.0,0,0.0,0.0,0
0,0.0,31.0,62.0,0.0,1.0,78.0,75.0,78.0,0.0,0.0,0.0,0.0,0.0,0.0,0.0,0,0.0,0.0,0
0,0.0,30.0,0.0,0.0,0.0,47.0,65.0,66.0,0.0,0.0,0.0,0.0,0.0,0.0,0.0,0,0.0,0.0,0
0,0.0,27.0,47.0,0.0,1.0,83.0,67.0,66.0,0.0,0.0,0.0,0.0,0.0,0.0,0.0,0,0.0,0.0,0
0,0.0,25.0,10.0,0.0,0.0,66.0,75.0,77.0,0.0,0.0,0.0,0.0,0.0,0.0,0.0,0,0.0,0.0,0
0,0.0,26.0,2.0,0.0,0.0,56.0,55.0,66.0,0.0,0.0,0.0,0.0,0.0,0.0,0.0,0,0.0,0.0,0
0,0.0,33.0,55.0,0.0,0.0,85.0,65.0,62.0,0.0,0.0,0.0,0.0,0.0,0.0,0.0,0,0.0,0.0,0
0,0.0,24.0,26.0,0.0,0.0,66.0,60.0,58.0,0.0,0.0,0.0,0.0,0.0,0.0,0.0,0,0.0,0.0,0
0,0.0,23.0,1.0,0.0,0.0,65.0,87.0,92.0,0.0,0.0,0.0,0.0,0.0,0.0,0.0,0,0.0,0.0,0
0,0.0,31.0,13.0,0.0,0.0,69.0,62.0,63.0,0.0,0.0,0.0,0.0,0.0,0.0,0.0,0,0.0,0.0,0
0,0.0,26.0,22.0,0.0,0.0,67.0,83.0,84.0,0.0,0.0,0.0,0.0,0.0,0.0,0.0,0,0.0,0.0,0
0,0.0,24.0,0.0,0.0,0.0,48.0,58.0,59.0,0.0,0.0,0.0,0.0,0.0,0.0,0.0,0,0.0,0.0,0
0,0.0,32.0,184.0,3.0,15.0,97.0,63.0,62.0,0.0,0.0,0.0,0.0,0.0,0.0,0.0,0,0.0,0.0,0
0,0.0,24.0,0.0,0.0,0.0,41.0,74.0,75.0,0.0,0.0,0.0,0.0,0.0,0.0,0.0,0,0.0,0.0,0
0,0.0,30.0,167.0,1.0,13.0,96.0,64.0,65.0,0.0,0.0,0.0,0.0,0.0,0.0,0.0,0,0.0,0.0,0
0,0.0,30.0,31.0,0.0,0.0,63.0,65.0,62.0,0.0,0.0,0.0,0.0,0.0,0.0,0.0,0,0.0,0.0,0
0,0.0,38.0,96.0,0.0,3.0,62.0,55.0,56.0,0.0,0.0,0.0,0.0,0.0,0.0,0.0,0,0.0,0.0,0
0,0.0,28.0,121.0,0.0,4.0,87.0,65.0,64.0,0.0,0.0,0.0,0.0,0.0,0.0,0.0,0,0.0,0.0,0
0,0.0,24.0,0.0,0.0,0.0,62.0,72.0,70.0,0.0,0.0,0.0,0.0,0.0,0.0,0.0,0,0.0,0.0,0
0,0.0,30.0,45.0,0.0,0.0,60.0,67.0,72.0,0.0,0.0,0.0,0.0,0.0,0.0,0.0,0,0.0,0.0,0
0,0.0,22.0,32.0,0.0,0.0,78.0,68.0,72.0,0.0,0.0,0.0,0.0,0.0,0.0,0.0,0,0.0,0.0,0
0,0.0,26.0,10.0,0.0,0.0,69.0,66.0,68.0,0.0,0.0,0.0,0.0,0.0,0.0,0.0,0,0.0,0.0,0
0,0.0,23.0,0.0,0.0,0.0,42.0,54.0,58.0,0.0,0.0,0.0,0.0,0.0,0.0,0.0,0,0.0,0.0,0
0,0.0,39.0,0.0,0.0,1.0,75.0,73.0,71.0,0.0,0.0,0.0,0.0,0.0,0.0,0.0,0,0.0,0.0,0
0,0.0,24.0,6.0,0.0,0.0,72.0,70.0,74.0,0.0,0.0,0.0,0.0,0.0,0.0,0.0,0,0.0,0.0,0
0,0.0,27.0,1.0,0.0,0.0,57.0,54.0,57.0,0.0,0.0,0.0,0.0,0.0,0.0,0.0,0,0.0,0.0,0
0,0.0,32.0,107.0,0.0,6.0,90.0,78.0,75.0,0.0,0.0,0.0,0.0,0.0,0.0,0.0,0,0.0,0.0,0
0,0.0,25.0,12.0,0.0,0.0,68.0,72.0,74.0,0.0,0.0,0.0,0.0,0.0,0.0,0.0,0,0.0,0.0,0
0,0.0,32.0,7.0,0.0,0.0,51.0,54.0,56.0,0.0,0.0,0.0,0.0,0.0,0.0,0.0,0,0.0,0.0,0
0,0.0,27.0,131.0,0.0,6.0,93.0,70.0,70.0,0.0,0.0,0.0,0.0,0.0,0.0,0.0,0,0.0,0.0,0
0,0.0,34.0,34.0,0.0,0.0,67.0,53.0,54.0,0.0,0.0,0.0,0.0,0.0,0.0,0.0,0,0.0,0.0,0
0,0.0,24.0,2.0,0.0,0.0,42.0,83.0,84.0,0.0,0.0,0.0,0.0,0.0,0.0,0.0,0,0.0,0.0,0
0,0.0,27.0,149.0,0.0,8.0,89.0,63.0,65.0,0.0,0.0,0.0,0.0,0.0,0.0,0.0,0,0.0,0.0,0
0,0.0,33.0,0.0,0.0,0.0,67.0,55.0,58.0,0.0,0.0,0.0,0.0,0.0,0.0,0.0,0,0.0,0.0,0
0,0.0,27.0,7.0,0.0,0.0,55.0,64.0,62.0,0.0,0.0,0.0,0.0,0.0,0.0,0.0,0,0.0,0.0,0
0,0.0,29.0,0.0,0.0,0.0,69.0,69.0,60.0,0.0,0.0,0.0,0.0,0.0,0.0,0.0,0,0.0,0.0,0
0,0.0,25.0,98.0,0.0,3.0,67.0,70.0,74.0,0.0,0.0,0.0,0.0,0.0,0.0,0.0,0,0.0,0.0,0
0,0.0,25.0,11.0,0.0,3.0,67.0,70.0,74.0,0.0,0.0,0.0,0.0,0.0,0.0,0.0,0,0.0,0.0,0
0,0.0,22.0,0.0,0.0,0.0,64.0,67.0,80.0,0.0,0.0,0.0,0.0,0.0,0.0,0.0,0,0.0,0.0,0
0,0.0,22.0,27.0,0.0,0.0,64.0,67.0,80.0,0.0,0.0,0.0,0.0,0.0,0.0,0.0,0,0.0,0.0,0
0,0.0,36.0,0.0,0.0,0.0,58.0,57.0,59.0,0.0,0.0,0.0,0.0,0.0,0.0,0.0,0,0.0,0.0,0
0,0.0,33.0,87.0,0.0,3.0,84.0,68.0,62.0,0.0,0.0,0.0,0.0,0.0,0.0,0.0,0,0.0,0.0,0
0,0.0,29.0,14.0,0.0,0.0,69.0,84.0,85.0,0.0,0.0,0.0,0.0,0.0,0.0,0.0,0,0.0,0.0,0
0,0.0,24.0,0.0,0.0,0.0,48.0,65.0,68.0,0.0,0.0,0.0,0.0,0.0,0.0,0.0,0,0.0,0.0,0
0,0.0,32.0,57.0,0.0,2.0,78.0,55.0,54.0,0.0,0.0,0.0,0.0,0.0,0.0,0.0,0,0.0,0.0,0
0,0.0,28.0,16.0,0.0,0.0,51.0,66.0,68.0,0.0,0.0,0.0,0.0,0.0,0.0,0.0,0,0.0,0.0,0
0,0.0,28.0,0.0,0.0,0.0,50.0,56.0,58.0,0.0,0.0,0.0,0.0,0.0,0.0,0.0,0,0.0,0.0,0
0,0.0,29.0,33.0,0.0,0.0,74.0,54.0,52.0,0.0,0.0,0.0,0.0,0.0,0.0,0.0,0,0.0,0.0,0
0,0.0,21.0,37.0,0.0,0.0,73.0,74.0,80.0,0.0,0.0,0.0,0.0,0.0,0.0,0.0,0,0.0,0.0,0
0,0.0,28.0,8.0,0.0,0.0,70.0,75.0,77.0,0.0,0.0,0.0,0.0,0.0,0.0,0.0,0,0.0,0.0,0
0,0.0,36.0,83.0,0.0,2.0,79.0,54.0,52.0,0.0,0.0,0.0,0.0,0.0,0.0,0.0,0,0.0,0.0,0
0,0.0,26.0,33.0,0.0,2.0,68.0,85.0,93.0,0.0,0.0,0.0,0.0,0.0,0.0,0.0,0,0.0,0.0,0
0,0.0,30.0,14.0,0.0,0.0,56.0,54.0,54.0,0.0,0.0,0.0,0.0,0.0,0.0,0.0,0,0.0,0.0,0
0,0.0,27.0,48.0,0.0,0.0,77.0,70.0,69.0,0.0,0.0,0.0,0.0,0.0,0.0,0.0,0,0.0,0.0,0
0,0.0,37.0,32.0,0.0,0.0,64.0,52.0,50.0,0.0,0.0,0.0,0.0,0.0,0.0,0.0,0,0.0,0.0,0
0,0.0,37.0,11.0,0.0,0.0,64.0,52.0,50.0,0.0,0.0,0.0,0.0,0.0,0.0,0.0,0,0.0,0.0,0
0,0.0,26.0,0.0,0.0,0.0,49.0,62.0,62.0,0.0,0.0,0.0,0.0,0.0,0.0,0.0,0,0.0,0.0,0
77,232.0,27.0,12.0,0.0,0.0,75.0,54.0,0.0,61.0,61.0,69.0,86.0,85.0,87.0,68.0,0,84.0,42.0,0
78,230.0,27.0,23.0,0.0,1.0,67.0,56.0,0.0,56.0,65.0,65.0,95.0,72.0,69.0,70.0,0,63.0,46.0,0
77,244.0,22.0,4.0,0.0,0.0,62.0,72.0,0.0,74.0,68.0,37.0,96.0,74.0,72.0,70.0,0,44.0,69.0,0
76,220.0,25.0,146.0,1.0,4.0,86.0,65.0,0.0,64.0,63.0,83.0,88.0,89.0,84.0,82.0,0,87.0,65.0,0
75,221.0,33.0,9.0,0.0,0.0,69.0,56.0,0.0,49.0,53.0,82.0,77.0,86.0,78.0,55.0,0,71.0,54.0,0
74,211.0,24.0,0.0,0.0,0.0,60.0,70.0,0.0,67.0,58.0,66.0,80.0,84.0,56.0,47.0,0,67.0,55.0,0
78,230.0,25.0,96.0,0.0,0.0,87.0,69.0,0.0,67.0,74.0,80.0,96.0,87.0,85.0,80.0,0,69.0,76.0,0
72,215.0,26.0,0.0,0.0,0.0,67.0,82.0,0.0,88.0,60.0,65.0,86.0,68.0,67.0,66.0,0,59.0,73.0,0
72,215.0,26.0,6.0,0.0,0.0,67.0,82.0,0.0,88.0,60.0,65.0,86.0,68.0,67.0,66.0,0,59.0,73.0,0
74,216.0,29.0,0.0,0.0,0.0,58.0,64.0,0.0,63.0,58.0,65.0,78.0,79.0,70.0,49.0,0,46.0,51.0,0
74,216.0,29.0,4.0,0.0,0.0,58.0,64.0,0.0,63.0,58.0,65.0,78.0,79.0,70.0,49.0,0,46.0,51.0,0
74,225.0,27.0,78.0,0.0,0.0,70.0,74.0,0.0,75.0,55.0,76.0,76.0,84.0,74.0,56.0,0,72.0,66.0,0
76,231.0,26.0,16.0,0.0,0.0,70.0,63.0,0.0,64.0,62.0,75.0,81.0,87.0,72.0,54.0,0,81.0,55.0,0
75,223.0,24.0,0.0,0.0,0.0,65.0,60.0,0.0,64.0,63.0,60.0,84.0,79.0,75.0,63.0,0,54.0,72.0,0
75,219.0,23.0,34.0,0.0,0.0,63.0,70.0,0.0,70.0,65.0,42.0,87.0,83.0,81.0,64.0,0,39.0,73.0,0
75,219.0,23.0,0.0,0.0,0.0,63.0,70.0,0.0,70.0,65.0,42.0,87.0,83.0,81.0,64.0,0,39.0,73.0,0
75,202.0,26.0,0.0,0.0,0.0,76.0,67.0,0.0,70.0,58.0,73.0,87.0,81.0,75.0,82.0,0,67.0,69.0,0
74,222.0,22.0,3.0,0.0,0.0,74.0,57.0,0.0,65.0,51.0,56.0,90.0,91.0,78.0,79.0,0,69.0,79.0,0
78,222.0,24.0,0.0,0.0,0.0,65.0,66.0,0.0,69.0,53.0,45.0,89.0,85.0,74.0,64.0,0,50.0,79.0,0
77,235.0,30.0,107.0,0.0,3.0,87.0,54.0,0.0,52.0,66.0,90.0,94.0,89.0,85.0,82.0,0,84.0,47.0,0
74,230.0,31.0,6.0,0.0,0.0,60.0,58.0,0.0,60.0,60.0,68.0,79.0,77.0,68.0,48.0,0,55.0,78.0,0
77,235.0,26.0,0.0,0.0,0.0,53.0,52.0,0.0,58.0,62.0,39.0,87.0,76.0,62.0,58.0,0,65.0,52.0,0
74,215.0,35.0,0.0,0.0,0.0,74.0,64.0,0.0,64.0,53.0,82.0,83.0,76.0,73.0,75.0,0,74.0,60.0,0
71,205.0,30.0,14.0,0.0,0.0,72.0,84.0,0.0,87.0,56.0,71.0,78.0,79.0,70.0,71.0,0,69.0,84.0,0
73,216.0,24.0,17.0,0.0,0.0,71.0,74.0,0.0,77.0,46.0,60.0,79.0,88.0,84.0,65.0,0,55.0,86.0,0
76,224.0,25.0,0.0,0.0,0.0,57.0,66.0,0.0,64.0,58.0,54.0,84.0,73.0,67.0,53.0,0,51.0,70.0,0
74,226.0,31.0,0.0,0.0,0.0,90.0,73.0,0.0,77.0,55.0,87.0,88.0,92.0,89.0,83.0,0,68.0,91.0,0
74,218.0,37.0,0.0,0.0,0.0,68.0,55.0,0.0,60.0,56.0,81.0,85.0,76.0,68.0,66.0,0,66.0,45.0,0
75,218.0,24.0,2.0,0.0,0.0,62.0,73.0,0.0,76.0,55.0,51.0,82.0,74.0,68.0,61.0,0,76.0,74.0,0
76,225.0,27.0,40.0,0.0,0.0,80.0,62.0,0.0,58.0,54.0,85.0,80.0,88.0,84.0,77.0,0,85.0,55.0,0
75,235.0,25.0,2.0,0.0,0.0,71.0,71.0,0.0,72.0,59.0,66.0,86.0,77.0,72.0,67.0,0,76.0,72.0,0
75,245.0,23.0,12.0,0.0,0.0,70.0,79.0,0.0,83.0,84.0,60.0,88.0,74.0,70.0,79.0,0,53.0,78.0,0
74,232.0,22.0,126.0,0.0,2.0,80.0,71.0,0.0,64.0,64.0,72.0,97.0,81.0,76.0,80.0,0,68.0,66.0,0
75,220.0,30.0,0.0,0.0,0.0,70.0,69.0,0.0,62.0,54.0,76.0,75.0,87.0,77.0,60.0,0,62.0,68.0,0
75,230.0,26.0,10.0,0.0,0.0,61.0,69.0,0.0,73.0,64.0,59.0,83.0,73.0,68.0,70.0,0,37.0,70.0,0
74,220.0,26.0,166.0,4.0,10.0,94.0,73.0,0.0,73.0,55.0,84.0,94.0,93.0,89.0,86.0,0,84.0,89.0,0
74,225.0,25.0,8.0,0.0,0.0,57.0,75.0,0.0,76.0,64.0,58.0,79.0,72.0,68.0,42.0,0,55.0,79.0,0
77,239.0,29.0,68.0,0.0,2.0,89.0,62.0,0.0,59.0,64.0,87.0,88.0,94.0,92.0,81.0,0,90.0,53.0,0
77,230.0,27.0,7.0,0.0,0.0,63.0,63.0,0.0,54.0,58.0,68.0,78.0,77.0,71.0,64.0,0,54.0,70.0,0
75,213.0,25.0,0.0,0.0,0.0,53.0,58.0,0.0,62.0,62.0,44.0,80.0,72.0,67.0,60.0,0,65.0,55.0,0
77,230.0,34.0,176.0,7.0,14.0,99.0,60.0,0.0,54.0,64.0,99.0,95.0,98.0,98.0,88.0,0,99.0,75.0,0
76,230.0,25.0,2.0,0.0,0.0,61.0,65.0,0.0,50.0,64.0,45.0,87.0,83.0,77.0,67.0,0,45.0,35.0,0
73,236.0,32.0,62.0,0.0,1.0,79.0,78.0,0.0,77.0,71.0,76.0,88.0,82.0,78.0,72.0,0,67.0,81.0,0
75,217.0,29.0,8.0,0.0,0.0,70.0,75.0,0.0,70.0,59.0,70.0,85.0,78.0,73.0,67.0,0,49.0,79.0,0
76,230.0,28.0,47.0,0.0,1.0,78.0,69.0,0.0,68.0,62.0,80.0,85.0,93.0,73.0,58.0,0,81.0,70.0,0
74,206.0,27.0,2.0,0.0,0.0,65.0,55.0,0.0,55.0,53.0,68.0,88.0,73.0,67.0,71.0,0,65.0,54.0,0
76,230.0,26.0,0.0,0.0,0.0,58.0,65.0,0.0,66.0,65.0,49.0,83.0,74.0,76.0,49.0,0,56.0,68.0,0
75,230.0,25.0,26.0,0.0,0.0,79.0,66.0,0.0,61.0,64.0,72.0,94.0,81.0,78.0,78.0,0,66.0,77.0,0
75,225.0,34.0,55.0,0.0,0.0,78.0,65.0,0.0,62.0,48.0,88.0,69.0,96.0,83.0,64.0,0,88.0,70.0,0
72,190.0,24.0,1.0,0.0,0.0,66.0,87.0,0.0,92.0,54.0,50.0,85.0,79.0,72.0,62.0,0,50.0,90.0,0
73,224.0,26.0,10.0,0.0,0.0,64.0,75.0,0.0,74.0,60.0,62.0,80.0,70.0,68.0,65.0,0,63.0,85.0,0
74,222.0,40.0,158.0,3.0,11.0,92.0,0.0,0.0,0.0,0.0,0.0,0.0,0.0,0.0,0.0,0,0.0,0.0,0
74,225.0,27.0,22.0,0.0,0.0,71.0,0.0,0.0,0.0,0.0,0.0,0.0,0.0,0.0,0.0,0,0.0,0.0,0
76,225.0,32.0,13.0,0.0,0.0,69.0,0.0,0.0,0.0,0.0,0.0,0.0,0.0,0.0,0.0,0,0.0,0.0,0
76,225.0,33.0,184.0,3.0,15.0,95.0,58.0,0.0,54.0,65.0,97.0,94.0,93.0,91.0,89.0,0,95.0,52.0,0
74,215.0,24.0,0.0,0.0,0.0,63.0,65.0,0.0,66.0,60.0,55.0,87.0,76.0,68.0,56.0,0,65.0,78.0,0
74,210.0,23.0,0.0,0.0,0.0,59.0,72.0,0.0,75.0,54.0,43.0,82.0,82.0,66.0,54.0,0,72.0,70.0,0
72,209.0,31.0,167.0,1.0,13.0,99.0,64.0,0.0,64.0,53.0,97.0,88.0,99.0,98.0,92.0,0,88.0,82.0,0
75,223.0,23.0,0.0,0.0,0.0,64.0,64.0,0.0,64.0,66.0,53.0,82.0,88.0,74.0,52.0,0,74.0,66.0,0
72,225.0,23.0,0.0,0.0,0.0,62.0,66.0,0.0,69.0,54.0,49.0,83.0,76.0,74.0,59.0,0,71.0,85.0,0
76,225.0,29.0,121.0,0.0,4.0,89.0,65.0,0.0,59.0,54.0,89.0,89.0,89.0,87.0,85.0,0,88.0,57.0,0
74,225.0,25.0,0.0,0.0,0.0,61.0,72.0,0.0,67.0,66.0,38.0,90.0,75.0,72.0,69.0,0,56.0,75.0,0
77,196.0,29.0,5.0,0.0,0.0,59.0,62.0,0.0,62.0,52.0,77.0,68.0,82.0,70.0,40.0,0,66.0,46.0,0
74,225.0,23.0,32.0,0.0,0.0,82.0,69.0,0.0,70.0,61.0,74.0,89.0,87.0,85.0,75.0,0,79.0,74.0,0
74,221.0,27.0,10.0,0.0,0.0,70.0,66.0,0.0,68.0,58.0,69.0,88.0,80.0,74.0,64.0,0,60.0,61.0,0
77,225.0,25.0,0.0,0.0,0.0,58.0,74.0,0.0,78.0,66.0,52.0,85.0,75.0,64.0,49.0,0,52.0,70.0,0
77,221.0,24.0,0.0,0.0,0.0,54.0,54.0,0.0,56.0,54.0,47.0,86.0,79.0,56.0,63.0,0,55.0,50.0,0
77,230.0,28.0,48.0,0.0,0.0,83.0,70.0,0.0,69.0,59.0,74.0,92.0,85.0,78.0,79.0,0,88.0,83.0,0
73,220.0,27.0,8.0,0.0,0.0,67.0,70.0,0.0,71.0,49.0,69.0,77.0,86.0,77.0,46.0,0,64.0,78.0,0
76,220.0,29.0,8.0,0.0,0.0,65.0,68.0,0.0,72.0,55.0,65.0,77.0,80.0,74.0,55.0,0,69.0,72.0,0
75,218.0,26.0,12.0,0.0,0.0,75.0,72.0,0.0,72.0,59.0,70.0,86.0,82.0,79.0,79.0,0,52.0,81.0,0
72,215.0,30.0,92.0,0.0,4.0,73.0,88.0,0.0,89.0,60.0,67.0,92.0,72.0,64.0,67.0,0,66.0,88.0,0
75,225.0,23.0,0.0,0.0,0.0,65.0,63.0,0.0,64.0,55.0,59.0,79.0,87.0,77.0,55.0,0,81.0,47.0,0
77,241.0,28.0,131.0,0.0,6.0,88.0,70.0,0.0,69.0,85.0,84.0,93.0,85.0,82.0,76.0,0,88.0,97.0,0
77,250.0,30.0,33.0,0.0,0.0,69.0,54.0,0.0,50.0,70.0,68.0,93.0,77.0,72.0,67.0,0,80.0,30.0,0
74,216.0,35.0,34.0,0.0,0.0,67.0,53.0,0.0,54.0,59.0,82.0,80.0,79.0,74.0,55.0,0,71.0,45.0,0
75,209.0,25.0,2.0,0.0,0.0,64.0,84.0,0.0,87.0,55.0,53.0,84.0,69.0,68.0,67.0,0,58.0,81.0,0
77,228.0,28.0,149.0,0.0,8.0,94.0,63.0,0.0,57.0,60.0,94.0,88.0,96.0,95.0,91.0,0,81.0,57.0,0
74,214.0,34.0,0.0,0.0,0.0,67.0,55.0,0.0,54.0,50.0,74.0,81.0,77.0,65.0,84.0,0,58.0,59.0,0
75,222.0,23.0,0.0,0.0,0.0,64.0,67.0,0.0,69.0,59.0,42.0,94.0,76.0,73.0,71.0,0,45.0,85.0,0
76,217.0,26.0,98.0,0.0,3.0,77.0,72.0,0.0,74.0,58.0,77.0,85.0,81.0,79.0,76.0,0,60.0,79.0,0
76,217.0,26.0,11.0,0.0,3.0,77.0,72.0,0.0,74.0,58.0,77.0,85.0,81.0,79.0,76.0,0,60.0,79.0,0
73,226.0,23.0,0.0,0.0,0.0,65.0,67.0,0.0,74.0,60.0,40.0,93.0,83.0,77.0,69.0,0,45.0,75.0,0
73,226.0,23.0,27.0,0.0,0.0,65.0,67.0,0.0,74.0,60.0,40.0,93.0,83.0,77.0,69.0,0,45.0,75.0,0
75,216.0,31.0,45.0,0.0,0.0,65.0,67.0,0.0,69.0,63.0,66.0,87.0,66.0,70.0,72.0,0,54.0,71.0,0
76,225.0,34.0,87.0,0.0,3.0,79.0,68.0,0.0,64.0,54.0,86.0,85.0,85.0,75.0,62.0,0,93.0,67.0,0
77,225.0,28.0,7.0,0.0,0.0,71.0,65.0,0.0,65.0,62.0,64.0,88.0,78.0,80.0,64.0,0,70.0,69.0,0
74,217.0,29.0,19.0,0.0,0.0,66.0,68.0,0.0,70.0,56.0,65.0,93.0,65.0,66.0,73.0,0,46.0,68.0,0
76,236.0,22.0,44.0,0.0,0.0,80.0,66.0,0.0,63.0,50.0,63.0,87.0,95.0,87.0,72.0,0,75.0,85.0,0
75,220.0,33.0,7.0,0.0,0.0,66.0,54.0,0.0,64.0,59.0,69.0,85.0,75.0,72.0,68.0,0,58.0,69.0,0
76,219.0,24.0,1.0,0.0,0.0,60.0,54.0,0.0,57.0,60.0,54.0,89.0,75.0,68.0,72.0,0,40.0,51.0,0
78,248.0,22.0,37.0,0.0,0.0,77.0,74.0,0.0,76.0,75.0,62.0,96.0,79.0,80.0,76.0,0,59.0,84.0,0
75,205.0,24.0,7.0,0.0,0.0,68.0,88.0,0.0,93.0,52.0,60.0,89.0,70.0,72.0,65.0,0,40.0,79.0,0
75,220.0,23.0,0.0,0.0,0.0,58.0,68.0,0.0,61.0,44.0,32.0,94.0,68.0,73.0,71.0,0,55.0,54.0,0
74,240.0,33.0,107.0,0.0,6.0,89.0,75.0,0.0,76.0,75.0,87.0,96.0,72.0,83.0,87.0,0,90.0,88.0,0
73,217.0,30.0,0.0,0.0,0.0,65.0,57.0,0.0,59.0,51.0,68.0,90.0,76.0,64.0,67.0,0,55.0,46.0,0
73,217.0,30.0,23.0,0.0,0.0,65.0,57.0,0.0,59.0,51.0,68.0,90.0,76.0,64.0,67.0,0,55.0,46.0,0
75,212.0,27.0,0.0,0.0,0.0,59.0,62.0,0.0,63.0,45.0,48.0,78.0,86.0,73.0,60.0,0,52.0,65.0,0
0,0.0,0.0,23.0,0.0,1.0,70.0,56.0,58.0,56.0,65.0,68.0,95.0,74.0,71.0,70.0,0,65.0,0.0,0
0,0.0,0.0,4.0,0.0,0.0,69.0,72.0,75.0,74.0,68.0,58.0,96.0,76.0,73.0,72.0,0,44.0,0.0,0
0,0.0,0.0,0.0,0.0,0.0,68.0,66.0,68.0,63.0,45.0,63.0,79.0,87.0,73.0,63.0,0,70.0,0.0,0
0,0.0,0.0,0.0,0.0,0.0,62.0,62.0,65.0,65.0,64.0,54.0,87.0,72.0,69.0,67.0,0,56.0,0.0,0
0,0.0,0.0,146.0,1.0,4.0,90.0,65.0,62.0,64.0,63.0,87.0,89.0,90.0,89.0,85.0,0,88.0,0.0,0
0,0.0,0.0,9.0,0.0,0.0,72.0,56.0,58.0,49.0,53.0,82.0,77.0,86.0,78.0,55.0,0,71.0,0.0,0
0,0.0,0.0,0.0,0.0,0.0,62.0,70.0,73.0,67.0,58.0,66.0,80.0,84.0,56.0,47.0,0,67.0,0.0,0
0,0.0,0.0,96.0,0.0,0.0,88.0,73.0,71.0,67.0,74.0,83.0,96.0,88.0,86.0,78.0,0,71.0,0.0,0
0,0.0,0.0,57.0,0.0,2.0,79.0,55.0,58.0,54.0,48.0,85.0,84.0,90.0,80.0,69.0,0,68.0,0.0,0
0,0.0,0.0,0.0,0.0,0.0,67.0,52.0,56.0,54.0,67.0,57.0,94.0,74.0,73.0,72.0,0,65.0,0.0,0
0,0.0,0.0,48.0,0.0,1.0,62.0,87.0,91.0,88.0,58.0,36.0,92.0,69.0,75.0,65.0,0,50.0,0.0,0
0,0.0,0.0,78.0,0.0,0.0,81.0,75.0,81.0,77.0,55.0,82.0,80.0,88.0,83.0,64.0,0,75.0,0.0,0
0,0.0,0.0,0.0,0.0,0.0,65.0,60.0,64.0,64.0,63.0,60.0,84.0,79.0,75.0,63.0,0,54.0,0.0,0
0,0.0,0.0,34.0,0.0,0.0,63.0,70.0,74.0,70.0,65.0,42.0,87.0,83.0,81.0,64.0,0,39.0,0.0,0
0,0.0,0.0,0.0,0.0,0.0,63.0,70.0,74.0,70.0,65.0,42.0,87.0,83.0,81.0,64.0,0,39.0,0.0,0
0,0.0,0.0,115.0,1.0,3.0,77.0,83.0,94.0,88.0,75.0,49.0,97.0,87.0,72.0,85.0,0,67.0,0.0,0
0,0.0,0.0,0.0,0.0,0.0,73.0,67.0,69.0,70.0,58.0,70.0,86.0,78.0,73.0,74.0,0,65.0,0.0,0
0,0.0,0.0,3.0,0.0,0.0,70.0,57.0,65.0,65.0,51.0,54.0,90.0,84.0,74.0,75.0,0,71.0,0.0,0
0,0.0,0.0,0.0,0.0,0.0,64.0,66.0,74.0,69.0,53.0,45.0,89.0,85.0,74.0,64.0,0,50.0,0.0,0
0,0.0,0.0,86.0,0.0,1.0,85.0,71.0,76.0,70.0,69.0,75.0,98.0,86.0,84.0,77.0,0,71.0,0.0,0
0,0.0,0.0,0.0,0.0,0.0,72.0,69.0,73.0,68.0,58.0,72.0,83.0,79.0,76.0,66.0,0,60.0,0.0,0
0,0.0,0.0,0.0,0.0,0.0,65.0,65.0,66.0,66.0,65.0,62.0,83.0,78.0,76.0,55.0,0,56.0,0.0,0
0,0.0,0.0,32.0,0.0,0.0,64.0,52.0,50.0,51.0,52.0,79.0,76.0,76.0,72.0,54.0,0,65.0,0.0,0
0,0.0,0.0,11.0,0.0,0.0,64.0,52.0,50.0,51.0,52.0,79.0,76.0,76.0,72.0,54.0,0,65.0,0.0,0
0,0.0,0.0,0.0,0.0,0.0,64.0,50.0,55.0,51.0,70.0,50.0,92.0,74.0,72.0,79.0,0,63.0,0.0,0
0,0.0,0.0,107.0,0.0,3.0,83.0,54.0,56.0,52.0,66.0,85.0,89.0,87.0,83.0,77.0,0,85.0,0.0,0
0,0.0,0.0,91.0,0.0,3.0,71.0,66.0,70.0,68.0,54.0,58.0,85.0,86.0,79.0,63.0,0,70.0,0.0,0
0,0.0,0.0,0.0,0.0,0.0,63.0,70.0,82.0,75.0,67.0,49.0,86.0,79.0,73.0,58.0,0,60.0,0.0,0
0,0.0,0.0,0.0,0.0,0.0,62.0,52.0,54.0,58.0,62.0,54.0,87.0,76.0,68.0,66.0,0,65.0,0.0,0
0,0.0,0.0,17.0,0.0,0.0,77.0,74.0,85.0,77.0,46.0,73.0,80.0,88.0,85.0,67.0,0,61.0,0.0,0
0,0.0,0.0,14.0,0.0,0.0,73.0,84.0,85.0,87.0,56.0,71.0,78.0,79.0,70.0,71.0,0,69.0,0.0,0
0,0.0,0.0,0.0,0.0,0.0,73.0,64.0,63.0,64.0,53.0,76.0,84.0,76.0,74.0,72.0,0,72.0,0.0,0
0,0.0,0.0,0.0,0.0,0.0,61.0,82.0,78.0,81.0,67.0,37.0,88.0,72.0,68.0,74.0,0,55.0,0.0,0
0,0.0,0.0,0.0,0.0,0.0,88.0,73.0,80.0,77.0,55.0,85.0,91.0,89.0,85.0,82.0,0,66.0,0.0,0
0,0.0,0.0,0.0,0.0,0.0,76.0,56.0,61.0,60.0,58.0,84.0,84.0,85.0,76.0,66.0,0,70.0,0.0,0
0,0.0,0.0,0.0,0.0,0.0,68.0,55.0,60.0,54.0,60.0,67.0,81.0,85.0,75.0,54.0,0,75.0,0.0,0
0,0.0,0.0,2.0,0.0,0.0,67.0,75.0,82.0,77.0,59.0,57.0,83.0,74.0,70.0,65.0,0,76.0,0.0,0
0,0.0,0.0,40.0,0.0,0.0,82.0,64.0,66.0,63.0,54.0,83.0,84.0,89.0,82.0,73.0,0,86.0,0.0,0
0,0.0,0.0,12.0,0.0,0.0,77.0,80.0,90.0,84.0,83.0,69.0,88.0,78.0,75.0,77.0,0,66.0,0.0,0
0,0.0,0.0,2.0,0.0,0.0,72.0,71.0,72.0,72.0,59.0,66.0,86.0,77.0,72.0,67.0,0,76.0,0.0,0
0,0.0,0.0,126.0,0.0,2.0,80.0,70.0,67.0,64.0,64.0,71.0,97.0,83.0,78.0,80.0,0,68.0,0.0,0
0,0.0,0.0,0.0,0.0,0.0,76.0,69.0,70.0,62.0,54.0,79.0,79.0,89.0,81.0,65.0,0,62.0,0.0,0
0,0.0,0.0,10.0,0.0,0.0,68.0,70.0,80.0,74.0,64.0,65.0,85.0,76.0,72.0,73.0,0,42.0,0.0,0
0,0.0,0.0,0.0,0.0,0.0,60.0,72.0,84.0,75.0,54.0,43.0,82.0,82.0,66.0,54.0,0,72.0,0.0,0
0,0.0,0.0,166.0,4.0,10.0,98.0,79.0,84.0,81.0,58.0,88.0,95.0,93.0,93.0,89.0,0,85.0,0.0,0
0,0.0,0.0,8.0,0.0,0.0,75.0,75.0,78.0,76.0,64.0,75.0,79.0,84.0,75.0,65.0,0,69.0,0.0,0
0,0.0,0.0,0.0,0.0,0.0,66.0,56.0,64.0,63.0,49.0,68.0,78.0,90.0,70.0,50.0,0,59.0,0.0,0
0,0.0,0.0,68.0,0.0,2.0,88.0,62.0,58.0,57.0,64.0,87.0,88.0,93.0,86.0,79.0,0,92.0,0.0,0
0,0.0,0.0,12.0,0.0,0.0,72.0,54.0,62.0,61.0,61.0,69.0,85.0,81.0,82.0,65.0,0,80.0,0.0,0
0,0.0,0.0,7.0,0.0,0.0,70.0,65.0,66.0,65.0,58.0,70.0,78.0,83.0,72.0,68.0,0,64.0,0.0,0
0,0.0,0.0,6.0,0.0,0.0,66.0,55.0,67.0,64.0,55.0,51.0,80.0,84.0,79.0,57.0,0,86.0,0.0,0
0,0.0,0.0,176.0,7.0,14.0,98.0,60.0,55.0,52.0,64.0,99.0,94.0,96.0,92.0,86.0,0,95.0,0.0,0
0,0.0,0.0,2.0,0.0,0.0,61.0,65.0,64.0,50.0,64.0,45.0,87.0,83.0,77.0,67.0,0,45.0,0.0,0
0,0.0,0.0,62.0,0.0,1.0,83.0,77.0,81.0,78.0,74.0,83.0,90.0,85.0,76.0,73.0,0,70.0,0.0,0
0,0.0,0.0,17.0,0.0,0.0,75.0,75.0,79.0,72.0,60.0,50.0,90.0,92.0,86.0,65.0,0,70.0,0.0,0
0,0.0,0.0,16.0,0.0,0.0,73.0,63.0,66.0,64.0,62.0,74.0,82.0,87.0,76.0,54.0,0,78.0,0.0,0
0,0.0,0.0,8.0,0.0,0.0,72.0,74.0,75.0,70.0,59.0,72.0,85.0,78.0,75.0,69.0,0,47.0,0.0,0
0,0.0,0.0,47.0,0.0,1.0,86.0,69.0,72.0,68.0,62.0,85.0,85.0,90.0,87.0,73.0,0,89.0,0.0,0
0,0.0,0.0,0.0,0.0,0.0,68.0,62.0,73.0,69.0,55.0,52.0,86.0,85.0,80.0,66.0,0,66.0,0.0,0
0,0.0,0.0,2.0,0.0,0.0,67.0,55.0,66.0,55.0,53.0,68.0,88.0,73.0,67.0,71.0,0,65.0,0.0,0
0,0.0,0.0,0.0,0.0,0.0,62.0,61.0,65.0,62.0,52.0,64.0,76.0,83.0,70.0,59.0,0,54.0,0.0,0
0,0.0,0.0,26.0,0.0,0.0,77.0,66.0,67.0,61.0,64.0,70.0,94.0,77.0,75.0,79.0,0,69.0,0.0,0
0,0.0,0.0,10.0,0.0,0.0,69.0,75.0,77.0,74.0,60.0,62.0,82.0,77.0,74.0,66.0,0,63.0,0.0,0
0,0.0,0.0,0.0,0.0,0.0,61.0,61.0,65.0,60.0,62.0,50.0,82.0,80.0,74.0,62.0,0,65.0,0.0,0
0,0.0,0.0,22.0,0.0,0.0,73.0,73.0,85.0,74.0,57.0,50.0,0.0,0.0,0.0,0.0,0,0.0,0.0,0
0,0.0,0.0,22.0,0.0,0.0,72.0,83.0,87.0,86.0,62.0,65.0,0.0,0.0,0.0,0.0,0,0.0,0.0,0
0,0.0,0.0,4.0,0.0,0.0,66.0,86.0,90.0,91.0,61.0,60.0,0.0,0.0,0.0,0.0,0,0.0,0.0,0
0,0.0,0.0,0.0,0.0,0.0,61.0,72.0,70.0,67.0,66.0,38.0,0.0,0.0,0.0,0.0,0,0.0,0.0,0
0,0.0,0.0,184.0,3.0,15.0,99.0,58.0,57.0,54.0,65.0,98.0,95.0,98.0,96.0,89.0,0,98.0,0.0,0
0,0.0,0.0,4.0,0.0,0.0,69.0,51.0,54.0,49.0,73.0,41.0,98.0,83.0,84.0,73.0,0,84.0,0.0,0
0,0.0,0.0,0.0,0.0,0.0,66.0,65.0,69.0,66.0,60.0,62.0,87.0,76.0,68.0,56.0,0,65.0,0.0,0
0,0.0,0.0,0.0,0.0,0.0,63.0,67.0,70.0,69.0,59.0,42.0,94.0,76.0,73.0,71.0,0,45.0,0.0,0
0,0.0,0.0,167.0,1.0,13.0,96.0,64.0,66.0,64.0,53.0,95.0,88.0,99.0,92.0,85.0,0,88.0,0.0,0
0,0.0,0.0,0.0,0.0,0.0,67.0,66.0,75.0,72.0,54.0,58.0,83.0,79.0,74.0,60.0,0,70.0,0.0,0
0,0.0,0.0,0.0,0.0,0.0,65.0,64.0,63.0,64.0,66.0,53.0,82.0,88.0,74.0,52.0,0,74.0,0.0,0
0,0.0,0.0,121.0,0.0,4.0,87.0,65.0,64.0,59.0,53.0,87.0,90.0,88.0,84.0,83.0,0,86.0,0.0,0
0,0.0,0.0,13.0,0.0,0.0,70.0,62.0,63.0,60.0,54.0,62.0,85.0,86.0,83.0,62.0,0,53.0,0.0,0
0,0.0,0.0,32.0,0.0,0.0,83.0,69.0,73.0,70.0,61.0,77.0,88.0,85.0,84.0,78.0,0,79.0,0.0,0
0,0.0,0.0,96.0,0.0,3.0,73.0,60.0,56.0,60.0,46.0,85.0,79.0,83.0,74.0,52.0,0,72.0,0.0,0
0,0.0,0.0,10.0,0.0,0.0,70.0,66.0,68.0,68.0,58.0,69.0,88.0,79.0,73.0,64.0,0,58.0,0.0,0
0,0.0,0.0,0.0,0.0,0.0,65.0,74.0,75.0,78.0,66.0,60.0,85.0,77.0,72.0,55.0,0,52.0,0.0,0
0,0.0,0.0,1.0,0.0,0.0,65.0,64.0,69.0,59.0,49.0,57.0,78.0,84.0,78.0,67.0,0,59.0,0.0,0
0,0.0,0.0,48.0,0.0,0.0,81.0,70.0,67.0,69.0,59.0,72.0,92.0,81.0,78.0,78.0,0,86.0,0.0,0
0,0.0,0.0,8.0,0.0,0.0,75.0,70.0,72.0,71.0,49.0,73.0,78.0,88.0,81.0,61.0,0,74.0,0.0,0
0,0.0,0.0,8.0,0.0,0.0,67.0,68.0,74.0,72.0,55.0,65.0,77.0,80.0,74.0,55.0,0,69.0,0.0,0
0,0.0,0.0,16.0,0.0,0.0,66.0,70.0,72.0,72.0,55.0,68.0,90.0,71.0,64.0,69.0,0,45.0,0.0,0
0,0.0,0.0,92.0,0.0,4.0,93.0,91.0,95.0,94.0,62.0,80.0,96.0,86.0,87.0,84.0,0,78.0,0.0,0
0,0.0,0.0,12.0,0.0,0.0,84.0,72.0,76.0,73.0,59.0,77.0,88.0,88.0,85.0,74.0,0,80.0,0.0,0
0,0.0,0.0,0.0,0.0,0.0,67.0,63.0,68.0,64.0,55.0,59.0,79.0,87.0,77.0,55.0,0,81.0,0.0,0
0,0.0,0.0,131.0,0.0,6.0,94.0,70.0,66.0,69.0,85.0,87.0,94.0,89.0,88.0,87.0,0,90.0,0.0,0
0,0.0,0.0,34.0,0.0,0.0,74.0,53.0,54.0,55.0,59.0,83.0,82.0,83.0,75.0,66.0,0,74.0,0.0,0
0,0.0,0.0,33.0,0.0,0.0,71.0,54.0,52.0,50.0,70.0,68.0,93.0,77.0,72.0,67.0,0,80.0,0.0,0
0,0.0,0.0,2.0,0.0,0.0,70.0,84.0,86.0,87.0,55.0,65.0,84.0,69.0,73.0,72.0,0,62.0,0.0,0
0,0.0,0.0,149.0,0.0,8.0,96.0,63.0,65.0,57.0,60.0,94.0,90.0,96.0,95.0,93.0,0,84.0,0.0,0
0,0.0,0.0,0.0,0.0,0.0,69.0,55.0,58.0,54.0,50.0,74.0,81.0,77.0,65.0,84.0,0,58.0,0.0,0
0,0.0,0.0,98.0,0.0,3.0,75.0,76.0,75.0,74.0,58.0,72.0,85.0,84.0,74.0,70.0,0,60.0,0.0,0
0,0.0,0.0,11.0,0.0,3.0,75.0,76.0,75.0,74.0,58.0,72.0,85.0,84.0,74.0,70.0,0,60.0,0.0,0
0,0.0,0.0,0.0,0.0,0.0,72.0,83.0,88.0,88.0,63.0,67.0,87.0,74.0,72.0,70.0,0,58.0,0.0,0
0,0.0,0.0,6.0,0.0,0.0,72.0,83.0,88.0,88.0,63.0,67.0,87.0,74.0,72.0,70.0,0,58.0,0.0,0
0,0.0,0.0,45.0,0.0,0.0,70.0,85.0,81.0,86.0,63.0,46.0,92.0,75.0,84.0,74.0,0,55.0,0.0,0
0,0.0,0.0,45.0,0.0,0.0,65.0,67.0,72.0,69.0,63.0,65.0,87.0,66.0,69.0,69.0,0,52.0,0.0,0
0,0.0,0.0,87.0,0.0,3.0,84.0,67.0,62.0,64.0,54.0,87.0,86.0,87.0,79.0,71.0,0,90.0,0.0,0
0,0.0,0.0,7.0,0.0,0.0,73.0,65.0,75.0,65.0,62.0,68.0,88.0,79.0,76.0,70.0,0,65.0,0.0,0
0,0.0,0.0,19.0,0.0,0.0,66.0,68.0,70.0,70.0,56.0,65.0,93.0,65.0,66.0,73.0,0,46.0,0.0,0
0,0.0,0.0,44.0,0.0,0.0,85.0,73.0,74.0,64.0,51.0,72.0,89.0,92.0,86.0,82.0,0,78.0,0.0,0
0,0.0,0.0,7.0,0.0,0.0,68.0,54.0,56.0,64.0,59.0,69.0,85.0,75.0,72.0,68.0,0,58.0,0.0,0
0,0.0,0.0,0.0,0.0,0.0,56.0,65.0,70.0,73.0,64.0,42.0,86.0,74.0,68.0,64.0,0,40.0,0.0,0
0,0.0,0.0,37.0,0.0,0.0,87.0,74.0,82.0,79.0,78.0,77.0,97.0,87.0,84.0,81.0,0,66.0,0.0,0
0,0.0,0.0,7.0,0.0,0.0,67.0,88.0,92.0,93.0,52.0,60.0,89.0,70.0,72.0,65.0,0,40.0,0.0,0
0,0.0,0.0,0.0,0.0,0.0,59.0,67.0,73.0,67.0,45.0,45.0,87.0,78.0,74.0,54.0,0,46.0,0.0,0
0,0.0,0.0,83.0,0.0,2.0,77.0,52.0,50.0,49.0,67.0,83.0,89.0,81.0,77.0,75.0,0,75.0,0.0,0
0,0.0,0.0,33.0,0.0,2.0,77.0,85.0,88.0,87.0,69.0,65.0,90.0,86.0,75.0,72.0,0,60.0,0.0,0
0,0.0,0.0,15.0,0.0,0.0,74.0,83.0,87.0,84.0,64.0,44.0,95.0,75.0,77.0,83.0,0,80.0,0.0,0
0,0.0,0.0,1.0,0.0,0.0,60.0,62.0,67.0,62.0,63.0,44.0,89.0,75.0,69.0,66.0,0,61.0,0.0,0
0,0.0,0.0,0.0,0.0,0.0,59.0,66.0,68.0,64.0,58.0,54.0,84.0,73.0,67.0,53.0,0,51.0,0.0,0
0,0.0,0.0,107.0,0.0,6.0,82.0,74.0,71.0,75.0,75.0,82.0,0.0,0.0,0.0,0.0,0,0.0,0.0,0
0,0.0,0.0,0.0,0.0,0.0,76.0,60.0,64.0,60.0,50.0,76.0,0.0,0.0,0.0,0.0,0,0.0,0.0,0
0,0.0,0.0,23.0,0.0,0.0,76.0,60.0,64.0,60.0,50.0,76.0,0.0,0.0,0.0,0.0,0,0.0,0.0,0
0,0.0,0.0,0.0,0.0,0.0,66.0,64.0,65.0,63.0,58.0,70.0,0.0,0.0,0.0,0.0,0,0.0,0.0,0
0,0.0,0.0,4.0,0.0,0.0,66.0,64.0,65.0,63.0,58.0,70.0,0.0,0.0,0.0,0.0,0,0.0,0.0,0
0,0.0,0.0,166.0,4.0,10.0,99.0,80.0,86.0,84.0,58.0,95.0,97.0,98.0,97.0,94.0,0,87.0,96.0,0
0,0.0,0.0,184.0,3.0,15.0,98.0,58.0,56.0,54.0,65.0,98.0,96.0,97.0,90.0,88.0,0,91.0,75.0,0
0,0.0,0.0,167.0,1.0,13.0,98.0,65.0,67.0,64.0,53.0,98.0,89.0,99.0,96.0,84.0,0,90.0,76.0,0
0,0.0,0.0,121.0,0.0,4.0,97.0,65.0,64.0,59.0,54.0,95.0,90.0,94.0,89.0,96.0,0,96.0,75.0,0
0,0.0,0.0,131.0,0.0,6.0,95.0,70.0,66.0,68.0,85.0,93.0,94.0,90.0,87.0,86.0,0,87.0,95.0,0
0,0.0,0.0,176.0,7.0,14.0,93.0,60.0,55.0,52.0,63.0,99.0,90.0,93.0,87.0,82.0,0,88.0,75.0,0
0,0.0,0.0,149.0,0.0,8.0,92.0,63.0,64.0,57.0,62.0,91.0,88.0,96.0,88.0,87.0,0,86.0,75.0,0
0,0.0,0.0,126.0,0.0,2.0,91.0,70.0,67.0,64.0,65.0,79.0,99.0,91.0,87.0,89.0,0,78.0,75.0,0
0,0.0,0.0,0.0,0.0,0.0,90.0,73.0,79.0,77.0,55.0,86.0,90.0,90.0,84.0,90.0,0,72.0,84.0,0
0,0.0,0.0,92.0,0.0,4.0,89.0,90.0,92.0,93.0,62.0,76.0,97.0,82.0,83.0,84.0,0,79.0,97.0,0
0,0.0,0.0,146.0,1.0,4.0,89.0,65.0,62.0,64.0,63.0,89.0,89.0,91.0,88.0,71.0,0,90.0,75.0,0
0,0.0,0.0,115.0,1.0,3.0,89.0,85.0,94.0,92.0,80.0,74.0,97.0,89.0,86.0,75.0,0,75.0,95.0,0
0,0.0,0.0,68.0,0.0,2.0,89.0,62.0,59.0,57.0,64.0,88.0,88.0,93.0,86.0,78.0,0,94.0,75.0,0
0,0.0,0.0,96.0,0.0,0.0,88.0,73.0,71.0,67.0,74.0,86.0,95.0,87.0,85.0,77.0,0,74.0,75.0,0
0,0.0,0.0,86.0,0.0,1.0,87.0,71.0,76.0,69.0,69.0,78.0,98.0,88.0,84.0,77.0,0,71.0,84.0,0
0,0.0,0.0,87.0,0.0,3.0,85.0,67.0,62.0,64.0,54.0,87.0,86.0,87.0,79.0,72.0,0,90.0,75.0,0
0,0.0,0.0,72.0,0.0,4.0,84.0,82.0,88.0,84.0,59.0,60.0,92.0,93.0,90.0,81.0,0,74.0,88.0,0
0,0.0,0.0,107.0,0.0,3.0,84.0,54.0,56.0,52.0,66.0,85.0,93.0,85.0,78.0,84.0,0,80.0,75.0,0
0,0.0,0.0,91.0,0.0,3.0,83.0,66.0,71.0,68.0,54.0,77.0,86.0,87.0,84.0,81.0,0,81.0,77.0,0
0,0.0,0.0,98.0,0.0,3.0,83.0,78.0,81.0,77.0,59.0,81.0,87.0,86.0,80.0,74.0,0,73.0,80.0,0
0,0.0,0.0,11.0,0.0,3.0,83.0,78.0,81.0,77.0,59.0,81.0,87.0,86.0,80.0,74.0,0,73.0,80.0,0
0,0.0,0.0,0.0,0.0,0.0,83.0,93.0,90.0,96.0,56.0,58.0,95.0,80.0,85.0,88.0,0,73.0,93.0,0
0,0.0,0.0,78.0,0.0,0.0,82.0,75.0,80.0,76.0,55.0,86.0,82.0,88.0,79.0,68.0,0,77.0,76.0,0
0,0.0,0.0,37.0,0.0,0.0,82.0,74.0,82.0,80.0,78.0,70.0,97.0,83.0,73.0,85.0,0,67.0,87.0,0
0,0.0,0.0,47.0,0.0,1.0,80.0,69.0,72.0,68.0,62.0,80.0,85.0,86.0,79.0,67.0,0,80.0,75.0,0
0,0.0,0.0,40.0,0.0,0.0,80.0,64.0,65.0,62.0,53.0,79.0,84.0,87.0,79.0,72.0,0,82.0,75.0,0
0,0.0,0.0,32.0,0.0,0.0,80.0,69.0,73.0,70.0,59.0,74.0,88.0,86.0,80.0,71.0,0,80.0,75.0,0
0,0.0,0.0,44.0,0.0,0.0,80.0,73.0,74.0,64.0,51.0,72.0,88.0,90.0,80.0,71.0,0,74.0,78.0,0
0,0.0,0.0,48.0,0.0,0.0,79.0,70.0,67.0,69.0,59.0,70.0,91.0,82.0,76.0,75.0,0,82.0,75.0,0
0,0.0,0.0,8.0,0.0,0.0,79.0,76.0,82.0,78.0,64.0,75.0,82.0,87.0,79.0,72.0,0,69.0,82.0,0
0,0.0,0.0,0.0,0.0,0.0,78.0,69.0,76.0,71.0,58.0,76.0,86.0,87.0,77.0,68.0,0,71.0,75.0,0
0,0.0,0.0,62.0,0.0,1.0,77.0,75.0,80.0,78.0,74.0,75.0,89.0,82.0,73.0,71.0,0,67.0,75.0,0
0,0.0,0.0,12.0,0.0,0.0,77.0,81.0,90.0,88.0,83.0,78.0,87.0,74.0,67.0,80.0,0,62.0,80.0,0
0,0.0,0.0,22.0,0.0,0.0,77.0,83.0,89.0,86.0,65.0,72.0,95.0,76.0,72.0,73.0,0,57.0,85.0,0
0,0.0,0.0,0.0,0.0,0.0,76.0,69.0,70.0,62.0,54.0,79.0,79.0,89.0,81.0,65.0,0,62.0,75.0,0
0,0.0,0.0,33.0,0.0,2.0,75.0,85.0,86.0,87.0,69.0,67.0,89.0,85.0,72.0,70.0,0,56.0,81.0,0
0,0.0,0.0,17.0,0.0,0.0,75.0,74.0,83.0,78.0,46.0,74.0,81.0,86.0,76.0,63.0,0,63.0,84.0,0
0,0.0,0.0,12.0,0.0,0.0,75.0,73.0,76.0,74.0,57.0,71.0,87.0,84.0,72.0,68.0,0,69.0,78.0,0
0,0.0,0.0,26.0,0.0,0.0,75.0,68.0,70.0,62.0,64.0,68.0,93.0,78.0,75.0,75.0,0,66.0,75.0,0
0,0.0,0.0,0.0,0.0,0.0,75.0,60.0,64.0,60.0,50.0,75.0,90.0,80.0,75.0,74.0,0,62.0,75.0,0
0,0.0,0.0,23.0,0.0,0.0,75.0,60.0,64.0,60.0,50.0,75.0,90.0,80.0,75.0,74.0,0,62.0,75.0,0
0,0.0,0.0,34.0,0.0,0.0,75.0,53.0,54.0,55.0,59.0,83.0,82.0,83.0,75.0,66.0,0,74.0,75.0,0
0,0.0,0.0,33.0,0.0,0.0,75.0,54.0,52.0,50.0,70.0,73.0,93.0,78.0,74.0,70.0,0,81.0,75.0,0
0,0.0,0.0,15.0,0.0,0.0,75.0,83.0,87.0,85.0,66.0,54.0,95.0,73.0,76.0,79.0,0,77.0,88.0,0
0,0.0,0.0,22.0,0.0,0.0,75.0,75.0,85.0,76.0,57.0,66.0,84.0,90.0,75.0,65.0,0,71.0,84.0,0
0,0.0,0.0,13.0,0.0,0.0,74.0,64.0,66.0,71.0,53.0,56.0,93.0,87.0,75.0,84.0,0,60.0,75.0,0
0,0.0,0.0,4.0,0.0,0.0,74.0,72.0,75.0,74.0,68.0,67.0,96.0,75.0,72.0,77.0,0,51.0,75.0,0
0,0.0,0.0,91.0,0.0,1.0,74.0,83.0,87.0,76.0,61.0,45.0,90.0,87.0,82.0,75.0,0,72.0,86.0,0
0,0.0,0.0,17.0,0.0,0.0,74.0,75.0,79.0,72.0,60.0,64.0,90.0,84.0,74.0,67.0,0,67.0,75.0,0
0,0.0,0.0,6.0,0.0,0.0,74.0,61.0,72.0,66.0,55.0,67.0,86.0,81.0,72.0,76.0,0,79.0,75.0,0
0,0.0,0.0,8.0,0.0,0.0,73.0,70.0,71.0,70.0,49.0,72.0,78.0,87.0,75.0,60.0,0,72.0,78.0,0
0,0.0,0.0,14.0,0.0,0.0,73.0,84.0,85.0,87.0,57.0,74.0,79.0,77.0,69.0,70.0,0,69.0,84.0,0
0,0.0,0.0,7.0,0.0,0.0,73.0,65.0,75.0,65.0,62.0,68.0,88.0,79.0,74.0,70.0,0,66.0,75.0,0
0,0.0,0.0,9.0,0.0,0.0,73.0,56.0,58.0,49.0,53.0,82.0,77.0,86.0,78.0,55.0,0,71.0,75.0,0
0,0.0,0.0,23.0,0.0,1.0,73.0,56.0,58.0,56.0,65.0,70.0,95.0,75.0,71.0,74.0,0,65.0,75.0,0
0,0.0,0.0,0.0,0.0,0.0,73.0,65.0,69.0,66.0,60.0,75.0,87.0,78.0,72.0,66.0,0,65.0,78.0,0
0,0.0,0.0,12.0,0.0,0.0,73.0,54.0,62.0,61.0,61.0,69.0,83.0,81.0,82.0,65.0,0,80.0,75.0,0
0,0.0,0.0,2.0,0.0,0.0,72.0,71.0,72.0,72.0,59.0,66.0,86.0,77.0,72.0,67.0,0,76.0,75.0,0
0,0.0,0.0,0.0,0.0,0.0,72.0,63.0,68.0,64.0,55.0,66.0,84.0,87.0,75.0,59.0,0,80.0,75.0,0
0,0.0,0.0,4.0,0.0,0.0,72.0,51.0,54.0,49.0,73.0,45.0,98.0,83.0,84.0,73.0,0,84.0,75.0,0
0,0.0,0.0,10.0,0.0,0.0,72.0,66.0,68.0,68.0,58.0,69.0,88.0,78.0,75.0,72.0,0,52.0,75.0,0
0,0.0,0.0,100.0,0.0,4.0,72.0,62.0,60.0,65.0,52.0,56.0,84.0,89.0,78.0,63.0,0,86.0,75.0,0
0,0.0,0.0,45.0,0.0,0.0,71.0,67.0,72.0,69.0,63.0,71.0,88.0,70.0,72.0,74.0,0,62.0,76.0,0
0,0.0,0.0,0.0,0.0,0.0,71.0,83.0,87.0,86.0,63.0,65.0,87.0,74.0,71.0,69.0,0,58.0,83.0,0
0,0.0,0.0,6.0,0.0,0.0,71.0,83.0,87.0,86.0,63.0,65.0,87.0,74.0,71.0,69.0,0,58.0,83.0,0
0,0.0,0.0,40.0,0.0,0.0,70.0,77.0,79.0,75.0,59.0,71.0,78.0,75.0,79.0,66.0,0,51.0,76.0,0
0,0.0,0.0,7.0,0.0,0.0,70.0,65.0,66.0,65.0,58.0,70.0,79.0,85.0,72.0,65.0,0,65.0,75.0,0
0,0.0,0.0,10.0,0.0,0.0,70.0,70.0,80.0,74.0,64.0,68.0,86.0,76.0,72.0,73.0,0,48.0,76.0,0
0,0.0,0.0,16.0,0.0,0.0,70.0,63.0,66.0,64.0,62.0,72.0,82.0,84.0,71.0,54.0,0,74.0,75.0,0
0,0.0,0.0,7.0,0.0,0.0,70.0,88.0,92.0,93.0,53.0,63.0,89.0,72.0,74.0,68.0,0,42.0,80.0,0
0,0.0,0.0,45.0,0.0,0.0,70.0,85.0,81.0,86.0,63.0,46.0,92.0,75.0,84.0,74.0,0,55.0,85.0,0
0,0.0,0.0,0.0,0.0,0.0,70.0,69.0,77.0,73.0,54.0,66.0,83.0,79.0,74.0,60.0,0,70.0,83.0,0
0,0.0,0.0,8.0,0.0,0.0,70.0,74.0,75.0,70.0,59.0,70.0,85.0,77.0,74.0,69.0,0,46.0,77.0,0
0,0.0,0.0,139.0,0.0,10.0,70.0,83.0,92.0,85.0,51.0,54.0,91.0,84.0,73.0,63.0,0,48.0,83.0,0
0,0.0,0.0,0.0,0.0,0.0,70.0,65.0,67.0,63.0,58.0,74.0,77.0,85.0,72.0,55.0,0,70.0,75.0,0
0,0.0,0.0,4.0,0.0,0.0,70.0,65.0,67.0,63.0,58.0,74.0,77.0,85.0,72.0,55.0,0,70.0,75.0,0
0,0.0,0.0,13.0,0.0,0.0,70.0,62.0,63.0,60.0,54.0,62.0,85.0,86.0,83.0,62.0,0,53.0,75.0,0
0,0.0,0.0,10.0,0.0,0.0,69.0,75.0,77.0,74.0,60.0,62.0,82.0,77.0,74.0,66.0,0,63.0,85.0,0
0,0.0,0.0,14.0,0.0,0.0,69.0,69.0,75.0,77.0,68.0,39.0,96.0,81.0,79.0,83.0,0,55.0,75.0,0
0,0.0,0.0,0.0,0.0,0.0,69.0,78.0,73.0,74.0,60.0,61.0,83.0,82.0,68.0,74.0,0,59.0,75.0,0
0,0.0,0.0,0.0,0.0,0.0,68.0,69.0,73.0,68.0,58.0,69.0,83.0,73.0,71.0,66.0,0,55.0,79.0,0
0,0.0,0.0,0.0,0.0,0.0,68.0,56.0,61.0,54.0,43.0,59.0,75.0,92.0,82.0,62.0,0,70.0,75.0,0
0,0.0,0.0,3.0,0.0,0.0,68.0,57.0,65.0,65.0,51.0,57.0,88.0,79.0,71.0,72.0,0,69.0,75.0,0
0,0.0,0.0,2.0,0.0,0.0,68.0,65.0,64.0,50.0,64.0,65.0,86.0,83.0,74.0,63.0,0,54.0,75.0,0
0,0.0,0.0,48.0,0.0,1.0,67.0,87.0,91.0,88.0,58.0,52.0,92.0,69.0,75.0,66.0,0,50.0,84.0,0
0,0.0,0.0,4.0,0.0,0.0,67.0,87.0,91.0,92.0,61.0,63.0,89.0,66.0,66.0,69.0,0,42.0,85.0,0
0,0.0,0.0,0.0,0.0,0.0,66.0,65.0,67.0,65.0,64.0,58.0,87.0,77.0,69.0,68.0,0,60.0,75.0,0
0,0.0,0.0,2.0,0.0,0.0,66.0,75.0,82.0,77.0,59.0,57.0,83.0,73.0,69.0,65.0,0,74.0,80.0,0
0,0.0,0.0,1.0,0.0,0.0,66.0,64.0,69.0,59.0,49.0,57.0,78.0,84.0,78.0,67.0,0,59.0,75.0,0
0,0.0,0.0,0.0,0.0,0.0,66.0,56.0,64.0,63.0,49.0,68.0,78.0,90.0,70.0,50.0,0,59.0,75.0,0
0,0.0,0.0,0.0,0.0,0.0,66.0,61.0,65.0,60.0,62.0,59.0,82.0,80.0,74.0,62.0,0,65.0,75.0,0
0,0.0,0.0,0.0,0.0,0.0,66.0,64.0,63.0,64.0,66.0,53.0,82.0,88.0,74.0,52.0,0,74.0,75.0,0
0,0.0,0.0,-4.0,0.0,0.0,65.0,56.0,59.0,52.0,67.0,49.0,93.0,69.0,75.0,78.0,0,62.0,75.0,0
0,0.0,0.0,0.0,0.0,0.0,65.0,62.0,73.0,69.0,55.0,45.0,86.0,84.0,78.0,65.0,0,64.0,75.0,0
0,0.0,0.0,32.0,0.0,1.0,65.0,53.0,64.0,62.0,71.0,43.0,92.0,83.0,74.0,69.0,0,62.0,75.0,0
0,0.0,0.0,0.0,0.0,0.0,65.0,66.0,65.0,66.0,54.0,50.0,82.0,84.0,76.0,64.0,0,65.0,75.0,0
0,0.0,0.0,0.0,0.0,0.0,65.0,90.0,82.0,89.0,73.0,40.0,90.0,68.0,73.0,78.0,0,62.0,84.0,0
0,0.0,0.0,0.0,0.0,0.0,64.0,77.0,87.0,87.0,62.0,47.0,84.0,83.0,69.0,61.0,0,54.0,81.0,0
0,0.0,0.0,0.0,0.0,0.0,64.0,75.0,79.0,84.0,73.0,44.0,95.0,69.0,69.0,72.0,0,54.0,75.0,0
0,0.0,0.0,0.0,0.0,0.0,64.0,70.0,56.0,68.0,47.0,53.0,81.0,89.0,72.0,59.0,0,55.0,75.0,0
0,0.0,0.0,0.0,0.0,0.0,63.0,66.0,68.0,64.0,58.0,60.0,83.0,79.0,71.0,57.0,0,51.0,75.0,0
0,0.0,0.0,0.0,0.0,0.0,63.0,71.0,74.0,68.0,58.0,40.0,81.0,82.0,76.0,59.0,0,82.0,75.0,0
0,0.0,0.0,0.0,0.0,0.0,63.0,70.0,73.0,67.0,58.0,66.0,80.0,84.0,56.0,47.0,0,67.0,75.0,0
0,0.0,0.0,0.0,0.0,0.0,63.0,52.0,54.0,58.0,62.0,54.0,87.0,76.0,68.0,66.0,0,65.0,75.0,0
0,0.0,0.0,0.0,0.0,0.0,63.0,67.0,70.0,69.0,59.0,42.0,94.0,76.0,73.0,71.0,0,45.0,85.0,0
0,0.0,0.0,0.0,0.0,0.0,62.0,68.0,73.0,69.0,52.0,46.0,79.0,87.0,74.0,57.0,0,60.0,75.0,0
0,0.0,0.0,0.0,0.0,0.0,62.0,75.0,87.0,82.0,57.0,35.0,81.0,79.0,74.0,61.0,0,83.0,75.0,0
0,0.0,0.0,0.0,0.0,0.0,61.0,81.0,85.0,76.0,68.0,44.0,83.0,70.0,79.0,69.0,0,41.0,78.0,0
0,0.0,0.0,0.0,0.0,0.0,61.0,76.0,74.0,72.0,55.0,35.0,87.0,73.0,75.0,68.0,0,65.0,75.0,0
0,0.0,0.0,0.0,0.0,0.0,61.0,67.0,75.0,66.0,69.0,38.0,93.0,73.0,75.0,68.0,0,47.0,75.0,0
0,0.0,0.0,1.0,0.0,0.0,61.0,62.0,67.0,62.0,63.0,44.0,89.0,75.0,69.0,66.0,0,61.0,75.0,0
0,0.0,0.0,0.0,0.0,0.0,60.0,72.0,84.0,75.0,54.0,43.0,82.0,82.0,66.0,54.0,0,72.0,75.0,0
0,0.0,0.0,0.0,0.0,0.0,60.0,65.0,70.0,73.0,64.0,49.0,88.0,74.0,68.0,64.0,0,40.0,75.0,0
0,0.0,0.0,0.0,0.0,0.0,60.0,67.0,73.0,67.0,45.0,45.0,87.0,78.0,74.0,54.0,0,46.0,75.0,0
0,0.0,0.0,0.0,0.0,0.0,60.0,84.0,88.0,87.0,65.0,40.0,90.0,66.0,65.0,73.0,0,50.0,76.0,0
0,0.0,0.0,0.0,0.0,0.0,56.0,84.0,82.0,86.0,52.0,46.0,81.0,75.0,63.0,55.0,0,40.0,75.0,0
0,0.0,0.0,0.0,0.0,0.0,55.0,76.0,87.0,83.0,65.0,28.0,95.0,64.0,63.0,65.0,0,55.0,75.0,0
0,0.0,29.0,166.0,4.0,10.0,98.0,80.0,0.0,83.0,0.0,92.0,95.0,0.0,0.0,0.0,0,84.0,0.0,0
0,0.0,37.0,176.0,7.0,14.0,97.0,60.0,0.0,52.0,0.0,99.0,89.0,0.0,0.0,0.0,0,97.0,0.0,0
0,0.0,36.0,184.0,3.0,15.0,97.0,57.0,0.0,53.0,0.0,99.0,95.0,0.0,0.0,0.0,0,95.0,0.0,0
0,0.0,34.0,167.0,1.0,13.0,96.0,65.0,0.0,64.0,0.0,97.0,89.0,0.0,0.0,0.0,0,85.0,0.0,0
0,0.0,28.0,146.0,1.0,4.0,94.0,65.0,0.0,64.0,0.0,92.0,89.0,0.0,0.0,0.0,0,96.0,0.0,0
0,0.0,28.0,96.0,0.0,0.0,93.0,69.0,0.0,69.0,0.0,89.0,98.0,0.0,0.0,0.0,0,82.0,0.0,0
0,0.0,31.0,131.0,0.0,6.0,92.0,70.0,0.0,68.0,0.0,91.0,94.0,0.0,0.0,0.0,0,84.0,0.0,0
0,0.0,32.0,121.0,0.0,4.0,91.0,65.0,0.0,59.0,0.0,92.0,90.0,0.0,0.0,0.0,0,92.0,0.0,0
0,0.0,25.0,45.0,0.0,0.0,89.0,88.0,0.0,91.0,0.0,75.0,96.0,0.0,0.0,0.0,0,74.0,0.0,0
0,0.0,24.0,115.0,1.0,3.0,89.0,85.0,0.0,92.0,0.0,75.0,97.0,0.0,0.0,0.0,0,82.0,0.0,0
0,0.0,23.0,0.0,0.0,0.0,89.0,92.0,0.0,95.0,0.0,70.0,95.0,0.0,0.0,0.0,0,76.0,0.0,0
0,0.0,24.0,139.0,0.0,10.0,89.0,86.0,0.0,90.0,0.0,76.0,93.0,0.0,0.0,0.0,0,75.0,0.0,0
0,0.0,23.0,72.0,0.0,4.0,88.0,82.0,0.0,85.0,0.0,74.0,92.0,0.0,0.0,0.0,0,78.0,0.0,0
0,0.0,33.0,0.0,0.0,0.0,88.0,73.0,0.0,76.0,0.0,84.0,90.0,0.0,0.0,0.0,0,76.0,0.0,0
0,0.0,29.0,98.0,0.0,3.0,87.0,77.0,0.0,76.0,0.0,87.0,85.0,0.0,0.0,0.0,0,76.0,0.0,0
0,0.0,29.0,11.0,0.0,3.0,87.0,77.0,0.0,76.0,0.0,87.0,85.0,0.0,0.0,0.0,0,76.0,0.0,0
0,0.0,32.0,68.0,0.0,2.0,87.0,61.0,0.0,55.0,0.0,90.0,86.0,0.0,0.0,0.0,0,89.0,0.0,0
0,0.0,30.0,86.0,0.0,1.0,86.0,70.0,0.0,68.0,0.0,78.0,98.0,0.0,0.0,0.0,0,73.0,0.0,0
0,0.0,25.0,126.0,0.0,2.0,85.0,70.0,0.0,64.0,0.0,77.0,99.0,0.0,0.0,0.0,0,76.0,0.0,0
0,0.0,25.0,44.0,0.0,0.0,85.0,73.0,0.0,64.0,0.0,79.0,88.0,0.0,0.0,0.0,0,74.0,0.0,0
0,0.0,25.0,91.0,0.0,3.0,84.0,69.0,0.0,69.0,0.0,80.0,86.0,0.0,0.0,0.0,0,85.0,0.0,0
0,0.0,33.0,107.0,0.0,3.0,84.0,52.0,0.0,51.0,0.0,87.0,91.0,0.0,0.0,0.0,0,75.0,0.0,0
0,0.0,31.0,149.0,0.0,8.0,84.0,63.0,0.0,57.0,0.0,88.0,85.0,0.0,0.0,0.0,0,82.0,0.0,0
0,0.0,25.0,37.0,0.0,0.0,82.0,74.0,0.0,80.0,0.0,73.0,97.0,0.0,0.0,0.0,0,72.0,0.0,0
0,0.0,25.0,91.0,0.0,1.0,81.0,83.0,0.0,76.0,0.0,69.0,90.0,0.0,0.0,0.0,0,65.0,0.0,0
0,0.0,33.0,92.0,0.0,4.0,81.0,92.0,0.0,93.0,0.0,71.0,96.0,0.0,0.0,0.0,0,77.0,0.0,0
0,0.0,37.0,87.0,0.0,3.0,79.0,66.0,0.0,64.0,0.0,87.0,83.0,0.0,0.0,0.0,0,84.0,0.0,0
0,0.0,28.0,8.0,0.0,0.0,78.0,76.0,0.0,78.0,0.0,76.0,82.0,0.0,0.0,0.0,0,69.0,0.0,0
0,0.0,25.0,22.0,0.0,0.0,78.0,77.0,0.0,79.0,0.0,72.0,85.0,0.0,0.0,0.0,0,77.0,0.0,0
0,0.0,30.0,40.0,0.0,0.0,77.0,64.0,0.0,62.0,0.0,78.0,84.0,0.0,0.0,0.0,0,79.0,0.0,0
0,0.0,25.0,15.0,0.0,0.0,77.0,83.0,0.0,87.0,0.0,65.0,95.0,0.0,0.0,0.0,0,72.0,0.0,0
0,0.0,29.0,12.0,0.0,0.0,76.0,74.0,0.0,74.0,0.0,73.0,85.0,0.0,0.0,0.0,0,67.0,0.0,0
0,0.0,29.0,13.0,0.0,0.0,76.0,64.0,0.0,71.0,0.0,66.0,92.0,0.0,0.0,0.0,0,63.0,0.0,0
0,0.0,33.0,0.0,0.0,0.0,76.0,69.0,0.0,62.0,0.0,79.0,79.0,0.0,0.0,0.0,0,62.0,0.0,0
0,0.0,30.0,78.0,0.0,0.0,76.0,72.0,0.0,73.0,0.0,81.0,80.0,0.0,0.0,0.0,0,73.0,0.0,0
0,0.0,31.0,47.0,0.0,1.0,76.0,69.0,0.0,70.0,0.0,79.0,83.0,0.0,0.0,0.0,0,76.0,0.0,0
0,0.0,31.0,48.0,0.0,0.0,75.0,72.0,0.0,70.0,0.0,68.0,90.0,0.0,0.0,0.0,0,72.0,0.0,0
0,0.0,26.0,0.0,0.0,0.0,75.0,72.0,0.0,73.0,0.0,71.0,83.0,0.0,0.0,0.0,0,70.0,0.0,0
0,0.0,29.0,0.0,0.0,0.0,75.0,69.0,0.0,71.0,0.0,71.0,84.0,0.0,0.0,0.0,0,69.0,0.0,0
0,0.0,24.0,32.0,0.0,1.0,75.0,57.0,0.0,62.0,0.0,67.0,92.0,0.0,0.0,0.0,0,65.0,0.0,0
0,0.0,25.0,100.0,0.0,4.0,75.0,63.0,0.0,65.0,0.0,65.0,85.0,0.0,0.0,0.0,0,86.0,0.0,0
0,0.0,23.0,0.0,0.0,0.0,74.0,83.0,0.0,85.0,0.0,53.0,94.0,0.0,0.0,0.0,0,53.0,0.0,0
0,0.0,34.0,45.0,0.0,0.0,74.0,68.0,0.0,69.0,0.0,74.0,88.0,0.0,0.0,0.0,0,62.0,0.0,0
0,0.0,23.0,17.0,0.0,0.0,74.0,75.0,0.0,72.0,0.0,67.0,89.0,0.0,0.0,0.0,0,66.0,0.0,0
0,0.0,28.0,26.0,0.0,0.0,74.0,67.0,0.0,62.0,0.0,69.0,93.0,0.0,0.0,0.0,0,64.0,0.0,0
0,0.0,25.0,4.0,0.0,0.0,74.0,51.0,0.0,49.0,0.0,50.0,98.0,0.0,0.0,0.0,0,84.0,0.0,0
0,0.0,26.0,6.0,0.0,0.0,74.0,64.0,0.0,66.0,0.0,67.0,87.0,0.0,0.0,0.0,0,79.0,0.0,0
0,0.0,22.0,14.0,0.0,0.0,73.0,69.0,0.0,77.0,0.0,52.0,96.0,0.0,0.0,0.0,0,55.0,0.0,0
0,0.0,29.0,10.0,0.0,0.0,73.0,71.0,0.0,74.0,0.0,68.0,87.0,0.0,0.0,0.0,0,57.0,0.0,0
0,0.0,31.0,7.0,0.0,0.0,73.0,65.0,0.0,65.0,0.0,68.0,88.0,0.0,0.0,0.0,0,66.0,0.0,0
0,0.0,23.0,5.0,0.0,0.0,73.0,65.0,0.0,64.0,0.0,54.0,84.0,0.0,0.0,0.0,0,84.0,0.0,0
0,0.0,26.0,17.0,0.0,0.0,73.0,74.0,0.0,78.0,0.0,73.0,81.0,0.0,0.0,0.0,0,62.0,0.0,0
0,0.0,22.0,52.0,0.0,2.0,73.0,85.0,0.0,84.0,0.0,40.0,92.0,0.0,0.0,0.0,0,76.0,0.0,0
0,0.0,26.0,32.0,0.0,0.0,73.0,69.0,0.0,70.0,0.0,68.0,88.0,0.0,0.0,0.0,0,75.0,0.0,0
0,0.0,30.0,23.0,0.0,1.0,73.0,56.0,0.0,56.0,0.0,70.0,95.0,0.0,0.0,0.0,0,65.0,0.0,0
0,0.0,26.0,12.0,0.0,0.0,73.0,81.0,0.0,87.0,0.0,72.0,86.0,0.0,0.0,0.0,0,62.0,0.0,0
0,0.0,24.0,48.0,0.0,1.0,73.0,87.0,0.0,88.0,0.0,65.0,92.0,0.0,0.0,0.0,0,50.0,0.0,0
0,0.0,30.0,22.0,0.0,0.0,73.0,83.0,0.0,86.0,0.0,66.0,93.0,0.0,0.0,0.0,0,55.0,0.0,0
0,0.0,28.0,2.0,0.0,0.0,73.0,70.0,0.0,71.0,0.0,71.0,86.0,0.0,0.0,0.0,0,67.0,0.0,0
0,0.0,30.0,8.0,0.0,0.0,73.0,70.0,0.0,72.0,0.0,74.0,78.0,0.0,0.0,0.0,0,72.0,0.0,0
0,0.0,23.0,0.0,0.0,0.0,72.0,67.0,0.0,73.0,0.0,48.0,88.0,0.0,0.0,0.0,0,78.0,0.0,0
0,0.0,25.0,1.0,0.0,0.0,72.0,64.0,0.0,59.0,0.0,73.0,79.0,0.0,0.0,0.0,0,70.0,0.0,0
0,0.0,30.0,10.0,0.0,0.0,72.0,66.0,0.0,68.0,0.0,72.0,87.0,0.0,0.0,0.0,0,52.0,0.0,0
0,0.0,33.0,0.0,0.0,0.0,72.0,60.0,0.0,60.0,0.0,72.0,89.0,0.0,0.0,0.0,0,60.0,0.0,0
0,0.0,33.0,23.0,0.0,0.0,72.0,60.0,0.0,60.0,0.0,72.0,89.0,0.0,0.0,0.0,0,60.0,0.0,0
0,0.0,33.0,14.0,0.0,0.0,72.0,83.0,0.0,86.0,0.0,72.0,79.0,0.0,0.0,0.0,0,69.0,0.0,0
0,0.0,32.0,8.0,0.0,0.0,72.0,74.0,0.0,70.0,0.0,76.0,85.0,0.0,0.0,0.0,0,46.0,0.0,0
0,0.0,34.0,40.0,0.0,0.0,71.0,77.0,0.0,75.0,0.0,74.0,78.0,0.0,0.0,0.0,0,51.0,0.0,0
0,0.0,27.0,0.0,0.0,0.0,71.0,65.0,0.0,66.0,0.0,70.0,84.0,0.0,0.0,0.0,0,62.0,0.0,0
0,0.0,26.0,0.0,0.0,0.0,71.0,63.0,0.0,64.0,0.0,66.0,84.0,0.0,0.0,0.0,0,73.0,0.0,0
0,0.0,27.0,7.0,0.0,0.0,70.0,88.0,0.0,93.0,0.0,63.0,89.0,0.0,0.0,0.0,0,42.0,0.0,0
0,0.0,30.0,7.0,0.0,0.0,70.0,65.0,0.0,65.0,0.0,70.0,79.0,0.0,0.0,0.0,0,65.0,0.0,0
0,0.0,23.0,0.0,0.0,0.0,70.0,73.0,0.0,63.0,0.0,55.0,84.0,0.0,0.0,0.0,0,65.0,0.0,0
0,0.0,24.0,0.0,0.0,0.0,70.0,90.0,0.0,89.0,0.0,52.0,92.0,0.0,0.0,0.0,0,62.0,0.0,0
0,0.0,27.0,0.0,0.0,0.0,70.0,69.0,0.0,68.0,0.0,67.0,90.0,0.0,0.0,0.0,0,55.0,0.0,0
0,0.0,24.0,0.0,0.0,0.0,69.0,65.0,0.0,73.0,0.0,46.0,88.0,0.0,0.0,0.0,0,63.0,0.0,0
0,0.0,23.0,0.0,0.0,0.0,68.0,73.0,0.0,73.0,0.0,50.0,89.0,0.0,0.0,0.0,0,40.0,0.0,0
0,0.0,28.0,2.0,0.0,0.0,68.0,84.0,0.0,86.0,0.0,60.0,84.0,0.0,0.0,0.0,0,62.0,0.0,0
0,0.0,24.0,0.0,0.0,0.0,68.0,83.0,0.0,85.0,0.0,59.0,86.0,0.0,0.0,0.0,0,46.0,0.0,0
0,0.0,24.0,0.0,0.0,0.0,68.0,56.0,0.0,54.0,0.0,59.0,75.0,0.0,0.0,0.0,0,70.0,0.0,0
0,0.0,25.0,3.0,0.0,0.0,68.0,57.0,0.0,65.0,0.0,57.0,88.0,0.0,0.0,0.0,0,69.0,0.0,0
0,0.0,24.0,0.0,0.0,0.0,68.0,75.0,0.0,82.0,0.0,50.0,82.0,0.0,0.0,0.0,0,83.0,0.0,0
0,0.0,25.0,4.0,0.0,0.0,67.0,72.0,0.0,72.0,0.0,63.0,95.0,0.0,0.0,0.0,0,49.0,0.0,0
0,0.0,24.0,4.0,0.0,0.0,67.0,55.0,0.0,54.0,0.0,53.0,92.0,0.0,0.0,0.0,0,49.0,0.0,0
0,0.0,26.0,0.0,0.0,0.0,66.0,76.0,0.0,74.0,0.0,58.0,82.0,0.0,0.0,0.0,0,59.0,0.0,0
0,0.0,23.0,9.0,0.0,0.0,66.0,54.0,0.0,51.0,0.0,46.0,95.0,0.0,0.0,0.0,0,57.0,0.0,0
0,0.0,25.0,0.0,0.0,0.0,66.0,77.0,0.0,87.0,0.0,55.0,84.0,0.0,0.0,0.0,0,54.0,0.0,0
0,0.0,28.0,0.0,0.0,0.0,66.0,56.0,0.0,63.0,0.0,70.0,78.0,0.0,0.0,0.0,0,59.0,0.0,0
0,0.0,27.0,2.0,0.0,0.0,66.0,75.0,0.0,77.0,0.0,57.0,83.0,0.0,0.0,0.0,0,74.0,0.0,0
0,0.0,24.0,-4.0,0.0,0.0,65.0,56.0,0.0,52.0,0.0,54.0,93.0,0.0,0.0,0.0,0,62.0,0.0,0
0,0.0,25.0,0.0,0.0,0.0,65.0,62.0,0.0,69.0,0.0,49.0,85.0,0.0,0.0,0.0,0,62.0,0.0,0
0,0.0,25.0,0.0,0.0,0.0,65.0,68.0,0.0,69.0,0.0,50.0,80.0,0.0,0.0,0.0,0,65.0,0.0,0
0,0.0,26.0,0.0,0.0,0.0,65.0,66.0,0.0,66.0,0.0,50.0,82.0,0.0,0.0,0.0,0,65.0,0.0,0
0,0.0,27.0,1.0,0.0,0.0,65.0,87.0,0.0,89.0,0.0,54.0,84.0,0.0,0.0,0.0,0,52.0,0.0,0
0,0.0,25.0,0.0,0.0,0.0,65.0,70.0,0.0,68.0,0.0,55.0,81.0,0.0,0.0,0.0,0,55.0,0.0,0
0,0.0,26.0,1.0,0.0,0.0,65.0,62.0,0.0,62.0,0.0,57.0,89.0,0.0,0.0,0.0,0,61.0,0.0,0
0,0.0,25.0,0.0,0.0,0.0,65.0,50.0,0.0,51.0,0.0,50.0,90.0,0.0,0.0,0.0,0,63.0,0.0,0
0,0.0,24.0,0.0,0.0,0.0,64.0,78.0,0.0,76.0,0.0,48.0,84.0,0.0,0.0,0.0,0,50.0,0.0,0
0,0.0,26.0,0.0,0.0,0.0,64.0,72.0,0.0,75.0,0.0,55.0,82.0,0.0,0.0,0.0,0,72.0,0.0,0
0,0.0,22.0,0.0,0.0,0.0,64.0,81.0,0.0,75.0,0.0,48.0,84.0,0.0,0.0,0.0,0,57.0,0.0,0
0,0.0,25.0,0.0,0.0,0.0,64.0,68.0,0.0,67.0,0.0,41.0,91.0,0.0,0.0,0.0,0,55.0,0.0,0
0,0.0,21.0,0.0,0.0,0.0,64.0,56.0,0.0,62.0,0.0,47.0,96.0,0.0,0.0,0.0,0,44.0,0.0,0
0,0.0,22.0,0.0,0.0,0.0,64.0,82.0,0.0,87.0,0.0,42.0,88.0,0.0,0.0,0.0,0,45.0,0.0,0
0,0.0,25.0,0.0,0.0,0.0,64.0,78.0,0.0,84.0,0.0,39.0,82.0,0.0,0.0,0.0,0,76.0,0.0,0
0,0.0,27.0,0.0,0.0,0.0,64.0,70.0,0.0,67.0,0.0,69.0,80.0,0.0,0.0,0.0,0,67.0,0.0,0
0,0.0,25.0,0.0,0.0,0.0,64.0,71.0,0.0,68.0,0.0,45.0,92.0,0.0,0.0,0.0,0,59.0,0.0,0
0,0.0,24.0,0.0,0.0,0.0,63.0,81.0,0.0,76.0,0.0,49.0,83.0,0.0,0.0,0.0,0,41.0,0.0,0
0,0.0,23.0,0.0,0.0,0.0,63.0,84.0,0.0,88.0,0.0,39.0,84.0,0.0,0.0,0.0,0,66.0,0.0,0
0,0.0,24.0,0.0,0.0,0.0,63.0,67.0,0.0,66.0,0.0,46.0,93.0,0.0,0.0,0.0,0,47.0,0.0,0
0,0.0,24.0,0.0,0.0,0.0,62.0,78.0,0.0,70.0,0.0,40.0,78.0,0.0,0.0,0.0,0,49.0,0.0,0
0,0.0,24.0,0.0,0.0,0.0,61.0,76.0,0.0,72.0,0.0,35.0,87.0,0.0,0.0,0.0,0,65.0,0.0,0
0,0.0,0.0,176.0,7.0,14.0,98.0,60.0,55.0,52.0,63.0,99.0,86.0,99.0,0.0,88.0,0,98.0,0.0,0
0,0.0,0.0,166.0,4.0,10.0,98.0,80.0,85.0,83.0,58.0,93.0,94.0,92.0,0.0,90.0,0,87.0,0.0,0
0,0.0,0.0,167.0,1.0,13.0,96.0,66.0,69.0,65.0,53.0,98.0,89.0,97.0,0.0,81.0,0,86.0,0.0,0
0,0.0,0.0,184.0,3.0,15.0,93.0,57.0,53.0,53.0,65.0,99.0,93.0,94.0,0.0,80.0,0,81.0,0.0,0
0,0.0,0.0,139.0,0.0,10.0,93.0,86.0,92.0,90.0,57.0,84.0,93.0,87.0,0.0,89.0,0,91.0,0.0,0
0,0.0,0.0,149.0,0.0,8.0,92.0,63.0,64.0,58.0,63.0,91.0,87.0,93.0,0.0,83.0,0,95.0,0.0,0
0,0.0,0.0,0.0,0.0,0.0,91.0,73.0,78.0,76.0,55.0,85.0,90.0,90.0,0.0,81.0,0,90.0,0.0,0
0,0.0,0.0,131.0,0.0,6.0,90.0,70.0,66.0,68.0,85.0,93.0,93.0,89.0,0.0,73.0,0,69.0,0.0,0
0,0.0,0.0,98.0,0.0,3.0,89.0,77.0,79.0,76.0,59.0,88.0,85.0,94.0,0.0,86.0,0,74.0,0.0,0
0,0.0,0.0,11.0,0.0,3.0,89.0,77.0,79.0,76.0,59.0,88.0,85.0,94.0,0.0,86.0,0,74.0,0.0,0
0,0.0,0.0,45.0,0.0,0.0,89.0,88.0,91.0,92.0,63.0,75.0,95.0,82.0,0.0,85.0,0,93.0,0.0,0
0,0.0,0.0,115.0,1.0,3.0,89.0,86.0,92.0,91.0,81.0,78.0,97.0,85.0,0.0,70.0,0,90.0,0.0,0
0,0.0,0.0,72.0,0.0,4.0,88.0,83.0,87.0,85.0,61.0,81.0,92.0,89.0,0.0,74.0,0,78.0,0.0,0
0,0.0,0.0,32.0,0.0,1.0,88.0,61.0,69.0,63.0,70.0,77.0,92.0,90.0,0.0,85.0,0,96.0,0.0,0
0,0.0,0.0,146.0,1.0,4.0,87.0,65.0,62.0,64.0,63.0,88.0,89.0,87.0,0.0,77.0,0,85.0,0.0,0
0,0.0,0.0,126.0,0.0,2.0,87.0,70.0,69.0,65.0,65.0,79.0,99.0,87.0,0.0,75.0,0,79.0,0.0,0
0,0.0,0.0,86.0,0.0,1.0,86.0,71.0,76.0,68.0,69.0,77.0,98.0,87.0,0.0,85.0,0,70.0,0.0,0
0,0.0,0.0,96.0,0.0,0.0,86.0,69.0,72.0,71.0,74.0,87.0,97.0,85.0,0.0,63.0,0,75.0,0.0,0
0,0.0,0.0,91.0,0.0,3.0,85.0,69.0,74.0,69.0,54.0,81.0,86.0,85.0,0.0,83.0,0,84.0,0.0,0
0,0.0,0.0,44.0,0.0,0.0,85.0,73.0,74.0,64.0,51.0,78.0,88.0,92.0,0.0,79.0,0,90.0,0.0,0
0,0.0,0.0,91.0,0.0,1.0,84.0,83.0,85.0,76.0,62.0,72.0,91.0,87.0,0.0,70.0,0,88.0,0.0,0
0,0.0,0.0,40.0,0.0,0.0,83.0,76.0,78.0,75.0,59.0,76.0,84.0,85.0,0.0,79.0,0,85.0,0.0,0
0,0.0,0.0,107.0,0.0,3.0,83.0,52.0,56.0,51.0,66.0,88.0,90.0,85.0,0.0,67.0,0,81.0,0.0,0
0,0.0,0.0,0.0,0.0,0.0,82.0,91.0,87.0,91.0,57.0,72.0,93.0,85.0,0.0,66.0,0,68.0,0.0,0
0,0.0,0.0,121.0,0.0,4.0,81.0,65.0,66.0,59.0,54.0,87.0,88.0,84.0,0.0,72.0,0,63.0,0.0,0
0,0.0,0.0,78.0,0.0,0.0,80.0,72.0,76.0,75.0,55.0,83.0,80.0,83.0,0.0,81.0,0,80.0,0.0,0
0,0.0,0.0,0.0,0.0,0.0,79.0,65.0,69.0,66.0,60.0,73.0,86.0,82.0,0.0,78.0,0,85.0,0.0,0
0,0.0,0.0,9.0,0.0,0.0,79.0,56.0,64.0,53.0,58.0,68.0,95.0,79.0,0.0,86.0,0,87.0,0.0,0
0,0.0,0.0,87.0,0.0,3.0,79.0,66.0,62.0,64.0,54.0,87.0,83.0,84.0,0.0,64.0,0,80.0,0.0,0
0,0.0,0.0,92.0,0.0,4.0,79.0,89.0,89.0,88.0,61.0,64.0,94.0,73.0,0.0,81.0,0,85.0,0.0,0
0,0.0,0.0,0.0,0.0,0.0,78.0,83.0,85.0,85.0,71.0,65.0,93.0,75.0,0.0,72.0,0,69.0,0.0,0
0,0.0,0.0,44.0,0.0,0.0,78.0,73.0,76.0,79.0,65.0,59.0,92.0,86.0,0.0,76.0,0,79.0,0.0,0
0,0.0,0.0,52.0,0.0,2.0,78.0,84.0,83.0,83.0,56.0,59.0,93.0,84.0,0.0,85.0,0,64.0,0.0,0
0,0.0,0.0,8.0,0.0,0.0,78.0,74.0,79.0,75.0,63.0,75.0,78.0,82.0,0.0,79.0,0,90.0,0.0,0
0,0.0,0.0,68.0,0.0,2.0,78.0,60.0,55.0,54.0,64.0,84.0,84.0,85.0,0.0,79.0,0,65.0,0.0,0
0,0.0,0.0,0.0,0.0,0.0,78.0,72.0,66.0,70.0,47.0,68.0,83.0,82.0,0.0,90.0,0,82.0,0.0,0
0,0.0,0.0,47.0,0.0,1.0,78.0,69.0,74.0,69.0,59.0,79.0,83.0,83.0,0.0,87.0,0,63.0,0.0,0
0,0.0,0.0,4.0,0.0,0.0,77.0,82.0,91.0,93.0,54.0,58.0,90.0,87.0,0.0,82.0,0,59.0,0.0,0
0,0.0,0.0,100.0,0.0,4.0,77.0,63.0,65.0,65.0,52.0,72.0,85.0,87.0,0.0,74.0,0,75.0,0.0,0
0,0.0,0.0,49.0,0.0,1.0,77.0,77.0,85.0,84.0,51.0,60.0,88.0,87.0,0.0,69.0,0,79.0,0.0,0
0,0.0,0.0,22.0,0.0,0.0,77.0,78.0,86.0,82.0,60.0,67.0,84.0,85.0,0.0,78.0,0,76.0,0.0,0
0,0.0,0.0,48.0,0.0,0.0,76.0,72.0,71.0,70.0,59.0,74.0,89.0,78.0,0.0,65.0,0,76.0,0.0,0
0,0.0,0.0,10.0,0.0,0.0,76.0,66.0,70.0,67.0,58.0,71.0,85.0,82.0,0.0,88.0,0,66.0,0.0,0
0,0.0,0.0,0.0,0.0,0.0,76.0,72.0,81.0,73.0,52.0,71.0,83.0,85.0,0.0,77.0,0,70.0,0.0,0
0,0.0,0.0,0.0,0.0,0.0,76.0,69.0,70.0,62.0,54.0,79.0,79.0,86.0,0.0,66.0,0,72.0,0.0,0
0,0.0,0.0,26.0,0.0,0.0,75.0,67.0,71.0,64.0,64.0,73.0,91.0,75.0,0.0,68.0,0,75.0,0.0,0
0,0.0,0.0,8.0,0.0,0.0,75.0,74.0,75.0,70.0,59.0,76.0,85.0,77.0,0.0,69.0,0,66.0,0.0,0
0,0.0,0.0,22.0,0.0,0.0,75.0,83.0,88.0,86.0,65.0,67.0,93.0,76.0,0.0,74.0,0,60.0,0.0,0
0,0.0,0.0,0.0,0.0,0.0,75.0,91.0,90.0,91.0,73.0,63.0,92.0,74.0,0.0,66.0,0,72.0,0.0,0
0,0.0,0.0,15.0,0.0,0.0,75.0,83.0,86.0,85.0,69.0,69.0,95.0,74.0,0.0,61.0,0,61.0,0.0,0
0,0.0,0.0,40.0,0.0,0.0,74.0,64.0,65.0,62.0,52.0,76.0,84.0,84.0,0.0,66.0,0,69.0,0.0,0
0,0.0,0.0,13.0,0.0,0.0,74.0,64.0,66.0,71.0,53.0,63.0,91.0,81.0,0.0,77.0,0,76.0,0.0,0
0,0.0,0.0,0.0,0.0,0.0,74.0,69.0,75.0,71.0,58.0,71.0,84.0,82.0,0.0,78.0,0,63.0,0.0,0
0,0.0,0.0,32.0,0.0,0.0,74.0,69.0,73.0,70.0,59.0,68.0,88.0,78.0,0.0,71.0,0,75.0,0.0,0
0,0.0,0.0,93.0,0.0,4.0,74.0,80.0,83.0,78.0,53.0,57.0,93.0,86.0,0.0,68.0,0,65.0,0.0,0
0,0.0,0.0,14.0,0.0,0.0,73.0,69.0,75.0,77.0,68.0,52.0,96.0,81.0,0.0,74.0,0,65.0,0.0,0
0,0.0,0.0,10.0,0.0,0.0,73.0,71.0,80.0,74.0,64.0,68.0,87.0,77.0,0.0,74.0,0,64.0,0.0,0
0,0.0,0.0,23.0,0.0,1.0,73.0,56.0,58.0,56.0,65.0,70.0,95.0,75.0,0.0,74.0,0,65.0,0.0,0
0,0.0,0.0,4.0,0.0,0.0,73.0,51.0,54.0,49.0,73.0,50.0,98.0,83.0,0.0,75.0,0,74.0,0.0,0
0,0.0,0.0,0.0,0.0,0.0,73.0,71.0,69.0,68.0,55.0,65.0,82.0,81.0,0.0,82.0,0,72.0,0.0,0
0,0.0,0.0,17.0,0.0,0.0,73.0,74.0,83.0,78.0,46.0,73.0,81.0,85.0,0.0,62.0,0,72.0,0.0,0
0,0.0,0.0,8.0,0.0,0.0,73.0,70.0,73.0,72.0,49.0,74.0,78.0,87.0,0.0,60.0,0,72.0,0.0,0
0,0.0,0.0,7.0,0.0,0.0,73.0,65.0,75.0,65.0,62.0,68.0,88.0,79.0,0.0,73.0,0,66.0,0.0,0
0,0.0,0.0,4.0,0.0,0.0,72.0,72.0,74.0,64.0,52.0,60.0,84.0,85.0,0.0,64.0,0,76.0,0.0,0
0,0.0,0.0,0.0,0.0,0.0,72.0,69.0,77.0,74.0,64.0,67.0,89.0,76.0,0.0,74.0,0,61.0,0.0,0
0,0.0,0.0,17.0,0.0,0.0,72.0,75.0,79.0,72.0,60.0,60.0,89.0,80.0,0.0,75.0,0,68.0,0.0,0
0,0.0,0.0,48.0,0.0,1.0,72.0,87.0,89.0,87.0,58.0,65.0,91.0,74.0,0.0,62.0,0,55.0,0.0,0
0,0.0,0.0,0.0,0.0,0.0,71.0,73.0,71.0,73.0,64.0,50.0,89.0,85.0,0.0,73.0,0,60.0,0.0,0
0,0.0,0.0,0.0,0.0,0.0,71.0,63.0,68.0,64.0,55.0,66.0,84.0,83.0,0.0,64.0,0,73.0,0.0,0
0,0.0,0.0,5.0,0.0,0.0,71.0,65.0,72.0,64.0,63.0,54.0,84.0,86.0,0.0,68.0,0,77.0,0.0,0
0,0.0,0.0,0.0,0.0,0.0,71.0,83.0,81.0,85.0,53.0,65.0,86.0,76.0,0.0,74.0,0,55.0,0.0,0
0,0.0,0.0,7.0,0.0,0.0,71.0,87.0,90.0,88.0,53.0,63.0,88.0,72.0,0.0,68.0,0,55.0,0.0,0
0,0.0,0.0,0.0,0.0,0.0,71.0,67.0,76.0,73.0,65.0,48.0,88.0,83.0,0.0,70.0,0,72.0,0.0,0
0,0.0,0.0,7.0,0.0,0.0,71.0,65.0,66.0,65.0,58.0,70.0,79.0,84.0,0.0,65.0,0,71.0,0.0,0
0,0.0,0.0,0.0,0.0,0.0,71.0,66.0,67.0,66.0,54.0,58.0,83.0,84.0,0.0,80.0,0,67.0,0.0,0
0,0.0,0.0,47.0,0.0,0.0,71.0,69.0,74.0,75.0,63.0,51.0,89.0,84.0,0.0,71.0,0,66.0,0.0,0
0,0.0,0.0,0.0,0.0,0.0,70.0,73.0,66.0,63.0,60.0,57.0,84.0,82.0,0.0,67.0,0,65.0,0.0,0
0,0.0,0.0,0.0,0.0,0.0,70.0,75.0,85.0,81.0,57.0,54.0,82.0,81.0,0.0,64.0,0,83.0,0.0,0
0,0.0,0.0,3.0,0.0,0.0,70.0,70.0,76.0,62.0,64.0,54.0,94.0,76.0,0.0,66.0,0,65.0,0.0,0
0,0.0,0.0,10.0,0.0,0.0,69.0,75.0,77.0,74.0,60.0,62.0,82.0,77.0,0.0,66.0,0,63.0,0.0,0
0,0.0,0.0,0.0,0.0,0.0,69.0,75.0,74.0,73.0,49.0,53.0,85.0,77.0,0.0,64.0,0,70.0,0.0,0
0,0.0,0.0,0.0,0.0,0.0,69.0,69.0,73.0,68.0,58.0,67.0,89.0,73.0,0.0,70.0,0,55.0,0.0,0
0,0.0,0.0,2.0,0.0,0.0,69.0,65.0,64.0,50.0,64.0,65.0,86.0,83.0,0.0,63.0,0,62.0,0.0,0
0,0.0,0.0,16.0,0.0,0.0,69.0,63.0,65.0,64.0,61.0,75.0,81.0,83.0,0.0,57.0,0,67.0,0.0,0
0,0.0,0.0,2.0,0.0,0.0,68.0,84.0,85.0,86.0,55.0,60.0,84.0,68.0,0.0,69.0,0,62.0,0.0,0
0,0.0,0.0,4.0,0.0,0.0,68.0,55.0,65.0,54.0,67.0,53.0,92.0,82.0,0.0,71.0,0,55.0,0.0,0
0,0.0,0.0,1.0,0.0,0.0,68.0,64.0,65.0,59.0,62.0,48.0,93.0,75.0,0.0,76.0,0,62.0,0.0,0
0,0.0,0.0,3.0,0.0,0.0,67.0,57.0,65.0,65.0,51.0,57.0,88.0,79.0,0.0,66.0,0,69.0,0.0,0
0,0.0,0.0,0.0,0.0,0.0,67.0,76.0,83.0,82.0,63.0,49.0,87.0,74.0,0.0,77.0,0,60.0,0.0,0
0,0.0,0.0,0.0,0.0,0.0,67.0,56.0,61.0,54.0,43.0,59.0,75.0,86.0,0.0,62.0,0,70.0,0.0,0
0,0.0,0.0,4.0,0.0,0.0,67.0,88.0,93.0,93.0,64.0,66.0,89.0,65.0,0.0,68.0,0,42.0,0.0,0
0,0.0,0.0,0.0,0.0,0.0,67.0,65.0,76.0,73.0,56.0,46.0,88.0,83.0,0.0,72.0,0,63.0,0.0,0
0,0.0,0.0,1.0,0.0,0.0,66.0,69.0,77.0,64.0,57.0,52.0,83.0,82.0,0.0,63.0,0,55.0,0.0,0
0,0.0,0.0,0.0,0.0,0.0,66.0,54.0,63.0,58.0,62.0,62.0,87.0,76.0,0.0,66.0,0,65.0,0.0,0
0,0.0,0.0,0.0,0.0,0.0,66.0,82.0,86.0,85.0,51.0,49.0,81.0,72.0,0.0,66.0,0,74.0,0.0,0
0,0.0,0.0,0.0,0.0,0.0,66.0,77.0,87.0,87.0,62.0,55.0,84.0,83.0,0.0,61.0,0,54.0,0.0,0
0,0.0,0.0,2.0,0.0,0.0,66.0,74.0,81.0,72.0,60.0,47.0,86.0,82.0,0.0,72.0,0,64.0,0.0,0
0,0.0,0.0,14.0,0.0,0.0,66.0,64.0,71.0,63.0,52.0,52.0,81.0,83.0,0.0,68.0,0,64.0,0.0,0
0,0.0,0.0,0.0,0.0,0.0,66.0,64.0,71.0,63.0,52.0,52.0,81.0,83.0,0.0,68.0,0,64.0,0.0,0
0,0.0,0.0,0.0,0.0,0.0,65.0,82.0,91.0,87.0,49.0,42.0,88.0,78.0,0.0,69.0,0,55.0,0.0,0
0,0.0,0.0,0.0,0.0,0.0,65.0,74.0,72.0,72.0,54.0,49.0,82.0,79.0,0.0,62.0,0,70.0,0.0,0
0,0.0,0.0,0.0,0.0,0.0,65.0,70.0,76.0,73.0,59.0,49.0,86.0,82.0,0.0,65.0,0,55.0,0.0,0
0,0.0,0.0,0.0,0.0,0.0,65.0,68.0,73.0,69.0,52.0,50.0,80.0,85.0,0.0,63.0,0,65.0,0.0,0
0,0.0,0.0,0.0,0.0,0.0,65.0,83.0,89.0,83.0,56.0,40.0,90.0,67.0,0.0,75.0,0,77.0,0.0,0
0,0.0,0.0,0.0,0.0,0.0,65.0,62.0,73.0,69.0,55.0,49.0,85.0,83.0,0.0,63.0,0,62.0,0.0,0
0,0.0,0.0,0.0,0.0,0.0,64.0,75.0,79.0,84.0,73.0,44.0,94.0,70.0,0.0,72.0,0,54.0,0.0,0
0,0.0,0.0,0.0,0.0,0.0,64.0,80.0,75.0,74.0,59.0,48.0,83.0,81.0,0.0,66.0,0,60.0,0.0,0
0,0.0,0.0,-4.0,0.0,0.0,64.0,56.0,59.0,52.0,67.0,54.0,93.0,69.0,0.0,65.0,0,62.0,0.0,0
0,0.0,0.0,0.0,0.0,0.0,64.0,56.0,65.0,62.0,54.0,47.0,96.0,74.0,0.0,74.0,0,50.0,0.0,0
0,0.0,0.0,0.0,0.0,0.0,64.0,71.0,74.0,68.0,65.0,45.0,92.0,77.0,0.0,67.0,0,59.0,0.0,0
0,0.0,0.0,0.0,0.0,0.0,64.0,76.0,74.0,72.0,55.0,45.0,86.0,74.0,0.0,61.0,0,72.0,0.0,0
0,0.0,0.0,0.0,0.0,0.0,64.0,78.0,80.0,76.0,61.0,48.0,84.0,76.0,0.0,71.0,0,50.0,0.0,0
0,0.0,0.0,0.0,0.0,0.0,64.0,70.0,78.0,74.0,55.0,46.0,86.0,78.0,0.0,63.0,0,53.0,0.0,0
0,0.0,0.0,0.0,0.0,0.0,63.0,68.0,66.0,67.0,65.0,41.0,91.0,77.0,0.0,70.0,0,61.0,0.0,0
0,0.0,0.0,0.0,0.0,0.0,63.0,81.0,85.0,76.0,68.0,49.0,83.0,70.0,0.0,69.0,0,41.0,0.0,0
0,0.0,0.0,15.0,0.0,0.0,62.0,84.0,87.0,84.0,72.0,39.0,94.0,68.0,0.0,68.0,0,54.0,0.0,0
0,0.0,0.0,0.0,0.0,0.0,62.0,84.0,87.0,88.0,62.0,39.0,84.0,74.0,0.0,63.0,0,66.0,0.0,0
74,225.0,0.0,166.0,4.0,10.0,99.0,75.0,81.0,83.0,58.0,95.0,95.0,94.0,92.0,80.0,0,93.0,0.0,0
76,225.0,0.0,184.0,3.0,15.0,97.0,53.0,63.0,57.0,65.0,99.0,94.0,96.0,97.0,70.0,0,94.0,0.0,0
72,209.0,0.0,167.0,1.0,13.0,95.0,69.0,79.0,65.0,53.0,97.0,87.0,93.0,91.0,79.0,0,93.0,0.0,0
77,241.0,0.0,131.0,0.0,6.0,95.0,73.0,69.0,68.0,85.0,95.0,94.0,87.0,90.0,73.0,0,92.0,0.0,0
76,240.0,0.0,72.0,0.0,4.0,94.0,84.0,86.0,85.0,64.0,85.0,95.0,88.0,89.0,75.0,0,92.0,0.0,0
74,230.0,0.0,0.0,0.0,0.0,93.0,64.0,77.0,76.0,55.0,92.0,89.0,93.0,92.0,78.0,0,86.0,0.0,0
77,230.0,0.0,176.0,7.0,14.0,92.0,68.0,60.0,52.0,60.0,99.0,85.0,95.0,90.0,75.0,0,80.0,0.0,0
77,228.0,0.0,149.0,0.0,8.0,90.0,62.0,62.0,57.0,63.0,89.0,87.0,91.0,90.0,74.0,0,98.0,0.0,0
76,220.0,0.0,146.0,1.0,4.0,90.0,71.0,84.0,65.0,63.0,88.0,89.0,87.0,88.0,80.0,0,85.0,0.0,0
77,245.0,0.0,115.0,1.0,3.0,90.0,84.0,88.0,90.0,81.0,83.0,97.0,80.0,87.0,68.0,0,85.0,0.0,0
78,245.0,0.0,96.0,0.0,0.0,89.0,73.0,84.0,69.0,74.0,86.0,97.0,82.0,87.0,76.0,0,76.0,0.0,0
71,206.0,0.0,139.0,0.0,10.0,89.0,86.0,90.0,91.0,59.0,84.0,93.0,82.0,85.0,72.0,0,79.0,0.0,0
76,218.0,0.0,121.0,0.0,4.0,87.0,68.0,72.0,59.0,54.0,90.0,89.0,83.0,87.0,70.0,0,85.0,0.0,0
76,220.0,0.0,91.0,0.0,1.0,85.0,82.0,86.0,82.0,62.0,78.0,91.0,89.0,87.0,61.0,0,72.0,0.0,0
76,217.0,0.0,98.0,0.0,3.0,84.0,75.0,81.0,76.0,63.0,87.0,84.0,87.0,82.0,64.0,0,78.0,0.0,0
76,217.0,0.0,11.0,0.0,3.0,84.0,75.0,81.0,76.0,63.0,87.0,84.0,87.0,82.0,64.0,0,78.0,0.0,0
75,234.0,0.0,126.0,0.0,2.0,84.0,75.0,83.0,71.0,65.0,76.0,99.0,81.0,85.0,70.0,0,68.0,0.0,0
77,235.0,0.0,107.0,0.0,3.0,83.0,73.0,64.0,51.0,66.0,86.0,88.0,86.0,83.0,69.0,0,75.0,0.0,0
74,210.0,0.0,49.0,0.0,1.0,82.0,79.0,87.0,84.0,51.0,77.0,87.0,88.0,83.0,72.0,0,64.0,0.0,0
76,230.0,0.0,45.0,0.0,0.0,81.0,85.0,86.0,92.0,63.0,75.0,95.0,76.0,78.0,63.0,0,74.0,0.0,0
76,231.0,0.0,62.0,0.0,1.0,81.0,73.0,82.0,81.0,75.0,69.0,95.0,88.0,75.0,76.0,0,70.0,0.0,0
74,220.0,0.0,91.0,0.0,3.0,80.0,76.0,84.0,71.0,54.0,81.0,86.0,87.0,79.0,68.0,0,65.0,0.0,0
75,220.0,0.0,86.0,0.0,1.0,79.0,74.0,84.0,68.0,69.0,70.0,98.0,82.0,76.0,65.0,0,75.0,0.0,0
76,224.0,0.0,44.0,0.0,0.0,79.0,76.0,73.0,64.0,51.0,76.0,87.0,88.0,75.0,64.0,0,83.0,0.0,0
75,214.0,0.0,93.0,0.0,4.0,79.0,82.0,89.0,78.0,53.0,70.0,96.0,78.0,80.0,59.0,0,77.0,0.0,0
74,223.0,0.0,78.0,0.0,0.0,78.0,70.0,80.0,74.0,55.0,82.0,80.0,85.0,73.0,67.0,0,81.0,0.0,0
78,243.0,0.0,32.0,0.0,1.0,78.0,69.0,80.0,63.0,70.0,73.0,90.0,86.0,79.0,63.0,0,75.0,0.0,0
74,222.0,0.0,0.0,0.0,0.0,78.0,90.0,91.0,89.0,57.0,68.0,92.0,84.0,70.0,65.0,0,77.0,0.0,0
76,222.0,0.0,56.0,0.0,0.0,78.0,88.0,90.0,91.0,60.0,60.0,89.0,87.0,88.0,63.0,0,60.0,0.0,0
74,225.0,0.0,32.0,0.0,0.0,76.0,71.0,84.0,70.0,59.0,74.0,86.0,78.0,79.0,65.0,0,75.0,0.0,0
75,221.0,0.0,52.0,0.0,2.0,76.0,85.0,88.0,84.0,56.0,66.0,91.0,80.0,77.0,63.0,0,65.0,0.0,0
77,224.0,0.0,1.0,0.0,0.0,76.0,66.0,70.0,58.0,62.0,62.0,95.0,77.0,76.0,74.0,0,88.0,0.0,0
76,228.0,0.0,47.0,0.0,1.0,75.0,69.0,74.0,69.0,57.0,80.0,82.0,83.0,73.0,63.0,0,73.0,0.0,0
77,232.0,0.0,44.0,0.0,0.0,74.0,76.0,81.0,79.0,65.0,67.0,91.0,78.0,74.0,63.0,0,70.0,0.0,0
78,235.0,0.0,68.0,0.0,2.0,74.0,64.0,74.0,54.0,64.0,82.0,81.0,83.0,74.0,63.0,0,65.0,0.0,0
73,220.0,0.0,8.0,0.0,0.0,74.0,80.0,85.0,72.0,49.0,74.0,78.0,87.0,75.0,55.0,0,72.0,0.0,0
78,245.0,0.0,4.0,0.0,0.0,74.0,57.0,75.0,49.0,73.0,63.0,97.0,78.0,79.0,66.0,0,73.0,0.0,0
77,226.0,0.0,7.0,0.0,0.0,74.0,75.0,81.0,65.0,62.0,71.0,84.0,78.0,71.0,67.0,0,86.0,0.0,0
75,220.0,0.0,0.0,0.0,0.0,74.0,74.0,69.0,62.0,53.0,79.0,77.0,85.0,73.0,57.0,0,85.0,0.0,0
77,240.0,0.0,0.0,0.0,0.0,73.0,83.0,86.0,85.0,71.0,65.0,93.0,73.0,75.0,62.0,0,67.0,0.0,0
80,240.0,0.0,14.0,0.0,0.0,73.0,76.0,75.0,77.0,68.0,60.0,95.0,78.0,77.0,65.0,0,63.0,0.0,0
78,225.0,0.0,9.0,0.0,0.0,73.0,69.0,78.0,53.0,58.0,69.0,93.0,79.0,73.0,67.0,0,63.0,0.0,0
75,243.0,0.0,10.0,0.0,0.0,73.0,75.0,87.0,74.0,64.0,69.0,89.0,74.0,72.0,71.0,0,66.0,0.0,0
76,235.0,0.0,87.0,0.0,3.0,73.0,63.0,62.0,64.0,54.0,87.0,79.0,82.0,69.0,53.0,0,75.0,0.0,0
75,228.0,0.0,13.0,0.0,0.0,73.0,74.0,84.0,71.0,53.0,70.0,91.0,78.0,69.0,62.0,0,73.0,0.0,0
75,220.0,0.0,0.0,0.0,0.0,73.0,70.0,80.0,71.0,58.0,76.0,82.0,82.0,73.0,64.0,0,63.0,0.0,0
75,230.0,0.0,26.0,0.0,0.0,73.0,70.0,81.0,64.0,64.0,73.0,89.0,74.0,70.0,64.0,0,73.0,0.0,0
74,225.0,0.0,8.0,0.0,0.0,73.0,75.0,84.0,75.0,63.0,74.0,78.0,81.0,74.0,62.0,0,73.0,0.0,0
74,225.0,0.0,47.0,0.0,0.0,73.0,73.0,81.0,75.0,63.0,57.0,90.0,84.0,80.0,63.0,0,67.0,0.0,0
74,229.0,0.0,22.0,0.0,0.0,73.0,82.0,88.0,84.0,60.0,67.0,83.0,78.0,72.0,64.0,0,76.0,0.0,0
74,221.0,0.0,0.0,0.0,0.0,73.0,81.0,87.0,81.0,57.0,65.0,85.0,77.0,79.0,69.0,0,65.0,0.0,0
75,202.0,0.0,100.0,0.0,4.0,73.0,76.0,83.0,65.0,52.0,66.0,84.0,79.0,71.0,69.0,0,82.0,0.0,0
74,215.0,0.0,17.0,0.0,0.0,73.0,76.0,84.0,78.0,46.0,69.0,81.0,82.0,74.0,62.0,0,75.0,0.0,0
74,225.0,0.0,22.0,0.0,0.0,73.0,77.0,83.0,86.0,65.0,67.0,93.0,76.0,70.0,64.0,0,60.0,0.0,0
74,215.0,0.0,0.0,0.0,0.0,73.0,68.0,85.0,67.0,60.0,73.0,84.0,73.0,74.0,65.0,0,82.0,0.0,0
76,235.0,0.0,17.0,0.0,0.0,72.0,83.0,87.0,72.0,60.0,65.0,88.0,80.0,72.0,62.0,0,65.0,0.0,0
74,210.0,0.0,3.0,0.0,0.0,72.0,77.0,71.0,65.0,51.0,71.0,87.0,79.0,71.0,60.0,0,69.0,0.0,0
75,220.0,0.0,4.0,0.0,0.0,72.0,74.0,81.0,64.0,52.0,65.0,84.0,84.0,75.0,58.0,0,76.0,0.0,0
73,208.0,0.0,48.0,0.0,1.0,72.0,87.0,92.0,87.0,58.0,65.0,90.0,74.0,75.0,62.0,0,58.0,0.0,0
76,218.0,0.0,40.0,0.0,0.0,72.0,77.0,80.0,72.0,57.0,75.0,83.0,77.0,71.0,69.0,0,60.0,0.0,0
74,220.0,0.0,10.0,0.0,0.0,72.0,70.0,70.0,67.0,58.0,70.0,83.0,82.0,73.0,69.0,0,66.0,0.0,0
72,225.0,0.0,0.0,0.0,0.0,72.0,75.0,85.0,73.0,52.0,70.0,82.0,84.0,71.0,61.0,0,70.0,0.0,0
76,217.0,0.0,6.0,0.0,0.0,72.0,68.0,79.0,66.0,55.0,66.0,87.0,81.0,71.0,63.0,0,74.0,0.0,0
78,230.0,0.0,23.0,0.0,1.0,72.0,65.0,67.0,56.0,65.0,73.0,92.0,75.0,72.0,65.0,0,64.0,0.0,0
73,205.0,0.0,0.0,0.0,0.0,72.0,80.0,86.0,70.0,47.0,65.0,83.0,81.0,74.0,62.0,0,75.0,0.0,0
76,217.0,0.0,8.0,0.0,0.0,72.0,75.0,82.0,70.0,59.0,76.0,83.0,77.0,73.0,60.0,0,66.0,0.0,0
72,210.0,0.0,4.0,0.0,0.0,71.0,82.0,89.0,91.0,54.0,55.0,89.0,84.0,73.0,61.0,0,60.0,0.0,0
74,223.0,0.0,0.0,0.0,0.0,71.0,69.0,81.0,73.0,65.0,52.0,88.0,83.0,85.0,64.0,0,72.0,0.0,0
72,200.0,0.0,0.0,0.0,0.0,71.0,76.0,81.0,54.0,43.0,69.0,75.0,86.0,82.0,56.0,0,70.0,0.0,0
74,213.0,0.0,0.0,0.0,0.0,71.0,72.0,81.0,66.0,54.0,62.0,83.0,84.0,76.0,62.0,0,70.0,0.0,0
74,220.0,0.0,0.0,0.0,0.0,71.0,81.0,88.0,72.0,52.0,54.0,89.0,78.0,75.0,72.0,0,71.0,0.0,0
77,225.0,0.0,0.0,0.0,0.0,70.0,75.0,70.0,63.0,60.0,57.0,84.0,82.0,83.0,62.0,0,65.0,0.0,0
75,230.0,0.0,4.0,0.0,0.0,70.0,77.0,85.0,76.0,56.0,48.0,91.0,86.0,72.0,63.0,0,76.0,0.0,0
77,218.0,0.0,7.0,0.0,0.0,70.0,68.0,74.0,65.0,58.0,70.0,79.0,84.0,72.0,59.0,0,71.0,0.0,0
75,226.0,0.0,5.0,0.0,0.0,70.0,85.0,87.0,83.0,63.0,47.0,91.0,85.0,68.0,63.0,0,80.0,0.0,0
73,210.0,0.0,0.0,0.0,0.0,70.0,75.0,82.0,68.0,55.0,71.0,79.0,81.0,72.0,61.0,0,67.0,0.0,0
76,228.0,0.0,3.0,0.0,0.0,70.0,73.0,82.0,62.0,64.0,54.0,94.0,76.0,80.0,60.0,0,65.0,0.0,0
75,205.0,0.0,7.0,0.0,0.0,69.0,83.0,89.0,86.0,53.0,65.0,87.0,72.0,73.0,61.0,0,55.0,0.0,0
74,219.0,0.0,0.0,0.0,0.0,69.0,74.0,84.0,74.0,64.0,65.0,88.0,75.0,70.0,63.0,0,61.0,0.0,0
74,227.0,0.0,5.0,0.0,0.0,69.0,73.0,80.0,64.0,63.0,54.0,84.0,85.0,75.0,61.0,0,77.0,0.0,0
77,229.0,0.0,2.0,0.0,0.0,69.0,68.0,75.0,58.0,61.0,56.0,88.0,73.0,76.0,74.0,0,76.0,0.0,0
78,250.0,0.0,15.0,0.0,0.0,68.0,85.0,89.0,84.0,74.0,52.0,94.0,73.0,72.0,64.0,0,55.0,0.0,0
73,210.0,0.0,0.0,0.0,0.0,68.0,77.0,78.0,73.0,49.0,53.0,85.0,77.0,82.0,58.0,0,70.0,0.0,0
75,236.0,0.0,12.0,0.0,0.0,68.0,79.0,89.0,85.0,83.0,72.0,84.0,72.0,66.0,58.0,0,59.0,0.0,0
75,221.0,0.0,4.0,0.0,0.0,68.0,67.0,83.0,54.0,67.0,53.0,92.0,82.0,77.0,63.0,0,55.0,0.0,0
75,225.0,0.0,0.0,0.0,0.0,68.0,71.0,68.0,64.0,55.0,66.0,81.0,82.0,69.0,57.0,0,70.0,0.0,0
75,221.0,0.0,0.0,0.0,0.0,67.0,77.0,74.0,73.0,64.0,55.0,85.0,84.0,73.0,59.0,0,60.0,0.0,0
78,240.0,0.0,37.0,0.0,0.0,67.0,72.0,81.0,80.0,72.0,65.0,90.0,71.0,67.0,60.0,0,55.0,0.0,0
73,228.0,0.0,1.0,0.0,0.0,66.0,72.0,84.0,64.0,57.0,54.0,83.0,82.0,81.0,58.0,0,55.0,0.0,0
77,235.0,0.0,0.0,0.0,0.0,66.0,73.0,83.0,63.0,68.0,46.0,88.0,75.0,81.0,60.0,0,75.0,0.0,0
75,221.0,0.0,0.0,0.0,0.0,66.0,83.0,87.0,73.0,57.0,60.0,81.0,79.0,68.0,59.0,0,60.0,0.0,0
76,235.0,0.0,4.0,0.0,0.0,66.0,88.0,89.0,93.0,64.0,66.0,89.0,65.0,66.0,62.0,0,45.0,0.0,0
74,218.0,0.0,0.0,0.0,0.0,65.0,74.0,82.0,62.0,48.0,55.0,81.0,83.0,75.0,59.0,0,55.0,0.0,0
75,220.0,0.0,0.0,0.0,0.0,65.0,76.0,83.0,69.0,52.0,50.0,80.0,85.0,76.0,58.0,0,65.0,0.0,0
76,233.0,0.0,0.0,0.0,0.0,65.0,89.0,88.0,90.0,73.0,51.0,91.0,69.0,66.0,57.0,0,67.0,0.0,0
76,221.0,0.0,2.0,0.0,0.0,65.0,76.0,84.0,72.0,60.0,47.0,86.0,82.0,69.0,63.0,0,64.0,0.0,0
75,228.0,0.0,0.0,0.0,0.0,65.0,76.0,84.0,72.0,54.0,49.0,82.0,79.0,76.0,57.0,0,70.0,0.0,0
77,210.0,0.0,14.0,0.0,0.0,65.0,64.0,77.0,63.0,52.0,52.0,81.0,83.0,76.0,62.0,0,64.0,0.0,0
77,210.0,0.0,0.0,0.0,0.0,65.0,64.0,77.0,63.0,52.0,52.0,81.0,83.0,76.0,62.0,0,64.0,0.0,0
74,220.0,0.0,0.0,0.0,0.0,65.0,76.0,83.0,74.0,55.0,64.0,82.0,81.0,66.0,58.0,0,45.0,0.0,0
76,220.0,0.0,0.0,0.0,0.0,65.0,72.0,82.0,73.0,59.0,49.0,86.0,82.0,76.0,59.0,0,55.0,0.0,0
75,218.0,0.0,0.0,0.0,0.0,64.0,81.0,84.0,75.0,55.0,49.0,86.0,72.0,77.0,57.0,0,61.0,0.0,0
75,220.0,0.0,16.0,0.0,0.0,64.0,74.0,81.0,75.0,63.0,52.0,79.0,80.0,74.0,57.0,0,65.0,0.0,0
73,210.0,0.0,0.0,0.0,0.0,64.0,83.0,87.0,84.0,51.0,51.0,80.0,72.0,76.0,58.0,0,69.0,0.0,0
75,230.0,0.0,0.0,0.0,0.0,64.0,68.0,74.0,68.0,65.0,50.0,92.0,77.0,68.0,62.0,0,59.0,0.0,0
76,228.0,0.0,0.0,0.0,0.0,64.0,74.0,84.0,69.0,55.0,54.0,82.0,81.0,73.0,56.0,0,60.0,0.0,0
74,218.0,0.0,0.0,0.0,0.0,64.0,84.0,89.0,83.0,56.0,42.0,90.0,70.0,73.0,61.0,0,70.0,0.0,0
75,210.0,0.0,0.0,0.0,0.0,63.0,79.0,88.0,72.0,55.0,45.0,86.0,79.0,72.0,53.0,0,70.0,0.0,0
74,222.0,0.0,0.0,0.0,0.0,63.0,78.0,87.0,83.0,62.0,55.0,83.0,82.0,66.0,54.0,0,54.0,0.0,0
77,230.0,0.0,0.0,0.0,0.0,63.0,72.0,85.0,67.0,65.0,41.0,91.0,77.0,73.0,62.0,0,61.0,0.0,0
78,215.0,0.0,0.0,0.0,0.0,63.0,69.0,82.0,62.0,54.0,52.0,93.0,73.0,69.0,63.0,0,50.0,0.0,0
71,217.0,0.0,0.0,0.0,0.0,63.0,83.0,89.0,88.0,62.0,45.0,84.0,74.0,71.0,58.0,0,66.0,0.0,0
74,234.0,0.0,0.0,0.0,0.0,62.0,75.0,82.0,81.0,68.0,50.0,83.0,70.0,79.0,61.0,0,48.0,0.0,0
75,223.0,0.0,0.0,0.0,0.0,62.0,80.0,86.0,76.0,61.0,48.0,84.0,76.0,73.0,62.0,0,50.0,0.0,0
73,223.0,0.0,0.0,0.0,0.0,62.0,85.0,88.0,79.0,62.0,50.0,85.0,68.0,74.0,58.0,0,54.0,0.0,0
73,213.0,0.0,0.0,0.0,0.0,62.0,85.0,89.0,78.0,53.0,48.0,79.0,79.0,77.0,57.0,0,53.0,0.0,0
73,222.0,0.0,0.0,0.0,0.0,61.0,77.0,85.0,82.0,63.0,41.0,86.0,74.0,72.0,60.0,0,60.0,0.0,0
74,211.0,0.0,0.0,0.0,0.0,60.0,79.0,84.0,77.0,53.0,46.0,89.0,72.0,65.0,64.0,0,49.0,0.0,0
78,223.0,0.0,0.0,0.0,0.0,59.0,73.0,81.0,77.0,63.0,40.0,90.0,72.0,69.0,58.0,0,58.0,0.0,0
76,248.0,0.0,0.0,0.0,0.0,57.0,78.0,81.0,69.0,64.0,44.0,91.0,68.0,63.0,57.0,0,45.0,0.0,0
74,230.0,0.0,0.0,0.0,0.0,55.0,84.0,87.0,79.0,63.0,37.0,91.0,65.0,63.0,60.0,0,44.0,0.0,0
0,0.0,0.0,166.0,4.0,10.0,96.0,78.0,81.0,81.0,58.0,91.0,98.0,0.0,0.0,0.0,0,95.0,0.0,0
0,0.0,0.0,115.0,1.0,3.0,94.0,86.0,89.0,90.0,81.0,87.0,97.0,0.0,0.0,0.0,0,88.0,0.0,0
0,0.0,0.0,184.0,3.0,15.0,94.0,58.0,61.0,62.0,64.0,99.0,94.0,0.0,0.0,0.0,0,98.0,0.0,0
0,0.0,0.0,131.0,0.0,6.0,93.0,73.0,72.0,67.0,82.0,91.0,95.0,0.0,0.0,0.0,0,88.0,0.0,0
0,0.0,0.0,139.0,0.0,10.0,91.0,85.0,89.0,92.0,59.0,91.0,93.0,0.0,0.0,0.0,0,81.0,0.0,0
0,0.0,0.0,167.0,1.0,13.0,90.0,68.0,71.0,63.0,53.0,98.0,89.0,0.0,0.0,0.0,0,94.0,0.0,0
0,0.0,0.0,107.0,0.0,3.0,89.0,67.0,62.0,59.0,64.0,94.0,91.0,0.0,0.0,0.0,0,85.0,0.0,0
0,0.0,0.0,72.0,0.0,4.0,88.0,83.0,86.0,84.0,74.0,87.0,95.0,0.0,0.0,0.0,0,83.0,0.0,0
0,0.0,0.0,91.0,0.0,3.0,87.0,75.0,79.0,71.0,54.0,88.0,90.0,0.0,0.0,0.0,0,78.0,0.0,0
0,0.0,0.0,0.0,0.0,0.0,86.0,67.0,73.0,73.0,55.0,90.0,88.0,0.0,0.0,0.0,0,87.0,0.0,0
0,0.0,0.0,126.0,0.0,2.0,85.0,74.0,78.0,71.0,67.0,84.0,98.0,0.0,0.0,0.0,0,69.0,0.0,0
0,0.0,0.0,149.0,0.0,8.0,84.0,62.0,62.0,56.0,62.0,94.0,88.0,0.0,0.0,0.0,0,94.0,0.0,0
0,0.0,0.0,146.0,1.0,4.0,84.0,71.0,79.0,64.0,63.0,87.0,90.0,0.0,0.0,0.0,0,85.0,0.0,0
0,0.0,0.0,93.0,0.0,4.0,83.0,82.0,88.0,78.0,53.0,80.0,95.0,0.0,0.0,0.0,0,77.0,0.0,0
0,0.0,0.0,100.0,0.0,4.0,83.0,75.0,82.0,65.0,52.0,87.0,89.0,0.0,0.0,0.0,0,84.0,0.0,0
0,0.0,0.0,48.0,0.0,1.0,82.0,87.0,91.0,88.0,58.0,85.0,91.0,0.0,0.0,0.0,0,74.0,0.0,0
0,0.0,0.0,62.0,0.0,1.0,82.0,78.0,82.0,81.0,75.0,78.0,95.0,0.0,0.0,0.0,0,74.0,0.0,0
0,0.0,0.0,98.0,0.0,3.0,82.0,76.0,80.0,76.0,63.0,86.0,85.0,0.0,0.0,0.0,0,79.0,0.0,0
0,0.0,0.0,11.0,0.0,3.0,82.0,76.0,80.0,76.0,63.0,86.0,85.0,0.0,0.0,0.0,0,79.0,0.0,0
0,0.0,0.0,44.0,0.0,0.0,82.0,78.0,81.0,79.0,69.0,81.0,93.0,0.0,0.0,0.0,0,75.0,0.0,0
0,0.0,0.0,121.0,0.0,4.0,81.0,68.0,69.0,58.0,54.0,87.0,88.0,0.0,0.0,0.0,0,85.0,0.0,0
0,0.0,0.0,96.0,0.0,0.0,81.0,72.0,81.0,67.0,72.0,82.0,97.0,0.0,0.0,0.0,0,74.0,0.0,0
0,0.0,0.0,49.0,0.0,1.0,81.0,82.0,87.0,84.0,51.0,82.0,90.0,0.0,0.0,0.0,0,72.0,0.0,0
0,0.0,0.0,86.0,0.0,1.0,80.0,73.0,78.0,68.0,69.0,77.0,97.0,0.0,0.0,0.0,0,75.0,0.0,0
0,0.0,0.0,91.0,0.0,1.0,79.0,81.0,85.0,83.0,62.0,78.0,91.0,0.0,0.0,0.0,0,72.0,0.0,0
0,0.0,0.0,78.0,0.0,0.0,79.0,71.0,80.0,72.0,54.0,87.0,86.0,0.0,0.0,0.0,0,81.0,0.0,0
0,0.0,0.0,56.0,0.0,0.0,79.0,88.0,90.0,91.0,60.0,76.0,89.0,0.0,0.0,0.0,0,67.0,0.0,0
0,0.0,0.0,44.0,0.0,0.0,78.0,62.0,66.0,64.0,51.0,85.0,88.0,0.0,0.0,0.0,0,81.0,0.0,0
0,0.0,0.0,96.0,0.0,4.0,77.0,78.0,86.0,69.0,63.0,74.0,92.0,0.0,0.0,0.0,0,73.0,0.0,0
0,0.0,0.0,14.0,0.0,0.0,77.0,75.0,75.0,77.0,70.0,74.0,96.0,0.0,0.0,0.0,0,68.0,0.0,0
0,0.0,0.0,60.0,0.0,1.0,76.0,82.0,86.0,70.0,72.0,67.0,92.0,0.0,0.0,0.0,0,77.0,0.0,0
0,0.0,0.0,0.0,0.0,0.0,75.0,79.0,82.0,70.0,47.0,75.0,85.0,0.0,0.0,0.0,0,75.0,0.0,0
0,0.0,0.0,17.0,0.0,0.0,74.0,82.0,82.0,72.0,60.0,71.0,88.0,0.0,0.0,0.0,0,67.0,0.0,0
0,0.0,0.0,45.0,0.0,0.0,74.0,85.0,87.0,91.0,63.0,70.0,94.0,0.0,0.0,0.0,0,68.0,0.0,0
0,0.0,0.0,2.0,0.0,0.0,74.0,79.0,84.0,83.0,74.0,68.0,93.0,0.0,0.0,0.0,0,75.0,0.0,0
0,0.0,0.0,0.0,0.0,0.0,73.0,67.0,74.0,67.0,60.0,73.0,90.0,0.0,0.0,0.0,0,76.0,0.0,0
0,0.0,0.0,4.0,0.0,0.0,73.0,74.0,80.0,64.0,52.0,71.0,86.0,0.0,0.0,0.0,0,76.0,0.0,0
0,0.0,0.0,0.0,0.0,0.0,73.0,85.0,82.0,83.0,57.0,70.0,92.0,0.0,0.0,0.0,0,81.0,0.0,0
0,0.0,0.0,52.0,0.0,2.0,73.0,84.0,82.0,82.0,56.0,66.0,91.0,0.0,0.0,0.0,0,65.0,0.0,0
0,0.0,0.0,32.0,0.0,0.0,72.0,70.0,78.0,70.0,59.0,77.0,87.0,0.0,0.0,0.0,0,76.0,0.0,0
0,0.0,0.0,47.0,0.0,0.0,72.0,73.0,80.0,75.0,63.0,65.0,90.0,0.0,0.0,0.0,0,70.0,0.0,0
0,0.0,0.0,0.0,0.0,0.0,72.0,78.0,82.0,62.0,70.0,75.0,90.0,0.0,0.0,0.0,0,74.0,0.0,0
0,0.0,0.0,13.0,0.0,0.0,72.0,73.0,77.0,70.0,52.0,75.0,90.0,0.0,0.0,0.0,0,74.0,0.0,0
0,0.0,0.0,0.0,0.0,0.0,71.0,82.0,81.0,85.0,71.0,64.0,92.0,0.0,0.0,0.0,0,67.0,0.0,0
0,0.0,0.0,40.0,0.0,0.0,71.0,74.0,74.0,71.0,57.0,79.0,83.0,0.0,0.0,0.0,0,70.0,0.0,0
0,0.0,0.0,9.0,0.0,0.0,71.0,69.0,74.0,53.0,58.0,69.0,93.0,0.0,0.0,0.0,0,63.0,0.0,0
0,0.0,0.0,94.0,0.0,4.0,71.0,82.0,86.0,83.0,74.0,67.0,92.0,0.0,0.0,0.0,0,74.0,0.0,0
0,0.0,0.0,0.0,0.0,0.0,71.0,75.0,82.0,73.0,52.0,70.0,85.0,0.0,0.0,0.0,0,70.0,0.0,0
0,0.0,0.0,8.0,0.0,0.0,71.0,71.0,75.0,59.0,59.0,79.0,84.0,0.0,0.0,0.0,0,73.0,0.0,0
0,0.0,0.0,5.0,0.0,0.0,70.0,77.0,81.0,63.0,62.0,66.0,87.0,0.0,0.0,0.0,0,77.0,0.0,0
0,0.0,0.0,68.0,0.0,2.0,70.0,63.0,69.0,53.0,64.0,84.0,82.0,0.0,0.0,0.0,0,74.0,0.0,0
0,0.0,0.0,5.0,0.0,0.0,70.0,85.0,87.0,83.0,63.0,54.0,91.0,0.0,0.0,0.0,0,80.0,0.0,0
0,0.0,0.0,23.0,0.0,1.0,70.0,64.0,67.0,54.0,65.0,74.0,91.0,0.0,0.0,0.0,0,64.0,0.0,0
0,0.0,0.0,34.0,0.0,0.0,70.0,76.0,81.0,82.0,72.0,57.0,94.0,0.0,0.0,0.0,0,76.0,0.0,0
0,0.0,0.0,47.0,0.0,1.0,70.0,68.0,74.0,64.0,57.0,78.0,84.0,0.0,0.0,0.0,0,76.0,0.0,0
0,0.0,0.0,0.0,0.0,0.0,69.0,80.0,86.0,81.0,57.0,66.0,85.0,0.0,0.0,0.0,0,66.0,0.0,0
0,0.0,0.0,0.0,0.0,0.0,69.0,76.0,79.0,54.0,43.0,70.0,80.0,0.0,0.0,0.0,0,75.0,0.0,0
0,0.0,0.0,0.0,0.0,0.0,69.0,62.0,71.0,69.0,58.0,78.0,81.0,0.0,0.0,0.0,0,68.0,0.0,0
0,0.0,0.0,26.0,0.0,0.0,69.0,64.0,72.0,61.0,64.0,75.0,88.0,0.0,0.0,0.0,0,73.0,0.0,0
0,0.0,0.0,8.0,0.0,0.0,69.0,76.0,80.0,70.0,49.0,77.0,78.0,0.0,0.0,0.0,0,72.0,0.0,0
0,0.0,0.0,10.0,0.0,0.0,68.0,75.0,79.0,73.0,63.0,69.0,89.0,0.0,0.0,0.0,0,66.0,0.0,0
0,0.0,0.0,10.0,0.0,0.0,68.0,69.0,68.0,66.0,58.0,72.0,84.0,0.0,0.0,0.0,0,66.0,0.0,0
0,0.0,0.0,17.0,0.0,0.0,68.0,75.0,84.0,78.0,46.0,70.0,81.0,0.0,0.0,0.0,0,75.0,0.0,0
0,0.0,0.0,0.0,0.0,0.0,68.0,68.0,66.0,60.0,52.0,80.0,77.0,0.0,0.0,0.0,0,85.0,0.0,0
0,0.0,0.0,2.0,0.0,0.0,67.0,80.0,84.0,77.0,68.0,64.0,86.0,0.0,0.0,0.0,0,74.0,0.0,0
0,0.0,0.0,0.0,0.0,0.0,67.0,72.0,78.0,66.0,54.0,62.0,83.0,0.0,0.0,0.0,0,70.0,0.0,0
0,0.0,0.0,0.0,0.0,0.0,67.0,78.0,80.0,64.0,57.0,64.0,95.0,0.0,0.0,0.0,0,69.0,0.0,0
0,0.0,0.0,4.0,0.0,0.0,67.0,57.0,69.0,49.0,73.0,62.0,94.0,0.0,0.0,0.0,0,72.0,0.0,0
0,0.0,0.0,7.0,0.0,0.0,66.0,85.0,86.0,82.0,68.0,62.0,91.0,0.0,0.0,0.0,0,75.0,0.0,0
0,0.0,0.0,0.0,0.0,0.0,66.0,81.0,85.0,78.0,73.0,59.0,96.0,0.0,0.0,0.0,0,75.0,0.0,0
0,0.0,0.0,1.0,0.0,0.0,66.0,65.0,69.0,58.0,62.0,59.0,92.0,0.0,0.0,0.0,0,77.0,0.0,0
0,0.0,0.0,7.0,0.0,0.0,66.0,67.0,73.0,64.0,58.0,75.0,80.0,0.0,0.0,0.0,0,74.0,0.0,0
0,0.0,0.0,4.0,0.0,0.0,66.0,67.0,81.0,54.0,67.0,55.0,91.0,0.0,0.0,0.0,0,55.0,0.0,0
0,0.0,0.0,0.0,0.0,0.0,65.0,74.0,83.0,74.0,64.0,65.0,88.0,0.0,0.0,0.0,0,61.0,0.0,0
0,0.0,0.0,5.0,0.0,0.0,65.0,78.0,81.0,61.0,56.0,51.0,88.0,0.0,0.0,0.0,0,76.0,0.0,0
0,0.0,0.0,4.0,0.0,0.0,65.0,77.0,83.0,76.0,56.0,48.0,91.0,0.0,0.0,0.0,0,76.0,0.0,0
0,0.0,0.0,4.0,0.0,0.0,65.0,87.0,89.0,93.0,64.0,68.0,89.0,0.0,0.0,0.0,0,45.0,0.0,0
0,0.0,0.0,7.0,0.0,0.0,65.0,83.0,82.0,85.0,53.0,65.0,87.0,0.0,0.0,0.0,0,55.0,0.0,0
0,0.0,0.0,1.0,0.0,0.0,65.0,75.0,79.0,61.0,67.0,51.0,93.0,0.0,0.0,0.0,0,69.0,0.0,0
0,0.0,0.0,3.0,0.0,0.0,65.0,73.0,82.0,62.0,64.0,55.0,93.0,0.0,0.0,0.0,0,65.0,0.0,0
0,0.0,0.0,5.0,0.0,0.0,64.0,73.0,77.0,64.0,63.0,51.0,84.0,0.0,0.0,0.0,0,77.0,0.0,0
0,0.0,0.0,0.0,0.0,0.0,64.0,75.0,70.0,63.0,60.0,57.0,84.0,0.0,0.0,0.0,0,65.0,0.0,0
0,0.0,0.0,0.0,0.0,0.0,64.0,76.0,81.0,75.0,56.0,52.0,88.0,0.0,0.0,0.0,0,68.0,0.0,0
0,0.0,0.0,0.0,0.0,0.0,64.0,74.0,76.0,68.0,55.0,69.0,79.0,0.0,0.0,0.0,0,71.0,0.0,0
0,0.0,0.0,0.0,0.0,0.0,64.0,81.0,82.0,72.0,52.0,54.0,89.0,0.0,0.0,0.0,0,72.0,0.0,0
0,0.0,0.0,1.0,0.0,0.0,63.0,72.0,80.0,64.0,57.0,54.0,83.0,0.0,0.0,0.0,0,55.0,0.0,0
0,0.0,0.0,0.0,0.0,0.0,63.0,71.0,80.0,74.0,55.0,53.0,86.0,0.0,0.0,0.0,0,53.0,0.0,0
0,0.0,0.0,0.0,0.0,0.0,63.0,78.0,87.0,80.0,60.0,45.0,90.0,0.0,0.0,0.0,0,70.0,0.0,0
0,0.0,0.0,0.0,0.0,0.0,63.0,73.0,75.0,73.0,49.0,52.0,85.0,0.0,0.0,0.0,0,70.0,0.0,0
0,0.0,0.0,0.0,0.0,0.0,63.0,65.0,78.0,59.0,63.0,50.0,84.0,0.0,0.0,0.0,0,76.0,0.0,0
0,0.0,0.0,0.0,0.0,0.0,63.0,68.0,73.0,68.0,65.0,50.0,92.0,0.0,0.0,0.0,0,59.0,0.0,0
0,0.0,0.0,2.0,0.0,0.0,63.0,67.0,75.0,58.0,61.0,56.0,88.0,0.0,0.0,0.0,0,70.0,0.0,0
0,0.0,0.0,0.0,0.0,0.0,63.0,80.0,86.0,92.0,63.0,48.0,93.0,0.0,0.0,0.0,0,66.0,0.0,0
0,0.0,0.0,0.0,0.0,0.0,63.0,71.0,79.0,73.0,59.0,52.0,86.0,0.0,0.0,0.0,0,55.0,0.0,0
0,0.0,0.0,0.0,0.0,0.0,63.0,79.0,85.0,68.0,60.0,50.0,91.0,0.0,0.0,0.0,0,71.0,0.0,0
0,0.0,0.0,14.0,0.0,0.0,62.0,64.0,76.0,63.0,52.0,54.0,81.0,0.0,0.0,0.0,0,64.0,0.0,0
0,0.0,0.0,0.0,0.0,0.0,62.0,64.0,76.0,63.0,52.0,54.0,81.0,0.0,0.0,0.0,0,64.0,0.0,0
0,0.0,0.0,0.0,0.0,0.0,62.0,68.0,74.0,69.0,61.0,60.0,91.0,0.0,0.0,0.0,0,69.0,0.0,0
0,0.0,0.0,0.0,0.0,0.0,62.0,69.0,79.0,62.0,54.0,52.0,93.0,0.0,0.0,0.0,0,50.0,0.0,0
0,0.0,0.0,0.0,0.0,0.0,62.0,83.0,88.0,83.0,56.0,42.0,90.0,0.0,0.0,0.0,0,70.0,0.0,0
0,0.0,0.0,0.0,0.0,0.0,62.0,68.0,79.0,73.0,65.0,52.0,86.0,0.0,0.0,0.0,0,72.0,0.0,0
0,0.0,0.0,0.0,0.0,0.0,62.0,73.0,80.0,75.0,69.0,45.0,84.0,0.0,0.0,0.0,0,68.0,0.0,0
0,0.0,0.0,0.0,0.0,0.0,62.0,70.0,80.0,66.0,63.0,51.0,89.0,0.0,0.0,0.0,0,70.0,0.0,0
0,0.0,0.0,0.0,0.0,0.0,62.0,73.0,82.0,63.0,63.0,46.0,87.0,0.0,0.0,0.0,0,75.0,0.0,0
0,0.0,0.0,0.0,0.0,0.0,61.0,75.0,80.0,77.0,60.0,50.0,81.0,0.0,0.0,0.0,0,71.0,0.0,0
0,0.0,0.0,0.0,0.0,0.0,61.0,76.0,73.0,73.0,64.0,50.0,85.0,0.0,0.0,0.0,0,60.0,0.0,0
0,0.0,0.0,0.0,0.0,0.0,61.0,79.0,83.0,72.0,55.0,45.0,86.0,0.0,0.0,0.0,0,70.0,0.0,0
0,0.0,0.0,0.0,0.0,0.0,61.0,80.0,84.0,75.0,55.0,49.0,86.0,0.0,0.0,0.0,0,61.0,0.0,0
0,0.0,0.0,16.0,0.0,0.0,60.0,74.0,81.0,75.0,63.0,52.0,79.0,0.0,0.0,0.0,0,65.0,0.0,0
0,0.0,0.0,0.0,0.0,0.0,60.0,78.0,79.0,75.0,66.0,49.0,86.0,0.0,0.0,0.0,0,60.0,0.0,0
0,0.0,0.0,0.0,0.0,0.0,60.0,84.0,83.0,78.0,53.0,49.0,79.0,0.0,0.0,0.0,0,53.0,0.0,0
0,0.0,0.0,0.0,0.0,0.0,59.0,82.0,81.0,82.0,51.0,51.0,80.0,0.0,0.0,0.0,0,69.0,0.0,0
0,0.0,0.0,0.0,0.0,0.0,57.0,83.0,89.0,88.0,62.0,49.0,84.0,0.0,0.0,0.0,0,66.0,0.0,0
0,0.0,0.0,0.0,0.0,0.0,56.0,83.0,87.0,79.0,63.0,39.0,91.0,0.0,0.0,0.0,0,44.0,0.0,0
76,225.0,40.0,184.0,3.0,15.0,99.0,62.0,66.0,67.0,64.0,99.0,97.0,99.0,98.0,87.0,0,99.0,0.0,0
74,225.0,33.0,166.0,4.0,10.0,98.0,79.0,82.0,82.0,58.0,97.0,97.0,96.0,93.0,89.0,0,93.0,0.0,0
76,217.0,32.0,146.0,1.0,4.0,96.0,72.0,81.0,69.0,63.0,96.0,94.0,98.0,94.0,88.0,0,95.0,0.0,0
72,209.0,38.0,167.0,1.0,13.0,92.0,69.0,73.0,63.0,53.0,99.0,90.0,97.0,92.0,87.0,0,91.0,0.0,0
77,240.0,35.0,131.0,0.0,6.0,91.0,74.0,73.0,67.0,82.0,90.0,95.0,94.0,90.0,85.0,0,89.0,0.0,0
76,240.0,27.0,72.0,0.0,4.0,90.0,84.0,86.0,84.0,74.0,85.0,95.0,93.0,87.0,86.0,0,88.0,0.0,0
71,215.0,28.0,139.0,0.0,10.0,90.0,86.0,89.0,92.0,59.0,87.0,93.0,91.0,87.0,85.0,0,91.0,0.0,0
75,214.0,26.0,93.0,0.0,4.0,89.0,83.0,89.0,81.0,53.0,87.0,95.0,90.0,86.0,85.0,0,84.0,0.0,0
77,245.0,28.0,115.0,1.0,3.0,88.0,85.0,89.0,86.0,81.0,90.0,97.0,86.0,82.0,83.0,0,83.0,0.0,0
75,226.0,29.0,126.0,0.0,2.0,87.0,75.0,79.0,71.0,67.0,88.0,98.0,89.0,84.0,80.0,0,85.0,0.0,0
74,226.0,24.0,94.0,0.0,4.0,86.0,82.0,86.0,83.0,74.0,88.0,93.0,88.0,84.0,81.0,0,88.0,0.0,0
75,202.0,29.0,100.0,0.0,4.0,85.0,79.0,85.0,69.0,52.0,85.0,92.0,89.0,85.0,84.0,0,86.0,0.0,0
74,220.0,29.0,91.0,0.0,3.0,84.0,76.0,82.0,74.0,54.0,84.0,92.0,89.0,84.0,84.0,0,85.0,0.0,0
77,228.0,35.0,149.0,0.0,8.0,84.0,63.0,64.0,59.0,62.0,94.0,89.0,90.0,86.0,82.0,0,94.0,0.0,0
77,235.0,37.0,107.0,0.0,3.0,83.0,68.0,65.0,59.0,62.0,89.0,91.0,90.0,84.0,83.0,0,85.0,0.0,0
76,216.0,29.0,91.0,0.0,1.0,83.0,83.0,85.0,83.0,62.0,81.0,92.0,86.0,81.0,84.0,0,86.0,0.0,0
76,224.0,29.0,44.0,0.0,0.0,83.0,65.0,66.0,67.0,51.0,86.0,90.0,91.0,84.0,83.0,0,87.0,0.0,0
73,215.0,28.0,48.0,0.0,1.0,82.0,88.0,91.0,93.0,58.0,83.0,91.0,85.0,81.0,79.0,0,83.0,0.0,0
76,231.0,23.0,62.0,0.0,1.0,81.0,78.0,82.0,81.0,75.0,79.0,95.0,85.0,81.0,78.0,0,87.0,0.0,0
76,217.0,33.0,98.0,0.0,3.0,81.0,78.0,82.0,82.0,63.0,84.0,86.0,92.0,83.0,78.0,0,83.0,0.0,0
76,217.0,33.0,11.0,0.0,3.0,81.0,78.0,82.0,82.0,63.0,84.0,86.0,92.0,83.0,78.0,0,83.0,0.0,0
78,245.0,32.0,96.0,0.0,0.0,81.0,73.0,81.0,67.0,72.0,81.0,97.0,86.0,82.0,77.0,0,78.0,0.0,0
76,218.0,36.0,121.0,0.0,4.0,80.0,69.0,69.0,58.0,54.0,87.0,90.0,88.0,82.0,79.0,0,87.0,0.0,0
76,222.0,23.0,56.0,0.0,0.0,80.0,88.0,90.0,90.0,60.0,80.0,89.0,86.0,81.0,79.0,0,82.0,0.0,0
77,237.0,24.0,60.0,0.0,1.0,79.0,82.0,87.0,82.0,72.0,77.0,92.0,86.0,79.0,77.0,0,81.0,0.0,0
74,215.0,24.0,49.0,0.0,1.0,79.0,82.0,87.0,84.0,51.0,77.0,90.0,86.0,85.0,78.0,0,72.0,0.0,0
75,220.0,23.0,39.0,0.0,1.0,77.0,83.0,87.0,83.0,71.0,67.0,93.0,85.0,80.0,76.0,0,77.0,0.0,0
77,236.0,25.0,44.0,0.0,0.0,77.0,79.0,82.0,79.0,69.0,78.0,93.0,83.0,78.0,75.0,0,76.0,0.0,0
74,225.0,25.0,47.0,0.0,0.0,77.0,74.0,82.0,75.0,63.0,75.0,90.0,86.0,81.0,77.0,0,81.0,0.0,0
75,220.0,25.0,16.0,0.0,0.0,76.0,74.0,77.0,76.0,63.0,81.0,88.0,84.0,79.0,78.0,0,80.0,0.0,0
75,230.0,21.0,0.0,0.0,0.0,76.0,79.0,87.0,88.0,69.0,61.0,97.0,83.0,78.0,78.0,0,73.0,0.0,0
74,221.0,21.0,58.0,0.0,3.0,76.0,84.0,88.0,87.0,61.0,73.0,88.0,84.0,79.0,77.0,0,82.0,0.0,0
74,215.0,31.0,0.0,0.0,0.0,75.0,68.0,76.0,67.0,60.0,77.0,90.0,86.0,79.0,75.0,0,78.0,0.0,0
73,215.0,24.0,5.0,0.0,0.0,75.0,77.0,82.0,68.0,62.0,75.0,89.0,86.0,79.0,75.0,0,78.0,0.0,0
76,230.0,21.0,6.0,0.0,0.0,75.0,78.0,83.0,81.0,71.0,65.0,95.0,81.0,78.0,76.0,0,79.0,0.0,0
80,235.0,26.0,14.0,0.0,0.0,75.0,77.0,77.0,72.0,70.0,75.0,96.0,81.0,77.0,74.0,0,71.0,0.0,0
78,225.0,27.0,9.0,0.0,0.0,74.0,70.0,76.0,54.0,59.0,77.0,93.0,82.0,78.0,76.0,0,69.0,0.0,0
75,220.0,26.0,4.0,0.0,0.0,73.0,75.0,82.0,64.0,52.0,76.0,86.0,85.0,80.0,73.0,0,77.0,0.0,0
77,229.0,22.0,1.0,0.0,0.0,73.0,79.0,85.0,78.0,62.0,65.0,93.0,83.0,76.0,74.0,0,78.0,0.0,0
76,218.0,38.0,40.0,0.0,0.0,73.0,76.0,74.0,71.0,57.0,81.0,84.0,84.0,78.0,77.0,0,74.0,0.0,0
76,223.0,22.0,96.0,0.0,4.0,73.0,78.0,86.0,69.0,64.0,73.0,92.0,82.0,76.0,75.0,0,74.0,0.0,0
73,205.0,29.0,0.0,0.0,0.0,73.0,80.0,83.0,70.0,47.0,76.0,86.0,85.0,78.0,76.0,0,76.0,0.0,0
74,227.0,26.0,5.0,0.0,0.0,72.0,74.0,79.0,64.0,63.0,72.0,86.0,84.0,79.0,76.0,0,79.0,0.0,0
74,219.0,23.0,9.0,0.0,0.0,72.0,78.0,81.0,77.0,64.0,63.0,91.0,83.0,77.0,75.0,0,82.0,0.0,0
74,226.0,23.0,3.0,0.0,0.0,72.0,78.0,86.0,82.0,68.0,67.0,91.0,83.0,76.0,73.0,0,80.0,0.0,0
79,244.0,23.0,2.0,0.0,0.0,72.0,79.0,85.0,80.0,74.0,64.0,93.0,82.0,75.0,73.0,0,75.0,0.0,0
76,235.0,27.0,17.0,0.0,0.0,72.0,83.0,83.0,79.0,66.0,74.0,88.0,83.0,77.0,72.0,0,73.0,0.0,0
75,221.0,26.0,52.0,0.0,2.0,72.0,85.0,84.0,82.0,56.0,66.0,91.0,82.0,78.0,71.0,0,65.0,0.0,0
76,235.0,24.0,34.0,0.0,0.0,72.0,79.0,82.0,82.0,72.0,64.0,94.0,81.0,76.0,73.0,0,77.0,0.0,0
75,216.0,22.0,9.0,0.0,0.0,72.0,84.0,88.0,85.0,77.0,66.0,91.0,80.0,76.0,74.0,0,79.0,0.0,0
76,230.0,27.0,3.0,0.0,0.0,72.0,74.0,83.0,62.0,64.0,68.0,93.0,82.0,76.0,74.0,0,72.0,0.0,0
75,225.0,33.0,0.0,0.0,0.0,71.0,64.0,73.0,69.0,58.0,78.0,84.0,85.0,78.0,76.0,0,72.0,0.0,0
78,243.0,28.0,32.0,0.0,1.0,71.0,70.0,75.0,64.0,70.0,71.0,90.0,83.0,77.0,74.0,0,77.0,0.0,0
76,237.0,27.0,0.0,0.0,0.0,70.0,83.0,82.0,85.0,69.0,63.0,92.0,79.0,76.0,71.0,0,67.0,0.0,0
72,225.0,30.0,0.0,0.0,0.0,70.0,76.0,83.0,73.0,52.0,70.0,85.0,86.0,76.0,74.0,0,70.0,0.0,0
74,223.0,34.0,78.0,0.0,0.0,69.0,72.0,81.0,72.0,54.0,69.0,87.0,82.0,76.0,73.0,0,77.0,0.0,0
78,245.0,36.0,68.0,0.0,2.0,69.0,64.0,70.0,53.0,64.0,84.0,82.0,85.0,76.0,72.0,0,74.0,0.0,0
75,230.0,26.0,4.0,0.0,0.0,69.0,77.0,84.0,76.0,56.0,61.0,91.0,81.0,75.0,74.0,0,76.0,0.0,0
75,226.0,24.0,5.0,0.0,0.0,69.0,85.0,88.0,83.0,63.0,54.0,91.0,87.0,71.0,71.0,0,80.0,0.0,0
78,235.0,34.0,23.0,0.0,1.0,69.0,65.0,67.0,54.0,65.0,75.0,91.0,81.0,74.0,73.0,0,64.0,0.0,0
76,217.0,24.0,0.0,0.0,0.0,69.0,78.0,83.0,62.0,70.0,66.0,90.0,78.0,76.0,73.0,0,74.0,0.0,0
76,228.0,35.0,47.0,0.0,1.0,69.0,70.0,69.0,64.0,57.0,78.0,84.0,84.0,74.0,72.0,0,76.0,0.0,0
74,224.0,23.0,0.0,0.0,0.0,68.0,80.0,84.0,71.0,65.0,60.0,91.0,80.0,76.0,70.0,0,76.0,0.0,0
74,221.0,28.0,0.0,0.0,0.0,68.0,79.0,85.0,81.0,57.0,66.0,85.0,81.0,77.0,74.0,0,66.0,0.0,0
76,230.0,33.0,13.0,0.0,0.0,68.0,75.0,78.0,70.0,52.0,68.0,90.0,81.0,74.0,69.0,0,72.0,0.0,0
74,225.0,30.0,32.0,0.0,0.0,67.0,71.0,78.0,70.0,59.0,70.0,87.0,80.0,74.0,70.0,0,75.0,0.0,0
76,217.0,30.0,6.0,0.0,0.0,67.0,68.0,73.0,66.0,55.0,67.0,87.0,83.0,74.0,72.0,0,74.0,0.0,0
74,220.0,34.0,10.0,0.0,0.0,67.0,71.0,71.0,66.0,58.0,72.0,84.0,81.0,76.0,76.0,0,66.0,0.0,0
72,200.0,28.0,0.0,0.0,0.0,67.0,76.0,80.0,54.0,48.0,70.0,80.0,84.0,80.0,70.0,0,75.0,0.0,0
73,210.0,27.0,0.0,0.0,0.0,67.0,74.0,77.0,68.0,55.0,72.0,82.0,83.0,76.0,71.0,0,73.0,0.0,0
75,222.0,32.0,26.0,0.0,0.0,67.0,65.0,74.0,61.0,64.0,75.0,88.0,80.0,73.0,72.0,0,73.0,0.0,0
73,215.0,30.0,17.0,0.0,0.0,67.0,77.0,85.0,81.0,46.0,71.0,81.0,83.0,76.0,72.0,0,75.0,0.0,0
77,250.0,24.0,0.0,0.0,0.0,66.0,81.0,85.0,78.0,76.0,62.0,96.0,74.0,68.0,67.0,0,75.0,0.0,0
75,218.0,24.0,2.0,0.0,0.0,66.0,80.0,84.0,77.0,68.0,65.0,86.0,79.0,74.0,69.0,0,74.0,0.0,0
75,243.0,33.0,10.0,0.0,0.0,66.0,76.0,81.0,73.0,63.0,69.0,89.0,76.0,73.0,72.0,0,66.0,0.0,0
74,213.0,30.0,0.0,0.0,0.0,66.0,73.0,79.0,66.0,54.0,65.0,83.0,85.0,77.0,71.0,0,72.0,0.0,0
76,228.0,22.0,0.0,0.0,0.0,66.0,78.0,80.0,64.0,57.0,65.0,95.0,74.0,70.0,71.0,0,69.0,0.0,0
78,250.0,29.0,4.0,0.0,0.0,66.0,58.0,71.0,49.0,73.0,62.0,94.0,79.0,74.0,71.0,0,72.0,0.0,0
76,225.0,28.0,4.0,0.0,0.0,66.0,68.0,82.0,54.0,67.0,58.0,91.0,82.0,77.0,72.0,0,63.0,0.0,0
76,231.0,24.0,7.0,0.0,0.0,65.0,85.0,86.0,82.0,68.0,62.0,91.0,77.0,69.0,64.0,0,75.0,0.0,0
76,215.0,21.0,0.0,0.0,0.0,64.0,78.0,80.0,65.0,61.0,57.0,85.0,80.0,75.0,73.0,0,75.0,0.0,0
76,235.0,30.0,4.0,0.0,0.0,64.0,88.0,90.0,91.0,64.0,68.0,89.0,73.0,68.0,70.0,0,54.0,0.0,0
78,227.0,23.0,1.0,0.0,0.0,64.0,75.0,79.0,61.0,67.0,51.0,93.0,78.0,72.0,70.0,0,69.0,0.0,0
72,213.0,24.0,0.0,0.0,0.0,64.0,81.0,86.0,94.0,63.0,50.0,93.0,78.0,70.0,66.0,0,66.0,0.0,0
75,215.0,31.0,7.0,0.0,0.0,63.0,84.0,84.0,85.0,53.0,62.0,87.0,75.0,72.0,69.0,0,55.0,0.0,0
74,214.0,24.0,5.0,0.0,0.0,63.0,78.0,82.0,61.0,56.0,51.0,88.0,78.0,74.0,70.0,0,76.0,0.0,0
75,208.0,24.0,0.0,0.0,0.0,63.0,76.0,82.0,75.0,56.0,56.0,88.0,77.0,73.0,72.0,0,69.0,0.0,0
76,230.0,25.0,0.0,0.0,0.0,62.0,79.0,85.0,68.0,60.0,52.0,91.0,80.0,67.0,66.0,0,71.0,0.0,0
73,212.0,26.0,1.0,0.0,0.0,62.0,73.0,82.0,64.0,57.0,55.0,83.0,83.0,79.0,66.0,0,55.0,0.0,0
73,216.0,24.0,0.0,0.0,0.0,62.0,73.0,81.0,75.0,69.0,53.0,85.0,82.0,75.0,68.0,0,68.0,0.0,0
74,220.0,26.0,0.0,0.0,0.0,62.0,81.0,83.0,72.0,55.0,54.0,89.0,74.0,71.0,69.0,0,72.0,0.0,0
77,210.0,27.0,14.0,0.0,0.0,61.0,65.0,78.0,63.0,52.0,54.0,84.0,82.0,76.0,70.0,0,64.0,0.0,0
77,210.0,27.0,0.0,0.0,0.0,61.0,65.0,78.0,63.0,52.0,54.0,84.0,82.0,76.0,70.0,0,64.0,0.0,0
72,206.0,24.0,0.0,0.0,0.0,61.0,78.0,87.0,80.0,60.0,45.0,90.0,80.0,71.0,66.0,0,70.0,0.0,0
74,218.0,25.0,0.0,0.0,0.0,61.0,84.0,88.0,83.0,56.0,50.0,90.0,73.0,71.0,69.0,0,70.0,0.0,0
75,217.0,25.0,0.0,0.0,0.0,61.0,65.0,79.0,59.0,63.0,50.0,84.0,79.0,76.0,74.0,0,76.0,0.0,0
78,231.0,25.0,2.0,0.0,0.0,61.0,68.0,76.0,58.0,61.0,56.0,88.0,75.0,74.0,72.0,0,70.0,0.0,0
76,220.0,29.0,0.0,0.0,0.0,61.0,72.0,80.0,73.0,59.0,52.0,86.0,81.0,75.0,68.0,0,55.0,0.0,0
78,215.0,25.0,0.0,0.0,0.0,60.0,70.0,80.0,62.0,54.0,52.0,93.0,75.0,70.0,71.0,0,52.0,0.0,0
75,221.0,27.0,0.0,0.0,0.0,60.0,77.0,75.0,73.0,64.0,55.0,85.0,79.0,72.0,67.0,0,60.0,0.0,0
74,221.0,27.0,0.0,0.0,0.0,60.0,87.0,86.0,83.0,62.0,48.0,88.0,74.0,68.0,70.0,0,68.0,0.0,0
77,220.0,26.0,0.0,0.0,0.0,60.0,74.0,84.0,63.0,63.0,46.0,87.0,77.0,76.0,68.0,0,75.0,0.0,0
76,230.0,26.0,2.0,0.0,0.0,59.0,77.0,83.0,72.0,60.0,47.0,85.0,81.0,71.0,69.0,0,64.0,0.0,0
75,210.0,28.0,0.0,0.0,0.0,58.0,80.0,84.0,72.0,55.0,45.0,86.0,79.0,73.0,62.0,0,70.0,0.0,0
75,230.0,22.0,0.0,0.0,0.0,58.0,75.0,83.0,66.0,62.0,51.0,86.0,77.0,70.0,66.0,0,63.0,0.0,0
73,210.0,24.0,0.0,0.0,0.0,58.0,84.0,83.0,78.0,53.0,52.0,79.0,78.0,76.0,66.0,0,56.0,0.0,0
73,210.0,25.0,0.0,0.0,0.0,57.0,83.0,83.0,82.0,51.0,51.0,80.0,74.0,73.0,66.0,0,69.0,0.0,0
77,225.0,23.0,0.0,0.0,0.0,54.0,77.0,85.0,67.0,62.0,53.0,89.0,68.0,65.0,62.0,0,61.0,0.0,0
0,0.0,0.0,184.0,3.0,15.0,99.0,61.0,66.0,67.0,64.0,99.0,96.0,99.0,97.0,86.0,96,99.0,0.0,66
0,0.0,0.0,166.0,4.0,10.0,99.0,79.0,82.0,82.0,58.0,99.0,97.0,98.0,94.0,88.0,96,96.0,0.0,90
0,0.0,0.0,139.0,0.0,10.0,92.0,86.0,90.0,92.0,59.0,96.0,93.0,93.0,87.0,83.0,93,91.0,0.0,91
0,0.0,0.0,167.0,1.0,13.0,91.0,69.0,73.0,63.0,53.0,99.0,90.0,97.0,89.0,81.0,97,90.0,0.0,36
0,0.0,0.0,146.0,1.0,4.0,89.0,72.0,81.0,69.0,63.0,90.0,94.0,94.0,86.0,85.0,94,95.0,0.0,72
0,0.0,0.0,131.0,0.0,6.0,88.0,72.0,73.0,67.0,82.0,95.0,95.0,91.0,86.0,82.0,83,82.0,0.0,88
0,0.0,0.0,115.0,1.0,3.0,88.0,85.0,88.0,87.0,81.0,87.0,97.0,86.0,82.0,79.0,93,84.0,0.0,98
0,0.0,0.0,72.0,0.0,4.0,87.0,83.0,86.0,84.0,74.0,90.0,92.0,92.0,86.0,85.0,90,88.0,0.0,80
0,0.0,0.0,149.0,0.0,8.0,87.0,62.0,64.0,59.0,62.0,96.0,89.0,93.0,85.0,82.0,95,94.0,0.0,43
0,0.0,0.0,60.0,0.0,1.0,86.0,82.0,87.0,82.0,72.0,87.0,94.0,89.0,87.0,84.0,76,89.0,0.0,93
0,0.0,0.0,126.0,0.0,2.0,85.0,75.0,79.0,71.0,67.0,82.0,98.0,87.0,82.0,81.0,85,85.0,0.0,86
0,0.0,0.0,98.0,0.0,3.0,84.0,78.0,83.0,82.0,63.0,90.0,87.0,94.0,83.0,83.0,91,84.0,0.0,80
0,0.0,0.0,11.0,0.0,3.0,84.0,78.0,83.0,82.0,63.0,90.0,87.0,94.0,83.0,83.0,91,84.0,0.0,80
0,0.0,0.0,93.0,0.0,4.0,83.0,82.0,88.0,81.0,53.0,90.0,95.0,88.0,83.0,79.0,81,83.0,0.0,38
0,0.0,0.0,47.0,0.0,0.0,83.0,74.0,82.0,75.0,63.0,86.0,94.0,89.0,83.0,77.0,91,82.0,0.0,74
0,0.0,0.0,96.0,0.0,4.0,83.0,78.0,86.0,69.0,64.0,87.0,94.0,90.0,84.0,79.0,78,88.0,0.0,76
0,0.0,0.0,58.0,0.0,3.0,82.0,84.0,88.0,87.0,61.0,84.0,91.0,86.0,81.0,82.0,77,84.0,0.0,95
0,0.0,0.0,94.0,0.0,4.0,82.0,82.0,86.0,83.0,75.0,86.0,91.0,87.0,83.0,78.0,87,87.0,0.0,85
0,0.0,0.0,100.0,0.0,4.0,82.0,78.0,84.0,69.0,52.0,86.0,92.0,88.0,84.0,81.0,84,91.0,0.0,35
0,0.0,0.0,70.0,0.0,2.0,81.0,81.0,86.0,84.0,70.0,64.0,95.0,88.0,83.0,80.0,87,85.0,0.0,86
0,0.0,0.0,48.0,0.0,1.0,81.0,88.0,91.0,93.0,58.0,79.0,91.0,85.0,79.0,78.0,89,83.0,0.0,87
0,0.0,0.0,0.0,0.0,0.0,81.0,80.0,83.0,73.0,51.0,83.0,88.0,91.0,82.0,80.0,94,87.0,0.0,90
0,0.0,0.0,44.0,0.0,0.0,80.0,79.0,82.0,79.0,69.0,84.0,93.0,85.0,79.0,78.0,89,79.0,0.0,71
0,0.0,0.0,32.0,0.0,1.0,80.0,70.0,75.0,64.0,66.0,87.0,90.0,86.0,81.0,79.0,90,77.0,0.0,71
0,0.0,0.0,62.0,0.0,1.0,80.0,78.0,82.0,81.0,75.0,77.0,95.0,85.0,80.0,77.0,83,83.0,0.0,92
0,0.0,0.0,96.0,0.0,0.0,79.0,73.0,81.0,67.0,72.0,82.0,97.0,83.0,79.0,77.0,88,74.0,0.0,35
0,0.0,0.0,101.0,3.0,4.0,79.0,91.0,93.0,95.0,61.0,62.0,94.0,83.0,80.0,74.0,75,75.0,0.0,89
0,0.0,0.0,56.0,0.0,0.0,79.0,88.0,90.0,90.0,60.0,82.0,89.0,86.0,79.0,77.0,95,83.0,0.0,70
0,0.0,0.0,44.0,0.0,0.0,79.0,65.0,66.0,67.0,51.0,81.0,90.0,88.0,81.0,80.0,92,86.0,0.0,37
0,0.0,0.0,91.0,0.0,1.0,78.0,82.0,85.0,83.0,62.0,78.0,92.0,85.0,81.0,84.0,85,86.0,0.0,45
0,0.0,0.0,49.0,0.0,1.0,78.0,81.0,86.0,82.0,53.0,74.0,90.0,84.0,82.0,78.0,84,72.0,0.0,88
0,0.0,0.0,40.0,0.0,0.0,78.0,76.0,74.0,73.0,57.0,85.0,87.0,88.0,83.0,79.0,86,78.0,0.0,35
0,0.0,0.0,3.0,0.0,0.0,78.0,75.0,84.0,67.0,63.0,78.0,93.0,89.0,85.0,77.0,78,79.0,0.0,61
0,0.0,0.0,91.0,0.0,3.0,77.0,76.0,82.0,74.0,54.0,81.0,90.0,86.0,82.0,77.0,88,85.0,0.0,49
0,0.0,0.0,0.0,0.0,0.0,77.0,79.0,87.0,88.0,69.0,66.0,97.0,83.0,78.0,78.0,78,73.0,0.0,82
0,0.0,0.0,34.0,0.0,0.0,76.0,79.0,82.0,82.0,72.0,75.0,94.0,82.0,77.0,80.0,86,78.0,0.0,41
0,0.0,0.0,121.0,0.0,4.0,76.0,68.0,68.0,58.0,54.0,82.0,90.0,87.0,81.0,77.0,78,81.0,0.0,39
0,0.0,0.0,38.0,0.0,1.0,75.0,77.0,83.0,81.0,60.0,77.0,90.0,86.0,82.0,73.0,80,82.0,0.0,66
0,0.0,0.0,98.0,0.0,4.0,74.0,81.0,87.0,84.0,72.0,62.0,99.0,79.0,77.0,74.0,73,81.0,0.0,78
0,0.0,0.0,39.0,0.0,1.0,74.0,83.0,87.0,83.0,71.0,68.0,93.0,83.0,77.0,75.0,80,77.0,0.0,75
0,0.0,0.0,78.0,0.0,0.0,73.0,71.0,81.0,72.0,54.0,78.0,87.0,85.0,79.0,75.0,74,77.0,0.0,87
0,0.0,0.0,14.0,0.0,0.0,72.0,76.0,76.0,72.0,70.0,71.0,95.0,82.0,76.0,75.0,78,71.0,0.0,42
0,0.0,0.0,9.0,0.0,0.0,72.0,76.0,84.0,71.0,69.0,61.0,90.0,83.0,80.0,81.0,79,74.0,0.0,69
0,0.0,0.0,6.0,0.0,0.0,72.0,78.0,83.0,81.0,71.0,66.0,95.0,80.0,76.0,74.0,74,79.0,0.0,78
0,0.0,0.0,9.0,0.0,0.0,72.0,69.0,75.0,54.0,59.0,72.0,93.0,82.0,77.0,75.0,79,69.0,0.0,57
0,0.0,0.0,4.0,0.0,0.0,71.0,74.0,81.0,64.0,52.0,78.0,87.0,85.0,80.0,74.0,75,77.0,0.0,67
0,0.0,0.0,0.0,0.0,0.0,71.0,85.0,82.0,84.0,55.0,68.0,92.0,77.0,73.0,71.0,82,80.0,0.0,78
0,0.0,0.0,0.0,0.0,0.0,71.0,79.0,86.0,83.0,63.0,54.0,91.0,84.0,82.0,76.0,77,78.0,0.0,71
0,0.0,0.0,16.0,0.0,0.0,71.0,74.0,77.0,76.0,63.0,78.0,87.0,82.0,77.0,77.0,81,80.0,0.0,34
0,0.0,0.0,3.0,0.0,0.0,71.0,74.0,83.0,64.0,64.0,75.0,93.0,81.0,76.0,72.0,82,72.0,0.0,38
0,0.0,0.0,10.0,0.0,0.0,70.0,76.0,81.0,73.0,63.0,75.0,89.0,79.0,75.0,72.0,79,68.0,0.0,81
0,0.0,0.0,17.0,0.0,0.0,70.0,83.0,83.0,79.0,66.0,77.0,88.0,82.0,76.0,72.0,75,73.0,0.0,77
0,0.0,0.0,2.0,0.0,0.0,70.0,79.0,85.0,80.0,74.0,67.0,93.0,81.0,75.0,73.0,69,75.0,0.0,74
0,0.0,0.0,5.0,0.0,0.0,70.0,85.0,88.0,83.0,63.0,71.0,91.0,84.0,76.0,73.0,76,80.0,0.0,62
0,0.0,0.0,9.0,0.0,0.0,70.0,78.0,81.0,77.0,64.0,73.0,88.0,83.0,78.0,74.0,77,81.0,0.0,37
0,0.0,0.0,0.0,0.0,0.0,69.0,68.0,75.0,67.0,60.0,75.0,87.0,83.0,77.0,73.0,77,83.0,0.0,48
0,0.0,0.0,5.0,0.0,0.0,69.0,73.0,78.0,64.0,63.0,72.0,85.0,85.0,79.0,76.0,73,79.0,0.0,60
0,0.0,0.0,9.0,0.0,0.0,69.0,84.0,88.0,85.0,77.0,66.0,91.0,80.0,76.0,72.0,73,79.0,0.0,70
0,0.0,0.0,0.0,0.0,0.0,69.0,83.0,82.0,85.0,69.0,66.0,91.0,79.0,76.0,72.0,75,67.0,0.0,65
0,0.0,0.0,2.0,0.0,0.0,69.0,80.0,84.0,77.0,68.0,68.0,86.0,81.0,76.0,73.0,73,76.0,0.0,79
0,0.0,0.0,4.0,0.0,0.0,68.0,77.0,84.0,76.0,56.0,63.0,91.0,81.0,75.0,75.0,76,76.0,0.0,75
0,0.0,0.0,3.0,0.0,0.0,68.0,78.0,86.0,82.0,68.0,68.0,91.0,82.0,76.0,73.0,66,80.0,0.0,69
0,0.0,0.0,7.0,0.0,0.0,68.0,85.0,86.0,82.0,68.0,62.0,91.0,77.0,69.0,64.0,77,75.0,0.0,76
0,0.0,0.0,0.0,0.0,0.0,68.0,88.0,90.0,91.0,65.0,68.0,89.0,74.0,68.0,71.0,66,54.0,0.0,83
0,0.0,0.0,0.0,0.0,0.0,68.0,80.0,84.0,71.0,65.0,60.0,91.0,80.0,76.0,70.0,69,76.0,0.0,73
0,0.0,0.0,52.0,0.0,2.0,68.0,85.0,83.0,82.0,56.0,70.0,91.0,83.0,78.0,71.0,72,67.0,0.0,46
0,0.0,0.0,1.0,0.0,0.0,68.0,79.0,85.0,78.0,62.0,69.0,92.0,81.0,75.0,73.0,68,78.0,0.0,61
0,0.0,0.0,68.0,0.0,2.0,68.0,64.0,70.0,53.0,64.0,84.0,82.0,84.0,76.0,73.0,71,75.0,0.0,33
0,0.0,0.0,1.0,0.0,0.0,67.0,73.0,82.0,64.0,57.0,59.0,85.0,83.0,79.0,71.0,74,66.0,0.0,82
0,0.0,0.0,5.0,0.0,0.0,67.0,77.0,82.0,68.0,62.0,63.0,89.0,81.0,76.0,72.0,82,77.0,0.0,64
0,0.0,0.0,26.0,0.0,0.0,67.0,65.0,74.0,61.0,64.0,76.0,87.0,81.0,75.0,72.0,75,73.0,0.0,58
0,0.0,0.0,0.0,0.0,0.0,67.0,75.0,83.0,73.0,52.0,70.0,85.0,86.0,76.0,74.0,71,70.0,0.0,66
0,0.0,0.0,0.0,0.0,0.0,66.0,81.0,85.0,78.0,76.0,62.0,96.0,74.0,68.0,67.0,71,75.0,0.0,67
0,0.0,0.0,4.0,0.0,0.0,65.0,67.0,82.0,54.0,67.0,60.0,90.0,82.0,77.0,72.0,72,63.0,0.0,56
0,0.0,0.0,1.0,0.0,0.0,65.0,77.0,80.0,65.0,53.0,62.0,87.0,81.0,76.0,77.0,75,71.0,0.0,54
0,0.0,0.0,0.0,0.0,0.0,65.0,78.0,83.0,62.0,70.0,64.0,90.0,78.0,76.0,73.0,66,74.0,0.0,61
0,0.0,0.0,47.0,0.0,1.0,65.0,69.0,69.0,64.0,57.0,74.0,84.0,82.0,74.0,72.0,74,76.0,0.0,37
0,0.0,0.0,17.0,0.0,0.0,65.0,76.0,85.0,81.0,46.0,71.0,81.0,83.0,76.0,72.0,72,75.0,0.0,44
0,0.0,0.0,0.0,0.0,0.0,65.0,82.0,87.0,76.0,66.0,60.0,87.0,77.0,74.0,72.0,70,68.0,0.0,70
0,0.0,0.0,1.0,0.0,0.0,64.0,75.0,79.0,61.0,67.0,57.0,93.0,79.0,73.0,70.0,76,69.0,0.0,55
0,0.0,0.0,0.0,0.0,0.0,64.0,70.0,81.0,69.0,54.0,60.0,91.0,81.0,78.0,68.0,63,81.0,0.0,48
0,0.0,0.0,9.0,0.0,0.0,64.0,70.0,81.0,69.0,54.0,60.0,91.0,81.0,78.0,68.0,63,81.0,0.0,48
0,0.0,0.0,5.0,0.0,0.0,64.0,70.0,81.0,69.0,54.0,60.0,91.0,81.0,78.0,68.0,63,81.0,0.0,48
0,0.0,0.0,0.0,0.0,0.0,64.0,79.0,87.0,69.0,67.0,61.0,89.0,79.0,76.0,74.0,69,71.0,0.0,51
0,0.0,0.0,0.0,0.0,0.0,64.0,79.0,85.0,81.0,57.0,66.0,85.0,81.0,77.0,74.0,71,66.0,0.0,60
0,0.0,0.0,0.0,0.0,0.0,63.0,84.0,88.0,83.0,56.0,53.0,90.0,73.0,71.0,69.0,65,70.0,0.0,72
0,0.0,0.0,0.0,0.0,0.0,63.0,73.0,81.0,75.0,69.0,53.0,85.0,82.0,75.0,68.0,70,68.0,0.0,69
0,0.0,0.0,0.0,0.0,0.0,63.0,75.0,83.0,65.0,63.0,62.0,88.0,79.0,75.0,72.0,70,79.0,0.0,51
0,0.0,0.0,0.0,0.0,0.0,62.0,80.0,86.0,76.0,54.0,56.0,92.0,78.0,72.0,73.0,66,74.0,0.0,40
0,0.0,0.0,0.0,0.0,0.0,62.0,78.0,84.0,81.0,58.0,55.0,86.0,80.0,76.0,71.0,80,74.0,0.0,46
0,0.0,0.0,0.0,0.0,0.0,62.0,78.0,80.0,65.0,61.0,57.0,85.0,80.0,75.0,73.0,72,75.0,0.0,68
0,0.0,0.0,13.0,0.0,0.0,62.0,74.0,78.0,70.0,52.0,64.0,90.0,80.0,73.0,69.0,67,72.0,0.0,47
0,0.0,0.0,0.0,0.0,0.0,62.0,76.0,83.0,71.0,64.0,54.0,92.0,78.0,74.0,70.0,70,78.0,0.0,44
0,0.0,0.0,0.0,0.0,0.0,62.0,74.0,84.0,75.0,55.0,53.0,92.0,80.0,75.0,69.0,65,72.0,0.0,58
0,0.0,0.0,2.0,0.0,0.0,62.0,68.0,76.0,58.0,61.0,62.0,88.0,77.0,75.0,73.0,68,70.0,0.0,41
0,0.0,0.0,0.0,0.0,0.0,61.0,73.0,83.0,80.0,61.0,52.0,92.0,78.0,75.0,68.0,66,84.0,0.0,43
0,0.0,0.0,0.0,0.0,0.0,61.0,74.0,76.0,68.0,55.0,67.0,82.0,81.0,75.0,71.0,72,73.0,0.0,50
0,0.0,0.0,14.0,0.0,0.0,61.0,64.0,77.0,63.0,52.0,62.0,84.0,82.0,76.0,70.0,68,64.0,0.0,55
0,0.0,0.0,0.0,0.0,0.0,61.0,64.0,77.0,63.0,52.0,62.0,84.0,82.0,76.0,70.0,68,64.0,0.0,55
0,0.0,0.0,5.0,0.0,0.0,61.0,78.0,82.0,61.0,56.0,51.0,88.0,78.0,74.0,70.0,63,76.0,0.0,66
0,0.0,0.0,0.0,0.0,0.0,61.0,84.0,88.0,74.0,56.0,58.0,88.0,80.0,73.0,67.0,71,70.0,0.0,53
0,0.0,0.0,0.0,0.0,0.0,60.0,76.0,82.0,75.0,56.0,59.0,88.0,77.0,73.0,72.0,62,69.0,0.0,52
0,0.0,0.0,0.0,0.0,0.0,60.0,70.0,80.0,62.0,54.0,56.0,93.0,76.0,70.0,71.0,63,53.0,0.0,47
0,0.0,0.0,0.0,0.0,0.0,60.0,87.0,86.0,83.0,62.0,53.0,88.0,74.0,68.0,70.0,65,68.0,0.0,62
0,0.0,0.0,0.0,0.0,0.0,59.0,79.0,86.0,88.0,66.0,52.0,91.0,76.0,72.0,66.0,67,69.0,0.0,52
0,0.0,0.0,2.0,0.0,0.0,58.0,76.0,82.0,72.0,60.0,47.0,85.0,81.0,71.0,69.0,63,64.0,0.0,63
0,0.0,0.0,0.0,0.0,0.0,57.0,81.0,83.0,72.0,55.0,54.0,89.0,74.0,71.0,69.0,65,72.0,0.0,39
0,0.0,0.0,0.0,0.0,0.0,55.0,84.0,83.0,78.0,53.0,52.0,79.0,78.0,76.0,66.0,68,56.0,0.0,46
0,0.0,0.0,106.0,2.0,6.0,97.0,81.0,87.0,88.0,69.0,92.0,96.0,0.0,0.0,0.0,97,87.0,0.0,88
0,0.0,0.0,184.0,3.0,15.0,96.0,60.0,66.0,70.0,64.0,99.0,91.0,0.0,0.0,0.0,90,99.0,0.0,63
0,0.0,0.0,149.0,0.0,8.0,94.0,65.0,70.0,59.0,62.0,98.0,87.0,0.0,0.0,0.0,96,98.0,0.0,44
0,0.0,0.0,72.0,0.0,4.0,92.0,83.0,86.0,84.0,74.0,96.0,89.0,0.0,0.0,0.0,88,91.0,0.0,81
0,0.0,0.0,167.0,1.0,13.0,92.0,68.0,72.0,68.0,53.0,97.0,85.0,0.0,0.0,0.0,93,96.0,0.0,39
0,0.0,0.0,139.0,0.0,10.0,91.0,86.0,90.0,93.0,59.0,93.0,89.0,0.0,0.0,0.0,85,95.0,0.0,93
0,0.0,0.0,166.0,4.0,10.0,90.0,78.0,82.0,82.0,58.0,91.0,94.0,0.0,0.0,0.0,87,89.0,0.0,88
0,0.0,0.0,146.0,1.0,4.0,89.0,72.0,80.0,69.0,63.0,90.0,88.0,0.0,0.0,0.0,94,92.0,0.0,65
0,0.0,0.0,131.0,0.0,6.0,85.0,73.0,78.0,67.0,82.0,89.0,91.0,0.0,0.0,0.0,82,82.0,0.0,84
0,0.0,0.0,115.0,1.0,3.0,84.0,85.0,88.0,86.0,81.0,88.0,93.0,0.0,0.0,0.0,83,93.0,0.0,95
0,0.0,0.0,70.0,0.0,2.0,83.0,82.0,86.0,84.0,70.0,80.0,93.0,0.0,0.0,0.0,89,88.0,0.0,85
0,0.0,0.0,96.0,0.0,4.0,83.0,78.0,86.0,72.0,64.0,85.0,89.0,0.0,0.0,0.0,81,87.0,0.0,77
0,0.0,0.0,60.0,0.0,1.0,82.0,81.0,87.0,82.0,72.0,82.0,90.0,0.0,0.0,0.0,90,88.0,0.0,87
0,0.0,0.0,58.0,0.0,3.0,82.0,84.0,88.0,88.0,61.0,77.0,89.0,0.0,0.0,0.0,91,85.0,0.0,96
0,0.0,0.0,94.0,0.0,4.0,81.0,82.0,86.0,84.0,75.0,83.0,87.0,0.0,0.0,0.0,83,84.0,0.0,92
0,0.0,0.0,100.0,0.0,4.0,81.0,77.0,83.0,70.0,52.0,86.0,86.0,0.0,0.0,0.0,89,94.0,0.0,35
0,0.0,0.0,91.0,0.0,3.0,80.0,75.0,81.0,74.0,54.0,84.0,88.0,0.0,0.0,0.0,83,84.0,0.0,51
0,0.0,0.0,93.0,0.0,4.0,80.0,82.0,87.0,81.0,56.0,82.0,91.0,0.0,0.0,0.0,84,86.0,0.0,41
0,0.0,0.0,126.0,0.0,2.0,79.0,74.0,78.0,74.0,67.0,80.0,94.0,0.0,0.0,0.0,82,86.0,0.0,80
0,0.0,0.0,56.0,0.0,0.0,79.0,88.0,90.0,89.0,60.0,79.0,88.0,0.0,0.0,0.0,88,83.0,0.0,74
0,0.0,0.0,47.0,0.0,0.0,78.0,74.0,81.0,75.0,63.0,81.0,90.0,0.0,0.0,0.0,84,85.0,0.0,76
0,0.0,0.0,32.0,0.0,1.0,77.0,71.0,74.0,69.0,66.0,83.0,87.0,0.0,0.0,0.0,87,82.0,0.0,72
0,0.0,0.0,98.0,0.0,3.0,77.0,76.0,82.0,79.0,63.0,87.0,84.0,0.0,0.0,0.0,80,79.0,0.0,79
0,0.0,0.0,11.0,0.0,3.0,77.0,76.0,82.0,79.0,63.0,87.0,84.0,0.0,0.0,0.0,80,79.0,0.0,79
0,0.0,0.0,62.0,0.0,1.0,76.0,79.0,81.0,80.0,75.0,76.0,90.0,0.0,0.0,0.0,84,83.0,0.0,91
0,0.0,0.0,101.0,3.0,4.0,76.0,94.0,95.0,95.0,61.0,69.0,89.0,0.0,0.0,0.0,86,82.0,0.0,89
0,0.0,0.0,39.0,0.0,1.0,75.0,84.0,87.0,87.0,71.0,76.0,88.0,0.0,0.0,0.0,82,77.0,0.0,88
0,0.0,0.0,78.0,0.0,0.0,75.0,71.0,80.0,72.0,54.0,81.0,86.0,0.0,0.0,0.0,85,90.0,0.0,81
0,0.0,0.0,98.0,0.0,4.0,74.0,84.0,87.0,85.0,72.0,69.0,99.0,0.0,0.0,0.0,73,81.0,0.0,85
0,0.0,0.0,96.0,0.0,0.0,74.0,72.0,80.0,67.0,72.0,77.0,92.0,0.0,0.0,0.0,83,83.0,0.0,35
0,0.0,0.0,38.0,0.0,1.0,74.0,78.0,83.0,81.0,60.0,78.0,88.0,0.0,0.0,0.0,81,82.0,0.0,66
0,0.0,0.0,91.0,0.0,1.0,74.0,81.0,86.0,83.0,62.0,75.0,89.0,0.0,0.0,0.0,81,80.0,0.0,54
0,0.0,0.0,69.0,0.0,2.0,73.0,91.0,92.0,90.0,51.0,65.0,89.0,0.0,0.0,0.0,79,71.0,0.0,87
0,0.0,0.0,0.0,0.0,0.0,73.0,79.0,82.0,73.0,51.0,80.0,83.0,0.0,0.0,0.0,79,89.0,0.0,84
0,0.0,0.0,49.0,0.0,1.0,73.0,82.0,86.0,85.0,53.0,75.0,84.0,0.0,0.0,0.0,82,72.0,0.0,89
0,0.0,0.0,121.0,0.0,4.0,72.0,65.0,77.0,58.0,54.0,79.0,84.0,0.0,0.0,0.0,78,81.0,0.0,37
0,0.0,0.0,0.0,0.0,0.0,72.0,75.0,83.0,83.0,70.0,75.0,89.0,0.0,0.0,0.0,75,79.0,0.0,78
0,0.0,0.0,48.0,0.0,1.0,71.0,88.0,90.0,92.0,58.0,72.0,87.0,0.0,0.0,0.0,78,77.0,0.0,82
0,0.0,0.0,34.0,0.0,0.0,71.0,79.0,82.0,82.0,72.0,74.0,91.0,0.0,0.0,0.0,84,78.0,0.0,46
0,0.0,0.0,3.0,0.0,0.0,70.0,75.0,84.0,67.0,63.0,72.0,87.0,0.0,0.0,0.0,81,82.0,0.0,67
0,0.0,0.0,44.0,0.0,0.0,69.0,79.0,82.0,79.0,69.0,70.0,86.0,0.0,0.0,0.0,80,80.0,0.0,86
0,0.0,0.0,0.0,0.0,0.0,68.0,76.0,85.0,74.0,57.0,74.0,84.0,0.0,0.0,0.0,79,79.0,0.0,52
0,0.0,0.0,14.0,0.0,0.0,67.0,83.0,86.0,80.0,68.0,62.0,88.0,0.0,0.0,0.0,81,80.0,0.0,70
0,0.0,0.0,1.0,0.0,0.0,66.0,78.0,85.0,81.0,60.0,68.0,86.0,0.0,0.0,0.0,76,77.0,0.0,73
0,0.0,0.0,0.0,0.0,0.0,66.0,85.0,82.0,84.0,55.0,76.0,87.0,0.0,0.0,0.0,80,80.0,0.0,78
0,0.0,0.0,5.0,0.0,0.0,65.0,85.0,87.0,84.0,63.0,70.0,85.0,0.0,0.0,0.0,76,79.0,0.0,62
0,0.0,0.0,9.0,0.0,0.0,65.0,76.0,84.0,71.0,69.0,66.0,84.0,0.0,0.0,0.0,79,74.0,0.0,68
0,0.0,0.0,5.0,0.0,0.0,64.0,73.0,77.0,64.0,63.0,71.0,79.0,0.0,0.0,0.0,72,79.0,0.0,62
0,0.0,0.0,0.0,0.0,0.0,64.0,86.0,89.0,85.0,76.0,52.0,95.0,0.0,0.0,0.0,76,71.0,0.0,79
0,0.0,0.0,0.0,0.0,0.0,64.0,67.0,74.0,67.0,60.0,77.0,80.0,0.0,0.0,0.0,74,81.0,0.0,47
0,0.0,0.0,0.0,0.0,0.0,63.0,75.0,82.0,73.0,52.0,71.0,81.0,0.0,0.0,0.0,74,70.0,0.0,66
0,0.0,0.0,42.0,0.0,0.0,63.0,83.0,86.0,83.0,67.0,69.0,87.0,0.0,0.0,0.0,78,77.0,0.0,59
0,0.0,0.0,6.0,0.0,0.0,63.0,78.0,83.0,78.0,71.0,64.0,88.0,0.0,0.0,0.0,73,79.0,0.0,74
0,0.0,0.0,9.0,0.0,0.0,63.0,84.0,88.0,86.0,77.0,67.0,84.0,0.0,0.0,0.0,72,79.0,0.0,71
0,0.0,0.0,4.0,0.0,0.0,62.0,85.0,88.0,91.0,65.0,62.0,83.0,0.0,0.0,0.0,70,78.0,0.0,76
0,0.0,0.0,0.0,0.0,0.0,62.0,79.0,86.0,83.0,63.0,56.0,84.0,0.0,0.0,0.0,77,78.0,0.0,71
0,0.0,0.0,17.0,0.0,0.0,62.0,75.0,84.0,81.0,46.0,75.0,77.0,0.0,0.0,0.0,73,76.0,0.0,49
0,0.0,0.0,4.0,0.0,0.0,62.0,74.0,80.0,64.0,52.0,73.0,80.0,0.0,0.0,0.0,73,76.0,0.0,66
0,0.0,0.0,7.0,0.0,0.0,61.0,85.0,86.0,82.0,68.0,64.0,83.0,0.0,0.0,0.0,86,75.0,0.0,83
0,0.0,0.0,17.0,0.0,0.0,61.0,82.0,82.0,79.0,66.0,74.0,81.0,0.0,0.0,0.0,68,73.0,0.0,77
0,0.0,0.0,5.0,0.0,0.0,61.0,77.0,81.0,68.0,62.0,67.0,83.0,0.0,0.0,0.0,79,77.0,0.0,64
0,0.0,0.0,16.0,0.0,0.0,61.0,74.0,80.0,76.0,63.0,68.0,81.0,0.0,0.0,0.0,80,80.0,0.0,34
0,0.0,0.0,9.0,0.0,0.0,61.0,69.0,74.0,54.0,59.0,67.0,85.0,0.0,0.0,0.0,77,69.0,0.0,57
0,0.0,0.0,10.0,0.0,0.0,60.0,76.0,80.0,73.0,62.0,65.0,82.0,0.0,0.0,0.0,76,67.0,0.0,78
0,0.0,0.0,9.0,0.0,0.0,59.0,78.0,81.0,77.0,64.0,62.0,82.0,0.0,0.0,0.0,72,78.0,0.0,39
0,0.0,0.0,0.0,0.0,0.0,59.0,75.0,85.0,79.0,61.0,64.0,83.0,0.0,0.0,0.0,76,70.0,0.0,69
0,0.0,0.0,26.0,0.0,0.0,58.0,65.0,74.0,61.0,64.0,73.0,79.0,0.0,0.0,0.0,74,73.0,0.0,57
0,0.0,0.0,52.0,0.0,2.0,58.0,84.0,82.0,82.0,56.0,68.0,85.0,0.0,0.0,0.0,72,66.0,0.0,46
0,0.0,0.0,1.0,0.0,0.0,57.0,75.0,79.0,61.0,67.0,61.0,86.0,0.0,0.0,0.0,76,68.0,0.0,55
0,0.0,0.0,1.0,0.0,0.0,57.0,79.0,85.0,77.0,62.0,65.0,85.0,0.0,0.0,0.0,68,76.0,0.0,61
0,0.0,0.0,6.0,0.0,0.0,57.0,79.0,83.0,75.0,62.0,61.0,87.0,0.0,0.0,0.0,68,73.0,0.0,63
0,0.0,0.0,2.0,0.0,0.0,57.0,79.0,84.0,80.0,74.0,61.0,86.0,0.0,0.0,0.0,69,75.0,0.0,73
0,0.0,0.0,2.0,0.0,0.0,56.0,80.0,83.0,79.0,55.0,61.0,84.0,0.0,0.0,0.0,73,75.0,0.0,42
0,0.0,0.0,0.0,0.0,0.0,56.0,76.0,84.0,80.0,52.0,66.0,82.0,0.0,0.0,0.0,74,74.0,0.0,61
0,0.0,0.0,0.0,0.0,0.0,56.0,81.0,85.0,78.0,76.0,58.0,92.0,0.0,0.0,0.0,71,75.0,0.0,67
0,0.0,0.0,0.0,0.0,0.0,56.0,82.0,88.0,85.0,61.0,60.0,85.0,0.0,0.0,0.0,69,69.0,0.0,72
0,0.0,0.0,0.0,0.0,0.0,56.0,81.0,85.0,78.0,61.0,67.0,83.0,0.0,0.0,0.0,66,74.0,0.0,58
0,0.0,0.0,68.0,0.0,2.0,56.0,64.0,70.0,53.0,64.0,78.0,73.0,0.0,0.0,0.0,71,75.0,0.0,33
0,0.0,0.0,0.0,0.0,0.0,56.0,89.0,87.0,83.0,67.0,78.0,82.0,0.0,0.0,0.0,65,71.0,0.0,64
0,0.0,0.0,2.0,0.0,0.0,55.0,80.0,84.0,77.0,68.0,59.0,79.0,0.0,0.0,0.0,72,76.0,0.0,75
0,0.0,0.0,3.0,0.0,0.0,55.0,74.0,82.0,64.0,64.0,60.0,85.0,0.0,0.0,0.0,77,72.0,0.0,38
0,0.0,0.0,0.0,0.0,0.0,55.0,81.0,82.0,82.0,60.0,62.0,83.0,0.0,0.0,0.0,67,77.0,0.0,56
0,0.0,0.0,1.0,0.0,0.0,55.0,87.0,88.0,84.0,55.0,56.0,84.0,0.0,0.0,0.0,72,73.0,0.0,72
0,0.0,0.0,0.0,0.0,0.0,55.0,79.0,87.0,69.0,67.0,62.0,83.0,0.0,0.0,0.0,69,71.0,0.0,51
0,0.0,0.0,0.0,0.0,0.0,54.0,84.0,88.0,74.0,73.0,50.0,88.0,0.0,0.0,0.0,65,69.0,0.0,75
0,0.0,0.0,14.0,0.0,0.0,54.0,64.0,77.0,63.0,52.0,66.0,77.0,0.0,0.0,0.0,68,64.0,0.0,55
0,0.0,0.0,0.0,0.0,0.0,54.0,64.0,77.0,63.0,52.0,66.0,77.0,0.0,0.0,0.0,68,64.0,0.0,55
0,0.0,0.0,0.0,0.0,0.0,54.0,84.0,88.0,77.0,56.0,63.0,81.0,0.0,0.0,0.0,72,70.0,0.0,59
0,0.0,0.0,0.0,0.0,0.0,54.0,83.0,84.0,78.0,53.0,70.0,80.0,0.0,0.0,0.0,71,64.0,0.0,53
0,0.0,0.0,2.0,0.0,0.0,54.0,67.0,75.0,73.0,61.0,66.0,82.0,0.0,0.0,0.0,66,70.0,0.0,41
0,0.0,0.0,0.0,0.0,0.0,53.0,75.0,83.0,69.0,62.0,63.0,82.0,0.0,0.0,0.0,70,78.0,0.0,50
0,0.0,0.0,0.0,0.0,0.0,53.0,70.0,81.0,69.0,54.0,59.0,82.0,0.0,0.0,0.0,63,80.0,0.0,48
0,0.0,0.0,9.0,0.0,0.0,53.0,70.0,81.0,69.0,54.0,59.0,82.0,0.0,0.0,0.0,63,80.0,0.0,48
0,0.0,0.0,5.0,0.0,0.0,53.0,70.0,81.0,69.0,54.0,59.0,82.0,0.0,0.0,0.0,63,80.0,0.0,48
0,0.0,0.0,0.0,0.0,0.0,53.0,82.0,87.0,76.0,66.0,59.0,79.0,0.0,0.0,0.0,70,67.0,0.0,70
0,0.0,0.0,0.0,0.0,0.0,53.0,87.0,90.0,91.0,67.0,66.0,78.0,0.0,0.0,0.0,66,60.0,0.0,80
0,0.0,0.0,0.0,0.0,0.0,52.0,75.0,83.0,70.0,56.0,59.0,83.0,0.0,0.0,0.0,72,75.0,0.0,53
0,0.0,0.0,1.0,0.0,0.0,52.0,77.0,80.0,65.0,53.0,51.0,80.0,0.0,0.0,0.0,75,71.0,0.0,54
0,0.0,0.0,0.0,0.0,0.0,51.0,76.0,81.0,75.0,56.0,65.0,82.0,0.0,0.0,0.0,67,68.0,0.0,50
0,0.0,0.0,0.0,0.0,0.0,51.0,77.0,82.0,62.0,70.0,68.0,80.0,0.0,0.0,0.0,65,73.0,0.0,60
0,0.0,0.0,0.0,0.0,0.0,50.0,80.0,86.0,76.0,54.0,57.0,85.0,0.0,0.0,0.0,66,74.0,0.0,40
0,0.0,0.0,3.0,0.0,0.0,50.0,78.0,86.0,80.0,65.0,56.0,79.0,0.0,0.0,0.0,66,73.0,0.0,68
0,0.0,0.0,0.0,0.0,0.0,49.0,82.0,84.0,75.0,53.0,58.0,84.0,0.0,0.0,0.0,67,70.0,0.0,43
0,0.0,0.0,0.0,0.0,0.0,48.0,75.0,86.0,76.0,58.0,55.0,82.0,0.0,0.0,0.0,72,70.0,0.0,44
0,0.0,0.0,2.0,0.0,0.0,48.0,76.0,81.0,72.0,60.0,57.0,76.0,0.0,0.0,0.0,63,63.0,0.0,63
0,0.0,0.0,0.0,0.0,0.0,48.0,71.0,80.0,68.0,57.0,58.0,81.0,0.0,0.0,0.0,69,74.0,0.0,53
0,0.0,0.0,0.0,0.0,0.0,47.0,74.0,83.0,74.0,55.0,53.0,80.0,0.0,0.0,0.0,65,72.0,0.0,56
0,0.0,0.0,0.0,0.0,0.0,47.0,78.0,84.0,81.0,58.0,55.0,75.0,0.0,0.0,0.0,77,72.0,0.0,45
0,0.0,0.0,0.0,0.0,0.0,46.0,70.0,79.0,74.0,54.0,58.0,86.0,0.0,0.0,0.0,63,58.0,0.0,47
0,0.0,0.0,0.0,0.0,0.0,46.0,73.0,83.0,79.0,61.0,61.0,82.0,0.0,0.0,0.0,66,81.0,0.0,40
0,0.0,0.0,5.0,0.0,0.0,46.0,78.0,82.0,61.0,56.0,55.0,81.0,0.0,0.0,0.0,62,76.0,0.0,60
0,0.0,0.0,0.0,0.0,0.0,45.0,74.0,80.0,72.0,65.0,43.0,78.0,0.0,0.0,0.0,70,72.0,0.0,57
0,0.0,0.0,0.0,0.0,0.0,45.0,71.0,79.0,75.0,59.0,48.0,78.0,0.0,0.0,0.0,64,55.0,0.0,50
0,0.0,0.0,0.0,0.0,0.0,44.0,79.0,86.0,87.0,65.0,51.0,78.0,0.0,0.0,0.0,67,68.0,0.0,52
76,225.0,44.0,184.0,3.0,15.0,99.0,71.0,70.0,70.0,64.0,99.0,92.0,99.0,99.0,97.0,86,99.0,84.0,61
75,230.0,25.0,106.0,2.0,6.0,97.0,84.0,87.0,88.0,70.0,96.0,97.0,97.0,91.0,88.0,95,96.0,98.0,90
74,225.0,37.0,166.0,4.0,10.0,95.0,80.0,84.0,81.0,59.0,95.0,93.0,96.0,92.0,93.0,97,95.0,96.0,85
74,238.0,28.0,94.0,0.0,4.0,90.0,82.0,86.0,84.0,75.0,93.0,89.0,92.0,86.0,89.0,93,90.0,91.0,92
74,212.0,24.0,101.0,3.0,4.0,90.0,96.0,96.0,95.0,63.0,91.0,92.0,89.0,84.0,84.0,90,97.0,93.0,98
77,237.0,25.0,98.0,0.0,4.0,89.0,89.0,91.0,85.0,76.0,79.0,99.0,89.0,87.0,87.0,89,87.0,95.0,94
71,215.0,32.0,139.0,0.0,10.0,88.0,85.0,91.0,92.0,59.0,88.0,92.0,90.0,88.0,90.0,86,94.0,92.0,93
76,221.0,24.0,58.0,0.0,2.0,86.0,83.0,86.0,82.0,68.0,86.0,87.0,95.0,95.0,85.0,91,83.0,89.0,86
70,207.0,24.0,69.0,0.0,2.0,86.0,92.0,95.0,93.0,59.0,85.0,90.0,90.0,85.0,86.0,92,83.0,88.0,89
76,217.0,33.0,91.0,0.0,1.0,85.0,86.0,88.0,83.0,63.0,89.0,89.0,93.0,89.0,83.0,87,92.0,87.0,65
78,236.0,23.0,64.0,0.0,1.0,84.0,84.0,87.0,80.0,71.0,81.0,96.0,91.0,85.0,85.0,87,88.0,90.0,78
74,215.0,25.0,58.0,0.0,3.0,84.0,85.0,89.0,89.0,69.0,73.0,93.0,88.0,86.0,88.0,88,86.0,90.0,97
75,210.0,30.0,93.0,0.0,4.0,83.0,82.0,86.0,80.0,61.0,80.0,91.0,94.0,88.0,87.0,85,86.0,84.0,41
75,220.0,33.0,126.0,0.0,2.0,83.0,76.0,77.0,73.0,67.0,84.0,95.0,91.0,82.0,86.0,82,86.0,85.0,78
76,217.0,36.0,146.0,1.0,4.0,82.0,70.0,79.0,67.0,63.0,83.0,85.0,90.0,93.0,89.0,83,89.0,86.0,65
75,202.0,33.0,100.0,0.0,4.0,81.0,76.0,82.0,69.0,52.0,78.0,88.0,89.0,87.0,91.0,84,98.0,89.0,35
73,215.0,26.0,70.0,0.0,2.0,78.0,83.0,87.0,84.0,70.0,74.0,94.0,87.0,82.0,84.0,81,88.0,88.0,84
75,217.0,22.0,27.0,0.0,1.0,77.0,81.0,84.0,81.0,60.0,80.0,85.0,89.0,84.0,85.0,86,85.0,80.0,58
74,215.0,28.0,49.0,0.0,1.0,76.0,82.0,86.0,85.0,53.0,76.0,86.0,88.0,83.0,83.0,85,81.0,85.0,88
76,231.0,27.0,62.0,0.0,1.0,76.0,79.0,82.0,79.0,73.0,75.0,90.0,87.0,81.0,81.0,82,82.0,87.0,91
74,225.0,29.0,47.0,0.0,0.0,75.0,72.0,80.0,76.0,63.0,78.0,87.0,88.0,83.0,79.0,83,91.0,83.0,76
75,227.0,22.0,39.0,0.0,0.0,75.0,90.0,90.0,90.0,65.0,65.0,92.0,86.0,81.0,82.0,82,82.0,81.0,81
73,223.0,23.0,69.0,0.0,2.0,74.0,87.0,89.0,90.0,72.0,71.0,86.0,85.0,80.0,79.0,81,82.0,83.0,85
78,215.0,21.0,39.0,0.0,1.0,74.0,84.0,88.0,86.0,69.0,72.0,91.0,86.0,80.0,81.0,80,84.0,83.0,82
77,240.0,39.0,131.0,0.0,6.0,74.0,71.0,77.0,67.0,82.0,81.0,85.0,88.0,82.0,80.0,79,83.0,82.0,83
77,237.0,28.0,60.0,0.0,1.0,73.0,80.0,86.0,81.0,72.0,70.0,90.0,87.0,79.0,82.0,80,83.0,85.0,84
72,217.0,23.0,45.0,0.0,1.0,73.0,82.0,86.0,79.0,63.0,72.0,86.0,87.0,82.0,80.0,84,84.0,84.0,80
74,228.0,38.0,78.0,0.0,0.0,73.0,76.0,80.0,71.0,57.0,77.0,86.0,86.0,80.0,83.0,84,84.0,82.0,83
76,224.0,21.0,5.0,0.0,0.0,72.0,87.0,90.0,87.0,71.0,61.0,91.0,85.0,79.0,79.0,78,85.0,83.0,79
74,214.0,22.0,13.0,0.0,0.0,72.0,83.0,88.0,84.0,61.0,65.0,94.0,85.0,78.0,81.0,78,83.0,83.0,77
76,223.0,26.0,96.0,0.0,4.0,72.0,77.0,85.0,74.0,64.0,66.0,89.0,92.0,80.0,79.0,80,87.0,86.0,75
74,220.0,33.0,91.0,0.0,3.0,71.0,74.0,80.0,73.0,54.0,71.0,87.0,86.0,81.0,80.0,81,80.0,81.0,51
75,225.0,24.0,38.0,0.0,1.0,71.0,80.0,84.0,81.0,60.0,73.0,88.0,87.0,78.0,79.0,79,85.0,84.0,72
77,245.0,32.0,115.0,1.0,3.0,71.0,83.0,87.0,85.0,81.0,68.0,88.0,83.0,77.0,77.0,79,84.0,82.0,80
77,221.0,24.0,42.0,0.0,0.0,70.0,88.0,89.0,83.0,67.0,68.0,87.0,85.0,81.0,84.0,77,81.0,79.0,68
76,222.0,27.0,56.0,0.0,0.0,70.0,88.0,90.0,88.0,60.0,67.0,87.0,84.0,76.0,76.0,77,81.0,82.0,76
73,217.0,32.0,48.0,0.0,1.0,70.0,86.0,89.0,89.0,57.0,70.0,86.0,84.0,79.0,77.0,79,77.0,79.0,78
78,250.0,32.0,32.0,0.0,1.0,69.0,69.0,73.0,68.0,66.0,72.0,86.0,86.0,78.0,79.0,83,81.0,80.0,71
76,235.0,28.0,34.0,0.0,0.0,69.0,80.0,83.0,82.0,72.0,69.0,89.0,84.0,78.0,82.0,80,78.0,79.0,62
73,210.0,28.0,0.0,0.0,0.0,69.0,84.0,87.0,82.0,58.0,72.0,83.0,85.0,80.0,77.0,79,78.0,81.0,79
78,245.0,36.0,96.0,0.0,0.0,68.0,71.0,79.0,66.0,68.0,68.0,90.0,83.0,78.0,78.0,78,81.0,74.0,35
76,219.0,22.0,29.0,0.0,0.0,68.0,81.0,86.0,77.0,62.0,60.0,90.0,84.0,79.0,80.0,81,82.0,81.0,70
76,225.0,22.0,15.0,0.0,0.0,68.0,78.0,82.0,78.0,55.0,69.0,87.0,86.0,79.0,78.0,78,76.0,73.0,56
74,220.0,27.0,39.0,0.0,1.0,67.0,84.0,87.0,87.0,71.0,61.0,87.0,82.0,76.0,77.0,76,78.0,80.0,77
73,225.0,25.0,0.0,0.0,0.0,67.0,79.0,85.0,79.0,62.0,67.0,85.0,84.0,77.0,78.0,79,84.0,81.0,82
74,221.0,31.0,0.0,0.0,0.0,67.0,90.0,89.0,85.0,78.0,73.0,84.0,81.0,74.0,73.0,75,79.0,78.0,77
76,228.0,24.0,14.0,0.0,0.0,66.0,83.0,86.0,80.0,68.0,65.0,89.0,83.0,77.0,77.0,77,80.0,78.0,70
73,215.0,33.0,0.0,0.0,0.0,66.0,78.0,81.0,73.0,54.0,71.0,83.0,85.0,78.0,77.0,78,80.0,82.0,81
76,226.0,24.0,3.0,0.0,0.0,65.0,75.0,83.0,67.0,63.0,64.0,89.0,82.0,76.0,76.0,77,79.0,74.0,64
73,205.0,23.0,0.0,0.0,0.0,65.0,87.0,89.0,86.0,53.0,66.0,86.0,84.0,74.0,72.0,74,77.0,76.0,72
75,210.0,25.0,0.0,0.0,0.0,64.0,81.0,85.0,75.0,53.0,65.0,85.0,83.0,79.0,76.0,76,74.0,75.0,60
75,217.0,22.0,0.0,0.0,0.0,64.0,85.0,87.0,86.0,66.0,61.0,88.0,82.0,73.0,70.0,73,75.0,76.0,71
77,236.0,23.0,0.0,0.0,0.0,63.0,72.0,84.0,79.0,55.0,66.0,84.0,82.0,77.0,78.0,76,73.0,77.0,51
75,220.0,24.0,0.0,0.0,0.0,63.0,78.0,83.0,83.0,69.0,59.0,88.0,79.0,76.0,76.0,74,79.0,78.0,69
73,210.0,34.0,17.0,0.0,0.0,62.0,74.0,83.0,75.0,46.0,71.0,81.0,83.0,75.0,73.0,76,77.0,76.0,53
78,231.0,23.0,0.0,0.0,0.0,62.0,76.0,82.0,67.0,64.0,66.0,91.0,81.0,73.0,73.0,67,74.0,72.0,50
77,235.0,26.0,9.0,0.0,0.0,62.0,76.0,83.0,71.0,68.0,63.0,84.0,82.0,76.0,78.0,78,77.0,72.0,66
75,222.0,36.0,26.0,0.0,0.0,61.0,68.0,74.0,61.0,62.0,74.0,81.0,82.0,75.0,72.0,75,73.0,65.0,56
71,210.0,26.0,0.0,0.0,0.0,61.0,82.0,87.0,85.0,61.0,67.0,86.0,78.0,68.0,70.0,72,69.0,79.0,73
74,215.0,35.0,0.0,0.0,0.0,61.0,66.0,73.0,65.0,57.0,69.0,81.0,83.0,76.0,71.0,75,78.0,69.0,45
75,220.0,29.0,16.0,0.0,0.0,61.0,72.0,79.0,72.0,61.0,69.0,82.0,81.0,75.0,75.0,76,78.0,68.0,34
75,216.0,26.0,9.0,0.0,0.0,61.0,84.0,87.0,86.0,77.0,53.0,84.0,80.0,77.0,75.0,71,80.0,77.0,70
76,235.0,31.0,17.0,0.0,0.0,60.0,79.0,81.0,78.0,66.0,62.0,83.0,82.0,75.0,72.0,68,73.0,74.0,74
72,225.0,34.0,0.0,0.0,0.0,60.0,73.0,81.0,69.0,52.0,66.0,80.0,83.0,76.0,76.0,72,70.0,78.0,65
73,224.0,24.0,4.0,0.0,0.0,60.0,85.0,88.0,91.0,65.0,55.0,83.0,78.0,71.0,73.0,70,78.0,77.0,74
75,221.0,30.0,52.0,0.0,2.0,60.0,81.0,81.0,80.0,56.0,70.0,85.0,81.0,72.0,69.0,73,66.0,74.0,48
78,234.0,23.0,0.0,0.0,0.0,59.0,84.0,86.0,78.0,64.0,55.0,90.0,77.0,71.0,75.0,70,79.0,72.0,65
74,215.0,23.0,1.0,0.0,0.0,59.0,73.0,79.0,75.0,60.0,59.0,82.0,82.0,76.0,73.0,80,79.0,78.0,55
75,218.0,26.0,0.0,0.0,0.0,59.0,74.0,83.0,74.0,66.0,65.0,85.0,79.0,73.0,70.0,74,73.0,75.0,57
72,200.0,25.0,0.0,0.0,0.0,59.0,82.0,85.0,87.0,55.0,62.0,82.0,78.0,72.0,67.0,73,72.0,76.0,66
72,210.0,23.0,0.0,0.0,0.0,59.0,83.0,83.0,83.0,58.0,57.0,82.0,80.0,70.0,72.0,77,74.0,77.0,67
74,202.0,25.0,0.0,0.0,0.0,58.0,76.0,84.0,80.0,52.0,65.0,83.0,79.0,71.0,73.0,75,74.0,78.0,59
73,230.0,22.0,2.0,0.0,0.0,58.0,79.0,83.0,82.0,67.0,59.0,83.0,79.0,69.0,71.0,72,77.0,75.0,71
75,225.0,27.0,0.0,0.0,0.0,58.0,74.0,82.0,68.0,62.0,68.0,83.0,78.0,72.0,71.0,70,76.0,74.0,49
75,215.0,30.0,4.0,0.0,0.0,58.0,72.0,79.0,72.0,52.0,63.0,81.0,80.0,75.0,74.0,73,77.0,71.0,57
78,225.0,31.0,9.0,0.0,0.0,58.0,67.0,73.0,53.0,59.0,60.0,85.0,81.0,73.0,74.0,75,69.0,65.0,53
75,215.0,25.0,6.0,0.0,0.0,58.0,79.0,83.0,75.0,62.0,57.0,86.0,79.0,73.0,72.0,71,73.0,77.0,63
74,215.0,27.0,9.0,0.0,0.0,57.0,78.0,80.0,76.0,64.0,65.0,80.0,79.0,72.0,74.0,70,78.0,75.0,39
76,232.0,26.0,0.0,0.0,0.0,57.0,79.0,81.0,82.0,60.0,62.0,84.0,74.0,70.0,76.0,71,77.0,72.0,59
72,205.0,26.0,0.0,0.0,0.0,56.0,75.0,86.0,76.0,58.0,63.0,84.0,77.0,70.0,71.0,74,71.0,73.0,56
75,215.0,35.0,7.0,0.0,0.0,56.0,81.0,81.0,81.0,53.0,62.0,85.0,75.0,65.0,66.0,72,61.0,71.0,68
72,201.0,26.0,1.0,0.0,0.0,55.0,86.0,88.0,84.0,59.0,51.0,84.0,72.0,66.0,65.0,72,73.0,70.0,69
74,220.0,26.0,1.0,0.0,0.0,55.0,78.0,85.0,80.0,59.0,52.0,86.0,76.0,68.0,73.0,73,76.0,75.0,64
76,230.0,30.0,2.0,0.0,0.0,55.0,77.0,82.0,67.0,60.0,64.0,86.0,77.0,64.0,67.0,66,63.0,76.0,67
77,218.0,26.0,0.0,0.0,0.0,55.0,70.0,80.0,71.0,54.0,63.0,83.0,79.0,71.0,64.0,73,75.0,73.0,49
77,218.0,26.0,9.0,0.0,0.0,55.0,70.0,80.0,71.0,54.0,63.0,83.0,79.0,71.0,64.0,73,75.0,73.0,49
77,218.0,26.0,5.0,0.0,0.0,55.0,70.0,80.0,71.0,54.0,63.0,83.0,79.0,71.0,64.0,73,75.0,73.0,49
74,209.0,28.0,5.0,0.0,0.0,54.0,76.0,80.0,79.0,56.0,61.0,82.0,78.0,69.0,70.0,73,76.0,72.0,60
74,215.0,24.0,0.0,0.0,0.0,54.0,89.0,88.0,83.0,67.0,50.0,83.0,74.0,66.0,70.0,69,75.0,73.0,62
72,210.0,23.0,0.0,0.0,0.0,52.0,75.0,83.0,72.0,51.0,49.0,82.0,79.0,74.0,73.0,65,65.0,79.0,52
78,230.0,29.0,2.0,0.0,0.0,52.0,66.0,74.0,72.0,57.0,61.0,83.0,74.0,72.0,66.0,69,70.0,67.0,42
73,213.0,26.0,0.0,0.0,0.0,51.0,78.0,83.0,80.0,58.0,63.0,77.0,77.0,69.0,69.0,75,72.0,71.0,45
76,225.0,24.0,0.0,0.0,0.0,50.0,74.0,83.0,67.0,58.0,53.0,83.0,76.0,68.0,69.0,70,68.0,71.0,46
76,225.0,45.0,184.0,3.0,15.0,97.0,71.0,70.0,70.0,64.0,99.0,92.0,99.0,0.0,95.0,86,99.0,0.0,61
74,225.0,38.0,166.0,4.0,10.0,96.0,80.0,76.0,81.0,59.0,97.0,93.0,96.0,0.0,91.0,97,95.0,0.0,85
75,230.0,26.0,106.0,2.0,6.0,95.0,84.0,87.0,88.0,70.0,91.0,97.0,95.0,0.0,89.0,95,96.0,0.0,89
77,237.0,26.0,98.0,0.0,4.0,92.0,89.0,92.0,85.0,76.0,86.0,99.0,89.0,0.0,88.0,91,89.0,0.0,95
76,221.0,25.0,58.0,0.0,2.0,90.0,83.0,86.0,82.0,68.0,92.0,87.0,97.0,0.0,86.0,92,83.0,0.0,88
74,238.0,29.0,94.0,0.0,4.0,89.0,82.0,82.0,83.0,75.0,89.0,89.0,91.0,0.0,92.0,93,90.0,0.0,92
78,236.0,24.0,64.0,0.0,1.0,88.0,84.0,87.0,80.0,71.0,87.0,96.0,91.0,0.0,90.0,87,88.0,0.0,79
74,212.0,25.0,101.0,3.0,4.0,87.0,96.0,96.0,95.0,63.0,83.0,92.0,88.0,0.0,84.0,89,97.0,0.0,94
71,215.0,33.0,139.0,0.0,10.0,87.0,85.0,90.0,91.0,59.0,81.0,92.0,88.0,0.0,94.0,86,94.0,0.0,93
75,220.0,34.0,126.0,0.0,2.0,85.0,75.0,65.0,72.0,66.0,88.0,95.0,90.0,0.0,88.0,83,86.0,0.0,78
74,215.0,26.0,58.0,0.0,3.0,84.0,85.0,89.0,89.0,69.0,71.0,93.0,89.0,0.0,87.0,88,86.0,0.0,97
70,207.0,25.0,69.0,0.0,2.0,84.0,92.0,95.0,93.0,59.0,79.0,90.0,89.0,0.0,86.0,90,83.0,0.0,90
75,210.0,31.0,93.0,0.0,4.0,83.0,82.0,85.0,79.0,61.0,80.0,91.0,92.0,0.0,87.0,85,86.0,0.0,41
76,217.0,34.0,91.0,0.0,1.0,83.0,86.0,88.0,83.0,63.0,85.0,89.0,94.0,0.0,84.0,87,92.0,0.0,67
76,217.0,37.0,146.0,1.0,4.0,81.0,69.0,68.0,66.0,62.0,82.0,85.0,90.0,0.0,85.0,83,88.0,0.0,65
75,202.0,34.0,100.0,0.0,4.0,80.0,75.0,74.0,69.0,52.0,74.0,88.0,90.0,0.0,89.0,84,98.0,0.0,35
75,217.0,23.0,27.0,0.0,1.0,78.0,81.0,80.0,81.0,60.0,83.0,85.0,92.0,0.0,82.0,86,85.0,0.0,58
73,215.0,27.0,70.0,0.0,2.0,77.0,82.0,81.0,83.0,70.0,72.0,94.0,88.0,0.0,85.0,81,87.0,0.0,84
74,225.0,30.0,47.0,0.0,0.0,77.0,72.0,71.0,75.0,63.0,80.0,87.0,89.0,0.0,79.0,83,91.0,0.0,76
76,231.0,28.0,62.0,0.0,1.0,76.0,78.0,74.0,78.0,73.0,75.0,90.0,87.0,0.0,81.0,82,82.0,0.0,91
78,215.0,22.0,39.0,0.0,1.0,76.0,84.0,88.0,86.0,69.0,75.0,91.0,86.0,0.0,81.0,82,84.0,0.0,83
74,215.0,29.0,49.0,0.0,1.0,75.0,81.0,82.0,84.0,52.0,73.0,86.0,88.0,0.0,82.0,84,81.0,0.0,87
72,217.0,24.0,45.0,0.0,1.0,75.0,82.0,85.0,79.0,61.0,76.0,86.0,87.0,0.0,84.0,85,84.0,0.0,81
73,223.0,24.0,69.0,0.0,2.0,74.0,87.0,90.0,90.0,73.0,69.0,86.0,87.0,0.0,80.0,81,82.0,0.0,85
75,227.0,23.0,39.0,0.0,0.0,74.0,90.0,91.0,90.0,65.0,63.0,92.0,85.0,0.0,83.0,81,82.0,0.0,81
77,237.0,29.0,60.0,0.0,1.0,73.0,80.0,83.0,80.0,72.0,69.0,90.0,86.0,0.0,82.0,80,83.0,0.0,84
74,214.0,23.0,13.0,0.0,0.0,73.0,83.0,88.0,84.0,61.0,65.0,94.0,85.0,0.0,80.0,78,83.0,0.0,77
76,217.0,27.0,96.0,0.0,4.0,72.0,76.0,82.0,74.0,64.0,63.0,89.0,93.0,0.0,79.0,80,87.0,0.0,74
76,224.0,22.0,5.0,0.0,0.0,72.0,87.0,91.0,89.0,71.0,60.0,91.0,84.0,0.0,80.0,78,85.0,0.0,80
76,225.0,23.0,15.0,0.0,0.0,71.0,78.0,76.0,79.0,56.0,69.0,87.0,87.0,0.0,81.0,78,76.0,0.0,56
76,222.0,28.0,56.0,0.0,0.0,71.0,88.0,90.0,87.0,60.0,69.0,87.0,84.0,0.0,76.0,77,81.0,0.0,77
75,225.0,25.0,38.0,0.0,1.0,71.0,79.0,82.0,80.0,60.0,73.0,88.0,87.0,0.0,78.0,79,85.0,0.0,73
74,220.0,34.0,91.0,0.0,3.0,70.0,73.0,67.0,73.0,54.0,71.0,87.0,86.0,0.0,80.0,81,80.0,0.0,51
77,230.0,25.0,42.0,0.0,0.0,70.0,88.0,89.0,83.0,67.0,68.0,87.0,85.0,0.0,83.0,77,81.0,0.0,68
75,213.0,23.0,13.0,0.0,0.0,70.0,88.0,91.0,79.0,64.0,70.0,91.0,80.0,0.0,79.0,74,82.0,0.0,71
76,235.0,29.0,34.0,0.0,0.0,70.0,79.0,75.0,79.0,72.0,67.0,90.0,84.0,0.0,83.0,80,78.0,0.0,62
73,223.0,23.0,4.0,0.0,0.0,69.0,92.0,93.0,92.0,72.0,43.0,94.0,77.0,0.0,78.0,74,83.0,0.0,86
74,220.0,28.0,39.0,0.0,1.0,69.0,84.0,87.0,87.0,71.0,63.0,88.0,83.0,0.0,78.0,77,78.0,0.0,77
73,210.0,29.0,0.0,0.0,0.0,69.0,84.0,87.0,82.0,58.0,72.0,83.0,85.0,0.0,77.0,79,78.0,0.0,79
73,217.0,33.0,48.0,0.0,1.0,69.0,86.0,89.0,88.0,57.0,66.0,86.0,83.0,0.0,77.0,79,77.0,0.0,79
75,219.0,24.0,14.0,0.0,0.0,68.0,81.0,87.0,80.0,69.0,71.0,86.0,84.0,0.0,77.0,77,81.0,0.0,76
74,205.0,23.0,0.0,0.0,0.0,68.0,84.0,89.0,82.0,54.0,62.0,89.0,82.0,0.0,79.0,78,80.0,0.0,69
78,243.0,33.0,32.0,0.0,1.0,68.0,68.0,57.0,67.0,66.0,69.0,86.0,86.0,0.0,79.0,82,81.0,0.0,71
73,195.0,24.0,0.0,0.0,0.0,68.0,87.0,90.0,86.0,53.0,71.0,86.0,84.0,0.0,72.0,78,77.0,0.0,76
73,225.0,26.0,0.0,0.0,0.0,67.0,78.0,83.0,79.0,62.0,68.0,85.0,84.0,0.0,78.0,79,84.0,0.0,82
73,224.0,21.0,12.0,0.0,0.0,67.0,82.0,87.0,78.0,64.0,56.0,93.0,81.0,0.0,80.0,76,79.0,0.0,78
76,228.0,25.0,14.0,0.0,0.0,66.0,83.0,86.0,80.0,68.0,65.0,89.0,83.0,0.0,76.0,76,80.0,0.0,69
78,245.0,37.0,96.0,0.0,0.0,66.0,70.0,71.0,65.0,66.0,65.0,89.0,83.0,0.0,77.0,76,80.0,0.0,35
76,219.0,23.0,29.0,0.0,0.0,66.0,81.0,85.0,77.0,62.0,58.0,90.0,83.0,0.0,78.0,80,82.0,0.0,72
73,215.0,34.0,0.0,0.0,0.0,65.0,77.0,73.0,72.0,54.0,68.0,83.0,85.0,0.0,77.0,79,80.0,0.0,80
75,212.0,23.0,0.0,0.0,0.0,64.0,85.0,87.0,86.0,66.0,61.0,88.0,82.0,0.0,70.0,73,75.0,0.0,72
73,190.0,27.0,0.0,0.0,0.0,64.0,74.0,82.0,72.0,57.0,68.0,84.0,81.0,0.0,78.0,77,79.0,0.0,52
73,215.0,23.0,2.0,0.0,0.0,63.0,76.0,85.0,76.0,56.0,69.0,85.0,83.0,0.0,75.0,73,78.0,0.0,54
75,210.0,26.0,0.0,0.0,0.0,63.0,81.0,79.0,75.0,53.0,64.0,85.0,82.0,0.0,76.0,75,74.0,0.0,60
77,236.0,24.0,0.0,0.0,0.0,63.0,70.0,80.0,78.0,57.0,66.0,84.0,82.0,0.0,77.0,76,73.0,0.0,51
73,210.0,35.0,17.0,0.0,0.0,62.0,73.0,77.0,72.0,45.0,70.0,81.0,84.0,0.0,73.0,76,77.0,0.0,53
78,231.0,24.0,0.0,0.0,0.0,62.0,76.0,77.0,67.0,63.0,66.0,91.0,80.0,0.0,73.0,67,74.0,0.0,50
77,235.0,27.0,9.0,0.0,0.0,62.0,75.0,78.0,69.0,67.0,64.0,84.0,82.0,0.0,76.0,78,77.0,0.0,66
71,210.0,27.0,0.0,0.0,0.0,62.0,82.0,88.0,85.0,61.0,66.0,86.0,78.0,0.0,70.0,73,69.0,0.0,74
75,226.0,29.0,5.0,0.0,0.0,61.0,83.0,84.0,83.0,63.0,64.0,86.0,79.0,0.0,75.0,75,76.0,0.0,61
74,215.0,36.0,0.0,0.0,0.0,61.0,65.0,58.0,64.0,56.0,70.0,81.0,83.0,0.0,71.0,74,78.0,0.0,45
75,222.0,37.0,26.0,0.0,0.0,61.0,65.0,56.0,60.0,61.0,74.0,81.0,82.0,0.0,72.0,75,73.0,0.0,56
72,225.0,35.0,0.0,0.0,0.0,61.0,73.0,73.0,68.0,52.0,72.0,80.0,83.0,0.0,75.0,72,70.0,0.0,64
75,220.0,30.0,16.0,0.0,0.0,61.0,72.0,75.0,69.0,59.0,68.0,82.0,81.0,0.0,75.0,76,78.0,0.0,34
76,235.0,32.0,17.0,0.0,0.0,60.0,79.0,73.0,77.0,66.0,67.0,83.0,82.0,0.0,72.0,68,73.0,0.0,73
73,224.0,25.0,4.0,0.0,0.0,60.0,85.0,88.0,91.0,65.0,55.0,83.0,78.0,0.0,73.0,70,78.0,0.0,74
75,221.0,31.0,52.0,0.0,2.0,60.0,80.0,74.0,79.0,58.0,70.0,85.0,81.0,0.0,69.0,73,66.0,0.0,48
76,235.0,29.0,7.0,0.0,0.0,60.0,84.0,85.0,81.0,68.0,61.0,84.0,74.0,0.0,63.0,78,75.0,0.0,80
75,216.0,27.0,9.0,0.0,0.0,60.0,83.0,86.0,85.0,77.0,55.0,84.0,79.0,0.0,75.0,71,80.0,0.0,70
73,220.0,22.0,36.0,0.0,1.0,59.0,78.0,86.0,81.0,63.0,51.0,84.0,79.0,0.0,71.0,72,80.0,0.0,70
73,195.0,24.0,0.0,0.0,0.0,59.0,83.0,84.0,82.0,60.0,46.0,87.0,75.0,0.0,70.0,77,75.0,0.0,66
78,234.0,24.0,0.0,0.0,0.0,59.0,84.0,85.0,78.0,65.0,55.0,90.0,77.0,0.0,74.0,70,79.0,0.0,65
72,210.0,24.0,0.0,0.0,0.0,59.0,83.0,83.0,83.0,58.0,58.0,82.0,78.0,0.0,71.0,76,74.0,0.0,69
78,224.0,26.0,2.0,0.0,0.0,59.0,74.0,76.0,64.0,55.0,56.0,87.0,78.0,0.0,74.0,75,73.0,0.0,55
74,202.0,26.0,0.0,0.0,0.0,58.0,75.0,80.0,77.0,52.0,64.0,83.0,79.0,0.0,73.0,75,74.0,0.0,59
75,225.0,28.0,0.0,0.0,0.0,58.0,73.0,76.0,70.0,62.0,67.0,83.0,79.0,0.0,71.0,70,76.0,0.0,49
72,200.0,26.0,0.0,0.0,0.0,58.0,81.0,79.0,86.0,55.0,62.0,82.0,78.0,0.0,67.0,73,72.0,0.0,66
74,234.0,31.0,5.0,0.0,0.0,58.0,71.0,64.0,64.0,61.0,66.0,78.0,80.0,0.0,76.0,74,79.0,0.0,61
73,222.0,23.0,2.0,0.0,0.0,58.0,78.0,79.0,82.0,67.0,59.0,83.0,78.0,0.0,71.0,72,77.0,0.0,71
74,215.0,28.0,9.0,0.0,0.0,57.0,77.0,69.0,76.0,64.0,66.0,80.0,79.0,0.0,74.0,70,77.0,0.0,39
75,215.0,26.0,6.0,0.0,0.0,57.0,79.0,79.0,74.0,62.0,58.0,86.0,79.0,0.0,72.0,71,73.0,0.0,63
74,217.0,25.0,3.0,0.0,0.0,57.0,77.0,85.0,82.0,65.0,49.0,88.0,78.0,0.0,76.0,75,78.0,0.0,63
76,227.0,27.0,0.0,0.0,0.0,57.0,78.0,74.0,81.0,60.0,62.0,84.0,74.0,0.0,76.0,71,77.0,0.0,59
72,205.0,27.0,0.0,0.0,0.0,56.0,75.0,84.0,76.0,56.0,63.0,84.0,77.0,0.0,71.0,75,71.0,0.0,56
74,208.0,24.0,0.0,0.0,0.0,56.0,84.0,91.0,87.0,65.0,50.0,83.0,76.0,0.0,62.0,65,73.0,0.0,72
75,218.0,23.0,0.0,0.0,0.0,56.0,76.0,83.0,81.0,60.0,60.0,84.0,80.0,0.0,72.0,71,74.0,0.0,48
75,215.0,36.0,7.0,0.0,0.0,56.0,81.0,81.0,81.0,53.0,62.0,85.0,75.0,0.0,66.0,72,61.0,0.0,68
77,218.0,27.0,0.0,0.0,0.0,56.0,69.0,75.0,70.0,54.0,63.0,83.0,81.0,0.0,64.0,73,75.0,0.0,49
77,218.0,27.0,9.0,0.0,0.0,56.0,69.0,75.0,70.0,54.0,63.0,83.0,81.0,0.0,64.0,73,75.0,0.0,49
77,218.0,27.0,5.0,0.0,0.0,56.0,69.0,75.0,70.0,54.0,63.0,83.0,81.0,0.0,64.0,73,75.0,0.0,49
78,227.0,28.0,1.0,0.0,0.0,55.0,73.0,68.0,66.0,65.0,62.0,84.0,77.0,0.0,69.0,74,68.0,0.0,54
72,201.0,27.0,1.0,0.0,0.0,55.0,86.0,88.0,84.0,59.0,55.0,84.0,72.0,0.0,65.0,72,73.0,0.0,67
74,220.0,27.0,1.0,0.0,0.0,55.0,78.0,82.0,80.0,57.0,52.0,86.0,76.0,0.0,73.0,72,76.0,0.0,64
74,209.0,29.0,5.0,0.0,0.0,54.0,76.0,72.0,78.0,56.0,61.0,82.0,78.0,0.0,70.0,73,76.0,0.0,60
74,215.0,25.0,0.0,0.0,0.0,54.0,89.0,89.0,83.0,67.0,50.0,83.0,74.0,0.0,70.0,69,75.0,0.0,62
77,210.0,32.0,14.0,0.0,0.0,54.0,62.0,62.0,59.0,52.0,66.0,77.0,80.0,0.0,69.0,68,64.0,0.0,55
77,210.0,32.0,0.0,0.0,0.0,54.0,62.0,62.0,59.0,52.0,66.0,77.0,80.0,0.0,69.0,68,64.0,0.0,55
74,209.0,25.0,1.0,0.0,0.0,53.0,80.0,85.0,78.0,62.0,45.0,85.0,75.0,0.0,69.0,71,76.0,0.0,62
74,210.0,26.0,0.0,0.0,0.0,53.0,79.0,83.0,77.0,57.0,57.0,82.0,77.0,0.0,68.0,69,74.0,0.0,60
77,230.0,27.0,1.0,0.0,0.0,52.0,76.0,80.0,76.0,62.0,60.0,82.0,76.0,0.0,71.0,67,73.0,0.0,54
78,230.0,30.0,2.0,0.0,0.0,52.0,65.0,59.0,72.0,57.0,61.0,83.0,74.0,0.0,66.0,69,70.0,0.0,42
72,210.0,24.0,0.0,0.0,0.0,52.0,75.0,77.0,72.0,51.0,49.0,82.0,79.0,0.0,73.0,65,65.0,0.0,52
73,213.0,27.0,0.0,0.0,0.0,51.0,78.0,79.0,80.0,58.0,63.0,77.0,77.0,0.0,69.0,75,72.0,0.0,45
76,225.0,25.0,0.0,0.0,0.0,50.0,74.0,80.0,65.0,58.0,53.0,83.0,76.0,0.0,69.0,70,68.0,0.0,46
74,225.0,28.0,3.0,0.0,0.0,49.0,77.0,81.0,76.0,64.0,56.0,78.0,74.0,0.0,71.0,66,72.0,0.0,65
75,220.0,28.0,0.0,0.0,0.0,48.0,80.0,86.0,80.0,53.0,54.0,85.0,74.0,0.0,68.0,67,72.0,0.0,39
73,220.0,23.0,36.0,0.0,1.0,73.0,78.0,86.0,81.0,63.0,78.0,84.0,88.0,83.0,78.0,81,82.0,83.0,72
75,225.0,26.0,38.0,0.0,1.0,71.0,80.0,82.0,80.0,60.0,72.0,88.0,86.0,80.0,81.0,78,85.0,84.0,72
76,224.0,23.0,5.0,0.0,0.0,71.0,87.0,91.0,89.0,71.0,56.0,91.0,84.0,78.0,79.0,77,84.0,83.0,80
74,209.0,30.0,5.0,0.0,0.0,54.0,75.0,71.0,77.0,56.0,61.0,82.0,78.0,69.0,70.0,73,75.0,72.0,58
75,228.0,24.0,39.0,0.0,0.0,76.0,93.0,95.0,93.0,65.0,65.0,91.0,85.0,79.0,82.0,80,82.0,81.0,89
71,216.0,28.0,0.0,0.0,0.0,66.0,82.0,87.0,85.0,61.0,66.0,89.0,80.0,71.0,73.0,77,69.0,80.0,78
75,213.0,23.0,0.0,0.0,0.0,52.0,79.0,86.0,85.0,59.0,48.0,85.0,75.0,68.0,67.0,69,76.0,75.0,55
74,225.0,29.0,3.0,0.0,0.0,49.0,76.0,80.0,75.0,64.0,60.0,78.0,74.0,67.0,71.0,66,72.0,68.0,64
76,215.0,26.0,58.0,0.0,2.0,95.0,83.0,86.0,82.0,68.0,97.0,87.0,99.0,98.0,93.0,94,83.0,90.0,90
75,220.0,31.0,16.0,0.0,0.0,57.0,71.0,74.0,68.0,59.0,61.0,82.0,79.0,73.0,75.0,73,76.0,68.0,34
74,209.0,27.0,0.0,0.0,0.0,52.0,78.0,82.0,77.0,57.0,59.0,82.0,76.0,68.0,67.0,69,74.0,73.0,57
77,237.0,27.0,98.0,0.0,4.0,94.0,88.0,92.0,85.0,80.0,87.0,99.0,92.0,89.0,89.0,92,94.0,96.0,96
75,210.0,27.0,0.0,0.0,0.0,61.0,81.0,78.0,75.0,53.0,60.0,85.0,82.0,76.0,76.0,74,74.0,75.0,60
74,234.0,32.0,5.0,0.0,0.0,56.0,70.0,63.0,63.0,61.0,63.0,78.0,79.0,73.0,75.0,74,76.0,78.0,60
71,215.0,34.0,139.0,0.0,10.0,77.0,85.0,89.0,90.0,59.0,75.0,92.0,86.0,78.0,85.0,80,92.0,88.0,86
75,215.0,27.0,6.0,0.0,0.0,62.0,79.0,79.0,74.0,62.0,66.0,86.0,81.0,75.0,73.0,73,73.0,80.0,63
74,215.0,26.0,1.0,0.0,0.0,54.0,80.0,85.0,78.0,62.0,51.0,85.0,75.0,66.0,69.0,71,76.0,74.0,62
75,223.0,27.0,58.0,0.0,3.0,78.0,84.0,88.0,89.0,69.0,71.0,92.0,83.0,80.0,83.0,83,85.0,87.0,94
75,220.0,28.0,9.0,0.0,0.0,63.0,84.0,87.0,85.0,74.0,66.0,84.0,82.0,75.0,75.0,72,79.0,77.0,70
75,217.0,24.0,0.0,0.0,0.0,62.0,85.0,88.0,86.0,66.0,52.0,88.0,80.0,73.0,70.0,73,75.0,75.0,71
73,191.0,23.0,2.0,0.0,0.0,61.0,87.0,88.0,84.0,61.0,40.0,89.0,81.0,73.0,68.0,73,79.0,74.0,73
73,215.0,28.0,70.0,0.0,2.0,72.0,82.0,81.0,82.0,69.0,60.0,94.0,83.0,79.0,81.0,79,87.0,82.0,77
73,200.0,27.0,0.0,0.0,0.0,60.0,81.0,79.0,85.0,55.0,62.0,83.0,80.0,74.0,68.0,75,72.0,77.0,66
77,236.0,25.0,0.0,0.0,0.0,59.0,70.0,80.0,78.0,57.0,60.0,84.0,80.0,76.0,74.0,71,73.0,76.0,51
70,207.0,26.0,69.0,0.0,2.0,79.0,92.0,94.0,90.0,59.0,72.0,90.0,86.0,81.0,84.0,84,83.0,89.0,87
73,212.0,36.0,17.0,0.0,0.0,63.0,74.0,77.0,71.0,45.0,70.0,82.0,84.0,76.0,73.0,76,77.0,76.0,53
76,235.0,30.0,7.0,0.0,0.0,62.0,85.0,85.0,81.0,70.0,64.0,84.0,74.0,67.0,64.0,77,75.0,75.0,83
75,220.0,23.0,0.0,0.0,0.0,62.0,85.0,89.0,86.0,60.0,51.0,85.0,85.0,77.0,74.0,77,80.0,76.0,63
73,207.0,28.0,0.0,0.0,0.0,58.0,75.0,83.0,76.0,56.0,67.0,84.0,78.0,70.0,72.0,75,71.0,73.0,56
78,236.0,25.0,64.0,0.0,1.0,87.0,86.0,89.0,80.0,71.0,85.0,96.0,91.0,88.0,88.0,87,88.0,92.0,79
73,207.0,22.0,0.0,0.0,0.0,61.0,88.0,88.0,80.0,69.0,46.0,88.0,80.0,76.0,74.0,74,78.0,76.0,65
73,224.0,26.0,4.0,0.0,0.0,60.0,85.0,87.0,91.0,65.0,56.0,83.0,78.0,70.0,73.0,70,78.0,76.0,74
74,225.0,27.0,106.0,2.0,6.0,99.0,84.0,87.0,87.0,70.0,98.0,97.0,98.0,93.0,91.0,97,96.0,98.0,88
76,233.0,33.0,17.0,0.0,0.0,58.0,78.0,72.0,77.0,66.0,63.0,83.0,81.0,76.0,70.0,68,73.0,74.0,70
74,195.0,25.0,0.0,0.0,0.0,56.0,83.0,84.0,81.0,60.0,39.0,87.0,75.0,74.0,70.0,74,74.0,76.0,65
72,210.0,25.0,0.0,0.0,0.0,51.0,75.0,77.0,72.0,51.0,54.0,82.0,78.0,72.0,71.0,65,65.0,71.0,51
76,244.0,22.0,9.0,0.0,0.0,70.0,91.0,92.0,88.0,73.0,68.0,95.0,76.0,75.0,76.0,73,86.0,72.0,80
73,225.0,27.0,0.0,0.0,0.0,67.0,78.0,83.0,79.0,62.0,68.0,85.0,83.0,77.0,78.0,80,83.0,82.0,81
73,222.0,24.0,2.0,0.0,0.0,56.0,78.0,79.0,82.0,67.0,53.0,83.0,78.0,69.0,70.0,70,77.0,74.0,71
76,235.0,30.0,34.0,0.0,0.0,72.0,79.0,75.0,78.0,73.0,68.0,91.0,85.0,82.0,82.0,79,81.0,79.0,62
73,220.0,22.0,12.0,0.0,0.0,66.0,82.0,87.0,78.0,64.0,57.0,92.0,80.0,74.0,77.0,75,79.0,77.0,75
74,215.0,25.0,1.0,0.0,0.0,58.0,72.0,69.0,75.0,60.0,60.0,82.0,81.0,74.0,72.0,78,78.0,76.0,54
74,238.0,30.0,94.0,0.0,4.0,87.0,84.0,83.0,83.0,75.0,86.0,90.0,93.0,90.0,88.0,88,90.0,94.0,92
75,225.0,29.0,0.0,0.0,0.0,65.0,74.0,77.0,70.0,62.0,69.0,85.0,84.0,77.0,76.0,77,82.0,78.0,54
73,220.0,28.0,1.0,0.0,0.0,55.0,78.0,82.0,80.0,57.0,53.0,86.0,76.0,68.0,73.0,72,75.0,73.0,64
73,217.0,25.0,45.0,0.0,1.0,83.0,82.0,85.0,79.0,61.0,80.0,86.0,96.0,92.0,86.0,86,84.0,85.0,82
77,218.0,28.0,0.0,0.0,0.0,67.0,70.0,75.0,71.0,54.0,71.0,86.0,84.0,81.0,75.0,78,76.0,77.0,49
77,218.0,28.0,9.0,0.0,0.0,67.0,70.0,75.0,71.0,54.0,71.0,86.0,84.0,81.0,75.0,78,76.0,77.0,49
77,218.0,28.0,5.0,0.0,0.0,67.0,70.0,75.0,71.0,54.0,71.0,86.0,84.0,81.0,75.0,78,76.0,77.0,49
74,219.0,26.0,3.0,0.0,0.0,65.0,77.0,85.0,83.0,65.0,64.0,88.0,80.0,76.0,78.0,76,78.0,76.0,66
73,223.0,25.0,69.0,0.0,2.0,88.0,89.0,90.0,91.0,76.0,91.0,86.0,94.0,87.0,87.0,89,87.0,91.0,93
76,222.0,29.0,56.0,0.0,0.0,69.0,87.0,90.0,86.0,60.0,65.0,86.0,84.0,78.0,77.0,79,81.0,80.0,78
78,231.0,23.0,1.0,0.0,0.0,58.0,77.0,84.0,76.0,61.0,66.0,86.0,77.0,70.0,72.0,70,74.0,81.0,45
72,206.0,25.0,0.0,0.0,0.0,55.0,83.0,83.0,83.0,58.0,37.0,82.0,78.0,70.0,71.0,74,74.0,74.0,69
75,207.0,24.0,13.0,0.0,0.0,70.0,88.0,91.0,79.0,64.0,69.0,91.0,82.0,79.0,79.0,76,82.0,80.0,71
73,210.0,30.0,0.0,0.0,0.0,68.0,83.0,86.0,82.0,58.0,69.0,83.0,85.0,78.0,78.0,80,78.0,81.0,79
78,234.0,25.0,0.0,0.0,0.0,60.0,84.0,85.0,78.0,65.0,58.0,90.0,78.0,71.0,74.0,70,79.0,72.0,65
74,201.0,28.0,0.0,0.0,0.0,52.0,78.0,79.0,79.0,58.0,62.0,79.0,77.0,69.0,69.0,75,72.0,71.0,45
77,230.0,26.0,42.0,0.0,0.0,75.0,88.0,88.0,84.0,67.0,74.0,87.0,90.0,84.0,82.0,82,82.0,81.0,73
73,217.0,34.0,48.0,0.0,1.0,66.0,85.0,87.0,88.0,57.0,59.0,86.0,82.0,77.0,75.0,78,77.0,77.0,75
78,220.0,23.0,39.0,0.0,1.0,82.0,87.0,89.0,87.0,69.0,83.0,93.0,88.0,84.0,85.0,86,84.0,85.0,85
74,215.0,29.0,9.0,0.0,0.0,57.0,76.0,69.0,75.0,64.0,65.0,80.0,80.0,72.0,74.0,70,77.0,75.0,39
74,223.0,39.0,166.0,4.0,10.0,86.0,79.0,76.0,80.0,59.0,85.0,93.0,92.0,89.0,86.0,90,91.0,90.0,85
74,214.0,24.0,13.0,0.0,0.0,69.0,83.0,88.0,84.0,61.0,62.0,93.0,83.0,75.0,80.0,74,83.0,77.0,78
73,216.0,28.0,0.0,0.0,0.0,59.0,85.0,88.0,82.0,70.0,54.0,84.0,76.0,68.0,70.0,71,74.0,76.0,74
76,232.0,28.0,0.0,0.0,0.0,57.0,77.0,74.0,80.0,60.0,64.0,83.0,77.0,70.0,76.0,71,77.0,72.0,59
76,223.0,28.0,96.0,0.0,4.0,80.0,76.0,82.0,74.0,64.0,77.0,90.0,97.0,85.0,81.0,81,87.0,87.0,74
75,221.0,25.0,0.0,0.0,0.0,68.0,86.0,90.0,86.0,67.0,48.0,89.0,86.0,75.0,75.0,79,84.0,78.0,83
78,227.0,29.0,1.0,0.0,0.0,55.0,72.0,67.0,65.0,65.0,63.0,84.0,77.0,70.0,69.0,74,68.0,68.0,54
76,219.0,24.0,29.0,0.0,0.0,70.0,81.0,85.0,77.0,62.0,67.0,90.0,84.0,79.0,79.0,82,80.0,83.0,73
74,218.0,25.0,0.0,0.0,0.0,59.0,86.0,87.0,87.0,59.0,50.0,84.0,75.0,74.0,69.0,72,75.0,77.0,70
75,220.0,29.0,0.0,0.0,0.0,48.0,80.0,84.0,79.0,53.0,59.0,83.0,74.0,62.0,65.0,67,72.0,67.0,39
70,204.0,22.0,14.0,0.0,0.0,74.0,87.0,89.0,84.0,54.0,75.0,87.0,87.0,83.0,81.0,83,81.0,83.0,80
74,220.0,35.0,91.0,0.0,3.0,72.0,74.0,68.0,73.0,54.0,72.0,87.0,87.0,82.0,82.0,81,80.0,82.0,50
74,205.0,24.0,0.0,0.0,0.0,64.0,84.0,89.0,82.0,54.0,51.0,89.0,82.0,79.0,78.0,77,80.0,78.0,67
75,214.0,24.0,27.0,0.0,1.0,74.0,80.0,80.0,81.0,60.0,73.0,85.0,91.0,82.0,84.0,82,85.0,80.0,58
73,220.0,24.0,2.0,0.0,0.0,63.0,76.0,85.0,76.0,56.0,67.0,85.0,82.0,76.0,76.0,75,78.0,77.0,56
72,188.0,24.0,0.0,0.0,0.0,61.0,88.0,89.0,89.0,63.0,35.0,87.0,74.0,74.0,69.0,75,82.0,77.0,76
72,202.0,28.0,1.0,0.0,0.0,56.0,86.0,88.0,84.0,59.0,61.0,84.0,72.0,65.0,65.0,72,73.0,70.0,68
74,225.0,31.0,47.0,0.0,0.0,77.0,72.0,71.0,74.0,63.0,79.0,87.0,89.0,86.0,80.0,84,89.0,86.0,72
74,215.0,37.0,0.0,0.0,0.0,61.0,64.0,57.0,63.0,56.0,68.0,82.0,85.0,75.0,71.0,72,77.0,69.0,47
75,210.0,25.0,10.0,0.0,0.0,59.0,75.0,79.0,73.0,55.0,61.0,85.0,83.0,71.0,71.0,76,77.0,79.0,59
75,220.0,35.0,126.0,0.0,2.0,75.0,74.0,65.0,71.0,66.0,71.0,92.0,87.0,81.0,83.0,80,85.0,86.0,75
71,190.0,25.0,0.0,0.0,0.0,62.0,84.0,90.0,85.0,55.0,64.0,84.0,82.0,72.0,78.0,75,80.0,78.0,69
74,202.0,27.0,0.0,0.0,0.0,57.0,75.0,78.0,77.0,52.0,61.0,83.0,79.0,71.0,74.0,72,74.0,78.0,59
74,215.0,24.0,0.0,0.0,0.0,50.0,79.0,78.0,75.0,57.0,49.0,83.0,76.0,71.0,71.0,68,70.0,73.0,44
74,230.0,26.0,101.0,3.0,4.0,91.0,96.0,96.0,95.0,63.0,92.0,93.0,89.0,86.0,84.0,89,97.0,95.0,95
73,204.0,25.0,0.0,0.0,0.0,68.0,86.0,91.0,86.0,53.0,70.0,86.0,84.0,77.0,74.0,79,77.0,79.0,77
75,198.0,37.0,7.0,0.0,0.0,59.0,80.0,81.0,81.0,53.0,64.0,85.0,76.0,65.0,67.0,75,61.0,78.0,72
73,228.0,25.0,0.0,0.0,0.0,57.0,82.0,81.0,81.0,60.0,48.0,86.0,70.0,72.0,69.0,76,65.0,75.0,69
73,228.0,25.0,23.0,0.0,0.0,57.0,82.0,81.0,81.0,60.0,48.0,86.0,70.0,72.0,69.0,76,65.0,75.0,69
75,215.0,32.0,93.0,0.0,4.0,78.0,82.0,84.0,79.0,61.0,76.0,91.0,88.0,83.0,87.0,83,86.0,85.0,46
76,231.0,29.0,62.0,0.0,1.0,70.0,78.0,73.0,77.0,72.0,63.0,90.0,86.0,79.0,80.0,79,80.0,84.0,84
73,200.0,24.0,1.0,0.0,0.0,63.0,83.0,88.0,82.0,61.0,67.0,86.0,84.0,74.0,73.0,74,79.0,75.0,66
75,221.0,32.0,52.0,0.0,2.0,81.0,84.0,80.0,79.0,58.0,83.0,88.0,89.0,84.0,89.0,88,86.0,88.0,73
76,228.0,26.0,14.0,0.0,0.0,64.0,83.0,86.0,80.0,68.0,65.0,89.0,81.0,77.0,73.0,73,75.0,74.0,68
75,227.0,23.0,0.0,0.0,0.0,54.0,77.0,75.0,78.0,62.0,43.0,88.0,77.0,69.0,70.0,76,77.0,74.0,60
75,220.0,25.0,14.0,0.0,0.0,73.0,81.0,87.0,80.0,69.0,74.0,87.0,88.0,81.0,79.0,84,81.0,84.0,76
74,220.0,29.0,39.0,0.0,1.0,67.0,84.0,86.0,88.0,71.0,62.0,88.0,81.0,76.0,77.0,79,79.0,80.0,76
77,235.0,28.0,9.0,0.0,0.0,60.0,74.0,77.0,68.0,66.0,62.0,84.0,82.0,74.0,76.0,76,76.0,72.0,64
75,218.0,21.0,24.0,0.0,1.0,73.0,82.0,87.0,80.0,58.0,70.0,89.0,88.0,82.0,83.0,78,81.0,81.0,65
76,225.0,24.0,15.0,0.0,0.0,67.0,78.0,76.0,79.0,56.0,67.0,87.0,85.0,80.0,79.0,77,78.0,73.0,56
73,206.0,35.0,0.0,0.0,0.0,64.0,76.0,72.0,72.0,54.0,61.0,85.0,85.0,78.0,77.0,78,79.0,79.0,77
76,217.0,35.0,91.0,0.0,1.0,76.0,86.0,87.0,81.0,63.0,71.0,89.0,90.0,85.0,80.0,87,93.0,86.0,67
76,229.0,24.0,11.0,0.0,0.0,69.0,80.0,85.0,83.0,68.0,66.0,94.0,79.0,73.0,79.0,80,78.0,79.0,67
73,219.0,24.0,4.0,0.0,0.0,66.0,90.0,93.0,92.0,72.0,42.0,94.0,77.0,71.0,76.0,68,83.0,80.0,82
75,205.0,35.0,100.0,0.0,4.0,84.0,75.0,73.0,69.0,52.0,82.0,88.0,90.0,91.0,90.0,85,98.0,89.0,35
72,210.0,28.0,0.0,0.0,0.0,58.0,74.0,81.0,72.0,57.0,55.0,84.0,81.0,75.0,76.0,75,79.0,78.0,52
72,207.0,25.0,1.0,0.0,0.0,57.0,85.0,89.0,83.0,64.0,47.0,83.0,78.0,72.0,77.0,71,81.0,73.0,71
