Height,Weight,Age,wAV,AP1,PB,POVR,PSPD,PACC,PAGI,PSTR,PAWR,PCTH,PCAR,PBTK,PTRK,PCOD,PBCV,PSTF,PSPM,PJUM,PJMP
73,242.0,28.0,22.0,0.0,0.0,82.0,69.0,70.0,60.0,73.0,80.0,62.0,79.0,75.0,0.0,0,0.0,0.0,0.0,0.0,59.0
71,226.0,33.0,0.0,0.0,1.0,74.0,77.0,83.0,83.0,61.0,79.0,65.0,70.0,74.0,0.0,0,0.0,0.0,0.0,0.0,73.0
73,231.0,31.0,0.0,0.0,0.0,70.0,59.0,64.0,51.0,65.0,67.0,63.0,78.0,71.0,0.0,0,0.0,0.0,0.0,0.0,49.0
73,231.0,31.0,18.0,0.0,0.0,70.0,59.0,64.0,51.0,65.0,67.0,63.0,78.0,71.0,0.0,0,0.0,0.0,0.0,0.0,49.0
70,208.0,32.0,60.0,0.0,1.0,70.0,71.0,82.0,84.0,62.0,81.0,64.0,71.0,77.0,0.0,0,0.0,0.0,0.0,0.0,72.0
72,238.0,25.0,9.0,0.0,0.0,70.0,76.0,84.0,81.0,66.0,64.0,57.0,75.0,83.0,0.0,0,0.0,0.0,0.0,0.0,73.0
71,214.0,29.0,37.0,0.0,0.0,66.0,78.0,79.0,81.0,58.0,77.0,64.0,72.0,66.0,0.0,0,0.0,0.0,0.0,0.0,71.0
71,224.0,32.0,43.0,0.0,1.0,65.0,69.0,75.0,76.0,59.0,71.0,57.0,79.0,79.0,0.0,0,0.0,0.0,0.0,0.0,71.0
75,255.0,27.0,3.0,0.0,0.0,62.0,62.0,61.0,50.0,69.0,53.0,55.0,68.0,62.0,0.0,0,0.0,0.0,0.0,0.0,54.0
68,173.0,27.0,9.0,0.0,0.0,60.0,86.0,80.0,85.0,53.0,58.0,65.0,65.0,51.0,0.0,0,0.0,0.0,0.0,0.0,68.0
70,222.0,27.0,11.0,0.0,0.0,60.0,75.0,80.0,75.0,54.0,65.0,55.0,66.0,77.0,0.0,0,0.0,0.0,0.0,0.0,71.0
73,217.0,27.0,6.0,1.0,5.0,60.0,82.0,78.0,78.0,56.0,57.0,64.0,62.0,61.0,0.0,0,0.0,0.0,0.0,0.0,74.0
70,205.0,26.0,0.0,0.0,0.0,58.0,73.0,79.0,79.0,54.0,54.0,56.0,68.0,65.0,0.0,0,0.0,0.0,0.0,0.0,72.0
71,210.0,32.0,0.0,0.0,0.0,56.0,72.0,77.0,78.0,55.0,68.0,62.0,59.0,58.0,0.0,0,0.0,0.0,0.0,0.0,66.0
70,210.0,32.0,0.0,0.0,0.0,56.0,77.0,79.0,77.0,57.0,58.0,54.0,60.0,60.0,0.0,0,0.0,0.0,0.0,0.0,68.0
70,189.0,30.0,6.0,1.0,5.0,56.0,90.0,75.0,85.0,55.0,53.0,62.0,60.0,47.0,0.0,0,0.0,0.0,0.0,0.0,72.0
71,191.0,26.0,4.0,0.0,0.0,55.0,79.0,77.0,78.0,58.0,55.0,63.0,55.0,55.0,0.0,0,0.0,0.0,0.0,0.0,70.0
72,237.0,29.0,16.0,0.0,0.0,54.0,75.0,77.0,76.0,56.0,61.0,55.0,59.0,59.0,0.0,0,0.0,0.0,0.0,0.0,68.0
67,180.0,27.0,6.0,0.0,0.0,49.0,77.0,73.0,77.0,60.0,63.0,55.0,53.0,47.0,0.0,0,0.0,0.0,0.0,0.0,67.0
70,240.0,28.0,3.0,0.0,0.0,48.0,64.0,52.0,54.0,63.0,48.0,56.0,52.0,58.0,0.0,0,0.0,0.0,0.0,0.0,47.0
72,252.0,27.0,0.0,0.0,0.0,44.0,76.0,77.0,77.0,59.0,54.0,56.0,59.0,60.0,0.0,0,0.0,0.0,0.0,0.0,68.0
72,222.0,31.0,8.0,0.0,1.0,42.0,57.0,55.0,53.0,65.0,48.0,46.0,52.0,56.0,0.0,0,0.0,0.0,0.0,0.0,41.0
72,230.0,27.0,0.0,0.0,0.0,40.0,63.0,54.0,58.0,55.0,58.0,53.0,54.0,52.0,0.0,0,0.0,0.0,0.0,0.0,52.0
72,228.0,25.0,0.0,0.0,0.0,39.0,58.0,55.0,55.0,64.0,47.0,44.0,53.0,53.0,0.0,0,0.0,0.0,0.0,0.0,49.0
73,220.0,24.0,0.0,0.0,0.0,37.0,57.0,50.0,61.0,52.0,55.0,53.0,54.0,48.0,0.0,0,0.0,0.0,0.0,0.0,47.0
70,211.0,27.0,132.0,3.0,7.0,99.0,93.0,96.0,99.0,62.0,99.0,85.0,96.0,88.0,0.0,0,0.0,0.0,0.0,0.0,85.0
73,251.0,26.0,49.0,3.0,6.0,95.0,79.0,82.0,73.0,76.0,95.0,68.0,61.0,95.0,0.0,0,0.0,0.0,0.0,0.0,66.0
72,216.0,22.0,113.0,1.0,4.0,95.0,90.0,95.0,95.0,68.0,90.0,81.0,83.0,94.0,0.0,0,0.0,0.0,0.0,0.0,83.0
72,230.0,0.0,9.0,0.0,0.0,94.0,68.0,0.0,0.0,71.0,0.0,0.0,0.0,0.0,0.0,0,0.0,0.0,0.0,0.0,0.0
73,227.0,24.0,0.0,0.0,0.0,93.0,93.0,96.0,92.0,67.0,90.0,65.0,93.0,95.0,0.0,0,0.0,0.0,0.0,0.0,85.0
73,227.0,24.0,88.0,0.0,1.0,93.0,93.0,96.0,92.0,67.0,90.0,65.0,93.0,95.0,0.0,0,0.0,0.0,0.0,0.0,85.0
72,235.0,31.0,13.0,0.0,2.0,93.0,60.0,59.0,51.0,78.0,87.0,59.0,82.0,70.0,0.0,0,0.0,0.0,0.0,0.0,36.0
75,240.0,26.0,76.0,1.0,4.0,93.0,87.0,91.0,87.0,73.0,94.0,73.0,88.0,97.0,0.0,0,0.0,0.0,0.0,0.0,81.0
73,225.0,24.0,74.0,0.0,4.0,92.0,89.0,93.0,91.0,67.0,90.0,62.0,94.0,94.0,0.0,0,0.0,0.0,0.0,0.0,82.0
72,225.0,32.0,53.0,1.0,3.0,92.0,77.0,76.0,72.0,68.0,90.0,76.0,81.0,66.0,0.0,0,0.0,0.0,0.0,0.0,70.0
71,210.0,27.0,102.0,1.0,5.0,91.0,86.0,91.0,87.0,66.0,92.0,80.0,94.0,89.0,0.0,0,0.0,0.0,0.0,0.0,81.0
74,230.0,28.0,29.0,0.0,1.0,90.0,75.0,70.0,73.0,66.0,81.0,76.0,80.0,69.0,0.0,0,0.0,0.0,0.0,0.0,58.0
73,250.0,29.0,23.0,1.0,1.0,90.0,63.0,61.0,57.0,70.0,82.0,61.0,79.0,73.0,0.0,0,0.0,0.0,0.0,0.0,55.0
71,240.0,29.0,14.0,2.0,4.0,88.0,62.0,60.0,52.0,72.0,85.0,49.0,79.0,70.0,0.0,0,0.0,0.0,0.0,0.0,51.0
71,232.0,31.0,22.0,0.0,0.0,88.0,66.0,64.0,58.0,73.0,84.0,64.0,77.0,70.0,0.0,0,0.0,0.0,0.0,0.0,58.0
72,234.0,26.0,56.0,0.0,3.0,88.0,85.0,93.0,83.0,71.0,89.0,61.0,92.0,96.0,0.0,0,0.0,0.0,0.0,0.0,83.0
73,235.0,28.0,0.0,0.0,1.0,87.0,76.0,81.0,70.0,73.0,78.0,66.0,80.0,88.0,0.0,0,0.0,0.0,0.0,0.0,70.0
73,240.0,26.0,13.0,0.0,0.0,87.0,74.0,74.0,66.0,74.0,72.0,66.0,79.0,76.0,0.0,0,0.0,0.0,0.0,0.0,63.0
71,211.0,27.0,73.0,3.0,3.0,86.0,87.0,92.0,87.0,70.0,96.0,62.0,94.0,87.0,0.0,0,0.0,0.0,0.0,0.0,81.0
72,215.0,21.0,69.0,1.0,1.0,86.0,88.0,93.0,86.0,70.0,84.0,65.0,80.0,95.0,0.0,0,0.0,0.0,0.0,0.0,81.0
68,180.0,25.0,96.0,0.0,3.0,85.0,92.0,91.0,96.0,57.0,86.0,74.0,94.0,66.0,0.0,0,0.0,0.0,0.0,0.0,74.0
75,272.0,23.0,14.0,0.0,0.0,85.0,64.0,65.0,59.0,80.0,65.0,62.0,55.0,64.0,0.0,0,0.0,0.0,0.0,0.0,59.0
69,209.0,31.0,129.0,4.0,8.0,84.0,81.0,89.0,85.0,69.0,98.0,66.0,88.0,85.0,0.0,0,0.0,0.0,0.0,0.0,83.0
71,235.0,27.0,49.0,1.0,1.0,84.0,83.0,92.0,85.0,67.0,87.0,65.0,87.0,89.0,0.0,0,0.0,0.0,0.0,0.0,82.0
70,236.0,23.0,0.0,0.0,0.0,84.0,86.0,94.0,87.0,70.0,88.0,63.0,74.0,94.0,0.0,0,0.0,0.0,0.0,0.0,80.0
70,236.0,23.0,77.0,1.0,1.0,84.0,86.0,94.0,87.0,70.0,88.0,63.0,74.0,94.0,0.0,0,0.0,0.0,0.0,0.0,80.0
73,217.0,31.0,100.0,0.0,5.0,84.0,84.0,83.0,86.0,64.0,90.0,75.0,85.0,87.0,0.0,0,0.0,0.0,0.0,0.0,72.0
72,230.0,26.0,0.0,0.0,0.0,83.0,86.0,89.0,84.0,70.0,77.0,62.0,85.0,91.0,0.0,0,0.0,0.0,0.0,0.0,69.0
72,230.0,26.0,37.0,0.0,0.0,83.0,86.0,89.0,84.0,70.0,77.0,62.0,85.0,91.0,0.0,0,0.0,0.0,0.0,0.0,69.0
72,246.0,28.0,13.0,0.0,0.0,83.0,66.0,63.0,63.0,75.0,76.0,60.0,76.0,72.0,0.0,0,0.0,0.0,0.0,0.0,58.0
69,187.0,28.0,71.0,0.0,1.0,83.0,85.0,87.0,89.0,61.0,83.0,70.0,87.0,81.0,0.0,0,0.0,0.0,0.0,0.0,77.0
75,255.0,23.0,9.0,0.0,0.0,82.0,70.0,72.0,67.0,74.0,66.0,64.0,72.0,81.0,0.0,0,0.0,0.0,0.0,0.0,68.0
73,242.0,28.0,22.0,0.0,0.0,82.0,69.0,70.0,60.0,73.0,80.0,62.0,79.0,75.0,0.0,0,0.0,0.0,0.0,0.0,59.0
71,251.0,28.0,81.0,2.0,6.0,82.0,78.0,88.0,77.0,72.0,92.0,56.0,94.0,97.0,0.0,0,0.0,0.0,0.0,0.0,77.0
72,235.0,26.0,13.0,0.0,1.0,81.0,70.0,64.0,63.0,73.0,70.0,67.0,78.0,70.0,0.0,0,0.0,0.0,0.0,0.0,58.0
70,222.0,22.0,129.0,3.0,5.0,81.0,89.0,92.0,88.0,65.0,64.0,65.0,82.0,83.0,0.0,0,0.0,0.0,0.0,0.0,73.0
71,220.0,25.0,52.0,0.0,0.0,81.0,83.0,86.0,84.0,64.0,85.0,65.0,89.0,87.0,0.0,0,0.0,0.0,0.0,0.0,79.0
72,213.0,23.0,83.0,0.0,4.0,81.0,91.0,92.0,88.0,63.0,82.0,77.0,69.0,79.0,0.0,0,0.0,0.0,0.0,0.0,73.0
71,225.0,29.0,33.0,0.0,0.0,79.0,81.0,85.0,84.0,66.0,86.0,59.0,85.0,86.0,0.0,0,0.0,0.0,0.0,0.0,67.0
72,245.0,27.0,14.0,0.0,0.0,79.0,73.0,78.0,76.0,68.0,77.0,64.0,78.0,80.0,0.0,0,0.0,0.0,0.0,0.0,70.0
72,244.0,27.0,1.0,0.0,0.0,79.0,67.0,63.0,62.0,73.0,64.0,61.0,68.0,72.0,0.0,0,0.0,0.0,0.0,0.0,57.0
72,244.0,27.0,0.0,0.0,0.0,79.0,67.0,63.0,62.0,73.0,64.0,61.0,68.0,72.0,0.0,0,0.0,0.0,0.0,0.0,57.0
72,244.0,27.0,11.0,0.0,0.0,79.0,67.0,63.0,62.0,73.0,64.0,61.0,68.0,72.0,0.0,0,0.0,0.0,0.0,0.0,57.0
72,244.0,27.0,2.0,0.0,0.0,79.0,67.0,63.0,62.0,73.0,64.0,61.0,68.0,72.0,0.0,0,0.0,0.0,0.0,0.0,57.0
72,244.0,27.0,20.0,0.0,0.0,79.0,67.0,63.0,62.0,73.0,64.0,61.0,68.0,72.0,0.0,0,0.0,0.0,0.0,0.0,57.0
74,240.0,28.0,4.0,0.0,0.0,79.0,64.0,62.0,55.0,74.0,68.0,60.0,71.0,66.0,0.0,0,0.0,0.0,0.0,0.0,56.0
72,254.0,27.0,6.0,0.0,0.0,78.0,65.0,62.0,59.0,75.0,68.0,59.0,71.0,72.0,0.0,0,0.0,0.0,0.0,0.0,56.0
73,226.0,28.0,0.0,0.0,0.0,78.0,79.0,87.0,80.0,65.0,84.0,60.0,89.0,85.0,0.0,0,0.0,0.0,0.0,0.0,73.0
73,226.0,28.0,46.0,0.0,0.0,78.0,79.0,87.0,80.0,65.0,84.0,60.0,89.0,85.0,0.0,0,0.0,0.0,0.0,0.0,73.0
73,250.0,25.0,11.0,0.0,0.0,78.0,67.0,64.0,60.0,72.0,66.0,58.0,75.0,68.0,0.0,0,0.0,0.0,0.0,0.0,58.0
72,218.0,23.0,68.0,1.0,3.0,78.0,85.0,92.0,88.0,59.0,69.0,70.0,73.0,80.0,0.0,0,0.0,0.0,0.0,0.0,77.0
73,240.0,25.0,0.0,0.0,0.0,77.0,64.0,62.0,55.0,72.0,80.0,65.0,74.0,69.0,0.0,0,0.0,0.0,0.0,0.0,56.0
73,228.0,30.0,54.0,0.0,1.0,77.0,78.0,81.0,84.0,65.0,82.0,68.0,90.0,83.0,0.0,0,0.0,0.0,0.0,0.0,76.0
73,220.0,22.0,55.0,0.0,2.0,77.0,87.0,89.0,89.0,63.0,63.0,74.0,74.0,74.0,0.0,0,0.0,0.0,0.0,0.0,76.0
70,215.0,25.0,9.0,0.0,0.0,76.0,82.0,82.0,87.0,59.0,76.0,67.0,84.0,74.0,0.0,0,0.0,0.0,0.0,0.0,65.0
72,220.0,23.0,27.0,0.0,0.0,76.0,84.0,86.0,84.0,67.0,71.0,71.0,69.0,79.0,0.0,0,0.0,0.0,0.0,0.0,76.0
70,200.0,25.0,103.0,1.0,3.0,76.0,89.0,90.0,90.0,60.0,83.0,77.0,63.0,67.0,0.0,0,0.0,0.0,0.0,0.0,72.0
72,235.0,28.0,39.0,0.0,0.0,76.0,78.0,82.0,80.0,68.0,79.0,60.0,74.0,92.0,0.0,0,0.0,0.0,0.0,0.0,76.0
72,232.0,28.0,0.0,0.0,0.0,75.0,64.0,61.0,55.0,72.0,71.0,61.0,73.0,66.0,0.0,0,0.0,0.0,0.0,0.0,54.0
72,214.0,25.0,50.0,0.0,0.0,75.0,87.0,86.0,87.0,61.0,75.0,72.0,65.0,75.0,0.0,0,0.0,0.0,0.0,0.0,79.0
69,205.0,26.0,0.0,0.0,0.0,75.0,84.0,85.0,84.0,58.0,78.0,57.0,91.0,74.0,0.0,0,0.0,0.0,0.0,0.0,76.0
70,255.0,22.0,23.0,0.0,0.0,75.0,76.0,85.0,74.0,71.0,75.0,49.0,98.0,90.0,0.0,0,0.0,0.0,0.0,0.0,76.0
72,235.0,28.0,0.0,0.0,1.0,75.0,63.0,60.0,53.0,74.0,77.0,56.0,68.0,66.0,0.0,0,0.0,0.0,0.0,0.0,53.0
71,218.0,25.0,16.0,0.0,0.0,74.0,84.0,82.0,82.0,65.0,69.0,57.0,81.0,85.0,0.0,0,0.0,0.0,0.0,0.0,78.0
71,226.0,33.0,0.0,0.0,1.0,74.0,77.0,83.0,83.0,61.0,79.0,65.0,70.0,74.0,0.0,0,0.0,0.0,0.0,0.0,73.0
72,215.0,26.0,26.0,0.0,0.0,74.0,85.0,84.0,85.0,58.0,75.0,64.0,83.0,76.0,0.0,0,0.0,0.0,0.0,0.0,76.0
72,229.0,25.0,14.0,0.0,0.0,74.0,64.0,65.0,60.0,74.0,65.0,61.0,69.0,69.0,0.0,0,0.0,0.0,0.0,0.0,59.0
71,211.0,29.0,26.0,0.0,0.0,73.0,78.0,82.0,81.0,59.0,77.0,57.0,95.0,75.0,0.0,0,0.0,0.0,0.0,0.0,72.0
72,235.0,25.0,0.0,0.0,0.0,73.0,65.0,62.0,53.0,68.0,65.0,61.0,64.0,68.0,0.0,0,0.0,0.0,0.0,0.0,52.0
72,235.0,25.0,5.0,0.0,0.0,73.0,65.0,62.0,53.0,68.0,65.0,61.0,64.0,68.0,0.0,0,0.0,0.0,0.0,0.0,52.0
71,245.0,28.0,0.0,0.0,0.0,72.0,67.0,63.0,60.0,73.0,61.0,60.0,69.0,71.0,0.0,0,0.0,0.0,0.0,0.0,57.0
71,218.0,22.0,30.0,0.0,0.0,72.0,83.0,85.0,84.0,63.0,58.0,63.0,75.0,75.0,0.0,0,0.0,0.0,0.0,0.0,77.0
68,197.0,24.0,56.0,0.0,0.0,72.0,84.0,83.0,86.0,58.0,66.0,72.0,78.0,69.0,0.0,0,0.0,0.0,0.0,0.0,72.0
70,208.0,23.0,34.0,0.0,1.0,72.0,92.0,90.0,81.0,61.0,56.0,54.0,79.0,78.0,0.0,0,0.0,0.0,0.0,0.0,73.0
70,208.0,23.0,0.0,0.0,0.0,72.0,92.0,90.0,81.0,61.0,56.0,54.0,79.0,78.0,0.0,0,0.0,0.0,0.0,0.0,73.0
70,208.0,23.0,1.0,0.0,0.0,72.0,92.0,90.0,81.0,61.0,56.0,54.0,79.0,78.0,0.0,0,0.0,0.0,0.0,0.0,73.0
70,208.0,23.0,0.0,0.0,0.0,72.0,92.0,90.0,81.0,61.0,56.0,54.0,79.0,78.0,0.0,0,0.0,0.0,0.0,0.0,73.0
74,225.0,23.0,4.0,0.0,0.0,71.0,79.0,86.0,81.0,63.0,62.0,64.0,87.0,76.0,0.0,0,0.0,0.0,0.0,0.0,77.0
70,212.0,22.0,62.0,0.0,1.0,71.0,85.0,86.0,86.0,60.0,59.0,64.0,64.0,77.0,0.0,0,0.0,0.0,0.0,0.0,79.0
73,230.0,26.0,7.0,0.0,0.0,71.0,78.0,85.0,85.0,61.0,67.0,63.0,70.0,78.0,0.0,0,0.0,0.0,0.0,0.0,76.0
72,241.0,22.0,8.0,0.0,0.0,71.0,73.0,76.0,69.0,64.0,55.0,65.0,72.0,62.0,0.0,0,0.0,0.0,0.0,0.0,59.0
71,217.0,27.0,0.0,0.0,0.0,71.0,65.0,61.0,57.0,70.0,61.0,61.0,70.0,70.0,0.0,0,0.0,0.0,0.0,0.0,56.0
71,220.0,21.0,41.0,0.0,1.0,70.0,83.0,86.0,81.0,64.0,53.0,56.0,79.0,76.0,0.0,0,0.0,0.0,0.0,0.0,74.0
70,247.0,24.0,3.0,0.0,0.0,70.0,63.0,63.0,55.0,73.0,53.0,59.0,71.0,74.0,0.0,0,0.0,0.0,0.0,0.0,57.0
73,235.0,24.0,0.0,0.0,0.0,70.0,61.0,62.0,50.0,67.0,68.0,63.0,78.0,66.0,0.0,0,0.0,0.0,0.0,0.0,49.0
73,231.0,31.0,0.0,0.0,0.0,70.0,59.0,64.0,51.0,65.0,67.0,63.0,78.0,71.0,0.0,0,0.0,0.0,0.0,0.0,49.0
73,231.0,31.0,18.0,0.0,0.0,70.0,59.0,64.0,51.0,65.0,67.0,63.0,78.0,71.0,0.0,0,0.0,0.0,0.0,0.0,49.0
70,208.0,32.0,60.0,0.0,1.0,70.0,71.0,82.0,84.0,62.0,81.0,64.0,71.0,77.0,0.0,0,0.0,0.0,0.0,0.0,72.0
72,238.0,25.0,9.0,0.0,0.0,70.0,76.0,84.0,81.0,66.0,64.0,57.0,75.0,83.0,0.0,0,0.0,0.0,0.0,0.0,73.0
74,225.0,24.0,0.0,0.0,0.0,70.0,77.0,75.0,65.0,70.0,68.0,60.0,75.0,82.0,0.0,0,0.0,0.0,0.0,0.0,68.0
71,224.0,27.0,15.0,0.0,0.0,70.0,83.0,84.0,81.0,63.0,69.0,64.0,70.0,72.0,0.0,0,0.0,0.0,0.0,0.0,73.0
73,235.0,22.0,36.0,0.0,0.0,69.0,81.0,85.0,80.0,66.0,61.0,64.0,71.0,72.0,0.0,0,0.0,0.0,0.0,0.0,64.0
73,252.0,25.0,0.0,0.0,0.0,69.0,65.0,63.0,60.0,75.0,60.0,53.0,67.0,65.0,0.0,0,0.0,0.0,0.0,0.0,58.0
73,252.0,25.0,21.0,0.0,0.0,69.0,65.0,63.0,60.0,75.0,60.0,53.0,67.0,65.0,0.0,0,0.0,0.0,0.0,0.0,58.0
70,221.0,32.0,39.0,1.0,1.0,69.0,88.0,87.0,86.0,57.0,74.0,66.0,70.0,58.0,0.0,0,0.0,0.0,0.0,0.0,68.0
70,221.0,32.0,2.0,0.0,0.0,69.0,88.0,87.0,86.0,57.0,74.0,66.0,70.0,58.0,0.0,0,0.0,0.0,0.0,0.0,68.0
75,249.0,27.0,0.0,0.0,0.0,69.0,68.0,66.0,59.0,73.0,65.0,50.0,68.0,70.0,0.0,0,0.0,0.0,0.0,0.0,57.0
71,219.0,30.0,71.0,0.0,2.0,68.0,78.0,71.0,74.0,62.0,85.0,65.0,75.0,80.0,0.0,0,0.0,0.0,0.0,0.0,43.0
72,235.0,23.0,21.0,0.0,0.0,68.0,76.0,76.0,77.0,68.0,65.0,62.0,78.0,75.0,0.0,0,0.0,0.0,0.0,0.0,62.0
75,260.0,25.0,0.0,0.0,0.0,68.0,63.0,62.0,54.0,72.0,61.0,59.0,70.0,68.0,0.0,0,0.0,0.0,0.0,0.0,57.0
72,230.0,25.0,9.0,0.0,0.0,67.0,85.0,82.0,84.0,59.0,67.0,57.0,69.0,68.0,0.0,0,0.0,0.0,0.0,0.0,72.0
71,207.0,25.0,0.0,0.0,0.0,67.0,81.0,85.0,83.0,59.0,57.0,63.0,73.0,70.0,0.0,0,0.0,0.0,0.0,0.0,80.0
71,207.0,25.0,0.0,0.0,0.0,67.0,81.0,85.0,83.0,59.0,57.0,63.0,73.0,70.0,0.0,0,0.0,0.0,0.0,0.0,80.0
71,207.0,25.0,9.0,0.0,0.0,67.0,81.0,85.0,83.0,59.0,57.0,63.0,73.0,70.0,0.0,0,0.0,0.0,0.0,0.0,80.0
70,193.0,22.0,10.0,0.0,0.0,67.0,86.0,87.0,87.0,57.0,56.0,71.0,68.0,59.0,0.0,0,0.0,0.0,0.0,0.0,74.0
74,225.0,28.0,48.0,0.0,0.0,67.0,74.0,84.0,81.0,63.0,72.0,56.0,72.0,74.0,0.0,0,0.0,0.0,0.0,0.0,74.0
71,220.0,24.0,14.0,0.0,0.0,67.0,75.0,72.0,68.0,70.0,68.0,62.0,81.0,80.0,0.0,0,0.0,0.0,0.0,0.0,68.0
73,225.0,23.0,27.0,0.0,0.0,66.0,79.0,81.0,78.0,67.0,62.0,59.0,65.0,77.0,0.0,0,0.0,0.0,0.0,0.0,72.0
72,252.0,25.0,0.0,0.0,0.0,66.0,66.0,63.0,57.0,69.0,54.0,62.0,71.0,69.0,0.0,0,0.0,0.0,0.0,0.0,57.0
71,214.0,29.0,37.0,0.0,0.0,66.0,78.0,79.0,81.0,58.0,77.0,64.0,72.0,66.0,0.0,0,0.0,0.0,0.0,0.0,71.0
70,230.0,31.0,2.0,0.0,0.0,66.0,77.0,83.0,81.0,57.0,64.0,55.0,71.0,78.0,0.0,0,0.0,0.0,0.0,0.0,74.0
70,188.0,23.0,0.0,0.0,0.0,66.0,83.0,82.0,84.0,55.0,55.0,62.0,64.0,70.0,0.0,0,0.0,0.0,0.0,0.0,74.0
68,185.0,23.0,10.0,0.0,0.0,66.0,87.0,85.0,85.0,56.0,64.0,71.0,64.0,56.0,0.0,0,0.0,0.0,0.0,0.0,72.0
71,224.0,32.0,43.0,0.0,1.0,65.0,69.0,75.0,76.0,59.0,71.0,57.0,79.0,79.0,0.0,0,0.0,0.0,0.0,0.0,71.0
71,226.0,22.0,4.0,0.0,0.0,65.0,77.0,79.0,83.0,57.0,68.0,63.0,65.0,71.0,0.0,0,0.0,0.0,0.0,0.0,74.0
73,200.0,26.0,29.0,0.0,0.0,65.0,79.0,77.0,82.0,56.0,60.0,66.0,68.0,69.0,0.0,0,0.0,0.0,0.0,0.0,69.0
74,262.0,25.0,5.0,0.0,0.0,64.0,71.0,70.0,72.0,70.0,64.0,59.0,74.0,79.0,0.0,0,0.0,0.0,0.0,0.0,68.0
71,216.0,22.0,9.0,0.0,0.0,64.0,85.0,85.0,85.0,57.0,70.0,62.0,68.0,58.0,0.0,0,0.0,0.0,0.0,0.0,74.0
73,213.0,30.0,47.0,0.0,0.0,64.0,77.0,79.0,81.0,58.0,80.0,69.0,67.0,69.0,0.0,0,0.0,0.0,0.0,0.0,70.0
70,210.0,23.0,0.0,0.0,0.0,63.0,88.0,86.0,82.0,59.0,52.0,55.0,61.0,66.0,0.0,0,0.0,0.0,0.0,0.0,77.0
70,225.0,21.0,46.0,0.0,1.0,63.0,78.0,81.0,76.0,63.0,47.0,51.0,71.0,79.0,0.0,0,0.0,0.0,0.0,0.0,73.0
70,193.0,32.0,9.0,0.0,1.0,63.0,76.0,82.0,76.0,61.0,67.0,58.0,68.0,71.0,0.0,0,0.0,0.0,0.0,0.0,72.0
69,179.0,24.0,3.0,0.0,0.0,63.0,85.0,81.0,84.0,53.0,61.0,64.0,65.0,59.0,0.0,0,0.0,0.0,0.0,0.0,80.0
70,210.0,23.0,3.0,0.0,0.0,63.0,84.0,84.0,83.0,57.0,56.0,62.0,63.0,61.0,0.0,0,0.0,0.0,0.0,0.0,76.0
71,265.0,22.0,0.0,0.0,0.0,62.0,64.0,62.0,53.0,75.0,48.0,53.0,62.0,75.0,0.0,0,0.0,0.0,0.0,0.0,47.0
72,229.0,22.0,27.0,0.0,0.0,62.0,80.0,81.0,73.0,62.0,51.0,52.0,70.0,76.0,0.0,0,0.0,0.0,0.0,0.0,68.0
75,255.0,27.0,3.0,0.0,0.0,62.0,62.0,61.0,50.0,69.0,53.0,55.0,68.0,62.0,0.0,0,0.0,0.0,0.0,0.0,54.0
70,185.0,23.0,11.0,0.0,0.0,62.0,85.0,87.0,85.0,59.0,56.0,59.0,69.0,58.0,0.0,0,0.0,0.0,0.0,0.0,81.0
69,208.0,23.0,0.0,0.0,0.0,61.0,85.0,80.0,77.0,56.0,55.0,60.0,65.0,66.0,0.0,0,0.0,0.0,0.0,0.0,68.0
72,235.0,27.0,6.0,0.0,0.0,61.0,62.0,61.0,56.0,69.0,50.0,54.0,67.0,60.0,0.0,0,0.0,0.0,0.0,0.0,54.0
73,237.0,25.0,0.0,0.0,0.0,61.0,75.0,75.0,69.0,63.0,53.0,57.0,72.0,78.0,0.0,0,0.0,0.0,0.0,0.0,70.0
71,210.0,22.0,27.0,0.0,0.0,61.0,81.0,84.0,84.0,58.0,51.0,54.0,63.0,64.0,0.0,0,0.0,0.0,0.0,0.0,75.0
70,222.0,27.0,0.0,0.0,0.0,60.0,78.0,82.0,78.0,59.0,64.0,57.0,65.0,66.0,0.0,0,0.0,0.0,0.0,0.0,71.0
70,205.0,25.0,6.0,0.0,0.0,60.0,78.0,78.0,82.0,58.0,60.0,63.0,59.0,61.0,0.0,0,0.0,0.0,0.0,0.0,70.0
71,185.0,24.0,4.0,0.0,0.0,60.0,83.0,77.0,82.0,57.0,55.0,68.0,59.0,55.0,0.0,0,0.0,0.0,0.0,0.0,71.0
71,185.0,24.0,0.0,0.0,0.0,60.0,83.0,77.0,82.0,57.0,55.0,68.0,59.0,55.0,0.0,0,0.0,0.0,0.0,0.0,71.0
68,173.0,27.0,9.0,0.0,0.0,60.0,86.0,80.0,85.0,53.0,58.0,65.0,65.0,51.0,0.0,0,0.0,0.0,0.0,0.0,68.0
70,222.0,27.0,11.0,0.0,0.0,60.0,75.0,80.0,75.0,54.0,65.0,55.0,66.0,77.0,0.0,0,0.0,0.0,0.0,0.0,71.0
73,217.0,27.0,6.0,1.0,5.0,60.0,82.0,78.0,78.0,56.0,57.0,64.0,62.0,61.0,0.0,0,0.0,0.0,0.0,0.0,74.0
71,220.0,26.0,13.0,0.0,0.0,60.0,75.0,76.0,70.0,60.0,75.0,62.0,70.0,70.0,0.0,0,0.0,0.0,0.0,0.0,43.0
71,190.0,22.0,11.0,0.0,0.0,59.0,88.0,85.0,83.0,53.0,46.0,66.0,57.0,49.0,0.0,0,0.0,0.0,0.0,0.0,65.0
70,210.0,27.0,4.0,0.0,0.0,59.0,77.0,77.0,80.0,56.0,62.0,56.0,60.0,64.0,0.0,0,0.0,0.0,0.0,0.0,68.0
70,210.0,27.0,17.0,0.0,0.0,59.0,77.0,77.0,80.0,56.0,62.0,56.0,60.0,64.0,0.0,0,0.0,0.0,0.0,0.0,68.0
68,210.0,22.0,0.0,0.0,0.0,59.0,79.0,83.0,82.0,53.0,52.0,50.0,64.0,66.0,0.0,0,0.0,0.0,0.0,0.0,72.0
71,202.0,27.0,16.0,0.0,0.0,59.0,73.0,81.0,73.0,59.0,66.0,56.0,70.0,65.0,0.0,0,0.0,0.0,0.0,0.0,72.0
72,235.0,23.0,1.0,0.0,0.0,59.0,74.0,75.0,69.0,69.0,53.0,49.0,65.0,69.0,0.0,0,0.0,0.0,0.0,0.0,64.0
72,218.0,24.0,34.0,0.0,0.0,58.0,77.0,71.0,68.0,61.0,56.0,57.0,63.0,70.0,0.0,0,0.0,0.0,0.0,0.0,66.0
72,218.0,24.0,6.0,0.0,0.0,58.0,77.0,71.0,68.0,61.0,56.0,57.0,63.0,70.0,0.0,0,0.0,0.0,0.0,0.0,66.0
70,225.0,22.0,48.0,0.0,2.0,58.0,80.0,78.0,79.0,60.0,55.0,56.0,60.0,60.0,0.0,0,0.0,0.0,0.0,0.0,69.0
70,225.0,22.0,3.0,0.0,0.0,58.0,80.0,78.0,79.0,60.0,55.0,56.0,60.0,60.0,0.0,0,0.0,0.0,0.0,0.0,69.0
74,245.0,25.0,0.0,0.0,0.0,58.0,60.0,61.0,59.0,66.0,61.0,56.0,59.0,59.0,0.0,0,0.0,0.0,0.0,0.0,51.0
70,205.0,26.0,0.0,0.0,0.0,58.0,73.0,79.0,79.0,54.0,54.0,56.0,68.0,65.0,0.0,0,0.0,0.0,0.0,0.0,72.0
68,196.0,25.0,22.0,0.0,0.0,57.0,82.0,78.0,80.0,51.0,56.0,70.0,54.0,54.0,0.0,0,0.0,0.0,0.0,0.0,64.0
70,193.0,23.0,3.0,0.0,0.0,57.0,73.0,77.0,82.0,55.0,56.0,64.0,59.0,60.0,0.0,0,0.0,0.0,0.0,0.0,70.0
71,210.0,32.0,0.0,0.0,0.0,56.0,72.0,77.0,78.0,55.0,68.0,62.0,59.0,58.0,0.0,0,0.0,0.0,0.0,0.0,66.0
70,210.0,32.0,0.0,0.0,0.0,56.0,77.0,79.0,77.0,57.0,58.0,54.0,60.0,60.0,0.0,0,0.0,0.0,0.0,0.0,68.0
70,189.0,30.0,6.0,1.0,5.0,56.0,90.0,75.0,85.0,55.0,53.0,62.0,60.0,47.0,0.0,0,0.0,0.0,0.0,0.0,72.0
70,208.0,23.0,2.0,0.0,0.0,56.0,81.0,85.0,83.0,49.0,48.0,60.0,70.0,47.0,0.0,0,0.0,0.0,0.0,0.0,78.0
71,252.0,23.0,0.0,0.0,0.0,56.0,70.0,68.0,68.0,67.0,51.0,55.0,63.0,81.0,0.0,0,0.0,0.0,0.0,0.0,51.0
71,191.0,26.0,4.0,0.0,0.0,55.0,79.0,77.0,78.0,58.0,55.0,63.0,55.0,55.0,0.0,0,0.0,0.0,0.0,0.0,70.0
74,261.0,23.0,0.0,0.0,0.0,55.0,51.0,58.0,50.0,66.0,50.0,50.0,54.0,54.0,0.0,0,0.0,0.0,0.0,0.0,51.0
73,275.0,25.0,0.0,0.0,0.0,55.0,60.0,61.0,58.0,70.0,53.0,50.0,72.0,80.0,0.0,0,0.0,0.0,0.0,0.0,70.0
72,210.0,23.0,0.0,0.0,0.0,55.0,74.0,79.0,74.0,60.0,48.0,48.0,63.0,69.0,0.0,0,0.0,0.0,0.0,0.0,66.0
68,202.0,23.0,22.0,0.0,0.0,55.0,78.0,75.0,80.0,57.0,55.0,58.0,60.0,57.0,0.0,0,0.0,0.0,0.0,0.0,68.0
72,237.0,29.0,16.0,0.0,0.0,54.0,75.0,77.0,76.0,56.0,61.0,55.0,59.0,59.0,0.0,0,0.0,0.0,0.0,0.0,68.0
69,215.0,24.0,0.0,0.0,0.0,53.0,76.0,75.0,68.0,59.0,57.0,56.0,58.0,62.0,0.0,0,0.0,0.0,0.0,0.0,75.0
71,188.0,23.0,0.0,0.0,0.0,53.0,82.0,84.0,78.0,58.0,52.0,52.0,58.0,49.0,0.0,0,0.0,0.0,0.0,0.0,75.0
73,230.0,23.0,1.0,0.0,0.0,53.0,75.0,68.0,71.0,64.0,56.0,59.0,65.0,54.0,0.0,0,0.0,0.0,0.0,0.0,57.0
72,219.0,0.0,0.0,0.0,0.0,53.0,80.0,0.0,0.0,55.0,0.0,0.0,0.0,0.0,0.0,0,0.0,0.0,0.0,0.0,0.0
69,190.0,24.0,4.0,0.0,0.0,52.0,84.0,75.0,82.0,56.0,49.0,60.0,50.0,49.0,0.0,0,0.0,0.0,0.0,0.0,67.0
70,210.0,24.0,0.0,0.0,0.0,51.0,76.0,78.0,75.0,56.0,50.0,55.0,56.0,55.0,0.0,0,0.0,0.0,0.0,0.0,69.0
71,225.0,22.0,0.0,0.0,0.0,51.0,71.0,79.0,72.0,56.0,49.0,66.0,58.0,53.0,0.0,0,0.0,0.0,0.0,0.0,66.0
72,222.0,28.0,4.0,0.0,1.0,51.0,79.0,71.0,73.0,55.0,52.0,66.0,58.0,50.0,0.0,0,0.0,0.0,0.0,0.0,67.0
72,232.0,24.0,0.0,0.0,0.0,51.0,72.0,69.0,67.0,67.0,53.0,51.0,55.0,59.0,0.0,0,0.0,0.0,0.0,0.0,64.0
70,240.0,23.0,4.0,0.0,0.0,50.0,68.0,59.0,47.0,62.0,49.0,55.0,50.0,59.0,0.0,0,0.0,0.0,0.0,0.0,54.0
72,208.0,23.0,0.0,0.0,0.0,50.0,77.0,73.0,77.0,60.0,60.0,55.0,53.0,47.0,0.0,0,0.0,0.0,0.0,0.0,67.0
68,205.0,28.0,0.0,0.0,0.0,50.0,74.0,77.0,71.0,57.0,56.0,55.0,70.0,45.0,0.0,0,0.0,0.0,0.0,0.0,70.0
72,240.0,23.0,70.0,0.0,0.0,50.0,77.0,75.0,62.0,66.0,48.0,49.0,65.0,68.0,0.0,0,0.0,0.0,0.0,0.0,64.0
72,240.0,23.0,0.0,0.0,0.0,50.0,77.0,75.0,62.0,66.0,48.0,49.0,65.0,68.0,0.0,0,0.0,0.0,0.0,0.0,64.0
67,180.0,27.0,6.0,0.0,0.0,49.0,77.0,73.0,77.0,60.0,63.0,55.0,53.0,47.0,0.0,0,0.0,0.0,0.0,0.0,67.0
70,240.0,28.0,3.0,0.0,0.0,48.0,64.0,52.0,54.0,63.0,48.0,56.0,52.0,58.0,0.0,0,0.0,0.0,0.0,0.0,47.0
72,225.0,25.0,0.0,0.0,0.0,47.0,78.0,75.0,79.0,61.0,58.0,58.0,55.0,53.0,0.0,0,0.0,0.0,0.0,0.0,64.0
72,225.0,25.0,11.0,0.0,0.0,47.0,78.0,75.0,79.0,61.0,58.0,58.0,55.0,53.0,0.0,0,0.0,0.0,0.0,0.0,64.0
74,235.0,25.0,0.0,0.0,0.0,47.0,62.0,59.0,58.0,64.0,50.0,55.0,65.0,69.0,0.0,0,0.0,0.0,0.0,0.0,54.0
76,245.0,23.0,15.0,0.0,0.0,47.0,61.0,54.0,50.0,69.0,48.0,53.0,55.0,52.0,0.0,0,0.0,0.0,0.0,0.0,51.0
72,240.0,22.0,3.0,0.0,0.0,47.0,65.0,58.0,48.0,67.0,46.0,49.0,60.0,61.0,0.0,0,0.0,0.0,0.0,0.0,48.0
70,210.0,23.0,7.0,0.0,0.0,46.0,72.0,67.0,74.0,60.0,55.0,56.0,55.0,49.0,0.0,0,0.0,0.0,0.0,0.0,63.0
71,215.0,30.0,0.0,0.0,0.0,46.0,76.0,68.0,67.0,60.0,52.0,57.0,60.0,49.0,0.0,0,0.0,0.0,0.0,0.0,65.0
71,242.0,23.0,0.0,0.0,0.0,46.0,60.0,52.0,50.0,62.0,46.0,50.0,52.0,58.0,0.0,0,0.0,0.0,0.0,0.0,47.0
70,220.0,27.0,0.0,0.0,0.0,45.0,73.0,65.0,76.0,56.0,53.0,55.0,54.0,47.0,0.0,0,0.0,0.0,0.0,0.0,60.0
73,227.0,25.0,0.0,0.0,0.0,45.0,72.0,68.0,77.0,64.0,52.0,55.0,54.0,44.0,0.0,0,0.0,0.0,0.0,0.0,67.0
72,252.0,27.0,0.0,0.0,0.0,44.0,76.0,77.0,77.0,59.0,54.0,56.0,59.0,60.0,0.0,0,0.0,0.0,0.0,0.0,68.0
70,234.0,23.0,0.0,0.0,0.0,44.0,53.0,50.0,48.0,56.0,49.0,46.0,58.0,55.0,0.0,0,0.0,0.0,0.0,0.0,56.0
72,245.0,26.0,12.0,0.0,0.0,43.0,60.0,51.0,50.0,63.0,46.0,49.0,56.0,58.0,0.0,0,0.0,0.0,0.0,0.0,48.0
71,230.0,23.0,0.0,0.0,0.0,43.0,71.0,53.0,50.0,63.0,49.0,49.0,50.0,59.0,0.0,0,0.0,0.0,0.0,0.0,54.0
72,201.0,22.0,0.0,0.0,0.0,42.0,66.0,64.0,65.0,57.0,50.0,55.0,60.0,49.0,0.0,0,0.0,0.0,0.0,0.0,50.0
72,222.0,31.0,8.0,0.0,1.0,42.0,57.0,55.0,53.0,65.0,48.0,46.0,52.0,56.0,0.0,0,0.0,0.0,0.0,0.0,41.0
72,230.0,27.0,0.0,0.0,0.0,40.0,63.0,54.0,58.0,55.0,58.0,53.0,54.0,52.0,0.0,0,0.0,0.0,0.0,0.0,52.0
72,228.0,25.0,0.0,0.0,0.0,39.0,58.0,55.0,55.0,64.0,47.0,44.0,53.0,53.0,0.0,0,0.0,0.0,0.0,0.0,49.0
73,220.0,24.0,0.0,0.0,0.0,37.0,57.0,50.0,61.0,52.0,55.0,53.0,54.0,48.0,0.0,0,0.0,0.0,0.0,0.0,47.0
71,245.0,0.0,0.0,0.0,0.0,36.0,70.0,0.0,0.0,58.0,0.0,0.0,0.0,0.0,0.0,0,0.0,0.0,0.0,0.0,0.0
71,245.0,0.0,0.0,0.0,0.0,36.0,70.0,0.0,0.0,58.0,0.0,0.0,0.0,0.0,0.0,0,0.0,0.0,0.0,0.0,0.0
71,245.0,0.0,16.0,0.0,0.0,36.0,70.0,0.0,0.0,58.0,0.0,0.0,0.0,0.0,0.0,0,0.0,0.0,0.0,0.0,0.0
71,245.0,0.0,2.0,0.0,0.0,36.0,70.0,0.0,0.0,58.0,0.0,0.0,0.0,0.0,0.0,0,0.0,0.0,0.0,0.0,0.0
71,245.0,0.0,0.0,0.0,0.0,36.0,70.0,0.0,0.0,58.0,0.0,0.0,0.0,0.0,0.0,0,0.0,0.0,0.0,0.0,0.0
73,238.0,24.0,0.0,0.0,0.0,34.0,64.0,54.0,61.0,48.0,51.0,48.0,53.0,47.0,0.0,0,0.0,0.0,0.0,0.0,66.0
0,0.0,0.0,62.0,0.0,1.0,74.0,0.0,0.0,0.0,0.0,0.0,0.0,0.0,0.0,0.0,0,0.0,0.0,0.0,0.0,0.0
0,0.0,0.0,3.0,0.0,0.0,64.0,0.0,0.0,0.0,0.0,0.0,0.0,0.0,0.0,0.0,0,0.0,0.0,0.0,0.0,0.0
0,0.0,0.0,0.0,0.0,0.0,60.0,0.0,0.0,0.0,0.0,0.0,0.0,0.0,0.0,0.0,0,0.0,0.0,0.0,0.0,0.0
0,0.0,0.0,3.0,0.0,0.0,60.0,0.0,0.0,0.0,0.0,0.0,0.0,0.0,0.0,0.0,0,0.0,0.0,0.0,0.0,0.0
0,0.0,0.0,0.0,0.0,0.0,59.0,0.0,0.0,0.0,0.0,0.0,0.0,0.0,0.0,0.0,0,0.0,0.0,0.0,0.0,0.0
0,0.0,0.0,0.0,0.0,0.0,58.0,0.0,0.0,0.0,0.0,0.0,0.0,0.0,0.0,0.0,0,0.0,0.0,0.0,0.0,0.0
0,0.0,0.0,22.0,0.0,0.0,86.0,0.0,0.0,0.0,0.0,0.0,0.0,0.0,0.0,0.0,0,0.0,0.0,0.0,0.0,0.0
0,0.0,0.0,96.0,0.0,3.0,83.0,0.0,0.0,0.0,0.0,0.0,0.0,0.0,0.0,0.0,0,0.0,0.0,0.0,0.0,0.0
0,0.0,0.0,22.0,0.0,0.0,75.0,0.0,0.0,0.0,0.0,0.0,0.0,0.0,0.0,0.0,0,0.0,0.0,0.0,0.0,0.0
0,0.0,0.0,0.0,0.0,0.0,64.0,0.0,0.0,0.0,0.0,0.0,0.0,0.0,0.0,0.0,0,0.0,0.0,0.0,0.0,0.0
0,0.0,0.0,4.0,0.0,1.0,52.0,0.0,0.0,0.0,0.0,0.0,0.0,0.0,0.0,0.0,0,0.0,0.0,0.0,0.0,0.0
0,0.0,0.0,69.0,1.0,1.0,82.0,0.0,0.0,0.0,0.0,0.0,0.0,0.0,0.0,0.0,0,0.0,0.0,0.0,0.0,0.0
0,0.0,0.0,0.0,0.0,0.0,57.0,0.0,0.0,0.0,0.0,0.0,0.0,0.0,0.0,0.0,0,0.0,0.0,0.0,0.0,0.0
0,0.0,0.0,41.0,0.0,0.0,57.0,0.0,0.0,0.0,0.0,0.0,0.0,0.0,0.0,0.0,0,0.0,0.0,0.0,0.0,0.0
0,0.0,0.0,53.0,1.0,3.0,93.0,0.0,0.0,0.0,0.0,0.0,0.0,0.0,0.0,0.0,0,0.0,0.0,0.0,0.0,0.0
0,0.0,0.0,41.0,0.0,1.0,76.0,0.0,0.0,0.0,0.0,0.0,0.0,0.0,0.0,0.0,0,0.0,0.0,0.0,0.0,0.0
0,0.0,0.0,21.0,0.0,0.0,74.0,0.0,0.0,0.0,0.0,0.0,0.0,0.0,0.0,0.0,0,0.0,0.0,0.0,0.0,0.0
0,0.0,0.0,27.0,0.0,0.0,71.0,0.0,0.0,0.0,0.0,0.0,0.0,0.0,0.0,0.0,0,0.0,0.0,0.0,0.0,0.0
0,0.0,0.0,15.0,0.0,0.0,69.0,0.0,0.0,0.0,0.0,0.0,0.0,0.0,0.0,0.0,0,0.0,0.0,0.0,0.0,0.0
0,0.0,0.0,3.0,0.0,0.0,61.0,0.0,0.0,0.0,0.0,0.0,0.0,0.0,0.0,0.0,0,0.0,0.0,0.0,0.0,0.0
0,0.0,0.0,0.0,0.0,0.0,57.0,0.0,0.0,0.0,0.0,0.0,0.0,0.0,0.0,0.0,0,0.0,0.0,0.0,0.0,0.0
0,0.0,0.0,33.0,0.0,0.0,75.0,0.0,0.0,0.0,0.0,0.0,0.0,0.0,0.0,0.0,0,0.0,0.0,0.0,0.0,0.0
0,0.0,0.0,32.0,0.0,0.0,74.0,0.0,0.0,0.0,0.0,0.0,0.0,0.0,0.0,0.0,0,0.0,0.0,0.0,0.0,0.0
0,0.0,0.0,0.0,0.0,0.0,72.0,0.0,0.0,0.0,0.0,0.0,0.0,0.0,0.0,0.0,0,0.0,0.0,0.0,0.0,0.0
0,0.0,0.0,0.0,0.0,0.0,63.0,0.0,0.0,0.0,0.0,0.0,0.0,0.0,0.0,0.0,0,0.0,0.0,0.0,0.0,0.0
0,0.0,0.0,4.0,0.0,0.0,61.0,0.0,0.0,0.0,0.0,0.0,0.0,0.0,0.0,0.0,0,0.0,0.0,0.0,0.0,0.0
0,0.0,0.0,2.0,0.0,0.0,61.0,0.0,0.0,0.0,0.0,0.0,0.0,0.0,0.0,0.0,0,0.0,0.0,0.0,0.0,0.0
0,0.0,0.0,2.0,0.0,0.0,56.0,0.0,0.0,0.0,0.0,0.0,0.0,0.0,0.0,0.0,0,0.0,0.0,0.0,0.0,0.0
0,0.0,0.0,27.0,0.0,0.0,84.0,0.0,0.0,0.0,0.0,0.0,0.0,0.0,0.0,0.0,0,0.0,0.0,0.0,0.0,0.0
0,0.0,0.0,6.0,0.0,0.0,77.0,0.0,0.0,0.0,0.0,0.0,0.0,0.0,0.0,0.0,0,0.0,0.0,0.0,0.0,0.0
0,0.0,0.0,13.0,0.0,0.0,75.0,0.0,0.0,0.0,0.0,0.0,0.0,0.0,0.0,0.0,0,0.0,0.0,0.0,0.0,0.0
0,0.0,0.0,11.0,0.0,0.0,64.0,0.0,0.0,0.0,0.0,0.0,0.0,0.0,0.0,0.0,0,0.0,0.0,0.0,0.0,0.0
0,0.0,0.0,101.0,4.0,7.0,64.0,0.0,0.0,0.0,0.0,0.0,0.0,0.0,0.0,0.0,0,0.0,0.0,0.0,0.0,0.0
0,0.0,0.0,12.0,0.0,0.0,64.0,0.0,0.0,0.0,0.0,0.0,0.0,0.0,0.0,0.0,0,0.0,0.0,0.0,0.0,0.0
0,0.0,0.0,0.0,0.0,0.0,55.0,0.0,0.0,0.0,0.0,0.0,0.0,0.0,0.0,0.0,0,0.0,0.0,0.0,0.0,0.0
0,0.0,0.0,74.0,0.0,4.0,93.0,0.0,0.0,0.0,0.0,0.0,0.0,0.0,0.0,0.0,0,0.0,0.0,0.0,0.0,0.0
0,0.0,0.0,14.0,2.0,4.0,89.0,0.0,0.0,0.0,0.0,0.0,0.0,0.0,0.0,0.0,0,0.0,0.0,0.0,0.0,0.0
0,0.0,0.0,0.0,0.0,0.0,64.0,0.0,0.0,0.0,0.0,0.0,0.0,0.0,0.0,0.0,0,0.0,0.0,0.0,0.0,0.0
0,0.0,0.0,0.0,0.0,0.0,61.0,0.0,0.0,0.0,0.0,0.0,0.0,0.0,0.0,0.0,0,0.0,0.0,0.0,0.0,0.0
0,0.0,0.0,46.0,0.0,1.0,60.0,0.0,0.0,0.0,0.0,0.0,0.0,0.0,0.0,0.0,0,0.0,0.0,0.0,0.0,0.0
0,0.0,0.0,31.0,0.0,0.0,76.0,0.0,0.0,0.0,0.0,0.0,0.0,0.0,0.0,0.0,0,0.0,0.0,0.0,0.0,0.0
0,0.0,0.0,0.0,0.0,0.0,73.0,0.0,0.0,0.0,0.0,0.0,0.0,0.0,0.0,0.0,0,0.0,0.0,0.0,0.0,0.0
0,0.0,0.0,0.0,0.0,0.0,73.0,0.0,0.0,0.0,0.0,0.0,0.0,0.0,0.0,0.0,0,0.0,0.0,0.0,0.0,0.0
0,0.0,0.0,9.0,0.0,0.0,73.0,0.0,0.0,0.0,0.0,0.0,0.0,0.0,0.0,0.0,0,0.0,0.0,0.0,0.0,0.0
0,0.0,0.0,0.0,0.0,0.0,66.0,0.0,0.0,0.0,0.0,0.0,0.0,0.0,0.0,0.0,0,0.0,0.0,0.0,0.0,0.0
0,0.0,0.0,6.0,0.0,0.0,63.0,0.0,0.0,0.0,0.0,0.0,0.0,0.0,0.0,0.0,0,0.0,0.0,0.0,0.0,0.0
0,0.0,0.0,7.0,0.0,0.0,57.0,0.0,0.0,0.0,0.0,0.0,0.0,0.0,0.0,0.0,0,0.0,0.0,0.0,0.0,0.0
0,0.0,0.0,129.0,4.0,8.0,82.0,0.0,0.0,0.0,0.0,0.0,0.0,0.0,0.0,0.0,0,0.0,0.0,0.0,0.0,0.0
0,0.0,0.0,0.0,0.0,0.0,71.0,0.0,0.0,0.0,0.0,0.0,0.0,0.0,0.0,0.0,0,0.0,0.0,0.0,0.0,0.0
0,0.0,0.0,0.0,0.0,0.0,69.0,0.0,0.0,0.0,0.0,0.0,0.0,0.0,0.0,0.0,0,0.0,0.0,0.0,0.0,0.0
0,0.0,0.0,21.0,0.0,0.0,69.0,0.0,0.0,0.0,0.0,0.0,0.0,0.0,0.0,0.0,0,0.0,0.0,0.0,0.0,0.0
0,0.0,0.0,0.0,0.0,0.0,69.0,0.0,0.0,0.0,0.0,0.0,0.0,0.0,0.0,0.0,0,0.0,0.0,0.0,0.0,0.0
0,0.0,0.0,4.0,0.0,0.0,56.0,0.0,0.0,0.0,0.0,0.0,0.0,0.0,0.0,0.0,0,0.0,0.0,0.0,0.0,0.0
0,0.0,0.0,0.0,0.0,0.0,56.0,0.0,0.0,0.0,0.0,0.0,0.0,0.0,0.0,0.0,0,0.0,0.0,0.0,0.0,0.0
0,0.0,0.0,73.0,3.0,3.0,85.0,0.0,0.0,0.0,0.0,0.0,0.0,0.0,0.0,0.0,0,0.0,0.0,0.0,0.0,0.0
0,0.0,0.0,0.0,0.0,0.0,76.0,0.0,0.0,0.0,0.0,0.0,0.0,0.0,0.0,0.0,0,0.0,0.0,0.0,0.0,0.0
0,0.0,0.0,37.0,0.0,0.0,76.0,0.0,0.0,0.0,0.0,0.0,0.0,0.0,0.0,0.0,0,0.0,0.0,0.0,0.0,0.0
0,0.0,0.0,16.0,0.0,0.0,75.0,0.0,0.0,0.0,0.0,0.0,0.0,0.0,0.0,0.0,0,0.0,0.0,0.0,0.0,0.0
0,0.0,0.0,72.0,0.0,2.0,73.0,0.0,0.0,0.0,0.0,0.0,0.0,0.0,0.0,0.0,0,0.0,0.0,0.0,0.0,0.0
0,0.0,0.0,0.0,0.0,0.0,70.0,0.0,0.0,0.0,0.0,0.0,0.0,0.0,0.0,0.0,0,0.0,0.0,0.0,0.0,0.0
0,0.0,0.0,0.0,0.0,0.0,55.0,0.0,0.0,0.0,0.0,0.0,0.0,0.0,0.0,0.0,0,0.0,0.0,0.0,0.0,0.0
0,0.0,0.0,13.0,0.0,0.0,85.0,0.0,0.0,0.0,0.0,0.0,0.0,0.0,0.0,0.0,0,0.0,0.0,0.0,0.0,0.0
0,0.0,0.0,0.0,0.0,0.0,78.0,0.0,0.0,0.0,0.0,0.0,0.0,0.0,0.0,0.0,0,0.0,0.0,0.0,0.0,0.0
0,0.0,0.0,46.0,0.0,0.0,78.0,0.0,0.0,0.0,0.0,0.0,0.0,0.0,0.0,0.0,0,0.0,0.0,0.0,0.0,0.0
0,0.0,0.0,16.0,0.0,0.0,61.0,0.0,0.0,0.0,0.0,0.0,0.0,0.0,0.0,0.0,0,0.0,0.0,0.0,0.0,0.0
0,0.0,0.0,0.0,0.0,0.0,60.0,0.0,0.0,0.0,0.0,0.0,0.0,0.0,0.0,0.0,0,0.0,0.0,0.0,0.0,0.0
0,0.0,0.0,0.0,0.0,0.0,50.0,0.0,0.0,0.0,0.0,0.0,0.0,0.0,0.0,0.0,0,0.0,0.0,0.0,0.0,0.0
0,0.0,0.0,13.0,0.0,2.0,83.0,0.0,0.0,0.0,0.0,0.0,0.0,0.0,0.0,0.0,0,0.0,0.0,0.0,0.0,0.0
0,0.0,0.0,100.0,0.0,5.0,82.0,0.0,0.0,0.0,0.0,0.0,0.0,0.0,0.0,0.0,0,0.0,0.0,0.0,0.0,0.0
0,0.0,0.0,49.0,1.0,1.0,80.0,0.0,0.0,0.0,0.0,0.0,0.0,0.0,0.0,0.0,0,0.0,0.0,0.0,0.0,0.0
0,0.0,0.0,0.0,0.0,1.0,77.0,0.0,0.0,0.0,0.0,0.0,0.0,0.0,0.0,0.0,0,0.0,0.0,0.0,0.0,0.0
0,0.0,0.0,14.0,0.0,0.0,75.0,0.0,0.0,0.0,0.0,0.0,0.0,0.0,0.0,0.0,0,0.0,0.0,0.0,0.0,0.0
0,0.0,0.0,1.0,0.0,0.0,75.0,0.0,0.0,0.0,0.0,0.0,0.0,0.0,0.0,0.0,0,0.0,0.0,0.0,0.0,0.0
0,0.0,0.0,0.0,0.0,0.0,75.0,0.0,0.0,0.0,0.0,0.0,0.0,0.0,0.0,0.0,0,0.0,0.0,0.0,0.0,0.0
0,0.0,0.0,11.0,0.0,0.0,75.0,0.0,0.0,0.0,0.0,0.0,0.0,0.0,0.0,0.0,0,0.0,0.0,0.0,0.0,0.0
0,0.0,0.0,2.0,0.0,0.0,75.0,0.0,0.0,0.0,0.0,0.0,0.0,0.0,0.0,0.0,0,0.0,0.0,0.0,0.0,0.0
0,0.0,0.0,20.0,0.0,0.0,75.0,0.0,0.0,0.0,0.0,0.0,0.0,0.0,0.0,0.0,0,0.0,0.0,0.0,0.0,0.0
0,0.0,0.0,0.0,0.0,0.0,73.0,0.0,0.0,0.0,0.0,0.0,0.0,0.0,0.0,0.0,0,0.0,0.0,0.0,0.0,0.0
0,0.0,0.0,54.0,0.0,1.0,69.0,0.0,0.0,0.0,0.0,0.0,0.0,0.0,0.0,0.0,0,0.0,0.0,0.0,0.0,0.0
0,0.0,0.0,26.0,0.0,0.0,66.0,0.0,0.0,0.0,0.0,0.0,0.0,0.0,0.0,0.0,0,0.0,0.0,0.0,0.0,0.0
0,0.0,0.0,60.0,0.0,1.0,65.0,0.0,0.0,0.0,0.0,0.0,0.0,0.0,0.0,0.0,0,0.0,0.0,0.0,0.0,0.0
0,0.0,0.0,26.0,0.0,0.0,62.0,0.0,0.0,0.0,0.0,0.0,0.0,0.0,0.0,0.0,0,0.0,0.0,0.0,0.0,0.0
0,0.0,0.0,37.0,0.0,0.0,61.0,0.0,0.0,0.0,0.0,0.0,0.0,0.0,0.0,0.0,0,0.0,0.0,0.0,0.0,0.0
0,0.0,0.0,4.0,0.0,0.0,60.0,0.0,0.0,0.0,0.0,0.0,0.0,0.0,0.0,0.0,0,0.0,0.0,0.0,0.0,0.0
0,0.0,0.0,19.0,1.0,2.0,59.0,0.0,0.0,0.0,0.0,0.0,0.0,0.0,0.0,0.0,0,0.0,0.0,0.0,0.0,0.0
0,0.0,0.0,21.0,0.0,0.0,58.0,0.0,0.0,0.0,0.0,0.0,0.0,0.0,0.0,0.0,0,0.0,0.0,0.0,0.0,0.0
0,0.0,0.0,0.0,0.0,0.0,57.0,0.0,0.0,0.0,0.0,0.0,0.0,0.0,0.0,0.0,0,0.0,0.0,0.0,0.0,0.0
0,0.0,0.0,21.0,0.0,0.0,55.0,0.0,0.0,0.0,0.0,0.0,0.0,0.0,0.0,0.0,0,0.0,0.0,0.0,0.0,0.0
0,0.0,0.0,5.0,0.0,0.0,54.0,0.0,0.0,0.0,0.0,0.0,0.0,0.0,0.0,0.0,0,0.0,0.0,0.0,0.0,0.0
0,0.0,0.0,4.0,0.0,0.0,54.0,0.0,0.0,0.0,0.0,0.0,0.0,0.0,0.0,0.0,0,0.0,0.0,0.0,0.0,0.0
0,0.0,0.0,17.0,0.0,0.0,54.0,0.0,0.0,0.0,0.0,0.0,0.0,0.0,0.0,0.0,0,0.0,0.0,0.0,0.0,0.0
0,0.0,0.0,0.0,0.0,0.0,53.0,0.0,0.0,0.0,0.0,0.0,0.0,0.0,0.0,0.0,0,0.0,0.0,0.0,0.0,0.0
0,0.0,0.0,11.0,0.0,0.0,53.0,0.0,0.0,0.0,0.0,0.0,0.0,0.0,0.0,0.0,0,0.0,0.0,0.0,0.0,0.0
0,0.0,0.0,6.0,0.0,0.0,52.0,0.0,0.0,0.0,0.0,0.0,0.0,0.0,0.0,0.0,0,0.0,0.0,0.0,0.0,0.0
0,0.0,0.0,0.0,0.0,0.0,51.0,0.0,0.0,0.0,0.0,0.0,0.0,0.0,0.0,0.0,0,0.0,0.0,0.0,0.0,0.0
0,0.0,0.0,4.0,0.0,0.0,50.0,0.0,0.0,0.0,0.0,0.0,0.0,0.0,0.0,0.0,0,0.0,0.0,0.0,0.0,0.0
0,0.0,0.0,0.0,0.0,0.0,49.0,0.0,0.0,0.0,0.0,0.0,0.0,0.0,0.0,0.0,0,0.0,0.0,0.0,0.0,0.0
0,0.0,0.0,1.0,0.0,0.0,49.0,0.0,0.0,0.0,0.0,0.0,0.0,0.0,0.0,0.0,0,0.0,0.0,0.0,0.0,0.0
0,0.0,0.0,6.0,0.0,0.0,44.0,0.0,0.0,0.0,0.0,0.0,0.0,0.0,0.0,0.0,0,0.0,0.0,0.0,0.0,0.0
0,0.0,0.0,83.0,0.0,4.0,92.0,0.0,0.0,0.0,0.0,0.0,0.0,0.0,0.0,0.0,0,0.0,0.0,0.0,0.0,0.0
0,0.0,0.0,0.0,0.0,0.0,84.0,0.0,0.0,0.0,0.0,0.0,0.0,0.0,0.0,0.0,0,0.0,0.0,0.0,0.0,0.0
0,0.0,0.0,18.0,0.0,0.0,70.0,0.0,0.0,0.0,0.0,0.0,0.0,0.0,0.0,0.0,0,0.0,0.0,0.0,0.0,0.0
0,0.0,0.0,11.0,0.0,0.0,68.0,0.0,0.0,0.0,0.0,0.0,0.0,0.0,0.0,0.0,0,0.0,0.0,0.0,0.0,0.0
0,0.0,0.0,0.0,0.0,0.0,64.0,0.0,0.0,0.0,0.0,0.0,0.0,0.0,0.0,0.0,0,0.0,0.0,0.0,0.0,0.0
0,0.0,0.0,0.0,0.0,0.0,62.0,0.0,0.0,0.0,0.0,0.0,0.0,0.0,0.0,0.0,0,0.0,0.0,0.0,0.0,0.0
0,0.0,0.0,2.0,0.0,0.0,62.0,0.0,0.0,0.0,0.0,0.0,0.0,0.0,0.0,0.0,0,0.0,0.0,0.0,0.0,0.0
0,0.0,0.0,9.0,0.0,0.0,71.0,0.0,0.0,0.0,0.0,0.0,0.0,0.0,0.0,0.0,0,0.0,0.0,0.0,0.0,0.0
0,0.0,0.0,11.0,0.0,0.0,67.0,0.0,0.0,0.0,0.0,0.0,0.0,0.0,0.0,0.0,0,0.0,0.0,0.0,0.0,0.0
0,0.0,0.0,0.0,0.0,0.0,65.0,0.0,0.0,0.0,0.0,0.0,0.0,0.0,0.0,0.0,0,0.0,0.0,0.0,0.0,0.0
0,0.0,0.0,0.0,0.0,0.0,63.0,0.0,0.0,0.0,0.0,0.0,0.0,0.0,0.0,0.0,0,0.0,0.0,0.0,0.0,0.0
0,0.0,0.0,4.0,0.0,0.0,63.0,0.0,0.0,0.0,0.0,0.0,0.0,0.0,0.0,0.0,0,0.0,0.0,0.0,0.0,0.0
0,0.0,0.0,113.0,1.0,4.0,93.0,0.0,0.0,0.0,0.0,0.0,0.0,0.0,0.0,0.0,0,0.0,0.0,0.0,0.0,0.0
0,0.0,0.0,0.0,0.0,0.0,78.0,0.0,0.0,0.0,0.0,0.0,0.0,0.0,0.0,0.0,0,0.0,0.0,0.0,0.0,0.0
0,0.0,0.0,0.0,0.0,0.0,61.0,0.0,0.0,0.0,0.0,0.0,0.0,0.0,0.0,0.0,0,0.0,0.0,0.0,0.0,0.0
0,0.0,0.0,0.0,0.0,0.0,54.0,0.0,0.0,0.0,0.0,0.0,0.0,0.0,0.0,0.0,0,0.0,0.0,0.0,0.0,0.0
0,0.0,0.0,0.0,0.0,0.0,50.0,0.0,0.0,0.0,0.0,0.0,0.0,0.0,0.0,0.0,0,0.0,0.0,0.0,0.0,0.0
0,0.0,0.0,0.0,0.0,0.0,87.0,0.0,0.0,0.0,0.0,0.0,0.0,0.0,0.0,0.0,0,0.0,0.0,0.0,0.0,0.0
0,0.0,0.0,88.0,0.0,1.0,87.0,0.0,0.0,0.0,0.0,0.0,0.0,0.0,0.0,0.0,0,0.0,0.0,0.0,0.0,0.0
0,0.0,0.0,0.0,0.0,0.0,73.0,0.0,0.0,0.0,0.0,0.0,0.0,0.0,0.0,0.0,0,0.0,0.0,0.0,0.0,0.0
0,0.0,0.0,1.0,0.0,1.0,66.0,0.0,0.0,0.0,0.0,0.0,0.0,0.0,0.0,0.0,0,0.0,0.0,0.0,0.0,0.0
0,0.0,0.0,0.0,0.0,0.0,64.0,0.0,0.0,0.0,0.0,0.0,0.0,0.0,0.0,0.0,0,0.0,0.0,0.0,0.0,0.0
0,0.0,0.0,0.0,0.0,0.0,63.0,0.0,0.0,0.0,0.0,0.0,0.0,0.0,0.0,0.0,0,0.0,0.0,0.0,0.0,0.0
0,0.0,0.0,0.0,0.0,1.0,90.0,0.0,0.0,0.0,0.0,0.0,0.0,0.0,0.0,0.0,0,0.0,0.0,0.0,0.0,0.0
0,0.0,0.0,0.0,0.0,0.0,88.0,0.0,0.0,0.0,0.0,0.0,0.0,0.0,0.0,0.0,0,0.0,0.0,0.0,0.0,0.0
0,0.0,0.0,11.0,0.0,0.0,55.0,0.0,0.0,0.0,0.0,0.0,0.0,0.0,0.0,0.0,0,0.0,0.0,0.0,0.0,0.0
0,0.0,0.0,6.0,0.0,0.0,54.0,0.0,0.0,0.0,0.0,0.0,0.0,0.0,0.0,0.0,0,0.0,0.0,0.0,0.0,0.0
0,0.0,0.0,0.0,0.0,0.0,90.0,0.0,0.0,0.0,0.0,0.0,0.0,0.0,0.0,0.0,0,0.0,0.0,0.0,0.0,0.0
0,0.0,0.0,77.0,1.0,1.0,90.0,0.0,0.0,0.0,0.0,0.0,0.0,0.0,0.0,0.0,0,0.0,0.0,0.0,0.0,0.0
0,0.0,0.0,9.0,0.0,0.0,81.0,0.0,0.0,0.0,0.0,0.0,0.0,0.0,0.0,0.0,0,0.0,0.0,0.0,0.0,0.0
0,0.0,0.0,0.0,0.0,0.0,71.0,0.0,0.0,0.0,0.0,0.0,0.0,0.0,0.0,0.0,0,0.0,0.0,0.0,0.0,0.0
0,0.0,0.0,10.0,0.0,0.0,68.0,0.0,0.0,0.0,0.0,0.0,0.0,0.0,0.0,0.0,0,0.0,0.0,0.0,0.0,0.0
0,0.0,0.0,13.0,0.0,0.0,64.0,0.0,0.0,0.0,0.0,0.0,0.0,0.0,0.0,0.0,0,0.0,0.0,0.0,0.0,0.0
0,0.0,0.0,1.0,0.0,0.0,60.0,0.0,0.0,0.0,0.0,0.0,0.0,0.0,0.0,0.0,0,0.0,0.0,0.0,0.0,0.0
0,0.0,0.0,34.0,0.0,1.0,72.0,0.0,0.0,0.0,0.0,0.0,0.0,0.0,0.0,0.0,0,0.0,0.0,0.0,0.0,0.0
0,0.0,0.0,0.0,0.0,0.0,72.0,0.0,0.0,0.0,0.0,0.0,0.0,0.0,0.0,0.0,0,0.0,0.0,0.0,0.0,0.0
0,0.0,0.0,1.0,0.0,0.0,72.0,0.0,0.0,0.0,0.0,0.0,0.0,0.0,0.0,0.0,0,0.0,0.0,0.0,0.0,0.0
0,0.0,0.0,0.0,0.0,0.0,72.0,0.0,0.0,0.0,0.0,0.0,0.0,0.0,0.0,0.0,0,0.0,0.0,0.0,0.0,0.0
0,0.0,0.0,0.0,0.0,0.0,68.0,0.0,0.0,0.0,0.0,0.0,0.0,0.0,0.0,0.0,0,0.0,0.0,0.0,0.0,0.0
0,0.0,0.0,3.0,0.0,0.0,64.0,0.0,0.0,0.0,0.0,0.0,0.0,0.0,0.0,0.0,0,0.0,0.0,0.0,0.0,0.0
0,0.0,0.0,29.0,0.0,0.0,63.0,0.0,0.0,0.0,0.0,0.0,0.0,0.0,0.0,0.0,0,0.0,0.0,0.0,0.0,0.0
0,0.0,0.0,48.0,0.0,0.0,82.0,0.0,0.0,0.0,0.0,0.0,0.0,0.0,0.0,0.0,0,0.0,0.0,0.0,0.0,0.0
0,0.0,0.0,14.0,0.0,0.0,78.0,0.0,0.0,0.0,0.0,0.0,0.0,0.0,0.0,0.0,0,0.0,0.0,0.0,0.0,0.0
0,0.0,0.0,10.0,0.0,0.0,70.0,0.0,0.0,0.0,0.0,0.0,0.0,0.0,0.0,0.0,0,0.0,0.0,0.0,0.0,0.0
0,0.0,0.0,0.0,0.0,0.0,69.0,0.0,0.0,0.0,0.0,0.0,0.0,0.0,0.0,0.0,0,0.0,0.0,0.0,0.0,0.0
0,0.0,0.0,9.0,0.0,0.0,68.0,0.0,0.0,0.0,0.0,0.0,0.0,0.0,0.0,0.0,0,0.0,0.0,0.0,0.0,0.0
0,0.0,0.0,56.0,0.0,0.0,65.0,0.0,0.0,0.0,0.0,0.0,0.0,0.0,0.0,0.0,0,0.0,0.0,0.0,0.0,0.0
0,0.0,0.0,55.0,0.0,2.0,80.0,0.0,0.0,0.0,0.0,0.0,0.0,0.0,0.0,0.0,0,0.0,0.0,0.0,0.0,0.0
0,0.0,0.0,1.0,0.0,0.0,70.0,0.0,0.0,0.0,0.0,0.0,0.0,0.0,0.0,0.0,0,0.0,0.0,0.0,0.0,0.0
0,0.0,0.0,0.0,0.0,0.0,70.0,0.0,0.0,0.0,0.0,0.0,0.0,0.0,0.0,0.0,0,0.0,0.0,0.0,0.0,0.0
0,0.0,0.0,9.0,0.0,1.0,57.0,0.0,0.0,0.0,0.0,0.0,0.0,0.0,0.0,0.0,0,0.0,0.0,0.0,0.0,0.0
0,0.0,0.0,103.0,1.0,3.0,82.0,0.0,0.0,0.0,0.0,0.0,0.0,0.0,0.0,0.0,0,0.0,0.0,0.0,0.0,0.0
0,0.0,0.0,23.0,0.0,0.0,75.0,0.0,0.0,0.0,0.0,0.0,0.0,0.0,0.0,0.0,0,0.0,0.0,0.0,0.0,0.0
0,0.0,0.0,1.0,0.0,0.0,55.0,0.0,0.0,0.0,0.0,0.0,0.0,0.0,0.0,0.0,0,0.0,0.0,0.0,0.0,0.0
0,0.0,0.0,0.0,0.0,0.0,53.0,0.0,0.0,0.0,0.0,0.0,0.0,0.0,0.0,0.0,0,0.0,0.0,0.0,0.0,0.0
0,0.0,0.0,102.0,1.0,5.0,93.0,0.0,0.0,0.0,0.0,0.0,0.0,0.0,0.0,0.0,0,0.0,0.0,0.0,0.0,0.0
0,0.0,0.0,29.0,0.0,1.0,87.0,0.0,0.0,0.0,0.0,0.0,0.0,0.0,0.0,0.0,0,0.0,0.0,0.0,0.0,0.0
0,0.0,0.0,30.0,0.0,0.0,72.0,0.0,0.0,0.0,0.0,0.0,0.0,0.0,0.0,0.0,0,0.0,0.0,0.0,0.0,0.0
0,0.0,0.0,10.0,0.0,0.0,65.0,0.0,0.0,0.0,0.0,0.0,0.0,0.0,0.0,0.0,0,0.0,0.0,0.0,0.0,0.0
0,0.0,0.0,0.0,0.0,0.0,51.0,0.0,0.0,0.0,0.0,0.0,0.0,0.0,0.0,0.0,0,0.0,0.0,0.0,0.0,0.0
0,0.0,0.0,0.0,0.0,0.0,37.0,0.0,0.0,0.0,0.0,0.0,0.0,0.0,0.0,0.0,0,0.0,0.0,0.0,0.0,0.0
0,0.0,0.0,71.0,0.0,1.0,83.0,0.0,0.0,0.0,0.0,0.0,0.0,0.0,0.0,0.0,0,0.0,0.0,0.0,0.0,0.0
0,0.0,0.0,11.0,0.0,0.0,82.0,0.0,0.0,0.0,0.0,0.0,0.0,0.0,0.0,0.0,0,0.0,0.0,0.0,0.0,0.0
0,0.0,0.0,13.0,0.0,0.0,77.0,0.0,0.0,0.0,0.0,0.0,0.0,0.0,0.0,0.0,0,0.0,0.0,0.0,0.0,0.0
0,0.0,0.0,39.0,0.0,0.0,72.0,0.0,0.0,0.0,0.0,0.0,0.0,0.0,0.0,0.0,0,0.0,0.0,0.0,0.0,0.0
0,0.0,0.0,47.0,0.0,0.0,67.0,0.0,0.0,0.0,0.0,0.0,0.0,0.0,0.0,0.0,0,0.0,0.0,0.0,0.0,0.0
0,0.0,0.0,0.0,0.0,0.0,51.0,0.0,0.0,0.0,0.0,0.0,0.0,0.0,0.0,0.0,0,0.0,0.0,0.0,0.0,0.0
0,0.0,0.0,0.0,0.0,0.0,84.0,0.0,0.0,0.0,0.0,0.0,0.0,0.0,0.0,0.0,0,0.0,0.0,0.0,0.0,0.0
0,0.0,0.0,5.0,0.0,0.0,84.0,0.0,0.0,0.0,0.0,0.0,0.0,0.0,0.0,0.0,0,0.0,0.0,0.0,0.0,0.0
0,0.0,0.0,52.0,0.0,0.0,84.0,0.0,0.0,0.0,0.0,0.0,0.0,0.0,0.0,0.0,0,0.0,0.0,0.0,0.0,0.0
0,0.0,0.0,27.0,0.0,0.0,74.0,0.0,0.0,0.0,0.0,0.0,0.0,0.0,0.0,0.0,0,0.0,0.0,0.0,0.0,0.0
0,0.0,0.0,39.0,1.0,1.0,68.0,0.0,0.0,0.0,0.0,0.0,0.0,0.0,0.0,0.0,0,0.0,0.0,0.0,0.0,0.0
0,0.0,0.0,2.0,0.0,0.0,68.0,0.0,0.0,0.0,0.0,0.0,0.0,0.0,0.0,0.0,0,0.0,0.0,0.0,0.0,0.0
0,0.0,0.0,69.0,1.0,2.0,64.0,0.0,0.0,0.0,0.0,0.0,0.0,0.0,0.0,0.0,0,0.0,0.0,0.0,0.0,0.0
0,0.0,0.0,0.0,0.0,0.0,62.0,0.0,0.0,0.0,0.0,0.0,0.0,0.0,0.0,0.0,0,0.0,0.0,0.0,0.0,0.0
0,0.0,0.0,81.0,2.0,6.0,88.0,0.0,0.0,0.0,0.0,0.0,0.0,0.0,0.0,0.0,0,0.0,0.0,0.0,0.0,0.0
0,0.0,0.0,0.0,0.0,0.0,79.0,0.0,0.0,0.0,0.0,0.0,0.0,0.0,0.0,0.0,0,0.0,0.0,0.0,0.0,0.0
0,0.0,0.0,0.0,0.0,0.0,76.0,0.0,0.0,0.0,0.0,0.0,0.0,0.0,0.0,0.0,0,0.0,0.0,0.0,0.0,0.0
0,0.0,0.0,0.0,0.0,0.0,75.0,0.0,0.0,0.0,0.0,0.0,0.0,0.0,0.0,0.0,0,0.0,0.0,0.0,0.0,0.0
0,0.0,0.0,0.0,0.0,0.0,41.0,0.0,0.0,0.0,0.0,0.0,0.0,0.0,0.0,0.0,0,0.0,0.0,0.0,0.0,0.0
0,0.0,0.0,129.0,3.0,5.0,86.0,0.0,0.0,0.0,0.0,0.0,0.0,0.0,0.0,0.0,0,0.0,0.0,0.0,0.0,0.0
0,0.0,0.0,6.0,0.0,0.0,72.0,0.0,0.0,0.0,0.0,0.0,0.0,0.0,0.0,0.0,0,0.0,0.0,0.0,0.0,0.0
0,0.0,0.0,0.0,0.0,0.0,58.0,0.0,0.0,0.0,0.0,0.0,0.0,0.0,0.0,0.0,0,0.0,0.0,0.0,0.0,0.0
0,0.0,0.0,22.0,0.0,0.0,58.0,0.0,0.0,0.0,0.0,0.0,0.0,0.0,0.0,0.0,0,0.0,0.0,0.0,0.0,0.0
0,0.0,0.0,71.0,0.0,2.0,85.0,0.0,0.0,0.0,0.0,0.0,0.0,0.0,0.0,0.0,0,0.0,0.0,0.0,0.0,0.0
0,0.0,0.0,13.0,0.0,1.0,82.0,0.0,0.0,0.0,0.0,0.0,0.0,0.0,0.0,0.0,0,0.0,0.0,0.0,0.0,0.0
0,0.0,0.0,36.0,0.0,0.0,74.0,0.0,0.0,0.0,0.0,0.0,0.0,0.0,0.0,0.0,0,0.0,0.0,0.0,0.0,0.0
0,0.0,0.0,34.0,0.0,0.0,62.0,0.0,0.0,0.0,0.0,0.0,0.0,0.0,0.0,0.0,0,0.0,0.0,0.0,0.0,0.0
0,0.0,0.0,6.0,0.0,0.0,62.0,0.0,0.0,0.0,0.0,0.0,0.0,0.0,0.0,0.0,0,0.0,0.0,0.0,0.0,0.0
0,0.0,0.0,48.0,0.0,2.0,60.0,0.0,0.0,0.0,0.0,0.0,0.0,0.0,0.0,0.0,0,0.0,0.0,0.0,0.0,0.0
0,0.0,0.0,3.0,0.0,0.0,60.0,0.0,0.0,0.0,0.0,0.0,0.0,0.0,0.0,0.0,0,0.0,0.0,0.0,0.0,0.0
0,0.0,0.0,0.0,0.0,0.0,47.0,0.0,0.0,0.0,0.0,0.0,0.0,0.0,0.0,0.0,0,0.0,0.0,0.0,0.0,0.0
0,0.0,0.0,68.0,1.0,3.0,89.0,0.0,0.0,0.0,0.0,0.0,0.0,0.0,0.0,0.0,0,0.0,0.0,0.0,0.0,0.0
0,0.0,0.0,0.0,0.0,1.0,76.0,0.0,0.0,0.0,0.0,0.0,0.0,0.0,0.0,0.0,0,0.0,0.0,0.0,0.0,0.0
0,0.0,0.0,8.0,0.0,0.0,76.0,0.0,0.0,0.0,0.0,0.0,0.0,0.0,0.0,0.0,0,0.0,0.0,0.0,0.0,0.0
0,0.0,0.0,27.0,0.0,0.0,68.0,0.0,0.0,0.0,0.0,0.0,0.0,0.0,0.0,0.0,0,0.0,0.0,0.0,0.0,0.0
0,0.0,0.0,3.0,0.0,0.0,45.0,0.0,0.0,0.0,0.0,0.0,0.0,0.0,0.0,0.0,0,0.0,0.0,0.0,0.0,0.0
0,0.0,0.0,132.0,3.0,7.0,99.0,0.0,0.0,0.0,0.0,0.0,0.0,0.0,0.0,0.0,0,0.0,0.0,0.0,0.0,0.0
0,0.0,0.0,0.0,0.0,0.0,79.0,0.0,0.0,0.0,0.0,0.0,0.0,0.0,0.0,0.0,0,0.0,0.0,0.0,0.0,0.0
0,0.0,0.0,11.0,0.0,0.0,77.0,0.0,0.0,0.0,0.0,0.0,0.0,0.0,0.0,0.0,0,0.0,0.0,0.0,0.0,0.0
0,0.0,0.0,0.0,0.0,0.0,67.0,0.0,0.0,0.0,0.0,0.0,0.0,0.0,0.0,0.0,0,0.0,0.0,0.0,0.0,0.0
0,0.0,0.0,9.0,0.0,0.0,65.0,0.0,0.0,0.0,0.0,0.0,0.0,0.0,0.0,0.0,0,0.0,0.0,0.0,0.0,0.0
0,0.0,0.0,50.0,0.0,0.0,78.0,0.0,0.0,0.0,0.0,0.0,0.0,0.0,0.0,0.0,0,0.0,0.0,0.0,0.0,0.0
0,0.0,0.0,49.0,3.0,6.0,78.0,0.0,0.0,0.0,0.0,0.0,0.0,0.0,0.0,0.0,0,0.0,0.0,0.0,0.0,0.0
0,0.0,0.0,4.0,0.0,0.0,70.0,0.0,0.0,0.0,0.0,0.0,0.0,0.0,0.0,0.0,0,0.0,0.0,0.0,0.0,0.0
0,0.0,0.0,0.0,0.0,0.0,63.0,0.0,0.0,0.0,0.0,0.0,0.0,0.0,0.0,0.0,0,0.0,0.0,0.0,0.0,0.0
0,0.0,0.0,0.0,0.0,0.0,62.0,0.0,0.0,0.0,0.0,0.0,0.0,0.0,0.0,0.0,0,0.0,0.0,0.0,0.0,0.0
0,0.0,0.0,8.0,0.0,0.0,57.0,0.0,0.0,0.0,0.0,0.0,0.0,0.0,0.0,0.0,0,0.0,0.0,0.0,0.0,0.0
0,0.0,0.0,76.0,1.0,4.0,89.0,0.0,0.0,0.0,0.0,0.0,0.0,0.0,0.0,0.0,0,0.0,0.0,0.0,0.0,0.0
0,0.0,0.0,0.0,0.0,0.0,82.0,0.0,0.0,0.0,0.0,0.0,0.0,0.0,0.0,0.0,0,0.0,0.0,0.0,0.0,0.0
0,0.0,0.0,9.0,0.0,0.0,70.0,0.0,0.0,0.0,0.0,0.0,0.0,0.0,0.0,0.0,0,0.0,0.0,0.0,0.0,0.0
0,0.0,0.0,14.0,0.0,0.0,67.0,0.0,0.0,0.0,0.0,0.0,0.0,0.0,0.0,0.0,0,0.0,0.0,0.0,0.0,0.0
0,0.0,0.0,70.0,0.0,0.0,49.0,0.0,0.0,0.0,0.0,0.0,0.0,0.0,0.0,0.0,0,0.0,0.0,0.0,0.0,0.0
0,0.0,0.0,0.0,0.0,0.0,49.0,0.0,0.0,0.0,0.0,0.0,0.0,0.0,0.0,0.0,0,0.0,0.0,0.0,0.0,0.0
0,0.0,0.0,0.0,0.0,0.0,32.0,0.0,0.0,0.0,0.0,0.0,0.0,0.0,0.0,0.0,0,0.0,0.0,0.0,0.0,0.0
0,0.0,0.0,0.0,0.0,0.0,32.0,0.0,0.0,0.0,0.0,0.0,0.0,0.0,0.0,0.0,0,0.0,0.0,0.0,0.0,0.0
0,0.0,0.0,16.0,0.0,0.0,32.0,0.0,0.0,0.0,0.0,0.0,0.0,0.0,0.0,0.0,0,0.0,0.0,0.0,0.0,0.0
0,0.0,0.0,2.0,0.0,0.0,32.0,0.0,0.0,0.0,0.0,0.0,0.0,0.0,0.0,0.0,0,0.0,0.0,0.0,0.0,0.0
0,0.0,0.0,0.0,0.0,0.0,32.0,0.0,0.0,0.0,0.0,0.0,0.0,0.0,0.0,0.0,0,0.0,0.0,0.0,0.0,0.0
0,0.0,0.0,56.0,0.0,3.0,87.0,0.0,0.0,0.0,0.0,0.0,0.0,0.0,0.0,0.0,0,0.0,0.0,0.0,0.0,0.0
0,0.0,0.0,31.0,0.0,0.0,66.0,0.0,0.0,0.0,0.0,0.0,0.0,0.0,0.0,0.0,0,0.0,0.0,0.0,0.0,0.0
0,0.0,0.0,0.0,0.0,0.0,59.0,0.0,0.0,0.0,0.0,0.0,0.0,0.0,0.0,0.0,0,0.0,0.0,0.0,0.0,0.0
0,0.0,0.0,9.0,0.0,0.0,57.0,0.0,0.0,0.0,0.0,0.0,0.0,0.0,0.0,0.0,0,0.0,0.0,0.0,0.0,0.0
0,0.0,0.0,0.0,0.0,0.0,46.0,0.0,0.0,0.0,0.0,0.0,0.0,0.0,0.0,0.0,0,0.0,0.0,0.0,0.0,0.0
0,0.0,0.0,53.0,1.0,3.0,88.0,71.0,80.0,67.0,62.0,85.0,83.0,75.0,65.0,0.0,0,0.0,0.0,0.0,0.0,70.0
0,0.0,0.0,132.0,3.0,7.0,97.0,94.0,98.0,96.0,62.0,98.0,85.0,91.0,86.0,0.0,0,0.0,0.0,0.0,0.0,85.0
0,0.0,0.0,0.0,0.0,0.0,97.0,91.0,98.0,93.0,79.0,94.0,72.0,80.0,97.0,0.0,0,0.0,0.0,0.0,0.0,80.0
0,0.0,0.0,77.0,1.0,1.0,97.0,91.0,98.0,93.0,79.0,94.0,72.0,80.0,97.0,0.0,0,0.0,0.0,0.0,0.0,80.0
0,0.0,0.0,0.0,0.0,0.0,97.0,92.0,97.0,94.0,73.0,91.0,79.0,97.0,91.0,0.0,0,0.0,0.0,0.0,0.0,76.0
0,0.0,0.0,129.0,3.0,5.0,95.0,93.0,98.0,96.0,75.0,81.0,78.0,86.0,91.0,0.0,0,0.0,0.0,0.0,0.0,73.0
0,0.0,0.0,49.0,3.0,6.0,93.0,81.0,90.0,74.0,80.0,90.0,69.0,68.0,95.0,0.0,0,0.0,0.0,0.0,0.0,66.0
0,0.0,0.0,74.0,0.0,4.0,93.0,92.0,92.0,87.0,74.0,91.0,62.0,87.0,95.0,0.0,0,0.0,0.0,0.0,0.0,82.0
0,0.0,0.0,55.0,0.0,2.0,92.0,92.0,95.0,93.0,75.0,82.0,76.0,85.0,91.0,0.0,0,0.0,0.0,0.0,0.0,76.0
0,0.0,0.0,83.0,0.0,4.0,92.0,95.0,99.0,93.0,70.0,88.0,76.0,76.0,89.0,0.0,0,0.0,0.0,0.0,0.0,73.0
0,0.0,0.0,14.0,2.0,4.0,92.0,55.0,53.0,49.0,77.0,90.0,54.0,70.0,68.0,0.0,0,0.0,0.0,0.0,0.0,52.0
0,0.0,0.0,72.0,0.0,2.0,92.0,95.0,97.0,97.0,69.0,83.0,73.0,79.0,87.0,0.0,0,0.0,0.0,0.0,0.0,72.0
0,0.0,0.0,68.0,1.0,3.0,91.0,89.0,96.0,90.0,72.0,85.0,70.0,87.0,92.0,0.0,0,0.0,0.0,0.0,0.0,77.0
0,0.0,0.0,102.0,1.0,5.0,91.0,88.0,87.0,86.0,69.0,93.0,77.0,96.0,89.0,0.0,0,0.0,0.0,0.0,0.0,81.0
0,0.0,0.0,14.0,0.0,0.0,90.0,70.0,68.0,66.0,78.0,65.0,65.0,60.0,66.0,0.0,0,0.0,0.0,0.0,0.0,59.0
0,0.0,0.0,71.0,0.0,1.0,90.0,89.0,95.0,91.0,68.0,87.0,83.0,86.0,84.0,0.0,0,0.0,0.0,0.0,0.0,77.0
0,0.0,0.0,0.0,0.0,0.0,90.0,92.0,93.0,89.0,69.0,85.0,65.0,88.0,90.0,0.0,0,0.0,0.0,0.0,0.0,85.0
0,0.0,0.0,88.0,0.0,1.0,90.0,92.0,93.0,89.0,69.0,85.0,65.0,88.0,90.0,0.0,0,0.0,0.0,0.0,0.0,85.0
0,0.0,0.0,13.0,0.0,1.0,89.0,68.0,70.0,67.0,74.0,82.0,70.0,81.0,72.0,0.0,0,0.0,0.0,0.0,0.0,58.0
0,0.0,0.0,53.0,1.0,3.0,88.0,71.0,80.0,67.0,62.0,85.0,83.0,75.0,65.0,0.0,0,0.0,0.0,0.0,0.0,70.0
0,0.0,0.0,76.0,1.0,4.0,88.0,86.0,89.0,86.0,75.0,88.0,70.0,84.0,91.0,0.0,0,0.0,0.0,0.0,0.0,79.0
0,0.0,0.0,69.0,1.0,1.0,88.0,87.0,94.0,88.0,79.0,86.0,63.0,74.0,95.0,0.0,0,0.0,0.0,0.0,0.0,81.0
0,0.0,0.0,103.0,1.0,3.0,88.0,92.0,91.0,92.0,68.0,89.0,83.0,78.0,81.0,0.0,0,0.0,0.0,0.0,0.0,79.0
0,0.0,0.0,113.0,1.0,4.0,88.0,89.0,88.0,87.0,67.0,86.0,78.0,83.0,87.0,0.0,0,0.0,0.0,0.0,0.0,83.0
0,0.0,0.0,41.0,0.0,1.0,88.0,90.0,93.0,89.0,78.0,83.0,74.0,67.0,93.0,0.0,0,0.0,0.0,0.0,0.0,74.0
0,0.0,0.0,56.0,0.0,3.0,87.0,87.0,91.0,82.0,73.0,88.0,63.0,85.0,93.0,0.0,0,0.0,0.0,0.0,0.0,83.0
0,0.0,0.0,23.0,1.0,1.0,87.0,62.0,63.0,58.0,71.0,79.0,65.0,75.0,71.0,0.0,0,0.0,0.0,0.0,0.0,55.0
0,0.0,0.0,0.0,0.0,1.0,87.0,72.0,88.0,66.0,70.0,70.0,70.0,80.0,84.0,0.0,0,0.0,0.0,0.0,0.0,70.0
0,0.0,0.0,34.0,0.0,1.0,86.0,98.0,98.0,89.0,65.0,84.0,61.0,83.0,79.0,0.0,0,0.0,0.0,0.0,0.0,73.0
0,0.0,0.0,0.0,0.0,0.0,86.0,98.0,98.0,89.0,65.0,84.0,61.0,83.0,79.0,0.0,0,0.0,0.0,0.0,0.0,73.0
0,0.0,0.0,1.0,0.0,0.0,86.0,98.0,98.0,89.0,65.0,84.0,61.0,83.0,79.0,0.0,0,0.0,0.0,0.0,0.0,73.0
0,0.0,0.0,0.0,0.0,0.0,86.0,98.0,98.0,89.0,65.0,84.0,61.0,83.0,79.0,0.0,0,0.0,0.0,0.0,0.0,73.0
0,0.0,0.0,13.0,0.0,0.0,86.0,62.0,62.0,57.0,76.0,69.0,74.0,77.0,82.0,0.0,0,0.0,0.0,0.0,0.0,58.0
0,0.0,0.0,71.0,0.0,2.0,86.0,85.0,87.0,85.0,68.0,87.0,67.0,88.0,88.0,0.0,0,0.0,0.0,0.0,0.0,44.0
0,0.0,0.0,52.0,0.0,0.0,86.0,85.0,90.0,87.0,66.0,84.0,76.0,89.0,84.0,0.0,0,0.0,0.0,0.0,0.0,79.0
0,0.0,0.0,11.0,0.0,0.0,86.0,62.0,70.0,59.0,74.0,75.0,74.0,68.0,69.0,0.0,0,0.0,0.0,0.0,0.0,58.0
0,0.0,0.0,9.0,0.0,0.0,86.0,70.0,79.0,70.0,69.0,66.0,68.0,74.0,79.0,0.0,0,0.0,0.0,0.0,0.0,68.0
0,0.0,0.0,96.0,0.0,3.0,85.0,94.0,94.0,96.0,58.0,85.0,77.0,87.0,66.0,0.0,0,0.0,0.0,0.0,0.0,74.0
0,0.0,0.0,0.0,0.0,0.0,85.0,67.0,69.0,70.0,70.0,78.0,63.0,65.0,65.0,0.0,0,0.0,0.0,0.0,0.0,54.0
0,0.0,0.0,81.0,2.0,6.0,84.0,81.0,87.0,74.0,76.0,94.0,56.0,95.0,92.0,0.0,0,0.0,0.0,0.0,0.0,45.0
0,0.0,0.0,22.0,0.0,0.0,84.0,89.0,95.0,92.0,67.0,72.0,67.0,78.0,85.0,0.0,0,0.0,0.0,0.0,0.0,68.0
0,0.0,0.0,0.0,0.0,0.0,83.0,85.0,83.0,80.0,71.0,86.0,67.0,89.0,87.0,0.0,0,0.0,0.0,0.0,0.0,73.0
0,0.0,0.0,46.0,0.0,0.0,83.0,85.0,83.0,80.0,71.0,86.0,67.0,89.0,87.0,0.0,0,0.0,0.0,0.0,0.0,73.0
0,0.0,0.0,14.0,0.0,0.0,83.0,90.0,92.0,88.0,68.0,69.0,68.0,81.0,86.0,0.0,0,0.0,0.0,0.0,0.0,65.0
0,0.0,0.0,0.0,0.0,0.0,83.0,83.0,86.0,78.0,71.0,72.0,63.0,85.0,88.0,0.0,0,0.0,0.0,0.0,0.0,69.0
0,0.0,0.0,37.0,0.0,0.0,83.0,83.0,86.0,78.0,71.0,72.0,63.0,85.0,88.0,0.0,0,0.0,0.0,0.0,0.0,69.0
0,0.0,0.0,48.0,0.0,0.0,82.0,83.0,87.0,80.0,76.0,84.0,54.0,90.0,90.0,0.0,0,0.0,0.0,0.0,0.0,74.0
0,0.0,0.0,14.0,0.0,0.0,82.0,60.0,66.0,59.0,76.0,67.0,66.0,75.0,74.0,0.0,0,0.0,0.0,0.0,0.0,59.0
0,0.0,0.0,36.0,0.0,0.0,82.0,87.0,89.0,84.0,71.0,73.0,68.0,81.0,89.0,0.0,0,0.0,0.0,0.0,0.0,64.0
0,0.0,0.0,29.0,0.0,1.0,82.0,70.0,72.0,72.0,62.0,75.0,78.0,71.0,70.0,0.0,0,0.0,0.0,0.0,0.0,58.0
0,0.0,0.0,6.0,0.0,0.0,81.0,56.0,54.0,51.0,70.0,69.0,62.0,64.0,62.0,0.0,0,0.0,0.0,0.0,0.0,54.0
0,0.0,0.0,129.0,4.0,8.0,81.0,81.0,81.0,79.0,68.0,99.0,63.0,86.0,81.0,0.0,0,0.0,0.0,0.0,0.0,83.0
0,0.0,0.0,50.0,0.0,0.0,81.0,87.0,90.0,85.0,69.0,80.0,70.0,75.0,82.0,0.0,0,0.0,0.0,0.0,0.0,79.0
0,0.0,0.0,27.0,0.0,0.0,81.0,85.0,85.0,81.0,72.0,80.0,63.0,77.0,90.0,0.0,0,0.0,0.0,0.0,0.0,72.0
0,0.0,0.0,0.0,0.0,0.0,80.0,84.0,86.0,78.0,72.0,77.0,60.0,84.0,90.0,0.0,0,0.0,0.0,0.0,0.0,70.0
0,0.0,0.0,3.0,0.0,0.0,80.0,62.0,67.0,56.0,75.0,65.0,56.0,62.0,65.0,0.0,0,0.0,0.0,0.0,0.0,49.0
0,0.0,0.0,22.0,0.0,0.0,80.0,86.0,89.0,81.0,76.0,68.0,58.0,82.0,91.0,0.0,0,0.0,0.0,0.0,0.0,59.0
0,0.0,0.0,8.0,0.0,0.0,79.0,71.0,83.0,66.0,66.0,56.0,68.0,75.0,73.0,0.0,0,0.0,0.0,0.0,0.0,59.0
0,0.0,0.0,13.0,0.0,0.0,79.0,80.0,82.0,75.0,75.0,70.0,55.0,88.0,88.0,0.0,0,0.0,0.0,0.0,0.0,54.0
0,0.0,0.0,30.0,0.0,0.0,79.0,86.0,84.0,87.0,72.0,69.0,64.0,73.0,87.0,0.0,0,0.0,0.0,0.0,0.0,77.0
0,0.0,0.0,0.0,0.0,0.0,79.0,90.0,90.0,86.0,65.0,74.0,77.0,76.0,74.0,0.0,0,0.0,0.0,0.0,0.0,68.0
0,0.0,0.0,0.0,0.0,0.0,78.0,61.0,72.0,55.0,69.0,71.0,68.0,72.0,68.0,0.0,0,0.0,0.0,0.0,0.0,56.0
0,0.0,0.0,0.0,0.0,0.0,78.0,85.0,87.0,85.0,69.0,68.0,59.0,76.0,88.0,0.0,0,0.0,0.0,0.0,0.0,69.0
0,0.0,0.0,0.0,0.0,0.0,77.0,61.0,72.0,53.0,75.0,68.0,45.0,55.0,60.0,0.0,0,0.0,0.0,0.0,0.0,48.0
0,0.0,0.0,0.0,0.0,0.0,77.0,65.0,64.0,66.0,65.0,64.0,64.0,68.0,65.0,0.0,0,0.0,0.0,0.0,0.0,56.0
0,0.0,0.0,0.0,0.0,0.0,77.0,62.0,66.0,54.0,69.0,56.0,65.0,65.0,72.0,0.0,0,0.0,0.0,0.0,0.0,53.0
0,0.0,0.0,5.0,0.0,0.0,77.0,62.0,66.0,54.0,69.0,56.0,65.0,65.0,72.0,0.0,0,0.0,0.0,0.0,0.0,53.0
0,0.0,0.0,54.0,0.0,1.0,77.0,84.0,86.0,78.0,66.0,81.0,67.0,80.0,81.0,0.0,0,0.0,0.0,0.0,0.0,76.0
0,0.0,0.0,0.0,0.0,0.0,77.0,82.0,87.0,76.0,72.0,68.0,65.0,82.0,88.0,0.0,0,0.0,0.0,0.0,0.0,50.0
0,0.0,0.0,51.0,1.0,2.0,77.0,86.0,90.0,80.0,72.0,65.0,70.0,82.0,83.0,0.0,0,0.0,0.0,0.0,0.0,71.0
0,0.0,0.0,11.0,0.0,0.0,76.0,96.0,96.0,90.0,59.0,69.0,64.0,74.0,64.0,0.0,0,0.0,0.0,0.0,0.0,81.0
0,0.0,0.0,18.0,0.0,0.0,76.0,84.0,85.0,79.0,76.0,66.0,70.0,69.0,85.0,0.0,0,0.0,0.0,0.0,0.0,51.0
0,0.0,0.0,13.0,0.0,2.0,76.0,53.0,46.0,43.0,76.0,82.0,48.0,65.0,65.0,0.0,0,0.0,0.0,0.0,0.0,37.0
0,0.0,0.0,16.0,0.0,0.0,76.0,83.0,81.0,80.0,66.0,74.0,62.0,80.0,81.0,0.0,0,0.0,0.0,0.0,0.0,78.0
0,0.0,0.0,56.0,0.0,2.0,76.0,90.0,91.0,85.0,70.0,62.0,66.0,74.0,77.0,0.0,0,0.0,0.0,0.0,0.0,65.0
0,0.0,0.0,6.0,0.0,0.0,76.0,62.0,64.0,57.0,75.0,68.0,57.0,71.0,71.0,0.0,0,0.0,0.0,0.0,0.0,56.0
0,0.0,0.0,14.0,0.0,0.0,75.0,87.0,89.0,80.0,70.0,67.0,67.0,74.0,78.0,0.0,0,0.0,0.0,0.0,0.0,68.0
0,0.0,0.0,0.0,0.0,1.0,75.0,56.0,55.0,53.0,75.0,70.0,55.0,69.0,69.0,0.0,0,0.0,0.0,0.0,0.0,54.0
0,0.0,0.0,9.0,0.0,0.0,75.0,88.0,89.0,85.0,66.0,64.0,65.0,68.0,82.0,0.0,0,0.0,0.0,0.0,0.0,75.0
0,0.0,0.0,33.0,0.0,0.0,75.0,80.0,82.0,80.0,70.0,76.0,63.0,77.0,83.0,0.0,0,0.0,0.0,0.0,0.0,67.0
0,0.0,0.0,0.0,0.0,0.0,75.0,60.0,69.0,61.0,66.0,62.0,63.0,65.0,68.0,0.0,0,0.0,0.0,0.0,0.0,39.0
0,0.0,0.0,27.0,0.0,0.0,75.0,85.0,86.0,82.0,68.0,64.0,57.0,77.0,85.0,0.0,0,0.0,0.0,0.0,0.0,68.0
0,0.0,0.0,0.0,0.0,0.0,75.0,59.0,64.0,51.0,75.0,45.0,56.0,62.0,76.0,0.0,0,0.0,0.0,0.0,0.0,48.0
0,0.0,0.0,29.0,0.0,0.0,74.0,80.0,83.0,81.0,75.0,60.0,55.0,80.0,91.0,0.0,0,0.0,0.0,0.0,0.0,69.0
0,0.0,0.0,9.0,0.0,0.0,74.0,71.0,75.0,67.0,62.0,60.0,72.0,70.0,62.0,0.0,0,0.0,0.0,0.0,0.0,70.0
0,0.0,0.0,39.0,0.0,0.0,74.0,75.0,80.0,73.0,72.0,82.0,52.0,83.0,90.0,0.0,0,0.0,0.0,0.0,0.0,76.0
0,0.0,0.0,69.0,1.0,2.0,74.0,90.0,91.0,85.0,60.0,55.0,68.0,69.0,79.0,0.0,0,0.0,0.0,0.0,0.0,58.0
0,0.0,0.0,0.0,0.0,0.0,74.0,86.0,82.0,84.0,69.0,60.0,68.0,77.0,80.0,0.0,0,0.0,0.0,0.0,0.0,72.0
0,0.0,0.0,73.0,3.0,3.0,74.0,75.0,80.0,72.0,60.0,95.0,60.0,80.0,84.0,0.0,0,0.0,0.0,0.0,0.0,71.0
0,0.0,0.0,0.0,0.0,0.0,73.0,60.0,55.0,52.0,72.0,58.0,58.0,71.0,70.0,0.0,0,0.0,0.0,0.0,0.0,56.0
0,0.0,0.0,10.0,0.0,0.0,73.0,88.0,89.0,88.0,58.0,66.0,74.0,71.0,67.0,0.0,0,0.0,0.0,0.0,0.0,74.0
0,0.0,0.0,62.0,0.0,1.0,73.0,87.0,86.0,84.0,63.0,63.0,64.0,76.0,75.0,0.0,0,0.0,0.0,0.0,0.0,79.0
0,0.0,0.0,0.0,0.0,0.0,73.0,68.0,66.0,55.0,74.0,70.0,60.0,64.0,69.0,0.0,0,0.0,0.0,0.0,0.0,40.0
0,0.0,0.0,0.0,0.0,0.0,72.0,77.0,83.0,75.0,77.0,66.0,55.0,78.0,90.0,0.0,0,0.0,0.0,0.0,0.0,52.0
0,0.0,0.0,27.0,0.0,0.0,72.0,89.0,89.0,88.0,61.0,56.0,68.0,69.0,73.0,0.0,0,0.0,0.0,0.0,0.0,67.0
0,0.0,0.0,0.0,0.0,0.0,72.0,86.0,87.0,83.0,67.0,67.0,65.0,72.0,74.0,0.0,0,0.0,0.0,0.0,0.0,67.0
0,0.0,0.0,0.0,0.0,0.0,72.0,62.0,64.0,54.0,68.0,59.0,55.0,68.0,66.0,0.0,0,0.0,0.0,0.0,0.0,68.0
0,0.0,0.0,21.0,0.0,0.0,72.0,87.0,84.0,76.0,64.0,57.0,69.0,75.0,80.0,0.0,0,0.0,0.0,0.0,0.0,62.0
0,0.0,0.0,12.0,0.0,0.0,72.0,60.0,67.0,58.0,65.0,60.0,62.0,63.0,61.0,0.0,0,0.0,0.0,0.0,0.0,49.0
0,0.0,0.0,23.0,0.0,0.0,72.0,76.0,79.0,73.0,75.0,67.0,52.0,90.0,89.0,0.0,0,0.0,0.0,0.0,0.0,62.0
0,0.0,0.0,13.0,0.0,0.0,72.0,82.0,83.0,79.0,62.0,72.0,67.0,74.0,75.0,0.0,0,0.0,0.0,0.0,0.0,44.0
0,0.0,0.0,4.0,0.0,0.0,72.0,67.0,85.0,72.0,64.0,47.0,68.0,64.0,58.0,0.0,0,0.0,0.0,0.0,0.0,66.0
0,0.0,0.0,56.0,0.0,0.0,71.0,88.0,90.0,87.0,53.0,68.0,77.0,65.0,62.0,0.0,0,0.0,0.0,0.0,0.0,72.0
0,0.0,0.0,9.0,0.0,0.0,71.0,85.0,82.0,85.0,61.0,71.0,64.0,78.0,66.0,0.0,0,0.0,0.0,0.0,0.0,72.0
0,0.0,0.0,0.0,0.0,0.0,71.0,65.0,70.0,66.0,65.0,57.0,65.0,75.0,77.0,0.0,0,0.0,0.0,0.0,0.0,68.0
0,0.0,0.0,0.0,0.0,0.0,71.0,75.0,74.0,70.0,65.0,56.0,63.0,71.0,72.0,0.0,0,0.0,0.0,0.0,0.0,42.0
0,0.0,0.0,27.0,0.0,0.0,71.0,83.0,84.0,74.0,68.0,58.0,70.0,69.0,82.0,0.0,0,0.0,0.0,0.0,0.0,76.0
0,0.0,0.0,0.0,0.0,0.0,70.0,67.0,73.0,66.0,69.0,54.0,59.0,69.0,73.0,0.0,0,0.0,0.0,0.0,0.0,40.0
0,0.0,0.0,11.0,0.0,0.0,70.0,84.0,85.0,82.0,67.0,60.0,61.0,70.0,77.0,0.0,0,0.0,0.0,0.0,0.0,61.0
0,0.0,0.0,10.0,0.0,0.0,70.0,92.0,94.0,90.0,58.0,59.0,62.0,77.0,54.0,0.0,0,0.0,0.0,0.0,0.0,72.0
0,0.0,0.0,31.0,0.0,0.0,70.0,84.0,85.0,83.0,65.0,64.0,58.0,70.0,77.0,0.0,0,0.0,0.0,0.0,0.0,64.0
0,0.0,0.0,6.0,0.0,0.0,70.0,65.0,64.0,62.0,66.0,60.0,68.0,61.0,61.0,0.0,0,0.0,0.0,0.0,0.0,52.0
0,0.0,0.0,27.0,0.0,0.0,70.0,83.0,84.0,78.0,64.0,55.0,59.0,69.0,70.0,0.0,0,0.0,0.0,0.0,0.0,75.0
0,0.0,0.0,0.0,0.0,0.0,69.0,87.0,87.0,88.0,65.0,65.0,68.0,67.0,60.0,0.0,0,0.0,0.0,0.0,0.0,72.0
0,0.0,0.0,0.0,0.0,0.0,69.0,87.0,87.0,88.0,65.0,65.0,68.0,67.0,60.0,0.0,0,0.0,0.0,0.0,0.0,72.0
0,0.0,0.0,34.0,0.0,0.0,69.0,87.0,87.0,88.0,65.0,65.0,68.0,67.0,60.0,0.0,0,0.0,0.0,0.0,0.0,72.0
0,0.0,0.0,0.0,0.0,0.0,69.0,61.0,75.0,57.0,70.0,47.0,54.0,58.0,63.0,0.0,0,0.0,0.0,0.0,0.0,35.0
0,0.0,0.0,13.0,0.0,0.0,69.0,65.0,69.0,57.0,64.0,55.0,64.0,70.0,68.0,0.0,0,0.0,0.0,0.0,0.0,63.0
0,0.0,0.0,3.0,0.0,0.0,68.0,84.0,82.0,78.0,71.0,54.0,49.0,76.0,80.0,0.0,0,0.0,0.0,0.0,0.0,70.0
0,0.0,0.0,24.0,0.0,0.0,68.0,84.0,82.0,78.0,71.0,54.0,49.0,76.0,80.0,0.0,0,0.0,0.0,0.0,0.0,70.0
0,0.0,0.0,12.0,0.0,0.0,68.0,80.0,80.0,80.0,64.0,65.0,64.0,70.0,67.0,0.0,0,0.0,0.0,0.0,0.0,68.0
0,0.0,0.0,20.0,0.0,0.0,68.0,91.0,88.0,88.0,60.0,42.0,67.0,65.0,68.0,0.0,0,0.0,0.0,0.0,0.0,70.0
0,0.0,0.0,10.0,0.0,0.0,68.0,81.0,78.0,77.0,64.0,50.0,55.0,70.0,67.0,0.0,0,0.0,0.0,0.0,0.0,71.0
0,0.0,0.0,32.0,0.0,0.0,68.0,86.0,87.0,85.0,63.0,50.0,64.0,64.0,75.0,0.0,0,0.0,0.0,0.0,0.0,75.0
0,0.0,0.0,0.0,0.0,0.0,68.0,84.0,85.0,79.0,69.0,57.0,52.0,70.0,78.0,0.0,0,0.0,0.0,0.0,0.0,73.0
0,0.0,0.0,4.0,0.0,0.0,68.0,79.0,77.0,73.0,67.0,55.0,63.0,68.0,66.0,0.0,0,0.0,0.0,0.0,0.0,69.0
0,0.0,0.0,48.0,0.0,2.0,68.0,80.0,79.0,79.0,68.0,60.0,61.0,62.0,76.0,0.0,0,0.0,0.0,0.0,0.0,69.0
0,0.0,0.0,3.0,0.0,0.0,68.0,80.0,79.0,79.0,68.0,60.0,61.0,62.0,76.0,0.0,0,0.0,0.0,0.0,0.0,69.0
0,0.0,0.0,0.0,0.0,0.0,68.0,87.0,85.0,86.0,68.0,60.0,60.0,65.0,70.0,0.0,0,0.0,0.0,0.0,0.0,69.0
0,0.0,0.0,0.0,0.0,0.0,68.0,87.0,86.0,86.0,58.0,60.0,62.0,66.0,70.0,0.0,0,0.0,0.0,0.0,0.0,71.0
0,0.0,0.0,0.0,0.0,0.0,68.0,78.0,81.0,78.0,65.0,65.0,62.0,70.0,80.0,0.0,0,0.0,0.0,0.0,0.0,60.0
0,0.0,0.0,6.0,0.0,0.0,67.0,83.0,85.0,78.0,70.0,53.0,56.0,74.0,77.0,0.0,0,0.0,0.0,0.0,0.0,61.0
0,0.0,0.0,0.0,0.0,0.0,67.0,62.0,64.0,66.0,65.0,60.0,61.0,58.0,60.0,0.0,0,0.0,0.0,0.0,0.0,56.0
0,0.0,0.0,39.0,1.0,1.0,67.0,86.0,84.0,84.0,59.0,63.0,63.0,75.0,61.0,0.0,0,0.0,0.0,0.0,0.0,68.0
0,0.0,0.0,2.0,0.0,0.0,67.0,86.0,84.0,84.0,59.0,63.0,63.0,75.0,61.0,0.0,0,0.0,0.0,0.0,0.0,68.0
0,0.0,0.0,4.0,0.0,0.0,67.0,87.0,86.0,85.0,55.0,60.0,68.0,66.0,60.0,0.0,0,0.0,0.0,0.0,0.0,71.0
0,0.0,0.0,0.0,0.0,0.0,67.0,87.0,86.0,85.0,55.0,60.0,68.0,66.0,60.0,0.0,0,0.0,0.0,0.0,0.0,71.0
0,0.0,0.0,11.0,0.0,0.0,67.0,83.0,85.0,82.0,68.0,52.0,54.0,70.0,79.0,0.0,0,0.0,0.0,0.0,0.0,69.0
0,0.0,0.0,101.0,4.0,7.0,67.0,83.0,85.0,82.0,68.0,52.0,54.0,70.0,79.0,0.0,0,0.0,0.0,0.0,0.0,69.0
0,0.0,0.0,14.0,0.0,0.0,67.0,92.0,87.0,92.0,54.0,45.0,67.0,66.0,61.0,0.0,0,0.0,0.0,0.0,0.0,73.0
0,0.0,0.0,9.0,0.0,0.0,67.0,79.0,79.0,81.0,60.0,68.0,68.0,74.0,67.0,0.0,0,0.0,0.0,0.0,0.0,65.0
0,0.0,0.0,1.0,0.0,0.0,67.0,70.0,82.0,70.0,67.0,48.0,62.0,72.0,74.0,0.0,0,0.0,0.0,0.0,0.0,64.0
0,0.0,0.0,0.0,0.0,0.0,67.0,91.0,93.0,82.0,61.0,57.0,56.0,63.0,66.0,0.0,0,0.0,0.0,0.0,0.0,77.0
0,0.0,0.0,0.0,0.0,0.0,66.0,85.0,88.0,88.0,62.0,46.0,66.0,68.0,65.0,0.0,0,0.0,0.0,0.0,0.0,66.0
0,0.0,0.0,2.0,0.0,0.0,66.0,85.0,85.0,83.0,62.0,58.0,64.0,64.0,69.0,0.0,0,0.0,0.0,0.0,0.0,78.0
0,0.0,0.0,0.0,0.0,0.0,66.0,84.0,84.0,83.0,62.0,49.0,65.0,68.0,74.0,0.0,0,0.0,0.0,0.0,0.0,61.0
0,0.0,0.0,8.0,0.0,0.0,66.0,82.0,83.0,75.0,65.0,56.0,65.0,74.0,73.0,0.0,0,0.0,0.0,0.0,0.0,66.0
0,0.0,0.0,5.0,0.0,0.0,66.0,84.0,86.0,85.0,63.0,42.0,63.0,68.0,74.0,0.0,0,0.0,0.0,0.0,0.0,70.0
0,0.0,0.0,4.0,0.0,0.0,66.0,63.0,62.0,52.0,72.0,60.0,60.0,62.0,64.0,0.0,0,0.0,0.0,0.0,0.0,54.0
0,0.0,0.0,1.0,0.0,1.0,66.0,60.0,64.0,56.0,69.0,62.0,59.0,62.0,60.0,0.0,0,0.0,0.0,0.0,0.0,59.0
0,0.0,0.0,8.0,0.0,0.0,66.0,88.0,84.0,76.0,64.0,50.0,63.0,69.0,73.0,0.0,0,0.0,0.0,0.0,0.0,72.0
0,0.0,0.0,0.0,0.0,0.0,66.0,82.0,82.0,81.0,62.0,64.0,57.0,66.0,70.0,0.0,0,0.0,0.0,0.0,0.0,75.0
0,0.0,0.0,3.0,0.0,0.0,65.0,83.0,80.0,79.0,56.0,62.0,62.0,70.0,66.0,0.0,0,0.0,0.0,0.0,0.0,76.0
0,0.0,0.0,0.0,0.0,0.0,65.0,86.0,85.0,83.0,64.0,56.0,60.0,62.0,66.0,0.0,0,0.0,0.0,0.0,0.0,53.0
0,0.0,0.0,0.0,0.0,0.0,65.0,85.0,86.0,84.0,66.0,54.0,55.0,67.0,70.0,0.0,0,0.0,0.0,0.0,0.0,58.0
0,0.0,0.0,0.0,0.0,0.0,65.0,61.0,72.0,50.0,72.0,58.0,45.0,52.0,62.0,0.0,0,0.0,0.0,0.0,0.0,48.0
0,0.0,0.0,11.0,0.0,0.0,65.0,61.0,62.0,57.0,73.0,52.0,60.0,65.0,65.0,0.0,0,0.0,0.0,0.0,0.0,66.0
0,0.0,0.0,4.0,0.0,0.0,65.0,64.0,67.0,63.0,66.0,41.0,69.0,65.0,70.0,0.0,0,0.0,0.0,0.0,0.0,55.0
0,0.0,0.0,0.0,0.0,0.0,64.0,86.0,85.0,80.0,64.0,57.0,69.0,65.0,63.0,0.0,0,0.0,0.0,0.0,0.0,64.0
0,0.0,0.0,0.0,0.0,0.0,64.0,82.0,79.0,81.0,64.0,56.0,64.0,67.0,70.0,0.0,0,0.0,0.0,0.0,0.0,57.0
0,0.0,0.0,0.0,0.0,0.0,64.0,81.0,76.0,77.0,62.0,52.0,61.0,74.0,74.0,0.0,0,0.0,0.0,0.0,0.0,61.0
0,0.0,0.0,11.0,0.0,0.0,64.0,90.0,89.0,79.0,53.0,63.0,66.0,64.0,59.0,0.0,0,0.0,0.0,0.0,0.0,65.0
0,0.0,0.0,0.0,0.0,0.0,64.0,84.0,80.0,83.0,62.0,53.0,55.0,68.0,70.0,0.0,0,0.0,0.0,0.0,0.0,80.0
0,0.0,0.0,0.0,0.0,0.0,64.0,84.0,80.0,83.0,62.0,53.0,55.0,68.0,70.0,0.0,0,0.0,0.0,0.0,0.0,80.0
0,0.0,0.0,9.0,0.0,0.0,64.0,84.0,80.0,83.0,62.0,53.0,55.0,68.0,70.0,0.0,0,0.0,0.0,0.0,0.0,80.0
0,0.0,0.0,6.0,0.0,0.0,64.0,91.0,87.0,90.0,45.0,47.0,66.0,64.0,58.0,0.0,0,0.0,0.0,0.0,0.0,65.0
0,0.0,0.0,46.0,0.0,1.0,64.0,78.0,82.0,75.0,67.0,49.0,51.0,73.0,83.0,0.0,0,0.0,0.0,0.0,0.0,73.0
0,0.0,0.0,13.0,0.0,0.0,63.0,82.0,80.0,79.0,63.0,60.0,58.0,66.0,68.0,0.0,0,0.0,0.0,0.0,0.0,59.0
0,0.0,0.0,0.0,0.0,0.0,63.0,65.0,62.0,60.0,62.0,55.0,62.0,60.0,58.0,0.0,0,0.0,0.0,0.0,0.0,48.0
0,0.0,0.0,9.0,0.0,1.0,62.0,83.0,83.0,80.0,59.0,53.0,59.0,62.0,66.0,0.0,0,0.0,0.0,0.0,0.0,72.0
0,0.0,0.0,0.0,0.0,0.0,62.0,76.0,74.0,72.0,71.0,54.0,64.0,73.0,74.0,0.0,0,0.0,0.0,0.0,0.0,68.0
0,0.0,0.0,0.0,0.0,0.0,62.0,87.0,88.0,80.0,54.0,62.0,64.0,67.0,54.0,0.0,0,0.0,0.0,0.0,0.0,75.0
0,0.0,0.0,9.0,0.0,0.0,62.0,80.0,83.0,78.0,59.0,60.0,66.0,68.0,62.0,0.0,0,0.0,0.0,0.0,0.0,74.0
0,0.0,0.0,0.0,0.0,0.0,62.0,82.0,83.0,81.0,60.0,57.0,56.0,65.0,67.0,0.0,0,0.0,0.0,0.0,0.0,66.0
0,0.0,0.0,0.0,0.0,0.0,62.0,86.0,84.0,79.0,59.0,45.0,59.0,80.0,62.0,0.0,0,0.0,0.0,0.0,0.0,70.0
0,0.0,0.0,0.0,0.0,0.0,61.0,84.0,86.0,80.0,63.0,49.0,60.0,56.0,66.0,0.0,0,0.0,0.0,0.0,0.0,50.0
0,0.0,0.0,0.0,0.0,0.0,61.0,81.0,79.0,78.0,65.0,52.0,53.0,68.0,78.0,0.0,0,0.0,0.0,0.0,0.0,69.0
0,0.0,0.0,4.0,0.0,0.0,61.0,75.0,81.0,73.0,63.0,44.0,62.0,79.0,76.0,0.0,0,0.0,0.0,0.0,0.0,77.0
0,0.0,0.0,0.0,0.0,0.0,61.0,84.0,86.0,82.0,56.0,46.0,62.0,65.0,66.0,0.0,0,0.0,0.0,0.0,0.0,60.0
0,0.0,0.0,9.0,0.0,0.0,60.0,75.0,70.0,64.0,65.0,48.0,50.0,60.0,60.0,0.0,0,0.0,0.0,0.0,0.0,52.0
0,0.0,0.0,0.0,0.0,0.0,59.0,82.0,83.0,81.0,57.0,43.0,61.0,66.0,61.0,0.0,0,0.0,0.0,0.0,0.0,68.0
0,0.0,0.0,0.0,0.0,0.0,58.0,86.0,89.0,82.0,55.0,48.0,52.0,58.0,60.0,0.0,0,0.0,0.0,0.0,0.0,60.0
0,0.0,0.0,77.0,1.0,1.0,58.0,86.0,89.0,82.0,55.0,48.0,52.0,58.0,60.0,0.0,0,0.0,0.0,0.0,0.0,60.0
0,0.0,0.0,0.0,0.0,0.0,58.0,82.0,77.0,74.0,60.0,61.0,61.0,60.0,58.0,0.0,0,0.0,0.0,0.0,0.0,67.0
0,0.0,0.0,1.0,0.0,0.0,57.0,78.0,79.0,79.0,58.0,54.0,59.0,59.0,60.0,0.0,0,0.0,0.0,0.0,0.0,70.0
0,0.0,0.0,0.0,0.0,0.0,56.0,83.0,79.0,76.0,56.0,40.0,59.0,63.0,64.0,0.0,0,0.0,0.0,0.0,0.0,62.0
0,0.0,0.0,0.0,0.0,0.0,56.0,54.0,59.0,54.0,66.0,50.0,58.0,61.0,61.0,0.0,0,0.0,0.0,0.0,0.0,52.0
0,0.0,0.0,0.0,0.0,0.0,55.0,82.0,78.0,73.0,62.0,42.0,45.0,65.0,67.0,0.0,0,0.0,0.0,0.0,0.0,71.0
0,0.0,0.0,4.0,0.0,1.0,54.0,86.0,83.0,69.0,55.0,52.0,65.0,60.0,52.0,0.0,0,0.0,0.0,0.0,0.0,67.0
0,0.0,0.0,0.0,0.0,0.0,53.0,80.0,80.0,77.0,54.0,35.0,55.0,58.0,62.0,0.0,0,0.0,0.0,0.0,0.0,75.0
0,0.0,0.0,0.0,0.0,0.0,52.0,70.0,60.0,55.0,60.0,30.0,62.0,52.0,61.0,0.0,0,0.0,0.0,0.0,0.0,54.0
0,0.0,0.0,0.0,0.0,0.0,91.0,67.0,69.0,68.0,78.0,72.0,65.0,60.0,60.0,0.0,0,0.0,0.0,0.0,0.0,54.0
0,0.0,0.0,0.0,0.0,0.0,83.0,86.0,88.0,87.0,73.0,74.0,66.0,84.0,87.0,0.0,0,0.0,0.0,0.0,0.0,69.0
0,0.0,0.0,129.0,4.0,8.0,79.0,80.0,80.0,76.0,66.0,99.0,63.0,84.0,81.0,0.0,0,0.0,0.0,0.0,0.0,83.0
0,0.0,0.0,0.0,0.0,0.0,62.0,86.0,84.0,79.0,59.0,45.0,59.0,80.0,62.0,0.0,0,0.0,0.0,0.0,0.0,70.0
0,0.0,0.0,11.0,0.0,0.0,84.0,83.0,85.0,81.0,70.0,50.0,70.0,79.0,80.0,0.0,0,0.0,0.0,0.0,0.0,66.0
0,0.0,0.0,96.0,0.0,3.0,84.0,95.0,93.0,96.0,58.0,84.0,78.0,84.0,64.0,0.0,0,0.0,0.0,0.0,0.0,74.0
0,0.0,0.0,22.0,0.0,0.0,82.0,86.0,89.0,80.0,78.0,74.0,58.0,84.0,92.0,0.0,0,0.0,0.0,0.0,0.0,59.0
0,0.0,0.0,0.0,0.0,0.0,65.0,86.0,85.0,83.0,64.0,56.0,60.0,62.0,66.0,0.0,0,0.0,0.0,0.0,0.0,53.0
0,0.0,0.0,69.0,1.0,1.0,97.0,91.0,97.0,90.0,85.0,93.0,69.0,82.0,99.0,0.0,0,0.0,0.0,0.0,0.0,81.0
0,0.0,0.0,0.0,0.0,0.0,84.0,62.0,64.0,54.0,74.0,65.0,55.0,68.0,66.0,0.0,0,0.0,0.0,0.0,0.0,68.0
0,0.0,0.0,6.0,0.0,0.0,73.0,84.0,86.0,80.0,74.0,59.0,55.0,78.0,85.0,0.0,0,0.0,0.0,0.0,0.0,61.0
0,0.0,0.0,41.0,0.0,0.0,71.0,86.0,86.0,82.0,66.0,65.0,69.0,72.0,71.0,0.0,0,0.0,0.0,0.0,0.0,64.0
0,0.0,0.0,41.0,0.0,1.0,90.0,90.0,94.0,87.0,78.0,86.0,67.0,77.0,95.0,0.0,0,0.0,0.0,0.0,0.0,74.0
0,0.0,0.0,56.0,0.0,2.0,80.0,91.0,92.0,88.0,71.0,65.0,66.0,78.0,80.0,0.0,0,0.0,0.0,0.0,0.0,65.0
0,0.0,0.0,6.0,0.0,0.0,76.0,62.0,64.0,57.0,75.0,68.0,57.0,71.0,71.0,0.0,0,0.0,0.0,0.0,0.0,56.0
0,0.0,0.0,0.0,0.0,0.0,68.0,84.0,87.0,76.0,60.0,65.0,62.0,70.0,76.0,0.0,0,0.0,0.0,0.0,0.0,77.0
0,0.0,0.0,56.0,0.0,3.0,92.0,87.0,93.0,86.0,80.0,92.0,65.0,91.0,95.0,0.0,0,0.0,0.0,0.0,0.0,83.0
0,0.0,0.0,32.0,0.0,0.0,84.0,92.0,94.0,92.0,71.0,76.0,68.0,72.0,82.0,0.0,0,0.0,0.0,0.0,0.0,75.0
0,0.0,0.0,0.0,0.0,0.0,78.0,65.0,70.0,70.0,69.0,62.0,65.0,75.0,77.0,0.0,0,0.0,0.0,0.0,0.0,68.0
0,0.0,0.0,0.0,0.0,0.0,70.0,91.0,90.0,81.0,60.0,52.0,55.0,72.0,75.0,0.0,0,0.0,0.0,0.0,0.0,68.0
0,0.0,0.0,0.0,0.0,0.0,62.0,81.0,79.0,78.0,65.0,58.0,53.0,68.0,78.0,0.0,0,0.0,0.0,0.0,0.0,69.0
0,0.0,0.0,0.0,0.0,0.0,85.0,65.0,70.0,66.0,70.0,75.0,66.0,68.0,65.0,0.0,0,0.0,0.0,0.0,0.0,56.0
0,0.0,0.0,62.0,0.0,1.0,83.0,89.0,92.0,87.0,70.0,77.0,68.0,83.0,83.0,0.0,0,0.0,0.0,0.0,0.0,79.0
0,0.0,0.0,27.0,0.0,0.0,82.0,85.0,87.0,81.0,75.0,80.0,65.0,83.0,88.0,0.0,0,0.0,0.0,0.0,0.0,72.0
0,0.0,0.0,2.0,0.0,0.0,70.0,85.0,87.0,84.0,65.0,65.0,64.0,72.0,70.0,0.0,0,0.0,0.0,0.0,0.0,64.0
0,0.0,0.0,11.0,0.0,0.0,70.0,85.0,84.0,84.0,67.0,55.0,59.0,70.0,80.0,0.0,0,0.0,0.0,0.0,0.0,69.0
0,0.0,0.0,101.0,4.0,7.0,70.0,85.0,84.0,84.0,67.0,55.0,59.0,70.0,80.0,0.0,0,0.0,0.0,0.0,0.0,69.0
0,0.0,0.0,0.0,0.0,0.0,69.0,89.0,89.0,82.0,60.0,65.0,72.0,64.0,63.0,0.0,0,0.0,0.0,0.0,0.0,67.0
0,0.0,0.0,46.0,0.0,1.0,86.0,87.0,92.0,85.0,77.0,77.0,64.0,89.0,91.0,0.0,0,0.0,0.0,0.0,0.0,73.0
0,0.0,0.0,4.0,0.0,0.0,82.0,67.0,70.0,66.0,71.0,60.0,69.0,65.0,70.0,0.0,0,0.0,0.0,0.0,0.0,55.0
0,0.0,0.0,9.0,0.0,0.0,78.0,88.0,89.0,83.0,70.0,64.0,71.0,74.0,83.0,0.0,0,0.0,0.0,0.0,0.0,67.0
0,0.0,0.0,0.0,0.0,0.0,70.0,86.0,87.0,83.0,65.0,64.0,65.0,70.0,70.0,0.0,0,0.0,0.0,0.0,0.0,67.0
0,0.0,0.0,3.0,0.0,0.0,83.0,62.0,67.0,56.0,75.0,70.0,56.0,62.0,65.0,0.0,0,0.0,0.0,0.0,0.0,49.0
0,0.0,0.0,14.0,0.0,0.0,83.0,90.0,90.0,88.0,72.0,66.0,67.0,82.0,86.0,0.0,0,0.0,0.0,0.0,0.0,65.0
0,0.0,0.0,8.0,0.0,0.0,79.0,91.0,93.0,88.0,68.0,67.0,60.0,79.0,78.0,0.0,0,0.0,0.0,0.0,0.0,72.0
0,0.0,0.0,0.0,0.0,0.0,75.0,87.0,88.0,86.0,64.0,72.0,63.0,76.0,74.0,0.0,0,0.0,0.0,0.0,0.0,80.0
0,0.0,0.0,0.0,0.0,0.0,75.0,87.0,88.0,86.0,64.0,72.0,63.0,76.0,74.0,0.0,0,0.0,0.0,0.0,0.0,80.0
0,0.0,0.0,9.0,0.0,0.0,75.0,87.0,88.0,86.0,64.0,72.0,63.0,76.0,74.0,0.0,0,0.0,0.0,0.0,0.0,80.0
0,0.0,0.0,29.0,0.0,1.0,92.0,80.0,84.0,82.0,66.0,82.0,82.0,71.0,71.0,0.0,0,0.0,0.0,0.0,0.0,58.0
0,0.0,0.0,38.0,0.0,0.0,74.0,90.0,92.0,92.0,65.0,55.0,66.0,70.0,71.0,0.0,0,0.0,0.0,0.0,0.0,69.0
0,0.0,0.0,0.0,0.0,0.0,72.0,94.0,95.0,85.0,60.0,65.0,66.0,65.0,66.0,0.0,0,0.0,0.0,0.0,0.0,66.0
0,0.0,0.0,0.0,0.0,0.0,60.0,83.0,85.0,73.0,64.0,49.0,59.0,64.0,66.0,0.0,0,0.0,0.0,0.0,0.0,69.0
0,0.0,0.0,0.0,0.0,0.0,87.0,86.0,88.0,80.0,76.0,74.0,65.0,85.0,90.0,0.0,0,0.0,0.0,0.0,0.0,69.0
0,0.0,0.0,37.0,0.0,0.0,87.0,86.0,88.0,80.0,76.0,74.0,65.0,85.0,90.0,0.0,0,0.0,0.0,0.0,0.0,69.0
0,0.0,0.0,71.0,0.0,2.0,82.0,85.0,87.0,84.0,67.0,86.0,66.0,84.0,83.0,0.0,0,0.0,0.0,0.0,0.0,44.0
0,0.0,0.0,22.0,0.0,0.0,74.0,95.0,96.0,91.0,65.0,56.0,65.0,68.0,66.0,0.0,0,0.0,0.0,0.0,0.0,71.0
0,0.0,0.0,6.0,0.0,0.0,74.0,90.0,92.0,92.0,54.0,67.0,70.0,70.0,66.0,0.0,0,0.0,0.0,0.0,0.0,65.0
0,0.0,0.0,27.0,0.0,0.0,71.0,85.0,85.0,78.0,64.0,55.0,59.0,69.0,70.0,0.0,0,0.0,0.0,0.0,0.0,75.0
0,0.0,0.0,13.0,0.0,0.0,89.0,70.0,74.0,60.0,76.0,75.0,74.0,77.0,82.0,0.0,0,0.0,0.0,0.0,0.0,58.0
0,0.0,0.0,27.0,0.0,0.0,78.0,93.0,95.0,93.0,67.0,61.0,60.0,71.0,74.0,0.0,0,0.0,0.0,0.0,0.0,75.0
0,0.0,0.0,21.0,0.0,0.0,74.0,89.0,87.0,78.0,64.0,64.0,69.0,73.0,78.0,0.0,0,0.0,0.0,0.0,0.0,62.0
0,0.0,0.0,16.0,0.0,0.0,74.0,83.0,81.0,80.0,66.0,74.0,62.0,78.0,78.0,0.0,0,0.0,0.0,0.0,0.0,78.0
0,0.0,0.0,8.0,0.0,0.0,73.0,87.0,87.0,85.0,66.0,62.0,65.0,74.0,73.0,0.0,0,0.0,0.0,0.0,0.0,66.0
0,0.0,0.0,53.0,1.0,3.0,86.0,71.0,76.0,62.0,60.0,85.0,83.0,72.0,65.0,0.0,0,0.0,0.0,0.0,0.0,70.0
0,0.0,0.0,0.0,0.0,0.0,83.0,85.0,83.0,80.0,71.0,86.0,67.0,89.0,87.0,0.0,0,0.0,0.0,0.0,0.0,73.0
0,0.0,0.0,46.0,0.0,0.0,83.0,85.0,83.0,80.0,71.0,86.0,67.0,89.0,87.0,0.0,0,0.0,0.0,0.0,0.0,73.0
0,0.0,0.0,48.0,0.0,0.0,80.0,82.0,85.0,80.0,80.0,85.0,54.0,85.0,88.0,0.0,0,0.0,0.0,0.0,0.0,74.0
0,0.0,0.0,54.0,0.0,1.0,77.0,84.0,86.0,78.0,66.0,81.0,67.0,80.0,81.0,0.0,0,0.0,0.0,0.0,0.0,76.0
0,0.0,0.0,1.0,0.0,1.0,76.0,63.0,68.0,56.0,71.0,70.0,59.0,62.0,60.0,0.0,0,0.0,0.0,0.0,0.0,59.0
0,0.0,0.0,11.0,0.0,0.0,76.0,97.0,97.0,86.0,60.0,71.0,63.0,76.0,65.0,0.0,0,0.0,0.0,0.0,0.0,81.0
0,0.0,0.0,0.0,0.0,0.0,76.0,81.0,84.0,75.0,74.0,75.0,55.0,83.0,88.0,0.0,0,0.0,0.0,0.0,0.0,70.0
0,0.0,0.0,0.0,0.0,0.0,75.0,61.0,75.0,57.0,76.0,62.0,54.0,62.0,64.0,0.0,0,0.0,0.0,0.0,0.0,35.0
0,0.0,0.0,0.0,0.0,0.0,75.0,60.0,69.0,61.0,66.0,62.0,63.0,65.0,68.0,0.0,0,0.0,0.0,0.0,0.0,39.0
0,0.0,0.0,0.0,0.0,0.0,73.0,68.0,66.0,55.0,74.0,70.0,60.0,64.0,69.0,0.0,0,0.0,0.0,0.0,0.0,40.0
0,0.0,0.0,13.0,0.0,0.0,73.0,64.0,67.0,60.0,64.0,70.0,64.0,70.0,68.0,0.0,0,0.0,0.0,0.0,0.0,63.0
0,0.0,0.0,11.0,0.0,0.0,73.0,85.0,85.0,79.0,67.0,65.0,65.0,78.0,80.0,0.0,0,0.0,0.0,0.0,0.0,71.0
0,0.0,0.0,0.0,0.0,0.0,72.0,60.0,60.0,54.0,63.0,56.0,61.0,65.0,72.0,0.0,0,0.0,0.0,0.0,0.0,53.0
0,0.0,0.0,5.0,0.0,0.0,72.0,60.0,60.0,54.0,63.0,56.0,61.0,65.0,72.0,0.0,0,0.0,0.0,0.0,0.0,53.0
0,0.0,0.0,0.0,0.0,0.0,72.0,88.0,91.0,87.0,60.0,67.0,74.0,72.0,65.0,0.0,0,0.0,0.0,0.0,0.0,60.0
0,0.0,0.0,77.0,1.0,1.0,72.0,88.0,91.0,87.0,60.0,67.0,74.0,72.0,65.0,0.0,0,0.0,0.0,0.0,0.0,60.0
0,0.0,0.0,0.0,0.0,0.0,70.0,86.0,85.0,84.0,67.0,57.0,59.0,66.0,75.0,0.0,0,0.0,0.0,0.0,0.0,59.0
0,0.0,0.0,0.0,0.0,0.0,70.0,65.0,72.0,70.0,65.0,60.0,59.0,59.0,70.0,0.0,0,0.0,0.0,0.0,0.0,52.0
0,0.0,0.0,0.0,0.0,0.0,67.0,92.0,93.0,82.0,61.0,57.0,56.0,63.0,66.0,0.0,0,0.0,0.0,0.0,0.0,77.0
0,0.0,0.0,39.0,1.0,1.0,67.0,86.0,84.0,84.0,59.0,63.0,63.0,75.0,61.0,0.0,0,0.0,0.0,0.0,0.0,68.0
0,0.0,0.0,2.0,0.0,0.0,67.0,86.0,84.0,84.0,59.0,63.0,63.0,75.0,61.0,0.0,0,0.0,0.0,0.0,0.0,68.0
0,0.0,0.0,4.0,0.0,0.0,67.0,87.0,86.0,85.0,55.0,60.0,68.0,66.0,60.0,0.0,0,0.0,0.0,0.0,0.0,71.0
0,0.0,0.0,0.0,0.0,0.0,67.0,87.0,86.0,85.0,55.0,60.0,68.0,66.0,60.0,0.0,0,0.0,0.0,0.0,0.0,71.0
0,0.0,0.0,0.0,0.0,0.0,66.0,84.0,84.0,83.0,62.0,49.0,65.0,68.0,74.0,0.0,0,0.0,0.0,0.0,0.0,61.0
0,0.0,0.0,13.0,0.0,0.0,65.0,77.0,75.0,76.0,66.0,50.0,64.0,69.0,59.0,0.0,0,0.0,0.0,0.0,0.0,62.0
0,0.0,0.0,0.0,0.0,0.0,63.0,65.0,62.0,60.0,62.0,55.0,62.0,60.0,58.0,0.0,0,0.0,0.0,0.0,0.0,48.0
0,0.0,0.0,9.0,0.0,1.0,62.0,83.0,83.0,80.0,59.0,53.0,59.0,62.0,66.0,0.0,0,0.0,0.0,0.0,0.0,72.0
0,0.0,0.0,0.0,0.0,0.0,62.0,87.0,80.0,82.0,60.0,42.0,64.0,65.0,67.0,0.0,0,0.0,0.0,0.0,0.0,71.0
0,0.0,0.0,0.0,0.0,0.0,61.0,84.0,86.0,80.0,63.0,49.0,60.0,56.0,66.0,0.0,0,0.0,0.0,0.0,0.0,50.0
0,0.0,0.0,0.0,0.0,0.0,60.0,60.0,66.0,58.0,73.0,47.0,58.0,55.0,43.0,0.0,0,0.0,0.0,0.0,0.0,50.0
0,0.0,0.0,0.0,0.0,0.0,60.0,79.0,81.0,75.0,64.0,52.0,53.0,68.0,78.0,0.0,0,0.0,0.0,0.0,0.0,69.0
0,0.0,0.0,4.0,0.0,0.0,58.0,90.0,87.0,79.0,56.0,60.0,60.0,59.0,49.0,0.0,0,0.0,0.0,0.0,0.0,67.0
0,0.0,0.0,4.0,0.0,1.0,58.0,86.0,83.0,74.0,55.0,65.0,65.0,60.0,52.0,0.0,0,0.0,0.0,0.0,0.0,67.0
0,0.0,0.0,0.0,0.0,0.0,58.0,80.0,80.0,74.0,67.0,50.0,59.0,62.0,65.0,0.0,0,0.0,0.0,0.0,0.0,55.0
0,0.0,0.0,83.0,0.0,4.0,95.0,97.0,98.0,92.0,76.0,92.0,77.0,77.0,91.0,0.0,0,0.0,0.0,0.0,0.0,73.0
0,0.0,0.0,23.0,1.0,1.0,88.0,62.0,63.0,58.0,71.0,83.0,65.0,75.0,71.0,0.0,0,0.0,0.0,0.0,0.0,55.0
0,0.0,0.0,0.0,0.0,0.0,85.0,75.0,77.0,70.0,70.0,69.0,62.0,70.0,76.0,0.0,0,0.0,0.0,0.0,0.0,42.0
0,0.0,0.0,18.0,0.0,0.0,78.0,86.0,88.0,82.0,76.0,68.0,71.0,68.0,86.0,0.0,0,0.0,0.0,0.0,0.0,51.0
0,0.0,0.0,0.0,0.0,0.0,78.0,86.0,88.0,87.0,69.0,69.0,74.0,75.0,78.0,0.0,0,0.0,0.0,0.0,0.0,73.0
0,0.0,0.0,0.0,0.0,0.0,85.0,91.0,92.0,92.0,68.0,75.0,76.0,84.0,78.0,0.0,0,0.0,0.0,0.0,0.0,71.0
0,0.0,0.0,1.0,0.0,0.0,74.0,72.0,82.0,71.0,69.0,55.0,64.0,72.0,74.0,0.0,0,0.0,0.0,0.0,0.0,64.0
0,0.0,0.0,0.0,0.0,0.0,74.0,90.0,91.0,87.0,65.0,63.0,65.0,73.0,72.0,0.0,0,0.0,0.0,0.0,0.0,59.0
0,0.0,0.0,11.0,0.0,0.0,69.0,84.0,85.0,80.0,66.0,62.0,61.0,70.0,75.0,0.0,0,0.0,0.0,0.0,0.0,61.0
0,0.0,0.0,113.0,1.0,4.0,92.0,89.0,92.0,87.0,75.0,87.0,78.0,90.0,91.0,0.0,0,0.0,0.0,0.0,0.0,83.0
0,0.0,0.0,0.0,0.0,0.0,78.0,87.0,88.0,85.0,69.0,68.0,68.0,80.0,80.0,0.0,0,0.0,0.0,0.0,0.0,72.0
0,0.0,0.0,0.0,0.0,0.0,68.0,62.0,69.0,54.0,66.0,53.0,64.0,61.0,61.0,0.0,0,0.0,0.0,0.0,0.0,52.0
0,0.0,0.0,0.0,0.0,0.0,68.0,87.0,85.0,86.0,68.0,60.0,60.0,65.0,70.0,0.0,0,0.0,0.0,0.0,0.0,69.0
0,0.0,0.0,0.0,0.0,0.0,65.0,85.0,81.0,81.0,65.0,48.0,65.0,67.0,70.0,0.0,0,0.0,0.0,0.0,0.0,65.0
0,0.0,0.0,0.0,0.0,0.0,92.0,92.0,94.0,90.0,72.0,88.0,67.0,88.0,91.0,0.0,0,0.0,0.0,0.0,0.0,85.0
0,0.0,0.0,88.0,0.0,1.0,92.0,92.0,94.0,90.0,72.0,88.0,67.0,88.0,91.0,0.0,0,0.0,0.0,0.0,0.0,85.0
0,0.0,0.0,14.0,0.0,0.0,85.0,65.0,68.0,65.0,75.0,70.0,73.0,64.0,74.0,0.0,0,0.0,0.0,0.0,0.0,59.0
0,0.0,0.0,0.0,0.0,0.0,77.0,77.0,83.0,75.0,77.0,66.0,55.0,78.0,90.0,0.0,0,0.0,0.0,0.0,0.0,52.0
0,0.0,0.0,3.0,0.0,0.0,75.0,85.0,88.0,81.0,75.0,55.0,53.0,78.0,88.0,0.0,0,0.0,0.0,0.0,0.0,64.0
0,0.0,0.0,16.0,0.0,0.0,75.0,85.0,88.0,81.0,75.0,55.0,53.0,78.0,88.0,0.0,0,0.0,0.0,0.0,0.0,64.0
0,0.0,0.0,9.0,0.0,0.0,75.0,85.0,88.0,81.0,75.0,55.0,53.0,78.0,88.0,0.0,0,0.0,0.0,0.0,0.0,64.0
0,0.0,0.0,3.0,0.0,0.0,75.0,85.0,88.0,81.0,75.0,55.0,53.0,78.0,88.0,0.0,0,0.0,0.0,0.0,0.0,64.0
0,0.0,0.0,5.0,0.0,0.0,75.0,87.0,89.0,85.0,68.0,62.0,66.0,72.0,82.0,0.0,0,0.0,0.0,0.0,0.0,70.0
0,0.0,0.0,0.0,0.0,0.0,67.0,89.0,91.0,85.0,50.0,59.0,60.0,62.0,67.0,0.0,0,0.0,0.0,0.0,0.0,73.0
0,0.0,0.0,0.0,0.0,0.0,98.0,92.0,96.0,95.0,73.0,93.0,79.0,95.0,92.0,0.0,0,0.0,0.0,0.0,0.0,76.0
0,0.0,0.0,0.0,0.0,1.0,91.0,78.0,87.0,73.0,70.0,75.0,72.0,80.0,84.0,0.0,0,0.0,0.0,0.0,0.0,70.0
0,0.0,0.0,51.0,1.0,2.0,72.0,87.0,90.0,82.0,70.0,55.0,66.0,72.0,79.0,0.0,0,0.0,0.0,0.0,0.0,71.0
0,0.0,0.0,11.0,0.0,0.0,71.0,90.0,89.0,79.0,53.0,73.0,70.0,70.0,67.0,0.0,0,0.0,0.0,0.0,0.0,65.0
0,0.0,0.0,0.0,0.0,0.0,94.0,91.0,96.0,90.0,80.0,93.0,70.0,78.0,96.0,0.0,0,0.0,0.0,0.0,0.0,80.0
0,0.0,0.0,77.0,1.0,1.0,94.0,91.0,96.0,90.0,80.0,93.0,70.0,78.0,96.0,0.0,0,0.0,0.0,0.0,0.0,80.0
0,0.0,0.0,9.0,0.0,0.0,87.0,82.0,84.0,78.0,66.0,73.0,70.0,74.0,80.0,0.0,0,0.0,0.0,0.0,0.0,68.0
0,0.0,0.0,27.0,0.0,0.0,80.0,83.0,84.0,74.0,68.0,58.0,70.0,69.0,82.0,0.0,0,0.0,0.0,0.0,0.0,76.0
0,0.0,0.0,10.0,0.0,0.0,77.0,88.0,90.0,89.0,58.0,75.0,74.0,74.0,70.0,0.0,0,0.0,0.0,0.0,0.0,74.0
0,0.0,0.0,1.0,0.0,0.0,73.0,86.0,88.0,83.0,68.0,65.0,63.0,76.0,73.0,0.0,0,0.0,0.0,0.0,0.0,70.0
0,0.0,0.0,0.0,0.0,0.0,63.0,86.0,88.0,87.0,56.0,49.0,60.0,68.0,57.0,0.0,0,0.0,0.0,0.0,0.0,60.0
0,0.0,0.0,14.0,0.0,0.0,92.0,74.0,75.0,69.0,73.0,72.0,74.0,68.0,66.0,0.0,0,0.0,0.0,0.0,0.0,59.0
0,0.0,0.0,34.0,0.0,1.0,87.0,98.0,98.0,89.0,65.0,84.0,64.0,84.0,78.0,0.0,0,0.0,0.0,0.0,0.0,73.0
0,0.0,0.0,0.0,0.0,0.0,87.0,98.0,98.0,89.0,65.0,84.0,64.0,84.0,78.0,0.0,0,0.0,0.0,0.0,0.0,73.0
0,0.0,0.0,1.0,0.0,0.0,87.0,98.0,98.0,89.0,65.0,84.0,64.0,84.0,78.0,0.0,0,0.0,0.0,0.0,0.0,73.0
0,0.0,0.0,0.0,0.0,0.0,87.0,98.0,98.0,89.0,65.0,84.0,64.0,84.0,78.0,0.0,0,0.0,0.0,0.0,0.0,73.0
0,0.0,0.0,29.0,0.0,0.0,85.0,86.0,87.0,83.0,77.0,79.0,61.0,87.0,89.0,0.0,0,0.0,0.0,0.0,0.0,65.0
0,0.0,0.0,14.0,0.0,0.0,83.0,93.0,94.0,93.0,68.0,68.0,67.0,79.0,80.0,0.0,0,0.0,0.0,0.0,0.0,73.0
0,0.0,0.0,29.0,0.0,0.0,69.0,85.0,88.0,88.0,58.0,58.0,75.0,69.0,62.0,0.0,0,0.0,0.0,0.0,0.0,65.0
0,0.0,0.0,74.0,0.0,4.0,89.0,90.0,91.0,85.0,75.0,84.0,64.0,88.0,90.0,0.0,0,0.0,0.0,0.0,0.0,82.0
0,0.0,0.0,56.0,0.0,0.0,80.0,90.0,90.0,89.0,62.0,81.0,80.0,75.0,70.0,0.0,0,0.0,0.0,0.0,0.0,72.0
0,0.0,0.0,10.0,0.0,0.0,73.0,83.0,82.0,77.0,64.0,55.0,59.0,70.0,67.0,0.0,0,0.0,0.0,0.0,0.0,71.0
0,0.0,0.0,6.0,0.0,0.0,70.0,86.0,87.0,80.0,66.0,65.0,65.0,72.0,72.0,0.0,0,0.0,0.0,0.0,0.0,70.0
0,0.0,0.0,55.0,0.0,2.0,94.0,93.0,96.0,89.0,78.0,87.0,77.0,86.0,94.0,0.0,0,0.0,0.0,0.0,0.0,76.0
0,0.0,0.0,13.0,0.0,2.0,76.0,53.0,46.0,43.0,76.0,82.0,48.0,65.0,65.0,0.0,0,0.0,0.0,0.0,0.0,37.0
0,0.0,0.0,0.0,0.0,0.0,73.0,87.0,89.0,88.0,60.0,69.0,66.0,69.0,71.0,0.0,0,0.0,0.0,0.0,0.0,71.0
0,0.0,0.0,33.0,0.0,0.0,72.0,80.0,82.0,80.0,68.0,76.0,63.0,75.0,77.0,0.0,0,0.0,0.0,0.0,0.0,67.0
0,0.0,0.0,103.0,1.0,3.0,87.0,92.0,94.0,93.0,67.0,88.0,87.0,66.0,78.0,0.0,0,0.0,0.0,0.0,0.0,79.0
0,0.0,0.0,23.0,0.0,0.0,74.0,81.0,83.0,76.0,74.0,66.0,52.0,87.0,87.0,0.0,0,0.0,0.0,0.0,0.0,62.0
0,0.0,0.0,0.0,0.0,0.0,69.0,89.0,90.0,88.0,55.0,60.0,67.0,68.0,65.0,0.0,0,0.0,0.0,0.0,0.0,59.0
0,0.0,0.0,4.0,0.0,0.0,66.0,63.0,62.0,52.0,72.0,60.0,60.0,62.0,64.0,0.0,0,0.0,0.0,0.0,0.0,54.0
0,0.0,0.0,102.0,1.0,5.0,88.0,87.0,86.0,82.0,70.0,92.0,76.0,96.0,85.0,0.0,0,0.0,0.0,0.0,0.0,65.0
0,0.0,0.0,12.0,0.0,0.0,85.0,65.0,71.0,64.0,66.0,72.0,79.0,67.0,64.0,0.0,0,0.0,0.0,0.0,0.0,49.0
0,0.0,0.0,30.0,0.0,0.0,83.0,87.0,89.0,86.0,74.0,72.0,70.0,83.0,88.0,0.0,0,0.0,0.0,0.0,0.0,77.0
0,0.0,0.0,4.0,0.0,0.0,69.0,81.0,77.0,73.0,67.0,55.0,63.0,68.0,66.0,0.0,0,0.0,0.0,0.0,0.0,69.0
0,0.0,0.0,25.0,0.0,0.0,65.0,87.0,88.0,82.0,64.0,43.0,56.0,67.0,72.0,0.0,0,0.0,0.0,0.0,0.0,59.0
0,0.0,0.0,13.0,0.0,0.0,87.0,84.0,85.0,77.0,81.0,74.0,55.0,91.0,92.0,0.0,0,0.0,0.0,0.0,0.0,54.0
0,0.0,0.0,39.0,0.0,0.0,78.0,81.0,84.0,75.0,75.0,82.0,52.0,85.0,91.0,0.0,0,0.0,0.0,0.0,0.0,76.0
0,0.0,0.0,22.0,0.0,0.0,78.0,89.0,91.0,89.0,66.0,72.0,67.0,74.0,74.0,0.0,0,0.0,0.0,0.0,0.0,68.0
0,0.0,0.0,20.0,0.0,0.0,77.0,94.0,93.0,90.0,64.0,65.0,67.0,72.0,69.0,0.0,0,0.0,0.0,0.0,0.0,70.0
0,0.0,0.0,0.0,0.0,0.0,75.0,83.0,85.0,75.0,76.0,72.0,55.0,82.0,84.0,0.0,0,0.0,0.0,0.0,0.0,50.0
0,0.0,0.0,11.0,0.0,0.0,86.0,62.0,70.0,59.0,74.0,75.0,74.0,68.0,69.0,0.0,0,0.0,0.0,0.0,0.0,58.0
0,0.0,0.0,27.0,0.0,0.0,83.0,86.0,88.0,81.0,76.0,78.0,63.0,87.0,90.0,0.0,0,0.0,0.0,0.0,0.0,68.0
0,0.0,0.0,69.0,1.0,2.0,83.0,92.0,93.0,90.0,65.0,74.0,75.0,78.0,80.0,0.0,0,0.0,0.0,0.0,0.0,58.0
0,0.0,0.0,2.0,0.0,0.0,67.0,70.0,72.0,71.0,65.0,46.0,64.0,65.0,71.0,0.0,0,0.0,0.0,0.0,0.0,60.0
0,0.0,0.0,0.0,0.0,0.0,65.0,87.0,86.0,82.0,59.0,50.0,61.0,80.0,62.0,0.0,0,0.0,0.0,0.0,0.0,70.0
0,0.0,0.0,0.0,0.0,0.0,63.0,87.0,87.0,87.0,54.0,55.0,65.0,65.0,55.0,0.0,0,0.0,0.0,0.0,0.0,59.0
0,0.0,0.0,0.0,0.0,0.0,85.0,61.0,72.0,53.0,75.0,72.0,54.0,55.0,60.0,0.0,0,0.0,0.0,0.0,0.0,48.0
0,0.0,0.0,52.0,0.0,0.0,85.0,85.0,87.0,83.0,72.0,85.0,80.0,85.0,84.0,0.0,0,0.0,0.0,0.0,0.0,79.0
0,0.0,0.0,9.0,0.0,0.0,83.0,86.0,87.0,84.0,66.0,62.0,66.0,78.0,80.0,0.0,0,0.0,0.0,0.0,0.0,70.0
0,0.0,0.0,81.0,2.0,6.0,82.0,80.0,85.0,74.0,76.0,92.0,55.0,90.0,92.0,0.0,0,0.0,0.0,0.0,0.0,45.0
0,0.0,0.0,0.0,0.0,0.0,68.0,86.0,87.0,75.0,60.0,62.0,64.0,68.0,75.0,0.0,0,0.0,0.0,0.0,0.0,65.0
0,0.0,0.0,129.0,3.0,5.0,98.0,95.0,99.0,96.0,71.0,85.0,87.0,87.0,92.0,0.0,0,0.0,0.0,0.0,0.0,73.0
0,0.0,0.0,14.0,2.0,4.0,92.0,55.0,53.0,49.0,77.0,90.0,54.0,70.0,68.0,0.0,0,0.0,0.0,0.0,0.0,52.0
0,0.0,0.0,55.0,1.0,2.0,69.0,91.0,93.0,82.0,66.0,54.0,55.0,74.0,68.0,0.0,0,0.0,0.0,0.0,0.0,66.0
0,0.0,0.0,12.0,0.0,0.0,68.0,85.0,80.0,80.0,64.0,65.0,64.0,70.0,67.0,0.0,0,0.0,0.0,0.0,0.0,68.0
0,0.0,0.0,1.0,0.0,0.0,65.0,71.0,80.0,75.0,65.0,53.0,58.0,73.0,77.0,0.0,0,0.0,0.0,0.0,0.0,71.0
0,0.0,0.0,0.0,0.0,0.0,62.0,88.0,89.0,80.0,58.0,46.0,59.0,63.0,64.0,0.0,0,0.0,0.0,0.0,0.0,62.0
0,0.0,0.0,13.0,0.0,1.0,93.0,72.0,74.0,70.0,72.0,78.0,75.0,77.0,72.0,0.0,0,0.0,0.0,0.0,0.0,58.0
0,0.0,0.0,36.0,0.0,0.0,86.0,89.0,93.0,86.0,77.0,79.0,65.0,78.0,92.0,0.0,0,0.0,0.0,0.0,0.0,64.0
0,0.0,0.0,0.0,0.0,0.0,73.0,85.0,87.0,87.0,65.0,59.0,65.0,74.0,78.0,0.0,0,0.0,0.0,0.0,0.0,61.0
0,0.0,0.0,0.0,0.0,0.0,64.0,85.0,87.0,79.0,59.0,60.0,55.0,65.0,66.0,0.0,0,0.0,0.0,0.0,0.0,41.0
0,0.0,0.0,0.0,0.0,0.0,61.0,81.0,87.0,80.0,62.0,42.0,70.0,65.0,63.0,0.0,0,0.0,0.0,0.0,0.0,72.0
0,0.0,0.0,68.0,1.0,3.0,92.0,90.0,98.0,88.0,75.0,87.0,71.0,87.0,92.0,0.0,0,0.0,0.0,0.0,0.0,77.0
0,0.0,0.0,0.0,0.0,1.0,91.0,76.0,78.0,68.0,74.0,75.0,68.0,68.0,67.0,0.0,0,0.0,0.0,0.0,0.0,54.0
0,0.0,0.0,8.0,0.0,0.0,79.0,71.0,83.0,66.0,66.0,56.0,68.0,75.0,73.0,0.0,0,0.0,0.0,0.0,0.0,59.0
0,0.0,0.0,27.0,0.0,0.0,79.0,91.0,94.0,89.0,68.0,70.0,76.0,74.0,73.0,0.0,0,0.0,0.0,0.0,0.0,67.0
0,0.0,0.0,0.0,0.0,0.0,71.0,85.0,86.0,81.0,66.0,64.0,60.0,73.0,76.0,0.0,0,0.0,0.0,0.0,0.0,71.0
0,0.0,0.0,132.0,3.0,7.0,93.0,94.0,94.0,95.0,67.0,96.0,83.0,85.0,82.0,0.0,0,0.0,0.0,0.0,0.0,82.0
0,0.0,0.0,75.0,0.0,3.0,80.0,88.0,87.0,85.0,73.0,60.0,75.0,81.0,84.0,0.0,0,0.0,0.0,0.0,0.0,74.0
0,0.0,0.0,9.0,0.0,0.0,78.0,89.0,90.0,86.0,68.0,70.0,65.0,74.0,82.0,0.0,0,0.0,0.0,0.0,0.0,75.0
0,0.0,0.0,0.0,0.0,0.0,77.0,70.0,72.0,65.0,70.0,65.0,66.0,68.0,65.0,0.0,0,0.0,0.0,0.0,0.0,52.0
0,0.0,0.0,0.0,0.0,0.0,69.0,87.0,87.0,84.0,65.0,62.0,63.0,66.0,68.0,0.0,0,0.0,0.0,0.0,0.0,68.0
0,0.0,0.0,49.0,3.0,6.0,93.0,82.0,90.0,74.0,81.0,91.0,65.0,74.0,95.0,0.0,0,0.0,0.0,0.0,0.0,60.0
0,0.0,0.0,71.0,0.0,1.0,87.0,88.0,92.0,88.0,68.0,86.0,80.0,84.0,83.0,0.0,0,0.0,0.0,0.0,0.0,77.0
0,0.0,0.0,50.0,0.0,0.0,82.0,87.0,89.0,85.0,70.0,78.0,76.0,77.0,81.0,0.0,0,0.0,0.0,0.0,0.0,79.0
0,0.0,0.0,0.0,0.0,0.0,78.0,61.0,72.0,55.0,69.0,71.0,68.0,72.0,68.0,0.0,0,0.0,0.0,0.0,0.0,56.0
0,0.0,0.0,0.0,0.0,0.0,78.0,90.0,89.0,86.0,65.0,74.0,77.0,74.0,72.0,0.0,0,0.0,0.0,0.0,0.0,68.0
0,0.0,0.0,0.0,0.0,0.0,72.0,85.0,85.0,82.0,65.0,65.0,62.0,70.0,80.0,0.0,0,0.0,0.0,0.0,0.0,60.0
0,0.0,0.0,76.0,1.0,4.0,85.0,85.0,87.0,82.0,75.0,90.0,66.0,86.0,88.0,0.0,0,0.0,0.0,0.0,0.0,79.0
0,0.0,0.0,14.0,0.0,0.0,82.0,87.0,89.0,80.0,70.0,67.0,67.0,74.0,78.0,0.0,0,0.0,0.0,0.0,0.0,68.0
0,0.0,0.0,3.0,0.0,0.0,80.0,89.0,90.0,85.0,73.0,65.0,60.0,83.0,84.0,0.0,0,0.0,0.0,0.0,0.0,70.0
0,0.0,0.0,24.0,0.0,0.0,80.0,89.0,90.0,85.0,73.0,65.0,60.0,83.0,84.0,0.0,0,0.0,0.0,0.0,0.0,70.0
0,0.0,0.0,0.0,0.0,0.0,63.0,84.0,86.0,74.0,60.0,54.0,50.0,67.0,73.0,0.0,0,0.0,0.0,0.0,0.0,62.0
0,0.0,0.0,0.0,0.0,0.0,63.0,84.0,86.0,74.0,60.0,54.0,50.0,67.0,73.0,0.0,0,0.0,0.0,0.0,0.0,62.0
0,0.0,0.0,72.0,0.0,2.0,95.0,97.0,99.0,96.0,68.0,87.0,70.0,87.0,88.0,0.0,0,0.0,0.0,0.0,0.0,79.0
0,0.0,0.0,9.0,0.0,0.0,86.0,85.0,87.0,82.0,76.0,70.0,55.0,82.0,86.0,0.0,0,0.0,0.0,0.0,0.0,52.0
0,0.0,0.0,31.0,0.0,0.0,76.0,87.0,89.0,83.0,69.0,67.0,66.0,75.0,81.0,0.0,0,0.0,0.0,0.0,0.0,64.0
0,0.0,0.0,10.0,0.0,0.0,70.0,92.0,94.0,90.0,58.0,59.0,62.0,77.0,54.0,0.0,0,0.0,0.0,0.0,0.0,72.0
0,0.0,0.0,0.0,0.0,0.0,69.0,87.0,87.0,88.0,65.0,65.0,68.0,67.0,60.0,0.0,0,0.0,0.0,0.0,0.0,72.0
0,0.0,0.0,0.0,0.0,0.0,69.0,87.0,87.0,88.0,65.0,65.0,68.0,67.0,60.0,0.0,0,0.0,0.0,0.0,0.0,72.0
0,0.0,0.0,34.0,0.0,0.0,69.0,87.0,87.0,88.0,65.0,65.0,68.0,67.0,60.0,0.0,0,0.0,0.0,0.0,0.0,72.0
0,0.0,0.0,0.0,0.0,0.0,58.0,95.0,94.0,84.0,50.0,42.0,50.0,60.0,52.0,0.0,0,0.0,0.0,0.0,0.0,64.0
0,0.0,0.0,0.0,0.0,0.0,88.0,67.0,69.0,68.0,78.0,72.0,64.0,60.0,60.0,0.0,0,0.0,0.0,0.0,0.0,54.0
0,0.0,0.0,0.0,0.0,0.0,81.0,86.0,87.0,85.0,73.0,74.0,65.0,84.0,85.0,0.0,0,0.0,0.0,0.0,0.0,69.0
0,0.0,0.0,0.0,0.0,0.0,77.0,75.0,70.0,65.0,65.0,60.0,62.0,72.0,74.0,0.0,0,0.0,0.0,0.0,0.0,61.0
0,0.0,0.0,12.0,0.0,0.0,77.0,92.0,94.0,89.0,62.0,61.0,67.0,73.0,75.0,0.0,0,0.0,0.0,0.0,0.0,68.0
0,0.0,0.0,0.0,0.0,0.0,75.0,83.0,85.0,75.0,76.0,72.0,55.0,82.0,84.0,0.0,0,0.0,0.0,0.0,0.0,50.0
0,0.0,0.0,3.0,0.0,0.0,68.0,88.0,89.0,91.0,60.0,60.0,58.0,62.0,66.0,0.0,0,0.0,0.0,0.0,0.0,64.0
0,0.0,0.0,96.0,0.0,3.0,89.0,95.0,96.0,96.0,59.0,88.0,79.0,88.0,71.0,0.0,0,0.0,0.0,0.0,0.0,74.0
0,0.0,0.0,22.0,0.0,0.0,85.0,86.0,89.0,82.0,78.0,78.0,60.0,88.0,93.0,0.0,0,0.0,0.0,0.0,0.0,59.0
0,0.0,0.0,11.0,0.0,0.0,84.0,83.0,85.0,80.0,69.0,60.0,70.0,77.0,80.0,0.0,0,0.0,0.0,0.0,0.0,66.0
0,0.0,0.0,6.0,0.0,0.0,77.0,56.0,54.0,51.0,66.0,69.0,62.0,64.0,62.0,0.0,0,0.0,0.0,0.0,0.0,54.0
0,0.0,0.0,0.0,0.0,0.0,70.0,93.0,93.0,89.0,60.0,45.0,60.0,67.0,70.0,0.0,0,0.0,0.0,0.0,0.0,69.0
0,0.0,0.0,0.0,0.0,0.0,64.0,85.0,87.0,80.0,62.0,50.0,70.0,65.0,63.0,0.0,0,0.0,0.0,0.0,0.0,72.0
0,0.0,0.0,69.0,1.0,1.0,94.0,89.0,95.0,88.0,83.0,88.0,68.0,84.0,99.0,0.0,0,0.0,0.0,0.0,0.0,81.0
0,0.0,0.0,0.0,0.0,0.0,85.0,65.0,66.0,54.0,75.0,68.0,54.0,64.0,66.0,0.0,0,0.0,0.0,0.0,0.0,68.0
0,0.0,0.0,41.0,0.0,0.0,84.0,87.0,89.0,86.0,74.0,78.0,70.0,85.0,86.0,0.0,0,0.0,0.0,0.0,0.0,64.0
0,0.0,0.0,6.0,0.0,1.0,78.0,63.0,60.0,55.0,70.0,64.0,66.0,67.0,67.0,0.0,0,0.0,0.0,0.0,0.0,56.0
0,0.0,0.0,6.0,0.0,0.0,73.0,84.0,86.0,80.0,74.0,59.0,55.0,78.0,85.0,0.0,0,0.0,0.0,0.0,0.0,61.0
0,0.0,0.0,0.0,0.0,0.0,69.0,92.0,92.0,83.0,54.0,54.0,60.0,72.0,68.0,0.0,0,0.0,0.0,0.0,0.0,72.0
0,0.0,0.0,56.0,0.0,2.0,91.0,92.0,95.0,91.0,76.0,79.0,68.0,87.0,92.0,0.0,0,0.0,0.0,0.0,0.0,65.0
0,0.0,0.0,41.0,0.0,1.0,87.0,88.0,91.0,85.0,76.0,86.0,67.0,77.0,92.0,0.0,0,0.0,0.0,0.0,0.0,74.0
0,0.0,0.0,6.0,0.0,0.0,76.0,62.0,64.0,57.0,75.0,68.0,57.0,71.0,71.0,0.0,0,0.0,0.0,0.0,0.0,56.0
0,0.0,0.0,0.0,0.0,0.0,71.0,88.0,90.0,88.0,52.0,64.0,73.0,69.0,63.0,0.0,0,0.0,0.0,0.0,0.0,52.0
0,0.0,0.0,0.0,0.0,0.0,70.0,86.0,85.0,84.0,67.0,57.0,59.0,66.0,75.0,0.0,0,0.0,0.0,0.0,0.0,59.0
0,0.0,0.0,0.0,0.0,0.0,69.0,85.0,85.0,83.0,68.0,52.0,65.0,71.0,72.0,0.0,0,0.0,0.0,0.0,0.0,62.0
0,0.0,0.0,56.0,0.0,3.0,85.0,84.0,88.0,80.0,75.0,88.0,64.0,88.0,90.0,0.0,0,0.0,0.0,0.0,0.0,83.0
0,0.0,0.0,32.0,0.0,0.0,84.0,90.0,91.0,90.0,73.0,79.0,70.0,74.0,84.0,0.0,0,0.0,0.0,0.0,0.0,75.0
0,0.0,0.0,0.0,0.0,0.0,81.0,75.0,79.0,73.0,70.0,68.0,65.0,76.0,78.0,0.0,0,0.0,0.0,0.0,0.0,68.0
0,0.0,0.0,0.0,0.0,0.0,80.0,87.0,88.0,84.0,74.0,72.0,56.0,82.0,85.0,0.0,0,0.0,0.0,0.0,0.0,69.0
0,0.0,0.0,0.0,0.0,0.0,75.0,87.0,90.0,84.0,73.0,54.0,61.0,77.0,84.0,0.0,0,0.0,0.0,0.0,0.0,72.0
0,0.0,0.0,0.0,0.0,0.0,70.0,91.0,90.0,81.0,60.0,52.0,55.0,72.0,75.0,0.0,0,0.0,0.0,0.0,0.0,68.0
0,0.0,0.0,0.0,0.0,0.0,85.0,65.0,70.0,66.0,70.0,75.0,66.0,68.0,65.0,0.0,0,0.0,0.0,0.0,0.0,56.0
0,0.0,0.0,62.0,0.0,1.0,85.0,89.0,93.0,88.0,72.0,80.0,70.0,84.0,83.0,0.0,0,0.0,0.0,0.0,0.0,79.0
0,0.0,0.0,36.0,0.0,0.0,83.0,88.0,90.0,87.0,74.0,66.0,65.0,85.0,86.0,0.0,0,0.0,0.0,0.0,0.0,74.0
0,0.0,0.0,0.0,0.0,0.0,77.0,72.0,70.0,55.0,72.0,62.0,67.0,64.0,69.0,0.0,0,0.0,0.0,0.0,0.0,40.0
0,0.0,0.0,11.0,0.0,0.0,70.0,85.0,84.0,84.0,67.0,55.0,59.0,70.0,80.0,0.0,0,0.0,0.0,0.0,0.0,69.0
0,0.0,0.0,101.0,4.0,7.0,70.0,85.0,84.0,84.0,67.0,55.0,59.0,70.0,80.0,0.0,0,0.0,0.0,0.0,0.0,69.0
0,0.0,0.0,46.0,0.0,1.0,90.0,88.0,92.0,85.0,78.0,85.0,67.0,91.0,94.0,0.0,0,0.0,0.0,0.0,0.0,73.0
0,0.0,0.0,4.0,0.0,0.0,84.0,68.0,72.0,66.0,72.0,65.0,68.0,65.0,70.0,0.0,0,0.0,0.0,0.0,0.0,55.0
0,0.0,0.0,9.0,0.0,0.0,78.0,88.0,89.0,83.0,70.0,64.0,71.0,74.0,83.0,0.0,0,0.0,0.0,0.0,0.0,67.0
0,0.0,0.0,0.0,0.0,0.0,70.0,86.0,87.0,83.0,65.0,64.0,65.0,70.0,70.0,0.0,0,0.0,0.0,0.0,0.0,67.0
0,0.0,0.0,27.0,0.0,0.0,86.0,86.0,90.0,86.0,78.0,86.0,68.0,82.0,87.0,0.0,0,0.0,0.0,0.0,0.0,75.0
0,0.0,0.0,3.0,0.0,0.0,83.0,62.0,67.0,56.0,75.0,70.0,56.0,62.0,65.0,0.0,0,0.0,0.0,0.0,0.0,49.0
0,0.0,0.0,8.0,0.0,0.0,82.0,91.0,93.0,88.0,68.0,75.0,62.0,80.0,80.0,0.0,0,0.0,0.0,0.0,0.0,72.0
0,0.0,0.0,14.0,0.0,0.0,79.0,89.0,87.0,87.0,70.0,64.0,65.0,81.0,83.0,0.0,0,0.0,0.0,0.0,0.0,65.0
0,0.0,0.0,1.0,0.0,0.0,70.0,88.0,86.0,84.0,66.0,55.0,64.0,69.0,72.0,0.0,0,0.0,0.0,0.0,0.0,67.0
0,0.0,0.0,38.0,0.0,0.0,86.0,91.0,93.0,92.0,70.0,76.0,70.0,81.0,84.0,0.0,0,0.0,0.0,0.0,0.0,69.0
0,0.0,0.0,27.0,0.0,0.0,80.0,84.0,86.0,80.0,75.0,78.0,65.0,83.0,87.0,0.0,0,0.0,0.0,0.0,0.0,72.0
0,0.0,0.0,0.0,0.0,0.0,75.0,65.0,66.0,62.0,72.0,58.0,58.0,73.0,71.0,0.0,0,0.0,0.0,0.0,0.0,56.0
0,0.0,0.0,0.0,0.0,0.0,73.0,87.0,87.0,87.0,67.0,51.0,64.0,77.0,76.0,0.0,0,0.0,0.0,0.0,0.0,68.0
0,0.0,0.0,22.0,0.0,0.0,84.0,96.0,97.0,92.0,68.0,74.0,66.0,75.0,77.0,0.0,0,0.0,0.0,0.0,0.0,71.0
0,0.0,0.0,0.0,0.0,0.0,81.0,85.0,87.0,79.0,76.0,74.0,65.0,85.0,88.0,0.0,0,0.0,0.0,0.0,0.0,69.0
0,0.0,0.0,37.0,0.0,0.0,81.0,85.0,87.0,79.0,76.0,74.0,65.0,85.0,88.0,0.0,0,0.0,0.0,0.0,0.0,69.0
0,0.0,0.0,6.0,0.0,0.0,79.0,92.0,95.0,94.0,58.0,73.0,71.0,73.0,71.0,0.0,0,0.0,0.0,0.0,0.0,65.0
0,0.0,0.0,4.0,0.0,0.0,74.0,72.0,78.0,69.0,67.0,58.0,66.0,67.0,70.0,0.0,0,0.0,0.0,0.0,0.0,65.0
0,0.0,0.0,23.0,0.0,0.0,74.0,81.0,83.0,76.0,74.0,66.0,52.0,87.0,87.0,0.0,0,0.0,0.0,0.0,0.0,62.0
0,0.0,0.0,0.0,0.0,0.0,73.0,84.0,88.0,85.0,70.0,45.0,62.0,80.0,82.0,0.0,0,0.0,0.0,0.0,0.0,64.0
0,0.0,0.0,13.0,0.0,0.0,89.0,70.0,74.0,60.0,76.0,75.0,74.0,77.0,82.0,0.0,0,0.0,0.0,0.0,0.0,58.0
0,0.0,0.0,27.0,0.0,0.0,87.0,93.0,94.0,93.0,71.0,78.0,67.0,79.0,84.0,0.0,0,0.0,0.0,0.0,0.0,75.0
0,0.0,0.0,21.0,0.0,0.0,74.0,89.0,87.0,78.0,64.0,64.0,69.0,73.0,78.0,0.0,0,0.0,0.0,0.0,0.0,62.0
0,0.0,0.0,8.0,0.0,0.0,74.0,86.0,87.0,85.0,66.0,67.0,65.0,75.0,75.0,0.0,0,0.0,0.0,0.0,0.0,66.0
0,0.0,0.0,0.0,0.0,0.0,73.0,87.0,86.0,85.0,64.0,72.0,77.0,71.0,68.0,0.0,0,0.0,0.0,0.0,0.0,68.0
0,0.0,0.0,39.0,0.0,0.0,81.0,84.0,84.0,77.0,78.0,85.0,52.0,85.0,93.0,0.0,0,0.0,0.0,0.0,0.0,76.0
0,0.0,0.0,71.0,0.0,2.0,81.0,84.0,85.0,83.0,67.0,86.0,66.0,84.0,82.0,0.0,0,0.0,0.0,0.0,0.0,44.0
0,0.0,0.0,14.0,0.0,0.0,80.0,62.0,65.0,62.0,72.0,70.0,70.0,64.0,71.0,0.0,0,0.0,0.0,0.0,0.0,59.0
0,0.0,0.0,76.0,1.0,4.0,80.0,85.0,85.0,79.0,73.0,90.0,66.0,86.0,76.0,0.0,0,0.0,0.0,0.0,0.0,74.0
0,0.0,0.0,22.0,0.0,0.0,78.0,89.0,91.0,89.0,66.0,72.0,67.0,74.0,74.0,0.0,0,0.0,0.0,0.0,0.0,68.0
0,0.0,0.0,54.0,0.0,1.0,77.0,83.0,86.0,75.0,66.0,84.0,67.0,80.0,81.0,0.0,0,0.0,0.0,0.0,0.0,76.0
0,0.0,0.0,29.0,0.0,1.0,76.0,84.0,84.0,82.0,66.0,82.0,82.0,71.0,71.0,0.0,0,0.0,0.0,0.0,0.0,58.0
0,0.0,0.0,11.0,0.0,0.0,76.0,97.0,97.0,86.0,60.0,71.0,63.0,76.0,65.0,0.0,0,0.0,0.0,0.0,0.0,81.0
0,0.0,0.0,0.0,0.0,0.0,75.0,60.0,69.0,61.0,66.0,62.0,63.0,65.0,68.0,0.0,0,0.0,0.0,0.0,0.0,39.0
0,0.0,0.0,0.0,0.0,0.0,75.0,87.0,88.0,86.0,64.0,72.0,63.0,76.0,74.0,0.0,0,0.0,0.0,0.0,0.0,80.0
0,0.0,0.0,0.0,0.0,0.0,75.0,87.0,88.0,86.0,64.0,72.0,63.0,76.0,74.0,0.0,0,0.0,0.0,0.0,0.0,80.0
0,0.0,0.0,9.0,0.0,0.0,75.0,87.0,88.0,86.0,64.0,72.0,63.0,76.0,74.0,0.0,0,0.0,0.0,0.0,0.0,80.0
0,0.0,0.0,16.0,0.0,0.0,74.0,83.0,81.0,80.0,66.0,74.0,62.0,78.0,78.0,0.0,0,0.0,0.0,0.0,0.0,78.0
0,0.0,0.0,13.0,0.0,0.0,73.0,64.0,67.0,60.0,64.0,70.0,64.0,70.0,68.0,0.0,0,0.0,0.0,0.0,0.0,63.0
0,0.0,0.0,0.0,0.0,0.0,72.0,85.0,85.0,82.0,65.0,65.0,62.0,70.0,80.0,0.0,0,0.0,0.0,0.0,0.0,60.0
0,0.0,0.0,33.0,0.0,0.0,72.0,80.0,82.0,80.0,68.0,76.0,63.0,75.0,77.0,0.0,0,0.0,0.0,0.0,0.0,67.0
0,0.0,0.0,0.0,0.0,0.0,72.0,88.0,91.0,87.0,60.0,67.0,74.0,72.0,65.0,0.0,0,0.0,0.0,0.0,0.0,60.0
0,0.0,0.0,77.0,1.0,1.0,72.0,88.0,91.0,87.0,60.0,67.0,74.0,72.0,65.0,0.0,0,0.0,0.0,0.0,0.0,60.0
0,0.0,0.0,10.0,0.0,0.0,70.0,92.0,94.0,90.0,58.0,59.0,62.0,77.0,54.0,0.0,0,0.0,0.0,0.0,0.0,72.0
0,0.0,0.0,1.0,0.0,0.0,70.0,88.0,86.0,84.0,66.0,55.0,64.0,69.0,72.0,0.0,0,0.0,0.0,0.0,0.0,67.0
0,0.0,0.0,2.0,0.0,0.0,70.0,85.0,87.0,84.0,65.0,65.0,64.0,72.0,70.0,0.0,0,0.0,0.0,0.0,0.0,64.0
0,0.0,0.0,0.0,0.0,0.0,68.0,62.0,69.0,54.0,66.0,53.0,64.0,61.0,61.0,0.0,0,0.0,0.0,0.0,0.0,52.0
0,0.0,0.0,12.0,0.0,0.0,68.0,85.0,80.0,80.0,64.0,65.0,64.0,70.0,67.0,0.0,0,0.0,0.0,0.0,0.0,68.0
0,0.0,0.0,0.0,0.0,0.0,68.0,86.0,87.0,75.0,60.0,62.0,64.0,68.0,75.0,0.0,0,0.0,0.0,0.0,0.0,65.0
0,0.0,0.0,0.0,0.0,0.0,67.0,92.0,93.0,82.0,61.0,57.0,56.0,63.0,66.0,0.0,0,0.0,0.0,0.0,0.0,77.0
0,0.0,0.0,2.0,0.0,0.0,66.0,85.0,85.0,83.0,62.0,58.0,64.0,64.0,69.0,0.0,0,0.0,0.0,0.0,0.0,78.0
0,0.0,0.0,0.0,0.0,0.0,66.0,86.0,87.0,84.0,65.0,52.0,59.0,70.0,67.0,0.0,0,0.0,0.0,0.0,0.0,55.0
0,0.0,0.0,0.0,0.0,0.0,65.0,86.0,85.0,83.0,64.0,60.0,60.0,62.0,66.0,0.0,0,0.0,0.0,0.0,0.0,53.0
0,0.0,0.0,0.0,0.0,0.0,62.0,87.0,84.0,79.0,59.0,45.0,59.0,80.0,62.0,0.0,0,0.0,0.0,0.0,0.0,70.0
0,0.0,0.0,9.0,0.0,0.0,60.0,80.0,83.0,78.0,59.0,60.0,66.0,68.0,62.0,0.0,0,0.0,0.0,0.0,0.0,74.0
0,0.0,0.0,83.0,0.0,4.0,92.0,96.0,96.0,90.0,76.0,91.0,77.0,75.0,88.0,0.0,0,0.0,0.0,0.0,0.0,70.0
0,0.0,0.0,23.0,1.0,1.0,88.0,62.0,63.0,58.0,71.0,83.0,65.0,75.0,71.0,0.0,0,0.0,0.0,0.0,0.0,55.0
0,0.0,0.0,3.0,0.0,0.0,85.0,75.0,77.0,70.0,70.0,69.0,62.0,70.0,76.0,0.0,0,0.0,0.0,0.0,0.0,42.0
0,0.0,0.0,18.0,0.0,0.0,82.0,86.0,88.0,83.0,78.0,72.0,71.0,76.0,89.0,0.0,0,0.0,0.0,0.0,0.0,51.0
0,0.0,0.0,0.0,0.0,0.0,80.0,87.0,89.0,88.0,69.0,72.0,76.0,76.0,78.0,0.0,0,0.0,0.0,0.0,0.0,73.0
0,0.0,0.0,0.0,0.0,0.0,88.0,91.0,93.0,92.0,67.0,80.0,77.0,85.0,84.0,0.0,0,0.0,0.0,0.0,0.0,71.0
0,0.0,0.0,8.0,0.0,0.0,75.0,90.0,93.0,91.0,64.0,52.0,66.0,77.0,73.0,0.0,0,0.0,0.0,0.0,0.0,75.0
0,0.0,0.0,11.0,0.0,0.0,75.0,86.0,86.0,81.0,70.0,70.0,64.0,73.0,82.0,0.0,0,0.0,0.0,0.0,0.0,61.0
0,0.0,0.0,1.0,0.0,0.0,74.0,72.0,82.0,71.0,69.0,55.0,64.0,72.0,74.0,0.0,0,0.0,0.0,0.0,0.0,64.0
0,0.0,0.0,0.0,0.0,0.0,74.0,90.0,91.0,87.0,65.0,63.0,65.0,73.0,72.0,0.0,0,0.0,0.0,0.0,0.0,59.0
0,0.0,0.0,113.0,1.0,4.0,96.0,92.0,94.0,91.0,74.0,90.0,78.0,91.0,93.0,0.0,0,0.0,0.0,0.0,0.0,83.0
0,0.0,0.0,0.0,0.0,0.0,82.0,88.0,92.0,89.0,69.0,75.0,72.0,81.0,81.0,0.0,0,0.0,0.0,0.0,0.0,72.0
0,0.0,0.0,0.0,0.0,0.0,73.0,87.0,85.0,86.0,68.0,75.0,65.0,65.0,74.0,0.0,0,0.0,0.0,0.0,0.0,69.0
0,0.0,0.0,2.0,0.0,0.0,69.0,92.0,95.0,90.0,58.0,47.0,54.0,70.0,65.0,0.0,0,0.0,0.0,0.0,0.0,65.0
0,0.0,0.0,29.0,0.0,0.0,69.0,92.0,95.0,90.0,58.0,47.0,54.0,70.0,65.0,0.0,0,0.0,0.0,0.0,0.0,65.0
0,0.0,0.0,0.0,0.0,0.0,69.0,92.0,95.0,90.0,58.0,47.0,54.0,70.0,65.0,0.0,0,0.0,0.0,0.0,0.0,65.0
0,0.0,0.0,31.0,0.0,0.0,69.0,92.0,95.0,90.0,58.0,47.0,54.0,70.0,65.0,0.0,0,0.0,0.0,0.0,0.0,65.0
0,0.0,0.0,0.0,0.0,0.0,67.0,66.0,72.0,50.0,72.0,51.0,50.0,52.0,62.0,0.0,0,0.0,0.0,0.0,0.0,48.0
0,0.0,0.0,0.0,0.0,0.0,90.0,92.0,94.0,90.0,72.0,88.0,67.0,87.0,88.0,0.0,0,0.0,0.0,0.0,0.0,85.0
0,0.0,0.0,88.0,0.0,1.0,90.0,92.0,94.0,90.0,72.0,88.0,67.0,87.0,88.0,0.0,0,0.0,0.0,0.0,0.0,85.0
0,0.0,0.0,0.0,0.0,0.0,77.0,77.0,83.0,75.0,77.0,66.0,55.0,78.0,90.0,0.0,0,0.0,0.0,0.0,0.0,52.0
0,0.0,0.0,5.0,0.0,0.0,75.0,87.0,89.0,85.0,68.0,62.0,66.0,72.0,82.0,0.0,0,0.0,0.0,0.0,0.0,70.0
0,0.0,0.0,3.0,0.0,0.0,74.0,85.0,88.0,81.0,75.0,55.0,53.0,78.0,88.0,0.0,0,0.0,0.0,0.0,0.0,64.0
0,0.0,0.0,16.0,0.0,0.0,74.0,85.0,88.0,81.0,75.0,55.0,53.0,78.0,88.0,0.0,0,0.0,0.0,0.0,0.0,64.0
0,0.0,0.0,9.0,0.0,0.0,74.0,85.0,88.0,81.0,75.0,55.0,53.0,78.0,88.0,0.0,0,0.0,0.0,0.0,0.0,64.0
0,0.0,0.0,3.0,0.0,0.0,74.0,85.0,88.0,81.0,75.0,55.0,53.0,78.0,88.0,0.0,0,0.0,0.0,0.0,0.0,64.0
0,0.0,0.0,0.0,0.0,0.0,73.0,87.0,90.0,90.0,55.0,59.0,79.0,72.0,65.0,0.0,0,0.0,0.0,0.0,0.0,74.0
0,0.0,0.0,5.0,0.0,0.0,73.0,87.0,90.0,90.0,55.0,59.0,79.0,72.0,65.0,0.0,0,0.0,0.0,0.0,0.0,74.0
0,0.0,0.0,0.0,0.0,0.0,67.0,89.0,91.0,85.0,50.0,59.0,60.0,62.0,67.0,0.0,0,0.0,0.0,0.0,0.0,73.0
0,0.0,0.0,0.0,0.0,1.0,97.0,77.0,85.0,72.0,70.0,73.0,72.0,78.0,78.0,0.0,0,0.0,0.0,0.0,0.0,70.0
0,0.0,0.0,0.0,0.0,0.0,95.0,92.0,95.0,92.0,71.0,95.0,79.0,96.0,85.0,0.0,0,0.0,0.0,0.0,0.0,70.0
0,0.0,0.0,51.0,1.0,2.0,85.0,90.0,92.0,86.0,76.0,74.0,66.0,85.0,88.0,0.0,0,0.0,0.0,0.0,0.0,71.0
0,0.0,0.0,14.0,0.0,0.0,82.0,87.0,89.0,80.0,70.0,67.0,67.0,74.0,78.0,0.0,0,0.0,0.0,0.0,0.0,68.0
0,0.0,0.0,0.0,0.0,0.0,63.0,84.0,88.0,75.0,64.0,57.0,55.0,64.0,66.0,0.0,0,0.0,0.0,0.0,0.0,67.0
0,0.0,0.0,41.0,0.0,1.0,84.0,93.0,92.0,88.0,74.0,64.0,75.0,82.0,82.0,0.0,0,0.0,0.0,0.0,0.0,77.0
0,0.0,0.0,8.0,0.0,0.0,79.0,71.0,83.0,66.0,66.0,56.0,68.0,75.0,73.0,0.0,0,0.0,0.0,0.0,0.0,59.0
0,0.0,0.0,9.0,0.0,0.0,78.0,89.0,90.0,84.0,66.0,70.0,72.0,74.0,80.0,0.0,0,0.0,0.0,0.0,0.0,75.0
0,0.0,0.0,27.0,0.0,0.0,77.0,85.0,86.0,82.0,69.0,65.0,70.0,76.0,83.0,0.0,0,0.0,0.0,0.0,0.0,76.0
0,0.0,0.0,10.0,0.0,0.0,77.0,88.0,90.0,89.0,58.0,75.0,74.0,74.0,70.0,0.0,0,0.0,0.0,0.0,0.0,74.0
0,0.0,0.0,14.0,0.0,0.0,92.0,74.0,75.0,69.0,73.0,72.0,74.0,68.0,66.0,0.0,0,0.0,0.0,0.0,0.0,59.0
0,0.0,0.0,34.0,0.0,1.0,82.0,97.0,97.0,88.0,61.0,82.0,64.0,78.0,72.0,0.0,0,0.0,0.0,0.0,0.0,73.0
0,0.0,0.0,0.0,0.0,0.0,82.0,97.0,97.0,88.0,61.0,82.0,64.0,78.0,72.0,0.0,0,0.0,0.0,0.0,0.0,73.0
0,0.0,0.0,1.0,0.0,0.0,82.0,97.0,97.0,88.0,61.0,82.0,64.0,78.0,72.0,0.0,0,0.0,0.0,0.0,0.0,73.0
0,0.0,0.0,0.0,0.0,0.0,82.0,97.0,97.0,88.0,61.0,82.0,64.0,78.0,72.0,0.0,0,0.0,0.0,0.0,0.0,73.0
0,0.0,0.0,29.0,0.0,0.0,82.0,85.0,86.0,80.0,75.0,79.0,65.0,85.0,85.0,0.0,0,0.0,0.0,0.0,0.0,65.0
0,0.0,0.0,29.0,0.0,0.0,78.0,88.0,90.0,88.0,60.0,68.0,76.0,76.0,72.0,0.0,0,0.0,0.0,0.0,0.0,65.0
0,0.0,0.0,1.0,0.0,0.0,74.0,88.0,92.0,88.0,68.0,50.0,71.0,74.0,77.0,0.0,0,0.0,0.0,0.0,0.0,70.0
0,0.0,0.0,74.0,0.0,4.0,93.0,90.0,94.0,88.0,78.0,90.0,65.0,92.0,93.0,0.0,0,0.0,0.0,0.0,0.0,82.0
0,0.0,0.0,56.0,0.0,0.0,82.0,90.0,90.0,90.0,62.0,84.0,80.0,78.0,72.0,0.0,0,0.0,0.0,0.0,0.0,72.0
0,0.0,0.0,10.0,0.0,0.0,81.0,85.0,86.0,77.0,69.0,63.0,62.0,76.0,74.0,0.0,0,0.0,0.0,0.0,0.0,71.0
0,0.0,0.0,0.0,0.0,0.0,70.0,88.0,85.0,80.0,69.0,44.0,65.0,68.0,80.0,0.0,0,0.0,0.0,0.0,0.0,67.0
0,0.0,0.0,55.0,0.0,2.0,92.0,92.0,95.0,87.0,78.0,87.0,74.0,84.0,92.0,0.0,0,0.0,0.0,0.0,0.0,76.0
0,0.0,0.0,48.0,0.0,0.0,79.0,82.0,85.0,80.0,76.0,85.0,54.0,85.0,85.0,0.0,0,0.0,0.0,0.0,0.0,74.0
0,0.0,0.0,2.0,0.0,0.0,76.0,59.0,63.0,63.0,74.0,60.0,62.0,60.0,66.0,0.0,0,0.0,0.0,0.0,0.0,50.0
0,0.0,0.0,0.0,0.0,0.0,75.0,88.0,90.0,89.0,62.0,70.0,67.0,72.0,71.0,0.0,0,0.0,0.0,0.0,0.0,71.0
0,0.0,0.0,9.0,0.0,1.0,69.0,87.0,85.0,78.0,59.0,68.0,65.0,74.0,65.0,0.0,0,0.0,0.0,0.0,0.0,72.0
0,0.0,0.0,103.0,1.0,3.0,92.0,93.0,94.0,93.0,73.0,92.0,85.0,82.0,80.0,0.0,0,0.0,0.0,0.0,0.0,79.0
0,0.0,0.0,6.0,0.0,0.0,75.0,86.0,87.0,83.0,66.0,72.0,70.0,76.0,74.0,0.0,0,0.0,0.0,0.0,0.0,70.0
0,0.0,0.0,4.0,0.0,0.0,72.0,65.0,64.0,60.0,73.0,70.0,60.0,62.0,60.0,0.0,0,0.0,0.0,0.0,0.0,54.0
0,0.0,0.0,36.0,0.0,0.0,72.0,86.0,85.0,80.0,79.0,47.0,64.0,75.0,85.0,0.0,0,0.0,0.0,0.0,0.0,62.0
0,0.0,0.0,25.0,0.0,0.0,65.0,87.0,88.0,82.0,64.0,43.0,56.0,67.0,72.0,0.0,0,0.0,0.0,0.0,0.0,59.0
0,0.0,0.0,102.0,1.0,5.0,95.0,89.0,92.0,89.0,78.0,97.0,79.0,98.0,88.0,0.0,0,0.0,0.0,0.0,0.0,65.0
0,0.0,0.0,12.0,0.0,0.0,88.0,69.0,74.0,66.0,66.0,74.0,80.0,67.0,64.0,0.0,0,0.0,0.0,0.0,0.0,49.0
0,0.0,0.0,11.0,0.0,0.0,83.0,93.0,93.0,87.0,62.0,82.0,74.0,78.0,79.0,0.0,0,0.0,0.0,0.0,0.0,65.0
0,0.0,0.0,5.0,0.0,0.0,72.0,85.0,88.0,82.0,68.0,56.0,62.0,72.0,78.0,0.0,0,0.0,0.0,0.0,0.0,66.0
0,0.0,0.0,4.0,0.0,0.0,69.0,81.0,77.0,73.0,67.0,55.0,63.0,68.0,66.0,0.0,0,0.0,0.0,0.0,0.0,69.0
0,0.0,0.0,13.0,0.0,0.0,87.0,84.0,85.0,77.0,81.0,74.0,55.0,91.0,92.0,0.0,0,0.0,0.0,0.0,0.0,54.0
0,0.0,0.0,30.0,0.0,0.0,86.0,89.0,91.0,86.0,76.0,77.0,70.0,86.0,89.0,0.0,0,0.0,0.0,0.0,0.0,77.0
0,0.0,0.0,20.0,0.0,0.0,76.0,94.0,93.0,88.0,64.0,65.0,67.0,72.0,67.0,0.0,0,0.0,0.0,0.0,0.0,70.0
0,0.0,0.0,0.0,0.0,0.0,72.0,89.0,91.0,89.0,66.0,42.0,67.0,74.0,74.0,0.0,0,0.0,0.0,0.0,0.0,68.0
0,0.0,0.0,0.0,0.0,0.0,69.0,62.0,68.0,54.0,64.0,55.0,64.0,69.0,71.0,0.0,0,0.0,0.0,0.0,0.0,57.0
0,0.0,0.0,69.0,1.0,2.0,89.0,94.0,98.0,94.0,65.0,79.0,82.0,85.0,77.0,0.0,0,0.0,0.0,0.0,0.0,60.0
0,0.0,0.0,11.0,0.0,0.0,86.0,62.0,70.0,59.0,77.0,75.0,74.0,68.0,69.0,0.0,0,0.0,0.0,0.0,0.0,58.0
0,0.0,0.0,27.0,0.0,0.0,82.0,86.0,88.0,81.0,76.0,77.0,63.0,87.0,87.0,0.0,0,0.0,0.0,0.0,0.0,68.0
0,0.0,0.0,7.0,0.0,0.0,74.0,88.0,92.0,92.0,59.0,55.0,69.0,75.0,67.0,0.0,0,0.0,0.0,0.0,0.0,70.0
0,0.0,0.0,0.0,0.0,0.0,70.0,89.0,90.0,86.0,59.0,58.0,65.0,80.0,62.0,0.0,0,0.0,0.0,0.0,0.0,70.0
0,0.0,0.0,0.0,0.0,0.0,89.0,63.0,72.0,53.0,78.0,80.0,54.0,55.0,60.0,0.0,0,0.0,0.0,0.0,0.0,48.0
0,0.0,0.0,81.0,2.0,6.0,87.0,82.0,85.0,79.0,85.0,95.0,53.0,96.0,95.0,0.0,0,0.0,0.0,0.0,0.0,45.0
0,0.0,0.0,52.0,0.0,0.0,87.0,87.0,87.0,87.0,74.0,87.0,76.0,86.0,84.0,0.0,0,0.0,0.0,0.0,0.0,79.0
0,0.0,0.0,9.0,0.0,0.0,83.0,85.0,87.0,84.0,66.0,60.0,66.0,78.0,80.0,0.0,0,0.0,0.0,0.0,0.0,70.0
0,0.0,0.0,19.0,0.0,0.0,73.0,91.0,89.0,86.0,69.0,54.0,59.0,74.0,76.0,0.0,0,0.0,0.0,0.0,0.0,59.0
0,0.0,0.0,25.0,0.0,0.0,73.0,91.0,89.0,86.0,69.0,54.0,59.0,74.0,76.0,0.0,0,0.0,0.0,0.0,0.0,59.0
0,0.0,0.0,0.0,0.0,0.0,73.0,91.0,89.0,86.0,69.0,54.0,59.0,74.0,76.0,0.0,0,0.0,0.0,0.0,0.0,59.0
0,0.0,0.0,129.0,3.0,5.0,98.0,95.0,97.0,95.0,72.0,90.0,85.0,87.0,93.0,0.0,0,0.0,0.0,0.0,0.0,73.0
0,0.0,0.0,14.0,2.0,4.0,92.0,55.0,53.0,49.0,77.0,90.0,54.0,70.0,68.0,0.0,0,0.0,0.0,0.0,0.0,52.0
0,0.0,0.0,0.0,0.0,0.0,79.0,90.0,90.0,84.0,72.0,65.0,61.0,80.0,86.0,0.0,0,0.0,0.0,0.0,0.0,62.0
0,0.0,0.0,62.0,0.0,3.0,72.0,92.0,95.0,94.0,55.0,58.0,70.0,75.0,55.0,0.0,0,0.0,0.0,0.0,0.0,70.0
0,0.0,0.0,55.0,1.0,2.0,71.0,91.0,93.0,82.0,71.0,55.0,55.0,75.0,72.0,0.0,0,0.0,0.0,0.0,0.0,66.0
0,0.0,0.0,1.0,0.0,0.0,65.0,71.0,80.0,75.0,65.0,53.0,58.0,73.0,77.0,0.0,0,0.0,0.0,0.0,0.0,71.0
0,0.0,0.0,13.0,0.0,1.0,96.0,72.0,74.0,70.0,72.0,90.0,75.0,77.0,72.0,0.0,0,0.0,0.0,0.0,0.0,58.0
0,0.0,0.0,36.0,0.0,0.0,84.0,87.0,93.0,84.0,75.0,79.0,65.0,82.0,87.0,0.0,0,0.0,0.0,0.0,0.0,64.0
0,0.0,0.0,94.0,0.0,5.0,76.0,88.0,89.0,88.0,70.0,50.0,64.0,78.0,81.0,0.0,0,0.0,0.0,0.0,0.0,72.0
0,0.0,0.0,34.0,0.0,0.0,72.0,84.0,86.0,83.0,67.0,78.0,66.0,70.0,66.0,0.0,0,0.0,0.0,0.0,0.0,70.0
0,0.0,0.0,6.0,0.0,0.0,72.0,84.0,86.0,83.0,67.0,78.0,66.0,70.0,66.0,0.0,0,0.0,0.0,0.0,0.0,70.0
0,0.0,0.0,0.0,0.0,0.0,72.0,87.0,89.0,87.0,62.0,68.0,59.0,72.0,68.0,0.0,0,0.0,0.0,0.0,0.0,62.0
0,0.0,0.0,68.0,1.0,3.0,96.0,92.0,98.0,88.0,78.0,92.0,72.0,95.0,94.0,0.0,0,0.0,0.0,0.0,0.0,77.0
0,0.0,0.0,0.0,0.0,1.0,93.0,76.0,78.0,68.0,74.0,75.0,68.0,68.0,67.0,0.0,0,0.0,0.0,0.0,0.0,54.0
0,0.0,0.0,27.0,0.0,0.0,79.0,91.0,94.0,89.0,68.0,70.0,76.0,74.0,73.0,0.0,0,0.0,0.0,0.0,0.0,67.0
0,0.0,0.0,0.0,0.0,0.0,71.0,85.0,86.0,81.0,66.0,64.0,60.0,73.0,76.0,0.0,0,0.0,0.0,0.0,0.0,71.0
0,0.0,0.0,132.0,3.0,7.0,87.0,90.0,91.0,92.0,66.0,95.0,83.0,82.0,74.0,0.0,0,0.0,0.0,0.0,0.0,82.0
0,0.0,0.0,75.0,0.0,3.0,86.0,88.0,87.0,85.0,75.0,75.0,75.0,83.0,90.0,0.0,0,0.0,0.0,0.0,0.0,74.0
0,0.0,0.0,0.0,0.0,0.0,77.0,70.0,72.0,65.0,70.0,65.0,66.0,68.0,65.0,0.0,0,0.0,0.0,0.0,0.0,52.0
0,0.0,0.0,0.0,0.0,0.0,72.0,94.0,95.0,85.0,60.0,65.0,66.0,65.0,66.0,0.0,0,0.0,0.0,0.0,0.0,66.0
0,0.0,0.0,0.0,0.0,0.0,69.0,87.0,87.0,84.0,65.0,62.0,63.0,66.0,68.0,0.0,0,0.0,0.0,0.0,0.0,68.0
0,0.0,0.0,49.0,3.0,6.0,90.0,82.0,90.0,72.0,81.0,91.0,61.0,72.0,91.0,0.0,0,0.0,0.0,0.0,0.0,60.0
0,0.0,0.0,50.0,0.0,0.0,83.0,88.0,90.0,85.0,75.0,78.0,76.0,75.0,84.0,0.0,0,0.0,0.0,0.0,0.0,79.0
0,0.0,0.0,0.0,0.0,0.0,83.0,92.0,95.0,93.0,67.0,63.0,73.0,78.0,80.0,0.0,0,0.0,0.0,0.0,0.0,75.0
0,0.0,0.0,71.0,0.0,1.0,80.0,85.0,86.0,85.0,65.0,85.0,77.0,81.0,75.0,0.0,0,0.0,0.0,0.0,0.0,77.0
0,0.0,0.0,4.0,0.0,0.0,79.0,70.0,85.0,72.0,64.0,62.0,70.0,66.0,58.0,0.0,0,0.0,0.0,0.0,0.0,66.0
0,0.0,0.0,0.0,0.0,0.0,65.0,88.0,89.0,80.0,58.0,50.0,59.0,67.0,68.0,0.0,0,0.0,0.0,0.0,0.0,64.0
0,0.0,0.0,3.0,0.0,0.0,88.0,90.0,94.0,87.0,78.0,78.0,63.0,82.0,93.0,0.0,0,0.0,0.0,0.0,0.0,70.0
0,0.0,0.0,24.0,0.0,0.0,88.0,90.0,94.0,87.0,78.0,78.0,63.0,82.0,93.0,0.0,0,0.0,0.0,0.0,0.0,70.0
0,0.0,0.0,3.0,0.0,0.0,75.0,85.0,84.0,75.0,71.0,54.0,69.0,73.0,75.0,0.0,0,0.0,0.0,0.0,0.0,72.0
0,0.0,0.0,1.0,0.0,0.0,70.0,91.0,93.0,88.0,65.0,49.0,68.0,74.0,60.0,0.0,0,0.0,0.0,0.0,0.0,69.0
0,0.0,0.0,0.0,0.0,0.0,69.0,83.0,84.0,80.0,69.0,62.0,63.0,70.0,72.0,0.0,0,0.0,0.0,0.0,0.0,62.0
0,0.0,0.0,0.0,0.0,0.0,68.0,91.0,92.0,86.0,62.0,48.0,67.0,68.0,63.0,0.0,0,0.0,0.0,0.0,0.0,66.0
0,0.0,0.0,72.0,0.0,2.0,92.0,96.0,98.0,96.0,67.0,85.0,68.0,84.0,86.0,0.0,0,0.0,0.0,0.0,0.0,79.0
0,0.0,0.0,0.0,0.0,0.0,80.0,64.0,69.0,56.0,72.0,62.0,57.0,71.0,66.0,0.0,0,0.0,0.0,0.0,0.0,57.0
0,0.0,0.0,31.0,0.0,0.0,78.0,87.0,87.0,83.0,72.0,70.0,66.0,81.0,83.0,0.0,0,0.0,0.0,0.0,0.0,64.0
0,0.0,0.0,9.0,0.0,0.0,76.0,85.0,87.0,78.0,75.0,68.0,55.0,80.0,83.0,0.0,0,0.0,0.0,0.0,0.0,52.0
0,0.0,0.0,113.0,1.0,4.0,92.0,88.0,85.0,90.0,78.0,88.0,78.0,85.0,0.0,92.0,0,0.0,97.0,80.0,88.0,83.0
0,0.0,0.0,3.0,0.0,0.0,88.0,66.0,67.0,55.0,85.0,78.0,60.0,74.0,0.0,75.0,0,0.0,80.0,35.0,45.0,49.0
0,0.0,0.0,0.0,0.0,0.0,76.0,85.0,85.0,80.0,79.0,82.0,66.0,84.0,0.0,89.0,0,0.0,89.0,50.0,65.0,69.0
0,0.0,0.0,12.0,0.0,0.0,73.0,91.0,92.0,91.0,62.0,62.0,67.0,74.0,0.0,69.0,0,0.0,60.0,79.0,85.0,68.0
0,0.0,0.0,26.0,0.0,0.0,71.0,88.0,85.0,90.0,64.0,52.0,70.0,76.0,0.0,83.0,0,0.0,65.0,65.0,75.0,70.0
0,0.0,0.0,6.0,0.0,1.0,90.0,66.0,74.0,55.0,88.0,79.0,69.0,78.0,0.0,84.0,0,0.0,87.0,35.0,46.0,68.0
0,0.0,0.0,55.0,1.0,2.0,88.0,92.0,95.0,86.0,82.0,85.0,68.0,90.0,0.0,94.0,0,0.0,91.0,65.0,88.0,66.0
0,0.0,0.0,20.0,0.0,0.0,82.0,96.0,97.0,94.0,68.0,74.0,70.0,84.0,0.0,76.0,0,0.0,58.0,82.0,87.0,77.0
0,0.0,0.0,21.0,0.0,0.0,75.0,86.0,82.0,82.0,79.0,66.0,75.0,80.0,0.0,89.0,0,0.0,88.0,60.0,74.0,65.0
0,0.0,0.0,5.0,0.0,0.0,73.0,90.0,91.0,90.0,70.0,42.0,74.0,80.0,0.0,82.0,0,0.0,85.0,65.0,80.0,80.0
0,0.0,0.0,0.0,0.0,0.0,73.0,90.0,91.0,90.0,70.0,42.0,74.0,80.0,0.0,82.0,0,0.0,85.0,65.0,80.0,80.0
0,0.0,0.0,56.0,0.0,2.0,91.0,92.0,94.0,93.0,79.0,84.0,76.0,87.0,0.0,93.0,0,0.0,98.0,78.0,92.0,67.0
0,0.0,0.0,13.0,1.0,2.0,86.0,77.0,70.0,66.0,80.0,68.0,74.0,75.0,0.0,75.0,0,0.0,77.0,55.0,65.0,80.0
0,0.0,0.0,63.0,0.0,3.0,80.0,91.0,94.0,93.0,78.0,58.0,75.0,85.0,0.0,88.0,0,0.0,74.0,64.0,74.0,85.0
0,0.0,0.0,0.0,0.0,0.0,77.0,90.0,92.0,92.0,68.0,55.0,68.0,80.0,0.0,78.0,0,0.0,68.0,84.0,88.0,70.0
0,0.0,0.0,74.0,1.0,5.0,90.0,93.0,95.0,93.0,82.0,64.0,75.0,88.0,0.0,95.0,0,0.0,94.0,88.0,94.0,84.0
0,0.0,0.0,0.0,0.0,0.0,79.0,93.0,94.0,90.0,70.0,62.0,75.0,82.0,0.0,80.0,0,0.0,70.0,75.0,80.0,80.0
0,0.0,0.0,0.0,0.0,0.0,78.0,66.0,66.0,60.0,82.0,66.0,58.0,75.0,0.0,68.0,0,0.0,85.0,30.0,35.0,56.0
0,0.0,0.0,1.0,0.0,0.0,74.0,84.0,85.0,82.0,76.0,65.0,70.0,80.0,0.0,89.0,0,0.0,87.0,65.0,72.0,75.0
0,0.0,0.0,0.0,0.0,0.0,72.0,87.0,86.0,84.0,78.0,40.0,77.0,80.0,0.0,88.0,0,0.0,80.0,60.0,70.0,84.0
0,0.0,0.0,0.0,0.0,0.0,87.0,78.0,79.0,76.0,75.0,78.0,78.0,85.0,0.0,78.0,0,0.0,75.0,55.0,68.0,68.0
0,0.0,0.0,61.0,0.0,1.0,85.0,93.0,96.0,94.0,61.0,64.0,70.0,85.0,0.0,80.0,0,0.0,60.0,96.0,94.0,74.0
0,0.0,0.0,48.0,0.0,1.0,83.0,93.0,92.0,93.0,78.0,56.0,74.0,90.0,0.0,90.0,0,0.0,87.0,70.0,84.0,85.0
0,0.0,0.0,0.0,0.0,0.0,83.0,93.0,92.0,93.0,78.0,56.0,74.0,90.0,0.0,90.0,0,0.0,87.0,70.0,84.0,85.0
0,0.0,0.0,5.0,0.0,0.0,76.0,87.0,87.0,85.0,72.0,68.0,74.0,87.0,0.0,84.0,0,0.0,76.0,66.0,72.0,70.0
0,0.0,0.0,0.0,0.0,0.0,73.0,91.0,91.0,88.0,69.0,54.0,74.0,78.0,0.0,80.0,0,0.0,70.0,65.0,75.0,80.0
0,0.0,0.0,0.0,0.0,0.0,84.0,74.0,70.0,65.0,80.0,84.0,68.0,74.0,0.0,70.0,0,0.0,75.0,30.0,45.0,40.0
0,0.0,0.0,84.0,0.0,2.0,80.0,92.0,90.0,90.0,78.0,54.0,78.0,84.0,0.0,90.0,0,0.0,85.0,65.0,75.0,80.0
0,0.0,0.0,36.0,0.0,0.0,80.0,87.0,87.0,84.0,75.0,72.0,62.0,85.0,0.0,87.0,0,0.0,89.0,70.0,84.0,74.0
0,0.0,0.0,11.0,0.0,0.0,78.0,89.0,91.0,89.0,73.0,69.0,72.0,76.0,0.0,78.0,0,0.0,80.0,72.0,91.0,69.0
0,0.0,0.0,101.0,4.0,7.0,78.0,89.0,91.0,89.0,73.0,69.0,72.0,76.0,0.0,78.0,0,0.0,80.0,72.0,91.0,69.0
0,0.0,0.0,2.0,0.0,0.0,72.0,92.0,94.0,96.0,49.0,60.0,72.0,76.0,0.0,55.0,0,0.0,40.0,82.0,90.0,85.0
0,0.0,0.0,4.0,0.0,0.0,87.0,72.0,70.0,66.0,80.0,78.0,69.0,77.0,0.0,80.0,0,0.0,85.0,40.0,45.0,55.0
0,0.0,0.0,46.0,0.0,1.0,84.0,87.0,85.0,84.0,84.0,85.0,69.0,90.0,0.0,94.0,0,0.0,96.0,60.0,75.0,73.0
0,0.0,0.0,0.0,0.0,0.0,82.0,89.0,91.0,88.0,72.0,82.0,80.0,82.0,0.0,80.0,0,0.0,67.0,77.0,85.0,67.0
0,0.0,0.0,9.0,0.0,0.0,80.0,90.0,92.0,89.0,69.0,66.0,79.0,79.0,0.0,72.0,0,0.0,68.0,84.0,88.0,67.0
0,0.0,0.0,0.0,0.0,0.0,78.0,91.0,93.0,94.0,60.0,54.0,72.0,78.0,0.0,77.0,0,0.0,60.0,88.0,91.0,87.0
0,0.0,0.0,3.0,0.0,0.0,92.0,78.0,80.0,74.0,82.0,70.0,66.0,78.0,0.0,84.0,0,0.0,85.0,45.0,55.0,68.0
0,0.0,0.0,69.0,1.0,1.0,90.0,92.0,88.0,86.0,88.0,95.0,76.0,89.0,0.0,97.0,0,0.0,96.0,60.0,82.0,81.0
0,0.0,0.0,12.0,0.0,0.0,77.0,92.0,94.0,93.0,66.0,60.0,77.0,75.0,0.0,67.0,0,0.0,55.0,84.0,86.0,79.0
0,0.0,0.0,0.0,0.0,0.0,77.0,88.0,90.0,88.0,67.0,68.0,79.0,77.0,0.0,70.0,0,0.0,67.0,84.0,85.0,72.0
0,0.0,0.0,0.0,0.0,0.0,93.0,92.0,95.0,94.0,86.0,80.0,77.0,89.0,0.0,99.0,0,0.0,95.0,70.0,86.0,68.0
0,0.0,0.0,1.0,0.0,0.0,83.0,78.0,78.0,76.0,80.0,58.0,72.0,75.0,0.0,80.0,0,0.0,80.0,40.0,50.0,65.0
0,0.0,0.0,27.0,0.0,0.0,80.0,96.0,97.0,97.0,60.0,52.0,79.0,85.0,0.0,66.0,0,0.0,60.0,87.0,92.0,80.0
0,0.0,0.0,13.0,0.0,0.0,77.0,90.0,92.0,88.0,74.0,45.0,74.0,82.0,0.0,82.0,0,0.0,76.0,78.0,85.0,85.0
0,0.0,0.0,0.0,0.0,0.0,84.0,92.0,94.0,91.0,70.0,70.0,78.0,82.0,0.0,83.0,0,0.0,80.0,78.0,88.0,80.0
0,0.0,0.0,50.0,0.0,0.0,81.0,89.0,92.0,86.0,75.0,74.0,78.0,76.0,0.0,85.0,0,0.0,87.0,71.0,85.0,79.0
0,0.0,0.0,0.0,0.0,0.0,79.0,86.0,84.0,84.0,74.0,70.0,68.0,84.0,0.0,86.0,0,0.0,85.0,64.0,78.0,71.0
0,0.0,0.0,45.0,0.0,0.0,78.0,87.0,90.0,86.0,74.0,66.0,70.0,80.0,0.0,85.0,0,0.0,84.0,70.0,78.0,69.0
0,0.0,0.0,0.0,0.0,0.0,78.0,87.0,90.0,86.0,74.0,66.0,70.0,80.0,0.0,85.0,0,0.0,84.0,70.0,78.0,69.0
0,0.0,0.0,0.0,0.0,0.0,75.0,92.0,93.0,93.0,66.0,50.0,68.0,80.0,0.0,75.0,0,0.0,65.0,77.0,87.0,70.0
0,0.0,0.0,5.0,0.0,0.0,71.0,88.0,86.0,86.0,74.0,44.0,75.0,82.0,0.0,86.0,0,0.0,80.0,60.0,75.0,80.0
0,0.0,0.0,38.0,0.0,0.0,79.0,92.0,92.0,92.0,73.0,55.0,76.0,85.0,0.0,82.0,0,0.0,87.0,70.0,80.0,80.0
0,0.0,0.0,0.0,0.0,0.0,79.0,92.0,92.0,92.0,73.0,55.0,76.0,85.0,0.0,82.0,0,0.0,87.0,70.0,80.0,80.0
0,0.0,0.0,19.0,0.0,0.0,79.0,92.0,92.0,92.0,73.0,55.0,76.0,85.0,0.0,82.0,0,0.0,87.0,70.0,80.0,80.0
0,0.0,0.0,3.0,0.0,1.0,78.0,76.0,72.0,70.0,77.0,40.0,84.0,80.0,0.0,84.0,0,0.0,84.0,55.0,65.0,70.0
0,0.0,0.0,22.0,0.0,0.0,78.0,95.0,95.0,89.0,68.0,67.0,73.0,76.0,0.0,70.0,0,0.0,58.0,78.0,88.0,71.0
0,0.0,0.0,1.0,0.0,0.0,75.0,94.0,92.0,90.0,66.0,58.0,74.0,76.0,0.0,70.0,0,0.0,50.0,85.0,85.0,70.0
0,0.0,0.0,0.0,0.0,0.0,68.0,58.0,60.0,48.0,90.0,44.0,58.0,70.0,0.0,55.0,0,0.0,65.0,15.0,15.0,48.0
0,0.0,0.0,14.0,2.0,4.0,87.0,65.0,55.0,53.0,85.0,88.0,60.0,70.0,0.0,67.0,0,0.0,87.0,40.0,30.0,52.0
0,0.0,0.0,41.0,0.0,1.0,87.0,90.0,90.0,90.0,79.0,82.0,72.0,84.0,0.0,92.0,0,0.0,94.0,65.0,85.0,74.0
0,0.0,0.0,68.0,1.0,3.0,84.0,84.0,80.0,78.0,80.0,90.0,72.0,95.0,0.0,94.0,0,0.0,95.0,60.0,75.0,77.0
0,0.0,0.0,27.0,0.0,0.0,84.0,93.0,92.0,88.0,70.0,70.0,74.0,75.0,0.0,87.0,0,0.0,94.0,94.0,85.0,75.0
0,0.0,0.0,0.0,0.0,0.0,81.0,63.0,68.0,52.0,78.0,70.0,62.0,65.0,0.0,67.0,0,0.0,77.0,61.0,25.0,48.0
0,0.0,0.0,23.0,0.0,0.0,79.0,82.0,80.0,80.0,82.0,88.0,60.0,90.0,0.0,92.0,0,0.0,92.0,60.0,82.0,62.0
0,0.0,0.0,4.0,0.0,0.0,78.0,74.0,80.0,70.0,76.0,68.0,68.0,72.0,0.0,68.0,0,0.0,74.0,35.0,45.0,66.0
0,0.0,0.0,6.0,0.0,0.0,77.0,87.0,90.0,83.0,74.0,70.0,77.0,84.0,0.0,87.0,0,0.0,87.0,67.0,71.0,61.0
0,0.0,0.0,8.0,0.0,0.0,77.0,92.0,94.0,94.0,66.0,62.0,74.0,78.0,0.0,74.0,0,0.0,60.0,72.0,89.0,75.0
0,0.0,0.0,21.0,0.0,0.0,76.0,87.0,86.0,82.0,74.0,46.0,70.0,80.0,0.0,80.0,0,0.0,75.0,55.0,70.0,75.0
0,0.0,0.0,0.0,0.0,0.0,76.0,88.0,88.0,90.0,68.0,62.0,68.0,79.0,0.0,80.0,0,0.0,78.0,82.0,84.0,70.0
0,0.0,0.0,3.0,0.0,0.0,75.0,87.0,90.0,88.0,66.0,60.0,70.0,75.0,0.0,74.0,0,0.0,55.0,85.0,88.0,78.0
0,0.0,0.0,0.0,0.0,0.0,75.0,87.0,90.0,90.0,68.0,54.0,69.0,79.0,0.0,86.0,0,0.0,80.0,72.0,77.0,80.0
0,0.0,0.0,27.0,0.0,0.0,75.0,84.0,82.0,80.0,80.0,82.0,64.0,88.0,0.0,92.0,0,0.0,90.0,50.0,65.0,75.0
0,0.0,0.0,0.0,0.0,0.0,74.0,84.0,84.0,78.0,76.0,55.0,80.0,76.0,0.0,74.0,0,0.0,55.0,50.0,60.0,80.0
0,0.0,0.0,0.0,0.0,0.0,74.0,85.0,85.0,82.0,74.0,52.0,78.0,80.0,0.0,82.0,0,0.0,70.0,70.0,75.0,70.0
0,0.0,0.0,0.0,0.0,0.0,74.0,72.0,72.0,70.0,72.0,56.0,70.0,70.0,0.0,70.0,0,0.0,80.0,47.0,66.0,68.0
0,0.0,0.0,13.0,0.0,0.0,74.0,76.0,77.0,70.0,80.0,60.0,60.0,86.0,0.0,86.0,0,0.0,90.0,45.0,67.0,54.0
0,0.0,0.0,0.0,0.0,0.0,74.0,86.0,87.0,82.0,74.0,76.0,66.0,84.0,0.0,79.0,0,0.0,85.0,55.0,69.0,69.0
0,0.0,0.0,0.0,0.0,0.0,74.0,84.0,85.0,77.0,80.0,88.0,56.0,92.0,0.0,89.0,0,0.0,92.0,45.0,65.0,69.0
0,0.0,0.0,37.0,0.0,0.0,74.0,84.0,85.0,77.0,80.0,88.0,56.0,92.0,0.0,89.0,0,0.0,92.0,45.0,65.0,69.0
0,0.0,0.0,0.0,0.0,0.0,74.0,93.0,94.0,92.0,60.0,52.0,74.0,75.0,0.0,68.0,0,0.0,52.0,80.0,88.0,88.0
0,0.0,0.0,0.0,0.0,0.0,73.0,72.0,70.0,65.0,67.0,74.0,74.0,70.0,0.0,66.0,0,0.0,60.0,48.0,60.0,65.0
0,0.0,0.0,0.0,0.0,0.0,73.0,93.0,94.0,92.0,74.0,48.0,66.0,77.0,0.0,85.0,0,0.0,75.0,70.0,80.0,92.0
0,0.0,0.0,0.0,0.0,0.0,73.0,88.0,89.0,88.0,58.0,60.0,70.0,72.0,0.0,72.0,0,0.0,58.0,84.0,86.0,72.0
0,0.0,0.0,0.0,0.0,0.0,72.0,90.0,88.0,88.0,75.0,50.0,78.0,77.0,0.0,84.0,0,0.0,75.0,55.0,70.0,80.0
0,0.0,0.0,32.0,0.0,1.0,72.0,89.0,90.0,94.0,65.0,44.0,70.0,78.0,0.0,68.0,0,0.0,55.0,82.0,92.0,80.0
0,0.0,0.0,3.0,0.0,0.0,71.0,86.0,88.0,80.0,83.0,42.0,74.0,82.0,0.0,88.0,0,0.0,82.0,58.0,68.0,70.0
0,0.0,0.0,0.0,0.0,0.0,70.0,88.0,90.0,90.0,65.0,56.0,72.0,77.0,0.0,68.0,0,0.0,65.0,72.0,77.0,89.0
0,0.0,0.0,2.0,0.0,0.0,69.0,67.0,72.0,64.0,74.0,58.0,68.0,60.0,0.0,75.0,0,0.0,80.0,50.0,50.0,70.0
0,0.0,0.0,0.0,0.0,0.0,69.0,94.0,95.0,85.0,60.0,65.0,66.0,65.0,0.0,64.0,0,0.0,40.0,87.0,83.0,66.0
0,0.0,0.0,3.0,0.0,0.0,67.0,77.0,80.0,74.0,81.0,40.0,48.0,60.0,0.0,60.0,0,0.0,55.0,20.0,30.0,65.0
0,0.0,0.0,0.0,0.0,0.0,67.0,85.0,84.0,84.0,76.0,48.0,70.0,78.0,0.0,85.0,0,0.0,82.0,55.0,65.0,85.0
0,0.0,0.0,0.0,0.0,0.0,67.0,90.0,90.0,88.0,66.0,45.0,64.0,80.0,0.0,82.0,0,0.0,55.0,60.0,70.0,80.0
0,0.0,0.0,0.0,0.0,0.0,87.0,93.0,92.0,88.0,80.0,84.0,79.0,83.0,0.0,92.0,0,0.0,93.0,74.0,87.0,82.0
0,0.0,0.0,10.0,0.0,0.0,87.0,93.0,92.0,88.0,80.0,84.0,79.0,83.0,0.0,92.0,0,0.0,93.0,74.0,87.0,82.0
0,0.0,0.0,0.0,0.0,0.0,86.0,80.0,82.0,78.0,76.0,65.0,68.0,74.0,0.0,72.0,0,0.0,77.0,45.0,55.0,74.0
0,0.0,0.0,0.0,0.0,0.0,85.0,78.0,80.0,75.0,78.0,68.0,78.0,78.0,0.0,76.0,0,0.0,65.0,40.0,45.0,60.0
0,0.0,0.0,16.0,0.0,0.0,81.0,92.0,92.0,93.0,64.0,68.0,74.0,79.0,0.0,79.0,0,0.0,72.0,82.0,87.0,84.0
0,0.0,0.0,3.0,0.0,0.0,77.0,89.0,92.0,84.0,78.0,65.0,71.0,80.0,0.0,86.0,0,0.0,87.0,70.0,80.0,80.0
0,0.0,0.0,83.0,0.0,4.0,82.0,87.0,88.0,84.0,74.0,85.0,75.0,80.0,0.0,86.0,0,0.0,86.0,72.0,80.0,70.0
0,0.0,0.0,0.0,0.0,0.0,81.0,70.0,70.0,66.0,84.0,68.0,75.0,70.0,0.0,74.0,0,0.0,78.0,35.0,45.0,65.0
0,0.0,0.0,3.0,0.0,0.0,79.0,88.0,88.0,86.0,70.0,78.0,66.0,84.0,0.0,80.0,0,0.0,87.0,70.0,79.0,70.0
0,0.0,0.0,24.0,0.0,0.0,79.0,88.0,88.0,86.0,70.0,78.0,66.0,84.0,0.0,80.0,0,0.0,87.0,70.0,79.0,70.0
0,0.0,0.0,0.0,0.0,0.0,76.0,90.0,89.0,91.0,62.0,52.0,78.0,80.0,0.0,75.0,0,0.0,66.0,80.0,85.0,96.0
0,0.0,0.0,21.0,0.0,0.0,72.0,93.0,95.0,93.0,65.0,44.0,77.0,72.0,0.0,68.0,0,0.0,52.0,90.0,92.0,85.0
0,0.0,0.0,50.0,0.0,1.0,91.0,93.0,92.0,93.0,68.0,72.0,80.0,90.0,0.0,84.0,0,0.0,65.0,90.0,96.0,80.0
0,0.0,0.0,0.0,0.0,0.0,83.0,89.0,91.0,91.0,72.0,76.0,77.0,82.0,0.0,88.0,0,0.0,77.0,74.0,84.0,72.0
0,0.0,0.0,21.0,0.0,0.0,79.0,87.0,84.0,76.0,68.0,70.0,86.0,82.0,0.0,68.0,0,0.0,68.0,49.0,58.0,70.0
0,0.0,0.0,0.0,0.0,0.0,77.0,90.0,91.0,89.0,60.0,67.0,73.0,80.0,0.0,76.0,0,0.0,60.0,84.0,88.0,74.0
0,0.0,0.0,3.0,0.0,0.0,74.0,87.0,90.0,90.0,74.0,58.0,77.0,88.0,0.0,84.0,0,0.0,70.0,55.0,65.0,80.0
0,0.0,0.0,0.0,0.0,0.0,94.0,93.0,96.0,94.0,80.0,90.0,66.0,87.0,0.0,93.0,0,0.0,88.0,88.0,96.0,85.0
0,0.0,0.0,88.0,0.0,1.0,94.0,93.0,96.0,94.0,80.0,90.0,66.0,87.0,0.0,93.0,0,0.0,88.0,88.0,96.0,85.0
0,0.0,0.0,3.0,0.0,0.0,91.0,86.0,84.0,79.0,79.0,62.0,68.0,93.0,0.0,94.0,0,0.0,96.0,55.0,70.0,64.0
0,0.0,0.0,16.0,0.0,0.0,91.0,86.0,84.0,79.0,79.0,62.0,68.0,93.0,0.0,94.0,0,0.0,96.0,55.0,70.0,64.0
0,0.0,0.0,9.0,0.0,0.0,91.0,86.0,84.0,79.0,79.0,62.0,68.0,93.0,0.0,94.0,0,0.0,96.0,55.0,70.0,64.0
0,0.0,0.0,3.0,0.0,0.0,91.0,86.0,84.0,79.0,79.0,62.0,68.0,93.0,0.0,94.0,0,0.0,96.0,55.0,70.0,64.0
0,0.0,0.0,74.0,1.0,3.0,91.0,95.0,96.0,95.0,85.0,65.0,76.0,87.0,0.0,95.0,0,0.0,85.0,95.0,96.0,82.0
0,0.0,0.0,0.0,0.0,0.0,74.0,91.0,90.0,90.0,68.0,48.0,66.0,82.0,0.0,84.0,0,0.0,66.0,72.0,82.0,80.0
0,0.0,0.0,51.0,1.0,2.0,94.0,92.0,92.0,90.0,82.0,88.0,76.0,95.0,0.0,97.0,0,0.0,96.0,76.0,88.0,71.0
0,0.0,0.0,4.0,0.0,0.0,79.0,90.0,92.0,92.0,64.0,60.0,79.0,86.0,0.0,75.0,0,0.0,65.0,80.0,86.0,92.0
0,0.0,0.0,0.0,0.0,0.0,78.0,74.0,77.0,70.0,82.0,60.0,58.0,68.0,0.0,70.0,0,0.0,79.0,48.0,62.0,70.0
0,0.0,0.0,66.0,2.0,4.0,75.0,96.0,98.0,95.0,62.0,50.0,78.0,75.0,0.0,66.0,0,0.0,60.0,85.0,90.0,80.0
0,0.0,0.0,41.0,0.0,1.0,92.0,91.0,93.0,91.0,80.0,85.0,80.0,86.0,0.0,94.0,0,0.0,86.0,78.0,90.0,77.0
0,0.0,0.0,0.0,0.0,0.0,89.0,82.0,78.0,76.0,88.0,68.0,60.0,78.0,0.0,88.0,0,0.0,87.0,55.0,68.0,65.0
0,0.0,0.0,0.0,0.0,0.0,83.0,90.0,92.0,88.0,73.0,86.0,72.0,79.0,0.0,84.0,0,0.0,75.0,75.0,85.0,77.0
0,0.0,0.0,77.0,1.0,1.0,83.0,90.0,92.0,88.0,73.0,86.0,72.0,79.0,0.0,84.0,0,0.0,75.0,75.0,85.0,77.0
0,0.0,0.0,1.0,0.0,0.0,76.0,91.0,90.0,91.0,68.0,56.0,76.0,87.0,0.0,83.0,0,0.0,76.0,72.0,79.0,85.0
0,0.0,0.0,0.0,0.0,0.0,74.0,84.0,85.0,82.0,77.0,66.0,72.0,79.0,0.0,86.0,0,0.0,80.0,70.0,78.0,75.0
0,0.0,0.0,11.0,0.0,0.0,95.0,96.0,99.0,98.0,76.0,70.0,77.0,79.0,0.0,92.0,0,0.0,95.0,99.0,99.0,94.0
0,0.0,0.0,101.0,4.0,7.0,95.0,96.0,99.0,98.0,76.0,70.0,77.0,79.0,0.0,92.0,0,0.0,95.0,99.0,99.0,94.0
0,0.0,0.0,41.0,0.0,0.0,88.0,90.0,92.0,94.0,74.0,85.0,78.0,80.0,0.0,86.0,0,0.0,75.0,88.0,90.0,64.0
0,0.0,0.0,2.0,0.0,0.0,85.0,82.0,82.0,78.0,70.0,68.0,78.0,82.0,0.0,75.0,0,0.0,82.0,50.0,60.0,60.0
0,0.0,0.0,0.0,0.0,0.0,76.0,89.0,91.0,88.0,64.0,69.0,72.0,73.0,0.0,75.0,0,0.0,54.0,80.0,83.0,62.0
0,0.0,0.0,26.0,0.0,0.0,90.0,93.0,95.0,90.0,82.0,75.0,70.0,94.0,0.0,94.0,0,0.0,97.0,77.0,88.0,78.0
0,0.0,0.0,8.0,0.0,0.0,84.0,85.0,82.0,79.0,76.0,70.0,72.0,85.0,0.0,86.0,0,0.0,78.0,58.0,78.0,59.0
0,0.0,0.0,56.0,0.0,0.0,81.0,89.0,92.0,92.0,62.0,80.0,88.0,80.0,0.0,65.0,0,0.0,55.0,90.0,90.0,72.0
0,0.0,0.0,27.0,0.0,0.0,81.0,87.0,89.0,84.0,74.0,80.0,77.0,76.0,0.0,88.0,0,0.0,88.0,65.0,72.0,76.0
0,0.0,0.0,0.0,0.0,0.0,78.0,78.0,75.0,68.0,84.0,60.0,64.0,82.0,0.0,88.0,0,0.0,78.0,50.0,60.0,60.0
0,0.0,0.0,55.0,0.0,2.0,86.0,89.0,87.0,86.0,82.0,87.0,74.0,85.0,0.0,93.0,0,0.0,95.0,70.0,84.0,76.0
0,0.0,0.0,61.0,0.0,0.0,86.0,97.0,99.0,100.0,62.0,78.0,86.0,77.0,0.0,66.0,0,0.0,55.0,97.0,99.0,87.0
0,0.0,0.0,2.0,0.0,0.0,85.0,77.0,72.0,70.0,80.0,64.0,74.0,80.0,0.0,82.0,0,0.0,78.0,52.0,62.0,50.0
0,0.0,0.0,0.0,0.0,0.0,79.0,89.0,89.0,89.0,62.0,74.0,78.0,79.0,0.0,78.0,0,0.0,65.0,75.0,85.0,71.0
0,0.0,0.0,0.0,0.0,0.0,78.0,91.0,92.0,92.0,64.0,62.0,78.0,80.0,0.0,77.0,0,0.0,58.0,81.0,86.0,80.0
0,0.0,0.0,2.0,0.0,0.0,88.0,70.0,70.0,65.0,85.0,80.0,66.0,72.0,0.0,70.0,0,0.0,77.0,45.0,55.0,52.0
0,0.0,0.0,36.0,0.0,0.0,87.0,90.0,88.0,87.0,86.0,90.0,66.0,78.0,0.0,98.0,0,0.0,95.0,68.0,82.0,62.0
0,0.0,0.0,42.0,0.0,0.0,82.0,93.0,94.0,95.0,74.0,65.0,72.0,78.0,0.0,83.0,0,0.0,80.0,78.0,84.0,80.0
0,0.0,0.0,25.0,0.0,0.0,81.0,89.0,90.0,90.0,76.0,75.0,75.0,81.0,0.0,84.0,0,0.0,55.0,74.0,84.0,59.0
0,0.0,0.0,0.0,0.0,1.0,90.0,82.0,84.0,78.0,78.0,80.0,78.0,86.0,0.0,78.0,0,0.0,85.0,60.0,66.0,70.0
0,0.0,0.0,62.0,0.0,1.0,88.0,90.0,93.0,90.0,80.0,84.0,70.0,90.0,0.0,90.0,0,0.0,90.0,78.0,90.0,79.0
0,0.0,0.0,30.0,1.0,2.0,82.0,94.0,97.0,95.0,66.0,65.0,70.0,77.0,0.0,75.0,0,0.0,67.0,86.0,88.0,67.0
0,0.0,0.0,0.0,0.0,0.0,80.0,92.0,90.0,87.0,76.0,69.0,76.0,80.0,0.0,86.0,0,0.0,78.0,80.0,86.0,62.0
0,0.0,0.0,39.0,0.0,0.0,85.0,97.0,99.0,96.0,64.0,60.0,78.0,82.0,0.0,74.0,0,0.0,95.0,90.0,96.0,90.0
0,0.0,0.0,20.0,0.0,0.0,85.0,94.0,97.0,94.0,76.0,70.0,74.0,84.0,0.0,88.0,0,0.0,86.0,78.0,87.0,70.0
0,0.0,0.0,11.0,0.0,0.0,84.0,80.0,78.0,73.0,70.0,68.0,80.0,84.0,0.0,78.0,0,0.0,82.0,60.0,70.0,66.0
0,0.0,0.0,0.0,0.0,0.0,80.0,76.0,72.0,64.0,85.0,60.0,56.0,72.0,0.0,80.0,0,0.0,80.0,40.0,55.0,70.0
0,0.0,0.0,30.0,0.0,0.0,79.0,85.0,82.0,82.0,79.0,78.0,78.0,86.0,0.0,88.0,0,0.0,88.0,55.0,75.0,77.0
0,0.0,0.0,25.0,0.0,0.0,79.0,89.0,89.0,86.0,74.0,58.0,79.0,82.0,0.0,87.0,0,0.0,78.0,70.0,82.0,75.0
0,0.0,0.0,69.0,1.0,2.0,97.0,97.0,98.0,98.0,68.0,90.0,90.0,90.0,0.0,78.0,0,0.0,70.0,99.0,98.0,60.0
0,0.0,0.0,27.0,0.0,0.0,82.0,91.0,90.0,88.0,76.0,78.0,74.0,79.0,0.0,88.0,0,0.0,82.0,75.0,84.0,68.0
0,0.0,0.0,4.0,0.0,0.0,76.0,92.0,95.0,97.0,54.0,58.0,81.0,79.0,0.0,55.0,0,0.0,40.0,92.0,95.0,89.0
0,0.0,0.0,0.0,0.0,0.0,75.0,85.0,85.0,80.0,75.0,58.0,70.0,82.0,0.0,89.0,0,0.0,90.0,72.0,77.0,70.0
0,0.0,0.0,8.0,0.0,0.0,66.0,65.0,60.0,52.0,87.0,55.0,54.0,66.0,0.0,60.0,0,0.0,65.0,10.0,15.0,52.0
0,0.0,0.0,19.0,0.0,0.0,93.0,97.0,99.0,94.0,70.0,90.0,75.0,82.0,0.0,85.0,0,0.0,79.0,96.0,95.0,59.0
0,0.0,0.0,25.0,0.0,0.0,93.0,97.0,99.0,94.0,70.0,90.0,75.0,82.0,0.0,85.0,0,0.0,79.0,96.0,95.0,59.0
0,0.0,0.0,0.0,0.0,0.0,93.0,97.0,99.0,94.0,70.0,90.0,75.0,82.0,0.0,85.0,0,0.0,79.0,96.0,95.0,59.0
0,0.0,0.0,0.0,0.0,0.0,83.0,85.0,82.0,76.0,80.0,60.0,82.0,85.0,0.0,87.0,0,0.0,82.0,55.0,70.0,70.0
0,0.0,0.0,29.0,0.0,0.0,81.0,92.0,94.0,92.0,82.0,55.0,75.0,87.0,0.0,91.0,0,0.0,85.0,65.0,80.0,80.0
0,0.0,0.0,18.0,0.0,0.0,80.0,86.0,87.0,83.0,83.0,78.0,79.0,80.0,0.0,92.0,0,0.0,88.0,60.0,75.0,51.0
0,0.0,0.0,29.0,0.0,0.0,77.0,88.0,90.0,90.0,58.0,72.0,77.0,75.0,0.0,67.0,0,0.0,45.0,89.0,89.0,65.0
0,0.0,0.0,129.0,3.0,5.0,99.0,96.0,98.0,99.0,72.0,97.0,87.0,93.0,0.0,92.0,0,0.0,98.0,96.0,99.0,73.0
0,0.0,0.0,62.0,0.0,3.0,79.0,96.0,98.0,95.0,55.0,60.0,76.0,75.0,0.0,65.0,0,0.0,55.0,90.0,95.0,70.0
0,0.0,0.0,6.0,0.0,0.0,77.0,88.0,88.0,86.0,74.0,52.0,80.0,88.0,0.0,86.0,0,0.0,75.0,65.0,75.0,70.0
0,0.0,0.0,1.0,0.0,0.0,76.0,75.0,82.0,75.0,76.0,66.0,60.0,80.0,0.0,68.0,0,0.0,77.0,45.0,62.0,71.0
0,0.0,0.0,14.0,0.0,0.0,73.0,89.0,90.0,90.0,66.0,44.0,82.0,75.0,0.0,80.0,0,0.0,58.0,68.0,78.0,75.0
0,0.0,0.0,0.0,0.0,0.0,73.0,89.0,90.0,90.0,66.0,44.0,82.0,75.0,0.0,80.0,0,0.0,58.0,68.0,78.0,75.0
0,0.0,0.0,94.0,0.0,5.0,93.0,92.0,93.0,93.0,78.0,88.0,82.0,84.0,0.0,92.0,0,0.0,90.0,82.0,92.0,72.0
0,0.0,0.0,1.0,0.0,0.0,85.0,74.0,74.0,70.0,88.0,70.0,64.0,74.0,0.0,70.0,0,0.0,75.0,38.0,48.0,64.0
0,0.0,0.0,32.0,0.0,0.0,82.0,92.0,92.0,92.0,72.0,68.0,70.0,72.0,0.0,82.0,0,0.0,87.0,89.0,91.0,75.0
0,0.0,0.0,0.0,0.0,0.0,77.0,86.0,88.0,88.0,77.0,62.0,75.0,82.0,0.0,83.0,0,0.0,68.0,85.0,84.0,85.0
0,0.0,0.0,7.0,0.0,1.0,77.0,86.0,88.0,88.0,77.0,62.0,75.0,82.0,0.0,83.0,0,0.0,68.0,85.0,84.0,85.0
0,0.0,0.0,0.0,0.0,0.0,88.0,86.0,84.0,80.0,78.0,66.0,85.0,86.0,0.0,77.0,0,0.0,74.0,55.0,66.0,80.0
0,0.0,0.0,38.0,0.0,0.0,84.0,91.0,90.0,93.0,70.0,72.0,70.0,84.0,0.0,81.0,0,0.0,73.0,86.0,92.0,69.0
0,0.0,0.0,27.0,0.0,0.0,80.0,91.0,93.0,90.0,66.0,72.0,74.0,80.0,0.0,75.0,0,0.0,60.0,87.0,88.0,67.0
0,0.0,0.0,22.0,0.0,0.0,78.0,87.0,82.0,80.0,85.0,80.0,66.0,85.0,0.0,93.0,0,0.0,93.0,65.0,72.0,59.0
0,0.0,0.0,1.0,0.0,0.0,76.0,78.0,72.0,70.0,85.0,40.0,50.0,85.0,0.0,88.0,0,0.0,85.0,40.0,55.0,60.0
0,0.0,0.0,75.0,0.0,3.0,97.0,90.0,92.0,93.0,87.0,90.0,83.0,86.0,0.0,98.0,0,0.0,97.0,78.0,92.0,74.0
0,0.0,0.0,11.0,0.0,0.0,83.0,86.0,87.0,87.0,68.0,68.0,86.0,86.0,0.0,84.0,0,0.0,79.0,72.0,82.0,79.0
0,0.0,0.0,3.0,0.0,0.0,77.0,90.0,93.0,91.0,60.0,60.0,74.0,82.0,0.0,74.0,0,0.0,60.0,79.0,85.0,79.0
0,0.0,0.0,10.0,0.0,0.0,75.0,88.0,89.0,88.0,56.0,74.0,74.0,74.0,0.0,65.0,0,0.0,55.0,79.0,86.0,74.0
0,0.0,0.0,0.0,0.0,0.0,72.0,68.0,70.0,55.0,74.0,55.0,68.0,70.0,0.0,67.0,0,0.0,70.0,30.0,40.0,59.0
0,0.0,0.0,4.0,0.0,0.0,87.0,82.0,78.0,73.0,74.0,72.0,72.0,80.0,0.0,78.0,0,0.0,77.0,50.0,65.0,69.0
0,0.0,0.0,96.0,0.0,3.0,85.0,92.0,93.0,94.0,62.0,84.0,84.0,88.0,0.0,65.0,0,0.0,70.0,88.0,90.0,74.0
0,0.0,0.0,0.0,0.0,0.0,85.0,92.0,93.0,93.0,68.0,72.0,65.0,82.0,0.0,84.0,0,0.0,77.0,89.0,94.0,75.0
0,0.0,0.0,0.0,0.0,0.0,84.0,88.0,90.0,87.0,72.0,79.0,79.0,88.0,0.0,90.0,0,0.0,92.0,68.0,79.0,64.0
0,0.0,0.0,34.0,0.0,1.0,74.0,96.0,97.0,89.0,60.0,74.0,65.0,78.0,0.0,65.0,0,0.0,52.0,72.0,80.0,73.0
0,0.0,0.0,0.0,0.0,0.0,74.0,96.0,97.0,89.0,60.0,74.0,65.0,78.0,0.0,65.0,0,0.0,52.0,72.0,80.0,73.0
0,0.0,0.0,1.0,0.0,0.0,74.0,96.0,97.0,89.0,60.0,74.0,65.0,78.0,0.0,65.0,0,0.0,52.0,72.0,80.0,73.0
0,0.0,0.0,0.0,0.0,0.0,74.0,96.0,97.0,89.0,60.0,74.0,65.0,78.0,0.0,65.0,0,0.0,52.0,72.0,80.0,73.0
0,0.0,0.0,0.0,0.0,0.0,84.0,77.0,75.0,70.0,75.0,68.0,66.0,78.0,0.0,70.0,0,0.0,75.0,42.0,58.0,67.0
0,0.0,0.0,14.0,0.0,0.0,84.0,87.0,87.0,83.0,82.0,86.0,72.0,92.0,0.0,92.0,0,0.0,94.0,72.0,82.0,75.0
0,0.0,0.0,16.0,0.0,0.0,78.0,94.0,92.0,92.0,66.0,55.0,74.0,79.0,0.0,84.0,0,0.0,68.0,82.0,89.0,85.0
0,0.0,0.0,1.0,0.0,0.0,78.0,94.0,92.0,92.0,66.0,55.0,74.0,79.0,0.0,84.0,0,0.0,68.0,82.0,89.0,85.0
0,0.0,0.0,15.0,0.0,0.0,77.0,97.0,98.0,95.0,65.0,40.0,85.0,77.0,0.0,72.0,0,0.0,56.0,86.0,96.0,88.0
0,0.0,0.0,70.0,1.0,3.0,77.0,97.0,98.0,95.0,65.0,40.0,85.0,77.0,0.0,72.0,0,0.0,56.0,86.0,96.0,88.0
0,0.0,0.0,72.0,0.0,2.0,91.0,93.0,95.0,94.0,70.0,87.0,74.0,83.0,0.0,88.0,0,0.0,70.0,88.0,92.0,79.0
0,0.0,0.0,0.0,0.0,0.0,85.0,72.0,66.0,58.0,84.0,66.0,66.0,76.0,0.0,86.0,0,0.0,75.0,40.0,40.0,57.0
0,0.0,0.0,31.0,0.0,0.0,84.0,88.0,90.0,89.0,73.0,85.0,68.0,85.0,0.0,87.0,0,0.0,85.0,72.0,84.0,64.0
0,0.0,0.0,9.0,0.0,0.0,73.0,91.0,88.0,82.0,78.0,69.0,62.0,82.0,0.0,88.0,0,0.0,88.0,73.0,65.0,52.0
0,0.0,32.0,0.0,0.0,0.0,79.0,0.0,0.0,0.0,0.0,0.0,0.0,0.0,0.0,0.0,0,0.0,0.0,0.0,0.0,0.0
0,0.0,21.0,0.0,0.0,0.0,79.0,89.0,85.0,0.0,0.0,0.0,0.0,0.0,0.0,0.0,0,0.0,0.0,0.0,0.0,0.0
0,0.0,23.0,26.0,0.0,0.0,75.0,84.0,85.0,0.0,0.0,0.0,0.0,0.0,0.0,0.0,0,0.0,0.0,0.0,0.0,0.0
0,0.0,27.0,0.0,0.0,0.0,71.0,82.0,85.0,0.0,0.0,0.0,0.0,0.0,0.0,0.0,0,0.0,0.0,0.0,0.0,0.0
0,0.0,25.0,0.0,0.0,0.0,70.0,0.0,0.0,0.0,0.0,0.0,0.0,0.0,0.0,0.0,0,0.0,0.0,0.0,0.0,0.0
0,0.0,27.0,55.0,1.0,2.0,95.0,91.0,96.0,0.0,0.0,0.0,0.0,0.0,0.0,0.0,0,0.0,0.0,0.0,0.0,0.0
0,0.0,29.0,6.0,0.0,1.0,86.0,67.0,74.0,0.0,0.0,0.0,0.0,0.0,0.0,0.0,0,0.0,0.0,0.0,0.0,0.0
0,0.0,26.0,20.0,0.0,0.0,79.0,95.0,97.0,0.0,0.0,0.0,0.0,0.0,0.0,0.0,0,0.0,0.0,0.0,0.0,0.0
0,0.0,23.0,5.0,0.0,0.0,64.0,87.0,91.0,0.0,0.0,0.0,0.0,0.0,0.0,0.0,0,0.0,0.0,0.0,0.0,0.0
0,0.0,23.0,0.0,0.0,0.0,64.0,87.0,91.0,0.0,0.0,0.0,0.0,0.0,0.0,0.0,0,0.0,0.0,0.0,0.0,0.0
0,0.0,25.0,21.0,0.0,0.0,63.0,72.0,75.0,0.0,0.0,0.0,0.0,0.0,0.0,0.0,0,0.0,0.0,0.0,0.0,0.0
0,0.0,24.0,13.0,1.0,2.0,92.0,81.0,84.0,0.0,0.0,0.0,0.0,0.0,0.0,0.0,0,0.0,0.0,0.0,0.0,0.0
0,0.0,27.0,56.0,0.0,2.0,83.0,82.0,86.0,0.0,0.0,0.0,0.0,0.0,0.0,0.0,0,0.0,0.0,0.0,0.0,0.0
0,0.0,22.0,63.0,0.0,3.0,78.0,85.0,90.0,0.0,0.0,0.0,0.0,0.0,0.0,0.0,0,0.0,0.0,0.0,0.0,0.0
0,0.0,22.0,4.0,0.0,1.0,68.0,93.0,86.0,0.0,0.0,0.0,0.0,0.0,0.0,0.0,0,0.0,0.0,0.0,0.0,0.0
0,0.0,23.0,74.0,1.0,5.0,87.0,87.0,90.0,0.0,0.0,0.0,0.0,0.0,0.0,0.0,0,0.0,0.0,0.0,0.0,0.0
0,0.0,28.0,0.0,0.0,0.0,77.0,87.0,91.0,0.0,0.0,0.0,0.0,0.0,0.0,0.0,0,0.0,0.0,0.0,0.0,0.0
0,0.0,30.0,0.0,0.0,0.0,74.0,84.0,87.0,0.0,0.0,0.0,0.0,0.0,0.0,0.0,0,0.0,0.0,0.0,0.0,0.0
0,0.0,30.0,0.0,0.0,0.0,70.0,0.0,0.0,0.0,0.0,0.0,0.0,0.0,0.0,0.0,0,0.0,0.0,0.0,0.0,0.0
0,0.0,26.0,61.0,0.0,1.0,94.0,95.0,96.0,0.0,0.0,0.0,0.0,0.0,0.0,0.0,0,0.0,0.0,0.0,0.0,0.0
0,0.0,22.0,48.0,0.0,1.0,85.0,88.0,92.0,0.0,0.0,0.0,0.0,0.0,0.0,0.0,0,0.0,0.0,0.0,0.0,0.0
0,0.0,22.0,0.0,0.0,0.0,85.0,88.0,92.0,0.0,0.0,0.0,0.0,0.0,0.0,0.0,0,0.0,0.0,0.0,0.0,0.0
0,0.0,32.0,0.0,0.0,0.0,80.0,0.0,0.0,0.0,0.0,0.0,0.0,0.0,0.0,0.0,0,0.0,0.0,0.0,0.0,0.0
0,0.0,23.0,1.0,0.0,0.0,70.0,0.0,0.0,0.0,0.0,0.0,0.0,0.0,0.0,0.0,0,0.0,0.0,0.0,0.0,0.0
0,0.0,22.0,7.0,0.0,0.0,66.0,87.0,92.0,0.0,0.0,0.0,0.0,0.0,0.0,0.0,0,0.0,0.0,0.0,0.0,0.0
0,0.0,23.0,84.0,0.0,2.0,89.0,90.0,91.0,0.0,0.0,0.0,0.0,0.0,0.0,0.0,0,0.0,0.0,0.0,0.0,0.0
0,0.0,29.0,0.0,0.0,0.0,82.0,0.0,0.0,0.0,0.0,0.0,0.0,0.0,0.0,0.0,0,0.0,0.0,0.0,0.0,0.0
0,0.0,27.0,27.0,0.0,0.0,72.0,86.0,87.0,0.0,0.0,0.0,0.0,0.0,0.0,0.0,0,0.0,0.0,0.0,0.0,0.0
0,0.0,25.0,0.0,0.0,0.0,70.0,0.0,0.0,0.0,0.0,0.0,0.0,0.0,0.0,0.0,0,0.0,0.0,0.0,0.0,0.0
0,0.0,30.0,11.0,0.0,0.0,69.0,80.0,85.0,0.0,0.0,0.0,0.0,0.0,0.0,0.0,0,0.0,0.0,0.0,0.0,0.0
0,0.0,30.0,101.0,4.0,7.0,69.0,80.0,85.0,0.0,0.0,0.0,0.0,0.0,0.0,0.0,0,0.0,0.0,0.0,0.0,0.0
0,0.0,25.0,2.0,0.0,0.0,69.0,90.0,94.0,0.0,0.0,0.0,0.0,0.0,0.0,0.0,0,0.0,0.0,0.0,0.0,0.0
0,0.0,26.0,36.0,0.0,0.0,76.0,81.0,85.0,0.0,0.0,0.0,0.0,0.0,0.0,0.0,0,0.0,0.0,0.0,0.0,0.0
0,0.0,29.0,4.0,0.0,0.0,74.0,0.0,0.0,0.0,0.0,0.0,0.0,0.0,0.0,0.0,0,0.0,0.0,0.0,0.0,0.0
0,0.0,31.0,0.0,0.0,0.0,68.0,80.0,82.0,0.0,0.0,0.0,0.0,0.0,0.0,0.0,0,0.0,0.0,0.0,0.0,0.0
0,0.0,25.0,0.0,0.0,0.0,67.0,0.0,0.0,0.0,0.0,0.0,0.0,0.0,0.0,0.0,0,0.0,0.0,0.0,0.0,0.0
0,0.0,25.0,11.0,0.0,0.0,65.0,78.0,82.0,0.0,0.0,0.0,0.0,0.0,0.0,0.0,0,0.0,0.0,0.0,0.0,0.0
0,0.0,25.0,9.0,0.0,0.0,63.0,89.0,94.0,0.0,0.0,0.0,0.0,0.0,0.0,0.0,0,0.0,0.0,0.0,0.0,0.0
0,0.0,26.0,3.0,0.0,0.0,88.0,73.0,80.0,0.0,0.0,0.0,0.0,0.0,0.0,0.0,0,0.0,0.0,0.0,0.0,0.0
0,0.0,30.0,69.0,1.0,1.0,85.0,83.0,85.0,0.0,0.0,0.0,0.0,0.0,0.0,0.0,0,0.0,0.0,0.0,0.0,0.0
0,0.0,26.0,12.0,0.0,0.0,71.0,92.0,95.0,0.0,0.0,0.0,0.0,0.0,0.0,0.0,0,0.0,0.0,0.0,0.0,0.0
0,0.0,23.0,0.0,0.0,0.0,68.0,86.0,88.0,0.0,0.0,0.0,0.0,0.0,0.0,0.0,0,0.0,0.0,0.0,0.0,0.0
0,0.0,23.0,8.0,0.0,0.0,68.0,86.0,88.0,0.0,0.0,0.0,0.0,0.0,0.0,0.0,0,0.0,0.0,0.0,0.0,0.0
0,0.0,23.0,13.0,0.0,0.0,68.0,86.0,88.0,0.0,0.0,0.0,0.0,0.0,0.0,0.0,0,0.0,0.0,0.0,0.0,0.0
0,0.0,23.0,1.0,0.0,0.0,68.0,86.0,88.0,0.0,0.0,0.0,0.0,0.0,0.0,0.0,0,0.0,0.0,0.0,0.0,0.0
0,0.0,27.0,3.0,0.0,0.0,67.0,83.0,83.0,0.0,0.0,0.0,0.0,0.0,0.0,0.0,0,0.0,0.0,0.0,0.0,0.0
0,0.0,26.0,0.0,0.0,0.0,88.0,85.0,93.0,0.0,0.0,0.0,0.0,0.0,0.0,0.0,0,0.0,0.0,0.0,0.0,0.0
0,0.0,22.0,27.0,0.0,0.0,78.0,96.0,97.0,0.0,0.0,0.0,0.0,0.0,0.0,0.0,0,0.0,0.0,0.0,0.0,0.0
0,0.0,26.0,1.0,0.0,0.0,76.0,0.0,0.0,0.0,0.0,0.0,0.0,0.0,0.0,0.0,0,0.0,0.0,0.0,0.0,0.0
0,0.0,24.0,13.0,0.0,0.0,76.0,88.0,93.0,0.0,0.0,0.0,0.0,0.0,0.0,0.0,0,0.0,0.0,0.0,0.0,0.0
0,0.0,23.0,21.0,0.0,0.0,84.0,87.0,86.0,0.0,0.0,0.0,0.0,0.0,0.0,0.0,0,0.0,0.0,0.0,0.0,0.0
0,0.0,22.0,33.0,0.0,0.0,81.0,86.0,96.0,0.0,0.0,0.0,0.0,0.0,0.0,0.0,0,0.0,0.0,0.0,0.0,0.0
0,0.0,30.0,27.0,0.0,0.0,78.0,84.0,86.0,0.0,0.0,0.0,0.0,0.0,0.0,0.0,0,0.0,0.0,0.0,0.0,0.0
0,0.0,26.0,12.0,0.0,0.0,73.0,86.0,89.0,0.0,0.0,0.0,0.0,0.0,0.0,0.0,0,0.0,0.0,0.0,0.0,0.0
0,0.0,29.0,30.0,0.0,0.0,66.0,74.0,82.0,0.0,0.0,0.0,0.0,0.0,0.0,0.0,0,0.0,0.0,0.0,0.0,0.0
0,0.0,22.0,38.0,0.0,0.0,80.0,84.0,87.0,0.0,0.0,0.0,0.0,0.0,0.0,0.0,0,0.0,0.0,0.0,0.0,0.0
0,0.0,22.0,0.0,0.0,0.0,80.0,84.0,87.0,0.0,0.0,0.0,0.0,0.0,0.0,0.0,0,0.0,0.0,0.0,0.0,0.0
0,0.0,22.0,19.0,0.0,0.0,80.0,84.0,87.0,0.0,0.0,0.0,0.0,0.0,0.0,0.0,0,0.0,0.0,0.0,0.0,0.0
0,0.0,31.0,3.0,0.0,0.0,79.0,64.0,67.0,0.0,0.0,0.0,0.0,0.0,0.0,0.0,0,0.0,0.0,0.0,0.0,0.0
0,0.0,29.0,27.0,0.0,0.0,75.0,85.0,91.0,0.0,0.0,0.0,0.0,0.0,0.0,0.0,0,0.0,0.0,0.0,0.0,0.0
0,0.0,27.0,0.0,0.0,0.0,68.0,63.0,65.0,0.0,0.0,0.0,0.0,0.0,0.0,0.0,0,0.0,0.0,0.0,0.0,0.0
0,0.0,23.0,37.0,0.0,0.0,64.0,83.0,88.0,0.0,0.0,0.0,0.0,0.0,0.0,0.0,0,0.0,0.0,0.0,0.0,0.0
0,0.0,23.0,11.0,0.0,0.0,64.0,83.0,88.0,0.0,0.0,0.0,0.0,0.0,0.0,0.0,0,0.0,0.0,0.0,0.0,0.0
0,0.0,23.0,2.0,0.0,0.0,64.0,83.0,88.0,0.0,0.0,0.0,0.0,0.0,0.0,0.0,0,0.0,0.0,0.0,0.0,0.0
0,0.0,23.0,0.0,0.0,0.0,64.0,83.0,88.0,0.0,0.0,0.0,0.0,0.0,0.0,0.0,0,0.0,0.0,0.0,0.0,0.0
0,0.0,30.0,0.0,0.0,0.0,60.0,89.0,91.0,0.0,0.0,0.0,0.0,0.0,0.0,0.0,0,0.0,0.0,0.0,0.0,0.0
0,0.0,0.0,113.0,1.0,4.0,84.0,84.0,85.0,0.0,0.0,0.0,0.0,0.0,0.0,0.0,0,0.0,0.0,0.0,0.0,0.0
0,0.0,0.0,96.0,0.0,3.0,75.0,87.0,88.0,0.0,0.0,0.0,0.0,0.0,0.0,0.0,0,0.0,0.0,0.0,0.0,0.0
0,0.0,0.0,46.0,0.0,1.0,71.0,0.0,0.0,0.0,0.0,0.0,0.0,0.0,0.0,0.0,0,0.0,0.0,0.0,0.0,0.0
0,0.0,26.0,0.0,0.0,0.0,85.0,85.0,87.0,0.0,0.0,0.0,0.0,0.0,0.0,0.0,0,0.0,0.0,0.0,0.0,0.0
0,0.0,26.0,10.0,0.0,0.0,85.0,85.0,87.0,0.0,0.0,0.0,0.0,0.0,0.0,0.0,0,0.0,0.0,0.0,0.0,0.0
0,0.0,26.0,0.0,0.0,0.0,72.0,0.0,0.0,0.0,0.0,0.0,0.0,0.0,0.0,0.0,0,0.0,0.0,0.0,0.0,0.0
0,0.0,23.0,16.0,0.0,0.0,70.0,86.0,87.0,0.0,0.0,0.0,0.0,0.0,0.0,0.0,0,0.0,0.0,0.0,0.0,0.0
0,0.0,22.0,0.0,0.0,0.0,67.0,0.0,0.0,0.0,0.0,0.0,0.0,0.0,0.0,0.0,0,0.0,0.0,0.0,0.0,0.0
0,0.0,25.0,3.0,0.0,0.0,61.0,75.0,75.0,0.0,0.0,0.0,0.0,0.0,0.0,0.0,0,0.0,0.0,0.0,0.0,0.0
0,0.0,23.0,21.0,0.0,0.0,87.0,92.0,93.0,0.0,0.0,0.0,0.0,0.0,0.0,0.0,0,0.0,0.0,0.0,0.0,0.0
0,0.0,27.0,0.0,0.0,0.0,77.0,0.0,0.0,0.0,0.0,0.0,0.0,0.0,0.0,0.0,0,0.0,0.0,0.0,0.0,0.0
0,0.0,26.0,7.0,0.0,0.0,69.0,88.0,90.0,0.0,0.0,0.0,0.0,0.0,0.0,0.0,0,0.0,0.0,0.0,0.0,0.0
0,0.0,28.0,3.0,0.0,0.0,67.0,78.0,81.0,0.0,0.0,0.0,0.0,0.0,0.0,0.0,0,0.0,0.0,0.0,0.0,0.0
0,0.0,28.0,24.0,0.0,0.0,67.0,78.0,81.0,0.0,0.0,0.0,0.0,0.0,0.0,0.0,0,0.0,0.0,0.0,0.0,0.0
0,0.0,26.0,50.0,0.0,1.0,85.0,89.0,92.0,0.0,0.0,0.0,0.0,0.0,0.0,0.0,0,0.0,0.0,0.0,0.0,0.0
0,0.0,22.0,6.0,0.0,0.0,77.0,88.0,92.0,0.0,0.0,0.0,0.0,0.0,0.0,0.0,0,0.0,0.0,0.0,0.0,0.0
0,0.0,22.0,25.0,0.0,0.0,77.0,88.0,92.0,0.0,0.0,0.0,0.0,0.0,0.0,0.0,0,0.0,0.0,0.0,0.0,0.0
0,0.0,25.0,0.0,0.0,0.0,70.0,0.0,0.0,0.0,0.0,0.0,0.0,0.0,0.0,0.0,0,0.0,0.0,0.0,0.0,0.0
0,0.0,24.0,21.0,0.0,0.0,68.0,0.0,0.0,0.0,0.0,0.0,0.0,0.0,0.0,0.0,0,0.0,0.0,0.0,0.0,0.0
0,0.0,23.0,3.0,0.0,0.0,65.0,76.0,82.0,0.0,0.0,0.0,0.0,0.0,0.0,0.0,0,0.0,0.0,0.0,0.0,0.0
0,0.0,28.0,3.0,0.0,0.0,90.0,78.0,84.0,0.0,0.0,0.0,0.0,0.0,0.0,0.0,0,0.0,0.0,0.0,0.0,0.0
0,0.0,28.0,16.0,0.0,0.0,90.0,78.0,84.0,0.0,0.0,0.0,0.0,0.0,0.0,0.0,0,0.0,0.0,0.0,0.0,0.0
0,0.0,28.0,9.0,0.0,0.0,90.0,78.0,84.0,0.0,0.0,0.0,0.0,0.0,0.0,0.0,0,0.0,0.0,0.0,0.0,0.0
0,0.0,28.0,3.0,0.0,0.0,90.0,78.0,84.0,0.0,0.0,0.0,0.0,0.0,0.0,0.0,0,0.0,0.0,0.0,0.0,0.0
0,0.0,24.0,74.0,1.0,3.0,89.0,93.0,95.0,0.0,0.0,0.0,0.0,0.0,0.0,0.0,0,0.0,0.0,0.0,0.0,0.0
0,0.0,24.0,31.0,0.0,0.0,69.0,83.0,86.0,0.0,0.0,0.0,0.0,0.0,0.0,0.0,0,0.0,0.0,0.0,0.0,0.0
0,0.0,25.0,0.0,0.0,0.0,68.0,0.0,0.0,0.0,0.0,0.0,0.0,0.0,0.0,0.0,0,0.0,0.0,0.0,0.0,0.0
0,0.0,27.0,0.0,0.0,0.0,67.0,87.0,90.0,0.0,0.0,0.0,0.0,0.0,0.0,0.0,0,0.0,0.0,0.0,0.0,0.0
0,0.0,27.0,5.0,0.0,0.0,67.0,87.0,90.0,0.0,0.0,0.0,0.0,0.0,0.0,0.0,0,0.0,0.0,0.0,0.0,0.0
0,0.0,24.0,0.0,0.0,0.0,62.0,79.0,86.0,0.0,0.0,0.0,0.0,0.0,0.0,0.0,0,0.0,0.0,0.0,0.0,0.0
0,0.0,29.0,51.0,1.0,2.0,88.0,85.0,87.0,0.0,0.0,0.0,0.0,0.0,0.0,0.0,0,0.0,0.0,0.0,0.0,0.0
0,0.0,24.0,0.0,0.0,0.0,70.0,0.0,0.0,0.0,0.0,0.0,0.0,0.0,0.0,0.0,0,0.0,0.0,0.0,0.0,0.0
0,0.0,24.0,0.0,0.0,0.0,70.0,0.0,0.0,0.0,0.0,0.0,0.0,0.0,0.0,0.0,0,0.0,0.0,0.0,0.0,0.0
0,0.0,23.0,66.0,2.0,4.0,68.0,93.0,96.0,0.0,0.0,0.0,0.0,0.0,0.0,0.0,0,0.0,0.0,0.0,0.0,0.0
0,0.0,24.0,4.0,0.0,0.0,68.0,81.0,85.0,0.0,0.0,0.0,0.0,0.0,0.0,0.0,0,0.0,0.0,0.0,0.0,0.0
0,0.0,23.0,0.0,0.0,0.0,64.0,85.0,84.0,0.0,0.0,0.0,0.0,0.0,0.0,0.0,0,0.0,0.0,0.0,0.0,0.0
0,0.0,27.0,41.0,0.0,1.0,89.0,91.0,92.0,0.0,0.0,0.0,0.0,0.0,0.0,0.0,0,0.0,0.0,0.0,0.0,0.0
0,0.0,32.0,0.0,0.0,0.0,77.0,83.0,88.0,0.0,0.0,0.0,0.0,0.0,0.0,0.0,0,0.0,0.0,0.0,0.0,0.0
0,0.0,32.0,77.0,1.0,1.0,77.0,83.0,88.0,0.0,0.0,0.0,0.0,0.0,0.0,0.0,0,0.0,0.0,0.0,0.0,0.0
0,0.0,27.0,0.0,0.0,0.0,71.0,66.0,70.0,0.0,0.0,0.0,0.0,0.0,0.0,0.0,0,0.0,0.0,0.0,0.0,0.0
0,0.0,26.0,0.0,0.0,0.0,67.0,84.0,87.0,0.0,0.0,0.0,0.0,0.0,0.0,0.0,0,0.0,0.0,0.0,0.0,0.0
0,0.0,24.0,11.0,0.0,0.0,97.0,95.0,97.0,0.0,0.0,0.0,0.0,0.0,0.0,0.0,0,0.0,0.0,0.0,0.0,0.0
0,0.0,24.0,101.0,4.0,7.0,97.0,95.0,97.0,0.0,0.0,0.0,0.0,0.0,0.0,0.0,0,0.0,0.0,0.0,0.0,0.0
0,0.0,28.0,0.0,0.0,0.0,78.0,0.0,0.0,0.0,0.0,0.0,0.0,0.0,0.0,0.0,0,0.0,0.0,0.0,0.0,0.0
0,0.0,29.0,41.0,0.0,0.0,78.0,86.0,88.0,0.0,0.0,0.0,0.0,0.0,0.0,0.0,0,0.0,0.0,0.0,0.0,0.0
0,0.0,33.0,0.0,0.0,0.0,82.0,88.0,89.0,0.0,0.0,0.0,0.0,0.0,0.0,0.0,0,0.0,0.0,0.0,0.0,0.0
0,0.0,33.0,88.0,0.0,1.0,82.0,88.0,89.0,0.0,0.0,0.0,0.0,0.0,0.0,0.0,0,0.0,0.0,0.0,0.0,0.0
0,0.0,24.0,26.0,0.0,0.0,78.0,83.0,85.0,0.0,0.0,0.0,0.0,0.0,0.0,0.0,0,0.0,0.0,0.0,0.0,0.0
0,0.0,32.0,27.0,0.0,0.0,75.0,82.0,85.0,0.0,0.0,0.0,0.0,0.0,0.0,0.0,0,0.0,0.0,0.0,0.0,0.0
0,0.0,33.0,56.0,0.0,0.0,74.0,85.0,87.0,0.0,0.0,0.0,0.0,0.0,0.0,0.0,0,0.0,0.0,0.0,0.0,0.0
0,0.0,26.0,9.0,0.0,0.0,65.0,0.0,0.0,0.0,0.0,0.0,0.0,0.0,0.0,0.0,0,0.0,0.0,0.0,0.0,0.0
0,0.0,30.0,8.0,0.0,0.0,82.0,0.0,0.0,0.0,0.0,0.0,0.0,0.0,0.0,0.0,0,0.0,0.0,0.0,0.0,0.0
0,0.0,24.0,61.0,0.0,0.0,79.0,97.0,98.0,0.0,0.0,0.0,0.0,0.0,0.0,0.0,0,0.0,0.0,0.0,0.0,0.0
0,0.0,24.0,0.0,0.0,0.0,77.0,84.0,87.0,0.0,0.0,0.0,0.0,0.0,0.0,0.0,0,0.0,0.0,0.0,0.0,0.0
0,0.0,27.0,36.0,0.0,0.0,90.0,86.0,92.0,0.0,0.0,0.0,0.0,0.0,0.0,0.0,0,0.0,0.0,0.0,0.0,0.0
0,0.0,28.0,2.0,0.0,0.0,87.0,0.0,0.0,0.0,0.0,0.0,0.0,0.0,0.0,0.0,0,0.0,0.0,0.0,0.0,0.0
0,0.0,23.0,42.0,0.0,0.0,73.0,92.0,93.0,0.0,0.0,0.0,0.0,0.0,0.0,0.0,0,0.0,0.0,0.0,0.0,0.0
0,0.0,22.0,0.0,0.0,0.0,71.0,88.0,82.0,0.0,0.0,0.0,0.0,0.0,0.0,0.0,0,0.0,0.0,0.0,0.0,0.0
0,0.0,22.0,7.0,0.0,0.0,71.0,88.0,82.0,0.0,0.0,0.0,0.0,0.0,0.0,0.0,0,0.0,0.0,0.0,0.0,0.0
0,0.0,24.0,0.0,0.0,0.0,66.0,84.0,85.0,0.0,0.0,0.0,0.0,0.0,0.0,0.0,0,0.0,0.0,0.0,0.0,0.0
0,0.0,37.0,0.0,0.0,1.0,97.0,75.0,84.0,0.0,0.0,0.0,0.0,0.0,0.0,0.0,0,0.0,0.0,0.0,0.0,0.0
0,0.0,31.0,62.0,0.0,1.0,90.0,87.0,93.0,0.0,0.0,0.0,0.0,0.0,0.0,0.0,0,0.0,0.0,0.0,0.0,0.0
0,0.0,27.0,30.0,1.0,2.0,79.0,93.0,97.0,0.0,0.0,0.0,0.0,0.0,0.0,0.0,0,0.0,0.0,0.0,0.0,0.0
0,0.0,24.0,23.0,0.0,0.0,73.0,82.0,85.0,0.0,0.0,0.0,0.0,0.0,0.0,0.0,0,0.0,0.0,0.0,0.0,0.0
0,0.0,26.0,0.0,0.0,0.0,62.0,82.0,80.0,0.0,0.0,0.0,0.0,0.0,0.0,0.0,0,0.0,0.0,0.0,0.0,0.0
0,0.0,38.0,14.0,2.0,4.0,91.0,65.0,66.0,0.0,0.0,0.0,0.0,0.0,0.0,0.0,0,0.0,0.0,0.0,0.0,0.0
0,0.0,29.0,20.0,0.0,0.0,79.0,88.0,90.0,0.0,0.0,0.0,0.0,0.0,0.0,0.0,0,0.0,0.0,0.0,0.0,0.0
0,0.0,22.0,39.0,0.0,0.0,79.0,94.0,96.0,0.0,0.0,0.0,0.0,0.0,0.0,0.0,0,0.0,0.0,0.0,0.0,0.0
0,0.0,25.0,25.0,0.0,0.0,75.0,80.0,85.0,0.0,0.0,0.0,0.0,0.0,0.0,0.0,0,0.0,0.0,0.0,0.0,0.0
0,0.0,25.0,0.0,0.0,0.0,74.0,70.0,72.0,0.0,0.0,0.0,0.0,0.0,0.0,0.0,0,0.0,0.0,0.0,0.0,0.0
0,0.0,29.0,69.0,1.0,2.0,94.0,94.0,99.0,0.0,0.0,0.0,0.0,0.0,0.0,0.0,0,0.0,0.0,0.0,0.0,0.0
0,0.0,26.0,0.0,0.0,0.0,82.0,79.0,84.0,0.0,0.0,0.0,0.0,0.0,0.0,0.0,0,0.0,0.0,0.0,0.0,0.0
0,0.0,21.0,83.0,2.0,6.0,75.0,92.0,95.0,0.0,0.0,0.0,0.0,0.0,0.0,0.0,0,0.0,0.0,0.0,0.0,0.0
0,0.0,25.0,4.0,0.0,0.0,66.0,92.0,95.0,0.0,0.0,0.0,0.0,0.0,0.0,0.0,0,0.0,0.0,0.0,0.0,0.0
0,0.0,28.0,19.0,0.0,0.0,86.0,95.0,95.0,0.0,0.0,0.0,0.0,0.0,0.0,0.0,0,0.0,0.0,0.0,0.0,0.0
0,0.0,28.0,25.0,0.0,0.0,86.0,95.0,95.0,0.0,0.0,0.0,0.0,0.0,0.0,0.0,0,0.0,0.0,0.0,0.0,0.0
0,0.0,28.0,0.0,0.0,0.0,86.0,95.0,95.0,0.0,0.0,0.0,0.0,0.0,0.0,0.0,0,0.0,0.0,0.0,0.0,0.0
0,0.0,28.0,0.0,0.0,0.0,77.0,77.0,82.0,0.0,0.0,0.0,0.0,0.0,0.0,0.0,0,0.0,0.0,0.0,0.0,0.0
0,0.0,27.0,29.0,0.0,0.0,73.0,84.0,88.0,0.0,0.0,0.0,0.0,0.0,0.0,0.0,0,0.0,0.0,0.0,0.0,0.0
0,0.0,22.0,29.0,0.0,0.0,72.0,83.0,91.0,0.0,0.0,0.0,0.0,0.0,0.0,0.0,0,0.0,0.0,0.0,0.0,0.0
0,0.0,23.0,1.0,0.0,0.0,54.0,75.0,80.0,0.0,0.0,0.0,0.0,0.0,0.0,0.0,0,0.0,0.0,0.0,0.0,0.0
0,0.0,30.0,129.0,3.0,5.0,94.0,90.0,91.0,0.0,0.0,0.0,0.0,0.0,0.0,0.0,0,0.0,0.0,0.0,0.0,0.0
0,0.0,26.0,62.0,0.0,3.0,85.0,94.0,98.0,0.0,0.0,0.0,0.0,0.0,0.0,0.0,0,0.0,0.0,0.0,0.0,0.0
0,0.0,24.0,0.0,0.0,0.0,73.0,76.0,74.0,0.0,0.0,0.0,0.0,0.0,0.0,0.0,0,0.0,0.0,0.0,0.0,0.0
0,0.0,24.0,6.0,0.0,0.0,70.0,79.0,88.0,0.0,0.0,0.0,0.0,0.0,0.0,0.0,0,0.0,0.0,0.0,0.0,0.0
0,0.0,23.0,0.0,0.0,0.0,65.0,79.0,81.0,0.0,0.0,0.0,0.0,0.0,0.0,0.0,0,0.0,0.0,0.0,0.0,0.0
0,0.0,26.0,94.0,0.0,5.0,91.0,92.0,93.0,0.0,0.0,0.0,0.0,0.0,0.0,0.0,0,0.0,0.0,0.0,0.0,0.0
0,0.0,31.0,1.0,0.0,0.0,77.0,0.0,0.0,0.0,0.0,0.0,0.0,0.0,0.0,0.0,0,0.0,0.0,0.0,0.0,0.0
0,0.0,22.0,2.0,0.0,0.0,69.0,87.0,92.0,0.0,0.0,0.0,0.0,0.0,0.0,0.0,0,0.0,0.0,0.0,0.0,0.0
0,0.0,26.0,0.0,0.0,0.0,65.0,76.0,84.0,0.0,0.0,0.0,0.0,0.0,0.0,0.0,0,0.0,0.0,0.0,0.0,0.0
0,0.0,26.0,7.0,0.0,1.0,65.0,76.0,84.0,0.0,0.0,0.0,0.0,0.0,0.0,0.0,0,0.0,0.0,0.0,0.0,0.0
0,0.0,27.0,0.0,0.0,0.0,62.0,0.0,0.0,0.0,0.0,0.0,0.0,0.0,0.0,0.0,0,0.0,0.0,0.0,0.0,0.0
0,0.0,29.0,11.0,0.0,0.0,77.0,0.0,0.0,0.0,0.0,0.0,0.0,0.0,0.0,0.0,0,0.0,0.0,0.0,0.0,0.0
0,0.0,24.0,1.0,0.0,0.0,77.0,0.0,0.0,0.0,0.0,0.0,0.0,0.0,0.0,0.0,0,0.0,0.0,0.0,0.0,0.0
0,0.0,28.0,38.0,0.0,0.0,75.0,84.0,86.0,0.0,0.0,0.0,0.0,0.0,0.0,0.0,0,0.0,0.0,0.0,0.0,0.0
0,0.0,23.0,32.0,0.0,1.0,68.0,88.0,90.0,0.0,0.0,0.0,0.0,0.0,0.0,0.0,0,0.0,0.0,0.0,0.0,0.0
0,0.0,28.0,22.0,0.0,0.0,66.0,74.0,80.0,0.0,0.0,0.0,0.0,0.0,0.0,0.0,0,0.0,0.0,0.0,0.0,0.0
0,0.0,26.0,75.0,0.0,3.0,92.0,86.0,92.0,0.0,0.0,0.0,0.0,0.0,0.0,0.0,0,0.0,0.0,0.0,0.0,0.0
0,0.0,28.0,2.0,0.0,0.0,80.0,0.0,0.0,0.0,0.0,0.0,0.0,0.0,0.0,0.0,0,0.0,0.0,0.0,0.0,0.0
0,0.0,23.0,3.0,0.0,0.0,70.0,86.0,88.0,0.0,0.0,0.0,0.0,0.0,0.0,0.0,0,0.0,0.0,0.0,0.0,0.0
0,0.0,26.0,4.0,0.0,0.0,66.0,86.0,90.0,0.0,0.0,0.0,0.0,0.0,0.0,0.0,0,0.0,0.0,0.0,0.0,0.0
0,0.0,23.0,7.0,0.0,0.0,65.0,82.0,84.0,0.0,0.0,0.0,0.0,0.0,0.0,0.0,0,0.0,0.0,0.0,0.0,0.0
0,0.0,29.0,25.0,0.0,0.0,84.0,88.0,91.0,0.0,0.0,0.0,0.0,0.0,0.0,0.0,0,0.0,0.0,0.0,0.0,0.0
0,0.0,29.0,4.0,0.0,0.0,80.0,0.0,0.0,0.0,0.0,0.0,0.0,0.0,0.0,0.0,0,0.0,0.0,0.0,0.0,0.0
0,0.0,29.0,0.0,0.0,0.0,79.0,82.0,86.0,0.0,0.0,0.0,0.0,0.0,0.0,0.0,0,0.0,0.0,0.0,0.0,0.0
0,0.0,27.0,0.0,0.0,0.0,72.0,86.0,90.0,0.0,0.0,0.0,0.0,0.0,0.0,0.0,0,0.0,0.0,0.0,0.0,0.0
0,0.0,24.0,0.0,0.0,0.0,67.0,88.0,90.0,0.0,0.0,0.0,0.0,0.0,0.0,0.0,0,0.0,0.0,0.0,0.0,0.0
0,0.0,23.0,15.0,0.0,0.0,88.0,99.0,98.0,0.0,0.0,0.0,0.0,0.0,0.0,0.0,0,0.0,0.0,0.0,0.0,0.0
0,0.0,23.0,70.0,1.0,3.0,88.0,99.0,98.0,0.0,0.0,0.0,0.0,0.0,0.0,0.0,0,0.0,0.0,0.0,0.0,0.0
0,0.0,29.0,0.0,0.0,0.0,86.0,76.0,77.0,0.0,0.0,0.0,0.0,0.0,0.0,0.0,0,0.0,0.0,0.0,0.0,0.0
0,0.0,24.0,14.0,0.0,0.0,79.0,78.0,87.0,0.0,0.0,0.0,0.0,0.0,0.0,0.0,0,0.0,0.0,0.0,0.0,0.0
0,0.0,22.0,5.0,0.0,0.0,67.0,85.0,84.0,0.0,0.0,0.0,0.0,0.0,0.0,0.0,0,0.0,0.0,0.0,0.0,0.0
0,0.0,24.0,16.0,0.0,0.0,63.0,85.0,86.0,0.0,0.0,0.0,0.0,0.0,0.0,0.0,0,0.0,0.0,0.0,0.0,0.0
0,0.0,24.0,1.0,0.0,0.0,63.0,85.0,86.0,0.0,0.0,0.0,0.0,0.0,0.0,0.0,0,0.0,0.0,0.0,0.0,0.0
0,0.0,27.0,72.0,0.0,2.0,93.0,91.0,95.0,0.0,0.0,0.0,0.0,0.0,0.0,0.0,0,0.0,0.0,0.0,0.0,0.0
0,0.0,34.0,0.0,0.0,0.0,89.0,0.0,0.0,0.0,0.0,0.0,0.0,0.0,0.0,0.0,0,0.0,0.0,0.0,0.0,0.0
0,0.0,30.0,31.0,0.0,0.0,72.0,79.0,83.0,0.0,0.0,0.0,0.0,0.0,0.0,0.0,0,0.0,0.0,0.0,0.0,0.0
0,0.0,29.0,9.0,0.0,0.0,68.0,82.0,88.0,0.0,0.0,0.0,0.0,0.0,0.0,0.0,0,0.0,0.0,0.0,0.0,0.0
0,0.0,22.0,0.0,0.0,0.0,52.0,0.0,0.0,0.0,0.0,0.0,0.0,0.0,0.0,0.0,0,0.0,0.0,0.0,0.0,0.0
73,228.0,22.0,14.0,0.0,0.0,82.0,89.0,0.0,85.0,80.0,68.0,49.0,88.0,0.0,92.0,0,86.0,98.0,78.0,84.0,78.0
72,222.0,24.0,26.0,0.0,0.0,79.0,84.0,0.0,76.0,78.0,75.0,80.0,86.0,0.0,87.0,0,80.0,88.0,74.0,65.0,70.0
70,212.0,28.0,0.0,0.0,0.0,69.0,82.0,0.0,80.0,66.0,70.0,72.0,76.0,0.0,65.0,0,77.0,63.0,74.0,77.0,72.0
67,180.0,23.0,9.0,0.0,0.0,67.0,92.0,0.0,92.0,45.0,52.0,77.0,68.0,0.0,37.0,0,85.0,40.0,87.0,93.0,74.0
71,255.0,28.0,0.0,0.0,0.0,57.0,83.0,0.0,71.0,65.0,65.0,62.0,60.0,0.0,72.0,0,66.0,75.0,65.0,69.0,48.0
70,244.0,28.0,55.0,1.0,2.0,90.0,87.0,0.0,82.0,85.0,93.0,50.0,95.0,0.0,97.0,0,97.0,98.0,86.0,88.0,66.0
73,245.0,30.0,6.0,0.0,1.0,88.0,71.0,0.0,65.0,86.0,78.0,66.0,75.0,0.0,85.0,0,70.0,87.0,35.0,46.0,68.0
71,202.0,27.0,20.0,0.0,0.0,75.0,95.0,0.0,86.0,62.0,74.0,77.0,75.0,0.0,60.0,0,77.0,55.0,82.0,81.0,77.0
71,229.0,26.0,21.0,0.0,0.0,74.0,80.0,0.0,77.0,84.0,77.0,75.0,87.0,0.0,92.0,0,76.0,90.0,58.0,65.0,65.0
72,260.0,25.0,13.0,1.0,2.0,90.0,79.0,0.0,74.0,82.0,78.0,70.0,87.0,0.0,90.0,0,75.0,86.0,68.0,72.0,80.0
68,205.0,23.0,63.0,0.0,3.0,90.0,89.0,0.0,96.0,76.0,79.0,80.0,89.0,0.0,74.0,0,95.0,80.0,88.0,84.0,85.0
72,232.0,28.0,56.0,0.0,2.0,83.0,86.0,0.0,84.0,79.0,85.0,65.0,91.0,0.0,88.0,0,92.0,99.0,82.0,83.0,67.0
71,220.0,23.0,1.0,0.0,0.0,66.0,82.0,0.0,79.0,71.0,55.0,64.0,83.0,0.0,83.0,0,51.0,76.0,68.0,75.0,85.0
73,215.0,29.0,0.0,0.0,0.0,83.0,88.0,0.0,87.0,76.0,76.0,77.0,83.0,0.0,86.0,0,84.0,79.0,85.0,83.0,80.0
71,215.0,24.0,74.0,1.0,5.0,81.0,87.0,0.0,83.0,78.0,76.0,60.0,90.0,0.0,88.0,0,77.0,94.0,84.0,82.0,84.0
70,196.0,23.0,34.0,0.0,1.0,79.0,95.0,0.0,95.0,62.0,57.0,74.0,85.0,0.0,59.0,0,73.0,55.0,91.0,97.0,88.0
72,258.0,31.0,0.0,0.0,0.0,70.0,75.0,0.0,69.0,85.0,60.0,68.0,66.0,0.0,70.0,0,40.0,78.0,30.0,30.0,55.0
69,217.0,27.0,61.0,0.0,1.0,92.0,94.0,0.0,97.0,66.0,86.0,67.0,96.0,0.0,70.0,0,96.0,67.0,94.0,95.0,74.0
70,235.0,23.0,48.0,0.0,1.0,88.0,90.0,0.0,86.0,77.0,76.0,72.0,90.0,0.0,94.0,0,88.0,92.0,82.0,87.0,85.0
70,235.0,23.0,0.0,0.0,0.0,88.0,90.0,0.0,86.0,77.0,76.0,72.0,90.0,0.0,94.0,0,88.0,92.0,82.0,87.0,85.0
72,242.0,24.0,1.0,0.0,0.0,66.0,82.0,0.0,72.0,80.0,55.0,55.0,78.0,0.0,78.0,0,75.0,79.0,74.0,78.0,65.0
68,213.0,23.0,0.0,0.0,0.0,65.0,88.0,0.0,88.0,64.0,35.0,65.0,72.0,0.0,65.0,0,65.0,63.0,71.0,79.0,80.0
72,212.0,23.0,7.0,0.0,0.0,65.0,91.0,0.0,94.0,52.0,46.0,77.0,58.0,0.0,47.0,0,62.0,70.0,82.0,86.0,86.0
71,225.0,27.0,36.0,0.0,0.0,89.0,89.0,0.0,86.0,81.0,87.0,56.0,95.0,0.0,94.0,0,93.0,90.0,85.0,86.0,74.0
70,200.0,26.0,9.0,0.0,0.0,74.0,93.0,0.0,90.0,62.0,52.0,70.0,66.0,0.0,68.0,0,81.0,54.0,86.0,84.0,74.0
73,230.0,26.0,11.0,0.0,0.0,70.0,78.0,0.0,80.0,74.0,75.0,77.0,83.0,0.0,79.0,0,75.0,78.0,70.0,65.0,79.0
72,260.0,26.0,0.0,0.0,0.0,68.0,73.0,0.0,70.0,78.0,55.0,64.0,73.0,0.0,74.0,0,65.0,75.0,49.0,57.0,66.0
72,250.0,27.0,3.0,0.0,0.0,88.0,73.0,0.0,74.0,82.0,70.0,66.0,78.0,0.0,84.0,0,70.0,85.0,45.0,55.0,68.0
69,205.0,27.0,12.0,0.0,0.0,83.0,92.0,0.0,95.0,61.0,78.0,77.0,85.0,0.0,52.0,0,92.0,55.0,93.0,95.0,79.0
73,240.0,24.0,21.0,0.0,0.0,77.0,84.0,0.0,79.0,76.0,73.0,70.0,85.0,0.0,84.0,0,82.0,75.0,67.0,75.0,75.0
70,225.0,23.0,4.0,0.0,0.0,74.0,85.0,0.0,87.0,69.0,44.0,63.0,84.0,0.0,83.0,0,89.0,71.0,81.0,84.0,75.0
71,218.0,24.0,0.0,0.0,0.0,69.0,93.0,0.0,83.0,64.0,45.0,59.0,87.0,0.0,77.0,0,75.0,72.0,70.0,74.0,75.0
71,218.0,24.0,8.0,0.0,0.0,69.0,93.0,0.0,83.0,64.0,45.0,59.0,87.0,0.0,77.0,0,75.0,72.0,70.0,74.0,75.0
71,218.0,24.0,13.0,0.0,0.0,69.0,93.0,0.0,83.0,64.0,45.0,59.0,87.0,0.0,77.0,0,75.0,72.0,70.0,74.0,75.0
71,218.0,24.0,1.0,0.0,0.0,69.0,93.0,0.0,83.0,64.0,45.0,59.0,87.0,0.0,77.0,0,75.0,72.0,70.0,74.0,75.0
70,218.0,24.0,0.0,0.0,0.0,65.0,86.0,0.0,88.0,67.0,40.0,57.0,74.0,0.0,62.0,0,69.0,75.0,85.0,77.0,72.0
72,222.0,27.0,0.0,0.0,0.0,84.0,84.0,0.0,83.0,77.0,87.0,75.0,87.0,0.0,88.0,0,88.0,95.0,74.0,82.0,68.0
72,218.0,23.0,27.0,0.0,0.0,83.0,96.0,0.0,93.0,62.0,76.0,62.0,79.0,0.0,64.0,0,92.0,68.0,93.0,92.0,80.0
70,212.0,25.0,13.0,0.0,0.0,77.0,87.0,0.0,89.0,66.0,68.0,72.0,75.0,0.0,65.0,0,85.0,63.0,82.0,88.0,85.0
70,246.0,27.0,1.0,0.0,0.0,76.0,73.0,0.0,76.0,80.0,58.0,72.0,75.0,0.0,80.0,0,45.0,80.0,40.0,50.0,65.0
71,210.0,23.0,33.0,0.0,0.0,82.0,88.0,0.0,97.0,69.0,62.0,77.0,72.0,0.0,76.0,0,85.0,65.0,92.0,94.0,85.0
72,223.0,31.0,27.0,0.0,0.0,78.0,87.0,0.0,82.0,70.0,82.0,71.0,83.0,0.0,79.0,0,84.0,76.0,74.0,76.0,68.0
69,212.0,27.0,12.0,0.0,0.0,69.0,86.0,0.0,86.0,62.0,67.0,72.0,69.0,0.0,62.0,0,71.0,54.0,82.0,83.0,68.0
74,243.0,26.0,5.0,0.0,0.0,50.0,72.0,0.0,70.0,78.0,60.0,55.0,55.0,0.0,55.0,0,35.0,49.0,25.0,30.0,75.0
73,217.0,23.0,38.0,0.0,0.0,80.0,86.0,0.0,83.0,76.0,75.0,68.0,87.0,0.0,85.0,0,87.0,77.0,78.0,73.0,80.0
73,217.0,23.0,0.0,0.0,0.0,80.0,86.0,0.0,83.0,76.0,75.0,68.0,87.0,0.0,85.0,0,87.0,77.0,78.0,73.0,80.0
73,217.0,23.0,19.0,0.0,0.0,80.0,86.0,0.0,83.0,76.0,75.0,68.0,87.0,0.0,85.0,0,87.0,77.0,78.0,73.0,80.0
72,246.0,24.0,3.0,0.0,1.0,78.0,73.0,0.0,70.0,77.0,68.0,75.0,76.0,0.0,70.0,0,55.0,80.0,55.0,65.0,70.0
69,190.0,22.0,13.0,0.0,0.0,75.0,95.0,0.0,97.0,55.0,57.0,71.0,82.0,0.0,49.0,0,92.0,58.0,86.0,86.0,83.0
71,216.0,30.0,27.0,0.0,0.0,74.0,88.0,0.0,87.0,64.0,80.0,74.0,76.0,0.0,55.0,0,84.0,56.0,85.0,81.0,67.0
73,205.0,24.0,37.0,0.0,0.0,67.0,95.0,0.0,89.0,59.0,45.0,77.0,67.0,0.0,49.0,0,62.0,46.0,87.0,89.0,78.0
73,205.0,24.0,11.0,0.0,0.0,67.0,95.0,0.0,89.0,59.0,45.0,77.0,67.0,0.0,49.0,0,62.0,46.0,87.0,89.0,78.0
73,205.0,24.0,2.0,0.0,0.0,67.0,95.0,0.0,89.0,59.0,45.0,77.0,67.0,0.0,49.0,0,62.0,46.0,87.0,89.0,78.0
73,205.0,24.0,0.0,0.0,0.0,67.0,95.0,0.0,89.0,59.0,45.0,77.0,67.0,0.0,49.0,0,62.0,46.0,87.0,89.0,78.0
73,222.0,27.0,0.0,0.0,0.0,88.0,88.0,0.0,83.0,81.0,89.0,66.0,92.0,0.0,94.0,0,93.0,95.0,82.0,84.0,82.0
73,222.0,27.0,10.0,0.0,0.0,88.0,88.0,0.0,83.0,81.0,89.0,66.0,92.0,0.0,94.0,0,93.0,95.0,82.0,84.0,82.0
72,250.0,27.0,0.0,0.0,0.0,73.0,71.0,0.0,73.0,74.0,60.0,69.0,72.0,0.0,76.0,0,56.0,65.0,40.0,45.0,60.0
72,236.0,27.0,0.0,0.0,0.0,72.0,74.0,0.0,76.0,74.0,65.0,66.0,72.0,0.0,72.0,0,50.0,75.0,45.0,55.0,74.0
70,216.0,24.0,16.0,0.0,0.0,70.0,86.0,0.0,90.0,62.0,62.0,74.0,70.0,0.0,60.0,0,78.0,44.0,82.0,87.0,84.0
73,255.0,23.0,0.0,0.0,0.0,66.0,70.0,0.0,66.0,67.0,58.0,46.0,65.0,0.0,70.0,0,55.0,70.0,50.0,60.0,60.0
74,218.0,24.0,26.0,0.0,0.0,65.0,88.0,0.0,84.0,66.0,37.0,75.0,82.0,0.0,76.0,0,43.0,64.0,73.0,68.0,69.0
69,215.0,24.0,21.0,0.0,0.0,78.0,93.0,0.0,95.0,64.0,75.0,78.0,58.0,0.0,57.0,0,87.0,61.0,93.0,94.0,80.0
72,265.0,28.0,0.0,0.0,0.0,77.0,62.0,0.0,66.0,84.0,68.0,75.0,70.0,0.0,74.0,0,60.0,78.0,35.0,45.0,65.0
71,218.0,22.0,0.0,0.0,0.0,72.0,89.0,0.0,87.0,62.0,48.0,66.0,77.0,0.0,77.0,0,85.0,65.0,81.0,83.0,79.0
71,218.0,22.0,14.0,0.0,0.0,72.0,89.0,0.0,87.0,62.0,48.0,66.0,77.0,0.0,77.0,0,85.0,65.0,81.0,83.0,79.0
68,208.0,27.0,7.0,0.0,0.0,68.0,88.0,0.0,89.0,59.0,68.0,64.0,69.0,0.0,57.0,0,75.0,50.0,88.0,85.0,70.0
73,215.0,24.0,0.0,0.0,0.0,67.0,84.0,0.0,81.0,77.0,55.0,62.0,80.0,0.0,82.0,0,77.0,81.0,77.0,66.0,68.0
71,214.0,27.0,50.0,0.0,1.0,86.0,90.0,0.0,96.0,63.0,84.0,80.0,87.0,0.0,64.0,0,90.0,62.0,91.0,97.0,80.0
70,210.0,23.0,6.0,0.0,0.0,78.0,89.0,0.0,88.0,68.0,65.0,70.0,84.0,0.0,77.0,0,78.0,69.0,85.0,83.0,93.0
70,210.0,23.0,25.0,0.0,0.0,78.0,89.0,0.0,88.0,68.0,65.0,70.0,84.0,0.0,77.0,0,78.0,69.0,85.0,83.0,93.0
73,255.0,26.0,0.0,0.0,0.0,70.0,72.0,0.0,66.0,74.0,64.0,68.0,68.0,0.0,70.0,0,40.0,75.0,35.0,45.0,55.0
75,236.0,25.0,21.0,0.0,0.0,68.0,79.0,0.0,76.0,65.0,67.0,84.0,78.0,0.0,68.0,0,65.0,68.0,49.0,58.0,70.0
69,206.0,24.0,3.0,0.0,0.0,65.0,76.0,0.0,79.0,69.0,65.0,74.0,88.0,0.0,70.0,0,70.0,70.0,55.0,65.0,80.0
70,191.0,24.0,0.0,0.0,0.0,59.0,95.0,0.0,92.0,48.0,36.0,74.0,59.0,0.0,39.0,0,76.0,39.0,74.0,87.0,84.0
66,176.0,22.0,0.0,0.0,0.0,58.0,93.0,0.0,96.0,34.0,32.0,72.0,54.0,0.0,25.0,0,78.0,22.0,88.0,94.0,85.0
67,208.0,25.0,74.0,1.0,3.0,96.0,94.0,0.0,96.0,77.0,89.0,81.0,79.0,0.0,88.0,0,97.0,82.0,95.0,95.0,82.0
73,254.0,29.0,3.0,0.0,0.0,84.0,78.0,0.0,77.0,79.0,74.0,65.0,88.0,0.0,89.0,0,85.0,96.0,55.0,70.0,64.0
73,254.0,29.0,16.0,0.0,0.0,84.0,78.0,0.0,77.0,79.0,74.0,65.0,88.0,0.0,89.0,0,85.0,96.0,55.0,70.0,64.0
73,254.0,29.0,9.0,0.0,0.0,84.0,78.0,0.0,77.0,79.0,74.0,65.0,88.0,0.0,89.0,0,85.0,96.0,55.0,70.0,64.0
73,254.0,29.0,3.0,0.0,0.0,84.0,78.0,0.0,77.0,79.0,74.0,65.0,88.0,0.0,89.0,0,85.0,96.0,55.0,70.0,64.0
73,235.0,25.0,31.0,0.0,0.0,69.0,83.0,0.0,83.0,78.0,40.0,71.0,79.0,0.0,88.0,0,69.0,87.0,75.0,67.0,68.0
68,209.0,23.0,4.0,0.0,0.0,69.0,90.0,0.0,87.0,67.0,39.0,60.0,74.0,0.0,76.0,0,65.0,69.0,85.0,82.0,75.0
70,225.0,26.0,0.0,0.0,0.0,68.0,80.0,0.0,72.0,70.0,52.0,65.0,80.0,0.0,74.0,0,60.0,65.0,45.0,60.0,70.0
70,212.0,32.0,62.0,0.0,1.0,88.0,87.0,0.0,87.0,77.0,91.0,63.0,95.0,0.0,87.0,0,92.0,85.0,83.0,84.0,79.0
71,199.0,24.0,66.0,2.0,4.0,87.0,97.0,0.0,96.0,58.0,77.0,78.0,76.0,0.0,64.0,0,95.0,66.0,93.0,96.0,80.0
72,252.0,25.0,0.0,0.0,0.0,70.0,70.0,0.0,62.0,85.0,60.0,60.0,68.0,0.0,68.0,0,40.0,70.0,40.0,42.0,60.0
72,252.0,25.0,0.0,0.0,0.0,70.0,70.0,0.0,62.0,85.0,60.0,60.0,68.0,0.0,68.0,0,40.0,70.0,40.0,42.0,60.0
71,219.0,25.0,4.0,0.0,0.0,68.0,79.0,0.0,80.0,73.0,69.0,67.0,85.0,0.0,80.0,0,73.0,74.0,77.0,64.0,92.0
74,238.0,26.0,0.0,0.0,0.0,65.0,82.0,0.0,74.0,74.0,49.0,60.0,78.0,0.0,86.0,0,65.0,82.0,70.0,80.0,84.0
72,245.0,28.0,0.0,0.0,0.0,91.0,75.0,0.0,74.0,84.0,82.0,64.0,75.0,0.0,88.0,0,50.0,60.0,35.0,47.0,66.0
72,230.0,28.0,41.0,0.0,1.0,89.0,92.0,0.0,92.0,75.0,84.0,65.0,97.0,0.0,76.0,0,92.0,78.0,97.0,91.0,77.0
70,230.0,33.0,0.0,0.0,0.0,87.0,87.0,0.0,86.0,79.0,90.0,69.0,87.0,0.0,90.0,0,94.0,93.0,85.0,84.0,77.0
70,230.0,33.0,77.0,1.0,1.0,87.0,87.0,0.0,86.0,79.0,90.0,69.0,87.0,0.0,90.0,0,94.0,93.0,85.0,84.0,77.0
71,240.0,26.0,3.0,0.0,0.0,66.0,80.0,0.0,72.0,83.0,48.0,74.0,78.0,0.0,82.0,0,75.0,83.0,74.0,72.0,70.0
71,206.0,25.0,0.0,0.0,0.0,65.0,93.0,0.0,86.0,58.0,39.0,64.0,60.0,0.0,74.0,0,64.0,54.0,74.0,83.0,75.0
0,0.0,0.0,11.0,0.0,0.0,98.0,97.0,0.0,0.0,0.0,0.0,0.0,0.0,0.0,0.0,0,99.0,99.0,97.0,99.0,0.0
0,0.0,0.0,101.0,4.0,7.0,98.0,97.0,0.0,0.0,0.0,0.0,0.0,0.0,0.0,0.0,0,99.0,99.0,97.0,99.0,0.0
0,0.0,0.0,0.0,0.0,0.0,76.0,0.0,0.0,0.0,0.0,0.0,0.0,0.0,0.0,0.0,0,0.0,0.0,0.0,0.0,0.0
0,0.0,0.0,16.0,0.0,0.0,71.0,0.0,0.0,0.0,0.0,0.0,0.0,0.0,0.0,0.0,0,0.0,0.0,0.0,0.0,0.0
0,0.0,0.0,0.0,0.0,0.0,64.0,0.0,0.0,0.0,0.0,0.0,0.0,0.0,0.0,0.0,0,0.0,0.0,0.0,0.0,0.0
0,0.0,0.0,0.0,0.0,0.0,56.0,0.0,0.0,0.0,0.0,0.0,0.0,0.0,0.0,0.0,0,0.0,0.0,0.0,0.0,0.0
72,220.0,33.0,27.0,0.0,0.0,80.0,82.0,0.0,82.0,76.0,84.0,75.0,83.0,0.0,85.0,0,80.0,81.0,65.0,58.0,76.0
71,220.0,25.0,26.0,0.0,0.0,78.0,86.0,0.0,78.0,80.0,80.0,52.0,88.0,0.0,87.0,0,82.0,94.0,85.0,78.0,78.0
73,228.0,34.0,0.0,0.0,0.0,77.0,87.0,0.0,86.0,68.0,87.0,52.0,72.0,0.0,72.0,0,90.0,62.0,82.0,85.0,85.0
73,228.0,34.0,88.0,0.0,1.0,77.0,87.0,0.0,86.0,68.0,87.0,52.0,72.0,0.0,72.0,0,90.0,62.0,82.0,85.0,85.0
68,202.0,34.0,56.0,0.0,0.0,75.0,85.0,0.0,87.0,60.0,92.0,88.0,78.0,0.0,39.0,0,90.0,55.0,88.0,88.0,72.0
71,215.0,25.0,0.0,0.0,0.0,69.0,84.0,0.0,86.0,69.0,45.0,66.0,76.0,0.0,82.0,0,70.0,78.0,72.0,76.0,78.0
71,215.0,25.0,0.0,0.0,0.0,84.0,86.0,0.0,85.0,75.0,80.0,76.0,87.0,0.0,88.0,0,86.0,83.0,83.0,80.0,80.0
72,203.0,25.0,61.0,0.0,0.0,83.0,97.0,0.0,99.0,60.0,81.0,88.0,62.0,0.0,65.0,0,62.0,60.0,95.0,98.0,90.0
72,250.0,30.0,8.0,0.0,0.0,82.0,77.0,0.0,79.0,76.0,76.0,72.0,85.0,0.0,86.0,0,78.0,78.0,65.0,78.0,59.0
72,235.0,25.0,0.0,0.0,0.0,69.0,83.0,0.0,82.0,75.0,55.0,62.0,78.0,0.0,83.0,0,67.0,77.0,70.0,76.0,65.0
75,266.0,29.0,2.0,0.0,0.0,86.0,67.0,0.0,65.0,85.0,84.0,63.0,72.0,0.0,70.0,0,65.0,77.0,45.0,55.0,52.0
76,264.0,28.0,36.0,0.0,0.0,84.0,85.0,0.0,82.0,85.0,84.0,60.0,92.0,0.0,96.0,0,87.0,98.0,77.0,82.0,65.0
69,198.0,24.0,42.0,0.0,0.0,78.0,93.0,0.0,95.0,67.0,65.0,66.0,75.0,0.0,65.0,0,83.0,60.0,84.0,94.0,80.0
72,224.0,23.0,0.0,0.0,0.0,69.0,87.0,0.0,77.0,78.0,45.0,69.0,85.0,0.0,86.0,0,81.0,79.0,67.0,66.0,67.0
72,224.0,23.0,7.0,0.0,0.0,69.0,87.0,0.0,77.0,78.0,45.0,69.0,85.0,0.0,86.0,0,81.0,79.0,67.0,66.0,67.0
72,234.0,25.0,0.0,0.0,0.0,66.0,84.0,0.0,81.0,71.0,57.0,55.0,66.0,0.0,83.0,0,84.0,75.0,65.0,78.0,74.0
73,238.0,38.0,0.0,0.0,1.0,94.0,75.0,0.0,75.0,78.0,97.0,75.0,84.0,0.0,80.0,0,80.0,85.0,60.0,66.0,70.0
70,221.0,31.0,129.0,3.0,5.0,83.0,87.0,0.0,87.0,67.0,90.0,70.0,90.0,0.0,78.0,0,90.0,80.0,75.0,84.0,73.0
71,226.0,25.0,23.0,0.0,0.0,80.0,86.0,0.0,85.0,79.0,68.0,58.0,88.0,0.0,91.0,0,86.0,88.0,83.0,77.0,84.0
72,194.0,22.0,7.0,0.0,0.0,69.0,91.0,0.0,93.0,52.0,46.0,73.0,66.0,0.0,52.0,0,66.0,50.0,88.0,94.0,87.0
71,246.0,23.0,0.0,0.0,0.0,67.0,72.0,0.0,67.0,74.0,45.0,53.0,73.0,0.0,75.0,0,58.0,72.0,66.0,61.0,65.0
71,246.0,23.0,0.0,0.0,0.0,67.0,72.0,0.0,67.0,74.0,45.0,53.0,73.0,0.0,75.0,0,58.0,72.0,66.0,61.0,65.0
71,222.0,25.0,0.0,0.0,0.0,62.0,79.0,0.0,75.0,73.0,60.0,66.0,85.0,0.0,84.0,0,65.0,75.0,72.0,40.0,80.0
73,245.0,26.0,25.0,0.0,0.0,77.0,84.0,0.0,82.0,79.0,68.0,79.0,84.0,0.0,85.0,0,74.0,87.0,67.0,76.0,75.0
74,210.0,23.0,39.0,0.0,0.0,77.0,94.0,0.0,87.0,67.0,65.0,69.0,69.0,0.0,81.0,0,72.0,76.0,88.0,78.0,90.0
68,213.0,29.0,9.0,0.0,0.0,69.0,82.0,0.0,75.0,78.0,79.0,62.0,84.0,0.0,87.0,0,78.0,88.0,80.0,54.0,52.0
72,240.0,30.0,0.0,0.0,0.0,60.0,82.0,0.0,82.0,74.0,52.0,73.0,74.0,0.0,70.0,0,60.0,68.0,70.0,72.0,70.0
72,250.0,27.0,0.0,0.0,0.0,90.0,79.0,0.0,75.0,81.0,87.0,82.0,87.0,0.0,87.0,0,82.0,86.0,72.0,68.0,80.0
71,208.0,22.0,83.0,2.0,6.0,79.0,93.0,0.0,96.0,62.0,67.0,80.0,70.0,0.0,58.0,0,79.0,60.0,91.0,94.0,80.0
72,225.0,27.0,45.0,0.0,0.0,77.0,85.0,0.0,78.0,78.0,77.0,62.0,87.0,0.0,88.0,0,77.0,86.0,73.0,77.0,69.0
72,225.0,27.0,0.0,0.0,0.0,77.0,85.0,0.0,78.0,78.0,77.0,62.0,87.0,0.0,88.0,0,77.0,86.0,73.0,77.0,69.0
69,207.0,25.0,0.0,0.0,0.0,68.0,84.0,0.0,84.0,67.0,55.0,64.0,71.0,0.0,74.0,0,65.0,66.0,83.0,75.0,74.0
70,225.0,23.0,29.0,0.0,0.0,87.0,89.0,0.0,84.0,79.0,79.0,66.0,87.0,0.0,93.0,0,88.0,92.0,87.0,86.0,80.0
71,209.0,28.0,29.0,0.0,0.0,74.0,85.0,0.0,89.0,60.0,74.0,79.0,69.0,0.0,62.0,0,83.0,55.0,87.0,88.0,65.0
71,229.0,21.0,8.0,0.0,0.0,67.0,88.0,0.0,77.0,79.0,39.0,40.0,77.0,0.0,92.0,0,75.0,84.0,74.0,86.0,75.0
70,240.0,24.0,1.0,0.0,0.0,58.0,75.0,0.0,74.0,74.0,44.0,58.0,80.0,0.0,86.0,0,67.0,83.0,72.0,65.0,65.0
66,185.0,27.0,62.0,0.0,3.0,81.0,95.0,0.0,98.0,56.0,74.0,79.0,72.0,0.0,52.0,0,92.0,64.0,94.0,97.0,70.0
72,218.0,23.0,44.0,0.0,1.0,77.0,92.0,0.0,87.0,69.0,50.0,60.0,87.0,0.0,88.0,0,74.0,92.0,77.0,82.0,75.0
69,243.0,25.0,0.0,0.0,0.0,74.0,81.0,0.0,68.0,79.0,60.0,78.0,79.0,0.0,68.0,0,50.0,75.0,40.0,60.0,60.0
71,235.0,25.0,6.0,0.0,0.0,74.0,79.0,0.0,78.0,72.0,45.0,78.0,85.0,0.0,80.0,0,75.0,75.0,65.0,50.0,70.0
69,215.0,26.0,0.0,0.0,0.0,66.0,86.0,0.0,85.0,69.0,36.0,62.0,73.0,0.0,83.0,0,65.0,77.0,72.0,69.0,68.0
69,217.0,27.0,94.0,0.0,5.0,93.0,93.0,0.0,92.0,77.0,88.0,78.0,80.0,0.0,86.0,0,97.0,87.0,93.0,94.0,72.0
73,250.0,32.0,1.0,0.0,0.0,77.0,65.0,0.0,70.0,88.0,70.0,64.0,74.0,0.0,70.0,0,55.0,75.0,38.0,48.0,64.0
72,220.0,23.0,2.0,0.0,0.0,71.0,87.0,0.0,87.0,69.0,60.0,55.0,80.0,0.0,80.0,0,75.0,70.0,73.0,77.0,77.0
73,223.0,27.0,0.0,0.0,0.0,68.0,78.0,0.0,74.0,79.0,66.0,75.0,83.0,0.0,86.0,0,70.0,75.0,60.0,49.0,85.0
73,223.0,27.0,7.0,0.0,1.0,68.0,78.0,0.0,74.0,79.0,66.0,75.0,83.0,0.0,86.0,0,70.0,75.0,60.0,49.0,85.0
72,233.0,22.0,7.0,0.0,0.0,67.0,82.0,0.0,78.0,78.0,39.0,50.0,84.0,0.0,90.0,0,85.0,84.0,77.0,72.0,65.0
68,203.0,28.0,30.0,1.0,2.0,80.0,93.0,0.0,94.0,62.0,75.0,77.0,76.0,0.0,53.0,0,87.0,66.0,92.0,94.0,67.0
74,245.0,25.0,1.0,0.0,0.0,77.0,73.0,0.0,70.0,85.0,60.0,55.0,85.0,0.0,88.0,0,50.0,85.0,40.0,55.0,60.0
70,208.0,29.0,38.0,0.0,0.0,77.0,87.0,0.0,85.0,67.0,78.0,60.0,84.0,0.0,76.0,0,88.0,65.0,84.0,74.0,69.0
68,198.0,24.0,32.0,0.0,1.0,76.0,90.0,0.0,91.0,65.0,67.0,74.0,73.0,0.0,56.0,0,80.0,45.0,85.0,88.0,80.0
73,207.0,25.0,0.0,0.0,0.0,58.0,87.0,0.0,85.0,62.0,32.0,64.0,65.0,0.0,67.0,0,42.0,62.0,72.0,84.0,78.0
74,236.0,27.0,75.0,0.0,3.0,95.0,87.0,0.0,87.0,87.0,95.0,83.0,90.0,0.0,95.0,0,95.0,97.0,86.0,87.0,74.0
71,260.0,29.0,2.0,0.0,0.0,85.0,74.0,0.0,72.0,82.0,76.0,74.0,81.0,0.0,82.0,0,70.0,78.0,52.0,62.0,50.0
70,219.0,27.0,4.0,0.0,0.0,66.0,86.0,0.0,87.0,58.0,54.0,68.0,65.0,0.0,61.0,0,74.0,50.0,77.0,81.0,80.0
72,225.0,24.0,7.0,0.0,0.0,64.0,82.0,0.0,78.0,79.0,56.0,72.0,74.0,0.0,85.0,0,65.0,82.0,60.0,55.0,67.0
69,225.0,30.0,0.0,0.0,0.0,78.0,79.0,0.0,77.0,76.0,80.0,72.0,84.0,0.0,83.0,0,78.0,88.0,75.0,65.0,64.0
71,217.0,28.0,0.0,0.0,0.0,77.0,87.0,0.0,86.0,68.0,75.0,60.0,83.0,0.0,80.0,0,86.0,63.0,75.0,85.0,75.0
71,228.0,30.0,25.0,0.0,0.0,75.0,86.0,0.0,80.0,71.0,68.0,78.0,79.0,0.0,79.0,0,72.0,73.0,82.0,74.0,59.0
69,190.0,25.0,0.0,0.0,0.0,68.0,88.0,0.0,86.0,55.0,60.0,67.0,65.0,0.0,69.0,0,62.0,56.0,72.0,87.0,78.0
71,260.0,24.0,0.0,0.0,0.0,63.0,70.0,0.0,69.0,76.0,46.0,61.0,72.0,0.0,73.0,0,50.0,69.0,45.0,60.0,65.0
71,221.0,28.0,72.0,0.0,2.0,85.0,87.0,0.0,88.0,67.0,92.0,62.0,86.0,0.0,76.0,0,95.0,73.0,86.0,87.0,79.0
75,273.0,35.0,0.0,0.0,0.0,84.0,70.0,0.0,70.0,78.0,87.0,79.0,74.0,0.0,86.0,0,70.0,75.0,55.0,60.0,60.0
73,230.0,30.0,51.0,1.0,2.0,81.0,85.0,0.0,79.0,79.0,84.0,60.0,91.0,0.0,90.0,0,88.0,96.0,75.0,79.0,71.0
70,209.0,29.0,19.0,0.0,0.0,77.0,95.0,0.0,79.0,64.0,82.0,54.0,82.0,0.0,74.0,0,74.0,73.0,84.0,75.0,59.0
70,209.0,29.0,25.0,0.0,0.0,77.0,95.0,0.0,79.0,64.0,82.0,54.0,82.0,0.0,74.0,0,74.0,73.0,84.0,75.0,59.0
70,209.0,29.0,0.0,0.0,0.0,77.0,95.0,0.0,79.0,64.0,82.0,54.0,82.0,0.0,74.0,0,74.0,73.0,84.0,75.0,59.0
0,0.0,0.0,26.0,0.0,0.0,75.0,84.0,87.0,76.0,78.0,83.0,0.0,80.0,0.0,87.0,0,0.0,0.0,0.0,0.0,0.0
0,0.0,0.0,14.0,0.0,0.0,73.0,88.0,82.0,82.0,79.0,66.0,0.0,54.0,0.0,90.0,0,0.0,0.0,0.0,0.0,0.0
0,0.0,0.0,1.0,0.0,0.0,73.0,87.0,94.0,92.0,68.0,44.0,0.0,70.0,0.0,85.0,0,0.0,0.0,0.0,0.0,0.0
0,0.0,0.0,9.0,0.0,0.0,72.0,93.0,95.0,94.0,47.0,62.0,0.0,77.0,0.0,37.0,0,0.0,0.0,0.0,0.0,0.0
0,0.0,0.0,0.0,0.0,0.0,69.0,72.0,76.0,74.0,86.0,64.0,0.0,56.0,0.0,84.0,0,0.0,0.0,0.0,0.0,0.0
0,0.0,0.0,5.0,0.0,1.0,69.0,80.0,75.0,72.0,78.0,60.0,0.0,73.0,0.0,58.0,0,0.0,0.0,0.0,0.0,0.0
0,0.0,0.0,0.0,0.0,0.0,67.0,82.0,85.0,80.0,66.0,70.0,0.0,72.0,0.0,65.0,0,0.0,0.0,0.0,0.0,0.0
0,0.0,0.0,0.0,0.0,0.0,64.0,83.0,85.0,73.0,66.0,70.0,0.0,62.0,0.0,72.0,0,0.0,0.0,0.0,0.0,0.0
0,0.0,0.0,0.0,0.0,0.0,61.0,70.0,72.0,66.0,82.0,55.0,0.0,65.0,0.0,70.0,0,0.0,0.0,0.0,0.0,0.0
0,0.0,0.0,0.0,0.0,0.0,58.0,94.0,87.0,85.0,64.0,34.0,0.0,56.0,0.0,68.0,0,0.0,0.0,0.0,0.0,0.0
0,0.0,0.0,6.0,0.0,1.0,94.0,72.0,77.0,65.0,86.0,85.0,0.0,66.0,0.0,85.0,0,0.0,0.0,0.0,0.0,0.0
0,0.0,0.0,55.0,1.0,2.0,93.0,87.0,89.0,83.0,85.0,97.0,0.0,55.0,0.0,98.0,0,0.0,0.0,0.0,0.0,0.0
0,0.0,0.0,21.0,0.0,0.0,74.0,81.0,86.0,79.0,84.0,78.0,0.0,75.0,0.0,92.0,0,0.0,0.0,0.0,0.0,0.0
0,0.0,0.0,24.0,0.0,0.0,69.0,84.0,97.0,94.0,54.0,45.0,0.0,75.0,0.0,43.0,0,0.0,0.0,0.0,0.0,0.0
0,0.0,0.0,20.0,0.0,0.0,61.0,95.0,93.0,48.0,59.0,70.0,0.0,75.0,0.0,50.0,0,0.0,0.0,0.0,0.0,0.0
0,0.0,0.0,0.0,0.0,0.0,57.0,79.0,82.0,78.0,79.0,55.0,0.0,49.0,0.0,84.0,0,0.0,0.0,0.0,0.0,0.0
0,0.0,0.0,0.0,0.0,0.0,57.0,92.0,94.0,93.0,49.0,35.0,0.0,70.0,0.0,37.0,0,0.0,0.0,0.0,0.0,0.0
0,0.0,0.0,63.0,0.0,3.0,92.0,90.0,98.0,96.0,84.0,81.0,0.0,80.0,0.0,76.0,0,0.0,0.0,0.0,0.0,0.0
0,0.0,0.0,13.0,1.0,2.0,90.0,79.0,84.0,74.0,81.0,80.0,0.0,67.0,0.0,90.0,0,0.0,0.0,0.0,0.0,0.0
0,0.0,0.0,56.0,0.0,2.0,79.0,85.0,81.0,80.0,80.0,86.0,0.0,60.0,0.0,90.0,0,0.0,0.0,0.0,0.0,0.0
0,0.0,0.0,0.0,0.0,0.0,76.0,67.0,69.0,65.0,78.0,78.0,0.0,59.0,0.0,70.0,0,0.0,0.0,0.0,0.0,0.0
0,0.0,0.0,7.0,0.0,0.0,60.0,84.0,81.0,79.0,77.0,33.0,0.0,60.0,0.0,91.0,0,0.0,0.0,0.0,0.0,0.0
0,0.0,0.0,1.0,0.0,0.0,60.0,84.0,81.0,79.0,77.0,33.0,0.0,60.0,0.0,91.0,0,0.0,0.0,0.0,0.0,0.0
0,0.0,0.0,1.0,0.0,0.0,60.0,82.0,86.0,79.0,71.0,55.0,0.0,64.0,0.0,83.0,0,0.0,0.0,0.0,0.0,0.0
0,0.0,0.0,0.0,0.0,0.0,58.0,85.0,87.0,84.0,66.0,36.0,0.0,66.0,0.0,65.0,0,0.0,0.0,0.0,0.0,0.0
0,0.0,0.0,0.0,0.0,0.0,80.0,88.0,87.0,85.0,76.0,79.0,0.0,75.0,0.0,84.0,0,0.0,0.0,0.0,0.0,0.0
0,0.0,0.0,34.0,0.0,1.0,75.0,95.0,97.0,95.0,59.0,64.0,0.0,74.0,0.0,55.0,0,0.0,0.0,0.0,0.0,0.0
0,0.0,0.0,0.0,0.0,0.0,71.0,75.0,74.0,69.0,85.0,66.0,0.0,68.0,0.0,70.0,0,0.0,0.0,0.0,0.0,0.0
0,0.0,0.0,0.0,0.0,0.0,66.0,86.0,89.0,92.0,70.0,35.0,0.0,72.0,0.0,83.0,0,0.0,0.0,0.0,0.0,0.0
0,0.0,0.0,3.0,0.0,0.0,65.0,86.0,87.0,79.0,74.0,65.0,0.0,63.0,0.0,77.0,0,0.0,0.0,0.0,0.0,0.0
0,0.0,0.0,0.0,0.0,0.0,50.0,82.0,80.0,72.0,75.0,38.0,0.0,72.0,0.0,84.0,0,0.0,0.0,0.0,0.0,0.0
0,0.0,0.0,61.0,0.0,1.0,89.0,94.0,93.0,94.0,67.0,83.0,0.0,60.0,0.0,65.0,0,0.0,0.0,0.0,0.0,0.0
0,0.0,0.0,48.0,0.0,1.0,81.0,90.0,86.0,82.0,78.0,78.0,0.0,65.0,0.0,93.0,0,0.0,0.0,0.0,0.0,0.0
0,0.0,0.0,0.0,0.0,0.0,81.0,90.0,86.0,82.0,78.0,78.0,0.0,65.0,0.0,93.0,0,0.0,0.0,0.0,0.0,0.0
0,0.0,0.0,7.0,0.0,0.0,74.0,93.0,95.0,95.0,54.0,68.0,0.0,81.0,0.0,54.0,0,0.0,0.0,0.0,0.0,0.0
0,0.0,0.0,1.0,0.0,0.0,63.0,82.0,75.0,72.0,78.0,55.0,0.0,55.0,0.0,78.0,0,0.0,0.0,0.0,0.0,0.0
0,0.0,0.0,0.0,0.0,0.0,62.0,82.0,86.0,77.0,75.0,52.0,0.0,63.0,0.0,85.0,0,0.0,0.0,0.0,0.0,0.0
0,0.0,0.0,0.0,0.0,0.0,60.0,88.0,93.0,88.0,64.0,35.0,0.0,65.0,0.0,65.0,0,0.0,0.0,0.0,0.0,0.0
0,0.0,0.0,0.0,0.0,0.0,58.0,77.0,75.0,77.0,69.0,31.0,0.0,70.0,0.0,68.0,0,0.0,0.0,0.0,0.0,0.0
0,0.0,0.0,84.0,0.0,2.0,89.0,91.0,89.0,88.0,72.0,87.0,0.0,83.0,0.0,79.0,0,0.0,0.0,0.0,0.0,0.0
0,0.0,0.0,41.0,0.0,0.0,77.0,86.0,88.0,88.0,66.0,83.0,0.0,77.0,0.0,65.0,0,0.0,0.0,0.0,0.0,0.0
0,0.0,0.0,8.0,0.0,0.0,68.0,64.0,75.0,62.0,85.0,77.0,0.0,70.0,0.0,60.0,0,0.0,0.0,0.0,0.0,0.0
0,0.0,0.0,2.0,0.0,0.0,65.0,90.0,92.0,93.0,49.0,64.0,0.0,71.0,0.0,33.0,0,0.0,0.0,0.0,0.0,0.0
0,0.0,0.0,0.0,0.0,0.0,63.0,84.0,87.0,79.0,68.0,50.0,0.0,65.0,0.0,77.0,0,0.0,0.0,0.0,0.0,0.0
0,0.0,0.0,0.0,0.0,0.0,58.0,74.0,75.0,75.0,73.0,46.0,0.0,66.0,0.0,83.0,0,0.0,0.0,0.0,0.0,0.0
0,0.0,0.0,0.0,0.0,0.0,50.0,77.0,81.0,76.0,66.0,60.0,0.0,68.0,0.0,73.0,0,0.0,0.0,0.0,0.0,0.0
0,0.0,0.0,36.0,0.0,0.0,81.0,87.0,86.0,82.0,80.0,85.0,0.0,48.0,0.0,92.0,0,0.0,0.0,0.0,0.0,0.0
0,0.0,0.0,9.0,0.0,0.0,75.0,93.0,92.0,90.0,63.0,63.0,0.0,68.0,0.0,68.0,0,0.0,0.0,0.0,0.0,0.0
0,0.0,0.0,0.0,0.0,0.0,68.0,70.0,75.0,69.0,77.0,64.0,0.0,61.0,0.0,77.0,0,0.0,0.0,0.0,0.0,0.0
0,0.0,0.0,11.0,0.0,0.0,66.0,78.0,82.0,80.0,74.0,75.0,0.0,77.0,0.0,79.0,0,0.0,0.0,0.0,0.0,0.0
0,0.0,0.0,0.0,0.0,0.0,63.0,73.0,69.0,70.0,78.0,55.0,0.0,64.0,0.0,74.0,0,0.0,0.0,0.0,0.0,0.0
0,0.0,0.0,4.0,0.0,1.0,62.0,91.0,84.0,88.0,75.0,55.0,0.0,70.0,0.0,52.0,0,0.0,0.0,0.0,0.0,0.0
0,0.0,0.0,21.0,0.0,0.0,91.0,87.0,91.0,86.0,84.0,92.0,0.0,79.0,0.0,99.0,0,0.0,0.0,0.0,0.0,0.0
0,0.0,0.0,3.0,0.0,0.0,90.0,73.0,80.0,74.0,82.0,74.0,0.0,66.0,0.0,84.0,0,0.0,0.0,0.0,0.0,0.0
0,0.0,0.0,45.0,0.0,0.0,71.0,85.0,86.0,76.0,77.0,77.0,0.0,56.0,0.0,86.0,0,0.0,0.0,0.0,0.0,0.0
0,0.0,0.0,0.0,0.0,0.0,71.0,85.0,86.0,76.0,77.0,77.0,0.0,56.0,0.0,86.0,0,0.0,0.0,0.0,0.0,0.0
0,0.0,0.0,4.0,0.0,0.0,71.0,85.0,88.0,87.0,69.0,44.0,0.0,63.0,0.0,83.0,0,0.0,0.0,0.0,0.0,0.0
0,0.0,0.0,0.0,0.0,0.0,67.0,73.0,77.0,69.0,76.0,60.0,0.0,45.0,0.0,78.0,0,0.0,0.0,0.0,0.0,0.0
0,0.0,0.0,0.0,0.0,0.0,60.0,86.0,89.0,87.0,63.0,33.0,0.0,67.0,0.0,64.0,0,0.0,0.0,0.0,0.0,0.0
0,0.0,0.0,0.0,0.0,0.0,54.0,69.0,74.0,67.0,76.0,40.0,0.0,58.0,0.0,74.0,0,0.0,0.0,0.0,0.0,0.0
0,0.0,0.0,27.0,0.0,0.0,81.0,96.0,96.0,92.0,62.0,74.0,0.0,63.0,0.0,58.0,0,0.0,0.0,0.0,0.0,0.0
0,0.0,0.0,0.0,0.0,0.0,75.0,80.0,82.0,79.0,77.0,86.0,0.0,70.0,0.0,83.0,0,0.0,0.0,0.0,0.0,0.0
0,0.0,0.0,13.0,0.0,0.0,74.0,87.0,91.0,86.0,66.0,76.0,0.0,72.0,0.0,62.0,0,0.0,0.0,0.0,0.0,0.0
0,0.0,0.0,60.0,1.0,3.0,69.0,93.0,91.0,82.0,67.0,52.0,0.0,82.0,0.0,77.0,0,0.0,0.0,0.0,0.0,0.0
0,0.0,0.0,0.0,0.0,0.0,69.0,73.0,76.0,74.0,67.0,68.0,0.0,72.0,0.0,69.0,0,0.0,0.0,0.0,0.0,0.0
0,0.0,0.0,0.0,0.0,0.0,66.0,69.0,82.0,76.0,78.0,56.0,0.0,68.0,0.0,75.0,0,0.0,0.0,0.0,0.0,0.0
0,0.0,0.0,0.0,0.0,0.0,57.0,90.0,88.0,82.0,69.0,37.0,0.0,48.0,0.0,75.0,0,0.0,0.0,0.0,0.0,0.0
0,0.0,0.0,33.0,0.0,0.0,85.0,88.0,96.0,97.0,69.0,71.0,0.0,80.0,0.0,75.0,0,0.0,0.0,0.0,0.0,0.0
0,0.0,0.0,27.0,0.0,0.0,76.0,87.0,89.0,82.0,70.0,82.0,0.0,69.0,0.0,78.0,0,0.0,0.0,0.0,0.0,0.0
0,0.0,0.0,14.0,0.0,0.0,73.0,79.0,82.0,75.0,80.0,76.0,0.0,54.0,0.0,90.0,0,0.0,0.0,0.0,0.0,0.0
0,0.0,0.0,26.0,0.0,0.0,71.0,89.0,76.0,77.0,75.0,75.0,0.0,43.0,0.0,84.0,0,0.0,0.0,0.0,0.0,0.0
0,0.0,0.0,0.0,0.0,0.0,66.0,85.0,86.0,84.0,69.0,64.0,0.0,64.0,0.0,78.0,0,0.0,0.0,0.0,0.0,0.0
0,0.0,0.0,5.0,0.0,0.0,64.0,72.0,75.0,70.0,78.0,74.0,0.0,55.0,0.0,55.0,0,0.0,0.0,0.0,0.0,0.0
0,0.0,0.0,0.0,0.0,0.0,63.0,73.0,75.0,68.0,84.0,60.0,0.0,64.0,0.0,85.0,0,0.0,0.0,0.0,0.0,0.0
0,0.0,0.0,13.0,0.0,0.0,80.0,96.0,97.0,97.0,59.0,64.0,0.0,72.0,0.0,62.0,0,0.0,0.0,0.0,0.0,0.0
0,0.0,0.0,27.0,0.0,0.0,77.0,88.0,89.0,87.0,64.0,81.0,0.0,74.0,0.0,61.0,0,0.0,0.0,0.0,0.0,0.0
0,0.0,0.0,3.0,0.0,1.0,76.0,73.0,76.0,70.0,80.0,72.0,0.0,75.0,0.0,70.0,0,0.0,0.0,0.0,0.0,0.0
0,0.0,0.0,38.0,0.0,0.0,74.0,85.0,81.0,78.0,75.0,76.0,0.0,65.0,0.0,81.0,0,0.0,0.0,0.0,0.0,0.0
0,0.0,0.0,0.0,0.0,0.0,74.0,85.0,81.0,78.0,75.0,76.0,0.0,65.0,0.0,81.0,0,0.0,0.0,0.0,0.0,0.0
0,0.0,0.0,19.0,0.0,0.0,74.0,85.0,81.0,78.0,75.0,76.0,0.0,65.0,0.0,81.0,0,0.0,0.0,0.0,0.0,0.0
0,0.0,0.0,5.0,0.0,0.0,72.0,85.0,93.0,83.0,75.0,49.0,0.0,65.0,0.0,87.0,0,0.0,0.0,0.0,0.0,0.0
0,0.0,0.0,37.0,0.0,0.0,63.0,95.0,94.0,89.0,59.0,45.0,0.0,77.0,0.0,49.0,0,0.0,0.0,0.0,0.0,0.0
0,0.0,0.0,11.0,0.0,0.0,63.0,95.0,94.0,89.0,59.0,45.0,0.0,77.0,0.0,49.0,0,0.0,0.0,0.0,0.0,0.0
0,0.0,0.0,2.0,0.0,0.0,63.0,95.0,94.0,89.0,59.0,45.0,0.0,77.0,0.0,49.0,0,0.0,0.0,0.0,0.0,0.0
0,0.0,0.0,0.0,0.0,0.0,63.0,95.0,94.0,89.0,59.0,45.0,0.0,77.0,0.0,49.0,0,0.0,0.0,0.0,0.0,0.0
0,0.0,0.0,0.0,0.0,0.0,62.0,89.0,83.0,85.0,64.0,50.0,0.0,52.0,0.0,68.0,0,0.0,0.0,0.0,0.0,0.0
0,0.0,0.0,0.0,0.0,0.0,51.0,66.0,72.0,64.0,68.0,56.0,0.0,65.0,0.0,55.0,0,0.0,0.0,0.0,0.0,0.0
0,0.0,0.0,0.0,0.0,0.0,82.0,87.0,82.0,81.0,81.0,85.0,0.0,64.0,0.0,93.0,0,0.0,0.0,0.0,0.0,0.0
0,0.0,0.0,10.0,0.0,0.0,82.0,87.0,82.0,81.0,81.0,85.0,0.0,64.0,0.0,93.0,0,0.0,0.0,0.0,0.0,0.0
0,0.0,0.0,0.0,0.0,0.0,79.0,79.0,83.0,75.0,77.0,68.0,0.0,70.0,0.0,87.0,0,0.0,0.0,0.0,0.0,0.0
0,0.0,0.0,26.0,0.0,0.0,77.0,91.0,89.0,86.0,69.0,65.0,0.0,75.0,0.0,84.0,0,0.0,0.0,0.0,0.0,0.0
0,0.0,0.0,0.0,0.0,0.0,73.0,74.0,79.0,76.0,76.0,67.0,0.0,66.0,0.0,72.0,0,0.0,0.0,0.0,0.0,0.0
0,0.0,0.0,16.0,0.0,0.0,72.0,89.0,92.0,92.0,63.0,75.0,0.0,75.0,0.0,52.0,0,0.0,0.0,0.0,0.0,0.0
0,0.0,0.0,0.0,0.0,0.0,66.0,70.0,75.0,66.0,67.0,58.0,0.0,46.0,0.0,70.0,0,0.0,0.0,0.0,0.0,0.0
0,0.0,0.0,0.0,0.0,0.0,64.0,87.0,91.0,88.0,72.0,38.0,0.0,76.0,0.0,75.0,0,0.0,0.0,0.0,0.0,0.0
0,0.0,0.0,5.0,0.0,0.0,64.0,87.0,91.0,88.0,72.0,38.0,0.0,76.0,0.0,75.0,0,0.0,0.0,0.0,0.0,0.0
0,0.0,0.0,0.0,0.0,0.0,62.0,82.0,89.0,85.0,72.0,31.0,0.0,68.0,0.0,85.0,0,0.0,0.0,0.0,0.0,0.0
0,0.0,0.0,0.0,0.0,0.0,92.0,91.0,93.0,91.0,77.0,78.0,0.0,69.0,0.0,94.0,0,0.0,0.0,0.0,0.0,0.0
0,0.0,0.0,0.0,0.0,0.0,91.0,69.0,80.0,68.0,84.0,84.0,0.0,69.0,0.0,74.0,0,0.0,0.0,0.0,0.0,0.0
0,0.0,0.0,25.0,0.0,0.0,73.0,86.0,87.0,79.0,70.0,75.0,0.0,78.0,0.0,81.0,0,0.0,0.0,0.0,0.0,0.0
0,0.0,0.0,21.0,0.0,0.0,72.0,93.0,93.0,94.0,63.0,71.0,0.0,74.0,0.0,52.0,0,0.0,0.0,0.0,0.0,0.0
0,0.0,0.0,0.0,0.0,0.0,69.0,89.0,92.0,87.0,62.0,48.0,0.0,66.0,0.0,77.0,0,0.0,0.0,0.0,0.0,0.0
0,0.0,0.0,14.0,0.0,0.0,69.0,89.0,92.0,87.0,62.0,48.0,0.0,66.0,0.0,77.0,0,0.0,0.0,0.0,0.0,0.0
0,0.0,0.0,7.0,0.0,0.0,61.0,83.0,86.0,78.0,79.0,60.0,0.0,72.0,0.0,85.0,0,0.0,0.0,0.0,0.0,0.0
0,0.0,0.0,7.0,0.0,0.0,61.0,82.0,86.0,80.0,64.0,66.0,0.0,80.0,0.0,79.0,0,0.0,0.0,0.0,0.0,0.0
0,0.0,0.0,50.0,0.0,1.0,82.0,90.0,93.0,94.0,62.0,83.0,0.0,77.0,0.0,58.0,0,0.0,0.0,0.0,0.0,0.0
0,0.0,0.0,6.0,0.0,0.0,72.0,89.0,86.0,82.0,67.0,66.0,0.0,64.0,0.0,75.0,0,0.0,0.0,0.0,0.0,0.0
0,0.0,0.0,25.0,0.0,0.0,72.0,89.0,86.0,82.0,67.0,66.0,0.0,64.0,0.0,75.0,0,0.0,0.0,0.0,0.0,0.0
0,0.0,0.0,3.0,0.0,0.0,71.0,79.0,88.0,85.0,70.0,70.0,0.0,74.0,0.0,76.0,0,0.0,0.0,0.0,0.0,0.0
0,0.0,0.0,3.0,0.0,0.0,68.0,85.0,88.0,85.0,73.0,43.0,0.0,54.0,0.0,88.0,0,0.0,0.0,0.0,0.0,0.0
0,0.0,0.0,0.0,0.0,0.0,63.0,81.0,85.0,82.0,72.0,48.0,0.0,69.0,0.0,83.0,0,0.0,0.0,0.0,0.0,0.0
0,0.0,0.0,0.0,0.0,0.0,61.0,72.0,70.0,66.0,74.0,64.0,0.0,67.0,0.0,70.0,0,0.0,0.0,0.0,0.0,0.0
0,0.0,0.0,0.0,0.0,0.0,58.0,95.0,94.0,92.0,48.0,36.0,0.0,74.0,0.0,39.0,0,0.0,0.0,0.0,0.0,0.0
0,0.0,0.0,74.0,1.0,3.0,95.0,94.0,95.0,96.0,78.0,89.0,0.0,79.0,0.0,89.0,0,0.0,0.0,0.0,0.0,0.0
0,0.0,0.0,3.0,0.0,0.0,84.0,78.0,80.0,77.0,79.0,74.0,0.0,65.0,0.0,89.0,0,0.0,0.0,0.0,0.0,0.0
0,0.0,0.0,16.0,0.0,0.0,84.0,78.0,80.0,77.0,79.0,74.0,0.0,65.0,0.0,89.0,0,0.0,0.0,0.0,0.0,0.0
0,0.0,0.0,9.0,0.0,0.0,84.0,78.0,80.0,77.0,79.0,74.0,0.0,65.0,0.0,89.0,0,0.0,0.0,0.0,0.0,0.0
0,0.0,0.0,3.0,0.0,0.0,84.0,78.0,80.0,77.0,79.0,74.0,0.0,65.0,0.0,89.0,0,0.0,0.0,0.0,0.0,0.0
0,0.0,0.0,0.0,0.0,0.0,84.0,82.0,86.0,78.0,77.0,83.0,0.0,65.0,0.0,77.0,0,0.0,0.0,0.0,0.0,0.0
0,0.0,0.0,31.0,0.0,0.0,74.0,84.0,87.0,83.0,78.0,65.0,0.0,71.0,0.0,89.0,0,0.0,0.0,0.0,0.0,0.0
0,0.0,0.0,4.0,0.0,0.0,66.0,90.0,92.0,90.0,67.0,44.0,0.0,60.0,0.0,74.0,0,0.0,0.0,0.0,0.0,0.0
0,0.0,0.0,0.0,0.0,0.0,64.0,72.0,76.0,74.0,68.0,60.0,0.0,64.0,0.0,73.0,0,0.0,0.0,0.0,0.0,0.0
0,0.0,0.0,66.0,2.0,4.0,95.0,98.0,98.0,98.0,60.0,86.0,0.0,79.0,0.0,73.0,0,0.0,0.0,0.0,0.0,0.0
0,0.0,0.0,62.0,0.0,1.0,84.0,86.0,85.0,85.0,76.0,91.0,0.0,60.0,0.0,86.0,0,0.0,0.0,0.0,0.0,0.0
0,0.0,0.0,0.0,0.0,0.0,73.0,76.0,78.0,66.0,76.0,64.0,0.0,66.0,0.0,80.0,0,0.0,0.0,0.0,0.0,0.0
0,0.0,0.0,0.0,0.0,0.0,66.0,82.0,85.0,76.0,75.0,59.0,0.0,60.0,0.0,86.0,0,0.0,0.0,0.0,0.0,0.0
0,0.0,0.0,0.0,0.0,0.0,66.0,70.0,70.0,62.0,85.0,60.0,0.0,60.0,0.0,68.0,0,0.0,0.0,0.0,0.0,0.0
0,0.0,0.0,0.0,0.0,0.0,66.0,70.0,70.0,62.0,85.0,60.0,0.0,60.0,0.0,68.0,0,0.0,0.0,0.0,0.0,0.0
0,0.0,0.0,0.0,0.0,0.0,90.0,75.0,78.0,73.0,84.0,82.0,0.0,63.0,0.0,88.0,0,0.0,0.0,0.0,0.0,0.0
0,0.0,0.0,41.0,0.0,1.0,84.0,91.0,90.0,89.0,72.0,82.0,0.0,58.0,0.0,75.0,0,0.0,0.0,0.0,0.0,0.0
0,0.0,0.0,0.0,0.0,0.0,80.0,85.0,86.0,84.0,79.0,88.0,0.0,67.0,0.0,86.0,0,0.0,0.0,0.0,0.0,0.0
0,0.0,0.0,77.0,1.0,1.0,80.0,85.0,86.0,84.0,79.0,88.0,0.0,67.0,0.0,86.0,0,0.0,0.0,0.0,0.0,0.0
0,0.0,0.0,11.0,0.0,0.0,70.0,83.0,89.0,87.0,73.0,42.0,0.0,73.0,0.0,83.0,0,0.0,0.0,0.0,0.0,0.0
0,0.0,0.0,5.0,0.0,0.0,70.0,83.0,89.0,87.0,73.0,42.0,0.0,73.0,0.0,83.0,0,0.0,0.0,0.0,0.0,0.0
0,0.0,0.0,0.0,0.0,0.0,64.0,85.0,88.0,86.0,65.0,65.0,0.0,84.0,0.0,54.0,0,0.0,0.0,0.0,0.0,0.0
0,0.0,0.0,3.0,0.0,0.0,60.0,80.0,79.0,72.0,83.0,48.0,0.0,74.0,0.0,82.0,0,0.0,0.0,0.0,0.0,0.0
0,0.0,0.0,0.0,0.0,0.0,59.0,93.0,95.0,86.0,58.0,39.0,0.0,64.0,0.0,74.0,0,0.0,0.0,0.0,0.0,0.0
0,0.0,0.0,11.0,0.0,0.0,97.0,97.0,97.0,98.0,84.0,87.0,60.0,81.0,0.0,90.0,0,99.0,97.0,95.0,98.0,85.0
0,0.0,0.0,101.0,4.0,7.0,97.0,97.0,97.0,98.0,84.0,87.0,60.0,81.0,0.0,90.0,0,99.0,97.0,95.0,98.0,85.0
0,0.0,0.0,0.0,0.0,0.0,77.0,78.0,82.0,70.0,86.0,67.0,62.0,78.0,0.0,75.0,0,66.0,88.0,45.0,60.0,60.0
0,0.0,0.0,16.0,0.0,0.0,72.0,85.0,82.0,86.0,77.0,69.0,55.0,77.0,0.0,89.0,0,88.0,88.0,84.0,76.0,72.0
0,0.0,0.0,4.0,0.0,0.0,66.0,92.0,93.0,93.0,45.0,65.0,74.0,64.0,0.0,33.0,0,77.0,30.0,88.0,92.0,89.0
0,0.0,0.0,0.0,0.0,0.0,65.0,82.0,85.0,80.0,73.0,62.0,62.0,74.0,0.0,77.0,0,74.0,68.0,81.0,71.0,75.0
0,0.0,0.0,0.0,0.0,0.0,41.0,69.0,74.0,67.0,75.0,60.0,46.0,65.0,0.0,32.0,0,10.0,10.0,10.0,10.0,67.0
0,0.0,0.0,0.0,0.0,0.0,82.0,94.0,96.0,96.0,54.0,76.0,0.0,80.0,0.0,44.0,0,0.0,0.0,0.0,0.0,0.0
0,0.0,0.0,0.0,0.0,0.0,82.0,84.0,87.0,79.0,78.0,77.0,0.0,46.0,0.0,94.0,0,0.0,0.0,0.0,0.0,0.0
0,0.0,0.0,27.0,0.0,0.0,81.0,82.0,85.0,82.0,76.0,84.0,0.0,75.0,0.0,85.0,0,0.0,0.0,0.0,0.0,0.0
0,0.0,0.0,25.0,0.0,0.0,69.0,90.0,85.0,89.0,57.0,51.0,0.0,81.0,0.0,62.0,0,0.0,0.0,0.0,0.0,0.0
0,0.0,0.0,25.0,0.0,0.0,67.0,81.0,88.0,78.0,76.0,39.0,0.0,64.0,0.0,93.0,0,0.0,0.0,0.0,0.0,0.0
0,0.0,0.0,0.0,0.0,0.0,60.0,87.0,91.0,82.0,68.0,54.0,0.0,70.0,0.0,70.0,0,0.0,0.0,0.0,0.0,0.0
0,0.0,0.0,8.0,0.0,0.0,82.0,77.0,82.0,79.0,76.0,76.0,0.0,72.0,0.0,86.0,0,0.0,0.0,0.0,0.0,0.0
0,0.0,0.0,36.0,0.0,0.0,79.0,85.0,95.0,90.0,74.0,53.0,0.0,73.0,0.0,87.0,0,0.0,0.0,0.0,0.0,0.0
0,0.0,0.0,66.0,0.0,3.0,79.0,85.0,95.0,90.0,74.0,53.0,0.0,73.0,0.0,87.0,0,0.0,0.0,0.0,0.0,0.0
0,0.0,0.0,0.0,0.0,0.0,78.0,86.0,85.0,84.0,75.0,83.0,0.0,74.0,0.0,82.0,0,0.0,0.0,0.0,0.0,0.0
0,0.0,0.0,0.0,0.0,0.0,74.0,88.0,85.0,79.0,74.0,72.0,0.0,55.0,0.0,88.0,0,0.0,0.0,0.0,0.0,0.0
0,0.0,0.0,61.0,0.0,0.0,73.0,96.0,97.0,97.0,57.0,76.0,0.0,85.0,0.0,62.0,0,0.0,0.0,0.0,0.0,0.0
0,0.0,0.0,0.0,0.0,0.0,63.0,83.0,85.0,82.0,75.0,55.0,0.0,62.0,0.0,83.0,0,0.0,0.0,0.0,0.0,0.0
0,0.0,0.0,0.0,0.0,0.0,62.0,74.0,72.0,69.0,66.0,55.0,0.0,63.0,0.0,69.0,0,0.0,0.0,0.0,0.0,0.0
0,0.0,0.0,3.0,0.0,0.0,61.0,81.0,75.0,72.0,78.0,65.0,0.0,71.0,0.0,86.0,0,0.0,0.0,0.0,0.0,0.0
0,0.0,0.0,0.0,0.0,0.0,56.0,85.0,84.0,77.0,75.0,24.0,0.0,69.0,0.0,85.0,0,0.0,0.0,0.0,0.0,0.0
0,0.0,0.0,42.0,0.0,0.0,85.0,93.0,96.0,94.0,68.0,75.0,0.0,66.0,0.0,84.0,0,0.0,0.0,0.0,0.0,0.0
0,0.0,0.0,2.0,0.0,0.0,83.0,67.0,73.0,65.0,84.0,84.0,0.0,63.0,0.0,70.0,0,0.0,0.0,0.0,0.0,0.0
0,0.0,0.0,36.0,0.0,0.0,80.0,85.0,83.0,77.0,85.0,85.0,0.0,55.0,0.0,96.0,0,0.0,0.0,0.0,0.0,0.0
0,0.0,0.0,3.0,0.0,0.0,72.0,65.0,72.0,66.0,78.0,67.0,0.0,69.0,0.0,66.0,0,0.0,0.0,0.0,0.0,0.0
0,0.0,0.0,0.0,0.0,0.0,63.0,84.0,86.0,81.0,71.0,57.0,0.0,55.0,0.0,83.0,0,0.0,0.0,0.0,0.0,0.0
0,0.0,0.0,0.0,0.0,0.0,61.0,83.0,79.0,80.0,78.0,60.0,0.0,42.0,0.0,86.0,0,0.0,0.0,0.0,0.0,0.0
0,0.0,0.0,1.0,0.0,0.0,58.0,96.0,94.0,87.0,62.0,34.0,0.0,70.0,0.0,65.0,0,0.0,0.0,0.0,0.0,0.0
0,0.0,0.0,0.0,0.0,1.0,88.0,74.0,75.0,73.0,74.0,97.0,0.0,72.0,0.0,77.0,0,0.0,0.0,0.0,0.0,0.0
0,0.0,0.0,129.0,3.0,5.0,84.0,90.0,89.0,87.0,67.0,93.0,0.0,74.0,0.0,76.0,0,0.0,0.0,0.0,0.0,0.0
0,0.0,0.0,23.0,0.0,0.0,80.0,87.0,92.0,84.0,79.0,78.0,0.0,53.0,0.0,94.0,0,0.0,0.0,0.0,0.0,0.0
0,0.0,0.0,0.0,0.0,0.0,78.0,72.0,81.0,68.0,75.0,67.0,0.0,54.0,0.0,75.0,0,0.0,0.0,0.0,0.0,0.0
0,0.0,0.0,0.0,0.0,0.0,78.0,72.0,81.0,68.0,75.0,67.0,0.0,54.0,0.0,75.0,0,0.0,0.0,0.0,0.0,0.0
0,0.0,0.0,26.0,0.0,0.0,65.0,86.0,88.0,80.0,75.0,40.0,0.0,67.0,0.0,84.0,0,0.0,0.0,0.0,0.0,0.0
0,0.0,0.0,7.0,0.0,0.0,62.0,91.0,94.0,93.0,52.0,44.0,0.0,73.0,0.0,52.0,0,0.0,0.0,0.0,0.0,0.0
0,0.0,0.0,0.0,0.0,0.0,61.0,86.0,88.0,88.0,67.0,40.0,0.0,57.0,0.0,62.0,0,0.0,0.0,0.0,0.0,0.0
0,0.0,0.0,39.0,0.0,0.0,87.0,97.0,97.0,86.0,72.0,80.0,0.0,80.0,0.0,88.0,0,0.0,0.0,0.0,0.0,0.0
0,0.0,0.0,0.0,0.0,0.0,83.0,89.0,92.0,86.0,76.0,74.0,0.0,80.0,0.0,65.0,0,0.0,0.0,0.0,0.0,0.0
0,0.0,0.0,25.0,0.0,0.0,75.0,84.0,85.0,80.0,79.0,74.0,0.0,73.0,0.0,88.0,0,0.0,0.0,0.0,0.0,0.0
0,0.0,0.0,9.0,0.0,0.0,67.0,82.0,88.0,75.0,78.0,79.0,0.0,62.0,0.0,85.0,0,0.0,0.0,0.0,0.0,0.0
0,0.0,0.0,3.0,0.0,0.0,63.0,95.0,96.0,92.0,55.0,33.0,0.0,72.0,0.0,64.0,0,0.0,0.0,0.0,0.0,0.0
0,0.0,0.0,34.0,0.0,1.0,62.0,93.0,92.0,76.0,64.0,74.0,0.0,67.0,0.0,40.0,0,0.0,0.0,0.0,0.0,0.0
0,0.0,0.0,0.0,0.0,0.0,62.0,93.0,92.0,76.0,64.0,74.0,0.0,67.0,0.0,40.0,0,0.0,0.0,0.0,0.0,0.0
0,0.0,0.0,1.0,0.0,0.0,62.0,93.0,92.0,76.0,64.0,74.0,0.0,67.0,0.0,40.0,0,0.0,0.0,0.0,0.0,0.0
0,0.0,0.0,0.0,0.0,0.0,62.0,93.0,92.0,76.0,64.0,74.0,0.0,67.0,0.0,40.0,0,0.0,0.0,0.0,0.0,0.0
0,0.0,0.0,0.0,0.0,0.0,58.0,71.0,74.0,68.0,75.0,46.0,0.0,66.0,0.0,77.0,0,0.0,0.0,0.0,0.0,0.0
0,0.0,0.0,0.0,0.0,0.0,52.0,90.0,88.0,85.0,62.0,40.0,0.0,64.0,0.0,67.0,0,0.0,0.0,0.0,0.0,0.0
0,0.0,0.0,83.0,2.0,6.0,88.0,93.0,96.0,96.0,64.0,77.0,0.0,84.0,0.0,64.0,0,0.0,0.0,0.0,0.0,0.0
0,0.0,0.0,0.0,0.0,0.0,87.0,79.0,82.0,75.0,81.0,86.0,0.0,80.0,0.0,87.0,0,0.0,0.0,0.0,0.0,0.0
0,0.0,0.0,12.0,0.0,0.0,77.0,92.0,93.0,95.0,61.0,76.0,0.0,78.0,0.0,45.0,0,0.0,0.0,0.0,0.0,0.0
0,0.0,0.0,0.0,0.0,0.0,76.0,73.0,72.0,70.0,85.0,60.0,0.0,55.0,0.0,88.0,0,0.0,0.0,0.0,0.0,0.0
0,0.0,0.0,31.0,0.0,0.0,67.0,85.0,87.0,93.0,59.0,36.0,0.0,67.0,0.0,67.0,0,0.0,0.0,0.0,0.0,0.0
0,0.0,0.0,0.0,0.0,0.0,63.0,84.0,88.0,84.0,67.0,55.0,0.0,64.0,0.0,74.0,0,0.0,0.0,0.0,0.0,0.0
0,0.0,0.0,29.0,0.0,0.0,88.0,90.0,88.0,84.0,80.0,80.0,0.0,66.0,0.0,95.0,0,0.0,0.0,0.0,0.0,0.0
0,0.0,0.0,3.0,0.0,0.0,69.0,75.0,77.0,76.0,78.0,61.0,0.0,64.0,0.0,69.0,0,0.0,0.0,0.0,0.0,0.0
0,0.0,0.0,42.0,1.0,1.0,69.0,75.0,77.0,76.0,78.0,61.0,0.0,64.0,0.0,69.0,0,0.0,0.0,0.0,0.0,0.0
0,0.0,0.0,0.0,0.0,0.0,66.0,84.0,89.0,78.0,82.0,66.0,0.0,62.0,0.0,93.0,0,0.0,0.0,0.0,0.0,0.0
0,0.0,0.0,1.0,0.0,0.0,62.0,86.0,85.0,85.0,67.0,40.0,0.0,77.0,0.0,74.0,0,0.0,0.0,0.0,0.0,0.0
0,0.0,0.0,8.0,0.0,0.0,60.0,87.0,77.0,76.0,79.0,37.0,0.0,40.0,0.0,90.0,0,0.0,0.0,0.0,0.0,0.0
0,0.0,0.0,0.0,0.0,0.0,58.0,83.0,85.0,86.0,69.0,48.0,0.0,77.0,0.0,70.0,0,0.0,0.0,0.0,0.0,0.0
0,0.0,0.0,0.0,0.0,0.0,58.0,83.0,85.0,86.0,69.0,48.0,0.0,77.0,0.0,70.0,0,0.0,0.0,0.0,0.0,0.0
0,0.0,0.0,1.0,0.0,0.0,58.0,83.0,85.0,86.0,69.0,48.0,0.0,77.0,0.0,70.0,0,0.0,0.0,0.0,0.0,0.0
0,0.0,0.0,0.0,0.0,0.0,53.0,76.0,74.0,74.0,69.0,44.0,0.0,69.0,0.0,66.0,0,0.0,0.0,0.0,0.0,0.0
0,0.0,0.0,62.0,0.0,3.0,79.0,94.0,97.0,97.0,56.0,74.0,0.0,78.0,0.0,49.0,0,0.0,0.0,0.0,0.0,0.0
0,0.0,0.0,44.0,0.0,1.0,77.0,91.0,88.0,88.0,71.0,66.0,0.0,63.0,0.0,86.0,0,0.0,0.0,0.0,0.0,0.0
0,0.0,0.0,0.0,0.0,0.0,77.0,83.0,88.0,75.0,82.0,85.0,0.0,66.0,0.0,96.0,0,0.0,0.0,0.0,0.0,0.0
0,0.0,0.0,6.0,0.0,0.0,73.0,83.0,87.0,81.0,70.0,63.0,0.0,76.0,0.0,75.0,0,0.0,0.0,0.0,0.0,0.0
0,0.0,0.0,0.0,0.0,0.0,64.0,86.0,85.0,87.0,65.0,51.0,0.0,68.0,0.0,67.0,0,0.0,0.0,0.0,0.0,0.0
0,0.0,0.0,0.0,0.0,0.0,64.0,70.0,72.0,66.0,76.0,64.0,0.0,68.0,0.0,70.0,0,0.0,0.0,0.0,0.0,0.0
0,0.0,0.0,5.0,0.0,0.0,62.0,94.0,90.0,90.0,58.0,35.0,0.0,69.0,0.0,64.0,0,0.0,0.0,0.0,0.0,0.0
0,0.0,0.0,1.0,0.0,0.0,59.0,75.0,80.0,74.0,74.0,54.0,0.0,58.0,0.0,86.0,0,0.0,0.0,0.0,0.0,0.0
0,0.0,0.0,94.0,0.0,5.0,91.0,92.0,94.0,92.0,78.0,88.0,0.0,77.0,0.0,89.0,0,0.0,0.0,0.0,0.0,0.0
0,0.0,0.0,1.0,0.0,0.0,77.0,65.0,74.0,70.0,85.0,70.0,0.0,62.0,0.0,70.0,0,0.0,0.0,0.0,0.0,0.0
0,0.0,0.0,12.0,0.0,0.0,71.0,88.0,93.0,91.0,58.0,46.0,0.0,72.0,0.0,71.0,0,0.0,0.0,0.0,0.0,0.0
0,0.0,0.0,7.0,0.0,0.0,68.0,83.0,87.0,78.0,79.0,50.0,0.0,46.0,0.0,91.0,0,0.0,0.0,0.0,0.0,0.0
0,0.0,0.0,0.0,0.0,0.0,59.0,87.0,90.0,82.0,74.0,65.0,0.0,67.0,0.0,70.0,0,0.0,0.0,0.0,0.0,0.0
0,0.0,0.0,7.0,0.0,0.0,51.0,73.0,80.0,71.0,76.0,37.0,0.0,54.0,0.0,66.0,0,0.0,0.0,0.0,0.0,0.0
0,0.0,0.0,74.0,1.0,5.0,81.0,88.0,86.0,81.0,80.0,80.0,0.0,55.0,0.0,96.0,0,0.0,0.0,0.0,0.0,0.0
0,0.0,0.0,32.0,0.0,1.0,77.0,91.0,94.0,93.0,65.0,72.0,0.0,74.0,0.0,55.0,0,0.0,0.0,0.0,0.0,0.0
0,0.0,0.0,0.0,0.0,0.0,76.0,78.0,83.0,74.0,79.0,70.0,0.0,75.0,0.0,85.0,0,0.0,0.0,0.0,0.0,0.0
0,0.0,0.0,7.0,0.0,1.0,76.0,78.0,83.0,74.0,79.0,70.0,0.0,75.0,0.0,85.0,0,0.0,0.0,0.0,0.0,0.0
0,0.0,0.0,30.0,1.0,2.0,75.0,95.0,95.0,95.0,60.0,70.0,0.0,76.0,0.0,52.0,0,0.0,0.0,0.0,0.0,0.0
0,0.0,0.0,16.0,0.0,0.0,57.0,90.0,78.0,75.0,66.0,54.0,0.0,72.0,0.0,75.0,0,0.0,0.0,0.0,0.0,0.0
0,0.0,0.0,1.0,0.0,0.0,57.0,90.0,78.0,75.0,66.0,54.0,0.0,72.0,0.0,75.0,0,0.0,0.0,0.0,0.0,0.0
0,0.0,0.0,75.0,0.0,3.0,94.0,87.0,90.0,87.0,86.0,96.0,0.0,81.0,0.0,95.0,0,0.0,0.0,0.0,0.0,0.0
0,0.0,0.0,0.0,0.0,0.0,71.0,76.0,75.0,69.0,75.0,65.0,0.0,60.0,0.0,72.0,0,0.0,0.0,0.0,0.0,0.0
0,0.0,0.0,13.0,0.0,0.0,66.0,72.0,73.0,71.0,66.0,75.0,0.0,64.0,0.0,60.0,0,0.0,0.0,0.0,0.0,0.0
0,0.0,0.0,4.0,0.0,0.0,62.0,86.0,90.0,87.0,58.0,54.0,0.0,68.0,0.0,61.0,0,0.0,0.0,0.0,0.0,0.0
0,0.0,0.0,0.0,0.0,0.0,59.0,83.0,87.0,82.0,63.0,41.0,0.0,59.0,0.0,77.0,0,0.0,0.0,0.0,0.0,0.0
0,0.0,0.0,0.0,0.0,0.0,59.0,89.0,77.0,76.0,73.0,60.0,0.0,66.0,0.0,84.0,0,0.0,0.0,0.0,0.0,0.0
0,0.0,0.0,0.0,0.0,0.0,81.0,86.0,88.0,83.0,85.0,76.0,0.0,55.0,0.0,98.0,0,0.0,0.0,0.0,0.0,0.0
0,0.0,0.0,0.0,0.0,0.0,78.0,80.0,84.0,77.0,76.0,83.0,0.0,75.0,0.0,84.0,0,0.0,0.0,0.0,0.0,0.0
0,0.0,0.0,0.0,0.0,0.0,76.0,87.0,86.0,86.0,68.0,80.0,0.0,69.0,0.0,79.0,0,0.0,0.0,0.0,0.0,0.0
0,0.0,0.0,0.0,0.0,0.0,62.0,88.0,83.0,78.0,70.0,55.0,0.0,67.0,0.0,81.0,0,0.0,0.0,0.0,0.0,0.0
0,0.0,0.0,1.0,0.0,0.0,61.0,83.0,85.0,87.0,75.0,31.0,0.0,52.0,0.0,86.0,0,0.0,0.0,0.0,0.0,0.0
0,0.0,0.0,0.0,0.0,0.0,60.0,92.0,93.0,87.0,57.0,43.0,0.0,66.0,0.0,55.0,0,0.0,0.0,0.0,0.0,0.0
0,0.0,0.0,2.0,0.0,0.0,60.0,68.0,75.0,69.0,79.0,66.0,0.0,44.0,0.0,72.0,0,0.0,0.0,0.0,0.0,0.0
0,0.0,0.0,15.0,0.0,0.0,96.0,99.0,99.0,98.0,66.0,85.0,0.0,79.0,0.0,80.0,0,0.0,0.0,0.0,0.0,0.0
0,0.0,0.0,70.0,1.0,3.0,96.0,99.0,99.0,98.0,66.0,85.0,0.0,79.0,0.0,80.0,0,0.0,0.0,0.0,0.0,0.0
0,0.0,0.0,0.0,0.0,0.0,88.0,76.0,82.0,74.0,81.0,84.0,0.0,65.0,0.0,75.0,0,0.0,0.0,0.0,0.0,0.0
0,0.0,0.0,5.0,0.0,0.0,72.0,88.0,95.0,88.0,65.0,66.0,0.0,70.0,0.0,68.0,0,0.0,0.0,0.0,0.0,0.0
0,0.0,0.0,0.0,0.0,0.0,63.0,82.0,84.0,88.0,72.0,46.0,0.0,41.0,0.0,80.0,0,0.0,0.0,0.0,0.0,0.0
0,0.0,0.0,1.0,0.0,0.0,62.0,83.0,91.0,84.0,75.0,34.0,0.0,72.0,0.0,78.0,0,0.0,0.0,0.0,0.0,0.0
0,0.0,0.0,0.0,0.0,0.0,82.0,70.0,69.0,70.0,78.0,87.0,72.0,74.0,0.0,86.0,0,70.0,75.0,55.0,60.0,60.0
0,0.0,0.0,5.0,0.0,0.0,79.0,86.0,88.0,82.0,78.0,75.0,65.0,92.0,0.0,92.0,0,84.0,89.0,74.0,73.0,80.0
0,0.0,0.0,0.0,0.0,0.0,66.0,91.0,92.0,83.0,64.0,50.0,59.0,87.0,0.0,77.0,0,75.0,72.0,70.0,74.0,75.0
0,0.0,0.0,8.0,0.0,0.0,66.0,91.0,92.0,83.0,64.0,50.0,59.0,87.0,0.0,77.0,0,75.0,72.0,70.0,74.0,75.0
0,0.0,0.0,13.0,0.0,0.0,66.0,91.0,92.0,83.0,64.0,50.0,59.0,87.0,0.0,77.0,0,75.0,72.0,70.0,74.0,75.0
0,0.0,0.0,1.0,0.0,0.0,66.0,91.0,92.0,83.0,64.0,50.0,59.0,87.0,0.0,77.0,0,75.0,72.0,70.0,74.0,75.0
0,0.0,0.0,13.0,0.0,0.0,65.0,93.0,95.0,88.0,59.0,35.0,69.0,81.0,0.0,63.0,0,76.0,74.0,73.0,84.0,78.0
0,0.0,0.0,0.0,0.0,0.0,65.0,83.0,85.0,84.0,72.0,52.0,67.0,80.0,0.0,84.0,0,76.0,77.0,75.0,82.0,68.0
0,0.0,0.0,4.0,0.0,0.0,64.0,80.0,83.0,86.0,72.0,40.0,69.0,85.0,0.0,82.0,0,86.0,84.0,85.0,67.0,72.0
0,0.0,0.0,0.0,0.0,0.0,62.0,87.0,79.0,75.0,78.0,42.0,69.0,83.0,0.0,86.0,0,81.0,79.0,67.0,66.0,67.0
0,0.0,0.0,7.0,0.0,0.0,62.0,87.0,79.0,75.0,78.0,42.0,69.0,83.0,0.0,86.0,0,81.0,79.0,67.0,66.0,67.0
0,0.0,0.0,0.0,0.0,0.0,49.0,73.0,75.0,74.0,78.0,52.0,66.0,83.0,0.0,86.0,0,67.0,82.0,74.0,66.0,65.0
0,0.0,0.0,74.0,1.0,3.0,97.0,94.0,95.0,96.0,79.0,90.0,77.0,91.0,0.0,85.0,0,98.0,82.0,92.0,94.0,82.0
0,0.0,0.0,11.0,0.0,0.0,97.0,96.0,97.0,97.0,84.0,86.0,64.0,88.0,0.0,87.0,0,97.0,96.0,94.0,96.0,85.0
0,0.0,0.0,101.0,4.0,7.0,97.0,96.0,97.0,97.0,84.0,86.0,64.0,88.0,0.0,87.0,0,97.0,96.0,94.0,96.0,85.0
0,0.0,0.0,0.0,0.0,0.0,96.0,92.0,96.0,94.0,79.0,85.0,79.0,89.0,0.0,96.0,0,98.0,93.0,88.0,95.0,68.0
0,0.0,0.0,83.0,2.0,6.0,95.0,93.0,97.0,99.0,65.0,85.0,81.0,94.0,0.0,68.0,0,97.0,72.0,96.0,98.0,80.0
0,0.0,0.0,63.0,0.0,3.0,95.0,91.0,97.0,96.0,84.0,88.0,78.0,95.0,0.0,75.0,0,95.0,87.0,92.0,87.0,85.0
0,0.0,0.0,84.0,0.0,2.0,93.0,92.0,93.0,92.0,73.0,90.0,86.0,90.0,0.0,78.0,0,97.0,79.0,88.0,90.0,80.0
0,0.0,0.0,94.0,0.0,5.0,92.0,91.0,90.0,92.0,78.0,93.0,75.0,87.0,0.0,89.0,0,96.0,92.0,88.0,90.0,72.0
0,0.0,0.0,75.0,0.0,3.0,92.0,86.0,87.0,86.0,85.0,97.0,79.0,96.0,0.0,94.0,0,98.0,96.0,87.0,83.0,74.0
0,0.0,0.0,0.0,0.0,0.0,92.0,69.0,80.0,68.0,84.0,87.0,67.0,75.0,0.0,74.0,0,60.0,78.0,35.0,45.0,65.0
0,0.0,0.0,66.0,2.0,4.0,91.0,97.0,97.0,97.0,59.0,83.0,78.0,88.0,0.0,62.0,0,94.0,68.0,93.0,97.0,80.0
0,0.0,0.0,55.0,1.0,2.0,91.0,86.0,90.0,81.0,85.0,97.0,55.0,90.0,0.0,98.0,0,98.0,98.0,92.0,85.0,66.0
0,0.0,0.0,3.0,0.0,0.0,91.0,78.0,80.0,76.0,82.0,84.0,64.0,88.0,0.0,88.0,0,83.0,95.0,55.0,70.0,64.0
0,0.0,0.0,16.0,0.0,0.0,91.0,78.0,80.0,76.0,82.0,84.0,64.0,88.0,0.0,88.0,0,83.0,95.0,55.0,70.0,64.0
0,0.0,0.0,9.0,0.0,0.0,91.0,78.0,80.0,76.0,82.0,84.0,64.0,88.0,0.0,88.0,0,83.0,95.0,55.0,70.0,64.0
0,0.0,0.0,3.0,0.0,0.0,91.0,78.0,80.0,76.0,82.0,84.0,64.0,88.0,0.0,88.0,0,83.0,95.0,55.0,70.0,64.0
0,0.0,0.0,39.0,0.0,0.0,91.0,97.0,95.0,87.0,74.0,85.0,80.0,81.0,0.0,94.0,0,97.0,96.0,88.0,82.0,90.0
0,0.0,0.0,74.0,1.0,5.0,90.0,90.0,88.0,84.0,84.0,95.0,54.0,87.0,0.0,99.0,0,97.0,99.0,86.0,84.0,84.0
0,0.0,0.0,15.0,0.0,0.0,90.0,99.0,98.0,97.0,66.0,86.0,76.0,93.0,0.0,55.0,0,91.0,68.0,91.0,92.0,88.0
0,0.0,0.0,70.0,1.0,3.0,90.0,99.0,98.0,97.0,66.0,86.0,76.0,93.0,0.0,55.0,0,91.0,68.0,91.0,92.0,88.0
0,0.0,0.0,0.0,0.0,0.0,89.0,90.0,91.0,90.0,77.0,85.0,79.0,88.0,0.0,82.0,0,90.0,83.0,82.0,87.0,80.0
0,0.0,0.0,0.0,0.0,0.0,89.0,84.0,89.0,78.0,82.0,86.0,78.0,80.0,0.0,96.0,0,88.0,95.0,75.0,77.0,60.0
0,0.0,0.0,62.0,0.0,3.0,89.0,94.0,99.0,99.0,55.0,88.0,82.0,96.0,0.0,40.0,0,93.0,64.0,92.0,95.0,70.0
0,0.0,0.0,0.0,0.0,0.0,89.0,79.0,84.0,74.0,80.0,85.0,75.0,83.0,0.0,85.0,0,70.0,75.0,60.0,49.0,85.0
0,0.0,0.0,7.0,0.0,1.0,89.0,79.0,84.0,74.0,80.0,85.0,75.0,83.0,0.0,85.0,0,70.0,75.0,60.0,49.0,85.0
0,0.0,0.0,42.0,0.0,0.0,88.0,92.0,96.0,94.0,68.0,79.0,69.0,84.0,0.0,76.0,0,95.0,82.0,90.0,95.0,80.0
0,0.0,0.0,44.0,0.0,1.0,87.0,92.0,91.0,89.0,74.0,77.0,70.0,78.0,0.0,92.0,0,96.0,93.0,85.0,92.0,75.0
0,0.0,0.0,0.0,0.0,0.0,86.0,79.0,83.0,75.0,77.0,86.0,68.0,83.0,0.0,89.0,0,78.0,84.0,74.0,70.0,60.0
0,0.0,0.0,29.0,0.0,0.0,86.0,89.0,91.0,83.0,79.0,81.0,64.0,93.0,0.0,92.0,0,89.0,95.0,97.0,87.0,80.0
0,0.0,0.0,56.0,0.0,2.0,85.0,86.0,85.0,84.0,83.0,93.0,64.0,88.0,0.0,93.0,0,95.0,98.0,82.0,79.0,67.0
0,0.0,0.0,14.0,0.0,0.0,85.0,89.0,87.0,83.0,81.0,82.0,55.0,86.0,0.0,96.0,0,92.0,99.0,83.0,84.0,78.0
0,0.0,0.0,61.0,0.0,0.0,84.0,95.0,97.0,98.0,58.0,81.0,83.0,84.0,0.0,55.0,0,78.0,58.0,91.0,97.0,90.0
0,0.0,0.0,48.0,0.0,1.0,84.0,90.0,91.0,83.0,78.0,79.0,70.0,92.0,0.0,93.0,0,89.0,93.0,78.0,88.0,85.0
0,0.0,0.0,0.0,0.0,0.0,84.0,90.0,91.0,83.0,78.0,79.0,70.0,92.0,0.0,93.0,0,89.0,93.0,78.0,88.0,85.0
0,0.0,0.0,61.0,0.0,1.0,84.0,93.0,93.0,93.0,65.0,84.0,52.0,94.0,0.0,49.0,0,93.0,54.0,87.0,95.0,74.0
0,0.0,0.0,0.0,0.0,0.0,84.0,90.0,92.0,92.0,77.0,76.0,83.0,77.0,0.0,65.0,0,65.0,70.0,75.0,77.0,69.0
0,0.0,0.0,0.0,0.0,0.0,84.0,90.0,92.0,88.0,73.0,72.0,66.0,89.0,0.0,89.0,0,90.0,83.0,93.0,87.0,79.0
0,0.0,0.0,14.0,0.0,0.0,84.0,90.0,92.0,88.0,73.0,72.0,66.0,89.0,0.0,89.0,0,90.0,83.0,93.0,87.0,79.0
0,0.0,0.0,25.0,0.0,0.0,83.0,86.0,87.0,82.0,81.0,80.0,74.0,96.0,0.0,94.0,0,88.0,93.0,74.0,77.0,75.0
0,0.0,0.0,17.0,0.0,0.0,83.0,90.0,96.0,88.0,85.0,55.0,64.0,93.0,0.0,95.0,0,92.0,87.0,90.0,82.0,85.0
0,0.0,0.0,21.0,0.0,0.0,83.0,85.0,86.0,83.0,83.0,87.0,72.0,82.0,0.0,93.0,0,93.0,97.0,90.0,84.0,75.0
0,0.0,0.0,60.0,1.0,3.0,83.0,94.0,93.0,87.0,74.0,68.0,81.0,87.0,0.0,88.0,0,89.0,84.0,69.0,86.0,82.0
0,0.0,0.0,0.0,0.0,0.0,82.0,82.0,84.0,78.0,79.0,84.0,41.0,99.0,0.0,94.0,0,90.0,94.0,82.0,78.0,78.0
0,0.0,0.0,23.0,0.0,0.0,82.0,86.0,91.0,83.0,79.0,78.0,61.0,88.0,0.0,93.0,0,91.0,95.0,88.0,82.0,84.0
0,0.0,0.0,0.0,0.0,0.0,82.0,75.0,76.0,69.0,72.0,72.0,72.0,81.0,0.0,71.0,0,65.0,75.0,60.0,65.0,55.0
0,0.0,0.0,0.0,0.0,0.0,82.0,88.0,90.0,85.0,75.0,84.0,77.0,94.0,0.0,86.0,0,84.0,83.0,82.0,76.0,80.0
0,0.0,0.0,13.0,1.0,2.0,81.0,78.0,81.0,73.0,80.0,79.0,63.0,86.0,0.0,87.0,0,74.0,86.0,68.0,72.0,80.0
0,0.0,0.0,27.0,0.0,0.0,81.0,96.0,94.0,92.0,64.0,78.0,64.0,79.0,0.0,60.0,0,86.0,68.0,91.0,95.0,80.0
0,0.0,0.0,36.0,0.0,0.0,81.0,86.0,80.0,76.0,87.0,87.0,54.0,87.0,0.0,97.0,0,93.0,98.0,82.0,76.0,65.0
0,0.0,0.0,13.0,0.0,0.0,81.0,97.0,95.0,93.0,59.0,72.0,71.0,81.0,0.0,58.0,0,93.0,65.0,85.0,87.0,83.0
0,0.0,0.0,34.0,0.0,1.0,80.0,95.0,96.0,95.0,61.0,74.0,76.0,79.0,0.0,51.0,0,82.0,62.0,92.0,97.0,88.0
0,0.0,0.0,0.0,0.0,0.0,79.0,85.0,86.0,82.0,85.0,78.0,49.0,75.0,0.0,97.0,0,93.0,98.0,88.0,84.0,94.0
0,0.0,0.0,0.0,0.0,0.0,79.0,93.0,96.0,88.0,64.0,68.0,78.0,82.0,0.0,68.0,0,84.0,80.0,75.0,87.0,87.0
0,0.0,0.0,36.0,0.0,0.0,79.0,85.0,91.0,89.0,74.0,60.0,72.0,89.0,0.0,87.0,0,93.0,83.0,78.0,85.0,80.0
0,0.0,0.0,66.0,0.0,3.0,79.0,85.0,91.0,89.0,74.0,60.0,72.0,89.0,0.0,87.0,0,93.0,83.0,78.0,85.0,80.0
0,0.0,0.0,6.0,0.0,0.0,78.0,91.0,86.0,82.0,73.0,74.0,64.0,88.0,0.0,83.0,0,79.0,80.0,86.0,83.0,93.0
0,0.0,0.0,25.0,0.0,0.0,78.0,91.0,86.0,82.0,73.0,74.0,64.0,88.0,0.0,83.0,0,79.0,80.0,86.0,83.0,93.0
0,0.0,0.0,0.0,0.0,0.0,78.0,72.0,81.0,68.0,77.0,71.0,54.0,73.0,0.0,75.0,0,58.0,72.0,66.0,61.0,65.0
0,0.0,0.0,0.0,0.0,0.0,78.0,72.0,81.0,68.0,77.0,71.0,54.0,73.0,0.0,75.0,0,58.0,72.0,66.0,61.0,65.0
0,0.0,0.0,38.0,0.0,0.0,78.0,88.0,90.0,84.0,75.0,76.0,66.0,87.0,0.0,69.0,0,84.0,75.0,76.0,84.0,80.0
0,0.0,0.0,0.0,0.0,0.0,78.0,88.0,90.0,84.0,75.0,76.0,66.0,87.0,0.0,69.0,0,84.0,75.0,76.0,84.0,80.0
0,0.0,0.0,19.0,0.0,0.0,78.0,88.0,90.0,84.0,75.0,76.0,66.0,87.0,0.0,69.0,0,84.0,75.0,76.0,84.0,80.0
0,0.0,0.0,0.0,0.0,0.0,78.0,92.0,94.0,95.0,52.0,80.0,82.0,74.0,0.0,41.0,0,89.0,54.0,85.0,91.0,87.0
0,0.0,0.0,9.0,0.0,0.0,77.0,93.0,92.0,90.0,65.0,73.0,65.0,74.0,0.0,68.0,0,81.0,54.0,86.0,84.0,74.0
0,0.0,0.0,41.0,0.0,1.0,77.0,88.0,85.0,86.0,71.0,75.0,54.0,87.0,0.0,73.0,0,83.0,76.0,90.0,78.0,77.0
0,0.0,0.0,7.0,0.0,0.0,77.0,75.0,82.0,72.0,77.0,70.0,69.0,69.0,0.0,66.0,0,50.0,70.0,50.0,45.0,68.0
0,0.0,0.0,26.0,0.0,0.0,77.0,90.0,87.0,87.0,69.0,70.0,72.0,83.0,0.0,82.0,0,80.0,74.0,83.0,86.0,69.0
0,0.0,0.0,50.0,0.0,1.0,77.0,88.0,91.0,91.0,64.0,80.0,77.0,82.0,0.0,55.0,0,85.0,60.0,81.0,87.0,80.0
0,0.0,0.0,26.0,0.0,0.0,77.0,86.0,86.0,78.0,77.0,84.0,82.0,79.0,0.0,87.0,0,86.0,88.0,82.0,74.0,70.0
0,0.0,0.0,0.0,0.0,0.0,77.0,88.0,85.0,77.0,77.0,75.0,55.0,85.0,0.0,92.0,0,83.0,90.0,81.0,74.0,72.0
0,0.0,0.0,0.0,0.0,0.0,77.0,86.0,90.0,79.0,82.0,74.0,65.0,88.0,0.0,94.0,0,81.0,89.0,75.0,76.0,68.0
0,0.0,0.0,7.0,0.0,0.0,77.0,82.0,86.0,83.0,68.0,79.0,88.0,69.0,0.0,79.0,0,75.0,75.0,72.0,70.0,72.0
0,0.0,0.0,0.0,0.0,0.0,76.0,70.0,75.0,69.0,77.0,73.0,64.0,74.0,0.0,77.0,0,55.0,69.0,45.0,60.0,65.0
0,0.0,0.0,33.0,0.0,0.0,76.0,86.0,93.0,93.0,66.0,68.0,76.0,83.0,0.0,66.0,0,81.0,66.0,85.0,89.0,85.0
0,0.0,0.0,48.0,0.0,0.0,76.0,87.0,95.0,89.0,83.0,57.0,73.0,83.0,0.0,84.0,0,86.0,63.0,73.0,83.0,88.0
0,0.0,0.0,39.0,1.0,2.0,76.0,87.0,95.0,89.0,83.0,57.0,73.0,83.0,0.0,84.0,0,86.0,63.0,73.0,83.0,88.0
0,0.0,0.0,3.0,0.0,0.0,76.0,73.0,80.0,72.0,81.0,74.0,62.0,82.0,0.0,84.0,0,70.0,85.0,45.0,55.0,68.0
0,0.0,0.0,3.0,0.0,0.0,76.0,75.0,77.0,76.0,81.0,68.0,64.0,68.0,0.0,69.0,0,58.0,65.0,69.0,66.0,76.0
0,0.0,0.0,42.0,1.0,1.0,76.0,75.0,77.0,76.0,81.0,68.0,64.0,68.0,0.0,69.0,0,58.0,65.0,69.0,66.0,76.0
0,0.0,0.0,12.0,0.0,0.0,75.0,91.0,96.0,94.0,58.0,55.0,72.0,77.0,0.0,67.0,0,85.0,58.0,84.0,91.0,82.0
0,0.0,0.0,12.0,0.0,0.0,75.0,90.0,91.0,93.0,60.0,76.0,77.0,73.0,0.0,43.0,0,87.0,50.0,86.0,90.0,79.0
0,0.0,0.0,25.0,0.0,0.0,75.0,86.0,92.0,81.0,78.0,55.0,64.0,92.0,0.0,93.0,0,84.0,88.0,78.0,72.0,66.0
0,0.0,0.0,30.0,1.0,2.0,75.0,95.0,94.0,94.0,62.0,70.0,75.0,69.0,0.0,53.0,0,81.0,62.0,87.0,91.0,67.0
0,0.0,0.0,3.0,0.0,1.0,75.0,73.0,76.0,72.0,80.0,71.0,75.0,75.0,0.0,70.0,0,55.0,80.0,55.0,65.0,70.0
0,0.0,0.0,16.0,0.0,0.0,75.0,85.0,81.0,86.0,78.0,72.0,64.0,81.0,0.0,89.0,0,90.0,88.0,85.0,76.0,72.0
0,0.0,0.0,0.0,0.0,0.0,74.0,75.0,74.0,69.0,85.0,76.0,68.0,66.0,0.0,70.0,0,40.0,78.0,30.0,30.0,55.0
0,0.0,0.0,9.0,0.0,0.0,74.0,94.0,95.0,94.0,49.0,65.0,78.0,74.0,0.0,37.0,0,86.0,42.0,88.0,94.0,74.0
0,0.0,0.0,6.0,0.0,0.0,74.0,83.0,87.0,81.0,70.0,72.0,77.0,84.0,0.0,75.0,0,80.0,75.0,65.0,50.0,70.0
0,0.0,0.0,21.0,0.0,1.0,74.0,92.0,95.0,95.0,47.0,69.0,81.0,73.0,0.0,40.0,0,83.0,35.0,91.0,94.0,80.0
0,0.0,0.0,11.0,0.0,0.0,74.0,84.0,88.0,85.0,76.0,55.0,71.0,75.0,0.0,87.0,0,86.0,93.0,92.0,85.0,77.0
0,0.0,0.0,5.0,0.0,0.0,74.0,84.0,88.0,85.0,76.0,55.0,71.0,75.0,0.0,87.0,0,86.0,93.0,92.0,85.0,77.0
0,0.0,0.0,24.0,0.0,0.0,74.0,84.0,97.0,94.0,54.0,69.0,76.0,83.0,0.0,42.0,0,76.0,75.0,84.0,93.0,75.0
0,0.0,0.0,21.0,0.0,0.0,74.0,81.0,86.0,79.0,84.0,79.0,75.0,88.0,0.0,92.0,0,84.0,91.0,62.0,66.0,65.0
0,0.0,0.0,1.0,0.0,0.0,74.0,69.0,75.0,63.0,84.0,71.0,72.0,68.0,0.0,74.0,0,52.0,80.0,55.0,60.0,60.0
0,0.0,0.0,0.0,0.0,0.0,74.0,69.0,75.0,63.0,84.0,71.0,72.0,68.0,0.0,74.0,0,52.0,80.0,55.0,60.0,60.0
0,0.0,0.0,0.0,0.0,0.0,74.0,94.0,90.0,93.0,65.0,55.0,67.0,79.0,0.0,74.0,0,76.0,66.0,77.0,92.0,92.0
0,0.0,0.0,5.0,0.0,0.0,74.0,94.0,90.0,93.0,65.0,55.0,67.0,79.0,0.0,74.0,0,76.0,66.0,77.0,92.0,92.0
0,0.0,0.0,0.0,0.0,0.0,74.0,72.0,76.0,74.0,68.0,75.0,70.0,72.0,0.0,73.0,0,72.0,70.0,69.0,67.0,60.0
0,0.0,0.0,31.0,0.0,0.0,74.0,84.0,87.0,83.0,78.0,65.0,71.0,85.0,0.0,89.0,0,85.0,88.0,79.0,75.0,68.0
0,0.0,0.0,7.0,0.0,0.0,74.0,93.0,95.0,95.0,54.0,68.0,81.0,62.0,0.0,54.0,0,78.0,70.0,85.0,96.0,86.0
0,0.0,0.0,0.0,0.0,0.0,74.0,73.0,75.0,74.0,78.0,66.0,70.0,80.0,0.0,86.0,0,67.0,82.0,74.0,66.0,65.0
0,0.0,0.0,11.0,0.0,0.0,73.0,80.0,84.0,81.0,74.0,84.0,80.0,85.0,0.0,83.0,0,77.0,80.0,75.0,65.0,79.0
0,0.0,0.0,1.0,0.0,0.0,73.0,87.0,94.0,92.0,68.0,44.0,70.0,73.0,0.0,85.0,0,88.0,82.0,90.0,87.0,79.0
0,0.0,0.0,29.0,0.0,0.0,73.0,87.0,91.0,90.0,60.0,73.0,79.0,71.0,0.0,62.0,0,80.0,55.0,84.0,85.0,65.0
0,0.0,0.0,2.0,0.0,0.0,73.0,92.0,97.0,96.0,52.0,56.0,73.0,77.0,0.0,53.0,0,77.0,45.0,92.0,94.0,86.0
0,0.0,0.0,7.0,0.0,0.0,73.0,93.0,95.0,94.0,59.0,65.0,74.0,71.0,0.0,52.0,0,74.0,50.0,88.0,94.0,87.0
0,0.0,0.0,25.0,0.0,0.0,73.0,90.0,86.0,92.0,58.0,55.0,81.0,74.0,0.0,62.0,0,93.0,64.0,84.0,78.0,79.0
0,0.0,0.0,4.0,0.0,0.0,73.0,82.0,89.0,87.0,72.0,63.0,69.0,87.0,0.0,84.0,0,88.0,84.0,86.0,73.0,72.0
0,0.0,0.0,32.0,0.0,1.0,73.0,90.0,93.0,92.0,65.0,72.0,73.0,73.0,0.0,49.0,0,82.0,42.0,83.0,86.0,80.0
0,0.0,0.0,5.0,0.0,0.0,73.0,87.0,94.0,88.0,67.0,68.0,70.0,79.0,0.0,68.0,0,87.0,49.0,75.0,68.0,72.0
0,0.0,0.0,13.0,0.0,0.0,72.0,87.0,89.0,84.0,65.0,76.0,72.0,85.0,0.0,60.0,0,73.0,63.0,79.0,83.0,85.0
0,0.0,0.0,4.0,0.0,0.0,72.0,84.0,87.0,83.0,72.0,58.0,47.0,85.0,0.0,84.0,0,89.0,74.0,81.0,84.0,75.0
0,0.0,0.0,21.0,0.0,0.0,72.0,93.0,93.0,94.0,63.0,71.0,74.0,57.0,0.0,52.0,0,80.0,57.0,90.0,92.0,80.0
0,0.0,0.0,31.0,0.0,0.0,72.0,85.0,91.0,93.0,59.0,55.0,67.0,74.0,0.0,65.0,0,81.0,78.0,95.0,84.0,75.0
0,0.0,0.0,5.0,0.0,0.0,72.0,85.0,93.0,83.0,75.0,53.0,65.0,95.0,0.0,87.0,0,76.0,95.0,85.0,75.0,76.0
0,0.0,0.0,0.0,0.0,0.0,71.0,85.0,86.0,83.0,71.0,69.0,67.0,81.0,0.0,84.0,0,76.0,81.0,75.0,72.0,75.0
0,0.0,0.0,16.0,0.0,0.0,71.0,88.0,91.0,90.0,63.0,75.0,75.0,74.0,0.0,52.0,0,77.0,45.0,83.0,87.0,84.0
0,0.0,0.0,7.0,0.0,0.0,71.0,85.0,88.0,83.0,74.0,67.0,73.0,77.0,0.0,85.0,0,78.0,82.0,72.0,77.0,67.0
0,0.0,0.0,5.0,0.0,1.0,71.0,80.0,75.0,72.0,78.0,64.0,73.0,67.0,0.0,58.0,0,61.0,74.0,65.0,62.0,65.0
0,0.0,0.0,3.0,0.0,0.0,71.0,85.0,88.0,83.0,75.0,64.0,54.0,73.0,0.0,92.0,0,81.0,83.0,76.0,84.0,75.0
0,0.0,0.0,5.0,0.0,0.0,71.0,72.0,75.0,70.0,78.0,80.0,61.0,69.0,0.0,55.0,0,35.0,49.0,25.0,30.0,75.0
0,0.0,0.0,0.0,0.0,0.0,70.0,73.0,77.0,69.0,76.0,70.0,45.0,74.0,0.0,78.0,0,68.0,75.0,55.0,60.0,65.0
0,0.0,0.0,0.0,0.0,0.0,70.0,76.0,81.0,68.0,84.0,66.0,58.0,74.0,0.0,71.0,0,64.0,87.0,45.0,60.0,60.0
0,0.0,0.0,1.0,0.0,0.0,70.0,82.0,74.0,72.0,77.0,66.0,55.0,78.0,0.0,78.0,0,75.0,79.0,74.0,78.0,65.0
0,0.0,0.0,7.0,0.0,0.0,70.0,84.0,82.0,79.0,77.0,65.0,61.0,90.0,0.0,92.0,0,79.0,87.0,67.0,76.0,69.0
0,0.0,0.0,1.0,0.0,0.0,70.0,84.0,82.0,79.0,77.0,65.0,61.0,90.0,0.0,92.0,0,79.0,87.0,67.0,76.0,69.0
0,0.0,0.0,0.0,0.0,0.0,69.0,85.0,90.0,84.0,68.0,60.0,72.0,74.0,0.0,72.0,0,75.0,72.0,83.0,74.0,75.0
0,0.0,0.0,0.0,0.0,0.0,69.0,86.0,90.0,85.0,73.0,56.0,65.0,80.0,0.0,85.0,0,74.0,86.0,74.0,76.0,87.0
0,0.0,0.0,42.0,0.0,1.0,69.0,94.0,96.0,93.0,58.0,39.0,64.0,86.0,0.0,55.0,0,82.0,62.0,77.0,86.0,83.0
0,0.0,0.0,0.0,0.0,0.0,69.0,70.0,72.0,64.0,85.0,70.0,60.0,68.0,0.0,68.0,0,40.0,70.0,40.0,42.0,60.0
0,0.0,0.0,0.0,0.0,0.0,69.0,70.0,72.0,64.0,85.0,70.0,60.0,68.0,0.0,68.0,0,40.0,70.0,40.0,42.0,60.0
0,0.0,0.0,0.0,0.0,0.0,69.0,84.0,87.0,79.0,77.0,85.0,65.0,84.0,0.0,82.0,0,72.0,77.0,54.0,64.0,72.0
0,0.0,0.0,0.0,0.0,0.0,69.0,83.0,85.0,84.0,74.0,68.0,67.0,76.0,0.0,85.0,0,78.0,81.0,75.0,82.0,68.0
0,0.0,0.0,1.0,0.0,0.0,69.0,92.0,92.0,90.0,60.0,52.0,76.0,72.0,0.0,64.0,0,78.0,66.0,91.0,75.0,83.0
0,0.0,0.0,10.0,0.0,0.0,69.0,88.0,91.0,86.0,62.0,46.0,54.0,84.0,0.0,77.0,0,83.0,65.0,87.0,84.0,88.0
0,0.0,0.0,0.0,0.0,0.0,68.0,83.0,89.0,86.0,73.0,55.0,63.0,83.0,0.0,75.0,0,73.0,70.0,74.0,72.0,79.0
0,0.0,0.0,17.0,0.0,0.0,68.0,90.0,91.0,94.0,53.0,42.0,63.0,70.0,0.0,55.0,0,86.0,55.0,79.0,94.0,89.0
0,0.0,0.0,0.0,0.0,0.0,68.0,87.0,89.0,88.0,65.0,56.0,70.0,76.0,0.0,63.0,0,76.0,57.0,84.0,83.0,75.0
0,0.0,0.0,4.0,0.0,0.0,68.0,90.0,93.0,92.0,67.0,58.0,64.0,74.0,0.0,72.0,0,63.0,67.0,85.0,79.0,75.0
0,0.0,0.0,29.0,0.0,0.0,68.0,81.0,88.0,79.0,68.0,67.0,84.0,77.0,0.0,81.0,0,70.0,68.0,74.0,72.0,70.0
0,0.0,0.0,7.0,0.0,0.0,68.0,83.0,84.0,77.0,79.0,64.0,45.0,86.0,0.0,90.0,0,79.0,92.0,81.0,72.0,65.0
0,0.0,0.0,0.0,0.0,0.0,68.0,87.0,91.0,88.0,72.0,45.0,76.0,78.0,0.0,84.0,0,74.0,88.0,77.0,73.0,74.0
0,0.0,0.0,5.0,0.0,0.0,68.0,87.0,91.0,88.0,72.0,45.0,76.0,78.0,0.0,84.0,0,74.0,88.0,77.0,73.0,74.0
0,0.0,0.0,3.0,0.0,0.0,68.0,97.0,96.0,92.0,56.0,43.0,73.0,71.0,0.0,64.0,0,69.0,66.0,83.0,88.0,77.0
0,0.0,0.0,0.0,0.0,0.0,68.0,74.0,79.0,76.0,75.0,67.0,65.0,70.0,0.0,72.0,0,50.0,74.0,45.0,55.0,74.0
0,0.0,0.0,0.0,0.0,0.0,68.0,87.0,89.0,87.0,65.0,64.0,71.0,72.0,0.0,62.0,0,71.0,75.0,87.0,78.0,77.0
0,0.0,0.0,2.0,0.0,0.0,67.0,68.0,75.0,70.0,81.0,69.0,52.0,66.0,0.0,72.0,0,43.0,55.0,35.0,40.0,66.0
0,0.0,0.0,0.0,0.0,0.0,67.0,93.0,87.0,85.0,64.0,56.0,57.0,75.0,0.0,68.0,0,72.0,65.0,74.0,77.0,77.0
0,0.0,0.0,9.0,0.0,0.0,67.0,82.0,88.0,75.0,78.0,79.0,62.0,84.0,0.0,85.0,0,78.0,88.0,80.0,54.0,52.0
0,0.0,0.0,0.0,0.0,0.0,67.0,93.0,95.0,90.0,59.0,39.0,64.0,72.0,0.0,62.0,0,73.0,66.0,87.0,88.0,75.0
0,0.0,0.0,0.0,0.0,0.0,67.0,83.0,87.0,86.0,76.0,52.0,56.0,92.0,0.0,87.0,0,65.0,82.0,75.0,72.0,74.0
0,0.0,0.0,16.0,0.0,0.0,67.0,87.0,91.0,75.0,83.0,45.0,70.0,82.0,0.0,85.0,0,73.0,74.0,76.0,71.0,87.0
0,0.0,0.0,8.0,0.0,0.0,67.0,87.0,78.0,76.0,79.0,55.0,40.0,83.0,0.0,93.0,0,77.0,89.0,75.0,86.0,75.0
0,0.0,0.0,1.0,0.0,0.0,67.0,65.0,74.0,70.0,83.0,70.0,60.0,70.0,0.0,70.0,0,55.0,75.0,38.0,48.0,59.0
0,0.0,0.0,0.0,0.0,0.0,66.0,69.0,74.0,67.0,76.0,68.0,58.0,72.0,0.0,74.0,0,55.0,74.0,55.0,45.0,62.0
0,0.0,0.0,0.0,0.0,0.0,66.0,86.0,89.0,92.0,70.0,35.0,72.0,76.0,0.0,83.0,0,82.0,76.0,74.0,83.0,75.0
0,0.0,0.0,1.0,0.0,0.0,66.0,92.0,93.0,84.0,64.0,54.0,71.0,74.0,0.0,53.0,0,80.0,45.0,80.0,74.0,82.0
0,0.0,0.0,0.0,0.0,0.0,66.0,69.0,82.0,76.0,78.0,56.0,68.0,77.0,0.0,75.0,0,68.0,70.0,65.0,64.0,64.0
0,0.0,0.0,0.0,0.0,0.0,65.0,73.0,76.0,74.0,67.0,65.0,69.0,73.0,0.0,69.0,0,59.0,65.0,64.0,62.0,66.0
0,0.0,0.0,0.0,0.0,0.0,65.0,86.0,92.0,90.0,65.0,43.0,69.0,72.0,0.0,62.0,0,72.0,65.0,87.0,85.0,78.0
0,0.0,0.0,0.0,0.0,0.0,65.0,72.0,74.0,70.0,69.0,60.0,67.0,73.0,0.0,76.0,0,65.0,74.0,61.0,64.0,74.0
0,0.0,0.0,0.0,0.0,0.0,65.0,88.0,77.0,84.0,62.0,32.0,79.0,87.0,0.0,85.0,0,91.0,81.0,86.0,66.0,81.0
0,0.0,0.0,1.0,0.0,0.0,65.0,82.0,86.0,79.0,71.0,67.0,64.0,83.0,0.0,84.0,0,65.0,76.0,68.0,73.0,85.0
0,0.0,0.0,1.0,0.0,0.0,65.0,73.0,72.0,70.0,84.0,60.0,55.0,85.0,0.0,88.0,0,50.0,85.0,40.0,55.0,60.0
0,0.0,0.0,0.0,0.0,0.0,65.0,71.0,74.0,68.0,75.0,56.0,66.0,77.0,0.0,77.0,0,64.0,70.0,55.0,64.0,55.0
0,0.0,0.0,0.0,0.0,0.0,65.0,76.0,75.0,69.0,75.0,65.0,60.0,75.0,0.0,72.0,0,62.0,69.0,55.0,60.0,57.0
0,0.0,0.0,1.0,0.0,0.0,65.0,85.0,91.0,84.0,75.0,39.0,72.0,76.0,0.0,81.0,0,76.0,78.0,90.0,74.0,69.0
0,0.0,0.0,0.0,0.0,0.0,64.0,83.0,91.0,86.0,63.0,54.0,77.0,73.0,0.0,63.0,0,69.0,65.0,77.0,83.0,73.0
0,0.0,0.0,0.0,0.0,0.0,64.0,77.0,81.0,76.0,66.0,66.0,68.0,74.0,0.0,73.0,0,69.0,65.0,70.0,74.0,72.0
0,0.0,0.0,0.0,0.0,0.0,64.0,95.0,94.0,91.0,72.0,36.0,69.0,75.0,0.0,77.0,0,56.0,65.0,83.0,88.0,94.0
0,0.0,0.0,0.0,0.0,0.0,64.0,81.0,85.0,82.0,72.0,55.0,66.0,82.0,0.0,83.0,0,70.0,76.0,88.0,75.0,78.0
0,0.0,0.0,0.0,0.0,0.0,64.0,79.0,84.0,88.0,68.0,60.0,66.0,80.0,0.0,63.0,0,65.0,60.0,83.0,86.0,74.0
0,0.0,0.0,0.0,0.0,0.0,64.0,84.0,81.0,86.0,75.0,42.0,70.0,77.0,0.0,70.0,0,81.0,56.0,72.0,79.0,89.0
0,0.0,0.0,5.0,0.0,0.0,64.0,85.0,89.0,78.0,74.0,50.0,45.0,81.0,0.0,88.0,0,72.0,79.0,67.0,77.0,84.0
0,0.0,0.0,0.0,0.0,0.0,64.0,78.0,83.0,71.0,73.0,66.0,72.0,71.0,0.0,72.0,0,55.0,66.0,45.0,48.0,69.0
0,0.0,0.0,0.0,0.0,0.0,64.0,82.0,86.0,77.0,75.0,56.0,63.0,83.0,0.0,85.0,0,71.0,82.0,72.0,75.0,68.0
0,0.0,0.0,36.0,0.0,2.0,64.0,81.0,83.0,77.0,65.0,53.0,63.0,75.0,0.0,89.0,0,79.0,87.0,70.0,80.0,86.0
0,0.0,0.0,1.0,0.0,0.0,64.0,94.0,97.0,99.0,48.0,29.0,75.0,64.0,0.0,44.0,0,83.0,37.0,85.0,94.0,88.0
0,0.0,0.0,9.0,0.0,0.0,64.0,74.0,75.0,77.0,63.0,62.0,76.0,73.0,0.0,53.0,0,70.0,62.0,66.0,64.0,81.0
0,0.0,0.0,3.0,0.0,0.0,64.0,80.0,82.0,76.0,83.0,58.0,74.0,80.0,0.0,86.0,0,75.0,83.0,74.0,72.0,70.0
0,0.0,0.0,37.0,0.0,0.0,63.0,95.0,94.0,89.0,59.0,45.0,77.0,67.0,0.0,49.0,0,62.0,46.0,87.0,89.0,78.0
0,0.0,0.0,11.0,0.0,0.0,63.0,95.0,94.0,89.0,59.0,45.0,77.0,67.0,0.0,49.0,0,62.0,46.0,87.0,89.0,78.0
0,0.0,0.0,2.0,0.0,0.0,63.0,95.0,94.0,89.0,59.0,45.0,77.0,67.0,0.0,49.0,0,62.0,46.0,87.0,89.0,78.0
0,0.0,0.0,0.0,0.0,0.0,63.0,95.0,94.0,89.0,59.0,45.0,77.0,67.0,0.0,49.0,0,62.0,46.0,87.0,89.0,78.0
0,0.0,0.0,0.0,0.0,0.0,63.0,73.0,69.0,71.0,75.0,56.0,77.0,80.0,0.0,77.0,0,66.0,74.0,65.0,60.0,74.0
0,0.0,0.0,0.0,0.0,0.0,63.0,86.0,87.0,88.0,55.0,42.0,76.0,74.0,0.0,64.0,0,67.0,65.0,80.0,84.0,79.0
0,0.0,0.0,0.0,0.0,0.0,63.0,86.0,82.0,79.0,78.0,52.0,67.0,78.0,0.0,87.0,0,68.0,85.0,74.0,83.0,76.0
0,0.0,0.0,0.0,0.0,0.0,63.0,87.0,90.0,91.0,48.0,39.0,69.0,76.0,0.0,55.0,0,75.0,57.0,83.0,84.0,86.0
0,0.0,0.0,1.0,0.0,0.0,63.0,80.0,84.0,85.0,68.0,55.0,83.0,82.0,0.0,79.0,0,86.0,82.0,80.0,82.0,75.0
0,0.0,0.0,9.0,0.0,0.0,63.0,92.0,86.0,83.0,71.0,39.0,61.0,72.0,0.0,87.0,0,76.0,79.0,67.0,78.0,85.0
0,0.0,0.0,1.0,0.0,0.0,63.0,96.0,94.0,87.0,62.0,47.0,70.0,68.0,0.0,65.0,0,72.0,55.0,72.0,82.0,85.0
0,0.0,0.0,0.0,0.0,0.0,63.0,84.0,86.0,81.0,71.0,57.0,55.0,67.0,0.0,83.0,0,84.0,75.0,65.0,78.0,74.0
0,0.0,0.0,0.0,0.0,0.0,63.0,94.0,95.0,87.0,58.0,44.0,64.0,75.0,0.0,45.0,0,70.0,55.0,82.0,77.0,77.0
0,0.0,0.0,0.0,0.0,0.0,63.0,82.0,78.0,74.0,68.0,62.0,62.0,73.0,0.0,77.0,0,68.0,82.0,67.0,66.0,65.0
0,0.0,0.0,0.0,0.0,0.0,63.0,84.0,79.0,86.0,62.0,45.0,61.0,77.0,0.0,66.0,0,75.0,67.0,75.0,79.0,73.0
0,0.0,0.0,7.0,0.0,0.0,63.0,89.0,95.0,92.0,53.0,40.0,73.0,74.0,0.0,48.0,0,73.0,46.0,83.0,90.0,94.0
0,0.0,0.0,0.0,0.0,0.0,63.0,88.0,92.0,87.0,64.0,52.0,65.0,72.0,0.0,65.0,0,65.0,63.0,71.0,79.0,80.0
0,0.0,0.0,5.0,0.0,0.0,63.0,78.0,82.0,84.0,84.0,54.0,53.0,78.0,0.0,93.0,0,71.0,92.0,77.0,72.0,74.0
0,0.0,0.0,0.0,0.0,0.0,63.0,70.0,75.0,66.0,67.0,58.0,46.0,65.0,0.0,70.0,0,55.0,70.0,50.0,60.0,60.0
0,0.0,0.0,4.0,0.0,1.0,62.0,91.0,84.0,88.0,75.0,55.0,70.0,62.0,0.0,52.0,0,69.0,56.0,82.0,84.0,91.0
0,0.0,0.0,1.0,0.0,0.0,62.0,88.0,82.0,84.0,75.0,51.0,63.0,76.0,0.0,85.0,0,73.0,77.0,70.0,63.0,86.0
0,0.0,0.0,0.0,0.0,0.0,62.0,82.0,89.0,85.0,72.0,31.0,68.0,67.0,0.0,85.0,0,82.0,74.0,80.0,86.0,72.0
0,0.0,0.0,0.0,0.0,0.0,62.0,85.0,87.0,81.0,79.0,40.0,68.0,79.0,0.0,83.0,0,73.0,75.0,73.0,78.0,83.0
0,0.0,0.0,0.0,0.0,0.0,62.0,87.0,79.0,75.0,78.0,42.0,69.0,83.0,0.0,86.0,0,81.0,79.0,67.0,66.0,67.0
0,0.0,0.0,7.0,0.0,0.0,62.0,87.0,79.0,75.0,78.0,42.0,69.0,83.0,0.0,86.0,0,81.0,79.0,67.0,66.0,67.0
0,0.0,0.0,26.0,0.0,0.0,62.0,86.0,87.0,80.0,74.0,42.0,64.0,74.0,0.0,82.0,0,69.0,86.0,88.0,74.0,74.0
0,0.0,0.0,0.0,0.0,0.0,62.0,93.0,95.0,83.0,69.0,46.0,70.0,74.0,0.0,81.0,0,67.0,72.0,66.0,75.0,85.0
0,0.0,0.0,0.0,0.0,0.0,62.0,86.0,80.0,87.0,73.0,48.0,68.0,79.0,0.0,81.0,0,70.0,88.0,85.0,68.0,90.0
0,0.0,0.0,0.0,0.0,0.0,62.0,86.0,90.0,92.0,72.0,35.0,70.0,76.0,0.0,61.0,0,72.0,80.0,73.0,74.0,87.0
0,0.0,0.0,1.0,0.0,0.0,62.0,86.0,85.0,85.0,67.0,40.0,77.0,74.0,0.0,74.0,0,79.0,55.0,75.0,74.0,74.0
0,0.0,0.0,5.0,0.0,0.0,62.0,94.0,90.0,90.0,58.0,35.0,69.0,73.0,0.0,64.0,0,75.0,53.0,74.0,87.0,82.0
0,0.0,0.0,0.0,0.0,0.0,61.0,83.0,75.0,82.0,62.0,60.0,82.0,75.0,0.0,67.0,0,80.0,60.0,65.0,83.0,87.0
0,0.0,0.0,0.0,0.0,0.0,61.0,94.0,86.0,78.0,69.0,45.0,55.0,73.0,0.0,85.0,0,68.0,81.0,66.0,65.0,86.0
0,0.0,0.0,0.0,0.0,0.0,61.0,89.0,93.0,91.0,54.0,35.0,68.0,73.0,0.0,37.0,0,79.0,53.0,84.0,82.0,90.0
0,0.0,0.0,0.0,0.0,0.0,61.0,78.0,85.0,69.0,82.0,44.0,67.0,80.0,0.0,82.0,0,74.0,73.0,49.0,67.0,80.0
0,0.0,0.0,0.0,0.0,0.0,61.0,85.0,87.0,87.0,63.0,58.0,59.0,69.0,0.0,74.0,0,55.0,69.0,76.0,79.0,68.0
0,0.0,0.0,0.0,0.0,0.0,61.0,76.0,73.0,67.0,59.0,64.0,70.0,75.0,0.0,56.0,0,52.0,66.0,45.0,40.0,86.0
0,0.0,0.0,0.0,0.0,0.0,61.0,84.0,86.0,76.0,73.0,41.0,52.0,82.0,0.0,87.0,0,72.0,75.0,71.0,66.0,90.0
0,0.0,0.0,0.0,0.0,0.0,61.0,87.0,91.0,80.0,74.0,45.0,60.0,72.0,0.0,73.0,0,78.0,50.0,75.0,65.0,86.0
0,0.0,0.0,0.0,0.0,0.0,61.0,81.0,84.0,76.0,77.0,61.0,60.0,75.0,0.0,80.0,0,73.0,82.0,64.0,66.0,70.0
0,0.0,0.0,0.0,0.0,0.0,61.0,89.0,91.0,94.0,48.0,64.0,78.0,73.0,0.0,46.0,0,70.0,42.0,85.0,89.0,90.0
0,0.0,0.0,0.0,0.0,0.0,60.0,90.0,88.0,82.0,72.0,47.0,48.0,68.0,0.0,86.0,0,68.0,77.0,79.0,69.0,80.0
0,0.0,0.0,0.0,0.0,0.0,60.0,82.0,85.0,86.0,61.0,44.0,68.0,71.0,0.0,78.0,0,80.0,64.0,76.0,73.0,84.0
0,0.0,0.0,0.0,0.0,0.0,59.0,73.0,74.0,68.0,76.0,61.0,59.0,70.0,0.0,77.0,0,49.0,66.0,46.0,55.0,64.0
0,0.0,0.0,0.0,0.0,0.0,59.0,73.0,69.0,70.0,78.0,55.0,64.0,73.0,0.0,74.0,0,65.0,75.0,49.0,57.0,66.0
0,0.0,0.0,0.0,0.0,0.0,59.0,79.0,82.0,83.0,69.0,45.0,65.0,77.0,0.0,87.0,0,75.0,76.0,67.0,72.0,79.0
0,0.0,0.0,0.0,0.0,0.0,59.0,67.0,77.0,74.0,72.0,55.0,70.0,72.0,0.0,76.0,0,63.0,72.0,65.0,61.0,76.0
0,0.0,0.0,0.0,0.0,0.0,58.0,74.0,75.0,75.0,76.0,56.0,66.0,78.0,0.0,86.0,0,72.0,85.0,69.0,72.0,64.0
0,0.0,0.0,0.0,0.0,0.0,58.0,73.0,77.0,69.0,74.0,56.0,60.0,70.0,0.0,67.0,0,54.0,65.0,35.0,55.0,72.0
0,0.0,0.0,0.0,0.0,0.0,58.0,85.0,84.0,77.0,75.0,36.0,69.0,80.0,0.0,85.0,0,65.0,88.0,78.0,76.0,72.0
0,0.0,0.0,0.0,0.0,0.0,58.0,72.0,82.0,74.0,69.0,59.0,70.0,81.0,0.0,74.0,0,58.0,73.0,65.0,66.0,69.0
0,0.0,0.0,0.0,0.0,0.0,58.0,69.0,74.0,67.0,75.0,69.0,50.0,67.0,0.0,55.0,0,42.0,66.0,55.0,40.0,67.0
0,0.0,0.0,0.0,0.0,0.0,57.0,93.0,95.0,87.0,62.0,42.0,74.0,69.0,0.0,51.0,0,65.0,48.0,74.0,66.0,88.0
0,0.0,0.0,0.0,0.0,0.0,57.0,81.0,84.0,77.0,70.0,48.0,58.0,84.0,0.0,85.0,0,64.0,74.0,70.0,64.0,82.0
0,0.0,0.0,0.0,0.0,0.0,57.0,92.0,94.0,93.0,49.0,35.0,70.0,61.0,0.0,37.0,0,70.0,45.0,81.0,85.0,78.0
0,0.0,0.0,0.0,0.0,0.0,57.0,77.0,74.0,76.0,73.0,54.0,59.0,70.0,0.0,73.0,0,56.0,70.0,65.0,55.0,77.0
0,0.0,0.0,0.0,0.0,0.0,57.0,77.0,83.0,76.0,69.0,46.0,57.0,81.0,0.0,80.0,0,75.0,83.0,73.0,64.0,69.0
0,0.0,0.0,0.0,0.0,0.0,56.0,83.0,84.0,79.0,64.0,41.0,70.0,77.0,0.0,55.0,0,61.0,62.0,76.0,81.0,73.0
0,0.0,0.0,0.0,0.0,0.0,55.0,76.0,74.0,80.0,62.0,52.0,64.0,74.0,0.0,63.0,0,61.0,55.0,49.0,55.0,77.0
0,0.0,0.0,0.0,0.0,0.0,52.0,75.0,85.0,78.0,67.0,56.0,48.0,60.0,0.0,66.0,0,51.0,44.0,40.0,47.0,83.0
0,0.0,28.0,11.0,0.0,0.0,99.0,97.0,0.0,98.0,0.0,93.0,65.0,90.0,0.0,98.0,0,99.0,97.0,95.0,97.0,90.0
0,0.0,28.0,101.0,4.0,7.0,99.0,97.0,0.0,98.0,0.0,93.0,65.0,90.0,0.0,98.0,0,99.0,97.0,95.0,97.0,90.0
0,0.0,27.0,74.0,1.0,5.0,96.0,90.0,0.0,88.0,0.0,96.0,58.0,97.0,0.0,99.0,0,98.0,99.0,89.0,92.0,84.0
0,0.0,28.0,0.0,0.0,0.0,95.0,90.0,0.0,89.0,0.0,82.0,85.0,84.0,0.0,81.0,0,75.0,74.0,75.0,80.0,69.0
0,0.0,27.0,0.0,0.0,0.0,95.0,90.0,0.0,94.0,0.0,88.0,76.0,93.0,0.0,95.0,0,97.0,97.0,89.0,95.0,68.0
0,0.0,26.0,66.0,2.0,4.0,94.0,98.0,0.0,97.0,0.0,90.0,80.0,85.0,0.0,67.0,0,98.0,67.0,92.0,97.0,90.0
0,0.0,26.0,63.0,0.0,3.0,94.0,91.0,0.0,94.0,0.0,89.0,82.0,95.0,0.0,79.0,0,96.0,85.0,94.0,86.0,85.0
0,0.0,25.0,83.0,2.0,6.0,93.0,91.0,0.0,98.0,0.0,85.0,80.0,93.0,0.0,64.0,0,97.0,70.0,95.0,98.0,89.0
0,0.0,30.0,94.0,0.0,5.0,93.0,90.0,0.0,91.0,0.0,94.0,69.0,90.0,0.0,90.0,0,98.0,91.0,86.0,91.0,72.0
0,0.0,26.0,34.0,0.0,1.0,92.0,96.0,0.0,98.0,0.0,83.0,82.0,88.0,0.0,62.0,0,97.0,65.0,92.0,98.0,91.0
0,0.0,27.0,0.0,0.0,0.0,92.0,83.0,0.0,78.0,0.0,88.0,77.0,88.0,0.0,92.0,0,85.0,94.0,75.0,77.0,60.0
0,0.0,27.0,84.0,0.0,2.0,91.0,91.0,0.0,92.0,0.0,90.0,84.0,89.0,0.0,80.0,0,94.0,84.0,87.0,88.0,80.0
0,0.0,28.0,74.0,1.0,3.0,91.0,92.0,0.0,95.0,0.0,88.0,81.0,91.0,0.0,71.0,0,95.0,81.0,90.0,91.0,82.0
0,0.0,24.0,48.0,0.0,0.0,90.0,91.0,0.0,92.0,0.0,75.0,73.0,93.0,0.0,76.0,0,93.0,88.0,93.0,87.0,88.0
0,0.0,24.0,39.0,1.0,2.0,90.0,91.0,0.0,92.0,0.0,75.0,73.0,93.0,0.0,76.0,0,93.0,88.0,93.0,87.0,88.0
0,0.0,27.0,0.0,0.0,0.0,90.0,75.0,0.0,69.0,0.0,79.0,74.0,78.0,0.0,71.0,0,65.0,75.0,60.0,65.0,55.0
0,0.0,30.0,75.0,0.0,3.0,89.0,86.0,0.0,83.0,0.0,96.0,78.0,96.0,0.0,91.0,0,97.0,95.0,85.0,77.0,74.0
0,0.0,26.0,0.0,0.0,0.0,89.0,73.0,0.0,74.0,0.0,75.0,71.0,79.0,0.0,86.0,0,67.0,82.0,74.0,66.0,65.0
0,0.0,24.0,36.0,0.0,2.0,89.0,87.0,0.0,84.0,0.0,76.0,65.0,95.0,0.0,98.0,0,97.0,97.0,89.0,87.0,86.0
0,0.0,32.0,3.0,0.0,0.0,89.0,77.0,0.0,74.0,0.0,84.0,62.0,87.0,0.0,85.0,0,79.0,95.0,65.0,67.0,64.0
0,0.0,32.0,16.0,0.0,0.0,89.0,77.0,0.0,74.0,0.0,84.0,62.0,87.0,0.0,85.0,0,79.0,95.0,65.0,67.0,64.0
0,0.0,32.0,9.0,0.0,0.0,89.0,77.0,0.0,74.0,0.0,84.0,62.0,87.0,0.0,85.0,0,79.0,95.0,65.0,67.0,64.0
0,0.0,32.0,3.0,0.0,0.0,89.0,77.0,0.0,74.0,0.0,84.0,62.0,87.0,0.0,85.0,0,79.0,95.0,65.0,67.0,64.0
0,0.0,26.0,7.0,0.0,0.0,88.0,75.0,0.0,72.0,0.0,77.0,69.0,69.0,0.0,66.0,0,55.0,75.0,50.0,45.0,68.0
0,0.0,30.0,0.0,0.0,0.0,88.0,79.0,0.0,75.0,0.0,85.0,70.0,83.0,0.0,87.0,0,76.0,84.0,74.0,69.0,60.0
0,0.0,27.0,3.0,0.0,1.0,88.0,73.0,0.0,72.0,0.0,79.0,73.0,75.0,0.0,70.0,0,55.0,80.0,55.0,65.0,70.0
0,0.0,22.0,17.0,0.0,0.0,87.0,90.0,0.0,90.0,0.0,70.0,68.0,91.0,0.0,95.0,0,93.0,88.0,92.0,88.0,90.0
0,0.0,26.0,39.0,0.0,0.0,87.0,97.0,0.0,87.0,0.0,85.0,79.0,81.0,0.0,88.0,0,93.0,94.0,87.0,80.0,90.0
0,0.0,30.0,62.0,0.0,3.0,87.0,93.0,0.0,98.0,0.0,85.0,85.0,97.0,0.0,39.0,0,92.0,60.0,89.0,94.0,70.0
0,0.0,30.0,0.0,0.0,0.0,87.0,79.0,0.0,74.0,0.0,82.0,76.0,83.0,0.0,85.0,0,70.0,75.0,60.0,49.0,85.0
0,0.0,30.0,7.0,0.0,1.0,87.0,79.0,0.0,74.0,0.0,82.0,76.0,83.0,0.0,85.0,0,70.0,75.0,60.0,49.0,85.0
0,0.0,27.0,15.0,0.0,0.0,87.0,99.0,0.0,95.0,0.0,87.0,76.0,85.0,0.0,55.0,0,92.0,67.0,88.0,92.0,88.0
0,0.0,27.0,70.0,1.0,3.0,87.0,99.0,0.0,95.0,0.0,87.0,76.0,85.0,0.0,55.0,0,92.0,67.0,88.0,92.0,88.0
0,0.0,24.0,1.0,0.0,0.0,85.0,69.0,0.0,65.0,0.0,76.0,72.0,68.0,0.0,74.0,0,52.0,80.0,55.0,60.0,60.0
0,0.0,24.0,0.0,0.0,0.0,85.0,69.0,0.0,65.0,0.0,76.0,72.0,68.0,0.0,74.0,0,52.0,80.0,55.0,60.0,60.0
0,0.0,24.0,25.0,0.0,0.0,85.0,87.0,0.0,83.0,0.0,78.0,64.0,79.0,0.0,97.0,0,95.0,95.0,88.0,86.0,66.0
0,0.0,25.0,60.0,1.0,3.0,84.0,94.0,0.0,85.0,0.0,74.0,81.0,89.0,0.0,91.0,0,91.0,87.0,74.0,82.0,82.0
0,0.0,32.0,0.0,0.0,0.0,83.0,87.0,0.0,87.0,0.0,89.0,79.0,75.0,0.0,77.0,0,90.0,85.0,81.0,83.0,80.0
0,0.0,27.0,42.0,0.0,0.0,83.0,90.0,0.0,91.0,0.0,81.0,67.0,77.0,0.0,74.0,0,91.0,84.0,85.0,93.0,80.0
0,0.0,28.0,61.0,0.0,0.0,83.0,95.0,0.0,97.0,0.0,85.0,81.0,76.0,0.0,52.0,0,82.0,60.0,90.0,97.0,93.0
0,0.0,28.0,0.0,0.0,0.0,82.0,83.0,0.0,78.0,0.0,86.0,46.0,96.0,0.0,92.0,0,91.0,94.0,79.0,74.0,78.0
0,0.0,26.0,44.0,0.0,1.0,82.0,91.0,0.0,90.0,0.0,75.0,71.0,73.0,0.0,87.0,0,90.0,93.0,85.0,91.0,75.0
0,0.0,28.0,0.0,0.0,0.0,82.0,91.0,0.0,95.0,0.0,84.0,83.0,88.0,0.0,42.0,0,89.0,53.0,84.0,90.0,87.0
0,0.0,28.0,7.0,0.0,0.0,82.0,82.0,0.0,83.0,0.0,79.0,87.0,72.0,0.0,79.0,0,77.0,75.0,72.0,74.0,72.0
0,0.0,30.0,61.0,0.0,1.0,82.0,93.0,0.0,92.0,0.0,86.0,65.0,93.0,0.0,45.0,0,88.0,52.0,86.0,87.0,74.0
0,0.0,26.0,48.0,0.0,1.0,82.0,90.0,0.0,83.0,0.0,76.0,69.0,90.0,0.0,66.0,0,85.0,92.0,77.0,84.0,85.0
0,0.0,26.0,0.0,0.0,0.0,82.0,90.0,0.0,83.0,0.0,76.0,69.0,90.0,0.0,66.0,0,85.0,92.0,77.0,84.0,85.0
0,0.0,22.0,10.0,0.0,0.0,82.0,90.0,0.0,88.0,0.0,70.0,67.0,88.0,0.0,83.0,0,89.0,76.0,91.0,88.0,88.0
0,0.0,28.0,0.0,0.0,0.0,82.0,86.0,0.0,82.0,0.0,85.0,78.0,97.0,0.0,83.0,0,85.0,83.0,82.0,75.0,80.0
0,0.0,29.0,25.0,0.0,0.0,81.0,85.0,0.0,80.0,0.0,81.0,74.0,95.0,0.0,92.0,0,88.0,93.0,74.0,77.0,75.0
0,0.0,28.0,13.0,1.0,2.0,81.0,78.0,0.0,73.0,0.0,80.0,67.0,85.0,0.0,87.0,0,74.0,86.0,68.0,72.0,80.0
0,0.0,23.0,24.0,0.0,0.0,81.0,87.0,0.0,94.0,0.0,73.0,78.0,83.0,0.0,89.0,0,79.0,73.0,81.0,91.0,75.0
0,0.0,23.0,36.0,0.0,0.0,81.0,87.0,0.0,88.0,0.0,69.0,69.0,89.0,0.0,87.0,0,91.0,82.0,78.0,84.0,80.0
0,0.0,23.0,66.0,0.0,3.0,81.0,87.0,0.0,88.0,0.0,69.0,69.0,89.0,0.0,87.0,0,91.0,82.0,78.0,84.0,80.0
0,0.0,25.0,0.0,0.0,0.0,81.0,90.0,0.0,86.0,0.0,72.0,66.0,88.0,0.0,88.0,0,86.0,83.0,93.0,85.0,79.0
0,0.0,25.0,14.0,0.0,0.0,81.0,90.0,0.0,86.0,0.0,72.0,66.0,88.0,0.0,88.0,0,86.0,83.0,93.0,85.0,79.0
0,0.0,26.0,29.0,0.0,0.0,80.0,86.0,0.0,81.0,0.0,78.0,62.0,88.0,0.0,88.0,0,87.0,95.0,96.0,83.0,80.0
0,0.0,25.0,0.0,0.0,0.0,80.0,88.0,0.0,77.0,0.0,76.0,55.0,94.0,0.0,96.0,0,87.0,97.0,82.0,75.0,72.0
0,0.0,27.0,0.0,0.0,0.0,79.0,70.0,0.0,69.0,0.0,73.0,64.0,74.0,0.0,77.0,0,55.0,69.0,45.0,60.0,65.0
0,0.0,28.0,6.0,0.0,0.0,79.0,83.0,0.0,81.0,0.0,72.0,77.0,84.0,0.0,75.0,0,80.0,75.0,65.0,50.0,70.0
0,0.0,30.0,3.0,0.0,0.0,79.0,73.0,0.0,72.0,0.0,74.0,63.0,81.0,0.0,83.0,0,70.0,85.0,45.0,55.0,68.0
0,0.0,24.0,12.0,0.0,0.0,79.0,91.0,0.0,94.0,0.0,68.0,72.0,80.0,0.0,67.0,0,88.0,58.0,84.0,92.0,82.0
0,0.0,23.0,5.0,0.0,0.0,79.0,86.0,0.0,83.0,0.0,72.0,70.0,95.0,0.0,91.0,0,84.0,95.0,85.0,78.0,76.0
0,0.0,28.0,5.0,0.0,0.0,79.0,72.0,0.0,67.0,0.0,76.0,74.0,70.0,0.0,72.0,0,59.0,67.0,40.0,55.0,70.0
0,0.0,28.0,23.0,0.0,0.0,79.0,85.0,0.0,81.0,0.0,79.0,55.0,90.0,0.0,89.0,0,90.0,93.0,87.0,81.0,84.0
0,0.0,31.0,41.0,0.0,1.0,78.0,87.0,0.0,85.0,0.0,82.0,85.0,93.0,0.0,65.0,0,81.0,72.0,85.0,74.0,77.0
0,0.0,22.0,0.0,0.0,0.0,78.0,95.0,0.0,93.0,0.0,69.0,69.0,74.0,0.0,72.0,0,80.0,66.0,77.0,95.0,92.0
0,0.0,22.0,5.0,0.0,0.0,78.0,95.0,0.0,93.0,0.0,69.0,69.0,74.0,0.0,72.0,0,80.0,66.0,77.0,95.0,92.0
0,0.0,24.0,25.0,0.0,0.0,78.0,91.0,0.0,93.0,0.0,67.0,83.0,75.0,0.0,59.0,0,92.0,64.0,87.0,82.0,79.0
0,0.0,25.0,16.0,0.0,0.0,78.0,79.0,0.0,84.0,0.0,75.0,81.0,67.0,0.0,65.0,0,74.0,84.0,76.0,70.0,86.0
0,0.0,23.0,5.0,0.0,0.0,77.0,84.0,0.0,80.0,0.0,70.0,57.0,91.0,0.0,93.0,0,84.0,89.0,81.0,77.0,84.0
0,0.0,26.0,29.0,0.0,0.0,77.0,81.0,0.0,79.0,0.0,72.0,84.0,76.0,0.0,81.0,0,70.0,68.0,74.0,72.0,70.0
0,0.0,26.0,0.0,0.0,0.0,77.0,70.0,0.0,69.0,0.0,66.0,60.0,78.0,0.0,89.0,0,75.0,86.0,66.0,55.0,56.0
0,0.0,22.0,9.0,0.0,0.0,77.0,93.0,0.0,92.0,0.0,65.0,67.0,66.0,0.0,90.0,0,87.0,91.0,75.0,90.0,85.0
0,0.0,27.0,32.0,0.0,1.0,77.0,91.0,0.0,94.0,0.0,75.0,73.0,77.0,0.0,47.0,0,85.0,42.0,83.0,92.0,80.0
0,0.0,26.0,7.0,0.0,0.0,77.0,94.0,0.0,93.0,0.0,75.0,80.0,68.0,0.0,53.0,0,83.0,65.0,84.0,95.0,86.0
0,0.0,26.0,33.0,0.0,0.0,76.0,86.0,0.0,90.0,0.0,76.0,76.0,86.0,0.0,62.0,0,83.0,68.0,80.0,87.0,95.0
0,0.0,26.0,2.0,0.0,0.0,76.0,69.0,0.0,72.0,0.0,73.0,51.0,66.0,0.0,74.0,0,48.0,55.0,35.0,40.0,66.0
0,0.0,26.0,27.0,0.0,0.0,76.0,94.0,0.0,86.0,0.0,75.0,65.0,76.0,0.0,58.0,0,85.0,65.0,85.0,88.0,80.0
0,0.0,24.0,0.0,0.0,0.0,76.0,74.0,0.0,73.0,0.0,67.0,65.0,73.0,0.0,72.0,0,69.0,70.0,74.0,75.0,73.0
0,0.0,26.0,0.0,0.0,0.0,76.0,88.0,0.0,84.0,0.0,70.0,72.0,87.0,0.0,88.0,0,84.0,79.0,76.0,83.0,67.0
0,0.0,26.0,7.0,0.0,0.0,76.0,88.0,0.0,84.0,0.0,70.0,72.0,87.0,0.0,88.0,0,84.0,79.0,76.0,83.0,67.0
0,0.0,27.0,0.0,0.0,0.0,76.0,85.0,0.0,84.0,0.0,70.0,84.0,82.0,0.0,86.0,0,86.0,88.0,82.0,77.0,72.0
0,0.0,22.0,36.0,0.0,1.0,76.0,87.0,0.0,88.0,0.0,54.0,64.0,89.0,0.0,91.0,0,83.0,76.0,96.0,79.0,91.0
0,0.0,23.0,16.0,0.0,0.0,76.0,93.0,0.0,80.0,0.0,68.0,76.0,84.0,0.0,87.0,0,78.0,76.0,77.0,72.0,87.0
0,0.0,26.0,3.0,0.0,0.0,76.0,75.0,0.0,76.0,0.0,68.0,64.0,68.0,0.0,69.0,0,58.0,65.0,69.0,66.0,76.0
0,0.0,26.0,42.0,1.0,1.0,76.0,75.0,0.0,76.0,0.0,68.0,64.0,68.0,0.0,69.0,0,58.0,65.0,69.0,66.0,76.0
0,0.0,24.0,8.0,0.0,0.0,76.0,88.0,0.0,82.0,0.0,69.0,56.0,86.0,0.0,95.0,0,84.0,92.0,79.0,88.0,75.0
0,0.0,21.0,42.0,0.0,0.0,75.0,89.0,0.0,94.0,0.0,47.0,77.0,82.0,0.0,65.0,0,84.0,74.0,88.0,93.0,83.0
0,0.0,22.0,7.0,0.0,0.0,75.0,86.0,0.0,86.0,0.0,57.0,66.0,96.0,0.0,87.0,0,75.0,86.0,81.0,82.0,81.0
0,0.0,24.0,0.0,0.0,0.0,75.0,73.0,0.0,69.0,0.0,72.0,48.0,73.0,0.0,78.0,0,68.0,75.0,55.0,60.0,65.0
0,0.0,22.0,42.0,0.0,1.0,75.0,95.0,0.0,93.0,0.0,60.0,64.0,86.0,0.0,55.0,0,83.0,62.0,77.0,86.0,90.0
0,0.0,29.0,3.0,0.0,0.0,75.0,80.0,0.0,75.0,0.0,65.0,72.0,80.0,0.0,86.0,0,75.0,83.0,74.0,69.0,70.0
0,0.0,31.0,30.0,1.0,2.0,75.0,94.0,0.0,91.0,0.0,74.0,74.0,69.0,0.0,53.0,0,81.0,62.0,87.0,91.0,84.0
0,0.0,26.0,0.0,0.0,0.0,75.0,85.0,0.0,79.0,0.0,69.0,45.0,75.0,0.0,96.0,0,89.0,98.0,88.0,84.0,95.0
0,0.0,26.0,0.0,0.0,0.0,74.0,74.0,0.0,75.0,0.0,67.0,64.0,78.0,0.0,86.0,0,72.0,85.0,69.0,72.0,64.0
0,0.0,26.0,0.0,0.0,0.0,74.0,72.0,0.0,68.0,0.0,69.0,52.0,72.0,0.0,75.0,0,58.0,72.0,66.0,61.0,65.0
0,0.0,26.0,0.0,0.0,0.0,74.0,72.0,0.0,68.0,0.0,69.0,52.0,72.0,0.0,75.0,0,58.0,72.0,66.0,61.0,65.0
0,0.0,29.0,9.0,0.0,0.0,74.0,92.0,0.0,86.0,0.0,73.0,65.0,73.0,0.0,64.0,0,79.0,54.0,86.0,84.0,74.0
0,0.0,23.0,1.0,0.0,0.0,74.0,87.0,0.0,91.0,0.0,54.0,70.0,72.0,0.0,83.0,0,85.0,82.0,91.0,87.0,79.0
0,0.0,26.0,6.0,0.0,0.0,74.0,89.0,0.0,79.0,0.0,74.0,60.0,88.0,0.0,82.0,0,75.0,80.0,86.0,78.0,93.0
0,0.0,26.0,25.0,0.0,0.0,74.0,89.0,0.0,79.0,0.0,74.0,60.0,88.0,0.0,82.0,0,75.0,80.0,86.0,78.0,93.0
0,0.0,25.0,11.0,0.0,0.0,74.0,86.0,0.0,80.0,0.0,68.0,70.0,72.0,0.0,87.0,0,83.0,93.0,92.0,88.0,77.0
0,0.0,25.0,5.0,0.0,0.0,74.0,86.0,0.0,80.0,0.0,68.0,70.0,72.0,0.0,87.0,0,83.0,93.0,92.0,88.0,77.0
0,0.0,29.0,21.0,0.0,0.0,74.0,81.0,0.0,78.0,0.0,80.0,75.0,86.0,0.0,92.0,0,84.0,91.0,74.0,66.0,65.0
0,0.0,23.0,2.0,0.0,0.0,74.0,93.0,0.0,96.0,0.0,64.0,75.0,73.0,0.0,49.0,0,78.0,41.0,90.0,94.0,86.0
0,0.0,24.0,26.0,0.0,0.0,74.0,86.0,0.0,86.0,0.0,70.0,72.0,81.0,0.0,65.0,0,82.0,78.0,88.0,73.0,74.0
0,0.0,29.0,0.0,0.0,0.0,74.0,84.0,0.0,79.0,0.0,85.0,67.0,86.0,0.0,84.0,0,79.0,81.0,64.0,72.0,72.0
0,0.0,23.0,7.0,0.0,0.0,74.0,90.0,0.0,93.0,0.0,69.0,73.0,72.0,0.0,47.0,0,84.0,58.0,88.0,94.0,94.0
0,0.0,23.0,1.0,0.0,0.0,74.0,92.0,0.0,92.0,0.0,67.0,76.0,70.0,0.0,64.0,0,80.0,66.0,92.0,77.0,83.0
0,0.0,22.0,20.0,1.0,9.0,74.0,77.0,0.0,74.0,0.0,60.0,78.0,77.0,0.0,82.0,0,77.0,75.0,70.0,74.0,89.0
0,0.0,24.0,0.0,0.0,0.0,74.0,93.0,0.0,85.0,0.0,70.0,78.0,80.0,0.0,64.0,0,76.0,78.0,74.0,85.0,87.0
0,0.0,25.0,4.0,0.0,0.0,74.0,82.0,0.0,86.0,0.0,69.0,68.0,88.0,0.0,87.0,0,85.0,84.0,85.0,73.0,72.0
0,0.0,28.0,0.0,0.0,0.0,74.0,82.0,0.0,78.0,0.0,77.0,72.0,87.0,0.0,88.0,0,81.0,88.0,74.0,69.0,68.0
0,0.0,27.0,0.0,0.0,0.0,74.0,91.0,0.0,94.0,0.0,67.0,76.0,75.0,0.0,46.0,0,85.0,48.0,85.0,92.0,90.0
0,0.0,26.0,16.0,0.0,0.0,74.0,85.0,0.0,86.0,0.0,73.0,64.0,77.0,0.0,89.0,0,90.0,88.0,85.0,76.0,72.0
0,0.0,28.0,13.0,0.0,0.0,73.0,87.0,0.0,84.0,0.0,76.0,73.0,85.0,0.0,60.0,0,77.0,63.0,80.0,84.0,85.0
0,0.0,24.0,0.0,0.0,0.0,73.0,73.0,0.0,71.0,0.0,61.0,77.0,80.0,0.0,77.0,0,66.0,74.0,65.0,60.0,74.0
0,0.0,29.0,11.0,0.0,0.0,73.0,80.0,0.0,81.0,0.0,84.0,80.0,85.0,0.0,83.0,0,77.0,80.0,75.0,65.0,90.0
0,0.0,24.0,5.0,0.0,1.0,73.0,80.0,0.0,72.0,0.0,69.0,72.0,67.0,0.0,58.0,0,61.0,74.0,65.0,62.0,65.0
0,0.0,25.0,1.0,0.0,0.0,73.0,80.0,0.0,85.0,0.0,59.0,82.0,81.0,0.0,79.0,0,86.0,82.0,78.0,80.0,75.0
0,0.0,23.0,1.0,0.0,0.0,73.0,90.0,0.0,91.0,0.0,54.0,69.0,78.0,0.0,83.0,0,90.0,65.0,78.0,85.0,79.0
0,0.0,28.0,31.0,0.0,0.0,73.0,85.0,0.0,80.0,0.0,70.0,69.0,83.0,0.0,86.0,0,83.0,88.0,81.0,77.0,68.0
0,0.0,21.0,61.0,2.0,3.0,73.0,85.0,0.0,87.0,0.0,52.0,75.0,81.0,0.0,94.0,0,76.0,93.0,87.0,83.0,90.0
0,0.0,25.0,1.0,0.0,0.0,72.0,90.0,0.0,86.0,0.0,60.0,70.0,76.0,0.0,75.0,0,84.0,65.0,74.0,78.0,93.0
0,0.0,21.0,17.0,0.0,0.0,72.0,91.0,0.0,94.0,0.0,52.0,67.0,74.0,0.0,55.0,0,87.0,55.0,81.0,94.0,89.0
0,0.0,26.0,4.0,0.0,0.0,72.0,84.0,0.0,82.0,0.0,64.0,50.0,85.0,0.0,84.0,0,86.0,76.0,79.0,82.0,75.0
0,0.0,26.0,3.0,0.0,0.0,72.0,85.0,0.0,83.0,0.0,66.0,54.0,75.0,0.0,92.0,0,82.0,83.0,76.0,84.0,75.0
0,0.0,23.0,1.0,0.0,0.0,72.0,73.0,0.0,71.0,0.0,49.0,74.0,75.0,0.0,76.0,0,68.0,75.0,61.0,62.0,86.0
0,0.0,27.0,26.0,0.0,0.0,72.0,89.0,0.0,85.0,0.0,69.0,72.0,75.0,0.0,77.0,0,79.0,74.0,79.0,81.0,69.0
0,0.0,24.0,0.0,0.0,0.0,72.0,94.0,0.0,93.0,0.0,53.0,64.0,74.0,0.0,62.0,0,78.0,66.0,87.0,90.0,75.0
0,0.0,23.0,0.0,0.0,0.0,72.0,87.0,0.0,88.0,0.0,64.0,68.0,83.0,0.0,85.0,0,80.0,88.0,86.0,73.0,90.0
0,0.0,23.0,1.0,0.0,0.0,72.0,76.0,0.0,78.0,0.0,60.0,61.0,72.0,0.0,71.0,0,63.0,66.0,67.0,65.0,82.0
0,0.0,23.0,0.0,0.0,0.0,72.0,76.0,0.0,78.0,0.0,60.0,61.0,72.0,0.0,71.0,0,63.0,66.0,67.0,65.0,82.0
0,0.0,26.0,9.0,0.0,0.0,72.0,93.0,0.0,92.0,0.0,72.0,76.0,72.0,0.0,41.0,0,78.0,45.0,86.0,92.0,74.0
0,0.0,27.0,16.0,0.0,0.0,71.0,88.0,0.0,90.0,0.0,75.0,75.0,74.0,0.0,52.0,0,77.0,45.0,83.0,87.0,84.0
0,0.0,22.0,31.0,0.0,0.0,71.0,85.0,0.0,93.0,0.0,63.0,67.0,72.0,0.0,59.0,0,78.0,76.0,93.0,83.0,75.0
0,0.0,26.0,3.0,0.0,0.0,71.0,72.0,0.0,74.0,0.0,68.0,66.0,65.0,0.0,62.0,0,55.0,66.0,70.0,65.0,69.0
0,0.0,23.0,0.0,0.0,0.0,71.0,76.0,0.0,73.0,0.0,51.0,59.0,74.0,0.0,81.0,0,66.0,74.0,55.0,54.0,75.0
0,0.0,27.0,5.0,0.0,0.0,71.0,83.0,0.0,75.0,0.0,77.0,49.0,86.0,0.0,86.0,0,79.0,90.0,74.0,71.0,80.0
0,0.0,25.0,0.0,0.0,0.0,71.0,69.0,0.0,76.0,0.0,56.0,68.0,77.0,0.0,75.0,0,68.0,70.0,65.0,64.0,64.0
0,0.0,25.0,13.0,0.0,0.0,71.0,95.0,0.0,92.0,0.0,69.0,71.0,75.0,0.0,44.0,0,82.0,60.0,80.0,85.0,83.0
0,0.0,23.0,0.0,0.0,0.0,71.0,88.0,0.0,89.0,0.0,64.0,75.0,77.0,0.0,79.0,0,76.0,87.0,77.0,73.0,74.0
0,0.0,23.0,5.0,0.0,0.0,71.0,88.0,0.0,89.0,0.0,64.0,75.0,77.0,0.0,79.0,0,76.0,87.0,77.0,73.0,74.0
0,0.0,26.0,4.0,0.0,1.0,70.0,92.0,0.0,89.0,0.0,68.0,74.0,73.0,0.0,52.0,0,74.0,60.0,83.0,86.0,91.0
0,0.0,28.0,0.0,0.0,0.0,70.0,85.0,0.0,83.0,0.0,69.0,66.0,79.0,0.0,83.0,0,75.0,81.0,75.0,72.0,75.0
0,0.0,27.0,7.0,0.0,0.0,70.0,85.0,0.0,83.0,0.0,72.0,76.0,76.0,0.0,80.0,0,76.0,82.0,72.0,77.0,67.0
0,0.0,22.0,11.0,0.0,0.0,70.0,87.0,0.0,91.0,0.0,48.0,72.0,88.0,0.0,66.0,0,79.0,54.0,80.0,85.0,76.0
0,0.0,21.0,0.0,0.0,0.0,70.0,86.0,0.0,83.0,0.0,45.0,73.0,84.0,0.0,87.0,0,89.0,85.0,85.0,74.0,78.0
0,0.0,26.0,0.0,0.0,0.0,70.0,69.0,0.0,72.0,0.0,68.0,61.0,71.0,0.0,68.0,0,55.0,80.0,45.0,62.0,55.0
0,0.0,22.0,11.0,0.0,0.0,70.0,87.0,0.0,93.0,0.0,49.0,65.0,77.0,0.0,83.0,0,87.0,72.0,75.0,76.0,82.0
0,0.0,26.0,0.0,0.0,0.0,70.0,82.0,0.0,73.0,0.0,66.0,62.0,73.0,0.0,77.0,0,68.0,82.0,67.0,66.0,65.0
0,0.0,22.0,9.0,0.0,0.0,70.0,92.0,0.0,82.0,0.0,52.0,65.0,71.0,0.0,88.0,0,82.0,87.0,86.0,81.0,97.0
0,0.0,28.0,0.0,0.0,0.0,70.0,69.0,0.0,67.0,0.0,68.0,58.0,72.0,0.0,74.0,0,55.0,74.0,55.0,45.0,62.0
0,0.0,24.0,0.0,0.0,0.0,70.0,91.0,0.0,88.0,0.0,54.0,74.0,75.0,0.0,68.0,0,84.0,60.0,76.0,85.0,85.0
0,0.0,26.0,1.0,0.0,0.0,69.0,81.0,0.0,72.0,0.0,64.0,55.0,78.0,0.0,78.0,0,75.0,79.0,74.0,78.0,65.0
0,0.0,25.0,0.0,0.0,0.0,69.0,85.0,0.0,88.0,0.0,64.0,62.0,75.0,0.0,61.0,0,77.0,65.0,80.0,86.0,68.0
0,0.0,25.0,0.0,0.0,0.0,69.0,81.0,0.0,87.0,0.0,63.0,65.0,77.0,0.0,80.0,0,75.0,74.0,81.0,83.0,74.0
0,0.0,21.0,7.0,0.0,0.0,69.0,88.0,0.0,87.0,0.0,51.0,77.0,79.0,0.0,76.0,0,77.0,63.0,76.0,78.0,90.0
0,0.0,25.0,0.0,0.0,0.0,69.0,86.0,0.0,85.0,0.0,56.0,65.0,80.0,0.0,85.0,0,74.0,86.0,74.0,76.0,87.0
0,0.0,25.0,1.0,0.0,0.0,69.0,96.0,0.0,87.0,0.0,60.0,70.0,71.0,0.0,64.0,0,76.0,55.0,72.0,84.0,85.0
0,0.0,25.0,7.0,0.0,0.0,69.0,93.0,0.0,94.0,0.0,65.0,74.0,65.0,0.0,47.0,0,73.0,45.0,87.0,92.0,87.0
0,0.0,27.0,0.0,0.0,0.0,69.0,67.0,0.0,74.0,0.0,61.0,70.0,72.0,0.0,76.0,0,63.0,72.0,65.0,61.0,76.0
0,0.0,24.0,4.0,0.0,0.0,69.0,93.0,0.0,92.0,0.0,45.0,74.0,73.0,0.0,46.0,0,84.0,45.0,88.0,92.0,91.0
0,0.0,25.0,7.0,0.0,0.0,69.0,84.0,0.0,78.0,0.0,67.0,61.0,90.0,0.0,90.0,0,77.0,87.0,67.0,76.0,69.0
0,0.0,25.0,1.0,0.0,0.0,69.0,84.0,0.0,78.0,0.0,67.0,61.0,90.0,0.0,90.0,0,77.0,87.0,67.0,76.0,69.0
0,0.0,26.0,4.0,0.0,0.0,69.0,90.0,0.0,92.0,0.0,62.0,64.0,74.0,0.0,72.0,0,63.0,67.0,85.0,79.0,75.0
0,0.0,27.0,1.0,0.0,0.0,69.0,84.0,0.0,83.0,0.0,72.0,65.0,83.0,0.0,86.0,0,71.0,76.0,68.0,73.0,85.0
0,0.0,23.0,21.0,0.0,0.0,68.0,80.0,0.0,87.0,0.0,62.0,82.0,79.0,0.0,59.0,0,84.0,64.0,76.0,82.0,91.0
0,0.0,24.0,0.0,0.0,0.0,68.0,83.0,0.0,85.0,0.0,56.0,62.0,82.0,0.0,75.0,0,75.0,72.0,75.0,74.0,79.0
0,0.0,23.0,2.0,0.0,0.0,68.0,87.0,0.0,89.0,0.0,53.0,74.0,83.0,0.0,78.0,0,75.0,69.0,77.0,74.0,86.0
0,0.0,22.0,3.0,0.0,0.0,68.0,82.0,0.0,81.0,0.0,58.0,75.0,86.0,0.0,86.0,0,76.0,88.0,75.0,65.0,77.0
0,0.0,27.0,0.0,0.0,0.0,68.0,92.0,0.0,92.0,0.0,54.0,65.0,71.0,0.0,49.0,0,76.0,57.0,84.0,88.0,85.0
0,0.0,25.0,7.0,0.0,0.0,68.0,81.0,0.0,77.0,0.0,68.0,45.0,86.0,0.0,90.0,0,79.0,92.0,81.0,72.0,65.0
0,0.0,23.0,0.0,0.0,0.0,68.0,85.0,0.0,80.0,0.0,63.0,66.0,75.0,0.0,70.0,0,87.0,60.0,93.0,71.0,85.0
0,0.0,25.0,3.0,0.0,0.0,68.0,97.0,0.0,92.0,0.0,58.0,73.0,69.0,0.0,54.0,0,70.0,64.0,79.0,86.0,77.0
0,0.0,24.0,0.0,0.0,0.0,68.0,84.0,0.0,88.0,0.0,57.0,65.0,83.0,0.0,81.0,0,76.0,73.0,80.0,72.0,84.0
0,0.0,25.0,0.0,0.0,0.0,68.0,86.0,0.0,92.0,0.0,53.0,71.0,77.0,0.0,61.0,0,76.0,80.0,73.0,74.0,87.0
0,0.0,24.0,0.0,0.0,0.0,68.0,83.0,0.0,86.0,0.0,55.0,56.0,92.0,0.0,87.0,0,65.0,82.0,75.0,72.0,74.0
0,0.0,27.0,0.0,0.0,0.0,68.0,82.0,0.0,83.0,0.0,72.0,70.0,76.0,0.0,85.0,0,75.0,80.0,74.0,78.0,68.0
0,0.0,24.0,0.0,0.0,0.0,68.0,85.0,0.0,90.0,0.0,50.0,71.0,75.0,0.0,78.0,0,85.0,64.0,82.0,80.0,84.0
0,0.0,22.0,0.0,0.0,0.0,68.0,84.0,0.0,96.0,0.0,46.0,76.0,87.0,0.0,47.0,0,79.0,57.0,93.0,87.0,80.0
0,0.0,27.0,0.0,0.0,0.0,68.0,70.0,0.0,66.0,0.0,67.0,49.0,66.0,0.0,70.0,0,55.0,70.0,50.0,60.0,60.0
0,0.0,24.0,0.0,0.0,0.0,67.0,84.0,0.0,87.0,0.0,58.0,77.0,75.0,0.0,63.0,0,73.0,65.0,78.0,84.0,73.0
0,0.0,27.0,1.0,0.0,0.0,67.0,75.0,0.0,74.0,0.0,56.0,58.0,80.0,0.0,86.0,0,67.0,83.0,72.0,65.0,65.0
0,0.0,26.0,0.0,0.0,0.0,67.0,93.0,0.0,85.0,0.0,56.0,57.0,75.0,0.0,68.0,0,72.0,65.0,74.0,77.0,77.0
0,0.0,24.0,18.0,0.0,0.0,67.0,91.0,0.0,92.0,0.0,54.0,70.0,73.0,0.0,49.0,0,69.0,60.0,85.0,90.0,84.0
0,0.0,23.0,0.0,0.0,0.0,67.0,88.0,0.0,84.0,0.0,42.0,79.0,86.0,0.0,85.0,0,91.0,81.0,86.0,66.0,81.0
0,0.0,23.0,0.0,0.0,0.0,67.0,80.0,0.0,84.0,0.0,45.0,73.0,79.0,0.0,84.0,0,85.0,73.0,74.0,82.0,80.0
0,0.0,22.0,8.0,0.0,0.0,67.0,92.0,0.0,95.0,0.0,35.0,69.0,73.0,0.0,51.0,0,86.0,52.0,85.0,92.0,91.0
0,0.0,22.0,44.0,0.0,1.0,67.0,93.0,0.0,84.0,0.0,40.0,62.0,95.0,0.0,80.0,0,72.0,70.0,82.0,77.0,88.0
0,0.0,25.0,1.0,0.0,0.0,67.0,86.0,0.0,85.0,0.0,61.0,77.0,73.0,0.0,74.0,0,79.0,55.0,75.0,74.0,74.0
0,0.0,22.0,0.0,0.0,0.0,67.0,89.0,0.0,87.0,0.0,48.0,69.0,76.0,0.0,75.0,0,80.0,63.0,74.0,82.0,91.0
0,0.0,24.0,41.0,0.0,1.0,66.0,79.0,0.0,78.0,0.0,54.0,72.0,84.0,0.0,83.0,0,76.0,85.0,75.0,76.0,76.0
0,0.0,25.0,0.0,0.0,0.0,66.0,95.0,0.0,91.0,0.0,46.0,69.0,75.0,0.0,77.0,0,56.0,65.0,83.0,88.0,94.0
0,0.0,21.0,10.0,0.0,0.0,66.0,94.0,0.0,83.0,0.0,54.0,73.0,67.0,0.0,78.0,0,79.0,71.0,67.0,66.0,83.0
0,0.0,23.0,1.0,0.0,0.0,66.0,92.0,0.0,84.0,0.0,54.0,71.0,74.0,0.0,53.0,0,80.0,45.0,80.0,74.0,82.0
0,0.0,23.0,0.0,0.0,0.0,66.0,86.0,0.0,85.0,0.0,44.0,64.0,76.0,0.0,72.0,0,75.0,64.0,80.0,84.0,90.0
0,0.0,23.0,5.0,0.0,0.0,66.0,94.0,0.0,90.0,0.0,52.0,70.0,73.0,0.0,64.0,0,75.0,53.0,74.0,87.0,82.0
0,0.0,23.0,24.0,0.0,0.0,66.0,83.0,0.0,88.0,0.0,40.0,82.0,74.0,0.0,64.0,0,77.0,72.0,78.0,86.0,81.0
0,0.0,22.0,1.0,0.0,0.0,66.0,93.0,0.0,86.0,0.0,44.0,60.0,82.0,0.0,34.0,0,84.0,40.0,85.0,94.0,86.0
0,0.0,22.0,20.0,0.0,0.0,66.0,93.0,0.0,86.0,0.0,44.0,60.0,82.0,0.0,34.0,0,84.0,40.0,85.0,94.0,86.0
0,0.0,21.0,0.0,0.0,0.0,66.0,84.0,0.0,91.0,0.0,37.0,73.0,93.0,0.0,57.0,0,74.0,81.0,75.0,83.0,75.0
0,0.0,23.0,27.0,0.0,0.0,66.0,90.0,0.0,88.0,0.0,43.0,73.0,69.0,0.0,82.0,0,78.0,72.0,73.0,80.0,82.0
0,0.0,23.0,3.0,0.0,0.0,66.0,90.0,0.0,88.0,0.0,43.0,73.0,69.0,0.0,82.0,0,78.0,72.0,73.0,80.0,82.0
0,0.0,23.0,27.0,0.0,0.0,66.0,90.0,0.0,88.0,0.0,43.0,73.0,69.0,0.0,82.0,0,78.0,72.0,73.0,80.0,82.0
0,0.0,23.0,0.0,0.0,0.0,66.0,90.0,0.0,88.0,0.0,43.0,73.0,69.0,0.0,82.0,0,78.0,72.0,73.0,80.0,82.0
0,0.0,23.0,5.0,0.0,0.0,66.0,90.0,0.0,88.0,0.0,43.0,73.0,69.0,0.0,82.0,0,78.0,72.0,73.0,80.0,82.0
0,0.0,26.0,0.0,0.0,0.0,65.0,86.0,0.0,90.0,0.0,43.0,69.0,72.0,0.0,62.0,0,72.0,65.0,87.0,85.0,78.0
0,0.0,26.0,0.0,0.0,0.0,65.0,73.0,0.0,74.0,0.0,65.0,69.0,73.0,0.0,69.0,0,59.0,65.0,64.0,62.0,66.0
0,0.0,23.0,0.0,0.0,0.0,65.0,87.0,0.0,92.0,0.0,45.0,69.0,77.0,0.0,52.0,0,75.0,57.0,83.0,84.0,86.0
0,0.0,23.0,0.0,0.0,0.0,65.0,76.0,0.0,67.0,0.0,64.0,70.0,75.0,0.0,56.0,0,52.0,66.0,45.0,40.0,86.0
0,0.0,27.0,0.0,0.0,0.0,65.0,92.0,0.0,93.0,0.0,57.0,72.0,69.0,0.0,40.0,0,73.0,45.0,81.0,87.0,78.0
0,0.0,29.0,0.0,0.0,0.0,65.0,67.0,0.0,68.0,0.0,64.0,54.0,66.0,0.0,60.0,0,48.0,55.0,45.0,45.0,66.0
0,0.0,23.0,0.0,0.0,0.0,65.0,85.0,0.0,81.0,0.0,47.0,68.0,79.0,0.0,83.0,0,74.0,76.0,76.0,78.0,83.0
0,0.0,25.0,0.0,0.0,0.0,65.0,73.0,0.0,68.0,0.0,61.0,59.0,70.0,0.0,77.0,0,49.0,66.0,46.0,55.0,64.0
0,0.0,24.0,0.0,0.0,0.0,65.0,75.0,0.0,73.0,0.0,54.0,61.0,71.0,0.0,73.0,0,66.0,74.0,59.0,54.0,74.0
0,0.0,25.0,0.0,0.0,0.0,65.0,84.0,0.0,86.0,0.0,54.0,61.0,77.0,0.0,66.0,0,75.0,67.0,75.0,79.0,73.0
0,0.0,21.0,17.0,0.0,0.0,65.0,85.0,0.0,83.0,0.0,43.0,67.0,95.0,0.0,85.0,0,76.0,74.0,74.0,66.0,87.0
0,0.0,27.0,1.0,0.0,0.0,64.0,72.0,0.0,67.0,0.0,63.0,70.0,65.0,0.0,73.0,0,50.0,60.0,48.0,49.0,62.0
0,0.0,23.0,0.0,0.0,0.0,64.0,87.0,0.0,91.0,0.0,37.0,59.0,77.0,0.0,80.0,0,74.0,67.0,74.0,85.0,81.0
0,0.0,22.0,6.0,0.0,0.0,64.0,92.0,0.0,88.0,0.0,40.0,75.0,74.0,0.0,53.0,0,81.0,56.0,77.0,73.0,90.0
0,0.0,26.0,0.0,0.0,0.0,64.0,82.0,0.0,79.0,0.0,56.0,63.0,83.0,0.0,85.0,0,71.0,82.0,72.0,75.0,68.0
0,0.0,22.0,0.0,0.0,0.0,64.0,89.0,0.0,92.0,0.0,39.0,67.0,82.0,0.0,48.0,0,67.0,52.0,88.0,87.0,83.0
0,0.0,23.0,0.0,0.0,0.0,64.0,86.0,0.0,85.0,0.0,38.0,60.0,81.0,0.0,83.0,0,76.0,84.0,76.0,74.0,95.0
0,0.0,23.0,0.0,0.0,0.0,63.0,98.0,0.0,95.0,0.0,36.0,73.0,67.0,0.0,55.0,0,65.0,42.0,82.0,94.0,93.0
0,0.0,27.0,0.0,0.0,0.0,63.0,94.0,0.0,87.0,0.0,44.0,64.0,75.0,0.0,45.0,0,70.0,55.0,82.0,77.0,77.0
0,0.0,24.0,0.0,0.0,0.0,63.0,72.0,0.0,74.0,0.0,62.0,70.0,79.0,0.0,74.0,0,58.0,73.0,65.0,66.0,69.0
0,0.0,25.0,0.0,0.0,0.0,63.0,77.0,0.0,75.0,0.0,54.0,75.0,67.0,0.0,72.0,0,61.0,70.0,62.0,64.0,72.0
0,0.0,24.0,0.0,0.0,0.0,63.0,84.0,0.0,76.0,0.0,48.0,52.0,82.0,0.0,87.0,0,72.0,75.0,71.0,66.0,90.0
0,0.0,22.0,1.0,0.0,0.0,62.0,88.0,0.0,84.0,0.0,51.0,63.0,76.0,0.0,85.0,0,73.0,77.0,70.0,63.0,86.0
0,0.0,24.0,0.0,0.0,0.0,62.0,75.0,0.0,67.0,0.0,55.0,73.0,68.0,0.0,52.0,0,58.0,63.0,60.0,54.0,84.0
0,0.0,26.0,0.0,0.0,0.0,61.0,77.0,0.0,76.0,0.0,56.0,59.0,83.0,0.0,85.0,0,76.0,83.0,73.0,64.0,69.0
0,0.0,0.0,11.0,0.0,0.0,98.0,97.0,97.0,97.0,88.0,91.0,64.0,85.0,0.0,93.0,0,97.0,96.0,93.0,95.0,90.0
0,0.0,0.0,101.0,4.0,7.0,98.0,97.0,97.0,97.0,88.0,91.0,64.0,85.0,0.0,93.0,0,97.0,96.0,93.0,95.0,90.0
0,0.0,0.0,66.0,2.0,4.0,97.0,98.0,98.0,97.0,60.0,90.0,85.0,94.0,0.0,69.0,0,99.0,72.0,94.0,98.0,90.0
0,0.0,0.0,83.0,2.0,6.0,97.0,94.0,98.0,99.0,65.0,88.0,81.0,96.0,0.0,66.0,0,99.0,70.0,96.0,99.0,89.0
0,0.0,0.0,84.0,0.0,2.0,95.0,91.0,94.0,92.0,74.0,90.0,84.0,96.0,0.0,82.0,0,97.0,84.0,86.0,90.0,80.0
0,0.0,0.0,74.0,1.0,5.0,95.0,90.0,90.0,85.0,88.0,95.0,67.0,97.0,0.0,98.0,0,97.0,99.0,88.0,93.0,84.0
0,0.0,0.0,0.0,0.0,0.0,93.0,78.0,83.0,75.0,77.0,86.0,69.0,82.0,0.0,85.0,0,78.0,83.0,74.0,72.0,60.0
0,0.0,0.0,0.0,0.0,0.0,92.0,83.0,84.0,77.0,83.0,88.0,74.0,88.0,0.0,90.0,0,83.0,93.0,75.0,77.0,60.0
0,0.0,0.0,0.0,0.0,0.0,92.0,90.0,89.0,87.0,78.0,86.0,83.0,85.0,0.0,82.0,0,77.0,74.0,75.0,79.0,69.0
0,0.0,0.0,0.0,0.0,0.0,91.0,89.0,91.0,89.0,79.0,85.0,78.0,94.0,0.0,90.0,0,95.0,96.0,87.0,91.0,68.0
0,0.0,0.0,5.0,0.0,1.0,90.0,80.0,75.0,72.0,79.0,79.0,73.0,72.0,0.0,58.0,0,61.0,74.0,65.0,62.0,65.0
0,0.0,0.0,94.0,0.0,5.0,90.0,90.0,89.0,88.0,78.0,94.0,66.0,88.0,0.0,88.0,0,96.0,88.0,85.0,88.0,72.0
0,0.0,0.0,48.0,0.0,0.0,89.0,91.0,95.0,92.0,81.0,75.0,74.0,94.0,0.0,76.0,0,93.0,88.0,93.0,87.0,88.0
0,0.0,0.0,39.0,1.0,2.0,89.0,91.0,95.0,92.0,81.0,75.0,74.0,94.0,0.0,76.0,0,93.0,88.0,93.0,87.0,88.0
0,0.0,0.0,60.0,1.0,3.0,89.0,94.0,91.0,85.0,78.0,82.0,81.0,95.0,0.0,93.0,0,96.0,89.0,75.0,80.0,82.0
0,0.0,0.0,3.0,0.0,1.0,88.0,73.0,77.0,72.0,81.0,82.0,73.0,75.0,0.0,71.0,0,55.0,80.0,55.0,65.0,70.0
0,0.0,0.0,33.0,0.0,0.0,87.0,89.0,91.0,91.0,71.0,86.0,80.0,92.0,0.0,82.0,0,90.0,73.0,83.0,90.0,95.0
0,0.0,0.0,62.0,0.0,3.0,87.0,92.0,97.0,98.0,53.0,88.0,86.0,92.0,0.0,39.0,0,95.0,60.0,89.0,93.0,70.0
0,0.0,0.0,7.0,0.0,0.0,87.0,75.0,82.0,72.0,78.0,79.0,68.0,69.0,0.0,66.0,0,55.0,75.0,50.0,45.0,68.0
0,0.0,0.0,36.0,0.0,1.0,87.0,88.0,89.0,88.0,81.0,73.0,68.0,96.0,0.0,96.0,0,92.0,90.0,97.0,83.0,91.0
0,0.0,0.0,0.0,0.0,0.0,87.0,74.0,78.0,74.0,77.0,77.0,69.0,79.0,0.0,84.0,0,72.0,82.0,74.0,66.0,65.0
0,0.0,0.0,36.0,0.0,2.0,87.0,86.0,90.0,82.0,82.0,79.0,64.0,88.0,0.0,97.0,0,97.0,97.0,89.0,87.0,86.0
0,0.0,0.0,74.0,1.0,3.0,86.0,89.0,88.0,91.0,77.0,91.0,79.0,87.0,0.0,70.0,0,90.0,78.0,84.0,86.0,82.0
0,0.0,0.0,0.0,0.0,0.0,85.0,87.0,89.0,86.0,77.0,90.0,77.0,83.0,0.0,79.0,0,88.0,86.0,78.0,84.0,80.0
0,0.0,0.0,34.0,0.0,1.0,85.0,96.0,97.0,97.0,62.0,82.0,82.0,78.0,0.0,56.0,0,89.0,64.0,90.0,95.0,91.0
0,0.0,0.0,0.0,0.0,0.0,85.0,91.0,95.0,95.0,51.0,87.0,84.0,90.0,0.0,44.0,0,94.0,53.0,84.0,92.0,87.0
0,0.0,0.0,0.0,0.0,0.0,85.0,75.0,76.0,69.0,74.0,81.0,72.0,75.0,0.0,71.0,0,65.0,75.0,60.0,65.0,55.0
0,0.0,0.0,61.0,0.0,0.0,85.0,95.0,95.0,96.0,61.0,87.0,83.0,75.0,0.0,58.0,0,89.0,65.0,91.0,95.0,93.0
0,0.0,0.0,42.0,0.0,0.0,84.0,91.0,96.0,96.0,58.0,68.0,80.0,83.0,0.0,65.0,0,93.0,74.0,89.0,95.0,83.0
0,0.0,0.0,44.0,0.0,1.0,84.0,91.0,92.0,90.0,73.0,79.0,74.0,79.0,0.0,87.0,0,89.0,93.0,84.0,89.0,75.0
0,0.0,0.0,0.0,0.0,0.0,84.0,86.0,87.0,85.0,78.0,81.0,84.0,87.0,0.0,88.0,0,90.0,90.0,88.0,82.0,72.0
0,0.0,0.0,11.0,0.0,0.0,84.0,87.0,92.0,93.0,80.0,73.0,69.0,93.0,0.0,91.0,0,91.0,88.0,79.0,81.0,82.0
0,0.0,0.0,0.0,0.0,0.0,83.0,91.0,92.0,86.0,74.0,75.0,67.0,91.0,0.0,88.0,0,87.0,83.0,93.0,83.0,79.0
0,0.0,0.0,14.0,0.0,0.0,83.0,91.0,92.0,86.0,74.0,75.0,67.0,91.0,0.0,88.0,0,87.0,83.0,93.0,83.0,79.0
0,0.0,0.0,75.0,0.0,3.0,83.0,85.0,87.0,79.0,84.0,94.0,74.0,95.0,0.0,87.0,0,89.0,93.0,79.0,73.0,74.0
0,0.0,0.0,1.0,0.0,0.0,83.0,69.0,75.0,65.0,84.0,75.0,70.0,68.0,0.0,74.0,0,52.0,80.0,55.0,60.0,60.0
0,0.0,0.0,0.0,0.0,0.0,83.0,69.0,75.0,65.0,84.0,75.0,70.0,68.0,0.0,74.0,0,52.0,80.0,55.0,60.0,60.0
0,0.0,0.0,15.0,0.0,0.0,83.0,98.0,97.0,92.0,63.0,87.0,78.0,87.0,0.0,45.0,0,87.0,65.0,85.0,90.0,88.0
0,0.0,0.0,70.0,1.0,3.0,83.0,98.0,97.0,92.0,63.0,87.0,78.0,87.0,0.0,45.0,0,87.0,65.0,85.0,90.0,88.0
0,0.0,0.0,0.0,0.0,0.0,83.0,87.0,88.0,83.0,77.0,86.0,82.0,96.0,0.0,85.0,0,85.0,83.0,82.0,75.0,80.0
0,0.0,0.0,0.0,0.0,0.0,83.0,88.0,86.0,80.0,86.0,81.0,48.0,90.0,0.0,96.0,0,92.0,98.0,88.0,84.0,95.0
0,0.0,0.0,42.0,0.0,0.0,82.0,90.0,91.0,89.0,74.0,82.0,67.0,75.0,0.0,74.0,0,91.0,84.0,85.0,93.0,80.0
0,0.0,0.0,31.0,0.0,0.0,82.0,86.0,89.0,81.0,78.0,79.0,83.0,89.0,0.0,90.0,0,88.0,90.0,83.0,78.0,68.0
0,0.0,0.0,0.0,0.0,0.0,82.0,83.0,85.0,77.0,76.0,84.0,67.0,84.0,0.0,82.0,0,76.0,81.0,64.0,72.0,72.0
0,0.0,0.0,25.0,0.0,0.0,82.0,91.0,94.0,93.0,76.0,75.0,84.0,81.0,0.0,59.0,0,93.0,64.0,87.0,82.0,79.0
0,0.0,0.0,63.0,0.0,3.0,82.0,88.0,89.0,87.0,82.0,87.0,79.0,85.0,0.0,67.0,0,86.0,79.0,92.0,83.0,85.0
0,0.0,0.0,61.0,2.0,3.0,82.0,86.0,88.0,88.0,77.0,69.0,80.0,86.0,0.0,90.0,0,88.0,93.0,87.0,91.0,90.0
0,0.0,0.0,7.0,0.0,0.0,81.0,85.0,88.0,83.0,74.0,77.0,76.0,81.0,0.0,80.0,0,76.0,82.0,72.0,77.0,67.0
0,0.0,0.0,61.0,0.0,1.0,81.0,92.0,91.0,91.0,65.0,87.0,67.0,92.0,0.0,45.0,0,89.0,54.0,86.0,88.0,74.0
0,0.0,0.0,18.0,0.0,0.0,80.0,92.0,95.0,93.0,54.0,70.0,76.0,81.0,0.0,56.0,0,88.0,63.0,87.0,93.0,84.0
0,0.0,0.0,6.0,0.0,0.0,80.0,92.0,85.0,80.0,73.0,78.0,64.0,93.0,0.0,87.0,0,81.0,85.0,86.0,78.0,93.0
0,0.0,0.0,25.0,0.0,0.0,80.0,92.0,85.0,80.0,73.0,78.0,64.0,93.0,0.0,87.0,0,81.0,85.0,86.0,78.0,93.0
0,0.0,0.0,1.0,0.0,0.0,80.0,80.0,84.0,85.0,68.0,70.0,82.0,80.0,0.0,79.0,0,86.0,82.0,78.0,80.0,75.0
0,0.0,0.0,17.0,0.0,0.0,80.0,88.0,90.0,87.0,82.0,72.0,73.0,87.0,0.0,84.0,0,79.0,87.0,91.0,85.0,90.0
0,0.0,0.0,7.0,0.0,0.0,80.0,82.0,85.0,82.0,66.0,78.0,85.0,72.0,0.0,79.0,0,77.0,75.0,72.0,74.0,72.0
0,0.0,0.0,24.0,0.0,0.0,80.0,88.0,93.0,92.0,63.0,75.0,79.0,85.0,0.0,82.0,0,82.0,69.0,80.0,87.0,75.0
0,0.0,0.0,0.0,0.0,0.0,80.0,87.0,85.0,77.0,84.0,75.0,52.0,95.0,0.0,96.0,0,86.0,96.0,83.0,75.0,72.0
0,0.0,0.0,48.0,0.0,1.0,80.0,89.0,87.0,82.0,78.0,76.0,69.0,88.0,0.0,66.0,0,85.0,92.0,77.0,82.0,85.0
0,0.0,0.0,0.0,0.0,0.0,80.0,89.0,87.0,82.0,78.0,76.0,69.0,88.0,0.0,66.0,0,85.0,92.0,77.0,82.0,85.0
0,0.0,0.0,25.0,0.0,0.0,80.0,87.0,91.0,82.0,81.0,78.0,60.0,68.0,0.0,95.0,0,91.0,95.0,88.0,86.0,66.0
0,0.0,0.0,2.0,0.0,0.0,79.0,75.0,86.0,82.0,85.0,66.0,74.0,74.0,0.0,71.0,0,75.0,65.0,74.0,70.0,81.0
0,0.0,0.0,16.0,0.0,0.0,79.0,85.0,85.0,86.0,78.0,77.0,69.0,87.0,0.0,89.0,0,90.0,88.0,86.0,78.0,72.0
0,0.0,0.0,39.0,0.0,0.0,79.0,95.0,91.0,79.0,74.0,84.0,77.0,81.0,0.0,87.0,0,74.0,93.0,87.0,76.0,90.0
0,0.0,0.0,10.0,0.0,0.0,79.0,90.0,91.0,84.0,76.0,71.0,66.0,86.0,0.0,84.0,0,85.0,76.0,91.0,87.0,88.0
0,0.0,0.0,2.0,0.0,0.0,79.0,69.0,76.0,72.0,81.0,76.0,53.0,66.0,0.0,74.0,0,48.0,55.0,35.0,40.0,66.0
0,0.0,0.0,0.0,0.0,0.0,79.0,87.0,83.0,78.0,70.0,70.0,65.0,83.0,0.0,82.0,0,77.0,72.0,77.0,74.0,85.0
0,0.0,0.0,0.0,0.0,0.0,78.0,82.0,85.0,78.0,80.0,85.0,46.0,94.0,0.0,88.0,0,88.0,93.0,77.0,73.0,78.0
0,0.0,0.0,7.0,0.0,0.0,78.0,86.0,90.0,84.0,77.0,70.0,64.0,87.0,0.0,91.0,0,84.0,87.0,81.0,82.0,81.0
0,0.0,0.0,12.0,0.0,0.0,78.0,91.0,94.0,93.0,59.0,72.0,71.0,81.0,0.0,63.0,0,87.0,57.0,82.0,89.0,82.0
0,0.0,0.0,0.0,0.0,0.0,78.0,72.0,81.0,68.0,77.0,74.0,52.0,72.0,0.0,75.0,0,58.0,72.0,66.0,61.0,65.0
0,0.0,0.0,0.0,0.0,0.0,78.0,72.0,81.0,68.0,77.0,74.0,52.0,72.0,0.0,75.0,0,58.0,72.0,66.0,61.0,65.0
0,0.0,0.0,26.0,0.0,0.0,78.0,89.0,92.0,87.0,68.0,74.0,73.0,80.0,0.0,79.0,0,85.0,77.0,80.0,84.0,69.0
0,0.0,0.0,0.0,0.0,0.0,78.0,93.0,95.0,85.0,66.0,75.0,77.0,84.0,0.0,68.0,0,78.0,81.0,74.0,86.0,87.0
0,0.0,0.0,16.0,0.0,0.0,78.0,93.0,92.0,80.0,83.0,72.0,76.0,84.0,0.0,87.0,0,80.0,76.0,77.0,75.0,87.0
0,0.0,0.0,0.0,0.0,0.0,78.0,88.0,84.0,85.0,78.0,73.0,73.0,89.0,0.0,89.0,0,84.0,82.0,76.0,83.0,67.0
0,0.0,0.0,7.0,0.0,0.0,78.0,88.0,84.0,85.0,78.0,73.0,73.0,89.0,0.0,89.0,0,84.0,82.0,76.0,83.0,67.0
0,0.0,0.0,9.0,0.0,0.0,77.0,93.0,93.0,92.0,73.0,65.0,67.0,66.0,0.0,90.0,0,87.0,91.0,75.0,90.0,85.0
0,0.0,0.0,42.0,0.0,1.0,77.0,95.0,96.0,93.0,58.0,70.0,65.0,84.0,0.0,56.0,0,85.0,65.0,77.0,88.0,90.0
0,0.0,0.0,36.0,0.0,0.0,77.0,87.0,90.0,86.0,72.0,71.0,62.0,86.0,0.0,83.0,0,86.0,83.0,78.0,84.0,80.0
0,0.0,0.0,66.0,0.0,3.0,77.0,87.0,90.0,86.0,72.0,71.0,62.0,86.0,0.0,83.0,0,86.0,83.0,78.0,84.0,80.0
0,0.0,0.0,1.0,0.0,0.0,77.0,76.0,74.0,78.0,78.0,67.0,62.0,71.0,0.0,71.0,0,63.0,66.0,67.0,65.0,82.0
0,0.0,0.0,0.0,0.0,0.0,77.0,76.0,74.0,78.0,78.0,67.0,62.0,71.0,0.0,71.0,0,63.0,66.0,67.0,65.0,82.0
0,0.0,0.0,23.0,0.0,0.0,77.0,84.0,87.0,79.0,79.0,79.0,55.0,91.0,0.0,86.0,0,85.0,93.0,87.0,81.0,84.0
0,0.0,0.0,0.0,0.0,0.0,76.0,80.0,81.0,83.0,66.0,65.0,73.0,79.0,0.0,84.0,0,85.0,73.0,74.0,82.0,80.0
0,0.0,0.0,8.0,0.0,0.0,76.0,88.0,83.0,80.0,79.0,72.0,55.0,88.0,0.0,92.0,0,85.0,92.0,79.0,88.0,75.0
0,0.0,0.0,11.0,0.0,0.0,76.0,85.0,87.0,81.0,77.0,73.0,71.0,76.0,0.0,86.0,0,85.0,93.0,92.0,84.0,77.0
0,0.0,0.0,5.0,0.0,0.0,76.0,85.0,87.0,81.0,77.0,73.0,71.0,76.0,0.0,86.0,0,85.0,93.0,92.0,84.0,77.0
0,0.0,0.0,0.0,0.0,0.0,76.0,74.0,72.0,73.0,74.0,70.0,64.0,73.0,0.0,72.0,0,69.0,70.0,74.0,75.0,73.0
0,0.0,0.0,26.0,0.0,0.0,76.0,86.0,87.0,84.0,71.0,76.0,74.0,85.0,0.0,65.0,0,85.0,78.0,87.0,75.0,74.0
0,0.0,0.0,9.0,0.0,0.0,76.0,92.0,91.0,82.0,78.0,64.0,65.0,78.0,0.0,89.0,0,84.0,87.0,87.0,82.0,97.0
0,0.0,0.0,2.0,0.0,0.0,75.0,87.0,88.0,88.0,78.0,65.0,74.0,86.0,0.0,81.0,0,84.0,76.0,77.0,78.0,86.0
0,0.0,0.0,10.0,0.0,0.0,75.0,94.0,91.0,84.0,79.0,68.0,76.0,78.0,0.0,85.0,0,82.0,78.0,72.0,68.0,83.0
0,0.0,0.0,5.0,0.0,0.0,75.0,83.0,87.0,79.0,75.0,72.0,58.0,90.0,0.0,89.0,0,84.0,88.0,81.0,75.0,84.0
0,0.0,0.0,0.0,0.0,0.0,75.0,95.0,94.0,92.0,65.0,68.0,69.0,70.0,0.0,69.0,0,79.0,66.0,76.0,94.0,92.0
0,0.0,0.0,5.0,0.0,0.0,75.0,95.0,94.0,92.0,65.0,68.0,69.0,70.0,0.0,69.0,0,79.0,66.0,76.0,94.0,92.0
0,0.0,0.0,17.0,0.0,0.0,74.0,91.0,94.0,93.0,54.0,67.0,68.0,67.0,0.0,55.0,0,87.0,55.0,81.0,94.0,89.0
0,0.0,0.0,3.0,0.0,0.0,74.0,75.0,77.0,76.0,81.0,69.0,65.0,68.0,0.0,69.0,0,58.0,65.0,69.0,66.0,76.0
0,0.0,0.0,42.0,1.0,1.0,74.0,75.0,77.0,76.0,81.0,69.0,65.0,68.0,0.0,69.0,0,58.0,65.0,69.0,66.0,76.0
0,0.0,0.0,0.0,0.0,0.0,74.0,69.0,74.0,67.0,76.0,71.0,58.0,72.0,0.0,74.0,0,55.0,74.0,55.0,45.0,62.0
0,0.0,0.0,0.0,0.0,0.0,74.0,90.0,94.0,93.0,48.0,68.0,72.0,79.0,0.0,52.0,0,82.0,57.0,83.0,84.0,86.0
0,0.0,0.0,32.0,0.0,0.0,74.0,83.0,88.0,86.0,75.0,56.0,69.0,90.0,0.0,87.0,0,88.0,78.0,86.0,75.0,84.0
0,0.0,0.0,0.0,0.0,0.0,74.0,93.0,94.0,92.0,59.0,63.0,63.0,74.0,0.0,62.0,0,80.0,72.0,85.0,88.0,75.0
0,0.0,0.0,0.0,0.0,0.0,74.0,67.0,77.0,74.0,72.0,68.0,70.0,76.0,0.0,76.0,0,63.0,72.0,65.0,61.0,76.0
0,0.0,0.0,0.0,0.0,0.0,74.0,87.0,85.0,88.0,74.0,67.0,73.0,84.0,0.0,85.0,0,80.0,88.0,86.0,73.0,90.0
0,0.0,0.0,8.0,0.0,0.0,74.0,89.0,94.0,91.0,65.0,51.0,70.0,76.0,0.0,75.0,0,85.0,67.0,84.0,90.0,91.0
0,0.0,0.0,20.0,1.0,9.0,74.0,77.0,75.0,74.0,75.0,60.0,78.0,77.0,0.0,82.0,0,77.0,75.0,70.0,74.0,89.0
0,0.0,0.0,32.0,0.0,1.0,74.0,91.0,93.0,93.0,63.0,74.0,73.0,77.0,0.0,45.0,0,83.0,42.0,82.0,90.0,80.0
0,0.0,0.0,4.0,0.0,0.0,74.0,82.0,88.0,86.0,74.0,69.0,68.0,88.0,0.0,87.0,0,85.0,84.0,85.0,73.0,72.0
0,0.0,0.0,0.0,0.0,0.0,74.0,80.0,76.0,78.0,74.0,65.0,64.0,72.0,0.0,66.0,0,72.0,69.0,66.0,64.0,71.0
0,0.0,0.0,0.0,0.0,0.0,74.0,82.0,86.0,78.0,79.0,72.0,63.0,89.0,0.0,88.0,0,80.0,88.0,74.0,76.0,84.0
0,0.0,0.0,30.0,1.0,2.0,74.0,93.0,94.0,90.0,62.0,74.0,74.0,69.0,0.0,53.0,0,81.0,62.0,86.0,89.0,84.0
0,0.0,0.0,21.0,0.0,0.0,73.0,85.0,92.0,84.0,77.0,49.0,70.0,95.0,0.0,87.0,0,83.0,80.0,87.0,79.0,76.0
0,0.0,0.0,7.0,0.0,0.0,73.0,81.0,82.0,77.0,79.0,75.0,51.0,87.0,0.0,89.0,0,81.0,92.0,81.0,73.0,65.0
0,0.0,0.0,0.0,0.0,0.0,73.0,71.0,74.0,68.0,83.0,64.0,60.0,77.0,0.0,86.0,0,75.0,86.0,66.0,55.0,56.0
0,0.0,0.0,0.0,0.0,0.0,73.0,87.0,93.0,90.0,69.0,64.0,71.0,81.0,0.0,58.0,0,83.0,76.0,75.0,83.0,87.0
0,0.0,0.0,0.0,0.0,0.0,73.0,88.0,83.0,85.0,69.0,58.0,79.0,88.0,0.0,85.0,0,91.0,82.0,86.0,72.0,81.0
0,0.0,0.0,0.0,0.0,0.0,73.0,93.0,95.0,93.0,49.0,67.0,73.0,78.0,0.0,40.0,0,82.0,45.0,81.0,90.0,78.0
0,0.0,0.0,21.0,0.0,0.0,73.0,82.0,81.0,77.0,83.0,82.0,69.0,73.0,0.0,85.0,0,86.0,93.0,87.0,75.0,85.0
0,0.0,0.0,0.0,0.0,0.0,73.0,73.0,74.0,68.0,76.0,69.0,64.0,72.0,0.0,77.0,0,49.0,66.0,46.0,55.0,64.0
0,0.0,0.0,0.0,0.0,0.0,73.0,84.0,89.0,87.0,77.0,65.0,61.0,86.0,0.0,87.0,0,78.0,81.0,78.0,76.0,87.0
0,0.0,0.0,6.0,0.0,0.0,73.0,89.0,91.0,91.0,79.0,56.0,72.0,79.0,0.0,56.0,0,87.0,62.0,85.0,92.0,86.0
0,0.0,0.0,1.0,0.0,0.0,72.0,81.0,74.0,72.0,77.0,66.0,55.0,78.0,0.0,78.0,0,75.0,79.0,74.0,78.0,65.0
0,0.0,0.0,1.0,0.0,0.0,72.0,87.0,91.0,89.0,66.0,55.0,69.0,72.0,0.0,78.0,0,84.0,80.0,90.0,86.0,79.0
0,0.0,0.0,49.0,0.0,2.0,72.0,86.0,92.0,91.0,62.0,52.0,75.0,81.0,0.0,68.0,0,83.0,59.0,84.0,93.0,80.0
0,0.0,0.0,0.0,0.0,0.0,72.0,69.0,78.0,72.0,83.0,69.0,61.0,71.0,0.0,68.0,0,55.0,80.0,45.0,62.0,55.0
0,0.0,0.0,5.0,0.0,0.0,72.0,94.0,91.0,90.0,60.0,62.0,71.0,76.0,0.0,64.0,0,80.0,53.0,74.0,88.0,82.0
0,0.0,0.0,1.0,0.0,0.0,72.0,73.0,77.0,71.0,87.0,60.0,73.0,74.0,0.0,76.0,0,68.0,75.0,61.0,62.0,86.0
0,0.0,0.0,5.0,0.0,0.0,72.0,83.0,86.0,78.0,77.0,67.0,63.0,93.0,0.0,89.0,0,74.0,93.0,83.0,75.0,76.0
0,0.0,0.0,0.0,0.0,0.0,72.0,70.0,77.0,68.0,67.0,67.0,75.0,73.0,0.0,67.0,0,62.0,64.0,60.0,62.0,74.0
0,0.0,0.0,3.0,0.0,0.0,71.0,81.0,90.0,82.0,67.0,55.0,74.0,80.0,0.0,84.0,0,85.0,70.0,88.0,73.0,79.0
0,0.0,0.0,0.0,0.0,0.0,71.0,88.0,87.0,85.0,64.0,64.0,71.0,82.0,0.0,80.0,0,82.0,74.0,76.0,75.0,83.0
0,0.0,0.0,31.0,0.0,0.0,71.0,85.0,94.0,93.0,59.0,63.0,67.0,72.0,0.0,59.0,0,78.0,76.0,93.0,83.0,75.0
0,0.0,0.0,0.0,0.0,0.0,71.0,88.0,91.0,89.0,71.0,64.0,75.0,77.0,0.0,79.0,0,76.0,87.0,77.0,73.0,74.0
0,0.0,0.0,5.0,0.0,0.0,71.0,88.0,91.0,89.0,71.0,64.0,75.0,77.0,0.0,79.0,0,76.0,87.0,77.0,73.0,74.0
0,0.0,0.0,7.0,0.0,0.0,71.0,89.0,93.0,92.0,55.0,66.0,72.0,71.0,0.0,47.0,0,82.0,56.0,85.0,88.0,94.0
0,0.0,0.0,24.0,0.0,0.0,71.0,85.0,94.0,91.0,59.0,55.0,81.0,76.0,0.0,64.0,0,77.0,72.0,78.0,86.0,81.0
0,0.0,0.0,0.0,0.0,0.0,71.0,69.0,82.0,76.0,78.0,56.0,68.0,77.0,0.0,75.0,0,68.0,70.0,65.0,64.0,64.0
0,0.0,0.0,0.0,0.0,0.0,71.0,73.0,69.0,71.0,75.0,65.0,75.0,79.0,0.0,77.0,0,66.0,74.0,65.0,60.0,74.0
0,0.0,0.0,27.0,0.0,0.0,71.0,90.0,89.0,90.0,77.0,54.0,73.0,74.0,0.0,82.0,0,81.0,74.0,74.0,81.0,82.0
0,0.0,0.0,3.0,0.0,0.0,71.0,90.0,89.0,90.0,77.0,54.0,73.0,74.0,0.0,82.0,0,81.0,74.0,74.0,81.0,82.0
0,0.0,0.0,27.0,0.0,0.0,71.0,90.0,89.0,90.0,77.0,54.0,73.0,74.0,0.0,82.0,0,81.0,74.0,74.0,81.0,82.0
0,0.0,0.0,0.0,0.0,0.0,71.0,90.0,89.0,90.0,77.0,54.0,73.0,74.0,0.0,82.0,0,81.0,74.0,74.0,81.0,82.0
0,0.0,0.0,5.0,0.0,0.0,71.0,90.0,89.0,90.0,77.0,54.0,73.0,74.0,0.0,82.0,0,81.0,74.0,74.0,81.0,82.0
0,0.0,0.0,0.0,0.0,0.0,70.0,84.0,88.0,85.0,72.0,67.0,66.0,76.0,0.0,80.0,0,75.0,74.0,81.0,83.0,74.0
0,0.0,0.0,4.0,0.0,1.0,70.0,92.0,90.0,89.0,75.0,68.0,74.0,73.0,0.0,52.0,0,74.0,60.0,83.0,86.0,91.0
0,0.0,0.0,1.0,0.0,0.0,70.0,77.0,82.0,75.0,74.0,63.0,64.0,79.0,0.0,85.0,0,67.0,83.0,72.0,65.0,65.0
0,0.0,0.0,13.0,0.0,0.0,70.0,89.0,90.0,81.0,67.0,50.0,82.0,79.0,0.0,67.0,0,82.0,64.0,85.0,86.0,88.0
0,0.0,0.0,0.0,0.0,0.0,70.0,77.0,81.0,78.0,72.0,57.0,64.0,77.0,0.0,81.0,0,73.0,76.0,65.0,73.0,77.0
0,0.0,0.0,3.0,0.0,0.0,70.0,82.0,85.0,81.0,67.0,64.0,75.0,87.0,0.0,86.0,0,78.0,88.0,75.0,65.0,77.0
0,0.0,0.0,0.0,0.0,0.0,70.0,86.0,87.0,88.0,73.0,38.0,76.0,91.0,0.0,65.0,0,86.0,55.0,73.0,85.0,82.0
0,0.0,0.0,0.0,0.0,0.0,70.0,82.0,78.0,73.0,68.0,66.0,62.0,73.0,0.0,77.0,0,68.0,82.0,67.0,66.0,65.0
0,0.0,0.0,0.0,0.0,0.0,70.0,92.0,94.0,92.0,66.0,60.0,70.0,73.0,0.0,49.0,0,76.0,57.0,84.0,88.0,85.0
0,0.0,0.0,0.0,0.0,0.0,70.0,86.0,89.0,83.0,75.0,45.0,73.0,84.0,0.0,87.0,0,89.0,85.0,85.0,74.0,78.0
0,0.0,0.0,0.0,0.0,0.0,70.0,76.0,73.0,67.0,59.0,68.0,70.0,75.0,0.0,56.0,0,52.0,66.0,45.0,40.0,86.0
0,0.0,0.0,0.0,0.0,0.0,70.0,75.0,73.0,73.0,73.0,60.0,64.0,71.0,0.0,73.0,0,66.0,74.0,59.0,54.0,74.0
0,0.0,0.0,0.0,0.0,0.0,70.0,85.0,93.0,83.0,76.0,66.0,62.0,80.0,0.0,84.0,0,85.0,75.0,69.0,67.0,84.0
0,0.0,0.0,0.0,0.0,0.0,70.0,85.0,91.0,90.0,61.0,50.0,71.0,75.0,0.0,78.0,0,85.0,64.0,82.0,85.0,84.0
0,0.0,0.0,0.0,0.0,0.0,70.0,79.0,76.0,69.0,85.0,45.0,72.0,74.0,0.0,72.0,0,70.0,70.0,60.0,64.0,79.0
0,0.0,0.0,0.0,0.0,0.0,70.0,80.0,75.0,78.0,67.0,51.0,67.0,84.0,0.0,83.0,0,81.0,77.0,74.0,72.0,79.0
0,0.0,0.0,11.0,0.0,0.0,69.0,87.0,90.0,85.0,68.0,43.0,69.0,84.0,0.0,87.0,0,83.0,75.0,74.0,84.0,82.0
0,0.0,0.0,7.0,0.0,0.0,69.0,93.0,94.0,94.0,57.0,65.0,74.0,65.0,0.0,47.0,0,73.0,45.0,87.0,92.0,87.0
0,0.0,0.0,0.0,0.0,0.0,69.0,83.0,90.0,86.0,73.0,60.0,63.0,82.0,0.0,75.0,0,75.0,72.0,75.0,74.0,79.0
0,0.0,0.0,7.0,0.0,0.0,69.0,88.0,90.0,87.0,59.0,51.0,77.0,79.0,0.0,76.0,0,77.0,63.0,76.0,78.0,90.0
0,0.0,0.0,2.0,0.0,0.0,69.0,92.0,95.0,94.0,49.0,64.0,71.0,69.0,0.0,44.0,0,76.0,40.0,89.0,93.0,86.0
0,0.0,0.0,8.0,0.0,0.0,69.0,93.0,96.0,95.0,45.0,48.0,74.0,73.0,0.0,49.0,0,81.0,50.0,85.0,92.0,91.0
0,0.0,0.0,4.0,0.0,0.0,69.0,93.0,94.0,92.0,61.0,49.0,73.0,69.0,0.0,46.0,0,84.0,45.0,88.0,92.0,91.0
0,0.0,0.0,36.0,0.0,0.0,69.0,87.0,89.0,88.0,67.0,45.0,69.0,89.0,0.0,72.0,0,84.0,60.0,84.0,85.0,83.0
0,0.0,0.0,37.0,0.0,0.0,69.0,87.0,89.0,88.0,67.0,45.0,69.0,89.0,0.0,72.0,0,84.0,60.0,84.0,85.0,83.0
0,0.0,0.0,0.0,0.0,0.0,69.0,84.0,88.0,88.0,73.0,61.0,66.0,83.0,0.0,81.0,0,76.0,73.0,80.0,72.0,84.0
0,0.0,0.0,3.0,0.0,0.0,69.0,87.0,88.0,82.0,75.0,44.0,72.0,81.0,0.0,87.0,0,82.0,84.0,88.0,74.0,84.0
0,0.0,0.0,0.0,0.0,0.0,69.0,74.0,82.0,72.0,75.0,44.0,69.0,77.0,0.0,79.0,0,72.0,69.0,66.0,72.0,69.0
0,0.0,0.0,17.0,0.0,0.0,69.0,85.0,86.0,81.0,73.0,55.0,67.0,94.0,0.0,85.0,0,76.0,74.0,74.0,66.0,87.0
0,0.0,0.0,0.0,0.0,0.0,69.0,91.0,85.0,88.0,73.0,52.0,73.0,74.0,0.0,68.0,0,84.0,60.0,76.0,85.0,85.0
0,0.0,0.0,21.0,0.0,0.0,68.0,80.0,86.0,87.0,68.0,62.0,82.0,79.0,0.0,59.0,0,84.0,64.0,76.0,82.0,91.0
0,0.0,0.0,1.0,0.0,0.0,68.0,92.0,93.0,85.0,64.0,61.0,71.0,74.0,0.0,53.0,0,80.0,45.0,80.0,74.0,82.0
0,0.0,0.0,11.0,0.0,0.0,68.0,87.0,87.0,89.0,58.0,52.0,70.0,84.0,0.0,64.0,0,78.0,54.0,79.0,83.0,76.0
0,0.0,0.0,0.0,0.0,0.0,68.0,67.0,81.0,68.0,83.0,66.0,54.0,66.0,0.0,60.0,0,48.0,55.0,45.0,45.0,66.0
0,0.0,0.0,0.0,0.0,0.0,68.0,88.0,92.0,79.0,70.0,60.0,68.0,82.0,0.0,84.0,0,74.0,79.0,83.0,71.0,87.0
0,0.0,0.0,44.0,0.0,1.0,68.0,93.0,87.0,84.0,72.0,44.0,62.0,95.0,0.0,80.0,0,72.0,70.0,82.0,77.0,88.0
0,0.0,0.0,0.0,0.0,0.0,68.0,86.0,91.0,85.0,73.0,52.0,65.0,78.0,0.0,72.0,0,75.0,64.0,80.0,84.0,90.0
0,0.0,0.0,1.0,0.0,0.0,67.0,88.0,87.0,87.0,73.0,60.0,68.0,78.0,0.0,85.0,0,75.0,79.0,72.0,63.0,86.0
0,0.0,0.0,0.0,0.0,0.0,67.0,88.0,92.0,90.0,74.0,36.0,59.0,74.0,0.0,62.0,0,87.0,65.0,83.0,88.0,89.0
0,0.0,0.0,0.0,0.0,0.0,67.0,91.0,86.0,81.0,66.0,52.0,59.0,82.0,0.0,85.0,0,78.0,88.0,73.0,70.0,87.0
0,0.0,0.0,0.0,0.0,0.0,67.0,85.0,90.0,82.0,68.0,52.0,73.0,74.0,0.0,84.0,0,83.0,86.0,85.0,72.0,80.0
0,0.0,0.0,1.0,0.0,0.0,67.0,92.0,93.0,90.0,57.0,65.0,70.0,67.0,0.0,46.0,0,77.0,63.0,90.0,77.0,83.0
0,0.0,0.0,0.0,0.0,0.0,67.0,85.0,90.0,80.0,71.0,62.0,66.0,75.0,0.0,70.0,0,84.0,60.0,91.0,71.0,85.0
0,0.0,0.0,8.0,0.0,0.0,66.0,81.0,84.0,84.0,64.0,64.0,76.0,68.0,0.0,66.0,0,75.0,61.0,76.0,78.0,83.0
0,0.0,0.0,0.0,0.0,0.0,66.0,86.0,89.0,84.0,73.0,50.0,59.0,75.0,0.0,84.0,0,84.0,73.0,72.0,71.0,79.0
0,0.0,0.0,7.0,0.0,0.0,66.0,86.0,87.0,79.0,72.0,55.0,50.0,78.0,0.0,85.0,0,81.0,73.0,69.0,74.0,89.0
0,0.0,0.0,0.0,0.0,0.0,66.0,89.0,90.0,87.0,62.0,45.0,69.0,76.0,0.0,75.0,0,80.0,63.0,74.0,82.0,91.0
0,0.0,0.0,0.0,0.0,0.0,66.0,91.0,93.0,92.0,61.0,49.0,59.0,72.0,0.0,47.0,0,79.0,49.0,80.0,88.0,95.0
0,0.0,0.0,1.0,0.0,0.0,66.0,93.0,97.0,86.0,62.0,44.0,60.0,82.0,0.0,34.0,0,84.0,40.0,85.0,94.0,86.0
0,0.0,0.0,20.0,0.0,0.0,66.0,93.0,97.0,86.0,62.0,44.0,60.0,82.0,0.0,34.0,0,84.0,40.0,85.0,94.0,86.0
0,0.0,0.0,0.0,0.0,0.0,66.0,79.0,84.0,76.0,79.0,64.0,66.0,86.0,0.0,92.0,0,79.0,87.0,73.0,64.0,69.0
0,0.0,0.0,32.0,0.0,0.0,66.0,92.0,97.0,93.0,74.0,37.0,62.0,74.0,0.0,55.0,0,82.0,49.0,77.0,88.0,95.0
0,0.0,0.0,0.0,0.0,0.0,65.0,92.0,94.0,87.0,73.0,49.0,58.0,83.0,0.0,71.0,0,68.0,66.0,75.0,78.0,91.0
0,0.0,0.0,0.0,0.0,0.0,65.0,83.0,85.0,82.0,67.0,47.0,65.0,92.0,0.0,87.0,0,75.0,83.0,75.0,71.0,84.0
0,0.0,0.0,0.0,0.0,0.0,65.0,83.0,75.0,79.0,62.0,61.0,79.0,75.0,0.0,67.0,0,80.0,60.0,65.0,81.0,87.0
0,0.0,0.0,7.0,0.0,0.0,65.0,93.0,91.0,93.0,41.0,45.0,77.0,65.0,0.0,38.0,0,85.0,35.0,91.0,95.0,85.0
0,0.0,0.0,0.0,0.0,0.0,65.0,83.0,86.0,88.0,67.0,50.0,61.0,77.0,0.0,83.0,0,82.0,74.0,76.0,73.0,87.0
0,0.0,0.0,0.0,0.0,0.0,65.0,82.0,83.0,74.0,69.0,45.0,72.0,81.0,0.0,78.0,0,75.0,77.0,65.0,70.0,75.0
0,0.0,0.0,0.0,0.0,0.0,65.0,85.0,87.0,81.0,79.0,47.0,68.0,79.0,0.0,83.0,0,74.0,76.0,76.0,78.0,83.0
0,0.0,0.0,0.0,0.0,0.0,65.0,84.0,79.0,86.0,62.0,54.0,61.0,77.0,0.0,66.0,0,75.0,67.0,75.0,79.0,73.0
0,0.0,0.0,0.0,0.0,0.0,65.0,86.0,88.0,83.0,68.0,45.0,69.0,83.0,0.0,74.0,0,82.0,62.0,74.0,73.0,81.0
0,0.0,0.0,0.0,0.0,0.0,65.0,98.0,97.0,92.0,64.0,44.0,76.0,67.0,0.0,40.0,0,73.0,42.0,88.0,94.0,89.0
0,0.0,0.0,18.0,0.0,0.0,65.0,86.0,88.0,78.0,62.0,45.0,74.0,85.0,0.0,84.0,0,76.0,88.0,74.0,76.0,81.0
0,0.0,0.0,6.0,0.0,0.0,64.0,92.0,87.0,88.0,59.0,40.0,75.0,74.0,0.0,53.0,0,81.0,56.0,77.0,73.0,90.0
0,0.0,0.0,0.0,0.0,0.0,64.0,76.0,74.0,80.0,62.0,64.0,64.0,74.0,0.0,63.0,0,61.0,55.0,49.0,55.0,77.0
0,0.0,0.0,0.0,0.0,0.0,64.0,82.0,86.0,79.0,75.0,56.0,63.0,83.0,0.0,85.0,0,71.0,82.0,72.0,75.0,68.0
0,0.0,0.0,0.0,0.0,0.0,64.0,86.0,88.0,85.0,75.0,38.0,60.0,81.0,0.0,83.0,0,76.0,84.0,76.0,74.0,95.0
0,0.0,0.0,0.0,0.0,0.0,64.0,87.0,90.0,91.0,69.0,37.0,59.0,77.0,0.0,80.0,0,74.0,67.0,74.0,85.0,81.0
0,0.0,0.0,0.0,0.0,0.0,63.0,90.0,87.0,79.0,69.0,50.0,74.0,79.0,0.0,74.0,0,69.0,77.0,74.0,66.0,83.0
0,0.0,0.0,0.0,0.0,0.0,63.0,98.0,98.0,95.0,37.0,36.0,73.0,67.0,0.0,55.0,0,65.0,42.0,82.0,94.0,93.0
0,0.0,0.0,1.0,0.0,0.0,62.0,94.0,97.0,99.0,48.0,37.0,75.0,62.0,0.0,42.0,0,73.0,37.0,85.0,94.0,88.0
0,0.0,0.0,0.0,0.0,0.0,61.0,93.0,93.0,85.0,58.0,46.0,64.0,63.0,0.0,74.0,0,64.0,54.0,74.0,83.0,75.0
0,0.0,0.0,0.0,0.0,0.0,60.0,93.0,95.0,87.0,62.0,50.0,74.0,72.0,0.0,51.0,0,65.0,48.0,74.0,66.0,88.0
0,0.0,0.0,0.0,0.0,0.0,56.0,75.0,84.0,79.0,88.0,39.0,51.0,65.0,0.0,75.0,0,60.0,66.0,54.0,56.0,79.0
71,215.0,0.0,74.0,1.0,5.0,96.0,85.0,88.0,87.0,89.0,97.0,67.0,94.0,0.0,98.0,0,98.0,99.0,87.0,94.0,84.0
70,242.0,0.0,5.0,0.0,1.0,95.0,78.0,86.0,72.0,79.0,83.0,76.0,72.0,0.0,67.0,0,61.0,74.0,65.0,62.0,65.0
73,217.0,0.0,11.0,0.0,0.0,95.0,90.0,88.0,97.0,88.0,91.0,63.0,83.0,0.0,94.0,0,98.0,96.0,94.0,95.0,90.0
73,217.0,0.0,101.0,4.0,7.0,95.0,90.0,88.0,97.0,88.0,91.0,63.0,83.0,0.0,94.0,0,98.0,96.0,94.0,95.0,90.0
71,199.0,0.0,66.0,2.0,4.0,94.0,92.0,92.0,98.0,61.0,91.0,86.0,88.0,0.0,69.0,0,99.0,72.0,94.0,97.0,90.0
72,217.0,0.0,60.0,1.0,3.0,94.0,89.0,91.0,87.0,79.0,89.0,79.0,84.0,0.0,96.0,0,98.0,97.0,90.0,88.0,82.0
73,244.0,0.0,61.0,2.0,3.0,94.0,88.0,92.0,95.0,77.0,79.0,83.0,99.0,0.0,84.0,0,97.0,92.0,87.0,97.0,90.0
73,227.0,0.0,0.0,0.0,0.0,91.0,82.0,85.0,91.0,83.0,90.0,78.0,95.0,0.0,92.0,0,96.0,96.0,87.0,91.0,68.0
74,218.0,0.0,84.0,0.0,2.0,90.0,86.0,91.0,91.0,74.0,91.0,84.0,95.0,0.0,78.0,0,93.0,80.0,84.0,87.0,80.0
73,266.0,0.0,1.0,0.0,0.0,90.0,68.0,81.0,69.0,84.0,81.0,71.0,75.0,0.0,75.0,0,54.0,80.0,55.0,59.0,60.0
73,266.0,0.0,0.0,0.0,0.0,90.0,68.0,81.0,69.0,84.0,81.0,71.0,75.0,0.0,75.0,0,54.0,80.0,55.0,59.0,60.0
71,230.0,0.0,36.0,0.0,1.0,90.0,85.0,86.0,87.0,82.0,85.0,78.0,85.0,0.0,97.0,0,95.0,98.0,97.0,89.0,91.0
72,250.0,0.0,0.0,0.0,0.0,89.0,73.0,83.0,75.0,77.0,85.0,78.0,83.0,0.0,85.0,0,78.0,82.0,70.0,68.0,79.0
74,248.0,0.0,7.0,0.0,0.0,88.0,81.0,87.0,72.0,78.0,78.0,76.0,73.0,0.0,66.0,0,55.0,75.0,50.0,45.0,68.0
72,248.0,0.0,3.0,0.0,1.0,88.0,78.0,87.0,72.0,82.0,82.0,71.0,75.0,0.0,71.0,0,55.0,80.0,55.0,65.0,70.0
71,208.0,0.0,83.0,2.0,6.0,88.0,88.0,90.0,99.0,64.0,87.0,81.0,86.0,0.0,59.0,0,98.0,65.0,93.0,98.0,89.0
75,255.0,0.0,0.0,0.0,0.0,87.0,68.0,79.0,69.0,76.0,79.0,74.0,76.0,0.0,78.0,0,49.0,71.0,46.0,55.0,64.0
68,197.0,0.0,32.0,0.0,1.0,87.0,86.0,90.0,94.0,64.0,83.0,79.0,89.0,0.0,63.0,0,96.0,60.0,88.0,95.0,80.0
71,251.0,0.0,0.0,0.0,0.0,87.0,82.0,88.0,74.0,77.0,78.0,72.0,79.0,0.0,84.0,0,72.0,82.0,74.0,66.0,65.0
73,235.0,0.0,21.0,0.0,0.0,86.0,88.0,90.0,85.0,78.0,78.0,76.0,84.0,0.0,95.0,0,92.0,95.0,87.0,85.0,76.0
73,248.0,0.0,20.0,1.0,9.0,86.0,81.0,88.0,74.0,75.0,73.0,78.0,77.0,0.0,82.0,0,77.0,75.0,70.0,74.0,89.0
68,224.0,0.0,0.0,0.0,0.0,85.0,84.0,89.0,89.0,68.0,73.0,75.0,96.0,0.0,92.0,0,90.0,78.0,76.0,84.0,83.0
76,254.0,0.0,0.0,0.0,0.0,84.0,76.0,85.0,78.0,66.0,74.0,78.0,77.0,0.0,64.0,0,65.0,62.0,60.0,61.0,82.0
69,208.0,0.0,42.0,0.0,0.0,84.0,87.0,91.0,95.0,59.0,77.0,84.0,90.0,0.0,56.0,0,92.0,71.0,90.0,95.0,83.0
70,224.0,0.0,42.0,0.0,1.0,84.0,92.0,91.0,93.0,59.0,77.0,67.0,89.0,0.0,67.0,0,93.0,71.0,82.0,91.0,90.0
72,220.0,0.0,44.0,0.0,1.0,84.0,90.0,92.0,90.0,73.0,79.0,73.0,81.0,0.0,86.0,0,89.0,93.0,83.0,87.0,75.0
70,235.0,0.0,48.0,0.0,1.0,84.0,86.0,92.0,88.0,79.0,79.0,68.0,85.0,0.0,70.0,0,89.0,91.0,77.0,88.0,85.0
70,235.0,0.0,0.0,0.0,0.0,84.0,86.0,92.0,88.0,79.0,79.0,68.0,85.0,0.0,70.0,0,89.0,91.0,77.0,88.0,85.0
70,224.0,0.0,36.0,0.0,2.0,84.0,83.0,87.0,79.0,82.0,83.0,61.0,92.0,0.0,94.0,0,93.0,97.0,90.0,78.0,86.0
69,217.0,0.0,94.0,0.0,5.0,83.0,81.0,89.0,85.0,75.0,93.0,61.0,87.0,0.0,83.0,0,92.0,85.0,81.0,83.0,72.0
69,215.0,0.0,36.0,0.0,0.0,83.0,85.0,90.0,87.0,74.0,79.0,64.0,93.0,0.0,87.0,0,91.0,84.0,77.0,84.0,80.0
69,215.0,0.0,66.0,0.0,3.0,83.0,85.0,90.0,87.0,74.0,79.0,64.0,93.0,0.0,87.0,0,91.0,84.0,77.0,84.0,80.0
74,238.0,0.0,1.0,0.0,0.0,83.0,79.0,88.0,78.0,78.0,72.0,62.0,71.0,0.0,71.0,0,63.0,66.0,67.0,65.0,82.0
74,238.0,0.0,0.0,0.0,0.0,83.0,79.0,88.0,78.0,78.0,72.0,62.0,71.0,0.0,71.0,0,63.0,66.0,67.0,65.0,82.0
77,265.0,0.0,3.0,0.0,0.0,82.0,72.0,84.0,67.0,80.0,77.0,68.0,68.0,0.0,66.0,0,54.0,66.0,55.0,50.0,70.0
73,216.0,0.0,0.0,0.0,0.0,82.0,81.0,88.0,82.0,77.0,92.0,77.0,91.0,0.0,87.0,0,86.0,88.0,76.0,77.0,80.0
66,190.0,0.0,62.0,0.0,3.0,82.0,87.0,88.0,97.0,52.0,87.0,86.0,87.0,0.0,40.0,0,95.0,60.0,87.0,90.0,70.0
73,250.0,0.0,0.0,0.0,0.0,82.0,87.0,90.0,82.0,78.0,83.0,79.0,83.0,0.0,78.0,0,75.0,74.0,75.0,77.0,69.0
71,200.0,0.0,34.0,0.0,1.0,82.0,93.0,92.0,95.0,62.0,81.0,82.0,78.0,0.0,55.0,0,87.0,64.0,88.0,95.0,91.0
70,205.0,0.0,25.0,0.0,0.0,81.0,87.0,89.0,92.0,71.0,79.0,85.0,89.0,0.0,53.0,0,88.0,63.0,88.0,86.0,79.0
72,205.0,0.0,61.0,0.0,0.0,80.0,87.0,93.0,94.0,61.0,86.0,82.0,79.0,0.0,52.0,0,84.0,65.0,89.0,93.0,93.0
75,240.0,0.0,7.0,0.0,0.0,80.0,79.0,89.0,82.0,66.0,79.0,85.0,73.0,0.0,79.0,0,77.0,75.0,72.0,74.0,72.0
70,227.0,0.0,10.0,0.0,0.0,80.0,92.0,93.0,86.0,79.0,72.0,76.0,78.0,0.0,91.0,0,87.0,84.0,76.0,78.0,83.0
73,231.0,0.0,31.0,0.0,0.0,80.0,84.0,89.0,81.0,79.0,81.0,77.0,93.0,0.0,90.0,0,84.0,90.0,82.0,74.0,68.0
72,222.0,0.0,0.0,0.0,0.0,80.0,86.0,89.0,77.0,84.0,78.0,48.0,97.0,0.0,96.0,0,83.0,97.0,82.0,69.0,72.0
71,229.0,0.0,0.0,0.0,0.0,80.0,80.0,88.0,82.0,78.0,84.0,84.0,75.0,0.0,87.0,0,87.0,90.0,87.0,81.0,72.0
69,250.0,0.0,0.0,0.0,0.0,80.0,76.0,84.0,75.0,83.0,86.0,69.0,85.0,0.0,85.0,0,81.0,89.0,73.0,74.0,60.0
72,250.0,0.0,0.0,0.0,0.0,80.0,83.0,90.0,78.0,86.0,80.0,49.0,91.0,0.0,96.0,0,86.0,98.0,87.0,79.0,95.0
73,222.0,0.0,54.0,2.0,3.0,80.0,91.0,87.0,88.0,69.0,54.0,67.0,91.0,0.0,91.0,0,85.0,89.0,86.0,91.0,87.0
72,233.0,0.0,0.0,0.0,0.0,80.0,87.0,85.0,77.0,70.0,72.0,69.0,83.0,0.0,82.0,0,77.0,72.0,77.0,74.0,85.0
73,234.0,0.0,0.0,0.0,0.0,79.0,73.0,82.0,73.0,74.0,77.0,64.0,72.0,0.0,73.0,0,68.0,70.0,73.0,72.0,73.0
76,259.0,0.0,0.0,0.0,0.0,79.0,68.0,78.0,72.0,71.0,78.0,78.0,75.0,0.0,67.0,0,62.0,64.0,60.0,62.0,74.0
68,207.0,0.0,8.0,0.0,0.0,79.0,88.0,93.0,93.0,66.0,70.0,71.0,79.0,0.0,75.0,0,86.0,67.0,84.0,91.0,91.0
69,223.0,0.0,48.0,0.0,0.0,78.0,88.0,87.0,90.0,75.0,75.0,63.0,88.0,0.0,67.0,0,83.0,82.0,87.0,82.0,88.0
69,223.0,0.0,39.0,1.0,2.0,78.0,88.0,87.0,90.0,75.0,75.0,63.0,88.0,0.0,67.0,0,83.0,82.0,87.0,82.0,88.0
74,260.0,0.0,3.0,0.0,0.0,78.0,77.0,86.0,76.0,80.0,70.0,66.0,68.0,0.0,69.0,0,58.0,65.0,69.0,66.0,76.0
74,260.0,0.0,42.0,1.0,1.0,78.0,77.0,86.0,76.0,80.0,70.0,66.0,68.0,0.0,69.0,0,58.0,65.0,69.0,66.0,76.0
73,215.0,0.0,51.0,0.0,2.0,78.0,91.0,88.0,91.0,71.0,63.0,57.0,76.0,0.0,69.0,0,90.0,83.0,91.0,92.0,85.0
68,200.0,0.0,0.0,0.0,0.0,78.0,88.0,93.0,93.0,51.0,84.0,83.0,85.0,0.0,42.0,0,88.0,49.0,80.0,88.0,87.0
74,218.0,0.0,26.0,0.0,0.0,78.0,86.0,89.0,88.0,68.0,75.0,74.0,79.0,0.0,80.0,0,86.0,77.0,79.0,86.0,69.0
75,225.0,0.0,44.0,0.0,1.0,78.0,92.0,94.0,86.0,72.0,66.0,65.0,93.0,0.0,85.0,0,78.0,87.0,83.0,82.0,88.0
70,222.0,0.0,16.0,0.0,0.0,78.0,90.0,89.0,81.0,82.0,72.0,78.0,85.0,0.0,84.0,0,82.0,77.0,76.0,79.0,87.0
69,215.0,0.0,61.0,0.0,1.0,78.0,85.0,91.0,89.0,65.0,87.0,66.0,89.0,0.0,44.0,0,87.0,54.0,84.0,87.0,74.0
72,235.0,0.0,32.0,0.0,0.0,77.0,85.0,86.0,82.0,78.0,69.0,68.0,88.0,0.0,90.0,0,85.0,84.0,84.0,76.0,84.0
71,245.0,0.0,0.0,0.0,0.0,77.0,81.0,88.0,68.0,77.0,74.0,52.0,71.0,0.0,75.0,0,58.0,72.0,66.0,61.0,65.0
71,245.0,0.0,0.0,0.0,0.0,77.0,81.0,88.0,68.0,77.0,74.0,52.0,71.0,0.0,75.0,0,58.0,72.0,66.0,61.0,65.0
69,199.0,0.0,18.0,0.0,0.0,77.0,90.0,90.0,93.0,54.0,75.0,75.0,82.0,0.0,59.0,0,87.0,61.0,87.0,93.0,84.0
68,208.0,0.0,0.0,0.0,0.0,77.0,87.0,90.0,91.0,70.0,65.0,74.0,88.0,0.0,67.0,0,84.0,71.0,84.0,85.0,83.0
71,215.0,0.0,0.0,0.0,0.0,77.0,90.0,91.0,85.0,66.0,79.0,78.0,84.0,0.0,63.0,0,80.0,79.0,74.0,84.0,87.0
73,256.0,0.0,0.0,0.0,0.0,77.0,80.0,83.0,69.0,85.0,56.0,72.0,77.0,0.0,75.0,0,74.0,73.0,65.0,67.0,79.0
66,196.0,0.0,24.0,0.0,0.0,76.0,86.0,88.0,91.0,62.0,75.0,79.0,84.0,0.0,78.0,0,78.0,62.0,75.0,85.0,75.0
70,215.0,0.0,7.0,0.0,0.0,76.0,87.0,90.0,83.0,77.0,69.0,62.0,87.0,0.0,84.0,0,83.0,85.0,79.0,82.0,81.0
74,210.0,0.0,39.0,0.0,0.0,76.0,90.0,90.0,78.0,72.0,82.0,69.0,85.0,0.0,80.0,0,78.0,88.0,85.0,74.0,90.0
73,247.0,0.0,1.0,0.0,0.0,76.0,75.0,86.0,71.0,86.0,66.0,73.0,74.0,0.0,76.0,0,68.0,75.0,61.0,62.0,86.0
71,220.0,0.0,25.0,0.0,0.0,76.0,81.0,87.0,81.0,81.0,74.0,55.0,79.0,0.0,90.0,0,86.0,95.0,87.0,84.0,66.0
69,224.0,0.0,11.0,0.0,0.0,76.0,86.0,88.0,84.0,77.0,75.0,64.0,85.0,0.0,84.0,0,86.0,83.0,75.0,79.0,82.0
70,221.0,0.0,9.0,0.0,0.0,76.0,90.0,93.0,92.0,78.0,65.0,64.0,76.0,0.0,89.0,0,76.0,87.0,85.0,92.0,97.0
69,208.0,0.0,32.0,0.0,0.0,76.0,93.0,92.0,96.0,74.0,64.0,71.0,91.0,0.0,51.0,0,79.0,55.0,78.0,92.0,95.0
71,258.0,0.0,0.0,0.0,0.0,75.0,68.0,79.0,72.0,83.0,69.0,60.0,79.0,0.0,87.0,0,79.0,86.0,66.0,55.0,56.0
68,212.0,0.0,0.0,0.0,0.0,75.0,87.0,90.0,90.0,69.0,72.0,74.0,75.0,0.0,59.0,0,84.0,75.0,81.0,85.0,87.0
70,207.0,0.0,6.0,0.0,0.0,75.0,86.0,91.0,78.0,73.0,78.0,66.0,96.0,0.0,81.0,0,75.0,85.0,81.0,69.0,93.0
70,207.0,0.0,25.0,0.0,0.0,75.0,86.0,91.0,78.0,73.0,78.0,66.0,96.0,0.0,81.0,0,75.0,85.0,81.0,69.0,93.0
70,212.0,0.0,0.0,0.0,0.0,75.0,85.0,92.0,86.0,73.0,75.0,75.0,72.0,0.0,77.0,0,81.0,69.0,87.0,85.0,79.0
72,210.0,0.0,7.0,0.0,0.0,75.0,83.0,87.0,88.0,59.0,71.0,77.0,82.0,0.0,71.0,0,83.0,75.0,78.0,82.0,90.0
68,206.0,0.0,49.0,0.0,2.0,75.0,86.0,89.0,94.0,62.0,68.0,77.0,79.0,0.0,66.0,0,84.0,59.0,84.0,92.0,80.0
69,192.0,0.0,0.0,0.0,0.0,75.0,91.0,92.0,95.0,53.0,72.0,76.0,82.0,0.0,42.0,0,84.0,45.0,81.0,90.0,78.0
69,200.0,0.0,24.0,0.0,0.0,75.0,82.0,87.0,94.0,59.0,68.0,83.0,78.0,0.0,64.0,0,83.0,72.0,78.0,89.0,81.0
73,255.0,0.0,0.0,0.0,0.0,75.0,72.0,83.0,74.0,72.0,68.0,70.0,76.0,0.0,76.0,0,63.0,72.0,65.0,61.0,76.0
69,225.0,0.0,17.0,0.0,0.0,75.0,87.0,89.0,83.0,79.0,74.0,70.0,87.0,0.0,80.0,0,74.0,85.0,88.0,75.0,90.0
70,209.0,0.0,6.0,0.0,0.0,75.0,89.0,89.0,91.0,77.0,69.0,72.0,80.0,0.0,56.0,0,86.0,64.0,84.0,89.0,86.0
67,199.0,0.0,12.0,0.0,0.0,74.0,88.0,91.0,88.0,59.0,72.0,71.0,79.0,0.0,60.0,0,85.0,55.0,80.0,86.0,82.0
70,207.0,0.0,3.0,0.0,0.0,74.0,82.0,89.0,83.0,67.0,65.0,74.0,83.0,0.0,84.0,0,84.0,74.0,87.0,72.0,79.0
70,195.0,0.0,17.0,0.0,0.0,74.0,90.0,90.0,93.0,55.0,74.0,73.0,74.0,0.0,52.0,0,87.0,57.0,86.0,93.0,89.0
71,225.0,0.0,0.0,0.0,0.0,74.0,86.0,91.0,92.0,75.0,63.0,59.0,75.0,0.0,86.0,0,85.0,78.0,82.0,84.0,89.0
74,255.0,0.0,0.0,0.0,0.0,74.0,74.0,74.0,67.0,76.0,74.0,64.0,71.0,0.0,74.0,0,55.0,74.0,55.0,45.0,62.0
68,195.0,0.0,0.0,0.0,0.0,74.0,91.0,90.0,93.0,49.0,69.0,74.0,79.0,0.0,54.0,0,83.0,57.0,83.0,84.0,86.0
73,210.0,0.0,33.0,0.0,0.0,74.0,93.0,90.0,82.0,74.0,53.0,72.0,86.0,0.0,85.0,0,82.0,79.0,84.0,82.0,84.0
72,197.0,0.0,8.0,0.0,0.0,74.0,90.0,90.0,96.0,46.0,72.0,74.0,78.0,0.0,52.0,0,87.0,52.0,87.0,91.0,91.0
70,204.0,0.0,26.0,0.0,0.0,74.0,86.0,90.0,83.0,71.0,75.0,73.0,83.0,0.0,63.0,0,81.0,74.0,85.0,74.0,74.0
69,205.0,0.0,21.0,0.0,0.0,74.0,87.0,95.0,90.0,76.0,61.0,69.0,68.0,0.0,61.0,0,88.0,67.0,85.0,94.0,91.0
72,220.0,0.0,0.0,0.0,0.0,74.0,81.0,91.0,85.0,79.0,70.0,63.0,87.0,0.0,85.0,0,82.0,84.0,76.0,74.0,87.0
76,280.0,0.0,0.0,0.0,0.0,74.0,69.0,83.0,68.0,82.0,73.0,64.0,70.0,0.0,60.0,0,48.0,55.0,45.0,45.0,66.0
74,222.0,0.0,18.0,0.0,0.0,74.0,84.0,90.0,79.0,67.0,70.0,74.0,90.0,0.0,84.0,0,81.0,87.0,76.0,75.0,81.0
71,222.0,0.0,0.0,0.0,0.0,74.0,89.0,89.0,83.0,71.0,67.0,76.0,87.0,0.0,85.0,0,86.0,82.0,85.0,72.0,81.0
73,226.0,0.0,1.0,0.0,0.0,74.0,89.0,90.0,86.0,64.0,65.0,70.0,76.0,0.0,75.0,0,84.0,65.0,74.0,78.0,93.0
69,210.0,0.0,28.0,0.0,0.0,73.0,90.0,89.0,88.0,70.0,60.0,73.0,79.0,0.0,53.0,0,80.0,76.0,85.0,92.0,83.0
70,225.0,0.0,11.0,0.0,0.0,73.0,87.0,89.0,86.0,69.0,68.0,72.0,82.0,0.0,66.0,0,80.0,73.0,76.0,85.0,82.0
69,207.0,0.0,1.0,0.0,0.0,73.0,87.0,90.0,87.0,65.0,65.0,67.0,73.0,0.0,66.0,0,84.0,77.0,89.0,85.0,79.0
70,238.0,0.0,0.0,0.0,0.0,73.0,78.0,76.0,78.0,74.0,65.0,64.0,72.0,0.0,66.0,0,72.0,69.0,66.0,64.0,71.0
71,230.0,0.0,7.0,0.0,0.0,73.0,86.0,90.0,80.0,76.0,70.0,58.0,86.0,0.0,88.0,0,78.0,82.0,69.0,76.0,89.0
72,231.0,0.0,16.0,0.0,0.0,73.0,86.0,89.0,84.0,77.0,75.0,70.0,86.0,0.0,82.0,0,77.0,85.0,84.0,72.0,72.0
73,226.0,0.0,20.0,0.0,0.0,73.0,88.0,90.0,84.0,74.0,60.0,69.0,79.0,0.0,79.0,0,79.0,78.0,79.0,88.0,87.0
70,200.0,0.0,5.0,0.0,0.0,73.0,90.0,90.0,91.0,60.0,70.0,74.0,77.0,0.0,61.0,0,81.0,50.0,80.0,90.0,82.0
71,220.0,0.0,0.0,0.0,0.0,73.0,87.0,89.0,86.0,74.0,70.0,71.0,85.0,0.0,83.0,0,78.0,88.0,85.0,74.0,90.0
70,217.0,0.0,0.0,0.0,0.0,73.0,87.0,89.0,84.0,76.0,72.0,72.0,86.0,0.0,84.0,0,82.0,81.0,74.0,72.0,84.0
74,226.0,0.0,3.0,0.0,0.0,73.0,86.0,87.0,82.0,77.0,57.0,69.0,82.0,0.0,89.0,0,84.0,86.0,88.0,77.0,84.0
74,240.0,0.0,28.0,0.0,0.0,73.0,80.0,84.0,70.0,79.0,61.0,68.0,72.0,0.0,68.0,0,65.0,69.0,50.0,55.0,77.0
68,170.0,0.0,21.0,0.0,1.0,73.0,88.0,90.0,93.0,47.0,76.0,80.0,74.0,0.0,39.0,0,85.0,35.0,87.0,90.0,80.0
70,215.0,0.0,21.0,0.0,0.0,72.0,80.0,89.0,88.0,68.0,68.0,82.0,79.0,0.0,59.0,0,87.0,64.0,76.0,85.0,91.0
70,214.0,0.0,4.0,0.0,1.0,72.0,90.0,96.0,89.0,75.0,70.0,74.0,75.0,0.0,52.0,0,74.0,60.0,83.0,86.0,91.0
72,220.0,0.0,9.0,0.0,0.0,72.0,88.0,89.0,91.0,72.0,65.0,69.0,68.0,0.0,84.0,0,79.0,87.0,75.0,88.0,85.0
73,233.0,0.0,0.0,0.0,0.0,72.0,80.0,87.0,75.0,79.0,75.0,51.0,88.0,0.0,89.0,0,78.0,91.0,81.0,73.0,65.0
71,225.0,0.0,0.0,0.0,0.0,72.0,86.0,89.0,87.0,75.0,61.0,72.0,82.0,0.0,81.0,0,75.0,68.0,79.0,84.0,86.0
70,223.0,0.0,2.0,0.0,0.0,72.0,87.0,89.0,85.0,76.0,65.0,73.0,85.0,0.0,76.0,0,79.0,76.0,75.0,76.0,86.0
72,211.0,0.0,13.0,0.0,0.0,72.0,89.0,90.0,82.0,67.0,65.0,80.0,76.0,0.0,64.0,0,82.0,65.0,85.0,87.0,88.0
69,214.0,0.0,3.0,0.0,0.0,72.0,79.0,86.0,81.0,67.0,67.0,76.0,88.0,0.0,86.0,0,80.0,89.0,76.0,69.0,77.0
68,198.0,0.0,6.0,0.0,0.0,72.0,88.0,92.0,89.0,60.0,58.0,75.0,78.0,0.0,54.0,0,85.0,57.0,79.0,87.0,90.0
70,226.0,0.0,5.0,0.0,0.0,72.0,84.0,90.0,79.0,75.0,71.0,57.0,89.0,0.0,84.0,0,79.0,88.0,78.0,69.0,84.0
72,221.0,0.0,19.0,0.0,1.0,72.0,87.0,89.0,86.0,71.0,52.0,74.0,74.0,0.0,69.0,0,85.0,86.0,87.0,85.0,88.0
72,230.0,0.0,10.0,0.0,0.0,72.0,89.0,92.0,80.0,76.0,72.0,65.0,86.0,0.0,79.0,0,74.0,76.0,85.0,75.0,88.0
70,225.0,0.0,0.0,0.0,0.0,72.0,84.0,88.0,77.0,81.0,62.0,60.0,94.0,0.0,92.0,0,79.0,91.0,75.0,77.0,78.0
76,250.0,0.0,2.0,0.0,0.0,72.0,74.0,76.0,69.0,81.0,77.0,62.0,66.0,0.0,74.0,0,48.0,55.0,35.0,40.0,66.0
72,220.0,0.0,26.0,0.0,0.0,72.0,82.0,86.0,78.0,77.0,79.0,79.0,77.0,0.0,85.0,0,78.0,88.0,82.0,69.0,70.0
73,233.0,0.0,0.0,0.0,0.0,72.0,83.0,88.0,78.0,67.0,51.0,67.0,84.0,0.0,83.0,0,81.0,77.0,74.0,72.0,79.0
72,234.0,0.0,0.0,0.0,0.0,72.0,77.0,86.0,76.0,82.0,80.0,74.0,93.0,0.0,90.0,0,77.0,95.0,73.0,70.0,69.0
68,203.0,0.0,0.0,0.0,0.0,72.0,88.0,95.0,92.0,60.0,66.0,63.0,75.0,0.0,60.0,0,75.0,70.0,85.0,88.0,75.0
69,217.0,0.0,37.0,0.0,0.0,71.0,88.0,92.0,79.0,69.0,55.0,71.0,82.0,0.0,84.0,0,80.0,75.0,91.0,76.0,84.0
69,217.0,0.0,0.0,0.0,0.0,71.0,88.0,92.0,79.0,69.0,55.0,71.0,82.0,0.0,84.0,0,80.0,75.0,91.0,76.0,84.0
69,217.0,0.0,1.0,0.0,0.0,71.0,88.0,92.0,79.0,69.0,55.0,71.0,82.0,0.0,84.0,0,80.0,75.0,91.0,76.0,84.0
69,217.0,0.0,0.0,0.0,0.0,71.0,88.0,92.0,79.0,69.0,55.0,71.0,82.0,0.0,84.0,0,80.0,75.0,91.0,76.0,84.0
69,217.0,0.0,20.0,0.0,0.0,71.0,88.0,92.0,79.0,69.0,55.0,71.0,82.0,0.0,84.0,0,80.0,75.0,91.0,76.0,84.0
72,208.0,0.0,7.0,0.0,0.0,71.0,92.0,91.0,81.0,71.0,49.0,68.0,88.0,0.0,81.0,0,83.0,88.0,87.0,75.0,84.0
71,205.0,0.0,0.0,0.0,0.0,71.0,82.0,84.0,85.0,72.0,72.0,68.0,79.0,0.0,80.0,0,75.0,74.0,81.0,83.0,74.0
71,221.0,0.0,0.0,0.0,0.0,71.0,90.0,90.0,86.0,67.0,52.0,75.0,79.0,0.0,67.0,0,77.0,72.0,82.0,86.0,86.0
73,210.0,0.0,0.0,0.0,0.0,71.0,82.0,85.0,89.0,61.0,67.0,75.0,73.0,0.0,65.0,0,81.0,67.0,82.0,86.0,84.0
72,220.0,0.0,14.0,0.0,0.0,71.0,88.0,90.0,83.0,63.0,52.0,73.0,86.0,0.0,82.0,0,79.0,75.0,81.0,79.0,85.0
74,231.0,0.0,22.0,0.0,0.0,71.0,85.0,87.0,82.0,72.0,56.0,55.0,91.0,0.0,90.0,0,77.0,88.0,75.0,79.0,79.0
74,231.0,0.0,9.0,0.0,0.0,71.0,85.0,87.0,82.0,72.0,56.0,55.0,91.0,0.0,90.0,0,77.0,88.0,75.0,79.0,79.0
70,200.0,0.0,0.0,0.0,0.0,71.0,82.0,87.0,86.0,66.0,55.0,66.0,83.0,0.0,79.0,0,87.0,69.0,77.0,82.0,88.0
70,209.0,0.0,0.0,0.0,0.0,71.0,86.0,88.0,84.0,73.0,62.0,64.0,77.0,0.0,69.0,0,79.0,70.0,80.0,84.0,90.0
71,229.0,0.0,1.0,0.0,0.0,71.0,84.0,87.0,77.0,69.0,60.0,63.0,87.0,0.0,86.0,0,84.0,76.0,77.0,75.0,87.0
71,215.0,0.0,0.0,0.0,0.0,70.0,85.0,88.0,88.0,73.0,61.0,66.0,83.0,0.0,81.0,0,76.0,73.0,80.0,72.0,84.0
72,207.0,0.0,0.0,0.0,0.0,70.0,83.0,86.0,87.0,73.0,41.0,75.0,89.0,0.0,70.0,0,86.0,60.0,73.0,85.0,82.0
73,224.0,0.0,3.0,0.0,0.0,70.0,89.0,90.0,84.0,77.0,53.0,74.0,77.0,0.0,78.0,0,81.0,85.0,73.0,83.0,91.0
73,224.0,0.0,42.0,1.0,1.0,70.0,89.0,90.0,84.0,77.0,53.0,74.0,77.0,0.0,78.0,0,81.0,85.0,73.0,83.0,91.0
72,215.0,0.0,0.0,0.0,0.0,70.0,90.0,89.0,89.0,66.0,62.0,61.0,79.0,0.0,85.0,0,81.0,75.0,69.0,67.0,89.0
77,269.0,0.0,0.0,0.0,0.0,70.0,80.0,84.0,72.0,67.0,62.0,74.0,72.0,0.0,66.0,0,64.0,63.0,66.0,62.0,84.0
72,216.0,0.0,0.0,0.0,0.0,70.0,85.0,87.0,81.0,70.0,62.0,72.0,81.0,0.0,83.0,0,83.0,84.0,83.0,72.0,80.0
68,195.0,0.0,31.0,0.0,0.0,70.0,87.0,91.0,92.0,59.0,66.0,69.0,72.0,0.0,52.0,0,78.0,75.0,89.0,83.0,75.0
70,206.0,0.0,36.0,0.0,0.0,70.0,86.0,90.0,90.0,66.0,54.0,72.0,83.0,0.0,64.0,0,81.0,59.0,85.0,81.0,83.0
70,206.0,0.0,37.0,0.0,0.0,70.0,86.0,90.0,90.0,66.0,54.0,72.0,83.0,0.0,64.0,0,81.0,59.0,85.0,81.0,83.0
70,205.0,0.0,0.0,0.0,0.0,70.0,88.0,92.0,87.0,73.0,53.0,73.0,77.0,0.0,66.0,0,82.0,60.0,76.0,85.0,85.0
73,225.0,0.0,4.0,0.0,0.0,69.0,90.0,89.0,81.0,68.0,55.0,67.0,80.0,0.0,84.0,0,73.0,82.0,74.0,79.0,83.0
70,229.0,0.0,17.0,0.0,0.0,69.0,84.0,86.0,81.0,73.0,55.0,67.0,94.0,0.0,85.0,0,76.0,74.0,74.0,66.0,87.0
72,231.0,0.0,0.0,0.0,0.0,69.0,82.0,86.0,86.0,69.0,61.0,72.0,84.0,0.0,88.0,0,78.0,86.0,75.0,73.0,82.0
71,215.0,0.0,0.0,0.0,0.0,69.0,87.0,91.0,84.0,73.0,54.0,62.0,82.0,0.0,86.0,0,74.0,80.0,76.0,73.0,84.0
70,220.0,0.0,5.0,0.0,0.0,69.0,88.0,88.0,83.0,65.0,44.0,55.0,87.0,0.0,78.0,0,86.0,61.0,90.0,78.0,86.0
72,220.0,0.0,0.0,0.0,0.0,69.0,89.0,92.0,79.0,70.0,60.0,68.0,82.0,0.0,84.0,0,74.0,79.0,83.0,71.0,87.0
69,208.0,0.0,0.0,0.0,0.0,69.0,84.0,83.0,87.0,58.0,42.0,73.0,84.0,0.0,68.0,0,88.0,64.0,78.0,85.0,75.0
67,193.0,0.0,1.0,0.0,0.0,69.0,90.0,91.0,87.0,62.0,59.0,70.0,81.0,0.0,36.0,0,84.0,44.0,85.0,94.0,86.0
67,193.0,0.0,20.0,0.0,0.0,69.0,90.0,91.0,87.0,62.0,59.0,70.0,81.0,0.0,36.0,0,84.0,44.0,85.0,94.0,86.0
73,250.0,0.0,0.0,0.0,0.0,69.0,83.0,86.0,72.0,74.0,51.0,60.0,69.0,0.0,75.0,0,61.0,75.0,55.0,54.0,82.0
71,216.0,0.0,11.0,0.0,0.0,68.0,86.0,88.0,89.0,58.0,52.0,70.0,84.0,0.0,64.0,0,78.0,54.0,79.0,83.0,76.0
70,206.0,0.0,7.0,0.0,0.0,68.0,88.0,89.0,91.0,55.0,66.0,72.0,71.0,0.0,47.0,0,79.0,55.0,84.0,87.0,94.0
72,217.0,0.0,0.0,0.0,0.0,68.0,85.0,92.0,81.0,67.0,38.0,54.0,86.0,0.0,71.0,0,85.0,77.0,85.0,87.0,89.0
70,205.0,0.0,0.0,0.0,0.0,68.0,87.0,90.0,88.0,70.0,66.0,73.0,78.0,0.0,56.0,0,76.0,65.0,74.0,81.0,83.0
72,205.0,0.0,0.0,0.0,0.0,68.0,84.0,84.0,86.0,62.0,65.0,64.0,78.0,0.0,66.0,0,75.0,67.0,75.0,79.0,73.0
68,244.0,0.0,0.0,0.0,0.0,68.0,75.0,85.0,72.0,75.0,50.0,68.0,75.0,0.0,79.0,0,72.0,69.0,66.0,72.0,69.0
70,210.0,0.0,0.0,0.0,0.0,68.0,84.0,89.0,90.0,74.0,51.0,67.0,79.0,0.0,65.0,0,77.0,64.0,80.0,83.0,88.0
68,173.0,0.0,0.0,0.0,0.0,68.0,96.0,95.0,92.0,64.0,55.0,76.0,69.0,0.0,40.0,0,73.0,42.0,88.0,94.0,89.0
71,254.0,0.0,0.0,0.0,0.0,68.0,77.0,87.0,67.0,75.0,60.0,68.0,78.0,0.0,72.0,0,77.0,71.0,65.0,63.0,83.0
68,217.0,0.0,10.0,0.0,0.0,67.0,85.0,86.0,77.0,73.0,55.0,63.0,84.0,0.0,86.0,0,83.0,70.0,75.0,82.0,81.0
68,217.0,0.0,0.0,0.0,0.0,67.0,85.0,86.0,77.0,73.0,55.0,63.0,84.0,0.0,86.0,0,83.0,70.0,75.0,82.0,81.0
69,185.0,0.0,4.0,0.0,0.0,67.0,87.0,88.0,92.0,61.0,49.0,73.0,69.0,0.0,46.0,0,84.0,45.0,88.0,92.0,91.0
72,226.0,0.0,0.0,0.0,0.0,67.0,81.0,89.0,83.0,72.0,66.0,58.0,79.0,0.0,85.0,0,82.0,74.0,73.0,65.0,86.0
71,223.0,0.0,0.0,0.0,0.0,67.0,86.0,87.0,78.0,77.0,51.0,65.0,87.0,0.0,82.0,0,83.0,81.0,71.0,81.0,90.0
72,195.0,0.0,3.0,0.0,0.0,67.0,92.0,88.0,92.0,55.0,60.0,74.0,69.0,0.0,54.0,0,70.0,64.0,79.0,86.0,84.0
71,224.0,0.0,0.0,0.0,0.0,67.0,89.0,92.0,83.0,71.0,45.0,52.0,91.0,0.0,83.0,0,79.0,76.0,77.0,75.0,84.0
70,204.0,0.0,1.0,0.0,0.0,67.0,91.0,93.0,90.0,57.0,65.0,70.0,67.0,0.0,46.0,0,77.0,63.0,90.0,77.0,83.0
68,213.0,0.0,0.0,0.0,0.0,67.0,87.0,86.0,74.0,74.0,39.0,67.0,89.0,0.0,74.0,0,79.0,71.0,72.0,84.0,87.0
68,210.0,0.0,1.0,0.0,0.0,67.0,89.0,88.0,87.0,73.0,60.0,68.0,78.0,0.0,83.0,0,75.0,79.0,72.0,63.0,86.0
74,241.0,0.0,0.0,0.0,0.0,66.0,85.0,88.0,77.0,69.0,50.0,68.0,88.0,0.0,80.0,0,79.0,73.0,71.0,77.0,81.0
69,220.0,0.0,0.0,0.0,0.0,66.0,84.0,91.0,78.0,68.0,53.0,68.0,84.0,0.0,82.0,0,76.0,69.0,76.0,78.0,85.0
70,206.0,0.0,1.0,0.0,0.0,66.0,88.0,88.0,85.0,64.0,61.0,71.0,74.0,0.0,53.0,0,80.0,45.0,80.0,74.0,82.0
70,201.0,0.0,0.0,0.0,0.0,66.0,93.0,91.0,92.0,61.0,51.0,57.0,73.0,0.0,47.0,0,79.0,49.0,80.0,88.0,95.0
69,195.0,0.0,2.0,0.0,0.0,66.0,92.0,92.0,93.0,49.0,60.0,71.0,69.0,0.0,40.0,0,74.0,40.0,86.0,91.0,86.0
73,227.0,0.0,0.0,0.0,0.0,66.0,86.0,91.0,81.0,66.0,56.0,59.0,82.0,0.0,85.0,0,78.0,88.0,73.0,70.0,87.0
71,220.0,0.0,0.0,0.0,0.0,66.0,86.0,87.0,82.0,79.0,66.0,74.0,71.0,0.0,81.0,0,68.0,84.0,75.0,76.0,88.0
69,215.0,0.0,0.0,0.0,0.0,66.0,90.0,87.0,79.0,67.0,47.0,55.0,78.0,0.0,82.0,0,84.0,65.0,78.0,79.0,85.0
71,210.0,0.0,0.0,0.0,0.0,66.0,90.0,90.0,90.0,74.0,54.0,63.0,75.0,0.0,49.0,0,76.0,70.0,85.0,87.0,86.0
71,210.0,0.0,0.0,0.0,0.0,66.0,90.0,90.0,90.0,74.0,54.0,63.0,75.0,0.0,49.0,0,76.0,70.0,85.0,87.0,86.0
74,247.0,0.0,0.0,0.0,0.0,65.0,84.0,83.0,74.0,69.0,45.0,72.0,81.0,0.0,78.0,0,75.0,77.0,65.0,70.0,75.0
76,242.0,0.0,0.0,0.0,0.0,65.0,80.0,88.0,84.0,61.0,61.0,74.0,74.0,0.0,61.0,0,84.0,60.0,74.0,83.0,77.0
71,203.0,0.0,0.0,0.0,0.0,65.0,83.0,88.0,84.0,73.0,50.0,59.0,75.0,0.0,84.0,0,84.0,73.0,72.0,71.0,79.0
72,245.0,0.0,0.0,0.0,0.0,65.0,79.0,91.0,75.0,83.0,40.0,72.0,78.0,0.0,81.0,0,69.0,72.0,70.0,65.0,82.0
71,232.0,0.0,0.0,0.0,0.0,65.0,78.0,87.0,77.0,67.0,48.0,72.0,76.0,0.0,77.0,0,78.0,74.0,73.0,75.0,80.0
70,247.0,0.0,42.0,0.0,0.0,65.0,78.0,87.0,73.0,68.0,53.0,60.0,76.0,0.0,72.0,0,65.0,75.0,64.0,63.0,76.0
73,246.0,0.0,2.0,0.0,0.0,65.0,82.0,87.0,66.0,74.0,52.0,49.0,67.0,0.0,60.0,0,58.0,70.0,55.0,56.0,82.0
73,218.0,0.0,0.0,0.0,0.0,65.0,89.0,92.0,87.0,71.0,55.0,70.0,76.0,0.0,69.0,0,65.0,68.0,73.0,71.0,90.0
69,218.0,0.0,0.0,0.0,0.0,65.0,86.0,88.0,76.0,78.0,45.0,49.0,86.0,0.0,85.0,0,79.0,84.0,85.0,67.0,83.0
69,195.0,0.0,2.0,0.0,0.0,65.0,86.0,86.0,85.0,66.0,48.0,71.0,83.0,0.0,37.0,0,83.0,46.0,80.0,86.0,79.0
72,204.0,0.0,0.0,0.0,0.0,65.0,91.0,93.0,87.0,64.0,44.0,79.0,81.0,0.0,53.0,0,68.0,63.0,85.0,88.0,83.0
72,187.0,0.0,0.0,0.0,0.0,64.0,92.0,90.0,92.0,67.0,51.0,73.0,75.0,0.0,44.0,0,76.0,51.0,76.0,74.0,87.0
74,220.0,0.0,0.0,0.0,0.0,64.0,81.0,84.0,84.0,73.0,40.0,69.0,83.0,0.0,85.0,0,82.0,81.0,72.0,79.0,87.0
71,235.0,0.0,0.0,0.0,0.0,64.0,77.0,84.0,78.0,72.0,70.0,70.0,81.0,0.0,83.0,0,75.0,81.0,65.0,73.0,77.0
70,205.0,0.0,0.0,0.0,0.0,64.0,90.0,93.0,85.0,64.0,44.0,70.0,72.0,0.0,65.0,0,71.0,72.0,85.0,86.0,96.0
72,220.0,0.0,1.0,0.0,0.0,64.0,81.0,86.0,73.0,82.0,49.0,67.0,69.0,0.0,62.0,0,66.0,70.0,60.0,62.0,82.0
70,215.0,0.0,0.0,0.0,0.0,64.0,87.0,91.0,89.0,72.0,50.0,73.0,77.0,0.0,46.0,0,79.0,56.0,74.0,80.0,90.0
73,232.0,0.0,0.0,0.0,0.0,63.0,76.0,82.0,82.0,67.0,47.0,65.0,92.0,0.0,87.0,0,75.0,83.0,75.0,71.0,84.0
73,231.0,0.0,0.0,0.0,0.0,63.0,83.0,86.0,78.0,71.0,46.0,79.0,74.0,0.0,70.0,0,77.0,64.0,65.0,66.0,82.0
73,231.0,0.0,0.0,0.0,0.0,63.0,83.0,86.0,78.0,71.0,46.0,79.0,74.0,0.0,70.0,0,77.0,64.0,65.0,66.0,82.0
77,235.0,0.0,0.0,0.0,0.0,63.0,79.0,85.0,73.0,72.0,55.0,71.0,74.0,0.0,62.0,0,69.0,63.0,65.0,70.0,81.0
70,225.0,0.0,0.0,0.0,0.0,63.0,78.0,84.0,78.0,76.0,49.0,74.0,73.0,0.0,88.0,0,86.0,77.0,75.0,83.0,78.0
76,220.0,0.0,0.0,0.0,0.0,62.0,86.0,85.0,82.0,64.0,62.0,76.0,70.0,0.0,73.0,0,67.0,66.0,70.0,66.0,87.0
71,226.0,0.0,0.0,0.0,0.0,62.0,82.0,85.0,76.0,68.0,46.0,60.0,79.0,0.0,87.0,0,80.0,86.0,75.0,70.0,78.0
70,235.0,0.0,0.0,0.0,0.0,62.0,77.0,83.0,74.0,75.0,53.0,64.0,68.0,0.0,61.0,0,58.0,71.0,64.0,59.0,78.0
71,225.0,0.0,0.0,0.0,0.0,61.0,90.0,89.0,79.0,73.0,44.0,56.0,76.0,0.0,78.0,0,66.0,67.0,75.0,81.0,85.0
70,250.0,0.0,0.0,0.0,0.0,61.0,78.0,84.0,79.0,88.0,49.0,51.0,65.0,0.0,75.0,0,60.0,66.0,54.0,56.0,79.0
71,222.0,0.0,0.0,0.0,0.0,60.0,83.0,84.0,74.0,75.0,55.0,70.0,80.0,0.0,78.0,0,76.0,79.0,81.0,65.0,87.0
73,237.0,0.0,0.0,0.0,0.0,60.0,84.0,90.0,83.0,68.0,48.0,52.0,83.0,0.0,88.0,0,66.0,74.0,72.0,65.0,86.0
67,195.0,0.0,0.0,0.0,0.0,60.0,90.0,91.0,91.0,70.0,46.0,65.0,69.0,0.0,37.0,0,66.0,35.0,80.0,93.0,83.0
71,205.0,0.0,0.0,0.0,0.0,58.0,96.0,90.0,81.0,74.0,42.0,67.0,74.0,0.0,38.0,0,67.0,59.0,78.0,76.0,87.0
0,0.0,0.0,61.0,2.0,3.0,94.0,90.0,93.0,95.0,77.0,82.0,71.0,99.0,0.0,85.0,0,95.0,92.0,89.0,97.0,90.0
0,0.0,0.0,0.0,0.0,0.0,91.0,72.0,82.0,73.0,74.0,87.0,55.0,73.0,0.0,73.0,0,68.0,70.0,73.0,72.0,73.0
0,0.0,0.0,11.0,0.0,0.0,91.0,92.0,91.0,93.0,88.0,97.0,60.0,81.0,0.0,93.0,0,96.0,93.0,91.0,92.0,89.0
0,0.0,0.0,101.0,4.0,7.0,91.0,92.0,91.0,93.0,88.0,97.0,60.0,81.0,0.0,93.0,0,96.0,93.0,91.0,92.0,89.0
0,0.0,0.0,48.0,0.0,0.0,90.0,89.0,88.0,91.0,79.0,96.0,60.0,87.0,0.0,90.0,0,94.0,91.0,86.0,87.0,88.0
0,0.0,0.0,39.0,1.0,2.0,90.0,89.0,88.0,91.0,79.0,96.0,60.0,87.0,0.0,90.0,0,94.0,91.0,86.0,87.0,88.0
0,0.0,0.0,66.0,2.0,4.0,89.0,91.0,92.0,97.0,62.0,89.0,72.0,87.0,0.0,68.0,0,96.0,71.0,92.0,95.0,90.0
0,0.0,0.0,42.0,0.0,1.0,88.0,93.0,92.0,95.0,61.0,94.0,65.0,88.0,0.0,72.0,0,94.0,77.0,84.0,92.0,90.0
0,0.0,0.0,0.0,0.0,0.0,88.0,77.0,87.0,68.0,75.0,78.0,58.0,79.0,0.0,74.0,0,77.0,71.0,65.0,63.0,83.0
0,0.0,0.0,48.0,0.0,1.0,87.0,87.0,92.0,88.0,79.0,90.0,59.0,86.0,0.0,88.0,0,95.0,92.0,78.0,88.0,88.0
0,0.0,0.0,0.0,0.0,0.0,87.0,87.0,92.0,88.0,79.0,90.0,59.0,86.0,0.0,88.0,0,95.0,92.0,78.0,88.0,88.0
0,0.0,0.0,83.0,2.0,6.0,86.0,90.0,91.0,98.0,64.0,85.0,67.0,85.0,0.0,60.0,0,95.0,65.0,91.0,96.0,89.0
0,0.0,0.0,49.0,0.0,2.0,86.0,92.0,91.0,94.0,62.0,87.0,70.0,87.0,0.0,74.0,0,91.0,66.0,89.0,90.0,87.0
0,0.0,0.0,84.0,0.0,2.0,86.0,86.0,90.0,88.0,73.0,86.0,70.0,91.0,0.0,81.0,0,91.0,81.0,82.0,86.0,79.0
0,0.0,0.0,0.0,0.0,0.0,86.0,86.0,89.0,81.0,77.0,84.0,70.0,84.0,0.0,81.0,0,77.0,76.0,75.0,77.0,68.0
0,0.0,0.0,42.0,0.0,0.0,85.0,89.0,92.0,95.0,59.0,86.0,70.0,89.0,0.0,57.0,0,92.0,75.0,91.0,94.0,83.0
0,0.0,0.0,0.0,0.0,0.0,85.0,92.0,92.0,93.0,70.0,78.0,61.0,86.0,0.0,88.0,0,92.0,81.0,86.0,92.0,92.0
0,0.0,0.0,0.0,0.0,0.0,84.0,89.0,90.0,89.0,72.0,82.0,63.0,91.0,0.0,88.0,0,89.0,79.0,75.0,86.0,83.0
0,0.0,0.0,3.0,0.0,0.0,83.0,92.0,90.0,84.0,82.0,74.0,66.0,86.0,0.0,86.0,0,91.0,88.0,75.0,90.0,91.0
0,0.0,0.0,42.0,1.0,1.0,83.0,92.0,90.0,84.0,82.0,74.0,66.0,86.0,0.0,86.0,0,91.0,88.0,75.0,90.0,91.0
0,0.0,0.0,1.0,0.0,0.0,83.0,81.0,86.0,73.0,82.0,79.0,62.0,70.0,0.0,62.0,0,66.0,70.0,60.0,62.0,82.0
0,0.0,0.0,36.0,0.0,1.0,83.0,87.0,88.0,87.0,82.0,86.0,67.0,84.0,0.0,88.0,0,88.0,88.0,81.0,84.0,91.0
0,0.0,0.0,0.0,0.0,0.0,83.0,68.0,78.0,69.0,76.0,79.0,63.0,76.0,0.0,78.0,0,49.0,71.0,46.0,55.0,64.0
0,0.0,0.0,20.0,1.0,9.0,83.0,81.0,87.0,74.0,75.0,76.0,69.0,77.0,0.0,82.0,0,79.0,75.0,70.0,75.0,89.0
0,0.0,0.0,36.0,0.0,0.0,83.0,87.0,91.0,87.0,74.0,84.0,65.0,90.0,0.0,86.0,0,88.0,84.0,79.0,85.0,80.0
0,0.0,0.0,66.0,0.0,3.0,83.0,87.0,91.0,87.0,74.0,84.0,65.0,90.0,0.0,86.0,0,88.0,84.0,79.0,85.0,80.0
0,0.0,0.0,60.0,1.0,3.0,83.0,89.0,91.0,87.0,79.0,82.0,66.0,84.0,0.0,85.0,0,86.0,87.0,80.0,82.0,85.0
0,0.0,0.0,0.0,0.0,0.0,82.0,89.0,90.0,85.0,67.0,83.0,71.0,84.0,0.0,69.0,0,89.0,69.0,86.0,90.0,88.0
0,0.0,0.0,0.0,0.0,0.0,82.0,88.0,93.0,92.0,51.0,93.0,75.0,88.0,0.0,45.0,0,91.0,54.0,83.0,87.0,87.0
0,0.0,0.0,44.0,0.0,1.0,82.0,89.0,91.0,90.0,73.0,83.0,58.0,81.0,0.0,85.0,0,88.0,92.0,82.0,86.0,75.0
0,0.0,0.0,1.0,0.0,0.0,82.0,79.0,88.0,78.0,78.0,73.0,53.0,71.0,0.0,71.0,0,63.0,66.0,67.0,65.0,82.0
0,0.0,0.0,0.0,0.0,0.0,82.0,79.0,88.0,78.0,78.0,73.0,53.0,71.0,0.0,71.0,0,63.0,66.0,67.0,65.0,82.0
0,0.0,0.0,0.0,0.0,0.0,82.0,89.0,89.0,78.0,84.0,89.0,58.0,89.0,0.0,94.0,0,89.0,94.0,81.0,77.0,72.0
0,0.0,0.0,32.0,0.0,1.0,82.0,86.0,89.0,90.0,63.0,85.0,67.0,89.0,0.0,68.0,0,89.0,71.0,84.0,88.0,79.0
0,0.0,0.0,32.0,0.0,0.0,81.0,86.0,87.0,84.0,78.0,83.0,67.0,86.0,0.0,90.0,0,88.0,85.0,89.0,82.0,84.0
0,0.0,0.0,21.0,0.0,0.0,81.0,87.0,90.0,85.0,78.0,84.0,65.0,81.0,0.0,89.0,0,88.0,90.0,83.0,83.0,80.0
0,0.0,0.0,5.0,0.0,1.0,81.0,78.0,85.0,72.0,79.0,77.0,65.0,72.0,0.0,67.0,0,61.0,74.0,65.0,62.0,65.0
0,0.0,0.0,0.0,0.0,0.0,81.0,86.0,86.0,87.0,83.0,80.0,68.0,86.0,0.0,85.0,0,89.0,90.0,70.0,84.0,68.0
0,0.0,0.0,62.0,0.0,3.0,81.0,87.0,91.0,95.0,52.0,84.0,72.0,87.0,0.0,43.0,0,94.0,59.0,86.0,91.0,69.0
0,0.0,0.0,25.0,0.0,0.0,81.0,87.0,88.0,92.0,71.0,83.0,70.0,91.0,0.0,53.0,0,87.0,63.0,89.0,86.0,79.0
0,0.0,0.0,24.0,0.0,0.0,81.0,86.0,89.0,94.0,59.0,84.0,75.0,79.0,0.0,64.0,0,87.0,72.0,81.0,92.0,81.0
0,0.0,0.0,0.0,0.0,0.0,81.0,85.0,90.0,78.0,86.0,88.0,56.0,90.0,0.0,96.0,0,90.0,95.0,86.0,78.0,95.0
0,0.0,0.0,44.0,0.0,1.0,81.0,92.0,94.0,87.0,72.0,78.0,61.0,86.0,0.0,85.0,0,86.0,85.0,83.0,84.0,88.0
0,0.0,0.0,61.0,0.0,1.0,81.0,85.0,90.0,89.0,64.0,94.0,62.0,88.0,0.0,54.0,0,93.0,61.0,84.0,91.0,74.0
0,0.0,0.0,0.0,0.0,0.0,81.0,80.0,83.0,69.0,85.0,68.0,61.0,77.0,0.0,75.0,0,74.0,73.0,65.0,67.0,79.0
0,0.0,0.0,68.0,1.0,3.0,80.0,92.0,90.0,91.0,75.0,69.0,66.0,86.0,0.0,69.0,0,91.0,79.0,76.0,86.0,83.0
0,0.0,0.0,31.0,0.0,0.0,80.0,87.0,89.0,82.0,78.0,86.0,62.0,87.0,0.0,88.0,0,85.0,90.0,81.0,78.0,67.0
0,0.0,0.0,20.0,0.0,0.0,80.0,88.0,90.0,85.0,74.0,78.0,60.0,85.0,0.0,80.0,0,84.0,79.0,82.0,90.0,87.0
0,0.0,0.0,31.0,0.0,0.0,80.0,90.0,91.0,94.0,60.0,79.0,68.0,84.0,0.0,53.0,0,88.0,75.0,89.0,90.0,75.0
0,0.0,0.0,0.0,0.0,0.0,80.0,68.0,77.0,72.0,71.0,82.0,66.0,75.0,0.0,67.0,0,62.0,64.0,60.0,62.0,74.0
0,0.0,0.0,0.0,0.0,0.0,80.0,90.0,88.0,82.0,67.0,79.0,57.0,89.0,0.0,89.0,0,90.0,76.0,80.0,86.0,85.0
0,0.0,0.0,1.0,0.0,0.0,80.0,79.0,87.0,77.0,75.0,73.0,57.0,71.0,0.0,78.0,0,76.0,75.0,68.0,75.0,80.0
0,0.0,0.0,0.0,0.0,0.0,80.0,79.0,87.0,77.0,75.0,73.0,57.0,71.0,0.0,78.0,0,76.0,75.0,68.0,75.0,80.0
0,0.0,0.0,0.0,0.0,0.0,79.0,90.0,89.0,83.0,68.0,76.0,60.0,85.0,0.0,86.0,0,86.0,84.0,76.0,84.0,83.0
0,0.0,0.0,0.0,0.0,0.0,79.0,87.0,90.0,91.0,70.0,72.0,65.0,88.0,0.0,68.0,0,86.0,71.0,84.0,88.0,83.0
0,0.0,0.0,94.0,0.0,5.0,79.0,82.0,88.0,82.0,74.0,90.0,66.0,82.0,0.0,84.0,0,91.0,84.0,81.0,83.0,70.0
0,0.0,0.0,39.0,0.0,0.0,79.0,89.0,90.0,80.0,72.0,85.0,62.0,84.0,0.0,81.0,0,88.0,84.0,82.0,81.0,90.0
0,0.0,0.0,36.0,0.0,2.0,79.0,87.0,87.0,82.0,82.0,81.0,57.0,90.0,0.0,86.0,0,87.0,88.0,84.0,74.0,86.0
0,0.0,0.0,26.0,0.0,0.0,79.0,85.0,88.0,86.0,67.0,82.0,67.0,78.0,0.0,79.0,0,88.0,78.0,82.0,87.0,68.0
0,0.0,0.0,0.0,0.0,0.0,79.0,85.0,82.0,73.0,73.0,71.0,57.0,72.0,0.0,81.0,0,74.0,74.0,59.0,54.0,74.0
0,0.0,0.0,0.0,0.0,0.0,78.0,90.0,89.0,88.0,70.0,74.0,70.0,82.0,0.0,56.0,0,85.0,77.0,84.0,91.0,83.0
0,0.0,0.0,18.0,0.0,0.0,78.0,89.0,89.0,93.0,54.0,81.0,66.0,84.0,0.0,59.0,0,88.0,62.0,87.0,93.0,84.0
0,0.0,0.0,26.0,0.0,0.0,78.0,86.0,90.0,83.0,73.0,84.0,67.0,85.0,0.0,70.0,0,86.0,75.0,80.0,76.0,74.0
0,0.0,0.0,21.0,0.0,0.0,78.0,88.0,95.0,90.0,76.0,75.0,64.0,75.0,0.0,65.0,0,88.0,68.0,89.0,93.0,91.0
0,0.0,0.0,0.0,0.0,0.0,78.0,75.0,82.0,73.0,82.0,86.0,59.0,82.0,0.0,88.0,0,84.0,90.0,73.0,75.0,59.0
0,0.0,0.0,8.0,0.0,0.0,78.0,88.0,93.0,93.0,66.0,74.0,62.0,82.0,0.0,79.0,0,84.0,70.0,83.0,86.0,91.0
0,0.0,0.0,34.0,0.0,1.0,78.0,90.0,92.0,95.0,62.0,81.0,71.0,78.0,0.0,54.0,0,85.0,62.0,84.0,91.0,91.0
0,0.0,0.0,7.0,0.0,0.0,77.0,80.0,86.0,72.0,78.0,77.0,65.0,73.0,0.0,66.0,0,62.0,75.0,50.0,45.0,68.0
0,0.0,0.0,22.0,0.0,0.0,77.0,89.0,91.0,84.0,72.0,79.0,62.0,78.0,0.0,89.0,0,87.0,86.0,78.0,83.0,79.0
0,0.0,0.0,9.0,0.0,0.0,77.0,89.0,91.0,84.0,72.0,79.0,62.0,78.0,0.0,89.0,0,87.0,86.0,78.0,83.0,79.0
0,0.0,0.0,7.0,0.0,0.0,76.0,91.0,91.0,81.0,71.0,69.0,57.0,89.0,0.0,82.0,0,85.0,88.0,87.0,75.0,84.0
0,0.0,0.0,17.0,0.0,0.0,76.0,92.0,91.0,93.0,55.0,76.0,64.0,79.0,0.0,59.0,0,85.0,62.0,84.0,92.0,89.0
0,0.0,0.0,0.0,0.0,0.0,76.0,86.0,91.0,92.0,75.0,75.0,54.0,78.0,0.0,84.0,0,85.0,76.0,80.0,83.0,89.0
0,0.0,0.0,51.0,0.0,2.0,76.0,91.0,89.0,91.0,71.0,70.0,61.0,72.0,0.0,72.0,0,86.0,80.0,87.0,89.0,85.0
0,0.0,0.0,0.0,0.0,0.0,76.0,91.0,90.0,93.0,49.0,73.0,67.0,80.0,0.0,54.0,0,87.0,57.0,83.0,86.0,86.0
0,0.0,0.0,0.0,0.0,0.0,76.0,78.0,84.0,79.0,88.0,74.0,43.0,65.0,0.0,75.0,0,60.0,66.0,54.0,56.0,79.0
0,0.0,0.0,6.0,0.0,0.0,76.0,86.0,90.0,78.0,73.0,80.0,56.0,96.0,0.0,82.0,0,83.0,84.0,81.0,71.0,93.0
0,0.0,0.0,25.0,0.0,0.0,76.0,86.0,90.0,78.0,73.0,80.0,56.0,96.0,0.0,82.0,0,83.0,84.0,81.0,71.0,93.0
0,0.0,0.0,18.0,0.0,0.0,76.0,86.0,90.0,79.0,67.0,77.0,63.0,87.0,0.0,84.0,0,84.0,84.0,76.0,80.0,81.0
0,0.0,0.0,0.0,0.0,0.0,76.0,81.0,86.0,81.0,76.0,77.0,64.0,86.0,0.0,88.0,0,87.0,82.0,77.0,85.0,78.0
0,0.0,0.0,32.0,0.0,0.0,76.0,92.0,92.0,96.0,74.0,69.0,60.0,91.0,0.0,51.0,0,82.0,56.0,79.0,90.0,95.0
0,0.0,0.0,24.0,0.0,0.0,75.0,86.0,88.0,91.0,62.0,78.0,67.0,84.0,0.0,80.0,0,78.0,62.0,72.0,85.0,75.0
0,0.0,0.0,15.0,0.0,0.0,75.0,92.0,95.0,87.0,61.0,84.0,61.0,85.0,0.0,39.0,0,83.0,55.0,82.0,87.0,86.0
0,0.0,0.0,70.0,1.0,3.0,75.0,92.0,95.0,87.0,61.0,84.0,61.0,85.0,0.0,39.0,0,83.0,55.0,82.0,87.0,86.0
0,0.0,0.0,17.0,0.0,0.0,75.0,85.0,88.0,81.0,73.0,73.0,58.0,94.0,0.0,88.0,0,83.0,78.0,74.0,73.0,87.0
0,0.0,0.0,0.0,0.0,0.0,75.0,90.0,93.0,85.0,64.0,70.0,60.0,79.0,0.0,73.0,0,83.0,79.0,82.0,87.0,96.0
0,0.0,0.0,16.0,0.0,0.0,75.0,89.0,88.0,81.0,82.0,69.0,65.0,84.0,0.0,82.0,0,83.0,75.0,74.0,79.0,87.0
0,0.0,0.0,19.0,0.0,1.0,75.0,87.0,89.0,86.0,71.0,66.0,63.0,78.0,0.0,69.0,0,85.0,86.0,87.0,85.0,88.0
0,0.0,0.0,33.0,0.0,0.0,75.0,93.0,90.0,82.0,74.0,62.0,58.0,81.0,0.0,84.0,0,83.0,79.0,83.0,81.0,84.0
0,0.0,0.0,36.0,0.0,0.0,75.0,88.0,90.0,90.0,66.0,69.0,67.0,83.0,0.0,64.0,0,84.0,62.0,85.0,83.0,83.0
0,0.0,0.0,37.0,0.0,0.0,75.0,88.0,90.0,90.0,66.0,69.0,67.0,83.0,0.0,64.0,0,84.0,62.0,85.0,83.0,83.0
0,0.0,0.0,0.0,0.0,0.0,74.0,76.0,85.0,78.0,66.0,76.0,68.0,77.0,0.0,65.0,0,68.0,62.0,60.0,61.0,82.0
0,0.0,0.0,61.0,0.0,0.0,74.0,86.0,90.0,88.0,61.0,77.0,69.0,78.0,0.0,52.0,0,82.0,64.0,82.0,86.0,90.0
0,0.0,0.0,0.0,0.0,0.0,74.0,83.0,91.0,85.0,79.0,74.0,60.0,87.0,0.0,84.0,0,81.0,82.0,75.0,74.0,87.0
0,0.0,0.0,0.0,0.0,0.0,74.0,86.0,88.0,84.0,76.0,78.0,64.0,85.0,0.0,86.0,0,83.0,83.0,77.0,81.0,84.0
0,0.0,0.0,14.0,0.0,0.0,74.0,88.0,90.0,83.0,63.0,66.0,66.0,84.0,0.0,81.0,0,82.0,74.0,79.0,81.0,85.0
0,0.0,0.0,5.0,0.0,0.0,74.0,90.0,90.0,86.0,69.0,62.0,74.0,75.0,0.0,80.0,0,79.0,75.0,74.0,82.0,86.0
0,0.0,0.0,3.0,0.0,0.0,74.0,77.0,86.0,76.0,80.0,67.0,59.0,68.0,0.0,69.0,0,58.0,65.0,69.0,66.0,76.0
0,0.0,0.0,42.0,1.0,1.0,74.0,77.0,86.0,76.0,80.0,67.0,59.0,68.0,0.0,69.0,0,58.0,65.0,69.0,66.0,76.0
0,0.0,0.0,76.0,1.0,5.0,74.0,88.0,88.0,81.0,79.0,75.0,49.0,86.0,0.0,89.0,0,86.0,82.0,63.0,73.0,88.0
0,0.0,0.0,0.0,0.0,0.0,73.0,82.0,84.0,85.0,72.0,78.0,68.0,83.0,0.0,80.0,0,79.0,74.0,80.0,83.0,74.0
0,0.0,0.0,3.0,0.0,0.0,73.0,84.0,88.0,83.0,67.0,63.0,63.0,83.0,0.0,82.0,0,84.0,74.0,87.0,73.0,79.0
0,0.0,0.0,3.0,0.0,1.0,73.0,78.0,87.0,72.0,81.0,74.0,60.0,75.0,0.0,71.0,0,55.0,80.0,55.0,65.0,70.0
0,0.0,0.0,3.0,0.0,0.0,73.0,84.0,88.0,81.0,67.0,65.0,65.0,88.0,0.0,86.0,0,81.0,89.0,76.0,69.0,77.0
0,0.0,0.0,10.0,0.0,0.0,73.0,92.0,93.0,86.0,79.0,61.0,64.0,77.0,0.0,83.0,0,80.0,77.0,70.0,80.0,83.0
0,0.0,0.0,0.0,0.0,0.0,73.0,90.0,89.0,89.0,66.0,74.0,54.0,83.0,0.0,86.0,0,85.0,75.0,69.0,69.0,89.0
0,0.0,0.0,0.0,0.0,0.0,73.0,86.0,89.0,90.0,69.0,71.0,63.0,73.0,0.0,59.0,0,83.0,75.0,81.0,85.0,87.0
0,0.0,0.0,8.0,0.0,0.0,73.0,91.0,91.0,96.0,46.0,76.0,63.0,77.0,0.0,53.0,0,85.0,52.0,87.0,90.0,91.0
0,0.0,0.0,3.0,0.0,0.0,73.0,92.0,89.0,92.0,55.0,74.0,65.0,75.0,0.0,55.0,0,80.0,66.0,82.0,87.0,84.0
0,0.0,0.0,3.0,0.0,0.0,73.0,86.0,87.0,82.0,77.0,62.0,60.0,82.0,0.0,89.0,0,84.0,86.0,77.0,77.0,84.0
0,0.0,0.0,11.0,0.0,0.0,73.0,87.0,89.0,86.0,69.0,70.0,60.0,82.0,0.0,67.0,0,81.0,74.0,77.0,85.0,82.0
0,0.0,0.0,26.0,0.0,0.0,73.0,84.0,87.0,77.0,76.0,80.0,64.0,78.0,0.0,85.0,0,83.0,87.0,82.0,71.0,69.0
0,0.0,0.0,0.0,0.0,0.0,73.0,86.0,88.0,84.0,73.0,67.0,62.0,83.0,0.0,69.0,0,81.0,70.0,80.0,84.0,90.0
0,0.0,0.0,21.0,0.0,1.0,73.0,87.0,90.0,93.0,47.0,80.0,70.0,77.0,0.0,40.0,0,86.0,38.0,87.0,90.0,80.0
0,0.0,0.0,6.0,0.0,0.0,73.0,88.0,88.0,91.0,77.0,72.0,60.0,79.0,0.0,56.0,0,84.0,63.0,82.0,86.0,86.0
0,0.0,0.0,0.0,0.0,0.0,73.0,77.0,85.0,76.0,82.0,84.0,65.0,93.0,0.0,90.0,0,82.0,95.0,74.0,73.0,69.0
0,0.0,0.0,19.0,0.0,0.0,72.0,87.0,89.0,87.0,74.0,64.0,63.0,82.0,0.0,64.0,0,82.0,62.0,72.0,83.0,82.0
0,0.0,0.0,11.0,0.0,0.0,72.0,83.0,89.0,79.0,76.0,76.0,63.0,69.0,0.0,85.0,0,83.0,90.0,87.0,81.0,77.0
0,0.0,0.0,5.0,0.0,0.0,72.0,83.0,89.0,79.0,76.0,76.0,63.0,69.0,0.0,85.0,0,83.0,90.0,87.0,81.0,77.0
0,0.0,0.0,0.0,0.0,0.0,72.0,89.0,89.0,86.0,67.0,59.0,65.0,80.0,0.0,67.0,0,77.0,72.0,82.0,86.0,86.0
0,0.0,0.0,5.0,0.0,0.0,72.0,86.0,88.0,85.0,68.0,67.0,60.0,81.0,0.0,72.0,0,82.0,72.0,79.0,81.0,84.0
0,0.0,0.0,7.0,0.0,0.0,72.0,86.0,90.0,80.0,76.0,71.0,48.0,87.0,0.0,89.0,0,79.0,80.0,67.0,76.0,89.0
0,0.0,0.0,0.0,0.0,0.0,72.0,86.0,88.0,86.0,74.0,72.0,60.0,85.0,0.0,83.0,0,78.0,88.0,85.0,74.0,90.0
0,0.0,0.0,5.0,0.0,0.0,72.0,87.0,90.0,89.0,73.0,62.0,56.0,73.0,0.0,84.0,0,82.0,75.0,71.0,83.0,89.0
0,0.0,0.0,17.0,0.0,0.0,72.0,87.0,89.0,83.0,79.0,74.0,60.0,85.0,0.0,79.0,0,74.0,82.0,76.0,75.0,90.0
0,0.0,0.0,1.0,0.0,0.0,72.0,90.0,93.0,88.0,62.0,73.0,64.0,83.0,0.0,38.0,0,85.0,46.0,85.0,94.0,86.0
0,0.0,0.0,20.0,0.0,0.0,72.0,90.0,93.0,88.0,62.0,73.0,64.0,83.0,0.0,38.0,0,85.0,46.0,85.0,94.0,86.0
0,0.0,0.0,0.0,0.0,0.0,72.0,82.0,87.0,78.0,67.0,56.0,57.0,84.0,0.0,85.0,0,82.0,77.0,74.0,73.0,79.0
0,0.0,0.0,37.0,0.0,0.0,71.0,88.0,92.0,79.0,69.0,55.0,71.0,82.0,0.0,82.0,0,80.0,75.0,91.0,76.0,84.0
0,0.0,0.0,0.0,0.0,0.0,71.0,88.0,92.0,79.0,69.0,55.0,71.0,82.0,0.0,82.0,0,80.0,75.0,91.0,76.0,84.0
0,0.0,0.0,1.0,0.0,0.0,71.0,88.0,92.0,79.0,69.0,55.0,71.0,82.0,0.0,82.0,0,80.0,75.0,91.0,76.0,84.0
0,0.0,0.0,0.0,0.0,0.0,71.0,88.0,92.0,79.0,69.0,55.0,71.0,82.0,0.0,82.0,0,80.0,75.0,91.0,76.0,84.0
0,0.0,0.0,20.0,0.0,0.0,71.0,88.0,92.0,79.0,69.0,55.0,71.0,82.0,0.0,82.0,0,80.0,75.0,91.0,76.0,84.0
0,0.0,0.0,21.0,0.0,0.0,71.0,80.0,88.0,88.0,68.0,68.0,70.0,77.0,0.0,66.0,0,84.0,65.0,76.0,81.0,91.0
0,0.0,0.0,4.0,0.0,1.0,71.0,90.0,95.0,89.0,75.0,74.0,63.0,75.0,0.0,52.0,0,74.0,60.0,83.0,84.0,91.0
0,0.0,0.0,0.0,0.0,0.0,71.0,85.0,88.0,84.0,75.0,61.0,61.0,82.0,0.0,81.0,0,75.0,68.0,79.0,84.0,86.0
0,0.0,0.0,2.0,0.0,0.0,71.0,86.0,88.0,85.0,76.0,65.0,62.0,85.0,0.0,76.0,0,79.0,76.0,75.0,76.0,86.0
0,0.0,0.0,6.0,0.0,0.0,71.0,88.0,91.0,89.0,60.0,58.0,64.0,79.0,0.0,54.0,0,85.0,57.0,78.0,86.0,90.0
0,0.0,0.0,1.0,0.0,0.0,71.0,81.0,86.0,75.0,74.0,53.0,69.0,75.0,0.0,77.0,0,69.0,73.0,62.0,70.0,83.0
0,0.0,0.0,25.0,0.0,0.0,71.0,81.0,86.0,81.0,81.0,73.0,47.0,79.0,0.0,83.0,0,85.0,93.0,77.0,83.0,66.0
0,0.0,0.0,2.0,0.0,0.0,71.0,82.0,87.0,66.0,74.0,62.0,42.0,67.0,0.0,60.0,0,58.0,70.0,55.0,56.0,82.0
0,0.0,0.0,0.0,0.0,0.0,71.0,86.0,84.0,89.0,61.0,68.0,65.0,73.0,0.0,65.0,0,81.0,67.0,82.0,86.0,84.0
0,0.0,0.0,9.0,0.0,0.0,71.0,89.0,93.0,92.0,78.0,68.0,54.0,75.0,0.0,83.0,0,77.0,82.0,80.0,83.0,94.0
0,0.0,0.0,0.0,0.0,0.0,70.0,88.0,94.0,92.0,60.0,59.0,56.0,78.0,0.0,60.0,0,75.0,70.0,85.0,87.0,75.0
0,0.0,0.0,11.0,0.0,0.0,70.0,86.0,88.0,89.0,58.0,61.0,60.0,83.0,0.0,66.0,0,82.0,54.0,79.0,83.0,76.0
0,0.0,0.0,5.0,0.0,0.0,70.0,89.0,90.0,91.0,60.0,60.0,63.0,77.0,0.0,61.0,0,81.0,50.0,80.0,90.0,82.0
0,0.0,0.0,33.0,0.0,0.0,70.0,91.0,87.0,92.0,63.0,63.0,58.0,78.0,0.0,53.0,0,81.0,62.0,79.0,83.0,83.0
0,0.0,0.0,10.0,0.0,0.0,70.0,90.0,90.0,89.0,73.0,61.0,54.0,82.0,0.0,80.0,0,81.0,78.0,61.0,65.0,87.0
0,0.0,0.0,10.0,0.0,0.0,70.0,88.0,92.0,80.0,76.0,72.0,55.0,86.0,0.0,79.0,0,74.0,76.0,85.0,75.0,88.0
0,0.0,0.0,5.0,0.0,0.0,70.0,88.0,88.0,83.0,65.0,48.0,47.0,86.0,0.0,79.0,0,86.0,62.0,90.0,79.0,86.0
0,0.0,0.0,28.0,0.0,0.0,70.0,79.0,83.0,70.0,79.0,68.0,58.0,72.0,0.0,68.0,0,65.0,69.0,50.0,55.0,77.0
0,0.0,0.0,0.0,0.0,0.0,70.0,86.0,84.0,89.0,61.0,68.0,65.0,73.0,0.0,65.0,0,79.0,67.0,79.0,84.0,84.0
0,0.0,0.0,1.0,0.0,0.0,70.0,84.0,87.0,77.0,69.0,63.0,53.0,87.0,0.0,86.0,0,82.0,77.0,78.0,75.0,87.0
0,0.0,0.0,0.0,0.0,0.0,69.0,85.0,87.0,81.0,70.0,62.0,61.0,81.0,0.0,83.0,0,83.0,84.0,83.0,72.0,80.0
0,0.0,0.0,4.0,0.0,0.0,69.0,91.0,88.0,92.0,61.0,53.0,62.0,68.0,0.0,46.0,0,84.0,45.0,89.0,92.0,91.0
0,0.0,0.0,0.0,0.0,0.0,69.0,87.0,89.0,79.0,72.0,62.0,59.0,76.0,0.0,86.0,0,74.0,63.0,72.0,82.0,81.0
0,0.0,0.0,0.0,0.0,0.0,69.0,86.0,87.0,78.0,77.0,62.0,55.0,87.0,0.0,82.0,0,84.0,81.0,71.0,81.0,90.0
0,0.0,0.0,0.0,0.0,0.0,69.0,87.0,89.0,88.0,70.0,70.0,63.0,79.0,0.0,56.0,0,77.0,67.0,75.0,82.0,83.0
0,0.0,0.0,0.0,0.0,0.0,69.0,87.0,86.0,74.0,74.0,47.0,57.0,84.0,0.0,74.0,0,79.0,71.0,72.0,84.0,87.0
0,0.0,0.0,0.0,0.0,0.0,69.0,94.0,93.0,90.0,80.0,50.0,60.0,83.0,0.0,45.0,0,78.0,64.0,75.0,89.0,81.0
0,0.0,0.0,0.0,0.0,0.0,69.0,82.0,87.0,86.0,66.0,51.0,56.0,82.0,0.0,79.0,0,87.0,69.0,77.0,82.0,88.0
0,0.0,0.0,17.0,0.0,0.0,69.0,88.0,88.0,91.0,70.0,63.0,52.0,75.0,0.0,65.0,0,83.0,67.0,83.0,86.0,87.0
0,0.0,0.0,1.0,0.0,0.0,68.0,74.0,86.0,71.0,86.0,68.0,62.0,74.0,0.0,76.0,0,68.0,75.0,61.0,62.0,86.0
0,0.0,0.0,0.0,0.0,0.0,68.0,87.0,91.0,84.0,73.0,51.0,53.0,82.0,0.0,84.0,0,74.0,80.0,76.0,73.0,84.0
0,0.0,0.0,12.0,0.0,0.0,68.0,90.0,91.0,85.0,77.0,50.0,60.0,78.0,0.0,65.0,0,79.0,63.0,70.0,78.0,86.0
0,0.0,0.0,0.0,0.0,0.0,68.0,90.0,92.0,84.0,78.0,54.0,59.0,80.0,0.0,50.0,0,77.0,58.0,84.0,83.0,88.0
0,0.0,0.0,0.0,0.0,0.0,67.0,87.0,89.0,86.0,69.0,57.0,55.0,88.0,0.0,61.0,0,79.0,63.0,72.0,80.0,87.0
0,0.0,0.0,5.0,0.0,0.0,67.0,85.0,90.0,91.0,67.0,56.0,52.0,73.0,0.0,76.0,0,79.0,79.0,66.0,81.0,86.0
0,0.0,0.0,2.0,0.0,0.0,67.0,79.0,87.0,74.0,84.0,55.0,40.0,70.0,0.0,78.0,0,70.0,76.0,65.0,66.0,82.0
0,0.0,0.0,0.0,0.0,0.0,67.0,92.0,94.0,87.0,72.0,56.0,63.0,73.0,0.0,56.0,0,73.0,62.0,84.0,86.0,90.0
0,0.0,0.0,0.0,0.0,0.0,67.0,92.0,91.0,81.0,74.0,45.0,62.0,85.0,0.0,87.0,0,73.0,59.0,66.0,70.0,90.0
0,0.0,0.0,1.0,0.0,0.0,67.0,90.0,92.0,90.0,57.0,65.0,60.0,67.0,0.0,46.0,0,77.0,63.0,90.0,77.0,83.0
0,0.0,0.0,0.0,0.0,0.0,67.0,85.0,92.0,81.0,67.0,38.0,46.0,86.0,0.0,69.0,0,83.0,75.0,83.0,85.0,89.0
0,0.0,0.0,0.0,0.0,0.0,67.0,89.0,91.0,84.0,75.0,54.0,56.0,82.0,0.0,79.0,0,70.0,73.0,64.0,76.0,92.0
0,0.0,0.0,0.0,0.0,0.0,67.0,83.0,83.0,86.0,62.0,65.0,54.0,78.0,0.0,66.0,0,75.0,67.0,75.0,79.0,73.0
0,0.0,0.0,2.0,0.0,0.0,67.0,86.0,88.0,85.0,66.0,53.0,60.0,81.0,0.0,37.0,0,85.0,46.0,80.0,86.0,79.0
0,0.0,0.0,7.0,0.0,0.0,67.0,88.0,88.0,91.0,55.0,66.0,61.0,71.0,0.0,47.0,0,79.0,55.0,84.0,84.0,94.0
0,0.0,0.0,0.0,0.0,0.0,67.0,87.0,88.0,88.0,77.0,63.0,60.0,89.0,0.0,78.0,0,79.0,53.0,44.0,72.0,92.0
0,0.0,0.0,2.0,0.0,0.0,67.0,92.0,91.0,87.0,69.0,53.0,58.0,78.0,0.0,56.0,0,80.0,61.0,70.0,81.0,91.0
0,0.0,0.0,0.0,0.0,0.0,66.0,77.0,87.0,77.0,67.0,48.0,62.0,76.0,0.0,77.0,0,78.0,74.0,73.0,75.0,80.0
0,0.0,0.0,27.0,0.0,1.0,66.0,86.0,86.0,85.0,68.0,54.0,51.0,86.0,0.0,84.0,0,78.0,65.0,67.0,72.0,86.0
0,0.0,0.0,16.0,0.0,0.0,66.0,86.0,88.0,82.0,87.0,51.0,59.0,71.0,0.0,78.0,0,80.0,87.0,64.0,77.0,86.0
0,0.0,0.0,0.0,0.0,1.0,66.0,86.0,88.0,82.0,87.0,51.0,59.0,71.0,0.0,78.0,0,80.0,87.0,64.0,77.0,86.0
0,0.0,0.0,0.0,0.0,0.0,66.0,88.0,92.0,83.0,71.0,47.0,44.0,87.0,0.0,83.0,0,79.0,76.0,77.0,75.0,84.0
0,0.0,0.0,4.0,0.0,0.0,65.0,90.0,90.0,89.0,75.0,57.0,62.0,72.0,0.0,52.0,0,72.0,80.0,70.0,77.0,86.0
0,0.0,0.0,0.0,0.0,0.0,65.0,88.0,94.0,89.0,74.0,38.0,71.0,77.0,0.0,68.0,0,71.0,68.0,73.0,74.0,85.0
0,0.0,0.0,0.0,0.0,0.0,65.0,92.0,95.0,92.0,79.0,42.0,49.0,75.0,0.0,72.0,0,68.0,84.0,74.0,76.0,80.0
0,0.0,0.0,0.0,0.0,0.0,64.0,92.0,89.0,92.0,67.0,51.0,62.0,75.0,0.0,44.0,0,76.0,51.0,76.0,74.0,87.0
0,0.0,0.0,0.0,0.0,0.0,64.0,83.0,88.0,84.0,73.0,51.0,50.0,75.0,0.0,81.0,0,84.0,73.0,72.0,71.0,79.0
0,0.0,0.0,0.0,0.0,0.0,64.0,81.0,83.0,84.0,73.0,40.0,59.0,82.0,0.0,83.0,0,82.0,81.0,72.0,79.0,87.0
0,0.0,0.0,0.0,0.0,0.0,64.0,84.0,83.0,74.0,69.0,45.0,61.0,81.0,0.0,78.0,0,75.0,77.0,65.0,70.0,75.0
0,0.0,0.0,0.0,0.0,0.0,64.0,88.0,91.0,87.0,71.0,56.0,60.0,76.0,0.0,69.0,0,65.0,68.0,73.0,71.0,90.0
0,0.0,0.0,0.0,0.0,0.0,64.0,92.0,92.0,89.0,67.0,59.0,61.0,74.0,0.0,31.0,0,78.0,52.0,79.0,87.0,93.0
0,0.0,0.0,0.0,0.0,0.0,64.0,81.0,85.0,88.0,67.0,50.0,52.0,77.0,0.0,83.0,0,82.0,74.0,76.0,73.0,87.0
0,0.0,0.0,0.0,0.0,0.0,63.0,91.0,92.0,80.0,81.0,41.0,55.0,75.0,0.0,72.0,0,67.0,72.0,76.0,77.0,82.0
0,0.0,0.0,0.0,0.0,0.0,63.0,83.0,88.0,81.0,78.0,53.0,53.0,84.0,0.0,76.0,0,66.0,69.0,70.0,74.0,88.0
0,0.0,0.0,0.0,0.0,0.0,63.0,92.0,91.0,80.0,76.0,42.0,55.0,75.0,0.0,72.0,0,67.0,72.0,76.0,77.0,81.0
0,0.0,0.0,0.0,0.0,0.0,63.0,77.0,84.0,77.0,84.0,43.0,63.0,73.0,0.0,82.0,0,75.0,75.0,64.0,70.0,75.0
0,0.0,0.0,0.0,0.0,0.0,63.0,84.0,87.0,80.0,83.0,40.0,55.0,75.0,0.0,83.0,0,71.0,78.0,75.0,76.0,80.0
0,0.0,0.0,0.0,0.0,0.0,62.0,84.0,87.0,82.0,77.0,43.0,70.0,76.0,0.0,81.0,0,68.0,76.0,72.0,74.0,87.0
0,0.0,0.0,0.0,0.0,0.0,62.0,86.0,89.0,80.0,78.0,46.0,55.0,75.0,0.0,72.0,0,67.0,72.0,76.0,76.0,78.0
0,0.0,0.0,0.0,0.0,0.0,62.0,87.0,87.0,85.0,77.0,40.0,71.0,71.0,0.0,60.0,0,67.0,70.0,75.0,81.0,72.0
0,0.0,0.0,0.0,0.0,0.0,62.0,85.0,92.0,72.0,85.0,41.0,57.0,64.0,0.0,82.0,0,65.0,72.0,59.0,64.0,79.0
0,0.0,0.0,0.0,0.0,0.0,62.0,87.0,88.0,84.0,72.0,51.0,45.0,70.0,0.0,59.0,0,83.0,68.0,72.0,79.0,93.0
0,0.0,0.0,0.0,0.0,0.0,62.0,82.0,85.0,76.0,68.0,46.0,51.0,79.0,0.0,87.0,0,80.0,86.0,75.0,70.0,78.0
0,0.0,0.0,0.0,0.0,0.0,61.0,82.0,86.0,78.0,71.0,54.0,67.0,74.0,0.0,70.0,0,77.0,64.0,65.0,66.0,82.0
0,0.0,0.0,0.0,0.0,0.0,61.0,82.0,86.0,78.0,71.0,54.0,67.0,74.0,0.0,70.0,0,77.0,64.0,65.0,66.0,82.0
0,0.0,0.0,0.0,0.0,0.0,61.0,86.0,88.0,80.0,82.0,41.0,55.0,75.0,0.0,72.0,0,67.0,72.0,76.0,76.0,89.0
0,0.0,0.0,0.0,0.0,0.0,61.0,89.0,89.0,79.0,73.0,46.0,48.0,76.0,0.0,78.0,0,66.0,67.0,75.0,81.0,85.0
0,0.0,0.0,0.0,0.0,0.0,61.0,87.0,93.0,80.0,83.0,41.0,55.0,75.0,0.0,80.0,0,67.0,73.0,77.0,71.0,87.0
0,0.0,0.0,0.0,0.0,0.0,60.0,82.0,88.0,83.0,80.0,40.0,65.0,73.0,0.0,80.0,0,79.0,73.0,70.0,75.0,73.0
0,0.0,0.0,0.0,0.0,0.0,60.0,90.0,91.0,91.0,70.0,47.0,55.0,69.0,0.0,37.0,0,66.0,35.0,80.0,93.0,83.0
0,0.0,0.0,0.0,0.0,0.0,60.0,89.0,89.0,80.0,74.0,43.0,55.0,75.0,0.0,79.0,0,67.0,77.0,61.0,65.0,87.0
0,0.0,0.0,0.0,0.0,0.0,59.0,96.0,90.0,81.0,74.0,48.0,56.0,72.0,0.0,38.0,0,67.0,59.0,78.0,76.0,87.0
0,0.0,0.0,6.0,0.0,0.0,54.0,75.0,80.0,87.0,75.0,59.0,55.0,66.0,0.0,52.0,0,50.0,41.0,55.0,60.0,80.0
0,0.0,0.0,0.0,0.0,0.0,54.0,75.0,80.0,87.0,75.0,59.0,55.0,66.0,0.0,52.0,0,50.0,41.0,55.0,60.0,80.0
73,225.0,25.0,61.0,2.0,3.0,97.0,90.0,93.0,95.0,77.0,91.0,75.0,92.0,0.0,87.0,0,97.0,95.0,90.0,98.0,92.0
73,224.0,25.0,3.0,0.0,0.0,94.0,92.0,91.0,93.0,83.0,90.0,76.0,86.0,0.0,89.0,0,95.0,91.0,83.0,94.0,91.0
73,224.0,25.0,42.0,1.0,1.0,94.0,92.0,91.0,93.0,83.0,90.0,76.0,86.0,0.0,89.0,0,95.0,91.0,83.0,94.0,91.0
71,208.0,29.0,83.0,2.0,6.0,92.0,90.0,92.0,98.0,66.0,93.0,73.0,86.0,0.0,63.0,0,96.0,69.0,93.0,96.0,89.0
73,240.0,26.0,20.0,1.0,9.0,91.0,82.0,88.0,78.0,79.0,85.0,70.0,77.0,0.0,84.0,0,81.0,81.0,70.0,76.0,89.0
73,220.0,29.0,60.0,1.0,3.0,91.0,89.0,91.0,91.0,83.0,95.0,71.0,85.0,0.0,87.0,0,92.0,87.0,84.0,96.0,85.0
72,225.0,22.0,68.0,1.0,3.0,90.0,92.0,91.0,94.0,81.0,90.0,71.0,88.0,0.0,78.0,0,93.0,88.0,86.0,91.0,89.0
68,206.0,25.0,49.0,0.0,2.0,89.0,92.0,91.0,94.0,71.0,88.0,73.0,88.0,0.0,79.0,0,90.0,74.0,88.0,94.0,87.0
73,215.0,24.0,51.0,0.0,2.0,87.0,92.0,90.0,92.0,71.0,88.0,72.0,87.0,0.0,79.0,0,90.0,78.0,83.0,94.0,85.0
72,229.0,24.0,19.0,0.0,1.0,87.0,88.0,90.0,91.0,79.0,89.0,67.0,86.0,0.0,84.0,0,91.0,88.0,79.0,91.0,88.0
69,205.0,25.0,42.0,0.0,0.0,86.0,91.0,94.0,95.0,63.0,82.0,71.0,88.0,0.0,55.0,0,88.0,73.0,92.0,93.0,83.0
73,222.0,22.0,27.0,0.0,1.0,85.0,90.0,91.0,89.0,80.0,89.0,66.0,89.0,0.0,88.0,0,89.0,85.0,75.0,82.0,86.0
68,224.0,26.0,0.0,0.0,0.0,85.0,89.0,90.0,89.0,72.0,85.0,64.0,91.0,0.0,88.0,0,89.0,79.0,75.0,92.0,83.0
72,250.0,30.0,0.0,0.0,0.0,85.0,87.0,92.0,83.0,86.0,92.0,57.0,88.0,0.0,97.0,0,92.0,94.0,83.0,84.0,95.0
73,210.0,24.0,33.0,0.0,0.0,85.0,94.0,92.0,93.0,74.0,81.0,70.0,87.0,0.0,82.0,0,87.0,78.0,82.0,89.0,84.0
71,215.0,30.0,74.0,1.0,5.0,85.0,89.0,89.0,86.0,88.0,83.0,68.0,92.0,0.0,94.0,0,90.0,92.0,77.0,85.0,84.0
73,227.0,23.0,0.0,0.0,0.0,85.0,92.0,92.0,93.0,70.0,88.0,69.0,85.0,0.0,78.0,0,87.0,82.0,85.0,88.0,89.0
70,220.0,26.0,42.0,0.0,1.0,85.0,92.0,92.0,95.0,68.0,85.0,66.0,87.0,0.0,72.0,0,88.0,75.0,82.0,91.0,89.0
73,234.0,28.0,0.0,0.0,0.0,84.0,74.0,84.0,73.0,74.0,85.0,61.0,73.0,0.0,73.0,0,68.0,70.0,73.0,72.0,73.0
71,199.0,30.0,66.0,2.0,4.0,84.0,90.0,91.0,92.0,62.0,84.0,70.0,86.0,0.0,62.0,0,90.0,71.0,88.0,91.0,88.0
74,218.0,31.0,84.0,0.0,2.0,84.0,87.0,91.0,88.0,73.0,83.0,69.0,92.0,0.0,80.0,0,87.0,81.0,80.0,82.0,79.0
70,240.0,30.0,48.0,0.0,1.0,84.0,86.0,92.0,88.0,81.0,87.0,59.0,86.0,0.0,86.0,0,90.0,88.0,76.0,86.0,88.0
70,240.0,30.0,0.0,0.0,0.0,84.0,86.0,92.0,88.0,81.0,87.0,59.0,86.0,0.0,86.0,0,90.0,88.0,76.0,86.0,88.0
75,255.0,29.0,0.0,0.0,0.0,84.0,70.0,80.0,69.0,87.0,84.0,63.0,76.0,0.0,78.0,0,49.0,71.0,46.0,55.0,64.0
69,215.0,27.0,36.0,0.0,0.0,84.0,87.0,91.0,88.0,74.0,88.0,67.0,87.0,0.0,87.0,0,86.0,82.0,77.0,90.0,80.0
69,215.0,27.0,66.0,0.0,3.0,84.0,87.0,91.0,88.0,74.0,88.0,67.0,87.0,0.0,87.0,0,86.0,82.0,77.0,90.0,80.0
73,220.0,32.0,11.0,0.0,0.0,84.0,90.0,90.0,92.0,88.0,89.0,60.0,80.0,0.0,90.0,0,87.0,90.0,78.0,87.0,89.0
73,220.0,32.0,101.0,4.0,7.0,84.0,90.0,90.0,92.0,88.0,89.0,60.0,80.0,0.0,90.0,0,87.0,90.0,78.0,87.0,89.0
75,230.0,26.0,44.0,0.0,1.0,84.0,92.0,94.0,89.0,72.0,84.0,63.0,84.0,0.0,87.0,0,87.0,87.0,84.0,91.0,88.0
72,235.0,26.0,32.0,0.0,0.0,83.0,88.0,90.0,91.0,81.0,84.0,68.0,82.0,0.0,85.0,0,88.0,85.0,88.0,91.0,84.0
69,223.0,28.0,48.0,0.0,0.0,83.0,88.0,88.0,91.0,79.0,83.0,60.0,88.0,0.0,90.0,0,86.0,86.0,77.0,83.0,88.0
69,223.0,28.0,39.0,1.0,2.0,83.0,88.0,88.0,91.0,79.0,83.0,60.0,88.0,0.0,90.0,0,86.0,86.0,77.0,83.0,88.0
69,217.0,34.0,94.0,0.0,5.0,83.0,82.0,88.0,83.0,74.0,97.0,69.0,84.0,0.0,85.0,0,93.0,84.0,81.0,83.0,74.0
66,190.0,34.0,62.0,0.0,3.0,83.0,88.0,92.0,96.0,65.0,85.0,71.0,87.0,0.0,42.0,0,88.0,59.0,84.0,93.0,69.0
73,246.0,25.0,2.0,0.0,0.0,83.0,82.0,87.0,66.0,74.0,84.0,55.0,72.0,0.0,68.0,0,67.0,70.0,57.0,61.0,82.0
72,216.0,24.0,17.0,0.0,0.0,83.0,90.0,94.0,89.0,69.0,81.0,83.0,79.0,0.0,75.0,0,86.0,78.0,82.0,91.0,92.0
69,215.0,24.0,0.0,0.0,0.0,83.0,90.0,88.0,88.0,76.0,86.0,60.0,89.0,0.0,89.0,0,89.0,77.0,82.0,86.0,86.0
73,235.0,24.0,21.0,0.0,0.0,82.0,88.0,91.0,84.0,79.0,86.0,66.0,85.0,0.0,87.0,0,87.0,90.0,83.0,83.0,80.0
73,238.0,24.0,2.0,0.0,0.0,82.0,79.0,87.0,74.0,80.0,74.0,54.0,77.0,0.0,79.0,0,73.0,76.0,65.0,66.0,82.0
71,225.0,24.0,0.0,0.0,0.0,82.0,89.0,93.0,86.0,75.0,82.0,59.0,87.0,0.0,85.0,0,87.0,77.0,80.0,92.0,89.0
72,211.0,26.0,0.0,0.0,0.0,82.0,89.0,90.0,85.0,67.0,84.0,71.0,83.0,0.0,69.0,0,89.0,69.0,87.0,91.0,88.0
70,229.0,25.0,17.0,0.0,0.0,82.0,87.0,90.0,87.0,73.0,85.0,69.0,88.0,0.0,88.0,0,86.0,84.0,81.0,83.0,87.0
72,220.0,30.0,44.0,0.0,1.0,82.0,89.0,90.0,88.0,73.0,87.0,63.0,79.0,0.0,85.0,0,88.0,92.0,82.0,86.0,75.0
70,205.0,28.0,25.0,0.0,0.0,82.0,88.0,89.0,92.0,71.0,83.0,70.0,88.0,0.0,53.0,0,88.0,63.0,89.0,86.0,79.0
69,201.0,26.0,24.0,0.0,0.0,82.0,87.0,90.0,94.0,59.0,86.0,76.0,79.0,0.0,61.0,0,87.0,74.0,81.0,92.0,81.0
68,195.0,26.0,31.0,0.0,0.0,82.0,91.0,92.0,94.0,61.0,83.0,73.0,83.0,0.0,54.0,0,87.0,76.0,91.0,90.0,79.0
68,200.0,32.0,0.0,0.0,0.0,82.0,88.0,93.0,92.0,68.0,83.0,75.0,88.0,0.0,45.0,0,88.0,54.0,83.0,87.0,87.0
71,248.0,27.0,36.0,0.0,1.0,82.0,86.0,87.0,87.0,82.0,82.0,67.0,85.0,0.0,89.0,0,88.0,89.0,81.0,85.0,91.0
72,228.0,22.0,38.0,0.0,0.0,81.0,90.0,90.0,86.0,83.0,76.0,66.0,91.0,0.0,92.0,0,80.0,86.0,78.0,83.0,71.0
70,204.0,28.0,26.0,0.0,0.0,81.0,87.0,91.0,86.0,75.0,87.0,72.0,86.0,0.0,72.0,0,87.0,78.0,80.0,77.0,74.0
71,202.0,21.0,74.0,2.0,3.0,81.0,91.0,92.0,96.0,71.0,68.0,75.0,90.0,0.0,52.0,0,83.0,71.0,87.0,93.0,89.0
70,205.0,25.0,36.0,0.0,0.0,81.0,89.0,92.0,90.0,68.0,80.0,74.0,85.0,0.0,67.0,0,86.0,63.0,85.0,87.0,83.0
70,205.0,25.0,37.0,0.0,0.0,81.0,89.0,92.0,90.0,68.0,80.0,74.0,85.0,0.0,67.0,0,86.0,63.0,85.0,87.0,83.0
70,225.0,26.0,11.0,0.0,0.0,81.0,88.0,90.0,89.0,69.0,85.0,64.0,86.0,0.0,73.0,0,86.0,79.0,81.0,94.0,82.0
73,255.0,25.0,0.0,0.0,0.0,81.0,81.0,84.0,69.0,85.0,75.0,61.0,77.0,0.0,75.0,0,74.0,73.0,65.0,67.0,79.0
72,220.0,31.0,26.0,0.0,0.0,80.0,87.0,90.0,86.0,76.0,83.0,64.0,92.0,0.0,84.0,0,83.0,86.0,82.0,77.0,73.0
69,210.0,23.0,0.0,0.0,0.0,80.0,90.0,90.0,92.0,70.0,76.0,71.0,81.0,0.0,61.0,0,85.0,82.0,84.0,92.0,85.0
72,223.0,29.0,0.0,0.0,0.0,80.0,89.0,90.0,83.0,84.0,85.0,61.0,82.0,0.0,91.0,0,85.0,90.0,83.0,81.0,72.0
72,250.0,34.0,0.0,0.0,0.0,80.0,73.0,83.0,72.0,76.0,76.0,64.0,81.0,0.0,84.0,0,80.0,81.0,68.0,67.0,78.0
71,248.0,25.0,1.0,0.0,0.0,80.0,79.0,88.0,77.0,75.0,79.0,57.0,71.0,0.0,78.0,0,76.0,75.0,68.0,75.0,80.0
71,248.0,25.0,0.0,0.0,0.0,80.0,79.0,88.0,77.0,75.0,79.0,57.0,71.0,0.0,78.0,0,76.0,75.0,68.0,75.0,80.0
71,213.0,22.0,52.0,0.0,4.0,80.0,90.0,92.0,92.0,74.0,68.0,68.0,85.0,0.0,74.0,0,86.0,81.0,84.0,87.0,75.0
69,205.0,25.0,32.0,0.0,0.0,80.0,93.0,93.0,96.0,74.0,74.0,69.0,91.0,0.0,51.0,0,81.0,56.0,79.0,91.0,95.0
73,228.0,21.0,56.0,0.0,2.0,79.0,91.0,93.0,91.0,75.0,64.0,73.0,86.0,0.0,68.0,0,83.0,86.0,85.0,87.0,84.0
68,208.0,26.0,0.0,0.0,0.0,79.0,88.0,91.0,91.0,70.0,72.0,65.0,88.0,0.0,68.0,0,86.0,71.0,84.0,88.0,83.0
77,250.0,28.0,9.0,0.0,0.0,79.0,81.0,87.0,73.0,76.0,74.0,74.0,74.0,0.0,60.0,0,73.0,62.0,66.0,64.0,81.0
73,223.0,23.0,20.0,0.0,0.0,79.0,88.0,90.0,85.0,74.0,78.0,65.0,84.0,0.0,80.0,0,84.0,79.0,82.0,90.0,87.0
75,247.0,23.0,76.0,1.0,5.0,79.0,88.0,87.0,84.0,85.0,83.0,59.0,89.0,0.0,89.0,0,88.0,85.0,66.0,81.0,88.0
76,255.0,26.0,0.0,0.0,0.0,78.0,77.0,86.0,78.0,72.0,76.0,68.0,77.0,0.0,65.0,0,68.0,62.0,60.0,61.0,82.0
67,190.0,27.0,24.0,0.0,0.0,78.0,87.0,89.0,91.0,62.0,77.0,67.0,88.0,0.0,82.0,0,83.0,61.0,70.0,83.0,75.0
69,203.0,24.0,21.0,0.0,0.0,78.0,89.0,95.0,90.0,71.0,76.0,65.0,75.0,0.0,65.0,0,88.0,68.0,89.0,93.0,91.0
76,262.0,27.0,0.0,0.0,0.0,78.0,69.0,79.0,72.0,71.0,81.0,66.0,75.0,0.0,67.0,0,62.0,64.0,60.0,62.0,74.0
72,233.0,24.0,0.0,0.0,0.0,78.0,86.0,89.0,86.0,74.0,80.0,67.0,89.0,0.0,85.0,0,85.0,76.0,73.0,82.0,75.0
71,254.0,27.0,0.0,0.0,0.0,78.0,77.0,88.0,73.0,81.0,74.0,58.0,79.0,0.0,80.0,0,75.0,76.0,65.0,68.0,83.0
69,250.0,31.0,0.0,0.0,0.0,77.0,77.0,79.0,73.0,82.0,85.0,59.0,82.0,0.0,88.0,0,84.0,90.0,73.0,75.0,59.0
72,232.0,25.0,6.0,0.0,0.0,77.0,77.0,81.0,83.0,76.0,78.0,58.0,72.0,0.0,58.0,0,52.0,48.0,55.0,63.0,80.0
72,232.0,25.0,0.0,0.0,0.0,77.0,77.0,81.0,83.0,76.0,78.0,58.0,72.0,0.0,58.0,0,52.0,48.0,55.0,63.0,80.0
73,210.0,30.0,39.0,0.0,0.0,77.0,89.0,89.0,82.0,72.0,80.0,62.0,84.0,0.0,79.0,0,86.0,84.0,80.0,82.0,90.0
70,208.0,22.0,5.0,0.0,0.0,77.0,89.0,89.0,90.0,65.0,78.0,65.0,86.0,0.0,66.0,0,83.0,72.0,81.0,86.0,84.0
71,219.0,26.0,11.0,0.0,0.0,77.0,88.0,89.0,89.0,66.0,79.0,63.0,89.0,0.0,70.0,0,84.0,63.0,79.0,83.0,76.0
68,207.0,23.0,0.0,0.0,0.0,77.0,90.0,90.0,89.0,65.0,78.0,68.0,88.0,0.0,72.0,0,82.0,67.0,73.0,84.0,85.0
68,187.0,27.0,0.0,0.0,0.0,77.0,91.0,90.0,93.0,54.0,74.0,68.0,80.0,0.0,54.0,0,87.0,57.0,83.0,86.0,86.0
68,191.0,26.0,1.0,0.0,0.0,77.0,91.0,94.0,91.0,63.0,77.0,67.0,84.0,0.0,44.0,0,86.0,52.0,85.0,94.0,86.0
68,191.0,26.0,20.0,0.0,0.0,77.0,91.0,94.0,91.0,63.0,77.0,67.0,84.0,0.0,44.0,0,86.0,52.0,85.0,94.0,86.0
71,200.0,30.0,34.0,0.0,1.0,76.0,90.0,92.0,93.0,62.0,73.0,71.0,77.0,0.0,54.0,0,85.0,62.0,84.0,88.0,91.0
70,205.0,26.0,0.0,0.0,0.0,76.0,91.0,94.0,85.0,64.0,73.0,63.0,79.0,0.0,73.0,0,83.0,79.0,82.0,87.0,96.0
70,225.0,27.0,16.0,0.0,0.0,76.0,90.0,89.0,84.0,82.0,72.0,65.0,84.0,0.0,82.0,0,83.0,75.0,75.0,80.0,87.0
71,228.0,25.0,0.0,0.0,0.0,76.0,91.0,90.0,86.0,67.0,73.0,68.0,81.0,0.0,70.0,0,80.0,72.0,82.0,86.0,86.0
70,210.0,27.0,21.0,0.0,0.0,76.0,84.0,89.0,88.0,68.0,74.0,72.0,89.0,0.0,68.0,0,84.0,67.0,76.0,81.0,91.0
70,212.0,23.0,5.0,0.0,0.0,76.0,87.0,90.0,89.0,73.0,73.0,68.0,82.0,0.0,84.0,0,84.0,76.0,73.0,83.0,89.0
70,215.0,22.0,76.0,0.0,5.0,76.0,88.0,91.0,89.0,70.0,66.0,70.0,82.0,0.0,83.0,0,79.0,83.0,82.0,83.0,91.0
70,208.0,22.0,49.0,0.0,1.0,75.0,87.0,90.0,87.0,74.0,65.0,67.0,91.0,0.0,78.0,0,80.0,81.0,82.0,83.0,87.0
70,221.0,26.0,9.0,0.0,0.0,75.0,91.0,93.0,92.0,78.0,75.0,61.0,75.0,0.0,82.0,0,83.0,84.0,80.0,84.0,94.0
70,224.0,28.0,36.0,0.0,2.0,75.0,87.0,87.0,82.0,82.0,79.0,59.0,90.0,0.0,84.0,0,82.0,84.0,77.0,73.0,86.0
72,233.0,26.0,0.0,0.0,0.0,75.0,88.0,86.0,77.0,70.0,66.0,59.0,83.0,0.0,80.0,0,76.0,70.0,75.0,74.0,85.0
72,219.0,30.0,0.0,0.0,0.0,75.0,79.0,87.0,78.0,84.0,84.0,65.0,93.0,0.0,90.0,0,83.0,95.0,77.0,73.0,69.0
74,222.0,26.0,18.0,0.0,0.0,75.0,87.0,91.0,79.0,67.0,78.0,64.0,85.0,0.0,84.0,0,84.0,84.0,76.0,80.0,81.0
70,217.0,27.0,0.0,0.0,0.0,74.0,87.0,90.0,84.0,76.0,76.0,64.0,85.0,0.0,86.0,0,83.0,83.0,77.0,81.0,84.0
72,211.0,25.0,7.0,0.0,0.0,74.0,91.0,90.0,81.0,71.0,69.0,57.0,87.0,0.0,82.0,0,82.0,88.0,87.0,76.0,84.0
72,215.0,25.0,0.0,0.0,0.0,74.0,90.0,90.0,89.0,74.0,77.0,54.0,86.0,0.0,88.0,0,85.0,75.0,69.0,69.0,89.0
71,205.0,29.0,0.0,0.0,0.0,74.0,83.0,85.0,85.0,72.0,77.0,72.0,86.0,0.0,83.0,0,80.0,74.0,80.0,83.0,74.0
71,221.0,24.0,0.0,0.0,0.0,74.0,87.0,88.0,81.0,78.0,73.0,65.0,87.0,0.0,82.0,0,84.0,81.0,71.0,81.0,90.0
71,250.0,30.0,0.0,0.0,0.0,74.0,83.0,88.0,73.0,76.0,71.0,60.0,77.0,0.0,83.0,0,72.0,81.0,74.0,66.0,65.0
68,204.0,24.0,12.0,0.0,0.0,74.0,91.0,92.0,92.0,70.0,68.0,63.0,79.0,0.0,67.0,0,83.0,66.0,70.0,83.0,86.0
73,220.0,23.0,5.0,0.0,0.0,74.0,90.0,90.0,86.0,69.0,68.0,77.0,75.0,0.0,80.0,0,81.0,75.0,77.0,82.0,86.0
73,241.0,22.0,0.0,0.0,0.0,73.0,82.0,85.0,85.0,80.0,53.0,64.0,80.0,0.0,79.0,0,76.0,70.0,68.0,77.0,75.0
71,219.0,25.0,19.0,0.0,0.0,73.0,87.0,90.0,87.0,70.0,77.0,69.0,74.0,0.0,78.0,0,83.0,62.0,72.0,83.0,82.0
68,198.0,26.0,6.0,0.0,0.0,73.0,89.0,92.0,89.0,60.0,63.0,64.0,83.0,0.0,56.0,0,85.0,57.0,78.0,86.0,90.0
68,176.0,22.0,0.0,0.0,0.0,73.0,91.0,93.0,94.0,57.0,60.0,67.0,78.0,0.0,59.0,0,86.0,64.0,78.0,90.0,81.0
72,210.0,22.0,12.0,0.0,0.0,73.0,89.0,87.0,82.0,75.0,65.0,66.0,86.0,0.0,86.0,0,81.0,73.0,77.0,78.0,75.0
72,235.0,25.0,0.0,0.0,0.0,73.0,84.0,89.0,81.0,78.0,48.0,63.0,78.0,0.0,87.0,0,69.0,84.0,64.0,68.0,80.0
71,205.0,23.0,0.0,0.0,0.0,72.0,92.0,89.0,91.0,72.0,61.0,64.0,77.0,0.0,80.0,0,81.0,64.0,75.0,86.0,84.0
71,205.0,23.0,0.0,0.0,0.0,72.0,92.0,89.0,91.0,72.0,61.0,64.0,77.0,0.0,80.0,0,81.0,64.0,75.0,86.0,84.0
71,205.0,23.0,0.0,0.0,0.0,72.0,92.0,89.0,91.0,72.0,61.0,64.0,77.0,0.0,80.0,0,81.0,64.0,75.0,86.0,84.0
71,205.0,23.0,2.0,0.0,0.0,72.0,92.0,89.0,91.0,72.0,61.0,64.0,77.0,0.0,80.0,0,81.0,64.0,75.0,86.0,84.0
71,205.0,23.0,0.0,0.0,0.0,72.0,92.0,89.0,91.0,72.0,61.0,64.0,77.0,0.0,80.0,0,81.0,64.0,75.0,86.0,84.0
71,205.0,23.0,0.0,0.0,0.0,72.0,92.0,89.0,91.0,72.0,61.0,64.0,77.0,0.0,80.0,0,81.0,64.0,75.0,86.0,84.0
70,215.0,24.0,3.0,0.0,0.0,72.0,86.0,89.0,83.0,67.0,65.0,63.0,83.0,0.0,82.0,0,84.0,74.0,87.0,73.0,79.0
66,179.0,22.0,21.0,1.0,1.0,72.0,92.0,92.0,95.0,62.0,55.0,66.0,79.0,0.0,57.0,0,82.0,64.0,84.0,90.0,77.0
72,210.0,21.0,20.0,0.0,0.0,72.0,89.0,93.0,91.0,68.0,65.0,70.0,76.0,0.0,54.0,0,84.0,64.0,74.0,87.0,85.0
72,219.0,21.0,9.0,0.0,0.0,72.0,88.0,89.0,84.0,76.0,57.0,69.0,85.0,0.0,85.0,0,83.0,71.0,72.0,78.0,82.0
72,213.0,22.0,33.0,0.0,0.0,72.0,88.0,88.0,87.0,73.0,63.0,63.0,88.0,0.0,74.0,0,82.0,83.0,77.0,74.0,80.0
74,253.0,23.0,0.0,0.0,0.0,72.0,82.0,89.0,76.0,84.0,59.0,65.0,77.0,0.0,81.0,0,70.0,79.0,62.0,73.0,83.0
71,220.0,27.0,0.0,0.0,0.0,72.0,88.0,89.0,86.0,74.0,71.0,60.0,85.0,0.0,83.0,0,78.0,88.0,85.0,74.0,90.0
73,240.0,28.0,0.0,0.0,0.0,72.0,87.0,90.0,77.0,78.0,79.0,64.0,72.0,0.0,86.0,0,76.0,74.0,65.0,76.0,79.0
72,195.0,29.0,3.0,0.0,0.0,72.0,92.0,88.0,92.0,55.0,74.0,65.0,75.0,0.0,55.0,0,80.0,66.0,82.0,87.0,84.0
72,222.0,26.0,14.0,0.0,0.0,72.0,88.0,90.0,83.0,63.0,66.0,66.0,84.0,0.0,81.0,0,82.0,74.0,79.0,81.0,85.0
71,236.0,21.0,24.0,0.0,0.0,72.0,87.0,90.0,81.0,87.0,68.0,64.0,87.0,0.0,91.0,0,80.0,83.0,63.0,73.0,80.0
69,217.0,24.0,37.0,0.0,0.0,72.0,89.0,92.0,86.0,69.0,60.0,71.0,83.0,0.0,82.0,0,81.0,77.0,88.0,76.0,84.0
69,217.0,24.0,0.0,0.0,0.0,72.0,89.0,92.0,86.0,69.0,60.0,71.0,83.0,0.0,82.0,0,81.0,77.0,88.0,76.0,84.0
69,217.0,24.0,1.0,0.0,0.0,72.0,89.0,92.0,86.0,69.0,60.0,71.0,83.0,0.0,82.0,0,81.0,77.0,88.0,76.0,84.0
69,217.0,24.0,0.0,0.0,0.0,72.0,89.0,92.0,86.0,69.0,60.0,71.0,83.0,0.0,82.0,0,81.0,77.0,88.0,76.0,84.0
69,217.0,24.0,20.0,0.0,0.0,72.0,89.0,92.0,86.0,69.0,60.0,71.0,83.0,0.0,82.0,0,81.0,77.0,88.0,76.0,84.0
70,209.0,24.0,6.0,0.0,0.0,72.0,88.0,88.0,91.0,72.0,72.0,60.0,79.0,0.0,56.0,0,84.0,63.0,82.0,86.0,86.0
70,212.0,30.0,4.0,0.0,1.0,71.0,90.0,95.0,89.0,75.0,74.0,63.0,75.0,0.0,52.0,0,74.0,60.0,83.0,84.0,91.0
69,214.0,21.0,7.0,0.0,0.0,71.0,89.0,91.0,89.0,74.0,64.0,67.0,76.0,0.0,78.0,0,77.0,83.0,72.0,82.0,85.0
73,233.0,22.0,48.0,0.0,2.0,71.0,85.0,88.0,79.0,82.0,67.0,66.0,90.0,0.0,84.0,0,80.0,88.0,62.0,73.0,72.0
71,227.0,25.0,10.0,0.0,0.0,71.0,92.0,93.0,86.0,79.0,61.0,64.0,77.0,0.0,83.0,0,80.0,77.0,70.0,80.0,83.0
73,233.0,21.0,17.0,0.0,0.0,71.0,90.0,88.0,86.0,81.0,70.0,57.0,81.0,0.0,81.0,0,77.0,84.0,71.0,78.0,80.0
73,239.0,23.0,1.0,0.0,0.0,70.0,85.0,87.0,85.0,82.0,58.0,72.0,75.0,0.0,76.0,0,72.0,71.0,62.0,68.0,89.0
70,242.0,28.0,5.0,0.0,1.0,70.0,79.0,86.0,72.0,83.0,76.0,65.0,72.0,0.0,67.0,0,61.0,74.0,65.0,62.0,65.0
70,208.0,23.0,10.0,0.0,0.0,70.0,91.0,91.0,89.0,69.0,63.0,62.0,83.0,0.0,80.0,0,81.0,78.0,70.0,72.0,87.0
71,225.0,22.0,0.0,0.0,0.0,70.0,84.0,81.0,79.0,73.0,58.0,64.0,77.0,0.0,77.0,0,83.0,75.0,61.0,66.0,78.0
70,214.0,23.0,6.0,0.0,0.0,70.0,88.0,88.0,90.0,72.0,53.0,68.0,86.0,0.0,79.0,0,76.0,50.0,71.0,82.0,90.0
70,208.0,22.0,18.0,0.0,0.0,70.0,89.0,93.0,92.0,71.0,54.0,67.0,83.0,0.0,84.0,0,75.0,87.0,64.0,84.0,89.0
70,208.0,22.0,64.0,0.0,1.0,70.0,89.0,93.0,92.0,71.0,54.0,67.0,83.0,0.0,84.0,0,75.0,87.0,64.0,84.0,89.0
72,225.0,25.0,3.0,0.0,0.0,70.0,87.0,88.0,82.0,77.0,62.0,60.0,82.0,0.0,89.0,0,84.0,86.0,77.0,77.0,84.0
73,210.0,28.0,0.0,0.0,0.0,70.0,87.0,86.0,89.0,61.0,68.0,65.0,73.0,0.0,65.0,0,81.0,67.0,82.0,86.0,84.0
70,221.0,28.0,0.0,0.0,0.0,69.0,89.0,94.0,87.0,73.0,52.0,62.0,77.0,0.0,66.0,0,82.0,60.0,76.0,85.0,85.0
72,222.0,26.0,10.0,0.0,0.0,69.0,89.0,92.0,80.0,76.0,72.0,55.0,86.0,0.0,79.0,0,74.0,76.0,85.0,75.0,88.0
71,225.0,25.0,0.0,0.0,0.0,69.0,86.0,88.0,84.0,75.0,61.0,61.0,82.0,0.0,81.0,0,75.0,68.0,79.0,84.0,86.0
70,196.0,22.0,0.0,0.0,0.0,69.0,93.0,90.0,93.0,69.0,55.0,69.0,78.0,0.0,62.0,0,78.0,55.0,71.0,83.0,81.0
69,195.0,28.0,4.0,0.0,0.0,69.0,92.0,90.0,92.0,61.0,51.0,62.0,76.0,0.0,51.0,0,84.0,45.0,89.0,87.0,91.0
72,220.0,25.0,7.0,0.0,0.0,69.0,87.0,91.0,80.0,76.0,72.0,48.0,87.0,0.0,86.0,0,79.0,80.0,63.0,76.0,89.0
73,216.0,23.0,33.0,0.0,0.0,69.0,91.0,89.0,92.0,63.0,65.0,65.0,76.0,0.0,53.0,0,81.0,63.0,79.0,83.0,83.0
73,246.0,26.0,1.0,0.0,0.0,69.0,76.0,87.0,71.0,86.0,69.0,62.0,74.0,0.0,76.0,0,68.0,75.0,61.0,62.0,86.0
70,205.0,28.0,0.0,0.0,0.0,69.0,88.0,91.0,88.0,70.0,72.0,64.0,78.0,0.0,56.0,0,77.0,67.0,75.0,82.0,83.0
72,230.0,23.0,0.0,0.0,0.0,69.0,76.0,84.0,75.0,78.0,50.0,73.0,67.0,0.0,76.0,0,63.0,72.0,55.0,63.0,81.0
74,239.0,24.0,22.0,0.0,0.0,69.0,89.0,91.0,85.0,72.0,73.0,63.0,75.0,0.0,82.0,0,77.0,79.0,72.0,80.0,79.0
74,239.0,24.0,9.0,0.0,0.0,69.0,89.0,91.0,85.0,72.0,73.0,63.0,75.0,0.0,82.0,0,77.0,79.0,72.0,80.0,79.0
70,200.0,24.0,0.0,0.0,0.0,69.0,92.0,92.0,89.0,68.0,68.0,62.0,79.0,0.0,46.0,0,79.0,57.0,79.0,87.0,93.0
71,203.0,24.0,0.0,0.0,0.0,68.0,85.0,90.0,86.0,73.0,65.0,52.0,82.0,0.0,81.0,0,84.0,73.0,72.0,76.0,80.0
67,208.0,24.0,0.0,0.0,0.0,68.0,90.0,92.0,86.0,76.0,52.0,65.0,83.0,0.0,83.0,0,77.0,63.0,66.0,82.0,82.0
73,245.0,24.0,0.0,0.0,0.0,68.0,78.0,82.0,72.0,74.0,58.0,72.0,73.0,0.0,60.0,0,62.0,59.0,58.0,61.0,74.0
74,240.0,28.0,28.0,0.0,0.0,68.0,80.0,85.0,70.0,79.0,63.0,58.0,72.0,0.0,68.0,0,65.0,69.0,50.0,55.0,77.0
67,201.0,25.0,0.0,0.0,0.0,68.0,87.0,89.0,83.0,72.0,66.0,59.0,76.0,0.0,86.0,0,78.0,63.0,72.0,82.0,81.0
73,260.0,23.0,0.0,0.0,0.0,68.0,81.0,87.0,70.0,86.0,55.0,52.0,66.0,0.0,72.0,0,67.0,74.0,57.0,65.0,83.0
69,203.0,27.0,5.0,0.0,0.0,68.0,89.0,90.0,91.0,60.0,60.0,63.0,77.0,0.0,61.0,0,81.0,50.0,80.0,87.0,82.0
74,223.0,23.0,4.0,0.0,0.0,68.0,90.0,90.0,86.0,75.0,65.0,62.0,82.0,0.0,56.0,0,75.0,81.0,71.0,79.0,86.0
70,220.0,27.0,5.0,0.0,0.0,68.0,88.0,88.0,83.0,69.0,48.0,54.0,86.0,0.0,79.0,0,86.0,62.0,90.0,79.0,86.0
70,235.0,22.0,44.0,0.0,0.0,68.0,76.0,84.0,74.0,73.0,56.0,68.0,76.0,0.0,78.0,0,74.0,66.0,61.0,74.0,78.0
70,235.0,22.0,0.0,0.0,0.0,68.0,76.0,84.0,74.0,73.0,56.0,68.0,76.0,0.0,78.0,0,74.0,66.0,61.0,74.0,78.0
72,216.0,25.0,0.0,0.0,0.0,67.0,86.0,88.0,81.0,70.0,61.0,61.0,81.0,0.0,83.0,0,81.0,84.0,83.0,72.0,80.0
75,234.0,24.0,0.0,0.0,0.0,67.0,82.0,88.0,78.0,72.0,54.0,65.0,72.0,0.0,71.0,0,64.0,70.0,52.0,61.0,79.0
71,222.0,23.0,0.0,0.0,0.0,67.0,94.0,93.0,87.0,74.0,52.0,60.0,83.0,0.0,47.0,0,78.0,65.0,75.0,80.0,81.0
70,217.0,23.0,17.0,0.0,0.0,67.0,88.0,88.0,91.0,70.0,67.0,55.0,73.0,0.0,66.0,0,78.0,68.0,81.0,84.0,87.0
67,174.0,22.0,0.0,0.0,0.0,67.0,93.0,91.0,92.0,61.0,53.0,63.0,78.0,0.0,68.0,0,75.0,44.0,79.0,81.0,91.0
70,230.0,23.0,0.0,0.0,0.0,66.0,88.0,88.0,85.0,80.0,51.0,60.0,85.0,0.0,86.0,0,78.0,76.0,67.0,75.0,94.0
71,213.0,25.0,0.0,0.0,0.0,66.0,87.0,90.0,86.0,69.0,58.0,64.0,81.0,0.0,72.0,0,76.0,72.0,73.0,77.0,81.0
72,218.0,22.0,29.0,0.0,0.0,66.0,86.0,89.0,78.0,78.0,52.0,61.0,84.0,0.0,85.0,0,78.0,79.0,75.0,73.0,92.0
69,204.0,27.0,0.0,0.0,0.0,66.0,88.0,89.0,88.0,71.0,63.0,60.0,89.0,0.0,78.0,0,79.0,53.0,49.0,74.0,92.0
68,205.0,23.0,0.0,0.0,0.0,65.0,88.0,90.0,89.0,72.0,52.0,55.0,84.0,0.0,62.0,0,75.0,66.0,71.0,81.0,85.0
71,228.0,22.0,0.0,0.0,0.0,65.0,79.0,85.0,84.0,79.0,52.0,63.0,86.0,0.0,86.0,0,80.0,73.0,68.0,77.0,72.0
71,203.0,24.0,0.0,0.0,0.0,65.0,96.0,90.0,85.0,68.0,62.0,58.0,74.0,0.0,58.0,0,76.0,59.0,71.0,76.0,87.0
74,220.0,24.0,0.0,0.0,0.0,65.0,88.0,90.0,81.0,76.0,53.0,62.0,83.0,0.0,77.0,0,78.0,70.0,62.0,79.0,86.0
72,220.0,21.0,0.0,0.0,0.0,65.0,87.0,90.0,82.0,78.0,54.0,62.0,77.0,0.0,83.0,0,76.0,82.0,76.0,78.0,77.0
71,227.0,24.0,0.0,0.0,0.0,65.0,89.0,92.0,84.0,71.0,53.0,49.0,85.0,0.0,83.0,0,79.0,77.0,77.0,76.0,84.0
69,195.0,25.0,2.0,0.0,0.0,65.0,86.0,88.0,85.0,66.0,52.0,60.0,81.0,0.0,37.0,0,85.0,46.0,80.0,86.0,79.0
71,200.0,23.0,0.0,0.0,0.0,65.0,86.0,89.0,85.0,71.0,51.0,63.0,87.0,0.0,38.0,0,81.0,58.0,72.0,83.0,84.0
71,200.0,23.0,6.0,0.0,0.0,64.0,92.0,92.0,84.0,75.0,56.0,62.0,78.0,0.0,42.0,0,76.0,71.0,67.0,81.0,94.0
73,220.0,23.0,0.0,0.0,0.0,64.0,84.0,90.0,84.0,76.0,48.0,63.0,85.0,0.0,82.0,0,68.0,68.0,75.0,81.0,85.0
72,223.0,23.0,5.0,0.0,0.0,64.0,86.0,89.0,88.0,67.0,57.0,57.0,73.0,0.0,79.0,0,79.0,79.0,66.0,81.0,86.0
68,214.0,24.0,0.0,0.0,0.0,64.0,86.0,88.0,74.0,74.0,47.0,57.0,84.0,0.0,72.0,0,78.0,71.0,72.0,82.0,87.0
73,198.0,21.0,0.0,0.0,0.0,64.0,88.0,91.0,91.0,65.0,52.0,61.0,73.0,0.0,61.0,0,77.0,61.0,82.0,86.0,74.0
70,185.0,23.0,2.0,0.0,0.0,64.0,92.0,91.0,87.0,64.0,53.0,58.0,78.0,0.0,56.0,0,80.0,61.0,70.0,81.0,91.0
73,220.0,24.0,0.0,0.0,0.0,63.0,90.0,92.0,87.0,72.0,58.0,60.0,76.0,0.0,70.0,0,68.0,68.0,73.0,71.0,90.0
68,205.0,22.0,0.0,0.0,0.0,63.0,84.0,89.0,85.0,67.0,54.0,67.0,81.0,0.0,42.0,0,80.0,65.0,69.0,83.0,70.0
75,231.0,25.0,16.0,0.0,0.0,63.0,86.0,88.0,82.0,80.0,57.0,59.0,71.0,0.0,78.0,0,80.0,83.0,64.0,72.0,86.0
75,231.0,25.0,0.0,0.0,1.0,63.0,86.0,88.0,82.0,80.0,57.0,59.0,71.0,0.0,78.0,0,80.0,83.0,64.0,72.0,86.0
75,255.0,24.0,0.0,0.0,0.0,63.0,80.0,86.0,73.0,76.0,61.0,51.0,66.0,0.0,74.0,0,52.0,66.0,46.0,59.0,80.0
72,245.0,24.0,0.0,0.0,0.0,63.0,76.0,83.0,78.0,81.0,53.0,59.0,71.0,0.0,77.0,0,48.0,71.0,49.0,51.0,74.0
72,195.0,23.0,0.0,0.0,0.0,63.0,90.0,93.0,89.0,64.0,44.0,71.0,77.0,0.0,68.0,0,71.0,68.0,73.0,74.0,85.0
73,205.0,24.0,0.0,0.0,0.0,63.0,90.0,92.0,84.0,69.0,54.0,59.0,80.0,0.0,50.0,0,70.0,58.0,84.0,83.0,88.0
70,187.0,24.0,0.0,0.0,0.0,63.0,88.0,89.0,89.0,69.0,58.0,74.0,68.0,0.0,51.0,0,75.0,58.0,79.0,81.0,87.0
72,211.0,25.0,0.0,0.0,0.0,62.0,92.0,89.0,92.0,67.0,51.0,62.0,75.0,0.0,44.0,0,76.0,51.0,76.0,74.0,87.0
70,197.0,23.0,0.0,0.0,0.0,62.0,87.0,93.0,87.0,53.0,51.0,66.0,68.0,0.0,55.0,0,75.0,58.0,82.0,89.0,82.0
71,225.0,23.0,0.0,0.0,0.0,61.0,86.0,89.0,80.0,74.0,56.0,55.0,75.0,0.0,77.0,0,74.0,72.0,71.0,73.0,78.0
74,234.0,24.0,1.0,0.0,0.0,61.0,81.0,86.0,75.0,74.0,54.0,69.0,75.0,0.0,77.0,0,72.0,74.0,62.0,70.0,83.0
71,203.0,23.0,0.0,0.0,0.0,61.0,88.0,90.0,85.0,63.0,48.0,73.0,74.0,0.0,74.0,0,68.0,74.0,74.0,78.0,84.0
70,200.0,24.0,0.0,0.0,0.0,61.0,91.0,92.0,89.0,69.0,53.0,55.0,72.0,0.0,59.0,0,67.0,72.0,76.0,77.0,82.0
71,224.0,25.0,0.0,0.0,0.0,61.0,82.0,86.0,88.0,67.0,50.0,52.0,77.0,0.0,83.0,0,82.0,74.0,76.0,73.0,87.0
70,195.0,25.0,0.0,0.0,0.0,60.0,93.0,94.0,87.0,67.0,56.0,60.0,69.0,0.0,56.0,0,62.0,62.0,76.0,79.0,90.0
69,219.0,24.0,0.0,0.0,0.0,57.0,86.0,88.0,82.0,75.0,45.0,55.0,74.0,0.0,72.0,0,67.0,72.0,76.0,76.0,89.0
71,218.0,25.0,0.0,0.0,0.0,54.0,87.0,86.0,80.0,60.0,48.0,58.0,65.0,0.0,47.0,0,82.0,61.0,76.0,80.0,77.0
0,0.0,0.0,61.0,2.0,3.0,96.0,90.0,93.0,95.0,77.0,98.0,0.0,88.0,92.0,90.0,0,96.0,92.0,90.0,96.0,92.0
0,0.0,0.0,3.0,0.0,0.0,93.0,92.0,91.0,93.0,83.0,95.0,0.0,85.0,96.0,89.0,0,95.0,91.0,83.0,94.0,91.0
0,0.0,0.0,42.0,1.0,1.0,93.0,92.0,91.0,93.0,83.0,95.0,0.0,85.0,96.0,89.0,0,95.0,91.0,83.0,94.0,91.0
0,0.0,0.0,68.0,1.0,3.0,92.0,92.0,91.0,95.0,81.0,93.0,0.0,89.0,94.0,79.0,0,93.0,89.0,86.0,92.0,89.0
0,0.0,0.0,0.0,0.0,0.0,92.0,92.0,92.0,94.0,70.0,96.0,0.0,86.0,93.0,84.0,0,94.0,89.0,83.0,90.0,89.0
0,0.0,0.0,49.0,0.0,2.0,91.0,92.0,91.0,95.0,76.0,89.0,0.0,85.0,89.0,86.0,0,90.0,74.0,88.0,95.0,87.0
0,0.0,0.0,83.0,2.0,6.0,90.0,90.0,92.0,96.0,66.0,88.0,0.0,86.0,89.0,54.0,0,90.0,65.0,90.0,92.0,89.0
0,0.0,0.0,0.0,0.0,0.0,89.0,92.0,90.0,92.0,71.0,89.0,0.0,94.0,88.0,77.0,0,89.0,85.0,81.0,94.0,85.0
0,0.0,0.0,49.0,0.0,1.0,89.0,90.0,92.0,90.0,77.0,95.0,0.0,97.0,88.0,84.0,0,91.0,82.0,79.0,91.0,87.0
0,0.0,0.0,76.0,0.0,5.0,88.0,90.0,93.0,93.0,70.0,82.0,0.0,86.0,90.0,85.0,0,86.0,83.0,84.0,93.0,92.0
0,0.0,0.0,38.0,0.0,0.0,87.0,91.0,91.0,88.0,84.0,88.0,0.0,91.0,89.0,95.0,0,83.0,85.0,79.0,85.0,71.0
0,0.0,0.0,31.0,0.0,0.0,87.0,90.0,92.0,95.0,62.0,81.0,0.0,88.0,86.0,61.0,0,83.0,75.0,88.0,91.0,79.0
0,0.0,0.0,0.0,0.0,0.0,87.0,85.0,91.0,83.0,86.0,85.0,0.0,90.0,83.0,97.0,0,88.0,93.0,79.0,84.0,95.0
0,0.0,0.0,74.0,2.0,3.0,87.0,91.0,92.0,96.0,74.0,77.0,0.0,89.0,79.0,54.0,0,79.0,71.0,86.0,92.0,89.0
0,0.0,0.0,76.0,1.0,5.0,86.0,89.0,88.0,87.0,85.0,87.0,0.0,95.0,87.0,90.0,0,82.0,88.0,72.0,84.0,88.0
0,0.0,0.0,19.0,0.0,1.0,86.0,88.0,90.0,91.0,79.0,91.0,0.0,88.0,90.0,85.0,0,89.0,87.0,80.0,90.0,88.0
0,0.0,0.0,33.0,0.0,0.0,86.0,94.0,92.0,95.0,74.0,83.0,0.0,87.0,83.0,78.0,0,86.0,77.0,82.0,89.0,84.0
0,0.0,0.0,0.0,0.0,0.0,86.0,88.0,91.0,88.0,80.0,97.0,0.0,87.0,88.0,88.0,0,92.0,84.0,78.0,91.0,80.0
0,0.0,0.0,42.0,0.0,1.0,85.0,91.0,91.0,94.0,68.0,84.0,0.0,89.0,86.0,72.0,0,83.0,73.0,80.0,89.0,89.0
0,0.0,0.0,74.0,1.0,5.0,85.0,88.0,88.0,86.0,88.0,87.0,0.0,90.0,79.0,93.0,0,87.0,91.0,74.0,84.0,84.0
0,0.0,0.0,52.0,0.0,4.0,85.0,90.0,92.0,93.0,74.0,76.0,0.0,87.0,91.0,75.0,0,87.0,81.0,85.0,87.0,75.0
0,0.0,0.0,27.0,0.0,1.0,85.0,90.0,91.0,89.0,83.0,92.0,0.0,94.0,84.0,88.0,0,88.0,82.0,75.0,84.0,86.0
0,0.0,0.0,32.0,0.0,0.0,85.0,93.0,93.0,96.0,73.0,81.0,0.0,85.0,85.0,59.0,0,81.0,53.0,78.0,91.0,95.0
0,0.0,0.0,42.0,0.0,0.0,84.0,91.0,94.0,95.0,63.0,77.0,0.0,87.0,79.0,52.0,0,79.0,64.0,90.0,91.0,83.0
0,0.0,0.0,24.0,0.0,0.0,84.0,87.0,90.0,94.0,59.0,81.0,0.0,82.0,86.0,53.0,0,82.0,71.0,80.0,92.0,81.0
0,0.0,0.0,1.0,0.0,0.0,84.0,91.0,94.0,91.0,63.0,79.0,0.0,86.0,82.0,53.0,0,82.0,57.0,85.0,94.0,86.0
0,0.0,0.0,20.0,0.0,0.0,84.0,91.0,94.0,91.0,63.0,79.0,0.0,86.0,82.0,53.0,0,82.0,57.0,85.0,94.0,86.0
0,0.0,0.0,20.0,1.0,9.0,84.0,82.0,88.0,80.0,79.0,84.0,0.0,76.0,64.0,84.0,0,81.0,81.0,72.0,76.0,89.0
0,0.0,0.0,36.0,0.0,0.0,83.0,89.0,92.0,90.0,68.0,83.0,0.0,85.0,84.0,62.0,0,83.0,67.0,85.0,87.0,83.0
0,0.0,0.0,37.0,0.0,0.0,83.0,89.0,92.0,90.0,68.0,83.0,0.0,85.0,84.0,62.0,0,83.0,67.0,85.0,87.0,83.0
0,0.0,0.0,0.0,0.0,0.0,83.0,90.0,90.0,94.0,70.0,81.0,0.0,80.0,82.0,61.0,0,84.0,87.0,84.0,92.0,85.0
0,0.0,0.0,62.0,0.0,3.0,83.0,86.0,90.0,94.0,65.0,81.0,0.0,87.0,82.0,42.0,0,82.0,59.0,84.0,93.0,69.0
0,0.0,0.0,48.0,0.0,1.0,83.0,86.0,91.0,88.0,81.0,93.0,0.0,85.0,87.0,86.0,0,88.0,86.0,72.0,84.0,88.0
0,0.0,0.0,0.0,0.0,0.0,83.0,86.0,91.0,88.0,81.0,93.0,0.0,85.0,87.0,86.0,0,88.0,86.0,72.0,84.0,88.0
0,0.0,0.0,21.0,1.0,1.0,83.0,92.0,92.0,95.0,62.0,73.0,0.0,79.0,87.0,65.0,0,78.0,63.0,85.0,93.0,77.0
0,0.0,0.0,33.0,0.0,0.0,82.0,91.0,89.0,93.0,66.0,84.0,0.0,85.0,79.0,64.0,0,85.0,71.0,83.0,89.0,83.0
0,0.0,0.0,32.0,0.0,0.0,82.0,88.0,91.0,91.0,82.0,87.0,0.0,82.0,83.0,86.0,0,83.0,85.0,87.0,89.0,84.0
0,0.0,0.0,58.0,1.0,3.0,82.0,92.0,93.0,94.0,82.0,70.0,0.0,87.0,83.0,83.0,0,79.0,83.0,86.0,91.0,93.0
0,0.0,0.0,21.0,0.0,0.0,82.0,89.0,95.0,90.0,73.0,77.0,0.0,82.0,85.0,62.0,0,79.0,67.0,86.0,92.0,91.0
0,0.0,0.0,44.0,0.0,1.0,82.0,91.0,93.0,89.0,72.0,87.0,0.0,84.0,81.0,87.0,0,86.0,88.0,82.0,89.0,88.0
0,0.0,0.0,17.0,0.0,0.0,81.0,89.0,89.0,92.0,74.0,85.0,0.0,82.0,85.0,79.0,0,85.0,77.0,84.0,88.0,87.0
0,0.0,0.0,56.0,0.0,2.0,81.0,91.0,93.0,91.0,75.0,78.0,0.0,84.0,83.0,76.0,0,84.0,84.0,82.0,87.0,84.0
0,0.0,0.0,0.0,0.0,0.0,81.0,92.0,92.0,92.0,64.0,76.0,0.0,83.0,85.0,60.0,0,80.0,59.0,83.0,85.0,82.0
0,0.0,0.0,17.0,0.0,0.0,81.0,90.0,94.0,89.0,69.0,75.0,0.0,81.0,82.0,72.0,0,80.0,76.0,80.0,88.0,92.0
0,0.0,0.0,0.0,0.0,0.0,81.0,89.0,90.0,89.0,72.0,87.0,0.0,92.0,81.0,86.0,0,84.0,77.0,76.0,88.0,83.0
0,0.0,0.0,0.0,0.0,0.0,80.0,88.0,89.0,86.0,84.0,84.0,0.0,83.0,75.0,91.0,0,85.0,92.0,84.0,81.0,72.0
0,0.0,0.0,26.0,0.0,0.0,80.0,94.0,94.0,93.0,49.0,72.0,0.0,77.0,77.0,28.0,0,78.0,44.0,83.0,92.0,85.0
0,0.0,0.0,0.0,0.0,0.0,79.0,88.0,92.0,86.0,75.0,86.0,0.0,87.0,77.0,83.0,0,83.0,74.0,79.0,90.0,89.0
0,0.0,0.0,26.0,0.0,0.0,79.0,88.0,91.0,87.0,76.0,87.0,0.0,89.0,83.0,73.0,0,83.0,78.0,80.0,78.0,74.0
0,0.0,0.0,17.0,0.0,0.0,79.0,87.0,90.0,87.0,73.0,86.0,0.0,87.0,79.0,88.0,0,86.0,84.0,81.0,84.0,87.0
0,0.0,0.0,0.0,0.0,0.0,79.0,91.0,94.0,85.0,66.0,78.0,0.0,85.0,83.0,73.0,0,80.0,79.0,82.0,87.0,96.0
0,0.0,0.0,0.0,0.0,0.0,79.0,91.0,91.0,88.0,67.0,77.0,0.0,82.0,86.0,72.0,0,81.0,72.0,82.0,86.0,86.0
0,0.0,0.0,6.0,0.0,0.0,79.0,89.0,92.0,89.0,60.0,77.0,0.0,84.0,82.0,58.0,0,83.0,62.0,79.0,87.0,90.0
0,0.0,0.0,21.0,0.0,0.0,78.0,84.0,89.0,88.0,68.0,83.0,0.0,88.0,80.0,75.0,0,84.0,71.0,81.0,84.0,91.0
0,0.0,0.0,0.0,0.0,0.0,78.0,71.0,75.0,78.0,90.0,71.0,0.0,68.0,56.0,68.0,0,64.0,69.0,59.0,62.0,81.0
0,0.0,0.0,20.0,0.0,0.0,78.0,88.0,90.0,86.0,74.0,80.0,0.0,85.0,81.0,77.0,0,81.0,77.0,82.0,90.0,87.0
0,0.0,0.0,2.0,0.0,0.0,78.0,89.0,91.0,93.0,80.0,58.0,0.0,91.0,84.0,91.0,0,83.0,85.0,81.0,85.0,77.0
0,0.0,0.0,11.0,0.0,0.0,77.0,88.0,89.0,89.0,74.0,90.0,0.0,88.0,82.0,83.0,0,84.0,78.0,71.0,82.0,76.0
0,0.0,0.0,21.0,0.0,0.0,77.0,90.0,92.0,93.0,75.0,65.0,0.0,85.0,79.0,82.0,0,81.0,81.0,77.0,88.0,76.0
0,0.0,0.0,20.0,0.0,0.0,77.0,89.0,93.0,92.0,69.0,75.0,0.0,82.0,78.0,60.0,0,84.0,72.0,75.0,87.0,85.0
0,0.0,0.0,0.0,0.0,0.0,77.0,87.0,90.0,88.0,76.0,82.0,0.0,88.0,82.0,79.0,0,82.0,84.0,77.0,86.0,78.0
0,0.0,0.0,0.0,0.0,0.0,77.0,93.0,93.0,94.0,68.0,56.0,0.0,88.0,76.0,67.0,0,81.0,78.0,76.0,89.0,87.0
0,0.0,0.0,0.0,0.0,0.0,77.0,89.0,90.0,85.0,67.0,80.0,0.0,82.0,82.0,63.0,0,79.0,66.0,81.0,86.0,88.0
0,0.0,0.0,0.0,0.0,0.0,77.0,88.0,89.0,91.0,69.0,73.0,0.0,85.0,78.0,57.0,0,79.0,64.0,81.0,85.0,87.0
0,0.0,0.0,94.0,0.0,5.0,76.0,82.0,88.0,83.0,76.0,98.0,0.0,86.0,77.0,83.0,0,87.0,82.0,77.0,83.0,74.0
0,0.0,0.0,0.0,0.0,0.0,76.0,70.0,80.0,69.0,87.0,84.0,0.0,76.0,22.0,78.0,0,49.0,71.0,46.0,55.0,64.0
0,0.0,0.0,21.0,0.0,0.0,76.0,88.0,91.0,84.0,79.0,84.0,0.0,85.0,77.0,83.0,0,83.0,86.0,78.0,83.0,80.0
0,0.0,0.0,47.0,0.0,4.0,76.0,88.0,90.0,83.0,85.0,63.0,0.0,89.0,82.0,87.0,0,82.0,82.0,74.0,85.0,91.0
0,0.0,0.0,19.0,0.0,0.0,76.0,88.0,90.0,89.0,70.0,80.0,0.0,82.0,81.0,78.0,0,83.0,62.0,72.0,83.0,82.0
0,0.0,0.0,0.0,0.0,0.0,76.0,96.0,90.0,93.0,68.0,77.0,0.0,79.0,77.0,59.0,0,81.0,64.0,73.0,79.0,87.0
0,0.0,0.0,48.0,0.0,0.0,76.0,87.0,87.0,89.0,79.0,87.0,0.0,87.0,76.0,85.0,0,82.0,81.0,74.0,83.0,88.0
0,0.0,0.0,39.0,1.0,2.0,76.0,87.0,87.0,89.0,79.0,87.0,0.0,87.0,76.0,85.0,0,82.0,81.0,74.0,83.0,88.0
0,0.0,0.0,0.0,0.0,0.0,76.0,90.0,90.0,89.0,65.0,76.0,0.0,82.0,83.0,72.0,0,82.0,67.0,73.0,84.0,85.0
0,0.0,0.0,24.0,0.0,0.0,76.0,87.0,90.0,83.0,87.0,77.0,0.0,87.0,71.0,92.0,0,81.0,83.0,67.0,77.0,80.0
0,0.0,0.0,4.0,0.0,0.0,76.0,91.0,90.0,92.0,61.0,65.0,0.0,74.0,82.0,51.0,0,76.0,45.0,88.0,86.0,91.0
0,0.0,0.0,0.0,0.0,0.0,76.0,93.0,92.0,89.0,73.0,73.0,0.0,86.0,78.0,65.0,0,80.0,64.0,75.0,87.0,95.0
0,0.0,0.0,13.0,0.0,0.0,76.0,90.0,90.0,91.0,71.0,62.0,0.0,90.0,78.0,70.0,0,82.0,80.0,73.0,86.0,79.0
0,0.0,0.0,17.0,0.0,0.0,75.0,90.0,88.0,87.0,81.0,82.0,0.0,82.0,75.0,85.0,0,83.0,84.0,71.0,79.0,80.0
0,0.0,0.0,5.0,0.0,1.0,75.0,78.0,86.0,72.0,83.0,83.0,0.0,72.0,37.0,68.0,0,67.0,74.0,63.0,66.0,65.0
0,0.0,0.0,0.0,0.0,0.0,75.0,91.0,93.0,94.0,57.0,60.0,0.0,78.0,77.0,59.0,0,83.0,64.0,78.0,90.0,81.0
0,0.0,0.0,18.0,0.0,0.0,75.0,89.0,93.0,92.0,71.0,78.0,0.0,86.0,76.0,82.0,0,81.0,87.0,73.0,84.0,89.0
0,0.0,0.0,64.0,0.0,1.0,75.0,89.0,93.0,92.0,71.0,78.0,0.0,86.0,76.0,82.0,0,81.0,87.0,73.0,84.0,89.0
0,0.0,0.0,0.0,0.0,0.0,75.0,86.0,89.0,86.0,77.0,83.0,0.0,89.0,76.0,86.0,0,85.0,77.0,74.0,82.0,75.0
0,0.0,0.0,33.0,0.0,0.0,75.0,88.0,88.0,87.0,75.0,78.0,0.0,89.0,79.0,81.0,0,83.0,86.0,79.0,77.0,80.0
0,0.0,0.0,11.0,0.0,0.0,75.0,87.0,89.0,88.0,69.0,76.0,0.0,85.0,74.0,74.0,0,79.0,78.0,80.0,88.0,82.0
0,0.0,0.0,29.0,0.0,0.0,75.0,87.0,89.0,82.0,78.0,78.0,0.0,88.0,78.0,86.0,0,84.0,80.0,77.0,76.0,92.0
0,0.0,0.0,0.0,0.0,0.0,74.0,87.0,86.0,89.0,61.0,73.0,0.0,77.0,79.0,65.0,0,81.0,67.0,82.0,87.0,84.0
0,0.0,0.0,3.0,0.0,0.0,74.0,92.0,88.0,92.0,55.0,68.0,0.0,75.0,79.0,55.0,0,78.0,66.0,81.0,86.0,84.0
0,0.0,0.0,14.0,0.0,0.0,74.0,88.0,90.0,85.0,63.0,79.0,0.0,87.0,74.0,81.0,0,82.0,74.0,79.0,85.0,85.0
0,0.0,0.0,5.0,0.0,0.0,74.0,87.0,90.0,89.0,73.0,75.0,0.0,82.0,79.0,84.0,0,84.0,76.0,73.0,83.0,89.0
0,0.0,0.0,25.0,0.0,0.0,74.0,93.0,93.0,90.0,61.0,57.0,0.0,83.0,69.0,45.0,0,75.0,75.0,85.0,87.0,85.0
0,0.0,0.0,12.0,0.0,0.0,74.0,91.0,92.0,92.0,71.0,72.0,0.0,79.0,79.0,73.0,0,83.0,66.0,70.0,83.0,86.0
0,0.0,0.0,0.0,0.0,0.0,74.0,89.0,87.0,84.0,75.0,78.0,0.0,84.0,79.0,86.0,0,81.0,73.0,81.0,85.0,75.0
0,0.0,0.0,0.0,0.0,0.0,73.0,90.0,88.0,88.0,76.0,75.0,0.0,87.0,75.0,84.0,0,79.0,77.0,77.0,84.0,86.0
0,0.0,0.0,48.0,0.0,2.0,73.0,85.0,88.0,79.0,82.0,72.0,0.0,90.0,71.0,84.0,0,80.0,88.0,62.0,73.0,72.0
0,0.0,0.0,13.0,0.0,0.0,73.0,88.0,89.0,82.0,78.0,66.0,0.0,84.0,81.0,86.0,0,81.0,84.0,68.0,80.0,82.0
0,0.0,0.0,11.0,0.0,0.0,73.0,88.0,88.0,82.0,81.0,65.0,0.0,89.0,80.0,84.0,0,80.0,83.0,72.0,83.0,93.0
0,0.0,0.0,0.0,0.0,0.0,73.0,83.0,88.0,78.0,67.0,66.0,0.0,84.0,41.0,85.0,0,82.0,77.0,74.0,73.0,79.0
0,0.0,0.0,37.0,0.0,0.0,73.0,89.0,92.0,86.0,69.0,76.0,0.0,87.0,73.0,81.0,0,81.0,77.0,85.0,77.0,84.0
0,0.0,0.0,0.0,0.0,0.0,73.0,89.0,92.0,86.0,69.0,76.0,0.0,87.0,73.0,81.0,0,81.0,77.0,85.0,77.0,84.0
0,0.0,0.0,1.0,0.0,0.0,73.0,89.0,92.0,86.0,69.0,76.0,0.0,87.0,73.0,81.0,0,81.0,77.0,85.0,77.0,84.0
0,0.0,0.0,0.0,0.0,0.0,73.0,89.0,92.0,86.0,69.0,76.0,0.0,87.0,73.0,81.0,0,81.0,77.0,85.0,77.0,84.0
0,0.0,0.0,20.0,0.0,0.0,73.0,89.0,92.0,86.0,69.0,76.0,0.0,87.0,73.0,81.0,0,81.0,77.0,85.0,77.0,84.0
0,0.0,0.0,6.0,0.0,0.0,72.0,89.0,89.0,90.0,72.0,62.0,0.0,85.0,83.0,79.0,0,78.0,52.0,71.0,82.0,90.0
0,0.0,0.0,0.0,0.0,0.0,72.0,87.0,90.0,86.0,65.0,62.0,0.0,82.0,77.0,66.0,0,77.0,79.0,81.0,88.0,77.0
0,0.0,0.0,24.0,0.0,0.0,72.0,87.0,89.0,91.0,62.0,73.0,0.0,88.0,76.0,82.0,0,79.0,62.0,71.0,83.0,75.0
0,0.0,0.0,11.0,0.0,0.0,72.0,92.0,90.0,92.0,71.0,54.0,0.0,83.0,74.0,52.0,0,76.0,56.0,83.0,87.0,91.0
0,0.0,0.0,6.0,0.0,0.0,72.0,91.0,91.0,80.0,74.0,65.0,0.0,82.0,78.0,50.0,0,80.0,81.0,82.0,86.0,87.0
0,0.0,0.0,0.0,0.0,0.0,72.0,93.0,90.0,93.0,69.0,65.0,0.0,78.0,78.0,62.0,0,78.0,55.0,71.0,83.0,81.0
0,0.0,0.0,6.0,0.0,0.0,71.0,90.0,92.0,87.0,77.0,60.0,0.0,87.0,79.0,85.0,0,77.0,78.0,71.0,84.0,88.0
0,0.0,0.0,9.0,0.0,0.0,71.0,90.0,92.0,90.0,78.0,77.0,0.0,75.0,69.0,82.0,0,81.0,84.0,80.0,84.0,94.0
0,0.0,0.0,16.0,0.0,0.0,71.0,90.0,89.0,84.0,82.0,77.0,0.0,84.0,74.0,82.0,0,82.0,75.0,75.0,80.0,87.0
0,0.0,0.0,0.0,0.0,0.0,71.0,92.0,92.0,89.0,68.0,68.0,0.0,79.0,70.0,46.0,0,79.0,57.0,79.0,87.0,93.0
0,0.0,0.0,12.0,0.0,0.0,71.0,89.0,90.0,89.0,62.0,66.0,0.0,78.0,71.0,75.0,0,78.0,73.0,78.0,86.0,91.0
0,0.0,0.0,0.0,0.0,0.0,71.0,86.0,90.0,77.0,78.0,75.0,0.0,72.0,47.0,86.0,0,77.0,74.0,65.0,76.0,79.0
0,0.0,0.0,2.0,0.0,0.0,71.0,88.0,91.0,85.0,78.0,58.0,0.0,85.0,78.0,89.0,0,75.0,85.0,67.0,74.0,93.0
0,0.0,0.0,16.0,0.0,0.0,71.0,86.0,88.0,83.0,80.0,76.0,0.0,84.0,73.0,81.0,0,82.0,83.0,73.0,80.0,86.0
0,0.0,0.0,0.0,0.0,1.0,71.0,86.0,88.0,83.0,80.0,76.0,0.0,84.0,73.0,81.0,0,82.0,83.0,73.0,80.0,86.0
0,0.0,0.0,0.0,0.0,0.0,71.0,94.0,93.0,87.0,74.0,52.0,0.0,83.0,78.0,47.0,0,78.0,65.0,75.0,80.0,81.0
0,0.0,0.0,0.0,0.0,0.0,71.0,87.0,90.0,83.0,75.0,79.0,0.0,85.0,75.0,78.0,0,82.0,72.0,73.0,78.0,78.0
0,0.0,0.0,21.0,0.0,0.0,71.0,88.0,91.0,90.0,64.0,58.0,0.0,84.0,70.0,51.0,0,76.0,65.0,82.0,86.0,82.0
0,0.0,0.0,5.0,0.0,0.0,71.0,90.0,90.0,86.0,69.0,66.0,0.0,75.0,77.0,80.0,0,81.0,75.0,77.0,82.0,86.0
0,0.0,0.0,0.0,0.0,0.0,71.0,92.0,89.0,91.0,72.0,62.0,0.0,77.0,77.0,80.0,0,81.0,64.0,75.0,86.0,84.0
0,0.0,0.0,0.0,0.0,0.0,71.0,92.0,89.0,91.0,72.0,62.0,0.0,77.0,77.0,80.0,0,81.0,64.0,75.0,86.0,84.0
0,0.0,0.0,0.0,0.0,0.0,71.0,92.0,89.0,91.0,72.0,62.0,0.0,77.0,77.0,80.0,0,81.0,64.0,75.0,86.0,84.0
0,0.0,0.0,2.0,0.0,0.0,71.0,92.0,89.0,91.0,72.0,62.0,0.0,77.0,77.0,80.0,0,81.0,64.0,75.0,86.0,84.0
0,0.0,0.0,0.0,0.0,0.0,71.0,92.0,89.0,91.0,72.0,62.0,0.0,77.0,77.0,80.0,0,81.0,64.0,75.0,86.0,84.0
0,0.0,0.0,0.0,0.0,0.0,71.0,92.0,89.0,91.0,72.0,62.0,0.0,77.0,77.0,80.0,0,81.0,64.0,75.0,86.0,84.0
0,0.0,0.0,2.0,0.0,0.0,70.0,92.0,94.0,87.0,61.0,60.0,0.0,80.0,61.0,46.0,0,76.0,65.0,78.0,83.0,90.0
0,0.0,0.0,2.0,0.0,0.0,70.0,86.0,88.0,85.0,66.0,57.0,0.0,81.0,80.0,37.0,0,76.0,46.0,80.0,86.0,79.0
0,0.0,0.0,8.0,0.0,0.0,70.0,88.0,91.0,90.0,65.0,61.0,0.0,85.0,70.0,81.0,0,76.0,73.0,75.0,86.0,88.0
0,0.0,0.0,0.0,0.0,0.0,70.0,87.0,88.0,81.0,78.0,75.0,0.0,87.0,71.0,83.0,0,80.0,81.0,71.0,81.0,90.0
0,0.0,0.0,0.0,0.0,0.0,70.0,87.0,89.0,84.0,77.0,81.0,0.0,84.0,60.0,86.0,0,83.0,83.0,77.0,82.0,84.0
0,0.0,0.0,0.0,0.0,0.0,70.0,88.0,91.0,88.0,70.0,72.0,0.0,78.0,73.0,56.0,0,77.0,67.0,75.0,82.0,83.0
0,0.0,0.0,0.0,0.0,0.0,70.0,88.0,91.0,91.0,65.0,52.0,0.0,73.0,80.0,61.0,0,77.0,61.0,82.0,86.0,74.0
0,0.0,0.0,5.0,0.0,0.0,70.0,85.0,90.0,80.0,75.0,63.0,0.0,81.0,84.0,87.0,0,78.0,84.0,75.0,84.0,84.0
0,0.0,0.0,1.0,0.0,0.0,70.0,85.0,90.0,80.0,75.0,63.0,0.0,81.0,84.0,87.0,0,78.0,84.0,75.0,84.0,84.0
0,0.0,0.0,0.0,0.0,0.0,70.0,84.0,87.0,80.0,74.0,65.0,0.0,75.0,61.0,81.0,0,71.0,76.0,68.0,68.0,80.0
0,0.0,0.0,5.0,0.0,0.0,69.0,88.0,88.0,83.0,69.0,53.0,0.0,86.0,76.0,79.0,0,85.0,62.0,90.0,79.0,86.0
0,0.0,0.0,0.0,0.0,0.0,69.0,83.0,87.0,88.0,77.0,70.0,0.0,79.0,55.0,78.0,0,75.0,74.0,68.0,70.0,88.0
0,0.0,0.0,0.0,0.0,0.0,69.0,87.0,93.0,87.0,53.0,51.0,0.0,68.0,82.0,55.0,0,75.0,58.0,82.0,89.0,82.0
0,0.0,0.0,0.0,0.0,0.0,69.0,89.0,92.0,84.0,73.0,71.0,0.0,86.0,73.0,83.0,0,79.0,77.0,76.0,78.0,84.0
0,0.0,0.0,0.0,0.0,0.0,68.0,87.0,89.0,86.0,74.0,76.0,0.0,85.0,63.0,83.0,0,79.0,85.0,82.0,75.0,90.0
0,0.0,0.0,0.0,0.0,0.0,68.0,83.0,88.0,74.0,75.0,52.0,0.0,73.0,52.0,76.0,0,68.0,67.0,52.0,62.0,79.0
0,0.0,0.0,0.0,0.0,0.0,68.0,76.0,86.0,78.0,72.0,78.0,0.0,78.0,48.0,65.0,0,68.0,62.0,60.0,61.0,82.0
0,0.0,0.0,1.0,0.0,0.0,68.0,79.0,88.0,77.0,75.0,73.0,0.0,71.0,37.0,78.0,0,76.0,75.0,68.0,75.0,80.0
0,0.0,0.0,0.0,0.0,0.0,68.0,79.0,88.0,77.0,75.0,73.0,0.0,71.0,37.0,78.0,0,76.0,75.0,68.0,75.0,80.0
0,0.0,0.0,25.0,0.0,0.0,68.0,82.0,87.0,81.0,79.0,72.0,0.0,80.0,68.0,83.0,0,85.0,86.0,77.0,83.0,66.0
0,0.0,0.0,7.0,0.0,0.0,68.0,87.0,88.0,83.0,70.0,55.0,0.0,78.0,69.0,76.0,0,79.0,72.0,70.0,78.0,83.0
0,0.0,0.0,18.0,0.0,0.0,68.0,86.0,90.0,79.0,67.0,76.0,0.0,85.0,71.0,83.0,0,82.0,82.0,74.0,80.0,81.0
0,0.0,0.0,0.0,0.0,0.0,68.0,88.0,91.0,90.0,54.0,51.0,0.0,78.0,64.0,58.0,0,74.0,69.0,85.0,86.0,81.0
0,0.0,0.0,10.0,0.0,0.0,68.0,91.0,91.0,89.0,69.0,67.0,0.0,84.0,66.0,80.0,0,82.0,78.0,71.0,74.0,87.0
0,0.0,0.0,0.0,0.0,0.0,68.0,90.0,90.0,83.0,71.0,58.0,0.0,77.0,76.0,71.0,0,76.0,66.0,79.0,83.0,85.0
0,0.0,0.0,0.0,0.0,0.0,68.0,90.0,92.0,84.0,69.0,54.0,0.0,80.0,77.0,50.0,0,70.0,58.0,84.0,83.0,88.0
0,0.0,0.0,0.0,0.0,0.0,67.0,75.0,84.0,73.0,74.0,81.0,0.0,74.0,50.0,73.0,0,68.0,70.0,73.0,72.0,73.0
0,0.0,0.0,0.0,0.0,0.0,67.0,89.0,89.0,85.0,71.0,56.0,0.0,86.0,78.0,81.0,0,80.0,80.0,68.0,81.0,82.0
0,0.0,0.0,0.0,0.0,0.0,67.0,90.0,91.0,91.0,70.0,50.0,0.0,69.0,79.0,37.0,0,66.0,35.0,80.0,88.0,83.0
0,0.0,0.0,0.0,0.0,0.0,67.0,82.0,88.0,74.0,80.0,63.0,0.0,73.0,32.0,74.0,0,65.0,68.0,53.0,58.0,76.0
0,0.0,0.0,4.0,0.0,0.0,67.0,90.0,90.0,86.0,75.0,65.0,0.0,82.0,74.0,56.0,0,75.0,81.0,71.0,79.0,86.0
0,0.0,0.0,0.0,0.0,0.0,67.0,93.0,94.0,87.0,67.0,62.0,0.0,69.0,75.0,56.0,0,68.0,71.0,76.0,83.0,90.0
0,0.0,0.0,0.0,0.0,0.0,66.0,85.0,88.0,87.0,73.0,58.0,0.0,75.0,73.0,71.0,0,75.0,65.0,78.0,83.0,83.0
0,0.0,0.0,0.0,0.0,0.0,66.0,80.0,84.0,69.0,85.0,74.0,0.0,77.0,32.0,75.0,0,74.0,73.0,65.0,67.0,79.0
0,0.0,0.0,1.0,0.0,0.0,66.0,85.0,87.0,85.0,82.0,58.0,0.0,75.0,42.0,76.0,0,72.0,71.0,62.0,68.0,89.0
0,0.0,0.0,1.0,0.0,0.0,66.0,75.0,87.0,71.0,86.0,77.0,0.0,74.0,33.0,78.0,0,70.0,75.0,61.0,62.0,86.0
0,0.0,0.0,2.0,0.0,0.0,66.0,79.0,87.0,74.0,80.0,76.0,0.0,77.0,38.0,79.0,0,73.0,76.0,65.0,66.0,82.0
0,0.0,0.0,0.0,0.0,0.0,66.0,84.0,89.0,81.0,78.0,48.0,0.0,78.0,45.0,87.0,0,69.0,84.0,64.0,68.0,80.0
0,0.0,0.0,1.0,0.0,0.0,66.0,81.0,86.0,75.0,74.0,67.0,0.0,75.0,41.0,77.0,0,74.0,74.0,62.0,70.0,83.0
0,0.0,0.0,22.0,0.0,0.0,66.0,89.0,91.0,85.0,72.0,73.0,0.0,75.0,67.0,82.0,0,77.0,79.0,72.0,80.0,79.0
0,0.0,0.0,9.0,0.0,0.0,66.0,89.0,91.0,85.0,72.0,73.0,0.0,75.0,67.0,82.0,0,77.0,79.0,72.0,80.0,79.0
0,0.0,0.0,0.0,0.0,0.0,66.0,85.0,90.0,86.0,73.0,67.0,0.0,82.0,72.0,81.0,0,82.0,73.0,72.0,77.0,80.0
0,0.0,0.0,9.0,0.0,0.0,65.0,88.0,89.0,84.0,76.0,55.0,0.0,84.0,73.0,85.0,0,83.0,71.0,72.0,78.0,82.0
0,0.0,0.0,2.0,0.0,0.0,65.0,92.0,91.0,87.0,64.0,53.0,0.0,78.0,69.0,56.0,0,80.0,61.0,70.0,81.0,91.0
0,0.0,0.0,0.0,0.0,0.0,65.0,91.0,92.0,89.0,69.0,58.0,0.0,74.0,77.0,59.0,0,67.0,72.0,76.0,77.0,82.0
0,0.0,0.0,0.0,0.0,0.0,65.0,83.0,88.0,77.0,75.0,55.0,0.0,89.0,75.0,80.0,0,78.0,80.0,72.0,79.0,78.0
0,0.0,0.0,0.0,0.0,0.0,65.0,79.0,87.0,85.0,84.0,60.0,0.0,72.0,48.0,76.0,0,70.0,75.0,63.0,69.0,87.0
0,0.0,0.0,0.0,0.0,0.0,65.0,88.0,88.0,87.0,65.0,55.0,0.0,72.0,80.0,61.0,0,69.0,70.0,77.0,81.0,72.0
0,0.0,0.0,0.0,0.0,0.0,65.0,82.0,89.0,76.0,84.0,63.0,0.0,77.0,44.0,81.0,0,70.0,79.0,62.0,73.0,83.0
0,0.0,0.0,0.0,0.0,0.0,65.0,76.0,84.0,75.0,78.0,52.0,0.0,67.0,40.0,76.0,0,63.0,72.0,55.0,63.0,81.0
0,0.0,0.0,0.0,0.0,0.0,65.0,90.0,90.0,86.0,60.0,48.0,0.0,83.0,69.0,60.0,0,75.0,60.0,78.0,80.0,85.0
0,0.0,0.0,7.0,0.0,0.0,65.0,89.0,91.0,89.0,74.0,64.0,0.0,76.0,68.0,78.0,0,77.0,83.0,72.0,82.0,85.0
0,0.0,0.0,0.0,0.0,0.0,64.0,91.0,89.0,91.0,67.0,51.0,0.0,75.0,74.0,44.0,0,76.0,51.0,76.0,74.0,87.0
0,0.0,0.0,0.0,0.0,0.0,64.0,84.0,89.0,85.0,67.0,58.0,0.0,82.0,66.0,42.0,0,80.0,68.0,69.0,83.0,70.0
0,0.0,0.0,0.0,0.0,0.0,64.0,90.0,92.0,86.0,76.0,61.0,0.0,83.0,62.0,83.0,0,77.0,63.0,70.0,82.0,82.0
0,0.0,0.0,0.0,0.0,0.0,64.0,83.0,86.0,82.0,81.0,47.0,0.0,83.0,75.0,84.0,0,77.0,79.0,65.0,72.0,80.0
0,0.0,0.0,2.0,0.0,0.0,64.0,82.0,87.0,66.0,74.0,85.0,0.0,74.0,30.0,68.0,0,67.0,70.0,57.0,61.0,82.0
0,0.0,0.0,0.0,0.0,0.0,64.0,87.0,90.0,86.0,69.0,58.0,0.0,81.0,73.0,72.0,0,76.0,72.0,73.0,77.0,81.0
0,0.0,0.0,0.0,0.0,0.0,64.0,87.0,87.0,87.0,62.0,45.0,0.0,83.0,69.0,53.0,0,75.0,67.0,78.0,82.0,85.0
0,0.0,0.0,0.0,0.0,0.0,64.0,90.0,93.0,89.0,64.0,58.0,0.0,78.0,70.0,68.0,0,71.0,68.0,73.0,74.0,85.0
0,0.0,0.0,0.0,0.0,0.0,63.0,89.0,88.0,80.0,71.0,62.0,0.0,81.0,77.0,81.0,0,76.0,72.0,67.0,76.0,75.0
0,0.0,0.0,2.0,0.0,0.0,63.0,89.0,88.0,80.0,71.0,62.0,0.0,81.0,77.0,81.0,0,76.0,72.0,67.0,76.0,75.0
0,0.0,0.0,44.0,0.0,0.0,63.0,89.0,88.0,80.0,71.0,62.0,0.0,81.0,77.0,81.0,0,76.0,72.0,67.0,76.0,75.0
0,0.0,0.0,0.0,0.0,0.0,63.0,89.0,88.0,80.0,71.0,62.0,0.0,81.0,77.0,81.0,0,76.0,72.0,67.0,76.0,75.0
0,0.0,0.0,1.0,0.0,0.0,63.0,81.0,87.0,73.0,82.0,82.0,0.0,70.0,29.0,62.0,0,66.0,70.0,60.0,62.0,82.0
0,0.0,0.0,0.0,0.0,0.0,63.0,87.0,86.0,77.0,70.0,69.0,0.0,83.0,45.0,80.0,0,76.0,70.0,75.0,74.0,85.0
0,0.0,0.0,0.0,0.0,0.0,63.0,77.0,88.0,73.0,81.0,74.0,0.0,79.0,38.0,80.0,0,76.0,76.0,65.0,68.0,83.0
0,0.0,0.0,0.0,0.0,0.0,63.0,81.0,85.0,85.0,77.0,66.0,0.0,81.0,74.0,78.0,0,76.0,77.0,66.0,69.0,71.0
0,0.0,0.0,0.0,0.0,0.0,62.0,85.0,88.0,82.0,72.0,63.0,0.0,72.0,76.0,78.0,0,77.0,81.0,78.0,78.0,74.0
0,0.0,0.0,0.0,0.0,0.0,62.0,87.0,90.0,88.0,63.0,51.0,0.0,76.0,75.0,61.0,0,68.0,63.0,77.0,79.0,74.0
0,0.0,0.0,0.0,0.0,0.0,62.0,88.0,88.0,85.0,80.0,51.0,0.0,83.0,59.0,86.0,0,78.0,76.0,67.0,75.0,94.0
0,0.0,0.0,0.0,0.0,0.0,62.0,86.0,88.0,84.0,59.0,55.0,0.0,80.0,80.0,80.0,0,82.0,78.0,70.0,74.0,80.0
0,0.0,0.0,0.0,0.0,0.0,61.0,88.0,87.0,81.0,68.0,52.0,0.0,80.0,72.0,76.0,0,75.0,76.0,74.0,76.0,83.0
0,0.0,0.0,0.0,0.0,0.0,61.0,81.0,87.0,70.0,86.0,55.0,0.0,66.0,36.0,72.0,0,67.0,74.0,57.0,65.0,83.0
0,0.0,0.0,0.0,0.0,0.0,60.0,88.0,89.0,88.0,71.0,65.0,0.0,89.0,55.0,78.0,0,79.0,53.0,56.0,75.0,92.0
0,0.0,0.0,0.0,0.0,0.0,60.0,83.0,87.0,88.0,67.0,62.0,0.0,77.0,64.0,83.0,0,82.0,74.0,76.0,73.0,87.0
0,0.0,0.0,0.0,0.0,0.0,60.0,88.0,90.0,81.0,76.0,53.0,0.0,83.0,67.0,77.0,0,78.0,70.0,62.0,79.0,86.0
0,0.0,0.0,6.0,0.0,0.0,60.0,77.0,81.0,84.0,76.0,76.0,0.0,72.0,42.0,59.0,0,52.0,58.0,55.0,65.0,80.0
0,0.0,0.0,0.0,0.0,0.0,60.0,77.0,81.0,84.0,76.0,76.0,0.0,72.0,42.0,59.0,0,52.0,58.0,55.0,65.0,80.0
0,0.0,0.0,0.0,0.0,0.0,60.0,87.0,90.0,82.0,78.0,57.0,0.0,77.0,58.0,83.0,0,76.0,82.0,76.0,78.0,77.0
0,0.0,0.0,0.0,0.0,0.0,60.0,84.0,88.0,82.0,48.0,55.0,0.0,76.0,63.0,40.0,0,72.0,62.0,73.0,80.0,81.0
0,0.0,0.0,0.0,0.0,0.0,59.0,92.0,91.0,81.0,72.0,48.0,0.0,85.0,65.0,82.0,0,73.0,58.0,65.0,73.0,90.0
0,0.0,0.0,0.0,0.0,0.0,59.0,76.0,83.0,78.0,81.0,58.0,0.0,71.0,29.0,77.0,0,48.0,71.0,49.0,51.0,74.0
0,0.0,0.0,0.0,0.0,0.0,59.0,88.0,90.0,85.0,63.0,48.0,0.0,74.0,68.0,74.0,0,68.0,74.0,74.0,78.0,84.0
0,0.0,0.0,28.0,0.0,0.0,59.0,80.0,85.0,70.0,79.0,63.0,0.0,72.0,20.0,68.0,0,65.0,69.0,50.0,55.0,77.0
0,0.0,0.0,0.0,0.0,0.0,57.0,73.0,83.0,73.0,83.0,73.0,0.0,74.0,34.0,58.0,0,60.0,52.0,46.0,54.0,84.0
0,0.0,0.0,0.0,0.0,0.0,54.0,84.0,87.0,82.0,77.0,50.0,0.0,77.0,56.0,81.0,0,70.0,76.0,64.0,68.0,87.0
0,0.0,0.0,0.0,0.0,0.0,97.0,92.0,92.0,95.0,75.0,91.0,68.0,94.0,96.0,84.0,0,0.0,91.0,85.0,95.0,89.0
0,0.0,0.0,68.0,1.0,3.0,94.0,90.0,91.0,95.0,81.0,98.0,75.0,88.0,91.0,84.0,0,0.0,93.0,89.0,94.0,94.0
0,0.0,0.0,0.0,0.0,0.0,92.0,92.0,90.0,92.0,74.0,95.0,69.0,93.0,90.0,78.0,0,0.0,91.0,83.0,96.0,85.0
0,0.0,0.0,61.0,2.0,3.0,92.0,89.0,92.0,95.0,77.0,85.0,75.0,88.0,91.0,90.0,0,0.0,94.0,92.0,95.0,92.0
0,0.0,0.0,58.0,1.0,3.0,91.0,92.0,93.0,96.0,81.0,79.0,78.0,95.0,97.0,83.0,0,0.0,85.0,94.0,95.0,93.0
0,0.0,0.0,74.0,2.0,3.0,91.0,91.0,92.0,97.0,72.0,86.0,81.0,89.0,81.0,54.0,0,0.0,77.0,91.0,93.0,89.0
0,0.0,0.0,49.0,0.0,1.0,90.0,90.0,92.0,92.0,81.0,84.0,71.0,98.0,94.0,89.0,0,0.0,86.0,79.0,93.0,92.0
0,0.0,0.0,76.0,0.0,5.0,90.0,89.0,94.0,93.0,73.0,87.0,77.0,93.0,92.0,87.0,0,0.0,88.0,84.0,92.0,92.0
0,0.0,0.0,49.0,0.0,2.0,89.0,92.0,91.0,94.0,76.0,88.0,73.0,85.0,85.0,85.0,0,0.0,74.0,87.0,94.0,87.0
0,0.0,0.0,56.0,0.0,2.0,88.0,91.0,93.0,92.0,75.0,89.0,71.0,92.0,86.0,76.0,0,0.0,84.0,82.0,91.0,84.0
0,0.0,0.0,3.0,0.0,0.0,87.0,92.0,92.0,90.0,79.0,89.0,70.0,86.0,86.0,86.0,0,0.0,86.0,82.0,93.0,95.0
0,0.0,0.0,42.0,1.0,1.0,87.0,92.0,92.0,90.0,79.0,89.0,70.0,86.0,86.0,86.0,0,0.0,86.0,82.0,93.0,95.0
0,0.0,0.0,29.0,0.0,0.0,87.0,88.0,89.0,83.0,82.0,93.0,64.0,90.0,92.0,87.0,0,0.0,90.0,79.0,82.0,92.0
0,0.0,0.0,0.0,0.0,0.0,86.0,93.0,90.0,90.0,60.0,88.0,64.0,93.0,80.0,70.0,0,0.0,68.0,78.0,88.0,85.0
0,0.0,0.0,36.0,0.0,0.0,86.0,89.0,92.0,90.0,68.0,85.0,79.0,91.0,84.0,62.0,0,0.0,67.0,88.0,92.0,80.0
0,0.0,0.0,37.0,0.0,0.0,86.0,89.0,92.0,90.0,68.0,85.0,79.0,91.0,84.0,62.0,0,0.0,67.0,88.0,92.0,80.0
0,0.0,0.0,0.0,0.0,0.0,86.0,88.0,91.0,87.0,82.0,94.0,72.0,89.0,89.0,89.0,0,0.0,85.0,81.0,91.0,80.0
0,0.0,0.0,21.0,1.0,1.0,85.0,92.0,93.0,97.0,61.0,80.0,76.0,78.0,80.0,65.0,0,0.0,63.0,90.0,95.0,77.0
0,0.0,0.0,47.0,0.0,4.0,85.0,90.0,91.0,83.0,85.0,86.0,62.0,92.0,90.0,89.0,0,0.0,84.0,74.0,85.0,91.0
0,0.0,0.0,20.0,1.0,9.0,85.0,81.0,87.0,84.0,79.0,83.0,73.0,76.0,64.0,85.0,0,0.0,81.0,72.0,76.0,89.0
0,0.0,0.0,52.0,0.0,4.0,85.0,91.0,92.0,94.0,74.0,76.0,68.0,87.0,90.0,75.0,0,0.0,81.0,86.0,90.0,75.0
0,0.0,0.0,42.0,0.0,1.0,85.0,92.0,91.0,92.0,68.0,86.0,70.0,90.0,85.0,74.0,0,0.0,73.0,81.0,89.0,85.0
0,0.0,0.0,21.0,0.0,0.0,84.0,90.0,92.0,93.0,75.0,86.0,67.0,91.0,79.0,83.0,0,0.0,83.0,77.0,90.0,76.0
0,0.0,0.0,31.0,0.0,0.0,84.0,90.0,91.0,94.0,61.0,78.0,72.0,87.0,83.0,61.0,0,0.0,74.0,88.0,92.0,79.0
0,0.0,0.0,33.0,0.0,0.0,83.0,94.0,92.0,93.0,68.0,82.0,69.0,86.0,75.0,77.0,0,0.0,75.0,82.0,92.0,84.0
0,0.0,0.0,11.0,0.0,0.0,83.0,90.0,90.0,89.0,79.0,92.0,62.0,85.0,88.0,87.0,0,0.0,88.0,77.0,88.0,89.0
0,0.0,0.0,101.0,4.0,7.0,83.0,90.0,90.0,89.0,79.0,92.0,62.0,85.0,88.0,87.0,0,0.0,88.0,77.0,88.0,89.0
0,0.0,0.0,48.0,0.0,2.0,83.0,86.0,89.0,82.0,83.0,87.0,68.0,89.0,89.0,86.0,0,0.0,90.0,89.0,81.0,74.0
0,0.0,0.0,76.0,1.0,5.0,83.0,89.0,88.0,84.0,85.0,81.0,62.0,97.0,84.0,87.0,0,0.0,92.0,72.0,84.0,88.0
0,0.0,0.0,83.0,2.0,6.0,82.0,89.0,92.0,92.0,66.0,83.0,70.0,87.0,81.0,51.0,0,0.0,65.0,86.0,90.0,89.0
0,0.0,0.0,0.0,0.0,0.0,82.0,92.0,92.0,92.0,64.0,84.0,73.0,83.0,84.0,69.0,0,0.0,66.0,83.0,87.0,82.0
0,0.0,0.0,20.0,0.0,0.0,82.0,89.0,93.0,92.0,72.0,87.0,66.0,87.0,85.0,62.0,0,0.0,80.0,78.0,89.0,85.0
0,0.0,0.0,0.0,0.0,0.0,82.0,94.0,92.0,89.0,73.0,78.0,67.0,90.0,81.0,74.0,0,0.0,67.0,77.0,90.0,95.0
0,0.0,0.0,32.0,0.0,0.0,82.0,92.0,93.0,96.0,74.0,75.0,73.0,85.0,83.0,59.0,0,0.0,53.0,78.0,91.0,94.0
0,0.0,0.0,94.0,0.0,5.0,81.0,84.0,87.0,86.0,76.0,99.0,69.0,91.0,80.0,83.0,0,0.0,85.0,77.0,83.0,79.0
0,0.0,0.0,38.0,0.0,0.0,81.0,92.0,90.0,84.0,84.0,82.0,69.0,92.0,82.0,90.0,0,0.0,84.0,82.0,85.0,71.0
0,0.0,0.0,11.0,0.0,0.0,81.0,88.0,89.0,85.0,82.0,83.0,71.0,90.0,86.0,86.0,0,0.0,89.0,81.0,85.0,93.0
0,0.0,0.0,18.0,0.0,0.0,81.0,90.0,93.0,92.0,71.0,86.0,67.0,90.0,79.0,84.0,0,0.0,88.0,79.0,84.0,89.0
0,0.0,0.0,64.0,0.0,1.0,81.0,90.0,93.0,92.0,71.0,86.0,67.0,90.0,79.0,84.0,0,0.0,88.0,79.0,84.0,89.0
0,0.0,0.0,0.0,0.0,0.0,80.0,89.0,90.0,93.0,70.0,77.0,74.0,82.0,82.0,61.0,0,0.0,84.0,83.0,92.0,85.0
0,0.0,0.0,0.0,0.0,0.0,80.0,90.0,91.0,88.0,67.0,83.0,70.0,84.0,84.0,74.0,0,0.0,74.0,82.0,88.0,85.0
0,0.0,0.0,27.0,0.0,1.0,80.0,89.0,88.0,89.0,82.0,84.0,67.0,96.0,81.0,87.0,0,0.0,82.0,75.0,84.0,86.0
0,0.0,0.0,0.0,0.0,0.0,80.0,89.0,90.0,88.0,78.0,88.0,64.0,91.0,84.0,86.0,0,0.0,79.0,75.0,85.0,80.0
0,0.0,0.0,42.0,0.0,0.0,79.0,91.0,93.0,93.0,61.0,77.0,70.0,87.0,76.0,52.0,0,0.0,64.0,84.0,87.0,81.0
0,0.0,0.0,33.0,0.0,0.0,79.0,91.0,89.0,90.0,65.0,80.0,68.0,86.0,78.0,64.0,0,0.0,78.0,83.0,90.0,83.0
0,0.0,0.0,0.0,0.0,0.0,79.0,88.0,91.0,87.0,75.0,84.0,64.0,88.0,79.0,83.0,0,0.0,75.0,78.0,90.0,88.0
0,0.0,0.0,0.0,0.0,0.0,79.0,71.0,82.0,75.0,90.0,71.0,60.0,68.0,56.0,68.0,0,0.0,69.0,59.0,62.0,81.0
0,0.0,0.0,1.0,0.0,0.0,79.0,91.0,90.0,91.0,63.0,82.0,73.0,86.0,77.0,53.0,0,0.0,57.0,83.0,89.0,86.0
0,0.0,0.0,20.0,0.0,0.0,79.0,91.0,90.0,91.0,63.0,82.0,73.0,86.0,77.0,53.0,0,0.0,57.0,83.0,89.0,86.0
0,0.0,0.0,44.0,0.0,1.0,79.0,90.0,92.0,88.0,72.0,81.0,66.0,89.0,82.0,88.0,0,0.0,87.0,82.0,85.0,86.0
0,0.0,0.0,48.0,0.0,0.0,78.0,87.0,87.0,88.0,79.0,90.0,62.0,88.0,79.0,86.0,0,0.0,82.0,74.0,83.0,86.0
0,0.0,0.0,39.0,1.0,2.0,78.0,87.0,87.0,88.0,79.0,90.0,62.0,88.0,79.0,86.0,0,0.0,82.0,74.0,83.0,86.0
0,0.0,0.0,2.0,0.0,0.0,78.0,90.0,91.0,93.0,80.0,65.0,61.0,91.0,86.0,91.0,0,0.0,85.0,81.0,85.0,77.0
0,0.0,0.0,13.0,0.0,0.0,78.0,90.0,90.0,91.0,71.0,74.0,65.0,90.0,78.0,70.0,0,0.0,80.0,73.0,90.0,79.0
0,0.0,0.0,37.0,0.0,0.0,77.0,89.0,91.0,86.0,69.0,83.0,69.0,87.0,77.0,81.0,0,0.0,77.0,86.0,83.0,84.0
0,0.0,0.0,0.0,0.0,0.0,77.0,89.0,91.0,86.0,69.0,83.0,69.0,87.0,77.0,81.0,0,0.0,77.0,86.0,83.0,84.0
0,0.0,0.0,1.0,0.0,0.0,77.0,89.0,91.0,86.0,69.0,83.0,69.0,87.0,77.0,81.0,0,0.0,77.0,86.0,83.0,84.0
0,0.0,0.0,0.0,0.0,0.0,77.0,89.0,91.0,86.0,69.0,83.0,69.0,87.0,77.0,81.0,0,0.0,77.0,86.0,83.0,84.0
0,0.0,0.0,20.0,0.0,0.0,77.0,89.0,91.0,86.0,69.0,83.0,69.0,87.0,77.0,81.0,0,0.0,77.0,86.0,83.0,84.0
0,0.0,0.0,20.0,0.0,0.0,77.0,88.0,90.0,86.0,73.0,78.0,68.0,86.0,81.0,77.0,0,0.0,77.0,83.0,91.0,87.0
0,0.0,0.0,0.0,0.0,0.0,77.0,88.0,91.0,85.0,75.0,85.0,64.0,90.0,84.0,84.0,0,0.0,75.0,76.0,82.0,78.0
0,0.0,0.0,5.0,0.0,1.0,77.0,78.0,85.0,73.0,83.0,83.0,67.0,72.0,39.0,75.0,0,0.0,74.0,63.0,67.0,79.0
0,0.0,0.0,25.0,0.0,0.0,77.0,93.0,93.0,90.0,62.0,72.0,72.0,83.0,69.0,45.0,0,0.0,75.0,86.0,89.0,85.0
0,0.0,0.0,17.0,0.0,0.0,77.0,87.0,90.0,86.0,73.0,85.0,70.0,88.0,79.0,88.0,0,0.0,84.0,81.0,84.0,86.0
0,0.0,0.0,24.0,0.0,0.0,77.0,87.0,90.0,93.0,59.0,76.0,72.0,82.0,80.0,53.0,0,0.0,71.0,80.0,91.0,81.0
0,0.0,0.0,32.0,0.0,0.0,76.0,87.0,90.0,90.0,80.0,75.0,67.0,83.0,82.0,85.0,0,0.0,85.0,85.0,87.0,83.0
0,0.0,0.0,6.0,0.0,0.0,76.0,91.0,91.0,80.0,74.0,77.0,72.0,84.0,83.0,50.0,0,0.0,81.0,85.0,87.0,87.0
0,0.0,0.0,33.0,0.0,0.0,76.0,88.0,88.0,87.0,76.0,81.0,68.0,94.0,78.0,82.0,0,0.0,86.0,79.0,77.0,80.0
0,0.0,0.0,21.0,0.0,0.0,76.0,84.0,88.0,88.0,68.0,83.0,72.0,88.0,80.0,75.0,0,0.0,71.0,80.0,84.0,90.0
0,0.0,0.0,5.0,0.0,0.0,76.0,87.0,90.0,88.0,74.0,82.0,68.0,82.0,81.0,84.0,0,0.0,77.0,76.0,84.0,89.0
0,0.0,0.0,13.0,0.0,0.0,75.0,88.0,89.0,83.0,78.0,79.0,65.0,87.0,81.0,86.0,0,0.0,84.0,68.0,82.0,82.0
0,0.0,0.0,0.0,0.0,0.0,75.0,87.0,89.0,89.0,75.0,75.0,69.0,87.0,80.0,78.0,0,0.0,81.0,77.0,88.0,78.0
0,0.0,0.0,0.0,0.0,0.0,75.0,70.0,79.0,72.0,87.0,82.0,67.0,76.0,22.0,80.0,0,0.0,71.0,46.0,54.0,68.0
0,0.0,0.0,0.0,0.0,0.0,75.0,90.0,90.0,87.0,65.0,77.0,74.0,82.0,82.0,72.0,0,0.0,68.0,73.0,85.0,85.0
0,0.0,0.0,0.0,0.0,0.0,75.0,88.0,87.0,82.0,78.0,82.0,59.0,92.0,80.0,84.0,0,0.0,78.0,77.0,79.0,83.0
0,0.0,0.0,0.0,0.0,0.0,74.0,93.0,94.0,87.0,67.0,78.0,62.0,77.0,76.0,63.0,0,0.0,71.0,76.0,83.0,91.0
0,0.0,0.0,0.0,0.0,0.0,74.0,89.0,87.0,83.0,75.0,79.0,65.0,84.0,77.0,86.0,0,0.0,73.0,81.0,85.0,75.0
0,0.0,0.0,17.0,0.0,0.0,74.0,89.0,93.0,87.0,66.0,71.0,76.0,80.0,78.0,67.0,0,0.0,76.0,83.0,89.0,92.0
0,0.0,0.0,51.0,1.0,3.0,74.0,85.0,90.0,87.0,77.0,76.0,66.0,88.0,83.0,85.0,0,0.0,83.0,73.0,81.0,84.0
0,0.0,0.0,0.0,0.0,0.0,74.0,82.0,87.0,78.0,73.0,72.0,58.0,84.0,43.0,83.0,0,0.0,77.0,74.0,73.0,79.0
0,0.0,0.0,0.0,0.0,0.0,74.0,88.0,89.0,91.0,69.0,74.0,74.0,85.0,78.0,57.0,0,0.0,64.0,81.0,85.0,87.0
0,0.0,0.0,21.0,0.0,0.0,74.0,89.0,94.0,90.0,68.0,65.0,66.0,81.0,74.0,59.0,0,0.0,67.0,85.0,92.0,90.0
0,0.0,0.0,12.0,0.0,0.0,73.0,89.0,90.0,90.0,62.0,73.0,64.0,82.0,72.0,75.0,0,0.0,73.0,78.0,86.0,91.0
0,0.0,0.0,18.0,0.0,0.0,73.0,86.0,90.0,81.0,71.0,82.0,65.0,91.0,76.0,84.0,0,0.0,84.0,74.0,80.0,81.0
0,0.0,0.0,12.0,0.0,0.0,73.0,91.0,92.0,90.0,71.0,74.0,65.0,79.0,79.0,73.0,0,0.0,66.0,71.0,83.0,86.0
0,0.0,0.0,17.0,0.0,0.0,73.0,90.0,88.0,84.0,81.0,80.0,60.0,83.0,75.0,85.0,0,0.0,83.0,71.0,79.0,80.0
0,0.0,0.0,36.0,0.0,0.0,72.0,86.0,89.0,90.0,70.0,63.0,63.0,87.0,80.0,76.0,0,0.0,74.0,80.0,86.0,84.0
0,0.0,0.0,19.0,0.0,0.0,72.0,88.0,90.0,89.0,70.0,73.0,71.0,82.0,79.0,77.0,0,0.0,62.0,74.0,83.0,82.0
0,0.0,0.0,2.0,0.0,0.0,72.0,79.0,87.0,74.0,80.0,82.0,65.0,78.0,40.0,79.0,0,0.0,76.0,65.0,67.0,82.0
0,0.0,0.0,18.0,0.0,0.0,72.0,88.0,90.0,92.0,54.0,74.0,73.0,82.0,68.0,47.0,0,0.0,61.0,81.0,86.0,82.0
0,0.0,0.0,21.0,0.0,0.0,72.0,88.0,91.0,90.0,64.0,66.0,69.0,84.0,71.0,51.0,0,0.0,65.0,82.0,87.0,82.0
0,0.0,0.0,0.0,0.0,0.0,72.0,89.0,89.0,88.0,74.0,72.0,62.0,89.0,80.0,82.0,0,0.0,83.0,73.0,82.0,82.0
0,0.0,0.0,34.0,0.0,1.0,72.0,89.0,90.0,89.0,69.0,71.0,65.0,82.0,77.0,73.0,0,0.0,76.0,79.0,83.0,86.0
0,0.0,0.0,10.0,0.0,0.0,72.0,91.0,91.0,89.0,70.0,79.0,63.0,85.0,72.0,79.0,0,0.0,78.0,75.0,77.0,81.0
0,0.0,0.0,0.0,0.0,0.0,72.0,89.0,92.0,85.0,74.0,80.0,59.0,89.0,78.0,83.0,0,0.0,77.0,77.0,78.0,84.0
0,0.0,0.0,0.0,0.0,0.0,72.0,89.0,95.0,88.0,68.0,66.0,68.0,86.0,74.0,67.0,0,0.0,75.0,78.0,85.0,81.0
0,0.0,0.0,44.0,0.0,0.0,71.0,84.0,87.0,85.0,72.0,73.0,71.0,90.0,80.0,79.0,0,0.0,72.0,80.0,84.0,71.0
0,0.0,0.0,0.0,0.0,0.0,71.0,93.0,90.0,92.0,61.0,68.0,69.0,79.0,76.0,62.0,0,0.0,55.0,71.0,83.0,81.0
0,0.0,0.0,8.0,0.0,0.0,71.0,88.0,91.0,90.0,65.0,72.0,66.0,85.0,71.0,81.0,0,0.0,73.0,75.0,86.0,88.0
0,0.0,0.0,4.0,0.0,0.0,71.0,91.0,89.0,90.0,61.0,68.0,62.0,74.0,79.0,51.0,0,0.0,45.0,87.0,86.0,91.0
0,0.0,0.0,0.0,0.0,0.0,71.0,92.0,91.0,89.0,65.0,63.0,67.0,86.0,75.0,60.0,0,0.0,73.0,77.0,84.0,81.0
0,0.0,0.0,24.0,0.0,0.0,71.0,87.0,90.0,81.0,87.0,64.0,66.0,87.0,73.0,90.0,0,0.0,83.0,67.0,77.0,80.0
0,0.0,0.0,0.0,0.0,0.0,71.0,83.0,87.0,82.0,77.0,77.0,68.0,79.0,63.0,79.0,0,0.0,74.0,68.0,70.0,88.0
0,0.0,0.0,1.0,0.0,0.0,70.0,81.0,86.0,75.0,74.0,77.0,69.0,77.0,41.0,77.0,0,0.0,74.0,62.0,70.0,83.0
0,0.0,0.0,6.0,0.0,0.0,70.0,91.0,92.0,87.0,77.0,64.0,70.0,87.0,78.0,85.0,0,0.0,78.0,72.0,84.0,88.0
0,0.0,0.0,0.0,0.0,0.0,70.0,87.0,87.0,83.0,79.0,80.0,64.0,88.0,74.0,82.0,0,0.0,80.0,70.0,81.0,90.0
0,0.0,0.0,15.0,0.0,0.0,70.0,90.0,91.0,88.0,67.0,69.0,66.0,88.0,70.0,64.0,0,0.0,77.0,81.0,83.0,93.0
0,0.0,0.0,14.0,0.0,0.0,70.0,88.0,90.0,85.0,67.0,70.0,73.0,89.0,76.0,82.0,0,0.0,77.0,78.0,84.0,85.0
0,0.0,0.0,1.0,0.0,0.0,70.0,79.0,87.0,81.0,75.0,79.0,59.0,71.0,37.0,78.0,0,0.0,75.0,68.0,74.0,80.0
0,0.0,0.0,0.0,0.0,0.0,70.0,79.0,87.0,81.0,75.0,79.0,59.0,71.0,37.0,78.0,0,0.0,75.0,68.0,74.0,80.0
0,0.0,0.0,7.0,0.0,0.0,70.0,88.0,88.0,85.0,70.0,72.0,74.0,81.0,72.0,76.0,0,0.0,72.0,73.0,78.0,83.0
0,0.0,0.0,3.0,0.0,0.0,70.0,92.0,87.0,88.0,55.0,69.0,65.0,75.0,76.0,54.0,0,0.0,66.0,81.0,85.0,84.0
0,0.0,0.0,0.0,0.0,0.0,69.0,85.0,88.0,77.0,78.0,71.0,64.0,72.0,47.0,86.0,0,0.0,74.0,65.0,76.0,79.0
0,0.0,0.0,16.0,0.0,0.0,69.0,86.0,88.0,83.0,80.0,79.0,65.0,85.0,73.0,81.0,0,0.0,82.0,73.0,80.0,86.0
0,0.0,0.0,0.0,0.0,1.0,69.0,86.0,88.0,83.0,80.0,79.0,65.0,85.0,73.0,81.0,0,0.0,82.0,73.0,80.0,86.0
0,0.0,0.0,2.0,0.0,0.0,69.0,92.0,94.0,87.0,61.0,63.0,62.0,80.0,65.0,46.0,0,0.0,65.0,79.0,83.0,89.0
0,0.0,0.0,6.0,0.0,0.0,69.0,89.0,89.0,80.0,72.0,73.0,62.0,84.0,82.0,79.0,0,0.0,63.0,71.0,82.0,86.0
0,0.0,0.0,16.0,0.0,0.0,69.0,87.0,88.0,78.0,74.0,78.0,68.0,90.0,76.0,83.0,0,0.0,78.0,74.0,82.0,88.0
0,0.0,0.0,0.0,0.0,0.0,69.0,84.0,87.0,82.0,73.0,74.0,64.0,87.0,81.0,82.0,0,0.0,79.0,76.0,81.0,73.0
0,0.0,0.0,0.0,0.0,0.0,68.0,93.0,93.0,93.0,68.0,47.0,62.0,84.0,73.0,65.0,0,0.0,76.0,76.0,88.0,87.0
0,0.0,0.0,40.0,0.0,1.0,68.0,93.0,94.0,83.0,66.0,58.0,70.0,85.0,72.0,57.0,0,0.0,66.0,75.0,82.0,85.0
0,0.0,0.0,0.0,0.0,0.0,68.0,87.0,90.0,84.0,65.0,63.0,69.0,82.0,76.0,66.0,0,0.0,79.0,82.0,86.0,77.0
0,0.0,0.0,0.0,0.0,0.0,68.0,91.0,93.0,93.0,52.0,52.0,67.0,78.0,71.0,59.0,0,0.0,64.0,78.0,88.0,81.0
0,0.0,0.0,11.0,0.0,0.0,68.0,92.0,90.0,91.0,68.0,54.0,65.0,83.0,74.0,52.0,0,0.0,56.0,83.0,86.0,91.0
0,0.0,0.0,0.0,0.0,0.0,68.0,81.0,85.0,76.0,77.0,62.0,62.0,81.0,58.0,78.0,0,0.0,77.0,66.0,69.0,71.0
0,0.0,0.0,4.0,0.0,0.0,68.0,90.0,90.0,87.0,74.0,70.0,62.0,84.0,76.0,56.0,0,0.0,81.0,71.0,79.0,86.0
0,0.0,0.0,21.0,0.0,0.0,68.0,86.0,90.0,80.0,70.0,71.0,68.0,91.0,78.0,78.0,0,0.0,76.0,79.0,80.0,87.0
0,0.0,0.0,0.0,0.0,0.0,67.0,89.0,90.0,87.0,76.0,67.0,67.0,89.0,77.0,77.0,0,0.0,74.0,68.0,77.0,85.0
0,0.0,0.0,0.0,0.0,0.0,67.0,74.0,83.0,77.0,74.0,80.0,63.0,74.0,50.0,73.0,0,0.0,70.0,73.0,72.0,73.0
0,0.0,0.0,0.0,0.0,0.0,67.0,86.0,88.0,84.0,77.0,80.0,65.0,84.0,64.0,85.0,0,0.0,82.0,76.0,81.0,80.0
0,0.0,0.0,0.0,0.0,0.0,67.0,82.0,88.0,78.0,80.0,64.0,64.0,73.0,32.0,74.0,0,0.0,68.0,53.0,57.0,76.0
0,0.0,0.0,0.0,0.0,0.0,67.0,82.0,89.0,81.0,84.0,60.0,65.0,77.0,47.0,81.0,0,0.0,79.0,62.0,73.0,83.0
0,0.0,0.0,5.0,0.0,0.0,67.0,88.0,88.0,83.0,69.0,60.0,54.0,86.0,76.0,79.0,0,0.0,62.0,79.0,83.0,86.0
0,0.0,0.0,0.0,0.0,0.0,67.0,88.0,90.0,85.0,75.0,76.0,60.0,85.0,66.0,83.0,0,0.0,83.0,82.0,76.0,88.0
0,0.0,0.0,0.0,0.0,0.0,67.0,88.0,91.0,91.0,65.0,57.0,61.0,73.0,74.0,61.0,0,0.0,61.0,82.0,86.0,74.0
0,0.0,0.0,0.0,0.0,0.0,67.0,90.0,89.0,86.0,69.0,60.0,67.0,86.0,73.0,64.0,0,0.0,78.0,76.0,82.0,93.0
0,0.0,0.0,0.0,0.0,0.0,66.0,83.0,88.0,74.0,75.0,51.0,72.0,73.0,52.0,76.0,0,0.0,67.0,52.0,61.0,79.0
0,0.0,0.0,3.0,0.0,0.0,66.0,89.0,90.0,83.0,64.0,68.0,69.0,81.0,76.0,58.0,0,0.0,68.0,76.0,77.0,80.0
0,0.0,0.0,5.0,0.0,0.0,66.0,89.0,89.0,88.0,63.0,59.0,65.0,85.0,71.0,66.0,0,0.0,72.0,78.0,85.0,78.0
0,0.0,0.0,0.0,0.0,0.0,66.0,90.0,87.0,81.0,76.0,68.0,60.0,86.0,76.0,83.0,0,0.0,77.0,76.0,83.0,86.0
0,0.0,0.0,15.0,0.0,0.0,66.0,92.0,91.0,84.0,64.0,62.0,64.0,89.0,72.0,55.0,0,0.0,70.0,71.0,75.0,83.0
0,0.0,0.0,0.0,0.0,0.0,66.0,85.0,89.0,86.0,73.0,72.0,61.0,84.0,72.0,80.0,0,0.0,73.0,72.0,77.0,77.0
0,0.0,0.0,1.0,0.0,0.0,66.0,85.0,87.0,83.0,81.0,59.0,71.0,75.0,42.0,74.0,0,0.0,71.0,62.0,68.0,89.0
0,0.0,0.0,0.0,0.0,0.0,66.0,88.0,90.0,86.0,66.0,65.0,63.0,87.0,73.0,62.0,0,0.0,69.0,70.0,76.0,86.0
0,0.0,0.0,5.0,0.0,0.0,66.0,85.0,90.0,83.0,75.0,62.0,66.0,81.0,81.0,87.0,0,0.0,82.0,75.0,84.0,84.0
0,0.0,0.0,1.0,0.0,0.0,66.0,85.0,90.0,83.0,75.0,62.0,66.0,81.0,81.0,87.0,0,0.0,82.0,75.0,84.0,84.0
0,0.0,0.0,5.0,0.0,0.0,66.0,90.0,90.0,81.0,69.0,66.0,71.0,75.0,76.0,80.0,0,0.0,75.0,77.0,82.0,85.0
0,0.0,0.0,0.0,0.0,0.0,65.0,92.0,89.0,88.0,67.0,61.0,63.0,83.0,74.0,72.0,0,0.0,84.0,80.0,79.0,83.0
0,0.0,0.0,2.0,0.0,0.0,65.0,88.0,91.0,85.0,71.0,59.0,67.0,86.0,73.0,60.0,0,0.0,70.0,72.0,79.0,88.0
0,0.0,0.0,13.0,0.0,0.0,65.0,87.0,90.0,82.0,69.0,67.0,68.0,88.0,73.0,58.0,0,0.0,63.0,71.0,79.0,83.0
0,0.0,0.0,0.0,0.0,0.0,65.0,92.0,91.0,86.0,60.0,57.0,75.0,77.0,70.0,52.0,0,0.0,52.0,77.0,78.0,88.0
0,0.0,0.0,0.0,0.0,0.0,65.0,87.0,89.0,84.0,72.0,70.0,66.0,79.0,76.0,84.0,0,0.0,69.0,76.0,78.0,84.0
0,0.0,0.0,2.0,0.0,0.0,65.0,90.0,89.0,83.0,72.0,70.0,59.0,84.0,75.0,81.0,0,0.0,77.0,70.0,76.0,74.0
0,0.0,0.0,0.0,0.0,0.0,65.0,88.0,90.0,84.0,73.0,57.0,60.0,89.0,77.0,78.0,0,0.0,78.0,78.0,80.0,80.0
0,0.0,0.0,1.0,0.0,0.0,65.0,81.0,87.0,78.0,82.0,81.0,62.0,71.0,29.0,62.0,0,0.0,70.0,60.0,62.0,82.0
0,0.0,0.0,0.0,0.0,0.0,64.0,90.0,90.0,88.0,65.0,60.0,65.0,78.0,68.0,69.0,0,0.0,70.0,74.0,82.0,88.0
0,0.0,0.0,0.0,0.0,0.0,64.0,89.0,92.0,77.0,72.0,70.0,66.0,80.0,74.0,71.0,0,0.0,73.0,77.0,76.0,81.0
0,0.0,0.0,0.0,0.0,0.0,64.0,79.0,83.0,76.0,73.0,61.0,68.0,76.0,39.0,70.0,0,0.0,68.0,54.0,60.0,78.0
0,0.0,0.0,1.0,0.0,0.0,64.0,86.0,87.0,79.0,70.0,66.0,61.0,90.0,78.0,80.0,0,0.0,80.0,73.0,77.0,73.0
0,0.0,0.0,0.0,0.0,0.0,64.0,90.0,90.0,81.0,76.0,64.0,58.0,90.0,75.0,75.0,0,0.0,69.0,72.0,77.0,74.0
0,0.0,0.0,2.0,0.0,0.0,64.0,92.0,91.0,86.0,62.0,56.0,58.0,78.0,69.0,56.0,0,0.0,61.0,71.0,81.0,91.0
0,0.0,0.0,0.0,0.0,0.0,64.0,91.0,90.0,78.0,80.0,65.0,61.0,82.0,70.0,75.0,0,0.0,71.0,73.0,79.0,88.0
0,0.0,0.0,0.0,0.0,0.0,64.0,90.0,90.0,81.0,71.0,60.0,61.0,77.0,74.0,71.0,0,0.0,66.0,79.0,83.0,85.0
0,0.0,0.0,0.0,0.0,0.0,64.0,88.0,88.0,82.0,62.0,58.0,66.0,83.0,70.0,53.0,0,0.0,68.0,78.0,82.0,85.0
0,0.0,0.0,0.0,0.0,0.0,64.0,88.0,86.0,85.0,71.0,57.0,67.0,73.0,44.0,75.0,0,0.0,71.0,56.0,64.0,79.0
0,0.0,0.0,0.0,0.0,0.0,63.0,92.0,89.0,79.0,68.0,60.0,63.0,85.0,73.0,58.0,0,0.0,60.0,71.0,78.0,90.0
0,0.0,0.0,0.0,0.0,0.0,63.0,93.0,91.0,89.0,61.0,53.0,63.0,78.0,73.0,68.0,0,0.0,44.0,78.0,80.0,91.0
0,0.0,0.0,0.0,0.0,0.0,63.0,88.0,89.0,84.0,75.0,62.0,62.0,81.0,77.0,81.0,0,0.0,82.0,70.0,80.0,83.0
0,0.0,0.0,0.0,0.0,0.0,63.0,83.0,88.0,78.0,75.0,61.0,66.0,89.0,75.0,80.0,0,0.0,80.0,72.0,79.0,78.0
0,0.0,0.0,0.0,0.0,0.0,63.0,86.0,89.0,85.0,63.0,59.0,73.0,88.0,71.0,54.0,0,0.0,64.0,74.0,79.0,85.0
0,0.0,0.0,9.0,0.0,0.0,63.0,88.0,89.0,84.0,76.0,61.0,68.0,84.0,73.0,85.0,0,0.0,73.0,72.0,78.0,82.0
0,0.0,0.0,0.0,0.0,0.0,63.0,76.0,84.0,77.0,76.0,56.0,70.0,67.0,40.0,76.0,0,0.0,72.0,55.0,63.0,81.0
0,0.0,0.0,0.0,0.0,0.0,63.0,84.0,87.0,80.0,76.0,65.0,61.0,87.0,75.0,79.0,0,0.0,79.0,72.0,78.0,76.0
0,0.0,0.0,8.0,0.0,0.0,63.0,90.0,90.0,83.0,62.0,69.0,65.0,81.0,74.0,70.0,0,0.0,62.0,68.0,75.0,90.0
0,0.0,0.0,0.0,0.0,0.0,63.0,86.0,90.0,86.0,81.0,61.0,65.0,83.0,76.0,83.0,0,0.0,71.0,70.0,78.0,89.0
0,0.0,0.0,0.0,0.0,0.0,62.0,92.0,91.0,82.0,69.0,66.0,62.0,85.0,72.0,82.0,0,0.0,59.0,65.0,76.0,90.0
0,0.0,0.0,6.0,0.0,0.0,62.0,77.0,80.0,84.0,76.0,77.0,60.0,72.0,42.0,59.0,0,0.0,58.0,55.0,64.0,80.0
0,0.0,0.0,0.0,0.0,0.0,62.0,77.0,80.0,84.0,76.0,77.0,60.0,72.0,42.0,59.0,0,0.0,58.0,55.0,64.0,80.0
0,0.0,0.0,0.0,0.0,0.0,62.0,90.0,88.0,90.0,70.0,64.0,63.0,74.0,68.0,63.0,0,0.0,62.0,73.0,78.0,76.0
0,0.0,0.0,0.0,0.0,0.0,62.0,74.0,87.0,84.0,77.0,52.0,61.0,71.0,31.0,68.0,0,0.0,70.0,57.0,61.0,80.0
0,0.0,0.0,2.0,0.0,0.0,62.0,88.0,90.0,80.0,78.0,49.0,60.0,85.0,75.0,88.0,0,0.0,83.0,67.0,74.0,92.0
0,0.0,0.0,0.0,0.0,0.0,61.0,85.0,90.0,88.0,70.0,46.0,58.0,78.0,73.0,74.0,0,0.0,65.0,74.0,84.0,78.0
0,0.0,0.0,18.0,0.0,0.0,61.0,86.0,90.0,78.0,73.0,60.0,63.0,85.0,74.0,77.0,0,0.0,77.0,72.0,76.0,76.0
0,0.0,0.0,0.0,0.0,0.0,61.0,86.0,89.0,85.0,71.0,50.0,63.0,86.0,74.0,38.0,0,0.0,58.0,72.0,82.0,84.0
0,0.0,0.0,0.0,0.0,0.0,61.0,90.0,93.0,89.0,64.0,58.0,69.0,79.0,70.0,67.0,0,0.0,68.0,73.0,74.0,85.0
0,0.0,0.0,0.0,0.0,0.0,61.0,88.0,90.0,88.0,71.0,50.0,55.0,84.0,74.0,63.0,0,0.0,66.0,70.0,81.0,84.0
0,0.0,0.0,7.0,0.0,0.0,61.0,90.0,89.0,80.0,71.0,65.0,57.0,87.0,63.0,78.0,0,0.0,85.0,78.0,75.0,83.0
0,0.0,0.0,0.0,0.0,0.0,61.0,91.0,92.0,89.0,69.0,57.0,57.0,74.0,77.0,59.0,0,0.0,72.0,74.0,77.0,82.0
0,0.0,0.0,0.0,0.0,0.0,60.0,90.0,92.0,76.0,76.0,65.0,65.0,83.0,62.0,80.0,0,0.0,63.0,70.0,82.0,82.0
0,0.0,0.0,0.0,0.0,0.0,60.0,84.0,87.0,83.0,81.0,49.0,64.0,83.0,75.0,84.0,0,0.0,79.0,65.0,73.0,80.0
0,0.0,0.0,0.0,0.0,0.0,60.0,86.0,87.0,80.0,49.0,59.0,65.0,82.0,74.0,66.0,0,0.0,61.0,74.0,81.0,81.0
0,0.0,0.0,7.0,0.0,0.0,60.0,89.0,91.0,86.0,73.0,62.0,66.0,76.0,68.0,78.0,0,0.0,81.0,72.0,80.0,84.0
0,0.0,0.0,0.0,0.0,0.0,59.0,87.0,88.0,82.0,72.0,59.0,62.0,80.0,76.0,79.0,0,0.0,77.0,67.0,78.0,69.0
0,0.0,0.0,0.0,0.0,0.0,58.0,86.0,88.0,84.0,65.0,55.0,67.0,80.0,77.0,80.0,0,0.0,78.0,70.0,74.0,80.0
0,0.0,0.0,5.0,0.0,0.0,58.0,86.0,89.0,84.0,67.0,61.0,57.0,73.0,69.0,79.0,0,0.0,79.0,66.0,81.0,83.0
0,0.0,0.0,0.0,0.0,0.0,57.0,84.0,89.0,75.0,67.0,55.0,67.0,80.0,66.0,42.0,0,0.0,68.0,69.0,83.0,70.0
0,0.0,0.0,0.0,0.0,0.0,57.0,82.0,87.0,86.0,67.0,65.0,53.0,76.0,64.0,82.0,0,0.0,74.0,75.0,73.0,87.0
0,0.0,0.0,0.0,0.0,0.0,56.0,84.0,87.0,82.0,77.0,67.0,68.0,79.0,64.0,80.0,0,0.0,76.0,64.0,72.0,87.0
0,0.0,0.0,0.0,0.0,0.0,55.0,87.0,90.0,79.0,78.0,57.0,61.0,77.0,58.0,82.0,0,0.0,80.0,75.0,78.0,77.0
0,0.0,0.0,0.0,0.0,0.0,53.0,86.0,88.0,83.0,74.0,51.0,55.0,74.0,71.0,72.0,0,0.0,71.0,75.0,76.0,89.0
75,247.0,27.0,76.0,1.0,5.0,97.0,93.0,89.0,86.0,87.0,97.0,66.0,98.0,91.0,93.0,79,93.0,99.0,75.0,86.0,88.0
71,227.0,25.0,47.0,0.0,4.0,96.0,92.0,91.0,83.0,85.0,98.0,67.0,95.0,98.0,91.0,82,92.0,93.0,74.0,87.0,92.0
71,205.0,25.0,74.0,2.0,3.0,96.0,92.0,93.0,97.0,72.0,90.0,81.0,96.0,83.0,59.0,94,94.0,77.0,91.0,93.0,90.0
70,210.0,26.0,52.0,0.0,4.0,95.0,92.0,92.0,95.0,74.0,92.0,71.0,88.0,93.0,74.0,95,95.0,82.0,89.0,94.0,77.0
73,218.0,25.0,56.0,0.0,2.0,93.0,91.0,93.0,92.0,83.0,93.0,72.0,96.0,89.0,88.0,90,92.0,90.0,83.0,92.0,84.0
70,226.0,22.0,45.0,1.0,2.0,92.0,94.0,92.0,86.0,80.0,95.0,70.0,93.0,95.0,88.0,84,96.0,88.0,83.0,93.0,84.0
70,215.0,26.0,76.0,0.0,5.0,91.0,89.0,94.0,93.0,77.0,91.0,76.0,92.0,90.0,87.0,90,91.0,91.0,85.0,91.0,92.0
69,208.0,26.0,18.0,0.0,0.0,90.0,91.0,93.0,94.0,71.0,88.0,76.0,90.0,87.0,84.0,91,89.0,86.0,84.0,94.0,89.0
69,208.0,26.0,64.0,0.0,1.0,90.0,91.0,93.0,94.0,71.0,88.0,76.0,90.0,87.0,84.0,91,89.0,86.0,84.0,94.0,89.0
72,218.0,26.0,68.0,1.0,3.0,88.0,89.0,91.0,92.0,80.0,89.0,70.0,91.0,83.0,86.0,87,91.0,87.0,86.0,92.0,95.0
70,220.0,23.0,51.0,1.0,3.0,88.0,87.0,91.0,87.0,86.0,85.0,69.0,94.0,92.0,90.0,85,88.0,88.0,80.0,88.0,84.0
73,235.0,30.0,20.0,1.0,9.0,87.0,80.0,86.0,83.0,79.0,85.0,75.0,76.0,64.0,85.0,79,83.0,85.0,72.0,76.0,88.0
73,215.0,28.0,0.0,0.0,0.0,87.0,91.0,90.0,90.0,74.0,89.0,71.0,89.0,86.0,79.0,88,90.0,86.0,84.0,90.0,85.0
71,216.0,26.0,49.0,0.0,1.0,87.0,90.0,92.0,92.0,81.0,84.0,70.0,95.0,89.0,87.0,88,86.0,87.0,80.0,91.0,92.0
70,200.0,26.0,0.0,0.0,0.0,86.0,92.0,92.0,92.0,82.0,86.0,79.0,88.0,85.0,76.0,86,85.0,72.0,87.0,89.0,89.0
71,233.0,24.0,58.0,1.0,3.0,86.0,92.0,93.0,96.0,81.0,82.0,73.0,92.0,85.0,83.0,89,77.0,86.0,88.0,90.0,94.0
72,228.0,26.0,38.0,0.0,0.0,85.0,91.0,88.0,84.0,84.0,87.0,68.0,97.0,87.0,92.0,79,82.0,84.0,82.0,81.0,75.0
74,220.0,30.0,42.0,4.0,4.0,85.0,91.0,92.0,95.0,65.0,80.0,82.0,89.0,79.0,64.0,87,82.0,59.0,82.0,87.0,86.0
69,219.0,23.0,0.0,0.0,0.0,84.0,86.0,89.0,83.0,82.0,87.0,69.0,88.0,93.0,89.0,85,89.0,85.0,75.0,82.0,92.0
71,222.0,26.0,29.0,0.0,0.0,84.0,88.0,89.0,83.0,83.0,88.0,69.0,90.0,87.0,87.0,82,90.0,87.0,79.0,83.0,93.0
70,222.0,24.0,44.0,0.0,0.0,83.0,88.0,90.0,86.0,74.0,85.0,75.0,97.0,86.0,84.0,85,87.0,77.0,82.0,87.0,75.0
73,233.0,26.0,48.0,0.0,2.0,83.0,87.0,89.0,82.0,82.0,86.0,70.0,91.0,88.0,86.0,81,87.0,92.0,82.0,85.0,76.0
74,230.0,23.0,29.0,0.0,1.0,83.0,88.0,90.0,85.0,81.0,82.0,73.0,94.0,88.0,88.0,88,83.0,89.0,81.0,85.0,94.0
71,211.0,24.0,34.0,0.0,1.0,82.0,91.0,92.0,89.0,69.0,84.0,65.0,88.0,82.0,73.0,88,85.0,78.0,81.0,86.0,86.0
70,213.0,24.0,16.0,0.0,0.0,82.0,91.0,91.0,85.0,76.0,85.0,68.0,92.0,86.0,89.0,83,88.0,82.0,75.0,83.0,88.0
70,217.0,22.0,13.0,0.0,0.0,82.0,90.0,94.0,93.0,73.0,81.0,66.0,88.0,81.0,80.0,84,82.0,81.0,84.0,88.0,86.0
70,205.0,29.0,0.0,0.0,0.0,81.0,96.0,95.0,89.0,67.0,75.0,63.0,86.0,82.0,74.0,87,84.0,80.0,78.0,86.0,89.0
67,203.0,23.0,36.0,0.0,0.0,81.0,86.0,90.0,91.0,70.0,83.0,68.0,84.0,85.0,78.0,92,84.0,80.0,80.0,89.0,84.0
70,215.0,21.0,20.0,0.0,0.0,81.0,88.0,90.0,85.0,80.0,78.0,68.0,92.0,94.0,89.0,86,84.0,81.0,75.0,82.0,87.0
72,210.0,24.0,40.0,0.0,1.0,81.0,93.0,94.0,85.0,69.0,84.0,68.0,89.0,81.0,67.0,86,83.0,71.0,79.0,86.0,85.0
75,300.0,27.0,0.0,0.0,0.0,81.0,71.0,82.0,74.0,90.0,82.0,69.0,68.0,56.0,68.0,64,64.0,69.0,58.0,62.0,81.0
70,201.0,23.0,11.0,0.0,0.0,80.0,90.0,90.0,86.0,71.0,79.0,69.0,95.0,84.0,78.0,87,85.0,74.0,78.0,85.0,88.0
73,228.0,23.0,27.0,0.0,0.0,80.0,91.0,91.0,89.0,68.0,81.0,72.0,81.0,84.0,77.0,87,86.0,80.0,83.0,88.0,88.0
68,215.0,22.0,36.0,0.0,1.0,80.0,90.0,91.0,90.0,68.0,78.0,72.0,88.0,79.0,76.0,89,83.0,80.0,83.0,87.0,93.0
70,209.0,22.0,17.0,0.0,0.0,80.0,91.0,91.0,87.0,74.0,79.0,65.0,88.0,83.0,79.0,88,85.0,83.0,81.0,87.0,90.0
69,210.0,25.0,21.0,0.0,0.0,79.0,90.0,92.0,90.0,64.0,77.0,78.0,87.0,76.0,51.0,91,82.0,67.0,81.0,87.0,82.0
67,209.0,22.0,18.0,0.0,0.0,79.0,86.0,92.0,89.0,71.0,78.0,69.0,89.0,82.0,77.0,90,83.0,80.0,80.0,87.0,91.0
72,247.0,23.0,0.0,0.0,0.0,79.0,88.0,87.0,79.0,84.0,79.0,68.0,93.0,85.0,88.0,79,83.0,85.0,76.0,76.0,89.0
73,211.0,27.0,33.0,0.0,0.0,79.0,91.0,89.0,89.0,65.0,77.0,69.0,88.0,81.0,64.0,89,82.0,79.0,81.0,88.0,83.0
68,208.0,24.0,0.0,0.0,0.0,79.0,89.0,95.0,88.0,68.0,81.0,67.0,94.0,76.0,72.0,79,82.0,76.0,78.0,86.0,81.0
73,238.0,28.0,2.0,0.0,0.0,78.0,77.0,86.0,73.0,81.0,83.0,69.0,79.0,48.0,79.0,75,73.0,76.0,65.0,69.0,82.0
69,198.0,24.0,25.0,0.0,0.0,78.0,93.0,93.0,90.0,62.0,75.0,77.0,85.0,74.0,45.0,84,79.0,74.0,85.0,86.0,85.0
69,221.0,28.0,37.0,0.0,0.0,78.0,88.0,91.0,85.0,74.0,76.0,71.0,90.0,83.0,83.0,84,84.0,79.0,84.0,85.0,83.0
69,221.0,28.0,0.0,0.0,0.0,78.0,88.0,91.0,85.0,74.0,76.0,71.0,90.0,83.0,83.0,84,84.0,79.0,84.0,85.0,83.0
69,221.0,28.0,1.0,0.0,0.0,78.0,88.0,91.0,85.0,74.0,76.0,71.0,90.0,83.0,83.0,84,84.0,79.0,84.0,85.0,83.0
69,221.0,28.0,0.0,0.0,0.0,78.0,88.0,91.0,85.0,74.0,76.0,71.0,90.0,83.0,83.0,84,84.0,79.0,84.0,85.0,83.0
69,221.0,28.0,20.0,0.0,0.0,78.0,88.0,91.0,85.0,74.0,76.0,71.0,90.0,83.0,83.0,84,84.0,79.0,84.0,85.0,83.0
70,195.0,28.0,0.0,0.0,0.0,78.0,88.0,90.0,91.0,69.0,78.0,77.0,84.0,79.0,57.0,85,79.0,64.0,81.0,85.0,87.0
73,240.0,26.0,0.0,0.0,0.0,78.0,88.0,87.0,82.0,79.0,81.0,62.0,93.0,82.0,86.0,81,86.0,84.0,77.0,81.0,83.0
68,206.0,29.0,49.0,0.0,2.0,78.0,88.0,89.0,89.0,75.0,82.0,69.0,89.0,79.0,76.0,86,83.0,74.0,79.0,86.0,80.0
69,215.0,31.0,0.0,0.0,0.0,78.0,87.0,91.0,86.0,79.0,83.0,72.0,91.0,82.0,85.0,81,83.0,83.0,79.0,84.0,80.0
71,210.0,24.0,0.0,0.0,0.0,77.0,91.0,92.0,93.0,68.0,71.0,63.0,82.0,77.0,66.0,93,80.0,76.0,80.0,87.0,87.0
72,213.0,26.0,33.0,0.0,0.0,77.0,88.0,90.0,86.0,76.0,80.0,70.0,98.0,80.0,83.0,84,82.0,85.0,79.0,78.0,80.0
71,215.0,26.0,21.0,0.0,0.0,77.0,88.0,91.0,92.0,75.0,77.0,66.0,92.0,78.0,82.0,86,79.0,82.0,74.0,83.0,76.0
75,230.0,30.0,44.0,0.0,1.0,77.0,89.0,91.0,86.0,74.0,76.0,69.0,95.0,83.0,85.0,77,82.0,85.0,81.0,83.0,85.0
71,220.0,25.0,13.0,0.0,0.0,77.0,89.0,90.0,87.0,75.0,78.0,65.0,91.0,81.0,75.0,84,82.0,81.0,75.0,86.0,80.0
71,221.0,23.0,21.0,0.0,0.0,77.0,86.0,90.0,81.0,73.0,83.0,70.0,93.0,84.0,86.0,82,83.0,82.0,79.0,84.0,87.0
71,221.0,29.0,0.0,0.0,0.0,76.0,89.0,91.0,87.0,67.0,72.0,72.0,87.0,82.0,73.0,83,82.0,74.0,83.0,88.0,85.0
69,205.0,29.0,42.0,0.0,0.0,76.0,88.0,91.0,88.0,61.0,80.0,70.0,85.0,75.0,52.0,86,78.0,64.0,82.0,86.0,79.0
72,210.0,25.0,20.0,0.0,0.0,76.0,89.0,93.0,92.0,72.0,69.0,66.0,86.0,81.0,62.0,87,81.0,78.0,78.0,85.0,85.0
66,203.0,26.0,11.0,0.0,0.0,76.0,90.0,88.0,91.0,68.0,75.0,70.0,85.0,75.0,52.0,91,77.0,55.0,82.0,84.0,91.0
70,215.0,22.0,0.0,0.0,0.0,76.0,92.0,93.0,87.0,70.0,70.0,69.0,86.0,79.0,77.0,84,80.0,74.0,83.0,87.0,84.0
70,205.0,29.0,36.0,0.0,0.0,76.0,88.0,91.0,88.0,68.0,74.0,78.0,91.0,78.0,62.0,85,80.0,69.0,79.0,87.0,80.0
70,205.0,29.0,37.0,0.0,0.0,76.0,88.0,91.0,88.0,68.0,74.0,78.0,91.0,78.0,62.0,85,80.0,69.0,79.0,87.0,80.0
73,240.0,25.0,0.0,0.0,0.0,76.0,77.0,84.0,72.0,76.0,84.0,72.0,80.0,49.0,77.0,78,71.0,73.0,61.0,71.0,86.0
71,235.0,28.0,0.0,0.0,0.0,76.0,81.0,87.0,81.0,77.0,78.0,70.0,78.0,63.0,79.0,76,75.0,74.0,68.0,72.0,88.0
66,191.0,26.0,21.0,1.0,1.0,75.0,92.0,93.0,94.0,61.0,70.0,72.0,77.0,74.0,64.0,90,76.0,61.0,81.0,89.0,81.0
72,199.0,25.0,12.0,0.0,0.0,75.0,89.0,90.0,90.0,62.0,74.0,67.0,84.0,73.0,74.0,90,79.0,74.0,78.0,86.0,91.0
69,208.0,29.0,32.0,0.0,0.0,75.0,90.0,91.0,94.0,73.0,72.0,72.0,84.0,76.0,58.0,88,78.0,56.0,76.0,84.0,92.0
72,229.0,30.0,32.0,0.0,0.0,75.0,86.0,90.0,89.0,79.0,77.0,67.0,85.0,81.0,85.0,83,80.0,79.0,81.0,84.0,83.0
68,201.0,22.0,66.0,1.0,3.0,75.0,88.0,86.0,89.0,66.0,73.0,68.0,91.0,78.0,80.0,91,79.0,79.0,78.0,86.0,82.0
68,201.0,22.0,12.0,0.0,0.0,75.0,88.0,86.0,89.0,66.0,73.0,68.0,91.0,78.0,80.0,91,79.0,79.0,78.0,86.0,82.0
72,215.0,22.0,4.0,0.0,0.0,74.0,86.0,93.0,89.0,78.0,68.0,68.0,93.0,80.0,81.0,84,79.0,81.0,74.0,84.0,89.0
72,224.0,26.0,0.0,0.0,0.0,74.0,87.0,89.0,78.0,77.0,82.0,73.0,94.0,77.0,82.0,84,80.0,82.0,72.0,80.0,79.0
70,194.0,24.0,13.0,0.0,0.0,74.0,88.0,91.0,82.0,73.0,77.0,74.0,90.0,81.0,71.0,85,81.0,67.0,76.0,84.0,83.0
68,190.0,27.0,0.0,0.0,0.0,74.0,92.0,90.0,89.0,64.0,65.0,65.0,99.0,76.0,70.0,90,77.0,70.0,71.0,81.0,85.0
68,185.0,22.0,16.0,0.0,0.0,74.0,90.0,87.0,86.0,68.0,74.0,69.0,87.0,76.0,69.0,85,81.0,75.0,79.0,85.0,84.0
72,210.0,22.0,23.0,0.0,0.0,74.0,90.0,91.0,88.0,70.0,73.0,67.0,86.0,75.0,72.0,85,80.0,78.0,76.0,84.0,86.0
73,224.0,29.0,3.0,0.0,0.0,74.0,88.0,88.0,86.0,78.0,74.0,71.0,88.0,82.0,82.0,81,83.0,78.0,79.0,86.0,91.0
73,224.0,29.0,42.0,1.0,1.0,74.0,88.0,88.0,86.0,78.0,74.0,71.0,88.0,82.0,82.0,81,83.0,78.0,79.0,86.0,91.0
69,212.0,23.0,13.0,0.0,0.0,73.0,89.0,88.0,87.0,73.0,73.0,66.0,93.0,77.0,78.0,82,80.0,76.0,74.0,82.0,81.0
70,195.0,26.0,0.0,0.0,0.0,73.0,94.0,93.0,90.0,72.0,68.0,68.0,82.0,76.0,68.0,84,78.0,66.0,74.0,84.0,92.0
69,205.0,23.0,18.0,0.0,0.0,73.0,86.0,88.0,85.0,77.0,75.0,67.0,90.0,82.0,84.0,80,81.0,80.0,79.0,81.0,81.0
70,208.0,25.0,0.0,0.0,0.0,73.0,87.0,89.0,85.0,64.0,76.0,67.0,88.0,81.0,81.0,83,81.0,73.0,78.0,83.0,80.0
72,227.0,23.0,22.0,0.0,0.0,73.0,87.0,86.0,83.0,75.0,76.0,66.0,88.0,84.0,85.0,83,82.0,82.0,77.0,82.0,79.0
70,224.0,23.0,0.0,0.0,0.0,73.0,85.0,87.0,83.0,74.0,80.0,65.0,90.0,81.0,86.0,82,81.0,81.0,77.0,82.0,73.0
71,222.0,28.0,0.0,0.0,0.0,72.0,88.0,91.0,84.0,74.0,72.0,63.0,91.0,80.0,84.0,84,80.0,77.0,77.0,79.0,84.0
71,219.0,29.0,19.0,0.0,0.0,72.0,87.0,89.0,88.0,70.0,76.0,69.0,86.0,79.0,69.0,81,79.0,66.0,75.0,83.0,82.0
73,210.0,28.0,33.0,0.0,0.0,72.0,91.0,91.0,91.0,69.0,69.0,68.0,84.0,74.0,73.0,87,78.0,75.0,75.0,82.0,84.0
68,205.0,27.0,0.0,0.0,0.0,72.0,89.0,89.0,86.0,65.0,73.0,73.0,84.0,78.0,70.0,85,81.0,68.0,75.0,85.0,85.0
70,208.0,27.0,17.0,0.0,0.0,72.0,87.0,88.0,91.0,73.0,72.0,64.0,82.0,80.0,77.0,82,80.0,76.0,79.0,84.0,79.0
70,215.0,31.0,21.0,0.0,0.0,72.0,82.0,87.0,87.0,68.0,74.0,71.0,90.0,79.0,75.0,85,81.0,71.0,77.0,84.0,88.0
72,233.0,25.0,0.0,0.0,0.0,72.0,87.0,91.0,83.0,75.0,70.0,70.0,71.0,41.0,78.0,80,73.0,69.0,69.0,71.0,85.0
71,240.0,25.0,24.0,0.0,0.0,71.0,87.0,89.0,81.0,86.0,68.0,67.0,87.0,75.0,87.0,78,78.0,83.0,67.0,77.0,80.0
72,195.0,33.0,3.0,0.0,0.0,71.0,90.0,86.0,87.0,55.0,76.0,65.0,78.0,75.0,54.0,89,75.0,66.0,80.0,84.0,84.0
70,214.0,24.0,2.0,0.0,0.0,71.0,89.0,86.0,86.0,71.0,74.0,66.0,87.0,79.0,78.0,79,79.0,75.0,77.0,83.0,78.0
69,210.0,27.0,28.0,0.0,0.0,71.0,89.0,89.0,92.0,69.0,68.0,74.0,79.0,77.0,68.0,86,78.0,78.0,76.0,85.0,85.0
72,232.0,26.0,27.0,0.0,1.0,71.0,87.0,87.0,82.0,80.0,77.0,66.0,92.0,76.0,81.0,77,80.0,77.0,72.0,81.0,84.0
74,234.0,28.0,0.0,0.0,0.0,71.0,79.0,84.0,75.0,77.0,77.0,64.0,82.0,58.0,78.0,65,76.0,77.0,66.0,69.0,71.0
71,225.0,27.0,0.0,0.0,0.0,71.0,87.0,90.0,84.0,73.0,75.0,64.0,90.0,76.0,82.0,79,78.0,75.0,76.0,81.0,77.0
70,200.0,23.0,15.0,0.0,0.0,71.0,90.0,91.0,88.0,67.0,68.0,67.0,87.0,70.0,64.0,85,75.0,76.0,80.0,83.0,91.0
74,231.0,25.0,6.0,0.0,0.0,71.0,91.0,92.0,87.0,77.0,68.0,66.0,87.0,77.0,83.0,84,76.0,77.0,72.0,83.0,88.0
72,216.0,26.0,0.0,0.0,0.0,71.0,89.0,87.0,83.0,75.0,70.0,66.0,88.0,78.0,83.0,83,77.0,73.0,80.0,85.0,75.0
72,215.0,25.0,0.0,0.0,0.0,70.0,87.0,89.0,84.0,75.0,76.0,67.0,82.0,78.0,84.0,84,80.0,76.0,76.0,79.0,84.0
69,189.0,23.0,0.0,0.0,0.0,70.0,89.0,90.0,87.0,60.0,66.0,71.0,89.0,75.0,54.0,85,75.0,67.0,78.0,81.0,79.0
71,212.0,23.0,9.0,0.0,0.0,70.0,89.0,87.0,84.0,75.0,74.0,67.0,87.0,77.0,82.0,81,79.0,77.0,76.0,79.0,80.0
70,220.0,26.0,0.0,0.0,0.0,70.0,86.0,88.0,88.0,74.0,69.0,69.0,85.0,77.0,74.0,83,79.0,76.0,77.0,83.0,78.0
75,248.0,25.0,0.0,0.0,0.0,70.0,83.0,88.0,75.0,75.0,63.0,71.0,73.0,52.0,74.0,74,68.0,67.0,52.0,61.0,79.0
71,210.0,23.0,15.0,0.0,0.0,70.0,92.0,91.0,86.0,64.0,71.0,65.0,87.0,72.0,62.0,85,77.0,68.0,71.0,76.0,82.0
69,203.0,28.0,21.0,0.0,0.0,70.0,87.0,93.0,88.0,68.0,65.0,72.0,79.0,73.0,57.0,93,73.0,67.0,76.0,88.0,90.0
71,220.0,31.0,0.0,0.0,0.0,70.0,87.0,89.0,84.0,76.0,79.0,67.0,89.0,70.0,82.0,77,79.0,82.0,78.0,77.0,86.0
73,233.0,25.0,17.0,0.0,0.0,70.0,89.0,87.0,82.0,80.0,74.0,60.0,85.0,77.0,85.0,82,78.0,80.0,70.0,78.0,82.0
72,240.0,29.0,1.0,0.0,0.0,69.0,80.0,86.0,77.0,82.0,80.0,63.0,74.0,29.0,76.0,75,72.0,70.0,63.0,61.0,80.0
70,207.0,26.0,0.0,0.0,0.0,69.0,86.0,88.0,81.0,69.0,73.0,63.0,88.0,78.0,67.0,82,79.0,67.0,74.0,82.0,82.0
71,196.0,22.0,0.0,0.0,0.0,69.0,90.0,92.0,84.0,62.0,68.0,65.0,86.0,77.0,61.0,82,77.0,63.0,73.0,81.0,83.0
65,185.0,23.0,0.0,0.0,0.0,69.0,86.0,88.0,83.0,64.0,65.0,67.0,85.0,76.0,80.0,88,77.0,68.0,82.0,86.0,83.0
72,238.0,25.0,13.0,0.0,0.0,69.0,88.0,89.0,83.0,78.0,67.0,68.0,88.0,78.0,82.0,84,77.0,83.0,68.0,83.0,80.0
70,203.0,23.0,3.0,0.0,0.0,69.0,92.0,91.0,91.0,69.0,60.0,65.0,89.0,72.0,56.0,82,77.0,65.0,75.0,78.0,87.0
72,210.0,23.0,4.0,0.0,0.0,69.0,94.0,95.0,88.0,68.0,65.0,61.0,84.0,75.0,63.0,83,73.0,67.0,70.0,79.0,86.0
71,185.0,27.0,2.0,0.0,0.0,68.0,92.0,94.0,87.0,61.0,58.0,62.0,80.0,70.0,46.0,89,76.0,64.0,76.0,82.0,87.0
73,244.0,24.0,0.0,0.0,0.0,68.0,84.0,89.0,82.0,77.0,59.0,67.0,70.0,61.0,72.0,77,66.0,69.0,54.0,60.0,85.0
75,255.0,25.0,0.0,0.0,0.0,68.0,84.0,89.0,79.0,77.0,58.0,73.0,67.0,57.0,67.0,77,65.0,65.0,57.0,62.0,82.0
72,197.0,26.0,0.0,0.0,0.0,68.0,86.0,91.0,87.0,72.0,73.0,67.0,84.0,78.0,79.0,86,72.0,73.0,71.0,78.0,82.0
74,234.0,28.0,1.0,0.0,0.0,68.0,79.0,85.0,74.0,74.0,69.0,68.0,77.0,41.0,77.0,74,74.0,73.0,62.0,70.0,81.0
71,202.0,26.0,0.0,0.0,0.0,68.0,92.0,90.0,87.0,67.0,65.0,63.0,83.0,75.0,72.0,80,73.0,84.0,79.0,80.0,83.0
71,219.0,23.0,2.0,0.0,0.0,67.0,88.0,92.0,88.0,67.0,62.0,68.0,82.0,72.0,59.0,88,75.0,66.0,76.0,79.0,90.0
69,196.0,30.0,0.0,0.0,0.0,67.0,90.0,91.0,86.0,68.0,63.0,66.0,84.0,76.0,74.0,84,74.0,70.0,73.0,83.0,83.0
70,205.0,26.0,0.0,0.0,0.0,67.0,90.0,89.0,86.0,69.0,62.0,67.0,86.0,74.0,66.0,80,76.0,78.0,75.0,82.0,93.0
69,207.0,22.0,4.0,0.0,0.0,67.0,87.0,88.0,85.0,67.0,66.0,65.0,84.0,77.0,78.0,84,76.0,73.0,77.0,79.0,91.0
70,215.0,23.0,0.0,0.0,0.0,67.0,87.0,89.0,81.0,71.0,67.0,64.0,94.0,75.0,83.0,83,73.0,83.0,73.0,80.0,88.0
75,255.0,26.0,0.0,0.0,0.0,67.0,70.0,79.0,72.0,82.0,79.0,60.0,70.0,30.0,75.0,68,52.0,67.0,46.0,52.0,71.0
72,220.0,24.0,0.0,0.0,0.0,67.0,90.0,92.0,85.0,71.0,68.0,67.0,85.0,73.0,63.0,83,73.0,73.0,71.0,81.0,82.0
73,223.0,27.0,4.0,0.0,0.0,67.0,88.0,89.0,86.0,73.0,67.0,62.0,84.0,76.0,56.0,83,76.0,80.0,73.0,79.0,86.0
70,202.0,23.0,8.0,0.0,0.0,67.0,90.0,90.0,83.0,62.0,72.0,67.0,84.0,74.0,72.0,85,75.0,65.0,69.0,77.0,90.0
68,193.0,22.0,43.0,0.0,0.0,67.0,91.0,89.0,89.0,67.0,62.0,62.0,82.0,75.0,68.0,89,75.0,71.0,71.0,81.0,76.0
68,205.0,24.0,0.0,0.0,0.0,66.0,88.0,89.0,84.0,63.0,65.0,69.0,83.0,73.0,60.0,87,77.0,69.0,74.0,77.0,89.0
68,206.0,23.0,3.0,0.0,0.0,66.0,89.0,90.0,83.0,64.0,69.0,69.0,81.0,76.0,58.0,79,77.0,68.0,76.0,77.0,80.0
75,235.0,23.0,0.0,0.0,0.0,66.0,75.0,84.0,74.0,75.0,68.0,66.0,69.0,50.0,72.0,72,67.0,68.0,54.0,63.0,79.0
71,213.0,23.0,0.0,0.0,0.0,66.0,88.0,88.0,85.0,72.0,62.0,63.0,82.0,77.0,76.0,83,79.0,74.0,73.0,82.0,87.0
68,193.0,23.0,0.0,0.0,0.0,66.0,90.0,92.0,82.0,66.0,64.0,70.0,82.0,73.0,63.0,85,75.0,63.0,75.0,78.0,89.0
67,195.0,21.0,0.0,0.0,0.0,66.0,86.0,90.0,83.0,61.0,61.0,67.0,79.0,75.0,47.0,83,80.0,53.0,79.0,85.0,74.0
70,210.0,27.0,0.0,0.0,0.0,66.0,85.0,88.0,84.0,71.0,69.0,67.0,86.0,75.0,49.0,86,74.0,58.0,72.0,82.0,84.0
71,216.0,23.0,3.0,0.0,0.0,66.0,85.0,86.0,81.0,75.0,71.0,67.0,90.0,74.0,80.0,80,79.0,78.0,70.0,76.0,83.0
70,204.0,23.0,0.0,0.0,0.0,66.0,89.0,91.0,84.0,69.0,61.0,62.0,87.0,73.0,74.0,87,74.0,69.0,73.0,77.0,85.0
70,217.0,22.0,7.0,0.0,0.0,66.0,86.0,87.0,81.0,75.0,73.0,70.0,88.0,76.0,80.0,78,77.0,76.0,72.0,75.0,81.0
71,210.0,22.0,0.0,0.0,0.0,65.0,85.0,86.0,85.0,72.0,68.0,64.0,91.0,73.0,75.0,79,76.0,76.0,72.0,80.0,77.0
74,245.0,25.0,0.0,0.0,0.0,65.0,82.0,88.0,78.0,80.0,60.0,64.0,72.0,32.0,73.0,73,63.0,68.0,53.0,57.0,83.0
73,235.0,25.0,0.0,0.0,0.0,65.0,83.0,86.0,82.0,72.0,74.0,58.0,69.0,46.0,58.0,72,53.0,56.0,49.0,54.0,81.0
70,206.0,21.0,1.0,0.0,0.0,65.0,86.0,89.0,82.0,60.0,70.0,69.0,84.0,73.0,63.0,80,78.0,70.0,71.0,78.0,80.0
71,220.0,23.0,0.0,0.0,0.0,65.0,86.0,87.0,79.0,69.0,64.0,59.0,91.0,79.0,81.0,83,79.0,79.0,70.0,75.0,79.0
72,202.0,23.0,0.0,0.0,0.0,64.0,89.0,91.0,86.0,66.0,58.0,66.0,80.0,75.0,69.0,83,75.0,72.0,77.0,78.0,81.0
75,240.0,23.0,0.0,0.0,0.0,64.0,84.0,88.0,80.0,78.0,63.0,68.0,83.0,80.0,83.0,78,74.0,79.0,69.0,75.0,84.0
73,232.0,24.0,1.0,0.0,0.0,64.0,86.0,87.0,79.0,70.0,67.0,61.0,90.0,78.0,79.0,81,74.0,79.0,73.0,77.0,73.0
72,217.0,27.0,5.0,0.0,0.0,64.0,84.0,88.0,84.0,70.0,65.0,58.0,84.0,75.0,78.0,80,76.0,81.0,73.0,81.0,83.0
73,235.0,26.0,0.0,0.0,0.0,64.0,88.0,86.0,85.0,71.0,58.0,65.0,71.0,44.0,73.0,78,69.0,71.0,56.0,64.0,79.0
71,215.0,23.0,1.0,0.0,0.0,64.0,86.0,88.0,82.0,73.0,63.0,59.0,84.0,76.0,77.0,84,76.0,68.0,75.0,77.0,83.0
71,225.0,25.0,0.0,0.0,0.0,64.0,84.0,90.0,86.0,66.0,65.0,67.0,85.0,74.0,67.0,81,76.0,69.0,69.0,77.0,84.0
75,240.0,24.0,0.0,0.0,0.0,63.0,79.0,85.0,78.0,69.0,60.0,68.0,74.0,51.0,68.0,73,74.0,49.0,67.0,72.0,79.0
68,188.0,23.0,0.0,0.0,0.0,63.0,92.0,90.0,86.0,63.0,59.0,66.0,82.0,72.0,56.0,87,73.0,60.0,69.0,74.0,87.0
73,250.0,32.0,0.0,0.0,0.0,63.0,77.0,83.0,84.0,80.0,75.0,61.0,68.0,28.0,60.0,79,50.0,55.0,48.0,56.0,79.0
72,240.0,29.0,6.0,0.0,0.0,62.0,75.0,79.0,82.0,76.0,76.0,62.0,75.0,42.0,59.0,68,55.0,58.0,55.0,64.0,76.0
72,240.0,29.0,0.0,0.0,0.0,62.0,75.0,79.0,82.0,76.0,76.0,62.0,75.0,42.0,59.0,68,55.0,58.0,55.0,64.0,76.0
68,190.0,25.0,0.0,0.0,0.0,62.0,89.0,92.0,88.0,60.0,55.0,65.0,82.0,71.0,55.0,82,72.0,69.0,71.0,77.0,78.0
71,212.0,26.0,0.0,0.0,0.0,62.0,88.0,88.0,92.0,66.0,59.0,62.0,82.0,69.0,50.0,86,72.0,54.0,67.0,74.0,85.0
74,239.0,25.0,0.0,0.0,0.0,61.0,86.0,88.0,83.0,65.0,60.0,65.0,80.0,77.0,78.0,82,79.0,77.0,69.0,74.0,80.0
72,235.0,25.0,0.0,0.0,0.0,61.0,83.0,85.0,87.0,73.0,59.0,62.0,67.0,43.0,61.0,75,57.0,66.0,51.0,55.0,77.0
72,245.0,24.0,0.0,0.0,0.0,61.0,78.0,83.0,77.0,77.0,59.0,66.0,68.0,37.0,63.0,68,64.0,63.0,59.0,64.0,84.0
73,215.0,25.0,0.0,0.0,0.0,60.0,87.0,88.0,82.0,72.0,65.0,62.0,82.0,75.0,78.0,75,72.0,76.0,68.0,78.0,69.0
68,209.0,23.0,0.0,0.0,0.0,60.0,87.0,89.0,81.0,72.0,56.0,62.0,86.0,74.0,75.0,80,75.0,70.0,71.0,77.0,74.0
72,229.0,22.0,0.0,0.0,0.0,60.0,76.0,82.0,77.0,72.0,60.0,63.0,69.0,55.0,64.0,74,60.0,54.0,53.0,58.0,84.0
68,208.0,23.0,0.0,0.0,0.0,58.0,83.0,92.0,81.0,64.0,53.0,55.0,79.0,77.0,72.0,81,77.0,72.0,69.0,75.0,81.0
71,218.0,22.0,0.0,0.0,0.0,56.0,91.0,92.0,79.0,66.0,54.0,64.0,75.0,77.0,70.0,75,74.0,68.0,69.0,73.0,86.0
74,217.0,23.0,0.0,0.0,0.0,56.0,87.0,89.0,78.0,67.0,55.0,67.0,84.0,79.0,77.0,78,68.0,65.0,69.0,74.0,82.0
75,247.0,28.0,76.0,1.0,5.0,97.0,93.0,86.0,85.0,87.0,98.0,66.0,98.0,91.0,93.0,79,93.0,99.0,75.0,86.0,88.0
71,205.0,26.0,74.0,2.0,3.0,96.0,91.0,93.0,96.0,72.0,91.0,83.0,96.0,83.0,59.0,94,94.0,77.0,91.0,93.0,90.0
71,227.0,26.0,47.0,0.0,4.0,96.0,92.0,91.0,83.0,85.0,98.0,67.0,95.0,98.0,91.0,82,92.0,94.0,74.0,87.0,92.0
70,226.0,23.0,45.0,1.0,2.0,95.0,94.0,93.0,87.0,82.0,96.0,70.0,95.0,95.0,88.0,87,97.0,93.0,83.0,93.0,84.0
70,210.0,27.0,52.0,0.0,4.0,94.0,91.0,92.0,95.0,74.0,92.0,71.0,88.0,93.0,74.0,95,95.0,82.0,87.0,94.0,77.0
73,218.0,26.0,56.0,0.0,2.0,93.0,91.0,93.0,91.0,83.0,94.0,72.0,96.0,89.0,88.0,89,92.0,90.0,83.0,92.0,84.0
70,215.0,27.0,76.0,0.0,5.0,90.0,89.0,94.0,92.0,77.0,90.0,76.0,92.0,90.0,87.0,89,91.0,91.0,85.0,91.0,92.0
69,208.0,27.0,18.0,0.0,0.0,89.0,90.0,93.0,93.0,71.0,88.0,76.0,90.0,87.0,84.0,90,89.0,86.0,84.0,94.0,89.0
69,208.0,27.0,64.0,0.0,1.0,89.0,90.0,93.0,93.0,71.0,88.0,76.0,90.0,87.0,84.0,90,89.0,86.0,84.0,94.0,89.0
70,200.0,27.0,0.0,0.0,0.0,88.0,91.0,92.0,92.0,82.0,93.0,79.0,88.0,85.0,76.0,86,85.0,72.0,89.0,89.0,89.0
72,228.0,27.0,68.0,1.0,3.0,88.0,89.0,91.0,91.0,80.0,89.0,70.0,91.0,83.0,86.0,86,91.0,87.0,86.0,92.0,95.0
70,220.0,24.0,51.0,1.0,3.0,87.0,87.0,92.0,87.0,86.0,84.0,69.0,93.0,92.0,90.0,85,88.0,88.0,80.0,88.0,84.0
73,235.0,31.0,20.0,1.0,9.0,87.0,80.0,84.0,82.0,79.0,85.0,75.0,76.0,64.0,85.0,77,83.0,85.0,72.0,76.0,88.0
72,228.0,27.0,38.0,0.0,0.0,87.0,90.0,88.0,84.0,84.0,95.0,68.0,97.0,87.0,92.0,78,82.0,84.0,82.0,81.0,75.0
71,216.0,27.0,49.0,0.0,1.0,86.0,89.0,92.0,91.0,81.0,86.0,70.0,94.0,89.0,87.0,88,86.0,87.0,80.0,91.0,92.0
71,233.0,25.0,58.0,1.0,3.0,86.0,92.0,93.0,96.0,81.0,82.0,73.0,92.0,85.0,83.0,89,77.0,86.0,88.0,90.0,94.0
74,220.0,31.0,42.0,4.0,4.0,85.0,91.0,92.0,95.0,65.0,80.0,82.0,89.0,79.0,64.0,86,82.0,59.0,82.0,87.0,86.0
74,242.0,24.0,29.0,0.0,1.0,85.0,88.0,91.0,85.0,83.0,87.0,73.0,96.0,88.0,88.0,88,83.0,89.0,81.0,85.0,94.0
70,222.0,25.0,44.0,0.0,0.0,84.0,88.0,91.0,86.0,74.0,85.0,75.0,97.0,86.0,84.0,85,87.0,77.0,82.0,87.0,75.0
69,219.0,24.0,0.0,0.0,0.0,84.0,86.0,90.0,83.0,82.0,87.0,69.0,88.0,93.0,89.0,85,89.0,85.0,75.0,82.0,92.0
70,217.0,23.0,13.0,0.0,0.0,83.0,90.0,94.0,93.0,73.0,82.0,66.0,88.0,81.0,80.0,84,82.0,81.0,84.0,88.0,86.0
71,222.0,27.0,29.0,0.0,0.0,83.0,88.0,89.0,83.0,83.0,86.0,69.0,90.0,87.0,87.0,82,90.0,87.0,79.0,83.0,93.0
73,215.0,29.0,0.0,0.0,0.0,83.0,91.0,88.0,89.0,74.0,83.0,71.0,87.0,86.0,79.0,86,90.0,86.0,84.0,90.0,85.0
70,213.0,25.0,16.0,0.0,0.0,82.0,91.0,92.0,85.0,76.0,85.0,68.0,92.0,86.0,89.0,83,88.0,82.0,75.0,83.0,88.0
70,215.0,22.0,20.0,0.0,0.0,82.0,88.0,91.0,85.0,80.0,79.0,68.0,92.0,94.0,89.0,86,84.0,81.0,75.0,82.0,87.0
71,211.0,25.0,34.0,0.0,1.0,82.0,91.0,93.0,89.0,69.0,82.0,65.0,88.0,82.0,75.0,88,85.0,78.0,80.0,86.0,86.0
67,203.0,24.0,36.0,0.0,0.0,81.0,86.0,90.0,91.0,70.0,84.0,68.0,84.0,85.0,78.0,92,84.0,80.0,80.0,89.0,84.0
70,212.0,23.0,17.0,0.0,0.0,81.0,91.0,92.0,87.0,74.0,81.0,64.0,88.0,83.0,79.0,88,85.0,83.0,81.0,87.0,90.0
73,233.0,27.0,48.0,0.0,2.0,81.0,88.0,88.0,82.0,81.0,80.0,70.0,89.0,88.0,86.0,81,87.0,92.0,82.0,85.0,76.0
75,300.0,28.0,0.0,0.0,0.0,81.0,70.0,75.0,74.0,90.0,82.0,69.0,68.0,56.0,68.0,63,64.0,69.0,58.0,62.0,81.0
72,210.0,25.0,40.0,0.0,1.0,81.0,93.0,95.0,85.0,69.0,83.0,68.0,89.0,81.0,70.0,86,83.0,71.0,79.0,86.0,85.0
72,247.0,24.0,0.0,0.0,0.0,80.0,88.0,87.0,79.0,84.0,79.0,68.0,94.0,85.0,88.0,79,83.0,85.0,76.0,76.0,89.0
73,220.0,24.0,27.0,0.0,0.0,80.0,91.0,92.0,89.0,68.0,81.0,72.0,80.0,84.0,77.0,87,86.0,80.0,83.0,88.0,88.0
68,211.0,23.0,36.0,0.0,1.0,80.0,90.0,92.0,90.0,68.0,77.0,72.0,88.0,79.0,76.0,89,83.0,80.0,83.0,87.0,93.0
70,201.0,24.0,11.0,0.0,0.0,80.0,90.0,91.0,86.0,71.0,78.0,69.0,95.0,84.0,78.0,87,85.0,74.0,78.0,86.0,88.0
69,210.0,26.0,21.0,0.0,0.0,79.0,90.0,92.0,90.0,64.0,77.0,78.0,87.0,76.0,51.0,90,82.0,67.0,81.0,87.0,82.0
67,205.0,23.0,18.0,0.0,0.0,79.0,86.0,93.0,89.0,72.0,77.0,69.0,89.0,82.0,77.0,90,83.0,80.0,81.0,87.0,91.0
68,208.0,25.0,0.0,0.0,0.0,79.0,89.0,95.0,88.0,68.0,81.0,67.0,94.0,76.0,72.0,79,82.0,76.0,78.0,86.0,81.0
73,211.0,28.0,33.0,0.0,0.0,79.0,91.0,87.0,88.0,65.0,80.0,69.0,88.0,81.0,64.0,88,82.0,79.0,81.0,88.0,83.0
73,238.0,29.0,2.0,0.0,0.0,78.0,77.0,85.0,72.0,81.0,83.0,69.0,79.0,48.0,79.0,74,73.0,76.0,65.0,69.0,82.0
73,238.0,27.0,0.0,0.0,0.0,78.0,88.0,86.0,82.0,79.0,81.0,62.0,93.0,82.0,86.0,81,86.0,84.0,77.0,81.0,83.0
70,195.0,29.0,0.0,0.0,0.0,78.0,88.0,90.0,91.0,69.0,78.0,77.0,84.0,79.0,57.0,84,79.0,64.0,81.0,85.0,87.0
69,198.0,25.0,25.0,0.0,0.0,78.0,92.0,93.0,90.0,62.0,75.0,77.0,85.0,74.0,45.0,84,79.0,74.0,85.0,86.0,85.0
70,205.0,30.0,0.0,0.0,0.0,78.0,95.0,95.0,87.0,67.0,73.0,63.0,85.0,81.0,74.0,86,83.0,80.0,78.0,85.0,89.0
71,220.0,26.0,13.0,0.0,0.0,78.0,90.0,91.0,87.0,75.0,79.0,65.0,91.0,81.0,75.0,84,82.0,81.0,75.0,86.0,80.0
71,215.0,24.0,21.0,0.0,0.0,77.0,86.0,91.0,81.0,73.0,83.0,70.0,93.0,84.0,86.0,82,83.0,82.0,79.0,84.0,87.0
72,224.0,27.0,33.0,0.0,0.0,77.0,88.0,89.0,85.0,76.0,80.0,70.0,98.0,80.0,83.0,83,82.0,85.0,79.0,78.0,80.0
69,209.0,21.0,0.0,0.0,0.0,77.0,93.0,94.0,92.0,78.0,63.0,63.0,89.0,80.0,82.0,90,83.0,78.0,77.0,84.0,83.0
71,210.0,25.0,0.0,0.0,0.0,77.0,90.0,92.0,92.0,68.0,71.0,63.0,82.0,77.0,66.0,92,80.0,76.0,80.0,87.0,87.0
71,215.0,27.0,21.0,0.0,0.0,77.0,87.0,91.0,91.0,75.0,79.0,66.0,92.0,78.0,82.0,86,79.0,82.0,74.0,83.0,76.0
70,215.0,23.0,0.0,0.0,0.0,77.0,92.0,94.0,87.0,70.0,70.0,69.0,86.0,79.0,77.0,84,80.0,74.0,83.0,87.0,84.0
73,240.0,26.0,0.0,0.0,0.0,76.0,77.0,80.0,72.0,76.0,84.0,72.0,80.0,49.0,77.0,77,71.0,73.0,61.0,71.0,86.0
71,220.0,21.0,20.0,0.0,0.0,76.0,91.0,92.0,90.0,76.0,66.0,70.0,90.0,79.0,80.0,91,81.0,77.0,79.0,83.0,92.0
71,221.0,30.0,0.0,0.0,0.0,76.0,88.0,91.0,86.0,67.0,72.0,72.0,87.0,82.0,73.0,83,82.0,74.0,83.0,88.0,85.0
70,205.0,30.0,36.0,0.0,0.0,76.0,88.0,91.0,88.0,68.0,74.0,78.0,91.0,78.0,62.0,84,80.0,69.0,79.0,87.0,80.0
70,205.0,30.0,37.0,0.0,0.0,76.0,88.0,91.0,88.0,68.0,74.0,78.0,91.0,78.0,62.0,84,80.0,69.0,79.0,87.0,80.0
69,215.0,32.0,0.0,0.0,0.0,76.0,87.0,91.0,85.0,79.0,78.0,72.0,91.0,82.0,85.0,81,83.0,83.0,75.0,83.0,80.0
69,220.0,29.0,37.0,0.0,0.0,76.0,87.0,89.0,84.0,74.0,76.0,71.0,90.0,83.0,83.0,84,84.0,79.0,84.0,85.0,83.0
69,220.0,29.0,0.0,0.0,0.0,76.0,87.0,89.0,84.0,74.0,76.0,71.0,90.0,83.0,83.0,84,84.0,79.0,84.0,85.0,83.0
69,220.0,29.0,1.0,0.0,0.0,76.0,87.0,89.0,84.0,74.0,76.0,71.0,90.0,83.0,83.0,84,84.0,79.0,84.0,85.0,83.0
69,220.0,29.0,0.0,0.0,0.0,76.0,87.0,89.0,84.0,74.0,76.0,71.0,90.0,83.0,83.0,84,84.0,79.0,84.0,85.0,83.0
69,220.0,29.0,20.0,0.0,0.0,76.0,87.0,89.0,84.0,74.0,76.0,71.0,90.0,83.0,83.0,84,84.0,79.0,84.0,85.0,83.0
66,203.0,27.0,11.0,0.0,0.0,75.0,90.0,88.0,90.0,68.0,75.0,70.0,85.0,75.0,52.0,91,77.0,55.0,82.0,84.0,91.0
71,250.0,29.0,0.0,0.0,0.0,75.0,81.0,85.0,79.0,77.0,75.0,70.0,78.0,63.0,79.0,74,75.0,74.0,68.0,72.0,88.0
69,205.0,30.0,42.0,0.0,0.0,75.0,88.0,91.0,88.0,61.0,78.0,70.0,85.0,75.0,52.0,85,78.0,64.0,82.0,86.0,79.0
72,204.0,22.0,28.0,0.0,2.0,75.0,92.0,93.0,93.0,67.0,62.0,72.0,88.0,76.0,64.0,92,79.0,71.0,76.0,85.0,81.0
69,208.0,30.0,32.0,0.0,0.0,75.0,90.0,91.0,93.0,73.0,75.0,72.0,84.0,76.0,58.0,87,78.0,56.0,76.0,84.0,92.0
72,210.0,26.0,20.0,0.0,0.0,75.0,88.0,92.0,91.0,72.0,71.0,66.0,85.0,79.0,62.0,86,81.0,78.0,77.0,84.0,85.0
68,201.0,23.0,66.0,1.0,3.0,75.0,88.0,86.0,89.0,66.0,73.0,68.0,91.0,78.0,80.0,91,79.0,79.0,79.0,86.0,82.0
68,201.0,23.0,12.0,0.0,0.0,75.0,88.0,86.0,89.0,66.0,73.0,68.0,91.0,78.0,80.0,91,79.0,79.0,79.0,86.0,82.0
72,210.0,23.0,23.0,0.0,0.0,74.0,90.0,91.0,88.0,70.0,73.0,67.0,86.0,75.0,73.0,85,80.0,78.0,76.0,84.0,86.0
72,224.0,27.0,0.0,0.0,0.0,74.0,87.0,89.0,78.0,77.0,82.0,73.0,94.0,77.0,82.0,84,80.0,82.0,72.0,80.0,79.0
68,200.0,23.0,16.0,0.0,0.0,74.0,90.0,87.0,86.0,68.0,74.0,69.0,87.0,76.0,69.0,85,81.0,75.0,79.0,85.0,84.0
70,194.0,25.0,13.0,0.0,0.0,74.0,88.0,91.0,82.0,73.0,77.0,74.0,90.0,81.0,71.0,85,81.0,67.0,76.0,84.0,83.0
72,215.0,23.0,4.0,0.0,0.0,74.0,86.0,93.0,89.0,78.0,68.0,68.0,93.0,80.0,81.0,84,79.0,81.0,74.0,84.0,89.0
70,224.0,24.0,0.0,0.0,0.0,73.0,85.0,87.0,83.0,74.0,79.0,65.0,90.0,81.0,86.0,82,81.0,81.0,77.0,82.0,73.0
70,208.0,26.0,0.0,0.0,0.0,73.0,87.0,89.0,85.0,64.0,76.0,67.0,88.0,81.0,81.0,83,81.0,73.0,78.0,83.0,80.0
69,210.0,28.0,28.0,0.0,0.0,73.0,88.0,89.0,92.0,69.0,76.0,74.0,79.0,77.0,68.0,86,78.0,78.0,76.0,85.0,85.0
72,217.0,21.0,1.0,0.0,0.0,73.0,88.0,90.0,87.0,75.0,71.0,69.0,88.0,79.0,81.0,84,81.0,73.0,74.0,84.0,79.0
69,212.0,24.0,13.0,0.0,0.0,73.0,89.0,88.0,87.0,73.0,73.0,66.0,93.0,77.0,78.0,82,80.0,76.0,74.0,82.0,81.0
72,227.0,24.0,22.0,0.0,0.0,73.0,87.0,86.0,83.0,75.0,76.0,66.0,88.0,84.0,85.0,83,82.0,83.0,77.0,82.0,79.0
71,240.0,26.0,24.0,0.0,0.0,73.0,87.0,89.0,81.0,85.0,75.0,67.0,87.0,75.0,87.0,78,78.0,83.0,67.0,77.0,80.0
74,224.0,23.0,0.0,0.0,0.0,72.0,88.0,90.0,79.0,80.0,72.0,64.0,92.0,82.0,83.0,76,80.0,75.0,70.0,79.0,78.0
70,224.0,22.0,12.0,0.0,0.0,72.0,86.0,91.0,82.0,81.0,73.0,65.0,91.0,78.0,84.0,81,82.0,76.0,71.0,80.0,82.0
70,200.0,24.0,15.0,0.0,0.0,72.0,91.0,92.0,88.0,67.0,68.0,67.0,87.0,70.0,64.0,85,75.0,75.0,80.0,83.0,91.0
72,233.0,26.0,0.0,0.0,0.0,72.0,87.0,92.0,83.0,75.0,70.0,70.0,71.0,41.0,78.0,80,73.0,69.0,69.0,71.0,85.0
70,190.0,27.0,0.0,0.0,0.0,72.0,93.0,93.0,89.0,71.0,68.0,68.0,82.0,76.0,68.0,83,78.0,66.0,74.0,84.0,92.0
68,190.0,28.0,0.0,0.0,0.0,72.0,89.0,89.0,88.0,64.0,64.0,65.0,99.0,76.0,70.0,89,77.0,70.0,71.0,81.0,85.0
70,215.0,32.0,21.0,0.0,0.0,72.0,82.0,83.0,86.0,68.0,80.0,71.0,90.0,79.0,75.0,84,81.0,71.0,77.0,84.0,88.0
73,210.0,29.0,33.0,0.0,0.0,72.0,91.0,91.0,89.0,69.0,71.0,68.0,84.0,74.0,73.0,86,78.0,75.0,75.0,82.0,84.0
69,205.0,24.0,18.0,0.0,0.0,72.0,86.0,87.0,85.0,77.0,75.0,67.0,90.0,82.0,84.0,80,81.0,80.0,78.0,81.0,81.0
73,233.0,26.0,17.0,0.0,0.0,71.0,88.0,86.0,81.0,80.0,78.0,60.0,86.0,77.0,85.0,82,78.0,80.0,70.0,78.0,82.0
70,214.0,25.0,2.0,0.0,0.0,71.0,89.0,86.0,86.0,71.0,74.0,66.0,87.0,79.0,78.0,79,79.0,75.0,77.0,83.0,78.0
72,219.0,21.0,1.0,0.0,0.0,71.0,90.0,93.0,86.0,79.0,72.0,61.0,86.0,77.0,81.0,85,76.0,82.0,72.0,78.0,84.0
69,203.0,29.0,21.0,0.0,0.0,70.0,88.0,93.0,88.0,68.0,65.0,72.0,79.0,73.0,57.0,91,73.0,67.0,76.0,88.0,90.0
71,220.0,32.0,0.0,0.0,0.0,70.0,86.0,88.0,83.0,76.0,81.0,67.0,91.0,70.0,81.0,77,79.0,82.0,78.0,77.0,86.0
69,189.0,24.0,0.0,0.0,0.0,70.0,89.0,90.0,87.0,60.0,66.0,71.0,89.0,75.0,54.0,85,75.0,67.0,78.0,81.0,79.0
72,215.0,26.0,0.0,0.0,0.0,70.0,87.0,90.0,84.0,75.0,75.0,67.0,83.0,78.0,84.0,84,80.0,76.0,76.0,79.0,84.0
71,212.0,24.0,9.0,0.0,0.0,70.0,89.0,88.0,84.0,75.0,74.0,67.0,87.0,77.0,82.0,81,79.0,77.0,76.0,79.0,80.0
73,215.0,23.0,21.0,0.0,0.0,70.0,90.0,92.0,85.0,71.0,64.0,71.0,87.0,75.0,74.0,86,77.0,72.0,75.0,83.0,87.0
72,195.0,34.0,3.0,0.0,0.0,70.0,89.0,86.0,87.0,55.0,76.0,65.0,78.0,75.0,54.0,88,75.0,66.0,80.0,84.0,84.0
71,210.0,24.0,15.0,0.0,0.0,70.0,92.0,91.0,86.0,64.0,71.0,65.0,87.0,72.0,62.0,85,77.0,68.0,71.0,76.0,82.0
72,217.0,22.0,5.0,0.0,0.0,70.0,91.0,91.0,84.0,77.0,68.0,62.0,89.0,78.0,79.0,82,78.0,72.0,73.0,81.0,80.0
75,256.0,23.0,0.0,0.0,0.0,69.0,81.0,80.0,83.0,81.0,58.0,67.0,72.0,51.0,79.0,70,70.0,72.0,65.0,65.0,87.0
75,248.0,26.0,0.0,0.0,0.0,69.0,82.0,87.0,74.0,74.0,63.0,71.0,73.0,52.0,74.0,71,68.0,67.0,52.0,61.0,79.0
70,203.0,24.0,3.0,0.0,0.0,69.0,92.0,91.0,91.0,69.0,60.0,65.0,89.0,72.0,56.0,82,77.0,65.0,75.0,78.0,87.0
70,207.0,27.0,0.0,0.0,0.0,69.0,86.0,88.0,81.0,69.0,73.0,63.0,88.0,78.0,67.0,82,79.0,67.0,74.0,82.0,82.0
71,202.0,27.0,0.0,0.0,0.0,69.0,92.0,91.0,87.0,67.0,68.0,63.0,83.0,75.0,71.0,80,73.0,84.0,78.0,80.0,83.0
69,207.0,23.0,4.0,0.0,0.0,69.0,87.0,88.0,85.0,67.0,72.0,65.0,84.0,77.0,78.0,84,77.0,73.0,77.0,80.0,91.0
74,227.0,22.0,2.0,0.0,0.0,69.0,89.0,91.0,80.0,78.0,67.0,66.0,91.0,79.0,83.0,80,76.0,77.0,71.0,77.0,85.0
65,185.0,24.0,0.0,0.0,0.0,69.0,86.0,89.0,83.0,64.0,65.0,67.0,85.0,76.0,80.0,88,77.0,68.0,82.0,86.0,83.0
72,210.0,24.0,4.0,0.0,0.0,69.0,94.0,95.0,88.0,68.0,65.0,61.0,84.0,75.0,63.0,83,73.0,67.0,70.0,79.0,86.0
72,240.0,30.0,1.0,0.0,0.0,69.0,78.0,81.0,76.0,82.0,80.0,63.0,74.0,29.0,76.0,73,72.0,70.0,63.0,61.0,80.0
72,238.0,26.0,13.0,0.0,0.0,69.0,87.0,89.0,82.0,78.0,69.0,68.0,88.0,78.0,81.0,83,77.0,83.0,68.0,83.0,80.0
74,232.0,26.0,0.0,0.0,0.0,69.0,86.0,88.0,82.0,65.0,62.0,65.0,81.0,77.0,78.0,81,79.0,77.0,69.0,74.0,80.0
71,196.0,23.0,0.0,0.0,0.0,69.0,90.0,92.0,84.0,62.0,68.0,65.0,86.0,77.0,61.0,82,77.0,63.0,73.0,81.0,83.0
75,255.0,26.0,0.0,0.0,0.0,68.0,84.0,89.0,79.0,77.0,58.0,73.0,67.0,57.0,67.0,77,65.0,65.0,57.0,62.0,82.0
71,215.0,24.0,0.0,0.0,0.0,68.0,88.0,91.0,87.0,73.0,64.0,64.0,88.0,78.0,78.0,85,78.0,71.0,70.0,77.0,82.0
74,234.0,29.0,1.0,0.0,0.0,68.0,79.0,84.0,74.0,74.0,69.0,68.0,77.0,41.0,77.0,74,74.0,73.0,62.0,70.0,81.0
73,217.0,28.0,8.0,0.0,0.0,68.0,87.0,91.0,90.0,65.0,64.0,66.0,85.0,78.0,79.0,83,75.0,73.0,74.0,81.0,87.0
71,207.0,23.0,0.0,0.0,0.0,68.0,92.0,93.0,85.0,66.0,61.0,63.0,82.0,77.0,74.0,83,79.0,73.0,73.0,82.0,88.0
73,244.0,25.0,0.0,0.0,0.0,68.0,84.0,89.0,82.0,77.0,59.0,67.0,70.0,61.0,72.0,77,66.0,69.0,54.0,60.0,85.0
71,185.0,28.0,2.0,0.0,0.0,68.0,92.0,94.0,87.0,61.0,58.0,62.0,81.0,70.0,46.0,89,76.0,64.0,76.0,82.0,87.0
68,197.0,22.0,1.0,0.0,0.0,68.0,90.0,94.0,83.0,74.0,66.0,70.0,92.0,75.0,76.0,82,74.0,70.0,72.0,76.0,81.0
74,253.0,28.0,0.0,0.0,0.0,67.0,81.0,89.0,80.0,84.0,60.0,65.0,76.0,47.0,81.0,74,70.0,79.0,62.0,73.0,83.0
68,193.0,23.0,43.0,0.0,0.0,67.0,91.0,89.0,89.0,67.0,62.0,62.0,82.0,75.0,67.0,89,75.0,71.0,71.0,81.0,76.0
71,211.0,24.0,2.0,0.0,0.0,67.0,88.0,92.0,88.0,67.0,62.0,68.0,82.0,72.0,59.0,88,75.0,66.0,76.0,79.0,90.0
68,200.0,25.0,2.0,0.0,0.0,67.0,89.0,92.0,85.0,70.0,64.0,66.0,86.0,73.0,60.0,83,75.0,70.0,72.0,80.0,88.0
73,223.0,28.0,4.0,0.0,0.0,67.0,88.0,89.0,85.0,73.0,69.0,62.0,84.0,76.0,56.0,82,76.0,80.0,73.0,79.0,86.0
67,195.0,22.0,0.0,0.0,0.0,67.0,86.0,91.0,83.0,61.0,65.0,67.0,79.0,75.0,47.0,83,80.0,53.0,79.0,85.0,74.0
71,211.0,22.0,10.0,0.0,0.0,67.0,90.0,91.0,82.0,73.0,69.0,68.0,81.0,78.0,78.0,84,78.0,76.0,71.0,79.0,79.0
70,215.0,24.0,0.0,0.0,0.0,67.0,87.0,90.0,81.0,71.0,67.0,64.0,93.0,75.0,83.0,83,73.0,83.0,73.0,80.0,88.0
70,205.0,27.0,0.0,0.0,0.0,67.0,89.0,89.0,85.0,69.0,65.0,67.0,86.0,74.0,66.0,79,76.0,78.0,75.0,82.0,93.0
70,202.0,24.0,8.0,0.0,0.0,67.0,90.0,91.0,83.0,62.0,72.0,67.0,84.0,74.0,72.0,85,75.0,65.0,69.0,77.0,90.0
72,220.0,25.0,0.0,0.0,0.0,67.0,90.0,92.0,85.0,71.0,68.0,67.0,85.0,73.0,63.0,83,73.0,73.0,71.0,81.0,82.0
71,221.0,22.0,16.0,0.0,0.0,67.0,86.0,89.0,83.0,77.0,70.0,67.0,83.0,81.0,80.0,79,79.0,78.0,74.0,78.0,80.0
69,196.0,31.0,0.0,0.0,0.0,66.0,90.0,91.0,85.0,68.0,61.0,66.0,84.0,76.0,74.0,83,74.0,70.0,73.0,83.0,83.0
71,225.0,26.0,0.0,0.0,0.0,66.0,84.0,91.0,86.0,66.0,69.0,67.0,86.0,75.0,67.0,81,77.0,69.0,69.0,78.0,84.0
70,210.0,28.0,0.0,0.0,0.0,66.0,85.0,88.0,84.0,71.0,69.0,67.0,86.0,75.0,49.0,85,74.0,58.0,72.0,82.0,84.0
70,217.0,23.0,7.0,0.0,0.0,66.0,86.0,87.0,81.0,75.0,72.0,70.0,88.0,76.0,80.0,78,78.0,76.0,72.0,75.0,81.0
75,235.0,24.0,0.0,0.0,0.0,66.0,75.0,80.0,72.0,75.0,70.0,66.0,69.0,50.0,72.0,68,67.0,68.0,54.0,63.0,79.0
70,204.0,24.0,0.0,0.0,0.0,66.0,89.0,91.0,84.0,69.0,61.0,62.0,87.0,73.0,74.0,87,74.0,69.0,73.0,77.0,85.0
75,255.0,27.0,0.0,0.0,0.0,66.0,70.0,70.0,71.0,82.0,79.0,60.0,70.0,30.0,75.0,67,52.0,67.0,46.0,52.0,71.0
68,205.0,25.0,0.0,0.0,0.0,66.0,88.0,90.0,84.0,63.0,65.0,69.0,83.0,73.0,60.0,87,77.0,69.0,74.0,77.0,89.0
68,225.0,24.0,0.0,0.0,0.0,66.0,87.0,91.0,84.0,73.0,60.0,64.0,87.0,78.0,77.0,86,76.0,76.0,72.0,81.0,80.0
71,203.0,22.0,0.0,0.0,0.0,66.0,87.0,91.0,83.0,62.0,63.0,68.0,85.0,74.0,67.0,84,78.0,65.0,73.0,79.0,82.0
71,216.0,24.0,3.0,0.0,0.0,66.0,85.0,86.0,81.0,75.0,71.0,67.0,90.0,74.0,80.0,80,79.0,78.0,70.0,76.0,83.0
71,213.0,24.0,0.0,0.0,0.0,66.0,88.0,88.0,85.0,72.0,62.0,63.0,82.0,77.0,76.0,83,79.0,74.0,73.0,82.0,87.0
70,219.0,22.0,0.0,0.0,0.0,66.0,87.0,92.0,80.0,76.0,69.0,68.0,85.0,77.0,82.0,78,77.0,75.0,69.0,75.0,76.0
71,224.0,24.0,0.0,0.0,0.0,66.0,86.0,88.0,79.0,69.0,66.0,59.0,91.0,79.0,81.0,83,79.0,79.0,70.0,75.0,79.0
68,206.0,24.0,3.0,0.0,0.0,66.0,89.0,90.0,83.0,64.0,69.0,69.0,81.0,76.0,58.0,79,77.0,68.0,76.0,77.0,80.0
71,203.0,24.0,6.0,0.0,0.0,66.0,93.0,95.0,79.0,65.0,65.0,67.0,87.0,76.0,77.0,77,78.0,69.0,69.0,77.0,77.0
73,240.0,26.0,0.0,0.0,0.0,65.0,83.0,84.0,82.0,72.0,74.0,58.0,69.0,46.0,58.0,72,53.0,56.0,49.0,54.0,81.0
68,193.0,24.0,0.0,0.0,0.0,65.0,90.0,92.0,82.0,66.0,62.0,70.0,82.0,73.0,63.0,85,75.0,63.0,75.0,78.0,89.0
70,212.0,22.0,1.0,0.0,0.0,65.0,86.0,90.0,82.0,60.0,70.0,69.0,84.0,73.0,63.0,80,78.0,70.0,71.0,78.0,80.0
71,195.0,24.0,0.0,0.0,0.0,65.0,86.0,91.0,87.0,66.0,56.0,66.0,87.0,75.0,71.0,86,73.0,67.0,72.0,80.0,86.0
70,208.0,25.0,0.0,0.0,0.0,65.0,85.0,90.0,83.0,75.0,64.0,66.0,82.0,79.0,82.0,80,76.0,81.0,74.0,83.0,84.0
72,202.0,24.0,0.0,0.0,0.0,65.0,89.0,92.0,86.0,66.0,58.0,66.0,80.0,75.0,69.0,83,75.0,72.0,77.0,78.0,81.0
72,215.0,22.0,2.0,0.0,0.0,65.0,88.0,90.0,78.0,76.0,68.0,69.0,85.0,75.0,77.0,81,77.0,67.0,73.0,80.0,82.0
69,194.0,22.0,20.0,0.0,1.0,65.0,84.0,90.0,81.0,74.0,71.0,73.0,80.0,77.0,79.0,80,80.0,79.0,70.0,81.0,78.0
71,210.0,23.0,0.0,0.0,0.0,65.0,85.0,83.0,85.0,72.0,69.0,64.0,91.0,73.0,75.0,79,76.0,76.0,72.0,80.0,77.0
74,245.0,26.0,0.0,0.0,0.0,65.0,81.0,87.0,78.0,80.0,60.0,64.0,72.0,32.0,73.0,72,63.0,68.0,53.0,57.0,83.0
71,209.0,23.0,0.0,0.0,0.0,65.0,91.0,92.0,84.0,64.0,62.0,71.0,80.0,76.0,68.0,83,73.0,63.0,72.0,82.0,76.0
74,228.0,23.0,0.0,0.0,0.0,65.0,85.0,91.0,86.0,79.0,55.0,68.0,68.0,61.0,64.0,73,72.0,57.0,58.0,62.0,85.0
71,215.0,24.0,1.0,0.0,0.0,64.0,86.0,88.0,82.0,73.0,63.0,59.0,84.0,76.0,77.0,84,76.0,68.0,75.0,77.0,83.0
71,212.0,27.0,0.0,0.0,0.0,64.0,89.0,91.0,92.0,66.0,62.0,62.0,82.0,69.0,50.0,86,72.0,54.0,67.0,74.0,85.0
70,215.0,22.0,17.0,0.0,0.0,64.0,91.0,94.0,81.0,79.0,60.0,68.0,93.0,73.0,75.0,80,73.0,74.0,68.0,74.0,84.0
72,217.0,28.0,5.0,0.0,0.0,64.0,84.0,88.0,84.0,70.0,65.0,58.0,84.0,75.0,78.0,80,76.0,81.0,73.0,81.0,83.0
73,232.0,25.0,1.0,0.0,0.0,64.0,86.0,87.0,79.0,70.0,67.0,61.0,90.0,78.0,79.0,81,74.0,79.0,73.0,77.0,73.0
68,188.0,24.0,0.0,0.0,0.0,64.0,92.0,91.0,86.0,63.0,59.0,66.0,82.0,72.0,56.0,87,73.0,60.0,69.0,74.0,87.0
72,215.0,26.0,0.0,0.0,0.0,64.0,87.0,84.0,85.0,68.0,74.0,68.0,83.0,69.0,58.0,84,72.0,61.0,73.0,76.0,86.0
74,223.0,27.0,0.0,0.0,0.0,64.0,88.0,90.0,80.0,71.0,70.0,61.0,79.0,73.0,71.0,77,71.0,66.0,78.0,83.0,85.0
71,208.0,25.0,0.0,0.0,0.0,64.0,86.0,90.0,84.0,70.0,63.0,66.0,84.0,75.0,70.0,82,77.0,75.0,70.0,79.0,82.0
68,194.0,23.0,0.0,0.0,0.0,63.0,89.0,91.0,80.0,70.0,63.0,66.0,89.0,72.0,72.0,79,75.0,66.0,70.0,76.0,75.0
71,225.0,25.0,0.0,0.0,0.0,63.0,85.0,88.0,85.0,72.0,65.0,68.0,86.0,77.0,81.0,82,73.0,75.0,69.0,75.0,88.0
70,215.0,24.0,0.0,0.0,0.0,63.0,83.0,87.0,80.0,76.0,65.0,61.0,87.0,75.0,79.0,76,77.0,79.0,72.0,78.0,73.0
69,195.0,33.0,4.0,0.0,0.0,63.0,89.0,87.0,88.0,61.0,59.0,62.0,74.0,76.0,51.0,85,70.0,45.0,78.0,82.0,84.0
71,209.0,23.0,0.0,0.0,0.0,63.0,86.0,93.0,83.0,64.0,58.0,60.0,88.0,70.0,56.0,77,83.0,68.0,69.0,73.0,85.0
72,237.0,25.0,0.0,0.0,0.0,63.0,77.0,84.0,78.0,68.0,57.0,67.0,73.0,57.0,70.0,74,70.0,68.0,60.0,66.0,78.0
73,250.0,33.0,0.0,0.0,0.0,63.0,77.0,76.0,81.0,80.0,76.0,61.0,68.0,28.0,60.0,78,50.0,55.0,48.0,56.0,79.0
72,229.0,23.0,0.0,0.0,0.0,63.0,76.0,76.0,77.0,75.0,71.0,63.0,69.0,55.0,64.0,74,60.0,54.0,53.0,58.0,84.0
68,195.0,24.0,2.0,0.0,0.0,62.0,90.0,89.0,86.0,57.0,57.0,58.0,73.0,71.0,51.0,90,74.0,55.0,74.0,79.0,81.0
73,210.0,23.0,0.0,0.0,0.0,62.0,89.0,90.0,76.0,71.0,68.0,64.0,84.0,78.0,75.0,76,77.0,71.0,67.0,75.0,80.0
71,228.0,24.0,0.0,0.0,0.0,62.0,86.0,91.0,79.0,74.0,66.0,63.0,83.0,75.0,84.0,80,75.0,71.0,72.0,76.0,87.0
75,240.0,25.0,0.0,0.0,0.0,62.0,79.0,82.0,78.0,69.0,60.0,68.0,74.0,51.0,68.0,72,74.0,49.0,67.0,72.0,79.0
74,240.0,27.0,0.0,0.0,0.0,62.0,80.0,84.0,77.0,78.0,56.0,67.0,72.0,54.0,66.0,75,71.0,65.0,65.0,70.0,88.0
70,193.0,26.0,0.0,0.0,0.0,62.0,93.0,90.0,86.0,64.0,54.0,64.0,82.0,76.0,53.0,84,73.0,72.0,70.0,74.0,83.0
72,245.0,25.0,0.0,0.0,0.0,61.0,78.0,80.0,77.0,77.0,59.0,66.0,68.0,37.0,63.0,67,64.0,63.0,59.0,64.0,84.0
70,229.0,23.0,0.0,0.0,0.0,61.0,83.0,86.0,83.0,66.0,63.0,59.0,83.0,76.0,75.0,80,75.0,71.0,74.0,77.0,85.0
72,235.0,25.0,0.0,0.0,0.0,61.0,87.0,89.0,81.0,75.0,60.0,56.0,86.0,75.0,81.0,77,77.0,72.0,70.0,74.0,81.0
74,248.0,23.0,0.0,0.0,0.0,61.0,74.0,84.0,77.0,71.0,50.0,72.0,78.0,55.0,74.0,70,72.0,64.0,64.0,67.0,80.0
72,240.0,30.0,6.0,0.0,0.0,61.0,74.0,69.0,81.0,76.0,76.0,62.0,75.0,42.0,59.0,68,55.0,58.0,55.0,64.0,76.0
72,240.0,30.0,0.0,0.0,0.0,61.0,74.0,69.0,81.0,76.0,76.0,62.0,75.0,42.0,59.0,68,55.0,58.0,55.0,64.0,76.0
70,222.0,21.0,0.0,0.0,0.0,61.0,85.0,87.0,77.0,75.0,67.0,66.0,90.0,76.0,78.0,78,76.0,62.0,67.0,75.0,86.0
70,222.0,21.0,0.0,0.0,0.0,61.0,85.0,87.0,77.0,75.0,67.0,66.0,90.0,76.0,78.0,78,76.0,62.0,67.0,75.0,86.0
70,222.0,21.0,1.0,0.0,0.0,61.0,85.0,87.0,77.0,75.0,67.0,66.0,90.0,76.0,78.0,78,76.0,62.0,67.0,75.0,86.0
70,202.0,23.0,0.0,0.0,0.0,61.0,85.0,92.0,82.0,54.0,53.0,70.0,87.0,71.0,63.0,83,77.0,64.0,70.0,75.0,93.0
74,256.0,23.0,0.0,0.0,0.0,60.0,78.0,80.0,76.0,68.0,54.0,69.0,73.0,50.0,70.0,72,71.0,62.0,60.0,68.0,88.0
73,208.0,24.0,0.0,0.0,0.0,59.0,83.0,85.0,78.0,73.0,65.0,65.0,86.0,75.0,76.0,79,75.0,74.0,68.0,74.0,83.0
71,224.0,24.0,0.0,0.0,0.0,59.0,89.0,91.0,79.0,71.0,62.0,60.0,82.0,74.0,76.0,80,72.0,74.0,66.0,73.0,86.0
74,217.0,24.0,0.0,0.0,0.0,59.0,87.0,90.0,78.0,67.0,59.0,67.0,84.0,79.0,77.0,78,72.0,71.0,69.0,74.0,82.0
69,197.0,21.0,0.0,0.0,0.0,59.0,92.0,92.0,88.0,57.0,46.0,68.0,72.0,72.0,50.0,84,68.0,74.0,76.0,81.0,81.0
68,208.0,24.0,0.0,0.0,0.0,58.0,83.0,92.0,81.0,64.0,53.0,55.0,79.0,77.0,72.0,81,77.0,72.0,69.0,75.0,81.0
71,218.0,23.0,0.0,0.0,0.0,57.0,91.0,93.0,79.0,66.0,54.0,64.0,75.0,77.0,70.0,75,74.0,68.0,69.0,73.0,86.0
71,205.0,27.0,74.0,2.0,3.0,96.0,91.0,93.0,96.0,72.0,91.0,83.0,98.0,85.0,65.0,93,93.0,80.0,85.0,93.0,90.0
74,235.0,32.0,20.0,1.0,9.0,87.0,80.0,83.0,81.0,79.0,85.0,75.0,76.0,64.0,85.0,76,83.0,85.0,72.0,76.0,88.0
70,200.0,25.0,11.0,0.0,0.0,80.0,90.0,91.0,86.0,71.0,78.0,69.0,95.0,84.0,79.0,87,84.0,74.0,79.0,86.0,88.0
73,219.0,22.0,1.0,0.0,0.0,69.0,90.0,93.0,86.0,79.0,66.0,61.0,86.0,77.0,81.0,84,76.0,82.0,72.0,78.0,84.0
71,223.0,24.0,0.0,0.0,0.0,69.0,88.0,91.0,77.0,72.0,71.0,60.0,88.0,82.0,83.0,75,78.0,78.0,73.0,79.0,80.0
70,204.0,24.0,0.0,0.0,0.0,64.0,91.0,92.0,88.0,67.0,47.0,67.0,75.0,77.0,61.0,86,76.0,59.0,73.0,87.0,91.0
73,235.0,27.0,17.0,0.0,0.0,77.0,88.0,86.0,81.0,80.0,81.0,60.0,93.0,83.0,85.0,82,82.0,83.0,70.0,80.0,82.0
69,212.0,25.0,13.0,0.0,0.0,77.0,89.0,88.0,87.0,73.0,74.0,66.0,95.0,83.0,78.0,82,85.0,76.0,78.0,86.0,81.0
72,233.0,27.0,0.0,0.0,0.0,72.0,87.0,91.0,83.0,75.0,70.0,70.0,71.0,41.0,78.0,80,73.0,69.0,69.0,71.0,85.0
70,202.0,25.0,8.0,0.0,0.0,70.0,91.0,93.0,83.0,62.0,73.0,69.0,84.0,74.0,72.0,85,76.0,65.0,71.0,80.0,90.0
72,225.0,22.0,6.0,0.0,0.0,70.0,86.0,89.0,82.0,78.0,66.0,65.0,95.0,82.0,81.0,81,83.0,73.0,72.0,77.0,77.0
71,206.0,24.0,0.0,0.0,0.0,65.0,91.0,92.0,84.0,64.0,62.0,70.0,79.0,76.0,68.0,83,73.0,63.0,72.0,82.0,76.0
73,220.0,27.0,56.0,0.0,2.0,87.0,91.0,92.0,90.0,81.0,85.0,73.0,97.0,87.0,87.0,88,87.0,87.0,80.0,91.0,84.0
69,215.0,23.0,13.0,0.0,0.0,68.0,91.0,93.0,86.0,70.0,61.0,68.0,83.0,74.0,75.0,88,80.0,65.0,72.0,78.0,91.0
71,215.0,25.0,2.0,0.0,0.0,68.0,88.0,92.0,88.0,67.0,64.0,68.0,82.0,72.0,59.0,88,75.0,65.0,76.0,79.0,90.0
68,206.0,25.0,3.0,0.0,0.0,66.0,89.0,90.0,83.0,64.0,69.0,69.0,81.0,76.0,58.0,79,77.0,68.0,76.0,77.0,80.0
71,213.0,26.0,16.0,0.0,0.0,79.0,90.0,91.0,85.0,76.0,81.0,68.0,92.0,83.0,88.0,83,88.0,82.0,75.0,83.0,88.0
72,244.0,26.0,0.0,0.0,0.0,76.0,86.0,89.0,82.0,76.0,77.0,74.0,70.0,61.0,72.0,77,66.0,69.0,54.0,60.0,85.0
75,230.0,32.0,44.0,0.0,1.0,76.0,87.0,90.0,85.0,74.0,76.0,69.0,94.0,82.0,84.0,77,84.0,85.0,81.0,83.0,85.0
71,190.0,23.0,28.0,0.0,2.0,75.0,92.0,93.0,93.0,67.0,62.0,70.0,87.0,76.0,64.0,92,79.0,71.0,76.0,85.0,81.0
69,196.0,26.0,25.0,0.0,0.0,75.0,92.0,93.0,89.0,62.0,69.0,77.0,85.0,74.0,46.0,83,79.0,74.0,81.0,84.0,85.0
70,220.0,23.0,20.0,0.0,0.0,82.0,88.0,91.0,85.0,80.0,79.0,70.0,90.0,96.0,92.0,86,82.0,82.0,75.0,83.0,87.0
70,236.0,27.0,24.0,0.0,0.0,78.0,87.0,89.0,81.0,85.0,77.0,71.0,97.0,77.0,86.0,78,80.0,86.0,67.0,78.0,80.0
72,247.0,31.0,1.0,0.0,0.0,71.0,78.0,80.0,76.0,82.0,83.0,63.0,74.0,29.0,76.0,72,72.0,70.0,63.0,61.0,80.0
68,197.0,23.0,1.0,0.0,0.0,68.0,90.0,94.0,83.0,74.0,66.0,69.0,91.0,75.0,76.0,82,74.0,70.0,72.0,76.0,81.0
71,224.0,25.0,0.0,0.0,0.0,66.0,86.0,88.0,79.0,69.0,68.0,59.0,91.0,79.0,80.0,83,79.0,78.0,70.0,75.0,79.0
71,227.0,27.0,47.0,0.0,4.0,97.0,91.0,90.0,83.0,86.0,94.0,69.0,96.0,99.0,93.0,82,95.0,96.0,74.0,88.0,92.0
69,190.0,25.0,0.0,0.0,0.0,70.0,89.0,90.0,87.0,60.0,66.0,71.0,89.0,74.0,54.0,85,75.0,67.0,78.0,81.0,79.0
70,210.0,23.0,10.0,0.0,0.0,67.0,90.0,91.0,82.0,73.0,69.0,68.0,81.0,78.0,78.0,84,78.0,76.0,71.0,79.0,79.0
70,208.0,26.0,0.0,0.0,0.0,65.0,85.0,90.0,82.0,75.0,65.0,66.0,82.0,79.0,80.0,80,76.0,79.0,74.0,83.0,84.0
72,210.0,24.0,0.0,0.0,0.0,63.0,89.0,93.0,89.0,73.0,53.0,65.0,82.0,70.0,64.0,84,70.0,72.0,73.0,79.0,82.0
72,214.0,24.0,21.0,0.0,0.0,75.0,90.0,92.0,85.0,71.0,76.0,74.0,87.0,75.0,74.0,86,79.0,75.0,76.0,86.0,87.0
69,205.0,27.0,21.0,0.0,0.0,73.0,89.0,92.0,89.0,64.0,69.0,74.0,87.0,76.0,51.0,88,79.0,67.0,75.0,83.0,82.0
70,214.0,26.0,2.0,0.0,0.0,70.0,89.0,86.0,86.0,71.0,71.0,66.0,87.0,78.0,78.0,79,78.0,75.0,77.0,83.0,78.0
72,205.0,28.0,0.0,0.0,0.0,68.0,86.0,91.0,86.0,72.0,75.0,65.0,84.0,78.0,79.0,85,72.0,73.0,71.0,77.0,82.0
70,210.0,21.0,0.0,0.0,0.0,62.0,92.0,90.0,78.0,73.0,62.0,70.0,86.0,77.0,80.0,76,76.0,71.0,65.0,69.0,90.0
73,233.0,28.0,48.0,0.0,2.0,77.0,87.0,87.0,81.0,81.0,79.0,68.0,88.0,84.0,85.0,80,85.0,86.0,82.0,84.0,76.0
70,220.0,28.0,0.0,0.0,0.0,70.0,86.0,87.0,87.0,73.0,75.0,69.0,86.0,76.0,72.0,82,79.0,75.0,75.0,81.0,78.0
72,220.0,26.0,0.0,0.0,0.0,67.0,90.0,92.0,85.0,71.0,68.0,66.0,85.0,73.0,63.0,83,73.0,73.0,71.0,81.0,82.0
72,221.0,23.0,2.0,0.0,0.0,66.0,88.0,90.0,78.0,76.0,69.0,69.0,86.0,75.0,77.0,81,77.0,67.0,73.0,80.0,82.0
70,200.0,28.0,0.0,0.0,0.0,89.0,91.0,92.0,91.0,82.0,93.0,79.0,86.0,88.0,76.0,86,91.0,72.0,87.0,92.0,89.0
73,215.0,22.0,1.0,0.0,0.0,74.0,88.0,90.0,87.0,75.0,75.0,69.0,88.0,79.0,81.0,84,81.0,73.0,74.0,84.0,79.0
71,212.0,25.0,9.0,0.0,0.0,70.0,89.0,88.0,84.0,75.0,74.0,67.0,87.0,77.0,82.0,81,79.0,77.0,76.0,79.0,80.0
75,230.0,24.0,0.0,0.0,0.0,67.0,85.0,91.0,86.0,79.0,61.0,70.0,68.0,61.0,64.0,73,72.0,57.0,58.0,62.0,85.0
70,211.0,24.0,0.0,0.0,0.0,65.0,85.0,83.0,85.0,72.0,70.0,64.0,90.0,73.0,75.0,79,75.0,76.0,72.0,80.0,77.0
69,202.0,24.0,0.0,0.0,0.0,60.0,88.0,89.0,82.0,64.0,52.0,72.0,78.0,69.0,58.0,83,82.0,57.0,73.0,76.0,81.0
71,214.0,24.0,0.0,0.0,0.0,59.0,88.0,87.0,81.0,69.0,52.0,61.0,80.0,79.0,80.0,81,76.0,68.0,75.0,75.0,85.0
70,216.0,23.0,17.0,0.0,0.0,80.0,93.0,95.0,84.0,80.0,83.0,70.0,92.0,81.0,82.0,83,83.0,75.0,75.0,82.0,84.0
69,209.0,31.0,32.0,0.0,0.0,78.0,89.0,91.0,92.0,73.0,80.0,74.0,85.0,77.0,59.0,86,81.0,62.0,78.0,86.0,92.0
67,207.0,24.0,18.0,0.0,0.0,76.0,86.0,93.0,89.0,72.0,72.0,72.0,89.0,79.0,75.0,90,81.0,79.0,79.0,85.0,91.0
71,216.0,25.0,3.0,0.0,0.0,63.0,85.0,86.0,81.0,75.0,65.0,67.0,90.0,73.0,77.0,80,79.0,77.0,70.0,76.0,83.0
70,226.0,24.0,45.0,1.0,2.0,89.0,94.0,93.0,87.0,82.0,88.0,71.0,92.0,92.0,87.0,87,91.0,92.0,83.0,91.0,84.0
69,205.0,25.0,18.0,0.0,0.0,72.0,86.0,87.0,85.0,77.0,72.0,68.0,91.0,83.0,84.0,80,81.0,81.0,78.0,80.0,81.0
70,214.0,22.0,0.0,0.0,0.0,66.0,90.0,91.0,87.0,71.0,58.0,71.0,88.0,74.0,72.0,84,77.0,71.0,70.0,78.0,87.0
70,205.0,25.0,0.0,0.0,0.0,65.0,89.0,91.0,84.0,69.0,61.0,62.0,86.0,73.0,73.0,87,74.0,69.0,73.0,77.0,85.0
72,218.0,24.0,0.0,0.0,0.0,64.0,91.0,93.0,79.0,66.0,68.0,70.0,82.0,78.0,72.0,75,77.0,68.0,69.0,76.0,86.0
73,228.0,24.0,0.0,0.0,0.0,79.0,88.0,90.0,80.0,82.0,78.0,65.0,94.0,84.0,89.0,77,84.0,80.0,70.0,79.0,78.0
74,220.0,25.0,27.0,0.0,0.0,77.0,91.0,92.0,89.0,68.0,75.0,74.0,83.0,81.0,77.0,87,82.0,79.0,79.0,87.0,88.0
73,255.0,29.0,0.0,0.0,0.0,66.0,79.0,88.0,80.0,84.0,54.0,65.0,76.0,47.0,81.0,74,70.0,79.0,62.0,73.0,83.0
68,195.0,23.0,0.0,0.0,0.0,66.0,86.0,90.0,83.0,61.0,66.0,66.0,79.0,75.0,48.0,83,78.0,53.0,77.0,84.0,74.0
72,217.0,29.0,5.0,0.0,0.0,65.0,85.0,88.0,83.0,70.0,68.0,58.0,85.0,76.0,77.0,79,76.0,81.0,73.0,81.0,83.0
71,224.0,22.0,0.0,0.0,0.0,64.0,89.0,91.0,79.0,69.0,63.0,60.0,85.0,78.0,82.0,79,81.0,69.0,69.0,75.0,80.0
72,209.0,26.0,40.0,0.0,1.0,88.0,93.0,95.0,85.0,69.0,86.0,72.0,96.0,87.0,73.0,86,89.0,71.0,83.0,89.0,85.0
71,208.0,26.0,0.0,0.0,0.0,73.0,89.0,92.0,91.0,68.0,75.0,63.0,80.0,76.0,66.0,86,77.0,76.0,77.0,82.0,87.0
66,176.0,21.0,1.0,0.0,0.0,68.0,89.0,90.0,90.0,58.0,51.0,66.0,92.0,72.0,49.0,88,85.0,59.0,68.0,80.0,83.0
70,202.0,24.0,0.0,0.0,0.0,67.0,87.0,92.0,82.0,54.0,68.0,69.0,87.0,73.0,65.0,83,78.0,64.0,72.0,77.0,93.0
72,215.0,25.0,0.0,0.0,0.0,67.0,88.0,88.0,85.0,72.0,66.0,63.0,82.0,77.0,76.0,83,79.0,74.0,73.0,82.0,87.0
73,230.0,23.0,0.0,0.0,0.0,63.0,86.0,91.0,83.0,69.0,45.0,71.0,74.0,53.0,71.0,72,72.0,68.0,61.0,68.0,87.0
70,205.0,31.0,0.0,0.0,0.0,79.0,95.0,95.0,86.0,67.0,76.0,64.0,87.0,83.0,74.0,85,83.0,81.0,76.0,86.0,89.0
73,235.0,27.0,0.0,0.0,0.0,77.0,78.0,80.0,72.0,78.0,81.0,71.0,80.0,49.0,77.0,77,71.0,73.0,61.0,71.0,86.0
69,188.0,21.0,18.0,0.0,0.0,76.0,95.0,94.0,91.0,68.0,59.0,65.0,92.0,76.0,69.0,90,84.0,69.0,74.0,82.0,82.0
72,213.0,27.0,0.0,0.0,0.0,76.0,90.0,90.0,84.0,75.0,82.0,68.0,85.0,81.0,84.0,83,83.0,76.0,78.0,83.0,84.0
70,194.0,26.0,13.0,0.0,0.0,72.0,88.0,90.0,82.0,73.0,76.0,75.0,89.0,79.0,71.0,85,80.0,67.0,75.0,82.0,83.0
71,197.0,24.0,0.0,0.0,0.0,69.0,90.0,92.0,84.0,62.0,68.0,65.0,86.0,77.0,61.0,82,77.0,63.0,73.0,81.0,83.0
74,236.0,27.0,0.0,0.0,0.0,66.0,82.0,86.0,82.0,70.0,57.0,69.0,73.0,60.0,66.0,74,67.0,63.0,63.0,70.0,78.0
69,215.0,24.0,36.0,0.0,1.0,81.0,91.0,92.0,90.0,68.0,79.0,70.0,88.0,80.0,76.0,89,82.0,80.0,83.0,87.0,93.0
71,220.0,27.0,13.0,0.0,0.0,79.0,91.0,92.0,86.0,75.0,77.0,65.0,90.0,82.0,75.0,83,84.0,81.0,80.0,89.0,80.0
69,200.0,24.0,16.0,0.0,0.0,76.0,90.0,87.0,86.0,70.0,75.0,68.0,91.0,80.0,71.0,85,82.0,75.0,80.0,85.0,84.0
66,203.0,28.0,11.0,0.0,0.0,74.0,89.0,88.0,90.0,68.0,72.0,70.0,84.0,75.0,52.0,90,77.0,57.0,81.0,85.0,91.0
72,215.0,24.0,4.0,0.0,0.0,67.0,86.0,93.0,86.0,78.0,61.0,67.0,90.0,78.0,77.0,83,78.0,79.0,70.0,79.0,89.0
74,220.0,32.0,42.0,4.0,4.0,85.0,91.0,92.0,94.0,65.0,78.0,81.0,90.0,79.0,68.0,86,83.0,59.0,84.0,87.0,87.0
71,215.0,21.0,21.0,0.0,1.0,81.0,91.0,92.0,89.0,81.0,73.0,70.0,90.0,86.0,83.0,91,86.0,82.0,79.0,86.0,90.0
71,220.0,23.0,16.0,0.0,0.0,78.0,86.0,89.0,83.0,78.0,80.0,67.0,94.0,90.0,85.0,79,84.0,80.0,74.0,79.0,80.0
70,229.0,24.0,0.0,0.0,0.0,64.0,83.0,86.0,83.0,66.0,68.0,59.0,86.0,76.0,73.0,80,77.0,69.0,74.0,78.0,85.0
72,240.0,31.0,0.0,0.0,0.0,63.0,73.0,68.0,81.0,77.0,79.0,62.0,75.0,42.0,59.0,67,55.0,58.0,55.0,64.0,76.0
69,195.0,25.0,2.0,0.0,0.0,62.0,90.0,89.0,86.0,57.0,56.0,58.0,73.0,71.0,51.0,90,74.0,55.0,76.0,79.0,81.0
72,232.0,26.0,58.0,1.0,3.0,93.0,93.0,93.0,95.0,81.0,92.0,73.0,96.0,91.0,84.0,91,81.0,88.0,89.0,92.0,94.0
69,219.0,25.0,0.0,0.0,0.0,75.0,88.0,90.0,83.0,82.0,63.0,69.0,89.0,87.0,89.0,85,85.0,83.0,75.0,83.0,92.0
70,190.0,28.0,0.0,0.0,0.0,73.0,93.0,93.0,88.0,71.0,73.0,68.0,82.0,76.0,67.0,83,78.0,66.0,74.0,83.0,92.0
70,210.0,23.0,1.0,0.0,0.0,69.0,86.0,90.0,85.0,69.0,71.0,72.0,85.0,76.0,70.0,86,82.0,70.0,73.0,79.0,86.0
73,218.0,25.0,1.0,0.0,0.0,65.0,86.0,88.0,82.0,73.0,66.0,59.0,84.0,76.0,77.0,84,79.0,68.0,75.0,77.0,83.0
70,215.0,24.0,0.0,0.0,0.0,84.0,93.0,94.0,89.0,70.0,84.0,69.0,86.0,84.0,77.0,86,83.0,74.0,84.0,89.0,84.0
70,208.0,27.0,0.0,0.0,0.0,73.0,87.0,89.0,85.0,64.0,77.0,67.0,88.0,81.0,81.0,82,81.0,73.0,78.0,83.0,80.0
72,213.0,22.0,6.0,0.0,0.0,71.0,88.0,91.0,84.0,75.0,69.0,62.0,87.0,79.0,80.0,86,81.0,78.0,71.0,82.0,81.0
68,205.0,26.0,0.0,0.0,0.0,71.0,89.0,91.0,84.0,63.0,72.0,68.0,85.0,74.0,60.0,87,79.0,69.0,74.0,81.0,89.0
70,222.0,23.0,0.0,0.0,0.0,66.0,87.0,92.0,80.0,76.0,69.0,68.0,85.0,77.0,82.0,78,77.0,75.0,69.0,75.0,76.0
73,232.0,26.0,1.0,0.0,0.0,64.0,86.0,87.0,79.0,70.0,67.0,61.0,90.0,78.0,79.0,80,74.0,78.0,73.0,77.0,73.0
73,241.0,24.0,0.0,0.0,0.0,61.0,85.0,90.0,85.0,77.0,48.0,65.0,69.0,59.0,67.0,81,64.0,55.0,69.0,74.0,88.0
73,220.0,22.0,20.0,0.0,0.0,82.0,93.0,92.0,90.0,76.0,78.0,69.0,89.0,82.0,80.0,91,82.0,80.0,82.0,87.0,92.0
68,201.0,24.0,66.0,1.0,3.0,75.0,88.0,86.0,89.0,66.0,73.0,71.0,89.0,79.0,80.0,91,81.0,79.0,78.0,85.0,82.0
68,201.0,24.0,12.0,0.0,0.0,75.0,88.0,86.0,89.0,66.0,73.0,71.0,89.0,79.0,80.0,91,81.0,79.0,78.0,85.0,82.0
70,209.0,22.0,0.0,0.0,0.0,71.0,88.0,89.0,85.0,69.0,71.0,66.0,83.0,83.0,77.0,87,76.0,67.0,79.0,82.0,80.0
71,215.0,20.0,1.0,0.0,0.0,69.0,92.0,90.0,83.0,67.0,64.0,61.0,86.0,75.0,61.0,85,78.0,62.0,76.0,80.0,88.0
74,245.0,27.0,0.0,0.0,0.0,65.0,80.0,86.0,77.0,80.0,62.0,64.0,72.0,32.0,73.0,71,63.0,68.0,53.0,57.0,83.0
70,201.0,24.0,0.0,0.0,0.0,62.0,84.0,88.0,82.0,62.0,58.0,70.0,76.0,74.0,59.0,80,84.0,60.0,80.0,81.0,72.0
70,222.0,26.0,44.0,0.0,0.0,82.0,87.0,90.0,85.0,74.0,83.0,77.0,93.0,86.0,85.0,86,87.0,77.0,83.0,88.0,75.0
69,199.0,21.0,27.0,0.0,2.0,77.0,94.0,93.0,92.0,72.0,66.0,72.0,88.0,77.0,73.0,89,83.0,72.0,77.0,84.0,81.0
72,199.0,27.0,12.0,0.0,0.0,73.0,89.0,90.0,88.0,62.0,72.0,66.0,83.0,73.0,74.0,89,79.0,74.0,78.0,84.0,91.0
71,215.0,27.0,0.0,0.0,0.0,68.0,87.0,90.0,85.0,66.0,74.0,67.0,87.0,75.0,67.0,81,77.0,69.0,69.0,78.0,84.0
73,235.0,27.0,0.0,0.0,0.0,65.0,83.0,84.0,81.0,72.0,75.0,58.0,69.0,46.0,58.0,72,53.0,56.0,49.0,54.0,81.0
70,209.0,23.0,1.0,0.0,0.0,65.0,86.0,90.0,82.0,60.0,70.0,69.0,84.0,73.0,63.0,80,77.0,70.0,71.0,78.0,80.0
69,208.0,28.0,18.0,0.0,0.0,88.0,90.0,93.0,92.0,71.0,87.0,76.0,85.0,89.0,84.0,90,90.0,85.0,86.0,94.0,89.0
69,208.0,28.0,64.0,0.0,1.0,88.0,90.0,93.0,92.0,71.0,87.0,76.0,85.0,89.0,84.0,90,90.0,85.0,86.0,94.0,89.0
72,247.0,25.0,0.0,0.0,0.0,78.0,88.0,87.0,79.0,85.0,77.0,68.0,95.0,82.0,87.0,79,82.0,85.0,76.0,76.0,89.0
70,220.0,22.0,0.0,0.0,0.0,63.0,85.0,92.0,81.0,68.0,63.0,65.0,86.0,69.0,79.0,83,85.0,80.0,67.0,72.0,88.0
69,197.0,22.0,0.0,0.0,0.0,62.0,92.0,92.0,88.0,57.0,55.0,67.0,72.0,72.0,50.0,84,70.0,74.0,76.0,81.0,81.0
74,217.0,25.0,0.0,0.0,0.0,60.0,87.0,90.0,78.0,67.0,65.0,67.0,84.0,78.0,76.0,78,72.0,70.0,69.0,74.0,82.0
74,249.0,23.0,0.0,0.0,0.0,59.0,79.0,74.0,67.0,82.0,50.0,71.0,74.0,45.0,65.0,68,71.0,64.0,58.0,64.0,76.0
71,210.0,26.0,34.0,0.0,1.0,86.0,91.0,93.0,88.0,69.0,86.0,65.0,94.0,85.0,75.0,87,89.0,78.0,81.0,87.0,86.0
73,210.0,24.0,23.0,0.0,0.0,75.0,90.0,91.0,88.0,70.0,73.0,67.0,87.0,77.0,73.0,85,81.0,78.0,78.0,86.0,86.0
69,190.0,24.0,0.0,0.0,0.0,68.0,90.0,93.0,89.0,55.0,62.0,68.0,77.0,80.0,58.0,87,76.0,66.0,73.0,82.0,81.0
75,240.0,26.0,0.0,0.0,0.0,62.0,79.0,82.0,78.0,69.0,60.0,68.0,74.0,51.0,68.0,72,74.0,49.0,67.0,72.0,79.0
72,220.0,24.0,32.0,0.0,0.0,61.0,85.0,90.0,78.0,72.0,61.0,64.0,89.0,75.0,80.0,80,76.0,71.0,70.0,75.0,84.0
73,217.0,23.0,0.0,0.0,0.0,60.0,85.0,91.0,75.0,69.0,61.0,60.0,85.0,73.0,79.0,74,74.0,81.0,66.0,70.0,88.0
72,230.0,25.0,22.0,0.0,0.0,80.0,89.0,88.0,83.0,79.0,79.0,73.0,91.0,86.0,88.0,83,86.0,88.0,79.0,85.0,79.0
72,216.0,30.0,0.0,0.0,0.0,74.0,87.0,92.0,85.0,66.0,76.0,78.0,82.0,75.0,66.0,81,78.0,70.0,77.0,84.0,90.0
71,205.0,24.0,0.0,0.0,0.0,69.0,92.0,93.0,85.0,66.0,64.0,63.0,82.0,77.0,74.0,83,79.0,73.0,73.0,83.0,88.0
66,185.0,25.0,0.0,0.0,0.0,68.0,86.0,89.0,83.0,64.0,61.0,67.0,85.0,75.0,80.0,88,77.0,68.0,82.0,86.0,83.0
70,225.0,22.0,0.0,0.0,0.0,62.0,85.0,87.0,77.0,75.0,68.0,66.0,90.0,77.0,78.0,78,77.0,62.0,67.0,75.0,86.0
70,225.0,22.0,0.0,0.0,0.0,62.0,85.0,87.0,77.0,75.0,68.0,66.0,90.0,77.0,78.0,78,77.0,62.0,67.0,75.0,86.0
70,225.0,22.0,1.0,0.0,0.0,62.0,85.0,87.0,77.0,75.0,68.0,66.0,90.0,77.0,78.0,78,77.0,62.0,67.0,75.0,86.0
70,220.0,25.0,51.0,1.0,3.0,95.0,90.0,92.0,87.0,84.0,95.0,71.0,93.0,97.0,90.0,85,94.0,95.0,81.0,90.0,84.0
69,203.0,30.0,21.0,0.0,0.0,73.0,88.0,92.0,87.0,68.0,77.0,72.0,82.0,73.0,57.0,89,74.0,67.0,76.0,86.0,90.0
72,215.0,23.0,5.0,0.0,0.0,70.0,91.0,91.0,84.0,77.0,68.0,62.0,89.0,78.0,79.0,82,78.0,72.0,73.0,81.0,80.0
71,220.0,33.0,0.0,0.0,0.0,69.0,86.0,87.0,82.0,76.0,79.0,69.0,91.0,73.0,81.0,77,78.0,81.0,78.0,78.0,86.0
75,255.0,28.0,0.0,0.0,0.0,68.0,69.0,69.0,70.0,82.0,80.0,60.0,75.0,30.0,75.0,66,52.0,67.0,46.0,52.0,71.0
68,190.0,27.0,0.0,0.0,0.0,61.0,89.0,91.0,88.0,60.0,53.0,63.0,82.0,71.0,55.0,82,72.0,68.0,70.0,76.0,78.0
73,205.0,25.0,0.0,0.0,0.0,59.0,83.0,85.0,78.0,73.0,65.0,65.0,86.0,75.0,76.0,79,75.0,74.0,68.0,74.0,83.0
70,217.0,24.0,13.0,0.0,0.0,81.0,90.0,94.0,91.0,73.0,81.0,66.0,90.0,80.0,82.0,84,82.0,83.0,79.0,86.0,86.0
71,215.0,28.0,21.0,0.0,0.0,72.0,86.0,90.0,89.0,75.0,75.0,66.0,89.0,78.0,82.0,83,78.0,77.0,72.0,81.0,75.0
72,215.0,22.0,0.0,0.0,0.0,67.0,90.0,92.0,86.0,65.0,63.0,63.0,82.0,75.0,59.0,84,76.0,70.0,75.0,79.0,81.0
69,194.0,23.0,20.0,0.0,1.0,65.0,84.0,90.0,81.0,74.0,71.0,73.0,80.0,77.0,79.0,80,80.0,78.0,70.0,81.0,78.0
69,195.0,24.0,0.0,0.0,0.0,63.0,88.0,91.0,86.0,63.0,53.0,69.0,77.0,76.0,48.0,82,76.0,50.0,76.0,84.0,87.0
75,305.0,29.0,0.0,0.0,0.0,81.0,69.0,74.0,73.0,88.0,82.0,69.0,68.0,56.0,68.0,62,64.0,69.0,58.0,62.0,81.0
70,212.0,24.0,17.0,0.0,0.0,78.0,91.0,92.0,87.0,74.0,74.0,64.0,87.0,82.0,79.0,88,83.0,83.0,80.0,87.0,90.0
73,238.0,28.0,0.0,0.0,0.0,77.0,87.0,85.0,81.0,80.0,77.0,62.0,93.0,82.0,86.0,80,86.0,85.0,77.0,81.0,83.0
70,200.0,25.0,15.0,0.0,0.0,73.0,91.0,91.0,88.0,67.0,74.0,67.0,85.0,70.0,64.0,85,75.0,75.0,80.0,83.0,91.0
73,215.0,30.0,0.0,0.0,0.0,72.0,90.0,87.0,88.0,74.0,73.0,70.0,78.0,80.0,79.0,86,81.0,84.0,80.0,85.0,85.0
75,258.0,24.0,0.0,0.0,0.0,67.0,81.0,80.0,83.0,81.0,53.0,67.0,72.0,51.0,79.0,70,70.0,72.0,65.0,65.0,87.0
68,186.0,21.0,0.0,0.0,0.0,64.0,93.0,95.0,81.0,55.0,48.0,71.0,82.0,75.0,48.0,82,75.0,56.0,79.0,83.0,90.0
70,215.0,28.0,76.0,0.0,5.0,86.0,89.0,93.0,91.0,77.0,87.0,74.0,88.0,88.0,86.0,88,88.0,89.0,84.0,88.0,92.0
72,224.0,28.0,33.0,0.0,0.0,85.0,88.0,89.0,85.0,80.0,89.0,69.0,97.0,85.0,88.0,83,88.0,87.0,79.0,78.0,80.0
69,207.0,24.0,4.0,0.0,0.0,71.0,88.0,88.0,85.0,67.0,70.0,68.0,88.0,78.0,78.0,85,80.0,73.0,78.0,81.0,91.0
72,220.0,21.0,3.0,0.0,0.0,69.0,90.0,90.0,84.0,76.0,66.0,64.0,84.0,80.0,82.0,83,80.0,76.0,74.0,81.0,84.0
72,245.0,26.0,0.0,0.0,0.0,62.0,78.0,80.0,77.0,76.0,62.0,66.0,68.0,37.0,63.0,67,64.0,63.0,59.0,64.0,84.0
69,211.0,22.0,0.0,0.0,0.0,87.0,94.0,94.0,92.0,79.0,88.0,67.0,92.0,85.0,85.0,90,85.0,80.0,77.0,87.0,83.0
73,220.0,22.0,11.0,0.0,0.0,74.0,88.0,89.0,82.0,79.0,69.0,69.0,93.0,83.0,85.0,78,85.0,79.0,75.0,77.0,85.0
70,214.0,24.0,7.0,0.0,0.0,68.0,87.0,88.0,81.0,75.0,75.0,71.0,90.0,78.0,81.0,78,78.0,76.0,72.0,76.0,81.0
72,210.0,23.0,1.0,0.0,0.0,64.0,87.0,89.0,83.0,66.0,64.0,73.0,86.0,81.0,70.0,82,73.0,77.0,71.0,78.0,83.0
73,242.0,25.0,29.0,0.0,1.0,83.0,88.0,91.0,85.0,83.0,82.0,73.0,94.0,86.0,86.0,88,84.0,90.0,79.0,85.0,94.0
68,215.0,24.0,0.0,0.0,0.0,74.0,90.0,92.0,79.0,74.0,76.0,69.0,93.0,79.0,69.0,81,80.0,65.0,77.0,82.0,74.0
68,193.0,24.0,43.0,0.0,0.0,67.0,91.0,89.0,89.0,67.0,62.0,62.0,82.0,74.0,61.0,89,75.0,70.0,71.0,81.0,76.0
69,195.0,25.0,0.0,0.0,0.0,64.0,90.0,92.0,82.0,66.0,58.0,68.0,82.0,73.0,57.0,85,75.0,63.0,74.0,78.0,89.0
70,218.0,23.0,12.0,0.0,0.0,83.0,89.0,91.0,82.0,84.0,80.0,67.0,89.0,93.0,91.0,81,87.0,83.0,73.0,83.0,82.0
67,203.0,25.0,36.0,0.0,0.0,80.0,86.0,90.0,90.0,70.0,83.0,69.0,87.0,83.0,78.0,92,83.0,80.0,80.0,88.0,84.0
75,255.0,27.0,0.0,0.0,0.0,70.0,85.0,88.0,79.0,77.0,65.0,73.0,67.0,57.0,67.0,76,65.0,65.0,57.0,62.0,82.0
70,206.0,28.0,0.0,0.0,0.0,67.0,89.0,88.0,85.0,69.0,67.0,67.0,86.0,74.0,66.0,79,76.0,79.0,75.0,82.0,93.0
71,205.0,29.0,0.0,0.0,0.0,67.0,86.0,88.0,83.0,71.0,72.0,68.0,86.0,75.0,49.0,84,74.0,58.0,72.0,82.0,84.0
71,245.0,24.0,0.0,0.0,0.0,62.0,80.0,78.0,84.0,80.0,51.0,59.0,66.0,62.0,68.0,79,64.0,67.0,62.0,66.0,79.0
75,247.0,29.0,76.0,1.0,5.0,94.0,91.0,86.0,84.0,87.0,99.0,66.0,92.0,94.0,90.0,79,92.0,99.0,75.0,86.0,88.0
70,200.0,22.0,9.0,0.0,0.0,73.0,88.0,91.0,87.0,65.0,67.0,63.0,91.0,78.0,63.0,87,82.0,74.0,73.0,83.0,89.0
74,228.0,23.0,2.0,0.0,0.0,69.0,89.0,91.0,80.0,78.0,67.0,66.0,91.0,79.0,83.0,80,76.0,77.0,71.0,77.0,85.0
71,228.0,22.0,0.0,0.0,0.0,66.0,88.0,91.0,83.0,76.0,63.0,68.0,83.0,80.0,81.0,79,79.0,79.0,69.0,78.0,82.0
72,202.0,25.0,0.0,0.0,0.0,65.0,89.0,92.0,86.0,66.0,58.0,66.0,80.0,75.0,69.0,83,75.0,72.0,77.0,78.0,81.0
71,215.0,25.0,21.0,0.0,0.0,76.0,86.0,91.0,81.0,73.0,78.0,68.0,95.0,82.0,85.0,82,83.0,82.0,78.0,84.0,87.0
71,250.0,30.0,0.0,0.0,0.0,75.0,81.0,85.0,78.0,77.0,74.0,72.0,78.0,63.0,79.0,73,75.0,74.0,68.0,72.0,88.0
73,210.0,25.0,4.0,0.0,0.0,69.0,94.0,95.0,88.0,68.0,65.0,61.0,84.0,74.0,60.0,83,73.0,67.0,70.0,79.0,86.0
70,209.0,22.0,0.0,0.0,0.0,67.0,89.0,91.0,88.0,74.0,65.0,60.0,78.0,79.0,79.0,85,84.0,80.0,69.0,75.0,78.0
71,204.0,25.0,6.0,0.0,0.0,66.0,93.0,95.0,79.0,65.0,65.0,67.0,87.0,76.0,76.0,77,78.0,69.0,69.0,77.0,77.0
