Year,Season_Team,Player_Name,First_Name,Last_Name,Position,Jersey,Age,Height,Weight,College,BirthDate,Years_Pro,Games,Games_Started,AV,Draft_Year,POVR,PID,PAM,Position_Normalized,Position_Group,lookup_key,wAV,AP1,PB
1970,ATL,Jim Mitchell,Jim,Mitchell,TE,86.0,23,73,234,Prairie View A&M,10/19/1947,1,14,14,7.0,1969.0,0,0,0,TE,TE,jim_mitchell,39.0,0.0,2.0
1970,ATL,Jim Mitchell,Jim,Mitchell,TE,86.0,23,73,234,Prairie View A&M,10/19/1947,1,14,14,7.0,1969.0,0,0,0,TE,TE,jim_mitchell,35.0,0.0,0.0
1970,ATL,Mike Donohoe,Mike,Donohoe,TE,84.0,25,75,225,San Francisco,5/6/1945,2,14,0,0.0,1968.0,0,0,0,TE,TE,mike_donohoe,0.0,0.0,0.0
1970,CHI,Bob Wallace,Bob,Wallace,TE,89.0,25,75,211,Texas-El Paso,10/7/1945,2,5,5,2.0,1968.0,0,0,0,TE,TE,bob_wallace,15.0,0.0,0.0
1970,CHI,Rich Coady,Rich,Coady,TE,37.0,26,75,245,Memphis,12/17/1944,1,14,8,1.0,1968.0,0,0,0,TE,TE,rich_coady,18.0,0.0,0.0
1970,CHI,Rich Coady,Rich,Coady,TE,37.0,26,75,245,Memphis,12/17/1944,1,14,8,1.0,1968.0,0,0,0,TE,TE,rich_coady,9.0,0.0,0.0
1970,CHI,Jimmy Hester,Jimmy,Hester,TE,86.0,26,76,238,North Dakota,12/13/1944,3,5,3,1.0,1967.0,0,0,0,TE,TE,jimmy_hester,5.0,0.0,0.0
1970,CHI,Ray Ogden,Ray,Ogden,TE,38.0,28,77,225,Alabama,9/2/1942,5,9,0,0.0,1965.0,0,0,0,TE,TE,ray_ogden,8.0,0.0,0.0
1970,CIN,Bob Trumpy,Bob,Trumpy,TE,84.0,25,78,228,"Illinois,Utah",3/6/1945,2,11,10,7.0,1968.0,0,0,0,TE,TE,bob_trumpy,49.0,1.0,4.0
1970,CIN,Bruce Coslet,Bruce,Coslet,TE,88.0,24,76,227,Pacific,8/5/1946,1,14,4,1.0,,0,0,0,TE,TE,bruce_coslet,0.0,0.0,0.0
1970,CIN,Mike Kelly,Mike,Kelly,TE,87.0,22,76,215,Davidson,1/14/1948,Rook,12,0,0.0,,0,0,0,TE,TE,mike_kelly,0.0,0.0,0.0
1970,CIN,Mike Kelly,Mike,Kelly,TE,87.0,22,76,215,Davidson,1/14/1948,Rook,12,0,0.0,,0,0,0,TE,TE,mike_kelly,0.0,0.0,0.0
1970,CLE,Milt Morin,Milt,Morin,TE,89.0,28,76,238,Massachusetts,10/15/1942,4,14,11,7.0,1966.0,0,0,0,TE,TE,milt_morin,48.0,0.0,2.0
1970,CLE,Chip Glass,Chip,Glass,TE,83.0,23,76,235,Florida St.,6/25/1947,1,14,3,5.0,1969.0,0,0,0,TE,TE,chip_glass,8.0,0.0,0.0
1970,CLT,John Mackey,John,Mackey,TE,88.0,29,74,224,Syracuse,9/24/1941,7,14,11,5.0,1963.0,0,0,0,TE,TE,john_mackey,58.0,3.0,5.0
1970,CLT,Tom Mitchell,Tom,Mitchell,TE,84.0,26,74,215,Bucknell,8/22/1944,4,14,3,3.0,1966.0,0,0,0,TE,TE,tom_mitchell,30.0,0.0,0.0
1970,CRD,Jackie Smith,Jackie,Smith,TE,81.0,30,76,235,Northwestern St. (LA),2/23/1940,7,14,14,10.0,1963.0,0,0,0,TE,TE,jackie_smith,74.0,0.0,5.0
1970,CRD,Robert Brown,Robert,Brown,TE,89.0,27,74,225,Alcorn St.,1/1/1943,1,14,1,0.0,,0,0,0,TE,TE,robert_brown,51.0,0.0,1.0
1970,CRD,Robert Brown,Robert,Brown,TE,89.0,27,74,225,Alcorn St.,1/1/1943,1,14,1,0.0,,0,0,0,TE,TE,robert_brown,50.0,0.0,0.0
1970,CRD,Jim McFarland,Jim,McFarland,TE,83.0,23,77,225,Nebraska,10/4/1947,Rook,9,0,0.0,1970.0,0,0,0,TE,TE,jim_mcfarland,1.0,0.0,0.0
1970,DAL,Mike Ditka,Mike,Ditka,TE,89.0,31,75,228,Pittsburgh,10/18/1939,9,14,0,1.0,1961.0,0,0,0,TE,TE,mike_ditka,56.0,2.0,5.0
1970,DAL,Pettis Norman,Pettis,Norman,TE,84.0,31,75,222,Johnson C. Smith,1/4/1939,8,14,14,1.0,1962.0,0,0,0,TE,TE,pettis_norman,23.0,0.0,0.0
1970,DEN,Jim Whalen,Jim,Whalen,TE,83.0,27,74,210,Boston Col.,5/20/1943,5,14,13,6.0,1965.0,0,0,0,TE,TE,jim_whalen,29.0,1.0,0.0
1970,DEN,Billy Masters,Billy,Masters,TE,81.0,26,77,240,LSU,3/15/1944,3,14,2,1.0,1967.0,0,0,0,TE,TE,billy_masters,21.0,0.0,0.0
1970,DET,Charlie Sanders,Charlie,Sanders,TE,88.0,24,76,225,Minnesota,8/25/1946,2,14,14,10.0,1968.0,0,0,0,TE,TE,charlie_sanders,52.0,2.0,7.0
1970,DET,Craig Cotton,Craig,Cotton,TE,87.0,23,77,216,Youngstown St.,7/7/1947,1,14,0,0.0,1969.0,0,0,0,TE,TE,craig_cotton,5.0,0.0,0.0
1970,GNB,John Hilton,John,Hilton,TE,86.0,28,77,225,Richmond,3/12/1942,5,14,14,3.0,1964.0,0,0,0,TE,TE,john_hilton,20.0,0.0,0.0
1970,GNB,Rich McGeorge,Rich,McGeorge,TE,81.0,22,76,235,Elon,9/14/1948,Rook,14,0,0.0,1970.0,0,0,0,TE,TE,rich_mcgeorge,25.0,0.0,0.0
1970,KAN,Billy Cannon,Billy,Cannon,TE,80.0,33,73,207,LSU,8/2/1937,10,6,4,2.0,1960.0,0,0,0,TE,TE,billy_cannon,53.0,2.0,2.0
1970,KAN,Billy Cannon,Billy,Cannon,TE,80.0,33,73,207,LSU,8/2/1937,10,6,4,2.0,1960.0,0,0,0,TE,TE,billy_cannon,1.0,0.0,0.0
1970,KAN,Fred Arbanas,Fred,Arbanas,TE,84.0,31,75,240,Michigan St.,1/14/1939,8,6,6,1.0,1961.0,0,0,0,TE,TE,fred_arbanas,33.0,3.0,5.0
1970,KAN,Morris Stroud,Morris,Stroud,TE,88.0,24,82,255,Clark (GA),5/17/1946,1,13,4,1.0,1969.0,0,0,0,TE,TE,morris_stroud,10.0,0.0,0.0
1970,MIA,Marv Fleming,Marv,Fleming,TE,80.0,28,76,232,Utah,1/2/1942,7,14,14,3.0,1963.0,0,0,0,TE,TE,marv_fleming,19.0,0.0,0.0
1970,MIA,Jim Mandich,Jim,Mandich,TE,88.0,22,74,224,Michigan,7/30/1948,Rook,14,0,0.0,1970.0,0,0,0,TE,TE,jim_mandich,22.0,0.0,0.0
1970,MIN,John Beasley,John,Beasley,TE,87.0,25,75,228,California,4/6/1945,3,14,14,4.0,1967.0,0,0,0,TE,TE,john_beasley,19.0,0.0,0.0
1970,MIN,Kent Kramer,Kent,Kramer,TE,89.0,26,76,235,Minnesota,7/21/1944,4,11,0,0.0,1966.0,0,0,0,TE,TE,kent_kramer,6.0,0.0,0.0
1970,MIN,Stu Voigt,Stu,Voigt,TE,83.0,22,73,223,Wisconsin,8/12/1948,Rook,3,0,0.0,1970.0,0,0,0,TE,TE,stu_voigt,21.0,0.0,0.0
1970,NOR,Dave Parks,Dave,Parks,TE,83.0,29,74,220,Texas Tech,12/25/1941,6,13,11,4.0,1964.0,0,0,0,TE,TE,dave_parks,52.0,1.0,3.0
1970,NOR,Ray Poage,Ray,Poage,TE,85.0,30,76,208,Texas,11/14/1940,7,12,3,1.0,1963.0,0,0,0,TE,TE,ray_poage,22.0,0.0,0.0
1970,NWE,Tom Beer,Tom,Beer,TE,82.0,26,76,235,"Detroit Mercy,Houston",12/21/1944,3,14,4,1.0,1967.0,0,0,0,TE,TE,tom_beer,8.0,0.0,0.0
1970,NWE,Tom Beer,Tom,Beer,TE,82.0,26,76,235,"Detroit Mercy,Houston",12/21/1944,3,14,4,1.0,1967.0,0,0,0,TE,TE,tom_beer,2.0,0.0,0.0
1970,NWE,Barry Brown,Barry,Brown,TE,86.0,27,75,230,Florida,4/17/1943,4,14,10,1.0,1965.0,0,0,0,TE,TE,barry_brown,0.0,0.0,0.0
1970,NWE,Barry Brown,Barry,Brown,TE,86.0,27,75,230,Florida,4/17/1943,4,14,10,1.0,1965.0,0,0,0,TE,TE,barry_brown,2.0,0.0,0.0
1970,NYG,Bob Tucker,Bob,Tucker,TE,38.0,25,75,230,Bloomsburg,6/8/1945,1,14,13,8.0,,0,0,0,TE,TE,bob_tucker,0.0,0.0,0.0
1970,NYG,Aaron Thomas,Aaron,Thomas,TE,88.0,33,75,210,Oregon St.,11/7/1937,9,14,1,1.0,1961.0,0,0,0,TE,TE,aaron_thomas,46.0,0.0,1.0
1970,NYJ,Rich Caster,Rich,Caster,TE,88.0,22,77,228,Jackson St.,10/16/1948,Rook,14,6,4.0,1970.0,0,0,0,TE,TE,rich_caster,55.0,0.0,3.0
1970,NYJ,Pete Lammons,Pete,Lammons,TE,87.0,27,75,230,Texas,10/20/1943,4,14,14,3.0,1966.0,0,0,0,TE,TE,pete_lammons,24.0,0.0,1.0
1970,NYJ,Gary Arthur,Gary,Arthur,TE,82.0,22,77,250,Miami (OH),1/9/1948,Rook,7,0,0.0,1970.0,0,0,0,TE,TE,gary_arthur,0.0,0.0,0.0
1970,NYJ,Wayne Stewart,Wayne,Stewart,TE,89.0,23,79,219,California,8/18/1947,1,7,0,0.0,1969.0,0,0,0,TE,TE,wayne_stewart,0.0,0.0,0.0
1970,NYJ,Wayne Stewart,Wayne,Stewart,TE,89.0,23,79,219,California,8/18/1947,1,7,0,0.0,1969.0,0,0,0,TE,TE,wayne_stewart,4.0,0.0,0.0
1970,OTI,Alvin Reed,Alvin,Reed,TE,89.0,26,77,235,Prairie View A&M,8/1/1944,3,13,13,5.0,,0,0,0,TE,TE,alvin_reed,0.0,0.0,1.0
1970,OTI,Alvin Reed,Alvin,Reed,TE,89.0,26,77,235,Prairie View A&M,8/1/1944,3,13,13,5.0,,0,0,0,TE,TE,alvin_reed,0.0,0.0,1.0
1970,OTI,Donnie Davis,Donnie,Davis,TE,84.0,30,75,225,Southern,9/18/1940,8,14,0,0.0,1962.0,0,0,0,TE,TE,donnie_davis,0.0,0.0,0.0
1970,OTI,Terry Stoepel,Terry,Stoepel,TE,69.0,25,76,235,Tulsa,2/8/1945,3,14,0,0.0,,0,0,0,TE,TE,terry_stoepel,0.0,0.0,0.0
1970,OTI,Donnie Davis,Donnie,Davis,TE,84.0,30,75,225,Southern,9/18/1940,8,14,0,0.0,1962.0,0,0,0,TE,TE,donnie_davis,0.0,0.0,0.0
1970,OTI,Terry Stoepel,Terry,Stoepel,TE,69.0,25,76,235,Tulsa,2/8/1945,3,14,0,0.0,,0,0,0,TE,TE,terry_stoepel,0.0,0.0,0.0
1970,PHI,Steve Zabel,Steve,Zabel,TE,89.0,22,76,235,Oklahoma,3/20/1948,Rook,14,7,1.0,1970.0,0,0,0,TE,TE,steve_zabel,39.0,0.0,0.0
1970,PHI,Fred Hill,Fred,Hill,TE,86.0,27,74,215,USC,8/13/1943,5,14,1,0.0,1965.0,0,0,0,TE,TE,fred_hill,11.0,0.0,0.0
1970,PIT,Dennis Hughes,Dennis,Hughes,TE,82.0,22,73,225,Georgia,2/22/1948,Rook,11,8,3.0,,0,0,0,TE,TE,dennis_hughes,0.0,0.0,0.0
1970,PIT,J.R. Wilburn,J.R.,Wilburn,TE,86.0,27,74,190,South Carolina,4/27/1943,4,6,4,1.0,1965.0,0,0,0,TE,TE,j.r._wilburn,18.0,0.0,0.0
1970,PIT,Bob Adams,Bob,Adams,TE,85.0,24,74,225,Pacific,8/15/1946,1,14,2,0.0,,0,0,0,TE,TE,bob_adams,0.0,0.0,0.0
1970,PIT,Bob Adams,Bob,Adams,TE,85.0,24,74,225,Pacific,8/15/1946,1,14,2,0.0,,0,0,0,TE,TE,bob_adams,0.0,0.0,0.0
1970,RAI,Raymond Chester,Raymond,Chester,TE,87.0,22,75,232,Morgan St.,6/28/1948,Rook,14,12,7.0,1970.0,0,0,0,TE,TE,raymond_chester,52.0,0.0,4.0
1970,RAI,Ted Koy,Ted,Koy,TE,38.0,23,74,212,Texas,9/15/1947,Rook,14,0,0.0,1970.0,0,0,0,TE,TE,ted_koy,1.0,0.0,0.0
1970,RAI,Jacque MacKinnon,Jacque,MacKinnon,TE,37.0,32,76,235,Colgate,11/10/1938,9,4,2,0.0,1961.0,0,0,0,TE,TE,jacque_mackinnon,26.0,0.0,2.0
1970,RAI,Jacque MacKinnon,Jacque,MacKinnon,TE,37.0,32,76,235,Colgate,11/10/1938,9,4,2,0.0,1961.0,0,0,0,TE,TE,jacque_mackinnon,26.0,0.0,2.0
1970,RAM,Billy Truax,Billy,Truax,TE,87.0,27,77,240,LSU,7/15/1943,6,14,14,5.0,1964.0,0,0,0,TE,TE,billy_truax,26.0,0.0,0.0
1970,RAM,Pat Curran,Pat,Curran,TE,88.0,25,76,238,"Iowa St.,Lakeland",9/21/1945,1,14,1,1.0,1969.0,0,0,0,TE,TE,pat_curran,13.0,0.0,0.0
1970,RAM,Bob Klein,Bob,Klein,TE,80.0,23,77,235,USC,7/27/1947,1,7,0,0.0,1969.0,0,0,0,TE,TE,bob_klein,30.0,0.0,0.0
1970,SDG,Willie Frazier,Willie,Frazier,TE,83.0,28,76,245,Ark-Pine Bluff,6/19/1942,6,14,12,8.0,,0,0,0,TE,TE,willie_frazier,0.0,0.0,0.0
1970,SDG,Art Strozier,Art,Strozier,TE,89.0,24,74,220,Kansas St.,5/23/1946,Rook,14,2,1.0,,0,0,0,TE,TE,art_strozier,0.0,0.0,0.0
1970,SDG,Roland Moss,Roland,Moss,TE,38.0,24,75,215,Toledo,9/20/1946,1,2,0,0.0,1969.0,0,0,0,TE,TE,roland_moss,1.0,0.0,0.0
1970,SFO,Bob Windsor,Bob,Windsor,TE,89.0,28,76,220,Kentucky,12/19/1942,3,14,14,5.0,1966.0,0,0,0,TE,TE,bob_windsor,23.0,0.0,0.0
1970,SFO,Ted Kwalick,Ted,Kwalick,TE,82.0,23,76,226,Penn St.,4/15/1947,1,14,0,3.0,1969.0,0,0,0,TE,TE,ted_kwalick,30.0,1.0,3.0
1970,WAS,Jerry Smith,Jerry,Smith,TE,87.0,27,75,208,Arizona St.,7/19/1943,5,14,14,10.0,1965.0,0,0,0,TE,TE,jerry_smith,0.0,0.0,0.0
1970,WAS,Jerry Smith,Jerry,Smith,TE,87.0,27,75,208,Arizona St.,7/19/1943,5,14,14,10.0,1965.0,0,0,0,TE,TE,jerry_smith,56.0,1.0,2.0
1970,WAS,Mack Alston,Mack,Alston,TE,81.0,23,74,230,MD-Eastern Shore,4/27/1947,Rook,8,0,0.0,1970.0,0,0,0,TE,TE,mack_alston,12.0,0.0,0.0
1971,ATL,Jim Mitchell,Jim,Mitchell,TE,86.0,24,73,234,Prairie View A&M,10/19/1947,2,13,13,8.0,1969.0,0,0,0,TE,TE,jim_mitchell,39.0,0.0,2.0
1971,ATL,Jim Mitchell,Jim,Mitchell,TE,86.0,24,73,234,Prairie View A&M,10/19/1947,2,13,13,8.0,1969.0,0,0,0,TE,TE,jim_mitchell,35.0,0.0,0.0
1971,ATL,Ray Poage,Ray,Poage,TE,85.0,31,76,208,Texas,11/14/1940,8,4,1,1.0,1963.0,0,0,0,TE,TE,ray_poage,22.0,0.0,0.0
1971,ATL,Mike Donohoe,Mike,Donohoe,TE,84.0,26,75,225,San Francisco,5/6/1945,3,9,0,0.0,1968.0,0,0,0,TE,TE,mike_donohoe,0.0,0.0,0.0
1971,BUF,Ted Koy,Ted,Koy,TE,85.0,24,74,212,Texas,9/15/1947,1,14,1,1.0,1970.0,0,0,0,TE,TE,ted_koy,1.0,0.0,0.0
1971,BUF,Jan White,Jan,White,TE,80.0,23,74,216,Ohio St.,10/6/1948,Rook,13,13,1.0,1971.0,0,0,0,TE,TE,jan_white,3.0,0.0,0.0
1971,BUF,Austin Denney,Austin,Denney,TE,84.0,27,74,230,Tennessee,1/2/1944,4,1,0,0.0,1966.0,0,0,0,TE,TE,austin_denney,8.0,0.0,0.0
1971,CHI,Bob Wallace,Bob,Wallace,TE,89.0,26,75,211,Texas-El Paso,10/7/1945,3,14,14,4.0,1968.0,0,0,0,TE,TE,bob_wallace,15.0,0.0,0.0
1971,CHI,Ray Ogden,Ray,Ogden,TE,38.0,29,77,225,Alabama,9/2/1942,6,6,0,0.0,1965.0,0,0,0,TE,TE,ray_ogden,8.0,0.0,0.0
1971,CHI,Earl Thomas,Earl,Thomas,TE,82.0,23,75,224,Houston,10/4/1948,Rook,11,0,0.0,1971.0,0,0,0,TE,TE,earl_thomas,22.0,0.0,0.0
1971,CHI,Earl Thomas,Earl,Thomas,TE,82.0,23,75,224,Houston,10/4/1948,Rook,11,0,0.0,1971.0,0,0,0,TE,TE,earl_thomas,82.0,3.0,7.0
1971,CIN,Bruce Coslet,Bruce,Coslet,TE,88.0,25,76,227,Pacific,8/5/1946,2,14,6,4.0,,0,0,0,TE,TE,bruce_coslet,0.0,0.0,0.0
1971,CIN,Mike Kelly,Mike,Kelly,TE,87.0,23,76,215,Davidson,1/14/1948,1,14,0,0.0,,0,0,0,TE,TE,mike_kelly,0.0,0.0,0.0
1971,CIN,Mike Kelly,Mike,Kelly,TE,87.0,23,76,215,Davidson,1/14/1948,1,14,0,0.0,,0,0,0,TE,TE,mike_kelly,0.0,0.0,0.0
1971,CLE,Milt Morin,Milt,Morin,TE,89.0,29,76,238,Massachusetts,10/15/1942,5,14,14,8.0,1966.0,0,0,0,TE,TE,milt_morin,48.0,0.0,2.0
1971,CLE,Chip Glass,Chip,Glass,TE,83.0,24,76,235,Florida St.,6/25/1947,2,14,0,0.0,1969.0,0,0,0,TE,TE,chip_glass,8.0,0.0,0.0
1971,CLT,Tom Mitchell,Tom,Mitchell,TE,84.0,27,74,215,Bucknell,8/22/1944,5,14,9,6.0,1966.0,0,0,0,TE,TE,tom_mitchell,30.0,0.0,0.0
1971,CLT,John Mackey,John,Mackey,TE,88.0,30,74,224,Syracuse,9/24/1941,8,14,5,2.0,1963.0,0,0,0,TE,TE,john_mackey,58.0,3.0,5.0
1971,CRD,Jackie Smith,Jackie,Smith,TE,81.0,31,76,235,Northwestern St. (LA),2/23/1940,8,9,9,4.0,1963.0,0,0,0,TE,TE,jackie_smith,74.0,0.0,5.0
1971,CRD,Jim McFarland,Jim,McFarland,TE,83.0,24,77,225,Nebraska,10/4/1947,1,14,5,1.0,1970.0,0,0,0,TE,TE,jim_mcfarland,1.0,0.0,0.0
1971,DAL,Mike Ditka,Mike,Ditka,TE,89.0,32,75,228,Pittsburgh,10/18/1939,10,14,4,5.0,1961.0,0,0,0,TE,TE,mike_ditka,56.0,2.0,5.0
1971,DAL,Billy Truax,Billy,Truax,TE,87.0,28,77,240,LSU,7/15/1943,7,12,10,3.0,1964.0,0,0,0,TE,TE,billy_truax,26.0,0.0,0.0
1971,DEN,Billy Masters,Billy,Masters,TE,81.0,27,77,240,LSU,3/15/1944,4,14,12,4.0,1967.0,0,0,0,TE,TE,billy_masters,21.0,0.0,0.0
1971,DEN,John Mosier,John,Mosier,TE,85.0,23,75,220,Kansas,3/1/1948,1,11,1,1.0,1970.0,0,0,0,TE,TE,john_mosier,1.0,0.0,0.0
1971,DEN,Jim Whalen,Jim,Whalen,TE,83.0,28,74,210,Boston Col.,5/20/1943,6,3,2,1.0,1965.0,0,0,0,TE,TE,jim_whalen,29.0,1.0,0.0
1971,DET,Charlie Sanders,Charlie,Sanders,TE,88.0,25,76,225,Minnesota,8/25/1946,3,13,13,8.0,1968.0,0,0,0,TE,TE,charlie_sanders,52.0,2.0,7.0
1971,DET,Craig Cotton,Craig,Cotton,TE,87.0,24,77,216,Youngstown St.,7/7/1947,2,14,2,1.0,1969.0,0,0,0,TE,TE,craig_cotton,5.0,0.0,0.0
1971,GNB,Rich McGeorge,Rich,McGeorge,TE,81.0,23,76,235,Elon,9/14/1948,1,14,14,7.0,1970.0,0,0,0,TE,TE,rich_mcgeorge,25.0,0.0,0.0
1971,GNB,Len Garrett,Len,Garrett,TE,88.0,24,75,230,New Mex. Highlands,12/18/1947,Rook,14,0,0.0,1971.0,0,0,0,TE,TE,len_garrett,1.0,0.0,0.0
1971,KAN,Morris Stroud,Morris,Stroud,TE,88.0,25,82,255,Clark (GA),5/17/1946,2,14,13,6.0,1969.0,0,0,0,TE,TE,morris_stroud,10.0,0.0,0.0
1971,KAN,Willie Frazier,Willie,Frazier,TE,83.0,29,76,245,Ark-Pine Bluff,6/19/1942,7,8,1,1.0,,0,0,0,TE,TE,willie_frazier,0.0,0.0,0.0
1971,MIA,Marv Fleming,Marv,Fleming,TE,80.0,29,76,232,Utah,1/2/1942,8,14,13,3.0,1963.0,0,0,0,TE,TE,marv_fleming,19.0,0.0,0.0
1971,MIA,Jim Mandich,Jim,Mandich,TE,88.0,23,74,224,Michigan,7/30/1948,1,11,1,0.0,1970.0,0,0,0,TE,TE,jim_mandich,22.0,0.0,0.0
1971,MIN,Robert Brown,Robert,Brown,TE,89.0,28,74,225,Alcorn St.,1/1/1943,2,8,4,2.0,,0,0,0,TE,TE,robert_brown,51.0,0.0,1.0
1971,MIN,Robert Brown,Robert,Brown,TE,89.0,28,74,225,Alcorn St.,1/1/1943,2,8,4,2.0,,0,0,0,TE,TE,robert_brown,50.0,0.0,0.0
1971,MIN,Stu Voigt,Stu,Voigt,TE,83.0,23,73,223,Wisconsin,8/12/1948,1,12,9,2.0,1970.0,0,0,0,TE,TE,stu_voigt,21.0,0.0,0.0
1971,MIN,John Hilton,John,Hilton,TE,85.0,29,77,225,Richmond,3/12/1942,6,7,1,0.0,1964.0,0,0,0,TE,TE,john_hilton,20.0,0.0,0.0
1971,NOR,Dave Parks,Dave,Parks,TE,83.0,30,74,220,Texas Tech,12/25/1941,7,14,13,8.0,1964.0,0,0,0,TE,TE,dave_parks,52.0,1.0,3.0
1971,NOR,Carlos Bell,Carlos,Bell,TE,34.0,24,77,238,Houston,9/21/1947,Rook,1,0,0.0,1971.0,0,0,0,TE,TE,carlos_bell,0.0,0.0,0.0
1971,NOR,Don Burchfield,Don,Burchfield,TE,36.0,22,75,233,Ball St.,3/17/1949,Rook,14,1,0.0,1971.0,0,0,0,TE,TE,don_burchfield,0.0,0.0,0.0
1971,NWE,Tom Beer,Tom,Beer,TE,68.0,27,76,235,"Detroit Mercy,Houston",12/21/1944,4,14,8,2.0,1967.0,0,0,0,TE,TE,tom_beer,8.0,0.0,0.0
1971,NWE,Tom Beer,Tom,Beer,TE,68.0,27,76,235,"Detroit Mercy,Houston",12/21/1944,4,14,8,2.0,1967.0,0,0,0,TE,TE,tom_beer,2.0,0.0,0.0
1971,NWE,Roland Moss,Roland,Moss,TE,86.0,25,75,215,Toledo,9/20/1946,2,14,6,1.0,1969.0,0,0,0,TE,TE,roland_moss,1.0,0.0,0.0
1971,NYG,Bob Tucker,Bob,Tucker,TE,38.0,26,75,230,Bloomsburg,6/8/1945,1,12,12,7.0,,0,0,0,TE,TE,bob_tucker,0.0,0.0,0.0
1971,NYG,Rich Kotite,Rich,Kotite,TE,87.0,29,75,233,"Miami (FL),Wagner",10/13/1942,4,14,2,1.0,1965.0,0,0,0,TE,TE,rich_kotite,2.0,0.0,0.0
1971,NYJ,Pete Lammons,Pete,Lammons,TE,87.0,28,75,230,Texas,10/20/1943,5,14,14,2.0,1966.0,0,0,0,TE,TE,pete_lammons,24.0,0.0,1.0
1971,NYJ,Gary Arthur,Gary,Arthur,TE,82.0,23,77,250,Miami (OH),1/9/1948,1,14,0,0.0,1970.0,0,0,0,TE,TE,gary_arthur,0.0,0.0,0.0
1971,NYJ,Wayne Stewart,Wayne,Stewart,TE,89.0,24,79,219,California,8/18/1947,2,3,0,0.0,1969.0,0,0,0,TE,TE,wayne_stewart,0.0,0.0,0.0
1971,NYJ,Wayne Stewart,Wayne,Stewart,TE,89.0,24,79,219,California,8/18/1947,2,3,0,0.0,1969.0,0,0,0,TE,TE,wayne_stewart,4.0,0.0,0.0
1971,OTI,Alvin Reed,Alvin,Reed,TE,89.0,27,77,235,Prairie View A&M,8/1/1944,4,14,10,4.0,,0,0,0,TE,TE,alvin_reed,0.0,0.0,1.0
1971,OTI,Alvin Reed,Alvin,Reed,TE,89.0,27,77,235,Prairie View A&M,8/1/1944,4,14,10,4.0,,0,0,0,TE,TE,alvin_reed,0.0,0.0,1.0
1971,OTI,Willie Frazier,Willie,Frazier,TE,83.0,29,76,245,Ark-Pine Bluff,6/19/1942,7,6,4,1.0,,0,0,0,TE,TE,willie_frazier,0.0,0.0,0.0
1971,OTI,Willie Frazier,Willie,Frazier,TE,83.0,29,76,245,Ark-Pine Bluff,6/19/1942,7,6,4,1.0,,0,0,0,TE,TE,willie_frazier,0.0,0.0,0.0
1971,PHI,Harold Carmichael,Harold,Carmichael,TE,17.0,22,80,225,Southern,9/22/1949,Rook,9,6,3.0,1971.0,0,0,0,TE,TE,harold_carmichael,79.0,0.0,4.0
1971,PHI,Gary Ballman,Gary,Ballman,TE,85.0,31,73,215,Michigan St.,7/6/1940,9,6,6,2.0,1962.0,0,0,0,TE,TE,gary_ballman,48.0,0.0,2.0
1971,PHI,Fred Hill,Fred,Hill,TE,86.0,28,74,215,USC,8/13/1943,6,7,0,1.0,1965.0,0,0,0,TE,TE,fred_hill,11.0,0.0,0.0
1971,PHI,Kent Kramer,Kent,Kramer,TE,87.0,27,76,235,Minnesota,7/21/1944,5,10,4,1.0,1966.0,0,0,0,TE,TE,kent_kramer,6.0,0.0,0.0
1971,PHI,Jim Whalen,Jim,Whalen,TE,81.0,28,74,210,Boston Col.,5/20/1943,6,2,2,0.0,1965.0,0,0,0,TE,TE,jim_whalen,29.0,1.0,0.0
1971,PIT,Larry Brown,Larry,Brown,TE,87.0,22,76,246,Kansas,6/16/1949,Rook,13,0,3.0,1971.0,0,0,0,TE,TE,larry_brown,0.0,0.0,0.0
1971,PIT,Larry Brown,Larry,Brown,TE,87.0,22,76,246,Kansas,6/16/1949,Rook,13,0,3.0,1971.0,0,0,0,TE,TE,larry_brown,81.0,2.0,4.0
1971,PIT,Larry Brown,Larry,Brown,TE,87.0,22,76,246,Kansas,6/16/1949,Rook,13,0,3.0,1971.0,0,0,0,TE,TE,larry_brown,52.0,0.0,1.0
1971,PIT,Larry Brown,Larry,Brown,TE,87.0,22,76,246,Kansas,6/16/1949,Rook,13,0,3.0,1971.0,0,0,0,TE,TE,larry_brown,1.0,0.0,0.0
1971,PIT,Larry Brown,Larry,Brown,TE,87.0,22,76,246,Kansas,6/16/1949,Rook,13,0,3.0,1971.0,0,0,0,TE,TE,larry_brown,31.0,0.0,0.0
1971,PIT,Larry Brown,Larry,Brown,TE,87.0,22,76,246,Kansas,6/16/1949,Rook,13,0,3.0,1971.0,0,0,0,TE,TE,larry_brown,0.0,0.0,0.0
1971,PIT,Bob Adams,Bob,Adams,TE,85.0,25,74,225,Pacific,8/15/1946,2,14,14,2.0,,0,0,0,TE,TE,bob_adams,0.0,0.0,0.0
1971,PIT,Bob Adams,Bob,Adams,TE,85.0,25,74,225,Pacific,8/15/1946,2,14,14,2.0,,0,0,0,TE,TE,bob_adams,0.0,0.0,0.0
1971,PIT,Dennis Hughes,Dennis,Hughes,TE,82.0,23,73,225,Georgia,2/22/1948,1,7,0,0.0,,0,0,0,TE,TE,dennis_hughes,0.0,0.0,0.0
1971,RAI,Raymond Chester,Raymond,Chester,TE,87.0,23,75,232,Morgan St.,6/28/1948,1,14,14,7.0,1970.0,0,0,0,TE,TE,raymond_chester,52.0,0.0,4.0
1971,RAI,Bob Moore,Bob,Moore,TE,88.0,22,75,220,Stanford,2/12/1949,Rook,14,1,0.0,1971.0,0,0,0,TE,TE,bob_moore,14.0,0.0,0.0
1971,RAM,Bob Klein,Bob,Klein,TE,80.0,24,77,235,USC,7/27/1947,2,14,14,3.0,1969.0,0,0,0,TE,TE,bob_klein,30.0,0.0,0.0
1971,RAM,Pat Curran,Pat,Curran,TE,88.0,26,76,238,"Iowa St.,Lakeland",9/21/1945,2,14,0,0.0,1969.0,0,0,0,TE,TE,pat_curran,13.0,0.0,0.0
1971,SDG,Pettis Norman,Pettis,Norman,TE,88.0,32,75,222,Johnson C. Smith,1/4/1939,9,14,12,4.0,1962.0,0,0,0,TE,TE,pettis_norman,23.0,0.0,0.0
1971,SDG,Art Strozier,Art,Strozier,TE,89.0,25,74,220,Kansas St.,5/23/1946,1,6,0,0.0,,0,0,0,TE,TE,art_strozier,0.0,0.0,0.0
1971,SFO,Ted Kwalick,Ted,Kwalick,TE,82.0,24,76,226,Penn St.,4/15/1947,2,14,14,9.0,1969.0,0,0,0,TE,TE,ted_kwalick,30.0,1.0,3.0
1971,SFO,Bob Windsor,Bob,Windsor,TE,89.0,29,76,220,Kentucky,12/19/1942,4,13,0,1.0,1966.0,0,0,0,TE,TE,bob_windsor,23.0,0.0,0.0
1971,WAS,Jerry Smith,Jerry,Smith,TE,87.0,28,75,208,Arizona St.,7/19/1943,6.0,8,7,3.0,1965.0,0,0,0,TE,TE,jerry_smith,0.0,0.0,0.0
1971,WAS,Jerry Smith,Jerry,Smith,TE,87.0,28,75,208,Arizona St.,7/19/1943,6.0,8,7,3.0,1965.0,0,0,0,TE,TE,jerry_smith,56.0,1.0,2.0
1971,WAS,Mack Alston,Mack,Alston,TE,81.0,24,74,230,MD-Eastern Shore,4/27/1947,1.0,12,7,1.0,1970.0,0,0,0,TE,TE,mack_alston,12.0,0.0,0.0
1972,ATL,Jim Mitchell,Jim,Mitchell,TE,86.0,25,73,234,Prairie View A&M,10/19/1947,3,14,14,6.0,1969.0,0,0,0,TE,TE,jim_mitchell,39.0,0.0,2.0
1972,ATL,Jim Mitchell,Jim,Mitchell,TE,86.0,25,73,234,Prairie View A&M,10/19/1947,3,14,14,6.0,1969.0,0,0,0,TE,TE,jim_mitchell,35.0,0.0,0.0
1972,ATL,Jim Mitchell,Jim,Mitchell,TE,86.0,25,73,234,Prairie View A&M,10/19/1947,3,14,14,6.0,1969.0,0,0,0,TE,TE,jim_mitchell,39.0,0.0,2.0
1972,ATL,Jim Mitchell,Jim,Mitchell,TE,86.0,25,73,234,Prairie View A&M,10/19/1947,3,14,14,6.0,1969.0,0,0,0,TE,TE,jim_mitchell,35.0,0.0,0.0
1972,ATL,Larry Mialik,Larry,Mialik,TE,83.0,22,74,226,Wisconsin,5/15/1950,Rook,14,0,0.0,1972.0,0,0,0,TE,TE,larry_mialik,0.0,0.0,0.0
1972,ATL,Larry Mialik,Larry,Mialik,TE,83.0,22,74,226,Wisconsin,5/15/1950,Rook,14,0,0.0,1972.0,0,0,0,TE,TE,larry_mialik,0.0,0.0,0.0
1972,BUF,Jan White,Jan,White,TE,80.0,24,74,216,Ohio St.,10/6/1948,1,14,14,2.0,1971.0,0,0,0,TE,TE,jan_white,3.0,0.0,0.0
1972,BUF,Jan White,Jan,White,TE,80.0,24,74,216,Ohio St.,10/6/1948,1,14,14,2.0,1971.0,0,0,0,TE,TE,jan_white,3.0,0.0,0.0
1972,CHI,Earl Thomas,Earl,Thomas,TE,82.0,24,75,224,Houston,10/4/1948,1,14,14,7.0,1971.0,0,0,0,TE,TE,earl_thomas,22.0,0.0,0.0
1972,CHI,Earl Thomas,Earl,Thomas,TE,82.0,24,75,224,Houston,10/4/1948,1,14,14,7.0,1971.0,0,0,0,TE,TE,earl_thomas,82.0,3.0,7.0
1972,CHI,Earl Thomas,Earl,Thomas,TE,82.0,24,75,224,Houston,10/4/1948,1,14,14,7.0,1971.0,0,0,0,TE,TE,earl_thomas,22.0,0.0,0.0
1972,CHI,Earl Thomas,Earl,Thomas,TE,82.0,24,75,224,Houston,10/4/1948,1,14,14,7.0,1971.0,0,0,0,TE,TE,earl_thomas,82.0,3.0,7.0
1972,CHI,Bob Parsons,Bob,Parsons,TE,86.0,22,76,234,Penn St.,6/29/1950,Rook,13,0,0.0,1972.0,0,0,0,TE,TE,bob_parsons,16.0,0.0,0.0
1972,CHI,Bob Parsons,Bob,Parsons,TE,86.0,22,76,234,Penn St.,6/29/1950,Rook,13,0,0.0,1972.0,0,0,0,TE,TE,bob_parsons,16.0,0.0,0.0
1972,CIN,Bob Trumpy,Bob,Trumpy,TE,84.0,27,78,228,"Illinois,Utah",3/6/1945,4,12,12,6.0,1968.0,0,0,0,TE,TE,bob_trumpy,49.0,1.0,4.0
1972,CIN,Bob Trumpy,Bob,Trumpy,TE,84.0,27,78,228,"Illinois,Utah",3/6/1945,4,12,12,6.0,1968.0,0,0,0,TE,TE,bob_trumpy,49.0,1.0,4.0
1972,CIN,Bruce Coslet,Bruce,Coslet,TE,88.0,26,76,227,Pacific,8/5/1946,3,10,2,1.0,,0,0,0,TE,TE,bruce_coslet,0.0,0.0,0.0
1972,CIN,Bruce Coslet,Bruce,Coslet,TE,88.0,26,76,227,Pacific,8/5/1946,3,10,2,1.0,,0,0,0,TE,TE,bruce_coslet,0.0,0.0,0.0
1972,CIN,Mike Kelly,Mike,Kelly,TE,87.0,24,76,215,Davidson,1/14/1948,2,13,0,0.0,,0,0,0,TE,TE,mike_kelly,0.0,0.0,0.0
1972,CIN,Mike Kelly,Mike,Kelly,TE,87.0,24,76,215,Davidson,1/14/1948,2,13,0,0.0,,0,0,0,TE,TE,mike_kelly,0.0,0.0,0.0
1972,CIN,Pete Watson,Pete,Watson,TE,40.0,22,73,210,Tufts,9/19/1950,Rook,2,0,0.0,,0,0,0,TE,TE,pete_watson,0.0,0.0,0.0
1972,CIN,Mike Kelly,Mike,Kelly,TE,87.0,24,76,215,Davidson,1/14/1948,2,13,0,0.0,,0,0,0,TE,TE,mike_kelly,0.0,0.0,0.0
1972,CIN,Mike Kelly,Mike,Kelly,TE,87.0,24,76,215,Davidson,1/14/1948,2,13,0,0.0,,0,0,0,TE,TE,mike_kelly,0.0,0.0,0.0
1972,CIN,Pete Watson,Pete,Watson,TE,40.0,22,73,210,Tufts,9/19/1950,Rook,2,0,0.0,,0,0,0,TE,TE,pete_watson,0.0,0.0,0.0
1972,CLE,Milt Morin,Milt,Morin,TE,89.0,30,76,238,Massachusetts,10/15/1942,6,14,14,7.0,1966.0,0,0,0,TE,TE,milt_morin,48.0,0.0,2.0
1972,CLE,Milt Morin,Milt,Morin,TE,89.0,30,76,238,Massachusetts,10/15/1942,6,14,14,7.0,1966.0,0,0,0,TE,TE,milt_morin,48.0,0.0,2.0
1972,CLE,Chip Glass,Chip,Glass,TE,83.0,25,76,235,Florida St.,6/25/1947,3,14,0,1.0,1969.0,0,0,0,TE,TE,chip_glass,8.0,0.0,0.0
1972,CLE,Chip Glass,Chip,Glass,TE,83.0,25,76,235,Florida St.,6/25/1947,3,14,0,1.0,1969.0,0,0,0,TE,TE,chip_glass,8.0,0.0,0.0
1972,CLT,Tom Mitchell,Tom,Mitchell,TE,84.0,28,74,215,Bucknell,8/22/1944,6,14,14,5.0,1966.0,0,0,0,TE,TE,tom_mitchell,30.0,0.0,0.0
1972,CLT,Tom Mitchell,Tom,Mitchell,TE,84.0,28,74,215,Bucknell,8/22/1944,6,14,14,5.0,1966.0,0,0,0,TE,TE,tom_mitchell,30.0,0.0,0.0
1972,CLT,John Mosier,John,Mosier,TE,88.0,24,75,220,Kansas,3/1/1948,1,14,0,0.0,1970.0,0,0,0,TE,TE,john_mosier,1.0,0.0,0.0
1972,CLT,John Mosier,John,Mosier,TE,88.0,24,75,220,Kansas,3/1/1948,1,14,0,0.0,1970.0,0,0,0,TE,TE,john_mosier,1.0,0.0,0.0
1972,CRD,Jackie Smith,Jackie,Smith,TE,81.0,32,76,235,Northwestern St. (LA),2/23/1940,9,14,14,4.0,1963.0,0,0,0,TE,TE,jackie_smith,74.0,0.0,5.0
1972,CRD,Jackie Smith,Jackie,Smith,TE,81.0,32,76,235,Northwestern St. (LA),2/23/1940,9,14,14,4.0,1963.0,0,0,0,TE,TE,jackie_smith,74.0,0.0,5.0
1972,CRD,Jim McFarland,Jim,McFarland,TE,80.0,25,77,225,Nebraska,10/4/1947,2,10,0,0.0,1970.0,0,0,0,TE,TE,jim_mcfarland,1.0,0.0,0.0
1972,CRD,Ara Person,Ara,Person,TE,30.0,24,76,225,Morgan St.,9/23/1948,Rook,4,0,0.0,1970.0,0,0,0,TE,TE,ara_person,0.0,0.0,0.0
1972,CRD,Jim McFarland,Jim,McFarland,TE,80.0,25,77,225,Nebraska,10/4/1947,2,10,0,0.0,1970.0,0,0,0,TE,TE,jim_mcfarland,1.0,0.0,0.0
1972,CRD,Ara Person,Ara,Person,TE,30.0,24,76,225,Morgan St.,9/23/1948,Rook,4,0,0.0,1970.0,0,0,0,TE,TE,ara_person,0.0,0.0,0.0
1972,DAL,Mike Ditka,Mike,Ditka,TE,89.0,33,75,228,Pittsburgh,10/18/1939,11,14,14,2.0,1961.0,0,0,0,TE,TE,mike_ditka,56.0,2.0,5.0
1972,DAL,Mike Ditka,Mike,Ditka,TE,89.0,33,75,228,Pittsburgh,10/18/1939,11,14,14,2.0,1961.0,0,0,0,TE,TE,mike_ditka,56.0,2.0,5.0
1972,DAL,Jean Fugett,Jean,Fugett,TE,84.0,21,75,225,Amherst,12/16/1951,Rook,14,0,1.0,1972.0,0,0,0,TE,TE,jean_fugett,24.0,0.0,1.0
1972,DAL,Billy Truax,Billy,Truax,TE,87.0,29,77,240,LSU,7/15/1943,8,6,0,1.0,1964.0,0,0,0,TE,TE,billy_truax,26.0,0.0,0.0
1972,DAL,Jean Fugett,Jean,Fugett,TE,84.0,21,75,225,Amherst,12/16/1951,Rook,14,0,1.0,1972.0,0,0,0,TE,TE,jean_fugett,24.0,0.0,1.0
1972,DAL,Billy Truax,Billy,Truax,TE,87.0,29,77,240,LSU,7/15/1943,8,6,0,1.0,1964.0,0,0,0,TE,TE,billy_truax,26.0,0.0,0.0
1972,DEN,Billy Masters,Billy,Masters,TE,81.0,28,77,240,LSU,3/15/1944,5,14,14,5.0,1967.0,0,0,0,TE,TE,billy_masters,21.0,0.0,0.0
1972,DEN,Riley Odoms,Riley,Odoms,TE,88.0,22,76,230,Houston,3/1/1950,Rook,14,0,5.0,1972.0,0,0,0,TE,TE,riley_odoms,54.0,2.0,4.0
1972,DEN,Billy Masters,Billy,Masters,TE,81.0,28,77,240,LSU,3/15/1944,5,14,14,5.0,1967.0,0,0,0,TE,TE,billy_masters,21.0,0.0,0.0
1972,DEN,Riley Odoms,Riley,Odoms,TE,88.0,22,76,230,Houston,3/1/1950,Rook,14,0,5.0,1972.0,0,0,0,TE,TE,riley_odoms,54.0,2.0,4.0
1972,DET,Charlie Sanders,Charlie,Sanders,TE,88.0,26,76,225,Minnesota,8/25/1946,4,9,8,7.0,1968.0,0,0,0,TE,TE,charlie_sanders,52.0,2.0,7.0
1972,DET,Charlie Sanders,Charlie,Sanders,TE,88.0,26,76,225,Minnesota,8/25/1946,4,9,8,7.0,1968.0,0,0,0,TE,TE,charlie_sanders,52.0,2.0,7.0
1972,DET,Craig Cotton,Craig,Cotton,TE,87.0,25,77,216,Youngstown St.,7/7/1947,3,14,6,2.0,1969.0,0,0,0,TE,TE,craig_cotton,5.0,0.0,0.0
1972,DET,John Hilton,John,Hilton,TE,81.0,30,77,225,Richmond,3/12/1942,7,5,0,2.0,1964.0,0,0,0,TE,TE,john_hilton,20.0,0.0,0.0
1972,DET,Craig Cotton,Craig,Cotton,TE,87.0,25,77,216,Youngstown St.,7/7/1947,3,14,6,2.0,1969.0,0,0,0,TE,TE,craig_cotton,5.0,0.0,0.0
1972,DET,John Hilton,John,Hilton,TE,81.0,30,77,225,Richmond,3/12/1942,7,5,0,2.0,1964.0,0,0,0,TE,TE,john_hilton,20.0,0.0,0.0
1972,GNB,Len Garrett,Len,Garrett,TE,88.0,25,75,230,New Mex. Highlands,12/18/1947,1,14,12,1.0,1971.0,0,0,0,TE,TE,len_garrett,1.0,0.0,0.0
1972,GNB,Rich McGeorge,Rich,McGeorge,TE,81.0,24,76,235,Elon,9/14/1948,2,2,2,1.0,1970.0,0,0,0,TE,TE,rich_mcgeorge,25.0,0.0,0.0
1972,GNB,Len Garrett,Len,Garrett,TE,88.0,25,75,230,New Mex. Highlands,12/18/1947,1,14,12,1.0,1971.0,0,0,0,TE,TE,len_garrett,1.0,0.0,0.0
1972,GNB,Rich McGeorge,Rich,McGeorge,TE,81.0,24,76,235,Elon,9/14/1948,2,2,2,1.0,1970.0,0,0,0,TE,TE,rich_mcgeorge,25.0,0.0,0.0
1972,GNB,Pete Lammons,Pete,Lammons,TE,86.0,29,75,230,Texas,10/20/1943,6,12,0,0.0,1966.0,0,0,0,TE,TE,pete_lammons,24.0,0.0,1.0
1972,GNB,Pete Lammons,Pete,Lammons,TE,86.0,29,75,230,Texas,10/20/1943,6,12,0,0.0,1966.0,0,0,0,TE,TE,pete_lammons,24.0,0.0,1.0
1972,KAN,Willie Frazier,Willie,Frazier,TE,83.0,30,76,245,Ark-Pine Bluff,6/19/1942,8,14,7,2.0,,0,0,0,TE,TE,willie_frazier,0.0,0.0,0.0
1972,KAN,Willie Frazier,Willie,Frazier,TE,83.0,30,76,245,Ark-Pine Bluff,6/19/1942,8,14,7,2.0,,0,0,0,TE,TE,willie_frazier,0.0,0.0,0.0
1972,KAN,Morris Stroud,Morris,Stroud,TE,88.0,26,82,255,Clark (GA),5/17/1946,3,14,7,1.0,1969.0,0,0,0,TE,TE,morris_stroud,10.0,0.0,0.0
1972,KAN,Morris Stroud,Morris,Stroud,TE,88.0,26,82,255,Clark (GA),5/17/1946,3,14,7,1.0,1969.0,0,0,0,TE,TE,morris_stroud,10.0,0.0,0.0
1972,MIA,Marv Fleming,Marv,Fleming,TE,80.0,30,76,232,Utah,1/2/1942,9,14,14,3.0,1963.0,0,0,0,TE,TE,marv_fleming,19.0,0.0,0.0
1972,MIA,Jim Mandich,Jim,Mandich,TE,88.0,24,74,224,Michigan,7/30/1948,2,14,0,3.0,1970.0,0,0,0,TE,TE,jim_mandich,22.0,0.0,0.0
1972,MIA,Marv Fleming,Marv,Fleming,TE,80.0,30,76,232,Utah,1/2/1942,9,14,14,3.0,1963.0,0,0,0,TE,TE,marv_fleming,19.0,0.0,0.0
1972,MIA,Jim Mandich,Jim,Mandich,TE,88.0,24,74,224,Michigan,7/30/1948,2,14,0,3.0,1970.0,0,0,0,TE,TE,jim_mandich,22.0,0.0,0.0
1972,MIN,John Beasley,John,Beasley,TE,87.0,27,75,228,California,4/6/1945,5,14,14,3.0,1967.0,0,0,0,TE,TE,john_beasley,19.0,0.0,0.0
1972,MIN,John Beasley,John,Beasley,TE,87.0,27,75,228,California,4/6/1945,5,14,14,3.0,1967.0,0,0,0,TE,TE,john_beasley,19.0,0.0,0.0
1972,MIN,Stu Voigt,Stu,Voigt,TE,83.0,24,73,223,Wisconsin,8/12/1948,2,14,0,1.0,1970.0,0,0,0,TE,TE,stu_voigt,21.0,0.0,0.0
1972,MIN,Stu Voigt,Stu,Voigt,TE,83.0,24,73,223,Wisconsin,8/12/1948,2,14,0,1.0,1970.0,0,0,0,TE,TE,stu_voigt,21.0,0.0,0.0
1972,NOR,Dave Parks,Dave,Parks,TE,83.0,31,74,220,Texas Tech,12/25/1941,8,12,9,5.0,1964.0,0,0,0,TE,TE,dave_parks,52.0,1.0,3.0
1972,NOR,Dave Parks,Dave,Parks,TE,83.0,31,74,220,Texas Tech,12/25/1941,8,12,9,5.0,1964.0,0,0,0,TE,TE,dave_parks,52.0,1.0,3.0
1972,NOR,Robert Brown,Robert,Brown,TE,36.0,29,74,225,Alcorn St.,1/1/1943,3,14,5,2.0,,0,0,0,TE,TE,robert_brown,51.0,0.0,1.0
1972,NOR,Robert Brown,Robert,Brown,TE,36.0,29,74,225,Alcorn St.,1/1/1943,3,14,5,2.0,,0,0,0,TE,TE,robert_brown,50.0,0.0,0.0
1972,NOR,Robert Brown,Robert,Brown,TE,36.0,29,74,225,Alcorn St.,1/1/1943,3,14,5,2.0,,0,0,0,TE,TE,robert_brown,51.0,0.0,1.0
1972,NOR,Robert Brown,Robert,Brown,TE,36.0,29,74,225,Alcorn St.,1/1/1943,3,14,5,2.0,,0,0,0,TE,TE,robert_brown,50.0,0.0,0.0
1972,NWE,Bob Windsor,Bob,Windsor,TE,86.0,30,76,220,Kentucky,12/19/1942,5,14,14,3.0,1966.0,0,0,0,TE,TE,bob_windsor,23.0,0.0,0.0
1972,NWE,Bob Windsor,Bob,Windsor,TE,86.0,30,76,220,Kentucky,12/19/1942,5,14,14,3.0,1966.0,0,0,0,TE,TE,bob_windsor,23.0,0.0,0.0
1972,NWE,Tom Beer,Tom,Beer,TE,82.0,28,76,235,"Detroit Mercy,Houston",12/21/1944,5,14,0,0.0,1967.0,0,0,0,TE,TE,tom_beer,8.0,0.0,0.0
1972,NWE,Tom Beer,Tom,Beer,TE,82.0,28,76,235,"Detroit Mercy,Houston",12/21/1944,5,14,0,0.0,1967.0,0,0,0,TE,TE,tom_beer,2.0,0.0,0.0
1972,NWE,Tom Beer,Tom,Beer,TE,82.0,28,76,235,"Detroit Mercy,Houston",12/21/1944,5,14,0,0.0,1967.0,0,0,0,TE,TE,tom_beer,8.0,0.0,0.0
1972,NWE,Tom Beer,Tom,Beer,TE,82.0,28,76,235,"Detroit Mercy,Houston",12/21/1944,5,14,0,0.0,1967.0,0,0,0,TE,TE,tom_beer,2.0,0.0,0.0
1972,NYG,Bob Tucker,Bob,Tucker,TE,38.0,27,75,230,Bloomsburg,6/8/1945,2,14,14,13.0,,0,0,0,TE,TE,bob_tucker,0.0,0.0,0.0
1972,NYG,Bob Tucker,Bob,Tucker,TE,38.0,27,75,230,Bloomsburg,6/8/1945,2,14,14,13.0,,0,0,0,TE,TE,bob_tucker,0.0,0.0,0.0
1972,NYG,Rich Kotite,Rich,Kotite,TE,87.0,30,75,233,"Miami (FL),Wagner",10/13/1942,5,2,0,0.0,1965.0,0,0,0,TE,TE,rich_kotite,2.0,0.0,0.0
1972,NYG,Rich Kotite,Rich,Kotite,TE,87.0,30,75,233,"Miami (FL),Wagner",10/13/1942,5,2,0,0.0,1965.0,0,0,0,TE,TE,rich_kotite,2.0,0.0,0.0
1972,NYJ,Rich Caster,Rich,Caster,TE,88.0,24,77,228,Jackson St.,10/16/1948,2,14,13,12.0,1970.0,0,0,0,TE,TE,rich_caster,55.0,0.0,3.0
1972,NYJ,Rich Caster,Rich,Caster,TE,88.0,24,77,228,Jackson St.,10/16/1948,2,14,13,12.0,1970.0,0,0,0,TE,TE,rich_caster,55.0,0.0,3.0
1972,NYJ,Wayne Stewart,Wayne,Stewart,TE,89.0,25,79,219,California,8/18/1947,3,14,1,0.0,1969.0,0,0,0,TE,TE,wayne_stewart,0.0,0.0,0.0
1972,NYJ,Wayne Stewart,Wayne,Stewart,TE,89.0,25,79,219,California,8/18/1947,3,14,1,0.0,1969.0,0,0,0,TE,TE,wayne_stewart,4.0,0.0,0.0
1972,NYJ,Wayne Stewart,Wayne,Stewart,TE,89.0,25,79,219,California,8/18/1947,3,14,1,0.0,1969.0,0,0,0,TE,TE,wayne_stewart,0.0,0.0,0.0
1972,NYJ,Wayne Stewart,Wayne,Stewart,TE,89.0,25,79,219,California,8/18/1947,3,14,1,0.0,1969.0,0,0,0,TE,TE,wayne_stewart,4.0,0.0,0.0
1972,OTI,Alvin Reed,Alvin,Reed,TE,89.0,28,77,235,Prairie View A&M,8/1/1944,5,14,14,2.0,,0,0,0,TE,TE,alvin_reed,0.0,0.0,1.0
1972,OTI,Alvin Reed,Alvin,Reed,TE,89.0,28,77,235,Prairie View A&M,8/1/1944,5,14,14,2.0,,0,0,0,TE,TE,alvin_reed,0.0,0.0,1.0
1972,OTI,Alvin Reed,Alvin,Reed,TE,89.0,28,77,235,Prairie View A&M,8/1/1944,5,14,14,2.0,,0,0,0,TE,TE,alvin_reed,0.0,0.0,1.0
1972,OTI,Alvin Reed,Alvin,Reed,TE,89.0,28,77,235,Prairie View A&M,8/1/1944,5,14,14,2.0,,0,0,0,TE,TE,alvin_reed,0.0,0.0,1.0
1972,PHI,Gary Ballman,Gary,Ballman,TE,85.0,32,73,215,Michigan St.,7/6/1940,10,8,4,1.0,1962.0,0,0,0,TE,TE,gary_ballman,48.0,0.0,2.0
1972,PHI,Kent Kramer,Kent,Kramer,TE,87.0,28,76,235,Minnesota,7/21/1944,6,14,8,1.0,1966.0,0,0,0,TE,TE,kent_kramer,6.0,0.0,0.0
1972,PHI,Gary Ballman,Gary,Ballman,TE,85.0,32,73,215,Michigan St.,7/6/1940,10,8,4,1.0,1962.0,0,0,0,TE,TE,gary_ballman,48.0,0.0,2.0
1972,PHI,Kent Kramer,Kent,Kramer,TE,87.0,28,76,235,Minnesota,7/21/1944,6,14,8,1.0,1966.0,0,0,0,TE,TE,kent_kramer,6.0,0.0,0.0
1972,PHI,Clark Hoss,Clark,Hoss,TE,80.0,23,80,235,Oregon St.,2/19/1949,Rook,4,0,0.0,1972.0,0,0,0,TE,TE,clark_hoss,0.0,0.0,0.0
1972,PHI,Clark Hoss,Clark,Hoss,TE,80.0,23,80,235,Oregon St.,2/19/1949,Rook,4,0,0.0,1972.0,0,0,0,TE,TE,clark_hoss,0.0,0.0,0.0
1972,PIT,John McMakin,John,McMakin,TE,89.0,22,75,232,Clemson,9/24/1950,Rook,14,13,4.0,1972.0,0,0,0,TE,TE,john_mcmakin,8.0,0.0,0.0
1972,PIT,John McMakin,John,McMakin,TE,89.0,22,75,232,Clemson,9/24/1950,Rook,14,13,4.0,1972.0,0,0,0,TE,TE,john_mcmakin,8.0,0.0,0.0
1972,PIT,Larry Brown,Larry,Brown,TE,87.0,23,76,246,Kansas,6/16/1949,1,9,1,2.0,1971.0,0,0,0,TE,TE,larry_brown,0.0,0.0,0.0
1972,PIT,Larry Brown,Larry,Brown,TE,87.0,23,76,246,Kansas,6/16/1949,1,9,1,2.0,1971.0,0,0,0,TE,TE,larry_brown,81.0,2.0,4.0
1972,PIT,Larry Brown,Larry,Brown,TE,87.0,23,76,246,Kansas,6/16/1949,1,9,1,2.0,1971.0,0,0,0,TE,TE,larry_brown,52.0,0.0,1.0
1972,PIT,Larry Brown,Larry,Brown,TE,87.0,23,76,246,Kansas,6/16/1949,1,9,1,2.0,1971.0,0,0,0,TE,TE,larry_brown,1.0,0.0,0.0
1972,PIT,Larry Brown,Larry,Brown,TE,87.0,23,76,246,Kansas,6/16/1949,1,9,1,2.0,1971.0,0,0,0,TE,TE,larry_brown,31.0,0.0,0.0
1972,PIT,Larry Brown,Larry,Brown,TE,87.0,23,76,246,Kansas,6/16/1949,1,9,1,2.0,1971.0,0,0,0,TE,TE,larry_brown,0.0,0.0,0.0
1972,PIT,Larry Brown,Larry,Brown,TE,87.0,23,76,246,Kansas,6/16/1949,1,9,1,2.0,1971.0,0,0,0,TE,TE,larry_brown,0.0,0.0,0.0
1972,PIT,Larry Brown,Larry,Brown,TE,87.0,23,76,246,Kansas,6/16/1949,1,9,1,2.0,1971.0,0,0,0,TE,TE,larry_brown,81.0,2.0,4.0
1972,PIT,Larry Brown,Larry,Brown,TE,87.0,23,76,246,Kansas,6/16/1949,1,9,1,2.0,1971.0,0,0,0,TE,TE,larry_brown,52.0,0.0,1.0
1972,PIT,Larry Brown,Larry,Brown,TE,87.0,23,76,246,Kansas,6/16/1949,1,9,1,2.0,1971.0,0,0,0,TE,TE,larry_brown,1.0,0.0,0.0
1972,PIT,Larry Brown,Larry,Brown,TE,87.0,23,76,246,Kansas,6/16/1949,1,9,1,2.0,1971.0,0,0,0,TE,TE,larry_brown,31.0,0.0,0.0
1972,PIT,Larry Brown,Larry,Brown,TE,87.0,23,76,246,Kansas,6/16/1949,1,9,1,2.0,1971.0,0,0,0,TE,TE,larry_brown,0.0,0.0,0.0
1972,RAI,Raymond Chester,Raymond,Chester,TE,87.0,24,75,232,Morgan St.,6/28/1948,2,13,11,8.0,1970.0,0,0,0,TE,TE,raymond_chester,52.0,0.0,4.0
1972,RAI,Raymond Chester,Raymond,Chester,TE,87.0,24,75,232,Morgan St.,6/28/1948,2,13,11,8.0,1970.0,0,0,0,TE,TE,raymond_chester,52.0,0.0,4.0
1972,RAI,Bob Moore,Bob,Moore,TE,88.0,23,75,220,Stanford,2/12/1949,1,14,3,1.0,1971.0,0,0,0,TE,TE,bob_moore,14.0,0.0,0.0
1972,RAI,Bob Moore,Bob,Moore,TE,88.0,23,75,220,Stanford,2/12/1949,1,14,3,1.0,1971.0,0,0,0,TE,TE,bob_moore,14.0,0.0,0.0
1972,RAM,Bob Klein,Bob,Klein,TE,80.0,25,77,235,USC,7/27/1947,3,14,13,4.0,1969.0,0,0,0,TE,TE,bob_klein,30.0,0.0,0.0
1972,RAM,Bob Klein,Bob,Klein,TE,80.0,25,77,235,USC,7/27/1947,3,14,13,4.0,1969.0,0,0,0,TE,TE,bob_klein,30.0,0.0,0.0
1972,RAM,Pat Curran,Pat,Curran,TE,88.0,27,76,238,"Iowa St.,Lakeland",9/21/1945,3,10,0,0.0,1969.0,0,0,0,TE,TE,pat_curran,13.0,0.0,0.0
1972,RAM,Pat Curran,Pat,Curran,TE,88.0,27,76,238,"Iowa St.,Lakeland",9/21/1945,3,10,0,0.0,1969.0,0,0,0,TE,TE,pat_curran,13.0,0.0,0.0
1972,SDG,Pettis Norman,Pettis,Norman,TE,88.0,33,75,222,Johnson C. Smith,1/4/1939,10,13,11,3.0,1962.0,0,0,0,TE,TE,pettis_norman,23.0,0.0,0.0
1972,SDG,Pettis Norman,Pettis,Norman,TE,88.0,33,75,222,Johnson C. Smith,1/4/1939,10,13,11,3.0,1962.0,0,0,0,TE,TE,pettis_norman,23.0,0.0,0.0
1972,SDG,John Mackey,John,Mackey,TE,89.0,31,74,224,Syracuse,9/24/1941,9,13,4,1.0,1963.0,0,0,0,TE,TE,john_mackey,58.0,3.0,5.0
1972,SDG,John Mackey,John,Mackey,TE,89.0,31,74,224,Syracuse,9/24/1941,9,13,4,1.0,1963.0,0,0,0,TE,TE,john_mackey,58.0,3.0,5.0
1972,SDG,John Andrews,John,Andrews,TE,81.0,24,75,227,Indiana,11/2/1948,Rook,1,0,0.0,1971.0,0,0,0,TE,TE,john_andrews,0.0,0.0,0.0
1972,SDG,John Andrews,John,Andrews,TE,81.0,24,75,227,Indiana,11/2/1948,Rook,1,0,0.0,1971.0,0,0,0,TE,TE,john_andrews,7.0,0.0,0.0
1972,SDG,John Andrews,John,Andrews,TE,81.0,24,75,227,Indiana,11/2/1948,Rook,1,0,0.0,1971.0,0,0,0,TE,TE,john_andrews,0.0,0.0,0.0
1972,SDG,John Andrews,John,Andrews,TE,81.0,24,75,227,Indiana,11/2/1948,Rook,1,0,0.0,1971.0,0,0,0,TE,TE,john_andrews,7.0,0.0,0.0
1972,SFO,Ted Kwalick,Ted,Kwalick,TE,82.0,25,76,226,Penn St.,4/15/1947,3,14,14,10.0,1969.0,0,0,0,TE,TE,ted_kwalick,30.0,1.0,3.0
1972,SFO,Ted Kwalick,Ted,Kwalick,TE,82.0,25,76,226,Penn St.,4/15/1947,3,14,14,10.0,1969.0,0,0,0,TE,TE,ted_kwalick,30.0,1.0,3.0
1972,WAS,Jerry Smith,Jerry,Smith,TE,87.0,29,75,208,Arizona St.,7/19/1943,7,14,14,6.0,1965.0,0,0,0,TE,TE,jerry_smith,0.0,0.0,0.0
1972,WAS,Jerry Smith,Jerry,Smith,TE,87.0,29,75,208,Arizona St.,7/19/1943,7,14,14,6.0,1965.0,0,0,0,TE,TE,jerry_smith,56.0,1.0,2.0
1972,WAS,Jerry Smith,Jerry,Smith,TE,87.0,29,75,208,Arizona St.,7/19/1943,7,14,14,6.0,1965.0,0,0,0,TE,TE,jerry_smith,0.0,0.0,0.0
1972,WAS,Jerry Smith,Jerry,Smith,TE,87.0,29,75,208,Arizona St.,7/19/1943,7,14,14,6.0,1965.0,0,0,0,TE,TE,jerry_smith,56.0,1.0,2.0
1972,WAS,Mack Alston,Mack,Alston,TE,81.0,25,74,230,MD-Eastern Shore,4/27/1947,2,14,0,1.0,1970.0,0,0,0,TE,TE,mack_alston,12.0,0.0,0.0
1972,WAS,Mack Alston,Mack,Alston,TE,81.0,25,74,230,MD-Eastern Shore,4/27/1947,2,14,0,1.0,1970.0,0,0,0,TE,TE,mack_alston,12.0,0.0,0.0
1973,ATL,Jim Mitchell,Jim,Mitchell,TE,86.0,26,73,234,Prairie View A&M,10/19/1947,4,14,14,6.0,1969.0,0,0,0,TE,TE,jim_mitchell,39.0,0.0,2.0
1973,ATL,Jim Mitchell,Jim,Mitchell,TE,86.0,26,73,234,Prairie View A&M,10/19/1947,4,14,14,6.0,1969.0,0,0,0,TE,TE,jim_mitchell,35.0,0.0,0.0
1973,ATL,Jim Mitchell,Jim,Mitchell,TE,86.0,26,73,234,Prairie View A&M,10/19/1947,4,14,14,6.0,1969.0,0,0,0,TE,TE,jim_mitchell,39.0,0.0,2.0
1973,ATL,Jim Mitchell,Jim,Mitchell,TE,86.0,26,73,234,Prairie View A&M,10/19/1947,4,14,14,6.0,1969.0,0,0,0,TE,TE,jim_mitchell,35.0,0.0,0.0
1973,ATL,Larry Mialik,Larry,Mialik,TE,83.0,23,74,226,Wisconsin,5/15/1950,1,14,0,0.0,1972.0,0,0,0,TE,TE,larry_mialik,0.0,0.0,0.0
1973,ATL,Larry Mialik,Larry,Mialik,TE,83.0,23,74,226,Wisconsin,5/15/1950,1,14,0,0.0,1972.0,0,0,0,TE,TE,larry_mialik,0.0,0.0,0.0
1973,BUF,Paul Seymour,Paul,Seymour,TE,87.0,23,77,252,Michigan,2/6/1950,Rook,14,14,2.0,1973.0,0,0,0,TE,TE,paul_seymour,11.0,0.0,0.0
1973,BUF,Paul Seymour,Paul,Seymour,TE,87.0,23,77,252,Michigan,2/6/1950,Rook,14,14,2.0,1973.0,0,0,0,TE,TE,paul_seymour,11.0,0.0,0.0
1973,CHI,Craig Cotton,Craig,Cotton,TE,80.0,26,77,216,Youngstown St.,7/7/1947,4,13,13,2.0,1969.0,0,0,0,TE,TE,craig_cotton,5.0,0.0,0.0
1973,CHI,Craig Cotton,Craig,Cotton,TE,80.0,26,77,216,Youngstown St.,7/7/1947,4,13,13,2.0,1969.0,0,0,0,TE,TE,craig_cotton,5.0,0.0,0.0
1973,CHI,Bob Parsons,Bob,Parsons,TE,86.0,23,76,234,Penn St.,6/29/1950,1,14,1,0.0,1972.0,0,0,0,TE,TE,bob_parsons,16.0,0.0,0.0
1973,CHI,Bob Parsons,Bob,Parsons,TE,86.0,23,76,234,Penn St.,6/29/1950,1,14,1,0.0,1972.0,0,0,0,TE,TE,bob_parsons,16.0,0.0,0.0
1973,CIN,Bob Trumpy,Bob,Trumpy,TE,84.0,28,78,228,"Illinois,Utah",3/6/1945,5,14,13,6.0,1968.0,0,0,0,TE,TE,bob_trumpy,49.0,1.0,4.0
1973,CIN,Bob Trumpy,Bob,Trumpy,TE,84.0,28,78,228,"Illinois,Utah",3/6/1945,5,14,13,6.0,1968.0,0,0,0,TE,TE,bob_trumpy,49.0,1.0,4.0
1973,CIN,Bruce Coslet,Bruce,Coslet,TE,88.0,27,76,227,Pacific,8/5/1946,4,13,2,2.0,,0,0,0,TE,TE,bruce_coslet,0.0,0.0,0.0
1973,CIN,Bruce Coslet,Bruce,Coslet,TE,88.0,27,76,227,Pacific,8/5/1946,4,13,2,2.0,,0,0,0,TE,TE,bruce_coslet,0.0,0.0,0.0
1973,CIN,Al Chandler,Al,Chandler,TE,81.0,23,74,233,Oklahoma,11/18/1950,Rook,13,0,0.0,1973.0,0,0,0,TE,TE,al_chandler,3.0,0.0,0.0
1973,CIN,Al Chandler,Al,Chandler,TE,81.0,23,74,233,Oklahoma,11/18/1950,Rook,13,0,0.0,1973.0,0,0,0,TE,TE,al_chandler,3.0,0.0,0.0
1973,CLE,Milt Morin,Milt,Morin,TE,89.0,31,76,238,Massachusetts,10/15/1942,7,14,13,5.0,1966.0,0,0,0,TE,TE,milt_morin,48.0,0.0,2.0
1973,CLE,Milt Morin,Milt,Morin,TE,89.0,31,76,238,Massachusetts,10/15/1942,7,14,13,5.0,1966.0,0,0,0,TE,TE,milt_morin,48.0,0.0,2.0
1973,CLE,Chip Glass,Chip,Glass,TE,83.0,26,76,235,Florida St.,6/25/1947,4,12,1,1.0,1969.0,0,0,0,TE,TE,chip_glass,8.0,0.0,0.0
1973,CLE,Chip Glass,Chip,Glass,TE,83.0,26,76,235,Florida St.,6/25/1947,4,12,1,1.0,1969.0,0,0,0,TE,TE,chip_glass,8.0,0.0,0.0
1973,CLE,Ken Smith,Ken,Smith,TE,85.0,22,76,225,New Mexico,7/27/1951,Rook,13,0,0.0,,0,0,0,TE,TE,ken_smith,0.0,0.0,0.0
1973,CLE,Ken Smith,Ken,Smith,TE,85.0,22,76,225,New Mexico,7/27/1951,Rook,13,0,0.0,,0,0,0,TE,TE,ken_smith,0.0,0.0,0.0
1973,CLT,Raymond Chester,Raymond,Chester,TE,87.0,25,75,232,Morgan St.,6/28/1948,3,13,10,2.0,1970.0,0,0,0,TE,TE,raymond_chester,52.0,0.0,4.0
1973,CLT,Raymond Chester,Raymond,Chester,TE,87.0,25,75,232,Morgan St.,6/28/1948,3,13,10,2.0,1970.0,0,0,0,TE,TE,raymond_chester,52.0,0.0,4.0
1973,CLT,John Andrews,John,Andrews,TE,88.0,25,75,227,Indiana,11/2/1948,1,8,1,0.0,1971.0,0,0,0,TE,TE,john_andrews,0.0,0.0,0.0
1973,CLT,John Andrews,John,Andrews,TE,88.0,25,75,227,Indiana,11/2/1948,1,8,1,0.0,1971.0,0,0,0,TE,TE,john_andrews,7.0,0.0,0.0
1973,CLT,John Andrews,John,Andrews,TE,88.0,25,75,227,Indiana,11/2/1948,1,8,1,0.0,1971.0,0,0,0,TE,TE,john_andrews,0.0,0.0,0.0
1973,CLT,John Andrews,John,Andrews,TE,88.0,25,75,227,Indiana,11/2/1948,1,8,1,0.0,1971.0,0,0,0,TE,TE,john_andrews,7.0,0.0,0.0
1973,CRD,Jackie Smith,Jackie,Smith,TE,81.0,33,76,235,Northwestern St. (LA),2/23/1940,10,14,14,8.0,1963.0,0,0,0,TE,TE,jackie_smith,74.0,0.0,5.0
1973,CRD,Jackie Smith,Jackie,Smith,TE,81.0,33,76,235,Northwestern St. (LA),2/23/1940,10,14,14,8.0,1963.0,0,0,0,TE,TE,jackie_smith,74.0,0.0,5.0
1973,CRD,Jim McFarland,Jim,McFarland,TE,80.0,26,77,225,Nebraska,10/4/1947,3,14,0,0.0,1970.0,0,0,0,TE,TE,jim_mcfarland,1.0,0.0,0.0
1973,CRD,Jim McFarland,Jim,McFarland,TE,80.0,26,77,225,Nebraska,10/4/1947,3,14,0,0.0,1970.0,0,0,0,TE,TE,jim_mcfarland,1.0,0.0,0.0
1973,DAL,Billy Joe DuPree,Billy,Joe DuPree,TE,89.0,23,76,225,Michigan St.,3/7/1950,Rook,14,14,6.0,1973.0,0,0,0,TE,TE,billy_joe dupree,0.0,0.0,0.0
1973,DAL,Billy Joe DuPree,Billy,Joe DuPree,TE,89.0,23,76,225,Michigan St.,3/7/1950,Rook,14,14,6.0,1973.0,0,0,0,TE,TE,billy_joe dupree,0.0,0.0,0.0
1973,DAL,Jean Fugett,Jean,Fugett,TE,84.0,22,75,225,Amherst,12/16/1951,1,12,0,3.0,1972.0,0,0,0,TE,TE,jean_fugett,24.0,0.0,1.0
1973,DAL,Jean Fugett,Jean,Fugett,TE,84.0,22,75,225,Amherst,12/16/1951,1,12,0,3.0,1972.0,0,0,0,TE,TE,jean_fugett,24.0,0.0,1.0
1973,DAL,Billy Truax,Billy,Truax,TE,87.0,30,77,240,LSU,7/15/1943,9,2,0,0.0,1964.0,0,0,0,TE,TE,billy_truax,26.0,0.0,0.0
1973,DAL,Billy Truax,Billy,Truax,TE,87.0,30,77,240,LSU,7/15/1943,9,2,0,0.0,1964.0,0,0,0,TE,TE,billy_truax,26.0,0.0,0.0
1973,DEN,Riley Odoms,Riley,Odoms,TE,88.0,23,76,230,Houston,3/1/1950,1,14,14,10.0,1972.0,0,0,0,TE,TE,riley_odoms,54.0,2.0,4.0
1973,DEN,Riley Odoms,Riley,Odoms,TE,88.0,23,76,230,Houston,3/1/1950,1,14,14,10.0,1972.0,0,0,0,TE,TE,riley_odoms,54.0,2.0,4.0
1973,DEN,Billy Masters,Billy,Masters,TE,81.0,29,77,240,LSU,3/15/1944,6,11,0,1.0,1967.0,0,0,0,TE,TE,billy_masters,21.0,0.0,0.0
1973,DEN,Billy Masters,Billy,Masters,TE,81.0,29,77,240,LSU,3/15/1944,6,11,0,1.0,1967.0,0,0,0,TE,TE,billy_masters,21.0,0.0,0.0
1973,DET,Charlie Sanders,Charlie,Sanders,TE,88.0,27,76,225,Minnesota,8/25/1946,5,14,14,6.0,1968.0,0,0,0,TE,TE,charlie_sanders,52.0,2.0,7.0
1973,DET,Charlie Sanders,Charlie,Sanders,TE,88.0,27,76,225,Minnesota,8/25/1946,5,14,14,6.0,1968.0,0,0,0,TE,TE,charlie_sanders,52.0,2.0,7.0
1973,DET,John Hilton,John,Hilton,TE,81.0,31,77,225,Richmond,3/12/1942,8,14,1,1.0,1964.0,0,0,0,TE,TE,john_hilton,20.0,0.0,0.0
1973,DET,John Hilton,John,Hilton,TE,81.0,31,77,225,Richmond,3/12/1942,8,14,1,1.0,1964.0,0,0,0,TE,TE,john_hilton,20.0,0.0,0.0
1973,GNB,Rich McGeorge,Rich,McGeorge,TE,81.0,25,76,235,Elon,9/14/1948,3,14,14,4.0,1970.0,0,0,0,TE,TE,rich_mcgeorge,25.0,0.0,0.0
1973,GNB,Rich McGeorge,Rich,McGeorge,TE,81.0,25,76,235,Elon,9/14/1948,3,14,14,4.0,1970.0,0,0,0,TE,TE,rich_mcgeorge,25.0,0.0,0.0
1973,GNB,Mike Donohoe,Mike,Donohoe,TE,86.0,28,75,225,San Francisco,5/6/1945,5,13,0,0.0,1968.0,0,0,0,TE,TE,mike_donohoe,0.0,0.0,0.0
1973,GNB,Len Garrett,Len,Garrett,TE,88.0,26,75,230,New Mex. Highlands,12/18/1947,2,2,0,0.0,1971.0,0,0,0,TE,TE,len_garrett,1.0,0.0,0.0
1973,GNB,Mike Donohoe,Mike,Donohoe,TE,86.0,28,75,225,San Francisco,5/6/1945,5,13,0,0.0,1968.0,0,0,0,TE,TE,mike_donohoe,0.0,0.0,0.0
1973,GNB,Len Garrett,Len,Garrett,TE,88.0,26,75,230,New Mex. Highlands,12/18/1947,2,2,0,0.0,1971.0,0,0,0,TE,TE,len_garrett,1.0,0.0,0.0
1973,KAN,Morris Stroud,Morris,Stroud,TE,88.0,27,82,255,Clark (GA),5/17/1946,4,14,11,2.0,1969.0,0,0,0,TE,TE,morris_stroud,10.0,0.0,0.0
1973,KAN,Morris Stroud,Morris,Stroud,TE,88.0,27,82,255,Clark (GA),5/17/1946,4,14,11,2.0,1969.0,0,0,0,TE,TE,morris_stroud,10.0,0.0,0.0
1973,KAN,Gary Butler,Gary,Butler,TE,82.0,22,75,235,Rice,1/11/1951,Rook,14,3,1.0,1973.0,0,0,0,TE,TE,gary_butler,1.0,0.0,0.0
1973,KAN,Gary Butler,Gary,Butler,TE,82.0,22,75,235,Rice,1/11/1951,Rook,14,3,1.0,1973.0,0,0,0,TE,TE,gary_butler,1.0,0.0,0.0
1973,MIA,Jim Mandich,Jim,Mandich,TE,88.0,25,74,224,Michigan,7/30/1948,3,14,3,6.0,1970.0,0,0,0,TE,TE,jim_mandich,22.0,0.0,0.0
1973,MIA,Jim Mandich,Jim,Mandich,TE,88.0,25,74,224,Michigan,7/30/1948,3,14,3,6.0,1970.0,0,0,0,TE,TE,jim_mandich,22.0,0.0,0.0
1973,MIA,Marv Fleming,Marv,Fleming,TE,80.0,31,76,232,Utah,1/2/1942,10,11,11,0.0,1963.0,0,0,0,TE,TE,marv_fleming,19.0,0.0,0.0
1973,MIA,Marv Fleming,Marv,Fleming,TE,80.0,31,76,232,Utah,1/2/1942,10,11,11,0.0,1963.0,0,0,0,TE,TE,marv_fleming,19.0,0.0,0.0
1973,MIN,Stu Voigt,Stu,Voigt,TE,83.0,25,73,223,Wisconsin,8/12/1948,3,13,13,4.0,1970.0,0,0,0,TE,TE,stu_voigt,21.0,0.0,0.0
1973,MIN,Stu Voigt,Stu,Voigt,TE,83.0,25,73,223,Wisconsin,8/12/1948,3,13,13,4.0,1970.0,0,0,0,TE,TE,stu_voigt,21.0,0.0,0.0
1973,MIN,Gary Ballman,Gary,Ballman,TE,85.0,33,73,215,Michigan St.,7/6/1940,11,5,0,0.0,1962.0,0,0,0,TE,TE,gary_ballman,48.0,0.0,2.0
1973,MIN,John Beasley,John,Beasley,TE,87.0,28,75,228,California,4/6/1945,6,5,1,0.0,1967.0,0,0,0,TE,TE,john_beasley,19.0,0.0,0.0
1973,MIN,Doug Kingsriter,Doug,Kingsriter,TE,89.0,23,74,222,Minnesota,1/29/1950,Rook,11,0,0.0,1973.0,0,0,0,TE,TE,doug_kingsriter,1.0,0.0,0.0
1973,MIN,Gary Ballman,Gary,Ballman,TE,85.0,33,73,215,Michigan St.,7/6/1940,11,5,0,0.0,1962.0,0,0,0,TE,TE,gary_ballman,48.0,0.0,2.0
1973,MIN,John Beasley,John,Beasley,TE,87.0,28,75,228,California,4/6/1945,6,5,1,0.0,1967.0,0,0,0,TE,TE,john_beasley,19.0,0.0,0.0
1973,MIN,Doug Kingsriter,Doug,Kingsriter,TE,89.0,23,74,222,Minnesota,1/29/1950,Rook,11,0,0.0,1973.0,0,0,0,TE,TE,doug_kingsriter,1.0,0.0,0.0
1973,NOR,John Beasley,John,Beasley,TE,85.0,28,75,228,California,4/6/1945,6,8,4,3.0,1967.0,0,0,0,TE,TE,john_beasley,19.0,0.0,0.0
1973,NOR,John Beasley,John,Beasley,TE,85.0,28,75,228,California,4/6/1945,6,8,4,3.0,1967.0,0,0,0,TE,TE,john_beasley,19.0,0.0,0.0
1973,NOR,Robert Brown,Robert,Brown,TE,36.0,30,74,225,Alcorn St.,1/1/1943,4,5,5,1.0,,0,0,0,TE,TE,robert_brown,51.0,0.0,1.0
1973,NOR,Robert Brown,Robert,Brown,TE,36.0,30,74,225,Alcorn St.,1/1/1943,4,5,5,1.0,,0,0,0,TE,TE,robert_brown,50.0,0.0,0.0
1973,NOR,Robert Brown,Robert,Brown,TE,36.0,30,74,225,Alcorn St.,1/1/1943,4,5,5,1.0,,0,0,0,TE,TE,robert_brown,51.0,0.0,1.0
1973,NOR,Robert Brown,Robert,Brown,TE,36.0,30,74,225,Alcorn St.,1/1/1943,4,5,5,1.0,,0,0,0,TE,TE,robert_brown,50.0,0.0,0.0
1973,NOR,Bert Askson,Bert,Askson,TE,89.0,28,75,223,Texas Southern,12/16/1945,2,1,0,0.0,1970.0,0,0,0,TE,TE,bert_askson,11.0,0.0,0.0
1973,NOR,Len Garrett,Len,Garrett,TE,83.0,26,75,230,New Mex. Highlands,12/18/1947,2,12,5,0.0,1971.0,0,0,0,TE,TE,len_garrett,1.0,0.0,0.0
1973,NOR,Mike Kelly,Mike,Kelly,TE,87.0,25,76,215,Davidson,1/14/1948,3,1,0,0.0,,0,0,0,TE,TE,mike_kelly,0.0,0.0,0.0
1973,NOR,Mike Kelly,Mike,Kelly,TE,87.0,25,76,215,Davidson,1/14/1948,3,1,0,0.0,,0,0,0,TE,TE,mike_kelly,0.0,0.0,0.0
1973,NOR,Bert Askson,Bert,Askson,TE,89.0,28,75,223,Texas Southern,12/16/1945,2,1,0,0.0,1970.0,0,0,0,TE,TE,bert_askson,11.0,0.0,0.0
1973,NOR,Len Garrett,Len,Garrett,TE,83.0,26,75,230,New Mex. Highlands,12/18/1947,2,12,5,0.0,1971.0,0,0,0,TE,TE,len_garrett,1.0,0.0,0.0
1973,NOR,Mike Kelly,Mike,Kelly,TE,87.0,25,76,215,Davidson,1/14/1948,3,1,0,0.0,,0,0,0,TE,TE,mike_kelly,0.0,0.0,0.0
1973,NOR,Mike Kelly,Mike,Kelly,TE,87.0,25,76,215,Davidson,1/14/1948,3,1,0,0.0,,0,0,0,TE,TE,mike_kelly,0.0,0.0,0.0
1973,NWE,Bob Windsor,Bob,Windsor,TE,86.0,31,76,220,Kentucky,12/19/1942,6,13,9,4.0,1966.0,0,0,0,TE,TE,bob_windsor,23.0,0.0,0.0
1973,NWE,Bob Windsor,Bob,Windsor,TE,86.0,31,76,220,Kentucky,12/19/1942,6,13,9,4.0,1966.0,0,0,0,TE,TE,bob_windsor,23.0,0.0,0.0
1973,NWE,Bob Adams,Bob,Adams,TE,80.0,27,74,225,Pacific,8/15/1946,4,12,5,2.0,,0,0,0,TE,TE,bob_adams,0.0,0.0,0.0
1973,NWE,Bob Adams,Bob,Adams,TE,80.0,27,74,225,Pacific,8/15/1946,4,12,5,2.0,,0,0,0,TE,TE,bob_adams,0.0,0.0,0.0
1973,NWE,Bob Adams,Bob,Adams,TE,80.0,27,74,225,Pacific,8/15/1946,4,12,5,2.0,,0,0,0,TE,TE,bob_adams,0.0,0.0,0.0
1973,NWE,Bob Adams,Bob,Adams,TE,80.0,27,74,225,Pacific,8/15/1946,4,12,5,2.0,,0,0,0,TE,TE,bob_adams,0.0,0.0,0.0
1973,NYG,Bob Tucker,Bob,Tucker,TE,38.0,28,75,230,Bloomsburg,6/8/1945,3,14,14,7.0,,0,0,0,TE,TE,bob_tucker,0.0,0.0,0.0
1973,NYG,Bob Tucker,Bob,Tucker,TE,38.0,28,75,230,Bloomsburg,6/8/1945,3,14,14,7.0,,0,0,0,TE,TE,bob_tucker,0.0,0.0,0.0
1973,NYG,Gary Ballman,Gary,Ballman,TE,82.0,33,73,215,Michigan St.,7/6/1940,11,3,0,0.0,1962.0,0,0,0,TE,TE,gary_ballman,48.0,0.0,2.0
1973,NYG,Thom Gatewood,Thom,Gatewood,TE,83.0,23,75,215,Notre Dame,3/7/1950,1,7,0,0.0,1972.0,0,0,0,TE,TE,thom_gatewood,0.0,0.0,0.0
1973,NYG,Gary Ballman,Gary,Ballman,TE,82.0,33,73,215,Michigan St.,7/6/1940,11,3,0,0.0,1962.0,0,0,0,TE,TE,gary_ballman,48.0,0.0,2.0
1973,NYG,Thom Gatewood,Thom,Gatewood,TE,83.0,23,75,215,Notre Dame,3/7/1950,1,7,0,0.0,1972.0,0,0,0,TE,TE,thom_gatewood,0.0,0.0,0.0
1973,NYJ,Rich Caster,Rich,Caster,TE,88.0,25,77,228,Jackson St.,10/16/1948,3,14,14,6.0,1970.0,0,0,0,TE,TE,rich_caster,55.0,0.0,3.0
1973,NYJ,Rich Caster,Rich,Caster,TE,88.0,25,77,228,Jackson St.,10/16/1948,3,14,14,6.0,1970.0,0,0,0,TE,TE,rich_caster,55.0,0.0,3.0
1973,NYJ,Dennis Cambal,Dennis,Cambal,TE,30.0,24,74,225,William & Mary,1/27/1949,Rook,8,0,0.0,1972.0,0,0,0,TE,TE,dennis_cambal,0.0,0.0,0.0
1973,NYJ,Dennis Cambal,Dennis,Cambal,TE,30.0,24,74,225,William & Mary,1/27/1949,Rook,8,0,0.0,1972.0,0,0,0,TE,TE,dennis_cambal,0.0,0.0,0.0
1973,OTI,Mack Alston,Mack,Alston,TE,82.0,26,74,230,MD-Eastern Shore,4/27/1947,3,14,14,2.0,1970.0,0,0,0,TE,TE,mack_alston,12.0,0.0,0.0
1973,OTI,Mack Alston,Mack,Alston,TE,82.0,26,74,230,MD-Eastern Shore,4/27/1947,3,14,14,2.0,1970.0,0,0,0,TE,TE,mack_alston,12.0,0.0,0.0
1973,OTI,Mack Alston,Mack,Alston,TE,82.0,26,74,230,MD-Eastern Shore,4/27/1947,3,14,14,2.0,1970.0,0,0,0,TE,TE,mack_alston,12.0,0.0,0.0
1973,OTI,Mack Alston,Mack,Alston,TE,82.0,26,74,230,MD-Eastern Shore,4/27/1947,3,14,14,2.0,1970.0,0,0,0,TE,TE,mack_alston,12.0,0.0,0.0
1973,OTI,Ron Mayo,Ron,Mayo,TE,80.0,23,74,222,Morgan St.,10/11/1950,Rook,13,0,0.0,1973.0,0,0,0,TE,TE,ron_mayo,0.0,0.0,0.0
1973,OTI,Ron Mayo,Ron,Mayo,TE,80.0,23,74,222,Morgan St.,10/11/1950,Rook,13,0,0.0,1973.0,0,0,0,TE,TE,ron_mayo,0.0,0.0,0.0
1973,OTI,Ron Mayo,Ron,Mayo,TE,80.0,23,74,222,Morgan St.,10/11/1950,Rook,13,0,0.0,1973.0,0,0,0,TE,TE,ron_mayo,0.0,0.0,0.0
1973,OTI,Ron Mayo,Ron,Mayo,TE,80.0,23,74,222,Morgan St.,10/11/1950,Rook,13,0,0.0,1973.0,0,0,0,TE,TE,ron_mayo,0.0,0.0,0.0
1973,PHI,Charle Young,Charle,Young,TE,86.0,22,76,234,USC,2/5/1951,Rook,14,14,11.0,1973.0,0,0,0,TE,TE,charle_young,47.0,1.0,3.0
1973,PHI,Charle Young,Charle,Young,TE,86.0,22,76,234,USC,2/5/1951,Rook,14,14,11.0,1973.0,0,0,0,TE,TE,charle_young,47.0,1.0,3.0
1973,PHI,Kent Kramer,Kent,Kramer,TE,87.0,29,76,235,Minnesota,7/21/1944,7,11,0,0.0,1966.0,0,0,0,TE,TE,kent_kramer,6.0,0.0,0.0
1973,PHI,Kent Kramer,Kent,Kramer,TE,87.0,29,76,235,Minnesota,7/21/1944,7,11,0,0.0,1966.0,0,0,0,TE,TE,kent_kramer,6.0,0.0,0.0
1973,PIT,Larry Brown,Larry,Brown,TE,87.0,24,76,246,Kansas,6/16/1949,2,14,0,5.0,1971.0,0,0,0,TE,TE,larry_brown,0.0,0.0,0.0
1973,PIT,Larry Brown,Larry,Brown,TE,87.0,24,76,246,Kansas,6/16/1949,2,14,0,5.0,1971.0,0,0,0,TE,TE,larry_brown,81.0,2.0,4.0
1973,PIT,Larry Brown,Larry,Brown,TE,87.0,24,76,246,Kansas,6/16/1949,2,14,0,5.0,1971.0,0,0,0,TE,TE,larry_brown,52.0,0.0,1.0
1973,PIT,Larry Brown,Larry,Brown,TE,87.0,24,76,246,Kansas,6/16/1949,2,14,0,5.0,1971.0,0,0,0,TE,TE,larry_brown,1.0,0.0,0.0
1973,PIT,Larry Brown,Larry,Brown,TE,87.0,24,76,246,Kansas,6/16/1949,2,14,0,5.0,1971.0,0,0,0,TE,TE,larry_brown,31.0,0.0,0.0
1973,PIT,Larry Brown,Larry,Brown,TE,87.0,24,76,246,Kansas,6/16/1949,2,14,0,5.0,1971.0,0,0,0,TE,TE,larry_brown,0.0,0.0,0.0
1973,PIT,Larry Brown,Larry,Brown,TE,87.0,24,76,246,Kansas,6/16/1949,2,14,0,5.0,1971.0,0,0,0,TE,TE,larry_brown,0.0,0.0,0.0
1973,PIT,Larry Brown,Larry,Brown,TE,87.0,24,76,246,Kansas,6/16/1949,2,14,0,5.0,1971.0,0,0,0,TE,TE,larry_brown,81.0,2.0,4.0
1973,PIT,Larry Brown,Larry,Brown,TE,87.0,24,76,246,Kansas,6/16/1949,2,14,0,5.0,1971.0,0,0,0,TE,TE,larry_brown,52.0,0.0,1.0
1973,PIT,Larry Brown,Larry,Brown,TE,87.0,24,76,246,Kansas,6/16/1949,2,14,0,5.0,1971.0,0,0,0,TE,TE,larry_brown,1.0,0.0,0.0
1973,PIT,Larry Brown,Larry,Brown,TE,87.0,24,76,246,Kansas,6/16/1949,2,14,0,5.0,1971.0,0,0,0,TE,TE,larry_brown,31.0,0.0,0.0
1973,PIT,Larry Brown,Larry,Brown,TE,87.0,24,76,246,Kansas,6/16/1949,2,14,0,5.0,1971.0,0,0,0,TE,TE,larry_brown,0.0,0.0,0.0
1973,PIT,John McMakin,John,McMakin,TE,89.0,23,75,232,Clemson,9/24/1950,1,14,14,3.0,1972.0,0,0,0,TE,TE,john_mcmakin,8.0,0.0,0.0
1973,PIT,John McMakin,John,McMakin,TE,89.0,23,75,232,Clemson,9/24/1950,1,14,14,3.0,1972.0,0,0,0,TE,TE,john_mcmakin,8.0,0.0,0.0
1973,RAI,Bob Moore,Bob,Moore,TE,88.0,24,75,220,Stanford,2/12/1949,2,14,14,4.0,1971.0,0,0,0,TE,TE,bob_moore,14.0,0.0,0.0
1973,RAI,Bob Moore,Bob,Moore,TE,88.0,24,75,220,Stanford,2/12/1949,2,14,14,4.0,1971.0,0,0,0,TE,TE,bob_moore,14.0,0.0,0.0
1973,RAI,Warren Bankston,Warren,Bankston,TE,46.0,26,76,235,Tulane,7/22/1947,4,11,0,0.0,1969.0,0,0,0,TE,TE,warren_bankston,8.0,0.0,0.0
1973,RAI,Jeff Queen,Jeff,Queen,TE,47.0,27,73,217,Morgan St.,8/15/1946,4,9,0,0.0,1968.0,0,0,0,TE,TE,jeff_queen,14.0,0.0,0.0
1973,RAI,Warren Bankston,Warren,Bankston,TE,46.0,26,76,235,Tulane,7/22/1947,4,11,0,0.0,1969.0,0,0,0,TE,TE,warren_bankston,8.0,0.0,0.0
1973,RAI,Jeff Queen,Jeff,Queen,TE,47.0,27,73,217,Morgan St.,8/15/1946,4,9,0,0.0,1968.0,0,0,0,TE,TE,jeff_queen,14.0,0.0,0.0
1973,RAM,Bob Klein,Bob,Klein,TE,80.0,26,77,235,USC,7/27/1947,4,14,14,6.0,1969.0,0,0,0,TE,TE,bob_klein,30.0,0.0,0.0
1973,RAM,Bob Klein,Bob,Klein,TE,80.0,26,77,235,USC,7/27/1947,4,14,14,6.0,1969.0,0,0,0,TE,TE,bob_klein,30.0,0.0,0.0
1973,RAM,Pat Curran,Pat,Curran,TE,88.0,28,76,238,"Iowa St.,Lakeland",9/21/1945,4,14,0,1.0,1969.0,0,0,0,TE,TE,pat_curran,13.0,0.0,0.0
1973,RAM,Pat Curran,Pat,Curran,TE,88.0,28,76,238,"Iowa St.,Lakeland",9/21/1945,4,14,0,1.0,1969.0,0,0,0,TE,TE,pat_curran,13.0,0.0,0.0
1973,RAM,Terry Nelson,Terry,Nelson,TE,83.0,22,74,233,Ark-Pine Bluff,5/20/1951,Rook,2,0,0.0,1973.0,0,0,0,TE,TE,terry_nelson,13.0,0.0,0.0
1973,RAM,Terry Nelson,Terry,Nelson,TE,83.0,22,74,233,Ark-Pine Bluff,5/20/1951,Rook,2,0,0.0,1973.0,0,0,0,TE,TE,terry_nelson,13.0,0.0,0.0
1973,SDG,Pettis Norman,Pettis,Norman,TE,88.0,34,75,222,Johnson C. Smith,1/4/1939,11,14,12,2.0,1962.0,0,0,0,TE,TE,pettis_norman,23.0,0.0,0.0
1973,SDG,Pettis Norman,Pettis,Norman,TE,88.0,34,75,222,Johnson C. Smith,1/4/1939,11,14,12,2.0,1962.0,0,0,0,TE,TE,pettis_norman,23.0,0.0,0.0
1973,SDG,Jim Thaxton,Jim,Thaxton,TE,86.0,24,74,240,Tennessee St.,1/11/1949,Rook,10,3,1.0,1973.0,0,0,0,TE,TE,jim_thaxton,6.0,0.0,0.0
1973,SDG,Jim Thaxton,Jim,Thaxton,TE,86.0,24,74,240,Tennessee St.,1/11/1949,Rook,10,3,1.0,1973.0,0,0,0,TE,TE,jim_thaxton,6.0,0.0,0.0
1973,SDG,Gary Parris,Gary,Parris,TE,80.0,23,74,226,Florida St.,6/13/1950,Rook,9,1,0.0,1973.0,0,0,0,TE,TE,gary_parris,6.0,0.0,0.0
1973,SDG,Gary Parris,Gary,Parris,TE,80.0,23,74,226,Florida St.,6/13/1950,Rook,9,1,0.0,1973.0,0,0,0,TE,TE,gary_parris,6.0,0.0,0.0
1973,SFO,Ted Kwalick,Ted,Kwalick,TE,82.0,26,76,226,Penn St.,4/15/1947,4,14,14,8.0,1969.0,0,0,0,TE,TE,ted_kwalick,30.0,1.0,3.0
1973,SFO,Ted Kwalick,Ted,Kwalick,TE,82.0,26,76,226,Penn St.,4/15/1947,4,14,14,8.0,1969.0,0,0,0,TE,TE,ted_kwalick,30.0,1.0,3.0
1973,SFO,Dick Witcher,Dick,Witcher,TE,88.0,29,75,204,UCLA,10/10/1944,7,14,0,0.0,1966.0,0,0,0,TE,TE,dick_witcher,23.0,0.0,0.0
1973,SFO,Dick Witcher,Dick,Witcher,TE,88.0,29,75,204,UCLA,10/10/1944,7,14,0,0.0,1966.0,0,0,0,TE,TE,dick_witcher,23.0,0.0,0.0
1973,WAS,Jerry Smith,Jerry,Smith,TE,87.0,30,75,208,Arizona St.,7/19/1943,8,13,9,3.0,1965.0,0,0,0,TE,TE,jerry_smith,0.0,0.0,0.0
1973,WAS,Jerry Smith,Jerry,Smith,TE,87.0,30,75,208,Arizona St.,7/19/1943,8,13,9,3.0,1965.0,0,0,0,TE,TE,jerry_smith,56.0,1.0,2.0
1973,WAS,Jerry Smith,Jerry,Smith,TE,87.0,30,75,208,Arizona St.,7/19/1943,8,13,9,3.0,1965.0,0,0,0,TE,TE,jerry_smith,0.0,0.0,0.0
1973,WAS,Jerry Smith,Jerry,Smith,TE,87.0,30,75,208,Arizona St.,7/19/1943,8,13,9,3.0,1965.0,0,0,0,TE,TE,jerry_smith,56.0,1.0,2.0
1973,WAS,Alvin Reed,Alvin,Reed,TE,88.0,29,77,235,Prairie View A&M,8/1/1944,6,5,5,2.0,,0,0,0,TE,TE,alvin_reed,0.0,0.0,1.0
1973,WAS,Alvin Reed,Alvin,Reed,TE,88.0,29,77,235,Prairie View A&M,8/1/1944,6,5,5,2.0,,0,0,0,TE,TE,alvin_reed,0.0,0.0,1.0
1973,WAS,Mike Hancock,Mike,Hancock,TE,84.0,23,76,220,Idaho St.,2/25/1950,Rook,10,0,0.0,1973.0,0,0,0,TE,TE,mike_hancock,0.0,0.0,0.0
1973,WAS,Mike Hancock,Mike,Hancock,TE,84.0,23,76,220,Idaho St.,2/25/1950,Rook,10,0,0.0,1973.0,0,0,0,TE,TE,mike_hancock,0.0,0.0,0.0
1974,ATL,Jim Mitchell,Jim,Mitchell,TE,86.0,27,73,234,Prairie View A&M,10/19/1947,5,14,14,2.0,1969.0,0,0,0,TE,TE,jim_mitchell,39.0,0.0,2.0
1974,ATL,Jim Mitchell,Jim,Mitchell,TE,86.0,27,73,234,Prairie View A&M,10/19/1947,5,14,14,2.0,1969.0,0,0,0,TE,TE,jim_mitchell,35.0,0.0,0.0
1974,ATL,Jim Mitchell,Jim,Mitchell,TE,86.0,27,73,234,Prairie View A&M,10/19/1947,5,14,14,2.0,1969.0,0,0,0,TE,TE,jim_mitchell,39.0,0.0,2.0
1974,ATL,Jim Mitchell,Jim,Mitchell,TE,86.0,27,73,234,Prairie View A&M,10/19/1947,5,14,14,2.0,1969.0,0,0,0,TE,TE,jim_mitchell,35.0,0.0,0.0
1974,ATL,Henry Childs,Henry,Childs,TE,88.0,23,74,223,Kansas St.,4/16/1951,Rook,6,0,0.0,1974.0,0,0,0,TE,TE,henry_childs,34.0,0.0,1.0
1974,ATL,Larry Mialik,Larry,Mialik,TE,83.0,24,74,226,Wisconsin,5/15/1950,2,14,0,0.0,1972.0,0,0,0,TE,TE,larry_mialik,0.0,0.0,0.0
1974,ATL,Henry Childs,Henry,Childs,TE,88.0,23,74,223,Kansas St.,4/16/1951,Rook,6,0,0.0,1974.0,0,0,0,TE,TE,henry_childs,34.0,0.0,1.0
1974,ATL,Larry Mialik,Larry,Mialik,TE,83.0,24,74,226,Wisconsin,5/15/1950,2,14,0,0.0,1972.0,0,0,0,TE,TE,larry_mialik,0.0,0.0,0.0
1974,BUF,Paul Seymour,Paul,Seymour,TE,87.0,24,77,252,Michigan,2/6/1950,1,14,14,4.0,1973.0,0,0,0,TE,TE,paul_seymour,11.0,0.0,0.0
1974,BUF,Paul Seymour,Paul,Seymour,TE,87.0,24,77,252,Michigan,2/6/1950,1,14,14,4.0,1973.0,0,0,0,TE,TE,paul_seymour,11.0,0.0,0.0
1974,BUF,Reuben Gant,Reuben,Gant,TE,88.0,22,76,230,Oklahoma St.,4/12/1952,Rook,13,0,0.0,1974.0,0,0,0,TE,TE,reuben_gant,16.0,0.0,0.0
1974,BUF,Ted Koy,Ted,Koy,TE,37.0,27,74,212,Texas,9/15/1947,4,12,0,0.0,1970.0,0,0,0,TE,TE,ted_koy,1.0,0.0,0.0
1974,BUF,Reuben Gant,Reuben,Gant,TE,88.0,22,76,230,Oklahoma St.,4/12/1952,Rook,13,0,0.0,1974.0,0,0,0,TE,TE,reuben_gant,16.0,0.0,0.0
1974,BUF,Ted Koy,Ted,Koy,TE,37.0,27,74,212,Texas,9/15/1947,4,12,0,0.0,1970.0,0,0,0,TE,TE,ted_koy,1.0,0.0,0.0
1974,CHI,Jim Kelly,Jim,Kelly,TE,88.0,23,76,212,Tennessee St.,8/7/1951,Rook,14,0,1.0,,0,0,0,TE,TE,jim_kelly,6.0,0.0,0.0
1974,CHI,Jim Kelly,Jim,Kelly,TE,88.0,23,76,212,Tennessee St.,8/7/1951,Rook,14,0,1.0,,0,0,0,TE,TE,jim_kelly,103.0,1.0,5.0
1974,CHI,Fred Pagac,Fred,Pagac,TE,82.0,22,72,222,Ohio St.,4/26/1952,Rook,14,14,1.0,,0,0,0,TE,TE,fred_pagac,0.0,0.0,0.0
1974,CHI,Jim Kelly,Jim,Kelly,TE,88.0,23,76,212,Tennessee St.,8/7/1951,Rook,14,0,1.0,,0,0,0,TE,TE,jim_kelly,6.0,0.0,0.0
1974,CHI,Jim Kelly,Jim,Kelly,TE,88.0,23,76,212,Tennessee St.,8/7/1951,Rook,14,0,1.0,,0,0,0,TE,TE,jim_kelly,103.0,1.0,5.0
1974,CHI,Fred Pagac,Fred,Pagac,TE,82.0,22,72,222,Ohio St.,4/26/1952,Rook,14,14,1.0,,0,0,0,TE,TE,fred_pagac,0.0,0.0,0.0
1974,CIN,Bob Trumpy,Bob,Trumpy,TE,84.0,29,78,228,"Illinois,Utah",3/6/1945,6,13,13,4.0,1968.0,0,0,0,TE,TE,bob_trumpy,49.0,1.0,4.0
1974,CIN,Bob Trumpy,Bob,Trumpy,TE,84.0,29,78,228,"Illinois,Utah",3/6/1945,6,13,13,4.0,1968.0,0,0,0,TE,TE,bob_trumpy,49.0,1.0,4.0
1974,CIN,Al Chandler,Al,Chandler,TE,81.0,24,74,233,Oklahoma,11/18/1950,1,14,0,0.0,1973.0,0,0,0,TE,TE,al_chandler,3.0,0.0,0.0
1974,CIN,Bruce Coslet,Bruce,Coslet,TE,88.0,28,76,227,Pacific,8/5/1946,5,14,1,0.0,,0,0,0,TE,TE,bruce_coslet,0.0,0.0,0.0
1974,CIN,Al Chandler,Al,Chandler,TE,81.0,24,74,233,Oklahoma,11/18/1950,1,14,0,0.0,1973.0,0,0,0,TE,TE,al_chandler,3.0,0.0,0.0
1974,CIN,Bruce Coslet,Bruce,Coslet,TE,88.0,28,76,227,Pacific,8/5/1946,5,14,1,0.0,,0,0,0,TE,TE,bruce_coslet,0.0,0.0,0.0
1974,CLE,Milt Morin,Milt,Morin,TE,89.0,32,76,238,Massachusetts,10/15/1942,8,14,10,4.0,1966.0,0,0,0,TE,TE,milt_morin,48.0,0.0,2.0
1974,CLE,Milt Morin,Milt,Morin,TE,89.0,32,76,238,Massachusetts,10/15/1942,8,14,10,4.0,1966.0,0,0,0,TE,TE,milt_morin,48.0,0.0,2.0
1974,CLE,Jim Thaxton,Jim,Thaxton,TE,84.0,25,74,240,Tennessee St.,1/11/1949,1,12,4,1.0,1973.0,0,0,0,TE,TE,jim_thaxton,6.0,0.0,0.0
1974,CLE,Jim Thaxton,Jim,Thaxton,TE,84.0,25,74,240,Tennessee St.,1/11/1949,1,12,4,1.0,1973.0,0,0,0,TE,TE,jim_thaxton,6.0,0.0,0.0
1974,CLE,Ernie Richardson,Ernie,Richardson,TE,84.0,24,77,225,Jackson St.,7/17/1950,Rook,2,0,0.0,,0,0,0,TE,TE,ernie_richardson,0.0,0.0,0.0
1974,CLE,Ernie Richardson,Ernie,Richardson,TE,84.0,24,77,225,Jackson St.,7/17/1950,Rook,2,0,0.0,,0,0,0,TE,TE,ernie_richardson,0.0,0.0,0.0
1974,CLT,Raymond Chester,Raymond,Chester,TE,87.0,26,75,232,Morgan St.,6/28/1948,4,14,14,5.0,1970.0,0,0,0,TE,TE,raymond_chester,52.0,0.0,4.0
1974,CLT,Raymond Chester,Raymond,Chester,TE,87.0,26,75,232,Morgan St.,6/28/1948,4,14,14,5.0,1970.0,0,0,0,TE,TE,raymond_chester,52.0,0.0,4.0
1974,CLT,Ron Mayo,Ron,Mayo,TE,83.0,24,74,222,Morgan St.,10/11/1950,1,9,0,0.0,1973.0,0,0,0,TE,TE,ron_mayo,0.0,0.0,0.0
1974,CLT,Ron Mayo,Ron,Mayo,TE,83.0,24,74,222,Morgan St.,10/11/1950,1,9,0,0.0,1973.0,0,0,0,TE,TE,ron_mayo,0.0,0.0,0.0
1974,CRD,Jackie Smith,Jackie,Smith,TE,81.0,34,76,235,Northwestern St. (LA),2/23/1940,11,14,14,6.0,1963.0,0,0,0,TE,TE,jackie_smith,74.0,0.0,5.0
1974,CRD,Jackie Smith,Jackie,Smith,TE,81.0,34,76,235,Northwestern St. (LA),2/23/1940,11,14,14,6.0,1963.0,0,0,0,TE,TE,jackie_smith,74.0,0.0,5.0
1974,CRD,Jim McFarland,Jim,McFarland,TE,80.0,27,77,225,Nebraska,10/4/1947,4,14,0,0.0,1970.0,0,0,0,TE,TE,jim_mcfarland,1.0,0.0,0.0
1974,CRD,Jim McFarland,Jim,McFarland,TE,80.0,27,77,225,Nebraska,10/4/1947,4,14,0,0.0,1970.0,0,0,0,TE,TE,jim_mcfarland,1.0,0.0,0.0
1974,DAL,Billy Joe DuPree,Billy,Joe DuPree,TE,89.0,24,76,225,Michigan St.,3/7/1950,1,14,13,6.0,1973.0,0,0,0,TE,TE,billy_joe dupree,0.0,0.0,0.0
1974,DAL,Billy Joe DuPree,Billy,Joe DuPree,TE,89.0,24,76,225,Michigan St.,3/7/1950,1,14,13,6.0,1973.0,0,0,0,TE,TE,billy_joe dupree,0.0,0.0,0.0
1974,DAL,Jean Fugett,Jean,Fugett,TE,84.0,23,75,225,Amherst,12/16/1951,2,12,2,1.0,1972.0,0,0,0,TE,TE,jean_fugett,24.0,0.0,1.0
1974,DAL,Jean Fugett,Jean,Fugett,TE,84.0,23,75,225,Amherst,12/16/1951,2,12,2,1.0,1972.0,0,0,0,TE,TE,jean_fugett,24.0,0.0,1.0
1974,DAL,Ron Howard,Ron,Howard,TE,87.0,23,76,229,Seattle,3/3/1951,Rook,12,0,0.0,,0,0,0,TE,TE,ron_howard,0.0,0.0,0.0
1974,DAL,Ron Howard,Ron,Howard,TE,87.0,23,76,229,Seattle,3/3/1951,Rook,12,0,0.0,,0,0,0,TE,TE,ron_howard,0.0,0.0,0.0
1974,DEN,Riley Odoms,Riley,Odoms,TE,88.0,24,76,230,Houston,3/1/1950,2,14,14,9.0,1972.0,0,0,0,TE,TE,riley_odoms,54.0,2.0,4.0
1974,DEN,Riley Odoms,Riley,Odoms,TE,88.0,24,76,230,Houston,3/1/1950,2,14,14,9.0,1972.0,0,0,0,TE,TE,riley_odoms,54.0,2.0,4.0
1974,DEN,Boyd Brown,Boyd,Brown,TE,87.0,22,76,222,Alcorn St.,5/24/1952,Rook,14,0,0.0,1974.0,0,0,0,TE,TE,boyd_brown,0.0,0.0,0.0
1974,DEN,Boyd Brown,Boyd,Brown,TE,87.0,22,76,222,Alcorn St.,5/24/1952,Rook,14,0,0.0,1974.0,0,0,0,TE,TE,boyd_brown,0.0,0.0,0.0
1974,DET,Charlie Sanders,Charlie,Sanders,TE,88.0,28,76,225,Minnesota,8/25/1946,6,14,14,7.0,1968.0,0,0,0,TE,TE,charlie_sanders,52.0,2.0,7.0
1974,DET,Charlie Sanders,Charlie,Sanders,TE,88.0,28,76,225,Minnesota,8/25/1946,6,14,14,7.0,1968.0,0,0,0,TE,TE,charlie_sanders,52.0,2.0,7.0
1974,DET,T.C. Blair,T.C.,Blair,TE,81.0,23,76,220,Tulsa,8/4/1951,Rook,11,0,0.0,1974.0,0,0,0,TE,TE,t.c._blair,0.0,0.0,0.0
1974,DET,T.C. Blair,T.C.,Blair,TE,81.0,23,76,220,Tulsa,8/4/1951,Rook,11,0,0.0,1974.0,0,0,0,TE,TE,t.c._blair,0.0,0.0,0.0
1974,GNB,Rich McGeorge,Rich,McGeorge,TE,81.0,26,76,235,Elon,9/14/1948,4,14,14,5.0,1970.0,0,0,0,TE,TE,rich_mcgeorge,25.0,0.0,0.0
1974,GNB,Rich McGeorge,Rich,McGeorge,TE,81.0,26,76,235,Elon,9/14/1948,4,14,14,5.0,1970.0,0,0,0,TE,TE,rich_mcgeorge,25.0,0.0,0.0
1974,GNB,Mike Donohoe,Mike,Donohoe,TE,86.0,29,75,225,San Francisco,5/6/1945,6,14,0,0.0,1968.0,0,0,0,TE,TE,mike_donohoe,0.0,0.0,0.0
1974,GNB,Mike Donohoe,Mike,Donohoe,TE,86.0,29,75,225,San Francisco,5/6/1945,6,14,0,0.0,1968.0,0,0,0,TE,TE,mike_donohoe,0.0,0.0,0.0
1974,KAN,Morris Stroud,Morris,Stroud,TE,88.0,28,82,255,Clark (GA),5/17/1946,5,14,14,1.0,1969.0,0,0,0,TE,TE,morris_stroud,10.0,0.0,0.0
1974,KAN,Morris Stroud,Morris,Stroud,TE,88.0,28,82,255,Clark (GA),5/17/1946,5,14,14,1.0,1969.0,0,0,0,TE,TE,morris_stroud,10.0,0.0,0.0
1974,KAN,John Strada,John,Strada,TE,87.0,22,75,230,William Jewell,11/13/1952,Rook,11,0,0.0,,0,0,0,TE,TE,john_strada,0.0,0.0,0.0
1974,KAN,John Strada,John,Strada,TE,87.0,22,75,230,William Jewell,11/13/1952,Rook,11,0,0.0,,0,0,0,TE,TE,john_strada,0.0,0.0,0.0
1974,MIA,Jim Mandich,Jim,Mandich,TE,88.0,26,74,224,Michigan,7/30/1948,4,14,10,6.0,1970.0,0,0,0,TE,TE,jim_mandich,22.0,0.0,0.0
1974,MIA,Jim Mandich,Jim,Mandich,TE,88.0,26,74,224,Michigan,7/30/1948,4,14,10,6.0,1970.0,0,0,0,TE,TE,jim_mandich,22.0,0.0,0.0
1974,MIA,Marv Fleming,Marv,Fleming,TE,80.0,32,76,232,Utah,1/2/1942,11,14,5,0.0,1963.0,0,0,0,TE,TE,marv_fleming,19.0,0.0,0.0
1974,MIA,Marv Fleming,Marv,Fleming,TE,80.0,32,76,232,Utah,1/2/1942,11,14,5,0.0,1963.0,0,0,0,TE,TE,marv_fleming,19.0,0.0,0.0
1974,MIN,Stu Voigt,Stu,Voigt,TE,83.0,26,73,223,Wisconsin,8/12/1948,4,14,13,4.0,1970.0,0,0,0,TE,TE,stu_voigt,21.0,0.0,0.0
1974,MIN,Stu Voigt,Stu,Voigt,TE,83.0,26,73,223,Wisconsin,8/12/1948,4,14,13,4.0,1970.0,0,0,0,TE,TE,stu_voigt,21.0,0.0,0.0
1974,MIN,Doug Kingsriter,Doug,Kingsriter,TE,89.0,24,74,222,Minnesota,1/29/1950,1,14,1,1.0,1973.0,0,0,0,TE,TE,doug_kingsriter,1.0,0.0,0.0
1974,MIN,Doug Kingsriter,Doug,Kingsriter,TE,89.0,24,74,222,Minnesota,1/29/1950,1,14,1,1.0,1973.0,0,0,0,TE,TE,doug_kingsriter,1.0,0.0,0.0
1974,MIN,Steve Craig,Steve,Craig,TE,84.0,23,75,231,Northwestern,3/13/1951,Rook,14,0,0.0,1974.0,0,0,0,TE,TE,steve_craig,1.0,0.0,0.0
1974,MIN,Steve Craig,Steve,Craig,TE,84.0,23,75,231,Northwestern,3/13/1951,Rook,14,0,0.0,1974.0,0,0,0,TE,TE,steve_craig,1.0,0.0,0.0
1974,NOR,Paul Seal,Paul,Seal,TE,84.0,22,76,222,Michigan,2/27/1952,Rook,14,11,4.0,1974.0,0,0,0,TE,TE,paul_seal,14.0,0.0,0.0
1974,NOR,Paul Seal,Paul,Seal,TE,84.0,22,76,222,Michigan,2/27/1952,Rook,14,11,4.0,1974.0,0,0,0,TE,TE,paul_seal,14.0,0.0,0.0
1974,NOR,John Beasley,John,Beasley,TE,84.0,29,75,228,California,4/6/1945,7,14,6,1.0,1967.0,0,0,0,TE,TE,john_beasley,19.0,0.0,0.0
1974,NOR,John Beasley,John,Beasley,TE,84.0,29,75,228,California,4/6/1945,7,14,6,1.0,1967.0,0,0,0,TE,TE,john_beasley,19.0,0.0,0.0
1974,NOR,Henry Childs,Henry,Childs,TE,85.0,23,74,223,Kansas St.,4/16/1951,Rook,1,0,0.0,1974.0,0,0,0,TE,TE,henry_childs,34.0,0.0,1.0
1974,NOR,Len Garrett,Len,Garrett,TE,83.0,27,75,230,New Mex. Highlands,12/18/1947,3,10,0,0.0,1971.0,0,0,0,TE,TE,len_garrett,1.0,0.0,0.0
1974,NOR,Henry Childs,Henry,Childs,TE,85.0,23,74,223,Kansas St.,4/16/1951,Rook,1,0,0.0,1974.0,0,0,0,TE,TE,henry_childs,34.0,0.0,1.0
1974,NOR,Len Garrett,Len,Garrett,TE,83.0,27,75,230,New Mex. Highlands,12/18/1947,3,10,0,0.0,1971.0,0,0,0,TE,TE,len_garrett,1.0,0.0,0.0
1974,NWE,Bob Adams,Bob,Adams,TE,80.0,28,74,225,Pacific,8/15/1946,5,13,7,4.0,,0,0,0,TE,TE,bob_adams,0.0,0.0,0.0
1974,NWE,Bob Adams,Bob,Adams,TE,80.0,28,74,225,Pacific,8/15/1946,5,13,7,4.0,,0,0,0,TE,TE,bob_adams,0.0,0.0,0.0
1974,NWE,Bob Adams,Bob,Adams,TE,80.0,28,74,225,Pacific,8/15/1946,5,13,7,4.0,,0,0,0,TE,TE,bob_adams,0.0,0.0,0.0
1974,NWE,Bob Adams,Bob,Adams,TE,80.0,28,74,225,Pacific,8/15/1946,5,13,7,4.0,,0,0,0,TE,TE,bob_adams,0.0,0.0,0.0
1974,NWE,Bob Windsor,Bob,Windsor,TE,86.0,32,76,220,Kentucky,12/19/1942,7,7,7,2.0,1966.0,0,0,0,TE,TE,bob_windsor,23.0,0.0,0.0
1974,NWE,Bob Windsor,Bob,Windsor,TE,86.0,32,76,220,Kentucky,12/19/1942,7,7,7,2.0,1966.0,0,0,0,TE,TE,bob_windsor,23.0,0.0,0.0
1974,NYG,Bob Tucker,Bob,Tucker,TE,38.0,29,75,230,Bloomsburg,6/8/1945,4,13,13,6.0,,0,0,0,TE,TE,bob_tucker,0.0,0.0,0.0
1974,NYG,Bob Tucker,Bob,Tucker,TE,38.0,29,75,230,Bloomsburg,6/8/1945,4,13,13,6.0,,0,0,0,TE,TE,bob_tucker,0.0,0.0,0.0
1974,NYG,Chip Glass,Chip,Glass,TE,83.0,27,76,235,Florida St.,6/25/1947,5,13,1,0.0,1969.0,0,0,0,TE,TE,chip_glass,8.0,0.0,0.0
1974,NYG,John Strada,John,Strada,TE,87.0,22,75,230,William Jewell,11/13/1952,Rook,1,0,0.0,,0,0,0,TE,TE,john_strada,0.0,0.0,0.0
1974,NYG,Chip Glass,Chip,Glass,TE,83.0,27,76,235,Florida St.,6/25/1947,5,13,1,0.0,1969.0,0,0,0,TE,TE,chip_glass,8.0,0.0,0.0
1974,NYG,John Strada,John,Strada,TE,87.0,22,75,230,William Jewell,11/13/1952,Rook,1,0,0.0,,0,0,0,TE,TE,john_strada,0.0,0.0,0.0
1974,NYJ,Rich Caster,Rich,Caster,TE,88.0,26,77,228,Jackson St.,10/16/1948,4,13,13,10.0,1970.0,0,0,0,TE,TE,rich_caster,55.0,0.0,3.0
1974,NYJ,Rich Caster,Rich,Caster,TE,88.0,26,77,228,Jackson St.,10/16/1948,4,13,13,10.0,1970.0,0,0,0,TE,TE,rich_caster,55.0,0.0,3.0
1974,NYJ,Willie Brister,Willie,Brister,TE,86.0,22,76,236,Southern,1/28/1952,Rook,12,1,1.0,1974.0,0,0,0,TE,TE,willie_brister,1.0,0.0,0.0
1974,NYJ,Willie Brister,Willie,Brister,TE,86.0,22,76,236,Southern,1/28/1952,Rook,12,1,1.0,1974.0,0,0,0,TE,TE,willie_brister,1.0,0.0,0.0
1974,OTI,Mack Alston,Mack,Alston,TE,82.0,27,74,230,MD-Eastern Shore,4/27/1947,4,13,12,3.0,1970.0,0,0,0,TE,TE,mack_alston,12.0,0.0,0.0
1974,OTI,Mack Alston,Mack,Alston,TE,82.0,27,74,230,MD-Eastern Shore,4/27/1947,4,13,12,3.0,1970.0,0,0,0,TE,TE,mack_alston,12.0,0.0,0.0
1974,OTI,Mack Alston,Mack,Alston,TE,82.0,27,74,230,MD-Eastern Shore,4/27/1947,4,13,12,3.0,1970.0,0,0,0,TE,TE,mack_alston,12.0,0.0,0.0
1974,OTI,Mack Alston,Mack,Alston,TE,82.0,27,74,230,MD-Eastern Shore,4/27/1947,4,13,12,3.0,1970.0,0,0,0,TE,TE,mack_alston,12.0,0.0,0.0
1974,OTI,Jerry Broadnax,Jerry,Broadnax,TE,83.0,23,74,225,Southern,8/19/1951,Rook,8,2,1.0,,0,0,0,TE,TE,jerry_broadnax,0.0,0.0,0.0
1974,OTI,Jerry Broadnax,Jerry,Broadnax,TE,83.0,23,74,225,Southern,8/19/1951,Rook,8,2,1.0,,0,0,0,TE,TE,jerry_broadnax,0.0,0.0,0.0
1974,OTI,Jerry Broadnax,Jerry,Broadnax,TE,83.0,23,74,225,Southern,8/19/1951,Rook,8,2,1.0,,0,0,0,TE,TE,jerry_broadnax,0.0,0.0,0.0
1974,OTI,Jerry Broadnax,Jerry,Broadnax,TE,83.0,23,74,225,Southern,8/19/1951,Rook,8,2,1.0,,0,0,0,TE,TE,jerry_broadnax,0.0,0.0,0.0
1974,OTI,Jeff Queen,Jeff,Queen,TE,46.0,28,73,217,Morgan St.,8/15/1946,5,11,0,0.0,1968.0,0,0,0,TE,TE,jeff_queen,14.0,0.0,0.0
1974,OTI,Jeff Queen,Jeff,Queen,TE,46.0,28,73,217,Morgan St.,8/15/1946,5,11,0,0.0,1968.0,0,0,0,TE,TE,jeff_queen,14.0,0.0,0.0
1974,OTI,Jeff Queen,Jeff,Queen,TE,46.0,28,73,217,Morgan St.,8/15/1946,5,11,0,0.0,1968.0,0,0,0,TE,TE,jeff_queen,14.0,0.0,0.0
1974,OTI,Jeff Queen,Jeff,Queen,TE,46.0,28,73,217,Morgan St.,8/15/1946,5,11,0,0.0,1968.0,0,0,0,TE,TE,jeff_queen,14.0,0.0,0.0
1974,PHI,Charle Young,Charle,Young,TE,86.0,23,76,234,USC,2/5/1951,1,14,14,9.0,1973.0,0,0,0,TE,TE,charle_young,47.0,1.0,3.0
1974,PHI,Charle Young,Charle,Young,TE,86.0,23,76,234,USC,2/5/1951,1,14,14,9.0,1973.0,0,0,0,TE,TE,charle_young,47.0,1.0,3.0
1974,PHI,Kent Kramer,Kent,Kramer,TE,87.0,30,76,235,Minnesota,7/21/1944,8,14,0,0.0,1966.0,0,0,0,TE,TE,kent_kramer,6.0,0.0,0.0
1974,PHI,Kent Kramer,Kent,Kramer,TE,87.0,30,76,235,Minnesota,7/21/1944,8,14,0,0.0,1966.0,0,0,0,TE,TE,kent_kramer,6.0,0.0,0.0
1974,PIT,Larry Brown,Larry,Brown,TE,87.0,25,76,246,Kansas,6/16/1949,3,14,14,3.0,1971.0,0,0,0,TE,TE,larry_brown,0.0,0.0,0.0
1974,PIT,Larry Brown,Larry,Brown,TE,87.0,25,76,246,Kansas,6/16/1949,3,14,14,3.0,1971.0,0,0,0,TE,TE,larry_brown,81.0,2.0,4.0
1974,PIT,Larry Brown,Larry,Brown,TE,87.0,25,76,246,Kansas,6/16/1949,3,14,14,3.0,1971.0,0,0,0,TE,TE,larry_brown,52.0,0.0,1.0
1974,PIT,Larry Brown,Larry,Brown,TE,87.0,25,76,246,Kansas,6/16/1949,3,14,14,3.0,1971.0,0,0,0,TE,TE,larry_brown,1.0,0.0,0.0
1974,PIT,Larry Brown,Larry,Brown,TE,87.0,25,76,246,Kansas,6/16/1949,3,14,14,3.0,1971.0,0,0,0,TE,TE,larry_brown,31.0,0.0,0.0
1974,PIT,Larry Brown,Larry,Brown,TE,87.0,25,76,246,Kansas,6/16/1949,3,14,14,3.0,1971.0,0,0,0,TE,TE,larry_brown,0.0,0.0,0.0
1974,PIT,Larry Brown,Larry,Brown,TE,87.0,25,76,246,Kansas,6/16/1949,3,14,14,3.0,1971.0,0,0,0,TE,TE,larry_brown,0.0,0.0,0.0
1974,PIT,Larry Brown,Larry,Brown,TE,87.0,25,76,246,Kansas,6/16/1949,3,14,14,3.0,1971.0,0,0,0,TE,TE,larry_brown,81.0,2.0,4.0
1974,PIT,Larry Brown,Larry,Brown,TE,87.0,25,76,246,Kansas,6/16/1949,3,14,14,3.0,1971.0,0,0,0,TE,TE,larry_brown,52.0,0.0,1.0
1974,PIT,Larry Brown,Larry,Brown,TE,87.0,25,76,246,Kansas,6/16/1949,3,14,14,3.0,1971.0,0,0,0,TE,TE,larry_brown,1.0,0.0,0.0
1974,PIT,Larry Brown,Larry,Brown,TE,87.0,25,76,246,Kansas,6/16/1949,3,14,14,3.0,1971.0,0,0,0,TE,TE,larry_brown,31.0,0.0,0.0
1974,PIT,Larry Brown,Larry,Brown,TE,87.0,25,76,246,Kansas,6/16/1949,3,14,14,3.0,1971.0,0,0,0,TE,TE,larry_brown,0.0,0.0,0.0
1974,PIT,Randy Grossman,Randy,Grossman,TE,84.0,22,73,218,Temple,9/20/1952,Rook,14,0,2.0,,0,0,0,TE,TE,randy_grossman,0.0,0.0,0.0
1974,PIT,Randy Grossman,Randy,Grossman,TE,84.0,22,73,218,Temple,9/20/1952,Rook,14,0,2.0,,0,0,0,TE,TE,randy_grossman,0.0,0.0,0.0
1974,PIT,John McMakin,John,McMakin,TE,89.0,24,75,232,Clemson,9/24/1950,2,8,0,0.0,1972.0,0,0,0,TE,TE,john_mcmakin,8.0,0.0,0.0
1974,PIT,John McMakin,John,McMakin,TE,89.0,24,75,232,Clemson,9/24/1950,2,8,0,0.0,1972.0,0,0,0,TE,TE,john_mcmakin,8.0,0.0,0.0
1974,RAI,Bob Moore,Bob,Moore,TE,88.0,25,75,220,Stanford,2/12/1949,3,14,14,6.0,1971.0,0,0,0,TE,TE,bob_moore,14.0,0.0,0.0
1974,RAI,Bob Moore,Bob,Moore,TE,88.0,25,75,220,Stanford,2/12/1949,3,14,14,6.0,1971.0,0,0,0,TE,TE,bob_moore,14.0,0.0,0.0
1974,RAI,Warren Bankston,Warren,Bankston,TE,46.0,27,76,235,Tulane,7/22/1947,5,14,0,0.0,1969.0,0,0,0,TE,TE,warren_bankston,8.0,0.0,0.0
1974,RAI,Dave Casper,Dave,Casper,TE,87.0,22,76,240,Notre Dame,2/2/1952,Rook,14,0,0.0,1974.0,0,0,0,TE,TE,dave_casper,52.0,4.0,5.0
1974,RAI,Warren Bankston,Warren,Bankston,TE,46.0,27,76,235,Tulane,7/22/1947,5,14,0,0.0,1969.0,0,0,0,TE,TE,warren_bankston,8.0,0.0,0.0
1974,RAI,Dave Casper,Dave,Casper,TE,87.0,22,76,240,Notre Dame,2/2/1952,Rook,14,0,0.0,1974.0,0,0,0,TE,TE,dave_casper,52.0,4.0,5.0
1974,RAM,Bob Klein,Bob,Klein,TE,80.0,27,77,235,USC,7/27/1947,5,14,14,5.0,1969.0,0,0,0,TE,TE,bob_klein,30.0,0.0,0.0
1974,RAM,Bob Klein,Bob,Klein,TE,80.0,27,77,235,USC,7/27/1947,5,14,14,5.0,1969.0,0,0,0,TE,TE,bob_klein,30.0,0.0,0.0
1974,RAM,Pat Curran,Pat,Curran,TE,88.0,29,76,238,"Iowa St.,Lakeland",9/21/1945,5,13,0,0.0,1969.0,0,0,0,TE,TE,pat_curran,13.0,0.0,0.0
1974,RAM,Terry Nelson,Terry,Nelson,TE,83.0,23,74,233,Ark-Pine Bluff,5/20/1951,1,10,0,0.0,1973.0,0,0,0,TE,TE,terry_nelson,13.0,0.0,0.0
1974,RAM,Pat Curran,Pat,Curran,TE,88.0,29,76,238,"Iowa St.,Lakeland",9/21/1945,5,13,0,0.0,1969.0,0,0,0,TE,TE,pat_curran,13.0,0.0,0.0
1974,RAM,Terry Nelson,Terry,Nelson,TE,83.0,23,74,233,Ark-Pine Bluff,5/20/1951,1,10,0,0.0,1973.0,0,0,0,TE,TE,terry_nelson,13.0,0.0,0.0
1974,SDG,Wayne Stewart,Wayne,Stewart,TE,89.0,27,79,219,California,8/18/1947,5,14,13,3.0,1969.0,0,0,0,TE,TE,wayne_stewart,0.0,0.0,0.0
1974,SDG,Wayne Stewart,Wayne,Stewart,TE,89.0,27,79,219,California,8/18/1947,5,14,13,3.0,1969.0,0,0,0,TE,TE,wayne_stewart,4.0,0.0,0.0
1974,SDG,Wayne Stewart,Wayne,Stewart,TE,89.0,27,79,219,California,8/18/1947,5,14,13,3.0,1969.0,0,0,0,TE,TE,wayne_stewart,0.0,0.0,0.0
1974,SDG,Wayne Stewart,Wayne,Stewart,TE,89.0,27,79,219,California,8/18/1947,5,14,13,3.0,1969.0,0,0,0,TE,TE,wayne_stewart,4.0,0.0,0.0
1974,SDG,Dave Grannell,Dave,Grannell,TE,82.0,22,76,230,Arizona St.,10/4/1952,Rook,9,0,1.0,1974.0,0,0,0,TE,TE,dave_grannell,1.0,0.0,0.0
1974,SDG,Dave Grannell,Dave,Grannell,TE,82.0,22,76,230,Arizona St.,10/4/1952,Rook,9,0,1.0,1974.0,0,0,0,TE,TE,dave_grannell,1.0,0.0,0.0
1974,SDG,Gary Parris,Gary,Parris,TE,80.0,24,74,226,Florida St.,6/13/1950,1,14,1,0.0,1973.0,0,0,0,TE,TE,gary_parris,6.0,0.0,0.0
1974,SDG,Jim Thaxton,Jim,Thaxton,TE,86.0,25,74,240,Tennessee St.,1/11/1949,1,2,0,0.0,1973.0,0,0,0,TE,TE,jim_thaxton,6.0,0.0,0.0
1974,SDG,Gary Parris,Gary,Parris,TE,80.0,24,74,226,Florida St.,6/13/1950,1,14,1,0.0,1973.0,0,0,0,TE,TE,gary_parris,6.0,0.0,0.0
1974,SDG,Jim Thaxton,Jim,Thaxton,TE,86.0,25,74,240,Tennessee St.,1/11/1949,1,2,0,0.0,1973.0,0,0,0,TE,TE,jim_thaxton,6.0,0.0,0.0
1974,SFO,Tom Mitchell,Tom,Mitchell,TE,84.0,30,74,215,Bucknell,8/22/1944,8,14,13,3.0,1966.0,0,0,0,TE,TE,tom_mitchell,30.0,0.0,0.0
1974,SFO,Tom Mitchell,Tom,Mitchell,TE,84.0,30,74,215,Bucknell,8/22/1944,8,14,13,3.0,1966.0,0,0,0,TE,TE,tom_mitchell,30.0,0.0,0.0
1974,SFO,Ted Kwalick,Ted,Kwalick,TE,82.0,27,76,226,Penn St.,4/15/1947,5,14,1,2.0,1969.0,0,0,0,TE,TE,ted_kwalick,30.0,1.0,3.0
1974,SFO,Ted Kwalick,Ted,Kwalick,TE,82.0,27,76,226,Penn St.,4/15/1947,5,14,1,2.0,1969.0,0,0,0,TE,TE,ted_kwalick,30.0,1.0,3.0
1974,WAS,Jerry Smith,Jerry,Smith,TE,87.0,31,75,208,Arizona St.,7/19/1943,9,14,14,8.0,1965.0,0,0,0,TE,TE,jerry_smith,0.0,0.0,0.0
1974,WAS,Jerry Smith,Jerry,Smith,TE,87.0,31,75,208,Arizona St.,7/19/1943,9,14,14,8.0,1965.0,0,0,0,TE,TE,jerry_smith,56.0,1.0,2.0
1974,WAS,Jerry Smith,Jerry,Smith,TE,87.0,31,75,208,Arizona St.,7/19/1943,9,14,14,8.0,1965.0,0,0,0,TE,TE,jerry_smith,0.0,0.0,0.0
1974,WAS,Jerry Smith,Jerry,Smith,TE,87.0,31,75,208,Arizona St.,7/19/1943,9,14,14,8.0,1965.0,0,0,0,TE,TE,jerry_smith,56.0,1.0,2.0
1974,WAS,Mike Hancock,Mike,Hancock,TE,84.0,24,76,220,Idaho St.,2/25/1950,1,11,0,0.0,1973.0,0,0,0,TE,TE,mike_hancock,0.0,0.0,0.0
1974,WAS,Alvin Reed,Alvin,Reed,TE,88.0,30,77,235,Prairie View A&M,8/1/1944,7,14,0,0.0,,0,0,0,TE,TE,alvin_reed,0.0,0.0,1.0
1974,WAS,Mike Hancock,Mike,Hancock,TE,84.0,24,76,220,Idaho St.,2/25/1950,1,11,0,0.0,1973.0,0,0,0,TE,TE,mike_hancock,0.0,0.0,0.0
1974,WAS,Alvin Reed,Alvin,Reed,TE,88.0,30,77,235,Prairie View A&M,8/1/1944,7,14,0,0.0,,0,0,0,TE,TE,alvin_reed,0.0,0.0,1.0
1975,ATL,Jim Mitchell,Jim,Mitchell,TE,86.0,28,73,234,Prairie View A&M,10/19/1947,6,14,14,5.0,1969.0,0,0,0,TE,TE,jim_mitchell,39.0,0.0,2.0
1975,ATL,Jim Mitchell,Jim,Mitchell,TE,86.0,28,73,234,Prairie View A&M,10/19/1947,6,14,14,5.0,1969.0,0,0,0,TE,TE,jim_mitchell,35.0,0.0,0.0
1975,ATL,Jim Mitchell,Jim,Mitchell,TE,86.0,28,73,234,Prairie View A&M,10/19/1947,6,14,14,5.0,1969.0,0,0,0,TE,TE,jim_mitchell,39.0,0.0,2.0
1975,ATL,Jim Mitchell,Jim,Mitchell,TE,86.0,28,73,234,Prairie View A&M,10/19/1947,6,14,14,5.0,1969.0,0,0,0,TE,TE,jim_mitchell,35.0,0.0,0.0
1975,ATL,Greg McCrary,Greg,McCrary,TE,88.0,23,73,233,Clark (GA),3/24/1952,Rook,13,0,0.0,1975.0,0,0,0,TE,TE,greg_mccrary,1.0,0.0,0.0
1975,ATL,Greg McCrary,Greg,McCrary,TE,88.0,23,73,233,Clark (GA),3/24/1952,Rook,13,0,0.0,1975.0,0,0,0,TE,TE,greg_mccrary,1.0,0.0,0.0
1975,BUF,Paul Seymour,Paul,Seymour,TE,87.0,25,77,252,Michigan,2/6/1950,2,14,14,4.0,1973.0,0,0,0,TE,TE,paul_seymour,11.0,0.0,0.0
1975,BUF,Paul Seymour,Paul,Seymour,TE,87.0,25,77,252,Michigan,2/6/1950,2,14,14,4.0,1973.0,0,0,0,TE,TE,paul_seymour,11.0,0.0,0.0
1975,BUF,Reuben Gant,Reuben,Gant,TE,88.0,23,76,230,Oklahoma St.,4/12/1952,1,14,1,2.0,1974.0,0,0,0,TE,TE,reuben_gant,16.0,0.0,0.0
1975,BUF,Reuben Gant,Reuben,Gant,TE,88.0,23,76,230,Oklahoma St.,4/12/1952,1,14,1,2.0,1974.0,0,0,0,TE,TE,reuben_gant,16.0,0.0,0.0
1975,CHI,Bob Parsons,Bob,Parsons,TE,86.0,25,76,234,Penn St.,6/29/1950,3,14,10,4.0,1972.0,0,0,0,TE,TE,bob_parsons,16.0,0.0,0.0
1975,CHI,Bob Parsons,Bob,Parsons,TE,86.0,25,76,234,Penn St.,6/29/1950,3,14,10,4.0,1972.0,0,0,0,TE,TE,bob_parsons,16.0,0.0,0.0
1975,CHI,Greg Latta,Greg,Latta,TE,88.0,23,75,227,Morgan St.,10/13/1952,1,14,4,2.0,1974.0,0,0,0,TE,TE,greg_latta,12.0,0.0,0.0
1975,CHI,Greg Latta,Greg,Latta,TE,88.0,23,75,227,Morgan St.,10/13/1952,1,14,4,2.0,1974.0,0,0,0,TE,TE,greg_latta,12.0,0.0,0.0
1975,CHI,Gary Butler,Gary,Butler,TE,81.0,24,75,235,Rice,1/11/1951,2,8,0,0.0,1973.0,0,0,0,TE,TE,gary_butler,1.0,0.0,0.0
1975,CHI,Gary Butler,Gary,Butler,TE,81.0,24,75,235,Rice,1/11/1951,2,8,0,0.0,1973.0,0,0,0,TE,TE,gary_butler,1.0,0.0,0.0
1975,CIN,Bob Trumpy,Bob,Trumpy,TE,84.0,30,78,228,"Illinois,Utah",3/6/1945,7,11,11,3.0,1968.0,0,0,0,TE,TE,bob_trumpy,49.0,1.0,4.0
1975,CIN,Bob Trumpy,Bob,Trumpy,TE,84.0,30,78,228,"Illinois,Utah",3/6/1945,7,11,11,3.0,1968.0,0,0,0,TE,TE,bob_trumpy,49.0,1.0,4.0
1975,CIN,Bruce Coslet,Bruce,Coslet,TE,88.0,29,76,227,Pacific,8/5/1946,6,14,3,1.0,,0,0,0,TE,TE,bruce_coslet,0.0,0.0,0.0
1975,CIN,Bruce Coslet,Bruce,Coslet,TE,88.0,29,76,227,Pacific,8/5/1946,6,14,3,1.0,,0,0,0,TE,TE,bruce_coslet,0.0,0.0,0.0
1975,CIN,Jack Novak,Jack,Novak,TE,89.0,22,76,242,Wisconsin,6/6/1953,Rook,14,0,0.0,1975.0,0,0,0,TE,TE,jack_novak,0.0,0.0,0.0
1975,CIN,Jack Novak,Jack,Novak,TE,89.0,22,76,242,Wisconsin,6/6/1953,Rook,14,0,0.0,1975.0,0,0,0,TE,TE,jack_novak,1.0,0.0,0.0
1975,CIN,Jack Novak,Jack,Novak,TE,89.0,22,76,242,Wisconsin,6/6/1953,Rook,14,0,0.0,1975.0,0,0,0,TE,TE,jack_novak,0.0,0.0,0.0
1975,CIN,Jack Novak,Jack,Novak,TE,89.0,22,76,242,Wisconsin,6/6/1953,Rook,14,0,0.0,1975.0,0,0,0,TE,TE,jack_novak,1.0,0.0,0.0
1975,CLE,Oscar Roan,Oscar,Roan,TE,81.0,24,78,215,"UCLA,SMU",10/17/1951,Rook,14,13,4.0,1975.0,0,0,0,TE,TE,oscar_roan,8.0,0.0,0.0
1975,CLE,Oscar Roan,Oscar,Roan,TE,81.0,24,78,215,"UCLA,SMU",10/17/1951,Rook,14,13,4.0,1975.0,0,0,0,TE,TE,oscar_roan,8.0,0.0,0.0
1975,CLE,Milt Morin,Milt,Morin,TE,89.0,33,76,238,Massachusetts,10/15/1942,9,14,1,0.0,1966.0,0,0,0,TE,TE,milt_morin,48.0,0.0,2.0
1975,CLE,Gary Parris,Gary,Parris,TE,84.0,25,74,226,Florida St.,6/13/1950,2,14,0,0.0,1973.0,0,0,0,TE,TE,gary_parris,6.0,0.0,0.0
1975,CLE,Milt Morin,Milt,Morin,TE,89.0,33,76,238,Massachusetts,10/15/1942,9,14,1,0.0,1966.0,0,0,0,TE,TE,milt_morin,48.0,0.0,2.0
1975,CLE,Gary Parris,Gary,Parris,TE,84.0,25,74,226,Florida St.,6/13/1950,2,14,0,0.0,1973.0,0,0,0,TE,TE,gary_parris,6.0,0.0,0.0
1975,CLT,Raymond Chester,Raymond,Chester,TE,87.0,27,75,232,Morgan St.,6/28/1948,5,14,14,6.0,1970.0,0,0,0,TE,TE,raymond_chester,52.0,0.0,4.0
1975,CLT,Raymond Chester,Raymond,Chester,TE,87.0,27,75,232,Morgan St.,6/28/1948,5,14,14,6.0,1970.0,0,0,0,TE,TE,raymond_chester,52.0,0.0,4.0
1975,CLT,Jimmie Kennedy,Jimmie,Kennedy,TE,85.0,23,75,231,"Hiram,Colorado St.",7/30/1952,Rook,14,0,0.0,1974.0,0,0,0,TE,TE,jimmie_kennedy,1.0,0.0,0.0
1975,CLT,Jimmie Kennedy,Jimmie,Kennedy,TE,85.0,23,75,231,"Hiram,Colorado St.",7/30/1952,Rook,14,0,0.0,1974.0,0,0,0,TE,TE,jimmie_kennedy,1.0,0.0,0.0
1975,CRD,Jackie Smith,Jackie,Smith,TE,81.0,35,76,235,Northwestern St. (LA),2/23/1940,12,9,7,3.0,1963.0,0,0,0,TE,TE,jackie_smith,74.0,0.0,5.0
1975,CRD,Jackie Smith,Jackie,Smith,TE,81.0,35,76,235,Northwestern St. (LA),2/23/1940,12,9,7,3.0,1963.0,0,0,0,TE,TE,jackie_smith,74.0,0.0,5.0
1975,CRD,J.V. Cain,J.V.,Cain,TE,88.0,24,76,224,Colorado,7/22/1951,1,14,7,2.0,1974.0,0,0,0,TE,TE,j.v._cain,12.0,0.0,0.0
1975,CRD,J.V. Cain,J.V.,Cain,TE,88.0,24,76,224,Colorado,7/22/1951,1,14,7,2.0,1974.0,0,0,0,TE,TE,j.v._cain,12.0,0.0,0.0
1975,DAL,Jean Fugett,Jean,Fugett,TE,84.0,24,75,225,Amherst,12/16/1951,3,14,9,6.0,1972.0,0,0,0,TE,TE,jean_fugett,24.0,0.0,1.0
1975,DAL,Jean Fugett,Jean,Fugett,TE,84.0,24,75,225,Amherst,12/16/1951,3,14,9,6.0,1972.0,0,0,0,TE,TE,jean_fugett,24.0,0.0,1.0
1975,DAL,Billy Joe DuPree,Billy,Joe DuPree,TE,89.0,25,76,225,Michigan St.,3/7/1950,2,14,6,2.0,1973.0,0,0,0,TE,TE,billy_joe dupree,0.0,0.0,0.0
1975,DAL,Billy Joe DuPree,Billy,Joe DuPree,TE,89.0,25,76,225,Michigan St.,3/7/1950,2,14,6,2.0,1973.0,0,0,0,TE,TE,billy_joe dupree,0.0,0.0,0.0
1975,DAL,Ron Howard,Ron,Howard,TE,87.0,24,76,229,Seattle,3/3/1951,1,10,0,0.0,,0,0,0,TE,TE,ron_howard,0.0,0.0,0.0
1975,DAL,Ron Howard,Ron,Howard,TE,87.0,24,76,229,Seattle,3/3/1951,1,10,0,0.0,,0,0,0,TE,TE,ron_howard,0.0,0.0,0.0
1975,DEN,Riley Odoms,Riley,Odoms,TE,88.0,25,76,230,Houston,3/1/1950,3,14,14,5.0,1972.0,0,0,0,TE,TE,riley_odoms,54.0,2.0,4.0
1975,DEN,Riley Odoms,Riley,Odoms,TE,88.0,25,76,230,Houston,3/1/1950,3,14,14,5.0,1972.0,0,0,0,TE,TE,riley_odoms,54.0,2.0,4.0
1975,DEN,Boyd Brown,Boyd,Brown,TE,87.0,23,76,222,Alcorn St.,5/24/1952,1,12,0,0.0,1974.0,0,0,0,TE,TE,boyd_brown,0.0,0.0,0.0
1975,DEN,Boyd Brown,Boyd,Brown,TE,87.0,23,76,222,Alcorn St.,5/24/1952,1,12,0,0.0,1974.0,0,0,0,TE,TE,boyd_brown,0.0,0.0,0.0
1975,DET,Charlie Sanders,Charlie,Sanders,TE,88.0,29,76,225,Minnesota,8/25/1946,7,13,12,5.0,1968.0,0,0,0,TE,TE,charlie_sanders,52.0,2.0,7.0
1975,DET,Charlie Sanders,Charlie,Sanders,TE,88.0,29,76,225,Minnesota,8/25/1946,7,13,12,5.0,1968.0,0,0,0,TE,TE,charlie_sanders,52.0,2.0,7.0
1975,DET,John McMakin,John,McMakin,TE,81.0,25,75,232,Clemson,9/24/1950,3,11,2,0.0,1972.0,0,0,0,TE,TE,john_mcmakin,8.0,0.0,0.0
1975,DET,John McMakin,John,McMakin,TE,81.0,25,75,232,Clemson,9/24/1950,3,11,2,0.0,1972.0,0,0,0,TE,TE,john_mcmakin,8.0,0.0,0.0
1975,GNB,Rich McGeorge,Rich,McGeorge,TE,81.0,27,76,235,Elon,9/14/1948,5,14,14,5.0,1970.0,0,0,0,TE,TE,rich_mcgeorge,25.0,0.0,0.0
1975,GNB,Rich McGeorge,Rich,McGeorge,TE,81.0,27,76,235,Elon,9/14/1948,5,14,14,5.0,1970.0,0,0,0,TE,TE,rich_mcgeorge,25.0,0.0,0.0
1975,GNB,Bert Askson,Bert,Askson,TE,88.0,30,75,223,Texas Southern,12/16/1945,4,14,0,4.0,1970.0,0,0,0,TE,TE,bert_askson,11.0,0.0,0.0
1975,GNB,Bert Askson,Bert,Askson,TE,88.0,30,75,223,Texas Southern,12/16/1945,4,14,0,4.0,1970.0,0,0,0,TE,TE,bert_askson,11.0,0.0,0.0
1975,KAN,Walter White,Walter,White,TE,88.0,24,75,216,"Colorado Mesa,Maryland",7/19/1951,Rook,14,1,6.0,1975.0,0,0,0,TE,TE,walter_white,24.0,0.0,0.0
1975,KAN,Walter White,Walter,White,TE,88.0,24,75,216,"Colorado Mesa,Maryland",7/19/1951,Rook,14,1,6.0,1975.0,0,0,0,TE,TE,walter_white,24.0,0.0,0.0
1975,KAN,Billy Masters,Billy,Masters,TE,84.0,31,77,240,LSU,3/15/1944,8,14,14,3.0,1967.0,0,0,0,TE,TE,billy_masters,21.0,0.0,0.0
1975,KAN,Billy Masters,Billy,Masters,TE,84.0,31,77,240,LSU,3/15/1944,8,14,14,3.0,1967.0,0,0,0,TE,TE,billy_masters,21.0,0.0,0.0
1975,MIA,Jim Mandich,Jim,Mandich,TE,88.0,27,74,224,Michigan,7/30/1948,5,14,6,4.0,1970.0,0,0,0,TE,TE,jim_mandich,22.0,0.0,0.0
1975,MIA,Jim Mandich,Jim,Mandich,TE,88.0,27,74,224,Michigan,7/30/1948,5,14,6,4.0,1970.0,0,0,0,TE,TE,jim_mandich,22.0,0.0,0.0
1975,MIA,Andre Tillman,Andre,Tillman,TE,87.0,23,76,230,Texas Tech,11/1/1952,1,14,8,1.0,1974.0,0,0,0,TE,TE,andre_tillman,11.0,0.0,0.0
1975,MIA,Andre Tillman,Andre,Tillman,TE,87.0,23,76,230,Texas Tech,11/1/1952,1,14,8,1.0,1974.0,0,0,0,TE,TE,andre_tillman,11.0,0.0,0.0
1975,MIA,Jim McFarland,Jim,McFarland,TE,80.0,28,77,225,Nebraska,10/4/1947,5,6,1,0.0,1970.0,0,0,0,TE,TE,jim_mcfarland,1.0,0.0,0.0
1975,MIA,Jim McFarland,Jim,McFarland,TE,80.0,28,77,225,Nebraska,10/4/1947,5,6,1,0.0,1970.0,0,0,0,TE,TE,jim_mcfarland,1.0,0.0,0.0
1975,MIN,Stu Voigt,Stu,Voigt,TE,83.0,27,73,223,Wisconsin,8/12/1948,5,13,13,5.0,1970.0,0,0,0,TE,TE,stu_voigt,21.0,0.0,0.0
1975,MIN,Stu Voigt,Stu,Voigt,TE,83.0,27,73,223,Wisconsin,8/12/1948,5,13,13,5.0,1970.0,0,0,0,TE,TE,stu_voigt,21.0,0.0,0.0
1975,MIN,Steve Craig,Steve,Craig,TE,84.0,24,75,231,Northwestern,3/13/1951,1,14,1,1.0,1974.0,0,0,0,TE,TE,steve_craig,1.0,0.0,0.0
1975,MIN,Steve Craig,Steve,Craig,TE,84.0,24,75,231,Northwestern,3/13/1951,1,14,1,1.0,1974.0,0,0,0,TE,TE,steve_craig,1.0,0.0,0.0
1975,MIN,Doug Kingsriter,Doug,Kingsriter,TE,89.0,25,74,222,Minnesota,1/29/1950,2,3,0,0.0,1973.0,0,0,0,TE,TE,doug_kingsriter,1.0,0.0,0.0
1975,MIN,Doug Kingsriter,Doug,Kingsriter,TE,89.0,25,74,222,Minnesota,1/29/1950,2,3,0,0.0,1973.0,0,0,0,TE,TE,doug_kingsriter,1.0,0.0,0.0
1975,NOR,Paul Seal,Paul,Seal,TE,84.0,23,76,222,Michigan,2/27/1952,1,14,14,3.0,1974.0,0,0,0,TE,TE,paul_seal,14.0,0.0,0.0
1975,NOR,Paul Seal,Paul,Seal,TE,84.0,23,76,222,Michigan,2/27/1952,1,14,14,3.0,1974.0,0,0,0,TE,TE,paul_seal,14.0,0.0,0.0
1975,NOR,Henry Childs,Henry,Childs,TE,85.0,24,74,223,Kansas St.,4/16/1951,1,14,4,1.0,1974.0,0,0,0,TE,TE,henry_childs,34.0,0.0,1.0
1975,NOR,Henry Childs,Henry,Childs,TE,85.0,24,74,223,Kansas St.,4/16/1951,1,14,4,1.0,1974.0,0,0,0,TE,TE,henry_childs,34.0,0.0,1.0
1975,NOR,Len Garrett,Len,Garrett,TE,83.0,28,75,230,New Mex. Highlands,12/18/1947,4,1,0,0.0,1971.0,0,0,0,TE,TE,len_garrett,1.0,0.0,0.0
1975,NOR,Len Garrett,Len,Garrett,TE,83.0,28,75,230,New Mex. Highlands,12/18/1947,4,1,0,0.0,1971.0,0,0,0,TE,TE,len_garrett,1.0,0.0,0.0
1975,NWE,Russ Francis,Russ,Francis,TE,81.0,22,78,240,Oregon,4/3/1953,Rook,14,11,6.0,1975.0,0,0,0,TE,TE,russ_francis,46.0,0.0,3.0
1975,NWE,Russ Francis,Russ,Francis,TE,81.0,22,78,240,Oregon,4/3/1953,Rook,14,11,6.0,1975.0,0,0,0,TE,TE,russ_francis,46.0,0.0,3.0
1975,NWE,Bob Windsor,Bob,Windsor,TE,86.0,33,76,220,Kentucky,12/19/1942,8,14,3,1.0,1966.0,0,0,0,TE,TE,bob_windsor,23.0,0.0,0.0
1975,NWE,Bob Windsor,Bob,Windsor,TE,86.0,33,76,220,Kentucky,12/19/1942,8,14,3,1.0,1966.0,0,0,0,TE,TE,bob_windsor,23.0,0.0,0.0
1975,NYG,Bob Tucker,Bob,Tucker,TE,38.0,30,75,230,Bloomsburg,6/8/1945,5,14,14,5.0,,0,0,0,TE,TE,bob_tucker,0.0,0.0,0.0
1975,NYG,Bob Tucker,Bob,Tucker,TE,38.0,30,75,230,Bloomsburg,6/8/1945,5,14,14,5.0,,0,0,0,TE,TE,bob_tucker,0.0,0.0,0.0
1975,NYG,Jim Obradovich,Jim,Obradovich,TE,89.0,22,74,225,USC,4/2/1953,Rook,14,1,2.0,1975.0,0,0,0,TE,TE,jim_obradovich,6.0,0.0,0.0
1975,NYG,Jim Obradovich,Jim,Obradovich,TE,89.0,22,74,225,USC,4/2/1953,Rook,14,1,2.0,1975.0,0,0,0,TE,TE,jim_obradovich,6.0,0.0,0.0
1975,NYJ,Rich Caster,Rich,Caster,TE,88.0,27,77,228,Jackson St.,10/16/1948,5,14,14,10.0,1970.0,0,0,0,TE,TE,rich_caster,55.0,0.0,3.0
1975,NYJ,Rich Caster,Rich,Caster,TE,88.0,27,77,228,Jackson St.,10/16/1948,5,14,14,10.0,1970.0,0,0,0,TE,TE,rich_caster,55.0,0.0,3.0
1975,NYJ,Willie Brister,Willie,Brister,TE,86.0,23,76,236,Southern,1/28/1952,1,12,1,0.0,1974.0,0,0,0,TE,TE,willie_brister,1.0,0.0,0.0
1975,NYJ,Willie Brister,Willie,Brister,TE,86.0,23,76,236,Southern,1/28/1952,1,12,1,0.0,1974.0,0,0,0,TE,TE,willie_brister,1.0,0.0,0.0
1975,OTI,Mack Alston,Mack,Alston,TE,82.0,28,74,230,MD-Eastern Shore,4/27/1947,5,13,11,2.0,1970.0,0,0,0,TE,TE,mack_alston,12.0,0.0,0.0
1975,OTI,John Sawyer,John,Sawyer,TE,81.0,22,74,230,Southern Miss,7/26/1953,Rook,8,3,2.0,1975.0,0,0,0,TE,TE,john_sawyer,14.0,0.0,0.0
1975,OTI,Mack Alston,Mack,Alston,TE,82.0,28,74,230,MD-Eastern Shore,4/27/1947,5,13,11,2.0,1970.0,0,0,0,TE,TE,mack_alston,12.0,0.0,0.0
1975,OTI,John Sawyer,John,Sawyer,TE,81.0,22,74,230,Southern Miss,7/26/1953,Rook,8,3,2.0,1975.0,0,0,0,TE,TE,john_sawyer,14.0,0.0,0.0
1975,OTI,Mack Alston,Mack,Alston,TE,82.0,28,74,230,MD-Eastern Shore,4/27/1947,5,13,11,2.0,1970.0,0,0,0,TE,TE,mack_alston,12.0,0.0,0.0
1975,OTI,John Sawyer,John,Sawyer,TE,81.0,22,74,230,Southern Miss,7/26/1953,Rook,8,3,2.0,1975.0,0,0,0,TE,TE,john_sawyer,14.0,0.0,0.0
1975,OTI,Mack Alston,Mack,Alston,TE,82.0,28,74,230,MD-Eastern Shore,4/27/1947,5,13,11,2.0,1970.0,0,0,0,TE,TE,mack_alston,12.0,0.0,0.0
1975,OTI,John Sawyer,John,Sawyer,TE,81.0,22,74,230,Southern Miss,7/26/1953,Rook,8,3,2.0,1975.0,0,0,0,TE,TE,john_sawyer,14.0,0.0,0.0
1975,OTI,Willie Frazier,Willie,Frazier,TE,83.0,33,76,245,Ark-Pine Bluff,6/19/1942,11,5,0,0.0,,0,0,0,TE,TE,willie_frazier,0.0,0.0,0.0
1975,OTI,Willie Frazier,Willie,Frazier,TE,83.0,33,76,245,Ark-Pine Bluff,6/19/1942,11,5,0,0.0,,0,0,0,TE,TE,willie_frazier,0.0,0.0,0.0
1975,OTI,Willie Frazier,Willie,Frazier,TE,83.0,33,76,245,Ark-Pine Bluff,6/19/1942,11,5,0,0.0,,0,0,0,TE,TE,willie_frazier,0.0,0.0,0.0
1975,OTI,Willie Frazier,Willie,Frazier,TE,83.0,33,76,245,Ark-Pine Bluff,6/19/1942,11,5,0,0.0,,0,0,0,TE,TE,willie_frazier,0.0,0.0,0.0
1975,PHI,Charle Young,Charle,Young,TE,86.0,24,76,234,USC,2/5/1951,2,14,14,7.0,1973.0,0,0,0,TE,TE,charle_young,47.0,1.0,3.0
1975,PHI,Charle Young,Charle,Young,TE,86.0,24,76,234,USC,2/5/1951,2,14,14,7.0,1973.0,0,0,0,TE,TE,charle_young,47.0,1.0,3.0
1975,PHI,Keith Krepfle,Keith,Krepfle,TE,84.0,23,75,227,Iowa St.,2/4/1952,1,14,0,0.0,1974.0,0,0,0,TE,TE,keith_krepfle,25.0,0.0,0.0
1975,PHI,Keith Krepfle,Keith,Krepfle,TE,84.0,23,75,227,Iowa St.,2/4/1952,1,14,0,0.0,1974.0,0,0,0,TE,TE,keith_krepfle,25.0,0.0,0.0
1975,PIT,Larry Brown,Larry,Brown,TE,87.0,26,76,246,Kansas,6/16/1949,4,14,13,4.0,1971.0,0,0,0,TE,TE,larry_brown,0.0,0.0,0.0
1975,PIT,Larry Brown,Larry,Brown,TE,87.0,26,76,246,Kansas,6/16/1949,4,14,13,4.0,1971.0,0,0,0,TE,TE,larry_brown,81.0,2.0,4.0
1975,PIT,Larry Brown,Larry,Brown,TE,87.0,26,76,246,Kansas,6/16/1949,4,14,13,4.0,1971.0,0,0,0,TE,TE,larry_brown,52.0,0.0,1.0
1975,PIT,Larry Brown,Larry,Brown,TE,87.0,26,76,246,Kansas,6/16/1949,4,14,13,4.0,1971.0,0,0,0,TE,TE,larry_brown,1.0,0.0,0.0
1975,PIT,Larry Brown,Larry,Brown,TE,87.0,26,76,246,Kansas,6/16/1949,4,14,13,4.0,1971.0,0,0,0,TE,TE,larry_brown,31.0,0.0,0.0
1975,PIT,Larry Brown,Larry,Brown,TE,87.0,26,76,246,Kansas,6/16/1949,4,14,13,4.0,1971.0,0,0,0,TE,TE,larry_brown,0.0,0.0,0.0
1975,PIT,Larry Brown,Larry,Brown,TE,87.0,26,76,246,Kansas,6/16/1949,4,14,13,4.0,1971.0,0,0,0,TE,TE,larry_brown,0.0,0.0,0.0
1975,PIT,Larry Brown,Larry,Brown,TE,87.0,26,76,246,Kansas,6/16/1949,4,14,13,4.0,1971.0,0,0,0,TE,TE,larry_brown,81.0,2.0,4.0
1975,PIT,Larry Brown,Larry,Brown,TE,87.0,26,76,246,Kansas,6/16/1949,4,14,13,4.0,1971.0,0,0,0,TE,TE,larry_brown,52.0,0.0,1.0
1975,PIT,Larry Brown,Larry,Brown,TE,87.0,26,76,246,Kansas,6/16/1949,4,14,13,4.0,1971.0,0,0,0,TE,TE,larry_brown,1.0,0.0,0.0
1975,PIT,Larry Brown,Larry,Brown,TE,87.0,26,76,246,Kansas,6/16/1949,4,14,13,4.0,1971.0,0,0,0,TE,TE,larry_brown,31.0,0.0,0.0
1975,PIT,Larry Brown,Larry,Brown,TE,87.0,26,76,246,Kansas,6/16/1949,4,14,13,4.0,1971.0,0,0,0,TE,TE,larry_brown,0.0,0.0,0.0
1975,PIT,Randy Grossman,Randy,Grossman,TE,84.0,23,73,218,Temple,9/20/1952,1,14,1,2.0,,0,0,0,TE,TE,randy_grossman,0.0,0.0,0.0
1975,PIT,Randy Grossman,Randy,Grossman,TE,84.0,23,73,218,Temple,9/20/1952,1,14,1,2.0,,0,0,0,TE,TE,randy_grossman,0.0,0.0,0.0
1975,RAI,Bob Moore,Bob,Moore,TE,88.0,26,75,220,Stanford,2/12/1949,4,14,14,2.0,1971.0,0,0,0,TE,TE,bob_moore,14.0,0.0,0.0
1975,RAI,Bob Moore,Bob,Moore,TE,88.0,26,75,220,Stanford,2/12/1949,4,14,14,2.0,1971.0,0,0,0,TE,TE,bob_moore,14.0,0.0,0.0
1975,RAI,Dave Casper,Dave,Casper,TE,87.0,23,76,240,Notre Dame,2/2/1952,1,14,0,1.0,1974.0,0,0,0,TE,TE,dave_casper,52.0,4.0,5.0
1975,RAI,Dave Casper,Dave,Casper,TE,87.0,23,76,240,Notre Dame,2/2/1952,1,14,0,1.0,1974.0,0,0,0,TE,TE,dave_casper,52.0,4.0,5.0
1975,RAI,Warren Bankston,Warren,Bankston,TE,46.0,28,76,235,Tulane,7/22/1947,6,14,0,0.0,1969.0,0,0,0,TE,TE,warren_bankston,8.0,0.0,0.0
1975,RAI,Ted Kwalick,Ted,Kwalick,TE,89.0,28,76,226,Penn St.,4/15/1947,6,6,0,0.0,1969.0,0,0,0,TE,TE,ted_kwalick,30.0,1.0,3.0
1975,RAI,Warren Bankston,Warren,Bankston,TE,46.0,28,76,235,Tulane,7/22/1947,6,14,0,0.0,1969.0,0,0,0,TE,TE,warren_bankston,8.0,0.0,0.0
1975,RAI,Ted Kwalick,Ted,Kwalick,TE,89.0,28,76,226,Penn St.,4/15/1947,6,6,0,0.0,1969.0,0,0,0,TE,TE,ted_kwalick,30.0,1.0,3.0
1975,RAM,Bob Klein,Bob,Klein,TE,80.0,28,77,235,USC,7/27/1947,6,11,11,3.0,1969.0,0,0,0,TE,TE,bob_klein,30.0,0.0,0.0
1975,RAM,Bob Klein,Bob,Klein,TE,80.0,28,77,235,USC,7/27/1947,6,11,11,3.0,1969.0,0,0,0,TE,TE,bob_klein,30.0,0.0,0.0
1975,RAM,Terry Nelson,Terry,Nelson,TE,83.0,24,74,233,Ark-Pine Bluff,5/20/1951,2,14,3,0.0,1973.0,0,0,0,TE,TE,terry_nelson,13.0,0.0,0.0
1975,RAM,Terry Nelson,Terry,Nelson,TE,83.0,24,74,233,Ark-Pine Bluff,5/20/1951,2,14,3,0.0,1973.0,0,0,0,TE,TE,terry_nelson,13.0,0.0,0.0
1975,SDG,Pat Curran,Pat,Curran,TE,82.0,30,76,238,"Iowa St.,Lakeland",9/21/1945,6,14,14,6.0,1969.0,0,0,0,TE,TE,pat_curran,13.0,0.0,0.0
1975,SDG,Pat Curran,Pat,Curran,TE,82.0,30,76,238,"Iowa St.,Lakeland",9/21/1945,6,14,14,6.0,1969.0,0,0,0,TE,TE,pat_curran,13.0,0.0,0.0
1975,SDG,Chuck Bradley,Chuck,Bradley,TE,88.0,25,78,243,Oregon,10/13/1950,Rook,4,0,0.0,1973.0,0,0,0,TE,TE,chuck_bradley,0.0,0.0,0.0
1975,SDG,Chuck Bradley,Chuck,Bradley,TE,88.0,25,78,243,Oregon,10/13/1950,Rook,4,0,0.0,1973.0,0,0,0,TE,TE,chuck_bradley,0.0,0.0,0.0
1975,SDG,Craig Cotton,Craig,Cotton,TE,88.0,28,77,216,Youngstown St.,7/7/1947,6,9,0,0.0,1969.0,0,0,0,TE,TE,craig_cotton,5.0,0.0,0.0
1975,SDG,Chuck Bradley,Chuck,Bradley,TE,88.0,25,78,243,Oregon,10/13/1950,Rook,4,0,0.0,1973.0,0,0,0,TE,TE,chuck_bradley,0.0,0.0,0.0
1975,SDG,Chuck Bradley,Chuck,Bradley,TE,88.0,25,78,243,Oregon,10/13/1950,Rook,4,0,0.0,1973.0,0,0,0,TE,TE,chuck_bradley,0.0,0.0,0.0
1975,SDG,Craig Cotton,Craig,Cotton,TE,88.0,28,77,216,Youngstown St.,7/7/1947,6,9,0,0.0,1969.0,0,0,0,TE,TE,craig_cotton,5.0,0.0,0.0
1975,SFO,Tom Mitchell,Tom,Mitchell,TE,84.0,31,74,215,Bucknell,8/22/1944,9,13,12,4.0,1966.0,0,0,0,TE,TE,tom_mitchell,30.0,0.0,0.0
1975,SFO,Tom Mitchell,Tom,Mitchell,TE,84.0,31,74,215,Bucknell,8/22/1944,9,13,12,4.0,1966.0,0,0,0,TE,TE,tom_mitchell,30.0,0.0,0.0
1975,SFO,Bill Larson,Bill,Larson,TE,85.0,22,76,225,Colorado St.,10/7/1953,Rook,14,2,1.0,,0,0,0,TE,TE,bill_larson,0.0,0.0,0.0
1975,SFO,Bill Larson,Bill,Larson,TE,85.0,22,76,225,Colorado St.,10/7/1953,Rook,14,2,1.0,,0,0,0,TE,TE,bill_larson,0.0,0.0,0.0
1975,SFO,Len Garrett,Len,Garrett,TE,82.0,28,75,230,New Mex. Highlands,12/18/1947,4,2,0,0.0,1971.0,0,0,0,TE,TE,len_garrett,1.0,0.0,0.0
1975,SFO,Len Garrett,Len,Garrett,TE,82.0,28,75,230,New Mex. Highlands,12/18/1947,4,2,0,0.0,1971.0,0,0,0,TE,TE,len_garrett,1.0,0.0,0.0
1975,WAS,Jerry Smith,Jerry,Smith,TE,87.0,32,75,208,Arizona St.,7/19/1943,10,14,14,4.0,1965.0,0,0,0,TE,TE,jerry_smith,0.0,0.0,0.0
1975,WAS,Jerry Smith,Jerry,Smith,TE,87.0,32,75,208,Arizona St.,7/19/1943,10,14,14,4.0,1965.0,0,0,0,TE,TE,jerry_smith,56.0,1.0,2.0
1975,WAS,Jerry Smith,Jerry,Smith,TE,87.0,32,75,208,Arizona St.,7/19/1943,10,14,14,4.0,1965.0,0,0,0,TE,TE,jerry_smith,0.0,0.0,0.0
1975,WAS,Jerry Smith,Jerry,Smith,TE,87.0,32,75,208,Arizona St.,7/19/1943,10,14,14,4.0,1965.0,0,0,0,TE,TE,jerry_smith,56.0,1.0,2.0
1975,WAS,Alvin Reed,Alvin,Reed,TE,88.0,31,77,235,Prairie View A&M,8/1/1944,8,14,0,0.0,,0,0,0,TE,TE,alvin_reed,0.0,0.0,1.0
1975,WAS,Alvin Reed,Alvin,Reed,TE,88.0,31,77,235,Prairie View A&M,8/1/1944,8,14,0,0.0,,0,0,0,TE,TE,alvin_reed,0.0,0.0,1.0
1976,ATL,Jim Mitchell,Jim,Mitchell,TE,86.0,29,73,234,Prairie View A&M,10/19/1947,7,14,14,2.0,1969.0,0,0,0,TE,TE,jim_mitchell,39.0,0.0,2.0
1976,ATL,Jim Mitchell,Jim,Mitchell,TE,86.0,29,73,234,Prairie View A&M,10/19/1947,7,14,14,2.0,1969.0,0,0,0,TE,TE,jim_mitchell,35.0,0.0,0.0
1976,ATL,Jim Mitchell,Jim,Mitchell,TE,86.0,29,73,234,Prairie View A&M,10/19/1947,7,14,14,2.0,1969.0,0,0,0,TE,TE,jim_mitchell,39.0,0.0,2.0
1976,ATL,Jim Mitchell,Jim,Mitchell,TE,86.0,29,73,234,Prairie View A&M,10/19/1947,7,14,14,2.0,1969.0,0,0,0,TE,TE,jim_mitchell,35.0,0.0,0.0
1976,ATL,Bob Adams,Bob,Adams,TE,81.0,30,74,225,Pacific,8/15/1946,7,13,0,0.0,,0,0,0,TE,TE,bob_adams,0.0,0.0,0.0
1976,ATL,Bob Adams,Bob,Adams,TE,81.0,30,74,225,Pacific,8/15/1946,7,13,0,0.0,,0,0,0,TE,TE,bob_adams,0.0,0.0,0.0
1976,ATL,Bob Adams,Bob,Adams,TE,81.0,30,74,225,Pacific,8/15/1946,7,13,0,0.0,,0,0,0,TE,TE,bob_adams,0.0,0.0,0.0
1976,ATL,Bob Adams,Bob,Adams,TE,81.0,30,74,225,Pacific,8/15/1946,7,13,0,0.0,,0,0,0,TE,TE,bob_adams,0.0,0.0,0.0
1976,BUF,Paul Seymour,Paul,Seymour,TE,87.0,26,77,252,Michigan,2/6/1950,3,13,13,2.0,1973.0,0,0,0,TE,TE,paul_seymour,11.0,0.0,0.0
1976,BUF,Paul Seymour,Paul,Seymour,TE,87.0,26,77,252,Michigan,2/6/1950,3,13,13,2.0,1973.0,0,0,0,TE,TE,paul_seymour,11.0,0.0,0.0
1976,BUF,Fred Coleman,Fred,Coleman,TE,85.0,23,76,240,La-Monroe,6/26/1953,Rook,7,0,0.0,1976.0,0,0,0,TE,TE,fred_coleman,0.0,0.0,0.0
1976,BUF,Fred Coleman,Fred,Coleman,TE,85.0,23,76,240,La-Monroe,6/26/1953,Rook,7,0,0.0,1976.0,0,0,0,TE,TE,fred_coleman,1.0,0.0,0.0
1976,BUF,Fred Coleman,Fred,Coleman,TE,85.0,23,76,240,La-Monroe,6/26/1953,Rook,7,0,0.0,1976.0,0,0,0,TE,TE,fred_coleman,0.0,0.0,0.0
1976,BUF,Fred Coleman,Fred,Coleman,TE,85.0,23,76,240,La-Monroe,6/26/1953,Rook,7,0,0.0,1976.0,0,0,0,TE,TE,fred_coleman,1.0,0.0,0.0
1976,CHI,Greg Latta,Greg,Latta,TE,88.0,24,75,227,Morgan St.,10/13/1952,1,14,14,3.0,1974.0,0,0,0,TE,TE,greg_latta,12.0,0.0,0.0
1976,CHI,Greg Latta,Greg,Latta,TE,88.0,24,75,227,Morgan St.,10/13/1952,1,14,14,3.0,1974.0,0,0,0,TE,TE,greg_latta,12.0,0.0,0.0
1976,CIN,Bob Trumpy,Bob,Trumpy,TE,84.0,31,78,228,"Illinois,Utah",3/6/1945,8,13,13,5.0,1968.0,0,0,0,TE,TE,bob_trumpy,49.0,1.0,4.0
1976,CIN,Bob Trumpy,Bob,Trumpy,TE,84.0,31,78,228,"Illinois,Utah",3/6/1945,8,13,13,5.0,1968.0,0,0,0,TE,TE,bob_trumpy,49.0,1.0,4.0
1976,CIN,Bruce Coslet,Bruce,Coslet,TE,88.0,30,76,227,Pacific,8/5/1946,7,14,1,1.0,,0,0,0,TE,TE,bruce_coslet,0.0,0.0,0.0
1976,CIN,Bruce Coslet,Bruce,Coslet,TE,88.0,30,76,227,Pacific,8/5/1946,7,14,1,1.0,,0,0,0,TE,TE,bruce_coslet,0.0,0.0,0.0
1976,CLE,Oscar Roan,Oscar,Roan,TE,81.0,25,78,215,"UCLA,SMU",10/17/1951,1,11,11,2.0,1975.0,0,0,0,TE,TE,oscar_roan,8.0,0.0,0.0
1976,CLE,Oscar Roan,Oscar,Roan,TE,81.0,25,78,215,"UCLA,SMU",10/17/1951,1,11,11,2.0,1975.0,0,0,0,TE,TE,oscar_roan,8.0,0.0,0.0
1976,CLE,Gary Parris,Gary,Parris,TE,84.0,26,74,226,Florida St.,6/13/1950,3,14,3,1.0,1973.0,0,0,0,TE,TE,gary_parris,6.0,0.0,0.0
1976,CLE,Gary Parris,Gary,Parris,TE,84.0,26,74,226,Florida St.,6/13/1950,3,14,3,1.0,1973.0,0,0,0,TE,TE,gary_parris,6.0,0.0,0.0
1976,CLT,Raymond Chester,Raymond,Chester,TE,87.0,28,75,232,Morgan St.,6/28/1948,6,14,14,8.0,1970.0,0,0,0,TE,TE,raymond_chester,52.0,0.0,4.0
1976,CLT,Raymond Chester,Raymond,Chester,TE,87.0,28,75,232,Morgan St.,6/28/1948,6,14,14,8.0,1970.0,0,0,0,TE,TE,raymond_chester,52.0,0.0,4.0
1976,CLT,Jimmie Kennedy,Jimmie,Kennedy,TE,85.0,24,75,231,"Hiram,Colorado St.",7/30/1952,1,14,0,1.0,1974.0,0,0,0,TE,TE,jimmie_kennedy,1.0,0.0,0.0
1976,CLT,Jimmie Kennedy,Jimmie,Kennedy,TE,85.0,24,75,231,"Hiram,Colorado St.",7/30/1952,1,14,0,1.0,1974.0,0,0,0,TE,TE,jimmie_kennedy,1.0,0.0,0.0
1976,CRD,J.V. Cain,J.V.,Cain,TE,88.0,25,76,224,Colorado,7/22/1951,2,14,14,5.0,1974.0,0,0,0,TE,TE,j.v._cain,12.0,0.0,0.0
1976,CRD,J.V. Cain,J.V.,Cain,TE,88.0,25,76,224,Colorado,7/22/1951,2,14,14,5.0,1974.0,0,0,0,TE,TE,j.v._cain,12.0,0.0,0.0
1976,CRD,Jackie Smith,Jackie,Smith,TE,81.0,36,76,235,Northwestern St. (LA),2/23/1940,13,12,0,0.0,1963.0,0,0,0,TE,TE,jackie_smith,74.0,0.0,5.0
1976,CRD,Jackie Smith,Jackie,Smith,TE,81.0,36,76,235,Northwestern St. (LA),2/23/1940,13,12,0,0.0,1963.0,0,0,0,TE,TE,jackie_smith,74.0,0.0,5.0
1976,DAL,Billy Joe DuPree,Billy,Joe DuPree,TE,89.0,26,76,225,Michigan St.,3/7/1950,3,14,14,9.0,1973.0,0,0,0,TE,TE,billy_joe dupree,0.0,0.0,0.0
1976,DAL,Billy Joe DuPree,Billy,Joe DuPree,TE,89.0,26,76,225,Michigan St.,3/7/1950,3,14,14,9.0,1973.0,0,0,0,TE,TE,billy_joe dupree,0.0,0.0,0.0
1976,DAL,Jay Saldi,Jay,Saldi,TE,87.0,22,75,225,South Carolina,10/8/1954,Rook,13,3,0.0,,0,0,0,TE,TE,jay_saldi,0.0,0.0,0.0
1976,DAL,Jay Saldi,Jay,Saldi,TE,87.0,22,75,225,South Carolina,10/8/1954,Rook,13,3,0.0,,0,0,0,TE,TE,jay_saldi,0.0,0.0,0.0
1976,DEN,Riley Odoms,Riley,Odoms,TE,88.0,26,76,230,Houston,3/1/1950,4,14,14,7.0,1972.0,0,0,0,TE,TE,riley_odoms,54.0,2.0,4.0
1976,DEN,Riley Odoms,Riley,Odoms,TE,88.0,26,76,230,Houston,3/1/1950,4,14,14,7.0,1972.0,0,0,0,TE,TE,riley_odoms,54.0,2.0,4.0
1976,DEN,Boyd Brown,Boyd,Brown,TE,87.0,24,76,222,Alcorn St.,5/24/1952,2,14,0,0.0,1974.0,0,0,0,TE,TE,boyd_brown,0.0,0.0,0.0
1976,DEN,Boyd Brown,Boyd,Brown,TE,87.0,24,76,222,Alcorn St.,5/24/1952,2,14,0,0.0,1974.0,0,0,0,TE,TE,boyd_brown,0.0,0.0,0.0
1976,DET,Charlie Sanders,Charlie,Sanders,TE,88.0,30,76,225,Minnesota,8/25/1946,8,13,13,6.0,1968.0,0,0,0,TE,TE,charlie_sanders,52.0,2.0,7.0
1976,DET,Charlie Sanders,Charlie,Sanders,TE,88.0,30,76,225,Minnesota,8/25/1946,8,13,13,6.0,1968.0,0,0,0,TE,TE,charlie_sanders,52.0,2.0,7.0
1976,DET,David Hill,David,Hill,TE,81.0,22,74,229,Texas A&M-Kingsville,1/1/1954,Rook,14,1,3.0,1976.0,0,0,0,TE,TE,david_hill,34.0,0.0,2.0
1976,DET,David Hill,David,Hill,TE,81.0,22,74,229,Texas A&M-Kingsville,1/1/1954,Rook,14,1,3.0,1976.0,0,0,0,TE,TE,david_hill,34.0,0.0,2.0
1976,GNB,Bert Askson,Bert,Askson,TE,88.0,31,75,223,Texas Southern,12/16/1945,5,14,0,3.0,1970.0,0,0,0,TE,TE,bert_askson,11.0,0.0,0.0
1976,GNB,Rich McGeorge,Rich,McGeorge,TE,81.0,28,76,235,Elon,9/14/1948,6,14,14,3.0,1970.0,0,0,0,TE,TE,rich_mcgeorge,25.0,0.0,0.0
1976,GNB,Bert Askson,Bert,Askson,TE,88.0,31,75,223,Texas Southern,12/16/1945,5,14,0,3.0,1970.0,0,0,0,TE,TE,bert_askson,11.0,0.0,0.0
1976,GNB,Rich McGeorge,Rich,McGeorge,TE,81.0,28,76,235,Elon,9/14/1948,6,14,14,3.0,1970.0,0,0,0,TE,TE,rich_mcgeorge,25.0,0.0,0.0
1976,KAN,Walter White,Walter,White,TE,88.0,25,75,216,"Colorado Mesa,Maryland",7/19/1951,1,14,5,9.0,1975.0,0,0,0,TE,TE,walter_white,24.0,0.0,0.0
1976,KAN,Walter White,Walter,White,TE,88.0,25,75,216,"Colorado Mesa,Maryland",7/19/1951,1,14,5,9.0,1975.0,0,0,0,TE,TE,walter_white,24.0,0.0,0.0
1976,KAN,Billy Masters,Billy,Masters,TE,84.0,32,77,240,LSU,3/15/1944,9,10,9,3.0,1967.0,0,0,0,TE,TE,billy_masters,21.0,0.0,0.0
1976,KAN,Billy Masters,Billy,Masters,TE,84.0,32,77,240,LSU,3/15/1944,9,10,9,3.0,1967.0,0,0,0,TE,TE,billy_masters,21.0,0.0,0.0
1976,MIA,Jim Mandich,Jim,Mandich,TE,88.0,28,74,224,Michigan,7/30/1948,6,14,3,4.0,1970.0,0,0,0,TE,TE,jim_mandich,22.0,0.0,0.0
1976,MIA,Jim Mandich,Jim,Mandich,TE,88.0,28,74,224,Michigan,7/30/1948,6,14,3,4.0,1970.0,0,0,0,TE,TE,jim_mandich,22.0,0.0,0.0
1976,MIA,Andre Tillman,Andre,Tillman,TE,87.0,24,76,230,Texas Tech,11/1/1952,1,14,14,2.0,1974.0,0,0,0,TE,TE,andre_tillman,11.0,0.0,0.0
1976,MIA,Andre Tillman,Andre,Tillman,TE,87.0,24,76,230,Texas Tech,11/1/1952,1,14,14,2.0,1974.0,0,0,0,TE,TE,andre_tillman,11.0,0.0,0.0
1976,MIA,Loaird McCreary,Loaird,McCreary,TE,80.0,23,77,227,Tennessee St.,3/15/1953,Rook,14,0,1.0,1976.0,0,0,0,TE,TE,loaird_mccreary,1.0,0.0,0.0
1976,MIA,Loaird McCreary,Loaird,McCreary,TE,80.0,23,77,227,Tennessee St.,3/15/1953,Rook,14,0,1.0,1976.0,0,0,0,TE,TE,loaird_mccreary,1.0,0.0,0.0
1976,MIN,Stu Voigt,Stu,Voigt,TE,83.0,28,73,223,Wisconsin,8/12/1948,6,14,14,4.0,1970.0,0,0,0,TE,TE,stu_voigt,21.0,0.0,0.0
1976,MIN,Stu Voigt,Stu,Voigt,TE,83.0,28,73,223,Wisconsin,8/12/1948,6,14,14,4.0,1970.0,0,0,0,TE,TE,stu_voigt,21.0,0.0,0.0
1976,MIN,Steve Craig,Steve,Craig,TE,84.0,25,75,231,Northwestern,3/13/1951,2,14,0,0.0,1974.0,0,0,0,TE,TE,steve_craig,1.0,0.0,0.0
1976,MIN,Steve Craig,Steve,Craig,TE,84.0,25,75,231,Northwestern,3/13/1951,2,14,0,0.0,1974.0,0,0,0,TE,TE,steve_craig,1.0,0.0,0.0
1976,NOR,Henry Childs,Henry,Childs,TE,85.0,25,74,223,Kansas St.,4/16/1951,2,14,11,4.0,1974.0,0,0,0,TE,TE,henry_childs,34.0,0.0,1.0
1976,NOR,Henry Childs,Henry,Childs,TE,85.0,25,74,223,Kansas St.,4/16/1951,2,14,11,4.0,1974.0,0,0,0,TE,TE,henry_childs,34.0,0.0,1.0
1976,NOR,Paul Seal,Paul,Seal,TE,84.0,24,76,222,Michigan,2/27/1952,2,14,3,1.0,1974.0,0,0,0,TE,TE,paul_seal,14.0,0.0,0.0
1976,NOR,Jim Thaxton,Jim,Thaxton,TE,86.0,27,74,240,Tennessee St.,1/11/1949,3,11,1,1.0,1973.0,0,0,0,TE,TE,jim_thaxton,6.0,0.0,0.0
1976,NOR,Paul Seal,Paul,Seal,TE,84.0,24,76,222,Michigan,2/27/1952,2,14,3,1.0,1974.0,0,0,0,TE,TE,paul_seal,14.0,0.0,0.0
1976,NOR,Jim Thaxton,Jim,Thaxton,TE,86.0,27,74,240,Tennessee St.,1/11/1949,3,11,1,1.0,1973.0,0,0,0,TE,TE,jim_thaxton,6.0,0.0,0.0
1976,NWE,Russ Francis,Russ,Francis,TE,81.0,23,78,240,Oregon,4/3/1953,1,13,12,6.0,1975.0,0,0,0,TE,TE,russ_francis,46.0,0.0,3.0
1976,NWE,Russ Francis,Russ,Francis,TE,81.0,23,78,240,Oregon,4/3/1953,1,13,12,6.0,1975.0,0,0,0,TE,TE,russ_francis,46.0,0.0,3.0
1976,NWE,Al Chandler,Al,Chandler,TE,87.0,26,74,233,Oklahoma,11/18/1950,3,14,3,1.0,1973.0,0,0,0,TE,TE,al_chandler,3.0,0.0,0.0
1976,NWE,Al Chandler,Al,Chandler,TE,87.0,26,74,233,Oklahoma,11/18/1950,3,14,3,1.0,1973.0,0,0,0,TE,TE,al_chandler,3.0,0.0,0.0
1976,NYG,Bob Tucker,Bob,Tucker,TE,38.0,31,75,230,Bloomsburg,6/8/1945,6,14,14,5.0,,0,0,0,TE,TE,bob_tucker,0.0,0.0,0.0
1976,NYG,Bob Tucker,Bob,Tucker,TE,38.0,31,75,230,Bloomsburg,6/8/1945,6,14,14,5.0,,0,0,0,TE,TE,bob_tucker,0.0,0.0,0.0
1976,NYG,Gary Shirk,Gary,Shirk,TE,87.0,26,73,220,Morehead St.,2/23/1950,1,14,1,0.0,,0,0,0,TE,TE,gary_shirk,0.0,0.0,0.0
1976,NYG,Gary Shirk,Gary,Shirk,TE,87.0,26,73,220,Morehead St.,2/23/1950,1,14,1,0.0,,0,0,0,TE,TE,gary_shirk,0.0,0.0,0.0
1976,NYJ,Rich Caster,Rich,Caster,TE,88.0,28,77,228,Jackson St.,10/16/1948,6,14,14,4.0,1970.0,0,0,0,TE,TE,rich_caster,55.0,0.0,3.0
1976,NYJ,Rich Caster,Rich,Caster,TE,88.0,28,77,228,Jackson St.,10/16/1948,6,14,14,4.0,1970.0,0,0,0,TE,TE,rich_caster,55.0,0.0,3.0
1976,NYJ,Richard Osborne,Richard,Osborne,TE,86.0,23,75,230,Texas A&M,10/31/1953,Rook,9,1,0.0,1976.0,0,0,0,TE,TE,richard_osborne,2.0,0.0,0.0
1976,NYJ,Richard Osborne,Richard,Osborne,TE,86.0,23,75,230,Texas A&M,10/31/1953,Rook,9,1,0.0,1976.0,0,0,0,TE,TE,richard_osborne,2.0,0.0,0.0
1976,OTI,Mack Alston,Mack,Alston,TE,82.0,29,74,230,MD-Eastern Shore,4/27/1947,6,14,10,2.0,1970.0,0,0,0,TE,TE,mack_alston,12.0,0.0,0.0
1976,OTI,John Sawyer,John,Sawyer,TE,81.0,23,74,230,Southern Miss,7/26/1953,1,14,4,2.0,1975.0,0,0,0,TE,TE,john_sawyer,14.0,0.0,0.0
1976,OTI,Mack Alston,Mack,Alston,TE,82.0,29,74,230,MD-Eastern Shore,4/27/1947,6,14,10,2.0,1970.0,0,0,0,TE,TE,mack_alston,12.0,0.0,0.0
1976,OTI,John Sawyer,John,Sawyer,TE,81.0,23,74,230,Southern Miss,7/26/1953,1,14,4,2.0,1975.0,0,0,0,TE,TE,john_sawyer,14.0,0.0,0.0
1976,OTI,Mack Alston,Mack,Alston,TE,82.0,29,74,230,MD-Eastern Shore,4/27/1947,6,14,10,2.0,1970.0,0,0,0,TE,TE,mack_alston,12.0,0.0,0.0
1976,OTI,John Sawyer,John,Sawyer,TE,81.0,23,74,230,Southern Miss,7/26/1953,1,14,4,2.0,1975.0,0,0,0,TE,TE,john_sawyer,14.0,0.0,0.0
1976,OTI,Mack Alston,Mack,Alston,TE,82.0,29,74,230,MD-Eastern Shore,4/27/1947,6,14,10,2.0,1970.0,0,0,0,TE,TE,mack_alston,12.0,0.0,0.0
1976,OTI,John Sawyer,John,Sawyer,TE,81.0,23,74,230,Southern Miss,7/26/1953,1,14,4,2.0,1975.0,0,0,0,TE,TE,john_sawyer,14.0,0.0,0.0
1976,OTI,Mike Barber,Mike,Barber,TE,86.0,23,75,235,Louisiana Tech,6/4/1953,Rook,2,0,0.0,1976.0,0,0,0,TE,TE,mike_barber,27.0,0.0,0.0
1976,OTI,Mike Barber,Mike,Barber,TE,86.0,23,75,235,Louisiana Tech,6/4/1953,Rook,2,0,0.0,1976.0,0,0,0,TE,TE,mike_barber,0.0,0.0,0.0
1976,OTI,Al Darby,Al,Darby,TE,87.0,22,77,221,Florida,9/14/1954,Rook,2,0,0.0,1976.0,0,0,0,TE,TE,al_darby,0.0,0.0,0.0
1976,OTI,Mike Barber,Mike,Barber,TE,86.0,23,75,235,Louisiana Tech,6/4/1953,Rook,2,0,0.0,1976.0,0,0,0,TE,TE,mike_barber,27.0,0.0,0.0
1976,OTI,Mike Barber,Mike,Barber,TE,86.0,23,75,235,Louisiana Tech,6/4/1953,Rook,2,0,0.0,1976.0,0,0,0,TE,TE,mike_barber,0.0,0.0,0.0
1976,OTI,Al Darby,Al,Darby,TE,87.0,22,77,221,Florida,9/14/1954,Rook,2,0,0.0,1976.0,0,0,0,TE,TE,al_darby,0.0,0.0,0.0
1976,OTI,Mike Barber,Mike,Barber,TE,86.0,23,75,235,Louisiana Tech,6/4/1953,Rook,2,0,0.0,1976.0,0,0,0,TE,TE,mike_barber,27.0,0.0,0.0
1976,OTI,Mike Barber,Mike,Barber,TE,86.0,23,75,235,Louisiana Tech,6/4/1953,Rook,2,0,0.0,1976.0,0,0,0,TE,TE,mike_barber,0.0,0.0,0.0
1976,OTI,Al Darby,Al,Darby,TE,87.0,22,77,221,Florida,9/14/1954,Rook,2,0,0.0,1976.0,0,0,0,TE,TE,al_darby,0.0,0.0,0.0
1976,OTI,Mike Barber,Mike,Barber,TE,86.0,23,75,235,Louisiana Tech,6/4/1953,Rook,2,0,0.0,1976.0,0,0,0,TE,TE,mike_barber,27.0,0.0,0.0
1976,OTI,Mike Barber,Mike,Barber,TE,86.0,23,75,235,Louisiana Tech,6/4/1953,Rook,2,0,0.0,1976.0,0,0,0,TE,TE,mike_barber,0.0,0.0,0.0
1976,OTI,Al Darby,Al,Darby,TE,87.0,22,77,221,Florida,9/14/1954,Rook,2,0,0.0,1976.0,0,0,0,TE,TE,al_darby,0.0,0.0,0.0
1976,PHI,Charle Young,Charle,Young,TE,86.0,25,76,234,USC,2/5/1951,3,14,14,4.0,1973.0,0,0,0,TE,TE,charle_young,47.0,1.0,3.0
1976,PHI,Charle Young,Charle,Young,TE,86.0,25,76,234,USC,2/5/1951,3,14,14,4.0,1973.0,0,0,0,TE,TE,charle_young,47.0,1.0,3.0
1976,PHI,Keith Krepfle,Keith,Krepfle,TE,84.0,24,75,227,Iowa St.,2/4/1952,1,10,1,1.0,1974.0,0,0,0,TE,TE,keith_krepfle,25.0,0.0,0.0
1976,PHI,Keith Krepfle,Keith,Krepfle,TE,84.0,24,75,227,Iowa St.,2/4/1952,1,10,1,1.0,1974.0,0,0,0,TE,TE,keith_krepfle,25.0,0.0,0.0
1976,PHI,Richard Osborne,Richard,Osborne,TE,88.0,23,75,230,Texas A&M,10/31/1953,Rook,4,0,0.0,1976.0,0,0,0,TE,TE,richard_osborne,2.0,0.0,0.0
1976,PHI,Richard Osborne,Richard,Osborne,TE,88.0,23,75,230,Texas A&M,10/31/1953,Rook,4,0,0.0,1976.0,0,0,0,TE,TE,richard_osborne,2.0,0.0,0.0
1976,PIT,Randy Grossman,Randy,Grossman,TE,84.0,24,73,218,Temple,9/20/1952,2,14,6,3.0,,0,0,0,TE,TE,randy_grossman,0.0,0.0,0.0
1976,PIT,Randy Grossman,Randy,Grossman,TE,84.0,24,73,218,Temple,9/20/1952,2,14,6,3.0,,0,0,0,TE,TE,randy_grossman,0.0,0.0,0.0
1976,PIT,Larry Brown,Larry,Brown,TE,87.0,27,76,246,Kansas,6/16/1949,5,13,8,2.0,1971.0,0,0,0,TE,TE,larry_brown,0.0,0.0,0.0
1976,PIT,Larry Brown,Larry,Brown,TE,87.0,27,76,246,Kansas,6/16/1949,5,13,8,2.0,1971.0,0,0,0,TE,TE,larry_brown,81.0,2.0,4.0
1976,PIT,Larry Brown,Larry,Brown,TE,87.0,27,76,246,Kansas,6/16/1949,5,13,8,2.0,1971.0,0,0,0,TE,TE,larry_brown,52.0,0.0,1.0
1976,PIT,Larry Brown,Larry,Brown,TE,87.0,27,76,246,Kansas,6/16/1949,5,13,8,2.0,1971.0,0,0,0,TE,TE,larry_brown,1.0,0.0,0.0
1976,PIT,Larry Brown,Larry,Brown,TE,87.0,27,76,246,Kansas,6/16/1949,5,13,8,2.0,1971.0,0,0,0,TE,TE,larry_brown,31.0,0.0,0.0
1976,PIT,Larry Brown,Larry,Brown,TE,87.0,27,76,246,Kansas,6/16/1949,5,13,8,2.0,1971.0,0,0,0,TE,TE,larry_brown,0.0,0.0,0.0
1976,PIT,Larry Brown,Larry,Brown,TE,87.0,27,76,246,Kansas,6/16/1949,5,13,8,2.0,1971.0,0,0,0,TE,TE,larry_brown,0.0,0.0,0.0
1976,PIT,Larry Brown,Larry,Brown,TE,87.0,27,76,246,Kansas,6/16/1949,5,13,8,2.0,1971.0,0,0,0,TE,TE,larry_brown,81.0,2.0,4.0
1976,PIT,Larry Brown,Larry,Brown,TE,87.0,27,76,246,Kansas,6/16/1949,5,13,8,2.0,1971.0,0,0,0,TE,TE,larry_brown,52.0,0.0,1.0
1976,PIT,Larry Brown,Larry,Brown,TE,87.0,27,76,246,Kansas,6/16/1949,5,13,8,2.0,1971.0,0,0,0,TE,TE,larry_brown,1.0,0.0,0.0
1976,PIT,Larry Brown,Larry,Brown,TE,87.0,27,76,246,Kansas,6/16/1949,5,13,8,2.0,1971.0,0,0,0,TE,TE,larry_brown,31.0,0.0,0.0
1976,PIT,Larry Brown,Larry,Brown,TE,87.0,27,76,246,Kansas,6/16/1949,5,13,8,2.0,1971.0,0,0,0,TE,TE,larry_brown,0.0,0.0,0.0
1976,PIT,Bennie Cunningham,Bennie,Cunningham,TE,89.0,22,77,254,Clemson,12/23/1954,Rook,12,0,1.0,1976.0,0,0,0,TE,TE,bennie_cunningham,30.0,0.0,0.0
1976,PIT,Bennie Cunningham,Bennie,Cunningham,TE,89.0,22,77,254,Clemson,12/23/1954,Rook,12,0,1.0,1976.0,0,0,0,TE,TE,bennie_cunningham,30.0,0.0,0.0
1976,RAI,Dave Casper,Dave,Casper,TE,87.0,24,76,240,Notre Dame,2/2/1952,2,13,13,10.0,1974.0,0,0,0,TE,TE,dave_casper,52.0,4.0,5.0
1976,RAI,Dave Casper,Dave,Casper,TE,87.0,24,76,240,Notre Dame,2/2/1952,2,13,13,10.0,1974.0,0,0,0,TE,TE,dave_casper,52.0,4.0,5.0
1976,RAI,Warren Bankston,Warren,Bankston,TE,46.0,29,76,235,Tulane,7/22/1947,7,14,1,1.0,1969.0,0,0,0,TE,TE,warren_bankston,8.0,0.0,0.0
1976,RAI,Warren Bankston,Warren,Bankston,TE,46.0,29,76,235,Tulane,7/22/1947,7,14,1,1.0,1969.0,0,0,0,TE,TE,warren_bankston,8.0,0.0,0.0
1976,RAI,Ted Kwalick,Ted,Kwalick,TE,89.0,29,76,226,Penn St.,4/15/1947,7,7,0,0.0,1969.0,0,0,0,TE,TE,ted_kwalick,30.0,1.0,3.0
1976,RAI,Ted Kwalick,Ted,Kwalick,TE,89.0,29,76,226,Penn St.,4/15/1947,7,7,0,0.0,1969.0,0,0,0,TE,TE,ted_kwalick,30.0,1.0,3.0
1976,RAM,Bob Klein,Bob,Klein,TE,80.0,29,77,235,USC,7/27/1947,7,14,14,3.0,1969.0,0,0,0,TE,TE,bob_klein,30.0,0.0,0.0
1976,RAM,Bob Klein,Bob,Klein,TE,80.0,29,77,235,USC,7/27/1947,7,14,14,3.0,1969.0,0,0,0,TE,TE,bob_klein,30.0,0.0,0.0
1976,RAM,Terry Nelson,Terry,Nelson,TE,83.0,25,74,233,Ark-Pine Bluff,5/20/1951,3,14,0,1.0,1973.0,0,0,0,TE,TE,terry_nelson,13.0,0.0,0.0
1976,RAM,Terry Nelson,Terry,Nelson,TE,83.0,25,74,233,Ark-Pine Bluff,5/20/1951,3,14,0,1.0,1973.0,0,0,0,TE,TE,terry_nelson,13.0,0.0,0.0
1976,SDG,Pat Curran,Pat,Curran,TE,82.0,31,76,238,"Iowa St.,Lakeland",9/21/1945,7,14,14,4.0,1969.0,0,0,0,TE,TE,pat_curran,13.0,0.0,0.0
1976,SDG,Pat Curran,Pat,Curran,TE,82.0,31,76,238,"Iowa St.,Lakeland",9/21/1945,7,14,14,4.0,1969.0,0,0,0,TE,TE,pat_curran,13.0,0.0,0.0
1976,SDG,Chuck Bradley,Chuck,Bradley,TE,88.0,26,78,243,Oregon,10/13/1950,1,7,0,0.0,1973.0,0,0,0,TE,TE,chuck_bradley,0.0,0.0,0.0
1976,SDG,Chuck Bradley,Chuck,Bradley,TE,88.0,26,78,243,Oregon,10/13/1950,1,7,0,0.0,1973.0,0,0,0,TE,TE,chuck_bradley,0.0,0.0,0.0
1976,SDG,Larry Mialik,Larry,Mialik,TE,83.0,26,74,226,Wisconsin,5/15/1950,4,7,0,0.0,1972.0,0,0,0,TE,TE,larry_mialik,0.0,0.0,0.0
1976,SDG,Chuck Bradley,Chuck,Bradley,TE,88.0,26,78,243,Oregon,10/13/1950,1,7,0,0.0,1973.0,0,0,0,TE,TE,chuck_bradley,0.0,0.0,0.0
1976,SDG,Chuck Bradley,Chuck,Bradley,TE,88.0,26,78,243,Oregon,10/13/1950,1,7,0,0.0,1973.0,0,0,0,TE,TE,chuck_bradley,0.0,0.0,0.0
1976,SDG,Larry Mialik,Larry,Mialik,TE,83.0,26,74,226,Wisconsin,5/15/1950,4,7,0,0.0,1972.0,0,0,0,TE,TE,larry_mialik,0.0,0.0,0.0
1976,SEA,Ron Howard,Ron,Howard,TE,87.0,25,76,229,Seattle,3/3/1951,2,14,13,4.0,,0,0,0,TE,TE,ron_howard,0.0,0.0,0.0
1976,SEA,Ron Howard,Ron,Howard,TE,87.0,25,76,229,Seattle,3/3/1951,2,14,13,4.0,,0,0,0,TE,TE,ron_howard,0.0,0.0,0.0
1976,SEA,John McMakin,John,McMakin,TE,81.0,26,75,232,Clemson,9/24/1950,4,13,1,1.0,1972.0,0,0,0,TE,TE,john_mcmakin,8.0,0.0,0.0
1976,SEA,John McMakin,John,McMakin,TE,81.0,26,75,232,Clemson,9/24/1950,4,13,1,1.0,1972.0,0,0,0,TE,TE,john_mcmakin,8.0,0.0,0.0
1976,SEA,Al Darby,Al,Darby,TE,89.0,22,77,221,Florida,9/14/1954,Rook,1,0,0.0,1976.0,0,0,0,TE,TE,al_darby,0.0,0.0,0.0
1976,SEA,Al Darby,Al,Darby,TE,89.0,22,77,221,Florida,9/14/1954,Rook,1,0,0.0,1976.0,0,0,0,TE,TE,al_darby,0.0,0.0,0.0
1976,SFO,Tom Mitchell,Tom,Mitchell,TE,84.0,32,74,215,Bucknell,8/22/1944,10,14,14,3.0,1966.0,0,0,0,TE,TE,tom_mitchell,30.0,0.0,0.0
1976,SFO,Tom Mitchell,Tom,Mitchell,TE,84.0,32,74,215,Bucknell,8/22/1944,10,14,14,3.0,1966.0,0,0,0,TE,TE,tom_mitchell,30.0,0.0,0.0
1976,SFO,Jim Obradovich,Jim,Obradovich,TE,89.0,23,74,225,USC,4/2/1953,1,14,0,0.0,1975.0,0,0,0,TE,TE,jim_obradovich,6.0,0.0,0.0
1976,SFO,Jim Obradovich,Jim,Obradovich,TE,89.0,23,74,225,USC,4/2/1953,1,14,0,0.0,1975.0,0,0,0,TE,TE,jim_obradovich,6.0,0.0,0.0
1976,TAM,Bob Moore,Bob,Moore,TE,86.0,27,75,220,Stanford,2/12/1949,5,12,10,2.0,1971.0,0,0,0,TE,TE,bob_moore,14.0,0.0,0.0
1976,TAM,Bob Moore,Bob,Moore,TE,86.0,27,75,220,Stanford,2/12/1949,5,12,10,2.0,1971.0,0,0,0,TE,TE,bob_moore,14.0,0.0,0.0
1976,TAM,Jack Novak,Jack,Novak,TE,80.0,23,76,242,Wisconsin,6/6/1953,1,12,1,1.0,1975.0,0,0,0,TE,TE,jack_novak,0.0,0.0,0.0
1976,TAM,Jack Novak,Jack,Novak,TE,80.0,23,76,242,Wisconsin,6/6/1953,1,12,1,1.0,1975.0,0,0,0,TE,TE,jack_novak,1.0,0.0,0.0
1976,TAM,Jack Novak,Jack,Novak,TE,80.0,23,76,242,Wisconsin,6/6/1953,1,12,1,1.0,1975.0,0,0,0,TE,TE,jack_novak,0.0,0.0,0.0
1976,TAM,Jack Novak,Jack,Novak,TE,80.0,23,76,242,Wisconsin,6/6/1953,1,12,1,1.0,1975.0,0,0,0,TE,TE,jack_novak,1.0,0.0,0.0
1976,TAM,Fred Pagac,Fred,Pagac,TE,82.0,24,72,222,Ohio St.,4/26/1952,2,14,3,0.0,,0,0,0,TE,TE,fred_pagac,0.0,0.0,0.0
1976,TAM,Fred Pagac,Fred,Pagac,TE,82.0,24,72,222,Ohio St.,4/26/1952,2,14,3,0.0,,0,0,0,TE,TE,fred_pagac,0.0,0.0,0.0
1976,WAS,Jean Fugett,Jean,Fugett,TE,84.0,25,75,225,Amherst,12/16/1951,4,12,12,4.0,1972.0,0,0,0,TE,TE,jean_fugett,24.0,0.0,1.0
1976,WAS,Jean Fugett,Jean,Fugett,TE,84.0,25,75,225,Amherst,12/16/1951,4,12,12,4.0,1972.0,0,0,0,TE,TE,jean_fugett,24.0,0.0,1.0
1976,WAS,Jerry Smith,Jerry,Smith,TE,87.0,33,75,208,Arizona St.,7/19/1943,11,13,2,1.0,1965.0,0,0,0,TE,TE,jerry_smith,0.0,0.0,0.0
1976,WAS,Jerry Smith,Jerry,Smith,TE,87.0,33,75,208,Arizona St.,7/19/1943,11,13,2,1.0,1965.0,0,0,0,TE,TE,jerry_smith,56.0,1.0,2.0
1976,WAS,Jerry Smith,Jerry,Smith,TE,87.0,33,75,208,Arizona St.,7/19/1943,11,13,2,1.0,1965.0,0,0,0,TE,TE,jerry_smith,0.0,0.0,0.0
1976,WAS,Jerry Smith,Jerry,Smith,TE,87.0,33,75,208,Arizona St.,7/19/1943,11,13,2,1.0,1965.0,0,0,0,TE,TE,jerry_smith,56.0,1.0,2.0
1977,ATL,Jim Mitchell,Jim,Mitchell,TE,86.0,30,73,234,Prairie View A&M,10/19/1947,8,12,12,2.0,1969.0,0,0,0,TE,TE,jim_mitchell,39.0,0.0,2.0
1977,ATL,Jim Mitchell,Jim,Mitchell,TE,86.0,30,73,234,Prairie View A&M,10/19/1947,8,12,12,2.0,1969.0,0,0,0,TE,TE,jim_mitchell,35.0,0.0,0.0
1977,ATL,Jim Mitchell,Jim,Mitchell,TE,86.0,30,73,234,Prairie View A&M,10/19/1947,8,12,12,2.0,1969.0,0,0,0,TE,TE,jim_mitchell,39.0,0.0,2.0
1977,ATL,Jim Mitchell,Jim,Mitchell,TE,86.0,30,73,234,Prairie View A&M,10/19/1947,8,12,12,2.0,1969.0,0,0,0,TE,TE,jim_mitchell,35.0,0.0,0.0
1977,ATL,Greg McCrary,Greg,McCrary,TE,88.0,25,73,233,Clark (GA),3/24/1952,2,13,2,0.0,1975.0,0,0,0,TE,TE,greg_mccrary,1.0,0.0,0.0
1977,ATL,Greg McCrary,Greg,McCrary,TE,88.0,25,73,233,Clark (GA),3/24/1952,2,13,2,0.0,1975.0,0,0,0,TE,TE,greg_mccrary,1.0,0.0,0.0
1977,BUF,Reuben Gant,Reuben,Gant,TE,88.0,25,76,230,Oklahoma St.,4/12/1952,3,14,1,4.0,1974.0,0,0,0,TE,TE,reuben_gant,16.0,0.0,0.0
1977,BUF,Reuben Gant,Reuben,Gant,TE,88.0,25,76,230,Oklahoma St.,4/12/1952,3,14,1,4.0,1974.0,0,0,0,TE,TE,reuben_gant,16.0,0.0,0.0
1977,BUF,Paul Seymour,Paul,Seymour,TE,87.0,27,77,252,Michigan,2/6/1950,4,14,13,0.0,1973.0,0,0,0,TE,TE,paul_seymour,11.0,0.0,0.0
1977,BUF,Paul Seymour,Paul,Seymour,TE,87.0,27,77,252,Michigan,2/6/1950,4,14,13,0.0,1973.0,0,0,0,TE,TE,paul_seymour,11.0,0.0,0.0
1977,CHI,Greg Latta,Greg,Latta,TE,88.0,25,75,227,Morgan St.,10/13/1952,2,14,14,5.0,1974.0,0,0,0,TE,TE,greg_latta,12.0,0.0,0.0
1977,CHI,Greg Latta,Greg,Latta,TE,88.0,25,75,227,Morgan St.,10/13/1952,2,14,14,5.0,1974.0,0,0,0,TE,TE,greg_latta,12.0,0.0,0.0
1977,CHI,Bob Parsons,Bob,Parsons,TE,86.0,27,76,234,Penn St.,6/29/1950,5,14,0,3.0,1972.0,0,0,0,TE,TE,bob_parsons,16.0,0.0,0.0
1977,CHI,Bob Parsons,Bob,Parsons,TE,86.0,27,76,234,Penn St.,6/29/1950,5,14,0,3.0,1972.0,0,0,0,TE,TE,bob_parsons,16.0,0.0,0.0
1977,CHI,Chuck Bradley,Chuck,Bradley,TE,81.0,27,78,243,Oregon,10/13/1950,2,7,0,0.0,1973.0,0,0,0,TE,TE,chuck_bradley,0.0,0.0,0.0
1977,CHI,Chuck Bradley,Chuck,Bradley,TE,81.0,27,78,243,Oregon,10/13/1950,2,7,0,0.0,1973.0,0,0,0,TE,TE,chuck_bradley,0.0,0.0,0.0
1977,CHI,Chuck Bradley,Chuck,Bradley,TE,81.0,27,78,243,Oregon,10/13/1950,2,7,0,0.0,1973.0,0,0,0,TE,TE,chuck_bradley,0.0,0.0,0.0
1977,CHI,Chuck Bradley,Chuck,Bradley,TE,81.0,27,78,243,Oregon,10/13/1950,2,7,0,0.0,1973.0,0,0,0,TE,TE,chuck_bradley,0.0,0.0,0.0
1977,CIN,Bob Trumpy,Bob,Trumpy,TE,84.0,32,78,228,"Illinois,Utah",3/6/1945,9,12,11,3.0,1968.0,0,0,0,TE,TE,bob_trumpy,49.0,1.0,4.0
1977,CIN,Bob Trumpy,Bob,Trumpy,TE,84.0,32,78,228,"Illinois,Utah",3/6/1945,9,12,11,3.0,1968.0,0,0,0,TE,TE,bob_trumpy,49.0,1.0,4.0
1977,CIN,Jim Corbett,Jim,Corbett,TE,81.0,22,76,218,Pittsburgh,2/22/1955,Rook,14,3,2.0,1977.0,0,0,0,TE,TE,jim_corbett,3.0,0.0,0.0
1977,CIN,Jim Corbett,Jim,Corbett,TE,81.0,22,76,218,Pittsburgh,2/22/1955,Rook,14,3,2.0,1977.0,0,0,0,TE,TE,jim_corbett,3.0,0.0,0.0
1977,CIN,Mike Cobb,Mike,Cobb,TE,89.0,22,77,244,Michigan St.,12/10/1955,Rook,13,0,0.0,1977.0,0,0,0,TE,TE,mike_cobb,1.0,0.0,0.0
1977,CIN,Rick Walker,Rick,Walker,TE,88.0,22,76,235,UCLA,5/28/1955,Rook,6,0,0.0,1977.0,0,0,0,TE,TE,rick_walker,7.0,0.0,0.0
1977,CIN,Mike Cobb,Mike,Cobb,TE,89.0,22,77,244,Michigan St.,12/10/1955,Rook,13,0,0.0,1977.0,0,0,0,TE,TE,mike_cobb,1.0,0.0,0.0
1977,CIN,Rick Walker,Rick,Walker,TE,88.0,22,76,235,UCLA,5/28/1955,Rook,6,0,0.0,1977.0,0,0,0,TE,TE,rick_walker,7.0,0.0,0.0
1977,CLE,Gary Parris,Gary,Parris,TE,84.0,27,74,226,Florida St.,6/13/1950,4,14,6,3.0,1973.0,0,0,0,TE,TE,gary_parris,6.0,0.0,0.0
1977,CLE,Gary Parris,Gary,Parris,TE,84.0,27,74,226,Florida St.,6/13/1950,4,14,6,3.0,1973.0,0,0,0,TE,TE,gary_parris,6.0,0.0,0.0
1977,CLE,Oscar Roan,Oscar,Roan,TE,81.0,26,78,215,"UCLA,SMU",10/17/1951,2,10,8,2.0,1975.0,0,0,0,TE,TE,oscar_roan,8.0,0.0,0.0
1977,CLE,Oscar Roan,Oscar,Roan,TE,81.0,26,78,215,"UCLA,SMU",10/17/1951,2,10,8,2.0,1975.0,0,0,0,TE,TE,oscar_roan,8.0,0.0,0.0
1977,CLT,Raymond Chester,Raymond,Chester,TE,87.0,29,75,232,Morgan St.,6/28/1948,7,14,14,8.0,1970.0,0,0,0,TE,TE,raymond_chester,52.0,0.0,4.0
1977,CLT,Raymond Chester,Raymond,Chester,TE,87.0,29,75,232,Morgan St.,6/28/1948,7,14,14,8.0,1970.0,0,0,0,TE,TE,raymond_chester,52.0,0.0,4.0
1977,CLT,Mack Alston,Mack,Alston,TE,83.0,30,74,230,MD-Eastern Shore,4/27/1947,7,14,0,0.0,1970.0,0,0,0,TE,TE,mack_alston,12.0,0.0,0.0
1977,CLT,Jimmie Kennedy,Jimmie,Kennedy,TE,85.0,25,75,231,"Hiram,Colorado St.",7/30/1952,2,9,0,0.0,1974.0,0,0,0,TE,TE,jimmie_kennedy,1.0,0.0,0.0
1977,CLT,Mack Alston,Mack,Alston,TE,83.0,30,74,230,MD-Eastern Shore,4/27/1947,7,14,0,0.0,1970.0,0,0,0,TE,TE,mack_alston,12.0,0.0,0.0
1977,CLT,Jimmie Kennedy,Jimmie,Kennedy,TE,85.0,25,75,231,"Hiram,Colorado St.",7/30/1952,2,9,0,0.0,1974.0,0,0,0,TE,TE,jimmie_kennedy,1.0,0.0,0.0
1977,CRD,J.V. Cain,J.V.,Cain,TE,88.0,26,76,224,Colorado,7/22/1951,3,13,13,4.0,1974.0,0,0,0,TE,TE,j.v._cain,12.0,0.0,0.0
1977,CRD,J.V. Cain,J.V.,Cain,TE,88.0,26,76,224,Colorado,7/22/1951,3,13,13,4.0,1974.0,0,0,0,TE,TE,j.v._cain,12.0,0.0,0.0
1977,CRD,Jackie Smith,Jackie,Smith,TE,81.0,37,76,235,Northwestern St. (LA),2/23/1940,14,14,1,1.0,1963.0,0,0,0,TE,TE,jackie_smith,74.0,0.0,5.0
1977,CRD,Jackie Smith,Jackie,Smith,TE,81.0,37,76,235,Northwestern St. (LA),2/23/1940,14,14,1,1.0,1963.0,0,0,0,TE,TE,jackie_smith,74.0,0.0,5.0
1977,DAL,Billy Joe DuPree,Billy,Joe DuPree,TE,89.0,27,76,225,Michigan St.,3/7/1950,4,14,14,6.0,1973.0,0,0,0,TE,TE,billy_joe dupree,0.0,0.0,0.0
1977,DAL,Billy Joe DuPree,Billy,Joe DuPree,TE,89.0,27,76,225,Michigan St.,3/7/1950,4,14,14,6.0,1973.0,0,0,0,TE,TE,billy_joe dupree,0.0,0.0,0.0
1977,DAL,Jay Saldi,Jay,Saldi,TE,87.0,23,75,225,South Carolina,10/8/1954,1,14,1,2.0,,0,0,0,TE,TE,jay_saldi,0.0,0.0,0.0
1977,DAL,Jay Saldi,Jay,Saldi,TE,87.0,23,75,225,South Carolina,10/8/1954,1,14,1,2.0,,0,0,0,TE,TE,jay_saldi,0.0,0.0,0.0
1977,DEN,Riley Odoms,Riley,Odoms,TE,88.0,27,76,230,Houston,3/1/1950,5,14,14,6.0,1972.0,0,0,0,TE,TE,riley_odoms,54.0,2.0,4.0
1977,DEN,Riley Odoms,Riley,Odoms,TE,88.0,27,76,230,Houston,3/1/1950,5,14,14,6.0,1972.0,0,0,0,TE,TE,riley_odoms,54.0,2.0,4.0
1977,DEN,Ron Egloff,Ron,Egloff,TE,85.0,22,77,230,Wisconsin,10/3/1955,Rook,13,0,0.0,,0,0,0,TE,TE,ron_egloff,0.0,0.0,0.0
1977,DEN,Ron Egloff,Ron,Egloff,TE,85.0,22,77,230,Wisconsin,10/3/1955,Rook,13,0,0.0,,0,0,0,TE,TE,ron_egloff,0.0,0.0,0.0
1977,DET,David Hill,David,Hill,TE,81.0,23,74,229,Texas A&M-Kingsville,1/1/1954,1,14,11,4.0,1976.0,0,0,0,TE,TE,david_hill,34.0,0.0,2.0
1977,DET,David Hill,David,Hill,TE,81.0,23,74,229,Texas A&M-Kingsville,1/1/1954,1,14,11,4.0,1976.0,0,0,0,TE,TE,david_hill,34.0,0.0,2.0
1977,DET,Charlie Sanders,Charlie,Sanders,TE,88.0,31,76,225,Minnesota,8/25/1946,9,10,6,2.0,1968.0,0,0,0,TE,TE,charlie_sanders,52.0,2.0,7.0
1977,DET,Charlie Sanders,Charlie,Sanders,TE,88.0,31,76,225,Minnesota,8/25/1946,9,10,6,2.0,1968.0,0,0,0,TE,TE,charlie_sanders,52.0,2.0,7.0
1977,DET,Bill Larson,Bill,Larson,TE,87.0,24,76,225,Colorado St.,10/7/1953,2,12,1,0.0,,0,0,0,TE,TE,bill_larson,0.0,0.0,0.0
1977,DET,Bill Larson,Bill,Larson,TE,87.0,24,76,225,Colorado St.,10/7/1953,2,12,1,0.0,,0,0,0,TE,TE,bill_larson,0.0,0.0,0.0
1977,GNB,Bert Askson,Bert,Askson,TE,88.0,32,75,223,Texas Southern,12/16/1945,6,14,1,2.0,1970.0,0,0,0,TE,TE,bert_askson,11.0,0.0,0.0
1977,GNB,Bert Askson,Bert,Askson,TE,88.0,32,75,223,Texas Southern,12/16/1945,6,14,1,2.0,1970.0,0,0,0,TE,TE,bert_askson,11.0,0.0,0.0
1977,GNB,Rich McGeorge,Rich,McGeorge,TE,81.0,29,76,235,Elon,9/14/1948,7,14,13,1.0,1970.0,0,0,0,TE,TE,rich_mcgeorge,25.0,0.0,0.0
1977,GNB,Rich McGeorge,Rich,McGeorge,TE,81.0,29,76,235,Elon,9/14/1948,7,14,13,1.0,1970.0,0,0,0,TE,TE,rich_mcgeorge,25.0,0.0,0.0
1977,KAN,Walter White,Walter,White,TE,88.0,26,75,216,"Colorado Mesa,Maryland",7/19/1951,2,13,12,6.0,1975.0,0,0,0,TE,TE,walter_white,24.0,0.0,0.0
1977,KAN,Walter White,Walter,White,TE,88.0,26,75,216,"Colorado Mesa,Maryland",7/19/1951,2,13,12,6.0,1975.0,0,0,0,TE,TE,walter_white,24.0,0.0,0.0
1977,KAN,Tony Samuels,Tony,Samuels,TE,81.0,23,76,229,"Florida A&M,Bethune-Cookman",12/30/1954,Rook,14,2,1.0,1977.0,0,0,0,TE,TE,tony_samuels,4.0,0.0,0.0
1977,KAN,Tony Samuels,Tony,Samuels,TE,81.0,23,76,229,"Florida A&M,Bethune-Cookman",12/30/1954,Rook,14,2,1.0,1977.0,0,0,0,TE,TE,tony_samuels,4.0,0.0,0.0
1977,KAN,Ed Beckman,Ed,Beckman,TE,85.0,22,76,229,Florida St.,1/2/1955,Rook,14,1,0.0,,0,0,0,TE,TE,ed_beckman,0.0,0.0,0.0
1977,KAN,Ed Beckman,Ed,Beckman,TE,85.0,22,76,229,Florida St.,1/2/1955,Rook,14,1,0.0,,0,0,0,TE,TE,ed_beckman,0.0,0.0,0.0
1977,MIA,Andre Tillman,Andre,Tillman,TE,87.0,25,76,230,Texas Tech,11/1/1952,2,14,14,3.0,1974.0,0,0,0,TE,TE,andre_tillman,11.0,0.0,0.0
1977,MIA,Andre Tillman,Andre,Tillman,TE,87.0,25,76,230,Texas Tech,11/1/1952,2,14,14,3.0,1974.0,0,0,0,TE,TE,andre_tillman,11.0,0.0,0.0
1977,MIA,Jim Mandich,Jim,Mandich,TE,88.0,29,74,224,Michigan,7/30/1948,7,14,0,1.0,1970.0,0,0,0,TE,TE,jim_mandich,22.0,0.0,0.0
1977,MIA,Jim Mandich,Jim,Mandich,TE,88.0,29,74,224,Michigan,7/30/1948,7,14,0,1.0,1970.0,0,0,0,TE,TE,jim_mandich,22.0,0.0,0.0
1977,MIA,Loaird McCreary,Loaird,McCreary,TE,80.0,24,77,227,Tennessee St.,3/15/1953,1,14,4,0.0,1976.0,0,0,0,TE,TE,loaird_mccreary,1.0,0.0,0.0
1977,MIA,Loaird McCreary,Loaird,McCreary,TE,80.0,24,77,227,Tennessee St.,3/15/1953,1,14,4,0.0,1976.0,0,0,0,TE,TE,loaird_mccreary,1.0,0.0,0.0
1977,MIN,Stu Voigt,Stu,Voigt,TE,83.0,29,73,223,Wisconsin,8/12/1948,7,14,14,2.0,1970.0,0,0,0,TE,TE,stu_voigt,21.0,0.0,0.0
1977,MIN,Stu Voigt,Stu,Voigt,TE,83.0,29,73,223,Wisconsin,8/12/1948,7,14,14,2.0,1970.0,0,0,0,TE,TE,stu_voigt,21.0,0.0,0.0
1977,MIN,Bob Tucker,Bob,Tucker,TE,38.0,32,75,230,Bloomsburg,6/8/1945,7,8,0,1.0,,0,0,0,TE,TE,bob_tucker,0.0,0.0,0.0
1977,MIN,Bob Tucker,Bob,Tucker,TE,38.0,32,75,230,Bloomsburg,6/8/1945,7,8,0,1.0,,0,0,0,TE,TE,bob_tucker,0.0,0.0,0.0
1977,MIN,Steve Craig,Steve,Craig,TE,84.0,26,75,231,Northwestern,3/13/1951,3,14,0,0.0,1974.0,0,0,0,TE,TE,steve_craig,1.0,0.0,0.0
1977,MIN,Steve Craig,Steve,Craig,TE,84.0,26,75,231,Northwestern,3/13/1951,3,14,0,0.0,1974.0,0,0,0,TE,TE,steve_craig,1.0,0.0,0.0
1977,NOR,Henry Childs,Henry,Childs,TE,85.0,26,74,223,Kansas St.,4/16/1951,3,13,10,7.0,1974.0,0,0,0,TE,TE,henry_childs,34.0,0.0,1.0
1977,NOR,Henry Childs,Henry,Childs,TE,85.0,26,74,223,Kansas St.,4/16/1951,3,13,10,7.0,1974.0,0,0,0,TE,TE,henry_childs,34.0,0.0,1.0
1977,NOR,Jim Thaxton,Jim,Thaxton,TE,86.0,28,74,240,Tennessee St.,1/11/1949,4,14,6,3.0,1973.0,0,0,0,TE,TE,jim_thaxton,6.0,0.0,0.0
1977,NOR,Jim Thaxton,Jim,Thaxton,TE,86.0,28,74,240,Tennessee St.,1/11/1949,4,14,6,3.0,1973.0,0,0,0,TE,TE,jim_thaxton,6.0,0.0,0.0
1977,NWE,Russ Francis,Russ,Francis,TE,81.0,24,78,240,Oregon,4/3/1953,2,10,10,4.0,1975.0,0,0,0,TE,TE,russ_francis,46.0,0.0,3.0
1977,NWE,Russ Francis,Russ,Francis,TE,81.0,24,78,240,Oregon,4/3/1953,2,10,10,4.0,1975.0,0,0,0,TE,TE,russ_francis,46.0,0.0,3.0
1977,NWE,Al Chandler,Al,Chandler,TE,87.0,27,74,233,Oklahoma,11/18/1950,4,14,3,1.0,1973.0,0,0,0,TE,TE,al_chandler,3.0,0.0,0.0
1977,NWE,Don Hasselbeck,Don,Hasselbeck,TE,80.0,22,79,245,Colorado,4/1/1955,Rook,14,1,1.0,1977.0,0,0,0,TE,TE,don_hasselbeck,16.0,0.0,0.0
1977,NWE,Al Chandler,Al,Chandler,TE,87.0,27,74,233,Oklahoma,11/18/1950,4,14,3,1.0,1973.0,0,0,0,TE,TE,al_chandler,3.0,0.0,0.0
1977,NWE,Don Hasselbeck,Don,Hasselbeck,TE,80.0,22,79,245,Colorado,4/1/1955,Rook,14,1,1.0,1977.0,0,0,0,TE,TE,don_hasselbeck,16.0,0.0,0.0
1977,NYG,Gary Shirk,Gary,Shirk,TE,87.0,27,73,220,Morehead St.,2/23/1950,1,14,10,3.0,,0,0,0,TE,TE,gary_shirk,0.0,0.0,0.0
1977,NYG,Gary Shirk,Gary,Shirk,TE,87.0,27,73,220,Morehead St.,2/23/1950,1,14,10,3.0,,0,0,0,TE,TE,gary_shirk,0.0,0.0,0.0
1977,NYG,Al Dixon,Al,Dixon,TE,84.0,23,77,230,Iowa St.,4/5/1954,Rook,8,0,1.0,1977.0,0,0,0,TE,TE,al_dixon,13.0,0.0,0.0
1977,NYG,Bob Tucker,Bob,Tucker,TE,38.0,32,75,230,Bloomsburg,6/8/1945,7,5,4,1.0,,0,0,0,TE,TE,bob_tucker,0.0,0.0,0.0
1977,NYG,Al Dixon,Al,Dixon,TE,84.0,23,77,230,Iowa St.,4/5/1954,Rook,8,0,1.0,1977.0,0,0,0,TE,TE,al_dixon,13.0,0.0,0.0
1977,NYG,Bob Tucker,Bob,Tucker,TE,38.0,32,75,230,Bloomsburg,6/8/1945,7,5,4,1.0,,0,0,0,TE,TE,bob_tucker,0.0,0.0,0.0
1977,NYG,Boyd Brown,Boyd,Brown,TE,83.0,25,76,222,Alcorn St.,5/24/1952,3,6,0,0.0,1974.0,0,0,0,TE,TE,boyd_brown,0.0,0.0,0.0
1977,NYG,Boyd Brown,Boyd,Brown,TE,83.0,25,76,222,Alcorn St.,5/24/1952,3,6,0,0.0,1974.0,0,0,0,TE,TE,boyd_brown,0.0,0.0,0.0
1977,NYJ,Jerome Barkum,Jerome,Barkum,TE,83.0,27,75,218,Jackson St.,7/18/1950,5,14,14,5.0,1972.0,0,0,0,TE,TE,jerome_barkum,42.0,0.0,1.0
1977,NYJ,Jerome Barkum,Jerome,Barkum,TE,83.0,27,75,218,Jackson St.,7/18/1950,5,14,14,5.0,1972.0,0,0,0,TE,TE,jerome_barkum,42.0,0.0,1.0
1977,NYJ,Bob Raba,Bob,Raba,TE,86.0,22,73,222,Maryland,4/23/1955,Rook,14,0,0.0,,0,0,0,TE,TE,bob_raba,0.0,0.0,0.0
1977,NYJ,Bob Raba,Bob,Raba,TE,86.0,22,73,222,Maryland,4/23/1955,Rook,14,0,0.0,,0,0,0,TE,TE,bob_raba,0.0,0.0,0.0
1977,OTI,Jimmie Giles,Jimmie,Giles,TE,88.0,23,75,239,Alcorn St.,11/8/1954,Rook,14,4,2.0,1977.0,0,0,0,TE,TE,jimmie_giles,40.0,0.0,4.0
1977,OTI,Jimmie Giles,Jimmie,Giles,TE,88.0,23,75,239,Alcorn St.,11/8/1954,Rook,14,4,2.0,1977.0,0,0,0,TE,TE,jimmie_giles,40.0,0.0,4.0
1977,OTI,Jimmie Giles,Jimmie,Giles,TE,88.0,23,75,239,Alcorn St.,11/8/1954,Rook,14,4,2.0,1977.0,0,0,0,TE,TE,jimmie_giles,40.0,0.0,4.0
1977,OTI,Jimmie Giles,Jimmie,Giles,TE,88.0,23,75,239,Alcorn St.,11/8/1954,Rook,14,4,2.0,1977.0,0,0,0,TE,TE,jimmie_giles,40.0,0.0,4.0
1977,OTI,Mike Barber,Mike,Barber,TE,86.0,24,75,235,Louisiana Tech,6/4/1953,1,13,10,1.0,1976.0,0,0,0,TE,TE,mike_barber,27.0,0.0,0.0
1977,OTI,Mike Barber,Mike,Barber,TE,86.0,24,75,235,Louisiana Tech,6/4/1953,1,13,10,1.0,1976.0,0,0,0,TE,TE,mike_barber,0.0,0.0,0.0
1977,OTI,Mike Barber,Mike,Barber,TE,86.0,24,75,235,Louisiana Tech,6/4/1953,1,13,10,1.0,1976.0,0,0,0,TE,TE,mike_barber,27.0,0.0,0.0
1977,OTI,Mike Barber,Mike,Barber,TE,86.0,24,75,235,Louisiana Tech,6/4/1953,1,13,10,1.0,1976.0,0,0,0,TE,TE,mike_barber,0.0,0.0,0.0
1977,OTI,Mike Barber,Mike,Barber,TE,86.0,24,75,235,Louisiana Tech,6/4/1953,1,13,10,1.0,1976.0,0,0,0,TE,TE,mike_barber,27.0,0.0,0.0
1977,OTI,Mike Barber,Mike,Barber,TE,86.0,24,75,235,Louisiana Tech,6/4/1953,1,13,10,1.0,1976.0,0,0,0,TE,TE,mike_barber,0.0,0.0,0.0
1977,OTI,Mike Barber,Mike,Barber,TE,86.0,24,75,235,Louisiana Tech,6/4/1953,1,13,10,1.0,1976.0,0,0,0,TE,TE,mike_barber,27.0,0.0,0.0
1977,OTI,Mike Barber,Mike,Barber,TE,86.0,24,75,235,Louisiana Tech,6/4/1953,1,13,10,1.0,1976.0,0,0,0,TE,TE,mike_barber,0.0,0.0,0.0
1977,PHI,Keith Krepfle,Keith,Krepfle,TE,84.0,25,75,227,Iowa St.,2/4/1952,2,14,14,6.0,1974.0,0,0,0,TE,TE,keith_krepfle,25.0,0.0,0.0
1977,PHI,Keith Krepfle,Keith,Krepfle,TE,84.0,25,75,227,Iowa St.,2/4/1952,2,14,14,6.0,1974.0,0,0,0,TE,TE,keith_krepfle,25.0,0.0,0.0
1977,PHI,Richard Osborne,Richard,Osborne,TE,86.0,24,75,230,Texas A&M,10/31/1953,1,14,0,0.0,1976.0,0,0,0,TE,TE,richard_osborne,2.0,0.0,0.0
1977,PHI,Richard Osborne,Richard,Osborne,TE,86.0,24,75,230,Texas A&M,10/31/1953,1,14,0,0.0,1976.0,0,0,0,TE,TE,richard_osborne,2.0,0.0,0.0
1977,PIT,Bennie Cunningham,Bennie,Cunningham,TE,89.0,23,77,254,Clemson,12/23/1954,1,12,11,5.0,1976.0,0,0,0,TE,TE,bennie_cunningham,30.0,0.0,0.0
1977,PIT,Bennie Cunningham,Bennie,Cunningham,TE,89.0,23,77,254,Clemson,12/23/1954,1,12,11,5.0,1976.0,0,0,0,TE,TE,bennie_cunningham,30.0,0.0,0.0
1977,PIT,Randy Grossman,Randy,Grossman,TE,84.0,25,73,218,Temple,9/20/1952,3,13,3,1.0,,0,0,0,TE,TE,randy_grossman,0.0,0.0,0.0
1977,PIT,Randy Grossman,Randy,Grossman,TE,84.0,25,73,218,Temple,9/20/1952,3,13,3,1.0,,0,0,0,TE,TE,randy_grossman,0.0,0.0,0.0
1977,RAI,Dave Casper,Dave,Casper,TE,87.0,25,76,240,Notre Dame,2/2/1952,3,14,14,10.0,1974.0,0,0,0,TE,TE,dave_casper,52.0,4.0,5.0
1977,RAI,Dave Casper,Dave,Casper,TE,87.0,25,76,240,Notre Dame,2/2/1952,3,14,14,10.0,1974.0,0,0,0,TE,TE,dave_casper,52.0,4.0,5.0
1977,RAI,Warren Bankston,Warren,Bankston,TE,46.0,30,76,235,Tulane,7/22/1947,8,14,0,0.0,1969.0,0,0,0,TE,TE,warren_bankston,8.0,0.0,0.0
1977,RAI,Ted Kwalick,Ted,Kwalick,TE,88.0,30,76,226,Penn St.,4/15/1947,8,12,0,0.0,1969.0,0,0,0,TE,TE,ted_kwalick,30.0,1.0,3.0
1977,RAI,Warren Bankston,Warren,Bankston,TE,46.0,30,76,235,Tulane,7/22/1947,8,14,0,0.0,1969.0,0,0,0,TE,TE,warren_bankston,8.0,0.0,0.0
1977,RAI,Ted Kwalick,Ted,Kwalick,TE,88.0,30,76,226,Penn St.,4/15/1947,8,12,0,0.0,1969.0,0,0,0,TE,TE,ted_kwalick,30.0,1.0,3.0
1977,RAM,Terry Nelson,Terry,Nelson,TE,83.0,26,74,233,Ark-Pine Bluff,5/20/1951,4,14,14,7.0,1973.0,0,0,0,TE,TE,terry_nelson,13.0,0.0,0.0
1977,RAM,Terry Nelson,Terry,Nelson,TE,83.0,26,74,233,Ark-Pine Bluff,5/20/1951,4,14,14,7.0,1973.0,0,0,0,TE,TE,terry_nelson,13.0,0.0,0.0
1977,RAM,Charle Young,Charle,Young,TE,86.0,26,76,234,USC,2/5/1951,4,14,0,1.0,1973.0,0,0,0,TE,TE,charle_young,47.0,1.0,3.0
1977,RAM,Charle Young,Charle,Young,TE,86.0,26,76,234,USC,2/5/1951,4,14,0,1.0,1973.0,0,0,0,TE,TE,charle_young,47.0,1.0,3.0
1977,SDG,Bob Klein,Bob,Klein,TE,84.0,30,77,235,USC,7/27/1947,8,12,9,3.0,1969.0,0,0,0,TE,TE,bob_klein,30.0,0.0,0.0
1977,SDG,Bob Klein,Bob,Klein,TE,84.0,30,77,235,USC,7/27/1947,8,12,9,3.0,1969.0,0,0,0,TE,TE,bob_klein,30.0,0.0,0.0
1977,SDG,Pat Curran,Pat,Curran,TE,82.0,32,76,238,"Iowa St.,Lakeland",9/21/1945,8,14,5,1.0,1969.0,0,0,0,TE,TE,pat_curran,13.0,0.0,0.0
1977,SDG,Pat Curran,Pat,Curran,TE,82.0,32,76,238,"Iowa St.,Lakeland",9/21/1945,8,14,5,1.0,1969.0,0,0,0,TE,TE,pat_curran,13.0,0.0,0.0
1977,SDG,Chuck Bradley,Chuck,Bradley,TE,88.0,27,78,243,Oregon,10/13/1950,2,1,0,0.0,1973.0,0,0,0,TE,TE,chuck_bradley,0.0,0.0,0.0
1977,SDG,Chuck Bradley,Chuck,Bradley,TE,88.0,27,78,243,Oregon,10/13/1950,2,1,0,0.0,1973.0,0,0,0,TE,TE,chuck_bradley,0.0,0.0,0.0
1977,SDG,Chuck Bradley,Chuck,Bradley,TE,88.0,27,78,243,Oregon,10/13/1950,2,1,0,0.0,1973.0,0,0,0,TE,TE,chuck_bradley,0.0,0.0,0.0
1977,SDG,Chuck Bradley,Chuck,Bradley,TE,88.0,27,78,243,Oregon,10/13/1950,2,1,0,0.0,1973.0,0,0,0,TE,TE,chuck_bradley,0.0,0.0,0.0
1977,SEA,Ron Howard,Ron,Howard,TE,87.0,26,76,229,Seattle,3/3/1951,3,12,12,3.0,,0,0,0,TE,TE,ron_howard,0.0,0.0,0.0
1977,SEA,Ron Howard,Ron,Howard,TE,87.0,26,76,229,Seattle,3/3/1951,3,12,12,3.0,,0,0,0,TE,TE,ron_howard,0.0,0.0,0.0
1977,SEA,John Sawyer,John,Sawyer,TE,81.0,24,74,230,Southern Miss,7/26/1953,2,14,2,2.0,1975.0,0,0,0,TE,TE,john_sawyer,14.0,0.0,0.0
1977,SEA,John Sawyer,John,Sawyer,TE,81.0,24,74,230,Southern Miss,7/26/1953,2,14,2,2.0,1975.0,0,0,0,TE,TE,john_sawyer,14.0,0.0,0.0
1977,SEA,Fred Rayhle,Fred,Rayhle,TE,82.0,23,77,217,Chattanooga,4/9/1954,Rook,2,0,0.0,,0,0,0,TE,TE,fred_rayhle,0.0,0.0,0.0
1977,SEA,Fred Rayhle,Fred,Rayhle,TE,82.0,23,77,217,Chattanooga,4/9/1954,Rook,2,0,0.0,,0,0,0,TE,TE,fred_rayhle,0.0,0.0,0.0
1977,SFO,Paul Seal,Paul,Seal,TE,85.0,25,76,222,Michigan,2/27/1952,3,14,1,4.0,1974.0,0,0,0,TE,TE,paul_seal,14.0,0.0,0.0
1977,SFO,Paul Seal,Paul,Seal,TE,85.0,25,76,222,Michigan,2/27/1952,3,14,1,4.0,1974.0,0,0,0,TE,TE,paul_seal,14.0,0.0,0.0
1977,SFO,Tom Mitchell,Tom,Mitchell,TE,84.0,33,74,215,Bucknell,8/22/1944,11,13,13,3.0,1966.0,0,0,0,TE,TE,tom_mitchell,30.0,0.0,0.0
1977,SFO,Tom Mitchell,Tom,Mitchell,TE,84.0,33,74,215,Bucknell,8/22/1944,11,13,13,3.0,1966.0,0,0,0,TE,TE,tom_mitchell,30.0,0.0,0.0
1977,SFO,Jim Obradovich,Jim,Obradovich,TE,89.0,24,74,225,USC,4/2/1953,2,12,0,0.0,1975.0,0,0,0,TE,TE,jim_obradovich,6.0,0.0,0.0
1977,SFO,Jim Obradovich,Jim,Obradovich,TE,89.0,24,74,225,USC,4/2/1953,2,12,0,0.0,1975.0,0,0,0,TE,TE,jim_obradovich,6.0,0.0,0.0
1977,TAM,Dana Nafziger,Dana,Nafziger,TE,83.0,24,73,220,Cal Poly-San Luis Obispo,10/26/1953,Rook,14,11,1.0,,0,0,0,TE,TE,dana_nafziger,0.0,0.0,0.0
1977,TAM,Dana Nafziger,Dana,Nafziger,TE,83.0,24,73,220,Cal Poly-San Luis Obispo,10/26/1953,Rook,14,11,1.0,,0,0,0,TE,TE,dana_nafziger,0.0,0.0,0.0
1977,TAM,Gary Butler,Gary,Butler,TE,82.0,26,75,235,Rice,1/11/1951,4,3,0,0.0,1973.0,0,0,0,TE,TE,gary_butler,1.0,0.0,0.0
1977,TAM,Bob Moore,Bob,Moore,TE,86.0,28,75,220,Stanford,2/12/1949,6,3,2,0.0,1971.0,0,0,0,TE,TE,bob_moore,14.0,0.0,0.0
1977,TAM,Jack Novak,Jack,Novak,TE,80.0,24,76,242,Wisconsin,6/6/1953,2,9,2,0.0,1975.0,0,0,0,TE,TE,jack_novak,0.0,0.0,0.0
1977,TAM,Jack Novak,Jack,Novak,TE,80.0,24,76,242,Wisconsin,6/6/1953,2,9,2,0.0,1975.0,0,0,0,TE,TE,jack_novak,1.0,0.0,0.0
1977,TAM,Gary Butler,Gary,Butler,TE,82.0,26,75,235,Rice,1/11/1951,4,3,0,0.0,1973.0,0,0,0,TE,TE,gary_butler,1.0,0.0,0.0
1977,TAM,Bob Moore,Bob,Moore,TE,86.0,28,75,220,Stanford,2/12/1949,6,3,2,0.0,1971.0,0,0,0,TE,TE,bob_moore,14.0,0.0,0.0
1977,TAM,Jack Novak,Jack,Novak,TE,80.0,24,76,242,Wisconsin,6/6/1953,2,9,2,0.0,1975.0,0,0,0,TE,TE,jack_novak,0.0,0.0,0.0
1977,TAM,Jack Novak,Jack,Novak,TE,80.0,24,76,242,Wisconsin,6/6/1953,2,9,2,0.0,1975.0,0,0,0,TE,TE,jack_novak,1.0,0.0,0.0
1977,WAS,Jean Fugett,Jean,Fugett,TE,84.0,26,75,225,Amherst,12/16/1951,5,14,14,7.0,1972.0,0,0,0,TE,TE,jean_fugett,24.0,0.0,1.0
1977,WAS,Jean Fugett,Jean,Fugett,TE,84.0,26,75,225,Amherst,12/16/1951,5,14,14,7.0,1972.0,0,0,0,TE,TE,jean_fugett,24.0,0.0,1.0
1977,WAS,Bill Larson,Bill,Larson,TE,86.0,24,76,225,Colorado St.,10/7/1953,2,1,0,0.0,,0,0,0,TE,TE,bill_larson,0.0,0.0,0.0
1977,WAS,Jerry Smith,Jerry,Smith,TE,87.0,34,75,208,Arizona St.,7/19/1943,12,9,0,0.0,1965.0,0,0,0,TE,TE,jerry_smith,0.0,0.0,0.0
1977,WAS,Jerry Smith,Jerry,Smith,TE,87.0,34,75,208,Arizona St.,7/19/1943,12,9,0,0.0,1965.0,0,0,0,TE,TE,jerry_smith,56.0,1.0,2.0
1977,WAS,Bill Larson,Bill,Larson,TE,86.0,24,76,225,Colorado St.,10/7/1953,2,1,0,0.0,,0,0,0,TE,TE,bill_larson,0.0,0.0,0.0
1977,WAS,Jerry Smith,Jerry,Smith,TE,87.0,34,75,208,Arizona St.,7/19/1943,12,9,0,0.0,1965.0,0,0,0,TE,TE,jerry_smith,0.0,0.0,0.0
1977,WAS,Jerry Smith,Jerry,Smith,TE,87.0,34,75,208,Arizona St.,7/19/1943,12,9,0,0.0,1965.0,0,0,0,TE,TE,jerry_smith,56.0,1.0,2.0
1978,ATL,Jim Mitchell,Jim,Mitchell,TE,86.0,31,73,234,Prairie View A&M,10/19/1947,9,16,16,3.0,1969.0,0,0,0,TE,TE,jim_mitchell,39.0,0.0,2.0
1978,ATL,Jim Mitchell,Jim,Mitchell,TE,86.0,31,73,234,Prairie View A&M,10/19/1947,9,16,16,3.0,1969.0,0,0,0,TE,TE,jim_mitchell,35.0,0.0,0.0
1978,ATL,Jim Mitchell,Jim,Mitchell,TE,86.0,31,73,234,Prairie View A&M,10/19/1947,9,16,16,3.0,1969.0,0,0,0,TE,TE,jim_mitchell,39.0,0.0,2.0
1978,ATL,Jim Mitchell,Jim,Mitchell,TE,86.0,31,73,234,Prairie View A&M,10/19/1947,9,16,16,3.0,1969.0,0,0,0,TE,TE,jim_mitchell,35.0,0.0,0.0
1978,ATL,Lewis Gilbert,Lewis,Gilbert,TE,88.0,22,76,225,Florida,5/24/1956,Rook,4,0,0.0,,0,0,0,TE,TE,lewis_gilbert,0.0,0.0,0.0
1978,ATL,Ken Moore,Ken,Moore,TE,88.0,24,76,232,Northern Illinois,7/25/1954,Rook,6,0,0.0,1977.0,0,0,0,TE,TE,ken_moore,0.0,0.0,0.0
1978,ATL,James Wright,James,Wright,TE,83.0,22,75,240,TCU,9/1/1956,Rook,15,0,0.0,1978.0,0,0,0,TE,TE,james_wright,6.0,0.0,0.0
1978,ATL,James Wright,James,Wright,TE,83.0,22,75,240,TCU,9/1/1956,Rook,15,0,0.0,1978.0,0,0,0,TE,TE,james_wright,2.0,0.0,0.0
1978,ATL,Lewis Gilbert,Lewis,Gilbert,TE,88.0,22,76,225,Florida,5/24/1956,Rook,4,0,0.0,,0,0,0,TE,TE,lewis_gilbert,0.0,0.0,0.0
1978,ATL,Ken Moore,Ken,Moore,TE,88.0,24,76,232,Northern Illinois,7/25/1954,Rook,6,0,0.0,1977.0,0,0,0,TE,TE,ken_moore,0.0,0.0,0.0
1978,ATL,James Wright,James,Wright,TE,83.0,22,75,240,TCU,9/1/1956,Rook,15,0,0.0,1978.0,0,0,0,TE,TE,james_wright,6.0,0.0,0.0
1978,ATL,James Wright,James,Wright,TE,83.0,22,75,240,TCU,9/1/1956,Rook,15,0,0.0,1978.0,0,0,0,TE,TE,james_wright,2.0,0.0,0.0
1978,BUF,Reuben Gant,Reuben,Gant,TE,88.0,26,76,230,Oklahoma St.,4/12/1952,4,16,16,5.0,1974.0,0,0,0,TE,TE,reuben_gant,16.0,0.0,0.0
1978,BUF,Reuben Gant,Reuben,Gant,TE,88.0,26,76,230,Oklahoma St.,4/12/1952,4,16,16,5.0,1974.0,0,0,0,TE,TE,reuben_gant,16.0,0.0,0.0
1978,CHI,Greg Latta,Greg,Latta,TE,88.0,26,75,227,Morgan St.,10/13/1952,3,16,16,2.0,1974.0,0,0,0,TE,TE,greg_latta,12.0,0.0,0.0
1978,CHI,Greg Latta,Greg,Latta,TE,88.0,26,75,227,Morgan St.,10/13/1952,3,16,16,2.0,1974.0,0,0,0,TE,TE,greg_latta,12.0,0.0,0.0
1978,CHI,Mike Cobb,Mike,Cobb,TE,87.0,23,77,244,Michigan St.,12/10/1955,1,13,0,0.0,1977.0,0,0,0,TE,TE,mike_cobb,1.0,0.0,0.0
1978,CHI,Mike Cobb,Mike,Cobb,TE,87.0,23,77,244,Michigan St.,12/10/1955,1,13,0,0.0,1977.0,0,0,0,TE,TE,mike_cobb,1.0,0.0,0.0
1978,CIN,Don Bass,Don,Bass,TE,84.0,22,74,219,Houston,3/11/1956,Rook,16,8,3.0,1978.0,0,0,0,TE,TE,don_bass,14.0,0.0,0.0
1978,CIN,Don Bass,Don,Bass,TE,84.0,22,74,219,Houston,3/11/1956,Rook,16,8,3.0,1978.0,0,0,0,TE,TE,don_bass,14.0,0.0,0.0
1978,CIN,Jim Corbett,Jim,Corbett,TE,81.0,23,76,218,Pittsburgh,2/22/1955,1,16,5,1.0,1977.0,0,0,0,TE,TE,jim_corbett,3.0,0.0,0.0
1978,CIN,Rick Walker,Rick,Walker,TE,88.0,23,76,235,UCLA,5/28/1955,1,15,3,1.0,1977.0,0,0,0,TE,TE,rick_walker,7.0,0.0,0.0
1978,CIN,Jim Corbett,Jim,Corbett,TE,81.0,23,76,218,Pittsburgh,2/22/1955,1,16,5,1.0,1977.0,0,0,0,TE,TE,jim_corbett,3.0,0.0,0.0
1978,CIN,Rick Walker,Rick,Walker,TE,88.0,23,76,235,UCLA,5/28/1955,1,15,3,1.0,1977.0,0,0,0,TE,TE,rick_walker,7.0,0.0,0.0
1978,CLE,Ozzie Newsome,Ozzie,Newsome,TE,82.0,22,74,232,Alabama,3/16/1956,Rook,16,16,7.0,1978.0,0,0,0,TE,TE,ozzie_newsome,59.0,1.0,3.0
1978,CLE,Ozzie Newsome,Ozzie,Newsome,TE,82.0,22,74,232,Alabama,3/16/1956,Rook,16,16,7.0,1978.0,0,0,0,TE,TE,ozzie_newsome,59.0,1.0,3.0
1978,CLE,Gary Parris,Gary,Parris,TE,84.0,28,74,226,Florida St.,6/13/1950,5,16,0,0.0,1973.0,0,0,0,TE,TE,gary_parris,6.0,0.0,0.0
1978,CLE,Oscar Roan,Oscar,Roan,TE,81.0,27,78,215,"UCLA,SMU",10/17/1951,3,14,0,0.0,1975.0,0,0,0,TE,TE,oscar_roan,8.0,0.0,0.0
1978,CLE,Gary Parris,Gary,Parris,TE,84.0,28,74,226,Florida St.,6/13/1950,5,16,0,0.0,1973.0,0,0,0,TE,TE,gary_parris,6.0,0.0,0.0
1978,CLE,Oscar Roan,Oscar,Roan,TE,81.0,27,78,215,"UCLA,SMU",10/17/1951,3,14,0,0.0,1975.0,0,0,0,TE,TE,oscar_roan,8.0,0.0,0.0
1978,CLT,Mack Alston,Mack,Alston,TE,83.0,31,74,230,MD-Eastern Shore,4/27/1947,8,16,13,2.0,1970.0,0,0,0,TE,TE,mack_alston,12.0,0.0,0.0
1978,CLT,Mack Alston,Mack,Alston,TE,83.0,31,74,230,MD-Eastern Shore,4/27/1947,8,16,13,2.0,1970.0,0,0,0,TE,TE,mack_alston,12.0,0.0,0.0
1978,CLT,Reese McCall,Reese,McCall,TE,86.0,22,78,239,Auburn,6/16/1956,Rook,16,3,1.0,1978.0,0,0,0,TE,TE,reese_mccall,10.0,0.0,0.0
1978,CLT,Reese McCall,Reese,McCall,TE,86.0,22,78,239,Auburn,6/16/1956,Rook,16,3,1.0,1978.0,0,0,0,TE,TE,reese_mccall,10.0,0.0,0.0
1978,CRD,Eason Ramson,Eason,Ramson,TE,80.0,22,74,232,Washington St.,4/30/1956,Rook,15,7,2.0,1978.0,0,0,0,TE,TE,eason_ramson,7.0,0.0,0.0
1978,CRD,Eason Ramson,Eason,Ramson,TE,80.0,22,74,232,Washington St.,4/30/1956,Rook,15,7,2.0,1978.0,0,0,0,TE,TE,eason_ramson,7.0,0.0,0.0
1978,CRD,Al Chandler,Al,Chandler,TE,87.0,28,74,233,Oklahoma,11/18/1950,5,11,8,1.0,1973.0,0,0,0,TE,TE,al_chandler,3.0,0.0,0.0
1978,CRD,Al Chandler,Al,Chandler,TE,87.0,28,74,233,Oklahoma,11/18/1950,5,11,8,1.0,1973.0,0,0,0,TE,TE,al_chandler,3.0,0.0,0.0
1978,CRD,Jim Thaxton,Jim,Thaxton,TE,87.0,29,74,240,Tennessee St.,1/11/1949,5,5,0,0.0,1973.0,0,0,0,TE,TE,jim_thaxton,6.0,0.0,0.0
1978,CRD,Jim Thaxton,Jim,Thaxton,TE,87.0,29,74,240,Tennessee St.,1/11/1949,5,5,0,0.0,1973.0,0,0,0,TE,TE,jim_thaxton,6.0,0.0,0.0
1978,DAL,Billy Joe DuPree,Billy,Joe DuPree,TE,89.0,28,76,225,Michigan St.,3/7/1950,5,16,16,7.0,1973.0,0,0,0,TE,TE,billy_joe dupree,0.0,0.0,0.0
1978,DAL,Billy Joe DuPree,Billy,Joe DuPree,TE,89.0,28,76,225,Michigan St.,3/7/1950,5,16,16,7.0,1973.0,0,0,0,TE,TE,billy_joe dupree,0.0,0.0,0.0
1978,DAL,Jay Saldi,Jay,Saldi,TE,87.0,24,75,225,South Carolina,10/8/1954,2,4,1,0.0,,0,0,0,TE,TE,jay_saldi,0.0,0.0,0.0
1978,DAL,Jackie Smith,Jackie,Smith,TE,81.0,38,76,235,Northwestern St. (LA),2/23/1940,15,12,2,0.0,1963.0,0,0,0,TE,TE,jackie_smith,74.0,0.0,5.0
1978,DAL,Jay Saldi,Jay,Saldi,TE,87.0,24,75,225,South Carolina,10/8/1954,2,4,1,0.0,,0,0,0,TE,TE,jay_saldi,0.0,0.0,0.0
1978,DAL,Jackie Smith,Jackie,Smith,TE,81.0,38,76,235,Northwestern St. (LA),2/23/1940,15,12,2,0.0,1963.0,0,0,0,TE,TE,jackie_smith,74.0,0.0,5.0
1978,DEN,Riley Odoms,Riley,Odoms,TE,88.0,28,76,230,Houston,3/1/1950,6,16,16,8.0,1972.0,0,0,0,TE,TE,riley_odoms,54.0,2.0,4.0
1978,DEN,Riley Odoms,Riley,Odoms,TE,88.0,28,76,230,Houston,3/1/1950,6,16,16,8.0,1972.0,0,0,0,TE,TE,riley_odoms,54.0,2.0,4.0
1978,DEN,Ron Egloff,Ron,Egloff,TE,85.0,23,77,230,Wisconsin,10/3/1955,1,8,0,0.0,,0,0,0,TE,TE,ron_egloff,0.0,0.0,0.0
1978,DEN,Bob Moore,Bob,Moore,TE,87.0,29,75,220,Stanford,2/12/1949,7,8,2,0.0,1971.0,0,0,0,TE,TE,bob_moore,14.0,0.0,0.0
1978,DEN,Ron Egloff,Ron,Egloff,TE,85.0,23,77,230,Wisconsin,10/3/1955,1,8,0,0.0,,0,0,0,TE,TE,ron_egloff,0.0,0.0,0.0
1978,DEN,Bob Moore,Bob,Moore,TE,87.0,29,75,220,Stanford,2/12/1949,7,8,2,0.0,1971.0,0,0,0,TE,TE,bob_moore,14.0,0.0,0.0
1978,DET,David Hill,David,Hill,TE,81.0,24,74,229,Texas A&M-Kingsville,1/1/1954,2,16,16,7.0,1976.0,0,0,0,TE,TE,david_hill,34.0,0.0,2.0
1978,DET,David Hill,David,Hill,TE,81.0,24,74,229,Texas A&M-Kingsville,1/1/1954,2,16,16,7.0,1976.0,0,0,0,TE,TE,david_hill,34.0,0.0,2.0
1978,DET,William Gay,William,Gay,TE,83.0,23,77,250,USC,5/28/1955,Rook,16,0,3.0,1978.0,0,0,0,TE,TE,william_gay,51.0,0.0,0.0
1978,DET,William Gay,William,Gay,TE,83.0,23,77,250,USC,5/28/1955,Rook,16,0,3.0,1978.0,0,0,0,TE,TE,william_gay,41.0,0.0,0.0
1978,DET,William Gay,William,Gay,TE,83.0,23,77,250,USC,5/28/1955,Rook,16,0,3.0,1978.0,0,0,0,TE,TE,william_gay,51.0,0.0,0.0
1978,DET,William Gay,William,Gay,TE,83.0,23,77,250,USC,5/28/1955,Rook,16,0,3.0,1978.0,0,0,0,TE,TE,william_gay,41.0,0.0,0.0
1978,GNB,Rich McGeorge,Rich,McGeorge,TE,81.0,30,76,235,Elon,9/14/1948,8,16,16,2.0,1970.0,0,0,0,TE,TE,rich_mcgeorge,25.0,0.0,0.0
1978,GNB,Rich McGeorge,Rich,McGeorge,TE,81.0,30,76,235,Elon,9/14/1948,8,16,16,2.0,1970.0,0,0,0,TE,TE,rich_mcgeorge,25.0,0.0,0.0
1978,GNB,Paul Coffman,Paul,Coffman,TE,82.0,22,75,222,Kansas St.,3/29/1956,Rook,16,0,0.0,,0,0,0,TE,TE,paul_coffman,0.0,0.0,1.0
1978,GNB,Paul Coffman,Paul,Coffman,TE,82.0,22,75,222,Kansas St.,3/29/1956,Rook,16,0,0.0,,0,0,0,TE,TE,paul_coffman,0.0,0.0,1.0
1978,KAN,Walter White,Walter,White,TE,88.0,27,75,216,"Colorado Mesa,Maryland",7/19/1951,3,16,16,4.0,1975.0,0,0,0,TE,TE,walter_white,24.0,0.0,0.0
1978,KAN,Walter White,Walter,White,TE,88.0,27,75,216,"Colorado Mesa,Maryland",7/19/1951,3,16,16,4.0,1975.0,0,0,0,TE,TE,walter_white,24.0,0.0,0.0
1978,KAN,Tony Samuels,Tony,Samuels,TE,81.0,24,76,229,"Florida A&M,Bethune-Cookman",12/30/1954,1,16,0,1.0,1977.0,0,0,0,TE,TE,tony_samuels,4.0,0.0,0.0
1978,KAN,Tony Samuels,Tony,Samuels,TE,81.0,24,76,229,"Florida A&M,Bethune-Cookman",12/30/1954,1,16,0,1.0,1977.0,0,0,0,TE,TE,tony_samuels,4.0,0.0,0.0
1978,KAN,Ed Beckman,Ed,Beckman,TE,85.0,23,76,229,Florida St.,1/2/1955,1,16,0,0.0,,0,0,0,TE,TE,ed_beckman,0.0,0.0,0.0
1978,KAN,Ed Beckman,Ed,Beckman,TE,85.0,23,76,229,Florida St.,1/2/1955,1,16,0,0.0,,0,0,0,TE,TE,ed_beckman,0.0,0.0,0.0
1978,MIA,Andre Tillman,Andre,Tillman,TE,87.0,26,76,230,Texas Tech,11/1/1952,3,16,16,5.0,1974.0,0,0,0,TE,TE,andre_tillman,11.0,0.0,0.0
1978,MIA,Andre Tillman,Andre,Tillman,TE,87.0,26,76,230,Texas Tech,11/1/1952,3,16,16,5.0,1974.0,0,0,0,TE,TE,andre_tillman,11.0,0.0,0.0
1978,MIA,Bruce Hardy,Bruce,Hardy,TE,84.0,22,77,235,Arizona St.,6/1/1956,Rook,16,0,0.0,1978.0,0,0,0,TE,TE,bruce_hardy,22.0,0.0,0.0
1978,MIA,Loaird McCreary,Loaird,McCreary,TE,80.0,25,77,227,Tennessee St.,3/15/1953,2,16,1,0.0,1976.0,0,0,0,TE,TE,loaird_mccreary,1.0,0.0,0.0
1978,MIA,Bruce Hardy,Bruce,Hardy,TE,84.0,22,77,235,Arizona St.,6/1/1956,Rook,16,0,0.0,1978.0,0,0,0,TE,TE,bruce_hardy,22.0,0.0,0.0
1978,MIA,Loaird McCreary,Loaird,McCreary,TE,80.0,25,77,227,Tennessee St.,3/15/1953,2,16,1,0.0,1976.0,0,0,0,TE,TE,loaird_mccreary,1.0,0.0,0.0
1978,MIN,Bob Tucker,Bob,Tucker,TE,38.0,33,75,230,Bloomsburg,6/8/1945,8,16,16,5.0,,0,0,0,TE,TE,bob_tucker,0.0,0.0,0.0
1978,MIN,Bob Tucker,Bob,Tucker,TE,38.0,33,75,230,Bloomsburg,6/8/1945,8,16,16,5.0,,0,0,0,TE,TE,bob_tucker,0.0,0.0,0.0
1978,MIN,Stu Voigt,Stu,Voigt,TE,83.0,30,73,223,Wisconsin,8/12/1948,8,15,0,1.0,1970.0,0,0,0,TE,TE,stu_voigt,21.0,0.0,0.0
1978,MIN,Stu Voigt,Stu,Voigt,TE,83.0,30,73,223,Wisconsin,8/12/1948,8,15,0,1.0,1970.0,0,0,0,TE,TE,stu_voigt,21.0,0.0,0.0
1978,MIN,Steve Craig,Steve,Craig,TE,84.0,27,75,231,Northwestern,3/13/1951,4,16,0,0.0,1974.0,0,0,0,TE,TE,steve_craig,1.0,0.0,0.0
1978,MIN,Steve Craig,Steve,Craig,TE,84.0,27,75,231,Northwestern,3/13/1951,4,16,0,0.0,1974.0,0,0,0,TE,TE,steve_craig,1.0,0.0,0.0
1978,NOR,Henry Childs,Henry,Childs,TE,85.0,27,74,223,Kansas St.,4/16/1951,4,16,16,9.0,1974.0,0,0,0,TE,TE,henry_childs,34.0,0.0,1.0
1978,NOR,Henry Childs,Henry,Childs,TE,85.0,27,74,223,Kansas St.,4/16/1951,4,16,16,9.0,1974.0,0,0,0,TE,TE,henry_childs,34.0,0.0,1.0
1978,NOR,Larry Hardy,Larry,Hardy,TE,87.0,22,75,234,Jackson St.,7/9/1956,Rook,16,1,1.0,1978.0,0,0,0,TE,TE,larry_hardy,7.0,0.0,0.0
1978,NOR,Larry Hardy,Larry,Hardy,TE,87.0,22,75,234,Jackson St.,7/9/1956,Rook,16,1,1.0,1978.0,0,0,0,TE,TE,larry_hardy,7.0,0.0,0.0
1978,NOR,Brooks Williams,Brooks,Williams,TE,88.0,24,76,226,North Carolina,12/7/1954,Rook,16,0,0.0,1978.0,0,0,0,TE,TE,brooks_williams,3.0,0.0,0.0
1978,NOR,Brooks Williams,Brooks,Williams,TE,88.0,24,76,226,North Carolina,12/7/1954,Rook,16,0,0.0,1978.0,0,0,0,TE,TE,brooks_williams,3.0,0.0,0.0
1978,NWE,Russ Francis,Russ,Francis,TE,81.0,25,78,240,Oregon,4/3/1953,3,15,15,6.0,1975.0,0,0,0,TE,TE,russ_francis,46.0,0.0,3.0
1978,NWE,Russ Francis,Russ,Francis,TE,81.0,25,78,240,Oregon,4/3/1953,3,15,15,6.0,1975.0,0,0,0,TE,TE,russ_francis,46.0,0.0,3.0
1978,NWE,Don Hasselbeck,Don,Hasselbeck,TE,80.0,23,79,245,Colorado,4/1/1955,1,16,4,1.0,1977.0,0,0,0,TE,TE,don_hasselbeck,16.0,0.0,0.0
1978,NWE,Don Hasselbeck,Don,Hasselbeck,TE,80.0,23,79,245,Colorado,4/1/1955,1,16,4,1.0,1977.0,0,0,0,TE,TE,don_hasselbeck,16.0,0.0,0.0
1978,NWE,Al Chandler,Al,Chandler,TE,82.0,28,74,233,Oklahoma,11/18/1950,5,4,0,0.0,1973.0,0,0,0,TE,TE,al_chandler,3.0,0.0,0.0
1978,NWE,Al Chandler,Al,Chandler,TE,82.0,28,74,233,Oklahoma,11/18/1950,5,4,0,0.0,1973.0,0,0,0,TE,TE,al_chandler,3.0,0.0,0.0
1978,NYG,Al Dixon,Al,Dixon,TE,84.0,24,77,230,Iowa St.,4/5/1954,1,15,11,4.0,1977.0,0,0,0,TE,TE,al_dixon,13.0,0.0,0.0
1978,NYG,Al Dixon,Al,Dixon,TE,84.0,24,77,230,Iowa St.,4/5/1954,1,15,11,4.0,1977.0,0,0,0,TE,TE,al_dixon,13.0,0.0,0.0
1978,NYG,Gary Shirk,Gary,Shirk,TE,87.0,28,73,220,Morehead St.,2/23/1950,2,16,7,1.0,,0,0,0,TE,TE,gary_shirk,0.0,0.0,0.0
1978,NYG,Gary Shirk,Gary,Shirk,TE,87.0,28,73,220,Morehead St.,2/23/1950,2,16,7,1.0,,0,0,0,TE,TE,gary_shirk,0.0,0.0,0.0
1978,NYJ,Jerome Barkum,Jerome,Barkum,TE,83.0,28,75,218,Jackson St.,7/18/1950,6,16,16,5.0,1972.0,0,0,0,TE,TE,jerome_barkum,42.0,0.0,1.0
1978,NYJ,Jerome Barkum,Jerome,Barkum,TE,83.0,28,75,218,Jackson St.,7/18/1950,6,16,16,5.0,1972.0,0,0,0,TE,TE,jerome_barkum,42.0,0.0,1.0
1978,NYJ,Mickey Shuler,Mickey,Shuler,TE,82.0,22,75,232,Penn St.,8/21/1956,Rook,16,1,1.0,1978.0,0,0,0,TE,TE,mickey_shuler,42.0,0.0,2.0
1978,NYJ,Mickey Shuler,Mickey,Shuler,TE,82.0,22,75,232,Penn St.,8/21/1956,Rook,16,1,1.0,1978.0,0,0,0,TE,TE,mickey_shuler,0.0,0.0,0.0
1978,NYJ,Mickey Shuler,Mickey,Shuler,TE,82.0,22,75,232,Penn St.,8/21/1956,Rook,16,1,1.0,1978.0,0,0,0,TE,TE,mickey_shuler,42.0,0.0,2.0
1978,NYJ,Mickey Shuler,Mickey,Shuler,TE,82.0,22,75,232,Penn St.,8/21/1956,Rook,16,1,1.0,1978.0,0,0,0,TE,TE,mickey_shuler,0.0,0.0,0.0
1978,NYJ,Mark Iwanowski,Mark,Iwanowski,TE,88.0,23,76,230,Pennsylvania,9/8/1955,Rook,5,0,0.0,,0,0,0,TE,TE,mark_iwanowski,0.0,0.0,0.0
1978,NYJ,Bob Raba,Bob,Raba,TE,86.0,23,73,222,Maryland,4/23/1955,1,4,0,0.0,,0,0,0,TE,TE,bob_raba,0.0,0.0,0.0
1978,NYJ,Mark Iwanowski,Mark,Iwanowski,TE,88.0,23,76,230,Pennsylvania,9/8/1955,Rook,5,0,0.0,,0,0,0,TE,TE,mark_iwanowski,0.0,0.0,0.0
1978,NYJ,Bob Raba,Bob,Raba,TE,86.0,23,73,222,Maryland,4/23/1955,1,4,0,0.0,,0,0,0,TE,TE,bob_raba,0.0,0.0,0.0
1978,OTI,Mike Barber,Mike,Barber,TE,86.0,25,75,235,Louisiana Tech,6/4/1953,2,16,16,7.0,1976.0,0,0,0,TE,TE,mike_barber,27.0,0.0,0.0
1978,OTI,Mike Barber,Mike,Barber,TE,86.0,25,75,235,Louisiana Tech,6/4/1953,2,16,16,7.0,1976.0,0,0,0,TE,TE,mike_barber,0.0,0.0,0.0
1978,OTI,Mike Barber,Mike,Barber,TE,86.0,25,75,235,Louisiana Tech,6/4/1953,2,16,16,7.0,1976.0,0,0,0,TE,TE,mike_barber,27.0,0.0,0.0
1978,OTI,Mike Barber,Mike,Barber,TE,86.0,25,75,235,Louisiana Tech,6/4/1953,2,16,16,7.0,1976.0,0,0,0,TE,TE,mike_barber,0.0,0.0,0.0
1978,OTI,Mike Barber,Mike,Barber,TE,86.0,25,75,235,Louisiana Tech,6/4/1953,2,16,16,7.0,1976.0,0,0,0,TE,TE,mike_barber,27.0,0.0,0.0
1978,OTI,Mike Barber,Mike,Barber,TE,86.0,25,75,235,Louisiana Tech,6/4/1953,2,16,16,7.0,1976.0,0,0,0,TE,TE,mike_barber,0.0,0.0,0.0
1978,OTI,Mike Barber,Mike,Barber,TE,86.0,25,75,235,Louisiana Tech,6/4/1953,2,16,16,7.0,1976.0,0,0,0,TE,TE,mike_barber,27.0,0.0,0.0
1978,OTI,Mike Barber,Mike,Barber,TE,86.0,25,75,235,Louisiana Tech,6/4/1953,2,16,16,7.0,1976.0,0,0,0,TE,TE,mike_barber,0.0,0.0,0.0
1978,OTI,Conrad Rucker,Conrad,Rucker,TE,87.0,24,75,255,Southern,11/15/1954,Rook,13,0,1.0,1978.0,0,0,0,TE,TE,conrad_rucker,1.0,0.0,0.0
1978,OTI,Conrad Rucker,Conrad,Rucker,TE,87.0,24,75,255,Southern,11/15/1954,Rook,13,0,1.0,1978.0,0,0,0,TE,TE,conrad_rucker,1.0,0.0,0.0
1978,OTI,Conrad Rucker,Conrad,Rucker,TE,87.0,24,75,255,Southern,11/15/1954,Rook,13,0,1.0,1978.0,0,0,0,TE,TE,conrad_rucker,1.0,0.0,0.0
1978,OTI,Conrad Rucker,Conrad,Rucker,TE,87.0,24,75,255,Southern,11/15/1954,Rook,13,0,1.0,1978.0,0,0,0,TE,TE,conrad_rucker,1.0,0.0,0.0
1978,PHI,Keith Krepfle,Keith,Krepfle,TE,84.0,26,75,227,Iowa St.,2/4/1952,3,10,10,4.0,1974.0,0,0,0,TE,TE,keith_krepfle,25.0,0.0,0.0
1978,PHI,Keith Krepfle,Keith,Krepfle,TE,84.0,26,75,227,Iowa St.,2/4/1952,3,10,10,4.0,1974.0,0,0,0,TE,TE,keith_krepfle,25.0,0.0,0.0
1978,PHI,Richard Osborne,Richard,Osborne,TE,86.0,25,75,230,Texas A&M,10/31/1953,2,16,6,2.0,1976.0,0,0,0,TE,TE,richard_osborne,2.0,0.0,0.0
1978,PHI,Richard Osborne,Richard,Osborne,TE,86.0,25,75,230,Texas A&M,10/31/1953,2,16,6,2.0,1976.0,0,0,0,TE,TE,richard_osborne,2.0,0.0,0.0
1978,PHI,Bill Larson,Bill,Larson,TE,88.0,25,76,225,Colorado St.,10/7/1953,3,5,0,0.0,,0,0,0,TE,TE,bill_larson,0.0,0.0,0.0
1978,PHI,Bill Larson,Bill,Larson,TE,88.0,25,76,225,Colorado St.,10/7/1953,3,5,0,0.0,,0,0,0,TE,TE,bill_larson,0.0,0.0,0.0
1978,PIT,Randy Grossman,Randy,Grossman,TE,84.0,26,73,218,Temple,9/20/1952,4,16,10,6.0,,0,0,0,TE,TE,randy_grossman,0.0,0.0,0.0
1978,PIT,Randy Grossman,Randy,Grossman,TE,84.0,26,73,218,Temple,9/20/1952,4,16,10,6.0,,0,0,0,TE,TE,randy_grossman,0.0,0.0,0.0
1978,PIT,Bennie Cunningham,Bennie,Cunningham,TE,89.0,24,77,254,Clemson,12/23/1954,2,6,6,5.0,1976.0,0,0,0,TE,TE,bennie_cunningham,30.0,0.0,0.0
1978,PIT,Bennie Cunningham,Bennie,Cunningham,TE,89.0,24,77,254,Clemson,12/23/1954,2,6,6,5.0,1976.0,0,0,0,TE,TE,bennie_cunningham,30.0,0.0,0.0
1978,PIT,Jim Mandich,Jim,Mandich,TE,87.0,30,74,224,Michigan,7/30/1948,8,10,0,0.0,1970.0,0,0,0,TE,TE,jim_mandich,22.0,0.0,0.0
1978,PIT,Jim Mandich,Jim,Mandich,TE,87.0,30,74,224,Michigan,7/30/1948,8,10,0,0.0,1970.0,0,0,0,TE,TE,jim_mandich,22.0,0.0,0.0
1978,RAI,Dave Casper,Dave,Casper,TE,87.0,26,76,240,Notre Dame,2/2/1952,4,16,16,8.0,1974.0,0,0,0,TE,TE,dave_casper,52.0,4.0,5.0
1978,RAI,Dave Casper,Dave,Casper,TE,87.0,26,76,240,Notre Dame,2/2/1952,4,16,16,8.0,1974.0,0,0,0,TE,TE,dave_casper,52.0,4.0,5.0
1978,RAI,Raymond Chester,Raymond,Chester,TE,88.0,30,75,232,Morgan St.,6/28/1948,8,16,0,1.0,1970.0,0,0,0,TE,TE,raymond_chester,52.0,0.0,4.0
1978,RAI,Raymond Chester,Raymond,Chester,TE,88.0,30,75,232,Morgan St.,6/28/1948,8,16,0,1.0,1970.0,0,0,0,TE,TE,raymond_chester,52.0,0.0,4.0
1978,RAI,Warren Bankston,Warren,Bankston,TE,46.0,31,76,235,Tulane,7/22/1947,9,8,0,0.0,1969.0,0,0,0,TE,TE,warren_bankston,8.0,0.0,0.0
1978,RAI,Derrick Ramsey,Derrick,Ramsey,TE,84.0,22,76,230,Kentucky,12/23/1956,Rook,16,0,0.0,1978.0,0,0,0,TE,TE,derrick_ramsey,18.0,0.0,0.0
1978,RAI,Warren Bankston,Warren,Bankston,TE,46.0,31,76,235,Tulane,7/22/1947,9,8,0,0.0,1969.0,0,0,0,TE,TE,warren_bankston,8.0,0.0,0.0
1978,RAI,Derrick Ramsey,Derrick,Ramsey,TE,84.0,22,76,230,Kentucky,12/23/1956,Rook,16,0,0.0,1978.0,0,0,0,TE,TE,derrick_ramsey,18.0,0.0,0.0
1978,RAM,Terry Nelson,Terry,Nelson,TE,83.0,27,74,233,Ark-Pine Bluff,5/20/1951,5,13,13,3.0,1973.0,0,0,0,TE,TE,terry_nelson,13.0,0.0,0.0
1978,RAM,Terry Nelson,Terry,Nelson,TE,83.0,27,74,233,Ark-Pine Bluff,5/20/1951,5,13,13,3.0,1973.0,0,0,0,TE,TE,terry_nelson,13.0,0.0,0.0
1978,RAM,Charle Young,Charle,Young,TE,86.0,27,76,234,USC,2/5/1951,5,16,3,2.0,1973.0,0,0,0,TE,TE,charle_young,47.0,1.0,3.0
1978,RAM,Charle Young,Charle,Young,TE,86.0,27,76,234,USC,2/5/1951,5,16,3,2.0,1973.0,0,0,0,TE,TE,charle_young,47.0,1.0,3.0
1978,SDG,Bob Klein,Bob,Klein,TE,84.0,31,77,235,USC,7/27/1947,9,16,16,4.0,1969.0,0,0,0,TE,TE,bob_klein,30.0,0.0,0.0
1978,SDG,Bob Klein,Bob,Klein,TE,84.0,31,77,235,USC,7/27/1947,9,16,16,4.0,1969.0,0,0,0,TE,TE,bob_klein,30.0,0.0,0.0
1978,SDG,Pat Curran,Pat,Curran,TE,82.0,33,76,238,"Iowa St.,Lakeland",9/21/1945,9,14,0,1.0,1969.0,0,0,0,TE,TE,pat_curran,13.0,0.0,0.0
1978,SDG,Pat Curran,Pat,Curran,TE,82.0,33,76,238,"Iowa St.,Lakeland",9/21/1945,9,14,0,1.0,1969.0,0,0,0,TE,TE,pat_curran,13.0,0.0,0.0
1978,SDG,Greg McCrary,Greg,McCrary,TE,88.0,26,73,233,Clark (GA),3/24/1952,3,8,1,0.0,1975.0,0,0,0,TE,TE,greg_mccrary,1.0,0.0,0.0
1978,SDG,Greg McCrary,Greg,McCrary,TE,88.0,26,73,233,Clark (GA),3/24/1952,3,8,1,0.0,1975.0,0,0,0,TE,TE,greg_mccrary,1.0,0.0,0.0
1978,SEA,Ron Howard,Ron,Howard,TE,87.0,27,76,229,Seattle,3/3/1951,4,16,11,3.0,,0,0,0,TE,TE,ron_howard,0.0,0.0,0.0
1978,SEA,Ron Howard,Ron,Howard,TE,87.0,27,76,229,Seattle,3/3/1951,4,16,11,3.0,,0,0,0,TE,TE,ron_howard,0.0,0.0,0.0
1978,SEA,John Sawyer,John,Sawyer,TE,81.0,25,74,230,Southern Miss,7/26/1953,3,11,5,1.0,1975.0,0,0,0,TE,TE,john_sawyer,14.0,0.0,0.0
1978,SEA,John Sawyer,John,Sawyer,TE,81.0,25,74,230,Southern Miss,7/26/1953,3,11,5,1.0,1975.0,0,0,0,TE,TE,john_sawyer,14.0,0.0,0.0
1978,SEA,Brian Peets,Brian,Peets,TE,88.0,22,76,225,Pacific,7/15/1956,Rook,8,0,0.0,,0,0,0,TE,TE,brian_peets,0.0,0.0,0.0
1978,SEA,Brian Peets,Brian,Peets,TE,88.0,22,76,225,Pacific,7/15/1956,Rook,8,0,0.0,,0,0,0,TE,TE,brian_peets,0.0,0.0,0.0
1978,SFO,Paul Seal,Paul,Seal,TE,85.0,26,76,222,Michigan,2/27/1952,4,14,4,3.0,1974.0,0,0,0,TE,TE,paul_seal,14.0,0.0,0.0
1978,SFO,Paul Seal,Paul,Seal,TE,85.0,26,76,222,Michigan,2/27/1952,4,14,4,3.0,1974.0,0,0,0,TE,TE,paul_seal,14.0,0.0,0.0
1978,SFO,Ken MacAfee,Ken,MacAfee,TE,81.0,22,76,250,Notre Dame,1/9/1956,Rook,13,13,2.0,1978.0,0,0,0,TE,TE,ken_macafee,0.0,0.0,0.0
1978,SFO,Ken MacAfee,Ken,MacAfee,TE,81.0,22,76,250,Notre Dame,1/9/1956,Rook,13,13,2.0,1978.0,0,0,0,TE,TE,ken_macafee,5.0,0.0,0.0
1978,SFO,Ken MacAfee,Ken,MacAfee,TE,81.0,22,76,250,Notre Dame,1/9/1956,Rook,13,13,2.0,1978.0,0,0,0,TE,TE,ken_macafee,0.0,0.0,0.0
1978,SFO,Ken MacAfee,Ken,MacAfee,TE,81.0,22,76,250,Notre Dame,1/9/1956,Rook,13,13,2.0,1978.0,0,0,0,TE,TE,ken_macafee,5.0,0.0,0.0
1978,SFO,Lon Boyett,Lon,Boyett,TE,82.0,25,78,240,Cal State-Northridge,12/24/1953,Rook,3,0,0.0,,0,0,0,TE,TE,lon_boyett,0.0,0.0,0.0
1978,SFO,Lon Boyett,Lon,Boyett,TE,82.0,25,78,240,Cal State-Northridge,12/24/1953,Rook,3,0,0.0,,0,0,0,TE,TE,lon_boyett,0.0,0.0,0.0
1978,TAM,Jimmie Giles,Jimmie,Giles,TE,88.0,24,75,239,Alcorn St.,11/8/1954,1,16,10,3.0,1977.0,0,0,0,TE,TE,jimmie_giles,40.0,0.0,4.0
1978,TAM,Jimmie Giles,Jimmie,Giles,TE,88.0,24,75,239,Alcorn St.,11/8/1954,1,16,10,3.0,1977.0,0,0,0,TE,TE,jimmie_giles,40.0,0.0,4.0
1978,TAM,Jim Obradovich,Jim,Obradovich,TE,86.0,25,74,225,USC,4/2/1953,3,16,9,2.0,1975.0,0,0,0,TE,TE,jim_obradovich,6.0,0.0,0.0
1978,TAM,Jim Obradovich,Jim,Obradovich,TE,86.0,25,74,225,USC,4/2/1953,3,16,9,2.0,1975.0,0,0,0,TE,TE,jim_obradovich,6.0,0.0,0.0
1978,TAM,Al Darby,Al,Darby,TE,82.0,24,77,221,Florida,9/14/1954,2,6,1,0.0,1976.0,0,0,0,TE,TE,al_darby,0.0,0.0,0.0
1978,TAM,Al Darby,Al,Darby,TE,82.0,24,77,221,Florida,9/14/1954,2,6,1,0.0,1976.0,0,0,0,TE,TE,al_darby,0.0,0.0,0.0
1978,WAS,Jean Fugett,Jean,Fugett,TE,84.0,27,75,225,Amherst,12/16/1951,6,14,12,3.0,1972.0,0,0,0,TE,TE,jean_fugett,24.0,0.0,1.0
1978,WAS,Jean Fugett,Jean,Fugett,TE,84.0,27,75,225,Amherst,12/16/1951,6,14,12,3.0,1972.0,0,0,0,TE,TE,jean_fugett,24.0,0.0,1.0
1978,WAS,Reggie Haynes,Reggie,Haynes,TE,89.0,24,74,229,UNLV,9/15/1954,Rook,14,4,0.0,1977.0,0,0,0,TE,TE,reggie_haynes,0.0,0.0,0.0
1978,WAS,Greg McCrary,Greg,McCrary,TE,85.0,26,73,233,Clark (GA),3/24/1952,3,5,0,0.0,1975.0,0,0,0,TE,TE,greg_mccrary,1.0,0.0,0.0
1978,WAS,Reggie Haynes,Reggie,Haynes,TE,89.0,24,74,229,UNLV,9/15/1954,Rook,14,4,0.0,1977.0,0,0,0,TE,TE,reggie_haynes,0.0,0.0,0.0
1978,WAS,Greg McCrary,Greg,McCrary,TE,85.0,26,73,233,Clark (GA),3/24/1952,3,5,0,0.0,1975.0,0,0,0,TE,TE,greg_mccrary,1.0,0.0,0.0
1979,ATL,Jim Mitchell,Jim,Mitchell,TE,86.0,32,73,234,Prairie View A&M,10/19/1947,10,16,16,1.0,1969.0,0,0,0,TE,TE,jim_mitchell,39.0,0.0,2.0
1979,ATL,Jim Mitchell,Jim,Mitchell,TE,86.0,32,73,234,Prairie View A&M,10/19/1947,10,16,16,1.0,1969.0,0,0,0,TE,TE,jim_mitchell,35.0,0.0,0.0
1979,ATL,Jim Mitchell,Jim,Mitchell,TE,86.0,32,73,234,Prairie View A&M,10/19/1947,10,16,16,1.0,1969.0,0,0,0,TE,TE,jim_mitchell,39.0,0.0,2.0
1979,ATL,Jim Mitchell,Jim,Mitchell,TE,86.0,32,73,234,Prairie View A&M,10/19/1947,10,16,16,1.0,1969.0,0,0,0,TE,TE,jim_mitchell,35.0,0.0,0.0
1979,ATL,Russ Mikeska,Russ,Mikeska,TE,87.0,24,75,225,Texas A&M,9/10/1955,Rook,16,0,0.0,,0,0,0,TE,TE,russ_mikeska,0.0,0.0,0.0
1979,ATL,Russ Mikeska,Russ,Mikeska,TE,87.0,24,75,225,Texas A&M,9/10/1955,Rook,16,0,0.0,,0,0,0,TE,TE,russ_mikeska,0.0,0.0,0.0
1979,BUF,Reuben Gant,Reuben,Gant,TE,88.0,27,76,230,Oklahoma St.,4/12/1952,5,14,14,2.0,1974.0,0,0,0,TE,TE,reuben_gant,16.0,0.0,0.0
1979,BUF,Reuben Gant,Reuben,Gant,TE,88.0,27,76,230,Oklahoma St.,4/12/1952,5,14,14,2.0,1974.0,0,0,0,TE,TE,reuben_gant,16.0,0.0,0.0
1979,BUF,Ron Howard,Ron,Howard,TE,85.0,28,76,229,Seattle,3/3/1951,5,1,0,0.0,,0,0,0,TE,TE,ron_howard,0.0,0.0,0.0
1979,BUF,Joe Shipp,Joe,Shipp,TE,87.0,24,76,225,USC,7/25/1955,Rook,16,2,0.0,,0,0,0,TE,TE,joe_shipp,0.0,0.0,0.0
1979,BUF,Ron Howard,Ron,Howard,TE,85.0,28,76,229,Seattle,3/3/1951,5,1,0,0.0,,0,0,0,TE,TE,ron_howard,0.0,0.0,0.0
1979,BUF,Joe Shipp,Joe,Shipp,TE,87.0,24,76,225,USC,7/25/1955,Rook,16,2,0.0,,0,0,0,TE,TE,joe_shipp,0.0,0.0,0.0
1979,CHI,Mike Cobb,Mike,Cobb,TE,87.0,24,77,244,Michigan St.,12/10/1955,2,16,15,1.0,1977.0,0,0,0,TE,TE,mike_cobb,1.0,0.0,0.0
1979,CHI,Greg Latta,Greg,Latta,TE,88.0,27,75,227,Morgan St.,10/13/1952,4,15,1,1.0,1974.0,0,0,0,TE,TE,greg_latta,12.0,0.0,0.0
1979,CHI,Mike Cobb,Mike,Cobb,TE,87.0,24,77,244,Michigan St.,12/10/1955,2,16,15,1.0,1977.0,0,0,0,TE,TE,mike_cobb,1.0,0.0,0.0
1979,CHI,Greg Latta,Greg,Latta,TE,88.0,27,75,227,Morgan St.,10/13/1952,4,15,1,1.0,1974.0,0,0,0,TE,TE,greg_latta,12.0,0.0,0.0
1979,CIN,Dan Ross,Dan,Ross,TE,89.0,22,76,238,Northeastern,2/9/1957,Rook,16,16,6.0,1979.0,0,0,0,TE,TE,dan_ross,35.0,0.0,1.0
1979,CIN,Dan Ross,Dan,Ross,TE,89.0,22,76,238,Northeastern,2/9/1957,Rook,16,16,6.0,1979.0,0,0,0,TE,TE,dan_ross,35.0,0.0,1.0
1979,CIN,Jim Corbett,Jim,Corbett,TE,81.0,24,76,218,Pittsburgh,2/22/1955,2,10,1,0.0,1977.0,0,0,0,TE,TE,jim_corbett,3.0,0.0,0.0
1979,CIN,Rick Walker,Rick,Walker,TE,83.0,24,76,235,UCLA,5/28/1955,2,10,0,0.0,1977.0,0,0,0,TE,TE,rick_walker,7.0,0.0,0.0
1979,CIN,Jim Corbett,Jim,Corbett,TE,81.0,24,76,218,Pittsburgh,2/22/1955,2,10,1,0.0,1977.0,0,0,0,TE,TE,jim_corbett,3.0,0.0,0.0
1979,CIN,Rick Walker,Rick,Walker,TE,83.0,24,76,235,UCLA,5/28/1955,2,10,0,0.0,1977.0,0,0,0,TE,TE,rick_walker,7.0,0.0,0.0
1979,CLE,Ozzie Newsome,Ozzie,Newsome,TE,82.0,23,74,232,Alabama,3/16/1956,1,16,16,8.0,1978.0,0,0,0,TE,TE,ozzie_newsome,59.0,1.0,3.0
1979,CLE,Ozzie Newsome,Ozzie,Newsome,TE,82.0,23,74,232,Alabama,3/16/1956,1,16,16,8.0,1978.0,0,0,0,TE,TE,ozzie_newsome,59.0,1.0,3.0
1979,CLE,Curtis Weathers,Curtis,Weathers,TE,87.0,23,77,224,Mississippi,9/16/1956,Rook,16,0,3.0,1979.0,0,0,0,TE,TE,curtis_weathers,13.0,0.0,0.0
1979,CLE,Curtis Weathers,Curtis,Weathers,TE,87.0,23,77,224,Mississippi,9/16/1956,Rook,16,0,3.0,1979.0,0,0,0,TE,TE,curtis_weathers,13.0,0.0,0.0
1979,CLT,Reese McCall,Reese,McCall,TE,86.0,23,78,239,Auburn,6/16/1956,1,14,12,4.0,1978.0,0,0,0,TE,TE,reese_mccall,10.0,0.0,0.0
1979,CLT,Reese McCall,Reese,McCall,TE,86.0,23,78,239,Auburn,6/16/1956,1,14,12,4.0,1978.0,0,0,0,TE,TE,reese_mccall,10.0,0.0,0.0
1979,CLT,Mack Alston,Mack,Alston,TE,83.0,32,74,230,MD-Eastern Shore,4/27/1947,9,14,4,1.0,1970.0,0,0,0,TE,TE,mack_alston,12.0,0.0,0.0
1979,CLT,Mack Alston,Mack,Alston,TE,83.0,32,74,230,MD-Eastern Shore,4/27/1947,9,14,4,1.0,1970.0,0,0,0,TE,TE,mack_alston,12.0,0.0,0.0
1979,CRD,Gary Parris,Gary,Parris,TE,89.0,29,74,226,Florida St.,6/13/1950,6,9,7,2.0,1973.0,0,0,0,TE,TE,gary_parris,6.0,0.0,0.0
1979,CRD,Gary Parris,Gary,Parris,TE,89.0,29,74,226,Florida St.,6/13/1950,6,9,7,2.0,1973.0,0,0,0,TE,TE,gary_parris,6.0,0.0,0.0
1979,CRD,Al Chandler,Al,Chandler,TE,87.0,29,74,233,Oklahoma,11/18/1950,6,8,2,0.0,1973.0,0,0,0,TE,TE,al_chandler,3.0,0.0,0.0
1979,CRD,Bill Murrell,Bill,Murrell,TE,80.0,23,75,220,Winston-Salem St.,6/14/1956,Rook,12,3,0.0,1979.0,0,0,0,TE,TE,bill_murrell,0.0,0.0,0.0
1979,CRD,Richard Osborne,Richard,Osborne,TE,87.0,26,75,230,Texas A&M,10/31/1953,3,7,3,0.0,1976.0,0,0,0,TE,TE,richard_osborne,2.0,0.0,0.0
1979,CRD,Al Chandler,Al,Chandler,TE,87.0,29,74,233,Oklahoma,11/18/1950,6,8,2,0.0,1973.0,0,0,0,TE,TE,al_chandler,3.0,0.0,0.0
1979,CRD,Bill Murrell,Bill,Murrell,TE,80.0,23,75,220,Winston-Salem St.,6/14/1956,Rook,12,3,0.0,1979.0,0,0,0,TE,TE,bill_murrell,0.0,0.0,0.0
1979,CRD,Richard Osborne,Richard,Osborne,TE,87.0,26,75,230,Texas A&M,10/31/1953,3,7,3,0.0,1976.0,0,0,0,TE,TE,richard_osborne,2.0,0.0,0.0
1979,DAL,Billy Joe DuPree,Billy,Joe DuPree,TE,89.0,29,76,225,Michigan St.,3/7/1950,6,16,16,3.0,1973.0,0,0,0,TE,TE,billy_joe dupree,0.0,0.0,0.0
1979,DAL,Billy Joe DuPree,Billy,Joe DuPree,TE,89.0,29,76,225,Michigan St.,3/7/1950,6,16,16,3.0,1973.0,0,0,0,TE,TE,billy_joe dupree,0.0,0.0,0.0
1979,DAL,Doug Cosbie,Doug,Cosbie,TE,84.0,23,78,236,"Holy Cross,Santa Clara",3/27/1956,Rook,16,1,0.0,1979.0,0,0,0,TE,TE,doug_cosbie,32.0,0.0,3.0
1979,DAL,Doug Cosbie,Doug,Cosbie,TE,84.0,23,78,236,"Holy Cross,Santa Clara",3/27/1956,Rook,16,1,0.0,1979.0,0,0,0,TE,TE,doug_cosbie,32.0,0.0,3.0
1979,DEN,Riley Odoms,Riley,Odoms,TE,88.0,29,76,230,Houston,3/1/1950,7,13,12,5.0,1972.0,0,0,0,TE,TE,riley_odoms,54.0,2.0,4.0
1979,DEN,Riley Odoms,Riley,Odoms,TE,88.0,29,76,230,Houston,3/1/1950,7,13,12,5.0,1972.0,0,0,0,TE,TE,riley_odoms,54.0,2.0,4.0
1979,DEN,Ron Egloff,Ron,Egloff,TE,85.0,24,77,230,Wisconsin,10/3/1955,2,15,4,1.0,,0,0,0,TE,TE,ron_egloff,0.0,0.0,0.0
1979,DEN,Ron Egloff,Ron,Egloff,TE,85.0,24,77,230,Wisconsin,10/3/1955,2,15,4,1.0,,0,0,0,TE,TE,ron_egloff,0.0,0.0,0.0
1979,DET,David Hill,David,Hill,TE,81.0,25,74,229,Texas A&M-Kingsville,1/1/1954,3,16,15,5.0,1976.0,0,0,0,TE,TE,david_hill,34.0,0.0,2.0
1979,DET,David Hill,David,Hill,TE,81.0,25,74,229,Texas A&M-Kingsville,1/1/1954,3,16,15,5.0,1976.0,0,0,0,TE,TE,david_hill,34.0,0.0,2.0
1979,DET,Ulysses Norris,Ulysses,Norris,TE,80.0,22,76,230,Georgia,1/15/1957,Rook,16,2,0.0,1979.0,0,0,0,TE,TE,ulysses_norris,5.0,0.0,0.0
1979,DET,Ulysses Norris,Ulysses,Norris,TE,80.0,22,76,230,Georgia,1/15/1957,Rook,16,2,0.0,1979.0,0,0,0,TE,TE,ulysses_norris,5.0,0.0,0.0
1979,GNB,Paul Coffman,Paul,Coffman,TE,82.0,23,75,222,Kansas St.,3/29/1956,1,16,16,6.0,,0,0,0,TE,TE,paul_coffman,0.0,0.0,1.0
1979,GNB,Paul Coffman,Paul,Coffman,TE,82.0,23,75,222,Kansas St.,3/29/1956,1,16,16,6.0,,0,0,0,TE,TE,paul_coffman,0.0,0.0,1.0
1979,GNB,John Thompson,John,Thompson,TE,83.0,22,75,228,"Weber St.,Utah St.",1/18/1957,Rook,16,0,0.0,1979.0,0,0,0,TE,TE,john_thompson,0.0,0.0,0.0
1979,GNB,John Thompson,John,Thompson,TE,83.0,22,75,228,"Weber St.,Utah St.",1/18/1957,Rook,16,0,0.0,1979.0,0,0,0,TE,TE,john_thompson,0.0,0.0,0.0
1979,GNB,John Thompson,John,Thompson,TE,83.0,22,75,228,"Weber St.,Utah St.",1/18/1957,Rook,16,0,0.0,1979.0,0,0,0,TE,TE,john_thompson,0.0,0.0,0.0
1979,GNB,John Thompson,John,Thompson,TE,83.0,22,75,228,"Weber St.,Utah St.",1/18/1957,Rook,16,0,0.0,1979.0,0,0,0,TE,TE,john_thompson,0.0,0.0,0.0
1979,KAN,Tony Samuels,Tony,Samuels,TE,81.0,25,76,229,"Florida A&M,Bethune-Cookman",12/30/1954,2,16,13,1.0,1977.0,0,0,0,TE,TE,tony_samuels,4.0,0.0,0.0
1979,KAN,Tony Samuels,Tony,Samuels,TE,81.0,25,76,229,"Florida A&M,Bethune-Cookman",12/30/1954,2,16,13,1.0,1977.0,0,0,0,TE,TE,tony_samuels,4.0,0.0,0.0
1979,KAN,Ed Beckman,Ed,Beckman,TE,85.0,24,76,229,Florida St.,1/2/1955,2,9,2,0.0,,0,0,0,TE,TE,ed_beckman,0.0,0.0,0.0
1979,KAN,Al Dixon,Al,Dixon,TE,84.0,25,77,230,Iowa St.,4/5/1954,2,3,1,0.0,1977.0,0,0,0,TE,TE,al_dixon,13.0,0.0,0.0
1979,KAN,Walter White,Walter,White,TE,88.0,28,75,216,"Colorado Mesa,Maryland",7/19/1951,4,6,3,0.0,1975.0,0,0,0,TE,TE,walter_white,24.0,0.0,0.0
1979,KAN,Ed Beckman,Ed,Beckman,TE,85.0,24,76,229,Florida St.,1/2/1955,2,9,2,0.0,,0,0,0,TE,TE,ed_beckman,0.0,0.0,0.0
1979,KAN,Al Dixon,Al,Dixon,TE,84.0,25,77,230,Iowa St.,4/5/1954,2,3,1,0.0,1977.0,0,0,0,TE,TE,al_dixon,13.0,0.0,0.0
1979,KAN,Walter White,Walter,White,TE,88.0,28,75,216,"Colorado Mesa,Maryland",7/19/1951,4,6,3,0.0,1975.0,0,0,0,TE,TE,walter_white,24.0,0.0,0.0
1979,MIA,Bruce Hardy,Bruce,Hardy,TE,84.0,23,77,235,Arizona St.,6/1/1956,1,16,14,5.0,1978.0,0,0,0,TE,TE,bruce_hardy,22.0,0.0,0.0
1979,MIA,Bruce Hardy,Bruce,Hardy,TE,84.0,23,77,235,Arizona St.,6/1/1956,1,16,14,5.0,1978.0,0,0,0,TE,TE,bruce_hardy,22.0,0.0,0.0
1979,MIA,Ronnie Lee,Ronnie,Lee,TE,86.0,23,75,265,Baylor,12/24/1956,Rook,16,3,2.0,1979.0,0,0,0,TE,TE,ronnie_lee,43.0,0.0,0.0
1979,MIA,Ronnie Lee,Ronnie,Lee,TE,86.0,23,75,265,Baylor,12/24/1956,Rook,16,3,2.0,1979.0,0,0,0,TE,TE,ronnie_lee,43.0,0.0,0.0
1979,MIN,Bob Tucker,Bob,Tucker,TE,38.0,34,75,230,Bloomsburg,6/8/1945,9,16,15,2.0,,0,0,0,TE,TE,bob_tucker,0.0,0.0,0.0
1979,MIN,Bob Tucker,Bob,Tucker,TE,38.0,34,75,230,Bloomsburg,6/8/1945,9,16,15,2.0,,0,0,0,TE,TE,bob_tucker,0.0,0.0,0.0
1979,MIN,Stu Voigt,Stu,Voigt,TE,83.0,31,73,223,Wisconsin,8/12/1948,9,16,1,1.0,1970.0,0,0,0,TE,TE,stu_voigt,21.0,0.0,0.0
1979,MIN,Stu Voigt,Stu,Voigt,TE,83.0,31,73,223,Wisconsin,8/12/1948,9,16,1,1.0,1970.0,0,0,0,TE,TE,stu_voigt,21.0,0.0,0.0
1979,NOR,Henry Childs,Henry,Childs,TE,85.0,28,74,223,Kansas St.,4/16/1951,5,16,16,11.0,1974.0,0,0,0,TE,TE,henry_childs,34.0,0.0,1.0
1979,NOR,Henry Childs,Henry,Childs,TE,85.0,28,74,223,Kansas St.,4/16/1951,5,16,16,11.0,1974.0,0,0,0,TE,TE,henry_childs,34.0,0.0,1.0
1979,NOR,Larry Hardy,Larry,Hardy,TE,87.0,23,75,234,Jackson St.,7/9/1956,1,16,0,0.0,1978.0,0,0,0,TE,TE,larry_hardy,7.0,0.0,0.0
1979,NOR,Brooks Williams,Brooks,Williams,TE,88.0,25,76,226,North Carolina,12/7/1954,1,16,0,0.0,1978.0,0,0,0,TE,TE,brooks_williams,3.0,0.0,0.0
1979,NOR,Larry Hardy,Larry,Hardy,TE,87.0,23,75,234,Jackson St.,7/9/1956,1,16,0,0.0,1978.0,0,0,0,TE,TE,larry_hardy,7.0,0.0,0.0
1979,NOR,Brooks Williams,Brooks,Williams,TE,88.0,25,76,226,North Carolina,12/7/1954,1,16,0,0.0,1978.0,0,0,0,TE,TE,brooks_williams,3.0,0.0,0.0
1979,NWE,Russ Francis,Russ,Francis,TE,81.0,26,78,240,Oregon,4/3/1953,4,12,12,6.0,1975.0,0,0,0,TE,TE,russ_francis,46.0,0.0,3.0
1979,NWE,Russ Francis,Russ,Francis,TE,81.0,26,78,240,Oregon,4/3/1953,4,12,12,6.0,1975.0,0,0,0,TE,TE,russ_francis,46.0,0.0,3.0
1979,NWE,Don Hasselbeck,Don,Hasselbeck,TE,80.0,24,79,245,Colorado,4/1/1955,2,16,4,2.0,1977.0,0,0,0,TE,TE,don_hasselbeck,16.0,0.0,0.0
1979,NWE,Don Hasselbeck,Don,Hasselbeck,TE,80.0,24,79,245,Colorado,4/1/1955,2,16,4,2.0,1977.0,0,0,0,TE,TE,don_hasselbeck,16.0,0.0,0.0
1979,NWE,Al Chandler,Al,Chandler,TE,82.0,29,74,233,Oklahoma,11/18/1950,6,7,0,0.0,1973.0,0,0,0,TE,TE,al_chandler,3.0,0.0,0.0
1979,NWE,Al Chandler,Al,Chandler,TE,82.0,29,74,233,Oklahoma,11/18/1950,6,7,0,0.0,1973.0,0,0,0,TE,TE,al_chandler,3.0,0.0,0.0
1979,NYG,Gary Shirk,Gary,Shirk,TE,87.0,29,73,220,Morehead St.,2/23/1950,3,16,15,4.0,,0,0,0,TE,TE,gary_shirk,0.0,0.0,0.0
1979,NYG,Gary Shirk,Gary,Shirk,TE,87.0,29,73,220,Morehead St.,2/23/1950,3,16,15,4.0,,0,0,0,TE,TE,gary_shirk,0.0,0.0,0.0
1979,NYG,Al Dixon,Al,Dixon,TE,84.0,25,77,230,Iowa St.,4/5/1954,2,5,1,0.0,1977.0,0,0,0,TE,TE,al_dixon,13.0,0.0,0.0
1979,NYG,Cleveland Jackson,Cleveland,Jackson,TE,81.0,23,76,230,"Michigan St.,UNLV",10/1/1956,Rook,2,0,0.0,1979.0,0,0,0,TE,TE,cleveland_jackson,0.0,0.0,0.0
1979,NYG,Loaird McCreary,Loaird,McCreary,TE,89.0,26,77,227,Tennessee St.,3/15/1953,3,11,0,0.0,1976.0,0,0,0,TE,TE,loaird_mccreary,1.0,0.0,0.0
1979,NYG,Tom Mullady,Tom,Mullady,TE,81.0,22,75,232,Rhodes,1/30/1957,Rook,2,0,0.0,1979.0,0,0,0,TE,TE,tom_mullady,9.0,0.0,0.0
1979,NYG,Al Dixon,Al,Dixon,TE,84.0,25,77,230,Iowa St.,4/5/1954,2,5,1,0.0,1977.0,0,0,0,TE,TE,al_dixon,13.0,0.0,0.0
1979,NYG,Cleveland Jackson,Cleveland,Jackson,TE,81.0,23,76,230,"Michigan St.,UNLV",10/1/1956,Rook,2,0,0.0,1979.0,0,0,0,TE,TE,cleveland_jackson,0.0,0.0,0.0
1979,NYG,Loaird McCreary,Loaird,McCreary,TE,89.0,26,77,227,Tennessee St.,3/15/1953,3,11,0,0.0,1976.0,0,0,0,TE,TE,loaird_mccreary,1.0,0.0,0.0
1979,NYG,Tom Mullady,Tom,Mullady,TE,81.0,22,75,232,Rhodes,1/30/1957,Rook,2,0,0.0,1979.0,0,0,0,TE,TE,tom_mullady,9.0,0.0,0.0
1979,NYJ,Jerome Barkum,Jerome,Barkum,TE,83.0,29,75,218,Jackson St.,7/18/1950,7,13,13,4.0,1972.0,0,0,0,TE,TE,jerome_barkum,42.0,0.0,1.0
1979,NYJ,Jerome Barkum,Jerome,Barkum,TE,83.0,29,75,218,Jackson St.,7/18/1950,7,13,13,4.0,1972.0,0,0,0,TE,TE,jerome_barkum,42.0,0.0,1.0
1979,NYJ,Mickey Shuler,Mickey,Shuler,TE,82.0,23,75,232,Penn St.,8/21/1956,1,16,6,2.0,1978.0,0,0,0,TE,TE,mickey_shuler,42.0,0.0,2.0
1979,NYJ,Mickey Shuler,Mickey,Shuler,TE,82.0,23,75,232,Penn St.,8/21/1956,1,16,6,2.0,1978.0,0,0,0,TE,TE,mickey_shuler,0.0,0.0,0.0
1979,NYJ,Mickey Shuler,Mickey,Shuler,TE,82.0,23,75,232,Penn St.,8/21/1956,1,16,6,2.0,1978.0,0,0,0,TE,TE,mickey_shuler,42.0,0.0,2.0
1979,NYJ,Mickey Shuler,Mickey,Shuler,TE,82.0,23,75,232,Penn St.,8/21/1956,1,16,6,2.0,1978.0,0,0,0,TE,TE,mickey_shuler,0.0,0.0,0.0
1979,NYJ,Bob Raba,Bob,Raba,TE,86.0,24,73,222,Maryland,4/23/1955,2,8,0,0.0,,0,0,0,TE,TE,bob_raba,0.0,0.0,0.0
1979,NYJ,Bob Raba,Bob,Raba,TE,86.0,24,73,222,Maryland,4/23/1955,2,8,0,0.0,,0,0,0,TE,TE,bob_raba,0.0,0.0,0.0
1979,OTI,Mike Barber,Mike,Barber,TE,86.0,26,75,235,Louisiana Tech,6/4/1953,3,15,15,5.0,1976.0,0,0,0,TE,TE,mike_barber,27.0,0.0,0.0
1979,OTI,Mike Barber,Mike,Barber,TE,86.0,26,75,235,Louisiana Tech,6/4/1953,3,15,15,5.0,1976.0,0,0,0,TE,TE,mike_barber,0.0,0.0,0.0
1979,OTI,Mike Barber,Mike,Barber,TE,86.0,26,75,235,Louisiana Tech,6/4/1953,3,15,15,5.0,1976.0,0,0,0,TE,TE,mike_barber,27.0,0.0,0.0
1979,OTI,Mike Barber,Mike,Barber,TE,86.0,26,75,235,Louisiana Tech,6/4/1953,3,15,15,5.0,1976.0,0,0,0,TE,TE,mike_barber,0.0,0.0,0.0
1979,OTI,Mike Barber,Mike,Barber,TE,86.0,26,75,235,Louisiana Tech,6/4/1953,3,15,15,5.0,1976.0,0,0,0,TE,TE,mike_barber,27.0,0.0,0.0
1979,OTI,Mike Barber,Mike,Barber,TE,86.0,26,75,235,Louisiana Tech,6/4/1953,3,15,15,5.0,1976.0,0,0,0,TE,TE,mike_barber,0.0,0.0,0.0
1979,OTI,Mike Barber,Mike,Barber,TE,86.0,26,75,235,Louisiana Tech,6/4/1953,3,15,15,5.0,1976.0,0,0,0,TE,TE,mike_barber,27.0,0.0,0.0
1979,OTI,Mike Barber,Mike,Barber,TE,86.0,26,75,235,Louisiana Tech,6/4/1953,3,15,15,5.0,1976.0,0,0,0,TE,TE,mike_barber,0.0,0.0,0.0
1979,OTI,Conrad Rucker,Conrad,Rucker,TE,87.0,25,75,255,Southern,11/15/1954,1,16,0,0.0,1978.0,0,0,0,TE,TE,conrad_rucker,1.0,0.0,0.0
1979,OTI,Conrad Rucker,Conrad,Rucker,TE,87.0,25,75,255,Southern,11/15/1954,1,16,0,0.0,1978.0,0,0,0,TE,TE,conrad_rucker,1.0,0.0,0.0
1979,OTI,Conrad Rucker,Conrad,Rucker,TE,87.0,25,75,255,Southern,11/15/1954,1,16,0,0.0,1978.0,0,0,0,TE,TE,conrad_rucker,1.0,0.0,0.0
1979,OTI,Conrad Rucker,Conrad,Rucker,TE,87.0,25,75,255,Southern,11/15/1954,1,16,0,0.0,1978.0,0,0,0,TE,TE,conrad_rucker,1.0,0.0,0.0
1979,PHI,Keith Krepfle,Keith,Krepfle,TE,84.0,27,75,227,Iowa St.,2/4/1952,4,16,16,9.0,1974.0,0,0,0,TE,TE,keith_krepfle,25.0,0.0,0.0
1979,PHI,Keith Krepfle,Keith,Krepfle,TE,84.0,27,75,227,Iowa St.,2/4/1952,4,16,16,9.0,1974.0,0,0,0,TE,TE,keith_krepfle,25.0,0.0,0.0
1979,PHI,John Spagnola,John,Spagnola,TE,88.0,22,76,240,Yale,8/1/1957,Rook,16,3,0.0,1979.0,0,0,0,TE,TE,john_spagnola,23.0,0.0,0.0
1979,PHI,John Spagnola,John,Spagnola,TE,88.0,22,76,240,Yale,8/1/1957,Rook,16,3,0.0,1979.0,0,0,0,TE,TE,john_spagnola,23.0,0.0,0.0
1979,PIT,Bennie Cunningham,Bennie,Cunningham,TE,89.0,25,77,254,Clemson,12/23/1954,3,15,7,5.0,1976.0,0,0,0,TE,TE,bennie_cunningham,30.0,0.0,0.0
1979,PIT,Bennie Cunningham,Bennie,Cunningham,TE,89.0,25,77,254,Clemson,12/23/1954,3,15,7,5.0,1976.0,0,0,0,TE,TE,bennie_cunningham,30.0,0.0,0.0
1979,PIT,Randy Grossman,Randy,Grossman,TE,84.0,27,73,218,Temple,9/20/1952,5,16,9,2.0,,0,0,0,TE,TE,randy_grossman,0.0,0.0,0.0
1979,PIT,Randy Grossman,Randy,Grossman,TE,84.0,27,73,218,Temple,9/20/1952,5,16,9,2.0,,0,0,0,TE,TE,randy_grossman,0.0,0.0,0.0
1979,RAI,Dave Casper,Dave,Casper,TE,87.0,27,76,240,Notre Dame,2/2/1952,5,15,12,9.0,1974.0,0,0,0,TE,TE,dave_casper,52.0,4.0,5.0
1979,RAI,Dave Casper,Dave,Casper,TE,87.0,27,76,240,Notre Dame,2/2/1952,5,15,12,9.0,1974.0,0,0,0,TE,TE,dave_casper,52.0,4.0,5.0
1979,RAI,Raymond Chester,Raymond,Chester,TE,88.0,31,75,232,Morgan St.,6/28/1948,9,14,13,8.0,1970.0,0,0,0,TE,TE,raymond_chester,52.0,0.0,4.0
1979,RAI,Raymond Chester,Raymond,Chester,TE,88.0,31,75,232,Morgan St.,6/28/1948,9,14,13,8.0,1970.0,0,0,0,TE,TE,raymond_chester,52.0,0.0,4.0
1979,RAI,Derrick Ramsey,Derrick,Ramsey,TE,84.0,23,76,230,Kentucky,12/23/1956,1,16,3,2.0,1978.0,0,0,0,TE,TE,derrick_ramsey,18.0,0.0,0.0
1979,RAI,Derrick Ramsey,Derrick,Ramsey,TE,84.0,23,76,230,Kentucky,12/23/1956,1,16,3,2.0,1978.0,0,0,0,TE,TE,derrick_ramsey,18.0,0.0,0.0
1979,RAM,Terry Nelson,Terry,Nelson,TE,83.0,28,74,233,Ark-Pine Bluff,5/20/1951,6,16,16,2.0,1973.0,0,0,0,TE,TE,terry_nelson,13.0,0.0,0.0
1979,RAM,Terry Nelson,Terry,Nelson,TE,83.0,28,74,233,Ark-Pine Bluff,5/20/1951,6,16,16,2.0,1973.0,0,0,0,TE,TE,terry_nelson,13.0,0.0,0.0
1979,RAM,Charle Young,Charle,Young,TE,86.0,28,76,234,USC,2/5/1951,6,15,0,1.0,1973.0,0,0,0,TE,TE,charle_young,47.0,1.0,3.0
1979,RAM,Charle Young,Charle,Young,TE,86.0,28,76,234,USC,2/5/1951,6,15,0,1.0,1973.0,0,0,0,TE,TE,charle_young,47.0,1.0,3.0
1979,SDG,Bob Klein,Bob,Klein,TE,84.0,32,77,235,USC,7/27/1947,10,15,14,5.0,1969.0,0,0,0,TE,TE,bob_klein,30.0,0.0,0.0
1979,SDG,Bob Klein,Bob,Klein,TE,84.0,32,77,235,USC,7/27/1947,10,15,14,5.0,1969.0,0,0,0,TE,TE,bob_klein,30.0,0.0,0.0
1979,SDG,Kellen Winslow,Kellen,Winslow,TE,80.0,22,77,251,Missouri,11/5/1957,Rook,7,1,3.0,1979.0,0,0,0,TE,TE,kellen_winslow,63.0,3.0,5.0
1979,SDG,Kellen Winslow,Kellen,Winslow,TE,80.0,22,77,251,Missouri,11/5/1957,Rook,7,1,3.0,1979.0,0,0,0,TE,TE,kellen_winslow,37.0,0.0,1.0
1979,SDG,Kellen Winslow,Kellen,Winslow,TE,80.0,22,77,251,Missouri,11/5/1957,Rook,7,1,3.0,1979.0,0,0,0,TE,TE,kellen_winslow,63.0,3.0,5.0
1979,SDG,Kellen Winslow,Kellen,Winslow,TE,80.0,22,77,251,Missouri,11/5/1957,Rook,7,1,3.0,1979.0,0,0,0,TE,TE,kellen_winslow,37.0,0.0,1.0
1979,SDG,Greg McCrary,Greg,McCrary,TE,88.0,27,73,233,Clark (GA),3/24/1952,4,14,0,0.0,1975.0,0,0,0,TE,TE,greg_mccrary,1.0,0.0,0.0
1979,SDG,Greg McCrary,Greg,McCrary,TE,88.0,27,73,233,Clark (GA),3/24/1952,4,14,0,0.0,1975.0,0,0,0,TE,TE,greg_mccrary,1.0,0.0,0.0
1979,SEA,Brian Peets,Brian,Peets,TE,88.0,23,76,225,Pacific,7/15/1956,1,16,14,3.0,,0,0,0,TE,TE,brian_peets,0.0,0.0,0.0
1979,SEA,Brian Peets,Brian,Peets,TE,88.0,23,76,225,Pacific,7/15/1956,1,16,14,3.0,,0,0,0,TE,TE,brian_peets,0.0,0.0,0.0
1979,SFO,Ken MacAfee,Ken,MacAfee,TE,81.0,23,76,250,Notre Dame,1/9/1956,1,16,12,3.0,1978.0,0,0,0,TE,TE,ken_macafee,0.0,0.0,0.0
1979,SFO,Ken MacAfee,Ken,MacAfee,TE,81.0,23,76,250,Notre Dame,1/9/1956,1,16,12,3.0,1978.0,0,0,0,TE,TE,ken_macafee,5.0,0.0,0.0
1979,SFO,Ken MacAfee,Ken,MacAfee,TE,81.0,23,76,250,Notre Dame,1/9/1956,1,16,12,3.0,1978.0,0,0,0,TE,TE,ken_macafee,0.0,0.0,0.0
1979,SFO,Ken MacAfee,Ken,MacAfee,TE,81.0,23,76,250,Notre Dame,1/9/1956,1,16,12,3.0,1978.0,0,0,0,TE,TE,ken_macafee,5.0,0.0,0.0
1979,SFO,Bob Bruer,Bob,Bruer,TE,82.0,26,77,235,Minnesota St.,5/22/1953,1,16,4,2.0,1975.0,0,0,0,TE,TE,bob_bruer,7.0,0.0,0.0
1979,SFO,Bob Bruer,Bob,Bruer,TE,82.0,26,77,235,Minnesota St.,5/22/1953,1,16,4,2.0,1975.0,0,0,0,TE,TE,bob_bruer,7.0,0.0,0.0
1979,SFO,Eason Ramson,Eason,Ramson,TE,80.0,23,74,232,Washington St.,4/30/1956,1,2,0,0.0,1978.0,0,0,0,TE,TE,eason_ramson,7.0,0.0,0.0
1979,SFO,Paul Seal,Paul,Seal,TE,85.0,27,76,222,Michigan,2/27/1952,5,15,3,0.0,1974.0,0,0,0,TE,TE,paul_seal,14.0,0.0,0.0
1979,SFO,Eason Ramson,Eason,Ramson,TE,80.0,23,74,232,Washington St.,4/30/1956,1,2,0,0.0,1978.0,0,0,0,TE,TE,eason_ramson,7.0,0.0,0.0
1979,SFO,Paul Seal,Paul,Seal,TE,85.0,27,76,222,Michigan,2/27/1952,5,15,3,0.0,1974.0,0,0,0,TE,TE,paul_seal,14.0,0.0,0.0
1979,TAM,Jimmie Giles,Jimmie,Giles,TE,88.0,25,75,239,Alcorn St.,11/8/1954,2,16,16,5.0,1977.0,0,0,0,TE,TE,jimmie_giles,40.0,0.0,4.0
1979,TAM,Jimmie Giles,Jimmie,Giles,TE,88.0,25,75,239,Alcorn St.,11/8/1954,2,16,16,5.0,1977.0,0,0,0,TE,TE,jimmie_giles,40.0,0.0,4.0
1979,TAM,Jim Obradovich,Jim,Obradovich,TE,86.0,26,74,225,USC,4/2/1953,4,16,2,1.0,1975.0,0,0,0,TE,TE,jim_obradovich,6.0,0.0,0.0
1979,TAM,Jim Obradovich,Jim,Obradovich,TE,86.0,26,74,225,USC,4/2/1953,4,16,2,1.0,1975.0,0,0,0,TE,TE,jim_obradovich,6.0,0.0,0.0
1979,WAS,Don Warren,Don,Warren,TE,85.0,23,76,242,San Diego St.,5/5/1956,Rook,16,10,4.0,1979.0,0,0,0,TE,TE,don_warren,22.0,0.0,0.0
1979,WAS,Don Warren,Don,Warren,TE,85.0,23,76,242,San Diego St.,5/5/1956,Rook,16,10,4.0,1979.0,0,0,0,TE,TE,don_warren,22.0,0.0,0.0
1979,WAS,Jean Fugett,Jean,Fugett,TE,84.0,28,75,225,Amherst,12/16/1951,7,11,6,2.0,1972.0,0,0,0,TE,TE,jean_fugett,24.0,0.0,1.0
1979,WAS,Jean Fugett,Jean,Fugett,TE,84.0,28,75,225,Amherst,12/16/1951,7,11,6,2.0,1972.0,0,0,0,TE,TE,jean_fugett,24.0,0.0,1.0
1979,WAS,Phil DuBois,Phil,DuBois,TE,86.0,23,74,220,San Diego St.,11/16/1956,Rook,15,0,0.0,,0,0,0,TE,TE,phil_dubois,0.0,0.0,0.0
1979,WAS,Grady Richardson,Grady,Richardson,TE,89.0,27,76,225,Cal State-Fullerton,4/2/1952,Rook,3,0,0.0,,0,0,0,TE,TE,grady_richardson,0.0,0.0,0.0
1979,WAS,Phil DuBois,Phil,DuBois,TE,86.0,23,74,220,San Diego St.,11/16/1956,Rook,15,0,0.0,,0,0,0,TE,TE,phil_dubois,0.0,0.0,0.0
1979,WAS,Grady Richardson,Grady,Richardson,TE,89.0,27,76,225,Cal State-Fullerton,4/2/1952,Rook,3,0,0.0,,0,0,0,TE,TE,grady_richardson,0.0,0.0,0.0
1980,ATL,Junior Miller,Junior,Miller,TE,80.0,23,76,239,Nebraska,11/26/1957,Rook,16,14,6.0,1980.0,0,0,0,TE,TE,junior_miller,14.0,0.0,2.0
1980,ATL,Junior Miller,Junior,Miller,TE,80.0,23,76,239,Nebraska,11/26/1957,Rook,16,14,6.0,1980.0,0,0,0,TE,TE,junior_miller,14.0,0.0,2.0
1980,ATL,Russ Mikeska,Russ,Mikeska,TE,87.0,25,75,225,Texas A&M,9/10/1955,1,16,2,0.0,,0,0,0,TE,TE,russ_mikeska,0.0,0.0,0.0
1980,ATL,Russ Mikeska,Russ,Mikeska,TE,87.0,25,75,225,Texas A&M,9/10/1955,1,16,2,0.0,,0,0,0,TE,TE,russ_mikeska,0.0,0.0,0.0
1980,BUF,Mark Brammer,Mark,Brammer,TE,86.0,22,75,238,Michigan St.,5/3/1958,Rook,16,5,3.0,1980.0,0,0,0,TE,TE,mark_brammer,11.0,0.0,0.0
1980,BUF,Mark Brammer,Mark,Brammer,TE,86.0,22,75,238,Michigan St.,5/3/1958,Rook,16,5,3.0,1980.0,0,0,0,TE,TE,mark_brammer,11.0,0.0,0.0
1980,BUF,Reuben Gant,Reuben,Gant,TE,88.0,28,76,230,Oklahoma St.,4/12/1952,6,16,11,2.0,1974.0,0,0,0,TE,TE,reuben_gant,16.0,0.0,0.0
1980,BUF,Reuben Gant,Reuben,Gant,TE,88.0,28,76,230,Oklahoma St.,4/12/1952,6,16,11,2.0,1974.0,0,0,0,TE,TE,reuben_gant,16.0,0.0,0.0
1980,CHI,Robin Earl,Robin,Earl,TE,81.0,25,77,242,Washington,3/18/1955,3,16,13,2.0,1977.0,0,0,0,TE,TE,robin_earl,7.0,0.0,0.0
1980,CHI,Bob Fisher,Bob,Fisher,TE,85.0,22,75,240,SMU,3/17/1958,Rook,16,2,2.0,1980.0,0,0,0,TE,TE,bob_fisher,0.0,0.0,0.0
1980,CHI,Bob Fisher,Bob,Fisher,TE,85.0,22,75,240,SMU,3/17/1958,Rook,16,2,2.0,1980.0,0,0,0,TE,TE,bob_fisher,2.0,0.0,0.0
1980,CHI,Robin Earl,Robin,Earl,TE,81.0,25,77,242,Washington,3/18/1955,3,16,13,2.0,1977.0,0,0,0,TE,TE,robin_earl,7.0,0.0,0.0
1980,CHI,Bob Fisher,Bob,Fisher,TE,85.0,22,75,240,SMU,3/17/1958,Rook,16,2,2.0,1980.0,0,0,0,TE,TE,bob_fisher,0.0,0.0,0.0
1980,CHI,Bob Fisher,Bob,Fisher,TE,85.0,22,75,240,SMU,3/17/1958,Rook,16,2,2.0,1980.0,0,0,0,TE,TE,bob_fisher,2.0,0.0,0.0
1980,CHI,Mike Cobb,Mike,Cobb,TE,87.0,25,77,244,Michigan St.,12/10/1955,3,4,3,0.0,1977.0,0,0,0,TE,TE,mike_cobb,1.0,0.0,0.0
1980,CHI,Mike Cobb,Mike,Cobb,TE,87.0,25,77,244,Michigan St.,12/10/1955,3,4,3,0.0,1977.0,0,0,0,TE,TE,mike_cobb,1.0,0.0,0.0
1980,CIN,Dan Ross,Dan,Ross,TE,89.0,23,76,238,Northeastern,2/9/1957,1,16,16,5.0,1979.0,0,0,0,TE,TE,dan_ross,35.0,0.0,1.0
1980,CIN,Dan Ross,Dan,Ross,TE,89.0,23,76,238,Northeastern,2/9/1957,1,16,16,5.0,1979.0,0,0,0,TE,TE,dan_ross,35.0,0.0,1.0
1980,CIN,M.L. Harris,M.L.,Harris,TE,83.0,26,77,238,"Tampa,Kansas St.",1/16/1954,1,12,0,1.0,,0,0,0,TE,TE,m.l._harris,0.0,0.0,0.0
1980,CIN,M.L. Harris,M.L.,Harris,TE,83.0,26,77,238,"Tampa,Kansas St.",1/16/1954,1,12,0,1.0,,0,0,0,TE,TE,m.l._harris,0.0,0.0,0.0
1980,CIN,Jim Corbett,Jim,Corbett,TE,81.0,25,76,218,Pittsburgh,2/22/1955,3,4,0,0.0,1977.0,0,0,0,TE,TE,jim_corbett,3.0,0.0,0.0
1980,CIN,Jim Corbett,Jim,Corbett,TE,81.0,25,76,218,Pittsburgh,2/22/1955,3,4,0,0.0,1977.0,0,0,0,TE,TE,jim_corbett,3.0,0.0,0.0
1980,CLE,Ozzie Newsome,Ozzie,Newsome,TE,82.0,24,74,232,Alabama,3/16/1956,2,16,16,6.0,1978.0,0,0,0,TE,TE,ozzie_newsome,59.0,1.0,3.0
1980,CLE,Ozzie Newsome,Ozzie,Newsome,TE,82.0,24,74,232,Alabama,3/16/1956,2,16,16,6.0,1978.0,0,0,0,TE,TE,ozzie_newsome,59.0,1.0,3.0
1980,CLE,Curtis Weathers,Curtis,Weathers,TE,87.0,24,77,224,Mississippi,9/16/1956,1,10,0,1.0,1979.0,0,0,0,TE,TE,curtis_weathers,13.0,0.0,0.0
1980,CLE,Curtis Weathers,Curtis,Weathers,TE,87.0,24,77,224,Mississippi,9/16/1956,1,10,0,1.0,1979.0,0,0,0,TE,TE,curtis_weathers,13.0,0.0,0.0
1980,CLE,McDonald Oden,McDonald,Oden,TE,84.0,22,76,234,Tennessee St.,3/28/1958,1,16,0,0.0,,0,0,0,TE,TE,mcdonald_oden,0.0,0.0,0.0
1980,CLE,McDonald Oden,McDonald,Oden,TE,84.0,22,76,234,Tennessee St.,3/28/1958,1,16,0,0.0,,0,0,0,TE,TE,mcdonald_oden,0.0,0.0,0.0
1980,CLT,Reese McCall,Reese,McCall,TE,86.0,24,78,239,Auburn,6/16/1956,2,16,15,3.0,1978.0,0,0,0,TE,TE,reese_mccall,10.0,0.0,0.0
1980,CLT,Reese McCall,Reese,McCall,TE,86.0,24,78,239,Auburn,6/16/1956,2,16,15,3.0,1978.0,0,0,0,TE,TE,reese_mccall,10.0,0.0,0.0
1980,CLT,Mack Alston,Mack,Alston,TE,83.0,33,74,230,MD-Eastern Shore,4/27/1947,10,13,0,0.0,1970.0,0,0,0,TE,TE,mack_alston,12.0,0.0,0.0
1980,CLT,Ron LaPointe,Ron,LaPointe,TE,85.0,23,74,235,Penn St.,2/28/1957,Rook,2,0,0.0,,0,0,0,TE,TE,ron_lapointe,0.0,0.0,0.0
1980,CLT,Bob Raba,Bob,Raba,TE,85.0,25,73,222,Maryland,4/23/1955,3,3,0,0.0,,0,0,0,TE,TE,bob_raba,0.0,0.0,0.0
1980,CLT,Mack Alston,Mack,Alston,TE,83.0,33,74,230,MD-Eastern Shore,4/27/1947,10,13,0,0.0,1970.0,0,0,0,TE,TE,mack_alston,12.0,0.0,0.0
1980,CLT,Ron LaPointe,Ron,LaPointe,TE,85.0,23,74,235,Penn St.,2/28/1957,Rook,2,0,0.0,,0,0,0,TE,TE,ron_lapointe,0.0,0.0,0.0
1980,CLT,Bob Raba,Bob,Raba,TE,85.0,25,73,222,Maryland,4/23/1955,3,3,0,0.0,,0,0,0,TE,TE,bob_raba,0.0,0.0,0.0
1980,CRD,Doug Marsh,Doug,Marsh,TE,87.0,22,75,236,Michigan,6/18/1958,Rook,16,16,2.0,1980.0,0,0,0,TE,TE,doug_marsh,17.0,0.0,0.0
1980,CRD,Doug Marsh,Doug,Marsh,TE,87.0,22,75,236,Michigan,6/18/1958,Rook,16,16,2.0,1980.0,0,0,0,TE,TE,doug_marsh,17.0,0.0,0.0
1980,CRD,Chris Combs,Chris,Combs,TE,80.0,22,76,238,New Mexico,3/17/1958,Rook,16,0,0.0,1980.0,0,0,0,TE,TE,chris_combs,0.0,0.0,0.0
1980,CRD,Chris Combs,Chris,Combs,TE,80.0,22,76,238,New Mexico,3/17/1958,Rook,16,0,0.0,1980.0,0,0,0,TE,TE,chris_combs,1.0,0.0,0.0
1980,CRD,Gary Parris,Gary,Parris,TE,89.0,30,74,226,Florida St.,6/13/1950,7,1,0,0.0,1973.0,0,0,0,TE,TE,gary_parris,6.0,0.0,0.0
1980,CRD,Chris Combs,Chris,Combs,TE,80.0,22,76,238,New Mexico,3/17/1958,Rook,16,0,0.0,1980.0,0,0,0,TE,TE,chris_combs,0.0,0.0,0.0
1980,CRD,Chris Combs,Chris,Combs,TE,80.0,22,76,238,New Mexico,3/17/1958,Rook,16,0,0.0,1980.0,0,0,0,TE,TE,chris_combs,1.0,0.0,0.0
1980,CRD,Gary Parris,Gary,Parris,TE,89.0,30,74,226,Florida St.,6/13/1950,7,1,0,0.0,1973.0,0,0,0,TE,TE,gary_parris,6.0,0.0,0.0
1980,DAL,Billy Joe DuPree,Billy,Joe DuPree,TE,89.0,30,76,225,Michigan St.,3/7/1950,7,16,16,4.0,1973.0,0,0,0,TE,TE,billy_joe dupree,0.0,0.0,0.0
1980,DAL,Jay Saldi,Jay,Saldi,TE,87.0,26,75,225,South Carolina,10/8/1954,4,16,3,4.0,,0,0,0,TE,TE,jay_saldi,0.0,0.0,0.0
1980,DAL,Billy Joe DuPree,Billy,Joe DuPree,TE,89.0,30,76,225,Michigan St.,3/7/1950,7,16,16,4.0,1973.0,0,0,0,TE,TE,billy_joe dupree,0.0,0.0,0.0
1980,DAL,Jay Saldi,Jay,Saldi,TE,87.0,26,75,225,South Carolina,10/8/1954,4,16,3,4.0,,0,0,0,TE,TE,jay_saldi,0.0,0.0,0.0
1980,DAL,Doug Cosbie,Doug,Cosbie,TE,84.0,24,78,236,"Holy Cross,Santa Clara",3/27/1956,1,16,0,0.0,1979.0,0,0,0,TE,TE,doug_cosbie,32.0,0.0,3.0
1980,DAL,Doug Cosbie,Doug,Cosbie,TE,84.0,24,78,236,"Holy Cross,Santa Clara",3/27/1956,1,16,0,0.0,1979.0,0,0,0,TE,TE,doug_cosbie,32.0,0.0,3.0
1980,DEN,Riley Odoms,Riley,Odoms,TE,88.0,30,76,230,Houston,3/1/1950,8,15,15,6.0,1972.0,0,0,0,TE,TE,riley_odoms,54.0,2.0,4.0
1980,DEN,Riley Odoms,Riley,Odoms,TE,88.0,30,76,230,Houston,3/1/1950,8,15,15,6.0,1972.0,0,0,0,TE,TE,riley_odoms,54.0,2.0,4.0
1980,DEN,Ron Egloff,Ron,Egloff,TE,85.0,25,77,230,Wisconsin,10/3/1955,3,16,4,1.0,,0,0,0,TE,TE,ron_egloff,0.0,0.0,0.0
1980,DEN,Ron Egloff,Ron,Egloff,TE,85.0,25,77,230,Wisconsin,10/3/1955,3,16,4,1.0,,0,0,0,TE,TE,ron_egloff,0.0,0.0,0.0
1980,DEN,Bill Larson,Bill,Larson,TE,87.0,27,76,225,Colorado St.,10/7/1953,5,2,0,0.0,,0,0,0,TE,TE,bill_larson,0.0,0.0,0.0
1980,DEN,James Wright,James,Wright,TE,87.0,24,75,240,TCU,9/1/1956,2,1,0,0.0,1978.0,0,0,0,TE,TE,james_wright,6.0,0.0,0.0
1980,DEN,James Wright,James,Wright,TE,87.0,24,75,240,TCU,9/1/1956,2,1,0,0.0,1978.0,0,0,0,TE,TE,james_wright,2.0,0.0,0.0
1980,DEN,Bill Larson,Bill,Larson,TE,87.0,27,76,225,Colorado St.,10/7/1953,5,2,0,0.0,,0,0,0,TE,TE,bill_larson,0.0,0.0,0.0
1980,DEN,James Wright,James,Wright,TE,87.0,24,75,240,TCU,9/1/1956,2,1,0,0.0,1978.0,0,0,0,TE,TE,james_wright,6.0,0.0,0.0
1980,DEN,James Wright,James,Wright,TE,87.0,24,75,240,TCU,9/1/1956,2,1,0,0.0,1978.0,0,0,0,TE,TE,james_wright,2.0,0.0,0.0
1980,DET,David Hill,David,Hill,TE,81.0,26,74,229,Texas A&M-Kingsville,1/1/1954,4,16,16,4.0,1976.0,0,0,0,TE,TE,david_hill,34.0,0.0,2.0
1980,DET,David Hill,David,Hill,TE,81.0,26,74,229,Texas A&M-Kingsville,1/1/1954,4,16,16,4.0,1976.0,0,0,0,TE,TE,david_hill,34.0,0.0,2.0
1980,DET,Ulysses Norris,Ulysses,Norris,TE,80.0,23,76,230,Georgia,1/15/1957,1,16,1,0.0,1979.0,0,0,0,TE,TE,ulysses_norris,5.0,0.0,0.0
1980,DET,Ulysses Norris,Ulysses,Norris,TE,80.0,23,76,230,Georgia,1/15/1957,1,16,1,0.0,1979.0,0,0,0,TE,TE,ulysses_norris,5.0,0.0,0.0
1980,GNB,Paul Coffman,Paul,Coffman,TE,82.0,24,75,222,Kansas St.,3/29/1956,2,16,16,3.0,,0,0,0,TE,TE,paul_coffman,0.0,0.0,1.0
1980,GNB,Paul Coffman,Paul,Coffman,TE,82.0,24,75,222,Kansas St.,3/29/1956,2,16,16,3.0,,0,0,0,TE,TE,paul_coffman,0.0,0.0,1.0
1980,GNB,Bill Larson,Bill,Larson,TE,87.0,27,76,225,Colorado St.,10/7/1953,5,9,0,0.0,,0,0,0,TE,TE,bill_larson,0.0,0.0,0.0
1980,GNB,John Thompson,John,Thompson,TE,83.0,23,75,228,"Weber St.,Utah St.",1/18/1957,1,7,0,0.0,1979.0,0,0,0,TE,TE,john_thompson,0.0,0.0,0.0
1980,GNB,John Thompson,John,Thompson,TE,83.0,23,75,228,"Weber St.,Utah St.",1/18/1957,1,7,0,0.0,1979.0,0,0,0,TE,TE,john_thompson,0.0,0.0,0.0
1980,GNB,Bill Larson,Bill,Larson,TE,87.0,27,76,225,Colorado St.,10/7/1953,5,9,0,0.0,,0,0,0,TE,TE,bill_larson,0.0,0.0,0.0
1980,GNB,John Thompson,John,Thompson,TE,83.0,23,75,228,"Weber St.,Utah St.",1/18/1957,1,7,0,0.0,1979.0,0,0,0,TE,TE,john_thompson,0.0,0.0,0.0
1980,GNB,John Thompson,John,Thompson,TE,83.0,23,75,228,"Weber St.,Utah St.",1/18/1957,1,7,0,0.0,1979.0,0,0,0,TE,TE,john_thompson,0.0,0.0,0.0
1980,KAN,Al Dixon,Al,Dixon,TE,84.0,26,77,230,Iowa St.,4/5/1954,3,12,0,1.0,1977.0,0,0,0,TE,TE,al_dixon,13.0,0.0,0.0
1980,KAN,Tony Samuels,Tony,Samuels,TE,81.0,26,76,229,"Florida A&M,Bethune-Cookman",12/30/1954,3,4,4,1.0,1977.0,0,0,0,TE,TE,tony_samuels,4.0,0.0,0.0
1980,KAN,Al Dixon,Al,Dixon,TE,84.0,26,77,230,Iowa St.,4/5/1954,3,12,0,1.0,1977.0,0,0,0,TE,TE,al_dixon,13.0,0.0,0.0
1980,KAN,Tony Samuels,Tony,Samuels,TE,81.0,26,76,229,"Florida A&M,Bethune-Cookman",12/30/1954,3,4,4,1.0,1977.0,0,0,0,TE,TE,tony_samuels,4.0,0.0,0.0
1980,KAN,Ed Beckman,Ed,Beckman,TE,85.0,25,76,229,Florida St.,1/2/1955,3,16,0,0.0,,0,0,0,TE,TE,ed_beckman,0.0,0.0,0.0
1980,KAN,Mike Williams,Mike,Williams,TE,83.0,23,75,222,New Mexico,10/14/1957,1,16,11,0.0,1979.0,0,0,0,TE,TE,mike_williams,0.0,0.0,0.0
1980,KAN,Mike Williams,Mike,Williams,TE,83.0,23,75,222,New Mexico,10/14/1957,1,16,11,0.0,1979.0,0,0,0,TE,TE,mike_williams,38.0,0.0,0.0
1980,KAN,Mike Williams,Mike,Williams,TE,83.0,23,75,222,New Mexico,10/14/1957,1,16,11,0.0,1979.0,0,0,0,TE,TE,mike_williams,0.0,0.0,0.0
1980,KAN,Mike Williams,Mike,Williams,TE,83.0,23,75,222,New Mexico,10/14/1957,1,16,11,0.0,1979.0,0,0,0,TE,TE,mike_williams,0.0,0.0,0.0
1980,KAN,Mike Williams,Mike,Williams,TE,83.0,23,75,222,New Mexico,10/14/1957,1,16,11,0.0,1979.0,0,0,0,TE,TE,mike_williams,3.0,0.0,0.0
1980,KAN,Mike Williams,Mike,Williams,TE,83.0,23,75,222,New Mexico,10/14/1957,1,16,11,0.0,1979.0,0,0,0,TE,TE,mike_williams,0.0,0.0,0.0
1980,KAN,Mike Williams,Mike,Williams,TE,83.0,23,75,222,New Mexico,10/14/1957,1,16,11,0.0,1979.0,0,0,0,TE,TE,mike_williams,0.0,0.0,0.0
1980,KAN,Mike Williams,Mike,Williams,TE,83.0,23,75,222,New Mexico,10/14/1957,1,16,11,0.0,1979.0,0,0,0,TE,TE,mike_williams,2.0,0.0,0.0
1980,KAN,Mike Williams,Mike,Williams,TE,83.0,23,75,222,New Mexico,10/14/1957,1,16,11,0.0,1979.0,0,0,0,TE,TE,mike_williams,24.0,0.0,0.0
1980,KAN,Mike Williams,Mike,Williams,TE,83.0,23,75,222,New Mexico,10/14/1957,1,16,11,0.0,1979.0,0,0,0,TE,TE,mike_williams,12.0,0.0,0.0
1980,KAN,Mike Williams,Mike,Williams,TE,83.0,23,75,222,New Mexico,10/14/1957,1,16,11,0.0,1979.0,0,0,0,TE,TE,mike_williams,25.0,0.0,0.0
1980,KAN,Mike Williams,Mike,Williams,TE,83.0,23,75,222,New Mexico,10/14/1957,1,16,11,0.0,1979.0,0,0,0,TE,TE,mike_williams,38.0,0.0,0.0
1980,KAN,Ed Beckman,Ed,Beckman,TE,85.0,25,76,229,Florida St.,1/2/1955,3,16,0,0.0,,0,0,0,TE,TE,ed_beckman,0.0,0.0,0.0
1980,KAN,Mike Williams,Mike,Williams,TE,83.0,23,75,222,New Mexico,10/14/1957,1,16,11,0.0,1979.0,0,0,0,TE,TE,mike_williams,0.0,0.0,0.0
1980,KAN,Mike Williams,Mike,Williams,TE,83.0,23,75,222,New Mexico,10/14/1957,1,16,11,0.0,1979.0,0,0,0,TE,TE,mike_williams,38.0,0.0,0.0
1980,KAN,Mike Williams,Mike,Williams,TE,83.0,23,75,222,New Mexico,10/14/1957,1,16,11,0.0,1979.0,0,0,0,TE,TE,mike_williams,0.0,0.0,0.0
1980,KAN,Mike Williams,Mike,Williams,TE,83.0,23,75,222,New Mexico,10/14/1957,1,16,11,0.0,1979.0,0,0,0,TE,TE,mike_williams,0.0,0.0,0.0
1980,KAN,Mike Williams,Mike,Williams,TE,83.0,23,75,222,New Mexico,10/14/1957,1,16,11,0.0,1979.0,0,0,0,TE,TE,mike_williams,3.0,0.0,0.0
1980,KAN,Mike Williams,Mike,Williams,TE,83.0,23,75,222,New Mexico,10/14/1957,1,16,11,0.0,1979.0,0,0,0,TE,TE,mike_williams,0.0,0.0,0.0
1980,KAN,Mike Williams,Mike,Williams,TE,83.0,23,75,222,New Mexico,10/14/1957,1,16,11,0.0,1979.0,0,0,0,TE,TE,mike_williams,0.0,0.0,0.0
1980,KAN,Mike Williams,Mike,Williams,TE,83.0,23,75,222,New Mexico,10/14/1957,1,16,11,0.0,1979.0,0,0,0,TE,TE,mike_williams,2.0,0.0,0.0
1980,KAN,Mike Williams,Mike,Williams,TE,83.0,23,75,222,New Mexico,10/14/1957,1,16,11,0.0,1979.0,0,0,0,TE,TE,mike_williams,24.0,0.0,0.0
1980,KAN,Mike Williams,Mike,Williams,TE,83.0,23,75,222,New Mexico,10/14/1957,1,16,11,0.0,1979.0,0,0,0,TE,TE,mike_williams,12.0,0.0,0.0
1980,KAN,Mike Williams,Mike,Williams,TE,83.0,23,75,222,New Mexico,10/14/1957,1,16,11,0.0,1979.0,0,0,0,TE,TE,mike_williams,25.0,0.0,0.0
1980,KAN,Mike Williams,Mike,Williams,TE,83.0,23,75,222,New Mexico,10/14/1957,1,16,11,0.0,1979.0,0,0,0,TE,TE,mike_williams,38.0,0.0,0.0
1980,MIA,Ronnie Lee,Ronnie,Lee,TE,86.0,24,75,265,Baylor,12/24/1956,1,16,13,1.0,1979.0,0,0,0,TE,TE,ronnie_lee,43.0,0.0,0.0
1980,MIA,Joe Rose,Joe,Rose,TE,80.0,23,75,228,California,6/24/1957,Rook,16,0,1.0,1980.0,0,0,0,TE,TE,joe_rose,15.0,0.0,0.0
1980,MIA,Ronnie Lee,Ronnie,Lee,TE,86.0,24,75,265,Baylor,12/24/1956,1,16,13,1.0,1979.0,0,0,0,TE,TE,ronnie_lee,43.0,0.0,0.0
1980,MIA,Joe Rose,Joe,Rose,TE,80.0,23,75,228,California,6/24/1957,Rook,16,0,1.0,1980.0,0,0,0,TE,TE,joe_rose,15.0,0.0,0.0
1980,MIN,Joe Senser,Joe,Senser,TE,81.0,24,76,235,West Chester,8/18/1956,Rook,16,0,4.0,1979.0,0,0,0,TE,TE,joe_senser,16.0,0.0,1.0
1980,MIN,Joe Senser,Joe,Senser,TE,81.0,24,76,235,West Chester,8/18/1956,Rook,16,0,4.0,1979.0,0,0,0,TE,TE,joe_senser,16.0,0.0,1.0
1980,MIN,Dennis Johnson,Dennis,Johnson,TE,52.0,22,75,234,USC,6/19/1958,Rook,12,2,2.0,1980.0,0,0,0,TE,TE,dennis_johnson,27.0,0.0,0.0
1980,MIN,Dennis Johnson,Dennis,Johnson,TE,52.0,22,75,234,USC,6/19/1958,Rook,12,2,2.0,1980.0,0,0,0,TE,TE,dennis_johnson,3.0,0.0,0.0
1980,MIN,Dennis Johnson,Dennis,Johnson,TE,52.0,22,75,234,USC,6/19/1958,Rook,12,2,2.0,1980.0,0,0,0,TE,TE,dennis_johnson,27.0,0.0,0.0
1980,MIN,Dennis Johnson,Dennis,Johnson,TE,52.0,22,75,234,USC,6/19/1958,Rook,12,2,2.0,1980.0,0,0,0,TE,TE,dennis_johnson,0.0,0.0,0.0
1980,MIN,Dennis Johnson,Dennis,Johnson,TE,52.0,22,75,234,USC,6/19/1958,Rook,12,2,2.0,1980.0,0,0,0,TE,TE,dennis_johnson,5.0,0.0,0.0
1980,MIN,Bob Tucker,Bob,Tucker,TE,38.0,35,75,230,Bloomsburg,6/8/1945,10,16,13,2.0,,0,0,0,TE,TE,bob_tucker,0.0,0.0,0.0
1980,MIN,Dennis Johnson,Dennis,Johnson,TE,52.0,22,75,234,USC,6/19/1958,Rook,12,2,2.0,1980.0,0,0,0,TE,TE,dennis_johnson,27.0,0.0,0.0
1980,MIN,Dennis Johnson,Dennis,Johnson,TE,52.0,22,75,234,USC,6/19/1958,Rook,12,2,2.0,1980.0,0,0,0,TE,TE,dennis_johnson,3.0,0.0,0.0
1980,MIN,Dennis Johnson,Dennis,Johnson,TE,52.0,22,75,234,USC,6/19/1958,Rook,12,2,2.0,1980.0,0,0,0,TE,TE,dennis_johnson,27.0,0.0,0.0
1980,MIN,Dennis Johnson,Dennis,Johnson,TE,52.0,22,75,234,USC,6/19/1958,Rook,12,2,2.0,1980.0,0,0,0,TE,TE,dennis_johnson,0.0,0.0,0.0
1980,MIN,Dennis Johnson,Dennis,Johnson,TE,52.0,22,75,234,USC,6/19/1958,Rook,12,2,2.0,1980.0,0,0,0,TE,TE,dennis_johnson,5.0,0.0,0.0
1980,MIN,Bob Tucker,Bob,Tucker,TE,38.0,35,75,230,Bloomsburg,6/8/1945,10,16,13,2.0,,0,0,0,TE,TE,bob_tucker,0.0,0.0,0.0
1980,MIN,Bob Bruer,Bob,Bruer,TE,82.0,27,77,235,Minnesota St.,5/22/1953,1,12,0,0.0,1975.0,0,0,0,TE,TE,bob_bruer,7.0,0.0,0.0
1980,MIN,Stu Voigt,Stu,Voigt,TE,83.0,32,73,223,Wisconsin,8/12/1948,10,3,3,0.0,1970.0,0,0,0,TE,TE,stu_voigt,21.0,0.0,0.0
1980,MIN,Bob Bruer,Bob,Bruer,TE,82.0,27,77,235,Minnesota St.,5/22/1953,1,12,0,0.0,1975.0,0,0,0,TE,TE,bob_bruer,7.0,0.0,0.0
1980,MIN,Stu Voigt,Stu,Voigt,TE,83.0,32,73,223,Wisconsin,8/12/1948,10,3,3,0.0,1970.0,0,0,0,TE,TE,stu_voigt,21.0,0.0,0.0
1980,NOR,Henry Childs,Henry,Childs,TE,85.0,29,74,223,Kansas St.,4/16/1951,6,13,7,4.0,1974.0,0,0,0,TE,TE,henry_childs,34.0,0.0,1.0
1980,NOR,Henry Childs,Henry,Childs,TE,85.0,29,74,223,Kansas St.,4/16/1951,6,13,7,4.0,1974.0,0,0,0,TE,TE,henry_childs,34.0,0.0,1.0
1980,NOR,Brooks Williams,Brooks,Williams,TE,88.0,26,76,226,North Carolina,12/7/1954,2,12,6,3.0,1978.0,0,0,0,TE,TE,brooks_williams,3.0,0.0,0.0
1980,NOR,Brooks Williams,Brooks,Williams,TE,88.0,26,76,226,North Carolina,12/7/1954,2,12,6,3.0,1978.0,0,0,0,TE,TE,brooks_williams,3.0,0.0,0.0
1980,NOR,Larry Hardy,Larry,Hardy,TE,87.0,24,75,234,Jackson St.,7/9/1956,2,16,3,2.0,1978.0,0,0,0,TE,TE,larry_hardy,7.0,0.0,0.0
1980,NOR,Larry Hardy,Larry,Hardy,TE,87.0,24,75,234,Jackson St.,7/9/1956,2,16,3,2.0,1978.0,0,0,0,TE,TE,larry_hardy,7.0,0.0,0.0
1980,NWE,Russ Francis,Russ,Francis,TE,81.0,27,78,240,Oregon,4/3/1953,5,15,15,8.0,1975.0,0,0,0,TE,TE,russ_francis,46.0,0.0,3.0
1980,NWE,Russ Francis,Russ,Francis,TE,81.0,27,78,240,Oregon,4/3/1953,5,15,15,8.0,1975.0,0,0,0,TE,TE,russ_francis,46.0,0.0,3.0
1980,NWE,Don Hasselbeck,Don,Hasselbeck,TE,80.0,25,79,245,Colorado,4/1/1955,3,16,2,2.0,1977.0,0,0,0,TE,TE,don_hasselbeck,16.0,0.0,0.0
1980,NWE,Don Hasselbeck,Don,Hasselbeck,TE,80.0,25,79,245,Colorado,4/1/1955,3,16,2,2.0,1977.0,0,0,0,TE,TE,don_hasselbeck,16.0,0.0,0.0
1980,NYG,Tom Mullady,Tom,Mullady,TE,81.0,23,75,232,Rhodes,1/30/1957,1,16,3,3.0,1979.0,0,0,0,TE,TE,tom_mullady,9.0,0.0,0.0
1980,NYG,Tom Mullady,Tom,Mullady,TE,81.0,23,75,232,Rhodes,1/30/1957,1,16,3,3.0,1979.0,0,0,0,TE,TE,tom_mullady,9.0,0.0,0.0
1980,NYG,Gary Shirk,Gary,Shirk,TE,87.0,30,73,220,Morehead St.,2/23/1950,4,16,14,2.0,,0,0,0,TE,TE,gary_shirk,0.0,0.0,0.0
1980,NYG,Gary Shirk,Gary,Shirk,TE,87.0,30,73,220,Morehead St.,2/23/1950,4,16,14,2.0,,0,0,0,TE,TE,gary_shirk,0.0,0.0,0.0
1980,NYG,Dennis Johnson,Dennis,Johnson,TE,89.0,24,75,220,Mississippi St.,2/26/1956,2,2,0,0.0,1978.0,0,0,0,TE,TE,dennis_johnson,27.0,0.0,0.0
1980,NYG,Dennis Johnson,Dennis,Johnson,TE,89.0,24,75,220,Mississippi St.,2/26/1956,2,2,0,0.0,1978.0,0,0,0,TE,TE,dennis_johnson,3.0,0.0,0.0
1980,NYG,Dennis Johnson,Dennis,Johnson,TE,89.0,24,75,220,Mississippi St.,2/26/1956,2,2,0,0.0,1978.0,0,0,0,TE,TE,dennis_johnson,27.0,0.0,0.0
1980,NYG,Dennis Johnson,Dennis,Johnson,TE,89.0,24,75,220,Mississippi St.,2/26/1956,2,2,0,0.0,1978.0,0,0,0,TE,TE,dennis_johnson,0.0,0.0,0.0
1980,NYG,Dennis Johnson,Dennis,Johnson,TE,89.0,24,75,220,Mississippi St.,2/26/1956,2,2,0,0.0,1978.0,0,0,0,TE,TE,dennis_johnson,5.0,0.0,0.0
1980,NYG,Dennis Johnson,Dennis,Johnson,TE,89.0,24,75,220,Mississippi St.,2/26/1956,2,2,0,0.0,1978.0,0,0,0,TE,TE,dennis_johnson,27.0,0.0,0.0
1980,NYG,Dennis Johnson,Dennis,Johnson,TE,89.0,24,75,220,Mississippi St.,2/26/1956,2,2,0,0.0,1978.0,0,0,0,TE,TE,dennis_johnson,3.0,0.0,0.0
1980,NYG,Dennis Johnson,Dennis,Johnson,TE,89.0,24,75,220,Mississippi St.,2/26/1956,2,2,0,0.0,1978.0,0,0,0,TE,TE,dennis_johnson,27.0,0.0,0.0
1980,NYG,Dennis Johnson,Dennis,Johnson,TE,89.0,24,75,220,Mississippi St.,2/26/1956,2,2,0,0.0,1978.0,0,0,0,TE,TE,dennis_johnson,0.0,0.0,0.0
1980,NYG,Dennis Johnson,Dennis,Johnson,TE,89.0,24,75,220,Mississippi St.,2/26/1956,2,2,0,0.0,1978.0,0,0,0,TE,TE,dennis_johnson,5.0,0.0,0.0
1980,NYJ,Jerome Barkum,Jerome,Barkum,TE,83.0,30,75,218,Jackson St.,7/18/1950,8,16,11,2.0,1972.0,0,0,0,TE,TE,jerome_barkum,42.0,0.0,1.0
1980,NYJ,Mickey Shuler,Mickey,Shuler,TE,82.0,24,75,232,Penn St.,8/21/1956,2,16,9,2.0,1978.0,0,0,0,TE,TE,mickey_shuler,42.0,0.0,2.0
1980,NYJ,Mickey Shuler,Mickey,Shuler,TE,82.0,24,75,232,Penn St.,8/21/1956,2,16,9,2.0,1978.0,0,0,0,TE,TE,mickey_shuler,0.0,0.0,0.0
1980,NYJ,Jerome Barkum,Jerome,Barkum,TE,83.0,30,75,218,Jackson St.,7/18/1950,8,16,11,2.0,1972.0,0,0,0,TE,TE,jerome_barkum,42.0,0.0,1.0
1980,NYJ,Mickey Shuler,Mickey,Shuler,TE,82.0,24,75,232,Penn St.,8/21/1956,2,16,9,2.0,1978.0,0,0,0,TE,TE,mickey_shuler,42.0,0.0,2.0
1980,NYJ,Mickey Shuler,Mickey,Shuler,TE,82.0,24,75,232,Penn St.,8/21/1956,2,16,9,2.0,1978.0,0,0,0,TE,TE,mickey_shuler,0.0,0.0,0.0
1980,OTI,Mike Barber,Mike,Barber,TE,86.0,27,75,235,Louisiana Tech,6/4/1953,4,16,16,6.0,1976.0,0,0,0,TE,TE,mike_barber,27.0,0.0,0.0
1980,OTI,Mike Barber,Mike,Barber,TE,86.0,27,75,235,Louisiana Tech,6/4/1953,4,16,16,6.0,1976.0,0,0,0,TE,TE,mike_barber,0.0,0.0,0.0
1980,OTI,Mike Barber,Mike,Barber,TE,86.0,27,75,235,Louisiana Tech,6/4/1953,4,16,16,6.0,1976.0,0,0,0,TE,TE,mike_barber,27.0,0.0,0.0
1980,OTI,Mike Barber,Mike,Barber,TE,86.0,27,75,235,Louisiana Tech,6/4/1953,4,16,16,6.0,1976.0,0,0,0,TE,TE,mike_barber,0.0,0.0,0.0
1980,OTI,Mike Barber,Mike,Barber,TE,86.0,27,75,235,Louisiana Tech,6/4/1953,4,16,16,6.0,1976.0,0,0,0,TE,TE,mike_barber,27.0,0.0,0.0
1980,OTI,Mike Barber,Mike,Barber,TE,86.0,27,75,235,Louisiana Tech,6/4/1953,4,16,16,6.0,1976.0,0,0,0,TE,TE,mike_barber,0.0,0.0,0.0
1980,OTI,Mike Barber,Mike,Barber,TE,86.0,27,75,235,Louisiana Tech,6/4/1953,4,16,16,6.0,1976.0,0,0,0,TE,TE,mike_barber,27.0,0.0,0.0
1980,OTI,Mike Barber,Mike,Barber,TE,86.0,27,75,235,Louisiana Tech,6/4/1953,4,16,16,6.0,1976.0,0,0,0,TE,TE,mike_barber,0.0,0.0,0.0
1980,OTI,Dave Casper,Dave,Casper,TE,87.0,28,76,240,Notre Dame,2/2/1952,6,10,9,5.0,1974.0,0,0,0,TE,TE,dave_casper,52.0,4.0,5.0
1980,OTI,Dave Casper,Dave,Casper,TE,87.0,28,76,240,Notre Dame,2/2/1952,6,10,9,5.0,1974.0,0,0,0,TE,TE,dave_casper,52.0,4.0,5.0
1980,OTI,Dave Casper,Dave,Casper,TE,87.0,28,76,240,Notre Dame,2/2/1952,6,10,9,5.0,1974.0,0,0,0,TE,TE,dave_casper,52.0,4.0,5.0
1980,OTI,Dave Casper,Dave,Casper,TE,87.0,28,76,240,Notre Dame,2/2/1952,6,10,9,5.0,1974.0,0,0,0,TE,TE,dave_casper,52.0,4.0,5.0
1980,OTI,Rich Caster,Rich,Caster,TE,88.0,32,77,228,Jackson St.,10/16/1948,10,16,0,3.0,1970.0,0,0,0,TE,TE,rich_caster,55.0,0.0,3.0
1980,OTI,Rich Caster,Rich,Caster,TE,88.0,32,77,228,Jackson St.,10/16/1948,10,16,0,3.0,1970.0,0,0,0,TE,TE,rich_caster,55.0,0.0,3.0
1980,OTI,Rich Caster,Rich,Caster,TE,88.0,32,77,228,Jackson St.,10/16/1948,10,16,0,3.0,1970.0,0,0,0,TE,TE,rich_caster,55.0,0.0,3.0
1980,OTI,Rich Caster,Rich,Caster,TE,88.0,32,77,228,Jackson St.,10/16/1948,10,16,0,3.0,1970.0,0,0,0,TE,TE,rich_caster,55.0,0.0,3.0
1980,PHI,Keith Krepfle,Keith,Krepfle,TE,84.0,28,75,227,Iowa St.,2/4/1952,5,13,11,5.0,1974.0,0,0,0,TE,TE,keith_krepfle,25.0,0.0,0.0
1980,PHI,Keith Krepfle,Keith,Krepfle,TE,84.0,28,75,227,Iowa St.,2/4/1952,5,13,11,5.0,1974.0,0,0,0,TE,TE,keith_krepfle,25.0,0.0,0.0
1980,PHI,John Spagnola,John,Spagnola,TE,88.0,23,76,240,Yale,8/1/1957,1,16,5,2.0,1979.0,0,0,0,TE,TE,john_spagnola,23.0,0.0,0.0
1980,PHI,John Spagnola,John,Spagnola,TE,88.0,23,76,240,Yale,8/1/1957,1,16,5,2.0,1979.0,0,0,0,TE,TE,john_spagnola,23.0,0.0,0.0
1980,PHI,Ken Dunek,Ken,Dunek,TE,86.0,23,78,235,Memphis,6/20/1957,Rook,2,0,0.0,,0,0,0,TE,TE,ken_dunek,0.0,0.0,0.0
1980,PHI,Lewis Gilbert,Lewis,Gilbert,TE,86.0,24,76,225,Florida,5/24/1956,2,3,0,0.0,,0,0,0,TE,TE,lewis_gilbert,0.0,0.0,0.0
1980,PHI,Ken Dunek,Ken,Dunek,TE,86.0,23,78,235,Memphis,6/20/1957,Rook,2,0,0.0,,0,0,0,TE,TE,ken_dunek,0.0,0.0,0.0
1980,PHI,Lewis Gilbert,Lewis,Gilbert,TE,86.0,24,76,225,Florida,5/24/1956,2,3,0,0.0,,0,0,0,TE,TE,lewis_gilbert,0.0,0.0,0.0
1980,PIT,Randy Grossman,Randy,Grossman,TE,84.0,28,73,218,Temple,9/20/1952,6,15,15,3.0,,0,0,0,TE,TE,randy_grossman,0.0,0.0,0.0
1980,PIT,Randy Grossman,Randy,Grossman,TE,84.0,28,73,218,Temple,9/20/1952,6,15,15,3.0,,0,0,0,TE,TE,randy_grossman,0.0,0.0,0.0
1980,PIT,Bennie Cunningham,Bennie,Cunningham,TE,89.0,26,77,254,Clemson,12/23/1954,4,15,1,2.0,1976.0,0,0,0,TE,TE,bennie_cunningham,30.0,0.0,0.0
1980,PIT,Bennie Cunningham,Bennie,Cunningham,TE,89.0,26,77,254,Clemson,12/23/1954,4,15,1,2.0,1976.0,0,0,0,TE,TE,bennie_cunningham,30.0,0.0,0.0
1980,RAI,Raymond Chester,Raymond,Chester,TE,88.0,32,75,232,Morgan St.,6/28/1948,10,16,10,4.0,1970.0,0,0,0,TE,TE,raymond_chester,52.0,0.0,4.0
1980,RAI,Raymond Chester,Raymond,Chester,TE,88.0,32,75,232,Morgan St.,6/28/1948,10,16,10,4.0,1970.0,0,0,0,TE,TE,raymond_chester,52.0,0.0,4.0
1980,RAI,Dave Casper,Dave,Casper,TE,87.0,28,76,240,Notre Dame,2/2/1952,6,6,6,3.0,1974.0,0,0,0,TE,TE,dave_casper,52.0,4.0,5.0
1980,RAI,Dave Casper,Dave,Casper,TE,87.0,28,76,240,Notre Dame,2/2/1952,6,6,6,3.0,1974.0,0,0,0,TE,TE,dave_casper,52.0,4.0,5.0
1980,RAI,Derrick Ramsey,Derrick,Ramsey,TE,84.0,24,76,230,Kentucky,12/23/1956,2,16,0,1.0,1978.0,0,0,0,TE,TE,derrick_ramsey,18.0,0.0,0.0
1980,RAI,Derrick Ramsey,Derrick,Ramsey,TE,84.0,24,76,230,Kentucky,12/23/1956,2,16,0,1.0,1978.0,0,0,0,TE,TE,derrick_ramsey,18.0,0.0,0.0
1980,RAI,Todd Christensen,Todd,Christensen,TE,46.0,24,75,230,BYU,8/3/1956,1,16,0,0.0,1978.0,0,0,0,TE,TE,todd_christensen,50.0,2.0,5.0
1980,RAI,Todd Christensen,Todd,Christensen,TE,46.0,24,75,230,BYU,8/3/1956,1,16,0,0.0,1978.0,0,0,0,TE,TE,todd_christensen,50.0,2.0,5.0
1980,RAM,Victor Hicks,Victor,Hicks,TE,81.0,23,75,250,Oklahoma,1/19/1957,Rook,16,14,3.0,1979.0,0,0,0,TE,TE,victor_hicks,3.0,0.0,0.0
1980,RAM,Victor Hicks,Victor,Hicks,TE,81.0,23,75,250,Oklahoma,1/19/1957,Rook,16,14,3.0,1979.0,0,0,0,TE,TE,victor_hicks,3.0,0.0,0.0
1980,RAM,Walt Arnold,Walt,Arnold,TE,84.0,22,75,228,New Mexico,8/31/1958,Rook,16,0,1.0,,0,0,0,TE,TE,walt_arnold,0.0,0.0,0.0
1980,RAM,Walt Arnold,Walt,Arnold,TE,84.0,22,75,228,New Mexico,8/31/1958,Rook,16,0,1.0,,0,0,0,TE,TE,walt_arnold,0.0,0.0,0.0
1980,RAM,Terry Nelson,Terry,Nelson,TE,83.0,29,74,233,Ark-Pine Bluff,5/20/1951,7,4,2,0.0,1973.0,0,0,0,TE,TE,terry_nelson,13.0,0.0,0.0
1980,RAM,Conrad Rucker,Conrad,Rucker,TE,63.0,26,75,255,Southern,11/15/1954,2,2,0,0.0,1978.0,0,0,0,TE,TE,conrad_rucker,1.0,0.0,0.0
1980,RAM,Terry Nelson,Terry,Nelson,TE,83.0,29,74,233,Ark-Pine Bluff,5/20/1951,7,4,2,0.0,1973.0,0,0,0,TE,TE,terry_nelson,13.0,0.0,0.0
1980,RAM,Conrad Rucker,Conrad,Rucker,TE,63.0,26,75,255,Southern,11/15/1954,2,2,0,0.0,1978.0,0,0,0,TE,TE,conrad_rucker,1.0,0.0,0.0
1980,SDG,Kellen Winslow,Kellen,Winslow,TE,80.0,23,77,251,Missouri,11/5/1957,1,16,11,13.0,1979.0,0,0,0,TE,TE,kellen_winslow,63.0,3.0,5.0
1980,SDG,Kellen Winslow,Kellen,Winslow,TE,80.0,23,77,251,Missouri,11/5/1957,1,16,11,13.0,1979.0,0,0,0,TE,TE,kellen_winslow,37.0,0.0,1.0
1980,SDG,Kellen Winslow,Kellen,Winslow,TE,80.0,23,77,251,Missouri,11/5/1957,1,16,11,13.0,1979.0,0,0,0,TE,TE,kellen_winslow,63.0,3.0,5.0
1980,SDG,Kellen Winslow,Kellen,Winslow,TE,80.0,23,77,251,Missouri,11/5/1957,1,16,11,13.0,1979.0,0,0,0,TE,TE,kellen_winslow,37.0,0.0,1.0
1980,SDG,Greg McCrary,Greg,McCrary,TE,88.0,28,73,233,Clark (GA),3/24/1952,5,16,10,1.0,1975.0,0,0,0,TE,TE,greg_mccrary,1.0,0.0,0.0
1980,SDG,Greg McCrary,Greg,McCrary,TE,88.0,28,73,233,Clark (GA),3/24/1952,5,16,10,1.0,1975.0,0,0,0,TE,TE,greg_mccrary,1.0,0.0,0.0
1980,SEA,John Sawyer,John,Sawyer,TE,81.0,27,74,230,Southern Miss,7/26/1953,5,16,16,4.0,1975.0,0,0,0,TE,TE,john_sawyer,14.0,0.0,0.0
1980,SEA,John Sawyer,John,Sawyer,TE,81.0,27,74,230,Southern Miss,7/26/1953,5,16,16,4.0,1975.0,0,0,0,TE,TE,john_sawyer,14.0,0.0,0.0
1980,SFO,Charle Young,Charle,Young,TE,86.0,29,76,234,USC,2/5/1951,7,16,15,3.0,1973.0,0,0,0,TE,TE,charle_young,47.0,1.0,3.0
1980,SFO,Charle Young,Charle,Young,TE,86.0,29,76,234,USC,2/5/1951,7,16,15,3.0,1973.0,0,0,0,TE,TE,charle_young,47.0,1.0,3.0
1980,SFO,Eason Ramson,Eason,Ramson,TE,80.0,24,74,232,Washington St.,4/30/1956,2,16,3,2.0,1978.0,0,0,0,TE,TE,eason_ramson,7.0,0.0,0.0
1980,SFO,Eason Ramson,Eason,Ramson,TE,80.0,24,74,232,Washington St.,4/30/1956,2,16,3,2.0,1978.0,0,0,0,TE,TE,eason_ramson,7.0,0.0,0.0
1980,SFO,Bob Bruer,Bob,Bruer,TE,82.0,27,77,235,Minnesota St.,5/22/1953,1,1,0,0.0,1975.0,0,0,0,TE,TE,bob_bruer,7.0,0.0,0.0
1980,SFO,Lewis Gilbert,Lewis,Gilbert,TE,82.0,24,76,225,Florida,5/24/1956,2,6,0,0.0,,0,0,0,TE,TE,lewis_gilbert,0.0,0.0,0.0
1980,SFO,Bob Bruer,Bob,Bruer,TE,82.0,27,77,235,Minnesota St.,5/22/1953,1,1,0,0.0,1975.0,0,0,0,TE,TE,bob_bruer,7.0,0.0,0.0
1980,SFO,Lewis Gilbert,Lewis,Gilbert,TE,82.0,24,76,225,Florida,5/24/1956,2,6,0,0.0,,0,0,0,TE,TE,lewis_gilbert,0.0,0.0,0.0
1980,TAM,Jimmie Giles,Jimmie,Giles,TE,88.0,26,75,239,Alcorn St.,11/8/1954,3,16,15,5.0,1977.0,0,0,0,TE,TE,jimmie_giles,40.0,0.0,4.0
1980,TAM,Jimmie Giles,Jimmie,Giles,TE,88.0,26,75,239,Alcorn St.,11/8/1954,3,16,15,5.0,1977.0,0,0,0,TE,TE,jimmie_giles,40.0,0.0,4.0
1980,TAM,Jim Obradovich,Jim,Obradovich,TE,86.0,27,74,225,USC,4/2/1953,5,16,1,1.0,1975.0,0,0,0,TE,TE,jim_obradovich,6.0,0.0,0.0
1980,TAM,Jim Obradovich,Jim,Obradovich,TE,86.0,27,74,225,USC,4/2/1953,5,16,1,1.0,1975.0,0,0,0,TE,TE,jim_obradovich,6.0,0.0,0.0
1980,TAM,Conrad Rucker,Conrad,Rucker,TE,80.0,26,75,255,Southern,11/15/1954,2,2,0,0.0,1978.0,0,0,0,TE,TE,conrad_rucker,1.0,0.0,0.0
1980,TAM,Tony Samuels,Tony,Samuels,TE,80.0,26,76,229,"Florida A&M,Bethune-Cookman",12/30/1954,3,6,3,0.0,1977.0,0,0,0,TE,TE,tony_samuels,4.0,0.0,0.0
1980,TAM,Conrad Rucker,Conrad,Rucker,TE,80.0,26,75,255,Southern,11/15/1954,2,2,0,0.0,1978.0,0,0,0,TE,TE,conrad_rucker,1.0,0.0,0.0
1980,TAM,Tony Samuels,Tony,Samuels,TE,80.0,26,76,229,"Florida A&M,Bethune-Cookman",12/30/1954,3,6,3,0.0,1977.0,0,0,0,TE,TE,tony_samuels,4.0,0.0,0.0
1980,WAS,Don Warren,Don,Warren,TE,85.0,24,76,242,San Diego St.,5/5/1956,1,13,12,3.0,1979.0,0,0,0,TE,TE,don_warren,22.0,0.0,0.0
1980,WAS,Don Warren,Don,Warren,TE,85.0,24,76,242,San Diego St.,5/5/1956,1,13,12,3.0,1979.0,0,0,0,TE,TE,don_warren,22.0,0.0,0.0
1980,WAS,Rick Walker,Rick,Walker,TE,88.0,25,76,235,UCLA,5/28/1955,3,15,4,1.0,1977.0,0,0,0,TE,TE,rick_walker,7.0,0.0,0.0
1980,WAS,Rick Walker,Rick,Walker,TE,88.0,25,76,235,UCLA,5/28/1955,3,15,4,1.0,1977.0,0,0,0,TE,TE,rick_walker,7.0,0.0,0.0
1980,WAS,Phil DuBois,Phil,DuBois,TE,86.0,24,74,220,San Diego St.,11/16/1956,1,2,1,0.0,,0,0,0,TE,TE,phil_dubois,0.0,0.0,0.0
1980,WAS,Grady Richardson,Grady,Richardson,TE,89.0,28,76,225,Cal State-Fullerton,4/2/1952,1,1,0,0.0,,0,0,0,TE,TE,grady_richardson,0.0,0.0,0.0
1980,WAS,Phil DuBois,Phil,DuBois,TE,86.0,24,74,220,San Diego St.,11/16/1956,1,2,1,0.0,,0,0,0,TE,TE,phil_dubois,0.0,0.0,0.0
1980,WAS,Grady Richardson,Grady,Richardson,TE,89.0,28,76,225,Cal State-Fullerton,4/2/1952,1,1,0,0.0,,0,0,0,TE,TE,grady_richardson,0.0,0.0,0.0
1981,ATL,Junior Miller,Junior,Miller,TE,80.0,24,76,239,Nebraska,11/26/1957,1,16,16,4.0,1980.0,0,0,0,TE,TE,junior_miller,14.0,0.0,2.0
1981,ATL,Junior Miller,Junior,Miller,TE,80.0,24,76,239,Nebraska,11/26/1957,1,16,16,4.0,1980.0,0,0,0,TE,TE,junior_miller,14.0,0.0,2.0
1981,ATL,Russ Mikeska,Russ,Mikeska,TE,87.0,26,75,225,Texas A&M,9/10/1955,2,16,0,0.0,,0,0,0,TE,TE,russ_mikeska,0.0,0.0,0.0
1981,ATL,Russ Mikeska,Russ,Mikeska,TE,87.0,26,75,225,Texas A&M,9/10/1955,2,16,0,0.0,,0,0,0,TE,TE,russ_mikeska,0.0,0.0,0.0
1981,BUF,Mark Brammer,Mark,Brammer,TE,86.0,23,75,238,Michigan St.,5/3/1958,1,16,16,3.0,1980.0,0,0,0,TE,TE,mark_brammer,11.0,0.0,0.0
1981,BUF,Mark Brammer,Mark,Brammer,TE,86.0,23,75,238,Michigan St.,5/3/1958,1,16,16,3.0,1980.0,0,0,0,TE,TE,mark_brammer,11.0,0.0,0.0
1981,BUF,Steve Alvers,Steve,Alvers,TE,87.0,24,76,240,"Taft,Miami (FL)",4/4/1957,Rook,16,0,0.0,1979.0,0,0,0,TE,TE,steve_alvers,0.0,0.0,0.0
1981,BUF,Buster Barnett,Buster,Barnett,TE,84.0,23,77,228,Jackson St.,11/24/1958,Rook,16,0,0.0,1981.0,0,0,0,TE,TE,buster_barnett,2.0,0.0,0.0
1981,BUF,Steve Alvers,Steve,Alvers,TE,87.0,24,76,240,"Taft,Miami (FL)",4/4/1957,Rook,16,0,0.0,1979.0,0,0,0,TE,TE,steve_alvers,0.0,0.0,0.0
1981,BUF,Buster Barnett,Buster,Barnett,TE,84.0,23,77,228,Jackson St.,11/24/1958,Rook,16,0,0.0,1981.0,0,0,0,TE,TE,buster_barnett,2.0,0.0,0.0
1981,CHI,Robin Earl,Robin,Earl,TE,81.0,26,77,242,Washington,3/18/1955,4,16,15,1.0,1977.0,0,0,0,TE,TE,robin_earl,7.0,0.0,0.0
1981,CHI,Robin Earl,Robin,Earl,TE,81.0,26,77,242,Washington,3/18/1955,4,16,15,1.0,1977.0,0,0,0,TE,TE,robin_earl,7.0,0.0,0.0
1981,CHI,Mike Cobb,Mike,Cobb,TE,87.0,26,77,244,Michigan St.,12/10/1955,4,16,1,0.0,1977.0,0,0,0,TE,TE,mike_cobb,1.0,0.0,0.0
1981,CHI,Bob Fisher,Bob,Fisher,TE,85.0,23,75,240,SMU,3/17/1958,1,6,1,0.0,1980.0,0,0,0,TE,TE,bob_fisher,0.0,0.0,0.0
1981,CHI,Bob Fisher,Bob,Fisher,TE,85.0,23,75,240,SMU,3/17/1958,1,6,1,0.0,1980.0,0,0,0,TE,TE,bob_fisher,2.0,0.0,0.0
1981,CHI,Brooks Williams,Brooks,Williams,TE,83.0,27,76,226,North Carolina,12/7/1954,3,5,0,0.0,1978.0,0,0,0,TE,TE,brooks_williams,3.0,0.0,0.0
1981,CHI,Mike Cobb,Mike,Cobb,TE,87.0,26,77,244,Michigan St.,12/10/1955,4,16,1,0.0,1977.0,0,0,0,TE,TE,mike_cobb,1.0,0.0,0.0
1981,CHI,Bob Fisher,Bob,Fisher,TE,85.0,23,75,240,SMU,3/17/1958,1,6,1,0.0,1980.0,0,0,0,TE,TE,bob_fisher,0.0,0.0,0.0
1981,CHI,Bob Fisher,Bob,Fisher,TE,85.0,23,75,240,SMU,3/17/1958,1,6,1,0.0,1980.0,0,0,0,TE,TE,bob_fisher,2.0,0.0,0.0
1981,CHI,Brooks Williams,Brooks,Williams,TE,83.0,27,76,226,North Carolina,12/7/1954,3,5,0,0.0,1978.0,0,0,0,TE,TE,brooks_williams,3.0,0.0,0.0
1981,CIN,Dan Ross,Dan,Ross,TE,89.0,24,76,238,Northeastern,2/9/1957,2,16,16,10.0,1979.0,0,0,0,TE,TE,dan_ross,35.0,0.0,1.0
1981,CIN,Dan Ross,Dan,Ross,TE,89.0,24,76,238,Northeastern,2/9/1957,2,16,16,10.0,1979.0,0,0,0,TE,TE,dan_ross,35.0,0.0,1.0
1981,CIN,M.L. Harris,M.L.,Harris,TE,83.0,27,77,238,"Tampa,Kansas St.",1/16/1954,1,15,0,2.0,,0,0,0,TE,TE,m.l._harris,0.0,0.0,0.0
1981,CIN,M.L. Harris,M.L.,Harris,TE,83.0,27,77,238,"Tampa,Kansas St.",1/16/1954,1,15,0,2.0,,0,0,0,TE,TE,m.l._harris,0.0,0.0,0.0
1981,CIN,Don Bass,Don,Bass,TE,84.0,25,74,219,Houston,3/11/1956,3,6,0,0.0,1978.0,0,0,0,TE,TE,don_bass,14.0,0.0,0.0
1981,CIN,Don Bass,Don,Bass,TE,84.0,25,74,219,Houston,3/11/1956,3,6,0,0.0,1978.0,0,0,0,TE,TE,don_bass,14.0,0.0,0.0
1981,CLE,Ozzie Newsome,Ozzie,Newsome,TE,82.0,25,74,232,Alabama,3/16/1956,3,16,16,7.0,1978.0,0,0,0,TE,TE,ozzie_newsome,59.0,1.0,3.0
1981,CLE,Ozzie Newsome,Ozzie,Newsome,TE,82.0,25,74,232,Alabama,3/16/1956,3,16,16,7.0,1978.0,0,0,0,TE,TE,ozzie_newsome,59.0,1.0,3.0
1981,CLE,McDonald Oden,McDonald,Oden,TE,84.0,23,76,234,Tennessee St.,3/28/1958,1,16,0,0.0,,0,0,0,TE,TE,mcdonald_oden,0.0,0.0,0.0
1981,CLE,McDonald Oden,McDonald,Oden,TE,84.0,23,76,234,Tennessee St.,3/28/1958,1,16,0,0.0,,0,0,0,TE,TE,mcdonald_oden,0.0,0.0,0.0
1981,CLT,Reese McCall,Reese,McCall,TE,86.0,25,78,239,Auburn,6/16/1956,3,16,14,3.0,1978.0,0,0,0,TE,TE,reese_mccall,10.0,0.0,0.0
1981,CLT,Reese McCall,Reese,McCall,TE,86.0,25,78,239,Auburn,6/16/1956,3,16,14,3.0,1978.0,0,0,0,TE,TE,reese_mccall,10.0,0.0,0.0
1981,CLT,Tim Sherwin,Tim,Sherwin,TE,83.0,23,78,243,Boston Col.,5/4/1958,Rook,16,2,0.0,1981.0,0,0,0,TE,TE,tim_sherwin,8.0,0.0,0.0
1981,CLT,Tim Sherwin,Tim,Sherwin,TE,83.0,23,78,243,Boston Col.,5/4/1958,Rook,16,2,0.0,1981.0,0,0,0,TE,TE,tim_sherwin,8.0,0.0,0.0
1981,CRD,Greg LaFleur,Greg,LaFleur,TE,89.0,23,76,236,LSU,9/16/1958,Rook,16,11,2.0,1981.0,0,0,0,TE,TE,greg_lafleur,6.0,0.0,0.0
1981,CRD,Greg LaFleur,Greg,LaFleur,TE,89.0,23,76,236,LSU,9/16/1958,Rook,16,11,2.0,1981.0,0,0,0,TE,TE,greg_lafleur,6.0,0.0,0.0
1981,CRD,Doug Marsh,Doug,Marsh,TE,87.0,23,75,236,Michigan,6/18/1958,1,4,3,1.0,1980.0,0,0,0,TE,TE,doug_marsh,17.0,0.0,0.0
1981,CRD,Doug Marsh,Doug,Marsh,TE,87.0,23,75,236,Michigan,6/18/1958,1,4,3,1.0,1980.0,0,0,0,TE,TE,doug_marsh,17.0,0.0,0.0
1981,CRD,Chris Combs,Chris,Combs,TE,80.0,23,76,238,New Mexico,3/17/1958,1,16,2,0.0,1980.0,0,0,0,TE,TE,chris_combs,0.0,0.0,0.0
1981,CRD,Chris Combs,Chris,Combs,TE,80.0,23,76,238,New Mexico,3/17/1958,1,16,2,0.0,1980.0,0,0,0,TE,TE,chris_combs,1.0,0.0,0.0
1981,CRD,Chris Combs,Chris,Combs,TE,80.0,23,76,238,New Mexico,3/17/1958,1,16,2,0.0,1980.0,0,0,0,TE,TE,chris_combs,0.0,0.0,0.0
1981,CRD,Chris Combs,Chris,Combs,TE,80.0,23,76,238,New Mexico,3/17/1958,1,16,2,0.0,1980.0,0,0,0,TE,TE,chris_combs,1.0,0.0,0.0
1981,DAL,Doug Cosbie,Doug,Cosbie,TE,84.0,25,78,236,"Holy Cross,Santa Clara",3/27/1956,2,16,0,2.0,1979.0,0,0,0,TE,TE,doug_cosbie,32.0,0.0,3.0
1981,DAL,Billy Joe DuPree,Billy,Joe DuPree,TE,89.0,31,76,225,Michigan St.,3/7/1950,8,16,15,2.0,1973.0,0,0,0,TE,TE,billy_joe dupree,0.0,0.0,0.0
1981,DAL,Doug Cosbie,Doug,Cosbie,TE,84.0,25,78,236,"Holy Cross,Santa Clara",3/27/1956,2,16,0,2.0,1979.0,0,0,0,TE,TE,doug_cosbie,32.0,0.0,3.0
1981,DAL,Billy Joe DuPree,Billy,Joe DuPree,TE,89.0,31,76,225,Michigan St.,3/7/1950,8,16,15,2.0,1973.0,0,0,0,TE,TE,billy_joe dupree,0.0,0.0,0.0
1981,DAL,Jay Saldi,Jay,Saldi,TE,87.0,27,75,225,South Carolina,10/8/1954,5,16,5,1.0,,0,0,0,TE,TE,jay_saldi,0.0,0.0,0.0
1981,DAL,Jay Saldi,Jay,Saldi,TE,87.0,27,75,225,South Carolina,10/8/1954,5,16,5,1.0,,0,0,0,TE,TE,jay_saldi,0.0,0.0,0.0
1981,DEN,Riley Odoms,Riley,Odoms,TE,88.0,31,76,230,Houston,3/1/1950,9,15,15,4.0,1972.0,0,0,0,TE,TE,riley_odoms,54.0,2.0,4.0
1981,DEN,Riley Odoms,Riley,Odoms,TE,88.0,31,76,230,Houston,3/1/1950,9,15,15,4.0,1972.0,0,0,0,TE,TE,riley_odoms,54.0,2.0,4.0
1981,DEN,Ron Egloff,Ron,Egloff,TE,85.0,26,77,230,Wisconsin,10/3/1955,4,16,6,2.0,,0,0,0,TE,TE,ron_egloff,0.0,0.0,0.0
1981,DEN,Ron Egloff,Ron,Egloff,TE,85.0,26,77,230,Wisconsin,10/3/1955,4,16,6,2.0,,0,0,0,TE,TE,ron_egloff,0.0,0.0,0.0
1981,DEN,James Wright,James,Wright,TE,87.0,25,75,240,TCU,9/1/1956,3,16,0,0.0,1978.0,0,0,0,TE,TE,james_wright,6.0,0.0,0.0
1981,DEN,James Wright,James,Wright,TE,87.0,25,75,240,TCU,9/1/1956,3,16,0,0.0,1978.0,0,0,0,TE,TE,james_wright,2.0,0.0,0.0
1981,DEN,James Wright,James,Wright,TE,87.0,25,75,240,TCU,9/1/1956,3,16,0,0.0,1978.0,0,0,0,TE,TE,james_wright,6.0,0.0,0.0
1981,DEN,James Wright,James,Wright,TE,87.0,25,75,240,TCU,9/1/1956,3,16,0,0.0,1978.0,0,0,0,TE,TE,james_wright,2.0,0.0,0.0
1981,DET,David Hill,David,Hill,TE,81.0,27,74,229,Texas A&M-Kingsville,1/1/1954,5,15,15,5.0,1976.0,0,0,0,TE,TE,david_hill,34.0,0.0,2.0
1981,DET,David Hill,David,Hill,TE,81.0,27,74,229,Texas A&M-Kingsville,1/1/1954,5,15,15,5.0,1976.0,0,0,0,TE,TE,david_hill,34.0,0.0,2.0
1981,DET,Ulysses Norris,Ulysses,Norris,TE,80.0,24,76,230,Georgia,1/15/1957,2,12,2,1.0,1979.0,0,0,0,TE,TE,ulysses_norris,5.0,0.0,0.0
1981,DET,Ulysses Norris,Ulysses,Norris,TE,80.0,24,76,230,Georgia,1/15/1957,2,12,2,1.0,1979.0,0,0,0,TE,TE,ulysses_norris,5.0,0.0,0.0
1981,DET,Bob Niziolek,Bob,Niziolek,TE,82.0,23,76,220,Colorado,6/30/1958,Rook,4,0,0.0,1981.0,0,0,0,TE,TE,bob_niziolek,0.0,0.0,0.0
1981,DET,Bob Niziolek,Bob,Niziolek,TE,82.0,23,76,220,Colorado,6/30/1958,Rook,4,0,0.0,1981.0,0,0,0,TE,TE,bob_niziolek,0.0,0.0,0.0
1981,GNB,Paul Coffman,Paul,Coffman,TE,82.0,25,75,222,Kansas St.,3/29/1956,3,16,16,7.0,,0,0,0,TE,TE,paul_coffman,0.0,0.0,1.0
1981,GNB,Paul Coffman,Paul,Coffman,TE,82.0,25,75,222,Kansas St.,3/29/1956,3,16,16,7.0,,0,0,0,TE,TE,paul_coffman,0.0,0.0,1.0
1981,GNB,Gary Lewis,Gary,Lewis,TE,81.0,23,77,234,Texas-Arlington,12/30/1958,Rook,16,0,0.0,1981.0,0,0,0,TE,TE,gary_lewis,15.0,0.0,0.0
1981,GNB,Gary Lewis,Gary,Lewis,TE,81.0,23,77,234,Texas-Arlington,12/30/1958,Rook,16,0,0.0,1981.0,0,0,0,TE,TE,gary_lewis,2.0,0.0,0.0
1981,GNB,Gary Lewis,Gary,Lewis,TE,81.0,23,77,234,Texas-Arlington,12/30/1958,Rook,16,0,0.0,1981.0,0,0,0,TE,TE,gary_lewis,0.0,0.0,0.0
1981,GNB,John Thompson,John,Thompson,TE,83.0,24,75,228,"Weber St.,Utah St.",1/18/1957,2,2,0,0.0,1979.0,0,0,0,TE,TE,john_thompson,0.0,0.0,0.0
1981,GNB,John Thompson,John,Thompson,TE,83.0,24,75,228,"Weber St.,Utah St.",1/18/1957,2,2,0,0.0,1979.0,0,0,0,TE,TE,john_thompson,0.0,0.0,0.0
1981,GNB,Gary Lewis,Gary,Lewis,TE,81.0,23,77,234,Texas-Arlington,12/30/1958,Rook,16,0,0.0,1981.0,0,0,0,TE,TE,gary_lewis,15.0,0.0,0.0
1981,GNB,Gary Lewis,Gary,Lewis,TE,81.0,23,77,234,Texas-Arlington,12/30/1958,Rook,16,0,0.0,1981.0,0,0,0,TE,TE,gary_lewis,2.0,0.0,0.0
1981,GNB,Gary Lewis,Gary,Lewis,TE,81.0,23,77,234,Texas-Arlington,12/30/1958,Rook,16,0,0.0,1981.0,0,0,0,TE,TE,gary_lewis,0.0,0.0,0.0
1981,GNB,John Thompson,John,Thompson,TE,83.0,24,75,228,"Weber St.,Utah St.",1/18/1957,2,2,0,0.0,1979.0,0,0,0,TE,TE,john_thompson,0.0,0.0,0.0
1981,GNB,John Thompson,John,Thompson,TE,83.0,24,75,228,"Weber St.,Utah St.",1/18/1957,2,2,0,0.0,1979.0,0,0,0,TE,TE,john_thompson,0.0,0.0,0.0
1981,KAN,Al Dixon,Al,Dixon,TE,84.0,27,77,230,Iowa St.,4/5/1954,4,16,13,4.0,1977.0,0,0,0,TE,TE,al_dixon,13.0,0.0,0.0
1981,KAN,Al Dixon,Al,Dixon,TE,84.0,27,77,230,Iowa St.,4/5/1954,4,16,13,4.0,1977.0,0,0,0,TE,TE,al_dixon,13.0,0.0,0.0
1981,KAN,Willie Scott,Willie,Scott,TE,81.0,22,76,245,South Carolina,2/13/1959,Rook,16,3,1.0,1981.0,0,0,0,TE,TE,willie_scott,6.0,0.0,0.0
1981,KAN,Willie Scott,Willie,Scott,TE,81.0,22,76,245,South Carolina,2/13/1959,Rook,16,3,1.0,1981.0,0,0,0,TE,TE,willie_scott,6.0,0.0,0.0
1981,KAN,Ed Beckman,Ed,Beckman,TE,85.0,26,76,229,Florida St.,1/2/1955,4,15,0,0.0,,0,0,0,TE,TE,ed_beckman,0.0,0.0,0.0
1981,KAN,Marvin Harvey,Marvin,Harvey,TE,83.0,22,75,220,Southern Miss,10/17/1959,Rook,7,0,0.0,1981.0,0,0,0,TE,TE,marvin_harvey,0.0,0.0,0.0
1981,KAN,Ed Beckman,Ed,Beckman,TE,85.0,26,76,229,Florida St.,1/2/1955,4,15,0,0.0,,0,0,0,TE,TE,ed_beckman,0.0,0.0,0.0
1981,KAN,Marvin Harvey,Marvin,Harvey,TE,83.0,22,75,220,Southern Miss,10/17/1959,Rook,7,0,0.0,1981.0,0,0,0,TE,TE,marvin_harvey,0.0,0.0,0.0
1981,MIA,Joe Rose,Joe,Rose,TE,80.0,24,75,228,California,6/24/1957,1,16,0,3.0,1980.0,0,0,0,TE,TE,joe_rose,15.0,0.0,0.0
1981,MIA,Joe Rose,Joe,Rose,TE,80.0,24,75,228,California,6/24/1957,1,16,0,3.0,1980.0,0,0,0,TE,TE,joe_rose,15.0,0.0,0.0
1981,MIA,Bruce Hardy,Bruce,Hardy,TE,84.0,25,77,235,Arizona St.,6/1/1956,3,16,4,2.0,1978.0,0,0,0,TE,TE,bruce_hardy,22.0,0.0,0.0
1981,MIA,Bruce Hardy,Bruce,Hardy,TE,84.0,25,77,235,Arizona St.,6/1/1956,3,16,4,2.0,1978.0,0,0,0,TE,TE,bruce_hardy,22.0,0.0,0.0
1981,MIA,Ronnie Lee,Ronnie,Lee,TE,86.0,25,75,265,Baylor,12/24/1956,2,16,16,1.0,1979.0,0,0,0,TE,TE,ronnie_lee,43.0,0.0,0.0
1981,MIA,Ronnie Lee,Ronnie,Lee,TE,86.0,25,75,265,Baylor,12/24/1956,2,16,16,1.0,1979.0,0,0,0,TE,TE,ronnie_lee,43.0,0.0,0.0
1981,MIN,Joe Senser,Joe,Senser,TE,81.0,25,76,235,West Chester,8/18/1956,1,16,16,8.0,1979.0,0,0,0,TE,TE,joe_senser,16.0,0.0,1.0
1981,MIN,Joe Senser,Joe,Senser,TE,81.0,25,76,235,West Chester,8/18/1956,1,16,16,8.0,1979.0,0,0,0,TE,TE,joe_senser,16.0,0.0,1.0
1981,MIN,Bob Bruer,Bob,Bruer,TE,82.0,28,77,235,Minnesota St.,5/22/1953,2,15,0,0.0,1975.0,0,0,0,TE,TE,bob_bruer,7.0,0.0,0.0
1981,MIN,Bob Bruer,Bob,Bruer,TE,82.0,28,77,235,Minnesota St.,5/22/1953,2,15,0,0.0,1975.0,0,0,0,TE,TE,bob_bruer,7.0,0.0,0.0
1981,NOR,Larry Hardy,Larry,Hardy,TE,87.0,25,75,234,Jackson St.,7/9/1956,3,16,16,2.0,1978.0,0,0,0,TE,TE,larry_hardy,7.0,0.0,0.0
1981,NOR,Larry Hardy,Larry,Hardy,TE,87.0,25,75,234,Jackson St.,7/9/1956,3,16,16,2.0,1978.0,0,0,0,TE,TE,larry_hardy,7.0,0.0,0.0
1981,NOR,Hoby Brenner,Hoby,Brenner,TE,85.0,22,76,240,USC,6/2/1959,Rook,9,1,1.0,1981.0,0,0,0,TE,TE,hoby_brenner,31.0,0.0,1.0
1981,NOR,Rich Caster,Rich,Caster,TE,86.0,33,77,228,Jackson St.,10/16/1948,11,4,0,1.0,1970.0,0,0,0,TE,TE,rich_caster,55.0,0.0,3.0
1981,NOR,Hoby Brenner,Hoby,Brenner,TE,85.0,22,76,240,USC,6/2/1959,Rook,9,1,1.0,1981.0,0,0,0,TE,TE,hoby_brenner,31.0,0.0,1.0
1981,NOR,Rich Caster,Rich,Caster,TE,86.0,33,77,228,Jackson St.,10/16/1948,11,4,0,1.0,1970.0,0,0,0,TE,TE,rich_caster,55.0,0.0,3.0
1981,NOR,Brooks Williams,Brooks,Williams,TE,88.0,27,76,226,North Carolina,12/7/1954,3,7,0,0.0,1978.0,0,0,0,TE,TE,brooks_williams,3.0,0.0,0.0
1981,NOR,Brooks Williams,Brooks,Williams,TE,88.0,27,76,226,North Carolina,12/7/1954,3,7,0,0.0,1978.0,0,0,0,TE,TE,brooks_williams,3.0,0.0,0.0
1981,NWE,Don Hasselbeck,Don,Hasselbeck,TE,80.0,26,79,245,Colorado,4/1/1955,4,14,14,7.0,1977.0,0,0,0,TE,TE,don_hasselbeck,16.0,0.0,0.0
1981,NWE,Don Hasselbeck,Don,Hasselbeck,TE,80.0,26,79,245,Colorado,4/1/1955,4,14,14,7.0,1977.0,0,0,0,TE,TE,don_hasselbeck,16.0,0.0,0.0
1981,NWE,Lin Dawson,Lin,Dawson,TE,87.0,22,75,240,North Carolina St.,6/24/1959,Rook,15,3,1.0,1981.0,0,0,0,TE,TE,lin_dawson,12.0,0.0,0.0
1981,NWE,Lin Dawson,Lin,Dawson,TE,87.0,22,75,240,North Carolina St.,6/24/1959,Rook,15,3,1.0,1981.0,0,0,0,TE,TE,lin_dawson,12.0,0.0,0.0
1981,NYG,Gary Shirk,Gary,Shirk,TE,87.0,31,73,220,Morehead St.,2/23/1950,5,16,14,4.0,,0,0,0,TE,TE,gary_shirk,0.0,0.0,0.0
1981,NYG,Gary Shirk,Gary,Shirk,TE,87.0,31,73,220,Morehead St.,2/23/1950,5,16,14,4.0,,0,0,0,TE,TE,gary_shirk,0.0,0.0,0.0
1981,NYG,Tom Mullady,Tom,Mullady,TE,81.0,24,75,232,Rhodes,1/30/1957,2,16,3,1.0,1979.0,0,0,0,TE,TE,tom_mullady,9.0,0.0,0.0
1981,NYG,Tom Mullady,Tom,Mullady,TE,81.0,24,75,232,Rhodes,1/30/1957,2,16,3,1.0,1979.0,0,0,0,TE,TE,tom_mullady,9.0,0.0,0.0
1981,NYG,Dave Young,Dave,Young,TE,89.0,22,77,242,Purdue,2/9/1959,Rook,11,0,0.0,1981.0,0,0,0,TE,TE,dave_young,1.0,0.0,0.0
1981,NYG,Dave Young,Dave,Young,TE,89.0,22,77,242,Purdue,2/9/1959,Rook,11,0,0.0,1981.0,0,0,0,TE,TE,dave_young,1.0,0.0,0.0
1981,NYJ,Jerome Barkum,Jerome,Barkum,TE,83.0,31,75,218,Jackson St.,7/18/1950,9,16,16,4.0,1972.0,0,0,0,TE,TE,jerome_barkum,42.0,0.0,1.0
1981,NYJ,Jerome Barkum,Jerome,Barkum,TE,83.0,31,75,218,Jackson St.,7/18/1950,9,16,16,4.0,1972.0,0,0,0,TE,TE,jerome_barkum,42.0,0.0,1.0
1981,NYJ,Mickey Shuler,Mickey,Shuler,TE,82.0,25,75,232,Penn St.,8/21/1956,3,6,0,0.0,1978.0,0,0,0,TE,TE,mickey_shuler,42.0,0.0,2.0
1981,NYJ,Mickey Shuler,Mickey,Shuler,TE,82.0,25,75,232,Penn St.,8/21/1956,3,6,0,0.0,1978.0,0,0,0,TE,TE,mickey_shuler,0.0,0.0,0.0
1981,NYJ,Steve Stephens,Steve,Stephens,TE,86.0,24,75,227,Oklahoma St.,3/4/1957,Rook,16,0,0.0,1979.0,0,0,0,TE,TE,steve_stephens,0.0,0.0,0.0
1981,NYJ,Mickey Shuler,Mickey,Shuler,TE,82.0,25,75,232,Penn St.,8/21/1956,3,6,0,0.0,1978.0,0,0,0,TE,TE,mickey_shuler,42.0,0.0,2.0
1981,NYJ,Mickey Shuler,Mickey,Shuler,TE,82.0,25,75,232,Penn St.,8/21/1956,3,6,0,0.0,1978.0,0,0,0,TE,TE,mickey_shuler,0.0,0.0,0.0
1981,NYJ,Steve Stephens,Steve,Stephens,TE,86.0,24,75,227,Oklahoma St.,3/4/1957,Rook,16,0,0.0,1979.0,0,0,0,TE,TE,steve_stephens,0.0,0.0,0.0
1981,OTI,Dave Casper,Dave,Casper,TE,87.0,29,76,240,Notre Dame,2/2/1952,7,16,11,5.0,1974.0,0,0,0,TE,TE,dave_casper,52.0,4.0,5.0
1981,OTI,Dave Casper,Dave,Casper,TE,87.0,29,76,240,Notre Dame,2/2/1952,7,16,11,5.0,1974.0,0,0,0,TE,TE,dave_casper,52.0,4.0,5.0
1981,OTI,Dave Casper,Dave,Casper,TE,87.0,29,76,240,Notre Dame,2/2/1952,7,16,11,5.0,1974.0,0,0,0,TE,TE,dave_casper,52.0,4.0,5.0
1981,OTI,Dave Casper,Dave,Casper,TE,87.0,29,76,240,Notre Dame,2/2/1952,7,16,11,5.0,1974.0,0,0,0,TE,TE,dave_casper,52.0,4.0,5.0
1981,OTI,Mike Barber,Mike,Barber,TE,86.0,28,75,235,Louisiana Tech,6/4/1953,5,16,5,2.0,1976.0,0,0,0,TE,TE,mike_barber,27.0,0.0,0.0
1981,OTI,Mike Barber,Mike,Barber,TE,86.0,28,75,235,Louisiana Tech,6/4/1953,5,16,5,2.0,1976.0,0,0,0,TE,TE,mike_barber,0.0,0.0,0.0
1981,OTI,Mike Barber,Mike,Barber,TE,86.0,28,75,235,Louisiana Tech,6/4/1953,5,16,5,2.0,1976.0,0,0,0,TE,TE,mike_barber,27.0,0.0,0.0
1981,OTI,Mike Barber,Mike,Barber,TE,86.0,28,75,235,Louisiana Tech,6/4/1953,5,16,5,2.0,1976.0,0,0,0,TE,TE,mike_barber,0.0,0.0,0.0
1981,OTI,Mike Barber,Mike,Barber,TE,86.0,28,75,235,Louisiana Tech,6/4/1953,5,16,5,2.0,1976.0,0,0,0,TE,TE,mike_barber,27.0,0.0,0.0
1981,OTI,Mike Barber,Mike,Barber,TE,86.0,28,75,235,Louisiana Tech,6/4/1953,5,16,5,2.0,1976.0,0,0,0,TE,TE,mike_barber,0.0,0.0,0.0
1981,OTI,Mike Barber,Mike,Barber,TE,86.0,28,75,235,Louisiana Tech,6/4/1953,5,16,5,2.0,1976.0,0,0,0,TE,TE,mike_barber,27.0,0.0,0.0
1981,OTI,Mike Barber,Mike,Barber,TE,86.0,28,75,235,Louisiana Tech,6/4/1953,5,16,5,2.0,1976.0,0,0,0,TE,TE,mike_barber,0.0,0.0,0.0
1981,PHI,Keith Krepfle,Keith,Krepfle,TE,84.0,29,75,227,Iowa St.,2/4/1952,6,16,16,2.0,1974.0,0,0,0,TE,TE,keith_krepfle,25.0,0.0,0.0
1981,PHI,Keith Krepfle,Keith,Krepfle,TE,84.0,29,75,227,Iowa St.,2/4/1952,6,16,16,2.0,1974.0,0,0,0,TE,TE,keith_krepfle,25.0,0.0,0.0
1981,PHI,John Spagnola,John,Spagnola,TE,88.0,24,76,240,Yale,8/1/1957,2,11,3,1.0,1979.0,0,0,0,TE,TE,john_spagnola,23.0,0.0,0.0
1981,PHI,John Spagnola,John,Spagnola,TE,88.0,24,76,240,Yale,8/1/1957,2,11,3,1.0,1979.0,0,0,0,TE,TE,john_spagnola,23.0,0.0,0.0
1981,PHI,Steve Folsom,Steve,Folsom,TE,86.0,23,77,235,"Long Beach St.,Utah",3/21/1958,Rook,3,0,0.0,1981.0,0,0,0,TE,TE,steve_folsom,3.0,0.0,0.0
1981,PHI,Steve Folsom,Steve,Folsom,TE,86.0,23,77,235,"Long Beach St.,Utah",3/21/1958,Rook,3,0,0.0,1981.0,0,0,0,TE,TE,steve_folsom,3.0,0.0,0.0
1981,PIT,Bennie Cunningham,Bennie,Cunningham,TE,89.0,27,77,254,Clemson,12/23/1954,5,15,15,6.0,1976.0,0,0,0,TE,TE,bennie_cunningham,30.0,0.0,0.0
1981,PIT,Bennie Cunningham,Bennie,Cunningham,TE,89.0,27,77,254,Clemson,12/23/1954,5,15,15,6.0,1976.0,0,0,0,TE,TE,bennie_cunningham,30.0,0.0,0.0
1981,PIT,Randy Grossman,Randy,Grossman,TE,84.0,29,73,218,Temple,9/20/1952,7,16,1,0.0,,0,0,0,TE,TE,randy_grossman,0.0,0.0,0.0
1981,PIT,Randy Grossman,Randy,Grossman,TE,84.0,29,73,218,Temple,9/20/1952,7,16,1,0.0,,0,0,0,TE,TE,randy_grossman,0.0,0.0,0.0
1981,RAI,Derrick Ramsey,Derrick,Ramsey,TE,84.0,25,76,230,Kentucky,12/23/1956,3,16,12,5.0,1978.0,0,0,0,TE,TE,derrick_ramsey,18.0,0.0,0.0
1981,RAI,Derrick Ramsey,Derrick,Ramsey,TE,84.0,25,76,230,Kentucky,12/23/1956,3,16,12,5.0,1978.0,0,0,0,TE,TE,derrick_ramsey,18.0,0.0,0.0
1981,RAI,Raymond Chester,Raymond,Chester,TE,88.0,33,75,232,Morgan St.,6/28/1948,11,16,5,1.0,1970.0,0,0,0,TE,TE,raymond_chester,52.0,0.0,4.0
1981,RAI,Todd Christensen,Todd,Christensen,TE,46.0,25,75,230,BYU,8/3/1956,2,16,0,1.0,1978.0,0,0,0,TE,TE,todd_christensen,50.0,2.0,5.0
1981,RAI,Raymond Chester,Raymond,Chester,TE,88.0,33,75,232,Morgan St.,6/28/1948,11,16,5,1.0,1970.0,0,0,0,TE,TE,raymond_chester,52.0,0.0,4.0
1981,RAI,Todd Christensen,Todd,Christensen,TE,46.0,25,75,230,BYU,8/3/1956,2,16,0,1.0,1978.0,0,0,0,TE,TE,todd_christensen,50.0,2.0,5.0
1981,RAM,Walt Arnold,Walt,Arnold,TE,84.0,23,75,228,New Mexico,8/31/1958,1,16,9,2.0,,0,0,0,TE,TE,walt_arnold,0.0,0.0,0.0
1981,RAM,Walt Arnold,Walt,Arnold,TE,84.0,23,75,228,New Mexico,8/31/1958,1,16,9,2.0,,0,0,0,TE,TE,walt_arnold,0.0,0.0,0.0
1981,RAM,Henry Childs,Henry,Childs,TE,83.0,30,74,223,Kansas St.,4/16/1951,7,7,7,1.0,1974.0,0,0,0,TE,TE,henry_childs,34.0,0.0,1.0
1981,RAM,Henry Childs,Henry,Childs,TE,83.0,30,74,223,Kansas St.,4/16/1951,7,7,7,1.0,1974.0,0,0,0,TE,TE,henry_childs,34.0,0.0,1.0
1981,RAM,Ron Battle,Ron,Battle,TE,81.0,22,75,220,North Texas,3/27/1959,Rook,4,0,0.0,1981.0,0,0,0,TE,TE,ron_battle,1.0,0.0,0.0
1981,RAM,Lewis Gilbert,Lewis,Gilbert,TE,89.0,25,76,225,Florida,5/24/1956,3,6,0,0.0,,0,0,0,TE,TE,lewis_gilbert,0.0,0.0,0.0
1981,RAM,Ron Battle,Ron,Battle,TE,81.0,22,75,220,North Texas,3/27/1959,Rook,4,0,0.0,1981.0,0,0,0,TE,TE,ron_battle,1.0,0.0,0.0
1981,RAM,Lewis Gilbert,Lewis,Gilbert,TE,89.0,25,76,225,Florida,5/24/1956,3,6,0,0.0,,0,0,0,TE,TE,lewis_gilbert,0.0,0.0,0.0
1981,SDG,Kellen Winslow,Kellen,Winslow,TE,80.0,24,77,251,Missouri,11/5/1957,2,16,16,12.0,1979.0,0,0,0,TE,TE,kellen_winslow,63.0,3.0,5.0
1981,SDG,Kellen Winslow,Kellen,Winslow,TE,80.0,24,77,251,Missouri,11/5/1957,2,16,16,12.0,1979.0,0,0,0,TE,TE,kellen_winslow,37.0,0.0,1.0
1981,SDG,Kellen Winslow,Kellen,Winslow,TE,80.0,24,77,251,Missouri,11/5/1957,2,16,16,12.0,1979.0,0,0,0,TE,TE,kellen_winslow,63.0,3.0,5.0
1981,SDG,Kellen Winslow,Kellen,Winslow,TE,80.0,24,77,251,Missouri,11/5/1957,2,16,16,12.0,1979.0,0,0,0,TE,TE,kellen_winslow,37.0,0.0,1.0
1981,SDG,Eric Sievers,Eric,Sievers,TE,85.0,24,76,236,Maryland,11/9/1957,Rook,16,9,3.0,1981.0,0,0,0,TE,TE,eric_sievers,21.0,0.0,0.0
1981,SDG,Eric Sievers,Eric,Sievers,TE,85.0,24,76,236,Maryland,11/9/1957,Rook,16,9,3.0,1981.0,0,0,0,TE,TE,eric_sievers,21.0,0.0,0.0
1981,SDG,Pete Holohan,Pete,Holohan,TE,88.0,22,76,237,Notre Dame,7/25/1959,Rook,7,0,0.0,1981.0,0,0,0,TE,TE,pete_holohan,29.0,0.0,0.0
1981,SDG,Pete Holohan,Pete,Holohan,TE,88.0,22,76,237,Notre Dame,7/25/1959,Rook,7,0,0.0,1981.0,0,0,0,TE,TE,pete_holohan,29.0,0.0,0.0
1981,SEA,John Sawyer,John,Sawyer,TE,81.0,28,74,230,Southern Miss,7/26/1953,6,16,16,3.0,1975.0,0,0,0,TE,TE,john_sawyer,14.0,0.0,0.0
1981,SEA,John Sawyer,John,Sawyer,TE,81.0,28,74,230,Southern Miss,7/26/1953,6,16,16,3.0,1975.0,0,0,0,TE,TE,john_sawyer,14.0,0.0,0.0
1981,SEA,Mike Tice,Mike,Tice,TE,86.0,22,79,253,Maryland,2/2/1959,Rook,16,3,0.0,,0,0,0,TE,TE,mike_tice,0.0,0.0,0.0
1981,SEA,Mike Tice,Mike,Tice,TE,86.0,22,79,253,Maryland,2/2/1959,Rook,16,3,0.0,,0,0,0,TE,TE,mike_tice,0.0,0.0,0.0
1981,SFO,Charle Young,Charle,Young,TE,86.0,30,76,234,USC,2/5/1951,8,16,16,4.0,1973.0,0,0,0,TE,TE,charle_young,47.0,1.0,3.0
1981,SFO,Charle Young,Charle,Young,TE,86.0,30,76,234,USC,2/5/1951,8,16,16,4.0,1973.0,0,0,0,TE,TE,charle_young,47.0,1.0,3.0
1981,SFO,Brian Peets,Brian,Peets,TE,82.0,25,76,225,Pacific,7/15/1956,3,5,0,0.0,,0,0,0,TE,TE,brian_peets,0.0,0.0,0.0
1981,SFO,Eason Ramson,Eason,Ramson,TE,80.0,25,74,232,Washington St.,4/30/1956,3,11,0,0.0,1978.0,0,0,0,TE,TE,eason_ramson,7.0,0.0,0.0
1981,SFO,Brian Peets,Brian,Peets,TE,82.0,25,76,225,Pacific,7/15/1956,3,5,0,0.0,,0,0,0,TE,TE,brian_peets,0.0,0.0,0.0
1981,SFO,Eason Ramson,Eason,Ramson,TE,80.0,25,74,232,Washington St.,4/30/1956,3,11,0,0.0,1978.0,0,0,0,TE,TE,eason_ramson,7.0,0.0,0.0
1981,TAM,Jimmie Giles,Jimmie,Giles,TE,88.0,27,75,239,Alcorn St.,11/8/1954,4,16,16,7.0,1977.0,0,0,0,TE,TE,jimmie_giles,40.0,0.0,4.0
1981,TAM,Jimmie Giles,Jimmie,Giles,TE,88.0,27,75,239,Alcorn St.,11/8/1954,4,16,16,7.0,1977.0,0,0,0,TE,TE,jimmie_giles,40.0,0.0,4.0
1981,TAM,Jim Obradovich,Jim,Obradovich,TE,86.0,28,74,225,USC,4/2/1953,6,16,3,0.0,1975.0,0,0,0,TE,TE,jim_obradovich,6.0,0.0,0.0
1981,TAM,Jim Obradovich,Jim,Obradovich,TE,86.0,28,74,225,USC,4/2/1953,6,16,3,0.0,1975.0,0,0,0,TE,TE,jim_obradovich,6.0,0.0,0.0
1981,WAS,Don Warren,Don,Warren,TE,85.0,25,76,242,San Diego St.,5/5/1956,2,16,16,3.0,1979.0,0,0,0,TE,TE,don_warren,22.0,0.0,0.0
1981,WAS,Don Warren,Don,Warren,TE,85.0,25,76,242,San Diego St.,5/5/1956,2,16,16,3.0,1979.0,0,0,0,TE,TE,don_warren,22.0,0.0,0.0
1981,WAS,Rich Caster,Rich,Caster,TE,82.0,33,77,228,Jackson St.,10/16/1948,11,3,1,1.0,1970.0,0,0,0,TE,TE,rich_caster,55.0,0.0,3.0
1981,WAS,Rick Walker,Rick,Walker,TE,88.0,26,76,235,UCLA,5/28/1955,4,16,14,1.0,1977.0,0,0,0,TE,TE,rick_walker,7.0,0.0,0.0
1981,WAS,Rich Caster,Rich,Caster,TE,82.0,33,77,228,Jackson St.,10/16/1948,11,3,1,1.0,1970.0,0,0,0,TE,TE,rich_caster,55.0,0.0,3.0
1981,WAS,Rick Walker,Rick,Walker,TE,88.0,26,76,235,UCLA,5/28/1955,4,16,14,1.0,1977.0,0,0,0,TE,TE,rick_walker,7.0,0.0,0.0
1981,WAS,Greg McCrary,Greg,McCrary,TE,84.0,29,73,233,Clark (GA),3/24/1952,6,5,0,0.0,1975.0,0,0,0,TE,TE,greg_mccrary,1.0,0.0,0.0
1981,WAS,Bob Raba,Bob,Raba,TE,86.0,26,73,222,Maryland,4/23/1955,4,8,0,0.0,,0,0,0,TE,TE,bob_raba,0.0,0.0,0.0
1981,WAS,Greg McCrary,Greg,McCrary,TE,84.0,29,73,233,Clark (GA),3/24/1952,6,5,0,0.0,1975.0,0,0,0,TE,TE,greg_mccrary,1.0,0.0,0.0
1981,WAS,Bob Raba,Bob,Raba,TE,86.0,26,73,222,Maryland,4/23/1955,4,8,0,0.0,,0,0,0,TE,TE,bob_raba,0.0,0.0,0.0
1982,ATL,Junior Miller,Junior,Miller,TE,80.0,25,76,239,Nebraska,11/26/1957,2,9,9,3.0,1980.0,0,0,0,TE,TE,junior_miller,14.0,0.0,2.0
1982,ATL,Junior Miller,Junior,Miller,TE,80.0,25,76,239,Nebraska,11/26/1957,2,9,9,3.0,1980.0,0,0,0,TE,TE,junior_miller,14.0,0.0,2.0
1982,ATL,Clay Brown,Clay,Brown,TE,99.0,24,75,223,BYU,9/20/1958,Rook,1,0,0.0,1981.0,0,0,0,TE,TE,clay_brown,0.0,0.0,0.0
1982,ATL,Keith Krepfle,Keith,Krepfle,TE,88.0,30,75,227,Iowa St.,2/4/1952,7,4,0,0.0,1974.0,0,0,0,TE,TE,keith_krepfle,25.0,0.0,0.0
1982,ATL,Russ Mikeska,Russ,Mikeska,TE,87.0,27,75,225,Texas A&M,9/10/1955,3,5,0,0.0,,0,0,0,TE,TE,russ_mikeska,0.0,0.0,0.0
1982,ATL,Clay Brown,Clay,Brown,TE,99.0,24,75,223,BYU,9/20/1958,Rook,1,0,0.0,1981.0,0,0,0,TE,TE,clay_brown,0.0,0.0,0.0
1982,ATL,Keith Krepfle,Keith,Krepfle,TE,88.0,30,75,227,Iowa St.,2/4/1952,7,4,0,0.0,1974.0,0,0,0,TE,TE,keith_krepfle,25.0,0.0,0.0
1982,ATL,Russ Mikeska,Russ,Mikeska,TE,87.0,27,75,225,Texas A&M,9/10/1955,3,5,0,0.0,,0,0,0,TE,TE,russ_mikeska,0.0,0.0,0.0
1982,BUF,Mark Brammer,Mark,Brammer,TE,86.0,24,75,238,Michigan St.,5/3/1958,2,9,9,4.0,1980.0,0,0,0,TE,TE,mark_brammer,11.0,0.0,0.0
1982,BUF,Mark Brammer,Mark,Brammer,TE,86.0,24,75,238,Michigan St.,5/3/1958,2,9,9,4.0,1980.0,0,0,0,TE,TE,mark_brammer,11.0,0.0,0.0
1982,BUF,Buster Barnett,Buster,Barnett,TE,84.0,24,77,228,Jackson St.,11/24/1958,1,9,0,1.0,1981.0,0,0,0,TE,TE,buster_barnett,2.0,0.0,0.0
1982,BUF,Buster Barnett,Buster,Barnett,TE,84.0,24,77,228,Jackson St.,11/24/1958,1,9,0,1.0,1981.0,0,0,0,TE,TE,buster_barnett,2.0,0.0,0.0
1982,CHI,Emery Moorehead,Emery,Moorehead,TE,87.0,28,74,218,Colorado,3/22/1954,5,9,9,5.0,1977.0,0,0,0,TE,TE,emery_moorehead,26.0,0.0,0.0
1982,CHI,Emery Moorehead,Emery,Moorehead,TE,87.0,28,74,218,Colorado,3/22/1954,5,9,9,5.0,1977.0,0,0,0,TE,TE,emery_moorehead,26.0,0.0,0.0
1982,CHI,Robin Earl,Robin,Earl,TE,81.0,27,77,242,Washington,3/18/1955,5,9,1,1.0,1977.0,0,0,0,TE,TE,robin_earl,7.0,0.0,0.0
1982,CHI,Robin Earl,Robin,Earl,TE,81.0,27,77,242,Washington,3/18/1955,5,9,1,1.0,1977.0,0,0,0,TE,TE,robin_earl,7.0,0.0,0.0
1982,CHI,Brooks Williams,Brooks,Williams,TE,88.0,28,76,226,North Carolina,12/7/1954,4,9,0,0.0,1978.0,0,0,0,TE,TE,brooks_williams,3.0,0.0,0.0
1982,CHI,Brooks Williams,Brooks,Williams,TE,88.0,28,76,226,North Carolina,12/7/1954,4,9,0,0.0,1978.0,0,0,0,TE,TE,brooks_williams,3.0,0.0,0.0
1982,CIN,Dan Ross,Dan,Ross,TE,89.0,25,76,238,Northeastern,2/9/1957,3,9,9,10.0,1979.0,0,0,0,TE,TE,dan_ross,35.0,0.0,1.0
1982,CIN,Dan Ross,Dan,Ross,TE,89.0,25,76,238,Northeastern,2/9/1957,3,9,9,10.0,1979.0,0,0,0,TE,TE,dan_ross,35.0,0.0,1.0
1982,CIN,M.L. Harris,M.L.,Harris,TE,83.0,28,77,238,"Tampa,Kansas St.",1/16/1954,2,9,0,2.0,,0,0,0,TE,TE,m.l._harris,0.0,0.0,0.0
1982,CIN,M.L. Harris,M.L.,Harris,TE,83.0,28,77,238,"Tampa,Kansas St.",1/16/1954,2,9,0,2.0,,0,0,0,TE,TE,m.l._harris,0.0,0.0,0.0
1982,CIN,Rodney Holman,Rodney,Holman,TE,82.0,22,75,238,Tulane,4/20/1960,Rook,9,0,0.0,1982.0,0,0,0,TE,TE,rodney_holman,40.0,0.0,3.0
1982,CIN,Rodney Holman,Rodney,Holman,TE,82.0,22,75,238,Tulane,4/20/1960,Rook,9,0,0.0,1982.0,0,0,0,TE,TE,rodney_holman,40.0,0.0,3.0
1982,CLE,Ozzie Newsome,Ozzie,Newsome,TE,82.0,26,74,232,Alabama,3/16/1956,4,9,9,8.0,1978.0,0,0,0,TE,TE,ozzie_newsome,59.0,1.0,3.0
1982,CLE,Ozzie Newsome,Ozzie,Newsome,TE,82.0,26,74,232,Alabama,3/16/1956,4,9,9,8.0,1978.0,0,0,0,TE,TE,ozzie_newsome,59.0,1.0,3.0
1982,CLE,McDonald Oden,McDonald,Oden,TE,84.0,24,76,234,Tennessee St.,3/28/1958,2,9,0,0.0,,0,0,0,TE,TE,mcdonald_oden,0.0,0.0,0.0
1982,CLE,McDonald Oden,McDonald,Oden,TE,84.0,24,76,234,Tennessee St.,3/28/1958,2,9,0,0.0,,0,0,0,TE,TE,mcdonald_oden,0.0,0.0,0.0
1982,CLT,Tim Sherwin,Tim,Sherwin,TE,83.0,24,78,243,Boston Col.,5/4/1958,1,9,8,3.0,1981.0,0,0,0,TE,TE,tim_sherwin,8.0,0.0,0.0
1982,CLT,Tim Sherwin,Tim,Sherwin,TE,83.0,24,78,243,Boston Col.,5/4/1958,1,9,8,3.0,1981.0,0,0,0,TE,TE,tim_sherwin,8.0,0.0,0.0
1982,CLT,Pat Beach,Pat,Beach,TE,81.0,23,76,247,Washington St.,12/28/1959,Rook,9,1,1.0,1982.0,0,0,0,TE,TE,pat_beach,13.0,0.0,0.0
1982,CLT,Pat Beach,Pat,Beach,TE,81.0,23,76,247,Washington St.,12/28/1959,Rook,9,1,1.0,1982.0,0,0,0,TE,TE,pat_beach,13.0,0.0,0.0
1982,CLT,Reese McCall,Reese,McCall,TE,86.0,26,78,239,Auburn,6/16/1956,4,7,0,0.0,1978.0,0,0,0,TE,TE,reese_mccall,10.0,0.0,0.0
1982,CLT,Reese McCall,Reese,McCall,TE,86.0,26,78,239,Auburn,6/16/1956,4,7,0,0.0,1978.0,0,0,0,TE,TE,reese_mccall,10.0,0.0,0.0
1982,CRD,Greg LaFleur,Greg,LaFleur,TE,89.0,24,76,236,LSU,9/16/1958,1,9,4,1.0,1981.0,0,0,0,TE,TE,greg_lafleur,6.0,0.0,0.0
1982,CRD,Doug Marsh,Doug,Marsh,TE,80.0,24,75,236,Michigan,6/18/1958,2,8,8,1.0,1980.0,0,0,0,TE,TE,doug_marsh,17.0,0.0,0.0
1982,CRD,Greg LaFleur,Greg,LaFleur,TE,89.0,24,76,236,LSU,9/16/1958,1,9,4,1.0,1981.0,0,0,0,TE,TE,greg_lafleur,6.0,0.0,0.0
1982,CRD,Doug Marsh,Doug,Marsh,TE,80.0,24,75,236,Michigan,6/18/1958,2,8,8,1.0,1980.0,0,0,0,TE,TE,doug_marsh,17.0,0.0,0.0
1982,CRD,Eddie McGill,Eddie,McGill,TE,87.0,22,78,225,Western Carolina,7/5/1960,Rook,9,0,0.0,1982.0,0,0,0,TE,TE,eddie_mcgill,0.0,0.0,0.0
1982,CRD,Eddie McGill,Eddie,McGill,TE,87.0,22,78,225,Western Carolina,7/5/1960,Rook,9,0,0.0,1982.0,0,0,0,TE,TE,eddie_mcgill,0.0,0.0,0.0
1982,DAL,Doug Cosbie,Doug,Cosbie,TE,84.0,26,78,236,"Holy Cross,Santa Clara",3/27/1956,3,9,9,8.0,1979.0,0,0,0,TE,TE,doug_cosbie,32.0,0.0,3.0
1982,DAL,Doug Cosbie,Doug,Cosbie,TE,84.0,26,78,236,"Holy Cross,Santa Clara",3/27/1956,3,9,9,8.0,1979.0,0,0,0,TE,TE,doug_cosbie,32.0,0.0,3.0
1982,DAL,Billy Joe DuPree,Billy,Joe DuPree,TE,89.0,32,76,225,Michigan St.,3/7/1950,9,9,1,1.0,1973.0,0,0,0,TE,TE,billy_joe dupree,0.0,0.0,0.0
1982,DAL,Billy Joe DuPree,Billy,Joe DuPree,TE,89.0,32,76,225,Michigan St.,3/7/1950,9,9,1,1.0,1973.0,0,0,0,TE,TE,billy_joe dupree,0.0,0.0,0.0
1982,DAL,Jay Saldi,Jay,Saldi,TE,87.0,28,75,225,South Carolina,10/8/1954,6,5,0,0.0,,0,0,0,TE,TE,jay_saldi,0.0,0.0,0.0
1982,DAL,Jay Saldi,Jay,Saldi,TE,87.0,28,75,225,South Carolina,10/8/1954,6,5,0,0.0,,0,0,0,TE,TE,jay_saldi,0.0,0.0,0.0
1982,DEN,James Wright,James,Wright,TE,87.0,26,75,240,TCU,9/1/1956,4,9,3,2.0,1978.0,0,0,0,TE,TE,james_wright,6.0,0.0,0.0
1982,DEN,James Wright,James,Wright,TE,87.0,26,75,240,TCU,9/1/1956,4,9,3,2.0,1978.0,0,0,0,TE,TE,james_wright,2.0,0.0,0.0
1982,DEN,James Wright,James,Wright,TE,87.0,26,75,240,TCU,9/1/1956,4,9,3,2.0,1978.0,0,0,0,TE,TE,james_wright,6.0,0.0,0.0
1982,DEN,James Wright,James,Wright,TE,87.0,26,75,240,TCU,9/1/1956,4,9,3,2.0,1978.0,0,0,0,TE,TE,james_wright,2.0,0.0,0.0
1982,DEN,Ron Egloff,Ron,Egloff,TE,85.0,27,77,230,Wisconsin,10/3/1955,5,9,1,1.0,,0,0,0,TE,TE,ron_egloff,0.0,0.0,0.0
1982,DEN,Riley Odoms,Riley,Odoms,TE,88.0,32,76,230,Houston,3/1/1950,10,8,6,1.0,1972.0,0,0,0,TE,TE,riley_odoms,54.0,2.0,4.0
1982,DEN,Ron Egloff,Ron,Egloff,TE,85.0,27,77,230,Wisconsin,10/3/1955,5,9,1,1.0,,0,0,0,TE,TE,ron_egloff,0.0,0.0,0.0
1982,DEN,Riley Odoms,Riley,Odoms,TE,88.0,32,76,230,Houston,3/1/1950,10,8,6,1.0,1972.0,0,0,0,TE,TE,riley_odoms,54.0,2.0,4.0
1982,DET,David Hill,David,Hill,TE,81.0,28,74,229,Texas A&M-Kingsville,1/1/1954,6,9,8,4.0,1976.0,0,0,0,TE,TE,david_hill,34.0,0.0,2.0
1982,DET,David Hill,David,Hill,TE,81.0,28,74,229,Texas A&M-Kingsville,1/1/1954,6,9,8,4.0,1976.0,0,0,0,TE,TE,david_hill,34.0,0.0,2.0
1982,DET,Ulysses Norris,Ulysses,Norris,TE,80.0,25,76,230,Georgia,1/15/1957,3,9,6,1.0,1979.0,0,0,0,TE,TE,ulysses_norris,5.0,0.0,0.0
1982,DET,Ulysses Norris,Ulysses,Norris,TE,80.0,25,76,230,Georgia,1/15/1957,3,9,6,1.0,1979.0,0,0,0,TE,TE,ulysses_norris,5.0,0.0,0.0
1982,DET,Rob Rubick,Rob,Rubick,TE,84.0,22,75,232,Grand Valley St.,9/27/1960,Rook,7,0,0.0,1982.0,0,0,0,TE,TE,rob_rubick,5.0,0.0,0.0
1982,DET,Rob Rubick,Rob,Rubick,TE,84.0,22,75,232,Grand Valley St.,9/27/1960,Rook,7,0,0.0,1982.0,0,0,0,TE,TE,rob_rubick,5.0,0.0,0.0
1982,GNB,Paul Coffman,Paul,Coffman,TE,82.0,26,75,222,Kansas St.,3/29/1956,4,9,9,5.0,,0,0,0,TE,TE,paul_coffman,0.0,0.0,1.0
1982,GNB,Paul Coffman,Paul,Coffman,TE,82.0,26,75,222,Kansas St.,3/29/1956,4,9,9,5.0,,0,0,0,TE,TE,paul_coffman,0.0,0.0,1.0
1982,GNB,Gary Lewis,Gary,Lewis,TE,81.0,24,77,234,Texas-Arlington,12/30/1958,1,9,0,0.0,1981.0,0,0,0,TE,TE,gary_lewis,15.0,0.0,0.0
1982,GNB,Gary Lewis,Gary,Lewis,TE,81.0,24,77,234,Texas-Arlington,12/30/1958,1,9,0,0.0,1981.0,0,0,0,TE,TE,gary_lewis,2.0,0.0,0.0
1982,GNB,Gary Lewis,Gary,Lewis,TE,81.0,24,77,234,Texas-Arlington,12/30/1958,1,9,0,0.0,1981.0,0,0,0,TE,TE,gary_lewis,0.0,0.0,0.0
1982,GNB,John Thompson,John,Thompson,TE,87.0,25,75,228,"Weber St.,Utah St.",1/18/1957,3,9,0,0.0,1979.0,0,0,0,TE,TE,john_thompson,0.0,0.0,0.0
1982,GNB,John Thompson,John,Thompson,TE,87.0,25,75,228,"Weber St.,Utah St.",1/18/1957,3,9,0,0.0,1979.0,0,0,0,TE,TE,john_thompson,0.0,0.0,0.0
1982,GNB,Gary Lewis,Gary,Lewis,TE,81.0,24,77,234,Texas-Arlington,12/30/1958,1,9,0,0.0,1981.0,0,0,0,TE,TE,gary_lewis,15.0,0.0,0.0
1982,GNB,Gary Lewis,Gary,Lewis,TE,81.0,24,77,234,Texas-Arlington,12/30/1958,1,9,0,0.0,1981.0,0,0,0,TE,TE,gary_lewis,2.0,0.0,0.0
1982,GNB,Gary Lewis,Gary,Lewis,TE,81.0,24,77,234,Texas-Arlington,12/30/1958,1,9,0,0.0,1981.0,0,0,0,TE,TE,gary_lewis,0.0,0.0,0.0
1982,GNB,John Thompson,John,Thompson,TE,87.0,25,75,228,"Weber St.,Utah St.",1/18/1957,3,9,0,0.0,1979.0,0,0,0,TE,TE,john_thompson,0.0,0.0,0.0
1982,GNB,John Thompson,John,Thompson,TE,87.0,25,75,228,"Weber St.,Utah St.",1/18/1957,3,9,0,0.0,1979.0,0,0,0,TE,TE,john_thompson,0.0,0.0,0.0
1982,KAN,Al Dixon,Al,Dixon,TE,84.0,28,77,230,Iowa St.,4/5/1954,5,8,6,4.0,1977.0,0,0,0,TE,TE,al_dixon,13.0,0.0,0.0
1982,KAN,Al Dixon,Al,Dixon,TE,84.0,28,77,230,Iowa St.,4/5/1954,5,8,6,4.0,1977.0,0,0,0,TE,TE,al_dixon,13.0,0.0,0.0
1982,KAN,Willie Scott,Willie,Scott,TE,81.0,23,76,245,South Carolina,2/13/1959,1,9,4,1.0,1981.0,0,0,0,TE,TE,willie_scott,6.0,0.0,0.0
1982,KAN,Willie Scott,Willie,Scott,TE,81.0,23,76,245,South Carolina,2/13/1959,1,9,4,1.0,1981.0,0,0,0,TE,TE,willie_scott,6.0,0.0,0.0
1982,KAN,Ed Beckman,Ed,Beckman,TE,85.0,27,76,229,Florida St.,1/2/1955,5,9,0,0.0,,0,0,0,TE,TE,ed_beckman,0.0,0.0,0.0
1982,KAN,Ed Beckman,Ed,Beckman,TE,85.0,27,76,229,Florida St.,1/2/1955,5,9,0,0.0,,0,0,0,TE,TE,ed_beckman,0.0,0.0,0.0
1982,MIA,Joe Rose,Joe,Rose,TE,80.0,25,75,228,California,6/24/1957,2,9,0,4.0,1980.0,0,0,0,TE,TE,joe_rose,15.0,0.0,0.0
1982,MIA,Joe Rose,Joe,Rose,TE,80.0,25,75,228,California,6/24/1957,2,9,0,4.0,1980.0,0,0,0,TE,TE,joe_rose,15.0,0.0,0.0
1982,MIA,Bruce Hardy,Bruce,Hardy,TE,84.0,26,77,235,Arizona St.,6/1/1956,4,9,6,1.0,1978.0,0,0,0,TE,TE,bruce_hardy,22.0,0.0,0.0
1982,MIA,Bruce Hardy,Bruce,Hardy,TE,84.0,26,77,235,Arizona St.,6/1/1956,4,9,6,1.0,1978.0,0,0,0,TE,TE,bruce_hardy,22.0,0.0,0.0
1982,MIA,Ronnie Lee,Ronnie,Lee,TE,86.0,26,75,265,Baylor,12/24/1956,3,9,5,0.0,1979.0,0,0,0,TE,TE,ronnie_lee,43.0,0.0,0.0
1982,MIA,Ronnie Lee,Ronnie,Lee,TE,86.0,26,75,265,Baylor,12/24/1956,3,9,5,0.0,1979.0,0,0,0,TE,TE,ronnie_lee,43.0,0.0,0.0
1982,MIN,Joe Senser,Joe,Senser,TE,81.0,26,76,235,West Chester,8/18/1956,2,9,9,4.0,1979.0,0,0,0,TE,TE,joe_senser,16.0,0.0,1.0
1982,MIN,Joe Senser,Joe,Senser,TE,81.0,26,76,235,West Chester,8/18/1956,2,9,9,4.0,1979.0,0,0,0,TE,TE,joe_senser,16.0,0.0,1.0
1982,MIN,Bob Bruer,Bob,Bruer,TE,82.0,29,77,235,Minnesota St.,5/22/1953,3,8,2,2.0,1975.0,0,0,0,TE,TE,bob_bruer,7.0,0.0,0.0
1982,MIN,Bob Bruer,Bob,Bruer,TE,82.0,29,77,235,Minnesota St.,5/22/1953,3,8,2,2.0,1975.0,0,0,0,TE,TE,bob_bruer,7.0,0.0,0.0
1982,MIN,Steve Jordan,Steve,Jordan,TE,83.0,21,75,236,Brown,1/10/1961,Rook,9,1,1.0,1982.0,0,0,0,TE,TE,steve_jordan,48.0,0.0,6.0
1982,MIN,Steve Jordan,Steve,Jordan,TE,83.0,21,75,236,Brown,1/10/1961,Rook,9,1,1.0,1982.0,0,0,0,TE,TE,steve_jordan,48.0,0.0,6.0
1982,NOR,Hoby Brenner,Hoby,Brenner,TE,85.0,23,76,240,USC,6/2/1959,1,8,8,3.0,1981.0,0,0,0,TE,TE,hoby_brenner,31.0,0.0,1.0
1982,NOR,Hoby Brenner,Hoby,Brenner,TE,85.0,23,76,240,USC,6/2/1959,1,8,8,3.0,1981.0,0,0,0,TE,TE,hoby_brenner,31.0,0.0,1.0
1982,NOR,Larry Hardy,Larry,Hardy,TE,87.0,26,75,234,Jackson St.,7/9/1956,4,9,2,1.0,1978.0,0,0,0,TE,TE,larry_hardy,7.0,0.0,0.0
1982,NOR,Larry Hardy,Larry,Hardy,TE,87.0,26,75,234,Jackson St.,7/9/1956,4,9,2,1.0,1978.0,0,0,0,TE,TE,larry_hardy,7.0,0.0,0.0
1982,NOR,Don Bass,Don,Bass,TE,88.0,26,74,219,Houston,3/11/1956,4,3,0,0.0,1978.0,0,0,0,TE,TE,don_bass,14.0,0.0,0.0
1982,NOR,Don Bass,Don,Bass,TE,88.0,26,74,219,Houston,3/11/1956,4,3,0,0.0,1978.0,0,0,0,TE,TE,don_bass,14.0,0.0,0.0
1982,NWE,Lin Dawson,Lin,Dawson,TE,87.0,23,75,240,North Carolina St.,6/24/1959,1,8,4,3.0,1981.0,0,0,0,TE,TE,lin_dawson,12.0,0.0,0.0
1982,NWE,Don Hasselbeck,Don,Hasselbeck,TE,80.0,27,79,245,Colorado,4/1/1955,5,9,5,3.0,1977.0,0,0,0,TE,TE,don_hasselbeck,16.0,0.0,0.0
1982,NWE,Lin Dawson,Lin,Dawson,TE,87.0,23,75,240,North Carolina St.,6/24/1959,1,8,4,3.0,1981.0,0,0,0,TE,TE,lin_dawson,12.0,0.0,0.0
1982,NWE,Don Hasselbeck,Don,Hasselbeck,TE,80.0,27,79,245,Colorado,4/1/1955,5,9,5,3.0,1977.0,0,0,0,TE,TE,don_hasselbeck,16.0,0.0,0.0
1982,NWE,Brian Williams,Brian,Williams,TE,49.0,25,77,240,Southern,10/14/1957,Rook,1,0,0.0,1981.0,0,0,0,TE,TE,brian_williams,0.0,0.0,0.0
1982,NWE,Brian Williams,Brian,Williams,TE,49.0,25,77,240,Southern,10/14/1957,Rook,1,0,0.0,1981.0,0,0,0,TE,TE,brian_williams,0.0,0.0,0.0
1982,NWE,Brian Williams,Brian,Williams,TE,49.0,25,77,240,Southern,10/14/1957,Rook,1,0,0.0,1981.0,0,0,0,TE,TE,brian_williams,27.0,0.0,0.0
1982,NWE,Brian Williams,Brian,Williams,TE,49.0,25,77,240,Southern,10/14/1957,Rook,1,0,0.0,1981.0,0,0,0,TE,TE,brian_williams,32.0,0.0,0.0
1982,NWE,Brian Williams,Brian,Williams,TE,49.0,25,77,240,Southern,10/14/1957,Rook,1,0,0.0,1981.0,0,0,0,TE,TE,brian_williams,34.0,0.0,0.0
1982,NWE,Brian Williams,Brian,Williams,TE,49.0,25,77,240,Southern,10/14/1957,Rook,1,0,0.0,1981.0,0,0,0,TE,TE,brian_williams,0.0,0.0,0.0
1982,NWE,Brian Williams,Brian,Williams,TE,49.0,25,77,240,Southern,10/14/1957,Rook,1,0,0.0,1981.0,0,0,0,TE,TE,brian_williams,0.0,0.0,0.0
1982,NWE,Brian Williams,Brian,Williams,TE,49.0,25,77,240,Southern,10/14/1957,Rook,1,0,0.0,1981.0,0,0,0,TE,TE,brian_williams,27.0,0.0,0.0
1982,NWE,Brian Williams,Brian,Williams,TE,49.0,25,77,240,Southern,10/14/1957,Rook,1,0,0.0,1981.0,0,0,0,TE,TE,brian_williams,32.0,0.0,0.0
1982,NWE,Brian Williams,Brian,Williams,TE,49.0,25,77,240,Southern,10/14/1957,Rook,1,0,0.0,1981.0,0,0,0,TE,TE,brian_williams,34.0,0.0,0.0
1982,NYG,Tom Mullady,Tom,Mullady,TE,81.0,25,75,232,Rhodes,1/30/1957,3,9,9,4.0,1979.0,0,0,0,TE,TE,tom_mullady,9.0,0.0,0.0
1982,NYG,Tom Mullady,Tom,Mullady,TE,81.0,25,75,232,Rhodes,1/30/1957,3,9,9,4.0,1979.0,0,0,0,TE,TE,tom_mullady,9.0,0.0,0.0
1982,NYG,Gary Shirk,Gary,Shirk,TE,87.0,32,73,220,Morehead St.,2/23/1950,6,9,1,1.0,,0,0,0,TE,TE,gary_shirk,0.0,0.0,0.0
1982,NYG,Gary Shirk,Gary,Shirk,TE,87.0,32,73,220,Morehead St.,2/23/1950,6,9,1,1.0,,0,0,0,TE,TE,gary_shirk,0.0,0.0,0.0
1982,NYJ,Jerome Barkum,Jerome,Barkum,TE,83.0,32,75,218,Jackson St.,7/18/1950,10,9,9,3.0,1972.0,0,0,0,TE,TE,jerome_barkum,42.0,0.0,1.0
1982,NYJ,Jerome Barkum,Jerome,Barkum,TE,83.0,32,75,218,Jackson St.,7/18/1950,10,9,9,3.0,1972.0,0,0,0,TE,TE,jerome_barkum,42.0,0.0,1.0
1982,NYJ,Mickey Shuler,Mickey,Shuler,TE,82.0,26,75,232,Penn St.,8/21/1956,4,9,3,2.0,1978.0,0,0,0,TE,TE,mickey_shuler,42.0,0.0,2.0
1982,NYJ,Mickey Shuler,Mickey,Shuler,TE,82.0,26,75,232,Penn St.,8/21/1956,4,9,3,2.0,1978.0,0,0,0,TE,TE,mickey_shuler,0.0,0.0,0.0
1982,NYJ,Mickey Shuler,Mickey,Shuler,TE,82.0,26,75,232,Penn St.,8/21/1956,4,9,3,2.0,1978.0,0,0,0,TE,TE,mickey_shuler,42.0,0.0,2.0
1982,NYJ,Mickey Shuler,Mickey,Shuler,TE,82.0,26,75,232,Penn St.,8/21/1956,4,9,3,2.0,1978.0,0,0,0,TE,TE,mickey_shuler,0.0,0.0,0.0
1982,NYJ,Steve Alvers,Steve,Alvers,TE,86.0,25,76,240,"Taft,Miami (FL)",4/4/1957,1,3,0,0.0,1979.0,0,0,0,TE,TE,steve_alvers,0.0,0.0,0.0
1982,NYJ,Tom Coombs,Tom,Coombs,TE,88.0,23,75,236,"Puget Sound,Idaho",5/31/1959,Rook,3,0,0.0,1982.0,0,0,0,TE,TE,tom_coombs,0.0,0.0,0.0
1982,NYJ,Steve Alvers,Steve,Alvers,TE,86.0,25,76,240,"Taft,Miami (FL)",4/4/1957,1,3,0,0.0,1979.0,0,0,0,TE,TE,steve_alvers,0.0,0.0,0.0
1982,NYJ,Tom Coombs,Tom,Coombs,TE,88.0,23,75,236,"Puget Sound,Idaho",5/31/1959,Rook,3,0,0.0,1982.0,0,0,0,TE,TE,tom_coombs,0.0,0.0,0.0
1982,OTI,Dave Casper,Dave,Casper,TE,87.0,30,76,240,Notre Dame,2/2/1952,8,9,9,8.0,1974.0,0,0,0,TE,TE,dave_casper,52.0,4.0,5.0
1982,OTI,Dave Casper,Dave,Casper,TE,87.0,30,76,240,Notre Dame,2/2/1952,8,9,9,8.0,1974.0,0,0,0,TE,TE,dave_casper,52.0,4.0,5.0
1982,OTI,Dave Casper,Dave,Casper,TE,87.0,30,76,240,Notre Dame,2/2/1952,8,9,9,8.0,1974.0,0,0,0,TE,TE,dave_casper,52.0,4.0,5.0
1982,OTI,Dave Casper,Dave,Casper,TE,87.0,30,76,240,Notre Dame,2/2/1952,8,9,9,8.0,1974.0,0,0,0,TE,TE,dave_casper,52.0,4.0,5.0
1982,OTI,Walt Arnold,Walt,Arnold,TE,86.0,24,75,228,New Mexico,8/31/1958,2,9,0,0.0,,0,0,0,TE,TE,walt_arnold,0.0,0.0,0.0
1982,OTI,Walt Arnold,Walt,Arnold,TE,86.0,24,75,228,New Mexico,8/31/1958,2,9,0,0.0,,0,0,0,TE,TE,walt_arnold,0.0,0.0,0.0
1982,OTI,Walt Arnold,Walt,Arnold,TE,86.0,24,75,228,New Mexico,8/31/1958,2,9,0,0.0,,0,0,0,TE,TE,walt_arnold,0.0,0.0,0.0
1982,OTI,Walt Arnold,Walt,Arnold,TE,86.0,24,75,228,New Mexico,8/31/1958,2,9,0,0.0,,0,0,0,TE,TE,walt_arnold,0.0,0.0,0.0
1982,PHI,John Spagnola,John,Spagnola,TE,88.0,25,76,240,Yale,8/1/1957,3,9,9,6.0,1979.0,0,0,0,TE,TE,john_spagnola,23.0,0.0,0.0
1982,PHI,John Spagnola,John,Spagnola,TE,88.0,25,76,240,Yale,8/1/1957,3,9,9,6.0,1979.0,0,0,0,TE,TE,john_spagnola,23.0,0.0,0.0
1982,PHI,Vyto Kab,Vyto,Kab,TE,84.0,23,77,243,Penn St.,12/23/1959,Rook,9,2,1.0,1982.0,0,0,0,TE,TE,vyto_kab,4.0,0.0,0.0
1982,PHI,Vyto Kab,Vyto,Kab,TE,84.0,23,77,243,Penn St.,12/23/1959,Rook,9,2,1.0,1982.0,0,0,0,TE,TE,vyto_kab,4.0,0.0,0.0
1982,PHI,Lawrence Sampleton,Lawrence,Sampleton,TE,87.0,23,77,233,Texas,9/25/1959,Rook,9,0,0.0,1982.0,0,0,0,TE,TE,lawrence_sampleton,1.0,0.0,0.0
1982,PHI,Lawrence Sampleton,Lawrence,Sampleton,TE,87.0,23,77,233,Texas,9/25/1959,Rook,9,0,0.0,1982.0,0,0,0,TE,TE,lawrence_sampleton,1.0,0.0,0.0
1982,PIT,Bennie Cunningham,Bennie,Cunningham,TE,89.0,28,77,254,Clemson,12/23/1954,6,9,9,5.0,1976.0,0,0,0,TE,TE,bennie_cunningham,30.0,0.0,0.0
1982,PIT,Bennie Cunningham,Bennie,Cunningham,TE,89.0,28,77,254,Clemson,12/23/1954,6,9,9,5.0,1976.0,0,0,0,TE,TE,bennie_cunningham,30.0,0.0,0.0
1982,PIT,John Rodgers,John,Rodgers,TE,87.0,22,74,220,Louisiana Tech,2/7/1960,Rook,7,0,0.0,,0,0,0,TE,TE,john_rodgers,0.0,0.0,0.0
1982,PIT,John Rodgers,John,Rodgers,TE,87.0,22,74,220,Louisiana Tech,2/7/1960,Rook,7,0,0.0,,0,0,0,TE,TE,john_rodgers,0.0,0.0,0.0
1982,RAI,Todd Christensen,Todd,Christensen,TE,46.0,26,75,230,BYU,8/3/1956,3,9,9,10.0,1978.0,0,0,0,TE,TE,todd_christensen,50.0,2.0,5.0
1982,RAI,Todd Christensen,Todd,Christensen,TE,46.0,26,75,230,BYU,8/3/1956,3,9,9,10.0,1978.0,0,0,0,TE,TE,todd_christensen,50.0,2.0,5.0
1982,RAI,Derrick Ramsey,Derrick,Ramsey,TE,84.0,26,76,230,Kentucky,12/23/1956,4,9,0,0.0,1978.0,0,0,0,TE,TE,derrick_ramsey,18.0,0.0,0.0
1982,RAI,Derrick Ramsey,Derrick,Ramsey,TE,84.0,26,76,230,Kentucky,12/23/1956,4,9,0,0.0,1978.0,0,0,0,TE,TE,derrick_ramsey,18.0,0.0,0.0
1982,RAM,Mike Barber,Mike,Barber,TE,86.0,29,75,235,Louisiana Tech,6/4/1953,6,9,9,3.0,1976.0,0,0,0,TE,TE,mike_barber,27.0,0.0,0.0
1982,RAM,Mike Barber,Mike,Barber,TE,86.0,29,75,235,Louisiana Tech,6/4/1953,6,9,9,3.0,1976.0,0,0,0,TE,TE,mike_barber,0.0,0.0,0.0
1982,RAM,Mike Barber,Mike,Barber,TE,86.0,29,75,235,Louisiana Tech,6/4/1953,6,9,9,3.0,1976.0,0,0,0,TE,TE,mike_barber,27.0,0.0,0.0
1982,RAM,Mike Barber,Mike,Barber,TE,86.0,29,75,235,Louisiana Tech,6/4/1953,6,9,9,3.0,1976.0,0,0,0,TE,TE,mike_barber,0.0,0.0,0.0
1982,RAM,Ron Battle,Ron,Battle,TE,81.0,23,75,220,North Texas,3/27/1959,1,9,0,1.0,1981.0,0,0,0,TE,TE,ron_battle,1.0,0.0,0.0
1982,RAM,Ron Battle,Ron,Battle,TE,81.0,23,75,220,North Texas,3/27/1959,1,9,0,1.0,1981.0,0,0,0,TE,TE,ron_battle,1.0,0.0,0.0
1982,RAM,Kerry Locklin,Kerry,Locklin,TE,83.0,23,75,230,New Mexico St.,9/9/1959,Rook,6,0,0.0,1982.0,0,0,0,TE,TE,kerry_locklin,0.0,0.0,0.0
1982,RAM,Kerry Locklin,Kerry,Locklin,TE,83.0,23,75,230,New Mexico St.,9/9/1959,Rook,6,0,0.0,1982.0,0,0,0,TE,TE,kerry_locklin,0.0,0.0,0.0
1982,SDG,Kellen Winslow,Kellen,Winslow,TE,80.0,25,77,251,Missouri,11/5/1957,3,9,9,15.0,1979.0,0,0,0,TE,TE,kellen_winslow,63.0,3.0,5.0
1982,SDG,Kellen Winslow,Kellen,Winslow,TE,80.0,25,77,251,Missouri,11/5/1957,3,9,9,15.0,1979.0,0,0,0,TE,TE,kellen_winslow,37.0,0.0,1.0
1982,SDG,Kellen Winslow,Kellen,Winslow,TE,80.0,25,77,251,Missouri,11/5/1957,3,9,9,15.0,1979.0,0,0,0,TE,TE,kellen_winslow,63.0,3.0,5.0
1982,SDG,Kellen Winslow,Kellen,Winslow,TE,80.0,25,77,251,Missouri,11/5/1957,3,9,9,15.0,1979.0,0,0,0,TE,TE,kellen_winslow,37.0,0.0,1.0
1982,SDG,Eric Sievers,Eric,Sievers,TE,85.0,25,76,236,Maryland,11/9/1957,1,9,2,4.0,1981.0,0,0,0,TE,TE,eric_sievers,21.0,0.0,0.0
1982,SDG,Eric Sievers,Eric,Sievers,TE,85.0,25,76,236,Maryland,11/9/1957,1,9,2,4.0,1981.0,0,0,0,TE,TE,eric_sievers,21.0,0.0,0.0
1982,SDG,Pete Holohan,Pete,Holohan,TE,88.0,23,76,237,Notre Dame,7/25/1959,1,9,0,0.0,1981.0,0,0,0,TE,TE,pete_holohan,29.0,0.0,0.0
1982,SDG,Pete Holohan,Pete,Holohan,TE,88.0,23,76,237,Notre Dame,7/25/1959,1,9,0,0.0,1981.0,0,0,0,TE,TE,pete_holohan,29.0,0.0,0.0
1982,SEA,Pete Metzelaars,Pete,Metzelaars,TE,88.0,22,79,254,Wabash,5/24/1960,Rook,9,2,2.0,1982.0,0,0,0,TE,TE,pete_metzelaars,28.0,0.0,0.0
1982,SEA,Pete Metzelaars,Pete,Metzelaars,TE,88.0,22,79,254,Wabash,5/24/1960,Rook,9,2,2.0,1982.0,0,0,0,TE,TE,pete_metzelaars,28.0,0.0,0.0
1982,SEA,John Sawyer,John,Sawyer,TE,81.0,29,74,230,Southern Miss,7/26/1953,7,7,0,1.0,1975.0,0,0,0,TE,TE,john_sawyer,14.0,0.0,0.0
1982,SEA,Mike Tice,Mike,Tice,TE,86.0,23,79,253,Maryland,2/2/1959,1,9,9,1.0,,0,0,0,TE,TE,mike_tice,0.0,0.0,0.0
1982,SEA,John Sawyer,John,Sawyer,TE,81.0,29,74,230,Southern Miss,7/26/1953,7,7,0,1.0,1975.0,0,0,0,TE,TE,john_sawyer,14.0,0.0,0.0
1982,SEA,Mike Tice,Mike,Tice,TE,86.0,23,79,253,Maryland,2/2/1959,1,9,9,1.0,,0,0,0,TE,TE,mike_tice,0.0,0.0,0.0
1982,SFO,Russ Francis,Russ,Francis,TE,81.0,29,78,240,Oregon,4/3/1953,7,9,4,5.0,1975.0,0,0,0,TE,TE,russ_francis,46.0,0.0,3.0
1982,SFO,Russ Francis,Russ,Francis,TE,81.0,29,78,240,Oregon,4/3/1953,7,9,4,5.0,1975.0,0,0,0,TE,TE,russ_francis,46.0,0.0,3.0
1982,SFO,Charle Young,Charle,Young,TE,86.0,31,76,234,USC,2/5/1951,9,9,9,3.0,1973.0,0,0,0,TE,TE,charle_young,47.0,1.0,3.0
1982,SFO,Charle Young,Charle,Young,TE,86.0,31,76,234,USC,2/5/1951,9,9,9,3.0,1973.0,0,0,0,TE,TE,charle_young,47.0,1.0,3.0
1982,SFO,Eason Ramson,Eason,Ramson,TE,80.0,26,74,232,Washington St.,4/30/1956,4,9,0,0.0,1978.0,0,0,0,TE,TE,eason_ramson,7.0,0.0,0.0
1982,SFO,Eason Ramson,Eason,Ramson,TE,80.0,26,74,232,Washington St.,4/30/1956,4,9,0,0.0,1978.0,0,0,0,TE,TE,eason_ramson,7.0,0.0,0.0
1982,TAM,Jimmie Giles,Jimmie,Giles,TE,88.0,28,75,239,Alcorn St.,11/8/1954,5,9,9,8.0,1977.0,0,0,0,TE,TE,jimmie_giles,40.0,0.0,4.0
1982,TAM,Jimmie Giles,Jimmie,Giles,TE,88.0,28,75,239,Alcorn St.,11/8/1954,5,9,9,8.0,1977.0,0,0,0,TE,TE,jimmie_giles,40.0,0.0,4.0
1982,TAM,Jerry Bell,Jerry,Bell,TE,82.0,23,77,230,Arizona St.,3/7/1959,Rook,9,1,0.0,1982.0,0,0,0,TE,TE,jerry_bell,10.0,0.0,0.0
1982,TAM,Jim Obradovich,Jim,Obradovich,TE,86.0,29,74,225,USC,4/2/1953,7,9,3,0.0,1975.0,0,0,0,TE,TE,jim_obradovich,6.0,0.0,0.0
1982,TAM,Jerry Bell,Jerry,Bell,TE,82.0,23,77,230,Arizona St.,3/7/1959,Rook,9,1,0.0,1982.0,0,0,0,TE,TE,jerry_bell,10.0,0.0,0.0
1982,TAM,Jim Obradovich,Jim,Obradovich,TE,86.0,29,74,225,USC,4/2/1953,7,9,3,0.0,1975.0,0,0,0,TE,TE,jim_obradovich,6.0,0.0,0.0
1982,WAS,Don Warren,Don,Warren,TE,85.0,26,76,242,San Diego St.,5/5/1956,3,9,9,5.0,1979.0,0,0,0,TE,TE,don_warren,22.0,0.0,0.0
1982,WAS,Don Warren,Don,Warren,TE,85.0,26,76,242,San Diego St.,5/5/1956,3,9,9,5.0,1979.0,0,0,0,TE,TE,don_warren,22.0,0.0,0.0
1982,WAS,Rick Walker,Rick,Walker,TE,88.0,27,76,235,UCLA,5/28/1955,5,9,7,2.0,1977.0,0,0,0,TE,TE,rick_walker,7.0,0.0,0.0
1982,WAS,Rick Walker,Rick,Walker,TE,88.0,27,76,235,UCLA,5/28/1955,5,9,7,2.0,1977.0,0,0,0,TE,TE,rick_walker,7.0,0.0,0.0
1982,WAS,Rich Caster,Rich,Caster,TE,82.0,34,77,228,Jackson St.,10/16/1948,12,1,0,0.0,1970.0,0,0,0,TE,TE,rich_caster,55.0,0.0,3.0
1982,WAS,Clint Didier,Clint,Didier,TE,86.0,23,77,240,Portland St.,4/4/1959,1,8,0,0.0,1981.0,0,0,0,TE,TE,clint_didier,18.0,0.0,0.0
1982,WAS,Mike Williams,Mike,Williams,TE,84.0,23,76,249,Alabama A&M,8/27/1959,Rook,6,1,0.0,1982.0,0,0,0,TE,TE,mike_williams,0.0,0.0,0.0
1982,WAS,Mike Williams,Mike,Williams,TE,84.0,23,76,249,Alabama A&M,8/27/1959,Rook,6,1,0.0,1982.0,0,0,0,TE,TE,mike_williams,38.0,0.0,0.0
1982,WAS,Mike Williams,Mike,Williams,TE,84.0,23,76,249,Alabama A&M,8/27/1959,Rook,6,1,0.0,1982.0,0,0,0,TE,TE,mike_williams,0.0,0.0,0.0
1982,WAS,Mike Williams,Mike,Williams,TE,84.0,23,76,249,Alabama A&M,8/27/1959,Rook,6,1,0.0,1982.0,0,0,0,TE,TE,mike_williams,0.0,0.0,0.0
1982,WAS,Mike Williams,Mike,Williams,TE,84.0,23,76,249,Alabama A&M,8/27/1959,Rook,6,1,0.0,1982.0,0,0,0,TE,TE,mike_williams,3.0,0.0,0.0
1982,WAS,Mike Williams,Mike,Williams,TE,84.0,23,76,249,Alabama A&M,8/27/1959,Rook,6,1,0.0,1982.0,0,0,0,TE,TE,mike_williams,0.0,0.0,0.0
1982,WAS,Mike Williams,Mike,Williams,TE,84.0,23,76,249,Alabama A&M,8/27/1959,Rook,6,1,0.0,1982.0,0,0,0,TE,TE,mike_williams,0.0,0.0,0.0
1982,WAS,Mike Williams,Mike,Williams,TE,84.0,23,76,249,Alabama A&M,8/27/1959,Rook,6,1,0.0,1982.0,0,0,0,TE,TE,mike_williams,2.0,0.0,0.0
1982,WAS,Mike Williams,Mike,Williams,TE,84.0,23,76,249,Alabama A&M,8/27/1959,Rook,6,1,0.0,1982.0,0,0,0,TE,TE,mike_williams,24.0,0.0,0.0
1982,WAS,Mike Williams,Mike,Williams,TE,84.0,23,76,249,Alabama A&M,8/27/1959,Rook,6,1,0.0,1982.0,0,0,0,TE,TE,mike_williams,12.0,0.0,0.0
1982,WAS,Mike Williams,Mike,Williams,TE,84.0,23,76,249,Alabama A&M,8/27/1959,Rook,6,1,0.0,1982.0,0,0,0,TE,TE,mike_williams,25.0,0.0,0.0
1982,WAS,Mike Williams,Mike,Williams,TE,84.0,23,76,249,Alabama A&M,8/27/1959,Rook,6,1,0.0,1982.0,0,0,0,TE,TE,mike_williams,38.0,0.0,0.0
1982,WAS,Rich Caster,Rich,Caster,TE,82.0,34,77,228,Jackson St.,10/16/1948,12,1,0,0.0,1970.0,0,0,0,TE,TE,rich_caster,55.0,0.0,3.0
1982,WAS,Clint Didier,Clint,Didier,TE,86.0,23,77,240,Portland St.,4/4/1959,1,8,0,0.0,1981.0,0,0,0,TE,TE,clint_didier,18.0,0.0,0.0
1982,WAS,Mike Williams,Mike,Williams,TE,84.0,23,76,249,Alabama A&M,8/27/1959,Rook,6,1,0.0,1982.0,0,0,0,TE,TE,mike_williams,0.0,0.0,0.0
1982,WAS,Mike Williams,Mike,Williams,TE,84.0,23,76,249,Alabama A&M,8/27/1959,Rook,6,1,0.0,1982.0,0,0,0,TE,TE,mike_williams,38.0,0.0,0.0
1982,WAS,Mike Williams,Mike,Williams,TE,84.0,23,76,249,Alabama A&M,8/27/1959,Rook,6,1,0.0,1982.0,0,0,0,TE,TE,mike_williams,0.0,0.0,0.0
1982,WAS,Mike Williams,Mike,Williams,TE,84.0,23,76,249,Alabama A&M,8/27/1959,Rook,6,1,0.0,1982.0,0,0,0,TE,TE,mike_williams,0.0,0.0,0.0
1982,WAS,Mike Williams,Mike,Williams,TE,84.0,23,76,249,Alabama A&M,8/27/1959,Rook,6,1,0.0,1982.0,0,0,0,TE,TE,mike_williams,3.0,0.0,0.0
1982,WAS,Mike Williams,Mike,Williams,TE,84.0,23,76,249,Alabama A&M,8/27/1959,Rook,6,1,0.0,1982.0,0,0,0,TE,TE,mike_williams,0.0,0.0,0.0
1982,WAS,Mike Williams,Mike,Williams,TE,84.0,23,76,249,Alabama A&M,8/27/1959,Rook,6,1,0.0,1982.0,0,0,0,TE,TE,mike_williams,0.0,0.0,0.0
1982,WAS,Mike Williams,Mike,Williams,TE,84.0,23,76,249,Alabama A&M,8/27/1959,Rook,6,1,0.0,1982.0,0,0,0,TE,TE,mike_williams,2.0,0.0,0.0
1982,WAS,Mike Williams,Mike,Williams,TE,84.0,23,76,249,Alabama A&M,8/27/1959,Rook,6,1,0.0,1982.0,0,0,0,TE,TE,mike_williams,24.0,0.0,0.0
1982,WAS,Mike Williams,Mike,Williams,TE,84.0,23,76,249,Alabama A&M,8/27/1959,Rook,6,1,0.0,1982.0,0,0,0,TE,TE,mike_williams,12.0,0.0,0.0
1982,WAS,Mike Williams,Mike,Williams,TE,84.0,23,76,249,Alabama A&M,8/27/1959,Rook,6,1,0.0,1982.0,0,0,0,TE,TE,mike_williams,25.0,0.0,0.0
1982,WAS,Mike Williams,Mike,Williams,TE,84.0,23,76,249,Alabama A&M,8/27/1959,Rook,6,1,0.0,1982.0,0,0,0,TE,TE,mike_williams,38.0,0.0,0.0
1983,ATL,Arthur Cox,Arthur,Cox,TE,88.0,22,75,262,Texas Southern,2/5/1961,Rook,16,9,1.0,,0,0,0,TE,TE,arthur_cox,0.0,0.0,0.0
1983,ATL,Junior Miller,Junior,Miller,TE,80.0,26,76,239,Nebraska,11/26/1957,3,15,6,1.0,1980.0,0,0,0,TE,TE,junior_miller,14.0,0.0,2.0
1983,ATL,Bo Robinson,Bo,Robinson,TE,33.0,27,74,228,West Texas A&M,5/27/1956,4,12,9,1.0,1979.0,0,0,0,TE,TE,bo_robinson,6.0,0.0,0.0
1983,ATL,Ben Young,Ben,Young,TE,86.0,23,74,225,Texas-Arlington,1/13/1960,Rook,11,6,1.0,,0,0,0,TE,TE,ben_young,0.0,0.0,0.0
1983,ATL,Arthur Cox,Arthur,Cox,TE,88.0,22,75,262,Texas Southern,2/5/1961,Rook,16,9,1.0,,0,0,0,TE,TE,arthur_cox,0.0,0.0,0.0
1983,ATL,Junior Miller,Junior,Miller,TE,80.0,26,76,239,Nebraska,11/26/1957,3,15,6,1.0,1980.0,0,0,0,TE,TE,junior_miller,14.0,0.0,2.0
1983,ATL,Bo Robinson,Bo,Robinson,TE,33.0,27,74,228,West Texas A&M,5/27/1956,4,12,9,1.0,1979.0,0,0,0,TE,TE,bo_robinson,6.0,0.0,0.0
1983,ATL,Ben Young,Ben,Young,TE,86.0,23,74,225,Texas-Arlington,1/13/1960,Rook,11,6,1.0,,0,0,0,TE,TE,ben_young,0.0,0.0,0.0
1983,BUF,Tony Hunter,Tony,Hunter,TE,47.0,23,76,237,Notre Dame,5/22/1960,Rook,13,3,3.0,1983.0,0,0,0,TE,TE,tony_hunter,11.0,0.0,0.0
1983,BUF,Tony Hunter,Tony,Hunter,TE,47.0,23,76,237,Notre Dame,5/22/1960,Rook,13,3,3.0,1983.0,0,0,0,TE,TE,tony_hunter,11.0,0.0,0.0
1983,BUF,Mark Brammer,Mark,Brammer,TE,86.0,25,75,238,Michigan St.,5/3/1958,3,12,12,2.0,1980.0,0,0,0,TE,TE,mark_brammer,11.0,0.0,0.0
1983,BUF,Mark Brammer,Mark,Brammer,TE,86.0,25,75,238,Michigan St.,5/3/1958,3,12,12,2.0,1980.0,0,0,0,TE,TE,mark_brammer,11.0,0.0,0.0
1983,BUF,Buster Barnett,Buster,Barnett,TE,84.0,25,77,228,Jackson St.,11/24/1958,2,15,1,1.0,1981.0,0,0,0,TE,TE,buster_barnett,2.0,0.0,0.0
1983,BUF,Buster Barnett,Buster,Barnett,TE,84.0,25,77,228,Jackson St.,11/24/1958,2,15,1,1.0,1981.0,0,0,0,TE,TE,buster_barnett,2.0,0.0,0.0
1983,CHI,Emery Moorehead,Emery,Moorehead,TE,87.0,29,74,218,Colorado,3/22/1954,6,16,15,5.0,1977.0,0,0,0,TE,TE,emery_moorehead,26.0,0.0,0.0
1983,CHI,Emery Moorehead,Emery,Moorehead,TE,87.0,29,74,218,Colorado,3/22/1954,6,16,15,5.0,1977.0,0,0,0,TE,TE,emery_moorehead,26.0,0.0,0.0
1983,CHI,Pat Dunsmore,Pat,Dunsmore,TE,88.0,24,75,237,Drake,10/2/1959,Rook,16,1,1.0,1983.0,0,0,0,TE,TE,pat_dunsmore,2.0,0.0,0.0
1983,CHI,Jay Saldi,Jay,Saldi,TE,81.0,29,75,225,South Carolina,10/8/1954,7,13,5,1.0,,0,0,0,TE,TE,jay_saldi,0.0,0.0,0.0
1983,CHI,Pat Dunsmore,Pat,Dunsmore,TE,88.0,24,75,237,Drake,10/2/1959,Rook,16,1,1.0,1983.0,0,0,0,TE,TE,pat_dunsmore,2.0,0.0,0.0
1983,CHI,Jay Saldi,Jay,Saldi,TE,81.0,29,75,225,South Carolina,10/8/1954,7,13,5,1.0,,0,0,0,TE,TE,jay_saldi,0.0,0.0,0.0
1983,CIN,Dan Ross,Dan,Ross,TE,89.0,26,76,238,Northeastern,2/9/1957,4,16,15,5.0,1979.0,0,0,0,TE,TE,dan_ross,35.0,0.0,1.0
1983,CIN,Dan Ross,Dan,Ross,TE,89.0,26,76,238,Northeastern,2/9/1957,4,16,15,5.0,1979.0,0,0,0,TE,TE,dan_ross,35.0,0.0,1.0
1983,CIN,M.L. Harris,M.L.,Harris,TE,83.0,29,77,238,"Tampa,Kansas St.",1/16/1954,3,12,1,1.0,,0,0,0,TE,TE,m.l._harris,0.0,0.0,0.0
1983,CIN,M.L. Harris,M.L.,Harris,TE,83.0,29,77,238,"Tampa,Kansas St.",1/16/1954,3,12,1,1.0,,0,0,0,TE,TE,m.l._harris,0.0,0.0,0.0
1983,CIN,Andy Gibler,Andy,Gibler,TE,48.0,22,76,235,Missouri,4/30/1961,Rook,2,0,0.0,,0,0,0,TE,TE,andy_gibler,0.0,0.0,0.0
1983,CIN,Rodney Holman,Rodney,Holman,TE,82.0,23,75,238,Tulane,4/20/1960,1,16,0,0.0,1982.0,0,0,0,TE,TE,rodney_holman,40.0,0.0,3.0
1983,CIN,Andy Gibler,Andy,Gibler,TE,48.0,22,76,235,Missouri,4/30/1961,Rook,2,0,0.0,,0,0,0,TE,TE,andy_gibler,0.0,0.0,0.0
1983,CIN,Rodney Holman,Rodney,Holman,TE,82.0,23,75,238,Tulane,4/20/1960,1,16,0,0.0,1982.0,0,0,0,TE,TE,rodney_holman,40.0,0.0,3.0
1983,CLE,Ozzie Newsome,Ozzie,Newsome,TE,82.0,27,74,232,Alabama,3/16/1956,5,16,16,9.0,1978.0,0,0,0,TE,TE,ozzie_newsome,59.0,1.0,3.0
1983,CLE,Ozzie Newsome,Ozzie,Newsome,TE,82.0,27,74,232,Alabama,3/16/1956,5,16,16,9.0,1978.0,0,0,0,TE,TE,ozzie_newsome,59.0,1.0,3.0
1983,CLE,Harry Holt,Harry,Holt,TE,81.0,26,76,236,Arizona,12/29/1957,1,15,11,4.0,,0,0,0,TE,TE,harry_holt,0.0,0.0,0.0
1983,CLE,Harry Holt,Harry,Holt,TE,81.0,26,76,236,Arizona,12/29/1957,1,15,11,4.0,,0,0,0,TE,TE,harry_holt,0.0,0.0,0.0
1983,CLE,Tim Stracka,Tim,Stracka,TE,87.0,24,75,225,Wisconsin,9/27/1959,Rook,13,0,0.0,1983.0,0,0,0,TE,TE,tim_stracka,0.0,0.0,0.0
1983,CLE,Tim Stracka,Tim,Stracka,TE,87.0,24,75,225,Wisconsin,9/27/1959,Rook,13,0,0.0,1983.0,0,0,0,TE,TE,tim_stracka,0.0,0.0,0.0
1983,CLT,Tim Sherwin,Tim,Sherwin,TE,83.0,25,78,243,Boston Col.,5/4/1958,2,15,14,3.0,1981.0,0,0,0,TE,TE,tim_sherwin,8.0,0.0,0.0
1983,CLT,Tim Sherwin,Tim,Sherwin,TE,83.0,25,78,243,Boston Col.,5/4/1958,2,15,14,3.0,1981.0,0,0,0,TE,TE,tim_sherwin,8.0,0.0,0.0
1983,CLT,Pat Beach,Pat,Beach,TE,81.0,24,76,247,Washington St.,12/28/1959,1,16,2,0.0,1982.0,0,0,0,TE,TE,pat_beach,13.0,0.0,0.0
1983,CLT,Dave Young,Dave,Young,TE,86.0,24,77,242,Purdue,2/9/1959,2,1,0,0.0,1981.0,0,0,0,TE,TE,dave_young,1.0,0.0,0.0
1983,CLT,Pat Beach,Pat,Beach,TE,81.0,24,76,247,Washington St.,12/28/1959,1,16,2,0.0,1982.0,0,0,0,TE,TE,pat_beach,13.0,0.0,0.0
1983,CLT,Dave Young,Dave,Young,TE,86.0,24,77,242,Purdue,2/9/1959,2,1,0,0.0,1981.0,0,0,0,TE,TE,dave_young,1.0,0.0,0.0
1983,CRD,Doug Marsh,Doug,Marsh,TE,80.0,25,75,236,Michigan,6/18/1958,3,16,16,4.0,1980.0,0,0,0,TE,TE,doug_marsh,17.0,0.0,0.0
1983,CRD,Doug Marsh,Doug,Marsh,TE,80.0,25,75,236,Michigan,6/18/1958,3,16,16,4.0,1980.0,0,0,0,TE,TE,doug_marsh,17.0,0.0,0.0
1983,CRD,Greg LaFleur,Greg,LaFleur,TE,89.0,25,76,236,LSU,9/16/1958,2,16,5,1.0,1981.0,0,0,0,TE,TE,greg_lafleur,6.0,0.0,0.0
1983,CRD,Greg LaFleur,Greg,LaFleur,TE,89.0,25,76,236,LSU,9/16/1958,2,16,5,1.0,1981.0,0,0,0,TE,TE,greg_lafleur,6.0,0.0,0.0
1983,CRD,Eddie McGill,Eddie,McGill,TE,87.0,23,78,225,Western Carolina,7/5/1960,1,2,0,0.0,1982.0,0,0,0,TE,TE,eddie_mcgill,0.0,0.0,0.0
1983,CRD,Jamie Williams,Jamie,Williams,TE,85.0,23,76,240,Nebraska,2/25/1960,Rook,1,0,0.0,1983.0,0,0,0,TE,TE,jamie_williams,16.0,0.0,0.0
1983,CRD,Eddie McGill,Eddie,McGill,TE,87.0,23,78,225,Western Carolina,7/5/1960,1,2,0,0.0,1982.0,0,0,0,TE,TE,eddie_mcgill,0.0,0.0,0.0
1983,CRD,Jamie Williams,Jamie,Williams,TE,85.0,23,76,240,Nebraska,2/25/1960,Rook,1,0,0.0,1983.0,0,0,0,TE,TE,jamie_williams,16.0,0.0,0.0
1983,DAL,Doug Cosbie,Doug,Cosbie,TE,84.0,27,78,236,"Holy Cross,Santa Clara",3/27/1956,4,16,16,6.0,1979.0,0,0,0,TE,TE,doug_cosbie,32.0,0.0,3.0
1983,DAL,Doug Cosbie,Doug,Cosbie,TE,84.0,27,78,236,"Holy Cross,Santa Clara",3/27/1956,4,16,16,6.0,1979.0,0,0,0,TE,TE,doug_cosbie,32.0,0.0,3.0
1983,DAL,Billy Joe DuPree,Billy,Joe DuPree,TE,89.0,33,76,225,Michigan St.,3/7/1950,10,16,6,1.0,1973.0,0,0,0,TE,TE,billy_joe dupree,0.0,0.0,0.0
1983,DAL,Billy Joe DuPree,Billy,Joe DuPree,TE,89.0,33,76,225,Michigan St.,3/7/1950,10,16,6,1.0,1973.0,0,0,0,TE,TE,billy_joe dupree,0.0,0.0,0.0
1983,DAL,Cleo Simmons,Cleo,Simmons,TE,82.0,23,74,225,Jackson St.,10/21/1960,Rook,11,0,0.0,,0,0,0,TE,TE,cleo_simmons,0.0,0.0,0.0
1983,DAL,Cleo Simmons,Cleo,Simmons,TE,82.0,23,74,225,Jackson St.,10/21/1960,Rook,11,0,0.0,,0,0,0,TE,TE,cleo_simmons,0.0,0.0,0.0
1983,DEN,Ron Egloff,Ron,Egloff,TE,85.0,28,77,230,Wisconsin,10/3/1955,6,16,10,2.0,,0,0,0,TE,TE,ron_egloff,0.0,0.0,0.0
1983,DEN,Ron Egloff,Ron,Egloff,TE,85.0,28,77,230,Wisconsin,10/3/1955,6,16,10,2.0,,0,0,0,TE,TE,ron_egloff,0.0,0.0,0.0
1983,DEN,Riley Odoms,Riley,Odoms,TE,88.0,33,76,230,Houston,3/1/1950,11,2,0,1.0,1972.0,0,0,0,TE,TE,riley_odoms,54.0,2.0,4.0
1983,DEN,James Wright,James,Wright,TE,87.0,27,75,240,TCU,9/1/1956,5,6,6,1.0,1978.0,0,0,0,TE,TE,james_wright,6.0,0.0,0.0
1983,DEN,James Wright,James,Wright,TE,87.0,27,75,240,TCU,9/1/1956,5,6,6,1.0,1978.0,0,0,0,TE,TE,james_wright,2.0,0.0,0.0
1983,DEN,Riley Odoms,Riley,Odoms,TE,88.0,33,76,230,Houston,3/1/1950,11,2,0,1.0,1972.0,0,0,0,TE,TE,riley_odoms,54.0,2.0,4.0
1983,DEN,James Wright,James,Wright,TE,87.0,27,75,240,TCU,9/1/1956,5,6,6,1.0,1978.0,0,0,0,TE,TE,james_wright,6.0,0.0,0.0
1983,DEN,James Wright,James,Wright,TE,87.0,27,75,240,TCU,9/1/1956,5,6,6,1.0,1978.0,0,0,0,TE,TE,james_wright,2.0,0.0,0.0
1983,DEN,Dean Barnett,Dean,Barnett,TE,86.0,26,74,225,UNLV,6/6/1957,Rook,8,0,0.0,,0,0,0,TE,TE,dean_barnett,0.0,0.0,0.0
1983,DEN,Clay Brown,Clay,Brown,TE,89.0,25,75,223,BYU,9/20/1958,1,3,0,0.0,1981.0,0,0,0,TE,TE,clay_brown,0.0,0.0,0.0
1983,DEN,John Sawyer,John,Sawyer,TE,83.0,30,74,230,Southern Miss,7/26/1953,8,7,4,0.0,1975.0,0,0,0,TE,TE,john_sawyer,14.0,0.0,0.0
1983,DEN,Dean Barnett,Dean,Barnett,TE,86.0,26,74,225,UNLV,6/6/1957,Rook,8,0,0.0,,0,0,0,TE,TE,dean_barnett,0.0,0.0,0.0
1983,DEN,Clay Brown,Clay,Brown,TE,89.0,25,75,223,BYU,9/20/1958,1,3,0,0.0,1981.0,0,0,0,TE,TE,clay_brown,0.0,0.0,0.0
1983,DEN,John Sawyer,John,Sawyer,TE,83.0,30,74,230,Southern Miss,7/26/1953,8,7,4,0.0,1975.0,0,0,0,TE,TE,john_sawyer,14.0,0.0,0.0
1983,DET,Ulysses Norris,Ulysses,Norris,TE,80.0,26,76,230,Georgia,1/15/1957,4,15,15,3.0,1979.0,0,0,0,TE,TE,ulysses_norris,5.0,0.0,0.0
1983,DET,Ulysses Norris,Ulysses,Norris,TE,80.0,26,76,230,Georgia,1/15/1957,4,15,15,3.0,1979.0,0,0,0,TE,TE,ulysses_norris,5.0,0.0,0.0
1983,DET,Rob Rubick,Rob,Rubick,TE,84.0,23,75,232,Grand Valley St.,9/27/1960,1,16,1,1.0,1982.0,0,0,0,TE,TE,rob_rubick,5.0,0.0,0.0
1983,DET,Rob Rubick,Rob,Rubick,TE,84.0,23,75,232,Grand Valley St.,9/27/1960,1,16,1,1.0,1982.0,0,0,0,TE,TE,rob_rubick,5.0,0.0,0.0
1983,DET,Reese McCall,Reese,McCall,TE,81.0,27,78,239,Auburn,6/16/1956,5,16,4,0.0,1978.0,0,0,0,TE,TE,reese_mccall,10.0,0.0,0.0
1983,DET,Reese McCall,Reese,McCall,TE,81.0,27,78,239,Auburn,6/16/1956,5,16,4,0.0,1978.0,0,0,0,TE,TE,reese_mccall,10.0,0.0,0.0
1983,GNB,Paul Coffman,Paul,Coffman,TE,82.0,27,75,222,Kansas St.,3/29/1956,5,16,16,7.0,,0,0,0,TE,TE,paul_coffman,0.0,0.0,1.0
1983,GNB,Paul Coffman,Paul,Coffman,TE,82.0,27,75,222,Kansas St.,3/29/1956,5,16,16,7.0,,0,0,0,TE,TE,paul_coffman,0.0,0.0,1.0
1983,GNB,Gary Lewis,Gary,Lewis,TE,81.0,25,77,234,Texas-Arlington,12/30/1958,2,16,2,2.0,1981.0,0,0,0,TE,TE,gary_lewis,15.0,0.0,0.0
1983,GNB,Gary Lewis,Gary,Lewis,TE,81.0,25,77,234,Texas-Arlington,12/30/1958,2,16,2,2.0,1981.0,0,0,0,TE,TE,gary_lewis,2.0,0.0,0.0
1983,GNB,Gary Lewis,Gary,Lewis,TE,81.0,25,77,234,Texas-Arlington,12/30/1958,2,16,2,2.0,1981.0,0,0,0,TE,TE,gary_lewis,0.0,0.0,0.0
1983,GNB,Gary Lewis,Gary,Lewis,TE,81.0,25,77,234,Texas-Arlington,12/30/1958,2,16,2,2.0,1981.0,0,0,0,TE,TE,gary_lewis,15.0,0.0,0.0
1983,GNB,Gary Lewis,Gary,Lewis,TE,81.0,25,77,234,Texas-Arlington,12/30/1958,2,16,2,2.0,1981.0,0,0,0,TE,TE,gary_lewis,2.0,0.0,0.0
1983,GNB,Gary Lewis,Gary,Lewis,TE,81.0,25,77,234,Texas-Arlington,12/30/1958,2,16,2,2.0,1981.0,0,0,0,TE,TE,gary_lewis,0.0,0.0,0.0
1983,KAN,Willie Scott,Willie,Scott,TE,81.0,24,76,245,South Carolina,2/13/1959,2,16,16,2.0,1981.0,0,0,0,TE,TE,willie_scott,6.0,0.0,0.0
1983,KAN,Willie Scott,Willie,Scott,TE,81.0,24,76,245,South Carolina,2/13/1959,2,16,16,2.0,1981.0,0,0,0,TE,TE,willie_scott,6.0,0.0,0.0
1983,KAN,Ed Beckman,Ed,Beckman,TE,85.0,28,76,229,Florida St.,1/2/1955,6,15,7,1.0,,0,0,0,TE,TE,ed_beckman,0.0,0.0,0.0
1983,KAN,Ed Beckman,Ed,Beckman,TE,85.0,28,76,229,Florida St.,1/2/1955,6,15,7,1.0,,0,0,0,TE,TE,ed_beckman,0.0,0.0,0.0
1983,KAN,Ron Wetzel,Ron,Wetzel,TE,87.0,23,77,242,Arizona St.,11/10/1960,Rook,16,0,0.0,1983.0,0,0,0,TE,TE,ron_wetzel,0.0,0.0,0.0
1983,KAN,Ron Wetzel,Ron,Wetzel,TE,87.0,23,77,242,Arizona St.,11/10/1960,Rook,16,0,0.0,1983.0,0,0,0,TE,TE,ron_wetzel,0.0,0.0,0.0
1983,MIA,Joe Rose,Joe,Rose,TE,80.0,26,75,228,California,6/24/1957,3,16,0,4.0,1980.0,0,0,0,TE,TE,joe_rose,15.0,0.0,0.0
1983,MIA,Joe Rose,Joe,Rose,TE,80.0,26,75,228,California,6/24/1957,3,16,0,4.0,1980.0,0,0,0,TE,TE,joe_rose,15.0,0.0,0.0
1983,MIA,Bruce Hardy,Bruce,Hardy,TE,84.0,27,77,235,Arizona St.,6/1/1956,5,15,8,2.0,1978.0,0,0,0,TE,TE,bruce_hardy,22.0,0.0,0.0
1983,MIA,Dan Johnson,Dan,Johnson,TE,87.0,23,75,240,Iowa St.,5/17/1960,1,16,16,2.0,1982.0,0,0,0,TE,TE,dan_johnson,10.0,0.0,0.0
1983,MIA,Bruce Hardy,Bruce,Hardy,TE,84.0,27,77,235,Arizona St.,6/1/1956,5,15,8,2.0,1978.0,0,0,0,TE,TE,bruce_hardy,22.0,0.0,0.0
1983,MIA,Dan Johnson,Dan,Johnson,TE,87.0,23,75,240,Iowa St.,5/17/1960,1,16,16,2.0,1982.0,0,0,0,TE,TE,dan_johnson,10.0,0.0,0.0
1983,MIN,Bob Bruer,Bob,Bruer,TE,82.0,30,77,235,Minnesota St.,5/22/1953,4,16,9,3.0,1975.0,0,0,0,TE,TE,bob_bruer,7.0,0.0,0.0
1983,MIN,Bob Bruer,Bob,Bruer,TE,82.0,30,77,235,Minnesota St.,5/22/1953,4,16,9,3.0,1975.0,0,0,0,TE,TE,bob_bruer,7.0,0.0,0.0
1983,MIN,Steve Jordan,Steve,Jordan,TE,83.0,22,75,236,Brown,1/10/1961,1,13,2,2.0,1982.0,0,0,0,TE,TE,steve_jordan,48.0,0.0,6.0
1983,MIN,Steve Jordan,Steve,Jordan,TE,83.0,22,75,236,Brown,1/10/1961,1,13,2,2.0,1982.0,0,0,0,TE,TE,steve_jordan,48.0,0.0,6.0
1983,MIN,Dave Casper,Dave,Casper,TE,44.0,31,76,240,Notre Dame,2/2/1952,9,10,8,1.0,1974.0,0,0,0,TE,TE,dave_casper,52.0,4.0,5.0
1983,MIN,Dave Casper,Dave,Casper,TE,44.0,31,76,240,Notre Dame,2/2/1952,9,10,8,1.0,1974.0,0,0,0,TE,TE,dave_casper,52.0,4.0,5.0
1983,MIN,Norris Brown,Norris,Brown,TE,86.0,22,75,220,Georgia,7/10/1961,Rook,2,0,0.0,1983.0,0,0,0,TE,TE,norris_brown,0.0,0.0,0.0
1983,MIN,Mike Mularkey,Mike,Mularkey,TE,86.0,22,76,245,Florida,11/19/1961,Rook,3,0,0.0,1983.0,0,0,0,TE,TE,mike_mularkey,11.0,0.0,0.0
1983,MIN,Norris Brown,Norris,Brown,TE,86.0,22,75,220,Georgia,7/10/1961,Rook,2,0,0.0,1983.0,0,0,0,TE,TE,norris_brown,0.0,0.0,0.0
1983,MIN,Mike Mularkey,Mike,Mularkey,TE,86.0,22,76,245,Florida,11/19/1961,Rook,3,0,0.0,1983.0,0,0,0,TE,TE,mike_mularkey,11.0,0.0,0.0
1983,NOR,Hoby Brenner,Hoby,Brenner,TE,85.0,24,76,240,USC,6/2/1959,2,16,16,5.0,1981.0,0,0,0,TE,TE,hoby_brenner,31.0,0.0,1.0
1983,NOR,Hoby Brenner,Hoby,Brenner,TE,85.0,24,76,240,USC,6/2/1959,2,16,16,5.0,1981.0,0,0,0,TE,TE,hoby_brenner,31.0,0.0,1.0
1983,NOR,Larry Hardy,Larry,Hardy,TE,87.0,27,75,234,Jackson St.,7/9/1956,5,6,1,0.0,1978.0,0,0,0,TE,TE,larry_hardy,7.0,0.0,0.0
1983,NOR,John Tice,John,Tice,TE,82.0,23,77,242,Maryland,6/22/1960,Rook,16,1,0.0,1983.0,0,0,0,TE,TE,john_tice,12.0,0.0,0.0
1983,NOR,Larry Hardy,Larry,Hardy,TE,87.0,27,75,234,Jackson St.,7/9/1956,5,6,1,0.0,1978.0,0,0,0,TE,TE,larry_hardy,7.0,0.0,0.0
1983,NOR,John Tice,John,Tice,TE,82.0,23,77,242,Maryland,6/22/1960,Rook,16,1,0.0,1983.0,0,0,0,TE,TE,john_tice,12.0,0.0,0.0
1983,NWE,Derrick Ramsey,Derrick,Ramsey,TE,88.0,27,76,230,Kentucky,12/23/1956,5,14,7,3.0,1978.0,0,0,0,TE,TE,derrick_ramsey,18.0,0.0,0.0
1983,NWE,Derrick Ramsey,Derrick,Ramsey,TE,88.0,27,76,230,Kentucky,12/23/1956,5,14,7,3.0,1978.0,0,0,0,TE,TE,derrick_ramsey,18.0,0.0,0.0
1983,NWE,Lin Dawson,Lin,Dawson,TE,87.0,24,75,240,North Carolina St.,6/24/1959,2,13,10,1.0,1981.0,0,0,0,TE,TE,lin_dawson,12.0,0.0,0.0
1983,NWE,Lin Dawson,Lin,Dawson,TE,87.0,24,75,240,North Carolina St.,6/24/1959,2,13,10,1.0,1981.0,0,0,0,TE,TE,lin_dawson,12.0,0.0,0.0
1983,NWE,Don Hasselbeck,Don,Hasselbeck,TE,80.0,28,79,245,Colorado,4/1/1955,6,1,0,0.0,1977.0,0,0,0,TE,TE,don_hasselbeck,16.0,0.0,0.0
1983,NWE,Brooks Williams,Brooks,Williams,TE,80.0,29,76,226,North Carolina,12/7/1954,5,13,0,0.0,1978.0,0,0,0,TE,TE,brooks_williams,3.0,0.0,0.0
1983,NWE,Don Hasselbeck,Don,Hasselbeck,TE,80.0,28,79,245,Colorado,4/1/1955,6,1,0,0.0,1977.0,0,0,0,TE,TE,don_hasselbeck,16.0,0.0,0.0
1983,NWE,Brooks Williams,Brooks,Williams,TE,80.0,29,76,226,North Carolina,12/7/1954,5,13,0,0.0,1978.0,0,0,0,TE,TE,brooks_williams,3.0,0.0,0.0
1983,NYG,Zeke Mowatt,Zeke,Mowatt,TE,84.0,22,75,238,Florida St.,3/5/1961,Rook,16,14,2.0,,0,0,0,TE,TE,zeke_mowatt,0.0,0.0,0.0
1983,NYG,Zeke Mowatt,Zeke,Mowatt,TE,84.0,22,75,238,Florida St.,3/5/1961,Rook,16,14,2.0,,0,0,0,TE,TE,zeke_mowatt,0.0,0.0,0.0
1983,NYG,Tom Mullady,Tom,Mullady,TE,81.0,26,75,232,Rhodes,1/30/1957,4,16,4,1.0,1979.0,0,0,0,TE,TE,tom_mullady,9.0,0.0,0.0
1983,NYG,Malcolm Scott,Malcolm,Scott,TE,80.0,22,76,243,LSU,7/10/1961,Rook,16,1,1.0,1983.0,0,0,0,TE,TE,malcolm_scott,1.0,0.0,0.0
1983,NYG,Tom Mullady,Tom,Mullady,TE,81.0,26,75,232,Rhodes,1/30/1957,4,16,4,1.0,1979.0,0,0,0,TE,TE,tom_mullady,9.0,0.0,0.0
1983,NYG,Malcolm Scott,Malcolm,Scott,TE,80.0,22,76,243,LSU,7/10/1961,Rook,16,1,1.0,1983.0,0,0,0,TE,TE,malcolm_scott,1.0,0.0,0.0
1983,NYJ,Jerome Barkum,Jerome,Barkum,TE,83.0,33,75,218,Jackson St.,7/18/1950,11,15,13,3.0,1972.0,0,0,0,TE,TE,jerome_barkum,42.0,0.0,1.0
1983,NYJ,Jerome Barkum,Jerome,Barkum,TE,83.0,33,75,218,Jackson St.,7/18/1950,11,15,13,3.0,1972.0,0,0,0,TE,TE,jerome_barkum,42.0,0.0,1.0
1983,NYJ,Mickey Shuler,Mickey,Shuler,TE,82.0,27,75,232,Penn St.,8/21/1956,5,16,6,2.0,1978.0,0,0,0,TE,TE,mickey_shuler,42.0,0.0,2.0
1983,NYJ,Mickey Shuler,Mickey,Shuler,TE,82.0,27,75,232,Penn St.,8/21/1956,5,16,6,2.0,1978.0,0,0,0,TE,TE,mickey_shuler,0.0,0.0,0.0
1983,NYJ,Mickey Shuler,Mickey,Shuler,TE,82.0,27,75,232,Penn St.,8/21/1956,5,16,6,2.0,1978.0,0,0,0,TE,TE,mickey_shuler,42.0,0.0,2.0
1983,NYJ,Mickey Shuler,Mickey,Shuler,TE,82.0,27,75,232,Penn St.,8/21/1956,5,16,6,2.0,1978.0,0,0,0,TE,TE,mickey_shuler,0.0,0.0,0.0
1983,NYJ,Tom Coombs,Tom,Coombs,TE,88.0,24,75,236,"Puget Sound,Idaho",5/31/1959,1,12,1,0.0,1982.0,0,0,0,TE,TE,tom_coombs,0.0,0.0,0.0
1983,NYJ,Tom Coombs,Tom,Coombs,TE,88.0,24,75,236,"Puget Sound,Idaho",5/31/1959,1,12,1,0.0,1982.0,0,0,0,TE,TE,tom_coombs,0.0,0.0,0.0
1983,OTI,Chris Dressel,Chris,Dressel,TE,88.0,22,76,238,Stanford,2/7/1961,Rook,16,14,3.0,1983.0,0,0,0,TE,TE,chris_dressel,8.0,0.0,0.0
1983,OTI,Chris Dressel,Chris,Dressel,TE,88.0,22,76,238,Stanford,2/7/1961,Rook,16,14,3.0,1983.0,0,0,0,TE,TE,chris_dressel,8.0,0.0,0.0
1983,OTI,Chris Dressel,Chris,Dressel,TE,88.0,22,76,238,Stanford,2/7/1961,Rook,16,14,3.0,1983.0,0,0,0,TE,TE,chris_dressel,8.0,0.0,0.0
1983,OTI,Chris Dressel,Chris,Dressel,TE,88.0,22,76,238,Stanford,2/7/1961,Rook,16,14,3.0,1983.0,0,0,0,TE,TE,chris_dressel,8.0,0.0,0.0
1983,OTI,Walt Arnold,Walt,Arnold,TE,87.0,25,75,228,New Mexico,8/31/1958,3,13,0,1.0,,0,0,0,TE,TE,walt_arnold,0.0,0.0,0.0
1983,OTI,Dave Casper,Dave,Casper,TE,87.0,31,76,240,Notre Dame,2/2/1952,9,3,2,1.0,1974.0,0,0,0,TE,TE,dave_casper,52.0,4.0,5.0
1983,OTI,Mike McCloskey,Mike,McCloskey,TE,89.0,22,77,244,Penn St.,2/2/1961,Rook,16,7,1.0,1983.0,0,0,0,TE,TE,mike_mccloskey,2.0,0.0,0.0
1983,OTI,Walt Arnold,Walt,Arnold,TE,87.0,25,75,228,New Mexico,8/31/1958,3,13,0,1.0,,0,0,0,TE,TE,walt_arnold,0.0,0.0,0.0
1983,OTI,Dave Casper,Dave,Casper,TE,87.0,31,76,240,Notre Dame,2/2/1952,9,3,2,1.0,1974.0,0,0,0,TE,TE,dave_casper,52.0,4.0,5.0
1983,OTI,Mike McCloskey,Mike,McCloskey,TE,89.0,22,77,244,Penn St.,2/2/1961,Rook,16,7,1.0,1983.0,0,0,0,TE,TE,mike_mccloskey,2.0,0.0,0.0
1983,OTI,Walt Arnold,Walt,Arnold,TE,87.0,25,75,228,New Mexico,8/31/1958,3,13,0,1.0,,0,0,0,TE,TE,walt_arnold,0.0,0.0,0.0
1983,OTI,Dave Casper,Dave,Casper,TE,87.0,31,76,240,Notre Dame,2/2/1952,9,3,2,1.0,1974.0,0,0,0,TE,TE,dave_casper,52.0,4.0,5.0
1983,OTI,Mike McCloskey,Mike,McCloskey,TE,89.0,22,77,244,Penn St.,2/2/1961,Rook,16,7,1.0,1983.0,0,0,0,TE,TE,mike_mccloskey,2.0,0.0,0.0
1983,OTI,Walt Arnold,Walt,Arnold,TE,87.0,25,75,228,New Mexico,8/31/1958,3,13,0,1.0,,0,0,0,TE,TE,walt_arnold,0.0,0.0,0.0
1983,OTI,Dave Casper,Dave,Casper,TE,87.0,31,76,240,Notre Dame,2/2/1952,9,3,2,1.0,1974.0,0,0,0,TE,TE,dave_casper,52.0,4.0,5.0
1983,OTI,Mike McCloskey,Mike,McCloskey,TE,89.0,22,77,244,Penn St.,2/2/1961,Rook,16,7,1.0,1983.0,0,0,0,TE,TE,mike_mccloskey,2.0,0.0,0.0
1983,PHI,Vyto Kab,Vyto,Kab,TE,84.0,24,77,243,Penn St.,12/23/1959,1,14,14,2.0,1982.0,0,0,0,TE,TE,vyto_kab,4.0,0.0,0.0
1983,PHI,Vyto Kab,Vyto,Kab,TE,84.0,24,77,243,Penn St.,12/23/1959,1,14,14,2.0,1982.0,0,0,0,TE,TE,vyto_kab,4.0,0.0,0.0
1983,PHI,Al Dixon,Al,Dixon,TE,86.0,29,77,230,Iowa St.,4/5/1954,6,10,1,0.0,1977.0,0,0,0,TE,TE,al_dixon,13.0,0.0,0.0
1983,PHI,Lawrence Sampleton,Lawrence,Sampleton,TE,87.0,24,77,233,Texas,9/25/1959,1,7,2,0.0,1982.0,0,0,0,TE,TE,lawrence_sampleton,1.0,0.0,0.0
1983,PHI,Al Dixon,Al,Dixon,TE,86.0,29,77,230,Iowa St.,4/5/1954,6,10,1,0.0,1977.0,0,0,0,TE,TE,al_dixon,13.0,0.0,0.0
1983,PHI,Lawrence Sampleton,Lawrence,Sampleton,TE,87.0,24,77,233,Texas,9/25/1959,1,7,2,0.0,1982.0,0,0,0,TE,TE,lawrence_sampleton,1.0,0.0,0.0
1983,PIT,Bennie Cunningham,Bennie,Cunningham,TE,89.0,29,77,254,Clemson,12/23/1954,7,16,16,4.0,1976.0,0,0,0,TE,TE,bennie_cunningham,30.0,0.0,0.0
1983,PIT,Bennie Cunningham,Bennie,Cunningham,TE,89.0,29,77,254,Clemson,12/23/1954,7,16,16,4.0,1976.0,0,0,0,TE,TE,bennie_cunningham,30.0,0.0,0.0
1983,PIT,Craig Dunaway,Craig,Dunaway,TE,88.0,22,74,233,Michigan,3/27/1961,Rook,11,0,0.0,1983.0,0,0,0,TE,TE,craig_dunaway,0.0,0.0,0.0
1983,PIT,John Rodgers,John,Rodgers,TE,87.0,23,74,220,Louisiana Tech,2/7/1960,1,15,1,0.0,,0,0,0,TE,TE,john_rodgers,0.0,0.0,0.0
1983,PIT,Craig Dunaway,Craig,Dunaway,TE,88.0,22,74,233,Michigan,3/27/1961,Rook,11,0,0.0,1983.0,0,0,0,TE,TE,craig_dunaway,0.0,0.0,0.0
1983,PIT,John Rodgers,John,Rodgers,TE,87.0,23,74,220,Louisiana Tech,2/7/1960,1,15,1,0.0,,0,0,0,TE,TE,john_rodgers,0.0,0.0,0.0
1983,RAI,Todd Christensen,Todd,Christensen,TE,46.0,27,75,230,BYU,8/3/1956,4,16,16,12.0,1978.0,0,0,0,TE,TE,todd_christensen,50.0,2.0,5.0
1983,RAI,Todd Christensen,Todd,Christensen,TE,46.0,27,75,230,BYU,8/3/1956,4,16,16,12.0,1978.0,0,0,0,TE,TE,todd_christensen,50.0,2.0,5.0
1983,RAI,Don Hasselbeck,Don,Hasselbeck,TE,87.0,28,79,245,Colorado,4/1/1955,6,14,0,0.0,1977.0,0,0,0,TE,TE,don_hasselbeck,16.0,0.0,0.0
1983,RAI,Derrick Jensen,Derrick,Jensen,TE,31.0,27,73,221,Texas-Arlington,4/27/1956,4,16,0,0.0,1978.0,0,0,0,TE,TE,derrick_jensen,8.0,0.0,0.0
1983,RAI,Derrick Ramsey,Derrick,Ramsey,TE,84.0,27,76,230,Kentucky,12/23/1956,5,2,0,0.0,1978.0,0,0,0,TE,TE,derrick_ramsey,18.0,0.0,0.0
1983,RAI,Don Hasselbeck,Don,Hasselbeck,TE,87.0,28,79,245,Colorado,4/1/1955,6,14,0,0.0,1977.0,0,0,0,TE,TE,don_hasselbeck,16.0,0.0,0.0
1983,RAI,Derrick Jensen,Derrick,Jensen,TE,31.0,27,73,221,Texas-Arlington,4/27/1956,4,16,0,0.0,1978.0,0,0,0,TE,TE,derrick_jensen,8.0,0.0,0.0
1983,RAI,Derrick Ramsey,Derrick,Ramsey,TE,84.0,27,76,230,Kentucky,12/23/1956,5,2,0,0.0,1978.0,0,0,0,TE,TE,derrick_ramsey,18.0,0.0,0.0
1983,RAM,Mike Barber,Mike,Barber,TE,86.0,30,75,235,Louisiana Tech,6/4/1953,7,16,16,6.0,1976.0,0,0,0,TE,TE,mike_barber,27.0,0.0,0.0
1983,RAM,Mike Barber,Mike,Barber,TE,86.0,30,75,235,Louisiana Tech,6/4/1953,7,16,16,6.0,1976.0,0,0,0,TE,TE,mike_barber,0.0,0.0,0.0
1983,RAM,Mike Barber,Mike,Barber,TE,86.0,30,75,235,Louisiana Tech,6/4/1953,7,16,16,6.0,1976.0,0,0,0,TE,TE,mike_barber,27.0,0.0,0.0
1983,RAM,Mike Barber,Mike,Barber,TE,86.0,30,75,235,Louisiana Tech,6/4/1953,7,16,16,6.0,1976.0,0,0,0,TE,TE,mike_barber,0.0,0.0,0.0
1983,RAM,David Hill,David,Hill,TE,81.0,29,74,229,Texas A&M-Kingsville,1/1/1954,7,16,3,2.0,1976.0,0,0,0,TE,TE,david_hill,34.0,0.0,2.0
1983,RAM,David Hill,David,Hill,TE,81.0,29,74,229,Texas A&M-Kingsville,1/1/1954,7,16,3,2.0,1976.0,0,0,0,TE,TE,david_hill,34.0,0.0,2.0
1983,RAM,James McDonald,James,McDonald,TE,83.0,22,77,234,USC,3/29/1961,Rook,16,0,0.0,,0,0,0,TE,TE,james_mcdonald,0.0,0.0,0.0
1983,RAM,James McDonald,James,McDonald,TE,83.0,22,77,234,USC,3/29/1961,Rook,16,0,0.0,,0,0,0,TE,TE,james_mcdonald,0.0,0.0,0.0
1983,SDG,Kellen Winslow,Kellen,Winslow,TE,80.0,26,77,251,Missouri,11/5/1957,4,16,16,10.0,1979.0,0,0,0,TE,TE,kellen_winslow,63.0,3.0,5.0
1983,SDG,Kellen Winslow,Kellen,Winslow,TE,80.0,26,77,251,Missouri,11/5/1957,4,16,16,10.0,1979.0,0,0,0,TE,TE,kellen_winslow,37.0,0.0,1.0
1983,SDG,Kellen Winslow,Kellen,Winslow,TE,80.0,26,77,251,Missouri,11/5/1957,4,16,16,10.0,1979.0,0,0,0,TE,TE,kellen_winslow,63.0,3.0,5.0
1983,SDG,Kellen Winslow,Kellen,Winslow,TE,80.0,26,77,251,Missouri,11/5/1957,4,16,16,10.0,1979.0,0,0,0,TE,TE,kellen_winslow,37.0,0.0,1.0
1983,SDG,Eric Sievers,Eric,Sievers,TE,85.0,26,76,236,Maryland,11/9/1957,2,16,8,4.0,1981.0,0,0,0,TE,TE,eric_sievers,21.0,0.0,0.0
1983,SDG,Eric Sievers,Eric,Sievers,TE,85.0,26,76,236,Maryland,11/9/1957,2,16,8,4.0,1981.0,0,0,0,TE,TE,eric_sievers,21.0,0.0,0.0
1983,SDG,Pete Holohan,Pete,Holohan,TE,88.0,24,76,237,Notre Dame,7/25/1959,2,16,3,2.0,1981.0,0,0,0,TE,TE,pete_holohan,29.0,0.0,0.0
1983,SDG,Pete Holohan,Pete,Holohan,TE,88.0,24,76,237,Notre Dame,7/25/1959,2,16,3,2.0,1981.0,0,0,0,TE,TE,pete_holohan,29.0,0.0,0.0
1983,SEA,Charle Young,Charle,Young,TE,87.0,32,76,234,USC,2/5/1951,10,16,16,6.0,1973.0,0,0,0,TE,TE,charle_young,47.0,1.0,3.0
1983,SEA,Charle Young,Charle,Young,TE,87.0,32,76,234,USC,2/5/1951,10,16,16,6.0,1973.0,0,0,0,TE,TE,charle_young,47.0,1.0,3.0
1983,SEA,Pete Metzelaars,Pete,Metzelaars,TE,88.0,23,79,254,Wabash,5/24/1960,1,16,7,1.0,1982.0,0,0,0,TE,TE,pete_metzelaars,28.0,0.0,0.0
1983,SEA,Pete Metzelaars,Pete,Metzelaars,TE,88.0,23,79,254,Wabash,5/24/1960,1,16,7,1.0,1982.0,0,0,0,TE,TE,pete_metzelaars,28.0,0.0,0.0
1983,SEA,Mike Tice,Mike,Tice,TE,86.0,24,79,253,Maryland,2/2/1959,2,15,1,0.0,,0,0,0,TE,TE,mike_tice,0.0,0.0,0.0
1983,SEA,Mike Tice,Mike,Tice,TE,86.0,24,79,253,Maryland,2/2/1959,2,15,1,0.0,,0,0,0,TE,TE,mike_tice,0.0,0.0,0.0
1983,SFO,Russ Francis,Russ,Francis,TE,81.0,30,78,240,Oregon,4/3/1953,8,16,16,4.0,1975.0,0,0,0,TE,TE,russ_francis,46.0,0.0,3.0
1983,SFO,Russ Francis,Russ,Francis,TE,81.0,30,78,240,Oregon,4/3/1953,8,16,16,4.0,1975.0,0,0,0,TE,TE,russ_francis,46.0,0.0,3.0
1983,SFO,Earl Cooper,Earl,Cooper,TE,89.0,26,74,227,Rice,9/17/1957,3,16,0,2.0,1980.0,0,0,0,TE,TE,earl_cooper,25.0,0.0,0.0
1983,SFO,Earl Cooper,Earl,Cooper,TE,89.0,26,74,227,Rice,9/17/1957,3,16,0,2.0,1980.0,0,0,0,TE,TE,earl_cooper,25.0,0.0,0.0
1983,SFO,Eason Ramson,Eason,Ramson,TE,80.0,27,74,232,Washington St.,4/30/1956,5,16,4,1.0,1978.0,0,0,0,TE,TE,eason_ramson,7.0,0.0,0.0
1983,SFO,Eason Ramson,Eason,Ramson,TE,80.0,27,74,232,Washington St.,4/30/1956,5,16,4,1.0,1978.0,0,0,0,TE,TE,eason_ramson,7.0,0.0,0.0
1983,TAM,Jimmie Giles,Jimmie,Giles,TE,88.0,29,75,239,Alcorn St.,11/8/1954,6,11,9,2.0,1977.0,0,0,0,TE,TE,jimmie_giles,40.0,0.0,4.0
1983,TAM,Jimmie Giles,Jimmie,Giles,TE,88.0,29,75,239,Alcorn St.,11/8/1954,6,11,9,2.0,1977.0,0,0,0,TE,TE,jimmie_giles,40.0,0.0,4.0
1983,TAM,Jerry Bell,Jerry,Bell,TE,82.0,24,77,230,Arizona St.,3/7/1959,1,16,6,1.0,1982.0,0,0,0,TE,TE,jerry_bell,10.0,0.0,0.0
1983,TAM,Jerry Bell,Jerry,Bell,TE,82.0,24,77,230,Arizona St.,3/7/1959,1,16,6,1.0,1982.0,0,0,0,TE,TE,jerry_bell,10.0,0.0,0.0
1983,TAM,Jim Obradovich,Jim,Obradovich,TE,86.0,30,74,225,USC,4/2/1953,8,16,5,0.0,1975.0,0,0,0,TE,TE,jim_obradovich,6.0,0.0,0.0
1983,TAM,Mark Witte,Mark,Witte,TE,85.0,24,75,236,North Texas,12/3/1959,Rook,16,2,0.0,1983.0,0,0,0,TE,TE,mark_witte,0.0,0.0,0.0
1983,TAM,Jim Obradovich,Jim,Obradovich,TE,86.0,30,74,225,USC,4/2/1953,8,16,5,0.0,1975.0,0,0,0,TE,TE,jim_obradovich,6.0,0.0,0.0
1983,TAM,Mark Witte,Mark,Witte,TE,85.0,24,75,236,North Texas,12/3/1959,Rook,16,2,0.0,1983.0,0,0,0,TE,TE,mark_witte,0.0,0.0,0.0
1983,WAS,Don Warren,Don,Warren,TE,85.0,27,76,242,San Diego St.,5/5/1956,4,13,13,3.0,1979.0,0,0,0,TE,TE,don_warren,22.0,0.0,0.0
1983,WAS,Don Warren,Don,Warren,TE,85.0,27,76,242,San Diego St.,5/5/1956,4,13,13,3.0,1979.0,0,0,0,TE,TE,don_warren,22.0,0.0,0.0
1983,WAS,Clint Didier,Clint,Didier,TE,86.0,24,77,240,Portland St.,4/4/1959,1,16,2,2.0,1981.0,0,0,0,TE,TE,clint_didier,18.0,0.0,0.0
1983,WAS,Rick Walker,Rick,Walker,TE,88.0,28,76,235,UCLA,5/28/1955,6,16,16,2.0,1977.0,0,0,0,TE,TE,rick_walker,7.0,0.0,0.0
1983,WAS,Clint Didier,Clint,Didier,TE,86.0,24,77,240,Portland St.,4/4/1959,1,16,2,2.0,1981.0,0,0,0,TE,TE,clint_didier,18.0,0.0,0.0
1983,WAS,Rick Walker,Rick,Walker,TE,88.0,28,76,235,UCLA,5/28/1955,6,16,16,2.0,1977.0,0,0,0,TE,TE,rick_walker,7.0,0.0,0.0
1983,WAS,John Sawyer,John,Sawyer,TE,82.0,30,74,230,Southern Miss,7/26/1953,8,7,0,0.0,1975.0,0,0,0,TE,TE,john_sawyer,14.0,0.0,0.0
1983,WAS,Mike Williams,Mike,Williams,TE,84.0,24,76,249,Alabama A&M,8/27/1959,1,7,0,0.0,1982.0,0,0,0,TE,TE,mike_williams,0.0,0.0,0.0
1983,WAS,Mike Williams,Mike,Williams,TE,84.0,24,76,249,Alabama A&M,8/27/1959,1,7,0,0.0,1982.0,0,0,0,TE,TE,mike_williams,38.0,0.0,0.0
1983,WAS,Mike Williams,Mike,Williams,TE,84.0,24,76,249,Alabama A&M,8/27/1959,1,7,0,0.0,1982.0,0,0,0,TE,TE,mike_williams,0.0,0.0,0.0
1983,WAS,Mike Williams,Mike,Williams,TE,84.0,24,76,249,Alabama A&M,8/27/1959,1,7,0,0.0,1982.0,0,0,0,TE,TE,mike_williams,0.0,0.0,0.0
1983,WAS,Mike Williams,Mike,Williams,TE,84.0,24,76,249,Alabama A&M,8/27/1959,1,7,0,0.0,1982.0,0,0,0,TE,TE,mike_williams,3.0,0.0,0.0
1983,WAS,Mike Williams,Mike,Williams,TE,84.0,24,76,249,Alabama A&M,8/27/1959,1,7,0,0.0,1982.0,0,0,0,TE,TE,mike_williams,0.0,0.0,0.0
1983,WAS,Mike Williams,Mike,Williams,TE,84.0,24,76,249,Alabama A&M,8/27/1959,1,7,0,0.0,1982.0,0,0,0,TE,TE,mike_williams,0.0,0.0,0.0
1983,WAS,Mike Williams,Mike,Williams,TE,84.0,24,76,249,Alabama A&M,8/27/1959,1,7,0,0.0,1982.0,0,0,0,TE,TE,mike_williams,2.0,0.0,0.0
1983,WAS,Mike Williams,Mike,Williams,TE,84.0,24,76,249,Alabama A&M,8/27/1959,1,7,0,0.0,1982.0,0,0,0,TE,TE,mike_williams,24.0,0.0,0.0
1983,WAS,Mike Williams,Mike,Williams,TE,84.0,24,76,249,Alabama A&M,8/27/1959,1,7,0,0.0,1982.0,0,0,0,TE,TE,mike_williams,12.0,0.0,0.0
1983,WAS,Mike Williams,Mike,Williams,TE,84.0,24,76,249,Alabama A&M,8/27/1959,1,7,0,0.0,1982.0,0,0,0,TE,TE,mike_williams,25.0,0.0,0.0
1983,WAS,Mike Williams,Mike,Williams,TE,84.0,24,76,249,Alabama A&M,8/27/1959,1,7,0,0.0,1982.0,0,0,0,TE,TE,mike_williams,38.0,0.0,0.0
1983,WAS,John Sawyer,John,Sawyer,TE,82.0,30,74,230,Southern Miss,7/26/1953,8,7,0,0.0,1975.0,0,0,0,TE,TE,john_sawyer,14.0,0.0,0.0
1983,WAS,Mike Williams,Mike,Williams,TE,84.0,24,76,249,Alabama A&M,8/27/1959,1,7,0,0.0,1982.0,0,0,0,TE,TE,mike_williams,0.0,0.0,0.0
1983,WAS,Mike Williams,Mike,Williams,TE,84.0,24,76,249,Alabama A&M,8/27/1959,1,7,0,0.0,1982.0,0,0,0,TE,TE,mike_williams,38.0,0.0,0.0
1983,WAS,Mike Williams,Mike,Williams,TE,84.0,24,76,249,Alabama A&M,8/27/1959,1,7,0,0.0,1982.0,0,0,0,TE,TE,mike_williams,0.0,0.0,0.0
1983,WAS,Mike Williams,Mike,Williams,TE,84.0,24,76,249,Alabama A&M,8/27/1959,1,7,0,0.0,1982.0,0,0,0,TE,TE,mike_williams,0.0,0.0,0.0
1983,WAS,Mike Williams,Mike,Williams,TE,84.0,24,76,249,Alabama A&M,8/27/1959,1,7,0,0.0,1982.0,0,0,0,TE,TE,mike_williams,3.0,0.0,0.0
1983,WAS,Mike Williams,Mike,Williams,TE,84.0,24,76,249,Alabama A&M,8/27/1959,1,7,0,0.0,1982.0,0,0,0,TE,TE,mike_williams,0.0,0.0,0.0
1983,WAS,Mike Williams,Mike,Williams,TE,84.0,24,76,249,Alabama A&M,8/27/1959,1,7,0,0.0,1982.0,0,0,0,TE,TE,mike_williams,0.0,0.0,0.0
1983,WAS,Mike Williams,Mike,Williams,TE,84.0,24,76,249,Alabama A&M,8/27/1959,1,7,0,0.0,1982.0,0,0,0,TE,TE,mike_williams,2.0,0.0,0.0
1983,WAS,Mike Williams,Mike,Williams,TE,84.0,24,76,249,Alabama A&M,8/27/1959,1,7,0,0.0,1982.0,0,0,0,TE,TE,mike_williams,24.0,0.0,0.0
1983,WAS,Mike Williams,Mike,Williams,TE,84.0,24,76,249,Alabama A&M,8/27/1959,1,7,0,0.0,1982.0,0,0,0,TE,TE,mike_williams,12.0,0.0,0.0
1983,WAS,Mike Williams,Mike,Williams,TE,84.0,24,76,249,Alabama A&M,8/27/1959,1,7,0,0.0,1982.0,0,0,0,TE,TE,mike_williams,25.0,0.0,0.0
1983,WAS,Mike Williams,Mike,Williams,TE,84.0,24,76,249,Alabama A&M,8/27/1959,1,7,0,0.0,1982.0,0,0,0,TE,TE,mike_williams,38.0,0.0,0.0
1984,ATL,Arthur Cox,Arthur,Cox,TE,88.0,23,75,262,Texas Southern,2/5/1961,1,16,16,3.0,,0,0,0,TE,TE,arthur_cox,0.0,0.0,0.0
1984,ATL,Arthur Cox,Arthur,Cox,TE,88.0,23,75,262,Texas Southern,2/5/1961,1,16,16,3.0,,0,0,0,TE,TE,arthur_cox,0.0,0.0,0.0
1984,ATL,Cliff Benson,Cliff,Benson,TE,87.0,23,76,238,Purdue,8/28/1961,Rook,16,16,2.0,1984.0,0,0,0,TE,TE,cliff_benson,2.0,0.0,0.0
1984,ATL,Cliff Benson,Cliff,Benson,TE,87.0,23,76,238,Purdue,8/28/1961,Rook,16,16,2.0,1984.0,0,0,0,TE,TE,cliff_benson,2.0,0.0,0.0
1984,ATL,Mike Landrum,Mike,Landrum,TE,47.0,23,74,231,Southern Miss,11/6/1961,Rook,15,0,1.0,,0,0,0,TE,TE,mike_landrum,0.0,0.0,0.0
1984,ATL,Mike Landrum,Mike,Landrum,TE,47.0,23,74,231,Southern Miss,11/6/1961,Rook,15,0,1.0,,0,0,0,TE,TE,mike_landrum,0.0,0.0,0.0
1984,BUF,Tony Hunter,Tony,Hunter,TE,87.0,24,76,237,Notre Dame,5/22/1960,1,11,9,2.0,1983.0,0,0,0,TE,TE,tony_hunter,11.0,0.0,0.0
1984,BUF,Tony Hunter,Tony,Hunter,TE,87.0,24,76,237,Notre Dame,5/22/1960,1,11,9,2.0,1983.0,0,0,0,TE,TE,tony_hunter,11.0,0.0,0.0
1984,BUF,Buster Barnett,Buster,Barnett,TE,84.0,26,77,228,Jackson St.,11/24/1958,3,16,7,0.0,1981.0,0,0,0,TE,TE,buster_barnett,2.0,0.0,0.0
1984,BUF,Mark Brammer,Mark,Brammer,TE,86.0,26,75,238,Michigan St.,5/3/1958,4,12,1,0.0,1980.0,0,0,0,TE,TE,mark_brammer,11.0,0.0,0.0
1984,BUF,Ulysses Norris,Ulysses,Norris,TE,49.0,27,76,230,Georgia,1/15/1957,5,14,0,0.0,1979.0,0,0,0,TE,TE,ulysses_norris,5.0,0.0,0.0
1984,BUF,Buster Barnett,Buster,Barnett,TE,84.0,26,77,228,Jackson St.,11/24/1958,3,16,7,0.0,1981.0,0,0,0,TE,TE,buster_barnett,2.0,0.0,0.0
1984,BUF,Mark Brammer,Mark,Brammer,TE,86.0,26,75,238,Michigan St.,5/3/1958,4,12,1,0.0,1980.0,0,0,0,TE,TE,mark_brammer,11.0,0.0,0.0
1984,BUF,Ulysses Norris,Ulysses,Norris,TE,49.0,27,76,230,Georgia,1/15/1957,5,14,0,0.0,1979.0,0,0,0,TE,TE,ulysses_norris,5.0,0.0,0.0
1984,CHI,Emery Moorehead,Emery,Moorehead,TE,87.0,30,74,218,Colorado,3/22/1954,7,16,9,5.0,1977.0,0,0,0,TE,TE,emery_moorehead,26.0,0.0,0.0
1984,CHI,Emery Moorehead,Emery,Moorehead,TE,87.0,30,74,218,Colorado,3/22/1954,7,16,9,5.0,1977.0,0,0,0,TE,TE,emery_moorehead,26.0,0.0,0.0
1984,CHI,Pat Dunsmore,Pat,Dunsmore,TE,88.0,25,75,237,Drake,10/2/1959,1,11,0,1.0,1983.0,0,0,0,TE,TE,pat_dunsmore,2.0,0.0,0.0
1984,CHI,Jay Saldi,Jay,Saldi,TE,81.0,30,75,225,South Carolina,10/8/1954,8,15,7,1.0,,0,0,0,TE,TE,jay_saldi,0.0,0.0,0.0
1984,CHI,Pat Dunsmore,Pat,Dunsmore,TE,88.0,25,75,237,Drake,10/2/1959,1,11,0,1.0,1983.0,0,0,0,TE,TE,pat_dunsmore,2.0,0.0,0.0
1984,CHI,Jay Saldi,Jay,Saldi,TE,81.0,30,75,225,South Carolina,10/8/1954,8,15,7,1.0,,0,0,0,TE,TE,jay_saldi,0.0,0.0,0.0
1984,CHI,Mitch Krenk,Mitch,Krenk,TE,89.0,25,74,225,Nebraska,11/19/1959,Rook,8,0,0.0,,0,0,0,TE,TE,mitch_krenk,0.0,0.0,0.0
1984,CHI,Mitch Krenk,Mitch,Krenk,TE,89.0,25,74,225,Nebraska,11/19/1959,Rook,8,0,0.0,,0,0,0,TE,TE,mitch_krenk,0.0,0.0,0.0
1984,CIN,M.L. Harris,M.L.,Harris,TE,83.0,30,77,238,"Tampa,Kansas St.",1/16/1954,4,16,16,6.0,,0,0,0,TE,TE,m.l._harris,0.0,0.0,0.0
1984,CIN,M.L. Harris,M.L.,Harris,TE,83.0,30,77,238,"Tampa,Kansas St.",1/16/1954,4,16,16,6.0,,0,0,0,TE,TE,m.l._harris,0.0,0.0,0.0
1984,CIN,Rodney Holman,Rodney,Holman,TE,82.0,24,75,238,Tulane,4/20/1960,2,16,2,2.0,1982.0,0,0,0,TE,TE,rodney_holman,40.0,0.0,3.0
1984,CIN,Rodney Holman,Rodney,Holman,TE,82.0,24,75,238,Tulane,4/20/1960,2,16,2,2.0,1982.0,0,0,0,TE,TE,rodney_holman,40.0,0.0,3.0
1984,CIN,Don Kern,Don,Kern,TE,89.0,22,76,228,Arizona St.,8/25/1962,Rook,16,0,0.0,1984.0,0,0,0,TE,TE,don_kern,0.0,0.0,0.0
1984,CIN,Don Kern,Don,Kern,TE,89.0,22,76,228,Arizona St.,8/25/1962,Rook,16,0,0.0,1984.0,0,0,0,TE,TE,don_kern,0.0,0.0,0.0
1984,CIN,Don Kern,Don,Kern,TE,89.0,22,76,228,Arizona St.,8/25/1962,Rook,16,0,0.0,1984.0,0,0,0,TE,TE,don_kern,0.0,0.0,0.0
1984,CIN,Don Kern,Don,Kern,TE,89.0,22,76,228,Arizona St.,8/25/1962,Rook,16,0,0.0,1984.0,0,0,0,TE,TE,don_kern,0.0,0.0,0.0
1984,CLE,Ozzie Newsome,Ozzie,Newsome,TE,82.0,28,74,232,Alabama,3/16/1956,6,16,15,8.0,1978.0,0,0,0,TE,TE,ozzie_newsome,59.0,1.0,3.0
1984,CLE,Ozzie Newsome,Ozzie,Newsome,TE,82.0,28,74,232,Alabama,3/16/1956,6,16,15,8.0,1978.0,0,0,0,TE,TE,ozzie_newsome,59.0,1.0,3.0
1984,CLE,Harry Holt,Harry,Holt,TE,81.0,27,76,236,Arizona,12/29/1957,1,12,8,2.0,,0,0,0,TE,TE,harry_holt,0.0,0.0,0.0
1984,CLE,Harry Holt,Harry,Holt,TE,81.0,27,76,236,Arizona,12/29/1957,1,12,8,2.0,,0,0,0,TE,TE,harry_holt,0.0,0.0,0.0
1984,CLE,Rickey Bolden,Rickey,Bolden,TE,88.0,23,78,274,SMU,9/8/1961,Rook,12,9,0.0,1984.0,0,0,0,TE,TE,rickey_bolden,14.0,0.0,0.0
1984,CLE,Darryl Lewis,Darryl,Lewis,TE,88.0,23,78,232,Texas-Arlington,4/16/1961,Rook,2,0,0.0,1983.0,0,0,0,TE,TE,darryl_lewis,0.0,0.0,0.0
1984,CLE,Tim Stracka,Tim,Stracka,TE,87.0,25,75,225,Wisconsin,9/27/1959,1,6,1,0.0,1983.0,0,0,0,TE,TE,tim_stracka,0.0,0.0,0.0
1984,CLE,Rickey Bolden,Rickey,Bolden,TE,88.0,23,78,274,SMU,9/8/1961,Rook,12,9,0.0,1984.0,0,0,0,TE,TE,rickey_bolden,14.0,0.0,0.0
1984,CLE,Darryl Lewis,Darryl,Lewis,TE,88.0,23,78,232,Texas-Arlington,4/16/1961,Rook,2,0,0.0,1983.0,0,0,0,TE,TE,darryl_lewis,0.0,0.0,0.0
1984,CLE,Tim Stracka,Tim,Stracka,TE,87.0,25,75,225,Wisconsin,9/27/1959,1,6,1,0.0,1983.0,0,0,0,TE,TE,tim_stracka,0.0,0.0,0.0
1984,CLT,Tim Sherwin,Tim,Sherwin,TE,83.0,26,78,243,Boston Col.,5/4/1958,3,16,8,1.0,1981.0,0,0,0,TE,TE,tim_sherwin,8.0,0.0,0.0
1984,CLT,Dave Young,Dave,Young,TE,81.0,25,77,242,Purdue,2/9/1959,3,13,9,1.0,1981.0,0,0,0,TE,TE,dave_young,1.0,0.0,0.0
1984,CLT,Tim Sherwin,Tim,Sherwin,TE,83.0,26,78,243,Boston Col.,5/4/1958,3,16,8,1.0,1981.0,0,0,0,TE,TE,tim_sherwin,8.0,0.0,0.0
1984,CLT,Dave Young,Dave,Young,TE,81.0,25,77,242,Purdue,2/9/1959,3,13,9,1.0,1981.0,0,0,0,TE,TE,dave_young,1.0,0.0,0.0
1984,CLT,Andy Ekern,Andy,Ekern,TE,79.0,23,78,265,Missouri,7/26/1961,Rook,2,0,0.0,1983.0,0,0,0,TE,TE,andy_ekern,0.0,0.0,0.0
1984,CLT,Andy Ekern,Andy,Ekern,TE,79.0,23,78,265,Missouri,7/26/1961,Rook,2,0,0.0,1983.0,0,0,0,TE,TE,andy_ekern,0.0,0.0,0.0
1984,CRD,Doug Marsh,Doug,Marsh,TE,80.0,26,75,236,Michigan,6/18/1958,4,16,16,6.0,1980.0,0,0,0,TE,TE,doug_marsh,17.0,0.0,0.0
1984,CRD,Doug Marsh,Doug,Marsh,TE,80.0,26,75,236,Michigan,6/18/1958,4,16,16,6.0,1980.0,0,0,0,TE,TE,doug_marsh,17.0,0.0,0.0
1984,CRD,Greg LaFleur,Greg,LaFleur,TE,89.0,26,76,236,LSU,9/16/1958,3,16,5,2.0,1981.0,0,0,0,TE,TE,greg_lafleur,6.0,0.0,0.0
1984,CRD,Greg LaFleur,Greg,LaFleur,TE,89.0,26,76,236,LSU,9/16/1958,3,16,5,2.0,1981.0,0,0,0,TE,TE,greg_lafleur,6.0,0.0,0.0
1984,CRD,John Goode,John,Goode,TE,84.0,22,74,233,Youngstown St.,11/5/1962,Rook,16,1,0.0,1984.0,0,0,0,TE,TE,john_goode,0.0,0.0,0.0
1984,CRD,John Goode,John,Goode,TE,84.0,22,74,233,Youngstown St.,11/5/1962,Rook,16,1,0.0,1984.0,0,0,0,TE,TE,john_goode,0.0,0.0,0.0
1984,DAL,Doug Cosbie,Doug,Cosbie,TE,84.0,28,78,236,"Holy Cross,Santa Clara",3/27/1956,5,16,16,5.0,1979.0,0,0,0,TE,TE,doug_cosbie,32.0,0.0,3.0
1984,DAL,Doug Cosbie,Doug,Cosbie,TE,84.0,28,78,236,"Holy Cross,Santa Clara",3/27/1956,5,16,16,5.0,1979.0,0,0,0,TE,TE,doug_cosbie,32.0,0.0,3.0
1984,DAL,Brian Salonen,Brian,Salonen,TE,89.0,23,75,229,Montana,7/29/1961,Rook,16,0,2.0,1984.0,0,0,0,TE,TE,brian_salonen,3.0,0.0,0.0
1984,DAL,Brian Salonen,Brian,Salonen,TE,89.0,23,75,229,Montana,7/29/1961,Rook,16,0,2.0,1984.0,0,0,0,TE,TE,brian_salonen,3.0,0.0,0.0
1984,DAL,Fred Cornwell,Fred,Cornwell,TE,85.0,23,78,236,USC,8/7/1961,Rook,14,1,0.0,1984.0,0,0,0,TE,TE,fred_cornwell,1.0,0.0,0.0
1984,DAL,Fred Cornwell,Fred,Cornwell,TE,85.0,23,78,236,USC,8/7/1961,Rook,14,1,0.0,1984.0,0,0,0,TE,TE,fred_cornwell,1.0,0.0,0.0
1984,DEN,Clarence Kay,Clarence,Kay,TE,88.0,23,74,237,Georgia,7/30/1961,Rook,16,13,1.0,1984.0,0,0,0,TE,TE,clarence_kay,17.0,0.0,0.0
1984,DEN,John Sawyer,John,Sawyer,TE,83.0,31,74,230,Southern Miss,7/26/1953,9,10,8,1.0,1975.0,0,0,0,TE,TE,john_sawyer,14.0,0.0,0.0
1984,DEN,James Wright,James,Wright,TE,87.0,28,75,240,TCU,9/1/1956,6,16,9,1.0,1978.0,0,0,0,TE,TE,james_wright,6.0,0.0,0.0
1984,DEN,James Wright,James,Wright,TE,87.0,28,75,240,TCU,9/1/1956,6,16,9,1.0,1978.0,0,0,0,TE,TE,james_wright,2.0,0.0,0.0
1984,DEN,Clarence Kay,Clarence,Kay,TE,88.0,23,74,237,Georgia,7/30/1961,Rook,16,13,1.0,1984.0,0,0,0,TE,TE,clarence_kay,17.0,0.0,0.0
1984,DEN,John Sawyer,John,Sawyer,TE,83.0,31,74,230,Southern Miss,7/26/1953,9,10,8,1.0,1975.0,0,0,0,TE,TE,john_sawyer,14.0,0.0,0.0
1984,DEN,James Wright,James,Wright,TE,87.0,28,75,240,TCU,9/1/1956,6,16,9,1.0,1978.0,0,0,0,TE,TE,james_wright,6.0,0.0,0.0
1984,DEN,James Wright,James,Wright,TE,87.0,28,75,240,TCU,9/1/1956,6,16,9,1.0,1978.0,0,0,0,TE,TE,james_wright,2.0,0.0,0.0
1984,DEN,Don Summers,Don,Summers,TE,85.0,23,76,230,"Oregon Tech,Boise St.",2/22/1961,Rook,16,1,0.0,,0,0,0,TE,TE,don_summers,0.0,0.0,0.0
1984,DEN,Don Summers,Don,Summers,TE,85.0,23,76,230,"Oregon Tech,Boise St.",2/22/1961,Rook,16,1,0.0,,0,0,0,TE,TE,don_summers,0.0,0.0,0.0
1984,DET,David Lewis,David,Lewis,TE,87.0,23,75,234,California,6/8/1961,Rook,16,7,2.0,1984.0,0,0,0,TE,TE,david_lewis,7.0,0.0,0.0
1984,DET,Rob Rubick,Rob,Rubick,TE,84.0,24,75,232,Grand Valley St.,9/27/1960,2,16,9,2.0,1982.0,0,0,0,TE,TE,rob_rubick,5.0,0.0,0.0
1984,DET,David Lewis,David,Lewis,TE,87.0,23,75,234,California,6/8/1961,Rook,16,7,2.0,1984.0,0,0,0,TE,TE,david_lewis,7.0,0.0,0.0
1984,DET,Rob Rubick,Rob,Rubick,TE,84.0,24,75,232,Grand Valley St.,9/27/1960,2,16,9,2.0,1982.0,0,0,0,TE,TE,rob_rubick,5.0,0.0,0.0
1984,DET,Reese McCall,Reese,McCall,TE,81.0,28,78,239,Auburn,6/16/1956,6,16,5,0.0,1978.0,0,0,0,TE,TE,reese_mccall,10.0,0.0,0.0
1984,DET,Reese McCall,Reese,McCall,TE,81.0,28,78,239,Auburn,6/16/1956,6,16,5,0.0,1978.0,0,0,0,TE,TE,reese_mccall,10.0,0.0,0.0
1984,GNB,Paul Coffman,Paul,Coffman,TE,82.0,28,75,222,Kansas St.,3/29/1956,6,14,13,6.0,,0,0,0,TE,TE,paul_coffman,0.0,0.0,1.0
1984,GNB,Paul Coffman,Paul,Coffman,TE,82.0,28,75,222,Kansas St.,3/29/1956,6,14,13,6.0,,0,0,0,TE,TE,paul_coffman,0.0,0.0,1.0
1984,GNB,Ed West,Ed,West,TE,49.0,23,73,250,Auburn,8/2/1961,Rook,16,0,1.0,,0,0,0,TE,TE,ed_west,0.0,0.0,0.0
1984,GNB,Ed West,Ed,West,TE,49.0,23,73,250,Auburn,8/2/1961,Rook,16,0,1.0,,0,0,0,TE,TE,ed_west,0.0,0.0,0.0
1984,GNB,Henry Childs,Henry,Childs,TE,89.0,33,74,223,Kansas St.,4/16/1951,10,3,2,0.0,1974.0,0,0,0,TE,TE,henry_childs,34.0,0.0,1.0
1984,GNB,Gary Lewis,Gary,Lewis,TE,81.0,26,77,234,Texas-Arlington,12/30/1958,3,3,2,0.0,1981.0,0,0,0,TE,TE,gary_lewis,15.0,0.0,0.0
1984,GNB,Gary Lewis,Gary,Lewis,TE,81.0,26,77,234,Texas-Arlington,12/30/1958,3,3,2,0.0,1981.0,0,0,0,TE,TE,gary_lewis,2.0,0.0,0.0
1984,GNB,Gary Lewis,Gary,Lewis,TE,81.0,26,77,234,Texas-Arlington,12/30/1958,3,3,2,0.0,1981.0,0,0,0,TE,TE,gary_lewis,0.0,0.0,0.0
1984,GNB,Henry Childs,Henry,Childs,TE,89.0,33,74,223,Kansas St.,4/16/1951,10,3,2,0.0,1974.0,0,0,0,TE,TE,henry_childs,34.0,0.0,1.0
1984,GNB,Gary Lewis,Gary,Lewis,TE,81.0,26,77,234,Texas-Arlington,12/30/1958,3,3,2,0.0,1981.0,0,0,0,TE,TE,gary_lewis,15.0,0.0,0.0
1984,GNB,Gary Lewis,Gary,Lewis,TE,81.0,26,77,234,Texas-Arlington,12/30/1958,3,3,2,0.0,1981.0,0,0,0,TE,TE,gary_lewis,2.0,0.0,0.0
1984,GNB,Gary Lewis,Gary,Lewis,TE,81.0,26,77,234,Texas-Arlington,12/30/1958,3,3,2,0.0,1981.0,0,0,0,TE,TE,gary_lewis,0.0,0.0,0.0
1984,KAN,Willie Scott,Willie,Scott,TE,81.0,25,76,245,South Carolina,2/13/1959,3,15,12,2.0,1981.0,0,0,0,TE,TE,willie_scott,6.0,0.0,0.0
1984,KAN,Willie Scott,Willie,Scott,TE,81.0,25,76,245,South Carolina,2/13/1959,3,15,12,2.0,1981.0,0,0,0,TE,TE,willie_scott,6.0,0.0,0.0
1984,KAN,Walt Arnold,Walt,Arnold,TE,87.0,26,75,228,New Mexico,8/31/1958,4,10,4,1.0,,0,0,0,TE,TE,walt_arnold,0.0,0.0,0.0
1984,KAN,Walt Arnold,Walt,Arnold,TE,87.0,26,75,228,New Mexico,8/31/1958,4,10,4,1.0,,0,0,0,TE,TE,walt_arnold,0.0,0.0,0.0
1984,KAN,Ed Beckman,Ed,Beckman,TE,85.0,29,76,229,Florida St.,1/2/1955,7,13,1,0.0,,0,0,0,TE,TE,ed_beckman,0.0,0.0,0.0
1984,KAN,Dave Little,Dave,Little,TE,84.0,23,74,233,Middle Tenn. St.,4/18/1961,Rook,10,1,0.0,,0,0,0,TE,TE,dave_little,0.0,0.0,0.0
1984,KAN,Ed Beckman,Ed,Beckman,TE,85.0,29,76,229,Florida St.,1/2/1955,7,13,1,0.0,,0,0,0,TE,TE,ed_beckman,0.0,0.0,0.0
1984,KAN,Dave Little,Dave,Little,TE,84.0,23,74,233,Middle Tenn. St.,4/18/1961,Rook,10,1,0.0,,0,0,0,TE,TE,dave_little,0.0,0.0,0.0
1984,MIA,Dan Johnson,Dan,Johnson,TE,87.0,24,75,240,Iowa St.,5/17/1960,1,16,16,5.0,1982.0,0,0,0,TE,TE,dan_johnson,10.0,0.0,0.0
1984,MIA,Dan Johnson,Dan,Johnson,TE,87.0,24,75,240,Iowa St.,5/17/1960,1,16,16,5.0,1982.0,0,0,0,TE,TE,dan_johnson,10.0,0.0,0.0
1984,MIA,Bruce Hardy,Bruce,Hardy,TE,84.0,28,77,235,Arizona St.,6/1/1956,6,16,5,3.0,1978.0,0,0,0,TE,TE,bruce_hardy,22.0,0.0,0.0
1984,MIA,Bruce Hardy,Bruce,Hardy,TE,84.0,28,77,235,Arizona St.,6/1/1956,6,16,5,3.0,1978.0,0,0,0,TE,TE,bruce_hardy,22.0,0.0,0.0
1984,MIA,Joe Rose,Joe,Rose,TE,80.0,27,75,228,California,6/24/1957,4,9,0,2.0,1980.0,0,0,0,TE,TE,joe_rose,15.0,0.0,0.0
1984,MIA,Joe Rose,Joe,Rose,TE,80.0,27,75,228,California,6/24/1957,4,9,0,2.0,1980.0,0,0,0,TE,TE,joe_rose,15.0,0.0,0.0
1984,MIA,John Chesley,John,Chesley,TE,86.0,22,77,225,Oklahoma St.,7/2/1962,Rook,1,0,0.0,1984.0,0,0,0,TE,TE,john_chesley,0.0,0.0,0.0
1984,MIA,John Chesley,John,Chesley,TE,86.0,22,77,225,Oklahoma St.,7/2/1962,Rook,1,0,0.0,1984.0,0,0,0,TE,TE,john_chesley,0.0,0.0,0.0
1984,MIN,Steve Jordan,Steve,Jordan,TE,83.0,23,75,236,Brown,1/10/1961,2,14,14,3.0,1982.0,0,0,0,TE,TE,steve_jordan,48.0,0.0,6.0
1984,MIN,Steve Jordan,Steve,Jordan,TE,83.0,23,75,236,Brown,1/10/1961,2,14,14,3.0,1982.0,0,0,0,TE,TE,steve_jordan,48.0,0.0,6.0
1984,MIN,Mike Mularkey,Mike,Mularkey,TE,86.0,23,76,245,Florida,11/19/1961,1,16,2,1.0,1983.0,0,0,0,TE,TE,mike_mularkey,11.0,0.0,0.0
1984,MIN,Joe Senser,Joe,Senser,TE,81.0,28,76,235,West Chester,8/18/1956,4,8,1,1.0,1979.0,0,0,0,TE,TE,joe_senser,16.0,0.0,1.0
1984,MIN,Mike Mularkey,Mike,Mularkey,TE,86.0,23,76,245,Florida,11/19/1961,1,16,2,1.0,1983.0,0,0,0,TE,TE,mike_mularkey,11.0,0.0,0.0
1984,MIN,Joe Senser,Joe,Senser,TE,81.0,28,76,235,West Chester,8/18/1956,4,8,1,1.0,1979.0,0,0,0,TE,TE,joe_senser,16.0,0.0,1.0
1984,MIN,Don Hasselbeck,Don,Hasselbeck,TE,88.0,29,79,245,Colorado,4/1/1955,7,16,0,0.0,1977.0,0,0,0,TE,TE,don_hasselbeck,16.0,0.0,0.0
1984,MIN,Don Hasselbeck,Don,Hasselbeck,TE,88.0,29,79,245,Colorado,4/1/1955,7,16,0,0.0,1977.0,0,0,0,TE,TE,don_hasselbeck,16.0,0.0,0.0
1984,NOR,Hoby Brenner,Hoby,Brenner,TE,85.0,25,76,240,USC,6/2/1959,3,16,16,5.0,1981.0,0,0,0,TE,TE,hoby_brenner,31.0,0.0,1.0
1984,NOR,Hoby Brenner,Hoby,Brenner,TE,85.0,25,76,240,USC,6/2/1959,3,16,16,5.0,1981.0,0,0,0,TE,TE,hoby_brenner,31.0,0.0,1.0
1984,NOR,Junior Miller,Junior,Miller,TE,84.0,27,76,239,Nebraska,11/26/1957,4,15,0,1.0,1980.0,0,0,0,TE,TE,junior_miller,14.0,0.0,2.0
1984,NOR,Junior Miller,Junior,Miller,TE,84.0,27,76,239,Nebraska,11/26/1957,4,15,0,1.0,1980.0,0,0,0,TE,TE,junior_miller,14.0,0.0,2.0
1984,NOR,Larry Hardy,Larry,Hardy,TE,87.0,28,75,234,Jackson St.,7/9/1956,6,6,0,0.0,1978.0,0,0,0,TE,TE,larry_hardy,7.0,0.0,0.0
1984,NOR,John Tice,John,Tice,TE,82.0,24,77,242,Maryland,6/22/1960,1,10,0,0.0,1983.0,0,0,0,TE,TE,john_tice,12.0,0.0,0.0
1984,NOR,Larry Hardy,Larry,Hardy,TE,87.0,28,75,234,Jackson St.,7/9/1956,6,6,0,0.0,1978.0,0,0,0,TE,TE,larry_hardy,7.0,0.0,0.0
1984,NOR,John Tice,John,Tice,TE,82.0,24,77,242,Maryland,6/22/1960,1,10,0,0.0,1983.0,0,0,0,TE,TE,john_tice,12.0,0.0,0.0
1984,NWE,Derrick Ramsey,Derrick,Ramsey,TE,88.0,28,76,230,Kentucky,12/23/1956,6,16,13,7.0,1978.0,0,0,0,TE,TE,derrick_ramsey,18.0,0.0,0.0
1984,NWE,Derrick Ramsey,Derrick,Ramsey,TE,88.0,28,76,230,Kentucky,12/23/1956,6,16,13,7.0,1978.0,0,0,0,TE,TE,derrick_ramsey,18.0,0.0,0.0
1984,NWE,Lin Dawson,Lin,Dawson,TE,87.0,25,75,240,North Carolina St.,6/24/1959,3,16,15,4.0,1981.0,0,0,0,TE,TE,lin_dawson,12.0,0.0,0.0
1984,NWE,Lin Dawson,Lin,Dawson,TE,87.0,25,75,240,North Carolina St.,6/24/1959,3,16,15,4.0,1981.0,0,0,0,TE,TE,lin_dawson,12.0,0.0,0.0
1984,NWE,Bo Robinson,Bo,Robinson,TE,41.0,28,74,228,West Texas A&M,5/27/1956,5,16,1,0.0,1979.0,0,0,0,TE,TE,bo_robinson,6.0,0.0,0.0
1984,NWE,Bo Robinson,Bo,Robinson,TE,41.0,28,74,228,West Texas A&M,5/27/1956,5,16,1,0.0,1979.0,0,0,0,TE,TE,bo_robinson,6.0,0.0,0.0
1984,NYG,Zeke Mowatt,Zeke,Mowatt,TE,84.0,23,75,238,Florida St.,3/5/1961,1,16,16,5.0,,0,0,0,TE,TE,zeke_mowatt,0.0,0.0,0.0
1984,NYG,Zeke Mowatt,Zeke,Mowatt,TE,84.0,23,75,238,Florida St.,3/5/1961,1,16,16,5.0,,0,0,0,TE,TE,zeke_mowatt,0.0,0.0,0.0
1984,NYG,Tom Mullady,Tom,Mullady,TE,81.0,27,75,232,Rhodes,1/30/1957,5,16,0,0.0,1979.0,0,0,0,TE,TE,tom_mullady,9.0,0.0,0.0
1984,NYG,Tom Mullady,Tom,Mullady,TE,81.0,27,75,232,Rhodes,1/30/1957,5,16,0,0.0,1979.0,0,0,0,TE,TE,tom_mullady,9.0,0.0,0.0
1984,NYJ,Mickey Shuler,Mickey,Shuler,TE,82.0,28,75,232,Penn St.,8/21/1956,6,16,16,8.0,1978.0,0,0,0,TE,TE,mickey_shuler,42.0,0.0,2.0
1984,NYJ,Mickey Shuler,Mickey,Shuler,TE,82.0,28,75,232,Penn St.,8/21/1956,6,16,16,8.0,1978.0,0,0,0,TE,TE,mickey_shuler,0.0,0.0,0.0
1984,NYJ,Mickey Shuler,Mickey,Shuler,TE,82.0,28,75,232,Penn St.,8/21/1956,6,16,16,8.0,1978.0,0,0,0,TE,TE,mickey_shuler,42.0,0.0,2.0
1984,NYJ,Mickey Shuler,Mickey,Shuler,TE,82.0,28,75,232,Penn St.,8/21/1956,6,16,16,8.0,1978.0,0,0,0,TE,TE,mickey_shuler,0.0,0.0,0.0
1984,NYJ,Glenn Dennison,Glenn,Dennison,TE,86.0,23,75,225,Miami (FL),11/17/1961,Rook,16,9,1.0,1984.0,0,0,0,TE,TE,glenn_dennison,1.0,0.0,0.0
1984,NYJ,Glenn Dennison,Glenn,Dennison,TE,86.0,23,75,225,Miami (FL),11/17/1961,Rook,16,9,1.0,1984.0,0,0,0,TE,TE,glenn_dennison,1.0,0.0,0.0
1984,NYJ,Rocky Klever,Rocky,Klever,TE,89.0,25,75,225,Montana,7/10/1959,1,16,2,0.0,1982.0,0,0,0,TE,TE,rocky_klever,4.0,0.0,0.0
1984,NYJ,Rocky Klever,Rocky,Klever,TE,89.0,25,75,225,Montana,7/10/1959,1,16,2,0.0,1982.0,0,0,0,TE,TE,rocky_klever,4.0,0.0,0.0
1984,OTI,Jamie Williams,Jamie,Williams,TE,87.0,24,76,240,Nebraska,2/25/1960,1,16,16,4.0,1983.0,0,0,0,TE,TE,jamie_williams,16.0,0.0,0.0
1984,OTI,Jamie Williams,Jamie,Williams,TE,87.0,24,76,240,Nebraska,2/25/1960,1,16,16,4.0,1983.0,0,0,0,TE,TE,jamie_williams,16.0,0.0,0.0
1984,OTI,Jamie Williams,Jamie,Williams,TE,87.0,24,76,240,Nebraska,2/25/1960,1,16,16,4.0,1983.0,0,0,0,TE,TE,jamie_williams,16.0,0.0,0.0
1984,OTI,Jamie Williams,Jamie,Williams,TE,87.0,24,76,240,Nebraska,2/25/1960,1,16,16,4.0,1983.0,0,0,0,TE,TE,jamie_williams,16.0,0.0,0.0
1984,OTI,Chris Dressel,Chris,Dressel,TE,88.0,23,76,238,Stanford,2/7/1961,1,16,16,3.0,1983.0,0,0,0,TE,TE,chris_dressel,8.0,0.0,0.0
1984,OTI,Chris Dressel,Chris,Dressel,TE,88.0,23,76,238,Stanford,2/7/1961,1,16,16,3.0,1983.0,0,0,0,TE,TE,chris_dressel,8.0,0.0,0.0
1984,OTI,Chris Dressel,Chris,Dressel,TE,88.0,23,76,238,Stanford,2/7/1961,1,16,16,3.0,1983.0,0,0,0,TE,TE,chris_dressel,8.0,0.0,0.0
1984,OTI,Chris Dressel,Chris,Dressel,TE,88.0,23,76,238,Stanford,2/7/1961,1,16,16,3.0,1983.0,0,0,0,TE,TE,chris_dressel,8.0,0.0,0.0
1984,OTI,Mike McCloskey,Mike,McCloskey,TE,89.0,23,77,244,Penn St.,2/2/1961,1,15,0,1.0,1983.0,0,0,0,TE,TE,mike_mccloskey,2.0,0.0,0.0
1984,OTI,Mike McCloskey,Mike,McCloskey,TE,89.0,23,77,244,Penn St.,2/2/1961,1,15,0,1.0,1983.0,0,0,0,TE,TE,mike_mccloskey,2.0,0.0,0.0
1984,OTI,Mike McCloskey,Mike,McCloskey,TE,89.0,23,77,244,Penn St.,2/2/1961,1,15,0,1.0,1983.0,0,0,0,TE,TE,mike_mccloskey,2.0,0.0,0.0
1984,OTI,Mike McCloskey,Mike,McCloskey,TE,89.0,23,77,244,Penn St.,2/2/1961,1,15,0,1.0,1983.0,0,0,0,TE,TE,mike_mccloskey,2.0,0.0,0.0
1984,PHI,John Spagnola,John,Spagnola,TE,88.0,27,76,240,Yale,8/1/1957,5,16,16,5.0,1979.0,0,0,0,TE,TE,john_spagnola,23.0,0.0,0.0
1984,PHI,John Spagnola,John,Spagnola,TE,88.0,27,76,240,Yale,8/1/1957,5,16,16,5.0,1979.0,0,0,0,TE,TE,john_spagnola,23.0,0.0,0.0
1984,PHI,Vyto Kab,Vyto,Kab,TE,84.0,25,77,243,Penn St.,12/23/1959,2,16,3,1.0,1982.0,0,0,0,TE,TE,vyto_kab,4.0,0.0,0.0
1984,PHI,Vyto Kab,Vyto,Kab,TE,84.0,25,77,243,Penn St.,12/23/1959,2,16,3,1.0,1982.0,0,0,0,TE,TE,vyto_kab,4.0,0.0,0.0
1984,PHI,Lawrence Sampleton,Lawrence,Sampleton,TE,87.0,25,77,233,Texas,9/25/1959,2,16,0,0.0,1982.0,0,0,0,TE,TE,lawrence_sampleton,1.0,0.0,0.0
1984,PHI,Lawrence Sampleton,Lawrence,Sampleton,TE,87.0,25,77,233,Texas,9/25/1959,2,16,0,0.0,1982.0,0,0,0,TE,TE,lawrence_sampleton,1.0,0.0,0.0
1984,PIT,Bennie Cunningham,Bennie,Cunningham,TE,89.0,30,77,254,Clemson,12/23/1954,8,7,4,1.0,1976.0,0,0,0,TE,TE,bennie_cunningham,30.0,0.0,0.0
1984,PIT,Chris Kolodziejski,Chris,Kolodziejski,TE,84.0,23,75,231,Wyoming,2/5/1961,Rook,7,3,1.0,1984.0,0,0,0,TE,TE,chris_kolodziejski,1.0,0.0,0.0
1984,PIT,Bennie Cunningham,Bennie,Cunningham,TE,89.0,30,77,254,Clemson,12/23/1954,8,7,4,1.0,1976.0,0,0,0,TE,TE,bennie_cunningham,30.0,0.0,0.0
1984,PIT,Chris Kolodziejski,Chris,Kolodziejski,TE,84.0,23,75,231,Wyoming,2/5/1961,Rook,7,3,1.0,1984.0,0,0,0,TE,TE,chris_kolodziejski,1.0,0.0,0.0
1984,PIT,Darrell Nelson,Darrell,Nelson,TE,81.0,23,74,235,Memphis,10/27/1961,Rook,11,9,0.0,,0,0,0,TE,TE,darrell_nelson,0.0,0.0,0.0
1984,PIT,John Rodgers,John,Rodgers,TE,88.0,24,74,220,Louisiana Tech,2/7/1960,2,6,0,0.0,,0,0,0,TE,TE,john_rodgers,0.0,0.0,0.0
1984,PIT,Darrell Nelson,Darrell,Nelson,TE,81.0,23,74,235,Memphis,10/27/1961,Rook,11,9,0.0,,0,0,0,TE,TE,darrell_nelson,0.0,0.0,0.0
1984,PIT,John Rodgers,John,Rodgers,TE,88.0,24,74,220,Louisiana Tech,2/7/1960,2,6,0,0.0,,0,0,0,TE,TE,john_rodgers,0.0,0.0,0.0
1984,RAI,Todd Christensen,Todd,Christensen,TE,46.0,28,75,230,BYU,8/3/1956,5,16,16,8.0,1978.0,0,0,0,TE,TE,todd_christensen,50.0,2.0,5.0
1984,RAI,Todd Christensen,Todd,Christensen,TE,46.0,28,75,230,BYU,8/3/1956,5,16,16,8.0,1978.0,0,0,0,TE,TE,todd_christensen,50.0,2.0,5.0
1984,RAI,Dave Casper,Dave,Casper,TE,87.0,32,76,240,Notre Dame,2/2/1952,10,7,0,0.0,1974.0,0,0,0,TE,TE,dave_casper,52.0,4.0,5.0
1984,RAI,Derrick Jensen,Derrick,Jensen,TE,31.0,28,73,221,Texas-Arlington,4/27/1956,5,16,0,0.0,1978.0,0,0,0,TE,TE,derrick_jensen,8.0,0.0,0.0
1984,RAI,Andy Parker,Andy,Parker,TE,81.0,23,77,244,Utah,9/8/1961,Rook,9,0,0.0,1984.0,0,0,0,TE,TE,andy_parker,0.0,0.0,0.0
1984,RAI,Dave Casper,Dave,Casper,TE,87.0,32,76,240,Notre Dame,2/2/1952,10,7,0,0.0,1974.0,0,0,0,TE,TE,dave_casper,52.0,4.0,5.0
1984,RAI,Derrick Jensen,Derrick,Jensen,TE,31.0,28,73,221,Texas-Arlington,4/27/1956,5,16,0,0.0,1978.0,0,0,0,TE,TE,derrick_jensen,8.0,0.0,0.0
1984,RAI,Andy Parker,Andy,Parker,TE,81.0,23,77,244,Utah,9/8/1961,Rook,9,0,0.0,1984.0,0,0,0,TE,TE,andy_parker,0.0,0.0,0.0
1984,RAM,David Hill,David,Hill,TE,81.0,30,74,229,Texas A&M-Kingsville,1/1/1954,8,16,16,3.0,1976.0,0,0,0,TE,TE,david_hill,34.0,0.0,2.0
1984,RAM,David Hill,David,Hill,TE,81.0,30,74,229,Texas A&M-Kingsville,1/1/1954,8,16,16,3.0,1976.0,0,0,0,TE,TE,david_hill,34.0,0.0,2.0
1984,RAM,James McDonald,James,McDonald,TE,83.0,23,77,234,USC,3/29/1961,1,16,1,1.0,,0,0,0,TE,TE,james_mcdonald,0.0,0.0,0.0
1984,RAM,James McDonald,James,McDonald,TE,83.0,23,77,234,USC,3/29/1961,1,16,1,1.0,,0,0,0,TE,TE,james_mcdonald,0.0,0.0,0.0
1984,RAM,Mike Barber,Mike,Barber,TE,86.0,31,75,235,Louisiana Tech,6/4/1953,8,11,2,0.0,1976.0,0,0,0,TE,TE,mike_barber,27.0,0.0,0.0
1984,RAM,Mike Barber,Mike,Barber,TE,86.0,31,75,235,Louisiana Tech,6/4/1953,8,11,2,0.0,1976.0,0,0,0,TE,TE,mike_barber,0.0,0.0,0.0
1984,RAM,Chris Faulkner,Chris,Faulkner,TE,88.0,24,76,255,Florida,4/13/1960,Rook,8,0,0.0,1983.0,0,0,0,TE,TE,chris_faulkner,0.0,0.0,0.0
1984,RAM,Mike Barber,Mike,Barber,TE,86.0,31,75,235,Louisiana Tech,6/4/1953,8,11,2,0.0,1976.0,0,0,0,TE,TE,mike_barber,27.0,0.0,0.0
1984,RAM,Mike Barber,Mike,Barber,TE,86.0,31,75,235,Louisiana Tech,6/4/1953,8,11,2,0.0,1976.0,0,0,0,TE,TE,mike_barber,0.0,0.0,0.0
1984,RAM,Chris Faulkner,Chris,Faulkner,TE,88.0,24,76,255,Florida,4/13/1960,Rook,8,0,0.0,1983.0,0,0,0,TE,TE,chris_faulkner,0.0,0.0,0.0
1984,SDG,Pete Holohan,Pete,Holohan,TE,88.0,25,76,237,Notre Dame,7/25/1959,3,15,4,6.0,1981.0,0,0,0,TE,TE,pete_holohan,29.0,0.0,0.0
1984,SDG,Kellen Winslow,Kellen,Winslow,TE,80.0,27,77,251,Missouri,11/5/1957,5,7,7,6.0,1979.0,0,0,0,TE,TE,kellen_winslow,63.0,3.0,5.0
1984,SDG,Kellen Winslow,Kellen,Winslow,TE,80.0,27,77,251,Missouri,11/5/1957,5,7,7,6.0,1979.0,0,0,0,TE,TE,kellen_winslow,37.0,0.0,1.0
1984,SDG,Pete Holohan,Pete,Holohan,TE,88.0,25,76,237,Notre Dame,7/25/1959,3,15,4,6.0,1981.0,0,0,0,TE,TE,pete_holohan,29.0,0.0,0.0
1984,SDG,Kellen Winslow,Kellen,Winslow,TE,80.0,27,77,251,Missouri,11/5/1957,5,7,7,6.0,1979.0,0,0,0,TE,TE,kellen_winslow,63.0,3.0,5.0
1984,SDG,Kellen Winslow,Kellen,Winslow,TE,80.0,27,77,251,Missouri,11/5/1957,5,7,7,6.0,1979.0,0,0,0,TE,TE,kellen_winslow,37.0,0.0,1.0
1984,SDG,Eric Sievers,Eric,Sievers,TE,85.0,27,76,236,Maryland,11/9/1957,3,14,13,4.0,1981.0,0,0,0,TE,TE,eric_sievers,21.0,0.0,0.0
1984,SDG,Eric Sievers,Eric,Sievers,TE,85.0,27,76,236,Maryland,11/9/1957,3,14,13,4.0,1981.0,0,0,0,TE,TE,eric_sievers,21.0,0.0,0.0
1984,SDG,Ron Egloff,Ron,Egloff,TE,84.0,29,77,230,Wisconsin,10/3/1955,7,12,4,1.0,,0,0,0,TE,TE,ron_egloff,0.0,0.0,0.0
1984,SDG,Ron Egloff,Ron,Egloff,TE,84.0,29,77,230,Wisconsin,10/3/1955,7,12,4,1.0,,0,0,0,TE,TE,ron_egloff,0.0,0.0,0.0
1984,SDG,Bobby Micho,Bobby,Micho,TE,83.0,22,75,236,Texas,3/7/1962,Rook,6,0,0.0,1984.0,0,0,0,TE,TE,bobby_micho,3.0,0.0,0.0
1984,SDG,Bobby Micho,Bobby,Micho,TE,83.0,22,75,236,Texas,3/7/1962,Rook,6,0,0.0,1984.0,0,0,0,TE,TE,bobby_micho,3.0,0.0,0.0
1984,SEA,Charle Young,Charle,Young,TE,87.0,33,76,234,USC,2/5/1951,11,15,13,3.0,1973.0,0,0,0,TE,TE,charle_young,47.0,1.0,3.0
1984,SEA,Charle Young,Charle,Young,TE,87.0,33,76,234,USC,2/5/1951,11,15,13,3.0,1973.0,0,0,0,TE,TE,charle_young,47.0,1.0,3.0
1984,SEA,Pete Metzelaars,Pete,Metzelaars,TE,88.0,24,79,254,Wabash,5/24/1960,2,9,4,1.0,1982.0,0,0,0,TE,TE,pete_metzelaars,28.0,0.0,0.0
1984,SEA,Mike Tice,Mike,Tice,TE,86.0,25,79,253,Maryland,2/2/1959,3,16,8,1.0,,0,0,0,TE,TE,mike_tice,0.0,0.0,0.0
1984,SEA,Pete Metzelaars,Pete,Metzelaars,TE,88.0,24,79,254,Wabash,5/24/1960,2,9,4,1.0,1982.0,0,0,0,TE,TE,pete_metzelaars,28.0,0.0,0.0
1984,SEA,Mike Tice,Mike,Tice,TE,86.0,25,79,253,Maryland,2/2/1959,3,16,8,1.0,,0,0,0,TE,TE,mike_tice,0.0,0.0,0.0
1984,SFO,Earl Cooper,Earl,Cooper,TE,89.0,27,74,227,Rice,9/17/1957,4,16,8,5.0,1980.0,0,0,0,TE,TE,earl_cooper,25.0,0.0,0.0
1984,SFO,Earl Cooper,Earl,Cooper,TE,89.0,27,74,227,Rice,9/17/1957,4,16,8,5.0,1980.0,0,0,0,TE,TE,earl_cooper,25.0,0.0,0.0
1984,SFO,Russ Francis,Russ,Francis,TE,81.0,31,78,240,Oregon,4/3/1953,9,10,8,3.0,1975.0,0,0,0,TE,TE,russ_francis,46.0,0.0,3.0
1984,SFO,Russ Francis,Russ,Francis,TE,81.0,31,78,240,Oregon,4/3/1953,9,10,8,3.0,1975.0,0,0,0,TE,TE,russ_francis,46.0,0.0,3.0
1984,SFO,John Frank,John,Frank,TE,86.0,22,75,225,Ohio St.,4/17/1962,Rook,15,2,1.0,1984.0,0,0,0,TE,TE,john_frank,8.0,0.0,0.0
1984,SFO,John Frank,John,Frank,TE,86.0,22,75,225,Ohio St.,4/17/1962,Rook,15,2,1.0,1984.0,0,0,0,TE,TE,john_frank,0.0,0.0,0.0
1984,SFO,John Frank,John,Frank,TE,86.0,22,75,225,Ohio St.,4/17/1962,Rook,15,2,1.0,1984.0,0,0,0,TE,TE,john_frank,8.0,0.0,0.0
1984,SFO,John Frank,John,Frank,TE,86.0,22,75,225,Ohio St.,4/17/1962,Rook,15,2,1.0,1984.0,0,0,0,TE,TE,john_frank,0.0,0.0,0.0
1984,SFO,Al Dixon,Al,Dixon,TE,84.0,30,77,230,Iowa St.,4/5/1954,7,2,0,0.0,1977.0,0,0,0,TE,TE,al_dixon,13.0,0.0,0.0
1984,SFO,Al Dixon,Al,Dixon,TE,84.0,30,77,230,Iowa St.,4/5/1954,7,2,0,0.0,1977.0,0,0,0,TE,TE,al_dixon,13.0,0.0,0.0
1984,TAM,Jerry Bell,Jerry,Bell,TE,82.0,25,77,230,Arizona St.,3/7/1959,2,16,11,4.0,1982.0,0,0,0,TE,TE,jerry_bell,10.0,0.0,0.0
1984,TAM,Jerry Bell,Jerry,Bell,TE,82.0,25,77,230,Arizona St.,3/7/1959,2,16,11,4.0,1982.0,0,0,0,TE,TE,jerry_bell,10.0,0.0,0.0
1984,TAM,Jimmie Giles,Jimmie,Giles,TE,88.0,30,75,239,Alcorn St.,11/8/1954,7,14,14,3.0,1977.0,0,0,0,TE,TE,jimmie_giles,40.0,0.0,4.0
1984,TAM,Jimmie Giles,Jimmie,Giles,TE,88.0,30,75,239,Alcorn St.,11/8/1954,7,14,14,3.0,1977.0,0,0,0,TE,TE,jimmie_giles,40.0,0.0,4.0
1984,TAM,Jay Carroll,Jay,Carroll,TE,86.0,23,76,230,Minnesota,11/8/1961,Rook,16,2,0.0,1984.0,0,0,0,TE,TE,jay_carroll,0.0,0.0,0.0
1984,TAM,Mark Witte,Mark,Witte,TE,85.0,25,75,236,North Texas,12/3/1959,1,16,0,0.0,1983.0,0,0,0,TE,TE,mark_witte,0.0,0.0,0.0
1984,TAM,Jay Carroll,Jay,Carroll,TE,86.0,23,76,230,Minnesota,11/8/1961,Rook,16,2,0.0,1984.0,0,0,0,TE,TE,jay_carroll,0.0,0.0,0.0
1984,TAM,Mark Witte,Mark,Witte,TE,85.0,25,75,236,North Texas,12/3/1959,1,16,0,0.0,1983.0,0,0,0,TE,TE,mark_witte,0.0,0.0,0.0
1984,WAS,Clint Didier,Clint,Didier,TE,86.0,25,77,240,Portland St.,4/4/1959,2,11,2,4.0,1981.0,0,0,0,TE,TE,clint_didier,18.0,0.0,0.0
1984,WAS,Clint Didier,Clint,Didier,TE,86.0,25,77,240,Portland St.,4/4/1959,2,11,2,4.0,1981.0,0,0,0,TE,TE,clint_didier,18.0,0.0,0.0
1984,WAS,Don Warren,Don,Warren,TE,85.0,28,76,242,San Diego St.,5/5/1956,5,16,16,2.0,1979.0,0,0,0,TE,TE,don_warren,22.0,0.0,0.0
1984,WAS,Don Warren,Don,Warren,TE,85.0,28,76,242,San Diego St.,5/5/1956,5,16,16,2.0,1979.0,0,0,0,TE,TE,don_warren,22.0,0.0,0.0
1984,WAS,Rick Walker,Rick,Walker,TE,88.0,29,76,235,UCLA,5/28/1955,7,16,14,1.0,1977.0,0,0,0,TE,TE,rick_walker,7.0,0.0,0.0
1984,WAS,Rick Walker,Rick,Walker,TE,88.0,29,76,235,UCLA,5/28/1955,7,16,14,1.0,1977.0,0,0,0,TE,TE,rick_walker,7.0,0.0,0.0
1984,WAS,Walt Arnold,Walt,Arnold,TE,84.0,26,75,228,New Mexico,8/31/1958,4,4,0,0.0,,0,0,0,TE,TE,walt_arnold,0.0,0.0,0.0
1984,WAS,Anthony Jones,Anthony,Jones,TE,82.0,24,75,248,"MD-Eastern Shore,Wichita St.",5/16/1960,Rook,16,0,0.0,1984.0,0,0,0,TE,TE,anthony_jones,0.0,0.0,0.0
1984,WAS,Mike Williams,Mike,Williams,TE,84.0,25,76,249,Alabama A&M,8/27/1959,2,1,0,0.0,1982.0,0,0,0,TE,TE,mike_williams,0.0,0.0,0.0
1984,WAS,Mike Williams,Mike,Williams,TE,84.0,25,76,249,Alabama A&M,8/27/1959,2,1,0,0.0,1982.0,0,0,0,TE,TE,mike_williams,38.0,0.0,0.0
1984,WAS,Mike Williams,Mike,Williams,TE,84.0,25,76,249,Alabama A&M,8/27/1959,2,1,0,0.0,1982.0,0,0,0,TE,TE,mike_williams,0.0,0.0,0.0
1984,WAS,Mike Williams,Mike,Williams,TE,84.0,25,76,249,Alabama A&M,8/27/1959,2,1,0,0.0,1982.0,0,0,0,TE,TE,mike_williams,0.0,0.0,0.0
1984,WAS,Mike Williams,Mike,Williams,TE,84.0,25,76,249,Alabama A&M,8/27/1959,2,1,0,0.0,1982.0,0,0,0,TE,TE,mike_williams,3.0,0.0,0.0
1984,WAS,Mike Williams,Mike,Williams,TE,84.0,25,76,249,Alabama A&M,8/27/1959,2,1,0,0.0,1982.0,0,0,0,TE,TE,mike_williams,0.0,0.0,0.0
1984,WAS,Mike Williams,Mike,Williams,TE,84.0,25,76,249,Alabama A&M,8/27/1959,2,1,0,0.0,1982.0,0,0,0,TE,TE,mike_williams,0.0,0.0,0.0
1984,WAS,Mike Williams,Mike,Williams,TE,84.0,25,76,249,Alabama A&M,8/27/1959,2,1,0,0.0,1982.0,0,0,0,TE,TE,mike_williams,2.0,0.0,0.0
1984,WAS,Mike Williams,Mike,Williams,TE,84.0,25,76,249,Alabama A&M,8/27/1959,2,1,0,0.0,1982.0,0,0,0,TE,TE,mike_williams,24.0,0.0,0.0
1984,WAS,Mike Williams,Mike,Williams,TE,84.0,25,76,249,Alabama A&M,8/27/1959,2,1,0,0.0,1982.0,0,0,0,TE,TE,mike_williams,12.0,0.0,0.0
1984,WAS,Mike Williams,Mike,Williams,TE,84.0,25,76,249,Alabama A&M,8/27/1959,2,1,0,0.0,1982.0,0,0,0,TE,TE,mike_williams,25.0,0.0,0.0
1984,WAS,Mike Williams,Mike,Williams,TE,84.0,25,76,249,Alabama A&M,8/27/1959,2,1,0,0.0,1982.0,0,0,0,TE,TE,mike_williams,38.0,0.0,0.0
1984,WAS,Walt Arnold,Walt,Arnold,TE,84.0,26,75,228,New Mexico,8/31/1958,4,4,0,0.0,,0,0,0,TE,TE,walt_arnold,0.0,0.0,0.0
1984,WAS,Anthony Jones,Anthony,Jones,TE,82.0,24,75,248,"MD-Eastern Shore,Wichita St.",5/16/1960,Rook,16,0,0.0,1984.0,0,0,0,TE,TE,anthony_jones,0.0,0.0,0.0
1984,WAS,Mike Williams,Mike,Williams,TE,84.0,25,76,249,Alabama A&M,8/27/1959,2,1,0,0.0,1982.0,0,0,0,TE,TE,mike_williams,0.0,0.0,0.0
1984,WAS,Mike Williams,Mike,Williams,TE,84.0,25,76,249,Alabama A&M,8/27/1959,2,1,0,0.0,1982.0,0,0,0,TE,TE,mike_williams,38.0,0.0,0.0
1984,WAS,Mike Williams,Mike,Williams,TE,84.0,25,76,249,Alabama A&M,8/27/1959,2,1,0,0.0,1982.0,0,0,0,TE,TE,mike_williams,0.0,0.0,0.0
1984,WAS,Mike Williams,Mike,Williams,TE,84.0,25,76,249,Alabama A&M,8/27/1959,2,1,0,0.0,1982.0,0,0,0,TE,TE,mike_williams,0.0,0.0,0.0
1984,WAS,Mike Williams,Mike,Williams,TE,84.0,25,76,249,Alabama A&M,8/27/1959,2,1,0,0.0,1982.0,0,0,0,TE,TE,mike_williams,3.0,0.0,0.0
1984,WAS,Mike Williams,Mike,Williams,TE,84.0,25,76,249,Alabama A&M,8/27/1959,2,1,0,0.0,1982.0,0,0,0,TE,TE,mike_williams,0.0,0.0,0.0
1984,WAS,Mike Williams,Mike,Williams,TE,84.0,25,76,249,Alabama A&M,8/27/1959,2,1,0,0.0,1982.0,0,0,0,TE,TE,mike_williams,0.0,0.0,0.0
1984,WAS,Mike Williams,Mike,Williams,TE,84.0,25,76,249,Alabama A&M,8/27/1959,2,1,0,0.0,1982.0,0,0,0,TE,TE,mike_williams,2.0,0.0,0.0
1984,WAS,Mike Williams,Mike,Williams,TE,84.0,25,76,249,Alabama A&M,8/27/1959,2,1,0,0.0,1982.0,0,0,0,TE,TE,mike_williams,24.0,0.0,0.0
1984,WAS,Mike Williams,Mike,Williams,TE,84.0,25,76,249,Alabama A&M,8/27/1959,2,1,0,0.0,1982.0,0,0,0,TE,TE,mike_williams,12.0,0.0,0.0
1984,WAS,Mike Williams,Mike,Williams,TE,84.0,25,76,249,Alabama A&M,8/27/1959,2,1,0,0.0,1982.0,0,0,0,TE,TE,mike_williams,25.0,0.0,0.0
1984,WAS,Mike Williams,Mike,Williams,TE,84.0,25,76,249,Alabama A&M,8/27/1959,2,1,0,0.0,1982.0,0,0,0,TE,TE,mike_williams,38.0,0.0,0.0
1985,ATL,Arthur Cox,Arthur,Cox,TE,88.0,24,75,262,Texas Southern,2/5/1961,2,16,16,4.0,,0,0,0,TE,TE,arthur_cox,0.0,0.0,0.0
1985,ATL,Arthur Cox,Arthur,Cox,TE,88.0,24,75,262,Texas Southern,2/5/1961,2,16,16,4.0,,0,0,0,TE,TE,arthur_cox,0.0,0.0,0.0
1985,ATL,Cliff Benson,Cliff,Benson,TE,87.0,24,76,238,Purdue,8/28/1961,1,16,14,0.0,1984.0,0,0,0,TE,TE,cliff_benson,2.0,0.0,0.0
1985,ATL,Allama Matthews,Allama,Matthews,TE,49.0,24,75,230,Vanderbilt,8/24/1961,2,15,2,0.0,1983.0,0,0,0,TE,TE,allama_matthews,0.0,0.0,0.0
1985,ATL,Ken Whisenhunt,Ken,Whisenhunt,TE,45.0,23,75,237,Georgia Tech,2/28/1962,Rook,16,0,0.0,1985.0,0,0,0,TE,TE,ken_whisenhunt,3.0,0.0,0.0
1985,ATL,Cliff Benson,Cliff,Benson,TE,87.0,24,76,238,Purdue,8/28/1961,1,16,14,0.0,1984.0,0,0,0,TE,TE,cliff_benson,2.0,0.0,0.0
1985,ATL,Allama Matthews,Allama,Matthews,TE,49.0,24,75,230,Vanderbilt,8/24/1961,2,15,2,0.0,1983.0,0,0,0,TE,TE,allama_matthews,0.0,0.0,0.0
1985,ATL,Ken Whisenhunt,Ken,Whisenhunt,TE,45.0,23,75,237,Georgia Tech,2/28/1962,Rook,16,0,0.0,1985.0,0,0,0,TE,TE,ken_whisenhunt,3.0,0.0,0.0
1985,BUF,Eason Ramson,Eason,Ramson,TE,87.0,29,74,232,Washington St.,4/30/1956,7,16,12,2.0,1978.0,0,0,0,TE,TE,eason_ramson,7.0,0.0,0.0
1985,BUF,Eason Ramson,Eason,Ramson,TE,87.0,29,74,232,Washington St.,4/30/1956,7,16,12,2.0,1978.0,0,0,0,TE,TE,eason_ramson,7.0,0.0,0.0
1985,BUF,Pete Metzelaars,Pete,Metzelaars,TE,88.0,25,79,254,Wabash,5/24/1960,3,16,8,0.0,1982.0,0,0,0,TE,TE,pete_metzelaars,28.0,0.0,0.0
1985,BUF,Ulysses Norris,Ulysses,Norris,TE,89.0,28,76,230,Georgia,1/15/1957,6,2,1,0.0,1979.0,0,0,0,TE,TE,ulysses_norris,5.0,0.0,0.0
1985,BUF,Pete Metzelaars,Pete,Metzelaars,TE,88.0,25,79,254,Wabash,5/24/1960,3,16,8,0.0,1982.0,0,0,0,TE,TE,pete_metzelaars,28.0,0.0,0.0
1985,BUF,Ulysses Norris,Ulysses,Norris,TE,89.0,28,76,230,Georgia,1/15/1957,6,2,1,0.0,1979.0,0,0,0,TE,TE,ulysses_norris,5.0,0.0,0.0
1985,CHI,Emery Moorehead,Emery,Moorehead,TE,87.0,31,74,218,Colorado,3/22/1954,8,15,14,5.0,1977.0,0,0,0,TE,TE,emery_moorehead,26.0,0.0,0.0
1985,CHI,Tim Wrightman,Tim,Wrightman,TE,80.0,25,75,237,UCLA,3/27/1960,1,16,3,5.0,1982.0,0,0,0,TE,TE,tim_wrightman,7.0,0.0,0.0
1985,CHI,Emery Moorehead,Emery,Moorehead,TE,87.0,31,74,218,Colorado,3/22/1954,8,15,14,5.0,1977.0,0,0,0,TE,TE,emery_moorehead,26.0,0.0,0.0
1985,CHI,Tim Wrightman,Tim,Wrightman,TE,80.0,25,75,237,UCLA,3/27/1960,1,16,3,5.0,1982.0,0,0,0,TE,TE,tim_wrightman,7.0,0.0,0.0
1985,CIN,Rodney Holman,Rodney,Holman,TE,82.0,25,75,238,Tulane,4/20/1960,3,16,16,5.0,1982.0,0,0,0,TE,TE,rodney_holman,40.0,0.0,3.0
1985,CIN,Rodney Holman,Rodney,Holman,TE,82.0,25,75,238,Tulane,4/20/1960,3,16,16,5.0,1982.0,0,0,0,TE,TE,rodney_holman,40.0,0.0,3.0
1985,CIN,M.L. Harris,M.L.,Harris,TE,83.0,31,77,238,"Tampa,Kansas St.",1/16/1954,5,10,0,1.0,,0,0,0,TE,TE,m.l._harris,0.0,0.0,0.0
1985,CIN,Dan Ross,Dan,Ross,TE,84.0,28,76,238,Northeastern,2/9/1957,6,6,0,1.0,1979.0,0,0,0,TE,TE,dan_ross,35.0,0.0,1.0
1985,CIN,M.L. Harris,M.L.,Harris,TE,83.0,31,77,238,"Tampa,Kansas St.",1/16/1954,5,10,0,1.0,,0,0,0,TE,TE,m.l._harris,0.0,0.0,0.0
1985,CIN,Dan Ross,Dan,Ross,TE,84.0,28,76,238,Northeastern,2/9/1957,6,6,0,1.0,1979.0,0,0,0,TE,TE,dan_ross,35.0,0.0,1.0
1985,CIN,Don Kern,Don,Kern,TE,89.0,23,76,228,Arizona St.,8/25/1962,1,8,0,0.0,1984.0,0,0,0,TE,TE,don_kern,0.0,0.0,0.0
1985,CIN,Don Kern,Don,Kern,TE,89.0,23,76,228,Arizona St.,8/25/1962,1,8,0,0.0,1984.0,0,0,0,TE,TE,don_kern,0.0,0.0,0.0
1985,CIN,Don Kern,Don,Kern,TE,89.0,23,76,228,Arizona St.,8/25/1962,1,8,0,0.0,1984.0,0,0,0,TE,TE,don_kern,0.0,0.0,0.0
1985,CIN,Don Kern,Don,Kern,TE,89.0,23,76,228,Arizona St.,8/25/1962,1,8,0,0.0,1984.0,0,0,0,TE,TE,don_kern,0.0,0.0,0.0
1985,CLE,Ozzie Newsome,Ozzie,Newsome,TE,82.0,29,74,232,Alabama,3/16/1956,7,16,16,7.0,1978.0,0,0,0,TE,TE,ozzie_newsome,59.0,1.0,3.0
1985,CLE,Ozzie Newsome,Ozzie,Newsome,TE,82.0,29,74,232,Alabama,3/16/1956,7,16,16,7.0,1978.0,0,0,0,TE,TE,ozzie_newsome,59.0,1.0,3.0
1985,CLE,Harry Holt,Harry,Holt,TE,81.0,28,76,236,Arizona,12/29/1957,2,11,2,1.0,,0,0,0,TE,TE,harry_holt,0.0,0.0,0.0
1985,CLE,Harry Holt,Harry,Holt,TE,81.0,28,76,236,Arizona,12/29/1957,2,11,2,1.0,,0,0,0,TE,TE,harry_holt,0.0,0.0,0.0
1985,CLE,Travis Tucker,Travis,Tucker,TE,87.0,22,75,234,Southern Connecticut St.,9/19/1963,Rook,16,2,0.0,1985.0,0,0,0,TE,TE,travis_tucker,0.0,0.0,0.0
1985,CLE,Travis Tucker,Travis,Tucker,TE,87.0,22,75,234,Southern Connecticut St.,9/19/1963,Rook,16,2,0.0,1985.0,0,0,0,TE,TE,travis_tucker,0.0,0.0,0.0
1985,CLT,Pat Beach,Pat,Beach,TE,81.0,26,76,247,Washington St.,12/28/1959,3,16,16,4.0,1982.0,0,0,0,TE,TE,pat_beach,13.0,0.0,0.0
1985,CLT,Pat Beach,Pat,Beach,TE,81.0,26,76,247,Washington St.,12/28/1959,3,16,16,4.0,1982.0,0,0,0,TE,TE,pat_beach,13.0,0.0,0.0
1985,CLT,Tim Sherwin,Tim,Sherwin,TE,83.0,27,78,243,Boston Col.,5/4/1958,4,8,0,1.0,1981.0,0,0,0,TE,TE,tim_sherwin,8.0,0.0,0.0
1985,CLT,Tim Sherwin,Tim,Sherwin,TE,83.0,27,78,243,Boston Col.,5/4/1958,4,8,0,1.0,1981.0,0,0,0,TE,TE,tim_sherwin,8.0,0.0,0.0
1985,CLT,Keli McGregor,Keli,McGregor,TE,83.0,22,78,250,Colorado St.,1/23/1963,Rook,6,0,0.0,1985.0,0,0,0,TE,TE,keli_mcgregor,0.0,0.0,0.0
1985,CLT,Keli McGregor,Keli,McGregor,TE,83.0,22,78,250,Colorado St.,1/23/1963,Rook,6,0,0.0,1985.0,0,0,0,TE,TE,keli_mcgregor,0.0,0.0,0.0
1985,CRD,Doug Marsh,Doug,Marsh,TE,80.0,27,75,236,Michigan,6/18/1958,5,16,16,3.0,1980.0,0,0,0,TE,TE,doug_marsh,17.0,0.0,0.0
1985,CRD,Doug Marsh,Doug,Marsh,TE,80.0,27,75,236,Michigan,6/18/1958,5,16,16,3.0,1980.0,0,0,0,TE,TE,doug_marsh,17.0,0.0,0.0
1985,CRD,Greg LaFleur,Greg,LaFleur,TE,89.0,27,76,236,LSU,9/16/1958,4,16,4,1.0,1981.0,0,0,0,TE,TE,greg_lafleur,6.0,0.0,0.0
1985,CRD,Greg LaFleur,Greg,LaFleur,TE,89.0,27,76,236,LSU,9/16/1958,4,16,4,1.0,1981.0,0,0,0,TE,TE,greg_lafleur,6.0,0.0,0.0
1985,CRD,Jay Novacek,Jay,Novacek,TE,85.0,23,76,234,Wyoming,10/24/1962,Rook,16,0,0.0,1985.0,0,0,0,TE,TE,jay_novacek,44.0,1.0,5.0
1985,CRD,Jay Novacek,Jay,Novacek,TE,85.0,23,76,234,Wyoming,10/24/1962,Rook,16,0,0.0,1985.0,0,0,0,TE,TE,jay_novacek,44.0,1.0,5.0
1985,DAL,Doug Cosbie,Doug,Cosbie,TE,84.0,29,78,236,"Holy Cross,Santa Clara",3/27/1956,6,16,16,7.0,1979.0,0,0,0,TE,TE,doug_cosbie,32.0,0.0,3.0
1985,DAL,Doug Cosbie,Doug,Cosbie,TE,84.0,29,78,236,"Holy Cross,Santa Clara",3/27/1956,6,16,16,7.0,1979.0,0,0,0,TE,TE,doug_cosbie,32.0,0.0,3.0
1985,DAL,Fred Cornwell,Fred,Cornwell,TE,85.0,24,78,236,USC,8/7/1961,1,16,1,1.0,1984.0,0,0,0,TE,TE,fred_cornwell,1.0,0.0,0.0
1985,DAL,Fred Cornwell,Fred,Cornwell,TE,85.0,24,78,236,USC,8/7/1961,1,16,1,1.0,1984.0,0,0,0,TE,TE,fred_cornwell,1.0,0.0,0.0
1985,DAL,Todd Fowler,Todd,Fowler,TE,46.0,23,75,221,S.F. Austin,6/9/1962,1,8,0,0.0,,0,0,0,TE,TE,todd_fowler,0.0,0.0,0.0
1985,DAL,Todd Fowler,Todd,Fowler,TE,46.0,23,75,221,S.F. Austin,6/9/1962,1,8,0,0.0,,0,0,0,TE,TE,todd_fowler,0.0,0.0,0.0
1985,DEN,Clarence Kay,Clarence,Kay,TE,88.0,24,74,237,Georgia,7/30/1961,1,16,16,3.0,1984.0,0,0,0,TE,TE,clarence_kay,17.0,0.0,0.0
1985,DEN,Clarence Kay,Clarence,Kay,TE,88.0,24,74,237,Georgia,7/30/1961,1,16,16,3.0,1984.0,0,0,0,TE,TE,clarence_kay,17.0,0.0,0.0
1985,DEN,James Wright,James,Wright,TE,87.0,29,75,240,TCU,9/1/1956,7,16,12,2.0,1978.0,0,0,0,TE,TE,james_wright,6.0,0.0,0.0
1985,DEN,James Wright,James,Wright,TE,87.0,29,75,240,TCU,9/1/1956,7,16,12,2.0,1978.0,0,0,0,TE,TE,james_wright,2.0,0.0,0.0
1985,DEN,James Wright,James,Wright,TE,87.0,29,75,240,TCU,9/1/1956,7,16,12,2.0,1978.0,0,0,0,TE,TE,james_wright,6.0,0.0,0.0
1985,DEN,James Wright,James,Wright,TE,87.0,29,75,240,TCU,9/1/1956,7,16,12,2.0,1978.0,0,0,0,TE,TE,james_wright,2.0,0.0,0.0
1985,DEN,Mike Barber,Mike,Barber,TE,85.0,32,75,235,Louisiana Tech,6/4/1953,9,10,1,0.0,1976.0,0,0,0,TE,TE,mike_barber,27.0,0.0,0.0
1985,DEN,Mike Barber,Mike,Barber,TE,85.0,32,75,235,Louisiana Tech,6/4/1953,9,10,1,0.0,1976.0,0,0,0,TE,TE,mike_barber,0.0,0.0,0.0
1985,DEN,Keli McGregor,Keli,McGregor,TE,89.0,22,78,250,Colorado St.,1/23/1963,Rook,2,0,0.0,1985.0,0,0,0,TE,TE,keli_mcgregor,0.0,0.0,0.0
1985,DEN,Don Summers,Don,Summers,TE,85.0,24,76,230,"Oregon Tech,Boise St.",2/22/1961,1,2,0,0.0,,0,0,0,TE,TE,don_summers,0.0,0.0,0.0
1985,DEN,Mike Barber,Mike,Barber,TE,85.0,32,75,235,Louisiana Tech,6/4/1953,9,10,1,0.0,1976.0,0,0,0,TE,TE,mike_barber,27.0,0.0,0.0
1985,DEN,Mike Barber,Mike,Barber,TE,85.0,32,75,235,Louisiana Tech,6/4/1953,9,10,1,0.0,1976.0,0,0,0,TE,TE,mike_barber,0.0,0.0,0.0
1985,DEN,Keli McGregor,Keli,McGregor,TE,89.0,22,78,250,Colorado St.,1/23/1963,Rook,2,0,0.0,1985.0,0,0,0,TE,TE,keli_mcgregor,0.0,0.0,0.0
1985,DEN,Don Summers,Don,Summers,TE,85.0,24,76,230,"Oregon Tech,Boise St.",2/22/1961,1,2,0,0.0,,0,0,0,TE,TE,don_summers,0.0,0.0,0.0
1985,DET,David Lewis,David,Lewis,TE,87.0,24,75,234,California,6/8/1961,1,15,15,3.0,1984.0,0,0,0,TE,TE,david_lewis,7.0,0.0,0.0
1985,DET,David Lewis,David,Lewis,TE,87.0,24,75,234,California,6/8/1961,1,15,15,3.0,1984.0,0,0,0,TE,TE,david_lewis,7.0,0.0,0.0
1985,DET,Reese McCall,Reese,McCall,TE,81.0,29,78,239,Auburn,6/16/1956,7,16,2,0.0,1978.0,0,0,0,TE,TE,reese_mccall,10.0,0.0,0.0
1985,DET,James McDonald,James,McDonald,TE,83.0,24,77,234,USC,3/29/1961,2,6,2,0.0,,0,0,0,TE,TE,james_mcdonald,0.0,0.0,0.0
1985,DET,Rob Rubick,Rob,Rubick,TE,84.0,25,75,232,Grand Valley St.,9/27/1960,3,9,4,0.0,1982.0,0,0,0,TE,TE,rob_rubick,5.0,0.0,0.0
1985,DET,Reese McCall,Reese,McCall,TE,81.0,29,78,239,Auburn,6/16/1956,7,16,2,0.0,1978.0,0,0,0,TE,TE,reese_mccall,10.0,0.0,0.0
1985,DET,James McDonald,James,McDonald,TE,83.0,24,77,234,USC,3/29/1961,2,6,2,0.0,,0,0,0,TE,TE,james_mcdonald,0.0,0.0,0.0
1985,DET,Rob Rubick,Rob,Rubick,TE,84.0,25,75,232,Grand Valley St.,9/27/1960,3,9,4,0.0,1982.0,0,0,0,TE,TE,rob_rubick,5.0,0.0,0.0
1985,GNB,Paul Coffman,Paul,Coffman,TE,82.0,29,75,222,Kansas St.,3/29/1956,7,16,16,6.0,,0,0,0,TE,TE,paul_coffman,0.0,0.0,1.0
1985,GNB,Paul Coffman,Paul,Coffman,TE,82.0,29,75,222,Kansas St.,3/29/1956,7,16,16,6.0,,0,0,0,TE,TE,paul_coffman,0.0,0.0,1.0
1985,GNB,Ed West,Ed,West,TE,86.0,24,73,250,Auburn,8/2/1961,1,16,0,1.0,,0,0,0,TE,TE,ed_west,0.0,0.0,0.0
1985,GNB,Ed West,Ed,West,TE,86.0,24,73,250,Auburn,8/2/1961,1,16,0,1.0,,0,0,0,TE,TE,ed_west,0.0,0.0,0.0
1985,GNB,Mark Lewis,Mark,Lewis,TE,89.0,24,74,239,Texas A&M,5/5/1961,Rook,1,0,0.0,1985.0,0,0,0,TE,TE,mark_lewis,0.0,0.0,0.0
1985,GNB,Mark Lewis,Mark,Lewis,TE,89.0,24,74,239,Texas A&M,5/5/1961,Rook,1,0,0.0,1985.0,0,0,0,TE,TE,mark_lewis,0.0,0.0,0.0
1985,KAN,Walt Arnold,Walt,Arnold,TE,87.0,27,75,228,New Mexico,8/31/1958,5,16,16,3.0,,0,0,0,TE,TE,walt_arnold,0.0,0.0,0.0
1985,KAN,Walt Arnold,Walt,Arnold,TE,87.0,27,75,228,New Mexico,8/31/1958,5,16,16,3.0,,0,0,0,TE,TE,walt_arnold,0.0,0.0,0.0
1985,KAN,Willie Scott,Willie,Scott,TE,81.0,26,76,245,South Carolina,2/13/1959,4,16,5,1.0,1981.0,0,0,0,TE,TE,willie_scott,6.0,0.0,0.0
1985,KAN,Willie Scott,Willie,Scott,TE,81.0,26,76,245,South Carolina,2/13/1959,4,16,5,1.0,1981.0,0,0,0,TE,TE,willie_scott,6.0,0.0,0.0
1985,KAN,Jonathan Hayes,Jonathan,Hayes,TE,85.0,23,77,248,Iowa,8/11/1962,Rook,16,0,0.0,1985.0,0,0,0,TE,TE,jonathan_hayes,15.0,0.0,0.0
1985,KAN,Jonathan Hayes,Jonathan,Hayes,TE,85.0,23,77,248,Iowa,8/11/1962,Rook,16,0,0.0,1985.0,0,0,0,TE,TE,jonathan_hayes,15.0,0.0,0.0
1985,MIA,Bruce Hardy,Bruce,Hardy,TE,84.0,29,77,235,Arizona St.,6/1/1956,7,16,16,4.0,1978.0,0,0,0,TE,TE,bruce_hardy,22.0,0.0,0.0
1985,MIA,Bruce Hardy,Bruce,Hardy,TE,84.0,29,77,235,Arizona St.,6/1/1956,7,16,16,4.0,1978.0,0,0,0,TE,TE,bruce_hardy,22.0,0.0,0.0
1985,MIA,Joe Rose,Joe,Rose,TE,80.0,28,75,228,California,6/24/1957,5,16,1,3.0,1980.0,0,0,0,TE,TE,joe_rose,15.0,0.0,0.0
1985,MIA,Joe Rose,Joe,Rose,TE,80.0,28,75,228,California,6/24/1957,5,16,1,3.0,1980.0,0,0,0,TE,TE,joe_rose,15.0,0.0,0.0
1985,MIA,Dan Johnson,Dan,Johnson,TE,87.0,25,75,240,Iowa St.,5/17/1960,2,12,1,2.0,1982.0,0,0,0,TE,TE,dan_johnson,10.0,0.0,0.0
1985,MIA,Dan Johnson,Dan,Johnson,TE,87.0,25,75,240,Iowa St.,5/17/1960,2,12,1,2.0,1982.0,0,0,0,TE,TE,dan_johnson,10.0,0.0,0.0
1985,MIN,Steve Jordan,Steve,Jordan,TE,83.0,24,75,236,Brown,1/10/1961,3,16,16,7.0,1982.0,0,0,0,TE,TE,steve_jordan,48.0,0.0,6.0
1985,MIN,Steve Jordan,Steve,Jordan,TE,83.0,24,75,236,Brown,1/10/1961,3,16,16,7.0,1982.0,0,0,0,TE,TE,steve_jordan,48.0,0.0,6.0
1985,MIN,Mike Mularkey,Mike,Mularkey,TE,86.0,24,76,245,Florida,11/19/1961,2,15,5,2.0,1983.0,0,0,0,TE,TE,mike_mularkey,11.0,0.0,0.0
1985,MIN,Mike Mularkey,Mike,Mularkey,TE,86.0,24,76,245,Florida,11/19/1961,2,15,5,2.0,1983.0,0,0,0,TE,TE,mike_mularkey,11.0,0.0,0.0
1985,MIN,Jay Carroll,Jay,Carroll,TE,84.0,24,76,230,Minnesota,11/8/1961,1,16,0,0.0,1984.0,0,0,0,TE,TE,jay_carroll,0.0,0.0,0.0
1985,MIN,Jay Carroll,Jay,Carroll,TE,84.0,24,76,230,Minnesota,11/8/1961,1,16,0,0.0,1984.0,0,0,0,TE,TE,jay_carroll,0.0,0.0,0.0
1985,NOR,Hoby Brenner,Hoby,Brenner,TE,85.0,26,76,240,USC,6/2/1959,4,16,16,5.0,1981.0,0,0,0,TE,TE,hoby_brenner,31.0,0.0,1.0
1985,NOR,Hoby Brenner,Hoby,Brenner,TE,85.0,26,76,240,USC,6/2/1959,4,16,16,5.0,1981.0,0,0,0,TE,TE,hoby_brenner,31.0,0.0,1.0
1985,NOR,Larry Hardy,Larry,Hardy,TE,87.0,29,75,234,Jackson St.,7/9/1956,7,16,0,2.0,1978.0,0,0,0,TE,TE,larry_hardy,7.0,0.0,0.0
1985,NOR,John Tice,John,Tice,TE,82.0,25,77,242,Maryland,6/22/1960,2,16,9,2.0,1983.0,0,0,0,TE,TE,john_tice,12.0,0.0,0.0
1985,NOR,Larry Hardy,Larry,Hardy,TE,87.0,29,75,234,Jackson St.,7/9/1956,7,16,0,2.0,1978.0,0,0,0,TE,TE,larry_hardy,7.0,0.0,0.0
1985,NOR,John Tice,John,Tice,TE,82.0,25,77,242,Maryland,6/22/1960,2,16,9,2.0,1983.0,0,0,0,TE,TE,john_tice,12.0,0.0,0.0
1985,NWE,Derrick Ramsey,Derrick,Ramsey,TE,88.0,29,76,230,Kentucky,12/23/1956,7,16,3,2.0,1978.0,0,0,0,TE,TE,derrick_ramsey,18.0,0.0,0.0
1985,NWE,Derrick Ramsey,Derrick,Ramsey,TE,88.0,29,76,230,Kentucky,12/23/1956,7,16,3,2.0,1978.0,0,0,0,TE,TE,derrick_ramsey,18.0,0.0,0.0
1985,NWE,Lin Dawson,Lin,Dawson,TE,87.0,26,75,240,North Carolina St.,6/24/1959,4,16,13,1.0,1981.0,0,0,0,TE,TE,lin_dawson,12.0,0.0,0.0
1985,NWE,Lin Dawson,Lin,Dawson,TE,87.0,26,75,240,North Carolina St.,6/24/1959,4,16,13,1.0,1981.0,0,0,0,TE,TE,lin_dawson,12.0,0.0,0.0
1985,NYG,Mark Bavaro,Mark,Bavaro,TE,89.0,22,76,245,Notre Dame,4/28/1963,Rook,16,16,5.0,1985.0,0,0,0,TE,TE,mark_bavaro,40.0,2.0,2.0
1985,NYG,Mark Bavaro,Mark,Bavaro,TE,89.0,22,76,245,Notre Dame,4/28/1963,Rook,16,16,5.0,1985.0,0,0,0,TE,TE,mark_bavaro,40.0,2.0,2.0
1985,NYG,Don Hasselbeck,Don,Hasselbeck,TE,85.0,30,79,245,Colorado,4/1/1955,8,7,0,1.0,1977.0,0,0,0,TE,TE,don_hasselbeck,16.0,0.0,0.0
1985,NYG,Don Hasselbeck,Don,Hasselbeck,TE,85.0,30,79,245,Colorado,4/1/1955,8,7,0,1.0,1977.0,0,0,0,TE,TE,don_hasselbeck,16.0,0.0,0.0
1985,NYG,Vyto Kab,Vyto,Kab,TE,82.0,26,77,243,Penn St.,12/23/1959,3,11,0,0.0,1982.0,0,0,0,TE,TE,vyto_kab,4.0,0.0,0.0
1985,NYG,Vyto Kab,Vyto,Kab,TE,82.0,26,77,243,Penn St.,12/23/1959,3,11,0,0.0,1982.0,0,0,0,TE,TE,vyto_kab,4.0,0.0,0.0
1985,NYJ,Mickey Shuler,Mickey,Shuler,TE,82.0,29,75,232,Penn St.,8/21/1956,7,16,13,9.0,1978.0,0,0,0,TE,TE,mickey_shuler,42.0,0.0,2.0
1985,NYJ,Mickey Shuler,Mickey,Shuler,TE,82.0,29,75,232,Penn St.,8/21/1956,7,16,13,9.0,1978.0,0,0,0,TE,TE,mickey_shuler,0.0,0.0,0.0
1985,NYJ,Mickey Shuler,Mickey,Shuler,TE,82.0,29,75,232,Penn St.,8/21/1956,7,16,13,9.0,1978.0,0,0,0,TE,TE,mickey_shuler,42.0,0.0,2.0
1985,NYJ,Mickey Shuler,Mickey,Shuler,TE,82.0,29,75,232,Penn St.,8/21/1956,7,16,13,9.0,1978.0,0,0,0,TE,TE,mickey_shuler,0.0,0.0,0.0
1985,NYJ,Rocky Klever,Rocky,Klever,TE,89.0,26,75,225,Montana,7/10/1959,2,16,6,2.0,1982.0,0,0,0,TE,TE,rocky_klever,4.0,0.0,0.0
1985,NYJ,Rocky Klever,Rocky,Klever,TE,89.0,26,75,225,Montana,7/10/1959,2,16,6,2.0,1982.0,0,0,0,TE,TE,rocky_klever,4.0,0.0,0.0
1985,NYJ,Billy Griggs,Billy,Griggs,TE,81.0,23,75,230,Virginia,8/4/1962,1,16,3,0.0,1984.0,0,0,0,TE,TE,billy_griggs,2.0,0.0,0.0
1985,NYJ,Billy Griggs,Billy,Griggs,TE,81.0,23,75,230,Virginia,8/4/1962,1,16,3,0.0,1984.0,0,0,0,TE,TE,billy_griggs,2.0,0.0,0.0
1985,OTI,Jamie Williams,Jamie,Williams,TE,87.0,25,76,240,Nebraska,2/25/1960,2,16,16,4.0,1983.0,0,0,0,TE,TE,jamie_williams,16.0,0.0,0.0
1985,OTI,Jamie Williams,Jamie,Williams,TE,87.0,25,76,240,Nebraska,2/25/1960,2,16,16,4.0,1983.0,0,0,0,TE,TE,jamie_williams,16.0,0.0,0.0
1985,OTI,Jamie Williams,Jamie,Williams,TE,87.0,25,76,240,Nebraska,2/25/1960,2,16,16,4.0,1983.0,0,0,0,TE,TE,jamie_williams,16.0,0.0,0.0
1985,OTI,Jamie Williams,Jamie,Williams,TE,87.0,25,76,240,Nebraska,2/25/1960,2,16,16,4.0,1983.0,0,0,0,TE,TE,jamie_williams,16.0,0.0,0.0
1985,OTI,Chris Dressel,Chris,Dressel,TE,88.0,24,76,238,Stanford,2/7/1961,2,16,0,0.0,1983.0,0,0,0,TE,TE,chris_dressel,8.0,0.0,0.0
1985,OTI,Mike McCloskey,Mike,McCloskey,TE,89.0,24,77,244,Penn St.,2/2/1961,2,16,0,0.0,1983.0,0,0,0,TE,TE,mike_mccloskey,2.0,0.0,0.0
1985,OTI,Chris Dressel,Chris,Dressel,TE,88.0,24,76,238,Stanford,2/7/1961,2,16,0,0.0,1983.0,0,0,0,TE,TE,chris_dressel,8.0,0.0,0.0
1985,OTI,Mike McCloskey,Mike,McCloskey,TE,89.0,24,77,244,Penn St.,2/2/1961,2,16,0,0.0,1983.0,0,0,0,TE,TE,mike_mccloskey,2.0,0.0,0.0
1985,OTI,Chris Dressel,Chris,Dressel,TE,88.0,24,76,238,Stanford,2/7/1961,2,16,0,0.0,1983.0,0,0,0,TE,TE,chris_dressel,8.0,0.0,0.0
1985,OTI,Mike McCloskey,Mike,McCloskey,TE,89.0,24,77,244,Penn St.,2/2/1961,2,16,0,0.0,1983.0,0,0,0,TE,TE,mike_mccloskey,2.0,0.0,0.0
1985,OTI,Chris Dressel,Chris,Dressel,TE,88.0,24,76,238,Stanford,2/7/1961,2,16,0,0.0,1983.0,0,0,0,TE,TE,chris_dressel,8.0,0.0,0.0
1985,OTI,Mike McCloskey,Mike,McCloskey,TE,89.0,24,77,244,Penn St.,2/2/1961,2,16,0,0.0,1983.0,0,0,0,TE,TE,mike_mccloskey,2.0,0.0,0.0
1985,PHI,John Spagnola,John,Spagnola,TE,88.0,28,76,240,Yale,8/1/1957,6,16,16,6.0,1979.0,0,0,0,TE,TE,john_spagnola,23.0,0.0,0.0
1985,PHI,John Spagnola,John,Spagnola,TE,88.0,28,76,240,Yale,8/1/1957,6,16,16,6.0,1979.0,0,0,0,TE,TE,john_spagnola,23.0,0.0,0.0
1985,PHI,Dave Little,Dave,Little,TE,89.0,24,74,233,Middle Tenn. St.,4/18/1961,1,15,0,1.0,,0,0,0,TE,TE,dave_little,0.0,0.0,0.0
1985,PHI,Dave Little,Dave,Little,TE,89.0,24,74,233,Middle Tenn. St.,4/18/1961,1,15,0,1.0,,0,0,0,TE,TE,dave_little,0.0,0.0,0.0
1985,PHI,John Goode,John,Goode,TE,87.0,23,74,233,Youngstown St.,11/5/1962,1,14,0,0.0,1984.0,0,0,0,TE,TE,john_goode,0.0,0.0,0.0
1985,PHI,Vyto Kab,Vyto,Kab,TE,84.0,26,77,243,Penn St.,12/23/1959,3,1,1,0.0,1982.0,0,0,0,TE,TE,vyto_kab,4.0,0.0,0.0
1985,PHI,John Goode,John,Goode,TE,87.0,23,74,233,Youngstown St.,11/5/1962,1,14,0,0.0,1984.0,0,0,0,TE,TE,john_goode,0.0,0.0,0.0
1985,PHI,Vyto Kab,Vyto,Kab,TE,84.0,26,77,243,Penn St.,12/23/1959,3,1,1,0.0,1982.0,0,0,0,TE,TE,vyto_kab,4.0,0.0,0.0
1985,PIT,Bennie Cunningham,Bennie,Cunningham,TE,89.0,31,77,254,Clemson,12/23/1954,9,11,11,1.0,1976.0,0,0,0,TE,TE,bennie_cunningham,30.0,0.0,0.0
1985,PIT,Preston Gothard,Preston,Gothard,TE,86.0,23,76,239,Alabama,2/23/1962,Rook,16,0,1.0,,0,0,0,TE,TE,preston_gothard,0.0,0.0,0.0
1985,PIT,Bennie Cunningham,Bennie,Cunningham,TE,89.0,31,77,254,Clemson,12/23/1954,9,11,11,1.0,1976.0,0,0,0,TE,TE,bennie_cunningham,30.0,0.0,0.0
1985,PIT,Preston Gothard,Preston,Gothard,TE,86.0,23,76,239,Alabama,2/23/1962,Rook,16,0,1.0,,0,0,0,TE,TE,preston_gothard,0.0,0.0,0.0
1985,PIT,Darrell Nelson,Darrell,Nelson,TE,81.0,24,74,235,Memphis,10/27/1961,1,5,5,0.0,,0,0,0,TE,TE,darrell_nelson,0.0,0.0,0.0
1985,PIT,Darrell Nelson,Darrell,Nelson,TE,81.0,24,74,235,Memphis,10/27/1961,1,5,5,0.0,,0,0,0,TE,TE,darrell_nelson,0.0,0.0,0.0
1985,RAI,Todd Christensen,Todd,Christensen,TE,46.0,29,75,230,BYU,8/3/1956,6,16,16,9.0,1978.0,0,0,0,TE,TE,todd_christensen,50.0,2.0,5.0
1985,RAI,Todd Christensen,Todd,Christensen,TE,46.0,29,75,230,BYU,8/3/1956,6,16,16,9.0,1978.0,0,0,0,TE,TE,todd_christensen,50.0,2.0,5.0
1985,RAI,Andy Parker,Andy,Parker,TE,81.0,24,77,244,Utah,9/8/1961,1,16,0,0.0,1984.0,0,0,0,TE,TE,andy_parker,0.0,0.0,0.0
1985,RAI,Andy Parker,Andy,Parker,TE,81.0,24,77,244,Utah,9/8/1961,1,16,0,0.0,1984.0,0,0,0,TE,TE,andy_parker,0.0,0.0,0.0
1985,RAM,Tony Hunter,Tony,Hunter,TE,87.0,25,76,237,Notre Dame,5/22/1960,2,16,9,5.0,1983.0,0,0,0,TE,TE,tony_hunter,11.0,0.0,0.0
1985,RAM,Tony Hunter,Tony,Hunter,TE,87.0,25,76,237,Notre Dame,5/22/1960,2,16,9,5.0,1983.0,0,0,0,TE,TE,tony_hunter,11.0,0.0,0.0
1985,RAM,David Hill,David,Hill,TE,81.0,31,74,229,Texas A&M-Kingsville,1/1/1954,9,16,16,2.0,1976.0,0,0,0,TE,TE,david_hill,34.0,0.0,2.0
1985,RAM,David Hill,David,Hill,TE,81.0,31,74,229,Texas A&M-Kingsville,1/1/1954,9,16,16,2.0,1976.0,0,0,0,TE,TE,david_hill,34.0,0.0,2.0
1985,RAM,James McDonald,James,McDonald,TE,83.0,24,77,234,USC,3/29/1961,2,9,0,1.0,,0,0,0,TE,TE,james_mcdonald,0.0,0.0,0.0
1985,RAM,James McDonald,James,McDonald,TE,83.0,24,77,234,USC,3/29/1961,2,9,0,1.0,,0,0,0,TE,TE,james_mcdonald,0.0,0.0,0.0
1985,RAM,Mike Barber,Mike,Barber,TE,86.0,32,75,235,Louisiana Tech,6/4/1953,9,5,5,0.0,1976.0,0,0,0,TE,TE,mike_barber,27.0,0.0,0.0
1985,RAM,Mike Barber,Mike,Barber,TE,86.0,32,75,235,Louisiana Tech,6/4/1953,9,5,5,0.0,1976.0,0,0,0,TE,TE,mike_barber,0.0,0.0,0.0
1985,RAM,Mike Barber,Mike,Barber,TE,86.0,32,75,235,Louisiana Tech,6/4/1953,9,5,5,0.0,1976.0,0,0,0,TE,TE,mike_barber,27.0,0.0,0.0
1985,RAM,Mike Barber,Mike,Barber,TE,86.0,32,75,235,Louisiana Tech,6/4/1953,9,5,5,0.0,1976.0,0,0,0,TE,TE,mike_barber,0.0,0.0,0.0
1985,SDG,Pete Holohan,Pete,Holohan,TE,88.0,26,76,237,Notre Dame,7/25/1959,4,15,3,4.0,1981.0,0,0,0,TE,TE,pete_holohan,29.0,0.0,0.0
1985,SDG,Eric Sievers,Eric,Sievers,TE,85.0,28,76,236,Maryland,11/9/1957,4,16,11,4.0,1981.0,0,0,0,TE,TE,eric_sievers,21.0,0.0,0.0
1985,SDG,Pete Holohan,Pete,Holohan,TE,88.0,26,76,237,Notre Dame,7/25/1959,4,15,3,4.0,1981.0,0,0,0,TE,TE,pete_holohan,29.0,0.0,0.0
1985,SDG,Eric Sievers,Eric,Sievers,TE,85.0,28,76,236,Maryland,11/9/1957,4,16,11,4.0,1981.0,0,0,0,TE,TE,eric_sievers,21.0,0.0,0.0
1985,SDG,Kellen Winslow,Kellen,Winslow,TE,80.0,28,77,251,Missouri,11/5/1957,6,10,6,3.0,1979.0,0,0,0,TE,TE,kellen_winslow,63.0,3.0,5.0
1985,SDG,Kellen Winslow,Kellen,Winslow,TE,80.0,28,77,251,Missouri,11/5/1957,6,10,6,3.0,1979.0,0,0,0,TE,TE,kellen_winslow,37.0,0.0,1.0
1985,SDG,Kellen Winslow,Kellen,Winslow,TE,80.0,28,77,251,Missouri,11/5/1957,6,10,6,3.0,1979.0,0,0,0,TE,TE,kellen_winslow,63.0,3.0,5.0
1985,SDG,Kellen Winslow,Kellen,Winslow,TE,80.0,28,77,251,Missouri,11/5/1957,6,10,6,3.0,1979.0,0,0,0,TE,TE,kellen_winslow,37.0,0.0,1.0
1985,SDG,Chris Faulkner,Chris,Faulkner,TE,84.0,25,76,255,Florida,4/13/1960,1,9,0,0.0,1983.0,0,0,0,TE,TE,chris_faulkner,0.0,0.0,0.0
1985,SDG,Chris Faulkner,Chris,Faulkner,TE,84.0,25,76,255,Florida,4/13/1960,1,9,0,0.0,1983.0,0,0,0,TE,TE,chris_faulkner,0.0,0.0,0.0
1985,SEA,Charle Young,Charle,Young,TE,87.0,34,76,234,USC,2/5/1951,12,14,14,3.0,1973.0,0,0,0,TE,TE,charle_young,47.0,1.0,3.0
1985,SEA,Charle Young,Charle,Young,TE,87.0,34,76,234,USC,2/5/1951,12,14,14,3.0,1973.0,0,0,0,TE,TE,charle_young,47.0,1.0,3.0
1985,SEA,Dan Ross,Dan,Ross,TE,85.0,28,76,238,Northeastern,2/9/1957,6,10,5,1.0,1979.0,0,0,0,TE,TE,dan_ross,35.0,0.0,1.0
1985,SEA,Dan Ross,Dan,Ross,TE,85.0,28,76,238,Northeastern,2/9/1957,6,10,5,1.0,1979.0,0,0,0,TE,TE,dan_ross,35.0,0.0,1.0
1985,SEA,Mike Tice,Mike,Tice,TE,86.0,26,79,253,Maryland,2/2/1959,4,9,2,0.0,,0,0,0,TE,TE,mike_tice,0.0,0.0,0.0
1985,SEA,Mike Tice,Mike,Tice,TE,86.0,26,79,253,Maryland,2/2/1959,4,9,2,0.0,,0,0,0,TE,TE,mike_tice,0.0,0.0,0.0
1985,SFO,Russ Francis,Russ,Francis,TE,81.0,32,78,240,Oregon,4/3/1953,10,16,16,4.0,1975.0,0,0,0,TE,TE,russ_francis,46.0,0.0,3.0
1985,SFO,Russ Francis,Russ,Francis,TE,81.0,32,78,240,Oregon,4/3/1953,10,16,16,4.0,1975.0,0,0,0,TE,TE,russ_francis,46.0,0.0,3.0
1985,SFO,Earl Cooper,Earl,Cooper,TE,89.0,28,74,227,Rice,9/17/1957,5,15,0,1.0,1980.0,0,0,0,TE,TE,earl_cooper,25.0,0.0,0.0
1985,SFO,Earl Cooper,Earl,Cooper,TE,89.0,28,74,227,Rice,9/17/1957,5,15,0,1.0,1980.0,0,0,0,TE,TE,earl_cooper,25.0,0.0,0.0
1985,SFO,John Frank,John,Frank,TE,86.0,23,75,225,Ohio St.,4/17/1962,1,16,3,0.0,1984.0,0,0,0,TE,TE,john_frank,8.0,0.0,0.0
1985,SFO,John Frank,John,Frank,TE,86.0,23,75,225,Ohio St.,4/17/1962,1,16,3,0.0,1984.0,0,0,0,TE,TE,john_frank,0.0,0.0,0.0
1985,SFO,John Frank,John,Frank,TE,86.0,23,75,225,Ohio St.,4/17/1962,1,16,3,0.0,1984.0,0,0,0,TE,TE,john_frank,8.0,0.0,0.0
1985,SFO,John Frank,John,Frank,TE,86.0,23,75,225,Ohio St.,4/17/1962,1,16,3,0.0,1984.0,0,0,0,TE,TE,john_frank,0.0,0.0,0.0
1985,TAM,Jimmie Giles,Jimmie,Giles,TE,88.0,31,75,239,Alcorn St.,11/8/1954,8,16,16,6.0,1977.0,0,0,0,TE,TE,jimmie_giles,40.0,0.0,4.0
1985,TAM,Jimmie Giles,Jimmie,Giles,TE,88.0,31,75,239,Alcorn St.,11/8/1954,8,16,16,6.0,1977.0,0,0,0,TE,TE,jimmie_giles,40.0,0.0,4.0
1985,TAM,Jerry Bell,Jerry,Bell,TE,82.0,26,77,230,Arizona St.,3/7/1959,3,9,9,4.0,1982.0,0,0,0,TE,TE,jerry_bell,10.0,0.0,0.0
1985,TAM,Jerry Bell,Jerry,Bell,TE,82.0,26,77,230,Arizona St.,3/7/1959,3,9,9,4.0,1982.0,0,0,0,TE,TE,jerry_bell,10.0,0.0,0.0
1985,TAM,Calvin Magee,Calvin,Magee,TE,86.0,22,75,240,Southern,4/23/1963,Rook,16,7,3.0,,0,0,0,TE,TE,calvin_magee,0.0,0.0,0.0
1985,TAM,Calvin Magee,Calvin,Magee,TE,86.0,22,75,240,Southern,4/23/1963,Rook,16,7,3.0,,0,0,0,TE,TE,calvin_magee,0.0,0.0,0.0
1985,TAM,K.D. Dunn,K.D.,Dunn,TE,80.0,22,75,235,Clemson,4/28/1963,Rook,7,0,0.0,1985.0,0,0,0,TE,TE,k.d._dunn,2.0,0.0,0.0
1985,TAM,Mark Witte,Mark,Witte,TE,85.0,26,75,236,North Texas,12/3/1959,2,16,0,0.0,1983.0,0,0,0,TE,TE,mark_witte,0.0,0.0,0.0
1985,TAM,K.D. Dunn,K.D.,Dunn,TE,80.0,22,75,235,Clemson,4/28/1963,Rook,7,0,0.0,1985.0,0,0,0,TE,TE,k.d._dunn,2.0,0.0,0.0
1985,TAM,Mark Witte,Mark,Witte,TE,85.0,26,75,236,North Texas,12/3/1959,2,16,0,0.0,1983.0,0,0,0,TE,TE,mark_witte,0.0,0.0,0.0
1985,WAS,Clint Didier,Clint,Didier,TE,86.0,26,77,240,Portland St.,4/4/1959,3,16,14,3.0,1981.0,0,0,0,TE,TE,clint_didier,18.0,0.0,0.0
1985,WAS,Clint Didier,Clint,Didier,TE,86.0,26,77,240,Portland St.,4/4/1959,3,16,14,3.0,1981.0,0,0,0,TE,TE,clint_didier,18.0,0.0,0.0
1985,WAS,Don Warren,Don,Warren,TE,85.0,29,76,242,San Diego St.,5/5/1956,6,16,16,1.0,1979.0,0,0,0,TE,TE,don_warren,22.0,0.0,0.0
1985,WAS,Don Warren,Don,Warren,TE,85.0,29,76,242,San Diego St.,5/5/1956,6,16,16,1.0,1979.0,0,0,0,TE,TE,don_warren,22.0,0.0,0.0
1985,WAS,Anthony Jones,Anthony,Jones,TE,82.0,25,75,248,"MD-Eastern Shore,Wichita St.",5/16/1960,1,16,2,0.0,1984.0,0,0,0,TE,TE,anthony_jones,0.0,0.0,0.0
1985,WAS,Rick Walker,Rick,Walker,TE,88.0,30,76,235,UCLA,5/28/1955,8,16,0,0.0,1977.0,0,0,0,TE,TE,rick_walker,7.0,0.0,0.0
1985,WAS,Anthony Jones,Anthony,Jones,TE,82.0,25,75,248,"MD-Eastern Shore,Wichita St.",5/16/1960,1,16,2,0.0,1984.0,0,0,0,TE,TE,anthony_jones,0.0,0.0,0.0
1985,WAS,Rick Walker,Rick,Walker,TE,88.0,30,76,235,UCLA,5/28/1955,8,16,0,0.0,1977.0,0,0,0,TE,TE,rick_walker,7.0,0.0,0.0
1986,ATL,Arthur Cox,Arthur,Cox,TE,88.0,25,75,262,Texas Southern,2/5/1961,3,16,15,2.0,,0,0,0,TE,TE,arthur_cox,0.0,0.0,0.0
1986,ATL,Arthur Cox,Arthur,Cox,TE,88.0,25,75,262,Texas Southern,2/5/1961,3,16,15,2.0,,0,0,0,TE,TE,arthur_cox,0.0,0.0,0.0
1986,ATL,Ken Whisenhunt,Ken,Whisenhunt,TE,45.0,24,75,237,Georgia Tech,2/28/1962,1,16,14,1.0,1985.0,0,0,0,TE,TE,ken_whisenhunt,3.0,0.0,0.0
1986,ATL,Ken Whisenhunt,Ken,Whisenhunt,TE,45.0,24,75,237,Georgia Tech,2/28/1962,1,16,14,1.0,1985.0,0,0,0,TE,TE,ken_whisenhunt,3.0,0.0,0.0
1986,ATL,Ron Middleton,Ron,Middleton,TE,87.0,21,74,262,Auburn,7/17/1965,Rook,16,3,0.0,,0,0,0,TE,TE,ron_middleton,0.0,0.0,0.0
1986,ATL,Ron Middleton,Ron,Middleton,TE,87.0,21,74,262,Auburn,7/17/1965,Rook,16,3,0.0,,0,0,0,TE,TE,ron_middleton,0.0,0.0,0.0
1986,BUF,Pete Metzelaars,Pete,Metzelaars,TE,88.0,26,79,254,Wabash,5/24/1960,4,16,16,4.0,1982.0,0,0,0,TE,TE,pete_metzelaars,28.0,0.0,0.0
1986,BUF,Pete Metzelaars,Pete,Metzelaars,TE,88.0,26,79,254,Wabash,5/24/1960,4,16,16,4.0,1982.0,0,0,0,TE,TE,pete_metzelaars,28.0,0.0,0.0
1986,BUF,Gary Wilkins,Gary,Wilkins,TE,34.0,23,73,235,Georgia Tech,11/23/1963,1,16,2,1.0,,0,0,0,TE,TE,gary_wilkins,0.0,0.0,0.0
1986,BUF,Gary Wilkins,Gary,Wilkins,TE,34.0,23,73,235,Georgia Tech,11/23/1963,1,16,2,1.0,,0,0,0,TE,TE,gary_wilkins,0.0,0.0,0.0
1986,BUF,Don Kern,Don,Kern,TE,84.0,24,76,228,Arizona St.,8/25/1962,2,1,0,0.0,1984.0,0,0,0,TE,TE,don_kern,0.0,0.0,0.0
1986,BUF,Don Kern,Don,Kern,TE,84.0,24,76,228,Arizona St.,8/25/1962,2,1,0,0.0,1984.0,0,0,0,TE,TE,don_kern,0.0,0.0,0.0
1986,BUF,Butch Rolle,Butch,Rolle,TE,87.0,22,75,242,Michigan St.,8/19/1964,Rook,16,1,0.0,1986.0,0,0,0,TE,TE,butch_rolle,2.0,0.0,0.0
1986,BUF,Don Kern,Don,Kern,TE,84.0,24,76,228,Arizona St.,8/25/1962,2,1,0,0.0,1984.0,0,0,0,TE,TE,don_kern,0.0,0.0,0.0
1986,BUF,Don Kern,Don,Kern,TE,84.0,24,76,228,Arizona St.,8/25/1962,2,1,0,0.0,1984.0,0,0,0,TE,TE,don_kern,0.0,0.0,0.0
1986,BUF,Butch Rolle,Butch,Rolle,TE,87.0,22,75,242,Michigan St.,8/19/1964,Rook,16,1,0.0,1986.0,0,0,0,TE,TE,butch_rolle,2.0,0.0,0.0
1986,CHI,Emery Moorehead,Emery,Moorehead,TE,87.0,32,74,218,Colorado,3/22/1954,9,16,16,3.0,1977.0,0,0,0,TE,TE,emery_moorehead,26.0,0.0,0.0
1986,CHI,Emery Moorehead,Emery,Moorehead,TE,87.0,32,74,218,Colorado,3/22/1954,9,16,16,3.0,1977.0,0,0,0,TE,TE,emery_moorehead,26.0,0.0,0.0
1986,CHI,Tim Wrightman,Tim,Wrightman,TE,80.0,26,75,237,UCLA,3/27/1960,1,16,0,2.0,1982.0,0,0,0,TE,TE,tim_wrightman,7.0,0.0,0.0
1986,CHI,Tim Wrightman,Tim,Wrightman,TE,80.0,26,75,237,UCLA,3/27/1960,1,16,0,2.0,1982.0,0,0,0,TE,TE,tim_wrightman,7.0,0.0,0.0
1986,CIN,Rodney Holman,Rodney,Holman,TE,82.0,26,75,238,Tulane,4/20/1960,4,16,16,6.0,1982.0,0,0,0,TE,TE,rodney_holman,40.0,0.0,3.0
1986,CIN,Rodney Holman,Rodney,Holman,TE,82.0,26,75,238,Tulane,4/20/1960,4,16,16,6.0,1982.0,0,0,0,TE,TE,rodney_holman,40.0,0.0,3.0
1986,CIN,Eric Kattus,Eric,Kattus,TE,84.0,23,77,240,Michigan,3/4/1963,Rook,16,1,1.0,1986.0,0,0,0,TE,TE,eric_kattus,6.0,0.0,0.0
1986,CIN,Eric Kattus,Eric,Kattus,TE,84.0,23,77,240,Michigan,3/4/1963,Rook,16,1,1.0,1986.0,0,0,0,TE,TE,eric_kattus,6.0,0.0,0.0
1986,CLE,Ozzie Newsome,Ozzie,Newsome,TE,82.0,30,74,232,Alabama,3/16/1956,8,16,16,4.0,1978.0,0,0,0,TE,TE,ozzie_newsome,59.0,1.0,3.0
1986,CLE,Ozzie Newsome,Ozzie,Newsome,TE,82.0,30,74,232,Alabama,3/16/1956,8,16,16,4.0,1978.0,0,0,0,TE,TE,ozzie_newsome,59.0,1.0,3.0
1986,CLE,Harry Holt,Harry,Holt,TE,81.0,29,76,236,Arizona,12/29/1957,3,14,0,1.0,,0,0,0,TE,TE,harry_holt,0.0,0.0,0.0
1986,CLE,Harry Holt,Harry,Holt,TE,81.0,29,76,236,Arizona,12/29/1957,3,14,0,1.0,,0,0,0,TE,TE,harry_holt,0.0,0.0,0.0
1986,CLE,Travis Tucker,Travis,Tucker,TE,87.0,23,75,234,Southern Connecticut St.,9/19/1963,1,16,0,0.0,1985.0,0,0,0,TE,TE,travis_tucker,0.0,0.0,0.0
1986,CLE,Travis Tucker,Travis,Tucker,TE,87.0,23,75,234,Southern Connecticut St.,9/19/1963,1,16,0,0.0,1985.0,0,0,0,TE,TE,travis_tucker,0.0,0.0,0.0
1986,CLT,Pat Beach,Pat,Beach,TE,81.0,27,76,247,Washington St.,12/28/1959,4,16,16,2.0,1982.0,0,0,0,TE,TE,pat_beach,13.0,0.0,0.0
1986,CLT,Pat Beach,Pat,Beach,TE,81.0,27,76,247,Washington St.,12/28/1959,4,16,16,2.0,1982.0,0,0,0,TE,TE,pat_beach,13.0,0.0,0.0
1986,CLT,Greg LaFleur,Greg,LaFleur,TE,83.0,28,76,236,LSU,9/16/1958,5,9,0,0.0,1981.0,0,0,0,TE,TE,greg_lafleur,6.0,0.0,0.0
1986,CLT,Tim Sherwin,Tim,Sherwin,TE,83.0,28,78,243,Boston Col.,5/4/1958,5,7,2,0.0,1981.0,0,0,0,TE,TE,tim_sherwin,8.0,0.0,0.0
1986,CLT,Greg LaFleur,Greg,LaFleur,TE,83.0,28,76,236,LSU,9/16/1958,5,9,0,0.0,1981.0,0,0,0,TE,TE,greg_lafleur,6.0,0.0,0.0
1986,CLT,Tim Sherwin,Tim,Sherwin,TE,83.0,28,78,243,Boston Col.,5/4/1958,5,7,2,0.0,1981.0,0,0,0,TE,TE,tim_sherwin,8.0,0.0,0.0
1986,CRD,Doug Marsh,Doug,Marsh,TE,80.0,28,75,236,Michigan,6/18/1958,6,16,15,2.0,1980.0,0,0,0,TE,TE,doug_marsh,17.0,0.0,0.0
1986,CRD,Doug Marsh,Doug,Marsh,TE,80.0,28,75,236,Michigan,6/18/1958,6,16,15,2.0,1980.0,0,0,0,TE,TE,doug_marsh,17.0,0.0,0.0
1986,CRD,Cap Boso,Cap,Boso,TE,89.0,23,76,232,Illinois,9/10/1963,Rook,2,0,0.0,1986.0,0,0,0,TE,TE,cap_boso,5.0,0.0,0.0
1986,CRD,Greg LaFleur,Greg,LaFleur,TE,89.0,28,76,236,LSU,9/16/1958,5,4,0,0.0,1981.0,0,0,0,TE,TE,greg_lafleur,6.0,0.0,0.0
1986,CRD,Jay Novacek,Jay,Novacek,TE,85.0,24,76,234,Wyoming,10/24/1962,1,8,0,0.0,1985.0,0,0,0,TE,TE,jay_novacek,44.0,1.0,5.0
1986,CRD,Robert Stallings,Robert,Stallings,TE,89.0,22,78,250,Southern Miss,1/23/1964,Rook,3,0,0.0,,0,0,0,TE,TE,robert_stallings,0.0,0.0,0.0
1986,CRD,Cap Boso,Cap,Boso,TE,89.0,23,76,232,Illinois,9/10/1963,Rook,2,0,0.0,1986.0,0,0,0,TE,TE,cap_boso,5.0,0.0,0.0
1986,CRD,Greg LaFleur,Greg,LaFleur,TE,89.0,28,76,236,LSU,9/16/1958,5,4,0,0.0,1981.0,0,0,0,TE,TE,greg_lafleur,6.0,0.0,0.0
1986,CRD,Jay Novacek,Jay,Novacek,TE,85.0,24,76,234,Wyoming,10/24/1962,1,8,0,0.0,1985.0,0,0,0,TE,TE,jay_novacek,44.0,1.0,5.0
1986,CRD,Robert Stallings,Robert,Stallings,TE,89.0,22,78,250,Southern Miss,1/23/1964,Rook,3,0,0.0,,0,0,0,TE,TE,robert_stallings,0.0,0.0,0.0
1986,DAL,Doug Cosbie,Doug,Cosbie,TE,84.0,30,78,236,"Holy Cross,Santa Clara",3/27/1956,7,16,15,3.0,1979.0,0,0,0,TE,TE,doug_cosbie,32.0,0.0,3.0
1986,DAL,Doug Cosbie,Doug,Cosbie,TE,84.0,30,78,236,"Holy Cross,Santa Clara",3/27/1956,7,16,15,3.0,1979.0,0,0,0,TE,TE,doug_cosbie,32.0,0.0,3.0
1986,DAL,Thornton Chandler,Thornton,Chandler,TE,85.0,23,77,243,"Florida A&M,Alabama",11/27/1963,Rook,15,1,0.0,1986.0,0,0,0,TE,TE,thornton_chandler,1.0,0.0,0.0
1986,DAL,Todd Fowler,Todd,Fowler,TE,46.0,24,75,221,S.F. Austin,6/9/1962,1,16,0,0.0,,0,0,0,TE,TE,todd_fowler,0.0,0.0,0.0
1986,DAL,Thornton Chandler,Thornton,Chandler,TE,85.0,23,77,243,"Florida A&M,Alabama",11/27/1963,Rook,15,1,0.0,1986.0,0,0,0,TE,TE,thornton_chandler,1.0,0.0,0.0
1986,DAL,Todd Fowler,Todd,Fowler,TE,46.0,24,75,221,S.F. Austin,6/9/1962,1,16,0,0.0,,0,0,0,TE,TE,todd_fowler,0.0,0.0,0.0
1986,DEN,Orson Mobley,Orson,Mobley,TE,89.0,23,77,256,"Florida St.,Salem",3/4/1963,Rook,14,3,3.0,1986.0,0,0,0,TE,TE,orson_mobley,8.0,0.0,0.0
1986,DEN,Orson Mobley,Orson,Mobley,TE,89.0,23,77,256,"Florida St.,Salem",3/4/1963,Rook,14,3,3.0,1986.0,0,0,0,TE,TE,orson_mobley,8.0,0.0,0.0
1986,DEN,Clarence Kay,Clarence,Kay,TE,88.0,25,74,237,Georgia,7/30/1961,2,13,12,2.0,1984.0,0,0,0,TE,TE,clarence_kay,17.0,0.0,0.0
1986,DEN,Clarence Kay,Clarence,Kay,TE,88.0,25,74,237,Georgia,7/30/1961,2,13,12,2.0,1984.0,0,0,0,TE,TE,clarence_kay,17.0,0.0,0.0
1986,DEN,Joey Hackett,Joey,Hackett,TE,85.0,28,77,267,Elon,9/29/1958,1,16,3,0.0,,0,0,0,TE,TE,joey_hackett,0.0,0.0,0.0
1986,DEN,Bobby Micho,Bobby,Micho,TE,87.0,24,75,236,Texas,3/7/1962,2,5,0,0.0,1984.0,0,0,0,TE,TE,bobby_micho,3.0,0.0,0.0
1986,DEN,Joey Hackett,Joey,Hackett,TE,85.0,28,77,267,Elon,9/29/1958,1,16,3,0.0,,0,0,0,TE,TE,joey_hackett,0.0,0.0,0.0
1986,DEN,Bobby Micho,Bobby,Micho,TE,87.0,24,75,236,Texas,3/7/1962,2,5,0,0.0,1984.0,0,0,0,TE,TE,bobby_micho,3.0,0.0,0.0
1986,DET,Jimmie Giles,Jimmie,Giles,TE,81.0,32,75,239,Alcorn St.,11/8/1954,9,9,8,2.0,1977.0,0,0,0,TE,TE,jimmie_giles,40.0,0.0,4.0
1986,DET,Jimmie Giles,Jimmie,Giles,TE,81.0,32,75,239,Alcorn St.,11/8/1954,9,9,8,2.0,1977.0,0,0,0,TE,TE,jimmie_giles,40.0,0.0,4.0
1986,DET,David Lewis,David,Lewis,TE,87.0,25,75,234,California,6/8/1961,2,11,7,1.0,1984.0,0,0,0,TE,TE,david_lewis,7.0,0.0,0.0
1986,DET,Rob Rubick,Rob,Rubick,TE,84.0,26,75,232,Grand Valley St.,9/27/1960,4,16,2,1.0,1982.0,0,0,0,TE,TE,rob_rubick,5.0,0.0,0.0
1986,DET,David Lewis,David,Lewis,TE,87.0,25,75,234,California,6/8/1961,2,11,7,1.0,1984.0,0,0,0,TE,TE,david_lewis,7.0,0.0,0.0
1986,DET,Rob Rubick,Rob,Rubick,TE,84.0,26,75,232,Grand Valley St.,9/27/1960,4,16,2,1.0,1982.0,0,0,0,TE,TE,rob_rubick,5.0,0.0,0.0
1986,GNB,Mike Moffitt,Mike,Moffitt,TE,82.0,23,76,215,Fresno St.,7/28/1963,Rook,4,0,1.0,,0,0,0,TE,TE,mike_moffitt,0.0,0.0,0.0
1986,GNB,Dan Ross,Dan,Ross,TE,81.0,29,76,238,Northeastern,2/9/1957,7,15,10,1.0,1979.0,0,0,0,TE,TE,dan_ross,35.0,0.0,1.0
1986,GNB,Ed West,Ed,West,TE,86.0,25,73,250,Auburn,8/2/1961,2,16,6,1.0,,0,0,0,TE,TE,ed_west,0.0,0.0,0.0
1986,GNB,Mike Moffitt,Mike,Moffitt,TE,82.0,23,76,215,Fresno St.,7/28/1963,Rook,4,0,1.0,,0,0,0,TE,TE,mike_moffitt,0.0,0.0,0.0
1986,GNB,Dan Ross,Dan,Ross,TE,81.0,29,76,238,Northeastern,2/9/1957,7,15,10,1.0,1979.0,0,0,0,TE,TE,dan_ross,35.0,0.0,1.0
1986,GNB,Ed West,Ed,West,TE,86.0,25,73,250,Auburn,8/2/1961,2,16,6,1.0,,0,0,0,TE,TE,ed_west,0.0,0.0,0.0
1986,GNB,Mark Lewis,Mark,Lewis,TE,89.0,25,74,239,Texas A&M,5/5/1961,1,16,1,0.0,1985.0,0,0,0,TE,TE,mark_lewis,0.0,0.0,0.0
1986,GNB,Mark Lewis,Mark,Lewis,TE,89.0,25,74,239,Texas A&M,5/5/1961,1,16,1,0.0,1985.0,0,0,0,TE,TE,mark_lewis,0.0,0.0,0.0
1986,KAN,Walt Arnold,Walt,Arnold,TE,87.0,28,75,228,New Mexico,8/31/1958,6,16,15,2.0,,0,0,0,TE,TE,walt_arnold,0.0,0.0,0.0
1986,KAN,Walt Arnold,Walt,Arnold,TE,87.0,28,75,228,New Mexico,8/31/1958,6,16,15,2.0,,0,0,0,TE,TE,walt_arnold,0.0,0.0,0.0
1986,KAN,Paul Coffman,Paul,Coffman,TE,84.0,30,75,222,Kansas St.,3/29/1956,8,15,0,1.0,,0,0,0,TE,TE,paul_coffman,0.0,0.0,1.0
1986,KAN,Jonathan Hayes,Jonathan,Hayes,TE,85.0,24,77,248,Iowa,8/11/1962,1,16,4,1.0,1985.0,0,0,0,TE,TE,jonathan_hayes,15.0,0.0,0.0
1986,KAN,Paul Coffman,Paul,Coffman,TE,84.0,30,75,222,Kansas St.,3/29/1956,8,15,0,1.0,,0,0,0,TE,TE,paul_coffman,0.0,0.0,1.0
1986,KAN,Jonathan Hayes,Jonathan,Hayes,TE,85.0,24,77,248,Iowa,8/11/1962,1,16,4,1.0,1985.0,0,0,0,TE,TE,jonathan_hayes,15.0,0.0,0.0
1986,MIA,Bruce Hardy,Bruce,Hardy,TE,84.0,30,77,235,Arizona St.,6/1/1956,8,16,16,5.0,1978.0,0,0,0,TE,TE,bruce_hardy,22.0,0.0,0.0
1986,MIA,Bruce Hardy,Bruce,Hardy,TE,84.0,30,77,235,Arizona St.,6/1/1956,8,16,16,5.0,1978.0,0,0,0,TE,TE,bruce_hardy,22.0,0.0,0.0
1986,MIA,Dan Johnson,Dan,Johnson,TE,87.0,26,75,240,Iowa St.,5/17/1960,3,15,1,2.0,1982.0,0,0,0,TE,TE,dan_johnson,10.0,0.0,0.0
1986,MIA,Dan Johnson,Dan,Johnson,TE,87.0,26,75,240,Iowa St.,5/17/1960,3,15,1,2.0,1982.0,0,0,0,TE,TE,dan_johnson,10.0,0.0,0.0
1986,MIN,Steve Jordan,Steve,Jordan,TE,83.0,25,75,236,Brown,1/10/1961,4,16,16,9.0,1982.0,0,0,0,TE,TE,steve_jordan,48.0,0.0,6.0
1986,MIN,Steve Jordan,Steve,Jordan,TE,83.0,25,75,236,Brown,1/10/1961,4,16,16,9.0,1982.0,0,0,0,TE,TE,steve_jordan,48.0,0.0,6.0
1986,MIN,Mike Mularkey,Mike,Mularkey,TE,86.0,25,76,245,Florida,11/19/1961,3,16,0,1.0,1983.0,0,0,0,TE,TE,mike_mularkey,11.0,0.0,0.0
1986,MIN,Mike Mularkey,Mike,Mularkey,TE,86.0,25,76,245,Florida,11/19/1961,3,16,0,1.0,1983.0,0,0,0,TE,TE,mike_mularkey,11.0,0.0,0.0
1986,MIN,Carl Hilton,Carl,Hilton,TE,82.0,22,75,232,Houston,2/28/1964,Rook,16,0,0.0,1986.0,0,0,0,TE,TE,carl_hilton,0.0,0.0,0.0
1986,MIN,Carl Hilton,Carl,Hilton,TE,82.0,22,75,232,Houston,2/28/1964,Rook,16,0,0.0,1986.0,0,0,0,TE,TE,carl_hilton,0.0,0.0,0.0
1986,NOR,Hoby Brenner,Hoby,Brenner,TE,85.0,27,76,240,USC,6/2/1959,5,15,12,3.0,1981.0,0,0,0,TE,TE,hoby_brenner,31.0,0.0,1.0
1986,NOR,John Tice,John,Tice,TE,82.0,26,77,242,Maryland,6/22/1960,3,16,13,3.0,1983.0,0,0,0,TE,TE,john_tice,12.0,0.0,0.0
1986,NOR,Hoby Brenner,Hoby,Brenner,TE,85.0,27,76,240,USC,6/2/1959,5,15,12,3.0,1981.0,0,0,0,TE,TE,hoby_brenner,31.0,0.0,1.0
1986,NOR,John Tice,John,Tice,TE,82.0,26,77,242,Maryland,6/22/1960,3,16,13,3.0,1983.0,0,0,0,TE,TE,john_tice,12.0,0.0,0.0
1986,NWE,Greg Baty,Greg,Baty,TE,48.0,22,77,241,Stanford,8/28/1964,Rook,16,7,3.0,1986.0,0,0,0,TE,TE,greg_baty,8.0,0.0,0.0
1986,NWE,Greg Baty,Greg,Baty,TE,48.0,22,77,241,Stanford,8/28/1964,Rook,16,7,3.0,1986.0,0,0,0,TE,TE,greg_baty,8.0,0.0,0.0
1986,NWE,Greg Hawthorne,Greg,Hawthorne,TE,27.0,30,74,228,Baylor,9/5/1956,7,14,10,2.0,1979.0,0,0,0,TE,TE,greg_hawthorne,14.0,0.0,0.0
1986,NWE,Greg Hawthorne,Greg,Hawthorne,TE,27.0,30,74,228,Baylor,9/5/1956,7,14,10,2.0,1979.0,0,0,0,TE,TE,greg_hawthorne,14.0,0.0,0.0
1986,NWE,Willie Scott,Willie,Scott,TE,88.0,27,76,245,South Carolina,2/13/1959,5,14,0,0.0,1981.0,0,0,0,TE,TE,willie_scott,6.0,0.0,0.0
1986,NWE,Willie Scott,Willie,Scott,TE,88.0,27,76,245,South Carolina,2/13/1959,5,14,0,0.0,1981.0,0,0,0,TE,TE,willie_scott,6.0,0.0,0.0
1986,NYG,Mark Bavaro,Mark,Bavaro,TE,89.0,23,76,245,Notre Dame,4/28/1963,1,16,15,11.0,1985.0,0,0,0,TE,TE,mark_bavaro,40.0,2.0,2.0
1986,NYG,Mark Bavaro,Mark,Bavaro,TE,89.0,23,76,245,Notre Dame,4/28/1963,1,16,15,11.0,1985.0,0,0,0,TE,TE,mark_bavaro,40.0,2.0,2.0
1986,NYG,Zeke Mowatt,Zeke,Mowatt,TE,84.0,25,75,238,Florida St.,3/5/1961,3,16,5,1.0,,0,0,0,TE,TE,zeke_mowatt,0.0,0.0,0.0
1986,NYG,Zeke Mowatt,Zeke,Mowatt,TE,84.0,25,75,238,Florida St.,3/5/1961,3,16,5,1.0,,0,0,0,TE,TE,zeke_mowatt,0.0,0.0,0.0
1986,NYJ,Mickey Shuler,Mickey,Shuler,TE,82.0,30,75,232,Penn St.,8/21/1956,8,16,16,7.0,1978.0,0,0,0,TE,TE,mickey_shuler,42.0,0.0,2.0
1986,NYJ,Mickey Shuler,Mickey,Shuler,TE,82.0,30,75,232,Penn St.,8/21/1956,8,16,16,7.0,1978.0,0,0,0,TE,TE,mickey_shuler,0.0,0.0,0.0
1986,NYJ,Mickey Shuler,Mickey,Shuler,TE,82.0,30,75,232,Penn St.,8/21/1956,8,16,16,7.0,1978.0,0,0,0,TE,TE,mickey_shuler,42.0,0.0,2.0
1986,NYJ,Mickey Shuler,Mickey,Shuler,TE,82.0,30,75,232,Penn St.,8/21/1956,8,16,16,7.0,1978.0,0,0,0,TE,TE,mickey_shuler,0.0,0.0,0.0
1986,NYJ,Rocky Klever,Rocky,Klever,TE,89.0,27,75,225,Montana,7/10/1959,3,16,11,1.0,1982.0,0,0,0,TE,TE,rocky_klever,4.0,0.0,0.0
1986,NYJ,Rocky Klever,Rocky,Klever,TE,89.0,27,75,225,Montana,7/10/1959,3,16,11,1.0,1982.0,0,0,0,TE,TE,rocky_klever,4.0,0.0,0.0
1986,NYJ,Billy Griggs,Billy,Griggs,TE,81.0,24,75,230,Virginia,8/4/1962,1,16,1,0.0,1984.0,0,0,0,TE,TE,billy_griggs,2.0,0.0,0.0
1986,NYJ,Billy Griggs,Billy,Griggs,TE,81.0,24,75,230,Virginia,8/4/1962,1,16,1,0.0,1984.0,0,0,0,TE,TE,billy_griggs,2.0,0.0,0.0
1986,OTI,Jamie Williams,Jamie,Williams,TE,87.0,26,76,240,Nebraska,2/25/1960,3,16,16,2.0,1983.0,0,0,0,TE,TE,jamie_williams,16.0,0.0,0.0
1986,OTI,Jamie Williams,Jamie,Williams,TE,87.0,26,76,240,Nebraska,2/25/1960,3,16,16,2.0,1983.0,0,0,0,TE,TE,jamie_williams,16.0,0.0,0.0
1986,OTI,Jamie Williams,Jamie,Williams,TE,87.0,26,76,240,Nebraska,2/25/1960,3,16,16,2.0,1983.0,0,0,0,TE,TE,jamie_williams,16.0,0.0,0.0
1986,OTI,Jamie Williams,Jamie,Williams,TE,87.0,26,76,240,Nebraska,2/25/1960,3,16,16,2.0,1983.0,0,0,0,TE,TE,jamie_williams,16.0,0.0,0.0
1986,OTI,Chris Dressel,Chris,Dressel,TE,88.0,25,76,238,Stanford,2/7/1961,3,16,0,0.0,1983.0,0,0,0,TE,TE,chris_dressel,8.0,0.0,0.0
1986,OTI,Jeff Parks,Jeff,Parks,TE,89.0,22,76,238,Auburn,9/14/1964,Rook,5,0,0.0,1986.0,0,0,0,TE,TE,jeff_parks,0.0,0.0,0.0
1986,OTI,Chris Dressel,Chris,Dressel,TE,88.0,25,76,238,Stanford,2/7/1961,3,16,0,0.0,1983.0,0,0,0,TE,TE,chris_dressel,8.0,0.0,0.0
1986,OTI,Jeff Parks,Jeff,Parks,TE,89.0,22,76,238,Auburn,9/14/1964,Rook,5,0,0.0,1986.0,0,0,0,TE,TE,jeff_parks,0.0,0.0,0.0
1986,OTI,Chris Dressel,Chris,Dressel,TE,88.0,25,76,238,Stanford,2/7/1961,3,16,0,0.0,1983.0,0,0,0,TE,TE,chris_dressel,8.0,0.0,0.0
1986,OTI,Jeff Parks,Jeff,Parks,TE,89.0,22,76,238,Auburn,9/14/1964,Rook,5,0,0.0,1986.0,0,0,0,TE,TE,jeff_parks,0.0,0.0,0.0
1986,OTI,Chris Dressel,Chris,Dressel,TE,88.0,25,76,238,Stanford,2/7/1961,3,16,0,0.0,1983.0,0,0,0,TE,TE,chris_dressel,8.0,0.0,0.0
1986,OTI,Jeff Parks,Jeff,Parks,TE,89.0,22,76,238,Auburn,9/14/1964,Rook,5,0,0.0,1986.0,0,0,0,TE,TE,jeff_parks,0.0,0.0,0.0
1986,PHI,John Spagnola,John,Spagnola,TE,88.0,29,76,240,Yale,8/1/1957,7,15,12,3.0,1979.0,0,0,0,TE,TE,john_spagnola,23.0,0.0,0.0
1986,PHI,John Spagnola,John,Spagnola,TE,88.0,29,76,240,Yale,8/1/1957,7,15,12,3.0,1979.0,0,0,0,TE,TE,john_spagnola,23.0,0.0,0.0
1986,PHI,Dave Little,Dave,Little,TE,89.0,25,74,233,Middle Tenn. St.,4/18/1961,2,16,5,1.0,,0,0,0,TE,TE,dave_little,0.0,0.0,0.0
1986,PHI,Dave Little,Dave,Little,TE,89.0,25,74,233,Middle Tenn. St.,4/18/1961,2,16,5,1.0,,0,0,0,TE,TE,dave_little,0.0,0.0,0.0
1986,PHI,Mike Waters,Mike,Waters,TE,33.0,24,74,228,San Diego St.,3/15/1962,Rook,5,2,0.0,1985.0,0,0,0,TE,TE,mike_waters,2.0,0.0,0.0
1986,PHI,Mike Waters,Mike,Waters,TE,33.0,24,74,228,San Diego St.,3/15/1962,Rook,5,2,0.0,1985.0,0,0,0,TE,TE,mike_waters,2.0,0.0,0.0
1986,PIT,Preston Gothard,Preston,Gothard,TE,86.0,24,76,239,Alabama,2/23/1962,1,16,16,3.0,,0,0,0,TE,TE,preston_gothard,0.0,0.0,0.0
1986,PIT,Preston Gothard,Preston,Gothard,TE,86.0,24,76,239,Alabama,2/23/1962,1,16,16,3.0,,0,0,0,TE,TE,preston_gothard,0.0,0.0,0.0
1986,PIT,Warren Seitz,Warren,Seitz,TE,80.0,24,76,217,Missouri,9/29/1962,Rook,16,0,0.0,1986.0,0,0,0,TE,TE,warren_seitz,0.0,0.0,0.0
1986,PIT,Warren Seitz,Warren,Seitz,TE,80.0,24,76,217,Missouri,9/29/1962,Rook,16,0,0.0,1986.0,0,0,0,TE,TE,warren_seitz,0.0,0.0,0.0
1986,RAI,Todd Christensen,Todd,Christensen,TE,46.0,30,75,230,BYU,8/3/1956,7,16,16,9.0,1978.0,0,0,0,TE,TE,todd_christensen,50.0,2.0,5.0
1986,RAI,Todd Christensen,Todd,Christensen,TE,46.0,30,75,230,BYU,8/3/1956,7,16,16,9.0,1978.0,0,0,0,TE,TE,todd_christensen,50.0,2.0,5.0
1986,RAI,Chris Riehm,Chris,Riehm,TE,77.0,25,78,275,Ohio St.,4/14/1961,Rook,12,2,1.0,,0,0,0,TE,TE,chris_riehm,0.0,0.0,0.0
1986,RAI,Chris Riehm,Chris,Riehm,TE,77.0,25,78,275,Ohio St.,4/14/1961,Rook,12,2,1.0,,0,0,0,TE,TE,chris_riehm,0.0,0.0,0.0
1986,RAI,Earl Cooper,Earl,Cooper,TE,86.0,29,74,227,Rice,9/17/1957,6,5,0,0.0,1980.0,0,0,0,TE,TE,earl_cooper,25.0,0.0,0.0
1986,RAI,Derrick Jensen,Derrick,Jensen,TE,31.0,30,73,221,Texas-Arlington,4/27/1956,7,1,0,0.0,1978.0,0,0,0,TE,TE,derrick_jensen,8.0,0.0,0.0
1986,RAI,Trey Junkin,Trey,Junkin,TE,87.0,25,74,240,Louisiana Tech,1/23/1961,3,3,0,0.0,1983.0,0,0,0,TE,TE,trey_junkin,2.0,0.0,0.0
1986,RAI,Andy Parker,Andy,Parker,TE,81.0,25,77,244,Utah,9/8/1961,2,13,0,0.0,1984.0,0,0,0,TE,TE,andy_parker,0.0,0.0,0.0
1986,RAI,Earl Cooper,Earl,Cooper,TE,86.0,29,74,227,Rice,9/17/1957,6,5,0,0.0,1980.0,0,0,0,TE,TE,earl_cooper,25.0,0.0,0.0
1986,RAI,Derrick Jensen,Derrick,Jensen,TE,31.0,30,73,221,Texas-Arlington,4/27/1956,7,1,0,0.0,1978.0,0,0,0,TE,TE,derrick_jensen,8.0,0.0,0.0
1986,RAI,Trey Junkin,Trey,Junkin,TE,87.0,25,74,240,Louisiana Tech,1/23/1961,3,3,0,0.0,1983.0,0,0,0,TE,TE,trey_junkin,2.0,0.0,0.0
1986,RAI,Andy Parker,Andy,Parker,TE,81.0,25,77,244,Utah,9/8/1961,2,13,0,0.0,1984.0,0,0,0,TE,TE,andy_parker,0.0,0.0,0.0
1986,RAM,David Hill,David,Hill,TE,81.0,32,74,229,Texas A&M-Kingsville,1/1/1954,10,16,15,2.0,1976.0,0,0,0,TE,TE,david_hill,34.0,0.0,2.0
1986,RAM,Tony Hunter,Tony,Hunter,TE,87.0,26,76,237,Notre Dame,5/22/1960,3,7,1,2.0,1983.0,0,0,0,TE,TE,tony_hunter,11.0,0.0,0.0
1986,RAM,David Hill,David,Hill,TE,81.0,32,74,229,Texas A&M-Kingsville,1/1/1954,10,16,15,2.0,1976.0,0,0,0,TE,TE,david_hill,34.0,0.0,2.0
1986,RAM,Tony Hunter,Tony,Hunter,TE,87.0,26,76,237,Notre Dame,5/22/1960,3,7,1,2.0,1983.0,0,0,0,TE,TE,tony_hunter,11.0,0.0,0.0
1986,RAM,Damone Johnson,Damone,Johnson,TE,86.0,24,76,230,Cal Poly-San Luis Obispo,3/2/1962,1,5,0,0.0,1985.0,0,0,0,TE,TE,damone_johnson,8.0,0.0,0.0
1986,RAM,Darren Long,Darren,Long,TE,45.0,27,75,240,Long Beach St.,7/12/1959,Rook,4,0,0.0,,0,0,0,TE,TE,darren_long,0.0,0.0,0.0
1986,RAM,Damone Johnson,Damone,Johnson,TE,86.0,24,76,230,Cal Poly-San Luis Obispo,3/2/1962,1,5,0,0.0,1985.0,0,0,0,TE,TE,damone_johnson,8.0,0.0,0.0
1986,RAM,Darren Long,Darren,Long,TE,45.0,27,75,240,Long Beach St.,7/12/1959,Rook,4,0,0.0,,0,0,0,TE,TE,darren_long,0.0,0.0,0.0
1986,SDG,Kellen Winslow,Kellen,Winslow,TE,80.0,29,77,251,Missouri,11/5/1957,7,16,16,7.0,1979.0,0,0,0,TE,TE,kellen_winslow,63.0,3.0,5.0
1986,SDG,Kellen Winslow,Kellen,Winslow,TE,80.0,29,77,251,Missouri,11/5/1957,7,16,16,7.0,1979.0,0,0,0,TE,TE,kellen_winslow,37.0,0.0,1.0
1986,SDG,Kellen Winslow,Kellen,Winslow,TE,80.0,29,77,251,Missouri,11/5/1957,7,16,16,7.0,1979.0,0,0,0,TE,TE,kellen_winslow,63.0,3.0,5.0
1986,SDG,Kellen Winslow,Kellen,Winslow,TE,80.0,29,77,251,Missouri,11/5/1957,7,16,16,7.0,1979.0,0,0,0,TE,TE,kellen_winslow,37.0,0.0,1.0
1986,SDG,Pete Holohan,Pete,Holohan,TE,88.0,27,76,237,Notre Dame,7/25/1959,5,16,6,3.0,1981.0,0,0,0,TE,TE,pete_holohan,29.0,0.0,0.0
1986,SDG,Pete Holohan,Pete,Holohan,TE,88.0,27,76,237,Notre Dame,7/25/1959,5,16,6,3.0,1981.0,0,0,0,TE,TE,pete_holohan,29.0,0.0,0.0
1986,SDG,Eric Sievers,Eric,Sievers,TE,85.0,29,76,236,Maryland,11/9/1957,5,9,1,0.0,1981.0,0,0,0,TE,TE,eric_sievers,21.0,0.0,0.0
1986,SDG,Eric Sievers,Eric,Sievers,TE,85.0,29,76,236,Maryland,11/9/1957,5,9,1,0.0,1981.0,0,0,0,TE,TE,eric_sievers,21.0,0.0,0.0
1986,SEA,Mike Tice,Mike,Tice,TE,86.0,27,79,253,Maryland,2/2/1959,5,16,15,2.0,,0,0,0,TE,TE,mike_tice,0.0,0.0,0.0
1986,SEA,Mike Tice,Mike,Tice,TE,86.0,27,79,253,Maryland,2/2/1959,5,16,15,2.0,,0,0,0,TE,TE,mike_tice,0.0,0.0,0.0
1986,SEA,Gordon Hudson,Gordon,Hudson,TE,85.0,24,76,241,BYU,6/22/1962,Rook,16,4,1.0,,0,0,0,TE,TE,gordon_hudson,0.0,0.0,0.0
1986,SEA,Gordon Hudson,Gordon,Hudson,TE,85.0,24,76,241,BYU,6/22/1962,Rook,16,4,1.0,,0,0,0,TE,TE,gordon_hudson,0.0,0.0,0.0
1986,SEA,Jim Laughton,Jim,Laughton,TE,89.0,26,77,225,San Diego St.,1/18/1960,Rook,6,0,0.0,,0,0,0,TE,TE,jim_laughton,0.0,0.0,0.0
1986,SEA,Jim Laughton,Jim,Laughton,TE,89.0,26,77,225,San Diego St.,1/18/1960,Rook,6,0,0.0,,0,0,0,TE,TE,jim_laughton,0.0,0.0,0.0
1986,SFO,Russ Francis,Russ,Francis,TE,81.0,33,78,240,Oregon,4/3/1953,11,16,14,4.0,1975.0,0,0,0,TE,TE,russ_francis,46.0,0.0,3.0
1986,SFO,Russ Francis,Russ,Francis,TE,81.0,33,78,240,Oregon,4/3/1953,11,16,14,4.0,1975.0,0,0,0,TE,TE,russ_francis,46.0,0.0,3.0
1986,SFO,John Frank,John,Frank,TE,86.0,24,75,225,Ohio St.,4/17/1962,2,16,6,1.0,1984.0,0,0,0,TE,TE,john_frank,8.0,0.0,0.0
1986,SFO,John Frank,John,Frank,TE,86.0,24,75,225,Ohio St.,4/17/1962,2,16,6,1.0,1984.0,0,0,0,TE,TE,john_frank,0.0,0.0,0.0
1986,SFO,John Frank,John,Frank,TE,86.0,24,75,225,Ohio St.,4/17/1962,2,16,6,1.0,1984.0,0,0,0,TE,TE,john_frank,8.0,0.0,0.0
1986,SFO,John Frank,John,Frank,TE,86.0,24,75,225,Ohio St.,4/17/1962,2,16,6,1.0,1984.0,0,0,0,TE,TE,john_frank,0.0,0.0,0.0
1986,TAM,Calvin Magee,Calvin,Magee,TE,86.0,23,75,240,Southern,4/23/1963,1,16,13,5.0,,0,0,0,TE,TE,calvin_magee,0.0,0.0,0.0
1986,TAM,Calvin Magee,Calvin,Magee,TE,86.0,23,75,240,Southern,4/23/1963,1,16,13,5.0,,0,0,0,TE,TE,calvin_magee,0.0,0.0,0.0
1986,TAM,Jimmie Giles,Jimmie,Giles,TE,88.0,32,75,239,Alcorn St.,11/8/1954,9,7,7,2.0,1977.0,0,0,0,TE,TE,jimmie_giles,40.0,0.0,4.0
1986,TAM,Jimmie Giles,Jimmie,Giles,TE,88.0,32,75,239,Alcorn St.,11/8/1954,9,7,7,2.0,1977.0,0,0,0,TE,TE,jimmie_giles,40.0,0.0,4.0
1986,TAM,Jerry Bell,Jerry,Bell,TE,82.0,27,77,230,Arizona St.,3/7/1959,4,10,3,1.0,1982.0,0,0,0,TE,TE,jerry_bell,10.0,0.0,0.0
1986,TAM,K.D. Dunn,K.D.,Dunn,TE,85.0,23,75,235,Clemson,4/28/1963,1,7,0,1.0,1985.0,0,0,0,TE,TE,k.d._dunn,2.0,0.0,0.0
1986,TAM,Jerry Bell,Jerry,Bell,TE,82.0,27,77,230,Arizona St.,3/7/1959,4,10,3,1.0,1982.0,0,0,0,TE,TE,jerry_bell,10.0,0.0,0.0
1986,TAM,K.D. Dunn,K.D.,Dunn,TE,85.0,23,75,235,Clemson,4/28/1963,1,7,0,1.0,1985.0,0,0,0,TE,TE,k.d._dunn,2.0,0.0,0.0
1986,TAM,Jeff Spek,Jeff,Spek,TE,88.0,26,75,240,"UNLV,San Diego St.",10/1/1960,Rook,2,0,0.0,,0,0,0,TE,TE,jeff_spek,0.0,0.0,0.0
1986,TAM,Jeff Spek,Jeff,Spek,TE,88.0,26,75,240,"UNLV,San Diego St.",10/1/1960,Rook,2,0,0.0,,0,0,0,TE,TE,jeff_spek,0.0,0.0,0.0
1986,WAS,Clint Didier,Clint,Didier,TE,86.0,27,77,240,Portland St.,4/4/1959,4,14,11,7.0,1981.0,0,0,0,TE,TE,clint_didier,18.0,0.0,0.0
1986,WAS,Clint Didier,Clint,Didier,TE,86.0,27,77,240,Portland St.,4/4/1959,4,14,11,7.0,1981.0,0,0,0,TE,TE,clint_didier,18.0,0.0,0.0
1986,WAS,Don Warren,Don,Warren,TE,85.0,30,76,242,San Diego St.,5/5/1956,7,16,16,2.0,1979.0,0,0,0,TE,TE,don_warren,22.0,0.0,0.0
1986,WAS,Don Warren,Don,Warren,TE,85.0,30,76,242,San Diego St.,5/5/1956,7,16,16,2.0,1979.0,0,0,0,TE,TE,don_warren,22.0,0.0,0.0
1986,WAS,Todd Frain,Todd,Frain,TE,88.0,24,74,240,Nebraska,1/31/1962,Rook,1,0,0.0,,0,0,0,TE,TE,todd_frain,0.0,0.0,0.0
1986,WAS,Anthony Jones,Anthony,Jones,TE,82.0,26,75,248,"MD-Eastern Shore,Wichita St.",5/16/1960,2,15,1,0.0,1984.0,0,0,0,TE,TE,anthony_jones,0.0,0.0,0.0
1986,WAS,Terry Orr,Terry,Orr,TE,87.0,25,75,231,Texas,9/27/1961,1,16,1,0.0,1985.0,0,0,0,TE,TE,terry_orr,10.0,0.0,0.0
1986,WAS,Todd Frain,Todd,Frain,TE,88.0,24,74,240,Nebraska,1/31/1962,Rook,1,0,0.0,,0,0,0,TE,TE,todd_frain,0.0,0.0,0.0
1986,WAS,Anthony Jones,Anthony,Jones,TE,82.0,26,75,248,"MD-Eastern Shore,Wichita St.",5/16/1960,2,15,1,0.0,1984.0,0,0,0,TE,TE,anthony_jones,0.0,0.0,0.0
1986,WAS,Terry Orr,Terry,Orr,TE,87.0,25,75,231,Texas,9/27/1961,1,16,1,0.0,1985.0,0,0,0,TE,TE,terry_orr,10.0,0.0,0.0
1987,ATL,Sylvester Byrd,Sylvester,Byrd,TE,88.0,24,74,225,Kansas,5/1/1963,Rook,3,2,1.0,,0,0,0,TE,TE,sylvester_byrd,0.0,0.0,0.0
1987,ATL,Arthur Cox,Arthur,Cox,TE,88.0,26,75,262,Texas Southern,2/5/1961,4,12,10,1.0,,0,0,0,TE,TE,arthur_cox,0.0,0.0,0.0
1987,ATL,Ken Whisenhunt,Ken,Whisenhunt,TE,45.0,25,75,237,Georgia Tech,2/28/1962,2,7,7,1.0,1985.0,0,0,0,TE,TE,ken_whisenhunt,3.0,0.0,0.0
1987,ATL,Sylvester Byrd,Sylvester,Byrd,TE,88.0,24,74,225,Kansas,5/1/1963,Rook,3,2,1.0,,0,0,0,TE,TE,sylvester_byrd,0.0,0.0,0.0
1987,ATL,Arthur Cox,Arthur,Cox,TE,88.0,26,75,262,Texas Southern,2/5/1961,4,12,10,1.0,,0,0,0,TE,TE,arthur_cox,0.0,0.0,0.0
1987,ATL,Ken Whisenhunt,Ken,Whisenhunt,TE,45.0,25,75,237,Georgia Tech,2/28/1962,2,7,7,1.0,1985.0,0,0,0,TE,TE,ken_whisenhunt,3.0,0.0,0.0
1987,ATL,John Evans,John,Evans,TE,87.0,23,74,243,S.F. Austin,6/13/1964,Rook,1,1,0.0,,0,0,0,TE,TE,john_evans,0.0,0.0,0.0
1987,ATL,Ron Middleton,Ron,Middleton,TE,87.0,22,74,262,Auburn,7/17/1965,1,12,4,0.0,,0,0,0,TE,TE,ron_middleton,0.0,0.0,0.0
1987,ATL,Dan Sharp,Dan,Sharp,TE,80.0,25,74,235,TCU,2/5/1962,Rook,9,0,0.0,1985.0,0,0,0,TE,TE,dan_sharp,0.0,0.0,0.0
1987,ATL,Geno Zimmerlink,Geno,Zimmerlink,TE,46.0,24,75,222,Virginia,3/26/1963,Rook,3,1,0.0,,0,0,0,TE,TE,geno_zimmerlink,0.0,0.0,0.0
1987,ATL,John Evans,John,Evans,TE,87.0,23,74,243,S.F. Austin,6/13/1964,Rook,1,1,0.0,,0,0,0,TE,TE,john_evans,0.0,0.0,0.0
1987,ATL,Ron Middleton,Ron,Middleton,TE,87.0,22,74,262,Auburn,7/17/1965,1,12,4,0.0,,0,0,0,TE,TE,ron_middleton,0.0,0.0,0.0
1987,ATL,Dan Sharp,Dan,Sharp,TE,80.0,25,74,235,TCU,2/5/1962,Rook,9,0,0.0,1985.0,0,0,0,TE,TE,dan_sharp,0.0,0.0,0.0
1987,ATL,Geno Zimmerlink,Geno,Zimmerlink,TE,46.0,24,75,222,Virginia,3/26/1963,Rook,3,1,0.0,,0,0,0,TE,TE,geno_zimmerlink,0.0,0.0,0.0
1987,BUF,Pete Metzelaars,Pete,Metzelaars,TE,88.0,27,79,254,Wabash,5/24/1960,5,12,12,2.0,1982.0,0,0,0,TE,TE,pete_metzelaars,28.0,0.0,0.0
1987,BUF,Pete Metzelaars,Pete,Metzelaars,TE,88.0,27,79,254,Wabash,5/24/1960,5,12,12,2.0,1982.0,0,0,0,TE,TE,pete_metzelaars,28.0,0.0,0.0
1987,BUF,Keith McKeller,Keith,McKeller,TE,84.0,23,78,240,Jacksonville St.,7/9/1964,Rook,1,1,1.0,1987.0,0,0,0,TE,TE,keith_mckeller,16.0,0.0,0.0
1987,BUF,Keith McKeller,Keith,McKeller,TE,84.0,23,78,240,Jacksonville St.,7/9/1964,Rook,1,1,1.0,1987.0,0,0,0,TE,TE,keith_mckeller,16.0,0.0,0.0
1987,BUF,Veno Belk,Veno,Belk,TE,84.0,24,75,233,Michigan St.,3/7/1963,Rook,2,2,0.0,,0,0,0,TE,TE,veno_belk,0.0,0.0,0.0
1987,BUF,Butch Rolle,Butch,Rolle,TE,87.0,23,75,242,Michigan St.,8/19/1964,1,12,0,0.0,1986.0,0,0,0,TE,TE,butch_rolle,2.0,0.0,0.0
1987,BUF,Joe Silipo,Joe,Silipo,TE,64.0,30,75,295,Tulane,12/31/1957,Rook,1,1,0.0,,0,0,0,TE,TE,joe_silipo,0.0,0.0,0.0
1987,BUF,Mark Walczak,Mark,Walczak,TE,87.0,25,78,246,Arizona,4/26/1962,1,2,0,0.0,,0,0,0,TE,TE,mark_walczak,0.0,0.0,0.0
1987,BUF,Gary Wilkins,Gary,Wilkins,TE,87.0,24,73,235,Georgia Tech,11/23/1963,1,1,0,0.0,,0,0,0,TE,TE,gary_wilkins,0.0,0.0,0.0
1987,BUF,Veno Belk,Veno,Belk,TE,84.0,24,75,233,Michigan St.,3/7/1963,Rook,2,2,0.0,,0,0,0,TE,TE,veno_belk,0.0,0.0,0.0
1987,BUF,Butch Rolle,Butch,Rolle,TE,87.0,23,75,242,Michigan St.,8/19/1964,1,12,0,0.0,1986.0,0,0,0,TE,TE,butch_rolle,2.0,0.0,0.0
1987,BUF,Joe Silipo,Joe,Silipo,TE,64.0,30,75,295,Tulane,12/31/1957,Rook,1,1,0.0,,0,0,0,TE,TE,joe_silipo,0.0,0.0,0.0
1987,BUF,Mark Walczak,Mark,Walczak,TE,87.0,25,78,246,Arizona,4/26/1962,1,2,0,0.0,,0,0,0,TE,TE,mark_walczak,0.0,0.0,0.0
1987,BUF,Gary Wilkins,Gary,Wilkins,TE,87.0,24,73,235,Georgia Tech,11/23/1963,1,1,0,0.0,,0,0,0,TE,TE,gary_wilkins,0.0,0.0,0.0
1987,CHI,Emery Moorehead,Emery,Moorehead,TE,87.0,33,74,218,Colorado,3/22/1954,10,12,12,3.0,1977.0,0,0,0,TE,TE,emery_moorehead,26.0,0.0,0.0
1987,CHI,Emery Moorehead,Emery,Moorehead,TE,87.0,33,74,218,Colorado,3/22/1954,10,12,12,3.0,1977.0,0,0,0,TE,TE,emery_moorehead,26.0,0.0,0.0
1987,CHI,Cap Boso,Cap,Boso,TE,86.0,24,76,232,Illinois,9/10/1963,1,12,0,2.0,1986.0,0,0,0,TE,TE,cap_boso,5.0,0.0,0.0
1987,CHI,Cap Boso,Cap,Boso,TE,86.0,24,76,232,Illinois,9/10/1963,1,12,0,2.0,1986.0,0,0,0,TE,TE,cap_boso,5.0,0.0,0.0
1987,CHI,Sam Bowers,Sam,Bowers,TE,84.0,30,76,250,"Tennessee St.,Fordham",12/22/1957,Rook,3,0,0.0,,0,0,0,TE,TE,sam_bowers,0.0,0.0,0.0
1987,CHI,Brian Glasgow,Brian,Glasgow,TE,82.0,26,74,230,Northern Illinois,6/9/1961,Rook,3,1,0.0,,0,0,0,TE,TE,brian_glasgow,0.0,0.0,0.0
1987,CHI,Don Kindt,Don,Kindt,TE,81.0,26,78,242,WisconsinâLaCrosse,3/9/1961,Rook,3,2,0.0,,0,0,0,TE,TE,don_kindt,0.0,0.0,1.0
1987,CHI,Sam Bowers,Sam,Bowers,TE,84.0,30,76,250,"Tennessee St.,Fordham",12/22/1957,Rook,3,0,0.0,,0,0,0,TE,TE,sam_bowers,0.0,0.0,0.0
1987,CHI,Brian Glasgow,Brian,Glasgow,TE,82.0,26,74,230,Northern Illinois,6/9/1961,Rook,3,1,0.0,,0,0,0,TE,TE,brian_glasgow,0.0,0.0,0.0
1987,CHI,Don Kindt,Don,Kindt,TE,81.0,26,78,242,WisconsinâLaCrosse,3/9/1961,Rook,3,2,0.0,,0,0,0,TE,TE,don_kindt,0.0,0.0,1.0
1987,CIN,Rodney Holman,Rodney,Holman,TE,82.0,27,75,238,Tulane,4/20/1960,5,12,12,4.0,1982.0,0,0,0,TE,TE,rodney_holman,40.0,0.0,3.0
1987,CIN,Rodney Holman,Rodney,Holman,TE,82.0,27,75,238,Tulane,4/20/1960,5,12,12,4.0,1982.0,0,0,0,TE,TE,rodney_holman,40.0,0.0,3.0
1987,CIN,Eric Kattus,Eric,Kattus,TE,84.0,24,77,240,Michigan,3/4/1963,1,11,0,2.0,1986.0,0,0,0,TE,TE,eric_kattus,6.0,0.0,0.0
1987,CIN,Eric Kattus,Eric,Kattus,TE,84.0,24,77,240,Michigan,3/4/1963,1,11,0,2.0,1986.0,0,0,0,TE,TE,eric_kattus,6.0,0.0,0.0
1987,CIN,Curtis Jeffries,Curtis,Jeffries,TE,87.0,23,76,236,Louisville,10/26/1964,Rook,3,0,0.0,,0,0,0,TE,TE,curtis_jeffries,0.0,0.0,0.0
1987,CIN,Jim Riggs,Jim,Riggs,TE,87.0,24,77,245,Clemson,9/29/1963,Rook,9,0,0.0,1987.0,0,0,0,TE,TE,jim_riggs,3.0,0.0,0.0
1987,CIN,Wade Russell,Wade,Russell,TE,82.0,24,76,250,Taylor,8/16/1963,Rook,3,0,0.0,,0,0,0,TE,TE,wade_russell,0.0,0.0,0.0
1987,CIN,Reggie Sims,Reggie,Sims,TE,84.0,25,76,253,Northern Illinois,7/30/1962,Rook,1,0,0.0,,0,0,0,TE,TE,reggie_sims,0.0,0.0,0.0
1987,CIN,Curtis Jeffries,Curtis,Jeffries,TE,87.0,23,76,236,Louisville,10/26/1964,Rook,3,0,0.0,,0,0,0,TE,TE,curtis_jeffries,0.0,0.0,0.0
1987,CIN,Jim Riggs,Jim,Riggs,TE,87.0,24,77,245,Clemson,9/29/1963,Rook,9,0,0.0,1987.0,0,0,0,TE,TE,jim_riggs,3.0,0.0,0.0
1987,CIN,Wade Russell,Wade,Russell,TE,82.0,24,76,250,Taylor,8/16/1963,Rook,3,0,0.0,,0,0,0,TE,TE,wade_russell,0.0,0.0,0.0
1987,CIN,Reggie Sims,Reggie,Sims,TE,84.0,25,76,253,Northern Illinois,7/30/1962,Rook,1,0,0.0,,0,0,0,TE,TE,reggie_sims,0.0,0.0,0.0
1987,CLE,Ozzie Newsome,Ozzie,Newsome,TE,82.0,31,74,232,Alabama,3/16/1956,9,13,13,4.0,1978.0,0,0,0,TE,TE,ozzie_newsome,59.0,1.0,3.0
1987,CLE,Ozzie Newsome,Ozzie,Newsome,TE,82.0,31,74,232,Alabama,3/16/1956,9,13,13,4.0,1978.0,0,0,0,TE,TE,ozzie_newsome,59.0,1.0,3.0
1987,CLE,Derek Tennell,Derek,Tennell,TE,81.0,23,77,245,UCLA,2/12/1964,Rook,11,2,1.0,1987.0,0,0,0,TE,TE,derek_tennell,3.0,0.0,0.0
1987,CLE,Derek Tennell,Derek,Tennell,TE,81.0,23,77,245,UCLA,2/12/1964,Rook,11,2,1.0,1987.0,0,0,0,TE,TE,derek_tennell,3.0,0.0,0.0
1987,CLE,Donnie Echols,Donnie,Echols,TE,83.0,30,76,240,Oklahoma St.,12/16/1957,Rook,3,0,0.0,,0,0,0,TE,TE,donnie_echols,0.0,0.0,0.0
1987,CLE,Chris Kelley,Chris,Kelley,TE,80.0,23,76,240,Akron,11/13/1964,Rook,2,0,0.0,1987.0,0,0,0,TE,TE,chris_kelley,0.0,0.0,0.0
1987,CLE,Travis Tucker,Travis,Tucker,TE,87.0,24,75,234,Southern Connecticut St.,9/19/1963,2,4,0,0.0,1985.0,0,0,0,TE,TE,travis_tucker,0.0,0.0,0.0
1987,CLE,Donnie Echols,Donnie,Echols,TE,83.0,30,76,240,Oklahoma St.,12/16/1957,Rook,3,0,0.0,,0,0,0,TE,TE,donnie_echols,0.0,0.0,0.0
1987,CLE,Chris Kelley,Chris,Kelley,TE,80.0,23,76,240,Akron,11/13/1964,Rook,2,0,0.0,1987.0,0,0,0,TE,TE,chris_kelley,0.0,0.0,0.0
1987,CLE,Travis Tucker,Travis,Tucker,TE,87.0,24,75,234,Southern Connecticut St.,9/19/1963,2,4,0,0.0,1985.0,0,0,0,TE,TE,travis_tucker,0.0,0.0,0.0
1987,CLT,Pat Beach,Pat,Beach,TE,81.0,28,76,247,Washington St.,12/28/1959,5,12,12,2.0,1982.0,0,0,0,TE,TE,pat_beach,13.0,0.0,0.0
1987,CLT,Pat Beach,Pat,Beach,TE,81.0,28,76,247,Washington St.,12/28/1959,5,12,12,2.0,1982.0,0,0,0,TE,TE,pat_beach,13.0,0.0,0.0
1987,CLT,Mark Boyer,Mark,Boyer,TE,84.0,25,76,233,USC,9/16/1962,2,7,6,1.0,1985.0,0,0,0,TE,TE,mark_boyer,13.0,0.0,0.0
1987,CLT,Tim Sherwin,Tim,Sherwin,TE,83.0,29,78,243,Boston Col.,5/4/1958,6,8,5,1.0,1981.0,0,0,0,TE,TE,tim_sherwin,8.0,0.0,0.0
1987,CLT,Mark Boyer,Mark,Boyer,TE,84.0,25,76,233,USC,9/16/1962,2,7,6,1.0,1985.0,0,0,0,TE,TE,mark_boyer,13.0,0.0,0.0
1987,CLT,Tim Sherwin,Tim,Sherwin,TE,83.0,29,78,243,Boston Col.,5/4/1958,6,8,5,1.0,1981.0,0,0,0,TE,TE,tim_sherwin,8.0,0.0,0.0
1987,CLT,John Brandes,John,Brandes,TE,88.0,23,74,249,Cameron,4/2/1964,Rook,12,2,0.0,,0,0,0,TE,TE,john_brandes,0.0,0.0,0.0
1987,CLT,Joe Jones,Joe,Jones,TE,81.0,25,77,255,Virginia Tech,6/26/1962,Rook,3,2,0.0,1985.0,0,0,0,TE,TE,joe_jones,37.0,0.0,0.0
1987,CLT,Joe Jones,Joe,Jones,TE,81.0,25,77,255,Virginia Tech,6/26/1962,Rook,3,2,0.0,1985.0,0,0,0,TE,TE,joe_jones,0.0,0.0,0.0
1987,CLT,Keith Lester,Keith,Lester,TE,88.0,25,77,235,"Florida St.,Murray St.",5/28/1962,Rook,1,0,0.0,1985.0,0,0,0,TE,TE,keith_lester,0.0,0.0,0.0
1987,CLT,Mark Walczak,Mark,Walczak,TE,83.0,25,78,246,Arizona,4/26/1962,1,8,0,0.0,,0,0,0,TE,TE,mark_walczak,0.0,0.0,0.0
1987,CLT,John Brandes,John,Brandes,TE,88.0,23,74,249,Cameron,4/2/1964,Rook,12,2,0.0,,0,0,0,TE,TE,john_brandes,0.0,0.0,0.0
1987,CLT,Joe Jones,Joe,Jones,TE,81.0,25,77,255,Virginia Tech,6/26/1962,Rook,3,2,0.0,1985.0,0,0,0,TE,TE,joe_jones,37.0,0.0,0.0
1987,CLT,Joe Jones,Joe,Jones,TE,81.0,25,77,255,Virginia Tech,6/26/1962,Rook,3,2,0.0,1985.0,0,0,0,TE,TE,joe_jones,0.0,0.0,0.0
1987,CLT,Keith Lester,Keith,Lester,TE,88.0,25,77,235,"Florida St.,Murray St.",5/28/1962,Rook,1,0,0.0,1985.0,0,0,0,TE,TE,keith_lester,0.0,0.0,0.0
1987,CLT,Mark Walczak,Mark,Walczak,TE,83.0,25,78,246,Arizona,4/26/1962,1,8,0,0.0,,0,0,0,TE,TE,mark_walczak,0.0,0.0,0.0
1987,CRD,Robert Awalt,Robert,Awalt,TE,80.0,23,77,258,"Nevada,Sacramento CC,San Diego St.",4/9/1964,Rook,12,9,5.0,1987.0,0,0,0,TE,TE,robert_awalt,13.0,0.0,0.0
1987,CRD,Robert Awalt,Robert,Awalt,TE,80.0,23,77,258,"Nevada,Sacramento CC,San Diego St.",4/9/1964,Rook,12,9,5.0,1987.0,0,0,0,TE,TE,robert_awalt,13.0,0.0,0.0
1987,CRD,Jay Novacek,Jay,Novacek,TE,85.0,25,76,234,Wyoming,10/24/1962,2,7,4,3.0,1985.0,0,0,0,TE,TE,jay_novacek,44.0,1.0,5.0
1987,CRD,Jay Novacek,Jay,Novacek,TE,85.0,25,76,234,Wyoming,10/24/1962,2,7,4,3.0,1985.0,0,0,0,TE,TE,jay_novacek,44.0,1.0,5.0
1987,CRD,William Harris,William,Harris,TE,89.0,22,76,239,"Texas,Bishop",2/10/1965,Rook,10,3,0.0,1987.0,0,0,0,TE,TE,william_harris,1.0,0.0,0.0
1987,CRD,Bob Keseday,Bob,Keseday,TE,80.0,22,76,225,Texas-El Paso,1/9/1965,Rook,3,0,0.0,,0,0,0,TE,TE,bob_keseday,0.0,0.0,0.0
1987,CRD,William Harris,William,Harris,TE,89.0,22,76,239,"Texas,Bishop",2/10/1965,Rook,10,3,0.0,1987.0,0,0,0,TE,TE,william_harris,1.0,0.0,0.0
1987,CRD,Bob Keseday,Bob,Keseday,TE,80.0,22,76,225,Texas-El Paso,1/9/1965,Rook,3,0,0.0,,0,0,0,TE,TE,bob_keseday,0.0,0.0,0.0
1987,DAL,Doug Cosbie,Doug,Cosbie,TE,84.0,31,78,236,"Holy Cross,Santa Clara",3/27/1956,8,12,12,4.0,1979.0,0,0,0,TE,TE,doug_cosbie,32.0,0.0,3.0
1987,DAL,Doug Cosbie,Doug,Cosbie,TE,84.0,31,78,236,"Holy Cross,Santa Clara",3/27/1956,8,12,12,4.0,1979.0,0,0,0,TE,TE,doug_cosbie,32.0,0.0,3.0
1987,DAL,Rich Borresen,Rich,Borresen,TE,84.0,23,77,252,Northwestern,3/16/1964,Rook,3,3,0.0,,0,0,0,TE,TE,rich_borresen,0.0,0.0,0.0
1987,DAL,Thornton Chandler,Thornton,Chandler,TE,89.0,24,77,243,"Florida A&M,Alabama",11/27/1963,1,12,1,0.0,1986.0,0,0,0,TE,TE,thornton_chandler,1.0,0.0,0.0
1987,DAL,Steve Folsom,Steve,Folsom,TE,85.0,29,77,235,"Long Beach St.,Utah",3/21/1958,6,9,0,0.0,1981.0,0,0,0,TE,TE,steve_folsom,3.0,0.0,0.0
1987,DAL,Todd Fowler,Todd,Fowler,TE,46.0,25,75,221,S.F. Austin,6/9/1962,2,12,1,0.0,,0,0,0,TE,TE,todd_fowler,0.0,0.0,0.0
1987,DAL,Tim Hendrix,Tim,Hendrix,TE,85.0,22,77,241,Tennessee,2/24/1965,Rook,3,0,0.0,,0,0,0,TE,TE,tim_hendrix,0.0,0.0,0.0
1987,DAL,Rich Borresen,Rich,Borresen,TE,84.0,23,77,252,Northwestern,3/16/1964,Rook,3,3,0.0,,0,0,0,TE,TE,rich_borresen,0.0,0.0,0.0
1987,DAL,Thornton Chandler,Thornton,Chandler,TE,89.0,24,77,243,"Florida A&M,Alabama",11/27/1963,1,12,1,0.0,1986.0,0,0,0,TE,TE,thornton_chandler,1.0,0.0,0.0
1987,DAL,Steve Folsom,Steve,Folsom,TE,85.0,29,77,235,"Long Beach St.,Utah",3/21/1958,6,9,0,0.0,1981.0,0,0,0,TE,TE,steve_folsom,3.0,0.0,0.0
1987,DAL,Todd Fowler,Todd,Fowler,TE,46.0,25,75,221,S.F. Austin,6/9/1962,2,12,1,0.0,,0,0,0,TE,TE,todd_fowler,0.0,0.0,0.0
1987,DAL,Tim Hendrix,Tim,Hendrix,TE,85.0,22,77,241,Tennessee,2/24/1965,Rook,3,0,0.0,,0,0,0,TE,TE,tim_hendrix,0.0,0.0,0.0
1987,DEN,Clarence Kay,Clarence,Kay,TE,88.0,26,74,237,Georgia,7/30/1961,3,12,12,4.0,1984.0,0,0,0,TE,TE,clarence_kay,17.0,0.0,0.0
1987,DEN,Clarence Kay,Clarence,Kay,TE,88.0,26,74,237,Georgia,7/30/1961,3,12,12,4.0,1984.0,0,0,0,TE,TE,clarence_kay,17.0,0.0,0.0
1987,DEN,Bobby Micho,Bobby,Micho,TE,46.0,25,75,236,Texas,3/7/1962,3,15,3,3.0,1984.0,0,0,0,TE,TE,bobby_micho,3.0,0.0,0.0
1987,DEN,Bobby Micho,Bobby,Micho,TE,46.0,25,75,236,Texas,3/7/1962,3,15,3,3.0,1984.0,0,0,0,TE,TE,bobby_micho,3.0,0.0,0.0
1987,DEN,Orson Mobley,Orson,Mobley,TE,89.0,24,77,256,"Florida St.,Salem",3/4/1963,1,10,4,2.0,1986.0,0,0,0,TE,TE,orson_mobley,8.0,0.0,0.0
1987,DEN,Orson Mobley,Orson,Mobley,TE,89.0,24,77,256,"Florida St.,Salem",3/4/1963,1,10,4,2.0,1986.0,0,0,0,TE,TE,orson_mobley,8.0,0.0,0.0
1987,DEN,Mitch Andrews,Mitch,Andrews,TE,86.0,23,74,239,LSU,3/4/1964,Rook,8,3,1.0,,0,0,0,TE,TE,mitch_andrews,0.0,0.0,0.0
1987,DEN,Mitch Andrews,Mitch,Andrews,TE,86.0,23,74,239,LSU,3/4/1964,Rook,8,3,1.0,,0,0,0,TE,TE,mitch_andrews,0.0,0.0,0.0
1987,DEN,Kerry Locklin,Kerry,Locklin,TE,89.0,28,75,230,New Mexico St.,9/9/1959,5,3,0,0.0,1982.0,0,0,0,TE,TE,kerry_locklin,0.0,0.0,0.0
1987,DEN,Russell Payne,Russell,Payne,TE,88.0,22,73,240,Appalachian St.,3/21/1965,Rook,1,0,0.0,,0,0,0,TE,TE,russell_payne,0.0,0.0,0.0
1987,DEN,Kerry Locklin,Kerry,Locklin,TE,89.0,28,75,230,New Mexico St.,9/9/1959,5,3,0,0.0,1982.0,0,0,0,TE,TE,kerry_locklin,0.0,0.0,0.0
1987,DEN,Russell Payne,Russell,Payne,TE,88.0,22,73,240,Appalachian St.,3/21/1965,Rook,1,0,0.0,,0,0,0,TE,TE,russell_payne,0.0,0.0,0.0
1987,DET,Jimmie Giles,Jimmie,Giles,TE,81.0,33,75,239,Alcorn St.,11/8/1954,10,4,1,1.0,1977.0,0,0,0,TE,TE,jimmie_giles,40.0,0.0,4.0
1987,DET,Rob Rubick,Rob,Rubick,TE,84.0,27,75,232,Grand Valley St.,9/27/1960,5,9,8,1.0,1982.0,0,0,0,TE,TE,rob_rubick,5.0,0.0,0.0
1987,DET,Jimmie Giles,Jimmie,Giles,TE,81.0,33,75,239,Alcorn St.,11/8/1954,10,4,1,1.0,1977.0,0,0,0,TE,TE,jimmie_giles,40.0,0.0,4.0
1987,DET,Rob Rubick,Rob,Rubick,TE,84.0,27,75,232,Grand Valley St.,9/27/1960,5,9,8,1.0,1982.0,0,0,0,TE,TE,rob_rubick,5.0,0.0,0.0
1987,DET,Jerry Diorio,Jerry,Diorio,TE,84.0,25,75,245,Michigan,1/11/1962,Rook,2,0,0.0,,0,0,0,TE,TE,jerry_diorio,0.0,0.0,0.0
1987,DET,Vyto Kab,Vyto,Kab,TE,87.0,28,77,243,Penn St.,12/23/1959,5,7,2,0.0,1982.0,0,0,0,TE,TE,vyto_kab,4.0,0.0,0.0
1987,DET,Mark Lewis,Mark,Lewis,TE,81.0,26,74,239,Texas A&M,5/5/1961,2,9,1,0.0,1985.0,0,0,0,TE,TE,mark_lewis,0.0,0.0,0.0
1987,DET,Derrick Ramsey,Derrick,Ramsey,TE,87.0,31,76,230,Kentucky,12/23/1956,9,1,0,0.0,1978.0,0,0,0,TE,TE,derrick_ramsey,18.0,0.0,0.0
1987,DET,Mark Wheeler,Mark,Wheeler,TE,48.0,23,74,232,Kentucky,6/15/1964,Rook,3,0,0.0,,0,0,0,TE,TE,mark_wheeler,33.0,0.0,0.0
1987,DET,Mark Witte,Mark,Witte,TE,81.0,28,75,236,North Texas,12/3/1959,4,3,3,0.0,1983.0,0,0,0,TE,TE,mark_witte,0.0,0.0,0.0
1987,DET,Jerry Diorio,Jerry,Diorio,TE,84.0,25,75,245,Michigan,1/11/1962,Rook,2,0,0.0,,0,0,0,TE,TE,jerry_diorio,0.0,0.0,0.0
1987,DET,Vyto Kab,Vyto,Kab,TE,87.0,28,77,243,Penn St.,12/23/1959,5,7,2,0.0,1982.0,0,0,0,TE,TE,vyto_kab,4.0,0.0,0.0
1987,DET,Mark Lewis,Mark,Lewis,TE,81.0,26,74,239,Texas A&M,5/5/1961,2,9,1,0.0,1985.0,0,0,0,TE,TE,mark_lewis,0.0,0.0,0.0
1987,DET,Derrick Ramsey,Derrick,Ramsey,TE,87.0,31,76,230,Kentucky,12/23/1956,9,1,0,0.0,1978.0,0,0,0,TE,TE,derrick_ramsey,18.0,0.0,0.0
1987,DET,Mark Wheeler,Mark,Wheeler,TE,48.0,23,74,232,Kentucky,6/15/1964,Rook,3,0,0.0,,0,0,0,TE,TE,mark_wheeler,33.0,0.0,0.0
1987,DET,Mark Witte,Mark,Witte,TE,81.0,28,75,236,North Texas,12/3/1959,4,3,3,0.0,1983.0,0,0,0,TE,TE,mark_witte,0.0,0.0,0.0
1987,GNB,Ed West,Ed,West,TE,86.0,26,73,250,Auburn,8/2/1961,3,12,11,2.0,,0,0,0,TE,TE,ed_west,0.0,0.0,0.0
1987,GNB,Ed West,Ed,West,TE,86.0,26,73,250,Auburn,8/2/1961,3,12,11,2.0,,0,0,0,TE,TE,ed_west,0.0,0.0,0.0
1987,GNB,Don Summers,Don,Summers,TE,86.0,26,76,230,"Oregon Tech,Boise St.",2/22/1961,3,3,1,1.0,,0,0,0,TE,TE,don_summers,0.0,0.0,0.0
1987,GNB,Don Summers,Don,Summers,TE,86.0,26,76,230,"Oregon Tech,Boise St.",2/22/1961,3,3,1,1.0,,0,0,0,TE,TE,don_summers,0.0,0.0,0.0
1987,GNB,Kevin Fitzgerald,Kevin,Fitzgerald,TE,89.0,23,75,235,WisconsinâEau Claire,6/30/1964,Rook,1,0,0.0,,0,0,0,TE,TE,kevin_fitzgerald,0.0,0.0,0.0
1987,GNB,Joey Hackett,Joey,Hackett,TE,89.0,29,77,267,Elon,9/29/1958,1,11,0,0.0,,0,0,0,TE,TE,joey_hackett,0.0,0.0,0.0
1987,GNB,Craig Jay,Craig,Jay,TE,26.0,24,76,257,Mount Senario,2/5/1963,Rook,3,2,0.0,,0,0,0,TE,TE,craig_jay,0.0,0.0,0.0
1987,GNB,Mark Lewis,Mark,Lewis,TE,89.0,26,74,239,Texas A&M,5/5/1961,2,1,1,0.0,1985.0,0,0,0,TE,TE,mark_lewis,0.0,0.0,0.0
1987,GNB,Kevin Fitzgerald,Kevin,Fitzgerald,TE,89.0,23,75,235,WisconsinâEau Claire,6/30/1964,Rook,1,0,0.0,,0,0,0,TE,TE,kevin_fitzgerald,0.0,0.0,0.0
1987,GNB,Joey Hackett,Joey,Hackett,TE,89.0,29,77,267,Elon,9/29/1958,1,11,0,0.0,,0,0,0,TE,TE,joey_hackett,0.0,0.0,0.0
1987,GNB,Craig Jay,Craig,Jay,TE,26.0,24,76,257,Mount Senario,2/5/1963,Rook,3,2,0.0,,0,0,0,TE,TE,craig_jay,0.0,0.0,0.0
1987,GNB,Mark Lewis,Mark,Lewis,TE,89.0,26,74,239,Texas A&M,5/5/1961,2,1,1,0.0,1985.0,0,0,0,TE,TE,mark_lewis,0.0,0.0,0.0
1987,KAN,Jonathan Hayes,Jonathan,Hayes,TE,85.0,25,77,248,Iowa,8/11/1962,2,12,7,2.0,1985.0,0,0,0,TE,TE,jonathan_hayes,15.0,0.0,0.0
1987,KAN,Jonathan Hayes,Jonathan,Hayes,TE,85.0,25,77,248,Iowa,8/11/1962,2,12,7,2.0,1985.0,0,0,0,TE,TE,jonathan_hayes,15.0,0.0,0.0
1987,KAN,Rod Jones,Rod,Jones,TE,81.0,23,76,240,Washington,3/3/1964,Rook,3,1,1.0,1987.0,0,0,0,TE,TE,rod_jones,34.0,0.0,0.0
1987,KAN,Rod Jones,Rod,Jones,TE,81.0,23,76,240,Washington,3/3/1964,Rook,3,1,1.0,1987.0,0,0,0,TE,TE,rod_jones,1.0,0.0,0.0
1987,KAN,Rod Jones,Rod,Jones,TE,81.0,23,76,240,Washington,3/3/1964,Rook,3,1,1.0,1987.0,0,0,0,TE,TE,rod_jones,17.0,0.0,0.0
1987,KAN,Rod Jones,Rod,Jones,TE,81.0,23,76,240,Washington,3/3/1964,Rook,3,1,1.0,1987.0,0,0,0,TE,TE,rod_jones,34.0,0.0,0.0
1987,KAN,Rod Jones,Rod,Jones,TE,81.0,23,76,240,Washington,3/3/1964,Rook,3,1,1.0,1987.0,0,0,0,TE,TE,rod_jones,1.0,0.0,0.0
1987,KAN,Rod Jones,Rod,Jones,TE,81.0,23,76,240,Washington,3/3/1964,Rook,3,1,1.0,1987.0,0,0,0,TE,TE,rod_jones,17.0,0.0,0.0
1987,KAN,Walt Arnold,Walt,Arnold,TE,87.0,29,75,228,New Mexico,8/31/1958,7,5,4,0.0,,0,0,0,TE,TE,walt_arnold,0.0,0.0,0.0
1987,KAN,Paul Coffman,Paul,Coffman,TE,84.0,31,75,222,Kansas St.,3/29/1956,9,12,1,0.0,,0,0,0,TE,TE,paul_coffman,0.0,0.0,1.0
1987,KAN,Mark Keel,Mark,Keel,TE,80.0,26,76,228,Arizona,10/1/1961,Rook,7,2,0.0,1983.0,0,0,0,TE,TE,mark_keel,1.0,0.0,0.0
1987,KAN,Stein Koss,Stein,Koss,TE,80.0,24,74,225,Arizona St.,8/21/1963,Rook,2,2,0.0,,0,0,0,TE,TE,stein_koss,0.0,0.0,0.0
1987,KAN,Riley Walton,Riley,Walton,TE,88.0,25,76,245,Tennessee St.,8/6/1962,Rook,2,0,0.0,,0,0,0,TE,TE,riley_walton,0.0,0.0,0.0
1987,KAN,Walt Arnold,Walt,Arnold,TE,87.0,29,75,228,New Mexico,8/31/1958,7,5,4,0.0,,0,0,0,TE,TE,walt_arnold,0.0,0.0,0.0
1987,KAN,Paul Coffman,Paul,Coffman,TE,84.0,31,75,222,Kansas St.,3/29/1956,9,12,1,0.0,,0,0,0,TE,TE,paul_coffman,0.0,0.0,1.0
1987,KAN,Mark Keel,Mark,Keel,TE,80.0,26,76,228,Arizona,10/1/1961,Rook,7,2,0.0,1983.0,0,0,0,TE,TE,mark_keel,1.0,0.0,0.0
1987,KAN,Stein Koss,Stein,Koss,TE,80.0,24,74,225,Arizona St.,8/21/1963,Rook,2,2,0.0,,0,0,0,TE,TE,stein_koss,0.0,0.0,0.0
1987,KAN,Riley Walton,Riley,Walton,TE,88.0,25,76,245,Tennessee St.,8/6/1962,Rook,2,0,0.0,,0,0,0,TE,TE,riley_walton,0.0,0.0,0.0
1987,MIA,Bruce Hardy,Bruce,Hardy,TE,84.0,31,77,235,Arizona St.,6/1/1956,9,12,12,3.0,1978.0,0,0,0,TE,TE,bruce_hardy,22.0,0.0,0.0
1987,MIA,Bruce Hardy,Bruce,Hardy,TE,84.0,31,77,235,Arizona St.,6/1/1956,9,12,12,3.0,1978.0,0,0,0,TE,TE,bruce_hardy,22.0,0.0,0.0
1987,MIA,David Lewis,David,Lewis,TE,87.0,26,75,234,California,6/8/1961,3,5,2,1.0,1984.0,0,0,0,TE,TE,david_lewis,7.0,0.0,0.0
1987,MIA,Lawrence Sampleton,Lawrence,Sampleton,TE,80.0,28,77,233,Texas,9/25/1959,5,3,3,1.0,1982.0,0,0,0,TE,TE,lawrence_sampleton,1.0,0.0,0.0
1987,MIA,David Lewis,David,Lewis,TE,87.0,26,75,234,California,6/8/1961,3,5,2,1.0,1984.0,0,0,0,TE,TE,david_lewis,7.0,0.0,0.0
1987,MIA,Lawrence Sampleton,Lawrence,Sampleton,TE,80.0,28,77,233,Texas,9/25/1959,5,3,3,1.0,1982.0,0,0,0,TE,TE,lawrence_sampleton,1.0,0.0,0.0
1987,MIA,Dan Johnson,Dan,Johnson,TE,87.0,27,75,240,Iowa St.,5/17/1960,4,7,0,0.0,1982.0,0,0,0,TE,TE,dan_johnson,10.0,0.0,0.0
1987,MIA,Rich Siler,Rich,Siler,TE,87.0,24,76,240,"Illinois,Texas A&M",11/1/1963,Rook,1,0,0.0,,0,0,0,TE,TE,rich_siler,0.0,0.0,0.0
1987,MIA,Willie Smith,Willie,Smith,TE,84.0,23,74,235,Miami (FL),8/6/1964,Rook,3,0,0.0,1986.0,0,0,0,TE,TE,willie_smith,12.0,0.0,0.0
1987,MIA,Willie Smith,Willie,Smith,TE,84.0,23,74,235,Miami (FL),8/6/1964,Rook,3,0,0.0,1986.0,0,0,0,TE,TE,willie_smith,0.0,0.0,0.0
1987,MIA,Willie Smith,Willie,Smith,TE,84.0,23,74,235,Miami (FL),8/6/1964,Rook,3,0,0.0,1986.0,0,0,0,TE,TE,willie_smith,0.0,0.0,0.0
1987,MIA,Joel Williams,Joel,Williams,TE,88.0,22,75,242,Notre Dame,3/16/1965,Rook,3,0,0.0,1987.0,0,0,0,TE,TE,joel_williams,0.0,0.0,0.0
1987,MIA,Joel Williams,Joel,Williams,TE,88.0,22,75,242,Notre Dame,3/16/1965,Rook,3,0,0.0,1987.0,0,0,0,TE,TE,joel_williams,0.0,0.0,0.0
1987,MIA,Joel Williams,Joel,Williams,TE,88.0,22,75,242,Notre Dame,3/16/1965,Rook,3,0,0.0,1987.0,0,0,0,TE,TE,joel_williams,0.0,0.0,0.0
1987,MIA,Joel Williams,Joel,Williams,TE,88.0,22,75,242,Notre Dame,3/16/1965,Rook,3,0,0.0,1987.0,0,0,0,TE,TE,joel_williams,0.0,0.0,0.0
1987,MIA,Dan Johnson,Dan,Johnson,TE,87.0,27,75,240,Iowa St.,5/17/1960,4,7,0,0.0,1982.0,0,0,0,TE,TE,dan_johnson,10.0,0.0,0.0
1987,MIA,Rich Siler,Rich,Siler,TE,87.0,24,76,240,"Illinois,Texas A&M",11/1/1963,Rook,1,0,0.0,,0,0,0,TE,TE,rich_siler,0.0,0.0,0.0
1987,MIA,Willie Smith,Willie,Smith,TE,84.0,23,74,235,Miami (FL),8/6/1964,Rook,3,0,0.0,1986.0,0,0,0,TE,TE,willie_smith,12.0,0.0,0.0
1987,MIA,Willie Smith,Willie,Smith,TE,84.0,23,74,235,Miami (FL),8/6/1964,Rook,3,0,0.0,1986.0,0,0,0,TE,TE,willie_smith,0.0,0.0,0.0
1987,MIA,Willie Smith,Willie,Smith,TE,84.0,23,74,235,Miami (FL),8/6/1964,Rook,3,0,0.0,1986.0,0,0,0,TE,TE,willie_smith,0.0,0.0,0.0
1987,MIA,Joel Williams,Joel,Williams,TE,88.0,22,75,242,Notre Dame,3/16/1965,Rook,3,0,0.0,1987.0,0,0,0,TE,TE,joel_williams,0.0,0.0,0.0
1987,MIA,Joel Williams,Joel,Williams,TE,88.0,22,75,242,Notre Dame,3/16/1965,Rook,3,0,0.0,1987.0,0,0,0,TE,TE,joel_williams,0.0,0.0,0.0
1987,MIA,Joel Williams,Joel,Williams,TE,88.0,22,75,242,Notre Dame,3/16/1965,Rook,3,0,0.0,1987.0,0,0,0,TE,TE,joel_williams,0.0,0.0,0.0
1987,MIA,Joel Williams,Joel,Williams,TE,88.0,22,75,242,Notre Dame,3/16/1965,Rook,3,0,0.0,1987.0,0,0,0,TE,TE,joel_williams,0.0,0.0,0.0
1987,MIN,Steve Jordan,Steve,Jordan,TE,83.0,26,75,236,Brown,1/10/1961,5,12,12,5.0,1982.0,0,0,0,TE,TE,steve_jordan,48.0,0.0,6.0
1987,MIN,Steve Jordan,Steve,Jordan,TE,83.0,26,75,236,Brown,1/10/1961,5,12,12,5.0,1982.0,0,0,0,TE,TE,steve_jordan,48.0,0.0,6.0
1987,MIN,Clifton Eley,Clifton,Eley,TE,87.0,26,77,230,Mississippi St.,6/21/1961,Rook,2,0,0.0,,0,0,0,TE,TE,clifton_eley,0.0,0.0,0.0
1987,MIN,Carl Hilton,Carl,Hilton,TE,82.0,23,75,232,Houston,2/28/1964,1,11,1,0.0,1986.0,0,0,0,TE,TE,carl_hilton,0.0,0.0,0.0
1987,MIN,Marc May,Marc,May,TE,88.0,29,76,230,Purdue,1/1/1958,Rook,3,3,0.0,,0,0,0,TE,TE,marc_may,0.0,0.0,0.0
1987,MIN,Mike Mularkey,Mike,Mularkey,TE,86.0,26,76,245,Florida,11/19/1961,4,9,0,0.0,1983.0,0,0,0,TE,TE,mike_mularkey,11.0,0.0,0.0
1987,MIN,Ed Schenk,Ed,Schenk,TE,89.0,27,76,230,"Baldwin Wallace,Central Florida",12/20/1960,Rook,3,0,0.0,,0,0,0,TE,TE,ed_schenk,0.0,0.0,0.0
1987,MIN,Clifton Eley,Clifton,Eley,TE,87.0,26,77,230,Mississippi St.,6/21/1961,Rook,2,0,0.0,,0,0,0,TE,TE,clifton_eley,0.0,0.0,0.0
1987,MIN,Carl Hilton,Carl,Hilton,TE,82.0,23,75,232,Houston,2/28/1964,1,11,1,0.0,1986.0,0,0,0,TE,TE,carl_hilton,0.0,0.0,0.0
1987,MIN,Marc May,Marc,May,TE,88.0,29,76,230,Purdue,1/1/1958,Rook,3,3,0.0,,0,0,0,TE,TE,marc_may,0.0,0.0,0.0
1987,MIN,Mike Mularkey,Mike,Mularkey,TE,86.0,26,76,245,Florida,11/19/1961,4,9,0,0.0,1983.0,0,0,0,TE,TE,mike_mularkey,11.0,0.0,0.0
1987,MIN,Ed Schenk,Ed,Schenk,TE,89.0,27,76,230,"Baldwin Wallace,Central Florida",12/20/1960,Rook,3,0,0.0,,0,0,0,TE,TE,ed_schenk,0.0,0.0,0.0
1987,NOR,Hoby Brenner,Hoby,Brenner,TE,85.0,28,76,240,USC,6/2/1959,6,12,10,4.0,1981.0,0,0,0,TE,TE,hoby_brenner,31.0,0.0,1.0
1987,NOR,Hoby Brenner,Hoby,Brenner,TE,85.0,28,76,240,USC,6/2/1959,6,12,10,4.0,1981.0,0,0,0,TE,TE,hoby_brenner,31.0,0.0,1.0
1987,NOR,John Tice,John,Tice,TE,82.0,27,77,242,Maryland,6/22/1960,4,12,8,2.0,1983.0,0,0,0,TE,TE,john_tice,12.0,0.0,0.0
1987,NOR,Mike Waters,Mike,Waters,TE,88.0,25,74,228,San Diego St.,3/15/1962,1,5,0,2.0,1985.0,0,0,0,TE,TE,mike_waters,2.0,0.0,0.0
1987,NOR,John Tice,John,Tice,TE,82.0,27,77,242,Maryland,6/22/1960,4,12,8,2.0,1983.0,0,0,0,TE,TE,john_tice,12.0,0.0,0.0
1987,NOR,Mike Waters,Mike,Waters,TE,88.0,25,74,228,San Diego St.,3/15/1962,1,5,0,2.0,1985.0,0,0,0,TE,TE,mike_waters,2.0,0.0,0.0
1987,NOR,Cliff Benson,Cliff,Benson,TE,83.0,26,76,238,Purdue,8/28/1961,3,8,3,0.0,1984.0,0,0,0,TE,TE,cliff_benson,2.0,0.0,0.0
1987,NOR,Darren Gottschalk,Darren,Gottschalk,TE,82.0,23,76,225,California Lutheran,12/1/1964,Rook,1,0,0.0,,0,0,0,TE,TE,darren_gottschalk,0.0,0.0,0.0
1987,NOR,Ken O'Neal,Ken,O'Neal,TE,82.0,25,75,240,Idaho St.,6/21/1962,Rook,2,0,0.0,,0,0,0,TE,TE,ken_o'neal,0.0,0.0,0.0
1987,NOR,Malcolm Scott,Malcolm,Scott,TE,87.0,26,76,243,LSU,7/10/1961,4,3,3,0.0,1983.0,0,0,0,TE,TE,malcolm_scott,1.0,0.0,0.0
1987,NOR,Cliff Benson,Cliff,Benson,TE,83.0,26,76,238,Purdue,8/28/1961,3,8,3,0.0,1984.0,0,0,0,TE,TE,cliff_benson,2.0,0.0,0.0
1987,NOR,Darren Gottschalk,Darren,Gottschalk,TE,82.0,23,76,225,California Lutheran,12/1/1964,Rook,1,0,0.0,,0,0,0,TE,TE,darren_gottschalk,0.0,0.0,0.0
1987,NOR,Ken O'Neal,Ken,O'Neal,TE,82.0,25,75,240,Idaho St.,6/21/1962,Rook,2,0,0.0,,0,0,0,TE,TE,ken_o'neal,0.0,0.0,0.0
1987,NOR,Malcolm Scott,Malcolm,Scott,TE,87.0,26,76,243,LSU,7/10/1961,4,3,3,0.0,1983.0,0,0,0,TE,TE,malcolm_scott,1.0,0.0,0.0
1987,NWE,Greg Baty,Greg,Baty,TE,85.0,23,77,241,Stanford,8/28/1964,1,5,0,1.0,1986.0,0,0,0,TE,TE,greg_baty,8.0,0.0,0.0
1987,NWE,Lin Dawson,Lin,Dawson,TE,87.0,28,75,240,North Carolina St.,6/24/1959,6,12,11,1.0,1981.0,0,0,0,TE,TE,lin_dawson,12.0,0.0,0.0
1987,NWE,Greg Baty,Greg,Baty,TE,85.0,23,77,241,Stanford,8/28/1964,1,5,0,1.0,1986.0,0,0,0,TE,TE,greg_baty,8.0,0.0,0.0
1987,NWE,Lin Dawson,Lin,Dawson,TE,87.0,28,75,240,North Carolina St.,6/24/1959,6,12,11,1.0,1981.0,0,0,0,TE,TE,lin_dawson,12.0,0.0,0.0
1987,NWE,Todd Frain,Todd,Frain,TE,44.0,25,74,240,Nebraska,1/31/1962,1,3,2,0.0,,0,0,0,TE,TE,todd_frain,0.0,0.0,0.0
1987,NWE,Russ Francis,Russ,Francis,TE,49.0,34,78,240,Oregon,4/3/1953,12,1,0,0.0,1975.0,0,0,0,TE,TE,russ_francis,46.0,0.0,3.0
1987,NWE,Arnold Franklin,Arnold,Franklin,TE,87.0,24,75,246,North Carolina,12/16/1963,Rook,3,0,0.0,1986.0,0,0,0,TE,TE,arnold_franklin,0.0,0.0,0.0
1987,NWE,Willie Scott,Willie,Scott,TE,88.0,28,76,245,South Carolina,2/13/1959,6,9,1,0.0,1981.0,0,0,0,TE,TE,willie_scott,6.0,0.0,0.0
1987,NWE,Todd Frain,Todd,Frain,TE,44.0,25,74,240,Nebraska,1/31/1962,1,3,2,0.0,,0,0,0,TE,TE,todd_frain,0.0,0.0,0.0
1987,NWE,Russ Francis,Russ,Francis,TE,49.0,34,78,240,Oregon,4/3/1953,12,1,0,0.0,1975.0,0,0,0,TE,TE,russ_francis,46.0,0.0,3.0
1987,NWE,Arnold Franklin,Arnold,Franklin,TE,87.0,24,75,246,North Carolina,12/16/1963,Rook,3,0,0.0,1986.0,0,0,0,TE,TE,arnold_franklin,0.0,0.0,0.0
1987,NWE,Willie Scott,Willie,Scott,TE,88.0,28,76,245,South Carolina,2/13/1959,6,9,1,0.0,1981.0,0,0,0,TE,TE,willie_scott,6.0,0.0,0.0
1987,NYG,Mark Bavaro,Mark,Bavaro,TE,89.0,24,76,245,Notre Dame,4/28/1963,2,12,12,7.0,1985.0,0,0,0,TE,TE,mark_bavaro,40.0,2.0,2.0
1987,NYG,Mark Bavaro,Mark,Bavaro,TE,89.0,24,76,245,Notre Dame,4/28/1963,2,12,12,7.0,1985.0,0,0,0,TE,TE,mark_bavaro,40.0,2.0,2.0
1987,NYG,Jeff Smith,Jeff,Smith,TE,85.0,25,75,240,Tennessee,12/28/1962,Rook,3,3,1.0,,0,0,0,TE,TE,jeff_smith,3.0,0.0,0.0
1987,NYG,Jeff Smith,Jeff,Smith,TE,85.0,25,75,240,Tennessee,12/28/1962,Rook,3,3,1.0,,0,0,0,TE,TE,jeff_smith,0.0,0.0,0.0
1987,NYG,Jeff Smith,Jeff,Smith,TE,85.0,25,75,240,Tennessee,12/28/1962,Rook,3,3,1.0,,0,0,0,TE,TE,jeff_smith,10.0,0.0,0.0
1987,NYG,Jeff Smith,Jeff,Smith,TE,85.0,25,75,240,Tennessee,12/28/1962,Rook,3,3,1.0,,0,0,0,TE,TE,jeff_smith,0.0,0.0,0.0
1987,NYG,Jeff Smith,Jeff,Smith,TE,85.0,25,75,240,Tennessee,12/28/1962,Rook,3,3,1.0,,0,0,0,TE,TE,jeff_smith,16.0,0.0,0.0
1987,NYG,Jeff Smith,Jeff,Smith,TE,85.0,25,75,240,Tennessee,12/28/1962,Rook,3,3,1.0,,0,0,0,TE,TE,jeff_smith,3.0,0.0,0.0
1987,NYG,Jeff Smith,Jeff,Smith,TE,85.0,25,75,240,Tennessee,12/28/1962,Rook,3,3,1.0,,0,0,0,TE,TE,jeff_smith,0.0,0.0,0.0
1987,NYG,Jeff Smith,Jeff,Smith,TE,85.0,25,75,240,Tennessee,12/28/1962,Rook,3,3,1.0,,0,0,0,TE,TE,jeff_smith,10.0,0.0,0.0
1987,NYG,Jeff Smith,Jeff,Smith,TE,85.0,25,75,240,Tennessee,12/28/1962,Rook,3,3,1.0,,0,0,0,TE,TE,jeff_smith,0.0,0.0,0.0
1987,NYG,Jeff Smith,Jeff,Smith,TE,85.0,25,75,240,Tennessee,12/28/1962,Rook,3,3,1.0,,0,0,0,TE,TE,jeff_smith,16.0,0.0,0.0
1987,NYG,Charles Coleman,Charles,Coleman,TE,83.0,24,76,222,Alcorn St.,9/16/1963,Rook,3,0,0.0,,0,0,0,TE,TE,charles_coleman,0.0,0.0,0.0
1987,NYG,Zeke Mowatt,Zeke,Mowatt,TE,84.0,26,75,238,Florida St.,3/5/1961,4,12,1,0.0,,0,0,0,TE,TE,zeke_mowatt,0.0,0.0,0.0
1987,NYG,Charles Coleman,Charles,Coleman,TE,83.0,24,76,222,Alcorn St.,9/16/1963,Rook,3,0,0.0,,0,0,0,TE,TE,charles_coleman,0.0,0.0,0.0
1987,NYG,Zeke Mowatt,Zeke,Mowatt,TE,84.0,26,75,238,Florida St.,3/5/1961,4,12,1,0.0,,0,0,0,TE,TE,zeke_mowatt,0.0,0.0,0.0
1987,NYJ,Mickey Shuler,Mickey,Shuler,TE,82.0,31,75,232,Penn St.,8/21/1956,9,11,10,4.0,1978.0,0,0,0,TE,TE,mickey_shuler,42.0,0.0,2.0
1987,NYJ,Mickey Shuler,Mickey,Shuler,TE,82.0,31,75,232,Penn St.,8/21/1956,9,11,10,4.0,1978.0,0,0,0,TE,TE,mickey_shuler,0.0,0.0,0.0
1987,NYJ,Mickey Shuler,Mickey,Shuler,TE,82.0,31,75,232,Penn St.,8/21/1956,9,11,10,4.0,1978.0,0,0,0,TE,TE,mickey_shuler,42.0,0.0,2.0
1987,NYJ,Mickey Shuler,Mickey,Shuler,TE,82.0,31,75,232,Penn St.,8/21/1956,9,11,10,4.0,1978.0,0,0,0,TE,TE,mickey_shuler,0.0,0.0,0.0
1987,NYJ,Rocky Klever,Rocky,Klever,TE,89.0,28,75,225,Montana,7/10/1959,4,12,6,1.0,1982.0,0,0,0,TE,TE,rocky_klever,4.0,0.0,0.0
1987,NYJ,Rocky Klever,Rocky,Klever,TE,89.0,28,75,225,Montana,7/10/1959,4,12,6,1.0,1982.0,0,0,0,TE,TE,rocky_klever,4.0,0.0,0.0
1987,NYJ,Billy Griggs,Billy,Griggs,TE,81.0,25,75,230,Virginia,8/4/1962,2,12,1,0.0,1984.0,0,0,0,TE,TE,billy_griggs,2.0,0.0,0.0
1987,NYJ,Jamie Kurisko,Jamie,Kurisko,TE,82.0,24,76,236,"Allentown College,Southern Connecticut St.",12/22/1963,Rook,3,2,0.0,,0,0,0,TE,TE,jamie_kurisko,0.0,0.0,0.0
1987,NYJ,Eric Riley,Eric,Riley,TE,87.0,23,75,230,Eastern Washington,10/10/1964,Rook,2,1,0.0,,0,0,0,TE,TE,eric_riley,0.0,0.0,0.0
1987,NYJ,Tony Sweet,Tony,Sweet,TE,88.0,24,76,230,Montclair St.,12/13/1963,Rook,3,2,0.0,,0,0,0,TE,TE,tony_sweet,0.0,0.0,0.0
1987,NYJ,Billy Griggs,Billy,Griggs,TE,81.0,25,75,230,Virginia,8/4/1962,2,12,1,0.0,1984.0,0,0,0,TE,TE,billy_griggs,2.0,0.0,0.0
1987,NYJ,Jamie Kurisko,Jamie,Kurisko,TE,82.0,24,76,236,"Allentown College,Southern Connecticut St.",12/22/1963,Rook,3,2,0.0,,0,0,0,TE,TE,jamie_kurisko,0.0,0.0,0.0
1987,NYJ,Eric Riley,Eric,Riley,TE,87.0,23,75,230,Eastern Washington,10/10/1964,Rook,2,1,0.0,,0,0,0,TE,TE,eric_riley,0.0,0.0,0.0
1987,NYJ,Tony Sweet,Tony,Sweet,TE,88.0,24,76,230,Montclair St.,12/13/1963,Rook,3,2,0.0,,0,0,0,TE,TE,tony_sweet,0.0,0.0,0.0
1987,OTI,Mark Gehring,Mark,Gehring,TE,88.0,23,76,235,Eastern Washington,4/16/1964,Rook,6,3,1.0,,0,0,0,TE,TE,mark_gehring,0.0,0.0,0.0
1987,OTI,Jamie Williams,Jamie,Williams,TE,87.0,27,76,240,Nebraska,2/25/1960,4,12,12,1.0,1983.0,0,0,0,TE,TE,jamie_williams,16.0,0.0,0.0
1987,OTI,Mark Gehring,Mark,Gehring,TE,88.0,23,76,235,Eastern Washington,4/16/1964,Rook,6,3,1.0,,0,0,0,TE,TE,mark_gehring,0.0,0.0,0.0
1987,OTI,Jamie Williams,Jamie,Williams,TE,87.0,27,76,240,Nebraska,2/25/1960,4,12,12,1.0,1983.0,0,0,0,TE,TE,jamie_williams,16.0,0.0,0.0
1987,OTI,Mark Gehring,Mark,Gehring,TE,88.0,23,76,235,Eastern Washington,4/16/1964,Rook,6,3,1.0,,0,0,0,TE,TE,mark_gehring,0.0,0.0,0.0
1987,OTI,Jamie Williams,Jamie,Williams,TE,87.0,27,76,240,Nebraska,2/25/1960,4,12,12,1.0,1983.0,0,0,0,TE,TE,jamie_williams,16.0,0.0,0.0
1987,OTI,Mark Gehring,Mark,Gehring,TE,88.0,23,76,235,Eastern Washington,4/16/1964,Rook,6,3,1.0,,0,0,0,TE,TE,mark_gehring,0.0,0.0,0.0
1987,OTI,Jamie Williams,Jamie,Williams,TE,87.0,27,76,240,Nebraska,2/25/1960,4,12,12,1.0,1983.0,0,0,0,TE,TE,jamie_williams,16.0,0.0,0.0
1987,OTI,Mitch Daum,Mitch,Daum,TE,88.0,24,77,250,Wyoming,11/13/1963,Rook,2,0,0.0,,0,0,0,TE,TE,mitch_daum,0.0,0.0,0.0
1987,OTI,Scott Eccles,Scott,Eccles,TE,87.0,24,77,240,Eastern New Mexico,6/28/1963,Rook,1,0,0.0,1987.0,0,0,0,TE,TE,scott_eccles,0.0,0.0,0.0
1987,OTI,Jeff Parks,Jeff,Parks,TE,89.0,23,76,238,Auburn,9/14/1964,1,7,0,0.0,1986.0,0,0,0,TE,TE,jeff_parks,0.0,0.0,0.0
1987,OTI,Mitch Daum,Mitch,Daum,TE,88.0,24,77,250,Wyoming,11/13/1963,Rook,2,0,0.0,,0,0,0,TE,TE,mitch_daum,0.0,0.0,0.0
1987,OTI,Scott Eccles,Scott,Eccles,TE,87.0,24,77,240,Eastern New Mexico,6/28/1963,Rook,1,0,0.0,1987.0,0,0,0,TE,TE,scott_eccles,0.0,0.0,0.0
1987,OTI,Jeff Parks,Jeff,Parks,TE,89.0,23,76,238,Auburn,9/14/1964,1,7,0,0.0,1986.0,0,0,0,TE,TE,jeff_parks,0.0,0.0,0.0
1987,OTI,Mitch Daum,Mitch,Daum,TE,88.0,24,77,250,Wyoming,11/13/1963,Rook,2,0,0.0,,0,0,0,TE,TE,mitch_daum,0.0,0.0,0.0
1987,OTI,Scott Eccles,Scott,Eccles,TE,87.0,24,77,240,Eastern New Mexico,6/28/1963,Rook,1,0,0.0,1987.0,0,0,0,TE,TE,scott_eccles,0.0,0.0,0.0
1987,OTI,Jeff Parks,Jeff,Parks,TE,89.0,23,76,238,Auburn,9/14/1964,1,7,0,0.0,1986.0,0,0,0,TE,TE,jeff_parks,0.0,0.0,0.0
1987,OTI,Mitch Daum,Mitch,Daum,TE,88.0,24,77,250,Wyoming,11/13/1963,Rook,2,0,0.0,,0,0,0,TE,TE,mitch_daum,0.0,0.0,0.0
1987,OTI,Scott Eccles,Scott,Eccles,TE,87.0,24,77,240,Eastern New Mexico,6/28/1963,Rook,1,0,0.0,1987.0,0,0,0,TE,TE,scott_eccles,0.0,0.0,0.0
1987,OTI,Jeff Parks,Jeff,Parks,TE,89.0,23,76,238,Auburn,9/14/1964,1,7,0,0.0,1986.0,0,0,0,TE,TE,jeff_parks,0.0,0.0,0.0
1987,PHI,John Spagnola,John,Spagnola,TE,88.0,30,76,240,Yale,8/1/1957,8,12,12,3.0,1979.0,0,0,0,TE,TE,john_spagnola,23.0,0.0,0.0
1987,PHI,John Spagnola,John,Spagnola,TE,88.0,30,76,240,Yale,8/1/1957,8,12,12,3.0,1979.0,0,0,0,TE,TE,john_spagnola,23.0,0.0,0.0
1987,PHI,Eric Bailey,Eric,Bailey,TE,87.0,24,77,240,Kansas St.,5/12/1963,Rook,3,3,1.0,,0,0,0,TE,TE,eric_bailey,0.0,0.0,0.0
1987,PHI,Jimmie Giles,Jimmie,Giles,TE,83.0,33,75,239,Alcorn St.,11/8/1954,10,8,0,1.0,1977.0,0,0,0,TE,TE,jimmie_giles,40.0,0.0,4.0
1987,PHI,Eric Bailey,Eric,Bailey,TE,87.0,24,77,240,Kansas St.,5/12/1963,Rook,3,3,1.0,,0,0,0,TE,TE,eric_bailey,0.0,0.0,0.0
1987,PHI,Jimmie Giles,Jimmie,Giles,TE,83.0,33,75,239,Alcorn St.,11/8/1954,10,8,0,1.0,1977.0,0,0,0,TE,TE,jimmie_giles,40.0,0.0,4.0
1987,PHI,Ron Fazio,Ron,Fazio,TE,84.0,25,76,242,Maryland,6/5/1962,Rook,1,0,0.0,,0,0,0,TE,TE,ron_fazio,0.0,0.0,0.0
1987,PHI,Dave Little,Dave,Little,TE,89.0,26,74,233,Middle Tenn. St.,4/18/1961,3,12,0,0.0,,0,0,0,TE,TE,dave_little,0.0,0.0,0.0
1987,PHI,Mike McCloskey,Mike,McCloskey,TE,84.0,26,77,244,Penn St.,2/2/1961,4,1,0,0.0,1983.0,0,0,0,TE,TE,mike_mccloskey,2.0,0.0,0.0
1987,PHI,Jay Repko,Jay,Repko,TE,89.0,29,75,240,"Ursinus,Pennsylvania",6/12/1958,Rook,3,0,0.0,,0,0,0,TE,TE,jay_repko,0.0,0.0,0.0
1987,PHI,Ron Fazio,Ron,Fazio,TE,84.0,25,76,242,Maryland,6/5/1962,Rook,1,0,0.0,,0,0,0,TE,TE,ron_fazio,0.0,0.0,0.0
1987,PHI,Dave Little,Dave,Little,TE,89.0,26,74,233,Middle Tenn. St.,4/18/1961,3,12,0,0.0,,0,0,0,TE,TE,dave_little,0.0,0.0,0.0
1987,PHI,Mike McCloskey,Mike,McCloskey,TE,84.0,26,77,244,Penn St.,2/2/1961,4,1,0,0.0,1983.0,0,0,0,TE,TE,mike_mccloskey,2.0,0.0,0.0
1987,PHI,Jay Repko,Jay,Repko,TE,89.0,29,75,240,"Ursinus,Pennsylvania",6/12/1958,Rook,3,0,0.0,,0,0,0,TE,TE,jay_repko,0.0,0.0,0.0
1987,PIT,Danzell Lee,Danzell,Lee,TE,84.0,24,74,235,Lamar,3/16/1963,Rook,13,13,1.0,1985.0,0,0,0,TE,TE,danzell_lee,1.0,0.0,0.0
1987,PIT,Danzell Lee,Danzell,Lee,TE,84.0,24,74,235,Lamar,3/16/1963,Rook,13,13,1.0,1985.0,0,0,0,TE,TE,danzell_lee,1.0,0.0,0.0
1987,PIT,Ralph Britt,Ralph,Britt,TE,86.0,22,75,240,North Carolina St.,8/18/1965,Rook,3,0,0.0,,0,0,0,TE,TE,ralph_britt,0.0,0.0,0.0
1987,PIT,Preston Gothard,Preston,Gothard,TE,86.0,25,76,239,Alabama,2/23/1962,2,2,2,0.0,,0,0,0,TE,TE,preston_gothard,0.0,0.0,0.0
1987,PIT,Theo Young,Theo,Young,TE,80.0,22,74,237,Arkansas,4/25/1965,Rook,12,1,0.0,1987.0,0,0,0,TE,TE,theo_young,0.0,0.0,0.0
1987,PIT,Ralph Britt,Ralph,Britt,TE,86.0,22,75,240,North Carolina St.,8/18/1965,Rook,3,0,0.0,,0,0,0,TE,TE,ralph_britt,0.0,0.0,0.0
1987,PIT,Preston Gothard,Preston,Gothard,TE,86.0,25,76,239,Alabama,2/23/1962,2,2,2,0.0,,0,0,0,TE,TE,preston_gothard,0.0,0.0,0.0
1987,PIT,Theo Young,Theo,Young,TE,80.0,22,74,237,Arkansas,4/25/1965,Rook,12,1,0.0,1987.0,0,0,0,TE,TE,theo_young,0.0,0.0,0.0
1987,RAI,Todd Christensen,Todd,Christensen,TE,46.0,31,75,230,BYU,8/3/1956,8,12,12,6.0,1978.0,0,0,0,TE,TE,todd_christensen,50.0,2.0,5.0
1987,RAI,Todd Christensen,Todd,Christensen,TE,46.0,31,75,230,BYU,8/3/1956,8,12,12,6.0,1978.0,0,0,0,TE,TE,todd_christensen,50.0,2.0,5.0
1987,RAI,Ron Wheeler,Ron,Wheeler,TE,82.0,29,77,235,Washington,9/5/1958,Rook,3,1,1.0,,0,0,0,TE,TE,ron_wheeler,0.0,0.0,0.0
1987,RAI,Ron Wheeler,Ron,Wheeler,TE,82.0,29,77,235,Washington,9/5/1958,Rook,3,1,1.0,,0,0,0,TE,TE,ron_wheeler,0.0,0.0,0.0
1987,RAI,Andy Parker,Andy,Parker,TE,81.0,26,77,244,Utah,9/8/1961,3,12,0,0.0,1984.0,0,0,0,TE,TE,andy_parker,0.0,0.0,0.0
1987,RAI,Mario Perry,Mario,Perry,TE,84.0,24,78,240,Mississippi,12/20/1963,Rook,3,2,0.0,1987.0,0,0,0,TE,TE,mario_perry,0.0,0.0,0.0
1987,RAI,Andy Parker,Andy,Parker,TE,81.0,26,77,244,Utah,9/8/1961,3,12,0,0.0,1984.0,0,0,0,TE,TE,andy_parker,0.0,0.0,0.0
1987,RAI,Mario Perry,Mario,Perry,TE,84.0,24,78,240,Mississippi,12/20/1963,Rook,3,2,0.0,1987.0,0,0,0,TE,TE,mario_perry,0.0,0.0,0.0
1987,RAM,Damone Johnson,Damone,Johnson,TE,86.0,25,76,230,Cal Poly-San Luis Obispo,3/2/1962,1,12,5,2.0,1985.0,0,0,0,TE,TE,damone_johnson,8.0,0.0,0.0
1987,RAM,Damone Johnson,Damone,Johnson,TE,86.0,25,76,230,Cal Poly-San Luis Obispo,3/2/1962,1,12,5,2.0,1985.0,0,0,0,TE,TE,damone_johnson,8.0,0.0,0.0
1987,RAM,David Hill,David,Hill,TE,81.0,33,74,229,Texas A&M-Kingsville,1/1/1954,11,12,12,1.0,1976.0,0,0,0,TE,TE,david_hill,34.0,0.0,2.0
1987,RAM,David Hill,David,Hill,TE,81.0,33,74,229,Texas A&M-Kingsville,1/1/1954,11,12,12,1.0,1976.0,0,0,0,TE,TE,david_hill,34.0,0.0,2.0
1987,RAM,Greg Baty,Greg,Baty,TE,84.0,23,77,241,Stanford,8/28/1964,1,4,0,0.0,1986.0,0,0,0,TE,TE,greg_baty,8.0,0.0,0.0
1987,RAM,Jon Embree,Jon,Embree,TE,87.0,22,74,234,Colorado,10/15/1965,Rook,1,0,0.0,1987.0,0,0,0,TE,TE,jon_embree,0.0,0.0,0.0
1987,RAM,James McDonald,James,McDonald,TE,87.0,26,77,234,USC,3/29/1961,4,5,3,0.0,,0,0,0,TE,TE,james_mcdonald,0.0,0.0,0.0
1987,RAM,Don Noble,Don,Noble,TE,86.0,22,74,253,California,10/11/1965,Rook,2,0,0.0,,0,0,0,TE,TE,don_noble,0.0,0.0,0.0
1987,RAM,Joe Rose,Joe,Rose,TE,83.0,30,75,228,California,6/24/1957,7,1,0,0.0,1980.0,0,0,0,TE,TE,joe_rose,15.0,0.0,0.0
1987,RAM,Greg Baty,Greg,Baty,TE,84.0,23,77,241,Stanford,8/28/1964,1,4,0,0.0,1986.0,0,0,0,TE,TE,greg_baty,8.0,0.0,0.0
1987,RAM,Jon Embree,Jon,Embree,TE,87.0,22,74,234,Colorado,10/15/1965,Rook,1,0,0.0,1987.0,0,0,0,TE,TE,jon_embree,0.0,0.0,0.0
1987,RAM,James McDonald,James,McDonald,TE,87.0,26,77,234,USC,3/29/1961,4,5,3,0.0,,0,0,0,TE,TE,james_mcdonald,0.0,0.0,0.0
1987,RAM,Don Noble,Don,Noble,TE,86.0,22,74,253,California,10/11/1965,Rook,2,0,0.0,,0,0,0,TE,TE,don_noble,0.0,0.0,0.0
1987,RAM,Joe Rose,Joe,Rose,TE,83.0,30,75,228,California,6/24/1957,7,1,0,0.0,1980.0,0,0,0,TE,TE,joe_rose,15.0,0.0,0.0
1987,SDG,Kellen Winslow,Kellen,Winslow,TE,80.0,30,77,251,Missouri,11/5/1957,8,12,12,3.0,1979.0,0,0,0,TE,TE,kellen_winslow,63.0,3.0,5.0
1987,SDG,Kellen Winslow,Kellen,Winslow,TE,80.0,30,77,251,Missouri,11/5/1957,8,12,12,3.0,1979.0,0,0,0,TE,TE,kellen_winslow,37.0,0.0,1.0
1987,SDG,Kellen Winslow,Kellen,Winslow,TE,80.0,30,77,251,Missouri,11/5/1957,8,12,12,3.0,1979.0,0,0,0,TE,TE,kellen_winslow,63.0,3.0,5.0
1987,SDG,Kellen Winslow,Kellen,Winslow,TE,80.0,30,77,251,Missouri,11/5/1957,8,12,12,3.0,1979.0,0,0,0,TE,TE,kellen_winslow,37.0,0.0,1.0
1987,SDG,Rod Bernstine,Rod,Bernstine,TE,82.0,22,75,238,Texas A&M,2/8/1965,Rook,10,2,1.0,1987.0,0,0,0,TE,TE,rod_bernstine,31.0,0.0,0.0
1987,SDG,Pete Holohan,Pete,Holohan,TE,88.0,28,76,237,Notre Dame,7/25/1959,6,12,4,1.0,1981.0,0,0,0,TE,TE,pete_holohan,29.0,0.0,0.0
1987,SDG,Rod Bernstine,Rod,Bernstine,TE,82.0,22,75,238,Texas A&M,2/8/1965,Rook,10,2,1.0,1987.0,0,0,0,TE,TE,rod_bernstine,31.0,0.0,0.0
1987,SDG,Pete Holohan,Pete,Holohan,TE,88.0,28,76,237,Notre Dame,7/25/1959,6,12,4,1.0,1981.0,0,0,0,TE,TE,pete_holohan,29.0,0.0,0.0
1987,SDG,Kevin Ferguson,Kevin,Ferguson,TE,87.0,22,74,223,Virginia,12/4/1965,Rook,3,0,0.0,,0,0,0,TE,TE,kevin_ferguson,0.0,0.0,0.0
1987,SDG,Harry Holt,Harry,Holt,TE,85.0,30,76,236,Arizona,12/29/1957,4,3,3,0.0,,0,0,0,TE,TE,harry_holt,0.0,0.0,0.0
1987,SDG,Eric Sievers,Eric,Sievers,TE,85.0,30,76,236,Maryland,11/9/1957,6,12,1,0.0,1981.0,0,0,0,TE,TE,eric_sievers,21.0,0.0,0.0
1987,SDG,Kevin Ferguson,Kevin,Ferguson,TE,87.0,22,74,223,Virginia,12/4/1965,Rook,3,0,0.0,,0,0,0,TE,TE,kevin_ferguson,0.0,0.0,0.0
1987,SDG,Harry Holt,Harry,Holt,TE,85.0,30,76,236,Arizona,12/29/1957,4,3,3,0.0,,0,0,0,TE,TE,harry_holt,0.0,0.0,0.0
1987,SDG,Eric Sievers,Eric,Sievers,TE,85.0,30,76,236,Maryland,11/9/1957,6,12,1,0.0,1981.0,0,0,0,TE,TE,eric_sievers,21.0,0.0,0.0
1987,SEA,Mark Keel,Mark,Keel,TE,85.0,26,76,228,Arizona,10/1/1961,Rook,3,3,1.0,1983.0,0,0,0,TE,TE,mark_keel,1.0,0.0,0.0
1987,SEA,Mike Tice,Mike,Tice,TE,86.0,28,79,253,Maryland,2/2/1959,6,12,12,1.0,,0,0,0,TE,TE,mike_tice,0.0,0.0,0.0
1987,SEA,Mark Keel,Mark,Keel,TE,85.0,26,76,228,Arizona,10/1/1961,Rook,3,3,1.0,1983.0,0,0,0,TE,TE,mark_keel,1.0,0.0,0.0
1987,SEA,Mike Tice,Mike,Tice,TE,86.0,28,79,253,Maryland,2/2/1959,6,12,12,1.0,,0,0,0,TE,TE,mike_tice,0.0,0.0,0.0
1987,SEA,Chris Corley,Chris,Corley,TE,84.0,24,76,285,South Carolina,10/24/1963,Rook,1,0,0.0,,0,0,0,TE,TE,chris_corley,0.0,0.0,0.0
1987,SEA,John O'Callaghan,John,O'Callaghan,TE,84.0,23,76,245,"Long Beach St.,San Diego St.",5/15/1964,Rook,1,0,0.0,,0,0,0,TE,TE,john_o'callaghan,0.0,0.0,0.0
1987,SEA,Ken Sager,Ken,Sager,TE,89.0,24,76,228,Western Washington,10/15/1963,Rook,3,1,0.0,,0,0,0,TE,TE,ken_sager,0.0,0.0,0.0
1987,SEA,Wilbur Strozier,Wilbur,Strozier,TE,87.0,23,76,255,Georgia,11/12/1964,Rook,12,3,0.0,1987.0,0,0,0,TE,TE,wilbur_strozier,0.0,0.0,0.0
1987,SEA,Chris Corley,Chris,Corley,TE,84.0,24,76,285,South Carolina,10/24/1963,Rook,1,0,0.0,,0,0,0,TE,TE,chris_corley,0.0,0.0,0.0
1987,SEA,John O'Callaghan,John,O'Callaghan,TE,84.0,23,76,245,"Long Beach St.,San Diego St.",5/15/1964,Rook,1,0,0.0,,0,0,0,TE,TE,john_o'callaghan,0.0,0.0,0.0
1987,SEA,Ken Sager,Ken,Sager,TE,89.0,24,76,228,Western Washington,10/15/1963,Rook,3,1,0.0,,0,0,0,TE,TE,ken_sager,0.0,0.0,0.0
1987,SEA,Wilbur Strozier,Wilbur,Strozier,TE,87.0,23,76,255,Georgia,11/12/1964,Rook,12,3,0.0,1987.0,0,0,0,TE,TE,wilbur_strozier,0.0,0.0,0.0
1987,SFO,John Frank,John,Frank,TE,86.0,25,75,225,Ohio St.,4/17/1962,3,12,5,4.0,1984.0,0,0,0,TE,TE,john_frank,8.0,0.0,0.0
1987,SFO,John Frank,John,Frank,TE,86.0,25,75,225,Ohio St.,4/17/1962,3,12,5,4.0,1984.0,0,0,0,TE,TE,john_frank,0.0,0.0,0.0
1987,SFO,John Frank,John,Frank,TE,86.0,25,75,225,Ohio St.,4/17/1962,3,12,5,4.0,1984.0,0,0,0,TE,TE,john_frank,8.0,0.0,0.0
1987,SFO,John Frank,John,Frank,TE,86.0,25,75,225,Ohio St.,4/17/1962,3,12,5,4.0,1984.0,0,0,0,TE,TE,john_frank,0.0,0.0,0.0
1987,SFO,Russ Francis,Russ,Francis,TE,81.0,34,78,240,Oregon,4/3/1953,12,8,7,3.0,1975.0,0,0,0,TE,TE,russ_francis,46.0,0.0,3.0
1987,SFO,Russ Francis,Russ,Francis,TE,81.0,34,78,240,Oregon,4/3/1953,12,8,7,3.0,1975.0,0,0,0,TE,TE,russ_francis,46.0,0.0,3.0
1987,SFO,Ron Heller,Ron,Heller,TE,89.0,24,75,236,Oregon St.,9/18/1963,1,13,6,2.0,,0,0,0,TE,TE,ron_heller,62.0,0.0,0.0
1987,SFO,Ron Heller,Ron,Heller,TE,89.0,24,75,236,Oregon St.,9/18/1963,1,13,6,2.0,,0,0,0,TE,TE,ron_heller,0.0,0.0,0.0
1987,SFO,Ron Heller,Ron,Heller,TE,89.0,24,75,236,Oregon St.,9/18/1963,1,13,6,2.0,,0,0,0,TE,TE,ron_heller,62.0,0.0,0.0
1987,SFO,Ron Heller,Ron,Heller,TE,89.0,24,75,236,Oregon St.,9/18/1963,1,13,6,2.0,,0,0,0,TE,TE,ron_heller,0.0,0.0,0.0
1987,SFO,Chris Dressel,Chris,Dressel,TE,88.0,26,76,238,Stanford,2/7/1961,4,1,0,0.0,1983.0,0,0,0,TE,TE,chris_dressel,8.0,0.0,0.0
1987,SFO,Brent Jones,Brent,Jones,TE,88.0,24,76,230,Santa Clara,2/12/1963,1,4,0,0.0,1986.0,0,0,0,TE,TE,brent_jones,50.0,0.0,4.0
1987,SFO,Mike Wells,Mike,Wells,TE,40.0,25,75,233,San Diego St.,1/22/1962,Rook,1,1,0.0,,0,0,0,TE,TE,mike_wells,0.0,0.0,0.0
1987,SFO,Mike Wells,Mike,Wells,TE,40.0,25,75,233,San Diego St.,1/22/1962,Rook,1,1,0.0,,0,0,0,TE,TE,mike_wells,31.0,0.0,0.0
1987,SFO,Chris Dressel,Chris,Dressel,TE,88.0,26,76,238,Stanford,2/7/1961,4,1,0,0.0,1983.0,0,0,0,TE,TE,chris_dressel,8.0,0.0,0.0
1987,SFO,Brent Jones,Brent,Jones,TE,88.0,24,76,230,Santa Clara,2/12/1963,1,4,0,0.0,1986.0,0,0,0,TE,TE,brent_jones,50.0,0.0,4.0
1987,SFO,Mike Wells,Mike,Wells,TE,40.0,25,75,233,San Diego St.,1/22/1962,Rook,1,1,0.0,,0,0,0,TE,TE,mike_wells,0.0,0.0,0.0
1987,SFO,Mike Wells,Mike,Wells,TE,40.0,25,75,233,San Diego St.,1/22/1962,Rook,1,1,0.0,,0,0,0,TE,TE,mike_wells,31.0,0.0,0.0
1987,TAM,Calvin Magee,Calvin,Magee,TE,86.0,24,75,240,Southern,4/23/1963,2,11,11,4.0,,0,0,0,TE,TE,calvin_magee,0.0,0.0,0.0
1987,TAM,Calvin Magee,Calvin,Magee,TE,86.0,24,75,240,Southern,4/23/1963,2,11,11,4.0,,0,0,0,TE,TE,calvin_magee,0.0,0.0,0.0
1987,TAM,Ron Hall,Ron,Hall,TE,82.0,23,76,245,"Cal Poly-Pomona,Hawaii",3/15/1964,Rook,10,3,1.0,1987.0,0,0,0,TE,TE,ron_hall,45.0,1.0,1.0
1987,TAM,Ron Hall,Ron,Hall,TE,82.0,23,76,245,"Cal Poly-Pomona,Hawaii",3/15/1964,Rook,10,3,1.0,1987.0,0,0,0,TE,TE,ron_hall,18.0,0.0,0.0
1987,TAM,Steve Holloway,Steve,Holloway,TE,80.0,23,75,235,Tennessee St.,8/23/1964,Rook,6,4,1.0,,0,0,0,TE,TE,steve_holloway,0.0,0.0,0.0
1987,TAM,Steve Holloway,Steve,Holloway,TE,80.0,23,75,235,Tennessee St.,8/23/1964,Rook,6,4,1.0,,0,0,0,TE,TE,steve_holloway,0.0,0.0,0.0
1987,TAM,Ron Hall,Ron,Hall,TE,82.0,23,76,245,"Cal Poly-Pomona,Hawaii",3/15/1964,Rook,10,3,1.0,1987.0,0,0,0,TE,TE,ron_hall,45.0,1.0,1.0
1987,TAM,Ron Hall,Ron,Hall,TE,82.0,23,76,245,"Cal Poly-Pomona,Hawaii",3/15/1964,Rook,10,3,1.0,1987.0,0,0,0,TE,TE,ron_hall,18.0,0.0,0.0
1987,TAM,Steve Holloway,Steve,Holloway,TE,80.0,23,75,235,Tennessee St.,8/23/1964,Rook,6,4,1.0,,0,0,0,TE,TE,steve_holloway,0.0,0.0,0.0
1987,TAM,Steve Holloway,Steve,Holloway,TE,80.0,23,75,235,Tennessee St.,8/23/1964,Rook,6,4,1.0,,0,0,0,TE,TE,steve_holloway,0.0,0.0,0.0
1987,TAM,Jeff Modesitt,Jeff,Modesitt,TE,82.0,23,77,245,Delaware,1/1/1964,Rook,1,0,0.0,,0,0,0,TE,TE,jeff_modesitt,0.0,0.0,0.0
1987,TAM,Arthur Wells,Arthur,Wells,TE,85.0,24,76,236,Grambling St.,2/1/1963,Rook,2,0,0.0,1987.0,0,0,0,TE,TE,arthur_wells,0.0,0.0,0.0
1987,TAM,Jeff Modesitt,Jeff,Modesitt,TE,82.0,23,77,245,Delaware,1/1/1964,Rook,1,0,0.0,,0,0,0,TE,TE,jeff_modesitt,0.0,0.0,0.0
1987,TAM,Arthur Wells,Arthur,Wells,TE,85.0,24,76,236,Grambling St.,2/1/1963,Rook,2,0,0.0,1987.0,0,0,0,TE,TE,arthur_wells,0.0,0.0,0.0
1987,WAS,Clint Didier,Clint,Didier,TE,86.0,28,77,240,Portland St.,4/4/1959,5,9,6,2.0,1981.0,0,0,0,TE,TE,clint_didier,18.0,0.0,0.0
1987,WAS,Craig McEwen,Craig,McEwen,TE,83.0,22,73,220,Utah,12/16/1965,Rook,4,3,2.0,,0,0,0,TE,TE,craig_mcewen,0.0,0.0,0.0
1987,WAS,Clint Didier,Clint,Didier,TE,86.0,28,77,240,Portland St.,4/4/1959,5,9,6,2.0,1981.0,0,0,0,TE,TE,clint_didier,18.0,0.0,0.0
1987,WAS,Craig McEwen,Craig,McEwen,TE,83.0,22,73,220,Utah,12/16/1965,Rook,4,3,2.0,,0,0,0,TE,TE,craig_mcewen,0.0,0.0,0.0
1987,WAS,Cliff Benson,Cliff,Benson,TE,88.0,26,76,238,Purdue,8/28/1961,3,2,0,0.0,1984.0,0,0,0,TE,TE,cliff_benson,2.0,0.0,0.0
1987,WAS,Joe Caravello,Joe,Caravello,TE,82.0,24,75,270,Tulane,6/6/1963,1,11,5,0.0,,0,0,0,TE,TE,joe_caravello,0.0,0.0,0.0
1987,WAS,Glenn Dennison,Glenn,Dennison,TE,89.0,26,75,225,Miami (FL),11/17/1961,3,2,1,0.0,1984.0,0,0,0,TE,TE,glenn_dennison,1.0,0.0,0.0
1987,WAS,K.D. Dunn,K.D.,Dunn,TE,87.0,24,75,235,Clemson,4/28/1963,2,3,0,0.0,1985.0,0,0,0,TE,TE,k.d._dunn,2.0,0.0,0.0
1987,WAS,Anthony Jones,Anthony,Jones,TE,82.0,27,75,248,"MD-Eastern Shore,Wichita St.",5/16/1960,3,2,0,0.0,1984.0,0,0,0,TE,TE,anthony_jones,0.0,0.0,0.0
1987,WAS,Terry Orr,Terry,Orr,TE,87.0,26,75,231,Texas,9/27/1961,1,10,1,0.0,1985.0,0,0,0,TE,TE,terry_orr,10.0,0.0,0.0
1987,WAS,Dave Truitt,Dave,Truitt,TE,85.0,23,76,232,North Carolina,2/18/1964,Rook,1,0,0.0,,0,0,0,TE,TE,dave_truitt,0.0,0.0,0.0
1987,WAS,Don Warren,Don,Warren,TE,85.0,31,76,242,San Diego St.,5/5/1956,8,12,12,0.0,1979.0,0,0,0,TE,TE,don_warren,22.0,0.0,0.0
1987,WAS,Marv Williams,Marv,Williams,TE,48.0,24,75,233,Cal State-Fullerton,10/11/1963,Rook,2,0,0.0,,0,0,0,TE,TE,marv_williams,0.0,0.0,0.0
1987,WAS,Cliff Benson,Cliff,Benson,TE,88.0,26,76,238,Purdue,8/28/1961,3,2,0,0.0,1984.0,0,0,0,TE,TE,cliff_benson,2.0,0.0,0.0
1987,WAS,Joe Caravello,Joe,Caravello,TE,82.0,24,75,270,Tulane,6/6/1963,1,11,5,0.0,,0,0,0,TE,TE,joe_caravello,0.0,0.0,0.0
1987,WAS,Glenn Dennison,Glenn,Dennison,TE,89.0,26,75,225,Miami (FL),11/17/1961,3,2,1,0.0,1984.0,0,0,0,TE,TE,glenn_dennison,1.0,0.0,0.0
1987,WAS,K.D. Dunn,K.D.,Dunn,TE,87.0,24,75,235,Clemson,4/28/1963,2,3,0,0.0,1985.0,0,0,0,TE,TE,k.d._dunn,2.0,0.0,0.0
1987,WAS,Anthony Jones,Anthony,Jones,TE,82.0,27,75,248,"MD-Eastern Shore,Wichita St.",5/16/1960,3,2,0,0.0,1984.0,0,0,0,TE,TE,anthony_jones,0.0,0.0,0.0
1987,WAS,Terry Orr,Terry,Orr,TE,87.0,26,75,231,Texas,9/27/1961,1,10,1,0.0,1985.0,0,0,0,TE,TE,terry_orr,10.0,0.0,0.0
1987,WAS,Dave Truitt,Dave,Truitt,TE,85.0,23,76,232,North Carolina,2/18/1964,Rook,1,0,0.0,,0,0,0,TE,TE,dave_truitt,0.0,0.0,0.0
1987,WAS,Don Warren,Don,Warren,TE,85.0,31,76,242,San Diego St.,5/5/1956,8,12,12,0.0,1979.0,0,0,0,TE,TE,don_warren,22.0,0.0,0.0
1987,WAS,Marv Williams,Marv,Williams,TE,48.0,24,75,233,Cal State-Fullerton,10/11/1963,Rook,2,0,0.0,,0,0,0,TE,TE,marv_williams,0.0,0.0,0.0
1988,ATL,Ken Whisenhunt,Ken,Whisenhunt,TE,45.0,26,75,237,Georgia Tech,2/28/1962,3,16,16,1.0,1985.0,0,0,0,TE,TE,ken_whisenhunt,3.0,0.0,0.0
1988,ATL,Gary Wilkins,Gary,Wilkins,TE,80.0,25,73,235,Georgia Tech,11/23/1963,2,14,0,1.0,,0,0,0,TE,TE,gary_wilkins,0.0,0.0,0.0
1988,ATL,Ken Whisenhunt,Ken,Whisenhunt,TE,45.0,26,75,237,Georgia Tech,2/28/1962,3,16,16,1.0,1985.0,0,0,0,TE,TE,ken_whisenhunt,3.0,0.0,0.0
1988,ATL,Gary Wilkins,Gary,Wilkins,TE,80.0,25,73,235,Georgia Tech,11/23/1963,2,14,0,1.0,,0,0,0,TE,TE,gary_wilkins,0.0,0.0,0.0
1988,ATL,Alex Higdon,Alex,Higdon,TE,88.0,22,77,247,Ohio St.,9/9/1966,Rook,3,0,0.0,1988.0,0,0,0,TE,TE,alex_higdon,0.0,0.0,0.0
1988,ATL,Danzell Lee,Danzell,Lee,TE,87.0,25,74,235,Lamar,3/16/1963,1,5,0,0.0,1985.0,0,0,0,TE,TE,danzell_lee,1.0,0.0,0.0
1988,ATL,Alex Higdon,Alex,Higdon,TE,88.0,22,77,247,Ohio St.,9/9/1966,Rook,3,0,0.0,1988.0,0,0,0,TE,TE,alex_higdon,0.0,0.0,0.0
1988,ATL,Danzell Lee,Danzell,Lee,TE,87.0,25,74,235,Lamar,3/16/1963,1,5,0,0.0,1985.0,0,0,0,TE,TE,danzell_lee,1.0,0.0,0.0
1988,BUF,Pete Metzelaars,Pete,Metzelaars,TE,88.0,28,79,254,Wabash,5/24/1960,6,16,16,5.0,1982.0,0,0,0,TE,TE,pete_metzelaars,28.0,0.0,0.0
1988,BUF,Pete Metzelaars,Pete,Metzelaars,TE,88.0,28,79,254,Wabash,5/24/1960,6,16,16,5.0,1982.0,0,0,0,TE,TE,pete_metzelaars,28.0,0.0,0.0
1988,BUF,Keith McKeller,Keith,McKeller,TE,84.0,24,78,240,Jacksonville St.,7/9/1964,1,12,0,0.0,1987.0,0,0,0,TE,TE,keith_mckeller,16.0,0.0,0.0
1988,BUF,Butch Rolle,Butch,Rolle,TE,87.0,24,75,242,Michigan St.,8/19/1964,2,16,0,0.0,1986.0,0,0,0,TE,TE,butch_rolle,2.0,0.0,0.0
1988,BUF,Keith McKeller,Keith,McKeller,TE,84.0,24,78,240,Jacksonville St.,7/9/1964,1,12,0,0.0,1987.0,0,0,0,TE,TE,keith_mckeller,16.0,0.0,0.0
1988,BUF,Butch Rolle,Butch,Rolle,TE,87.0,24,75,242,Michigan St.,8/19/1964,2,16,0,0.0,1986.0,0,0,0,TE,TE,butch_rolle,2.0,0.0,0.0
1988,CHI,Emery Moorehead,Emery,Moorehead,TE,87.0,34,74,218,Colorado,3/22/1954,11,13,4,1.0,1977.0,0,0,0,TE,TE,emery_moorehead,26.0,0.0,0.0
1988,CHI,James Thornton,James,Thornton,TE,80.0,23,74,242,Cal State-Fullerton,2/8/1965,Rook,16,12,1.0,1988.0,0,0,0,TE,TE,james_thornton,12.0,0.0,0.0
1988,CHI,Emery Moorehead,Emery,Moorehead,TE,87.0,34,74,218,Colorado,3/22/1954,11,13,4,1.0,1977.0,0,0,0,TE,TE,emery_moorehead,26.0,0.0,0.0
1988,CHI,James Thornton,James,Thornton,TE,80.0,23,74,242,Cal State-Fullerton,2/8/1965,Rook,16,12,1.0,1988.0,0,0,0,TE,TE,james_thornton,12.0,0.0,0.0
1988,CHI,Cap Boso,Cap,Boso,TE,86.0,25,76,232,Illinois,9/10/1963,2,6,0,0.0,1986.0,0,0,0,TE,TE,cap_boso,5.0,0.0,0.0
1988,CHI,Brent Novoselsky,Brent,Novoselsky,TE,89.0,22,74,232,Pennsylvania,1/8/1966,Rook,8,0,0.0,,0,0,0,TE,TE,brent_novoselsky,0.0,0.0,0.0
1988,CHI,Cap Boso,Cap,Boso,TE,86.0,25,76,232,Illinois,9/10/1963,2,6,0,0.0,1986.0,0,0,0,TE,TE,cap_boso,5.0,0.0,0.0
1988,CHI,Brent Novoselsky,Brent,Novoselsky,TE,89.0,22,74,232,Pennsylvania,1/8/1966,Rook,8,0,0.0,,0,0,0,TE,TE,brent_novoselsky,0.0,0.0,0.0
1988,CIN,Rodney Holman,Rodney,Holman,TE,82.0,28,75,238,Tulane,4/20/1960,6,16,16,7.0,1982.0,0,0,0,TE,TE,rodney_holman,40.0,0.0,3.0
1988,CIN,Rodney Holman,Rodney,Holman,TE,82.0,28,75,238,Tulane,4/20/1960,6,16,16,7.0,1982.0,0,0,0,TE,TE,rodney_holman,40.0,0.0,3.0
1988,CIN,Jim Riggs,Jim,Riggs,TE,87.0,25,77,245,Clemson,9/29/1963,1,16,0,1.0,1987.0,0,0,0,TE,TE,jim_riggs,3.0,0.0,0.0
1988,CIN,Jim Riggs,Jim,Riggs,TE,87.0,25,77,245,Clemson,9/29/1963,1,16,0,1.0,1987.0,0,0,0,TE,TE,jim_riggs,3.0,0.0,0.0
1988,CIN,Eric Kattus,Eric,Kattus,TE,84.0,25,77,240,Michigan,3/4/1963,2,4,0,0.0,1986.0,0,0,0,TE,TE,eric_kattus,6.0,0.0,0.0
1988,CIN,Eric Kattus,Eric,Kattus,TE,84.0,25,77,240,Michigan,3/4/1963,2,4,0,0.0,1986.0,0,0,0,TE,TE,eric_kattus,6.0,0.0,0.0
1988,CLE,Ozzie Newsome,Ozzie,Newsome,TE,82.0,32,74,232,Alabama,3/16/1956,10,16,14,3.0,1978.0,0,0,0,TE,TE,ozzie_newsome,59.0,1.0,3.0
1988,CLE,Ozzie Newsome,Ozzie,Newsome,TE,82.0,32,74,232,Alabama,3/16/1956,10,16,14,3.0,1978.0,0,0,0,TE,TE,ozzie_newsome,59.0,1.0,3.0
1988,CLE,Derek Tennell,Derek,Tennell,TE,81.0,24,77,245,UCLA,2/12/1964,1,16,3,1.0,1987.0,0,0,0,TE,TE,derek_tennell,3.0,0.0,0.0
1988,CLE,Derek Tennell,Derek,Tennell,TE,81.0,24,77,245,UCLA,2/12/1964,1,16,3,1.0,1987.0,0,0,0,TE,TE,derek_tennell,3.0,0.0,0.0
1988,CLT,Pat Beach,Pat,Beach,TE,81.0,29,76,247,Washington St.,12/28/1959,6,16,16,3.0,1982.0,0,0,0,TE,TE,pat_beach,13.0,0.0,0.0
1988,CLT,Mark Boyer,Mark,Boyer,TE,84.0,26,76,233,USC,9/16/1962,3,16,13,3.0,1985.0,0,0,0,TE,TE,mark_boyer,13.0,0.0,0.0
1988,CLT,Pat Beach,Pat,Beach,TE,81.0,29,76,247,Washington St.,12/28/1959,6,16,16,3.0,1982.0,0,0,0,TE,TE,pat_beach,13.0,0.0,0.0
1988,CLT,Mark Boyer,Mark,Boyer,TE,84.0,26,76,233,USC,9/16/1962,3,16,13,3.0,1985.0,0,0,0,TE,TE,mark_boyer,13.0,0.0,0.0
1988,CLT,John Brandes,John,Brandes,TE,88.0,24,74,249,Cameron,4/2/1964,1,16,0,0.0,,0,0,0,TE,TE,john_brandes,0.0,0.0,0.0
1988,CLT,Donnie Dee,Donnie,Dee,TE,48.0,23,76,247,Tulsa,3/17/1965,Rook,13,0,0.0,1988.0,0,0,0,TE,TE,donnie_dee,0.0,0.0,0.0
1988,CLT,John Brandes,John,Brandes,TE,88.0,24,74,249,Cameron,4/2/1964,1,16,0,0.0,,0,0,0,TE,TE,john_brandes,0.0,0.0,0.0
1988,CLT,Donnie Dee,Donnie,Dee,TE,48.0,23,76,247,Tulsa,3/17/1965,Rook,13,0,0.0,1988.0,0,0,0,TE,TE,donnie_dee,0.0,0.0,0.0
1988,CRD,Jay Novacek,Jay,Novacek,TE,85.0,26,76,234,Wyoming,10/24/1962,3,16,1,5.0,1985.0,0,0,0,TE,TE,jay_novacek,44.0,1.0,5.0
1988,CRD,Jay Novacek,Jay,Novacek,TE,85.0,26,76,234,Wyoming,10/24/1962,3,16,1,5.0,1985.0,0,0,0,TE,TE,jay_novacek,44.0,1.0,5.0
1988,CRD,Robert Awalt,Robert,Awalt,TE,80.0,24,77,258,"Nevada,Sacramento CC,San Diego St.",4/9/1964,1,16,15,4.0,1987.0,0,0,0,TE,TE,robert_awalt,13.0,0.0,0.0
1988,CRD,Robert Awalt,Robert,Awalt,TE,80.0,24,77,258,"Nevada,Sacramento CC,San Diego St.",4/9/1964,1,16,15,4.0,1987.0,0,0,0,TE,TE,robert_awalt,13.0,0.0,0.0
1988,CRD,Greg Baty,Greg,Baty,TE,82.0,24,77,241,Stanford,8/28/1964,2,1,0,0.0,1986.0,0,0,0,TE,TE,greg_baty,8.0,0.0,0.0
1988,CRD,Mark Walczak,Mark,Walczak,TE,89.0,26,78,246,Arizona,4/26/1962,1,16,0,0.0,,0,0,0,TE,TE,mark_walczak,0.0,0.0,0.0
1988,CRD,Greg Baty,Greg,Baty,TE,82.0,24,77,241,Stanford,8/28/1964,2,1,0,0.0,1986.0,0,0,0,TE,TE,greg_baty,8.0,0.0,0.0
1988,CRD,Mark Walczak,Mark,Walczak,TE,89.0,26,78,246,Arizona,4/26/1962,1,16,0,0.0,,0,0,0,TE,TE,mark_walczak,0.0,0.0,0.0
1988,DAL,Thornton Chandler,Thornton,Chandler,TE,89.0,25,77,243,"Florida A&M,Alabama",11/27/1963,2,16,12,1.0,1986.0,0,0,0,TE,TE,thornton_chandler,1.0,0.0,0.0
1988,DAL,Doug Cosbie,Doug,Cosbie,TE,84.0,32,78,236,"Holy Cross,Santa Clara",3/27/1956,9,11,4,1.0,1979.0,0,0,0,TE,TE,doug_cosbie,32.0,0.0,3.0
1988,DAL,Steve Folsom,Steve,Folsom,TE,85.0,30,77,235,"Long Beach St.,Utah",3/21/1958,7,16,4,1.0,1981.0,0,0,0,TE,TE,steve_folsom,3.0,0.0,0.0
1988,DAL,Todd Fowler,Todd,Fowler,TE,46.0,26,75,221,S.F. Austin,6/9/1962,3,16,6,1.0,,0,0,0,TE,TE,todd_fowler,0.0,0.0,0.0
1988,DAL,Thornton Chandler,Thornton,Chandler,TE,89.0,25,77,243,"Florida A&M,Alabama",11/27/1963,2,16,12,1.0,1986.0,0,0,0,TE,TE,thornton_chandler,1.0,0.0,0.0
1988,DAL,Doug Cosbie,Doug,Cosbie,TE,84.0,32,78,236,"Holy Cross,Santa Clara",3/27/1956,9,11,4,1.0,1979.0,0,0,0,TE,TE,doug_cosbie,32.0,0.0,3.0
1988,DAL,Steve Folsom,Steve,Folsom,TE,85.0,30,77,235,"Long Beach St.,Utah",3/21/1958,7,16,4,1.0,1981.0,0,0,0,TE,TE,steve_folsom,3.0,0.0,0.0
1988,DAL,Todd Fowler,Todd,Fowler,TE,46.0,26,75,221,S.F. Austin,6/9/1962,3,16,6,1.0,,0,0,0,TE,TE,todd_fowler,0.0,0.0,0.0
1988,DEN,Clarence Kay,Clarence,Kay,TE,88.0,27,74,237,Georgia,7/30/1961,4,14,14,3.0,1984.0,0,0,0,TE,TE,clarence_kay,17.0,0.0,0.0
1988,DEN,Clarence Kay,Clarence,Kay,TE,88.0,27,74,237,Georgia,7/30/1961,4,14,14,3.0,1984.0,0,0,0,TE,TE,clarence_kay,17.0,0.0,0.0
1988,DEN,Orson Mobley,Orson,Mobley,TE,89.0,25,77,256,"Florida St.,Salem",3/4/1963,2,16,9,2.0,1986.0,0,0,0,TE,TE,orson_mobley,8.0,0.0,0.0
1988,DEN,Orson Mobley,Orson,Mobley,TE,89.0,25,77,256,"Florida St.,Salem",3/4/1963,2,16,9,2.0,1986.0,0,0,0,TE,TE,orson_mobley,8.0,0.0,0.0
1988,DEN,Pat Kelly,Pat,Kelly,TE,86.0,23,78,252,Syracuse,10/29/1965,Rook,16,0,0.0,1988.0,0,0,0,TE,TE,pat_kelly,0.0,0.0,0.0
1988,DEN,Pat Kelly,Pat,Kelly,TE,86.0,23,78,252,Syracuse,10/29/1965,Rook,16,0,0.0,1988.0,0,0,0,TE,TE,pat_kelly,0.0,0.0,0.0
1988,DEN,Pat Kelly,Pat,Kelly,TE,86.0,23,78,252,Syracuse,10/29/1965,Rook,16,0,0.0,1988.0,0,0,0,TE,TE,pat_kelly,0.0,0.0,0.0
1988,DEN,Pat Kelly,Pat,Kelly,TE,86.0,23,78,252,Syracuse,10/29/1965,Rook,16,0,0.0,1988.0,0,0,0,TE,TE,pat_kelly,0.0,0.0,0.0
1988,DET,Pat Carter,Pat,Carter,TE,87.0,22,76,256,Florida St.,8/1/1966,Rook,15,14,1.0,1988.0,0,0,0,TE,TE,pat_carter,9.0,0.0,0.0
1988,DET,Pat Carter,Pat,Carter,TE,87.0,22,76,256,Florida St.,8/1/1966,Rook,15,14,1.0,1988.0,0,0,0,TE,TE,pat_carter,9.0,0.0,0.0
1988,DET,Mark Lewis,Mark,Lewis,TE,81.0,27,74,239,Texas A&M,5/5/1961,3,3,3,0.0,1985.0,0,0,0,TE,TE,mark_lewis,0.0,0.0,0.0
1988,DET,Rob Rubick,Rob,Rubick,TE,84.0,28,75,232,Grand Valley St.,9/27/1960,6,15,1,0.0,1982.0,0,0,0,TE,TE,rob_rubick,5.0,0.0,0.0
1988,DET,Mark Lewis,Mark,Lewis,TE,81.0,27,74,239,Texas A&M,5/5/1961,3,3,3,0.0,1985.0,0,0,0,TE,TE,mark_lewis,0.0,0.0,0.0
1988,DET,Rob Rubick,Rob,Rubick,TE,84.0,28,75,232,Grand Valley St.,9/27/1960,6,15,1,0.0,1982.0,0,0,0,TE,TE,rob_rubick,5.0,0.0,0.0
1988,GNB,Ed West,Ed,West,TE,86.0,27,73,250,Auburn,8/2/1961,4,16,16,2.0,,0,0,0,TE,TE,ed_west,0.0,0.0,0.0
1988,GNB,Ed West,Ed,West,TE,86.0,27,73,250,Auburn,8/2/1961,4,16,16,2.0,,0,0,0,TE,TE,ed_west,0.0,0.0,0.0
1988,GNB,Clint Didier,Clint,Didier,TE,80.0,29,77,240,Portland St.,4/4/1959,6,15,0,0.0,1981.0,0,0,0,TE,TE,clint_didier,18.0,0.0,0.0
1988,GNB,Joey Hackett,Joey,Hackett,TE,89.0,30,77,267,Elon,9/29/1958,2,9,0,0.0,,0,0,0,TE,TE,joey_hackett,0.0,0.0,0.0
1988,GNB,Clint Didier,Clint,Didier,TE,80.0,29,77,240,Portland St.,4/4/1959,6,15,0,0.0,1981.0,0,0,0,TE,TE,clint_didier,18.0,0.0,0.0
1988,GNB,Joey Hackett,Joey,Hackett,TE,89.0,30,77,267,Elon,9/29/1958,2,9,0,0.0,,0,0,0,TE,TE,joey_hackett,0.0,0.0,0.0
1988,KAN,Jonathan Hayes,Jonathan,Hayes,TE,85.0,26,77,248,Iowa,8/11/1962,3,16,9,2.0,1985.0,0,0,0,TE,TE,jonathan_hayes,15.0,0.0,0.0
1988,KAN,Jonathan Hayes,Jonathan,Hayes,TE,85.0,26,77,248,Iowa,8/11/1962,3,16,9,2.0,1985.0,0,0,0,TE,TE,jonathan_hayes,15.0,0.0,0.0
1988,KAN,Alfredo Roberts,Alfredo,Roberts,TE,87.0,23,75,250,Miami (FL),3/1/1965,Rook,16,7,1.0,1988.0,0,0,0,TE,TE,alfredo_roberts,5.0,0.0,0.0
1988,KAN,Alfredo Roberts,Alfredo,Roberts,TE,87.0,23,75,250,Miami (FL),3/1/1965,Rook,16,7,1.0,1988.0,0,0,0,TE,TE,alfredo_roberts,5.0,0.0,0.0
1988,KAN,Rod Jones,Rod,Jones,TE,80.0,24,76,240,Washington,3/3/1964,1,2,0,0.0,1987.0,0,0,0,TE,TE,rod_jones,34.0,0.0,0.0
1988,KAN,Rod Jones,Rod,Jones,TE,80.0,24,76,240,Washington,3/3/1964,1,2,0,0.0,1987.0,0,0,0,TE,TE,rod_jones,1.0,0.0,0.0
1988,KAN,Rod Jones,Rod,Jones,TE,80.0,24,76,240,Washington,3/3/1964,1,2,0,0.0,1987.0,0,0,0,TE,TE,rod_jones,17.0,0.0,0.0
1988,KAN,Rod Jones,Rod,Jones,TE,80.0,24,76,240,Washington,3/3/1964,1,2,0,0.0,1987.0,0,0,0,TE,TE,rod_jones,34.0,0.0,0.0
1988,KAN,Rod Jones,Rod,Jones,TE,80.0,24,76,240,Washington,3/3/1964,1,2,0,0.0,1987.0,0,0,0,TE,TE,rod_jones,1.0,0.0,0.0
1988,KAN,Rod Jones,Rod,Jones,TE,80.0,24,76,240,Washington,3/3/1964,1,2,0,0.0,1987.0,0,0,0,TE,TE,rod_jones,17.0,0.0,0.0
1988,MIA,Ferrell Edmunds,Ferrell,Edmunds,TE,80.0,23,78,254,Maryland,4/16/1965,Rook,16,14,5.0,1988.0,0,0,0,TE,TE,ferrell_edmunds,15.0,0.0,2.0
1988,MIA,Ferrell Edmunds,Ferrell,Edmunds,TE,80.0,23,78,254,Maryland,4/16/1965,Rook,16,14,5.0,1988.0,0,0,0,TE,TE,ferrell_edmunds,15.0,0.0,2.0
1988,MIA,Bruce Hardy,Bruce,Hardy,TE,84.0,32,77,235,Arizona St.,6/1/1956,10,2,2,0.0,1978.0,0,0,0,TE,TE,bruce_hardy,22.0,0.0,0.0
1988,MIA,Brian Kinchen,Brian,Kinchen,TE,88.0,23,74,240,LSU,8/6/1965,Rook,16,0,0.0,1988.0,0,0,0,TE,TE,brian_kinchen,15.0,0.0,0.0
1988,MIA,Bruce Hardy,Bruce,Hardy,TE,84.0,32,77,235,Arizona St.,6/1/1956,10,2,2,0.0,1978.0,0,0,0,TE,TE,bruce_hardy,22.0,0.0,0.0
1988,MIA,Brian Kinchen,Brian,Kinchen,TE,88.0,23,74,240,LSU,8/6/1965,Rook,16,0,0.0,1988.0,0,0,0,TE,TE,brian_kinchen,15.0,0.0,0.0
1988,MIN,Steve Jordan,Steve,Jordan,TE,83.0,27,75,236,Brown,1/10/1961,6,16,16,7.0,1982.0,0,0,0,TE,TE,steve_jordan,48.0,0.0,6.0
1988,MIN,Steve Jordan,Steve,Jordan,TE,83.0,27,75,236,Brown,1/10/1961,6,16,16,7.0,1982.0,0,0,0,TE,TE,steve_jordan,48.0,0.0,6.0
1988,MIN,Paul Coffman,Paul,Coffman,TE,89.0,32,75,222,Kansas St.,3/29/1956,10,8,0,0.0,,0,0,0,TE,TE,paul_coffman,0.0,0.0,1.0
1988,MIN,Carl Hilton,Carl,Hilton,TE,82.0,24,75,232,Houston,2/28/1964,2,8,0,0.0,1986.0,0,0,0,TE,TE,carl_hilton,0.0,0.0,0.0
1988,MIN,Mike Mularkey,Mike,Mularkey,TE,86.0,27,76,245,Florida,11/19/1961,5,16,0,0.0,1983.0,0,0,0,TE,TE,mike_mularkey,11.0,0.0,0.0
1988,MIN,Paul Coffman,Paul,Coffman,TE,89.0,32,75,222,Kansas St.,3/29/1956,10,8,0,0.0,,0,0,0,TE,TE,paul_coffman,0.0,0.0,1.0
1988,MIN,Carl Hilton,Carl,Hilton,TE,82.0,24,75,232,Houston,2/28/1964,2,8,0,0.0,1986.0,0,0,0,TE,TE,carl_hilton,0.0,0.0,0.0
1988,MIN,Mike Mularkey,Mike,Mularkey,TE,86.0,27,76,245,Florida,11/19/1961,5,16,0,0.0,1983.0,0,0,0,TE,TE,mike_mularkey,11.0,0.0,0.0
1988,NOR,John Tice,John,Tice,TE,82.0,28,77,242,Maryland,6/22/1960,5,15,12,3.0,1983.0,0,0,0,TE,TE,john_tice,12.0,0.0,0.0
1988,NOR,John Tice,John,Tice,TE,82.0,28,77,242,Maryland,6/22/1960,5,15,12,3.0,1983.0,0,0,0,TE,TE,john_tice,12.0,0.0,0.0
1988,NOR,Hoby Brenner,Hoby,Brenner,TE,85.0,29,76,240,USC,6/2/1959,7,10,8,1.0,1981.0,0,0,0,TE,TE,hoby_brenner,31.0,0.0,1.0
1988,NOR,Hoby Brenner,Hoby,Brenner,TE,85.0,29,76,240,USC,6/2/1959,7,10,8,1.0,1981.0,0,0,0,TE,TE,hoby_brenner,31.0,0.0,1.0
1988,NOR,Cliff Benson,Cliff,Benson,TE,86.0,27,76,238,Purdue,8/28/1961,4,7,0,0.0,1984.0,0,0,0,TE,TE,cliff_benson,2.0,0.0,0.0
1988,NOR,Greg Scales,Greg,Scales,TE,83.0,22,76,253,Wake Forest,5/9/1966,Rook,12,0,0.0,1988.0,0,0,0,TE,TE,greg_scales,2.0,0.0,0.0
1988,NOR,Cliff Benson,Cliff,Benson,TE,86.0,27,76,238,Purdue,8/28/1961,4,7,0,0.0,1984.0,0,0,0,TE,TE,cliff_benson,2.0,0.0,0.0
1988,NOR,Greg Scales,Greg,Scales,TE,83.0,22,76,253,Wake Forest,5/9/1966,Rook,12,0,0.0,1988.0,0,0,0,TE,TE,greg_scales,2.0,0.0,0.0
1988,NWE,Lin Dawson,Lin,Dawson,TE,87.0,29,75,240,North Carolina St.,6/24/1959,7,6,6,1.0,1981.0,0,0,0,TE,TE,lin_dawson,12.0,0.0,0.0
1988,NWE,Russ Francis,Russ,Francis,TE,81.0,35,78,240,Oregon,4/3/1953,13,12,8,1.0,1975.0,0,0,0,TE,TE,russ_francis,46.0,0.0,3.0
1988,NWE,Lin Dawson,Lin,Dawson,TE,87.0,29,75,240,North Carolina St.,6/24/1959,7,6,6,1.0,1981.0,0,0,0,TE,TE,lin_dawson,12.0,0.0,0.0
1988,NWE,Russ Francis,Russ,Francis,TE,81.0,35,78,240,Oregon,4/3/1953,13,12,8,1.0,1975.0,0,0,0,TE,TE,russ_francis,46.0,0.0,3.0
1988,NWE,Steve Johnson,Steve,Johnson,TE,85.0,23,78,245,Virginia Tech,6/22/1965,Rook,14,3,0.0,1988.0,0,0,0,TE,TE,steve_johnson,0.0,0.0,0.0
1988,NWE,Steve Johnson,Steve,Johnson,TE,85.0,23,78,245,Virginia Tech,6/22/1965,Rook,14,3,0.0,1988.0,0,0,0,TE,TE,steve_johnson,0.0,0.0,0.0
1988,NWE,Steve Johnson,Steve,Johnson,TE,85.0,23,78,245,Virginia Tech,6/22/1965,Rook,14,3,0.0,1988.0,0,0,0,TE,TE,steve_johnson,0.0,0.0,0.0
1988,NWE,Willie Scott,Willie,Scott,TE,88.0,29,76,245,South Carolina,2/13/1959,7,3,1,0.0,1981.0,0,0,0,TE,TE,willie_scott,6.0,0.0,0.0
1988,NWE,Steve Johnson,Steve,Johnson,TE,85.0,23,78,245,Virginia Tech,6/22/1965,Rook,14,3,0.0,1988.0,0,0,0,TE,TE,steve_johnson,0.0,0.0,0.0
1988,NWE,Steve Johnson,Steve,Johnson,TE,85.0,23,78,245,Virginia Tech,6/22/1965,Rook,14,3,0.0,1988.0,0,0,0,TE,TE,steve_johnson,0.0,0.0,0.0
1988,NWE,Steve Johnson,Steve,Johnson,TE,85.0,23,78,245,Virginia Tech,6/22/1965,Rook,14,3,0.0,1988.0,0,0,0,TE,TE,steve_johnson,0.0,0.0,0.0
1988,NWE,Willie Scott,Willie,Scott,TE,88.0,29,76,245,South Carolina,2/13/1959,7,3,1,0.0,1981.0,0,0,0,TE,TE,willie_scott,6.0,0.0,0.0
1988,NYG,Mark Bavaro,Mark,Bavaro,TE,89.0,25,76,245,Notre Dame,4/28/1963,3,16,15,6.0,1985.0,0,0,0,TE,TE,mark_bavaro,40.0,2.0,2.0
1988,NYG,Mark Bavaro,Mark,Bavaro,TE,89.0,25,76,245,Notre Dame,4/28/1963,3,16,15,6.0,1985.0,0,0,0,TE,TE,mark_bavaro,40.0,2.0,2.0
1988,NYG,Zeke Mowatt,Zeke,Mowatt,TE,84.0,27,75,238,Florida St.,3/5/1961,5,16,3,2.0,,0,0,0,TE,TE,zeke_mowatt,0.0,0.0,0.0
1988,NYG,Zeke Mowatt,Zeke,Mowatt,TE,84.0,27,75,238,Florida St.,3/5/1961,5,16,3,2.0,,0,0,0,TE,TE,zeke_mowatt,0.0,0.0,0.0
1988,NYG,Brad Beckman,Brad,Beckman,TE,88.0,24,75,236,Nebraska-Omaha,12/31/1964,Rook,9,0,0.0,1988.0,0,0,0,TE,TE,brad_beckman,1.0,0.0,0.0
1988,NYG,Tim Sherwin,Tim,Sherwin,TE,87.0,30,78,243,Boston Col.,5/4/1958,7,3,0,0.0,1981.0,0,0,0,TE,TE,tim_sherwin,8.0,0.0,0.0
1988,NYG,Brad Beckman,Brad,Beckman,TE,88.0,24,75,236,Nebraska-Omaha,12/31/1964,Rook,9,0,0.0,1988.0,0,0,0,TE,TE,brad_beckman,1.0,0.0,0.0
1988,NYG,Tim Sherwin,Tim,Sherwin,TE,87.0,30,78,243,Boston Col.,5/4/1958,7,3,0,0.0,1981.0,0,0,0,TE,TE,tim_sherwin,8.0,0.0,0.0
1988,NYJ,Mickey Shuler,Mickey,Shuler,TE,82.0,32,75,232,Penn St.,8/21/1956,10,15,15,9.0,1978.0,0,0,0,TE,TE,mickey_shuler,42.0,0.0,2.0
1988,NYJ,Mickey Shuler,Mickey,Shuler,TE,82.0,32,75,232,Penn St.,8/21/1956,10,15,15,9.0,1978.0,0,0,0,TE,TE,mickey_shuler,0.0,0.0,0.0
1988,NYJ,Mickey Shuler,Mickey,Shuler,TE,82.0,32,75,232,Penn St.,8/21/1956,10,15,15,9.0,1978.0,0,0,0,TE,TE,mickey_shuler,42.0,0.0,2.0
1988,NYJ,Mickey Shuler,Mickey,Shuler,TE,82.0,32,75,232,Penn St.,8/21/1956,10,15,15,9.0,1978.0,0,0,0,TE,TE,mickey_shuler,0.0,0.0,0.0
1988,NYJ,K.D. Dunn,K.D.,Dunn,TE,80.0,25,75,235,Clemson,4/28/1963,3,15,2,1.0,1985.0,0,0,0,TE,TE,k.d._dunn,2.0,0.0,0.0
1988,NYJ,Billy Griggs,Billy,Griggs,TE,81.0,26,75,230,Virginia,8/4/1962,3,15,8,1.0,1984.0,0,0,0,TE,TE,billy_griggs,2.0,0.0,0.0
1988,NYJ,K.D. Dunn,K.D.,Dunn,TE,80.0,25,75,235,Clemson,4/28/1963,3,15,2,1.0,1985.0,0,0,0,TE,TE,k.d._dunn,2.0,0.0,0.0
1988,NYJ,Billy Griggs,Billy,Griggs,TE,81.0,26,75,230,Virginia,8/4/1962,3,15,8,1.0,1984.0,0,0,0,TE,TE,billy_griggs,2.0,0.0,0.0
1988,NYJ,Keith Neubert,Keith,Neubert,TE,86.0,24,77,250,Nebraska,9/13/1964,Rook,1,0,0.0,1988.0,0,0,0,TE,TE,keith_neubert,2.0,0.0,0.0
1988,NYJ,Keith Neubert,Keith,Neubert,TE,86.0,24,77,250,Nebraska,9/13/1964,Rook,1,0,0.0,1988.0,0,0,0,TE,TE,keith_neubert,2.0,0.0,0.0
1988,OTI,Jamie Williams,Jamie,Williams,TE,87.0,28,76,240,Nebraska,2/25/1960,5,16,16,1.0,1983.0,0,0,0,TE,TE,jamie_williams,16.0,0.0,0.0
1988,OTI,Jamie Williams,Jamie,Williams,TE,87.0,28,76,240,Nebraska,2/25/1960,5,16,16,1.0,1983.0,0,0,0,TE,TE,jamie_williams,16.0,0.0,0.0
1988,OTI,Jamie Williams,Jamie,Williams,TE,87.0,28,76,240,Nebraska,2/25/1960,5,16,16,1.0,1983.0,0,0,0,TE,TE,jamie_williams,16.0,0.0,0.0
1988,OTI,Jamie Williams,Jamie,Williams,TE,87.0,28,76,240,Nebraska,2/25/1960,5,16,16,1.0,1983.0,0,0,0,TE,TE,jamie_williams,16.0,0.0,0.0
1988,OTI,Chris Verhulst,Chris,Verhulst,TE,88.0,22,75,249,Cal State-Chico,5/16/1966,Rook,1,0,0.0,1988.0,0,0,0,TE,TE,chris_verhulst,0.0,0.0,0.0
1988,OTI,Chris Verhulst,Chris,Verhulst,TE,88.0,22,75,249,Cal State-Chico,5/16/1966,Rook,1,0,0.0,1988.0,0,0,0,TE,TE,chris_verhulst,0.0,0.0,0.0
1988,OTI,Chris Verhulst,Chris,Verhulst,TE,88.0,22,75,249,Cal State-Chico,5/16/1966,Rook,1,0,0.0,1988.0,0,0,0,TE,TE,chris_verhulst,0.0,0.0,0.0
1988,OTI,Chris Verhulst,Chris,Verhulst,TE,88.0,22,75,249,Cal State-Chico,5/16/1966,Rook,1,0,0.0,1988.0,0,0,0,TE,TE,chris_verhulst,0.0,0.0,0.0
1988,PHI,Keith Jackson,Keith,Jackson,TE,88.0,23,74,250,Oklahoma,4/19/1965,Rook,16,15,8.0,1988.0,0,0,0,TE,TE,keith_jackson,43.0,3.0,5.0
1988,PHI,Keith Jackson,Keith,Jackson,TE,88.0,23,74,250,Oklahoma,4/19/1965,Rook,16,15,8.0,1988.0,0,0,0,TE,TE,keith_jackson,0.0,0.0,0.0
1988,PHI,Keith Jackson,Keith,Jackson,TE,88.0,23,74,250,Oklahoma,4/19/1965,Rook,16,15,8.0,1988.0,0,0,0,TE,TE,keith_jackson,43.0,3.0,5.0
1988,PHI,Keith Jackson,Keith,Jackson,TE,88.0,23,74,250,Oklahoma,4/19/1965,Rook,16,15,8.0,1988.0,0,0,0,TE,TE,keith_jackson,0.0,0.0,0.0
1988,PHI,Jimmie Giles,Jimmie,Giles,TE,83.0,34,75,239,Alcorn St.,11/8/1954,11,16,1,1.0,1977.0,0,0,0,TE,TE,jimmie_giles,40.0,0.0,4.0
1988,PHI,Jimmie Giles,Jimmie,Giles,TE,83.0,34,75,239,Alcorn St.,11/8/1954,11,16,1,1.0,1977.0,0,0,0,TE,TE,jimmie_giles,40.0,0.0,4.0
1988,PHI,Dave Little,Dave,Little,TE,89.0,27,74,233,Middle Tenn. St.,4/18/1961,4,10,0,0.0,,0,0,0,TE,TE,dave_little,0.0,0.0,0.0
1988,PHI,Dave Little,Dave,Little,TE,89.0,27,74,233,Middle Tenn. St.,4/18/1961,4,10,0,0.0,,0,0,0,TE,TE,dave_little,0.0,0.0,0.0
1988,PIT,Preston Gothard,Preston,Gothard,TE,86.0,26,76,239,Alabama,2/23/1962,3,16,15,1.0,,0,0,0,TE,TE,preston_gothard,0.0,0.0,0.0
1988,PIT,Preston Gothard,Preston,Gothard,TE,86.0,26,76,239,Alabama,2/23/1962,3,16,15,1.0,,0,0,0,TE,TE,preston_gothard,0.0,0.0,0.0
1988,PIT,Mike Hinnant,Mike,Hinnant,TE,81.0,22,75,268,Temple,9/8/1966,Rook,16,1,0.0,1988.0,0,0,0,TE,TE,mike_hinnant,0.0,0.0,0.0
1988,PIT,Jeff Markland,Jeff,Markland,TE,88.0,23,75,245,Illinois,11/16/1965,Rook,1,0,0.0,,0,0,0,TE,TE,jeff_markland,0.0,0.0,0.0
1988,PIT,Mike Hinnant,Mike,Hinnant,TE,81.0,22,75,268,Temple,9/8/1966,Rook,16,1,0.0,1988.0,0,0,0,TE,TE,mike_hinnant,0.0,0.0,0.0
1988,PIT,Jeff Markland,Jeff,Markland,TE,88.0,23,75,245,Illinois,11/16/1965,Rook,1,0,0.0,,0,0,0,TE,TE,jeff_markland,0.0,0.0,0.0
1988,RAI,Todd Christensen,Todd,Christensen,TE,46.0,32,75,230,BYU,8/3/1956,9,7,5,2.0,1978.0,0,0,0,TE,TE,todd_christensen,50.0,2.0,5.0
1988,RAI,Todd Christensen,Todd,Christensen,TE,46.0,32,75,230,BYU,8/3/1956,9,7,5,2.0,1978.0,0,0,0,TE,TE,todd_christensen,50.0,2.0,5.0
1988,RAI,Andy Parker,Andy,Parker,TE,85.0,27,77,244,Utah,9/8/1961,4,16,11,0.0,1984.0,0,0,0,TE,TE,andy_parker,0.0,0.0,0.0
1988,RAI,Andy Parker,Andy,Parker,TE,85.0,27,77,244,Utah,9/8/1961,4,16,11,0.0,1984.0,0,0,0,TE,TE,andy_parker,0.0,0.0,0.0
1988,RAM,Pete Holohan,Pete,Holohan,TE,81.0,29,76,237,Notre Dame,7/25/1959,7,16,6,6.0,1981.0,0,0,0,TE,TE,pete_holohan,29.0,0.0,0.0
1988,RAM,Pete Holohan,Pete,Holohan,TE,81.0,29,76,237,Notre Dame,7/25/1959,7,16,6,6.0,1981.0,0,0,0,TE,TE,pete_holohan,29.0,0.0,0.0
1988,RAM,Damone Johnson,Damone,Johnson,TE,86.0,26,76,230,Cal Poly-San Luis Obispo,3/2/1962,2,16,15,3.0,1985.0,0,0,0,TE,TE,damone_johnson,8.0,0.0,0.0
1988,RAM,Damone Johnson,Damone,Johnson,TE,86.0,26,76,230,Cal Poly-San Luis Obispo,3/2/1962,2,16,15,3.0,1985.0,0,0,0,TE,TE,damone_johnson,8.0,0.0,0.0
1988,RAM,Jon Embree,Jon,Embree,TE,87.0,23,74,234,Colorado,10/15/1965,1,12,0,0.0,1987.0,0,0,0,TE,TE,jon_embree,0.0,0.0,0.0
1988,RAM,Eric Sievers,Eric,Sievers,TE,82.0,31,76,236,Maryland,11/9/1957,7,1,0,0.0,1981.0,0,0,0,TE,TE,eric_sievers,21.0,0.0,0.0
1988,RAM,Jon Embree,Jon,Embree,TE,87.0,23,74,234,Colorado,10/15/1965,1,12,0,0.0,1987.0,0,0,0,TE,TE,jon_embree,0.0,0.0,0.0
1988,RAM,Eric Sievers,Eric,Sievers,TE,82.0,31,76,236,Maryland,11/9/1957,7,1,0,0.0,1981.0,0,0,0,TE,TE,eric_sievers,21.0,0.0,0.0
1988,SDG,Rod Bernstine,Rod,Bernstine,TE,82.0,23,75,238,Texas A&M,2/8/1965,1,14,13,3.0,1987.0,0,0,0,TE,TE,rod_bernstine,31.0,0.0,0.0
1988,SDG,Rod Bernstine,Rod,Bernstine,TE,82.0,23,75,238,Texas A&M,2/8/1965,1,14,13,3.0,1987.0,0,0,0,TE,TE,rod_bernstine,31.0,0.0,0.0
1988,SDG,Arthur Cox,Arthur,Cox,TE,88.0,27,75,262,Texas Southern,2/5/1961,5,16,16,1.0,,0,0,0,TE,TE,arthur_cox,0.0,0.0,0.0
1988,SDG,Arthur Cox,Arthur,Cox,TE,88.0,27,75,262,Texas Southern,2/5/1961,5,16,16,1.0,,0,0,0,TE,TE,arthur_cox,0.0,0.0,0.0
1988,SDG,Anthony Jones,Anthony,Jones,TE,81.0,28,75,248,"MD-Eastern Shore,Wichita St.",5/16/1960,4,4,1,0.0,1984.0,0,0,0,TE,TE,anthony_jones,0.0,0.0,0.0
1988,SDG,Eric Sievers,Eric,Sievers,TE,85.0,31,76,236,Maryland,11/9/1957,7,5,0,0.0,1981.0,0,0,0,TE,TE,eric_sievers,21.0,0.0,0.0
1988,SDG,Wilbur Strozier,Wilbur,Strozier,TE,81.0,24,76,255,Georgia,11/12/1964,1,6,0,0.0,1987.0,0,0,0,TE,TE,wilbur_strozier,0.0,0.0,0.0
1988,SDG,Anthony Jones,Anthony,Jones,TE,81.0,28,75,248,"MD-Eastern Shore,Wichita St.",5/16/1960,4,4,1,0.0,1984.0,0,0,0,TE,TE,anthony_jones,0.0,0.0,0.0
1988,SDG,Eric Sievers,Eric,Sievers,TE,85.0,31,76,236,Maryland,11/9/1957,7,5,0,0.0,1981.0,0,0,0,TE,TE,eric_sievers,21.0,0.0,0.0
1988,SDG,Wilbur Strozier,Wilbur,Strozier,TE,81.0,24,76,255,Georgia,11/12/1964,1,6,0,0.0,1987.0,0,0,0,TE,TE,wilbur_strozier,0.0,0.0,0.0
1988,SEA,Mike Tice,Mike,Tice,TE,86.0,29,79,253,Maryland,2/2/1959,7,16,16,3.0,,0,0,0,TE,TE,mike_tice,0.0,0.0,0.0
1988,SEA,Mike Tice,Mike,Tice,TE,86.0,29,79,253,Maryland,2/2/1959,7,16,16,3.0,,0,0,0,TE,TE,mike_tice,0.0,0.0,0.0
1988,SEA,John Spagnola,John,Spagnola,TE,88.0,31,76,240,Yale,8/1/1957,9,16,4,0.0,1979.0,0,0,0,TE,TE,john_spagnola,23.0,0.0,0.0
1988,SEA,John Spagnola,John,Spagnola,TE,88.0,31,76,240,Yale,8/1/1957,9,16,4,0.0,1979.0,0,0,0,TE,TE,john_spagnola,23.0,0.0,0.0
1988,SFO,John Frank,John,Frank,TE,86.0,26,75,225,Ohio St.,4/17/1962,4,7,6,2.0,1984.0,0,0,0,TE,TE,john_frank,8.0,0.0,0.0
1988,SFO,John Frank,John,Frank,TE,86.0,26,75,225,Ohio St.,4/17/1962,4,7,6,2.0,1984.0,0,0,0,TE,TE,john_frank,0.0,0.0,0.0
1988,SFO,Ron Heller,Ron,Heller,TE,89.0,25,75,236,Oregon St.,9/18/1963,1,16,9,2.0,,0,0,0,TE,TE,ron_heller,62.0,0.0,0.0
1988,SFO,Ron Heller,Ron,Heller,TE,89.0,25,75,236,Oregon St.,9/18/1963,1,16,9,2.0,,0,0,0,TE,TE,ron_heller,0.0,0.0,0.0
1988,SFO,John Frank,John,Frank,TE,86.0,26,75,225,Ohio St.,4/17/1962,4,7,6,2.0,1984.0,0,0,0,TE,TE,john_frank,8.0,0.0,0.0
1988,SFO,John Frank,John,Frank,TE,86.0,26,75,225,Ohio St.,4/17/1962,4,7,6,2.0,1984.0,0,0,0,TE,TE,john_frank,0.0,0.0,0.0
1988,SFO,Ron Heller,Ron,Heller,TE,89.0,25,75,236,Oregon St.,9/18/1963,1,16,9,2.0,,0,0,0,TE,TE,ron_heller,62.0,0.0,0.0
1988,SFO,Ron Heller,Ron,Heller,TE,89.0,25,75,236,Oregon St.,9/18/1963,1,16,9,2.0,,0,0,0,TE,TE,ron_heller,0.0,0.0,0.0
1988,SFO,Brent Jones,Brent,Jones,TE,84.0,25,76,230,Santa Clara,2/12/1963,1,11,0,1.0,1986.0,0,0,0,TE,TE,brent_jones,50.0,0.0,4.0
1988,SFO,Brent Jones,Brent,Jones,TE,84.0,25,76,230,Santa Clara,2/12/1963,1,11,0,1.0,1986.0,0,0,0,TE,TE,brent_jones,50.0,0.0,4.0
1988,TAM,Ron Hall,Ron,Hall,TE,82.0,24,76,245,"Cal Poly-Pomona,Hawaii",3/15/1964,1,15,14,4.0,1987.0,0,0,0,TE,TE,ron_hall,45.0,1.0,1.0
1988,TAM,Ron Hall,Ron,Hall,TE,82.0,24,76,245,"Cal Poly-Pomona,Hawaii",3/15/1964,1,15,14,4.0,1987.0,0,0,0,TE,TE,ron_hall,18.0,0.0,0.0
1988,TAM,Ron Hall,Ron,Hall,TE,82.0,24,76,245,"Cal Poly-Pomona,Hawaii",3/15/1964,1,15,14,4.0,1987.0,0,0,0,TE,TE,ron_hall,45.0,1.0,1.0
1988,TAM,Ron Hall,Ron,Hall,TE,82.0,24,76,245,"Cal Poly-Pomona,Hawaii",3/15/1964,1,15,14,4.0,1987.0,0,0,0,TE,TE,ron_hall,18.0,0.0,0.0
1988,TAM,Calvin Magee,Calvin,Magee,TE,86.0,25,75,240,Southern,4/23/1963,3,13,3,1.0,,0,0,0,TE,TE,calvin_magee,0.0,0.0,0.0
1988,TAM,Calvin Magee,Calvin,Magee,TE,86.0,25,75,240,Southern,4/23/1963,3,13,3,1.0,,0,0,0,TE,TE,calvin_magee,0.0,0.0,0.0
1988,TAM,Jeff Parks,Jeff,Parks,TE,85.0,24,76,238,Auburn,9/14/1964,2,3,1,0.0,1986.0,0,0,0,TE,TE,jeff_parks,0.0,0.0,0.0
1988,TAM,Jeff Parks,Jeff,Parks,TE,85.0,24,76,238,Auburn,9/14/1964,2,3,1,0.0,1986.0,0,0,0,TE,TE,jeff_parks,0.0,0.0,0.0
1988,WAS,Terry Orr,Terry,Orr,TE,87.0,27,75,231,Texas,9/27/1961,2,16,3,2.0,1985.0,0,0,0,TE,TE,terry_orr,10.0,0.0,0.0
1988,WAS,Terry Orr,Terry,Orr,TE,87.0,27,75,231,Texas,9/27/1961,2,16,3,2.0,1985.0,0,0,0,TE,TE,terry_orr,10.0,0.0,0.0
1988,WAS,Don Warren,Don,Warren,TE,85.0,32,76,242,San Diego St.,5/5/1956,9,14,14,1.0,1979.0,0,0,0,TE,TE,don_warren,22.0,0.0,0.0
1988,WAS,Don Warren,Don,Warren,TE,85.0,32,76,242,San Diego St.,5/5/1956,9,14,14,1.0,1979.0,0,0,0,TE,TE,don_warren,22.0,0.0,0.0
1988,WAS,Joe Caravello,Joe,Caravello,TE,88.0,25,75,270,Tulane,6/6/1963,1,12,6,0.0,,0,0,0,TE,TE,joe_caravello,0.0,0.0,0.0
1988,WAS,Anthony Jones,Anthony,Jones,TE,82.0,28,75,248,"MD-Eastern Shore,Wichita St.",5/16/1960,4,8,3,0.0,1984.0,0,0,0,TE,TE,anthony_jones,0.0,0.0,0.0
1988,WAS,Ron Middleton,Ron,Middleton,TE,86.0,23,74,262,Auburn,7/17/1965,2,2,0,0.0,,0,0,0,TE,TE,ron_middleton,0.0,0.0,0.0
1988,WAS,Joe Caravello,Joe,Caravello,TE,88.0,25,75,270,Tulane,6/6/1963,1,12,6,0.0,,0,0,0,TE,TE,joe_caravello,0.0,0.0,0.0
1988,WAS,Anthony Jones,Anthony,Jones,TE,82.0,28,75,248,"MD-Eastern Shore,Wichita St.",5/16/1960,4,8,3,0.0,1984.0,0,0,0,TE,TE,anthony_jones,0.0,0.0,0.0
1988,WAS,Ron Middleton,Ron,Middleton,TE,86.0,23,74,262,Auburn,7/17/1965,2,2,0,0.0,,0,0,0,TE,TE,ron_middleton,0.0,0.0,0.0
1989,ATL,Ron Heller,Ron,Heller,TE,80.0,26,75,236,Oregon St.,9/18/1963,2,15,14,3.0,,0,0,0,TE,TE,ron_heller,62.0,0.0,0.0
1989,ATL,Ron Heller,Ron,Heller,TE,80.0,26,75,236,Oregon St.,9/18/1963,2,15,14,3.0,,0,0,0,TE,TE,ron_heller,0.0,0.0,0.0
1989,ATL,Ron Heller,Ron,Heller,TE,80.0,26,75,236,Oregon St.,9/18/1963,2,15,14,3.0,,0,0,0,TE,TE,ron_heller,62.0,0.0,0.0
1989,ATL,Ron Heller,Ron,Heller,TE,80.0,26,75,236,Oregon St.,9/18/1963,2,15,14,3.0,,0,0,0,TE,TE,ron_heller,0.0,0.0,0.0
1989,ATL,Brad Beckman,Brad,Beckman,TE,83.0,25,75,236,Nebraska-Omaha,12/31/1964,1,15,2,1.0,1988.0,0,0,0,TE,TE,brad_beckman,1.0,0.0,0.0
1989,ATL,Gary Wilkins,Gary,Wilkins,TE,87.0,26,73,235,Georgia Tech,11/23/1963,3,13,0,1.0,,0,0,0,TE,TE,gary_wilkins,0.0,0.0,0.0
1989,ATL,Brad Beckman,Brad,Beckman,TE,83.0,25,75,236,Nebraska-Omaha,12/31/1964,1,15,2,1.0,1988.0,0,0,0,TE,TE,brad_beckman,1.0,0.0,0.0
1989,ATL,Gary Wilkins,Gary,Wilkins,TE,87.0,26,73,235,Georgia Tech,11/23/1963,3,13,0,1.0,,0,0,0,TE,TE,gary_wilkins,0.0,0.0,0.0
1989,BUF,Pete Metzelaars,Pete,Metzelaars,TE,88.0,29,79,254,Wabash,5/24/1960,7,16,16,2.0,1982.0,0,0,0,TE,TE,pete_metzelaars,28.0,0.0,0.0
1989,BUF,Pete Metzelaars,Pete,Metzelaars,TE,88.0,29,79,254,Wabash,5/24/1960,7,16,16,2.0,1982.0,0,0,0,TE,TE,pete_metzelaars,28.0,0.0,0.0
1989,BUF,Butch Rolle,Butch,Rolle,TE,87.0,25,75,242,Michigan St.,8/19/1964,3,16,1,0.0,1986.0,0,0,0,TE,TE,butch_rolle,2.0,0.0,0.0
1989,BUF,Butch Rolle,Butch,Rolle,TE,87.0,25,75,242,Michigan St.,8/19/1964,3,16,1,0.0,1986.0,0,0,0,TE,TE,butch_rolle,2.0,0.0,0.0
1989,CHI,James Thornton,James,Thornton,TE,80.0,24,74,242,Cal State-Fullerton,2/8/1965,1,16,16,4.0,1988.0,0,0,0,TE,TE,james_thornton,12.0,0.0,0.0
1989,CHI,James Thornton,James,Thornton,TE,80.0,24,74,242,Cal State-Fullerton,2/8/1965,1,16,16,4.0,1988.0,0,0,0,TE,TE,james_thornton,12.0,0.0,0.0
1989,CHI,Cap Boso,Cap,Boso,TE,86.0,26,76,232,Illinois,9/10/1963,3,16,0,2.0,1986.0,0,0,0,TE,TE,cap_boso,5.0,0.0,0.0
1989,CHI,Cap Boso,Cap,Boso,TE,86.0,26,76,232,Illinois,9/10/1963,3,16,0,2.0,1986.0,0,0,0,TE,TE,cap_boso,5.0,0.0,0.0
1989,CIN,Rodney Holman,Rodney,Holman,TE,82.0,29,75,238,Tulane,4/20/1960,7,16,15,8.0,1982.0,0,0,0,TE,TE,rodney_holman,40.0,0.0,3.0
1989,CIN,Rodney Holman,Rodney,Holman,TE,82.0,29,75,238,Tulane,4/20/1960,7,16,15,8.0,1982.0,0,0,0,TE,TE,rodney_holman,40.0,0.0,3.0
1989,CIN,Eric Kattus,Eric,Kattus,TE,84.0,26,77,240,Michigan,3/4/1963,3,16,1,1.0,1986.0,0,0,0,TE,TE,eric_kattus,6.0,0.0,0.0
1989,CIN,Eric Kattus,Eric,Kattus,TE,84.0,26,77,240,Michigan,3/4/1963,3,16,1,1.0,1986.0,0,0,0,TE,TE,eric_kattus,6.0,0.0,0.0
1989,CIN,Jim Riggs,Jim,Riggs,TE,87.0,26,77,245,Clemson,9/29/1963,2,10,1,0.0,1987.0,0,0,0,TE,TE,jim_riggs,3.0,0.0,0.0
1989,CIN,Jim Riggs,Jim,Riggs,TE,87.0,26,77,245,Clemson,9/29/1963,2,10,1,0.0,1987.0,0,0,0,TE,TE,jim_riggs,3.0,0.0,0.0
1989,CLE,Ozzie Newsome,Ozzie,Newsome,TE,82.0,33,74,232,Alabama,3/16/1956,11,16,13,3.0,1978.0,0,0,0,TE,TE,ozzie_newsome,59.0,1.0,3.0
1989,CLE,Ozzie Newsome,Ozzie,Newsome,TE,82.0,33,74,232,Alabama,3/16/1956,11,16,13,3.0,1978.0,0,0,0,TE,TE,ozzie_newsome,59.0,1.0,3.0
1989,CLE,Ron Middleton,Ron,Middleton,TE,87.0,24,74,262,Auburn,7/17/1965,3,9,0,0.0,,0,0,0,TE,TE,ron_middleton,0.0,0.0,0.0
1989,CLE,Derek Tennell,Derek,Tennell,TE,81.0,25,77,245,UCLA,2/12/1964,2,14,3,0.0,1987.0,0,0,0,TE,TE,derek_tennell,3.0,0.0,0.0
1989,CLE,Ron Middleton,Ron,Middleton,TE,87.0,24,74,262,Auburn,7/17/1965,3,9,0,0.0,,0,0,0,TE,TE,ron_middleton,0.0,0.0,0.0
1989,CLE,Derek Tennell,Derek,Tennell,TE,81.0,25,77,245,UCLA,2/12/1964,2,14,3,0.0,1987.0,0,0,0,TE,TE,derek_tennell,3.0,0.0,0.0
1989,CLT,Pat Beach,Pat,Beach,TE,81.0,30,76,247,Washington St.,12/28/1959,7,16,13,1.0,1982.0,0,0,0,TE,TE,pat_beach,13.0,0.0,0.0
1989,CLT,Mark Boyer,Mark,Boyer,TE,84.0,27,76,233,USC,9/16/1962,4,16,5,1.0,1985.0,0,0,0,TE,TE,mark_boyer,13.0,0.0,0.0
1989,CLT,Pat Beach,Pat,Beach,TE,81.0,30,76,247,Washington St.,12/28/1959,7,16,13,1.0,1982.0,0,0,0,TE,TE,pat_beach,13.0,0.0,0.0
1989,CLT,Mark Boyer,Mark,Boyer,TE,84.0,27,76,233,USC,9/16/1962,4,16,5,1.0,1985.0,0,0,0,TE,TE,mark_boyer,13.0,0.0,0.0
1989,CLT,John Brandes,John,Brandes,TE,88.0,25,74,249,Cameron,4/2/1964,2,16,0,0.0,,0,0,0,TE,TE,john_brandes,0.0,0.0,0.0
1989,CLT,Donnie Dee,Donnie,Dee,TE,48.0,24,76,247,Tulsa,3/17/1965,1,1,0,0.0,1988.0,0,0,0,TE,TE,donnie_dee,0.0,0.0,0.0
1989,CLT,John Brandes,John,Brandes,TE,88.0,25,74,249,Cameron,4/2/1964,2,16,0,0.0,,0,0,0,TE,TE,john_brandes,0.0,0.0,0.0
1989,CLT,Donnie Dee,Donnie,Dee,TE,48.0,24,76,247,Tulsa,3/17/1965,1,1,0,0.0,1988.0,0,0,0,TE,TE,donnie_dee,0.0,0.0,0.0
1989,CRD,Robert Awalt,Robert,Awalt,TE,80.0,25,77,258,"Nevada,Sacramento CC,San Diego St.",4/9/1964,2,16,15,3.0,1987.0,0,0,0,TE,TE,robert_awalt,13.0,0.0,0.0
1989,CRD,Robert Awalt,Robert,Awalt,TE,80.0,25,77,258,"Nevada,Sacramento CC,San Diego St.",4/9/1964,2,16,15,3.0,1987.0,0,0,0,TE,TE,robert_awalt,13.0,0.0,0.0
1989,CRD,Jay Novacek,Jay,Novacek,TE,85.0,27,76,234,Wyoming,10/24/1962,4,16,1,2.0,1985.0,0,0,0,TE,TE,jay_novacek,44.0,1.0,5.0
1989,CRD,Jay Novacek,Jay,Novacek,TE,85.0,27,76,234,Wyoming,10/24/1962,4,16,1,2.0,1985.0,0,0,0,TE,TE,jay_novacek,44.0,1.0,5.0
1989,CRD,Walter Reeves,Walter,Reeves,TE,89.0,24,76,270,Auburn,12/16/1965,Rook,16,3,0.0,1989.0,0,0,0,TE,TE,walter_reeves,3.0,0.0,0.0
1989,CRD,Walter Reeves,Walter,Reeves,TE,89.0,24,76,270,Auburn,12/16/1965,Rook,16,3,0.0,1989.0,0,0,0,TE,TE,walter_reeves,3.0,0.0,0.0
1989,DAL,Steve Folsom,Steve,Folsom,TE,85.0,31,77,235,"Long Beach St.,Utah",3/21/1958,8,16,16,2.0,1981.0,0,0,0,TE,TE,steve_folsom,3.0,0.0,0.0
1989,DAL,Steve Folsom,Steve,Folsom,TE,85.0,31,77,235,"Long Beach St.,Utah",3/21/1958,8,16,16,2.0,1981.0,0,0,0,TE,TE,steve_folsom,3.0,0.0,0.0
1989,DAL,Thornton Chandler,Thornton,Chandler,TE,89.0,26,77,243,"Florida A&M,Alabama",11/27/1963,3,6,0,0.0,1986.0,0,0,0,TE,TE,thornton_chandler,1.0,0.0,0.0
1989,DAL,Keith Jennings,Keith,Jennings,TE,84.0,23,76,262,Clemson,5/19/1966,Rook,10,0,0.0,1989.0,0,0,0,TE,TE,keith_jennings,7.0,0.0,0.0
1989,DAL,Thornton Chandler,Thornton,Chandler,TE,89.0,26,77,243,"Florida A&M,Alabama",11/27/1963,3,6,0,0.0,1986.0,0,0,0,TE,TE,thornton_chandler,1.0,0.0,0.0
1989,DAL,Keith Jennings,Keith,Jennings,TE,84.0,23,76,262,Clemson,5/19/1966,Rook,10,0,0.0,1989.0,0,0,0,TE,TE,keith_jennings,7.0,0.0,0.0
1989,DEN,Clarence Kay,Clarence,Kay,TE,88.0,28,74,237,Georgia,7/30/1961,5,16,16,2.0,1984.0,0,0,0,TE,TE,clarence_kay,17.0,0.0,0.0
1989,DEN,Orson Mobley,Orson,Mobley,TE,89.0,26,77,256,"Florida St.,Salem",3/4/1963,3,12,5,2.0,1986.0,0,0,0,TE,TE,orson_mobley,8.0,0.0,0.0
1989,DEN,Clarence Kay,Clarence,Kay,TE,88.0,28,74,237,Georgia,7/30/1961,5,16,16,2.0,1984.0,0,0,0,TE,TE,clarence_kay,17.0,0.0,0.0
1989,DEN,Orson Mobley,Orson,Mobley,TE,89.0,26,77,256,"Florida St.,Salem",3/4/1963,3,12,5,2.0,1986.0,0,0,0,TE,TE,orson_mobley,8.0,0.0,0.0
1989,DEN,Paul Green,Paul,Green,TE,86.0,23,75,236,USC,10/8/1966,Rook,0,0,0.0,1989.0,0,0,0,TE,TE,paul_green,5.0,0.0,0.0
1989,DEN,Pat Kelly,Pat,Kelly,TE,87.0,24,78,252,Syracuse,10/29/1965,1,16,1,0.0,1988.0,0,0,0,TE,TE,pat_kelly,0.0,0.0,0.0
1989,DEN,Pat Kelly,Pat,Kelly,TE,87.0,24,78,252,Syracuse,10/29/1965,1,16,1,0.0,1988.0,0,0,0,TE,TE,pat_kelly,0.0,0.0,0.0
1989,DEN,Paul Green,Paul,Green,TE,86.0,23,75,236,USC,10/8/1966,Rook,0,0,0.0,1989.0,0,0,0,TE,TE,paul_green,5.0,0.0,0.0
1989,DEN,Pat Kelly,Pat,Kelly,TE,87.0,24,78,252,Syracuse,10/29/1965,1,16,1,0.0,1988.0,0,0,0,TE,TE,pat_kelly,0.0,0.0,0.0
1989,DEN,Pat Kelly,Pat,Kelly,TE,87.0,24,78,252,Syracuse,10/29/1965,1,16,1,0.0,1988.0,0,0,0,TE,TE,pat_kelly,0.0,0.0,0.0
1989,GNB,Ed West,Ed,West,TE,86.0,28,73,250,Auburn,8/2/1961,5,13,12,3.0,,0,0,0,TE,TE,ed_west,0.0,0.0,0.0
1989,GNB,Ed West,Ed,West,TE,86.0,28,73,250,Auburn,8/2/1961,5,13,12,3.0,,0,0,0,TE,TE,ed_west,0.0,0.0,0.0
1989,GNB,Clint Didier,Clint,Didier,TE,80.0,30,77,240,Portland St.,4/4/1959,7,16,4,1.0,1981.0,0,0,0,TE,TE,clint_didier,18.0,0.0,0.0
1989,GNB,Clint Didier,Clint,Didier,TE,80.0,30,77,240,Portland St.,4/4/1959,7,16,4,1.0,1981.0,0,0,0,TE,TE,clint_didier,18.0,0.0,0.0
1989,GNB,John Spagnola,John,Spagnola,TE,89.0,32,76,240,Yale,8/1/1957,10,6,0,0.0,1979.0,0,0,0,TE,TE,john_spagnola,23.0,0.0,0.0
1989,GNB,John Spagnola,John,Spagnola,TE,89.0,32,76,240,Yale,8/1/1957,10,6,0,0.0,1979.0,0,0,0,TE,TE,john_spagnola,23.0,0.0,0.0
1989,KAN,Jonathan Hayes,Jonathan,Hayes,TE,85.0,27,77,248,Iowa,8/11/1962,4,16,16,2.0,1985.0,0,0,0,TE,TE,jonathan_hayes,15.0,0.0,0.0
1989,KAN,Jonathan Hayes,Jonathan,Hayes,TE,85.0,27,77,248,Iowa,8/11/1962,4,16,16,2.0,1985.0,0,0,0,TE,TE,jonathan_hayes,15.0,0.0,0.0
1989,KAN,Chris Dressel,Chris,Dressel,TE,82.0,28,76,238,Stanford,2/7/1961,6,7,0,1.0,1983.0,0,0,0,TE,TE,chris_dressel,8.0,0.0,0.0
1989,KAN,Alfredo Roberts,Alfredo,Roberts,TE,87.0,24,75,250,Miami (FL),3/1/1965,1,16,2,1.0,1988.0,0,0,0,TE,TE,alfredo_roberts,5.0,0.0,0.0
1989,KAN,Chris Dressel,Chris,Dressel,TE,82.0,28,76,238,Stanford,2/7/1961,6,7,0,1.0,1983.0,0,0,0,TE,TE,chris_dressel,8.0,0.0,0.0
1989,KAN,Alfredo Roberts,Alfredo,Roberts,TE,87.0,24,75,250,Miami (FL),3/1/1965,1,16,2,1.0,1988.0,0,0,0,TE,TE,alfredo_roberts,5.0,0.0,0.0
1989,MIA,Ferrell Edmunds,Ferrell,Edmunds,TE,80.0,24,78,254,Maryland,4/16/1965,1,16,16,3.0,1988.0,0,0,0,TE,TE,ferrell_edmunds,15.0,0.0,2.0
1989,MIA,Ferrell Edmunds,Ferrell,Edmunds,TE,80.0,24,78,254,Maryland,4/16/1965,1,16,16,3.0,1988.0,0,0,0,TE,TE,ferrell_edmunds,15.0,0.0,2.0
1989,MIA,Bruce Hardy,Bruce,Hardy,TE,84.0,33,77,235,Arizona St.,6/1/1956,11,1,0,0.0,1978.0,0,0,0,TE,TE,bruce_hardy,22.0,0.0,0.0
1989,MIA,Brian Kinchen,Brian,Kinchen,TE,88.0,24,74,240,LSU,8/6/1965,1,16,0,0.0,1988.0,0,0,0,TE,TE,brian_kinchen,15.0,0.0,0.0
1989,MIA,Bruce Hardy,Bruce,Hardy,TE,84.0,33,77,235,Arizona St.,6/1/1956,11,1,0,0.0,1978.0,0,0,0,TE,TE,bruce_hardy,22.0,0.0,0.0
1989,MIA,Brian Kinchen,Brian,Kinchen,TE,88.0,24,74,240,LSU,8/6/1965,1,16,0,0.0,1988.0,0,0,0,TE,TE,brian_kinchen,15.0,0.0,0.0
1989,MIN,Steve Jordan,Steve,Jordan,TE,83.0,28,75,236,Brown,1/10/1961,7,16,15,4.0,1982.0,0,0,0,TE,TE,steve_jordan,48.0,0.0,6.0
1989,MIN,Steve Jordan,Steve,Jordan,TE,83.0,28,75,236,Brown,1/10/1961,7,16,15,4.0,1982.0,0,0,0,TE,TE,steve_jordan,48.0,0.0,6.0
1989,MIN,Carl Hilton,Carl,Hilton,TE,82.0,25,75,232,Houston,2/28/1964,3,1,0,0.0,1986.0,0,0,0,TE,TE,carl_hilton,0.0,0.0,0.0
1989,MIN,Darryl Ingram,Darryl,Ingram,TE,86.0,23,75,240,California,5/2/1966,Rook,16,2,0.0,1989.0,0,0,0,TE,TE,darryl_ingram,0.0,0.0,0.0
1989,MIN,Brent Novoselsky,Brent,Novoselsky,TE,85.0,23,74,232,Pennsylvania,1/8/1966,1,15,3,0.0,,0,0,0,TE,TE,brent_novoselsky,0.0,0.0,0.0
1989,MIN,Carl Hilton,Carl,Hilton,TE,82.0,25,75,232,Houston,2/28/1964,3,1,0,0.0,1986.0,0,0,0,TE,TE,carl_hilton,0.0,0.0,0.0
1989,MIN,Darryl Ingram,Darryl,Ingram,TE,86.0,23,75,240,California,5/2/1966,Rook,16,2,0.0,1989.0,0,0,0,TE,TE,darryl_ingram,0.0,0.0,0.0
1989,MIN,Brent Novoselsky,Brent,Novoselsky,TE,85.0,23,74,232,Pennsylvania,1/8/1966,1,15,3,0.0,,0,0,0,TE,TE,brent_novoselsky,0.0,0.0,0.0
1989,NOR,Hoby Brenner,Hoby,Brenner,TE,85.0,30,76,240,USC,6/2/1959,8,16,16,4.0,1981.0,0,0,0,TE,TE,hoby_brenner,31.0,0.0,1.0
1989,NOR,Hoby Brenner,Hoby,Brenner,TE,85.0,30,76,240,USC,6/2/1959,8,16,16,4.0,1981.0,0,0,0,TE,TE,hoby_brenner,31.0,0.0,1.0
1989,NOR,Greg Scales,Greg,Scales,TE,83.0,23,76,253,Wake Forest,5/9/1966,1,14,4,1.0,1988.0,0,0,0,TE,TE,greg_scales,2.0,0.0,0.0
1989,NOR,John Tice,John,Tice,TE,82.0,29,77,242,Maryland,6/22/1960,6,15,2,1.0,1983.0,0,0,0,TE,TE,john_tice,12.0,0.0,0.0
1989,NOR,Greg Scales,Greg,Scales,TE,83.0,23,76,253,Wake Forest,5/9/1966,1,14,4,1.0,1988.0,0,0,0,TE,TE,greg_scales,2.0,0.0,0.0
1989,NOR,John Tice,John,Tice,TE,82.0,29,77,242,Maryland,6/22/1960,6,15,2,1.0,1983.0,0,0,0,TE,TE,john_tice,12.0,0.0,0.0
1989,NWE,Eric Sievers,Eric,Sievers,TE,85.0,32,76,236,Maryland,11/9/1957,8,16,5,5.0,1981.0,0,0,0,TE,TE,eric_sievers,21.0,0.0,0.0
1989,NWE,Eric Sievers,Eric,Sievers,TE,85.0,32,76,236,Maryland,11/9/1957,8,16,5,5.0,1981.0,0,0,0,TE,TE,eric_sievers,21.0,0.0,0.0
1989,NWE,Lin Dawson,Lin,Dawson,TE,87.0,30,75,240,North Carolina St.,6/24/1959,8,16,13,1.0,1981.0,0,0,0,TE,TE,lin_dawson,12.0,0.0,0.0
1989,NWE,Lin Dawson,Lin,Dawson,TE,87.0,30,75,240,North Carolina St.,6/24/1959,8,16,13,1.0,1981.0,0,0,0,TE,TE,lin_dawson,12.0,0.0,0.0
1989,NWE,Marv Cook,Marv,Cook,TE,46.0,23,76,234,Iowa,2/24/1966,Rook,16,0,0.0,1989.0,0,0,0,TE,TE,marv_cook,13.0,1.0,2.0
1989,NWE,Marv Cook,Marv,Cook,TE,46.0,23,76,234,Iowa,2/24/1966,Rook,16,0,0.0,1989.0,0,0,0,TE,TE,marv_cook,13.0,1.0,2.0
1989,NYG,Mark Bavaro,Mark,Bavaro,TE,89.0,26,76,245,Notre Dame,4/28/1963,4,7,7,3.0,1985.0,0,0,0,TE,TE,mark_bavaro,40.0,2.0,2.0
1989,NYG,Zeke Mowatt,Zeke,Mowatt,TE,84.0,28,75,238,Florida St.,3/5/1961,6,16,11,3.0,,0,0,0,TE,TE,zeke_mowatt,0.0,0.0,0.0
1989,NYG,Mark Bavaro,Mark,Bavaro,TE,89.0,26,76,245,Notre Dame,4/28/1963,4,7,7,3.0,1985.0,0,0,0,TE,TE,mark_bavaro,40.0,2.0,2.0
1989,NYG,Zeke Mowatt,Zeke,Mowatt,TE,84.0,28,75,238,Florida St.,3/5/1961,6,16,11,3.0,,0,0,0,TE,TE,zeke_mowatt,0.0,0.0,0.0
1989,NYG,Howard Cross,Howard,Cross,TE,87.0,22,77,270,Alabama,8/8/1967,Rook,16,4,1.0,1989.0,0,0,0,TE,TE,howard_cross,17.0,0.0,0.0
1989,NYG,Howard Cross,Howard,Cross,TE,87.0,22,77,270,Alabama,8/8/1967,Rook,16,4,1.0,1989.0,0,0,0,TE,TE,howard_cross,17.0,0.0,0.0
1989,NYJ,Keith Neubert,Keith,Neubert,TE,86.0,25,77,250,Nebraska,9/13/1964,1,16,12,2.0,1988.0,0,0,0,TE,TE,keith_neubert,2.0,0.0,0.0
1989,NYJ,Mickey Shuler,Mickey,Shuler,TE,82.0,33,75,232,Penn St.,8/21/1956,11,7,7,2.0,1978.0,0,0,0,TE,TE,mickey_shuler,42.0,0.0,2.0
1989,NYJ,Mickey Shuler,Mickey,Shuler,TE,82.0,33,75,232,Penn St.,8/21/1956,11,7,7,2.0,1978.0,0,0,0,TE,TE,mickey_shuler,0.0,0.0,0.0
1989,NYJ,Keith Neubert,Keith,Neubert,TE,86.0,25,77,250,Nebraska,9/13/1964,1,16,12,2.0,1988.0,0,0,0,TE,TE,keith_neubert,2.0,0.0,0.0
1989,NYJ,Mickey Shuler,Mickey,Shuler,TE,82.0,33,75,232,Penn St.,8/21/1956,11,7,7,2.0,1978.0,0,0,0,TE,TE,mickey_shuler,42.0,0.0,2.0
1989,NYJ,Mickey Shuler,Mickey,Shuler,TE,82.0,33,75,232,Penn St.,8/21/1956,11,7,7,2.0,1978.0,0,0,0,TE,TE,mickey_shuler,0.0,0.0,0.0
1989,NYJ,Billy Griggs,Billy,Griggs,TE,81.0,27,75,230,Virginia,8/4/1962,4,5,3,1.0,1984.0,0,0,0,TE,TE,billy_griggs,2.0,0.0,0.0
1989,NYJ,Greg Werner,Greg,Werner,TE,80.0,23,76,236,DePauw,10/21/1966,Rook,10,4,1.0,,0,0,0,TE,TE,greg_werner,0.0,0.0,0.0
1989,NYJ,Billy Griggs,Billy,Griggs,TE,81.0,27,75,230,Virginia,8/4/1962,4,5,3,1.0,1984.0,0,0,0,TE,TE,billy_griggs,2.0,0.0,0.0
1989,NYJ,Greg Werner,Greg,Werner,TE,80.0,23,76,236,DePauw,10/21/1966,Rook,10,4,1.0,,0,0,0,TE,TE,greg_werner,0.0,0.0,0.0
1989,NYJ,Chris Dressel,Chris,Dressel,TE,84.0,28,76,238,Stanford,2/7/1961,6,8,1,0.0,1983.0,0,0,0,TE,TE,chris_dressel,8.0,0.0,0.0
1989,NYJ,K.D. Dunn,K.D.,Dunn,TE,80.0,26,75,235,Clemson,4/28/1963,4,1,1,0.0,1985.0,0,0,0,TE,TE,k.d._dunn,2.0,0.0,0.0
1989,NYJ,Chris Dressel,Chris,Dressel,TE,84.0,28,76,238,Stanford,2/7/1961,6,8,1,0.0,1983.0,0,0,0,TE,TE,chris_dressel,8.0,0.0,0.0
1989,NYJ,K.D. Dunn,K.D.,Dunn,TE,80.0,26,75,235,Clemson,4/28/1963,4,1,1,0.0,1985.0,0,0,0,TE,TE,k.d._dunn,2.0,0.0,0.0
1989,OTI,Bob Mrosko,Bob,Mrosko,TE,87.0,24,78,265,Penn St.,11/13/1965,Rook,15,14,0.0,1989.0,0,0,0,TE,TE,bob_mrosko,1.0,0.0,0.0
1989,OTI,Chris Verhulst,Chris,Verhulst,TE,88.0,23,75,249,Cal State-Chico,5/16/1966,1,16,2,0.0,1988.0,0,0,0,TE,TE,chris_verhulst,0.0,0.0,0.0
1989,OTI,Bob Mrosko,Bob,Mrosko,TE,87.0,24,78,265,Penn St.,11/13/1965,Rook,15,14,0.0,1989.0,0,0,0,TE,TE,bob_mrosko,1.0,0.0,0.0
1989,OTI,Chris Verhulst,Chris,Verhulst,TE,88.0,23,75,249,Cal State-Chico,5/16/1966,1,16,2,0.0,1988.0,0,0,0,TE,TE,chris_verhulst,0.0,0.0,0.0
1989,OTI,Bob Mrosko,Bob,Mrosko,TE,87.0,24,78,265,Penn St.,11/13/1965,Rook,15,14,0.0,1989.0,0,0,0,TE,TE,bob_mrosko,1.0,0.0,0.0
1989,OTI,Chris Verhulst,Chris,Verhulst,TE,88.0,23,75,249,Cal State-Chico,5/16/1966,1,16,2,0.0,1988.0,0,0,0,TE,TE,chris_verhulst,0.0,0.0,0.0
1989,OTI,Bob Mrosko,Bob,Mrosko,TE,87.0,24,78,265,Penn St.,11/13/1965,Rook,15,14,0.0,1989.0,0,0,0,TE,TE,bob_mrosko,1.0,0.0,0.0
1989,OTI,Chris Verhulst,Chris,Verhulst,TE,88.0,23,75,249,Cal State-Chico,5/16/1966,1,16,2,0.0,1988.0,0,0,0,TE,TE,chris_verhulst,0.0,0.0,0.0
1989,PHI,Keith Jackson,Keith,Jackson,TE,88.0,24,74,250,Oklahoma,4/19/1965,1,14,12,6.0,1988.0,0,0,0,TE,TE,keith_jackson,43.0,3.0,5.0
1989,PHI,Keith Jackson,Keith,Jackson,TE,88.0,24,74,250,Oklahoma,4/19/1965,1,14,12,6.0,1988.0,0,0,0,TE,TE,keith_jackson,0.0,0.0,0.0
1989,PHI,Keith Jackson,Keith,Jackson,TE,88.0,24,74,250,Oklahoma,4/19/1965,1,14,12,6.0,1988.0,0,0,0,TE,TE,keith_jackson,43.0,3.0,5.0
1989,PHI,Keith Jackson,Keith,Jackson,TE,88.0,24,74,250,Oklahoma,4/19/1965,1,14,12,6.0,1988.0,0,0,0,TE,TE,keith_jackson,0.0,0.0,0.0
1989,PHI,Jimmie Giles,Jimmie,Giles,TE,83.0,35,75,239,Alcorn St.,11/8/1954,12,16,5,2.0,1977.0,0,0,0,TE,TE,jimmie_giles,40.0,0.0,4.0
1989,PHI,Jimmie Giles,Jimmie,Giles,TE,83.0,35,75,239,Alcorn St.,11/8/1954,12,16,5,2.0,1977.0,0,0,0,TE,TE,jimmie_giles,40.0,0.0,4.0
1989,PHI,Dave Little,Dave,Little,TE,89.0,28,74,233,Middle Tenn. St.,4/18/1961,5,16,1,0.0,,0,0,0,TE,TE,dave_little,0.0,0.0,0.0
1989,PHI,Dave Little,Dave,Little,TE,89.0,28,74,233,Middle Tenn. St.,4/18/1961,5,16,1,0.0,,0,0,0,TE,TE,dave_little,0.0,0.0,0.0
1989,PIT,Mike Mularkey,Mike,Mularkey,TE,84.0,28,76,245,Florida,11/19/1961,6,14,14,3.0,1983.0,0,0,0,TE,TE,mike_mularkey,11.0,0.0,0.0
1989,PIT,Mike Mularkey,Mike,Mularkey,TE,84.0,28,76,245,Florida,11/19/1961,6,14,14,3.0,1983.0,0,0,0,TE,TE,mike_mularkey,11.0,0.0,0.0
1989,PIT,Mike Hinnant,Mike,Hinnant,TE,67.0,23,75,268,Temple,9/8/1966,1,5,0,0.0,1988.0,0,0,0,TE,TE,mike_hinnant,0.0,0.0,0.0
1989,PIT,Terry O'Shea,Terry,O'Shea,TE,85.0,23,76,236,California (PA),12/3/1966,Rook,16,2,0.0,,0,0,0,TE,TE,terry_o'shea,0.0,0.0,0.0
1989,PIT,Mike Hinnant,Mike,Hinnant,TE,67.0,23,75,268,Temple,9/8/1966,1,5,0,0.0,1988.0,0,0,0,TE,TE,mike_hinnant,0.0,0.0,0.0
1989,PIT,Terry O'Shea,Terry,O'Shea,TE,85.0,23,76,236,California (PA),12/3/1966,Rook,16,2,0.0,,0,0,0,TE,TE,terry_o'shea,0.0,0.0,0.0
1989,RAI,Mike Dyal,Mike,Dyal,TE,84.0,23,74,240,Texas A&M-Kingsville,5/20/1966,1,16,16,5.0,,0,0,0,TE,TE,mike_dyal,0.0,0.0,0.0
1989,RAI,Mike Dyal,Mike,Dyal,TE,84.0,23,74,240,Texas A&M-Kingsville,5/20/1966,1,16,16,5.0,,0,0,0,TE,TE,mike_dyal,0.0,0.0,0.0
1989,RAI,Ethan Horton,Ethan,Horton,TE,88.0,27,76,235,North Carolina,12/19/1962,4,16,1,0.0,1985.0,0,0,0,TE,TE,ethan_horton,22.0,0.0,1.0
1989,RAI,Ethan Horton,Ethan,Horton,TE,88.0,27,76,235,North Carolina,12/19/1962,4,16,1,0.0,1985.0,0,0,0,TE,TE,ethan_horton,22.0,0.0,1.0
1989,RAM,Pete Holohan,Pete,Holohan,TE,81.0,30,76,237,Notre Dame,7/25/1959,8,16,6,5.0,1981.0,0,0,0,TE,TE,pete_holohan,29.0,0.0,0.0
1989,RAM,Pete Holohan,Pete,Holohan,TE,81.0,30,76,237,Notre Dame,7/25/1959,8,16,6,5.0,1981.0,0,0,0,TE,TE,pete_holohan,29.0,0.0,0.0
1989,RAM,Damone Johnson,Damone,Johnson,TE,86.0,27,76,230,Cal Poly-San Luis Obispo,3/2/1962,3,16,16,1.0,1985.0,0,0,0,TE,TE,damone_johnson,8.0,0.0,0.0
1989,RAM,Damone Johnson,Damone,Johnson,TE,86.0,27,76,230,Cal Poly-San Luis Obispo,3/2/1962,3,16,16,1.0,1985.0,0,0,0,TE,TE,damone_johnson,8.0,0.0,0.0
1989,RAM,Pat Carter,Pat,Carter,TE,88.0,23,76,256,Florida St.,8/1/1966,1,16,0,0.0,1988.0,0,0,0,TE,TE,pat_carter,9.0,0.0,0.0
1989,RAM,Pat Carter,Pat,Carter,TE,88.0,23,76,256,Florida St.,8/1/1966,1,16,0,0.0,1988.0,0,0,0,TE,TE,pat_carter,9.0,0.0,0.0
1989,SDG,Arthur Cox,Arthur,Cox,TE,88.0,28,75,262,Texas Southern,2/5/1961,6,16,16,2.0,,0,0,0,TE,TE,arthur_cox,0.0,0.0,0.0
1989,SDG,Chris Gannon,Chris,Gannon,TE,84.0,23,78,265,Louisiana,1/20/1966,Rook,10,1,2.0,1989.0,0,0,0,TE,TE,chris_gannon,5.0,0.0,0.0
1989,SDG,Arthur Cox,Arthur,Cox,TE,88.0,28,75,262,Texas Southern,2/5/1961,6,16,16,2.0,,0,0,0,TE,TE,arthur_cox,0.0,0.0,0.0
1989,SDG,Chris Gannon,Chris,Gannon,TE,84.0,23,78,265,Louisiana,1/20/1966,Rook,10,1,2.0,1989.0,0,0,0,TE,TE,chris_gannon,5.0,0.0,0.0
1989,SDG,Joe Caravello,Joe,Caravello,TE,46.0,26,75,270,Tulane,6/6/1963,2,12,9,1.0,,0,0,0,TE,TE,joe_caravello,0.0,0.0,0.0
1989,SDG,Joe Caravello,Joe,Caravello,TE,46.0,26,75,270,Tulane,6/6/1963,2,12,9,1.0,,0,0,0,TE,TE,joe_caravello,0.0,0.0,0.0
1989,SDG,Andy Parker,Andy,Parker,TE,85.0,28,77,244,Utah,9/8/1961,5,10,6,0.0,1984.0,0,0,0,TE,TE,andy_parker,0.0,0.0,0.0
1989,SDG,Mark Walczak,Mark,Walczak,TE,81.0,27,78,246,Arizona,4/26/1962,2,6,0,0.0,,0,0,0,TE,TE,mark_walczak,0.0,0.0,0.0
1989,SDG,Andy Parker,Andy,Parker,TE,85.0,28,77,244,Utah,9/8/1961,5,10,6,0.0,1984.0,0,0,0,TE,TE,andy_parker,0.0,0.0,0.0
1989,SDG,Mark Walczak,Mark,Walczak,TE,81.0,27,78,246,Arizona,4/26/1962,2,6,0,0.0,,0,0,0,TE,TE,mark_walczak,0.0,0.0,0.0
1989,SEA,Travis McNeal,Travis,McNeal,TE,86.0,22,75,248,Chattanooga,1/10/1967,Rook,16,6,1.0,1989.0,0,0,0,TE,TE,travis_mcneal,6.0,0.0,0.0
1989,SEA,Robert Tyler,Robert,Tyler,TE,87.0,24,77,259,South Carolina St.,10/12/1965,Rook,9,9,1.0,1988.0,0,0,0,TE,TE,robert_tyler,1.0,0.0,0.0
1989,SEA,Travis McNeal,Travis,McNeal,TE,86.0,22,75,248,Chattanooga,1/10/1967,Rook,16,6,1.0,1989.0,0,0,0,TE,TE,travis_mcneal,6.0,0.0,0.0
1989,SEA,Robert Tyler,Robert,Tyler,TE,87.0,24,77,259,South Carolina St.,10/12/1965,Rook,9,9,1.0,1988.0,0,0,0,TE,TE,robert_tyler,1.0,0.0,0.0
1989,SEA,Donnie Dee,Donnie,Dee,TE,81.0,24,76,247,Tulsa,3/17/1965,1,3,3,0.0,1988.0,0,0,0,TE,TE,donnie_dee,0.0,0.0,0.0
1989,SEA,Rod Jones,Rod,Jones,TE,83.0,25,76,240,Washington,3/3/1964,2,4,0,0.0,1987.0,0,0,0,TE,TE,rod_jones,34.0,0.0,0.0
1989,SEA,Rod Jones,Rod,Jones,TE,83.0,25,76,240,Washington,3/3/1964,2,4,0,0.0,1987.0,0,0,0,TE,TE,rod_jones,1.0,0.0,0.0
1989,SEA,Rod Jones,Rod,Jones,TE,83.0,25,76,240,Washington,3/3/1964,2,4,0,0.0,1987.0,0,0,0,TE,TE,rod_jones,17.0,0.0,0.0
1989,SEA,Harper LeBel,Harper,LeBel,TE,85.0,26,76,250,Colorado St.,7/14/1963,1,16,0,0.0,1985.0,0,0,0,TE,TE,harper_lebel,0.0,0.0,0.0
1989,SEA,Donnie Dee,Donnie,Dee,TE,81.0,24,76,247,Tulsa,3/17/1965,1,3,3,0.0,1988.0,0,0,0,TE,TE,donnie_dee,0.0,0.0,0.0
1989,SEA,Rod Jones,Rod,Jones,TE,83.0,25,76,240,Washington,3/3/1964,2,4,0,0.0,1987.0,0,0,0,TE,TE,rod_jones,34.0,0.0,0.0
1989,SEA,Rod Jones,Rod,Jones,TE,83.0,25,76,240,Washington,3/3/1964,2,4,0,0.0,1987.0,0,0,0,TE,TE,rod_jones,1.0,0.0,0.0
1989,SEA,Rod Jones,Rod,Jones,TE,83.0,25,76,240,Washington,3/3/1964,2,4,0,0.0,1987.0,0,0,0,TE,TE,rod_jones,17.0,0.0,0.0
1989,SEA,Harper LeBel,Harper,LeBel,TE,85.0,26,76,250,Colorado St.,7/14/1963,1,16,0,0.0,1985.0,0,0,0,TE,TE,harper_lebel,0.0,0.0,0.0
1989,SFO,Brent Jones,Brent,Jones,TE,84.0,26,76,230,Santa Clara,2/12/1963,2,16,16,6.0,1986.0,0,0,0,TE,TE,brent_jones,50.0,0.0,4.0
1989,SFO,Brent Jones,Brent,Jones,TE,84.0,26,76,230,Santa Clara,2/12/1963,2,16,16,6.0,1986.0,0,0,0,TE,TE,brent_jones,50.0,0.0,4.0
1989,SFO,Wesley Walls,Wesley,Walls,TE,89.0,23,77,240,Mississippi,2/26/1966,Rook,16,0,0.0,1989.0,0,0,0,TE,TE,wesley_walls,43.0,0.0,5.0
1989,SFO,Jamie Williams,Jamie,Williams,TE,81.0,29,76,240,Nebraska,2/25/1960,6,3,0,0.0,1983.0,0,0,0,TE,TE,jamie_williams,16.0,0.0,0.0
1989,SFO,Wesley Walls,Wesley,Walls,TE,89.0,23,77,240,Mississippi,2/26/1966,Rook,16,0,0.0,1989.0,0,0,0,TE,TE,wesley_walls,43.0,0.0,5.0
1989,SFO,Jamie Williams,Jamie,Williams,TE,81.0,29,76,240,Nebraska,2/25/1960,6,3,0,0.0,1983.0,0,0,0,TE,TE,jamie_williams,16.0,0.0,0.0
1989,TAM,Ron Hall,Ron,Hall,TE,82.0,25,76,245,"Cal Poly-Pomona,Hawaii",3/15/1964,2,16,15,3.0,1987.0,0,0,0,TE,TE,ron_hall,45.0,1.0,1.0
1989,TAM,Ron Hall,Ron,Hall,TE,82.0,25,76,245,"Cal Poly-Pomona,Hawaii",3/15/1964,2,16,15,3.0,1987.0,0,0,0,TE,TE,ron_hall,18.0,0.0,0.0
1989,TAM,Ron Hall,Ron,Hall,TE,82.0,25,76,245,"Cal Poly-Pomona,Hawaii",3/15/1964,2,16,15,3.0,1987.0,0,0,0,TE,TE,ron_hall,45.0,1.0,1.0
1989,TAM,Ron Hall,Ron,Hall,TE,82.0,25,76,245,"Cal Poly-Pomona,Hawaii",3/15/1964,2,16,15,3.0,1987.0,0,0,0,TE,TE,ron_hall,18.0,0.0,0.0
1989,TAM,William Harris,William,Harris,TE,86.0,24,76,239,"Texas,Bishop",2/10/1965,2,16,2,1.0,1987.0,0,0,0,TE,TE,william_harris,1.0,0.0,0.0
1989,TAM,William Harris,William,Harris,TE,86.0,24,76,239,"Texas,Bishop",2/10/1965,2,16,2,1.0,1987.0,0,0,0,TE,TE,william_harris,1.0,0.0,0.0
1989,WAS,Jimmie Johnson,Jimmie,Johnson,TE,88.0,23,74,252,Howard,10/6/1966,Rook,16,0,1.0,1989.0,0,0,0,TE,TE,jimmie_johnson,5.0,0.0,0.0
1989,WAS,Terry Orr,Terry,Orr,TE,87.0,28,75,231,Texas,9/27/1961,3,16,1,1.0,1985.0,0,0,0,TE,TE,terry_orr,10.0,0.0,0.0
1989,WAS,Don Warren,Don,Warren,TE,85.0,33,76,242,San Diego St.,5/5/1956,10,15,15,1.0,1979.0,0,0,0,TE,TE,don_warren,22.0,0.0,0.0
1989,WAS,Jimmie Johnson,Jimmie,Johnson,TE,88.0,23,74,252,Howard,10/6/1966,Rook,16,0,1.0,1989.0,0,0,0,TE,TE,jimmie_johnson,5.0,0.0,0.0
1989,WAS,Terry Orr,Terry,Orr,TE,87.0,28,75,231,Texas,9/27/1961,3,16,1,1.0,1985.0,0,0,0,TE,TE,terry_orr,10.0,0.0,0.0
1989,WAS,Don Warren,Don,Warren,TE,85.0,33,76,242,San Diego St.,5/5/1956,10,15,15,1.0,1979.0,0,0,0,TE,TE,don_warren,22.0,0.0,0.0
1989,WAS,Mike Tice,Mike,Tice,TE,86.0,30,79,253,Maryland,2/2/1959,8,16,5,0.0,,0,0,0,TE,TE,mike_tice,0.0,0.0,0.0
1989,WAS,Mike Tice,Mike,Tice,TE,86.0,30,79,253,Maryland,2/2/1959,8,16,5,0.0,,0,0,0,TE,TE,mike_tice,0.0,0.0,0.0
1990,ATL,Gary Wilkins,Gary,Wilkins,TE,87.0,27,73,235,Georgia Tech,11/23/1963,4,16,13,2.0,,0,0,0,TE,TE,gary_wilkins,0.0,0.0,0.0
1990,ATL,Gary Wilkins,Gary,Wilkins,TE,87.0,27,73,235,Georgia Tech,11/23/1963,4,16,13,2.0,,0,0,0,TE,TE,gary_wilkins,0.0,0.0,0.0
1990,ATL,Troy Sadowski,Troy,Sadowski,TE,88.0,25,77,255,Georgia,12/8/1965,1,13,1,0.0,1989.0,0,0,0,TE,TE,troy_sadowski,0.0,0.0,0.0
1990,ATL,Troy Sadowski,Troy,Sadowski,TE,88.0,25,77,255,Georgia,12/8/1965,1,13,1,0.0,1989.0,0,0,0,TE,TE,troy_sadowski,0.0,0.0,0.0
1990,BUF,Keith McKeller,Keith,McKeller,TE,84.0,26,78,240,Jacksonville St.,7/9/1964,3,16,14,6.0,1987.0,0,0,0,TE,TE,keith_mckeller,16.0,0.0,0.0
1990,BUF,Keith McKeller,Keith,McKeller,TE,84.0,26,78,240,Jacksonville St.,7/9/1964,3,16,14,6.0,1987.0,0,0,0,TE,TE,keith_mckeller,16.0,0.0,0.0
1990,BUF,Pete Metzelaars,Pete,Metzelaars,TE,88.0,30,79,254,Wabash,5/24/1960,8,16,5,1.0,1982.0,0,0,0,TE,TE,pete_metzelaars,28.0,0.0,0.0
1990,BUF,Pete Metzelaars,Pete,Metzelaars,TE,88.0,30,79,254,Wabash,5/24/1960,8,16,5,1.0,1982.0,0,0,0,TE,TE,pete_metzelaars,28.0,0.0,0.0
1990,BUF,Butch Rolle,Butch,Rolle,TE,87.0,26,75,242,Michigan St.,8/19/1964,4,16,0,0.0,1986.0,0,0,0,TE,TE,butch_rolle,2.0,0.0,0.0
1990,BUF,Butch Rolle,Butch,Rolle,TE,87.0,26,75,242,Michigan St.,8/19/1964,4,16,0,0.0,1986.0,0,0,0,TE,TE,butch_rolle,2.0,0.0,0.0
1990,CHI,James Thornton,James,Thornton,TE,80.0,25,74,242,Cal State-Fullerton,2/8/1965,2,16,16,3.0,1988.0,0,0,0,TE,TE,james_thornton,12.0,0.0,0.0
1990,CHI,James Thornton,James,Thornton,TE,80.0,25,74,242,Cal State-Fullerton,2/8/1965,2,16,16,3.0,1988.0,0,0,0,TE,TE,james_thornton,12.0,0.0,0.0
1990,CHI,Cap Boso,Cap,Boso,TE,86.0,27,76,232,Illinois,9/10/1963,4,13,1,1.0,1986.0,0,0,0,TE,TE,cap_boso,5.0,0.0,0.0
1990,CHI,Cap Boso,Cap,Boso,TE,86.0,27,76,232,Illinois,9/10/1963,4,13,1,1.0,1986.0,0,0,0,TE,TE,cap_boso,5.0,0.0,0.0
1990,CHI,James Coley,James,Coley,TE,89.0,23,75,270,Clemson,4/13/1967,Rook,16,0,0.0,,0,0,0,TE,TE,james_coley,0.0,0.0,0.0
1990,CHI,James Coley,James,Coley,TE,89.0,23,75,270,Clemson,4/13/1967,Rook,16,0,0.0,,0,0,0,TE,TE,james_coley,0.0,0.0,0.0
1990,CIN,Rodney Holman,Rodney,Holman,TE,82.0,30,75,238,Tulane,4/20/1960,8,16,15,7.0,1982.0,0,0,0,TE,TE,rodney_holman,40.0,0.0,3.0
1990,CIN,Rodney Holman,Rodney,Holman,TE,82.0,30,75,238,Tulane,4/20/1960,8,16,15,7.0,1982.0,0,0,0,TE,TE,rodney_holman,40.0,0.0,3.0
1990,CIN,Eric Kattus,Eric,Kattus,TE,84.0,27,77,240,Michigan,3/4/1963,4,16,3,2.0,1986.0,0,0,0,TE,TE,eric_kattus,6.0,0.0,0.0
1990,CIN,Eric Kattus,Eric,Kattus,TE,84.0,27,77,240,Michigan,3/4/1963,4,16,3,2.0,1986.0,0,0,0,TE,TE,eric_kattus,6.0,0.0,0.0
1990,CIN,Jim Riggs,Jim,Riggs,TE,87.0,27,77,245,Clemson,9/29/1963,3,16,0,1.0,1987.0,0,0,0,TE,TE,jim_riggs,3.0,0.0,0.0
1990,CIN,Jim Riggs,Jim,Riggs,TE,87.0,27,77,245,Clemson,9/29/1963,3,16,0,1.0,1987.0,0,0,0,TE,TE,jim_riggs,3.0,0.0,0.0
1990,CLE,Ozzie Newsome,Ozzie,Newsome,TE,82.0,34,74,232,Alabama,3/16/1956,12,16,15,2.0,1978.0,0,0,0,TE,TE,ozzie_newsome,59.0,1.0,3.0
1990,CLE,Ozzie Newsome,Ozzie,Newsome,TE,82.0,34,74,232,Alabama,3/16/1956,12,16,15,2.0,1978.0,0,0,0,TE,TE,ozzie_newsome,59.0,1.0,3.0
1990,CLE,Scott Galbraith,Scott,Galbraith,TE,81.0,23,74,258,USC,1/7/1967,Rook,16,1,0.0,1990.0,0,0,0,TE,TE,scott_galbraith,6.0,0.0,0.0
1990,CLE,Scott Galbraith,Scott,Galbraith,TE,81.0,23,74,258,USC,1/7/1967,Rook,16,1,0.0,1990.0,0,0,0,TE,TE,scott_galbraith,6.0,0.0,0.0
1990,CLT,Pat Beach,Pat,Beach,TE,81.0,31,76,247,Washington St.,12/28/1959,8,16,11,1.0,1982.0,0,0,0,TE,TE,pat_beach,13.0,0.0,0.0
1990,CLT,Pat Beach,Pat,Beach,TE,81.0,31,76,247,Washington St.,12/28/1959,8,16,11,1.0,1982.0,0,0,0,TE,TE,pat_beach,13.0,0.0,0.0
1990,CLT,Eugene Riley,Eugene,Riley,TE,87.0,24,74,236,Ball St.,10/9/1966,Rook,1,0,0.0,,0,0,0,TE,TE,eugene_riley,0.0,0.0,0.0
1990,CLT,Eugene Riley,Eugene,Riley,TE,87.0,24,74,236,Ball St.,10/9/1966,Rook,1,0,0.0,,0,0,0,TE,TE,eugene_riley,0.0,0.0,0.0
1990,CRD,Walter Reeves,Walter,Reeves,TE,89.0,25,76,270,Auburn,12/16/1965,1,16,16,1.0,1989.0,0,0,0,TE,TE,walter_reeves,3.0,0.0,0.0
1990,CRD,Walter Reeves,Walter,Reeves,TE,89.0,25,76,270,Auburn,12/16/1965,1,16,16,1.0,1989.0,0,0,0,TE,TE,walter_reeves,3.0,0.0,0.0
1990,CRD,Tim Jorden,Tim,Jorden,TE,85.0,24,75,235,Indiana,10/30/1966,1,16,11,0.0,,0,0,0,TE,TE,tim_jorden,0.0,0.0,0.0
1990,CRD,Dave Little,Dave,Little,TE,30.0,29,74,233,Middle Tenn. St.,4/18/1961,6,11,0,0.0,,0,0,0,TE,TE,dave_little,0.0,0.0,0.0
1990,CRD,Tim Jorden,Tim,Jorden,TE,85.0,24,75,235,Indiana,10/30/1966,1,16,11,0.0,,0,0,0,TE,TE,tim_jorden,0.0,0.0,0.0
1990,CRD,Dave Little,Dave,Little,TE,30.0,29,74,233,Middle Tenn. St.,4/18/1961,6,11,0,0.0,,0,0,0,TE,TE,dave_little,0.0,0.0,0.0
1990,DAL,Jay Novacek,Jay,Novacek,TE,84.0,28,76,234,Wyoming,10/24/1962,5,16,15,6.0,1985.0,0,0,0,TE,TE,jay_novacek,44.0,1.0,5.0
1990,DAL,Jay Novacek,Jay,Novacek,TE,84.0,28,76,234,Wyoming,10/24/1962,5,16,15,6.0,1985.0,0,0,0,TE,TE,jay_novacek,44.0,1.0,5.0
1990,DAL,Robert Awalt,Robert,Awalt,TE,89.0,26,77,258,"Nevada,Sacramento CC,San Diego St.",4/9/1964,3,13,1,1.0,1987.0,0,0,0,TE,TE,robert_awalt,13.0,0.0,0.0
1990,DAL,Robert Awalt,Robert,Awalt,TE,89.0,26,77,258,"Nevada,Sacramento CC,San Diego St.",4/9/1964,3,13,1,1.0,1987.0,0,0,0,TE,TE,robert_awalt,13.0,0.0,0.0
1990,DAL,Steve Folsom,Steve,Folsom,TE,85.0,32,77,235,"Long Beach St.,Utah",3/21/1958,9,1,0,0.0,1981.0,0,0,0,TE,TE,steve_folsom,3.0,0.0,0.0
1990,DAL,Steve Folsom,Steve,Folsom,TE,85.0,32,77,235,"Long Beach St.,Utah",3/21/1958,9,1,0,0.0,1981.0,0,0,0,TE,TE,steve_folsom,3.0,0.0,0.0
1990,DEN,Clarence Kay,Clarence,Kay,TE,88.0,29,74,237,Georgia,7/30/1961,6,16,14,3.0,1984.0,0,0,0,TE,TE,clarence_kay,17.0,0.0,0.0
1990,DEN,Clarence Kay,Clarence,Kay,TE,88.0,29,74,237,Georgia,7/30/1961,6,16,14,3.0,1984.0,0,0,0,TE,TE,clarence_kay,17.0,0.0,0.0
1990,DEN,Shannon Sharpe,Shannon,Sharpe,TE,81.0,22,74,228,Savannah St.,6/26/1968,Rook,16,2,1.0,1990.0,0,0,0,TE,TE,shannon_sharpe,82.0,4.0,8.0
1990,DEN,Shannon Sharpe,Shannon,Sharpe,TE,81.0,22,74,228,Savannah St.,6/26/1968,Rook,16,2,1.0,1990.0,0,0,0,TE,TE,shannon_sharpe,82.0,4.0,8.0
1990,DEN,Ronnie Haliburton,Ronnie,Haliburton,TE,93.0,22,76,230,LSU,4/14/1968,Rook,9,0,0.0,1990.0,0,0,0,TE,TE,ronnie_haliburton,0.0,0.0,0.0
1990,DEN,Orson Mobley,Orson,Mobley,TE,89.0,27,77,256,"Florida St.,Salem",3/4/1963,4,9,8,0.0,1986.0,0,0,0,TE,TE,orson_mobley,8.0,0.0,0.0
1990,DEN,Chris Verhulst,Chris,Verhulst,TE,86.0,24,75,249,Cal State-Chico,5/16/1966,2,11,1,0.0,1988.0,0,0,0,TE,TE,chris_verhulst,0.0,0.0,0.0
1990,DEN,Ronnie Haliburton,Ronnie,Haliburton,TE,93.0,22,76,230,LSU,4/14/1968,Rook,9,0,0.0,1990.0,0,0,0,TE,TE,ronnie_haliburton,0.0,0.0,0.0
1990,DEN,Orson Mobley,Orson,Mobley,TE,89.0,27,77,256,"Florida St.,Salem",3/4/1963,4,9,8,0.0,1986.0,0,0,0,TE,TE,orson_mobley,8.0,0.0,0.0
1990,DEN,Chris Verhulst,Chris,Verhulst,TE,86.0,24,75,249,Cal State-Chico,5/16/1966,2,11,1,0.0,1988.0,0,0,0,TE,TE,chris_verhulst,0.0,0.0,0.0
1990,GNB,Ed West,Ed,West,TE,86.0,29,73,250,Auburn,8/2/1961,6,16,16,3.0,,0,0,0,TE,TE,ed_west,0.0,0.0,0.0
1990,GNB,Ed West,Ed,West,TE,86.0,29,73,250,Auburn,8/2/1961,6,16,16,3.0,,0,0,0,TE,TE,ed_west,0.0,0.0,0.0
1990,GNB,Jackie Harris,Jackie,Harris,TE,80.0,22,76,244,La-Monroe,1/4/1968,Rook,16,3,1.0,1990.0,0,0,0,TE,TE,jackie_harris,33.0,0.0,0.0
1990,GNB,Jackie Harris,Jackie,Harris,TE,80.0,22,76,244,La-Monroe,1/4/1968,Rook,16,3,1.0,1990.0,0,0,0,TE,TE,jackie_harris,33.0,0.0,0.0
1990,GNB,William Harris,William,Harris,TE,89.0,25,76,239,"Texas,Bishop",2/10/1965,3,4,0,0.0,1987.0,0,0,0,TE,TE,william_harris,1.0,0.0,0.0
1990,GNB,William Harris,William,Harris,TE,89.0,25,76,239,"Texas,Bishop",2/10/1965,3,4,0,0.0,1987.0,0,0,0,TE,TE,william_harris,1.0,0.0,0.0
1990,KAN,Jonathan Hayes,Jonathan,Hayes,TE,85.0,28,77,248,Iowa,8/11/1962,5,12,11,1.0,1985.0,0,0,0,TE,TE,jonathan_hayes,15.0,0.0,0.0
1990,KAN,Alfredo Roberts,Alfredo,Roberts,TE,87.0,25,75,250,Miami (FL),3/1/1965,2,16,13,1.0,1988.0,0,0,0,TE,TE,alfredo_roberts,5.0,0.0,0.0
1990,KAN,Jonathan Hayes,Jonathan,Hayes,TE,85.0,28,77,248,Iowa,8/11/1962,5,12,11,1.0,1985.0,0,0,0,TE,TE,jonathan_hayes,15.0,0.0,0.0
1990,KAN,Alfredo Roberts,Alfredo,Roberts,TE,87.0,25,75,250,Miami (FL),3/1/1965,2,16,13,1.0,1988.0,0,0,0,TE,TE,alfredo_roberts,5.0,0.0,0.0
1990,KAN,Danta Whitaker,Danta,Whitaker,TE,82.0,26,76,252,Miss. Valley St.,3/14/1964,Rook,16,3,0.0,1988.0,0,0,0,TE,TE,danta_whitaker,1.0,0.0,0.0
1990,KAN,Danta Whitaker,Danta,Whitaker,TE,82.0,26,76,252,Miss. Valley St.,3/14/1964,Rook,16,3,0.0,1988.0,0,0,0,TE,TE,danta_whitaker,1.0,0.0,0.0
1990,MIA,Ferrell Edmunds,Ferrell,Edmunds,TE,80.0,25,78,254,Maryland,4/16/1965,2,16,16,4.0,1988.0,0,0,0,TE,TE,ferrell_edmunds,15.0,0.0,2.0
1990,MIA,Ferrell Edmunds,Ferrell,Edmunds,TE,80.0,25,78,254,Maryland,4/16/1965,2,16,16,4.0,1988.0,0,0,0,TE,TE,ferrell_edmunds,15.0,0.0,2.0
1990,MIA,Greg Baty,Greg,Baty,TE,84.0,26,77,241,Stanford,8/28/1964,4,12,0,0.0,1986.0,0,0,0,TE,TE,greg_baty,8.0,0.0,0.0
1990,MIA,Brian Kinchen,Brian,Kinchen,TE,88.0,25,74,240,LSU,8/6/1965,2,4,0,0.0,1988.0,0,0,0,TE,TE,brian_kinchen,15.0,0.0,0.0
1990,MIA,Greg Baty,Greg,Baty,TE,84.0,26,77,241,Stanford,8/28/1964,4,12,0,0.0,1986.0,0,0,0,TE,TE,greg_baty,8.0,0.0,0.0
1990,MIA,Brian Kinchen,Brian,Kinchen,TE,88.0,25,74,240,LSU,8/6/1965,2,4,0,0.0,1988.0,0,0,0,TE,TE,brian_kinchen,15.0,0.0,0.0
1990,MIN,Steve Jordan,Steve,Jordan,TE,83.0,29,75,236,Brown,1/10/1961,8,16,16,6.0,1982.0,0,0,0,TE,TE,steve_jordan,48.0,0.0,6.0
1990,MIN,Steve Jordan,Steve,Jordan,TE,83.0,29,75,236,Brown,1/10/1961,8,16,16,6.0,1982.0,0,0,0,TE,TE,steve_jordan,48.0,0.0,6.0
1990,MIN,Mike Jones,Mike,Jones,TE,82.0,24,75,255,"Michigan,Texas A&M",11/10/1966,Rook,11,0,0.0,1990.0,0,0,0,TE,TE,mike_jones,0.0,0.0,0.0
1990,MIN,Mike Jones,Mike,Jones,TE,82.0,24,75,255,"Michigan,Texas A&M",11/10/1966,Rook,11,0,0.0,1990.0,0,0,0,TE,TE,mike_jones,0.0,0.0,0.0
1990,MIN,Mike Jones,Mike,Jones,TE,82.0,24,75,255,"Michigan,Texas A&M",11/10/1966,Rook,11,0,0.0,1990.0,0,0,0,TE,TE,mike_jones,22.0,0.0,0.0
1990,MIN,Mike Jones,Mike,Jones,TE,82.0,24,75,255,"Michigan,Texas A&M",11/10/1966,Rook,11,0,0.0,1990.0,0,0,0,TE,TE,mike_jones,0.0,0.0,0.0
1990,MIN,Mike Jones,Mike,Jones,TE,82.0,24,75,255,"Michigan,Texas A&M",11/10/1966,Rook,11,0,0.0,1990.0,0,0,0,TE,TE,mike_jones,0.0,0.0,0.0
1990,MIN,Mike Jones,Mike,Jones,TE,82.0,24,75,255,"Michigan,Texas A&M",11/10/1966,Rook,11,0,0.0,1990.0,0,0,0,TE,TE,mike_jones,0.0,0.0,0.0
1990,MIN,Mike Jones,Mike,Jones,TE,82.0,24,75,255,"Michigan,Texas A&M",11/10/1966,Rook,11,0,0.0,1990.0,0,0,0,TE,TE,mike_jones,36.0,0.0,0.0
1990,MIN,Mike Jones,Mike,Jones,TE,82.0,24,75,255,"Michigan,Texas A&M",11/10/1966,Rook,11,0,0.0,1990.0,0,0,0,TE,TE,mike_jones,0.0,0.0,0.0
1990,MIN,Brent Novoselsky,Brent,Novoselsky,TE,85.0,24,74,232,Pennsylvania,1/8/1966,2,16,3,0.0,,0,0,0,TE,TE,brent_novoselsky,0.0,0.0,0.0
1990,MIN,Mike Jones,Mike,Jones,TE,82.0,24,75,255,"Michigan,Texas A&M",11/10/1966,Rook,11,0,0.0,1990.0,0,0,0,TE,TE,mike_jones,0.0,0.0,0.0
1990,MIN,Mike Jones,Mike,Jones,TE,82.0,24,75,255,"Michigan,Texas A&M",11/10/1966,Rook,11,0,0.0,1990.0,0,0,0,TE,TE,mike_jones,0.0,0.0,0.0
1990,MIN,Mike Jones,Mike,Jones,TE,82.0,24,75,255,"Michigan,Texas A&M",11/10/1966,Rook,11,0,0.0,1990.0,0,0,0,TE,TE,mike_jones,22.0,0.0,0.0
1990,MIN,Mike Jones,Mike,Jones,TE,82.0,24,75,255,"Michigan,Texas A&M",11/10/1966,Rook,11,0,0.0,1990.0,0,0,0,TE,TE,mike_jones,0.0,0.0,0.0
1990,MIN,Mike Jones,Mike,Jones,TE,82.0,24,75,255,"Michigan,Texas A&M",11/10/1966,Rook,11,0,0.0,1990.0,0,0,0,TE,TE,mike_jones,0.0,0.0,0.0
1990,MIN,Mike Jones,Mike,Jones,TE,82.0,24,75,255,"Michigan,Texas A&M",11/10/1966,Rook,11,0,0.0,1990.0,0,0,0,TE,TE,mike_jones,0.0,0.0,0.0
1990,MIN,Mike Jones,Mike,Jones,TE,82.0,24,75,255,"Michigan,Texas A&M",11/10/1966,Rook,11,0,0.0,1990.0,0,0,0,TE,TE,mike_jones,36.0,0.0,0.0
1990,MIN,Mike Jones,Mike,Jones,TE,82.0,24,75,255,"Michigan,Texas A&M",11/10/1966,Rook,11,0,0.0,1990.0,0,0,0,TE,TE,mike_jones,0.0,0.0,0.0
1990,MIN,Brent Novoselsky,Brent,Novoselsky,TE,85.0,24,74,232,Pennsylvania,1/8/1966,2,16,3,0.0,,0,0,0,TE,TE,brent_novoselsky,0.0,0.0,0.0
1990,NOR,Hoby Brenner,Hoby,Brenner,TE,85.0,31,76,240,USC,6/2/1959,9,16,16,2.0,1981.0,0,0,0,TE,TE,hoby_brenner,31.0,0.0,1.0
1990,NOR,Hoby Brenner,Hoby,Brenner,TE,85.0,31,76,240,USC,6/2/1959,9,16,16,2.0,1981.0,0,0,0,TE,TE,hoby_brenner,31.0,0.0,1.0
1990,NOR,Greg Scales,Greg,Scales,TE,83.0,24,76,253,Wake Forest,5/9/1966,2,16,0,1.0,1988.0,0,0,0,TE,TE,greg_scales,2.0,0.0,0.0
1990,NOR,John Tice,John,Tice,TE,82.0,30,77,242,Maryland,6/22/1960,7,16,4,1.0,1983.0,0,0,0,TE,TE,john_tice,12.0,0.0,0.0
1990,NOR,Greg Scales,Greg,Scales,TE,83.0,24,76,253,Wake Forest,5/9/1966,2,16,0,1.0,1988.0,0,0,0,TE,TE,greg_scales,2.0,0.0,0.0
1990,NOR,John Tice,John,Tice,TE,82.0,30,77,242,Maryland,6/22/1960,7,16,4,1.0,1983.0,0,0,0,TE,TE,john_tice,12.0,0.0,0.0
1990,NWE,Marv Cook,Marv,Cook,TE,46.0,24,76,234,Iowa,2/24/1966,1,16,16,2.0,1989.0,0,0,0,TE,TE,marv_cook,13.0,1.0,2.0
1990,NWE,Marv Cook,Marv,Cook,TE,46.0,24,76,234,Iowa,2/24/1966,1,16,16,2.0,1989.0,0,0,0,TE,TE,marv_cook,13.0,1.0,2.0
1990,NWE,Lin Dawson,Lin,Dawson,TE,87.0,31,75,240,North Carolina St.,6/24/1959,9,3,0,0.0,1981.0,0,0,0,TE,TE,lin_dawson,12.0,0.0,0.0
1990,NWE,Zeke Mowatt,Zeke,Mowatt,TE,81.0,29,75,238,Florida St.,3/5/1961,7,10,0,0.0,,0,0,0,TE,TE,zeke_mowatt,0.0,0.0,0.0
1990,NWE,Eric Sievers,Eric,Sievers,TE,85.0,33,76,236,Maryland,11/9/1957,9,8,1,0.0,1981.0,0,0,0,TE,TE,eric_sievers,21.0,0.0,0.0
1990,NWE,Lin Dawson,Lin,Dawson,TE,87.0,31,75,240,North Carolina St.,6/24/1959,9,3,0,0.0,1981.0,0,0,0,TE,TE,lin_dawson,12.0,0.0,0.0
1990,NWE,Zeke Mowatt,Zeke,Mowatt,TE,81.0,29,75,238,Florida St.,3/5/1961,7,10,0,0.0,,0,0,0,TE,TE,zeke_mowatt,0.0,0.0,0.0
1990,NWE,Eric Sievers,Eric,Sievers,TE,85.0,33,76,236,Maryland,11/9/1957,9,8,1,0.0,1981.0,0,0,0,TE,TE,eric_sievers,21.0,0.0,0.0
1990,NYG,Mark Bavaro,Mark,Bavaro,TE,89.0,27,76,245,Notre Dame,4/28/1963,5,15,15,5.0,1985.0,0,0,0,TE,TE,mark_bavaro,40.0,2.0,2.0
1990,NYG,Mark Bavaro,Mark,Bavaro,TE,89.0,27,76,245,Notre Dame,4/28/1963,5,15,15,5.0,1985.0,0,0,0,TE,TE,mark_bavaro,40.0,2.0,2.0
1990,NYG,Howard Cross,Howard,Cross,TE,87.0,23,77,270,Alabama,8/8/1967,1,16,8,1.0,1989.0,0,0,0,TE,TE,howard_cross,17.0,0.0,0.0
1990,NYG,Howard Cross,Howard,Cross,TE,87.0,23,77,270,Alabama,8/8/1967,1,16,8,1.0,1989.0,0,0,0,TE,TE,howard_cross,17.0,0.0,0.0
1990,NYG,Bob Mrosko,Bob,Mrosko,TE,80.0,25,78,265,Penn St.,11/13/1965,1,16,2,0.0,1989.0,0,0,0,TE,TE,bob_mrosko,1.0,0.0,0.0
1990,NYG,Bob Mrosko,Bob,Mrosko,TE,80.0,25,78,265,Penn St.,11/13/1965,1,16,2,0.0,1989.0,0,0,0,TE,TE,bob_mrosko,1.0,0.0,0.0
1990,NYJ,Mark Boyer,Mark,Boyer,TE,80.0,28,76,233,USC,9/16/1962,5,16,16,4.0,1985.0,0,0,0,TE,TE,mark_boyer,13.0,0.0,0.0
1990,NYJ,Mark Boyer,Mark,Boyer,TE,80.0,28,76,233,USC,9/16/1962,5,16,16,4.0,1985.0,0,0,0,TE,TE,mark_boyer,13.0,0.0,0.0
1990,NYJ,Chris Dressel,Chris,Dressel,TE,84.0,29,76,238,Stanford,2/7/1961,7,15,4,1.0,1983.0,0,0,0,TE,TE,chris_dressel,8.0,0.0,0.0
1990,NYJ,Doug Wellsandt,Doug,Wellsandt,TE,86.0,23,75,248,Washington St.,2/9/1967,Rook,16,2,1.0,1990.0,0,0,0,TE,TE,doug_wellsandt,1.0,0.0,0.0
1990,NYJ,Chris Dressel,Chris,Dressel,TE,84.0,29,76,238,Stanford,2/7/1961,7,15,4,1.0,1983.0,0,0,0,TE,TE,chris_dressel,8.0,0.0,0.0
1990,NYJ,Doug Wellsandt,Doug,Wellsandt,TE,86.0,23,75,248,Washington St.,2/9/1967,Rook,16,2,1.0,1990.0,0,0,0,TE,TE,doug_wellsandt,1.0,0.0,0.0
1990,NYJ,Pat Kelly,Pat,Kelly,TE,47.0,25,78,252,Syracuse,10/29/1965,2,1,0,0.0,1988.0,0,0,0,TE,TE,pat_kelly,0.0,0.0,0.0
1990,NYJ,Pat Kelly,Pat,Kelly,TE,47.0,25,78,252,Syracuse,10/29/1965,2,1,0,0.0,1988.0,0,0,0,TE,TE,pat_kelly,0.0,0.0,0.0
1990,NYJ,Pat Kelly,Pat,Kelly,TE,47.0,25,78,252,Syracuse,10/29/1965,2,1,0,0.0,1988.0,0,0,0,TE,TE,pat_kelly,0.0,0.0,0.0
1990,NYJ,Pat Kelly,Pat,Kelly,TE,47.0,25,78,252,Syracuse,10/29/1965,2,1,0,0.0,1988.0,0,0,0,TE,TE,pat_kelly,0.0,0.0,0.0
1990,PHI,Keith Jackson,Keith,Jackson,TE,88.0,25,74,250,Oklahoma,4/19/1965,2,14,14,7.0,1988.0,0,0,0,TE,TE,keith_jackson,43.0,3.0,5.0
1990,PHI,Keith Jackson,Keith,Jackson,TE,88.0,25,74,250,Oklahoma,4/19/1965,2,14,14,7.0,1988.0,0,0,0,TE,TE,keith_jackson,0.0,0.0,0.0
1990,PHI,Keith Jackson,Keith,Jackson,TE,88.0,25,74,250,Oklahoma,4/19/1965,2,14,14,7.0,1988.0,0,0,0,TE,TE,keith_jackson,43.0,3.0,5.0
1990,PHI,Keith Jackson,Keith,Jackson,TE,88.0,25,74,250,Oklahoma,4/19/1965,2,14,14,7.0,1988.0,0,0,0,TE,TE,keith_jackson,0.0,0.0,0.0
1990,PHI,Mickey Shuler,Mickey,Shuler,TE,85.0,34,75,232,Penn St.,8/21/1956,12,16,5,2.0,1978.0,0,0,0,TE,TE,mickey_shuler,42.0,0.0,2.0
1990,PHI,Mickey Shuler,Mickey,Shuler,TE,85.0,34,75,232,Penn St.,8/21/1956,12,16,5,2.0,1978.0,0,0,0,TE,TE,mickey_shuler,0.0,0.0,0.0
1990,PHI,Mickey Shuler,Mickey,Shuler,TE,85.0,34,75,232,Penn St.,8/21/1956,12,16,5,2.0,1978.0,0,0,0,TE,TE,mickey_shuler,42.0,0.0,2.0
1990,PHI,Mickey Shuler,Mickey,Shuler,TE,85.0,34,75,232,Penn St.,8/21/1956,12,16,5,2.0,1978.0,0,0,0,TE,TE,mickey_shuler,0.0,0.0,0.0
1990,PHI,Harper LeBel,Harper,LeBel,TE,87.0,27,76,250,Colorado St.,7/14/1963,1,16,0,0.0,1985.0,0,0,0,TE,TE,harper_lebel,0.0,0.0,0.0
1990,PHI,Harper LeBel,Harper,LeBel,TE,87.0,27,76,250,Colorado St.,7/14/1963,1,16,0,0.0,1985.0,0,0,0,TE,TE,harper_lebel,0.0,0.0,0.0
1990,PIT,Eric Green,Eric,Green,TE,86.0,23,77,280,Liberty,6/22/1967,Rook,13,6,4.0,1990.0,0,0,0,TE,TE,eric_green,32.0,0.0,2.0
1990,PIT,Eric Green,Eric,Green,TE,86.0,23,77,280,Liberty,6/22/1967,Rook,13,6,4.0,1990.0,0,0,0,TE,TE,eric_green,12.0,0.0,0.0
1990,PIT,Mike Mularkey,Mike,Mularkey,TE,84.0,29,76,245,Florida,11/19/1961,7,16,15,4.0,1983.0,0,0,0,TE,TE,mike_mularkey,11.0,0.0,0.0
1990,PIT,Eric Green,Eric,Green,TE,86.0,23,77,280,Liberty,6/22/1967,Rook,13,6,4.0,1990.0,0,0,0,TE,TE,eric_green,32.0,0.0,2.0
1990,PIT,Eric Green,Eric,Green,TE,86.0,23,77,280,Liberty,6/22/1967,Rook,13,6,4.0,1990.0,0,0,0,TE,TE,eric_green,12.0,0.0,0.0
1990,PIT,Mike Mularkey,Mike,Mularkey,TE,84.0,29,76,245,Florida,11/19/1961,7,16,15,4.0,1983.0,0,0,0,TE,TE,mike_mularkey,11.0,0.0,0.0
1990,PIT,Terry O'Shea,Terry,O'Shea,TE,85.0,24,76,236,California (PA),12/3/1966,1,16,0,0.0,,0,0,0,TE,TE,terry_o'shea,0.0,0.0,0.0
1990,PIT,Terry O'Shea,Terry,O'Shea,TE,85.0,24,76,236,California (PA),12/3/1966,1,16,0,0.0,,0,0,0,TE,TE,terry_o'shea,0.0,0.0,0.0
1990,RAI,Ethan Horton,Ethan,Horton,TE,88.0,28,76,235,North Carolina,12/19/1962,5,16,14,5.0,1985.0,0,0,0,TE,TE,ethan_horton,22.0,0.0,1.0
1990,RAI,Ethan Horton,Ethan,Horton,TE,88.0,28,76,235,North Carolina,12/19/1962,5,16,14,5.0,1985.0,0,0,0,TE,TE,ethan_horton,22.0,0.0,1.0
1990,RAI,Mike Dyal,Mike,Dyal,TE,84.0,24,74,240,Texas A&M-Kingsville,5/20/1966,1,3,2,1.0,,0,0,0,TE,TE,mike_dyal,0.0,0.0,0.0
1990,RAI,Mike Dyal,Mike,Dyal,TE,84.0,24,74,240,Texas A&M-Kingsville,5/20/1966,1,3,2,1.0,,0,0,0,TE,TE,mike_dyal,0.0,0.0,0.0
1990,RAI,Rich Bartlewski,Rich,Bartlewski,TE,87.0,23,77,250,Fresno St.,8/15/1967,Rook,4,0,0.0,,0,0,0,TE,TE,rich_bartlewski,0.0,0.0,0.0
1990,RAI,Andy Parker,Andy,Parker,TE,89.0,29,77,244,Utah,9/8/1961,6,5,0,0.0,1984.0,0,0,0,TE,TE,andy_parker,0.0,0.0,0.0
1990,RAI,Rich Bartlewski,Rich,Bartlewski,TE,87.0,23,77,250,Fresno St.,8/15/1967,Rook,4,0,0.0,,0,0,0,TE,TE,rich_bartlewski,0.0,0.0,0.0
1990,RAI,Andy Parker,Andy,Parker,TE,89.0,29,77,244,Utah,9/8/1961,6,5,0,0.0,1984.0,0,0,0,TE,TE,andy_parker,0.0,0.0,0.0
1990,RAM,Pete Holohan,Pete,Holohan,TE,81.0,31,76,237,Notre Dame,7/25/1959,9,16,8,4.0,1981.0,0,0,0,TE,TE,pete_holohan,29.0,0.0,0.0
1990,RAM,Pete Holohan,Pete,Holohan,TE,81.0,31,76,237,Notre Dame,7/25/1959,9,16,8,4.0,1981.0,0,0,0,TE,TE,pete_holohan,29.0,0.0,0.0
1990,RAM,Pat Carter,Pat,Carter,TE,88.0,24,76,256,Florida St.,8/1/1966,2,16,4,1.0,1988.0,0,0,0,TE,TE,pat_carter,9.0,0.0,0.0
1990,RAM,Damone Johnson,Damone,Johnson,TE,86.0,28,76,230,Cal Poly-San Luis Obispo,3/2/1962,4,13,9,1.0,1985.0,0,0,0,TE,TE,damone_johnson,8.0,0.0,0.0
1990,RAM,Pat Carter,Pat,Carter,TE,88.0,24,76,256,Florida St.,8/1/1966,2,16,4,1.0,1988.0,0,0,0,TE,TE,pat_carter,9.0,0.0,0.0
1990,RAM,Damone Johnson,Damone,Johnson,TE,86.0,28,76,230,Cal Poly-San Luis Obispo,3/2/1962,4,13,9,1.0,1985.0,0,0,0,TE,TE,damone_johnson,8.0,0.0,0.0
1990,RAM,Richard Ashe,Richard,Ashe,TE,87.0,23,76,260,Humboldt St.,3/14/1967,Rook,1,0,0.0,,0,0,0,TE,TE,richard_ashe,0.0,0.0,0.0
1990,RAM,Richard Ashe,Richard,Ashe,TE,87.0,23,76,260,Humboldt St.,3/14/1967,Rook,1,0,0.0,,0,0,0,TE,TE,richard_ashe,0.0,0.0,0.0
1990,SDG,Derrick Walker,Derrick,Walker,TE,89.0,23,72,246,Michigan,6/23/1967,Rook,16,12,3.0,1990.0,0,0,0,TE,TE,derrick_walker,16.0,0.0,0.0
1990,SDG,Derrick Walker,Derrick,Walker,TE,89.0,23,72,246,Michigan,6/23/1967,Rook,16,12,3.0,1990.0,0,0,0,TE,TE,derrick_walker,16.0,0.0,0.0
1990,SDG,Arthur Cox,Arthur,Cox,TE,88.0,29,75,262,Texas Southern,2/5/1961,7,16,14,1.0,,0,0,0,TE,TE,arthur_cox,0.0,0.0,0.0
1990,SDG,Walter Wilson,Walter,Wilson,TE,84.0,24,70,185,East Carolina,10/6/1966,Rook,14,5,1.0,1990.0,0,0,0,TE,TE,walter_wilson,1.0,0.0,0.0
1990,SDG,Arthur Cox,Arthur,Cox,TE,88.0,29,75,262,Texas Southern,2/5/1961,7,16,14,1.0,,0,0,0,TE,TE,arthur_cox,0.0,0.0,0.0
1990,SDG,Walter Wilson,Walter,Wilson,TE,84.0,24,70,185,East Carolina,10/6/1966,Rook,14,5,1.0,1990.0,0,0,0,TE,TE,walter_wilson,1.0,0.0,0.0
1990,SDG,Joe Caravello,Joe,Caravello,TE,46.0,27,75,270,Tulane,6/6/1963,3,7,7,0.0,,0,0,0,TE,TE,joe_caravello,0.0,0.0,0.0
1990,SDG,Terry Orr,Terry,Orr,TE,37.0,29,75,231,Texas,9/27/1961,4,9,0,0.0,1985.0,0,0,0,TE,TE,terry_orr,10.0,0.0,0.0
1990,SDG,Joe Caravello,Joe,Caravello,TE,46.0,27,75,270,Tulane,6/6/1963,3,7,7,0.0,,0,0,0,TE,TE,joe_caravello,0.0,0.0,0.0
1990,SDG,Terry Orr,Terry,Orr,TE,37.0,29,75,231,Texas,9/27/1961,4,9,0,0.0,1985.0,0,0,0,TE,TE,terry_orr,10.0,0.0,0.0
1990,SEA,Ron Heller,Ron,Heller,TE,85.0,27,75,236,Oregon St.,9/18/1963,3,16,5,2.0,,0,0,0,TE,TE,ron_heller,62.0,0.0,0.0
1990,SEA,Ron Heller,Ron,Heller,TE,85.0,27,75,236,Oregon St.,9/18/1963,3,16,5,2.0,,0,0,0,TE,TE,ron_heller,0.0,0.0,0.0
1990,SEA,Ron Heller,Ron,Heller,TE,85.0,27,75,236,Oregon St.,9/18/1963,3,16,5,2.0,,0,0,0,TE,TE,ron_heller,62.0,0.0,0.0
1990,SEA,Ron Heller,Ron,Heller,TE,85.0,27,75,236,Oregon St.,9/18/1963,3,16,5,2.0,,0,0,0,TE,TE,ron_heller,0.0,0.0,0.0
1990,SEA,Travis McNeal,Travis,McNeal,TE,86.0,23,75,248,Chattanooga,1/10/1967,1,16,14,1.0,1989.0,0,0,0,TE,TE,travis_mcneal,6.0,0.0,0.0
1990,SEA,Travis McNeal,Travis,McNeal,TE,86.0,23,75,248,Chattanooga,1/10/1967,1,16,14,1.0,1989.0,0,0,0,TE,TE,travis_mcneal,6.0,0.0,0.0
1990,SEA,Mike Tice,Mike,Tice,TE,87.0,31,79,253,Maryland,2/2/1959,9,5,2,0.0,,0,0,0,TE,TE,mike_tice,0.0,0.0,0.0
1990,SEA,Mike Tice,Mike,Tice,TE,87.0,31,79,253,Maryland,2/2/1959,9,5,2,0.0,,0,0,0,TE,TE,mike_tice,0.0,0.0,0.0
1990,SFO,Brent Jones,Brent,Jones,TE,84.0,27,76,230,Santa Clara,2/12/1963,3,16,16,7.0,1986.0,0,0,0,TE,TE,brent_jones,50.0,0.0,4.0
1990,SFO,Brent Jones,Brent,Jones,TE,84.0,27,76,230,Santa Clara,2/12/1963,3,16,16,7.0,1986.0,0,0,0,TE,TE,brent_jones,50.0,0.0,4.0
1990,SFO,Wesley Walls,Wesley,Walls,TE,89.0,24,77,240,Mississippi,2/26/1966,1,16,0,0.0,1989.0,0,0,0,TE,TE,wesley_walls,43.0,0.0,5.0
1990,SFO,Jamie Williams,Jamie,Williams,TE,81.0,30,76,240,Nebraska,2/25/1960,7,16,0,0.0,1983.0,0,0,0,TE,TE,jamie_williams,16.0,0.0,0.0
1990,SFO,Wesley Walls,Wesley,Walls,TE,89.0,24,77,240,Mississippi,2/26/1966,1,16,0,0.0,1989.0,0,0,0,TE,TE,wesley_walls,43.0,0.0,5.0
1990,SFO,Jamie Williams,Jamie,Williams,TE,81.0,30,76,240,Nebraska,2/25/1960,7,16,0,0.0,1983.0,0,0,0,TE,TE,jamie_williams,16.0,0.0,0.0
1990,TAM,Ron Hall,Ron,Hall,TE,82.0,26,76,245,"Cal Poly-Pomona,Hawaii",3/15/1964,3,16,16,4.0,1987.0,0,0,0,TE,TE,ron_hall,45.0,1.0,1.0
1990,TAM,Ron Hall,Ron,Hall,TE,82.0,26,76,245,"Cal Poly-Pomona,Hawaii",3/15/1964,3,16,16,4.0,1987.0,0,0,0,TE,TE,ron_hall,18.0,0.0,0.0
1990,TAM,Ron Hall,Ron,Hall,TE,82.0,26,76,245,"Cal Poly-Pomona,Hawaii",3/15/1964,3,16,16,4.0,1987.0,0,0,0,TE,TE,ron_hall,45.0,1.0,1.0
1990,TAM,Ron Hall,Ron,Hall,TE,82.0,26,76,245,"Cal Poly-Pomona,Hawaii",3/15/1964,3,16,16,4.0,1987.0,0,0,0,TE,TE,ron_hall,18.0,0.0,0.0
1990,TAM,Jesse Anderson,Jesse,Anderson,TE,89.0,24,74,245,Mississippi St.,7/26/1966,Rook,16,2,1.0,1990.0,0,0,0,TE,TE,jesse_anderson,2.0,0.0,0.0
1990,TAM,Jesse Anderson,Jesse,Anderson,TE,89.0,24,74,245,Mississippi St.,7/26/1966,Rook,16,2,1.0,1990.0,0,0,0,TE,TE,jesse_anderson,2.0,0.0,0.0
1990,TAM,Ed Thomas,Ed,Thomas,TE,86.0,24,75,240,Houston,5/4/1966,Rook,7,0,0.0,,0,0,0,TE,TE,ed_thomas,0.0,0.0,0.0
1990,TAM,Ed Thomas,Ed,Thomas,TE,86.0,24,75,240,Houston,5/4/1966,Rook,7,0,0.0,,0,0,0,TE,TE,ed_thomas,0.0,0.0,0.0
1990,WAS,Jimmie Johnson,Jimmie,Johnson,TE,88.0,24,74,252,Howard,10/6/1966,1,16,5,2.0,1989.0,0,0,0,TE,TE,jimmie_johnson,5.0,0.0,0.0
1990,WAS,Jimmie Johnson,Jimmie,Johnson,TE,88.0,24,74,252,Howard,10/6/1966,1,16,5,2.0,1989.0,0,0,0,TE,TE,jimmie_johnson,5.0,0.0,0.0
1990,WAS,Don Warren,Don,Warren,TE,85.0,34,76,242,San Diego St.,5/5/1956,11,16,15,1.0,1979.0,0,0,0,TE,TE,don_warren,22.0,0.0,0.0
1990,WAS,Don Warren,Don,Warren,TE,85.0,34,76,242,San Diego St.,5/5/1956,11,16,15,1.0,1979.0,0,0,0,TE,TE,don_warren,22.0,0.0,0.0
1990,WAS,John Brandes,John,Brandes,TE,82.0,26,74,249,Cameron,4/2/1964,3,16,0,0.0,,0,0,0,TE,TE,john_brandes,0.0,0.0,0.0
1990,WAS,Ron Middleton,Ron,Middleton,TE,87.0,25,74,262,Auburn,7/17/1965,4,16,5,0.0,,0,0,0,TE,TE,ron_middleton,0.0,0.0,0.0
1990,WAS,Terry Orr,Terry,Orr,TE,87.0,29,75,231,Texas,9/27/1961,4,2,0,0.0,1985.0,0,0,0,TE,TE,terry_orr,10.0,0.0,0.0
1990,WAS,Ken Whisenhunt,Ken,Whisenhunt,TE,48.0,28,75,237,Georgia Tech,2/28/1962,5,2,0,0.0,1985.0,0,0,0,TE,TE,ken_whisenhunt,3.0,0.0,0.0
1990,WAS,John Brandes,John,Brandes,TE,82.0,26,74,249,Cameron,4/2/1964,3,16,0,0.0,,0,0,0,TE,TE,john_brandes,0.0,0.0,0.0
1990,WAS,Ron Middleton,Ron,Middleton,TE,87.0,25,74,262,Auburn,7/17/1965,4,16,5,0.0,,0,0,0,TE,TE,ron_middleton,0.0,0.0,0.0
1990,WAS,Terry Orr,Terry,Orr,TE,87.0,29,75,231,Texas,9/27/1961,4,2,0,0.0,1985.0,0,0,0,TE,TE,terry_orr,10.0,0.0,0.0
1990,WAS,Ken Whisenhunt,Ken,Whisenhunt,TE,48.0,28,75,237,Georgia Tech,2/28/1962,5,2,0,0.0,1985.0,0,0,0,TE,TE,ken_whisenhunt,3.0,0.0,0.0
1991,ATL,Rich Bartlewski,Rich,Bartlewski,TE,46.0,24,77,250,Fresno St.,8/15/1967,1,1,0,0.0,,0,0,0,TE,TE,rich_bartlewski,0.0,0.0,0.0
1991,ATL,Harper LeBel,Harper,LeBel,TE,88.0,28,76,250,Colorado St.,7/14/1963,2,3,0,0.0,1985.0,0,0,0,TE,TE,harper_lebel,0.0,0.0,0.0
1991,ATL,Gary Wilkins,Gary,Wilkins,TE,87.0,28,73,235,Georgia Tech,11/23/1963,5,5,3,0.0,,0,0,0,TE,TE,gary_wilkins,0.0,0.0,0.0
1991,ATL,Rich Bartlewski,Rich,Bartlewski,TE,46.0,24,77,250,Fresno St.,8/15/1967,1,1,0,0.0,,0,0,0,TE,TE,rich_bartlewski,0.0,0.0,0.0
1991,ATL,Harper LeBel,Harper,LeBel,TE,88.0,28,76,250,Colorado St.,7/14/1963,2,3,0,0.0,1985.0,0,0,0,TE,TE,harper_lebel,0.0,0.0,0.0
1991,ATL,Gary Wilkins,Gary,Wilkins,TE,87.0,28,73,235,Georgia Tech,11/23/1963,5,5,3,0.0,,0,0,0,TE,TE,gary_wilkins,0.0,0.0,0.0
1991,BUF,Keith McKeller,Keith,McKeller,TE,84.0,27,78,240,Jacksonville St.,7/9/1964,4,16,14,5.0,1987.0,0,0,0,TE,TE,keith_mckeller,16.0,0.0,0.0
1991,BUF,Keith McKeller,Keith,McKeller,TE,84.0,27,78,240,Jacksonville St.,7/9/1964,4,16,14,5.0,1987.0,0,0,0,TE,TE,keith_mckeller,16.0,0.0,0.0
1991,BUF,Pete Metzelaars,Pete,Metzelaars,TE,88.0,31,79,254,Wabash,5/24/1960,9,16,1,1.0,1982.0,0,0,0,TE,TE,pete_metzelaars,28.0,0.0,0.0
1991,BUF,Pete Metzelaars,Pete,Metzelaars,TE,88.0,31,79,254,Wabash,5/24/1960,9,16,1,1.0,1982.0,0,0,0,TE,TE,pete_metzelaars,28.0,0.0,0.0
1991,BUF,Butch Rolle,Butch,Rolle,TE,87.0,27,75,242,Michigan St.,8/19/1964,5,16,0,0.0,1986.0,0,0,0,TE,TE,butch_rolle,2.0,0.0,0.0
1991,BUF,Butch Rolle,Butch,Rolle,TE,87.0,27,75,242,Michigan St.,8/19/1964,5,16,0,0.0,1986.0,0,0,0,TE,TE,butch_rolle,2.0,0.0,0.0
1991,CHI,James Thornton,James,Thornton,TE,80.0,26,74,242,Cal State-Fullerton,2/8/1965,3,16,13,3.0,1988.0,0,0,0,TE,TE,james_thornton,12.0,0.0,0.0
1991,CHI,James Thornton,James,Thornton,TE,80.0,26,74,242,Cal State-Fullerton,2/8/1965,3,16,13,3.0,1988.0,0,0,0,TE,TE,james_thornton,12.0,0.0,0.0
1991,CHI,Keith Jennings,Keith,Jennings,TE,85.0,25,76,262,Clemson,5/19/1966,2,10,3,1.0,1989.0,0,0,0,TE,TE,keith_jennings,7.0,0.0,0.0
1991,CHI,Keith Jennings,Keith,Jennings,TE,85.0,25,76,262,Clemson,5/19/1966,2,10,3,1.0,1989.0,0,0,0,TE,TE,keith_jennings,7.0,0.0,0.0
1991,CHI,Cap Boso,Cap,Boso,TE,86.0,28,76,232,Illinois,9/10/1963,5,6,1,0.0,1986.0,0,0,0,TE,TE,cap_boso,5.0,0.0,0.0
1991,CHI,Cap Boso,Cap,Boso,TE,86.0,28,76,232,Illinois,9/10/1963,5,6,1,0.0,1986.0,0,0,0,TE,TE,cap_boso,5.0,0.0,0.0
1991,CIN,Rodney Holman,Rodney,Holman,TE,82.0,31,75,238,Tulane,4/20/1960,9,16,15,3.0,1982.0,0,0,0,TE,TE,rodney_holman,40.0,0.0,3.0
1991,CIN,Rodney Holman,Rodney,Holman,TE,82.0,31,75,238,Tulane,4/20/1960,9,16,15,3.0,1982.0,0,0,0,TE,TE,rodney_holman,40.0,0.0,3.0
1991,CIN,Eric Kattus,Eric,Kattus,TE,84.0,28,77,240,Michigan,3/4/1963,5,16,2,1.0,1986.0,0,0,0,TE,TE,eric_kattus,6.0,0.0,0.0
1991,CIN,Eric Kattus,Eric,Kattus,TE,84.0,28,77,240,Michigan,3/4/1963,5,16,2,1.0,1986.0,0,0,0,TE,TE,eric_kattus,6.0,0.0,0.0
1991,CIN,Jim Riggs,Jim,Riggs,TE,87.0,28,77,245,Clemson,9/29/1963,4,16,1,0.0,1987.0,0,0,0,TE,TE,jim_riggs,3.0,0.0,0.0
1991,CIN,Jim Riggs,Jim,Riggs,TE,87.0,28,77,245,Clemson,9/29/1963,4,16,1,0.0,1987.0,0,0,0,TE,TE,jim_riggs,3.0,0.0,0.0
1991,CLE,Scott Galbraith,Scott,Galbraith,TE,81.0,24,74,258,USC,1/7/1967,1,16,13,3.0,1990.0,0,0,0,TE,TE,scott_galbraith,6.0,0.0,0.0
1991,CLE,Scott Galbraith,Scott,Galbraith,TE,81.0,24,74,258,USC,1/7/1967,1,16,13,3.0,1990.0,0,0,0,TE,TE,scott_galbraith,6.0,0.0,0.0
1991,CLE,Arthur Cox,Arthur,Cox,TE,83.0,30,75,262,Texas Southern,2/5/1961,8,3,0,0.0,,0,0,0,TE,TE,arthur_cox,0.0,0.0,0.0
1991,CLE,Darryl Ingram,Darryl,Ingram,TE,83.0,25,75,240,California,5/2/1966,2,2,0,0.0,1989.0,0,0,0,TE,TE,darryl_ingram,0.0,0.0,0.0
1991,CLE,Brian Kinchen,Brian,Kinchen,TE,48.0,26,74,240,LSU,8/6/1965,3,14,0,0.0,1988.0,0,0,0,TE,TE,brian_kinchen,15.0,0.0,0.0
1991,CLE,Bruce McGonnigal,Bruce,McGonnigal,TE,49.0,23,76,229,Virginia,5/1/1968,Rook,2,0,0.0,1991.0,0,0,0,TE,TE,bruce_mcgonnigal,0.0,0.0,0.0
1991,CLE,Arthur Cox,Arthur,Cox,TE,83.0,30,75,262,Texas Southern,2/5/1961,8,3,0,0.0,,0,0,0,TE,TE,arthur_cox,0.0,0.0,0.0
1991,CLE,Darryl Ingram,Darryl,Ingram,TE,83.0,25,75,240,California,5/2/1966,2,2,0,0.0,1989.0,0,0,0,TE,TE,darryl_ingram,0.0,0.0,0.0
1991,CLE,Brian Kinchen,Brian,Kinchen,TE,48.0,26,74,240,LSU,8/6/1965,3,14,0,0.0,1988.0,0,0,0,TE,TE,brian_kinchen,15.0,0.0,0.0
1991,CLE,Bruce McGonnigal,Bruce,McGonnigal,TE,49.0,23,76,229,Virginia,5/1/1968,Rook,2,0,0.0,1991.0,0,0,0,TE,TE,bruce_mcgonnigal,0.0,0.0,0.0
1991,CLT,Bob Mrosko,Bob,Mrosko,TE,88.0,26,78,265,Penn St.,11/13/1965,2,11,4,1.0,1989.0,0,0,0,TE,TE,bob_mrosko,1.0,0.0,0.0
1991,CLT,Bob Mrosko,Bob,Mrosko,TE,88.0,26,78,265,Penn St.,11/13/1965,2,11,4,1.0,1989.0,0,0,0,TE,TE,bob_mrosko,1.0,0.0,0.0
1991,CLT,Pat Beach,Pat,Beach,TE,81.0,32,76,247,Washington St.,12/28/1959,9,12,10,0.0,1982.0,0,0,0,TE,TE,pat_beach,13.0,0.0,0.0
1991,CLT,Kerry Cash,Kerry,Cash,TE,88.0,22,76,245,Texas,8/7/1969,Rook,4,2,0.0,1991.0,0,0,0,TE,TE,kerry_cash,9.0,0.0,0.0
1991,CLT,James Coley,James,Coley,TE,87.0,24,75,270,Clemson,4/13/1967,1,7,4,0.0,,0,0,0,TE,TE,james_coley,0.0,0.0,0.0
1991,CLT,Pat Beach,Pat,Beach,TE,81.0,32,76,247,Washington St.,12/28/1959,9,12,10,0.0,1982.0,0,0,0,TE,TE,pat_beach,13.0,0.0,0.0
1991,CLT,Kerry Cash,Kerry,Cash,TE,88.0,22,76,245,Texas,8/7/1969,Rook,4,2,0.0,1991.0,0,0,0,TE,TE,kerry_cash,9.0,0.0,0.0
1991,CLT,James Coley,James,Coley,TE,87.0,24,75,270,Clemson,4/13/1967,1,7,4,0.0,,0,0,0,TE,TE,james_coley,0.0,0.0,0.0
1991,CRD,Tim Jorden,Tim,Jorden,TE,85.0,25,75,235,Indiana,10/30/1966,1,16,9,1.0,,0,0,0,TE,TE,tim_jorden,0.0,0.0,0.0
1991,CRD,Tim Jorden,Tim,Jorden,TE,85.0,25,75,235,Indiana,10/30/1966,1,16,9,1.0,,0,0,0,TE,TE,tim_jorden,0.0,0.0,0.0
1991,CRD,Walter Reeves,Walter,Reeves,TE,89.0,26,76,270,Auburn,12/16/1965,2,15,13,0.0,1989.0,0,0,0,TE,TE,walter_reeves,3.0,0.0,0.0
1991,CRD,Walter Reeves,Walter,Reeves,TE,89.0,26,76,270,Auburn,12/16/1965,2,15,13,0.0,1989.0,0,0,0,TE,TE,walter_reeves,3.0,0.0,0.0
1991,DAL,Jay Novacek,Jay,Novacek,TE,84.0,29,76,234,Wyoming,10/24/1962,6,16,12,8.0,1985.0,0,0,0,TE,TE,jay_novacek,44.0,1.0,5.0
1991,DAL,Jay Novacek,Jay,Novacek,TE,84.0,29,76,234,Wyoming,10/24/1962,6,16,12,8.0,1985.0,0,0,0,TE,TE,jay_novacek,44.0,1.0,5.0
1991,DAL,Alfredo Roberts,Alfredo,Roberts,TE,87.0,26,75,250,Miami (FL),3/1/1965,3,16,10,2.0,1988.0,0,0,0,TE,TE,alfredo_roberts,5.0,0.0,0.0
1991,DAL,Alfredo Roberts,Alfredo,Roberts,TE,87.0,26,75,250,Miami (FL),3/1/1965,3,16,10,2.0,1988.0,0,0,0,TE,TE,alfredo_roberts,5.0,0.0,0.0
1991,DAL,Robert Awalt,Robert,Awalt,TE,89.0,27,77,258,"Nevada,Sacramento CC,San Diego St.",4/9/1964,4,12,2,1.0,1987.0,0,0,0,TE,TE,robert_awalt,13.0,0.0,0.0
1991,DAL,Robert Awalt,Robert,Awalt,TE,89.0,27,77,258,"Nevada,Sacramento CC,San Diego St.",4/9/1964,4,12,2,1.0,1987.0,0,0,0,TE,TE,robert_awalt,13.0,0.0,0.0
1991,DEN,Shannon Sharpe,Shannon,Sharpe,TE,81.0,23,74,228,Savannah St.,6/26/1968,1,16,9,3.0,1990.0,0,0,0,TE,TE,shannon_sharpe,82.0,4.0,8.0
1991,DEN,Shannon Sharpe,Shannon,Sharpe,TE,81.0,23,74,228,Savannah St.,6/26/1968,1,16,9,3.0,1990.0,0,0,0,TE,TE,shannon_sharpe,82.0,4.0,8.0
1991,DEN,Reggie Johnson,Reggie,Johnson,TE,89.0,23,74,256,Florida St.,1/27/1968,Rook,16,3,1.0,1991.0,0,0,0,TE,TE,reggie_johnson,8.0,0.0,0.0
1991,DEN,Reggie Johnson,Reggie,Johnson,TE,89.0,23,74,256,Florida St.,1/27/1968,Rook,16,3,1.0,1991.0,0,0,0,TE,TE,reggie_johnson,0.0,0.0,0.0
1991,DEN,Clarence Kay,Clarence,Kay,TE,88.0,30,74,237,Georgia,7/30/1961,7,16,16,1.0,1984.0,0,0,0,TE,TE,clarence_kay,17.0,0.0,0.0
1991,DEN,Reggie Johnson,Reggie,Johnson,TE,89.0,23,74,256,Florida St.,1/27/1968,Rook,16,3,1.0,1991.0,0,0,0,TE,TE,reggie_johnson,8.0,0.0,0.0
1991,DEN,Reggie Johnson,Reggie,Johnson,TE,89.0,23,74,256,Florida St.,1/27/1968,Rook,16,3,1.0,1991.0,0,0,0,TE,TE,reggie_johnson,0.0,0.0,0.0
1991,DEN,Clarence Kay,Clarence,Kay,TE,88.0,30,74,237,Georgia,7/30/1961,7,16,16,1.0,1984.0,0,0,0,TE,TE,clarence_kay,17.0,0.0,0.0
1991,DEN,Ronnie Haliburton,Ronnie,Haliburton,TE,93.0,23,76,230,LSU,4/14/1968,1,8,0,0.0,1990.0,0,0,0,TE,TE,ronnie_haliburton,0.0,0.0,0.0
1991,DEN,Ronnie Haliburton,Ronnie,Haliburton,TE,93.0,23,76,230,LSU,4/14/1968,1,8,0,0.0,1990.0,0,0,0,TE,TE,ronnie_haliburton,0.0,0.0,0.0
1991,DET,Dave Little,Dave,Little,TE,89.0,30,74,233,Middle Tenn. St.,4/18/1961,7,2,0,0.0,,0,0,0,TE,TE,dave_little,0.0,0.0,0.0
1991,DET,Eugene Riley,Eugene,Riley,TE,89.0,25,74,236,Ball St.,10/9/1966,1,5,1,0.0,,0,0,0,TE,TE,eugene_riley,0.0,0.0,0.0
1991,DET,Derek Tennell,Derek,Tennell,TE,46.0,27,77,245,UCLA,2/12/1964,4,15,2,0.0,1987.0,0,0,0,TE,TE,derek_tennell,3.0,0.0,0.0
1991,DET,Dave Little,Dave,Little,TE,89.0,30,74,233,Middle Tenn. St.,4/18/1961,7,2,0,0.0,,0,0,0,TE,TE,dave_little,0.0,0.0,0.0
1991,DET,Eugene Riley,Eugene,Riley,TE,89.0,25,74,236,Ball St.,10/9/1966,1,5,1,0.0,,0,0,0,TE,TE,eugene_riley,0.0,0.0,0.0
1991,DET,Derek Tennell,Derek,Tennell,TE,46.0,27,77,245,UCLA,2/12/1964,4,15,2,0.0,1987.0,0,0,0,TE,TE,derek_tennell,3.0,0.0,0.0
1991,GNB,Jackie Harris,Jackie,Harris,TE,80.0,23,76,244,La-Monroe,1/4/1968,1,16,6,2.0,1990.0,0,0,0,TE,TE,jackie_harris,33.0,0.0,0.0
1991,GNB,Jackie Harris,Jackie,Harris,TE,80.0,23,76,244,La-Monroe,1/4/1968,1,16,6,2.0,1990.0,0,0,0,TE,TE,jackie_harris,33.0,0.0,0.0
1991,GNB,Ed West,Ed,West,TE,86.0,30,73,250,Auburn,8/2/1961,7,16,16,1.0,,0,0,0,TE,TE,ed_west,0.0,0.0,0.0
1991,GNB,Ed West,Ed,West,TE,86.0,30,73,250,Auburn,8/2/1961,7,16,16,1.0,,0,0,0,TE,TE,ed_west,0.0,0.0,0.0
1991,KAN,Jonathan Hayes,Jonathan,Hayes,TE,85.0,29,77,248,Iowa,8/11/1962,6,16,16,3.0,1985.0,0,0,0,TE,TE,jonathan_hayes,15.0,0.0,0.0
1991,KAN,Jonathan Hayes,Jonathan,Hayes,TE,85.0,29,77,248,Iowa,8/11/1962,6,16,16,3.0,1985.0,0,0,0,TE,TE,jonathan_hayes,15.0,0.0,0.0
1991,KAN,Pete Holohan,Pete,Holohan,TE,89.0,32,76,237,Notre Dame,7/25/1959,10,16,3,1.0,1981.0,0,0,0,TE,TE,pete_holohan,29.0,0.0,0.0
1991,KAN,Pete Holohan,Pete,Holohan,TE,89.0,32,76,237,Notre Dame,7/25/1959,10,16,3,1.0,1981.0,0,0,0,TE,TE,pete_holohan,29.0,0.0,0.0
1991,KAN,Troy Sadowski,Troy,Sadowski,TE,87.0,26,77,255,Georgia,12/8/1965,1,14,1,0.0,1989.0,0,0,0,TE,TE,troy_sadowski,0.0,0.0,0.0
1991,KAN,Troy Sadowski,Troy,Sadowski,TE,87.0,26,77,255,Georgia,12/8/1965,1,14,1,0.0,1989.0,0,0,0,TE,TE,troy_sadowski,0.0,0.0,0.0
1991,MIA,Greg Baty,Greg,Baty,TE,84.0,27,77,241,Stanford,8/28/1964,5,16,8,3.0,1986.0,0,0,0,TE,TE,greg_baty,8.0,0.0,0.0
1991,MIA,Greg Baty,Greg,Baty,TE,84.0,27,77,241,Stanford,8/28/1964,5,16,8,3.0,1986.0,0,0,0,TE,TE,greg_baty,8.0,0.0,0.0
1991,MIA,Ferrell Edmunds,Ferrell,Edmunds,TE,80.0,26,78,254,Maryland,4/16/1965,3,8,6,1.0,1988.0,0,0,0,TE,TE,ferrell_edmunds,15.0,0.0,2.0
1991,MIA,Ferrell Edmunds,Ferrell,Edmunds,TE,80.0,26,78,254,Maryland,4/16/1965,3,8,6,1.0,1988.0,0,0,0,TE,TE,ferrell_edmunds,15.0,0.0,2.0
1991,MIA,Arthur Cox,Arthur,Cox,TE,88.0,30,75,262,Texas Southern,2/5/1961,8,2,0,0.0,,0,0,0,TE,TE,arthur_cox,0.0,0.0,0.0
1991,MIA,Charles Henry,Charles,Henry,TE,87.0,27,76,230,Miami (FL),4/18/1964,Rook,6,2,0.0,,0,0,0,TE,TE,charles_henry,0.0,0.0,0.0
1991,MIA,Arthur Cox,Arthur,Cox,TE,88.0,30,75,262,Texas Southern,2/5/1961,8,2,0,0.0,,0,0,0,TE,TE,arthur_cox,0.0,0.0,0.0
1991,MIA,Charles Henry,Charles,Henry,TE,87.0,27,76,230,Miami (FL),4/18/1964,Rook,6,2,0.0,,0,0,0,TE,TE,charles_henry,0.0,0.0,0.0
1991,MIN,Steve Jordan,Steve,Jordan,TE,83.0,30,75,236,Brown,1/10/1961,9,16,16,7.0,1982.0,0,0,0,TE,TE,steve_jordan,48.0,0.0,6.0
1991,MIN,Steve Jordan,Steve,Jordan,TE,83.0,30,75,236,Brown,1/10/1961,9,16,16,7.0,1982.0,0,0,0,TE,TE,steve_jordan,48.0,0.0,6.0
1991,MIN,Mike Jones,Mike,Jones,TE,82.0,25,75,255,"Michigan,Texas A&M",11/10/1966,1,16,0,0.0,1990.0,0,0,0,TE,TE,mike_jones,0.0,0.0,0.0
1991,MIN,Mike Jones,Mike,Jones,TE,82.0,25,75,255,"Michigan,Texas A&M",11/10/1966,1,16,0,0.0,1990.0,0,0,0,TE,TE,mike_jones,0.0,0.0,0.0
1991,MIN,Mike Jones,Mike,Jones,TE,82.0,25,75,255,"Michigan,Texas A&M",11/10/1966,1,16,0,0.0,1990.0,0,0,0,TE,TE,mike_jones,22.0,0.0,0.0
1991,MIN,Mike Jones,Mike,Jones,TE,82.0,25,75,255,"Michigan,Texas A&M",11/10/1966,1,16,0,0.0,1990.0,0,0,0,TE,TE,mike_jones,0.0,0.0,0.0
1991,MIN,Mike Jones,Mike,Jones,TE,82.0,25,75,255,"Michigan,Texas A&M",11/10/1966,1,16,0,0.0,1990.0,0,0,0,TE,TE,mike_jones,0.0,0.0,0.0
1991,MIN,Mike Jones,Mike,Jones,TE,82.0,25,75,255,"Michigan,Texas A&M",11/10/1966,1,16,0,0.0,1990.0,0,0,0,TE,TE,mike_jones,0.0,0.0,0.0
1991,MIN,Mike Jones,Mike,Jones,TE,82.0,25,75,255,"Michigan,Texas A&M",11/10/1966,1,16,0,0.0,1990.0,0,0,0,TE,TE,mike_jones,36.0,0.0,0.0
1991,MIN,Mike Jones,Mike,Jones,TE,82.0,25,75,255,"Michigan,Texas A&M",11/10/1966,1,16,0,0.0,1990.0,0,0,0,TE,TE,mike_jones,0.0,0.0,0.0
1991,MIN,Brent Novoselsky,Brent,Novoselsky,TE,85.0,25,74,232,Pennsylvania,1/8/1966,3,16,0,0.0,,0,0,0,TE,TE,brent_novoselsky,0.0,0.0,0.0
1991,MIN,Mike Jones,Mike,Jones,TE,82.0,25,75,255,"Michigan,Texas A&M",11/10/1966,1,16,0,0.0,1990.0,0,0,0,TE,TE,mike_jones,0.0,0.0,0.0
1991,MIN,Mike Jones,Mike,Jones,TE,82.0,25,75,255,"Michigan,Texas A&M",11/10/1966,1,16,0,0.0,1990.0,0,0,0,TE,TE,mike_jones,0.0,0.0,0.0
1991,MIN,Mike Jones,Mike,Jones,TE,82.0,25,75,255,"Michigan,Texas A&M",11/10/1966,1,16,0,0.0,1990.0,0,0,0,TE,TE,mike_jones,22.0,0.0,0.0
1991,MIN,Mike Jones,Mike,Jones,TE,82.0,25,75,255,"Michigan,Texas A&M",11/10/1966,1,16,0,0.0,1990.0,0,0,0,TE,TE,mike_jones,0.0,0.0,0.0
1991,MIN,Mike Jones,Mike,Jones,TE,82.0,25,75,255,"Michigan,Texas A&M",11/10/1966,1,16,0,0.0,1990.0,0,0,0,TE,TE,mike_jones,0.0,0.0,0.0
1991,MIN,Mike Jones,Mike,Jones,TE,82.0,25,75,255,"Michigan,Texas A&M",11/10/1966,1,16,0,0.0,1990.0,0,0,0,TE,TE,mike_jones,0.0,0.0,0.0
1991,MIN,Mike Jones,Mike,Jones,TE,82.0,25,75,255,"Michigan,Texas A&M",11/10/1966,1,16,0,0.0,1990.0,0,0,0,TE,TE,mike_jones,36.0,0.0,0.0
1991,MIN,Mike Jones,Mike,Jones,TE,82.0,25,75,255,"Michigan,Texas A&M",11/10/1966,1,16,0,0.0,1990.0,0,0,0,TE,TE,mike_jones,0.0,0.0,0.0
1991,MIN,Brent Novoselsky,Brent,Novoselsky,TE,85.0,25,74,232,Pennsylvania,1/8/1966,3,16,0,0.0,,0,0,0,TE,TE,brent_novoselsky,0.0,0.0,0.0
1991,NOR,Hoby Brenner,Hoby,Brenner,TE,85.0,32,76,240,USC,6/2/1959,10,16,16,2.0,1981.0,0,0,0,TE,TE,hoby_brenner,31.0,0.0,1.0
1991,NOR,John Tice,John,Tice,TE,82.0,31,77,242,Maryland,6/22/1960,8,15,7,2.0,1983.0,0,0,0,TE,TE,john_tice,12.0,0.0,0.0
1991,NOR,Hoby Brenner,Hoby,Brenner,TE,85.0,32,76,240,USC,6/2/1959,10,16,16,2.0,1981.0,0,0,0,TE,TE,hoby_brenner,31.0,0.0,1.0
1991,NOR,John Tice,John,Tice,TE,82.0,31,77,242,Maryland,6/22/1960,8,15,7,2.0,1983.0,0,0,0,TE,TE,john_tice,12.0,0.0,0.0
1991,NOR,Greg Scales,Greg,Scales,TE,83.0,25,76,253,Wake Forest,5/9/1966,3,2,1,0.0,1988.0,0,0,0,TE,TE,greg_scales,2.0,0.0,0.0
1991,NOR,Frank Wainright,Frank,Wainright,TE,87.0,24,74,255,Northern Colorado,10/10/1967,Rook,14,2,0.0,1991.0,0,0,0,TE,TE,frank_wainright,2.0,0.0,0.0
1991,NOR,Greg Scales,Greg,Scales,TE,83.0,25,76,253,Wake Forest,5/9/1966,3,2,1,0.0,1988.0,0,0,0,TE,TE,greg_scales,2.0,0.0,0.0
1991,NOR,Frank Wainright,Frank,Wainright,TE,87.0,24,74,255,Northern Colorado,10/10/1967,Rook,14,2,0.0,1991.0,0,0,0,TE,TE,frank_wainright,2.0,0.0,0.0
1991,NWE,Marv Cook,Marv,Cook,TE,85.0,25,76,234,Iowa,2/24/1966,2,16,16,5.0,1989.0,0,0,0,TE,TE,marv_cook,13.0,1.0,2.0
1991,NWE,Marv Cook,Marv,Cook,TE,85.0,25,76,234,Iowa,2/24/1966,2,16,16,5.0,1989.0,0,0,0,TE,TE,marv_cook,13.0,1.0,2.0
1991,NWE,Ben Coates,Ben,Coates,TE,87.0,22,77,245,Livingstone,8/16/1969,Rook,16,2,1.0,1991.0,0,0,0,TE,TE,ben_coates,43.0,2.0,5.0
1991,NWE,Ben Coates,Ben,Coates,TE,87.0,22,77,245,Livingstone,8/16/1969,Rook,16,2,1.0,1991.0,0,0,0,TE,TE,ben_coates,43.0,2.0,5.0
1991,NYG,Howard Cross,Howard,Cross,TE,87.0,24,77,270,Alabama,8/8/1967,2,16,16,3.0,1989.0,0,0,0,TE,TE,howard_cross,17.0,0.0,0.0
1991,NYG,Howard Cross,Howard,Cross,TE,87.0,24,77,270,Alabama,8/8/1967,2,16,16,3.0,1989.0,0,0,0,TE,TE,howard_cross,17.0,0.0,0.0
1991,NYG,Zeke Mowatt,Zeke,Mowatt,TE,84.0,30,75,238,Florida St.,3/5/1961,8,16,8,1.0,,0,0,0,TE,TE,zeke_mowatt,0.0,0.0,0.0
1991,NYG,Zeke Mowatt,Zeke,Mowatt,TE,84.0,30,75,238,Florida St.,3/5/1961,8,16,8,1.0,,0,0,0,TE,TE,zeke_mowatt,0.0,0.0,0.0
1991,NYJ,Mark Boyer,Mark,Boyer,TE,80.0,29,76,233,USC,9/16/1962,6,11,10,1.0,1985.0,0,0,0,TE,TE,mark_boyer,13.0,0.0,0.0
1991,NYJ,Chris Dressel,Chris,Dressel,TE,84.0,30,76,238,Stanford,2/7/1961,8,15,6,1.0,1983.0,0,0,0,TE,TE,chris_dressel,8.0,0.0,0.0
1991,NYJ,Mark Boyer,Mark,Boyer,TE,80.0,29,76,233,USC,9/16/1962,6,11,10,1.0,1985.0,0,0,0,TE,TE,mark_boyer,13.0,0.0,0.0
1991,NYJ,Chris Dressel,Chris,Dressel,TE,84.0,30,76,238,Stanford,2/7/1961,8,15,6,1.0,1983.0,0,0,0,TE,TE,chris_dressel,8.0,0.0,0.0
1991,NYJ,Pat Kelly,Pat,Kelly,TE,82.0,26,78,252,Syracuse,10/29/1965,3,8,0,0.0,1988.0,0,0,0,TE,TE,pat_kelly,0.0,0.0,0.0
1991,NYJ,Pat Kelly,Pat,Kelly,TE,82.0,26,78,252,Syracuse,10/29/1965,3,8,0,0.0,1988.0,0,0,0,TE,TE,pat_kelly,0.0,0.0,0.0
1991,NYJ,Ken Whisenhunt,Ken,Whisenhunt,TE,86.0,29,75,237,Georgia Tech,2/28/1962,6,7,2,0.0,1985.0,0,0,0,TE,TE,ken_whisenhunt,3.0,0.0,0.0
1991,NYJ,Pat Kelly,Pat,Kelly,TE,82.0,26,78,252,Syracuse,10/29/1965,3,8,0,0.0,1988.0,0,0,0,TE,TE,pat_kelly,0.0,0.0,0.0
1991,NYJ,Pat Kelly,Pat,Kelly,TE,82.0,26,78,252,Syracuse,10/29/1965,3,8,0,0.0,1988.0,0,0,0,TE,TE,pat_kelly,0.0,0.0,0.0
1991,NYJ,Ken Whisenhunt,Ken,Whisenhunt,TE,86.0,29,75,237,Georgia Tech,2/28/1962,6,7,2,0.0,1985.0,0,0,0,TE,TE,ken_whisenhunt,3.0,0.0,0.0
1991,PHI,Keith Jackson,Keith,Jackson,TE,88.0,26,74,250,Oklahoma,4/19/1965,3,16,16,5.0,1988.0,0,0,0,TE,TE,keith_jackson,43.0,3.0,5.0
1991,PHI,Keith Jackson,Keith,Jackson,TE,88.0,26,74,250,Oklahoma,4/19/1965,3,16,16,5.0,1988.0,0,0,0,TE,TE,keith_jackson,0.0,0.0,0.0
1991,PHI,Keith Jackson,Keith,Jackson,TE,88.0,26,74,250,Oklahoma,4/19/1965,3,16,16,5.0,1988.0,0,0,0,TE,TE,keith_jackson,43.0,3.0,5.0
1991,PHI,Keith Jackson,Keith,Jackson,TE,88.0,26,74,250,Oklahoma,4/19/1965,3,16,16,5.0,1988.0,0,0,0,TE,TE,keith_jackson,0.0,0.0,0.0
1991,PHI,Maurice Johnson,Maurice,Johnson,TE,87.0,24,74,242,Temple,1/9/1967,1,12,6,1.0,,0,0,0,TE,TE,maurice_johnson,0.0,0.0,0.0
1991,PHI,Mickey Shuler,Mickey,Shuler,TE,85.0,35,75,232,Penn St.,8/21/1956,13,4,0,1.0,1978.0,0,0,0,TE,TE,mickey_shuler,42.0,0.0,2.0
1991,PHI,Mickey Shuler,Mickey,Shuler,TE,85.0,35,75,232,Penn St.,8/21/1956,13,4,0,1.0,1978.0,0,0,0,TE,TE,mickey_shuler,0.0,0.0,0.0
1991,PHI,Maurice Johnson,Maurice,Johnson,TE,87.0,24,74,242,Temple,1/9/1967,1,12,6,1.0,,0,0,0,TE,TE,maurice_johnson,0.0,0.0,0.0
1991,PHI,Mickey Shuler,Mickey,Shuler,TE,85.0,35,75,232,Penn St.,8/21/1956,13,4,0,1.0,1978.0,0,0,0,TE,TE,mickey_shuler,42.0,0.0,2.0
1991,PHI,Mickey Shuler,Mickey,Shuler,TE,85.0,35,75,232,Penn St.,8/21/1956,13,4,0,1.0,1978.0,0,0,0,TE,TE,mickey_shuler,0.0,0.0,0.0
1991,PIT,Eric Green,Eric,Green,TE,86.0,24,77,280,Liberty,6/22/1967,1,11,11,5.0,1990.0,0,0,0,TE,TE,eric_green,32.0,0.0,2.0
1991,PIT,Eric Green,Eric,Green,TE,86.0,24,77,280,Liberty,6/22/1967,1,11,11,5.0,1990.0,0,0,0,TE,TE,eric_green,12.0,0.0,0.0
1991,PIT,Eric Green,Eric,Green,TE,86.0,24,77,280,Liberty,6/22/1967,1,11,11,5.0,1990.0,0,0,0,TE,TE,eric_green,32.0,0.0,2.0
1991,PIT,Eric Green,Eric,Green,TE,86.0,24,77,280,Liberty,6/22/1967,1,11,11,5.0,1990.0,0,0,0,TE,TE,eric_green,12.0,0.0,0.0
1991,PIT,Keith Cash,Keith,Cash,TE,85.0,22,76,242,Texas,8/7/1969,Rook,5,2,1.0,1991.0,0,0,0,TE,TE,keith_cash,11.0,0.0,0.0
1991,PIT,Adrian Cooper,Adrian,Cooper,TE,87.0,23,77,255,Oklahoma,4/27/1968,Rook,16,8,1.0,1991.0,0,0,0,TE,TE,adrian_cooper,8.0,0.0,0.0
1991,PIT,Mike Mularkey,Mike,Mularkey,TE,84.0,30,76,245,Florida,11/19/1961,8,9,6,1.0,1983.0,0,0,0,TE,TE,mike_mularkey,11.0,0.0,0.0
1991,PIT,Keith Cash,Keith,Cash,TE,85.0,22,76,242,Texas,8/7/1969,Rook,5,2,1.0,1991.0,0,0,0,TE,TE,keith_cash,11.0,0.0,0.0
1991,PIT,Adrian Cooper,Adrian,Cooper,TE,87.0,23,77,255,Oklahoma,4/27/1968,Rook,16,8,1.0,1991.0,0,0,0,TE,TE,adrian_cooper,8.0,0.0,0.0
1991,PIT,Mike Mularkey,Mike,Mularkey,TE,84.0,30,76,245,Florida,11/19/1961,8,9,6,1.0,1983.0,0,0,0,TE,TE,mike_mularkey,11.0,0.0,0.0
1991,RAI,Ethan Horton,Ethan,Horton,TE,88.0,29,76,235,North Carolina,12/19/1962,6,16,16,7.0,1985.0,0,0,0,TE,TE,ethan_horton,22.0,0.0,1.0
1991,RAI,Ethan Horton,Ethan,Horton,TE,88.0,29,76,235,North Carolina,12/19/1962,6,16,16,7.0,1985.0,0,0,0,TE,TE,ethan_horton,22.0,0.0,1.0
1991,RAI,Andrew Glover,Andrew,Glover,TE,87.0,24,78,250,Grambling St.,8/12/1967,Rook,16,1,0.0,1991.0,0,0,0,TE,TE,andrew_glover,22.0,0.0,0.0
1991,RAI,Andrew Glover,Andrew,Glover,TE,87.0,24,78,250,Grambling St.,8/12/1967,Rook,16,1,0.0,1991.0,0,0,0,TE,TE,andrew_glover,22.0,0.0,0.0
1991,RAM,Jim Price,Jim,Price,TE,87.0,25,76,247,Stanford,10/2/1966,1,12,6,3.0,,0,0,0,TE,TE,jim_price,6.0,0.0,0.0
1991,RAM,Jim Price,Jim,Price,TE,87.0,25,76,247,Stanford,10/2/1966,1,12,6,3.0,,0,0,0,TE,TE,jim_price,0.0,0.0,0.0
1991,RAM,Jim Price,Jim,Price,TE,87.0,25,76,247,Stanford,10/2/1966,1,12,6,3.0,,0,0,0,TE,TE,jim_price,6.0,0.0,0.0
1991,RAM,Jim Price,Jim,Price,TE,87.0,25,76,247,Stanford,10/2/1966,1,12,6,3.0,,0,0,0,TE,TE,jim_price,0.0,0.0,0.0
1991,RAM,Damone Johnson,Damone,Johnson,TE,86.0,29,76,230,Cal Poly-San Luis Obispo,3/2/1962,5,16,16,2.0,1985.0,0,0,0,TE,TE,damone_johnson,8.0,0.0,0.0
1991,RAM,Damone Johnson,Damone,Johnson,TE,86.0,29,76,230,Cal Poly-San Luis Obispo,3/2/1962,5,16,16,2.0,1985.0,0,0,0,TE,TE,damone_johnson,8.0,0.0,0.0
1991,RAM,Pat Carter,Pat,Carter,TE,88.0,25,76,256,Florida St.,8/1/1966,3,16,5,1.0,1988.0,0,0,0,TE,TE,pat_carter,9.0,0.0,0.0
1991,RAM,Pat Carter,Pat,Carter,TE,88.0,25,76,256,Florida St.,8/1/1966,3,16,5,1.0,1988.0,0,0,0,TE,TE,pat_carter,9.0,0.0,0.0
1991,SDG,Craig McEwen,Craig,McEwen,TE,31.0,26,73,220,Utah,12/16/1965,4,16,6,4.0,,0,0,0,TE,TE,craig_mcewen,0.0,0.0,0.0
1991,SDG,Craig McEwen,Craig,McEwen,TE,31.0,26,73,220,Utah,12/16/1965,4,16,6,4.0,,0,0,0,TE,TE,craig_mcewen,0.0,0.0,0.0
1991,SDG,Steve Hendrickson,Steve,Hendrickson,TE,34.0,25,72,250,California,8/30/1966,2,15,4,3.0,1989.0,0,0,0,TE,TE,steve_hendrickson,14.0,0.0,0.0
1991,SDG,Steve Hendrickson,Steve,Hendrickson,TE,34.0,25,72,250,California,8/30/1966,2,15,4,3.0,1989.0,0,0,0,TE,TE,steve_hendrickson,14.0,0.0,0.0
1991,SDG,Arthur Cox,Arthur,Cox,TE,88.0,30,75,262,Texas Southern,2/5/1961,8,8,8,1.0,,0,0,0,TE,TE,arthur_cox,0.0,0.0,0.0
1991,SDG,Derrick Walker,Derrick,Walker,TE,89.0,24,72,246,Michigan,6/23/1967,1,16,16,1.0,1990.0,0,0,0,TE,TE,derrick_walker,16.0,0.0,0.0
1991,SDG,Arthur Cox,Arthur,Cox,TE,88.0,30,75,262,Texas Southern,2/5/1961,8,8,8,1.0,,0,0,0,TE,TE,arthur_cox,0.0,0.0,0.0
1991,SDG,Derrick Walker,Derrick,Walker,TE,89.0,24,72,246,Michigan,6/23/1967,1,16,16,1.0,1990.0,0,0,0,TE,TE,derrick_walker,16.0,0.0,0.0
1991,SDG,Mark Walczak,Mark,Walczak,TE,88.0,29,78,246,Arizona,4/26/1962,4,1,0,0.0,,0,0,0,TE,TE,mark_walczak,0.0,0.0,0.0
1991,SDG,Duane Young,Duane,Young,TE,87.0,23,75,270,Michigan St.,5/29/1968,Rook,7,5,0.0,1991.0,0,0,0,TE,TE,duane_young,3.0,0.0,0.0
1991,SDG,Mark Walczak,Mark,Walczak,TE,88.0,29,78,246,Arizona,4/26/1962,4,1,0,0.0,,0,0,0,TE,TE,mark_walczak,0.0,0.0,0.0
1991,SDG,Duane Young,Duane,Young,TE,87.0,23,75,270,Michigan St.,5/29/1968,Rook,7,5,0.0,1991.0,0,0,0,TE,TE,duane_young,3.0,0.0,0.0
1991,SEA,Travis McNeal,Travis,McNeal,TE,86.0,24,75,248,Chattanooga,1/10/1967,2,16,4,2.0,1989.0,0,0,0,TE,TE,travis_mcneal,6.0,0.0,0.0
1991,SEA,Travis McNeal,Travis,McNeal,TE,86.0,24,75,248,Chattanooga,1/10/1967,2,16,4,2.0,1989.0,0,0,0,TE,TE,travis_mcneal,6.0,0.0,0.0
1991,SEA,Mike Tice,Mike,Tice,TE,87.0,32,79,253,Maryland,2/2/1959,10,16,15,1.0,,0,0,0,TE,TE,mike_tice,0.0,0.0,0.0
1991,SEA,Mike Tice,Mike,Tice,TE,87.0,32,79,253,Maryland,2/2/1959,10,16,15,1.0,,0,0,0,TE,TE,mike_tice,0.0,0.0,0.0
1991,SFO,Brent Jones,Brent,Jones,TE,84.0,28,76,230,Santa Clara,2/12/1963,4,10,9,5.0,1986.0,0,0,0,TE,TE,brent_jones,50.0,0.0,4.0
1991,SFO,Brent Jones,Brent,Jones,TE,84.0,28,76,230,Santa Clara,2/12/1963,4,10,9,5.0,1986.0,0,0,0,TE,TE,brent_jones,50.0,0.0,4.0
1991,SFO,Jamie Williams,Jamie,Williams,TE,81.0,31,76,240,Nebraska,2/25/1960,8,16,7,3.0,1983.0,0,0,0,TE,TE,jamie_williams,16.0,0.0,0.0
1991,SFO,Jamie Williams,Jamie,Williams,TE,81.0,31,76,240,Nebraska,2/25/1960,8,16,7,3.0,1983.0,0,0,0,TE,TE,jamie_williams,16.0,0.0,0.0
1991,SFO,Wesley Walls,Wesley,Walls,TE,89.0,25,77,240,Mississippi,2/26/1966,2,15,0,0.0,1989.0,0,0,0,TE,TE,wesley_walls,43.0,0.0,5.0
1991,SFO,Wesley Walls,Wesley,Walls,TE,89.0,25,77,240,Mississippi,2/26/1966,2,15,0,0.0,1989.0,0,0,0,TE,TE,wesley_walls,43.0,0.0,5.0
1991,TAM,Ron Hall,Ron,Hall,TE,82.0,27,76,245,"Cal Poly-Pomona,Hawaii",3/15/1964,4,15,15,2.0,1987.0,0,0,0,TE,TE,ron_hall,45.0,1.0,1.0
1991,TAM,Ron Hall,Ron,Hall,TE,82.0,27,76,245,"Cal Poly-Pomona,Hawaii",3/15/1964,4,15,15,2.0,1987.0,0,0,0,TE,TE,ron_hall,18.0,0.0,0.0
1991,TAM,Ron Hall,Ron,Hall,TE,82.0,27,76,245,"Cal Poly-Pomona,Hawaii",3/15/1964,4,15,15,2.0,1987.0,0,0,0,TE,TE,ron_hall,45.0,1.0,1.0
1991,TAM,Ron Hall,Ron,Hall,TE,82.0,27,76,245,"Cal Poly-Pomona,Hawaii",3/15/1964,4,15,15,2.0,1987.0,0,0,0,TE,TE,ron_hall,18.0,0.0,0.0
1991,TAM,Jesse Anderson,Jesse,Anderson,TE,89.0,25,74,245,Mississippi St.,7/26/1966,1,15,2,1.0,1990.0,0,0,0,TE,TE,jesse_anderson,2.0,0.0,0.0
1991,TAM,Jesse Anderson,Jesse,Anderson,TE,89.0,25,74,245,Mississippi St.,7/26/1966,1,15,2,1.0,1990.0,0,0,0,TE,TE,jesse_anderson,2.0,0.0,0.0
1991,TAM,Ed Thomas,Ed,Thomas,TE,86.0,25,75,240,Houston,5/4/1966,1,6,0,0.0,,0,0,0,TE,TE,ed_thomas,0.0,0.0,0.0
1991,TAM,Ed Thomas,Ed,Thomas,TE,86.0,25,75,240,Houston,5/4/1966,1,6,0,0.0,,0,0,0,TE,TE,ed_thomas,0.0,0.0,0.0
1991,WAS,Terry Orr,Terry,Orr,TE,89.0,30,75,231,Texas,9/27/1961,5,16,6,3.0,1985.0,0,0,0,TE,TE,terry_orr,10.0,0.0,0.0
1991,WAS,Terry Orr,Terry,Orr,TE,89.0,30,75,231,Texas,9/27/1961,5,16,6,3.0,1985.0,0,0,0,TE,TE,terry_orr,10.0,0.0,0.0
1991,WAS,Don Warren,Don,Warren,TE,85.0,35,76,242,San Diego St.,5/5/1956,12,10,7,1.0,1979.0,0,0,0,TE,TE,don_warren,22.0,0.0,0.0
1991,WAS,Don Warren,Don,Warren,TE,85.0,35,76,242,San Diego St.,5/5/1956,12,10,7,1.0,1979.0,0,0,0,TE,TE,don_warren,22.0,0.0,0.0
1991,WAS,John Brandes,John,Brandes,TE,82.0,27,74,249,Cameron,4/2/1964,4,16,0,0.0,,0,0,0,TE,TE,john_brandes,0.0,0.0,0.0
1991,WAS,James Jenkins,James,Jenkins,TE,88.0,24,74,243,Rutgers,8/17/1967,Rook,4,0,0.0,,0,0,0,TE,TE,james_jenkins,0.0,0.0,0.0
1991,WAS,Jimmie Johnson,Jimmie,Johnson,TE,88.0,25,74,252,Howard,10/6/1966,2,6,0,0.0,1989.0,0,0,0,TE,TE,jimmie_johnson,5.0,0.0,0.0
1991,WAS,Ron Middleton,Ron,Middleton,TE,87.0,26,74,262,Auburn,7/17/1965,5,12,12,0.0,,0,0,0,TE,TE,ron_middleton,0.0,0.0,0.0
1991,WAS,John Brandes,John,Brandes,TE,82.0,27,74,249,Cameron,4/2/1964,4,16,0,0.0,,0,0,0,TE,TE,john_brandes,0.0,0.0,0.0
1991,WAS,James Jenkins,James,Jenkins,TE,88.0,24,74,243,Rutgers,8/17/1967,Rook,4,0,0.0,,0,0,0,TE,TE,james_jenkins,0.0,0.0,0.0
1991,WAS,Jimmie Johnson,Jimmie,Johnson,TE,88.0,25,74,252,Howard,10/6/1966,2,6,0,0.0,1989.0,0,0,0,TE,TE,jimmie_johnson,5.0,0.0,0.0
1991,WAS,Ron Middleton,Ron,Middleton,TE,87.0,26,74,262,Auburn,7/17/1965,5,12,12,0.0,,0,0,0,TE,TE,ron_middleton,0.0,0.0,0.0
1992,ATL,Harper LeBel,Harper,LeBel,TE,88.0,29,76,250,Colorado St.,7/14/1963,3,16,2,0.0,1985.0,0,0,0,TE,TE,harper_lebel,0.0,0.0,0.0
1992,ATL,Harper LeBel,Harper,LeBel,TE,88.0,29,76,250,Colorado St.,7/14/1963,3,16,2,0.0,1985.0,0,0,0,TE,TE,harper_lebel,0.0,0.0,0.0
1992,BUF,Pete Metzelaars,Pete,Metzelaars,TE,88.0,32,79,254,Wabash,5/24/1960,10,16,7,3.0,1982.0,0,0,0,TE,TE,pete_metzelaars,28.0,0.0,0.0
1992,BUF,Pete Metzelaars,Pete,Metzelaars,TE,88.0,32,79,254,Wabash,5/24/1960,10,16,7,3.0,1982.0,0,0,0,TE,TE,pete_metzelaars,28.0,0.0,0.0
1992,BUF,Keith McKeller,Keith,McKeller,TE,84.0,28,78,240,Jacksonville St.,7/9/1964,5,11,8,1.0,1987.0,0,0,0,TE,TE,keith_mckeller,16.0,0.0,0.0
1992,BUF,Keith McKeller,Keith,McKeller,TE,84.0,28,78,240,Jacksonville St.,7/9/1964,5,11,8,1.0,1987.0,0,0,0,TE,TE,keith_mckeller,16.0,0.0,0.0
1992,BUF,Robert Awalt,Robert,Awalt,TE,86.0,28,77,258,"Nevada,Sacramento CC,San Diego St.",4/9/1964,5,14,1,0.0,1987.0,0,0,0,TE,TE,robert_awalt,13.0,0.0,0.0
1992,BUF,Robert Awalt,Robert,Awalt,TE,86.0,28,77,258,"Nevada,Sacramento CC,San Diego St.",4/9/1964,5,14,1,0.0,1987.0,0,0,0,TE,TE,robert_awalt,13.0,0.0,0.0
1992,CHI,Keith Jennings,Keith,Jennings,TE,85.0,26,76,262,Clemson,5/19/1966,3,16,14,2.0,1989.0,0,0,0,TE,TE,keith_jennings,7.0,0.0,0.0
1992,CHI,Keith Jennings,Keith,Jennings,TE,85.0,26,76,262,Clemson,5/19/1966,3,16,14,2.0,1989.0,0,0,0,TE,TE,keith_jennings,7.0,0.0,0.0
1992,CHI,Kelly Blackwell,Kelly,Blackwell,TE,89.0,23,73,255,TCU,2/13/1969,Rook,16,2,1.0,,0,0,0,TE,TE,kelly_blackwell,0.0,0.0,0.0
1992,CHI,Kelly Blackwell,Kelly,Blackwell,TE,89.0,23,73,255,TCU,2/13/1969,Rook,16,2,1.0,,0,0,0,TE,TE,kelly_blackwell,0.0,0.0,0.0
1992,CIN,Rodney Holman,Rodney,Holman,TE,82.0,32,75,238,Tulane,4/20/1960,10,16,13,3.0,1982.0,0,0,0,TE,TE,rodney_holman,40.0,0.0,3.0
1992,CIN,Rodney Holman,Rodney,Holman,TE,82.0,32,75,238,Tulane,4/20/1960,10,16,13,3.0,1982.0,0,0,0,TE,TE,rodney_holman,40.0,0.0,3.0
1992,CIN,Craig Thompson,Craig,Thompson,TE,48.0,23,74,244,North Carolina A&T,1/13/1969,Rook,16,3,2.0,1992.0,0,0,0,TE,TE,craig_thompson,3.0,0.0,0.0
1992,CIN,Craig Thompson,Craig,Thompson,TE,48.0,23,74,244,North Carolina A&T,1/13/1969,Rook,16,3,2.0,1992.0,0,0,0,TE,TE,craig_thompson,3.0,0.0,0.0
1992,CIN,Jim Riggs,Jim,Riggs,TE,87.0,29,77,245,Clemson,9/29/1963,5,12,2,1.0,1987.0,0,0,0,TE,TE,jim_riggs,3.0,0.0,0.0
1992,CIN,Jim Riggs,Jim,Riggs,TE,87.0,29,77,245,Clemson,9/29/1963,5,12,2,1.0,1987.0,0,0,0,TE,TE,jim_riggs,3.0,0.0,0.0
1992,CIN,Jeff Thomason,Jeff,Thomason,TE,49.0,23,77,255,Oregon,12/30/1969,Rook,4,0,0.0,,0,0,0,TE,TE,jeff_thomason,0.0,0.0,0.0
1992,CIN,Jeff Thomason,Jeff,Thomason,TE,49.0,23,77,255,Oregon,12/30/1969,Rook,4,0,0.0,,0,0,0,TE,TE,jeff_thomason,0.0,0.0,0.0
1992,CLE,Mark Bavaro,Mark,Bavaro,TE,83.0,29,76,245,Notre Dame,4/28/1963,7,16,16,3.0,1985.0,0,0,0,TE,TE,mark_bavaro,40.0,2.0,2.0
1992,CLE,Mark Bavaro,Mark,Bavaro,TE,83.0,29,76,245,Notre Dame,4/28/1963,7,16,16,3.0,1985.0,0,0,0,TE,TE,mark_bavaro,40.0,2.0,2.0
1992,CLE,Pete Holohan,Pete,Holohan,TE,89.0,33,76,237,Notre Dame,7/25/1959,11,9,1,2.0,1981.0,0,0,0,TE,TE,pete_holohan,29.0,0.0,0.0
1992,CLE,Pete Holohan,Pete,Holohan,TE,89.0,33,76,237,Notre Dame,7/25/1959,11,9,1,2.0,1981.0,0,0,0,TE,TE,pete_holohan,29.0,0.0,0.0
1992,CLE,Scott Galbraith,Scott,Galbraith,TE,81.0,25,74,258,USC,1/7/1967,2,14,2,1.0,1990.0,0,0,0,TE,TE,scott_galbraith,6.0,0.0,0.0
1992,CLE,Scott Galbraith,Scott,Galbraith,TE,81.0,25,74,258,USC,1/7/1967,2,14,2,1.0,1990.0,0,0,0,TE,TE,scott_galbraith,6.0,0.0,0.0
1992,CLE,Brian Kinchen,Brian,Kinchen,TE,88.0,27,74,240,LSU,8/6/1965,4,16,0,0.0,1988.0,0,0,0,TE,TE,brian_kinchen,15.0,0.0,0.0
1992,CLE,Brian Kinchen,Brian,Kinchen,TE,88.0,27,74,240,LSU,8/6/1965,4,16,0,0.0,1988.0,0,0,0,TE,TE,brian_kinchen,15.0,0.0,0.0
1992,CLT,Kerry Cash,Kerry,Cash,TE,88.0,23,76,245,Texas,8/7/1969,1,16,16,4.0,1991.0,0,0,0,TE,TE,kerry_cash,9.0,0.0,0.0
1992,CLT,Kerry Cash,Kerry,Cash,TE,88.0,23,76,245,Texas,8/7/1969,1,16,16,4.0,1991.0,0,0,0,TE,TE,kerry_cash,9.0,0.0,0.0
1992,CLT,Charles Arbuckle,Charles,Arbuckle,TE,81.0,24,75,248,UCLA,9/13/1968,1,16,3,1.0,1990.0,0,0,0,TE,TE,charles_arbuckle,2.0,0.0,0.0
1992,CLT,Charles Arbuckle,Charles,Arbuckle,TE,81.0,24,75,248,UCLA,9/13/1968,1,16,3,1.0,1990.0,0,0,0,TE,TE,charles_arbuckle,2.0,0.0,0.0
1992,CRD,Butch Rolle,Butch,Rolle,TE,82.0,28,75,242,Michigan St.,8/19/1964,6,16,14,1.0,1986.0,0,0,0,TE,TE,butch_rolle,2.0,0.0,0.0
1992,CRD,Butch Rolle,Butch,Rolle,TE,82.0,28,75,242,Michigan St.,8/19/1964,6,16,14,1.0,1986.0,0,0,0,TE,TE,butch_rolle,2.0,0.0,0.0
1992,CRD,Walter Reeves,Walter,Reeves,TE,89.0,27,76,270,Auburn,12/16/1965,3,16,16,0.0,1989.0,0,0,0,TE,TE,walter_reeves,3.0,0.0,0.0
1992,CRD,Derek Ware,Derek,Ware,TE,85.0,25,74,255,"Sacramento CC,Texas A&M,Central Oklahoma",9/17/1967,Rook,15,0,0.0,1992.0,0,0,0,TE,TE,derek_ware,1.0,0.0,0.0
1992,CRD,Willie Wright,Willie,Wright,TE,80.0,24,76,239,Wyoming,3/9/1968,Rook,9,0,0.0,,0,0,0,TE,TE,willie_wright,0.0,0.0,0.0
1992,CRD,Walter Reeves,Walter,Reeves,TE,89.0,27,76,270,Auburn,12/16/1965,3,16,16,0.0,1989.0,0,0,0,TE,TE,walter_reeves,3.0,0.0,0.0
1992,CRD,Derek Ware,Derek,Ware,TE,85.0,25,74,255,"Sacramento CC,Texas A&M,Central Oklahoma",9/17/1967,Rook,15,0,0.0,1992.0,0,0,0,TE,TE,derek_ware,1.0,0.0,0.0
1992,CRD,Willie Wright,Willie,Wright,TE,80.0,24,76,239,Wyoming,3/9/1968,Rook,9,0,0.0,,0,0,0,TE,TE,willie_wright,0.0,0.0,0.0
1992,DAL,Jay Novacek,Jay,Novacek,TE,84.0,30,76,234,Wyoming,10/24/1962,7,16,16,8.0,1985.0,0,0,0,TE,TE,jay_novacek,44.0,1.0,5.0
1992,DAL,Jay Novacek,Jay,Novacek,TE,84.0,30,76,234,Wyoming,10/24/1962,7,16,16,8.0,1985.0,0,0,0,TE,TE,jay_novacek,44.0,1.0,5.0
1992,DAL,Alfredo Roberts,Alfredo,Roberts,TE,87.0,27,75,250,Miami (FL),3/1/1965,4,16,4,0.0,1988.0,0,0,0,TE,TE,alfredo_roberts,5.0,0.0,0.0
1992,DAL,Derek Tennell,Derek,Tennell,TE,89.0,28,77,245,UCLA,2/12/1964,5,0,0,0.0,1987.0,0,0,0,TE,TE,derek_tennell,3.0,0.0,0.0
1992,DAL,Alfredo Roberts,Alfredo,Roberts,TE,87.0,27,75,250,Miami (FL),3/1/1965,4,16,4,0.0,1988.0,0,0,0,TE,TE,alfredo_roberts,5.0,0.0,0.0
1992,DAL,Derek Tennell,Derek,Tennell,TE,89.0,28,77,245,UCLA,2/12/1964,5,0,0,0.0,1987.0,0,0,0,TE,TE,derek_tennell,3.0,0.0,0.0
1992,DEN,Shannon Sharpe,Shannon,Sharpe,TE,84.0,24,74,228,Savannah St.,6/26/1968,2,16,11,5.0,1990.0,0,0,0,TE,TE,shannon_sharpe,82.0,4.0,8.0
1992,DEN,Shannon Sharpe,Shannon,Sharpe,TE,84.0,24,74,228,Savannah St.,6/26/1968,2,16,11,5.0,1990.0,0,0,0,TE,TE,shannon_sharpe,82.0,4.0,8.0
1992,DEN,Reggie Johnson,Reggie,Johnson,TE,89.0,24,74,256,Florida St.,1/27/1968,1,15,7,1.0,1991.0,0,0,0,TE,TE,reggie_johnson,8.0,0.0,0.0
1992,DEN,Reggie Johnson,Reggie,Johnson,TE,89.0,24,74,256,Florida St.,1/27/1968,1,15,7,1.0,1991.0,0,0,0,TE,TE,reggie_johnson,0.0,0.0,0.0
1992,DEN,Reggie Johnson,Reggie,Johnson,TE,89.0,24,74,256,Florida St.,1/27/1968,1,15,7,1.0,1991.0,0,0,0,TE,TE,reggie_johnson,8.0,0.0,0.0
1992,DEN,Reggie Johnson,Reggie,Johnson,TE,89.0,24,74,256,Florida St.,1/27/1968,1,15,7,1.0,1991.0,0,0,0,TE,TE,reggie_johnson,0.0,0.0,0.0
1992,DEN,Clarence Kay,Clarence,Kay,TE,88.0,31,74,237,Georgia,7/30/1961,8,16,13,0.0,1984.0,0,0,0,TE,TE,clarence_kay,17.0,0.0,0.0
1992,DEN,Clarence Kay,Clarence,Kay,TE,88.0,31,74,237,Georgia,7/30/1961,8,16,13,0.0,1984.0,0,0,0,TE,TE,clarence_kay,17.0,0.0,0.0
1992,DET,Mike Hinnant,Mike,Hinnant,TE,48.0,26,75,268,Temple,9/8/1966,4,15,1,0.0,1988.0,0,0,0,TE,TE,mike_hinnant,0.0,0.0,0.0
1992,DET,Jimmie Johnson,Jimmie,Johnson,TE,89.0,26,74,252,Howard,10/6/1966,3,16,5,0.0,1989.0,0,0,0,TE,TE,jimmie_johnson,5.0,0.0,0.0
1992,DET,Thomas McLemore,Thomas,McLemore,TE,82.0,22,77,245,Southern,3/14/1970,Rook,11,1,0.0,1992.0,0,0,0,TE,TE,thomas_mclemore,0.0,0.0,0.0
1992,DET,Mike Hinnant,Mike,Hinnant,TE,48.0,26,75,268,Temple,9/8/1966,4,15,1,0.0,1988.0,0,0,0,TE,TE,mike_hinnant,0.0,0.0,0.0
1992,DET,Jimmie Johnson,Jimmie,Johnson,TE,89.0,26,74,252,Howard,10/6/1966,3,16,5,0.0,1989.0,0,0,0,TE,TE,jimmie_johnson,5.0,0.0,0.0
1992,DET,Thomas McLemore,Thomas,McLemore,TE,82.0,22,77,245,Southern,3/14/1970,Rook,11,1,0.0,1992.0,0,0,0,TE,TE,thomas_mclemore,0.0,0.0,0.0
1992,GNB,Jackie Harris,Jackie,Harris,TE,80.0,24,76,244,La-Monroe,1/4/1968,2,16,11,6.0,1990.0,0,0,0,TE,TE,jackie_harris,33.0,0.0,0.0
1992,GNB,Jackie Harris,Jackie,Harris,TE,80.0,24,76,244,La-Monroe,1/4/1968,2,16,11,6.0,1990.0,0,0,0,TE,TE,jackie_harris,33.0,0.0,0.0
1992,GNB,Darryl Ingram,Darryl,Ingram,TE,88.0,26,75,240,California,5/2/1966,3,16,0,0.0,1989.0,0,0,0,TE,TE,darryl_ingram,0.0,0.0,0.0
1992,GNB,Ed West,Ed,West,TE,86.0,31,73,250,Auburn,8/2/1961,8,16,8,0.0,,0,0,0,TE,TE,ed_west,0.0,0.0,0.0
1992,GNB,Darryl Ingram,Darryl,Ingram,TE,88.0,26,75,240,California,5/2/1966,3,16,0,0.0,1989.0,0,0,0,TE,TE,darryl_ingram,0.0,0.0,0.0
1992,GNB,Ed West,Ed,West,TE,86.0,31,73,250,Auburn,8/2/1961,8,16,8,0.0,,0,0,0,TE,TE,ed_west,0.0,0.0,0.0
1992,KAN,Keith Cash,Keith,Cash,TE,89.0,23,76,242,Texas,8/7/1969,1,15,8,1.0,1991.0,0,0,0,TE,TE,keith_cash,11.0,0.0,0.0
1992,KAN,Jonathan Hayes,Jonathan,Hayes,TE,85.0,30,77,248,Iowa,8/11/1962,7,16,16,1.0,1985.0,0,0,0,TE,TE,jonathan_hayes,15.0,0.0,0.0
1992,KAN,Keith Cash,Keith,Cash,TE,89.0,23,76,242,Texas,8/7/1969,1,15,8,1.0,1991.0,0,0,0,TE,TE,keith_cash,11.0,0.0,0.0
1992,KAN,Jonathan Hayes,Jonathan,Hayes,TE,85.0,30,77,248,Iowa,8/11/1962,7,16,16,1.0,1985.0,0,0,0,TE,TE,jonathan_hayes,15.0,0.0,0.0
1992,KAN,Mike Dyal,Mike,Dyal,TE,87.0,26,74,240,Texas A&M-Kingsville,5/20/1966,3,3,0,0.0,,0,0,0,TE,TE,mike_dyal,0.0,0.0,0.0
1992,KAN,Mike Dyal,Mike,Dyal,TE,87.0,26,74,240,Texas A&M-Kingsville,5/20/1966,3,3,0,0.0,,0,0,0,TE,TE,mike_dyal,0.0,0.0,0.0
1992,MIA,Keith Jackson,Keith,Jackson,TE,88.0,27,74,250,Oklahoma,4/19/1965,4,13,11,6.0,1988.0,0,0,0,TE,TE,keith_jackson,43.0,3.0,5.0
1992,MIA,Keith Jackson,Keith,Jackson,TE,88.0,27,74,250,Oklahoma,4/19/1965,4,13,11,6.0,1988.0,0,0,0,TE,TE,keith_jackson,0.0,0.0,0.0
1992,MIA,Keith Jackson,Keith,Jackson,TE,88.0,27,74,250,Oklahoma,4/19/1965,4,13,11,6.0,1988.0,0,0,0,TE,TE,keith_jackson,43.0,3.0,5.0
1992,MIA,Keith Jackson,Keith,Jackson,TE,88.0,27,74,250,Oklahoma,4/19/1965,4,13,11,6.0,1988.0,0,0,0,TE,TE,keith_jackson,0.0,0.0,0.0
1992,MIA,Ferrell Edmunds,Ferrell,Edmunds,TE,80.0,27,78,254,Maryland,4/16/1965,4,10,5,1.0,1988.0,0,0,0,TE,TE,ferrell_edmunds,15.0,0.0,2.0
1992,MIA,Ferrell Edmunds,Ferrell,Edmunds,TE,80.0,27,78,254,Maryland,4/16/1965,4,10,5,1.0,1988.0,0,0,0,TE,TE,ferrell_edmunds,15.0,0.0,2.0
1992,MIA,Greg Baty,Greg,Baty,TE,84.0,28,77,241,Stanford,8/28/1964,6,16,0,0.0,1986.0,0,0,0,TE,TE,greg_baty,8.0,0.0,0.0
1992,MIA,Dave Moore,Dave,Moore,TE,46.0,23,74,250,Pittsburgh,11/11/1969,Rook,1,0,0.0,1992.0,0,0,0,TE,TE,dave_moore,18.0,0.0,1.0
1992,MIA,Greg Baty,Greg,Baty,TE,84.0,28,77,241,Stanford,8/28/1964,6,16,0,0.0,1986.0,0,0,0,TE,TE,greg_baty,8.0,0.0,0.0
1992,MIA,Dave Moore,Dave,Moore,TE,46.0,23,74,250,Pittsburgh,11/11/1969,Rook,1,0,0.0,1992.0,0,0,0,TE,TE,dave_moore,18.0,0.0,1.0
1992,MIN,Steve Jordan,Steve,Jordan,TE,83.0,31,75,236,Brown,1/10/1961,10,14,12,4.0,1982.0,0,0,0,TE,TE,steve_jordan,48.0,0.0,6.0
1992,MIN,Steve Jordan,Steve,Jordan,TE,83.0,31,75,236,Brown,1/10/1961,10,14,12,4.0,1982.0,0,0,0,TE,TE,steve_jordan,48.0,0.0,6.0
1992,MIN,Brent Novoselsky,Brent,Novoselsky,TE,85.0,26,74,232,Pennsylvania,1/8/1966,4,16,1,1.0,,0,0,0,TE,TE,brent_novoselsky,0.0,0.0,0.0
1992,MIN,Mike Tice,Mike,Tice,TE,87.0,33,79,253,Maryland,2/2/1959,11,12,9,1.0,,0,0,0,TE,TE,mike_tice,0.0,0.0,0.0
1992,MIN,Brent Novoselsky,Brent,Novoselsky,TE,85.0,26,74,232,Pennsylvania,1/8/1966,4,16,1,1.0,,0,0,0,TE,TE,brent_novoselsky,0.0,0.0,0.0
1992,MIN,Mike Tice,Mike,Tice,TE,87.0,33,79,253,Maryland,2/2/1959,11,12,9,1.0,,0,0,0,TE,TE,mike_tice,0.0,0.0,0.0
1992,MIN,Derek Tennell,Derek,Tennell,TE,46.0,28,77,245,UCLA,2/12/1964,5,3,2,0.0,1987.0,0,0,0,TE,TE,derek_tennell,3.0,0.0,0.0
1992,MIN,Danta Whitaker,Danta,Whitaker,TE,82.0,28,76,252,Miss. Valley St.,3/14/1964,2,6,2,0.0,1988.0,0,0,0,TE,TE,danta_whitaker,1.0,0.0,0.0
1992,MIN,Derek Tennell,Derek,Tennell,TE,46.0,28,77,245,UCLA,2/12/1964,5,3,2,0.0,1987.0,0,0,0,TE,TE,derek_tennell,3.0,0.0,0.0
1992,MIN,Danta Whitaker,Danta,Whitaker,TE,82.0,28,76,252,Miss. Valley St.,3/14/1964,2,6,2,0.0,1988.0,0,0,0,TE,TE,danta_whitaker,1.0,0.0,0.0
1992,NOR,Hoby Brenner,Hoby,Brenner,TE,85.0,33,76,240,USC,6/2/1959,11,15,13,2.0,1981.0,0,0,0,TE,TE,hoby_brenner,31.0,0.0,1.0
1992,NOR,Frank Wainright,Frank,Wainright,TE,87.0,25,74,255,Northern Colorado,10/10/1967,1,13,4,2.0,1991.0,0,0,0,TE,TE,frank_wainright,2.0,0.0,0.0
1992,NOR,Hoby Brenner,Hoby,Brenner,TE,85.0,33,76,240,USC,6/2/1959,11,15,13,2.0,1981.0,0,0,0,TE,TE,hoby_brenner,31.0,0.0,1.0
1992,NOR,Frank Wainright,Frank,Wainright,TE,87.0,25,74,255,Northern Colorado,10/10/1967,1,13,4,2.0,1991.0,0,0,0,TE,TE,frank_wainright,2.0,0.0,0.0
1992,NOR,Tommie Stowers,Tommie,Stowers,TE,49.0,26,75,240,Missouri,11/18/1966,Rook,12,0,0.0,1990.0,0,0,0,TE,TE,tommie_stowers,0.0,0.0,0.0
1992,NOR,John Tice,John,Tice,TE,82.0,32,77,242,Maryland,6/22/1960,9,3,1,0.0,1983.0,0,0,0,TE,TE,john_tice,12.0,0.0,0.0
1992,NOR,Tommie Stowers,Tommie,Stowers,TE,49.0,26,75,240,Missouri,11/18/1966,Rook,12,0,0.0,1990.0,0,0,0,TE,TE,tommie_stowers,0.0,0.0,0.0
1992,NOR,John Tice,John,Tice,TE,82.0,32,77,242,Maryland,6/22/1960,9,3,1,0.0,1983.0,0,0,0,TE,TE,john_tice,12.0,0.0,0.0
1992,NWE,Marv Cook,Marv,Cook,TE,85.0,26,76,234,Iowa,2/24/1966,3,16,15,3.0,1989.0,0,0,0,TE,TE,marv_cook,13.0,1.0,2.0
1992,NWE,Marv Cook,Marv,Cook,TE,85.0,26,76,234,Iowa,2/24/1966,3,16,15,3.0,1989.0,0,0,0,TE,TE,marv_cook,13.0,1.0,2.0
1992,NWE,Ben Coates,Ben,Coates,TE,87.0,23,77,245,Livingstone,8/16/1969,1,16,2,1.0,1991.0,0,0,0,TE,TE,ben_coates,43.0,2.0,5.0
1992,NWE,Ben Coates,Ben,Coates,TE,87.0,23,77,245,Livingstone,8/16/1969,1,16,2,1.0,1991.0,0,0,0,TE,TE,ben_coates,43.0,2.0,5.0
1992,NYG,Howard Cross,Howard,Cross,TE,87.0,25,77,270,Alabama,8/8/1967,3,16,16,4.0,1989.0,0,0,0,TE,TE,howard_cross,17.0,0.0,0.0
1992,NYG,Howard Cross,Howard,Cross,TE,87.0,25,77,270,Alabama,8/8/1967,3,16,16,4.0,1989.0,0,0,0,TE,TE,howard_cross,17.0,0.0,0.0
1992,NYG,John Brandes,John,Brandes,TE,83.0,28,74,249,Cameron,4/2/1964,5,4,0,0.0,,0,0,0,TE,TE,john_brandes,0.0,0.0,0.0
1992,NYG,Derek Brown,Derek,Brown,TE,86.0,22,78,259,Notre Dame,3/31/1970,Rook,16,7,0.0,1992.0,0,0,0,TE,TE,derek_brown,4.0,0.0,0.0
1992,NYG,Derek Brown,Derek,Brown,TE,86.0,22,78,259,Notre Dame,3/31/1970,Rook,16,7,0.0,1992.0,0,0,0,TE,TE,derek_brown,17.0,0.0,0.0
1992,NYG,Aaron Pierce,Aaron,Pierce,TE,84.0,23,77,252,Washington,9/6/1969,Rook,1,0,0.0,1992.0,0,0,0,TE,TE,aaron_pierce,8.0,0.0,0.0
1992,NYG,John Brandes,John,Brandes,TE,83.0,28,74,249,Cameron,4/2/1964,5,4,0,0.0,,0,0,0,TE,TE,john_brandes,0.0,0.0,0.0
1992,NYG,Derek Brown,Derek,Brown,TE,86.0,22,78,259,Notre Dame,3/31/1970,Rook,16,7,0.0,1992.0,0,0,0,TE,TE,derek_brown,4.0,0.0,0.0
1992,NYG,Derek Brown,Derek,Brown,TE,86.0,22,78,259,Notre Dame,3/31/1970,Rook,16,7,0.0,1992.0,0,0,0,TE,TE,derek_brown,17.0,0.0,0.0
1992,NYG,Aaron Pierce,Aaron,Pierce,TE,84.0,23,77,252,Washington,9/6/1969,Rook,1,0,0.0,1992.0,0,0,0,TE,TE,aaron_pierce,8.0,0.0,0.0
1992,NYJ,Johnny Mitchell,Johnny,Mitchell,TE,83.0,21,75,241,Nebraska,1/20/1971,Rook,11,3,2.0,1992.0,0,0,0,TE,TE,johnny_mitchell,17.0,0.0,0.0
1992,NYJ,Johnny Mitchell,Johnny,Mitchell,TE,83.0,21,75,241,Nebraska,1/20/1971,Rook,11,3,2.0,1992.0,0,0,0,TE,TE,johnny_mitchell,17.0,0.0,0.0
1992,NYJ,Mark Boyer,Mark,Boyer,TE,80.0,30,76,233,USC,9/16/1962,7,16,16,1.0,1985.0,0,0,0,TE,TE,mark_boyer,13.0,0.0,0.0
1992,NYJ,Mark Boyer,Mark,Boyer,TE,80.0,30,76,233,USC,9/16/1962,7,16,16,1.0,1985.0,0,0,0,TE,TE,mark_boyer,13.0,0.0,0.0
1992,NYJ,Eric Kattus,Eric,Kattus,TE,49.0,29,77,240,Michigan,3/4/1963,6,4,0,0.0,1986.0,0,0,0,TE,TE,eric_kattus,6.0,0.0,0.0
1992,NYJ,Troy Sadowski,Troy,Sadowski,TE,84.0,27,77,255,Georgia,12/8/1965,2,6,2,0.0,1989.0,0,0,0,TE,TE,troy_sadowski,0.0,0.0,0.0
1992,NYJ,Ken Whisenhunt,Ken,Whisenhunt,TE,86.0,30,75,237,Georgia Tech,2/28/1962,7,10,5,0.0,1985.0,0,0,0,TE,TE,ken_whisenhunt,3.0,0.0,0.0
1992,NYJ,Eric Kattus,Eric,Kattus,TE,49.0,29,77,240,Michigan,3/4/1963,6,4,0,0.0,1986.0,0,0,0,TE,TE,eric_kattus,6.0,0.0,0.0
1992,NYJ,Troy Sadowski,Troy,Sadowski,TE,84.0,27,77,255,Georgia,12/8/1965,2,6,2,0.0,1989.0,0,0,0,TE,TE,troy_sadowski,0.0,0.0,0.0
1992,NYJ,Ken Whisenhunt,Ken,Whisenhunt,TE,86.0,30,75,237,Georgia Tech,2/28/1962,7,10,5,0.0,1985.0,0,0,0,TE,TE,ken_whisenhunt,3.0,0.0,0.0
1992,PHI,Pat Beach,Pat,Beach,TE,83.0,33,76,247,Washington St.,12/28/1959,10,16,7,1.0,1982.0,0,0,0,TE,TE,pat_beach,13.0,0.0,0.0
1992,PHI,Pat Beach,Pat,Beach,TE,83.0,33,76,247,Washington St.,12/28/1959,10,16,7,1.0,1982.0,0,0,0,TE,TE,pat_beach,13.0,0.0,0.0
1992,PHI,Maurice Johnson,Maurice,Johnson,TE,87.0,25,74,242,Temple,1/9/1967,1,11,3,0.0,,0,0,0,TE,TE,maurice_johnson,0.0,0.0,0.0
1992,PHI,Maurice Johnson,Maurice,Johnson,TE,87.0,25,74,242,Temple,1/9/1967,1,11,3,0.0,,0,0,0,TE,TE,maurice_johnson,0.0,0.0,0.0
1992,PIT,Adrian Cooper,Adrian,Cooper,TE,87.0,24,77,255,Oklahoma,4/27/1968,1,16,15,2.0,1991.0,0,0,0,TE,TE,adrian_cooper,8.0,0.0,0.0
1992,PIT,Eric Green,Eric,Green,TE,86.0,25,77,280,Liberty,6/22/1967,2,7,5,2.0,1990.0,0,0,0,TE,TE,eric_green,32.0,0.0,2.0
1992,PIT,Eric Green,Eric,Green,TE,86.0,25,77,280,Liberty,6/22/1967,2,7,5,2.0,1990.0,0,0,0,TE,TE,eric_green,12.0,0.0,0.0
1992,PIT,Adrian Cooper,Adrian,Cooper,TE,87.0,24,77,255,Oklahoma,4/27/1968,1,16,15,2.0,1991.0,0,0,0,TE,TE,adrian_cooper,8.0,0.0,0.0
1992,PIT,Eric Green,Eric,Green,TE,86.0,25,77,280,Liberty,6/22/1967,2,7,5,2.0,1990.0,0,0,0,TE,TE,eric_green,32.0,0.0,2.0
1992,PIT,Eric Green,Eric,Green,TE,86.0,25,77,280,Liberty,6/22/1967,2,7,5,2.0,1990.0,0,0,0,TE,TE,eric_green,12.0,0.0,0.0
1992,PIT,Jesse Anderson,Jesse,Anderson,TE,88.0,26,74,245,Mississippi St.,7/26/1966,2,2,0,0.0,1990.0,0,0,0,TE,TE,jesse_anderson,2.0,0.0,0.0
1992,PIT,Russ Campbell,Russ,Campbell,TE,85.0,23,77,259,Kansas St.,4/2/1969,Rook,7,0,0.0,1992.0,0,0,0,TE,TE,russ_campbell,0.0,0.0,0.0
1992,PIT,Tim Jorden,Tim,Jorden,TE,84.0,26,75,235,Indiana,10/30/1966,2,15,4,0.0,,0,0,0,TE,TE,tim_jorden,0.0,0.0,0.0
1992,PIT,Jesse Anderson,Jesse,Anderson,TE,88.0,26,74,245,Mississippi St.,7/26/1966,2,2,0,0.0,1990.0,0,0,0,TE,TE,jesse_anderson,2.0,0.0,0.0
1992,PIT,Russ Campbell,Russ,Campbell,TE,85.0,23,77,259,Kansas St.,4/2/1969,Rook,7,0,0.0,1992.0,0,0,0,TE,TE,russ_campbell,0.0,0.0,0.0
1992,PIT,Tim Jorden,Tim,Jorden,TE,84.0,26,75,235,Indiana,10/30/1966,2,15,4,0.0,,0,0,0,TE,TE,tim_jorden,0.0,0.0,0.0
1992,RAI,Ethan Horton,Ethan,Horton,TE,88.0,30,76,235,North Carolina,12/19/1962,7,16,16,3.0,1985.0,0,0,0,TE,TE,ethan_horton,22.0,0.0,1.0
1992,RAI,Ethan Horton,Ethan,Horton,TE,88.0,30,76,235,North Carolina,12/19/1962,7,16,16,3.0,1985.0,0,0,0,TE,TE,ethan_horton,22.0,0.0,1.0
1992,RAI,Andrew Glover,Andrew,Glover,TE,87.0,25,78,250,Grambling St.,8/12/1967,1,16,2,1.0,1991.0,0,0,0,TE,TE,andrew_glover,22.0,0.0,0.0
1992,RAI,Andrew Glover,Andrew,Glover,TE,87.0,25,78,250,Grambling St.,8/12/1967,1,16,2,1.0,1991.0,0,0,0,TE,TE,andrew_glover,22.0,0.0,0.0
1992,RAI,David Jones,David,Jones,TE,82.0,24,74,220,Delaware St.,11/9/1968,Rook,16,0,0.0,1991.0,0,0,0,TE,TE,david_jones,0.0,0.0,0.0
1992,RAI,David Jones,David,Jones,TE,82.0,24,74,220,Delaware St.,11/9/1968,Rook,16,0,0.0,1991.0,0,0,0,TE,TE,david_jones,6.0,0.0,0.0
1992,RAI,David Jones,David,Jones,TE,82.0,24,74,220,Delaware St.,11/9/1968,Rook,16,0,0.0,1991.0,0,0,0,TE,TE,david_jones,0.0,0.0,0.0
1992,RAI,David Jones,David,Jones,TE,82.0,24,74,220,Delaware St.,11/9/1968,Rook,16,0,0.0,1991.0,0,0,0,TE,TE,david_jones,6.0,0.0,0.0
1992,RAI,Kevin Smith,Kevin,Smith,TE,39.0,23,76,255,UCLA,7/25/1969,Rook,1,0,0.0,1992.0,0,0,0,TE,TE,kevin_smith,38.0,0.0,0.0
1992,RAI,Kevin Smith,Kevin,Smith,TE,39.0,23,76,255,UCLA,7/25/1969,Rook,1,0,0.0,1992.0,0,0,0,TE,TE,kevin_smith,0.0,0.0,0.0
1992,RAI,Kevin Smith,Kevin,Smith,TE,39.0,23,76,255,UCLA,7/25/1969,Rook,1,0,0.0,1992.0,0,0,0,TE,TE,kevin_smith,19.0,0.0,0.0
1992,RAI,David Jones,David,Jones,TE,82.0,24,74,220,Delaware St.,11/9/1968,Rook,16,0,0.0,1991.0,0,0,0,TE,TE,david_jones,0.0,0.0,0.0
1992,RAI,David Jones,David,Jones,TE,82.0,24,74,220,Delaware St.,11/9/1968,Rook,16,0,0.0,1991.0,0,0,0,TE,TE,david_jones,6.0,0.0,0.0
1992,RAI,David Jones,David,Jones,TE,82.0,24,74,220,Delaware St.,11/9/1968,Rook,16,0,0.0,1991.0,0,0,0,TE,TE,david_jones,0.0,0.0,0.0
1992,RAI,David Jones,David,Jones,TE,82.0,24,74,220,Delaware St.,11/9/1968,Rook,16,0,0.0,1991.0,0,0,0,TE,TE,david_jones,6.0,0.0,0.0
1992,RAI,Kevin Smith,Kevin,Smith,TE,39.0,23,76,255,UCLA,7/25/1969,Rook,1,0,0.0,1992.0,0,0,0,TE,TE,kevin_smith,38.0,0.0,0.0
1992,RAI,Kevin Smith,Kevin,Smith,TE,39.0,23,76,255,UCLA,7/25/1969,Rook,1,0,0.0,1992.0,0,0,0,TE,TE,kevin_smith,0.0,0.0,0.0
1992,RAI,Kevin Smith,Kevin,Smith,TE,39.0,23,76,255,UCLA,7/25/1969,Rook,1,0,0.0,1992.0,0,0,0,TE,TE,kevin_smith,19.0,0.0,0.0
1992,RAM,Jim Price,Jim,Price,TE,87.0,26,76,247,Stanford,10/2/1966,1,15,3,3.0,,0,0,0,TE,TE,jim_price,6.0,0.0,0.0
1992,RAM,Jim Price,Jim,Price,TE,87.0,26,76,247,Stanford,10/2/1966,1,15,3,3.0,,0,0,0,TE,TE,jim_price,0.0,0.0,0.0
1992,RAM,Jim Price,Jim,Price,TE,87.0,26,76,247,Stanford,10/2/1966,1,15,3,3.0,,0,0,0,TE,TE,jim_price,6.0,0.0,0.0
1992,RAM,Jim Price,Jim,Price,TE,87.0,26,76,247,Stanford,10/2/1966,1,15,3,3.0,,0,0,0,TE,TE,jim_price,0.0,0.0,0.0
1992,RAM,Pat Carter,Pat,Carter,TE,88.0,26,76,256,Florida St.,8/1/1966,4,16,16,2.0,1988.0,0,0,0,TE,TE,pat_carter,9.0,0.0,0.0
1992,RAM,Pat Carter,Pat,Carter,TE,88.0,26,76,256,Florida St.,8/1/1966,4,16,16,2.0,1988.0,0,0,0,TE,TE,pat_carter,9.0,0.0,0.0
1992,RAM,Travis McNeal,Travis,McNeal,TE,82.0,25,75,248,Chattanooga,1/10/1967,3,12,0,1.0,1989.0,0,0,0,TE,TE,travis_mcneal,6.0,0.0,0.0
1992,RAM,Travis McNeal,Travis,McNeal,TE,82.0,25,75,248,Chattanooga,1/10/1967,3,12,0,1.0,1989.0,0,0,0,TE,TE,travis_mcneal,6.0,0.0,0.0
1992,RAM,Damone Johnson,Damone,Johnson,TE,86.0,30,76,230,Cal Poly-San Luis Obispo,3/2/1962,6,4,0,0.0,1985.0,0,0,0,TE,TE,damone_johnson,8.0,0.0,0.0
1992,RAM,Damone Johnson,Damone,Johnson,TE,86.0,30,76,230,Cal Poly-San Luis Obispo,3/2/1962,6,4,0,0.0,1985.0,0,0,0,TE,TE,damone_johnson,8.0,0.0,0.0
1992,SDG,Derrick Walker,Derrick,Walker,TE,89.0,25,72,246,Michigan,6/23/1967,2,16,16,4.0,1990.0,0,0,0,TE,TE,derrick_walker,16.0,0.0,0.0
1992,SDG,Derrick Walker,Derrick,Walker,TE,89.0,25,72,246,Michigan,6/23/1967,2,16,16,4.0,1990.0,0,0,0,TE,TE,derrick_walker,16.0,0.0,0.0
1992,SDG,Deems May,Deems,May,TE,88.0,23,76,263,North Carolina,3/6/1969,Rook,16,6,0.0,1992.0,0,0,0,TE,TE,deems_may,2.0,0.0,0.0
1992,SDG,Alfred Pupunu,Alfred,Pupunu,TE,86.0,23,74,260,Weber St.,10/17/1969,Rook,15,2,0.0,,0,0,0,TE,TE,alfred_pupunu,0.0,0.0,0.0
1992,SDG,Duane Young,Duane,Young,TE,87.0,24,75,270,Michigan St.,5/29/1968,1,16,14,0.0,1991.0,0,0,0,TE,TE,duane_young,3.0,0.0,0.0
1992,SDG,Deems May,Deems,May,TE,88.0,23,76,263,North Carolina,3/6/1969,Rook,16,6,0.0,1992.0,0,0,0,TE,TE,deems_may,2.0,0.0,0.0
1992,SDG,Alfred Pupunu,Alfred,Pupunu,TE,86.0,23,74,260,Weber St.,10/17/1969,Rook,15,2,0.0,,0,0,0,TE,TE,alfred_pupunu,0.0,0.0,0.0
1992,SDG,Duane Young,Duane,Young,TE,87.0,24,75,270,Michigan St.,5/29/1968,1,16,14,0.0,1991.0,0,0,0,TE,TE,duane_young,3.0,0.0,0.0
1992,SEA,Paul Green,Paul,Green,TE,87.0,26,75,236,USC,10/8/1966,3,4,4,0.0,1989.0,0,0,0,TE,TE,paul_green,5.0,0.0,0.0
1992,SEA,Ron Heller,Ron,Heller,TE,82.0,29,75,236,Oregon St.,9/18/1963,5,16,11,0.0,,0,0,0,TE,TE,ron_heller,62.0,0.0,0.0
1992,SEA,Ron Heller,Ron,Heller,TE,82.0,29,75,236,Oregon St.,9/18/1963,5,16,11,0.0,,0,0,0,TE,TE,ron_heller,0.0,0.0,0.0
1992,SEA,Mike Jones,Mike,Jones,TE,47.0,26,75,255,"Michigan,Texas A&M",11/10/1966,2,4,1,0.0,1990.0,0,0,0,TE,TE,mike_jones,0.0,0.0,0.0
1992,SEA,Mike Jones,Mike,Jones,TE,47.0,26,75,255,"Michigan,Texas A&M",11/10/1966,2,4,1,0.0,1990.0,0,0,0,TE,TE,mike_jones,0.0,0.0,0.0
1992,SEA,Mike Jones,Mike,Jones,TE,47.0,26,75,255,"Michigan,Texas A&M",11/10/1966,2,4,1,0.0,1990.0,0,0,0,TE,TE,mike_jones,22.0,0.0,0.0
1992,SEA,Mike Jones,Mike,Jones,TE,47.0,26,75,255,"Michigan,Texas A&M",11/10/1966,2,4,1,0.0,1990.0,0,0,0,TE,TE,mike_jones,0.0,0.0,0.0
1992,SEA,Mike Jones,Mike,Jones,TE,47.0,26,75,255,"Michigan,Texas A&M",11/10/1966,2,4,1,0.0,1990.0,0,0,0,TE,TE,mike_jones,0.0,0.0,0.0
1992,SEA,Mike Jones,Mike,Jones,TE,47.0,26,75,255,"Michigan,Texas A&M",11/10/1966,2,4,1,0.0,1990.0,0,0,0,TE,TE,mike_jones,0.0,0.0,0.0
1992,SEA,Mike Jones,Mike,Jones,TE,47.0,26,75,255,"Michigan,Texas A&M",11/10/1966,2,4,1,0.0,1990.0,0,0,0,TE,TE,mike_jones,36.0,0.0,0.0
1992,SEA,Mike Jones,Mike,Jones,TE,47.0,26,75,255,"Michigan,Texas A&M",11/10/1966,2,4,1,0.0,1990.0,0,0,0,TE,TE,mike_jones,0.0,0.0,0.0
1992,SEA,Paul Green,Paul,Green,TE,87.0,26,75,236,USC,10/8/1966,3,4,4,0.0,1989.0,0,0,0,TE,TE,paul_green,5.0,0.0,0.0
1992,SEA,Ron Heller,Ron,Heller,TE,82.0,29,75,236,Oregon St.,9/18/1963,5,16,11,0.0,,0,0,0,TE,TE,ron_heller,62.0,0.0,0.0
1992,SEA,Ron Heller,Ron,Heller,TE,82.0,29,75,236,Oregon St.,9/18/1963,5,16,11,0.0,,0,0,0,TE,TE,ron_heller,0.0,0.0,0.0
1992,SEA,Mike Jones,Mike,Jones,TE,47.0,26,75,255,"Michigan,Texas A&M",11/10/1966,2,4,1,0.0,1990.0,0,0,0,TE,TE,mike_jones,0.0,0.0,0.0
1992,SEA,Mike Jones,Mike,Jones,TE,47.0,26,75,255,"Michigan,Texas A&M",11/10/1966,2,4,1,0.0,1990.0,0,0,0,TE,TE,mike_jones,0.0,0.0,0.0
1992,SEA,Mike Jones,Mike,Jones,TE,47.0,26,75,255,"Michigan,Texas A&M",11/10/1966,2,4,1,0.0,1990.0,0,0,0,TE,TE,mike_jones,22.0,0.0,0.0
1992,SEA,Mike Jones,Mike,Jones,TE,47.0,26,75,255,"Michigan,Texas A&M",11/10/1966,2,4,1,0.0,1990.0,0,0,0,TE,TE,mike_jones,0.0,0.0,0.0
1992,SEA,Mike Jones,Mike,Jones,TE,47.0,26,75,255,"Michigan,Texas A&M",11/10/1966,2,4,1,0.0,1990.0,0,0,0,TE,TE,mike_jones,0.0,0.0,0.0
1992,SEA,Mike Jones,Mike,Jones,TE,47.0,26,75,255,"Michigan,Texas A&M",11/10/1966,2,4,1,0.0,1990.0,0,0,0,TE,TE,mike_jones,0.0,0.0,0.0
1992,SEA,Mike Jones,Mike,Jones,TE,47.0,26,75,255,"Michigan,Texas A&M",11/10/1966,2,4,1,0.0,1990.0,0,0,0,TE,TE,mike_jones,36.0,0.0,0.0
1992,SEA,Mike Jones,Mike,Jones,TE,47.0,26,75,255,"Michigan,Texas A&M",11/10/1966,2,4,1,0.0,1990.0,0,0,0,TE,TE,mike_jones,0.0,0.0,0.0
1992,SFO,Brent Jones,Brent,Jones,TE,84.0,29,76,230,Santa Clara,2/12/1963,5,15,15,8.0,1986.0,0,0,0,TE,TE,brent_jones,50.0,0.0,4.0
1992,SFO,Brent Jones,Brent,Jones,TE,84.0,29,76,230,Santa Clara,2/12/1963,5,15,15,8.0,1986.0,0,0,0,TE,TE,brent_jones,50.0,0.0,4.0
1992,SFO,Jamie Williams,Jamie,Williams,TE,81.0,32,76,240,Nebraska,2/25/1960,9,16,1,1.0,1983.0,0,0,0,TE,TE,jamie_williams,16.0,0.0,0.0
1992,SFO,Jamie Williams,Jamie,Williams,TE,81.0,32,76,240,Nebraska,2/25/1960,9,16,1,1.0,1983.0,0,0,0,TE,TE,jamie_williams,16.0,0.0,0.0
1992,SFO,Chris Dressel,Chris,Dressel,TE,47.0,31,76,238,Stanford,2/7/1961,9,1,0,0.0,1983.0,0,0,0,TE,TE,chris_dressel,8.0,0.0,0.0
1992,SFO,Chris Dressel,Chris,Dressel,TE,47.0,31,76,238,Stanford,2/7/1961,9,1,0,0.0,1983.0,0,0,0,TE,TE,chris_dressel,8.0,0.0,0.0
1992,TAM,Ron Hall,Ron,Hall,TE,82.0,28,76,245,"Cal Poly-Pomona,Hawaii",3/15/1964,5,12,11,3.0,1987.0,0,0,0,TE,TE,ron_hall,45.0,1.0,1.0
1992,TAM,Ron Hall,Ron,Hall,TE,82.0,28,76,245,"Cal Poly-Pomona,Hawaii",3/15/1964,5,12,11,3.0,1987.0,0,0,0,TE,TE,ron_hall,18.0,0.0,0.0
1992,TAM,Ron Hall,Ron,Hall,TE,82.0,28,76,245,"Cal Poly-Pomona,Hawaii",3/15/1964,5,12,11,3.0,1987.0,0,0,0,TE,TE,ron_hall,45.0,1.0,1.0
1992,TAM,Ron Hall,Ron,Hall,TE,82.0,28,76,245,"Cal Poly-Pomona,Hawaii",3/15/1964,5,12,11,3.0,1987.0,0,0,0,TE,TE,ron_hall,18.0,0.0,0.0
1992,TAM,Tyji Armstrong,Tyji,Armstrong,TE,86.0,22,76,259,"Iowa Central,Mississippi",10/3/1970,Rook,15,7,1.0,1992.0,0,0,0,TE,TE,tyji_armstrong,4.0,0.0,0.0
1992,TAM,Tyji Armstrong,Tyji,Armstrong,TE,86.0,22,76,259,"Iowa Central,Mississippi",10/3/1970,Rook,15,7,1.0,1992.0,0,0,0,TE,TE,tyji_armstrong,4.0,0.0,0.0
1992,TAM,Jesse Anderson,Jesse,Anderson,TE,89.0,26,74,245,Mississippi St.,7/26/1966,2,1,0,0.0,1990.0,0,0,0,TE,TE,jesse_anderson,2.0,0.0,0.0
1992,TAM,Todd Harrison,Todd,Harrison,TE,89.0,23,76,260,North Carolina St.,3/20/1969,Rook,1,0,0.0,1992.0,0,0,0,TE,TE,todd_harrison,0.0,0.0,0.0
1992,TAM,Dave Moore,Dave,Moore,TE,83.0,23,74,250,Pittsburgh,11/11/1969,Rook,4,2,0.0,1992.0,0,0,0,TE,TE,dave_moore,18.0,0.0,1.0
1992,TAM,Jesse Anderson,Jesse,Anderson,TE,89.0,26,74,245,Mississippi St.,7/26/1966,2,1,0,0.0,1990.0,0,0,0,TE,TE,jesse_anderson,2.0,0.0,0.0
1992,TAM,Todd Harrison,Todd,Harrison,TE,89.0,23,76,260,North Carolina St.,3/20/1969,Rook,1,0,0.0,1992.0,0,0,0,TE,TE,todd_harrison,0.0,0.0,0.0
1992,TAM,Dave Moore,Dave,Moore,TE,83.0,23,74,250,Pittsburgh,11/11/1969,Rook,4,2,0.0,1992.0,0,0,0,TE,TE,dave_moore,18.0,0.0,1.0
1992,WAS,Terry Orr,Terry,Orr,TE,89.0,31,75,231,Texas,9/27/1961,6,16,7,4.0,1985.0,0,0,0,TE,TE,terry_orr,10.0,0.0,0.0
1992,WAS,Terry Orr,Terry,Orr,TE,89.0,31,75,231,Texas,9/27/1961,6,16,7,4.0,1985.0,0,0,0,TE,TE,terry_orr,10.0,0.0,0.0
1992,WAS,Ron Middleton,Ron,Middleton,TE,87.0,27,74,262,Auburn,7/17/1965,6,16,12,1.0,,0,0,0,TE,TE,ron_middleton,0.0,0.0,0.0
1992,WAS,Ron Middleton,Ron,Middleton,TE,87.0,27,74,262,Auburn,7/17/1965,6,16,12,1.0,,0,0,0,TE,TE,ron_middleton,0.0,0.0,0.0
1992,WAS,John Brandes,John,Brandes,TE,82.0,28,74,249,Cameron,4/2/1964,5,1,0,0.0,,0,0,0,TE,TE,john_brandes,0.0,0.0,0.0
1992,WAS,James Jenkins,James,Jenkins,TE,88.0,25,74,243,Rutgers,8/17/1967,1,5,1,0.0,,0,0,0,TE,TE,james_jenkins,0.0,0.0,0.0
1992,WAS,Ray Rowe,Ray,Rowe,TE,82.0,23,74,256,San Diego St.,7/28/1969,Rook,3,0,0.0,1992.0,0,0,0,TE,TE,ray_rowe,0.0,0.0,0.0
1992,WAS,Don Warren,Don,Warren,TE,85.0,36,76,242,San Diego St.,5/5/1956,13,11,10,0.0,1979.0,0,0,0,TE,TE,don_warren,22.0,0.0,0.0
1992,WAS,John Brandes,John,Brandes,TE,82.0,28,74,249,Cameron,4/2/1964,5,1,0,0.0,,0,0,0,TE,TE,john_brandes,0.0,0.0,0.0
1992,WAS,James Jenkins,James,Jenkins,TE,88.0,25,74,243,Rutgers,8/17/1967,1,5,1,0.0,,0,0,0,TE,TE,james_jenkins,0.0,0.0,0.0
1992,WAS,Ray Rowe,Ray,Rowe,TE,82.0,23,74,256,San Diego St.,7/28/1969,Rook,3,0,0.0,1992.0,0,0,0,TE,TE,ray_rowe,0.0,0.0,0.0
1992,WAS,Don Warren,Don,Warren,TE,85.0,36,76,242,San Diego St.,5/5/1956,13,11,10,0.0,1979.0,0,0,0,TE,TE,don_warren,22.0,0.0,0.0
1993,ATL,Mitch Lyons,Mitch,Lyons,TE,86.0,23,77,265,Michigan St.,5/13/1970,Rook,16,8,1.0,1993.0,0,0,0,TE,TE,mitch_lyons,3.0,0.0,0.0
1993,ATL,Mike Ruether,Mike,Ruether,TE,55.0,31,76,279,Texas,9/20/1962,7,16,0,1.0,,0,0,0,TE,TE,mike_ruether,0.0,0.0,0.0
1993,ATL,Mitch Lyons,Mitch,Lyons,TE,86.0,23,77,265,Michigan St.,5/13/1970,Rook,16,8,1.0,1993.0,0,0,0,TE,TE,mitch_lyons,3.0,0.0,0.0
1993,ATL,Mike Ruether,Mike,Ruether,TE,55.0,31,76,279,Texas,9/20/1962,7,16,0,1.0,,0,0,0,TE,TE,mike_ruether,0.0,0.0,0.0
1993,ATL,Harper LeBel,Harper,LeBel,TE,88.0,30,76,250,Colorado St.,7/14/1963,4,16,0,0.0,1985.0,0,0,0,TE,TE,harper_lebel,0.0,0.0,0.0
1993,ATL,Harper LeBel,Harper,LeBel,TE,88.0,30,76,250,Colorado St.,7/14/1963,4,16,0,0.0,1985.0,0,0,0,TE,TE,harper_lebel,0.0,0.0,0.0
1993,BUF,Pete Metzelaars,Pete,Metzelaars,TE,88.0,33,79,254,Wabash,5/24/1960,11,16,16,6.0,1982.0,0,0,0,TE,TE,pete_metzelaars,28.0,0.0,0.0
1993,BUF,Pete Metzelaars,Pete,Metzelaars,TE,88.0,33,79,254,Wabash,5/24/1960,11,16,16,6.0,1982.0,0,0,0,TE,TE,pete_metzelaars,28.0,0.0,0.0
1993,BUF,Robert Awalt,Robert,Awalt,TE,86.0,29,77,258,"Nevada,Sacramento CC,San Diego St.",4/9/1964,6,12,1,0.0,1987.0,0,0,0,TE,TE,robert_awalt,13.0,0.0,0.0
1993,BUF,Keith McKeller,Keith,McKeller,TE,84.0,29,78,240,Jacksonville St.,7/9/1964,6,8,1,0.0,1987.0,0,0,0,TE,TE,keith_mckeller,16.0,0.0,0.0
1993,BUF,Nate Turner,Nate,Turner,TE,21.0,24,73,255,Nebraska,5/28/1969,1,13,0,0.0,1992.0,0,0,0,TE,TE,nate_turner,0.0,0.0,0.0
1993,BUF,Robert Awalt,Robert,Awalt,TE,86.0,29,77,258,"Nevada,Sacramento CC,San Diego St.",4/9/1964,6,12,1,0.0,1987.0,0,0,0,TE,TE,robert_awalt,13.0,0.0,0.0
1993,BUF,Keith McKeller,Keith,McKeller,TE,84.0,29,78,240,Jacksonville St.,7/9/1964,6,8,1,0.0,1987.0,0,0,0,TE,TE,keith_mckeller,16.0,0.0,0.0
1993,BUF,Nate Turner,Nate,Turner,TE,21.0,24,73,255,Nebraska,5/28/1969,1,13,0,0.0,1992.0,0,0,0,TE,TE,nate_turner,0.0,0.0,0.0
1993,CHI,Chris Gedney,Chris,Gedney,TE,84.0,23,77,258,Syracuse,8/9/1970,Rook,7,4,1.0,1993.0,0,0,0,TE,TE,chris_gedney,8.0,0.0,0.0
1993,CHI,Keith Jennings,Keith,Jennings,TE,85.0,27,76,262,Clemson,5/19/1966,4,13,10,1.0,1989.0,0,0,0,TE,TE,keith_jennings,7.0,0.0,0.0
1993,CHI,Ryan Wetnight,Ryan,Wetnight,TE,89.0,23,74,235,Stanford,11/5/1970,Rook,10,1,1.0,,0,0,0,TE,TE,ryan_wetnight,0.0,0.0,0.0
1993,CHI,Danta Whitaker,Danta,Whitaker,TE,88.0,29,76,252,Miss. Valley St.,3/14/1964,3,5,4,1.0,1988.0,0,0,0,TE,TE,danta_whitaker,1.0,0.0,0.0
1993,CHI,Chris Gedney,Chris,Gedney,TE,84.0,23,77,258,Syracuse,8/9/1970,Rook,7,4,1.0,1993.0,0,0,0,TE,TE,chris_gedney,8.0,0.0,0.0
1993,CHI,Keith Jennings,Keith,Jennings,TE,85.0,27,76,262,Clemson,5/19/1966,4,13,10,1.0,1989.0,0,0,0,TE,TE,keith_jennings,7.0,0.0,0.0
1993,CHI,Ryan Wetnight,Ryan,Wetnight,TE,89.0,23,74,235,Stanford,11/5/1970,Rook,10,1,1.0,,0,0,0,TE,TE,ryan_wetnight,0.0,0.0,0.0
1993,CHI,Danta Whitaker,Danta,Whitaker,TE,88.0,29,76,252,Miss. Valley St.,3/14/1964,3,5,4,1.0,1988.0,0,0,0,TE,TE,danta_whitaker,1.0,0.0,0.0
1993,CIN,Tony McGee,Tony,McGee,TE,82.0,22,75,247,Michigan,4/21/1971,Rook,15,15,4.0,1993.0,0,0,0,TE,TE,tony_mcgee,38.0,0.0,0.0
1993,CIN,Tony McGee,Tony,McGee,TE,82.0,22,75,247,Michigan,4/21/1971,Rook,15,15,4.0,1993.0,0,0,0,TE,TE,tony_mcgee,28.0,0.0,0.0
1993,CIN,Tony McGee,Tony,McGee,TE,82.0,22,75,247,Michigan,4/21/1971,Rook,15,15,4.0,1993.0,0,0,0,TE,TE,tony_mcgee,38.0,0.0,0.0
1993,CIN,Tony McGee,Tony,McGee,TE,82.0,22,75,247,Michigan,4/21/1971,Rook,15,15,4.0,1993.0,0,0,0,TE,TE,tony_mcgee,28.0,0.0,0.0
1993,CIN,Craig Thompson,Craig,Thompson,TE,48.0,24,74,244,North Carolina A&T,1/13/1969,1,13,0,1.0,1992.0,0,0,0,TE,TE,craig_thompson,3.0,0.0,0.0
1993,CIN,Craig Thompson,Craig,Thompson,TE,48.0,24,74,244,North Carolina A&T,1/13/1969,1,13,0,1.0,1992.0,0,0,0,TE,TE,craig_thompson,3.0,0.0,0.0
1993,CIN,David Frisch,David,Frisch,TE,47.0,23,79,260,"Iowa Central,Missouri,Colorado St.",6/22/1970,Rook,11,2,0.0,,0,0,0,TE,TE,david_frisch,0.0,0.0,0.0
1993,CIN,Jeff Thomason,Jeff,Thomason,TE,49.0,24,77,255,Oregon,12/30/1969,1,3,0,0.0,,0,0,0,TE,TE,jeff_thomason,0.0,0.0,0.0
1993,CIN,David Frisch,David,Frisch,TE,47.0,23,79,260,"Iowa Central,Missouri,Colorado St.",6/22/1970,Rook,11,2,0.0,,0,0,0,TE,TE,david_frisch,0.0,0.0,0.0
1993,CIN,Jeff Thomason,Jeff,Thomason,TE,49.0,24,77,255,Oregon,12/30/1969,1,3,0,0.0,,0,0,0,TE,TE,jeff_thomason,0.0,0.0,0.0
1993,CLE,Brian Kinchen,Brian,Kinchen,TE,88.0,28,74,240,LSU,8/6/1965,5,16,15,3.0,1988.0,0,0,0,TE,TE,brian_kinchen,15.0,0.0,0.0
1993,CLE,Brian Kinchen,Brian,Kinchen,TE,88.0,28,74,240,LSU,8/6/1965,5,16,15,3.0,1988.0,0,0,0,TE,TE,brian_kinchen,15.0,0.0,0.0
1993,CLE,Thomas McLemore,Thomas,McLemore,TE,80.0,23,77,245,Southern,3/14/1970,1,4,0,0.0,1992.0,0,0,0,TE,TE,thomas_mclemore,0.0,0.0,0.0
1993,CLE,Clarence Williams,Clarence,Williams,TE,49.0,24,74,240,Washington St.,8/7/1969,Rook,7,1,0.0,1993.0,0,0,0,TE,TE,clarence_williams,47.0,0.0,0.0
1993,CLE,Clarence Williams,Clarence,Williams,TE,49.0,24,74,240,Washington St.,8/7/1969,Rook,7,1,0.0,1993.0,0,0,0,TE,TE,clarence_williams,16.0,0.0,0.0
1993,CLE,Clarence Williams,Clarence,Williams,TE,49.0,24,74,240,Washington St.,8/7/1969,Rook,7,1,0.0,1993.0,0,0,0,TE,TE,clarence_williams,0.0,0.0,0.0
1993,CLE,Clarence Williams,Clarence,Williams,TE,49.0,24,74,240,Washington St.,8/7/1969,Rook,7,1,0.0,1993.0,0,0,0,TE,TE,clarence_williams,0.0,0.0,0.0
1993,CLE,Thomas McLemore,Thomas,McLemore,TE,80.0,23,77,245,Southern,3/14/1970,1,4,0,0.0,1992.0,0,0,0,TE,TE,thomas_mclemore,0.0,0.0,0.0
1993,CLE,Clarence Williams,Clarence,Williams,TE,49.0,24,74,240,Washington St.,8/7/1969,Rook,7,1,0.0,1993.0,0,0,0,TE,TE,clarence_williams,47.0,0.0,0.0
1993,CLE,Clarence Williams,Clarence,Williams,TE,49.0,24,74,240,Washington St.,8/7/1969,Rook,7,1,0.0,1993.0,0,0,0,TE,TE,clarence_williams,16.0,0.0,0.0
1993,CLE,Clarence Williams,Clarence,Williams,TE,49.0,24,74,240,Washington St.,8/7/1969,Rook,7,1,0.0,1993.0,0,0,0,TE,TE,clarence_williams,0.0,0.0,0.0
1993,CLE,Clarence Williams,Clarence,Williams,TE,49.0,24,74,240,Washington St.,8/7/1969,Rook,7,1,0.0,1993.0,0,0,0,TE,TE,clarence_williams,0.0,0.0,0.0
1993,CLT,Kerry Cash,Kerry,Cash,TE,88.0,24,76,245,Texas,8/7/1969,2,16,14,2.0,1991.0,0,0,0,TE,TE,kerry_cash,9.0,0.0,0.0
1993,CLT,Kerry Cash,Kerry,Cash,TE,88.0,24,76,245,Texas,8/7/1969,2,16,14,2.0,1991.0,0,0,0,TE,TE,kerry_cash,9.0,0.0,0.0
1993,CLT,Charles Arbuckle,Charles,Arbuckle,TE,81.0,25,75,248,UCLA,9/13/1968,1,16,2,1.0,1990.0,0,0,0,TE,TE,charles_arbuckle,2.0,0.0,0.0
1993,CLT,Charles Arbuckle,Charles,Arbuckle,TE,81.0,25,75,248,UCLA,9/13/1968,1,16,2,1.0,1990.0,0,0,0,TE,TE,charles_arbuckle,2.0,0.0,0.0
1993,CRD,Walter Reeves,Walter,Reeves,TE,86.0,28,76,270,Auburn,12/16/1965,4,16,15,1.0,1989.0,0,0,0,TE,TE,walter_reeves,3.0,0.0,0.0
1993,CRD,Butch Rolle,Butch,Rolle,TE,82.0,29,75,242,Michigan St.,8/19/1964,7,16,5,1.0,1986.0,0,0,0,TE,TE,butch_rolle,2.0,0.0,0.0
1993,CRD,Walter Reeves,Walter,Reeves,TE,86.0,28,76,270,Auburn,12/16/1965,4,16,15,1.0,1989.0,0,0,0,TE,TE,walter_reeves,3.0,0.0,0.0
1993,CRD,Butch Rolle,Butch,Rolle,TE,82.0,29,75,242,Michigan St.,8/19/1964,7,16,5,1.0,1986.0,0,0,0,TE,TE,butch_rolle,2.0,0.0,0.0
1993,CRD,Pat Beach,Pat,Beach,TE,89.0,34,76,247,Washington St.,12/28/1959,11,15,0,0.0,1982.0,0,0,0,TE,TE,pat_beach,13.0,0.0,0.0
1993,CRD,Chad Fann,Chad,Fann,TE,80.0,23,75,252,"Mississippi,Florida A&M",6/7/1970,Rook,1,0,0.0,,0,0,0,TE,TE,chad_fann,0.0,0.0,0.0
1993,CRD,Derek Ware,Derek,Ware,TE,85.0,26,74,255,"Sacramento CC,Texas A&M,Central Oklahoma",9/17/1967,1,16,1,0.0,1992.0,0,0,0,TE,TE,derek_ware,1.0,0.0,0.0
1993,CRD,Pat Beach,Pat,Beach,TE,89.0,34,76,247,Washington St.,12/28/1959,11,15,0,0.0,1982.0,0,0,0,TE,TE,pat_beach,13.0,0.0,0.0
1993,CRD,Chad Fann,Chad,Fann,TE,80.0,23,75,252,"Mississippi,Florida A&M",6/7/1970,Rook,1,0,0.0,,0,0,0,TE,TE,chad_fann,0.0,0.0,0.0
1993,CRD,Derek Ware,Derek,Ware,TE,85.0,26,74,255,"Sacramento CC,Texas A&M,Central Oklahoma",9/17/1967,1,16,1,0.0,1992.0,0,0,0,TE,TE,derek_ware,1.0,0.0,0.0
1993,DAL,Jay Novacek,Jay,Novacek,TE,84.0,31,76,234,Wyoming,10/24/1962,8,16,16,6.0,1985.0,0,0,0,TE,TE,jay_novacek,44.0,1.0,5.0
1993,DAL,Jay Novacek,Jay,Novacek,TE,84.0,31,76,234,Wyoming,10/24/1962,8,16,16,6.0,1985.0,0,0,0,TE,TE,jay_novacek,44.0,1.0,5.0
1993,DAL,Kelly Blackwell,Kelly,Blackwell,TE,89.0,24,73,255,TCU,2/13/1969,1,2,0,0.0,,0,0,0,TE,TE,kelly_blackwell,0.0,0.0,0.0
1993,DAL,Scott Galbraith,Scott,Galbraith,TE,89.0,26,74,258,USC,1/7/1967,3,7,0,0.0,1990.0,0,0,0,TE,TE,scott_galbraith,6.0,0.0,0.0
1993,DAL,Joey Mickey,Joey,Mickey,TE,83.0,23,77,274,Oklahoma,11/29/1970,Rook,5,0,0.0,1993.0,0,0,0,TE,TE,joey_mickey,0.0,0.0,0.0
1993,DAL,Jim Price,Jim,Price,TE,89.0,27,76,247,Stanford,10/2/1966,2,3,0,0.0,,0,0,0,TE,TE,jim_price,6.0,0.0,0.0
1993,DAL,Jim Price,Jim,Price,TE,89.0,27,76,247,Stanford,10/2/1966,2,3,0,0.0,,0,0,0,TE,TE,jim_price,0.0,0.0,0.0
1993,DAL,Kelly Blackwell,Kelly,Blackwell,TE,89.0,24,73,255,TCU,2/13/1969,1,2,0,0.0,,0,0,0,TE,TE,kelly_blackwell,0.0,0.0,0.0
1993,DAL,Scott Galbraith,Scott,Galbraith,TE,89.0,26,74,258,USC,1/7/1967,3,7,0,0.0,1990.0,0,0,0,TE,TE,scott_galbraith,6.0,0.0,0.0
1993,DAL,Joey Mickey,Joey,Mickey,TE,83.0,23,77,274,Oklahoma,11/29/1970,Rook,5,0,0.0,1993.0,0,0,0,TE,TE,joey_mickey,0.0,0.0,0.0
1993,DAL,Jim Price,Jim,Price,TE,89.0,27,76,247,Stanford,10/2/1966,2,3,0,0.0,,0,0,0,TE,TE,jim_price,6.0,0.0,0.0
1993,DAL,Jim Price,Jim,Price,TE,89.0,27,76,247,Stanford,10/2/1966,2,3,0,0.0,,0,0,0,TE,TE,jim_price,0.0,0.0,0.0
1993,DEN,Shannon Sharpe,Shannon,Sharpe,TE,84.0,25,74,228,Savannah St.,6/26/1968,3,16,12,11.0,1990.0,0,0,0,TE,TE,shannon_sharpe,82.0,4.0,8.0
1993,DEN,Shannon Sharpe,Shannon,Sharpe,TE,84.0,25,74,228,Savannah St.,6/26/1968,3,16,12,11.0,1990.0,0,0,0,TE,TE,shannon_sharpe,82.0,4.0,8.0
1993,DEN,Reggie Johnson,Reggie,Johnson,TE,89.0,25,74,256,Florida St.,1/27/1968,2,13,12,3.0,1991.0,0,0,0,TE,TE,reggie_johnson,8.0,0.0,0.0
1993,DEN,Reggie Johnson,Reggie,Johnson,TE,89.0,25,74,256,Florida St.,1/27/1968,2,13,12,3.0,1991.0,0,0,0,TE,TE,reggie_johnson,0.0,0.0,0.0
1993,DEN,Reggie Johnson,Reggie,Johnson,TE,89.0,25,74,256,Florida St.,1/27/1968,2,13,12,3.0,1991.0,0,0,0,TE,TE,reggie_johnson,8.0,0.0,0.0
1993,DEN,Reggie Johnson,Reggie,Johnson,TE,89.0,25,74,256,Florida St.,1/27/1968,2,13,12,3.0,1991.0,0,0,0,TE,TE,reggie_johnson,0.0,0.0,0.0
1993,DEN,Jerry Evans,Jerry,Evans,TE,88.0,25,76,250,Toledo,9/28/1968,1,14,2,0.0,1991.0,0,0,0,TE,TE,jerry_evans,2.0,0.0,0.0
1993,DEN,Jerry Evans,Jerry,Evans,TE,88.0,25,76,250,Toledo,9/28/1968,1,14,2,0.0,1991.0,0,0,0,TE,TE,jerry_evans,2.0,0.0,0.0
1993,DET,Rodney Holman,Rodney,Holman,TE,82.0,33,75,238,Tulane,4/20/1960,11,16,16,2.0,1982.0,0,0,0,TE,TE,rodney_holman,40.0,0.0,3.0
1993,DET,Rodney Holman,Rodney,Holman,TE,82.0,33,75,238,Tulane,4/20/1960,11,16,16,2.0,1982.0,0,0,0,TE,TE,rodney_holman,40.0,0.0,3.0
1993,DET,Ty Hallock,Ty,Hallock,TE,49.0,22,74,252,Michigan St.,4/30/1971,Rook,16,4,1.0,1993.0,0,0,0,TE,TE,ty_hallock,6.0,0.0,0.0
1993,DET,Ty Hallock,Ty,Hallock,TE,49.0,22,74,252,Michigan St.,4/30/1971,Rook,16,4,1.0,1993.0,0,0,0,TE,TE,ty_hallock,6.0,0.0,0.0
1993,DET,Jimmie Johnson,Jimmie,Johnson,TE,89.0,27,74,252,Howard,10/6/1966,4,6,4,0.0,1989.0,0,0,0,TE,TE,jimmie_johnson,5.0,0.0,0.0
1993,DET,Marty Thompson,Marty,Thompson,TE,81.0,24,75,243,Fresno St.,12/9/1969,Rook,6,2,0.0,,0,0,0,TE,TE,marty_thompson,0.0,0.0,0.0
1993,DET,Jimmie Johnson,Jimmie,Johnson,TE,89.0,27,74,252,Howard,10/6/1966,4,6,4,0.0,1989.0,0,0,0,TE,TE,jimmie_johnson,5.0,0.0,0.0
1993,DET,Marty Thompson,Marty,Thompson,TE,81.0,24,75,243,Fresno St.,12/9/1969,Rook,6,2,0.0,,0,0,0,TE,TE,marty_thompson,0.0,0.0,0.0
1993,GNB,Jackie Harris,Jackie,Harris,TE,80.0,25,76,244,La-Monroe,1/4/1968,3,12,12,7.0,1990.0,0,0,0,TE,TE,jackie_harris,33.0,0.0,0.0
1993,GNB,Jackie Harris,Jackie,Harris,TE,80.0,25,76,244,La-Monroe,1/4/1968,3,12,12,7.0,1990.0,0,0,0,TE,TE,jackie_harris,33.0,0.0,0.0
1993,GNB,Ed West,Ed,West,TE,86.0,32,73,250,Auburn,8/2/1961,9,16,7,3.0,,0,0,0,TE,TE,ed_west,0.0,0.0,0.0
1993,GNB,Ed West,Ed,West,TE,86.0,32,73,250,Auburn,8/2/1961,9,16,7,3.0,,0,0,0,TE,TE,ed_west,0.0,0.0,0.0
1993,GNB,Mark Chmura,Mark,Chmura,TE,89.0,24,77,248,Boston Col.,2/22/1969,1,14,0,0.0,1992.0,0,0,0,TE,TE,mark_chmura,22.0,0.0,3.0
1993,GNB,Darryl Ingram,Darryl,Ingram,TE,88.0,27,75,240,California,5/2/1966,4,2,0,0.0,1989.0,0,0,0,TE,TE,darryl_ingram,0.0,0.0,0.0
1993,GNB,Mark Chmura,Mark,Chmura,TE,89.0,24,77,248,Boston Col.,2/22/1969,1,14,0,0.0,1992.0,0,0,0,TE,TE,mark_chmura,22.0,0.0,3.0
1993,GNB,Darryl Ingram,Darryl,Ingram,TE,88.0,27,75,240,California,5/2/1966,4,2,0,0.0,1989.0,0,0,0,TE,TE,darryl_ingram,0.0,0.0,0.0
1993,KAN,Jonathan Hayes,Jonathan,Hayes,TE,85.0,31,77,248,Iowa,8/11/1962,8,16,16,4.0,1985.0,0,0,0,TE,TE,jonathan_hayes,15.0,0.0,0.0
1993,KAN,Jonathan Hayes,Jonathan,Hayes,TE,85.0,31,77,248,Iowa,8/11/1962,8,16,16,4.0,1985.0,0,0,0,TE,TE,jonathan_hayes,15.0,0.0,0.0
1993,KAN,Keith Cash,Keith,Cash,TE,89.0,24,76,242,Texas,8/7/1969,2,15,0,3.0,1991.0,0,0,0,TE,TE,keith_cash,11.0,0.0,0.0
1993,KAN,Keith Cash,Keith,Cash,TE,89.0,24,76,242,Texas,8/7/1969,2,15,0,3.0,1991.0,0,0,0,TE,TE,keith_cash,11.0,0.0,0.0
1993,KAN,Mike Dyal,Mike,Dyal,TE,87.0,27,74,240,Texas A&M-Kingsville,5/20/1966,4,6,0,1.0,,0,0,0,TE,TE,mike_dyal,0.0,0.0,0.0
1993,KAN,Mike Dyal,Mike,Dyal,TE,87.0,27,74,240,Texas A&M-Kingsville,5/20/1966,4,6,0,1.0,,0,0,0,TE,TE,mike_dyal,0.0,0.0,0.0
1993,KAN,Mike Bartrum,Mike,Bartrum,TE,87.0,23,76,245,Marshall,6/23/1970,Rook,3,0,0.0,,0,0,0,TE,TE,mike_bartrum,0.0,0.0,1.0
1993,KAN,Mike Bartrum,Mike,Bartrum,TE,87.0,23,76,245,Marshall,6/23/1970,Rook,3,0,0.0,,0,0,0,TE,TE,mike_bartrum,0.0,0.0,1.0
1993,MIA,Keith Jackson,Keith,Jackson,TE,88.0,28,74,250,Oklahoma,4/19/1965,5,15,15,6.0,1988.0,0,0,0,TE,TE,keith_jackson,43.0,3.0,5.0
1993,MIA,Keith Jackson,Keith,Jackson,TE,88.0,28,74,250,Oklahoma,4/19/1965,5,15,15,6.0,1988.0,0,0,0,TE,TE,keith_jackson,0.0,0.0,0.0
1993,MIA,Keith Jackson,Keith,Jackson,TE,88.0,28,74,250,Oklahoma,4/19/1965,5,15,15,6.0,1988.0,0,0,0,TE,TE,keith_jackson,43.0,3.0,5.0
1993,MIA,Keith Jackson,Keith,Jackson,TE,88.0,28,74,250,Oklahoma,4/19/1965,5,15,15,6.0,1988.0,0,0,0,TE,TE,keith_jackson,0.0,0.0,0.0
1993,MIA,Greg Baty,Greg,Baty,TE,84.0,29,77,241,Stanford,8/28/1964,7,16,1,1.0,1986.0,0,0,0,TE,TE,greg_baty,8.0,0.0,0.0
1993,MIA,Greg Baty,Greg,Baty,TE,84.0,29,77,241,Stanford,8/28/1964,7,16,1,1.0,1986.0,0,0,0,TE,TE,greg_baty,8.0,0.0,0.0
1993,MIA,Ronnie Williams,Ronnie,Williams,TE,85.0,27,75,258,Oklahoma St.,1/19/1966,1,11,0,0.0,,0,0,0,TE,TE,ronnie_williams,0.0,0.0,0.0
1993,MIA,Ronnie Williams,Ronnie,Williams,TE,85.0,27,75,258,Oklahoma St.,1/19/1966,1,11,0,0.0,,0,0,0,TE,TE,ronnie_williams,0.0,0.0,0.0
1993,MIN,Steve Jordan,Steve,Jordan,TE,83.0,32,75,236,Brown,1/10/1961,11,14,12,5.0,1982.0,0,0,0,TE,TE,steve_jordan,48.0,0.0,6.0
1993,MIN,Steve Jordan,Steve,Jordan,TE,83.0,32,75,236,Brown,1/10/1961,11,14,12,5.0,1982.0,0,0,0,TE,TE,steve_jordan,48.0,0.0,6.0
1993,MIN,Derek Tennell,Derek,Tennell,TE,46.0,29,77,245,UCLA,2/12/1964,6,16,6,1.0,1987.0,0,0,0,TE,TE,derek_tennell,3.0,0.0,0.0
1993,MIN,Derek Tennell,Derek,Tennell,TE,46.0,29,77,245,UCLA,2/12/1964,6,16,6,1.0,1987.0,0,0,0,TE,TE,derek_tennell,3.0,0.0,0.0
1993,MIN,Brent Novoselsky,Brent,Novoselsky,TE,85.0,27,74,232,Pennsylvania,1/8/1966,5,15,0,0.0,,0,0,0,TE,TE,brent_novoselsky,0.0,0.0,0.0
1993,MIN,Mike Tice,Mike,Tice,TE,87.0,34,79,253,Maryland,2/2/1959,12,16,12,0.0,,0,0,0,TE,TE,mike_tice,0.0,0.0,0.0
1993,MIN,Brent Novoselsky,Brent,Novoselsky,TE,85.0,27,74,232,Pennsylvania,1/8/1966,5,15,0,0.0,,0,0,0,TE,TE,brent_novoselsky,0.0,0.0,0.0
1993,MIN,Mike Tice,Mike,Tice,TE,87.0,34,79,253,Maryland,2/2/1959,12,16,12,0.0,,0,0,0,TE,TE,mike_tice,0.0,0.0,0.0
1993,NOR,Hoby Brenner,Hoby,Brenner,TE,85.0,34,76,240,USC,6/2/1959,12,10,9,2.0,1981.0,0,0,0,TE,TE,hoby_brenner,31.0,0.0,1.0
1993,NOR,Irv Smith,Irv,Smith,TE,82.0,22,75,249,Notre Dame,10/13/1971,Rook,16,8,2.0,1993.0,0,0,0,TE,TE,irv_smith,14.0,0.0,0.0
1993,NOR,Hoby Brenner,Hoby,Brenner,TE,85.0,34,76,240,USC,6/2/1959,12,10,9,2.0,1981.0,0,0,0,TE,TE,hoby_brenner,31.0,0.0,1.0
1993,NOR,Irv Smith,Irv,Smith,TE,82.0,22,75,249,Notre Dame,10/13/1971,Rook,16,8,2.0,1993.0,0,0,0,TE,TE,irv_smith,14.0,0.0,0.0
1993,NOR,Jesse Anderson,Jesse,Anderson,TE,81.0,27,74,245,Mississippi St.,7/26/1966,3,1,0,0.0,1990.0,0,0,0,TE,TE,jesse_anderson,2.0,0.0,0.0
1993,NOR,Tommie Stowers,Tommie,Stowers,TE,49.0,27,75,240,Missouri,11/18/1966,1,4,0,0.0,1990.0,0,0,0,TE,TE,tommie_stowers,0.0,0.0,0.0
1993,NOR,Frank Wainright,Frank,Wainright,TE,87.0,26,74,255,Northern Colorado,10/10/1967,2,16,2,0.0,1991.0,0,0,0,TE,TE,frank_wainright,2.0,0.0,0.0
1993,NOR,Jesse Anderson,Jesse,Anderson,TE,81.0,27,74,245,Mississippi St.,7/26/1966,3,1,0,0.0,1990.0,0,0,0,TE,TE,jesse_anderson,2.0,0.0,0.0
1993,NOR,Tommie Stowers,Tommie,Stowers,TE,49.0,27,75,240,Missouri,11/18/1966,1,4,0,0.0,1990.0,0,0,0,TE,TE,tommie_stowers,0.0,0.0,0.0
1993,NOR,Frank Wainright,Frank,Wainright,TE,87.0,26,74,255,Northern Colorado,10/10/1967,2,16,2,0.0,1991.0,0,0,0,TE,TE,frank_wainright,2.0,0.0,0.0
1993,NWE,Ben Coates,Ben,Coates,TE,87.0,24,77,245,Livingstone,8/16/1969,2,16,10,5.0,1991.0,0,0,0,TE,TE,ben_coates,43.0,2.0,5.0
1993,NWE,Ben Coates,Ben,Coates,TE,87.0,24,77,245,Livingstone,8/16/1969,2,16,10,5.0,1991.0,0,0,0,TE,TE,ben_coates,43.0,2.0,5.0
1993,NWE,Marv Cook,Marv,Cook,TE,85.0,27,76,234,Iowa,2/24/1966,4,16,12,1.0,1989.0,0,0,0,TE,TE,marv_cook,13.0,1.0,2.0
1993,NWE,Marv Cook,Marv,Cook,TE,85.0,27,76,234,Iowa,2/24/1966,4,16,12,1.0,1989.0,0,0,0,TE,TE,marv_cook,13.0,1.0,2.0
1993,NWE,Rich Griffith,Rich,Griffith,TE,88.0,24,77,262,Arizona,7/31/1969,Rook,3,0,0.0,1993.0,0,0,0,TE,TE,rich_griffith,2.0,0.0,0.0
1993,NWE,Rich Griffith,Rich,Griffith,TE,88.0,24,77,262,Arizona,7/31/1969,Rook,3,0,0.0,1993.0,0,0,0,TE,TE,rich_griffith,2.0,0.0,0.0
1993,NYG,Howard Cross,Howard,Cross,TE,87.0,26,77,270,Alabama,8/8/1967,4,16,16,3.0,1989.0,0,0,0,TE,TE,howard_cross,17.0,0.0,0.0
1993,NYG,Howard Cross,Howard,Cross,TE,87.0,26,77,270,Alabama,8/8/1967,4,16,16,3.0,1989.0,0,0,0,TE,TE,howard_cross,17.0,0.0,0.0
1993,NYG,Aaron Pierce,Aaron,Pierce,TE,84.0,24,77,252,Washington,9/6/1969,1,13,6,2.0,1992.0,0,0,0,TE,TE,aaron_pierce,8.0,0.0,0.0
1993,NYG,Aaron Pierce,Aaron,Pierce,TE,84.0,24,77,252,Washington,9/6/1969,1,13,6,2.0,1992.0,0,0,0,TE,TE,aaron_pierce,8.0,0.0,0.0
1993,NYG,Derek Brown,Derek,Brown,TE,86.0,23,78,259,Notre Dame,3/31/1970,1,16,0,1.0,1992.0,0,0,0,TE,TE,derek_brown,4.0,0.0,0.0
1993,NYG,Derek Brown,Derek,Brown,TE,86.0,23,78,259,Notre Dame,3/31/1970,1,16,0,1.0,1992.0,0,0,0,TE,TE,derek_brown,17.0,0.0,0.0
1993,NYG,Derek Brown,Derek,Brown,TE,86.0,23,78,259,Notre Dame,3/31/1970,1,16,0,1.0,1992.0,0,0,0,TE,TE,derek_brown,4.0,0.0,0.0
1993,NYG,Derek Brown,Derek,Brown,TE,86.0,23,78,259,Notre Dame,3/31/1970,1,16,0,1.0,1992.0,0,0,0,TE,TE,derek_brown,17.0,0.0,0.0
1993,NYJ,Johnny Mitchell,Johnny,Mitchell,TE,86.0,22,75,241,Nebraska,1/20/1971,1,14,14,6.0,1992.0,0,0,0,TE,TE,johnny_mitchell,17.0,0.0,0.0
1993,NYJ,Johnny Mitchell,Johnny,Mitchell,TE,86.0,22,75,241,Nebraska,1/20/1971,1,14,14,6.0,1992.0,0,0,0,TE,TE,johnny_mitchell,17.0,0.0,0.0
1993,NYJ,James Thornton,James,Thornton,TE,80.0,28,74,242,Cal State-Fullerton,2/8/1965,5,13,6,1.0,1988.0,0,0,0,TE,TE,james_thornton,12.0,0.0,0.0
1993,NYJ,James Thornton,James,Thornton,TE,80.0,28,74,242,Cal State-Fullerton,2/8/1965,5,13,6,1.0,1988.0,0,0,0,TE,TE,james_thornton,12.0,0.0,0.0
1993,NYJ,Fred Baxter,Fred,Baxter,TE,84.0,22,75,268,Auburn,6/14/1971,Rook,7,0,0.0,1993.0,0,0,0,TE,TE,fred_baxter,7.0,0.0,0.0
1993,NYJ,Troy Sadowski,Troy,Sadowski,TE,83.0,28,77,255,Georgia,12/8/1965,3,13,1,0.0,1989.0,0,0,0,TE,TE,troy_sadowski,0.0,0.0,0.0
1993,NYJ,Fred Baxter,Fred,Baxter,TE,84.0,22,75,268,Auburn,6/14/1971,Rook,7,0,0.0,1993.0,0,0,0,TE,TE,fred_baxter,7.0,0.0,0.0
1993,NYJ,Troy Sadowski,Troy,Sadowski,TE,83.0,28,77,255,Georgia,12/8/1965,3,13,1,0.0,1989.0,0,0,0,TE,TE,troy_sadowski,0.0,0.0,0.0
1993,PHI,Mark Bavaro,Mark,Bavaro,TE,84.0,30,76,245,Notre Dame,4/28/1963,8,16,16,4.0,1985.0,0,0,0,TE,TE,mark_bavaro,40.0,2.0,2.0
1993,PHI,Mark Bavaro,Mark,Bavaro,TE,84.0,30,76,245,Notre Dame,4/28/1963,8,16,16,4.0,1985.0,0,0,0,TE,TE,mark_bavaro,40.0,2.0,2.0
1993,PHI,Maurice Johnson,Maurice,Johnson,TE,87.0,26,74,242,Temple,1/9/1967,2,16,2,1.0,,0,0,0,TE,TE,maurice_johnson,0.0,0.0,0.0
1993,PHI,Maurice Johnson,Maurice,Johnson,TE,87.0,26,74,242,Temple,1/9/1967,2,16,2,1.0,,0,0,0,TE,TE,maurice_johnson,0.0,0.0,0.0
1993,PIT,Eric Green,Eric,Green,TE,86.0,26,77,280,Liberty,6/22/1967,3,16,16,8.0,1990.0,0,0,0,TE,TE,eric_green,32.0,0.0,2.0
1993,PIT,Eric Green,Eric,Green,TE,86.0,26,77,280,Liberty,6/22/1967,3,16,16,8.0,1990.0,0,0,0,TE,TE,eric_green,12.0,0.0,0.0
1993,PIT,Eric Green,Eric,Green,TE,86.0,26,77,280,Liberty,6/22/1967,3,16,16,8.0,1990.0,0,0,0,TE,TE,eric_green,32.0,0.0,2.0
1993,PIT,Eric Green,Eric,Green,TE,86.0,26,77,280,Liberty,6/22/1967,3,16,16,8.0,1990.0,0,0,0,TE,TE,eric_green,12.0,0.0,0.0
1993,PIT,Adrian Cooper,Adrian,Cooper,TE,87.0,25,77,255,Oklahoma,4/27/1968,2,14,3,1.0,1991.0,0,0,0,TE,TE,adrian_cooper,8.0,0.0,0.0
1993,PIT,Adrian Cooper,Adrian,Cooper,TE,87.0,25,77,255,Oklahoma,4/27/1968,2,14,3,1.0,1991.0,0,0,0,TE,TE,adrian_cooper,8.0,0.0,0.0
1993,PIT,Tim Jorden,Tim,Jorden,TE,84.0,27,75,235,Indiana,10/30/1966,3,16,1,0.0,,0,0,0,TE,TE,tim_jorden,0.0,0.0,0.0
1993,PIT,Craig Keith,Craig,Keith,TE,85.0,22,75,262,Lenoir-Rhyne,4/27/1971,Rook,1,0,0.0,1993.0,0,0,0,TE,TE,craig_keith,0.0,0.0,0.0
1993,PIT,Tim Jorden,Tim,Jorden,TE,84.0,27,75,235,Indiana,10/30/1966,3,16,1,0.0,,0,0,0,TE,TE,tim_jorden,0.0,0.0,0.0
1993,PIT,Craig Keith,Craig,Keith,TE,85.0,22,75,262,Lenoir-Rhyne,4/27/1971,Rook,1,0,0.0,1993.0,0,0,0,TE,TE,craig_keith,0.0,0.0,0.0
1993,RAI,Ethan Horton,Ethan,Horton,TE,88.0,31,76,235,North Carolina,12/19/1962,8,16,16,4.0,1985.0,0,0,0,TE,TE,ethan_horton,22.0,0.0,1.0
1993,RAI,Ethan Horton,Ethan,Horton,TE,88.0,31,76,235,North Carolina,12/19/1962,8,16,16,4.0,1985.0,0,0,0,TE,TE,ethan_horton,22.0,0.0,1.0
1993,RAI,Andrew Glover,Andrew,Glover,TE,87.0,26,78,250,Grambling St.,8/12/1967,2,15,0,1.0,1991.0,0,0,0,TE,TE,andrew_glover,22.0,0.0,0.0
1993,RAI,Andrew Glover,Andrew,Glover,TE,87.0,26,78,250,Grambling St.,8/12/1967,2,15,0,1.0,1991.0,0,0,0,TE,TE,andrew_glover,22.0,0.0,0.0
1993,RAI,John Duff,John,Duff,TE,84.0,26,79,250,New Mexico,7/31/1967,Rook,1,0,0.0,,0,0,0,TE,TE,john_duff,0.0,0.0,0.0
1993,RAI,Kevin Smith,Kevin,Smith,TE,39.0,24,76,255,UCLA,7/25/1969,1,10,1,0.0,1992.0,0,0,0,TE,TE,kevin_smith,38.0,0.0,0.0
1993,RAI,Kevin Smith,Kevin,Smith,TE,39.0,24,76,255,UCLA,7/25/1969,1,10,1,0.0,1992.0,0,0,0,TE,TE,kevin_smith,0.0,0.0,0.0
1993,RAI,Kevin Smith,Kevin,Smith,TE,39.0,24,76,255,UCLA,7/25/1969,1,10,1,0.0,1992.0,0,0,0,TE,TE,kevin_smith,19.0,0.0,0.0
1993,RAI,John Duff,John,Duff,TE,84.0,26,79,250,New Mexico,7/31/1967,Rook,1,0,0.0,,0,0,0,TE,TE,john_duff,0.0,0.0,0.0
1993,RAI,Kevin Smith,Kevin,Smith,TE,39.0,24,76,255,UCLA,7/25/1969,1,10,1,0.0,1992.0,0,0,0,TE,TE,kevin_smith,38.0,0.0,0.0
1993,RAI,Kevin Smith,Kevin,Smith,TE,39.0,24,76,255,UCLA,7/25/1969,1,10,1,0.0,1992.0,0,0,0,TE,TE,kevin_smith,0.0,0.0,0.0
1993,RAI,Kevin Smith,Kevin,Smith,TE,39.0,24,76,255,UCLA,7/25/1969,1,10,1,0.0,1992.0,0,0,0,TE,TE,kevin_smith,19.0,0.0,0.0
1993,RAM,Troy Drayton,Troy,Drayton,TE,84.0,23,75,260,Penn St.,6/29/1970,Rook,16,2,3.0,1993.0,0,0,0,TE,TE,troy_drayton,21.0,0.0,0.0
1993,RAM,Troy Drayton,Troy,Drayton,TE,84.0,23,75,260,Penn St.,6/29/1970,Rook,16,2,3.0,1993.0,0,0,0,TE,TE,troy_drayton,21.0,0.0,0.0
1993,RAM,Pat Carter,Pat,Carter,TE,88.0,27,76,256,Florida St.,8/1/1966,5,11,10,2.0,1988.0,0,0,0,TE,TE,pat_carter,9.0,0.0,0.0
1993,RAM,Pat Carter,Pat,Carter,TE,88.0,27,76,256,Florida St.,8/1/1966,5,11,10,2.0,1988.0,0,0,0,TE,TE,pat_carter,9.0,0.0,0.0
1993,RAM,Travis McNeal,Travis,McNeal,TE,82.0,26,75,248,Chattanooga,1/10/1967,4,16,6,1.0,1989.0,0,0,0,TE,TE,travis_mcneal,6.0,0.0,0.0
1993,RAM,Travis McNeal,Travis,McNeal,TE,82.0,26,75,248,Chattanooga,1/10/1967,4,16,6,1.0,1989.0,0,0,0,TE,TE,travis_mcneal,6.0,0.0,0.0
1993,SDG,Alfred Pupunu,Alfred,Pupunu,TE,86.0,24,74,260,Weber St.,10/17/1969,1,16,7,2.0,,0,0,0,TE,TE,alfred_pupunu,0.0,0.0,0.0
1993,SDG,Derrick Walker,Derrick,Walker,TE,89.0,26,72,246,Michigan,6/23/1967,3,12,11,2.0,1990.0,0,0,0,TE,TE,derrick_walker,16.0,0.0,0.0
1993,SDG,Alfred Pupunu,Alfred,Pupunu,TE,86.0,24,74,260,Weber St.,10/17/1969,1,16,7,2.0,,0,0,0,TE,TE,alfred_pupunu,0.0,0.0,0.0
1993,SDG,Derrick Walker,Derrick,Walker,TE,89.0,26,72,246,Michigan,6/23/1967,3,12,11,2.0,1990.0,0,0,0,TE,TE,derrick_walker,16.0,0.0,0.0
1993,SDG,Mike Dyal,Mike,Dyal,TE,82.0,27,74,240,Texas A&M-Kingsville,5/20/1966,4,4,0,0.0,,0,0,0,TE,TE,mike_dyal,0.0,0.0,0.0
1993,SDG,Deems May,Deems,May,TE,88.0,24,76,263,North Carolina,3/6/1969,1,15,1,0.0,1992.0,0,0,0,TE,TE,deems_may,2.0,0.0,0.0
1993,SDG,Duane Young,Duane,Young,TE,87.0,25,75,270,Michigan St.,5/29/1968,2,16,15,0.0,1991.0,0,0,0,TE,TE,duane_young,3.0,0.0,0.0
1993,SDG,Mike Dyal,Mike,Dyal,TE,82.0,27,74,240,Texas A&M-Kingsville,5/20/1966,4,4,0,0.0,,0,0,0,TE,TE,mike_dyal,0.0,0.0,0.0
1993,SDG,Deems May,Deems,May,TE,88.0,24,76,263,North Carolina,3/6/1969,1,15,1,0.0,1992.0,0,0,0,TE,TE,deems_may,2.0,0.0,0.0
1993,SDG,Duane Young,Duane,Young,TE,87.0,25,75,270,Michigan St.,5/29/1968,2,16,15,0.0,1991.0,0,0,0,TE,TE,duane_young,3.0,0.0,0.0
1993,SEA,Ferrell Edmunds,Ferrell,Edmunds,TE,82.0,28,78,254,Maryland,4/16/1965,5,16,16,2.0,1988.0,0,0,0,TE,TE,ferrell_edmunds,15.0,0.0,2.0
1993,SEA,Paul Green,Paul,Green,TE,87.0,27,75,236,USC,10/8/1966,4,15,8,2.0,1989.0,0,0,0,TE,TE,paul_green,5.0,0.0,0.0
1993,SEA,Ferrell Edmunds,Ferrell,Edmunds,TE,82.0,28,78,254,Maryland,4/16/1965,5,16,16,2.0,1988.0,0,0,0,TE,TE,ferrell_edmunds,15.0,0.0,2.0
1993,SEA,Paul Green,Paul,Green,TE,87.0,27,75,236,USC,10/8/1966,4,15,8,2.0,1989.0,0,0,0,TE,TE,paul_green,5.0,0.0,0.0
1993,SFO,Brent Jones,Brent,Jones,TE,84.0,30,76,230,Santa Clara,2/12/1963,6,16,16,9.0,1986.0,0,0,0,TE,TE,brent_jones,50.0,0.0,4.0
1993,SFO,Brent Jones,Brent,Jones,TE,84.0,30,76,230,Santa Clara,2/12/1963,6,16,16,9.0,1986.0,0,0,0,TE,TE,brent_jones,50.0,0.0,4.0
1993,SFO,Jamie Williams,Jamie,Williams,TE,81.0,33,76,240,Nebraska,2/25/1960,10,16,0,2.0,1983.0,0,0,0,TE,TE,jamie_williams,16.0,0.0,0.0
1993,SFO,Jamie Williams,Jamie,Williams,TE,81.0,33,76,240,Nebraska,2/25/1960,10,16,0,2.0,1983.0,0,0,0,TE,TE,jamie_williams,16.0,0.0,0.0
1993,SFO,John Brandes,John,Brandes,TE,85.0,29,74,249,Cameron,4/2/1964,6,9,0,0.0,,0,0,0,TE,TE,john_brandes,0.0,0.0,0.0
1993,SFO,Wesley Walls,Wesley,Walls,TE,89.0,27,77,240,Mississippi,2/26/1966,4,6,0,0.0,1989.0,0,0,0,TE,TE,wesley_walls,43.0,0.0,5.0
1993,SFO,John Brandes,John,Brandes,TE,85.0,29,74,249,Cameron,4/2/1964,6,9,0,0.0,,0,0,0,TE,TE,john_brandes,0.0,0.0,0.0
1993,SFO,Wesley Walls,Wesley,Walls,TE,89.0,27,77,240,Mississippi,2/26/1966,4,6,0,0.0,1989.0,0,0,0,TE,TE,wesley_walls,43.0,0.0,5.0
1993,TAM,Ron Hall,Ron,Hall,TE,82.0,29,76,245,"Cal Poly-Pomona,Hawaii",3/15/1964,6,16,16,2.0,1987.0,0,0,0,TE,TE,ron_hall,45.0,1.0,1.0
1993,TAM,Ron Hall,Ron,Hall,TE,82.0,29,76,245,"Cal Poly-Pomona,Hawaii",3/15/1964,6,16,16,2.0,1987.0,0,0,0,TE,TE,ron_hall,18.0,0.0,0.0
1993,TAM,Ron Hall,Ron,Hall,TE,82.0,29,76,245,"Cal Poly-Pomona,Hawaii",3/15/1964,6,16,16,2.0,1987.0,0,0,0,TE,TE,ron_hall,45.0,1.0,1.0
1993,TAM,Ron Hall,Ron,Hall,TE,82.0,29,76,245,"Cal Poly-Pomona,Hawaii",3/15/1964,6,16,16,2.0,1987.0,0,0,0,TE,TE,ron_hall,18.0,0.0,0.0
1993,TAM,Tyji Armstrong,Tyji,Armstrong,TE,86.0,23,76,259,"Iowa Central,Mississippi",10/3/1970,1,12,7,1.0,1992.0,0,0,0,TE,TE,tyji_armstrong,4.0,0.0,0.0
1993,TAM,Tyji Armstrong,Tyji,Armstrong,TE,86.0,23,76,259,"Iowa Central,Mississippi",10/3/1970,1,12,7,1.0,1992.0,0,0,0,TE,TE,tyji_armstrong,4.0,0.0,0.0
1993,TAM,Dave Moore,Dave,Moore,TE,83.0,24,74,250,Pittsburgh,11/11/1969,1,15,1,0.0,1992.0,0,0,0,TE,TE,dave_moore,18.0,0.0,1.0
1993,TAM,Dave Moore,Dave,Moore,TE,83.0,24,74,250,Pittsburgh,11/11/1969,1,15,1,0.0,1992.0,0,0,0,TE,TE,dave_moore,18.0,0.0,1.0
1993,WAS,Ron Middleton,Ron,Middleton,TE,87.0,28,74,262,Auburn,7/17/1965,7,16,16,1.0,,0,0,0,TE,TE,ron_middleton,0.0,0.0,0.0
1993,WAS,Frank Wycheck,Frank,Wycheck,TE,36.0,22,75,253,Maryland,10/14/1971,Rook,9,7,1.0,1993.0,0,0,0,TE,TE,frank_wycheck,43.0,0.0,3.0
1993,WAS,Ron Middleton,Ron,Middleton,TE,87.0,28,74,262,Auburn,7/17/1965,7,16,16,1.0,,0,0,0,TE,TE,ron_middleton,0.0,0.0,0.0
1993,WAS,Frank Wycheck,Frank,Wycheck,TE,36.0,22,75,253,Maryland,10/14/1971,Rook,9,7,1.0,1993.0,0,0,0,TE,TE,frank_wycheck,43.0,0.0,3.0
1993,WAS,James Jenkins,James,Jenkins,TE,88.0,26,74,243,Rutgers,8/17/1967,2,15,5,0.0,,0,0,0,TE,TE,james_jenkins,0.0,0.0,0.0
1993,WAS,Terry Orr,Terry,Orr,TE,89.0,32,75,231,Texas,9/27/1961,7,4,0,0.0,1985.0,0,0,0,TE,TE,terry_orr,10.0,0.0,0.0
1993,WAS,Jim Riggs,Jim,Riggs,TE,82.0,30,77,245,Clemson,9/29/1963,6,3,0,0.0,1987.0,0,0,0,TE,TE,jim_riggs,3.0,0.0,0.0
1993,WAS,Ray Rowe,Ray,Rowe,TE,82.0,24,74,256,San Diego St.,7/28/1969,1,1,0,0.0,1992.0,0,0,0,TE,TE,ray_rowe,0.0,0.0,0.0
1993,WAS,James Jenkins,James,Jenkins,TE,88.0,26,74,243,Rutgers,8/17/1967,2,15,5,0.0,,0,0,0,TE,TE,james_jenkins,0.0,0.0,0.0
1993,WAS,Terry Orr,Terry,Orr,TE,89.0,32,75,231,Texas,9/27/1961,7,4,0,0.0,1985.0,0,0,0,TE,TE,terry_orr,10.0,0.0,0.0
1993,WAS,Jim Riggs,Jim,Riggs,TE,82.0,30,77,245,Clemson,9/29/1963,6,3,0,0.0,1987.0,0,0,0,TE,TE,jim_riggs,3.0,0.0,0.0
1993,WAS,Ray Rowe,Ray,Rowe,TE,82.0,24,74,256,San Diego St.,7/28/1969,1,1,0,0.0,1992.0,0,0,0,TE,TE,ray_rowe,0.0,0.0,0.0
1994,ATL,Harper LeBel,Harper,LeBel,TE,88.0,31,76,250,Colorado St.,7/14/1963,5,16,0,0.0,1985.0,0,0,0,TE,TE,harper_lebel,0.0,0.0,0.0
1994,ATL,Mitch Lyons,Mitch,Lyons,TE,86.0,24,77,265,Michigan St.,5/13/1970,1,7,2,0.0,1993.0,0,0,0,TE,TE,mitch_lyons,3.0,0.0,0.0
1994,ATL,Harper LeBel,Harper,LeBel,TE,88.0,31,76,250,Colorado St.,7/14/1963,5,16,0,0.0,1985.0,0,0,0,TE,TE,harper_lebel,0.0,0.0,0.0
1994,ATL,Mitch Lyons,Mitch,Lyons,TE,86.0,24,77,265,Michigan St.,5/13/1970,1,7,2,0.0,1993.0,0,0,0,TE,TE,mitch_lyons,3.0,0.0,0.0
1994,BUF,Pete Metzelaars,Pete,Metzelaars,TE,88.0,34,79,254,Wabash,5/24/1960,12,16,16,4.0,1982.0,0,0,0,TE,TE,pete_metzelaars,28.0,0.0,0.0
1994,BUF,Pete Metzelaars,Pete,Metzelaars,TE,88.0,34,79,254,Wabash,5/24/1960,12,16,16,4.0,1982.0,0,0,0,TE,TE,pete_metzelaars,28.0,0.0,0.0
1994,BUF,Lonnie Johnson,Lonnie,Johnson,TE,84.0,23,75,240,Florida St.,2/14/1971,Rook,10,1,0.0,1994.0,0,0,0,TE,TE,lonnie_johnson,0.0,0.0,0.0
1994,BUF,Lonnie Johnson,Lonnie,Johnson,TE,84.0,23,75,240,Florida St.,2/14/1971,Rook,10,1,0.0,1994.0,0,0,0,TE,TE,lonnie_johnson,13.0,0.0,0.0
1994,BUF,Vince Marrow,Vince,Marrow,TE,87.0,26,75,251,"Youngstown St.,Toledo",8/17/1968,Rook,10,0,0.0,1992.0,0,0,0,TE,TE,vince_marrow,0.0,0.0,0.0
1994,BUF,Nate Turner,Nate,Turner,TE,21.0,25,73,255,Nebraska,5/28/1969,1,13,0,0.0,1992.0,0,0,0,TE,TE,nate_turner,0.0,0.0,0.0
1994,BUF,Lonnie Johnson,Lonnie,Johnson,TE,84.0,23,75,240,Florida St.,2/14/1971,Rook,10,1,0.0,1994.0,0,0,0,TE,TE,lonnie_johnson,0.0,0.0,0.0
1994,BUF,Lonnie Johnson,Lonnie,Johnson,TE,84.0,23,75,240,Florida St.,2/14/1971,Rook,10,1,0.0,1994.0,0,0,0,TE,TE,lonnie_johnson,13.0,0.0,0.0
1994,BUF,Vince Marrow,Vince,Marrow,TE,87.0,26,75,251,"Youngstown St.,Toledo",8/17/1968,Rook,10,0,0.0,1992.0,0,0,0,TE,TE,vince_marrow,0.0,0.0,0.0
1994,BUF,Nate Turner,Nate,Turner,TE,21.0,25,73,255,Nebraska,5/28/1969,1,13,0,0.0,1992.0,0,0,0,TE,TE,nate_turner,0.0,0.0,0.0
1994,CHI,Marv Cook,Marv,Cook,TE,86.0,28,76,234,Iowa,2/24/1966,5,16,8,2.0,1989.0,0,0,0,TE,TE,marv_cook,13.0,1.0,2.0
1994,CHI,Chris Gedney,Chris,Gedney,TE,84.0,24,77,258,Syracuse,8/9/1970,1,7,7,2.0,1993.0,0,0,0,TE,TE,chris_gedney,8.0,0.0,0.0
1994,CHI,Marv Cook,Marv,Cook,TE,86.0,28,76,234,Iowa,2/24/1966,5,16,8,2.0,1989.0,0,0,0,TE,TE,marv_cook,13.0,1.0,2.0
1994,CHI,Chris Gedney,Chris,Gedney,TE,84.0,24,77,258,Syracuse,8/9/1970,1,7,7,2.0,1993.0,0,0,0,TE,TE,chris_gedney,8.0,0.0,0.0
1994,CHI,Keith Jennings,Keith,Jennings,TE,85.0,28,76,262,Clemson,5/19/1966,5,9,1,1.0,1989.0,0,0,0,TE,TE,keith_jennings,7.0,0.0,0.0
1994,CHI,Ryan Wetnight,Ryan,Wetnight,TE,89.0,24,74,235,Stanford,11/5/1970,1,11,0,1.0,,0,0,0,TE,TE,ryan_wetnight,0.0,0.0,0.0
1994,CHI,Keith Jennings,Keith,Jennings,TE,85.0,28,76,262,Clemson,5/19/1966,5,9,1,1.0,1989.0,0,0,0,TE,TE,keith_jennings,7.0,0.0,0.0
1994,CHI,Ryan Wetnight,Ryan,Wetnight,TE,89.0,24,74,235,Stanford,11/5/1970,1,11,0,1.0,,0,0,0,TE,TE,ryan_wetnight,0.0,0.0,0.0
1994,CIN,Tony McGee,Tony,McGee,TE,82.0,23,75,247,Michigan,4/21/1971,1,16,16,4.0,1993.0,0,0,0,TE,TE,tony_mcgee,38.0,0.0,0.0
1994,CIN,Tony McGee,Tony,McGee,TE,82.0,23,75,247,Michigan,4/21/1971,1,16,16,4.0,1993.0,0,0,0,TE,TE,tony_mcgee,28.0,0.0,0.0
1994,CIN,Tony McGee,Tony,McGee,TE,82.0,23,75,247,Michigan,4/21/1971,1,16,16,4.0,1993.0,0,0,0,TE,TE,tony_mcgee,38.0,0.0,0.0
1994,CIN,Tony McGee,Tony,McGee,TE,82.0,23,75,247,Michigan,4/21/1971,1,16,16,4.0,1993.0,0,0,0,TE,TE,tony_mcgee,28.0,0.0,0.0
1994,CIN,David Frisch,David,Frisch,TE,83.0,24,79,260,"Iowa Central,Missouri,Colorado St.",6/22/1970,1,16,0,0.0,,0,0,0,TE,TE,david_frisch,0.0,0.0,0.0
1994,CIN,Troy Sadowski,Troy,Sadowski,TE,87.0,29,77,255,Georgia,12/8/1965,4,15,1,0.0,1989.0,0,0,0,TE,TE,troy_sadowski,0.0,0.0,0.0
1994,CIN,David Frisch,David,Frisch,TE,83.0,24,79,260,"Iowa Central,Missouri,Colorado St.",6/22/1970,1,16,0,0.0,,0,0,0,TE,TE,david_frisch,0.0,0.0,0.0
1994,CIN,Troy Sadowski,Troy,Sadowski,TE,87.0,29,77,255,Georgia,12/8/1965,4,15,1,0.0,1989.0,0,0,0,TE,TE,troy_sadowski,0.0,0.0,0.0
1994,CLE,Brian Kinchen,Brian,Kinchen,TE,88.0,29,74,240,LSU,8/6/1965,6,16,11,2.0,1988.0,0,0,0,TE,TE,brian_kinchen,15.0,0.0,0.0
1994,CLE,Brian Kinchen,Brian,Kinchen,TE,88.0,29,74,240,LSU,8/6/1965,6,16,11,2.0,1988.0,0,0,0,TE,TE,brian_kinchen,15.0,0.0,0.0
1994,CLE,Walter Reeves,Walter,Reeves,TE,89.0,29,76,270,Auburn,12/16/1965,5,5,5,1.0,1989.0,0,0,0,TE,TE,walter_reeves,3.0,0.0,0.0
1994,CLE,Walter Reeves,Walter,Reeves,TE,89.0,29,76,270,Auburn,12/16/1965,5,5,5,1.0,1989.0,0,0,0,TE,TE,walter_reeves,3.0,0.0,0.0
1994,CLE,Frank Hartley,Frank,Hartley,TE,48.0,27,74,268,Illinois,12/15/1967,1,10,5,0.0,,0,0,0,TE,TE,frank_hartley,0.0,0.0,0.0
1994,CLE,Thomas McLemore,Thomas,McLemore,TE,80.0,24,77,245,Southern,3/14/1970,2,2,1,0.0,1992.0,0,0,0,TE,TE,thomas_mclemore,0.0,0.0,0.0
1994,CLE,Frank Hartley,Frank,Hartley,TE,48.0,27,74,268,Illinois,12/15/1967,1,10,5,0.0,,0,0,0,TE,TE,frank_hartley,0.0,0.0,0.0
1994,CLE,Thomas McLemore,Thomas,McLemore,TE,80.0,24,77,245,Southern,3/14/1970,2,2,1,0.0,1992.0,0,0,0,TE,TE,thomas_mclemore,0.0,0.0,0.0
1994,CLT,Kerry Cash,Kerry,Cash,TE,88.0,25,76,245,Texas,8/7/1969,3,16,16,2.0,1991.0,0,0,0,TE,TE,kerry_cash,9.0,0.0,0.0
1994,CLT,Kerry Cash,Kerry,Cash,TE,88.0,25,76,245,Texas,8/7/1969,3,16,16,2.0,1991.0,0,0,0,TE,TE,kerry_cash,9.0,0.0,0.0
1994,CLT,Charles Arbuckle,Charles,Arbuckle,TE,81.0,26,75,248,UCLA,9/13/1968,2,7,1,0.0,1990.0,0,0,0,TE,TE,charles_arbuckle,2.0,0.0,0.0
1994,CLT,Carlos Etheredge,Carlos,Etheredge,TE,81.0,24,77,236,Miami (FL),8/10/1970,Rook,9,0,0.0,1993.0,0,0,0,TE,TE,carlos_etheredge,0.0,0.0,0.0
1994,CLT,Charles Arbuckle,Charles,Arbuckle,TE,81.0,26,75,248,UCLA,9/13/1968,2,7,1,0.0,1990.0,0,0,0,TE,TE,charles_arbuckle,2.0,0.0,0.0
1994,CLT,Carlos Etheredge,Carlos,Etheredge,TE,81.0,24,77,236,Miami (FL),8/10/1970,Rook,9,0,0.0,1993.0,0,0,0,TE,TE,carlos_etheredge,0.0,0.0,0.0
1994,CRD,Chad Fann,Chad,Fann,TE,86.0,24,75,252,"Mississippi,Florida A&M",6/7/1970,1,16,9,1.0,,0,0,0,TE,TE,chad_fann,0.0,0.0,0.0
1994,CRD,Derek Ware,Derek,Ware,TE,85.0,27,74,255,"Sacramento CC,Texas A&M,Central Oklahoma",9/17/1967,2,15,12,1.0,1992.0,0,0,0,TE,TE,derek_ware,1.0,0.0,0.0
1994,CRD,Chad Fann,Chad,Fann,TE,86.0,24,75,252,"Mississippi,Florida A&M",6/7/1970,1,16,9,1.0,,0,0,0,TE,TE,chad_fann,0.0,0.0,0.0
1994,CRD,Derek Ware,Derek,Ware,TE,85.0,27,74,255,"Sacramento CC,Texas A&M,Central Oklahoma",9/17/1967,2,15,12,1.0,1992.0,0,0,0,TE,TE,derek_ware,1.0,0.0,0.0
1994,CRD,Terry Samuels,Terry,Samuels,TE,89.0,24,74,254,Kentucky,9/27/1970,Rook,16,6,0.0,1994.0,0,0,0,TE,TE,terry_samuels,0.0,0.0,0.0
1994,CRD,Terry Samuels,Terry,Samuels,TE,89.0,24,74,254,Kentucky,9/27/1970,Rook,16,6,0.0,1994.0,0,0,0,TE,TE,terry_samuels,0.0,0.0,0.0
1994,DAL,Jay Novacek,Jay,Novacek,TE,84.0,32,76,234,Wyoming,10/24/1962,9,16,14,6.0,1985.0,0,0,0,TE,TE,jay_novacek,44.0,1.0,5.0
1994,DAL,Jay Novacek,Jay,Novacek,TE,84.0,32,76,234,Wyoming,10/24/1962,9,16,14,6.0,1985.0,0,0,0,TE,TE,jay_novacek,44.0,1.0,5.0
1994,DAL,Scott Galbraith,Scott,Galbraith,TE,89.0,27,74,258,USC,1/7/1967,4,16,2,0.0,1990.0,0,0,0,TE,TE,scott_galbraith,6.0,0.0,0.0
1994,DAL,Scott Galbraith,Scott,Galbraith,TE,89.0,27,74,258,USC,1/7/1967,4,16,2,0.0,1990.0,0,0,0,TE,TE,scott_galbraith,6.0,0.0,0.0
1994,DEN,Shannon Sharpe,Shannon,Sharpe,TE,84.0,26,74,228,Savannah St.,6/26/1968,4,15,13,9.0,1990.0,0,0,0,TE,TE,shannon_sharpe,82.0,4.0,8.0
1994,DEN,Shannon Sharpe,Shannon,Sharpe,TE,84.0,26,74,228,Savannah St.,6/26/1968,4,15,13,9.0,1990.0,0,0,0,TE,TE,shannon_sharpe,82.0,4.0,8.0
1994,DEN,Jerry Evans,Jerry,Evans,TE,88.0,26,76,250,Toledo,9/28/1968,1,16,11,1.0,1991.0,0,0,0,TE,TE,jerry_evans,2.0,0.0,0.0
1994,DEN,Jerry Evans,Jerry,Evans,TE,88.0,26,76,250,Toledo,9/28/1968,1,16,11,1.0,1991.0,0,0,0,TE,TE,jerry_evans,2.0,0.0,0.0
1994,DEN,Dwayne Carswell,Dwayne,Carswell,TE,89.0,22,75,290,Liberty,1/18/1972,Rook,4,0,0.0,,0,0,0,TE,TE,dwayne_carswell,0.0,0.0,1.0
1994,DEN,Dwayne Carswell,Dwayne,Carswell,TE,89.0,22,75,290,Liberty,1/18/1972,Rook,4,0,0.0,,0,0,0,TE,TE,dwayne_carswell,0.0,0.0,1.0
1994,DET,Rodney Holman,Rodney,Holman,TE,82.0,34,75,238,Tulane,4/20/1960,12,15,7,2.0,1982.0,0,0,0,TE,TE,rodney_holman,40.0,0.0,3.0
1994,DET,Rodney Holman,Rodney,Holman,TE,82.0,34,75,238,Tulane,4/20/1960,12,15,7,2.0,1982.0,0,0,0,TE,TE,rodney_holman,40.0,0.0,3.0
1994,DET,Ron Hall,Ron,Hall,TE,89.0,30,76,245,"Cal Poly-Pomona,Hawaii",3/15/1964,7,13,10,1.0,1987.0,0,0,0,TE,TE,ron_hall,45.0,1.0,1.0
1994,DET,Ron Hall,Ron,Hall,TE,89.0,30,76,245,"Cal Poly-Pomona,Hawaii",3/15/1964,7,13,10,1.0,1987.0,0,0,0,TE,TE,ron_hall,18.0,0.0,0.0
1994,DET,Ty Hallock,Ty,Hallock,TE,49.0,23,74,252,Michigan St.,4/30/1971,1,15,10,1.0,1993.0,0,0,0,TE,TE,ty_hallock,6.0,0.0,0.0
1994,DET,Ron Hall,Ron,Hall,TE,89.0,30,76,245,"Cal Poly-Pomona,Hawaii",3/15/1964,7,13,10,1.0,1987.0,0,0,0,TE,TE,ron_hall,45.0,1.0,1.0
1994,DET,Ron Hall,Ron,Hall,TE,89.0,30,76,245,"Cal Poly-Pomona,Hawaii",3/15/1964,7,13,10,1.0,1987.0,0,0,0,TE,TE,ron_hall,18.0,0.0,0.0
1994,DET,Ty Hallock,Ty,Hallock,TE,49.0,23,74,252,Michigan St.,4/30/1971,1,15,10,1.0,1993.0,0,0,0,TE,TE,ty_hallock,6.0,0.0,0.0
1994,GNB,Ed West,Ed,West,TE,86.0,33,73,250,Auburn,8/2/1961,10,14,12,4.0,,0,0,0,TE,TE,ed_west,0.0,0.0,0.0
1994,GNB,Ed West,Ed,West,TE,86.0,33,73,250,Auburn,8/2/1961,10,14,12,4.0,,0,0,0,TE,TE,ed_west,0.0,0.0,0.0
1994,GNB,Mark Chmura,Mark,Chmura,TE,89.0,25,77,248,Boston Col.,2/22/1969,1,14,4,2.0,1992.0,0,0,0,TE,TE,mark_chmura,22.0,0.0,3.0
1994,GNB,Mark Chmura,Mark,Chmura,TE,89.0,25,77,248,Boston Col.,2/22/1969,1,14,4,2.0,1992.0,0,0,0,TE,TE,mark_chmura,22.0,0.0,3.0
1994,GNB,Reggie Johnson,Reggie,Johnson,TE,82.0,26,74,256,Florida St.,1/27/1968,3,9,2,1.0,1991.0,0,0,0,TE,TE,reggie_johnson,8.0,0.0,0.0
1994,GNB,Reggie Johnson,Reggie,Johnson,TE,82.0,26,74,256,Florida St.,1/27/1968,3,9,2,1.0,1991.0,0,0,0,TE,TE,reggie_johnson,0.0,0.0,0.0
1994,GNB,Reggie Johnson,Reggie,Johnson,TE,82.0,26,74,256,Florida St.,1/27/1968,3,9,2,1.0,1991.0,0,0,0,TE,TE,reggie_johnson,8.0,0.0,0.0
1994,GNB,Reggie Johnson,Reggie,Johnson,TE,82.0,26,74,256,Florida St.,1/27/1968,3,9,2,1.0,1991.0,0,0,0,TE,TE,reggie_johnson,0.0,0.0,0.0
1994,GNB,Jeff Wilner,Jeff,Wilner,TE,83.0,23,76,245,"Wesleyan,Connecticut",12/31/1971,Rook,11,1,0.0,,0,0,0,TE,TE,jeff_wilner,0.0,0.0,0.0
1994,GNB,Jeff Wilner,Jeff,Wilner,TE,83.0,23,76,245,"Wesleyan,Connecticut",12/31/1971,Rook,11,1,0.0,,0,0,0,TE,TE,jeff_wilner,0.0,0.0,0.0
1994,KAN,Derrick Walker,Derrick,Walker,TE,82.0,27,72,246,Michigan,6/23/1967,4,15,11,3.0,1990.0,0,0,0,TE,TE,derrick_walker,16.0,0.0,0.0
1994,KAN,Derrick Walker,Derrick,Walker,TE,82.0,27,72,246,Michigan,6/23/1967,4,15,11,3.0,1990.0,0,0,0,TE,TE,derrick_walker,16.0,0.0,0.0
1994,KAN,Keith Cash,Keith,Cash,TE,89.0,25,76,242,Texas,8/7/1969,3,6,5,2.0,1991.0,0,0,0,TE,TE,keith_cash,11.0,0.0,0.0
1994,KAN,Keith Cash,Keith,Cash,TE,89.0,25,76,242,Texas,8/7/1969,3,6,5,2.0,1991.0,0,0,0,TE,TE,keith_cash,11.0,0.0,0.0
1994,KAN,Tracy Greene,Tracy,Greene,TE,87.0,22,77,270,Grambling St.,11/5/1972,Rook,7,2,1.0,1994.0,0,0,0,TE,TE,tracy_greene,1.0,0.0,0.0
1994,KAN,Tracy Greene,Tracy,Greene,TE,87.0,22,77,270,Grambling St.,11/5/1972,Rook,7,2,1.0,1994.0,0,0,0,TE,TE,tracy_greene,1.0,0.0,0.0
1994,KAN,Jimmie Johnson,Jimmie,Johnson,TE,45.0,28,74,252,Howard,10/6/1966,5,7,1,0.0,1989.0,0,0,0,TE,TE,jimmie_johnson,5.0,0.0,0.0
1994,KAN,Tommie Stowers,Tommie,Stowers,TE,47.0,28,75,240,Missouri,11/18/1966,2,1,0,0.0,1990.0,0,0,0,TE,TE,tommie_stowers,0.0,0.0,0.0
1994,KAN,Jimmie Johnson,Jimmie,Johnson,TE,45.0,28,74,252,Howard,10/6/1966,5,7,1,0.0,1989.0,0,0,0,TE,TE,jimmie_johnson,5.0,0.0,0.0
1994,KAN,Tommie Stowers,Tommie,Stowers,TE,47.0,28,75,240,Missouri,11/18/1966,2,1,0,0.0,1990.0,0,0,0,TE,TE,tommie_stowers,0.0,0.0,0.0
1994,MIA,Keith Jackson,Keith,Jackson,TE,88.0,29,74,250,Oklahoma,4/19/1965,6,16,16,6.0,1988.0,0,0,0,TE,TE,keith_jackson,43.0,3.0,5.0
1994,MIA,Keith Jackson,Keith,Jackson,TE,88.0,29,74,250,Oklahoma,4/19/1965,6,16,16,6.0,1988.0,0,0,0,TE,TE,keith_jackson,0.0,0.0,0.0
1994,MIA,Keith Jackson,Keith,Jackson,TE,88.0,29,74,250,Oklahoma,4/19/1965,6,16,16,6.0,1988.0,0,0,0,TE,TE,keith_jackson,43.0,3.0,5.0
1994,MIA,Keith Jackson,Keith,Jackson,TE,88.0,29,74,250,Oklahoma,4/19/1965,6,16,16,6.0,1988.0,0,0,0,TE,TE,keith_jackson,0.0,0.0,0.0
1994,MIA,Greg Baty,Greg,Baty,TE,84.0,30,77,241,Stanford,8/28/1964,8,16,0,0.0,1986.0,0,0,0,TE,TE,greg_baty,8.0,0.0,0.0
1994,MIA,Ronnie Williams,Ronnie,Williams,TE,85.0,28,75,258,Oklahoma St.,1/19/1966,1,14,0,0.0,,0,0,0,TE,TE,ronnie_williams,0.0,0.0,0.0
1994,MIA,Greg Baty,Greg,Baty,TE,84.0,30,77,241,Stanford,8/28/1964,8,16,0,0.0,1986.0,0,0,0,TE,TE,greg_baty,8.0,0.0,0.0
1994,MIA,Ronnie Williams,Ronnie,Williams,TE,85.0,28,75,258,Oklahoma St.,1/19/1966,1,14,0,0.0,,0,0,0,TE,TE,ronnie_williams,0.0,0.0,0.0
1994,MIN,Adrian Cooper,Adrian,Cooper,TE,87.0,26,77,255,Oklahoma,4/27/1968,3,12,11,3.0,1991.0,0,0,0,TE,TE,adrian_cooper,8.0,0.0,0.0
1994,MIN,Andrew Jordan,Andrew,Jordan,TE,83.0,22,78,260,Western Carolina,6/21/1972,Rook,16,12,3.0,1994.0,0,0,0,TE,TE,andrew_jordan,7.0,0.0,0.0
1994,MIN,Adrian Cooper,Adrian,Cooper,TE,87.0,26,77,255,Oklahoma,4/27/1968,3,12,11,3.0,1991.0,0,0,0,TE,TE,adrian_cooper,8.0,0.0,0.0
1994,MIN,Andrew Jordan,Andrew,Jordan,TE,83.0,22,78,260,Western Carolina,6/21/1972,Rook,16,12,3.0,1994.0,0,0,0,TE,TE,andrew_jordan,7.0,0.0,0.0
1994,MIN,Steve Jordan,Steve,Jordan,TE,83.0,33,75,236,Brown,1/10/1961,12,4,1,0.0,1982.0,0,0,0,TE,TE,steve_jordan,48.0,0.0,6.0
1994,MIN,Brent Novoselsky,Brent,Novoselsky,TE,85.0,28,74,232,Pennsylvania,1/8/1966,6,12,0,0.0,,0,0,0,TE,TE,brent_novoselsky,0.0,0.0,0.0
1994,MIN,Steve Jordan,Steve,Jordan,TE,83.0,33,75,236,Brown,1/10/1961,12,4,1,0.0,1982.0,0,0,0,TE,TE,steve_jordan,48.0,0.0,6.0
1994,MIN,Brent Novoselsky,Brent,Novoselsky,TE,85.0,28,74,232,Pennsylvania,1/8/1966,6,12,0,0.0,,0,0,0,TE,TE,brent_novoselsky,0.0,0.0,0.0
1994,NOR,Irv Smith,Irv,Smith,TE,82.0,23,75,249,Notre Dame,10/13/1971,1,16,16,3.0,1993.0,0,0,0,TE,TE,irv_smith,14.0,0.0,0.0
1994,NOR,Wesley Walls,Wesley,Walls,TE,85.0,28,77,240,Mississippi,2/26/1966,5,15,7,3.0,1989.0,0,0,0,TE,TE,wesley_walls,43.0,0.0,5.0
1994,NOR,Irv Smith,Irv,Smith,TE,82.0,23,75,249,Notre Dame,10/13/1971,1,16,16,3.0,1993.0,0,0,0,TE,TE,irv_smith,14.0,0.0,0.0
1994,NOR,Wesley Walls,Wesley,Walls,TE,85.0,28,77,240,Mississippi,2/26/1966,5,15,7,3.0,1989.0,0,0,0,TE,TE,wesley_walls,43.0,0.0,5.0
1994,NOR,Kirk Botkin,Kirk,Botkin,TE,86.0,23,75,245,Arkansas,3/19/1971,Rook,3,0,0.0,,0,0,0,TE,TE,kirk_botkin,0.0,0.0,0.0
1994,NOR,Kirk Botkin,Kirk,Botkin,TE,86.0,23,75,245,Arkansas,3/19/1971,Rook,3,0,0.0,,0,0,0,TE,TE,kirk_botkin,0.0,0.0,0.0
1994,NWE,Ben Coates,Ben,Coates,TE,87.0,25,77,245,Livingstone,8/16/1969,3,16,16,10.0,1991.0,0,0,0,TE,TE,ben_coates,43.0,2.0,5.0
1994,NWE,Ben Coates,Ben,Coates,TE,87.0,25,77,245,Livingstone,8/16/1969,3,16,16,10.0,1991.0,0,0,0,TE,TE,ben_coates,43.0,2.0,5.0
1994,NYG,Howard Cross,Howard,Cross,TE,87.0,27,77,270,Alabama,8/8/1967,5,16,16,3.0,1989.0,0,0,0,TE,TE,howard_cross,17.0,0.0,0.0
1994,NYG,Howard Cross,Howard,Cross,TE,87.0,27,77,270,Alabama,8/8/1967,5,16,16,3.0,1989.0,0,0,0,TE,TE,howard_cross,17.0,0.0,0.0
1994,NYG,Aaron Pierce,Aaron,Pierce,TE,84.0,25,77,252,Washington,9/6/1969,2,16,11,2.0,1992.0,0,0,0,TE,TE,aaron_pierce,8.0,0.0,0.0
1994,NYG,Aaron Pierce,Aaron,Pierce,TE,84.0,25,77,252,Washington,9/6/1969,2,16,11,2.0,1992.0,0,0,0,TE,TE,aaron_pierce,8.0,0.0,0.0
1994,NYG,Derek Brown,Derek,Brown,TE,86.0,24,78,259,Notre Dame,3/31/1970,2,13,0,0.0,1992.0,0,0,0,TE,TE,derek_brown,4.0,0.0,0.0
1994,NYG,Derek Brown,Derek,Brown,TE,86.0,24,78,259,Notre Dame,3/31/1970,2,13,0,0.0,1992.0,0,0,0,TE,TE,derek_brown,17.0,0.0,0.0
1994,NYG,Brian Kozlowski,Brian,Kozlowski,TE,85.0,24,75,250,Connecticut,10/4/1970,1,16,2,0.0,,0,0,0,TE,TE,brian_kozlowski,0.0,0.0,0.0
1994,NYG,Derek Brown,Derek,Brown,TE,86.0,24,78,259,Notre Dame,3/31/1970,2,13,0,0.0,1992.0,0,0,0,TE,TE,derek_brown,4.0,0.0,0.0
1994,NYG,Derek Brown,Derek,Brown,TE,86.0,24,78,259,Notre Dame,3/31/1970,2,13,0,0.0,1992.0,0,0,0,TE,TE,derek_brown,17.0,0.0,0.0
1994,NYG,Brian Kozlowski,Brian,Kozlowski,TE,85.0,24,75,250,Connecticut,10/4/1970,1,16,2,0.0,,0,0,0,TE,TE,brian_kozlowski,0.0,0.0,0.0
1994,NYJ,Johnny Mitchell,Johnny,Mitchell,TE,86.0,23,75,241,Nebraska,1/20/1971,2,16,14,7.0,1992.0,0,0,0,TE,TE,johnny_mitchell,17.0,0.0,0.0
1994,NYJ,Johnny Mitchell,Johnny,Mitchell,TE,86.0,23,75,241,Nebraska,1/20/1971,2,16,14,7.0,1992.0,0,0,0,TE,TE,johnny_mitchell,17.0,0.0,0.0
1994,NYJ,James Thornton,James,Thornton,TE,80.0,29,74,242,Cal State-Fullerton,2/8/1965,6,15,5,1.0,1988.0,0,0,0,TE,TE,james_thornton,12.0,0.0,0.0
1994,NYJ,James Thornton,James,Thornton,TE,80.0,29,74,242,Cal State-Fullerton,2/8/1965,6,15,5,1.0,1988.0,0,0,0,TE,TE,james_thornton,12.0,0.0,0.0
1994,NYJ,Fred Baxter,Fred,Baxter,TE,84.0,23,75,268,Auburn,6/14/1971,1,11,1,0.0,1993.0,0,0,0,TE,TE,fred_baxter,7.0,0.0,0.0
1994,NYJ,Fred Baxter,Fred,Baxter,TE,84.0,23,75,268,Auburn,6/14/1971,1,11,1,0.0,1993.0,0,0,0,TE,TE,fred_baxter,7.0,0.0,0.0
1994,OTI,Pat Carter,Pat,Carter,TE,85.0,28,76,256,Florida St.,8/1/1966,6,16,13,0.0,1988.0,0,0,0,TE,TE,pat_carter,9.0,0.0,0.0
1994,OTI,Roderick Lewis,Roderick,Lewis,TE,49.0,23,77,254,Arizona,6/9/1971,Rook,3,1,0.0,1994.0,0,0,0,TE,TE,roderick_lewis,2.0,0.0,0.0
1994,OTI,Pat Carter,Pat,Carter,TE,85.0,28,76,256,Florida St.,8/1/1966,6,16,13,0.0,1988.0,0,0,0,TE,TE,pat_carter,9.0,0.0,0.0
1994,OTI,Roderick Lewis,Roderick,Lewis,TE,49.0,23,77,254,Arizona,6/9/1971,Rook,3,1,0.0,1994.0,0,0,0,TE,TE,roderick_lewis,2.0,0.0,0.0
1994,OTI,Pat Carter,Pat,Carter,TE,85.0,28,76,256,Florida St.,8/1/1966,6,16,13,0.0,1988.0,0,0,0,TE,TE,pat_carter,9.0,0.0,0.0
1994,OTI,Roderick Lewis,Roderick,Lewis,TE,49.0,23,77,254,Arizona,6/9/1971,Rook,3,1,0.0,1994.0,0,0,0,TE,TE,roderick_lewis,2.0,0.0,0.0
1994,OTI,Pat Carter,Pat,Carter,TE,85.0,28,76,256,Florida St.,8/1/1966,6,16,13,0.0,1988.0,0,0,0,TE,TE,pat_carter,9.0,0.0,0.0
1994,OTI,Roderick Lewis,Roderick,Lewis,TE,49.0,23,77,254,Arizona,6/9/1971,Rook,3,1,0.0,1994.0,0,0,0,TE,TE,roderick_lewis,2.0,0.0,0.0
1994,PHI,Mark Bavaro,Mark,Bavaro,TE,84.0,31,76,245,Notre Dame,4/28/1963,9,12,11,2.0,1985.0,0,0,0,TE,TE,mark_bavaro,40.0,2.0,2.0
1994,PHI,Maurice Johnson,Maurice,Johnson,TE,87.0,27,74,242,Temple,1/9/1967,3,16,10,2.0,,0,0,0,TE,TE,maurice_johnson,0.0,0.0,0.0
1994,PHI,Mark Bavaro,Mark,Bavaro,TE,84.0,31,76,245,Notre Dame,4/28/1963,9,12,11,2.0,1985.0,0,0,0,TE,TE,mark_bavaro,40.0,2.0,2.0
1994,PHI,Maurice Johnson,Maurice,Johnson,TE,87.0,27,74,242,Temple,1/9/1967,3,16,10,2.0,,0,0,0,TE,TE,maurice_johnson,0.0,0.0,0.0
1994,PIT,Eric Green,Eric,Green,TE,86.0,27,77,280,Liberty,6/22/1967,4,15,14,5.0,1990.0,0,0,0,TE,TE,eric_green,32.0,0.0,2.0
1994,PIT,Eric Green,Eric,Green,TE,86.0,27,77,280,Liberty,6/22/1967,4,15,14,5.0,1990.0,0,0,0,TE,TE,eric_green,12.0,0.0,0.0
1994,PIT,Eric Green,Eric,Green,TE,86.0,27,77,280,Liberty,6/22/1967,4,15,14,5.0,1990.0,0,0,0,TE,TE,eric_green,32.0,0.0,2.0
1994,PIT,Eric Green,Eric,Green,TE,86.0,27,77,280,Liberty,6/22/1967,4,15,14,5.0,1990.0,0,0,0,TE,TE,eric_green,12.0,0.0,0.0
1994,PIT,Jonathan Hayes,Jonathan,Hayes,TE,85.0,32,77,248,Iowa,8/11/1962,9,16,6,0.0,1985.0,0,0,0,TE,TE,jonathan_hayes,15.0,0.0,0.0
1994,PIT,Craig Keith,Craig,Keith,TE,87.0,23,75,262,Lenoir-Rhyne,4/27/1971,1,16,1,0.0,1993.0,0,0,0,TE,TE,craig_keith,0.0,0.0,0.0
1994,PIT,Walter Rasby,Walter,Rasby,TE,84.0,22,75,252,Wake Forest,9/7/1972,Rook,2,0,0.0,,0,0,0,TE,TE,walter_rasby,0.0,0.0,0.0
1994,PIT,Jonathan Hayes,Jonathan,Hayes,TE,85.0,32,77,248,Iowa,8/11/1962,9,16,6,0.0,1985.0,0,0,0,TE,TE,jonathan_hayes,15.0,0.0,0.0
1994,PIT,Craig Keith,Craig,Keith,TE,87.0,23,75,262,Lenoir-Rhyne,4/27/1971,1,16,1,0.0,1993.0,0,0,0,TE,TE,craig_keith,0.0,0.0,0.0
1994,PIT,Walter Rasby,Walter,Rasby,TE,84.0,22,75,252,Wake Forest,9/7/1972,Rook,2,0,0.0,,0,0,0,TE,TE,walter_rasby,0.0,0.0,0.0
1994,RAI,Andrew Glover,Andrew,Glover,TE,87.0,27,78,250,Grambling St.,8/12/1967,3,16,16,3.0,1991.0,0,0,0,TE,TE,andrew_glover,22.0,0.0,0.0
1994,RAI,Andrew Glover,Andrew,Glover,TE,87.0,27,78,250,Grambling St.,8/12/1967,3,16,16,3.0,1991.0,0,0,0,TE,TE,andrew_glover,22.0,0.0,0.0
1994,RAI,John Duff,John,Duff,TE,84.0,27,79,250,New Mexico,7/31/1967,1,4,0,0.0,,0,0,0,TE,TE,john_duff,0.0,0.0,0.0
1994,RAI,Kevin Smith,Kevin,Smith,TE,83.0,25,76,255,UCLA,7/25/1969,2,3,0,0.0,1992.0,0,0,0,TE,TE,kevin_smith,38.0,0.0,0.0
1994,RAI,Kevin Smith,Kevin,Smith,TE,83.0,25,76,255,UCLA,7/25/1969,2,3,0,0.0,1992.0,0,0,0,TE,TE,kevin_smith,0.0,0.0,0.0
1994,RAI,Kevin Smith,Kevin,Smith,TE,83.0,25,76,255,UCLA,7/25/1969,2,3,0,0.0,1992.0,0,0,0,TE,TE,kevin_smith,19.0,0.0,0.0
1994,RAI,Jamie Williams,Jamie,Williams,TE,88.0,34,76,240,Nebraska,2/25/1960,11,16,0,0.0,1983.0,0,0,0,TE,TE,jamie_williams,16.0,0.0,0.0
1994,RAI,John Duff,John,Duff,TE,84.0,27,79,250,New Mexico,7/31/1967,1,4,0,0.0,,0,0,0,TE,TE,john_duff,0.0,0.0,0.0
1994,RAI,Kevin Smith,Kevin,Smith,TE,83.0,25,76,255,UCLA,7/25/1969,2,3,0,0.0,1992.0,0,0,0,TE,TE,kevin_smith,38.0,0.0,0.0
1994,RAI,Kevin Smith,Kevin,Smith,TE,83.0,25,76,255,UCLA,7/25/1969,2,3,0,0.0,1992.0,0,0,0,TE,TE,kevin_smith,0.0,0.0,0.0
1994,RAI,Kevin Smith,Kevin,Smith,TE,83.0,25,76,255,UCLA,7/25/1969,2,3,0,0.0,1992.0,0,0,0,TE,TE,kevin_smith,19.0,0.0,0.0
1994,RAI,Jamie Williams,Jamie,Williams,TE,88.0,34,76,240,Nebraska,2/25/1960,11,16,0,0.0,1983.0,0,0,0,TE,TE,jamie_williams,16.0,0.0,0.0
1994,RAM,Troy Drayton,Troy,Drayton,TE,84.0,24,75,260,Penn St.,6/29/1970,1,16,16,2.0,1993.0,0,0,0,TE,TE,troy_drayton,21.0,0.0,0.0
1994,RAM,Troy Drayton,Troy,Drayton,TE,84.0,24,75,260,Penn St.,6/29/1970,1,16,16,2.0,1993.0,0,0,0,TE,TE,troy_drayton,21.0,0.0,0.0
1994,RAM,Rickey Brady,Rickey,Brady,TE,48.0,24,76,246,Oklahoma,11/19/1970,Rook,1,0,0.0,1994.0,0,0,0,TE,TE,rickey_brady,0.0,0.0,0.0
1994,RAM,Ron Middleton,Ron,Middleton,TE,87.0,29,74,262,Auburn,7/17/1965,8,16,3,0.0,,0,0,0,TE,TE,ron_middleton,0.0,0.0,0.0
1994,RAM,Rickey Brady,Rickey,Brady,TE,48.0,24,76,246,Oklahoma,11/19/1970,Rook,1,0,0.0,1994.0,0,0,0,TE,TE,rickey_brady,0.0,0.0,0.0
1994,RAM,Ron Middleton,Ron,Middleton,TE,87.0,29,74,262,Auburn,7/17/1965,8,16,3,0.0,,0,0,0,TE,TE,ron_middleton,0.0,0.0,0.0
1994,SDG,Alfred Pupunu,Alfred,Pupunu,TE,86.0,25,74,260,Weber St.,10/17/1969,2,13,10,2.0,,0,0,0,TE,TE,alfred_pupunu,0.0,0.0,0.0
1994,SDG,Duane Young,Duane,Young,TE,87.0,26,75,270,Michigan St.,5/29/1968,3,14,14,2.0,1991.0,0,0,0,TE,TE,duane_young,3.0,0.0,0.0
1994,SDG,Alfred Pupunu,Alfred,Pupunu,TE,86.0,25,74,260,Weber St.,10/17/1969,2,13,10,2.0,,0,0,0,TE,TE,alfred_pupunu,0.0,0.0,0.0
1994,SDG,Duane Young,Duane,Young,TE,87.0,26,75,270,Michigan St.,5/29/1968,3,14,14,2.0,1991.0,0,0,0,TE,TE,duane_young,3.0,0.0,0.0
1994,SDG,Shannon Mitchell,Shannon,Mitchell,TE,89.0,22,74,245,Georgia,3/28/1972,Rook,16,6,1.0,,0,0,0,TE,TE,shannon_mitchell,0.0,0.0,0.0
1994,SDG,Shannon Mitchell,Shannon,Mitchell,TE,89.0,22,74,245,Georgia,3/28/1972,Rook,16,6,1.0,,0,0,0,TE,TE,shannon_mitchell,0.0,0.0,0.0
1994,SDG,Aaron Laing,Aaron,Laing,TE,84.0,23,75,260,"Lamar,New Mexico St.",7/19/1971,Rook,5,1,0.0,1994.0,0,0,0,TE,TE,aaron_laing,1.0,0.0,0.0
1994,SDG,Deems May,Deems,May,TE,88.0,25,76,263,North Carolina,3/6/1969,2,5,2,0.0,1992.0,0,0,0,TE,TE,deems_may,2.0,0.0,0.0
1994,SDG,Aaron Laing,Aaron,Laing,TE,84.0,23,75,260,"Lamar,New Mexico St.",7/19/1971,Rook,5,1,0.0,1994.0,0,0,0,TE,TE,aaron_laing,1.0,0.0,0.0
1994,SDG,Deems May,Deems,May,TE,88.0,25,76,263,North Carolina,3/6/1969,2,5,2,0.0,1992.0,0,0,0,TE,TE,deems_may,2.0,0.0,0.0
1994,SEA,Paul Green,Paul,Green,TE,87.0,28,75,236,USC,10/8/1966,5,16,11,2.0,1989.0,0,0,0,TE,TE,paul_green,5.0,0.0,0.0
1994,SEA,Paul Green,Paul,Green,TE,87.0,28,75,236,USC,10/8/1966,5,16,11,2.0,1989.0,0,0,0,TE,TE,paul_green,5.0,0.0,0.0
1994,SEA,Carlester Crumpler,Carlester,Crumpler,TE,48.0,23,78,260,East Carolina,9/5/1971,Rook,9,4,0.0,1994.0,0,0,0,TE,TE,carlester_crumpler,0.0,0.0,0.0
1994,SEA,Carlester Crumpler,Carlester,Crumpler,TE,48.0,23,78,260,East Carolina,9/5/1971,Rook,9,4,0.0,1994.0,0,0,0,TE,TE,carlester_crumpler,7.0,0.0,0.0
1994,SEA,Ferrell Edmunds,Ferrell,Edmunds,TE,82.0,29,78,254,Maryland,4/16/1965,6,7,7,0.0,1988.0,0,0,0,TE,TE,ferrell_edmunds,15.0,0.0,2.0
1994,SEA,Carlester Crumpler,Carlester,Crumpler,TE,48.0,23,78,260,East Carolina,9/5/1971,Rook,9,4,0.0,1994.0,0,0,0,TE,TE,carlester_crumpler,0.0,0.0,0.0
1994,SEA,Carlester Crumpler,Carlester,Crumpler,TE,48.0,23,78,260,East Carolina,9/5/1971,Rook,9,4,0.0,1994.0,0,0,0,TE,TE,carlester_crumpler,7.0,0.0,0.0
1994,SEA,Ferrell Edmunds,Ferrell,Edmunds,TE,82.0,29,78,254,Maryland,4/16/1965,6,7,7,0.0,1988.0,0,0,0,TE,TE,ferrell_edmunds,15.0,0.0,2.0
1994,SFO,Brent Jones,Brent,Jones,TE,84.0,31,76,230,Santa Clara,2/12/1963,7,15,15,9.0,1986.0,0,0,0,TE,TE,brent_jones,50.0,0.0,4.0
1994,SFO,Brent Jones,Brent,Jones,TE,84.0,31,76,230,Santa Clara,2/12/1963,7,15,15,9.0,1986.0,0,0,0,TE,TE,brent_jones,50.0,0.0,4.0
1994,SFO,Ted Popson,Ted,Popson,TE,85.0,28,76,250,Portland St.,9/10/1966,1,16,1,2.0,1991.0,0,0,0,TE,TE,ted_popson,9.0,0.0,0.0
1994,SFO,Ted Popson,Ted,Popson,TE,85.0,28,76,250,Portland St.,9/10/1966,1,16,1,2.0,1991.0,0,0,0,TE,TE,ted_popson,9.0,0.0,0.0
1994,SFO,Brett Carolan,Brett,Carolan,TE,86.0,23,75,241,Washington St.,3/16/1971,Rook,4,0,0.0,,0,0,0,TE,TE,brett_carolan,0.0,0.0,0.0
1994,SFO,Brett Carolan,Brett,Carolan,TE,86.0,23,75,241,Washington St.,3/16/1971,Rook,4,0,0.0,,0,0,0,TE,TE,brett_carolan,0.0,0.0,0.0
1994,TAM,Jackie Harris,Jackie,Harris,TE,81.0,26,76,244,La-Monroe,1/4/1968,4,9,9,3.0,1990.0,0,0,0,TE,TE,jackie_harris,33.0,0.0,0.0
1994,TAM,Jackie Harris,Jackie,Harris,TE,81.0,26,76,244,La-Monroe,1/4/1968,4,9,9,3.0,1990.0,0,0,0,TE,TE,jackie_harris,33.0,0.0,0.0
1994,TAM,Tyji Armstrong,Tyji,Armstrong,TE,86.0,24,76,259,"Iowa Central,Mississippi",10/3/1970,2,16,9,2.0,1992.0,0,0,0,TE,TE,tyji_armstrong,4.0,0.0,0.0
1994,TAM,Tyji Armstrong,Tyji,Armstrong,TE,86.0,24,76,259,"Iowa Central,Mississippi",10/3/1970,2,16,9,2.0,1992.0,0,0,0,TE,TE,tyji_armstrong,4.0,0.0,0.0
1994,TAM,Harold Bishop,Harold,Bishop,TE,89.0,24,76,254,LSU,4/8/1970,Rook,6,0,0.0,1994.0,0,0,0,TE,TE,harold_bishop,1.0,0.0,0.0
1994,TAM,Dave Moore,Dave,Moore,TE,83.0,25,74,250,Pittsburgh,11/11/1969,2,15,5,0.0,1992.0,0,0,0,TE,TE,dave_moore,18.0,0.0,1.0
1994,TAM,Harold Bishop,Harold,Bishop,TE,89.0,24,76,254,LSU,4/8/1970,Rook,6,0,0.0,1994.0,0,0,0,TE,TE,harold_bishop,1.0,0.0,0.0
1994,TAM,Dave Moore,Dave,Moore,TE,83.0,25,74,250,Pittsburgh,11/11/1969,2,15,5,0.0,1992.0,0,0,0,TE,TE,dave_moore,18.0,0.0,1.0
1994,WAS,Ethan Horton,Ethan,Horton,TE,89.0,32,76,235,North Carolina,12/19/1962,9,16,15,1.0,1985.0,0,0,0,TE,TE,ethan_horton,22.0,0.0,1.0
1994,WAS,Ethan Horton,Ethan,Horton,TE,89.0,32,76,235,North Carolina,12/19/1962,9,16,15,1.0,1985.0,0,0,0,TE,TE,ethan_horton,22.0,0.0,1.0
1994,WAS,Kurt Haws,Kurt,Haws,TE,82.0,25,77,248,Utah,9/25/1969,Rook,6,0,0.0,1994.0,0,0,0,TE,TE,kurt_haws,0.0,0.0,0.0
1994,WAS,James Jenkins,James,Jenkins,TE,88.0,27,74,243,Rutgers,8/17/1967,3,16,3,0.0,,0,0,0,TE,TE,james_jenkins,0.0,0.0,0.0
1994,WAS,Frank Wycheck,Frank,Wycheck,TE,22.0,23,75,253,Maryland,10/14/1971,1,9,1,0.0,1993.0,0,0,0,TE,TE,frank_wycheck,43.0,0.0,3.0
1994,WAS,Kurt Haws,Kurt,Haws,TE,82.0,25,77,248,Utah,9/25/1969,Rook,6,0,0.0,1994.0,0,0,0,TE,TE,kurt_haws,0.0,0.0,0.0
1994,WAS,James Jenkins,James,Jenkins,TE,88.0,27,74,243,Rutgers,8/17/1967,3,16,3,0.0,,0,0,0,TE,TE,james_jenkins,0.0,0.0,0.0
1994,WAS,Frank Wycheck,Frank,Wycheck,TE,22.0,23,75,253,Maryland,10/14/1971,1,9,1,0.0,1993.0,0,0,0,TE,TE,frank_wycheck,43.0,0.0,3.0
1995,ATL,Mitch Lyons,Mitch,Lyons,TE,86.0,25,77,265,Michigan St.,5/13/1970,2,14,4,1.0,1993.0,0,0,0,TE,TE,mitch_lyons,3.0,0.0,0.0
1995,ATL,Mitch Lyons,Mitch,Lyons,TE,86.0,25,77,265,Michigan St.,5/13/1970,2,14,4,1.0,1993.0,0,0,0,TE,TE,mitch_lyons,3.0,0.0,0.0
1995,ATL,Harper LeBel,Harper,LeBel,TE,88.0,32,76,250,Colorado St.,7/14/1963,6,16,0,0.0,1985.0,0,0,0,TE,TE,harper_lebel,0.0,0.0,0.0
1995,ATL,Harper LeBel,Harper,LeBel,TE,88.0,32,76,250,Colorado St.,7/14/1963,6,16,0,0.0,1985.0,0,0,0,TE,TE,harper_lebel,0.0,0.0,0.0
1995,BUF,Lonnie Johnson,Lonnie,Johnson,TE,84.0,24,75,240,Florida St.,2/14/1971,1,16,16,5.0,1994.0,0,0,0,TE,TE,lonnie_johnson,0.0,0.0,0.0
1995,BUF,Lonnie Johnson,Lonnie,Johnson,TE,84.0,24,75,240,Florida St.,2/14/1971,1,16,16,5.0,1994.0,0,0,0,TE,TE,lonnie_johnson,13.0,0.0,0.0
1995,BUF,Lonnie Johnson,Lonnie,Johnson,TE,84.0,24,75,240,Florida St.,2/14/1971,1,16,16,5.0,1994.0,0,0,0,TE,TE,lonnie_johnson,0.0,0.0,0.0
1995,BUF,Lonnie Johnson,Lonnie,Johnson,TE,84.0,24,75,240,Florida St.,2/14/1971,1,16,16,5.0,1994.0,0,0,0,TE,TE,lonnie_johnson,13.0,0.0,0.0
1995,BUF,Tony Cline,Tony,Cline,TE,88.0,24,76,247,Stanford,11/24/1971,Rook,16,1,1.0,1995.0,0,0,0,TE,TE,tony_cline,36.0,0.0,0.0
1995,BUF,Tony Cline,Tony,Cline,TE,88.0,24,76,247,Stanford,11/24/1971,Rook,16,1,1.0,1995.0,0,0,0,TE,TE,tony_cline,2.0,0.0,0.0
1995,BUF,Tony Cline,Tony,Cline,TE,88.0,24,76,247,Stanford,11/24/1971,Rook,16,1,1.0,1995.0,0,0,0,TE,TE,tony_cline,36.0,0.0,0.0
1995,BUF,Tony Cline,Tony,Cline,TE,88.0,24,76,247,Stanford,11/24/1971,Rook,16,1,1.0,1995.0,0,0,0,TE,TE,tony_cline,2.0,0.0,0.0
1995,BUF,Rob Coons,Rob,Coons,TE,87.0,26,77,249,Pittsburgh,9/18/1969,1,4,0,0.0,,0,0,0,TE,TE,rob_coons,0.0,0.0,0.0
1995,BUF,Rob Coons,Rob,Coons,TE,87.0,26,77,249,Pittsburgh,9/18/1969,1,4,0,0.0,,0,0,0,TE,TE,rob_coons,0.0,0.0,0.0
1995,CAR,Matt Campbell,Matt,Campbell,TE,87.0,23,76,284,South Carolina,7/14/1972,1,10,2,1.0,,0,0,0,TE,TE,matt_campbell,0.0,0.0,0.0
1995,CAR,Pete Metzelaars,Pete,Metzelaars,TE,88.0,35,79,254,Wabash,5/24/1960,13,14,14,1.0,1982.0,0,0,0,TE,TE,pete_metzelaars,28.0,0.0,0.0
1995,CAR,Matt Campbell,Matt,Campbell,TE,87.0,23,76,284,South Carolina,7/14/1972,1,10,2,1.0,,0,0,0,TE,TE,matt_campbell,0.0,0.0,0.0
1995,CAR,Pete Metzelaars,Pete,Metzelaars,TE,88.0,35,79,254,Wabash,5/24/1960,13,14,14,1.0,1982.0,0,0,0,TE,TE,pete_metzelaars,28.0,0.0,0.0
1995,CAR,Walter Rasby,Walter,Rasby,TE,89.0,23,75,252,Wake Forest,9/7/1972,1,9,2,0.0,,0,0,0,TE,TE,walter_rasby,0.0,0.0,0.0
1995,CAR,Lawyer Tillman,Lawyer,Tillman,TE,85.0,29,77,230,Auburn,5/20/1966,6,5,0,0.0,1989.0,0,0,0,TE,TE,lawyer_tillman,7.0,0.0,0.0
1995,CAR,Nate Turner,Nate,Turner,TE,32.0,26,73,255,Nebraska,5/28/1969,2,2,0,0.0,1992.0,0,0,0,TE,TE,nate_turner,0.0,0.0,0.0
1995,CAR,Walter Rasby,Walter,Rasby,TE,89.0,23,75,252,Wake Forest,9/7/1972,1,9,2,0.0,,0,0,0,TE,TE,walter_rasby,0.0,0.0,0.0
1995,CAR,Lawyer Tillman,Lawyer,Tillman,TE,85.0,29,77,230,Auburn,5/20/1966,6,5,0,0.0,1989.0,0,0,0,TE,TE,lawyer_tillman,7.0,0.0,0.0
1995,CAR,Nate Turner,Nate,Turner,TE,32.0,26,73,255,Nebraska,5/28/1969,2,2,0,0.0,1992.0,0,0,0,TE,TE,nate_turner,0.0,0.0,0.0
1995,CHI,Keith Jennings,Keith,Jennings,TE,85.0,29,76,262,Clemson,5/19/1966,6,16,16,2.0,1989.0,0,0,0,TE,TE,keith_jennings,7.0,0.0,0.0
1995,CHI,Ryan Wetnight,Ryan,Wetnight,TE,89.0,25,74,235,Stanford,11/5/1970,2,12,2,2.0,,0,0,0,TE,TE,ryan_wetnight,0.0,0.0,0.0
1995,CHI,Keith Jennings,Keith,Jennings,TE,85.0,29,76,262,Clemson,5/19/1966,6,16,16,2.0,1989.0,0,0,0,TE,TE,keith_jennings,7.0,0.0,0.0
1995,CHI,Ryan Wetnight,Ryan,Wetnight,TE,89.0,25,74,235,Stanford,11/5/1970,2,12,2,2.0,,0,0,0,TE,TE,ryan_wetnight,0.0,0.0,0.0
1995,CHI,Chris Gedney,Chris,Gedney,TE,84.0,25,77,258,Syracuse,8/9/1970,2,14,1,1.0,1993.0,0,0,0,TE,TE,chris_gedney,8.0,0.0,0.0
1995,CHI,Chris Gedney,Chris,Gedney,TE,84.0,25,77,258,Syracuse,8/9/1970,2,14,1,1.0,1993.0,0,0,0,TE,TE,chris_gedney,8.0,0.0,0.0
1995,CHI,Andre President,Andre,President,TE,87.0,24,75,255,Angelo State (TX),6/16/1971,Rook,2,0,0.0,,0,0,0,TE,TE,andre_president,0.0,0.0,0.0
1995,CHI,Andre President,Andre,President,TE,87.0,24,75,255,Angelo State (TX),6/16/1971,Rook,2,0,0.0,,0,0,0,TE,TE,andre_president,0.0,0.0,0.0
1995,CIN,Tony McGee,Tony,McGee,TE,82.0,24,75,247,Michigan,4/21/1971,2,16,16,7.0,1993.0,0,0,0,TE,TE,tony_mcgee,38.0,0.0,0.0
1995,CIN,Tony McGee,Tony,McGee,TE,82.0,24,75,247,Michigan,4/21/1971,2,16,16,7.0,1993.0,0,0,0,TE,TE,tony_mcgee,28.0,0.0,0.0
1995,CIN,Tony McGee,Tony,McGee,TE,82.0,24,75,247,Michigan,4/21/1971,2,16,16,7.0,1993.0,0,0,0,TE,TE,tony_mcgee,38.0,0.0,0.0
1995,CIN,Tony McGee,Tony,McGee,TE,82.0,24,75,247,Michigan,4/21/1971,2,16,16,7.0,1993.0,0,0,0,TE,TE,tony_mcgee,28.0,0.0,0.0
1995,CIN,Troy Sadowski,Troy,Sadowski,TE,87.0,30,77,255,Georgia,12/8/1965,5,12,0,0.0,1989.0,0,0,0,TE,TE,troy_sadowski,0.0,0.0,0.0
1995,CIN,Derek Ware,Derek,Ware,TE,88.0,28,74,255,"Sacramento CC,Texas A&M,Central Oklahoma",9/17/1967,3,7,0,0.0,1992.0,0,0,0,TE,TE,derek_ware,1.0,0.0,0.0
1995,CIN,Troy Sadowski,Troy,Sadowski,TE,87.0,30,77,255,Georgia,12/8/1965,5,12,0,0.0,1989.0,0,0,0,TE,TE,troy_sadowski,0.0,0.0,0.0
1995,CIN,Derek Ware,Derek,Ware,TE,88.0,28,74,255,"Sacramento CC,Texas A&M,Central Oklahoma",9/17/1967,3,7,0,0.0,1992.0,0,0,0,TE,TE,derek_ware,1.0,0.0,0.0
1995,CLE,Brian Kinchen,Brian,Kinchen,TE,88.0,30,74,240,LSU,8/6/1965,7,13,12,2.0,1988.0,0,0,0,TE,TE,brian_kinchen,15.0,0.0,0.0
1995,CLE,Brian Kinchen,Brian,Kinchen,TE,88.0,30,74,240,LSU,8/6/1965,7,13,12,2.0,1988.0,0,0,0,TE,TE,brian_kinchen,15.0,0.0,0.0
1995,CLE,Harold Bishop,Harold,Bishop,TE,89.0,25,76,254,LSU,4/8/1970,1,13,3,1.0,1994.0,0,0,0,TE,TE,harold_bishop,1.0,0.0,0.0
1995,CLE,Frank Hartley,Frank,Hartley,TE,48.0,28,74,268,Illinois,12/15/1967,1,15,13,1.0,,0,0,0,TE,TE,frank_hartley,0.0,0.0,0.0
1995,CLE,Harold Bishop,Harold,Bishop,TE,89.0,25,76,254,LSU,4/8/1970,1,13,3,1.0,1994.0,0,0,0,TE,TE,harold_bishop,1.0,0.0,0.0
1995,CLE,Frank Hartley,Frank,Hartley,TE,48.0,28,74,268,Illinois,12/15/1967,1,15,13,1.0,,0,0,0,TE,TE,frank_hartley,0.0,0.0,0.0
1995,CLE,Walter Reeves,Walter,Reeves,TE,86.0,30,76,270,Auburn,12/16/1965,6,5,3,0.0,1989.0,0,0,0,TE,TE,walter_reeves,3.0,0.0,0.0
1995,CLE,Walter Reeves,Walter,Reeves,TE,86.0,30,76,270,Auburn,12/16/1965,6,5,3,0.0,1989.0,0,0,0,TE,TE,walter_reeves,3.0,0.0,0.0
1995,CLT,Ken Dilger,Ken,Dilger,TE,85.0,24,77,250,Illinois,2/2/1971,Rook,16,13,7.0,1995.0,0,0,0,TE,TE,ken_dilger,35.0,0.0,1.0
1995,CLT,Ken Dilger,Ken,Dilger,TE,85.0,24,77,250,Illinois,2/2/1971,Rook,16,13,7.0,1995.0,0,0,0,TE,TE,ken_dilger,35.0,0.0,1.0
1995,CLT,Charles Arbuckle,Charles,Arbuckle,TE,81.0,27,75,248,UCLA,9/13/1968,3,3,3,0.0,1990.0,0,0,0,TE,TE,charles_arbuckle,2.0,0.0,0.0
1995,CLT,Thomas McLemore,Thomas,McLemore,TE,81.0,25,77,245,Southern,3/14/1970,3,1,0,0.0,1992.0,0,0,0,TE,TE,thomas_mclemore,0.0,0.0,0.0
1995,CLT,Marcus Pollard,Marcus,Pollard,TE,81.0,23,75,248,Bradley,2/8/1972,Rook,8,0,0.0,,0,0,0,TE,TE,marcus_pollard,0.0,0.0,0.0
1995,CLT,Charles Arbuckle,Charles,Arbuckle,TE,81.0,27,75,248,UCLA,9/13/1968,3,3,3,0.0,1990.0,0,0,0,TE,TE,charles_arbuckle,2.0,0.0,0.0
1995,CLT,Thomas McLemore,Thomas,McLemore,TE,81.0,25,77,245,Southern,3/14/1970,3,1,0,0.0,1992.0,0,0,0,TE,TE,thomas_mclemore,0.0,0.0,0.0
1995,CLT,Marcus Pollard,Marcus,Pollard,TE,81.0,23,75,248,Bradley,2/8/1972,Rook,8,0,0.0,,0,0,0,TE,TE,marcus_pollard,0.0,0.0,0.0
1995,CRD,Wendall Gaines,Wendall,Gaines,TE,89.0,23,76,293,Oklahoma St.,1/17/1972,Rook,16,11,1.0,,0,0,0,TE,TE,wendall_gaines,0.0,0.0,0.0
1995,CRD,Oscar McBride,Oscar,McBride,TE,87.0,23,77,266,Notre Dame,7/23/1972,Rook,16,10,1.0,,0,0,0,TE,TE,oscar_mcbride,0.0,0.0,0.0
1995,CRD,Wendall Gaines,Wendall,Gaines,TE,89.0,23,76,293,Oklahoma St.,1/17/1972,Rook,16,11,1.0,,0,0,0,TE,TE,wendall_gaines,0.0,0.0,0.0
1995,CRD,Oscar McBride,Oscar,McBride,TE,87.0,23,77,266,Notre Dame,7/23/1972,Rook,16,10,1.0,,0,0,0,TE,TE,oscar_mcbride,0.0,0.0,0.0
1995,CRD,Chad Fann,Chad,Fann,TE,86.0,25,75,252,"Mississippi,Florida A&M",6/7/1970,2,16,3,0.0,,0,0,0,TE,TE,chad_fann,0.0,0.0,0.0
1995,CRD,Terry Samuels,Terry,Samuels,TE,44.0,25,74,254,Kentucky,9/27/1970,1,4,1,0.0,1994.0,0,0,0,TE,TE,terry_samuels,0.0,0.0,0.0
1995,CRD,Chad Fann,Chad,Fann,TE,86.0,25,75,252,"Mississippi,Florida A&M",6/7/1970,2,16,3,0.0,,0,0,0,TE,TE,chad_fann,0.0,0.0,0.0
1995,CRD,Terry Samuels,Terry,Samuels,TE,44.0,25,74,254,Kentucky,9/27/1970,1,4,1,0.0,1994.0,0,0,0,TE,TE,terry_samuels,0.0,0.0,0.0
1995,DAL,Jay Novacek,Jay,Novacek,TE,84.0,33,76,234,Wyoming,10/24/1962,10,15,15,8.0,1985.0,0,0,0,TE,TE,jay_novacek,44.0,1.0,5.0
1995,DAL,Jay Novacek,Jay,Novacek,TE,84.0,33,76,234,Wyoming,10/24/1962,10,15,15,8.0,1985.0,0,0,0,TE,TE,jay_novacek,44.0,1.0,5.0
1995,DAL,Eric Bjornson,Eric,Bjornson,TE,86.0,24,76,236,Washington,12/15/1971,Rook,14,1,1.0,1995.0,0,0,0,TE,TE,eric_bjornson,10.0,0.0,0.0
1995,DAL,Eric Bjornson,Eric,Bjornson,TE,86.0,24,76,236,Washington,12/15/1971,Rook,14,1,1.0,1995.0,0,0,0,TE,TE,eric_bjornson,10.0,0.0,0.0
1995,DAL,Kendell Watkins,Kendell,Watkins,TE,83.0,22,73,305,Mississippi St.,3/8/1973,Rook,16,0,0.0,1995.0,0,0,0,TE,TE,kendell_watkins,0.0,0.0,0.0
1995,DAL,Kendell Watkins,Kendell,Watkins,TE,83.0,22,73,305,Mississippi St.,3/8/1973,Rook,16,0,0.0,1995.0,0,0,0,TE,TE,kendell_watkins,0.0,0.0,0.0
1995,DEN,Shannon Sharpe,Shannon,Sharpe,TE,84.0,27,74,228,Savannah St.,6/26/1968,5,13,12,8.0,1990.0,0,0,0,TE,TE,shannon_sharpe,82.0,4.0,8.0
1995,DEN,Shannon Sharpe,Shannon,Sharpe,TE,84.0,27,74,228,Savannah St.,6/26/1968,5,13,12,8.0,1990.0,0,0,0,TE,TE,shannon_sharpe,82.0,4.0,8.0
1995,DEN,Jerry Evans,Jerry,Evans,TE,88.0,27,76,250,Toledo,9/28/1968,2,13,4,1.0,1991.0,0,0,0,TE,TE,jerry_evans,2.0,0.0,0.0
1995,DEN,Jerry Evans,Jerry,Evans,TE,88.0,27,76,250,Toledo,9/28/1968,2,13,4,1.0,1991.0,0,0,0,TE,TE,jerry_evans,2.0,0.0,0.0
1995,DEN,Dwayne Carswell,Dwayne,Carswell,TE,89.0,23,75,290,Liberty,1/18/1972,1,9,2,0.0,,0,0,0,TE,TE,dwayne_carswell,0.0,0.0,1.0
1995,DEN,Byron Chamberlain,Byron,Chamberlain,TE,86.0,24,73,250,"Missouri,Wayne State (NE)",10/17/1971,Rook,5,0,0.0,1995.0,0,0,0,TE,TE,byron_chamberlain,17.0,0.0,1.0
1995,DEN,Dwayne Carswell,Dwayne,Carswell,TE,89.0,23,75,290,Liberty,1/18/1972,1,9,2,0.0,,0,0,0,TE,TE,dwayne_carswell,0.0,0.0,1.0
1995,DEN,Byron Chamberlain,Byron,Chamberlain,TE,86.0,24,73,250,"Missouri,Wayne State (NE)",10/17/1971,Rook,5,0,0.0,1995.0,0,0,0,TE,TE,byron_chamberlain,17.0,0.0,1.0
1995,DET,David Sloan,David,Sloan,TE,86.0,23,78,260,New Mexico,6/8/1972,Rook,16,8,2.0,1995.0,0,0,0,TE,TE,david_sloan,18.0,0.0,1.0
1995,DET,David Sloan,David,Sloan,TE,86.0,23,78,260,New Mexico,6/8/1972,Rook,16,8,2.0,1995.0,0,0,0,TE,TE,david_sloan,18.0,0.0,1.0
1995,DET,Ron Hall,Ron,Hall,TE,89.0,31,76,245,"Cal Poly-Pomona,Hawaii",3/15/1964,8,6,6,1.0,1987.0,0,0,0,TE,TE,ron_hall,45.0,1.0,1.0
1995,DET,Ron Hall,Ron,Hall,TE,89.0,31,76,245,"Cal Poly-Pomona,Hawaii",3/15/1964,8,6,6,1.0,1987.0,0,0,0,TE,TE,ron_hall,18.0,0.0,0.0
1995,DET,Ron Hall,Ron,Hall,TE,89.0,31,76,245,"Cal Poly-Pomona,Hawaii",3/15/1964,8,6,6,1.0,1987.0,0,0,0,TE,TE,ron_hall,45.0,1.0,1.0
1995,DET,Ron Hall,Ron,Hall,TE,89.0,31,76,245,"Cal Poly-Pomona,Hawaii",3/15/1964,8,6,6,1.0,1987.0,0,0,0,TE,TE,ron_hall,18.0,0.0,0.0
1995,DET,Kevin Hickman,Kevin,Hickman,TE,15.0,24,76,258,Navy,8/20/1971,Rook,6,0,0.0,1995.0,0,0,0,TE,TE,kevin_hickman,0.0,0.0,0.0
1995,DET,Rodney Holman,Rodney,Holman,TE,82.0,35,75,238,Tulane,4/20/1960,13,16,3,0.0,1982.0,0,0,0,TE,TE,rodney_holman,40.0,0.0,3.0
1995,DET,Kevin Hickman,Kevin,Hickman,TE,15.0,24,76,258,Navy,8/20/1971,Rook,6,0,0.0,1995.0,0,0,0,TE,TE,kevin_hickman,0.0,0.0,0.0
1995,DET,Rodney Holman,Rodney,Holman,TE,82.0,35,75,238,Tulane,4/20/1960,13,16,3,0.0,1982.0,0,0,0,TE,TE,rodney_holman,40.0,0.0,3.0
1995,GNB,Mark Chmura,Mark,Chmura,TE,89.0,26,77,248,Boston Col.,2/22/1969,2,16,15,7.0,1992.0,0,0,0,TE,TE,mark_chmura,22.0,0.0,3.0
1995,GNB,Mark Chmura,Mark,Chmura,TE,89.0,26,77,248,Boston Col.,2/22/1969,2,16,15,7.0,1992.0,0,0,0,TE,TE,mark_chmura,22.0,0.0,3.0
1995,GNB,Keith Jackson,Keith,Jackson,TE,88.0,30,74,250,Oklahoma,4/19/1965,7,9,1,2.0,1988.0,0,0,0,TE,TE,keith_jackson,43.0,3.0,5.0
1995,GNB,Keith Jackson,Keith,Jackson,TE,88.0,30,74,250,Oklahoma,4/19/1965,7,9,1,2.0,1988.0,0,0,0,TE,TE,keith_jackson,0.0,0.0,0.0
1995,GNB,Keith Jackson,Keith,Jackson,TE,88.0,30,74,250,Oklahoma,4/19/1965,7,9,1,2.0,1988.0,0,0,0,TE,TE,keith_jackson,43.0,3.0,5.0
1995,GNB,Keith Jackson,Keith,Jackson,TE,88.0,30,74,250,Oklahoma,4/19/1965,7,9,1,2.0,1988.0,0,0,0,TE,TE,keith_jackson,0.0,0.0,0.0
1995,GNB,Jeff Thomason,Jeff,Thomason,TE,83.0,26,77,255,Oregon,12/30/1969,3,16,1,0.0,,0,0,0,TE,TE,jeff_thomason,0.0,0.0,0.0
1995,GNB,Jeff Wilner,Jeff,Wilner,TE,49.0,24,76,245,"Wesleyan,Connecticut",12/31/1971,1,2,0,0.0,,0,0,0,TE,TE,jeff_wilner,0.0,0.0,0.0
1995,GNB,Jeff Thomason,Jeff,Thomason,TE,83.0,26,77,255,Oregon,12/30/1969,3,16,1,0.0,,0,0,0,TE,TE,jeff_thomason,0.0,0.0,0.0
1995,GNB,Jeff Wilner,Jeff,Wilner,TE,49.0,24,76,245,"Wesleyan,Connecticut",12/31/1971,1,2,0,0.0,,0,0,0,TE,TE,jeff_wilner,0.0,0.0,0.0
1995,JAX,Pete Mitchell,Pete,Mitchell,TE,83.0,24,74,243,Boston Col.,10/9/1971,Rook,16,5,4.0,1995.0,0,0,0,TE,TE,pete_mitchell,23.0,0.0,0.0
1995,JAX,Pete Mitchell,Pete,Mitchell,TE,83.0,24,74,243,Boston Col.,10/9/1971,Rook,16,5,4.0,1995.0,0,0,0,TE,TE,pete_mitchell,23.0,0.0,0.0
1995,JAX,Rich Griffith,Rich,Griffith,TE,85.0,26,77,262,Arizona,7/31/1969,2,16,15,2.0,1993.0,0,0,0,TE,TE,rich_griffith,2.0,0.0,0.0
1995,JAX,Rich Griffith,Rich,Griffith,TE,85.0,26,77,262,Arizona,7/31/1969,2,16,15,2.0,1993.0,0,0,0,TE,TE,rich_griffith,2.0,0.0,0.0
1995,JAX,Craig Keith,Craig,Keith,TE,88.0,24,75,262,Lenoir-Rhyne,4/27/1971,2,11,2,0.0,1993.0,0,0,0,TE,TE,craig_keith,0.0,0.0,0.0
1995,JAX,Gordon Laro,Gordon,Laro,TE,40.0,23,75,253,"Michigan,Boston Col.",4/17/1972,Rook,2,0,0.0,,0,0,0,TE,TE,gordon_laro,0.0,0.0,0.0
1995,JAX,Craig Keith,Craig,Keith,TE,88.0,24,75,262,Lenoir-Rhyne,4/27/1971,2,11,2,0.0,1993.0,0,0,0,TE,TE,craig_keith,0.0,0.0,0.0
1995,JAX,Gordon Laro,Gordon,Laro,TE,40.0,23,75,253,"Michigan,Boston Col.",4/17/1972,Rook,2,0,0.0,,0,0,0,TE,TE,gordon_laro,0.0,0.0,0.0
1995,KAN,Keith Cash,Keith,Cash,TE,89.0,26,76,242,Texas,8/7/1969,4,14,14,4.0,1991.0,0,0,0,TE,TE,keith_cash,11.0,0.0,0.0
1995,KAN,Keith Cash,Keith,Cash,TE,89.0,26,76,242,Texas,8/7/1969,4,14,14,4.0,1991.0,0,0,0,TE,TE,keith_cash,11.0,0.0,0.0
1995,KAN,Derrick Walker,Derrick,Walker,TE,82.0,28,72,246,Michigan,6/23/1967,5,16,3,2.0,1990.0,0,0,0,TE,TE,derrick_walker,16.0,0.0,0.0
1995,KAN,Derrick Walker,Derrick,Walker,TE,82.0,28,72,246,Michigan,6/23/1967,5,16,3,2.0,1990.0,0,0,0,TE,TE,derrick_walker,16.0,0.0,0.0
1995,MIA,Eric Green,Eric,Green,TE,86.0,28,77,280,Liberty,6/22/1967,5,14,14,5.0,1990.0,0,0,0,TE,TE,eric_green,32.0,0.0,2.0
1995,MIA,Eric Green,Eric,Green,TE,86.0,28,77,280,Liberty,6/22/1967,5,14,14,5.0,1990.0,0,0,0,TE,TE,eric_green,12.0,0.0,0.0
1995,MIA,Eric Green,Eric,Green,TE,86.0,28,77,280,Liberty,6/22/1967,5,14,14,5.0,1990.0,0,0,0,TE,TE,eric_green,32.0,0.0,2.0
1995,MIA,Eric Green,Eric,Green,TE,86.0,28,77,280,Liberty,6/22/1967,5,14,14,5.0,1990.0,0,0,0,TE,TE,eric_green,12.0,0.0,0.0
1995,MIA,Joe Planansky,Joe,Planansky,TE,88.0,24,76,254,Chadron St.,10/21/1971,Rook,2,0,0.0,,0,0,0,TE,TE,joe_planansky,0.0,0.0,0.0
1995,MIA,Frank Wainright,Frank,Wainright,TE,82.0,28,74,255,Northern Colorado,10/10/1967,4,6,0,0.0,1991.0,0,0,0,TE,TE,frank_wainright,2.0,0.0,0.0
1995,MIA,Ronnie Williams,Ronnie,Williams,TE,85.0,29,75,258,Oklahoma St.,1/19/1966,2,16,2,0.0,,0,0,0,TE,TE,ronnie_williams,0.0,0.0,0.0
1995,MIA,Joe Planansky,Joe,Planansky,TE,88.0,24,76,254,Chadron St.,10/21/1971,Rook,2,0,0.0,,0,0,0,TE,TE,joe_planansky,0.0,0.0,0.0
1995,MIA,Frank Wainright,Frank,Wainright,TE,82.0,28,74,255,Northern Colorado,10/10/1967,4,6,0,0.0,1991.0,0,0,0,TE,TE,frank_wainright,2.0,0.0,0.0
1995,MIA,Ronnie Williams,Ronnie,Williams,TE,85.0,29,75,258,Oklahoma St.,1/19/1966,2,16,2,0.0,,0,0,0,TE,TE,ronnie_williams,0.0,0.0,0.0
1995,MIN,Adrian Cooper,Adrian,Cooper,TE,87.0,27,77,255,Oklahoma,4/27/1968,4,13,13,2.0,1991.0,0,0,0,TE,TE,adrian_cooper,8.0,0.0,0.0
1995,MIN,Andrew Jordan,Andrew,Jordan,TE,89.0,23,78,260,Western Carolina,6/21/1972,1,13,7,2.0,1994.0,0,0,0,TE,TE,andrew_jordan,7.0,0.0,0.0
1995,MIN,Adrian Cooper,Adrian,Cooper,TE,87.0,27,77,255,Oklahoma,4/27/1968,4,13,13,2.0,1991.0,0,0,0,TE,TE,adrian_cooper,8.0,0.0,0.0
1995,MIN,Andrew Jordan,Andrew,Jordan,TE,89.0,23,78,260,Western Carolina,6/21/1972,1,13,7,2.0,1994.0,0,0,0,TE,TE,andrew_jordan,7.0,0.0,0.0
1995,MIN,Greg DeLong,Greg,DeLong,TE,85.0,22,76,250,North Carolina,4/3/1973,Rook,2,2,0.0,,0,0,0,TE,TE,greg_delong,0.0,0.0,0.0
1995,MIN,Mike Tice,Mike,Tice,TE,83.0,36,79,253,Maryland,2/2/1959,14,3,1,0.0,,0,0,0,TE,TE,mike_tice,0.0,0.0,0.0
1995,MIN,Greg DeLong,Greg,DeLong,TE,85.0,22,76,250,North Carolina,4/3/1973,Rook,2,2,0.0,,0,0,0,TE,TE,greg_delong,0.0,0.0,0.0
1995,MIN,Mike Tice,Mike,Tice,TE,83.0,36,79,253,Maryland,2/2/1959,14,3,1,0.0,,0,0,0,TE,TE,mike_tice,0.0,0.0,0.0
1995,NOR,Wesley Walls,Wesley,Walls,TE,85.0,29,77,240,Mississippi,2/26/1966,6,16,12,6.0,1989.0,0,0,0,TE,TE,wesley_walls,43.0,0.0,5.0
1995,NOR,Wesley Walls,Wesley,Walls,TE,85.0,29,77,240,Mississippi,2/26/1966,6,16,12,6.0,1989.0,0,0,0,TE,TE,wesley_walls,43.0,0.0,5.0
1995,NOR,Irv Smith,Irv,Smith,TE,82.0,24,75,249,Notre Dame,10/13/1971,2,16,16,4.0,1993.0,0,0,0,TE,TE,irv_smith,14.0,0.0,0.0
1995,NOR,Irv Smith,Irv,Smith,TE,82.0,24,75,249,Notre Dame,10/13/1971,2,16,16,4.0,1993.0,0,0,0,TE,TE,irv_smith,14.0,0.0,0.0
1995,NOR,Kirk Botkin,Kirk,Botkin,TE,86.0,24,75,245,Arkansas,3/19/1971,1,16,0,0.0,,0,0,0,TE,TE,kirk_botkin,0.0,0.0,0.0
1995,NOR,Kirk Botkin,Kirk,Botkin,TE,86.0,24,75,245,Arkansas,3/19/1971,1,16,0,0.0,,0,0,0,TE,TE,kirk_botkin,0.0,0.0,0.0
1995,NWE,Ben Coates,Ben,Coates,TE,87.0,26,77,245,Livingstone,8/16/1969,4,16,15,7.0,1991.0,0,0,0,TE,TE,ben_coates,43.0,2.0,5.0
1995,NWE,Ben Coates,Ben,Coates,TE,87.0,26,77,245,Livingstone,8/16/1969,4,16,15,7.0,1991.0,0,0,0,TE,TE,ben_coates,43.0,2.0,5.0
1995,NWE,John Burke,John,Burke,TE,85.0,24,75,248,Virginia Tech,9/7/1971,1,16,4,1.0,1994.0,0,0,0,TE,TE,john_burke,2.0,0.0,0.0
1995,NWE,John Burke,John,Burke,TE,85.0,24,75,248,Virginia Tech,9/7/1971,1,16,4,1.0,1994.0,0,0,0,TE,TE,john_burke,2.0,0.0,0.0
1995,NWE,David Frisch,David,Frisch,TE,88.0,25,79,260,"Iowa Central,Missouri,Colorado St.",6/22/1970,2,2,0,0.0,,0,0,0,TE,TE,david_frisch,0.0,0.0,0.0
1995,NWE,Andre President,Andre,President,TE,88.0,24,75,255,Angelo State (TX),6/16/1971,Rook,1,0,0.0,,0,0,0,TE,TE,andre_president,0.0,0.0,0.0
1995,NWE,David Frisch,David,Frisch,TE,88.0,25,79,260,"Iowa Central,Missouri,Colorado St.",6/22/1970,2,2,0,0.0,,0,0,0,TE,TE,david_frisch,0.0,0.0,0.0
1995,NWE,Andre President,Andre,President,TE,88.0,24,75,255,Angelo State (TX),6/16/1971,Rook,1,0,0.0,,0,0,0,TE,TE,andre_president,0.0,0.0,0.0
1995,NYG,Aaron Pierce,Aaron,Pierce,TE,84.0,26,77,252,Washington,9/6/1969,3,16,11,3.0,1992.0,0,0,0,TE,TE,aaron_pierce,8.0,0.0,0.0
1995,NYG,Aaron Pierce,Aaron,Pierce,TE,84.0,26,77,252,Washington,9/6/1969,3,16,11,3.0,1992.0,0,0,0,TE,TE,aaron_pierce,8.0,0.0,0.0
1995,NYG,Howard Cross,Howard,Cross,TE,87.0,28,77,270,Alabama,8/8/1967,6,15,15,2.0,1989.0,0,0,0,TE,TE,howard_cross,17.0,0.0,0.0
1995,NYG,Howard Cross,Howard,Cross,TE,87.0,28,77,270,Alabama,8/8/1967,6,15,15,2.0,1989.0,0,0,0,TE,TE,howard_cross,17.0,0.0,0.0
1995,NYG,Brian Kozlowski,Brian,Kozlowski,TE,85.0,25,75,250,Connecticut,10/4/1970,1,16,0,0.0,,0,0,0,TE,TE,brian_kozlowski,0.0,0.0,0.0
1995,NYG,Brian Kozlowski,Brian,Kozlowski,TE,85.0,25,75,250,Connecticut,10/4/1970,1,16,0,0.0,,0,0,0,TE,TE,brian_kozlowski,0.0,0.0,0.0
1995,NYJ,Johnny Mitchell,Johnny,Mitchell,TE,86.0,24,75,241,Nebraska,1/20/1971,3,12,11,3.0,1992.0,0,0,0,TE,TE,johnny_mitchell,17.0,0.0,0.0
1995,NYJ,Johnny Mitchell,Johnny,Mitchell,TE,86.0,24,75,241,Nebraska,1/20/1971,3,12,11,3.0,1992.0,0,0,0,TE,TE,johnny_mitchell,17.0,0.0,0.0
1995,NYJ,Kyle Brady,Kyle,Brady,TE,81.0,23,78,278,Penn St.,1/14/1972,Rook,15,11,2.0,1995.0,0,0,0,TE,TE,kyle_brady,26.0,0.0,0.0
1995,NYJ,Kyle Brady,Kyle,Brady,TE,81.0,23,78,278,Penn St.,1/14/1972,Rook,15,11,2.0,1995.0,0,0,0,TE,TE,kyle_brady,26.0,0.0,0.0
1995,NYJ,Fred Baxter,Fred,Baxter,TE,84.0,24,75,268,Auburn,6/14/1971,2,15,3,1.0,1993.0,0,0,0,TE,TE,fred_baxter,7.0,0.0,0.0
1995,NYJ,Fred Baxter,Fred,Baxter,TE,84.0,24,75,268,Auburn,6/14/1971,2,15,3,1.0,1993.0,0,0,0,TE,TE,fred_baxter,7.0,0.0,0.0
1995,OTI,Frank Wycheck,Frank,Wycheck,TE,89.0,24,75,253,Maryland,10/14/1971,2,16,10,4.0,1993.0,0,0,0,TE,TE,frank_wycheck,43.0,0.0,3.0
1995,OTI,Frank Wycheck,Frank,Wycheck,TE,89.0,24,75,253,Maryland,10/14/1971,2,16,10,4.0,1993.0,0,0,0,TE,TE,frank_wycheck,43.0,0.0,3.0
1995,OTI,Frank Wycheck,Frank,Wycheck,TE,89.0,24,75,253,Maryland,10/14/1971,2,16,10,4.0,1993.0,0,0,0,TE,TE,frank_wycheck,43.0,0.0,3.0
1995,OTI,Frank Wycheck,Frank,Wycheck,TE,89.0,24,75,253,Maryland,10/14/1971,2,16,10,4.0,1993.0,0,0,0,TE,TE,frank_wycheck,43.0,0.0,3.0
1995,OTI,Roderick Lewis,Roderick,Lewis,TE,88.0,24,77,254,Arizona,6/9/1971,1,16,9,1.0,1994.0,0,0,0,TE,TE,roderick_lewis,2.0,0.0,0.0
1995,OTI,Roderick Lewis,Roderick,Lewis,TE,88.0,24,77,254,Arizona,6/9/1971,1,16,9,1.0,1994.0,0,0,0,TE,TE,roderick_lewis,2.0,0.0,0.0
1995,OTI,Roderick Lewis,Roderick,Lewis,TE,88.0,24,77,254,Arizona,6/9/1971,1,16,9,1.0,1994.0,0,0,0,TE,TE,roderick_lewis,2.0,0.0,0.0
1995,OTI,Roderick Lewis,Roderick,Lewis,TE,88.0,24,77,254,Arizona,6/9/1971,1,16,9,1.0,1994.0,0,0,0,TE,TE,roderick_lewis,2.0,0.0,0.0
1995,OTI,Michael Roan,Michael,Roan,TE,46.0,23,75,251,Wisconsin,8/29/1972,Rook,5,2,0.0,1995.0,0,0,0,TE,TE,michael_roan,4.0,0.0,0.0
1995,OTI,James Thornton,James,Thornton,TE,80.0,30,74,242,Cal State-Fullerton,2/8/1965,7,4,2,0.0,1988.0,0,0,0,TE,TE,james_thornton,12.0,0.0,0.0
1995,OTI,Michael Roan,Michael,Roan,TE,46.0,23,75,251,Wisconsin,8/29/1972,Rook,5,2,0.0,1995.0,0,0,0,TE,TE,michael_roan,4.0,0.0,0.0
1995,OTI,James Thornton,James,Thornton,TE,80.0,30,74,242,Cal State-Fullerton,2/8/1965,7,4,2,0.0,1988.0,0,0,0,TE,TE,james_thornton,12.0,0.0,0.0
1995,OTI,Michael Roan,Michael,Roan,TE,46.0,23,75,251,Wisconsin,8/29/1972,Rook,5,2,0.0,1995.0,0,0,0,TE,TE,michael_roan,4.0,0.0,0.0
1995,OTI,James Thornton,James,Thornton,TE,80.0,30,74,242,Cal State-Fullerton,2/8/1965,7,4,2,0.0,1988.0,0,0,0,TE,TE,james_thornton,12.0,0.0,0.0
1995,OTI,Michael Roan,Michael,Roan,TE,46.0,23,75,251,Wisconsin,8/29/1972,Rook,5,2,0.0,1995.0,0,0,0,TE,TE,michael_roan,4.0,0.0,0.0
1995,OTI,James Thornton,James,Thornton,TE,80.0,30,74,242,Cal State-Fullerton,2/8/1965,7,4,2,0.0,1988.0,0,0,0,TE,TE,james_thornton,12.0,0.0,0.0
1995,PHI,Ed West,Ed,West,TE,83.0,34,73,250,Auburn,8/2/1961,11,16,14,2.0,,0,0,0,TE,TE,ed_west,0.0,0.0,0.0
1995,PHI,Ed West,Ed,West,TE,83.0,34,73,250,Auburn,8/2/1961,11,16,14,2.0,,0,0,0,TE,TE,ed_west,0.0,0.0,0.0
1995,PHI,Reggie Johnson,Reggie,Johnson,TE,80.0,27,74,256,Florida St.,1/27/1968,4,9,2,1.0,1991.0,0,0,0,TE,TE,reggie_johnson,8.0,0.0,0.0
1995,PHI,Reggie Johnson,Reggie,Johnson,TE,80.0,27,74,256,Florida St.,1/27/1968,4,9,2,1.0,1991.0,0,0,0,TE,TE,reggie_johnson,0.0,0.0,0.0
1995,PHI,Reggie Johnson,Reggie,Johnson,TE,80.0,27,74,256,Florida St.,1/27/1968,4,9,2,1.0,1991.0,0,0,0,TE,TE,reggie_johnson,8.0,0.0,0.0
1995,PHI,Reggie Johnson,Reggie,Johnson,TE,80.0,27,74,256,Florida St.,1/27/1968,4,9,2,1.0,1991.0,0,0,0,TE,TE,reggie_johnson,0.0,0.0,0.0
1995,PHI,Jimmie Johnson,Jimmie,Johnson,TE,88.0,29,74,252,Howard,10/6/1966,6,16,1,0.0,1989.0,0,0,0,TE,TE,jimmie_johnson,5.0,0.0,0.0
1995,PHI,Frank Wainright,Frank,Wainright,TE,87.0,28,74,255,Northern Colorado,10/10/1967,4,7,0,0.0,1991.0,0,0,0,TE,TE,frank_wainright,2.0,0.0,0.0
1995,PHI,Jimmie Johnson,Jimmie,Johnson,TE,88.0,29,74,252,Howard,10/6/1966,6,16,1,0.0,1989.0,0,0,0,TE,TE,jimmie_johnson,5.0,0.0,0.0
1995,PHI,Frank Wainright,Frank,Wainright,TE,87.0,28,74,255,Northern Colorado,10/10/1967,4,7,0,0.0,1991.0,0,0,0,TE,TE,frank_wainright,2.0,0.0,0.0
1995,PIT,Mark Bruener,Mark,Bruener,TE,87.0,23,76,260,Washington,9/16/1972,Rook,16,13,2.0,1995.0,0,0,0,TE,TE,mark_bruener,10.0,0.0,0.0
1995,PIT,Mark Bruener,Mark,Bruener,TE,87.0,23,76,260,Washington,9/16/1972,Rook,16,13,2.0,1995.0,0,0,0,TE,TE,mark_bruener,10.0,0.0,0.0
1995,PIT,Jonathan Hayes,Jonathan,Hayes,TE,85.0,33,77,248,Iowa,8/11/1962,10,16,7,1.0,1985.0,0,0,0,TE,TE,jonathan_hayes,15.0,0.0,0.0
1995,PIT,Jonathan Hayes,Jonathan,Hayes,TE,85.0,33,77,248,Iowa,8/11/1962,10,16,7,1.0,1985.0,0,0,0,TE,TE,jonathan_hayes,15.0,0.0,0.0
1995,PIT,Tracy Greene,Tracy,Greene,TE,84.0,23,77,270,Grambling St.,11/5/1972,1,16,0,0.0,1994.0,0,0,0,TE,TE,tracy_greene,1.0,0.0,0.0
1995,PIT,Tracy Greene,Tracy,Greene,TE,84.0,23,77,270,Grambling St.,11/5/1972,1,16,0,0.0,1994.0,0,0,0,TE,TE,tracy_greene,1.0,0.0,0.0
1995,RAI,Kerry Cash,Kerry,Cash,TE,88.0,26,76,245,Texas,8/7/1969,4,16,10,2.0,1991.0,0,0,0,TE,TE,kerry_cash,9.0,0.0,0.0
1995,RAI,Andrew Glover,Andrew,Glover,TE,87.0,28,78,250,Grambling St.,8/12/1967,4,16,9,2.0,1991.0,0,0,0,TE,TE,andrew_glover,22.0,0.0,0.0
1995,RAI,Kerry Cash,Kerry,Cash,TE,88.0,26,76,245,Texas,8/7/1969,4,16,10,2.0,1991.0,0,0,0,TE,TE,kerry_cash,9.0,0.0,0.0
1995,RAI,Andrew Glover,Andrew,Glover,TE,87.0,28,78,250,Grambling St.,8/12/1967,4,16,9,2.0,1991.0,0,0,0,TE,TE,andrew_glover,22.0,0.0,0.0
1995,RAM,Troy Drayton,Troy,Drayton,TE,84.0,25,75,260,Penn St.,6/29/1970,2,16,16,3.0,1993.0,0,0,0,TE,TE,troy_drayton,21.0,0.0,0.0
1995,RAM,Troy Drayton,Troy,Drayton,TE,84.0,25,75,260,Penn St.,6/29/1970,2,16,16,3.0,1993.0,0,0,0,TE,TE,troy_drayton,21.0,0.0,0.0
1995,RAM,Marv Cook,Marv,Cook,TE,47.0,29,76,234,Iowa,2/24/1966,6,16,9,1.0,1989.0,0,0,0,TE,TE,marv_cook,13.0,1.0,2.0
1995,RAM,Marv Cook,Marv,Cook,TE,47.0,29,76,234,Iowa,2/24/1966,6,16,9,1.0,1989.0,0,0,0,TE,TE,marv_cook,13.0,1.0,2.0
1995,RAM,Pat Carter,Pat,Carter,TE,88.0,29,76,256,Florida St.,8/1/1966,7,16,6,0.0,1988.0,0,0,0,TE,TE,pat_carter,9.0,0.0,0.0
1995,RAM,Lovell Pinkney,Lovell,Pinkney,TE,83.0,23,76,248,Texas,8/18/1972,Rook,8,0,0.0,1995.0,0,0,0,TE,TE,lovell_pinkney,0.0,0.0,0.0
1995,RAM,Jim Price,Jim,Price,TE,87.0,29,76,247,Stanford,10/2/1966,4,13,0,0.0,,0,0,0,TE,TE,jim_price,6.0,0.0,0.0
1995,RAM,Jim Price,Jim,Price,TE,87.0,29,76,247,Stanford,10/2/1966,4,13,0,0.0,,0,0,0,TE,TE,jim_price,0.0,0.0,0.0
1995,RAM,Pat Carter,Pat,Carter,TE,88.0,29,76,256,Florida St.,8/1/1966,7,16,6,0.0,1988.0,0,0,0,TE,TE,pat_carter,9.0,0.0,0.0
1995,RAM,Lovell Pinkney,Lovell,Pinkney,TE,83.0,23,76,248,Texas,8/18/1972,Rook,8,0,0.0,1995.0,0,0,0,TE,TE,lovell_pinkney,0.0,0.0,0.0
1995,RAM,Jim Price,Jim,Price,TE,87.0,29,76,247,Stanford,10/2/1966,4,13,0,0.0,,0,0,0,TE,TE,jim_price,6.0,0.0,0.0
1995,RAM,Jim Price,Jim,Price,TE,87.0,29,76,247,Stanford,10/2/1966,4,13,0,0.0,,0,0,0,TE,TE,jim_price,0.0,0.0,0.0
1995,SDG,Alfred Pupunu,Alfred,Pupunu,TE,86.0,26,74,260,Weber St.,10/17/1969,3,15,14,3.0,,0,0,0,TE,TE,alfred_pupunu,0.0,0.0,0.0
1995,SDG,Alfred Pupunu,Alfred,Pupunu,TE,86.0,26,74,260,Weber St.,10/17/1969,3,15,14,3.0,,0,0,0,TE,TE,alfred_pupunu,0.0,0.0,0.0
1995,SDG,Duane Young,Duane,Young,TE,87.0,27,75,270,Michigan St.,5/29/1968,4,16,16,1.0,1991.0,0,0,0,TE,TE,duane_young,3.0,0.0,0.0
1995,SDG,Duane Young,Duane,Young,TE,87.0,27,75,270,Michigan St.,5/29/1968,4,16,16,1.0,1991.0,0,0,0,TE,TE,duane_young,3.0,0.0,0.0
1995,SDG,Deems May,Deems,May,TE,88.0,26,76,263,North Carolina,3/6/1969,3,5,0,0.0,1992.0,0,0,0,TE,TE,deems_may,2.0,0.0,0.0
1995,SDG,Ron Middleton,Ron,Middleton,TE,47.0,30,74,262,Auburn,7/17/1965,9,3,1,0.0,,0,0,0,TE,TE,ron_middleton,0.0,0.0,0.0
1995,SDG,Shannon Mitchell,Shannon,Mitchell,TE,89.0,23,74,245,Georgia,3/28/1972,1,16,2,0.0,,0,0,0,TE,TE,shannon_mitchell,0.0,0.0,0.0
1995,SDG,Deems May,Deems,May,TE,88.0,26,76,263,North Carolina,3/6/1969,3,5,0,0.0,1992.0,0,0,0,TE,TE,deems_may,2.0,0.0,0.0
1995,SDG,Ron Middleton,Ron,Middleton,TE,47.0,30,74,262,Auburn,7/17/1965,9,3,1,0.0,,0,0,0,TE,TE,ron_middleton,0.0,0.0,0.0
1995,SDG,Shannon Mitchell,Shannon,Mitchell,TE,89.0,23,74,245,Georgia,3/28/1972,1,16,2,0.0,,0,0,0,TE,TE,shannon_mitchell,0.0,0.0,0.0
1995,SEA,Carlester Crumpler,Carlester,Crumpler,TE,87.0,24,78,260,East Carolina,9/5/1971,1,16,7,2.0,1994.0,0,0,0,TE,TE,carlester_crumpler,0.0,0.0,0.0
1995,SEA,Carlester Crumpler,Carlester,Crumpler,TE,87.0,24,78,260,East Carolina,9/5/1971,1,16,7,2.0,1994.0,0,0,0,TE,TE,carlester_crumpler,7.0,0.0,0.0
1995,SEA,Christian Fauria,Christian,Fauria,TE,85.0,24,76,250,Colorado,9/22/1971,Rook,14,9,2.0,1995.0,0,0,0,TE,TE,christian_fauria,17.0,0.0,0.0
1995,SEA,Carlester Crumpler,Carlester,Crumpler,TE,87.0,24,78,260,East Carolina,9/5/1971,1,16,7,2.0,1994.0,0,0,0,TE,TE,carlester_crumpler,0.0,0.0,0.0
1995,SEA,Carlester Crumpler,Carlester,Crumpler,TE,87.0,24,78,260,East Carolina,9/5/1971,1,16,7,2.0,1994.0,0,0,0,TE,TE,carlester_crumpler,7.0,0.0,0.0
1995,SEA,Christian Fauria,Christian,Fauria,TE,85.0,24,76,250,Colorado,9/22/1971,Rook,14,9,2.0,1995.0,0,0,0,TE,TE,christian_fauria,17.0,0.0,0.0
1995,SFO,Brent Jones,Brent,Jones,TE,84.0,32,76,230,Santa Clara,2/12/1963,8,16,16,6.0,1986.0,0,0,0,TE,TE,brent_jones,50.0,0.0,4.0
1995,SFO,Brent Jones,Brent,Jones,TE,84.0,32,76,230,Santa Clara,2/12/1963,8,16,16,6.0,1986.0,0,0,0,TE,TE,brent_jones,50.0,0.0,4.0
1995,SFO,Ted Popson,Ted,Popson,TE,85.0,29,76,250,Portland St.,9/10/1966,1,12,0,1.0,1991.0,0,0,0,TE,TE,ted_popson,9.0,0.0,0.0
1995,SFO,Ted Popson,Ted,Popson,TE,85.0,29,76,250,Portland St.,9/10/1966,1,12,0,1.0,1991.0,0,0,0,TE,TE,ted_popson,9.0,0.0,0.0
1995,SFO,Brett Carolan,Brett,Carolan,TE,86.0,24,75,241,Washington St.,3/16/1971,1,14,0,0.0,,0,0,0,TE,TE,brett_carolan,0.0,0.0,0.0
1995,SFO,Brett Carolan,Brett,Carolan,TE,86.0,24,75,241,Washington St.,3/16/1971,1,14,0,0.0,,0,0,0,TE,TE,brett_carolan,0.0,0.0,0.0
1995,TAM,Jackie Harris,Jackie,Harris,TE,81.0,27,76,244,La-Monroe,1/4/1968,5,16,16,5.0,1990.0,0,0,0,TE,TE,jackie_harris,33.0,0.0,0.0
1995,TAM,Jackie Harris,Jackie,Harris,TE,81.0,27,76,244,La-Monroe,1/4/1968,5,16,16,5.0,1990.0,0,0,0,TE,TE,jackie_harris,33.0,0.0,0.0
1995,TAM,Dave Moore,Dave,Moore,TE,83.0,26,74,250,Pittsburgh,11/11/1969,3,16,8,1.0,1992.0,0,0,0,TE,TE,dave_moore,18.0,0.0,1.0
1995,TAM,Dave Moore,Dave,Moore,TE,83.0,26,74,250,Pittsburgh,11/11/1969,3,16,8,1.0,1992.0,0,0,0,TE,TE,dave_moore,18.0,0.0,1.0
1995,TAM,Tyji Armstrong,Tyji,Armstrong,TE,86.0,25,76,259,"Iowa Central,Mississippi",10/3/1970,3,16,5,0.0,1992.0,0,0,0,TE,TE,tyji_armstrong,4.0,0.0,0.0
1995,TAM,Cedric Saunders,Cedric,Saunders,TE,49.0,23,75,240,Ohio St.,9/30/1972,Rook,3,0,0.0,,0,0,0,TE,TE,cedric_saunders,0.0,0.0,0.0
1995,TAM,Tyji Armstrong,Tyji,Armstrong,TE,86.0,25,76,259,"Iowa Central,Mississippi",10/3/1970,3,16,5,0.0,1992.0,0,0,0,TE,TE,tyji_armstrong,4.0,0.0,0.0
1995,TAM,Cedric Saunders,Cedric,Saunders,TE,49.0,23,75,240,Ohio St.,9/30/1972,Rook,3,0,0.0,,0,0,0,TE,TE,cedric_saunders,0.0,0.0,0.0
1995,WAS,Jamie Asher,Jamie,Asher,TE,84.0,23,75,245,Louisville,10/31/1972,Rook,7,2,2.0,1995.0,0,0,0,TE,TE,jamie_asher,13.0,0.0,0.0
1995,WAS,Jamie Asher,Jamie,Asher,TE,84.0,23,75,245,Louisville,10/31/1972,Rook,7,2,2.0,1995.0,0,0,0,TE,TE,jamie_asher,13.0,0.0,0.0
1995,WAS,Coleman Bell,Coleman,Bell,TE,87.0,25,74,243,Miami (FL),4/22/1970,Rook,11,1,1.0,,0,0,0,TE,TE,coleman_bell,0.0,0.0,0.0
1995,WAS,Scott Galbraith,Scott,Galbraith,TE,89.0,28,74,258,USC,1/7/1967,5,16,16,1.0,1990.0,0,0,0,TE,TE,scott_galbraith,6.0,0.0,0.0
1995,WAS,Coleman Bell,Coleman,Bell,TE,87.0,25,74,243,Miami (FL),4/22/1970,Rook,11,1,1.0,,0,0,0,TE,TE,coleman_bell,0.0,0.0,0.0
1995,WAS,Scott Galbraith,Scott,Galbraith,TE,89.0,28,74,258,USC,1/7/1967,5,16,16,1.0,1990.0,0,0,0,TE,TE,scott_galbraith,6.0,0.0,0.0
1995,WAS,James Jenkins,James,Jenkins,TE,88.0,28,74,243,Rutgers,8/17/1967,4,16,5,0.0,,0,0,0,TE,TE,james_jenkins,0.0,0.0,0.0
1995,WAS,James Jenkins,James,Jenkins,TE,88.0,28,74,243,Rutgers,8/17/1967,4,16,5,0.0,,0,0,0,TE,TE,james_jenkins,0.0,0.0,0.0
1996,ATL,Harper LeBel,Harper,LeBel,TE,88.0,33,76,250,Colorado St.,7/14/1963,7,16,0,0.0,1985.0,0,0,0,TE,TE,harper_lebel,0.0,0.0,0.0
1996,ATL,Mitch Lyons,Mitch,Lyons,TE,86.0,26,77,265,Michigan St.,5/13/1970,3,14,4,0.0,1993.0,0,0,0,TE,TE,mitch_lyons,3.0,0.0,0.0
1996,ATL,Harper LeBel,Harper,LeBel,TE,88.0,33,76,250,Colorado St.,7/14/1963,7,16,0,0.0,1985.0,0,0,0,TE,TE,harper_lebel,0.0,0.0,0.0
1996,ATL,Mitch Lyons,Mitch,Lyons,TE,86.0,26,77,265,Michigan St.,5/13/1970,3,14,4,0.0,1993.0,0,0,0,TE,TE,mitch_lyons,3.0,0.0,0.0
1996,BUF,Lonnie Johnson,Lonnie,Johnson,TE,84.0,25,75,240,Florida St.,2/14/1971,2,16,15,3.0,1994.0,0,0,0,TE,TE,lonnie_johnson,0.0,0.0,0.0
1996,BUF,Lonnie Johnson,Lonnie,Johnson,TE,84.0,25,75,240,Florida St.,2/14/1971,2,16,15,3.0,1994.0,0,0,0,TE,TE,lonnie_johnson,13.0,0.0,0.0
1996,BUF,Lonnie Johnson,Lonnie,Johnson,TE,84.0,25,75,240,Florida St.,2/14/1971,2,16,15,3.0,1994.0,0,0,0,TE,TE,lonnie_johnson,0.0,0.0,0.0
1996,BUF,Lonnie Johnson,Lonnie,Johnson,TE,84.0,25,75,240,Florida St.,2/14/1971,2,16,15,3.0,1994.0,0,0,0,TE,TE,lonnie_johnson,13.0,0.0,0.0
1996,BUF,Tony Cline,Tony,Cline,TE,86.0,25,76,247,Stanford,11/24/1971,1,16,7,1.0,1995.0,0,0,0,TE,TE,tony_cline,36.0,0.0,0.0
1996,BUF,Tony Cline,Tony,Cline,TE,86.0,25,76,247,Stanford,11/24/1971,1,16,7,1.0,1995.0,0,0,0,TE,TE,tony_cline,2.0,0.0,0.0
1996,BUF,Tony Cline,Tony,Cline,TE,86.0,25,76,247,Stanford,11/24/1971,1,16,7,1.0,1995.0,0,0,0,TE,TE,tony_cline,36.0,0.0,0.0
1996,BUF,Tony Cline,Tony,Cline,TE,86.0,25,76,247,Stanford,11/24/1971,1,16,7,1.0,1995.0,0,0,0,TE,TE,tony_cline,2.0,0.0,0.0
1996,BUF,Rob Coons,Rob,Coons,TE,87.0,27,77,249,Pittsburgh,9/18/1969,1,16,0,0.0,,0,0,0,TE,TE,rob_coons,0.0,0.0,0.0
1996,BUF,Rob Coons,Rob,Coons,TE,87.0,27,77,249,Pittsburgh,9/18/1969,1,16,0,0.0,,0,0,0,TE,TE,rob_coons,0.0,0.0,0.0
1996,CAR,Wesley Walls,Wesley,Walls,TE,85.0,30,77,240,Mississippi,2/26/1966,7,16,15,8.0,1989.0,0,0,0,TE,TE,wesley_walls,43.0,0.0,5.0
1996,CAR,Wesley Walls,Wesley,Walls,TE,85.0,30,77,240,Mississippi,2/26/1966,7,16,15,8.0,1989.0,0,0,0,TE,TE,wesley_walls,43.0,0.0,5.0
1996,CAR,Walter Rasby,Walter,Rasby,TE,88.0,24,75,252,Wake Forest,9/7/1972,2,16,1,0.0,,0,0,0,TE,TE,walter_rasby,0.0,0.0,0.0
1996,CAR,Walter Rasby,Walter,Rasby,TE,88.0,24,75,252,Wake Forest,9/7/1972,2,16,1,0.0,,0,0,0,TE,TE,walter_rasby,0.0,0.0,0.0
1996,CHI,Ryan Wetnight,Ryan,Wetnight,TE,89.0,26,74,235,Stanford,11/5/1970,3,11,5,2.0,,0,0,0,TE,TE,ryan_wetnight,0.0,0.0,0.0
1996,CHI,Ryan Wetnight,Ryan,Wetnight,TE,89.0,26,74,235,Stanford,11/5/1970,3,11,5,2.0,,0,0,0,TE,TE,ryan_wetnight,0.0,0.0,0.0
1996,CHI,Bobby Neely,Bobby,Neely,TE,87.0,22,75,255,Virginia,3/22/1974,Rook,11,5,1.0,,0,0,0,TE,TE,bobby_neely,0.0,0.0,0.0
1996,CHI,Bobby Neely,Bobby,Neely,TE,87.0,22,75,255,Virginia,3/22/1974,Rook,11,5,1.0,,0,0,0,TE,TE,bobby_neely,0.0,0.0,0.0
1996,CHI,Kerry Cash,Kerry,Cash,TE,84.0,27,76,245,Texas,8/7/1969,5,3,2,0.0,1991.0,0,0,0,TE,TE,kerry_cash,9.0,0.0,0.0
1996,CHI,Keith Jennings,Keith,Jennings,TE,85.0,30,76,262,Clemson,5/19/1966,7,6,5,0.0,1989.0,0,0,0,TE,TE,keith_jennings,7.0,0.0,0.0
1996,CHI,Kerry Cash,Kerry,Cash,TE,84.0,27,76,245,Texas,8/7/1969,5,3,2,0.0,1991.0,0,0,0,TE,TE,kerry_cash,9.0,0.0,0.0
1996,CHI,Keith Jennings,Keith,Jennings,TE,85.0,30,76,262,Clemson,5/19/1966,7,6,5,0.0,1989.0,0,0,0,TE,TE,keith_jennings,7.0,0.0,0.0
1996,CIN,Tony McGee,Tony,McGee,TE,82.0,25,75,247,Michigan,4/21/1971,3,16,16,4.0,1993.0,0,0,0,TE,TE,tony_mcgee,38.0,0.0,0.0
1996,CIN,Tony McGee,Tony,McGee,TE,82.0,25,75,247,Michigan,4/21/1971,3,16,16,4.0,1993.0,0,0,0,TE,TE,tony_mcgee,28.0,0.0,0.0
1996,CIN,Tony McGee,Tony,McGee,TE,82.0,25,75,247,Michigan,4/21/1971,3,16,16,4.0,1993.0,0,0,0,TE,TE,tony_mcgee,38.0,0.0,0.0
1996,CIN,Tony McGee,Tony,McGee,TE,82.0,25,75,247,Michigan,4/21/1971,3,16,16,4.0,1993.0,0,0,0,TE,TE,tony_mcgee,28.0,0.0,0.0
1996,CIN,Marco Battaglia,Marco,Battaglia,TE,89.0,23,75,250,Rutgers,1/25/1973,Rook,16,0,1.0,1996.0,0,0,0,TE,TE,marco_battaglia,6.0,0.0,0.0
1996,CIN,Marco Battaglia,Marco,Battaglia,TE,89.0,23,75,250,Rutgers,1/25/1973,Rook,16,0,1.0,1996.0,0,0,0,TE,TE,marco_battaglia,6.0,0.0,0.0
1996,CIN,Troy Sadowski,Troy,Sadowski,TE,87.0,31,77,255,Georgia,12/8/1965,6,16,0,0.0,1989.0,0,0,0,TE,TE,troy_sadowski,0.0,0.0,0.0
1996,CIN,Troy Sadowski,Troy,Sadowski,TE,87.0,31,77,255,Georgia,12/8/1965,6,16,0,0.0,1989.0,0,0,0,TE,TE,troy_sadowski,0.0,0.0,0.0
1996,CLT,Ken Dilger,Ken,Dilger,TE,85.0,25,77,250,Illinois,2/2/1971,1,16,16,5.0,1995.0,0,0,0,TE,TE,ken_dilger,35.0,0.0,1.0
1996,CLT,Ken Dilger,Ken,Dilger,TE,85.0,25,77,250,Illinois,2/2/1971,1,16,16,5.0,1995.0,0,0,0,TE,TE,ken_dilger,35.0,0.0,1.0
1996,CLT,Marcus Pollard,Marcus,Pollard,TE,81.0,24,75,248,Bradley,2/8/1972,1,16,4,1.0,,0,0,0,TE,TE,marcus_pollard,0.0,0.0,0.0
1996,CLT,Marcus Pollard,Marcus,Pollard,TE,81.0,24,75,248,Bradley,2/8/1972,1,16,4,1.0,,0,0,0,TE,TE,marcus_pollard,0.0,0.0,0.0
1996,CLT,Scott Slutzker,Scott,Slutzker,TE,84.0,24,76,250,Iowa,12/20/1972,Rook,15,0,0.0,1996.0,0,0,0,TE,TE,scott_slutzker,1.0,0.0,0.0
1996,CLT,Scott Slutzker,Scott,Slutzker,TE,84.0,24,76,250,Iowa,12/20/1972,Rook,15,0,0.0,1996.0,0,0,0,TE,TE,scott_slutzker,1.0,0.0,0.0
1996,CRD,Pat Carter,Pat,Carter,TE,80.0,30,76,256,Florida St.,8/1/1966,8,16,16,3.0,1988.0,0,0,0,TE,TE,pat_carter,9.0,0.0,0.0
1996,CRD,Pat Carter,Pat,Carter,TE,80.0,30,76,256,Florida St.,8/1/1966,8,16,16,3.0,1988.0,0,0,0,TE,TE,pat_carter,9.0,0.0,0.0
1996,CRD,Johnny McWilliams,Johnny,McWilliams,TE,87.0,24,76,271,USC,12/14/1972,Rook,12,0,1.0,1996.0,0,0,0,TE,TE,johnny_mcwilliams,6.0,0.0,0.0
1996,CRD,Johnny McWilliams,Johnny,McWilliams,TE,87.0,24,76,271,USC,12/14/1972,Rook,12,0,1.0,1996.0,0,0,0,TE,TE,johnny_mcwilliams,6.0,0.0,0.0
1996,CRD,Jarius Hayes,Jarius,Hayes,TE,89.0,23,75,266,North Alabama,3/27/1973,Rook,4,0,0.0,1996.0,0,0,0,TE,TE,jarius_hayes,0.0,0.0,0.0
1996,CRD,Oscar McBride,Oscar,McBride,TE,87.0,24,77,266,Notre Dame,7/23/1972,1,2,1,0.0,,0,0,0,TE,TE,oscar_mcbride,0.0,0.0,0.0
1996,CRD,Jarius Hayes,Jarius,Hayes,TE,89.0,23,75,266,North Alabama,3/27/1973,Rook,4,0,0.0,1996.0,0,0,0,TE,TE,jarius_hayes,0.0,0.0,0.0
1996,CRD,Oscar McBride,Oscar,McBride,TE,87.0,24,77,266,Notre Dame,7/23/1972,1,2,1,0.0,,0,0,0,TE,TE,oscar_mcbride,0.0,0.0,0.0
1996,DAL,Eric Bjornson,Eric,Bjornson,TE,86.0,25,76,236,Washington,12/15/1971,1,14,10,3.0,1995.0,0,0,0,TE,TE,eric_bjornson,10.0,0.0,0.0
1996,DAL,Eric Bjornson,Eric,Bjornson,TE,86.0,25,76,236,Washington,12/15/1971,1,14,10,3.0,1995.0,0,0,0,TE,TE,eric_bjornson,10.0,0.0,0.0
1996,DAL,Tyji Armstrong,Tyji,Armstrong,TE,81.0,26,76,259,"Iowa Central,Mississippi",10/3/1970,4,16,7,0.0,1992.0,0,0,0,TE,TE,tyji_armstrong,4.0,0.0,0.0
1996,DAL,Johnny Mitchell,Johnny,Mitchell,TE,82.0,25,75,241,Nebraska,1/20/1971,4,4,1,0.0,1992.0,0,0,0,TE,TE,johnny_mitchell,17.0,0.0,0.0
1996,DAL,Derek Ware,Derek,Ware,TE,89.0,29,74,255,"Sacramento CC,Texas A&M,Central Oklahoma",9/17/1967,4,5,1,0.0,1992.0,0,0,0,TE,TE,derek_ware,1.0,0.0,0.0
1996,DAL,Tyji Armstrong,Tyji,Armstrong,TE,81.0,26,76,259,"Iowa Central,Mississippi",10/3/1970,4,16,7,0.0,1992.0,0,0,0,TE,TE,tyji_armstrong,4.0,0.0,0.0
1996,DAL,Johnny Mitchell,Johnny,Mitchell,TE,82.0,25,75,241,Nebraska,1/20/1971,4,4,1,0.0,1992.0,0,0,0,TE,TE,johnny_mitchell,17.0,0.0,0.0
1996,DAL,Derek Ware,Derek,Ware,TE,89.0,29,74,255,"Sacramento CC,Texas A&M,Central Oklahoma",9/17/1967,4,5,1,0.0,1992.0,0,0,0,TE,TE,derek_ware,1.0,0.0,0.0
1996,DEN,Shannon Sharpe,Shannon,Sharpe,TE,84.0,28,74,228,Savannah St.,6/26/1968,6,15,15,12.0,1990.0,0,0,0,TE,TE,shannon_sharpe,82.0,4.0,8.0
1996,DEN,Shannon Sharpe,Shannon,Sharpe,TE,84.0,28,74,228,Savannah St.,6/26/1968,6,15,15,12.0,1990.0,0,0,0,TE,TE,shannon_sharpe,82.0,4.0,8.0
1996,DEN,Dwayne Carswell,Dwayne,Carswell,TE,89.0,24,75,290,Liberty,1/18/1972,2,16,2,1.0,,0,0,0,TE,TE,dwayne_carswell,0.0,0.0,1.0
1996,DEN,Byron Chamberlain,Byron,Chamberlain,TE,86.0,25,73,250,"Missouri,Wayne State (NE)",10/17/1971,1,11,0,1.0,1995.0,0,0,0,TE,TE,byron_chamberlain,17.0,0.0,1.0
1996,DEN,Dwayne Carswell,Dwayne,Carswell,TE,89.0,24,75,290,Liberty,1/18/1972,2,16,2,1.0,,0,0,0,TE,TE,dwayne_carswell,0.0,0.0,1.0
1996,DEN,Byron Chamberlain,Byron,Chamberlain,TE,86.0,25,73,250,"Missouri,Wayne State (NE)",10/17/1971,1,11,0,1.0,1995.0,0,0,0,TE,TE,byron_chamberlain,17.0,0.0,1.0
1996,DET,Pete Metzelaars,Pete,Metzelaars,TE,89.0,36,79,254,Wabash,5/24/1960,14,15,11,2.0,1982.0,0,0,0,TE,TE,pete_metzelaars,28.0,0.0,0.0
1996,DET,Pete Metzelaars,Pete,Metzelaars,TE,89.0,36,79,254,Wabash,5/24/1960,14,15,11,2.0,1982.0,0,0,0,TE,TE,pete_metzelaars,28.0,0.0,0.0
1996,DET,David Sloan,David,Sloan,TE,86.0,24,78,260,New Mexico,6/8/1972,1,4,4,1.0,1995.0,0,0,0,TE,TE,david_sloan,18.0,0.0,1.0
1996,DET,David Sloan,David,Sloan,TE,86.0,24,78,260,New Mexico,6/8/1972,1,4,4,1.0,1995.0,0,0,0,TE,TE,david_sloan,18.0,0.0,1.0
1996,DET,Steve Brooks,Steve,Brooks,TE,48.0,25,77,245,Occidental,6/2/1971,Rook,1,0,0.0,,0,0,0,TE,TE,steve_brooks,0.0,0.0,0.0
1996,DET,Derek Price,Derek,Price,TE,82.0,24,75,240,Iowa,8/12/1972,Rook,13,1,0.0,,0,0,0,TE,TE,derek_price,0.0,0.0,0.0
1996,DET,Eric Stocz,Eric,Stocz,TE,49.0,22,76,258,Westminster (PA),5/25/1974,Rook,1,0,0.0,,0,0,0,TE,TE,eric_stocz,0.0,0.0,0.0
1996,DET,Steve Brooks,Steve,Brooks,TE,48.0,25,77,245,Occidental,6/2/1971,Rook,1,0,0.0,,0,0,0,TE,TE,steve_brooks,0.0,0.0,0.0
1996,DET,Derek Price,Derek,Price,TE,82.0,24,75,240,Iowa,8/12/1972,Rook,13,1,0.0,,0,0,0,TE,TE,derek_price,0.0,0.0,0.0
1996,DET,Eric Stocz,Eric,Stocz,TE,49.0,22,76,258,Westminster (PA),5/25/1974,Rook,1,0,0.0,,0,0,0,TE,TE,eric_stocz,0.0,0.0,0.0
1996,GNB,Keith Jackson,Keith,Jackson,TE,88.0,31,74,250,Oklahoma,4/19/1965,8,16,5,6.0,1988.0,0,0,0,TE,TE,keith_jackson,43.0,3.0,5.0
1996,GNB,Keith Jackson,Keith,Jackson,TE,88.0,31,74,250,Oklahoma,4/19/1965,8,16,5,6.0,1988.0,0,0,0,TE,TE,keith_jackson,0.0,0.0,0.0
1996,GNB,Keith Jackson,Keith,Jackson,TE,88.0,31,74,250,Oklahoma,4/19/1965,8,16,5,6.0,1988.0,0,0,0,TE,TE,keith_jackson,43.0,3.0,5.0
1996,GNB,Keith Jackson,Keith,Jackson,TE,88.0,31,74,250,Oklahoma,4/19/1965,8,16,5,6.0,1988.0,0,0,0,TE,TE,keith_jackson,0.0,0.0,0.0
1996,GNB,Mark Chmura,Mark,Chmura,TE,89.0,27,77,248,Boston Col.,2/22/1969,3,13,13,4.0,1992.0,0,0,0,TE,TE,mark_chmura,22.0,0.0,3.0
1996,GNB,Mark Chmura,Mark,Chmura,TE,89.0,27,77,248,Boston Col.,2/22/1969,3,13,13,4.0,1992.0,0,0,0,TE,TE,mark_chmura,22.0,0.0,3.0
1996,GNB,Jeff Thomason,Jeff,Thomason,TE,83.0,27,77,255,Oregon,12/30/1969,4,16,1,1.0,,0,0,0,TE,TE,jeff_thomason,0.0,0.0,0.0
1996,GNB,Jeff Thomason,Jeff,Thomason,TE,83.0,27,77,255,Oregon,12/30/1969,4,16,1,1.0,,0,0,0,TE,TE,jeff_thomason,0.0,0.0,0.0
1996,GNB,Kevin Smith,Kevin,Smith,TE,49.0,27,76,255,UCLA,7/25/1969,4,1,0,0.0,1992.0,0,0,0,TE,TE,kevin_smith,38.0,0.0,0.0
1996,GNB,Kevin Smith,Kevin,Smith,TE,49.0,27,76,255,UCLA,7/25/1969,4,1,0,0.0,1992.0,0,0,0,TE,TE,kevin_smith,0.0,0.0,0.0
1996,GNB,Kevin Smith,Kevin,Smith,TE,49.0,27,76,255,UCLA,7/25/1969,4,1,0,0.0,1992.0,0,0,0,TE,TE,kevin_smith,19.0,0.0,0.0
1996,GNB,Kevin Smith,Kevin,Smith,TE,49.0,27,76,255,UCLA,7/25/1969,4,1,0,0.0,1992.0,0,0,0,TE,TE,kevin_smith,38.0,0.0,0.0
1996,GNB,Kevin Smith,Kevin,Smith,TE,49.0,27,76,255,UCLA,7/25/1969,4,1,0,0.0,1992.0,0,0,0,TE,TE,kevin_smith,0.0,0.0,0.0
1996,GNB,Kevin Smith,Kevin,Smith,TE,49.0,27,76,255,UCLA,7/25/1969,4,1,0,0.0,1992.0,0,0,0,TE,TE,kevin_smith,19.0,0.0,0.0
1996,JAX,Pete Mitchell,Pete,Mitchell,TE,83.0,25,74,243,Boston Col.,10/9/1971,1,16,7,5.0,1995.0,0,0,0,TE,TE,pete_mitchell,23.0,0.0,0.0
1996,JAX,Pete Mitchell,Pete,Mitchell,TE,83.0,25,74,243,Boston Col.,10/9/1971,1,16,7,5.0,1995.0,0,0,0,TE,TE,pete_mitchell,23.0,0.0,0.0
1996,JAX,Derek Brown,Derek,Brown,TE,86.0,26,78,259,Notre Dame,3/31/1970,4,16,14,1.0,1992.0,0,0,0,TE,TE,derek_brown,4.0,0.0,0.0
1996,JAX,Derek Brown,Derek,Brown,TE,86.0,26,78,259,Notre Dame,3/31/1970,4,16,14,1.0,1992.0,0,0,0,TE,TE,derek_brown,17.0,0.0,0.0
1996,JAX,Derek Brown,Derek,Brown,TE,86.0,26,78,259,Notre Dame,3/31/1970,4,16,14,1.0,1992.0,0,0,0,TE,TE,derek_brown,4.0,0.0,0.0
1996,JAX,Derek Brown,Derek,Brown,TE,86.0,26,78,259,Notre Dame,3/31/1970,4,16,14,1.0,1992.0,0,0,0,TE,TE,derek_brown,17.0,0.0,0.0
1996,JAX,Rich Griffith,Rich,Griffith,TE,85.0,27,77,262,Arizona,7/31/1969,3,16,2,0.0,1993.0,0,0,0,TE,TE,rich_griffith,2.0,0.0,0.0
1996,JAX,Ty Hallock,Ty,Hallock,TE,49.0,25,74,252,Michigan St.,4/30/1971,3,7,0,0.0,1993.0,0,0,0,TE,TE,ty_hallock,6.0,0.0,0.0
1996,JAX,Rich Griffith,Rich,Griffith,TE,85.0,27,77,262,Arizona,7/31/1969,3,16,2,0.0,1993.0,0,0,0,TE,TE,rich_griffith,2.0,0.0,0.0
1996,JAX,Ty Hallock,Ty,Hallock,TE,49.0,25,74,252,Michigan St.,4/30/1971,3,7,0,0.0,1993.0,0,0,0,TE,TE,ty_hallock,6.0,0.0,0.0
1996,KAN,Reggie Johnson,Reggie,Johnson,TE,85.0,28,74,256,Florida St.,1/27/1968,5,11,3,2.0,1991.0,0,0,0,TE,TE,reggie_johnson,8.0,0.0,0.0
1996,KAN,Reggie Johnson,Reggie,Johnson,TE,85.0,28,74,256,Florida St.,1/27/1968,5,11,3,2.0,1991.0,0,0,0,TE,TE,reggie_johnson,0.0,0.0,0.0
1996,KAN,Reggie Johnson,Reggie,Johnson,TE,85.0,28,74,256,Florida St.,1/27/1968,5,11,3,2.0,1991.0,0,0,0,TE,TE,reggie_johnson,8.0,0.0,0.0
1996,KAN,Reggie Johnson,Reggie,Johnson,TE,85.0,28,74,256,Florida St.,1/27/1968,5,11,3,2.0,1991.0,0,0,0,TE,TE,reggie_johnson,0.0,0.0,0.0
1996,KAN,Keith Cash,Keith,Cash,TE,89.0,27,76,242,Texas,8/7/1969,5,9,5,1.0,1991.0,0,0,0,TE,TE,keith_cash,11.0,0.0,0.0
1996,KAN,Derrick Walker,Derrick,Walker,TE,82.0,29,72,246,Michigan,6/23/1967,6,11,9,1.0,1990.0,0,0,0,TE,TE,derrick_walker,16.0,0.0,0.0
1996,KAN,Keith Cash,Keith,Cash,TE,89.0,27,76,242,Texas,8/7/1969,5,9,5,1.0,1991.0,0,0,0,TE,TE,keith_cash,11.0,0.0,0.0
1996,KAN,Derrick Walker,Derrick,Walker,TE,82.0,29,72,246,Michigan,6/23/1967,6,11,9,1.0,1990.0,0,0,0,TE,TE,derrick_walker,16.0,0.0,0.0
1996,MIA,Troy Drayton,Troy,Drayton,TE,84.0,26,75,260,Penn St.,6/29/1970,3,10,10,3.0,1993.0,0,0,0,TE,TE,troy_drayton,21.0,0.0,0.0
1996,MIA,Troy Drayton,Troy,Drayton,TE,84.0,26,75,260,Penn St.,6/29/1970,3,10,10,3.0,1993.0,0,0,0,TE,TE,troy_drayton,21.0,0.0,0.0
1996,MIA,Keith Byars,Keith,Byars,TE,41.0,33,73,245,Ohio St.,10/14/1963,10,4,4,0.0,1986.0,0,0,0,TE,TE,keith_byars,60.0,0.0,1.0
1996,MIA,Brett Carolan,Brett,Carolan,TE,84.0,25,75,241,Washington St.,3/16/1971,2,6,2,0.0,,0,0,0,TE,TE,brett_carolan,0.0,0.0,0.0
1996,MIA,Keith Byars,Keith,Byars,TE,41.0,33,73,245,Ohio St.,10/14/1963,10,4,4,0.0,1986.0,0,0,0,TE,TE,keith_byars,60.0,0.0,1.0
1996,MIA,Brett Carolan,Brett,Carolan,TE,84.0,25,75,241,Washington St.,3/16/1971,2,6,2,0.0,,0,0,0,TE,TE,brett_carolan,0.0,0.0,0.0
1996,MIN,Andrew Jordan,Andrew,Jordan,TE,89.0,24,78,260,Western Carolina,6/21/1972,2,13,9,1.0,1994.0,0,0,0,TE,TE,andrew_jordan,7.0,0.0,0.0
1996,MIN,Andrew Jordan,Andrew,Jordan,TE,89.0,24,78,260,Western Carolina,6/21/1972,2,13,9,1.0,1994.0,0,0,0,TE,TE,andrew_jordan,7.0,0.0,0.0
1996,MIN,Greg DeLong,Greg,DeLong,TE,85.0,23,76,250,North Carolina,4/3/1973,1,16,8,0.0,,0,0,0,TE,TE,greg_delong,0.0,0.0,0.0
1996,MIN,David Frisch,David,Frisch,TE,83.0,26,79,260,"Iowa Central,Missouri,Colorado St.",6/22/1970,3,10,1,0.0,,0,0,0,TE,TE,david_frisch,0.0,0.0,0.0
1996,MIN,Hunter Goodwin,Hunter,Goodwin,TE,87.0,24,77,268,"Texas A&M-Kingsville,Texas A&M",10/10/1972,Rook,9,6,0.0,1996.0,0,0,0,TE,TE,hunter_goodwin,1.0,0.0,0.0
1996,MIN,Greg DeLong,Greg,DeLong,TE,85.0,23,76,250,North Carolina,4/3/1973,1,16,8,0.0,,0,0,0,TE,TE,greg_delong,0.0,0.0,0.0
1996,MIN,David Frisch,David,Frisch,TE,83.0,26,79,260,"Iowa Central,Missouri,Colorado St.",6/22/1970,3,10,1,0.0,,0,0,0,TE,TE,david_frisch,0.0,0.0,0.0
1996,MIN,Hunter Goodwin,Hunter,Goodwin,TE,87.0,24,77,268,"Texas A&M-Kingsville,Texas A&M",10/10/1972,Rook,9,6,0.0,1996.0,0,0,0,TE,TE,hunter_goodwin,1.0,0.0,0.0
1996,NOR,Henry Lusk,Henry,Lusk,TE,88.0,24,74,245,Utah,5/8/1972,Rook,16,3,2.0,1996.0,0,0,0,TE,TE,henry_lusk,2.0,0.0,0.0
1996,NOR,Henry Lusk,Henry,Lusk,TE,88.0,24,74,245,Utah,5/8/1972,Rook,16,3,2.0,1996.0,0,0,0,TE,TE,henry_lusk,2.0,0.0,0.0
1996,NOR,Paul Green,Paul,Green,TE,85.0,30,75,236,USC,10/8/1966,7,14,5,1.0,1989.0,0,0,0,TE,TE,paul_green,5.0,0.0,0.0
1996,NOR,Tony Johnson,Tony,Johnson,TE,86.0,24,77,255,Alabama,2/5/1972,Rook,9,7,1.0,1996.0,0,0,0,TE,TE,tony_johnson,1.0,0.0,0.0
1996,NOR,Irv Smith,Irv,Smith,TE,82.0,25,75,249,Notre Dame,10/13/1971,3,7,7,1.0,1993.0,0,0,0,TE,TE,irv_smith,14.0,0.0,0.0
1996,NOR,Paul Green,Paul,Green,TE,85.0,30,75,236,USC,10/8/1966,7,14,5,1.0,1989.0,0,0,0,TE,TE,paul_green,5.0,0.0,0.0
1996,NOR,Tony Johnson,Tony,Johnson,TE,86.0,24,77,255,Alabama,2/5/1972,Rook,9,7,1.0,1996.0,0,0,0,TE,TE,tony_johnson,1.0,0.0,0.0
1996,NOR,Irv Smith,Irv,Smith,TE,82.0,25,75,249,Notre Dame,10/13/1971,3,7,7,1.0,1993.0,0,0,0,TE,TE,irv_smith,14.0,0.0,0.0
1996,NWE,Ben Coates,Ben,Coates,TE,87.0,27,77,245,Livingstone,8/16/1969,5,16,15,8.0,1991.0,0,0,0,TE,TE,ben_coates,43.0,2.0,5.0
1996,NWE,Ben Coates,Ben,Coates,TE,87.0,27,77,245,Livingstone,8/16/1969,5,16,15,8.0,1991.0,0,0,0,TE,TE,ben_coates,43.0,2.0,5.0
1996,NWE,Keith Byars,Keith,Byars,TE,41.0,33,73,245,Ohio St.,10/14/1963,10,10,6,3.0,1986.0,0,0,0,TE,TE,keith_byars,60.0,0.0,1.0
1996,NWE,Keith Byars,Keith,Byars,TE,41.0,33,73,245,Ohio St.,10/14/1963,10,10,6,3.0,1986.0,0,0,0,TE,TE,keith_byars,60.0,0.0,1.0
1996,NWE,John Burke,John,Burke,TE,85.0,25,75,248,Virginia Tech,9/7/1971,2,11,2,0.0,1994.0,0,0,0,TE,TE,john_burke,2.0,0.0,0.0
1996,NWE,Lovett Purnell,Lovett,Purnell,TE,48.0,24,75,245,West Virginia,4/7/1972,Rook,2,0,0.0,1996.0,0,0,0,TE,TE,lovett_purnell,2.0,0.0,0.0
1996,NWE,John Burke,John,Burke,TE,85.0,25,75,248,Virginia Tech,9/7/1971,2,11,2,0.0,1994.0,0,0,0,TE,TE,john_burke,2.0,0.0,0.0
1996,NWE,Lovett Purnell,Lovett,Purnell,TE,48.0,24,75,245,West Virginia,4/7/1972,Rook,2,0,0.0,1996.0,0,0,0,TE,TE,lovett_purnell,2.0,0.0,0.0
1996,NYG,Howard Cross,Howard,Cross,TE,87.0,29,77,270,Alabama,8/8/1967,7,16,16,1.0,1989.0,0,0,0,TE,TE,howard_cross,17.0,0.0,0.0
1996,NYG,Aaron Pierce,Aaron,Pierce,TE,84.0,27,77,252,Washington,9/6/1969,4,10,3,1.0,1992.0,0,0,0,TE,TE,aaron_pierce,8.0,0.0,0.0
1996,NYG,Howard Cross,Howard,Cross,TE,87.0,29,77,270,Alabama,8/8/1967,7,16,16,1.0,1989.0,0,0,0,TE,TE,howard_cross,17.0,0.0,0.0
1996,NYG,Aaron Pierce,Aaron,Pierce,TE,84.0,27,77,252,Washington,9/6/1969,4,10,3,1.0,1992.0,0,0,0,TE,TE,aaron_pierce,8.0,0.0,0.0
1996,NYG,Brian Kozlowski,Brian,Kozlowski,TE,85.0,26,75,250,Connecticut,10/4/1970,2,5,0,0.0,,0,0,0,TE,TE,brian_kozlowski,0.0,0.0,0.0
1996,NYG,Brian Saxton,Brian,Saxton,TE,83.0,24,78,256,Boston Col.,3/13/1972,Rook,16,2,0.0,,0,0,0,TE,TE,brian_saxton,0.0,0.0,0.0
1996,NYG,Brian Kozlowski,Brian,Kozlowski,TE,85.0,26,75,250,Connecticut,10/4/1970,2,5,0,0.0,,0,0,0,TE,TE,brian_kozlowski,0.0,0.0,0.0
1996,NYG,Brian Saxton,Brian,Saxton,TE,83.0,24,78,256,Boston Col.,3/13/1972,Rook,16,2,0.0,,0,0,0,TE,TE,brian_saxton,0.0,0.0,0.0
1996,NYJ,Fred Baxter,Fred,Baxter,TE,84.0,25,75,268,Auburn,6/14/1971,3,16,4,1.0,1993.0,0,0,0,TE,TE,fred_baxter,7.0,0.0,0.0
1996,NYJ,Kyle Brady,Kyle,Brady,TE,88.0,24,78,278,Penn St.,1/14/1972,1,16,16,1.0,1995.0,0,0,0,TE,TE,kyle_brady,26.0,0.0,0.0
1996,NYJ,Fred Baxter,Fred,Baxter,TE,84.0,25,75,268,Auburn,6/14/1971,3,16,4,1.0,1993.0,0,0,0,TE,TE,fred_baxter,7.0,0.0,0.0
1996,NYJ,Kyle Brady,Kyle,Brady,TE,88.0,24,78,278,Penn St.,1/14/1972,1,16,16,1.0,1995.0,0,0,0,TE,TE,kyle_brady,26.0,0.0,0.0
1996,NYJ,Tyrone Davis,Tyrone,Davis,TE,83.0,24,76,240,Virginia,6/30/1972,1,2,0,0.0,1995.0,0,0,0,TE,TE,tyrone_davis,0.0,0.0,0.0
1996,NYJ,Tyrone Davis,Tyrone,Davis,TE,83.0,24,76,240,Virginia,6/30/1972,1,2,0,0.0,1995.0,0,0,0,TE,TE,tyrone_davis,8.0,0.0,0.0
1996,NYJ,Tyrone Davis,Tyrone,Davis,TE,83.0,24,76,240,Virginia,6/30/1972,1,2,0,0.0,1995.0,0,0,0,TE,TE,tyrone_davis,0.0,0.0,0.0
1996,NYJ,Tyrone Davis,Tyrone,Davis,TE,83.0,24,76,240,Virginia,6/30/1972,1,2,0,0.0,1995.0,0,0,0,TE,TE,tyrone_davis,8.0,0.0,0.0
1996,OTI,Frank Wycheck,Frank,Wycheck,TE,89.0,25,75,253,Maryland,10/14/1971,3,16,16,5.0,1993.0,0,0,0,TE,TE,frank_wycheck,43.0,0.0,3.0
1996,OTI,Frank Wycheck,Frank,Wycheck,TE,89.0,25,75,253,Maryland,10/14/1971,3,16,16,5.0,1993.0,0,0,0,TE,TE,frank_wycheck,43.0,0.0,3.0
1996,OTI,Frank Wycheck,Frank,Wycheck,TE,89.0,25,75,253,Maryland,10/14/1971,3,16,16,5.0,1993.0,0,0,0,TE,TE,frank_wycheck,43.0,0.0,3.0
1996,OTI,Frank Wycheck,Frank,Wycheck,TE,89.0,25,75,253,Maryland,10/14/1971,3,16,16,5.0,1993.0,0,0,0,TE,TE,frank_wycheck,43.0,0.0,3.0
1996,OTI,Roderick Lewis,Roderick,Lewis,TE,88.0,25,77,254,Arizona,6/9/1971,2,16,7,1.0,1994.0,0,0,0,TE,TE,roderick_lewis,2.0,0.0,0.0
1996,OTI,Roderick Lewis,Roderick,Lewis,TE,88.0,25,77,254,Arizona,6/9/1971,2,16,7,1.0,1994.0,0,0,0,TE,TE,roderick_lewis,2.0,0.0,0.0
1996,OTI,Roderick Lewis,Roderick,Lewis,TE,88.0,25,77,254,Arizona,6/9/1971,2,16,7,1.0,1994.0,0,0,0,TE,TE,roderick_lewis,2.0,0.0,0.0
1996,OTI,Roderick Lewis,Roderick,Lewis,TE,88.0,25,77,254,Arizona,6/9/1971,2,16,7,1.0,1994.0,0,0,0,TE,TE,roderick_lewis,2.0,0.0,0.0
1996,OTI,James McKeehan,James,McKeehan,TE,87.0,23,75,251,Texas A&M,8/9/1973,Rook,14,0,0.0,,0,0,0,TE,TE,james_mckeehan,0.0,0.0,0.0
1996,OTI,Michael Roan,Michael,Roan,TE,80.0,24,75,251,Wisconsin,8/29/1972,1,15,1,0.0,1995.0,0,0,0,TE,TE,michael_roan,4.0,0.0,0.0
1996,OTI,James McKeehan,James,McKeehan,TE,87.0,23,75,251,Texas A&M,8/9/1973,Rook,14,0,0.0,,0,0,0,TE,TE,james_mckeehan,0.0,0.0,0.0
1996,OTI,Michael Roan,Michael,Roan,TE,80.0,24,75,251,Wisconsin,8/29/1972,1,15,1,0.0,1995.0,0,0,0,TE,TE,michael_roan,4.0,0.0,0.0
1996,OTI,James McKeehan,James,McKeehan,TE,87.0,23,75,251,Texas A&M,8/9/1973,Rook,14,0,0.0,,0,0,0,TE,TE,james_mckeehan,0.0,0.0,0.0
1996,OTI,Michael Roan,Michael,Roan,TE,80.0,24,75,251,Wisconsin,8/29/1972,1,15,1,0.0,1995.0,0,0,0,TE,TE,michael_roan,4.0,0.0,0.0
1996,OTI,James McKeehan,James,McKeehan,TE,87.0,23,75,251,Texas A&M,8/9/1973,Rook,14,0,0.0,,0,0,0,TE,TE,james_mckeehan,0.0,0.0,0.0
1996,OTI,Michael Roan,Michael,Roan,TE,80.0,24,75,251,Wisconsin,8/29/1972,1,15,1,0.0,1995.0,0,0,0,TE,TE,michael_roan,4.0,0.0,0.0
1996,PHI,Jason Dunn,Jason,Dunn,TE,87.0,23,78,276,Eastern Kentucky,11/15/1973,Rook,16,12,3.0,1996.0,0,0,0,TE,TE,jason_dunn,7.0,0.0,0.0
1996,PHI,Jason Dunn,Jason,Dunn,TE,87.0,23,78,276,Eastern Kentucky,11/15/1973,Rook,16,12,3.0,1996.0,0,0,0,TE,TE,jason_dunn,7.0,0.0,0.0
1996,PHI,Jimmie Johnson,Jimmie,Johnson,TE,88.0,30,74,252,Howard,10/6/1966,7,16,3,1.0,1989.0,0,0,0,TE,TE,jimmie_johnson,5.0,0.0,0.0
1996,PHI,Ed West,Ed,West,TE,83.0,35,73,250,Auburn,8/2/1961,12,16,4,1.0,,0,0,0,TE,TE,ed_west,0.0,0.0,0.0
1996,PHI,Jimmie Johnson,Jimmie,Johnson,TE,88.0,30,74,252,Howard,10/6/1966,7,16,3,1.0,1989.0,0,0,0,TE,TE,jimmie_johnson,5.0,0.0,0.0
1996,PHI,Ed West,Ed,West,TE,83.0,35,73,250,Auburn,8/2/1961,12,16,4,1.0,,0,0,0,TE,TE,ed_west,0.0,0.0,0.0
1996,PIT,Mark Bruener,Mark,Bruener,TE,87.0,24,76,260,Washington,9/16/1972,1,12,12,1.0,1995.0,0,0,0,TE,TE,mark_bruener,10.0,0.0,0.0
1996,PIT,Mark Bruener,Mark,Bruener,TE,87.0,24,76,260,Washington,9/16/1972,1,12,12,1.0,1995.0,0,0,0,TE,TE,mark_bruener,10.0,0.0,0.0
1996,PIT,Kirk Botkin,Kirk,Botkin,TE,84.0,25,75,245,Arkansas,3/19/1971,2,16,0,0.0,,0,0,0,TE,TE,kirk_botkin,0.0,0.0,0.0
1996,PIT,John Farquhar,John,Farquhar,TE,86.0,24,78,278,Duke,3/22/1972,Rook,4,0,0.0,,0,0,0,TE,TE,john_farquhar,0.0,0.0,0.0
1996,PIT,Jonathan Hayes,Jonathan,Hayes,TE,85.0,34,77,248,Iowa,8/11/1962,11,16,6,0.0,1985.0,0,0,0,TE,TE,jonathan_hayes,15.0,0.0,0.0
1996,PIT,Kirk Botkin,Kirk,Botkin,TE,84.0,25,75,245,Arkansas,3/19/1971,2,16,0,0.0,,0,0,0,TE,TE,kirk_botkin,0.0,0.0,0.0
1996,PIT,John Farquhar,John,Farquhar,TE,86.0,24,78,278,Duke,3/22/1972,Rook,4,0,0.0,,0,0,0,TE,TE,john_farquhar,0.0,0.0,0.0
1996,PIT,Jonathan Hayes,Jonathan,Hayes,TE,85.0,34,77,248,Iowa,8/11/1962,11,16,6,0.0,1985.0,0,0,0,TE,TE,jonathan_hayes,15.0,0.0,0.0
1996,RAI,Rickey Dudley,Rickey,Dudley,TE,83.0,24,78,255,Ohio St.,7/15/1972,Rook,16,15,4.0,1996.0,0,0,0,TE,TE,rickey_dudley,25.0,0.0,0.0
1996,RAI,Rickey Dudley,Rickey,Dudley,TE,83.0,24,78,255,Ohio St.,7/15/1972,Rook,16,15,4.0,1996.0,0,0,0,TE,TE,rickey_dudley,25.0,0.0,0.0
1996,RAI,Andrew Glover,Andrew,Glover,TE,87.0,29,78,250,Grambling St.,8/12/1967,5,14,4,1.0,1991.0,0,0,0,TE,TE,andrew_glover,22.0,0.0,0.0
1996,RAI,Andrew Glover,Andrew,Glover,TE,87.0,29,78,250,Grambling St.,8/12/1967,5,14,4,1.0,1991.0,0,0,0,TE,TE,andrew_glover,22.0,0.0,0.0
1996,RAI,Marcus Hinton,Marcus,Hinton,TE,85.0,25,76,260,Alcorn St.,12/27/1971,Rook,2,0,0.0,,0,0,0,TE,TE,marcus_hinton,0.0,0.0,0.0
1996,RAI,Marcus Hinton,Marcus,Hinton,TE,85.0,25,76,260,Alcorn St.,12/27/1971,Rook,2,0,0.0,,0,0,0,TE,TE,marcus_hinton,0.0,0.0,0.0
1996,RAM,Ernie Conwell,Ernie,Conwell,TE,45.0,24,74,255,Washington,8/17/1972,Rook,10,8,1.0,1996.0,0,0,0,TE,TE,ernie_conwell,17.0,0.0,0.0
1996,RAM,Aaron Laing,Aaron,Laing,TE,86.0,25,75,260,"Lamar,New Mexico St.",7/19/1971,2,12,8,1.0,1994.0,0,0,0,TE,TE,aaron_laing,1.0,0.0,0.0
1996,RAM,Ernie Conwell,Ernie,Conwell,TE,45.0,24,74,255,Washington,8/17/1972,Rook,10,8,1.0,1996.0,0,0,0,TE,TE,ernie_conwell,17.0,0.0,0.0
1996,RAM,Aaron Laing,Aaron,Laing,TE,86.0,25,75,260,"Lamar,New Mexico St.",7/19/1971,2,12,8,1.0,1994.0,0,0,0,TE,TE,aaron_laing,1.0,0.0,0.0
1996,RAM,Hayward Clay,Hayward,Clay,TE,81.0,23,75,260,Texas A&M,7/25/1973,Rook,11,4,0.0,1996.0,0,0,0,TE,TE,hayward_clay,0.0,0.0,0.0
1996,RAM,Troy Drayton,Troy,Drayton,TE,84.0,26,75,260,Penn St.,6/29/1970,3,3,3,0.0,1993.0,0,0,0,TE,TE,troy_drayton,21.0,0.0,0.0
1996,RAM,Hayward Clay,Hayward,Clay,TE,81.0,23,75,260,Texas A&M,7/25/1973,Rook,11,4,0.0,1996.0,0,0,0,TE,TE,hayward_clay,0.0,0.0,0.0
1996,RAM,Troy Drayton,Troy,Drayton,TE,84.0,26,75,260,Penn St.,6/29/1970,3,3,3,0.0,1993.0,0,0,0,TE,TE,troy_drayton,21.0,0.0,0.0
1996,RAV,Brian Kinchen,Brian,Kinchen,TE,88.0,31,74,240,LSU,8/6/1965,8,16,16,6.0,1988.0,0,0,0,TE,TE,brian_kinchen,15.0,0.0,0.0
1996,RAV,Brian Kinchen,Brian,Kinchen,TE,88.0,31,74,240,LSU,8/6/1965,8,16,16,6.0,1988.0,0,0,0,TE,TE,brian_kinchen,15.0,0.0,0.0
1996,RAV,Eric Green,Eric,Green,TE,86.0,29,77,280,Liberty,6/22/1967,6,6,3,1.0,1990.0,0,0,0,TE,TE,eric_green,32.0,0.0,2.0
1996,RAV,Eric Green,Eric,Green,TE,86.0,29,77,280,Liberty,6/22/1967,6,6,3,1.0,1990.0,0,0,0,TE,TE,eric_green,12.0,0.0,0.0
1996,RAV,Eric Green,Eric,Green,TE,86.0,29,77,280,Liberty,6/22/1967,6,6,3,1.0,1990.0,0,0,0,TE,TE,eric_green,32.0,0.0,2.0
1996,RAV,Eric Green,Eric,Green,TE,86.0,29,77,280,Liberty,6/22/1967,6,6,3,1.0,1990.0,0,0,0,TE,TE,eric_green,12.0,0.0,0.0
1996,RAV,Harold Bishop,Harold,Bishop,TE,89.0,26,76,254,LSU,4/8/1970,2,8,2,0.0,1994.0,0,0,0,TE,TE,harold_bishop,1.0,0.0,0.0
1996,RAV,Frank Hartley,Frank,Hartley,TE,48.0,29,74,268,Illinois,12/15/1967,2,8,0,0.0,,0,0,0,TE,TE,frank_hartley,0.0,0.0,0.0
1996,RAV,Harold Bishop,Harold,Bishop,TE,89.0,26,76,254,LSU,4/8/1970,2,8,2,0.0,1994.0,0,0,0,TE,TE,harold_bishop,1.0,0.0,0.0
1996,RAV,Frank Hartley,Frank,Hartley,TE,48.0,29,74,268,Illinois,12/15/1967,2,8,0,0.0,,0,0,0,TE,TE,frank_hartley,0.0,0.0,0.0
1996,SDG,Deems May,Deems,May,TE,88.0,27,76,263,North Carolina,3/6/1969,4,16,12,2.0,1992.0,0,0,0,TE,TE,deems_may,2.0,0.0,0.0
1996,SDG,Alfred Pupunu,Alfred,Pupunu,TE,86.0,27,74,260,Weber St.,10/17/1969,4,9,8,2.0,,0,0,0,TE,TE,alfred_pupunu,0.0,0.0,0.0
1996,SDG,Deems May,Deems,May,TE,88.0,27,76,263,North Carolina,3/6/1969,4,16,12,2.0,1992.0,0,0,0,TE,TE,deems_may,2.0,0.0,0.0
1996,SDG,Alfred Pupunu,Alfred,Pupunu,TE,86.0,27,74,260,Weber St.,10/17/1969,4,9,8,2.0,,0,0,0,TE,TE,alfred_pupunu,0.0,0.0,0.0
1996,SDG,Shannon Mitchell,Shannon,Mitchell,TE,89.0,24,74,245,Georgia,3/28/1972,2,16,11,1.0,,0,0,0,TE,TE,shannon_mitchell,0.0,0.0,0.0
1996,SDG,Brian Roche,Brian,Roche,TE,87.0,23,76,255,"Cal Poly-San Luis Obispo,San Jose St.",5/5/1973,Rook,13,0,1.0,1996.0,0,0,0,TE,TE,brian_roche,1.0,0.0,0.0
1996,SDG,Shannon Mitchell,Shannon,Mitchell,TE,89.0,24,74,245,Georgia,3/28/1972,2,16,11,1.0,,0,0,0,TE,TE,shannon_mitchell,0.0,0.0,0.0
1996,SDG,Brian Roche,Brian,Roche,TE,87.0,23,76,255,"Cal Poly-San Luis Obispo,San Jose St.",5/5/1973,Rook,13,0,1.0,1996.0,0,0,0,TE,TE,brian_roche,1.0,0.0,0.0
1996,SDG,Walter Reeves,Walter,Reeves,TE,46.0,31,76,270,Auburn,12/16/1965,7,9,2,0.0,1989.0,0,0,0,TE,TE,walter_reeves,3.0,0.0,0.0
1996,SDG,Walter Reeves,Walter,Reeves,TE,46.0,31,76,270,Auburn,12/16/1965,7,9,2,0.0,1989.0,0,0,0,TE,TE,walter_reeves,3.0,0.0,0.0
1996,SEA,Carlester Crumpler,Carlester,Crumpler,TE,87.0,25,78,260,East Carolina,9/5/1971,2,16,7,2.0,1994.0,0,0,0,TE,TE,carlester_crumpler,0.0,0.0,0.0
1996,SEA,Carlester Crumpler,Carlester,Crumpler,TE,87.0,25,78,260,East Carolina,9/5/1971,2,16,7,2.0,1994.0,0,0,0,TE,TE,carlester_crumpler,7.0,0.0,0.0
1996,SEA,Christian Fauria,Christian,Fauria,TE,86.0,25,76,250,Colorado,9/22/1971,1,10,9,2.0,1995.0,0,0,0,TE,TE,christian_fauria,17.0,0.0,0.0
1996,SEA,Carlester Crumpler,Carlester,Crumpler,TE,87.0,25,78,260,East Carolina,9/5/1971,2,16,7,2.0,1994.0,0,0,0,TE,TE,carlester_crumpler,0.0,0.0,0.0
1996,SEA,Carlester Crumpler,Carlester,Crumpler,TE,87.0,25,78,260,East Carolina,9/5/1971,2,16,7,2.0,1994.0,0,0,0,TE,TE,carlester_crumpler,7.0,0.0,0.0
1996,SEA,Christian Fauria,Christian,Fauria,TE,86.0,25,76,250,Colorado,9/22/1971,1,10,9,2.0,1995.0,0,0,0,TE,TE,christian_fauria,17.0,0.0,0.0
1996,SEA,Ronnie Williams,Ronnie,Williams,TE,83.0,30,75,258,Oklahoma St.,1/19/1966,3,14,3,0.0,,0,0,0,TE,TE,ronnie_williams,0.0,0.0,0.0
1996,SEA,Ronnie Williams,Ronnie,Williams,TE,83.0,30,75,258,Oklahoma St.,1/19/1966,3,14,3,0.0,,0,0,0,TE,TE,ronnie_williams,0.0,0.0,0.0
1996,SFO,Brent Jones,Brent,Jones,TE,84.0,33,76,230,Santa Clara,2/12/1963,9,11,10,5.0,1986.0,0,0,0,TE,TE,brent_jones,50.0,0.0,4.0
1996,SFO,Brent Jones,Brent,Jones,TE,84.0,33,76,230,Santa Clara,2/12/1963,9,11,10,5.0,1986.0,0,0,0,TE,TE,brent_jones,50.0,0.0,4.0
1996,SFO,Ted Popson,Ted,Popson,TE,85.0,30,76,250,Portland St.,9/10/1966,2,15,6,3.0,1991.0,0,0,0,TE,TE,ted_popson,9.0,0.0,0.0
1996,SFO,Ted Popson,Ted,Popson,TE,85.0,30,76,250,Portland St.,9/10/1966,2,15,6,3.0,1991.0,0,0,0,TE,TE,ted_popson,9.0,0.0,0.0
1996,SFO,Adrian Cooper,Adrian,Cooper,TE,49.0,28,77,255,Oklahoma,4/27/1968,5,6,0,0.0,1991.0,0,0,0,TE,TE,adrian_cooper,8.0,0.0,0.0
1996,SFO,Sean Manuel,Sean,Manuel,TE,86.0,23,74,245,New Mexico St.,12/1/1973,Rook,11,0,0.0,1996.0,0,0,0,TE,TE,sean_manuel,0.0,0.0,0.0
1996,SFO,Adrian Cooper,Adrian,Cooper,TE,49.0,28,77,255,Oklahoma,4/27/1968,5,6,0,0.0,1991.0,0,0,0,TE,TE,adrian_cooper,8.0,0.0,0.0
1996,SFO,Sean Manuel,Sean,Manuel,TE,86.0,23,74,245,New Mexico St.,12/1/1973,Rook,11,0,0.0,1996.0,0,0,0,TE,TE,sean_manuel,0.0,0.0,0.0
1996,TAM,Jackie Harris,Jackie,Harris,TE,81.0,28,76,244,La-Monroe,1/4/1968,6,13,12,3.0,1990.0,0,0,0,TE,TE,jackie_harris,33.0,0.0,0.0
1996,TAM,Jackie Harris,Jackie,Harris,TE,81.0,28,76,244,La-Monroe,1/4/1968,6,13,12,3.0,1990.0,0,0,0,TE,TE,jackie_harris,33.0,0.0,0.0
1996,TAM,Dave Moore,Dave,Moore,TE,83.0,27,74,250,Pittsburgh,11/11/1969,4,16,8,2.0,1992.0,0,0,0,TE,TE,dave_moore,18.0,0.0,1.0
1996,TAM,Dave Moore,Dave,Moore,TE,83.0,27,74,250,Pittsburgh,11/11/1969,4,16,8,2.0,1992.0,0,0,0,TE,TE,dave_moore,18.0,0.0,1.0
1996,TAM,John Farquhar,John,Farquhar,TE,89.0,24,78,278,Duke,3/22/1972,Rook,1,0,0.0,,0,0,0,TE,TE,john_farquhar,0.0,0.0,0.0
1996,TAM,Willy Tate,Willy,Tate,TE,82.0,24,75,251,Oregon,9/7/1972,Rook,13,0,0.0,,0,0,0,TE,TE,willy_tate,0.0,0.0,0.0
1996,TAM,John Farquhar,John,Farquhar,TE,89.0,24,78,278,Duke,3/22/1972,Rook,1,0,0.0,,0,0,0,TE,TE,john_farquhar,0.0,0.0,0.0
1996,TAM,Willy Tate,Willy,Tate,TE,82.0,24,75,251,Oregon,9/7/1972,Rook,13,0,0.0,,0,0,0,TE,TE,willy_tate,0.0,0.0,0.0
1996,WAS,Jamie Asher,Jamie,Asher,TE,84.0,24,75,245,Louisville,10/31/1972,1,16,12,6.0,1995.0,0,0,0,TE,TE,jamie_asher,13.0,0.0,0.0
1996,WAS,Jamie Asher,Jamie,Asher,TE,84.0,24,75,245,Louisville,10/31/1972,1,16,12,6.0,1995.0,0,0,0,TE,TE,jamie_asher,13.0,0.0,0.0
1996,WAS,Scott Galbraith,Scott,Galbraith,TE,89.0,29,74,258,USC,1/7/1967,6,16,6,1.0,1990.0,0,0,0,TE,TE,scott_galbraith,6.0,0.0,0.0
1996,WAS,Scott Galbraith,Scott,Galbraith,TE,89.0,29,74,258,USC,1/7/1967,6,16,6,1.0,1990.0,0,0,0,TE,TE,scott_galbraith,6.0,0.0,0.0
1996,WAS,James Jenkins,James,Jenkins,TE,88.0,29,74,243,Rutgers,8/17/1967,5,16,5,0.0,,0,0,0,TE,TE,james_jenkins,0.0,0.0,0.0
1996,WAS,James Jenkins,James,Jenkins,TE,88.0,29,74,243,Rutgers,8/17/1967,5,16,5,0.0,,0,0,0,TE,TE,james_jenkins,0.0,0.0,0.0
1997,ATL,O.J. Santiago,O.J.,Santiago,TE,88.0,23,79,265,Kent St.,3/4/1974,Rook,11,11,2.0,1997.0,0,0,0,TE,TE,o.j._santiago,10.0,0.0,0.0
1997,ATL,O.J. Santiago,O.J.,Santiago,TE,88.0,23,79,265,Kent St.,3/4/1974,Rook,11,11,2.0,1997.0,0,0,0,TE,TE,o.j._santiago,10.0,0.0,0.0
1997,ATL,Brian Kozlowski,Brian,Kozlowski,TE,85.0,27,75,250,Connecticut,10/4/1970,3,16,5,1.0,,0,0,0,TE,TE,brian_kozlowski,0.0,0.0,0.0
1997,ATL,Ed West,Ed,West,TE,83.0,36,73,250,Auburn,8/2/1961,13,12,3,1.0,,0,0,0,TE,TE,ed_west,0.0,0.0,0.0
1997,ATL,Brian Kozlowski,Brian,Kozlowski,TE,85.0,27,75,250,Connecticut,10/4/1970,3,16,5,1.0,,0,0,0,TE,TE,brian_kozlowski,0.0,0.0,0.0
1997,ATL,Ed West,Ed,West,TE,83.0,36,73,250,Auburn,8/2/1961,13,12,3,1.0,,0,0,0,TE,TE,ed_west,0.0,0.0,0.0
1997,ATL,Brian Saxton,Brian,Saxton,TE,49.0,25,78,256,Boston Col.,3/13/1972,1,3,0,0.0,,0,0,0,TE,TE,brian_saxton,0.0,0.0,0.0
1997,ATL,Ed Smith,Ed,Smith,TE,86.0,28,76,253,,6/5/1969,1,5,1,0.0,,0,0,0,TE,TE,ed_smith,0.0,0.0,0.0
1997,ATL,Ed Smith,Ed,Smith,TE,86.0,28,76,253,,6/5/1969,1,5,1,0.0,,0,0,0,TE,TE,ed_smith,0.0,0.0,0.0
1997,ATL,Ed Smith,Ed,Smith,TE,86.0,28,76,253,,6/5/1969,1,5,1,0.0,,0,0,0,TE,TE,ed_smith,0.0,0.0,0.0
1997,ATL,Ed Smith,Ed,Smith,TE,86.0,28,76,253,,6/5/1969,1,5,1,0.0,,0,0,0,TE,TE,ed_smith,4.0,0.0,0.0
1997,ATL,Ed Smith,Ed,Smith,TE,86.0,28,76,253,,6/5/1969,1,5,1,0.0,,0,0,0,TE,TE,ed_smith,4.0,0.0,0.0
1997,ATL,Brian Saxton,Brian,Saxton,TE,49.0,25,78,256,Boston Col.,3/13/1972,1,3,0,0.0,,0,0,0,TE,TE,brian_saxton,0.0,0.0,0.0
1997,ATL,Ed Smith,Ed,Smith,TE,86.0,28,76,253,,6/5/1969,1,5,1,0.0,,0,0,0,TE,TE,ed_smith,0.0,0.0,0.0
1997,ATL,Ed Smith,Ed,Smith,TE,86.0,28,76,253,,6/5/1969,1,5,1,0.0,,0,0,0,TE,TE,ed_smith,0.0,0.0,0.0
1997,ATL,Ed Smith,Ed,Smith,TE,86.0,28,76,253,,6/5/1969,1,5,1,0.0,,0,0,0,TE,TE,ed_smith,0.0,0.0,0.0
1997,ATL,Ed Smith,Ed,Smith,TE,86.0,28,76,253,,6/5/1969,1,5,1,0.0,,0,0,0,TE,TE,ed_smith,4.0,0.0,0.0
1997,ATL,Ed Smith,Ed,Smith,TE,86.0,28,76,253,,6/5/1969,1,5,1,0.0,,0,0,0,TE,TE,ed_smith,4.0,0.0,0.0
1997,BUF,Lonnie Johnson,Lonnie,Johnson,TE,84.0,26,75,240,Florida St.,2/14/1971,3,16,16,3.0,1994.0,0,0,0,TE,TE,lonnie_johnson,0.0,0.0,0.0
1997,BUF,Lonnie Johnson,Lonnie,Johnson,TE,84.0,26,75,240,Florida St.,2/14/1971,3,16,16,3.0,1994.0,0,0,0,TE,TE,lonnie_johnson,13.0,0.0,0.0
1997,BUF,Lonnie Johnson,Lonnie,Johnson,TE,84.0,26,75,240,Florida St.,2/14/1971,3,16,16,3.0,1994.0,0,0,0,TE,TE,lonnie_johnson,0.0,0.0,0.0
1997,BUF,Lonnie Johnson,Lonnie,Johnson,TE,84.0,26,75,240,Florida St.,2/14/1971,3,16,16,3.0,1994.0,0,0,0,TE,TE,lonnie_johnson,13.0,0.0,0.0
1997,BUF,Jay Riemersma,Jay,Riemersma,TE,85.0,24,77,255,Michigan,5/17/1973,1,16,8,2.0,1996.0,0,0,0,TE,TE,jay_riemersma,19.0,0.0,0.0
1997,BUF,Jay Riemersma,Jay,Riemersma,TE,85.0,24,77,255,Michigan,5/17/1973,1,16,8,2.0,1996.0,0,0,0,TE,TE,jay_riemersma,19.0,0.0,0.0
1997,BUF,Tony Cline,Tony,Cline,TE,86.0,26,76,247,Stanford,11/24/1971,2,10,1,0.0,1995.0,0,0,0,TE,TE,tony_cline,36.0,0.0,0.0
1997,BUF,Tony Cline,Tony,Cline,TE,86.0,26,76,247,Stanford,11/24/1971,2,10,1,0.0,1995.0,0,0,0,TE,TE,tony_cline,2.0,0.0,0.0
1997,BUF,Rob Coons,Rob,Coons,TE,87.0,28,77,249,Pittsburgh,9/18/1969,2,12,0,0.0,,0,0,0,TE,TE,rob_coons,0.0,0.0,0.0
1997,BUF,Tony Cline,Tony,Cline,TE,86.0,26,76,247,Stanford,11/24/1971,2,10,1,0.0,1995.0,0,0,0,TE,TE,tony_cline,36.0,0.0,0.0
1997,BUF,Tony Cline,Tony,Cline,TE,86.0,26,76,247,Stanford,11/24/1971,2,10,1,0.0,1995.0,0,0,0,TE,TE,tony_cline,2.0,0.0,0.0
1997,BUF,Rob Coons,Rob,Coons,TE,87.0,28,77,249,Pittsburgh,9/18/1969,2,12,0,0.0,,0,0,0,TE,TE,rob_coons,0.0,0.0,0.0
1997,CAR,Wesley Walls,Wesley,Walls,TE,85.0,31,77,240,Mississippi,2/26/1966,8,15,15,7.0,1989.0,0,0,0,TE,TE,wesley_walls,43.0,0.0,5.0
1997,CAR,Wesley Walls,Wesley,Walls,TE,85.0,31,77,240,Mississippi,2/26/1966,8,15,15,7.0,1989.0,0,0,0,TE,TE,wesley_walls,43.0,0.0,5.0
1997,CAR,Kris Mangum,Kris,Mangum,TE,86.0,24,76,252,"Alabama,Mississippi",8/15/1973,Rook,2,1,0.0,1997.0,0,0,0,TE,TE,kris_mangum,11.0,0.0,0.0
1997,CAR,Walter Rasby,Walter,Rasby,TE,88.0,25,75,252,Wake Forest,9/7/1972,3,14,2,0.0,,0,0,0,TE,TE,walter_rasby,0.0,0.0,0.0
1997,CAR,Kris Mangum,Kris,Mangum,TE,86.0,24,76,252,"Alabama,Mississippi",8/15/1973,Rook,2,1,0.0,1997.0,0,0,0,TE,TE,kris_mangum,11.0,0.0,0.0
1997,CAR,Walter Rasby,Walter,Rasby,TE,88.0,25,75,252,Wake Forest,9/7/1972,3,14,2,0.0,,0,0,0,TE,TE,walter_rasby,0.0,0.0,0.0
1997,CHI,Ryan Wetnight,Ryan,Wetnight,TE,89.0,27,74,235,Stanford,11/5/1970,4,16,3,3.0,,0,0,0,TE,TE,ryan_wetnight,0.0,0.0,0.0
1997,CHI,Ryan Wetnight,Ryan,Wetnight,TE,89.0,27,74,235,Stanford,11/5/1970,4,16,3,3.0,,0,0,0,TE,TE,ryan_wetnight,0.0,0.0,0.0
1997,CHI,John Allred,John,Allred,TE,84.0,23,76,249,USC,9/9/1974,Rook,15,4,1.0,1997.0,0,0,0,TE,TE,john_allred,3.0,0.0,0.0
1997,CHI,Keith Jennings,Keith,Jennings,TE,85.0,31,76,262,Clemson,5/19/1966,8,12,12,1.0,1989.0,0,0,0,TE,TE,keith_jennings,7.0,0.0,0.0
1997,CHI,John Allred,John,Allred,TE,84.0,23,76,249,USC,9/9/1974,Rook,15,4,1.0,1997.0,0,0,0,TE,TE,john_allred,3.0,0.0,0.0
1997,CHI,Keith Jennings,Keith,Jennings,TE,85.0,31,76,262,Clemson,5/19/1966,8,12,12,1.0,1989.0,0,0,0,TE,TE,keith_jennings,7.0,0.0,0.0
1997,CHI,Tremayne Allen,Tremayne,Allen,TE,49.0,23,74,234,Florida,8/9/1974,Rook,2,0,0.0,,0,0,0,TE,TE,tremayne_allen,0.0,0.0,0.0
1997,CHI,Harper LeBel,Harper,LeBel,TE,88.0,34,76,250,Colorado St.,7/14/1963,8,16,0,0.0,1985.0,0,0,0,TE,TE,harper_lebel,0.0,0.0,0.0
1997,CHI,Tremayne Allen,Tremayne,Allen,TE,49.0,23,74,234,Florida,8/9/1974,Rook,2,0,0.0,,0,0,0,TE,TE,tremayne_allen,0.0,0.0,0.0
1997,CHI,Harper LeBel,Harper,LeBel,TE,88.0,34,76,250,Colorado St.,7/14/1963,8,16,0,0.0,1985.0,0,0,0,TE,TE,harper_lebel,0.0,0.0,0.0
1997,CIN,Tony McGee,Tony,McGee,TE,82.0,26,75,247,Michigan,4/21/1971,4,16,16,4.0,1993.0,0,0,0,TE,TE,tony_mcgee,38.0,0.0,0.0
1997,CIN,Tony McGee,Tony,McGee,TE,82.0,26,75,247,Michigan,4/21/1971,4,16,16,4.0,1993.0,0,0,0,TE,TE,tony_mcgee,28.0,0.0,0.0
1997,CIN,Tony McGee,Tony,McGee,TE,82.0,26,75,247,Michigan,4/21/1971,4,16,16,4.0,1993.0,0,0,0,TE,TE,tony_mcgee,38.0,0.0,0.0
1997,CIN,Tony McGee,Tony,McGee,TE,82.0,26,75,247,Michigan,4/21/1971,4,16,16,4.0,1993.0,0,0,0,TE,TE,tony_mcgee,28.0,0.0,0.0
1997,CIN,Marco Battaglia,Marco,Battaglia,TE,89.0,24,75,250,Rutgers,1/25/1973,1,16,0,2.0,1996.0,0,0,0,TE,TE,marco_battaglia,6.0,0.0,0.0
1997,CIN,Marco Battaglia,Marco,Battaglia,TE,89.0,24,75,250,Rutgers,1/25/1973,1,16,0,2.0,1996.0,0,0,0,TE,TE,marco_battaglia,6.0,0.0,0.0
1997,CIN,Steve Bush,Steve,Bush,TE,88.0,23,75,280,Arizona St.,7/4/1974,Rook,16,0,0.0,,0,0,0,TE,TE,steve_bush,0.0,0.0,0.0
1997,CIN,Steve Bush,Steve,Bush,TE,88.0,23,75,280,Arizona St.,7/4/1974,Rook,16,0,0.0,,0,0,0,TE,TE,steve_bush,0.0,0.0,0.0
1997,CLT,Ken Dilger,Ken,Dilger,TE,85.0,26,77,250,Illinois,2/2/1971,2,14,14,3.0,1995.0,0,0,0,TE,TE,ken_dilger,35.0,0.0,1.0
1997,CLT,Ken Dilger,Ken,Dilger,TE,85.0,26,77,250,Illinois,2/2/1971,2,14,14,3.0,1995.0,0,0,0,TE,TE,ken_dilger,35.0,0.0,1.0
1997,CLT,Marcus Pollard,Marcus,Pollard,TE,81.0,25,75,248,Bradley,2/8/1972,2,16,6,1.0,,0,0,0,TE,TE,marcus_pollard,0.0,0.0,0.0
1997,CLT,Marcus Pollard,Marcus,Pollard,TE,81.0,25,75,248,Bradley,2/8/1972,2,16,6,1.0,,0,0,0,TE,TE,marcus_pollard,0.0,0.0,0.0
1997,CLT,Scott Slutzker,Scott,Slutzker,TE,84.0,25,76,250,Iowa,12/20/1972,1,12,2,0.0,1996.0,0,0,0,TE,TE,scott_slutzker,1.0,0.0,0.0
1997,CLT,Scott Slutzker,Scott,Slutzker,TE,84.0,25,76,250,Iowa,12/20/1972,1,12,2,0.0,1996.0,0,0,0,TE,TE,scott_slutzker,1.0,0.0,0.0
1997,CRD,Chris Gedney,Chris,Gedney,TE,84.0,27,77,258,Syracuse,8/9/1970,4,16,3,2.0,1993.0,0,0,0,TE,TE,chris_gedney,8.0,0.0,0.0
1997,CRD,Chris Gedney,Chris,Gedney,TE,84.0,27,77,258,Syracuse,8/9/1970,4,16,3,2.0,1993.0,0,0,0,TE,TE,chris_gedney,8.0,0.0,0.0
1997,CRD,Johnny McWilliams,Johnny,McWilliams,TE,87.0,25,76,271,USC,12/14/1972,1,16,7,1.0,1996.0,0,0,0,TE,TE,johnny_mcwilliams,6.0,0.0,0.0
1997,CRD,Johnny McWilliams,Johnny,McWilliams,TE,87.0,25,76,271,USC,12/14/1972,1,16,7,1.0,1996.0,0,0,0,TE,TE,johnny_mcwilliams,6.0,0.0,0.0
1997,CRD,Pat Carter,Pat,Carter,TE,80.0,31,76,256,Florida St.,8/1/1966,9,16,10,0.0,1988.0,0,0,0,TE,TE,pat_carter,9.0,0.0,0.0
1997,CRD,Pat Carter,Pat,Carter,TE,80.0,31,76,256,Florida St.,8/1/1966,9,16,10,0.0,1988.0,0,0,0,TE,TE,pat_carter,9.0,0.0,0.0
1997,DAL,Eric Bjornson,Eric,Bjornson,TE,86.0,26,76,236,Washington,12/15/1971,2,14,14,3.0,1995.0,0,0,0,TE,TE,eric_bjornson,10.0,0.0,0.0
1997,DAL,Eric Bjornson,Eric,Bjornson,TE,86.0,26,76,236,Washington,12/15/1971,2,14,14,3.0,1995.0,0,0,0,TE,TE,eric_bjornson,10.0,0.0,0.0
1997,DAL,David LaFleur,David,LaFleur,TE,89.0,23,79,272,LSU,1/29/1974,Rook,16,5,1.0,1997.0,0,0,0,TE,TE,david_lafleur,7.0,0.0,0.0
1997,DAL,David LaFleur,David,LaFleur,TE,89.0,23,79,272,LSU,1/29/1974,Rook,16,5,1.0,1997.0,0,0,0,TE,TE,david_lafleur,7.0,0.0,0.0
1997,DAL,Scott Galbraith,Scott,Galbraith,TE,81.0,30,74,258,USC,1/7/1967,7,16,0,0.0,1990.0,0,0,0,TE,TE,scott_galbraith,6.0,0.0,0.0
1997,DAL,Scott Galbraith,Scott,Galbraith,TE,81.0,30,74,258,USC,1/7/1967,7,16,0,0.0,1990.0,0,0,0,TE,TE,scott_galbraith,6.0,0.0,0.0
1997,DEN,Shannon Sharpe,Shannon,Sharpe,TE,84.0,29,74,228,Savannah St.,6/26/1968,7,16,16,14.0,1990.0,0,0,0,TE,TE,shannon_sharpe,82.0,4.0,8.0
1997,DEN,Shannon Sharpe,Shannon,Sharpe,TE,84.0,29,74,228,Savannah St.,6/26/1968,7,16,16,14.0,1990.0,0,0,0,TE,TE,shannon_sharpe,82.0,4.0,8.0
1997,DEN,Dwayne Carswell,Dwayne,Carswell,TE,89.0,25,75,290,Liberty,1/18/1972,3,16,3,1.0,,0,0,0,TE,TE,dwayne_carswell,0.0,0.0,1.0
1997,DEN,Dwayne Carswell,Dwayne,Carswell,TE,89.0,25,75,290,Liberty,1/18/1972,3,16,3,1.0,,0,0,0,TE,TE,dwayne_carswell,0.0,0.0,1.0
1997,DEN,Byron Chamberlain,Byron,Chamberlain,TE,86.0,26,73,250,"Missouri,Wayne State (NE)",10/17/1971,2,10,0,0.0,1995.0,0,0,0,TE,TE,byron_chamberlain,17.0,0.0,1.0
1997,DEN,Byron Chamberlain,Byron,Chamberlain,TE,86.0,26,73,250,"Missouri,Wayne State (NE)",10/17/1971,2,10,0,0.0,1995.0,0,0,0,TE,TE,byron_chamberlain,17.0,0.0,1.0
1997,DET,David Sloan,David,Sloan,TE,86.0,25,78,260,New Mexico,6/8/1972,2,14,12,3.0,1995.0,0,0,0,TE,TE,david_sloan,18.0,0.0,1.0
1997,DET,David Sloan,David,Sloan,TE,86.0,25,78,260,New Mexico,6/8/1972,2,14,12,3.0,1995.0,0,0,0,TE,TE,david_sloan,18.0,0.0,1.0
1997,DET,Pete Metzelaars,Pete,Metzelaars,TE,89.0,37,79,254,Wabash,5/24/1960,15,16,6,1.0,1982.0,0,0,0,TE,TE,pete_metzelaars,28.0,0.0,0.0
1997,DET,Pete Metzelaars,Pete,Metzelaars,TE,89.0,37,79,254,Wabash,5/24/1960,15,16,6,1.0,1982.0,0,0,0,TE,TE,pete_metzelaars,28.0,0.0,0.0
1997,DET,Pete Chryplewicz,Pete,Chryplewicz,TE,81.0,23,77,253,Notre Dame,4/27/1974,Rook,10,0,0.0,1997.0,0,0,0,TE,TE,pete_chryplewicz,0.0,0.0,0.0
1997,DET,Kevin Hickman,Kevin,Hickman,TE,82.0,26,76,258,Navy,8/20/1971,2,4,0,0.0,1995.0,0,0,0,TE,TE,kevin_hickman,0.0,0.0,0.0
1997,DET,Eric Stocz,Eric,Stocz,TE,82.0,23,76,258,Westminster (PA),5/25/1974,1,6,0,0.0,,0,0,0,TE,TE,eric_stocz,0.0,0.0,0.0
1997,DET,Pete Chryplewicz,Pete,Chryplewicz,TE,81.0,23,77,253,Notre Dame,4/27/1974,Rook,10,0,0.0,1997.0,0,0,0,TE,TE,pete_chryplewicz,0.0,0.0,0.0
1997,DET,Kevin Hickman,Kevin,Hickman,TE,82.0,26,76,258,Navy,8/20/1971,2,4,0,0.0,1995.0,0,0,0,TE,TE,kevin_hickman,0.0,0.0,0.0
1997,DET,Eric Stocz,Eric,Stocz,TE,82.0,23,76,258,Westminster (PA),5/25/1974,1,6,0,0.0,,0,0,0,TE,TE,eric_stocz,0.0,0.0,0.0
1997,GNB,Mark Chmura,Mark,Chmura,TE,89.0,28,77,248,Boston Col.,2/22/1969,4,15,14,5.0,1992.0,0,0,0,TE,TE,mark_chmura,22.0,0.0,3.0
1997,GNB,Mark Chmura,Mark,Chmura,TE,89.0,28,77,248,Boston Col.,2/22/1969,4,15,14,5.0,1992.0,0,0,0,TE,TE,mark_chmura,22.0,0.0,3.0
1997,GNB,Jeff Thomason,Jeff,Thomason,TE,83.0,28,77,255,Oregon,12/30/1969,5,13,1,1.0,,0,0,0,TE,TE,jeff_thomason,0.0,0.0,0.0
1997,GNB,Jeff Thomason,Jeff,Thomason,TE,83.0,28,77,255,Oregon,12/30/1969,5,13,1,1.0,,0,0,0,TE,TE,jeff_thomason,0.0,0.0,0.0
1997,GNB,Tyrone Davis,Tyrone,Davis,TE,81.0,25,76,240,Virginia,6/30/1972,2,13,0,0.0,1995.0,0,0,0,TE,TE,tyrone_davis,0.0,0.0,0.0
1997,GNB,Tyrone Davis,Tyrone,Davis,TE,81.0,25,76,240,Virginia,6/30/1972,2,13,0,0.0,1995.0,0,0,0,TE,TE,tyrone_davis,8.0,0.0,0.0
1997,GNB,Reggie Johnson,Reggie,Johnson,TE,88.0,29,74,256,Florida St.,1/27/1968,6,4,0,0.0,1991.0,0,0,0,TE,TE,reggie_johnson,8.0,0.0,0.0
1997,GNB,Reggie Johnson,Reggie,Johnson,TE,88.0,29,74,256,Florida St.,1/27/1968,6,4,0,0.0,1991.0,0,0,0,TE,TE,reggie_johnson,0.0,0.0,0.0
1997,GNB,Tyrone Davis,Tyrone,Davis,TE,81.0,25,76,240,Virginia,6/30/1972,2,13,0,0.0,1995.0,0,0,0,TE,TE,tyrone_davis,0.0,0.0,0.0
1997,GNB,Tyrone Davis,Tyrone,Davis,TE,81.0,25,76,240,Virginia,6/30/1972,2,13,0,0.0,1995.0,0,0,0,TE,TE,tyrone_davis,8.0,0.0,0.0
1997,GNB,Reggie Johnson,Reggie,Johnson,TE,88.0,29,74,256,Florida St.,1/27/1968,6,4,0,0.0,1991.0,0,0,0,TE,TE,reggie_johnson,8.0,0.0,0.0
1997,GNB,Reggie Johnson,Reggie,Johnson,TE,88.0,29,74,256,Florida St.,1/27/1968,6,4,0,0.0,1991.0,0,0,0,TE,TE,reggie_johnson,0.0,0.0,0.0
1997,JAX,Pete Mitchell,Pete,Mitchell,TE,83.0,26,74,243,Boston Col.,10/9/1971,2,16,12,4.0,1995.0,0,0,0,TE,TE,pete_mitchell,23.0,0.0,0.0
1997,JAX,Pete Mitchell,Pete,Mitchell,TE,83.0,26,74,243,Boston Col.,10/9/1971,2,16,12,4.0,1995.0,0,0,0,TE,TE,pete_mitchell,23.0,0.0,0.0
1997,JAX,Derek Brown,Derek,Brown,TE,86.0,27,78,259,Notre Dame,3/31/1970,5,13,8,1.0,1992.0,0,0,0,TE,TE,derek_brown,4.0,0.0,0.0
1997,JAX,Derek Brown,Derek,Brown,TE,86.0,27,78,259,Notre Dame,3/31/1970,5,13,8,1.0,1992.0,0,0,0,TE,TE,derek_brown,17.0,0.0,0.0
1997,JAX,Damon Jones,Damon,Jones,TE,88.0,23,77,270,"Michigan,Southern Illinois",9/18/1974,Rook,11,3,1.0,1997.0,0,0,0,TE,TE,damon_jones,5.0,0.0,0.0
1997,JAX,Derek Brown,Derek,Brown,TE,86.0,27,78,259,Notre Dame,3/31/1970,5,13,8,1.0,1992.0,0,0,0,TE,TE,derek_brown,4.0,0.0,0.0
1997,JAX,Derek Brown,Derek,Brown,TE,86.0,27,78,259,Notre Dame,3/31/1970,5,13,8,1.0,1992.0,0,0,0,TE,TE,derek_brown,17.0,0.0,0.0
1997,JAX,Damon Jones,Damon,Jones,TE,88.0,23,77,270,"Michigan,Southern Illinois",9/18/1974,Rook,11,3,1.0,1997.0,0,0,0,TE,TE,damon_jones,5.0,0.0,0.0
1997,JAX,Rich Griffith,Rich,Griffith,TE,85.0,28,77,262,Arizona,7/31/1969,4,16,1,0.0,1993.0,0,0,0,TE,TE,rich_griffith,2.0,0.0,0.0
1997,JAX,Rich Griffith,Rich,Griffith,TE,85.0,28,77,262,Arizona,7/31/1969,4,16,1,0.0,1993.0,0,0,0,TE,TE,rich_griffith,2.0,0.0,0.0
1997,KAN,Tony Gonzalez,Tony,Gonzalez,TE,88.0,21,77,247,California,2/27/1976,Rook,16,0,4.0,1997.0,0,0,0,TE,TE,tony_gonzalez,95.0,6.0,14.0
1997,KAN,Tony Gonzalez,Tony,Gonzalez,TE,88.0,21,77,247,California,2/27/1976,Rook,16,0,4.0,1997.0,0,0,0,TE,TE,tony_gonzalez,95.0,6.0,14.0
1997,KAN,Ted Popson,Ted,Popson,TE,48.0,31,76,250,Portland St.,9/10/1966,3,13,12,3.0,1991.0,0,0,0,TE,TE,ted_popson,9.0,0.0,0.0
1997,KAN,Ted Popson,Ted,Popson,TE,48.0,31,76,250,Portland St.,9/10/1966,3,13,12,3.0,1991.0,0,0,0,TE,TE,ted_popson,9.0,0.0,0.0
1997,KAN,Derrick Walker,Derrick,Walker,TE,82.0,30,72,246,Michigan,6/23/1967,7,16,5,1.0,1990.0,0,0,0,TE,TE,derrick_walker,16.0,0.0,0.0
1997,KAN,Derrick Walker,Derrick,Walker,TE,82.0,30,72,246,Michigan,6/23/1967,7,16,5,1.0,1990.0,0,0,0,TE,TE,derrick_walker,16.0,0.0,0.0
1997,KAN,Alfred Pupunu,Alfred,Pupunu,TE,85.0,28,74,260,Weber St.,10/17/1969,5,1,0,0.0,,0,0,0,TE,TE,alfred_pupunu,0.0,0.0,0.0
1997,KAN,Alfred Pupunu,Alfred,Pupunu,TE,85.0,28,74,260,Weber St.,10/17/1969,5,1,0,0.0,,0,0,0,TE,TE,alfred_pupunu,0.0,0.0,0.0
1997,MIA,Troy Drayton,Troy,Drayton,TE,84.0,27,75,260,Penn St.,6/29/1970,4,16,15,6.0,1993.0,0,0,0,TE,TE,troy_drayton,21.0,0.0,0.0
1997,MIA,Troy Drayton,Troy,Drayton,TE,84.0,27,75,260,Penn St.,6/29/1970,4,16,15,6.0,1993.0,0,0,0,TE,TE,troy_drayton,21.0,0.0,0.0
1997,MIA,Ed Perry,Ed,Perry,TE,89.0,23,76,265,James Madison,9/1/1974,Rook,16,4,0.0,1997.0,0,0,0,TE,TE,ed_perry,2.0,0.0,0.0
1997,MIA,Ed Perry,Ed,Perry,TE,89.0,23,76,265,James Madison,9/1/1974,Rook,16,4,0.0,1997.0,0,0,0,TE,TE,ed_perry,2.0,0.0,0.0
1997,MIN,Andrew Glover,Andrew,Glover,TE,82.0,30,78,250,Grambling St.,8/12/1967,6,13,11,4.0,1991.0,0,0,0,TE,TE,andrew_glover,22.0,0.0,0.0
1997,MIN,Andrew Glover,Andrew,Glover,TE,82.0,30,78,250,Grambling St.,8/12/1967,6,13,11,4.0,1991.0,0,0,0,TE,TE,andrew_glover,22.0,0.0,0.0
1997,MIN,Greg DeLong,Greg,DeLong,TE,85.0,24,76,250,North Carolina,4/3/1973,2,16,3,1.0,,0,0,0,TE,TE,greg_delong,0.0,0.0,0.0
1997,MIN,Hunter Goodwin,Hunter,Goodwin,TE,87.0,25,77,268,"Texas A&M-Kingsville,Texas A&M",10/10/1972,1,16,5,1.0,1996.0,0,0,0,TE,TE,hunter_goodwin,1.0,0.0,0.0
1997,MIN,Greg DeLong,Greg,DeLong,TE,85.0,24,76,250,North Carolina,4/3/1973,2,16,3,1.0,,0,0,0,TE,TE,greg_delong,0.0,0.0,0.0
1997,MIN,Hunter Goodwin,Hunter,Goodwin,TE,87.0,25,77,268,"Texas A&M-Kingsville,Texas A&M",10/10/1972,1,16,5,1.0,1996.0,0,0,0,TE,TE,hunter_goodwin,1.0,0.0,0.0
1997,MIN,Andrew Jordan,Andrew,Jordan,TE,89.0,25,78,260,Western Carolina,6/21/1972,3,2,0,0.0,1994.0,0,0,0,TE,TE,andrew_jordan,7.0,0.0,0.0
1997,MIN,Andrew Jordan,Andrew,Jordan,TE,89.0,25,78,260,Western Carolina,6/21/1972,3,2,0,0.0,1994.0,0,0,0,TE,TE,andrew_jordan,7.0,0.0,0.0
1997,NOR,John Farquhar,John,Farquhar,TE,87.0,25,78,278,Duke,3/22/1972,1,11,8,2.0,,0,0,0,TE,TE,john_farquhar,0.0,0.0,0.0
1997,NOR,John Farquhar,John,Farquhar,TE,87.0,25,78,278,Duke,3/22/1972,1,11,8,2.0,,0,0,0,TE,TE,john_farquhar,0.0,0.0,0.0
1997,NOR,Irv Smith,Irv,Smith,TE,82.0,26,75,249,Notre Dame,10/13/1971,4,11,8,1.0,1993.0,0,0,0,TE,TE,irv_smith,14.0,0.0,0.0
1997,NOR,Irv Smith,Irv,Smith,TE,82.0,26,75,249,Notre Dame,10/13/1971,4,11,8,1.0,1993.0,0,0,0,TE,TE,irv_smith,14.0,0.0,0.0
1997,NOR,Tony Johnson,Tony,Johnson,TE,86.0,25,77,255,Alabama,2/5/1972,1,7,1,0.0,1996.0,0,0,0,TE,TE,tony_johnson,1.0,0.0,0.0
1997,NOR,Nick Savoie,Nick,Savoie,TE,85.0,24,77,253,"Mississippi Gulf Coast CC,LSU",9/21/1973,Rook,1,0,0.0,1997.0,0,0,0,TE,TE,nick_savoie,0.0,0.0,0.0
1997,NOR,Tony Johnson,Tony,Johnson,TE,86.0,25,77,255,Alabama,2/5/1972,1,7,1,0.0,1996.0,0,0,0,TE,TE,tony_johnson,1.0,0.0,0.0
1997,NOR,Nick Savoie,Nick,Savoie,TE,85.0,24,77,253,"Mississippi Gulf Coast CC,LSU",9/21/1973,Rook,1,0,0.0,1997.0,0,0,0,TE,TE,nick_savoie,0.0,0.0,0.0
1997,NWE,Ben Coates,Ben,Coates,TE,87.0,28,77,245,Livingstone,8/16/1969,6,16,16,8.0,1991.0,0,0,0,TE,TE,ben_coates,43.0,2.0,5.0
1997,NWE,Ben Coates,Ben,Coates,TE,87.0,28,77,245,Livingstone,8/16/1969,6,16,16,8.0,1991.0,0,0,0,TE,TE,ben_coates,43.0,2.0,5.0
1997,NWE,Lovett Purnell,Lovett,Purnell,TE,85.0,25,75,245,West Virginia,4/7/1972,1,16,2,1.0,1996.0,0,0,0,TE,TE,lovett_purnell,2.0,0.0,0.0
1997,NWE,Lovett Purnell,Lovett,Purnell,TE,85.0,25,75,245,West Virginia,4/7/1972,1,16,2,1.0,1996.0,0,0,0,TE,TE,lovett_purnell,2.0,0.0,0.0
1997,NYG,Howard Cross,Howard,Cross,TE,87.0,30,77,270,Alabama,8/8/1967,8,16,16,1.0,1989.0,0,0,0,TE,TE,howard_cross,17.0,0.0,0.0
1997,NYG,Howard Cross,Howard,Cross,TE,87.0,30,77,270,Alabama,8/8/1967,8,16,16,1.0,1989.0,0,0,0,TE,TE,howard_cross,17.0,0.0,0.0
1997,NYG,Aaron Pierce,Aaron,Pierce,TE,84.0,28,77,252,Washington,9/6/1969,5,16,4,0.0,1992.0,0,0,0,TE,TE,aaron_pierce,8.0,0.0,0.0
1997,NYG,Alfred Pupunu,Alfred,Pupunu,TE,85.0,28,74,260,Weber St.,10/17/1969,5,0,0,0.0,,0,0,0,TE,TE,alfred_pupunu,0.0,0.0,0.0
1997,NYG,Aaron Pierce,Aaron,Pierce,TE,84.0,28,77,252,Washington,9/6/1969,5,16,4,0.0,1992.0,0,0,0,TE,TE,aaron_pierce,8.0,0.0,0.0
1997,NYG,Alfred Pupunu,Alfred,Pupunu,TE,85.0,28,74,260,Weber St.,10/17/1969,5,0,0,0.0,,0,0,0,TE,TE,alfred_pupunu,0.0,0.0,0.0
1997,NYJ,Fred Baxter,Fred,Baxter,TE,84.0,26,75,268,Auburn,6/14/1971,4,16,9,3.0,1993.0,0,0,0,TE,TE,fred_baxter,7.0,0.0,0.0
1997,NYJ,Fred Baxter,Fred,Baxter,TE,84.0,26,75,268,Auburn,6/14/1971,4,16,9,3.0,1993.0,0,0,0,TE,TE,fred_baxter,7.0,0.0,0.0
1997,NYJ,Kyle Brady,Kyle,Brady,TE,88.0,25,78,278,Penn St.,1/14/1972,2,16,14,2.0,1995.0,0,0,0,TE,TE,kyle_brady,26.0,0.0,0.0
1997,NYJ,Kyle Brady,Kyle,Brady,TE,88.0,25,78,278,Penn St.,1/14/1972,2,16,14,2.0,1995.0,0,0,0,TE,TE,kyle_brady,26.0,0.0,0.0
1997,NYJ,John Burke,John,Burke,TE,85.0,26,75,248,Virginia Tech,9/7/1971,3,7,1,0.0,1994.0,0,0,0,TE,TE,john_burke,2.0,0.0,0.0
1997,NYJ,John Burke,John,Burke,TE,85.0,26,75,248,Virginia Tech,9/7/1971,3,7,1,0.0,1994.0,0,0,0,TE,TE,john_burke,2.0,0.0,0.0
1997,OTI,Frank Wycheck,Frank,Wycheck,TE,89.0,26,75,253,Maryland,10/14/1971,4,16,16,8.0,1993.0,0,0,0,TE,TE,frank_wycheck,43.0,0.0,3.0
1997,OTI,Frank Wycheck,Frank,Wycheck,TE,89.0,26,75,253,Maryland,10/14/1971,4,16,16,8.0,1993.0,0,0,0,TE,TE,frank_wycheck,43.0,0.0,3.0
1997,OTI,Frank Wycheck,Frank,Wycheck,TE,89.0,26,75,253,Maryland,10/14/1971,4,16,16,8.0,1993.0,0,0,0,TE,TE,frank_wycheck,43.0,0.0,3.0
1997,OTI,Frank Wycheck,Frank,Wycheck,TE,89.0,26,75,253,Maryland,10/14/1971,4,16,16,8.0,1993.0,0,0,0,TE,TE,frank_wycheck,43.0,0.0,3.0
1997,OTI,Michael Roan,Michael,Roan,TE,80.0,25,75,251,Wisconsin,8/29/1972,2,14,13,2.0,1995.0,0,0,0,TE,TE,michael_roan,4.0,0.0,0.0
1997,OTI,Michael Roan,Michael,Roan,TE,80.0,25,75,251,Wisconsin,8/29/1972,2,14,13,2.0,1995.0,0,0,0,TE,TE,michael_roan,4.0,0.0,0.0
1997,OTI,Michael Roan,Michael,Roan,TE,80.0,25,75,251,Wisconsin,8/29/1972,2,14,13,2.0,1995.0,0,0,0,TE,TE,michael_roan,4.0,0.0,0.0
1997,OTI,Michael Roan,Michael,Roan,TE,80.0,25,75,251,Wisconsin,8/29/1972,2,14,13,2.0,1995.0,0,0,0,TE,TE,michael_roan,4.0,0.0,0.0
1997,OTI,Roderick Lewis,Roderick,Lewis,TE,88.0,26,77,254,Arizona,6/9/1971,3,10,1,0.0,1994.0,0,0,0,TE,TE,roderick_lewis,2.0,0.0,0.0
1997,OTI,James McKeehan,James,McKeehan,TE,87.0,24,75,251,Texas A&M,8/9/1973,1,10,0,0.0,,0,0,0,TE,TE,james_mckeehan,0.0,0.0,0.0
1997,OTI,Roderick Lewis,Roderick,Lewis,TE,88.0,26,77,254,Arizona,6/9/1971,3,10,1,0.0,1994.0,0,0,0,TE,TE,roderick_lewis,2.0,0.0,0.0
1997,OTI,James McKeehan,James,McKeehan,TE,87.0,24,75,251,Texas A&M,8/9/1973,1,10,0,0.0,,0,0,0,TE,TE,james_mckeehan,0.0,0.0,0.0
1997,OTI,Roderick Lewis,Roderick,Lewis,TE,88.0,26,77,254,Arizona,6/9/1971,3,10,1,0.0,1994.0,0,0,0,TE,TE,roderick_lewis,2.0,0.0,0.0
1997,OTI,James McKeehan,James,McKeehan,TE,87.0,24,75,251,Texas A&M,8/9/1973,1,10,0,0.0,,0,0,0,TE,TE,james_mckeehan,0.0,0.0,0.0
1997,OTI,Roderick Lewis,Roderick,Lewis,TE,88.0,26,77,254,Arizona,6/9/1971,3,10,1,0.0,1994.0,0,0,0,TE,TE,roderick_lewis,2.0,0.0,0.0
1997,OTI,James McKeehan,James,McKeehan,TE,87.0,24,75,251,Texas A&M,8/9/1973,1,10,0,0.0,,0,0,0,TE,TE,james_mckeehan,0.0,0.0,0.0
1997,PHI,Jason Dunn,Jason,Dunn,TE,87.0,24,78,276,Eastern Kentucky,11/15/1973,1,15,4,1.0,1996.0,0,0,0,TE,TE,jason_dunn,7.0,0.0,0.0
1997,PHI,Jimmie Johnson,Jimmie,Johnson,TE,88.0,31,74,252,Howard,10/6/1966,8,16,11,1.0,1989.0,0,0,0,TE,TE,jimmie_johnson,5.0,0.0,0.0
1997,PHI,Chad Lewis,Chad,Lewis,TE,89.0,26,78,252,BYU,10/5/1971,Rook,16,3,1.0,,0,0,0,TE,TE,chad_lewis,0.0,0.0,0.0
1997,PHI,Jason Dunn,Jason,Dunn,TE,87.0,24,78,276,Eastern Kentucky,11/15/1973,1,15,4,1.0,1996.0,0,0,0,TE,TE,jason_dunn,7.0,0.0,0.0
1997,PHI,Jimmie Johnson,Jimmie,Johnson,TE,88.0,31,74,252,Howard,10/6/1966,8,16,11,1.0,1989.0,0,0,0,TE,TE,jimmie_johnson,5.0,0.0,0.0
1997,PHI,Chad Lewis,Chad,Lewis,TE,89.0,26,78,252,BYU,10/5/1971,Rook,16,3,1.0,,0,0,0,TE,TE,chad_lewis,0.0,0.0,0.0
1997,PIT,Mark Bruener,Mark,Bruener,TE,87.0,25,76,260,Washington,9/16/1972,2,16,16,1.0,1995.0,0,0,0,TE,TE,mark_bruener,10.0,0.0,0.0
1997,PIT,Mark Bruener,Mark,Bruener,TE,87.0,25,76,260,Washington,9/16/1972,2,16,16,1.0,1995.0,0,0,0,TE,TE,mark_bruener,10.0,0.0,0.0
1997,PIT,Kirk Botkin,Kirk,Botkin,TE,84.0,26,75,245,Arkansas,3/19/1971,3,13,1,0.0,,0,0,0,TE,TE,kirk_botkin,0.0,0.0,0.0
1997,PIT,Mitch Lyons,Mitch,Lyons,TE,85.0,27,77,265,Michigan St.,5/13/1970,4,10,3,0.0,1993.0,0,0,0,TE,TE,mitch_lyons,3.0,0.0,0.0
1997,PIT,Troy Sadowski,Troy,Sadowski,TE,46.0,32,77,255,Georgia,12/8/1965,7,6,0,0.0,1989.0,0,0,0,TE,TE,troy_sadowski,0.0,0.0,0.0
1997,PIT,Kirk Botkin,Kirk,Botkin,TE,84.0,26,75,245,Arkansas,3/19/1971,3,13,1,0.0,,0,0,0,TE,TE,kirk_botkin,0.0,0.0,0.0
1997,PIT,Mitch Lyons,Mitch,Lyons,TE,85.0,27,77,265,Michigan St.,5/13/1970,4,10,3,0.0,1993.0,0,0,0,TE,TE,mitch_lyons,3.0,0.0,0.0
1997,PIT,Troy Sadowski,Troy,Sadowski,TE,46.0,32,77,255,Georgia,12/8/1965,7,6,0,0.0,1989.0,0,0,0,TE,TE,troy_sadowski,0.0,0.0,0.0
1997,RAI,Rickey Dudley,Rickey,Dudley,TE,83.0,25,78,255,Ohio St.,7/15/1972,1,16,16,7.0,1996.0,0,0,0,TE,TE,rickey_dudley,25.0,0.0,0.0
1997,RAI,Rickey Dudley,Rickey,Dudley,TE,83.0,25,78,255,Ohio St.,7/15/1972,1,16,16,7.0,1996.0,0,0,0,TE,TE,rickey_dudley,25.0,0.0,0.0
1997,RAI,Bob Rosenstiel,Bob,Rosenstiel,TE,89.0,23,75,240,Eastern Illinois,2/7/1974,Rook,4,0,0.0,,0,0,0,TE,TE,bob_rosenstiel,0.0,0.0,0.0
1997,RAI,Bob Rosenstiel,Bob,Rosenstiel,TE,89.0,23,75,240,Eastern Illinois,2/7/1974,Rook,4,0,0.0,,0,0,0,TE,TE,bob_rosenstiel,0.0,0.0,0.0
1997,RAM,Ernie Conwell,Ernie,Conwell,TE,84.0,25,74,255,Washington,8/17/1972,1,16,16,3.0,1996.0,0,0,0,TE,TE,ernie_conwell,17.0,0.0,0.0
1997,RAM,Ernie Conwell,Ernie,Conwell,TE,84.0,25,74,255,Washington,8/17/1972,1,16,16,3.0,1996.0,0,0,0,TE,TE,ernie_conwell,17.0,0.0,0.0
1997,RAM,Mitch Jacoby,Mitch,Jacoby,TE,89.0,24,76,260,Northern Illinois,12/8/1973,Rook,14,2,0.0,,0,0,0,TE,TE,mitch_jacoby,0.0,0.0,0.0
1997,RAM,Aaron Laing,Aaron,Laing,TE,86.0,26,75,260,"Lamar,New Mexico St.",7/19/1971,3,15,3,0.0,1994.0,0,0,0,TE,TE,aaron_laing,1.0,0.0,0.0
1997,RAM,Mitch Jacoby,Mitch,Jacoby,TE,89.0,24,76,260,Northern Illinois,12/8/1973,Rook,14,2,0.0,,0,0,0,TE,TE,mitch_jacoby,0.0,0.0,0.0
1997,RAM,Aaron Laing,Aaron,Laing,TE,86.0,26,75,260,"Lamar,New Mexico St.",7/19/1971,3,15,3,0.0,1994.0,0,0,0,TE,TE,aaron_laing,1.0,0.0,0.0
1997,RAV,Eric Green,Eric,Green,TE,86.0,30,77,280,Liberty,6/22/1967,7,16,15,4.0,1990.0,0,0,0,TE,TE,eric_green,32.0,0.0,2.0
1997,RAV,Eric Green,Eric,Green,TE,86.0,30,77,280,Liberty,6/22/1967,7,16,15,4.0,1990.0,0,0,0,TE,TE,eric_green,12.0,0.0,0.0
1997,RAV,Eric Green,Eric,Green,TE,86.0,30,77,280,Liberty,6/22/1967,7,16,15,4.0,1990.0,0,0,0,TE,TE,eric_green,32.0,0.0,2.0
1997,RAV,Eric Green,Eric,Green,TE,86.0,30,77,280,Liberty,6/22/1967,7,16,15,4.0,1990.0,0,0,0,TE,TE,eric_green,12.0,0.0,0.0
1997,RAV,Brian Kinchen,Brian,Kinchen,TE,88.0,32,74,240,LSU,8/6/1965,9,16,7,1.0,1988.0,0,0,0,TE,TE,brian_kinchen,15.0,0.0,0.0
1997,RAV,Brian Kinchen,Brian,Kinchen,TE,88.0,32,74,240,LSU,8/6/1965,9,16,7,1.0,1988.0,0,0,0,TE,TE,brian_kinchen,15.0,0.0,0.0
1997,RAV,A.J. Ofodile,A.J.,Ofodile,TE,89.0,24,78,260,Missouri,10/9/1973,Rook,12,0,0.0,1994.0,0,0,0,TE,TE,a.j._ofodile,0.0,0.0,0.0
1997,RAV,A.J. Ofodile,A.J.,Ofodile,TE,89.0,24,78,260,Missouri,10/9/1973,Rook,12,0,0.0,1994.0,0,0,0,TE,TE,a.j._ofodile,0.0,0.0,0.0
1997,SDG,Freddie Jones,Freddie,Jones,TE,88.0,23,76,260,North Carolina,9/16/1974,Rook,13,8,3.0,1997.0,0,0,0,TE,TE,freddie_jones,26.0,0.0,0.0
1997,SDG,Freddie Jones,Freddie,Jones,TE,88.0,23,76,260,North Carolina,9/16/1974,Rook,13,8,3.0,1997.0,0,0,0,TE,TE,freddie_jones,26.0,0.0,0.0
1997,SDG,Frank Hartley,Frank,Hartley,TE,89.0,30,74,268,Illinois,12/15/1967,3,16,16,2.0,,0,0,0,TE,TE,frank_hartley,0.0,0.0,0.0
1997,SDG,Frank Hartley,Frank,Hartley,TE,89.0,30,74,268,Illinois,12/15/1967,3,16,16,2.0,,0,0,0,TE,TE,frank_hartley,0.0,0.0,0.0
1997,SDG,Shannon Mitchell,Shannon,Mitchell,TE,86.0,25,74,245,Georgia,3/28/1972,3,4,1,0.0,,0,0,0,TE,TE,shannon_mitchell,0.0,0.0,0.0
1997,SDG,Alfred Pupunu,Alfred,Pupunu,TE,86.0,28,74,260,Weber St.,10/17/1969,5,8,1,0.0,,0,0,0,TE,TE,alfred_pupunu,0.0,0.0,0.0
1997,SDG,Brian Roche,Brian,Roche,TE,87.0,24,76,255,"Cal Poly-San Luis Obispo,San Jose St.",5/5/1973,1,5,0,0.0,1996.0,0,0,0,TE,TE,brian_roche,1.0,0.0,0.0
1997,SDG,Shannon Mitchell,Shannon,Mitchell,TE,86.0,25,74,245,Georgia,3/28/1972,3,4,1,0.0,,0,0,0,TE,TE,shannon_mitchell,0.0,0.0,0.0
1997,SDG,Alfred Pupunu,Alfred,Pupunu,TE,86.0,28,74,260,Weber St.,10/17/1969,5,8,1,0.0,,0,0,0,TE,TE,alfred_pupunu,0.0,0.0,0.0
1997,SDG,Brian Roche,Brian,Roche,TE,87.0,24,76,255,"Cal Poly-San Luis Obispo,San Jose St.",5/5/1973,1,5,0,0.0,1996.0,0,0,0,TE,TE,brian_roche,1.0,0.0,0.0
1997,SEA,Carlester Crumpler,Carlester,Crumpler,TE,87.0,26,78,260,East Carolina,9/5/1971,3,15,12,3.0,1994.0,0,0,0,TE,TE,carlester_crumpler,0.0,0.0,0.0
1997,SEA,Carlester Crumpler,Carlester,Crumpler,TE,87.0,26,78,260,East Carolina,9/5/1971,3,15,12,3.0,1994.0,0,0,0,TE,TE,carlester_crumpler,7.0,0.0,0.0
1997,SEA,Carlester Crumpler,Carlester,Crumpler,TE,87.0,26,78,260,East Carolina,9/5/1971,3,15,12,3.0,1994.0,0,0,0,TE,TE,carlester_crumpler,0.0,0.0,0.0
1997,SEA,Carlester Crumpler,Carlester,Crumpler,TE,87.0,26,78,260,East Carolina,9/5/1971,3,15,12,3.0,1994.0,0,0,0,TE,TE,carlester_crumpler,7.0,0.0,0.0
1997,SEA,Christian Fauria,Christian,Fauria,TE,86.0,26,76,250,Colorado,9/22/1971,2,16,3,1.0,1995.0,0,0,0,TE,TE,christian_fauria,17.0,0.0,0.0
1997,SEA,Christian Fauria,Christian,Fauria,TE,86.0,26,76,250,Colorado,9/22/1971,2,16,3,1.0,1995.0,0,0,0,TE,TE,christian_fauria,17.0,0.0,0.0
1997,SEA,Deems May,Deems,May,TE,88.0,28,76,263,North Carolina,3/6/1969,5,16,0,0.0,1992.0,0,0,0,TE,TE,deems_may,2.0,0.0,0.0
1997,SEA,Deems May,Deems,May,TE,88.0,28,76,263,North Carolina,3/6/1969,5,16,0,0.0,1992.0,0,0,0,TE,TE,deems_may,2.0,0.0,0.0
1997,SFO,Brent Jones,Brent,Jones,TE,84.0,34,76,230,Santa Clara,2/12/1963,10,13,12,4.0,1986.0,0,0,0,TE,TE,brent_jones,50.0,0.0,4.0
1997,SFO,Brent Jones,Brent,Jones,TE,84.0,34,76,230,Santa Clara,2/12/1963,10,13,12,4.0,1986.0,0,0,0,TE,TE,brent_jones,50.0,0.0,4.0
1997,SFO,Greg Clark,Greg,Clark,TE,85.0,25,76,251,Stanford,4/7/1972,Rook,15,4,1.0,1997.0,0,0,0,TE,TE,greg_clark,6.0,0.0,0.0
1997,SFO,Greg Clark,Greg,Clark,TE,85.0,25,76,251,Stanford,4/7/1972,Rook,15,4,1.0,1997.0,0,0,0,TE,TE,greg_clark,9.0,0.0,0.0
1997,SFO,Chad Fann,Chad,Fann,TE,86.0,27,75,252,"Mississippi,Florida A&M",6/7/1970,4,11,0,1.0,,0,0,0,TE,TE,chad_fann,0.0,0.0,0.0
1997,SFO,Greg Clark,Greg,Clark,TE,85.0,25,76,251,Stanford,4/7/1972,Rook,15,4,1.0,1997.0,0,0,0,TE,TE,greg_clark,6.0,0.0,0.0
1997,SFO,Greg Clark,Greg,Clark,TE,85.0,25,76,251,Stanford,4/7/1972,Rook,15,4,1.0,1997.0,0,0,0,TE,TE,greg_clark,9.0,0.0,0.0
1997,SFO,Chad Fann,Chad,Fann,TE,86.0,27,75,252,"Mississippi,Florida A&M",6/7/1970,4,11,0,1.0,,0,0,0,TE,TE,chad_fann,0.0,0.0,0.0
1997,TAM,Jackie Harris,Jackie,Harris,TE,80.0,29,76,244,La-Monroe,1/4/1968,7,12,11,3.0,1990.0,0,0,0,TE,TE,jackie_harris,33.0,0.0,0.0
1997,TAM,Dave Moore,Dave,Moore,TE,83.0,28,74,250,Pittsburgh,11/11/1969,5,16,7,3.0,1992.0,0,0,0,TE,TE,dave_moore,18.0,0.0,1.0
1997,TAM,Jackie Harris,Jackie,Harris,TE,80.0,29,76,244,La-Monroe,1/4/1968,7,12,11,3.0,1990.0,0,0,0,TE,TE,jackie_harris,33.0,0.0,0.0
1997,TAM,Dave Moore,Dave,Moore,TE,83.0,28,74,250,Pittsburgh,11/11/1969,5,16,7,3.0,1992.0,0,0,0,TE,TE,dave_moore,18.0,0.0,1.0
1997,TAM,John Davis,John,Davis,TE,87.0,24,76,257,"Cisco (TX),Emporia St.",5/14/1973,1,8,2,0.0,,0,0,0,TE,TE,john_davis,0.0,0.0,0.0
1997,TAM,John Davis,John,Davis,TE,87.0,24,76,257,"Cisco (TX),Emporia St.",5/14/1973,1,8,2,0.0,,0,0,0,TE,TE,john_davis,0.0,0.0,0.0
1997,TAM,John Davis,John,Davis,TE,87.0,24,76,257,"Cisco (TX),Emporia St.",5/14/1973,1,8,2,0.0,,0,0,0,TE,TE,john_davis,31.0,0.0,0.0
1997,TAM,John Davis,John,Davis,TE,87.0,24,76,257,"Cisco (TX),Emporia St.",5/14/1973,1,8,2,0.0,,0,0,0,TE,TE,john_davis,0.0,0.0,1.0
1997,TAM,Patrick Hape,Patrick,Hape,TE,82.0,23,76,262,Alabama,6/6/1974,Rook,14,3,0.0,1997.0,0,0,0,TE,TE,patrick_hape,1.0,0.0,0.0
1997,TAM,Andrew Jordan,Andrew,Jordan,TE,48.0,25,78,260,Western Carolina,6/21/1972,3,2,0,0.0,1994.0,0,0,0,TE,TE,andrew_jordan,7.0,0.0,0.0
1997,TAM,John Davis,John,Davis,TE,87.0,24,76,257,"Cisco (TX),Emporia St.",5/14/1973,1,8,2,0.0,,0,0,0,TE,TE,john_davis,0.0,0.0,0.0
1997,TAM,John Davis,John,Davis,TE,87.0,24,76,257,"Cisco (TX),Emporia St.",5/14/1973,1,8,2,0.0,,0,0,0,TE,TE,john_davis,0.0,0.0,0.0
1997,TAM,John Davis,John,Davis,TE,87.0,24,76,257,"Cisco (TX),Emporia St.",5/14/1973,1,8,2,0.0,,0,0,0,TE,TE,john_davis,31.0,0.0,0.0
1997,TAM,John Davis,John,Davis,TE,87.0,24,76,257,"Cisco (TX),Emporia St.",5/14/1973,1,8,2,0.0,,0,0,0,TE,TE,john_davis,0.0,0.0,1.0
1997,TAM,Patrick Hape,Patrick,Hape,TE,82.0,23,76,262,Alabama,6/6/1974,Rook,14,3,0.0,1997.0,0,0,0,TE,TE,patrick_hape,1.0,0.0,0.0
1997,TAM,Andrew Jordan,Andrew,Jordan,TE,48.0,25,78,260,Western Carolina,6/21/1972,3,2,0,0.0,1994.0,0,0,0,TE,TE,andrew_jordan,7.0,0.0,0.0
1997,WAS,Jamie Asher,Jamie,Asher,TE,84.0,25,75,245,Louisville,10/31/1972,2,16,13,4.0,1995.0,0,0,0,TE,TE,jamie_asher,13.0,0.0,0.0
1997,WAS,Jamie Asher,Jamie,Asher,TE,84.0,25,75,245,Louisville,10/31/1972,2,16,13,4.0,1995.0,0,0,0,TE,TE,jamie_asher,13.0,0.0,0.0
1997,WAS,David Frisch,David,Frisch,TE,80.0,27,79,260,"Iowa Central,Missouri,Colorado St.",6/22/1970,4,2,0,0.0,,0,0,0,TE,TE,david_frisch,0.0,0.0,0.0
1997,WAS,James Jenkins,James,Jenkins,TE,88.0,30,74,243,Rutgers,8/17/1967,6,16,5,0.0,,0,0,0,TE,TE,james_jenkins,0.0,0.0,0.0
1997,WAS,David Frisch,David,Frisch,TE,80.0,27,79,260,"Iowa Central,Missouri,Colorado St.",6/22/1970,4,2,0,0.0,,0,0,0,TE,TE,david_frisch,0.0,0.0,0.0
1997,WAS,James Jenkins,James,Jenkins,TE,88.0,30,74,243,Rutgers,8/17/1967,6,16,5,0.0,,0,0,0,TE,TE,james_jenkins,0.0,0.0,0.0
1998,ATL,O.J. Santiago,O.J.,Santiago,TE,88.0,24,79,265,Kent St.,3/4/1974,1,16,16,5.0,1997.0,0,0,0,TE,TE,o.j._santiago,10.0,0.0,0.0
1998,ATL,O.J. Santiago,O.J.,Santiago,TE,88.0,24,79,265,Kent St.,3/4/1974,1,16,16,5.0,1997.0,0,0,0,TE,TE,o.j._santiago,10.0,0.0,0.0
1998,ATL,Brian Kozlowski,Brian,Kozlowski,TE,85.0,28,75,250,Connecticut,10/4/1970,4,16,4,1.0,,0,0,0,TE,TE,brian_kozlowski,0.0,0.0,0.0
1998,ATL,Brian Kozlowski,Brian,Kozlowski,TE,85.0,28,75,250,Connecticut,10/4/1970,4,16,4,1.0,,0,0,0,TE,TE,brian_kozlowski,0.0,0.0,0.0
1998,ATL,Ed Smith,Ed,Smith,TE,86.0,29,76,253,,6/5/1969,1,15,0,0.0,,0,0,0,TE,TE,ed_smith,0.0,0.0,0.0
1998,ATL,Ed Smith,Ed,Smith,TE,86.0,29,76,253,,6/5/1969,1,15,0,0.0,,0,0,0,TE,TE,ed_smith,0.0,0.0,0.0
1998,ATL,Ed Smith,Ed,Smith,TE,86.0,29,76,253,,6/5/1969,1,15,0,0.0,,0,0,0,TE,TE,ed_smith,0.0,0.0,0.0
1998,ATL,Ed Smith,Ed,Smith,TE,86.0,29,76,253,,6/5/1969,1,15,0,0.0,,0,0,0,TE,TE,ed_smith,4.0,0.0,0.0
1998,ATL,Ed Smith,Ed,Smith,TE,86.0,29,76,253,,6/5/1969,1,15,0,0.0,,0,0,0,TE,TE,ed_smith,4.0,0.0,0.0
1998,ATL,Ed Smith,Ed,Smith,TE,86.0,29,76,253,,6/5/1969,1,15,0,0.0,,0,0,0,TE,TE,ed_smith,0.0,0.0,0.0
1998,ATL,Ed Smith,Ed,Smith,TE,86.0,29,76,253,,6/5/1969,1,15,0,0.0,,0,0,0,TE,TE,ed_smith,0.0,0.0,0.0
1998,ATL,Ed Smith,Ed,Smith,TE,86.0,29,76,253,,6/5/1969,1,15,0,0.0,,0,0,0,TE,TE,ed_smith,0.0,0.0,0.0
1998,ATL,Ed Smith,Ed,Smith,TE,86.0,29,76,253,,6/5/1969,1,15,0,0.0,,0,0,0,TE,TE,ed_smith,4.0,0.0,0.0
1998,ATL,Ed Smith,Ed,Smith,TE,86.0,29,76,253,,6/5/1969,1,15,0,0.0,,0,0,0,TE,TE,ed_smith,4.0,0.0,0.0
1998,BUF,Jay Riemersma,Jay,Riemersma,TE,85.0,25,77,255,Michigan,5/17/1973,1,16,3,3.0,1996.0,0,0,0,TE,TE,jay_riemersma,19.0,0.0,0.0
1998,BUF,Jay Riemersma,Jay,Riemersma,TE,85.0,25,77,255,Michigan,5/17/1973,1,16,3,3.0,1996.0,0,0,0,TE,TE,jay_riemersma,19.0,0.0,0.0
1998,BUF,Lonnie Johnson,Lonnie,Johnson,TE,84.0,27,75,240,Florida St.,2/14/1971,4,16,16,2.0,1994.0,0,0,0,TE,TE,lonnie_johnson,0.0,0.0,0.0
1998,BUF,Lonnie Johnson,Lonnie,Johnson,TE,84.0,27,75,240,Florida St.,2/14/1971,4,16,16,2.0,1994.0,0,0,0,TE,TE,lonnie_johnson,13.0,0.0,0.0
1998,BUF,Lonnie Johnson,Lonnie,Johnson,TE,84.0,27,75,240,Florida St.,2/14/1971,4,16,16,2.0,1994.0,0,0,0,TE,TE,lonnie_johnson,0.0,0.0,0.0
1998,BUF,Lonnie Johnson,Lonnie,Johnson,TE,84.0,27,75,240,Florida St.,2/14/1971,4,16,16,2.0,1994.0,0,0,0,TE,TE,lonnie_johnson,13.0,0.0,0.0
1998,BUF,Duane Young,Duane,Young,TE,87.0,30,75,270,Michigan St.,5/29/1968,7,4,0,0.0,1991.0,0,0,0,TE,TE,duane_young,3.0,0.0,0.0
1998,BUF,Duane Young,Duane,Young,TE,87.0,30,75,270,Michigan St.,5/29/1968,7,4,0,0.0,1991.0,0,0,0,TE,TE,duane_young,3.0,0.0,0.0
1998,CAR,Wesley Walls,Wesley,Walls,TE,85.0,32,77,240,Mississippi,2/26/1966,9,14,14,5.0,1989.0,0,0,0,TE,TE,wesley_walls,43.0,0.0,5.0
1998,CAR,Wesley Walls,Wesley,Walls,TE,85.0,32,77,240,Mississippi,2/26/1966,9,14,14,5.0,1989.0,0,0,0,TE,TE,wesley_walls,43.0,0.0,5.0
1998,CAR,Luther Broughton,Luther,Broughton,TE,84.0,24,74,248,Furman,11/30/1974,1,16,4,1.0,1997.0,0,0,0,TE,TE,luther_broughton,4.0,0.0,0.0
1998,CAR,Luther Broughton,Luther,Broughton,TE,84.0,24,74,248,Furman,11/30/1974,1,16,4,1.0,1997.0,0,0,0,TE,TE,luther_broughton,4.0,0.0,0.0
1998,CAR,Kris Mangum,Kris,Mangum,TE,86.0,25,76,252,"Alabama,Mississippi",8/15/1973,1,6,0,0.0,1997.0,0,0,0,TE,TE,kris_mangum,11.0,0.0,0.0
1998,CAR,Kris Mangum,Kris,Mangum,TE,86.0,25,76,252,"Alabama,Mississippi",8/15/1973,1,6,0,0.0,1997.0,0,0,0,TE,TE,kris_mangum,11.0,0.0,0.0
1998,CHI,Alonzo Mayes,Alonzo,Mayes,TE,85.0,23,76,259,Oklahoma St.,6/4/1975,Rook,16,16,2.0,1998.0,0,0,0,TE,TE,alonzo_mayes,3.0,0.0,0.0
1998,CHI,Alonzo Mayes,Alonzo,Mayes,TE,85.0,23,76,259,Oklahoma St.,6/4/1975,Rook,16,16,2.0,1998.0,0,0,0,TE,TE,alonzo_mayes,3.0,0.0,0.0
1998,CHI,Ryan Wetnight,Ryan,Wetnight,TE,89.0,28,74,235,Stanford,11/5/1970,5,15,4,1.0,,0,0,0,TE,TE,ryan_wetnight,0.0,0.0,0.0
1998,CHI,Ryan Wetnight,Ryan,Wetnight,TE,89.0,28,74,235,Stanford,11/5/1970,5,15,4,1.0,,0,0,0,TE,TE,ryan_wetnight,0.0,0.0,0.0
1998,CHI,John Allred,John,Allred,TE,84.0,24,76,249,USC,9/9/1974,1,4,0,0.0,1997.0,0,0,0,TE,TE,john_allred,3.0,0.0,0.0
1998,CHI,John Allred,John,Allred,TE,84.0,24,76,249,USC,9/9/1974,1,4,0,0.0,1997.0,0,0,0,TE,TE,john_allred,3.0,0.0,0.0
1998,CIN,Tony McGee,Tony,McGee,TE,82.0,27,75,247,Michigan,4/21/1971,5,16,16,3.0,1993.0,0,0,0,TE,TE,tony_mcgee,38.0,0.0,0.0
1998,CIN,Tony McGee,Tony,McGee,TE,82.0,27,75,247,Michigan,4/21/1971,5,16,16,3.0,1993.0,0,0,0,TE,TE,tony_mcgee,28.0,0.0,0.0
1998,CIN,Tony McGee,Tony,McGee,TE,82.0,27,75,247,Michigan,4/21/1971,5,16,16,3.0,1993.0,0,0,0,TE,TE,tony_mcgee,38.0,0.0,0.0
1998,CIN,Tony McGee,Tony,McGee,TE,82.0,27,75,247,Michigan,4/21/1971,5,16,16,3.0,1993.0,0,0,0,TE,TE,tony_mcgee,28.0,0.0,0.0
1998,CIN,Marco Battaglia,Marco,Battaglia,TE,89.0,25,75,250,Rutgers,1/25/1973,2,16,0,0.0,1996.0,0,0,0,TE,TE,marco_battaglia,6.0,0.0,0.0
1998,CIN,Steve Bush,Steve,Bush,TE,88.0,24,75,280,Arizona St.,7/4/1974,1,12,2,0.0,,0,0,0,TE,TE,steve_bush,0.0,0.0,0.0
1998,CIN,Marco Battaglia,Marco,Battaglia,TE,89.0,25,75,250,Rutgers,1/25/1973,2,16,0,0.0,1996.0,0,0,0,TE,TE,marco_battaglia,6.0,0.0,0.0
1998,CIN,Steve Bush,Steve,Bush,TE,88.0,24,75,280,Arizona St.,7/4/1974,1,12,2,0.0,,0,0,0,TE,TE,steve_bush,0.0,0.0,0.0
1998,CLT,Ken Dilger,Ken,Dilger,TE,85.0,27,77,250,Illinois,2/2/1971,3,16,16,3.0,1995.0,0,0,0,TE,TE,ken_dilger,35.0,0.0,1.0
1998,CLT,Marcus Pollard,Marcus,Pollard,TE,81.0,26,75,248,Bradley,2/8/1972,3,16,11,3.0,,0,0,0,TE,TE,marcus_pollard,0.0,0.0,0.0
1998,CLT,Ken Dilger,Ken,Dilger,TE,85.0,27,77,250,Illinois,2/2/1971,3,16,16,3.0,1995.0,0,0,0,TE,TE,ken_dilger,35.0,0.0,1.0
1998,CLT,Marcus Pollard,Marcus,Pollard,TE,81.0,26,75,248,Bradley,2/8/1972,3,16,11,3.0,,0,0,0,TE,TE,marcus_pollard,0.0,0.0,0.0
1998,CRD,Chris Gedney,Chris,Gedney,TE,84.0,28,77,258,Syracuse,8/9/1970,5,16,3,2.0,1993.0,0,0,0,TE,TE,chris_gedney,8.0,0.0,0.0
1998,CRD,Johnny McWilliams,Johnny,McWilliams,TE,87.0,26,76,271,USC,12/14/1972,2,16,15,2.0,1996.0,0,0,0,TE,TE,johnny_mcwilliams,6.0,0.0,0.0
1998,CRD,Chris Gedney,Chris,Gedney,TE,84.0,28,77,258,Syracuse,8/9/1970,5,16,3,2.0,1993.0,0,0,0,TE,TE,chris_gedney,8.0,0.0,0.0
1998,CRD,Johnny McWilliams,Johnny,McWilliams,TE,87.0,26,76,271,USC,12/14/1972,2,16,15,2.0,1996.0,0,0,0,TE,TE,johnny_mcwilliams,6.0,0.0,0.0
1998,CRD,Terry Hardy,Terry,Hardy,TE,80.0,22,76,266,Southern Miss,5/31/1976,Rook,9,0,0.0,1998.0,0,0,0,TE,TE,terry_hardy,10.0,0.0,0.0
1998,CRD,Jarius Hayes,Jarius,Hayes,TE,48.0,25,75,266,North Alabama,3/27/1973,2,16,0,0.0,1996.0,0,0,0,TE,TE,jarius_hayes,0.0,0.0,0.0
1998,CRD,Terry Hardy,Terry,Hardy,TE,80.0,22,76,266,Southern Miss,5/31/1976,Rook,9,0,0.0,1998.0,0,0,0,TE,TE,terry_hardy,10.0,0.0,0.0
1998,CRD,Jarius Hayes,Jarius,Hayes,TE,48.0,25,75,266,North Alabama,3/27/1973,2,16,0,0.0,1996.0,0,0,0,TE,TE,jarius_hayes,0.0,0.0,0.0
1998,DAL,Eric Bjornson,Eric,Bjornson,TE,86.0,27,76,236,Washington,12/15/1971,3,16,4,2.0,1995.0,0,0,0,TE,TE,eric_bjornson,10.0,0.0,0.0
1998,DAL,David LaFleur,David,LaFleur,TE,89.0,24,79,272,LSU,1/29/1974,1,13,13,2.0,1997.0,0,0,0,TE,TE,david_lafleur,7.0,0.0,0.0
1998,DAL,Eric Bjornson,Eric,Bjornson,TE,86.0,27,76,236,Washington,12/15/1971,3,16,4,2.0,1995.0,0,0,0,TE,TE,eric_bjornson,10.0,0.0,0.0
1998,DAL,David LaFleur,David,LaFleur,TE,89.0,24,79,272,LSU,1/29/1974,1,13,13,2.0,1997.0,0,0,0,TE,TE,david_lafleur,7.0,0.0,0.0
1998,DAL,Hayward Clay,Hayward,Clay,TE,83.0,25,75,260,Texas A&M,7/25/1973,2,3,2,0.0,1996.0,0,0,0,TE,TE,hayward_clay,0.0,0.0,0.0
1998,DAL,Hayward Clay,Hayward,Clay,TE,83.0,25,75,260,Texas A&M,7/25/1973,2,3,2,0.0,1996.0,0,0,0,TE,TE,hayward_clay,0.0,0.0,0.0
1998,DEN,Shannon Sharpe,Shannon,Sharpe,TE,84.0,30,74,228,Savannah St.,6/26/1968,8,16,16,10.0,1990.0,0,0,0,TE,TE,shannon_sharpe,82.0,4.0,8.0
1998,DEN,Shannon Sharpe,Shannon,Sharpe,TE,84.0,30,74,228,Savannah St.,6/26/1968,8,16,16,10.0,1990.0,0,0,0,TE,TE,shannon_sharpe,82.0,4.0,8.0
1998,DEN,Dwayne Carswell,Dwayne,Carswell,TE,89.0,26,75,290,Liberty,1/18/1972,4,16,1,1.0,,0,0,0,TE,TE,dwayne_carswell,0.0,0.0,1.0
1998,DEN,Dwayne Carswell,Dwayne,Carswell,TE,89.0,26,75,290,Liberty,1/18/1972,4,16,1,1.0,,0,0,0,TE,TE,dwayne_carswell,0.0,0.0,1.0
1998,DEN,Byron Chamberlain,Byron,Chamberlain,TE,86.0,27,73,250,"Missouri,Wayne State (NE)",10/17/1971,3,16,0,0.0,1995.0,0,0,0,TE,TE,byron_chamberlain,17.0,0.0,1.0
1998,DEN,Byron Chamberlain,Byron,Chamberlain,TE,86.0,27,73,250,"Missouri,Wayne State (NE)",10/17/1971,3,16,0,0.0,1995.0,0,0,0,TE,TE,byron_chamberlain,17.0,0.0,1.0
1998,DET,Walter Rasby,Walter,Rasby,TE,89.0,26,75,252,Wake Forest,9/7/1972,4,16,16,1.0,,0,0,0,TE,TE,walter_rasby,0.0,0.0,0.0
1998,DET,David Sloan,David,Sloan,TE,86.0,26,78,260,New Mexico,6/8/1972,3,10,2,1.0,1995.0,0,0,0,TE,TE,david_sloan,18.0,0.0,1.0
1998,DET,Walter Rasby,Walter,Rasby,TE,89.0,26,75,252,Wake Forest,9/7/1972,4,16,16,1.0,,0,0,0,TE,TE,walter_rasby,0.0,0.0,0.0
1998,DET,David Sloan,David,Sloan,TE,86.0,26,78,260,New Mexico,6/8/1972,3,10,2,1.0,1995.0,0,0,0,TE,TE,david_sloan,18.0,0.0,1.0
1998,DET,Pete Chryplewicz,Pete,Chryplewicz,TE,81.0,24,77,253,Notre Dame,4/27/1974,1,16,2,0.0,1997.0,0,0,0,TE,TE,pete_chryplewicz,0.0,0.0,0.0
1998,DET,Kevin Hickman,Kevin,Hickman,TE,46.0,27,76,258,Navy,8/20/1971,3,3,0,0.0,1995.0,0,0,0,TE,TE,kevin_hickman,0.0,0.0,0.0
1998,DET,Pete Chryplewicz,Pete,Chryplewicz,TE,81.0,24,77,253,Notre Dame,4/27/1974,1,16,2,0.0,1997.0,0,0,0,TE,TE,pete_chryplewicz,0.0,0.0,0.0
1998,DET,Kevin Hickman,Kevin,Hickman,TE,46.0,27,76,258,Navy,8/20/1971,3,3,0,0.0,1995.0,0,0,0,TE,TE,kevin_hickman,0.0,0.0,0.0
1998,GNB,Mark Chmura,Mark,Chmura,TE,89.0,29,77,248,Boston Col.,2/22/1969,5,15,14,6.0,1992.0,0,0,0,TE,TE,mark_chmura,22.0,0.0,3.0
1998,GNB,Mark Chmura,Mark,Chmura,TE,89.0,29,77,248,Boston Col.,2/22/1969,5,15,14,6.0,1992.0,0,0,0,TE,TE,mark_chmura,22.0,0.0,3.0
1998,GNB,Tyrone Davis,Tyrone,Davis,TE,81.0,26,76,240,Virginia,6/30/1972,3,13,1,3.0,1995.0,0,0,0,TE,TE,tyrone_davis,0.0,0.0,0.0
1998,GNB,Tyrone Davis,Tyrone,Davis,TE,81.0,26,76,240,Virginia,6/30/1972,3,13,1,3.0,1995.0,0,0,0,TE,TE,tyrone_davis,8.0,0.0,0.0
1998,GNB,Tyrone Davis,Tyrone,Davis,TE,81.0,26,76,240,Virginia,6/30/1972,3,13,1,3.0,1995.0,0,0,0,TE,TE,tyrone_davis,0.0,0.0,0.0
1998,GNB,Tyrone Davis,Tyrone,Davis,TE,81.0,26,76,240,Virginia,6/30/1972,3,13,1,3.0,1995.0,0,0,0,TE,TE,tyrone_davis,8.0,0.0,0.0
1998,GNB,Jeff Thomason,Jeff,Thomason,TE,83.0,29,77,255,Oregon,12/30/1969,6,16,2,1.0,,0,0,0,TE,TE,jeff_thomason,0.0,0.0,0.0
1998,GNB,Jeff Thomason,Jeff,Thomason,TE,83.0,29,77,255,Oregon,12/30/1969,6,16,2,1.0,,0,0,0,TE,TE,jeff_thomason,0.0,0.0,0.0
1998,GNB,Scott Galbraith,Scott,Galbraith,TE,47.0,31,74,258,USC,1/7/1967,8,1,0,0.0,1990.0,0,0,0,TE,TE,scott_galbraith,6.0,0.0,0.0
1998,GNB,Scott Galbraith,Scott,Galbraith,TE,47.0,31,74,258,USC,1/7/1967,8,1,0,0.0,1990.0,0,0,0,TE,TE,scott_galbraith,6.0,0.0,0.0
1998,JAX,Pete Mitchell,Pete,Mitchell,TE,83.0,27,74,243,Boston Col.,10/9/1971,3,16,16,4.0,1995.0,0,0,0,TE,TE,pete_mitchell,23.0,0.0,0.0
1998,JAX,Pete Mitchell,Pete,Mitchell,TE,83.0,27,74,243,Boston Col.,10/9/1971,3,16,16,4.0,1995.0,0,0,0,TE,TE,pete_mitchell,23.0,0.0,0.0
1998,JAX,Damon Jones,Damon,Jones,TE,88.0,24,77,270,"Michigan,Southern Illinois",9/18/1974,1,16,7,1.0,1997.0,0,0,0,TE,TE,damon_jones,5.0,0.0,0.0
1998,JAX,Damon Jones,Damon,Jones,TE,88.0,24,77,270,"Michigan,Southern Illinois",9/18/1974,1,16,7,1.0,1997.0,0,0,0,TE,TE,damon_jones,5.0,0.0,0.0
1998,JAX,Rich Griffith,Rich,Griffith,TE,85.0,29,77,262,Arizona,7/31/1969,5,7,0,0.0,1993.0,0,0,0,TE,TE,rich_griffith,2.0,0.0,0.0
1998,JAX,Troy Sadowski,Troy,Sadowski,TE,89.0,33,77,255,Georgia,12/8/1965,8,5,0,0.0,1989.0,0,0,0,TE,TE,troy_sadowski,0.0,0.0,0.0
1998,JAX,Rich Griffith,Rich,Griffith,TE,85.0,29,77,262,Arizona,7/31/1969,5,7,0,0.0,1993.0,0,0,0,TE,TE,rich_griffith,2.0,0.0,0.0
1998,JAX,Troy Sadowski,Troy,Sadowski,TE,89.0,33,77,255,Georgia,12/8/1965,8,5,0,0.0,1989.0,0,0,0,TE,TE,troy_sadowski,0.0,0.0,0.0
1998,KAN,Tony Gonzalez,Tony,Gonzalez,TE,88.0,22,77,247,California,2/27/1976,1,16,16,6.0,1997.0,0,0,0,TE,TE,tony_gonzalez,95.0,6.0,14.0
1998,KAN,Tony Gonzalez,Tony,Gonzalez,TE,88.0,22,77,247,California,2/27/1976,1,16,16,6.0,1997.0,0,0,0,TE,TE,tony_gonzalez,95.0,6.0,14.0
1998,KAN,Ted Popson,Ted,Popson,TE,48.0,32,76,250,Portland St.,9/10/1966,4,12,1,1.0,1991.0,0,0,0,TE,TE,ted_popson,9.0,0.0,0.0
1998,KAN,Ted Popson,Ted,Popson,TE,48.0,32,76,250,Portland St.,9/10/1966,4,12,1,1.0,1991.0,0,0,0,TE,TE,ted_popson,9.0,0.0,0.0
1998,KAN,Brian Roche,Brian,Roche,TE,85.0,25,76,255,"Cal Poly-San Luis Obispo,San Jose St.",5/5/1973,2,4,1,0.0,1996.0,0,0,0,TE,TE,brian_roche,1.0,0.0,0.0
1998,KAN,Willy Tate,Willy,Tate,TE,80.0,26,75,251,Oregon,9/7/1972,2,1,0,0.0,,0,0,0,TE,TE,willy_tate,0.0,0.0,0.0
1998,KAN,Brian Roche,Brian,Roche,TE,85.0,25,76,255,"Cal Poly-San Luis Obispo,San Jose St.",5/5/1973,2,4,1,0.0,1996.0,0,0,0,TE,TE,brian_roche,1.0,0.0,0.0
1998,KAN,Willy Tate,Willy,Tate,TE,80.0,26,75,251,Oregon,9/7/1972,2,1,0,0.0,,0,0,0,TE,TE,willy_tate,0.0,0.0,0.0
1998,MIA,Troy Drayton,Troy,Drayton,TE,84.0,28,75,260,Penn St.,6/29/1970,5,15,15,3.0,1993.0,0,0,0,TE,TE,troy_drayton,21.0,0.0,0.0
1998,MIA,Troy Drayton,Troy,Drayton,TE,84.0,28,75,260,Penn St.,6/29/1970,5,15,15,3.0,1993.0,0,0,0,TE,TE,troy_drayton,21.0,0.0,0.0
1998,MIA,Ed Perry,Ed,Perry,TE,89.0,24,76,265,James Madison,9/1/1974,1,14,5,2.0,1997.0,0,0,0,TE,TE,ed_perry,2.0,0.0,0.0
1998,MIA,Ed Perry,Ed,Perry,TE,89.0,24,76,265,James Madison,9/1/1974,1,14,5,2.0,1997.0,0,0,0,TE,TE,ed_perry,2.0,0.0,0.0
1998,MIA,Henry Lusk,Henry,Lusk,TE,83.0,26,74,245,Utah,5/8/1972,2,3,1,0.0,1996.0,0,0,0,TE,TE,henry_lusk,2.0,0.0,0.0
1998,MIA,Henry Lusk,Henry,Lusk,TE,83.0,26,74,245,Utah,5/8/1972,2,3,1,0.0,1996.0,0,0,0,TE,TE,henry_lusk,2.0,0.0,0.0
1998,MIN,Andrew Glover,Andrew,Glover,TE,82.0,31,78,250,Grambling St.,8/12/1967,7,16,12,7.0,1991.0,0,0,0,TE,TE,andrew_glover,22.0,0.0,0.0
1998,MIN,Andrew Glover,Andrew,Glover,TE,82.0,31,78,250,Grambling St.,8/12/1967,7,16,12,7.0,1991.0,0,0,0,TE,TE,andrew_glover,22.0,0.0,0.0
1998,MIN,Greg DeLong,Greg,DeLong,TE,85.0,25,76,250,North Carolina,4/3/1973,3,15,5,1.0,,0,0,0,TE,TE,greg_delong,0.0,0.0,0.0
1998,MIN,Greg DeLong,Greg,DeLong,TE,85.0,25,76,250,North Carolina,4/3/1973,3,15,5,1.0,,0,0,0,TE,TE,greg_delong,0.0,0.0,0.0
1998,MIN,Hunter Goodwin,Hunter,Goodwin,TE,87.0,26,77,268,"Texas A&M-Kingsville,Texas A&M",10/10/1972,2,15,0,0.0,1996.0,0,0,0,TE,TE,hunter_goodwin,1.0,0.0,0.0
1998,MIN,Hunter Goodwin,Hunter,Goodwin,TE,87.0,26,77,268,"Texas A&M-Kingsville,Texas A&M",10/10/1972,2,15,0,0.0,1996.0,0,0,0,TE,TE,hunter_goodwin,1.0,0.0,0.0
1998,NOR,Cam Cleeland,Cam,Cleeland,TE,85.0,23,77,272,Washington,8/15/1975,Rook,16,16,5.0,1998.0,0,0,0,TE,TE,cam_cleeland,9.0,0.0,0.0
1998,NOR,Cam Cleeland,Cam,Cleeland,TE,85.0,23,77,272,Washington,8/15/1975,Rook,16,16,5.0,1998.0,0,0,0,TE,TE,cam_cleeland,9.0,0.0,0.0
1998,NOR,John Farquhar,John,Farquhar,TE,87.0,26,78,278,Duke,3/22/1972,2,5,0,0.0,,0,0,0,TE,TE,john_farquhar,0.0,0.0,0.0
1998,NOR,Tony Johnson,Tony,Johnson,TE,80.0,26,77,255,Alabama,2/5/1972,2,11,0,0.0,1996.0,0,0,0,TE,TE,tony_johnson,1.0,0.0,0.0
1998,NOR,Scott Slutzker,Scott,Slutzker,TE,81.0,26,76,250,Iowa,12/20/1972,2,3,0,0.0,1996.0,0,0,0,TE,TE,scott_slutzker,1.0,0.0,0.0
1998,NOR,Josh Wilcox,Josh,Wilcox,TE,47.0,24,74,253,Oregon,6/5/1974,Rook,3,1,0.0,,0,0,0,TE,TE,josh_wilcox,0.0,0.0,0.0
1998,NOR,John Farquhar,John,Farquhar,TE,87.0,26,78,278,Duke,3/22/1972,2,5,0,0.0,,0,0,0,TE,TE,john_farquhar,0.0,0.0,0.0
1998,NOR,Tony Johnson,Tony,Johnson,TE,80.0,26,77,255,Alabama,2/5/1972,2,11,0,0.0,1996.0,0,0,0,TE,TE,tony_johnson,1.0,0.0,0.0
1998,NOR,Scott Slutzker,Scott,Slutzker,TE,81.0,26,76,250,Iowa,12/20/1972,2,3,0,0.0,1996.0,0,0,0,TE,TE,scott_slutzker,1.0,0.0,0.0
1998,NOR,Josh Wilcox,Josh,Wilcox,TE,47.0,24,74,253,Oregon,6/5/1974,Rook,3,1,0.0,,0,0,0,TE,TE,josh_wilcox,0.0,0.0,0.0
1998,NWE,Ben Coates,Ben,Coates,TE,87.0,29,77,245,Livingstone,8/16/1969,7,14,14,6.0,1991.0,0,0,0,TE,TE,ben_coates,43.0,2.0,5.0
1998,NWE,Ben Coates,Ben,Coates,TE,87.0,29,77,245,Livingstone,8/16/1969,7,14,14,6.0,1991.0,0,0,0,TE,TE,ben_coates,43.0,2.0,5.0
1998,NWE,Lovett Purnell,Lovett,Purnell,TE,85.0,26,75,245,West Virginia,4/7/1972,2,16,5,1.0,1996.0,0,0,0,TE,TE,lovett_purnell,2.0,0.0,0.0
1998,NWE,Lovett Purnell,Lovett,Purnell,TE,85.0,26,75,245,West Virginia,4/7/1972,2,16,5,1.0,1996.0,0,0,0,TE,TE,lovett_purnell,2.0,0.0,0.0
1998,NWE,Rod Rutledge,Rod,Rutledge,TE,83.0,23,77,262,Alabama,8/12/1975,Rook,16,4,0.0,1998.0,0,0,0,TE,TE,rod_rutledge,2.0,0.0,0.0
1998,NWE,Rod Rutledge,Rod,Rutledge,TE,83.0,23,77,262,Alabama,8/12/1975,Rook,16,4,0.0,1998.0,0,0,0,TE,TE,rod_rutledge,2.0,0.0,0.0
1998,NYG,Howard Cross,Howard,Cross,TE,87.0,31,77,270,Alabama,8/8/1967,9,16,16,1.0,1989.0,0,0,0,TE,TE,howard_cross,17.0,0.0,0.0
1998,NYG,Howard Cross,Howard,Cross,TE,87.0,31,77,270,Alabama,8/8/1967,9,16,16,1.0,1989.0,0,0,0,TE,TE,howard_cross,17.0,0.0,0.0
1998,NYG,Andy Haase,Andy,Haase,TE,89.0,24,76,260,Northern Colorado,7/10/1974,Rook,7,1,0.0,,0,0,0,TE,TE,andy_haase,0.0,0.0,0.0
1998,NYG,Alfred Pupunu,Alfred,Pupunu,TE,85.0,29,74,260,Weber St.,10/17/1969,6,9,0,0.0,,0,0,0,TE,TE,alfred_pupunu,0.0,0.0,0.0
1998,NYG,Andy Haase,Andy,Haase,TE,89.0,24,76,260,Northern Colorado,7/10/1974,Rook,7,1,0.0,,0,0,0,TE,TE,andy_haase,0.0,0.0,0.0
1998,NYG,Alfred Pupunu,Alfred,Pupunu,TE,85.0,29,74,260,Weber St.,10/17/1969,6,9,0,0.0,,0,0,0,TE,TE,alfred_pupunu,0.0,0.0,0.0
1998,NYJ,Kyle Brady,Kyle,Brady,TE,88.0,26,78,278,Penn St.,1/14/1972,3,16,15,3.0,1995.0,0,0,0,TE,TE,kyle_brady,26.0,0.0,0.0
1998,NYJ,Kyle Brady,Kyle,Brady,TE,88.0,26,78,278,Penn St.,1/14/1972,3,16,15,3.0,1995.0,0,0,0,TE,TE,kyle_brady,26.0,0.0,0.0
1998,NYJ,Fred Baxter,Fred,Baxter,TE,84.0,27,75,268,Auburn,6/14/1971,5,14,2,1.0,1993.0,0,0,0,TE,TE,fred_baxter,7.0,0.0,0.0
1998,NYJ,Fred Baxter,Fred,Baxter,TE,84.0,27,75,268,Auburn,6/14/1971,5,14,2,1.0,1993.0,0,0,0,TE,TE,fred_baxter,7.0,0.0,0.0
1998,NYJ,Blake Spence,Blake,Spence,TE,82.0,23,76,249,Oregon,6/20/1975,Rook,5,0,0.0,1998.0,0,0,0,TE,TE,blake_spence,0.0,0.0,0.0
1998,NYJ,Blake Spence,Blake,Spence,TE,82.0,23,76,249,Oregon,6/20/1975,Rook,5,0,0.0,1998.0,0,0,0,TE,TE,blake_spence,0.0,0.0,0.0
1998,OTI,Frank Wycheck,Frank,Wycheck,TE,89.0,27,75,253,Maryland,10/14/1971,5,16,16,8.0,1993.0,0,0,0,TE,TE,frank_wycheck,43.0,0.0,3.0
1998,OTI,Frank Wycheck,Frank,Wycheck,TE,89.0,27,75,253,Maryland,10/14/1971,5,16,16,8.0,1993.0,0,0,0,TE,TE,frank_wycheck,43.0,0.0,3.0
1998,OTI,Frank Wycheck,Frank,Wycheck,TE,89.0,27,75,253,Maryland,10/14/1971,5,16,16,8.0,1993.0,0,0,0,TE,TE,frank_wycheck,43.0,0.0,3.0
1998,OTI,Frank Wycheck,Frank,Wycheck,TE,89.0,27,75,253,Maryland,10/14/1971,5,16,16,8.0,1993.0,0,0,0,TE,TE,frank_wycheck,43.0,0.0,3.0
1998,OTI,Jackie Harris,Jackie,Harris,TE,88.0,30,76,244,La-Monroe,1/4/1968,8,16,16,4.0,1990.0,0,0,0,TE,TE,jackie_harris,33.0,0.0,0.0
1998,OTI,Jackie Harris,Jackie,Harris,TE,88.0,30,76,244,La-Monroe,1/4/1968,8,16,16,4.0,1990.0,0,0,0,TE,TE,jackie_harris,33.0,0.0,0.0
1998,OTI,Jackie Harris,Jackie,Harris,TE,88.0,30,76,244,La-Monroe,1/4/1968,8,16,16,4.0,1990.0,0,0,0,TE,TE,jackie_harris,33.0,0.0,0.0
1998,OTI,Jackie Harris,Jackie,Harris,TE,88.0,30,76,244,La-Monroe,1/4/1968,8,16,16,4.0,1990.0,0,0,0,TE,TE,jackie_harris,33.0,0.0,0.0
1998,OTI,Michael Roan,Michael,Roan,TE,80.0,26,75,251,Wisconsin,8/29/1972,3,16,1,1.0,1995.0,0,0,0,TE,TE,michael_roan,4.0,0.0,0.0
1998,OTI,Michael Roan,Michael,Roan,TE,80.0,26,75,251,Wisconsin,8/29/1972,3,16,1,1.0,1995.0,0,0,0,TE,TE,michael_roan,4.0,0.0,0.0
1998,OTI,Michael Roan,Michael,Roan,TE,80.0,26,75,251,Wisconsin,8/29/1972,3,16,1,1.0,1995.0,0,0,0,TE,TE,michael_roan,4.0,0.0,0.0
1998,OTI,Michael Roan,Michael,Roan,TE,80.0,26,75,251,Wisconsin,8/29/1972,3,16,1,1.0,1995.0,0,0,0,TE,TE,michael_roan,4.0,0.0,0.0
1998,PHI,Jason Dunn,Jason,Dunn,TE,87.0,25,78,276,Eastern Kentucky,11/15/1973,2,10,10,1.0,1996.0,0,0,0,TE,TE,jason_dunn,7.0,0.0,0.0
1998,PHI,Chris Fontenot,Chris,Fontenot,TE,85.0,24,75,250,McNeese St.,7/11/1974,Rook,5,3,1.0,,0,0,0,TE,TE,chris_fontenot,0.0,0.0,0.0
1998,PHI,Jason Dunn,Jason,Dunn,TE,87.0,25,78,276,Eastern Kentucky,11/15/1973,2,10,10,1.0,1996.0,0,0,0,TE,TE,jason_dunn,7.0,0.0,0.0
1998,PHI,Chris Fontenot,Chris,Fontenot,TE,85.0,24,75,250,McNeese St.,7/11/1974,Rook,5,3,1.0,,0,0,0,TE,TE,chris_fontenot,0.0,0.0,0.0
1998,PHI,Jimmie Johnson,Jimmie,Johnson,TE,88.0,32,74,252,Howard,10/6/1966,9,3,3,0.0,1989.0,0,0,0,TE,TE,jimmie_johnson,5.0,0.0,0.0
1998,PHI,Andrew Jordan,Andrew,Jordan,TE,49.0,26,78,260,Western Carolina,6/21/1972,4,3,0,0.0,1994.0,0,0,0,TE,TE,andrew_jordan,7.0,0.0,0.0
1998,PHI,Chad Lewis,Chad,Lewis,TE,89.0,27,78,252,BYU,10/5/1971,1,2,0,0.0,,0,0,0,TE,TE,chad_lewis,0.0,0.0,0.0
1998,PHI,Kaseem Sinceno,Kaseem,Sinceno,TE,89.0,22,76,259,Syracuse,3/26/1976,Rook,10,0,0.0,,0,0,0,TE,TE,kaseem_sinceno,0.0,0.0,0.0
1998,PHI,Jimmie Johnson,Jimmie,Johnson,TE,88.0,32,74,252,Howard,10/6/1966,9,3,3,0.0,1989.0,0,0,0,TE,TE,jimmie_johnson,5.0,0.0,0.0
1998,PHI,Andrew Jordan,Andrew,Jordan,TE,49.0,26,78,260,Western Carolina,6/21/1972,4,3,0,0.0,1994.0,0,0,0,TE,TE,andrew_jordan,7.0,0.0,0.0
1998,PHI,Chad Lewis,Chad,Lewis,TE,89.0,27,78,252,BYU,10/5/1971,1,2,0,0.0,,0,0,0,TE,TE,chad_lewis,0.0,0.0,0.0
1998,PHI,Kaseem Sinceno,Kaseem,Sinceno,TE,89.0,22,76,259,Syracuse,3/26/1976,Rook,10,0,0.0,,0,0,0,TE,TE,kaseem_sinceno,0.0,0.0,0.0
1998,PIT,Mark Bruener,Mark,Bruener,TE,87.0,26,76,260,Washington,9/16/1972,3,16,16,1.0,1995.0,0,0,0,TE,TE,mark_bruener,10.0,0.0,0.0
1998,PIT,Mark Bruener,Mark,Bruener,TE,87.0,26,76,260,Washington,9/16/1972,3,16,16,1.0,1995.0,0,0,0,TE,TE,mark_bruener,10.0,0.0,0.0
1998,PIT,Harold Bishop,Harold,Bishop,TE,84.0,28,76,254,LSU,4/8/1970,4,7,1,0.0,1994.0,0,0,0,TE,TE,harold_bishop,1.0,0.0,0.0
1998,PIT,Mitch Lyons,Mitch,Lyons,TE,85.0,28,77,265,Michigan St.,5/13/1970,5,15,0,0.0,1993.0,0,0,0,TE,TE,mitch_lyons,3.0,0.0,0.0
1998,PIT,Harold Bishop,Harold,Bishop,TE,84.0,28,76,254,LSU,4/8/1970,4,7,1,0.0,1994.0,0,0,0,TE,TE,harold_bishop,1.0,0.0,0.0
1998,PIT,Mitch Lyons,Mitch,Lyons,TE,85.0,28,77,265,Michigan St.,5/13/1970,5,15,0,0.0,1993.0,0,0,0,TE,TE,mitch_lyons,3.0,0.0,0.0
1998,RAI,Rickey Dudley,Rickey,Dudley,TE,83.0,26,78,255,Ohio St.,7/15/1972,2,16,15,3.0,1996.0,0,0,0,TE,TE,rickey_dudley,25.0,0.0,0.0
1998,RAI,Rickey Dudley,Rickey,Dudley,TE,83.0,26,78,255,Ohio St.,7/15/1972,2,16,15,3.0,1996.0,0,0,0,TE,TE,rickey_dudley,25.0,0.0,0.0
1998,RAI,Derek Brown,Derek,Brown,TE,86.0,28,78,259,Notre Dame,3/31/1970,6,16,4,1.0,1992.0,0,0,0,TE,TE,derek_brown,4.0,0.0,0.0
1998,RAI,Derek Brown,Derek,Brown,TE,86.0,28,78,259,Notre Dame,3/31/1970,6,16,4,1.0,1992.0,0,0,0,TE,TE,derek_brown,17.0,0.0,0.0
1998,RAI,Derek Brown,Derek,Brown,TE,86.0,28,78,259,Notre Dame,3/31/1970,6,16,4,1.0,1992.0,0,0,0,TE,TE,derek_brown,4.0,0.0,0.0
1998,RAI,Derek Brown,Derek,Brown,TE,86.0,28,78,259,Notre Dame,3/31/1970,6,16,4,1.0,1992.0,0,0,0,TE,TE,derek_brown,17.0,0.0,0.0
1998,RAI,Jeremy Brigham,Jeremy,Brigham,TE,87.0,23,78,255,Washington,3/22/1975,Rook,2,0,0.0,1998.0,0,0,0,TE,TE,jeremy_brigham,3.0,0.0,0.0
1998,RAI,Jeremy Brigham,Jeremy,Brigham,TE,87.0,23,78,255,Washington,3/22/1975,Rook,2,0,0.0,1998.0,0,0,0,TE,TE,jeremy_brigham,3.0,0.0,0.0
1998,RAM,Ernie Conwell,Ernie,Conwell,TE,84.0,26,74,255,Washington,8/17/1972,2,7,7,1.0,1996.0,0,0,0,TE,TE,ernie_conwell,17.0,0.0,0.0
1998,RAM,Roland Williams,Roland,Williams,TE,86.0,23,77,265,Syracuse,4/27/1975,Rook,13,9,1.0,1998.0,0,0,0,TE,TE,roland_williams,9.0,0.0,0.0
1998,RAM,Ernie Conwell,Ernie,Conwell,TE,84.0,26,74,255,Washington,8/17/1972,2,7,7,1.0,1996.0,0,0,0,TE,TE,ernie_conwell,17.0,0.0,0.0
1998,RAM,Roland Williams,Roland,Williams,TE,86.0,23,77,265,Syracuse,4/27/1975,Rook,13,9,1.0,1998.0,0,0,0,TE,TE,roland_williams,9.0,0.0,0.0
1998,RAM,Tyji Armstrong,Tyji,Armstrong,TE,89.0,28,76,259,"Iowa Central,Mississippi",10/3/1970,6,12,0,0.0,1992.0,0,0,0,TE,TE,tyji_armstrong,4.0,0.0,0.0
1998,RAM,Mitch Jacoby,Mitch,Jacoby,TE,46.0,25,76,260,Northern Illinois,12/8/1973,1,5,0,0.0,,0,0,0,TE,TE,mitch_jacoby,0.0,0.0,0.0
1998,RAM,Tyji Armstrong,Tyji,Armstrong,TE,89.0,28,76,259,"Iowa Central,Mississippi",10/3/1970,6,12,0,0.0,1992.0,0,0,0,TE,TE,tyji_armstrong,4.0,0.0,0.0
1998,RAM,Mitch Jacoby,Mitch,Jacoby,TE,46.0,25,76,260,Northern Illinois,12/8/1973,1,5,0,0.0,,0,0,0,TE,TE,mitch_jacoby,0.0,0.0,0.0
1998,RAV,Eric Green,Eric,Green,TE,86.0,31,77,280,Liberty,6/22/1967,8,12,12,3.0,1990.0,0,0,0,TE,TE,eric_green,32.0,0.0,2.0
1998,RAV,Eric Green,Eric,Green,TE,86.0,31,77,280,Liberty,6/22/1967,8,12,12,3.0,1990.0,0,0,0,TE,TE,eric_green,12.0,0.0,0.0
1998,RAV,Eric Green,Eric,Green,TE,86.0,31,77,280,Liberty,6/22/1967,8,12,12,3.0,1990.0,0,0,0,TE,TE,eric_green,32.0,0.0,2.0
1998,RAV,Eric Green,Eric,Green,TE,86.0,31,77,280,Liberty,6/22/1967,8,12,12,3.0,1990.0,0,0,0,TE,TE,eric_green,12.0,0.0,0.0
1998,RAV,Brian Kinchen,Brian,Kinchen,TE,88.0,33,74,240,LSU,8/6/1965,10,16,5,1.0,1988.0,0,0,0,TE,TE,brian_kinchen,15.0,0.0,0.0
1998,RAV,Brian Kinchen,Brian,Kinchen,TE,88.0,33,74,240,LSU,8/6/1965,10,16,5,1.0,1988.0,0,0,0,TE,TE,brian_kinchen,15.0,0.0,0.0
1998,RAV,Harper LeBel,Harper,LeBel,TE,82.0,35,76,250,Colorado St.,7/14/1963,9,5,0,0.0,1985.0,0,0,0,TE,TE,harper_lebel,0.0,0.0,0.0
1998,RAV,A.J. Ofodile,A.J.,Ofodile,TE,89.0,25,78,260,Missouri,10/9/1973,1,5,0,0.0,1994.0,0,0,0,TE,TE,a.j._ofodile,0.0,0.0,0.0
1998,RAV,Harper LeBel,Harper,LeBel,TE,82.0,35,76,250,Colorado St.,7/14/1963,9,5,0,0.0,1985.0,0,0,0,TE,TE,harper_lebel,0.0,0.0,0.0
1998,RAV,A.J. Ofodile,A.J.,Ofodile,TE,89.0,25,78,260,Missouri,10/9/1973,1,5,0,0.0,1994.0,0,0,0,TE,TE,a.j._ofodile,0.0,0.0,0.0
1998,SDG,Freddie Jones,Freddie,Jones,TE,88.0,24,76,260,North Carolina,9/16/1974,1,16,16,4.0,1997.0,0,0,0,TE,TE,freddie_jones,26.0,0.0,0.0
1998,SDG,Freddie Jones,Freddie,Jones,TE,88.0,24,76,260,North Carolina,9/16/1974,1,16,16,4.0,1997.0,0,0,0,TE,TE,freddie_jones,26.0,0.0,0.0
1998,SDG,John Burke,John,Burke,TE,83.0,27,75,248,Virginia Tech,9/7/1971,4,10,6,0.0,1994.0,0,0,0,TE,TE,john_burke,2.0,0.0,0.0
1998,SDG,Wendell Davis,Wendell,Davis,TE,81.0,23,74,246,"Mississippi Gulf Coast CC,Temple",10/24/1975,Rook,11,7,0.0,,0,0,0,TE,TE,wendell_davis,28.0,0.0,0.0
1998,SDG,Wendell Davis,Wendell,Davis,TE,81.0,23,74,246,"Mississippi Gulf Coast CC,Temple",10/24/1975,Rook,11,7,0.0,,0,0,0,TE,TE,wendell_davis,3.0,0.0,0.0
1998,SDG,Wendell Davis,Wendell,Davis,TE,81.0,23,74,246,"Mississippi Gulf Coast CC,Temple",10/24/1975,Rook,11,7,0.0,,0,0,0,TE,TE,wendell_davis,0.0,0.0,0.0
1998,SDG,Frank Hartley,Frank,Hartley,TE,89.0,31,74,268,Illinois,12/15/1967,4,16,3,0.0,,0,0,0,TE,TE,frank_hartley,0.0,0.0,0.0
1998,SDG,John Burke,John,Burke,TE,83.0,27,75,248,Virginia Tech,9/7/1971,4,10,6,0.0,1994.0,0,0,0,TE,TE,john_burke,2.0,0.0,0.0
1998,SDG,Wendell Davis,Wendell,Davis,TE,81.0,23,74,246,"Mississippi Gulf Coast CC,Temple",10/24/1975,Rook,11,7,0.0,,0,0,0,TE,TE,wendell_davis,28.0,0.0,0.0
1998,SDG,Wendell Davis,Wendell,Davis,TE,81.0,23,74,246,"Mississippi Gulf Coast CC,Temple",10/24/1975,Rook,11,7,0.0,,0,0,0,TE,TE,wendell_davis,3.0,0.0,0.0
1998,SDG,Wendell Davis,Wendell,Davis,TE,81.0,23,74,246,"Mississippi Gulf Coast CC,Temple",10/24/1975,Rook,11,7,0.0,,0,0,0,TE,TE,wendell_davis,0.0,0.0,0.0
1998,SDG,Frank Hartley,Frank,Hartley,TE,89.0,31,74,268,Illinois,12/15/1967,4,16,3,0.0,,0,0,0,TE,TE,frank_hartley,0.0,0.0,0.0
1998,SEA,Christian Fauria,Christian,Fauria,TE,86.0,27,76,250,Colorado,9/22/1971,3,16,15,3.0,1995.0,0,0,0,TE,TE,christian_fauria,17.0,0.0,0.0
1998,SEA,Christian Fauria,Christian,Fauria,TE,86.0,27,76,250,Colorado,9/22/1971,3,16,15,3.0,1995.0,0,0,0,TE,TE,christian_fauria,17.0,0.0,0.0
1998,SEA,Carlester Crumpler,Carlester,Crumpler,TE,87.0,27,78,260,East Carolina,9/5/1971,4,11,1,0.0,1994.0,0,0,0,TE,TE,carlester_crumpler,0.0,0.0,0.0
1998,SEA,Carlester Crumpler,Carlester,Crumpler,TE,87.0,27,78,260,East Carolina,9/5/1971,4,11,1,0.0,1994.0,0,0,0,TE,TE,carlester_crumpler,7.0,0.0,0.0
1998,SEA,Deems May,Deems,May,TE,88.0,29,76,263,North Carolina,3/6/1969,6,16,1,0.0,1992.0,0,0,0,TE,TE,deems_may,2.0,0.0,0.0
1998,SEA,Itula Mili,Itula,Mili,TE,49.0,25,76,260,BYU,4/20/1973,1,7,0,0.0,1997.0,0,0,0,TE,TE,itula_mili,15.0,0.0,0.0
1998,SEA,Carlester Crumpler,Carlester,Crumpler,TE,87.0,27,78,260,East Carolina,9/5/1971,4,11,1,0.0,1994.0,0,0,0,TE,TE,carlester_crumpler,0.0,0.0,0.0
1998,SEA,Carlester Crumpler,Carlester,Crumpler,TE,87.0,27,78,260,East Carolina,9/5/1971,4,11,1,0.0,1994.0,0,0,0,TE,TE,carlester_crumpler,7.0,0.0,0.0
1998,SEA,Deems May,Deems,May,TE,88.0,29,76,263,North Carolina,3/6/1969,6,16,1,0.0,1992.0,0,0,0,TE,TE,deems_may,2.0,0.0,0.0
1998,SEA,Itula Mili,Itula,Mili,TE,49.0,25,76,260,BYU,4/20/1973,1,7,0,0.0,1997.0,0,0,0,TE,TE,itula_mili,15.0,0.0,0.0
1998,SFO,Irv Smith,Irv,Smith,TE,82.0,27,75,249,Notre Dame,10/13/1971,5,16,8,3.0,1993.0,0,0,0,TE,TE,irv_smith,14.0,0.0,0.0
1998,SFO,Irv Smith,Irv,Smith,TE,82.0,27,75,249,Notre Dame,10/13/1971,5,16,8,3.0,1993.0,0,0,0,TE,TE,irv_smith,14.0,0.0,0.0
1998,SFO,Greg Clark,Greg,Clark,TE,85.0,26,76,251,Stanford,4/7/1972,1,13,9,1.0,1997.0,0,0,0,TE,TE,greg_clark,6.0,0.0,0.0
1998,SFO,Greg Clark,Greg,Clark,TE,85.0,26,76,251,Stanford,4/7/1972,1,13,9,1.0,1997.0,0,0,0,TE,TE,greg_clark,9.0,0.0,0.0
1998,SFO,Greg Clark,Greg,Clark,TE,85.0,26,76,251,Stanford,4/7/1972,1,13,9,1.0,1997.0,0,0,0,TE,TE,greg_clark,6.0,0.0,0.0
1998,SFO,Greg Clark,Greg,Clark,TE,85.0,26,76,251,Stanford,4/7/1972,1,13,9,1.0,1997.0,0,0,0,TE,TE,greg_clark,9.0,0.0,0.0
1998,SFO,Chad Fann,Chad,Fann,TE,86.0,28,75,252,"Mississippi,Florida A&M",6/7/1970,5,12,0,0.0,,0,0,0,TE,TE,chad_fann,0.0,0.0,0.0
1998,SFO,Chad Fann,Chad,Fann,TE,86.0,28,75,252,"Mississippi,Florida A&M",6/7/1970,5,12,0,0.0,,0,0,0,TE,TE,chad_fann,0.0,0.0,0.0
1998,TAM,Dave Moore,Dave,Moore,TE,83.0,29,74,250,Pittsburgh,11/11/1969,6,16,16,3.0,1992.0,0,0,0,TE,TE,dave_moore,18.0,0.0,1.0
1998,TAM,Dave Moore,Dave,Moore,TE,83.0,29,74,250,Pittsburgh,11/11/1969,6,16,16,3.0,1992.0,0,0,0,TE,TE,dave_moore,18.0,0.0,1.0
1998,TAM,John Davis,John,Davis,TE,80.0,25,76,257,"Cisco (TX),Emporia St.",5/14/1973,1,16,0,0.0,,0,0,0,TE,TE,john_davis,0.0,0.0,0.0
1998,TAM,John Davis,John,Davis,TE,80.0,25,76,257,"Cisco (TX),Emporia St.",5/14/1973,1,16,0,0.0,,0,0,0,TE,TE,john_davis,0.0,0.0,0.0
1998,TAM,John Davis,John,Davis,TE,80.0,25,76,257,"Cisco (TX),Emporia St.",5/14/1973,1,16,0,0.0,,0,0,0,TE,TE,john_davis,31.0,0.0,0.0
1998,TAM,John Davis,John,Davis,TE,80.0,25,76,257,"Cisco (TX),Emporia St.",5/14/1973,1,16,0,0.0,,0,0,0,TE,TE,john_davis,0.0,0.0,1.0
1998,TAM,Patrick Hape,Patrick,Hape,TE,82.0,24,76,262,Alabama,6/6/1974,1,16,2,0.0,1997.0,0,0,0,TE,TE,patrick_hape,1.0,0.0,0.0
1998,TAM,John Davis,John,Davis,TE,80.0,25,76,257,"Cisco (TX),Emporia St.",5/14/1973,1,16,0,0.0,,0,0,0,TE,TE,john_davis,0.0,0.0,0.0
1998,TAM,John Davis,John,Davis,TE,80.0,25,76,257,"Cisco (TX),Emporia St.",5/14/1973,1,16,0,0.0,,0,0,0,TE,TE,john_davis,0.0,0.0,0.0
1998,TAM,John Davis,John,Davis,TE,80.0,25,76,257,"Cisco (TX),Emporia St.",5/14/1973,1,16,0,0.0,,0,0,0,TE,TE,john_davis,31.0,0.0,0.0
1998,TAM,John Davis,John,Davis,TE,80.0,25,76,257,"Cisco (TX),Emporia St.",5/14/1973,1,16,0,0.0,,0,0,0,TE,TE,john_davis,0.0,0.0,1.0
1998,TAM,Patrick Hape,Patrick,Hape,TE,82.0,24,76,262,Alabama,6/6/1974,1,16,2,0.0,1997.0,0,0,0,TE,TE,patrick_hape,1.0,0.0,0.0
1998,WAS,Stephen Alexander,Stephen,Alexander,TE,80.0,23,76,250,Oklahoma,11/7/1975,Rook,15,5,3.0,1998.0,0,0,0,TE,TE,stephen_alexander,20.0,0.0,1.0
1998,WAS,Stephen Alexander,Stephen,Alexander,TE,80.0,23,76,250,Oklahoma,11/7/1975,Rook,15,5,3.0,1998.0,0,0,0,TE,TE,stephen_alexander,20.0,0.0,1.0
1998,WAS,Jamie Asher,Jamie,Asher,TE,84.0,26,75,245,Louisville,10/31/1972,3,9,7,2.0,1995.0,0,0,0,TE,TE,jamie_asher,13.0,0.0,0.0
1998,WAS,Jamie Asher,Jamie,Asher,TE,84.0,26,75,245,Louisville,10/31/1972,3,9,7,2.0,1995.0,0,0,0,TE,TE,jamie_asher,13.0,0.0,0.0
1998,WAS,James Jenkins,James,Jenkins,TE,88.0,31,74,243,Rutgers,8/17/1967,7,16,4,0.0,,0,0,0,TE,TE,james_jenkins,0.0,0.0,0.0
1998,WAS,Mike Sellers,Mike,Sellers,TE,85.0,23,75,272,Walla Walla CC (WA),7/21/1975,1,14,1,0.0,,0,0,0,TE,TE,mike_sellers,0.0,0.0,0.0
1998,WAS,James Jenkins,James,Jenkins,TE,88.0,31,74,243,Rutgers,8/17/1967,7,16,4,0.0,,0,0,0,TE,TE,james_jenkins,0.0,0.0,0.0
1998,WAS,Mike Sellers,Mike,Sellers,TE,85.0,23,75,272,Walla Walla CC (WA),7/21/1975,1,14,1,0.0,,0,0,0,TE,TE,mike_sellers,0.0,0.0,0.0
1999,ATL,O.J. Santiago,O.J.,Santiago,TE,88.0,25,79,265,Kent St.,3/4/1974,2,14,14,2.0,1997.0,0,0,0,TE,TE,o.j._santiago,10.0,0.0,0.0
1999,ATL,O.J. Santiago,O.J.,Santiago,TE,88.0,25,79,265,Kent St.,3/4/1974,2,14,14,2.0,1997.0,0,0,0,TE,TE,o.j._santiago,10.0,0.0,0.0
1999,ATL,Reggie Kelly,Reggie,Kelly,TE,89.0,22,76,257,Mississippi St.,2/22/1977,Rook,16,2,1.0,1999.0,0,0,0,TE,TE,reggie_kelly,12.0,0.0,0.0
1999,ATL,Brian Kozlowski,Brian,Kozlowski,TE,85.0,29,75,250,Connecticut,10/4/1970,5,16,3,1.0,,0,0,0,TE,TE,brian_kozlowski,0.0,0.0,0.0
1999,ATL,Reggie Kelly,Reggie,Kelly,TE,89.0,22,76,257,Mississippi St.,2/22/1977,Rook,16,2,1.0,1999.0,0,0,0,TE,TE,reggie_kelly,12.0,0.0,0.0
1999,ATL,Brian Kozlowski,Brian,Kozlowski,TE,85.0,29,75,250,Connecticut,10/4/1970,5,16,3,1.0,,0,0,0,TE,TE,brian_kozlowski,0.0,0.0,0.0
1999,ATL,Rodrick Monroe,Rodrick,Monroe,TE,84.0,23,77,254,Cincinnati,7/31/1976,Rook,2,0,0.0,1998.0,0,0,0,TE,TE,rodrick_monroe,0.0,0.0,0.0
1999,ATL,Rodrick Monroe,Rodrick,Monroe,TE,84.0,23,77,254,Cincinnati,7/31/1976,Rook,2,0,0.0,1998.0,0,0,0,TE,TE,rodrick_monroe,0.0,0.0,0.0
1999,BUF,Jay Riemersma,Jay,Riemersma,TE,85.0,26,77,255,Michigan,5/17/1973,2,14,11,5.0,1996.0,0,0,0,TE,TE,jay_riemersma,19.0,0.0,0.0
1999,BUF,Jay Riemersma,Jay,Riemersma,TE,85.0,26,77,255,Michigan,5/17/1973,2,14,11,5.0,1996.0,0,0,0,TE,TE,jay_riemersma,19.0,0.0,0.0
1999,BUF,Bobby Collins,Bobby,Collins,TE,84.0,23,76,246,"East Mississippi CC,North Alabama",8/20/1976,Rook,14,4,1.0,1999.0,0,0,0,TE,TE,bobby_collins,2.0,0.0,0.0
1999,BUF,Bobby Collins,Bobby,Collins,TE,84.0,23,76,246,"East Mississippi CC,North Alabama",8/20/1976,Rook,14,4,1.0,1999.0,0,0,0,TE,TE,bobby_collins,2.0,0.0,0.0
1999,BUF,Sheldon Jackson,Sheldon,Jackson,TE,88.0,23,75,250,Nebraska,7/24/1976,Rook,13,4,0.0,1999.0,0,0,0,TE,TE,sheldon_jackson,0.0,0.0,0.0
1999,BUF,Sheldon Jackson,Sheldon,Jackson,TE,88.0,23,75,250,Nebraska,7/24/1976,Rook,13,4,0.0,1999.0,0,0,0,TE,TE,sheldon_jackson,0.0,0.0,0.0
1999,CAR,Wesley Walls,Wesley,Walls,TE,85.0,33,77,240,Mississippi,2/26/1966,10,16,16,9.0,1989.0,0,0,0,TE,TE,wesley_walls,43.0,0.0,5.0
1999,CAR,Wesley Walls,Wesley,Walls,TE,85.0,33,77,240,Mississippi,2/26/1966,10,16,16,9.0,1989.0,0,0,0,TE,TE,wesley_walls,43.0,0.0,5.0
1999,CAR,Brian Kinchen,Brian,Kinchen,TE,88.0,34,74,240,LSU,8/6/1965,11,16,0,1.0,1988.0,0,0,0,TE,TE,brian_kinchen,15.0,0.0,0.0
1999,CAR,Brian Kinchen,Brian,Kinchen,TE,88.0,34,74,240,LSU,8/6/1965,11,16,0,1.0,1988.0,0,0,0,TE,TE,brian_kinchen,15.0,0.0,0.0
1999,CAR,Kris Mangum,Kris,Mangum,TE,86.0,26,76,252,"Alabama,Mississippi",8/15/1973,2,11,0,0.0,1997.0,0,0,0,TE,TE,kris_mangum,11.0,0.0,0.0
1999,CAR,Kris Mangum,Kris,Mangum,TE,86.0,26,76,252,"Alabama,Mississippi",8/15/1973,2,11,0,0.0,1997.0,0,0,0,TE,TE,kris_mangum,11.0,0.0,0.0
1999,CHI,Ryan Wetnight,Ryan,Wetnight,TE,89.0,29,74,235,Stanford,11/5/1970,6,16,4,2.0,,0,0,0,TE,TE,ryan_wetnight,0.0,0.0,0.0
1999,CHI,Ryan Wetnight,Ryan,Wetnight,TE,89.0,29,74,235,Stanford,11/5/1970,6,16,4,2.0,,0,0,0,TE,TE,ryan_wetnight,0.0,0.0,0.0
1999,CHI,John Allred,John,Allred,TE,84.0,25,76,249,USC,9/9/1974,2,16,5,1.0,1997.0,0,0,0,TE,TE,john_allred,3.0,0.0,0.0
1999,CHI,Alonzo Mayes,Alonzo,Mayes,TE,85.0,24,76,259,Oklahoma St.,6/4/1975,1,16,9,1.0,1998.0,0,0,0,TE,TE,alonzo_mayes,3.0,0.0,0.0
1999,CHI,John Allred,John,Allred,TE,84.0,25,76,249,USC,9/9/1974,2,16,5,1.0,1997.0,0,0,0,TE,TE,john_allred,3.0,0.0,0.0
1999,CHI,Alonzo Mayes,Alonzo,Mayes,TE,85.0,24,76,259,Oklahoma St.,6/4/1975,1,16,9,1.0,1998.0,0,0,0,TE,TE,alonzo_mayes,3.0,0.0,0.0
1999,CIN,Tony McGee,Tony,McGee,TE,82.0,28,75,247,Michigan,4/21/1971,6,16,16,3.0,1993.0,0,0,0,TE,TE,tony_mcgee,38.0,0.0,0.0
1999,CIN,Tony McGee,Tony,McGee,TE,82.0,28,75,247,Michigan,4/21/1971,6,16,16,3.0,1993.0,0,0,0,TE,TE,tony_mcgee,28.0,0.0,0.0
1999,CIN,Tony McGee,Tony,McGee,TE,82.0,28,75,247,Michigan,4/21/1971,6,16,16,3.0,1993.0,0,0,0,TE,TE,tony_mcgee,38.0,0.0,0.0
1999,CIN,Tony McGee,Tony,McGee,TE,82.0,28,75,247,Michigan,4/21/1971,6,16,16,3.0,1993.0,0,0,0,TE,TE,tony_mcgee,28.0,0.0,0.0
1999,CIN,Marco Battaglia,Marco,Battaglia,TE,89.0,26,75,250,Rutgers,1/25/1973,3,16,0,1.0,1996.0,0,0,0,TE,TE,marco_battaglia,6.0,0.0,0.0
1999,CIN,Marco Battaglia,Marco,Battaglia,TE,89.0,26,75,250,Rutgers,1/25/1973,3,16,0,1.0,1996.0,0,0,0,TE,TE,marco_battaglia,6.0,0.0,0.0
1999,CIN,Steve Bush,Steve,Bush,TE,88.0,25,75,280,Arizona St.,7/4/1974,2,13,0,0.0,,0,0,0,TE,TE,steve_bush,0.0,0.0,0.0
1999,CIN,Steve Bush,Steve,Bush,TE,88.0,25,75,280,Arizona St.,7/4/1974,2,13,0,0.0,,0,0,0,TE,TE,steve_bush,0.0,0.0,0.0
1999,CLE,Irv Smith,Irv,Smith,TE,82.0,28,75,249,Notre Dame,10/13/1971,6,13,13,2.0,1993.0,0,0,0,TE,TE,irv_smith,14.0,0.0,0.0
1999,CLE,Irv Smith,Irv,Smith,TE,82.0,28,75,249,Notre Dame,10/13/1971,6,13,13,2.0,1993.0,0,0,0,TE,TE,irv_smith,14.0,0.0,0.0
1999,CLE,Mark Campbell,Mark,Campbell,TE,83.0,24,78,260,Michigan,12/6/1975,Rook,14,4,1.0,,0,0,0,TE,TE,mark_campbell,0.0,0.0,0.0
1999,CLE,Mark Campbell,Mark,Campbell,TE,83.0,24,78,260,Michigan,12/6/1975,Rook,14,4,1.0,,0,0,0,TE,TE,mark_campbell,0.0,0.0,0.0
1999,CLE,Mark Campbell,Mark,Campbell,TE,83.0,24,78,260,Michigan,12/6/1975,Rook,14,4,1.0,,0,0,0,TE,TE,mark_campbell,0.0,0.0,0.0
1999,CLE,Mark Campbell,Mark,Campbell,TE,83.0,24,78,260,Michigan,12/6/1975,Rook,14,4,1.0,,0,0,0,TE,TE,mark_campbell,0.0,0.0,0.0
1999,CLE,James Dearth,James,Dearth,TE,88.0,23,76,265,"Tulsa,Tarleton St.",1/22/1976,Rook,2,0,0.0,1999.0,0,0,0,TE,TE,james_dearth,0.0,0.0,0.0
1999,CLE,Randy Palmer,Randy,Palmer,TE,89.0,24,76,235,Texas A&M-Kingsville,11/12/1975,Rook,3,0,0.0,,0,0,0,TE,TE,randy_palmer,0.0,0.0,0.0
1999,CLE,James Dearth,James,Dearth,TE,88.0,23,76,265,"Tulsa,Tarleton St.",1/22/1976,Rook,2,0,0.0,1999.0,0,0,0,TE,TE,james_dearth,0.0,0.0,0.0
1999,CLE,Randy Palmer,Randy,Palmer,TE,89.0,24,76,235,Texas A&M-Kingsville,11/12/1975,Rook,3,0,0.0,,0,0,0,TE,TE,randy_palmer,0.0,0.0,0.0
1999,CLT,Ken Dilger,Ken,Dilger,TE,85.0,28,77,250,Illinois,2/2/1971,4,15,15,6.0,1995.0,0,0,0,TE,TE,ken_dilger,35.0,0.0,1.0
1999,CLT,Ken Dilger,Ken,Dilger,TE,85.0,28,77,250,Illinois,2/2/1971,4,15,15,6.0,1995.0,0,0,0,TE,TE,ken_dilger,35.0,0.0,1.0
1999,CLT,Marcus Pollard,Marcus,Pollard,TE,81.0,27,75,248,Bradley,2/8/1972,4,16,12,5.0,,0,0,0,TE,TE,marcus_pollard,0.0,0.0,0.0
1999,CLT,Marcus Pollard,Marcus,Pollard,TE,81.0,27,75,248,Bradley,2/8/1972,4,16,12,5.0,,0,0,0,TE,TE,marcus_pollard,0.0,0.0,0.0
1999,CRD,Terry Hardy,Terry,Hardy,TE,80.0,23,76,266,Southern Miss,5/31/1976,1,16,16,2.0,1998.0,0,0,0,TE,TE,terry_hardy,10.0,0.0,0.0
1999,CRD,Terry Hardy,Terry,Hardy,TE,80.0,23,76,266,Southern Miss,5/31/1976,1,16,16,2.0,1998.0,0,0,0,TE,TE,terry_hardy,10.0,0.0,0.0
1999,CRD,Johnny McWilliams,Johnny,McWilliams,TE,87.0,27,76,271,USC,12/14/1972,3,15,4,1.0,1996.0,0,0,0,TE,TE,johnny_mcwilliams,6.0,0.0,0.0
1999,CRD,Johnny McWilliams,Johnny,McWilliams,TE,87.0,27,76,271,USC,12/14/1972,3,15,4,1.0,1996.0,0,0,0,TE,TE,johnny_mcwilliams,6.0,0.0,0.0
1999,CRD,Derek Brown,Derek,Brown,TE,83.0,29,78,259,Notre Dame,3/31/1970,7,15,0,0.0,1992.0,0,0,0,TE,TE,derek_brown,4.0,0.0,0.0
1999,CRD,Derek Brown,Derek,Brown,TE,83.0,29,78,259,Notre Dame,3/31/1970,7,15,0,0.0,1992.0,0,0,0,TE,TE,derek_brown,17.0,0.0,0.0
1999,CRD,Derek Brown,Derek,Brown,TE,83.0,29,78,259,Notre Dame,3/31/1970,7,15,0,0.0,1992.0,0,0,0,TE,TE,derek_brown,4.0,0.0,0.0
1999,CRD,Derek Brown,Derek,Brown,TE,83.0,29,78,259,Notre Dame,3/31/1970,7,15,0,0.0,1992.0,0,0,0,TE,TE,derek_brown,17.0,0.0,0.0
1999,DAL,David LaFleur,David,LaFleur,TE,89.0,25,79,272,LSU,1/29/1974,2,16,16,3.0,1997.0,0,0,0,TE,TE,david_lafleur,7.0,0.0,0.0
1999,DAL,David LaFleur,David,LaFleur,TE,89.0,25,79,272,LSU,1/29/1974,2,16,16,3.0,1997.0,0,0,0,TE,TE,david_lafleur,7.0,0.0,0.0
1999,DAL,Eric Bjornson,Eric,Bjornson,TE,86.0,28,76,236,Washington,12/15/1971,4,16,6,1.0,1995.0,0,0,0,TE,TE,eric_bjornson,10.0,0.0,0.0
1999,DAL,Eric Bjornson,Eric,Bjornson,TE,86.0,28,76,236,Washington,12/15/1971,4,16,6,1.0,1995.0,0,0,0,TE,TE,eric_bjornson,10.0,0.0,0.0
1999,DAL,Mike Lucky,Mike,Lucky,TE,84.0,24,78,280,Arizona,11/23/1975,Rook,14,4,0.0,1999.0,0,0,0,TE,TE,mike_lucky,1.0,0.0,0.0
1999,DAL,Ryan Neufeld,Ryan,Neufeld,TE,39.0,24,76,250,UCLA,11/22/1975,Rook,6,0,0.0,,0,0,0,TE,TE,ryan_neufeld,0.0,0.0,0.0
1999,DAL,Mike Lucky,Mike,Lucky,TE,84.0,24,78,280,Arizona,11/23/1975,Rook,14,4,0.0,1999.0,0,0,0,TE,TE,mike_lucky,1.0,0.0,0.0
1999,DAL,Ryan Neufeld,Ryan,Neufeld,TE,39.0,24,76,250,UCLA,11/22/1975,Rook,6,0,0.0,,0,0,0,TE,TE,ryan_neufeld,0.0,0.0,0.0
1999,DEN,Byron Chamberlain,Byron,Chamberlain,TE,86.0,28,73,250,"Missouri,Wayne State (NE)",10/17/1971,4,16,0,4.0,1995.0,0,0,0,TE,TE,byron_chamberlain,17.0,0.0,1.0
1999,DEN,Byron Chamberlain,Byron,Chamberlain,TE,86.0,28,73,250,"Missouri,Wayne State (NE)",10/17/1971,4,16,0,4.0,1995.0,0,0,0,TE,TE,byron_chamberlain,17.0,0.0,1.0
1999,DEN,Dwayne Carswell,Dwayne,Carswell,TE,89.0,27,75,290,Liberty,1/18/1972,5,16,11,2.0,,0,0,0,TE,TE,dwayne_carswell,0.0,0.0,1.0
1999,DEN,Shannon Sharpe,Shannon,Sharpe,TE,84.0,31,74,228,Savannah St.,6/26/1968,9,5,5,2.0,1990.0,0,0,0,TE,TE,shannon_sharpe,82.0,4.0,8.0
1999,DEN,Dwayne Carswell,Dwayne,Carswell,TE,89.0,27,75,290,Liberty,1/18/1972,5,16,11,2.0,,0,0,0,TE,TE,dwayne_carswell,0.0,0.0,1.0
1999,DEN,Shannon Sharpe,Shannon,Sharpe,TE,84.0,31,74,228,Savannah St.,6/26/1968,9,5,5,2.0,1990.0,0,0,0,TE,TE,shannon_sharpe,82.0,4.0,8.0
1999,DEN,Billy Miller,Billy,Miller,TE,82.0,22,75,252,USC,4/24/1977,Rook,10,0,1.0,1999.0,0,0,0,TE,TE,billy_miller,18.0,0.0,0.0
1999,DEN,Billy Miller,Billy,Miller,TE,82.0,22,75,252,USC,4/24/1977,Rook,10,0,1.0,1999.0,0,0,0,TE,TE,billy_miller,18.0,0.0,0.0
1999,DEN,Desmond Clark,Desmond,Clark,TE,88.0,22,75,249,Wake Forest,4/20/1977,Rook,9,0,0.0,1999.0,0,0,0,TE,TE,desmond_clark,27.0,0.0,0.0
1999,DEN,Desmond Clark,Desmond,Clark,TE,88.0,22,75,249,Wake Forest,4/20/1977,Rook,9,0,0.0,1999.0,0,0,0,TE,TE,desmond_clark,27.0,0.0,0.0
1999,DET,David Sloan,David,Sloan,TE,86.0,27,78,260,New Mexico,6/8/1972,4,16,15,5.0,1995.0,0,0,0,TE,TE,david_sloan,18.0,0.0,1.0
1999,DET,David Sloan,David,Sloan,TE,86.0,27,78,260,New Mexico,6/8/1972,4,16,15,5.0,1995.0,0,0,0,TE,TE,david_sloan,18.0,0.0,1.0
1999,DET,Pete Chryplewicz,Pete,Chryplewicz,TE,81.0,25,77,253,Notre Dame,4/27/1974,2,11,1,0.0,1997.0,0,0,0,TE,TE,pete_chryplewicz,0.0,0.0,0.0
1999,DET,Walter Rasby,Walter,Rasby,TE,89.0,27,75,252,Wake Forest,9/7/1972,5,16,6,0.0,,0,0,0,TE,TE,walter_rasby,0.0,0.0,0.0
1999,DET,Ed Smith,Ed,Smith,TE,45.0,30,76,253,,6/5/1969,2,3,0,0.0,,0,0,0,TE,TE,ed_smith,0.0,0.0,0.0
1999,DET,Ed Smith,Ed,Smith,TE,45.0,30,76,253,,6/5/1969,2,3,0,0.0,,0,0,0,TE,TE,ed_smith,0.0,0.0,0.0
1999,DET,Ed Smith,Ed,Smith,TE,45.0,30,76,253,,6/5/1969,2,3,0,0.0,,0,0,0,TE,TE,ed_smith,0.0,0.0,0.0
1999,DET,Ed Smith,Ed,Smith,TE,45.0,30,76,253,,6/5/1969,2,3,0,0.0,,0,0,0,TE,TE,ed_smith,4.0,0.0,0.0
1999,DET,Ed Smith,Ed,Smith,TE,45.0,30,76,253,,6/5/1969,2,3,0,0.0,,0,0,0,TE,TE,ed_smith,4.0,0.0,0.0
1999,DET,Pete Chryplewicz,Pete,Chryplewicz,TE,81.0,25,77,253,Notre Dame,4/27/1974,2,11,1,0.0,1997.0,0,0,0,TE,TE,pete_chryplewicz,0.0,0.0,0.0
1999,DET,Walter Rasby,Walter,Rasby,TE,89.0,27,75,252,Wake Forest,9/7/1972,5,16,6,0.0,,0,0,0,TE,TE,walter_rasby,0.0,0.0,0.0
1999,DET,Ed Smith,Ed,Smith,TE,45.0,30,76,253,,6/5/1969,2,3,0,0.0,,0,0,0,TE,TE,ed_smith,0.0,0.0,0.0
1999,DET,Ed Smith,Ed,Smith,TE,45.0,30,76,253,,6/5/1969,2,3,0,0.0,,0,0,0,TE,TE,ed_smith,0.0,0.0,0.0
1999,DET,Ed Smith,Ed,Smith,TE,45.0,30,76,253,,6/5/1969,2,3,0,0.0,,0,0,0,TE,TE,ed_smith,0.0,0.0,0.0
1999,DET,Ed Smith,Ed,Smith,TE,45.0,30,76,253,,6/5/1969,2,3,0,0.0,,0,0,0,TE,TE,ed_smith,4.0,0.0,0.0
1999,DET,Ed Smith,Ed,Smith,TE,45.0,30,76,253,,6/5/1969,2,3,0,0.0,,0,0,0,TE,TE,ed_smith,4.0,0.0,0.0
1999,GNB,Tyrone Davis,Tyrone,Davis,TE,81.0,27,76,240,Virginia,6/30/1972,4,16,13,2.0,1995.0,0,0,0,TE,TE,tyrone_davis,0.0,0.0,0.0
1999,GNB,Tyrone Davis,Tyrone,Davis,TE,81.0,27,76,240,Virginia,6/30/1972,4,16,13,2.0,1995.0,0,0,0,TE,TE,tyrone_davis,8.0,0.0,0.0
1999,GNB,Tyrone Davis,Tyrone,Davis,TE,81.0,27,76,240,Virginia,6/30/1972,4,16,13,2.0,1995.0,0,0,0,TE,TE,tyrone_davis,0.0,0.0,0.0
1999,GNB,Tyrone Davis,Tyrone,Davis,TE,81.0,27,76,240,Virginia,6/30/1972,4,16,13,2.0,1995.0,0,0,0,TE,TE,tyrone_davis,8.0,0.0,0.0
1999,GNB,Jeff Thomason,Jeff,Thomason,TE,83.0,30,77,255,Oregon,12/30/1969,7,14,2,1.0,,0,0,0,TE,TE,jeff_thomason,0.0,0.0,0.0
1999,GNB,Jeff Thomason,Jeff,Thomason,TE,83.0,30,77,255,Oregon,12/30/1969,7,14,2,1.0,,0,0,0,TE,TE,jeff_thomason,0.0,0.0,0.0
1999,GNB,Mark Chmura,Mark,Chmura,TE,89.0,30,77,248,Boston Col.,2/22/1969,6,2,2,0.0,1992.0,0,0,0,TE,TE,mark_chmura,22.0,0.0,3.0
1999,GNB,Lamont Hall,Lamont,Hall,TE,49.0,25,76,260,Clemson,11/16/1974,1,14,0,0.0,,0,0,0,TE,TE,lamont_hall,0.0,0.0,0.0
1999,GNB,Mark Chmura,Mark,Chmura,TE,89.0,30,77,248,Boston Col.,2/22/1969,6,2,2,0.0,1992.0,0,0,0,TE,TE,mark_chmura,22.0,0.0,3.0
1999,GNB,Lamont Hall,Lamont,Hall,TE,49.0,25,76,260,Clemson,11/16/1974,1,14,0,0.0,,0,0,0,TE,TE,lamont_hall,0.0,0.0,0.0
1999,JAX,Kyle Brady,Kyle,Brady,TE,80.0,27,78,278,Penn St.,1/14/1972,4,13,12,3.0,1995.0,0,0,0,TE,TE,kyle_brady,26.0,0.0,0.0
1999,JAX,Kyle Brady,Kyle,Brady,TE,80.0,27,78,278,Penn St.,1/14/1972,4,13,12,3.0,1995.0,0,0,0,TE,TE,kyle_brady,26.0,0.0,0.0
1999,JAX,Damon Jones,Damon,Jones,TE,88.0,25,77,270,"Michigan,Southern Illinois",9/18/1974,2,15,8,2.0,1997.0,0,0,0,TE,TE,damon_jones,5.0,0.0,0.0
1999,JAX,Damon Jones,Damon,Jones,TE,88.0,25,77,270,"Michigan,Southern Illinois",9/18/1974,2,15,8,2.0,1997.0,0,0,0,TE,TE,damon_jones,5.0,0.0,0.0
1999,JAX,Rich Griffith,Rich,Griffith,TE,85.0,30,77,262,Arizona,7/31/1969,6,16,0,0.0,1993.0,0,0,0,TE,TE,rich_griffith,2.0,0.0,0.0
1999,JAX,Rich Griffith,Rich,Griffith,TE,85.0,30,77,262,Arizona,7/31/1969,6,16,0,0.0,1993.0,0,0,0,TE,TE,rich_griffith,2.0,0.0,0.0
1999,KAN,Tony Gonzalez,Tony,Gonzalez,TE,88.0,23,77,247,California,2/27/1976,2,15,15,8.0,1997.0,0,0,0,TE,TE,tony_gonzalez,95.0,6.0,14.0
1999,KAN,Tony Gonzalez,Tony,Gonzalez,TE,88.0,23,77,247,California,2/27/1976,2,15,15,8.0,1997.0,0,0,0,TE,TE,tony_gonzalez,95.0,6.0,14.0
1999,KAN,Lonnie Johnson,Lonnie,Johnson,TE,83.0,28,75,240,Florida St.,2/14/1971,5,14,2,1.0,1994.0,0,0,0,TE,TE,lonnie_johnson,0.0,0.0,0.0
1999,KAN,Lonnie Johnson,Lonnie,Johnson,TE,83.0,28,75,240,Florida St.,2/14/1971,5,14,2,1.0,1994.0,0,0,0,TE,TE,lonnie_johnson,13.0,0.0,0.0
1999,KAN,Lonnie Johnson,Lonnie,Johnson,TE,83.0,28,75,240,Florida St.,2/14/1971,5,14,2,1.0,1994.0,0,0,0,TE,TE,lonnie_johnson,0.0,0.0,0.0
1999,KAN,Lonnie Johnson,Lonnie,Johnson,TE,83.0,28,75,240,Florida St.,2/14/1971,5,14,2,1.0,1994.0,0,0,0,TE,TE,lonnie_johnson,13.0,0.0,0.0
1999,KAN,Mitch Jacoby,Mitch,Jacoby,TE,85.0,26,76,260,Northern Illinois,12/8/1973,2,5,0,0.0,,0,0,0,TE,TE,mitch_jacoby,0.0,0.0,0.0
1999,KAN,Mitch Jacoby,Mitch,Jacoby,TE,85.0,26,76,260,Northern Illinois,12/8/1973,2,5,0,0.0,,0,0,0,TE,TE,mitch_jacoby,0.0,0.0,0.0
1999,MIA,Troy Drayton,Troy,Drayton,TE,84.0,29,75,260,Penn St.,6/29/1970,6,14,13,3.0,1993.0,0,0,0,TE,TE,troy_drayton,21.0,0.0,0.0
1999,MIA,Troy Drayton,Troy,Drayton,TE,84.0,29,75,260,Penn St.,6/29/1970,6,14,13,3.0,1993.0,0,0,0,TE,TE,troy_drayton,21.0,0.0,0.0
1999,MIA,Hunter Goodwin,Hunter,Goodwin,TE,83.0,27,77,268,"Texas A&M-Kingsville,Texas A&M",10/10/1972,3,15,5,0.0,1996.0,0,0,0,TE,TE,hunter_goodwin,1.0,0.0,0.0
1999,MIA,Ed Perry,Ed,Perry,TE,89.0,25,76,265,James Madison,9/1/1974,2,16,1,0.0,1997.0,0,0,0,TE,TE,ed_perry,2.0,0.0,0.0
1999,MIA,Hunter Goodwin,Hunter,Goodwin,TE,83.0,27,77,268,"Texas A&M-Kingsville,Texas A&M",10/10/1972,3,15,5,0.0,1996.0,0,0,0,TE,TE,hunter_goodwin,1.0,0.0,0.0
1999,MIA,Ed Perry,Ed,Perry,TE,89.0,25,76,265,James Madison,9/1/1974,2,16,1,0.0,1997.0,0,0,0,TE,TE,ed_perry,2.0,0.0,0.0
1999,MIN,Andrew Glover,Andrew,Glover,TE,82.0,32,78,250,Grambling St.,8/12/1967,8,16,13,3.0,1991.0,0,0,0,TE,TE,andrew_glover,22.0,0.0,0.0
1999,MIN,Andrew Glover,Andrew,Glover,TE,82.0,32,78,250,Grambling St.,8/12/1967,8,16,13,3.0,1991.0,0,0,0,TE,TE,andrew_glover,22.0,0.0,0.0
1999,MIN,Carlester Crumpler,Carlester,Crumpler,TE,87.0,28,78,260,East Carolina,9/5/1971,5,11,1,0.0,1994.0,0,0,0,TE,TE,carlester_crumpler,0.0,0.0,0.0
1999,MIN,Carlester Crumpler,Carlester,Crumpler,TE,87.0,28,78,260,East Carolina,9/5/1971,5,11,1,0.0,1994.0,0,0,0,TE,TE,carlester_crumpler,7.0,0.0,0.0
1999,MIN,Andrew Jordan,Andrew,Jordan,TE,85.0,27,78,260,Western Carolina,6/21/1972,5,11,1,0.0,1994.0,0,0,0,TE,TE,andrew_jordan,7.0,0.0,0.0
1999,MIN,Carlester Crumpler,Carlester,Crumpler,TE,87.0,28,78,260,East Carolina,9/5/1971,5,11,1,0.0,1994.0,0,0,0,TE,TE,carlester_crumpler,0.0,0.0,0.0
1999,MIN,Carlester Crumpler,Carlester,Crumpler,TE,87.0,28,78,260,East Carolina,9/5/1971,5,11,1,0.0,1994.0,0,0,0,TE,TE,carlester_crumpler,7.0,0.0,0.0
1999,MIN,Andrew Jordan,Andrew,Jordan,TE,85.0,27,78,260,Western Carolina,6/21/1972,5,11,1,0.0,1994.0,0,0,0,TE,TE,andrew_jordan,7.0,0.0,0.0
1999,NOR,Cam Cleeland,Cam,Cleeland,TE,85.0,24,77,272,Washington,8/15/1975,1,11,8,2.0,1998.0,0,0,0,TE,TE,cam_cleeland,9.0,0.0,0.0
1999,NOR,Cam Cleeland,Cam,Cleeland,TE,85.0,24,77,272,Washington,8/15/1975,1,11,8,2.0,1998.0,0,0,0,TE,TE,cam_cleeland,9.0,0.0,0.0
1999,NOR,Scott Slutzker,Scott,Slutzker,TE,84.0,27,76,250,Iowa,12/20/1972,3,11,2,1.0,1996.0,0,0,0,TE,TE,scott_slutzker,1.0,0.0,0.0
1999,NOR,Scott Slutzker,Scott,Slutzker,TE,84.0,27,76,250,Iowa,12/20/1972,3,11,2,1.0,1996.0,0,0,0,TE,TE,scott_slutzker,1.0,0.0,0.0
1999,NOR,Josh Wilcox,Josh,Wilcox,TE,47.0,25,74,253,Oregon,6/5/1974,1,8,4,0.0,,0,0,0,TE,TE,josh_wilcox,0.0,0.0,0.0
1999,NOR,Josh Wilcox,Josh,Wilcox,TE,47.0,25,74,253,Oregon,6/5/1974,1,8,4,0.0,,0,0,0,TE,TE,josh_wilcox,0.0,0.0,0.0
1999,NWE,Ben Coates,Ben,Coates,TE,87.0,30,77,245,Livingstone,8/16/1969,8,16,15,3.0,1991.0,0,0,0,TE,TE,ben_coates,43.0,2.0,5.0
1999,NWE,Ben Coates,Ben,Coates,TE,87.0,30,77,245,Livingstone,8/16/1969,8,16,15,3.0,1991.0,0,0,0,TE,TE,ben_coates,43.0,2.0,5.0
1999,NWE,Rod Rutledge,Rod,Rutledge,TE,83.0,24,77,262,Alabama,8/12/1975,1,16,2,1.0,1998.0,0,0,0,TE,TE,rod_rutledge,2.0,0.0,0.0
1999,NWE,Rod Rutledge,Rod,Rutledge,TE,83.0,24,77,262,Alabama,8/12/1975,1,16,2,1.0,1998.0,0,0,0,TE,TE,rod_rutledge,2.0,0.0,0.0
1999,NYG,Pete Mitchell,Pete,Mitchell,TE,83.0,28,74,243,Boston Col.,10/9/1971,4,15,6,4.0,1995.0,0,0,0,TE,TE,pete_mitchell,23.0,0.0,0.0
1999,NYG,Pete Mitchell,Pete,Mitchell,TE,83.0,28,74,243,Boston Col.,10/9/1971,4,15,6,4.0,1995.0,0,0,0,TE,TE,pete_mitchell,23.0,0.0,0.0
1999,NYG,Dan Campbell,Dan,Campbell,TE,86.0,23,77,265,Texas A&M,4/13/1976,Rook,12,1,0.0,1999.0,0,0,0,TE,TE,dan_campbell,7.0,0.0,0.0
1999,NYG,Howard Cross,Howard,Cross,TE,87.0,32,77,270,Alabama,8/8/1967,10,16,15,0.0,1989.0,0,0,0,TE,TE,howard_cross,17.0,0.0,0.0
1999,NYG,Mark Thomas,Mark,Thomas,TE,89.0,23,76,252,North Carolina St.,4/26/1976,Rook,2,0,0.0,,0,0,0,TE,TE,mark_thomas,16.0,0.0,0.0
1999,NYG,Dan Campbell,Dan,Campbell,TE,86.0,23,77,265,Texas A&M,4/13/1976,Rook,12,1,0.0,1999.0,0,0,0,TE,TE,dan_campbell,7.0,0.0,0.0
1999,NYG,Howard Cross,Howard,Cross,TE,87.0,32,77,270,Alabama,8/8/1967,10,16,15,0.0,1989.0,0,0,0,TE,TE,howard_cross,17.0,0.0,0.0
1999,NYG,Mark Thomas,Mark,Thomas,TE,89.0,23,76,252,North Carolina St.,4/26/1976,Rook,2,0,0.0,,0,0,0,TE,TE,mark_thomas,16.0,0.0,0.0
1999,NYJ,Fred Baxter,Fred,Baxter,TE,84.0,28,75,268,Auburn,6/14/1971,6,14,8,1.0,1993.0,0,0,0,TE,TE,fred_baxter,7.0,0.0,0.0
1999,NYJ,Fred Baxter,Fred,Baxter,TE,84.0,28,75,268,Auburn,6/14/1971,6,14,8,1.0,1993.0,0,0,0,TE,TE,fred_baxter,7.0,0.0,0.0
1999,NYJ,Eric Green,Eric,Green,TE,86.0,32,77,280,Liberty,6/22/1967,9,10,7,0.0,1990.0,0,0,0,TE,TE,eric_green,32.0,0.0,2.0
1999,NYJ,Eric Green,Eric,Green,TE,86.0,32,77,280,Liberty,6/22/1967,9,10,7,0.0,1990.0,0,0,0,TE,TE,eric_green,12.0,0.0,0.0
1999,NYJ,Blake Spence,Blake,Spence,TE,82.0,24,76,249,Oregon,6/20/1975,1,10,0,0.0,1998.0,0,0,0,TE,TE,blake_spence,0.0,0.0,0.0
1999,NYJ,Eric Green,Eric,Green,TE,86.0,32,77,280,Liberty,6/22/1967,9,10,7,0.0,1990.0,0,0,0,TE,TE,eric_green,32.0,0.0,2.0
1999,NYJ,Eric Green,Eric,Green,TE,86.0,32,77,280,Liberty,6/22/1967,9,10,7,0.0,1990.0,0,0,0,TE,TE,eric_green,12.0,0.0,0.0
1999,NYJ,Blake Spence,Blake,Spence,TE,82.0,24,76,249,Oregon,6/20/1975,1,10,0,0.0,1998.0,0,0,0,TE,TE,blake_spence,0.0,0.0,0.0
1999,OTI,Frank Wycheck,Frank,Wycheck,TE,89.0,28,75,253,Maryland,10/14/1971,6,16,16,7.0,1993.0,0,0,0,TE,TE,frank_wycheck,43.0,0.0,3.0
1999,OTI,Frank Wycheck,Frank,Wycheck,TE,89.0,28,75,253,Maryland,10/14/1971,6,16,16,7.0,1993.0,0,0,0,TE,TE,frank_wycheck,43.0,0.0,3.0
1999,OTI,Frank Wycheck,Frank,Wycheck,TE,89.0,28,75,253,Maryland,10/14/1971,6,16,16,7.0,1993.0,0,0,0,TE,TE,frank_wycheck,43.0,0.0,3.0
1999,OTI,Frank Wycheck,Frank,Wycheck,TE,89.0,28,75,253,Maryland,10/14/1971,6,16,16,7.0,1993.0,0,0,0,TE,TE,frank_wycheck,43.0,0.0,3.0
1999,OTI,Jackie Harris,Jackie,Harris,TE,88.0,31,76,244,La-Monroe,1/4/1968,9,12,1,3.0,1990.0,0,0,0,TE,TE,jackie_harris,33.0,0.0,0.0
1999,OTI,Jackie Harris,Jackie,Harris,TE,88.0,31,76,244,La-Monroe,1/4/1968,9,12,1,3.0,1990.0,0,0,0,TE,TE,jackie_harris,33.0,0.0,0.0
1999,OTI,Jackie Harris,Jackie,Harris,TE,88.0,31,76,244,La-Monroe,1/4/1968,9,12,1,3.0,1990.0,0,0,0,TE,TE,jackie_harris,33.0,0.0,0.0
1999,OTI,Jackie Harris,Jackie,Harris,TE,88.0,31,76,244,La-Monroe,1/4/1968,9,12,1,3.0,1990.0,0,0,0,TE,TE,jackie_harris,33.0,0.0,0.0
1999,OTI,Michael Roan,Michael,Roan,TE,80.0,27,75,251,Wisconsin,8/29/1972,4,11,1,1.0,1995.0,0,0,0,TE,TE,michael_roan,4.0,0.0,0.0
1999,OTI,Michael Roan,Michael,Roan,TE,80.0,27,75,251,Wisconsin,8/29/1972,4,11,1,1.0,1995.0,0,0,0,TE,TE,michael_roan,4.0,0.0,0.0
1999,OTI,Michael Roan,Michael,Roan,TE,80.0,27,75,251,Wisconsin,8/29/1972,4,11,1,1.0,1995.0,0,0,0,TE,TE,michael_roan,4.0,0.0,0.0
1999,OTI,Michael Roan,Michael,Roan,TE,80.0,27,75,251,Wisconsin,8/29/1972,4,11,1,1.0,1995.0,0,0,0,TE,TE,michael_roan,4.0,0.0,0.0
1999,OTI,Larry Brown,Larry,Brown,TE,84.0,23,76,280,Georgia,9/1/1976,Rook,9,0,0.0,,0,0,0,TE,TE,larry_brown,0.0,0.0,0.0
1999,OTI,Larry Brown,Larry,Brown,TE,84.0,23,76,280,Georgia,9/1/1976,Rook,9,0,0.0,,0,0,0,TE,TE,larry_brown,81.0,2.0,4.0
1999,OTI,Larry Brown,Larry,Brown,TE,84.0,23,76,280,Georgia,9/1/1976,Rook,9,0,0.0,,0,0,0,TE,TE,larry_brown,52.0,0.0,1.0
1999,OTI,Larry Brown,Larry,Brown,TE,84.0,23,76,280,Georgia,9/1/1976,Rook,9,0,0.0,,0,0,0,TE,TE,larry_brown,1.0,0.0,0.0
1999,OTI,Larry Brown,Larry,Brown,TE,84.0,23,76,280,Georgia,9/1/1976,Rook,9,0,0.0,,0,0,0,TE,TE,larry_brown,31.0,0.0,0.0
1999,OTI,Larry Brown,Larry,Brown,TE,84.0,23,76,280,Georgia,9/1/1976,Rook,9,0,0.0,,0,0,0,TE,TE,larry_brown,0.0,0.0,0.0
1999,OTI,Larry Brown,Larry,Brown,TE,84.0,23,76,280,Georgia,9/1/1976,Rook,9,0,0.0,,0,0,0,TE,TE,larry_brown,0.0,0.0,0.0
1999,OTI,Larry Brown,Larry,Brown,TE,84.0,23,76,280,Georgia,9/1/1976,Rook,9,0,0.0,,0,0,0,TE,TE,larry_brown,81.0,2.0,4.0
1999,OTI,Larry Brown,Larry,Brown,TE,84.0,23,76,280,Georgia,9/1/1976,Rook,9,0,0.0,,0,0,0,TE,TE,larry_brown,52.0,0.0,1.0
1999,OTI,Larry Brown,Larry,Brown,TE,84.0,23,76,280,Georgia,9/1/1976,Rook,9,0,0.0,,0,0,0,TE,TE,larry_brown,1.0,0.0,0.0
1999,OTI,Larry Brown,Larry,Brown,TE,84.0,23,76,280,Georgia,9/1/1976,Rook,9,0,0.0,,0,0,0,TE,TE,larry_brown,31.0,0.0,0.0
1999,OTI,Larry Brown,Larry,Brown,TE,84.0,23,76,280,Georgia,9/1/1976,Rook,9,0,0.0,,0,0,0,TE,TE,larry_brown,0.0,0.0,0.0
1999,OTI,Larry Brown,Larry,Brown,TE,84.0,23,76,280,Georgia,9/1/1976,Rook,9,0,0.0,,0,0,0,TE,TE,larry_brown,0.0,0.0,0.0
1999,OTI,Larry Brown,Larry,Brown,TE,84.0,23,76,280,Georgia,9/1/1976,Rook,9,0,0.0,,0,0,0,TE,TE,larry_brown,81.0,2.0,4.0
1999,OTI,Larry Brown,Larry,Brown,TE,84.0,23,76,280,Georgia,9/1/1976,Rook,9,0,0.0,,0,0,0,TE,TE,larry_brown,52.0,0.0,1.0
1999,OTI,Larry Brown,Larry,Brown,TE,84.0,23,76,280,Georgia,9/1/1976,Rook,9,0,0.0,,0,0,0,TE,TE,larry_brown,1.0,0.0,0.0
1999,OTI,Larry Brown,Larry,Brown,TE,84.0,23,76,280,Georgia,9/1/1976,Rook,9,0,0.0,,0,0,0,TE,TE,larry_brown,31.0,0.0,0.0
1999,OTI,Larry Brown,Larry,Brown,TE,84.0,23,76,280,Georgia,9/1/1976,Rook,9,0,0.0,,0,0,0,TE,TE,larry_brown,0.0,0.0,0.0
1999,OTI,Larry Brown,Larry,Brown,TE,84.0,23,76,280,Georgia,9/1/1976,Rook,9,0,0.0,,0,0,0,TE,TE,larry_brown,0.0,0.0,0.0
1999,OTI,Larry Brown,Larry,Brown,TE,84.0,23,76,280,Georgia,9/1/1976,Rook,9,0,0.0,,0,0,0,TE,TE,larry_brown,81.0,2.0,4.0
1999,OTI,Larry Brown,Larry,Brown,TE,84.0,23,76,280,Georgia,9/1/1976,Rook,9,0,0.0,,0,0,0,TE,TE,larry_brown,52.0,0.0,1.0
1999,OTI,Larry Brown,Larry,Brown,TE,84.0,23,76,280,Georgia,9/1/1976,Rook,9,0,0.0,,0,0,0,TE,TE,larry_brown,1.0,0.0,0.0
1999,OTI,Larry Brown,Larry,Brown,TE,84.0,23,76,280,Georgia,9/1/1976,Rook,9,0,0.0,,0,0,0,TE,TE,larry_brown,31.0,0.0,0.0
1999,OTI,Larry Brown,Larry,Brown,TE,84.0,23,76,280,Georgia,9/1/1976,Rook,9,0,0.0,,0,0,0,TE,TE,larry_brown,0.0,0.0,0.0
1999,PHI,Luther Broughton,Luther,Broughton,TE,88.0,25,74,248,Furman,11/30/1974,1,16,3,2.0,1997.0,0,0,0,TE,TE,luther_broughton,4.0,0.0,0.0
1999,PHI,Luther Broughton,Luther,Broughton,TE,88.0,25,74,248,Furman,11/30/1974,1,16,3,2.0,1997.0,0,0,0,TE,TE,luther_broughton,4.0,0.0,0.0
1999,PHI,Chad Lewis,Chad,Lewis,TE,89.0,28,78,252,BYU,10/5/1971,2,6,4,1.0,,0,0,0,TE,TE,chad_lewis,0.0,0.0,0.0
1999,PHI,Jed Weaver,Jed,Weaver,TE,87.0,23,76,258,Oregon,8/11/1976,Rook,16,10,1.0,1999.0,0,0,0,TE,TE,jed_weaver,11.0,0.0,0.0
1999,PHI,Chad Lewis,Chad,Lewis,TE,89.0,28,78,252,BYU,10/5/1971,2,6,4,1.0,,0,0,0,TE,TE,chad_lewis,0.0,0.0,0.0
1999,PHI,Jed Weaver,Jed,Weaver,TE,87.0,23,76,258,Oregon,8/11/1976,Rook,16,10,1.0,1999.0,0,0,0,TE,TE,jed_weaver,11.0,0.0,0.0
1999,PHI,Ron Leshinski,Ron,Leshinski,TE,89.0,25,74,248,Army,3/6/1974,Rook,1,0,0.0,,0,0,0,TE,TE,ron_leshinski,0.0,0.0,0.0
1999,PHI,Ed Smith,Ed,Smith,TE,89.0,30,76,253,,6/5/1969,2,7,1,0.0,,0,0,0,TE,TE,ed_smith,0.0,0.0,0.0
1999,PHI,Ed Smith,Ed,Smith,TE,89.0,30,76,253,,6/5/1969,2,7,1,0.0,,0,0,0,TE,TE,ed_smith,0.0,0.0,0.0
1999,PHI,Ed Smith,Ed,Smith,TE,89.0,30,76,253,,6/5/1969,2,7,1,0.0,,0,0,0,TE,TE,ed_smith,0.0,0.0,0.0
1999,PHI,Ed Smith,Ed,Smith,TE,89.0,30,76,253,,6/5/1969,2,7,1,0.0,,0,0,0,TE,TE,ed_smith,4.0,0.0,0.0
1999,PHI,Ed Smith,Ed,Smith,TE,89.0,30,76,253,,6/5/1969,2,7,1,0.0,,0,0,0,TE,TE,ed_smith,4.0,0.0,0.0
1999,PHI,Justin Swift,Justin,Swift,TE,89.0,24,75,265,Kansas St.,8/14/1975,Rook,1,0,0.0,1999.0,0,0,0,TE,TE,justin_swift,2.0,0.0,0.0
1999,PHI,Ron Leshinski,Ron,Leshinski,TE,89.0,25,74,248,Army,3/6/1974,Rook,1,0,0.0,,0,0,0,TE,TE,ron_leshinski,0.0,0.0,0.0
1999,PHI,Ed Smith,Ed,Smith,TE,89.0,30,76,253,,6/5/1969,2,7,1,0.0,,0,0,0,TE,TE,ed_smith,0.0,0.0,0.0
1999,PHI,Ed Smith,Ed,Smith,TE,89.0,30,76,253,,6/5/1969,2,7,1,0.0,,0,0,0,TE,TE,ed_smith,0.0,0.0,0.0
1999,PHI,Ed Smith,Ed,Smith,TE,89.0,30,76,253,,6/5/1969,2,7,1,0.0,,0,0,0,TE,TE,ed_smith,0.0,0.0,0.0
1999,PHI,Ed Smith,Ed,Smith,TE,89.0,30,76,253,,6/5/1969,2,7,1,0.0,,0,0,0,TE,TE,ed_smith,4.0,0.0,0.0
1999,PHI,Ed Smith,Ed,Smith,TE,89.0,30,76,253,,6/5/1969,2,7,1,0.0,,0,0,0,TE,TE,ed_smith,4.0,0.0,0.0
1999,PHI,Justin Swift,Justin,Swift,TE,89.0,24,75,265,Kansas St.,8/14/1975,Rook,1,0,0.0,1999.0,0,0,0,TE,TE,justin_swift,2.0,0.0,0.0
1999,PIT,Mark Bruener,Mark,Bruener,TE,87.0,27,76,260,Washington,9/16/1972,4,14,14,2.0,1995.0,0,0,0,TE,TE,mark_bruener,10.0,0.0,0.0
1999,PIT,Mark Bruener,Mark,Bruener,TE,87.0,27,76,260,Washington,9/16/1972,4,14,14,2.0,1995.0,0,0,0,TE,TE,mark_bruener,10.0,0.0,0.0
1999,PIT,Mitch Lyons,Mitch,Lyons,TE,85.0,29,77,265,Michigan St.,5/13/1970,6,14,2,1.0,1993.0,0,0,0,TE,TE,mitch_lyons,3.0,0.0,0.0
1999,PIT,Mitch Lyons,Mitch,Lyons,TE,85.0,29,77,265,Michigan St.,5/13/1970,6,14,2,1.0,1993.0,0,0,0,TE,TE,mitch_lyons,3.0,0.0,0.0
1999,PIT,Tony Cline,Tony,Cline,TE,48.0,28,76,247,Stanford,11/24/1971,4,2,0,0.0,1995.0,0,0,0,TE,TE,tony_cline,36.0,0.0,0.0
1999,PIT,Tony Cline,Tony,Cline,TE,48.0,28,76,247,Stanford,11/24/1971,4,2,0,0.0,1995.0,0,0,0,TE,TE,tony_cline,2.0,0.0,0.0
1999,PIT,Matt Cushing,Matt,Cushing,TE,80.0,24,76,255,Illinois,7/2/1975,1,7,1,0.0,,0,0,0,TE,TE,matt_cushing,0.0,0.0,0.0
1999,PIT,Jerame Tuman,Jerame,Tuman,TE,84.0,23,76,253,Michigan,3/24/1976,Rook,7,0,0.0,1999.0,0,0,0,TE,TE,jerame_tuman,5.0,0.0,0.0
1999,PIT,Tony Cline,Tony,Cline,TE,48.0,28,76,247,Stanford,11/24/1971,4,2,0,0.0,1995.0,0,0,0,TE,TE,tony_cline,36.0,0.0,0.0
1999,PIT,Tony Cline,Tony,Cline,TE,48.0,28,76,247,Stanford,11/24/1971,4,2,0,0.0,1995.0,0,0,0,TE,TE,tony_cline,2.0,0.0,0.0
1999,PIT,Matt Cushing,Matt,Cushing,TE,80.0,24,76,255,Illinois,7/2/1975,1,7,1,0.0,,0,0,0,TE,TE,matt_cushing,0.0,0.0,0.0
1999,PIT,Jerame Tuman,Jerame,Tuman,TE,84.0,23,76,253,Michigan,3/24/1976,Rook,7,0,0.0,1999.0,0,0,0,TE,TE,jerame_tuman,5.0,0.0,0.0
1999,RAI,Rickey Dudley,Rickey,Dudley,TE,83.0,27,78,255,Ohio St.,7/15/1972,3,16,16,6.0,1996.0,0,0,0,TE,TE,rickey_dudley,25.0,0.0,0.0
1999,RAI,Rickey Dudley,Rickey,Dudley,TE,83.0,27,78,255,Ohio St.,7/15/1972,3,16,16,6.0,1996.0,0,0,0,TE,TE,rickey_dudley,25.0,0.0,0.0
1999,RAI,Jeremy Brigham,Jeremy,Brigham,TE,87.0,24,78,255,Washington,3/22/1975,1,16,2,1.0,1998.0,0,0,0,TE,TE,jeremy_brigham,3.0,0.0,0.0
1999,RAI,Derrick Walker,Derrick,Walker,TE,86.0,32,72,246,Michigan,6/23/1967,9,11,3,1.0,1990.0,0,0,0,TE,TE,derrick_walker,16.0,0.0,0.0
1999,RAI,Jeremy Brigham,Jeremy,Brigham,TE,87.0,24,78,255,Washington,3/22/1975,1,16,2,1.0,1998.0,0,0,0,TE,TE,jeremy_brigham,3.0,0.0,0.0
1999,RAI,Derrick Walker,Derrick,Walker,TE,86.0,32,72,246,Michigan,6/23/1967,9,11,3,1.0,1990.0,0,0,0,TE,TE,derrick_walker,16.0,0.0,0.0
1999,RAM,Roland Williams,Roland,Williams,TE,86.0,24,77,265,Syracuse,4/27/1975,1,16,15,3.0,1998.0,0,0,0,TE,TE,roland_williams,9.0,0.0,0.0
1999,RAM,Roland Williams,Roland,Williams,TE,86.0,24,77,265,Syracuse,4/27/1975,1,16,15,3.0,1998.0,0,0,0,TE,TE,roland_williams,9.0,0.0,0.0
1999,RAM,Jeff Robinson,Jeff,Robinson,TE,45.0,29,76,264,Idaho,2/20/1970,6,16,9,1.0,1993.0,0,0,0,TE,TE,jeff_robinson,4.0,0.0,0.0
1999,RAM,Jeff Robinson,Jeff,Robinson,TE,45.0,29,76,264,Idaho,2/20/1970,6,16,9,1.0,1993.0,0,0,0,TE,TE,jeff_robinson,4.0,0.0,0.0
1999,RAM,Ernie Conwell,Ernie,Conwell,TE,84.0,27,74,255,Washington,8/17/1972,3,3,0,0.0,1996.0,0,0,0,TE,TE,ernie_conwell,17.0,0.0,0.0
1999,RAM,Chad Lewis,Chad,Lewis,TE,89.0,28,78,252,BYU,10/5/1971,2,6,0,0.0,,0,0,0,TE,TE,chad_lewis,0.0,0.0,0.0
1999,RAM,Ernie Conwell,Ernie,Conwell,TE,84.0,27,74,255,Washington,8/17/1972,3,3,0,0.0,1996.0,0,0,0,TE,TE,ernie_conwell,17.0,0.0,0.0
1999,RAM,Chad Lewis,Chad,Lewis,TE,89.0,28,78,252,BYU,10/5/1971,2,6,0,0.0,,0,0,0,TE,TE,chad_lewis,0.0,0.0,0.0
1999,RAV,Aaron Pierce,Aaron,Pierce,TE,81.0,30,77,252,Washington,9/6/1969,7,10,8,1.0,1992.0,0,0,0,TE,TE,aaron_pierce,8.0,0.0,0.0
1999,RAV,Aaron Pierce,Aaron,Pierce,TE,81.0,30,77,252,Washington,9/6/1969,7,10,8,1.0,1992.0,0,0,0,TE,TE,aaron_pierce,8.0,0.0,0.0
1999,RAV,Ryan Collins,Ryan,Collins,TE,49.0,24,78,259,St. Thomas,11/1/1975,Rook,4,3,0.0,,0,0,0,TE,TE,ryan_collins,0.0,0.0,0.0
1999,RAV,Greg DeLong,Greg,DeLong,TE,85.0,26,76,250,North Carolina,4/3/1973,4,16,7,0.0,,0,0,0,TE,TE,greg_delong,0.0,0.0,0.0
1999,RAV,A.J. Ofodile,A.J.,Ofodile,TE,89.0,26,78,260,Missouri,10/9/1973,2,7,3,0.0,1994.0,0,0,0,TE,TE,a.j._ofodile,0.0,0.0,0.0
1999,RAV,Lovett Purnell,Lovett,Purnell,TE,80.0,27,75,245,West Virginia,4/7/1972,3,2,0,0.0,1996.0,0,0,0,TE,TE,lovett_purnell,2.0,0.0,0.0
1999,RAV,Ryan Collins,Ryan,Collins,TE,49.0,24,78,259,St. Thomas,11/1/1975,Rook,4,3,0.0,,0,0,0,TE,TE,ryan_collins,0.0,0.0,0.0
1999,RAV,Greg DeLong,Greg,DeLong,TE,85.0,26,76,250,North Carolina,4/3/1973,4,16,7,0.0,,0,0,0,TE,TE,greg_delong,0.0,0.0,0.0
1999,RAV,A.J. Ofodile,A.J.,Ofodile,TE,89.0,26,78,260,Missouri,10/9/1973,2,7,3,0.0,1994.0,0,0,0,TE,TE,a.j._ofodile,0.0,0.0,0.0
1999,RAV,Lovett Purnell,Lovett,Purnell,TE,80.0,27,75,245,West Virginia,4/7/1972,3,2,0,0.0,1996.0,0,0,0,TE,TE,lovett_purnell,2.0,0.0,0.0
1999,SDG,Freddie Jones,Freddie,Jones,TE,88.0,25,76,260,North Carolina,9/16/1974,2,16,16,5.0,1997.0,0,0,0,TE,TE,freddie_jones,26.0,0.0,0.0
1999,SDG,Freddie Jones,Freddie,Jones,TE,88.0,25,76,260,North Carolina,9/16/1974,2,16,16,5.0,1997.0,0,0,0,TE,TE,freddie_jones,26.0,0.0,0.0
1999,SDG,Reggie Davis,Reggie,Davis,TE,84.0,23,75,233,Washington,9/3/1976,Rook,16,3,1.0,,0,0,0,TE,TE,reggie_davis,0.0,0.0,0.0
1999,SDG,Reggie Davis,Reggie,Davis,TE,84.0,23,75,233,Washington,9/3/1976,Rook,16,3,1.0,,0,0,0,TE,TE,reggie_davis,0.0,0.0,0.0
1999,SDG,Steve Heiden,Steve,Heiden,TE,83.0,23,77,270,South Dakota St.,9/21/1976,Rook,11,0,0.0,1999.0,0,0,0,TE,TE,steve_heiden,11.0,0.0,0.0
1999,SDG,Alfred Pupunu,Alfred,Pupunu,TE,89.0,30,74,260,Weber St.,10/17/1969,7,8,0,0.0,,0,0,0,TE,TE,alfred_pupunu,0.0,0.0,0.0
1999,SDG,Steve Heiden,Steve,Heiden,TE,83.0,23,77,270,South Dakota St.,9/21/1976,Rook,11,0,0.0,1999.0,0,0,0,TE,TE,steve_heiden,11.0,0.0,0.0
1999,SDG,Alfred Pupunu,Alfred,Pupunu,TE,89.0,30,74,260,Weber St.,10/17/1969,7,8,0,0.0,,0,0,0,TE,TE,alfred_pupunu,0.0,0.0,0.0
1999,SEA,Christian Fauria,Christian,Fauria,TE,86.0,28,76,250,Colorado,9/22/1971,4,16,16,3.0,1995.0,0,0,0,TE,TE,christian_fauria,17.0,0.0,0.0
1999,SEA,Christian Fauria,Christian,Fauria,TE,86.0,28,76,250,Colorado,9/22/1971,4,16,16,3.0,1995.0,0,0,0,TE,TE,christian_fauria,17.0,0.0,0.0
1999,SEA,Deems May,Deems,May,TE,88.0,30,76,263,North Carolina,3/6/1969,7,15,0,0.0,1992.0,0,0,0,TE,TE,deems_may,2.0,0.0,0.0
1999,SEA,Itula Mili,Itula,Mili,TE,49.0,26,76,260,BYU,4/20/1973,1,16,1,0.0,1997.0,0,0,0,TE,TE,itula_mili,15.0,0.0,0.0
1999,SEA,Deems May,Deems,May,TE,88.0,30,76,263,North Carolina,3/6/1969,7,15,0,0.0,1992.0,0,0,0,TE,TE,deems_may,2.0,0.0,0.0
1999,SEA,Itula Mili,Itula,Mili,TE,49.0,26,76,260,BYU,4/20/1973,1,16,1,0.0,1997.0,0,0,0,TE,TE,itula_mili,15.0,0.0,0.0
1999,SFO,Greg Clark,Greg,Clark,TE,85.0,27,76,251,Stanford,4/7/1972,2,12,11,3.0,1997.0,0,0,0,TE,TE,greg_clark,6.0,0.0,0.0
1999,SFO,Greg Clark,Greg,Clark,TE,85.0,27,76,251,Stanford,4/7/1972,2,12,11,3.0,1997.0,0,0,0,TE,TE,greg_clark,9.0,0.0,0.0
1999,SFO,Greg Clark,Greg,Clark,TE,85.0,27,76,251,Stanford,4/7/1972,2,12,11,3.0,1997.0,0,0,0,TE,TE,greg_clark,6.0,0.0,0.0
1999,SFO,Greg Clark,Greg,Clark,TE,85.0,27,76,251,Stanford,4/7/1972,2,12,11,3.0,1997.0,0,0,0,TE,TE,greg_clark,9.0,0.0,0.0
1999,SFO,Shonn Bell,Shonn,Bell,TE,82.0,25,77,257,Clinch Valley,10/25/1974,Rook,2,0,0.0,,0,0,0,TE,TE,shonn_bell,0.0,0.0,0.0
1999,SFO,Tony Cline,Tony,Cline,TE,84.0,28,76,247,Stanford,11/24/1971,4,8,0,0.0,1995.0,0,0,0,TE,TE,tony_cline,36.0,0.0,0.0
1999,SFO,Tony Cline,Tony,Cline,TE,84.0,28,76,247,Stanford,11/24/1971,4,8,0,0.0,1995.0,0,0,0,TE,TE,tony_cline,2.0,0.0,0.0
1999,SFO,Chad Fann,Chad,Fann,TE,86.0,29,75,252,"Mississippi,Florida A&M",6/7/1970,6,16,3,0.0,,0,0,0,TE,TE,chad_fann,0.0,0.0,0.0
1999,SFO,Shonn Bell,Shonn,Bell,TE,82.0,25,77,257,Clinch Valley,10/25/1974,Rook,2,0,0.0,,0,0,0,TE,TE,shonn_bell,0.0,0.0,0.0
1999,SFO,Tony Cline,Tony,Cline,TE,84.0,28,76,247,Stanford,11/24/1971,4,8,0,0.0,1995.0,0,0,0,TE,TE,tony_cline,36.0,0.0,0.0
1999,SFO,Tony Cline,Tony,Cline,TE,84.0,28,76,247,Stanford,11/24/1971,4,8,0,0.0,1995.0,0,0,0,TE,TE,tony_cline,2.0,0.0,0.0
1999,SFO,Chad Fann,Chad,Fann,TE,86.0,29,75,252,"Mississippi,Florida A&M",6/7/1970,6,16,3,0.0,,0,0,0,TE,TE,chad_fann,0.0,0.0,0.0
1999,TAM,Dave Moore,Dave,Moore,TE,83.0,30,74,250,Pittsburgh,11/11/1969,7,16,16,3.0,1992.0,0,0,0,TE,TE,dave_moore,18.0,0.0,1.0
1999,TAM,Dave Moore,Dave,Moore,TE,83.0,30,74,250,Pittsburgh,11/11/1969,7,16,16,3.0,1992.0,0,0,0,TE,TE,dave_moore,18.0,0.0,1.0
1999,TAM,John Davis,John,Davis,TE,80.0,26,76,257,"Cisco (TX),Emporia St.",5/14/1973,2,16,0,0.0,,0,0,0,TE,TE,john_davis,0.0,0.0,0.0
1999,TAM,John Davis,John,Davis,TE,80.0,26,76,257,"Cisco (TX),Emporia St.",5/14/1973,2,16,0,0.0,,0,0,0,TE,TE,john_davis,0.0,0.0,0.0
1999,TAM,John Davis,John,Davis,TE,80.0,26,76,257,"Cisco (TX),Emporia St.",5/14/1973,2,16,0,0.0,,0,0,0,TE,TE,john_davis,31.0,0.0,0.0
1999,TAM,John Davis,John,Davis,TE,80.0,26,76,257,"Cisco (TX),Emporia St.",5/14/1973,2,16,0,0.0,,0,0,0,TE,TE,john_davis,0.0,0.0,1.0
1999,TAM,Patrick Hape,Patrick,Hape,TE,82.0,25,76,262,Alabama,6/6/1974,2,15,1,0.0,1997.0,0,0,0,TE,TE,patrick_hape,1.0,0.0,0.0
1999,TAM,John Davis,John,Davis,TE,80.0,26,76,257,"Cisco (TX),Emporia St.",5/14/1973,2,16,0,0.0,,0,0,0,TE,TE,john_davis,0.0,0.0,0.0
1999,TAM,John Davis,John,Davis,TE,80.0,26,76,257,"Cisco (TX),Emporia St.",5/14/1973,2,16,0,0.0,,0,0,0,TE,TE,john_davis,0.0,0.0,0.0
1999,TAM,John Davis,John,Davis,TE,80.0,26,76,257,"Cisco (TX),Emporia St.",5/14/1973,2,16,0,0.0,,0,0,0,TE,TE,john_davis,31.0,0.0,0.0
1999,TAM,John Davis,John,Davis,TE,80.0,26,76,257,"Cisco (TX),Emporia St.",5/14/1973,2,16,0,0.0,,0,0,0,TE,TE,john_davis,0.0,0.0,1.0
1999,TAM,Patrick Hape,Patrick,Hape,TE,82.0,25,76,262,Alabama,6/6/1974,2,15,1,0.0,1997.0,0,0,0,TE,TE,patrick_hape,1.0,0.0,0.0
1999,WAS,Stephen Alexander,Stephen,Alexander,TE,80.0,24,76,250,Oklahoma,11/7/1975,1,15,15,3.0,1998.0,0,0,0,TE,TE,stephen_alexander,20.0,0.0,1.0
1999,WAS,Stephen Alexander,Stephen,Alexander,TE,80.0,24,76,250,Oklahoma,11/7/1975,1,15,15,3.0,1998.0,0,0,0,TE,TE,stephen_alexander,20.0,0.0,1.0
1999,WAS,James Jenkins,James,Jenkins,TE,88.0,32,74,243,Rutgers,8/17/1967,8,16,4,0.0,,0,0,0,TE,TE,james_jenkins,0.0,0.0,0.0
1999,WAS,James Jenkins,James,Jenkins,TE,88.0,32,74,243,Rutgers,8/17/1967,8,16,4,0.0,,0,0,0,TE,TE,james_jenkins,0.0,0.0,0.0
2000,ATL,Reggie Kelly,Reggie,Kelly,TE,89.0,23,76,257,Mississippi St.,2/22/1977,1,16,16,3.0,1999.0,0,0,0,TE,TE,reggie_kelly,12.0,0.0,0.0
2000,ATL,Reggie Kelly,Reggie,Kelly,TE,89.0,23,76,257,Mississippi St.,2/22/1977,1,16,16,3.0,1999.0,0,0,0,TE,TE,reggie_kelly,12.0,0.0,0.0
2000,ATL,Brian Kozlowski,Brian,Kozlowski,TE,85.0,30,75,250,Connecticut,10/4/1970,6,16,3,1.0,,0,0,0,TE,TE,brian_kozlowski,0.0,0.0,0.0
2000,ATL,Brian Kozlowski,Brian,Kozlowski,TE,85.0,30,75,250,Connecticut,10/4/1970,6,16,3,1.0,,0,0,0,TE,TE,brian_kozlowski,0.0,0.0,0.0
2000,ATL,Dallas Neil,Dallas,Neil,TE,49.0,24,73,215,Montana,9/30/1976,Rook,6,0,0.0,,0,0,0,TE,TE,dallas_neil,0.0,0.0,0.0
2000,ATL,Derek Rackley,Derek,Rackley,TE,48.0,23,76,250,Minnesota,7/18/1977,Rook,16,0,0.0,,0,0,0,TE,TE,derek_rackley,0.0,0.0,0.0
2000,ATL,Dallas Neil,Dallas,Neil,TE,49.0,24,73,215,Montana,9/30/1976,Rook,6,0,0.0,,0,0,0,TE,TE,dallas_neil,0.0,0.0,0.0
2000,ATL,Derek Rackley,Derek,Rackley,TE,48.0,23,76,250,Minnesota,7/18/1977,Rook,16,0,0.0,,0,0,0,TE,TE,derek_rackley,0.0,0.0,0.0
2000,BUF,Jay Riemersma,Jay,Riemersma,TE,85.0,27,77,255,Michigan,5/17/1973,3,12,12,3.0,1996.0,0,0,0,TE,TE,jay_riemersma,19.0,0.0,0.0
2000,BUF,Jay Riemersma,Jay,Riemersma,TE,85.0,27,77,255,Michigan,5/17/1973,3,12,12,3.0,1996.0,0,0,0,TE,TE,jay_riemersma,19.0,0.0,0.0
2000,BUF,Bobby Collins,Bobby,Collins,TE,84.0,24,76,246,"East Mississippi CC,North Alabama",8/20/1976,1,12,2,1.0,1999.0,0,0,0,TE,TE,bobby_collins,2.0,0.0,0.0
2000,BUF,Bobby Collins,Bobby,Collins,TE,84.0,24,76,246,"East Mississippi CC,North Alabama",8/20/1976,1,12,2,1.0,1999.0,0,0,0,TE,TE,bobby_collins,2.0,0.0,0.0
2000,BUF,Sheldon Jackson,Sheldon,Jackson,TE,88.0,24,75,250,Nebraska,7/24/1976,1,16,8,0.0,1999.0,0,0,0,TE,TE,sheldon_jackson,0.0,0.0,0.0
2000,BUF,Sheldon Jackson,Sheldon,Jackson,TE,88.0,24,75,250,Nebraska,7/24/1976,1,16,8,0.0,1999.0,0,0,0,TE,TE,sheldon_jackson,0.0,0.0,0.0
2000,CAR,Wesley Walls,Wesley,Walls,TE,85.0,34,77,240,Mississippi,2/26/1966,11,8,8,4.0,1989.0,0,0,0,TE,TE,wesley_walls,43.0,0.0,5.0
2000,CAR,Wesley Walls,Wesley,Walls,TE,85.0,34,77,240,Mississippi,2/26/1966,11,8,8,4.0,1989.0,0,0,0,TE,TE,wesley_walls,43.0,0.0,5.0
2000,CAR,Kris Mangum,Kris,Mangum,TE,86.0,27,76,252,"Alabama,Mississippi",8/15/1973,3,15,7,2.0,1997.0,0,0,0,TE,TE,kris_mangum,11.0,0.0,0.0
2000,CAR,Kris Mangum,Kris,Mangum,TE,86.0,27,76,252,"Alabama,Mississippi",8/15/1973,3,15,7,2.0,1997.0,0,0,0,TE,TE,kris_mangum,11.0,0.0,0.0
2000,CAR,Casey Crawford,Casey,Crawford,TE,84.0,23,78,255,Virginia,8/1/1977,Rook,8,0,0.0,,0,0,0,TE,TE,casey_crawford,0.0,0.0,0.0
2000,CAR,Brian Kinchen,Brian,Kinchen,TE,88.0,35,74,240,LSU,8/6/1965,12,16,0,0.0,1988.0,0,0,0,TE,TE,brian_kinchen,15.0,0.0,0.0
2000,CAR,Casey Crawford,Casey,Crawford,TE,84.0,23,78,255,Virginia,8/1/1977,Rook,8,0,0.0,,0,0,0,TE,TE,casey_crawford,0.0,0.0,0.0
2000,CAR,Brian Kinchen,Brian,Kinchen,TE,88.0,35,74,240,LSU,8/6/1965,12,16,0,0.0,1988.0,0,0,0,TE,TE,brian_kinchen,15.0,0.0,0.0
2000,CHI,John Allred,John,Allred,TE,84.0,26,76,249,USC,9/9/1974,3,5,3,1.0,1997.0,0,0,0,TE,TE,john_allred,3.0,0.0,0.0
2000,CHI,Kaseem Sinceno,Kaseem,Sinceno,TE,85.0,24,76,259,Syracuse,3/26/1976,2,11,11,1.0,,0,0,0,TE,TE,kaseem_sinceno,0.0,0.0,0.0
2000,CHI,John Allred,John,Allred,TE,84.0,26,76,249,USC,9/9/1974,3,5,3,1.0,1997.0,0,0,0,TE,TE,john_allred,3.0,0.0,0.0
2000,CHI,Kaseem Sinceno,Kaseem,Sinceno,TE,85.0,24,76,259,Syracuse,3/26/1976,2,11,11,1.0,,0,0,0,TE,TE,kaseem_sinceno,0.0,0.0,0.0
2000,CHI,Scott Dragos,Scott,Dragos,TE,45.0,25,74,245,Boston Col.,10/28/1975,Rook,9,2,0.0,,0,0,0,TE,TE,scott_dragos,0.0,0.0,0.0
2000,CHI,Dustin Lyman,Dustin,Lyman,TE,89.0,24,76,245,Wake Forest,8/5/1976,Rook,14,7,0.0,2000.0,0,0,0,TE,TE,dustin_lyman,2.0,0.0,0.0
2000,CHI,Alonzo Mayes,Alonzo,Mayes,TE,85.0,25,76,259,Oklahoma St.,6/4/1975,2,5,3,0.0,1998.0,0,0,0,TE,TE,alonzo_mayes,3.0,0.0,0.0
2000,CHI,Scott Dragos,Scott,Dragos,TE,45.0,25,74,245,Boston Col.,10/28/1975,Rook,9,2,0.0,,0,0,0,TE,TE,scott_dragos,0.0,0.0,0.0
2000,CHI,Dustin Lyman,Dustin,Lyman,TE,89.0,24,76,245,Wake Forest,8/5/1976,Rook,14,7,0.0,2000.0,0,0,0,TE,TE,dustin_lyman,2.0,0.0,0.0
2000,CHI,Alonzo Mayes,Alonzo,Mayes,TE,85.0,25,76,259,Oklahoma St.,6/4/1975,2,5,3,0.0,1998.0,0,0,0,TE,TE,alonzo_mayes,3.0,0.0,0.0
2000,CIN,Tony McGee,Tony,McGee,TE,82.0,29,75,247,Michigan,4/21/1971,7,14,14,2.0,1993.0,0,0,0,TE,TE,tony_mcgee,38.0,0.0,0.0
2000,CIN,Tony McGee,Tony,McGee,TE,82.0,29,75,247,Michigan,4/21/1971,7,14,14,2.0,1993.0,0,0,0,TE,TE,tony_mcgee,28.0,0.0,0.0
2000,CIN,Tony McGee,Tony,McGee,TE,82.0,29,75,247,Michigan,4/21/1971,7,14,14,2.0,1993.0,0,0,0,TE,TE,tony_mcgee,38.0,0.0,0.0
2000,CIN,Tony McGee,Tony,McGee,TE,82.0,29,75,247,Michigan,4/21/1971,7,14,14,2.0,1993.0,0,0,0,TE,TE,tony_mcgee,28.0,0.0,0.0
2000,CIN,Marco Battaglia,Marco,Battaglia,TE,89.0,27,75,250,Rutgers,1/25/1973,4,16,10,1.0,1996.0,0,0,0,TE,TE,marco_battaglia,6.0,0.0,0.0
2000,CIN,Marco Battaglia,Marco,Battaglia,TE,89.0,27,75,250,Rutgers,1/25/1973,4,16,10,1.0,1996.0,0,0,0,TE,TE,marco_battaglia,6.0,0.0,0.0
2000,CIN,Steve Bush,Steve,Bush,TE,88.0,26,75,280,Arizona St.,7/4/1974,3,16,0,0.0,,0,0,0,TE,TE,steve_bush,0.0,0.0,0.0
2000,CIN,Steve Bush,Steve,Bush,TE,88.0,26,75,280,Arizona St.,7/4/1974,3,16,0,0.0,,0,0,0,TE,TE,steve_bush,0.0,0.0,0.0
2000,CLE,Aaron Shea,Aaron,Shea,TE,80.0,24,75,250,Michigan,12/5/1976,Rook,15,8,2.0,2000.0,0,0,0,TE,TE,aaron_shea,6.0,0.0,0.0
2000,CLE,Aaron Shea,Aaron,Shea,TE,80.0,24,75,250,Michigan,12/5/1976,Rook,15,8,2.0,2000.0,0,0,0,TE,TE,aaron_shea,6.0,0.0,0.0
2000,CLE,Mark Campbell,Mark,Campbell,TE,83.0,25,78,260,Michigan,12/6/1975,1,16,10,1.0,,0,0,0,TE,TE,mark_campbell,0.0,0.0,0.0
2000,CLE,Mark Campbell,Mark,Campbell,TE,83.0,25,78,260,Michigan,12/6/1975,1,16,10,1.0,,0,0,0,TE,TE,mark_campbell,0.0,0.0,0.0
2000,CLE,Mark Campbell,Mark,Campbell,TE,83.0,25,78,260,Michigan,12/6/1975,1,16,10,1.0,,0,0,0,TE,TE,mark_campbell,0.0,0.0,0.0
2000,CLE,Mark Campbell,Mark,Campbell,TE,83.0,25,78,260,Michigan,12/6/1975,1,16,10,1.0,,0,0,0,TE,TE,mark_campbell,0.0,0.0,0.0
2000,CLT,Ken Dilger,Ken,Dilger,TE,85.0,29,77,250,Illinois,2/2/1971,5,16,16,6.0,1995.0,0,0,0,TE,TE,ken_dilger,35.0,0.0,1.0
2000,CLT,Ken Dilger,Ken,Dilger,TE,85.0,29,77,250,Illinois,2/2/1971,5,16,16,6.0,1995.0,0,0,0,TE,TE,ken_dilger,35.0,0.0,1.0
2000,CLT,Marcus Pollard,Marcus,Pollard,TE,81.0,28,75,248,Bradley,2/8/1972,5,16,14,5.0,,0,0,0,TE,TE,marcus_pollard,0.0,0.0,0.0
2000,CLT,Marcus Pollard,Marcus,Pollard,TE,81.0,28,75,248,Bradley,2/8/1972,5,16,14,5.0,,0,0,0,TE,TE,marcus_pollard,0.0,0.0,0.0
2000,CRD,Terry Hardy,Terry,Hardy,TE,80.0,24,76,266,Southern Miss,5/31/1976,2,16,15,7.0,1998.0,0,0,0,TE,TE,terry_hardy,10.0,0.0,0.0
2000,CRD,Terry Hardy,Terry,Hardy,TE,80.0,24,76,266,Southern Miss,5/31/1976,2,16,15,7.0,1998.0,0,0,0,TE,TE,terry_hardy,10.0,0.0,0.0
2000,CRD,Chris Gedney,Chris,Gedney,TE,84.0,30,77,258,Syracuse,8/9/1970,7,13,3,1.0,1993.0,0,0,0,TE,TE,chris_gedney,8.0,0.0,0.0
2000,CRD,Chris Gedney,Chris,Gedney,TE,84.0,30,77,258,Syracuse,8/9/1970,7,13,3,1.0,1993.0,0,0,0,TE,TE,chris_gedney,8.0,0.0,0.0
2000,CRD,Jay Tant,Jay,Tant,TE,87.0,23,75,254,Northwestern,12/4/1977,Rook,5,0,0.0,2000.0,0,0,0,TE,TE,jay_tant,0.0,0.0,0.0
2000,CRD,Jay Tant,Jay,Tant,TE,87.0,23,75,254,Northwestern,12/4/1977,Rook,5,0,0.0,2000.0,0,0,0,TE,TE,jay_tant,0.0,0.0,0.0
2000,DAL,Jackie Harris,Jackie,Harris,TE,88.0,32,76,244,La-Monroe,1/4/1968,10,16,7,3.0,1990.0,0,0,0,TE,TE,jackie_harris,33.0,0.0,0.0
2000,DAL,Jackie Harris,Jackie,Harris,TE,88.0,32,76,244,La-Monroe,1/4/1968,10,16,7,3.0,1990.0,0,0,0,TE,TE,jackie_harris,33.0,0.0,0.0
2000,DAL,David LaFleur,David,LaFleur,TE,89.0,26,79,272,LSU,1/29/1974,3,15,10,1.0,1997.0,0,0,0,TE,TE,david_lafleur,7.0,0.0,0.0
2000,DAL,David LaFleur,David,LaFleur,TE,89.0,26,79,272,LSU,1/29/1974,3,15,10,1.0,1997.0,0,0,0,TE,TE,david_lafleur,7.0,0.0,0.0
2000,DAL,O.J. Santiago,O.J.,Santiago,TE,80.0,26,79,265,Kent St.,3/4/1974,3,11,0,0.0,1997.0,0,0,0,TE,TE,o.j._santiago,10.0,0.0,0.0
2000,DAL,James Whalen,James,Whalen,TE,46.0,23,74,244,Kentucky,12/11/1977,Rook,3,0,0.0,2000.0,0,0,0,TE,TE,james_whalen,1.0,0.0,0.0
2000,DAL,O.J. Santiago,O.J.,Santiago,TE,80.0,26,79,265,Kent St.,3/4/1974,3,11,0,0.0,1997.0,0,0,0,TE,TE,o.j._santiago,10.0,0.0,0.0
2000,DAL,James Whalen,James,Whalen,TE,46.0,23,74,244,Kentucky,12/11/1977,Rook,3,0,0.0,2000.0,0,0,0,TE,TE,james_whalen,1.0,0.0,0.0
2000,DEN,Dwayne Carswell,Dwayne,Carswell,TE,89.0,28,75,290,Liberty,1/18/1972,6,16,16,5.0,,0,0,0,TE,TE,dwayne_carswell,0.0,0.0,1.0
2000,DEN,Dwayne Carswell,Dwayne,Carswell,TE,89.0,28,75,290,Liberty,1/18/1972,6,16,16,5.0,,0,0,0,TE,TE,dwayne_carswell,0.0,0.0,1.0
2000,DEN,Desmond Clark,Desmond,Clark,TE,88.0,23,75,249,Wake Forest,4/20/1977,1,16,2,4.0,1999.0,0,0,0,TE,TE,desmond_clark,27.0,0.0,0.0
2000,DEN,Desmond Clark,Desmond,Clark,TE,88.0,23,75,249,Wake Forest,4/20/1977,1,16,2,4.0,1999.0,0,0,0,TE,TE,desmond_clark,27.0,0.0,0.0
2000,DEN,Byron Chamberlain,Byron,Chamberlain,TE,86.0,29,73,250,"Missouri,Wayne State (NE)",10/17/1971,5,15,0,3.0,1995.0,0,0,0,TE,TE,byron_chamberlain,17.0,0.0,1.0
2000,DEN,Byron Chamberlain,Byron,Chamberlain,TE,86.0,29,73,250,"Missouri,Wayne State (NE)",10/17/1971,5,15,0,3.0,1995.0,0,0,0,TE,TE,byron_chamberlain,17.0,0.0,1.0
2000,DEN,Billy Miller,Billy,Miller,TE,82.0,23,75,252,USC,4/24/1977,1,12,0,0.0,1999.0,0,0,0,TE,TE,billy_miller,18.0,0.0,0.0
2000,DEN,Billy Miller,Billy,Miller,TE,82.0,23,75,252,USC,4/24/1977,1,12,0,0.0,1999.0,0,0,0,TE,TE,billy_miller,18.0,0.0,0.0
2000,DET,David Sloan,David,Sloan,TE,86.0,28,78,260,New Mexico,6/8/1972,5,15,10,4.0,1995.0,0,0,0,TE,TE,david_sloan,18.0,0.0,1.0
2000,DET,David Sloan,David,Sloan,TE,86.0,28,78,260,New Mexico,6/8/1972,5,15,10,4.0,1995.0,0,0,0,TE,TE,david_sloan,18.0,0.0,1.0
2000,DET,Walter Rasby,Walter,Rasby,TE,89.0,28,75,252,Wake Forest,9/7/1972,6,16,8,1.0,,0,0,0,TE,TE,walter_rasby,0.0,0.0,0.0
2000,DET,Walter Rasby,Walter,Rasby,TE,89.0,28,75,252,Wake Forest,9/7/1972,6,16,8,1.0,,0,0,0,TE,TE,walter_rasby,0.0,0.0,0.0
2000,DET,Alfred Pupunu,Alfred,Pupunu,TE,81.0,31,74,260,Weber St.,10/17/1969,8,9,0,0.0,,0,0,0,TE,TE,alfred_pupunu,0.0,0.0,0.0
2000,DET,Alfred Pupunu,Alfred,Pupunu,TE,81.0,31,74,260,Weber St.,10/17/1969,8,9,0,0.0,,0,0,0,TE,TE,alfred_pupunu,0.0,0.0,0.0
2000,GNB,Bubba Franks,Bubba,Franks,TE,88.0,22,78,265,Miami (FL),1/6/1978,Rook,16,13,3.0,2000.0,0,0,0,TE,TE,bubba_franks,20.0,0.0,3.0
2000,GNB,Bubba Franks,Bubba,Franks,TE,88.0,22,78,265,Miami (FL),1/6/1978,Rook,16,13,3.0,2000.0,0,0,0,TE,TE,bubba_franks,20.0,0.0,3.0
2000,GNB,Tyrone Davis,Tyrone,Davis,TE,81.0,28,76,240,Virginia,6/30/1972,5,14,9,2.0,1995.0,0,0,0,TE,TE,tyrone_davis,0.0,0.0,0.0
2000,GNB,Tyrone Davis,Tyrone,Davis,TE,81.0,28,76,240,Virginia,6/30/1972,5,14,9,2.0,1995.0,0,0,0,TE,TE,tyrone_davis,8.0,0.0,0.0
2000,GNB,Tyrone Davis,Tyrone,Davis,TE,81.0,28,76,240,Virginia,6/30/1972,5,14,9,2.0,1995.0,0,0,0,TE,TE,tyrone_davis,0.0,0.0,0.0
2000,GNB,Tyrone Davis,Tyrone,Davis,TE,81.0,28,76,240,Virginia,6/30/1972,5,14,9,2.0,1995.0,0,0,0,TE,TE,tyrone_davis,8.0,0.0,0.0
2000,GNB,Ryan Wetnight,Ryan,Wetnight,TE,83.0,30,74,235,Stanford,11/5/1970,7,10,0,0.0,,0,0,0,TE,TE,ryan_wetnight,0.0,0.0,0.0
2000,GNB,Ryan Wetnight,Ryan,Wetnight,TE,83.0,30,74,235,Stanford,11/5/1970,7,10,0,0.0,,0,0,0,TE,TE,ryan_wetnight,0.0,0.0,0.0
2000,JAX,Kyle Brady,Kyle,Brady,TE,80.0,28,78,278,Penn St.,1/14/1972,5,16,15,7.0,1995.0,0,0,0,TE,TE,kyle_brady,26.0,0.0,0.0
2000,JAX,Kyle Brady,Kyle,Brady,TE,80.0,28,78,278,Penn St.,1/14/1972,5,16,15,7.0,1995.0,0,0,0,TE,TE,kyle_brady,26.0,0.0,0.0
2000,JAX,Greg DeLong,Greg,DeLong,TE,83.0,27,76,250,North Carolina,4/3/1973,5,4,1,0.0,,0,0,0,TE,TE,greg_delong,0.0,0.0,0.0
2000,JAX,Rich Griffith,Rich,Griffith,TE,85.0,31,77,262,Arizona,7/31/1969,7,16,1,0.0,1993.0,0,0,0,TE,TE,rich_griffith,2.0,0.0,0.0
2000,JAX,Damon Jones,Damon,Jones,TE,88.0,26,77,270,"Michigan,Southern Illinois",9/18/1974,3,1,0,0.0,1997.0,0,0,0,TE,TE,damon_jones,5.0,0.0,0.0
2000,JAX,Ryan Neufeld,Ryan,Neufeld,TE,83.0,25,76,250,UCLA,11/22/1975,1,3,0,0.0,,0,0,0,TE,TE,ryan_neufeld,0.0,0.0,0.0
2000,JAX,Greg DeLong,Greg,DeLong,TE,83.0,27,76,250,North Carolina,4/3/1973,5,4,1,0.0,,0,0,0,TE,TE,greg_delong,0.0,0.0,0.0
2000,JAX,Rich Griffith,Rich,Griffith,TE,85.0,31,77,262,Arizona,7/31/1969,7,16,1,0.0,1993.0,0,0,0,TE,TE,rich_griffith,2.0,0.0,0.0
2000,JAX,Damon Jones,Damon,Jones,TE,88.0,26,77,270,"Michigan,Southern Illinois",9/18/1974,3,1,0,0.0,1997.0,0,0,0,TE,TE,damon_jones,5.0,0.0,0.0
2000,JAX,Ryan Neufeld,Ryan,Neufeld,TE,83.0,25,76,250,UCLA,11/22/1975,1,3,0,0.0,,0,0,0,TE,TE,ryan_neufeld,0.0,0.0,0.0
2000,KAN,Tony Gonzalez,Tony,Gonzalez,TE,88.0,24,77,247,California,2/27/1976,3,16,16,11.0,1997.0,0,0,0,TE,TE,tony_gonzalez,95.0,6.0,14.0
2000,KAN,Tony Gonzalez,Tony,Gonzalez,TE,88.0,24,77,247,California,2/27/1976,3,16,16,11.0,1997.0,0,0,0,TE,TE,tony_gonzalez,95.0,6.0,14.0
2000,KAN,Troy Drayton,Troy,Drayton,TE,87.0,30,75,260,Penn St.,6/29/1970,7,16,1,1.0,1993.0,0,0,0,TE,TE,troy_drayton,21.0,0.0,0.0
2000,KAN,Troy Drayton,Troy,Drayton,TE,87.0,30,75,260,Penn St.,6/29/1970,7,16,1,1.0,1993.0,0,0,0,TE,TE,troy_drayton,21.0,0.0,0.0
2000,KAN,Jason Dunn,Jason,Dunn,TE,89.0,27,78,276,Eastern Kentucky,11/15/1973,4,14,2,0.0,1996.0,0,0,0,TE,TE,jason_dunn,7.0,0.0,0.0
2000,KAN,Jason Dunn,Jason,Dunn,TE,89.0,27,78,276,Eastern Kentucky,11/15/1973,4,14,2,0.0,1996.0,0,0,0,TE,TE,jason_dunn,7.0,0.0,0.0
2000,MIA,Jed Weaver,Jed,Weaver,TE,82.0,24,76,258,Oregon,8/11/1976,1,16,0,2.0,1999.0,0,0,0,TE,TE,jed_weaver,11.0,0.0,0.0
2000,MIA,Jed Weaver,Jed,Weaver,TE,82.0,24,76,258,Oregon,8/11/1976,1,16,0,2.0,1999.0,0,0,0,TE,TE,jed_weaver,11.0,0.0,0.0
2000,MIA,Hunter Goodwin,Hunter,Goodwin,TE,83.0,28,77,268,"Texas A&M-Kingsville,Texas A&M",10/10/1972,4,16,16,0.0,1996.0,0,0,0,TE,TE,hunter_goodwin,1.0,0.0,0.0
2000,MIA,Brody Liddiard,Brody,Liddiard,TE,48.0,23,76,240,Colorado,6/12/1977,Rook,5,0,0.0,,0,0,0,TE,TE,brody_liddiard,0.0,0.0,0.0
2000,MIA,Ed Perry,Ed,Perry,TE,89.0,26,76,265,James Madison,9/1/1974,3,9,0,0.0,1997.0,0,0,0,TE,TE,ed_perry,2.0,0.0,0.0
2000,MIA,Hunter Goodwin,Hunter,Goodwin,TE,83.0,28,77,268,"Texas A&M-Kingsville,Texas A&M",10/10/1972,4,16,16,0.0,1996.0,0,0,0,TE,TE,hunter_goodwin,1.0,0.0,0.0
2000,MIA,Brody Liddiard,Brody,Liddiard,TE,48.0,23,76,240,Colorado,6/12/1977,Rook,5,0,0.0,,0,0,0,TE,TE,brody_liddiard,0.0,0.0,0.0
2000,MIA,Ed Perry,Ed,Perry,TE,89.0,26,76,265,James Madison,9/1/1974,3,9,0,0.0,1997.0,0,0,0,TE,TE,ed_perry,2.0,0.0,0.0
2000,MIN,John Davis,John,Davis,TE,86.0,27,76,257,"Cisco (TX),Emporia St.",5/14/1973,3,15,9,2.0,,0,0,0,TE,TE,john_davis,0.0,0.0,0.0
2000,MIN,John Davis,John,Davis,TE,86.0,27,76,257,"Cisco (TX),Emporia St.",5/14/1973,3,15,9,2.0,,0,0,0,TE,TE,john_davis,0.0,0.0,0.0
2000,MIN,John Davis,John,Davis,TE,86.0,27,76,257,"Cisco (TX),Emporia St.",5/14/1973,3,15,9,2.0,,0,0,0,TE,TE,john_davis,31.0,0.0,0.0
2000,MIN,John Davis,John,Davis,TE,86.0,27,76,257,"Cisco (TX),Emporia St.",5/14/1973,3,15,9,2.0,,0,0,0,TE,TE,john_davis,0.0,0.0,1.0
2000,MIN,Johnny McWilliams,Johnny,McWilliams,TE,87.0,28,76,271,USC,12/14/1972,4,15,7,2.0,1996.0,0,0,0,TE,TE,johnny_mcwilliams,6.0,0.0,0.0
2000,MIN,John Davis,John,Davis,TE,86.0,27,76,257,"Cisco (TX),Emporia St.",5/14/1973,3,15,9,2.0,,0,0,0,TE,TE,john_davis,0.0,0.0,0.0
2000,MIN,John Davis,John,Davis,TE,86.0,27,76,257,"Cisco (TX),Emporia St.",5/14/1973,3,15,9,2.0,,0,0,0,TE,TE,john_davis,0.0,0.0,0.0
2000,MIN,John Davis,John,Davis,TE,86.0,27,76,257,"Cisco (TX),Emporia St.",5/14/1973,3,15,9,2.0,,0,0,0,TE,TE,john_davis,31.0,0.0,0.0
2000,MIN,John Davis,John,Davis,TE,86.0,27,76,257,"Cisco (TX),Emporia St.",5/14/1973,3,15,9,2.0,,0,0,0,TE,TE,john_davis,0.0,0.0,1.0
2000,MIN,Johnny McWilliams,Johnny,McWilliams,TE,87.0,28,76,271,USC,12/14/1972,4,15,7,2.0,1996.0,0,0,0,TE,TE,johnny_mcwilliams,6.0,0.0,0.0
2000,MIN,Andrew Jordan,Andrew,Jordan,TE,85.0,28,78,260,Western Carolina,6/21/1972,6,16,4,1.0,1994.0,0,0,0,TE,TE,andrew_jordan,7.0,0.0,0.0
2000,MIN,Andrew Jordan,Andrew,Jordan,TE,85.0,28,78,260,Western Carolina,6/21/1972,6,16,4,1.0,1994.0,0,0,0,TE,TE,andrew_jordan,7.0,0.0,0.0
2000,MIN,Matt Cercone,Matt,Cercone,TE,48.0,25,77,252,Arizona St.,11/30/1975,Rook,2,0,0.0,,0,0,0,TE,TE,matt_cercone,0.0,0.0,0.0
2000,MIN,Matt Cercone,Matt,Cercone,TE,48.0,25,77,252,Arizona St.,11/30/1975,Rook,2,0,0.0,,0,0,0,TE,TE,matt_cercone,0.0,0.0,0.0
2000,NOR,Andrew Glover,Andrew,Glover,TE,82.0,33,78,250,Grambling St.,8/12/1967,9,16,14,3.0,1991.0,0,0,0,TE,TE,andrew_glover,22.0,0.0,0.0
2000,NOR,Andrew Glover,Andrew,Glover,TE,82.0,33,78,250,Grambling St.,8/12/1967,9,16,14,3.0,1991.0,0,0,0,TE,TE,andrew_glover,22.0,0.0,0.0
2000,NOR,Lamont Hall,Lamont,Hall,TE,81.0,26,76,260,Clemson,11/16/1974,1,16,5,0.0,,0,0,0,TE,TE,lamont_hall,0.0,0.0,0.0
2000,NOR,Dave Stachelski,Dave,Stachelski,TE,89.0,23,75,250,Boise St.,3/1/1977,Rook,4,0,0.0,2000.0,0,0,0,TE,TE,dave_stachelski,0.0,0.0,0.0
2000,NOR,Austin Wheatley,Austin,Wheatley,TE,84.0,23,75,254,Iowa,11/16/1977,Rook,4,0,0.0,2000.0,0,0,0,TE,TE,austin_wheatley,0.0,0.0,0.0
2000,NOR,Lamont Hall,Lamont,Hall,TE,81.0,26,76,260,Clemson,11/16/1974,1,16,5,0.0,,0,0,0,TE,TE,lamont_hall,0.0,0.0,0.0
2000,NOR,Dave Stachelski,Dave,Stachelski,TE,89.0,23,75,250,Boise St.,3/1/1977,Rook,4,0,0.0,2000.0,0,0,0,TE,TE,dave_stachelski,0.0,0.0,0.0
2000,NOR,Austin Wheatley,Austin,Wheatley,TE,84.0,23,75,254,Iowa,11/16/1977,Rook,4,0,0.0,2000.0,0,0,0,TE,TE,austin_wheatley,0.0,0.0,0.0
2000,NWE,Jermaine Wiggins,Jermaine,Wiggins,TE,85.0,25,74,255,"Marshall,Georgia",1/18/1975,1,4,2,2.0,,0,0,0,TE,TE,jermaine_wiggins,0.0,0.0,0.0
2000,NWE,Jermaine Wiggins,Jermaine,Wiggins,TE,85.0,25,74,255,"Marshall,Georgia",1/18/1975,1,4,2,2.0,,0,0,0,TE,TE,jermaine_wiggins,0.0,0.0,0.0
2000,NWE,Eric Bjornson,Eric,Bjornson,TE,86.0,29,76,236,Washington,12/15/1971,5,8,6,1.0,1995.0,0,0,0,TE,TE,eric_bjornson,10.0,0.0,0.0
2000,NWE,Rod Rutledge,Rod,Rutledge,TE,83.0,25,77,262,Alabama,8/12/1975,2,16,11,1.0,1998.0,0,0,0,TE,TE,rod_rutledge,2.0,0.0,0.0
2000,NWE,Eric Bjornson,Eric,Bjornson,TE,86.0,29,76,236,Washington,12/15/1971,5,8,6,1.0,1995.0,0,0,0,TE,TE,eric_bjornson,10.0,0.0,0.0
2000,NWE,Rod Rutledge,Rod,Rutledge,TE,83.0,25,77,262,Alabama,8/12/1975,2,16,11,1.0,1998.0,0,0,0,TE,TE,rod_rutledge,2.0,0.0,0.0
2000,NWE,Chris Eitzmann,Chris,Eitzmann,TE,46.0,23,77,255,Harvard,4/1/1977,Rook,5,1,0.0,,0,0,0,TE,TE,chris_eitzmann,0.0,0.0,0.0
2000,NWE,Chris Eitzmann,Chris,Eitzmann,TE,46.0,23,77,255,Harvard,4/1/1977,Rook,5,1,0.0,,0,0,0,TE,TE,chris_eitzmann,0.0,0.0,0.0
2000,NYG,Pete Mitchell,Pete,Mitchell,TE,83.0,29,74,243,Boston Col.,10/9/1971,5,14,5,3.0,1995.0,0,0,0,TE,TE,pete_mitchell,23.0,0.0,0.0
2000,NYG,Pete Mitchell,Pete,Mitchell,TE,83.0,29,74,243,Boston Col.,10/9/1971,5,14,5,3.0,1995.0,0,0,0,TE,TE,pete_mitchell,23.0,0.0,0.0
2000,NYG,Dan Campbell,Dan,Campbell,TE,89.0,24,77,265,Texas A&M,4/13/1976,1,16,5,0.0,1999.0,0,0,0,TE,TE,dan_campbell,7.0,0.0,0.0
2000,NYG,Howard Cross,Howard,Cross,TE,87.0,33,77,270,Alabama,8/8/1967,11,16,11,0.0,1989.0,0,0,0,TE,TE,howard_cross,17.0,0.0,0.0
2000,NYG,Dan Campbell,Dan,Campbell,TE,89.0,24,77,265,Texas A&M,4/13/1976,1,16,5,0.0,1999.0,0,0,0,TE,TE,dan_campbell,7.0,0.0,0.0
2000,NYG,Howard Cross,Howard,Cross,TE,87.0,33,77,270,Alabama,8/8/1967,11,16,11,0.0,1989.0,0,0,0,TE,TE,howard_cross,17.0,0.0,0.0
2000,NYJ,Anthony Becht,Anthony,Becht,TE,88.0,23,78,270,West Virginia,8/8/1977,Rook,14,10,1.0,2000.0,0,0,0,TE,TE,anthony_becht,12.0,0.0,0.0
2000,NYJ,Anthony Becht,Anthony,Becht,TE,88.0,23,78,270,West Virginia,8/8/1977,Rook,14,10,1.0,2000.0,0,0,0,TE,TE,anthony_becht,12.0,0.0,0.0
2000,NYJ,Fred Baxter,Fred,Baxter,TE,84.0,29,75,268,Auburn,6/14/1971,7,9,6,0.0,1993.0,0,0,0,TE,TE,fred_baxter,7.0,0.0,0.0
2000,NYJ,Jermaine Wiggins,Jermaine,Wiggins,TE,85.0,25,74,255,"Marshall,Georgia",1/18/1975,1,11,0,0.0,,0,0,0,TE,TE,jermaine_wiggins,0.0,0.0,0.0
2000,NYJ,Fred Baxter,Fred,Baxter,TE,84.0,29,75,268,Auburn,6/14/1971,7,9,6,0.0,1993.0,0,0,0,TE,TE,fred_baxter,7.0,0.0,0.0
2000,NYJ,Jermaine Wiggins,Jermaine,Wiggins,TE,85.0,25,74,255,"Marshall,Georgia",1/18/1975,1,11,0,0.0,,0,0,0,TE,TE,jermaine_wiggins,0.0,0.0,0.0
2000,OTI,Frank Wycheck,Frank,Wycheck,TE,89.0,29,75,253,Maryland,10/14/1971,7,16,16,6.0,1993.0,0,0,0,TE,TE,frank_wycheck,43.0,0.0,3.0
2000,OTI,Frank Wycheck,Frank,Wycheck,TE,89.0,29,75,253,Maryland,10/14/1971,7,16,16,6.0,1993.0,0,0,0,TE,TE,frank_wycheck,43.0,0.0,3.0
2000,OTI,Frank Wycheck,Frank,Wycheck,TE,89.0,29,75,253,Maryland,10/14/1971,7,16,16,6.0,1993.0,0,0,0,TE,TE,frank_wycheck,43.0,0.0,3.0
2000,OTI,Frank Wycheck,Frank,Wycheck,TE,89.0,29,75,253,Maryland,10/14/1971,7,16,16,6.0,1993.0,0,0,0,TE,TE,frank_wycheck,43.0,0.0,3.0
2000,OTI,Erron Kinney,Erron,Kinney,TE,88.0,23,77,275,Florida,7/28/1977,Rook,16,9,2.0,2000.0,0,0,0,TE,TE,erron_kinney,15.0,0.0,0.0
2000,OTI,Erron Kinney,Erron,Kinney,TE,88.0,23,77,275,Florida,7/28/1977,Rook,16,9,2.0,2000.0,0,0,0,TE,TE,erron_kinney,15.0,0.0,0.0
2000,OTI,Erron Kinney,Erron,Kinney,TE,88.0,23,77,275,Florida,7/28/1977,Rook,16,9,2.0,2000.0,0,0,0,TE,TE,erron_kinney,15.0,0.0,0.0
2000,OTI,Erron Kinney,Erron,Kinney,TE,88.0,23,77,275,Florida,7/28/1977,Rook,16,9,2.0,2000.0,0,0,0,TE,TE,erron_kinney,15.0,0.0,0.0
2000,OTI,Michael Roan,Michael,Roan,TE,80.0,28,75,251,Wisconsin,8/29/1972,5,1,1,0.0,1995.0,0,0,0,TE,TE,michael_roan,4.0,0.0,0.0
2000,OTI,Michael Roan,Michael,Roan,TE,80.0,28,75,251,Wisconsin,8/29/1972,5,1,1,0.0,1995.0,0,0,0,TE,TE,michael_roan,4.0,0.0,0.0
2000,OTI,Michael Roan,Michael,Roan,TE,80.0,28,75,251,Wisconsin,8/29/1972,5,1,1,0.0,1995.0,0,0,0,TE,TE,michael_roan,4.0,0.0,0.0
2000,OTI,Michael Roan,Michael,Roan,TE,80.0,28,75,251,Wisconsin,8/29/1972,5,1,1,0.0,1995.0,0,0,0,TE,TE,michael_roan,4.0,0.0,0.0
2000,PHI,Chad Lewis,Chad,Lewis,TE,89.0,29,78,252,BYU,10/5/1971,3,16,16,8.0,,0,0,0,TE,TE,chad_lewis,0.0,0.0,0.0
2000,PHI,Chad Lewis,Chad,Lewis,TE,89.0,29,78,252,BYU,10/5/1971,3,16,16,8.0,,0,0,0,TE,TE,chad_lewis,0.0,0.0,0.0
2000,PHI,Luther Broughton,Luther,Broughton,TE,84.0,26,74,248,Furman,11/30/1974,2,15,1,1.0,1997.0,0,0,0,TE,TE,luther_broughton,4.0,0.0,0.0
2000,PHI,Luther Broughton,Luther,Broughton,TE,84.0,26,74,248,Furman,11/30/1974,2,15,1,1.0,1997.0,0,0,0,TE,TE,luther_broughton,4.0,0.0,0.0
2000,PHI,Jeff Thomason,Jeff,Thomason,TE,83.0,31,77,255,Oregon,12/30/1969,8,16,5,0.0,,0,0,0,TE,TE,jeff_thomason,0.0,0.0,0.0
2000,PHI,Jeff Thomason,Jeff,Thomason,TE,83.0,31,77,255,Oregon,12/30/1969,8,16,5,0.0,,0,0,0,TE,TE,jeff_thomason,0.0,0.0,0.0
2000,PIT,Mark Bruener,Mark,Bruener,TE,87.0,28,76,260,Washington,9/16/1972,5,16,16,2.0,1995.0,0,0,0,TE,TE,mark_bruener,10.0,0.0,0.0
2000,PIT,Mark Bruener,Mark,Bruener,TE,87.0,28,76,260,Washington,9/16/1972,5,16,16,2.0,1995.0,0,0,0,TE,TE,mark_bruener,10.0,0.0,0.0
2000,PIT,Cory Geason,Cory,Geason,TE,85.0,25,75,255,Tulane,8/12/1975,1,9,3,1.0,,0,0,0,TE,TE,cory_geason,0.0,0.0,0.0
2000,PIT,Cory Geason,Cory,Geason,TE,85.0,25,75,255,Tulane,8/12/1975,1,9,3,1.0,,0,0,0,TE,TE,cory_geason,0.0,0.0,0.0
2000,PIT,Matt Cushing,Matt,Cushing,TE,48.0,25,76,255,Illinois,7/2/1975,1,7,1,0.0,,0,0,0,TE,TE,matt_cushing,0.0,0.0,0.0
2000,PIT,Jerame Tuman,Jerame,Tuman,TE,84.0,24,76,253,Michigan,3/24/1976,1,16,1,0.0,1999.0,0,0,0,TE,TE,jerame_tuman,5.0,0.0,0.0
2000,PIT,Matt Cushing,Matt,Cushing,TE,48.0,25,76,255,Illinois,7/2/1975,1,7,1,0.0,,0,0,0,TE,TE,matt_cushing,0.0,0.0,0.0
2000,PIT,Jerame Tuman,Jerame,Tuman,TE,84.0,24,76,253,Michigan,3/24/1976,1,16,1,0.0,1999.0,0,0,0,TE,TE,jerame_tuman,5.0,0.0,0.0
2000,RAI,Rickey Dudley,Rickey,Dudley,TE,83.0,28,78,255,Ohio St.,7/15/1972,4,16,16,5.0,1996.0,0,0,0,TE,TE,rickey_dudley,25.0,0.0,0.0
2000,RAI,Rickey Dudley,Rickey,Dudley,TE,83.0,28,78,255,Ohio St.,7/15/1972,4,16,16,5.0,1996.0,0,0,0,TE,TE,rickey_dudley,25.0,0.0,0.0
2000,RAI,Jeremy Brigham,Jeremy,Brigham,TE,87.0,25,78,255,Washington,3/22/1975,2,15,3,1.0,1998.0,0,0,0,TE,TE,jeremy_brigham,3.0,0.0,0.0
2000,RAI,Jeremy Brigham,Jeremy,Brigham,TE,87.0,25,78,255,Washington,3/22/1975,2,15,3,1.0,1998.0,0,0,0,TE,TE,jeremy_brigham,3.0,0.0,0.0
2000,RAI,Mondriel Fulcher,Mondriel,Fulcher,TE,89.0,24,75,250,Miami (FL),10/15/1976,Rook,10,0,0.0,2000.0,0,0,0,TE,TE,mondriel_fulcher,0.0,0.0,0.0
2000,RAI,Mondriel Fulcher,Mondriel,Fulcher,TE,89.0,24,75,250,Miami (FL),10/15/1976,Rook,10,0,0.0,2000.0,0,0,0,TE,TE,mondriel_fulcher,0.0,0.0,0.0
2000,RAM,Ernie Conwell,Ernie,Conwell,TE,84.0,28,74,255,Washington,8/17/1972,4,16,1,1.0,1996.0,0,0,0,TE,TE,ernie_conwell,17.0,0.0,0.0
2000,RAM,Jeff Robinson,Jeff,Robinson,TE,45.0,30,76,264,Idaho,2/20/1970,7,16,2,1.0,1993.0,0,0,0,TE,TE,jeff_robinson,4.0,0.0,0.0
2000,RAM,Roland Williams,Roland,Williams,TE,86.0,25,77,265,Syracuse,4/27/1975,2,16,11,1.0,1998.0,0,0,0,TE,TE,roland_williams,9.0,0.0,0.0
2000,RAM,Ernie Conwell,Ernie,Conwell,TE,84.0,28,74,255,Washington,8/17/1972,4,16,1,1.0,1996.0,0,0,0,TE,TE,ernie_conwell,17.0,0.0,0.0
2000,RAM,Jeff Robinson,Jeff,Robinson,TE,45.0,30,76,264,Idaho,2/20/1970,7,16,2,1.0,1993.0,0,0,0,TE,TE,jeff_robinson,4.0,0.0,0.0
2000,RAM,Roland Williams,Roland,Williams,TE,86.0,25,77,265,Syracuse,4/27/1975,2,16,11,1.0,1998.0,0,0,0,TE,TE,roland_williams,9.0,0.0,0.0
2000,RAV,Shannon Sharpe,Shannon,Sharpe,TE,82.0,32,74,228,Savannah St.,6/26/1968,10,16,15,9.0,1990.0,0,0,0,TE,TE,shannon_sharpe,82.0,4.0,8.0
2000,RAV,Shannon Sharpe,Shannon,Sharpe,TE,82.0,32,74,228,Savannah St.,6/26/1968,10,16,15,9.0,1990.0,0,0,0,TE,TE,shannon_sharpe,82.0,4.0,8.0
2000,RAV,Ben Coates,Ben,Coates,TE,81.0,31,77,245,Livingstone,8/16/1969,9,16,9,1.0,1991.0,0,0,0,TE,TE,ben_coates,43.0,2.0,5.0
2000,RAV,Ben Coates,Ben,Coates,TE,81.0,31,77,245,Livingstone,8/16/1969,9,16,9,1.0,1991.0,0,0,0,TE,TE,ben_coates,43.0,2.0,5.0
2000,RAV,John Jones,John,Jones,TE,85.0,25,76,255,"Pittsburgh,Indiana (PA)",4/4/1975,1,8,0,0.0,,0,0,0,TE,TE,john_jones,0.0,0.0,0.0
2000,RAV,Frank Wainright,Frank,Wainright,TE,88.0,33,74,255,Northern Colorado,10/10/1967,9,8,0,0.0,1991.0,0,0,0,TE,TE,frank_wainright,2.0,0.0,0.0
2000,RAV,John Jones,John,Jones,TE,85.0,25,76,255,"Pittsburgh,Indiana (PA)",4/4/1975,1,8,0,0.0,,0,0,0,TE,TE,john_jones,0.0,0.0,0.0
2000,RAV,Frank Wainright,Frank,Wainright,TE,88.0,33,74,255,Northern Colorado,10/10/1967,9,8,0,0.0,1991.0,0,0,0,TE,TE,frank_wainright,2.0,0.0,0.0
2000,SDG,Freddie Jones,Freddie,Jones,TE,88.0,26,76,260,North Carolina,9/16/1974,3,16,16,6.0,1997.0,0,0,0,TE,TE,freddie_jones,26.0,0.0,0.0
2000,SDG,Freddie Jones,Freddie,Jones,TE,88.0,26,76,260,North Carolina,9/16/1974,3,16,16,6.0,1997.0,0,0,0,TE,TE,freddie_jones,26.0,0.0,0.0
2000,SDG,Reggie Davis,Reggie,Davis,TE,84.0,24,75,233,Washington,9/3/1976,1,10,0,0.0,,0,0,0,TE,TE,reggie_davis,0.0,0.0,0.0
2000,SDG,Steve Heiden,Steve,Heiden,TE,83.0,24,77,270,South Dakota St.,9/21/1976,1,15,3,0.0,1999.0,0,0,0,TE,TE,steve_heiden,11.0,0.0,0.0
2000,SDG,Reggie Davis,Reggie,Davis,TE,84.0,24,75,233,Washington,9/3/1976,1,10,0,0.0,,0,0,0,TE,TE,reggie_davis,0.0,0.0,0.0
2000,SDG,Steve Heiden,Steve,Heiden,TE,83.0,24,77,270,South Dakota St.,9/21/1976,1,15,3,0.0,1999.0,0,0,0,TE,TE,steve_heiden,11.0,0.0,0.0
2000,SEA,Itula Mili,Itula,Mili,TE,89.0,27,76,260,BYU,4/20/1973,2,16,6,3.0,1997.0,0,0,0,TE,TE,itula_mili,15.0,0.0,0.0
2000,SEA,Itula Mili,Itula,Mili,TE,89.0,27,76,260,BYU,4/20/1973,2,16,6,3.0,1997.0,0,0,0,TE,TE,itula_mili,15.0,0.0,0.0
2000,SEA,Christian Fauria,Christian,Fauria,TE,86.0,29,76,250,Colorado,9/22/1971,5,15,10,2.0,1995.0,0,0,0,TE,TE,christian_fauria,17.0,0.0,0.0
2000,SEA,Christian Fauria,Christian,Fauria,TE,86.0,29,76,250,Colorado,9/22/1971,5,15,10,2.0,1995.0,0,0,0,TE,TE,christian_fauria,17.0,0.0,0.0
2000,SEA,James Hill,James,Hill,TE,85.0,26,76,246,Abilene Christian,10/25/1974,Rook,10,0,0.0,,0,0,0,TE,TE,james_hill,0.0,0.0,0.0
2000,SEA,James Hill,James,Hill,TE,85.0,26,76,246,Abilene Christian,10/25/1974,Rook,10,0,0.0,,0,0,0,TE,TE,james_hill,0.0,0.0,0.0
2000,SFO,Greg Clark,Greg,Clark,TE,85.0,28,76,251,Stanford,4/7/1972,3,15,15,4.0,1997.0,0,0,0,TE,TE,greg_clark,6.0,0.0,0.0
2000,SFO,Greg Clark,Greg,Clark,TE,85.0,28,76,251,Stanford,4/7/1972,3,15,15,4.0,1997.0,0,0,0,TE,TE,greg_clark,9.0,0.0,0.0
2000,SFO,Greg Clark,Greg,Clark,TE,85.0,28,76,251,Stanford,4/7/1972,3,15,15,4.0,1997.0,0,0,0,TE,TE,greg_clark,6.0,0.0,0.0
2000,SFO,Greg Clark,Greg,Clark,TE,85.0,28,76,251,Stanford,4/7/1972,3,15,15,4.0,1997.0,0,0,0,TE,TE,greg_clark,9.0,0.0,0.0
2000,SFO,Justin Swift,Justin,Swift,TE,88.0,25,75,265,Kansas St.,8/14/1975,1,16,1,0.0,1999.0,0,0,0,TE,TE,justin_swift,2.0,0.0,0.0
2000,SFO,Justin Swift,Justin,Swift,TE,88.0,25,75,265,Kansas St.,8/14/1975,1,16,1,0.0,1999.0,0,0,0,TE,TE,justin_swift,2.0,0.0,0.0
2000,TAM,Dave Moore,Dave,Moore,TE,83.0,31,74,250,Pittsburgh,11/11/1969,8,16,16,4.0,1992.0,0,0,0,TE,TE,dave_moore,18.0,0.0,1.0
2000,TAM,Dave Moore,Dave,Moore,TE,83.0,31,74,250,Pittsburgh,11/11/1969,8,16,16,4.0,1992.0,0,0,0,TE,TE,dave_moore,18.0,0.0,1.0
2000,TAM,Patrick Hape,Patrick,Hape,TE,82.0,26,76,262,Alabama,6/6/1974,3,16,2,0.0,1997.0,0,0,0,TE,TE,patrick_hape,1.0,0.0,0.0
2000,TAM,Blake Spence,Blake,Spence,TE,84.0,25,76,249,Oregon,6/20/1975,2,3,0,0.0,1998.0,0,0,0,TE,TE,blake_spence,0.0,0.0,0.0
2000,TAM,Todd Yoder,Todd,Yoder,TE,80.0,22,76,262,Vanderbilt,3/18/1978,Rook,9,0,0.0,,0,0,0,TE,TE,todd_yoder,0.0,0.0,0.0
2000,TAM,Patrick Hape,Patrick,Hape,TE,82.0,26,76,262,Alabama,6/6/1974,3,16,2,0.0,1997.0,0,0,0,TE,TE,patrick_hape,1.0,0.0,0.0
2000,TAM,Blake Spence,Blake,Spence,TE,84.0,25,76,249,Oregon,6/20/1975,2,3,0,0.0,1998.0,0,0,0,TE,TE,blake_spence,0.0,0.0,0.0
2000,TAM,Todd Yoder,Todd,Yoder,TE,80.0,22,76,262,Vanderbilt,3/18/1978,Rook,9,0,0.0,,0,0,0,TE,TE,todd_yoder,0.0,0.0,0.0
2000,WAS,Stephen Alexander,Stephen,Alexander,TE,80.0,25,76,250,Oklahoma,11/7/1975,2,16,16,4.0,1998.0,0,0,0,TE,TE,stephen_alexander,20.0,0.0,1.0
2000,WAS,Stephen Alexander,Stephen,Alexander,TE,80.0,25,76,250,Oklahoma,11/7/1975,2,16,16,4.0,1998.0,0,0,0,TE,TE,stephen_alexander,20.0,0.0,1.0
2000,WAS,Mike Sellers,Mike,Sellers,TE,45.0,25,75,272,Walla Walla CC (WA),7/21/1975,2,15,6,1.0,,0,0,0,TE,TE,mike_sellers,0.0,0.0,0.0
2000,WAS,Mike Sellers,Mike,Sellers,TE,45.0,25,75,272,Walla Walla CC (WA),7/21/1975,2,15,6,1.0,,0,0,0,TE,TE,mike_sellers,0.0,0.0,0.0
2000,WAS,Zeron Flemister,Zeron,Flemister,TE,89.0,24,76,250,Iowa,9/8/1976,Rook,5,0,0.0,,0,0,0,TE,TE,zeron_flemister,0.0,0.0,0.0
2000,WAS,James Jenkins,James,Jenkins,TE,88.0,33,74,243,Rutgers,8/17/1967,9,13,6,0.0,,0,0,0,TE,TE,james_jenkins,0.0,0.0,0.0
2000,WAS,Zeron Flemister,Zeron,Flemister,TE,89.0,24,76,250,Iowa,9/8/1976,Rook,5,0,0.0,,0,0,0,TE,TE,zeron_flemister,0.0,0.0,0.0
2000,WAS,James Jenkins,James,Jenkins,TE,88.0,33,74,243,Rutgers,8/17/1967,9,13,6,0.0,,0,0,0,TE,TE,james_jenkins,0.0,0.0,0.0
2001,ATL,Alge Crumpler,Alge,Crumpler,TE,83.0,24,74,275,North Carolina,12/23/1977,Rook,16,12,3.0,2001.0,0,0,0,TE,TE,alge_crumpler,41.0,0.0,4.0
2001,ATL,Alge Crumpler,Alge,Crumpler,TE,83.0,24,74,275,North Carolina,12/23/1977,Rook,16,12,3.0,2001.0,0,0,0,TE,TE,alge_crumpler,41.0,0.0,4.0
2001,ATL,Brian Kozlowski,Brian,Kozlowski,TE,85.0,31,75,250,Connecticut,10/4/1970,7,16,0,2.0,,0,0,0,TE,TE,brian_kozlowski,0.0,0.0,0.0
2001,ATL,Brian Kozlowski,Brian,Kozlowski,TE,85.0,31,75,250,Connecticut,10/4/1970,7,16,0,2.0,,0,0,0,TE,TE,brian_kozlowski,0.0,0.0,0.0
2001,ATL,Reggie Kelly,Reggie,Kelly,TE,89.0,24,76,257,Mississippi St.,2/22/1977,2,14,13,1.0,1999.0,0,0,0,TE,TE,reggie_kelly,12.0,0.0,0.0
2001,ATL,Reggie Kelly,Reggie,Kelly,TE,89.0,24,76,257,Mississippi St.,2/22/1977,2,14,13,1.0,1999.0,0,0,0,TE,TE,reggie_kelly,12.0,0.0,0.0
2001,ATL,Derek Rackley,Derek,Rackley,TE,48.0,24,76,250,Minnesota,7/18/1977,1,16,0,0.0,,0,0,0,TE,TE,derek_rackley,0.0,0.0,0.0
2001,ATL,Derek Rackley,Derek,Rackley,TE,48.0,24,76,250,Minnesota,7/18/1977,1,16,0,0.0,,0,0,0,TE,TE,derek_rackley,0.0,0.0,0.0
2001,BUF,Jay Riemersma,Jay,Riemersma,TE,85.0,28,77,255,Michigan,5/17/1973,4,16,15,4.0,1996.0,0,0,0,TE,TE,jay_riemersma,19.0,0.0,0.0
2001,BUF,Jay Riemersma,Jay,Riemersma,TE,85.0,28,77,255,Michigan,5/17/1973,4,16,15,4.0,1996.0,0,0,0,TE,TE,jay_riemersma,19.0,0.0,0.0
2001,BUF,Sheldon Jackson,Sheldon,Jackson,TE,88.0,25,75,250,Nebraska,7/24/1976,2,16,1,0.0,1999.0,0,0,0,TE,TE,sheldon_jackson,0.0,0.0,0.0
2001,BUF,Dan O'Leary,Dan,O'Leary,TE,87.0,24,75,248,Notre Dame,9/1/1977,Rook,8,0,0.0,2001.0,0,0,0,TE,TE,dan_o'leary,0.0,0.0,0.0
2001,BUF,Sheldon Jackson,Sheldon,Jackson,TE,88.0,25,75,250,Nebraska,7/24/1976,2,16,1,0.0,1999.0,0,0,0,TE,TE,sheldon_jackson,0.0,0.0,0.0
2001,BUF,Dan O'Leary,Dan,O'Leary,TE,87.0,24,75,248,Notre Dame,9/1/1977,Rook,8,0,0.0,2001.0,0,0,0,TE,TE,dan_o'leary,0.0,0.0,0.0
2001,CAR,Wesley Walls,Wesley,Walls,TE,85.0,35,77,240,Mississippi,2/26/1966,12,14,14,4.0,1989.0,0,0,0,TE,TE,wesley_walls,43.0,0.0,5.0
2001,CAR,Wesley Walls,Wesley,Walls,TE,85.0,35,77,240,Mississippi,2/26/1966,12,14,14,4.0,1989.0,0,0,0,TE,TE,wesley_walls,43.0,0.0,5.0
2001,CAR,Kris Mangum,Kris,Mangum,TE,86.0,28,76,252,"Alabama,Mississippi",8/15/1973,4,16,10,1.0,1997.0,0,0,0,TE,TE,kris_mangum,11.0,0.0,0.0
2001,CAR,Kris Mangum,Kris,Mangum,TE,86.0,28,76,252,"Alabama,Mississippi",8/15/1973,4,16,10,1.0,1997.0,0,0,0,TE,TE,kris_mangum,11.0,0.0,0.0
2001,CAR,Luther Broughton,Luther,Broughton,TE,80.0,27,74,248,Furman,11/30/1974,3,15,0,0.0,1997.0,0,0,0,TE,TE,luther_broughton,4.0,0.0,0.0
2001,CAR,Casey Crawford,Casey,Crawford,TE,84.0,24,78,255,Virginia,8/1/1977,1,3,1,0.0,,0,0,0,TE,TE,casey_crawford,0.0,0.0,0.0
2001,CAR,Luther Broughton,Luther,Broughton,TE,80.0,27,74,248,Furman,11/30/1974,3,15,0,0.0,1997.0,0,0,0,TE,TE,luther_broughton,4.0,0.0,0.0
2001,CAR,Casey Crawford,Casey,Crawford,TE,84.0,24,78,255,Virginia,8/1/1977,1,3,1,0.0,,0,0,0,TE,TE,casey_crawford,0.0,0.0,0.0
2001,CHI,Fred Baxter,Fred,Baxter,TE,84.0,30,75,268,Auburn,6/14/1971,8,14,14,1.0,1993.0,0,0,0,TE,TE,fred_baxter,7.0,0.0,0.0
2001,CHI,John Davis,John,Davis,TE,82.0,28,76,257,"Cisco (TX),Emporia St.",5/14/1973,4,16,7,1.0,,0,0,0,TE,TE,john_davis,0.0,0.0,0.0
2001,CHI,John Davis,John,Davis,TE,82.0,28,76,257,"Cisco (TX),Emporia St.",5/14/1973,4,16,7,1.0,,0,0,0,TE,TE,john_davis,0.0,0.0,0.0
2001,CHI,John Davis,John,Davis,TE,82.0,28,76,257,"Cisco (TX),Emporia St.",5/14/1973,4,16,7,1.0,,0,0,0,TE,TE,john_davis,31.0,0.0,0.0
2001,CHI,John Davis,John,Davis,TE,82.0,28,76,257,"Cisco (TX),Emporia St.",5/14/1973,4,16,7,1.0,,0,0,0,TE,TE,john_davis,0.0,0.0,1.0
2001,CHI,Fred Baxter,Fred,Baxter,TE,84.0,30,75,268,Auburn,6/14/1971,8,14,14,1.0,1993.0,0,0,0,TE,TE,fred_baxter,7.0,0.0,0.0
2001,CHI,John Davis,John,Davis,TE,82.0,28,76,257,"Cisco (TX),Emporia St.",5/14/1973,4,16,7,1.0,,0,0,0,TE,TE,john_davis,0.0,0.0,0.0
2001,CHI,John Davis,John,Davis,TE,82.0,28,76,257,"Cisco (TX),Emporia St.",5/14/1973,4,16,7,1.0,,0,0,0,TE,TE,john_davis,0.0,0.0,0.0
2001,CHI,John Davis,John,Davis,TE,82.0,28,76,257,"Cisco (TX),Emporia St.",5/14/1973,4,16,7,1.0,,0,0,0,TE,TE,john_davis,31.0,0.0,0.0
2001,CHI,John Davis,John,Davis,TE,82.0,28,76,257,"Cisco (TX),Emporia St.",5/14/1973,4,16,7,1.0,,0,0,0,TE,TE,john_davis,0.0,0.0,1.0
2001,CHI,Dustin Lyman,Dustin,Lyman,TE,89.0,25,76,245,Wake Forest,8/5/1976,1,4,0,0.0,2000.0,0,0,0,TE,TE,dustin_lyman,2.0,0.0,0.0
2001,CHI,Dustin Lyman,Dustin,Lyman,TE,89.0,25,76,245,Wake Forest,8/5/1976,1,4,0,0.0,2000.0,0,0,0,TE,TE,dustin_lyman,2.0,0.0,0.0
2001,CIN,Marco Battaglia,Marco,Battaglia,TE,89.0,28,75,250,Rutgers,1/25/1973,5,8,1,1.0,1996.0,0,0,0,TE,TE,marco_battaglia,6.0,0.0,0.0
2001,CIN,Tony McGee,Tony,McGee,TE,82.0,30,75,247,Michigan,4/21/1971,8,11,9,1.0,1993.0,0,0,0,TE,TE,tony_mcgee,38.0,0.0,0.0
2001,CIN,Tony McGee,Tony,McGee,TE,82.0,30,75,247,Michigan,4/21/1971,8,11,9,1.0,1993.0,0,0,0,TE,TE,tony_mcgee,28.0,0.0,0.0
2001,CIN,Marco Battaglia,Marco,Battaglia,TE,89.0,28,75,250,Rutgers,1/25/1973,5,8,1,1.0,1996.0,0,0,0,TE,TE,marco_battaglia,6.0,0.0,0.0
2001,CIN,Tony McGee,Tony,McGee,TE,82.0,30,75,247,Michigan,4/21/1971,8,11,9,1.0,1993.0,0,0,0,TE,TE,tony_mcgee,38.0,0.0,0.0
2001,CIN,Tony McGee,Tony,McGee,TE,82.0,30,75,247,Michigan,4/21/1971,8,11,9,1.0,1993.0,0,0,0,TE,TE,tony_mcgee,28.0,0.0,0.0
2001,CIN,Kirk McMullen,Kirk,McMullen,TE,43.0,24,76,255,Pittsburgh,7/19/1977,Rook,7,2,0.0,,0,0,0,TE,TE,kirk_mcmullen,0.0,0.0,0.0
2001,CIN,Kirk McMullen,Kirk,McMullen,TE,43.0,24,76,255,Pittsburgh,7/19/1977,Rook,7,2,0.0,,0,0,0,TE,TE,kirk_mcmullen,0.0,0.0,0.0
2001,CLE,Rickey Dudley,Rickey,Dudley,TE,82.0,29,78,255,Ohio St.,7/15/1972,5,4,4,1.0,1996.0,0,0,0,TE,TE,rickey_dudley,25.0,0.0,0.0
2001,CLE,O.J. Santiago,O.J.,Santiago,TE,87.0,27,79,265,Kent St.,3/4/1974,4,14,12,1.0,1997.0,0,0,0,TE,TE,o.j._santiago,10.0,0.0,0.0
2001,CLE,Mike Sellers,Mike,Sellers,TE,44.0,26,75,272,Walla Walla CC (WA),7/21/1975,3,9,7,1.0,,0,0,0,TE,TE,mike_sellers,0.0,0.0,0.0
2001,CLE,Aaron Shea,Aaron,Shea,TE,80.0,25,75,250,Michigan,12/5/1976,1,12,5,1.0,2000.0,0,0,0,TE,TE,aaron_shea,6.0,0.0,0.0
2001,CLE,Rickey Dudley,Rickey,Dudley,TE,82.0,29,78,255,Ohio St.,7/15/1972,5,4,4,1.0,1996.0,0,0,0,TE,TE,rickey_dudley,25.0,0.0,0.0
2001,CLE,O.J. Santiago,O.J.,Santiago,TE,87.0,27,79,265,Kent St.,3/4/1974,4,14,12,1.0,1997.0,0,0,0,TE,TE,o.j._santiago,10.0,0.0,0.0
2001,CLE,Mike Sellers,Mike,Sellers,TE,44.0,26,75,272,Walla Walla CC (WA),7/21/1975,3,9,7,1.0,,0,0,0,TE,TE,mike_sellers,0.0,0.0,0.0
2001,CLE,Aaron Shea,Aaron,Shea,TE,80.0,25,75,250,Michigan,12/5/1976,1,12,5,1.0,2000.0,0,0,0,TE,TE,aaron_shea,6.0,0.0,0.0
2001,CLE,Rodrick Monroe,Rodrick,Monroe,TE,48.0,25,77,254,Cincinnati,7/31/1976,2,7,3,0.0,1998.0,0,0,0,TE,TE,rodrick_monroe,0.0,0.0,0.0
2001,CLE,Jake Moreland,Jake,Moreland,TE,89.0,24,75,255,Western Michigan,1/18/1977,1,4,0,0.0,,0,0,0,TE,TE,jake_moreland,0.0,0.0,0.0
2001,CLE,Rodrick Monroe,Rodrick,Monroe,TE,48.0,25,77,254,Cincinnati,7/31/1976,2,7,3,0.0,1998.0,0,0,0,TE,TE,rodrick_monroe,0.0,0.0,0.0
2001,CLE,Jake Moreland,Jake,Moreland,TE,89.0,24,75,255,Western Michigan,1/18/1977,1,4,0,0.0,,0,0,0,TE,TE,jake_moreland,0.0,0.0,0.0
2001,CLT,Marcus Pollard,Marcus,Pollard,TE,81.0,29,75,248,Bradley,2/8/1972,6,16,16,7.0,,0,0,0,TE,TE,marcus_pollard,0.0,0.0,0.0
2001,CLT,Marcus Pollard,Marcus,Pollard,TE,81.0,29,75,248,Bradley,2/8/1972,6,16,16,7.0,,0,0,0,TE,TE,marcus_pollard,0.0,0.0,0.0
2001,CLT,Ken Dilger,Ken,Dilger,TE,85.0,30,77,250,Illinois,2/2/1971,6,16,16,4.0,1995.0,0,0,0,TE,TE,ken_dilger,35.0,0.0,1.0
2001,CLT,Ken Dilger,Ken,Dilger,TE,85.0,30,77,250,Illinois,2/2/1971,6,16,16,4.0,1995.0,0,0,0,TE,TE,ken_dilger,35.0,0.0,1.0
2001,CLT,Joe Davenport,Joe,Davenport,TE,49.0,25,78,268,Arkansas,10/29/1976,1,3,0,0.0,,0,0,0,TE,TE,joe_davenport,0.0,0.0,0.0
2001,CLT,Joe Davenport,Joe,Davenport,TE,49.0,25,78,268,Arkansas,10/29/1976,1,3,0,0.0,,0,0,0,TE,TE,joe_davenport,0.0,0.0,0.0
2001,CRD,Steve Bush,Steve,Bush,TE,87.0,27,75,280,Arizona St.,7/4/1974,4,9,6,1.0,,0,0,0,TE,TE,steve_bush,0.0,0.0,0.0
2001,CRD,Terry Hardy,Terry,Hardy,TE,80.0,25,76,266,Southern Miss,5/31/1976,3,8,6,1.0,1998.0,0,0,0,TE,TE,terry_hardy,10.0,0.0,0.0
2001,CRD,Steve Bush,Steve,Bush,TE,87.0,27,75,280,Arizona St.,7/4/1974,4,9,6,1.0,,0,0,0,TE,TE,steve_bush,0.0,0.0,0.0
2001,CRD,Terry Hardy,Terry,Hardy,TE,80.0,25,76,266,Southern Miss,5/31/1976,3,8,6,1.0,1998.0,0,0,0,TE,TE,terry_hardy,10.0,0.0,0.0
2001,CRD,Lawrence Hart,Lawrence,Hart,TE,49.0,25,76,271,Southern,9/19/1976,Rook,1,0,0.0,1998.0,0,0,0,TE,TE,lawrence_hart,0.0,0.0,0.0
2001,CRD,Lawrence Hart,Lawrence,Hart,TE,49.0,25,76,271,Southern,9/19/1976,Rook,1,0,0.0,1998.0,0,0,0,TE,TE,lawrence_hart,0.0,0.0,0.0
2001,DAL,Jackie Harris,Jackie,Harris,TE,88.0,33,76,244,La-Monroe,1/4/1968,11,13,12,1.0,1990.0,0,0,0,TE,TE,jackie_harris,33.0,0.0,0.0
2001,DAL,Mike Lucky,Mike,Lucky,TE,86.0,26,78,280,Arizona,11/23/1975,2,16,5,1.0,1999.0,0,0,0,TE,TE,mike_lucky,1.0,0.0,0.0
2001,DAL,Jackie Harris,Jackie,Harris,TE,88.0,33,76,244,La-Monroe,1/4/1968,11,13,12,1.0,1990.0,0,0,0,TE,TE,jackie_harris,33.0,0.0,0.0
2001,DAL,Mike Lucky,Mike,Lucky,TE,86.0,26,78,280,Arizona,11/23/1975,2,16,5,1.0,1999.0,0,0,0,TE,TE,mike_lucky,1.0,0.0,0.0
2001,DAL,Johnny Huggins,Johnny,Huggins,TE,49.0,25,75,245,Alabama St.,3/29/1976,Rook,10,2,0.0,,0,0,0,TE,TE,johnny_huggins,0.0,0.0,0.0
2001,DAL,Johnny Huggins,Johnny,Huggins,TE,49.0,25,75,245,Alabama St.,3/29/1976,Rook,10,2,0.0,,0,0,0,TE,TE,johnny_huggins,0.0,0.0,0.0
2001,DEN,Desmond Clark,Desmond,Clark,TE,88.0,24,75,249,Wake Forest,4/20/1977,2,16,4,6.0,1999.0,0,0,0,TE,TE,desmond_clark,27.0,0.0,0.0
2001,DEN,Desmond Clark,Desmond,Clark,TE,88.0,24,75,249,Wake Forest,4/20/1977,2,16,4,6.0,1999.0,0,0,0,TE,TE,desmond_clark,27.0,0.0,0.0
2001,DEN,Dwayne Carswell,Dwayne,Carswell,TE,89.0,29,75,290,Liberty,1/18/1972,7,16,16,3.0,,0,0,0,TE,TE,dwayne_carswell,0.0,0.0,1.0
2001,DEN,Dwayne Carswell,Dwayne,Carswell,TE,89.0,29,75,290,Liberty,1/18/1972,7,16,16,3.0,,0,0,0,TE,TE,dwayne_carswell,0.0,0.0,1.0
2001,DET,David Sloan,David,Sloan,TE,86.0,29,78,260,New Mexico,6/8/1972,6,15,15,3.0,1995.0,0,0,0,TE,TE,david_sloan,18.0,0.0,1.0
2001,DET,David Sloan,David,Sloan,TE,86.0,29,78,260,New Mexico,6/8/1972,6,15,15,3.0,1995.0,0,0,0,TE,TE,david_sloan,18.0,0.0,1.0
2001,DET,Pete Mitchell,Pete,Mitchell,TE,83.0,30,74,243,Boston Col.,10/9/1971,6,5,1,0.0,1995.0,0,0,0,TE,TE,pete_mitchell,23.0,0.0,0.0
2001,DET,John Waerig,John,Waerig,TE,46.0,25,74,264,"Wisconsin,Maryland",4/8/1976,Rook,1,0,0.0,,0,0,0,TE,TE,john_waerig,0.0,0.0,0.0
2001,DET,Pete Mitchell,Pete,Mitchell,TE,83.0,30,74,243,Boston Col.,10/9/1971,6,5,1,0.0,1995.0,0,0,0,TE,TE,pete_mitchell,23.0,0.0,0.0
2001,DET,John Waerig,John,Waerig,TE,46.0,25,74,264,"Wisconsin,Maryland",4/8/1976,Rook,1,0,0.0,,0,0,0,TE,TE,john_waerig,0.0,0.0,0.0
2001,GNB,Bubba Franks,Bubba,Franks,TE,88.0,23,78,265,Miami (FL),1/6/1978,1,16,14,3.0,2000.0,0,0,0,TE,TE,bubba_franks,20.0,0.0,3.0
2001,GNB,Bubba Franks,Bubba,Franks,TE,88.0,23,78,265,Miami (FL),1/6/1978,1,16,14,3.0,2000.0,0,0,0,TE,TE,bubba_franks,20.0,0.0,3.0
2001,GNB,David Martin,David,Martin,TE,83.0,22,76,264,Tennessee,3/13/1979,Rook,14,1,2.0,2001.0,0,0,0,TE,TE,david_martin,1.0,0.0,0.0
2001,GNB,David Martin,David,Martin,TE,83.0,22,76,264,Tennessee,3/13/1979,Rook,14,1,2.0,2001.0,0,0,0,TE,TE,david_martin,12.0,0.0,0.0
2001,GNB,David Martin,David,Martin,TE,83.0,22,76,264,Tennessee,3/13/1979,Rook,14,1,2.0,2001.0,0,0,0,TE,TE,david_martin,1.0,0.0,0.0
2001,GNB,David Martin,David,Martin,TE,83.0,22,76,264,Tennessee,3/13/1979,Rook,14,1,2.0,2001.0,0,0,0,TE,TE,david_martin,12.0,0.0,0.0
2001,GNB,Bobby Collins,Bobby,Collins,TE,87.0,25,76,246,"East Mississippi CC,North Alabama",8/20/1976,2,4,0,0.0,1999.0,0,0,0,TE,TE,bobby_collins,2.0,0.0,0.0
2001,GNB,Tyrone Davis,Tyrone,Davis,TE,81.0,29,76,240,Virginia,6/30/1972,6,4,2,0.0,1995.0,0,0,0,TE,TE,tyrone_davis,0.0,0.0,0.0
2001,GNB,Tyrone Davis,Tyrone,Davis,TE,81.0,29,76,240,Virginia,6/30/1972,6,4,2,0.0,1995.0,0,0,0,TE,TE,tyrone_davis,8.0,0.0,0.0
2001,GNB,Bobby Collins,Bobby,Collins,TE,87.0,25,76,246,"East Mississippi CC,North Alabama",8/20/1976,2,4,0,0.0,1999.0,0,0,0,TE,TE,bobby_collins,2.0,0.0,0.0
2001,GNB,Tyrone Davis,Tyrone,Davis,TE,81.0,29,76,240,Virginia,6/30/1972,6,4,2,0.0,1995.0,0,0,0,TE,TE,tyrone_davis,0.0,0.0,0.0
2001,GNB,Tyrone Davis,Tyrone,Davis,TE,81.0,29,76,240,Virginia,6/30/1972,6,4,2,0.0,1995.0,0,0,0,TE,TE,tyrone_davis,8.0,0.0,0.0
2001,JAX,Kyle Brady,Kyle,Brady,TE,80.0,29,78,278,Penn St.,1/14/1972,6,16,16,3.0,1995.0,0,0,0,TE,TE,kyle_brady,26.0,0.0,0.0
2001,JAX,Kyle Brady,Kyle,Brady,TE,80.0,29,78,278,Penn St.,1/14/1972,6,16,16,3.0,1995.0,0,0,0,TE,TE,kyle_brady,26.0,0.0,0.0
2001,JAX,Damon Jones,Damon,Jones,TE,88.0,27,77,270,"Michigan,Southern Illinois",9/18/1974,4,7,4,1.0,1997.0,0,0,0,TE,TE,damon_jones,5.0,0.0,0.0
2001,JAX,Damon Jones,Damon,Jones,TE,88.0,27,77,270,"Michigan,Southern Illinois",9/18/1974,4,7,4,1.0,1997.0,0,0,0,TE,TE,damon_jones,5.0,0.0,0.0
2001,JAX,Ryan Prince,Ryan,Prince,TE,89.0,24,76,265,Weber St.,5/16/1977,Rook,8,2,0.0,,0,0,0,TE,TE,ryan_prince,0.0,0.0,0.0
2001,JAX,Ryan Prince,Ryan,Prince,TE,89.0,24,76,265,Weber St.,5/16/1977,Rook,8,2,0.0,,0,0,0,TE,TE,ryan_prince,0.0,0.0,0.0
2001,KAN,Tony Gonzalez,Tony,Gonzalez,TE,88.0,25,77,247,California,2/27/1976,4,16,16,9.0,1997.0,0,0,0,TE,TE,tony_gonzalez,95.0,6.0,14.0
2001,KAN,Tony Gonzalez,Tony,Gonzalez,TE,88.0,25,77,247,California,2/27/1976,4,16,16,9.0,1997.0,0,0,0,TE,TE,tony_gonzalez,95.0,6.0,14.0
2001,KAN,Mikhael Ricks,Mikhael,Ricks,TE,85.0,27,77,260,S.F. Austin,11/14/1974,3,16,0,2.0,1998.0,0,0,0,TE,TE,mikhael_ricks,14.0,0.0,0.0
2001,KAN,Mikhael Ricks,Mikhael,Ricks,TE,85.0,27,77,260,S.F. Austin,11/14/1974,3,16,0,2.0,1998.0,0,0,0,TE,TE,mikhael_ricks,14.0,0.0,0.0
2001,KAN,Jason Dunn,Jason,Dunn,TE,89.0,28,78,276,Eastern Kentucky,11/15/1973,5,15,6,1.0,1996.0,0,0,0,TE,TE,jason_dunn,7.0,0.0,0.0
2001,KAN,Jason Dunn,Jason,Dunn,TE,89.0,28,78,276,Eastern Kentucky,11/15/1973,5,15,6,1.0,1996.0,0,0,0,TE,TE,jason_dunn,7.0,0.0,0.0
2001,KAN,Bill Baber,Bill,Baber,TE,45.0,22,75,255,Virginia,1/17/1979,Rook,1,0,0.0,2001.0,0,0,0,TE,TE,bill_baber,0.0,0.0,0.0
2001,KAN,Bill Baber,Bill,Baber,TE,45.0,22,75,255,Virginia,1/17/1979,Rook,1,0,0.0,2001.0,0,0,0,TE,TE,bill_baber,0.0,0.0,0.0
2001,MIA,Jed Weaver,Jed,Weaver,TE,82.0,25,76,258,Oregon,8/11/1976,2,16,7,2.0,1999.0,0,0,0,TE,TE,jed_weaver,11.0,0.0,0.0
2001,MIA,Jed Weaver,Jed,Weaver,TE,82.0,25,76,258,Oregon,8/11/1976,2,16,7,2.0,1999.0,0,0,0,TE,TE,jed_weaver,11.0,0.0,0.0
2001,MIA,Hunter Goodwin,Hunter,Goodwin,TE,83.0,29,77,268,"Texas A&M-Kingsville,Texas A&M",10/10/1972,5,16,11,0.0,1996.0,0,0,0,TE,TE,hunter_goodwin,1.0,0.0,0.0
2001,MIA,Ed Perry,Ed,Perry,TE,89.0,27,76,265,James Madison,9/1/1974,4,16,0,0.0,1997.0,0,0,0,TE,TE,ed_perry,2.0,0.0,0.0
2001,MIA,Hunter Goodwin,Hunter,Goodwin,TE,83.0,29,77,268,"Texas A&M-Kingsville,Texas A&M",10/10/1972,5,16,11,0.0,1996.0,0,0,0,TE,TE,hunter_goodwin,1.0,0.0,0.0
2001,MIA,Ed Perry,Ed,Perry,TE,89.0,27,76,265,James Madison,9/1/1974,4,16,0,0.0,1997.0,0,0,0,TE,TE,ed_perry,2.0,0.0,0.0
2001,MIN,Byron Chamberlain,Byron,Chamberlain,TE,87.0,30,73,250,"Missouri,Wayne State (NE)",10/17/1971,6,16,15,6.0,1995.0,0,0,0,TE,TE,byron_chamberlain,17.0,0.0,1.0
2001,MIN,Byron Chamberlain,Byron,Chamberlain,TE,87.0,30,73,250,"Missouri,Wayne State (NE)",10/17/1971,6,16,15,6.0,1995.0,0,0,0,TE,TE,byron_chamberlain,17.0,0.0,1.0
2001,MIN,Andrew Jordan,Andrew,Jordan,TE,85.0,29,78,260,Western Carolina,6/21/1972,7,16,4,0.0,1994.0,0,0,0,TE,TE,andrew_jordan,7.0,0.0,0.0
2001,MIN,Brody Liddiard,Brody,Liddiard,TE,43.0,24,76,240,Colorado,6/12/1977,1,16,0,0.0,,0,0,0,TE,TE,brody_liddiard,0.0,0.0,0.0
2001,MIN,Andrew Jordan,Andrew,Jordan,TE,85.0,29,78,260,Western Carolina,6/21/1972,7,16,4,0.0,1994.0,0,0,0,TE,TE,andrew_jordan,7.0,0.0,0.0
2001,MIN,Brody Liddiard,Brody,Liddiard,TE,43.0,24,76,240,Colorado,6/12/1977,1,16,0,0.0,,0,0,0,TE,TE,brody_liddiard,0.0,0.0,0.0
2001,NOR,Boo Williams,Boo,Williams,TE,82.0,22,76,270,Arkansas,6/22/1979,Rook,11,4,2.0,,0,0,0,TE,TE,boo_williams,0.0,0.0,0.0
2001,NOR,Boo Williams,Boo,Williams,TE,82.0,22,76,270,Arkansas,6/22/1979,Rook,11,4,2.0,,0,0,0,TE,TE,boo_williams,0.0,0.0,0.0
2001,NOR,Cam Cleeland,Cam,Cleeland,TE,85.0,26,77,272,Washington,8/15/1975,3,9,7,1.0,1998.0,0,0,0,TE,TE,cam_cleeland,9.0,0.0,0.0
2001,NOR,Cam Cleeland,Cam,Cleeland,TE,85.0,26,77,272,Washington,8/15/1975,3,9,7,1.0,1998.0,0,0,0,TE,TE,cam_cleeland,9.0,0.0,0.0
2001,NOR,Lamont Hall,Lamont,Hall,TE,81.0,27,76,260,Clemson,11/16/1974,2,16,6,0.0,,0,0,0,TE,TE,lamont_hall,0.0,0.0,0.0
2001,NOR,Dave Stachelski,Dave,Stachelski,TE,89.0,24,75,250,Boise St.,3/1/1977,1,5,0,0.0,2000.0,0,0,0,TE,TE,dave_stachelski,0.0,0.0,0.0
2001,NOR,Lamont Hall,Lamont,Hall,TE,81.0,27,76,260,Clemson,11/16/1974,2,16,6,0.0,,0,0,0,TE,TE,lamont_hall,0.0,0.0,0.0
2001,NOR,Dave Stachelski,Dave,Stachelski,TE,89.0,24,75,250,Boise St.,3/1/1977,1,5,0,0.0,2000.0,0,0,0,TE,TE,dave_stachelski,0.0,0.0,0.0
2001,NWE,Jermaine Wiggins,Jermaine,Wiggins,TE,85.0,26,74,255,"Marshall,Georgia",1/18/1975,1,16,6,2.0,,0,0,0,TE,TE,jermaine_wiggins,0.0,0.0,0.0
2001,NWE,Jermaine Wiggins,Jermaine,Wiggins,TE,85.0,26,74,255,"Marshall,Georgia",1/18/1975,1,16,6,2.0,,0,0,0,TE,TE,jermaine_wiggins,0.0,0.0,0.0
2001,NWE,Rod Rutledge,Rod,Rutledge,TE,83.0,26,77,262,Alabama,8/12/1975,3,15,14,0.0,1998.0,0,0,0,TE,TE,rod_rutledge,2.0,0.0,0.0
2001,NWE,Rod Rutledge,Rod,Rutledge,TE,83.0,26,77,262,Alabama,8/12/1975,3,15,14,0.0,1998.0,0,0,0,TE,TE,rod_rutledge,2.0,0.0,0.0
2001,NYG,Dan Campbell,Dan,Campbell,TE,89.0,25,77,265,Texas A&M,4/13/1976,2,16,12,1.0,1999.0,0,0,0,TE,TE,dan_campbell,7.0,0.0,0.0
2001,NYG,Dan Campbell,Dan,Campbell,TE,89.0,25,77,265,Texas A&M,4/13/1976,2,16,12,1.0,1999.0,0,0,0,TE,TE,dan_campbell,7.0,0.0,0.0
2001,NYG,Howard Cross,Howard,Cross,TE,87.0,34,77,270,Alabama,8/8/1967,12,16,6,0.0,1989.0,0,0,0,TE,TE,howard_cross,17.0,0.0,0.0
2001,NYG,Marcellus Rivers,Marcellus,Rivers,TE,83.0,23,76,250,Oklahoma St.,10/26/1978,Rook,16,0,0.0,,0,0,0,TE,TE,marcellus_rivers,0.0,0.0,0.0
2001,NYG,Howard Cross,Howard,Cross,TE,87.0,34,77,270,Alabama,8/8/1967,12,16,6,0.0,1989.0,0,0,0,TE,TE,howard_cross,17.0,0.0,0.0
2001,NYG,Marcellus Rivers,Marcellus,Rivers,TE,83.0,23,76,250,Oklahoma St.,10/26/1978,Rook,16,0,0.0,,0,0,0,TE,TE,marcellus_rivers,0.0,0.0,0.0
2001,NYJ,Anthony Becht,Anthony,Becht,TE,88.0,24,78,270,West Virginia,8/8/1977,1,16,15,3.0,2000.0,0,0,0,TE,TE,anthony_becht,12.0,0.0,0.0
2001,NYJ,Anthony Becht,Anthony,Becht,TE,88.0,24,78,270,West Virginia,8/8/1977,1,16,15,3.0,2000.0,0,0,0,TE,TE,anthony_becht,12.0,0.0,0.0
2001,NYJ,Daniel Wilcox,Daniel,Wilcox,TE,86.0,24,73,245,"Georgia Military,Appalachian St.",3/23/1977,Rook,1,0,0.0,,0,0,0,TE,TE,daniel_wilcox,0.0,0.0,0.0
2001,NYJ,Daniel Wilcox,Daniel,Wilcox,TE,86.0,24,73,245,"Georgia Military,Appalachian St.",3/23/1977,Rook,1,0,0.0,,0,0,0,TE,TE,daniel_wilcox,0.0,0.0,0.0
2001,OTI,Frank Wycheck,Frank,Wycheck,TE,89.0,30,75,253,Maryland,10/14/1971,8,16,16,6.0,1993.0,0,0,0,TE,TE,frank_wycheck,43.0,0.0,3.0
2001,OTI,Frank Wycheck,Frank,Wycheck,TE,89.0,30,75,253,Maryland,10/14/1971,8,16,16,6.0,1993.0,0,0,0,TE,TE,frank_wycheck,43.0,0.0,3.0
2001,OTI,Frank Wycheck,Frank,Wycheck,TE,89.0,30,75,253,Maryland,10/14/1971,8,16,16,6.0,1993.0,0,0,0,TE,TE,frank_wycheck,43.0,0.0,3.0
2001,OTI,Frank Wycheck,Frank,Wycheck,TE,89.0,30,75,253,Maryland,10/14/1971,8,16,16,6.0,1993.0,0,0,0,TE,TE,frank_wycheck,43.0,0.0,3.0
2001,OTI,Erron Kinney,Erron,Kinney,TE,88.0,24,77,275,Florida,7/28/1977,1,13,12,2.0,2000.0,0,0,0,TE,TE,erron_kinney,15.0,0.0,0.0
2001,OTI,Erron Kinney,Erron,Kinney,TE,88.0,24,77,275,Florida,7/28/1977,1,13,12,2.0,2000.0,0,0,0,TE,TE,erron_kinney,15.0,0.0,0.0
2001,OTI,Erron Kinney,Erron,Kinney,TE,88.0,24,77,275,Florida,7/28/1977,1,13,12,2.0,2000.0,0,0,0,TE,TE,erron_kinney,15.0,0.0,0.0
2001,OTI,Erron Kinney,Erron,Kinney,TE,88.0,24,77,275,Florida,7/28/1977,1,13,12,2.0,2000.0,0,0,0,TE,TE,erron_kinney,15.0,0.0,0.0
2001,OTI,Shad Meier,Shad,Meier,TE,84.0,23,76,255,Kansas St.,6/7/1978,Rook,11,1,0.0,2001.0,0,0,0,TE,TE,shad_meier,3.0,0.0,0.0
2001,OTI,Brian Natkin,Brian,Natkin,TE,48.0,23,74,250,Texas-El Paso,1/3/1978,Rook,3,1,0.0,,0,0,0,TE,TE,brian_natkin,0.0,0.0,0.0
2001,OTI,Shad Meier,Shad,Meier,TE,84.0,23,76,255,Kansas St.,6/7/1978,Rook,11,1,0.0,2001.0,0,0,0,TE,TE,shad_meier,3.0,0.0,0.0
2001,OTI,Brian Natkin,Brian,Natkin,TE,48.0,23,74,250,Texas-El Paso,1/3/1978,Rook,3,1,0.0,,0,0,0,TE,TE,brian_natkin,0.0,0.0,0.0
2001,OTI,Shad Meier,Shad,Meier,TE,84.0,23,76,255,Kansas St.,6/7/1978,Rook,11,1,0.0,2001.0,0,0,0,TE,TE,shad_meier,3.0,0.0,0.0
2001,OTI,Brian Natkin,Brian,Natkin,TE,48.0,23,74,250,Texas-El Paso,1/3/1978,Rook,3,1,0.0,,0,0,0,TE,TE,brian_natkin,0.0,0.0,0.0
2001,OTI,Shad Meier,Shad,Meier,TE,84.0,23,76,255,Kansas St.,6/7/1978,Rook,11,1,0.0,2001.0,0,0,0,TE,TE,shad_meier,3.0,0.0,0.0
2001,OTI,Brian Natkin,Brian,Natkin,TE,48.0,23,74,250,Texas-El Paso,1/3/1978,Rook,3,1,0.0,,0,0,0,TE,TE,brian_natkin,0.0,0.0,0.0
2001,PHI,Chad Lewis,Chad,Lewis,TE,89.0,30,78,252,BYU,10/5/1971,4,15,15,4.0,,0,0,0,TE,TE,chad_lewis,0.0,0.0,0.0
2001,PHI,Chad Lewis,Chad,Lewis,TE,89.0,30,78,252,BYU,10/5/1971,4,15,15,4.0,,0,0,0,TE,TE,chad_lewis,0.0,0.0,0.0
2001,PHI,Tony Stewart,Tony,Stewart,TE,81.0,22,77,260,Penn St.,8/9/1979,Rook,3,1,0.0,2001.0,0,0,0,TE,TE,tony_stewart,0.0,0.0,0.0
2001,PHI,Tony Stewart,Tony,Stewart,TE,81.0,22,77,260,Penn St.,8/9/1979,Rook,3,1,0.0,2001.0,0,0,0,TE,TE,tony_stewart,5.0,0.0,0.0
2001,PHI,Jeff Thomason,Jeff,Thomason,TE,83.0,32,77,255,Oregon,12/30/1969,9,14,0,0.0,,0,0,0,TE,TE,jeff_thomason,0.0,0.0,0.0
2001,PHI,Tony Stewart,Tony,Stewart,TE,81.0,22,77,260,Penn St.,8/9/1979,Rook,3,1,0.0,2001.0,0,0,0,TE,TE,tony_stewart,0.0,0.0,0.0
2001,PHI,Tony Stewart,Tony,Stewart,TE,81.0,22,77,260,Penn St.,8/9/1979,Rook,3,1,0.0,2001.0,0,0,0,TE,TE,tony_stewart,5.0,0.0,0.0
2001,PHI,Jeff Thomason,Jeff,Thomason,TE,83.0,32,77,255,Oregon,12/30/1969,9,14,0,0.0,,0,0,0,TE,TE,jeff_thomason,0.0,0.0,0.0
2001,PIT,Mark Bruener,Mark,Bruener,TE,87.0,29,76,260,Washington,9/16/1972,6,9,9,1.0,1995.0,0,0,0,TE,TE,mark_bruener,10.0,0.0,0.0
2001,PIT,Jerame Tuman,Jerame,Tuman,TE,84.0,25,76,253,Michigan,3/24/1976,2,16,7,1.0,1999.0,0,0,0,TE,TE,jerame_tuman,5.0,0.0,0.0
2001,PIT,Mark Bruener,Mark,Bruener,TE,87.0,29,76,260,Washington,9/16/1972,6,9,9,1.0,1995.0,0,0,0,TE,TE,mark_bruener,10.0,0.0,0.0
2001,PIT,Jerame Tuman,Jerame,Tuman,TE,84.0,25,76,253,Michigan,3/24/1976,2,16,7,1.0,1999.0,0,0,0,TE,TE,jerame_tuman,5.0,0.0,0.0
2001,PIT,Matt Cushing,Matt,Cushing,TE,48.0,26,76,255,Illinois,7/2/1975,2,13,3,0.0,,0,0,0,TE,TE,matt_cushing,0.0,0.0,0.0
2001,PIT,Cory Geason,Cory,Geason,TE,85.0,26,75,255,Tulane,8/12/1975,1,7,0,0.0,,0,0,0,TE,TE,cory_geason,0.0,0.0,0.0
2001,PIT,Matt Cushing,Matt,Cushing,TE,48.0,26,76,255,Illinois,7/2/1975,2,13,3,0.0,,0,0,0,TE,TE,matt_cushing,0.0,0.0,0.0
2001,PIT,Cory Geason,Cory,Geason,TE,85.0,26,75,255,Tulane,8/12/1975,1,7,0,0.0,,0,0,0,TE,TE,cory_geason,0.0,0.0,0.0
2001,RAI,Roland Williams,Roland,Williams,TE,86.0,26,77,265,Syracuse,4/27/1975,3,16,15,3.0,1998.0,0,0,0,TE,TE,roland_williams,9.0,0.0,0.0
2001,RAI,Roland Williams,Roland,Williams,TE,86.0,26,77,265,Syracuse,4/27/1975,3,16,15,3.0,1998.0,0,0,0,TE,TE,roland_williams,9.0,0.0,0.0
2001,RAI,Jeremy Brigham,Jeremy,Brigham,TE,87.0,26,78,255,Washington,3/22/1975,3,14,3,1.0,1998.0,0,0,0,TE,TE,jeremy_brigham,3.0,0.0,0.0
2001,RAI,Jeremy Brigham,Jeremy,Brigham,TE,87.0,26,78,255,Washington,3/22/1975,3,14,3,1.0,1998.0,0,0,0,TE,TE,jeremy_brigham,3.0,0.0,0.0
2001,RAI,Mondriel Fulcher,Mondriel,Fulcher,TE,89.0,25,75,250,Miami (FL),10/15/1976,1,13,1,0.0,2000.0,0,0,0,TE,TE,mondriel_fulcher,0.0,0.0,0.0
2001,RAI,Mondriel Fulcher,Mondriel,Fulcher,TE,89.0,25,75,250,Miami (FL),10/15/1976,1,13,1,0.0,2000.0,0,0,0,TE,TE,mondriel_fulcher,0.0,0.0,0.0
2001,RAM,Ernie Conwell,Ernie,Conwell,TE,84.0,29,74,255,Washington,8/17/1972,5,16,14,5.0,1996.0,0,0,0,TE,TE,ernie_conwell,17.0,0.0,0.0
2001,RAM,Ernie Conwell,Ernie,Conwell,TE,84.0,29,74,255,Washington,8/17/1972,5,16,14,5.0,1996.0,0,0,0,TE,TE,ernie_conwell,17.0,0.0,0.0
2001,RAM,Jeff Robinson,Jeff,Robinson,TE,45.0,31,76,264,Idaho,2/20/1970,8,16,6,1.0,1993.0,0,0,0,TE,TE,jeff_robinson,4.0,0.0,0.0
2001,RAM,Jeff Robinson,Jeff,Robinson,TE,45.0,31,76,264,Idaho,2/20/1970,8,16,6,1.0,1993.0,0,0,0,TE,TE,jeff_robinson,4.0,0.0,0.0
2001,RAM,Brandon Manumaleuna,Brandon,Manumaleuna,TE,86.0,21,74,295,Arizona,1/4/1980,Rook,16,0,0.0,2001.0,0,0,0,TE,TE,brandon_manumaleuna,8.0,0.0,0.0
2001,RAM,Brandon Manumaleuna,Brandon,Manumaleuna,TE,86.0,21,74,295,Arizona,1/4/1980,Rook,16,0,0.0,2001.0,0,0,0,TE,TE,brandon_manumaleuna,8.0,0.0,0.0
2001,RAV,Shannon Sharpe,Shannon,Sharpe,TE,82.0,33,74,228,Savannah St.,6/26/1968,11,16,15,7.0,1990.0,0,0,0,TE,TE,shannon_sharpe,82.0,4.0,8.0
2001,RAV,Shannon Sharpe,Shannon,Sharpe,TE,82.0,33,74,228,Savannah St.,6/26/1968,11,16,15,7.0,1990.0,0,0,0,TE,TE,shannon_sharpe,82.0,4.0,8.0
2001,RAV,Todd Heap,Todd,Heap,TE,86.0,21,77,252,Arizona St.,3/16/1980,Rook,12,6,2.0,2001.0,0,0,0,TE,TE,todd_heap,43.0,0.0,2.0
2001,RAV,Todd Heap,Todd,Heap,TE,86.0,21,77,252,Arizona St.,3/16/1980,Rook,12,6,2.0,2001.0,0,0,0,TE,TE,todd_heap,43.0,0.0,2.0
2001,RAV,John Jones,John,Jones,TE,88.0,26,76,255,"Pittsburgh,Indiana (PA)",4/4/1975,1,15,2,0.0,,0,0,0,TE,TE,john_jones,0.0,0.0,0.0
2001,RAV,John Jones,John,Jones,TE,88.0,26,76,255,"Pittsburgh,Indiana (PA)",4/4/1975,1,15,2,0.0,,0,0,0,TE,TE,john_jones,0.0,0.0,0.0
2001,SDG,Freddie Jones,Freddie,Jones,TE,88.0,27,76,260,North Carolina,9/16/1974,4,14,9,3.0,1997.0,0,0,0,TE,TE,freddie_jones,26.0,0.0,0.0
2001,SDG,Freddie Jones,Freddie,Jones,TE,88.0,27,76,260,North Carolina,9/16/1974,4,14,9,3.0,1997.0,0,0,0,TE,TE,freddie_jones,26.0,0.0,0.0
2001,SDG,Steve Heiden,Steve,Heiden,TE,83.0,25,77,270,South Dakota St.,9/21/1976,2,16,10,0.0,1999.0,0,0,0,TE,TE,steve_heiden,11.0,0.0,0.0
2001,SDG,Josh Whitman,Josh,Whitman,TE,84.0,23,76,245,Illinois,8/5/1978,Rook,4,1,0.0,,0,0,0,TE,TE,josh_whitman,0.0,0.0,0.0
2001,SDG,Steve Heiden,Steve,Heiden,TE,83.0,25,77,270,South Dakota St.,9/21/1976,2,16,10,0.0,1999.0,0,0,0,TE,TE,steve_heiden,11.0,0.0,0.0
2001,SDG,Josh Whitman,Josh,Whitman,TE,84.0,23,76,245,Illinois,8/5/1978,Rook,4,1,0.0,,0,0,0,TE,TE,josh_whitman,0.0,0.0,0.0
2001,SEA,Christian Fauria,Christian,Fauria,TE,86.0,30,76,250,Colorado,9/22/1971,6,16,11,2.0,1995.0,0,0,0,TE,TE,christian_fauria,17.0,0.0,0.0
2001,SEA,Christian Fauria,Christian,Fauria,TE,86.0,30,76,250,Colorado,9/22/1971,6,16,11,2.0,1995.0,0,0,0,TE,TE,christian_fauria,17.0,0.0,0.0
2001,SEA,Itula Mili,Itula,Mili,TE,89.0,28,76,260,BYU,4/20/1973,3,16,5,1.0,1997.0,0,0,0,TE,TE,itula_mili,15.0,0.0,0.0
2001,SEA,Itula Mili,Itula,Mili,TE,89.0,28,76,260,BYU,4/20/1973,3,16,5,1.0,1997.0,0,0,0,TE,TE,itula_mili,15.0,0.0,0.0
2001,SFO,Eric Johnson,Eric,Johnson,TE,82.0,22,75,256,Yale,9/15/1979,Rook,16,14,5.0,2001.0,0,0,0,TE,TE,eric_johnson,19.0,0.0,0.0
2001,SFO,Eric Johnson,Eric,Johnson,TE,82.0,22,75,256,Yale,9/15/1979,Rook,16,14,5.0,2001.0,0,0,0,TE,TE,eric_johnson,3.0,0.0,0.0
2001,SFO,Eric Johnson,Eric,Johnson,TE,82.0,22,75,256,Yale,9/15/1979,Rook,16,14,5.0,2001.0,0,0,0,TE,TE,eric_johnson,19.0,0.0,0.0
2001,SFO,Eric Johnson,Eric,Johnson,TE,82.0,22,75,256,Yale,9/15/1979,Rook,16,14,5.0,2001.0,0,0,0,TE,TE,eric_johnson,3.0,0.0,0.0
2001,SFO,Justin Swift,Justin,Swift,TE,88.0,26,75,265,Kansas St.,8/14/1975,2,16,2,1.0,1999.0,0,0,0,TE,TE,justin_swift,2.0,0.0,0.0
2001,SFO,Justin Swift,Justin,Swift,TE,88.0,26,75,265,Kansas St.,8/14/1975,2,16,2,1.0,1999.0,0,0,0,TE,TE,justin_swift,2.0,0.0,0.0
2001,TAM,Dave Moore,Dave,Moore,TE,83.0,32,74,250,Pittsburgh,11/11/1969,9,16,16,3.0,1992.0,0,0,0,TE,TE,dave_moore,18.0,0.0,1.0
2001,TAM,Dave Moore,Dave,Moore,TE,83.0,32,74,250,Pittsburgh,11/11/1969,9,16,16,3.0,1992.0,0,0,0,TE,TE,dave_moore,18.0,0.0,1.0
2001,TAM,Sean McDermott,Sean,McDermott,TE,84.0,25,76,250,Kansas,12/5/1976,1,16,0,1.0,,0,0,0,TE,TE,sean_mcdermott,0.0,0.0,0.0
2001,TAM,Sean McDermott,Sean,McDermott,TE,84.0,25,76,250,Kansas,12/5/1976,1,16,0,1.0,,0,0,0,TE,TE,sean_mcdermott,0.0,0.0,0.0
2001,TAM,Mike Roberg,Mike,Roberg,TE,89.0,24,76,263,Idaho,9/18/1977,Rook,1,0,0.0,2001.0,0,0,0,TE,TE,mike_roberg,0.0,0.0,0.0
2001,TAM,Todd Yoder,Todd,Yoder,TE,80.0,23,76,262,Vanderbilt,3/18/1978,1,16,1,0.0,,0,0,0,TE,TE,todd_yoder,0.0,0.0,0.0
2001,TAM,Mike Roberg,Mike,Roberg,TE,89.0,24,76,263,Idaho,9/18/1977,Rook,1,0,0.0,2001.0,0,0,0,TE,TE,mike_roberg,0.0,0.0,0.0
2001,TAM,Todd Yoder,Todd,Yoder,TE,80.0,23,76,262,Vanderbilt,3/18/1978,1,16,1,0.0,,0,0,0,TE,TE,todd_yoder,0.0,0.0,0.0
2001,WAS,Zeron Flemister,Zeron,Flemister,TE,89.0,25,76,250,Iowa,9/8/1976,1,16,1,2.0,,0,0,0,TE,TE,zeron_flemister,0.0,0.0,0.0
2001,WAS,Zeron Flemister,Zeron,Flemister,TE,89.0,25,76,250,Iowa,9/8/1976,1,16,1,2.0,,0,0,0,TE,TE,zeron_flemister,0.0,0.0,0.0
2001,WAS,Stephen Alexander,Stephen,Alexander,TE,80.0,26,76,250,Oklahoma,11/7/1975,3,7,5,1.0,1998.0,0,0,0,TE,TE,stephen_alexander,20.0,0.0,1.0
2001,WAS,Walter Rasby,Walter,Rasby,TE,86.0,29,75,252,Wake Forest,9/7/1972,7,16,11,1.0,,0,0,0,TE,TE,walter_rasby,0.0,0.0,0.0
2001,WAS,Stephen Alexander,Stephen,Alexander,TE,80.0,26,76,250,Oklahoma,11/7/1975,3,7,5,1.0,1998.0,0,0,0,TE,TE,stephen_alexander,20.0,0.0,1.0
2001,WAS,Walter Rasby,Walter,Rasby,TE,86.0,29,75,252,Wake Forest,9/7/1972,7,16,11,1.0,,0,0,0,TE,TE,walter_rasby,0.0,0.0,0.0
2001,WAS,Marco Battaglia,Marco,Battaglia,TE,84.0,28,75,250,Rutgers,1/25/1973,5,3,0,0.0,1996.0,0,0,0,TE,TE,marco_battaglia,6.0,0.0,0.0
2001,WAS,Marco Battaglia,Marco,Battaglia,TE,84.0,28,75,250,Rutgers,1/25/1973,5,3,0,0.0,1996.0,0,0,0,TE,TE,marco_battaglia,6.0,0.0,0.0
