Height,Weight,Age,wAV,AP1,PB,POVR,PSPD,PACC,PAGI,PSTR,PAWR,PCTH,PSPC,PCIT,PSRR,PMRR,PDRR,PREL,PRBK,PPBK,PIBL,PRBP,PRBF,PPBP,PPBF
75,245.0,31.0,43.0,2.0,5.0,77.0,62.0,58.0,59.0,73.0,90.0,73.0,0.0,0.0,0,0,0,0.0,59.0,62.0,0.0,0,0,0,0
78,252.0,34.0,22.0,0.0,0.0,67.0,63.0,61.0,66.0,71.0,79.0,63.0,0.0,0.0,0,0,0,0.0,54.0,55.0,0.0,0,0,0,0
73,245.0,27.0,13.0,0.0,0.0,64.0,57.0,60.0,56.0,71.0,68.0,62.0,0.0,0.0,0,0,0,0.0,60.0,62.0,0.0,0,0,0,0
68,188.0,31.0,0.0,0.0,0.0,60.0,85.0,78.0,79.0,48.0,66.0,43.0,0.0,0.0,0,0,0,0.0,10.0,10.0,0.0,0,0,0,0
75,240.0,29.0,0.0,0.0,0.0,60.0,62.0,61.0,56.0,63.0,54.0,64.0,0.0,0.0,0,0,0,0.0,56.0,57.0,0.0,0,0,0,0
74,240.0,35.0,15.0,0.0,0.0,59.0,57.0,58.0,58.0,66.0,67.0,59.0,0.0,0.0,0,0,0,0.0,56.0,57.0,0.0,0,0,0,0
78,260.0,26.0,0.0,0.0,0.0,55.0,53.0,57.0,50.0,68.0,54.0,64.0,0.0,0.0,0,0,0,0.0,55.0,53.0,0.0,0,0,0,0
75,260.0,28.0,36.0,0.0,0.0,55.0,57.0,57.0,59.0,62.0,49.0,61.0,0.0,0.0,0,0,0,0.0,55.0,54.0,0.0,0,0,0,0
75,260.0,28.0,2.0,0.0,0.0,55.0,57.0,57.0,59.0,62.0,49.0,61.0,0.0,0.0,0,0,0,0.0,55.0,54.0,0.0,0,0,0,0
75,251.0,28.0,4.0,0.0,0.0,53.0,58.0,58.0,63.0,65.0,61.0,59.0,0.0,0.0,0,0,0,0.0,47.0,49.0,0.0,0,0,0,0
72,250.0,33.0,16.0,0.0,0.0,52.0,53.0,60.0,52.0,62.0,55.0,61.0,0.0,0.0,0,0,0,0.0,56.0,56.0,0.0,0,0,0,0
74,249.0,33.0,0.0,0.0,0.0,52.0,56.0,57.0,56.0,65.0,62.0,47.0,0.0,0.0,0,0,0,0.0,58.0,60.0,0.0,0,0,0,0
76,278.0,28.0,0.0,0.0,0.0,52.0,51.0,54.0,45.0,69.0,54.0,50.0,0.0,0.0,0,0,0,0.0,57.0,69.0,0.0,0,0,0,0
75,256.0,28.0,1.0,0.0,0.0,52.0,56.0,58.0,53.0,64.0,54.0,47.0,0.0,0.0,0,0,0,0.0,62.0,59.0,0.0,0,0,0,0
75,250.0,30.0,0.0,0.0,0.0,48.0,56.0,56.0,51.0,64.0,56.0,46.0,0.0,0.0,0,0,0,0.0,56.0,56.0,0.0,0,0,0,0
76,263.0,32.0,2.0,0.0,0.0,47.0,53.0,57.0,55.0,66.0,55.0,46.0,0.0,0.0,0,0,0,0.0,56.0,57.0,0.0,0,0,0,0
76,252.0,25.0,16.0,0.0,0.0,46.0,59.0,55.0,58.0,65.0,50.0,60.0,0.0,0.0,0,0,0,0.0,44.0,39.0,0.0,0,0,0,0
76,250.0,24.0,2.0,0.0,0.0,44.0,66.0,68.0,61.0,72.0,52.0,38.0,0.0,0.0,0,0,0,0.0,47.0,49.0,0.0,0,0,0,0
76,251.0,24.0,95.0,6.0,14.0,99.0,80.0,85.0,75.0,75.0,93.0,90.0,0.0,0.0,0,0,0,0.0,63.0,63.0,0.0,0,0,0,0
74,230.0,32.0,82.0,4.0,8.0,94.0,77.0,86.0,74.0,76.0,95.0,82.0,0.0,0.0,0,0,0,0.0,57.0,58.0,0.0,0,0,0,0
77,270.0,25.0,26.0,0.0,0.0,90.0,67.0,72.0,63.0,76.0,84.0,81.0,0.0,0.0,0,0,0,0.0,64.0,64.0,0.0,0,0,0,0
75,250.0,28.0,43.0,0.0,3.0,90.0,72.0,75.0,69.0,73.0,90.0,84.0,0.0,0.0,0,0,0,0.0,59.0,60.0,0.0,0,0,0,0
77,250.0,34.0,43.0,0.0,5.0,86.0,69.0,72.0,67.0,72.0,91.0,83.0,0.0,0.0,0,0,0,0.0,59.0,61.0,0.0,0,0,0,0
77,254.0,27.0,19.0,0.0,0.0,84.0,65.0,68.0,64.0,74.0,81.0,79.0,0.0,0.0,0,0,0,0.0,64.0,66.0,0.0,0,0,0,0
78,252.0,28.0,0.0,0.0,0.0,84.0,66.0,68.0,67.0,74.0,80.0,79.0,0.0,0.0,0,0,0,0.0,60.0,62.0,0.0,0,0,0,0
76,257.0,28.0,0.0,0.0,0.0,83.0,69.0,77.0,64.0,79.0,82.0,69.0,0.0,0.0,0,0,0,0.0,60.0,60.0,0.0,0,0,0,0
77,259.0,29.0,35.0,0.0,1.0,81.0,67.0,69.0,66.0,72.0,83.0,74.0,0.0,0.0,0,0,0,0.0,60.0,59.0,0.0,0,0,0,0
78,274.0,28.0,26.0,0.0,0.0,81.0,64.0,69.0,60.0,79.0,75.0,68.0,0.0,0.0,0,0,0,0.0,68.0,68.0,0.0,0,0,0,0
75,250.0,29.0,38.0,0.0,0.0,78.0,63.0,68.0,62.0,73.0,82.0,69.0,0.0,0.0,0,0,0,0.0,60.0,60.0,0.0,0,0,0,0
75,250.0,29.0,28.0,0.0,0.0,78.0,63.0,68.0,62.0,73.0,82.0,69.0,0.0,0.0,0,0,0,0.0,60.0,60.0,0.0,0,0,0,0
76,250.0,32.0,33.0,0.0,0.0,78.0,62.0,69.0,63.0,72.0,87.0,67.0,0.0,0.0,0,0,0,0.0,61.0,65.0,0.0,0,0,0,0
78,265.0,22.0,20.0,0.0,3.0,78.0,65.0,80.0,65.0,73.0,65.0,67.0,0.0,0.0,0,0,0,0.0,64.0,59.0,0.0,0,0,0,0
76,261.0,27.0,10.0,0.0,0.0,78.0,60.0,62.0,61.0,75.0,80.0,66.0,0.0,0.0,0,0,0,0.0,67.0,69.0,0.0,0,0,0,0
75,245.0,31.0,43.0,2.0,5.0,77.0,62.0,58.0,59.0,73.0,90.0,73.0,0.0,0.0,0,0,0,0.0,59.0,62.0,0.0,0,0,0,0
79,272.0,26.0,7.0,0.0,0.0,76.0,64.0,65.0,61.0,74.0,66.0,68.0,0.0,0.0,0,0,0,0.0,67.0,64.0,0.0,0,0,0,0
78,260.0,28.0,18.0,0.0,1.0,76.0,61.0,67.0,62.0,74.0,76.0,71.0,0.0,0.0,0,0,0,0.0,61.0,63.0,0.0,0,0,0,0
74,258.0,30.0,18.0,0.0,1.0,75.0,59.0,62.0,61.0,73.0,76.0,65.0,0.0,0.0,0,0,0,0.0,65.0,66.0,0.0,0,0,0,0
77,265.0,23.0,12.0,0.0,0.0,75.0,68.0,76.0,65.0,74.0,68.0,64.0,0.0,0.0,0,0,0,0.0,60.0,57.0,0.0,0,0,0,0
76,246.0,24.0,20.0,0.0,1.0,75.0,68.0,72.0,66.0,69.0,77.0,69.0,0.0,0.0,0,0,0,0.0,58.0,57.0,0.0,0,0,0,0
78,250.0,28.0,25.0,0.0,0.0,74.0,67.0,72.0,65.0,73.0,66.0,63.0,0.0,0.0,0,0,0,0.0,61.0,62.0,0.0,0,0,0,0
74,245.0,28.0,23.0,0.0,0.0,74.0,63.0,66.0,62.0,72.0,76.0,69.0,0.0,0.0,0,0,0,0.0,59.0,58.0,0.0,0,0,0,0
76,245.0,28.0,17.0,0.0,0.0,72.0,59.0,62.0,60.0,71.0,69.0,69.0,0.0,0.0,0,0,0,0.0,63.0,62.0,0.0,0,0,0,0
77,275.0,23.0,15.0,0.0,0.0,72.0,63.0,65.0,57.0,78.0,58.0,63.0,0.0,0.0,0,0,0,0.0,64.0,62.0,0.0,0,0,0,0
76,251.0,28.0,6.0,0.0,0.0,71.0,58.0,61.0,61.0,73.0,69.0,67.0,0.0,0.0,0,0,0,0.0,63.0,66.0,0.0,0,0,0,0
76,251.0,28.0,9.0,0.0,0.0,71.0,58.0,61.0,61.0,73.0,69.0,67.0,0.0,0.0,0,0,0,0.0,63.0,66.0,0.0,0,0,0,0
76,250.0,23.0,6.0,0.0,0.0,71.0,65.0,69.0,62.0,67.0,68.0,70.0,0.0,0.0,0,0,0,0.0,55.0,57.0,0.0,0,0,0,0
76,266.0,24.0,10.0,0.0,0.0,71.0,64.0,64.0,61.0,73.0,62.0,63.0,0.0,0.0,0,0,0,0.0,63.0,66.0,0.0,0,0,0,0
77,269.0,25.0,9.0,0.0,0.0,71.0,60.0,65.0,61.0,72.0,67.0,64.0,0.0,0.0,0,0,0,0.0,63.0,63.0,0.0,0,0,0,0
76,272.0,25.0,0.0,0.0,0.0,71.0,64.0,65.0,61.0,72.0,72.0,69.0,0.0,0.0,0,0,0,0.0,64.0,63.0,0.0,0,0,0,0
73,242.0,28.0,17.0,0.0,1.0,71.0,64.0,63.0,62.0,73.0,69.0,65.0,0.0,0.0,0,0,0,0.0,58.0,61.0,0.0,0,0,0,0
75,255.0,23.0,27.0,0.0,0.0,70.0,70.0,70.0,66.0,73.0,67.0,68.0,0.0,0.0,0,0,0,0.0,50.0,52.0,0.0,0,0,0,0
75,260.0,28.0,0.0,0.0,1.0,70.0,62.0,66.0,61.0,73.0,66.0,65.0,0.0,0.0,0,0,0,0.0,62.0,63.0,0.0,0,0,0,0
77,270.0,27.0,1.0,0.0,0.0,69.0,57.0,62.0,60.0,74.0,64.0,59.0,0.0,0.0,0,0,0,0.0,66.0,68.0,0.0,0,0,0,0
75,255.0,24.0,0.0,0.0,0.0,69.0,69.0,70.0,59.0,70.0,62.0,60.0,0.0,0.0,0,0,0,0.0,60.0,60.0,0.0,0,0,0,0
76,251.0,21.0,43.0,0.0,2.0,69.0,71.0,77.0,74.0,61.0,61.0,83.0,0.0,0.0,0,0,0,0.0,42.0,47.0,0.0,0,0,0,0
77,285.0,33.0,17.0,0.0,0.0,68.0,56.0,60.0,53.0,76.0,68.0,59.0,0.0,0.0,0,0,0,0.0,67.0,71.0,0.0,0,0,0,0
76,250.0,22.0,1.0,0.0,0.0,68.0,66.0,65.0,64.0,60.0,57.0,55.0,0.0,0.0,0,0,0,0.0,62.0,60.0,0.0,0,0,0,0
76,250.0,22.0,12.0,0.0,0.0,68.0,66.0,65.0,64.0,60.0,57.0,55.0,0.0,0.0,0,0,0,0.0,62.0,60.0,0.0,0,0,0,0
78,252.0,34.0,22.0,0.0,0.0,67.0,63.0,61.0,66.0,71.0,79.0,63.0,0.0,0.0,0,0,0,0.0,54.0,55.0,0.0,0,0,0,0
77,262.0,0.0,2.0,0.0,0.0,67.0,57.0,0.0,0.0,72.0,0.0,0.0,0.0,0.0,0,0,0,0.0,0.0,0.0,0.0,0,0,0,0
73,265.0,28.0,17.0,0.0,0.0,67.0,60.0,62.0,60.0,71.0,67.0,61.0,0.0,0.0,0,0,0,0.0,63.0,64.0,0.0,0,0,0,0
75,265.0,29.0,7.0,0.0,0.0,65.0,58.0,62.0,59.0,72.0,66.0,62.0,0.0,0.0,0,0,0,0.0,58.0,61.0,0.0,0,0,0,0
76,259.0,26.0,7.0,0.0,0.0,64.0,66.0,64.0,62.0,69.0,65.0,58.0,0.0,0.0,0,0,0,0.0,57.0,53.0,0.0,0,0,0,0
74,264.0,23.0,41.0,0.0,4.0,64.0,64.0,70.0,66.0,64.0,56.0,70.0,0.0,0.0,0,0,0,0.0,54.0,52.0,0.0,0,0,0,0
73,245.0,27.0,13.0,0.0,0.0,64.0,57.0,60.0,56.0,71.0,68.0,62.0,0.0,0.0,0,0,0,0.0,60.0,62.0,0.0,0,0,0,0
76,271.0,28.0,6.0,0.0,0.0,64.0,60.0,64.0,57.0,65.0,61.0,62.0,0.0,0.0,0,0,0,0.0,60.0,66.0,0.0,0,0,0,0
76,265.0,27.0,15.0,0.0,0.0,64.0,59.0,62.0,57.0,74.0,64.0,64.0,0.0,0.0,0,0,0,0.0,56.0,57.0,0.0,0,0,0,0
76,249.0,24.0,2.0,0.0,0.0,63.0,64.0,70.0,63.0,64.0,58.0,61.0,0.0,0.0,0,0,0,0.0,56.0,55.0,0.0,0,0,0,0
77,255.0,30.0,0.0,0.0,0.0,63.0,60.0,62.0,57.0,68.0,63.0,63.0,0.0,0.0,0,0,0,0.0,58.0,60.0,0.0,0,0,0,0
78,272.0,28.0,7.0,0.0,0.0,63.0,57.0,58.0,57.0,71.0,65.0,56.0,0.0,0.0,0,0,0,0.0,63.0,64.0,0.0,0,0,0,0
75,250.0,24.0,0.0,0.0,0.0,61.0,62.0,60.0,56.0,68.0,51.0,68.0,0.0,0.0,0,0,0,0.0,51.0,49.0,0.0,0,0,0,0
75,250.0,23.0,12.0,0.0,0.0,61.0,65.0,70.0,61.0,68.0,56.0,59.0,0.0,0.0,0,0,0,0.0,55.0,55.0,0.0,0,0,0,0
75,233.0,23.0,0.0,0.0,0.0,60.0,60.0,62.0,60.0,71.0,59.0,59.0,0.0,0.0,0,0,0,0.0,56.0,55.0,0.0,0,0,0,0
68,188.0,31.0,0.0,0.0,0.0,60.0,85.0,78.0,79.0,48.0,66.0,43.0,0.0,0.0,0,0,0,0.0,10.0,10.0,0.0,0,0,0,0
75,240.0,29.0,0.0,0.0,0.0,60.0,62.0,61.0,56.0,63.0,54.0,64.0,0.0,0.0,0,0,0,0.0,56.0,57.0,0.0,0,0,0,0
74,240.0,35.0,15.0,0.0,0.0,59.0,57.0,58.0,58.0,66.0,67.0,59.0,0.0,0.0,0,0,0,0.0,56.0,57.0,0.0,0,0,0,0
76,275.0,30.0,4.0,0.0,0.0,59.0,56.0,61.0,60.0,67.0,53.0,57.0,0.0,0.0,0,0,0,0.0,63.0,59.0,0.0,0,0,0,0
77,237.0,25.0,14.0,0.0,0.0,58.0,73.0,77.0,71.0,51.0,65.0,70.0,0.0,0.0,0,0,0,0.0,40.0,43.0,0.0,0,0,0,0
75,250.0,29.0,0.0,0.0,0.0,58.0,55.0,56.0,57.0,71.0,62.0,55.0,0.0,0.0,0,0,0,0.0,58.0,63.0,0.0,0,0,0,0
77,266.0,25.0,5.0,0.0,0.0,57.0,55.0,60.0,56.0,68.0,53.0,59.0,0.0,0.0,0,0,0,0.0,56.0,59.0,0.0,0,0,0,0
77,261.0,26.0,0.0,0.0,0.0,57.0,57.0,58.0,55.0,66.0,55.0,55.0,0.0,0.0,0,0,0,0.0,61.0,60.0,0.0,0,0,0,0
76,262.0,26.0,1.0,0.0,0.0,56.0,55.0,58.0,55.0,70.0,55.0,49.0,0.0,0.0,0,0,0,0.0,63.0,67.0,0.0,0,0,0,0
75,265.0,25.0,2.0,0.0,0.0,55.0,53.0,57.0,52.0,71.0,61.0,58.0,0.0,0.0,0,0,0,0.0,54.0,58.0,0.0,0,0,0,0
76,255.0,24.0,0.0,0.0,0.0,55.0,57.0,58.0,48.0,65.0,58.0,49.0,0.0,0.0,0,0,0,0.0,62.0,61.0,0.0,0,0,0,0
78,260.0,26.0,0.0,0.0,0.0,55.0,53.0,57.0,50.0,68.0,54.0,64.0,0.0,0.0,0,0,0,0.0,55.0,53.0,0.0,0,0,0,0
75,260.0,28.0,36.0,0.0,0.0,55.0,57.0,57.0,59.0,62.0,49.0,61.0,0.0,0.0,0,0,0,0.0,55.0,54.0,0.0,0,0,0,0
75,260.0,28.0,2.0,0.0,0.0,55.0,57.0,57.0,59.0,62.0,49.0,61.0,0.0,0.0,0,0,0,0.0,55.0,54.0,0.0,0,0,0,0
76,240.0,24.0,0.0,0.0,0.0,54.0,55.0,57.0,56.0,67.0,57.0,55.0,0.0,0.0,0,0,0,0.0,58.0,56.0,0.0,0,0,0,0
76,249.0,24.0,0.0,0.0,0.0,54.0,62.0,64.0,63.0,49.0,62.0,66.0,0.0,0.0,0,0,0,0.0,47.0,45.0,0.0,0,0,0,0
75,250.0,24.0,5.0,0.0,0.0,54.0,61.0,58.0,58.0,68.0,48.0,54.0,0.0,0.0,0,0,0,0.0,54.0,53.0,0.0,0,0,0,0
76,255.0,23.0,0.0,0.0,0.0,53.0,63.0,65.0,60.0,54.0,48.0,63.0,0.0,0.0,0,0,0,0.0,49.0,51.0,0.0,0,0,0,0
77,245.0,24.0,0.0,0.0,0.0,53.0,64.0,67.0,61.0,63.0,56.0,53.0,0.0,0.0,0,0,0,0.0,51.0,51.0,0.0,0,0,0,0
75,251.0,28.0,4.0,0.0,0.0,53.0,58.0,58.0,63.0,65.0,61.0,59.0,0.0,0.0,0,0,0,0.0,47.0,49.0,0.0,0,0,0,0
76,246.0,24.0,11.0,0.0,0.0,52.0,63.0,61.0,67.0,64.0,51.0,60.0,0.0,0.0,0,0,0,0.0,43.0,43.0,0.0,0,0,0,0
76,265.0,22.0,0.0,0.0,0.0,52.0,59.0,58.0,59.0,65.0,49.0,61.0,0.0,0.0,0,0,0,0.0,49.0,52.0,0.0,0,0,0,0
76,265.0,22.0,5.0,0.0,0.0,52.0,59.0,58.0,59.0,65.0,49.0,61.0,0.0,0.0,0,0,0,0.0,49.0,52.0,0.0,0,0,0,0
72,250.0,33.0,16.0,0.0,0.0,52.0,53.0,60.0,52.0,62.0,55.0,61.0,0.0,0.0,0,0,0,0.0,56.0,56.0,0.0,0,0,0,0
74,249.0,33.0,0.0,0.0,0.0,52.0,56.0,57.0,56.0,65.0,62.0,47.0,0.0,0.0,0,0,0,0.0,58.0,60.0,0.0,0,0,0,0
76,278.0,28.0,0.0,0.0,0.0,52.0,51.0,54.0,45.0,69.0,54.0,50.0,0.0,0.0,0,0,0,0.0,57.0,69.0,0.0,0,0,0,0
75,256.0,28.0,1.0,0.0,0.0,52.0,56.0,58.0,53.0,64.0,54.0,47.0,0.0,0.0,0,0,0,0.0,62.0,59.0,0.0,0,0,0,0
74,255.0,25.0,0.0,0.0,0.0,52.0,56.0,60.0,48.0,64.0,46.0,58.0,0.0,0.0,0,0,0,0.0,57.0,55.0,0.0,0,0,0,0
76,260.0,25.0,0.0,0.0,0.0,52.0,56.0,56.0,51.0,69.0,56.0,55.0,0.0,0.0,0,0,0,0.0,54.0,54.0,0.0,0,0,0,0
75,250.0,22.0,0.0,0.0,0.0,51.0,65.0,63.0,61.0,66.0,47.0,60.0,0.0,0.0,0,0,0,0.0,43.0,44.0,0.0,0,0,0,0
77,280.0,24.0,0.0,0.0,0.0,51.0,50.0,55.0,56.0,71.0,49.0,47.0,0.0,0.0,0,0,0,0.0,61.0,61.0,0.0,0,0,0,0
76,255.0,23.0,3.0,0.0,0.0,51.0,63.0,64.0,62.0,55.0,50.0,64.0,0.0,0.0,0,0,0,0.0,44.0,45.0,0.0,0,0,0,0
74,230.0,22.0,19.0,0.0,0.0,50.0,62.0,64.0,63.0,47.0,48.0,66.0,0.0,0.0,0,0,0,0.0,47.0,45.0,0.0,0,0,0,0
74,230.0,22.0,3.0,0.0,0.0,50.0,62.0,64.0,63.0,47.0,48.0,66.0,0.0,0.0,0,0,0,0.0,47.0,45.0,0.0,0,0,0,0
76,256.0,24.0,11.0,0.0,0.0,50.0,59.0,56.0,53.0,64.0,49.0,54.0,0.0,0.0,0,0,0,0.0,54.0,50.0,0.0,0,0,0,0
74,248.0,25.0,4.0,0.0,0.0,50.0,58.0,56.0,51.0,64.0,54.0,50.0,0.0,0.0,0,0,0,0.0,57.0,56.0,0.0,0,0,0,0
75,251.0,27.0,0.0,0.0,0.0,50.0,52.0,58.0,56.0,66.0,57.0,49.0,0.0,0.0,0,0,0,0.0,58.0,56.0,0.0,0,0,0,0
77,265.0,24.0,7.0,0.0,0.0,49.0,57.0,58.0,52.0,66.0,48.0,52.0,0.0,0.0,0,0,0,0.0,53.0,53.0,0.0,0,0,0,0
75,250.0,30.0,0.0,0.0,0.0,48.0,56.0,56.0,51.0,64.0,56.0,46.0,0.0,0.0,0,0,0,0.0,56.0,56.0,0.0,0,0,0,0
76,263.0,32.0,2.0,0.0,0.0,47.0,53.0,57.0,55.0,66.0,55.0,46.0,0.0,0.0,0,0,0,0.0,56.0,57.0,0.0,0,0,0,0
76,249.0,27.0,11.0,0.0,0.0,47.0,52.0,56.0,52.0,63.0,48.0,50.0,0.0,0.0,0,0,0,0.0,56.0,59.0,0.0,0,0,0,0
76,252.0,25.0,16.0,0.0,0.0,46.0,59.0,55.0,58.0,65.0,50.0,60.0,0.0,0.0,0,0,0,0.0,44.0,39.0,0.0,0,0,0,0
76,240.0,27.0,1.0,0.0,0.0,45.0,50.0,54.0,52.0,63.0,52.0,48.0,0.0,0.0,0,0,0,0.0,54.0,57.0,0.0,0,0,0,0
76,250.0,24.0,2.0,0.0,0.0,44.0,66.0,68.0,61.0,72.0,52.0,38.0,0.0,0.0,0,0,0,0.0,47.0,49.0,0.0,0,0,0,0
75,258.0,24.0,0.0,0.0,0.0,42.0,55.0,58.0,57.0,61.0,43.0,53.0,0.0,0.0,0,0,0,0.0,49.0,49.0,0.0,0,0,0,0
0,0.0,0.0,26.0,0.0,0.0,84.0,0.0,0.0,0.0,0.0,0.0,0.0,0.0,0.0,0,0,0,0.0,0.0,0.0,0.0,0,0,0,0
0,0.0,0.0,0.0,0.0,0.0,54.0,0.0,0.0,0.0,0.0,0.0,0.0,0.0,0.0,0,0,0,0.0,0.0,0.0,0.0,0,0,0,0
0,0.0,0.0,0.0,0.0,0.0,53.0,0.0,0.0,0.0,0.0,0.0,0.0,0.0,0.0,0,0,0,0.0,0.0,0.0,0.0,0,0,0,0
0,0.0,0.0,41.0,0.0,4.0,71.0,0.0,0.0,0.0,0.0,0.0,0.0,0.0,0.0,0,0,0,0.0,0.0,0.0,0.0,0,0,0,0
0,0.0,0.0,12.0,0.0,0.0,70.0,0.0,0.0,0.0,0.0,0.0,0.0,0.0,0.0,0,0,0,0.0,0.0,0.0,0.0,0,0,0,0
0,0.0,0.0,0.0,0.0,0.0,65.0,0.0,0.0,0.0,0.0,0.0,0.0,0.0,0.0,0,0,0,0.0,0.0,0.0,0.0,0,0,0,0
0,0.0,0.0,43.0,0.0,2.0,78.0,0.0,0.0,0.0,0.0,0.0,0.0,0.0,0.0,0,0,0,0.0,0.0,0.0,0.0,0,0,0,0
0,0.0,0.0,29.0,0.0,0.0,57.0,0.0,0.0,0.0,0.0,0.0,0.0,0.0,0.0,0,0,0,0.0,0.0,0.0,0.0,0,0,0,0
0,0.0,0.0,0.0,0.0,0.0,57.0,0.0,0.0,0.0,0.0,0.0,0.0,0.0,0.0,0,0,0,0.0,0.0,0.0,0.0,0,0,0,0
0,0.0,0.0,5.0,0.0,0.0,57.0,0.0,0.0,0.0,0.0,0.0,0.0,0.0,0.0,0,0,0,0.0,0.0,0.0,0.0,0,0,0,0
0,0.0,0.0,19.0,0.0,0.0,73.0,0.0,0.0,0.0,0.0,0.0,0.0,0.0,0.0,0,0,0,0.0,0.0,0.0,0.0,0,0,0,0
0,0.0,0.0,18.0,0.0,1.0,70.0,0.0,0.0,0.0,0.0,0.0,0.0,0.0,0.0,0,0,0,0.0,0.0,0.0,0.0,0,0,0,0
0,0.0,0.0,0.0,0.0,0.0,55.0,0.0,0.0,0.0,0.0,0.0,0.0,0.0,0.0,0,0,0,0.0,0.0,0.0,0.0,0,0,0,0
0,0.0,0.0,43.0,0.0,5.0,85.0,0.0,0.0,0.0,0.0,0.0,0.0,0.0,0.0,0,0,0,0.0,0.0,0.0,0.0,0,0,0,0
0,0.0,0.0,11.0,0.0,0.0,49.0,0.0,0.0,0.0,0.0,0.0,0.0,0.0,0.0,0,0,0,0.0,0.0,0.0,0.0,0,0,0,0
0,0.0,0.0,7.0,0.0,0.0,61.0,0.0,0.0,0.0,0.0,0.0,0.0,0.0,0.0,0,0,0,0.0,0.0,0.0,0.0,0,0,0,0
0,0.0,0.0,8.0,0.0,0.0,51.0,0.0,0.0,0.0,0.0,0.0,0.0,0.0,0.0,0,0,0,0.0,0.0,0.0,0.0,0,0,0,0
0,0.0,0.0,4.0,0.0,0.0,45.0,0.0,0.0,0.0,0.0,0.0,0.0,0.0,0.0,0,0,0,0.0,0.0,0.0,0.0,0,0,0,0
0,0.0,0.0,0.0,0.0,0.0,58.0,0.0,0.0,0.0,0.0,0.0,0.0,0.0,0.0,0,0,0,0.0,0.0,0.0,0.0,0,0,0,0
0,0.0,0.0,11.0,0.0,0.0,58.0,0.0,0.0,0.0,0.0,0.0,0.0,0.0,0.0,0,0,0,0.0,0.0,0.0,0.0,0,0,0,0
0,0.0,0.0,25.0,0.0,0.0,82.0,0.0,0.0,0.0,0.0,0.0,0.0,0.0,0.0,0,0,0,0.0,0.0,0.0,0.0,0,0,0,0
0,0.0,0.0,0.0,0.0,0.0,45.0,0.0,0.0,0.0,0.0,0.0,0.0,0.0,0.0,0,0,0,0.0,0.0,0.0,0.0,0,0,0,0
0,0.0,0.0,0.0,0.0,0.0,45.0,0.0,0.0,0.0,0.0,0.0,0.0,0.0,0.0,0,0,0,0.0,0.0,0.0,0.0,0,0,0,0
0,0.0,0.0,38.0,0.0,0.0,71.0,0.0,0.0,0.0,0.0,0.0,0.0,0.0,0.0,0,0,0,0.0,0.0,0.0,0.0,0,0,0,0
0,0.0,0.0,28.0,0.0,0.0,71.0,0.0,0.0,0.0,0.0,0.0,0.0,0.0,0.0,0,0,0,0.0,0.0,0.0,0.0,0,0,0,0
0,0.0,0.0,1.0,0.0,0.0,56.0,0.0,0.0,0.0,0.0,0.0,0.0,0.0,0.0,0,0,0,0.0,0.0,0.0,0.0,0,0,0,0
0,0.0,0.0,4.0,0.0,0.0,54.0,0.0,0.0,0.0,0.0,0.0,0.0,0.0,0.0,0,0,0,0.0,0.0,0.0,0.0,0,0,0,0
0,0.0,0.0,82.0,4.0,8.0,92.0,0.0,0.0,0.0,0.0,0.0,0.0,0.0,0.0,0,0,0,0.0,0.0,0.0,0.0,0,0,0,0
0,0.0,0.0,27.0,0.0,0.0,80.0,0.0,0.0,0.0,0.0,0.0,0.0,0.0,0.0,0,0,0,0.0,0.0,0.0,0.0,0,0,0,0
0,0.0,0.0,0.0,0.0,1.0,80.0,0.0,0.0,0.0,0.0,0.0,0.0,0.0,0.0,0,0,0,0.0,0.0,0.0,0.0,0,0,0,0
0,0.0,0.0,14.0,0.0,0.0,55.0,0.0,0.0,0.0,0.0,0.0,0.0,0.0,0.0,0,0,0,0.0,0.0,0.0,0.0,0,0,0,0
0,0.0,0.0,0.0,0.0,0.0,50.0,0.0,0.0,0.0,0.0,0.0,0.0,0.0,0.0,0,0,0,0.0,0.0,0.0,0.0,0,0,0,0
0,0.0,0.0,0.0,0.0,0.0,50.0,0.0,0.0,0.0,0.0,0.0,0.0,0.0,0.0,0,0,0,0.0,0.0,0.0,0.0,0,0,0,0
0,0.0,0.0,43.0,2.0,5.0,68.0,0.0,0.0,0.0,0.0,0.0,0.0,0.0,0.0,0,0,0,0.0,0.0,0.0,0.0,0,0,0,0
0,0.0,0.0,10.0,0.0,0.0,66.0,0.0,0.0,0.0,0.0,0.0,0.0,0.0,0.0,0,0,0,0.0,0.0,0.0,0.0,0,0,0,0
0,0.0,0.0,5.0,0.0,0.0,59.0,0.0,0.0,0.0,0.0,0.0,0.0,0.0,0.0,0,0,0,0.0,0.0,0.0,0.0,0,0,0,0
0,0.0,0.0,13.0,0.0,0.0,59.0,0.0,0.0,0.0,0.0,0.0,0.0,0.0,0.0,0,0,0,0.0,0.0,0.0,0.0,0,0,0,0
0,0.0,0.0,10.0,0.0,0.0,59.0,0.0,0.0,0.0,0.0,0.0,0.0,0.0,0.0,0,0,0,0.0,0.0,0.0,0.0,0,0,0,0
0,0.0,0.0,6.0,0.0,0.0,58.0,0.0,0.0,0.0,0.0,0.0,0.0,0.0,0.0,0,0,0,0.0,0.0,0.0,0.0,0,0,0,0
0,0.0,0.0,9.0,0.0,0.0,58.0,0.0,0.0,0.0,0.0,0.0,0.0,0.0,0.0,0,0,0,0.0,0.0,0.0,0.0,0,0,0,0
0,0.0,0.0,0.0,0.0,0.0,55.0,0.0,0.0,0.0,0.0,0.0,0.0,0.0,0.0,0,0,0,0.0,0.0,0.0,0.0,0,0,0,0
0,0.0,0.0,7.0,0.0,0.0,55.0,0.0,0.0,0.0,0.0,0.0,0.0,0.0,0.0,0,0,0,0.0,0.0,0.0,0.0,0,0,0,0
0,0.0,0.0,15.0,0.0,0.0,52.0,0.0,0.0,0.0,0.0,0.0,0.0,0.0,0.0,0,0,0,0.0,0.0,0.0,0.0,0,0,0,0
0,0.0,0.0,0.0,0.0,0.0,50.0,0.0,0.0,0.0,0.0,0.0,0.0,0.0,0.0,0,0,0,0.0,0.0,0.0,0.0,0,0,0,0
0,0.0,0.0,1.0,0.0,0.0,37.0,0.0,0.0,0.0,0.0,0.0,0.0,0.0,0.0,0,0,0,0.0,0.0,0.0,0.0,0,0,0,0
0,0.0,0.0,20.0,0.0,3.0,83.0,0.0,0.0,0.0,0.0,0.0,0.0,0.0,0.0,0,0,0,0.0,0.0,0.0,0.0,0,0,0,0
0,0.0,0.0,0.0,0.0,0.0,66.0,0.0,0.0,0.0,0.0,0.0,0.0,0.0,0.0,0,0,0,0.0,0.0,0.0,0.0,0,0,0,0
0,0.0,0.0,8.0,0.0,0.0,66.0,0.0,0.0,0.0,0.0,0.0,0.0,0.0,0.0,0,0,0,0.0,0.0,0.0,0.0,0,0,0,0
0,0.0,0.0,1.0,0.0,0.0,66.0,0.0,0.0,0.0,0.0,0.0,0.0,0.0,0.0,0,0,0,0.0,0.0,0.0,0.0,0,0,0,0
0,0.0,0.0,12.0,0.0,0.0,66.0,0.0,0.0,0.0,0.0,0.0,0.0,0.0,0.0,0,0,0,0.0,0.0,0.0,0.0,0,0,0,0
0,0.0,0.0,18.0,0.0,0.0,63.0,0.0,0.0,0.0,0.0,0.0,0.0,0.0,0.0,0,0,0,0.0,0.0,0.0,0.0,0,0,0,0
0,0.0,0.0,2.0,0.0,0.0,59.0,0.0,0.0,0.0,0.0,0.0,0.0,0.0,0.0,0,0,0,0.0,0.0,0.0,0.0,0,0,0,0
0,0.0,0.0,0.0,0.0,0.0,48.0,0.0,0.0,0.0,0.0,0.0,0.0,0.0,0.0,0,0,0,0.0,0.0,0.0,0.0,0,0,0,0
0,0.0,0.0,0.0,0.0,0.0,87.0,0.0,0.0,0.0,0.0,0.0,0.0,0.0,0.0,0,0,0,0.0,0.0,0.0,0.0,0,0,0,0
0,0.0,0.0,0.0,0.0,0.0,62.0,0.0,0.0,0.0,0.0,0.0,0.0,0.0,0.0,0,0,0,0.0,0.0,0.0,0.0,0,0,0,0
0,0.0,0.0,0.0,0.0,0.0,62.0,0.0,0.0,0.0,0.0,0.0,0.0,0.0,0.0,0,0,0,0.0,0.0,0.0,0.0,0,0,0,0
0,0.0,0.0,26.0,0.0,0.0,71.0,0.0,0.0,0.0,0.0,0.0,0.0,0.0,0.0,0,0,0,0.0,0.0,0.0,0.0,0,0,0,0
0,0.0,0.0,23.0,0.0,0.0,66.0,0.0,0.0,0.0,0.0,0.0,0.0,0.0,0.0,0,0,0,0.0,0.0,0.0,0.0,0,0,0,0
0,0.0,0.0,95.0,6.0,14.0,97.0,0.0,0.0,0.0,0.0,0.0,0.0,0.0,0.0,0,0,0,0.0,0.0,0.0,0.0,0,0,0,0
0,0.0,0.0,7.0,0.0,0.0,57.0,0.0,0.0,0.0,0.0,0.0,0.0,0.0,0.0,0,0,0,0.0,0.0,0.0,0.0,0,0,0,0
0,0.0,0.0,3.0,0.0,0.0,61.0,0.0,0.0,0.0,0.0,0.0,0.0,0.0,0.0,0,0,0,0.0,0.0,0.0,0.0,0,0,0,0
0,0.0,0.0,11.0,0.0,0.0,59.0,0.0,0.0,0.0,0.0,0.0,0.0,0.0,0.0,0,0,0,0.0,0.0,0.0,0.0,0,0,0,0
0,0.0,0.0,2.0,0.0,0.0,55.0,0.0,0.0,0.0,0.0,0.0,0.0,0.0,0.0,0,0,0,0.0,0.0,0.0,0.0,0,0,0,0
0,0.0,0.0,17.0,0.0,1.0,80.0,0.0,0.0,0.0,0.0,0.0,0.0,0.0,0.0,0,0,0,0.0,0.0,0.0,0.0,0,0,0,0
0,0.0,0.0,14.0,0.0,0.0,74.0,0.0,0.0,0.0,0.0,0.0,0.0,0.0,0.0,0,0,0,0.0,0.0,0.0,0.0,0,0,0,0
0,0.0,0.0,1.0,0.0,0.0,63.0,0.0,0.0,0.0,0.0,0.0,0.0,0.0,0.0,0,0,0,0.0,0.0,0.0,0.0,0,0,0,0
0,0.0,0.0,19.0,0.0,0.0,73.0,0.0,0.0,0.0,0.0,0.0,0.0,0.0,0.0,0,0,0,0.0,0.0,0.0,0.0,0,0,0,0
0,0.0,0.0,0.0,0.0,0.0,70.0,0.0,0.0,0.0,0.0,0.0,0.0,0.0,0.0,0,0,0,0.0,0.0,0.0,0.0,0,0,0,0
0,0.0,0.0,17.0,0.0,0.0,70.0,0.0,0.0,0.0,0.0,0.0,0.0,0.0,0.0,0,0,0,0.0,0.0,0.0,0.0,0,0,0,0
0,0.0,0.0,18.0,0.0,1.0,79.0,0.0,0.0,0.0,0.0,0.0,0.0,0.0,0.0,0,0,0,0.0,0.0,0.0,0.0,0,0,0,0
0,0.0,0.0,0.0,0.0,0.0,66.0,0.0,0.0,0.0,0.0,0.0,0.0,0.0,0.0,0,0,0,0.0,0.0,0.0,0.0,0,0,0,0
0,0.0,0.0,0.0,0.0,0.0,58.0,0.0,0.0,0.0,0.0,0.0,0.0,0.0,0.0,0,0,0,0.0,0.0,0.0,0.0,0,0,0,0
0,0.0,0.0,48.0,1.0,4.0,75.0,0.0,0.0,0.0,0.0,0.0,0.0,0.0,0.0,0,0,0,0.0,0.0,0.0,0.0,0,0,0,0
0,0.0,0.0,0.0,0.0,0.0,57.0,0.0,0.0,0.0,0.0,0.0,0.0,0.0,0.0,0,0,0,0.0,0.0,0.0,0.0,0,0,0,0
0,0.0,0.0,7.0,0.0,0.0,57.0,0.0,0.0,0.0,0.0,0.0,0.0,0.0,0.0,0,0,0,0.0,0.0,0.0,0.0,0,0,0,0
0,0.0,0.0,12.0,0.0,0.0,80.0,0.0,0.0,0.0,0.0,0.0,0.0,0.0,0.0,0,0,0,0.0,0.0,0.0,0.0,0,0,0,0
0,0.0,0.0,13.0,0.0,0.0,58.0,0.0,0.0,0.0,0.0,0.0,0.0,0.0,0.0,0,0,0,0.0,0.0,0.0,0.0,0,0,0,0
0,0.0,0.0,0.0,0.0,0.0,58.0,0.0,0.0,0.0,0.0,0.0,0.0,0.0,0.0,0,0,0,0.0,0.0,0.0,0.0,0,0,0,0
0,0.0,0.0,9.0,0.0,0.0,67.0,0.0,0.0,0.0,0.0,0.0,0.0,0.0,0.0,0,0,0,0.0,0.0,0.0,0.0,0,0,0,0
0,0.0,0.0,11.0,0.0,0.0,64.0,0.0,0.0,0.0,0.0,0.0,0.0,0.0,0.0,0,0,0,0.0,0.0,0.0,0.0,0,0,0,0
0,0.0,0.0,3.0,0.0,0.0,55.0,0.0,0.0,0.0,0.0,0.0,0.0,0.0,0.0,0,0,0,0.0,0.0,0.0,0.0,0,0,0,0
0,0.0,0.0,0.0,0.0,0.0,85.0,0.0,0.0,0.0,0.0,0.0,0.0,0.0,0.0,0,0,0,0.0,0.0,0.0,0.0,0,0,0,0
0,0.0,0.0,0.0,0.0,0.0,62.0,0.0,0.0,0.0,0.0,0.0,0.0,0.0,0.0,0,0,0,0.0,0.0,0.0,0.0,0,0,0,0
0,0.0,0.0,5.0,0.0,0.0,62.0,0.0,0.0,0.0,0.0,0.0,0.0,0.0,0.0,0,0,0,0.0,0.0,0.0,0.0,0,0,0,0
0,0.0,0.0,0.0,0.0,0.0,60.0,0.0,0.0,0.0,0.0,0.0,0.0,0.0,0.0,0,0,0,0.0,0.0,0.0,0.0,0,0,0,0
0,0.0,0.0,10.0,0.0,0.0,81.0,0.0,0.0,0.0,0.0,0.0,0.0,0.0,0.0,0,0,0,0.0,0.0,0.0,0.0,0,0,0,0
0,0.0,0.0,5.0,0.0,0.0,64.0,0.0,0.0,0.0,0.0,0.0,0.0,0.0,0.0,0,0,0,0.0,0.0,0.0,0.0,0,0,0,0
0,0.0,0.0,0.0,0.0,0.0,54.0,0.0,0.0,0.0,0.0,0.0,0.0,0.0,0.0,0,0,0,0.0,0.0,0.0,0.0,0,0,0,0
0,0.0,0.0,20.0,0.0,1.0,67.0,0.0,0.0,0.0,0.0,0.0,0.0,0.0,0.0,0,0,0,0.0,0.0,0.0,0.0,0,0,0,0
0,0.0,0.0,11.0,0.0,0.0,58.0,0.0,0.0,0.0,0.0,0.0,0.0,0.0,0.0,0,0,0,0.0,0.0,0.0,0.0,0,0,0,0
0,0.0,0.0,8.0,0.0,0.0,54.0,0.0,0.0,0.0,0.0,0.0,0.0,0.0,0.0,0,0,0,0.0,0.0,0.0,0.0,0,0,0,0
0,0.0,0.0,19.0,0.0,0.0,71.0,0.0,0.0,0.0,0.0,0.0,0.0,0.0,0.0,0,0,0,0.0,0.0,0.0,0.0,0,0,0,0
0,0.0,0.0,3.0,0.0,0.0,71.0,0.0,0.0,0.0,0.0,0.0,0.0,0.0,0.0,0,0,0,0.0,0.0,0.0,0.0,0,0,0,0
0,0.0,0.0,2.0,0.0,0.0,46.0,0.0,0.0,0.0,0.0,0.0,0.0,0.0,0.0,0,0,0,0.0,0.0,0.0,0.0,0,0,0,0
0,0.0,0.0,18.0,0.0,0.0,71.0,0.0,0.0,0.0,0.0,0.0,0.0,0.0,0.0,0,0,0,0.0,0.0,0.0,0.0,0,0,0,0
0,0.0,0.0,15.0,0.0,0.0,62.0,0.0,0.0,0.0,0.0,0.0,0.0,0.0,0.0,0,0,0,0.0,0.0,0.0,0.0,0,0,0,0
0,0.0,0.0,17.0,0.0,0.0,75.0,0.0,0.0,0.0,0.0,0.0,0.0,0.0,0.0,0,0,0,0.0,0.0,0.0,0.0,0,0,0,0
0,0.0,0.0,8.0,0.0,0.0,56.0,0.0,0.0,0.0,0.0,0.0,0.0,0.0,0.0,0,0,0,0.0,0.0,0.0,0.0,0,0,0,0
0,0.0,0.0,35.0,0.0,1.0,78.0,0.0,0.0,0.0,0.0,0.0,0.0,0.0,0.0,0,0,0,0.0,0.0,0.0,0.0,0,0,0,0
0,0.0,0.0,6.0,0.0,0.0,62.0,0.0,0.0,0.0,0.0,0.0,0.0,0.0,0.0,0,0,0,0.0,0.0,0.0,0.0,0,0,0,0
0,0.0,0.0,0.0,0.0,0.0,39.0,0.0,0.0,0.0,0.0,0.0,0.0,0.0,0.0,0,0,0,0.0,0.0,0.0,0.0,0,0,0,0
0,0.0,0.0,43.0,0.0,3.0,89.0,0.0,0.0,0.0,0.0,0.0,0.0,0.0,0.0,0,0,0,0.0,0.0,0.0,0.0,0,0,0,0
0,0.0,0.0,15.0,0.0,0.0,74.0,0.0,0.0,0.0,0.0,0.0,0.0,0.0,0.0,0,0,0,0.0,0.0,0.0,0.0,0,0,0,0
0,0.0,0.0,3.0,0.0,0.0,53.0,0.0,0.0,0.0,0.0,0.0,0.0,0.0,0.0,0,0,0,0.0,0.0,0.0,0.0,0,0,0,0
0,0.0,0.0,0.0,0.0,0.0,57.0,0.0,0.0,0.0,0.0,0.0,0.0,0.0,0.0,0,0,0,0.0,0.0,0.0,0.0,0,0,0,0
0,0.0,0.0,0.0,0.0,0.0,56.0,0.0,0.0,0.0,0.0,0.0,0.0,0.0,0.0,0,0,0,0.0,0.0,0.0,0.0,0,0,0,0
0,0.0,0.0,9.0,0.0,0.0,49.0,0.0,0.0,0.0,0.0,0.0,0.0,0.0,0.0,0,0,0,0.0,0.0,0.0,0.0,0,0,0,0
0,0.0,0.0,95.0,6.0,14.0,97.0,80.0,90.0,75.0,71.0,91.0,90.0,0.0,0.0,0,0,0,0.0,57.0,55.0,0.0,0,0,0,0
0,0.0,0.0,48.0,1.0,4.0,92.0,84.0,90.0,83.0,74.0,77.0,88.0,0.0,0.0,0,0,0,0.0,52.0,49.0,0.0,0,0,0,0
0,0.0,0.0,43.0,0.0,2.0,90.0,78.0,85.0,78.0,69.0,83.0,87.0,0.0,0.0,0,0,0,0.0,56.0,54.0,0.0,0,0,0,0
0,0.0,0.0,82.0,4.0,8.0,90.0,70.0,80.0,70.0,73.0,94.0,85.0,0.0,0.0,0,0,0,0.0,56.0,57.0,0.0,0,0,0,0
0,0.0,0.0,0.0,0.0,0.0,87.0,72.0,85.0,70.0,75.0,80.0,76.0,0.0,0.0,0,0,0,0.0,63.0,62.0,0.0,0,0,0,0
0,0.0,0.0,20.0,0.0,3.0,86.0,67.0,76.0,66.0,73.0,83.0,76.0,0.0,0.0,0,0,0,0.0,65.0,61.0,0.0,0,0,0,0
0,0.0,0.0,43.0,0.0,3.0,84.0,66.0,77.0,64.0,72.0,89.0,78.0,0.0,0.0,0,0,0,0.0,59.0,60.0,0.0,0,0,0,0
0,0.0,0.0,0.0,0.0,0.0,84.0,65.0,76.0,63.0,70.0,78.0,80.0,0.0,0.0,0,0,0,0.0,64.0,65.0,0.0,0,0,0,0
0,0.0,0.0,41.0,0.0,4.0,82.0,74.0,82.0,75.0,72.0,67.0,77.0,0.0,0.0,0,0,0,0.0,59.0,56.0,0.0,0,0,0,0
0,0.0,0.0,33.0,0.0,0.0,82.0,79.0,82.0,80.0,73.0,70.0,75.0,0.0,0.0,0,0,0,0.0,55.0,53.0,0.0,0,0,0,0
0,0.0,0.0,26.0,0.0,0.0,82.0,63.0,69.0,62.0,73.0,78.0,74.0,0.0,0.0,0,0,0,0.0,66.0,64.0,0.0,0,0,0,0
0,0.0,0.0,17.0,0.0,1.0,81.0,72.0,77.0,70.0,68.0,75.0,76.0,0.0,0.0,0,0,0,0.0,60.0,58.0,0.0,0,0,0,0
0,0.0,0.0,18.0,0.0,0.0,81.0,75.0,78.0,75.0,64.0,78.0,77.0,0.0,0.0,0,0,0,0.0,59.0,53.0,0.0,0,0,0,0
0,0.0,0.0,26.0,0.0,0.0,81.0,56.0,55.0,55.0,78.0,82.0,70.0,0.0,0.0,0,0,0,0.0,73.0,68.0,0.0,0,0,0,0
0,0.0,0.0,35.0,0.0,1.0,81.0,65.0,72.0,60.0,70.0,80.0,78.0,0.0,0.0,0,0,0,0.0,62.0,59.0,0.0,0,0,0,0
0,0.0,0.0,0.0,0.0,1.0,80.0,62.0,64.0,65.0,75.0,67.0,69.0,0.0,0.0,0,0,0,0.0,74.0,64.0,0.0,0,0,0,0
0,0.0,0.0,10.0,0.0,0.0,79.0,56.0,54.0,59.0,78.0,82.0,60.0,0.0,0.0,0,0,0,0.0,77.0,74.0,0.0,0,0,0,0
0,0.0,0.0,18.0,0.0,0.0,79.0,73.0,81.0,72.0,72.0,64.0,76.0,0.0,0.0,0,0,0,0.0,58.0,58.0,0.0,0,0,0,0
0,0.0,0.0,17.0,0.0,0.0,79.0,66.0,70.0,62.0,70.0,75.0,72.0,0.0,0.0,0,0,0,0.0,67.0,67.0,0.0,0,0,0,0
0,0.0,0.0,17.0,0.0,0.0,79.0,63.0,64.0,63.0,75.0,79.0,74.0,0.0,0.0,0,0,0,0.0,63.0,61.0,0.0,0,0,0,0
0,0.0,0.0,12.0,0.0,0.0,79.0,65.0,72.0,65.0,76.0,68.0,69.0,0.0,0.0,0,0,0,0.0,67.0,63.0,0.0,0,0,0,0
0,0.0,0.0,11.0,0.0,0.0,76.0,74.0,78.0,71.0,69.0,65.0,76.0,0.0,0.0,0,0,0,0.0,58.0,52.0,0.0,0,0,0,0
0,0.0,0.0,19.0,0.0,0.0,76.0,72.0,84.0,73.0,70.0,64.0,74.0,0.0,0.0,0,0,0,0.0,56.0,55.0,0.0,0,0,0,0
0,0.0,0.0,15.0,0.0,0.0,75.0,67.0,66.0,60.0,72.0,72.0,73.0,0.0,0.0,0,0,0,0.0,60.0,58.0,0.0,0,0,0,0
0,0.0,0.0,18.0,0.0,1.0,75.0,59.0,60.0,61.0,73.0,78.0,70.0,0.0,0.0,0,0,0,0.0,67.0,62.0,0.0,0,0,0,0
0,0.0,0.0,11.0,0.0,0.0,75.0,70.0,75.0,70.0,70.0,65.0,74.0,0.0,0.0,0,0,0,0.0,59.0,55.0,0.0,0,0,0,0
0,0.0,0.0,27.0,0.0,0.0,75.0,71.0,81.0,72.0,65.0,74.0,75.0,0.0,0.0,0,0,0,0.0,54.0,51.0,0.0,0,0,0,0
0,0.0,0.0,19.0,0.0,0.0,75.0,64.0,75.0,66.0,69.0,70.0,73.0,0.0,0.0,0,0,0,0.0,60.0,58.0,0.0,0,0,0,0
0,0.0,0.0,3.0,0.0,0.0,75.0,64.0,75.0,66.0,69.0,70.0,73.0,0.0,0.0,0,0,0,0.0,60.0,58.0,0.0,0,0,0,0
0,0.0,0.0,7.0,0.0,0.0,75.0,66.0,71.0,55.0,72.0,72.0,73.0,0.0,0.0,0,0,0,0.0,62.0,57.0,0.0,0,0,0,0
0,0.0,0.0,9.0,0.0,0.0,74.0,59.0,61.0,59.0,72.0,75.0,70.0,0.0,0.0,0,0,0,0.0,65.0,63.0,0.0,0,0,0,0
0,0.0,0.0,51.0,1.0,1.0,74.0,75.0,82.0,74.0,68.0,60.0,77.0,0.0,0.0,0,0,0,0.0,55.0,48.0,0.0,0,0,0,0
0,0.0,0.0,11.0,0.0,0.0,74.0,66.0,70.0,68.0,68.0,74.0,66.0,0.0,0.0,0,0,0,0.0,64.0,59.0,0.0,0,0,0,0
0,0.0,0.0,12.0,0.0,0.0,74.0,66.0,70.0,65.0,74.0,68.0,73.0,0.0,0.0,0,0,0,0.0,58.0,56.0,0.0,0,0,0,0
0,0.0,0.0,20.0,0.0,1.0,73.0,68.0,67.0,64.0,65.0,72.0,74.0,0.0,0.0,0,0,0,0.0,57.0,55.0,0.0,0,0,0,0
0,0.0,0.0,38.0,0.0,0.0,72.0,56.0,59.0,58.0,73.0,76.0,66.0,0.0,0.0,0,0,0,0.0,65.0,64.0,0.0,0,0,0,0
0,0.0,0.0,28.0,0.0,0.0,72.0,56.0,59.0,58.0,73.0,76.0,66.0,0.0,0.0,0,0,0,0.0,65.0,64.0,0.0,0,0,0,0
0,0.0,0.0,15.0,0.0,0.0,71.0,65.0,72.0,66.0,77.0,53.0,68.0,0.0,0.0,0,0,0,0.0,61.0,58.0,0.0,0,0,0,0
0,0.0,0.0,0.0,0.0,0.0,71.0,70.0,72.0,68.0,65.0,62.0,74.0,0.0,0.0,0,0,0,0.0,57.0,49.0,0.0,0,0,0,0
0,0.0,0.0,19.0,0.0,0.0,71.0,57.0,60.0,58.0,69.0,77.0,69.0,0.0,0.0,0,0,0,0.0,63.0,64.0,0.0,0,0,0,0
0,0.0,0.0,0.0,0.0,0.0,70.0,57.0,55.0,55.0,71.0,67.0,72.0,0.0,0.0,0,0,0,0.0,63.0,62.0,0.0,0,0,0,0
0,0.0,0.0,0.0,0.0,0.0,70.0,55.0,58.0,57.0,77.0,70.0,67.0,0.0,0.0,0,0,0,0.0,65.0,65.0,0.0,0,0,0,0
0,0.0,0.0,80.0,2.0,11.0,70.0,77.0,82.0,74.0,65.0,55.0,75.0,0.0,0.0,0,0,0,0.0,53.0,47.0,0.0,0,0,0,0
0,0.0,0.0,25.0,0.0,0.0,70.0,69.0,74.0,68.0,69.0,55.0,70.0,0.0,0.0,0,0,0,0.0,60.0,60.0,0.0,0,0,0,0
0,0.0,0.0,0.0,0.0,0.0,70.0,66.0,64.0,68.0,75.0,65.0,69.0,0.0,0.0,0,0,0,0.0,59.0,49.0,0.0,0,0,0,0
0,0.0,0.0,0.0,0.0,0.0,70.0,66.0,64.0,68.0,75.0,65.0,69.0,0.0,0.0,0,0,0,0.0,59.0,49.0,0.0,0,0,0,0
0,0.0,0.0,31.0,0.0,0.0,70.0,66.0,64.0,68.0,75.0,65.0,69.0,0.0,0.0,0,0,0,0.0,59.0,49.0,0.0,0,0,0,0
0,0.0,0.0,0.0,0.0,1.0,70.0,66.0,64.0,68.0,75.0,65.0,69.0,0.0,0.0,0,0,0,0.0,59.0,49.0,0.0,0,0,0,0
0,0.0,0.0,14.0,0.0,0.0,69.0,72.0,75.0,72.0,64.0,70.0,73.0,0.0,0.0,0,0,0,0.0,50.0,49.0,0.0,0,0,0,0
0,0.0,0.0,21.0,0.0,0.0,69.0,74.0,78.0,72.0,64.0,60.0,73.0,0.0,0.0,0,0,0,0.0,52.0,46.0,0.0,0,0,0,0
0,0.0,0.0,18.0,0.0,1.0,69.0,59.0,59.0,58.0,73.0,72.0,68.0,0.0,0.0,0,0,0,0.0,61.0,60.0,0.0,0,0,0,0
0,0.0,0.0,2.0,0.0,0.0,68.0,82.0,85.0,84.0,62.0,46.0,75.0,0.0,0.0,0,0,0,0.0,48.0,46.0,0.0,0,0,0,0
0,0.0,0.0,11.0,0.0,0.0,68.0,61.0,65.0,63.0,68.0,64.0,68.0,0.0,0.0,0,0,0,0.0,61.0,61.0,0.0,0,0,0,0
0,0.0,0.0,13.0,0.0,0.0,68.0,70.0,75.0,69.0,64.0,62.0,70.0,0.0,0.0,0,0,0,0.0,55.0,52.0,0.0,0,0,0,0
0,0.0,0.0,0.0,0.0,0.0,68.0,70.0,75.0,69.0,64.0,62.0,70.0,0.0,0.0,0,0,0,0.0,55.0,52.0,0.0,0,0,0,0
0,0.0,0.0,0.0,0.0,0.0,68.0,63.0,71.0,62.0,65.0,70.0,67.0,0.0,0.0,0,0,0,0.0,60.0,59.0,0.0,0,0,0,0
0,0.0,0.0,0.0,0.0,0.0,68.0,63.0,71.0,62.0,65.0,70.0,67.0,0.0,0.0,0,0,0,0.0,60.0,59.0,0.0,0,0,0,0
0,0.0,0.0,5.0,0.0,0.0,66.0,57.0,62.0,56.0,73.0,56.0,63.0,0.0,0.0,0,0,0,0.0,67.0,64.0,0.0,0,0,0,0
0,0.0,0.0,29.0,0.0,0.0,66.0,65.0,68.0,60.0,73.0,62.0,63.0,0.0,0.0,0,0,0,0.0,59.0,59.0,0.0,0,0,0,0
0,0.0,0.0,0.0,0.0,0.0,66.0,65.0,68.0,60.0,73.0,62.0,63.0,0.0,0.0,0,0,0,0.0,59.0,59.0,0.0,0,0,0,0
0,0.0,0.0,5.0,0.0,0.0,66.0,65.0,68.0,60.0,73.0,62.0,63.0,0.0,0.0,0,0,0,0.0,59.0,59.0,0.0,0,0,0,0
0,0.0,0.0,8.0,0.0,0.0,66.0,59.0,63.0,61.0,78.0,58.0,64.0,0.0,0.0,0,0,0,0.0,59.0,59.0,0.0,0,0,0,0
0,0.0,0.0,1.0,0.0,0.0,65.0,53.0,55.0,51.0,77.0,57.0,61.0,0.0,0.0,0,0,0,0.0,68.0,67.0,0.0,0,0,0,0
0,0.0,0.0,0.0,0.0,0.0,64.0,64.0,73.0,67.0,68.0,67.0,64.0,0.0,0.0,0,0,0,0.0,54.0,50.0,0.0,0,0,0,0
0,0.0,0.0,0.0,0.0,0.0,64.0,65.0,66.0,63.0,65.0,52.0,69.0,0.0,0.0,0,0,0,0.0,58.0,56.0,0.0,0,0,0,0
0,0.0,0.0,8.0,0.0,0.0,64.0,73.0,76.0,66.0,69.0,59.0,67.0,0.0,0.0,0,0,0,0.0,52.0,49.0,0.0,0,0,0,0
0,0.0,0.0,1.0,0.0,0.0,64.0,63.0,68.0,64.0,68.0,50.0,67.0,0.0,0.0,0,0,0,0.0,59.0,58.0,0.0,0,0,0,0
0,0.0,0.0,23.0,0.0,0.0,63.0,72.0,75.0,70.0,64.0,42.0,72.0,0.0,0.0,0,0,0,0.0,52.0,48.0,0.0,0,0,0,0
0,0.0,0.0,0.0,0.0,0.0,63.0,60.0,61.0,60.0,66.0,59.0,60.0,0.0,0.0,0,0,0,0.0,64.0,60.0,0.0,0,0,0,0
0,0.0,0.0,1.0,0.0,0.0,62.0,62.0,63.0,63.0,69.0,56.0,61.0,0.0,0.0,0,0,0,0.0,60.0,54.0,0.0,0,0,0,0
0,0.0,0.0,0.0,0.0,0.0,62.0,58.0,62.0,60.0,75.0,53.0,61.0,0.0,0.0,0,0,0,0.0,62.0,54.0,0.0,0,0,0,0
0,0.0,0.0,11.0,0.0,0.0,62.0,63.0,66.0,64.0,65.0,59.0,66.0,0.0,0.0,0,0,0,0.0,55.0,54.0,0.0,0,0,0,0
0,0.0,0.0,0.0,0.0,1.0,62.0,54.0,64.0,55.0,69.0,51.0,61.0,0.0,0.0,0,0,0,0.0,67.0,66.0,0.0,0,0,0,0
0,0.0,0.0,6.0,0.0,0.0,62.0,57.0,61.0,60.0,71.0,62.0,62.0,0.0,0.0,0,0,0,0.0,60.0,58.0,0.0,0,0,0,0
0,0.0,0.0,0.0,0.0,0.0,62.0,53.0,50.0,53.0,75.0,47.0,60.0,0.0,0.0,0,0,0,0.0,69.0,68.0,0.0,0,0,0,0
0,0.0,0.0,0.0,0.0,0.0,62.0,59.0,57.0,54.0,65.0,63.0,65.0,0.0,0.0,0,0,0,0.0,60.0,59.0,0.0,0,0,0,0
0,0.0,0.0,0.0,0.0,0.0,61.0,63.0,70.0,61.0,64.0,55.0,70.0,0.0,0.0,0,0,0,0.0,53.0,51.0,0.0,0,0,0,0
0,0.0,0.0,0.0,0.0,0.0,61.0,63.0,66.0,61.0,63.0,57.0,66.0,0.0,0.0,0,0,0,0.0,56.0,53.0,0.0,0,0,0,0
0,0.0,0.0,7.0,0.0,0.0,61.0,52.0,53.0,54.0,70.0,60.0,64.0,0.0,0.0,0,0,0,0.0,61.0,63.0,0.0,0,0,0,0
0,0.0,0.0,8.0,0.0,0.0,61.0,66.0,70.0,66.0,62.0,49.0,69.0,0.0,0.0,0,0,0,0.0,53.0,50.0,0.0,0,0,0,0
0,0.0,0.0,0.0,0.0,0.0,61.0,79.0,84.0,72.0,62.0,57.0,66.0,0.0,0.0,0,0,0,0.0,45.0,40.0,0.0,0,0,0,0
0,0.0,0.0,43.0,1.0,1.0,61.0,79.0,84.0,72.0,62.0,57.0,66.0,0.0,0.0,0,0,0,0.0,45.0,40.0,0.0,0,0,0,0
0,0.0,0.0,0.0,0.0,0.0,60.0,60.0,60.0,61.0,74.0,64.0,55.0,0.0,0.0,0,0,0,0.0,59.0,58.0,0.0,0,0,0,0
0,0.0,0.0,8.0,0.0,0.0,60.0,60.0,60.0,61.0,74.0,64.0,55.0,0.0,0.0,0,0,0,0.0,59.0,58.0,0.0,0,0,0,0
0,0.0,0.0,0.0,0.0,0.0,60.0,66.0,68.0,62.0,64.0,55.0,60.0,0.0,0.0,0,0,0,0.0,59.0,57.0,0.0,0,0,0,0
0,0.0,0.0,1.0,0.0,0.0,60.0,54.0,52.0,51.0,72.0,54.0,58.0,0.0,0.0,0,0,0,0.0,67.0,69.0,0.0,0,0,0,0
0,0.0,0.0,0.0,0.0,0.0,60.0,68.0,72.0,67.0,64.0,59.0,65.0,0.0,0.0,0,0,0,0.0,50.0,49.0,0.0,0,0,0,0
0,0.0,0.0,3.0,0.0,0.0,60.0,68.0,72.0,67.0,64.0,59.0,65.0,0.0,0.0,0,0,0,0.0,50.0,49.0,0.0,0,0,0,0
0,0.0,0.0,1.0,0.0,0.0,59.0,66.0,68.0,62.0,64.0,52.0,60.0,0.0,0.0,0,0,0,0.0,59.0,57.0,0.0,0,0,0,0
0,0.0,0.0,12.0,0.0,0.0,59.0,66.0,68.0,62.0,64.0,52.0,60.0,0.0,0.0,0,0,0,0.0,59.0,57.0,0.0,0,0,0,0
0,0.0,0.0,3.0,0.0,0.0,59.0,71.0,68.0,52.0,64.0,49.0,64.0,0.0,0.0,0,0,0,0.0,56.0,50.0,0.0,0,0,0,0
0,0.0,0.0,0.0,0.0,0.0,59.0,55.0,52.0,54.0,72.0,50.0,56.0,0.0,0.0,0,0,0,0.0,67.0,69.0,0.0,0,0,0,0
0,0.0,0.0,0.0,0.0,0.0,58.0,59.0,60.0,62.0,68.0,52.0,64.0,0.0,0.0,0,0,0,0.0,55.0,55.0,0.0,0,0,0,0
0,0.0,0.0,0.0,0.0,0.0,57.0,72.0,70.0,58.0,65.0,40.0,72.0,0.0,0.0,0,0,0,0.0,45.0,50.0,0.0,0,0,0,0
0,0.0,0.0,0.0,0.0,0.0,57.0,55.0,56.0,58.0,70.0,47.0,59.0,0.0,0.0,0,0,0,0.0,64.0,63.0,0.0,0,0,0,0
0,0.0,0.0,7.0,0.0,0.0,57.0,61.0,58.0,56.0,70.0,50.0,58.0,0.0,0.0,0,0,0,0.0,60.0,55.0,0.0,0,0,0,0
0,0.0,0.0,0.0,0.0,0.0,55.0,58.0,55.0,51.0,65.0,52.0,60.0,0.0,0.0,0,0,0,0.0,61.0,57.0,0.0,0,0,0,0
0,0.0,0.0,0.0,0.0,0.0,55.0,52.0,49.0,52.0,72.0,60.0,55.0,0.0,0.0,0,0,0,0.0,62.0,59.0,0.0,0,0,0,0
0,0.0,0.0,2.0,0.0,0.0,55.0,64.0,68.0,60.0,76.0,62.0,55.0,0.0,0.0,0,0,0,0.0,51.0,52.0,0.0,0,0,0,0
0,0.0,0.0,9.0,0.0,0.0,54.0,65.0,71.0,60.0,60.0,52.0,66.0,0.0,0.0,0,0,0,0.0,49.0,48.0,0.0,0,0,0,0
0,0.0,0.0,0.0,0.0,0.0,54.0,65.0,66.0,64.0,61.0,54.0,64.0,0.0,0.0,0,0,0,0.0,49.0,48.0,0.0,0,0,0,0
0,0.0,0.0,0.0,0.0,0.0,54.0,65.0,66.0,64.0,61.0,54.0,64.0,0.0,0.0,0,0,0,0.0,49.0,48.0,0.0,0,0,0,0
0,0.0,0.0,2.0,0.0,0.0,54.0,50.0,48.0,54.0,67.0,46.0,62.0,0.0,0.0,0,0,0,0.0,62.0,64.0,0.0,0,0,0,0
0,0.0,0.0,0.0,0.0,0.0,54.0,57.0,55.0,58.0,62.0,55.0,62.0,0.0,0.0,0,0,0,0.0,57.0,53.0,0.0,0,0,0,0
0,0.0,0.0,0.0,0.0,0.0,53.0,50.0,49.0,45.0,73.0,47.0,56.0,0.0,0.0,0,0,0,0.0,64.0,55.0,0.0,0,0,0,0
0,0.0,0.0,3.0,0.0,0.0,52.0,59.0,61.0,58.0,61.0,42.0,65.0,0.0,0.0,0,0,0,0.0,52.0,51.0,0.0,0,0,0,0
0,0.0,0.0,1.0,0.0,0.0,51.0,59.0,61.0,64.0,64.0,50.0,60.0,0.0,0.0,0,0,0,0.0,49.0,52.0,0.0,0,0,0,0
0,0.0,0.0,2.0,0.0,0.0,51.0,69.0,70.0,62.0,55.0,50.0,64.0,0.0,0.0,0,0,0,0.0,44.0,45.0,0.0,0,0,0,0
0,0.0,0.0,0.0,0.0,0.0,49.0,64.0,70.0,57.0,62.0,45.0,58.0,0.0,0.0,0,0,0,0.0,50.0,48.0,0.0,0,0,0,0
0,0.0,0.0,0.0,0.0,0.0,46.0,54.0,52.0,52.0,70.0,40.0,55.0,0.0,0.0,0,0,0,0.0,58.0,50.0,0.0,0,0,0,0
0,0.0,0.0,0.0,0.0,0.0,45.0,63.0,61.0,62.0,56.0,45.0,60.0,0.0,0.0,0,0,0,0.0,46.0,47.0,0.0,0,0,0,0
0,0.0,0.0,0.0,0.0,0.0,44.0,55.0,54.0,57.0,62.0,45.0,58.0,0.0,0.0,0,0,0,0.0,50.0,48.0,0.0,0,0,0,0
0,0.0,0.0,26.0,0.0,0.0,84.0,65.0,71.0,64.0,75.0,80.0,75.0,0.0,0.0,0,0,0,0.0,66.0,64.0,0.0,0,0,0,0
0,0.0,0.0,0.0,0.0,0.0,66.0,70.0,72.0,68.0,64.0,56.0,67.0,0.0,0.0,0,0,0,0.0,57.0,54.0,0.0,0,0,0,0
0,0.0,0.0,41.0,0.0,4.0,92.0,83.0,86.0,82.0,72.0,78.0,84.0,0.0,0.0,0,0,0,0.0,60.0,55.0,0.0,0,0,0,0
0,0.0,0.0,1.0,0.0,0.0,76.0,60.0,62.0,58.0,79.0,74.0,62.0,0.0,0.0,0,0,0,0.0,72.0,67.0,0.0,0,0,0,0
0,0.0,0.0,0.0,0.0,0.0,63.0,60.0,61.0,60.0,66.0,59.0,60.0,0.0,0.0,0,0,0,0.0,64.0,60.0,0.0,0,0,0,0
0,0.0,0.0,43.0,0.0,2.0,96.0,81.0,86.0,84.0,70.0,86.0,90.0,0.0,0.0,0,0,0,0.0,60.0,55.0,0.0,0,0,0,0
0,0.0,0.0,0.0,0.0,0.0,71.0,70.0,79.0,60.0,64.0,60.0,70.0,0.0,0.0,0,0,0,0.0,63.0,55.0,0.0,0,0,0,0
0,0.0,0.0,29.0,0.0,0.0,70.0,65.0,68.0,60.0,73.0,66.0,70.0,0.0,0.0,0,0,0,0.0,59.0,59.0,0.0,0,0,0,0
0,0.0,0.0,0.0,0.0,0.0,70.0,65.0,68.0,60.0,73.0,66.0,70.0,0.0,0.0,0,0,0,0.0,59.0,59.0,0.0,0,0,0,0
0,0.0,0.0,5.0,0.0,0.0,70.0,65.0,68.0,60.0,73.0,66.0,70.0,0.0,0.0,0,0,0,0.0,59.0,59.0,0.0,0,0,0,0
0,0.0,0.0,0.0,0.0,0.0,71.0,65.0,71.0,65.0,67.0,72.0,70.0,0.0,0.0,0,0,0,0.0,60.0,59.0,0.0,0,0,0,0
0,0.0,0.0,0.0,0.0,0.0,71.0,65.0,71.0,65.0,67.0,72.0,70.0,0.0,0.0,0,0,0,0.0,60.0,59.0,0.0,0,0,0,0
0,0.0,0.0,1.0,0.0,0.0,68.0,71.0,77.0,75.0,64.0,56.0,80.0,0.0,0.0,0,0,0,0.0,48.0,44.0,0.0,0,0,0,0
0,0.0,0.0,0.0,0.0,0.0,54.0,56.0,64.0,51.0,66.0,48.0,56.0,0.0,0.0,0,0,0,0.0,63.0,61.0,0.0,0,0,0,0
0,0.0,0.0,11.0,0.0,0.0,70.0,62.0,65.0,63.0,68.0,64.0,70.0,0.0,0.0,0,0,0,0.0,61.0,61.0,0.0,0,0,0,0
0,0.0,0.0,1.0,0.0,0.0,69.0,65.0,66.0,62.0,70.0,54.0,67.0,0.0,0.0,0,0,0,0.0,66.0,60.0,0.0,0,0,0,0
0,0.0,0.0,7.0,0.0,0.0,62.0,67.0,72.0,73.0,70.0,44.0,75.0,0.0,0.0,0,0,0,0.0,47.0,44.0,0.0,0,0,0,0
0,0.0,0.0,27.0,0.0,0.0,84.0,80.0,84.0,78.0,66.0,78.0,82.0,0.0,0.0,0,0,0,0.0,55.0,52.0,0.0,0,0,0,0
0,0.0,0.0,2.0,0.0,0.0,73.0,71.0,74.0,70.0,73.0,64.0,74.0,0.0,0.0,0,0,0,0.0,56.0,55.0,0.0,0,0,0,0
0,0.0,0.0,12.0,0.0,0.0,77.0,66.0,70.0,65.0,74.0,73.0,76.0,0.0,0.0,0,0,0,0.0,58.0,56.0,0.0,0,0,0,0
0,0.0,0.0,11.0,0.0,0.0,76.0,72.0,75.0,70.0,70.0,67.0,74.0,0.0,0.0,0,0,0,0.0,59.0,55.0,0.0,0,0,0,0
0,0.0,0.0,0.0,0.0,0.0,70.0,67.0,69.0,63.0,69.0,64.0,70.0,0.0,0.0,0,0,0,0.0,57.0,58.0,0.0,0,0,0,0
0,0.0,0.0,5.0,0.0,0.0,70.0,67.0,69.0,63.0,69.0,64.0,70.0,0.0,0.0,0,0,0,0.0,57.0,58.0,0.0,0,0,0,0
0,0.0,0.0,63.0,3.0,5.0,85.0,86.0,90.0,88.0,70.0,52.0,85.0,0.0,0.0,0,0,0,0.0,56.0,52.0,0.0,0,0,0,0
0,0.0,0.0,37.0,0.0,1.0,85.0,86.0,90.0,88.0,70.0,52.0,85.0,0.0,0.0,0,0,0,0.0,56.0,52.0,0.0,0,0,0,0
0,0.0,0.0,11.0,0.0,0.0,74.0,66.0,70.0,68.0,68.0,74.0,66.0,0.0,0.0,0,0,0,0.0,64.0,59.0,0.0,0,0,0,0
0,0.0,0.0,1.0,0.0,0.0,71.0,69.0,74.0,70.0,68.0,58.0,70.0,0.0,0.0,0,0,0,0.0,59.0,58.0,0.0,0,0,0,0
0,0.0,0.0,80.0,2.0,11.0,82.0,77.0,82.0,76.0,69.0,69.0,77.0,0.0,0.0,0,0,0,0.0,59.0,54.0,0.0,0,0,0,0
0,0.0,0.0,7.0,0.0,0.0,81.0,68.0,73.0,65.0,73.0,76.0,76.0,0.0,0.0,0,0,0,0.0,64.0,60.0,0.0,0,0,0,0
0,0.0,0.0,1.0,0.0,0.0,60.0,74.0,69.0,73.0,62.0,58.0,68.0,0.0,0.0,0,0,0,0.0,45.0,49.0,0.0,0,0,0,0
0,0.0,0.0,11.0,0.0,0.0,78.0,70.0,74.0,72.0,66.0,75.0,74.0,0.0,0.0,0,0,0,0.0,61.0,56.0,0.0,0,0,0,0
0,0.0,0.0,1.0,0.0,0.0,75.0,64.0,65.0,60.0,72.0,72.0,66.0,0.0,0.0,0,0,0,0.0,67.0,69.0,0.0,0,0,0,0
0,0.0,0.0,10.0,0.0,0.0,73.0,65.0,72.0,63.0,73.0,67.0,64.0,0.0,0.0,0,0,0,0.0,66.0,63.0,0.0,0,0,0,0
0,0.0,0.0,20.0,0.0,1.0,73.0,68.0,67.0,64.0,65.0,72.0,74.0,0.0,0.0,0,0,0,0.0,57.0,55.0,0.0,0,0,0,0
0,0.0,0.0,0.0,0.0,0.0,69.0,72.0,70.0,65.0,63.0,63.0,74.0,0.0,0.0,0,0,0,0.0,54.0,50.0,0.0,0,0,0,0
0,0.0,0.0,0.0,0.0,0.0,67.0,68.0,70.0,67.0,61.0,60.0,68.0,0.0,0.0,0,0,0,0.0,62.0,56.0,0.0,0,0,0,0
0,0.0,0.0,0.0,0.0,0.0,67.0,68.0,70.0,67.0,61.0,60.0,68.0,0.0,0.0,0,0,0,0.0,62.0,56.0,0.0,0,0,0,0
0,0.0,0.0,14.0,0.0,0.0,78.0,80.0,84.0,77.0,67.0,79.0,77.0,0.0,0.0,0,0,0,0.0,50.0,49.0,0.0,0,0,0,0
0,0.0,0.0,17.0,0.0,1.0,73.0,71.0,74.0,68.0,64.0,72.0,74.0,0.0,0.0,0,0,0,0.0,55.0,54.0,0.0,0,0,0,0
0,0.0,0.0,43.0,0.0,5.0,72.0,63.0,65.0,62.0,62.0,87.0,75.0,0.0,0.0,0,0,0,0.0,55.0,54.0,0.0,0,0,0,0
0,0.0,0.0,18.0,0.0,1.0,71.0,57.0,58.0,59.0,70.0,78.0,66.0,0.0,0.0,0,0,0,0.0,67.0,62.0,0.0,0,0,0,0
0,0.0,0.0,0.0,0.0,0.0,66.0,70.0,66.0,61.0,63.0,64.0,69.0,0.0,0.0,0,0,0,0.0,56.0,53.0,0.0,0,0,0,0
0,0.0,0.0,6.0,0.0,0.0,62.0,57.0,61.0,60.0,71.0,62.0,62.0,0.0,0.0,0,0,0,0.0,60.0,58.0,0.0,0,0,0,0
0,0.0,0.0,0.0,0.0,0.0,62.0,59.0,57.0,54.0,65.0,63.0,65.0,0.0,0.0,0,0,0,0.0,60.0,59.0,0.0,0,0,0,0
0,0.0,0.0,0.0,0.0,0.0,62.0,53.0,50.0,53.0,75.0,47.0,60.0,0.0,0.0,0,0,0,0.0,69.0,68.0,0.0,0,0,0,0
0,0.0,0.0,0.0,0.0,0.0,61.0,67.0,70.0,67.0,65.0,46.0,66.0,0.0,0.0,0,0,0,0.0,57.0,58.0,0.0,0,0,0,0
0,0.0,0.0,7.0,0.0,0.0,61.0,52.0,53.0,54.0,70.0,60.0,64.0,0.0,0.0,0,0,0,0.0,61.0,63.0,0.0,0,0,0,0
0,0.0,0.0,0.0,0.0,0.0,61.0,68.0,70.0,64.0,66.0,54.0,67.0,0.0,0.0,0,0,0,0.0,53.0,47.0,0.0,0,0,0,0
0,0.0,0.0,0.0,0.0,0.0,61.0,72.0,70.0,62.0,61.0,60.0,64.0,0.0,0.0,0,0,0,0.0,54.0,45.0,0.0,0,0,0,0
0,0.0,0.0,2.0,0.0,0.0,61.0,49.0,46.0,60.0,72.0,54.0,63.0,0.0,0.0,0,0,0,0.0,65.0,67.0,0.0,0,0,0,0
0,0.0,0.0,0.0,0.0,0.0,60.0,60.0,60.0,61.0,74.0,64.0,55.0,0.0,0.0,0,0,0,0.0,59.0,58.0,0.0,0,0,0,0
0,0.0,0.0,8.0,0.0,0.0,60.0,60.0,60.0,61.0,74.0,64.0,55.0,0.0,0.0,0,0,0,0.0,59.0,58.0,0.0,0,0,0,0
0,0.0,0.0,0.0,0.0,0.0,60.0,68.0,72.0,67.0,64.0,59.0,65.0,0.0,0.0,0,0,0,0.0,50.0,49.0,0.0,0,0,0,0
0,0.0,0.0,3.0,0.0,0.0,60.0,68.0,72.0,67.0,64.0,59.0,65.0,0.0,0.0,0,0,0,0.0,50.0,49.0,0.0,0,0,0,0
0,0.0,0.0,0.0,0.0,0.0,60.0,67.0,67.0,64.0,72.0,59.0,60.0,0.0,0.0,0,0,0,0.0,53.0,49.0,0.0,0,0,0,0
0,0.0,0.0,0.0,0.0,0.0,54.0,57.0,55.0,58.0,62.0,55.0,62.0,0.0,0.0,0,0,0,0.0,57.0,53.0,0.0,0,0,0,0
0,0.0,0.0,0.0,0.0,0.0,53.0,60.0,65.0,59.0,67.0,67.0,63.0,0.0,0.0,0,0,0,0.0,50.0,47.0,0.0,0,0,0,0
0,0.0,0.0,0.0,0.0,0.0,53.0,58.0,62.0,59.0,65.0,58.0,54.0,0.0,0.0,0,0,0,0.0,56.0,56.0,0.0,0,0,0,0
0,0.0,0.0,20.0,0.0,3.0,88.0,64.0,76.0,66.0,75.0,85.0,80.0,0.0,0.0,0,0,0,0.0,65.0,61.0,0.0,0,0,0,0
0,0.0,0.0,1.0,0.0,0.0,65.0,69.0,72.0,72.0,64.0,64.0,66.0,0.0,0.0,0,0,0,0.0,55.0,52.0,0.0,0,0,0,0
0,0.0,0.0,12.0,0.0,0.0,65.0,69.0,72.0,72.0,64.0,64.0,66.0,0.0,0.0,0,0,0,0.0,55.0,52.0,0.0,0,0,0,0
0,0.0,0.0,0.0,0.0,0.0,60.0,70.0,75.0,73.0,65.0,50.0,67.0,0.0,0.0,0,0,0,0.0,47.0,51.0,0.0,0,0,0,0
0,0.0,0.0,18.0,0.0,0.0,85.0,76.0,80.0,75.0,65.0,78.0,83.0,0.0,0.0,0,0,0,0.0,59.0,53.0,0.0,0,0,0,0
0,0.0,0.0,10.0,0.0,0.0,81.0,56.0,54.0,59.0,78.0,82.0,60.0,0.0,0.0,0,0,0,0.0,80.0,76.0,0.0,0,0,0,0
0,0.0,0.0,0.0,0.0,0.0,73.0,71.0,75.0,75.0,65.0,62.0,74.0,0.0,0.0,0,0,0,0.0,57.0,52.0,0.0,0,0,0,0
0,0.0,0.0,1.0,0.0,0.0,63.0,64.0,66.0,64.0,65.0,69.0,68.0,0.0,0.0,0,0,0,0.0,49.0,52.0,0.0,0,0,0,0
0,0.0,0.0,0.0,0.0,0.0,90.0,75.0,85.0,76.0,73.0,82.0,81.0,0.0,0.0,0,0,0,0.0,60.0,57.0,0.0,0,0,0,0
0,0.0,0.0,51.0,1.0,1.0,84.0,82.0,85.0,81.0,67.0,72.0,84.0,0.0,0.0,0,0,0,0.0,54.0,48.0,0.0,0,0,0,0
0,0.0,0.0,2.0,0.0,0.0,71.0,67.0,72.0,66.0,70.0,63.0,72.0,0.0,0.0,0,0,0,0.0,58.0,50.0,0.0,0,0,0,0
0,0.0,0.0,26.0,0.0,0.0,85.0,57.0,62.0,57.0,80.0,83.0,71.0,0.0,0.0,0,0,0,0.0,75.0,70.0,0.0,0,0,0,0
0,0.0,0.0,8.0,0.0,0.0,75.0,76.0,79.0,73.0,68.0,68.0,74.0,0.0,0.0,0,0,0,0.0,53.0,50.0,0.0,0,0,0,0
0,0.0,0.0,0.0,0.0,0.0,68.0,62.0,65.0,60.0,72.0,70.0,64.0,0.0,0.0,0,0,0,0.0,62.0,59.0,0.0,0,0,0,0
0,0.0,0.0,95.0,6.0,14.0,98.0,82.0,90.0,80.0,71.0,91.0,90.0,0.0,0.0,0,0,0,0.0,57.0,55.0,0.0,0,0,0,0
0,0.0,0.0,7.0,0.0,0.0,83.0,70.0,78.0,64.0,75.0,74.0,70.0,0.0,0.0,0,0,0,0.0,72.0,57.0,0.0,0,0,0,0
0,0.0,0.0,3.0,0.0,0.0,71.0,76.0,85.0,76.0,62.0,62.0,78.0,0.0,0.0,0,0,0,0.0,49.0,46.0,0.0,0,0,0,0
0,0.0,0.0,0.0,0.0,0.0,62.0,66.0,71.0,62.0,56.0,55.0,68.0,0.0,0.0,0,0,0,0.0,61.0,47.0,0.0,0,0,0,0
0,0.0,0.0,33.0,0.0,0.0,89.0,82.0,87.0,87.0,73.0,74.0,79.0,0.0,0.0,0,0,0,0.0,57.0,55.0,0.0,0,0,0,0
0,0.0,0.0,17.0,0.0,0.0,70.0,77.0,80.0,73.0,70.0,55.0,67.0,0.0,0.0,0,0,0,0.0,56.0,52.0,0.0,0,0,0,0
0,0.0,0.0,0.0,0.0,0.0,64.0,64.0,73.0,67.0,68.0,67.0,64.0,0.0,0.0,0,0,0,0.0,54.0,50.0,0.0,0,0,0,0
0,0.0,0.0,0.0,0.0,0.0,75.0,68.0,73.0,67.0,71.0,72.0,71.0,0.0,0.0,0,0,0,0.0,59.0,55.0,0.0,0,0,0,0
0,0.0,0.0,2.0,0.0,0.0,58.0,65.0,68.0,58.0,62.0,58.0,64.0,0.0,0.0,0,0,0,0.0,54.0,50.0,0.0,0,0,0,0
0,0.0,0.0,17.0,0.0,0.0,86.0,68.0,70.0,65.0,75.0,80.0,80.0,0.0,0.0,0,0,0,0.0,65.0,62.0,0.0,0,0,0,0
0,0.0,0.0,19.0,0.0,0.0,85.0,77.0,85.0,79.0,72.0,70.0,84.0,0.0,0.0,0,0,0,0.0,56.0,55.0,0.0,0,0,0,0
0,0.0,0.0,40.0,0.0,0.0,79.0,87.0,88.0,85.0,70.0,59.0,77.0,0.0,0.0,0,0,0,0.0,52.0,46.0,0.0,0,0,0,0
0,0.0,0.0,0.0,0.0,0.0,84.0,82.0,85.0,82.0,64.0,70.0,84.0,0.0,0.0,0,0,0,0.0,55.0,53.0,0.0,0,0,0,0
0,0.0,0.0,17.0,0.0,0.0,83.0,68.0,72.0,65.0,72.0,80.0,73.0,0.0,0.0,0,0,0,0.0,67.0,67.0,0.0,0,0,0,0
0,0.0,0.0,48.0,1.0,4.0,95.0,85.0,91.0,85.0,74.0,80.0,88.0,0.0,0.0,0,0,0,0.0,54.0,50.0,0.0,0,0,0,0
0,0.0,0.0,0.0,0.0,0.0,70.0,70.0,72.0,69.0,65.0,62.0,70.0,0.0,0.0,0,0,0,0.0,58.0,56.0,0.0,0,0,0,0
0,0.0,0.0,23.0,0.0,0.0,69.0,74.0,77.0,72.0,65.0,55.0,75.0,0.0,0.0,0,0,0,0.0,52.0,48.0,0.0,0,0,0,0
0,0.0,0.0,12.0,0.0,0.0,84.0,65.0,72.0,65.0,76.0,75.0,75.0,0.0,0.0,0,0,0,0.0,67.0,63.0,0.0,0,0,0,0
0,0.0,0.0,13.0,0.0,0.0,78.0,78.0,82.0,75.0,65.0,69.0,75.0,0.0,0.0,0,0,0,0.0,57.0,54.0,0.0,0,0,0,0
0,0.0,0.0,0.0,0.0,0.0,78.0,78.0,82.0,75.0,65.0,69.0,75.0,0.0,0.0,0,0,0,0.0,57.0,54.0,0.0,0,0,0,0
0,0.0,0.0,0.0,0.0,0.0,53.0,50.0,49.0,45.0,73.0,47.0,56.0,0.0,0.0,0,0,0,0.0,64.0,55.0,0.0,0,0,0,0
0,0.0,0.0,2.0,0.0,0.0,81.0,84.0,87.0,85.0,65.0,65.0,80.0,0.0,0.0,0,0,0,0.0,54.0,50.0,0.0,0,0,0,0
0,0.0,0.0,11.0,0.0,0.0,81.0,74.0,78.0,71.0,70.0,72.0,80.0,0.0,0.0,0,0,0,0.0,59.0,53.0,0.0,0,0,0,0
0,0.0,0.0,9.0,0.0,0.0,74.0,59.0,61.0,59.0,72.0,75.0,70.0,0.0,0.0,0,0,0,0.0,65.0,63.0,0.0,0,0,0,0
0,0.0,0.0,21.0,0.0,0.0,82.0,78.0,84.0,78.0,69.0,70.0,78.0,0.0,0.0,0,0,0,0.0,58.0,52.0,0.0,0,0,0,0
0,0.0,0.0,0.0,0.0,0.0,80.0,65.0,70.0,63.0,69.0,77.0,76.0,0.0,0.0,0,0,0,0.0,63.0,64.0,0.0,0,0,0,0
0,0.0,0.0,0.0,0.0,1.0,69.0,60.0,64.0,62.0,67.0,70.0,65.0,0.0,0.0,0,0,0,0.0,65.0,64.0,0.0,0,0,0,0
0,0.0,0.0,19.0,0.0,0.0,71.0,57.0,60.0,58.0,69.0,77.0,69.0,0.0,0.0,0,0,0,0.0,63.0,64.0,0.0,0,0,0,0
0,0.0,0.0,5.0,0.0,0.0,71.0,57.0,62.0,56.0,73.0,64.0,68.0,0.0,0.0,0,0,0,0.0,67.0,64.0,0.0,0,0,0,0
0,0.0,0.0,0.0,0.0,0.0,81.0,78.0,82.0,76.0,72.0,66.0,77.0,0.0,0.0,0,0,0,0.0,58.0,54.0,0.0,0,0,0,0
0,0.0,0.0,0.0,0.0,0.0,66.0,79.0,84.0,74.0,62.0,64.0,72.0,0.0,0.0,0,0,0,0.0,45.0,40.0,0.0,0,0,0,0
0,0.0,0.0,43.0,1.0,1.0,66.0,79.0,84.0,74.0,62.0,64.0,72.0,0.0,0.0,0,0,0,0.0,45.0,40.0,0.0,0,0,0,0
0,0.0,0.0,8.0,0.0,0.0,64.0,73.0,76.0,66.0,69.0,59.0,67.0,0.0,0.0,0,0,0,0.0,52.0,49.0,0.0,0,0,0,0
0,0.0,0.0,19.0,0.0,0.0,75.0,64.0,75.0,66.0,69.0,70.0,73.0,0.0,0.0,0,0,0,0.0,60.0,58.0,0.0,0,0,0,0
0,0.0,0.0,3.0,0.0,0.0,75.0,64.0,75.0,66.0,69.0,70.0,73.0,0.0,0.0,0,0,0,0.0,60.0,58.0,0.0,0,0,0,0
0,0.0,0.0,3.0,0.0,0.0,66.0,71.0,70.0,64.0,64.0,57.0,70.0,0.0,0.0,0,0,0,0.0,56.0,50.0,0.0,0,0,0,0
0,0.0,0.0,15.0,0.0,0.0,82.0,67.0,69.0,63.0,73.0,77.0,78.0,0.0,0.0,0,0,0,0.0,63.0,59.0,0.0,0,0,0,0
0,0.0,0.0,18.0,0.0,0.0,78.0,73.0,81.0,72.0,72.0,60.0,76.0,0.0,0.0,0,0,0,0.0,58.0,58.0,0.0,0,0,0,0
0,0.0,0.0,2.0,0.0,0.0,64.0,69.0,70.0,62.0,60.0,62.0,68.0,0.0,0.0,0,0,0,0.0,56.0,45.0,0.0,0,0,0,0
0,0.0,0.0,8.0,0.0,0.0,78.0,67.0,74.0,63.0,80.0,70.0,72.0,0.0,0.0,0,0,0,0.0,59.0,59.0,0.0,0,0,0,0
0,0.0,0.0,0.0,0.0,0.0,70.0,57.0,55.0,55.0,71.0,67.0,72.0,0.0,0.0,0,0,0,0.0,63.0,62.0,0.0,0,0,0,0
0,0.0,0.0,35.0,0.0,1.0,78.0,65.0,72.0,60.0,70.0,80.0,72.0,0.0,0.0,0,0,0,0.0,62.0,59.0,0.0,0,0,0,0
0,0.0,0.0,25.0,0.0,0.0,77.0,69.0,74.0,68.0,72.0,71.0,73.0,0.0,0.0,0,0,0,0.0,60.0,60.0,0.0,0,0,0,0
0,0.0,0.0,18.0,0.0,1.0,76.0,61.0,65.0,62.0,73.0,80.0,74.0,0.0,0.0,0,0,0,0.0,61.0,60.0,0.0,0,0,0,0
0,0.0,0.0,15.0,0.0,0.0,87.0,69.0,78.0,70.0,78.0,74.0,75.0,0.0,0.0,0,0,0,0.0,68.0,62.0,0.0,0,0,0,0
0,0.0,0.0,8.0,0.0,0.0,80.0,80.0,85.0,80.0,71.0,59.0,82.0,0.0,0.0,0,0,0,0.0,54.0,48.0,0.0,0,0,0,0
0,0.0,0.0,3.0,0.0,0.0,66.0,66.0,72.0,66.0,65.0,62.0,72.0,0.0,0.0,0,0,0,0.0,52.0,51.0,0.0,0,0,0,0
0,0.0,0.0,0.0,0.0,0.0,71.0,63.0,65.0,62.0,70.0,75.0,65.0,0.0,0.0,0,0,0,0.0,63.0,59.0,0.0,0,0,0,0
0,0.0,0.0,0.0,0.0,0.0,70.0,55.0,58.0,57.0,77.0,70.0,67.0,0.0,0.0,0,0,0,0.0,65.0,65.0,0.0,0,0,0,0
0,0.0,0.0,34.0,0.0,2.0,69.0,71.0,75.0,73.0,66.0,59.0,78.0,0.0,0.0,0,0,0,0.0,50.0,45.0,0.0,0,0,0,0
0,0.0,0.0,9.0,0.0,0.0,61.0,71.0,73.0,60.0,60.0,63.0,70.0,0.0,0.0,0,0,0,0.0,49.0,48.0,0.0,0,0,0,0
0,0.0,0.0,0.0,0.0,0.0,65.0,69.0,72.0,67.0,66.0,55.0,67.0,0.0,0.0,0,0,0,0.0,59.0,54.0,0.0,0,0,0,0
0,0.0,0.0,0.0,0.0,0.0,59.0,72.0,74.0,69.0,63.0,45.0,68.0,0.0,0.0,0,0,0,0.0,50.0,52.0,0.0,0,0,0,0
0,0.0,0.0,41.0,0.0,4.0,93.0,86.0,86.0,84.0,72.0,80.0,85.0,0.0,0.0,0,0,0,0.0,59.0,54.0,0.0,0,0,0,0
0,0.0,0.0,0.0,0.0,0.0,73.0,56.0,72.0,55.0,86.0,60.0,57.0,0.0,0.0,0,0,0,0.0,79.0,82.0,0.0,0,0,0,0
0,0.0,0.0,0.0,0.0,0.0,62.0,70.0,69.0,65.0,67.0,61.0,71.0,0.0,0.0,0,0,0,0.0,46.0,48.0,0.0,0,0,0,0
0,0.0,0.0,0.0,0.0,0.0,58.0,57.0,61.0,60.0,71.0,60.0,55.0,0.0,0.0,0,0,0,0.0,60.0,58.0,0.0,0,0,0,0
0,0.0,0.0,43.0,0.0,2.0,94.0,79.0,86.0,81.0,70.0,86.0,88.0,0.0,0.0,0,0,0,0.0,60.0,55.0,0.0,0,0,0,0
0,0.0,0.0,29.0,0.0,0.0,72.0,65.0,68.0,62.0,72.0,67.0,73.0,0.0,0.0,0,0,0,0.0,59.0,55.0,0.0,0,0,0,0
0,0.0,0.0,0.0,0.0,0.0,72.0,65.0,68.0,62.0,72.0,67.0,73.0,0.0,0.0,0,0,0,0.0,59.0,55.0,0.0,0,0,0,0
0,0.0,0.0,5.0,0.0,0.0,72.0,65.0,68.0,62.0,72.0,67.0,73.0,0.0,0.0,0,0,0,0.0,59.0,55.0,0.0,0,0,0,0
0,0.0,0.0,0.0,0.0,0.0,66.0,68.0,73.0,66.0,71.0,64.0,72.0,0.0,0.0,0,0,0,0.0,49.0,51.0,0.0,0,0,0,0
0,0.0,0.0,0.0,0.0,0.0,78.0,66.0,72.0,65.0,67.0,78.0,76.0,0.0,0.0,0,0,0,0.0,62.0,60.0,0.0,0,0,0,0
0,0.0,0.0,0.0,0.0,0.0,78.0,66.0,72.0,65.0,67.0,78.0,76.0,0.0,0.0,0,0,0,0.0,62.0,60.0,0.0,0,0,0,0
0,0.0,0.0,0.0,0.0,0.0,75.0,74.0,78.0,80.0,64.0,50.0,75.0,0.0,0.0,0,0,0,0.0,61.0,57.0,0.0,0,0,0,0
0,0.0,0.0,1.0,0.0,0.0,68.0,71.0,77.0,75.0,64.0,56.0,80.0,0.0,0.0,0,0,0,0.0,48.0,44.0,0.0,0,0,0,0
0,0.0,0.0,0.0,0.0,0.0,68.0,62.0,70.0,57.0,66.0,69.0,66.0,0.0,0.0,0,0,0,0.0,63.0,61.0,0.0,0,0,0,0
0,0.0,0.0,26.0,0.0,0.0,81.0,65.0,71.0,64.0,75.0,80.0,72.0,0.0,0.0,0,0,0,0.0,63.0,62.0,0.0,0,0,0,0
0,0.0,0.0,11.0,0.0,0.0,76.0,73.0,75.0,69.0,68.0,67.0,72.0,0.0,0.0,0,0,0,0.0,61.0,61.0,0.0,0,0,0,0
0,0.0,0.0,1.0,0.0,0.0,69.0,65.0,66.0,62.0,70.0,54.0,67.0,0.0,0.0,0,0,0,0.0,66.0,60.0,0.0,0,0,0,0
0,0.0,0.0,27.0,0.0,0.0,80.0,76.0,77.0,76.0,65.0,77.0,80.0,0.0,0.0,0,0,0,0.0,55.0,52.0,0.0,0,0,0,0
0,0.0,0.0,2.0,0.0,0.0,74.0,71.0,74.0,73.0,73.0,67.0,74.0,0.0,0.0,0,0,0,0.0,56.0,55.0,0.0,0,0,0,0
0,0.0,0.0,0.0,0.0,0.0,60.0,68.0,72.0,67.0,64.0,59.0,65.0,0.0,0.0,0,0,0,0.0,50.0,49.0,0.0,0,0,0,0
0,0.0,0.0,3.0,0.0,0.0,60.0,68.0,72.0,67.0,64.0,59.0,65.0,0.0,0.0,0,0,0,0.0,50.0,49.0,0.0,0,0,0,0
0,0.0,0.0,12.0,0.0,0.0,77.0,66.0,70.0,65.0,74.0,73.0,76.0,0.0,0.0,0,0,0,0.0,58.0,56.0,0.0,0,0,0,0
0,0.0,0.0,11.0,0.0,0.0,75.0,80.0,77.0,67.0,69.0,66.0,70.0,0.0,0.0,0,0,0,0.0,59.0,55.0,0.0,0,0,0,0
0,0.0,0.0,0.0,0.0,0.0,74.0,70.0,72.0,66.0,69.0,68.0,72.0,0.0,0.0,0,0,0,0.0,57.0,58.0,0.0,0,0,0,0
0,0.0,0.0,5.0,0.0,0.0,74.0,70.0,72.0,66.0,69.0,68.0,72.0,0.0,0.0,0,0,0,0.0,57.0,58.0,0.0,0,0,0,0
0,0.0,0.0,63.0,3.0,5.0,85.0,86.0,90.0,88.0,70.0,50.0,84.0,0.0,0.0,0,0,0,0.0,56.0,52.0,0.0,0,0,0,0
0,0.0,0.0,37.0,0.0,1.0,85.0,86.0,90.0,88.0,70.0,50.0,84.0,0.0,0.0,0,0,0,0.0,56.0,52.0,0.0,0,0,0,0
0,0.0,0.0,11.0,0.0,0.0,77.0,69.0,73.0,69.0,73.0,75.0,72.0,0.0,0.0,0,0,0,0.0,59.0,55.0,0.0,0,0,0,0
0,0.0,0.0,6.0,0.0,0.0,73.0,66.0,70.0,70.0,67.0,73.0,72.0,0.0,0.0,0,0,0,0.0,57.0,58.0,0.0,0,0,0,0
0,0.0,0.0,80.0,2.0,11.0,92.0,81.0,84.0,80.0,74.0,77.0,85.0,0.0,0.0,0,0,0,0.0,61.0,53.0,0.0,0,0,0,0
0,0.0,0.0,7.0,0.0,0.0,81.0,68.0,73.0,65.0,73.0,76.0,76.0,0.0,0.0,0,0,0,0.0,64.0,60.0,0.0,0,0,0,0
0,0.0,0.0,4.0,0.0,0.0,76.0,70.0,75.0,72.0,69.0,73.0,72.0,0.0,0.0,0,0,0,0.0,60.0,50.0,0.0,0,0,0,0
0,0.0,0.0,12.0,0.0,0.0,82.0,74.0,78.0,72.0,71.0,74.0,76.0,0.0,0.0,0,0,0,0.0,62.0,57.0,0.0,0,0,0,0
0,0.0,0.0,1.0,0.0,0.0,75.0,64.0,65.0,60.0,72.0,72.0,66.0,0.0,0.0,0,0,0,0.0,67.0,69.0,0.0,0,0,0,0
0,0.0,0.0,20.0,0.0,1.0,73.0,68.0,67.0,64.0,65.0,72.0,74.0,0.0,0.0,0,0,0,0.0,57.0,55.0,0.0,0,0,0,0
0,0.0,0.0,0.0,0.0,0.0,85.0,74.0,80.0,75.0,70.0,82.0,78.0,0.0,0.0,0,0,0,0.0,58.0,54.0,0.0,0,0,0,0
0,0.0,0.0,0.0,0.0,0.0,70.0,72.0,70.0,65.0,63.0,69.0,74.0,0.0,0.0,0,0,0,0.0,54.0,50.0,0.0,0,0,0,0
0,0.0,0.0,0.0,0.0,0.0,83.0,65.0,68.0,62.0,69.0,85.0,78.0,0.0,0.0,0,0,0,0.0,63.0,64.0,0.0,0,0,0,0
0,0.0,0.0,14.0,0.0,0.0,78.0,80.0,84.0,77.0,67.0,79.0,77.0,0.0,0.0,0,0,0,0.0,50.0,49.0,0.0,0,0,0,0
0,0.0,0.0,25.0,0.0,0.0,77.0,69.0,74.0,68.0,72.0,71.0,73.0,0.0,0.0,0,0,0,0.0,60.0,60.0,0.0,0,0,0,0
0,0.0,0.0,17.0,0.0,1.0,76.0,73.0,74.0,68.0,64.0,75.0,76.0,0.0,0.0,0,0,0,0.0,55.0,54.0,0.0,0,0,0,0
0,0.0,0.0,10.0,0.0,0.0,73.0,65.0,72.0,63.0,73.0,67.0,64.0,0.0,0.0,0,0,0,0.0,66.0,63.0,0.0,0,0,0,0
0,0.0,0.0,19.0,0.0,0.0,71.0,57.0,60.0,58.0,69.0,77.0,69.0,0.0,0.0,0,0,0,0.0,63.0,64.0,0.0,0,0,0,0
0,0.0,0.0,0.0,0.0,0.0,70.0,57.0,55.0,55.0,71.0,67.0,72.0,0.0,0.0,0,0,0,0.0,63.0,62.0,0.0,0,0,0,0
0,0.0,0.0,0.0,0.0,0.0,70.0,55.0,58.0,57.0,77.0,70.0,67.0,0.0,0.0,0,0,0,0.0,65.0,65.0,0.0,0,0,0,0
0,0.0,0.0,0.0,0.0,0.0,70.0,70.0,72.0,69.0,65.0,62.0,70.0,0.0,0.0,0,0,0,0.0,58.0,56.0,0.0,0,0,0,0
0,0.0,0.0,0.0,0.0,0.0,66.0,70.0,66.0,61.0,63.0,64.0,69.0,0.0,0.0,0,0,0,0.0,56.0,53.0,0.0,0,0,0,0
0,0.0,0.0,0.0,0.0,0.0,64.0,70.0,72.0,68.0,64.0,56.0,67.0,0.0,0.0,0,0,0,0.0,55.0,52.0,0.0,0,0,0,0
0,0.0,0.0,0.0,0.0,0.0,64.0,64.0,73.0,67.0,68.0,67.0,64.0,0.0,0.0,0,0,0,0.0,54.0,50.0,0.0,0,0,0,0
0,0.0,0.0,0.0,0.0,0.0,63.0,60.0,61.0,60.0,66.0,59.0,60.0,0.0,0.0,0,0,0,0.0,64.0,60.0,0.0,0,0,0,0
0,0.0,0.0,0.0,0.0,0.0,62.0,53.0,50.0,53.0,75.0,47.0,60.0,0.0,0.0,0,0,0,0.0,69.0,68.0,0.0,0,0,0,0
0,0.0,0.0,20.0,0.0,3.0,87.0,64.0,68.0,63.0,78.0,85.0,80.0,0.0,0.0,0,0,0,0.0,66.0,60.0,0.0,0,0,0,0
0,0.0,0.0,0.0,0.0,0.0,70.0,72.0,71.0,63.0,68.0,64.0,68.0,0.0,0.0,0,0,0,0.0,58.0,60.0,0.0,0,0,0,0
0,0.0,0.0,1.0,0.0,0.0,68.0,69.0,72.0,72.0,65.0,66.0,67.0,0.0,0.0,0,0,0,0.0,56.0,54.0,0.0,0,0,0,0
0,0.0,0.0,12.0,0.0,0.0,68.0,69.0,72.0,72.0,65.0,66.0,67.0,0.0,0.0,0,0,0,0.0,56.0,54.0,0.0,0,0,0,0
0,0.0,0.0,10.0,0.0,0.0,82.0,56.0,54.0,59.0,80.0,83.0,60.0,0.0,0.0,0,0,0,0.0,81.0,76.0,0.0,0,0,0,0
0,0.0,0.0,18.0,0.0,0.0,81.0,76.0,80.0,75.0,65.0,74.0,83.0,0.0,0.0,0,0,0,0.0,54.0,50.0,0.0,0,0,0,0
0,0.0,0.0,0.0,0.0,0.0,60.0,66.0,68.0,62.0,64.0,55.0,60.0,0.0,0.0,0,0,0,0.0,59.0,57.0,0.0,0,0,0,0
0,0.0,0.0,0.0,0.0,0.0,53.0,50.0,49.0,45.0,73.0,47.0,56.0,0.0,0.0,0,0,0,0.0,64.0,55.0,0.0,0,0,0,0
0,0.0,0.0,51.0,1.0,1.0,86.0,85.0,87.0,81.0,67.0,75.0,85.0,0.0,0.0,0,0,0,0.0,54.0,48.0,0.0,0,0,0,0
0,0.0,0.0,2.0,0.0,0.0,74.0,68.0,73.0,68.0,72.0,66.0,72.0,0.0,0.0,0,0,0,0.0,59.0,55.0,0.0,0,0,0,0
0,0.0,0.0,26.0,0.0,0.0,86.0,59.0,62.0,57.0,82.0,85.0,70.0,0.0,0.0,0,0,0,0.0,75.0,70.0,0.0,0,0,0,0
0,0.0,0.0,8.0,0.0,0.0,75.0,76.0,79.0,73.0,68.0,68.0,74.0,0.0,0.0,0,0,0,0.0,53.0,50.0,0.0,0,0,0,0
0,0.0,0.0,0.0,0.0,0.0,68.0,62.0,65.0,60.0,72.0,70.0,64.0,0.0,0.0,0,0,0,0.0,62.0,59.0,0.0,0,0,0,0
0,0.0,0.0,95.0,6.0,14.0,98.0,86.0,90.0,80.0,71.0,91.0,91.0,0.0,0.0,0,0,0,0.0,57.0,52.0,0.0,0,0,0,0
0,0.0,0.0,7.0,0.0,0.0,83.0,70.0,78.0,64.0,75.0,74.0,70.0,0.0,0.0,0,0,0,0.0,72.0,57.0,0.0,0,0,0,0
0,0.0,0.0,3.0,0.0,0.0,74.0,77.0,85.0,76.0,63.0,68.0,79.0,0.0,0.0,0,0,0,0.0,50.0,47.0,0.0,0,0,0,0
0,0.0,0.0,33.0,0.0,0.0,90.0,82.0,87.0,87.0,73.0,74.0,82.0,0.0,0.0,0,0,0,0.0,57.0,55.0,0.0,0,0,0,0
0,0.0,0.0,17.0,0.0,0.0,73.0,77.0,80.0,73.0,70.0,62.0,69.0,0.0,0.0,0,0,0,0.0,56.0,52.0,0.0,0,0,0,0
0,0.0,0.0,2.0,0.0,0.0,54.0,50.0,48.0,54.0,67.0,46.0,62.0,0.0,0.0,0,0,0,0.0,62.0,64.0,0.0,0,0,0,0
0,0.0,0.0,0.0,0.0,0.0,86.0,75.0,77.0,75.0,72.0,78.0,86.0,0.0,0.0,0,0,0,0.0,55.0,52.0,0.0,0,0,0,0
0,0.0,0.0,2.0,0.0,0.0,67.0,67.0,72.0,66.0,68.0,58.0,68.0,0.0,0.0,0,0,0,0.0,58.0,50.0,0.0,0,0,0,0
0,0.0,0.0,17.0,0.0,0.0,86.0,68.0,70.0,65.0,75.0,80.0,80.0,0.0,0.0,0,0,0,0.0,65.0,62.0,0.0,0,0,0,0
0,0.0,0.0,19.0,0.0,0.0,86.0,82.0,86.0,79.0,73.0,71.0,80.0,0.0,0.0,0,0,0,0.0,58.0,54.0,0.0,0,0,0,0
0,0.0,0.0,40.0,0.0,0.0,79.0,86.0,88.0,85.0,70.0,59.0,77.0,0.0,0.0,0,0,0,0.0,52.0,46.0,0.0,0,0,0,0
0,0.0,0.0,17.0,0.0,0.0,83.0,68.0,72.0,65.0,72.0,80.0,73.0,0.0,0.0,0,0,0,0.0,67.0,67.0,0.0,0,0,0,0
0,0.0,0.0,0.0,0.0,0.0,81.0,82.0,85.0,82.0,64.0,73.0,83.0,0.0,0.0,0,0,0,0.0,50.0,50.0,0.0,0,0,0,0
0,0.0,0.0,3.0,0.0,0.0,77.0,70.0,75.0,69.0,68.0,68.0,75.0,0.0,0.0,0,0,0,0.0,60.0,51.0,0.0,0,0,0,0
0,0.0,0.0,48.0,1.0,4.0,93.0,84.0,89.0,83.0,74.0,80.0,86.0,0.0,0.0,0,0,0,0.0,54.0,50.0,0.0,0,0,0,0
0,0.0,0.0,23.0,0.0,0.0,69.0,74.0,77.0,72.0,65.0,55.0,75.0,0.0,0.0,0,0,0,0.0,52.0,48.0,0.0,0,0,0,0
0,0.0,0.0,0.0,0.0,0.0,62.0,58.0,62.0,60.0,75.0,53.0,61.0,0.0,0.0,0,0,0,0.0,62.0,54.0,0.0,0,0,0,0
0,0.0,0.0,11.0,0.0,0.0,84.0,76.0,79.0,78.0,68.0,77.0,82.0,0.0,0.0,0,0,0,0.0,58.0,52.0,0.0,0,0,0,0
0,0.0,0.0,13.0,0.0,0.0,78.0,78.0,82.0,75.0,65.0,69.0,75.0,0.0,0.0,0,0,0,0.0,57.0,54.0,0.0,0,0,0,0
0,0.0,0.0,0.0,0.0,0.0,78.0,78.0,82.0,75.0,65.0,69.0,75.0,0.0,0.0,0,0,0,0.0,57.0,54.0,0.0,0,0,0,0
0,0.0,0.0,0.0,0.0,0.0,53.0,50.0,49.0,45.0,73.0,47.0,56.0,0.0,0.0,0,0,0,0.0,64.0,55.0,0.0,0,0,0,0
0,0.0,0.0,2.0,0.0,0.0,81.0,84.0,87.0,85.0,65.0,65.0,80.0,0.0,0.0,0,0,0,0.0,54.0,50.0,0.0,0,0,0,0
0,0.0,0.0,6.0,0.0,0.0,79.0,79.0,83.0,76.0,66.0,66.0,75.0,0.0,0.0,0,0,0,0.0,59.0,52.0,0.0,0,0,0,0
0,0.0,0.0,21.0,0.0,0.0,86.0,80.0,84.0,78.0,69.0,75.0,81.0,0.0,0.0,0,0,0,0.0,58.0,52.0,0.0,0,0,0,0
0,0.0,0.0,0.0,0.0,1.0,69.0,60.0,64.0,62.0,67.0,70.0,65.0,0.0,0.0,0,0,0,0.0,65.0,64.0,0.0,0,0,0,0
0,0.0,0.0,1.0,0.0,0.0,62.0,74.0,72.0,73.0,62.0,64.0,68.0,0.0,0.0,0,0,0,0.0,45.0,49.0,0.0,0,0,0,0
0,0.0,0.0,45.0,0.0,2.0,81.0,76.0,80.0,82.0,69.0,55.0,85.0,0.0,0.0,0,0,0,0.0,57.0,53.0,0.0,0,0,0,0
0,0.0,0.0,5.0,0.0,0.0,75.0,62.0,64.0,62.0,73.0,70.0,68.0,0.0,0.0,0,0,0,0.0,67.0,64.0,0.0,0,0,0,0
0,0.0,0.0,0.0,0.0,0.0,71.0,63.0,65.0,62.0,70.0,75.0,65.0,0.0,0.0,0,0,0,0.0,63.0,59.0,0.0,0,0,0,0
0,0.0,0.0,0.0,0.0,0.0,96.0,87.0,89.0,85.0,76.0,81.0,87.0,0.0,0.0,0,0,0,0.0,58.0,54.0,0.0,0,0,0,0
0,0.0,0.0,8.0,0.0,0.0,71.0,73.0,76.0,69.0,69.0,67.0,71.0,0.0,0.0,0,0,0,0.0,55.0,52.0,0.0,0,0,0,0
0,0.0,0.0,19.0,0.0,0.0,88.0,74.0,79.0,76.0,69.0,83.0,87.0,0.0,0.0,0,0,0,0.0,58.0,54.0,0.0,0,0,0,0
0,0.0,0.0,3.0,0.0,0.0,88.0,74.0,79.0,76.0,69.0,83.0,87.0,0.0,0.0,0,0,0,0.0,58.0,54.0,0.0,0,0,0,0
0,0.0,0.0,3.0,0.0,0.0,69.0,71.0,72.0,67.0,66.0,64.0,71.0,0.0,0.0,0,0,0,0.0,56.0,50.0,0.0,0,0,0,0
0,0.0,0.0,15.0,0.0,0.0,82.0,67.0,69.0,63.0,73.0,77.0,78.0,0.0,0.0,0,0,0,0.0,63.0,59.0,0.0,0,0,0,0
0,0.0,0.0,18.0,0.0,0.0,80.0,76.0,82.0,74.0,73.0,64.0,76.0,0.0,0.0,0,0,0,0.0,58.0,58.0,0.0,0,0,0,0
0,0.0,0.0,2.0,0.0,0.0,64.0,69.0,70.0,62.0,60.0,62.0,68.0,0.0,0.0,0,0,0,0.0,56.0,45.0,0.0,0,0,0,0
0,0.0,0.0,8.0,0.0,0.0,78.0,67.0,74.0,63.0,80.0,70.0,72.0,0.0,0.0,0,0,0,0.0,59.0,59.0,0.0,0,0,0,0
0,0.0,0.0,9.0,0.0,0.0,74.0,59.0,61.0,59.0,72.0,75.0,70.0,0.0,0.0,0,0,0,0.0,65.0,63.0,0.0,0,0,0,0
0,0.0,0.0,13.0,0.0,0.0,61.0,77.0,75.0,76.0,66.0,50.0,64.0,0.0,0.0,0,0,0,0.0,50.0,42.0,0.0,0,0,0,0
0,0.0,0.0,12.0,0.0,0.0,83.0,63.0,68.0,62.0,79.0,78.0,69.0,0.0,0.0,0,0,0,0.0,72.0,65.0,0.0,0,0,0,0
0,0.0,0.0,98.0,0.0,3.0,76.0,73.0,75.0,78.0,68.0,60.0,80.0,0.0,0.0,0,0,0,0.0,55.0,52.0,0.0,0,0,0,0
0,0.0,0.0,11.0,0.0,3.0,76.0,73.0,75.0,78.0,68.0,60.0,80.0,0.0,0.0,0,0,0,0.0,55.0,52.0,0.0,0,0,0,0
0,0.0,0.0,18.0,0.0,1.0,76.0,61.0,65.0,62.0,73.0,80.0,74.0,0.0,0.0,0,0,0,0.0,61.0,60.0,0.0,0,0,0,0
0,0.0,0.0,15.0,0.0,0.0,85.0,70.0,74.0,69.0,78.0,80.0,75.0,0.0,0.0,0,0,0,0.0,63.0,59.0,0.0,0,0,0,0
0,0.0,0.0,8.0,0.0,0.0,83.0,81.0,85.0,83.0,72.0,64.0,82.0,0.0,0.0,0,0,0,0.0,54.0,48.0,0.0,0,0,0,0
0,0.0,0.0,20.0,0.0,0.0,66.0,74.0,77.0,75.0,63.0,52.0,72.0,0.0,0.0,0,0,0,0.0,52.0,48.0,0.0,0,0,0,0
0,0.0,0.0,34.0,0.0,2.0,79.0,76.0,77.0,76.0,68.0,70.0,85.0,0.0,0.0,0,0,0,0.0,50.0,45.0,0.0,0,0,0,0
0,0.0,0.0,9.0,0.0,0.0,76.0,72.0,73.0,70.0,70.0,70.0,74.0,0.0,0.0,0,0,0,0.0,58.0,54.0,0.0,0,0,0,0
0,0.0,0.0,0.0,0.0,0.0,62.0,66.0,71.0,62.0,56.0,55.0,68.0,0.0,0.0,0,0,0,0.0,61.0,47.0,0.0,0,0,0,0
0,0.0,0.0,6.0,0.0,0.0,78.0,82.0,83.0,80.0,68.0,55.0,79.0,75.0,75.0,0,0,0,70.0,59.0,57.0,75.0,0,0,0,0
0,0.0,0.0,0.0,0.0,0.0,76.0,78.0,78.0,82.0,68.0,52.0,75.0,60.0,65.0,0,0,0,65.0,62.0,60.0,70.0,0,0,0,0
0,0.0,0.0,4.0,0.0,0.0,73.0,77.0,74.0,74.0,65.0,66.0,81.0,84.0,77.0,0,0,0,65.0,54.0,52.0,52.0,0,0,0,0
0,0.0,0.0,5.0,0.0,0.0,72.0,62.0,64.0,62.0,78.0,72.0,66.0,48.0,66.0,0,0,0,68.0,70.0,65.0,76.0,0,0,0,0
0,0.0,0.0,2.0,0.0,0.0,68.0,68.0,73.0,68.0,72.0,66.0,75.0,47.0,62.0,0,0,0,69.0,62.0,56.0,68.0,0,0,0,0
0,0.0,0.0,0.0,0.0,0.0,66.0,74.0,82.0,79.0,62.0,59.0,68.0,83.0,66.0,0,0,0,68.0,48.0,46.0,60.0,0,0,0,0
0,0.0,0.0,43.0,0.0,2.0,91.0,82.0,84.0,82.0,66.0,84.0,87.0,88.0,91.0,0,0,0,86.0,58.0,52.0,66.0,0,0,0,0
0,0.0,0.0,0.0,0.0,0.0,76.0,75.0,77.0,73.0,74.0,74.0,77.0,72.0,68.0,0,0,0,77.0,55.0,54.0,74.0,0,0,0,0
0,0.0,0.0,2.0,0.0,0.0,73.0,81.0,84.0,75.0,69.0,72.0,75.0,66.0,67.0,0,0,0,72.0,56.0,52.0,64.0,0,0,0,0
0,0.0,0.0,9.0,0.0,0.0,78.0,76.0,76.0,74.0,70.0,78.0,80.0,60.0,66.0,0,0,0,70.0,58.0,54.0,74.0,0,0,0,0
0,0.0,0.0,2.0,0.0,0.0,72.0,79.0,78.0,74.0,70.0,58.0,78.0,62.0,74.0,0,0,0,75.0,50.0,52.0,65.0,0,0,0,0
0,0.0,0.0,2.0,0.0,0.0,70.0,77.0,78.0,72.0,72.0,52.0,80.0,60.0,72.0,0,0,0,70.0,50.0,50.0,65.0,0,0,0,0
0,0.0,0.0,10.0,0.0,0.0,78.0,76.0,78.0,72.0,76.0,66.0,76.0,52.0,68.0,0,0,0,69.0,62.0,58.0,74.0,0,0,0,0
0,0.0,0.0,14.0,0.0,1.0,75.0,86.0,82.0,76.0,68.0,54.0,82.0,65.0,76.0,0,0,0,65.0,52.0,48.0,65.0,0,0,0,0
0,0.0,0.0,9.0,0.0,0.0,70.0,75.0,72.0,76.0,71.0,62.0,78.0,66.0,70.0,0,0,0,70.0,48.0,52.0,62.0,0,0,0,0
0,0.0,0.0,27.0,0.0,0.0,86.0,79.0,82.0,79.0,68.0,85.0,86.0,85.0,85.0,0,0,0,80.0,60.0,55.0,62.0,0,0,0,0
0,0.0,0.0,60.0,0.0,3.0,85.0,87.0,86.0,85.0,63.0,78.0,85.0,87.0,83.0,0,0,0,85.0,55.0,53.0,55.0,0,0,0,0
0,0.0,0.0,5.0,0.0,0.0,72.0,84.0,80.0,78.0,60.0,55.0,78.0,78.0,77.0,0,0,0,75.0,51.0,49.0,55.0,0,0,0,0
0,0.0,0.0,12.0,0.0,0.0,81.0,72.0,75.0,68.0,76.0,77.0,79.0,66.0,75.0,0,0,0,70.0,60.0,57.0,72.0,0,0,0,0
0,0.0,0.0,0.0,0.0,0.0,81.0,75.0,78.0,75.0,68.0,75.0,83.0,60.0,73.0,0,0,0,70.0,54.0,50.0,75.0,0,0,0,0
0,0.0,0.0,63.0,3.0,5.0,97.0,85.0,85.0,82.0,70.0,84.0,87.0,92.0,94.0,0,0,0,92.0,58.0,53.0,70.0,0,0,0,0
0,0.0,0.0,37.0,0.0,1.0,97.0,85.0,85.0,82.0,70.0,84.0,87.0,92.0,94.0,0,0,0,92.0,58.0,53.0,70.0,0,0,0,0
0,0.0,0.0,11.0,0.0,0.0,79.0,74.0,73.0,69.0,73.0,78.0,82.0,65.0,82.0,0,0,0,65.0,59.0,55.0,74.0,0,0,0,0
0,0.0,0.0,0.0,0.0,0.0,76.0,84.0,84.0,78.0,68.0,55.0,82.0,80.0,80.0,0,0,0,80.0,52.0,48.0,60.0,0,0,0,0
0,0.0,0.0,80.0,2.0,11.0,97.0,84.0,82.0,79.0,74.0,80.0,85.0,82.0,92.0,0,0,0,92.0,59.0,52.0,80.0,0,0,0,0
0,0.0,0.0,35.0,0.0,1.0,80.0,84.0,80.0,78.0,66.0,58.0,80.0,87.0,82.0,0,0,0,75.0,55.0,53.0,65.0,0,0,0,0
0,0.0,0.0,0.0,0.0,0.0,73.0,75.0,74.0,74.0,68.0,66.0,78.0,74.0,74.0,0,0,0,60.0,57.0,54.0,65.0,0,0,0,0
0,0.0,0.0,19.0,0.0,0.0,86.0,77.0,77.0,70.0,75.0,72.0,78.0,55.0,78.0,0,0,0,70.0,63.0,51.0,80.0,0,0,0,0
0,0.0,0.0,24.0,0.0,0.0,84.0,85.0,85.0,84.0,68.0,78.0,85.0,85.0,82.0,0,0,0,85.0,56.0,55.0,60.0,0,0,0,0
0,0.0,0.0,7.0,0.0,0.0,79.0,78.0,76.0,70.0,75.0,64.0,77.0,74.0,76.0,0,0,0,74.0,60.0,53.0,70.0,0,0,0,0
0,0.0,0.0,7.0,0.0,0.0,78.0,68.0,70.0,65.0,74.0,74.0,76.0,52.0,74.0,0,0,0,64.0,64.0,60.0,78.0,0,0,0,0
0,0.0,0.0,2.0,0.0,0.0,74.0,72.0,70.0,60.0,77.0,68.0,75.0,40.0,65.0,0,0,0,60.0,65.0,54.0,75.0,0,0,0,0
0,0.0,0.0,18.0,0.0,0.0,79.0,79.0,82.0,76.0,65.0,70.0,77.0,72.0,64.0,0,0,0,70.0,58.0,58.0,72.0,0,0,0,0
0,0.0,0.0,26.0,0.0,0.0,79.0,66.0,60.0,55.0,86.0,80.0,65.0,45.0,68.0,0,0,0,66.0,70.0,58.0,85.0,0,0,0,0
0,0.0,0.0,11.0,0.0,0.0,77.0,79.0,77.0,72.0,68.0,75.0,80.0,65.0,82.0,0,0,0,68.0,54.0,50.0,67.0,0,0,0,0
0,0.0,0.0,7.0,0.0,0.0,76.0,64.0,70.0,62.0,78.0,70.0,67.0,44.0,66.0,0,0,0,58.0,78.0,64.0,80.0,0,0,0,0
0,0.0,0.0,0.0,0.0,0.0,74.0,85.0,85.0,82.0,70.0,50.0,77.0,72.0,68.0,0,0,0,66.0,56.0,50.0,68.0,0,0,0,0
0,0.0,0.0,0.0,0.0,0.0,73.0,72.0,72.0,70.0,77.0,55.0,74.0,60.0,70.0,0,0,0,60.0,64.0,52.0,65.0,0,0,0,0
0,0.0,0.0,12.0,0.0,0.0,73.0,75.0,75.0,72.0,68.0,68.0,74.0,54.0,78.0,0,0,0,74.0,58.0,52.0,69.0,0,0,0,0
0,0.0,0.0,2.0,0.0,0.0,72.0,74.0,70.0,62.0,74.0,66.0,76.0,60.0,70.0,0,0,0,60.0,59.0,55.0,72.0,0,0,0,0
0,0.0,0.0,0.0,0.0,0.0,72.0,69.0,74.0,68.0,74.0,68.0,75.0,52.0,54.0,0,0,0,50.0,65.0,62.0,75.0,0,0,0,0
0,0.0,0.0,3.0,0.0,0.0,72.0,69.0,74.0,68.0,74.0,68.0,75.0,52.0,54.0,0,0,0,50.0,65.0,62.0,75.0,0,0,0,0
0,0.0,0.0,0.0,0.0,0.0,72.0,68.0,70.0,64.0,77.0,60.0,75.0,62.0,72.0,0,0,0,75.0,60.0,50.0,70.0,0,0,0,0
0,0.0,0.0,0.0,0.0,0.0,71.0,66.0,66.0,62.0,74.0,78.0,72.0,52.0,66.0,0,0,0,62.0,64.0,59.0,79.0,0,0,0,0
0,0.0,0.0,6.0,0.0,0.0,70.0,80.0,82.0,78.0,66.0,66.0,75.0,79.0,72.0,0,0,0,65.0,52.0,49.0,67.0,0,0,0,0
0,0.0,0.0,0.0,0.0,0.0,70.0,74.0,80.0,72.0,69.0,49.0,76.0,64.0,58.0,0,0,0,55.0,66.0,64.0,71.0,0,0,0,0
0,0.0,0.0,0.0,0.0,0.0,69.0,70.0,69.0,65.0,72.0,70.0,71.0,60.0,65.0,0,0,0,70.0,53.0,52.0,76.0,0,0,0,0
0,0.0,0.0,3.0,0.0,0.0,69.0,71.0,72.0,65.0,67.0,66.0,72.0,55.0,54.0,0,0,0,59.0,68.0,60.0,72.0,0,0,0,0
0,0.0,0.0,0.0,0.0,0.0,69.0,68.0,70.0,67.0,61.0,60.0,68.0,60.0,64.0,0,0,0,60.0,62.0,56.0,75.0,0,0,0,0
0,0.0,0.0,0.0,0.0,0.0,69.0,68.0,70.0,67.0,61.0,60.0,68.0,60.0,64.0,0,0,0,60.0,62.0,56.0,75.0,0,0,0,0
0,0.0,0.0,0.0,0.0,0.0,69.0,66.0,70.0,65.0,74.0,62.0,71.0,52.0,66.0,0,0,0,62.0,55.0,50.0,79.0,0,0,0,0
0,0.0,0.0,0.0,0.0,0.0,68.0,69.0,74.0,68.0,72.0,65.0,71.0,50.0,52.0,0,0,0,60.0,60.0,60.0,72.0,0,0,0,0
0,0.0,0.0,17.0,0.0,0.0,83.0,82.0,82.0,78.0,70.0,80.0,79.0,78.0,80.0,0,0,0,84.0,58.0,50.0,65.0,0,0,0,0
0,0.0,0.0,27.0,0.0,0.0,77.0,85.0,84.0,84.0,66.0,55.0,82.0,80.0,76.0,0,0,0,72.0,52.0,52.0,65.0,0,0,0,0
0,0.0,0.0,41.0,0.0,2.0,88.0,85.0,82.0,84.0,66.0,83.0,85.0,77.0,84.0,0,0,0,82.0,55.0,52.0,65.0,0,0,0,0
0,0.0,0.0,10.0,0.0,0.0,74.0,56.0,54.0,59.0,80.0,78.0,55.0,45.0,68.0,0,0,0,66.0,82.0,66.0,90.0,0,0,0,0
0,0.0,0.0,51.0,1.0,1.0,93.0,88.0,86.0,86.0,66.0,92.0,91.0,80.0,89.0,0,0,0,94.0,52.0,54.0,62.0,0,0,0,0
0,0.0,0.0,2.0,0.0,0.0,75.0,78.0,75.0,70.0,68.0,50.0,78.0,68.0,78.0,0,0,0,65.0,54.0,56.0,66.0,0,0,0,0
0,0.0,0.0,35.0,0.0,1.0,84.0,82.0,80.0,78.0,74.0,75.0,82.0,79.0,78.0,0,0,0,74.0,59.0,55.0,66.0,0,0,0,0
0,0.0,0.0,8.0,0.0,0.0,80.0,78.0,81.0,76.0,69.0,75.0,79.0,69.0,77.0,0,0,0,68.0,54.0,52.0,75.0,0,0,0,0
0,0.0,0.0,0.0,0.0,0.0,71.0,74.0,72.0,68.0,69.0,60.0,80.0,74.0,70.0,0,0,0,75.0,56.0,48.0,60.0,0,0,0,0
0,0.0,0.0,95.0,6.0,14.0,98.0,86.0,82.0,80.0,72.0,95.0,94.0,91.0,97.0,0,0,0,96.0,55.0,50.0,67.0,0,0,0,0
0,0.0,0.0,2.0,0.0,0.0,76.0,85.0,84.0,77.0,70.0,55.0,78.0,65.0,70.0,0,0,0,70.0,54.0,52.0,65.0,0,0,0,0
0,0.0,0.0,0.0,0.0,0.0,72.0,82.0,77.0,73.0,66.0,62.0,80.0,77.0,78.0,0,0,0,74.0,52.0,50.0,55.0,0,0,0,0
0,0.0,0.0,22.0,0.0,0.0,82.0,75.0,70.0,70.0,77.0,68.0,76.0,64.0,75.0,0,0,0,66.0,60.0,52.0,82.0,0,0,0,0
0,0.0,0.0,1.0,0.0,0.0,79.0,80.0,77.0,78.0,69.0,72.0,77.0,76.0,74.0,0,0,0,74.0,55.0,50.0,70.0,0,0,0,0
0,0.0,0.0,12.0,0.0,0.0,79.0,80.0,77.0,78.0,69.0,72.0,77.0,76.0,74.0,0,0,0,74.0,55.0,50.0,70.0,0,0,0,0
0,0.0,0.0,8.0,0.0,0.0,73.0,74.0,76.0,69.0,69.0,67.0,75.0,60.0,70.0,0,0,0,68.0,58.0,52.0,69.0,0,0,0,0
0,0.0,0.0,1.0,0.0,0.0,72.0,70.0,72.0,70.0,72.0,68.0,74.0,55.0,68.0,0,0,0,66.0,60.0,52.0,70.0,0,0,0,0
0,0.0,0.0,23.0,0.0,0.0,79.0,78.0,82.0,75.0,68.0,78.0,79.0,74.0,78.0,0,0,0,78.0,52.0,48.0,65.0,0,0,0,0
0,0.0,0.0,14.0,0.0,0.0,78.0,70.0,70.0,64.0,84.0,70.0,70.0,31.0,62.0,0,0,0,60.0,70.0,52.0,93.0,0,0,0,0
0,0.0,0.0,1.0,0.0,0.0,71.0,82.0,84.0,82.0,68.0,52.0,84.0,52.0,65.0,0,0,0,68.0,52.0,42.0,68.0,0,0,0,0
0,0.0,0.0,0.0,0.0,0.0,87.0,89.0,92.0,88.0,70.0,78.0,83.0,86.0,82.0,0,0,0,80.0,53.0,49.0,62.0,0,0,0,0
0,0.0,0.0,0.0,0.0,0.0,79.0,74.0,76.0,75.0,68.0,79.0,81.0,70.0,80.0,0,0,0,72.0,56.0,52.0,66.0,0,0,0,0
0,0.0,0.0,9.0,0.0,0.0,78.0,80.0,84.0,80.0,68.0,69.0,78.0,85.0,77.0,0,0,0,70.0,57.0,54.0,64.0,0,0,0,0
0,0.0,0.0,19.0,0.0,0.0,80.0,77.0,77.0,74.0,66.0,84.0,87.0,62.0,80.0,0,0,0,81.0,55.0,52.0,62.0,0,0,0,0
0,0.0,0.0,3.0,0.0,0.0,80.0,77.0,77.0,74.0,66.0,84.0,87.0,62.0,80.0,0,0,0,81.0,55.0,52.0,62.0,0,0,0,0
0,0.0,0.0,0.0,0.0,0.0,77.0,74.0,77.0,69.0,66.0,72.0,77.0,49.0,68.0,0,0,0,68.0,65.0,60.0,82.0,0,0,0,0
0,0.0,0.0,0.0,0.0,0.0,77.0,74.0,77.0,69.0,66.0,72.0,77.0,49.0,68.0,0,0,0,68.0,65.0,60.0,82.0,0,0,0,0
0,0.0,0.0,18.0,0.0,0.0,74.0,82.0,82.0,82.0,67.0,78.0,82.0,68.0,74.0,0,0,0,78.0,57.0,50.0,55.0,0,0,0,0
0,0.0,0.0,48.0,1.0,4.0,95.0,84.0,82.0,84.0,72.0,82.0,85.0,79.0,92.0,0,0,0,90.0,58.0,55.0,69.0,0,0,0,0
0,0.0,0.0,17.0,0.0,0.0,80.0,79.0,75.0,70.0,70.0,75.0,82.0,75.0,82.0,0,0,0,75.0,58.0,52.0,60.0,0,0,0,0
0,0.0,0.0,13.0,0.0,0.0,80.0,78.0,80.0,73.0,65.0,72.0,82.0,78.0,75.0,0,0,0,78.0,60.0,58.0,69.0,0,0,0,0
0,0.0,0.0,0.0,0.0,0.0,80.0,78.0,80.0,73.0,65.0,72.0,82.0,78.0,75.0,0,0,0,78.0,60.0,58.0,69.0,0,0,0,0
0,0.0,0.0,22.0,0.0,0.0,80.0,89.0,90.0,88.0,68.0,66.0,82.0,80.0,82.0,0,0,0,82.0,48.0,44.0,58.0,0,0,0,0
0,0.0,0.0,20.0,0.0,3.0,78.0,64.0,64.0,62.0,78.0,74.0,72.0,60.0,67.0,0,0,0,79.0,60.0,50.0,88.0,0,0,0,0
0,0.0,0.0,28.0,0.0,1.0,83.0,78.0,77.0,79.0,64.0,80.0,85.0,77.0,88.0,0,0,0,80.0,50.0,48.0,65.0,0,0,0,0
0,0.0,0.0,12.0,0.0,0.0,83.0,78.0,77.0,79.0,64.0,80.0,85.0,77.0,88.0,0,0,0,80.0,50.0,48.0,65.0,0,0,0,0
0,0.0,0.0,0.0,0.0,0.0,77.0,86.0,82.0,80.0,68.0,69.0,80.0,72.0,72.0,0,0,0,75.0,48.0,44.0,65.0,0,0,0,0
0,0.0,0.0,0.0,0.0,0.0,75.0,76.0,78.0,68.0,69.0,78.0,78.0,67.0,69.0,0,0,0,68.0,58.0,55.0,71.0,0,0,0,0
0,0.0,0.0,5.0,0.0,0.0,75.0,76.0,78.0,68.0,69.0,78.0,78.0,67.0,69.0,0,0,0,68.0,58.0,55.0,71.0,0,0,0,0
0,0.0,0.0,21.0,0.0,0.0,85.0,79.0,80.0,80.0,69.0,77.0,84.0,74.0,82.0,0,0,0,80.0,58.0,53.0,70.0,0,0,0,0
0,0.0,0.0,3.0,0.0,0.0,80.0,81.0,85.0,78.0,68.0,78.0,82.0,68.0,72.0,0,0,0,78.0,53.0,50.0,68.0,0,0,0,0
0,0.0,0.0,35.0,0.0,0.0,73.0,76.0,77.0,68.0,67.0,68.0,79.0,62.0,77.0,0,0,0,72.0,54.0,50.0,62.0,0,0,0,0
0,0.0,0.0,45.0,0.0,2.0,92.0,82.0,80.0,77.0,75.0,83.0,87.0,71.0,90.0,0,0,0,82.0,59.0,55.0,80.0,0,0,0,0
0,0.0,0.0,2.0,0.0,0.0,73.0,72.0,72.0,73.0,68.0,78.0,83.0,68.0,82.0,0,0,0,65.0,56.0,52.0,45.0,0,0,0,0
0,0.0,0.0,0.0,0.0,0.0,99.0,88.0,86.0,86.0,77.0,85.0,90.0,92.0,94.0,0,0,0,94.0,58.0,52.0,68.0,0,0,0,0
0,0.0,0.0,8.0,0.0,0.0,76.0,67.0,74.0,63.0,80.0,78.0,76.0,50.0,65.0,0,0,0,75.0,68.0,62.0,76.0,0,0,0,0
0,0.0,0.0,18.0,0.0,0.0,72.0,76.0,74.0,78.0,62.0,72.0,84.0,74.0,80.0,0,0,0,74.0,52.0,50.0,45.0,0,0,0,0
0,0.0,0.0,51.0,0.0,2.0,87.0,92.0,91.0,89.0,68.0,72.0,84.0,82.0,77.0,0,0,0,90.0,53.0,49.0,65.0,0,0,0,0
0,0.0,0.0,39.0,0.0,3.0,73.0,85.0,85.0,83.0,69.0,68.0,79.0,68.0,66.0,0,0,0,74.0,50.0,40.0,60.0,0,0,0,0
0,0.0,0.0,2.0,0.0,0.0,73.0,71.0,77.0,71.0,64.0,64.0,78.0,50.0,62.0,0,0,0,66.0,52.0,45.0,75.0,0,0,0,0
0,0.0,0.0,16.0,0.0,0.0,79.0,77.0,76.0,72.0,75.0,60.0,80.0,70.0,79.0,0,0,0,68.0,59.0,57.0,68.0,0,0,0,0
0,0.0,0.0,0.0,0.0,0.0,66.0,70.0,70.0,65.0,64.0,64.0,74.0,56.0,62.0,0,0,0,60.0,56.0,50.0,72.0,0,0,0,0
0,0.0,0.0,33.0,0.0,0.0,84.0,82.0,82.0,85.0,71.0,70.0,80.0,80.0,80.0,0,0,0,84.0,57.0,55.0,68.0,0,0,0,0
0,0.0,0.0,12.0,0.0,0.0,77.0,62.0,62.0,58.0,78.0,70.0,74.0,50.0,70.0,0,0,0,70.0,70.0,62.0,84.0,0,0,0,0
0,0.0,0.0,3.0,0.0,0.0,75.0,83.0,79.0,82.0,67.0,66.0,79.0,62.0,78.0,0,0,0,75.0,55.0,50.0,67.0,0,0,0,0
0,0.0,0.0,98.0,0.0,3.0,83.0,79.0,82.0,81.0,68.0,78.0,83.0,77.0,80.0,0,0,0,78.0,56.0,54.0,66.0,0,0,0,0
0,0.0,0.0,11.0,0.0,3.0,83.0,79.0,82.0,81.0,68.0,78.0,83.0,77.0,80.0,0,0,0,78.0,56.0,54.0,66.0,0,0,0,0
0,0.0,0.0,8.0,0.0,0.0,79.0,84.0,86.0,84.0,67.0,70.0,79.0,76.0,76.0,0,0,0,71.0,55.0,48.0,65.0,0,0,0,0
0,0.0,0.0,41.0,0.0,4.0,86.0,78.0,74.0,72.0,74.0,80.0,82.0,85.0,86.0,0,0,0,84.0,60.0,50.0,68.0,0,0,0,0
0,0.0,0.0,20.0,0.0,0.0,81.0,83.0,85.0,78.0,66.0,82.0,85.0,74.0,80.0,0,0,0,76.0,54.0,50.0,62.0,0,0,0,0
0,0.0,0.0,5.0,0.0,0.0,77.0,82.0,76.0,76.0,80.0,42.0,77.0,62.0,74.0,0,0,0,72.0,56.0,50.0,75.0,0,0,0,0
0,0.0,0.0,34.0,0.0,2.0,92.0,85.0,84.0,85.0,68.0,85.0,88.0,79.0,89.0,0,0,0,88.0,55.0,55.0,66.0,0,0,0,0
0,0.0,0.0,0.0,0.0,2.0,77.0,85.0,82.0,86.0,65.0,54.0,82.0,82.0,79.0,0,0,0,77.0,55.0,50.0,58.0,0,0,0,0
0,0.0,0.0,0.0,0.0,0.0,77.0,85.0,82.0,86.0,65.0,54.0,82.0,82.0,79.0,0,0,0,77.0,55.0,50.0,58.0,0,0,0,0
0,0.0,0.0,0.0,0.0,0.0,77.0,85.0,82.0,86.0,65.0,54.0,82.0,82.0,79.0,0,0,0,77.0,55.0,50.0,58.0,0,0,0,0
0,0.0,0.0,14.0,0.0,0.0,77.0,85.0,82.0,86.0,65.0,54.0,82.0,82.0,79.0,0,0,0,77.0,55.0,50.0,58.0,0,0,0,0
0,0.0,0.0,0.0,0.0,0.0,70.0,68.0,68.0,66.0,72.0,59.0,74.0,55.0,58.0,0,0,0,74.0,62.0,68.0,70.0,0,0,0,0
0,0.0,32.0,12.0,0.0,0.0,76.0,60.0,62.0,0.0,0.0,0.0,0.0,0.0,0.0,0,0,0,0.0,0.0,0.0,0.0,0,0,0,0
0,0.0,25.0,6.0,0.0,0.0,73.0,72.0,78.0,0.0,0.0,0.0,0.0,0.0,0.0,0,0,0,0.0,0.0,0.0,0.0,0,0,0,0
0,0.0,26.0,0.0,0.0,0.0,73.0,71.0,72.0,0.0,0.0,0.0,0.0,0.0,0.0,0,0,0,0.0,0.0,0.0,0.0,0,0,0,0
0,0.0,33.0,95.0,6.0,14.0,98.0,82.0,82.0,0.0,0.0,0.0,0.0,0.0,0.0,0,0,0,0.0,0.0,0.0,0.0,0,0,0,0
0,0.0,30.0,8.0,0.0,0.0,72.0,64.0,76.0,0.0,0.0,0.0,0.0,0.0,0.0,0,0,0,0.0,0.0,0.0,0.0,0,0,0,0
0,0.0,29.0,2.0,0.0,0.0,64.0,58.0,73.0,0.0,0.0,0.0,0.0,0.0,0.0,0,0,0,0.0,0.0,0.0,0.0,0,0,0,0
0,0.0,29.0,43.0,0.0,2.0,84.0,82.0,84.0,0.0,0.0,0.0,0.0,0.0,0.0,0,0,0,0.0,0.0,0.0,0.0,0,0,0,0
0,0.0,29.0,21.0,0.0,0.0,77.0,72.0,77.0,0.0,0.0,0.0,0.0,0.0,0.0,0,0,0,0.0,0.0,0.0,0.0,0,0,0,0
0,0.0,26.0,2.0,0.0,0.0,65.0,70.0,80.0,0.0,0.0,0.0,0.0,0.0,0.0,0,0,0,0.0,0.0,0.0,0.0,0,0,0,0
0,0.0,26.0,2.0,0.0,0.0,67.0,67.0,78.0,0.0,0.0,0.0,0.0,0.0,0.0,0,0,0,0.0,0.0,0.0,0.0,0,0,0,0
0,0.0,23.0,1.0,0.0,0.0,67.0,83.0,87.0,0.0,0.0,0.0,0.0,0.0,0.0,0,0,0,0.0,0.0,0.0,0.0,0,0,0,0
0,0.0,24.0,2.0,0.0,0.0,66.0,69.0,78.0,0.0,0.0,0.0,0.0,0.0,0.0,0,0,0,0.0,0.0,0.0,0.0,0,0,0,0
0,0.0,26.0,10.0,0.0,0.0,73.0,66.0,78.0,0.0,0.0,0.0,0.0,0.0,0.0,0,0,0,0.0,0.0,0.0,0.0,0,0,0,0
0,0.0,23.0,14.0,0.0,1.0,69.0,82.0,82.0,0.0,0.0,0.0,0.0,0.0,0.0,0,0,0,0.0,0.0,0.0,0.0,0,0,0,0
0,0.0,24.0,9.0,0.0,0.0,69.0,70.0,75.0,0.0,0.0,0.0,0.0,0.0,0.0,0,0,0,0.0,0.0,0.0,0.0,0,0,0,0
0,0.0,24.0,60.0,0.0,3.0,82.0,85.0,87.0,0.0,0.0,0.0,0.0,0.0,0.0,0,0,0,0.0,0.0,0.0,0.0,0,0,0,0
0,0.0,32.0,27.0,0.0,0.0,79.0,70.0,82.0,0.0,0.0,0.0,0.0,0.0,0.0,0,0,0,0.0,0.0,0.0,0.0,0,0,0,0
0,0.0,23.0,5.0,0.0,0.0,64.0,78.0,80.0,0.0,0.0,0.0,0.0,0.0,0.0,0,0,0,0.0,0.0,0.0,0.0,0,0,0,0
0,0.0,32.0,12.0,0.0,0.0,74.0,65.0,75.0,0.0,0.0,0.0,0.0,0.0,0.0,0,0,0,0.0,0.0,0.0,0.0,0,0,0,0
0,0.0,28.0,0.0,0.0,0.0,71.0,68.0,72.0,0.0,0.0,0.0,0.0,0.0,0.0,0,0,0,0.0,0.0,0.0,0.0,0,0,0,0
0,0.0,22.0,0.0,0.0,0.0,68.0,71.0,77.0,0.0,0.0,0.0,0.0,0.0,0.0,0,0,0,0.0,0.0,0.0,0.0,0,0,0,0
0,0.0,33.0,11.0,0.0,0.0,75.0,64.0,73.0,0.0,0.0,0.0,0.0,0.0,0.0,0,0,0,0.0,0.0,0.0,0.0,0,0,0,0
0,0.0,30.0,9.0,0.0,0.0,74.0,69.0,72.0,0.0,0.0,0.0,0.0,0.0,0.0,0,0,0,0.0,0.0,0.0,0.0,0,0,0,0
0,0.0,24.0,0.0,0.0,0.0,70.0,77.0,84.0,0.0,0.0,0.0,0.0,0.0,0.0,0,0,0,0.0,0.0,0.0,0.0,0,0,0,0
0,0.0,27.0,80.0,2.0,11.0,97.0,75.0,79.0,0.0,0.0,0.0,0.0,0.0,0.0,0,0,0,0.0,0.0,0.0,0.0,0,0,0,0
0,0.0,22.0,35.0,0.0,1.0,75.0,78.0,80.0,0.0,0.0,0.0,0.0,0.0,0.0,0,0,0,0.0,0.0,0.0,0.0,0,0,0,0
0,0.0,22.0,0.0,0.0,0.0,64.0,66.0,70.0,0.0,0.0,0.0,0.0,0.0,0.0,0,0,0,0.0,0.0,0.0,0.0,0,0,0,0
0,0.0,22.0,2.0,0.0,0.0,64.0,66.0,70.0,0.0,0.0,0.0,0.0,0.0,0.0,0,0,0,0.0,0.0,0.0,0.0,0,0,0,0
0,0.0,30.0,19.0,0.0,0.0,83.0,68.0,73.0,0.0,0.0,0.0,0.0,0.0,0.0,0,0,0,0.0,0.0,0.0,0.0,0,0,0,0
0,0.0,26.0,24.0,0.0,0.0,79.0,80.0,85.0,0.0,0.0,0.0,0.0,0.0,0.0,0,0,0,0.0,0.0,0.0,0.0,0,0,0,0
0,0.0,22.0,0.0,0.0,0.0,69.0,67.0,72.0,0.0,0.0,0.0,0.0,0.0,0.0,0,0,0,0.0,0.0,0.0,0.0,0,0,0,0
0,0.0,24.0,22.0,0.0,0.0,80.0,72.0,76.0,0.0,0.0,0.0,0.0,0.0,0.0,0,0,0,0.0,0.0,0.0,0.0,0,0,0,0
0,0.0,28.0,0.0,0.0,0.0,70.0,72.0,70.0,0.0,0.0,0.0,0.0,0.0,0.0,0,0,0,0.0,0.0,0.0,0.0,0,0,0,0
0,0.0,28.0,0.0,0.0,0.0,66.0,60.0,70.0,0.0,0.0,0.0,0.0,0.0,0.0,0,0,0,0.0,0.0,0.0,0.0,0,0,0,0
0,0.0,29.0,17.0,0.0,0.0,77.0,74.0,80.0,0.0,0.0,0.0,0.0,0.0,0.0,0,0,0,0.0,0.0,0.0,0.0,0,0,0,0
0,0.0,22.0,27.0,0.0,0.0,70.0,79.0,84.0,0.0,0.0,0.0,0.0,0.0,0.0,0,0,0,0.0,0.0,0.0,0.0,0,0,0,0
0,0.0,26.0,41.0,0.0,2.0,86.0,82.0,84.0,0.0,0.0,0.0,0.0,0.0,0.0,0,0,0,0.0,0.0,0.0,0.0,0,0,0,0
0,0.0,24.0,7.0,0.0,0.0,71.0,74.0,73.0,0.0,0.0,0.0,0.0,0.0,0.0,0,0,0,0.0,0.0,0.0,0.0,0,0,0,0
0,0.0,24.0,0.0,0.0,0.0,68.0,73.0,68.0,0.0,0.0,0.0,0.0,0.0,0.0,0,0,0,0.0,0.0,0.0,0.0,0,0,0,0
0,0.0,25.0,16.0,0.0,0.0,64.0,67.0,72.0,0.0,0.0,0.0,0.0,0.0,0.0,0,0,0,0.0,0.0,0.0,0.0,0,0,0,0
0,0.0,30.0,51.0,1.0,1.0,91.0,84.0,86.0,0.0,0.0,0.0,0.0,0.0,0.0,0,0,0,0.0,0.0,0.0,0.0,0,0,0,0
0,0.0,23.0,2.0,0.0,0.0,72.0,67.0,75.0,0.0,0.0,0.0,0.0,0.0,0.0,0,0,0,0.0,0.0,0.0,0.0,0,0,0,0
0,0.0,25.0,35.0,0.0,1.0,78.0,72.0,78.0,0.0,0.0,0.0,0.0,0.0,0.0,0,0,0,0.0,0.0,0.0,0.0,0,0,0,0
0,0.0,29.0,2.0,0.0,0.0,68.0,67.0,66.0,0.0,0.0,0.0,0.0,0.0,0.0,0,0,0,0.0,0.0,0.0,0.0,0,0,0,0
0,0.0,26.0,0.0,0.0,0.0,63.0,64.0,72.0,0.0,0.0,0.0,0.0,0.0,0.0,0,0,0,0.0,0.0,0.0,0.0,0,0,0,0
0,0.0,24.0,2.0,0.0,0.0,72.0,79.0,84.0,0.0,0.0,0.0,0.0,0.0,0.0,0,0,0,0.0,0.0,0.0,0.0,0,0,0,0
0,0.0,28.0,1.0,0.0,0.0,68.0,60.0,72.0,0.0,0.0,0.0,0.0,0.0,0.0,0,0,0,0.0,0.0,0.0,0.0,0,0,0,0
0,0.0,25.0,22.0,0.0,0.0,83.0,67.0,70.0,0.0,0.0,0.0,0.0,0.0,0.0,0,0,0,0.0,0.0,0.0,0.0,0,0,0,0
0,0.0,30.0,1.0,0.0,0.0,71.0,70.0,74.0,0.0,0.0,0.0,0.0,0.0,0.0,0,0,0,0.0,0.0,0.0,0.0,0,0,0,0
0,0.0,30.0,12.0,0.0,0.0,71.0,70.0,74.0,0.0,0.0,0.0,0.0,0.0,0.0,0,0,0,0.0,0.0,0.0,0.0,0,0,0,0
0,0.0,25.0,0.0,0.0,0.0,68.0,72.0,75.0,0.0,0.0,0.0,0.0,0.0,0.0,0,0,0,0.0,0.0,0.0,0.0,0,0,0,0
0,0.0,29.0,23.0,0.0,0.0,78.0,72.0,82.0,0.0,0.0,0.0,0.0,0.0,0.0,0,0,0,0.0,0.0,0.0,0.0,0,0,0,0
0,0.0,32.0,14.0,0.0,0.0,75.0,65.0,70.0,0.0,0.0,0.0,0.0,0.0,0.0,0,0,0,0.0,0.0,0.0,0.0,0,0,0,0
0,0.0,25.0,1.0,0.0,0.0,68.0,74.0,84.0,0.0,0.0,0.0,0.0,0.0,0.0,0,0,0,0.0,0.0,0.0,0.0,0,0,0,0
0,0.0,28.0,0.0,0.0,0.0,80.0,86.0,87.0,0.0,0.0,0.0,0.0,0.0,0.0,0,0,0,0.0,0.0,0.0,0.0,0,0,0,0
0,0.0,27.0,98.0,0.0,3.0,76.0,74.0,79.0,0.0,0.0,0.0,0.0,0.0,0.0,0,0,0,0.0,0.0,0.0,0.0,0,0,0,0
0,0.0,27.0,11.0,0.0,3.0,76.0,74.0,79.0,0.0,0.0,0.0,0.0,0.0,0.0,0,0,0,0.0,0.0,0.0,0.0,0,0,0,0
0,0.0,29.0,13.0,0.0,0.0,73.0,69.0,80.0,0.0,0.0,0.0,0.0,0.0,0.0,0,0,0,0.0,0.0,0.0,0.0,0,0,0,0
0,0.0,29.0,0.0,0.0,0.0,73.0,69.0,80.0,0.0,0.0,0.0,0.0,0.0,0.0,0,0,0,0.0,0.0,0.0,0.0,0,0,0,0
0,0.0,29.0,48.0,1.0,4.0,85.0,75.0,79.0,0.0,0.0,0.0,0.0,0.0,0.0,0,0,0,0.0,0.0,0.0,0.0,0,0,0,0
0,0.0,33.0,7.0,0.0,0.0,75.0,59.0,70.0,0.0,0.0,0.0,0.0,0.0,0.0,0,0,0,0.0,0.0,0.0,0.0,0,0,0,0
0,0.0,32.0,18.0,0.0,0.0,68.0,78.0,82.0,0.0,0.0,0.0,0.0,0.0,0.0,0,0,0,0.0,0.0,0.0,0.0,0,0,0,0
0,0.0,25.0,17.0,0.0,0.0,83.0,74.0,76.0,0.0,0.0,0.0,0.0,0.0,0.0,0,0,0,0.0,0.0,0.0,0.0,0,0,0,0
0,0.0,22.0,2.0,0.0,0.0,69.0,84.0,86.0,0.0,0.0,0.0,0.0,0.0,0.0,0,0,0,0.0,0.0,0.0,0.0,0,0,0,0
0,0.0,26.0,0.0,0.0,0.0,69.0,78.0,73.0,0.0,0.0,0.0,0.0,0.0,0.0,0,0,0,0.0,0.0,0.0,0.0,0,0,0,0
0,0.0,24.0,22.0,0.0,0.0,77.0,86.0,90.0,0.0,0.0,0.0,0.0,0.0,0.0,0,0,0,0.0,0.0,0.0,0.0,0,0,0,0
0,0.0,31.0,20.0,0.0,3.0,74.0,54.0,64.0,0.0,0.0,0.0,0.0,0.0,0.0,0,0,0,0.0,0.0,0.0,0.0,0,0,0,0
0,0.0,33.0,0.0,0.0,0.0,46.0,58.0,60.0,0.0,0.0,0.0,0.0,0.0,0.0,0,0,0,0.0,0.0,0.0,0.0,0,0,0,0
0,0.0,23.0,28.0,0.0,1.0,86.0,72.0,77.0,0.0,0.0,0.0,0.0,0.0,0.0,0,0,0,0.0,0.0,0.0,0.0,0,0,0,0
0,0.0,23.0,12.0,0.0,0.0,86.0,72.0,77.0,0.0,0.0,0.0,0.0,0.0,0.0,0,0,0,0.0,0.0,0.0,0.0,0,0,0,0
0,0.0,30.0,0.0,0.0,0.0,69.0,66.0,78.0,0.0,0.0,0.0,0.0,0.0,0.0,0,0,0,0.0,0.0,0.0,0.0,0,0,0,0
0,0.0,30.0,5.0,0.0,0.0,69.0,66.0,78.0,0.0,0.0,0.0,0.0,0.0,0.0,0,0,0,0.0,0.0,0.0,0.0,0,0,0,0
0,0.0,24.0,35.0,0.0,0.0,73.0,75.0,77.0,0.0,0.0,0.0,0.0,0.0,0.0,0,0,0,0.0,0.0,0.0,0.0,0,0,0,0
0,0.0,30.0,11.0,0.0,0.0,72.0,74.0,77.0,0.0,0.0,0.0,0.0,0.0,0.0,0,0,0,0.0,0.0,0.0,0.0,0,0,0,0
0,0.0,24.0,0.0,0.0,0.0,63.0,84.0,88.0,0.0,0.0,0.0,0.0,0.0,0.0,0,0,0,0.0,0.0,0.0,0.0,0,0,0,0
0,0.0,26.0,45.0,0.0,2.0,88.0,70.0,76.0,0.0,0.0,0.0,0.0,0.0,0.0,0,0,0,0.0,0.0,0.0,0.0,0,0,0,0
0,0.0,27.0,2.0,0.0,0.0,68.0,62.0,65.0,0.0,0.0,0.0,0.0,0.0,0.0,0,0,0,0.0,0.0,0.0,0.0,0,0,0,0
0,0.0,25.0,2.0,0.0,0.0,66.0,63.0,72.0,0.0,0.0,0.0,0.0,0.0,0.0,0,0,0,0.0,0.0,0.0,0.0,0,0,0,0
0,0.0,29.0,0.0,0.0,0.0,95.0,85.0,87.0,0.0,0.0,0.0,0.0,0.0,0.0,0,0,0,0.0,0.0,0.0,0.0,0,0,0,0
0,0.0,27.0,3.0,0.0,0.0,73.0,72.0,80.0,0.0,0.0,0.0,0.0,0.0,0.0,0,0,0,0.0,0.0,0.0,0.0,0,0,0,0
0,0.0,29.0,8.0,0.0,0.0,71.0,55.0,74.0,0.0,0.0,0.0,0.0,0.0,0.0,0,0,0,0.0,0.0,0.0,0.0,0,0,0,0
0,0.0,25.0,51.0,0.0,2.0,78.0,88.0,91.0,0.0,0.0,0.0,0.0,0.0,0.0,0,0,0,0.0,0.0,0.0,0.0,0,0,0,0
0,0.0,25.0,39.0,0.0,3.0,66.0,83.0,86.0,0.0,0.0,0.0,0.0,0.0,0.0,0,0,0,0.0,0.0,0.0,0.0,0,0,0,0
0,0.0,23.0,3.0,0.0,0.0,63.0,63.0,69.0,0.0,0.0,0.0,0.0,0.0,0.0,0,0,0,0.0,0.0,0.0,0.0,0,0,0,0
0,0.0,25.0,16.0,0.0,0.0,87.0,74.0,79.0,0.0,0.0,0.0,0.0,0.0,0.0,0,0,0,0.0,0.0,0.0,0.0,0,0,0,0
0,0.0,29.0,0.0,0.0,0.0,67.0,73.0,75.0,0.0,0.0,0.0,0.0,0.0,0.0,0,0,0,0.0,0.0,0.0,0.0,0,0,0,0
0,0.0,29.0,0.0,0.0,0.0,67.0,73.0,75.0,0.0,0.0,0.0,0.0,0.0,0.0,0,0,0,0.0,0.0,0.0,0.0,0,0,0,0
0,0.0,22.0,2.0,0.0,0.0,56.0,83.0,85.0,0.0,0.0,0.0,0.0,0.0,0.0,0,0,0,0.0,0.0,0.0,0.0,0,0,0,0
0,0.0,30.0,33.0,0.0,0.0,75.0,74.0,78.0,0.0,0.0,0.0,0.0,0.0,0.0,0,0,0,0.0,0.0,0.0,0.0,0,0,0,0
0,0.0,25.0,3.0,0.0,0.0,72.0,74.0,79.0,0.0,0.0,0.0,0.0,0.0,0.0,0,0,0,0.0,0.0,0.0,0.0,0,0,0,0
0,0.0,26.0,2.0,0.0,0.0,68.0,61.0,67.0,0.0,0.0,0.0,0.0,0.0,0.0,0,0,0,0.0,0.0,0.0,0.0,0,0,0,0
0,0.0,26.0,0.0,0.0,0.0,62.0,76.0,79.0,0.0,0.0,0.0,0.0,0.0,0.0,0,0,0,0.0,0.0,0.0,0.0,0,0,0,0
0,0.0,26.0,63.0,3.0,5.0,90.0,83.0,85.0,0.0,0.0,0.0,0.0,0.0,0.0,0,0,0,0.0,0.0,0.0,0.0,0,0,0,0
0,0.0,26.0,37.0,0.0,1.0,90.0,83.0,85.0,0.0,0.0,0.0,0.0,0.0,0.0,0,0,0,0.0,0.0,0.0,0.0,0,0,0,0
0,0.0,29.0,18.0,0.0,0.0,77.0,77.0,82.0,0.0,0.0,0.0,0.0,0.0,0.0,0,0,0,0.0,0.0,0.0,0.0,0,0,0,0
0,0.0,29.0,0.0,0.0,0.0,70.0,63.0,74.0,0.0,0.0,0.0,0.0,0.0,0.0,0,0,0,0.0,0.0,0.0,0.0,0,0,0,0
0,0.0,29.0,3.0,0.0,0.0,70.0,63.0,74.0,0.0,0.0,0.0,0.0,0.0,0.0,0,0,0,0.0,0.0,0.0,0.0,0,0,0,0
0,0.0,28.0,20.0,0.0,0.0,83.0,78.0,85.0,0.0,0.0,0.0,0.0,0.0,0.0,0,0,0,0.0,0.0,0.0,0.0,0,0,0,0
0,0.0,31.0,41.0,0.0,4.0,77.0,68.0,72.0,0.0,0.0,0.0,0.0,0.0,0.0,0,0,0,0.0,0.0,0.0,0.0,0,0,0,0
0,0.0,22.0,48.0,0.0,2.0,75.0,85.0,88.0,0.0,0.0,0.0,0.0,0.0,0.0,0,0,0,0.0,0.0,0.0,0.0,0,0,0,0
0,0.0,24.0,5.0,0.0,0.0,70.0,71.0,76.0,0.0,0.0,0.0,0.0,0.0,0.0,0,0,0,0.0,0.0,0.0,0.0,0,0,0,0
0,0.0,27.0,34.0,0.0,2.0,91.0,79.0,84.0,0.0,0.0,0.0,0.0,0.0,0.0,0,0,0,0.0,0.0,0.0,0.0,0,0,0,0
0,0.0,31.0,0.0,0.0,0.0,66.0,60.0,66.0,0.0,0.0,0.0,0.0,0.0,0.0,0,0,0,0.0,0.0,0.0,0.0,0,0,0,0
0,0.0,23.0,0.0,0.0,2.0,63.0,76.0,75.0,0.0,0.0,0.0,0.0,0.0,0.0,0,0,0,0.0,0.0,0.0,0.0,0,0,0,0
0,0.0,23.0,0.0,0.0,0.0,63.0,76.0,75.0,0.0,0.0,0.0,0.0,0.0,0.0,0,0,0,0.0,0.0,0.0,0.0,0,0,0,0
0,0.0,23.0,0.0,0.0,0.0,63.0,76.0,75.0,0.0,0.0,0.0,0.0,0.0,0.0,0,0,0,0.0,0.0,0.0,0.0,0,0,0,0
0,0.0,23.0,14.0,0.0,0.0,63.0,76.0,75.0,0.0,0.0,0.0,0.0,0.0,0.0,0,0,0,0.0,0.0,0.0,0.0,0,0,0,0
78,270.0,33.0,12.0,0.0,0.0,76.0,60.0,0.0,57.0,78.0,75.0,65.0,35.0,68.0,0,0,0,70.0,70.0,62.0,0.0,0,0,0,0
75,264.0,26.0,4.0,0.0,0.0,70.0,72.0,0.0,74.0,65.0,66.0,79.0,84.0,79.0,0,0,0,70.0,54.0,52.0,0.0,0,0,0,0
76,260.0,27.0,0.0,0.0,0.0,69.0,69.0,0.0,67.0,69.0,68.0,65.0,55.0,69.0,0,0,0,55.0,66.0,60.0,0.0,0,0,0,0
77,251.0,34.0,95.0,6.0,14.0,98.0,82.0,0.0,80.0,72.0,99.0,95.0,94.0,97.0,0,0,0,96.0,55.0,50.0,0.0,0,0,0,0
76,250.0,31.0,8.0,0.0,0.0,72.0,64.0,0.0,69.0,69.0,63.0,76.0,60.0,70.0,0,0,0,68.0,58.0,52.0,0.0,0,0,0,0
76,268.0,25.0,0.0,0.0,0.0,61.0,79.0,0.0,74.0,70.0,52.0,66.0,49.0,65.0,0,0,0,59.0,60.0,54.0,0.0,0,0,0,0
77,250.0,30.0,43.0,0.0,2.0,83.0,82.0,0.0,83.0,60.0,86.0,88.0,89.0,70.0,0,0,0,75.0,54.0,48.0,0.0,0,0,0,0
76,250.0,23.0,16.0,0.0,0.0,65.0,81.0,0.0,83.0,69.0,58.0,79.0,83.0,78.0,0,0,0,67.0,45.0,44.0,0.0,0,0,0,0
76,245.0,25.0,16.0,0.0,0.0,62.0,81.0,0.0,79.0,55.0,60.0,82.0,84.0,85.0,0,0,0,53.0,46.0,40.0,0.0,0,0,0,0
76,260.0,24.0,0.0,0.0,0.0,54.0,75.0,0.0,76.0,66.0,39.0,76.0,60.0,67.0,0,0,0,65.0,43.0,37.0,0.0,0,0,0,0
77,240.0,24.0,1.0,0.0,0.0,70.0,83.0,0.0,85.0,64.0,58.0,77.0,84.0,74.0,0,0,0,89.0,53.0,54.0,0.0,0,0,0,0
74,223.0,25.0,2.0,0.0,0.0,70.0,69.0,0.0,68.0,72.0,65.0,72.0,62.0,74.0,0,0,0,75.0,55.0,54.0,0.0,0,0,0,0
75,254.0,26.0,0.0,0.0,0.0,53.0,70.0,0.0,72.0,66.0,44.0,65.0,55.0,70.0,0,0,0,65.0,55.0,54.0,0.0,0,0,0,0
75,260.0,27.0,10.0,0.0,0.0,73.0,66.0,0.0,66.0,76.0,62.0,72.0,52.0,68.0,0,0,0,69.0,62.0,58.0,0.0,0,0,0,0
77,247.0,24.0,14.0,0.0,1.0,71.0,82.0,0.0,75.0,68.0,55.0,78.0,75.0,79.0,0,0,0,65.0,52.0,48.0,0.0,0,0,0,0
76,250.0,25.0,9.0,0.0,0.0,70.0,72.0,0.0,76.0,74.0,67.0,81.0,66.0,72.0,0,0,0,70.0,48.0,52.0,0.0,0,0,0,0
77,261.0,22.0,28.0,0.0,2.0,78.0,83.0,0.0,87.0,69.0,57.0,86.0,88.0,81.0,0,0,0,75.0,55.0,45.0,0.0,0,0,0,0
76,255.0,33.0,12.0,0.0,0.0,74.0,65.0,0.0,64.0,77.0,73.0,71.0,61.0,75.0,0,0,0,66.0,60.0,57.0,0.0,0,0,0,0
75,264.0,26.0,0.0,0.0,0.0,66.0,67.0,0.0,63.0,77.0,65.0,63.0,50.0,65.0,0,0,0,75.0,60.0,50.0,0.0,0,0,0,0
75,255.0,29.0,0.0,0.0,0.0,78.0,85.0,0.0,79.0,68.0,72.0,76.0,85.0,75.0,0,0,0,77.0,53.0,49.0,0.0,0,0,0,0
76,257.0,31.0,9.0,0.0,0.0,72.0,69.0,0.0,72.0,70.0,71.0,72.0,51.0,74.0,0,0,0,65.0,58.0,54.0,0.0,0,0,0,0
78,247.0,25.0,0.0,0.0,0.0,63.0,77.0,0.0,75.0,66.0,52.0,74.0,69.0,72.0,0,0,0,70.0,52.0,46.0,0.0,0,0,0,0
77,263.0,28.0,80.0,2.0,11.0,97.0,75.0,0.0,79.0,73.0,90.0,88.0,82.0,92.0,0,0,0,92.0,57.0,50.0,0.0,0,0,0,0
78,266.0,23.0,35.0,0.0,1.0,74.0,78.0,0.0,78.0,66.0,54.0,76.0,87.0,78.0,0,0,0,75.0,55.0,53.0,0.0,0,0,0,0
77,255.0,23.0,0.0,0.0,0.0,73.0,72.0,0.0,68.0,74.0,65.0,74.0,66.0,75.0,0,0,0,74.0,64.0,60.0,0.0,0,0,0,0
77,255.0,23.0,2.0,0.0,0.0,73.0,72.0,0.0,68.0,74.0,65.0,74.0,66.0,75.0,0,0,0,74.0,64.0,60.0,0.0,0,0,0,0
75,257.0,31.0,19.0,0.0,0.0,81.0,70.0,0.0,64.0,82.0,74.0,64.0,50.0,70.0,0,0,0,70.0,72.0,51.0,0.0,0,0,0,0
76,255.0,23.0,0.0,0.0,0.0,67.0,67.0,0.0,70.0,78.0,46.0,64.0,62.0,72.0,0,0,0,87.0,70.0,60.0,0.0,0,0,0,0
77,265.0,25.0,22.0,0.0,0.0,82.0,72.0,0.0,74.0,75.0,56.0,76.0,72.0,77.0,0,0,0,87.0,70.0,58.0,0.0,0,0,0,0
77,255.0,27.0,24.0,0.0,0.0,74.0,82.0,0.0,83.0,64.0,74.0,84.0,87.0,69.0,0,0,0,85.0,52.0,51.0,0.0,0,0,0,0
78,275.0,29.0,0.0,0.0,0.0,70.0,60.0,0.0,65.0,70.0,75.0,74.0,56.0,62.0,0,0,0,60.0,64.0,50.0,0.0,0,0,0,0
77,255.0,25.0,1.0,0.0,0.0,61.0,72.0,0.0,67.0,67.0,52.0,69.0,64.0,75.0,0,0,0,49.0,53.0,50.0,0.0,0,0,0,0
77,247.0,23.0,27.0,0.0,0.0,86.0,85.0,0.0,87.0,75.0,73.0,85.0,89.0,81.0,0,0,0,88.0,60.0,52.0,0.0,0,0,0,0
76,248.0,30.0,17.0,0.0,0.0,77.0,74.0,0.0,74.0,70.0,74.0,75.0,71.0,85.0,0,0,0,84.0,58.0,50.0,0.0,0,0,0,0
76,252.0,22.0,9.0,0.0,0.0,64.0,79.0,0.0,73.0,69.0,40.0,76.0,81.0,65.0,0,0,0,62.0,66.0,64.0,0.0,0,0,0,0
76,250.0,26.0,0.0,0.0,0.0,62.0,78.0,0.0,75.0,74.0,62.0,73.0,60.0,74.0,0,0,0,20.0,49.0,48.0,0.0,0,0,0,0
75,245.0,27.0,41.0,0.0,2.0,87.0,83.0,0.0,85.0,65.0,86.0,90.0,84.0,89.0,0,0,0,84.0,56.0,54.0,0.0,0,0,0,0
76,244.0,25.0,7.0,0.0,0.0,72.0,74.0,0.0,77.0,64.0,65.0,83.0,87.0,82.0,0,0,0,83.0,49.0,45.0,0.0,0,0,0,0
76,248.0,28.0,16.0,0.0,0.0,70.0,72.0,0.0,71.0,70.0,70.0,79.0,68.0,73.0,0,0,0,65.0,58.0,50.0,0.0,0,0,0,0
78,269.0,25.0,0.0,0.0,0.0,68.0,73.0,0.0,70.0,75.0,38.0,77.0,66.0,75.0,0,0,0,79.0,65.0,57.0,0.0,0,0,0,0
75,252.0,31.0,51.0,1.0,1.0,96.0,87.0,0.0,86.0,67.0,97.0,97.0,95.0,88.0,0,0,0,78.0,53.0,54.0,0.0,0,0,0,0
75,250.0,24.0,2.0,0.0,0.0,76.0,70.0,0.0,68.0,68.0,61.0,76.0,74.0,79.0,0,0,0,70.0,58.0,60.0,0.0,0,0,0,0
77,265.0,23.0,0.0,0.0,0.0,66.0,69.0,0.0,75.0,80.0,60.0,44.0,35.0,66.0,0,0,0,75.0,74.0,68.0,0.0,0,0,0,0
78,275.0,26.0,35.0,0.0,1.0,82.0,72.0,0.0,73.0,75.0,73.0,78.0,74.0,78.0,0,0,0,74.0,65.0,55.0,0.0,0,0,0,0
76,245.0,25.0,28.0,0.0,1.0,68.0,83.0,0.0,84.0,64.0,58.0,73.0,76.0,70.0,0,0,0,59.0,52.0,44.0,0.0,0,0,0,0
76,245.0,25.0,12.0,0.0,0.0,68.0,83.0,0.0,84.0,64.0,58.0,73.0,76.0,70.0,0,0,0,59.0,52.0,44.0,0.0,0,0,0,0
76,235.0,31.0,22.0,0.0,0.0,67.0,73.0,0.0,74.0,67.0,71.0,75.0,72.0,81.0,0,0,0,77.0,43.0,38.0,0.0,0,0,0,0
80,264.0,26.0,6.0,0.0,0.0,75.0,75.0,0.0,72.0,70.0,65.0,74.0,66.0,72.0,0,0,0,70.0,59.0,57.0,0.0,0,0,0,0
75,252.0,23.0,10.0,0.0,0.0,69.0,81.0,0.0,82.0,62.0,64.0,79.0,66.0,84.0,0,0,0,60.0,54.0,45.0,0.0,0,0,0,0
79,269.0,25.0,2.0,0.0,0.0,66.0,79.0,0.0,75.0,67.0,51.0,72.0,65.0,70.0,0,0,0,70.0,54.0,49.0,0.0,0,0,0,0
76,255.0,26.0,22.0,0.0,0.0,79.0,67.0,0.0,66.0,77.0,75.0,76.0,49.0,71.0,0,0,0,65.0,60.0,52.0,0.0,0,0,0,0
80,270.0,26.0,0.0,0.0,0.0,68.0,72.0,0.0,76.0,70.0,51.0,70.0,70.0,78.0,0,0,0,65.0,58.0,59.0,0.0,0,0,0,0
76,238.0,25.0,0.0,0.0,0.0,56.0,74.0,0.0,75.0,62.0,48.0,72.0,66.0,75.0,0,0,0,72.0,49.0,45.0,0.0,0,0,0,0
0,0.0,0.0,23.0,0.0,0.0,86.0,0.0,0.0,0.0,0.0,0.0,0.0,0.0,0.0,0,0,0,0.0,0.0,0.0,0.0,0,0,0,0
0,0.0,0.0,14.0,0.0,0.0,74.0,0.0,0.0,0.0,0.0,0.0,0.0,0.0,0.0,0,0,0,0.0,0.0,0.0,0.0,0,0,0,0
0,0.0,0.0,2.0,0.0,0.0,63.0,0.0,0.0,0.0,0.0,0.0,0.0,0.0,0.0,0,0,0,0.0,0.0,0.0,0.0,0,0,0,0
78,265.0,21.0,78.0,4.0,5.0,77.0,74.0,0.0,72.0,70.0,42.0,80.0,79.0,85.0,0,0,0,87.0,66.0,62.0,0.0,0,0,0,0
74,262.0,32.0,41.0,0.0,4.0,74.0,68.0,0.0,68.0,74.0,75.0,74.0,77.0,75.0,0,0,0,70.0,60.0,50.0,0.0,0,0,0,0
73,250.0,20.0,21.0,0.0,0.0,68.0,82.0,0.0,86.0,63.0,52.0,85.0,88.0,74.0,0,0,0,55.0,48.0,43.0,0.0,0,0,0,0
77,251.0,30.0,48.0,1.0,4.0,86.0,78.0,0.0,82.0,72.0,85.0,87.0,84.0,85.0,0,0,0,75.0,55.0,50.0,0.0,0,0,0,0
75,248.0,27.0,9.0,0.0,0.0,78.0,74.0,0.0,78.0,68.0,73.0,79.0,79.0,84.0,0,0,0,70.0,57.0,54.0,0.0,0,0,0,0
78,260.0,21.0,61.0,1.0,5.0,64.0,85.0,0.0,84.0,63.0,36.0,76.0,69.0,77.0,0,0,0,65.0,45.0,40.0,0.0,0,0,0,0
78,253.0,26.0,17.0,0.0,0.0,81.0,73.0,0.0,75.0,74.0,74.0,82.0,75.0,85.0,0,0,0,75.0,62.0,56.0,0.0,0,0,0,0
75,239.0,23.0,2.0,0.0,0.0,63.0,84.0,0.0,86.0,59.0,62.0,85.0,78.0,79.0,0,0,0,79.0,40.0,35.0,0.0,0,0,0,0
77,251.0,24.0,3.0,0.0,0.0,63.0,63.0,0.0,67.0,72.0,55.0,71.0,51.0,75.0,0,0,0,85.0,64.0,57.0,0.0,0,0,0,0
74,248.0,25.0,22.0,0.0,0.0,82.0,86.0,0.0,87.0,68.0,76.0,82.0,83.0,85.0,0,0,0,82.0,55.0,46.0,0.0,0,0,0,0
76,270.0,30.0,2.0,0.0,0.0,64.0,58.0,0.0,63.0,72.0,62.0,77.0,47.0,62.0,0,0,0,69.0,62.0,56.0,0.0,0,0,0,0
77,255.0,24.0,28.0,0.0,1.0,86.0,78.0,0.0,80.0,66.0,83.0,87.0,77.0,88.0,0,0,0,85.0,50.0,48.0,0.0,0,0,0,0
77,255.0,24.0,12.0,0.0,0.0,86.0,78.0,0.0,80.0,66.0,83.0,87.0,77.0,88.0,0,0,0,85.0,50.0,48.0,0.0,0,0,0,0
77,260.0,31.0,0.0,0.0,0.0,69.0,66.0,0.0,63.0,69.0,74.0,75.0,67.0,69.0,0,0,0,68.0,58.0,55.0,0.0,0,0,0,0
77,260.0,31.0,5.0,0.0,0.0,69.0,66.0,0.0,63.0,69.0,74.0,75.0,67.0,69.0,0,0,0,68.0,58.0,55.0,0.0,0,0,0,0
76,250.0,25.0,12.0,0.0,0.0,66.0,72.0,0.0,74.0,65.0,55.0,73.0,65.0,77.0,0,0,0,75.0,54.0,52.0,0.0,0,0,0,0
76,255.0,25.0,35.0,0.0,0.0,88.0,78.0,0.0,79.0,74.0,85.0,89.0,84.0,93.0,0,0,0,82.0,57.0,50.0,0.0,0,0,0,0
76,245.0,25.0,0.0,0.0,0.0,63.0,84.0,0.0,85.0,65.0,60.0,83.0,87.0,76.0,0,0,0,78.0,44.0,40.0,0.0,0,0,0,0
74,252.0,23.0,7.0,0.0,0.0,62.0,84.0,0.0,85.0,54.0,30.0,79.0,88.0,73.0,0,0,0,54.0,53.0,49.0,0.0,0,0,0,0
77,256.0,27.0,45.0,0.0,2.0,90.0,72.0,0.0,75.0,75.0,85.0,88.0,65.0,90.0,0,0,0,79.0,59.0,54.0,0.0,0,0,0,0
74,260.0,23.0,3.0,0.0,0.0,69.0,75.0,0.0,76.0,78.0,50.0,64.0,50.0,62.0,0,0,0,75.0,67.0,58.0,0.0,0,0,0,0
74,260.0,23.0,42.0,1.0,1.0,69.0,75.0,0.0,76.0,78.0,50.0,64.0,50.0,62.0,0,0,0,75.0,67.0,58.0,0.0,0,0,0,0
77,265.0,28.0,2.0,0.0,0.0,68.0,62.0,0.0,57.0,77.0,62.0,66.0,40.0,65.0,0,0,0,60.0,65.0,54.0,0.0,0,0,0,0
79,270.0,26.0,2.0,0.0,0.0,66.0,63.0,0.0,67.0,68.0,74.0,82.0,68.0,82.0,0,0,0,65.0,56.0,52.0,0.0,0,0,0,0
76,260.0,30.0,0.0,0.0,0.0,96.0,84.0,0.0,87.0,77.0,92.0,92.0,95.0,93.0,0,0,0,94.0,58.0,48.0,0.0,0,0,0,0
74,245.0,28.0,3.0,0.0,0.0,73.0,72.0,0.0,74.0,64.0,67.0,76.0,65.0,72.0,0,0,0,71.0,53.0,50.0,0.0,0,0,0,0
76,246.0,21.0,0.0,0.0,0.0,54.0,79.0,0.0,82.0,60.0,40.0,68.0,60.0,70.0,0,0,0,73.0,52.0,42.0,0.0,0,0,0,0
75,250.0,26.0,51.0,0.0,2.0,96.0,90.0,0.0,87.0,84.0,76.0,84.0,83.0,79.0,0,0,0,88.0,74.0,50.0,0.0,0,0,0,0
72,242.0,26.0,39.0,0.0,3.0,66.0,83.0,0.0,84.0,69.0,61.0,75.0,68.0,66.0,0,0,0,77.0,50.0,40.0,0.0,0,0,0,0
76,268.0,22.0,0.0,0.0,0.0,63.0,65.0,0.0,64.0,81.0,44.0,67.0,32.0,74.0,0,0,0,54.0,72.0,62.0,0.0,0,0,0,0
77,251.0,26.0,16.0,0.0,0.0,84.0,74.0,0.0,75.0,76.0,79.0,86.0,70.0,87.0,0,0,0,75.0,61.0,55.0,0.0,0,0,0,0
75,261.0,30.0,13.0,0.0,0.0,77.0,70.0,0.0,67.0,70.0,74.0,75.0,65.0,80.0,0,0,0,78.0,60.0,58.0,0.0,0,0,0,0
75,261.0,30.0,0.0,0.0,0.0,77.0,70.0,0.0,67.0,70.0,74.0,75.0,65.0,80.0,0,0,0,78.0,60.0,58.0,0.0,0,0,0,0
77,259.0,22.0,4.0,0.0,0.0,64.0,75.0,0.0,82.0,68.0,35.0,76.0,80.0,75.0,0,0,0,50.0,55.0,44.0,0.0,0,0,0,0
75,251.0,23.0,2.0,0.0,0.0,54.0,83.0,0.0,86.0,67.0,45.0,79.0,63.0,72.0,0,0,0,62.0,55.0,52.0,0.0,0,0,0,0
77,252.0,27.0,0.0,0.0,0.0,69.0,78.0,0.0,73.0,76.0,49.0,72.0,72.0,68.0,0,0,0,68.0,59.0,50.0,0.0,0,0,0,0
76,259.0,27.0,2.0,0.0,0.0,68.0,61.0,0.0,65.0,75.0,55.0,66.0,50.0,62.0,0,0,0,66.0,52.0,45.0,0.0,0,0,0,0
76,272.0,27.0,0.0,0.0,0.0,66.0,76.0,0.0,78.0,66.0,62.0,71.0,75.0,73.0,0,0,0,66.0,53.0,50.0,0.0,0,0,0,0
75,264.0,22.0,5.0,0.0,0.0,63.0,67.0,0.0,68.0,78.0,42.0,67.0,62.0,78.0,0,0,0,55.0,67.0,55.0,0.0,0,0,0,0
76,240.0,27.0,63.0,3.0,5.0,89.0,84.0,0.0,86.0,70.0,80.0,84.0,93.0,85.0,0,0,0,92.0,58.0,53.0,0.0,0,0,0,0
76,240.0,27.0,37.0,0.0,1.0,89.0,84.0,0.0,86.0,70.0,80.0,84.0,93.0,85.0,0,0,0,92.0,58.0,53.0,0.0,0,0,0,0
79,260.0,30.0,18.0,0.0,0.0,76.0,77.0,0.0,74.0,65.0,67.0,73.0,70.0,64.0,0,0,0,70.0,58.0,58.0,0.0,0,0,0,0
77,257.0,30.0,0.0,0.0,0.0,70.0,63.0,0.0,63.0,74.0,64.0,75.0,52.0,54.0,0,0,0,50.0,65.0,62.0,0.0,0,0,0,0
77,257.0,30.0,3.0,0.0,0.0,70.0,63.0,0.0,63.0,74.0,64.0,75.0,52.0,54.0,0,0,0,50.0,65.0,62.0,0.0,0,0,0,0
75,250.0,28.0,34.0,0.0,2.0,89.0,78.0,0.0,85.0,69.0,87.0,89.0,79.0,88.0,0,0,0,88.0,54.0,54.0,0.0,0,0,0,0
76,257.0,24.0,0.0,0.0,2.0,76.0,79.0,0.0,83.0,67.0,67.0,80.0,86.0,85.0,0,0,0,77.0,52.0,49.0,0.0,0,0,0,0
76,257.0,24.0,0.0,0.0,0.0,76.0,79.0,0.0,83.0,67.0,67.0,80.0,86.0,85.0,0,0,0,77.0,52.0,49.0,0.0,0,0,0,0
76,257.0,24.0,0.0,0.0,0.0,76.0,79.0,0.0,83.0,67.0,67.0,80.0,86.0,85.0,0,0,0,77.0,52.0,49.0,0.0,0,0,0,0
76,257.0,24.0,14.0,0.0,0.0,76.0,79.0,0.0,83.0,67.0,67.0,80.0,86.0,85.0,0,0,0,77.0,52.0,49.0,0.0,0,0,0,0
77,260.0,29.0,1.0,0.0,0.0,72.0,67.0,0.0,65.0,73.0,74.0,75.0,58.0,74.0,0,0,0,66.0,58.0,52.0,0.0,0,0,0,0
0,0.0,0.0,4.0,0.0,0.0,71.0,72.0,75.0,74.0,65.0,66.0,0.0,0.0,0.0,0,0,0,0.0,0.0,0.0,0.0,0,0,0,0
0,0.0,0.0,0.0,0.0,0.0,70.0,69.0,73.0,68.0,73.0,77.0,0.0,0.0,0.0,0,0,0,0.0,0.0,0.0,0.0,0,0,0,0
0,0.0,0.0,0.0,0.0,0.0,68.0,71.0,72.0,67.0,69.0,84.0,0.0,0.0,0.0,0,0,0,0.0,0.0,0.0,0.0,0,0,0,0
0,0.0,0.0,9.0,0.0,0.0,66.0,85.0,91.0,86.0,64.0,50.0,0.0,0.0,0.0,0,0,0,0.0,0.0,0.0,0.0,0,0,0,0
0,0.0,0.0,3.0,0.0,0.0,62.0,72.0,75.0,74.0,70.0,62.0,0.0,0.0,0.0,0,0,0,0.0,0.0,0.0,0.0,0,0,0,0
0,0.0,0.0,95.0,6.0,14.0,92.0,78.0,76.0,77.0,70.0,95.0,0.0,0.0,0.0,0,0,0,0.0,0.0,0.0,0.0,0,0,0,0
0,0.0,0.0,8.0,0.0,0.0,66.0,64.0,76.0,69.0,69.0,63.0,0.0,0.0,0.0,0,0,0,0.0,0.0,0.0,0.0,0,0,0,0
0,0.0,0.0,0.0,0.0,0.0,63.0,77.0,87.0,77.0,64.0,60.0,0.0,0.0,0.0,0,0,0,0.0,0.0,0.0,0.0,0,0,0,0
0,0.0,0.0,0.0,0.0,0.0,60.0,62.0,66.0,64.0,76.0,87.0,0.0,0.0,0.0,0,0,0,0.0,0.0,0.0,0.0,0,0,0,0
0,0.0,0.0,0.0,0.0,0.0,57.0,69.0,77.0,68.0,74.0,48.0,0.0,0.0,0.0,0,0,0,0.0,0.0,0.0,0.0,0,0,0,0
0,0.0,0.0,43.0,0.0,2.0,84.0,82.0,81.0,83.0,62.0,87.0,0.0,0.0,0.0,0,0,0,0.0,0.0,0.0,0.0,0,0,0,0
0,0.0,0.0,16.0,0.0,0.0,72.0,83.0,86.0,83.0,69.0,62.0,0.0,0.0,0.0,0,0,0,0.0,0.0,0.0,0.0,0,0,0,0
0,0.0,0.0,16.0,0.0,0.0,65.0,81.0,72.0,79.0,55.0,60.0,0.0,0.0,0.0,0,0,0,0.0,0.0,0.0,0.0,0,0,0,0
0,0.0,0.0,0.0,0.0,0.0,55.0,75.0,79.0,76.0,66.0,39.0,0.0,0.0,0.0,0,0,0,0.0,0.0,0.0,0.0,0,0,0,0
0,0.0,0.0,1.0,0.0,0.0,73.0,83.0,87.0,85.0,64.0,58.0,0.0,0.0,0.0,0,0,0,0.0,0.0,0.0,0.0,0,0,0,0
0,0.0,0.0,1.0,0.0,0.0,69.0,75.0,74.0,72.0,69.0,68.0,0.0,0.0,0.0,0,0,0,0.0,0.0,0.0,0.0,0,0,0,0
0,0.0,0.0,12.0,0.0,0.0,69.0,75.0,74.0,72.0,69.0,68.0,0.0,0.0,0.0,0,0,0,0.0,0.0,0.0,0.0,0,0,0,0
0,0.0,0.0,0.0,0.0,0.0,67.0,72.0,82.0,72.0,66.0,65.0,0.0,0.0,0.0,0,0,0,0.0,0.0,0.0,0.0,0,0,0,0
0,0.0,0.0,18.0,0.0,0.0,63.0,66.0,74.0,73.0,62.0,55.0,0.0,0.0,0.0,0,0,0,0.0,0.0,0.0,0.0,0,0,0,0
0,0.0,0.0,48.0,1.0,4.0,81.0,77.0,79.0,79.0,72.0,84.0,0.0,0.0,0.0,0,0,0,0.0,0.0,0.0,0.0,0,0,0,0
0,0.0,0.0,10.0,0.0,0.0,69.0,66.0,78.0,66.0,76.0,77.0,0.0,0.0,0.0,0,0,0,0.0,0.0,0.0,0.0,0,0,0,0
0,0.0,0.0,14.0,0.0,1.0,68.0,82.0,84.0,75.0,68.0,55.0,0.0,0.0,0.0,0,0,0,0.0,0.0,0.0,0.0,0,0,0,0
0,0.0,0.0,9.0,0.0,0.0,68.0,72.0,75.0,76.0,74.0,67.0,0.0,0.0,0.0,0,0,0,0.0,0.0,0.0,0.0,0,0,0,0
0,0.0,0.0,60.0,0.0,3.0,86.0,87.0,88.0,85.0,65.0,78.0,0.0,0.0,0.0,0,0,0,0.0,0.0,0.0,0.0,0,0,0,0
0,0.0,0.0,27.0,0.0,0.0,74.0,69.0,73.0,74.0,72.0,80.0,0.0,0.0,0.0,0,0,0,0.0,0.0,0.0,0.0,0,0,0,0
0,0.0,0.0,5.0,0.0,0.0,66.0,78.0,80.0,75.0,64.0,57.0,0.0,0.0,0.0,0,0,0,0.0,0.0,0.0,0.0,0,0,0,0
0,0.0,0.0,28.0,0.0,2.0,80.0,83.0,87.0,86.0,70.0,65.0,0.0,0.0,0.0,0,0,0,0.0,0.0,0.0,0.0,0,0,0,0
0,0.0,0.0,0.0,0.0,0.0,66.0,71.0,77.0,75.0,59.0,47.0,0.0,0.0,0.0,0,0,0,0.0,0.0,0.0,0.0,0,0,0,0
0,0.0,0.0,1.0,0.0,0.0,65.0,74.0,84.0,80.0,68.0,48.0,0.0,0.0,0.0,0,0,0,0.0,0.0,0.0,0.0,0,0,0,0
0,0.0,0.0,11.0,0.0,1.0,59.0,73.0,74.0,69.0,74.0,68.0,0.0,0.0,0.0,0,0,0,0.0,0.0,0.0,0.0,0,0,0,0
0,0.0,0.0,40.0,0.0,0.0,83.0,85.0,87.0,79.0,70.0,80.0,0.0,0.0,0.0,0,0,0,0.0,0.0,0.0,0.0,0,0,0,0
0,0.0,0.0,0.0,0.0,0.0,75.0,78.0,84.0,80.0,66.0,69.0,0.0,0.0,0.0,0,0,0,0.0,0.0,0.0,0.0,0,0,0,0
0,0.0,0.0,98.0,0.0,3.0,72.0,74.0,73.0,74.0,67.0,74.0,0.0,0.0,0.0,0,0,0,0.0,0.0,0.0,0.0,0,0,0,0
0,0.0,0.0,11.0,0.0,3.0,72.0,74.0,73.0,74.0,67.0,74.0,0.0,0.0,0.0,0,0,0,0.0,0.0,0.0,0.0,0,0,0,0
0,0.0,0.0,0.0,0.0,0.0,63.0,74.0,75.0,70.0,69.0,56.0,0.0,0.0,0.0,0,0,0,0.0,0.0,0.0,0.0,0,0,0,0
0,0.0,0.0,13.0,0.0,1.0,61.0,84.0,88.0,86.0,66.0,37.0,0.0,0.0,0.0,0,0,0,0.0,0.0,0.0,0.0,0,0,0,0
0,0.0,0.0,80.0,2.0,11.0,96.0,75.0,81.0,79.0,75.0,94.0,0.0,0.0,0.0,0,0,0,0.0,0.0,0.0,0.0,0,0,0,0
0,0.0,0.0,35.0,0.0,1.0,73.0,78.0,80.0,78.0,66.0,54.0,0.0,0.0,0.0,0,0,0,0.0,0.0,0.0,0.0,0,0,0,0
0,0.0,0.0,0.0,0.0,0.0,69.0,77.0,84.0,76.0,68.0,50.0,0.0,0.0,0.0,0,0,0,0.0,0.0,0.0,0.0,0,0,0,0
0,0.0,0.0,0.0,0.0,0.0,69.0,72.0,70.0,68.0,74.0,65.0,0.0,0.0,0.0,0,0,0,0.0,0.0,0.0,0.0,0,0,0,0
0,0.0,0.0,2.0,0.0,0.0,69.0,72.0,70.0,68.0,74.0,65.0,0.0,0.0,0.0,0,0,0,0.0,0.0,0.0,0.0,0,0,0,0
0,0.0,0.0,0.0,0.0,0.0,60.0,70.0,75.0,72.0,72.0,65.0,0.0,0.0,0.0,0,0,0,0.0,0.0,0.0,0.0,0,0,0,0
0,0.0,0.0,0.0,0.0,0.0,67.0,69.0,74.0,71.0,80.0,63.0,0.0,0.0,0.0,0,0,0,0.0,0.0,0.0,0.0,0,0,0,0
0,0.0,0.0,21.0,0.0,2.0,64.0,83.0,88.0,88.0,68.0,41.0,0.0,0.0,0.0,0,0,0,0.0,0.0,0.0,0.0,0,0,0,0
0,0.0,0.0,8.0,0.0,0.0,63.0,81.0,84.0,84.0,64.0,47.0,0.0,0.0,0.0,0,0,0,0.0,0.0,0.0,0.0,0,0,0,0
0,0.0,0.0,1.0,0.0,0.0,62.0,72.0,74.0,67.0,69.0,62.0,0.0,0.0,0.0,0,0,0,0.0,0.0,0.0,0.0,0,0,0,0
0,0.0,0.0,22.0,0.0,0.0,81.0,73.0,78.0,74.0,76.0,85.0,0.0,0.0,0.0,0,0,0,0.0,0.0,0.0,0.0,0,0,0,0
0,0.0,0.0,24.0,0.0,0.0,75.0,82.0,84.0,84.0,64.0,74.0,0.0,0.0,0.0,0,0,0,0.0,0.0,0.0,0.0,0,0,0,0
0,0.0,0.0,0.0,0.0,0.0,63.0,60.0,70.0,65.0,70.0,75.0,0.0,0.0,0.0,0,0,0,0.0,0.0,0.0,0.0,0,0,0,0
0,0.0,0.0,0.0,0.0,0.0,52.0,65.0,67.0,62.0,78.0,76.0,0.0,0.0,0.0,0,0,0,0.0,0.0,0.0,0.0,0,0,0,0
0,0.0,0.0,27.0,0.0,0.0,90.0,86.0,89.0,87.0,75.0,75.0,0.0,0.0,0.0,0,0,0,0.0,0.0,0.0,0.0,0,0,0,0
0,0.0,0.0,48.0,0.0,0.0,68.0,83.0,90.0,85.0,65.0,50.0,0.0,0.0,0.0,0,0,0,0.0,0.0,0.0,0.0,0,0,0,0
0,0.0,0.0,4.0,0.0,0.0,68.0,83.0,90.0,85.0,65.0,50.0,0.0,0.0,0.0,0,0,0,0.0,0.0,0.0,0.0,0,0,0,0
0,0.0,0.0,9.0,0.0,0.0,68.0,79.0,81.0,77.0,69.0,64.0,0.0,0.0,0.0,0,0,0,0.0,0.0,0.0,0.0,0,0,0,0
0,0.0,0.0,0.0,0.0,0.0,60.0,73.0,80.0,72.0,77.0,53.0,0.0,0.0,0.0,0,0,0,0.0,0.0,0.0,0.0,0,0,0,0
0,0.0,0.0,0.0,0.0,0.0,59.0,78.0,79.0,75.0,74.0,62.0,0.0,0.0,0.0,0,0,0,0.0,0.0,0.0,0.0,0,0,0,0
0,0.0,0.0,41.0,0.0,2.0,86.0,83.0,82.0,84.0,65.0,85.0,0.0,0.0,0.0,0,0,0,0.0,0.0,0.0,0.0,0,0,0,0
0,0.0,0.0,16.0,0.0,0.0,70.0,75.0,82.0,74.0,72.0,74.0,0.0,0.0,0.0,0,0,0,0.0,0.0,0.0,0.0,0,0,0,0
0,0.0,0.0,7.0,0.0,0.0,67.0,73.0,75.0,77.0,60.0,62.0,0.0,0.0,0.0,0,0,0,0.0,0.0,0.0,0.0,0,0,0,0
0,0.0,0.0,0.0,0.0,0.0,62.0,73.0,68.0,70.0,75.0,42.0,0.0,0.0,0.0,0,0,0,0.0,0.0,0.0,0.0,0,0,0,0
0,0.0,0.0,51.0,1.0,1.0,96.0,87.0,89.0,86.0,67.0,93.0,0.0,0.0,0.0,0,0,0,0.0,0.0,0.0,0.0,0,0,0,0
0,0.0,0.0,21.0,0.0,0.0,83.0,83.0,87.0,82.0,65.0,80.0,0.0,0.0,0.0,0,0,0,0.0,0.0,0.0,0.0,0,0,0,0
0,0.0,0.0,2.0,0.0,0.0,70.0,70.0,75.0,68.0,68.0,61.0,0.0,0.0,0.0,0,0,0,0.0,0.0,0.0,0.0,0,0,0,0
0,0.0,0.0,0.0,0.0,0.0,61.0,69.0,75.0,75.0,80.0,62.0,0.0,0.0,0.0,0,0,0,0.0,0.0,0.0,0.0,0,0,0,0
0,0.0,0.0,0.0,0.0,0.0,55.0,67.0,65.0,65.0,69.0,85.0,0.0,0.0,0.0,0,0,0,0.0,0.0,0.0,0.0,0,0,0,0
0,0.0,0.0,35.0,0.0,1.0,90.0,73.0,79.0,74.0,82.0,88.0,0.0,0.0,0.0,0,0,0,0.0,0.0,0.0,0.0,0,0,0,0
0,0.0,0.0,28.0,0.0,1.0,73.0,83.0,87.0,85.0,64.0,62.0,0.0,0.0,0.0,0,0,0,0.0,0.0,0.0,0.0,0,0,0,0
0,0.0,0.0,12.0,0.0,0.0,73.0,83.0,87.0,85.0,64.0,62.0,0.0,0.0,0.0,0,0,0,0.0,0.0,0.0,0.0,0,0,0,0
0,0.0,0.0,0.0,0.0,0.0,56.0,72.0,82.0,64.0,77.0,55.0,0.0,0.0,0.0,0,0,0,0.0,0.0,0.0,0.0,0,0,0,0
0,0.0,0.0,6.0,0.0,0.0,75.0,75.0,76.0,72.0,70.0,75.0,0.0,0.0,0.0,0,0,0,0.0,0.0,0.0,0.0,0,0,0,0
0,0.0,0.0,2.0,0.0,0.0,65.0,78.0,83.0,75.0,66.0,61.0,0.0,0.0,0.0,0,0,0,0.0,0.0,0.0,0.0,0,0,0,0
0,0.0,0.0,0.0,0.0,0.0,65.0,72.0,74.0,70.0,72.0,68.0,0.0,0.0,0.0,0,0,0,0.0,0.0,0.0,0.0,0,0,0,0
0,0.0,0.0,0.0,0.0,0.0,57.0,72.0,75.0,72.0,74.0,55.0,0.0,0.0,0.0,0,0,0,0.0,0.0,0.0,0.0,0,0,0,0
0,0.0,0.0,0.0,0.0,0.0,54.0,77.0,82.0,78.0,63.0,35.0,0.0,0.0,0.0,0,0,0,0.0,0.0,0.0,0.0,0,0,0,0
0,0.0,0.0,22.0,0.0,0.0,75.0,69.0,73.0,68.0,78.0,84.0,0.0,0.0,0.0,0,0,0,0.0,0.0,0.0,0.0,0,0,0,0
0,0.0,0.0,29.0,0.0,0.0,66.0,79.0,87.0,74.0,67.0,54.0,0.0,0.0,0.0,0,0,0,0.0,0.0,0.0,0.0,0,0,0,0
0,0.0,0.0,0.0,0.0,0.0,63.0,72.0,75.0,76.0,70.0,51.0,0.0,0.0,0.0,0,0,0,0.0,0.0,0.0,0.0,0,0,0,0
0,0.0,0.0,0.0,0.0,0.0,62.0,70.0,72.0,69.0,68.0,69.0,0.0,0.0,0.0,0,0,0,0.0,0.0,0.0,0.0,0,0,0,0
0,0.0,0.0,42.0,0.0,2.0,58.0,71.0,74.0,72.0,70.0,40.0,0.0,0.0,0.0,0,0,0,0.0,0.0,0.0,0.0,0,0,0,0
0,0.0,0.0,0.0,0.0,0.0,58.0,71.0,74.0,72.0,70.0,40.0,0.0,0.0,0.0,0,0,0,0.0,0.0,0.0,0.0,0,0,0,0
0,0.0,0.0,0.0,0.0,0.0,55.0,79.0,85.0,82.0,60.0,40.0,0.0,0.0,0.0,0,0,0,0.0,0.0,0.0,0.0,0,0,0,0
0,0.0,0.0,23.0,0.0,0.0,84.0,80.0,84.0,78.0,74.0,81.0,84.0,0.0,0.0,0,0,0,0.0,0.0,0.0,0.0,0,0,0,0
0,0.0,0.0,36.0,0.0,2.0,73.0,80.0,82.0,76.0,72.0,54.0,84.0,0.0,0.0,0,0,0,0.0,0.0,0.0,0.0,0,0,0,0
0,0.0,0.0,2.0,0.0,0.0,66.0,69.0,72.0,70.0,74.0,78.0,72.0,0.0,0.0,0,0,0,0.0,0.0,0.0,0.0,0,0,0,0
0,0.0,0.0,14.0,0.0,0.0,66.0,65.0,70.0,55.0,85.0,85.0,65.0,0.0,0.0,0,0,0,0.0,0.0,0.0,0.0,0,0,0,0
0,0.0,0.0,0.0,0.0,0.0,63.0,67.0,66.0,65.0,70.0,79.0,60.0,0.0,0.0,0,0,0,0.0,0.0,0.0,0.0,0,0,0,0
0,0.0,0.0,78.0,4.0,5.0,84.0,79.0,83.0,77.0,79.0,70.0,0.0,0.0,0.0,0,0,0,0.0,0.0,0.0,0.0,0,0,0,0
0,0.0,0.0,21.0,0.0,0.0,82.0,84.0,90.0,87.0,62.0,67.0,0.0,0.0,0.0,0,0,0,0.0,0.0,0.0,0.0,0,0,0,0
0,0.0,0.0,41.0,0.0,4.0,73.0,68.0,71.0,68.0,74.0,75.0,0.0,0.0,0.0,0,0,0,0.0,0.0,0.0,0.0,0,0,0,0
0,0.0,0.0,21.0,0.0,0.0,64.0,68.0,76.0,72.0,80.0,48.0,0.0,0.0,0.0,0,0,0,0.0,0.0,0.0,0.0,0,0,0,0
0,0.0,0.0,61.0,1.0,5.0,77.0,85.0,88.0,84.0,68.0,67.0,0.0,0.0,0.0,0,0,0,0.0,0.0,0.0,0.0,0,0,0,0
0,0.0,0.0,9.0,0.0,0.0,76.0,74.0,82.0,76.0,66.0,73.0,0.0,0.0,0.0,0,0,0,0.0,0.0,0.0,0.0,0,0,0,0
0,0.0,0.0,0.0,0.0,0.0,61.0,74.0,82.0,76.0,66.0,59.0,0.0,0.0,0.0,0,0,0,0.0,0.0,0.0,0.0,0,0,0,0
0,0.0,0.0,17.0,0.0,0.0,77.0,73.0,74.0,75.0,74.0,73.0,0.0,0.0,0.0,0,0,0,0.0,0.0,0.0,0.0,0,0,0,0
0,0.0,0.0,2.0,0.0,0.0,71.0,84.0,86.0,86.0,59.0,65.0,0.0,0.0,0.0,0,0,0,0.0,0.0,0.0,0.0,0,0,0,0
0,0.0,0.0,0.0,0.0,0.0,56.0,66.0,72.0,65.0,75.0,42.0,0.0,0.0,0.0,0,0,0,0.0,0.0,0.0,0.0,0,0,0,0
0,0.0,0.0,22.0,0.0,0.0,85.0,86.0,91.0,87.0,67.0,74.0,0.0,0.0,0.0,0,0,0,0.0,0.0,0.0,0.0,0,0,0,0
0,0.0,0.0,0.0,0.0,0.0,57.0,65.0,75.0,65.0,78.0,64.0,0.0,0.0,0.0,0,0,0,0.0,0.0,0.0,0.0,0,0,0,0
0,0.0,0.0,0.0,0.0,0.0,57.0,85.0,80.0,76.0,75.0,40.0,0.0,0.0,0.0,0,0,0,0.0,0.0,0.0,0.0,0,0,0,0
0,0.0,0.0,0.0,0.0,0.0,51.0,66.0,69.0,62.0,75.0,52.0,0.0,0.0,0.0,0,0,0,0.0,0.0,0.0,0.0,0,0,0,0
0,0.0,0.0,28.0,0.0,1.0,89.0,82.0,85.0,80.0,70.0,85.0,0.0,0.0,0.0,0,0,0,0.0,0.0,0.0,0.0,0,0,0,0
0,0.0,0.0,12.0,0.0,0.0,89.0,82.0,85.0,80.0,70.0,85.0,0.0,0.0,0.0,0,0,0,0.0,0.0,0.0,0.0,0,0,0,0
0,0.0,0.0,12.0,0.0,0.0,65.0,72.0,76.0,74.0,65.0,55.0,0.0,0.0,0.0,0,0,0,0.0,0.0,0.0,0.0,0,0,0,0
0,0.0,0.0,0.0,0.0,0.0,61.0,76.0,82.0,73.0,66.0,52.0,0.0,0.0,0.0,0,0,0,0.0,0.0,0.0,0.0,0,0,0,0
0,0.0,0.0,0.0,0.0,0.0,60.0,80.0,85.0,76.0,77.0,42.0,0.0,0.0,0.0,0,0,0,0.0,0.0,0.0,0.0,0,0,0,0
0,0.0,0.0,35.0,0.0,0.0,83.0,77.0,81.0,76.0,72.0,88.0,0.0,0.0,0.0,0,0,0,0.0,0.0,0.0,0.0,0,0,0,0
0,0.0,0.0,7.0,0.0,0.0,66.0,84.0,87.0,85.0,55.0,45.0,0.0,0.0,0.0,0,0,0,0.0,0.0,0.0,0.0,0,0,0,0
0,0.0,0.0,0.0,0.0,0.0,64.0,84.0,88.0,85.0,65.0,40.0,0.0,0.0,0.0,0,0,0,0.0,0.0,0.0,0.0,0,0,0,0
0,0.0,0.0,0.0,0.0,0.0,57.0,74.0,76.0,73.0,65.0,54.0,0.0,0.0,0.0,0,0,0,0.0,0.0,0.0,0.0,0,0,0,0
0,0.0,0.0,45.0,0.0,2.0,85.0,72.0,76.0,75.0,75.0,85.0,0.0,0.0,0.0,0,0,0,0.0,0.0,0.0,0.0,0,0,0,0
0,0.0,0.0,2.0,0.0,0.0,67.0,63.0,72.0,67.0,68.0,74.0,0.0,0.0,0.0,0,0,0,0.0,0.0,0.0,0.0,0,0,0,0
0,0.0,0.0,0.0,0.0,0.0,59.0,69.0,75.0,68.0,75.0,46.0,0.0,0.0,0.0,0,0,0,0.0,0.0,0.0,0.0,0,0,0,0
0,0.0,0.0,0.0,0.0,0.0,99.0,84.0,88.0,87.0,78.0,95.0,0.0,0.0,0.0,0,0,0,0.0,0.0,0.0,0.0,0,0,0,0
0,0.0,0.0,33.0,0.0,0.0,77.0,73.0,75.0,78.0,68.0,74.0,0.0,0.0,0.0,0,0,0,0.0,0.0,0.0,0.0,0,0,0,0
0,0.0,0.0,3.0,0.0,0.0,72.0,72.0,80.0,74.0,64.0,67.0,0.0,0.0,0.0,0,0,0,0.0,0.0,0.0,0.0,0,0,0,0
0,0.0,0.0,0.0,0.0,0.0,62.0,74.0,78.0,75.0,62.0,58.0,0.0,0.0,0.0,0,0,0,0.0,0.0,0.0,0.0,0,0,0,0
0,0.0,0.0,0.0,0.0,0.0,62.0,80.0,74.0,76.0,65.0,39.0,0.0,0.0,0.0,0,0,0,0.0,0.0,0.0,0.0,0,0,0,0
0,0.0,0.0,51.0,0.0,2.0,91.0,90.0,92.0,88.0,88.0,77.0,0.0,0.0,0.0,0,0,0,0.0,0.0,0.0,0.0,0,0,0,0
0,0.0,0.0,39.0,0.0,3.0,70.0,86.0,88.0,85.0,69.0,66.0,0.0,0.0,0.0,0,0,0,0.0,0.0,0.0,0.0,0,0,0,0
0,0.0,0.0,0.0,0.0,0.0,62.0,75.0,72.0,72.0,63.0,61.0,0.0,0.0,0.0,0,0,0,0.0,0.0,0.0,0.0,0,0,0,0
0,0.0,0.0,0.0,0.0,2.0,61.0,69.0,72.0,67.0,69.0,88.0,0.0,0.0,0.0,0,0,0,0.0,0.0,0.0,0.0,0,0,0,0
0,0.0,0.0,0.0,0.0,0.0,58.0,65.0,70.0,64.0,81.0,54.0,0.0,0.0,0.0,0,0,0,0.0,0.0,0.0,0.0,0,0,0,0
0,0.0,0.0,16.0,0.0,0.0,76.0,73.0,72.0,72.0,76.0,77.0,0.0,0.0,0.0,0,0,0,0.0,0.0,0.0,0.0,0,0,0,0
0,0.0,0.0,2.0,0.0,0.0,67.0,84.0,87.0,85.0,67.0,62.0,0.0,0.0,0.0,0,0,0,0.0,0.0,0.0,0.0,0,0,0,0
0,0.0,0.0,4.0,0.0,0.0,63.0,75.0,83.0,82.0,68.0,35.0,0.0,0.0,0.0,0,0,0,0.0,0.0,0.0,0.0,0,0,0,0
0,0.0,0.0,0.0,0.0,0.0,58.0,90.0,85.0,82.0,62.0,45.0,0.0,0.0,0.0,0,0,0,0.0,0.0,0.0,0.0,0,0,0,0
0,0.0,0.0,2.0,0.0,0.0,72.0,68.0,76.0,70.0,75.0,75.0,0.0,0.0,0.0,0,0,0,0.0,0.0,0.0,0.0,0,0,0,0
0,0.0,0.0,16.0,0.0,0.0,71.0,76.0,87.0,85.0,65.0,56.0,0.0,0.0,0.0,0,0,0,0.0,0.0,0.0,0.0,0,0,0,0
0,0.0,0.0,0.0,0.0,0.0,71.0,75.0,77.0,75.0,70.0,71.0,0.0,0.0,0.0,0,0,0,0.0,0.0,0.0,0.0,0,0,0,0
0,0.0,0.0,5.0,0.0,0.0,67.0,67.0,74.0,68.0,83.0,68.0,0.0,0.0,0.0,0,0,0,0.0,0.0,0.0,0.0,0,0,0,0
0,0.0,0.0,2.0,0.0,0.0,65.0,69.0,74.0,68.0,72.0,65.0,0.0,0.0,0.0,0,0,0,0.0,0.0,0.0,0.0,0,0,0,0
0,0.0,0.0,0.0,0.0,0.0,64.0,78.0,73.0,73.0,76.0,49.0,0.0,0.0,0.0,0,0,0,0.0,0.0,0.0,0.0,0,0,0,0
0,0.0,0.0,0.0,0.0,0.0,60.0,84.0,86.0,86.0,63.0,38.0,0.0,0.0,0.0,0,0,0,0.0,0.0,0.0,0.0,0,0,0,0
0,0.0,0.0,63.0,3.0,5.0,89.0,83.0,86.0,86.0,69.0,83.0,0.0,0.0,0.0,0,0,0,0.0,0.0,0.0,0.0,0,0,0,0
0,0.0,0.0,37.0,0.0,1.0,89.0,83.0,86.0,86.0,69.0,83.0,0.0,0.0,0.0,0,0,0,0.0,0.0,0.0,0.0,0,0,0,0
0,0.0,0.0,5.0,0.0,0.0,71.0,74.0,76.0,79.0,75.0,55.0,0.0,0.0,0.0,0,0,0,0.0,0.0,0.0,0.0,0,0,0,0
0,0.0,0.0,0.0,0.0,0.0,59.0,74.0,75.0,72.0,67.0,54.0,0.0,0.0,0.0,0,0,0,0.0,0.0,0.0,0.0,0,0,0,0
0,0.0,0.0,0.0,0.0,0.0,59.0,75.0,88.0,86.0,64.0,35.0,0.0,0.0,0.0,0,0,0,0.0,0.0,0.0,0.0,0,0,0,0
0,0.0,0.0,1.0,0.0,0.0,59.0,75.0,88.0,86.0,64.0,35.0,0.0,0.0,0.0,0,0,0,0.0,0.0,0.0,0.0,0,0,0,0
0,0.0,0.0,20.0,0.0,0.0,78.0,78.0,82.0,77.0,66.0,80.0,0.0,0.0,0.0,0,0,0,0.0,0.0,0.0,0.0,0,0,0,0
0,0.0,0.0,48.0,0.0,2.0,76.0,85.0,89.0,85.0,68.0,67.0,0.0,0.0,0.0,0,0,0,0.0,0.0,0.0,0.0,0,0,0,0
0,0.0,0.0,5.0,0.0,0.0,70.0,71.0,76.0,67.0,79.0,68.0,0.0,0.0,0.0,0,0,0,0.0,0.0,0.0,0.0,0,0,0,0
0,0.0,0.0,0.0,0.0,0.0,59.0,70.0,82.0,74.0,70.0,49.0,0.0,0.0,0.0,0,0,0,0.0,0.0,0.0,0.0,0,0,0,0
0,0.0,0.0,34.0,0.0,2.0,87.0,78.0,83.0,84.0,67.0,87.0,87.0,0.0,0.0,0,0,0,0.0,0.0,0.0,0.0,0,0,0,0
0,0.0,0.0,0.0,0.0,2.0,79.0,79.0,83.0,83.0,67.0,72.0,82.0,0.0,0.0,0,0,0,0.0,0.0,0.0,0.0,0,0,0,0
0,0.0,0.0,0.0,0.0,0.0,79.0,79.0,83.0,83.0,67.0,72.0,82.0,0.0,0.0,0,0,0,0.0,0.0,0.0,0.0,0,0,0,0
0,0.0,0.0,0.0,0.0,0.0,79.0,79.0,83.0,83.0,67.0,72.0,82.0,0.0,0.0,0,0,0,0.0,0.0,0.0,0.0,0,0,0,0
0,0.0,0.0,14.0,0.0,0.0,79.0,79.0,83.0,83.0,67.0,72.0,82.0,0.0,0.0,0,0,0,0.0,0.0,0.0,0.0,0,0,0,0
0,0.0,0.0,0.0,0.0,0.0,62.0,73.0,82.0,74.0,74.0,60.0,68.0,0.0,0.0,0,0,0,0.0,0.0,0.0,0.0,0,0,0,0
0,0.0,0.0,78.0,4.0,5.0,97.0,83.0,87.0,86.0,87.0,82.0,92.0,88.0,98.0,0,0,0,92.0,71.0,58.0,68.0,0,0,0,0
0,0.0,0.0,51.0,0.0,2.0,95.0,90.0,91.0,87.0,88.0,85.0,85.0,81.0,75.0,0,0,0,86.0,77.0,50.0,75.0,0,0,0,0
0,0.0,0.0,61.0,1.0,5.0,95.0,85.0,89.0,88.0,79.0,84.0,95.0,94.0,92.0,0,0,0,88.0,63.0,56.0,70.0,0,0,0,0
0,0.0,0.0,80.0,2.0,11.0,93.0,75.0,81.0,77.0,75.0,97.0,97.0,78.0,95.0,0,0,0,85.0,61.0,53.0,67.0,0,0,0,0
0,0.0,0.0,0.0,0.0,0.0,91.0,84.0,85.0,83.0,74.0,91.0,93.0,87.0,91.0,0,0,0,88.0,54.0,45.0,53.0,0,0,0,0
0,0.0,0.0,21.0,0.0,0.0,88.0,89.0,91.0,87.0,64.0,79.0,91.0,91.0,88.0,0,0,0,72.0,53.0,51.0,64.0,0,0,0,0
0,0.0,0.0,95.0,6.0,14.0,87.0,76.0,74.0,76.0,69.0,98.0,90.0,91.0,83.0,0,0,0,85.0,55.0,50.0,61.0,0,0,0,0
0,0.0,0.0,27.0,0.0,0.0,86.0,85.0,88.0,89.0,74.0,78.0,85.0,91.0,83.0,0,0,0,95.0,54.0,51.0,65.0,0,0,0,0
0,0.0,0.0,22.0,0.0,0.0,85.0,86.0,88.0,85.0,68.0,80.0,87.0,82.0,86.0,0,0,0,85.0,52.0,51.0,66.0,0,0,0,0
0,0.0,0.0,63.0,3.0,5.0,85.0,83.0,85.0,85.0,68.0,83.0,84.0,92.0,77.0,0,0,0,92.0,55.0,52.0,61.0,0,0,0,0
0,0.0,0.0,37.0,0.0,1.0,85.0,83.0,85.0,85.0,68.0,83.0,84.0,92.0,77.0,0,0,0,92.0,55.0,52.0,61.0,0,0,0,0
0,0.0,0.0,41.0,0.0,2.0,85.0,83.0,84.0,84.0,66.0,85.0,89.0,84.0,87.0,0,0,0,82.0,60.0,54.0,55.0,0,0,0,0
0,0.0,0.0,35.0,0.0,1.0,84.0,73.0,76.0,74.0,82.0,86.0,78.0,71.0,87.0,0,0,0,84.0,68.0,60.0,71.0,0,0,0,0
0,0.0,0.0,22.0,0.0,0.0,84.0,73.0,78.0,74.0,76.0,85.0,85.0,73.0,82.0,0,0,0,87.0,67.0,58.0,69.0,0,0,0,0
0,0.0,0.0,60.0,0.0,3.0,84.0,87.0,86.0,84.0,66.0,80.0,87.0,89.0,85.0,0,0,0,88.0,53.0,56.0,56.0,0,0,0,0
0,0.0,0.0,45.0,0.0,2.0,84.0,73.0,75.0,73.0,77.0,87.0,85.0,65.0,88.0,0,0,0,75.0,69.0,54.0,75.0,0,0,0,0
0,0.0,0.0,35.0,0.0,0.0,83.0,78.0,82.0,77.0,71.0,84.0,88.0,77.0,87.0,0,0,0,78.0,62.0,54.0,63.0,0,0,0,0
0,0.0,0.0,0.0,0.0,2.0,83.0,84.0,90.0,87.0,68.0,78.0,87.0,88.0,86.0,0,0,0,85.0,51.0,49.0,60.0,0,0,0,0
0,0.0,0.0,0.0,0.0,0.0,83.0,84.0,90.0,87.0,68.0,78.0,87.0,88.0,86.0,0,0,0,85.0,51.0,49.0,60.0,0,0,0,0
0,0.0,0.0,0.0,0.0,0.0,83.0,84.0,90.0,87.0,68.0,78.0,87.0,88.0,86.0,0,0,0,85.0,51.0,49.0,60.0,0,0,0,0
0,0.0,0.0,14.0,0.0,0.0,83.0,84.0,90.0,87.0,68.0,78.0,87.0,88.0,86.0,0,0,0,85.0,51.0,49.0,60.0,0,0,0,0
0,0.0,0.0,0.0,0.0,0.0,82.0,86.0,88.0,85.0,69.0,76.0,84.0,87.0,80.0,0,0,0,92.0,56.0,50.0,58.0,0,0,0,0
0,0.0,0.0,28.0,0.0,2.0,81.0,83.0,87.0,86.0,72.0,70.0,84.0,88.0,78.0,0,0,0,75.0,59.0,55.0,63.0,0,0,0,0
0,0.0,0.0,51.0,1.0,1.0,81.0,84.0,83.0,81.0,64.0,88.0,88.0,90.0,73.0,0,0,0,64.0,50.0,52.0,53.0,0,0,0,0
0,0.0,0.0,22.0,0.0,0.0,81.0,73.0,77.0,69.0,79.0,85.0,86.0,65.0,84.0,0,0,0,65.0,66.0,75.0,74.0,0,0,0,0
0,0.0,0.0,39.0,0.0,3.0,80.0,86.0,87.0,85.0,74.0,73.0,80.0,77.0,76.0,0,0,0,77.0,69.0,46.0,66.0,0,0,0,0
0,0.0,0.0,21.0,0.0,0.0,79.0,82.0,84.0,83.0,62.0,77.0,85.0,84.0,85.0,0,0,0,78.0,53.0,51.0,59.0,0,0,0,0
0,0.0,0.0,43.0,0.0,2.0,79.0,81.0,79.0,81.0,61.0,85.0,86.0,89.0,65.0,0,0,0,73.0,58.0,48.0,62.0,0,0,0,0
0,0.0,0.0,35.0,0.0,1.0,79.0,77.0,80.0,76.0,75.0,69.0,73.0,82.0,74.0,0,0,0,75.0,77.0,65.0,78.0,0,0,0,0
0,0.0,0.0,34.0,0.0,2.0,79.0,77.0,82.0,82.0,63.0,84.0,85.0,74.0,79.0,0,0,0,75.0,54.0,54.0,62.0,0,0,0,0
0,0.0,0.0,28.0,0.0,1.0,79.0,82.0,83.0,79.0,69.0,82.0,83.0,74.0,82.0,0,0,0,85.0,59.0,48.0,63.0,0,0,0,0
0,0.0,0.0,12.0,0.0,0.0,79.0,82.0,83.0,79.0,69.0,82.0,83.0,74.0,82.0,0,0,0,85.0,59.0,48.0,63.0,0,0,0,0
0,0.0,0.0,16.0,0.0,0.0,79.0,73.0,72.0,72.0,77.0,81.0,81.0,65.0,83.0,0,0,0,75.0,63.0,55.0,65.0,0,0,0,0
0,0.0,0.0,36.0,0.0,2.0,79.0,80.0,82.0,80.0,75.0,69.0,83.0,88.0,71.0,0,0,0,87.0,65.0,64.0,55.0,0,0,0,0
0,0.0,0.0,5.0,0.0,0.0,78.0,76.0,78.0,73.0,78.0,75.0,74.0,72.0,80.0,0,0,0,75.0,70.0,56.0,75.0,0,0,0,0
0,0.0,0.0,18.0,0.0,0.0,78.0,68.0,77.0,74.0,74.0,74.0,82.0,74.0,82.0,0,0,0,75.0,68.0,55.0,67.0,0,0,0,0
0,0.0,0.0,33.0,0.0,0.0,78.0,74.0,77.0,78.0,69.0,77.0,77.0,74.0,80.0,0,0,0,84.0,60.0,52.0,63.0,0,0,0,0
0,0.0,0.0,16.0,0.0,0.0,77.0,78.0,82.0,75.0,73.0,74.0,86.0,69.0,80.0,0,0,0,65.0,64.0,56.0,68.0,0,0,0,0
0,0.0,0.0,0.0,0.0,0.0,77.0,84.0,85.0,77.0,70.0,80.0,76.0,82.0,71.0,0,0,0,80.0,56.0,51.0,65.0,0,0,0,0
0,0.0,0.0,17.0,0.0,0.0,77.0,73.0,74.0,74.0,74.0,73.0,79.0,74.0,78.0,0,0,0,75.0,62.0,56.0,70.0,0,0,0,0
0,0.0,0.0,24.0,0.0,0.0,77.0,83.0,86.0,84.0,63.0,77.0,88.0,88.0,75.0,0,0,0,85.0,52.0,51.0,56.0,0,0,0,0
0,0.0,0.0,16.0,0.0,0.0,77.0,83.0,86.0,83.0,69.0,75.0,83.0,83.0,80.0,0,0,0,74.0,49.0,48.0,62.0,0,0,0,0
0,0.0,0.0,10.0,0.0,0.0,76.0,81.0,74.0,82.0,67.0,68.0,85.0,90.0,84.0,0,0,0,65.0,59.0,50.0,72.0,0,0,0,0
0,0.0,0.0,25.0,0.0,0.0,75.0,88.0,85.0,87.0,80.0,55.0,84.0,73.0,83.0,0,0,0,82.0,50.0,54.0,62.0,0,0,0,0
0,0.0,0.0,9.0,0.0,0.0,75.0,75.0,83.0,76.0,66.0,77.0,76.0,73.0,82.0,0,0,0,70.0,62.0,60.0,63.0,0,0,0,0
0,0.0,0.0,16.0,0.0,0.0,74.0,82.0,78.0,80.0,61.0,73.0,87.0,84.0,86.0,0,0,0,55.0,49.0,47.0,56.0,0,0,0,0
0,0.0,0.0,17.0,0.0,0.0,73.0,74.0,76.0,73.0,70.0,78.0,74.0,70.0,80.0,0,0,0,82.0,58.0,50.0,64.0,0,0,0,0
0,0.0,0.0,0.0,0.0,0.0,73.0,78.0,83.0,81.0,65.0,72.0,82.0,87.0,73.0,0,0,0,78.0,54.0,49.0,61.0,0,0,0,0
0,0.0,0.0,0.0,0.0,0.0,73.0,74.0,81.0,70.0,76.0,69.0,76.0,66.0,75.0,0,0,0,74.0,66.0,62.0,72.0,0,0,0,0
0,0.0,0.0,2.0,0.0,0.0,73.0,74.0,81.0,70.0,76.0,69.0,76.0,66.0,75.0,0,0,0,74.0,66.0,62.0,72.0,0,0,0,0
0,0.0,0.0,98.0,0.0,3.0,72.0,74.0,73.0,74.0,68.0,74.0,74.0,72.0,75.0,0,0,0,78.0,60.0,56.0,62.0,0,0,0,0
0,0.0,0.0,11.0,0.0,3.0,72.0,74.0,73.0,74.0,68.0,74.0,74.0,72.0,75.0,0,0,0,78.0,60.0,56.0,62.0,0,0,0,0
0,0.0,0.0,10.0,0.0,0.0,72.0,69.0,79.0,66.0,76.0,78.0,77.0,60.0,76.0,0,0,0,69.0,62.0,58.0,74.0,0,0,0,0
0,0.0,0.0,16.0,0.0,0.0,72.0,76.0,85.0,85.0,67.0,60.0,79.0,81.0,74.0,0,0,0,65.0,58.0,54.0,67.0,0,0,0,0
0,0.0,0.0,6.0,0.0,0.0,72.0,75.0,74.0,71.0,70.0,75.0,71.0,62.0,72.0,0,0,0,70.0,66.0,57.0,75.0,0,0,0,0
0,0.0,0.0,5.0,0.0,0.0,72.0,72.0,76.0,67.0,79.0,75.0,73.0,62.0,70.0,0,0,0,72.0,72.0,64.0,77.0,0,0,0,0
0,0.0,0.0,2.0,0.0,0.0,71.0,65.0,74.0,67.0,72.0,77.0,76.0,68.0,82.0,0,0,0,65.0,64.0,60.0,45.0,0,0,0,0
0,0.0,0.0,12.0,0.0,0.0,71.0,72.0,83.0,78.0,79.0,52.0,81.0,87.0,75.0,0,0,0,69.0,64.0,60.0,72.0,0,0,0,0
0,0.0,0.0,7.0,0.0,0.0,71.0,84.0,87.0,85.0,58.0,65.0,79.0,85.0,72.0,0,0,0,60.0,53.0,49.0,59.0,0,0,0,0
0,0.0,0.0,12.0,0.0,0.0,71.0,72.0,76.0,74.0,72.0,67.0,73.0,67.0,77.0,0,0,0,75.0,65.0,54.0,68.0,0,0,0,0
0,0.0,0.0,3.0,0.0,0.0,70.0,65.0,72.0,66.0,78.0,74.0,69.0,51.0,72.0,0,0,0,85.0,73.0,62.0,84.0,0,0,0,0
0,0.0,0.0,9.0,0.0,0.0,70.0,79.0,81.0,77.0,69.0,68.0,77.0,81.0,67.0,0,0,0,62.0,66.0,64.0,58.0,0,0,0,0
0,0.0,0.0,5.0,0.0,0.0,70.0,67.0,74.0,68.0,84.0,75.0,74.0,62.0,80.0,0,0,0,55.0,74.0,65.0,69.0,0,0,0,0
0,0.0,0.0,2.0,0.0,0.0,70.0,84.0,87.0,85.0,69.0,65.0,78.0,76.0,74.0,0,0,0,62.0,59.0,52.0,53.0,0,0,0,0
0,0.0,0.0,2.0,0.0,0.0,69.0,75.0,88.0,84.0,86.0,48.0,80.0,76.0,81.0,0,0,0,87.0,60.0,53.0,52.0,0,0,0,0
0,0.0,0.0,5.0,0.0,0.0,69.0,68.0,76.0,72.0,83.0,61.0,64.0,75.0,75.0,0,0,0,82.0,76.0,68.0,70.0,0,0,0,0
0,0.0,0.0,0.0,0.0,0.0,69.0,71.0,72.0,67.0,69.0,84.0,62.0,59.0,72.0,0,0,0,47.0,68.0,67.0,74.0,0,0,0,0
0,0.0,0.0,28.0,0.0,1.0,69.0,83.0,86.0,84.0,65.0,66.0,73.0,75.0,73.0,0,0,0,68.0,52.0,44.0,55.0,0,0,0,0
0,0.0,0.0,12.0,0.0,0.0,69.0,83.0,86.0,84.0,65.0,66.0,73.0,75.0,73.0,0,0,0,68.0,52.0,44.0,55.0,0,0,0,0
0,0.0,0.0,0.0,0.0,0.0,68.0,78.0,81.0,82.0,68.0,69.0,76.0,77.0,71.0,0,0,0,66.0,61.0,52.0,65.0,0,0,0,0
0,0.0,0.0,48.0,0.0,0.0,68.0,83.0,90.0,84.0,65.0,55.0,79.0,68.0,66.0,0,0,0,66.0,52.0,53.0,67.0,0,0,0,0
0,0.0,0.0,4.0,0.0,0.0,68.0,83.0,90.0,84.0,65.0,55.0,79.0,68.0,66.0,0,0,0,66.0,52.0,53.0,67.0,0,0,0,0
0,0.0,0.0,14.0,0.0,1.0,68.0,82.0,83.0,74.0,68.0,61.0,78.0,75.0,79.0,0,0,0,65.0,52.0,48.0,65.0,0,0,0,0
0,0.0,0.0,0.0,0.0,0.0,68.0,74.0,82.0,74.0,73.0,70.0,67.0,62.0,68.0,0,0,0,66.0,70.0,65.0,69.0,0,0,0,0
0,0.0,0.0,5.0,0.0,0.0,67.0,74.0,76.0,79.0,74.0,55.0,79.0,68.0,83.0,0,0,0,80.0,52.0,55.0,69.0,0,0,0,0
0,0.0,0.0,2.0,0.0,0.0,67.0,83.0,85.0,84.0,60.0,68.0,84.0,79.0,77.0,0,0,0,79.0,39.0,34.0,45.0,0,0,0,0
0,0.0,0.0,0.0,0.0,0.0,67.0,75.0,77.0,75.0,69.0,71.0,70.0,65.0,73.0,0,0,0,66.0,60.0,52.0,66.0,0,0,0,0
0,0.0,0.0,1.0,0.0,0.0,67.0,87.0,83.0,82.0,73.0,48.0,74.0,81.0,74.0,0,0,0,82.0,55.0,49.0,64.0,0,0,0,0
0,0.0,0.0,0.0,0.0,0.0,67.0,69.0,74.0,71.0,80.0,63.0,65.0,62.0,72.0,0,0,0,87.0,72.0,60.0,70.0,0,0,0,0
0,0.0,0.0,9.0,0.0,0.0,66.0,85.0,90.0,86.0,64.0,54.0,77.0,76.0,81.0,0,0,0,83.0,50.0,47.0,57.0,0,0,0,0
0,0.0,0.0,0.0,0.0,0.0,66.0,72.0,74.0,70.0,72.0,68.0,57.0,55.0,68.0,0,0,0,67.0,73.0,65.0,77.0,0,0,0,0
0,0.0,0.0,0.0,0.0,0.0,66.0,84.0,82.0,85.0,65.0,48.0,84.0,86.0,82.0,0,0,0,71.0,51.0,44.0,48.0,0,0,0,0
0,0.0,0.0,0.0,0.0,0.0,66.0,84.0,87.0,87.0,54.0,42.0,77.0,84.0,67.0,0,0,0,62.0,62.0,64.0,65.0,0,0,0,0
0,0.0,0.0,0.0,0.0,0.0,66.0,73.0,80.0,83.0,82.0,56.0,79.0,73.0,80.0,0,0,0,74.0,54.0,56.0,59.0,0,0,0,0
0,0.0,0.0,0.0,0.0,0.0,65.0,80.0,74.0,77.0,68.0,59.0,76.0,82.0,67.0,0,0,0,74.0,54.0,48.0,53.0,0,0,0,0
0,0.0,0.0,3.0,0.0,0.0,65.0,72.0,75.0,74.0,70.0,68.0,66.0,63.0,66.0,0,0,0,66.0,65.0,62.0,70.0,0,0,0,0
0,0.0,0.0,11.0,0.0,0.0,65.0,87.0,83.0,86.0,63.0,45.0,78.0,84.0,74.0,0,0,0,66.0,49.0,53.0,66.0,0,0,0,0
0,0.0,0.0,3.0,0.0,0.0,65.0,89.0,90.0,84.0,74.0,48.0,72.0,63.0,77.0,0,0,0,67.0,54.0,50.0,57.0,0,0,0,0
0,0.0,0.0,0.0,0.0,0.0,65.0,70.0,72.0,69.0,75.0,70.0,69.0,48.0,64.0,0,0,0,70.0,70.0,54.0,71.0,0,0,0,0
0,0.0,0.0,0.0,0.0,0.0,65.0,69.0,77.0,68.0,77.0,68.0,68.0,57.0,66.0,0,0,0,72.0,72.0,66.0,77.0,0,0,0,0
0,0.0,0.0,0.0,0.0,0.0,65.0,65.0,70.0,64.0,82.0,67.0,68.0,42.0,74.0,0,0,0,54.0,75.0,62.0,74.0,0,0,0,0
0,0.0,0.0,0.0,0.0,0.0,65.0,73.0,80.0,72.0,77.0,65.0,71.0,52.0,70.0,0,0,0,65.0,69.0,60.0,72.0,0,0,0,0
0,0.0,0.0,2.0,0.0,0.0,65.0,61.0,73.0,63.0,75.0,73.0,75.0,51.0,66.0,0,0,0,69.0,68.0,61.0,71.0,0,0,0,0
0,0.0,0.0,0.0,0.0,0.0,65.0,80.0,85.0,76.0,77.0,61.0,64.0,55.0,67.0,0,0,0,74.0,69.0,66.0,70.0,0,0,0,0
0,0.0,0.0,0.0,0.0,0.0,65.0,69.0,75.0,75.0,79.0,70.0,60.0,46.0,67.0,0,0,0,75.0,73.0,64.0,80.0,0,0,0,0
0,0.0,0.0,4.0,0.0,0.0,65.0,75.0,82.0,81.0,67.0,60.0,72.0,80.0,75.0,0,0,0,50.0,55.0,44.0,60.0,0,0,0,0
0,0.0,0.0,1.0,0.0,0.0,65.0,82.0,74.0,72.0,75.0,57.0,84.0,86.0,74.0,0,0,0,55.0,52.0,49.0,71.0,0,0,0,0
0,0.0,0.0,8.0,0.0,0.0,64.0,81.0,84.0,84.0,64.0,52.0,79.0,77.0,75.0,0,0,0,59.0,48.0,47.0,51.0,0,0,0,0
0,0.0,0.0,0.0,0.0,0.0,64.0,71.0,77.0,75.0,59.0,45.0,85.0,82.0,90.0,0,0,0,74.0,46.0,44.0,44.0,0,0,0,0
0,0.0,0.0,0.0,0.0,0.0,64.0,72.0,75.0,72.0,74.0,70.0,63.0,59.0,55.0,0,0,0,60.0,71.0,66.0,73.0,0,0,0,0
0,0.0,0.0,0.0,0.0,0.0,64.0,85.0,79.0,76.0,75.0,63.0,67.0,60.0,65.0,0,0,0,70.0,64.0,63.0,61.0,0,0,0,0
0,0.0,0.0,0.0,0.0,0.0,64.0,66.0,75.0,66.0,80.0,69.0,65.0,45.0,55.0,0,0,0,65.0,77.0,66.0,82.0,0,0,0,0
0,0.0,0.0,7.0,0.0,0.0,64.0,73.0,75.0,77.0,60.0,62.0,80.0,81.0,79.0,0,0,0,49.0,42.0,35.0,74.0,0,0,0,0
0,0.0,0.0,0.0,0.0,0.0,64.0,67.0,66.0,65.0,70.0,79.0,60.0,55.0,66.0,0,0,0,54.0,72.0,66.0,75.0,0,0,0,0
0,0.0,0.0,0.0,0.0,0.0,64.0,68.0,76.0,74.0,65.0,55.0,80.0,64.0,75.0,0,0,0,73.0,58.0,57.0,65.0,0,0,0,0
0,0.0,0.0,0.0,0.0,0.0,63.0,69.0,77.0,72.0,75.0,56.0,67.0,58.0,72.0,0,0,0,71.0,65.0,55.0,67.0,0,0,0,0
0,0.0,0.0,0.0,0.0,0.0,63.0,73.0,83.0,74.0,69.0,62.0,68.0,59.0,69.0,0,0,0,75.0,62.0,57.0,75.0,0,0,0,0
0,0.0,0.0,9.0,0.0,0.0,63.0,72.0,74.0,74.0,73.0,67.0,80.0,66.0,72.0,0,0,0,70.0,47.0,51.0,59.0,0,0,0,0
0,0.0,0.0,0.0,0.0,0.0,63.0,74.0,76.0,73.0,71.0,60.0,68.0,55.0,68.0,0,0,0,60.0,64.0,55.0,65.0,0,0,0,0
0,0.0,0.0,0.0,0.0,0.0,63.0,72.0,82.0,64.0,77.0,69.0,69.0,58.0,59.0,0,0,0,66.0,67.0,62.0,72.0,0,0,0,0
0,0.0,0.0,0.0,0.0,0.0,63.0,60.0,70.0,65.0,70.0,75.0,74.0,56.0,62.0,0,0,0,60.0,70.0,60.0,74.0,0,0,0,0
0,0.0,0.0,0.0,0.0,0.0,63.0,76.0,81.0,75.0,68.0,48.0,73.0,66.0,74.0,0,0,0,66.0,64.0,58.0,64.0,0,0,0,0
0,0.0,0.0,7.0,0.0,0.0,63.0,87.0,83.0,81.0,70.0,49.0,71.0,64.0,82.0,0,0,0,80.0,51.0,45.0,55.0,0,0,0,0
0,0.0,0.0,0.0,0.0,0.0,63.0,76.0,74.0,74.0,69.0,44.0,69.0,65.0,75.0,0,0,0,70.0,63.0,54.0,67.0,0,0,0,0
0,0.0,0.0,0.0,0.0,0.0,62.0,76.0,82.0,73.0,66.0,55.0,71.0,63.0,65.0,0,0,0,70.0,64.0,62.0,59.0,0,0,0,0
0,0.0,0.0,21.0,0.0,2.0,62.0,83.0,88.0,88.0,68.0,41.0,79.0,81.0,77.0,0,0,0,75.0,49.0,45.0,59.0,0,0,0,0
0,0.0,0.0,0.0,0.0,0.0,62.0,77.0,81.0,73.0,72.0,52.0,65.0,57.0,67.0,0,0,0,55.0,63.0,60.0,70.0,0,0,0,0
0,0.0,0.0,41.0,0.0,0.0,62.0,71.0,76.0,68.0,74.0,42.0,73.0,64.0,75.0,0,0,0,72.0,64.0,56.0,67.0,0,0,0,0
0,0.0,0.0,6.0,0.0,0.0,62.0,71.0,76.0,68.0,74.0,42.0,73.0,64.0,75.0,0,0,0,72.0,64.0,56.0,67.0,0,0,0,0
0,0.0,0.0,0.0,0.0,0.0,62.0,67.0,74.0,73.0,74.0,61.0,69.0,66.0,68.0,0,0,0,74.0,64.0,54.0,62.0,0,0,0,0
0,0.0,0.0,0.0,0.0,0.0,62.0,72.0,74.0,69.0,83.0,49.0,74.0,68.0,79.0,0,0,0,63.0,55.0,52.0,64.0,0,0,0,0
0,0.0,0.0,0.0,0.0,0.0,62.0,84.0,87.0,75.0,76.0,44.0,65.0,74.0,64.0,0,0,0,74.0,61.0,54.0,67.0,0,0,0,0
0,0.0,0.0,0.0,0.0,0.0,61.0,73.0,72.0,70.0,72.0,50.0,73.0,64.0,76.0,0,0,0,72.0,62.0,56.0,62.0,0,0,0,0
0,0.0,0.0,11.0,0.0,1.0,61.0,73.0,74.0,69.0,74.0,68.0,67.0,60.0,66.0,0,0,0,33.0,67.0,62.0,61.0,0,0,0,0
0,0.0,0.0,0.0,0.0,0.0,61.0,74.0,78.0,75.0,62.0,58.0,75.0,66.0,75.0,0,0,0,72.0,49.0,45.0,57.0,0,0,0,0
0,0.0,0.0,0.0,0.0,0.0,61.0,66.0,73.0,65.0,74.0,60.0,73.0,74.0,68.0,0,0,0,70.0,58.0,52.0,61.0,0,0,0,0
0,0.0,0.0,0.0,0.0,0.0,61.0,73.0,67.0,68.0,91.0,46.0,67.0,56.0,67.0,0,0,0,62.0,72.0,64.0,71.0,0,0,0,0
0,0.0,0.0,0.0,0.0,0.0,61.0,62.0,66.0,64.0,76.0,88.0,57.0,45.0,66.0,0,0,0,12.0,74.0,67.0,70.0,0,0,0,0
0,0.0,0.0,0.0,0.0,2.0,61.0,69.0,72.0,67.0,69.0,88.0,55.0,49.0,62.0,0,0,0,25.0,70.0,65.0,69.0,0,0,0,0
0,0.0,0.0,0.0,0.0,0.0,61.0,74.0,75.0,72.0,67.0,62.0,66.0,65.0,65.0,0,0,0,59.0,65.0,54.0,68.0,0,0,0,0
0,0.0,0.0,0.0,0.0,0.0,61.0,74.0,82.0,76.0,66.0,59.0,66.0,52.0,72.0,0,0,0,70.0,60.0,55.0,64.0,0,0,0,0
0,0.0,0.0,1.0,0.0,0.0,60.0,72.0,74.0,67.0,69.0,62.0,70.0,64.0,75.0,0,0,0,49.0,53.0,50.0,67.0,0,0,0,0
0,0.0,0.0,0.0,0.0,0.0,60.0,67.0,75.0,68.0,73.0,54.0,72.0,52.0,69.0,0,0,0,75.0,67.0,55.0,67.0,0,0,0,0
0,0.0,0.0,0.0,0.0,0.0,60.0,75.0,72.0,72.0,63.0,64.0,72.0,75.0,69.0,0,0,0,60.0,52.0,48.0,57.0,0,0,0,0
0,0.0,0.0,0.0,0.0,0.0,60.0,75.0,69.0,71.0,72.0,47.0,76.0,79.0,66.0,0,0,0,64.0,53.0,51.0,54.0,0,0,0,0
0,0.0,0.0,0.0,0.0,0.0,59.0,73.0,74.0,72.0,64.0,54.0,68.0,66.0,73.0,0,0,0,66.0,58.0,55.0,62.0,0,0,0,0
0,0.0,0.0,0.0,0.0,0.0,59.0,77.0,82.0,75.0,60.0,46.0,75.0,62.0,74.0,0,0,0,69.0,54.0,52.0,67.0,0,0,0,0
0,0.0,0.0,0.0,0.0,0.0,59.0,80.0,84.0,78.0,65.0,42.0,74.0,62.0,67.0,0,0,0,65.0,59.0,55.0,60.0,0,0,0,0
0,0.0,0.0,42.0,0.0,2.0,59.0,71.0,74.0,72.0,70.0,46.0,68.0,53.0,72.0,0,0,0,64.0,65.0,54.0,71.0,0,0,0,0
0,0.0,0.0,0.0,0.0,0.0,59.0,71.0,74.0,72.0,70.0,46.0,68.0,53.0,72.0,0,0,0,64.0,65.0,54.0,71.0,0,0,0,0
0,0.0,0.0,0.0,0.0,0.0,58.0,69.0,78.0,77.0,75.0,57.0,76.0,49.0,55.0,0,0,0,49.0,57.0,48.0,61.0,0,0,0,0
0,0.0,0.0,13.0,0.0,1.0,57.0,84.0,88.0,86.0,66.0,37.0,74.0,84.0,78.0,0,0,0,60.0,45.0,44.0,56.0,0,0,0,0
0,0.0,0.0,0.0,0.0,0.0,57.0,82.0,84.0,73.0,66.0,54.0,69.0,59.0,65.0,0,0,0,62.0,55.0,52.0,61.0,0,0,0,0
0,0.0,0.0,0.0,0.0,0.0,57.0,65.0,75.0,66.0,79.0,49.0,64.0,55.0,65.0,0,0,0,52.0,78.0,73.0,80.0,0,0,0,0
0,0.0,0.0,0.0,0.0,0.0,57.0,79.0,85.0,82.0,60.0,54.0,68.0,60.0,70.0,0,0,0,73.0,52.0,42.0,53.0,0,0,0,0
0,0.0,0.0,0.0,0.0,0.0,57.0,76.0,79.0,76.0,66.0,54.0,74.0,60.0,67.0,0,0,0,65.0,43.0,37.0,40.0,0,0,0,0
0,0.0,0.0,0.0,0.0,0.0,57.0,75.0,84.0,81.0,65.0,45.0,73.0,74.0,80.0,0,0,0,54.0,51.0,50.0,60.0,0,0,0,0
0,0.0,0.0,0.0,0.0,0.0,56.0,67.0,65.0,65.0,69.0,85.0,55.0,45.0,55.0,0,0,0,65.0,71.0,74.0,75.0,0,0,0,0
0,0.0,0.0,0.0,0.0,0.0,56.0,75.0,77.0,70.0,70.0,44.0,70.0,66.0,71.0,0,0,0,72.0,59.0,55.0,58.0,0,0,0,0
0,0.0,0.0,0.0,0.0,0.0,56.0,67.0,72.0,74.0,69.0,52.0,75.0,72.0,77.0,0,0,0,73.0,43.0,37.0,49.0,0,0,0,0
0,0.0,0.0,0.0,0.0,0.0,55.0,78.0,85.0,83.0,61.0,38.0,72.0,77.0,58.0,0,0,0,72.0,54.0,52.0,62.0,0,0,0,0
0,0.0,0.0,0.0,0.0,0.0,54.0,81.0,79.0,85.0,69.0,63.0,72.0,55.0,64.0,0,0,0,65.0,42.0,37.0,47.0,0,0,0,0
0,0.0,0.0,0.0,0.0,0.0,54.0,65.0,67.0,62.0,78.0,76.0,49.0,40.0,49.0,0,0,0,12.0,77.0,72.0,75.0,0,0,0,0
0,0.0,0.0,2.0,0.0,0.0,52.0,72.0,74.0,76.0,66.0,50.0,72.0,66.0,67.0,0,0,0,60.0,44.0,46.0,45.0,0,0,0,0
0,0.0,0.0,0.0,0.0,0.0,51.0,66.0,69.0,62.0,75.0,52.0,58.0,35.0,52.0,0,0,0,65.0,75.0,65.0,71.0,0,0,0,0
0,0.0,0.0,0.0,0.0,0.0,50.0,76.0,72.0,70.0,69.0,45.0,58.0,52.0,65.0,0,0,0,42.0,63.0,62.0,65.0,0,0,0,0
0,0.0,0.0,0.0,0.0,0.0,48.0,69.0,72.0,68.0,72.0,40.0,60.0,55.0,50.0,0,0,0,49.0,68.0,58.0,74.0,0,0,0,0
0,0.0,0.0,0.0,0.0,0.0,47.0,72.0,67.0,65.0,73.0,78.0,54.0,40.0,49.0,0,0,0,15.0,66.0,63.0,45.0,0,0,0,0
0,0.0,0.0,0.0,0.0,0.0,46.0,70.0,72.0,66.0,74.0,64.0,60.0,47.0,55.0,0,0,0,42.0,67.0,65.0,67.0,0,0,0,0
0,0.0,0.0,21.0,0.0,2.0,46.0,75.0,82.0,80.0,72.0,64.0,45.0,44.0,45.0,0,0,0,15.0,68.0,66.0,45.0,0,0,0,0
0,0.0,0.0,0.0,0.0,0.0,44.0,66.0,71.0,64.0,75.0,83.0,48.0,45.0,55.0,0,0,0,15.0,64.0,60.0,45.0,0,0,0,0
0,0.0,0.0,0.0,0.0,0.0,42.0,65.0,74.0,68.0,65.0,71.0,55.0,52.0,55.0,0,0,0,15.0,57.0,55.0,45.0,0,0,0,0
0,0.0,0.0,0.0,0.0,0.0,41.0,66.0,72.0,62.0,75.0,79.0,46.0,42.0,52.0,0,0,0,15.0,64.0,62.0,45.0,0,0,0,0
0,0.0,0.0,0.0,0.0,0.0,41.0,73.0,79.0,73.0,72.0,78.0,54.0,32.0,43.0,0,0,0,12.0,58.0,57.0,45.0,0,0,0,0
0,0.0,0.0,0.0,0.0,0.0,41.0,70.0,72.0,68.0,72.0,44.0,58.0,48.0,58.0,0,0,0,55.0,64.0,62.0,66.0,0,0,0,0
0,0.0,0.0,0.0,0.0,0.0,41.0,73.0,74.0,67.0,65.0,68.0,50.0,42.0,44.0,0,0,0,15.0,62.0,60.0,45.0,0,0,0,0
0,0.0,0.0,0.0,0.0,0.0,41.0,70.0,72.0,68.0,74.0,65.0,55.0,48.0,45.0,0,0,0,12.0,65.0,58.0,45.0,0,0,0,0
0,0.0,0.0,0.0,0.0,0.0,40.0,69.0,71.0,69.0,70.0,67.0,56.0,44.0,47.0,0,0,0,15.0,55.0,54.0,45.0,0,0,0,0
0,0.0,0.0,0.0,0.0,0.0,39.0,66.0,72.0,64.0,71.0,73.0,49.0,42.0,49.0,0,0,0,12.0,61.0,60.0,45.0,0,0,0,0
0,0.0,24.0,78.0,4.0,5.0,98.0,83.0,0.0,86.0,0.0,80.0,90.0,87.0,97.0,0,0,0,92.0,80.0,62.0,0.0,0,0,0,0
0,0.0,31.0,80.0,2.0,11.0,96.0,75.0,0.0,76.0,0.0,96.0,96.0,79.0,96.0,0,0,0,85.0,75.0,51.0,0.0,0,0,0,0
0,0.0,24.0,61.0,1.0,5.0,96.0,85.0,0.0,87.0,0.0,85.0,90.0,92.0,95.0,0,0,0,88.0,74.0,57.0,0.0,0,0,0,0
0,0.0,37.0,95.0,6.0,14.0,95.0,78.0,0.0,78.0,0.0,99.0,96.0,92.0,94.0,0,0,0,85.0,61.0,51.0,0.0,0,0,0,0
0,0.0,29.0,51.0,0.0,2.0,94.0,90.0,0.0,87.0,0.0,85.0,78.0,78.0,75.0,0,0,0,86.0,84.0,50.0,0.0,0,0,0,0
0,0.0,26.0,35.0,0.0,1.0,88.0,78.0,0.0,79.0,0.0,77.0,78.0,83.0,78.0,0,0,0,80.0,84.0,69.0,0.0,0,0,0,0
0,0.0,29.0,35.0,0.0,1.0,88.0,73.0,0.0,74.0,0.0,87.0,80.0,69.0,86.0,0,0,0,84.0,79.0,70.0,0.0,0,0,0,0
0,0.0,28.0,60.0,0.0,3.0,88.0,87.0,0.0,84.0,0.0,86.0,88.0,90.0,88.0,0,0,0,88.0,64.0,55.0,0.0,0,0,0,0
0,0.0,30.0,45.0,0.0,2.0,88.0,75.0,0.0,73.0,0.0,92.0,90.0,65.0,92.0,0,0,0,75.0,67.0,54.0,0.0,0,0,0,0
0,0.0,33.0,0.0,0.0,0.0,87.0,81.0,0.0,83.0,0.0,92.0,87.0,88.0,81.0,0,0,0,87.0,62.0,45.0,0.0,0,0,0,0
0,0.0,26.0,48.0,0.0,2.0,87.0,90.0,0.0,86.0,0.0,77.0,82.0,87.0,79.0,0,0,0,92.0,69.0,56.0,0.0,0,0,0,0
0,0.0,28.0,16.0,0.0,0.0,87.0,81.0,0.0,82.0,0.0,83.0,90.0,88.0,88.0,0,0,0,69.0,66.0,52.0,0.0,0,0,0,0
0,0.0,30.0,41.0,0.0,2.0,87.0,82.0,0.0,82.0,0.0,87.0,88.0,84.0,88.0,0,0,0,82.0,67.0,54.0,0.0,0,0,0,0
0,0.0,27.0,0.0,0.0,2.0,86.0,84.0,0.0,87.0,0.0,78.0,86.0,87.0,84.0,0,0,0,85.0,61.0,49.0,0.0,0,0,0,0
0,0.0,27.0,0.0,0.0,0.0,86.0,84.0,0.0,87.0,0.0,78.0,86.0,87.0,84.0,0,0,0,85.0,61.0,49.0,0.0,0,0,0,0
0,0.0,27.0,0.0,0.0,0.0,86.0,84.0,0.0,87.0,0.0,78.0,86.0,87.0,84.0,0,0,0,85.0,61.0,49.0,0.0,0,0,0,0
0,0.0,27.0,14.0,0.0,0.0,86.0,84.0,0.0,87.0,0.0,78.0,86.0,87.0,84.0,0,0,0,85.0,61.0,49.0,0.0,0,0,0,0
0,0.0,23.0,36.0,0.0,2.0,86.0,81.0,0.0,83.0,0.0,74.0,85.0,94.0,77.0,0,0,0,87.0,74.0,63.0,0.0,0,0,0,0
0,0.0,28.0,35.0,0.0,0.0,85.0,77.0,0.0,78.0,0.0,82.0,87.0,82.0,85.0,0,0,0,78.0,69.0,53.0,0.0,0,0,0,0
0,0.0,26.0,27.0,0.0,0.0,85.0,85.0,0.0,87.0,0.0,76.0,82.0,88.0,74.0,0,0,0,95.0,67.0,51.0,0.0,0,0,0,0
0,0.0,23.0,12.0,0.0,0.0,84.0,73.0,0.0,77.0,0.0,69.0,84.0,85.0,76.0,0,0,0,69.0,84.0,65.0,0.0,0,0,0,0
0,0.0,28.0,22.0,0.0,0.0,84.0,86.0,0.0,83.0,0.0,82.0,83.0,82.0,83.0,0,0,0,85.0,61.0,51.0,0.0,0,0,0,0
0,0.0,28.0,18.0,0.0,0.0,83.0,72.0,0.0,76.0,0.0,82.0,83.0,79.0,87.0,0,0,0,77.0,75.0,55.0,0.0,0,0,0,0
0,0.0,31.0,16.0,0.0,0.0,83.0,78.0,0.0,75.0,0.0,81.0,86.0,71.0,82.0,0,0,0,65.0,75.0,57.0,0.0,0,0,0,0
0,0.0,27.0,28.0,0.0,1.0,83.0,81.0,0.0,78.0,0.0,83.0,83.0,74.0,86.0,0,0,0,84.0,74.0,51.0,0.0,0,0,0,0
0,0.0,27.0,12.0,0.0,0.0,83.0,81.0,0.0,78.0,0.0,83.0,83.0,74.0,86.0,0,0,0,84.0,74.0,51.0,0.0,0,0,0,0
0,0.0,29.0,39.0,0.0,3.0,83.0,85.0,0.0,83.0,0.0,78.0,72.0,75.0,74.0,0,0,0,76.0,85.0,46.0,0.0,0,0,0,0
0,0.0,32.0,0.0,0.0,0.0,82.0,82.0,0.0,77.0,0.0,84.0,78.0,78.0,74.0,0,0,0,80.0,72.0,51.0,0.0,0,0,0,0
0,0.0,27.0,12.0,0.0,0.0,81.0,74.0,0.0,76.0,0.0,85.0,90.0,79.0,95.0,0,0,0,77.0,55.0,51.0,0.0,0,0,0,0
0,0.0,29.0,16.0,0.0,0.0,81.0,73.0,0.0,71.0,0.0,81.0,79.0,65.0,80.0,0,0,0,75.0,81.0,55.0,0.0,0,0,0,0
0,0.0,22.0,19.0,0.0,1.0,80.0,82.0,0.0,85.0,0.0,52.0,88.0,89.0,84.0,0,0,0,85.0,68.0,64.0,0.0,0,0,0,0
0,0.0,25.0,28.0,0.0,2.0,80.0,83.0,0.0,83.0,0.0,75.0,79.0,85.0,83.0,0,0,0,81.0,57.0,53.0,0.0,0,0,0,0
0,0.0,28.0,21.0,0.0,0.0,80.0,82.0,0.0,82.0,0.0,78.0,84.0,83.0,82.0,0,0,0,75.0,62.0,51.0,0.0,0,0,0,0
0,0.0,26.0,10.0,0.0,0.0,80.0,81.0,0.0,82.0,0.0,78.0,83.0,92.0,82.0,0,0,0,65.0,65.0,55.0,0.0,0,0,0,0
0,0.0,29.0,22.0,0.0,0.0,80.0,73.0,0.0,69.0,0.0,83.0,81.0,65.0,84.0,0,0,0,65.0,74.0,72.0,0.0,0,0,0,0
0,0.0,29.0,2.0,0.0,0.0,80.0,65.0,0.0,67.0,0.0,76.0,73.0,68.0,82.0,0,0,0,65.0,85.0,65.0,0.0,0,0,0,0
0,0.0,24.0,9.0,0.0,0.0,80.0,74.0,0.0,75.0,0.0,73.0,72.0,78.0,75.0,0,0,0,60.0,84.0,68.0,0.0,0,0,0,0
0,0.0,30.0,63.0,3.0,5.0,79.0,82.0,0.0,82.0,0.0,75.0,77.0,87.0,74.0,0,0,0,88.0,60.0,57.0,0.0,0,0,0,0
0,0.0,30.0,37.0,0.0,1.0,79.0,82.0,0.0,82.0,0.0,75.0,77.0,87.0,74.0,0,0,0,88.0,60.0,57.0,0.0,0,0,0,0
0,0.0,28.0,22.0,0.0,0.0,79.0,73.0,0.0,74.0,0.0,80.0,73.0,72.0,78.0,0,0,0,84.0,75.0,58.0,0.0,0,0,0,0
0,0.0,30.0,24.0,0.0,0.0,78.0,83.0,0.0,83.0,0.0,79.0,87.0,88.0,72.0,0,0,0,75.0,60.0,51.0,0.0,0,0,0,0
0,0.0,27.0,7.0,0.0,0.0,78.0,75.0,0.0,77.0,0.0,71.0,81.0,81.0,83.0,0,0,0,49.0,70.0,46.0,0.0,0,0,0,0
0,0.0,31.0,98.0,0.0,3.0,77.0,74.0,0.0,74.0,0.0,78.0,72.0,72.0,75.0,0,0,0,78.0,72.0,65.0,0.0,0,0,0,0
0,0.0,31.0,11.0,0.0,3.0,77.0,74.0,0.0,74.0,0.0,78.0,72.0,72.0,75.0,0,0,0,78.0,72.0,65.0,0.0,0,0,0,0
0,0.0,25.0,13.0,0.0,1.0,77.0,84.0,0.0,86.0,0.0,70.0,77.0,87.0,78.0,0,0,0,60.0,63.0,53.0,0.0,0,0,0,0
0,0.0,27.0,5.0,0.0,0.0,77.0,74.0,0.0,73.0,0.0,76.0,72.0,65.0,77.0,0,0,0,75.0,78.0,56.0,0.0,0,0,0,0
0,0.0,25.0,5.0,0.0,0.0,77.0,74.0,0.0,77.0,0.0,72.0,72.0,65.0,78.0,0,0,0,80.0,75.0,58.0,0.0,0,0,0,0
0,0.0,24.0,25.0,0.0,0.0,77.0,87.0,0.0,86.0,0.0,58.0,83.0,74.0,83.0,0,0,0,82.0,60.0,54.0,0.0,0,0,0,0
0,0.0,25.0,0.0,0.0,0.0,77.0,74.0,0.0,73.0,0.0,72.0,78.0,84.0,74.0,0,0,0,64.0,78.0,60.0,0.0,0,0,0,0
0,0.0,26.0,16.0,0.0,0.0,77.0,83.0,0.0,80.0,0.0,77.0,79.0,80.0,79.0,0,0,0,74.0,62.0,47.0,0.0,0,0,0,0
0,0.0,25.0,4.0,0.0,0.0,77.0,80.0,0.0,80.0,0.0,72.0,77.0,83.0,75.0,0,0,0,65.0,69.0,53.0,0.0,0,0,0,0
0,0.0,26.0,0.0,0.0,0.0,76.0,74.0,0.0,70.0,0.0,72.0,74.0,66.0,75.0,0,0,0,74.0,77.0,62.0,0.0,0,0,0,0
0,0.0,26.0,2.0,0.0,0.0,76.0,74.0,0.0,70.0,0.0,72.0,74.0,66.0,75.0,0,0,0,74.0,77.0,62.0,0.0,0,0,0,0
0,0.0,26.0,0.0,0.0,0.0,76.0,85.0,0.0,76.0,0.0,76.0,74.0,64.0,72.0,0,0,0,74.0,71.0,70.0,0.0,0,0,0,0
0,0.0,30.0,10.0,0.0,0.0,75.0,69.0,0.0,66.0,0.0,78.0,75.0,60.0,76.0,0,0,0,69.0,74.0,58.0,0.0,0,0,0,0
0,0.0,22.0,54.0,0.0,3.0,75.0,77.0,0.0,79.0,0.0,49.0,88.0,83.0,74.0,0,0,0,88.0,60.0,53.0,0.0,0,0,0,0
0,0.0,24.0,9.0,0.0,0.0,75.0,79.0,0.0,77.0,0.0,71.0,76.0,81.0,67.0,0,0,0,62.0,76.0,64.0,0.0,0,0,0,0
0,0.0,33.0,2.0,0.0,0.0,75.0,63.0,0.0,64.0,0.0,77.0,74.0,55.0,72.0,0,0,0,69.0,83.0,71.0,0.0,0,0,0,0
0,0.0,26.0,0.0,0.0,0.0,75.0,74.0,0.0,74.0,0.0,74.0,67.0,62.0,72.0,0,0,0,66.0,82.0,65.0,0.0,0,0,0,0
0,0.0,27.0,14.0,0.0,1.0,74.0,81.0,0.0,74.0,0.0,76.0,74.0,75.0,79.0,0,0,0,65.0,66.0,54.0,0.0,0,0,0,0
0,0.0,27.0,0.0,0.0,0.0,74.0,76.0,0.0,74.0,0.0,71.0,75.0,71.0,76.0,0,0,0,67.0,69.0,60.0,0.0,0,0,0,0
0,0.0,25.0,9.0,0.0,0.0,74.0,85.0,0.0,85.0,0.0,67.0,79.0,77.0,81.0,0,0,0,83.0,61.0,49.0,0.0,0,0,0,0
0,0.0,26.0,7.0,0.0,0.0,74.0,84.0,0.0,85.0,0.0,67.0,75.0,81.0,71.0,0,0,0,60.0,69.0,49.0,0.0,0,0,0,0
0,0.0,24.0,48.0,0.0,0.0,74.0,83.0,0.0,84.0,0.0,65.0,79.0,73.0,68.0,0,0,0,66.0,64.0,57.0,0.0,0,0,0,0
0,0.0,24.0,4.0,0.0,0.0,74.0,83.0,0.0,84.0,0.0,65.0,79.0,73.0,68.0,0,0,0,66.0,64.0,57.0,0.0,0,0,0,0
0,0.0,29.0,0.0,0.0,0.0,74.0,75.0,0.0,75.0,0.0,73.0,69.0,65.0,73.0,0,0,0,66.0,79.0,56.0,0.0,0,0,0,0
0,0.0,25.0,5.0,0.0,0.0,73.0,68.0,0.0,72.0,0.0,66.0,64.0,75.0,75.0,0,0,0,82.0,84.0,68.0,0.0,0,0,0,0
0,0.0,23.0,90.0,4.0,10.0,73.0,83.0,0.0,76.0,0.0,43.0,74.0,73.0,78.0,0,0,0,73.0,74.0,70.0,0.0,0,0,0,0
0,0.0,24.0,0.0,0.0,0.0,73.0,73.0,0.0,83.0,0.0,62.0,76.0,73.0,80.0,0,0,0,74.0,74.0,56.0,0.0,0,0,0,0
0,0.0,24.0,0.0,0.0,0.0,73.0,83.0,0.0,79.0,0.0,60.0,79.0,75.0,79.0,0,0,0,66.0,65.0,56.0,0.0,0,0,0,0
0,0.0,27.0,3.0,0.0,0.0,73.0,65.0,0.0,66.0,0.0,75.0,69.0,51.0,72.0,0,0,0,85.0,83.0,62.0,0.0,0,0,0,0
0,0.0,25.0,5.0,0.0,0.0,73.0,67.0,0.0,68.0,0.0,75.0,74.0,62.0,80.0,0,0,0,55.0,84.0,65.0,0.0,0,0,0,0
0,0.0,25.0,0.0,0.0,0.0,73.0,79.0,0.0,75.0,0.0,69.0,65.0,55.0,69.0,0,0,0,72.0,81.0,66.0,0.0,0,0,0,0
0,0.0,24.0,3.0,0.0,0.0,72.0,88.0,0.0,84.0,0.0,66.0,73.0,63.0,77.0,0,0,0,67.0,64.0,50.0,0.0,0,0,0,0
0,0.0,22.0,2.0,0.0,0.0,72.0,75.0,0.0,83.0,0.0,52.0,85.0,84.0,87.0,0,0,0,63.0,58.0,56.0,0.0,0,0,0,0
0,0.0,28.0,0.0,0.0,0.0,72.0,66.0,0.0,66.0,0.0,76.0,69.0,49.0,64.0,0,0,0,65.0,84.0,68.0,0.0,0,0,0,0
0,0.0,22.0,2.0,0.0,0.0,71.0,75.0,0.0,82.0,0.0,54.0,75.0,76.0,78.0,0,0,0,84.0,65.0,55.0,0.0,0,0,0,0
0,0.0,25.0,8.0,0.0,0.0,71.0,81.0,0.0,84.0,0.0,56.0,76.0,77.0,76.0,0,0,0,59.0,66.0,47.0,0.0,0,0,0,0
0,0.0,36.0,0.0,0.0,0.0,71.0,71.0,0.0,67.0,0.0,84.0,62.0,59.0,72.0,0,0,0,47.0,78.0,67.0,0.0,0,0,0,0
0,0.0,24.0,0.0,0.0,0.0,71.0,70.0,0.0,74.0,0.0,46.0,76.0,66.0,78.0,0,0,0,76.0,80.0,68.0,0.0,0,0,0,0
0,0.0,23.0,14.0,0.0,0.0,71.0,84.0,0.0,76.0,0.0,58.0,79.0,82.0,68.0,0,0,0,86.0,59.0,64.0,0.0,0,0,0,0
0,0.0,25.0,1.0,0.0,0.0,71.0,86.0,0.0,82.0,0.0,60.0,74.0,81.0,72.0,0,0,0,82.0,61.0,49.0,0.0,0,0,0,0
0,0.0,23.0,0.0,0.0,0.0,71.0,84.0,0.0,75.0,0.0,52.0,67.0,74.0,64.0,0,0,0,74.0,82.0,54.0,0.0,0,0,0,0
0,0.0,26.0,0.0,0.0,0.0,70.0,69.0,0.0,71.0,0.0,63.0,65.0,62.0,72.0,0,0,0,87.0,82.0,60.0,0.0,0,0,0,0
0,0.0,27.0,28.0,0.0,1.0,70.0,82.0,0.0,81.0,0.0,66.0,72.0,74.0,72.0,0,0,0,74.0,60.0,54.0,0.0,0,0,0,0
0,0.0,27.0,12.0,0.0,0.0,70.0,82.0,0.0,81.0,0.0,66.0,72.0,74.0,72.0,0,0,0,74.0,60.0,54.0,0.0,0,0,0,0
0,0.0,22.0,8.0,0.0,0.0,70.0,77.0,0.0,78.0,0.0,42.0,73.0,70.0,82.0,0,0,0,75.0,69.0,63.0,0.0,0,0,0,0
0,0.0,23.0,0.0,0.0,0.0,70.0,84.0,0.0,84.0,0.0,54.0,81.0,86.0,82.0,0,0,0,71.0,60.0,44.0,0.0,0,0,0,0
0,0.0,24.0,0.0,0.0,0.0,70.0,68.0,0.0,74.0,0.0,65.0,76.0,64.0,75.0,0,0,0,73.0,72.0,62.0,0.0,0,0,0,0
0,0.0,22.0,5.0,0.0,0.0,70.0,69.0,0.0,72.0,0.0,54.0,75.0,81.0,75.0,0,0,0,77.0,74.0,69.0,0.0,0,0,0,0
0,0.0,22.0,0.0,0.0,0.0,70.0,69.0,0.0,72.0,0.0,54.0,75.0,81.0,75.0,0,0,0,77.0,74.0,69.0,0.0,0,0,0,0
0,0.0,24.0,7.0,0.0,0.0,70.0,85.0,0.0,82.0,0.0,65.0,73.0,64.0,81.0,0,0,0,80.0,60.0,49.0,0.0,0,0,0,0
0,0.0,25.0,0.0,0.0,0.0,69.0,65.0,0.0,67.0,0.0,72.0,69.0,60.0,73.0,0,0,0,64.0,82.0,74.0,0.0,0,0,0,0
0,0.0,23.0,1.0,0.0,0.0,69.0,88.0,0.0,86.0,0.0,40.0,74.0,84.0,79.0,0,0,0,79.0,59.0,54.0,0.0,0,0,0,0
0,0.0,30.0,0.0,0.0,0.0,69.0,72.0,0.0,70.0,0.0,68.0,57.0,55.0,68.0,0,0,0,67.0,82.0,65.0,0.0,0,0,0,0
0,0.0,22.0,0.0,0.0,0.0,69.0,73.0,0.0,74.0,0.0,53.0,75.0,84.0,76.0,0,0,0,74.0,73.0,61.0,0.0,0,0,0,0
0,0.0,26.0,0.0,0.0,0.0,69.0,78.0,0.0,82.0,0.0,69.0,76.0,77.0,71.0,0,0,0,66.0,64.0,52.0,0.0,0,0,0,0
0,0.0,24.0,0.0,0.0,0.0,69.0,84.0,0.0,86.0,0.0,47.0,74.0,84.0,67.0,0,0,0,62.0,72.0,64.0,0.0,0,0,0,0
0,0.0,26.0,0.0,0.0,0.0,69.0,67.0,0.0,73.0,0.0,75.0,71.0,66.0,68.0,0,0,0,74.0,69.0,68.0,0.0,0,0,0,0
0,0.0,23.0,0.0,0.0,0.0,69.0,69.0,0.0,68.0,0.0,65.0,73.0,65.0,73.0,0,0,0,75.0,77.0,62.0,0.0,0,0,0,0
0,0.0,30.0,2.0,0.0,0.0,69.0,68.0,0.0,70.0,0.0,78.0,72.0,64.0,70.0,0,0,0,66.0,70.0,60.0,0.0,0,0,0,0
0,0.0,22.0,25.0,0.0,1.0,69.0,79.0,0.0,87.0,0.0,48.0,80.0,70.0,84.0,0,0,0,72.0,55.0,58.0,0.0,0,0,0,0
0,0.0,24.0,1.0,0.0,0.0,69.0,82.0,0.0,72.0,0.0,64.0,81.0,86.0,74.0,0,0,0,55.0,65.0,49.0,0.0,0,0,0,0
0,0.0,25.0,0.0,0.0,0.0,68.0,65.0,0.0,64.0,0.0,69.0,68.0,42.0,74.0,0,0,0,54.0,82.0,62.0,0.0,0,0,0,0
0,0.0,23.0,11.0,0.0,0.0,68.0,87.0,0.0,86.0,0.0,45.0,78.0,84.0,74.0,0,0,0,66.0,60.0,53.0,0.0,0,0,0,0
0,0.0,24.0,41.0,0.0,0.0,68.0,71.0,0.0,68.0,0.0,54.0,66.0,64.0,75.0,0,0,0,72.0,74.0,66.0,0.0,0,0,0,0
0,0.0,24.0,6.0,0.0,0.0,68.0,71.0,0.0,68.0,0.0,54.0,66.0,64.0,75.0,0,0,0,72.0,74.0,66.0,0.0,0,0,0,0
0,0.0,26.0,0.0,0.0,0.0,68.0,71.0,0.0,75.0,0.0,45.0,85.0,82.0,90.0,0,0,0,74.0,60.0,44.0,0.0,0,0,0,0
0,0.0,22.0,10.0,0.0,0.0,68.0,79.0,0.0,74.0,0.0,50.0,77.0,68.0,78.0,0,0,0,72.0,57.0,55.0,0.0,0,0,0,0
0,0.0,28.0,0.0,0.0,0.0,67.0,74.0,0.0,76.0,0.0,63.0,75.0,66.0,75.0,0,0,0,72.0,60.0,54.0,0.0,0,0,0,0
0,0.0,25.0,0.0,0.0,0.0,67.0,75.0,0.0,76.0,0.0,50.0,71.0,65.0,70.0,0,0,0,69.0,76.0,53.0,0.0,0,0,0,0
0,0.0,28.0,0.0,0.0,0.0,67.0,87.0,0.0,84.0,0.0,64.0,72.0,75.0,60.0,0,0,0,65.0,60.0,45.0,0.0,0,0,0,0
0,0.0,28.0,0.0,0.0,0.0,67.0,79.0,0.0,85.0,0.0,44.0,69.0,60.0,69.0,0,0,0,69.0,73.0,48.0,0.0,0,0,0,0
0,0.0,25.0,0.0,0.0,0.0,67.0,76.0,0.0,75.0,0.0,55.0,72.0,66.0,74.0,0,0,0,66.0,74.0,58.0,0.0,0,0,0,0
0,0.0,22.0,0.0,0.0,0.0,67.0,80.0,0.0,73.0,0.0,49.0,72.0,67.0,74.0,0,0,0,75.0,72.0,63.0,0.0,0,0,0,0
0,0.0,25.0,0.0,0.0,0.0,67.0,70.0,0.0,69.0,0.0,72.0,68.0,48.0,64.0,0,0,0,70.0,77.0,54.0,0.0,0,0,0,0
0,0.0,23.0,14.0,0.0,0.0,67.0,73.0,0.0,74.0,0.0,56.0,76.0,72.0,67.0,0,0,0,84.0,68.0,58.0,0.0,0,0,0,0
0,0.0,23.0,0.0,0.0,0.0,67.0,73.0,0.0,74.0,0.0,56.0,76.0,72.0,67.0,0,0,0,84.0,68.0,58.0,0.0,0,0,0,0
0,0.0,32.0,0.0,0.0,0.0,67.0,67.0,0.0,65.0,0.0,79.0,60.0,55.0,66.0,0,0,0,54.0,82.0,66.0,0.0,0,0,0,0
0,0.0,25.0,0.0,0.0,0.0,66.0,73.0,0.0,70.0,0.0,61.0,72.0,64.0,76.0,0,0,0,72.0,71.0,59.0,0.0,0,0,0,0
0,0.0,26.0,0.0,0.0,0.0,66.0,73.0,0.0,72.0,0.0,60.0,68.0,66.0,73.0,0,0,0,66.0,77.0,65.0,0.0,0,0,0,0
0,0.0,23.0,0.0,0.0,0.0,66.0,81.0,0.0,82.0,0.0,45.0,77.0,82.0,77.0,0,0,0,84.0,59.0,49.0,0.0,0,0,0,0
0,0.0,27.0,0.0,0.0,0.0,66.0,72.0,0.0,64.0,0.0,69.0,69.0,58.0,59.0,0,0,0,66.0,76.0,64.0,0.0,0,0,0,0
0,0.0,25.0,0.0,0.0,0.0,66.0,75.0,0.0,81.0,0.0,63.0,73.0,74.0,80.0,0,0,0,54.0,66.0,60.0,0.0,0,0,0,0
0,0.0,26.0,0.0,0.0,0.0,66.0,76.0,0.0,74.0,0.0,44.0,69.0,65.0,75.0,0,0,0,70.0,73.0,54.0,0.0,0,0,0,0
0,0.0,26.0,0.0,0.0,0.0,65.0,69.0,0.0,75.0,0.0,70.0,60.0,46.0,67.0,0,0,0,75.0,73.0,64.0,0.0,0,0,0,0
0,0.0,25.0,21.0,0.0,2.0,65.0,83.0,0.0,88.0,0.0,41.0,79.0,81.0,77.0,0,0,0,75.0,60.0,45.0,0.0,0,0,0,0
0,0.0,27.0,0.0,0.0,0.0,65.0,76.0,0.0,73.0,0.0,64.0,73.0,63.0,65.0,0,0,0,70.0,64.0,62.0,0.0,0,0,0,0
0,0.0,22.0,8.0,0.0,0.0,65.0,75.0,0.0,74.0,0.0,43.0,73.0,84.0,76.0,0,0,0,76.0,74.0,65.0,0.0,0,0,0,0
0,0.0,23.0,0.0,0.0,0.0,65.0,75.0,0.0,77.0,0.0,42.0,75.0,79.0,76.0,0,0,0,55.0,69.0,65.0,0.0,0,0,0,0
0,0.0,26.0,0.0,0.0,0.0,65.0,75.0,0.0,70.0,0.0,62.0,71.0,66.0,71.0,0,0,0,72.0,67.0,64.0,0.0,0,0,0,0
0,0.0,23.0,0.0,0.0,0.0,65.0,83.0,0.0,78.0,0.0,61.0,74.0,84.0,71.0,0,0,0,64.0,59.0,49.0,0.0,0,0,0,0
0,0.0,23.0,0.0,0.0,0.0,65.0,80.0,0.0,78.0,0.0,53.0,74.0,62.0,67.0,0,0,0,65.0,69.0,56.0,0.0,0,0,0,0
0,0.0,25.0,0.0,0.0,0.0,64.0,66.0,0.0,65.0,0.0,60.0,73.0,74.0,68.0,0,0,0,70.0,68.0,52.0,0.0,0,0,0,0
0,0.0,36.0,0.0,0.0,2.0,64.0,69.0,0.0,67.0,0.0,88.0,55.0,49.0,62.0,0,0,0,25.0,80.0,65.0,0.0,0,0,0,0
0,0.0,29.0,11.0,0.0,1.0,63.0,73.0,0.0,69.0,0.0,68.0,67.0,60.0,66.0,0,0,0,33.0,77.0,62.0,0.0,0,0,0,0
0,0.0,24.0,0.0,0.0,0.0,63.0,79.0,0.0,81.0,0.0,55.0,71.0,76.0,67.0,0,0,0,68.0,64.0,47.0,0.0,0,0,0,0
0,0.0,25.0,0.0,0.0,0.0,63.0,76.0,0.0,80.0,0.0,64.0,64.0,63.0,67.0,0,0,0,65.0,75.0,54.0,0.0,0,0,0,0
0,0.0,25.0,0.0,0.0,0.0,63.0,75.0,0.0,71.0,0.0,57.0,74.0,79.0,66.0,0,0,0,64.0,58.0,55.0,0.0,0,0,0,0
0,0.0,23.0,12.0,0.0,0.0,63.0,88.0,0.0,83.0,0.0,42.0,74.0,82.0,69.0,0,0,0,67.0,56.0,52.0,0.0,0,0,0,0
0,0.0,24.0,0.0,0.0,0.0,63.0,73.0,0.0,74.0,0.0,62.0,68.0,59.0,69.0,0,0,0,75.0,62.0,57.0,0.0,0,0,0,0
0,0.0,26.0,0.0,0.0,0.0,62.0,84.0,0.0,86.0,0.0,46.0,69.0,81.0,69.0,0,0,0,74.0,58.0,47.0,0.0,0,0,0,0
0,0.0,26.0,42.0,0.0,2.0,62.0,71.0,0.0,72.0,0.0,46.0,68.0,53.0,72.0,0,0,0,64.0,75.0,54.0,0.0,0,0,0,0
0,0.0,26.0,0.0,0.0,0.0,62.0,71.0,0.0,72.0,0.0,46.0,68.0,53.0,72.0,0,0,0,64.0,75.0,54.0,0.0,0,0,0,0
0,0.0,23.0,0.0,0.0,0.0,62.0,89.0,0.0,91.0,0.0,41.0,73.0,77.0,72.0,0,0,0,75.0,63.0,42.0,0.0,0,0,0,0
0,0.0,24.0,0.0,0.0,0.0,62.0,67.0,0.0,74.0,0.0,56.0,74.0,72.0,77.0,0,0,0,73.0,60.0,37.0,0.0,0,0,0,0
0,0.0,24.0,0.0,0.0,0.0,62.0,77.0,0.0,74.0,0.0,51.0,72.0,74.0,69.0,0,0,0,65.0,64.0,51.0,0.0,0,0,0,0
0,0.0,25.0,0.0,0.0,0.0,61.0,66.0,0.0,65.0,0.0,70.0,65.0,44.0,57.0,0,0,0,45.0,79.0,70.0,0.0,0,0,0,0
0,0.0,25.0,0.0,0.0,0.0,61.0,76.0,0.0,77.0,0.0,60.0,72.0,72.0,66.0,0,0,0,61.0,64.0,48.0,0.0,0,0,0,0
0,0.0,25.0,0.0,0.0,0.0,60.0,80.0,0.0,83.0,0.0,65.0,72.0,55.0,64.0,0,0,0,65.0,60.0,47.0,0.0,0,0,0,0
0,0.0,32.0,0.0,0.0,0.0,58.0,65.0,0.0,62.0,0.0,83.0,49.0,40.0,49.0,0,0,0,12.0,84.0,72.0,0.0,0,0,0,0
0,0.0,24.0,0.0,0.0,0.0,57.0,74.0,0.0,81.0,0.0,45.0,53.0,56.0,62.0,0,0,0,12.0,83.0,66.0,0.0,0,0,0,0
0,0.0,24.0,0.0,0.0,0.0,57.0,74.0,0.0,81.0,0.0,45.0,53.0,56.0,62.0,0,0,0,12.0,83.0,66.0,0.0,0,0,0,0
0,0.0,25.0,0.0,0.0,0.0,57.0,69.0,0.0,68.0,0.0,64.0,60.0,55.0,50.0,0,0,0,49.0,78.0,58.0,0.0,0,0,0,0
0,0.0,29.0,0.0,0.0,0.0,54.0,66.0,0.0,62.0,0.0,52.0,58.0,35.0,52.0,0,0,0,65.0,83.0,65.0,0.0,0,0,0,0
0,0.0,24.0,0.0,0.0,0.0,53.0,76.0,0.0,70.0,0.0,45.0,58.0,52.0,65.0,0,0,0,42.0,73.0,62.0,0.0,0,0,0,0
0,0.0,32.0,0.0,0.0,0.0,52.0,72.0,0.0,65.0,0.0,78.0,54.0,40.0,49.0,0,0,0,15.0,76.0,63.0,0.0,0,0,0,0
0,0.0,24.0,0.0,0.0,0.0,52.0,75.0,0.0,68.0,0.0,56.0,64.0,54.0,66.0,0,0,0,59.0,67.0,55.0,0.0,0,0,0,0
0,0.0,28.0,0.0,0.0,0.0,50.0,70.0,0.0,68.0,0.0,60.0,46.0,40.0,55.0,0,0,0,65.0,79.0,70.0,0.0,0,0,0,0
0,0.0,29.0,21.0,0.0,2.0,50.0,75.0,0.0,80.0,0.0,64.0,45.0,44.0,45.0,0,0,0,15.0,78.0,66.0,0.0,0,0,0,0
0,0.0,28.0,0.0,0.0,0.0,49.0,70.0,0.0,66.0,0.0,64.0,60.0,47.0,55.0,0,0,0,42.0,77.0,65.0,0.0,0,0,0,0
0,0.0,27.0,0.0,0.0,0.0,49.0,63.0,0.0,67.0,0.0,72.0,55.0,44.0,51.0,0,0,0,40.0,78.0,66.0,0.0,0,0,0,0
0,0.0,25.0,0.0,0.0,0.0,49.0,70.0,0.0,68.0,0.0,62.0,59.0,48.0,58.0,0,0,0,55.0,74.0,62.0,0.0,0,0,0,0
0,0.0,27.0,0.0,0.0,0.0,49.0,65.0,0.0,68.0,0.0,75.0,60.0,52.0,55.0,0,0,0,15.0,72.0,55.0,0.0,0,0,0,0
0,0.0,34.0,0.0,0.0,0.0,48.0,66.0,0.0,64.0,0.0,83.0,48.0,45.0,55.0,0,0,0,15.0,74.0,60.0,0.0,0,0,0,0
0,0.0,33.0,0.0,0.0,0.0,45.0,66.0,0.0,62.0,0.0,79.0,46.0,42.0,52.0,0,0,0,15.0,74.0,62.0,0.0,0,0,0,0
0,0.0,33.0,0.0,0.0,0.0,45.0,73.0,0.0,73.0,0.0,78.0,54.0,32.0,43.0,0,0,0,12.0,68.0,57.0,0.0,0,0,0,0
0,0.0,25.0,0.0,0.0,0.0,45.0,70.0,0.0,68.0,0.0,65.0,55.0,48.0,45.0,0,0,0,12.0,75.0,58.0,0.0,0,0,0,0
0,0.0,27.0,0.0,0.0,0.0,45.0,69.0,0.0,69.0,0.0,70.0,60.0,44.0,47.0,0,0,0,15.0,65.0,54.0,0.0,0,0,0,0
0,0.0,32.0,0.0,0.0,0.0,44.0,66.0,0.0,64.0,0.0,73.0,49.0,42.0,49.0,0,0,0,12.0,71.0,60.0,0.0,0,0,0,0
0,0.0,27.0,0.0,0.0,0.0,44.0,73.0,0.0,67.0,0.0,68.0,50.0,42.0,44.0,0,0,0,15.0,72.0,60.0,0.0,0,0,0,0
0,0.0,26.0,0.0,0.0,0.0,43.0,68.0,0.0,70.0,0.0,54.0,58.0,45.0,40.0,0,0,0,42.0,75.0,62.0,0.0,0,0,0,0
0,0.0,23.0,0.0,0.0,0.0,39.0,70.0,0.0,65.0,0.0,55.0,53.0,12.0,10.0,0,0,0,12.0,76.0,67.0,0.0,0,0,0,0
0,0.0,23.0,0.0,0.0,0.0,39.0,70.0,0.0,65.0,0.0,55.0,53.0,12.0,10.0,0,0,0,12.0,76.0,67.0,0.0,0,0,0,0
0,0.0,0.0,61.0,1.0,5.0,97.0,85.0,88.0,87.0,77.0,86.0,92.0,92.0,93.0,0,0,0,88.0,71.0,57.0,0.0,0,0,0,0
0,0.0,0.0,78.0,4.0,5.0,96.0,83.0,87.0,85.0,88.0,82.0,88.0,87.0,96.0,0,0,0,92.0,74.0,62.0,0.0,0,0,0,0
0,0.0,0.0,51.0,0.0,2.0,94.0,90.0,92.0,87.0,88.0,87.0,83.0,82.0,75.0,0,0,0,86.0,81.0,50.0,0.0,0,0,0,0
0,0.0,0.0,80.0,2.0,11.0,93.0,75.0,81.0,76.0,74.0,96.0,94.0,78.0,90.0,0,0,0,85.0,72.0,53.0,0.0,0,0,0,0
0,0.0,0.0,13.0,0.0,1.0,88.0,84.0,88.0,88.0,70.0,77.0,90.0,92.0,83.0,0,0,0,82.0,65.0,55.0,0.0,0,0,0,0
0,0.0,0.0,60.0,0.0,3.0,88.0,86.0,87.0,84.0,68.0,85.0,85.0,86.0,84.0,0,0,0,88.0,69.0,58.0,0.0,0,0,0,0
0,0.0,0.0,35.0,0.0,1.0,87.0,78.0,82.0,81.0,79.0,78.0,82.0,87.0,82.0,0,0,0,80.0,75.0,67.0,0.0,0,0,0,0
0,0.0,0.0,21.0,0.0,2.0,87.0,86.0,90.0,88.0,71.0,77.0,87.0,87.0,81.0,0,0,0,80.0,64.0,56.0,0.0,0,0,0,0
0,0.0,0.0,16.0,0.0,0.0,87.0,81.0,83.0,82.0,64.0,83.0,90.0,88.0,88.0,0,0,0,69.0,66.0,52.0,0.0,0,0,0,0
0,0.0,0.0,0.0,0.0,0.0,86.0,82.0,84.0,83.0,65.0,90.0,88.0,87.0,78.0,0,0,0,85.0,61.0,45.0,0.0,0,0,0,0
0,0.0,0.0,28.0,0.0,1.0,86.0,82.0,83.0,79.0,67.0,87.0,84.0,75.0,87.0,0,0,0,84.0,73.0,58.0,0.0,0,0,0,0
0,0.0,0.0,12.0,0.0,0.0,86.0,82.0,83.0,79.0,67.0,87.0,84.0,75.0,87.0,0,0,0,84.0,73.0,58.0,0.0,0,0,0,0
0,0.0,0.0,35.0,0.0,0.0,85.0,77.0,82.0,76.0,71.0,82.0,77.0,76.0,81.0,0,0,0,78.0,80.0,59.0,0.0,0,0,0,0
0,0.0,0.0,45.0,0.0,2.0,85.0,75.0,76.0,73.0,78.0,90.0,83.0,64.0,90.0,0,0,0,75.0,70.0,64.0,0.0,0,0,0,0
0,0.0,0.0,12.0,0.0,0.0,84.0,73.0,83.0,77.0,82.0,69.0,84.0,85.0,76.0,0,0,0,69.0,84.0,65.0,0.0,0,0,0,0
0,0.0,0.0,29.0,0.0,0.0,84.0,84.0,88.0,81.0,67.0,79.0,88.0,77.0,82.0,0,0,0,55.0,65.0,59.0,0.0,0,0,0,0
0,0.0,0.0,35.0,0.0,1.0,84.0,73.0,76.0,74.0,82.0,87.0,78.0,69.0,84.0,0,0,0,84.0,74.0,70.0,0.0,0,0,0,0
0,0.0,0.0,39.0,0.0,3.0,84.0,85.0,87.0,83.0,74.0,77.0,74.0,75.0,70.0,0,0,0,76.0,84.0,65.0,0.0,0,0,0,0
0,0.0,0.0,36.0,0.0,2.0,84.0,81.0,84.0,82.0,75.0,75.0,83.0,93.0,76.0,0,0,0,87.0,65.0,63.0,0.0,0,0,0,0
0,0.0,0.0,28.0,0.0,2.0,83.0,83.0,84.0,82.0,75.0,77.0,81.0,84.0,82.0,0,0,0,81.0,65.0,53.0,0.0,0,0,0,0
0,0.0,0.0,16.0,0.0,0.0,83.0,72.0,72.0,71.0,79.0,84.0,77.0,65.0,84.0,0,0,0,75.0,77.0,60.0,0.0,0,0,0,0
0,0.0,0.0,0.0,0.0,0.0,83.0,82.0,83.0,77.0,72.0,84.0,79.0,78.0,74.0,0,0,0,80.0,72.0,51.0,0.0,0,0,0,0
0,0.0,0.0,19.0,0.0,1.0,82.0,82.0,85.0,85.0,71.0,62.0,87.0,89.0,84.0,0,0,0,85.0,68.0,64.0,0.0,0,0,0,0
0,0.0,0.0,22.0,0.0,0.0,82.0,73.0,76.0,69.0,78.0,84.0,81.0,65.0,84.0,0,0,0,65.0,78.0,73.0,0.0,0,0,0,0
0,0.0,0.0,41.0,0.0,2.0,82.0,81.0,82.0,82.0,66.0,87.0,86.0,79.0,85.0,0,0,0,79.0,64.0,54.0,0.0,0,0,0,0
0,0.0,0.0,18.0,0.0,0.0,81.0,72.0,78.0,76.0,78.0,84.0,81.0,77.0,85.0,0,0,0,77.0,70.0,55.0,0.0,0,0,0,0
0,0.0,0.0,48.0,0.0,2.0,81.0,90.0,87.0,85.0,66.0,75.0,81.0,86.0,73.0,0,0,0,92.0,61.0,58.0,0.0,0,0,0,0
0,0.0,0.0,25.0,0.0,1.0,81.0,82.0,88.0,87.0,59.0,73.0,87.0,72.0,84.0,0,0,0,72.0,63.0,59.0,0.0,0,0,0,0
0,0.0,0.0,25.0,0.0,0.0,80.0,86.0,85.0,85.0,77.0,72.0,85.0,73.0,81.0,0,0,0,82.0,60.0,54.0,0.0,0,0,0,0
0,0.0,0.0,21.0,0.0,0.0,79.0,81.0,81.0,81.0,62.0,80.0,83.0,83.0,82.0,0,0,0,75.0,61.0,51.0,0.0,0,0,0,0
0,0.0,0.0,11.0,0.0,0.0,79.0,88.0,89.0,87.0,64.0,67.0,83.0,86.0,77.0,0,0,0,73.0,62.0,53.0,0.0,0,0,0,0
0,0.0,0.0,54.0,0.0,3.0,79.0,77.0,81.0,79.0,73.0,61.0,87.0,85.0,78.0,0,0,0,88.0,60.0,53.0,0.0,0,0,0,0
0,0.0,0.0,22.0,0.0,0.0,79.0,73.0,77.0,74.0,76.0,82.0,78.0,69.0,77.0,0,0,0,84.0,70.0,58.0,0.0,0,0,0,0
0,0.0,0.0,16.0,0.0,0.0,78.0,76.0,80.0,74.0,74.0,79.0,76.0,71.0,82.0,0,0,0,65.0,71.0,57.0,0.0,0,0,0,0
0,0.0,0.0,10.0,0.0,0.0,77.0,81.0,75.0,78.0,66.0,74.0,82.0,92.0,82.0,0,0,0,65.0,62.0,55.0,0.0,0,0,0,0
0,0.0,0.0,12.0,0.0,0.0,77.0,74.0,77.0,74.0,65.0,80.0,82.0,79.0,94.0,0,0,0,77.0,54.0,51.0,0.0,0,0,0,0
0,0.0,0.0,29.0,0.0,1.0,77.0,85.0,90.0,87.0,74.0,56.0,80.0,87.0,73.0,0,0,0,67.0,60.0,55.0,0.0,0,0,0,0
0,0.0,0.0,0.0,0.0,0.0,77.0,76.0,79.0,79.0,68.0,67.0,82.0,87.0,80.0,0,0,0,60.0,72.0,63.0,0.0,0,0,0,0
0,0.0,0.0,16.0,0.0,0.0,77.0,79.0,84.0,81.0,66.0,73.0,78.0,79.0,76.0,0,0,0,65.0,63.0,60.0,0.0,0,0,0,0
0,0.0,0.0,9.0,0.0,0.0,77.0,74.0,78.0,75.0,72.0,68.0,69.0,78.0,75.0,0,0,0,60.0,79.0,67.0,0.0,0,0,0,0
0,0.0,0.0,9.0,0.0,0.0,76.0,73.0,76.0,74.0,76.0,75.0,82.0,72.0,79.0,0,0,0,70.0,74.0,54.0,0.0,0,0,0,0
0,0.0,0.0,98.0,0.0,3.0,76.0,74.0,73.0,74.0,68.0,78.0,71.0,72.0,75.0,0,0,0,78.0,71.0,65.0,0.0,0,0,0,0
0,0.0,0.0,11.0,0.0,3.0,76.0,74.0,73.0,74.0,68.0,78.0,71.0,72.0,75.0,0,0,0,78.0,71.0,65.0,0.0,0,0,0,0
0,0.0,0.0,9.0,0.0,0.0,76.0,85.0,88.0,86.0,63.0,73.0,81.0,82.0,79.0,0,0,0,83.0,60.0,49.0,0.0,0,0,0,0
0,0.0,0.0,0.0,0.0,0.0,76.0,84.0,79.0,75.0,77.0,78.0,75.0,64.0,72.0,0,0,0,74.0,71.0,68.0,0.0,0,0,0,0
0,0.0,0.0,4.0,0.0,0.0,76.0,79.0,85.0,79.0,67.0,72.0,77.0,82.0,75.0,0,0,0,65.0,69.0,53.0,0.0,0,0,0,0
0,0.0,0.0,2.0,0.0,0.0,76.0,65.0,74.0,67.0,75.0,75.0,72.0,68.0,82.0,0,0,0,65.0,74.0,64.0,0.0,0,0,0,0
0,0.0,0.0,7.0,0.0,0.0,76.0,77.0,79.0,74.0,69.0,76.0,82.0,82.0,83.0,0,0,0,49.0,61.0,45.0,0.0,0,0,0,0
0,0.0,0.0,5.0,0.0,0.0,76.0,72.0,76.0,67.0,80.0,77.0,72.0,60.0,73.0,0,0,0,72.0,82.0,61.0,0.0,0,0,0,0
0,0.0,0.0,5.0,0.0,0.0,75.0,68.0,76.0,72.0,84.0,67.0,64.0,75.0,75.0,0,0,0,82.0,87.0,68.0,0.0,0,0,0,0
0,0.0,0.0,14.0,0.0,1.0,75.0,79.0,81.0,74.0,73.0,74.0,73.0,75.0,81.0,0,0,0,65.0,72.0,55.0,0.0,0,0,0,0
0,0.0,0.0,9.0,0.0,0.0,75.0,78.0,81.0,77.0,72.0,44.0,85.0,83.0,78.0,0,0,0,88.0,70.0,68.0,0.0,0,0,0,0
0,0.0,0.0,5.0,0.0,0.0,75.0,74.0,76.0,76.0,75.0,72.0,70.0,65.0,76.0,0,0,0,80.0,73.0,58.0,0.0,0,0,0,0
0,0.0,0.0,0.0,0.0,0.0,75.0,74.0,79.0,70.0,77.0,72.0,72.0,66.0,75.0,0,0,0,74.0,73.0,63.0,0.0,0,0,0,0
0,0.0,0.0,2.0,0.0,0.0,75.0,74.0,79.0,70.0,77.0,72.0,72.0,66.0,75.0,0,0,0,74.0,73.0,63.0,0.0,0,0,0,0
0,0.0,0.0,1.0,0.0,0.0,75.0,86.0,82.0,82.0,72.0,68.0,74.0,81.0,72.0,0,0,0,82.0,67.0,54.0,0.0,0,0,0,0
0,0.0,0.0,14.0,0.0,0.0,75.0,76.0,84.0,81.0,72.0,65.0,80.0,78.0,73.0,0,0,0,84.0,68.0,60.0,0.0,0,0,0,0
0,0.0,0.0,0.0,0.0,0.0,75.0,76.0,84.0,81.0,72.0,65.0,80.0,78.0,73.0,0,0,0,84.0,68.0,60.0,0.0,0,0,0,0
0,0.0,0.0,0.0,0.0,0.0,74.0,82.0,87.0,85.0,67.0,64.0,81.0,82.0,68.0,0,0,0,65.0,62.0,55.0,0.0,0,0,0,0
0,0.0,0.0,1.0,0.0,0.0,74.0,74.0,82.0,79.0,82.0,46.0,80.0,65.0,84.0,0,0,0,85.0,75.0,70.0,0.0,0,0,0,0
0,0.0,0.0,90.0,4.0,10.0,74.0,83.0,84.0,76.0,80.0,47.0,75.0,73.0,78.0,0,0,0,73.0,75.0,70.0,0.0,0,0,0,0
0,0.0,0.0,8.0,0.0,0.0,74.0,77.0,81.0,77.0,76.0,54.0,73.0,85.0,82.0,0,0,0,75.0,65.0,63.0,0.0,0,0,0,0
0,0.0,0.0,5.0,0.0,0.0,74.0,74.0,76.0,72.0,78.0,75.0,70.0,65.0,77.0,0,0,0,75.0,69.0,56.0,0.0,0,0,0,0
0,0.0,0.0,4.0,0.0,0.0,74.0,83.0,84.0,79.0,77.0,55.0,83.0,77.0,74.0,0,0,0,87.0,61.0,54.0,0.0,0,0,0,0
0,0.0,0.0,9.0,0.0,0.0,74.0,79.0,81.0,77.0,69.0,74.0,76.0,79.0,70.0,0,0,0,62.0,70.0,62.0,0.0,0,0,0,0
0,0.0,0.0,10.0,0.0,0.0,74.0,79.0,84.0,75.0,69.0,65.0,82.0,72.0,78.0,0,0,0,72.0,62.0,55.0,0.0,0,0,0,0
0,0.0,0.0,0.0,0.0,0.0,73.0,77.0,84.0,79.0,68.0,72.0,76.0,76.0,73.0,0,0,0,66.0,70.0,54.0,0.0,0,0,0,0
0,0.0,0.0,2.0,0.0,0.0,73.0,75.0,80.0,83.0,65.0,57.0,85.0,84.0,86.0,0,0,0,63.0,58.0,56.0,0.0,0,0,0,0
0,0.0,0.0,0.0,0.0,0.0,73.0,77.0,82.0,75.0,65.0,72.0,75.0,62.0,74.0,0,0,0,69.0,76.0,62.0,0.0,0,0,0,0
0,0.0,0.0,0.0,0.0,0.0,72.0,73.0,74.0,69.0,75.0,74.0,76.0,76.0,73.0,0,0,0,64.0,69.0,60.0,0.0,0,0,0,0
0,0.0,0.0,0.0,0.0,0.0,72.0,79.0,83.0,74.0,76.0,69.0,65.0,55.0,69.0,0,0,0,72.0,76.0,65.0,0.0,0,0,0,0
0,0.0,0.0,3.0,0.0,0.0,72.0,65.0,72.0,67.0,80.0,75.0,65.0,51.0,72.0,0,0,0,85.0,82.0,65.0,0.0,0,0,0,0
0,0.0,0.0,0.0,0.0,0.0,72.0,84.0,86.0,86.0,56.0,57.0,75.0,84.0,67.0,0,0,0,62.0,72.0,64.0,0.0,0,0,0,0
0,0.0,0.0,0.0,0.0,0.0,72.0,85.0,87.0,84.0,72.0,62.0,75.0,72.0,70.0,0,0,0,76.0,59.0,55.0,0.0,0,0,0,0
0,0.0,0.0,0.0,0.0,0.0,72.0,76.0,81.0,75.0,68.0,64.0,72.0,66.0,74.0,0,0,0,66.0,76.0,64.0,0.0,0,0,0,0
0,0.0,0.0,16.0,0.0,0.0,72.0,83.0,83.0,79.0,66.0,74.0,74.0,75.0,72.0,0,0,0,74.0,62.0,50.0,0.0,0,0,0,0
0,0.0,0.0,5.0,0.0,0.0,72.0,67.0,74.0,68.0,84.0,77.0,74.0,62.0,78.0,0,0,0,55.0,81.0,65.0,0.0,0,0,0,0
0,0.0,0.0,0.0,0.0,0.0,72.0,74.0,79.0,73.0,77.0,75.0,69.0,70.0,69.0,0,0,0,66.0,72.0,63.0,0.0,0,0,0,0
0,0.0,0.0,12.0,0.0,0.0,72.0,88.0,85.0,83.0,73.0,60.0,76.0,80.0,69.0,0,0,0,67.0,63.0,55.0,0.0,0,0,0,0
0,0.0,0.0,6.0,0.0,0.0,72.0,77.0,78.0,74.0,80.0,52.0,76.0,75.0,83.0,0,0,0,82.0,70.0,67.0,0.0,0,0,0,0
0,0.0,0.0,0.0,0.0,0.0,72.0,84.0,85.0,75.0,76.0,59.0,69.0,72.0,64.0,0,0,0,74.0,85.0,54.0,0.0,0,0,0,0
0,0.0,0.0,0.0,0.0,0.0,72.0,69.0,76.0,74.0,67.0,70.0,76.0,64.0,75.0,0,0,0,73.0,73.0,63.0,0.0,0,0,0,0
0,0.0,0.0,0.0,0.0,0.0,71.0,66.0,75.0,66.0,81.0,75.0,69.0,49.0,64.0,0,0,0,65.0,80.0,69.0,0.0,0,0,0,0
0,0.0,0.0,3.0,0.0,0.0,71.0,72.0,75.0,74.0,70.0,76.0,70.0,63.0,66.0,0,0,0,66.0,75.0,62.0,0.0,0,0,0,0
0,0.0,0.0,0.0,0.0,0.0,71.0,71.0,72.0,67.0,69.0,84.0,62.0,59.0,72.0,0,0,0,47.0,78.0,67.0,0.0,0,0,0,0
0,0.0,0.0,3.0,0.0,0.0,71.0,88.0,88.0,84.0,74.0,66.0,73.0,63.0,77.0,0,0,0,67.0,63.0,50.0,0.0,0,0,0,0
0,0.0,0.0,14.0,0.0,0.0,71.0,84.0,74.0,76.0,85.0,64.0,74.0,82.0,67.0,0,0,0,86.0,61.0,64.0,0.0,0,0,0,0
0,0.0,0.0,0.0,0.0,0.0,71.0,74.0,76.0,73.0,71.0,71.0,68.0,65.0,73.0,0,0,0,66.0,71.0,56.0,0.0,0,0,0,0
0,0.0,0.0,7.0,0.0,0.0,71.0,83.0,85.0,84.0,62.0,67.0,74.0,81.0,67.0,0,0,0,60.0,63.0,49.0,0.0,0,0,0,0
0,0.0,0.0,0.0,0.0,0.0,71.0,70.0,76.0,74.0,82.0,46.0,76.0,66.0,78.0,0,0,0,76.0,80.0,68.0,0.0,0,0,0,0
0,0.0,0.0,48.0,0.0,0.0,71.0,83.0,86.0,82.0,63.0,65.0,75.0,73.0,68.0,0,0,0,66.0,61.0,55.0,0.0,0,0,0,0
0,0.0,0.0,4.0,0.0,0.0,71.0,83.0,86.0,82.0,63.0,65.0,75.0,73.0,68.0,0,0,0,66.0,61.0,55.0,0.0,0,0,0,0
0,0.0,0.0,4.0,0.0,0.0,71.0,76.0,74.0,77.0,65.0,48.0,81.0,84.0,78.0,0,0,0,72.0,70.0,67.0,0.0,0,0,0,0
0,0.0,0.0,2.0,0.0,0.0,70.0,84.0,86.0,84.0,67.0,65.0,75.0,76.0,74.0,0,0,0,62.0,64.0,52.0,0.0,0,0,0,0
0,0.0,0.0,0.0,0.0,0.0,70.0,73.0,79.0,81.0,81.0,64.0,73.0,73.0,80.0,0,0,0,74.0,65.0,56.0,0.0,0,0,0,0
0,0.0,0.0,8.0,0.0,0.0,70.0,75.0,77.0,74.0,73.0,63.0,75.0,84.0,76.0,0,0,0,76.0,76.0,66.0,0.0,0,0,0,0
0,0.0,0.0,5.0,0.0,0.0,70.0,69.0,74.0,72.0,73.0,54.0,75.0,81.0,75.0,0,0,0,77.0,74.0,69.0,0.0,0,0,0,0
0,0.0,0.0,0.0,0.0,0.0,70.0,69.0,74.0,72.0,73.0,54.0,75.0,81.0,75.0,0,0,0,77.0,74.0,69.0,0.0,0,0,0,0
0,0.0,0.0,0.0,0.0,0.0,70.0,80.0,78.0,73.0,74.0,55.0,72.0,67.0,74.0,0,0,0,75.0,75.0,65.0,0.0,0,0,0,0
0,0.0,0.0,7.0,0.0,0.0,70.0,85.0,82.0,82.0,69.0,66.0,72.0,64.0,81.0,0,0,0,80.0,60.0,49.0,0.0,0,0,0,0
0,0.0,0.0,0.0,0.0,0.0,70.0,69.0,77.0,68.0,77.0,70.0,68.0,57.0,71.0,0,0,0,72.0,83.0,66.0,0.0,0,0,0,0
0,0.0,0.0,1.0,0.0,0.0,69.0,88.0,85.0,86.0,65.0,40.0,74.0,84.0,79.0,0,0,0,79.0,59.0,54.0,0.0,0,0,0,0
0,0.0,0.0,0.0,0.0,0.0,69.0,72.0,74.0,70.0,72.0,68.0,57.0,55.0,68.0,0,0,0,67.0,82.0,65.0,0.0,0,0,0,0
0,0.0,0.0,0.0,0.0,0.0,69.0,84.0,82.0,82.0,64.0,64.0,77.0,82.0,68.0,0,0,0,71.0,60.0,44.0,0.0,0,0,0,0
0,0.0,0.0,0.0,0.0,0.0,69.0,78.0,80.0,77.0,83.0,44.0,70.0,67.0,80.0,0,0,0,63.0,67.0,66.0,0.0,0,0,0,0
0,0.0,0.0,0.0,0.0,0.0,69.0,85.0,82.0,78.0,77.0,46.0,71.0,76.0,70.0,0,0,0,69.0,68.0,64.0,0.0,0,0,0,0
0,0.0,0.0,0.0,0.0,0.0,69.0,85.0,82.0,78.0,77.0,46.0,71.0,76.0,70.0,0,0,0,69.0,68.0,64.0,0.0,0,0,0,0
0,0.0,0.0,0.0,0.0,0.0,69.0,85.0,82.0,78.0,77.0,46.0,71.0,76.0,70.0,0,0,0,69.0,68.0,64.0,0.0,0,0,0,0
0,0.0,0.0,52.0,0.0,1.0,69.0,85.0,82.0,78.0,77.0,46.0,71.0,76.0,70.0,0,0,0,69.0,68.0,64.0,0.0,0,0,0,0
0,0.0,0.0,4.0,0.0,0.0,69.0,85.0,82.0,78.0,77.0,46.0,71.0,76.0,70.0,0,0,0,69.0,68.0,64.0,0.0,0,0,0,0
0,0.0,0.0,0.0,0.0,0.0,69.0,73.0,84.0,74.0,66.0,53.0,74.0,84.0,76.0,0,0,0,74.0,74.0,63.0,0.0,0,0,0,0
0,0.0,0.0,0.0,0.0,0.0,68.0,77.0,81.0,73.0,74.0,62.0,67.0,64.0,72.0,0,0,0,66.0,75.0,64.0,0.0,0,0,0,0
0,0.0,0.0,0.0,0.0,0.0,68.0,75.0,83.0,76.0,73.0,60.0,71.0,62.0,67.0,0,0,0,69.0,73.0,53.0,0.0,0,0,0,0
0,0.0,0.0,0.0,0.0,0.0,68.0,73.0,81.0,78.0,73.0,55.0,70.0,75.0,68.0,0,0,0,66.0,67.0,62.0,0.0,0,0,0,0
0,0.0,0.0,0.0,0.0,0.0,68.0,81.0,83.0,82.0,63.0,60.0,74.0,79.0,72.0,0,0,0,74.0,60.0,55.0,0.0,0,0,0,0
0,0.0,0.0,0.0,0.0,0.0,68.0,87.0,91.0,86.0,62.0,35.0,76.0,81.0,77.0,0,0,0,63.0,66.0,59.0,0.0,0,0,0,0
0,0.0,0.0,0.0,0.0,0.0,68.0,78.0,76.0,72.0,71.0,55.0,75.0,80.0,68.0,0,0,0,66.0,71.0,61.0,0.0,0,0,0,0
0,0.0,0.0,0.0,0.0,0.0,68.0,76.0,77.0,72.0,75.0,43.0,72.0,75.0,81.0,0,0,0,77.0,72.0,68.0,0.0,0,0,0,0
0,0.0,0.0,1.0,0.0,0.0,68.0,82.0,74.0,72.0,74.0,64.0,78.0,86.0,74.0,0,0,0,55.0,64.0,49.0,0.0,0,0,0,0
0,0.0,0.0,0.0,0.0,0.0,67.0,72.0,76.0,72.0,79.0,54.0,72.0,81.0,69.0,0,0,0,74.0,74.0,65.0,0.0,0,0,0,0
0,0.0,0.0,14.0,0.0,0.0,67.0,76.0,84.0,81.0,64.0,50.0,78.0,84.0,79.0,0,0,0,74.0,62.0,60.0,0.0,0,0,0,0
0,0.0,0.0,0.0,0.0,0.0,67.0,80.0,82.0,83.0,67.0,55.0,71.0,80.0,67.0,0,0,0,66.0,64.0,55.0,0.0,0,0,0,0
0,0.0,0.0,0.0,0.0,0.0,67.0,67.0,66.0,65.0,70.0,79.0,60.0,55.0,66.0,0,0,0,54.0,82.0,66.0,0.0,0,0,0,0
0,0.0,0.0,0.0,0.0,0.0,66.0,73.0,74.0,72.0,64.0,60.0,68.0,66.0,73.0,0,0,0,66.0,77.0,65.0,0.0,0,0,0,0
0,0.0,0.0,0.0,0.0,0.0,66.0,85.0,74.0,75.0,66.0,51.0,73.0,64.0,75.0,0,0,0,68.0,65.0,57.0,0.0,0,0,0,0
0,0.0,0.0,0.0,0.0,0.0,66.0,84.0,87.0,82.0,70.0,50.0,76.0,78.0,65.0,0,0,0,79.0,64.0,54.0,0.0,0,0,0,0
0,0.0,0.0,0.0,0.0,0.0,66.0,72.0,82.0,64.0,75.0,71.0,70.0,58.0,59.0,0,0,0,66.0,73.0,64.0,0.0,0,0,0,0
0,0.0,0.0,0.0,0.0,0.0,66.0,89.0,91.0,85.0,73.0,36.0,75.0,83.0,73.0,0,0,0,75.0,60.0,55.0,0.0,0,0,0,0
0,0.0,0.0,0.0,0.0,0.0,65.0,83.0,85.0,85.0,63.0,56.0,70.0,81.0,69.0,0,0,0,74.0,58.0,47.0,0.0,0,0,0,0
0,0.0,0.0,0.0,0.0,0.0,65.0,76.0,82.0,73.0,66.0,64.0,73.0,63.0,65.0,0,0,0,70.0,64.0,62.0,0.0,0,0,0,0
0,0.0,0.0,0.0,0.0,0.0,65.0,84.0,86.0,82.0,64.0,49.0,76.0,69.0,77.0,0,0,0,77.0,55.0,50.0,0.0,0,0,0,0
0,0.0,0.0,0.0,0.0,0.0,65.0,89.0,94.0,91.0,58.0,50.0,73.0,77.0,72.0,0,0,0,75.0,64.0,42.0,0.0,0,0,0,0
0,0.0,0.0,0.0,0.0,0.0,65.0,75.0,74.0,69.0,67.0,51.0,74.0,71.0,76.0,0,0,0,60.0,70.0,62.0,0.0,0,0,0,0
0,0.0,0.0,0.0,0.0,0.0,65.0,80.0,84.0,78.0,65.0,53.0,74.0,62.0,67.0,0,0,0,65.0,69.0,56.0,0.0,0,0,0,0
0,0.0,0.0,0.0,0.0,0.0,64.0,81.0,89.0,84.0,61.0,52.0,68.0,67.0,74.0,0,0,0,72.0,62.0,52.0,0.0,0,0,0,0
0,0.0,0.0,0.0,0.0,0.0,64.0,75.0,84.0,67.0,69.0,55.0,73.0,55.0,74.0,0,0,0,46.0,74.0,63.0,0.0,0,0,0,0
0,0.0,0.0,0.0,0.0,0.0,64.0,75.0,77.0,72.0,69.0,48.0,73.0,74.0,72.0,0,0,0,64.0,65.0,60.0,0.0,0,0,0,0
0,0.0,0.0,11.0,0.0,1.0,63.0,73.0,74.0,69.0,74.0,68.0,67.0,60.0,66.0,0,0,0,33.0,77.0,62.0,0.0,0,0,0,0
0,0.0,0.0,42.0,0.0,2.0,62.0,71.0,74.0,72.0,70.0,46.0,68.0,53.0,72.0,0,0,0,64.0,75.0,54.0,0.0,0,0,0,0
0,0.0,0.0,0.0,0.0,0.0,62.0,71.0,74.0,72.0,70.0,46.0,68.0,53.0,72.0,0,0,0,64.0,75.0,54.0,0.0,0,0,0,0
0,0.0,0.0,0.0,0.0,0.0,62.0,77.0,75.0,74.0,74.0,51.0,72.0,74.0,69.0,0,0,0,65.0,64.0,51.0,0.0,0,0,0,0
0,0.0,0.0,0.0,0.0,0.0,60.0,79.0,85.0,87.0,65.0,35.0,66.0,82.0,67.0,0,0,0,74.0,60.0,50.0,0.0,0,0,0,0
0,0.0,0.0,0.0,0.0,0.0,60.0,74.0,83.0,81.0,64.0,57.0,53.0,56.0,62.0,0,0,0,12.0,83.0,66.0,0.0,0,0,0,0
0,0.0,0.0,0.0,0.0,0.0,60.0,74.0,83.0,81.0,64.0,57.0,53.0,56.0,62.0,0,0,0,12.0,83.0,66.0,0.0,0,0,0,0
0,0.0,0.0,0.0,0.0,0.0,58.0,65.0,67.0,62.0,78.0,83.0,49.0,40.0,49.0,0,0,0,12.0,84.0,72.0,0.0,0,0,0,0
0,0.0,0.0,0.0,0.0,0.0,57.0,70.0,74.0,70.0,64.0,60.0,60.0,55.0,60.0,0,0,0,25.0,76.0,65.0,0.0,0,0,0,0
0,0.0,0.0,21.0,0.0,2.0,57.0,75.0,82.0,80.0,72.0,78.0,62.0,44.0,45.0,0,0,0,15.0,79.0,68.0,0.0,0,0,0,0
0,0.0,0.0,0.0,0.0,0.0,57.0,69.0,72.0,68.0,72.0,64.0,60.0,55.0,50.0,0,0,0,49.0,78.0,58.0,0.0,0,0,0,0
0,0.0,0.0,0.0,0.0,0.0,56.0,72.0,67.0,65.0,73.0,85.0,64.0,40.0,49.0,0,0,0,15.0,77.0,72.0,0.0,0,0,0,0
0,0.0,0.0,0.0,0.0,0.0,56.0,66.0,71.0,64.0,75.0,87.0,62.0,50.0,55.0,0,0,0,15.0,75.0,65.0,0.0,0,0,0,0
0,0.0,0.0,0.0,0.0,0.0,54.0,63.0,72.0,65.0,70.0,52.0,60.0,60.0,55.0,0,0,0,43.0,67.0,66.0,0.0,0,0,0,0
0,0.0,0.0,0.0,0.0,0.0,54.0,66.0,69.0,62.0,75.0,52.0,58.0,35.0,52.0,0,0,0,65.0,83.0,65.0,0.0,0,0,0,0
0,0.0,0.0,0.0,0.0,0.0,53.0,76.0,72.0,70.0,69.0,45.0,58.0,52.0,65.0,0,0,0,42.0,73.0,62.0,0.0,0,0,0,0
0,0.0,0.0,0.0,0.0,0.0,52.0,70.0,72.0,66.0,74.0,72.0,65.0,47.0,55.0,0,0,0,42.0,77.0,65.0,0.0,0,0,0,0
0,0.0,0.0,0.0,0.0,0.0,52.0,65.0,74.0,68.0,65.0,78.0,65.0,52.0,55.0,0,0,0,15.0,74.0,65.0,0.0,0,0,0,0
0,0.0,0.0,0.0,0.0,0.0,51.0,70.0,66.0,65.0,68.0,67.0,55.0,40.0,45.0,0,0,0,12.0,76.0,67.0,0.0,0,0,0,0
0,0.0,0.0,0.0,0.0,0.0,51.0,70.0,66.0,65.0,68.0,67.0,55.0,40.0,45.0,0,0,0,12.0,76.0,67.0,0.0,0,0,0,0
0,0.0,0.0,0.0,0.0,0.0,51.0,63.0,70.0,67.0,72.0,76.0,60.0,44.0,51.0,0,0,0,40.0,78.0,66.0,0.0,0,0,0,0
0,0.0,0.0,0.0,0.0,0.0,50.0,70.0,72.0,68.0,67.0,60.0,46.0,40.0,55.0,0,0,0,65.0,79.0,70.0,0.0,0,0,0,0
0,0.0,0.0,0.0,0.0,0.0,50.0,70.0,72.0,68.0,74.0,75.0,65.0,48.0,45.0,0,0,0,12.0,75.0,69.0,0.0,0,0,0,0
0,0.0,0.0,0.0,0.0,0.0,49.0,70.0,72.0,68.0,72.0,62.0,59.0,48.0,58.0,0,0,0,55.0,74.0,62.0,0.0,0,0,0,0
0,0.0,0.0,0.0,0.0,0.0,49.0,69.0,71.0,69.0,70.0,74.0,64.0,44.0,47.0,0,0,0,15.0,69.0,65.0,0.0,0,0,0,0
0,0.0,0.0,0.0,0.0,0.0,48.0,66.0,72.0,62.0,75.0,81.0,56.0,42.0,52.0,0,0,0,15.0,74.0,69.0,0.0,0,0,0,0
0,0.0,0.0,0.0,0.0,0.0,48.0,66.0,72.0,64.0,71.0,79.0,59.0,42.0,49.0,0,0,0,12.0,73.0,65.0,0.0,0,0,0,0
0,0.0,0.0,0.0,0.0,0.0,48.0,73.0,74.0,67.0,65.0,73.0,58.0,42.0,44.0,0,0,0,15.0,74.0,66.0,0.0,0,0,0,0
0,0.0,0.0,0.0,0.0,0.0,46.0,73.0,79.0,73.0,72.0,79.0,62.0,32.0,43.0,0,0,0,12.0,68.0,57.0,0.0,0,0,0,0
0,0.0,0.0,0.0,0.0,0.0,43.0,68.0,70.0,70.0,68.0,54.0,58.0,45.0,40.0,0,0,0,42.0,75.0,62.0,0.0,0,0,0,0
0,0.0,0.0,0.0,0.0,0.0,41.0,74.0,77.0,73.0,71.0,49.0,60.0,32.0,43.0,0,0,0,12.0,60.0,62.0,0.0,0,0,0,0
78,265.0,0.0,78.0,4.0,5.0,99.0,82.0,87.0,85.0,88.0,86.0,94.0,0.0,98.0,0,0,0,95.0,72.0,62.0,0.0,0,0,0,0
79,265.0,0.0,61.0,1.0,5.0,95.0,85.0,90.0,87.0,76.0,87.0,92.0,0.0,88.0,0,0,0,88.0,67.0,57.0,0.0,0,0,0,0
78,263.0,0.0,80.0,2.0,11.0,93.0,76.0,80.0,75.0,75.0,97.0,95.0,0.0,92.0,0,0,0,85.0,69.0,57.0,0.0,0,0,0,0
77,253.0,0.0,60.0,0.0,3.0,92.0,83.0,85.0,84.0,68.0,89.0,89.0,0.0,87.0,0,0,0,88.0,74.0,62.0,0.0,0,0,0,0
77,260.0,0.0,90.0,4.0,10.0,91.0,84.0,87.0,82.0,79.0,68.0,84.0,0.0,89.0,0,0,0,83.0,85.0,67.0,0.0,0,0,0,0
78,265.0,0.0,35.0,0.0,1.0,90.0,78.0,89.0,82.0,79.0,81.0,85.0,0.0,82.0,0,0,0,80.0,78.0,65.0,0.0,0,0,0,0
77,260.0,0.0,21.0,0.0,2.0,89.0,84.0,86.0,86.0,69.0,76.0,88.0,0.0,87.0,0,0,0,80.0,64.0,55.0,0.0,0,0,0,0
76,255.0,0.0,0.0,0.0,0.0,88.0,78.0,83.0,81.0,64.0,95.0,91.0,0.0,79.0,0,0,0,85.0,60.0,45.0,0.0,0,0,0,0
72,248.0,0.0,39.0,0.0,3.0,87.0,83.0,82.0,84.0,74.0,80.0,78.0,0.0,72.0,0,0,0,76.0,81.0,70.0,0.0,0,0,0,0
75,255.0,0.0,29.0,0.0,0.0,86.0,80.0,89.0,81.0,65.0,80.0,88.0,0.0,86.0,0,0,0,55.0,74.0,51.0,0.0,0,0,0,0
75,265.0,0.0,12.0,0.0,0.0,85.0,75.0,84.0,73.0,82.0,75.0,82.0,0.0,79.0,0,0,0,69.0,80.0,75.0,0.0,0,0,0,0
76,255.0,0.0,35.0,0.0,0.0,85.0,74.0,83.0,76.0,73.0,85.0,73.0,0.0,80.0,0,0,0,78.0,83.0,60.0,0.0,0,0,0,0
75,250.0,0.0,51.0,0.0,2.0,84.0,87.0,89.0,85.0,87.0,84.0,73.0,0.0,69.0,0,0,0,85.0,72.0,50.0,0.0,0,0,0,0
77,249.0,0.0,13.0,0.0,1.0,84.0,85.0,90.0,87.0,68.0,75.0,87.0,0.0,81.0,0,0,0,82.0,60.0,55.0,0.0,0,0,0,0
77,250.0,0.0,54.0,0.0,3.0,84.0,79.0,87.0,82.0,73.0,72.0,86.0,0.0,78.0,0,0,0,88.0,66.0,52.0,0.0,0,0,0,0
77,254.0,0.0,48.0,0.0,2.0,84.0,85.0,91.0,84.0,67.0,78.0,79.0,0.0,72.0,0,0,0,92.0,72.0,62.0,0.0,0,0,0,0
78,251.0,0.0,25.0,0.0,0.0,83.0,87.0,89.0,84.0,75.0,73.0,86.0,0.0,84.0,0,0,0,82.0,62.0,52.0,0.0,0,0,0,0
76,245.0,0.0,16.0,0.0,0.0,83.0,80.0,85.0,80.0,64.0,81.0,88.0,0.0,79.0,0,0,0,73.0,63.0,52.0,0.0,0,0,0,0
77,256.0,0.0,45.0,0.0,2.0,83.0,73.0,76.0,73.0,76.0,88.0,81.0,0.0,85.0,0,0,0,75.0,76.0,63.0,0.0,0,0,0,0
77,255.0,0.0,8.0,0.0,0.0,82.0,85.0,88.0,82.0,64.0,75.0,74.0,0.0,75.0,0,0,0,59.0,81.0,64.0,0.0,0,0,0,0
75,237.0,0.0,25.0,0.0,1.0,82.0,80.0,86.0,87.0,60.0,75.0,86.0,0.0,85.0,0,0,0,72.0,61.0,55.0,0.0,0,0,0,0
78,250.0,0.0,19.0,0.0,1.0,81.0,82.0,85.0,85.0,71.0,62.0,85.0,0.0,84.0,0,0,0,85.0,68.0,64.0,0.0,0,0,0,0
78,272.0,0.0,35.0,0.0,1.0,81.0,73.0,81.0,74.0,82.0,87.0,74.0,0.0,80.0,0,0,0,84.0,72.0,69.0,0.0,0,0,0,0
77,252.0,0.0,12.0,0.0,0.0,81.0,87.0,91.0,83.0,72.0,73.0,75.0,0.0,79.0,0,0,0,72.0,71.0,61.0,0.0,0,0,0,0
78,259.0,0.0,36.0,0.0,2.0,81.0,75.0,83.0,81.0,75.0,74.0,81.0,0.0,76.0,0,0,0,87.0,63.0,62.0,0.0,0,0,0,0
75,245.0,0.0,41.0,0.0,2.0,80.0,78.0,83.0,77.0,67.0,85.0,84.0,0.0,86.0,0,0,0,79.0,62.0,50.0,0.0,0,0,0,0
79,260.0,0.0,18.0,0.0,0.0,80.0,74.0,81.0,75.0,78.0,86.0,78.0,0.0,85.0,0,0,0,77.0,67.0,65.0,0.0,0,0,0,0
78,265.0,0.0,0.0,0.0,0.0,79.0,73.0,78.0,78.0,73.0,74.0,82.0,0.0,82.0,0,0,0,73.0,60.0,55.0,0.0,0,0,0,0
76,267.0,0.0,14.0,0.0,0.0,78.0,81.0,84.0,76.0,85.0,66.0,73.0,0.0,67.0,0,0,0,86.0,83.0,69.0,0.0,0,0,0,0
78,240.0,0.0,11.0,0.0,0.0,78.0,89.0,91.0,87.0,64.0,69.0,81.0,0.0,74.0,0,0,0,73.0,62.0,53.0,0.0,0,0,0,0
75,250.0,0.0,16.0,0.0,0.0,78.0,81.0,89.0,79.0,65.0,74.0,79.0,0.0,76.0,0,0,0,65.0,67.0,55.0,0.0,0,0,0,0
77,250.0,0.0,0.0,0.0,0.0,78.0,82.0,86.0,83.0,70.0,69.0,80.0,0.0,77.0,0,0,0,79.0,65.0,66.0,0.0,0,0,0,0
75,255.0,0.0,0.0,0.0,0.0,78.0,79.0,80.0,74.0,73.0,82.0,72.0,0.0,74.0,0,0,0,80.0,66.0,51.0,0.0,0,0,0,0
79,260.0,0.0,2.0,0.0,0.0,78.0,72.0,74.0,65.0,76.0,76.0,71.0,0.0,82.0,0,0,0,65.0,78.0,64.0,0.0,0,0,0,0
75,263.0,0.0,5.0,0.0,0.0,78.0,81.0,87.0,67.0,81.0,78.0,70.0,0.0,73.0,0,0,0,72.0,82.0,65.0,0.0,0,0,0,0
76,265.0,0.0,8.0,0.0,0.0,77.0,79.0,88.0,75.0,76.0,62.0,74.0,0.0,82.0,0,0,0,75.0,65.0,64.0,0.0,0,0,0,0
75,230.0,0.0,21.0,0.0,0.0,77.0,82.0,87.0,79.0,62.0,80.0,81.0,0.0,75.0,0,0,0,75.0,61.0,51.0,0.0,0,0,0,0
79,267.0,0.0,0.0,0.0,0.0,77.0,80.0,82.0,79.0,70.0,67.0,82.0,0.0,81.0,0,0,0,60.0,64.0,63.0,0.0,0,0,0,0
77,275.0,0.0,22.0,0.0,0.0,77.0,75.0,81.0,74.0,77.0,81.0,75.0,0.0,76.0,0,0,0,84.0,68.0,54.0,0.0,0,0,0,0
76,252.0,0.0,9.0,0.0,0.0,77.0,80.0,87.0,76.0,70.0,75.0,77.0,0.0,72.0,0,0,0,62.0,72.0,64.0,0.0,0,0,0,0
76,260.0,0.0,5.0,0.0,0.0,77.0,77.0,83.0,68.0,84.0,77.0,75.0,0.0,82.0,0,0,0,55.0,77.0,65.0,0.0,0,0,0,0
78,265.0,0.0,5.0,0.0,0.0,77.0,72.0,83.0,72.0,84.0,71.0,69.0,0.0,74.0,0,0,0,82.0,85.0,65.0,0.0,0,0,0,0
76,255.0,0.0,22.0,0.0,0.0,77.0,71.0,74.0,72.0,77.0,81.0,75.0,0.0,83.0,0,0,0,65.0,70.0,66.0,0.0,0,0,0,0
78,250.0,0.0,14.0,0.0,1.0,76.0,81.0,89.0,74.0,73.0,76.0,73.0,0.0,79.0,0,0,0,65.0,72.0,57.0,0.0,0,0,0,0
77,260.0,0.0,9.0,0.0,0.0,76.0,86.0,83.0,78.0,74.0,48.0,80.0,0.0,77.0,0,0,0,88.0,70.0,68.0,0.0,0,0,0,0
76,260.0,0.0,0.0,0.0,0.0,76.0,72.0,78.0,73.0,72.0,74.0,76.0,0.0,77.0,0,0,0,66.0,75.0,56.0,0.0,0,0,0,0
77,265.0,0.0,4.0,0.0,0.0,76.0,85.0,86.0,79.0,77.0,62.0,83.0,0.0,74.0,0,0,0,87.0,61.0,54.0,0.0,0,0,0,0
76,255.0,0.0,16.0,0.0,0.0,76.0,83.0,86.0,76.0,68.0,77.0,74.0,0.0,70.0,0,0,0,74.0,71.0,61.0,0.0,0,0,0,0
78,251.0,0.0,4.0,0.0,0.0,76.0,78.0,82.0,77.0,67.0,63.0,78.0,0.0,80.0,0,0,0,72.0,72.0,67.0,0.0,0,0,0,0
75,254.0,0.0,2.0,0.0,0.0,76.0,79.0,84.0,77.0,84.0,68.0,71.0,0.0,75.0,0,0,0,84.0,70.0,58.0,0.0,0,0,0,0
78,267.0,0.0,0.0,0.0,0.0,75.0,76.0,76.0,73.0,79.0,66.0,75.0,0.0,74.0,0,0,0,74.0,78.0,69.0,0.0,0,0,0,0
78,260.0,0.0,2.0,0.0,0.0,75.0,76.0,85.0,83.0,65.0,64.0,83.0,0.0,86.0,0,0,0,63.0,60.0,55.0,0.0,0,0,0,0
80,265.0,0.0,8.0,0.0,0.0,75.0,76.0,83.0,74.0,74.0,76.0,72.0,0.0,67.0,0,0,0,76.0,77.0,70.0,0.0,0,0,0,0
76,265.0,0.0,29.0,0.0,1.0,75.0,86.0,88.0,86.0,73.0,62.0,78.0,0.0,69.0,0,0,0,67.0,62.0,50.0,0.0,0,0,0,0
76,247.0,0.0,0.0,0.0,2.0,75.0,78.0,84.0,82.0,64.0,75.0,74.0,0.0,73.0,0,0,0,85.0,60.0,50.0,0.0,0,0,0,0
76,247.0,0.0,0.0,0.0,0.0,75.0,78.0,84.0,82.0,64.0,75.0,74.0,0.0,73.0,0,0,0,85.0,60.0,50.0,0.0,0,0,0,0
76,247.0,0.0,0.0,0.0,0.0,75.0,78.0,84.0,82.0,64.0,75.0,74.0,0.0,73.0,0,0,0,85.0,60.0,50.0,0.0,0,0,0,0
76,247.0,0.0,14.0,0.0,0.0,75.0,78.0,84.0,82.0,64.0,75.0,74.0,0.0,73.0,0,0,0,85.0,60.0,50.0,0.0,0,0,0,0
75,245.0,0.0,10.0,0.0,0.0,75.0,77.0,83.0,75.0,69.0,73.0,79.0,0.0,79.0,0,0,0,72.0,60.0,50.0,0.0,0,0,0,0
78,255.0,0.0,0.0,0.0,0.0,75.0,79.0,85.0,83.0,68.0,66.0,76.0,0.0,73.0,0,0,0,70.0,71.0,55.0,0.0,0,0,0,0
77,255.0,0.0,3.0,0.0,0.0,74.0,75.0,85.0,75.0,72.0,74.0,72.0,0.0,72.0,0,0,0,65.0,73.0,63.0,0.0,0,0,0,0
75,256.0,0.0,12.0,0.0,0.0,74.0,76.0,85.0,71.0,63.0,75.0,74.0,0.0,87.0,0,0,0,77.0,60.0,45.0,0.0,0,0,0,0
78,253.0,0.0,5.0,0.0,0.0,74.0,80.0,87.0,74.0,75.0,72.0,66.0,0.0,73.0,0,0,0,80.0,71.0,56.0,0.0,0,0,0,0
76,235.0,0.0,0.0,0.0,0.0,74.0,82.0,86.0,82.0,65.0,70.0,81.0,0.0,67.0,0,0,0,65.0,61.0,55.0,0.0,0,0,0,0
76,260.0,0.0,3.0,0.0,0.0,74.0,89.0,91.0,82.0,74.0,70.0,71.0,0.0,75.0,0,0,0,67.0,70.0,54.0,0.0,0,0,0,0
75,252.0,0.0,10.0,0.0,0.0,74.0,79.0,86.0,77.0,65.0,74.0,80.0,0.0,78.0,0,0,0,65.0,60.0,50.0,0.0,0,0,0,0
75,255.0,0.0,7.0,0.0,0.0,74.0,83.0,84.0,82.0,64.0,71.0,75.0,0.0,69.0,0,0,0,60.0,67.0,55.0,0.0,0,0,0,0
76,260.0,0.0,0.0,0.0,0.0,74.0,87.0,89.0,72.0,73.0,80.0,72.0,0.0,70.0,0,0,0,74.0,65.0,64.0,0.0,0,0,0,0
79,265.0,0.0,5.0,0.0,0.0,74.0,81.0,89.0,71.0,78.0,73.0,69.0,0.0,75.0,0,0,0,75.0,68.0,56.0,0.0,0,0,0,0
76,258.0,0.0,1.0,0.0,0.0,74.0,87.0,86.0,79.0,72.0,68.0,72.0,0.0,69.0,0,0,0,82.0,65.0,54.0,0.0,0,0,0,0
76,257.0,0.0,14.0,0.0,0.0,74.0,78.0,84.0,82.0,65.0,68.0,79.0,0.0,79.0,0,0,0,74.0,63.0,64.0,0.0,0,0,0,0
76,250.0,0.0,8.0,0.0,0.0,74.0,80.0,87.0,82.0,69.0,51.0,83.0,0.0,79.0,0,0,0,67.0,63.0,60.0,0.0,0,0,0,0
73,241.0,0.0,7.0,0.0,0.0,74.0,88.0,92.0,82.0,69.0,69.0,77.0,0.0,81.0,0,0,0,80.0,60.0,50.0,0.0,0,0,0,0
75,239.0,0.0,0.0,0.0,0.0,74.0,80.0,86.0,82.0,73.0,66.0,82.0,0.0,79.0,0,0,0,72.0,60.0,50.0,0.0,0,0,0,0
77,259.0,0.0,4.0,0.0,0.0,74.0,79.0,83.0,76.0,67.0,72.0,76.0,0.0,74.0,0,0,0,65.0,67.0,53.0,0.0,0,0,0,0
75,243.0,0.0,7.0,0.0,0.0,74.0,79.0,83.0,74.0,66.0,75.0,79.0,0.0,80.0,0,0,0,49.0,62.0,45.0,0.0,0,0,0,0
77,250.0,0.0,9.0,0.0,0.0,74.0,81.0,86.0,73.0,76.0,70.0,65.0,0.0,72.0,0,0,0,60.0,74.0,55.0,0.0,0,0,0,0
74,239.0,0.0,0.0,0.0,0.0,73.0,82.0,84.0,79.0,62.0,61.0,76.0,0.0,79.0,0,0,0,66.0,64.0,56.0,0.0,0,0,0,0
79,281.0,0.0,0.0,0.0,0.0,73.0,73.0,79.0,81.0,78.0,61.0,76.0,0.0,74.0,0,0,0,78.0,74.0,57.0,0.0,0,0,0,0
74,235.0,0.0,0.0,0.0,0.0,73.0,77.0,85.0,71.0,75.0,65.0,73.0,0.0,75.0,0,0,0,62.0,69.0,51.0,0.0,0,0,0,0
78,254.0,0.0,14.0,0.0,0.0,73.0,74.0,84.0,81.0,70.0,66.0,72.0,0.0,72.0,0,0,0,84.0,70.0,62.0,0.0,0,0,0,0
78,254.0,0.0,0.0,0.0,0.0,73.0,74.0,84.0,81.0,70.0,66.0,72.0,0.0,72.0,0,0,0,84.0,70.0,62.0,0.0,0,0,0,0
77,252.0,0.0,0.0,0.0,0.0,72.0,79.0,84.0,76.0,73.0,68.0,73.0,0.0,67.0,0,0,0,69.0,76.0,58.0,0.0,0,0,0,0
75,242.0,0.0,9.0,0.0,0.0,72.0,74.0,76.0,73.0,76.0,75.0,74.0,0.0,77.0,0,0,0,70.0,68.0,54.0,0.0,0,0,0,0
75,244.0,0.0,1.0,0.0,0.0,72.0,85.0,90.0,83.0,67.0,52.0,72.0,0.0,76.0,0,0,0,79.0,68.0,54.0,0.0,0,0,0,0
78,270.0,0.0,1.0,0.0,0.0,72.0,76.0,80.0,79.0,82.0,50.0,77.0,0.0,84.0,0,0,0,85.0,67.0,69.0,0.0,0,0,0,0
77,251.0,0.0,0.0,0.0,0.0,72.0,76.0,85.0,69.0,75.0,72.0,70.0,0.0,75.0,0,0,0,74.0,65.0,60.0,0.0,0,0,0,0
77,251.0,0.0,2.0,0.0,0.0,72.0,76.0,85.0,69.0,75.0,72.0,70.0,0.0,75.0,0,0,0,74.0,65.0,60.0,0.0,0,0,0,0
77,255.0,0.0,0.0,0.0,0.0,72.0,80.0,85.0,77.0,83.0,52.0,70.0,0.0,80.0,0,0,0,63.0,67.0,66.0,0.0,0,0,0,0
76,255.0,0.0,0.0,0.0,0.0,72.0,85.0,86.0,80.0,77.0,55.0,71.0,0.0,70.0,0,0,0,69.0,69.0,65.0,0.0,0,0,0,0
76,255.0,0.0,0.0,0.0,0.0,72.0,85.0,86.0,80.0,77.0,55.0,71.0,0.0,70.0,0,0,0,69.0,69.0,65.0,0.0,0,0,0,0
76,255.0,0.0,0.0,0.0,0.0,72.0,85.0,86.0,80.0,77.0,55.0,71.0,0.0,70.0,0,0,0,69.0,69.0,65.0,0.0,0,0,0,0
76,255.0,0.0,52.0,0.0,1.0,72.0,85.0,86.0,80.0,77.0,55.0,71.0,0.0,70.0,0,0,0,69.0,69.0,65.0,0.0,0,0,0,0
76,255.0,0.0,4.0,0.0,0.0,72.0,85.0,86.0,80.0,77.0,55.0,71.0,0.0,70.0,0,0,0,69.0,69.0,65.0,0.0,0,0,0,0
77,255.0,0.0,0.0,0.0,0.0,72.0,70.0,77.0,68.0,77.0,66.0,73.0,0.0,77.0,0,0,0,74.0,77.0,68.0,0.0,0,0,0,0
76,258.0,0.0,7.0,0.0,0.0,72.0,79.0,83.0,77.0,72.0,55.0,76.0,0.0,79.0,0,0,0,79.0,66.0,61.0,0.0,0,0,0,0
77,236.0,0.0,28.0,0.0,1.0,71.0,84.0,88.0,81.0,64.0,66.0,72.0,0.0,72.0,0,0,0,74.0,60.0,54.0,0.0,0,0,0,0
77,236.0,0.0,12.0,0.0,0.0,71.0,84.0,88.0,81.0,64.0,66.0,72.0,0.0,72.0,0,0,0,74.0,60.0,54.0,0.0,0,0,0,0
77,255.0,0.0,5.0,0.0,0.0,71.0,79.0,87.0,74.0,78.0,56.0,77.0,0.0,76.0,0,0,0,68.0,66.0,68.0,0.0,0,0,0,0
75,270.0,0.0,0.0,0.0,0.0,71.0,76.0,84.0,78.0,69.0,59.0,75.0,0.0,68.0,0,0,0,72.0,65.0,59.0,0.0,0,0,0,0
77,250.0,0.0,9.0,0.0,0.0,71.0,85.0,88.0,82.0,62.0,73.0,73.0,0.0,69.0,0,0,0,79.0,60.0,50.0,0.0,0,0,0,0
77,249.0,0.0,0.0,0.0,0.0,71.0,81.0,86.0,72.0,71.0,60.0,75.0,0.0,68.0,0,0,0,66.0,72.0,65.0,0.0,0,0,0,0
76,268.0,0.0,0.0,0.0,0.0,71.0,81.0,82.0,74.0,76.0,70.0,66.0,0.0,69.0,0,0,0,72.0,72.0,65.0,0.0,0,0,0,0
77,247.0,0.0,0.0,0.0,0.0,71.0,77.0,84.0,76.0,68.0,71.0,75.0,0.0,71.0,0,0,0,66.0,67.0,54.0,0.0,0,0,0,0
79,260.0,0.0,0.0,0.0,0.0,71.0,78.0,85.0,82.0,63.0,64.0,75.0,0.0,72.0,0,0,0,74.0,65.0,55.0,0.0,0,0,0,0
75,255.0,0.0,0.0,0.0,0.0,71.0,73.0,83.0,74.0,67.0,69.0,74.0,0.0,75.0,0,0,0,73.0,69.0,63.0,0.0,0,0,0,0
77,261.0,0.0,0.0,0.0,0.0,71.0,73.0,80.0,71.0,76.0,75.0,68.0,0.0,69.0,0,0,0,66.0,71.0,66.0,0.0,0,0,0,0
77,265.0,0.0,6.0,0.0,0.0,71.0,81.0,86.0,73.0,80.0,53.0,72.0,0.0,82.0,0,0,0,82.0,66.0,67.0,0.0,0,0,0,0
75,250.0,0.0,0.0,0.0,0.0,71.0,84.0,84.0,84.0,72.0,62.0,74.0,0.0,68.0,0,0,0,76.0,59.0,55.0,0.0,0,0,0,0
77,246.0,0.0,9.0,0.0,0.0,70.0,81.0,86.0,80.0,69.0,50.0,80.0,0.0,79.0,0,0,0,86.0,60.0,55.0,0.0,0,0,0,0
74,235.0,0.0,0.0,0.0,0.0,70.0,71.0,72.0,67.0,69.0,84.0,58.0,0.0,72.0,0,0,0,47.0,78.0,67.0,0.0,0,0,0,0
75,235.0,0.0,0.0,0.0,0.0,70.0,86.0,88.0,88.0,57.0,55.0,75.0,0.0,72.0,0,0,0,64.0,60.0,50.0,0.0,0,0,0,0
76,264.0,0.0,0.0,0.0,0.0,70.0,85.0,87.0,86.0,56.0,55.0,69.0,0.0,67.0,0,0,0,62.0,72.0,64.0,0.0,0,0,0,0
77,260.0,0.0,0.0,0.0,0.0,70.0,73.0,83.0,73.0,75.0,75.0,71.0,0.0,68.0,0,0,0,74.0,67.0,68.0,0.0,0,0,0,0
76,256.0,0.0,0.0,0.0,0.0,70.0,78.0,77.0,72.0,75.0,49.0,71.0,0.0,81.0,0,0,0,77.0,72.0,68.0,0.0,0,0,0,0
78,268.0,0.0,0.0,0.0,0.0,70.0,85.0,87.0,75.0,76.0,57.0,68.0,0.0,64.0,0,0,0,74.0,79.0,54.0,0.0,0,0,0,0
76,241.0,0.0,0.0,0.0,0.0,69.0,87.0,89.0,91.0,64.0,57.0,74.0,0.0,72.0,0,0,0,75.0,67.0,52.0,0.0,0,0,0,0
74,250.0,0.0,0.0,0.0,0.0,69.0,72.0,74.0,70.0,72.0,68.0,57.0,0.0,68.0,0,0,0,67.0,82.0,65.0,0.0,0,0,0,0
75,247.0,0.0,6.0,0.0,0.0,69.0,75.0,78.0,73.0,73.0,60.0,84.0,0.0,78.0,0,0,0,74.0,61.0,56.0,0.0,0,0,0,0
76,246.0,0.0,0.0,0.0,0.0,69.0,83.0,83.0,72.0,74.0,64.0,78.0,0.0,74.0,0,0,0,55.0,64.0,49.0,0.0,0,0,0,0
75,258.0,0.0,0.0,0.0,0.0,69.0,73.0,86.0,74.0,66.0,53.0,74.0,0.0,76.0,0,0,0,74.0,74.0,63.0,0.0,0,0,0,0
77,260.0,0.0,0.0,0.0,0.0,68.0,75.0,83.0,75.0,75.0,55.0,66.0,0.0,71.0,0,0,0,79.0,71.0,64.0,0.0,0,0,0,0
76,252.0,0.0,0.0,0.0,0.0,68.0,79.0,84.0,75.0,77.0,46.0,75.0,0.0,84.0,0,0,0,63.0,66.0,60.0,0.0,0,0,0,0
77,260.0,0.0,0.0,0.0,0.0,68.0,86.0,87.0,79.0,63.0,64.0,76.0,0.0,67.0,0,0,0,71.0,60.0,44.0,0.0,0,0,0,0
75,249.0,0.0,0.0,0.0,0.0,67.0,83.0,88.0,75.0,66.0,51.0,73.0,0.0,75.0,0,0,0,68.0,65.0,57.0,0.0,0,0,0,0
76,257.0,0.0,0.0,0.0,0.0,67.0,77.0,82.0,75.0,73.0,55.0,73.0,0.0,74.0,0,0,0,73.0,63.0,59.0,0.0,0,0,0,0
76,258.0,0.0,0.0,0.0,0.0,67.0,79.0,85.0,69.0,73.0,56.0,72.0,0.0,74.0,0,0,0,43.0,73.0,60.0,0.0,0,0,0,0
76,270.0,0.0,9.0,0.0,0.0,67.0,72.0,86.0,74.0,72.0,45.0,74.0,0.0,76.0,0,0,0,65.0,79.0,72.0,0.0,0,0,0,0
78,270.0,0.0,0.0,0.0,0.0,66.0,78.0,85.0,72.0,75.0,48.0,70.0,0.0,70.0,0,0,0,67.0,69.0,55.0,0.0,0,0,0,0
74,258.0,0.0,0.0,0.0,0.0,66.0,76.0,85.0,83.0,74.0,42.0,81.0,0.0,77.0,0,0,0,66.0,60.0,54.0,0.0,0,0,0,0
76,250.0,0.0,0.0,0.0,0.0,66.0,78.0,84.0,81.0,72.0,41.0,66.0,0.0,75.0,0,0,0,80.0,71.0,61.0,0.0,0,0,0,0
79,230.0,0.0,0.0,0.0,0.0,66.0,86.0,87.0,88.0,63.0,49.0,74.0,0.0,71.0,0,0,0,67.0,62.0,52.0,0.0,0,0,0,0
76,247.0,0.0,42.0,0.0,2.0,66.0,81.0,86.0,72.0,70.0,63.0,69.0,0.0,72.0,0,0,0,64.0,66.0,60.0,0.0,0,0,0,0
76,247.0,0.0,0.0,0.0,0.0,66.0,81.0,86.0,72.0,70.0,63.0,69.0,0.0,72.0,0,0,0,64.0,66.0,60.0,0.0,0,0,0,0
77,241.0,0.0,0.0,0.0,0.0,66.0,57.0,66.0,65.0,70.0,79.0,60.0,0.0,66.0,0,0,0,54.0,82.0,66.0,0.0,0,0,0,0
74,251.0,0.0,7.0,0.0,0.0,66.0,86.0,87.0,77.0,69.0,42.0,80.0,0.0,78.0,0,0,0,81.0,60.0,52.0,0.0,0,0,0,0
78,252.0,0.0,5.0,0.0,0.0,65.0,79.0,82.0,82.0,70.0,38.0,71.0,0.0,71.0,0,0,0,69.0,70.0,66.0,0.0,0,0,0,0
76,247.0,0.0,0.0,0.0,0.0,65.0,91.0,88.0,76.0,77.0,44.0,70.0,0.0,70.0,0,0,0,62.0,63.0,60.0,0.0,0,0,0,0
75,244.0,0.0,0.0,0.0,0.0,65.0,80.0,89.0,82.0,80.0,44.0,72.0,0.0,63.0,0,0,0,81.0,62.0,54.0,0.0,0,0,0,0
79,248.0,0.0,0.0,0.0,0.0,65.0,83.0,84.0,83.0,75.0,50.0,73.0,0.0,75.0,0,0,0,85.0,58.0,48.0,0.0,0,0,0,0
77,262.0,0.0,0.0,0.0,0.0,65.0,76.0,74.0,80.0,62.0,67.0,65.0,0.0,67.0,0,0,0,65.0,75.0,62.0,0.0,0,0,0,0
76,245.0,0.0,7.0,0.0,0.0,65.0,83.0,88.0,82.0,68.0,46.0,77.0,0.0,74.0,0,0,0,75.0,60.0,54.0,0.0,0,0,0,0
78,263.0,0.0,0.0,0.0,0.0,65.0,80.0,82.0,67.0,78.0,42.0,74.0,0.0,76.0,0,0,0,50.0,78.0,64.0,0.0,0,0,0,0
74,245.0,0.0,0.0,0.0,0.0,65.0,76.0,79.0,67.0,69.0,60.0,73.0,0.0,74.0,0,0,0,46.0,74.0,63.0,0.0,0,0,0,0
76,246.0,0.0,0.0,0.0,0.0,64.0,81.0,86.0,83.0,62.0,40.0,72.0,0.0,68.0,0,0,0,71.0,60.0,54.0,0.0,0,0,0,0
77,254.0,0.0,0.0,0.0,0.0,64.0,71.0,84.0,72.0,69.0,48.0,73.0,0.0,72.0,0,0,0,64.0,65.0,60.0,0.0,0,0,0,0
77,245.0,0.0,11.0,0.0,1.0,64.0,74.0,82.0,69.0,74.0,68.0,67.0,0.0,66.0,0,0,0,33.0,77.0,62.0,0.0,0,0,0,0
76,250.0,0.0,6.0,0.0,0.0,64.0,82.0,86.0,79.0,74.0,42.0,62.0,0.0,64.0,0,0,0,65.0,77.0,65.0,0.0,0,0,0,0
77,255.0,0.0,1.0,0.0,0.0,64.0,79.0,84.0,80.0,68.0,43.0,77.0,0.0,73.0,0,0,0,63.0,71.0,67.0,0.0,0,0,0,0
75,245.0,0.0,0.0,0.0,0.0,64.0,84.0,86.0,82.0,69.0,44.0,76.0,0.0,82.0,0,0,0,62.0,60.0,50.0,0.0,0,0,0,0
75,250.0,0.0,0.0,0.0,0.0,64.0,80.0,85.0,77.0,70.0,53.0,75.0,0.0,74.0,0,0,0,67.0,60.0,55.0,0.0,0,0,0,0
79,261.0,0.0,0.0,0.0,0.0,64.0,83.0,84.0,71.0,78.0,42.0,77.0,0.0,78.0,0,0,0,73.0,62.0,66.0,0.0,0,0,0,0
79,261.0,0.0,12.0,0.0,0.0,64.0,83.0,84.0,71.0,78.0,42.0,77.0,0.0,78.0,0,0,0,73.0,62.0,66.0,0.0,0,0,0,0
77,264.0,0.0,14.0,0.0,0.0,63.0,85.0,90.0,79.0,71.0,40.0,65.0,0.0,77.0,0,0,0,66.0,66.0,60.0,0.0,0,0,0,0
76,235.0,0.0,0.0,0.0,0.0,63.0,84.0,84.0,82.0,71.0,40.0,72.0,0.0,68.0,0,0,0,78.0,60.0,61.0,0.0,0,0,0,0
76,255.0,0.0,3.0,0.0,0.0,63.0,82.0,85.0,83.0,67.0,40.0,76.0,0.0,77.0,0,0,0,68.0,60.0,55.0,0.0,0,0,0,0
76,250.0,0.0,0.0,0.0,0.0,63.0,82.0,84.0,82.0,72.0,44.0,72.0,0.0,71.0,0,0,0,62.0,60.0,50.0,0.0,0,0,0,0
77,277.0,0.0,0.0,0.0,0.0,63.0,75.0,84.0,68.0,74.0,39.0,72.0,0.0,74.0,0,0,0,65.0,72.0,75.0,0.0,0,0,0,0
73,224.0,0.0,0.0,0.0,0.0,62.0,76.0,85.0,81.0,64.0,62.0,55.0,0.0,62.0,0,0,0,12.0,83.0,66.0,0.0,0,0,0,0
73,224.0,0.0,0.0,0.0,0.0,62.0,76.0,85.0,81.0,64.0,62.0,55.0,0.0,62.0,0,0,0,12.0,83.0,66.0,0.0,0,0,0,0
76,249.0,0.0,21.0,0.0,2.0,62.0,81.0,87.0,80.0,72.0,78.0,63.0,0.0,55.0,0,0,0,15.0,79.0,68.0,0.0,0,0,0,0
74,230.0,0.0,0.0,0.0,0.0,61.0,78.0,83.0,83.0,76.0,65.0,66.0,0.0,66.0,0,0,0,48.0,66.0,71.0,0.0,0,0,0,0
77,246.0,0.0,0.0,0.0,0.0,60.0,80.0,85.0,87.0,65.0,35.0,66.0,0.0,67.0,0,0,0,74.0,60.0,50.0,0.0,0,0,0,0
76,260.0,0.0,0.0,0.0,0.0,59.0,65.0,67.0,62.0,78.0,83.0,52.0,0.0,49.0,0,0,0,12.0,84.0,72.0,0.0,0,0,0,0
76,234.0,0.0,0.0,0.0,0.0,58.0,72.0,80.0,70.0,64.0,60.0,60.0,0.0,60.0,0,0,0,25.0,76.0,65.0,0.0,0,0,0,0
77,256.0,0.0,0.0,0.0,0.0,56.0,67.0,70.0,65.0,73.0,85.0,64.0,0.0,49.0,0,0,0,15.0,77.0,72.0,0.0,0,0,0,0
77,252.0,0.0,0.0,0.0,0.0,56.0,66.0,71.0,64.0,75.0,87.0,62.0,0.0,55.0,0,0,0,15.0,75.0,65.0,0.0,0,0,0,0
75,270.0,0.0,0.0,0.0,0.0,54.0,66.0,69.0,62.0,75.0,52.0,58.0,0.0,52.0,0,0,0,65.0,83.0,65.0,0.0,0,0,0,0
76,248.0,0.0,0.0,0.0,0.0,54.0,74.0,82.0,70.0,69.0,45.0,58.0,0.0,65.0,0,0,0,42.0,73.0,62.0,0.0,0,0,0,0
77,230.0,0.0,0.0,0.0,0.0,53.0,71.0,83.0,65.0,68.0,67.0,55.0,0.0,45.0,0,0,0,12.0,76.0,67.0,0.0,0,0,0,0
77,230.0,0.0,0.0,0.0,0.0,53.0,71.0,83.0,65.0,68.0,67.0,55.0,0.0,45.0,0,0,0,12.0,76.0,67.0,0.0,0,0,0,0
75,260.0,0.0,0.0,0.0,0.0,53.0,66.0,80.0,68.0,65.0,78.0,65.0,0.0,55.0,0,0,0,15.0,74.0,65.0,0.0,0,0,0,0
73,237.0,0.0,0.0,0.0,0.0,52.0,72.0,72.0,66.0,74.0,72.0,65.0,0.0,55.0,0,0,0,42.0,77.0,65.0,0.0,0,0,0,0
72,233.0,0.0,0.0,0.0,0.0,52.0,71.0,81.0,68.0,72.0,72.0,63.0,0.0,45.0,0,0,0,12.0,65.0,69.0,0.0,0,0,0,0
76,248.0,0.0,0.0,0.0,0.0,51.0,71.0,82.0,77.0,75.0,65.0,57.0,0.0,52.0,0,0,0,12.0,64.0,67.0,0.0,0,0,0,0
72,250.0,0.0,0.0,0.0,0.0,51.0,66.0,72.0,62.0,75.0,81.0,58.0,0.0,52.0,0,0,0,55.0,74.0,69.0,0.0,0,0,0,0
74,240.0,0.0,0.0,0.0,0.0,51.0,63.0,70.0,67.0,72.0,76.0,60.0,0.0,51.0,0,0,0,40.0,78.0,66.0,0.0,0,0,0,0
74,244.0,0.0,0.0,0.0,0.0,51.0,67.0,83.0,68.0,72.0,65.0,60.0,0.0,58.0,0,0,0,55.0,74.0,62.0,0.0,0,0,0,0
74,240.0,0.0,0.0,0.0,0.0,50.0,81.0,84.0,70.0,68.0,66.0,60.0,0.0,40.0,0,0,0,42.0,75.0,62.0,0.0,0,0,0,0
73,241.0,0.0,0.0,0.0,0.0,50.0,70.0,72.0,68.0,67.0,60.0,46.0,0.0,55.0,0,0,0,65.0,79.0,70.0,0.0,0,0,0,0
75,240.0,0.0,0.0,0.0,0.0,49.0,67.0,72.0,64.0,71.0,79.0,62.0,0.0,49.0,0,0,0,12.0,73.0,65.0,0.0,0,0,0,0
73,235.0,0.0,0.0,0.0,0.0,49.0,56.0,76.0,68.0,74.0,75.0,65.0,0.0,45.0,0,0,0,12.0,75.0,69.0,0.0,0,0,0,0
70,246.0,0.0,0.0,0.0,0.0,49.0,69.0,71.0,69.0,70.0,74.0,64.0,0.0,47.0,0,0,0,15.0,69.0,65.0,0.0,0,0,0,0
75,240.0,0.0,0.0,0.0,0.0,48.0,84.0,88.0,80.0,67.0,50.0,60.0,0.0,47.0,0,0,0,44.0,60.0,50.0,0.0,0,0,0,0
76,233.0,0.0,0.0,0.0,0.0,48.0,67.0,78.0,67.0,65.0,73.0,58.0,0.0,44.0,0,0,0,15.0,74.0,66.0,0.0,0,0,0,0
74,236.0,0.0,8.0,0.0,0.0,47.0,75.0,84.0,72.0,82.0,48.0,57.0,0.0,44.0,0,0,0,42.0,65.0,67.0,0.0,0,0,0,0
0,0.0,0.0,78.0,4.0,5.0,99.0,84.0,88.0,85.0,88.0,92.0,95.0,94.0,98.0,0,0,0,95.0,0.0,0.0,64.0,0,0,0,0
0,0.0,0.0,60.0,0.0,3.0,93.0,85.0,86.0,83.0,67.0,94.0,96.0,90.0,93.0,0,0,0,88.0,0.0,0.0,63.0,0,0,0,0
0,0.0,0.0,39.0,0.0,3.0,93.0,85.0,84.0,83.0,73.0,90.0,89.0,77.0,75.0,0,0,0,78.0,0.0,0.0,76.0,0,0,0,0
0,0.0,0.0,19.0,0.0,1.0,90.0,84.0,87.0,85.0,71.0,85.0,87.0,89.0,88.0,0,0,0,84.0,0.0,0.0,64.0,0,0,0,0
0,0.0,0.0,25.0,0.0,1.0,89.0,86.0,88.0,87.0,64.0,93.0,92.0,88.0,86.0,0,0,0,81.0,0.0,0.0,60.0,0,0,0,0
0,0.0,0.0,61.0,1.0,5.0,89.0,84.0,89.0,87.0,76.0,85.0,88.0,93.0,87.0,0,0,0,86.0,0.0,0.0,62.0,0,0,0,0
0,0.0,0.0,90.0,4.0,10.0,88.0,85.0,87.0,85.0,79.0,85.0,85.0,88.0,87.0,0,0,0,81.0,0.0,0.0,72.0,0,0,0,0
0,0.0,0.0,80.0,2.0,11.0,87.0,77.0,81.0,75.0,75.0,91.0,94.0,82.0,90.0,0,0,0,82.0,0.0,0.0,60.0,0,0,0,0
0,0.0,0.0,54.0,0.0,3.0,87.0,80.0,87.0,82.0,73.0,81.0,83.0,86.0,79.0,0,0,0,81.0,0.0,0.0,73.0,0,0,0,0
0,0.0,0.0,0.0,0.0,0.0,85.0,78.0,83.0,80.0,63.0,92.0,90.0,90.0,82.0,0,0,0,82.0,0.0,0.0,59.0,0,0,0,0
0,0.0,0.0,35.0,0.0,1.0,85.0,78.0,88.0,82.0,79.0,79.0,82.0,85.0,79.0,0,0,0,76.0,0.0,0.0,75.0,0,0,0,0
0,0.0,0.0,29.0,0.0,0.0,84.0,82.0,89.0,81.0,65.0,77.0,83.0,82.0,84.0,0,0,0,55.0,0.0,0.0,62.0,0,0,0,0
0,0.0,0.0,14.0,0.0,1.0,84.0,81.0,88.0,78.0,75.0,87.0,88.0,83.0,86.0,0,0,0,80.0,0.0,0.0,66.0,0,0,0,0
0,0.0,0.0,28.0,0.0,2.0,84.0,80.0,87.0,81.0,76.0,79.0,81.0,73.0,80.0,0,0,0,77.0,0.0,0.0,55.0,0,0,0,0
0,0.0,0.0,25.0,0.0,0.0,84.0,86.0,89.0,84.0,75.0,75.0,82.0,82.0,81.0,0,0,0,76.0,0.0,0.0,55.0,0,0,0,0
0,0.0,0.0,21.0,0.0,2.0,83.0,84.0,86.0,86.0,69.0,76.0,83.0,86.0,82.0,0,0,0,78.0,0.0,0.0,67.0,0,0,0,0
0,0.0,0.0,13.0,0.0,1.0,81.0,85.0,90.0,87.0,68.0,78.0,84.0,89.0,81.0,0,0,0,78.0,0.0,0.0,62.0,0,0,0,0
0,0.0,0.0,16.0,0.0,0.0,81.0,79.0,84.0,79.0,63.0,81.0,88.0,85.0,79.0,0,0,0,73.0,0.0,0.0,65.0,0,0,0,0
0,0.0,0.0,0.0,0.0,0.0,81.0,79.0,80.0,74.0,72.0,87.0,82.0,81.0,79.0,0,0,0,78.0,0.0,0.0,66.0,0,0,0,0
0,0.0,0.0,11.0,0.0,0.0,81.0,89.0,91.0,87.0,64.0,79.0,83.0,84.0,77.0,0,0,0,74.0,0.0,0.0,62.0,0,0,0,0
0,0.0,0.0,36.0,0.0,2.0,81.0,77.0,85.0,81.0,75.0,82.0,85.0,88.0,79.0,0,0,0,83.0,0.0,0.0,64.0,0,0,0,0
0,0.0,0.0,12.0,0.0,0.0,80.0,75.0,84.0,73.0,82.0,81.0,84.0,82.0,79.0,0,0,0,69.0,0.0,0.0,79.0,0,0,0,0
0,0.0,0.0,48.0,0.0,2.0,80.0,86.0,91.0,84.0,67.0,76.0,75.0,85.0,72.0,0,0,0,75.0,0.0,0.0,60.0,0,0,0,0
0,0.0,0.0,51.0,0.0,2.0,80.0,86.0,88.0,84.0,85.0,74.0,75.0,75.0,70.0,0,0,0,83.0,0.0,0.0,62.0,0,0,0,0
0,0.0,0.0,22.0,0.0,0.0,80.0,75.0,76.0,71.0,76.0,83.0,75.0,65.0,83.0,0,0,0,65.0,0.0,0.0,73.0,0,0,0,0
0,0.0,0.0,5.0,0.0,0.0,80.0,81.0,87.0,66.0,80.0,79.0,75.0,63.0,74.0,0,0,0,72.0,0.0,0.0,79.0,0,0,0,0
0,0.0,0.0,8.0,0.0,0.0,79.0,84.0,88.0,82.0,64.0,73.0,79.0,74.0,77.0,0,0,0,61.0,0.0,0.0,74.0,0,0,0,0
0,0.0,0.0,35.0,0.0,0.0,79.0,73.0,82.0,74.0,72.0,86.0,85.0,74.0,79.0,0,0,0,77.0,0.0,0.0,73.0,0,0,0,0
0,0.0,0.0,21.0,0.0,0.0,79.0,81.0,87.0,78.0,61.0,86.0,86.0,84.0,82.0,0,0,0,79.0,0.0,0.0,55.0,0,0,0,0
0,0.0,0.0,14.0,0.0,0.0,79.0,78.0,84.0,82.0,65.0,81.0,84.0,87.0,83.0,0,0,0,74.0,0.0,0.0,60.0,0,0,0,0
0,0.0,0.0,14.0,0.0,0.0,78.0,81.0,84.0,76.0,83.0,67.0,78.0,82.0,70.0,0,0,0,69.0,0.0,0.0,66.0,0,0,0,0
0,0.0,0.0,28.0,0.0,1.0,78.0,84.0,88.0,81.0,64.0,75.0,84.0,78.0,74.0,0,0,0,75.0,0.0,0.0,55.0,0,0,0,0
0,0.0,0.0,12.0,0.0,0.0,78.0,84.0,88.0,81.0,64.0,75.0,84.0,78.0,74.0,0,0,0,75.0,0.0,0.0,55.0,0,0,0,0
0,0.0,0.0,9.0,0.0,0.0,78.0,86.0,84.0,78.0,74.0,64.0,80.0,83.0,77.0,0,0,0,88.0,0.0,0.0,72.0,0,0,0,0
0,0.0,0.0,32.0,0.0,0.0,78.0,84.0,89.0,80.0,75.0,65.0,80.0,74.0,79.0,0,0,0,67.0,0.0,0.0,68.0,0,0,0,0
0,0.0,0.0,4.0,0.0,0.0,78.0,78.0,82.0,77.0,67.0,72.0,82.0,84.0,80.0,0,0,0,74.0,0.0,0.0,65.0,0,0,0,0
0,0.0,0.0,8.0,0.0,0.0,78.0,80.0,87.0,82.0,69.0,61.0,84.0,85.0,79.0,0,0,0,67.0,0.0,0.0,65.0,0,0,0,0
0,0.0,0.0,0.0,0.0,0.0,78.0,82.0,86.0,83.0,70.0,71.0,80.0,79.0,77.0,0,0,0,76.0,0.0,0.0,63.0,0,0,0,0
0,0.0,0.0,12.0,0.0,0.0,78.0,87.0,91.0,83.0,72.0,75.0,79.0,84.0,80.0,0,0,0,72.0,0.0,0.0,66.0,0,0,0,0
0,0.0,0.0,7.0,0.0,0.0,77.0,79.0,82.0,77.0,72.0,68.0,82.0,81.0,79.0,0,0,0,79.0,0.0,0.0,66.0,0,0,0,0
0,0.0,0.0,6.0,0.0,0.0,77.0,81.0,86.0,73.0,80.0,59.0,70.0,74.0,82.0,0,0,0,81.0,0.0,0.0,67.0,0,0,0,0
0,0.0,0.0,0.0,0.0,0.0,76.0,72.0,77.0,78.0,73.0,77.0,82.0,89.0,83.0,0,0,0,75.0,0.0,0.0,68.0,0,0,0,0
0,0.0,0.0,35.0,0.0,1.0,76.0,72.0,81.0,73.0,81.0,86.0,75.0,68.0,78.0,0,0,0,76.0,0.0,0.0,64.0,0,0,0,0
0,0.0,0.0,29.0,0.0,1.0,76.0,86.0,88.0,86.0,73.0,68.0,78.0,85.0,74.0,0,0,0,72.0,0.0,0.0,68.0,0,0,0,0
0,0.0,0.0,9.0,0.0,0.0,76.0,72.0,86.0,74.0,72.0,66.0,82.0,70.0,76.0,0,0,0,65.0,0.0,0.0,72.0,0,0,0,0
0,0.0,0.0,0.0,0.0,0.0,75.0,79.0,84.0,76.0,73.0,71.0,76.0,62.0,67.0,0,0,0,69.0,0.0,0.0,68.0,0,0,0,0
0,0.0,0.0,0.0,0.0,0.0,75.0,79.0,85.0,73.0,72.0,68.0,81.0,81.0,74.0,0,0,0,76.0,0.0,0.0,64.0,0,0,0,0
0,0.0,0.0,8.0,0.0,0.0,75.0,79.0,87.0,75.0,76.0,62.0,74.0,79.0,81.0,0,0,0,73.0,0.0,0.0,80.0,0,0,0,0
0,0.0,0.0,5.0,0.0,0.0,75.0,71.0,82.0,72.0,84.0,73.0,69.0,75.0,74.0,0,0,0,82.0,0.0,0.0,86.0,0,0,0,0
0,0.0,0.0,16.0,0.0,0.0,75.0,81.0,88.0,79.0,65.0,75.0,79.0,79.0,76.0,0,0,0,65.0,0.0,0.0,62.0,0,0,0,0
0,0.0,0.0,1.0,0.0,0.0,74.0,76.0,80.0,79.0,82.0,58.0,78.0,65.0,84.0,0,0,0,85.0,0.0,0.0,73.0,0,0,0,0
0,0.0,0.0,2.0,0.0,0.0,74.0,76.0,84.0,83.0,65.0,66.0,83.0,83.0,85.0,0,0,0,63.0,0.0,0.0,55.0,0,0,0,0
0,0.0,0.0,3.0,0.0,0.0,74.0,86.0,87.0,82.0,74.0,68.0,72.0,63.0,75.0,0,0,0,67.0,0.0,0.0,56.0,0,0,0,0
0,0.0,0.0,4.0,0.0,0.0,74.0,85.0,86.0,79.0,77.0,62.0,83.0,76.0,74.0,0,0,0,87.0,0.0,0.0,63.0,0,0,0,0
0,0.0,0.0,22.0,0.0,0.0,74.0,74.0,80.0,73.0,76.0,81.0,74.0,69.0,76.0,0,0,0,84.0,0.0,0.0,63.0,0,0,0,0
0,0.0,0.0,5.0,0.0,0.0,74.0,76.0,82.0,68.0,84.0,78.0,79.0,62.0,82.0,0,0,0,55.0,0.0,0.0,75.0,0,0,0,0
0,0.0,0.0,7.0,0.0,0.0,74.0,86.0,87.0,77.0,69.0,66.0,81.0,82.0,78.0,0,0,0,79.0,0.0,0.0,61.0,0,0,0,0
0,0.0,0.0,5.0,0.0,0.0,73.0,80.0,87.0,74.0,75.0,72.0,73.0,63.0,73.0,0,0,0,80.0,0.0,0.0,72.0,0,0,0,0
0,0.0,0.0,0.0,0.0,0.0,73.0,73.0,79.0,80.0,77.0,72.0,80.0,79.0,75.0,0,0,0,78.0,0.0,0.0,61.0,0,0,0,0
0,0.0,0.0,10.0,0.0,0.0,73.0,77.0,83.0,75.0,69.0,75.0,81.0,75.0,78.0,0,0,0,72.0,0.0,0.0,61.0,0,0,0,0
0,0.0,0.0,0.0,0.0,0.0,73.0,86.0,88.0,91.0,64.0,68.0,77.0,77.0,73.0,0,0,0,75.0,0.0,0.0,62.0,0,0,0,0
0,0.0,0.0,7.0,0.0,0.0,73.0,87.0,92.0,82.0,69.0,69.0,77.0,72.0,81.0,0,0,0,80.0,0.0,0.0,50.0,0,0,0,0
0,0.0,0.0,1.0,0.0,0.0,72.0,85.0,89.0,83.0,67.0,57.0,77.0,81.0,75.0,0,0,0,79.0,0.0,0.0,66.0,0,0,0,0
0,0.0,0.0,12.0,0.0,0.0,72.0,75.0,84.0,70.0,62.0,69.0,73.0,76.0,81.0,0,0,0,75.0,0.0,0.0,54.0,0,0,0,0
0,0.0,0.0,0.0,0.0,0.0,72.0,83.0,88.0,72.0,73.0,82.0,73.0,63.0,70.0,0,0,0,74.0,0.0,0.0,60.0,0,0,0,0
0,0.0,0.0,0.0,0.0,0.0,72.0,75.0,76.0,73.0,79.0,68.0,76.0,81.0,74.0,0,0,0,75.0,0.0,0.0,67.0,0,0,0,0
0,0.0,0.0,0.0,0.0,0.0,72.0,86.0,88.0,83.0,71.0,68.0,80.0,69.0,78.0,0,0,0,70.0,0.0,0.0,49.0,0,0,0,0
0,0.0,0.0,16.0,0.0,0.0,72.0,82.0,86.0,76.0,68.0,79.0,74.0,75.0,71.0,0,0,0,70.0,0.0,0.0,54.0,0,0,0,0
0,0.0,0.0,14.0,0.0,0.0,72.0,74.0,83.0,81.0,70.0,64.0,74.0,75.0,72.0,0,0,0,84.0,0.0,0.0,65.0,0,0,0,0
0,0.0,0.0,0.0,0.0,0.0,72.0,74.0,83.0,81.0,70.0,64.0,74.0,75.0,72.0,0,0,0,84.0,0.0,0.0,65.0,0,0,0,0
0,0.0,0.0,0.0,0.0,0.0,72.0,80.0,86.0,78.0,65.0,68.0,75.0,66.0,72.0,0,0,0,65.0,0.0,0.0,65.0,0,0,0,0
0,0.0,0.0,9.0,0.0,0.0,72.0,80.0,85.0,73.0,76.0,72.0,73.0,74.0,72.0,0,0,0,60.0,0.0,0.0,81.0,0,0,0,0
0,0.0,0.0,10.0,0.0,0.0,71.0,79.0,86.0,77.0,65.0,67.0,80.0,84.0,78.0,0,0,0,65.0,0.0,0.0,58.0,0,0,0,0
0,0.0,0.0,9.0,0.0,0.0,71.0,81.0,86.0,80.0,69.0,53.0,80.0,68.0,80.0,0,0,0,86.0,0.0,0.0,63.0,0,0,0,0
0,0.0,0.0,5.0,0.0,0.0,71.0,79.0,87.0,74.0,78.0,57.0,77.0,71.0,76.0,0,0,0,68.0,0.0,0.0,74.0,0,0,0,0
0,0.0,0.0,8.0,0.0,0.0,71.0,75.0,82.0,74.0,74.0,78.0,73.0,77.0,67.0,0,0,0,76.0,0.0,0.0,69.0,0,0,0,0
0,0.0,0.0,0.0,0.0,0.0,71.0,80.0,84.0,72.0,67.0,66.0,75.0,65.0,72.0,0,0,0,65.0,0.0,0.0,75.0,0,0,0,0
0,0.0,0.0,0.0,0.0,0.0,71.0,82.0,86.0,82.0,65.0,74.0,79.0,83.0,67.0,0,0,0,64.0,0.0,0.0,60.0,0,0,0,0
0,0.0,0.0,5.0,0.0,0.0,71.0,64.0,76.0,72.0,76.0,62.0,76.0,74.0,73.0,0,0,0,77.0,0.0,0.0,68.0,0,0,0,0
0,0.0,0.0,0.0,0.0,0.0,71.0,64.0,76.0,72.0,76.0,62.0,76.0,74.0,73.0,0,0,0,77.0,0.0,0.0,68.0,0,0,0,0
0,0.0,0.0,0.0,0.0,0.0,71.0,79.0,85.0,82.0,73.0,65.0,79.0,85.0,79.0,0,0,0,72.0,0.0,0.0,55.0,0,0,0,0
0,0.0,0.0,0.0,0.0,0.0,71.0,84.0,85.0,80.0,77.0,55.0,71.0,76.0,70.0,0,0,0,69.0,0.0,0.0,67.0,0,0,0,0
0,0.0,0.0,0.0,0.0,0.0,71.0,84.0,85.0,80.0,77.0,55.0,71.0,76.0,70.0,0,0,0,69.0,0.0,0.0,67.0,0,0,0,0
0,0.0,0.0,0.0,0.0,0.0,71.0,84.0,85.0,80.0,77.0,55.0,71.0,76.0,70.0,0,0,0,69.0,0.0,0.0,67.0,0,0,0,0
0,0.0,0.0,52.0,0.0,1.0,71.0,84.0,85.0,80.0,77.0,55.0,71.0,76.0,70.0,0,0,0,69.0,0.0,0.0,67.0,0,0,0,0
0,0.0,0.0,4.0,0.0,0.0,71.0,84.0,85.0,80.0,77.0,55.0,71.0,76.0,70.0,0,0,0,69.0,0.0,0.0,67.0,0,0,0,0
0,0.0,0.0,3.0,0.0,0.0,70.0,74.0,81.0,75.0,72.0,74.0,71.0,74.0,72.0,0,0,0,65.0,0.0,0.0,74.0,0,0,0,0
0,0.0,0.0,7.0,0.0,0.0,70.0,78.0,82.0,74.0,66.0,69.0,75.0,79.0,77.0,0,0,0,49.0,0.0,0.0,63.0,0,0,0,0
0,0.0,0.0,0.0,0.0,0.0,70.0,77.0,84.0,76.0,68.0,71.0,75.0,74.0,71.0,0,0,0,66.0,0.0,0.0,66.0,0,0,0,0
0,0.0,0.0,31.0,0.0,2.0,70.0,82.0,88.0,81.0,73.0,60.0,70.0,70.0,73.0,0,0,0,63.0,0.0,0.0,64.0,0,0,0,0
0,0.0,0.0,0.0,0.0,0.0,70.0,78.0,85.0,82.0,63.0,64.0,75.0,79.0,72.0,0,0,0,74.0,0.0,0.0,60.0,0,0,0,0
0,0.0,0.0,7.0,0.0,0.0,70.0,82.0,84.0,82.0,64.0,73.0,76.0,81.0,69.0,0,0,0,62.0,0.0,0.0,64.0,0,0,0,0
0,0.0,0.0,29.0,0.0,0.0,70.0,80.0,82.0,85.0,79.0,50.0,83.0,81.0,77.0,0,0,0,60.0,0.0,0.0,64.0,0,0,0,0
0,0.0,0.0,0.0,0.0,0.0,70.0,72.0,79.0,71.0,76.0,75.0,68.0,70.0,69.0,0,0,0,66.0,0.0,0.0,66.0,0,0,0,0
0,0.0,0.0,7.0,0.0,0.0,70.0,76.0,83.0,81.0,73.0,50.0,79.0,70.0,78.0,0,0,0,65.0,0.0,0.0,73.0,0,0,0,0
0,0.0,0.0,6.0,0.0,0.0,69.0,75.0,78.0,73.0,73.0,62.0,84.0,70.0,78.0,0,0,0,74.0,0.0,0.0,64.0,0,0,0,0
0,0.0,0.0,1.0,0.0,0.0,69.0,85.0,87.0,86.0,84.0,53.0,72.0,61.0,66.0,0,0,0,54.0,0.0,0.0,67.0,0,0,0,0
0,0.0,0.0,0.0,0.0,0.0,69.0,80.0,88.0,84.0,61.0,65.0,74.0,72.0,75.0,0,0,0,72.0,0.0,0.0,60.0,0,0,0,0
0,0.0,0.0,0.0,0.0,0.0,69.0,85.0,87.0,88.0,57.0,57.0,76.0,80.0,72.0,0,0,0,64.0,0.0,0.0,60.0,0,0,0,0
0,0.0,0.0,0.0,0.0,0.0,69.0,83.0,83.0,84.0,72.0,62.0,74.0,72.0,68.0,0,0,0,76.0,0.0,0.0,65.0,0,0,0,0
0,0.0,0.0,5.0,0.0,0.0,69.0,81.0,88.0,70.0,77.0,66.0,69.0,65.0,75.0,0,0,0,75.0,0.0,0.0,69.0,0,0,0,0
0,0.0,0.0,0.0,0.0,0.0,69.0,83.0,85.0,78.0,68.0,56.0,74.0,67.0,63.0,0,0,0,70.0,0.0,0.0,62.0,0,0,0,0
0,0.0,0.0,9.0,0.0,0.0,68.0,84.0,87.0,82.0,62.0,61.0,74.0,80.0,69.0,0,0,0,79.0,0.0,0.0,54.0,0,0,0,0
0,0.0,0.0,0.0,0.0,0.0,68.0,75.0,82.0,75.0,75.0,59.0,66.0,65.0,71.0,0,0,0,79.0,0.0,0.0,72.0,0,0,0,0
0,0.0,0.0,7.0,0.0,0.0,68.0,83.0,88.0,82.0,68.0,53.0,79.0,76.0,75.0,0,0,0,75.0,0.0,0.0,60.0,0,0,0,0
0,0.0,0.0,0.0,0.0,0.0,68.0,73.0,77.0,76.0,60.0,64.0,76.0,82.0,76.0,0,0,0,74.0,0.0,0.0,54.0,0,0,0,0
0,0.0,0.0,0.0,0.0,0.0,68.0,80.0,85.0,77.0,70.0,60.0,80.0,76.0,74.0,0,0,0,69.0,0.0,0.0,59.0,0,0,0,0
0,0.0,0.0,0.0,0.0,0.0,68.0,72.0,85.0,74.0,66.0,53.0,74.0,84.0,76.0,0,0,0,74.0,0.0,0.0,67.0,0,0,0,0
0,0.0,0.0,0.0,0.0,0.0,67.0,76.0,85.0,80.0,70.0,66.0,74.0,76.0,78.0,0,0,0,68.0,0.0,0.0,51.0,0,0,0,0
0,0.0,0.0,0.0,0.0,0.0,67.0,80.0,85.0,77.0,83.0,50.0,70.0,67.0,80.0,0,0,0,63.0,0.0,0.0,68.0,0,0,0,0
0,0.0,0.0,0.0,0.0,0.0,67.0,83.0,84.0,71.0,78.0,57.0,78.0,75.0,78.0,0,0,0,73.0,0.0,0.0,55.0,0,0,0,0
0,0.0,0.0,12.0,0.0,0.0,67.0,83.0,84.0,71.0,78.0,57.0,78.0,75.0,78.0,0,0,0,73.0,0.0,0.0,55.0,0,0,0,0
0,0.0,0.0,1.0,0.0,0.0,67.0,72.0,79.0,74.0,84.0,46.0,79.0,72.0,79.0,0,0,0,60.0,0.0,0.0,67.0,0,0,0,0
0,0.0,0.0,14.0,0.0,0.0,66.0,85.0,89.0,79.0,71.0,51.0,68.0,64.0,77.0,0,0,0,66.0,0.0,0.0,76.0,0,0,0,0
0,0.0,0.0,0.0,0.0,0.0,66.0,78.0,84.0,81.0,72.0,41.0,66.0,79.0,75.0,0,0,0,80.0,0.0,0.0,68.0,0,0,0,0
0,0.0,0.0,0.0,0.0,0.0,66.0,82.0,84.0,83.0,75.0,57.0,76.0,74.0,75.0,0,0,0,85.0,0.0,0.0,63.0,0,0,0,0
0,0.0,0.0,0.0,0.0,0.0,66.0,86.0,87.0,88.0,63.0,55.0,76.0,82.0,71.0,0,0,0,67.0,0.0,0.0,62.0,0,0,0,0
0,0.0,0.0,2.0,0.0,0.0,66.0,84.0,87.0,78.0,72.0,48.0,76.0,68.0,67.0,0,0,0,63.0,0.0,0.0,63.0,0,0,0,0
0,0.0,0.0,0.0,0.0,0.0,66.0,78.0,85.0,72.0,75.0,48.0,70.0,80.0,70.0,0,0,0,67.0,0.0,0.0,71.0,0,0,0,0
0,0.0,0.0,0.0,0.0,0.0,66.0,80.0,85.0,77.0,78.0,56.0,70.0,73.0,68.0,0,0,0,67.0,0.0,0.0,58.0,0,0,0,0
0,0.0,0.0,0.0,0.0,0.0,66.0,70.0,77.0,68.0,77.0,54.0,73.0,63.0,76.0,0,0,0,71.0,0.0,0.0,71.0,0,0,0,0
0,0.0,0.0,5.0,0.0,0.0,65.0,79.0,82.0,82.0,70.0,38.0,73.0,74.0,71.0,0,0,0,69.0,0.0,0.0,61.0,0,0,0,0
0,0.0,0.0,0.0,0.0,0.0,65.0,83.0,83.0,82.0,67.0,55.0,68.0,83.0,78.0,0,0,0,77.0,0.0,0.0,59.0,0,0,0,0
0,0.0,0.0,0.0,0.0,0.0,65.0,76.0,84.0,83.0,74.0,42.0,81.0,78.0,77.0,0,0,0,66.0,0.0,0.0,60.0,0,0,0,0
0,0.0,0.0,0.0,0.0,0.0,65.0,81.0,89.0,73.0,77.0,52.0,64.0,65.0,77.0,0,0,0,57.0,0.0,0.0,68.0,0,0,0,0
0,0.0,0.0,0.0,0.0,0.0,65.0,82.0,88.0,71.0,72.0,52.0,75.0,76.0,73.0,0,0,0,63.0,0.0,0.0,61.0,0,0,0,0
0,0.0,0.0,0.0,0.0,0.0,65.0,84.0,86.0,82.0,69.0,51.0,76.0,68.0,82.0,0,0,0,62.0,0.0,0.0,61.0,0,0,0,0
0,0.0,0.0,0.0,0.0,0.0,65.0,81.0,86.0,81.0,78.0,46.0,77.0,73.0,66.0,0,0,0,55.0,0.0,0.0,57.0,0,0,0,0
0,0.0,0.0,0.0,0.0,0.0,64.0,81.0,86.0,83.0,62.0,45.0,72.0,74.0,68.0,0,0,0,71.0,0.0,0.0,63.0,0,0,0,0
0,0.0,0.0,6.0,0.0,0.0,64.0,83.0,90.0,86.0,75.0,48.0,72.0,71.0,64.0,0,0,0,66.0,0.0,0.0,60.0,0,0,0,0
0,0.0,0.0,6.0,0.0,0.0,64.0,82.0,85.0,79.0,74.0,48.0,65.0,71.0,64.0,0,0,0,65.0,0.0,0.0,73.0,0,0,0,0
0,0.0,0.0,1.0,0.0,0.0,64.0,79.0,84.0,80.0,68.0,44.0,77.0,70.0,73.0,0,0,0,63.0,0.0,0.0,69.0,0,0,0,0
0,0.0,0.0,0.0,0.0,0.0,64.0,72.0,86.0,78.0,76.0,45.0,77.0,68.0,74.0,0,0,0,60.0,0.0,0.0,66.0,0,0,0,0
0,0.0,0.0,0.0,0.0,0.0,64.0,75.0,85.0,68.0,76.0,52.0,76.0,75.0,74.0,0,0,0,69.0,0.0,0.0,59.0,0,0,0,0
0,0.0,0.0,0.0,0.0,0.0,64.0,80.0,82.0,67.0,78.0,42.0,74.0,75.0,76.0,0,0,0,50.0,0.0,0.0,72.0,0,0,0,0
0,0.0,0.0,0.0,0.0,0.0,63.0,84.0,86.0,78.0,80.0,43.0,76.0,71.0,71.0,0,0,0,65.0,0.0,0.0,60.0,0,0,0,0
0,0.0,0.0,0.0,0.0,0.0,63.0,87.0,87.0,76.0,77.0,44.0,70.0,75.0,70.0,0,0,0,62.0,0.0,0.0,62.0,0,0,0,0
0,0.0,0.0,0.0,0.0,0.0,63.0,80.0,83.0,74.0,80.0,41.0,73.0,70.0,71.0,0,0,0,60.0,0.0,0.0,64.0,0,0,0,0
0,0.0,0.0,0.0,0.0,0.0,63.0,79.0,88.0,82.0,80.0,44.0,72.0,82.0,63.0,0,0,0,81.0,0.0,0.0,67.0,0,0,0,0
0,0.0,0.0,0.0,0.0,0.0,63.0,83.0,86.0,84.0,65.0,50.0,75.0,83.0,73.0,0,0,0,70.0,0.0,0.0,37.0,0,0,0,0
0,0.0,0.0,0.0,0.0,0.0,63.0,71.0,84.0,72.0,69.0,48.0,73.0,74.0,72.0,0,0,0,64.0,0.0,0.0,65.0,0,0,0,0
0,0.0,0.0,0.0,0.0,0.0,63.0,79.0,88.0,74.0,75.0,42.0,73.0,70.0,71.0,0,0,0,63.0,0.0,0.0,64.0,0,0,0,0
0,0.0,0.0,0.0,0.0,0.0,63.0,82.0,86.0,81.0,73.0,48.0,72.0,78.0,68.0,0,0,0,65.0,0.0,0.0,59.0,0,0,0,0
0,0.0,0.0,0.0,0.0,0.0,63.0,84.0,89.0,83.0,74.0,42.0,73.0,70.0,73.0,0,0,0,65.0,0.0,0.0,62.0,0,0,0,0
0,0.0,0.0,0.0,0.0,0.0,62.0,78.0,82.0,74.0,74.0,41.0,72.0,64.0,64.0,0,0,0,63.0,0.0,0.0,64.0,0,0,0,0
0,0.0,0.0,0.0,0.0,0.0,62.0,78.0,82.0,83.0,76.0,65.0,66.0,61.0,66.0,0,0,0,48.0,0.0,0.0,67.0,0,0,0,0
0,0.0,0.0,0.0,0.0,0.0,62.0,84.0,84.0,82.0,71.0,42.0,72.0,82.0,68.0,0,0,0,78.0,0.0,0.0,60.0,0,0,0,0
0,0.0,0.0,0.0,0.0,0.0,62.0,82.0,84.0,82.0,72.0,44.0,72.0,80.0,71.0,0,0,0,62.0,0.0,0.0,60.0,0,0,0,0
0,0.0,0.0,0.0,0.0,0.0,62.0,75.0,83.0,69.0,67.0,49.0,72.0,71.0,76.0,0,0,0,60.0,0.0,0.0,63.0,0,0,0,0
0,0.0,0.0,0.0,0.0,0.0,61.0,75.0,85.0,76.0,66.0,40.0,73.0,68.0,62.0,0,0,0,63.0,0.0,0.0,70.0,0,0,0,0
0,0.0,0.0,0.0,0.0,0.0,61.0,83.0,85.0,72.0,71.0,51.0,71.0,64.0,62.0,0,0,0,64.0,0.0,0.0,60.0,0,0,0,0
0,0.0,0.0,1.0,0.0,0.0,60.0,78.0,82.0,65.0,81.0,58.0,68.0,64.0,66.0,0,0,0,62.0,0.0,0.0,58.0,0,0,0,0
0,0.0,0.0,0.0,0.0,0.0,60.0,79.0,84.0,84.0,77.0,39.0,76.0,78.0,65.0,0,0,0,68.0,0.0,0.0,61.0,0,0,0,0
0,0.0,0.0,0.0,0.0,0.0,60.0,76.0,84.0,81.0,73.0,35.0,76.0,83.0,72.0,0,0,0,72.0,0.0,0.0,54.0,0,0,0,0
0,0.0,0.0,0.0,0.0,0.0,60.0,82.0,88.0,78.0,78.0,62.0,66.0,61.0,63.0,0,0,0,51.0,0.0,0.0,51.0,0,0,0,0
0,0.0,0.0,0.0,0.0,0.0,58.0,79.0,84.0,87.0,65.0,35.0,66.0,82.0,67.0,0,0,0,74.0,0.0,0.0,60.0,0,0,0,0
0,0.0,0.0,0.0,0.0,0.0,58.0,84.0,86.0,82.0,70.0,40.0,69.0,70.0,62.0,0,0,0,65.0,0.0,0.0,62.0,0,0,0,0
0,0.0,0.0,11.0,0.0,1.0,56.0,73.0,81.0,69.0,74.0,68.0,67.0,60.0,66.0,0,0,0,33.0,0.0,0.0,63.0,0,0,0,0
0,0.0,0.0,21.0,0.0,2.0,55.0,80.0,86.0,78.0,71.0,78.0,63.0,54.0,55.0,0,0,0,15.0,0.0,0.0,59.0,0,0,0,0
0,0.0,0.0,0.0,0.0,0.0,54.0,76.0,85.0,81.0,64.0,62.0,55.0,56.0,62.0,0,0,0,12.0,0.0,0.0,71.0,0,0,0,0
0,0.0,0.0,0.0,0.0,0.0,54.0,76.0,85.0,81.0,64.0,62.0,55.0,56.0,62.0,0,0,0,12.0,0.0,0.0,71.0,0,0,0,0
0,0.0,0.0,0.0,0.0,0.0,51.0,70.0,82.0,77.0,75.0,65.0,57.0,48.0,52.0,0,0,0,12.0,0.0,0.0,73.0,0,0,0,0
0,0.0,0.0,0.0,0.0,0.0,50.0,65.0,67.0,61.0,77.0,82.0,52.0,40.0,49.0,0,0,0,12.0,0.0,0.0,78.0,0,0,0,0
0,0.0,0.0,0.0,0.0,0.0,50.0,71.0,80.0,70.0,64.0,60.0,60.0,55.0,60.0,0,0,0,25.0,0.0,0.0,75.0,0,0,0,0
0,0.0,0.0,0.0,0.0,0.0,48.0,67.0,69.0,64.0,72.0,85.0,64.0,40.0,49.0,0,0,0,15.0,0.0,0.0,59.0,0,0,0,0
0,0.0,0.0,0.0,0.0,0.0,48.0,66.0,70.0,63.0,74.0,87.0,62.0,50.0,55.0,0,0,0,15.0,0.0,0.0,65.0,0,0,0,0
0,0.0,0.0,0.0,0.0,0.0,46.0,72.0,70.0,66.0,73.0,72.0,65.0,47.0,55.0,0,0,0,42.0,0.0,0.0,69.0,0,0,0,0
0,0.0,0.0,0.0,0.0,0.0,46.0,66.0,69.0,61.0,74.0,52.0,58.0,35.0,52.0,0,0,0,65.0,0.0,0.0,73.0,0,0,0,0
0,0.0,0.0,0.0,0.0,0.0,46.0,72.0,84.0,61.0,74.0,58.0,60.0,35.0,52.0,0,0,0,65.0,0.0,0.0,76.0,0,0,0,0
0,0.0,0.0,0.0,0.0,0.0,46.0,73.0,82.0,70.0,69.0,45.0,58.0,52.0,65.0,0,0,0,42.0,0.0,0.0,67.0,0,0,0,0
0,0.0,0.0,0.0,0.0,0.0,45.0,71.0,83.0,65.0,68.0,67.0,55.0,40.0,45.0,0,0,0,12.0,0.0,0.0,68.0,0,0,0,0
0,0.0,0.0,0.0,0.0,0.0,45.0,71.0,83.0,65.0,68.0,67.0,55.0,40.0,45.0,0,0,0,12.0,0.0,0.0,68.0,0,0,0,0
0,0.0,0.0,0.0,0.0,0.0,45.0,71.0,81.0,68.0,72.0,72.0,63.0,49.0,45.0,0,0,0,12.0,0.0,0.0,80.0,0,0,0,0
0,0.0,0.0,0.0,0.0,0.0,44.0,81.0,84.0,70.0,68.0,66.0,60.0,45.0,40.0,0,0,0,42.0,0.0,0.0,66.0,0,0,0,0
0,0.0,0.0,0.0,0.0,0.0,44.0,66.0,72.0,63.0,74.0,81.0,58.0,47.0,52.0,0,0,0,55.0,0.0,0.0,57.0,0,0,0,0
0,0.0,0.0,0.0,0.0,0.0,44.0,63.0,70.0,66.0,71.0,76.0,60.0,44.0,51.0,0,0,0,40.0,0.0,0.0,69.0,0,0,0,0
0,0.0,0.0,0.0,0.0,0.0,44.0,67.0,82.0,68.0,72.0,65.0,60.0,48.0,58.0,0,0,0,55.0,0.0,0.0,68.0,0,0,0,0
0,0.0,0.0,0.0,0.0,0.0,43.0,84.0,87.0,80.0,67.0,50.0,60.0,49.0,47.0,0,0,0,44.0,0.0,0.0,60.0,0,0,0,0
0,0.0,0.0,0.0,0.0,0.0,43.0,70.0,72.0,66.0,66.0,60.0,46.0,40.0,55.0,0,0,0,65.0,0.0,0.0,65.0,0,0,0,0
0,0.0,0.0,0.0,0.0,0.0,43.0,63.0,79.0,61.0,65.0,41.0,58.0,35.0,52.0,0,0,0,65.0,0.0,0.0,73.0,0,0,0,0
0,0.0,0.0,0.0,0.0,0.0,42.0,67.0,78.0,61.0,69.0,52.0,55.0,35.0,45.0,0,0,0,60.0,0.0,0.0,76.0,0,0,0,0
0,0.0,0.0,0.0,0.0,0.0,42.0,66.0,81.0,72.0,72.0,59.0,66.0,45.0,43.0,0,0,0,42.0,0.0,0.0,68.0,0,0,0,0
0,0.0,0.0,0.0,0.0,0.0,42.0,67.0,71.0,63.0,71.0,79.0,62.0,42.0,49.0,0,0,0,12.0,0.0,0.0,60.0,0,0,0,0
0,0.0,0.0,0.0,0.0,0.0,42.0,55.0,76.0,68.0,74.0,75.0,65.0,48.0,45.0,0,0,0,12.0,0.0,0.0,57.0,0,0,0,0
0,0.0,0.0,0.0,0.0,0.0,42.0,69.0,71.0,68.0,69.0,74.0,64.0,44.0,47.0,0,0,0,15.0,0.0,0.0,55.0,0,0,0,0
0,0.0,0.0,0.0,0.0,0.0,40.0,66.0,78.0,71.0,69.0,62.0,57.0,40.0,44.0,0,0,0,12.0,0.0,0.0,73.0,0,0,0,0
0,0.0,0.0,0.0,0.0,0.0,40.0,70.0,82.0,63.0,68.0,60.0,61.0,45.0,43.0,0,0,0,42.0,0.0,0.0,68.0,0,0,0,0
0,0.0,0.0,8.0,0.0,0.0,40.0,75.0,83.0,72.0,82.0,48.0,57.0,45.0,44.0,0,0,0,42.0,0.0,0.0,70.0,0,0,0,0
0,0.0,0.0,0.0,0.0,0.0,40.0,67.0,77.0,66.0,64.0,73.0,58.0,42.0,44.0,0,0,0,15.0,0.0,0.0,55.0,0,0,0,0
0,0.0,0.0,0.0,0.0,0.0,40.0,66.0,71.0,73.0,64.0,62.0,63.0,49.0,45.0,0,0,0,12.0,0.0,0.0,80.0,0,0,0,0
78,265.0,28.0,78.0,4.0,5.0,98.0,83.0,88.0,85.0,85.0,93.0,95.0,94.0,96.0,0,0,0,94.0,73.0,71.0,64.0,0,0,0,0
77,260.0,27.0,90.0,4.0,10.0,94.0,85.0,88.0,87.0,79.0,93.0,86.0,88.0,87.0,0,0,0,82.0,74.0,68.0,74.0,0,0,0,0
79,265.0,30.0,61.0,1.0,5.0,93.0,85.0,90.0,87.0,74.0,90.0,87.0,96.0,87.0,0,0,0,85.0,75.0,69.0,62.0,0,0,0,0
74,248.0,33.0,39.0,0.0,3.0,93.0,85.0,84.0,84.0,78.0,94.0,91.0,79.0,84.0,0,0,0,79.0,77.0,71.0,77.0,0,0,0,0
77,255.0,32.0,60.0,0.0,3.0,92.0,85.0,87.0,83.0,67.0,98.0,97.0,92.0,93.0,0,0,0,88.0,57.0,71.0,63.0,0,0,0,0
78,255.0,26.0,19.0,0.0,1.0,91.0,84.0,87.0,85.0,71.0,88.0,89.0,89.0,88.0,0,0,0,84.0,75.0,63.0,65.0,0,0,0,0
74,246.0,27.0,25.0,0.0,1.0,91.0,86.0,88.0,87.0,64.0,96.0,95.0,89.0,88.0,0,0,0,81.0,60.0,59.0,60.0,0,0,0,0
78,263.0,35.0,80.0,2.0,11.0,90.0,77.0,81.0,78.0,79.0,96.0,93.0,82.0,92.0,0,0,0,83.0,72.0,56.0,60.0,0,0,0,0
78,275.0,30.0,35.0,0.0,1.0,89.0,79.0,89.0,82.0,79.0,86.0,89.0,85.0,83.0,0,0,0,77.0,72.0,69.0,75.0,0,0,0,0
76,255.0,37.0,0.0,0.0,0.0,87.0,77.0,83.0,80.0,63.0,90.0,89.0,87.0,83.0,0,0,0,82.0,70.0,56.0,63.0,0,0,0,0
77,243.0,32.0,28.0,0.0,1.0,86.0,85.0,89.0,81.0,71.0,82.0,93.0,78.0,79.0,0,0,0,76.0,78.0,71.0,55.0,0,0,0,0
77,243.0,32.0,12.0,0.0,0.0,86.0,85.0,89.0,81.0,71.0,82.0,93.0,78.0,79.0,0,0,0,76.0,78.0,71.0,55.0,0,0,0,0
75,255.0,28.0,29.0,0.0,0.0,86.0,83.0,90.0,81.0,74.0,77.0,86.0,82.0,83.0,0,0,0,60.0,79.0,70.0,62.0,0,0,0,0
77,250.0,26.0,54.0,0.0,3.0,85.0,80.0,87.0,82.0,73.0,88.0,91.0,87.0,84.0,0,0,0,80.0,56.0,61.0,73.0,0,0,0,0
77,254.0,30.0,48.0,0.0,2.0,85.0,86.0,91.0,84.0,67.0,83.0,84.0,87.0,81.0,0,0,0,75.0,70.0,70.0,62.0,0,0,0,0
78,265.0,27.0,36.0,0.0,2.0,85.0,77.0,85.0,81.0,75.0,89.0,92.0,89.0,85.0,0,0,0,83.0,55.0,71.0,64.0,0,0,0,0
77,235.0,26.0,0.0,0.0,0.0,83.0,80.0,86.0,75.0,72.0,86.0,88.0,85.0,83.0,0,0,0,76.0,62.0,69.0,64.0,0,0,0,0
76,255.0,33.0,22.0,0.0,0.0,83.0,76.0,79.0,71.0,76.0,83.0,77.0,68.0,83.0,0,0,0,67.0,87.0,73.0,79.0,0,0,0,0
78,250.0,22.0,13.0,0.0,0.0,82.0,87.0,90.0,82.0,75.0,69.0,82.0,77.0,79.0,0,0,0,68.0,73.0,71.0,73.0,0,0,0,0
77,250.0,22.0,32.0,0.0,0.0,82.0,84.0,89.0,80.0,75.0,80.0,86.0,83.0,81.0,0,0,0,70.0,63.0,72.0,71.0,0,0,0,0
76,255.0,32.0,35.0,0.0,0.0,82.0,75.0,84.0,74.0,72.0,84.0,85.0,74.0,78.0,0,0,0,77.0,78.0,57.0,73.0,0,0,0,0
77,255.0,29.0,8.0,0.0,0.0,81.0,86.0,89.0,82.0,72.0,71.0,77.0,74.0,78.0,0,0,0,61.0,79.0,72.0,73.0,0,0,0,0
77,256.0,29.0,21.0,0.0,2.0,81.0,85.0,87.0,86.0,69.0,78.0,84.0,87.0,82.0,0,0,0,78.0,59.0,57.0,67.0,0,0,0,0
76,253.0,24.0,29.0,0.0,1.0,81.0,87.0,89.0,86.0,73.0,82.0,82.0,85.0,79.0,0,0,0,76.0,50.0,68.0,68.0,0,0,0,0
77,265.0,25.0,6.0,0.0,0.0,81.0,81.0,87.0,73.0,80.0,80.0,84.0,79.0,82.0,0,0,0,81.0,65.0,71.0,67.0,0,0,0,0
75,265.0,27.0,12.0,0.0,0.0,80.0,76.0,85.0,73.0,82.0,85.0,86.0,85.0,82.0,0,0,0,69.0,56.0,54.0,79.0,0,0,0,0
75,251.0,36.0,0.0,0.0,0.0,80.0,80.0,82.0,74.0,72.0,82.0,83.0,82.0,79.0,0,0,0,78.0,66.0,54.0,66.0,0,0,0,0
75,244.0,33.0,51.0,0.0,2.0,80.0,87.0,88.0,84.0,77.0,85.0,83.0,78.0,75.0,0,0,0,80.0,54.0,58.0,62.0,0,0,0,0
78,251.0,28.0,25.0,0.0,0.0,80.0,87.0,90.0,84.0,75.0,79.0,84.0,82.0,79.0,0,0,0,75.0,58.0,68.0,55.0,0,0,0,0
78,267.0,27.0,0.0,0.0,0.0,79.0,77.0,76.0,73.0,79.0,80.0,87.0,82.0,79.0,0,0,0,75.0,71.0,54.0,68.0,0,0,0,0
75,235.0,25.0,0.0,0.0,0.0,79.0,86.0,88.0,90.0,64.0,76.0,84.0,80.0,76.0,0,0,0,68.0,68.0,62.0,60.0,0,0,0,0
76,271.0,26.0,8.0,0.0,0.0,78.0,80.0,88.0,75.0,76.0,77.0,83.0,81.0,82.0,0,0,0,73.0,59.0,55.0,80.0,0,0,0,0
76,240.0,21.0,26.0,0.0,1.0,78.0,85.0,90.0,78.0,72.0,65.0,79.0,82.0,81.0,0,0,0,72.0,67.0,58.0,65.0,0,0,0,0
76,257.0,24.0,14.0,0.0,0.0,78.0,78.0,85.0,82.0,65.0,83.0,86.0,87.0,83.0,0,0,0,74.0,54.0,63.0,61.0,0,0,0,0
79,261.0,23.0,0.0,0.0,0.0,78.0,83.0,85.0,72.0,78.0,75.0,81.0,76.0,78.0,0,0,0,73.0,74.0,60.0,64.0,0,0,0,0
79,261.0,23.0,12.0,0.0,0.0,78.0,83.0,85.0,72.0,78.0,75.0,81.0,76.0,78.0,0,0,0,73.0,74.0,60.0,64.0,0,0,0,0
76,267.0,27.0,14.0,0.0,0.0,77.0,83.0,86.0,76.0,83.0,78.0,81.0,82.0,75.0,0,0,0,69.0,55.0,64.0,66.0,0,0,0,0
77,260.0,29.0,28.0,0.0,2.0,77.0,81.0,88.0,81.0,76.0,81.0,85.0,77.0,80.0,0,0,0,77.0,53.0,54.0,55.0,0,0,0,0
76,248.0,22.0,31.0,0.0,2.0,77.0,82.0,88.0,81.0,73.0,73.0,79.0,77.0,75.0,0,0,0,65.0,70.0,70.0,64.0,0,0,0,0
78,280.0,33.0,35.0,0.0,1.0,77.0,74.0,82.0,73.0,81.0,85.0,76.0,70.0,79.0,0,0,0,76.0,63.0,78.0,64.0,0,0,0,0
78,260.0,25.0,4.0,0.0,0.0,77.0,79.0,83.0,77.0,67.0,72.0,82.0,83.0,79.0,0,0,0,74.0,73.0,58.0,65.0,0,0,0,0
75,252.0,25.0,6.0,0.0,0.0,76.0,75.0,79.0,73.0,73.0,68.0,84.0,70.0,78.0,0,0,0,74.0,84.0,54.0,65.0,0,0,0,0
76,257.0,23.0,8.0,0.0,0.0,76.0,80.0,88.0,82.0,73.0,60.0,83.0,80.0,77.0,0,0,0,65.0,77.0,57.0,65.0,0,0,0,0
77,252.0,27.0,12.0,0.0,0.0,76.0,87.0,91.0,83.0,72.0,76.0,80.0,84.0,80.0,0,0,0,72.0,56.0,54.0,66.0,0,0,0,0
78,277.0,22.0,4.0,0.0,0.0,75.0,81.0,84.0,78.0,76.0,60.0,82.0,75.0,77.0,0,0,0,60.0,68.0,71.0,70.0,0,0,0,0
75,236.0,22.0,34.0,0.0,2.0,75.0,90.0,91.0,89.0,63.0,68.0,82.0,82.0,68.0,0,0,0,75.0,61.0,56.0,63.0,0,0,0,0
74,262.0,25.0,0.0,0.0,0.0,75.0,87.0,89.0,83.0,73.0,79.0,86.0,78.0,79.0,0,0,0,75.0,54.0,58.0,49.0,0,0,0,0
76,258.0,25.0,7.0,0.0,0.0,75.0,79.0,83.0,77.0,72.0,76.0,83.0,81.0,79.0,0,0,0,79.0,56.0,71.0,66.0,0,0,0,0
75,245.0,23.0,22.0,0.0,0.0,75.0,85.0,88.0,78.0,67.0,59.0,82.0,81.0,79.0,0,0,0,65.0,66.0,61.0,73.0,0,0,0,0
76,260.0,24.0,9.0,0.0,0.0,75.0,72.0,87.0,74.0,72.0,66.0,82.0,70.0,76.0,0,0,0,65.0,77.0,76.0,72.0,0,0,0,0
73,242.0,28.0,7.0,0.0,0.0,75.0,88.0,92.0,82.0,69.0,69.0,77.0,72.0,81.0,0,0,0,80.0,71.0,65.0,50.0,0,0,0,0
77,265.0,25.0,4.0,0.0,0.0,75.0,86.0,87.0,79.0,77.0,61.0,82.0,75.0,74.0,0,0,0,80.0,70.0,60.0,63.0,0,0,0,0
78,250.0,22.0,1.0,0.0,0.0,74.0,81.0,85.0,73.0,75.0,60.0,83.0,78.0,79.0,0,0,0,64.0,69.0,61.0,70.0,0,0,0,0
77,255.0,24.0,5.0,0.0,0.0,74.0,79.0,87.0,74.0,75.0,63.0,79.0,72.0,76.0,0,0,0,68.0,74.0,68.0,74.0,0,0,0,0
78,270.0,24.0,1.0,0.0,0.0,74.0,77.0,80.0,79.0,82.0,58.0,78.0,65.0,84.0,0,0,0,85.0,71.0,68.0,73.0,0,0,0,0
78,260.0,26.0,2.0,0.0,0.0,74.0,77.0,86.0,83.0,65.0,70.0,82.0,82.0,84.0,0,0,0,63.0,64.0,55.0,55.0,0,0,0,0
76,260.0,23.0,6.0,0.0,0.0,74.0,82.0,86.0,79.0,74.0,70.0,74.0,72.0,69.0,0,0,0,65.0,76.0,65.0,73.0,0,0,0,0
77,262.0,24.0,9.0,0.0,0.0,74.0,87.0,86.0,78.0,74.0,66.0,80.0,83.0,77.0,0,0,0,88.0,54.0,72.0,72.0,0,0,0,0
79,318.0,31.0,0.0,0.0,0.0,74.0,73.0,79.0,80.0,77.0,72.0,80.0,79.0,75.0,0,0,0,78.0,64.0,74.0,61.0,0,0,0,0
75,250.0,29.0,16.0,0.0,0.0,74.0,82.0,89.0,79.0,65.0,78.0,76.0,79.0,77.0,0,0,0,67.0,53.0,73.0,62.0,0,0,0,0
78,265.0,29.0,5.0,0.0,0.0,74.0,72.0,84.0,72.0,84.0,73.0,69.0,75.0,74.0,0,0,0,82.0,78.0,74.0,86.0,0,0,0,0
77,250.0,27.0,0.0,0.0,0.0,74.0,83.0,87.0,83.0,70.0,74.0,81.0,81.0,78.0,0,0,0,76.0,55.0,68.0,63.0,0,0,0,0
76,265.0,29.0,5.0,0.0,0.0,74.0,77.0,84.0,68.0,84.0,78.0,79.0,62.0,82.0,0,0,0,55.0,73.0,53.0,75.0,0,0,0,0
75,248.0,22.0,27.0,0.0,1.0,74.0,85.0,87.0,76.0,78.0,59.0,76.0,74.0,76.0,0,0,0,63.0,70.0,63.0,74.0,0,0,0,0
77,255.0,25.0,3.0,0.0,0.0,73.0,82.0,86.0,83.0,67.0,55.0,80.0,77.0,82.0,0,0,0,72.0,71.0,62.0,63.0,0,0,0,0
76,260.0,28.0,3.0,0.0,0.0,73.0,87.0,87.0,82.0,74.0,69.0,73.0,63.0,75.0,0,0,0,67.0,81.0,53.0,56.0,0,0,0,0
75,245.0,26.0,10.0,0.0,0.0,73.0,78.0,84.0,75.0,69.0,75.0,81.0,76.0,78.0,0,0,0,72.0,57.0,64.0,61.0,0,0,0,0
76,247.0,23.0,57.0,2.0,6.0,72.0,87.0,88.0,76.0,71.0,57.0,75.0,79.0,74.0,0,0,0,63.0,71.0,63.0,72.0,0,0,0,0
76,260.0,30.0,0.0,0.0,0.0,72.0,86.0,89.0,72.0,73.0,82.0,73.0,63.0,70.0,0,0,0,74.0,68.0,64.0,60.0,0,0,0,0
77,258.0,22.0,1.0,0.0,0.0,72.0,82.0,84.0,76.0,70.0,60.0,83.0,77.0,79.0,0,0,0,64.0,63.0,64.0,72.0,0,0,0,0
76,253.0,25.0,0.0,0.0,0.0,72.0,76.0,86.0,80.0,70.0,66.0,74.0,76.0,78.0,0,0,0,68.0,74.0,65.0,51.0,0,0,0,0
76,244.0,27.0,0.0,0.0,0.0,72.0,87.0,88.0,86.0,64.0,68.0,77.0,77.0,73.0,0,0,0,75.0,66.0,78.0,62.0,0,0,0,0
78,265.0,27.0,14.0,0.0,0.0,72.0,75.0,85.0,81.0,70.0,71.0,80.0,75.0,73.0,0,0,0,84.0,61.0,60.0,65.0,0,0,0,0
78,265.0,27.0,0.0,0.0,0.0,72.0,75.0,85.0,81.0,70.0,71.0,80.0,75.0,73.0,0,0,0,84.0,61.0,60.0,65.0,0,0,0,0
74,258.0,25.0,7.0,0.0,0.0,71.0,86.0,88.0,77.0,69.0,61.0,81.0,82.0,78.0,0,0,0,79.0,57.0,66.0,61.0,0,0,0,0
75,247.0,29.0,0.0,0.0,0.0,71.0,86.0,87.0,80.0,77.0,58.0,71.0,76.0,70.0,0,0,0,69.0,73.0,65.0,67.0,0,0,0,0
75,247.0,29.0,0.0,0.0,0.0,71.0,86.0,87.0,80.0,77.0,58.0,71.0,76.0,70.0,0,0,0,69.0,73.0,65.0,67.0,0,0,0,0
75,247.0,29.0,0.0,0.0,0.0,71.0,86.0,87.0,80.0,77.0,58.0,71.0,76.0,70.0,0,0,0,69.0,73.0,65.0,67.0,0,0,0,0
75,247.0,29.0,52.0,0.0,1.0,71.0,86.0,87.0,80.0,77.0,58.0,71.0,76.0,70.0,0,0,0,69.0,73.0,65.0,67.0,0,0,0,0
75,247.0,29.0,4.0,0.0,0.0,71.0,86.0,87.0,80.0,77.0,58.0,71.0,76.0,70.0,0,0,0,69.0,73.0,65.0,67.0,0,0,0,0
77,270.0,23.0,1.0,0.0,0.0,71.0,77.0,85.0,77.0,71.0,59.0,83.0,80.0,76.0,0,0,0,62.0,67.0,62.0,62.0,0,0,0,0
77,252.0,23.0,2.0,0.0,0.0,71.0,84.0,89.0,80.0,71.0,57.0,76.0,80.0,73.0,0,0,0,62.0,64.0,65.0,74.0,0,0,0,0
77,251.0,30.0,0.0,0.0,0.0,71.0,76.0,85.0,69.0,75.0,75.0,76.0,66.0,75.0,0,0,0,74.0,62.0,62.0,65.0,0,0,0,0
77,251.0,30.0,2.0,0.0,0.0,71.0,76.0,85.0,69.0,75.0,75.0,76.0,66.0,75.0,0,0,0,74.0,62.0,62.0,65.0,0,0,0,0
77,248.0,27.0,0.0,0.0,0.0,71.0,81.0,87.0,78.0,67.0,70.0,77.0,69.0,72.0,0,0,0,67.0,65.0,73.0,65.0,0,0,0,0
78,257.0,22.0,0.0,0.0,0.0,71.0,87.0,89.0,74.0,70.0,54.0,74.0,84.0,76.0,0,0,0,68.0,65.0,63.0,74.0,0,0,0,0
77,252.0,29.0,0.0,0.0,0.0,70.0,80.0,85.0,76.0,73.0,75.0,78.0,72.0,74.0,0,0,0,69.0,55.0,57.0,68.0,0,0,0,0
77,268.0,30.0,0.0,0.0,0.0,70.0,73.0,81.0,71.0,76.0,75.0,69.0,70.0,69.0,0,0,0,66.0,78.0,62.0,66.0,0,0,0,0
79,230.0,26.0,0.0,0.0,0.0,70.0,87.0,89.0,88.0,63.0,69.0,77.0,82.0,72.0,0,0,0,68.0,57.0,56.0,62.0,0,0,0,0
77,253.0,23.0,2.0,0.0,0.0,70.0,83.0,88.0,78.0,73.0,55.0,75.0,83.0,78.0,0,0,0,62.0,62.0,58.0,61.0,0,0,0,0
80,265.0,26.0,8.0,0.0,0.0,70.0,76.0,84.0,74.0,74.0,79.0,77.0,77.0,68.0,0,0,0,76.0,57.0,57.0,72.0,0,0,0,0
76,255.0,30.0,16.0,0.0,0.0,70.0,83.0,87.0,76.0,68.0,79.0,75.0,75.0,73.0,0,0,0,70.0,56.0,56.0,59.0,0,0,0,0
78,257.0,24.0,29.0,0.0,0.0,70.0,80.0,82.0,85.0,79.0,54.0,83.0,81.0,78.0,0,0,0,60.0,57.0,69.0,64.0,0,0,0,0
77,257.0,24.0,7.0,0.0,0.0,70.0,76.0,83.0,81.0,73.0,50.0,79.0,70.0,78.0,0,0,0,65.0,72.0,63.0,73.0,0,0,0,0
78,250.0,24.0,9.0,0.0,0.0,69.0,81.0,87.0,80.0,69.0,59.0,80.0,68.0,80.0,0,0,0,86.0,55.0,60.0,63.0,0,0,0,0
78,265.0,24.0,14.0,0.0,0.0,69.0,85.0,90.0,79.0,71.0,64.0,77.0,72.0,76.0,0,0,0,66.0,56.0,58.0,76.0,0,0,0,0
76,255.0,27.0,0.0,0.0,0.0,69.0,81.0,89.0,84.0,61.0,70.0,77.0,73.0,76.0,0,0,0,72.0,57.0,59.0,60.0,0,0,0,0
79,266.0,26.0,0.0,0.0,0.0,69.0,74.0,86.0,82.0,76.0,58.0,76.0,75.0,72.0,0,0,0,64.0,71.0,64.0,61.0,0,0,0,0
75,240.0,28.0,0.0,0.0,0.0,69.0,81.0,87.0,82.0,73.0,59.0,78.0,81.0,78.0,0,0,0,70.0,64.0,50.0,55.0,0,0,0,0
76,261.0,24.0,0.0,0.0,0.0,69.0,75.0,83.0,69.0,67.0,63.0,76.0,71.0,78.0,0,0,0,62.0,75.0,56.0,63.0,0,0,0,0
77,258.0,23.0,0.0,0.0,0.0,68.0,80.0,89.0,77.0,70.0,52.0,80.0,78.0,75.0,0,0,0,61.0,67.0,60.0,66.0,0,0,0,0
77,262.0,22.0,0.0,0.0,0.0,68.0,82.0,85.0,76.0,76.0,51.0,73.0,73.0,76.0,0,0,0,64.0,65.0,63.0,73.0,0,0,0,0
75,245.0,24.0,6.0,0.0,0.0,68.0,83.0,90.0,86.0,75.0,56.0,77.0,72.0,66.0,0,0,0,66.0,64.0,66.0,60.0,0,0,0,0
78,253.0,29.0,5.0,0.0,0.0,68.0,81.0,88.0,74.0,75.0,72.0,73.0,63.0,73.0,0,0,0,80.0,52.0,58.0,72.0,0,0,0,0
77,246.0,23.0,0.0,0.0,0.0,68.0,78.0,85.0,77.0,75.0,49.0,73.0,74.0,76.0,0,0,0,62.0,69.0,62.0,71.0,0,0,0,0
78,255.0,24.0,31.0,0.0,1.0,68.0,88.0,88.0,84.0,64.0,62.0,77.0,83.0,79.0,0,0,0,77.0,55.0,64.0,56.0,0,0,0,0
76,247.0,25.0,0.0,0.0,0.0,67.0,77.0,84.0,73.0,71.0,50.0,83.0,79.0,77.0,0,0,0,62.0,62.0,59.0,62.0,0,0,0,0
75,241.0,23.0,0.0,0.0,0.0,67.0,83.0,88.0,74.0,75.0,46.0,72.0,70.0,67.0,0,0,0,60.0,74.0,68.0,71.0,0,0,0,0
77,260.0,25.0,0.0,0.0,0.0,67.0,75.0,82.0,75.0,75.0,59.0,66.0,65.0,71.0,0,0,0,79.0,74.0,64.0,72.0,0,0,0,0
77,259.0,29.0,0.0,0.0,0.0,67.0,77.0,84.0,76.0,68.0,74.0,75.0,74.0,71.0,0,0,0,66.0,55.0,71.0,67.0,0,0,0,0
78,251.0,22.0,0.0,0.0,0.0,67.0,80.0,84.0,77.0,78.0,50.0,74.0,66.0,73.0,0,0,0,64.0,71.0,63.0,72.0,0,0,0,0
78,290.0,23.0,0.0,0.0,0.0,67.0,79.0,84.0,84.0,77.0,58.0,79.0,79.0,72.0,0,0,0,68.0,57.0,50.0,61.0,0,0,0,0
77,246.0,23.0,0.0,0.0,0.0,67.0,81.0,88.0,74.0,71.0,47.0,78.0,76.0,73.0,0,0,0,62.0,69.0,63.0,66.0,0,0,0,0
78,257.0,23.0,0.0,0.0,0.0,67.0,76.0,86.0,79.0,70.0,49.0,76.0,74.0,76.0,0,0,0,70.0,67.0,58.0,63.0,0,0,0,0
76,245.0,25.0,7.0,0.0,0.0,67.0,83.0,88.0,82.0,68.0,55.0,79.0,76.0,75.0,0,0,0,75.0,64.0,53.0,60.0,0,0,0,0
77,265.0,24.0,0.0,0.0,0.0,67.0,80.0,85.0,70.0,73.0,47.0,76.0,76.0,74.0,0,0,0,66.0,72.0,61.0,73.0,0,0,0,0
76,265.0,24.0,0.0,0.0,0.0,67.0,72.0,79.0,74.0,81.0,52.0,79.0,72.0,79.0,0,0,0,60.0,73.0,57.0,67.0,0,0,0,0
76,246.0,23.0,0.0,0.0,0.0,66.0,83.0,86.0,78.0,72.0,48.0,75.0,82.0,75.0,0,0,0,68.0,62.0,57.0,66.0,0,0,0,0
79,255.0,27.0,0.0,0.0,0.0,66.0,83.0,86.0,83.0,75.0,57.0,76.0,74.0,75.0,0,0,0,85.0,63.0,48.0,63.0,0,0,0,0
77,257.0,25.0,0.0,0.0,0.0,66.0,80.0,85.0,87.0,65.0,59.0,75.0,82.0,69.0,0,0,0,74.0,56.0,67.0,60.0,0,0,0,0
76,260.0,26.0,0.0,0.0,0.0,66.0,74.0,81.0,73.0,75.0,48.0,76.0,69.0,74.0,0,0,0,57.0,75.0,64.0,68.0,0,0,0,0
77,247.0,24.0,2.0,0.0,0.0,66.0,84.0,87.0,78.0,72.0,59.0,77.0,70.0,69.0,0,0,0,63.0,61.0,65.0,63.0,0,0,0,0
77,261.0,24.0,0.0,0.0,0.0,66.0,82.0,88.0,71.0,72.0,54.0,75.0,76.0,73.0,0,0,0,63.0,67.0,56.0,61.0,0,0,0,0
77,258.0,24.0,1.0,0.0,0.0,66.0,79.0,85.0,80.0,68.0,65.0,78.0,70.0,73.0,0,0,0,63.0,57.0,65.0,69.0,0,0,0,0
76,257.0,25.0,2.0,0.0,0.0,66.0,85.0,92.0,88.0,68.0,55.0,75.0,81.0,75.0,0,0,0,68.0,55.0,70.0,59.0,0,0,0,0
74,239.0,22.0,0.0,0.0,0.0,66.0,83.0,88.0,81.0,68.0,51.0,75.0,75.0,77.0,0,0,0,63.0,64.0,46.0,64.0,0,0,0,0
75,250.0,26.0,0.0,0.0,0.0,66.0,82.0,87.0,77.0,78.0,56.0,70.0,73.0,68.0,0,0,0,67.0,67.0,51.0,58.0,0,0,0,0
78,252.0,26.0,5.0,0.0,0.0,65.0,79.0,83.0,82.0,70.0,38.0,73.0,74.0,71.0,0,0,0,69.0,77.0,73.0,61.0,0,0,0,0
76,250.0,25.0,0.0,0.0,0.0,65.0,78.0,84.0,81.0,72.0,58.0,66.0,79.0,75.0,0,0,0,80.0,57.0,71.0,68.0,0,0,0,0
76,265.0,25.0,0.0,0.0,0.0,65.0,81.0,89.0,73.0,77.0,52.0,64.0,65.0,77.0,0,0,0,57.0,74.0,59.0,68.0,0,0,0,0
77,252.0,24.0,0.0,0.0,0.0,65.0,81.0,86.0,81.0,78.0,46.0,77.0,73.0,66.0,0,0,0,55.0,72.0,60.0,57.0,0,0,0,0
76,253.0,23.0,0.0,0.0,0.0,65.0,82.0,85.0,73.0,70.0,50.0,75.0,72.0,74.0,0,0,0,59.0,63.0,65.0,69.0,0,0,0,0
74,230.0,24.0,0.0,0.0,0.0,65.0,84.0,89.0,83.0,74.0,42.0,73.0,70.0,73.0,0,0,0,65.0,69.0,58.0,62.0,0,0,0,0
77,243.0,22.0,0.0,0.0,0.0,64.0,83.0,88.0,79.0,68.0,48.0,76.0,78.0,73.0,0,0,0,64.0,63.0,55.0,53.0,0,0,0,0
79,259.0,25.0,0.0,0.0,0.0,64.0,78.0,77.0,72.0,70.0,54.0,77.0,77.0,75.0,0,0,0,68.0,67.0,60.0,60.0,0,0,0,0
76,227.0,24.0,0.0,0.0,0.0,64.0,84.0,86.0,83.0,61.0,55.0,78.0,82.0,73.0,0,0,0,64.0,58.0,53.0,54.0,0,0,0,0
76,245.0,24.0,0.0,0.0,0.0,64.0,79.0,86.0,78.0,74.0,51.0,76.0,76.0,71.0,0,0,0,60.0,65.0,67.0,62.0,0,0,0,0
74,260.0,30.0,3.0,0.0,0.0,64.0,78.0,87.0,76.0,80.0,73.0,63.0,50.0,62.0,0,0,0,75.0,58.0,69.0,69.0,0,0,0,0
74,260.0,30.0,42.0,1.0,1.0,64.0,78.0,87.0,76.0,80.0,73.0,63.0,50.0,62.0,0,0,0,75.0,58.0,69.0,69.0,0,0,0,0
75,255.0,23.0,0.0,0.0,0.0,63.0,75.0,82.0,75.0,73.0,42.0,72.0,65.0,68.0,0,0,0,65.0,72.0,63.0,69.0,0,0,0,0
77,260.0,24.0,0.0,0.0,0.0,63.0,83.0,87.0,72.0,71.0,51.0,71.0,64.0,62.0,0,0,0,64.0,73.0,64.0,60.0,0,0,0,0
77,254.0,27.0,0.0,0.0,0.0,63.0,72.0,85.0,72.0,69.0,48.0,73.0,74.0,72.0,0,0,0,64.0,71.0,60.0,65.0,0,0,0,0
78,263.0,25.0,0.0,0.0,0.0,63.0,80.0,82.0,67.0,78.0,42.0,74.0,75.0,76.0,0,0,0,50.0,76.0,64.0,72.0,0,0,0,0
76,235.0,24.0,0.0,0.0,0.0,62.0,85.0,85.0,82.0,71.0,42.0,72.0,82.0,68.0,0,0,0,78.0,65.0,61.0,60.0,0,0,0,0
74,241.0,22.0,0.0,0.0,0.0,62.0,83.0,86.0,84.0,65.0,50.0,75.0,83.0,73.0,0,0,0,70.0,57.0,50.0,37.0,0,0,0,0
78,255.0,25.0,0.0,0.0,0.0,62.0,78.0,83.0,81.0,69.0,56.0,74.0,70.0,72.0,0,0,0,62.0,59.0,66.0,61.0,0,0,0,0
77,251.0,24.0,0.0,0.0,0.0,62.0,82.0,86.0,81.0,73.0,48.0,72.0,78.0,68.0,0,0,0,65.0,59.0,57.0,59.0,0,0,0,0
76,247.0,24.0,0.0,0.0,0.0,62.0,79.0,88.0,74.0,75.0,42.0,73.0,70.0,71.0,0,0,0,63.0,65.0,60.0,64.0,0,0,0,0
74,250.0,34.0,0.0,0.0,0.0,62.0,72.0,74.0,70.0,72.0,68.0,57.0,50.0,61.0,0,0,0,61.0,71.0,75.0,79.0,0,0,0,0
78,240.0,23.0,0.0,0.0,0.0,62.0,86.0,91.0,83.0,58.0,50.0,78.0,70.0,73.0,0,0,0,63.0,58.0,51.0,52.0,0,0,0,0
76,248.0,25.0,0.0,0.0,0.0,61.0,75.0,85.0,76.0,66.0,40.0,73.0,68.0,62.0,0,0,0,63.0,68.0,62.0,70.0,0,0,0,0
77,255.0,26.0,0.0,0.0,0.0,61.0,76.0,85.0,81.0,73.0,41.0,76.0,83.0,72.0,0,0,0,72.0,61.0,47.0,54.0,0,0,0,0
78,250.0,26.0,15.0,0.0,0.0,60.0,84.0,88.0,82.0,74.0,49.0,66.0,69.0,64.0,0,0,0,49.0,61.0,55.0,60.0,0,0,0,0
79,235.0,24.0,0.0,0.0,0.0,58.0,84.0,86.0,83.0,64.0,42.0,74.0,74.0,71.0,0,0,0,64.0,60.0,54.0,54.0,0,0,0,0
75,245.0,24.0,0.0,0.0,0.0,57.0,84.0,86.0,82.0,70.0,40.0,69.0,70.0,62.0,0,0,0,65.0,59.0,52.0,62.0,0,0,0,0
77,250.0,33.0,11.0,0.0,1.0,56.0,74.0,79.0,69.0,74.0,68.0,67.0,60.0,66.0,0,0,0,33.0,53.0,62.0,63.0,0,0,0,0
76,249.0,33.0,21.0,0.0,2.0,55.0,81.0,86.0,78.0,71.0,78.0,63.0,54.0,55.0,0,0,0,15.0,56.0,68.0,59.0,0,0,0,0
73,224.0,28.0,0.0,0.0,0.0,54.0,77.0,86.0,81.0,64.0,62.0,55.0,56.0,62.0,0,0,0,12.0,60.0,66.0,71.0,0,0,0,0
73,224.0,28.0,0.0,0.0,0.0,54.0,77.0,86.0,81.0,64.0,62.0,55.0,56.0,62.0,0,0,0,12.0,60.0,66.0,71.0,0,0,0,0
76,248.0,27.0,0.0,0.0,0.0,51.0,71.0,83.0,77.0,75.0,65.0,57.0,48.0,52.0,0,0,0,12.0,69.0,67.0,73.0,0,0,0,0
77,240.0,27.0,0.0,0.0,0.0,50.0,72.0,81.0,70.0,64.0,60.0,60.0,55.0,60.0,0,0,0,25.0,53.0,65.0,75.0,0,0,0,0
76,258.0,36.0,0.0,0.0,0.0,49.0,65.0,67.0,61.0,77.0,82.0,52.0,40.0,49.0,0,0,0,12.0,61.0,52.0,78.0,0,0,0,0
77,256.0,36.0,0.0,0.0,0.0,48.0,68.0,67.0,64.0,72.0,85.0,64.0,40.0,49.0,0,0,0,15.0,54.0,72.0,59.0,0,0,0,0
77,242.0,38.0,0.0,0.0,0.0,48.0,67.0,65.0,63.0,74.0,87.0,62.0,50.0,55.0,0,0,0,15.0,51.0,65.0,65.0,0,0,0,0
73,237.0,31.0,0.0,0.0,0.0,47.0,73.0,78.0,66.0,73.0,72.0,65.0,47.0,55.0,0,0,0,42.0,54.0,65.0,69.0,0,0,0,0
75,253.0,25.0,0.0,0.0,0.0,47.0,78.0,86.0,73.0,71.0,48.0,71.0,59.0,54.0,0,0,0,44.0,49.0,54.0,56.0,0,0,0,0
76,248.0,23.0,0.0,0.0,0.0,47.0,69.0,84.0,65.0,69.0,59.0,59.0,54.0,61.0,0,0,0,41.0,48.0,60.0,64.0,0,0,0,0
72,237.0,27.0,0.0,0.0,0.0,46.0,72.0,82.0,68.0,72.0,72.0,63.0,49.0,45.0,0,0,0,12.0,47.0,69.0,80.0,0,0,0,0
75,270.0,33.0,0.0,0.0,0.0,46.0,66.0,69.0,64.0,74.0,52.0,58.0,35.0,52.0,0,0,0,65.0,58.0,65.0,73.0,0,0,0,0
76,260.0,27.0,0.0,0.0,0.0,46.0,74.0,83.0,70.0,69.0,45.0,58.0,52.0,65.0,0,0,0,42.0,49.0,62.0,67.0,0,0,0,0
77,232.0,27.0,0.0,0.0,0.0,45.0,72.0,84.0,65.0,68.0,67.0,55.0,40.0,45.0,0,0,0,12.0,53.0,67.0,68.0,0,0,0,0
77,232.0,27.0,0.0,0.0,0.0,45.0,72.0,84.0,65.0,68.0,67.0,55.0,40.0,45.0,0,0,0,12.0,53.0,67.0,68.0,0,0,0,0
74,240.0,30.0,0.0,0.0,0.0,44.0,82.0,85.0,70.0,68.0,66.0,60.0,45.0,40.0,0,0,0,42.0,51.0,62.0,66.0,0,0,0,0
72,250.0,37.0,0.0,0.0,0.0,44.0,66.0,72.0,63.0,74.0,81.0,58.0,47.0,52.0,0,0,0,55.0,50.0,69.0,57.0,0,0,0,0
76,245.0,24.0,0.0,0.0,0.0,44.0,74.0,83.0,76.0,68.0,53.0,66.0,58.0,53.0,0,0,0,28.0,44.0,67.0,71.0,0,0,0,0
74,240.0,31.0,0.0,0.0,0.0,44.0,63.0,70.0,66.0,71.0,76.0,60.0,44.0,51.0,0,0,0,40.0,55.0,66.0,69.0,0,0,0,0
74,225.0,29.0,0.0,0.0,0.0,44.0,68.0,84.0,68.0,72.0,65.0,60.0,48.0,58.0,0,0,0,55.0,49.0,62.0,68.0,0,0,0,0
75,240.0,28.0,0.0,0.0,0.0,43.0,85.0,88.0,80.0,67.0,50.0,60.0,49.0,47.0,0,0,0,44.0,47.0,50.0,60.0,0,0,0,0
76,246.0,23.0,0.0,0.0,0.0,43.0,71.0,82.0,76.0,64.0,57.0,61.0,52.0,49.0,0,0,0,30.0,45.0,69.0,73.0,0,0,0,0
74,249.0,24.0,0.0,0.0,0.0,42.0,66.0,82.0,72.0,72.0,59.0,66.0,45.0,43.0,0,0,0,42.0,50.0,69.0,68.0,0,0,0,0
75,240.0,36.0,0.0,0.0,0.0,42.0,68.0,67.0,63.0,71.0,82.0,62.0,42.0,49.0,0,0,0,12.0,50.0,65.0,60.0,0,0,0,0
76,245.0,24.0,0.0,0.0,0.0,42.0,67.0,78.0,61.0,69.0,52.0,55.0,35.0,45.0,0,0,0,60.0,47.0,75.0,76.0,0,0,0,0
70,250.0,31.0,0.0,0.0,0.0,42.0,69.0,71.0,68.0,69.0,74.0,64.0,44.0,47.0,0,0,0,15.0,47.0,65.0,55.0,0,0,0,0
76,242.0,29.0,0.0,0.0,0.0,41.0,67.0,79.0,71.0,69.0,62.0,57.0,40.0,44.0,0,0,0,12.0,45.0,69.0,73.0,0,0,0,0
73,250.0,26.0,0.0,0.0,0.0,41.0,71.0,84.0,63.0,68.0,60.0,61.0,45.0,43.0,0,0,0,42.0,47.0,72.0,68.0,0,0,0,0
75,245.0,25.0,8.0,0.0,0.0,41.0,75.0,84.0,72.0,82.0,48.0,57.0,45.0,44.0,0,0,0,42.0,45.0,67.0,70.0,0,0,0,0
76,233.0,31.0,0.0,0.0,0.0,40.0,68.0,79.0,66.0,64.0,73.0,58.0,42.0,44.0,0,0,0,15.0,50.0,66.0,55.0,0,0,0,0
74,233.0,25.0,0.0,0.0,0.0,39.0,69.0,80.0,72.0,70.0,68.0,48.0,44.0,51.0,0,0,0,40.0,49.0,60.0,58.0,0,0,0,0
0,0.0,0.0,78.0,4.0,5.0,99.0,83.0,88.0,85.0,85.0,96.0,0.0,94.0,97.0,0,86,78,94.0,83.0,73.0,74.0,81,79,72,71
0,0.0,0.0,90.0,4.0,10.0,95.0,85.0,88.0,87.0,79.0,95.0,0.0,91.0,90.0,0,83,78,82.0,76.0,55.0,74.0,74,75,54,53
0,0.0,0.0,25.0,0.0,1.0,94.0,85.0,88.0,87.0,64.0,94.0,0.0,88.0,87.0,0,87,79,81.0,68.0,53.0,60.0,58,67,52,46
0,0.0,0.0,39.0,0.0,3.0,93.0,85.0,85.0,84.0,78.0,93.0,0.0,81.0,84.0,0,82,76,79.0,79.0,59.0,79.0,72,79,58,56
0,0.0,0.0,60.0,0.0,3.0,92.0,84.0,86.0,83.0,70.0,98.0,0.0,93.0,93.0,0,85,77,88.0,54.0,67.0,66.0,53,48,66,60
0,0.0,0.0,54.0,0.0,3.0,91.0,80.0,87.0,82.0,73.0,97.0,0.0,90.0,88.0,0,88,79,82.0,53.0,58.0,69.0,49,52,57,53
0,0.0,0.0,19.0,0.0,1.0,89.0,84.0,87.0,85.0,71.0,86.0,0.0,89.0,88.0,0,81,75,74.0,72.0,67.0,65.0,71,63,66,60
0,0.0,0.0,32.0,0.0,0.0,88.0,84.0,89.0,80.0,75.0,86.0,0.0,87.0,83.0,0,78,73,71.0,81.0,60.0,73.0,80,75,59,58
0,0.0,0.0,61.0,1.0,5.0,86.0,83.0,88.0,87.0,74.0,87.0,0.0,94.0,87.0,0,75,70,79.0,61.0,60.0,62.0,51,60,59,52
0,0.0,0.0,36.0,0.0,2.0,86.0,77.0,85.0,81.0,75.0,95.0,0.0,90.0,86.0,0,80,73,83.0,54.0,54.0,63.0,53,48,53,52
0,0.0,0.0,0.0,0.0,0.0,85.0,77.0,76.0,73.0,79.0,88.0,0.0,83.0,83.0,0,75,68,73.0,81.0,55.0,68.0,80,73,54,52
0,0.0,0.0,48.0,0.0,2.0,85.0,85.0,91.0,84.0,67.0,85.0,0.0,86.0,83.0,0,75,68,74.0,54.0,69.0,63.0,50,53,66,68
0,0.0,0.0,34.0,0.0,2.0,85.0,90.0,91.0,89.0,63.0,84.0,0.0,85.0,76.0,0,76,72,75.0,56.0,64.0,65.0,56,52,66,59
0,0.0,0.0,29.0,0.0,0.0,84.0,82.0,89.0,81.0,74.0,86.0,0.0,83.0,86.0,0,79,72,64.0,60.0,57.0,65.0,52,57,54,53
0,0.0,0.0,29.0,0.0,1.0,84.0,87.0,89.0,86.0,73.0,85.0,0.0,85.0,79.0,0,73,69,75.0,58.0,61.0,68.0,56,55,60,56
0,0.0,0.0,0.0,0.0,0.0,84.0,86.0,88.0,90.0,64.0,82.0,0.0,82.0,79.0,0,76,73,68.0,60.0,62.0,67.0,58,59,61,59
0,0.0,0.0,51.0,0.0,2.0,83.0,87.0,89.0,84.0,77.0,86.0,0.0,81.0,82.0,0,75,72,80.0,53.0,55.0,63.0,44,52,54,50
0,0.0,0.0,35.0,0.0,1.0,82.0,74.0,82.0,73.0,81.0,80.0,0.0,78.0,77.0,0,70,66,76.0,86.0,60.0,77.0,83,75,60,61
0,0.0,0.0,0.0,0.0,0.0,82.0,80.0,86.0,75.0,72.0,86.0,0.0,87.0,83.0,0,75,69,76.0,64.0,54.0,64.0,63,57,53,50
0,0.0,0.0,28.0,0.0,2.0,82.0,80.0,87.0,81.0,76.0,80.0,0.0,78.0,81.0,0,69,67,77.0,75.0,54.0,58.0,74,66,53,51
0,0.0,0.0,12.0,0.0,0.0,81.0,75.0,85.0,73.0,82.0,81.0,0.0,83.0,80.0,0,64,59,65.0,82.0,56.0,76.0,80,76,55,51
0,0.0,0.0,26.0,0.0,1.0,81.0,85.0,90.0,78.0,72.0,67.0,0.0,82.0,81.0,0,74,71,72.0,62.0,54.0,65.0,52,61,53,49
0,0.0,0.0,9.0,0.0,0.0,81.0,86.0,86.0,78.0,74.0,80.0,0.0,83.0,79.0,0,72,67,84.0,60.0,66.0,68.0,52,59,65,60
0,0.0,0.0,28.0,0.0,1.0,81.0,80.0,84.0,81.0,73.0,75.0,0.0,76.0,77.0,0,73,67,73.0,77.0,59.0,63.0,76,75,58,56
0,0.0,0.0,12.0,0.0,0.0,81.0,80.0,84.0,81.0,73.0,75.0,0.0,76.0,77.0,0,73,67,73.0,77.0,59.0,63.0,76,75,58,56
0,0.0,0.0,0.0,0.0,0.0,81.0,83.0,87.0,83.0,70.0,78.0,0.0,82.0,78.0,0,68,63,76.0,73.0,71.0,65.0,71,72,70,69
0,0.0,0.0,31.0,0.0,2.0,80.0,82.0,88.0,81.0,73.0,76.0,0.0,78.0,76.0,0,69,64,65.0,81.0,54.0,68.0,72,80,53,50
0,0.0,0.0,0.0,0.0,0.0,80.0,79.0,82.0,74.0,72.0,88.0,0.0,83.0,81.0,0,73,67,75.0,54.0,64.0,68.0,53,47,63,60
0,0.0,0.0,9.0,0.0,0.0,79.0,81.0,87.0,80.0,69.0,78.0,0.0,77.0,81.0,0,71,66,82.0,55.0,56.0,64.0,54,47,55,53
0,0.0,0.0,14.0,0.0,0.0,79.0,82.0,86.0,76.0,81.0,67.0,0.0,77.0,74.0,0,68,64,69.0,81.0,68.0,71.0,80,71,67,62
0,0.0,0.0,13.0,0.0,0.0,79.0,87.0,90.0,82.0,75.0,79.0,0.0,77.0,79.0,0,70,66,68.0,55.0,55.0,73.0,55,50,54,50
0,0.0,0.0,17.0,0.0,0.0,78.0,83.0,88.0,84.0,69.0,58.0,0.0,85.0,77.0,0,74,70,73.0,52.0,56.0,65.0,49,53,52,56
0,0.0,0.0,16.0,0.0,0.0,78.0,82.0,89.0,79.0,65.0,82.0,0.0,81.0,79.0,0,70,65,68.0,55.0,61.0,64.0,48,54,60,56
0,0.0,0.0,3.0,0.0,0.0,77.0,82.0,86.0,83.0,67.0,59.0,0.0,83.0,81.0,0,69,65,72.0,69.0,71.0,67.0,61,68,64,70
0,0.0,0.0,26.0,0.0,0.0,77.0,85.0,88.0,88.0,79.0,57.0,0.0,81.0,78.0,0,71,73,67.0,53.0,54.0,66.0,50,54,50,54
0,0.0,0.0,0.0,0.0,0.0,77.0,87.0,89.0,83.0,73.0,78.0,0.0,78.0,79.0,0,72,67,75.0,53.0,56.0,50.0,52,49,55,51
0,0.0,0.0,0.0,0.0,0.0,77.0,83.0,85.0,72.0,78.0,83.0,0.0,77.0,79.0,0,68,63,73.0,55.0,56.0,64.0,55,51,55,50
0,0.0,0.0,12.0,0.0,0.0,77.0,83.0,85.0,72.0,78.0,83.0,0.0,77.0,79.0,0,68,63,73.0,55.0,56.0,64.0,55,51,55,50
0,0.0,0.0,6.0,0.0,0.0,77.0,83.0,90.0,86.0,75.0,77.0,0.0,83.0,75.0,0,71,66,68.0,55.0,54.0,62.0,47,54,54,52
0,0.0,0.0,0.0,0.0,0.0,77.0,73.0,79.0,80.0,77.0,84.0,0.0,79.0,77.0,0,67,63,78.0,57.0,69.0,67.0,56,55,68,65
0,0.0,0.0,9.0,0.0,0.0,77.0,81.0,86.0,73.0,76.0,78.0,0.0,77.0,74.0,0,62,57,61.0,81.0,60.0,74.0,80,73,57,55
0,0.0,0.0,35.0,0.0,0.0,77.0,83.0,86.0,83.0,76.0,56.0,0.0,86.0,82.0,0,72,71,74.0,51.0,56.0,61.0,48,52,53,57
0,0.0,0.0,12.0,0.0,0.0,77.0,86.0,90.0,83.0,72.0,74.0,0.0,80.0,77.0,0,68,63,70.0,71.0,54.0,66.0,62,70,53,50
0,0.0,0.0,8.0,0.0,0.0,77.0,79.0,87.0,75.0,76.0,82.0,0.0,80.0,81.0,0,63,58,72.0,53.0,71.0,72.0,52,50,63,70
0,0.0,0.0,16.0,0.0,0.0,77.0,83.0,86.0,76.0,68.0,82.0,0.0,78.0,76.0,0,65,60,70.0,54.0,74.0,62.0,53,48,73,67
0,0.0,0.0,22.0,0.0,0.0,77.0,85.0,88.0,78.0,67.0,70.0,0.0,81.0,79.0,0,65,60,65.0,61.0,57.0,68.0,52,60,56,52
0,0.0,0.0,29.0,0.0,0.0,77.0,80.0,82.0,85.0,79.0,77.0,0.0,82.0,77.0,0,64,59,63.0,74.0,54.0,65.0,66,73,53,50
0,0.0,0.0,57.0,2.0,6.0,77.0,87.0,88.0,76.0,71.0,77.0,0.0,82.0,76.0,0,68,64,65.0,60.0,54.0,72.0,53,59,53,49
0,0.0,0.0,8.0,0.0,0.0,76.0,85.0,88.0,82.0,72.0,75.0,0.0,75.0,79.0,0,65,61,61.0,53.0,72.0,71.0,46,52,63,71
0,0.0,0.0,14.0,0.0,0.0,76.0,79.0,85.0,82.0,65.0,72.0,0.0,84.0,80.0,0,68,64,73.0,59.0,60.0,61.0,51,58,59,56
0,0.0,0.0,4.0,0.0,0.0,76.0,81.0,84.0,78.0,76.0,73.0,0.0,76.0,78.0,0,65,62,60.0,63.0,57.0,70.0,60,62,56,53
0,0.0,0.0,2.0,0.0,0.0,75.0,76.0,85.0,83.0,65.0,64.0,0.0,80.0,82.0,0,66,59,63.0,69.0,55.0,55.0,64,68,54,50
0,0.0,0.0,48.0,1.0,3.0,75.0,86.0,90.0,75.0,80.0,54.0,0.0,78.0,78.0,0,77,74,61.0,52.0,53.0,67.0,50,52,49,53
0,0.0,0.0,9.0,0.0,0.0,75.0,72.0,87.0,74.0,72.0,77.0,0.0,77.0,76.0,0,61,55,65.0,72.0,55.0,72.0,71,66,54,50
0,0.0,0.0,14.0,0.0,0.0,75.0,74.0,84.0,81.0,70.0,70.0,0.0,77.0,77.0,0,65,58,80.0,70.0,55.0,66.0,62,69,54,50
0,0.0,0.0,0.0,0.0,0.0,75.0,74.0,84.0,81.0,70.0,70.0,0.0,77.0,77.0,0,65,58,80.0,70.0,55.0,66.0,62,69,54,50
0,0.0,0.0,0.0,0.0,0.0,75.0,79.0,85.0,76.0,73.0,70.0,0.0,72.0,74.0,0,63,58,69.0,76.0,54.0,68.0,68,75,53,50
0,0.0,0.0,0.0,0.0,0.0,75.0,83.0,88.0,79.0,68.0,70.0,0.0,81.0,76.0,0,70,69,66.0,56.0,56.0,53.0,54,55,55,51
0,0.0,0.0,14.0,0.0,0.0,74.0,85.0,90.0,79.0,71.0,65.0,0.0,72.0,76.0,0,57,52,66.0,74.0,65.0,72.0,73,66,64,59
0,0.0,0.0,8.0,0.0,0.0,74.0,80.0,88.0,82.0,73.0,65.0,0.0,80.0,77.0,0,62,58,63.0,61.0,71.0,66.0,60,53,70,66
0,0.0,0.0,1.0,0.0,0.0,74.0,81.0,85.0,73.0,75.0,60.0,0.0,78.0,79.0,0,62,56,64.0,69.0,61.0,70.0,63,68,60,57
0,0.0,0.0,5.0,0.0,0.0,74.0,79.0,87.0,74.0,75.0,66.0,0.0,73.0,77.0,0,57,52,68.0,76.0,59.0,73.0,68,75,58,56
0,0.0,0.0,27.0,0.0,1.0,74.0,85.0,87.0,76.0,78.0,73.0,0.0,75.0,77.0,0,63,57,63.0,53.0,55.0,68.0,45,52,54,51
0,0.0,0.0,4.0,0.0,0.0,74.0,85.0,87.0,79.0,77.0,61.0,0.0,75.0,74.0,0,61,56,80.0,70.0,60.0,63.0,61,69,59,54
0,0.0,0.0,6.0,0.0,0.0,73.0,75.0,79.0,73.0,73.0,75.0,0.0,75.0,78.0,0,71,66,74.0,54.0,54.0,66.0,43,53,53,50
0,0.0,0.0,7.0,0.0,0.0,73.0,79.0,83.0,77.0,72.0,74.0,0.0,81.0,79.0,0,60,55,79.0,54.0,62.0,66.0,53,52,61,60
0,0.0,0.0,0.0,0.0,0.0,73.0,76.0,84.0,69.0,67.0,72.0,0.0,71.0,78.0,0,58,53,62.0,77.0,60.0,63.0,76,70,59,53
0,0.0,0.0,1.0,0.0,0.0,73.0,79.0,85.0,81.0,68.0,80.0,0.0,70.0,74.0,0,58,53,64.0,73.0,55.0,69.0,72,68,54,51
0,0.0,0.0,7.0,0.0,0.0,73.0,87.0,91.0,82.0,69.0,69.0,0.0,72.0,81.0,0,59,55,80.0,53.0,69.0,54.0,46,52,68,60
0,0.0,0.0,5.0,0.0,0.0,73.0,80.0,87.0,74.0,75.0,65.0,0.0,63.0,72.0,0,58,53,80.0,77.0,64.0,72.0,76,71,63,58
0,0.0,0.0,0.0,0.0,0.0,73.0,86.0,89.0,88.0,63.0,76.0,0.0,82.0,74.0,0,60,56,68.0,54.0,55.0,68.0,53,52,54,50
0,0.0,0.0,6.0,0.0,0.0,73.0,82.0,86.0,79.0,74.0,70.0,0.0,72.0,70.0,0,58,53,65.0,78.0,61.0,73.0,71,77,60,56
0,0.0,0.0,1.0,0.0,0.0,73.0,77.0,85.0,77.0,71.0,67.0,0.0,78.0,75.0,0,59,54,62.0,72.0,62.0,63.0,71,69,61,59
0,0.0,0.0,8.0,0.0,0.0,73.0,76.0,83.0,74.0,74.0,79.0,0.0,77.0,72.0,0,58,53,76.0,72.0,55.0,72.0,66,71,54,51
0,0.0,0.0,0.0,0.0,0.0,73.0,72.0,79.0,74.0,81.0,66.0,0.0,72.0,79.0,0,57,52,60.0,83.0,55.0,67.0,81,73,54,50
0,0.0,0.0,0.0,0.0,0.0,72.0,84.0,88.0,80.0,67.0,60.0,0.0,76.0,80.0,0,53,48,69.0,69.0,62.0,70.0,67,68,61,58
0,0.0,0.0,1.0,0.0,0.0,72.0,77.0,80.0,79.0,82.0,68.0,0.0,70.0,82.0,0,62,58,85.0,53.0,55.0,73.0,50,52,54,51
0,0.0,0.0,7.0,0.0,0.0,72.0,83.0,88.0,82.0,68.0,62.0,0.0,76.0,75.0,0,53,48,75.0,74.0,61.0,66.0,73,71,60,58
0,0.0,0.0,5.0,0.0,0.0,72.0,77.0,83.0,68.0,84.0,78.0,0.0,62.0,82.0,0,57,52,55.0,54.0,72.0,68.0,53,52,71,69
0,0.0,0.0,2.0,0.0,0.0,72.0,83.0,88.0,78.0,73.0,55.0,0.0,83.0,78.0,0,60,55,62.0,67.0,59.0,61.0,60,66,58,54
0,0.0,0.0,0.0,0.0,0.0,71.0,76.0,86.0,80.0,70.0,61.0,0.0,76.0,78.0,0,60,55,68.0,73.0,63.0,56.0,65,72,58,62
0,0.0,0.0,1.0,0.0,0.0,71.0,82.0,84.0,76.0,70.0,57.0,0.0,76.0,78.0,0,57,52,64.0,62.0,63.0,70.0,53,61,55,62
0,0.0,0.0,0.0,0.0,0.0,71.0,80.0,82.0,67.0,78.0,73.0,0.0,75.0,76.0,0,62,58,62.0,54.0,70.0,70.0,49,53,66,69
0,0.0,0.0,0.0,0.0,0.0,71.0,83.0,86.0,89.0,69.0,55.0,0.0,77.0,82.0,0,58,54,81.0,62.0,50.0,55.0,61,59,50,46
0,0.0,0.0,0.0,0.0,0.0,71.0,84.0,89.0,83.0,74.0,71.0,0.0,71.0,74.0,0,62,57,65.0,54.0,63.0,62.0,45,53,57,62
0,0.0,0.0,5.0,0.0,0.0,71.0,72.0,83.0,72.0,84.0,73.0,0.0,75.0,74.0,0,36,31,82.0,71.0,64.0,77.0,70,68,63,62
0,0.0,0.0,0.0,0.0,0.0,71.0,82.0,87.0,82.0,65.0,60.0,0.0,83.0,67.0,0,61,57,64.0,61.0,56.0,60.0,58,60,55,50
0,0.0,0.0,0.0,0.0,0.0,71.0,77.0,84.0,76.0,68.0,75.0,0.0,74.0,71.0,0,55,50,66.0,74.0,65.0,67.0,73,71,64,62
0,0.0,0.0,0.0,0.0,0.0,71.0,86.0,90.0,87.0,62.0,63.0,0.0,82.0,81.0,0,57,52,68.0,55.0,62.0,57.0,50,54,61,57
0,0.0,0.0,15.0,0.0,0.0,71.0,77.0,84.0,79.0,77.0,57.0,0.0,69.0,70.0,0,55,51,60.0,71.0,65.0,72.0,73,70,67,62
0,0.0,0.0,7.0,0.0,0.0,71.0,76.0,83.0,81.0,73.0,72.0,0.0,75.0,78.0,0,62,56,65.0,54.0,57.0,71.0,48,53,56,52
0,0.0,0.0,15.0,0.0,0.0,70.0,84.0,88.0,82.0,74.0,58.0,0.0,71.0,67.0,0,60,56,57.0,75.0,57.0,67.0,66,74,56,53
0,0.0,0.0,16.0,0.0,0.0,70.0,75.0,81.0,73.0,74.0,58.0,0.0,76.0,78.0,0,65,68,63.0,54.0,53.0,67.0,55,53,55,52
0,0.0,0.0,7.0,0.0,0.0,70.0,86.0,88.0,77.0,69.0,61.0,0.0,78.0,74.0,0,59,54,77.0,53.0,65.0,61.0,52,46,64,58
0,0.0,0.0,1.0,0.0,0.0,70.0,78.0,77.0,75.0,66.0,59.0,0.0,80.0,78.0,0,70,62,61.0,56.0,53.0,67.0,53,57,51,54
0,0.0,0.0,0.0,0.0,0.0,70.0,75.0,82.0,75.0,73.0,62.0,0.0,65.0,68.0,0,58,53,65.0,75.0,63.0,71.0,67,74,62,59
0,0.0,0.0,0.0,0.0,0.0,70.0,86.0,88.0,86.0,64.0,70.0,0.0,77.0,73.0,0,52,47,75.0,57.0,62.0,62.0,52,55,61,58
0,0.0,0.0,0.0,0.0,0.0,70.0,81.0,88.0,74.0,71.0,51.0,0.0,76.0,73.0,0,59,54,62.0,73.0,63.0,66.0,65,72,62,59
0,0.0,0.0,7.0,0.0,0.0,70.0,83.0,90.0,78.0,69.0,54.0,0.0,72.0,75.0,0,63,59,63.0,54.0,55.0,65.0,51,55,50,53
0,0.0,0.0,0.0,0.0,0.0,69.0,83.0,86.0,84.0,65.0,50.0,0.0,83.0,73.0,0,64,59,70.0,57.0,50.0,51.0,49,56,43,50
0,0.0,0.0,0.0,0.0,0.0,69.0,80.0,88.0,84.0,61.0,70.0,0.0,73.0,76.0,0,53,48,72.0,53.0,57.0,60.0,47,52,56,52
0,0.0,0.0,10.0,0.0,0.0,69.0,79.0,86.0,77.0,75.0,53.0,0.0,71.0,71.0,0,57,52,62.0,70.0,64.0,71.0,67,71,62,65
0,0.0,0.0,0.0,0.0,0.0,69.0,80.0,80.0,75.0,71.0,56.0,0.0,74.0,77.0,0,62,58,62.0,54.0,57.0,63.0,52,56,50,57
0,0.0,0.0,0.0,0.0,0.0,69.0,89.0,92.0,85.0,70.0,47.0,0.0,78.0,79.0,0,62,57,64.0,47.0,45.0,49.0,41,46,45,42
0,0.0,0.0,0.0,0.0,0.0,69.0,86.0,89.0,83.0,65.0,62.0,0.0,75.0,77.0,0,56,51,63.0,56.0,55.0,68.0,55,48,54,51
0,0.0,0.0,0.0,0.0,0.0,69.0,84.0,86.0,83.0,64.0,65.0,0.0,75.0,72.0,0,55,50,64.0,62.0,60.0,58.0,61,60,57,57
0,0.0,0.0,0.0,0.0,0.0,69.0,80.0,86.0,78.0,67.0,71.0,0.0,70.0,74.0,0,58,54,67.0,54.0,57.0,65.0,46,53,56,53
0,0.0,0.0,0.0,0.0,0.0,69.0,78.0,85.0,77.0,75.0,50.0,0.0,73.0,75.0,0,56,51,62.0,69.0,62.0,71.0,65,68,61,57
0,0.0,0.0,0.0,0.0,0.0,69.0,79.0,84.0,84.0,77.0,62.0,0.0,79.0,74.0,0,58,53,68.0,61.0,54.0,63.0,53,60,50,53
0,0.0,0.0,25.0,0.0,0.0,69.0,81.0,87.0,81.0,76.0,53.0,0.0,71.0,68.0,0,58,52,60.0,69.0,63.0,71.0,67,71,61,64
0,0.0,0.0,2.0,0.0,0.0,69.0,84.0,89.0,80.0,71.0,65.0,0.0,80.0,73.0,0,58,53,62.0,55.0,55.0,69.0,48,54,54,50
0,0.0,0.0,3.0,0.0,0.0,68.0,74.0,85.0,77.0,70.0,55.0,0.0,70.0,70.0,0,57,51,61.0,70.0,63.0,70.0,69,70,64,61
0,0.0,0.0,0.0,0.0,0.0,68.0,82.0,85.0,76.0,76.0,51.0,0.0,73.0,76.0,0,56,51,64.0,65.0,63.0,73.0,55,64,55,62
0,0.0,0.0,0.0,0.0,0.0,68.0,74.0,86.0,82.0,76.0,55.0,0.0,75.0,72.0,0,56,51,64.0,69.0,62.0,61.0,65,68,61,56
0,0.0,0.0,0.0,0.0,0.0,68.0,83.0,89.0,81.0,78.0,52.0,0.0,75.0,74.0,0,55,50,66.0,65.0,60.0,66.0,57,64,59,56
0,0.0,0.0,0.0,0.0,0.0,68.0,82.0,87.0,77.0,75.0,55.0,0.0,66.0,73.0,0,57,52,66.0,61.0,64.0,73.0,60,55,63,58
0,0.0,0.0,19.0,0.0,0.0,68.0,79.0,84.0,78.0,65.0,51.0,0.0,80.0,75.0,0,62,64,61.0,52.0,51.0,64.0,49,53,50,52
0,0.0,0.0,0.0,0.0,0.0,68.0,77.0,84.0,73.0,71.0,53.0,0.0,79.0,77.0,0,60,55,62.0,58.0,59.0,62.0,50,57,58,55
0,0.0,0.0,0.0,0.0,0.0,68.0,76.0,86.0,79.0,70.0,49.0,0.0,74.0,76.0,0,57,52,70.0,67.0,58.0,63.0,63,65,57,52
0,0.0,0.0,0.0,0.0,0.0,67.0,83.0,86.0,78.0,72.0,48.0,0.0,82.0,75.0,0,55,50,68.0,62.0,57.0,66.0,53,61,56,53
0,0.0,0.0,0.0,0.0,0.0,67.0,80.0,89.0,77.0,70.0,52.0,0.0,78.0,75.0,0,49,44,61.0,67.0,60.0,66.0,66,59,59,55
0,0.0,0.0,0.0,0.0,0.0,67.0,80.0,85.0,87.0,65.0,59.0,0.0,82.0,69.0,0,55,50,74.0,56.0,67.0,60.0,55,47,61,66
0,0.0,0.0,2.0,0.0,0.0,67.0,84.0,87.0,78.0,72.0,63.0,0.0,74.0,71.0,0,58,53,63.0,62.0,56.0,63.0,61,52,55,50
0,0.0,0.0,0.0,0.0,0.0,67.0,84.0,86.0,83.0,61.0,55.0,0.0,82.0,73.0,0,56,51,64.0,58.0,53.0,54.0,51,57,50,40
0,0.0,0.0,0.0,0.0,0.0,67.0,77.0,85.0,83.0,76.0,57.0,0.0,65.0,72.0,0,56,51,60.0,58.0,61.0,62.0,52,57,60,56
0,0.0,0.0,0.0,0.0,0.0,67.0,83.0,89.0,73.0,77.0,43.0,0.0,66.0,59.0,0,52,47,59.0,73.0,70.0,70.0,71,71,69,67
0,0.0,0.0,0.0,0.0,0.0,67.0,81.0,86.0,77.0,68.0,57.0,0.0,68.0,73.0,0,57,52,66.0,57.0,69.0,72.0,54,56,68,66
0,0.0,0.0,0.0,0.0,0.0,67.0,73.0,80.0,71.0,76.0,78.0,0.0,70.0,69.0,0,56,51,66.0,60.0,66.0,66.0,55,59,65,57
0,0.0,0.0,0.0,0.0,0.0,66.0,79.0,88.0,74.0,75.0,50.0,0.0,70.0,71.0,0,59,54,63.0,65.0,60.0,64.0,57,64,59,56
0,0.0,0.0,2.0,0.0,0.0,66.0,80.0,86.0,73.0,65.0,53.0,0.0,79.0,75.0,0,60,58,62.0,52.0,53.0,62.0,48,51,54,51
0,0.0,0.0,0.0,0.0,0.0,66.0,82.0,85.0,73.0,70.0,50.0,0.0,72.0,74.0,0,57,52,59.0,63.0,65.0,69.0,62,59,64,57
0,0.0,0.0,0.0,0.0,0.0,66.0,80.0,85.0,70.0,73.0,47.0,0.0,76.0,74.0,0,46,41,66.0,72.0,61.0,73.0,71,68,60,56
0,0.0,0.0,0.0,0.0,0.0,66.0,81.0,88.0,67.0,74.0,51.0,0.0,71.0,69.0,0,53,48,59.0,70.0,64.0,71.0,63,70,59,65
0,0.0,0.0,0.0,0.0,0.0,66.0,83.0,87.0,72.0,71.0,55.0,0.0,64.0,62.0,0,55,50,64.0,75.0,68.0,60.0,73,74,66,67
0,0.0,0.0,0.0,0.0,0.0,66.0,78.0,83.0,81.0,69.0,68.0,0.0,70.0,72.0,0,48,43,62.0,67.0,55.0,62.0,66,60,54,51
0,0.0,0.0,0.0,0.0,0.0,65.0,81.0,89.0,73.0,77.0,52.0,0.0,65.0,77.0,0,49,44,57.0,74.0,59.0,68.0,67,73,58,53
0,0.0,0.0,0.0,0.0,0.0,65.0,79.0,86.0,78.0,74.0,51.0,0.0,76.0,71.0,0,51,46,60.0,65.0,67.0,62.0,64,62,66,63
0,0.0,0.0,0.0,0.0,0.0,65.0,76.0,87.0,82.0,77.0,58.0,0.0,65.0,74.0,0,57,52,58.0,54.0,54.0,65.0,53,43,53,48
0,0.0,0.0,0.0,0.0,0.0,65.0,81.0,87.0,85.0,78.0,54.0,0.0,68.0,72.0,0,56,51,60.0,56.0,59.0,60.0,50,55,58,52
0,0.0,0.0,0.0,0.0,0.0,64.0,89.0,94.0,87.0,70.0,52.0,0.0,71.0,76.0,0,57,57,64.0,39.0,40.0,47.0,21,12,40,37
0,0.0,0.0,0.0,0.0,0.0,64.0,75.0,85.0,76.0,66.0,48.0,0.0,68.0,62.0,0,59,54,63.0,68.0,62.0,70.0,61,67,60,57
0,0.0,0.0,0.0,0.0,0.0,64.0,82.0,86.0,81.0,73.0,48.0,0.0,78.0,68.0,0,54,49,65.0,59.0,57.0,59.0,52,58,56,54
0,0.0,0.0,0.0,0.0,0.0,64.0,76.0,85.0,81.0,73.0,41.0,0.0,83.0,72.0,0,54,49,72.0,61.0,49.0,54.0,59,59,50,47
0,0.0,0.0,0.0,0.0,0.0,64.0,75.0,84.0,76.0,66.0,53.0,0.0,70.0,71.0,0,54,48,60.0,64.0,60.0,61.0,62,61,57,57
0,0.0,0.0,0.0,0.0,0.0,63.0,84.0,86.0,82.0,70.0,52.0,0.0,70.0,63.0,0,56,51,65.0,61.0,55.0,62.0,60,53,54,51
0,0.0,0.0,0.0,0.0,0.0,63.0,81.0,86.0,81.0,78.0,46.0,0.0,73.0,66.0,0,49,44,55.0,72.0,60.0,57.0,63,70,59,54
0,0.0,0.0,0.0,0.0,0.0,62.0,81.0,86.0,80.0,74.0,58.0,0.0,71.0,70.0,0,47,43,40.0,59.0,53.0,62.0,58,53,53,51
0,0.0,0.0,0.0,0.0,0.0,62.0,73.0,84.0,78.0,70.0,50.0,0.0,71.0,70.0,0,56,51,61.0,60.0,51.0,63.0,60,59,52,49
0,0.0,0.0,5.0,0.0,0.0,62.0,79.0,83.0,82.0,70.0,58.0,0.0,74.0,71.0,0,46,41,69.0,54.0,58.0,61.0,45,53,57,54
0,0.0,0.0,0.0,0.0,0.0,61.0,71.0,83.0,77.0,75.0,65.0,0.0,48.0,52.0,0,33,28,12.0,69.0,67.0,73.0,62,68,60,66
0,0.0,0.0,0.0,0.0,0.0,61.0,78.0,83.0,75.0,75.0,52.0,0.0,69.0,72.0,0,47,43,56.0,63.0,59.0,63.0,62,58,58,53
0,0.0,0.0,0.0,0.0,0.0,61.0,85.0,87.0,82.0,59.0,45.0,0.0,83.0,72.0,0,54,50,58.0,50.0,49.0,52.0,40,35,50,50
0,0.0,0.0,0.0,0.0,0.0,59.0,78.0,82.0,72.0,74.0,68.0,0.0,68.0,65.0,0,49,41,63.0,55.0,55.0,48.0,49,45,40,36
0,0.0,0.0,0.0,0.0,0.0,57.0,78.0,83.0,83.0,76.0,65.0,0.0,61.0,66.0,0,44,39,48.0,70.0,60.0,67.0,61,55,50,40
0,0.0,0.0,0.0,0.0,0.0,56.0,65.0,67.0,61.0,77.0,82.0,0.0,40.0,49.0,0,40,35,12.0,61.0,52.0,78.0,59,55,50,42
0,0.0,0.0,11.0,0.0,1.0,54.0,74.0,81.0,69.0,74.0,68.0,0.0,60.0,66.0,0,49,44,33.0,53.0,62.0,63.0,40,35,59,50
0,0.0,0.0,21.0,0.0,2.0,52.0,79.0,85.0,78.0,71.0,80.0,0.0,54.0,55.0,0,45,40,15.0,56.0,58.0,59.0,52,46,50,40
0,0.0,0.0,0.0,0.0,0.0,52.0,76.0,85.0,81.0,64.0,62.0,0.0,56.0,62.0,0,43,38,12.0,60.0,56.0,71.0,55,50,50,40
0,0.0,0.0,0.0,0.0,0.0,52.0,76.0,85.0,81.0,64.0,62.0,0.0,56.0,62.0,0,43,38,12.0,60.0,56.0,71.0,55,50,50,40
0,0.0,0.0,0.0,0.0,0.0,51.0,72.0,81.0,70.0,64.0,60.0,0.0,55.0,60.0,0,45,40,25.0,53.0,65.0,75.0,40,35,64,59
0,0.0,0.0,0.0,0.0,0.0,48.0,66.0,65.0,63.0,74.0,87.0,0.0,50.0,55.0,0,44,39,15.0,51.0,55.0,65.0,40,35,50,40
0,0.0,0.0,0.0,0.0,0.0,47.0,74.0,83.0,70.0,69.0,45.0,0.0,52.0,65.0,0,39,34,42.0,49.0,62.0,67.0,40,35,59,50
0,0.0,0.0,0.0,0.0,0.0,47.0,71.0,82.0,68.0,72.0,78.0,0.0,49.0,45.0,0,45,40,45.0,47.0,59.0,75.0,40,35,50,40
0,0.0,0.0,0.0,0.0,0.0,47.0,72.0,78.0,66.0,73.0,72.0,0.0,47.0,55.0,0,35,30,42.0,54.0,55.0,69.0,50,43,50,40
0,0.0,0.0,0.0,0.0,0.0,47.0,63.0,70.0,66.0,71.0,78.0,0.0,44.0,51.0,0,40,35,40.0,55.0,56.0,69.0,50,42,50,40
0,0.0,0.0,0.0,0.0,0.0,47.0,78.0,85.0,73.0,71.0,48.0,0.0,59.0,54.0,0,43,38,44.0,49.0,54.0,56.0,40,35,50,40
0,0.0,0.0,0.0,0.0,0.0,46.0,70.0,82.0,67.0,62.0,55.0,0.0,51.0,54.0,0,48,43,48.0,50.0,54.0,46.0,40,35,50,40
0,0.0,0.0,0.0,0.0,0.0,46.0,67.0,66.0,64.0,72.0,85.0,0.0,40.0,49.0,0,40,35,15.0,54.0,62.0,59.0,40,35,60,55
0,0.0,0.0,0.0,0.0,0.0,46.0,67.0,83.0,68.0,72.0,66.0,0.0,48.0,58.0,0,37,32,55.0,49.0,62.0,68.0,40,35,59,50
0,0.0,0.0,0.0,0.0,0.0,44.0,71.0,84.0,65.0,68.0,67.0,0.0,40.0,45.0,0,42,37,12.0,53.0,57.0,68.0,40,35,50,40
0,0.0,0.0,0.0,0.0,0.0,44.0,71.0,84.0,65.0,68.0,67.0,0.0,40.0,45.0,0,42,37,12.0,53.0,57.0,68.0,40,35,50,40
0,0.0,0.0,0.0,0.0,0.0,43.0,71.0,82.0,76.0,64.0,57.0,0.0,52.0,49.0,0,39,34,30.0,45.0,59.0,73.0,40,35,50,40
0,0.0,0.0,0.0,0.0,0.0,43.0,84.0,87.0,80.0,67.0,50.0,0.0,49.0,47.0,0,37,32,44.0,47.0,50.0,60.0,40,35,50,40
0,0.0,0.0,0.0,0.0,0.0,43.0,66.0,82.0,72.0,72.0,59.0,0.0,45.0,43.0,0,43,38,42.0,50.0,59.0,68.0,40,35,50,40
0,0.0,0.0,0.0,0.0,0.0,43.0,81.0,85.0,70.0,68.0,66.0,0.0,45.0,40.0,0,40,35,42.0,51.0,62.0,66.0,40,35,60,51
0,0.0,0.0,0.0,0.0,0.0,42.0,71.0,83.0,63.0,68.0,60.0,0.0,45.0,43.0,0,43,38,42.0,47.0,58.0,68.0,40,35,50,40
0,0.0,0.0,0.0,0.0,0.0,41.0,67.0,78.0,66.0,64.0,73.0,0.0,42.0,44.0,0,40,35,15.0,50.0,56.0,55.0,40,35,50,40
0,0.0,0.0,0.0,0.0,0.0,41.0,69.0,71.0,68.0,69.0,74.0,0.0,44.0,47.0,0,36,31,15.0,47.0,55.0,55.0,40,35,50,40
0,0.0,0.0,0.0,0.0,0.0,41.0,67.0,79.0,71.0,69.0,62.0,0.0,40.0,44.0,0,38,33,12.0,45.0,59.0,73.0,40,35,50,40
0,0.0,0.0,0.0,0.0,0.0,40.0,67.0,78.0,61.0,69.0,53.0,0.0,35.0,45.0,0,35,30,60.0,47.0,58.0,70.0,40,35,50,40
0,0.0,0.0,3.0,0.0,0.0,39.0,80.0,84.0,68.0,66.0,65.0,0.0,40.0,45.0,0,24,20,23.0,52.0,52.0,60.0,48,52,52,46
0,0.0,0.0,8.0,0.0,0.0,38.0,75.0,84.0,72.0,82.0,48.0,0.0,45.0,44.0,0,30,25,42.0,45.0,57.0,70.0,40,35,50,40
0,0.0,0.0,0.0,0.0,0.0,38.0,67.0,64.0,66.0,49.0,53.0,0.0,49.0,45.0,0,37,33,18.0,48.0,60.0,70.0,44,47,60,56
0,0.0,0.0,0.0,0.0,0.0,36.0,80.0,87.0,77.0,83.0,54.0,0.0,36.0,39.0,0,18,14,19.0,45.0,45.0,72.0,40,35,50,43
0,0.0,0.0,0.0,0.0,0.0,35.0,67.0,78.0,72.0,75.0,53.0,0.0,38.0,42.0,0,19,15,20.0,52.0,61.0,63.0,40,35,50,40
0,0.0,0.0,90.0,4.0,10.0,96.0,85.0,88.0,87.0,79.0,99.0,93.0,92.0,92.0,88,86,78,85.0,65.0,64.0,74.0,63,64,63,62
0,0.0,0.0,54.0,0.0,3.0,93.0,83.0,87.0,82.0,73.0,98.0,97.0,93.0,90.0,92,88,79,89.0,54.0,65.0,72.0,50,53,64,60
0,0.0,0.0,39.0,0.0,3.0,92.0,85.0,84.0,82.0,78.0,90.0,90.0,81.0,85.0,85,81,77,82.0,79.0,59.0,79.0,72,79,58,56
0,0.0,0.0,57.0,2.0,6.0,90.0,88.0,89.0,84.0,80.0,90.0,91.0,85.0,82.0,81,78,73,79.0,78.0,57.0,74.0,76,71,55,51
0,0.0,0.0,60.0,0.0,3.0,89.0,84.0,86.0,82.0,70.0,94.0,93.0,91.0,93.0,84,82,76,88.0,52.0,66.0,66.0,51,46,65,59
0,0.0,0.0,19.0,0.0,1.0,88.0,83.0,87.0,83.0,71.0,84.0,87.0,89.0,88.0,82,79,75,81.0,73.0,66.0,65.0,72,64,65,59
0,0.0,0.0,25.0,0.0,1.0,88.0,84.0,87.0,87.0,66.0,87.0,94.0,88.0,87.0,83,80,74,80.0,59.0,57.0,60.0,50,58,56,50
0,0.0,0.0,0.0,0.0,0.0,87.0,86.0,88.0,88.0,64.0,84.0,88.0,82.0,80.0,80,77,72,73.0,77.0,63.0,67.0,75,76,62,60
0,0.0,0.0,48.0,0.0,2.0,87.0,85.0,90.0,80.0,71.0,92.0,89.0,86.0,84.0,82,79,73,78.0,52.0,59.0,63.0,48,51,56,58
0,0.0,0.0,32.0,0.0,0.0,86.0,84.0,89.0,80.0,75.0,85.0,86.0,86.0,83.0,80,76,71,71.0,77.0,60.0,73.0,76,72,59,58
0,0.0,0.0,29.0,0.0,1.0,86.0,87.0,89.0,85.0,73.0,89.0,86.0,88.0,86.0,78,76,71,75.0,53.0,63.0,68.0,51,50,62,58
0,0.0,0.0,0.0,0.0,0.0,85.0,77.0,82.0,73.0,79.0,88.0,91.0,84.0,83.0,79,75,68,73.0,79.0,58.0,68.0,77,71,57,55
0,0.0,0.0,31.0,0.0,2.0,85.0,82.0,88.0,83.0,73.0,86.0,90.0,81.0,82.0,76,73,66,66.0,71.0,65.0,68.0,64,69,63,59
0,0.0,0.0,36.0,0.0,2.0,85.0,77.0,84.0,80.0,75.0,91.0,96.0,90.0,85.0,81,78,71,83.0,56.0,57.0,63.0,55,50,56,55
0,0.0,0.0,13.0,0.0,0.0,84.0,87.0,90.0,85.0,75.0,86.0,87.0,82.0,82.0,78,74,70,71.0,61.0,64.0,73.0,61,56,63,59
0,0.0,0.0,34.0,0.0,2.0,84.0,90.0,91.0,89.0,66.0,82.0,82.0,86.0,75.0,77,76,75,74.0,59.0,63.0,69.0,58,55,65,58
0,0.0,0.0,80.0,2.0,11.0,83.0,74.0,80.0,76.0,79.0,89.0,88.0,85.0,86.0,76,74,65,76.0,68.0,56.0,66.0,62,65,54,52
0,0.0,0.0,61.0,1.0,5.0,83.0,82.0,87.0,84.0,73.0,85.0,89.0,87.0,82.0,75,72,68,78.0,57.0,62.0,62.0,48,56,61,55
0,0.0,0.0,14.0,0.0,0.0,83.0,82.0,87.0,78.0,81.0,88.0,84.0,79.0,75.0,72,69,64,70.0,75.0,68.0,72.0,74,66,67,62
0,0.0,0.0,26.0,0.0,1.0,82.0,85.0,90.0,84.0,72.0,77.0,77.0,84.0,82.0,77,75,72,72.0,63.0,55.0,65.0,55,62,54,50
0,0.0,0.0,0.0,0.0,0.0,82.0,79.0,81.0,74.0,78.0,91.0,87.0,84.0,84.0,79,74,67,76.0,55.0,64.0,68.0,54,48,63,60
0,0.0,0.0,51.0,0.0,2.0,81.0,86.0,88.0,84.0,77.0,84.0,86.0,81.0,81.0,78,75,72,82.0,52.0,59.0,63.0,43,51,58,53
0,0.0,0.0,29.0,0.0,0.0,80.0,82.0,89.0,81.0,74.0,77.0,83.0,83.0,84.0,77,74,70,64.0,58.0,69.0,65.0,52,57,66,65
0,0.0,0.0,35.0,0.0,0.0,80.0,83.0,87.0,83.0,76.0,65.0,84.0,85.0,79.0,70,71,69,73.0,72.0,61.0,61.0,68,72,58,62
0,0.0,0.0,0.0,0.0,0.0,79.0,80.0,86.0,77.0,72.0,87.0,85.0,87.0,81.0,76,73,66,76.0,60.0,55.0,64.0,59,54,54,51
0,0.0,0.0,22.0,0.0,0.0,79.0,85.0,88.0,82.0,69.0,73.0,84.0,81.0,80.0,69,65,62,65.0,67.0,58.0,68.0,60,66,57,53
0,0.0,0.0,29.0,0.0,0.0,79.0,80.0,84.0,85.0,79.0,84.0,83.0,84.0,79.0,67,64,60,63.0,73.0,62.0,65.0,65,72,61,58
0,0.0,0.0,48.0,1.0,3.0,79.0,86.0,90.0,75.0,80.0,74.0,81.0,78.0,79.0,75,77,74,62.0,61.0,53.0,67.0,58,61,49,53
0,0.0,0.0,14.0,0.0,0.0,78.0,85.0,89.0,79.0,72.0,80.0,78.0,77.0,83.0,67,64,58,66.0,70.0,59.0,71.0,69,63,58,53
0,0.0,0.0,9.0,0.0,0.0,78.0,80.0,86.0,77.0,71.0,80.0,80.0,77.0,81.0,74,70,65,80.0,61.0,57.0,64.0,60,53,56,54
0,0.0,0.0,0.0,0.0,0.0,78.0,83.0,85.0,72.0,78.0,80.0,85.0,78.0,79.0,72,70,65,74.0,63.0,66.0,64.0,63,59,65,60
0,0.0,0.0,12.0,0.0,0.0,78.0,83.0,85.0,72.0,78.0,80.0,85.0,78.0,79.0,72,70,65,74.0,63.0,66.0,64.0,63,59,65,60
0,0.0,0.0,17.0,0.0,0.0,78.0,83.0,88.0,83.0,69.0,65.0,85.0,85.0,76.0,75,71,67,73.0,57.0,55.0,65.0,54,58,51,55
0,0.0,0.0,0.0,0.0,0.0,78.0,83.0,86.0,83.0,74.0,82.0,81.0,82.0,78.0,73,71,63,76.0,60.0,59.0,65.0,59,61,58,56
0,0.0,0.0,0.0,0.0,0.0,77.0,85.0,87.0,88.0,63.0,83.0,77.0,82.0,74.0,65,64,57,70.0,70.0,67.0,69.0,69,68,66,62
0,0.0,0.0,30.0,0.0,2.0,77.0,82.0,87.0,84.0,76.0,73.0,83.0,80.0,79.0,72,68,63,70.0,64.0,60.0,66.0,61,63,56,53
0,0.0,0.0,35.0,0.0,1.0,77.0,73.0,81.0,73.0,81.0,70.0,81.0,78.0,77.0,73,70,66,74.0,74.0,57.0,77.0,72,66,57,58
0,0.0,0.0,9.0,0.0,0.0,77.0,72.0,86.0,79.0,72.0,83.0,82.0,77.0,76.0,69,64,58,65.0,72.0,63.0,72.0,71,66,62,58
0,0.0,0.0,6.0,0.0,0.0,76.0,83.0,90.0,86.0,75.0,69.0,80.0,83.0,76.0,74,70,65,68.0,60.0,57.0,62.0,52,59,57,53
0,0.0,0.0,0.0,0.0,0.0,76.0,83.0,88.0,79.0,70.0,74.0,81.0,83.0,79.0,73,70,69,66.0,56.0,62.0,53.0,54,55,61,57
0,0.0,0.0,8.0,0.0,0.0,76.0,79.0,87.0,80.0,73.0,67.0,83.0,80.0,77.0,68,63,59,63.0,70.0,68.0,66.0,70,62,67,63
0,0.0,0.0,8.0,0.0,0.0,76.0,84.0,88.0,82.0,72.0,71.0,76.0,75.0,78.0,70,65,60,61.0,67.0,69.0,71.0,60,67,61,69
0,0.0,0.0,12.0,0.0,0.0,76.0,75.0,84.0,73.0,82.0,76.0,82.0,83.0,80.0,69,62,59,65.0,66.0,58.0,76.0,65,61,57,53
0,0.0,0.0,9.0,0.0,0.0,76.0,80.0,85.0,76.0,76.0,80.0,80.0,77.0,74.0,70,66,58,61.0,71.0,59.0,74.0,70,63,56,54
0,0.0,0.0,0.0,0.0,0.0,76.0,80.0,84.0,75.0,71.0,78.0,82.0,79.0,80.0,72,68,64,68.0,55.0,63.0,63.0,53,56,57,63
0,0.0,0.0,16.0,0.0,0.0,76.0,82.0,86.0,74.0,68.0,83.0,80.0,79.0,77.0,70,67,62,73.0,53.0,58.0,62.0,52,48,58,51
0,0.0,0.0,5.0,0.0,0.0,75.0,71.0,82.0,72.0,84.0,77.0,77.0,75.0,74.0,51,46,42,76.0,71.0,64.0,77.0,70,68,63,62
0,0.0,0.0,1.0,0.0,0.0,75.0,81.0,85.0,73.0,75.0,65.0,83.0,78.0,79.0,67,63,58,64.0,68.0,61.0,70.0,62,67,60,57
0,0.0,0.0,26.0,0.0,0.0,75.0,82.0,85.0,88.0,78.0,64.0,82.0,82.0,78.0,73,69,70,67.0,51.0,53.0,66.0,47,51,49,53
0,0.0,0.0,7.0,0.0,0.0,75.0,83.0,88.0,79.0,68.0,74.0,81.0,76.0,75.0,64,60,53,75.0,74.0,58.0,66.0,73,70,57,55
0,0.0,0.0,12.0,0.0,0.0,75.0,86.0,90.0,82.0,72.0,68.0,78.0,80.0,77.0,68,65,61,68.0,69.0,62.0,66.0,61,68,61,57
0,0.0,0.0,7.0,0.0,0.0,75.0,76.0,83.0,82.0,73.0,77.0,82.0,75.0,78.0,69,66,63,66.0,62.0,57.0,71.0,56,61,56,53
0,0.0,0.0,0.0,0.0,0.0,75.0,85.0,85.0,75.0,71.0,64.0,81.0,78.0,77.0,71,69,65,69.0,62.0,56.0,69.0,59,63,53,57
0,0.0,0.0,0.0,0.0,0.0,75.0,73.0,79.0,80.0,77.0,80.0,82.0,79.0,77.0,71,67,63,77.0,58.0,66.0,67.0,57,56,65,62
0,0.0,0.0,4.0,0.0,0.0,74.0,81.0,84.0,81.0,77.0,72.0,82.0,78.0,78.0,68,65,61,60.0,59.0,58.0,70.0,56,58,57,54
0,0.0,0.0,24.0,0.0,0.0,74.0,89.0,91.0,89.0,72.0,73.0,78.0,76.0,72.0,67,64,62,67.0,57.0,54.0,60.0,54,57,51,52
0,0.0,0.0,5.0,0.0,0.0,74.0,79.0,87.0,74.0,75.0,75.0,78.0,73.0,77.0,64,59,54,68.0,68.0,61.0,73.0,60,67,59,57
0,0.0,0.0,14.0,0.0,0.0,74.0,78.0,84.0,80.0,65.0,70.0,81.0,84.0,80.0,70,66,60,73.0,60.0,60.0,61.0,52,59,59,56
0,0.0,0.0,0.0,0.0,0.0,74.0,86.0,88.0,75.0,73.0,73.0,85.0,76.0,79.0,76,72,67,74.0,52.0,56.0,50.0,51,48,55,51
0,0.0,0.0,27.0,0.0,1.0,74.0,87.0,88.0,76.0,78.0,75.0,79.0,75.0,77.0,66,63,57,63.0,61.0,55.0,68.0,53,60,54,52
0,0.0,0.0,0.0,0.0,0.0,73.0,83.0,86.0,77.0,72.0,73.0,79.0,81.0,77.0,66,62,57,68.0,57.0,59.0,66.0,51,56,58,55
0,0.0,0.0,0.0,0.0,0.0,73.0,81.0,88.0,74.0,71.0,69.0,79.0,80.0,76.0,65,62,56,63.0,72.0,62.0,66.0,64,70,61,58
0,0.0,0.0,5.0,0.0,0.0,73.0,80.0,87.0,76.0,75.0,72.0,77.0,63.0,72.0,63,58,55,78.0,67.0,70.0,72.0,66,64,69,64
0,0.0,0.0,0.0,0.0,0.0,73.0,79.0,84.0,77.0,75.0,68.0,81.0,72.0,74.0,68,64,61,68.0,68.0,59.0,68.0,61,67,58,55
0,0.0,0.0,6.0,0.0,0.0,73.0,83.0,85.0,76.0,74.0,77.0,81.0,75.0,73.0,68,63,58,65.0,67.0,55.0,73.0,60,66,54,50
0,0.0,0.0,7.0,0.0,0.0,73.0,83.0,90.0,80.0,69.0,72.0,79.0,75.0,76.0,71,67,60,65.0,53.0,62.0,67.0,50,54,57,60
0,0.0,0.0,15.0,0.0,0.0,73.0,77.0,84.0,79.0,77.0,65.0,77.0,71.0,73.0,67,62,58,62.0,66.0,66.0,72.0,68,65,68,63
0,0.0,0.0,6.0,0.0,0.0,72.0,75.0,79.0,73.0,73.0,61.0,84.0,75.0,78.0,71,68,63,74.0,64.0,58.0,66.0,54,63,57,54
0,0.0,0.0,1.0,0.0,0.0,72.0,77.0,84.0,77.0,71.0,75.0,80.0,79.0,77.0,66,62,56,62.0,59.0,62.0,63.0,58,55,61,59
0,0.0,0.0,1.0,0.0,0.0,72.0,81.0,84.0,79.0,73.0,61.0,82.0,79.0,80.0,68,65,64,66.0,60.0,58.0,67.0,60,55,57,52
0,0.0,0.0,7.0,0.0,0.0,72.0,86.0,87.0,77.0,69.0,61.0,80.0,78.0,74.0,64,59,54,77.0,70.0,65.0,61.0,70,64,64,58
0,0.0,0.0,2.0,0.0,0.0,72.0,81.0,86.0,74.0,65.0,78.0,80.0,81.0,77.0,66,63,59,69.0,53.0,56.0,62.0,49,52,57,54
0,0.0,0.0,6.0,0.0,0.0,71.0,82.0,87.0,80.0,71.0,72.0,81.0,77.0,77.0,63,58,53,69.0,63.0,50.0,71.0,59,62,59,54
0,0.0,0.0,25.0,0.0,0.0,71.0,81.0,87.0,81.0,76.0,68.0,78.0,72.0,68.0,63,59,53,60.0,66.0,66.0,71.0,63,67,64,67
0,0.0,0.0,0.0,0.0,0.0,71.0,84.0,86.0,82.0,62.0,63.0,77.0,82.0,73.0,63,58,54,64.0,78.0,60.0,54.0,71,77,58,50
0,0.0,0.0,2.0,0.0,0.0,71.0,83.0,88.0,76.0,73.0,58.0,75.0,83.0,76.0,65,60,55,62.0,68.0,61.0,61.0,61,67,60,56
0,0.0,0.0,8.0,0.0,0.0,71.0,75.0,83.0,75.0,74.0,81.0,79.0,77.0,72.0,64,59,56,75.0,56.0,71.0,72.0,50,55,70,67
0,0.0,0.0,6.0,0.0,0.0,71.0,85.0,86.0,79.0,75.0,69.0,80.0,79.0,80.0,66,61,56,63.0,55.0,57.0,64.0,53,55,55,56
0,0.0,0.0,0.0,0.0,0.0,71.0,83.0,87.0,86.0,64.0,71.0,78.0,80.0,75.0,65,61,56,66.0,57.0,54.0,60.0,58,54,50,48
0,0.0,0.0,0.0,0.0,0.0,71.0,84.0,88.0,80.0,67.0,66.0,78.0,76.0,79.0,58,53,48,69.0,62.0,62.0,70.0,60,62,61,58
0,0.0,0.0,0.0,0.0,0.0,71.0,72.0,79.0,81.0,81.0,74.0,79.0,72.0,79.0,62,59,54,60.0,60.0,64.0,67.0,58,53,63,59
0,0.0,0.0,16.0,0.0,0.0,71.0,75.0,81.0,73.0,74.0,63.0,79.0,77.0,78.0,62,64,66,63.0,66.0,54.0,67.0,67,65,55,53
0,0.0,0.0,1.0,0.0,0.0,70.0,78.0,83.0,75.0,68.0,59.0,77.0,80.0,78.0,72,68,61,61.0,56.0,53.0,67.0,53,57,51,54
0,0.0,0.0,1.0,0.0,0.0,70.0,82.0,84.0,75.0,70.0,58.0,82.0,76.0,78.0,62,57,52,64.0,66.0,60.0,70.0,58,65,53,59
0,0.0,0.0,0.0,0.0,0.0,70.0,83.0,85.0,86.0,69.0,57.0,78.0,77.0,80.0,60,58,54,79.0,62.0,50.0,55.0,61,59,50,46
0,0.0,0.0,0.0,0.0,0.0,70.0,81.0,85.0,75.0,70.0,71.0,78.0,85.0,75.0,65,60,55,62.0,58.0,61.0,65.0,56,52,62,59
0,0.0,0.0,0.0,0.0,0.0,70.0,72.0,79.0,71.0,76.0,84.0,78.0,74.0,72.0,64,59,54,66.0,60.0,62.0,66.0,55,59,61,54
0,0.0,0.0,1.0,0.0,0.0,70.0,79.0,84.0,78.0,68.0,80.0,79.0,70.0,74.0,63,58,53,64.0,62.0,56.0,69.0,61,57,55,52
0,0.0,0.0,2.0,0.0,0.0,70.0,85.0,92.0,86.0,68.0,67.0,76.0,79.0,74.0,55,52,47,64.0,73.0,57.0,59.0,67,72,56,54
0,0.0,0.0,0.0,0.0,0.0,70.0,78.0,83.0,81.0,69.0,74.0,74.0,70.0,72.0,53,48,43,62.0,71.0,72.0,62.0,70,65,71,66
0,0.0,0.0,0.0,0.0,0.0,70.0,82.0,88.0,73.0,74.0,76.0,79.0,76.0,73.0,64,60,54,64.0,55.0,60.0,63.0,54,49,59,54
0,0.0,0.0,0.0,0.0,0.0,70.0,83.0,88.0,81.0,75.0,62.0,75.0,77.0,75.0,64,59,54,60.0,61.0,61.0,70.0,58,61,60,55
0,0.0,0.0,0.0,0.0,0.0,69.0,79.0,83.0,84.0,77.0,57.0,78.0,81.0,76.0,67,63,60,69.0,61.0,55.0,63.0,56,60,51,54
0,0.0,0.0,7.0,0.0,0.0,69.0,79.0,83.0,75.0,72.0,58.0,79.0,81.0,78.0,65,59,55,78.0,53.0,62.0,66.0,52,51,61,60
0,0.0,0.0,0.0,0.0,0.0,69.0,79.0,82.0,70.0,79.0,79.0,75.0,75.0,75.0,64,61,56,62.0,53.0,60.0,70.0,48,52,56,59
0,0.0,0.0,0.0,0.0,0.0,69.0,76.0,83.0,81.0,78.0,63.0,77.0,78.0,76.0,59,54,50,60.0,64.0,59.0,71.0,62,59,58,55
0,0.0,0.0,0.0,0.0,0.0,69.0,84.0,89.0,83.0,74.0,68.0,79.0,71.0,74.0,67,62,57,65.0,53.0,63.0,62.0,44,52,57,61
0,0.0,0.0,3.0,0.0,0.0,69.0,74.0,85.0,77.0,70.0,55.0,74.0,70.0,70.0,61,57,51,61.0,71.0,63.0,70.0,69,70,64,61
0,0.0,0.0,0.0,0.0,0.0,69.0,85.0,87.0,86.0,65.0,69.0,77.0,77.0,74.0,58,53,48,75.0,61.0,61.0,62.0,56,59,59,56
0,0.0,0.0,13.0,0.0,0.0,69.0,82.0,85.0,82.0,76.0,66.0,76.0,72.0,76.0,60,56,51,61.0,62.0,63.0,68.0,60,59,61,62
0,0.0,0.0,2.0,0.0,0.0,69.0,84.0,89.0,80.0,71.0,66.0,77.0,79.0,73.0,64,59,54,62.0,53.0,61.0,69.0,47,52,60,56
0,0.0,0.0,0.0,0.0,0.0,68.0,83.0,89.0,87.0,77.0,74.0,74.0,67.0,64.0,57,52,47,59.0,61.0,69.0,70.0,60,58,68,66
0,0.0,0.0,21.0,0.0,1.0,68.0,86.0,90.0,85.0,69.0,60.0,76.0,74.0,74.0,62,60,57,64.0,56.0,53.0,65.0,53,60,52,54
0,0.0,0.0,0.0,0.0,0.0,68.0,78.0,84.0,77.0,75.0,50.0,73.0,73.0,75.0,61,56,51,62.0,69.0,62.0,70.0,65,68,61,57
0,0.0,0.0,0.0,0.0,0.0,68.0,86.0,89.0,81.0,65.0,63.0,76.0,75.0,77.0,60,56,53,63.0,56.0,55.0,68.0,55,49,54,51
0,0.0,0.0,0.0,0.0,0.0,68.0,86.0,89.0,87.0,63.0,52.0,78.0,80.0,78.0,62,57,52,68.0,56.0,61.0,57.0,51,55,60,56
0,0.0,0.0,15.0,0.0,0.0,68.0,84.0,88.0,82.0,74.0,68.0,74.0,71.0,67.0,63,60,56,57.0,60.0,53.0,75.0,52,59,53,49
0,0.0,0.0,31.0,0.0,1.0,68.0,88.0,88.0,83.0,66.0,64.0,77.0,83.0,79.0,56,50,45,77.0,55.0,64.0,56.0,54,48,63,59
0,0.0,0.0,0.0,0.0,0.0,68.0,76.0,83.0,69.0,67.0,74.0,76.0,71.0,78.0,64,60,55,62.0,55.0,60.0,63.0,54,49,59,53
0,0.0,0.0,0.0,0.0,0.0,68.0,78.0,84.0,83.0,71.0,69.0,77.0,77.0,73.0,64,60,53,66.0,55.0,60.0,63.0,54,52,58,53
0,0.0,0.0,19.0,0.0,0.0,68.0,79.0,84.0,79.0,65.0,51.0,78.0,80.0,75.0,64,62,64,61.0,54.0,61.0,64.0,50,54,57,59
0,0.0,0.0,1.0,0.0,0.0,67.0,76.0,83.0,77.0,73.0,60.0,79.0,73.0,75.0,60,57,52,64.0,63.0,57.0,66.0,64,61,58,56
0,0.0,0.0,2.0,0.0,0.0,67.0,79.0,84.0,77.0,79.0,72.0,73.0,74.0,75.0,56,52,46,75.0,52.0,63.0,73.0,51,50,62,56
0,0.0,0.0,0.0,0.0,0.0,67.0,82.0,87.0,77.0,75.0,57.0,73.0,70.0,73.0,62,57,52,66.0,62.0,64.0,73.0,61,56,63,58
0,0.0,0.0,0.0,0.0,0.0,67.0,81.0,88.0,69.0,76.0,51.0,75.0,71.0,69.0,57,52,48,59.0,70.0,64.0,71.0,63,70,59,65
0,0.0,0.0,10.0,0.0,0.0,67.0,79.0,86.0,78.0,75.0,60.0,74.0,71.0,73.0,61,57,52,62.0,57.0,64.0,71.0,55,58,62,65
0,0.0,0.0,0.0,0.0,0.0,67.0,78.0,85.0,74.0,71.0,61.0,78.0,71.0,74.0,61,59,56,62.0,61.0,59.0,65.0,61,60,60,58
0,0.0,0.0,0.0,0.0,0.0,67.0,78.0,87.0,77.0,76.0,55.0,73.0,71.0,73.0,61,55,50,65.0,68.0,64.0,70.0,65,63,61,56
0,0.0,0.0,0.0,0.0,0.0,67.0,82.0,85.0,80.0,75.0,51.0,73.0,73.0,76.0,61,56,51,64.0,65.0,63.0,73.0,55,61,55,61
0,0.0,0.0,0.0,0.0,0.0,67.0,76.0,85.0,78.0,70.0,49.0,76.0,74.0,76.0,62,57,52,70.0,67.0,58.0,63.0,63,65,57,52
0,0.0,0.0,0.0,0.0,0.0,67.0,77.0,84.0,76.0,72.0,53.0,81.0,78.0,76.0,63,60,55,62.0,58.0,59.0,62.0,50,57,58,55
0,0.0,0.0,0.0,0.0,0.0,66.0,62.0,73.0,67.0,83.0,56.0,68.0,63.0,59.0,51,45,41,50.0,61.0,62.0,76.0,64,59,64,62
0,0.0,0.0,0.0,0.0,0.0,66.0,80.0,89.0,77.0,70.0,54.0,80.0,78.0,75.0,54,50,45,61.0,66.0,60.0,66.0,65,58,59,55
0,0.0,0.0,0.0,0.0,0.0,66.0,86.0,86.0,79.0,66.0,57.0,75.0,78.0,74.0,63,61,59,63.0,54.0,53.0,60.0,47,52,47,49
0,0.0,0.0,0.0,0.0,0.0,66.0,82.0,87.0,84.0,77.0,52.0,78.0,76.0,76.0,65,59,53,65.0,57.0,54.0,61.0,53,50,47,43
0,0.0,0.0,0.0,0.0,0.0,66.0,85.0,90.0,81.0,70.0,58.0,78.0,78.0,74.0,59,54,49,63.0,56.0,57.0,62.0,55,52,53,50
0,0.0,0.0,0.0,0.0,0.0,66.0,81.0,86.0,77.0,68.0,59.0,72.0,68.0,73.0,62,57,52,66.0,57.0,69.0,72.0,54,56,68,66
0,0.0,0.0,0.0,0.0,0.0,66.0,81.0,87.0,86.0,71.0,56.0,75.0,73.0,74.0,65,59,52,61.0,62.0,57.0,63.0,57,56,52,49
0,0.0,0.0,2.0,0.0,0.0,66.0,84.0,87.0,80.0,72.0,60.0,78.0,74.0,71.0,63,58,53,63.0,62.0,56.0,63.0,61,52,55,50
0,0.0,0.0,0.0,0.0,0.0,65.0,85.0,87.0,78.0,74.0,62.0,74.0,69.0,71.0,60,56,52,59.0,57.0,57.0,67.0,55,52,53,50
0,0.0,0.0,0.0,0.0,0.0,65.0,76.0,86.0,78.0,77.0,59.0,74.0,65.0,74.0,62,57,52,58.0,55.0,59.0,65.0,54,47,58,53
0,0.0,0.0,3.0,0.0,0.0,65.0,77.0,84.0,81.0,71.0,59.0,78.0,76.0,74.0,60,61,53,59.0,56.0,55.0,66.0,54,52,52,54
0,0.0,0.0,0.0,0.0,0.0,65.0,81.0,86.0,75.0,78.0,56.0,70.0,73.0,68.0,66,61,55,67.0,65.0,51.0,58.0,57,64,47,50
0,0.0,0.0,0.0,0.0,0.0,65.0,77.0,84.0,79.0,73.0,57.0,77.0,65.0,72.0,61,56,50,60.0,58.0,61.0,62.0,52,57,60,56
0,0.0,0.0,0.0,0.0,0.0,65.0,81.0,87.0,80.0,74.0,56.0,73.0,68.0,72.0,61,56,51,60.0,61.0,59.0,60.0,55,59,58,52
0,0.0,0.0,0.0,0.0,0.0,64.0,88.0,92.0,87.0,70.0,52.0,77.0,71.0,76.0,57,57,57,64.0,44.0,40.0,47.0,40,35,40,37
0,0.0,0.0,0.0,0.0,0.0,64.0,82.0,85.0,77.0,70.0,55.0,77.0,71.0,73.0,61,57,53,63.0,58.0,56.0,63.0,57,51,55,50
0,0.0,0.0,5.0,0.0,0.0,64.0,78.0,82.0,82.0,72.0,65.0,74.0,74.0,71.0,53,49,45,67.0,60.0,60.0,61.0,52,59,59,56
0,0.0,0.0,0.0,0.0,0.0,64.0,80.0,88.0,73.0,72.0,62.0,74.0,72.0,73.0,63,58,53,62.0,59.0,55.0,64.0,54,51,48,43
0,0.0,0.0,0.0,0.0,0.0,64.0,80.0,88.0,86.0,74.0,54.0,73.0,65.0,73.0,55,50,45,63.0,63.0,54.0,69.0,62,55,53,50
0,0.0,0.0,0.0,0.0,0.0,63.0,82.0,88.0,77.0,71.0,56.0,75.0,71.0,72.0,61,55,51,61.0,54.0,55.0,66.0,51,53,54,52
0,0.0,0.0,0.0,0.0,0.0,63.0,75.0,85.0,70.0,76.0,65.0,76.0,75.0,74.0,57,52,47,69.0,58.0,52.0,59.0,57,51,52,51
0,0.0,0.0,0.0,0.0,0.0,63.0,82.0,86.0,83.0,73.0,48.0,72.0,78.0,68.0,58,54,49,63.0,59.0,57.0,59.0,52,58,56,54
0,0.0,0.0,0.0,0.0,0.0,63.0,75.0,84.0,79.0,75.0,62.0,75.0,74.0,72.0,58,53,50,63.0,54.0,57.0,61.0,45,52,57,54
0,0.0,0.0,2.0,0.0,0.0,63.0,80.0,83.0,77.0,72.0,63.0,75.0,72.0,73.0,58,52,47,61.0,55.0,53.0,63.0,52,54,49,51
0,0.0,0.0,0.0,0.0,0.0,62.0,70.0,82.0,79.0,74.0,65.0,57.0,48.0,52.0,38,33,28,12.0,69.0,67.0,73.0,62,68,60,66
0,0.0,0.0,0.0,0.0,0.0,62.0,80.0,89.0,79.0,70.0,45.0,72.0,64.0,70.0,60,55,49,51.0,61.0,59.0,59.0,62,58,55,51
0,0.0,0.0,0.0,0.0,0.0,62.0,77.0,85.0,83.0,68.0,57.0,75.0,70.0,73.0,61,53,49,60.0,56.0,54.0,60.0,53,50,47,43
0,0.0,0.0,0.0,0.0,0.0,62.0,80.0,82.0,77.0,71.0,67.0,73.0,74.0,72.0,55,49,44,63.0,58.0,58.0,62.0,52,56,56,52
0,0.0,0.0,0.0,0.0,0.0,62.0,76.0,84.0,72.0,78.0,59.0,76.0,70.0,72.0,56,51,47,61.0,58.0,57.0,66.0,54,52,55,54
0,0.0,0.0,0.0,0.0,0.0,62.0,82.0,86.0,75.0,74.0,54.0,75.0,75.0,73.0,58,54,50,62.0,51.0,53.0,61.0,49,47,49,50
0,0.0,0.0,0.0,0.0,0.0,60.0,85.0,87.0,85.0,61.0,45.0,78.0,83.0,72.0,59,54,50,58.0,50.0,49.0,52.0,40,35,50,50
0,0.0,0.0,0.0,0.0,0.0,60.0,81.0,83.0,77.0,73.0,48.0,75.0,70.0,72.0,55,51,47,60.0,57.0,53.0,65.0,55,51,54,50
0,0.0,0.0,0.0,0.0,0.0,57.0,65.0,67.0,61.0,77.0,81.0,52.0,40.0,49.0,45,40,35,12.0,61.0,52.0,78.0,59,55,50,42
0,0.0,0.0,0.0,0.0,0.0,56.0,78.0,82.0,83.0,76.0,65.0,66.0,61.0,66.0,49,44,39,48.0,69.0,60.0,67.0,61,55,50,40
0,0.0,0.0,11.0,0.0,1.0,52.0,74.0,80.0,69.0,74.0,67.0,67.0,60.0,66.0,54,49,44,33.0,51.0,62.0,63.0,39,34,59,50
0,0.0,0.0,0.0,0.0,0.0,51.0,76.0,84.0,79.0,64.0,62.0,55.0,56.0,62.0,48,43,38,12.0,60.0,56.0,71.0,55,50,51,40
0,0.0,0.0,0.0,0.0,0.0,51.0,76.0,84.0,79.0,64.0,62.0,55.0,56.0,62.0,48,43,38,12.0,60.0,56.0,71.0,55,50,51,40
0,0.0,0.0,21.0,0.0,2.0,51.0,78.0,84.0,81.0,71.0,79.0,63.0,54.0,55.0,50,45,40,15.0,56.0,58.0,59.0,52,46,51,40
0,0.0,0.0,0.0,0.0,0.0,51.0,71.0,80.0,67.0,64.0,60.0,60.0,55.0,60.0,50,45,40,25.0,52.0,65.0,75.0,39,34,64,59
0,0.0,0.0,0.0,0.0,0.0,47.0,67.0,77.0,64.0,74.0,84.0,64.0,40.0,49.0,45,40,35,15.0,54.0,62.0,59.0,39,35,60,55
0,0.0,0.0,0.0,0.0,0.0,47.0,66.0,78.0,67.0,76.0,85.0,62.0,50.0,55.0,49,44,39,15.0,50.0,55.0,65.0,39,34,50,40
0,0.0,0.0,0.0,0.0,0.0,47.0,63.0,70.0,66.0,71.0,78.0,60.0,44.0,51.0,45,40,35,40.0,54.0,56.0,69.0,50,42,50,40
0,0.0,0.0,0.0,0.0,0.0,46.0,71.0,77.0,66.0,72.0,72.0,65.0,47.0,55.0,40,35,30,42.0,53.0,55.0,69.0,49,42,50,40
0,0.0,0.0,0.0,0.0,0.0,45.0,70.0,82.0,67.0,62.0,55.0,55.0,51.0,54.0,51,48,43,48.0,50.0,54.0,46.0,40,35,50,40
0,0.0,0.0,0.0,0.0,0.0,45.0,70.0,72.0,66.0,66.0,60.0,55.0,52.0,57.0,45,40,35,65.0,56.0,60.0,65.0,52,45,50,40
0,0.0,0.0,0.0,0.0,0.0,45.0,77.0,84.0,70.0,72.0,48.0,71.0,59.0,54.0,48,43,38,44.0,49.0,54.0,56.0,40,35,50,40
0,0.0,0.0,0.0,0.0,0.0,44.0,67.0,82.0,77.0,71.0,66.0,60.0,48.0,58.0,42,37,32,55.0,49.0,62.0,68.0,40,35,59,50
0,0.0,0.0,0.0,0.0,0.0,44.0,73.0,82.0,76.0,69.0,44.0,56.0,52.0,65.0,44,39,34,42.0,49.0,61.0,67.0,40,35,58,49
0,0.0,0.0,0.0,0.0,0.0,43.0,71.0,84.0,74.0,68.0,66.0,55.0,40.0,45.0,47,42,37,12.0,51.0,57.0,68.0,39,34,50,40
0,0.0,0.0,0.0,0.0,0.0,43.0,71.0,84.0,74.0,68.0,66.0,55.0,40.0,45.0,47,42,37,12.0,51.0,57.0,68.0,39,34,50,40
0,0.0,0.0,0.0,0.0,0.0,43.0,81.0,84.0,70.0,73.0,66.0,60.0,45.0,40.0,45,40,35,42.0,49.0,62.0,66.0,39,34,60,51
0,0.0,0.0,0.0,0.0,0.0,43.0,79.0,88.0,84.0,70.0,65.0,58.0,48.0,43.0,41,38,33,48.0,48.0,52.0,63.0,49,50,50,40
0,0.0,0.0,0.0,0.0,0.0,42.0,66.0,78.0,71.0,66.0,62.0,57.0,40.0,44.0,43,38,33,12.0,45.0,59.0,73.0,40,35,50,40
0,0.0,0.0,0.0,0.0,0.0,42.0,69.0,83.0,65.0,69.0,53.0,59.0,50.0,56.0,46,41,36,41.0,48.0,60.0,64.0,40,35,50,40
0,0.0,0.0,0.0,0.0,0.0,42.0,71.0,82.0,72.0,67.0,57.0,61.0,52.0,49.0,44,39,34,30.0,45.0,59.0,73.0,40,35,50,40
0,0.0,0.0,0.0,0.0,0.0,41.0,84.0,86.0,79.0,67.0,50.0,60.0,49.0,47.0,42,37,32,44.0,47.0,50.0,60.0,40,35,50,40
0,0.0,0.0,0.0,0.0,0.0,41.0,66.0,81.0,63.0,72.0,59.0,66.0,45.0,43.0,48,43,38,42.0,50.0,59.0,68.0,40,35,50,40
0,0.0,0.0,0.0,0.0,0.0,40.0,70.0,82.0,74.0,67.0,60.0,61.0,45.0,43.0,48,43,38,42.0,47.0,58.0,68.0,40,35,50,40
0,0.0,0.0,3.0,0.0,0.0,39.0,80.0,84.0,68.0,66.0,65.0,45.0,40.0,45.0,27,24,20,23.0,51.0,52.0,60.0,47,51,52,46
0,0.0,0.0,0.0,0.0,0.0,39.0,67.0,77.0,66.0,73.0,73.0,58.0,42.0,44.0,45,40,35,15.0,50.0,56.0,55.0,40,35,50,40
0,0.0,0.0,0.0,0.0,0.0,39.0,69.0,71.0,68.0,69.0,74.0,64.0,44.0,47.0,41,36,31,15.0,47.0,55.0,55.0,40,35,50,40
0,0.0,0.0,8.0,0.0,0.0,38.0,75.0,83.0,72.0,82.0,48.0,56.0,45.0,44.0,35,30,25,42.0,45.0,57.0,69.0,40,35,50,40
0,0.0,0.0,2.0,0.0,0.0,38.0,67.0,76.0,77.0,71.0,52.0,57.0,40.0,44.0,43,38,33,12.0,45.0,53.0,64.0,40,35,50,40
0,0.0,0.0,0.0,0.0,0.0,37.0,80.0,87.0,79.0,81.0,54.0,53.0,36.0,39.0,22,18,14,19.0,45.0,45.0,72.0,40,35,50,43
0,0.0,0.0,0.0,0.0,0.0,37.0,67.0,77.0,61.0,64.0,53.0,55.0,35.0,45.0,40,35,30,60.0,47.0,58.0,69.0,40,35,50,40
0,0.0,0.0,0.0,0.0,0.0,36.0,67.0,78.0,70.0,75.0,53.0,43.0,38.0,42.0,24,19,15,20.0,51.0,61.0,63.0,39,34,50,40
77,260.0,31.0,90.0,4.0,10.0,99.0,86.0,89.0,86.0,79.0,98.0,97.0,93.0,91.0,90,85,79,87.0,69.0,66.0,74.0,65,66,64,63
76,250.0,27.0,57.0,2.0,6.0,97.0,88.0,89.0,84.0,82.0,96.0,91.0,91.0,86.0,85,82,76,85.0,77.0,62.0,78.0,76,71,62,58
77,253.0,25.0,48.0,1.0,3.0,93.0,86.0,90.0,80.0,79.0,97.0,95.0,89.0,89.0,84,80,77,82.0,68.0,54.0,67.0,63,66,50,54
78,255.0,28.0,31.0,0.0,1.0,91.0,90.0,90.0,84.0,70.0,92.0,90.0,88.0,85.0,86,81,78,83.0,59.0,62.0,56.0,59,55,62,58
78,268.0,32.0,78.0,4.0,5.0,89.0,80.0,85.0,78.0,80.0,99.0,87.0,90.0,87.0,73,69,61,75.0,72.0,68.0,75.0,68,67,66,64
77,251.0,24.0,30.0,0.0,2.0,88.0,83.0,87.0,84.0,80.0,90.0,95.0,87.0,83.0,80,78,71,78.0,66.0,61.0,66.0,63,65,59,56
78,250.0,25.0,26.0,0.0,0.0,87.0,83.0,86.0,88.0,78.0,91.0,91.0,92.0,88.0,79,76,69,78.0,58.0,57.0,66.0,55,58,51,55
78,245.0,20.0,21.0,0.0,1.0,86.0,91.0,92.0,81.0,71.0,84.0,89.0,88.0,85.0,81,77,72,79.0,56.0,59.0,63.0,52,55,53,56
76,256.0,26.0,35.0,0.0,0.0,85.0,83.0,87.0,84.0,76.0,89.0,86.0,85.0,84.0,73,72,69,75.0,74.0,60.0,61.0,68,73,58,60
77,250.0,26.0,32.0,0.0,0.0,85.0,82.0,88.0,79.0,75.0,85.0,93.0,86.0,85.0,78,75,70,76.0,70.0,58.0,73.0,69,65,57,56
77,250.0,30.0,54.0,0.0,3.0,84.0,81.0,85.0,82.0,73.0,94.0,94.0,86.0,83.0,78,74,68,81.0,56.0,62.0,68.0,52,56,61,57
78,257.0,28.0,29.0,0.0,0.0,84.0,80.0,83.0,85.0,79.0,88.0,92.0,83.0,86.0,77,74,67,67.0,64.0,61.0,65.0,60,64,59,56
76,257.0,24.0,21.0,0.0,1.0,83.0,87.0,90.0,85.0,72.0,87.0,87.0,84.0,83.0,74,71,67,75.0,66.0,62.0,65.0,60,65,58,61
76,249.0,23.0,24.0,0.0,0.0,82.0,89.0,91.0,89.0,72.0,78.0,94.0,82.0,78.0,76,73,73,72.0,58.0,57.0,60.0,55,58,54,55
77,254.0,34.0,48.0,0.0,2.0,82.0,84.0,89.0,80.0,71.0,84.0,83.0,87.0,84.0,77,72,71,80.0,59.0,57.0,63.0,53,57,55,57
77,244.0,25.0,25.0,0.0,0.0,81.0,81.0,87.0,81.0,76.0,81.0,90.0,82.0,84.0,73,67,63,72.0,67.0,61.0,72.0,63,67,56,61
75,240.0,26.0,34.0,0.0,2.0,81.0,89.0,90.0,87.0,66.0,77.0,85.0,85.0,79.0,75,71,72,73.0,58.0,62.0,69.0,58,55,61,55
76,254.0,26.0,31.0,0.0,2.0,80.0,81.0,87.0,82.0,73.0,80.0,80.0,85.0,83.0,75,72,64,76.0,66.0,62.0,68.0,62,66,62,58
76,246.0,25.0,26.0,0.0,1.0,80.0,86.0,90.0,84.0,72.0,76.0,79.0,85.0,82.0,74,71,68,73.0,63.0,64.0,65.0,55,62,62,57
77,237.0,27.0,0.0,0.0,0.0,80.0,85.0,90.0,81.0,74.0,81.0,96.0,83.0,78.0,74,70,65,77.0,60.0,56.0,62.0,60,57,53,50
78,260.0,28.0,14.0,0.0,0.0,79.0,83.0,88.0,77.0,73.0,86.0,88.0,83.0,81.0,72,68,64,73.0,63.0,58.0,71.0,63,59,57,52
78,267.0,37.0,35.0,0.0,1.0,79.0,72.0,80.0,72.0,82.0,84.0,82.0,80.0,77.0,67,61,55,72.0,76.0,64.0,76.0,76,71,62,63
75,248.0,26.0,27.0,0.0,1.0,79.0,87.0,88.0,79.0,78.0,79.0,82.0,84.0,80.0,76,70,67,72.0,60.0,57.0,68.0,55,59,56,54
78,262.0,31.0,0.0,0.0,0.0,78.0,76.0,81.0,72.0,80.0,83.0,83.0,82.0,82.0,71,66,60,73.0,71.0,63.0,69.0,72,67,62,59
78,250.0,30.0,15.0,0.0,0.0,78.0,83.0,87.0,81.0,74.0,82.0,87.0,84.0,80.0,71,68,64,70.0,60.0,57.0,74.0,54,60,57,53
76,253.0,28.0,29.0,0.0,1.0,78.0,85.0,88.0,84.0,73.0,79.0,80.0,83.0,81.0,72,70,70,74.0,56.0,61.0,68.0,56,55,61,57
78,265.0,31.0,36.0,0.0,2.0,77.0,76.0,83.0,79.0,75.0,80.0,92.0,94.0,81.0,71,69,62,77.0,59.0,61.0,63.0,55,59,60,56
77,258.0,22.0,18.0,0.0,0.0,77.0,80.0,85.0,77.0,77.0,81.0,88.0,84.0,81.0,71,67,62,74.0,61.0,62.0,69.0,60,57,62,59
75,254.0,26.0,19.0,0.0,0.0,77.0,79.0,84.0,80.0,66.0,77.0,93.0,82.0,80.0,72,69,68,68.0,60.0,60.0,66.0,56,59,59,57
76,252.0,27.0,8.0,0.0,0.0,76.0,78.0,86.0,79.0,73.0,78.0,85.0,81.0,78.0,66,61,57,63.0,75.0,63.0,67.0,74,67,63,59
76,265.0,28.0,17.0,0.0,0.0,76.0,87.0,89.0,83.0,69.0,76.0,85.0,83.0,77.0,72,67,65,73.0,57.0,57.0,65.0,53,57,53,57
76,270.0,28.0,9.0,0.0,0.0,76.0,74.0,85.0,77.0,76.0,82.0,80.0,79.0,78.0,66,62,57,69.0,78.0,64.0,74.0,75,70,63,59
75,245.0,27.0,22.0,0.0,0.0,76.0,85.0,88.0,82.0,69.0,71.0,84.0,81.0,82.0,69,66,66,65.0,59.0,60.0,68.0,56,60,60,56
79,260.0,34.0,61.0,1.0,5.0,75.0,81.0,86.0,80.0,73.0,80.0,89.0,89.0,84.0,65,62,57,71.0,57.0,60.0,64.0,51,57,60,54
78,250.0,26.0,13.0,0.0,0.0,75.0,87.0,90.0,85.0,75.0,71.0,82.0,83.0,81.0,68,67,61,71.0,59.0,58.0,73.0,58,54,57,53
77,267.0,27.0,0.0,0.0,0.0,75.0,81.0,85.0,75.0,70.0,81.0,84.0,84.0,81.0,70,65,62,70.0,67.0,63.0,65.0,66,62,62,59
77,245.0,30.0,0.0,0.0,0.0,74.0,78.0,85.0,76.0,72.0,82.0,86.0,83.0,81.0,71,68,61,74.0,59.0,55.0,64.0,59,54,54,51
76,265.0,25.0,15.0,0.0,0.0,74.0,77.0,84.0,79.0,79.0,72.0,81.0,78.0,77.0,67,64,60,67.0,72.0,63.0,72.0,73,70,63,58
74,242.0,23.0,0.0,0.0,0.0,74.0,86.0,86.0,75.0,71.0,73.0,81.0,78.0,80.0,70,66,63,69.0,64.0,58.0,69.0,60,64,54,58
78,262.0,22.0,23.0,0.0,0.0,73.0,82.0,86.0,73.0,76.0,73.0,84.0,80.0,82.0,70,64,61,67.0,61.0,59.0,69.0,60,61,59,56
77,258.0,23.0,5.0,0.0,0.0,73.0,88.0,91.0,82.0,70.0,74.0,84.0,79.0,80.0,66,59,62,66.0,59.0,59.0,63.0,57,59,57,58
78,265.0,33.0,5.0,0.0,0.0,73.0,70.0,81.0,71.0,84.0,75.0,79.0,75.0,73.0,53,49,44,71.0,73.0,66.0,77.0,72,69,63,62
77,255.0,24.0,9.0,0.0,0.0,73.0,80.0,86.0,88.0,74.0,67.0,81.0,81.0,81.0,66,62,55,66.0,71.0,60.0,68.0,66,70,56,59
77,260.0,27.0,0.0,0.0,0.0,72.0,83.0,87.0,74.0,71.0,79.0,83.0,81.0,76.0,69,66,62,70.0,60.0,65.0,65.0,54,60,64,61
78,240.0,26.0,0.0,0.0,0.0,72.0,83.0,87.0,85.0,64.0,77.0,84.0,82.0,78.0,68,65,61,68.0,58.0,54.0,60.0,58,54,50,48
76,243.0,29.0,16.0,0.0,0.0,72.0,83.0,87.0,74.0,76.0,78.0,82.0,77.0,78.0,68,64,63,64.0,58.0,56.0,67.0,59,57,56,54
78,250.0,28.0,9.0,0.0,0.0,71.0,79.0,85.0,76.0,71.0,72.0,80.0,78.0,79.0,67,63,59,70.0,63.0,65.0,64.0,62,55,64,62
74,246.0,26.0,0.0,0.0,0.0,71.0,80.0,86.0,83.0,73.0,77.0,83.0,80.0,79.0,69,64,60,70.0,59.0,57.0,64.0,58,56,57,53
78,255.0,29.0,0.0,0.0,0.0,70.0,78.0,83.0,81.0,76.0,80.0,74.0,70.0,72.0,57,52,47,62.0,70.0,64.0,62.0,71,66,64,59
76,245.0,29.0,7.0,0.0,0.0,70.0,81.0,87.0,78.0,68.0,75.0,82.0,76.0,75.0,67,63,56,69.0,61.0,61.0,66.0,62,59,60,58
75,260.0,25.0,7.0,0.0,0.0,70.0,83.0,90.0,80.0,69.0,69.0,77.0,75.0,76.0,68,65,58,64.0,59.0,62.0,67.0,59,56,58,61
75,250.0,21.0,6.0,0.0,0.0,70.0,84.0,89.0,78.0,75.0,67.0,77.0,75.0,77.0,70,66,61,63.0,64.0,58.0,71.0,60,64,57,54
76,250.0,24.0,13.0,0.0,0.0,70.0,82.0,85.0,82.0,76.0,76.0,81.0,78.0,79.0,66,62,58,64.0,59.0,57.0,68.0,59,58,55,56
75,247.0,21.0,4.0,0.0,0.0,70.0,85.0,88.0,84.0,73.0,58.0,80.0,78.0,77.0,69,63,58,70.0,58.0,59.0,65.0,58,56,58,56
76,258.0,25.0,6.0,0.0,0.0,69.0,82.0,87.0,80.0,71.0,68.0,76.0,79.0,78.0,66,61,56,68.0,65.0,61.0,71.0,62,65,60,55
77,243.0,23.0,7.0,0.0,0.0,69.0,82.0,87.0,78.0,72.0,64.0,80.0,80.0,75.0,69,64,60,69.0,62.0,62.0,66.0,57,62,59,61
78,257.0,26.0,4.0,0.0,0.0,69.0,81.0,84.0,81.0,77.0,64.0,77.0,79.0,80.0,62,59,57,60.0,63.0,61.0,70.0,60,62,60,57
77,243.0,26.0,0.0,0.0,0.0,69.0,83.0,88.0,78.0,70.0,69.0,79.0,82.0,79.0,68,64,62,65.0,58.0,62.0,53.0,55,57,61,57
78,255.0,31.0,14.0,0.0,0.0,69.0,72.0,82.0,80.0,72.0,71.0,79.0,77.0,77.0,70,65,59,72.0,64.0,55.0,66.0,58,64,54,50
78,255.0,31.0,0.0,0.0,0.0,69.0,72.0,82.0,80.0,72.0,71.0,79.0,77.0,77.0,70,65,59,72.0,64.0,55.0,66.0,58,64,54,50
76,230.0,24.0,0.0,0.0,0.0,69.0,86.0,88.0,84.0,69.0,69.0,78.0,86.0,80.0,69,67,66,71.0,61.0,41.0,50.0,38,33,28,25
74,245.0,29.0,7.0,0.0,0.0,69.0,84.0,86.0,76.0,69.0,70.0,80.0,78.0,74.0,65,59,55,76.0,69.0,60.0,61.0,68,63,60,55
79,255.0,27.0,0.0,0.0,0.0,68.0,81.0,84.0,71.0,78.0,68.0,79.0,79.0,78.0,67,63,59,70.0,62.0,61.0,63.0,62,58,60,55
79,255.0,27.0,12.0,0.0,0.0,68.0,81.0,84.0,71.0,78.0,68.0,79.0,79.0,78.0,67,63,59,70.0,62.0,61.0,63.0,62,58,60,55
79,258.0,30.0,0.0,0.0,0.0,68.0,85.0,87.0,87.0,63.0,60.0,76.0,80.0,74.0,65,61,56,66.0,64.0,64.0,69.0,64,63,64,60
78,260.0,26.0,10.0,0.0,0.0,68.0,79.0,86.0,78.0,75.0,68.0,82.0,72.0,73.0,67,62,57,63.0,61.0,60.0,71.0,56,61,56,59
77,249.0,24.0,3.0,0.0,0.0,68.0,77.0,84.0,81.0,71.0,63.0,81.0,79.0,77.0,65,65,58,61.0,67.0,61.0,66.0,65,63,56,59
76,245.0,27.0,0.0,0.0,0.0,68.0,84.0,87.0,79.0,67.0,62.0,77.0,81.0,78.0,66,62,56,68.0,59.0,60.0,65.0,56,58,59,56
75,238.0,24.0,4.0,0.0,0.0,68.0,83.0,85.0,79.0,78.0,65.0,82.0,80.0,78.0,65,62,58,65.0,63.0,56.0,67.0,56,62,52,54
78,261.0,28.0,7.0,0.0,0.0,68.0,75.0,82.0,81.0,73.0,67.0,81.0,75.0,77.0,67,64,60,65.0,60.0,60.0,70.0,56,60,60,57
80,240.0,24.0,0.0,0.0,0.0,67.0,84.0,83.0,76.0,71.0,70.0,81.0,78.0,74.0,67,63,58,67.0,56.0,58.0,58.0,54,51,57,53
76,257.0,29.0,14.0,0.0,0.0,67.0,77.0,83.0,78.0,65.0,70.0,80.0,81.0,77.0,68,61,56,68.0,59.0,58.0,61.0,54,59,57,54
78,263.0,29.0,0.0,0.0,0.0,67.0,78.0,81.0,69.0,79.0,71.0,74.0,75.0,75.0,64,61,56,62.0,69.0,61.0,72.0,60,65,57,60
76,260.0,27.0,6.0,0.0,0.0,67.0,81.0,84.0,74.0,74.0,70.0,82.0,76.0,74.0,65,60,54,64.0,62.0,60.0,73.0,57,62,59,55
76,253.0,25.0,0.0,0.0,0.0,67.0,80.0,86.0,75.0,71.0,64.0,77.0,79.0,79.0,65,61,57,68.0,58.0,63.0,63.0,55,58,57,63
77,245.0,23.0,0.0,0.0,0.0,66.0,80.0,85.0,78.0,77.0,74.0,79.0,73.0,74.0,64,57,51,61.0,58.0,57.0,73.0,55,58,56,55
75,230.0,28.0,0.0,0.0,0.0,66.0,83.0,88.0,82.0,74.0,62.0,82.0,71.0,74.0,66,61,57,65.0,59.0,62.0,62.0,54,59,57,61
77,252.0,27.0,2.0,0.0,0.0,66.0,83.0,89.0,80.0,71.0,69.0,77.0,77.0,73.0,65,59,54,62.0,59.0,63.0,69.0,54,59,63,60
77,254.0,23.0,1.0,0.0,0.0,66.0,82.0,86.0,71.0,72.0,70.0,79.0,80.0,79.0,65,60,55,60.0,59.0,57.0,64.0,53,57,52,56
77,259.0,23.0,5.0,0.0,0.0,66.0,79.0,84.0,84.0,74.0,61.0,77.0,75.0,75.0,64,59,52,62.0,65.0,59.0,70.0,64,61,55,58
75,257.0,24.0,0.0,0.0,0.0,66.0,81.0,88.0,76.0,76.0,54.0,79.0,78.0,79.0,64,61,52,63.0,62.0,64.0,67.0,52,62,63,60
76,253.0,22.0,0.0,0.0,0.0,66.0,83.0,88.0,80.0,75.0,66.0,81.0,77.0,76.0,64,57,50,60.0,60.0,58.0,64.0,53,59,57,58
77,250.0,24.0,6.0,0.0,0.0,66.0,85.0,86.0,79.0,75.0,65.0,80.0,79.0,78.0,66,61,56,63.0,55.0,57.0,64.0,53,55,55,56
78,258.0,27.0,0.0,0.0,0.0,66.0,77.0,84.0,76.0,75.0,66.0,76.0,75.0,76.0,62,57,52,62.0,65.0,62.0,70.0,61,64,62,58
77,253.0,33.0,5.0,0.0,0.0,66.0,78.0,86.0,75.0,75.0,73.0,76.0,63.0,71.0,63,58,55,64.0,64.0,57.0,73.0,64,62,56,52
77,235.0,26.0,0.0,0.0,0.0,65.0,77.0,83.0,72.0,72.0,67.0,82.0,80.0,78.0,65,61,53,65.0,58.0,57.0,64.0,58,54,55,51
77,243.0,27.0,2.0,0.0,0.0,65.0,82.0,88.0,76.0,73.0,63.0,76.0,80.0,74.0,61,56,51,62.0,64.0,62.0,66.0,61,64,62,61
76,240.0,22.0,10.0,0.0,0.0,65.0,84.0,87.0,86.0,67.0,63.0,78.0,77.0,76.0,63,57,53,61.0,58.0,59.0,61.0,53,57,54,57
74,235.0,23.0,8.0,0.0,0.0,65.0,85.0,88.0,82.0,69.0,60.0,75.0,76.0,75.0,61,58,56,67.0,58.0,60.0,63.0,54,58,59,55
80,268.0,30.0,8.0,0.0,0.0,65.0,74.0,82.0,73.0,74.0,78.0,78.0,76.0,72.0,62,58,54,71.0,59.0,60.0,72.0,54,59,60,56
74,248.0,23.0,0.0,0.0,0.0,65.0,83.0,87.0,84.0,72.0,57.0,78.0,80.0,76.0,63,61,58,67.0,56.0,55.0,58.0,56,54,52,56
79,251.0,22.0,8.0,0.0,0.0,65.0,80.0,86.0,78.0,73.0,66.0,83.0,81.0,78.0,62,54,48,68.0,58.0,57.0,64.0,56,59,54,57
80,265.0,24.0,2.0,0.0,0.0,65.0,80.0,83.0,77.0,72.0,68.0,80.0,73.0,74.0,63,57,53,63.0,61.0,63.0,63.0,57,60,57,61
77,251.0,26.0,1.0,0.0,0.0,64.0,76.0,83.0,77.0,73.0,63.0,79.0,74.0,76.0,61,58,53,64.0,61.0,57.0,66.0,62,59,58,56
75,256.0,26.0,0.0,0.0,0.0,64.0,86.0,88.0,80.0,65.0,63.0,77.0,75.0,78.0,60,56,53,63.0,61.0,58.0,69.0,59,54,57,54
76,247.0,22.0,1.0,0.0,0.0,64.0,82.0,86.0,80.0,72.0,62.0,77.0,76.0,74.0,63,61,55,63.0,57.0,56.0,62.0,51,56,50,57
78,252.0,30.0,5.0,0.0,0.0,64.0,77.0,81.0,80.0,72.0,74.0,76.0,75.0,71.0,59,55,51,66.0,63.0,63.0,61.0,57,63,60,57
78,230.0,25.0,0.0,0.0,0.0,64.0,83.0,89.0,75.0,66.0,61.0,77.0,79.0,75.0,65,61,60,67.0,55.0,52.0,49.0,49,53,48,46
77,246.0,27.0,0.0,0.0,0.0,64.0,82.0,86.0,76.0,72.0,56.0,78.0,80.0,77.0,65,61,56,68.0,56.0,59.0,66.0,51,56,58,55
75,268.0,25.0,0.0,0.0,0.0,64.0,76.0,83.0,81.0,78.0,63.0,77.0,78.0,76.0,59,54,50,60.0,61.0,56.0,71.0,57,61,56,53
76,250.0,22.0,0.0,0.0,0.0,64.0,83.0,85.0,82.0,70.0,61.0,74.0,75.0,76.0,64,59,57,62.0,57.0,58.0,64.0,55,57,55,59
76,245.0,24.0,2.0,0.0,0.0,64.0,84.0,89.0,83.0,72.0,61.0,75.0,77.0,77.0,65,60,53,65.0,54.0,62.0,62.0,55,54,61,58
77,255.0,25.0,3.0,0.0,0.0,64.0,74.0,84.0,79.0,75.0,67.0,76.0,73.0,71.0,63,58,52,62.0,60.0,65.0,70.0,59,60,65,63
75,255.0,28.0,0.0,0.0,0.0,63.0,78.0,85.0,81.0,74.0,69.0,77.0,68.0,72.0,60,55,50,61.0,59.0,61.0,67.0,58,59,54,60
77,238.0,23.0,0.0,0.0,0.0,63.0,81.0,86.0,75.0,72.0,62.0,79.0,78.0,76.0,64,61,55,64.0,58.0,55.0,63.0,56,53,54,50
75,240.0,31.0,0.0,0.0,0.0,63.0,84.0,86.0,86.0,67.0,62.0,77.0,76.0,74.0,58,53,48,72.0,59.0,61.0,62.0,54,58,59,56
77,215.0,24.0,0.0,0.0,0.0,63.0,90.0,89.0,87.0,67.0,57.0,73.0,79.0,75.0,64,59,60,60.0,56.0,55.0,55.0,51,54,49,52
76,232.0,26.0,0.0,0.0,0.0,63.0,80.0,86.0,80.0,74.0,66.0,75.0,68.0,72.0,62,57,52,60.0,62.0,61.0,60.0,57,61,59,54
76,250.0,23.0,0.0,0.0,0.0,63.0,84.0,87.0,76.0,78.0,59.0,76.0,73.0,74.0,62,56,52,60.0,62.0,56.0,69.0,60,59,58,55
75,237.0,24.0,0.0,0.0,0.0,62.0,81.0,85.0,76.0,69.0,68.0,79.0,79.0,77.0,62,58,54,64.0,54.0,57.0,63.0,48,53,51,55
78,258.0,23.0,2.0,0.0,0.0,62.0,78.0,84.0,79.0,77.0,60.0,76.0,72.0,75.0,60,54,47,65.0,62.0,57.0,67.0,62,59,56,58
74,235.0,24.0,0.0,0.0,0.0,62.0,84.0,89.0,85.0,70.0,54.0,74.0,72.0,74.0,61,56,51,59.0,62.0,58.0,59.0,57,61,57,53
76,240.0,27.0,0.0,0.0,0.0,62.0,79.0,85.0,76.0,68.0,61.0,72.0,68.0,73.0,62,57,52,66.0,60.0,63.0,72.0,57,59,62,60
79,268.0,23.0,0.0,0.0,0.0,62.0,77.0,84.0,73.0,79.0,57.0,75.0,71.0,72.0,52,46,42,57.0,68.0,62.0,72.0,69,66,63,60
78,256.0,28.0,0.0,0.0,0.0,62.0,75.0,86.0,77.0,77.0,60.0,74.0,65.0,74.0,62,57,52,58.0,58.0,58.0,65.0,54,57,58,53
77,255.0,24.0,0.0,0.0,0.0,62.0,73.0,84.0,73.0,75.0,53.0,70.0,62.0,67.0,57,51,46,63.0,65.0,66.0,70.0,64,66,67,65
76,240.0,24.0,0.0,0.0,0.0,61.0,80.0,87.0,84.0,70.0,55.0,76.0,79.0,76.0,59,54,50,62.0,60.0,60.0,62.0,57,60,55,59
76,250.0,25.0,0.0,0.0,0.0,61.0,81.0,89.0,73.0,70.0,58.0,76.0,77.0,76.0,60,56,51,69.0,56.0,56.0,68.0,50,54,56,51
76,252.0,24.0,0.0,0.0,0.0,61.0,82.0,87.0,77.0,74.0,68.0,77.0,76.0,77.0,60,55,48,62.0,54.0,56.0,62.0,51,54,54,55
76,252.0,24.0,1.0,0.0,0.0,61.0,82.0,87.0,77.0,74.0,68.0,77.0,76.0,77.0,60,55,48,62.0,54.0,56.0,62.0,51,54,54,55
75,249.0,25.0,0.0,0.0,0.0,61.0,77.0,83.0,78.0,72.0,58.0,78.0,78.0,75.0,61,55,49,65.0,58.0,59.0,65.0,54,58,58,55
76,247.0,23.0,0.0,0.0,0.0,60.0,83.0,86.0,83.0,68.0,62.0,80.0,78.0,69.0,59,56,45,57.0,61.0,57.0,65.0,56,60,56,53
74,240.0,23.0,0.0,0.0,0.0,60.0,81.0,84.0,83.0,70.0,51.0,78.0,74.0,71.0,63,56,50,62.0,56.0,59.0,65.0,54,57,55,58
77,255.0,22.0,0.0,0.0,0.0,60.0,82.0,88.0,73.0,79.0,64.0,77.0,71.0,70.0,60,53,48,58.0,60.0,57.0,68.0,61,57,57,55
76,257.0,24.0,0.0,0.0,0.0,59.0,74.0,84.0,74.0,76.0,57.0,76.0,74.0,74.0,59,54,49,59.0,58.0,58.0,68.0,58,53,59,55
78,262.0,25.0,0.0,0.0,0.0,59.0,76.0,84.0,72.0,78.0,64.0,77.0,72.0,73.0,60,54,49,63.0,57.0,55.0,66.0,54,51,55,54
76,265.0,25.0,0.0,0.0,0.0,58.0,77.0,83.0,76.0,73.0,55.0,74.0,71.0,76.0,57,54,52,62.0,56.0,54.0,64.0,53,57,53,55
77,260.0,25.0,0.0,0.0,0.0,57.0,84.0,88.0,74.0,82.0,43.0,74.0,77.0,73.0,57,51,47,67.0,56.0,52.0,62.0,58,54,53,51
76,250.0,26.0,0.0,0.0,0.0,57.0,75.0,82.0,79.0,72.0,59.0,73.0,70.0,73.0,58,52,46,54.0,58.0,59.0,67.0,58,54,58,56
76,247.0,24.0,0.0,0.0,0.0,56.0,76.0,83.0,72.0,72.0,53.0,73.0,77.0,71.0,56,52,54,60.0,61.0,58.0,68.0,60,59,56,55
79,245.0,23.0,0.0,0.0,0.0,56.0,83.0,88.0,83.0,74.0,56.0,73.0,72.0,70.0,56,51,46,58.0,52.0,54.0,60.0,49,52,52,54
76,235.0,28.0,7.0,0.0,0.0,55.0,85.0,86.0,82.0,68.0,59.0,70.0,64.0,65.0,58,52,47,58.0,53.0,50.0,54.0,50,53,47,50
76,248.0,31.0,0.0,0.0,0.0,54.0,69.0,81.0,78.0,74.0,64.0,57.0,48.0,52.0,38,33,28,12.0,65.0,66.0,73.0,62,66,60,66
75,261.0,26.0,0.0,0.0,0.0,52.0,77.0,85.0,77.0,72.0,46.0,72.0,66.0,69.0,54,49,44,59.0,58.0,60.0,65.0,57,55,58,54
74,220.0,34.0,0.0,0.0,0.0,49.0,76.0,81.0,82.0,76.0,68.0,66.0,61.0,66.0,49,44,39,48.0,68.0,58.0,67.0,61,55,50,40
77,250.0,37.0,11.0,0.0,1.0,43.0,72.0,79.0,68.0,74.0,64.0,67.0,60.0,66.0,53,48,44,33.0,51.0,60.0,61.0,39,34,59,50
73,224.0,32.0,0.0,0.0,0.0,43.0,74.0,83.0,78.0,68.0,69.0,55.0,56.0,62.0,48,43,38,12.0,56.0,56.0,71.0,55,50,51,40
73,224.0,32.0,0.0,0.0,0.0,43.0,74.0,83.0,78.0,68.0,69.0,55.0,56.0,62.0,48,43,38,12.0,56.0,56.0,71.0,55,50,51,40
74,248.0,28.0,0.0,0.0,0.0,37.0,71.0,82.0,77.0,70.0,55.0,71.0,59.0,54.0,48,43,38,44.0,51.0,54.0,56.0,40,35,50,40
73,237.0,22.0,0.0,0.0,0.0,36.0,75.0,82.0,61.0,63.0,55.0,58.0,57.0,64.0,48,43,33,43.0,45.0,55.0,59.0,44,46,55,42
74,235.0,35.0,0.0,0.0,0.0,36.0,63.0,70.0,66.0,70.0,71.0,60.0,44.0,51.0,45,40,35,40.0,54.0,56.0,69.0,50,42,50,40
74,235.0,27.0,0.0,0.0,0.0,35.0,69.0,81.0,65.0,65.0,61.0,55.0,51.0,54.0,51,47,42,48.0,50.0,54.0,46.0,40,35,50,40
73,241.0,36.0,0.0,0.0,0.0,35.0,70.0,72.0,66.0,66.0,63.0,55.0,52.0,57.0,45,40,35,65.0,54.0,60.0,65.0,52,45,50,40
74,247.0,33.0,0.0,0.0,0.0,35.0,65.0,81.0,76.0,71.0,66.0,60.0,48.0,58.0,42,37,32,55.0,49.0,59.0,68.0,40,35,59,50
75,253.0,29.0,0.0,0.0,0.0,35.0,76.0,83.0,69.0,72.0,50.0,69.0,59.0,54.0,48,43,38,44.0,49.0,54.0,56.0,40,35,50,40
76,237.0,23.0,3.0,0.0,0.0,33.0,69.0,81.0,65.0,69.0,53.0,54.0,50.0,55.0,45,40,35,25.0,50.0,56.0,59.0,51,49,56,44
76,235.0,23.0,0.0,0.0,0.0,33.0,80.0,84.0,80.0,69.0,36.0,58.0,47.0,50.0,46,42,37,47.0,49.0,54.0,51.0,41,39,50,46
75,240.0,25.0,0.0,0.0,0.0,33.0,67.0,80.0,79.0,72.0,65.0,47.0,45.0,42.0,30,26,20,27.0,50.0,53.0,67.0,46,49,54,49
74,235.0,24.0,0.0,0.0,0.0,32.0,78.0,87.0,73.0,68.0,60.0,52.0,38.0,46.0,33,29,25,30.0,53.0,48.0,70.0,44,40,51,44
77,232.0,31.0,0.0,0.0,0.0,32.0,69.0,83.0,73.0,68.0,66.0,55.0,40.0,45.0,47,42,37,12.0,51.0,57.0,68.0,39,34,50,40
77,232.0,31.0,0.0,0.0,0.0,32.0,69.0,83.0,73.0,68.0,66.0,55.0,40.0,45.0,47,42,37,12.0,51.0,57.0,68.0,39,34,50,40
73,250.0,31.0,0.0,0.0,0.0,32.0,69.0,81.0,72.0,67.0,61.0,62.0,45.0,47.0,50,45,40,42.0,48.0,57.0,68.0,40,35,50,40
75,228.0,33.0,0.0,0.0,0.0,31.0,65.0,77.0,70.0,66.0,64.0,57.0,40.0,44.0,43,38,33,12.0,45.0,58.0,72.0,40,35,50,40
75,240.0,32.0,0.0,0.0,0.0,31.0,82.0,85.0,77.0,67.0,51.0,60.0,49.0,47.0,42,37,32,44.0,47.0,50.0,60.0,40,35,50,40
74,249.0,28.0,0.0,0.0,0.0,31.0,64.0,80.0,62.0,72.0,62.0,66.0,45.0,43.0,48,43,38,42.0,50.0,59.0,69.0,40,35,50,40
74,246.0,27.0,0.0,0.0,0.0,31.0,70.0,81.0,71.0,67.0,60.0,61.0,52.0,49.0,44,39,34,30.0,45.0,59.0,72.0,40,35,50,40
76,233.0,35.0,0.0,0.0,0.0,30.0,65.0,76.0,64.0,73.0,75.0,58.0,42.0,44.0,47,40,35,25.0,50.0,56.0,57.0,40,35,50,40
75,229.0,24.0,4.0,0.0,0.0,29.0,70.0,79.0,70.0,66.0,61.0,50.0,37.0,40.0,43,38,33,20.0,47.0,59.0,72.0,40,35,50,40
73,245.0,27.0,0.0,0.0,0.0,29.0,67.0,78.0,67.0,72.0,54.0,49.0,47.0,51.0,39,31,25,17.0,46.0,54.0,63.0,44,46,53,55
76,245.0,27.0,0.0,0.0,0.0,28.0,67.0,76.0,66.0,67.0,52.0,57.0,53.0,56.0,40,35,30,30.0,44.0,53.0,67.0,40,35,51,40
74,242.0,28.0,0.0,0.0,0.0,28.0,79.0,86.0,78.0,81.0,58.0,53.0,36.0,39.0,32,27,23,24.0,45.0,47.0,72.0,40,35,50,43
70,242.0,35.0,0.0,0.0,0.0,28.0,69.0,71.0,68.0,69.0,72.0,64.0,44.0,47.0,41,36,31,15.0,47.0,55.0,55.0,40,35,50,40
74,247.0,30.0,0.0,0.0,0.0,26.0,77.0,84.0,69.0,74.0,62.0,53.0,36.0,39.0,26,20,18,19.0,45.0,54.0,70.0,40,35,50,43
72,235.0,24.0,0.0,0.0,0.0,26.0,72.0,78.0,70.0,74.0,53.0,55.0,49.0,45.0,46,42,38,40.0,47.0,55.0,70.0,40,35,47,40
75,246.0,26.0,0.0,0.0,0.0,26.0,77.0,84.0,80.0,73.0,55.0,56.0,45.0,44.0,35,30,25,41.0,43.0,50.0,71.0,40,35,50,40
75,245.0,29.0,8.0,0.0,0.0,25.0,73.0,82.0,72.0,80.0,46.0,56.0,45.0,44.0,35,30,25,42.0,45.0,57.0,69.0,40,35,50,40
75,255.0,28.0,0.0,0.0,0.0,25.0,66.0,77.0,68.0,75.0,63.0,46.0,38.0,42.0,24,19,15,20.0,51.0,59.0,63.0,39,34,50,40
77,260.0,32.0,90.0,4.0,10.0,98.0,86.0,88.0,86.0,79.0,97.0,96.0,92.0,91.0,88,84,79,85.0,69.0,66.0,74.0,65,66,64,63
76,250.0,28.0,57.0,2.0,6.0,97.0,88.0,89.0,85.0,82.0,96.0,91.0,91.0,86.0,85,82,76,84.0,77.0,62.0,78.0,76,71,62,58
77,256.0,26.0,48.0,1.0,3.0,93.0,86.0,90.0,80.0,79.0,98.0,95.0,89.0,89.0,84,80,77,82.0,68.0,54.0,67.0,63,66,50,54
78,255.0,29.0,31.0,0.0,1.0,91.0,90.0,90.0,85.0,70.0,93.0,89.0,88.0,85.0,86,81,78,83.0,59.0,62.0,56.0,59,55,62,58
77,251.0,25.0,30.0,0.0,2.0,89.0,83.0,87.0,84.0,80.0,92.0,95.0,87.0,87.0,80,78,71,78.0,66.0,61.0,66.0,63,65,59,56
78,245.0,21.0,21.0,0.0,1.0,87.0,91.0,93.0,81.0,71.0,85.0,90.0,88.0,85.0,81,77,74,81.0,56.0,59.0,63.0,52,55,53,56
78,250.0,26.0,26.0,0.0,0.0,86.0,83.0,88.0,88.0,76.0,88.0,91.0,93.0,88.0,78,75,69,78.0,58.0,57.0,66.0,55,58,51,55
76,256.0,27.0,35.0,0.0,0.0,85.0,83.0,87.0,84.0,76.0,90.0,86.0,85.0,84.0,73,72,69,75.0,74.0,60.0,61.0,68,73,58,60
77,250.0,27.0,32.0,0.0,0.0,84.0,82.0,87.0,78.0,75.0,84.0,93.0,86.0,85.0,76,74,70,76.0,70.0,58.0,73.0,69,65,57,56
77,250.0,31.0,54.0,0.0,3.0,84.0,80.0,81.0,81.0,74.0,94.0,94.0,86.0,83.0,79,76,68,80.0,56.0,62.0,68.0,52,56,61,57
76,257.0,25.0,21.0,0.0,1.0,83.0,87.0,91.0,85.0,72.0,87.0,87.0,84.0,83.0,74,71,67,75.0,66.0,62.0,65.0,60,65,58,61
78,257.0,29.0,29.0,0.0,0.0,83.0,79.0,78.0,83.0,79.0,89.0,92.0,83.0,86.0,78,74,67,67.0,64.0,61.0,65.0,60,64,59,56
77,244.0,26.0,25.0,0.0,0.0,82.0,81.0,85.0,81.0,76.0,84.0,90.0,82.0,84.0,74,69,63,73.0,67.0,61.0,72.0,63,67,56,61
76,249.0,24.0,24.0,0.0,0.0,82.0,89.0,92.0,89.0,72.0,77.0,94.0,82.0,78.0,77,73,73,72.0,58.0,57.0,60.0,55,58,54,55
75,240.0,27.0,34.0,0.0,2.0,81.0,88.0,91.0,87.0,66.0,77.0,85.0,85.0,79.0,75,71,72,73.0,58.0,62.0,69.0,58,55,61,55
76,246.0,26.0,26.0,0.0,1.0,80.0,86.0,90.0,83.0,72.0,76.0,79.0,85.0,82.0,73,71,68,73.0,63.0,64.0,65.0,55,62,62,57
77,237.0,28.0,0.0,0.0,0.0,80.0,84.0,90.0,80.0,74.0,82.0,96.0,83.0,79.0,74,70,65,77.0,60.0,56.0,62.0,60,57,53,50
76,254.0,27.0,31.0,0.0,2.0,79.0,80.0,85.0,82.0,73.0,80.0,80.0,85.0,82.0,75,72,64,74.0,66.0,62.0,68.0,62,66,62,58
78,271.0,29.0,14.0,0.0,0.0,79.0,83.0,88.0,77.0,73.0,86.0,88.0,84.0,81.0,72,69,64,73.0,63.0,58.0,71.0,63,59,57,52
77,258.0,23.0,18.0,0.0,0.0,79.0,80.0,82.0,77.0,77.0,82.0,89.0,84.0,82.0,73,70,65,76.0,61.0,62.0,69.0,60,57,62,59
78,250.0,31.0,15.0,0.0,0.0,78.0,82.0,86.0,81.0,74.0,83.0,87.0,84.0,80.0,71,68,64,70.0,60.0,57.0,74.0,54,60,57,53
78,267.0,38.0,35.0,0.0,1.0,78.0,71.0,71.0,69.0,82.0,81.0,82.0,80.0,77.0,67,61,55,72.0,76.0,64.0,76.0,76,71,62,63
75,254.0,27.0,19.0,0.0,0.0,78.0,82.0,84.0,80.0,66.0,78.0,93.0,82.0,80.0,72,69,68,68.0,60.0,60.0,66.0,56,59,59,57
75,248.0,27.0,27.0,0.0,1.0,77.0,87.0,88.0,79.0,78.0,76.0,80.0,84.0,80.0,77,68,66,72.0,60.0,57.0,68.0,55,59,56,54
76,270.0,29.0,9.0,0.0,0.0,77.0,74.0,81.0,76.0,76.0,85.0,80.0,79.0,78.0,66,62,57,69.0,78.0,64.0,74.0,75,70,63,59
75,245.0,28.0,22.0,0.0,0.0,76.0,85.0,87.0,82.0,69.0,71.0,84.0,81.0,82.0,69,66,67,65.0,59.0,60.0,68.0,56,60,60,56
76,245.0,29.0,17.0,0.0,0.0,76.0,87.0,89.0,83.0,69.0,76.0,85.0,83.0,77.0,71,67,66,73.0,57.0,57.0,65.0,53,57,53,57
76,252.0,28.0,8.0,0.0,0.0,76.0,77.0,83.0,77.0,73.0,79.0,85.0,81.0,78.0,66,61,57,63.0,75.0,63.0,67.0,74,67,63,59
78,262.0,23.0,23.0,0.0,0.0,75.0,82.0,85.0,73.0,76.0,78.0,84.0,80.0,83.0,70,64,61,72.0,61.0,59.0,69.0,60,61,59,56
77,267.0,28.0,0.0,0.0,0.0,75.0,80.0,81.0,74.0,70.0,81.0,84.0,84.0,81.0,70,65,62,70.0,67.0,63.0,65.0,66,62,62,59
78,250.0,27.0,13.0,0.0,0.0,75.0,86.0,90.0,84.0,75.0,71.0,82.0,83.0,81.0,68,67,61,71.0,59.0,58.0,73.0,58,54,57,53
77,258.0,24.0,5.0,0.0,0.0,74.0,88.0,92.0,82.0,70.0,75.0,84.0,79.0,80.0,67,61,63,68.0,59.0,59.0,63.0,57,59,57,58
76,265.0,26.0,15.0,0.0,0.0,74.0,77.0,79.0,79.0,78.0,72.0,81.0,78.0,77.0,67,64,60,67.0,71.0,63.0,72.0,72,69,63,58
77,245.0,31.0,0.0,0.0,0.0,73.0,78.0,79.0,75.0,72.0,83.0,86.0,83.0,81.0,71,68,61,74.0,59.0,55.0,64.0,59,54,54,51
76,250.0,25.0,13.0,0.0,0.0,73.0,83.0,86.0,82.0,76.0,79.0,81.0,79.0,79.0,67,63,58,66.0,63.0,58.0,68.0,63,62,56,57
74,242.0,24.0,0.0,0.0,0.0,73.0,86.0,84.0,75.0,71.0,73.0,81.0,78.0,80.0,70,66,63,69.0,64.0,58.0,69.0,60,64,54,58
76,246.0,22.0,20.0,0.0,1.0,73.0,87.0,90.0,76.0,70.0,69.0,82.0,79.0,82.0,70,68,63,71.0,60.0,57.0,67.0,55,60,56,58
77,255.0,25.0,9.0,0.0,0.0,72.0,80.0,85.0,87.0,74.0,65.0,81.0,81.0,81.0,66,62,55,66.0,68.0,60.0,68.0,65,69,56,59
78,220.0,27.0,0.0,0.0,0.0,72.0,83.0,88.0,84.0,64.0,77.0,84.0,82.0,78.0,68,65,61,68.0,58.0,54.0,60.0,58,54,50,48
74,221.0,32.0,0.0,0.0,0.0,72.0,90.0,89.0,84.0,78.0,73.0,78.0,76.0,77.0,65,61,56,64.0,59.0,53.0,75.0,52,50,49,46
75,260.0,26.0,7.0,0.0,0.0,71.0,83.0,90.0,79.0,68.0,74.0,77.0,75.0,76.0,68,65,59,66.0,59.0,62.0,67.0,59,56,58,61
76,250.0,30.0,16.0,0.0,0.0,71.0,82.0,82.0,73.0,76.0,78.0,82.0,77.0,78.0,68,64,63,64.0,58.0,56.0,67.0,59,57,56,54
75,250.0,22.0,6.0,0.0,0.0,71.0,84.0,89.0,78.0,75.0,71.0,77.0,75.0,77.0,71,66,61,63.0,64.0,58.0,71.0,60,64,57,54
74,246.0,27.0,0.0,0.0,0.0,70.0,79.0,81.0,80.0,73.0,77.0,83.0,80.0,79.0,69,64,60,70.0,59.0,57.0,64.0,58,56,57,53
75,247.0,22.0,4.0,0.0,0.0,70.0,85.0,89.0,83.0,73.0,58.0,80.0,78.0,77.0,69,63,58,70.0,58.0,59.0,65.0,58,56,58,56
78,255.0,30.0,0.0,0.0,0.0,70.0,78.0,83.0,81.0,76.0,80.0,74.0,70.0,72.0,57,52,47,62.0,71.0,64.0,62.0,71,66,64,59
76,242.0,22.0,3.0,0.0,0.0,70.0,84.0,88.0,82.0,67.0,67.0,78.0,80.0,78.0,68,66,65,70.0,54.0,53.0,60.0,52,55,50,55
76,245.0,30.0,7.0,0.0,0.0,70.0,81.0,85.0,76.0,68.0,75.0,82.0,76.0,75.0,67,63,56,69.0,61.0,61.0,66.0,62,59,60,58
78,250.0,29.0,9.0,0.0,0.0,70.0,78.0,81.0,75.0,71.0,72.0,80.0,78.0,79.0,67,63,59,70.0,63.0,65.0,64.0,62,55,64,62
76,258.0,26.0,6.0,0.0,0.0,69.0,82.0,86.0,79.0,73.0,68.0,76.0,79.0,78.0,66,61,56,68.0,65.0,61.0,71.0,62,65,60,55
77,230.0,24.0,7.0,0.0,0.0,69.0,82.0,87.0,78.0,71.0,64.0,80.0,80.0,75.0,69,64,60,69.0,62.0,62.0,66.0,57,62,59,61
79,252.0,23.0,2.0,0.0,0.0,69.0,85.0,87.0,84.0,78.0,61.0,76.0,81.0,76.0,65,63,60,64.0,63.0,61.0,62.0,61,63,59,61
76,230.0,25.0,0.0,0.0,0.0,69.0,86.0,88.0,84.0,69.0,69.0,78.0,86.0,80.0,69,67,66,71.0,61.0,41.0,50.0,38,33,28,25
77,243.0,27.0,0.0,0.0,0.0,69.0,82.0,86.0,77.0,70.0,69.0,79.0,82.0,79.0,68,64,62,65.0,58.0,62.0,53.0,55,57,61,57
78,255.0,32.0,14.0,0.0,0.0,69.0,72.0,76.0,79.0,74.0,74.0,79.0,77.0,77.0,70,65,59,72.0,64.0,55.0,66.0,58,64,54,50
78,255.0,32.0,0.0,0.0,0.0,69.0,72.0,76.0,79.0,74.0,74.0,79.0,77.0,77.0,70,65,59,72.0,64.0,55.0,66.0,58,64,54,50
78,257.0,27.0,4.0,0.0,0.0,68.0,80.0,78.0,80.0,77.0,66.0,77.0,79.0,80.0,62,59,57,60.0,63.0,61.0,70.0,60,62,60,57
78,260.0,27.0,10.0,0.0,0.0,68.0,78.0,83.0,77.0,75.0,71.0,82.0,72.0,73.0,67,62,57,63.0,61.0,60.0,71.0,56,61,56,59
76,245.0,28.0,0.0,0.0,0.0,68.0,83.0,86.0,78.0,67.0,64.0,77.0,81.0,78.0,66,62,56,68.0,59.0,60.0,65.0,56,58,59,56
78,251.0,22.0,2.0,0.0,0.0,68.0,82.0,85.0,74.0,78.0,68.0,81.0,78.0,75.0,64,57,53,62.0,65.0,59.0,70.0,60,65,58,57
75,238.0,25.0,4.0,0.0,0.0,68.0,83.0,85.0,79.0,78.0,65.0,82.0,80.0,78.0,65,62,58,65.0,63.0,56.0,67.0,56,62,52,54
77,245.0,23.0,13.0,0.0,0.0,67.0,81.0,84.0,70.0,76.0,66.0,78.0,73.0,74.0,66,62,54,67.0,64.0,60.0,69.0,63,60,57,58
79,250.0,23.0,2.0,0.0,0.0,67.0,83.0,84.0,81.0,68.0,70.0,80.0,82.0,76.0,66,62,58,65.0,56.0,56.0,58.0,52,55,53,55
76,225.0,28.0,20.0,0.0,0.0,67.0,83.0,86.0,80.0,73.0,62.0,80.0,84.0,80.0,69,66,62,73.0,51.0,50.0,56.0,35,29,35,36
80,240.0,25.0,0.0,0.0,0.0,67.0,84.0,83.0,76.0,71.0,70.0,81.0,78.0,74.0,67,63,58,67.0,56.0,58.0,58.0,54,51,57,53
78,263.0,30.0,0.0,0.0,0.0,67.0,77.0,73.0,68.0,79.0,71.0,74.0,75.0,75.0,64,61,56,62.0,69.0,61.0,72.0,60,65,57,60
76,260.0,28.0,6.0,0.0,0.0,67.0,80.0,80.0,74.0,74.0,70.0,82.0,76.0,74.0,65,60,54,64.0,62.0,60.0,73.0,57,62,59,55
77,259.0,24.0,5.0,0.0,0.0,67.0,79.0,80.0,84.0,75.0,68.0,77.0,75.0,75.0,64,59,52,62.0,65.0,59.0,70.0,64,61,55,58
78,261.0,29.0,7.0,0.0,0.0,67.0,74.0,75.0,80.0,73.0,67.0,81.0,75.0,77.0,67,64,60,65.0,60.0,60.0,70.0,56,60,60,57
77,245.0,24.0,0.0,0.0,0.0,66.0,80.0,82.0,78.0,77.0,74.0,79.0,73.0,74.0,64,57,51,61.0,58.0,57.0,73.0,55,58,56,55
76,253.0,23.0,0.0,0.0,0.0,66.0,83.0,88.0,80.0,75.0,66.0,81.0,77.0,76.0,64,57,50,60.0,60.0,58.0,64.0,53,59,57,58
77,250.0,21.0,6.0,0.0,0.0,66.0,85.0,89.0,79.0,79.0,64.0,79.0,74.0,73.0,65,58,50,66.0,62.0,63.0,65.0,60,59,58,62
77,254.0,24.0,1.0,0.0,0.0,66.0,82.0,87.0,71.0,72.0,70.0,79.0,80.0,79.0,65,60,55,60.0,59.0,57.0,64.0,53,57,52,56
77,235.0,22.0,12.0,0.0,0.0,66.0,83.0,87.0,80.0,66.0,55.0,77.0,76.0,77.0,69,65,64,72.0,55.0,52.0,54.0,50,54,48,51
74,225.0,25.0,0.0,0.0,0.0,66.0,89.0,90.0,78.0,74.0,48.0,79.0,83.0,81.0,62,63,62,65.0,53.0,50.0,56.0,49,53,45,48
76,250.0,25.0,1.0,0.0,0.0,66.0,81.0,80.0,77.0,71.0,61.0,81.0,79.0,80.0,66,62,61,66.0,58.0,58.0,67.0,58,53,57,52
77,245.0,23.0,15.0,0.0,1.0,66.0,79.0,86.0,81.0,69.0,65.0,79.0,77.0,77.0,64,61,55,69.0,58.0,58.0,61.0,54,59,53,59
77,252.0,28.0,2.0,0.0,0.0,66.0,83.0,89.0,79.0,71.0,69.0,77.0,77.0,73.0,65,59,54,62.0,59.0,63.0,69.0,54,59,63,60
75,236.0,30.0,23.0,0.0,0.0,66.0,85.0,88.0,79.0,72.0,60.0,77.0,80.0,79.0,66,60,57,66.0,54.0,51.0,53.0,51,53,49,50
77,249.0,25.0,6.0,0.0,0.0,66.0,85.0,84.0,79.0,75.0,65.0,80.0,79.0,78.0,66,60,56,63.0,55.0,57.0,64.0,53,55,55,56
78,258.0,28.0,0.0,0.0,0.0,66.0,77.0,79.0,75.0,75.0,66.0,76.0,75.0,76.0,62,57,52,62.0,65.0,62.0,70.0,61,64,62,58
75,230.0,29.0,0.0,0.0,0.0,66.0,82.0,88.0,82.0,74.0,62.0,82.0,71.0,74.0,66,61,57,65.0,59.0,62.0,62.0,54,59,57,61
75,238.0,22.0,12.0,0.0,0.0,65.0,88.0,91.0,77.0,67.0,62.0,75.0,75.0,77.0,62,60,57,67.0,53.0,57.0,58.0,49,54,51,56
79,251.0,23.0,8.0,0.0,0.0,65.0,80.0,84.0,79.0,73.0,66.0,83.0,81.0,78.0,62,54,48,68.0,58.0,57.0,64.0,56,59,54,57
79,240.0,22.0,1.0,0.0,0.0,65.0,81.0,88.0,82.0,68.0,68.0,79.0,83.0,76.0,63,59,55,65.0,55.0,54.0,59.0,51,54,51,56
75,257.0,25.0,0.0,0.0,0.0,65.0,81.0,88.0,74.0,76.0,54.0,79.0,78.0,79.0,64,60,52,63.0,62.0,64.0,67.0,52,62,63,60
77,253.0,28.0,2.0,0.0,0.0,65.0,81.0,85.0,74.0,75.0,63.0,76.0,80.0,74.0,61,56,51,62.0,64.0,62.0,66.0,61,64,62,61
74,242.0,24.0,8.0,0.0,0.0,65.0,85.0,89.0,82.0,69.0,60.0,75.0,76.0,75.0,61,58,56,67.0,58.0,60.0,63.0,54,58,59,55
76,240.0,23.0,10.0,0.0,0.0,65.0,84.0,88.0,86.0,67.0,63.0,78.0,77.0,76.0,63,57,53,61.0,58.0,59.0,61.0,53,57,54,57
76,257.0,30.0,14.0,0.0,0.0,65.0,76.0,77.0,76.0,65.0,69.0,80.0,81.0,77.0,68,60,56,68.0,59.0,58.0,61.0,54,59,57,54
80,265.0,25.0,2.0,0.0,0.0,65.0,81.0,79.0,77.0,72.0,70.0,80.0,73.0,74.0,63,57,53,63.0,61.0,63.0,63.0,57,60,57,61
78,252.0,31.0,5.0,0.0,0.0,64.0,76.0,73.0,80.0,73.0,76.0,76.0,75.0,71.0,59,55,51,66.0,63.0,63.0,61.0,57,63,60,57
76,245.0,25.0,2.0,0.0,0.0,64.0,84.0,89.0,83.0,72.0,61.0,75.0,77.0,77.0,65,60,53,65.0,54.0,62.0,62.0,55,54,61,58
75,256.0,27.0,0.0,0.0,0.0,64.0,85.0,89.0,79.0,65.0,63.0,77.0,75.0,78.0,60,56,53,63.0,61.0,58.0,69.0,59,54,57,54
76,243.0,23.0,4.0,0.0,0.0,64.0,85.0,89.0,80.0,72.0,65.0,77.0,75.0,71.0,67,62,61,62.0,53.0,53.0,57.0,49,51,51,54
76,248.0,23.0,1.0,0.0,0.0,64.0,84.0,87.0,76.0,70.0,61.0,76.0,73.0,75.0,63,63,61,63.0,57.0,54.0,60.0,52,59,53,55
78,240.0,26.0,0.0,0.0,0.0,64.0,83.0,89.0,75.0,66.0,62.0,77.0,79.0,75.0,65,61,60,67.0,55.0,52.0,49.0,49,53,48,46
79,262.0,22.0,0.0,0.0,0.0,64.0,80.0,83.0,67.0,79.0,73.0,73.0,68.0,70.0,60,56,49,64.0,65.0,62.0,68.0,59,63,57,64
76,232.0,27.0,0.0,0.0,0.0,64.0,80.0,86.0,78.0,74.0,66.0,76.0,75.0,74.0,62,57,52,62.0,62.0,61.0,60.0,57,61,59,54
77,235.0,27.0,0.0,0.0,0.0,64.0,76.0,77.0,72.0,72.0,67.0,81.0,80.0,78.0,65,61,53,65.0,58.0,57.0,64.0,58,54,55,51
77,251.0,27.0,1.0,0.0,0.0,64.0,78.0,82.0,77.0,73.0,63.0,79.0,74.0,76.0,61,58,53,64.0,61.0,57.0,66.0,62,59,58,56
76,247.0,23.0,1.0,0.0,0.0,64.0,82.0,85.0,79.0,74.0,65.0,77.0,76.0,74.0,63,61,55,63.0,57.0,56.0,62.0,51,56,50,57
75,268.0,26.0,0.0,0.0,0.0,64.0,76.0,79.0,79.0,78.0,63.0,77.0,78.0,76.0,59,54,50,60.0,61.0,56.0,71.0,57,61,56,53
76,240.0,24.0,0.0,0.0,0.0,63.0,84.0,87.0,76.0,78.0,59.0,76.0,73.0,74.0,62,56,52,60.0,62.0,56.0,69.0,60,59,58,55
77,215.0,25.0,0.0,0.0,0.0,63.0,90.0,89.0,87.0,67.0,57.0,73.0,79.0,75.0,64,59,60,60.0,56.0,55.0,55.0,51,54,49,52
76,250.0,23.0,0.0,0.0,0.0,63.0,83.0,83.0,82.0,70.0,61.0,74.0,75.0,76.0,64,59,57,62.0,57.0,58.0,64.0,55,57,55,59
77,258.0,23.0,0.0,0.0,0.0,63.0,82.0,85.0,81.0,82.0,63.0,76.0,72.0,73.0,59,55,50,59.0,60.0,58.0,70.0,59,59,58,57
77,238.0,24.0,0.0,0.0,0.0,63.0,82.0,86.0,75.0,72.0,62.0,79.0,78.0,76.0,64,61,55,64.0,58.0,55.0,63.0,56,53,54,50
77,245.0,25.0,1.0,0.0,0.0,63.0,84.0,86.0,81.0,69.0,54.0,77.0,80.0,76.0,63,59,57,64.0,56.0,49.0,57.0,57,55,45,46
78,256.0,22.0,1.0,0.0,0.0,63.0,74.0,74.0,73.0,78.0,61.0,75.0,77.0,79.0,66,61,52,60.0,57.0,56.0,68.0,59,52,56,55
79,251.0,25.0,0.0,0.0,0.0,63.0,76.0,78.0,72.0,78.0,63.0,79.0,74.0,73.0,61,56,50,66.0,61.0,60.0,66.0,61,59,61,57
77,247.0,27.0,1.0,0.0,0.0,63.0,77.0,79.0,75.0,68.0,59.0,78.0,78.0,77.0,67,65,59,61.0,57.0,54.0,67.0,53,57,51,54
77,261.0,24.0,2.0,0.0,0.0,62.0,82.0,86.0,77.0,74.0,63.0,73.0,77.0,73.0,63,58,54,61.0,56.0,56.0,64.0,55,56,54,57
78,256.0,29.0,0.0,0.0,0.0,62.0,74.0,83.0,74.0,77.0,63.0,74.0,65.0,74.0,62,57,52,58.0,58.0,58.0,65.0,54,57,58,53
71,230.0,23.0,2.0,0.0,0.0,62.0,82.0,86.0,72.0,68.0,64.0,75.0,75.0,78.0,62,55,48,55.0,54.0,55.0,62.0,54,50,55,54
74,243.0,25.0,0.0,0.0,0.0,62.0,84.0,89.0,85.0,70.0,54.0,74.0,72.0,74.0,61,56,51,59.0,62.0,58.0,59.0,57,61,57,53
79,268.0,24.0,0.0,0.0,0.0,62.0,77.0,82.0,73.0,79.0,57.0,75.0,71.0,72.0,52,46,42,57.0,68.0,62.0,72.0,69,66,63,60
76,240.0,28.0,0.0,0.0,0.0,62.0,79.0,82.0,75.0,68.0,64.0,72.0,68.0,73.0,62,57,52,66.0,60.0,63.0,72.0,57,59,62,60
75,240.0,29.0,0.0,0.0,0.0,62.0,77.0,81.0,80.0,74.0,69.0,77.0,68.0,72.0,60,55,50,61.0,59.0,61.0,67.0,58,59,54,60
76,259.0,24.0,1.0,0.0,0.0,62.0,73.0,70.0,79.0,75.0,62.0,72.0,69.0,72.0,61,54,47,66.0,64.0,62.0,73.0,62,63,58,62
78,258.0,24.0,2.0,0.0,0.0,62.0,78.0,81.0,79.0,77.0,60.0,76.0,72.0,75.0,60,54,47,65.0,62.0,57.0,67.0,62,59,56,58
77,255.0,25.0,0.0,0.0,0.0,62.0,73.0,81.0,73.0,75.0,53.0,70.0,62.0,67.0,57,51,46,63.0,65.0,66.0,70.0,64,66,67,65
75,249.0,26.0,0.0,0.0,0.0,61.0,77.0,79.0,76.0,72.0,58.0,78.0,78.0,75.0,61,55,49,65.0,58.0,59.0,65.0,54,58,58,55
75,237.0,25.0,0.0,0.0,0.0,61.0,80.0,82.0,75.0,69.0,68.0,79.0,79.0,77.0,62,58,54,64.0,54.0,57.0,63.0,48,53,51,55
74,234.0,26.0,0.0,0.0,0.0,61.0,83.0,87.0,83.0,70.0,60.0,77.0,79.0,72.0,60,53,51,61.0,58.0,56.0,68.0,53,50,54,51
76,252.0,25.0,0.0,0.0,0.0,61.0,82.0,86.0,77.0,74.0,68.0,77.0,76.0,77.0,60,55,48,62.0,54.0,56.0,62.0,51,54,54,55
76,252.0,25.0,1.0,0.0,0.0,61.0,82.0,86.0,77.0,74.0,68.0,77.0,76.0,77.0,60,55,48,62.0,54.0,56.0,62.0,51,54,54,55
79,251.0,24.0,0.0,0.0,0.0,61.0,84.0,81.0,84.0,71.0,56.0,78.0,73.0,75.0,63,58,55,59.0,56.0,55.0,61.0,51,55,47,53
77,255.0,23.0,0.0,0.0,0.0,60.0,82.0,89.0,73.0,79.0,64.0,77.0,71.0,70.0,60,53,48,58.0,60.0,57.0,68.0,61,57,57,55
76,247.0,24.0,0.0,0.0,0.0,60.0,83.0,86.0,83.0,68.0,62.0,80.0,78.0,69.0,59,56,45,57.0,61.0,57.0,65.0,56,60,56,53
76,246.0,26.0,0.0,0.0,0.0,60.0,85.0,86.0,77.0,74.0,64.0,74.0,69.0,71.0,60,56,52,59.0,56.0,57.0,67.0,55,52,53,50
78,262.0,26.0,0.0,0.0,0.0,60.0,76.0,81.0,72.0,78.0,68.0,77.0,72.0,73.0,60,54,49,63.0,57.0,55.0,66.0,54,51,55,54
76,244.0,25.0,0.0,0.0,0.0,60.0,82.0,87.0,76.0,66.0,58.0,74.0,74.0,75.0,61,62,51,61.0,56.0,54.0,65.0,55,52,52,53
74,249.0,24.0,0.0,0.0,0.0,60.0,81.0,84.0,74.0,73.0,50.0,80.0,77.0,76.0,59,53,49,62.0,61.0,59.0,65.0,59,56,57,52
77,250.0,25.0,0.0,0.0,0.0,59.0,80.0,84.0,82.0,71.0,52.0,74.0,73.0,75.0,60,55,51,61.0,56.0,55.0,66.0,54,57,52,50
76,255.0,28.0,0.0,0.0,0.0,59.0,71.0,79.0,70.0,72.0,64.0,74.0,73.0,73.0,59,53,48,56.0,61.0,61.0,69.0,58,61,60,57
78,260.0,27.0,0.0,0.0,0.0,59.0,81.0,87.0,69.0,76.0,51.0,75.0,71.0,68.0,57,52,48,57.0,64.0,62.0,71.0,59,64,59,65
75,247.0,25.0,0.0,0.0,0.0,59.0,75.0,82.0,75.0,73.0,58.0,77.0,74.0,74.0,58,51,45,60.0,60.0,58.0,65.0,58,61,58,56
76,244.0,27.0,0.0,0.0,0.0,58.0,84.0,88.0,83.0,74.0,55.0,73.0,70.0,71.0,59,56,53,60.0,54.0,54.0,64.0,54,50,53,50
77,261.0,26.0,0.0,0.0,0.0,58.0,77.0,79.0,77.0,79.0,55.0,74.0,77.0,69.0,59,54,49,61.0,60.0,63.0,66.0,58,56,62,59
76,255.0,27.0,0.0,0.0,0.0,58.0,79.0,87.0,72.0,72.0,55.0,74.0,72.0,73.0,63,58,53,62.0,60.0,55.0,64.0,59,56,48,43
76,257.0,25.0,0.0,0.0,0.0,58.0,74.0,81.0,72.0,76.0,57.0,76.0,74.0,74.0,59,54,49,59.0,58.0,58.0,68.0,58,53,59,55
77,245.0,24.0,0.0,0.0,0.0,58.0,79.0,79.0,81.0,74.0,49.0,75.0,71.0,73.0,58,52,47,59.0,59.0,60.0,67.0,56,61,57,62
76,265.0,26.0,0.0,0.0,0.0,58.0,77.0,80.0,75.0,73.0,55.0,74.0,71.0,76.0,57,54,52,62.0,56.0,54.0,64.0,53,57,53,55
76,249.0,25.0,0.0,0.0,0.0,57.0,82.0,85.0,75.0,74.0,54.0,75.0,75.0,73.0,58,54,50,62.0,51.0,53.0,61.0,49,47,49,50
78,258.0,29.0,0.0,0.0,0.0,57.0,78.0,81.0,74.0,74.0,54.0,76.0,81.0,74.0,61,58,52,66.0,51.0,52.0,51.0,51,49,50,48
76,245.0,24.0,0.0,0.0,0.0,57.0,78.0,79.0,74.0,73.0,60.0,74.0,71.0,74.0,58,51,46,60.0,57.0,56.0,69.0,55,58,54,56
73,230.0,24.0,0.0,0.0,0.0,57.0,71.0,72.0,73.0,69.0,61.0,74.0,65.0,64.0,64,58,45,55.0,57.0,61.0,60.0,58,53,61,57
76,250.0,27.0,0.0,0.0,0.0,57.0,74.0,76.0,79.0,72.0,62.0,73.0,70.0,73.0,58,52,46,54.0,58.0,59.0,67.0,58,54,58,56
77,260.0,26.0,0.0,0.0,0.0,57.0,84.0,88.0,74.0,82.0,43.0,74.0,77.0,73.0,57,51,47,67.0,56.0,52.0,62.0,58,54,53,51
76,247.0,25.0,0.0,0.0,0.0,56.0,76.0,79.0,72.0,71.0,53.0,73.0,77.0,71.0,56,52,54,60.0,61.0,58.0,68.0,60,59,56,55
79,245.0,24.0,0.0,0.0,0.0,56.0,83.0,89.0,83.0,74.0,56.0,73.0,72.0,70.0,56,51,46,58.0,52.0,54.0,60.0,49,52,52,54
79,255.0,26.0,0.0,0.0,0.0,55.0,75.0,78.0,73.0,73.0,56.0,72.0,62.0,67.0,53,48,43,63.0,62.0,58.0,66.0,63,61,59,57
76,248.0,32.0,0.0,0.0,0.0,54.0,68.0,73.0,75.0,74.0,64.0,57.0,48.0,52.0,38,33,28,12.0,65.0,66.0,73.0,62,66,60,66
75,261.0,27.0,0.0,0.0,0.0,52.0,77.0,83.0,77.0,72.0,46.0,72.0,66.0,69.0,54,49,44,59.0,58.0,60.0,65.0,57,55,58,54
74,229.0,35.0,0.0,0.0,0.0,48.0,76.0,74.0,82.0,75.0,68.0,66.0,61.0,66.0,49,44,39,48.0,68.0,58.0,67.0,61,55,50,40
73,224.0,33.0,0.0,0.0,0.0,43.0,74.0,78.0,76.0,68.0,69.0,55.0,56.0,62.0,48,43,38,12.0,56.0,56.0,71.0,55,50,51,40
73,224.0,33.0,0.0,0.0,0.0,43.0,74.0,78.0,76.0,68.0,69.0,55.0,56.0,62.0,48,43,38,12.0,56.0,56.0,71.0,55,50,51,40
77,250.0,38.0,11.0,0.0,1.0,42.0,72.0,73.0,68.0,75.0,64.0,67.0,60.0,66.0,53,48,44,33.0,51.0,60.0,61.0,39,34,59,50
74,235.0,36.0,0.0,0.0,0.0,36.0,63.0,70.0,66.0,70.0,72.0,60.0,44.0,51.0,45,40,35,40.0,54.0,56.0,69.0,50,42,50,40
74,248.0,29.0,0.0,0.0,0.0,36.0,71.0,76.0,76.0,70.0,55.0,71.0,59.0,54.0,48,43,38,44.0,51.0,54.0,56.0,40,35,50,40
74,235.0,28.0,0.0,0.0,0.0,35.0,68.0,73.0,65.0,65.0,64.0,55.0,51.0,54.0,51,47,42,48.0,50.0,54.0,46.0,40,35,50,40
73,237.0,23.0,0.0,0.0,0.0,35.0,75.0,76.0,61.0,63.0,55.0,58.0,57.0,64.0,48,43,33,43.0,45.0,55.0,59.0,44,46,55,42
76,260.0,32.0,0.0,0.0,0.0,34.0,71.0,73.0,74.0,69.0,45.0,56.0,52.0,64.0,44,39,34,42.0,49.0,60.0,67.0,40,35,58,49
74,248.0,23.0,0.0,0.0,0.0,34.0,73.0,80.0,71.0,74.0,32.0,58.0,60.0,59.0,44,40,34,48.0,60.0,55.0,65.0,51,55,47,42
74,247.0,34.0,0.0,0.0,0.0,34.0,65.0,74.0,75.0,71.0,67.0,60.0,48.0,58.0,42,37,32,55.0,49.0,59.0,68.0,40,35,59,50
76,228.0,24.0,0.0,0.0,0.0,34.0,80.0,80.0,78.0,70.0,43.0,58.0,47.0,50.0,46,42,37,47.0,49.0,54.0,51.0,41,39,50,46
75,253.0,30.0,0.0,0.0,0.0,34.0,75.0,78.0,66.0,72.0,50.0,69.0,59.0,54.0,48,43,38,44.0,49.0,54.0,56.0,40,35,50,40
76,237.0,24.0,3.0,0.0,0.0,33.0,69.0,75.0,65.0,68.0,53.0,54.0,50.0,55.0,45,40,35,25.0,50.0,56.0,59.0,51,49,56,44
75,240.0,26.0,0.0,0.0,0.0,33.0,64.0,69.0,78.0,72.0,65.0,47.0,45.0,42.0,30,26,20,27.0,50.0,53.0,67.0,46,49,54,49
77,232.0,32.0,0.0,0.0,0.0,32.0,69.0,75.0,71.0,68.0,66.0,55.0,40.0,45.0,47,42,37,12.0,51.0,57.0,68.0,39,34,50,40
77,232.0,32.0,0.0,0.0,0.0,32.0,69.0,75.0,71.0,68.0,66.0,55.0,40.0,45.0,47,42,37,12.0,51.0,57.0,68.0,39,34,50,40
74,235.0,25.0,0.0,0.0,0.0,32.0,78.0,87.0,73.0,68.0,60.0,52.0,38.0,46.0,33,29,25,30.0,53.0,48.0,70.0,44,40,51,44
73,250.0,32.0,0.0,0.0,0.0,31.0,68.0,74.0,70.0,67.0,61.0,62.0,45.0,47.0,50,45,40,42.0,48.0,57.0,68.0,40,35,50,40
75,240.0,33.0,0.0,0.0,0.0,31.0,82.0,84.0,77.0,67.0,51.0,60.0,49.0,47.0,42,37,32,44.0,47.0,50.0,60.0,40,35,50,40
74,237.0,25.0,0.0,0.0,0.0,31.0,76.0,79.0,63.0,64.0,51.0,56.0,44.0,49.0,45,38,34,12.0,45.0,55.0,68.0,43,39,49,54
75,228.0,34.0,0.0,0.0,0.0,31.0,64.0,65.0,65.0,66.0,65.0,57.0,40.0,44.0,43,38,33,12.0,45.0,58.0,72.0,40,35,50,40
74,249.0,29.0,0.0,0.0,0.0,31.0,64.0,71.0,61.0,72.0,62.0,66.0,45.0,43.0,48,43,38,42.0,50.0,59.0,69.0,40,35,50,40
74,246.0,28.0,0.0,0.0,0.0,31.0,70.0,74.0,69.0,67.0,60.0,61.0,52.0,49.0,44,39,34,30.0,45.0,59.0,72.0,40,35,50,40
75,229.0,25.0,4.0,0.0,0.0,29.0,70.0,71.0,70.0,66.0,61.0,50.0,37.0,40.0,43,38,33,20.0,47.0,59.0,72.0,40,35,50,40
76,233.0,36.0,0.0,0.0,0.0,29.0,65.0,64.0,64.0,73.0,75.0,58.0,42.0,44.0,47,40,35,25.0,50.0,56.0,57.0,40,35,50,40
73,245.0,28.0,0.0,0.0,0.0,29.0,67.0,74.0,66.0,72.0,54.0,49.0,47.0,51.0,39,31,25,17.0,46.0,54.0,63.0,44,46,53,55
70,242.0,36.0,0.0,0.0,0.0,28.0,69.0,71.0,68.0,69.0,72.0,64.0,44.0,47.0,41,36,31,15.0,47.0,55.0,55.0,40,35,50,40
74,242.0,29.0,0.0,0.0,0.0,27.0,79.0,84.0,77.0,80.0,58.0,53.0,36.0,39.0,32,27,23,24.0,45.0,47.0,72.0,40,35,50,43
76,245.0,28.0,0.0,0.0,0.0,27.0,66.0,63.0,64.0,67.0,55.0,57.0,53.0,56.0,40,35,30,30.0,44.0,53.0,67.0,40,35,51,40
72,235.0,25.0,0.0,0.0,0.0,26.0,71.0,68.0,69.0,74.0,55.0,55.0,49.0,45.0,46,42,38,40.0,47.0,55.0,70.0,40,35,47,40
74,247.0,31.0,0.0,0.0,0.0,26.0,76.0,81.0,69.0,74.0,62.0,53.0,36.0,39.0,26,20,18,19.0,45.0,54.0,70.0,40,35,50,43
75,245.0,30.0,8.0,0.0,0.0,25.0,73.0,76.0,71.0,80.0,46.0,56.0,45.0,44.0,35,30,25,42.0,45.0,57.0,69.0,40,35,50,40
75,246.0,27.0,0.0,0.0,0.0,25.0,77.0,80.0,78.0,73.0,55.0,56.0,45.0,44.0,35,30,25,41.0,43.0,50.0,71.0,40,35,50,40
75,255.0,29.0,0.0,0.0,0.0,25.0,65.0,65.0,66.0,75.0,63.0,46.0,38.0,42.0,24,19,15,20.0,51.0,59.0,63.0,39,34,50,40
76,250.0,29.0,57.0,2.0,6.0,96.0,88.0,89.0,85.0,82.0,93.0,94.0,88.0,86.0,84,80,77,83.0,77.0,62.0,78.0,76,71,62,58
77,244.0,23.0,0.0,0.0,0.0,65.0,80.0,84.0,74.0,73.0,69.0,76.0,77.0,73.0,66,62,54,61.0,59.0,56.0,64.0,56,59,56,52
77,241.0,25.0,0.0,0.0,0.0,65.0,80.0,82.0,78.0,77.0,74.0,73.0,74.0,74.0,64,56,51,62.0,61.0,61.0,73.0,56,59,59,59
77,235.0,28.0,0.0,0.0,0.0,64.0,77.0,78.0,71.0,72.0,67.0,80.0,80.0,78.0,65,61,53,65.0,58.0,57.0,64.0,58,54,55,51
76,240.0,23.0,0.0,0.0,0.0,63.0,84.0,85.0,79.0,76.0,47.0,77.0,76.0,77.0,58,53,48,58.0,67.0,61.0,71.0,66,64,61,58
78,248.0,28.0,1.0,0.0,0.0,62.0,76.0,78.0,74.0,68.0,58.0,78.0,77.0,77.0,65,63,57,61.0,57.0,54.0,67.0,53,57,51,54
76,245.0,29.0,0.0,0.0,0.0,27.0,66.0,62.0,63.0,67.0,56.0,57.0,53.0,56.0,40,35,30,30.0,44.0,53.0,67.0,40,35,51,40
78,260.0,24.0,23.0,0.0,0.0,79.0,82.0,85.0,73.0,76.0,83.0,91.0,83.0,82.0,72,68,64,74.0,63.0,61.0,69.0,61,63,61,58
77,237.0,29.0,0.0,0.0,0.0,77.0,85.0,89.0,80.0,74.0,76.0,96.0,83.0,79.0,71,67,64,76.0,60.0,56.0,62.0,60,57,53,50
78,251.0,26.0,0.0,0.0,0.0,63.0,80.0,87.0,81.0,65.0,64.0,76.0,72.0,75.0,61,58,53,67.0,62.0,53.0,66.0,57,62,52,55
76,240.0,26.0,0.0,0.0,0.0,61.0,80.0,85.0,83.0,70.0,56.0,76.0,79.0,76.0,59,54,50,62.0,60.0,60.0,62.0,57,60,55,59
76,240.0,24.0,0.0,0.0,0.0,59.0,80.0,88.0,81.0,69.0,56.0,75.0,75.0,72.0,64,63,58,56.0,51.0,55.0,56.0,43,45,45,47
75,226.0,35.0,0.0,0.0,0.0,31.0,63.0,64.0,64.0,66.0,65.0,57.0,40.0,44.0,43,38,33,22.0,45.0,58.0,72.0,40,35,50,40
74,240.0,25.0,0.0,0.0,0.0,75.0,85.0,83.0,75.0,71.0,78.0,84.0,78.0,80.0,71,66,63,69.0,64.0,58.0,69.0,60,64,54,58
77,255.0,27.0,6.0,0.0,0.0,69.0,81.0,85.0,78.0,73.0,70.0,77.0,79.0,78.0,66,61,56,68.0,65.0,61.0,71.0,62,65,60,55
75,260.0,26.0,0.0,0.0,0.0,63.0,81.0,87.0,74.0,76.0,54.0,79.0,78.0,79.0,60,56,50,63.0,60.0,62.0,67.0,52,60,61,58
77,239.0,28.0,0.0,0.0,0.0,61.0,82.0,85.0,77.0,70.0,63.0,78.0,76.0,74.0,61,57,52,63.0,60.0,56.0,63.0,60,55,55,50
76,260.0,27.0,0.0,0.0,0.0,58.0,77.0,80.0,75.0,73.0,55.0,74.0,71.0,76.0,57,54,52,62.0,56.0,54.0,64.0,53,57,53,55
74,238.0,25.0,0.0,0.0,0.0,39.0,73.0,82.0,66.0,69.0,48.0,64.0,59.0,61.0,55,52,47,49.0,50.0,52.0,59.0,40,42,45,42
76,254.0,26.0,21.0,0.0,1.0,83.0,87.0,91.0,85.0,72.0,85.0,87.0,85.0,82.0,75,72,67,75.0,67.0,63.0,65.0,61,66,59,62
76,240.0,23.0,12.0,0.0,0.0,76.0,86.0,90.0,87.0,71.0,68.0,86.0,85.0,81.0,72,69,65,64.0,60.0,58.0,62.0,57,60,54,58
79,251.0,25.0,0.0,0.0,0.0,61.0,84.0,81.0,84.0,71.0,56.0,78.0,73.0,75.0,63,58,55,59.0,56.0,55.0,61.0,51,55,47,53
74,252.0,24.0,0.0,0.0,0.0,61.0,84.0,87.0,79.0,72.0,56.0,79.0,80.0,75.0,56,57,54,66.0,51.0,52.0,56.0,47,49,46,50
74,235.0,29.0,0.0,0.0,0.0,37.0,67.0,72.0,64.0,65.0,70.0,57.0,51.0,54.0,51,47,42,48.0,50.0,54.0,46.0,47,42,50,40
76,245.0,23.0,3.0,0.0,0.0,74.0,84.0,88.0,82.0,67.0,77.0,81.0,81.0,78.0,72,68,66,71.0,54.0,53.0,60.0,52,55,50,55
77,253.0,26.0,9.0,0.0,0.0,72.0,80.0,85.0,86.0,74.0,59.0,83.0,81.0,80.0,66,61,55,66.0,69.0,65.0,68.0,66,70,61,64
78,235.0,31.0,0.0,0.0,0.0,70.0,78.0,83.0,81.0,76.0,70.0,72.0,70.0,72.0,57,52,47,62.0,71.0,66.0,64.0,71,69,66,61
77,258.0,25.0,5.0,0.0,0.0,69.0,88.0,92.0,82.0,70.0,57.0,79.0,79.0,80.0,64,59,61,65.0,60.0,59.0,63.0,58,60,57,58
74,223.0,26.0,0.0,0.0,0.0,32.0,76.0,76.0,68.0,75.0,44.0,45.0,40.0,39.0,44,40,35,24.0,54.0,54.0,65.0,51,45,49,51
76,246.0,27.0,26.0,0.0,1.0,84.0,86.0,90.0,83.0,72.0,81.0,86.0,87.0,84.0,77,73,72,73.0,64.0,65.0,65.0,58,64,63,58
76,245.0,31.0,16.0,0.0,0.0,73.0,83.0,84.0,73.0,76.0,77.0,85.0,79.0,81.0,68,64,63,64.0,58.0,56.0,67.0,59,57,56,54
77,230.0,25.0,7.0,0.0,0.0,69.0,82.0,87.0,78.0,71.0,66.0,78.0,80.0,77.0,66,62,60,70.0,62.0,63.0,66.0,58,62,60,62
76,248.0,33.0,0.0,0.0,0.0,53.0,67.0,72.0,74.0,73.0,62.0,57.0,48.0,52.0,38,33,28,20.0,65.0,66.0,73.0,62,66,60,66
77,247.0,24.0,13.0,0.0,0.0,73.0,81.0,84.0,70.0,77.0,78.0,88.0,73.0,74.0,70,65,57,68.0,64.0,64.0,70.0,63,60,62,63
77,265.0,25.0,1.0,0.0,0.0,65.0,73.0,70.0,79.0,75.0,66.0,74.0,71.0,72.0,64,58,51,66.0,65.0,63.0,73.0,63,64,59,63
78,253.0,23.0,2.0,0.0,0.0,63.0,77.0,84.0,80.0,73.0,59.0,78.0,75.0,79.0,61,55,49,62.0,61.0,53.0,67.0,61,58,53,50
75,235.0,26.0,0.0,0.0,0.0,62.0,84.0,89.0,85.0,70.0,54.0,74.0,72.0,74.0,61,56,51,59.0,62.0,58.0,59.0,57,61,57,53
78,260.0,28.0,0.0,0.0,0.0,57.0,80.0,86.0,68.0,76.0,52.0,75.0,71.0,68.0,56,51,46,56.0,61.0,62.0,71.0,57,61,59,65
75,245.0,32.0,0.0,0.0,0.0,26.0,75.0,80.0,68.0,74.0,62.0,53.0,36.0,39.0,26,20,18,21.0,45.0,54.0,70.0,40,35,50,43
77,250.0,32.0,54.0,0.0,3.0,83.0,79.0,81.0,80.0,74.0,91.0,92.0,85.0,83.0,79,77,69,82.0,56.0,62.0,68.0,52,56,61,57
76,246.0,23.0,20.0,0.0,1.0,74.0,87.0,90.0,76.0,70.0,73.0,83.0,79.0,81.0,70,68,63,71.0,58.0,60.0,67.0,54,58,59,61
76,244.0,26.0,0.0,0.0,0.0,60.0,82.0,86.0,76.0,66.0,58.0,73.0,74.0,75.0,61,62,51,61.0,56.0,54.0,65.0,55,52,52,53
77,290.0,33.0,0.0,0.0,0.0,32.0,68.0,74.0,71.0,68.0,63.0,55.0,40.0,45.0,47,42,37,22.0,51.0,57.0,68.0,39,34,50,40
77,290.0,33.0,0.0,0.0,0.0,32.0,68.0,74.0,71.0,68.0,63.0,55.0,40.0,45.0,47,42,37,22.0,51.0,57.0,68.0,39,34,50,40
75,250.0,29.0,22.0,0.0,0.0,82.0,84.0,87.0,81.0,69.0,88.0,86.0,83.0,84.0,73,71,68,65.0,57.0,62.0,68.0,54,58,61,57
80,237.0,26.0,0.0,0.0,0.0,69.0,84.0,83.0,76.0,71.0,74.0,82.0,78.0,74.0,67,64,58,67.0,58.0,58.0,58.0,56,53,57,53
76,246.0,24.0,1.0,0.0,0.0,64.0,82.0,85.0,79.0,74.0,65.0,77.0,76.0,74.0,63,61,55,63.0,57.0,57.0,62.0,51,56,51,58
77,241.0,22.0,0.0,0.0,0.0,61.0,81.0,83.0,77.0,69.0,56.0,76.0,78.0,72.0,62,64,53,67.0,53.0,52.0,57.0,49,51,46,49
76,226.0,24.0,0.0,0.0,0.0,58.0,85.0,91.0,79.0,62.0,46.0,73.0,77.0,68.0,62,60,58,55.0,45.0,47.0,48.0,43,47,42,45
76,243.0,25.0,0.0,0.0,0.0,57.0,78.0,79.0,74.0,73.0,60.0,73.0,71.0,74.0,58,51,46,60.0,57.0,56.0,69.0,55,58,54,56
73,224.0,34.0,0.0,0.0,0.0,43.0,73.0,77.0,75.0,68.0,69.0,55.0,56.0,62.0,48,43,38,23.0,56.0,56.0,71.0,55,50,51,40
73,224.0,34.0,0.0,0.0,0.0,43.0,73.0,77.0,75.0,68.0,69.0,55.0,56.0,62.0,48,43,38,23.0,56.0,56.0,71.0,55,50,51,40
77,250.0,33.0,90.0,4.0,10.0,99.0,86.0,88.0,86.0,79.0,99.0,97.0,93.0,90.0,88,85,79,85.0,69.0,66.0,74.0,65,66,64,63
76,226.0,27.0,0.0,0.0,0.0,69.0,84.0,89.0,75.0,66.0,73.0,80.0,79.0,77.0,67,63,62,69.0,58.0,55.0,49.0,53,56,51,49
75,240.0,24.0,10.0,0.0,0.0,69.0,84.0,88.0,86.0,67.0,73.0,81.0,78.0,77.0,64,59,56,61.0,60.0,57.0,61.0,55,58,54,58
78,252.0,32.0,5.0,0.0,0.0,64.0,76.0,73.0,79.0,73.0,78.0,76.0,75.0,71.0,59,55,50,66.0,63.0,63.0,61.0,57,63,60,57
77,245.0,27.0,0.0,0.0,0.0,62.0,82.0,86.0,77.0,76.0,55.0,79.0,79.0,78.0,65,67,62,72.0,48.0,50.0,54.0,41,41,43,42
78,262.0,27.0,0.0,0.0,0.0,60.0,76.0,80.0,72.0,77.0,67.0,77.0,72.0,73.0,62,56,51,63.0,56.0,55.0,66.0,54,51,55,54
75,240.0,34.0,0.0,0.0,0.0,31.0,81.0,83.0,76.0,67.0,53.0,60.0,49.0,47.0,42,37,32,44.0,47.0,50.0,60.0,40,35,50,40
77,267.0,29.0,0.0,0.0,0.0,73.0,80.0,81.0,74.0,70.0,75.0,83.0,84.0,82.0,69,65,64,72.0,64.0,61.0,65.0,64,60,60,57
77,246.0,29.0,0.0,0.0,0.0,70.0,77.0,79.0,75.0,75.0,73.0,82.0,76.0,77.0,66,62,57,67.0,65.0,62.0,70.0,61,64,62,58
79,253.0,24.0,2.0,0.0,0.0,70.0,85.0,87.0,84.0,78.0,62.0,78.0,82.0,77.0,65,63,61,64.0,63.0,61.0,62.0,61,63,59,61
74,242.0,25.0,8.0,0.0,0.0,68.0,85.0,89.0,82.0,69.0,66.0,79.0,77.0,75.0,63,58,56,67.0,59.0,60.0,63.0,55,59,59,56
76,239.0,24.0,2.0,0.0,0.0,63.0,87.0,89.0,77.0,72.0,64.0,75.0,78.0,76.0,62,57,55,60.0,52.0,52.0,59.0,47,52,46,51
77,260.0,25.0,2.0,0.0,0.0,62.0,82.0,86.0,77.0,74.0,63.0,73.0,76.0,73.0,63,58,53,61.0,56.0,56.0,64.0,55,56,54,57
74,238.0,30.0,0.0,0.0,0.0,31.0,79.0,83.0,77.0,80.0,67.0,54.0,41.0,43.0,39,35,29,24.0,45.0,47.0,72.0,40,35,50,43
78,250.0,32.0,15.0,0.0,0.0,72.0,81.0,85.0,80.0,74.0,71.0,84.0,83.0,80.0,66,62,57,70.0,60.0,55.0,74.0,54,60,56,52
78,259.0,25.0,5.0,0.0,0.0,66.0,79.0,80.0,84.0,75.0,66.0,77.0,75.0,75.0,64,59,52,62.0,64.0,58.0,70.0,63,60,55,58
78,240.0,23.0,1.0,0.0,0.0,64.0,81.0,88.0,82.0,68.0,60.0,79.0,82.0,76.0,63,59,55,65.0,59.0,56.0,59.0,54,58,53,57
77,250.0,26.0,0.0,0.0,0.0,58.0,79.0,83.0,81.0,71.0,52.0,74.0,73.0,75.0,60,55,51,61.0,56.0,55.0,66.0,54,57,52,50
77,225.0,25.0,0.0,0.0,0.0,58.0,85.0,83.0,80.0,65.0,60.0,77.0,77.0,72.0,55,53,50,50.0,54.0,48.0,51.0,48,50,45,40
76,237.0,25.0,3.0,0.0,0.0,33.0,69.0,75.0,65.0,68.0,55.0,54.0,50.0,55.0,45,40,35,25.0,50.0,56.0,59.0,51,49,56,44
77,244.0,24.0,15.0,0.0,1.0,71.0,81.0,86.0,81.0,69.0,74.0,81.0,78.0,77.0,67,62,57,69.0,60.0,63.0,62.0,55,61,57,63
77,250.0,24.0,3.0,0.0,0.0,68.0,85.0,88.0,89.0,72.0,72.0,79.0,79.0,75.0,64,57,52,58.0,63.0,60.0,66.0,62,58,60,56
76,254.0,24.0,0.0,0.0,0.0,67.0,81.0,88.0,85.0,72.0,61.0,78.0,80.0,77.0,67,65,57,62.0,55.0,50.0,54.0,50,54,46,48
77,238.0,25.0,0.0,0.0,0.0,64.0,82.0,86.0,75.0,72.0,62.0,79.0,78.0,76.0,64,60,55,64.0,59.0,58.0,63.0,58,55,57,53
75,240.0,27.0,0.0,0.0,0.0,32.0,64.0,68.0,77.0,72.0,61.0,47.0,45.0,42.0,30,26,20,27.0,50.0,53.0,67.0,46,49,54,49
78,252.0,30.0,9.0,0.0,0.0,69.0,77.0,80.0,74.0,71.0,70.0,78.0,77.0,79.0,66,61,57,69.0,64.0,64.0,64.0,63,58,63,61
77,253.0,29.0,2.0,0.0,0.0,68.0,81.0,84.0,74.0,75.0,74.0,78.0,80.0,75.0,63,57,53,63.0,63.0,61.0,66.0,60,63,61,60
78,246.0,28.0,10.0,0.0,0.0,68.0,79.0,83.0,77.0,75.0,71.0,82.0,72.0,73.0,66,62,56,63.0,61.0,59.0,71.0,56,61,55,58
75,235.0,22.0,4.0,0.0,0.0,66.0,89.0,90.0,81.0,64.0,56.0,78.0,78.0,76.0,66,63,62,63.0,51.0,50.0,43.0,49,52,49,47
75,232.0,25.0,0.0,0.0,0.0,54.0,87.0,89.0,79.0,67.0,49.0,73.0,77.0,73.0,53,51,49,53.0,49.0,48.0,52.0,35,39,32,34
75,240.0,26.0,4.0,0.0,0.0,30.0,70.0,71.0,70.0,66.0,62.0,50.0,37.0,40.0,43,38,33,20.0,47.0,59.0,72.0,40,35,50,40
77,256.0,28.0,35.0,0.0,0.0,89.0,84.0,87.0,84.0,78.0,92.0,93.0,86.0,84.0,77,73,70,77.0,74.0,61.0,61.0,68,73,58,60
78,240.0,28.0,0.0,0.0,0.0,70.0,84.0,87.0,84.0,64.0,71.0,83.0,82.0,78.0,67,64,60,68.0,58.0,54.0,60.0,58,54,50,48
76,240.0,24.0,4.0,0.0,0.0,66.0,85.0,89.0,80.0,72.0,68.0,77.0,75.0,71.0,67,62,61,62.0,57.0,55.0,57.0,53,55,52,55
76,275.0,24.0,0.0,0.0,0.0,65.0,83.0,88.0,80.0,75.0,67.0,80.0,76.0,75.0,64,56,50,60.0,59.0,57.0,64.0,53,58,56,57
76,247.0,25.0,0.0,0.0,0.0,63.0,84.0,86.0,83.0,68.0,65.0,80.0,78.0,69.0,63,58,49,61.0,63.0,59.0,65.0,58,62,58,55
79,249.0,25.0,0.0,0.0,0.0,56.0,83.0,89.0,82.0,74.0,56.0,73.0,72.0,70.0,56,51,46,58.0,52.0,54.0,60.0,49,52,52,54
74,249.0,30.0,0.0,0.0,0.0,32.0,63.0,70.0,60.0,72.0,67.0,66.0,45.0,43.0,48,43,38,42.0,50.0,59.0,69.0,40,35,50,40
78,246.0,22.0,21.0,0.0,1.0,87.0,91.0,93.0,81.0,71.0,89.0,88.0,88.0,84.0,80,76,76,81.0,57.0,62.0,63.0,53,56,56,59
75,248.0,28.0,27.0,0.0,1.0,74.0,86.0,87.0,79.0,78.0,68.0,80.0,84.0,80.0,70,66,65,72.0,57.0,59.0,68.0,54,57,58,56
74,237.0,26.0,0.0,0.0,0.0,64.0,87.0,89.0,77.0,74.0,45.0,78.0,82.0,80.0,62,63,62,64.0,53.0,50.0,56.0,49,53,45,48
79,250.0,23.0,0.0,0.0,0.0,64.0,80.0,83.0,67.0,79.0,73.0,73.0,68.0,70.0,60,56,49,64.0,65.0,62.0,68.0,59,63,57,64
75,261.0,28.0,0.0,0.0,0.0,59.0,79.0,83.0,76.0,73.0,63.0,74.0,66.0,69.0,55,50,45,61.0,65.0,61.0,67.0,63,63,60,57
74,247.0,26.0,0.0,0.0,0.0,32.0,76.0,79.0,63.0,64.0,54.0,55.0,44.0,49.0,45,38,34,20.0,45.0,55.0,68.0,43,39,49,54
78,245.0,30.0,31.0,0.0,1.0,86.0,88.0,89.0,84.0,70.0,82.0,87.0,87.0,86.0,81,78,75,78.0,59.0,60.0,56.0,59,55,62,58
77,253.0,22.0,6.0,0.0,0.0,70.0,85.0,89.0,79.0,79.0,74.0,84.0,74.0,74.0,67,59,54,66.0,62.0,63.0,65.0,61,59,58,62
77,220.0,26.0,0.0,0.0,0.0,67.0,86.0,90.0,78.0,69.0,64.0,78.0,79.0,77.0,64,62,58,64.0,57.0,51.0,52.0,53,56,47,52
76,251.0,28.0,1.0,0.0,0.0,64.0,77.0,81.0,76.0,73.0,64.0,79.0,74.0,76.0,61,58,54,64.0,61.0,57.0,66.0,62,59,58,56
73,250.0,33.0,0.0,0.0,0.0,30.0,67.0,73.0,69.0,67.0,56.0,62.0,45.0,47.0,50,45,40,42.0,48.0,57.0,68.0,40,35,50,40
75,240.0,28.0,34.0,0.0,2.0,84.0,88.0,90.0,87.0,66.0,86.0,89.0,85.0,82.0,75,71,69,73.0,60.0,63.0,69.0,60,57,62,56
75,247.0,22.0,3.0,0.0,0.0,68.0,83.0,87.0,75.0,77.0,57.0,80.0,75.0,77.0,68,63,54,64.0,64.0,60.0,69.0,64,57,61,57
77,250.0,25.0,2.0,0.0,0.0,62.0,78.0,81.0,79.0,77.0,60.0,76.0,72.0,75.0,60,54,47,65.0,62.0,57.0,67.0,62,59,56,58
77,241.0,26.0,0.0,0.0,0.0,61.0,80.0,82.0,75.0,64.0,49.0,79.0,75.0,76.0,62,64,67,73.0,49.0,50.0,53.0,41,44,42,45
72,240.0,26.0,0.0,0.0,0.0,26.0,71.0,68.0,69.0,73.0,58.0,55.0,49.0,45.0,46,42,38,40.0,47.0,55.0,70.0,40,35,47,40
75,254.0,28.0,19.0,0.0,0.0,78.0,83.0,84.0,79.0,66.0,80.0,90.0,82.0,83.0,73,69,67,69.0,62.0,57.0,66.0,57,60,56,54
77,271.0,30.0,14.0,0.0,0.0,76.0,83.0,87.0,76.0,73.0,75.0,86.0,84.0,81.0,72,69,63,73.0,63.0,58.0,71.0,63,59,58,55
77,250.0,23.0,2.0,0.0,0.0,67.0,82.0,85.0,74.0,78.0,68.0,80.0,78.0,75.0,64,57,53,62.0,63.0,60.0,70.0,59,63,59,58
75,250.0,24.0,0.0,0.0,0.0,63.0,83.0,83.0,82.0,70.0,61.0,74.0,75.0,76.0,64,59,57,62.0,57.0,58.0,64.0,55,57,55,59
80,251.0,24.0,0.0,0.0,0.0,62.0,85.0,90.0,87.0,70.0,56.0,78.0,77.0,74.0,59,54,47,61.0,60.0,53.0,61.0,56,60,49,53
74,246.0,29.0,0.0,0.0,0.0,30.0,69.0,73.0,68.0,67.0,57.0,61.0,52.0,49.0,44,39,34,30.0,45.0,59.0,72.0,40,35,50,40
75,245.0,22.0,17.0,0.0,1.0,70.0,86.0,88.0,85.0,74.0,70.0,79.0,77.0,74.0,65,61,56,68.0,59.0,57.0,65.0,59,54,56,52
76,255.0,24.0,0.0,0.0,0.0,66.0,86.0,90.0,73.0,79.0,74.0,79.0,76.0,75.0,64,58,53,60.0,59.0,58.0,68.0,60,56,58,56
77,215.0,26.0,0.0,0.0,0.0,66.0,82.0,85.0,79.0,65.0,65.0,79.0,80.0,80.0,64,62,59,70.0,58.0,34.0,52.0,51,56,32,29
75,255.0,24.0,1.0,0.0,0.0,64.0,84.0,87.0,76.0,70.0,63.0,76.0,73.0,75.0,63,63,61,63.0,57.0,56.0,60.0,52,59,55,57
74,235.0,35.0,0.0,0.0,0.0,33.0,64.0,73.0,73.0,71.0,65.0,60.0,48.0,58.0,42,37,32,55.0,49.0,59.0,68.0,40,35,59,50
73,250.0,29.0,0.0,0.0,0.0,29.0,67.0,73.0,65.0,72.0,54.0,49.0,47.0,51.0,39,31,25,21.0,46.0,54.0,63.0,44,46,53,55
74,238.0,26.0,4.0,0.0,0.0,68.0,84.0,86.0,79.0,78.0,65.0,82.0,80.0,78.0,65,61,58,65.0,62.0,56.0,67.0,56,62,52,54
77,259.0,22.0,11.0,0.0,0.0,66.0,82.0,87.0,81.0,76.0,65.0,77.0,76.0,76.0,64,56,48,59.0,61.0,54.0,68.0,61,57,54,50
78,253.0,22.0,3.0,0.0,0.0,66.0,87.0,89.0,82.0,75.0,71.0,74.0,76.0,73.0,63,58,59,61.0,62.0,55.0,67.0,60,62,55,51
76,252.0,26.0,0.0,0.0,0.0,60.0,82.0,86.0,77.0,74.0,68.0,77.0,76.0,75.0,60,55,48,62.0,54.0,56.0,62.0,51,54,54,55
76,252.0,26.0,1.0,0.0,0.0,60.0,82.0,86.0,77.0,74.0,68.0,77.0,76.0,75.0,60,55,48,62.0,54.0,56.0,62.0,51,54,54,55
75,245.0,28.0,0.0,0.0,0.0,26.0,76.0,79.0,78.0,73.0,60.0,56.0,45.0,44.0,35,30,25,41.0,43.0,50.0,71.0,40,35,50,40
76,245.0,30.0,17.0,0.0,0.0,80.0,86.0,88.0,82.0,69.0,79.0,94.0,83.0,81.0,74,70,66,74.0,59.0,56.0,65.0,55,59,52,57
76,260.0,27.0,7.0,0.0,0.0,72.0,83.0,89.0,78.0,68.0,77.0,79.0,75.0,76.0,69,65,59,68.0,59.0,62.0,67.0,59,56,58,61
76,250.0,23.0,6.0,0.0,0.0,71.0,84.0,89.0,78.0,75.0,72.0,77.0,75.0,77.0,71,65,61,63.0,62.0,58.0,71.0,58,62,57,54
77,245.0,26.0,1.0,0.0,0.0,64.0,84.0,86.0,81.0,69.0,59.0,77.0,80.0,76.0,63,59,57,64.0,55.0,49.0,57.0,56,54,45,46
74,235.0,37.0,0.0,0.0,0.0,36.0,63.0,70.0,66.0,70.0,71.0,60.0,44.0,51.0,45,40,35,40.0,54.0,56.0,69.0,50,42,50,40
78,250.0,27.0,26.0,0.0,0.0,81.0,83.0,88.0,88.0,76.0,80.0,89.0,92.0,83.0,73,68,65,75.0,58.0,57.0,66.0,55,58,51,55
77,250.0,28.0,32.0,0.0,0.0,81.0,82.0,86.0,78.0,75.0,79.0,92.0,86.0,83.0,74,72,66,77.0,66.0,60.0,73.0,65,61,59,58
74,241.0,28.0,0.0,0.0,0.0,67.0,78.0,80.0,80.0,73.0,65.0,81.0,80.0,79.0,68,63,59,68.0,59.0,57.0,64.0,58,56,57,53
75,245.0,31.0,8.0,0.0,0.0,26.0,72.0,75.0,70.0,80.0,47.0,56.0,45.0,44.0,35,30,25,42.0,45.0,57.0,69.0,40,35,50,40
76,265.0,22.0,4.0,0.0,0.0,75.0,82.0,86.0,76.0,79.0,63.0,82.0,81.0,83.0,73,67,62,63.0,66.0,61.0,73.0,66,65,62,59
76,254.0,28.0,31.0,0.0,2.0,73.0,80.0,84.0,81.0,73.0,68.0,85.0,84.0,82.0,69,64,60,69.0,62.0,59.0,68.0,58,62,59,55
78,251.0,28.0,13.0,0.0,0.0,71.0,86.0,90.0,83.0,75.0,70.0,78.0,81.0,78.0,64,59,54,65.0,61.0,59.0,73.0,60,56,58,54
75,237.0,26.0,0.0,0.0,0.0,61.0,81.0,83.0,75.0,69.0,67.0,79.0,79.0,76.0,62,58,54,64.0,54.0,57.0,63.0,48,53,51,55
74,235.0,26.0,0.0,0.0,0.0,31.0,78.0,86.0,72.0,68.0,59.0,52.0,38.0,46.0,33,29,25,30.0,53.0,48.0,70.0,44,40,51,44
78,255.0,30.0,29.0,0.0,0.0,80.0,79.0,78.0,82.0,79.0,81.0,87.0,84.0,85.0,78,75,68,71.0,62.0,59.0,65.0,58,62,57,54
76,245.0,26.0,2.0,0.0,0.0,65.0,84.0,89.0,83.0,72.0,63.0,76.0,77.0,77.0,65,60,54,65.0,54.0,62.0,62.0,55,54,61,58
77,253.0,25.0,1.0,0.0,0.0,65.0,82.0,87.0,71.0,72.0,65.0,79.0,80.0,79.0,66,60,55,61.0,59.0,57.0,64.0,53,57,52,56
78,250.0,22.0,1.0,0.0,0.0,64.0,78.0,87.0,78.0,69.0,67.0,83.0,79.0,80.0,60,53,47,59.0,60.0,54.0,63.0,56,60,49,53
76,236.0,24.0,0.0,0.0,0.0,26.0,69.0,77.0,72.0,66.0,44.0,48.0,47.0,48.0,44,42,39,25.0,48.0,45.0,62.0,44,49,44,45
77,247.0,27.0,48.0,1.0,3.0,95.0,87.0,91.0,80.0,81.0,96.0,95.0,91.0,91.0,87,83,78,84.0,68.0,54.0,67.0,63,66,50,54
76,241.0,23.0,12.0,0.0,0.0,72.0,83.0,87.0,81.0,66.0,72.0,80.0,78.0,79.0,70,66,64,74.0,63.0,53.0,54.0,58,62,49,52
78,250.0,24.0,2.0,0.0,0.0,66.0,83.0,84.0,81.0,68.0,65.0,80.0,82.0,76.0,66,62,58,65.0,56.0,56.0,58.0,52,55,53,55
78,260.0,25.0,0.0,0.0,0.0,61.0,77.0,79.0,76.0,76.0,63.0,74.0,70.0,76.0,59,54,47,66.0,63.0,59.0,62.0,62,58,60,54
74,253.0,30.0,0.0,0.0,0.0,37.0,71.0,75.0,75.0,70.0,64.0,70.0,58.0,52.0,48,43,38,44.0,51.0,54.0,56.0,40,35,50,40
76,231.0,26.0,0.0,0.0,0.0,75.0,86.0,88.0,84.0,69.0,71.0,85.0,86.0,82.0,69,67,60,70.0,62.0,59.0,54.0,58,53,56,52
76,250.0,26.0,13.0,0.0,0.0,74.0,82.0,85.0,82.0,76.0,76.0,88.0,79.0,79.0,68,63,59,66.0,62.0,61.0,68.0,62,61,59,60
74,221.0,33.0,0.0,0.0,0.0,73.0,90.0,90.0,84.0,82.0,65.0,79.0,76.0,77.0,67,63,58,66.0,62.0,55.0,75.0,60,56,52,49
79,261.0,29.0,0.0,0.0,0.0,65.0,80.0,76.0,69.0,77.0,68.0,78.0,79.0,78.0,63,59,56,69.0,61.0,60.0,63.0,61,58,59,55
79,261.0,29.0,12.0,0.0,0.0,65.0,80.0,76.0,69.0,77.0,68.0,78.0,79.0,78.0,63,59,56,69.0,61.0,60.0,63.0,61,58,59,55
77,245.0,25.0,0.0,0.0,0.0,58.0,79.0,79.0,81.0,74.0,49.0,75.0,71.0,73.0,58,52,47,59.0,59.0,60.0,67.0,56,61,57,62
75,255.0,30.0,0.0,0.0,0.0,26.0,65.0,64.0,65.0,75.0,66.0,46.0,38.0,42.0,24,19,15,22.0,51.0,59.0,63.0,39,34,50,40
76,249.0,25.0,24.0,0.0,0.0,78.0,88.0,92.0,88.0,72.0,72.0,91.0,81.0,77.0,71,67,65,72.0,58.0,58.0,60.0,55,58,55,57
76,265.0,27.0,15.0,0.0,0.0,77.0,80.0,80.0,78.0,78.0,76.0,84.0,79.0,79.0,69,66,62,67.0,70.0,65.0,72.0,72,69,63,58
79,251.0,24.0,8.0,0.0,0.0,70.0,80.0,84.0,79.0,73.0,71.0,85.0,82.0,78.0,68,64,56,68.0,61.0,61.0,64.0,57,60,57,60
75,247.0,26.0,0.0,0.0,0.0,60.0,75.0,82.0,75.0,73.0,62.0,78.0,74.0,73.0,59,52,46,60.0,60.0,58.0,65.0,58,61,58,56
74,255.0,25.0,0.0,0.0,0.0,33.0,75.0,74.0,61.0,65.0,45.0,46.0,42.0,44.0,40,38,34,32.0,54.0,52.0,67.0,49,55,50,53
77,258.0,24.0,18.0,0.0,0.0,85.0,83.0,83.0,77.0,78.0,90.0,95.0,84.0,85.0,76,74,66,79.0,61.0,64.0,72.0,60,57,64,61
79,264.0,22.0,3.0,0.0,0.0,69.0,84.0,86.0,86.0,78.0,66.0,76.0,80.0,78.0,62,55,51,62.0,65.0,62.0,71.0,63,65,61,59
80,265.0,26.0,2.0,0.0,0.0,65.0,81.0,79.0,77.0,72.0,71.0,81.0,73.0,74.0,63,57,54,64.0,60.0,61.0,63.0,56,60,55,60
72,230.0,24.0,2.0,0.0,0.0,62.0,82.0,86.0,72.0,68.0,64.0,75.0,75.0,78.0,62,55,48,55.0,55.0,55.0,62.0,55,51,55,54
77,244.0,27.0,25.0,0.0,0.0,82.0,81.0,84.0,80.0,76.0,82.0,89.0,82.0,87.0,76,70,63,73.0,67.0,60.0,72.0,63,67,56,60
75,245.0,23.0,4.0,0.0,0.0,68.0,85.0,89.0,83.0,73.0,53.0,80.0,78.0,77.0,68,62,58,70.0,58.0,59.0,65.0,58,56,58,56
78,258.0,23.0,1.0,0.0,0.0,63.0,74.0,74.0,73.0,78.0,63.0,76.0,78.0,79.0,66,61,52,60.0,58.0,56.0,68.0,59,52,56,55
77,252.0,29.0,0.0,0.0,0.0,60.0,79.0,88.0,74.0,70.0,54.0,78.0,77.0,75.0,54,50,45,61.0,65.0,59.0,66.0,65,58,59,55
70,242.0,37.0,0.0,0.0,0.0,28.0,69.0,71.0,68.0,69.0,70.0,64.0,44.0,47.0,41,36,31,21.0,47.0,55.0,55.0,40,35,50,40
75,238.0,23.0,12.0,0.0,0.0,71.0,88.0,91.0,77.0,67.0,69.0,80.0,75.0,77.0,68,64,59,67.0,61.0,57.0,58.0,57,62,51,56
75,267.0,27.0,0.0,0.0,0.0,65.0,76.0,79.0,78.0,78.0,62.0,77.0,78.0,76.0,59,54,50,60.0,65.0,61.0,72.0,60,64,61,58
79,248.0,23.0,3.0,0.0,0.0,65.0,83.0,85.0,83.0,71.0,62.0,81.0,78.0,75.0,63,59,50,60.0,62.0,59.0,66.0,56,60,56,59
76,251.0,26.0,0.0,0.0,0.0,57.0,82.0,84.0,74.0,74.0,57.0,75.0,75.0,73.0,58,54,50,60.0,51.0,53.0,61.0,49,47,49,50
76,250.0,28.0,0.0,0.0,0.0,57.0,74.0,76.0,78.0,72.0,62.0,73.0,70.0,73.0,58,52,46,54.0,58.0,59.0,67.0,58,54,58,56
76,233.0,37.0,0.0,0.0,0.0,28.0,64.0,63.0,63.0,73.0,73.0,58.0,42.0,44.0,47,40,35,25.0,50.0,56.0,57.0,40,35,50,40
77,248.0,26.0,30.0,0.0,2.0,90.0,83.0,87.0,83.0,80.0,94.0,93.0,90.0,88.0,83,79,71,80.0,64.0,58.0,66.0,61,63,56,54
77,259.0,26.0,6.0,0.0,0.0,72.0,85.0,84.0,78.0,75.0,69.0,80.0,79.0,77.0,68,62,57,65.0,70.0,61.0,72.0,72,64,59,60
76,233.0,28.0,0.0,0.0,0.0,66.0,81.0,85.0,78.0,74.0,70.0,78.0,75.0,74.0,65,60,56,63.0,64.0,60.0,60.0,56,60,58,54
77,252.0,24.0,0.0,0.0,0.0,63.0,82.0,85.0,81.0,80.0,64.0,76.0,72.0,73.0,59,55,50,59.0,60.0,58.0,70.0,59,59,58,57
77,250.0,23.0,0.0,0.0,0.0,62.0,85.0,88.0,69.0,69.0,57.0,77.0,79.0,75.0,65,62,54,57.0,55.0,53.0,56.0,53,57,52,51
76,255.0,29.0,0.0,0.0,0.0,58.0,71.0,78.0,69.0,72.0,65.0,74.0,73.0,73.0,59,53,48,56.0,60.0,61.0,69.0,57,60,60,57
73,229.0,36.0,0.0,0.0,0.0,49.0,75.0,73.0,81.0,75.0,70.0,66.0,61.0,66.0,49,45,40,48.0,68.0,58.0,67.0,61,55,51,44
