Height,Weight,Age,wAV,AP1,PB,POVR,PSPD,PACC,PAGI,PSTR,PAWR,PCTH,PSPC,PCIT,PSRR,PMRR,PDRR,PREL,PJMP,PCOD
72,205.0,26.0,17.0,0.0,0.0,74.0,84.0,85.0,84.0,56.0,70.0,80.0,0.0,0.0,0,0,0,0.0,81.0,0
74,190.0,36.0,98.0,0.0,7.0,71.0,72.0,80.0,83.0,52.0,84.0,82.0,0.0,0.0,0,0,0,0.0,69.0,0
72,188.0,33.0,77.0,1.0,5.0,71.0,81.0,78.0,79.0,53.0,85.0,79.0,0.0,0.0,0,0,0,0.0,71.0,0
73,203.0,31.0,48.0,0.0,2.0,67.0,78.0,79.0,82.0,53.0,75.0,76.0,0.0,0.0,0,0,0,0.0,75.0,0
75,199.0,24.0,1.0,0.0,0.0,64.0,81.0,83.0,82.0,50.0,52.0,69.0,0.0,0.0,0,0,0,0.0,87.0,0
70,193.0,30.0,43.0,0.0,0.0,61.0,75.0,72.0,75.0,52.0,71.0,74.0,0.0,0.0,0,0,0,0.0,76.0,0
73,194.0,30.0,7.0,0.0,0.0,60.0,75.0,76.0,80.0,50.0,60.0,70.0,0.0,0.0,0,0,0,0.0,70.0,0
70,191.0,32.0,42.0,0.0,0.0,60.0,70.0,70.0,73.0,49.0,77.0,72.0,0.0,0.0,0,0,0,0.0,70.0,0
73,190.0,29.0,26.0,0.0,0.0,59.0,79.0,70.0,70.0,52.0,65.0,70.0,0.0,0.0,0,0,0,0.0,70.0,0
71,182.0,28.0,0.0,0.0,0.0,59.0,84.0,76.0,74.0,43.0,57.0,66.0,0.0,0.0,0,0,0,0.0,81.0,0
75,193.0,29.0,25.0,0.0,0.0,57.0,71.0,72.0,78.0,51.0,72.0,68.0,0.0,0.0,0,0,0,0.0,63.0,0
71,185.0,31.0,0.0,0.0,0.0,56.0,81.0,71.0,80.0,42.0,59.0,64.0,0.0,0.0,0,0,0,0.0,75.0,0
70,170.0,29.0,2.0,0.0,0.0,56.0,86.0,82.0,79.0,41.0,57.0,59.0,0.0,0.0,0,0,0,0.0,72.0,0
68,170.0,26.0,0.0,0.0,0.0,54.0,75.0,75.0,75.0,51.0,54.0,67.0,0.0,0.0,0,0,0,0.0,72.0,0
74,205.0,26.0,2.0,0.0,0.0,54.0,79.0,76.0,80.0,49.0,55.0,67.0,0.0,0.0,0,0,0,0.0,64.0,0
72,207.0,28.0,12.0,0.0,0.0,52.0,70.0,69.0,72.0,52.0,60.0,68.0,0.0,0.0,0,0,0,0.0,67.0,0
76,209.0,27.0,9.0,0.0,0.0,51.0,74.0,70.0,77.0,52.0,60.0,60.0,0.0,0.0,0,0,0,0.0,64.0,0
73,205.0,28.0,0.0,0.0,0.0,51.0,75.0,68.0,71.0,45.0,64.0,63.0,0.0,0.0,0,0,0,0.0,72.0,0
73,190.0,25.0,0.0,0.0,0.0,51.0,83.0,70.0,75.0,47.0,49.0,54.0,0.0,0.0,0,0,0,0.0,79.0,0
72,200.0,27.0,5.0,0.0,0.0,50.0,76.0,75.0,71.0,47.0,58.0,61.0,0.0,0.0,0,0,0,0.0,68.0,0
76,202.0,23.0,124.0,4.0,6.0,98.0,99.0,98.0,98.0,56.0,93.0,93.0,0.0,0.0,0,0,0,0.0,96.0,0
72,181.0,28.0,123.0,3.0,8.0,96.0,92.0,93.0,96.0,57.0,96.0,97.0,0.0,0.0,0,0,0,0.0,89.0,0
75,217.0,26.0,121.0,5.0,6.0,94.0,92.0,96.0,94.0,63.0,93.0,91.0,0.0,0.0,0,0,0,0.0,89.0,0
72,188.0,27.0,101.0,0.0,4.0,93.0,93.0,94.0,94.0,56.0,95.0,92.0,0.0,0.0,0,0,0,0.0,89.0,0
76,212.0,28.0,79.0,0.0,3.0,92.0,89.0,90.0,90.0,61.0,93.0,92.0,0.0,0.0,0,0,0,0.0,92.0,0
75,214.0,35.0,0.0,0.0,0.0,92.0,85.0,88.0,85.0,59.0,99.0,99.0,0.0,0.0,0,0,0,0.0,82.0,0
72,200.0,30.0,16.0,0.0,0.0,91.0,91.0,97.0,90.0,60.0,90.0,89.0,0.0,0.0,0,0,0,0.0,89.0,0
72,200.0,30.0,0.0,0.0,1.0,91.0,91.0,97.0,90.0,60.0,90.0,89.0,0.0,0.0,0,0,0,0.0,89.0,0
72,204.0,27.0,78.0,0.0,3.0,89.0,90.0,91.0,92.0,62.0,91.0,89.0,0.0,0.0,0,0,0,0.0,84.0,0
72,195.0,34.0,105.0,0.0,9.0,89.0,86.0,90.0,86.0,59.0,97.0,92.0,0.0,0.0,0,0,0,0.0,82.0,0
72,190.0,24.0,99.0,1.0,7.0,89.0,94.0,96.0,89.0,56.0,87.0,88.0,0.0,0.0,0,0,0,0.0,89.0,0
77,215.0,32.0,67.0,0.0,1.0,88.0,85.0,88.0,90.0,64.0,92.0,90.0,0.0,0.0,0,0,0,0.0,85.0,0
73,200.0,31.0,0.0,0.0,0.0,88.0,89.0,92.0,90.0,58.0,91.0,89.0,0.0,0.0,0,0,0,0.0,89.0,0
73,200.0,31.0,1.0,0.0,0.0,88.0,89.0,92.0,90.0,58.0,91.0,89.0,0.0,0.0,0,0,0,0.0,89.0,0
73,200.0,31.0,0.0,0.0,0.0,88.0,89.0,92.0,90.0,58.0,91.0,89.0,0.0,0.0,0,0,0,0.0,89.0,0
73,200.0,31.0,94.0,0.0,5.0,88.0,89.0,92.0,90.0,58.0,91.0,89.0,0.0,0.0,0,0,0,0.0,89.0,0
73,200.0,31.0,33.0,0.0,0.0,88.0,89.0,92.0,90.0,58.0,91.0,89.0,0.0,0.0,0,0,0,0.0,89.0,0
74,217.0,27.0,83.0,1.0,2.0,88.0,87.0,87.0,89.0,58.0,90.0,92.0,0.0,0.0,0,0,0,0.0,88.0,0
73,215.0,22.0,38.0,1.0,1.0,86.0,90.0,93.0,90.0,58.0,82.0,86.0,0.0,0.0,0,0,0,0.0,87.0,0
75,215.0,25.0,34.0,0.0,0.0,85.0,90.0,91.0,90.0,58.0,85.0,85.0,0.0,0.0,0,0,0,0.0,93.0,0
74,210.0,28.0,56.0,0.0,0.0,85.0,88.0,92.0,87.0,58.0,85.0,86.0,0.0,0.0,0,0,0,0.0,82.0,0
74,210.0,28.0,27.0,0.0,0.0,85.0,88.0,92.0,87.0,58.0,85.0,86.0,0.0,0.0,0,0,0,0.0,82.0,0
71,185.0,26.0,67.0,0.0,1.0,85.0,90.0,96.0,87.0,55.0,85.0,87.0,0.0,0.0,0,0,0,0.0,82.0,0
73,206.0,28.0,70.0,0.0,4.0,85.0,91.0,89.0,90.0,58.0,84.0,86.0,0.0,0.0,0,0,0,0.0,84.0,0
71,195.0,23.0,27.0,0.0,0.0,84.0,87.0,94.0,97.0,53.0,78.0,84.0,0.0,0.0,0,0,0,0.0,85.0,0
71,195.0,24.0,43.0,0.0,0.0,84.0,88.0,91.0,91.0,55.0,86.0,87.0,0.0,0.0,0,0,0,0.0,79.0,0
73,185.0,30.0,83.0,0.0,2.0,84.0,87.0,80.0,87.0,56.0,89.0,91.0,0.0,0.0,0,0,0,0.0,83.0,0
72,190.0,28.0,69.0,0.0,0.0,84.0,86.0,87.0,89.0,56.0,85.0,87.0,0.0,0.0,0,0,0,0.0,84.0,0
73,198.0,28.0,65.0,1.0,1.0,84.0,86.0,87.0,87.0,56.0,88.0,87.0,0.0,0.0,0,0,0,0.0,85.0,0
71,188.0,28.0,78.0,0.0,0.0,83.0,93.0,93.0,87.0,50.0,85.0,85.0,0.0,0.0,0,0,0,0.0,87.0,0
71,190.0,30.0,44.0,0.0,0.0,83.0,91.0,91.0,89.0,52.0,84.0,86.0,0.0,0.0,0,0,0,0.0,85.0,0
75,202.0,25.0,69.0,0.0,0.0,82.0,87.0,89.0,88.0,56.0,84.0,85.0,0.0,0.0,0,0,0,0.0,75.0,0
75,216.0,23.0,23.0,0.0,0.0,81.0,87.0,88.0,85.0,56.0,80.0,86.0,0.0,0.0,0,0,0,0.0,89.0,0
72,200.0,29.0,39.0,0.0,0.0,81.0,90.0,88.0,87.0,55.0,82.0,83.0,0.0,0.0,0,0,0,0.0,85.0,0
70,194.0,30.0,44.0,0.0,0.0,80.0,81.0,82.0,85.0,55.0,86.0,88.0,0.0,0.0,0,0,0,0.0,80.0,0
70,188.0,27.0,0.0,0.0,0.0,80.0,80.0,82.0,84.0,53.0,89.0,91.0,0.0,0.0,0,0,0,0.0,69.0,0
74,196.0,37.0,160.0,10.0,13.0,80.0,79.0,79.0,84.0,54.0,99.0,90.0,0.0,0.0,0,0,0,0.0,74.0,0
75,220.0,28.0,38.0,0.0,0.0,80.0,85.0,86.0,85.0,57.0,84.0,85.0,0.0,0.0,0,0,0,0.0,82.0,0
72,195.0,21.0,55.0,0.0,0.0,80.0,85.0,89.0,87.0,56.0,74.0,85.0,0.0,0.0,0,0,0,0.0,83.0,0
76,217.0,27.0,40.0,0.0,0.0,79.0,83.0,84.0,84.0,58.0,82.0,83.0,0.0,0.0,0,0,0,0.0,86.0,0
73,205.0,28.0,47.0,0.0,0.0,79.0,85.0,84.0,82.0,56.0,83.0,87.0,0.0,0.0,0,0,0,0.0,88.0,0
69,170.0,24.0,26.0,0.0,0.0,79.0,93.0,93.0,93.0,40.0,75.0,77.0,0.0,0.0,0,0,0,0.0,81.0,0
74,197.0,27.0,44.0,0.0,0.0,79.0,83.0,84.0,86.0,54.0,82.0,86.0,0.0,0.0,0,0,0,0.0,82.0,0
74,215.0,29.0,0.0,0.0,0.0,79.0,79.0,82.0,83.0,57.0,80.0,87.0,0.0,0.0,0,0,0,0.0,91.0,0
70,185.0,33.0,65.0,0.0,1.0,78.0,84.0,81.0,85.0,54.0,85.0,87.0,0.0,0.0,0,0,0,0.0,77.0,0
76,218.0,29.0,48.0,0.0,0.0,78.0,85.0,87.0,84.0,58.0,79.0,78.0,0.0,0.0,0,0,0,0.0,88.0,0
70,179.0,23.0,38.0,0.0,0.0,78.0,98.0,95.0,95.0,42.0,70.0,75.0,0.0,0.0,0,0,0,0.0,80.0,0
75,213.0,22.0,17.0,0.0,0.0,77.0,88.0,89.0,88.0,58.0,66.0,76.0,0.0,0.0,0,0,0,0.0,90.0,0
75,213.0,22.0,11.0,0.0,0.0,77.0,88.0,89.0,88.0,58.0,66.0,76.0,0.0,0.0,0,0,0,0.0,90.0,0
70,192.0,27.0,54.0,0.0,0.0,77.0,81.0,79.0,83.0,49.0,85.0,90.0,0.0,0.0,0,0,0,0.0,74.0,0
74,206.0,31.0,0.0,0.0,0.0,77.0,85.0,86.0,85.0,56.0,80.0,83.0,0.0,0.0,0,0,0,0.0,73.0,0
74,206.0,31.0,59.0,0.0,0.0,77.0,85.0,86.0,85.0,56.0,80.0,83.0,0.0,0.0,0,0,0,0.0,73.0,0
72,200.0,25.0,0.0,0.0,0.0,77.0,91.0,91.0,85.0,55.0,76.0,74.0,0.0,0.0,0,0,0,0.0,85.0,0
76,224.0,30.0,78.0,3.0,4.0,77.0,77.0,75.0,81.0,55.0,90.0,91.0,0.0,0.0,0,0,0,0.0,88.0,0
70,187.0,26.0,86.0,1.0,2.0,77.0,87.0,82.0,87.0,55.0,79.0,80.0,0.0,0.0,0,0,0,0.0,79.0,0
75,203.0,31.0,0.0,0.0,1.0,76.0,83.0,83.0,83.0,55.0,83.0,85.0,0.0,0.0,0,0,0,0.0,80.0,0
71,180.0,31.0,54.0,0.0,0.0,76.0,86.0,86.0,83.0,55.0,79.0,77.0,0.0,0.0,0,0,0,0.0,85.0,0
73,175.0,34.0,66.0,0.0,1.0,76.0,84.0,88.0,84.0,53.0,78.0,80.0,0.0,0.0,0,0,0,0.0,77.0,0
70,175.0,22.0,72.0,0.0,1.0,76.0,94.0,92.0,95.0,46.0,65.0,73.0,0.0,0.0,0,0,0,0.0,84.0,0
75,205.0,29.0,39.0,0.0,0.0,76.0,85.0,86.0,83.0,56.0,78.0,77.0,0.0,0.0,0,0,0,0.0,80.0,0
72,200.0,28.0,13.0,0.0,0.0,76.0,84.0,85.0,84.0,56.0,78.0,81.0,0.0,0.0,0,0,0,0.0,79.0,0
72,200.0,28.0,6.0,0.0,0.0,76.0,84.0,85.0,84.0,56.0,78.0,81.0,0.0,0.0,0,0,0,0.0,79.0,0
72,200.0,28.0,39.0,0.0,0.0,76.0,84.0,85.0,84.0,56.0,78.0,81.0,0.0,0.0,0,0,0,0.0,79.0,0
72,200.0,28.0,47.0,0.0,0.0,76.0,84.0,85.0,84.0,56.0,78.0,81.0,0.0,0.0,0,0,0,0.0,79.0,0
72,200.0,28.0,7.0,0.0,0.0,76.0,84.0,85.0,84.0,56.0,78.0,81.0,0.0,0.0,0,0,0,0.0,79.0,0
73,195.0,22.0,30.0,0.0,0.0,76.0,87.0,89.0,87.0,55.0,70.0,78.0,0.0,0.0,0,0,0,0.0,89.0,0
70,188.0,25.0,7.0,0.0,0.0,75.0,87.0,85.0,88.0,49.0,72.0,78.0,0.0,0.0,0,0,0,0.0,82.0,0
70,188.0,25.0,33.0,0.0,0.0,75.0,87.0,85.0,88.0,49.0,72.0,78.0,0.0,0.0,0,0,0,0.0,82.0,0
70,188.0,25.0,11.0,0.0,0.0,75.0,87.0,85.0,88.0,49.0,72.0,78.0,0.0,0.0,0,0,0,0.0,82.0,0
72,194.0,29.0,62.0,0.0,0.0,75.0,84.0,82.0,85.0,54.0,80.0,84.0,0.0,0.0,0,0,0,0.0,69.0,0
71,187.0,22.0,13.0,0.0,0.0,75.0,89.0,89.0,88.0,55.0,65.0,73.0,0.0,0.0,0,0,0,0.0,88.0,0
74,198.0,26.0,9.0,0.0,0.0,75.0,85.0,85.0,87.0,54.0,72.0,79.0,0.0,0.0,0,0,0,0.0,86.0,0
76,208.0,25.0,18.0,0.0,0.0,75.0,80.0,78.0,84.0,56.0,72.0,84.0,0.0,0.0,0,0,0,0.0,86.0,0
75,217.0,27.0,17.0,0.0,0.0,75.0,85.0,86.0,84.0,58.0,72.0,82.0,0.0,0.0,0,0,0,0.0,81.0,0
70,190.0,29.0,56.0,0.0,1.0,75.0,87.0,85.0,87.0,52.0,80.0,82.0,0.0,0.0,0,0,0,0.0,66.0,0
72,190.0,32.0,56.0,0.0,0.0,75.0,81.0,84.0,84.0,58.0,85.0,80.0,0.0,0.0,0,0,0,0.0,71.0,0
72,197.0,24.0,88.0,0.0,4.0,75.0,86.0,85.0,87.0,53.0,74.0,79.0,0.0,0.0,0,0,0,0.0,80.0,0
73,201.0,25.0,22.0,0.0,0.0,75.0,84.0,85.0,85.0,54.0,73.0,80.0,0.0,0.0,0,0,0,0.0,85.0,0
72,205.0,26.0,17.0,0.0,0.0,74.0,84.0,85.0,84.0,56.0,70.0,80.0,0.0,0.0,0,0,0,0.0,81.0,0
69,192.0,23.0,19.0,0.0,0.0,74.0,87.0,89.0,87.0,51.0,73.0,74.0,0.0,0.0,0,0,0,0.0,84.0,0
72,195.0,22.0,116.0,1.0,6.0,73.0,81.0,83.0,84.0,51.0,67.0,80.0,0.0,0.0,0,0,0,0.0,86.0,0
68,180.0,25.0,30.0,0.0,0.0,72.0,95.0,90.0,86.0,52.0,69.0,68.0,0.0,0.0,0,0,0,0.0,85.0,0
72,187.0,25.0,15.0,0.0,0.0,72.0,84.0,86.0,85.0,53.0,75.0,74.0,0.0,0.0,0,0,0,0.0,79.0,0
72,179.0,26.0,24.0,0.0,0.0,72.0,87.0,88.0,86.0,53.0,70.0,75.0,0.0,0.0,0,0,0,0.0,72.0,0
74,200.0,21.0,35.0,0.0,1.0,72.0,91.0,95.0,93.0,55.0,56.0,69.0,0.0,0.0,0,0,0,0.0,82.0,0
71,180.0,23.0,22.0,0.0,0.0,71.0,85.0,83.0,84.0,50.0,69.0,76.0,0.0,0.0,0,0,0,0.0,82.0,0
68,179.0,25.0,0.0,0.0,0.0,71.0,88.0,87.0,89.0,42.0,68.0,72.0,0.0,0.0,0,0,0,0.0,78.0,0
74,190.0,36.0,98.0,0.0,7.0,71.0,72.0,80.0,83.0,52.0,84.0,82.0,0.0,0.0,0,0,0,0.0,69.0,0
72,188.0,33.0,77.0,1.0,5.0,71.0,81.0,78.0,79.0,53.0,85.0,79.0,0.0,0.0,0,0,0,0.0,71.0,0
67,175.0,25.0,22.0,1.0,2.0,71.0,93.0,86.0,87.0,41.0,67.0,74.0,0.0,0.0,0,0,0,0.0,74.0,0
70,180.0,24.0,11.0,0.0,0.0,71.0,86.0,86.0,83.0,54.0,68.0,73.0,0.0,0.0,0,0,0,0.0,91.0,0
70,180.0,24.0,5.0,0.0,0.0,71.0,86.0,86.0,83.0,54.0,68.0,73.0,0.0,0.0,0,0,0,0.0,91.0,0
74,216.0,23.0,25.0,0.0,0.0,71.0,86.0,85.0,83.0,59.0,60.0,71.0,0.0,0.0,0,0,0,0.0,93.0,0
71,180.0,23.0,44.0,0.0,0.0,70.0,87.0,87.0,86.0,53.0,66.0,75.0,0.0,0.0,0,0,0,0.0,69.0,0
72,190.0,25.0,5.0,0.0,0.0,70.0,84.0,85.0,84.0,51.0,65.0,80.0,0.0,0.0,0,0,0,0.0,74.0,0
75,200.0,22.0,6.0,0.0,0.0,70.0,84.0,84.0,84.0,57.0,64.0,71.0,0.0,0.0,0,0,0,0.0,91.0,0
75,170.0,23.0,25.0,0.0,0.0,70.0,87.0,88.0,83.0,44.0,70.0,69.0,0.0,0.0,0,0,0,0.0,87.0,0
78,225.0,23.0,70.0,0.0,0.0,70.0,84.0,86.0,84.0,58.0,57.0,72.0,0.0,0.0,0,0,0,0.0,92.0,0
73,198.0,28.0,0.0,0.0,0.0,69.0,85.0,82.0,85.0,51.0,73.0,71.0,0.0,0.0,0,0,0,0.0,79.0,0
75,216.0,33.0,53.0,0.0,0.0,69.0,82.0,81.0,81.0,53.0,80.0,71.0,0.0,0.0,0,0,0,0.0,79.0,0
73,204.0,23.0,20.0,0.0,0.0,68.0,87.0,88.0,89.0,47.0,56.0,68.0,0.0,0.0,0,0,0,0.0,84.0,0
70,185.0,30.0,18.0,0.0,1.0,68.0,88.0,92.0,93.0,50.0,71.0,59.0,0.0,0.0,0,0,0,0.0,73.0,0
73,188.0,25.0,10.0,0.0,0.0,68.0,82.0,80.0,86.0,52.0,69.0,71.0,0.0,0.0,0,0,0,0.0,86.0,0
73,188.0,28.0,29.0,0.0,0.0,68.0,84.0,75.0,84.0,51.0,65.0,75.0,0.0,0.0,0,0,0,0.0,86.0,0
72,197.0,24.0,0.0,0.0,0.0,67.0,84.0,81.0,82.0,50.0,68.0,75.0,0.0,0.0,0,0,0,0.0,66.0,0
74,210.0,22.0,5.0,0.0,0.0,67.0,80.0,82.0,81.0,57.0,65.0,74.0,0.0,0.0,0,0,0,0.0,75.0,0
73,182.0,24.0,6.0,0.0,0.0,67.0,84.0,79.0,83.0,53.0,64.0,73.0,0.0,0.0,0,0,0,0.0,77.0,0
69,184.0,25.0,20.0,0.0,0.0,67.0,88.0,85.0,85.0,50.0,68.0,72.0,0.0,0.0,0,0,0,0.0,69.0,0
73,203.0,31.0,48.0,0.0,2.0,67.0,78.0,79.0,82.0,53.0,75.0,76.0,0.0,0.0,0,0,0,0.0,75.0,0
71,185.0,24.0,6.0,0.0,0.0,67.0,91.0,88.0,85.0,52.0,59.0,64.0,0.0,0.0,0,0,0,0.0,82.0,0
73,212.0,29.0,0.0,0.0,0.0,67.0,81.0,79.0,82.0,51.0,68.0,73.0,0.0,0.0,0,0,0,0.0,84.0,0
73,212.0,29.0,0.0,0.0,0.0,67.0,81.0,79.0,82.0,51.0,68.0,73.0,0.0,0.0,0,0,0,0.0,84.0,0
73,212.0,29.0,30.0,0.0,0.0,67.0,81.0,79.0,82.0,51.0,68.0,73.0,0.0,0.0,0,0,0,0.0,84.0,0
72,186.0,25.0,27.0,0.0,0.0,67.0,83.0,83.0,82.0,50.0,69.0,68.0,0.0,0.0,0,0,0,0.0,84.0,0
73,193.0,23.0,23.0,0.0,0.0,66.0,81.0,83.0,79.0,53.0,66.0,70.0,0.0,0.0,0,0,0,0.0,79.0,0
74,204.0,23.0,85.0,2.0,6.0,66.0,87.0,88.0,87.0,54.0,55.0,66.0,0.0,0.0,0,0,0,0.0,80.0,0
72,193.0,26.0,13.0,0.0,0.0,66.0,85.0,81.0,82.0,52.0,68.0,77.0,0.0,0.0,0,0,0,0.0,69.0,0
68,185.0,24.0,1.0,0.0,0.0,66.0,82.0,79.0,84.0,46.0,66.0,72.0,0.0,0.0,0,0,0,0.0,79.0,0
72,168.0,24.0,5.0,0.0,0.0,66.0,81.0,84.0,88.0,44.0,57.0,71.0,0.0,0.0,0,0,0,0.0,80.0,0
71,209.0,23.0,58.0,0.0,1.0,66.0,88.0,90.0,85.0,57.0,53.0,60.0,0.0,0.0,0,0,0,0.0,97.0,0
71,197.0,24.0,44.0,0.0,0.0,66.0,84.0,82.0,80.0,54.0,65.0,72.0,0.0,0.0,0,0,0,0.0,77.0,0
71,215.0,24.0,48.0,0.0,1.0,65.0,81.0,81.0,82.0,54.0,62.0,69.0,0.0,0.0,0,0,0,0.0,80.0,0
73,200.0,23.0,6.0,0.0,0.0,65.0,83.0,85.0,86.0,51.0,58.0,68.0,0.0,0.0,0,0,0,0.0,73.0,0
72,195.0,27.0,69.0,0.0,0.0,65.0,90.0,85.0,77.0,53.0,70.0,66.0,0.0,0.0,0,0,0,0.0,71.0,0
71,190.0,25.0,7.0,0.0,0.0,65.0,83.0,78.0,83.0,50.0,64.0,73.0,0.0,0.0,0,0,0,0.0,80.0,0
72,187.0,24.0,29.0,0.0,0.0,65.0,83.0,79.0,84.0,47.0,69.0,67.0,0.0,0.0,0,0,0,0.0,75.0,0
72,187.0,23.0,4.0,0.0,0.0,65.0,80.0,83.0,84.0,54.0,65.0,69.0,0.0,0.0,0,0,0,0.0,70.0,0
74,220.0,21.0,18.0,0.0,0.0,65.0,86.0,87.0,86.0,55.0,55.0,64.0,0.0,0.0,0,0,0,0.0,84.0,0
73,215.0,21.0,18.0,0.0,0.0,64.0,86.0,87.0,82.0,55.0,52.0,65.0,0.0,0.0,0,0,0,0.0,84.0,0
68,197.0,23.0,6.0,0.0,0.0,64.0,80.0,77.0,79.0,53.0,64.0,69.0,0.0,0.0,0,0,0,0.0,79.0,0
73,192.0,26.0,3.0,0.0,0.0,64.0,82.0,80.0,83.0,48.0,63.0,71.0,0.0,0.0,0,0,0,0.0,83.0,0
75,199.0,24.0,1.0,0.0,0.0,64.0,81.0,83.0,82.0,50.0,52.0,69.0,0.0,0.0,0,0,0,0.0,87.0,0
74,220.0,22.0,33.0,0.0,0.0,64.0,86.0,85.0,84.0,51.0,53.0,65.0,0.0,0.0,0,0,0,0.0,86.0,0
72,186.0,27.0,0.0,0.0,0.0,64.0,83.0,78.0,77.0,53.0,69.0,69.0,0.0,0.0,0,0,0,0.0,86.0,0
68,170.0,23.0,12.0,0.0,0.0,64.0,84.0,89.0,85.0,40.0,56.0,69.0,0.0,0.0,0,0,0,0.0,73.0,0
70,175.0,22.0,41.0,0.0,0.0,63.0,88.0,89.0,84.0,48.0,56.0,60.0,0.0,0.0,0,0,0,0.0,81.0,0
69,173.0,24.0,0.0,0.0,0.0,63.0,88.0,89.0,86.0,52.0,59.0,62.0,0.0,0.0,0,0,0,0.0,81.0,0
73,205.0,24.0,27.0,0.0,0.0,63.0,87.0,84.0,81.0,50.0,65.0,65.0,0.0,0.0,0,0,0,0.0,74.0,0
73,206.0,25.0,3.0,0.0,0.0,63.0,85.0,82.0,83.0,50.0,65.0,66.0,0.0,0.0,0,0,0,0.0,77.0,0
73,206.0,25.0,8.0,0.0,0.0,63.0,85.0,82.0,83.0,50.0,65.0,66.0,0.0,0.0,0,0,0,0.0,77.0,0
74,215.0,24.0,10.0,0.0,0.0,62.0,81.0,74.0,79.0,52.0,56.0,68.0,0.0,0.0,0,0,0,0.0,90.0,0
73,192.0,23.0,0.0,0.0,0.0,62.0,80.0,74.0,80.0,51.0,69.0,71.0,0.0,0.0,0,0,0,0.0,73.0,0
77,230.0,25.0,31.0,0.0,0.0,62.0,79.0,71.0,81.0,55.0,63.0,75.0,0.0,0.0,0,0,0,0.0,65.0,0
70,188.0,32.0,64.0,2.0,3.0,62.0,85.0,79.0,84.0,49.0,70.0,64.0,0.0,0.0,0,0,0,0.0,71.0,0
67,170.0,23.0,5.0,0.0,0.0,61.0,84.0,83.0,81.0,44.0,56.0,65.0,0.0,0.0,0,0,0,0.0,79.0,0
72,190.0,22.0,7.0,0.0,0.0,61.0,82.0,84.0,83.0,49.0,53.0,65.0,0.0,0.0,0,0,0,0.0,78.0,0
70,193.0,30.0,43.0,0.0,0.0,61.0,75.0,72.0,75.0,52.0,71.0,74.0,0.0,0.0,0,0,0,0.0,76.0,0
74,200.0,32.0,7.0,0.0,0.0,61.0,81.0,84.0,79.0,50.0,57.0,69.0,0.0,0.0,0,0,0,0.0,69.0,0
70,176.0,29.0,39.0,0.0,0.0,61.0,81.0,73.0,75.0,46.0,74.0,76.0,0.0,0.0,0,0,0,0.0,65.0,0
71,189.0,22.0,0.0,0.0,0.0,60.0,85.0,88.0,86.0,52.0,46.0,58.0,0.0,0.0,0,0,0,0.0,83.0,0
71,180.0,25.0,11.0,0.0,0.0,60.0,90.0,88.0,82.0,45.0,58.0,57.0,0.0,0.0,0,0,0,0.0,88.0,0
68,187.0,23.0,0.0,0.0,0.0,60.0,83.0,84.0,84.0,46.0,54.0,64.0,0.0,0.0,0,0,0,0.0,69.0,0
73,194.0,30.0,7.0,0.0,0.0,60.0,75.0,76.0,80.0,50.0,60.0,70.0,0.0,0.0,0,0,0,0.0,70.0,0
70,191.0,32.0,42.0,0.0,0.0,60.0,70.0,70.0,73.0,49.0,77.0,72.0,0.0,0.0,0,0,0,0.0,70.0,0
71,190.0,22.0,68.0,0.0,1.0,60.0,97.0,92.0,83.0,53.0,52.0,51.0,0.0,0.0,0,0,0,0.0,78.0,0
70,190.0,26.0,0.0,0.0,0.0,60.0,82.0,78.0,82.0,49.0,58.0,65.0,0.0,0.0,0,0,0,0.0,75.0,0
72,170.0,24.0,1.0,0.0,0.0,59.0,81.0,76.0,80.0,49.0,56.0,67.0,0.0,0.0,0,0,0,0.0,71.0,0
73,190.0,29.0,26.0,0.0,0.0,59.0,79.0,70.0,70.0,52.0,65.0,70.0,0.0,0.0,0,0,0,0.0,70.0,0
71,182.0,28.0,0.0,0.0,0.0,59.0,84.0,76.0,74.0,43.0,57.0,66.0,0.0,0.0,0,0,0,0.0,81.0,0
73,209.0,22.0,33.0,0.0,0.0,59.0,81.0,82.0,83.0,52.0,50.0,61.0,0.0,0.0,0,0,0,0.0,81.0,0
72,205.0,23.0,0.0,0.0,0.0,58.0,81.0,84.0,82.0,52.0,54.0,57.0,0.0,0.0,0,0,0,0.0,80.0,0
70,170.0,29.0,0.0,0.0,0.0,58.0,92.0,87.0,82.0,51.0,60.0,50.0,0.0,0.0,0,0,0,0.0,78.0,0
76,207.0,24.0,0.0,0.0,0.0,58.0,84.0,83.0,81.0,50.0,49.0,59.0,0.0,0.0,0,0,0,0.0,87.0,0
70,201.0,23.0,1.0,0.0,0.0,58.0,76.0,83.0,77.0,50.0,58.0,66.0,0.0,0.0,0,0,0,0.0,76.0,0
72,185.0,24.0,1.0,0.0,0.0,58.0,79.0,79.0,73.0,48.0,64.0,64.0,0.0,0.0,0,0,0,0.0,74.0,0
72,190.0,25.0,0.0,0.0,0.0,57.0,75.0,78.0,74.0,49.0,58.0,68.0,0.0,0.0,0,0,0,0.0,75.0,0
75,193.0,29.0,25.0,0.0,0.0,57.0,71.0,72.0,78.0,51.0,72.0,68.0,0.0,0.0,0,0,0,0.0,63.0,0
71,200.0,0.0,1.0,0.0,0.0,57.0,78.0,0.0,0.0,46.0,0.0,0.0,0.0,0.0,0,0,0,0.0,0.0,0
75,210.0,28.0,13.0,0.0,0.0,57.0,80.0,75.0,78.0,49.0,59.0,58.0,0.0,0.0,0,0,0,0.0,87.0,0
74,215.0,23.0,0.0,0.0,0.0,57.0,81.0,80.0,73.0,48.0,45.0,69.0,0.0,0.0,0,0,0,0.0,74.0,0
71,175.0,22.0,0.0,0.0,0.0,56.0,92.0,89.0,85.0,38.0,39.0,55.0,0.0,0.0,0,0,0,0.0,75.0,0
71,185.0,31.0,0.0,0.0,0.0,56.0,81.0,71.0,80.0,42.0,59.0,64.0,0.0,0.0,0,0,0,0.0,75.0,0
70,170.0,29.0,2.0,0.0,0.0,56.0,86.0,82.0,79.0,41.0,57.0,59.0,0.0,0.0,0,0,0,0.0,72.0,0
72,202.0,24.0,0.0,0.0,0.0,56.0,81.0,75.0,74.0,48.0,62.0,62.0,0.0,0.0,0,0,0,0.0,76.0,0
70,180.0,22.0,22.0,0.0,0.0,55.0,78.0,81.0,79.0,44.0,50.0,60.0,0.0,0.0,0,0,0,0.0,74.0,0
74,205.0,23.0,56.0,0.0,1.0,55.0,75.0,78.0,81.0,50.0,50.0,61.0,0.0,0.0,0,0,0,0.0,74.0,0
72,195.0,24.0,2.0,0.0,0.0,55.0,79.0,71.0,74.0,49.0,52.0,63.0,0.0,0.0,0,0,0,0.0,78.0,0
69,172.0,22.0,2.0,0.0,0.0,55.0,89.0,90.0,86.0,40.0,40.0,52.0,0.0,0.0,0,0,0,0.0,79.0,0
69,180.0,22.0,0.0,0.0,0.0,55.0,88.0,88.0,87.0,39.0,42.0,56.0,0.0,0.0,0,0,0,0.0,69.0,0
71,190.0,23.0,3.0,0.0,0.0,55.0,83.0,84.0,83.0,47.0,44.0,58.0,0.0,0.0,0,0,0,0.0,75.0,0
74,184.0,23.0,2.0,0.0,0.0,54.0,79.0,84.0,82.0,48.0,44.0,52.0,0.0,0.0,0,0,0,0.0,81.0,0
72,185.0,27.0,0.0,0.0,0.0,54.0,71.0,73.0,71.0,43.0,61.0,66.0,0.0,0.0,0,0,0,0.0,79.0,0
72,185.0,27.0,3.0,0.0,0.0,54.0,71.0,73.0,71.0,43.0,61.0,66.0,0.0,0.0,0,0,0,0.0,79.0,0
73,200.0,34.0,0.0,0.0,0.0,54.0,78.0,72.0,76.0,46.0,52.0,66.0,0.0,0.0,0,0,0,0.0,73.0,0
73,200.0,34.0,2.0,0.0,0.0,54.0,78.0,72.0,76.0,46.0,52.0,66.0,0.0,0.0,0,0,0,0.0,73.0,0
68,170.0,26.0,0.0,0.0,0.0,54.0,75.0,75.0,75.0,51.0,54.0,67.0,0.0,0.0,0,0,0,0.0,72.0,0
74,205.0,26.0,2.0,0.0,0.0,54.0,79.0,76.0,80.0,49.0,55.0,67.0,0.0,0.0,0,0,0,0.0,64.0,0
71,185.0,0.0,0.0,0.0,0.0,54.0,77.0,0.0,0.0,47.0,0.0,0.0,0.0,0.0,0,0,0,0.0,0.0,0
71,185.0,0.0,0.0,0.0,0.0,54.0,77.0,0.0,0.0,47.0,0.0,0.0,0.0,0.0,0,0,0,0.0,0.0,0
71,185.0,0.0,0.0,0.0,0.0,54.0,77.0,0.0,0.0,47.0,0.0,0.0,0.0,0.0,0,0,0,0.0,0.0,0
71,185.0,0.0,17.0,0.0,0.0,54.0,77.0,0.0,0.0,47.0,0.0,0.0,0.0,0.0,0,0,0,0.0,0.0,0
71,185.0,0.0,18.0,0.0,0.0,54.0,77.0,0.0,0.0,47.0,0.0,0.0,0.0,0.0,0,0,0,0.0,0.0,0
71,185.0,0.0,0.0,0.0,1.0,54.0,77.0,0.0,0.0,47.0,0.0,0.0,0.0,0.0,0,0,0,0.0,0.0,0
71,185.0,0.0,4.0,0.0,0.0,54.0,77.0,0.0,0.0,47.0,0.0,0.0,0.0,0.0,0,0,0,0.0,0.0,0
71,185.0,0.0,2.0,0.0,0.0,54.0,77.0,0.0,0.0,47.0,0.0,0.0,0.0,0.0,0,0,0,0.0,0.0,0
72,195.0,29.0,10.0,0.0,0.0,53.0,79.0,76.0,75.0,46.0,52.0,59.0,0.0,0.0,0,0,0,0.0,74.0,0
72,195.0,29.0,0.0,0.0,0.0,53.0,79.0,76.0,75.0,46.0,52.0,59.0,0.0,0.0,0,0,0,0.0,74.0,0
71,180.0,22.0,4.0,0.0,0.0,53.0,87.0,87.0,86.0,41.0,43.0,53.0,0.0,0.0,0,0,0,0.0,66.0,0
72,186.0,25.0,9.0,0.0,0.0,53.0,87.0,76.0,76.0,43.0,55.0,56.0,0.0,0.0,0,0,0,0.0,81.0,0
69,185.0,23.0,0.0,0.0,0.0,52.0,80.0,75.0,80.0,44.0,45.0,56.0,0.0,0.0,0,0,0,0.0,85.0,0
72,207.0,28.0,12.0,0.0,0.0,52.0,70.0,69.0,72.0,52.0,60.0,68.0,0.0,0.0,0,0,0,0.0,67.0,0
70,196.0,23.0,0.0,0.0,0.0,52.0,83.0,84.0,80.0,41.0,47.0,58.0,0.0,0.0,0,0,0,0.0,68.0,0
76,200.0,24.0,0.0,0.0,0.0,52.0,89.0,88.0,76.0,42.0,40.0,55.0,0.0,0.0,0,0,0,0.0,77.0,0
70,184.0,22.0,0.0,0.0,0.0,52.0,90.0,89.0,82.0,44.0,42.0,50.0,0.0,0.0,0,0,0,0.0,70.0,0
72,190.0,23.0,2.0,0.0,0.0,51.0,77.0,75.0,81.0,50.0,50.0,56.0,0.0,0.0,0,0,0,0.0,69.0,0
70,177.0,29.0,0.0,0.0,0.0,51.0,75.0,71.0,74.0,47.0,57.0,62.0,0.0,0.0,0,0,0,0.0,75.0,0
76,209.0,27.0,9.0,0.0,0.0,51.0,74.0,70.0,77.0,52.0,60.0,60.0,0.0,0.0,0,0,0,0.0,64.0,0
73,205.0,28.0,0.0,0.0,0.0,51.0,75.0,68.0,71.0,45.0,64.0,63.0,0.0,0.0,0,0,0,0.0,72.0,0
73,190.0,25.0,0.0,0.0,0.0,51.0,83.0,70.0,75.0,47.0,49.0,54.0,0.0,0.0,0,0,0,0.0,79.0,0
72,175.0,25.0,76.0,0.0,4.0,51.0,76.0,78.0,74.0,48.0,52.0,58.0,0.0,0.0,0,0,0,0.0,75.0,0
71,192.0,28.0,0.0,0.0,0.0,51.0,68.0,72.0,77.0,44.0,61.0,62.0,0.0,0.0,0,0,0,0.0,67.0,0
72,200.0,27.0,5.0,0.0,0.0,50.0,76.0,75.0,71.0,47.0,58.0,61.0,0.0,0.0,0,0,0,0.0,68.0,0
74,205.0,21.0,0.0,0.0,0.0,49.0,72.0,69.0,78.0,48.0,56.0,59.0,0.0,0.0,0,0,0,0.0,68.0,0
74,179.0,21.0,8.0,0.0,0.0,49.0,77.0,79.0,71.0,43.0,46.0,54.0,0.0,0.0,0,0,0,0.0,77.0,0
71,210.0,23.0,1.0,0.0,0.0,48.0,79.0,72.0,79.0,51.0,46.0,50.0,0.0,0.0,0,0,0,0.0,69.0,0
74,205.0,30.0,0.0,0.0,0.0,48.0,70.0,69.0,74.0,48.0,51.0,58.0,0.0,0.0,0,0,0,0.0,70.0,0
76,212.0,24.0,0.0,0.0,0.0,47.0,73.0,71.0,71.0,48.0,54.0,57.0,0.0,0.0,0,0,0,0.0,73.0,0
76,212.0,24.0,0.0,0.0,0.0,47.0,73.0,71.0,71.0,48.0,54.0,57.0,0.0,0.0,0,0,0,0.0,73.0,0
76,212.0,24.0,0.0,0.0,0.0,47.0,73.0,71.0,71.0,48.0,54.0,57.0,0.0,0.0,0,0,0,0.0,73.0,0
76,212.0,24.0,44.0,0.0,2.0,47.0,73.0,71.0,71.0,48.0,54.0,57.0,0.0,0.0,0,0,0,0.0,73.0,0
76,212.0,24.0,0.0,0.0,0.0,47.0,73.0,71.0,71.0,48.0,54.0,57.0,0.0,0.0,0,0,0,0.0,73.0,0
73,191.0,26.0,2.0,0.0,0.0,47.0,75.0,72.0,75.0,41.0,49.0,59.0,0.0,0.0,0,0,0,0.0,66.0,0
74,205.0,25.0,0.0,0.0,0.0,46.0,70.0,72.0,73.0,46.0,55.0,55.0,0.0,0.0,0,0,0,0.0,69.0,0
71,176.0,26.0,2.0,0.0,0.0,44.0,68.0,69.0,71.0,39.0,51.0,56.0,0.0,0.0,0,0,0,0.0,73.0,0
71,176.0,26.0,0.0,0.0,0.0,44.0,68.0,69.0,71.0,39.0,51.0,56.0,0.0,0.0,0,0,0,0.0,73.0,0
0,0.0,0.0,38.0,1.0,1.0,91.0,0.0,0.0,0.0,0.0,0.0,0.0,0.0,0.0,0,0,0,0.0,0.0,0
0,0.0,0.0,44.0,0.0,0.0,76.0,0.0,0.0,0.0,0.0,0.0,0.0,0.0,0.0,0,0,0,0.0,0.0,0
0,0.0,0.0,11.0,0.0,0.0,65.0,0.0,0.0,0.0,0.0,0.0,0.0,0.0,0.0,0,0,0,0.0,0.0,0
0,0.0,0.0,0.0,0.0,0.0,58.0,0.0,0.0,0.0,0.0,0.0,0.0,0.0,0.0,0,0,0,0.0,0.0,0
0,0.0,0.0,4.0,0.0,0.0,56.0,0.0,0.0,0.0,0.0,0.0,0.0,0.0,0.0,0,0,0,0.0,0.0,0
0,0.0,0.0,0.0,0.0,0.0,54.0,0.0,0.0,0.0,0.0,0.0,0.0,0.0,0.0,0,0,0,0.0,0.0,0
0,0.0,0.0,0.0,0.0,0.0,72.0,0.0,0.0,0.0,0.0,0.0,0.0,0.0,0.0,0,0,0,0.0,0.0,0
0,0.0,0.0,59.0,0.0,0.0,72.0,0.0,0.0,0.0,0.0,0.0,0.0,0.0,0.0,0,0,0,0.0,0.0,0
0,0.0,0.0,54.0,0.0,0.0,72.0,0.0,0.0,0.0,0.0,0.0,0.0,0.0,0.0,0,0,0,0.0,0.0,0
0,0.0,0.0,0.0,0.0,0.0,68.0,0.0,0.0,0.0,0.0,0.0,0.0,0.0,0.0,0,0,0,0.0,0.0,0
0,0.0,0.0,1.0,0.0,0.0,63.0,0.0,0.0,0.0,0.0,0.0,0.0,0.0,0.0,0,0,0,0.0,0.0,0
0,0.0,0.0,9.0,0.0,0.0,60.0,0.0,0.0,0.0,0.0,0.0,0.0,0.0,0.0,0,0,0,0.0,0.0,0
0,0.0,0.0,5.0,0.0,0.0,59.0,0.0,0.0,0.0,0.0,0.0,0.0,0.0,0.0,0,0,0,0.0,0.0,0
0,0.0,0.0,0.0,0.0,0.0,57.0,0.0,0.0,0.0,0.0,0.0,0.0,0.0,0.0,0,0,0,0.0,0.0,0
0,0.0,0.0,30.0,0.0,0.0,78.0,0.0,0.0,0.0,0.0,0.0,0.0,0.0,0.0,0,0,0,0.0,0.0,0
0,0.0,0.0,44.0,0.0,0.0,67.0,0.0,0.0,0.0,0.0,0.0,0.0,0.0,0.0,0,0,0,0.0,0.0,0
0,0.0,0.0,61.0,1.0,2.0,66.0,0.0,0.0,0.0,0.0,0.0,0.0,0.0,0.0,0,0,0,0.0,0.0,0
0,0.0,0.0,30.0,0.0,0.0,66.0,0.0,0.0,0.0,0.0,0.0,0.0,0.0,0.0,0,0,0,0.0,0.0,0
0,0.0,0.0,10.0,0.0,0.0,66.0,0.0,0.0,0.0,0.0,0.0,0.0,0.0,0.0,0,0,0,0.0,0.0,0
0,0.0,0.0,1.0,0.0,0.0,66.0,0.0,0.0,0.0,0.0,0.0,0.0,0.0,0.0,0,0,0,0.0,0.0,0
0,0.0,0.0,4.0,0.0,0.0,52.0,0.0,0.0,0.0,0.0,0.0,0.0,0.0,0.0,0,0,0,0.0,0.0,0
0,0.0,0.0,0.0,0.0,0.0,49.0,0.0,0.0,0.0,0.0,0.0,0.0,0.0,0.0,0,0,0,0.0,0.0,0
0,0.0,0.0,0.0,0.0,0.0,48.0,0.0,0.0,0.0,0.0,0.0,0.0,0.0,0.0,0,0,0,0.0,0.0,0
0,0.0,0.0,78.0,0.0,3.0,89.0,0.0,0.0,0.0,0.0,0.0,0.0,0.0,0.0,0,0,0,0.0,0.0,0
0,0.0,0.0,44.0,0.0,0.0,79.0,0.0,0.0,0.0,0.0,0.0,0.0,0.0,0.0,0,0,0,0.0,0.0,0
0,0.0,0.0,27.0,0.0,0.0,71.0,0.0,0.0,0.0,0.0,0.0,0.0,0.0,0.0,0,0,0,0.0,0.0,0
0,0.0,0.0,2.0,0.0,0.0,61.0,0.0,0.0,0.0,0.0,0.0,0.0,0.0,0.0,0,0,0,0.0,0.0,0
0,0.0,0.0,0.0,0.0,0.0,59.0,0.0,0.0,0.0,0.0,0.0,0.0,0.0,0.0,0,0,0,0.0,0.0,0
0,0.0,0.0,83.0,1.0,2.0,85.0,0.0,0.0,0.0,0.0,0.0,0.0,0.0,0.0,0,0,0,0.0,0.0,0
0,0.0,0.0,30.0,0.0,0.0,67.0,0.0,0.0,0.0,0.0,0.0,0.0,0.0,0.0,0,0,0,0.0,0.0,0
0,0.0,0.0,0.0,0.0,0.0,67.0,0.0,0.0,0.0,0.0,0.0,0.0,0.0,0.0,0,0,0,0.0,0.0,0
0,0.0,0.0,0.0,0.0,0.0,67.0,0.0,0.0,0.0,0.0,0.0,0.0,0.0,0.0,0,0,0,0.0,0.0,0
0,0.0,0.0,21.0,0.0,0.0,67.0,0.0,0.0,0.0,0.0,0.0,0.0,0.0,0.0,0,0,0,0.0,0.0,0
0,0.0,0.0,0.0,0.0,0.0,67.0,0.0,0.0,0.0,0.0,0.0,0.0,0.0,0.0,0,0,0,0.0,0.0,0
0,0.0,0.0,23.0,0.0,1.0,67.0,0.0,0.0,0.0,0.0,0.0,0.0,0.0,0.0,0,0,0,0.0,0.0,0
0,0.0,0.0,17.0,0.0,0.0,66.0,0.0,0.0,0.0,0.0,0.0,0.0,0.0,0.0,0,0,0,0.0,0.0,0
0,0.0,0.0,10.0,0.0,0.0,65.0,0.0,0.0,0.0,0.0,0.0,0.0,0.0,0.0,0,0,0,0.0,0.0,0
0,0.0,0.0,0.0,0.0,0.0,48.0,0.0,0.0,0.0,0.0,0.0,0.0,0.0,0.0,0,0,0,0.0,0.0,0
0,0.0,0.0,48.0,0.0,1.0,83.0,0.0,0.0,0.0,0.0,0.0,0.0,0.0,0.0,0,0,0,0.0,0.0,0
0,0.0,0.0,34.0,0.0,0.0,82.0,0.0,0.0,0.0,0.0,0.0,0.0,0.0,0.0,0,0,0,0.0,0.0,0
0,0.0,0.0,17.0,0.0,0.0,79.0,0.0,0.0,0.0,0.0,0.0,0.0,0.0,0.0,0,0,0,0.0,0.0,0
0,0.0,0.0,11.0,0.0,0.0,79.0,0.0,0.0,0.0,0.0,0.0,0.0,0.0,0.0,0,0,0,0.0,0.0,0
0,0.0,0.0,18.0,0.0,0.0,70.0,0.0,0.0,0.0,0.0,0.0,0.0,0.0,0.0,0,0,0,0.0,0.0,0
0,0.0,0.0,0.0,0.0,0.0,61.0,0.0,0.0,0.0,0.0,0.0,0.0,0.0,0.0,0,0,0,0.0,0.0,0
0,0.0,0.0,27.0,0.0,0.0,80.0,0.0,0.0,0.0,0.0,0.0,0.0,0.0,0.0,0,0,0,0.0,0.0,0
0,0.0,0.0,0.0,0.0,0.0,75.0,0.0,0.0,0.0,0.0,0.0,0.0,0.0,0.0,0,0,0,0.0,0.0,0
0,0.0,0.0,85.0,2.0,6.0,71.0,0.0,0.0,0.0,0.0,0.0,0.0,0.0,0.0,0,0,0,0.0,0.0,0
0,0.0,0.0,6.0,0.0,0.0,62.0,0.0,0.0,0.0,0.0,0.0,0.0,0.0,0.0,0,0,0,0.0,0.0,0
0,0.0,0.0,5.0,0.0,0.0,62.0,0.0,0.0,0.0,0.0,0.0,0.0,0.0,0.0,0,0,0,0.0,0.0,0
0,0.0,0.0,56.0,0.0,1.0,58.0,0.0,0.0,0.0,0.0,0.0,0.0,0.0,0.0,0,0,0,0.0,0.0,0
0,0.0,0.0,7.0,0.0,0.0,85.0,0.0,0.0,0.0,0.0,0.0,0.0,0.0,0.0,0,0,0,0.0,0.0,0
0,0.0,0.0,33.0,0.0,0.0,85.0,0.0,0.0,0.0,0.0,0.0,0.0,0.0,0.0,0,0,0,0.0,0.0,0
0,0.0,0.0,11.0,0.0,0.0,85.0,0.0,0.0,0.0,0.0,0.0,0.0,0.0,0.0,0,0,0,0.0,0.0,0
0,0.0,0.0,20.0,0.0,0.0,73.0,0.0,0.0,0.0,0.0,0.0,0.0,0.0,0.0,0,0,0,0.0,0.0,0
0,0.0,0.0,0.0,0.0,0.0,69.0,0.0,0.0,0.0,0.0,0.0,0.0,0.0,0.0,0,0,0,0.0,0.0,0
0,0.0,0.0,29.0,0.0,0.0,66.0,0.0,0.0,0.0,0.0,0.0,0.0,0.0,0.0,0,0,0,0.0,0.0,0
0,0.0,0.0,5.0,0.0,0.0,65.0,0.0,0.0,0.0,0.0,0.0,0.0,0.0,0.0,0,0,0,0.0,0.0,0
0,0.0,0.0,41.0,0.0,0.0,61.0,0.0,0.0,0.0,0.0,0.0,0.0,0.0,0.0,0,0,0,0.0,0.0,0
0,0.0,0.0,78.0,0.0,0.0,81.0,0.0,0.0,0.0,0.0,0.0,0.0,0.0,0.0,0,0,0,0.0,0.0,0
0,0.0,0.0,0.0,0.0,0.0,80.0,0.0,0.0,0.0,0.0,0.0,0.0,0.0,0.0,0,0,0,0.0,0.0,0
0,0.0,0.0,38.0,0.0,0.0,69.0,0.0,0.0,0.0,0.0,0.0,0.0,0.0,0.0,0,0,0,0.0,0.0,0
0,0.0,0.0,1.0,0.0,0.0,59.0,0.0,0.0,0.0,0.0,0.0,0.0,0.0,0.0,0,0,0,0.0,0.0,0
0,0.0,0.0,0.0,0.0,0.0,54.0,0.0,0.0,0.0,0.0,0.0,0.0,0.0,0.0,0,0,0,0.0,0.0,0
0,0.0,0.0,16.0,0.0,0.0,95.0,0.0,0.0,0.0,0.0,0.0,0.0,0.0,0.0,0,0,0,0.0,0.0,0
0,0.0,0.0,0.0,0.0,1.0,95.0,0.0,0.0,0.0,0.0,0.0,0.0,0.0,0.0,0,0,0,0.0,0.0,0
0,0.0,0.0,67.0,0.0,1.0,84.0,0.0,0.0,0.0,0.0,0.0,0.0,0.0,0.0,0,0,0,0.0,0.0,0
0,0.0,0.0,35.0,0.0,0.0,73.0,0.0,0.0,0.0,0.0,0.0,0.0,0.0,0.0,0,0,0,0.0,0.0,0
0,0.0,0.0,0.0,0.0,1.0,71.0,0.0,0.0,0.0,0.0,0.0,0.0,0.0,0.0,0,0,0,0.0,0.0,0
0,0.0,0.0,2.0,0.0,0.0,69.0,0.0,0.0,0.0,0.0,0.0,0.0,0.0,0.0,0,0,0,0.0,0.0,0
0,0.0,0.0,0.0,0.0,0.0,57.0,0.0,0.0,0.0,0.0,0.0,0.0,0.0,0.0,0,0,0,0.0,0.0,0
0,0.0,0.0,1.0,0.0,0.0,54.0,0.0,0.0,0.0,0.0,0.0,0.0,0.0,0.0,0,0,0,0.0,0.0,0
0,0.0,0.0,38.0,0.0,0.0,80.0,0.0,0.0,0.0,0.0,0.0,0.0,0.0,0.0,0,0,0,0.0,0.0,0
0,0.0,0.0,23.0,0.0,0.0,80.0,0.0,0.0,0.0,0.0,0.0,0.0,0.0,0.0,0,0,0,0.0,0.0,0
0,0.0,0.0,39.0,0.0,0.0,78.0,0.0,0.0,0.0,0.0,0.0,0.0,0.0,0.0,0,0,0,0.0,0.0,0
0,0.0,0.0,18.0,0.0,1.0,65.0,0.0,0.0,0.0,0.0,0.0,0.0,0.0,0.0,0,0,0,0.0,0.0,0
0,0.0,0.0,0.0,0.0,0.0,59.0,0.0,0.0,0.0,0.0,0.0,0.0,0.0,0.0,0,0,0,0.0,0.0,0
0,0.0,0.0,8.0,0.0,0.0,59.0,0.0,0.0,0.0,0.0,0.0,0.0,0.0,0.0,0,0,0,0.0,0.0,0
0,0.0,0.0,65.0,1.0,1.0,78.0,0.0,0.0,0.0,0.0,0.0,0.0,0.0,0.0,0,0,0,0.0,0.0,0
0,0.0,0.0,0.0,0.0,0.0,77.0,0.0,0.0,0.0,0.0,0.0,0.0,0.0,0.0,0,0,0,0.0,0.0,0
0,0.0,0.0,0.0,0.0,0.0,77.0,0.0,0.0,0.0,0.0,0.0,0.0,0.0,0.0,0,0,0,0.0,0.0,0
0,0.0,0.0,30.0,0.0,0.0,77.0,0.0,0.0,0.0,0.0,0.0,0.0,0.0,0.0,0,0,0,0.0,0.0,0
0,0.0,0.0,38.0,0.0,0.0,75.0,0.0,0.0,0.0,0.0,0.0,0.0,0.0,0.0,0,0,0,0.0,0.0,0
0,0.0,0.0,78.0,3.0,4.0,70.0,0.0,0.0,0.0,0.0,0.0,0.0,0.0,0.0,0,0,0,0.0,0.0,0
0,0.0,0.0,66.0,0.0,1.0,69.0,0.0,0.0,0.0,0.0,0.0,0.0,0.0,0.0,0,0,0,0.0,0.0,0
0,0.0,0.0,44.0,0.0,0.0,65.0,0.0,0.0,0.0,0.0,0.0,0.0,0.0,0.0,0,0,0,0.0,0.0,0
0,0.0,0.0,5.0,0.0,0.0,64.0,0.0,0.0,0.0,0.0,0.0,0.0,0.0,0.0,0,0,0,0.0,0.0,0
0,0.0,0.0,39.0,0.0,0.0,63.0,0.0,0.0,0.0,0.0,0.0,0.0,0.0,0.0,0,0,0,0.0,0.0,0
0,0.0,0.0,0.0,0.0,0.0,63.0,0.0,0.0,0.0,0.0,0.0,0.0,0.0,0.0,0,0,0,0.0,0.0,0
0,0.0,0.0,48.0,0.0,2.0,61.0,0.0,0.0,0.0,0.0,0.0,0.0,0.0,0.0,0,0,0,0.0,0.0,0
0,0.0,0.0,0.0,0.0,0.0,60.0,0.0,0.0,0.0,0.0,0.0,0.0,0.0,0.0,0,0,0,0.0,0.0,0
0,0.0,0.0,0.0,0.0,0.0,60.0,0.0,0.0,0.0,0.0,0.0,0.0,0.0,0.0,0,0,0,0.0,0.0,0
0,0.0,0.0,3.0,0.0,0.0,59.0,0.0,0.0,0.0,0.0,0.0,0.0,0.0,0.0,0,0,0,0.0,0.0,0
0,0.0,0.0,2.0,0.0,0.0,57.0,0.0,0.0,0.0,0.0,0.0,0.0,0.0,0.0,0,0,0,0.0,0.0,0
0,0.0,0.0,0.0,0.0,0.0,57.0,0.0,0.0,0.0,0.0,0.0,0.0,0.0,0.0,0,0,0,0.0,0.0,0
0,0.0,0.0,5.0,0.0,0.0,55.0,0.0,0.0,0.0,0.0,0.0,0.0,0.0,0.0,0,0,0,0.0,0.0,0
0,0.0,0.0,8.0,0.0,0.0,55.0,0.0,0.0,0.0,0.0,0.0,0.0,0.0,0.0,0,0,0,0.0,0.0,0
0,0.0,0.0,0.0,0.0,0.0,54.0,0.0,0.0,0.0,0.0,0.0,0.0,0.0,0.0,0,0,0,0.0,0.0,0
0,0.0,0.0,0.0,0.0,0.0,54.0,0.0,0.0,0.0,0.0,0.0,0.0,0.0,0.0,0,0,0,0.0,0.0,0
0,0.0,0.0,7.0,0.0,0.0,53.0,0.0,0.0,0.0,0.0,0.0,0.0,0.0,0.0,0,0,0,0.0,0.0,0
0,0.0,0.0,1.0,0.0,0.0,52.0,0.0,0.0,0.0,0.0,0.0,0.0,0.0,0.0,0,0,0,0.0,0.0,0
0,0.0,0.0,0.0,0.0,0.0,52.0,0.0,0.0,0.0,0.0,0.0,0.0,0.0,0.0,0,0,0,0.0,0.0,0
0,0.0,0.0,13.0,0.0,0.0,51.0,0.0,0.0,0.0,0.0,0.0,0.0,0.0,0.0,0,0,0,0.0,0.0,0
0,0.0,0.0,2.0,0.0,0.0,51.0,0.0,0.0,0.0,0.0,0.0,0.0,0.0,0.0,0,0,0,0.0,0.0,0
0,0.0,0.0,0.0,0.0,0.0,48.0,0.0,0.0,0.0,0.0,0.0,0.0,0.0,0.0,0,0,0,0.0,0.0,0
0,0.0,0.0,0.0,0.0,0.0,47.0,0.0,0.0,0.0,0.0,0.0,0.0,0.0,0.0,0,0,0,0.0,0.0,0
0,0.0,0.0,0.0,0.0,0.0,41.0,0.0,0.0,0.0,0.0,0.0,0.0,0.0,0.0,0,0,0,0.0,0.0,0
0,0.0,0.0,67.0,0.0,1.0,79.0,0.0,0.0,0.0,0.0,0.0,0.0,0.0,0.0,0,0,0,0.0,0.0,0
0,0.0,0.0,40.0,0.0,1.0,69.0,0.0,0.0,0.0,0.0,0.0,0.0,0.0,0.0,0,0,0,0.0,0.0,0
0,0.0,0.0,18.0,0.0,0.0,69.0,0.0,0.0,0.0,0.0,0.0,0.0,0.0,0.0,0,0,0,0.0,0.0,0
0,0.0,0.0,76.0,0.0,4.0,67.0,0.0,0.0,0.0,0.0,0.0,0.0,0.0,0.0,0,0,0,0.0,0.0,0
0,0.0,0.0,7.0,0.0,0.0,67.0,0.0,0.0,0.0,0.0,0.0,0.0,0.0,0.0,0,0,0,0.0,0.0,0
0,0.0,0.0,1.0,0.0,0.0,52.0,0.0,0.0,0.0,0.0,0.0,0.0,0.0,0.0,0,0,0,0.0,0.0,0
0,0.0,0.0,42.0,0.0,0.0,73.0,0.0,0.0,0.0,0.0,0.0,0.0,0.0,0.0,0,0,0,0.0,0.0,0
0,0.0,0.0,27.0,0.0,0.0,73.0,0.0,0.0,0.0,0.0,0.0,0.0,0.0,0.0,0,0,0,0.0,0.0,0
0,0.0,0.0,22.0,1.0,2.0,68.0,0.0,0.0,0.0,0.0,0.0,0.0,0.0,0.0,0,0,0,0.0,0.0,0
0,0.0,0.0,3.0,0.0,0.0,59.0,0.0,0.0,0.0,0.0,0.0,0.0,0.0,0.0,0,0,0,0.0,0.0,0
0,0.0,0.0,8.0,0.0,0.0,59.0,0.0,0.0,0.0,0.0,0.0,0.0,0.0,0.0,0,0,0,0.0,0.0,0
0,0.0,0.0,2.0,0.0,0.0,59.0,0.0,0.0,0.0,0.0,0.0,0.0,0.0,0.0,0,0,0,0.0,0.0,0
0,0.0,0.0,0.0,0.0,0.0,56.0,0.0,0.0,0.0,0.0,0.0,0.0,0.0,0.0,0,0,0,0.0,0.0,0
0,0.0,0.0,123.0,3.0,8.0,97.0,0.0,0.0,0.0,0.0,0.0,0.0,0.0,0.0,0,0,0,0.0,0.0,0
0,0.0,0.0,39.0,0.0,0.0,81.0,0.0,0.0,0.0,0.0,0.0,0.0,0.0,0.0,0,0,0,0.0,0.0,0
0,0.0,0.0,116.0,1.0,6.0,76.0,0.0,0.0,0.0,0.0,0.0,0.0,0.0,0.0,0,0,0,0.0,0.0,0
0,0.0,0.0,12.0,0.0,0.0,59.0,0.0,0.0,0.0,0.0,0.0,0.0,0.0,0.0,0,0,0,0.0,0.0,0
0,0.0,0.0,0.0,0.0,0.0,43.0,0.0,0.0,0.0,0.0,0.0,0.0,0.0,0.0,0,0,0,0.0,0.0,0
0,0.0,0.0,0.0,0.0,0.0,93.0,0.0,0.0,0.0,0.0,0.0,0.0,0.0,0.0,0,0,0,0.0,0.0,0
0,0.0,0.0,1.0,0.0,0.0,93.0,0.0,0.0,0.0,0.0,0.0,0.0,0.0,0.0,0,0,0,0.0,0.0,0
0,0.0,0.0,0.0,0.0,0.0,93.0,0.0,0.0,0.0,0.0,0.0,0.0,0.0,0.0,0,0,0,0.0,0.0,0
0,0.0,0.0,94.0,0.0,5.0,93.0,0.0,0.0,0.0,0.0,0.0,0.0,0.0,0.0,0,0,0,0.0,0.0,0
0,0.0,0.0,33.0,0.0,0.0,93.0,0.0,0.0,0.0,0.0,0.0,0.0,0.0,0.0,0,0,0,0.0,0.0,0
0,0.0,0.0,27.0,0.0,0.0,71.0,0.0,0.0,0.0,0.0,0.0,0.0,0.0,0.0,0,0,0,0.0,0.0,0
0,0.0,0.0,11.0,0.0,0.0,71.0,0.0,0.0,0.0,0.0,0.0,0.0,0.0,0.0,0,0,0,0.0,0.0,0
0,0.0,0.0,5.0,0.0,0.0,71.0,0.0,0.0,0.0,0.0,0.0,0.0,0.0,0.0,0,0,0,0.0,0.0,0
0,0.0,0.0,0.0,0.0,0.0,59.0,0.0,0.0,0.0,0.0,0.0,0.0,0.0,0.0,0,0,0,0.0,0.0,0
0,0.0,0.0,0.0,0.0,0.0,52.0,0.0,0.0,0.0,0.0,0.0,0.0,0.0,0.0,0,0,0,0.0,0.0,0
0,0.0,0.0,0.0,0.0,0.0,84.0,0.0,0.0,0.0,0.0,0.0,0.0,0.0,0.0,0,0,0,0.0,0.0,0
0,0.0,0.0,6.0,0.0,0.0,71.0,0.0,0.0,0.0,0.0,0.0,0.0,0.0,0.0,0,0,0,0.0,0.0,0
0,0.0,0.0,5.0,0.0,0.0,70.0,0.0,0.0,0.0,0.0,0.0,0.0,0.0,0.0,0,0,0,0.0,0.0,0
0,0.0,0.0,69.0,0.0,0.0,65.0,0.0,0.0,0.0,0.0,0.0,0.0,0.0,0.0,0,0,0,0.0,0.0,0
0,0.0,0.0,0.0,0.0,0.0,62.0,0.0,0.0,0.0,0.0,0.0,0.0,0.0,0.0,0,0,0,0.0,0.0,0
0,0.0,0.0,2.0,0.0,0.0,62.0,0.0,0.0,0.0,0.0,0.0,0.0,0.0,0.0,0,0,0,0.0,0.0,0
0,0.0,0.0,0.0,0.0,0.0,58.0,0.0,0.0,0.0,0.0,0.0,0.0,0.0,0.0,0,0,0,0.0,0.0,0
0,0.0,0.0,29.0,1.0,2.0,54.0,0.0,0.0,0.0,0.0,0.0,0.0,0.0,0.0,0,0,0,0.0,0.0,0
0,0.0,0.0,58.0,0.0,1.0,83.0,0.0,0.0,0.0,0.0,0.0,0.0,0.0,0.0,0,0,0,0.0,0.0,0
0,0.0,0.0,0.0,0.0,0.0,79.0,0.0,0.0,0.0,0.0,0.0,0.0,0.0,0.0,0,0,0,0.0,0.0,0
0,0.0,0.0,0.0,0.0,0.0,72.0,0.0,0.0,0.0,0.0,0.0,0.0,0.0,0.0,0,0,0,0.0,0.0,0
0,0.0,0.0,20.0,0.0,0.0,63.0,0.0,0.0,0.0,0.0,0.0,0.0,0.0,0.0,0,0,0,0.0,0.0,0
0,0.0,0.0,0.0,0.0,0.0,53.0,0.0,0.0,0.0,0.0,0.0,0.0,0.0,0.0,0,0,0,0.0,0.0,0
0,0.0,0.0,0.0,0.0,0.0,51.0,0.0,0.0,0.0,0.0,0.0,0.0,0.0,0.0,0,0,0,0.0,0.0,0
0,0.0,0.0,124.0,4.0,6.0,98.0,0.0,0.0,0.0,0.0,0.0,0.0,0.0,0.0,0,0,0,0.0,0.0,0
0,0.0,0.0,56.0,0.0,0.0,78.0,0.0,0.0,0.0,0.0,0.0,0.0,0.0,0.0,0,0,0,0.0,0.0,0
0,0.0,0.0,27.0,0.0,0.0,78.0,0.0,0.0,0.0,0.0,0.0,0.0,0.0,0.0,0,0,0,0.0,0.0,0
0,0.0,0.0,10.0,0.0,0.0,71.0,0.0,0.0,0.0,0.0,0.0,0.0,0.0,0.0,0,0,0,0.0,0.0,0
0,0.0,0.0,48.0,0.0,0.0,66.0,0.0,0.0,0.0,0.0,0.0,0.0,0.0,0.0,0,0,0,0.0,0.0,0
0,0.0,0.0,7.0,0.0,0.0,63.0,0.0,0.0,0.0,0.0,0.0,0.0,0.0,0.0,0,0,0,0.0,0.0,0
0,0.0,0.0,0.0,0.0,0.0,57.0,0.0,0.0,0.0,0.0,0.0,0.0,0.0,0.0,0,0,0,0.0,0.0,0
0,0.0,0.0,60.0,0.0,3.0,57.0,0.0,0.0,0.0,0.0,0.0,0.0,0.0,0.0,0,0,0,0.0,0.0,0
0,0.0,0.0,56.0,0.0,1.0,89.0,0.0,0.0,0.0,0.0,0.0,0.0,0.0,0.0,0,0,0,0.0,0.0,0
0,0.0,0.0,0.0,0.0,0.0,77.0,0.0,0.0,0.0,0.0,0.0,0.0,0.0,0.0,0,0,0,0.0,0.0,0
0,0.0,0.0,18.0,0.0,0.0,74.0,0.0,0.0,0.0,0.0,0.0,0.0,0.0,0.0,0,0,0,0.0,0.0,0
0,0.0,0.0,52.0,0.0,0.0,62.0,0.0,0.0,0.0,0.0,0.0,0.0,0.0,0.0,0,0,0,0.0,0.0,0
0,0.0,0.0,0.0,0.0,0.0,60.0,0.0,0.0,0.0,0.0,0.0,0.0,0.0,0.0,0,0,0,0.0,0.0,0
0,0.0,0.0,1.0,0.0,0.0,60.0,0.0,0.0,0.0,0.0,0.0,0.0,0.0,0.0,0,0,0,0.0,0.0,0
0,0.0,0.0,70.0,0.0,4.0,88.0,0.0,0.0,0.0,0.0,0.0,0.0,0.0,0.0,0,0,0,0.0,0.0,0
0,0.0,0.0,0.0,0.0,0.0,75.0,0.0,0.0,0.0,0.0,0.0,0.0,0.0,0.0,0,0,0,0.0,0.0,0
0,0.0,0.0,29.0,0.0,0.0,72.0,0.0,0.0,0.0,0.0,0.0,0.0,0.0,0.0,0,0,0,0.0,0.0,0
0,0.0,0.0,53.0,0.0,0.0,65.0,0.0,0.0,0.0,0.0,0.0,0.0,0.0,0.0,0,0,0,0.0,0.0,0
0,0.0,0.0,43.0,0.0,1.0,50.0,0.0,0.0,0.0,0.0,0.0,0.0,0.0,0.0,0,0,0,0.0,0.0,0
0,0.0,0.0,0.0,0.0,0.0,44.0,0.0,0.0,0.0,0.0,0.0,0.0,0.0,0.0,0,0,0,0.0,0.0,0
0,0.0,0.0,69.0,0.0,0.0,83.0,0.0,0.0,0.0,0.0,0.0,0.0,0.0,0.0,0,0,0,0.0,0.0,0
0,0.0,0.0,43.0,0.0,0.0,78.0,0.0,0.0,0.0,0.0,0.0,0.0,0.0,0.0,0,0,0,0.0,0.0,0
0,0.0,0.0,0.0,0.0,0.0,68.0,0.0,0.0,0.0,0.0,0.0,0.0,0.0,0.0,0,0,0,0.0,0.0,0
0,0.0,0.0,10.0,0.0,0.0,68.0,0.0,0.0,0.0,0.0,0.0,0.0,0.0,0.0,0,0,0,0.0,0.0,0
0,0.0,0.0,6.0,0.0,0.0,68.0,0.0,0.0,0.0,0.0,0.0,0.0,0.0,0.0,0,0,0,0.0,0.0,0
0,0.0,0.0,1.0,0.0,0.0,58.0,0.0,0.0,0.0,0.0,0.0,0.0,0.0,0.0,0,0,0,0.0,0.0,0
0,0.0,0.0,4.0,0.0,0.0,57.0,0.0,0.0,0.0,0.0,0.0,0.0,0.0,0.0,0,0,0,0.0,0.0,0
0,0.0,0.0,68.0,0.0,1.0,80.0,0.0,0.0,0.0,0.0,0.0,0.0,0.0,0.0,0,0,0,0.0,0.0,0
0,0.0,0.0,0.0,0.0,0.0,73.0,0.0,0.0,0.0,0.0,0.0,0.0,0.0,0.0,0,0,0,0.0,0.0,0
0,0.0,0.0,72.0,0.0,1.0,71.0,0.0,0.0,0.0,0.0,0.0,0.0,0.0,0.0,0,0,0,0.0,0.0,0
0,0.0,0.0,0.0,0.0,0.0,56.0,0.0,0.0,0.0,0.0,0.0,0.0,0.0,0.0,0,0,0,0.0,0.0,0
0,0.0,0.0,0.0,0.0,0.0,55.0,0.0,0.0,0.0,0.0,0.0,0.0,0.0,0.0,0,0,0,0.0,0.0,0
0,0.0,0.0,0.0,0.0,0.0,52.0,0.0,0.0,0.0,0.0,0.0,0.0,0.0,0.0,0,0,0,0.0,0.0,0
0,0.0,0.0,105.0,0.0,9.0,90.0,0.0,0.0,0.0,0.0,0.0,0.0,0.0,0.0,0,0,0,0.0,0.0,0
0,0.0,0.0,160.0,10.0,13.0,84.0,0.0,0.0,0.0,0.0,0.0,0.0,0.0,0.0,0,0,0,0.0,0.0,0
0,0.0,0.0,33.0,0.0,0.0,73.0,0.0,0.0,0.0,0.0,0.0,0.0,0.0,0.0,0,0,0,0.0,0.0,0
0,0.0,0.0,0.0,0.0,0.0,64.0,0.0,0.0,0.0,0.0,0.0,0.0,0.0,0.0,0,0,0,0.0,0.0,0
0,0.0,0.0,8.0,0.0,0.0,60.0,0.0,0.0,0.0,0.0,0.0,0.0,0.0,0.0,0,0,0,0.0,0.0,0
0,0.0,0.0,0.0,0.0,0.0,53.0,0.0,0.0,0.0,0.0,0.0,0.0,0.0,0.0,0,0,0,0.0,0.0,0
0,0.0,0.0,0.0,0.0,0.0,83.0,0.0,0.0,0.0,0.0,0.0,0.0,0.0,0.0,0,0,0,0.0,0.0,0
0,0.0,0.0,13.0,0.0,0.0,79.0,0.0,0.0,0.0,0.0,0.0,0.0,0.0,0.0,0,0,0,0.0,0.0,0
0,0.0,0.0,25.0,0.0,0.0,79.0,0.0,0.0,0.0,0.0,0.0,0.0,0.0,0.0,0,0,0,0.0,0.0,0
0,0.0,0.0,4.0,0.0,0.0,60.0,0.0,0.0,0.0,0.0,0.0,0.0,0.0,0.0,0,0,0,0.0,0.0,0
0,0.0,0.0,0.0,0.0,0.0,58.0,0.0,0.0,0.0,0.0,0.0,0.0,0.0,0.0,0,0,0,0.0,0.0,0
0,0.0,0.0,2.0,0.0,0.0,58.0,0.0,0.0,0.0,0.0,0.0,0.0,0.0,0.0,0,0,0,0.0,0.0,0
0,0.0,0.0,88.0,0.0,4.0,85.0,0.0,0.0,0.0,0.0,0.0,0.0,0.0,0.0,0,0,0,0.0,0.0,0
0,0.0,0.0,70.0,0.0,0.0,83.0,0.0,0.0,0.0,0.0,0.0,0.0,0.0,0.0,0,0,0,0.0,0.0,0
0,0.0,0.0,65.0,0.0,1.0,70.0,0.0,0.0,0.0,0.0,0.0,0.0,0.0,0.0,0,0,0,0.0,0.0,0
0,0.0,0.0,19.0,0.0,0.0,66.0,0.0,0.0,0.0,0.0,0.0,0.0,0.0,0.0,0,0,0,0.0,0.0,0
0,0.0,0.0,0.0,0.0,0.0,66.0,0.0,0.0,0.0,0.0,0.0,0.0,0.0,0.0,0,0,0,0.0,0.0,0
0,0.0,0.0,0.0,0.0,0.0,58.0,0.0,0.0,0.0,0.0,0.0,0.0,0.0,0.0,0,0,0,0.0,0.0,0
0,0.0,0.0,62.0,0.0,0.0,80.0,0.0,0.0,0.0,0.0,0.0,0.0,0.0,0.0,0,0,0,0.0,0.0,0
0,0.0,0.0,20.0,0.0,0.0,71.0,0.0,0.0,0.0,0.0,0.0,0.0,0.0,0.0,0,0,0,0.0,0.0,0
0,0.0,0.0,30.0,0.0,0.0,69.0,0.0,0.0,0.0,0.0,0.0,0.0,0.0,0.0,0,0,0,0.0,0.0,0
0,0.0,0.0,0.0,0.0,0.0,61.0,0.0,0.0,0.0,0.0,0.0,0.0,0.0,0.0,0,0,0,0.0,0.0,0
0,0.0,0.0,7.0,0.0,0.0,54.0,0.0,0.0,0.0,0.0,0.0,0.0,0.0,0.0,0,0,0,0.0,0.0,0
0,0.0,0.0,12.0,0.0,0.0,52.0,0.0,0.0,0.0,0.0,0.0,0.0,0.0,0.0,0,0,0,0.0,0.0,0
0,0.0,0.0,121.0,5.0,6.0,98.0,0.0,0.0,0.0,0.0,0.0,0.0,0.0,0.0,0,0,0,0.0,0.0,0
0,0.0,0.0,40.0,0.0,0.0,77.0,0.0,0.0,0.0,0.0,0.0,0.0,0.0,0.0,0,0,0,0.0,0.0,0
0,0.0,0.0,23.0,0.0,0.0,68.0,0.0,0.0,0.0,0.0,0.0,0.0,0.0,0.0,0,0,0,0.0,0.0,0
0,0.0,0.0,0.0,0.0,0.0,56.0,0.0,0.0,0.0,0.0,0.0,0.0,0.0,0.0,0,0,0,0.0,0.0,0
0,0.0,0.0,22.0,0.0,0.0,48.0,0.0,0.0,0.0,0.0,0.0,0.0,0.0,0.0,0,0,0,0.0,0.0,0
0,0.0,0.0,55.0,0.0,0.0,82.0,0.0,0.0,0.0,0.0,0.0,0.0,0.0,0.0,0,0,0,0.0,0.0,0
0,0.0,0.0,35.0,0.0,1.0,78.0,0.0,0.0,0.0,0.0,0.0,0.0,0.0,0.0,0,0,0,0.0,0.0,0
0,0.0,0.0,54.0,0.0,0.0,69.0,0.0,0.0,0.0,0.0,0.0,0.0,0.0,0.0,0,0,0,0.0,0.0,0
0,0.0,0.0,0.0,0.0,0.0,66.0,0.0,0.0,0.0,0.0,0.0,0.0,0.0,0.0,0,0,0,0.0,0.0,0
0,0.0,0.0,0.0,0.0,0.0,66.0,0.0,0.0,0.0,0.0,0.0,0.0,0.0,0.0,0,0,0,0.0,0.0,0
0,0.0,0.0,0.0,0.0,0.0,66.0,0.0,0.0,0.0,0.0,0.0,0.0,0.0,0.0,0,0,0,0.0,0.0,0
0,0.0,0.0,17.0,0.0,0.0,66.0,0.0,0.0,0.0,0.0,0.0,0.0,0.0,0.0,0,0,0,0.0,0.0,0
0,0.0,0.0,18.0,0.0,0.0,66.0,0.0,0.0,0.0,0.0,0.0,0.0,0.0,0.0,0,0,0,0.0,0.0,0
0,0.0,0.0,0.0,0.0,1.0,66.0,0.0,0.0,0.0,0.0,0.0,0.0,0.0,0.0,0,0,0,0.0,0.0,0
0,0.0,0.0,4.0,0.0,0.0,66.0,0.0,0.0,0.0,0.0,0.0,0.0,0.0,0.0,0,0,0,0.0,0.0,0
0,0.0,0.0,2.0,0.0,0.0,66.0,0.0,0.0,0.0,0.0,0.0,0.0,0.0,0.0,0,0,0,0.0,0.0,0
0,0.0,0.0,1.0,0.0,1.0,61.0,0.0,0.0,0.0,0.0,0.0,0.0,0.0,0.0,0,0,0,0.0,0.0,0
0,0.0,0.0,0.0,0.0,0.0,58.0,0.0,0.0,0.0,0.0,0.0,0.0,0.0,0.0,0,0,0,0.0,0.0,0
0,0.0,0.0,0.0,0.0,0.0,45.0,0.0,0.0,0.0,0.0,0.0,0.0,0.0,0.0,0,0,0,0.0,0.0,0
0,0.0,0.0,101.0,0.0,4.0,92.0,0.0,0.0,0.0,0.0,0.0,0.0,0.0,0.0,0,0,0,0.0,0.0,0
0,0.0,0.0,99.0,1.0,7.0,92.0,0.0,0.0,0.0,0.0,0.0,0.0,0.0,0.0,0,0,0,0.0,0.0,0
0,0.0,0.0,56.0,0.0,0.0,75.0,0.0,0.0,0.0,0.0,0.0,0.0,0.0,0.0,0,0,0,0.0,0.0,0
0,0.0,0.0,0.0,0.0,0.0,72.0,0.0,0.0,0.0,0.0,0.0,0.0,0.0,0.0,0,0,0,0.0,0.0,0
0,0.0,0.0,0.0,0.0,0.0,60.0,0.0,0.0,0.0,0.0,0.0,0.0,0.0,0.0,0,0,0,0.0,0.0,0
0,0.0,0.0,0.0,0.0,0.0,60.0,0.0,0.0,0.0,0.0,0.0,0.0,0.0,0.0,0,0,0,0.0,0.0,0
0,0.0,0.0,0.0,0.0,0.0,52.0,0.0,0.0,0.0,0.0,0.0,0.0,0.0,0.0,0,0,0,0.0,0.0,0
0,0.0,0.0,79.0,0.0,3.0,92.0,0.0,0.0,0.0,0.0,0.0,0.0,0.0,0.0,0,0,0,0.0,0.0,0
0,0.0,0.0,83.0,0.0,2.0,80.0,0.0,0.0,0.0,0.0,0.0,0.0,0.0,0.0,0,0,0,0.0,0.0,0
0,0.0,0.0,31.0,0.0,0.0,74.0,0.0,0.0,0.0,0.0,0.0,0.0,0.0,0.0,0,0,0,0.0,0.0,0
0,0.0,0.0,0.0,0.0,0.0,68.0,0.0,0.0,0.0,0.0,0.0,0.0,0.0,0.0,0,0,0,0.0,0.0,0
0,0.0,0.0,13.0,0.0,0.0,65.0,0.0,0.0,0.0,0.0,0.0,0.0,0.0,0.0,0,0,0,0.0,0.0,0
0,0.0,0.0,0.0,0.0,0.0,61.0,0.0,0.0,0.0,0.0,0.0,0.0,0.0,0.0,0,0,0,0.0,0.0,0
0,0.0,0.0,1.0,0.0,0.0,53.0,0.0,0.0,0.0,0.0,0.0,0.0,0.0,0.0,0,0,0,0.0,0.0,0
0,0.0,0.0,86.0,1.0,2.0,82.0,0.0,0.0,0.0,0.0,0.0,0.0,0.0,0.0,0,0,0,0.0,0.0,0
0,0.0,0.0,22.0,0.0,0.0,78.0,0.0,0.0,0.0,0.0,0.0,0.0,0.0,0.0,0,0,0,0.0,0.0,0
0,0.0,0.0,33.0,0.0,0.0,65.0,0.0,0.0,0.0,0.0,0.0,0.0,0.0,0.0,0,0,0,0.0,0.0,0
0,0.0,0.0,0.0,0.0,0.0,63.0,0.0,0.0,0.0,0.0,0.0,0.0,0.0,0.0,0,0,0,0.0,0.0,0
0,0.0,0.0,3.0,0.0,0.0,52.0,0.0,0.0,0.0,0.0,0.0,0.0,0.0,0.0,0,0,0,0.0,0.0,0
0,0.0,0.0,0.0,0.0,0.0,51.0,0.0,0.0,0.0,0.0,0.0,0.0,0.0,0.0,0,0,0,0.0,0.0,0
0,0.0,0.0,25.0,0.0,0.0,79.0,0.0,0.0,0.0,0.0,0.0,0.0,0.0,0.0,0,0,0,0.0,0.0,0
0,0.0,0.0,26.0,0.0,0.0,73.0,0.0,0.0,0.0,0.0,0.0,0.0,0.0,0.0,0,0,0,0.0,0.0,0
0,0.0,0.0,15.0,0.0,0.0,71.0,0.0,0.0,0.0,0.0,0.0,0.0,0.0,0.0,0,0,0,0.0,0.0,0
0,0.0,0.0,22.0,0.0,0.0,65.0,0.0,0.0,0.0,0.0,0.0,0.0,0.0,0.0,0,0,0,0.0,0.0,0
0,0.0,0.0,0.0,0.0,0.0,63.0,0.0,0.0,0.0,0.0,0.0,0.0,0.0,0.0,0,0,0,0.0,0.0,0
0,0.0,0.0,0.0,0.0,0.0,62.0,0.0,0.0,0.0,0.0,0.0,0.0,0.0,0.0,0,0,0,0.0,0.0,0
0,0.0,0.0,0.0,0.0,0.0,58.0,0.0,0.0,0.0,0.0,0.0,0.0,0.0,0.0,0,0,0,0.0,0.0,0
0,0.0,0.0,3.0,0.0,0.0,52.0,0.0,0.0,0.0,0.0,0.0,0.0,0.0,0.0,0,0,0,0.0,0.0,0
0,0.0,0.0,38.0,0.0,0.0,79.0,89.0,86.0,81.0,57.0,76.0,83.0,0.0,0.0,0,0,0,0.0,87.0,0
0,0.0,0.0,65.0,1.0,1.0,76.0,81.0,82.0,80.0,52.0,84.0,85.0,0.0,0.0,0,0,0,0.0,79.0,0
0,0.0,0.0,39.0,0.0,0.0,73.0,86.0,84.0,84.0,45.0,74.0,80.0,0.0,0.0,0,0,0,0.0,79.0,0
0,0.0,0.0,18.0,0.0,1.0,64.0,86.0,89.0,90.0,41.0,62.0,63.0,0.0,0.0,0,0,0,0.0,73.0,0
0,0.0,0.0,121.0,5.0,6.0,99.0,97.0,98.0,95.0,68.0,95.0,97.0,0.0,0.0,0,0,0,0.0,95.0,0
0,0.0,0.0,123.0,3.0,8.0,99.0,96.0,97.0,97.0,57.0,97.0,99.0,0.0,0.0,0,0,0,0.0,89.0,0
0,0.0,0.0,124.0,4.0,6.0,98.0,99.0,99.0,97.0,56.0,88.0,94.0,0.0,0.0,0,0,0,0.0,99.0,0
0,0.0,0.0,88.0,0.0,4.0,93.0,89.0,90.0,94.0,69.0,92.0,95.0,0.0,0.0,0,0,0,0.0,85.0,0
0,0.0,0.0,78.0,0.0,3.0,93.0,93.0,95.0,91.0,67.0,92.0,91.0,0.0,0.0,0,0,0,0.0,91.0,0
0,0.0,0.0,70.0,0.0,4.0,92.0,92.0,94.0,91.0,62.0,90.0,92.0,0.0,0.0,0,0,0,0.0,88.0,0
0,0.0,0.0,101.0,0.0,4.0,92.0,93.0,93.0,95.0,51.0,92.0,93.0,0.0,0.0,0,0,0,0.0,87.0,0
0,0.0,0.0,99.0,1.0,7.0,92.0,97.0,96.0,89.0,54.0,91.0,91.0,0.0,0.0,0,0,0,0.0,90.0,0
0,0.0,0.0,69.0,0.0,0.0,91.0,91.0,92.0,91.0,63.0,89.0,91.0,0.0,0.0,0,0,0,0.0,89.0,0
0,0.0,0.0,44.0,0.0,0.0,91.0,97.0,96.0,96.0,53.0,84.0,89.0,0.0,0.0,0,0,0,0.0,88.0,0
0,0.0,0.0,79.0,0.0,3.0,91.0,86.0,89.0,89.0,60.0,93.0,95.0,0.0,0.0,0,0,0,0.0,91.0,0
0,0.0,0.0,70.0,0.0,0.0,90.0,91.0,92.0,91.0,68.0,81.0,88.0,0.0,0.0,0,0,0,0.0,99.0,0
0,0.0,0.0,160.0,10.0,13.0,90.0,87.0,88.0,89.0,58.0,99.0,95.0,0.0,0.0,0,0,0,0.0,78.0,0
0,0.0,0.0,38.0,1.0,1.0,90.0,94.0,95.0,89.0,67.0,83.0,89.0,0.0,0.0,0,0,0,0.0,90.0,0
0,0.0,0.0,16.0,0.0,0.0,90.0,91.0,95.0,89.0,56.0,92.0,92.0,0.0,0.0,0,0,0,0.0,85.0,0
0,0.0,0.0,0.0,0.0,1.0,90.0,91.0,95.0,89.0,56.0,92.0,92.0,0.0,0.0,0,0,0,0.0,85.0,0
0,0.0,0.0,48.0,0.0,1.0,90.0,91.0,90.0,88.0,63.0,89.0,92.0,0.0,0.0,0,0,0,0.0,90.0,0
0,0.0,0.0,0.0,0.0,0.0,89.0,87.0,89.0,88.0,56.0,94.0,93.0,0.0,0.0,0,0,0,0.0,89.0,0
0,0.0,0.0,1.0,0.0,0.0,89.0,87.0,89.0,88.0,56.0,94.0,93.0,0.0,0.0,0,0,0,0.0,89.0,0
0,0.0,0.0,0.0,0.0,0.0,89.0,87.0,89.0,88.0,56.0,94.0,93.0,0.0,0.0,0,0,0,0.0,89.0,0
0,0.0,0.0,94.0,0.0,5.0,89.0,87.0,89.0,88.0,56.0,94.0,93.0,0.0,0.0,0,0,0,0.0,89.0,0
0,0.0,0.0,33.0,0.0,0.0,89.0,87.0,89.0,88.0,56.0,94.0,93.0,0.0,0.0,0,0,0,0.0,89.0,0
0,0.0,0.0,68.0,0.0,1.0,88.0,97.0,96.0,92.0,47.0,82.0,88.0,0.0,0.0,0,0,0,0.0,83.0,0
0,0.0,0.0,56.0,0.0,1.0,88.0,91.0,93.0,92.0,44.0,92.0,94.0,0.0,0.0,0,0,0,0.0,77.0,0
0,0.0,0.0,76.0,0.0,4.0,88.0,92.0,90.0,90.0,56.0,84.0,90.0,0.0,0.0,0,0,0,0.0,89.0,0
0,0.0,0.0,86.0,1.0,2.0,87.0,89.0,88.0,90.0,56.0,88.0,92.0,0.0,0.0,0,0,0,0.0,85.0,0
0,0.0,0.0,35.0,0.0,1.0,86.0,92.0,94.0,93.0,54.0,79.0,86.0,0.0,0.0,0,0,0,0.0,90.0,0
0,0.0,0.0,25.0,0.0,0.0,86.0,89.0,89.0,86.0,66.0,79.0,87.0,0.0,0.0,0,0,0,0.0,97.0,0
0,0.0,0.0,105.0,0.0,9.0,86.0,85.0,87.0,84.0,56.0,97.0,93.0,0.0,0.0,0,0,0,0.0,78.0,0
0,0.0,0.0,33.0,0.0,0.0,85.0,91.0,93.0,90.0,64.0,76.0,85.0,0.0,0.0,0,0,0,0.0,91.0,0
0,0.0,0.0,83.0,1.0,2.0,85.0,86.0,86.0,86.0,60.0,85.0,90.0,0.0,0.0,0,0,0,0.0,88.0,0
0,0.0,0.0,62.0,0.0,0.0,85.0,87.0,89.0,88.0,55.0,86.0,88.0,0.0,0.0,0,0,0,0.0,84.0,0
0,0.0,0.0,85.0,2.0,6.0,85.0,93.0,92.0,89.0,64.0,77.0,86.0,0.0,0.0,0,0,0,0.0,88.0,0
0,0.0,0.0,0.0,0.0,0.0,84.0,97.0,96.0,93.0,52.0,70.0,85.0,0.0,0.0,0,0,0,0.0,88.0,0
0,0.0,0.0,4.0,0.0,0.0,84.0,93.0,92.0,89.0,59.0,70.0,86.0,0.0,0.0,0,0,0,0.0,90.0,0
0,0.0,0.0,58.0,0.0,1.0,84.0,93.0,90.0,91.0,56.0,71.0,85.0,0.0,0.0,0,0,0,0.0,97.0,0
0,0.0,0.0,78.0,0.0,0.0,84.0,94.0,92.0,89.0,48.0,82.0,86.0,0.0,0.0,0,0,0,0.0,86.0,0
0,0.0,0.0,20.0,0.0,0.0,84.0,93.0,92.0,91.0,53.0,75.0,84.0,0.0,0.0,0,0,0,0.0,90.0,0
0,0.0,0.0,55.0,0.0,0.0,83.0,85.0,87.0,89.0,54.0,84.0,88.0,0.0,0.0,0,0,0,0.0,87.0,0
0,0.0,0.0,83.0,0.0,2.0,83.0,84.0,79.0,84.0,53.0,91.0,92.0,0.0,0.0,0,0,0,0.0,84.0,0
0,0.0,0.0,7.0,0.0,0.0,83.0,87.0,88.0,90.0,50.0,85.0,88.0,0.0,0.0,0,0,0,0.0,80.0,0
0,0.0,0.0,33.0,0.0,0.0,83.0,87.0,88.0,90.0,50.0,85.0,88.0,0.0,0.0,0,0,0,0.0,80.0,0
0,0.0,0.0,11.0,0.0,0.0,83.0,87.0,88.0,90.0,50.0,85.0,88.0,0.0,0.0,0,0,0,0.0,80.0,0
0,0.0,0.0,0.0,0.0,0.0,82.0,95.0,95.0,88.0,66.0,65.0,82.0,0.0,0.0,0,0,0,0.0,90.0,0
0,0.0,0.0,94.0,2.0,7.0,82.0,95.0,95.0,88.0,66.0,65.0,82.0,0.0,0.0,0,0,0,0.0,90.0,0
0,0.0,0.0,43.0,0.0,0.0,82.0,88.0,89.0,91.0,48.0,79.0,87.0,0.0,0.0,0,0,0,0.0,82.0,0
0,0.0,0.0,25.0,0.0,0.0,82.0,91.0,93.0,90.0,49.0,78.0,85.0,0.0,0.0,0,0,0,0.0,88.0,0
0,0.0,0.0,67.0,0.0,1.0,82.0,83.0,82.0,82.0,62.0,86.0,90.0,0.0,0.0,0,0,0,0.0,82.0,0
0,0.0,0.0,0.0,0.0,0.0,81.0,92.0,92.0,89.0,48.0,78.0,85.0,0.0,0.0,0,0,0,0.0,80.0,0
0,0.0,0.0,27.0,0.0,0.0,80.0,94.0,91.0,84.0,50.0,74.0,84.0,0.0,0.0,0,0,0,0.0,83.0,0
0,0.0,0.0,0.0,0.0,0.0,80.0,95.0,97.0,98.0,55.0,67.0,75.0,0.0,0.0,0,0,0,0.0,81.0,0
0,0.0,0.0,0.0,0.0,0.0,80.0,83.0,84.0,86.0,53.0,87.0,89.0,0.0,0.0,0,0,0,0.0,69.0,0
0,0.0,0.0,72.0,0.0,1.0,80.0,95.0,98.0,94.0,44.0,67.0,82.0,0.0,0.0,0,0,0,0.0,79.0,0
0,0.0,0.0,23.0,0.0,0.0,80.0,84.0,85.0,83.0,60.0,80.0,85.0,0.0,0.0,0,0,0,0.0,88.0,0
0,0.0,0.0,35.0,0.0,0.0,80.0,92.0,91.0,88.0,48.0,69.0,85.0,0.0,0.0,0,0,0,0.0,87.0,0
0,0.0,0.0,27.0,0.0,0.0,80.0,87.0,92.0,92.0,45.0,72.0,83.0,0.0,0.0,0,0,0,0.0,85.0,0
0,0.0,0.0,38.0,0.0,0.0,79.0,89.0,86.0,81.0,57.0,76.0,83.0,0.0,0.0,0,0,0,0.0,87.0,0
0,0.0,0.0,30.0,0.0,0.0,79.0,87.0,88.0,88.0,54.0,72.0,84.0,0.0,0.0,0,0,0,0.0,89.0,0
0,0.0,0.0,22.0,0.0,0.0,79.0,87.0,88.0,88.0,53.0,75.0,84.0,0.0,0.0,0,0,0,0.0,85.0,0
0,0.0,0.0,30.0,0.0,0.0,79.0,93.0,93.0,92.0,45.0,77.0,80.0,0.0,0.0,0,0,0,0.0,75.0,0
0,0.0,0.0,0.0,0.0,0.0,79.0,93.0,93.0,92.0,45.0,77.0,80.0,0.0,0.0,0,0,0,0.0,75.0,0
0,0.0,0.0,0.0,0.0,0.0,79.0,93.0,93.0,92.0,45.0,77.0,80.0,0.0,0.0,0,0,0,0.0,75.0,0
0,0.0,0.0,21.0,0.0,0.0,79.0,93.0,93.0,92.0,45.0,77.0,80.0,0.0,0.0,0,0,0,0.0,75.0,0
0,0.0,0.0,0.0,0.0,0.0,79.0,93.0,93.0,92.0,45.0,77.0,80.0,0.0,0.0,0,0,0,0.0,75.0,0
0,0.0,0.0,23.0,0.0,1.0,79.0,93.0,93.0,92.0,45.0,77.0,80.0,0.0,0.0,0,0,0,0.0,75.0,0
0,0.0,0.0,0.0,0.0,0.0,79.0,92.0,91.0,85.0,52.0,78.0,79.0,0.0,0.0,0,0,0,0.0,84.0,0
0,0.0,0.0,0.0,0.0,0.0,79.0,79.0,79.0,81.0,57.0,81.0,88.0,0.0,0.0,0,0,0,0.0,93.0,0
0,0.0,0.0,67.0,0.0,1.0,79.0,89.0,88.0,84.0,47.0,70.0,87.0,0.0,0.0,0,0,0,0.0,85.0,0
0,0.0,0.0,38.0,0.0,0.0,79.0,91.0,90.0,90.0,57.0,67.0,81.0,0.0,0.0,0,0,0,0.0,86.0,0
0,0.0,0.0,69.0,0.0,0.0,79.0,92.0,92.0,85.0,52.0,79.0,80.0,0.0,0.0,0,0,0,0.0,78.0,0
0,0.0,0.0,69.0,0.0,0.0,79.0,85.0,86.0,85.0,52.0,83.0,86.0,0.0,0.0,0,0,0,0.0,82.0,0
0,0.0,0.0,31.0,0.0,0.0,79.0,83.0,84.0,81.0,64.0,80.0,85.0,0.0,0.0,0,0,0,0.0,89.0,0
0,0.0,0.0,41.0,0.0,0.0,79.0,95.0,95.0,92.0,47.0,70.0,78.0,0.0,0.0,0,0,0,0.0,82.0,0
0,0.0,0.0,27.0,0.0,0.0,79.0,85.0,90.0,88.0,52.0,77.0,86.0,0.0,0.0,0,0,0,0.0,76.0,0
0,0.0,0.0,116.0,1.0,6.0,78.0,85.0,88.0,86.0,51.0,70.0,85.0,0.0,0.0,0,0,0,0.0,86.0,0
0,0.0,0.0,0.0,0.0,0.0,78.0,95.0,93.0,89.0,51.0,66.0,79.0,0.0,0.0,0,0,0,0.0,89.0,0
0,0.0,0.0,17.0,0.0,0.0,78.0,87.0,87.0,87.0,56.0,68.0,81.0,0.0,0.0,0,0,0,0.0,93.0,0
0,0.0,0.0,11.0,0.0,0.0,78.0,87.0,87.0,87.0,56.0,68.0,81.0,0.0,0.0,0,0,0,0.0,93.0,0
0,0.0,0.0,18.0,0.0,0.0,78.0,90.0,89.0,87.0,55.0,71.0,80.0,0.0,0.0,0,0,0,0.0,85.0,0
0,0.0,0.0,42.0,0.0,0.0,77.0,85.0,89.0,91.0,45.0,66.0,86.0,0.0,0.0,0,0,0,0.0,84.0,0
0,0.0,0.0,52.0,0.0,0.0,77.0,89.0,89.0,91.0,50.0,66.0,82.0,0.0,0.0,0,0,0,0.0,83.0,0
0,0.0,0.0,38.0,0.0,0.0,77.0,96.0,94.0,95.0,35.0,70.0,78.0,0.0,0.0,0,0,0,0.0,74.0,0
0,0.0,0.0,0.0,0.0,0.0,77.0,84.0,82.0,83.0,64.0,80.0,79.0,0.0,0.0,0,0,0,0.0,88.0,0
0,0.0,0.0,30.0,0.0,0.0,77.0,91.0,97.0,88.0,49.0,70.0,75.0,0.0,0.0,0,0,0,0.0,85.0,0
0,0.0,0.0,65.0,1.0,1.0,76.0,81.0,82.0,80.0,52.0,84.0,85.0,0.0,0.0,0,0,0,0.0,79.0,0
0,0.0,0.0,54.0,0.0,0.0,76.0,84.0,87.0,93.0,44.0,80.0,80.0,0.0,0.0,0,0,0,0.0,74.0,0
0,0.0,0.0,29.0,0.0,0.0,76.0,86.0,84.0,84.0,48.0,77.0,82.0,0.0,0.0,0,0,0,0.0,82.0,0
0,0.0,0.0,34.0,0.0,0.0,76.0,87.0,86.0,81.0,55.0,74.0,81.0,0.0,0.0,0,0,0,0.0,85.0,0
0,0.0,0.0,56.0,0.0,0.0,76.0,80.0,82.0,81.0,54.0,85.0,87.0,0.0,0.0,0,0,0,0.0,71.0,0
0,0.0,0.0,18.0,0.0,0.0,76.0,92.0,92.0,88.0,57.0,63.0,77.0,0.0,0.0,0,0,0,0.0,86.0,0
0,0.0,0.0,44.0,0.0,0.0,75.0,82.0,83.0,84.0,49.0,78.0,84.0,0.0,0.0,0,0,0,0.0,77.0,0
0,0.0,0.0,40.0,0.0,1.0,75.0,91.0,91.0,90.0,55.0,57.0,76.0,0.0,0.0,0,0,0,0.0,91.0,0
0,0.0,0.0,0.0,0.0,0.0,75.0,86.0,85.0,83.0,60.0,70.0,80.0,0.0,0.0,0,0,0,0.0,85.0,0
0,0.0,0.0,26.0,0.0,0.0,75.0,89.0,89.0,86.0,54.0,63.0,80.0,0.0,0.0,0,0,0,0.0,87.0,0
0,0.0,0.0,0.0,0.0,0.0,74.0,85.0,84.0,85.0,61.0,70.0,79.0,0.0,0.0,0,0,0,0.0,78.0,0
0,0.0,0.0,10.0,0.0,0.0,74.0,86.0,84.0,81.0,55.0,70.0,77.0,0.0,0.0,0,0,0,0.0,92.0,0
0,0.0,0.0,2.0,0.0,0.0,74.0,90.0,91.0,86.0,45.0,64.0,79.0,0.0,0.0,0,0,0,0.0,85.0,0
0,0.0,0.0,0.0,0.0,0.0,74.0,92.0,87.0,84.0,53.0,67.0,77.0,0.0,0.0,0,0,0,0.0,85.0,0
0,0.0,0.0,20.0,0.0,0.0,74.0,87.0,87.0,87.0,50.0,66.0,80.0,0.0,0.0,0,0,0,0.0,82.0,0
0,0.0,0.0,27.0,0.0,0.0,74.0,84.0,89.0,85.0,50.0,67.0,83.0,0.0,0.0,0,0,0,0.0,79.0,0
0,0.0,0.0,39.0,0.0,0.0,73.0,86.0,84.0,84.0,45.0,74.0,80.0,0.0,0.0,0,0,0,0.0,79.0,0
0,0.0,0.0,39.0,0.0,0.0,73.0,85.0,84.0,80.0,56.0,72.0,78.0,0.0,0.0,0,0,0,0.0,82.0,0
0,0.0,0.0,7.0,0.0,0.0,73.0,88.0,88.0,87.0,52.0,68.0,78.0,0.0,0.0,0,0,0,0.0,78.0,0
0,0.0,0.0,0.0,0.0,0.0,73.0,88.0,90.0,84.0,54.0,62.0,75.0,0.0,0.0,0,0,0,0.0,87.0,0
0,0.0,0.0,11.0,0.0,0.0,72.0,93.0,89.0,83.0,51.0,63.0,72.0,0.0,0.0,0,0,0,0.0,91.0,0
0,0.0,0.0,5.0,0.0,0.0,72.0,93.0,89.0,83.0,51.0,63.0,72.0,0.0,0.0,0,0,0,0.0,91.0,0
0,0.0,0.0,40.0,0.0,0.0,72.0,82.0,80.0,79.0,52.0,75.0,78.0,0.0,0.0,0,0,0,0.0,88.0,0
0,0.0,0.0,6.0,0.0,0.0,72.0,93.0,90.0,85.0,52.0,64.0,72.0,0.0,0.0,0,0,0,0.0,84.0,0
0,0.0,0.0,13.0,0.0,0.0,72.0,88.0,88.0,88.0,40.0,50.0,82.0,0.0,0.0,0,0,0,0.0,86.0,0
0,0.0,0.0,6.0,0.0,0.0,72.0,87.0,82.0,85.0,55.0,70.0,79.0,0.0,0.0,0,0,0,0.0,73.0,0
0,0.0,0.0,13.0,0.0,0.0,72.0,90.0,90.0,89.0,58.0,54.0,73.0,0.0,0.0,0,0,0,0.0,91.0,0
0,0.0,0.0,8.0,0.0,0.0,71.0,97.0,94.0,87.0,45.0,57.0,71.0,0.0,0.0,0,0,0,0.0,80.0,0
0,0.0,0.0,11.0,0.0,0.0,71.0,90.0,88.0,88.0,47.0,62.0,73.0,0.0,0.0,0,0,0,0.0,88.0,0
0,0.0,0.0,2.0,0.0,0.0,71.0,88.0,86.0,82.0,54.0,66.0,78.0,0.0,0.0,0,0,0,0.0,78.0,0
0,0.0,0.0,86.0,0.0,3.0,71.0,87.0,89.0,88.0,57.0,54.0,75.0,0.0,0.0,0,0,0,0.0,85.0,0
0,0.0,0.0,5.0,0.0,0.0,70.0,92.0,88.0,84.0,57.0,52.0,72.0,0.0,0.0,0,0,0,0.0,89.0,0
0,0.0,0.0,0.0,0.0,0.0,70.0,88.0,89.0,88.0,39.0,70.0,75.0,0.0,0.0,0,0,0,0.0,72.0,0
0,0.0,0.0,4.0,0.0,0.0,70.0,87.0,85.0,83.0,48.0,65.0,77.0,0.0,0.0,0,0,0,0.0,78.0,0
0,0.0,0.0,33.0,0.0,0.0,69.0,87.0,88.0,83.0,59.0,58.0,73.0,0.0,0.0,0,0,0,0.0,82.0,0
0,0.0,0.0,0.0,0.0,0.0,69.0,89.0,90.0,89.0,40.0,56.0,74.0,0.0,0.0,0,0,0,0.0,81.0,0
0,0.0,0.0,45.0,0.0,0.0,69.0,85.0,90.0,88.0,44.0,60.0,73.0,0.0,0.0,0,0,0,0.0,80.0,0
0,0.0,0.0,18.0,0.0,0.0,69.0,81.0,79.0,79.0,53.0,72.0,77.0,0.0,0.0,0,0,0,0.0,81.0,0
0,0.0,0.0,29.0,1.0,2.0,69.0,93.0,96.0,96.0,50.0,60.0,65.0,0.0,0.0,0,0,0,0.0,70.0,0
0,0.0,0.0,5.0,0.0,0.0,69.0,81.0,86.0,87.0,44.0,62.0,77.0,0.0,0.0,0,0,0,0.0,78.0,0
0,0.0,0.0,0.0,0.0,0.0,69.0,91.0,87.0,85.0,49.0,65.0,73.0,0.0,0.0,0,0,0,0.0,69.0,0
0,0.0,0.0,3.0,0.0,0.0,68.0,90.0,90.0,84.0,45.0,54.0,70.0,0.0,0.0,0,0,0,0.0,89.0,0
0,0.0,0.0,19.0,0.0,0.0,68.0,84.0,85.0,86.0,45.0,59.0,74.0,0.0,0.0,0,0,0,0.0,84.0,0
0,0.0,0.0,19.0,0.0,0.0,68.0,90.0,89.0,90.0,42.0,54.0,74.0,0.0,0.0,0,0,0,0.0,77.0,0
0,0.0,0.0,5.0,0.0,0.0,68.0,87.0,87.0,86.0,48.0,57.0,74.0,0.0,0.0,0,0,0,0.0,78.0,0
0,0.0,0.0,0.0,0.0,0.0,68.0,89.0,90.0,86.0,42.0,55.0,73.0,0.0,0.0,0,0,0,0.0,79.0,0
0,0.0,0.0,13.0,0.0,0.0,68.0,82.0,80.0,81.0,51.0,70.0,75.0,0.0,0.0,0,0,0,0.0,75.0,0
0,0.0,0.0,6.0,0.0,0.0,68.0,82.0,80.0,81.0,51.0,70.0,75.0,0.0,0.0,0,0,0,0.0,75.0,0
0,0.0,0.0,39.0,0.0,0.0,68.0,82.0,80.0,81.0,51.0,70.0,75.0,0.0,0.0,0,0,0,0.0,75.0,0
0,0.0,0.0,47.0,0.0,0.0,68.0,82.0,80.0,81.0,51.0,70.0,75.0,0.0,0.0,0,0,0,0.0,75.0,0
0,0.0,0.0,7.0,0.0,0.0,68.0,82.0,80.0,81.0,51.0,70.0,75.0,0.0,0.0,0,0,0,0.0,75.0,0
0,0.0,0.0,56.0,0.0,1.0,68.0,84.0,86.0,84.0,54.0,60.0,75.0,0.0,0.0,0,0,0,0.0,74.0,0
0,0.0,0.0,0.0,0.0,0.0,67.0,90.0,85.0,82.0,43.0,58.0,73.0,0.0,0.0,0,0,0,0.0,85.0,0
0,0.0,0.0,25.0,0.0,0.0,67.0,90.0,85.0,82.0,43.0,58.0,73.0,0.0,0.0,0,0,0,0.0,85.0,0
0,0.0,0.0,54.0,0.0,0.0,67.0,84.0,82.0,79.0,48.0,70.0,72.0,0.0,0.0,0,0,0,0.0,82.0,0
0,0.0,0.0,44.0,0.0,0.0,67.0,84.0,85.0,82.0,51.0,63.0,72.0,0.0,0.0,0,0,0,0.0,79.0,0
0,0.0,0.0,6.0,0.0,0.0,67.0,83.0,78.0,78.0,54.0,60.0,76.0,0.0,0.0,0,0,0,0.0,84.0,0
0,0.0,0.0,26.0,0.0,0.0,67.0,90.0,88.0,88.0,35.0,65.0,72.0,0.0,0.0,0,0,0,0.0,67.0,0
0,0.0,0.0,0.0,0.0,0.0,67.0,87.0,87.0,86.0,47.0,64.0,69.0,0.0,0.0,0,0,0,0.0,77.0,0
0,0.0,0.0,1.0,0.0,0.0,67.0,90.0,85.0,86.0,50.0,64.0,67.0,0.0,0.0,0,0,0,0.0,81.0,0
0,0.0,0.0,0.0,0.0,0.0,67.0,87.0,87.0,84.0,43.0,60.0,73.0,0.0,0.0,0,0,0,0.0,78.0,0
0,0.0,0.0,56.0,0.0,0.0,67.0,84.0,83.0,78.0,47.0,70.0,74.0,0.0,0.0,0,0,0,0.0,75.0,0
0,0.0,0.0,27.0,0.0,0.0,67.0,84.0,83.0,78.0,47.0,70.0,74.0,0.0,0.0,0,0,0,0.0,75.0,0
0,0.0,0.0,0.0,0.0,0.0,66.0,90.0,89.0,86.0,52.0,57.0,62.0,0.0,0.0,0,0,0,0.0,90.0,0
0,0.0,0.0,43.0,0.0,1.0,66.0,97.0,97.0,94.0,42.0,59.0,60.0,0.0,0.0,0,0,0,0.0,70.0,0
0,0.0,0.0,0.0,0.0,0.0,66.0,84.0,84.0,81.0,49.0,57.0,75.0,0.0,0.0,0,0,0,0.0,78.0,0
0,0.0,0.0,15.0,0.0,0.0,66.0,84.0,85.0,84.0,45.0,64.0,73.0,0.0,0.0,0,0,0,0.0,75.0,0
0,0.0,0.0,0.0,0.0,0.0,66.0,93.0,92.0,86.0,49.0,46.0,69.0,0.0,0.0,0,0,0,0.0,84.0,0
0,0.0,0.0,10.0,0.0,0.0,66.0,93.0,92.0,86.0,49.0,46.0,69.0,0.0,0.0,0,0,0,0.0,84.0,0
0,0.0,0.0,1.0,0.0,0.0,66.0,85.0,87.0,83.0,50.0,54.0,72.0,0.0,0.0,0,0,0,0.0,85.0,0
0,0.0,0.0,5.0,0.0,0.0,66.0,82.0,76.0,82.0,57.0,64.0,74.0,0.0,0.0,0,0,0,0.0,83.0,0
0,0.0,0.0,0.0,0.0,0.0,65.0,91.0,90.0,82.0,59.0,52.0,64.0,0.0,0.0,0,0,0,0.0,84.0,0
0,0.0,0.0,5.0,0.0,0.0,65.0,83.0,76.0,77.0,48.0,50.0,84.0,0.0,0.0,0,0,0,0.0,74.0,0
0,0.0,0.0,8.0,0.0,0.0,65.0,86.0,85.0,83.0,49.0,50.0,72.0,0.0,0.0,0,0,0,0.0,77.0,0
0,0.0,0.0,0.0,0.0,0.0,65.0,89.0,88.0,86.0,60.0,46.0,70.0,0.0,0.0,0,0,0,0.0,77.0,0
0,0.0,0.0,41.0,0.0,1.0,65.0,85.0,89.0,84.0,44.0,49.0,69.0,0.0,0.0,0,0,0,0.0,89.0,0
0,0.0,0.0,5.0,0.0,0.0,65.0,84.0,84.0,78.0,52.0,50.0,73.0,0.0,0.0,0,0,0,0.0,87.0,0
0,0.0,0.0,3.0,0.0,0.0,65.0,87.0,85.0,82.0,53.0,59.0,66.0,0.0,0.0,0,0,0,0.0,80.0,0
0,0.0,0.0,0.0,0.0,0.0,65.0,86.0,88.0,86.0,46.0,49.0,71.0,0.0,0.0,0,0,0,0.0,75.0,0
0,0.0,0.0,0.0,0.0,0.0,65.0,84.0,86.0,84.0,41.0,60.0,70.0,0.0,0.0,0,0,0,0.0,79.0,0
0,0.0,0.0,0.0,0.0,0.0,65.0,88.0,84.0,80.0,43.0,56.0,71.0,0.0,0.0,0,0,0,0.0,84.0,0
0,0.0,0.0,18.0,0.0,1.0,64.0,86.0,89.0,90.0,41.0,62.0,63.0,0.0,0.0,0,0,0,0.0,73.0,0
0,0.0,0.0,0.0,0.0,0.0,64.0,87.0,82.0,80.0,45.0,62.0,70.0,0.0,0.0,0,0,0,0.0,79.0,0
0,0.0,0.0,0.0,0.0,0.0,64.0,87.0,82.0,80.0,45.0,62.0,70.0,0.0,0.0,0,0,0,0.0,79.0,0
0,0.0,0.0,0.0,0.0,0.0,64.0,87.0,82.0,80.0,45.0,62.0,70.0,0.0,0.0,0,0,0,0.0,79.0,0
0,0.0,0.0,17.0,0.0,0.0,64.0,87.0,82.0,80.0,45.0,62.0,70.0,0.0,0.0,0,0,0,0.0,79.0,0
0,0.0,0.0,18.0,0.0,0.0,64.0,87.0,82.0,80.0,45.0,62.0,70.0,0.0,0.0,0,0,0,0.0,79.0,0
0,0.0,0.0,0.0,0.0,1.0,64.0,87.0,82.0,80.0,45.0,62.0,70.0,0.0,0.0,0,0,0,0.0,79.0,0
0,0.0,0.0,4.0,0.0,0.0,64.0,87.0,82.0,80.0,45.0,62.0,70.0,0.0,0.0,0,0,0,0.0,79.0,0
0,0.0,0.0,2.0,0.0,0.0,64.0,87.0,82.0,80.0,45.0,62.0,70.0,0.0,0.0,0,0,0,0.0,79.0,0
0,0.0,0.0,21.0,0.0,0.0,64.0,84.0,84.0,83.0,57.0,52.0,70.0,0.0,0.0,0,0,0,0.0,78.0,0
0,0.0,0.0,22.0,1.0,2.0,64.0,90.0,88.0,88.0,35.0,62.0,67.0,0.0,0.0,0,0,0,0.0,65.0,0
0,0.0,0.0,22.0,0.0,0.0,64.0,89.0,85.0,87.0,47.0,52.0,70.0,0.0,0.0,0,0,0,0.0,74.0,0
0,0.0,0.0,0.0,0.0,0.0,64.0,83.0,83.0,84.0,50.0,50.0,72.0,0.0,0.0,0,0,0,0.0,83.0,0
0,0.0,0.0,12.0,0.0,0.0,64.0,84.0,85.0,87.0,37.0,52.0,73.0,0.0,0.0,0,0,0,0.0,75.0,0
0,0.0,0.0,7.0,0.0,0.0,64.0,83.0,82.0,84.0,49.0,48.0,74.0,0.0,0.0,0,0,0,0.0,81.0,0
0,0.0,0.0,22.0,0.0,0.0,64.0,85.0,88.0,83.0,44.0,52.0,72.0,0.0,0.0,0,0,0,0.0,76.0,0
0,0.0,0.0,7.0,0.0,0.0,63.0,83.0,82.0,85.0,53.0,38.0,72.0,0.0,0.0,0,0,0,0.0,87.0,0
0,0.0,0.0,0.0,0.0,0.0,63.0,91.0,90.0,87.0,44.0,43.0,66.0,0.0,0.0,0,0,0,0.0,84.0,0
0,0.0,0.0,0.0,0.0,0.0,63.0,85.0,82.0,78.0,48.0,55.0,73.0,0.0,0.0,0,0,0,0.0,75.0,0
0,0.0,0.0,61.0,1.0,2.0,63.0,82.0,84.0,80.0,52.0,53.0,70.0,0.0,0.0,0,0,0,0.0,87.0,0
0,0.0,0.0,30.0,0.0,0.0,63.0,82.0,84.0,80.0,52.0,53.0,70.0,0.0,0.0,0,0,0,0.0,87.0,0
0,0.0,0.0,10.0,0.0,0.0,63.0,82.0,84.0,80.0,52.0,53.0,70.0,0.0,0.0,0,0,0,0.0,87.0,0
0,0.0,0.0,1.0,0.0,0.0,63.0,82.0,84.0,80.0,52.0,53.0,70.0,0.0,0.0,0,0,0,0.0,87.0,0
0,0.0,0.0,20.0,0.0,0.0,63.0,85.0,85.0,86.0,47.0,60.0,68.0,0.0,0.0,0,0,0,0.0,69.0,0
0,0.0,0.0,22.0,0.0,0.0,63.0,83.0,80.0,85.0,49.0,57.0,69.0,0.0,0.0,0,0,0,0.0,82.0,0
0,0.0,0.0,0.0,0.0,0.0,63.0,94.0,88.0,81.0,53.0,40.0,69.0,0.0,0.0,0,0,0,0.0,79.0,0
0,0.0,0.0,0.0,0.0,0.0,63.0,83.0,85.0,80.0,51.0,56.0,67.0,0.0,0.0,0,0,0,0.0,74.0,0
0,0.0,0.0,7.0,0.0,0.0,63.0,88.0,86.0,80.0,53.0,55.0,67.0,0.0,0.0,0,0,0,0.0,79.0,0
0,0.0,0.0,3.0,0.0,0.0,62.0,75.0,77.0,75.0,50.0,65.0,75.0,0.0,0.0,0,0,0,0.0,76.0,0
0,0.0,0.0,1.0,0.0,1.0,62.0,82.0,86.0,82.0,52.0,48.0,68.0,0.0,0.0,0,0,0,0.0,85.0,0
0,0.0,0.0,0.0,0.0,0.0,62.0,90.0,89.0,88.0,41.0,46.0,64.0,0.0,0.0,0,0,0,0.0,82.0,0
0,0.0,0.0,0.0,0.0,0.0,62.0,87.0,91.0,85.0,48.0,45.0,61.0,0.0,0.0,0,0,0,0.0,90.0,0
0,0.0,0.0,0.0,0.0,0.0,62.0,80.0,82.0,78.0,53.0,59.0,70.0,0.0,0.0,0,0,0,0.0,77.0,0
0,0.0,0.0,14.0,0.0,0.0,62.0,87.0,83.0,85.0,55.0,41.0,66.0,0.0,0.0,0,0,0,0.0,90.0,0
0,0.0,0.0,0.0,0.0,0.0,62.0,83.0,79.0,77.0,55.0,50.0,70.0,0.0,0.0,0,0,0,0.0,88.0,0
0,0.0,0.0,1.0,0.0,0.0,62.0,84.0,80.0,78.0,47.0,55.0,73.0,0.0,0.0,0,0,0,0.0,76.0,0
0,0.0,0.0,1.0,0.0,0.0,62.0,90.0,88.0,80.0,47.0,54.0,65.0,0.0,0.0,0,0,0,0.0,75.0,0
0,0.0,0.0,0.0,0.0,0.0,62.0,88.0,85.0,76.0,55.0,45.0,68.0,0.0,0.0,0,0,0,0.0,85.0,0
0,0.0,0.0,9.0,0.0,0.0,61.0,90.0,85.0,87.0,43.0,51.0,61.0,0.0,0.0,0,0,0,0.0,82.0,0
0,0.0,0.0,0.0,0.0,0.0,61.0,84.0,83.0,79.0,53.0,62.0,67.0,0.0,0.0,0,0,0,0.0,68.0,0
0,0.0,0.0,4.0,0.0,0.0,61.0,96.0,94.0,85.0,42.0,50.0,60.0,0.0,0.0,0,0,0,0.0,66.0,0
0,0.0,0.0,0.0,0.0,0.0,61.0,86.0,86.0,86.0,44.0,42.0,68.0,0.0,0.0,0,0,0,0.0,80.0,0
0,0.0,0.0,0.0,0.0,0.0,61.0,88.0,89.0,79.0,42.0,47.0,66.0,0.0,0.0,0,0,0,0.0,79.0,0
0,0.0,0.0,0.0,0.0,0.0,61.0,81.0,82.0,80.0,56.0,47.0,67.0,0.0,0.0,0,0,0,0.0,90.0,0
0,0.0,0.0,0.0,0.0,0.0,61.0,89.0,86.0,86.0,45.0,50.0,64.0,0.0,0.0,0,0,0,0.0,75.0,0
0,0.0,0.0,0.0,0.0,0.0,60.0,90.0,88.0,85.0,43.0,40.0,66.0,0.0,0.0,0,0,0,0.0,78.0,0
0,0.0,0.0,0.0,0.0,0.0,60.0,80.0,79.0,78.0,50.0,59.0,69.0,0.0,0.0,0,0,0,0.0,69.0,0
0,0.0,0.0,0.0,0.0,0.0,60.0,90.0,85.0,82.0,43.0,44.0,64.0,0.0,0.0,0,0,0,0.0,82.0,0
0,0.0,0.0,0.0,0.0,0.0,59.0,85.0,85.0,79.0,42.0,50.0,64.0,0.0,0.0,0,0,0,0.0,82.0,0
0,0.0,0.0,0.0,0.0,0.0,59.0,89.0,90.0,85.0,43.0,41.0,66.0,0.0,0.0,0,0,0,0.0,67.0,0
0,0.0,0.0,18.0,0.0,0.0,59.0,83.0,82.0,80.0,52.0,42.0,65.0,0.0,0.0,0,0,0,0.0,84.0,0
0,0.0,0.0,2.0,0.0,0.0,59.0,84.0,80.0,81.0,44.0,51.0,67.0,0.0,0.0,0,0,0,0.0,73.0,0
0,0.0,0.0,0.0,0.0,0.0,58.0,84.0,80.0,78.0,47.0,45.0,65.0,0.0,0.0,0,0,0,0.0,84.0,0
0,0.0,0.0,0.0,0.0,0.0,58.0,85.0,83.0,83.0,47.0,44.0,62.0,0.0,0.0,0,0,0,0.0,81.0,0
0,0.0,0.0,2.0,0.0,0.0,57.0,87.0,87.0,83.0,49.0,40.0,64.0,0.0,0.0,0,0,0,0.0,72.0,0
0,0.0,0.0,0.0,0.0,0.0,56.0,82.0,84.0,75.0,53.0,43.0,64.0,0.0,0.0,0,0,0,0.0,78.0,0
0,0.0,0.0,2.0,0.0,0.0,56.0,86.0,85.0,82.0,47.0,45.0,61.0,0.0,0.0,0,0,0,0.0,69.0,0
0,0.0,0.0,0.0,0.0,0.0,56.0,82.0,78.0,78.0,48.0,50.0,62.0,0.0,0.0,0,0,0,0.0,83.0,0
0,0.0,0.0,0.0,0.0,0.0,56.0,83.0,82.0,82.0,55.0,30.0,64.0,0.0,0.0,0,0,0,0.0,87.0,0
0,0.0,0.0,0.0,0.0,0.0,54.0,84.0,85.0,75.0,45.0,37.0,63.0,0.0,0.0,0,0,0,0.0,75.0,0
0,0.0,0.0,0.0,0.0,0.0,54.0,83.0,80.0,72.0,48.0,45.0,66.0,0.0,0.0,0,0,0,0.0,72.0,0
0,0.0,0.0,0.0,0.0,0.0,54.0,83.0,82.0,82.0,40.0,34.0,64.0,0.0,0.0,0,0,0,0.0,75.0,0
0,0.0,0.0,0.0,0.0,0.0,53.0,84.0,79.0,76.0,46.0,40.0,65.0,0.0,0.0,0,0,0,0.0,75.0,0
0,0.0,0.0,1.0,0.0,0.0,52.0,82.0,80.0,82.0,51.0,23.0,58.0,0.0,0.0,0,0,0,0.0,88.0,0
0,0.0,0.0,0.0,0.0,0.0,52.0,79.0,77.0,81.0,45.0,44.0,65.0,0.0,0.0,0,0,0,0.0,64.0,0
0,0.0,0.0,0.0,0.0,0.0,50.0,78.0,80.0,81.0,51.0,42.0,62.0,0.0,0.0,0,0,0,0.0,55.0,0
0,0.0,0.0,86.0,0.0,3.0,89.0,89.0,92.0,92.0,0.0,79.0,90.0,0.0,0.0,0,0,0,0.0,91.0,0
0,0.0,0.0,93.0,1.0,11.0,84.0,89.0,90.0,87.0,0.0,70.0,88.0,0.0,0.0,0,0,0,0.0,94.0,0
0,0.0,0.0,26.0,0.0,0.0,77.0,90.0,91.0,86.0,0.0,65.0,80.0,0.0,0.0,0,0,0,0.0,87.0,0
0,0.0,0.0,0.0,0.0,0.0,70.0,93.0,90.0,85.0,0.0,65.0,73.0,0.0,0.0,0,0,0,0.0,69.0,0
0,0.0,0.0,2.0,0.0,0.0,70.0,88.0,86.0,82.0,0.0,65.0,75.0,0.0,0.0,0,0,0,0.0,78.0,0
0,0.0,0.0,4.0,0.0,0.0,70.0,86.0,87.0,84.0,0.0,60.0,75.0,0.0,0.0,0,0,0,0.0,84.0,0
0,0.0,0.0,0.0,0.0,0.0,67.0,87.0,87.0,86.0,0.0,64.0,69.0,0.0,0.0,0,0,0,0.0,77.0,0
0,0.0,0.0,44.0,0.0,0.0,86.0,96.0,93.0,91.0,0.0,84.0,85.0,0.0,0.0,0,0,0,0.0,87.0,0
0,0.0,0.0,18.0,0.0,0.0,77.0,93.0,89.0,86.0,0.0,70.0,78.0,0.0,0.0,0,0,0,0.0,84.0,0
0,0.0,0.0,39.0,0.0,0.0,75.0,89.0,87.0,86.0,0.0,60.0,83.0,0.0,0.0,0,0,0,0.0,90.0,0
0,0.0,0.0,0.0,0.0,0.0,74.0,84.0,82.0,82.0,0.0,78.0,75.0,0.0,0.0,0,0,0,0.0,86.0,0
0,0.0,0.0,0.0,0.0,0.0,61.0,87.0,88.0,82.0,0.0,48.0,65.0,0.0,0.0,0,0,0,0.0,77.0,0
0,0.0,0.0,0.0,0.0,0.0,60.0,87.0,86.0,95.0,0.0,50.0,59.0,0.0,0.0,0,0,0,0.0,66.0,0
0,0.0,0.0,7.0,0.0,0.0,83.0,87.0,88.0,90.0,0.0,85.0,88.0,0.0,0.0,0,0,0,0.0,80.0,0
0,0.0,0.0,33.0,0.0,0.0,83.0,87.0,88.0,90.0,0.0,85.0,88.0,0.0,0.0,0,0,0,0.0,80.0,0
0,0.0,0.0,11.0,0.0,0.0,83.0,87.0,88.0,90.0,0.0,85.0,88.0,0.0,0.0,0,0,0,0.0,80.0,0
0,0.0,0.0,30.0,0.0,0.0,80.0,90.0,89.0,88.0,0.0,72.0,84.0,0.0,0.0,0,0,0,0.0,89.0,0
0,0.0,0.0,4.0,0.0,0.0,70.0,90.0,92.0,89.0,0.0,50.0,70.0,0.0,0.0,0,0,0,0.0,87.0,0
0,0.0,0.0,0.0,0.0,0.0,68.0,87.0,86.0,80.0,0.0,54.0,73.0,0.0,0.0,0,0,0,0.0,87.0,0
0,0.0,0.0,61.0,1.0,2.0,63.0,82.0,84.0,80.0,0.0,53.0,70.0,0.0,0.0,0,0,0,0.0,87.0,0
0,0.0,0.0,30.0,0.0,0.0,63.0,82.0,84.0,80.0,0.0,53.0,70.0,0.0,0.0,0,0,0,0.0,87.0,0
0,0.0,0.0,10.0,0.0,0.0,63.0,82.0,84.0,80.0,0.0,53.0,70.0,0.0,0.0,0,0,0,0.0,87.0,0
0,0.0,0.0,1.0,0.0,0.0,63.0,82.0,84.0,80.0,0.0,53.0,70.0,0.0,0.0,0,0,0,0.0,87.0,0
0,0.0,0.0,0.0,0.0,0.0,61.0,83.0,82.0,78.0,0.0,58.0,68.0,0.0,0.0,0,0,0,0.0,72.0,0
0,0.0,0.0,78.0,0.0,3.0,92.0,93.0,95.0,90.0,0.0,90.0,90.0,0.0,0.0,0,0,0,0.0,91.0,0
0,0.0,0.0,47.0,0.0,0.0,79.0,94.0,96.0,91.0,0.0,60.0,83.0,0.0,0.0,0,0,0,0.0,89.0,0
0,0.0,0.0,27.0,0.0,0.0,77.0,85.0,88.0,87.0,0.0,72.0,85.0,0.0,0.0,0,0,0,0.0,76.0,0
0,0.0,0.0,27.0,0.0,0.0,77.0,87.0,90.0,88.0,0.0,70.0,84.0,0.0,0.0,0,0,0,0.0,79.0,0
0,0.0,0.0,0.0,0.0,0.0,67.0,86.0,87.0,75.0,0.0,59.0,75.0,0.0,0.0,0,0,0,0.0,80.0,0
0,0.0,0.0,7.0,0.0,0.0,64.0,83.0,82.0,84.0,0.0,48.0,74.0,0.0,0.0,0,0,0,0.0,81.0,0
0,0.0,0.0,0.0,0.0,0.0,63.0,93.0,90.0,84.0,0.0,54.0,65.0,0.0,0.0,0,0,0,0.0,76.0,0
0,0.0,0.0,92.0,4.0,7.0,63.0,93.0,90.0,84.0,0.0,54.0,65.0,0.0,0.0,0,0,0,0.0,76.0,0
0,0.0,0.0,30.0,0.0,0.0,90.0,96.0,97.0,96.0,0.0,85.0,90.0,0.0,0.0,0,0,0,0.0,85.0,0
0,0.0,0.0,0.0,0.0,0.0,90.0,96.0,97.0,96.0,0.0,85.0,90.0,0.0,0.0,0,0,0,0.0,85.0,0
0,0.0,0.0,0.0,0.0,0.0,90.0,96.0,97.0,96.0,0.0,85.0,90.0,0.0,0.0,0,0,0,0.0,85.0,0
0,0.0,0.0,21.0,0.0,0.0,90.0,96.0,97.0,96.0,0.0,85.0,90.0,0.0,0.0,0,0,0,0.0,85.0,0
0,0.0,0.0,0.0,0.0,0.0,90.0,96.0,97.0,96.0,0.0,85.0,90.0,0.0,0.0,0,0,0,0.0,85.0,0
0,0.0,0.0,23.0,0.0,1.0,90.0,96.0,97.0,96.0,0.0,85.0,90.0,0.0,0.0,0,0,0,0.0,85.0,0
0,0.0,0.0,83.0,1.0,2.0,86.0,90.0,87.0,86.0,0.0,86.0,90.0,0.0,0.0,0,0,0,0.0,86.0,0
0,0.0,0.0,56.0,0.0,0.0,79.0,87.0,87.0,81.0,0.0,85.0,87.0,0.0,0.0,0,0,0,0.0,71.0,0
0,0.0,0.0,14.0,0.0,0.0,71.0,85.0,87.0,84.0,0.0,64.0,78.0,0.0,0.0,0,0,0,0.0,84.0,0
0,0.0,0.0,8.0,0.0,0.0,66.0,94.0,93.0,87.0,0.0,41.0,68.0,0.0,0.0,0,0,0,0.0,89.0,0
0,0.0,0.0,0.0,0.0,0.0,62.0,83.0,79.0,77.0,0.0,50.0,70.0,0.0,0.0,0,0,0,0.0,88.0,0
0,0.0,0.0,0.0,0.0,0.0,61.0,84.0,83.0,79.0,0.0,62.0,67.0,0.0,0.0,0,0,0,0.0,68.0,0
0,0.0,0.0,48.0,0.0,1.0,88.0,88.0,89.0,88.0,0.0,89.0,89.0,0.0,0.0,0,0,0,0.0,90.0,0
0,0.0,0.0,25.0,0.0,0.0,79.0,88.0,89.0,90.0,0.0,66.0,80.0,0.0,0.0,0,0,0,0.0,94.0,0
0,0.0,0.0,17.0,0.0,0.0,75.0,87.0,87.0,87.0,0.0,60.0,78.0,0.0,0.0,0,0,0,0.0,92.0,0
0,0.0,0.0,11.0,0.0,0.0,75.0,87.0,87.0,87.0,0.0,60.0,78.0,0.0,0.0,0,0,0,0.0,92.0,0
0,0.0,0.0,32.0,0.0,0.0,71.0,93.0,95.0,93.0,0.0,56.0,72.0,0.0,0.0,0,0,0,0.0,81.0,0
0,0.0,0.0,0.0,0.0,0.0,67.0,87.0,87.0,84.0,0.0,60.0,73.0,0.0,0.0,0,0,0,0.0,78.0,0
0,0.0,0.0,22.0,0.0,0.0,64.0,85.0,88.0,83.0,0.0,52.0,72.0,0.0,0.0,0,0,0,0.0,76.0,0
0,0.0,0.0,85.0,2.0,6.0,93.0,92.0,94.0,95.0,0.0,86.0,93.0,0.0,0.0,0,0,0,0.0,92.0,0
0,0.0,0.0,27.0,0.0,0.0,86.0,88.0,98.0,98.0,0.0,80.0,88.0,0.0,0.0,0,0,0,0.0,84.0,0
0,0.0,0.0,13.0,0.0,0.0,80.0,90.0,92.0,89.0,0.0,70.0,80.0,0.0,0.0,0,0,0,0.0,91.0,0
0,0.0,0.0,11.0,0.0,0.0,73.0,94.0,89.0,83.0,0.0,63.0,72.0,0.0,0.0,0,0,0,0.0,91.0,0
0,0.0,0.0,5.0,0.0,0.0,73.0,94.0,89.0,83.0,0.0,63.0,72.0,0.0,0.0,0,0,0,0.0,91.0,0
0,0.0,0.0,0.0,0.0,0.0,68.0,84.0,86.0,84.0,0.0,60.0,75.0,0.0,0.0,0,0,0,0.0,74.0,0
0,0.0,0.0,41.0,0.0,0.0,83.0,95.0,96.0,94.0,0.0,76.0,82.0,0.0,0.0,0,0,0,0.0,82.0,0
0,0.0,0.0,20.0,0.0,0.0,82.0,93.0,92.0,91.0,0.0,74.0,82.0,0.0,0.0,0,0,0,0.0,89.0,0
0,0.0,0.0,0.0,0.0,0.0,79.0,95.0,93.0,86.0,0.0,74.0,78.0,0.0,0.0,0,0,0,0.0,90.0,0
0,0.0,0.0,2.0,0.0,0.0,69.0,86.0,84.0,83.0,0.0,70.0,74.0,0.0,0.0,0,0,0,0.0,73.0,0
0,0.0,0.0,0.0,0.0,0.0,57.0,88.0,87.0,80.0,0.0,45.0,62.0,0.0,0.0,0,0,0,0.0,72.0,0
0,0.0,0.0,79.0,0.0,3.0,87.0,86.0,85.0,86.0,0.0,90.0,92.0,0.0,0.0,0,0,0,0.0,87.0,0
0,0.0,0.0,67.0,0.0,1.0,84.0,91.0,89.0,88.0,0.0,80.0,89.0,0.0,0.0,0,0,0,0.0,85.0,0
0,0.0,0.0,38.0,0.0,0.0,82.0,91.0,90.0,90.0,0.0,73.0,84.0,0.0,0.0,0,0,0,0.0,86.0,0
0,0.0,0.0,0.0,0.0,0.0,63.0,90.0,92.0,79.0,0.0,50.0,68.0,0.0,0.0,0,0,0,0.0,75.0,0
0,0.0,0.0,0.0,0.0,0.0,63.0,94.0,88.0,81.0,0.0,40.0,69.0,0.0,0.0,0,0,0,0.0,79.0,0
0,0.0,0.0,0.0,0.0,0.0,58.0,86.0,88.0,75.0,0.0,43.0,64.0,0.0,0.0,0,0,0,0.0,78.0,0
0,0.0,0.0,16.0,0.0,0.0,88.0,90.0,91.0,87.0,0.0,91.0,90.0,0.0,0.0,0,0,0,0.0,85.0,0
0,0.0,0.0,0.0,0.0,1.0,88.0,90.0,91.0,87.0,0.0,91.0,90.0,0.0,0.0,0,0,0,0.0,85.0,0
0,0.0,0.0,35.0,0.0,0.0,83.0,93.0,92.0,88.0,0.0,73.0,86.0,0.0,0.0,0,0,0,0.0,92.0,0
0,0.0,0.0,4.0,0.0,0.0,71.0,89.0,92.0,88.0,0.0,60.0,76.0,0.0,0.0,0,0,0,0.0,85.0,0
0,0.0,0.0,0.0,0.0,0.0,66.0,87.0,89.0,84.0,0.0,50.0,72.0,0.0,0.0,0,0,0,0.0,81.0,0
0,0.0,0.0,0.0,0.0,0.0,65.0,93.0,92.0,90.0,0.0,45.0,68.0,0.0,0.0,0,0,0,0.0,86.0,0
0,0.0,0.0,0.0,0.0,0.0,65.0,88.0,85.0,76.0,0.0,55.0,68.0,0.0,0.0,0,0,0,0.0,85.0,0
0,0.0,0.0,4.0,0.0,0.0,84.0,93.0,92.0,89.0,0.0,72.0,85.0,0.0,0.0,0,0,0,0.0,90.0,0
0,0.0,0.0,23.0,0.0,0.0,83.0,86.0,86.0,84.0,0.0,84.0,86.0,0.0,0.0,0,0,0,0.0,88.0,0
0,0.0,0.0,2.0,0.0,0.0,83.0,93.0,94.0,89.0,0.0,65.0,85.0,0.0,0.0,0,0,0,0.0,92.0,0
0,0.0,0.0,59.0,1.0,5.0,83.0,93.0,94.0,89.0,0.0,65.0,85.0,0.0,0.0,0,0,0,0.0,92.0,0
0,0.0,0.0,42.0,0.0,1.0,83.0,93.0,94.0,89.0,0.0,65.0,85.0,0.0,0.0,0,0,0,0.0,92.0,0
0,0.0,0.0,38.0,0.0,0.0,77.0,96.0,94.0,95.0,0.0,70.0,78.0,0.0,0.0,0,0,0,0.0,74.0,0
0,0.0,0.0,8.0,0.0,0.0,65.0,86.0,85.0,83.0,0.0,50.0,72.0,0.0,0.0,0,0,0,0.0,77.0,0
0,0.0,0.0,0.0,0.0,0.0,61.0,88.0,89.0,79.0,0.0,47.0,66.0,0.0,0.0,0,0,0,0.0,79.0,0
0,0.0,0.0,0.0,0.0,0.0,59.0,89.0,90.0,85.0,0.0,41.0,66.0,0.0,0.0,0,0,0,0.0,67.0,0
0,0.0,0.0,0.0,0.0,0.0,78.0,79.0,79.0,80.0,0.0,80.0,87.0,0.0,0.0,0,0,0,0.0,90.0,0
0,0.0,0.0,65.0,1.0,1.0,76.0,81.0,82.0,80.0,0.0,84.0,85.0,0.0,0.0,0,0,0,0.0,79.0,0
0,0.0,0.0,0.0,0.0,0.0,75.0,80.0,78.0,80.0,0.0,80.0,85.0,0.0,0.0,0,0,0,0.0,86.0,0
0,0.0,0.0,0.0,0.0,0.0,75.0,80.0,78.0,80.0,0.0,80.0,85.0,0.0,0.0,0,0,0,0.0,86.0,0
0,0.0,0.0,30.0,0.0,0.0,75.0,80.0,78.0,80.0,0.0,80.0,85.0,0.0,0.0,0,0,0,0.0,86.0,0
0,0.0,0.0,44.0,0.0,0.0,75.0,82.0,83.0,84.0,0.0,78.0,84.0,0.0,0.0,0,0,0,0.0,77.0,0
0,0.0,0.0,39.0,0.0,0.0,73.0,85.0,84.0,80.0,0.0,72.0,78.0,0.0,0.0,0,0,0,0.0,82.0,0
0,0.0,0.0,10.0,0.0,0.0,72.0,86.0,84.0,81.0,0.0,67.0,75.0,0.0,0.0,0,0,0,0.0,92.0,0
0,0.0,0.0,6.0,0.0,0.0,72.0,93.0,90.0,85.0,0.0,64.0,72.0,0.0,0.0,0,0,0,0.0,84.0,0
0,0.0,0.0,11.0,0.0,0.0,71.0,90.0,88.0,88.0,0.0,62.0,73.0,0.0,0.0,0,0,0,0.0,88.0,0
0,0.0,0.0,65.0,0.0,1.0,70.0,84.0,80.0,80.0,0.0,75.0,80.0,0.0,0.0,0,0,0,0.0,70.0,0
0,0.0,0.0,0.0,0.0,0.0,69.0,88.0,89.0,84.0,0.0,65.0,72.0,0.0,0.0,0,0,0,0.0,79.0,0
0,0.0,0.0,7.0,0.0,0.0,69.0,87.0,86.0,85.0,0.0,64.0,75.0,0.0,0.0,0,0,0,0.0,78.0,0
0,0.0,0.0,0.0,0.0,0.0,68.0,90.0,87.0,86.0,0.0,60.0,69.0,0.0,0.0,0,0,0,0.0,82.0,0
0,0.0,0.0,5.0,0.0,0.0,68.0,87.0,87.0,86.0,0.0,57.0,74.0,0.0,0.0,0,0,0,0.0,78.0,0
0,0.0,0.0,8.0,0.0,0.0,67.0,88.0,86.0,73.0,0.0,65.0,72.0,0.0,0.0,0,0,0,0.0,86.0,0
0,0.0,0.0,54.0,0.0,0.0,67.0,84.0,82.0,79.0,0.0,70.0,72.0,0.0,0.0,0,0,0,0.0,82.0,0
0,0.0,0.0,0.0,0.0,0.0,66.0,84.0,84.0,81.0,0.0,57.0,75.0,0.0,0.0,0,0,0,0.0,78.0,0
0,0.0,0.0,15.0,0.0,0.0,66.0,84.0,85.0,84.0,0.0,64.0,73.0,0.0,0.0,0,0,0,0.0,75.0,0
0,0.0,0.0,0.0,0.0,0.0,66.0,86.0,86.0,82.0,0.0,53.0,72.0,0.0,0.0,0,0,0,0.0,82.0,0
0,0.0,0.0,5.0,0.0,0.0,65.0,83.0,76.0,77.0,0.0,50.0,84.0,0.0,0.0,0,0,0,0.0,74.0,0
0,0.0,0.0,0.0,0.0,0.0,65.0,88.0,84.0,80.0,0.0,56.0,71.0,0.0,0.0,0,0,0,0.0,84.0,0
0,0.0,0.0,0.0,0.0,0.0,65.0,89.0,88.0,86.0,0.0,46.0,70.0,0.0,0.0,0,0,0,0.0,77.0,0
0,0.0,0.0,0.0,0.0,0.0,65.0,84.0,83.0,78.0,0.0,64.0,74.0,0.0,0.0,0,0,0,0.0,69.0,0
0,0.0,0.0,0.0,0.0,0.0,63.0,83.0,85.0,80.0,0.0,56.0,67.0,0.0,0.0,0,0,0,0.0,74.0,0
0,0.0,0.0,0.0,0.0,0.0,63.0,85.0,82.0,78.0,0.0,55.0,73.0,0.0,0.0,0,0,0,0.0,75.0,0
0,0.0,0.0,20.0,0.0,0.0,63.0,85.0,85.0,86.0,0.0,60.0,68.0,0.0,0.0,0,0,0,0.0,69.0,0
0,0.0,0.0,2.0,0.0,0.0,62.0,84.0,82.0,78.0,0.0,55.0,70.0,0.0,0.0,0,0,0,0.0,78.0,0
0,0.0,0.0,1.0,0.0,0.0,62.0,90.0,88.0,80.0,0.0,54.0,65.0,0.0,0.0,0,0,0,0.0,75.0,0
0,0.0,0.0,0.0,0.0,0.0,62.0,90.0,89.0,88.0,0.0,46.0,64.0,0.0,0.0,0,0,0,0.0,82.0,0
0,0.0,0.0,3.0,0.0,0.0,62.0,85.0,85.0,85.0,0.0,54.0,67.0,0.0,0.0,0,0,0,0.0,75.0,0
0,0.0,0.0,8.0,0.0,0.0,62.0,85.0,85.0,85.0,0.0,54.0,67.0,0.0,0.0,0,0,0,0.0,75.0,0
0,0.0,0.0,2.0,0.0,0.0,61.0,81.0,80.0,82.0,0.0,48.0,69.0,0.0,0.0,0,0,0,0.0,81.0,0
0,0.0,0.0,0.0,0.0,0.0,61.0,89.0,86.0,86.0,0.0,50.0,64.0,0.0,0.0,0,0,0,0.0,75.0,0
0,0.0,0.0,0.0,0.0,0.0,61.0,84.0,81.0,79.0,0.0,55.0,69.0,0.0,0.0,0,0,0,0.0,76.0,0
0,0.0,0.0,0.0,0.0,0.0,61.0,81.0,82.0,80.0,0.0,47.0,67.0,0.0,0.0,0,0,0,0.0,90.0,0
0,0.0,0.0,0.0,0.0,0.0,60.0,85.0,88.0,86.0,0.0,46.0,58.0,0.0,0.0,0,0,0,0.0,83.0,0
0,0.0,0.0,0.0,0.0,0.0,60.0,90.0,88.0,85.0,0.0,40.0,66.0,0.0,0.0,0,0,0,0.0,78.0,0
0,0.0,0.0,0.0,0.0,0.0,60.0,90.0,87.0,88.0,0.0,49.0,65.0,0.0,0.0,0,0,0,0.0,65.0,0
0,0.0,0.0,1.0,0.0,1.0,58.0,84.0,80.0,72.0,0.0,54.0,69.0,0.0,0.0,0,0,0,0.0,73.0,0
0,0.0,0.0,0.0,0.0,0.0,56.0,88.0,86.0,82.0,0.0,34.0,64.0,0.0,0.0,0,0,0,0.0,75.0,0
0,0.0,0.0,0.0,0.0,0.0,54.0,86.0,81.0,75.0,0.0,48.0,60.0,0.0,0.0,0,0,0,0.0,72.0,0
0,0.0,0.0,76.0,0.0,4.0,86.0,90.0,89.0,90.0,0.0,84.0,87.0,0.0,0.0,0,0,0,0.0,89.0,0
0,0.0,0.0,18.0,0.0,0.0,84.0,92.0,91.0,88.0,0.0,76.0,85.0,0.0,0.0,0,0,0,0.0,87.0,0
0,0.0,0.0,40.0,0.0,1.0,84.0,92.0,92.0,91.0,0.0,73.0,84.0,0.0,0.0,0,0,0,0.0,92.0,0
0,0.0,0.0,0.0,0.0,0.0,67.0,90.0,89.0,90.0,0.0,50.0,74.0,0.0,0.0,0,0,0,0.0,77.0,0
0,0.0,0.0,0.0,0.0,0.0,58.0,89.0,87.0,84.0,0.0,50.0,60.0,0.0,0.0,0,0,0,0.0,72.0,0
0,0.0,0.0,0.0,0.0,0.0,85.0,95.0,95.0,90.0,0.0,69.0,84.0,0.0,0.0,0,0,0,0.0,92.0,0
0,0.0,0.0,94.0,2.0,7.0,85.0,95.0,95.0,90.0,0.0,69.0,84.0,0.0,0.0,0,0,0,0.0,92.0,0
0,0.0,0.0,27.0,0.0,0.0,80.0,94.0,91.0,84.0,0.0,75.0,85.0,0.0,0.0,0,0,0,0.0,83.0,0
0,0.0,0.0,42.0,0.0,0.0,80.0,85.0,90.0,92.0,0.0,72.0,88.0,0.0,0.0,0,0,0,0.0,84.0,0
0,0.0,0.0,0.0,0.0,0.0,61.0,92.0,88.0,82.0,0.0,45.0,66.0,0.0,0.0,0,0,0,0.0,78.0,0
0,0.0,0.0,0.0,0.0,0.0,60.0,90.0,85.0,82.0,0.0,44.0,64.0,0.0,0.0,0,0,0,0.0,82.0,0
0,0.0,0.0,123.0,3.0,8.0,98.0,97.0,98.0,97.0,0.0,98.0,99.0,0.0,0.0,0,0,0,0.0,87.0,0
0,0.0,0.0,116.0,1.0,6.0,87.0,86.0,90.0,90.0,0.0,87.0,92.0,0.0,0.0,0,0,0,0.0,87.0,0
0,0.0,0.0,44.0,0.0,0.0,79.0,92.0,92.0,82.0,0.0,77.0,84.0,0.0,0.0,0,0,0,0.0,79.0,0
0,0.0,0.0,0.0,0.0,0.0,74.0,85.0,86.0,82.0,0.0,64.0,80.0,0.0,0.0,0,0,0,0.0,89.0,0
0,0.0,0.0,12.0,0.0,0.0,66.0,84.0,85.0,87.0,0.0,56.0,75.0,0.0,0.0,0,0,0,0.0,75.0,0
0,0.0,0.0,0.0,0.0,0.0,64.0,88.0,87.0,83.0,0.0,58.0,67.0,0.0,0.0,0,0,0,0.0,70.0,0
0,0.0,0.0,0.0,0.0,0.0,89.0,88.0,90.0,88.0,0.0,94.0,93.0,0.0,0.0,0,0,0,0.0,87.0,0
0,0.0,0.0,1.0,0.0,0.0,89.0,88.0,90.0,88.0,0.0,94.0,93.0,0.0,0.0,0,0,0,0.0,87.0,0
0,0.0,0.0,0.0,0.0,0.0,89.0,88.0,90.0,88.0,0.0,94.0,93.0,0.0,0.0,0,0,0,0.0,87.0,0
0,0.0,0.0,94.0,0.0,5.0,89.0,88.0,90.0,88.0,0.0,94.0,93.0,0.0,0.0,0,0,0,0.0,87.0,0
0,0.0,0.0,33.0,0.0,0.0,89.0,88.0,90.0,88.0,0.0,94.0,93.0,0.0,0.0,0,0,0,0.0,87.0,0
0,0.0,0.0,69.0,0.0,0.0,80.0,90.0,95.0,88.0,0.0,60.0,82.0,0.0,0.0,0,0,0,0.0,95.0,0
0,0.0,0.0,23.0,0.0,0.0,80.0,90.0,95.0,88.0,0.0,60.0,82.0,0.0,0.0,0,0,0,0.0,95.0,0
0,0.0,0.0,19.0,0.0,0.0,73.0,87.0,88.0,89.0,0.0,62.0,77.0,0.0,0.0,0,0,0,0.0,84.0,0
0,0.0,0.0,22.0,0.0,0.0,70.0,85.0,86.0,84.0,0.0,55.0,73.0,0.0,0.0,0,0,0,0.0,91.0,0
0,0.0,0.0,9.0,0.0,0.0,66.0,85.0,84.0,84.0,0.0,64.0,70.0,0.0,0.0,0,0,0,0.0,79.0,0
0,0.0,0.0,0.0,0.0,0.0,64.0,88.0,86.0,75.0,0.0,52.0,70.0,0.0,0.0,0,0,0,0.0,87.0,0
0,0.0,0.0,69.0,0.0,0.0,83.0,92.0,92.0,85.0,0.0,83.0,86.0,0.0,0.0,0,0,0,0.0,78.0,0
0,0.0,0.0,69.0,0.0,0.0,81.0,86.0,86.0,87.0,0.0,87.0,87.0,0.0,0.0,0,0,0,0.0,82.0,0
0,0.0,0.0,29.0,1.0,2.0,79.0,98.0,99.0,99.0,0.0,70.0,74.0,0.0,0.0,0,0,0,0.0,70.0,0
0,0.0,0.0,0.0,0.0,0.0,71.0,86.0,88.0,84.0,0.0,62.0,73.0,0.0,0.0,0,0,0,0.0,87.0,0
0,0.0,0.0,13.0,0.0,0.0,68.0,93.0,94.0,93.0,0.0,47.0,74.0,0.0,0.0,0,0,0,0.0,81.0,0
0,0.0,0.0,38.0,1.0,1.0,87.0,93.0,94.0,87.0,0.0,78.0,85.0,0.0,0.0,0,0,0,0.0,89.0,0
0,0.0,0.0,58.0,0.0,1.0,87.0,94.0,93.0,91.0,0.0,78.0,86.0,0.0,0.0,0,0,0,0.0,97.0,0
0,0.0,0.0,0.0,0.0,0.0,73.0,86.0,85.0,83.0,0.0,68.0,76.0,0.0,0.0,0,0,0,0.0,85.0,0
0,0.0,0.0,0.0,0.0,0.0,72.0,88.0,89.0,88.0,0.0,75.0,75.0,0.0,0.0,0,0,0,0.0,72.0,0
0,0.0,0.0,0.0,0.0,0.0,65.0,86.0,88.0,86.0,0.0,49.0,71.0,0.0,0.0,0,0,0,0.0,75.0,0
0,0.0,0.0,0.0,0.0,0.0,64.0,83.0,83.0,84.0,0.0,50.0,72.0,0.0,0.0,0,0,0,0.0,83.0,0
0,0.0,0.0,1.0,0.0,0.0,59.0,87.0,90.0,78.0,0.0,44.0,64.0,0.0,0.0,0,0,0,0.0,82.0,0
0,0.0,0.0,124.0,4.0,6.0,98.0,99.0,99.0,97.0,0.0,88.0,95.0,0.0,0.0,0,0,0,0.0,99.0,0
0,0.0,0.0,34.0,0.0,0.0,83.0,88.0,87.0,86.0,0.0,80.0,85.0,0.0,0.0,0,0,0,0.0,92.0,0
0,0.0,0.0,45.0,0.0,0.0,78.0,88.0,89.0,88.0,0.0,71.0,83.0,0.0,0.0,0,0,0,0.0,84.0,0
0,0.0,0.0,0.0,0.0,0.0,78.0,95.0,96.0,93.0,0.0,68.0,80.0,0.0,0.0,0,0,0,0.0,81.0,0
0,0.0,0.0,0.0,0.0,0.0,67.0,89.0,94.0,88.0,0.0,62.0,68.0,0.0,0.0,0,0,0,0.0,71.0,0
0,0.0,0.0,0.0,0.0,0.0,65.0,89.0,86.0,83.0,0.0,50.0,67.0,0.0,0.0,0,0,0,0.0,86.0,0
0,0.0,0.0,60.0,0.0,3.0,65.0,89.0,86.0,83.0,0.0,50.0,67.0,0.0,0.0,0,0,0,0.0,86.0,0
0,0.0,0.0,56.0,0.0,1.0,86.0,90.0,90.0,91.0,0.0,91.0,93.0,0.0,0.0,0,0,0,0.0,77.0,0
0,0.0,0.0,52.0,0.0,0.0,84.0,92.0,92.0,92.0,0.0,79.0,87.0,0.0,0.0,0,0,0,0.0,85.0,0
0,0.0,0.0,22.0,0.0,0.0,80.0,89.0,89.0,90.0,0.0,72.0,82.0,0.0,0.0,0,0,0,0.0,86.0,0
0,0.0,0.0,0.0,0.0,0.0,79.0,92.0,89.0,87.0,0.0,78.0,83.0,0.0,0.0,0,0,0,0.0,80.0,0
0,0.0,0.0,8.0,0.0,0.0,78.0,98.0,95.0,88.0,0.0,69.0,78.0,0.0,0.0,0,0,0,0.0,84.0,0
0,0.0,0.0,40.0,0.0,0.0,69.0,82.0,80.0,79.0,0.0,74.0,74.0,0.0,0.0,0,0,0,0.0,86.0,0
0,0.0,0.0,70.0,0.0,4.0,92.0,90.0,94.0,91.0,0.0,91.0,93.0,0.0,0.0,0,0,0,0.0,88.0,0
0,0.0,0.0,0.0,0.0,0.0,82.0,97.0,97.0,89.0,0.0,70.0,81.0,0.0,0.0,0,0,0,0.0,88.0,0
0,0.0,0.0,29.0,0.0,0.0,78.0,88.0,88.0,86.0,0.0,77.0,85.0,0.0,0.0,0,0,0,0.0,81.0,0
0,0.0,0.0,36.0,0.0,0.0,74.0,96.0,97.0,92.0,0.0,60.0,74.0,0.0,0.0,0,0,0,0.0,83.0,0
0,0.0,0.0,43.0,0.0,1.0,73.0,97.0,97.0,94.0,0.0,69.0,70.0,0.0,0.0,0,0,0,0.0,70.0,0
0,0.0,0.0,0.0,0.0,0.0,69.0,88.0,89.0,88.0,0.0,63.0,71.0,0.0,0.0,0,0,0,0.0,80.0,0
0,0.0,0.0,0.0,0.0,0.0,67.0,87.0,91.0,86.0,0.0,54.0,67.0,0.0,0.0,0,0,0,0.0,90.0,0
0,0.0,0.0,69.0,0.0,0.0,90.0,91.0,92.0,91.0,0.0,89.0,90.0,0.0,0.0,0,0,0,0.0,89.0,0
0,0.0,0.0,43.0,0.0,0.0,84.0,89.0,90.0,92.0,0.0,85.0,88.0,0.0,0.0,0,0,0,0.0,82.0,0
0,0.0,0.0,0.0,0.0,0.0,74.0,92.0,87.0,84.0,0.0,67.0,77.0,0.0,0.0,0,0,0,0.0,85.0,0
0,0.0,0.0,5.0,0.0,1.0,74.0,89.0,88.0,85.0,0.0,68.0,77.0,0.0,0.0,0,0,0,0.0,85.0,0
0,0.0,0.0,0.0,0.0,0.0,72.0,94.0,93.0,86.0,0.0,60.0,74.0,0.0,0.0,0,0,0,0.0,84.0,0
0,0.0,0.0,10.0,0.0,0.0,72.0,94.0,93.0,86.0,0.0,60.0,74.0,0.0,0.0,0,0,0,0.0,84.0,0
0,0.0,0.0,2.0,0.0,0.0,66.0,85.0,90.0,84.0,0.0,50.0,72.0,0.0,0.0,0,0,0,0.0,83.0,0
0,0.0,0.0,1.0,0.0,0.0,65.0,90.0,92.0,90.0,0.0,46.0,66.0,0.0,0.0,0,0,0,0.0,84.0,0
0,0.0,0.0,72.0,0.0,1.0,88.0,97.0,98.0,98.0,0.0,80.0,88.0,0.0,0.0,0,0,0,0.0,82.0,0
0,0.0,0.0,33.0,0.0,0.0,85.0,91.0,89.0,92.0,0.0,77.0,85.0,0.0,0.0,0,0,0,0.0,92.0,0
0,0.0,0.0,0.0,0.0,0.0,80.0,83.0,84.0,86.0,0.0,87.0,89.0,0.0,0.0,0,0,0,0.0,69.0,0
0,0.0,0.0,51.0,0.0,0.0,69.0,83.0,86.0,86.0,0.0,60.0,75.0,0.0,0.0,0,0,0,0.0,84.0,0
0,0.0,0.0,1.0,0.0,0.0,65.0,85.0,87.0,83.0,0.0,54.0,70.0,0.0,0.0,0,0,0,0.0,85.0,0
0,0.0,0.0,4.0,0.0,0.0,62.0,96.0,94.0,85.0,0.0,50.0,63.0,0.0,0.0,0,0,0,0.0,66.0,0
0,0.0,0.0,160.0,10.0,13.0,86.0,85.0,81.0,84.0,0.0,99.0,94.0,0.0,0.0,0,0,0,0.0,78.0,0
0,0.0,0.0,33.0,0.0,0.0,85.0,91.0,93.0,90.0,0.0,76.0,85.0,0.0,0.0,0,0,0,0.0,91.0,0
0,0.0,0.0,105.0,0.0,9.0,84.0,84.0,84.0,83.0,0.0,96.0,92.0,0.0,0.0,0,0,0,0.0,77.0,0
0,0.0,0.0,1.0,0.0,0.0,71.0,90.0,85.0,86.0,0.0,69.0,74.0,0.0,0.0,0,0,0,0.0,81.0,0
0,0.0,0.0,0.0,0.0,0.0,69.0,95.0,94.0,93.0,0.0,49.0,75.0,0.0,0.0,0,0,0,0.0,78.0,0
0,0.0,0.0,16.0,0.0,0.0,66.0,84.0,87.0,80.0,0.0,58.0,69.0,0.0,0.0,0,0,0,0.0,90.0,0
0,0.0,0.0,9.0,0.0,0.0,61.0,90.0,85.0,87.0,0.0,51.0,61.0,0.0,0.0,0,0,0,0.0,82.0,0
0,0.0,0.0,121.0,5.0,6.0,97.0,93.0,98.0,93.0,0.0,94.0,93.0,0.0,0.0,0,0,0,0.0,95.0,0
0,0.0,0.0,13.0,0.0,0.0,82.0,89.0,90.0,91.0,0.0,72.0,90.0,0.0,0.0,0,0,0,0.0,87.0,0
0,0.0,0.0,25.0,0.0,0.0,82.0,91.0,91.0,89.0,0.0,80.0,86.0,0.0,0.0,0,0,0,0.0,87.0,0
0,0.0,0.0,5.0,0.0,0.0,68.0,92.0,93.0,86.0,0.0,60.0,72.0,0.0,0.0,0,0,0,0.0,66.0,0
0,0.0,0.0,0.0,0.0,0.0,68.0,92.0,93.0,86.0,0.0,60.0,72.0,0.0,0.0,0,0,0,0.0,66.0,0
0,0.0,0.0,5.0,0.0,0.0,68.0,84.0,84.0,78.0,0.0,62.0,73.0,0.0,0.0,0,0,0,0.0,87.0,0
0,0.0,0.0,88.0,0.0,4.0,94.0,89.0,90.0,94.0,0.0,93.0,96.0,0.0,0.0,0,0,0,0.0,86.0,0
0,0.0,0.0,70.0,0.0,0.0,87.0,91.0,92.0,92.0,0.0,79.0,82.0,0.0,0.0,0,0,0,0.0,98.0,0
0,0.0,0.0,0.0,0.0,0.0,82.0,95.0,97.0,98.0,0.0,71.0,79.0,0.0,0.0,0,0,0,0.0,81.0,0
0,0.0,0.0,3.0,0.0,0.0,72.0,82.0,82.0,80.0,0.0,81.0,82.0,0.0,0.0,0,0,0,0.0,74.0,0
0,0.0,0.0,2.0,0.0,0.0,65.0,88.0,88.0,83.0,0.0,56.0,68.0,0.0,0.0,0,0,0,0.0,80.0,0
0,0.0,0.0,0.0,0.0,0.0,61.0,86.0,86.0,86.0,0.0,42.0,68.0,0.0,0.0,0,0,0,0.0,80.0,0
0,0.0,0.0,22.0,0.0,0.0,78.0,87.0,87.0,87.0,0.0,74.0,83.0,0.0,0.0,0,0,0,0.0,84.0,0
0,0.0,0.0,0.0,0.0,0.0,76.0,89.0,90.0,90.0,0.0,73.0,79.0,0.0,0.0,0,0,0,0.0,84.0,0
0,0.0,0.0,20.0,0.0,0.0,74.0,87.0,87.0,87.0,0.0,66.0,80.0,0.0,0.0,0,0,0,0.0,82.0,0
0,0.0,0.0,30.0,0.0,0.0,73.0,90.0,97.0,86.0,0.0,70.0,70.0,0.0,0.0,0,0,0,0.0,82.0,0
0,0.0,0.0,0.0,0.0,0.0,72.0,89.0,91.0,85.0,0.0,62.0,70.0,0.0,0.0,0,0,0,0.0,90.0,0
0,0.0,0.0,41.0,0.0,1.0,80.0,88.0,90.0,91.0,0.0,69.0,85.0,0.0,0.0,0,0,0,0.0,91.0,0
0,0.0,0.0,62.0,0.0,0.0,79.0,86.0,88.0,84.0,0.0,84.0,80.0,0.0,0.0,0,0,0,0.0,84.0,0
0,0.0,0.0,1.0,0.0,0.0,77.0,87.0,87.0,87.0,0.0,64.0,85.0,0.0,0.0,0,0,0,0.0,86.0,0
0,0.0,0.0,22.0,0.0,0.0,73.0,88.0,89.0,90.0,0.0,67.0,77.0,0.0,0.0,0,0,0,0.0,74.0,0
0,0.0,0.0,0.0,0.0,0.0,70.0,89.0,89.0,90.0,0.0,55.0,74.0,0.0,0.0,0,0,0,0.0,86.0,0
0,0.0,0.0,18.0,0.0,0.0,64.0,87.0,85.0,83.0,0.0,49.0,67.0,0.0,0.0,0,0,0,0.0,84.0,0
0,0.0,0.0,55.0,0.0,0.0,88.0,88.0,91.0,90.0,0.0,89.0,91.0,0.0,0.0,0,0,0,0.0,88.0,0
0,0.0,0.0,35.0,0.0,1.0,87.0,92.0,93.0,92.0,0.0,82.0,87.0,0.0,0.0,0,0,0,0.0,93.0,0
0,0.0,0.0,54.0,0.0,0.0,80.0,85.0,87.0,93.0,0.0,86.0,85.0,0.0,0.0,0,0,0,0.0,74.0,0
0,0.0,0.0,1.0,0.0,1.0,72.0,87.0,82.0,85.0,0.0,65.0,74.0,0.0,0.0,0,0,0,0.0,87.0,0
0,0.0,0.0,0.0,0.0,0.0,60.0,88.0,87.0,82.0,0.0,45.0,64.0,0.0,0.0,0,0,0,0.0,78.0,0
0,0.0,0.0,99.0,1.0,7.0,96.0,97.0,96.0,92.0,0.0,95.0,96.0,0.0,0.0,0,0,0,0.0,90.0,0
0,0.0,0.0,101.0,0.0,4.0,90.0,93.0,93.0,95.0,0.0,92.0,92.0,0.0,0.0,0,0,0,0.0,86.0,0
0,0.0,0.0,0.0,0.0,0.0,75.0,87.0,86.0,84.0,0.0,67.0,84.0,0.0,0.0,0,0,0,0.0,77.0,0
0,0.0,0.0,0.0,0.0,0.0,72.0,94.0,92.0,82.0,0.0,65.0,75.0,0.0,0.0,0,0,0,0.0,85.0,0
0,0.0,0.0,25.0,0.0,0.0,72.0,94.0,92.0,82.0,0.0,65.0,75.0,0.0,0.0,0,0,0,0.0,85.0,0
0,0.0,0.0,19.0,0.0,0.0,70.0,90.0,89.0,90.0,0.0,59.0,76.0,0.0,0.0,0,0,0,0.0,77.0,0
0,0.0,0.0,0.0,0.0,0.0,67.0,85.0,84.0,82.0,0.0,62.0,71.0,0.0,0.0,0,0,0,0.0,85.0,0
0,0.0,0.0,83.0,0.0,2.0,89.0,87.0,86.0,89.0,0.0,93.0,95.0,0.0,0.0,0,0,0,0.0,84.0,0
0,0.0,0.0,78.0,0.0,0.0,85.0,97.0,95.0,87.0,0.0,85.0,85.0,0.0,0.0,0,0,0,0.0,86.0,0
0,0.0,0.0,31.0,0.0,0.0,81.0,84.0,85.0,81.0,0.0,82.0,86.0,0.0,0.0,0,0,0,0.0,89.0,0
0,0.0,0.0,7.0,0.0,0.0,78.0,88.0,88.0,86.0,0.0,72.0,82.0,0.0,0.0,0,0,0,0.0,80.0,0
0,0.0,0.0,22.0,0.0,0.0,76.0,87.0,90.0,85.0,0.0,63.0,79.0,0.0,0.0,0,0,0,0.0,89.0,0
0,0.0,0.0,86.0,1.0,2.0,91.0,90.0,92.0,92.0,0.0,92.0,94.0,0.0,0.0,0,0,0,0.0,85.0,0
0,0.0,0.0,0.0,0.0,0.0,82.0,86.0,87.0,87.0,0.0,79.0,86.0,0.0,0.0,0,0,0,0.0,85.0,0
0,0.0,0.0,5.0,0.0,0.0,82.0,93.0,94.0,91.0,0.0,69.0,76.0,0.0,0.0,0,0,0,0.0,96.0,0
0,0.0,0.0,3.0,0.0,0.0,68.0,90.0,90.0,84.0,0.0,54.0,70.0,0.0,0.0,0,0,0,0.0,89.0,0
0,0.0,0.0,0.0,0.0,0.0,66.0,90.0,89.0,86.0,0.0,57.0,62.0,0.0,0.0,0,0,0,0.0,90.0,0
0,0.0,0.0,0.0,0.0,0.0,65.0,91.0,90.0,82.0,0.0,52.0,64.0,0.0,0.0,0,0,0,0.0,84.0,0
0,0.0,0.0,68.0,0.0,1.0,91.0,99.0,98.0,95.0,0.0,86.0,91.0,0.0,0.0,0,0,0,0.0,83.0,0
0,0.0,0.0,25.0,0.0,0.0,85.0,88.0,89.0,88.0,0.0,80.0,85.0,0.0,0.0,0,0,0,0.0,97.0,0
0,0.0,0.0,7.0,0.0,0.0,79.0,87.0,86.0,85.0,0.0,69.0,82.0,0.0,0.0,0,0,0,0.0,91.0,0
0,0.0,0.0,0.0,0.0,0.0,78.0,91.0,88.0,84.0,0.0,80.0,78.0,0.0,0.0,0,0,0,0.0,83.0,0
0,0.0,0.0,2.0,0.0,0.0,74.0,90.0,91.0,86.0,0.0,64.0,79.0,0.0,0.0,0,0,0,0.0,85.0,0
0,0.0,0.0,0.0,0.0,0.0,67.0,93.0,90.0,87.0,0.0,50.0,69.0,0.0,0.0,0,0,0,0.0,84.0,0
0,0.0,0.0,86.0,0.0,3.0,88.0,88.0,91.0,90.0,68.0,82.0,90.0,0.0,0.0,0,0,0,0.0,90.0,0
0,0.0,0.0,93.0,1.0,11.0,87.0,88.0,90.0,89.0,66.0,78.0,89.0,0.0,0.0,0,0,0,0.0,94.0,0
0,0.0,0.0,26.0,0.0,0.0,79.0,91.0,92.0,86.0,55.0,69.0,83.0,0.0,0.0,0,0,0,0.0,87.0,0
0,0.0,0.0,7.0,0.0,0.0,73.0,87.0,86.0,85.0,63.0,70.0,76.0,0.0,0.0,0,0,0,0.0,79.0,0
0,0.0,0.0,1.0,0.0,0.0,67.0,92.0,91.0,94.0,57.0,36.0,67.0,0.0,0.0,0,0,0,0.0,89.0,0
0,0.0,0.0,0.0,0.0,0.0,66.0,88.0,89.0,84.0,50.0,54.0,68.0,0.0,0.0,0,0,0,0.0,82.0,0
0,0.0,0.0,44.0,0.0,0.0,83.0,92.0,92.0,91.0,50.0,82.0,83.0,0.0,0.0,0,0,0,0.0,87.0,0
0,0.0,0.0,18.0,0.0,0.0,77.0,93.0,89.0,86.0,55.0,70.0,78.0,0.0,0.0,0,0,0,0.0,84.0,0
0,0.0,0.0,88.0,1.0,4.0,77.0,93.0,95.0,88.0,58.0,57.0,78.0,0.0,0.0,0,0,0,0.0,90.0,0
0,0.0,0.0,39.0,0.0,0.0,75.0,89.0,87.0,86.0,54.0,60.0,83.0,0.0,0.0,0,0,0,0.0,90.0,0
0,0.0,0.0,0.0,0.0,0.0,72.0,84.0,82.0,82.0,62.0,78.0,72.0,0.0,0.0,0,0,0,0.0,85.0,0
0,0.0,0.0,86.0,1.0,2.0,92.0,91.0,94.0,94.0,54.0,95.0,95.0,0.0,0.0,0,0,0,0.0,84.0,0
0,0.0,0.0,78.0,0.0,5.0,80.0,92.0,94.0,94.0,44.0,67.0,85.0,0.0,0.0,0,0,0,0.0,85.0,0
0,0.0,0.0,28.0,0.0,0.0,80.0,92.0,94.0,94.0,44.0,67.0,85.0,0.0,0.0,0,0,0,0.0,85.0,0
0,0.0,0.0,2.0,0.0,0.0,77.0,88.0,84.0,86.0,64.0,69.0,78.0,0.0,0.0,0,0,0,0.0,98.0,0
0,0.0,0.0,0.0,0.0,0.0,73.0,87.0,87.0,82.0,58.0,64.0,76.0,0.0,0.0,0,0,0,0.0,89.0,0
0,0.0,0.0,11.0,0.0,0.0,71.0,94.0,88.0,83.0,48.0,63.0,72.0,0.0,0.0,0,0,0,0.0,88.0,0
0,0.0,0.0,5.0,0.0,0.0,71.0,94.0,88.0,83.0,48.0,63.0,72.0,0.0,0.0,0,0,0,0.0,88.0,0
0,0.0,0.0,4.0,0.0,0.0,70.0,90.0,92.0,89.0,57.0,50.0,70.0,0.0,0.0,0,0,0,0.0,87.0,0
0,0.0,0.0,78.0,0.0,3.0,90.0,93.0,94.0,87.0,70.0,90.0,87.0,0.0,0.0,0,0,0,0.0,91.0,0
0,0.0,0.0,47.0,0.0,0.0,87.0,96.0,96.0,91.0,52.0,78.0,88.0,0.0,0.0,0,0,0,0.0,88.0,0
0,0.0,0.0,14.0,0.0,0.0,75.0,94.0,97.0,97.0,42.0,54.0,78.0,0.0,0.0,0,0,0,0.0,84.0,0
0,0.0,0.0,27.0,0.0,0.0,74.0,85.0,86.0,86.0,51.0,69.0,83.0,0.0,0.0,0,0,0,0.0,76.0,0
0,0.0,0.0,7.0,0.0,0.0,68.0,83.0,82.0,84.0,49.0,56.0,79.0,0.0,0.0,0,0,0,0.0,81.0,0
0,0.0,0.0,2.0,0.0,0.0,65.0,91.0,90.0,86.0,40.0,47.0,70.0,0.0,0.0,0,0,0,0.0,79.0,0
0,0.0,0.0,30.0,0.0,0.0,89.0,96.0,96.0,95.0,63.0,80.0,89.0,0.0,0.0,0,0,0,0.0,85.0,0
0,0.0,0.0,0.0,0.0,0.0,89.0,96.0,96.0,95.0,63.0,80.0,89.0,0.0,0.0,0,0,0,0.0,85.0,0
0,0.0,0.0,0.0,0.0,0.0,89.0,96.0,96.0,95.0,63.0,80.0,89.0,0.0,0.0,0,0,0,0.0,85.0,0
0,0.0,0.0,21.0,0.0,0.0,89.0,96.0,96.0,95.0,63.0,80.0,89.0,0.0,0.0,0,0,0,0.0,85.0,0
0,0.0,0.0,0.0,0.0,0.0,89.0,96.0,96.0,95.0,63.0,80.0,89.0,0.0,0.0,0,0,0,0.0,85.0,0
0,0.0,0.0,23.0,0.0,1.0,89.0,96.0,96.0,95.0,63.0,80.0,89.0,0.0,0.0,0,0,0,0.0,85.0,0
0,0.0,0.0,14.0,0.0,0.0,81.0,87.0,88.0,87.0,55.0,79.0,87.0,0.0,0.0,0,0,0,0.0,84.0,0
0,0.0,0.0,56.0,0.0,0.0,78.0,85.0,87.0,82.0,52.0,85.0,87.0,0.0,0.0,0,0,0,0.0,70.0,0
0,0.0,0.0,8.0,0.0,0.0,68.0,96.0,95.0,87.0,54.0,41.0,68.0,0.0,0.0,0,0,0,0.0,89.0,0
0,0.0,0.0,0.0,0.0,0.0,62.0,87.0,86.0,82.0,53.0,64.0,65.0,0.0,0.0,0,0,0,0.0,68.0,0
0,0.0,0.0,83.0,1.0,2.0,91.0,90.0,87.0,89.0,66.0,94.0,94.0,0.0,0.0,0,0,0,0.0,86.0,0
0,0.0,0.0,10.0,0.0,0.0,76.0,92.0,94.0,96.0,61.0,49.0,76.0,0.0,0.0,0,0,0,0.0,93.0,0
0,0.0,0.0,22.0,0.0,0.0,75.0,90.0,92.0,90.0,44.0,74.0,78.0,0.0,0.0,0,0,0,0.0,76.0,0
0,0.0,0.0,25.0,0.0,0.0,75.0,86.0,88.0,89.0,65.0,64.0,75.0,0.0,0.0,0,0,0,0.0,94.0,0
0,0.0,0.0,32.0,0.0,0.0,72.0,95.0,95.0,93.0,46.0,56.0,72.0,0.0,0.0,0,0,0,0.0,81.0,0
0,0.0,0.0,0.0,0.0,0.0,69.0,94.0,96.0,91.0,42.0,45.0,73.0,0.0,0.0,0,0,0,0.0,82.0,0
0,0.0,0.0,3.0,0.0,0.0,68.0,90.0,90.0,84.0,45.0,54.0,70.0,0.0,0.0,0,0,0,0.0,89.0,0
0,0.0,0.0,85.0,2.0,6.0,95.0,94.0,95.0,95.0,65.0,88.0,94.0,0.0,0.0,0,0,0,0.0,93.0,0
0,0.0,0.0,0.0,0.0,0.0,85.0,88.0,91.0,89.0,64.0,82.0,86.0,0.0,0.0,0,0,0,0.0,85.0,0
0,0.0,0.0,27.0,0.0,0.0,84.0,87.0,96.0,96.0,47.0,82.0,86.0,0.0,0.0,0,0,0,0.0,83.0,0
0,0.0,0.0,13.0,0.0,0.0,76.0,90.0,90.0,87.0,62.0,66.0,76.0,0.0,0.0,0,0,0,0.0,91.0,0
0,0.0,0.0,16.0,0.0,0.0,74.0,91.0,94.0,88.0,50.0,46.0,79.0,0.0,0.0,0,0,0,0.0,95.0,0
0,0.0,0.0,1.0,0.0,0.0,74.0,91.0,94.0,88.0,50.0,46.0,79.0,0.0,0.0,0,0,0,0.0,95.0,0
0,0.0,0.0,0.0,0.0,0.0,67.0,93.0,90.0,87.0,44.0,50.0,69.0,0.0,0.0,0,0,0,0.0,84.0,0
0,0.0,0.0,41.0,0.0,1.0,84.0,91.0,92.0,91.0,65.0,68.0,86.0,0.0,0.0,0,0,0,0.0,95.0,0
0,0.0,0.0,0.0,0.0,0.0,83.0,95.0,96.0,88.0,52.0,75.0,83.0,0.0,0.0,0,0,0,0.0,90.0,0
0,0.0,0.0,38.0,0.0,0.0,82.0,89.0,92.0,89.0,60.0,73.0,84.0,0.0,0.0,0,0,0,0.0,87.0,0
0,0.0,0.0,41.0,0.0,0.0,82.0,95.0,96.0,94.0,48.0,74.0,82.0,0.0,0.0,0,0,0,0.0,82.0,0
0,0.0,0.0,0.0,0.0,0.0,69.0,86.0,85.0,83.0,55.0,65.0,71.0,0.0,0.0,0,0,0,0.0,87.0,0
0,0.0,0.0,0.0,0.0,0.0,66.0,88.0,89.0,79.0,45.0,60.0,70.0,0.0,0.0,0,0,0,0.0,77.0,0
0,0.0,0.0,79.0,0.0,3.0,87.0,86.0,85.0,86.0,58.0,90.0,92.0,0.0,0.0,0,0,0,0.0,87.0,0
0,0.0,0.0,67.0,0.0,1.0,83.0,92.0,89.0,88.0,48.0,82.0,87.0,0.0,0.0,0,0,0,0.0,85.0,0
0,0.0,0.0,20.0,0.0,0.0,79.0,92.0,91.0,89.0,51.0,72.0,79.0,0.0,0.0,0,0,0,0.0,89.0,0
0,0.0,0.0,33.0,0.0,0.0,68.0,91.0,89.0,84.0,47.0,50.0,72.0,0.0,0.0,0,0,0,0.0,83.0,0
0,0.0,0.0,0.0,0.0,0.0,67.0,87.0,87.0,84.0,43.0,60.0,73.0,0.0,0.0,0,0,0,0.0,78.0,0
0,0.0,0.0,0.0,0.0,0.0,66.0,88.0,87.0,84.0,45.0,46.0,74.0,0.0,0.0,0,0,0,0.0,83.0,0
0,0.0,0.0,16.0,0.0,0.0,89.0,90.0,88.0,87.0,60.0,96.0,92.0,0.0,0.0,0,0,0,0.0,82.0,0
0,0.0,0.0,0.0,0.0,1.0,89.0,90.0,88.0,87.0,60.0,96.0,92.0,0.0,0.0,0,0,0,0.0,82.0,0
0,0.0,0.0,35.0,0.0,0.0,85.0,95.0,95.0,90.0,48.0,79.0,84.0,0.0,0.0,0,0,0,0.0,92.0,0
0,0.0,0.0,160.0,10.0,13.0,83.0,84.0,80.0,83.0,55.0,99.0,92.0,0.0,0.0,0,0,0,0.0,75.0,0
0,0.0,0.0,4.0,0.0,0.0,77.0,93.0,94.0,89.0,47.0,68.0,79.0,0.0,0.0,0,0,0,0.0,89.0,0
0,0.0,0.0,0.0,0.0,0.0,65.0,93.0,92.0,90.0,40.0,45.0,68.0,0.0,0.0,0,0,0,0.0,86.0,0
0,0.0,0.0,2.0,0.0,0.0,87.0,93.0,91.0,92.0,64.0,74.0,89.0,0.0,0.0,0,0,0,0.0,94.0,0
0,0.0,0.0,59.0,1.0,5.0,87.0,93.0,91.0,92.0,64.0,74.0,89.0,0.0,0.0,0,0,0,0.0,94.0,0
0,0.0,0.0,42.0,0.0,1.0,87.0,93.0,91.0,92.0,64.0,74.0,89.0,0.0,0.0,0,0,0,0.0,94.0,0
0,0.0,0.0,4.0,0.0,0.0,84.0,93.0,92.0,89.0,59.0,72.0,85.0,0.0,0.0,0,0,0,0.0,90.0,0
0,0.0,0.0,0.0,0.0,0.0,83.0,87.0,92.0,89.0,72.0,62.0,87.0,0.0,0.0,0,0,0,0.0,97.0,0
0,0.0,0.0,38.0,0.0,0.0,83.0,87.0,92.0,89.0,72.0,62.0,87.0,0.0,0.0,0,0,0,0.0,97.0,0
0,0.0,0.0,0.0,0.0,0.0,83.0,87.0,92.0,89.0,72.0,62.0,87.0,0.0,0.0,0,0,0,0.0,97.0,0
0,0.0,0.0,0.0,0.0,0.0,83.0,87.0,92.0,89.0,72.0,62.0,87.0,0.0,0.0,0,0,0,0.0,97.0,0
0,0.0,0.0,3.0,0.0,0.0,83.0,87.0,92.0,89.0,72.0,62.0,87.0,0.0,0.0,0,0,0,0.0,97.0,0
0,0.0,0.0,0.0,0.0,0.0,83.0,87.0,92.0,89.0,72.0,62.0,87.0,0.0,0.0,0,0,0,0.0,97.0,0
0,0.0,0.0,0.0,0.0,0.0,83.0,87.0,92.0,89.0,72.0,62.0,87.0,0.0,0.0,0,0,0,0.0,97.0,0
0,0.0,0.0,2.0,0.0,0.0,83.0,87.0,92.0,89.0,72.0,62.0,87.0,0.0,0.0,0,0,0,0.0,97.0,0
0,0.0,0.0,24.0,0.0,0.0,83.0,87.0,92.0,89.0,72.0,62.0,87.0,0.0,0.0,0,0,0,0.0,97.0,0
0,0.0,0.0,12.0,0.0,0.0,83.0,87.0,92.0,89.0,72.0,62.0,87.0,0.0,0.0,0,0,0,0.0,97.0,0
0,0.0,0.0,25.0,0.0,0.0,83.0,87.0,92.0,89.0,72.0,62.0,87.0,0.0,0.0,0,0,0,0.0,97.0,0
0,0.0,0.0,38.0,0.0,0.0,83.0,87.0,92.0,89.0,72.0,62.0,87.0,0.0,0.0,0,0,0,0.0,97.0,0
0,0.0,0.0,7.0,0.0,0.0,78.0,87.0,86.0,87.0,44.0,82.0,85.0,0.0,0.0,0,0,0,0.0,78.0,0
0,0.0,0.0,33.0,0.0,0.0,78.0,87.0,86.0,87.0,44.0,82.0,85.0,0.0,0.0,0,0,0,0.0,78.0,0
0,0.0,0.0,11.0,0.0,0.0,78.0,87.0,86.0,87.0,44.0,82.0,85.0,0.0,0.0,0,0,0,0.0,78.0,0
0,0.0,0.0,3.0,0.0,0.0,62.0,87.0,85.0,79.0,43.0,53.0,70.0,0.0,0.0,0,0,0,0.0,80.0,0
0,0.0,0.0,0.0,0.0,0.0,62.0,90.0,90.0,85.0,43.0,53.0,66.0,0.0,0.0,0,0,0,0.0,67.0,0
0,0.0,0.0,35.0,0.0,1.0,84.0,93.0,94.0,92.0,53.0,75.0,82.0,0.0,0.0,0,0,0,0.0,93.0,0
0,0.0,0.0,23.0,0.0,0.0,82.0,85.0,85.0,84.0,63.0,83.0,85.0,0.0,0.0,0,0,0,0.0,88.0,0
0,0.0,0.0,62.0,0.0,0.0,78.0,86.0,87.0,84.0,47.0,83.0,83.0,0.0,0.0,0,0,0,0.0,82.0,0
0,0.0,0.0,27.0,0.0,0.0,75.0,87.0,90.0,85.0,50.0,70.0,81.0,0.0,0.0,0,0,0,0.0,79.0,0
0,0.0,0.0,39.0,0.0,0.0,73.0,85.0,84.0,80.0,56.0,72.0,78.0,0.0,0.0,0,0,0,0.0,82.0,0
0,0.0,0.0,3.0,0.0,0.0,72.0,82.0,82.0,80.0,48.0,81.0,82.0,0.0,0.0,0,0,0,0.0,74.0,0
0,0.0,0.0,6.0,0.0,0.0,72.0,93.0,90.0,85.0,52.0,64.0,72.0,0.0,0.0,0,0,0,0.0,84.0,0
0,0.0,0.0,0.0,0.0,0.0,72.0,88.0,89.0,88.0,39.0,75.0,75.0,0.0,0.0,0,0,0,0.0,72.0,0
0,0.0,0.0,10.0,0.0,0.0,72.0,86.0,84.0,81.0,55.0,67.0,75.0,0.0,0.0,0,0,0,0.0,92.0,0
0,0.0,0.0,11.0,0.0,0.0,71.0,90.0,88.0,88.0,47.0,62.0,73.0,0.0,0.0,0,0,0,0.0,88.0,0
0,0.0,0.0,4.0,0.0,0.0,70.0,86.0,87.0,84.0,55.0,60.0,75.0,0.0,0.0,0,0,0,0.0,84.0,0
0,0.0,0.0,4.0,0.0,0.0,70.0,87.0,85.0,83.0,48.0,65.0,77.0,0.0,0.0,0,0,0,0.0,78.0,0
0,0.0,0.0,0.0,0.0,0.0,69.0,88.0,89.0,88.0,48.0,63.0,71.0,0.0,0.0,0,0,0,0.0,80.0,0
0,0.0,0.0,40.0,0.0,0.0,69.0,82.0,80.0,79.0,52.0,74.0,74.0,0.0,0.0,0,0,0,0.0,86.0,0
0,0.0,0.0,0.0,0.0,0.0,68.0,90.0,87.0,86.0,43.0,60.0,69.0,0.0,0.0,0,0,0,0.0,82.0,0
0,0.0,0.0,2.0,0.0,0.0,68.0,86.0,84.0,82.0,48.0,68.0,72.0,0.0,0.0,0,0,0,0.0,73.0,0
0,0.0,0.0,0.0,0.0,0.0,67.0,86.0,87.0,75.0,49.0,59.0,75.0,0.0,0.0,0,0,0,0.0,80.0,0
0,0.0,0.0,0.0,0.0,0.0,67.0,87.0,87.0,86.0,47.0,64.0,69.0,0.0,0.0,0,0,0,0.0,77.0,0
0,0.0,0.0,0.0,0.0,0.0,66.0,86.0,86.0,82.0,56.0,53.0,72.0,0.0,0.0,0,0,0,0.0,82.0,0
0,0.0,0.0,0.0,0.0,0.0,66.0,87.0,89.0,84.0,49.0,50.0,72.0,0.0,0.0,0,0,0,0.0,81.0,0
0,0.0,0.0,0.0,0.0,0.0,66.0,84.0,84.0,81.0,49.0,57.0,75.0,0.0,0.0,0,0,0,0.0,78.0,0
0,0.0,0.0,0.0,0.0,0.0,65.0,88.0,85.0,76.0,55.0,55.0,68.0,0.0,0.0,0,0,0,0.0,85.0,0
0,0.0,0.0,0.0,0.0,0.0,65.0,91.0,90.0,82.0,59.0,52.0,64.0,0.0,0.0,0,0,0,0.0,84.0,0
0,0.0,0.0,0.0,0.0,0.0,65.0,86.0,88.0,86.0,46.0,49.0,71.0,0.0,0.0,0,0,0,0.0,75.0,0
0,0.0,0.0,0.0,0.0,0.0,65.0,88.0,84.0,80.0,43.0,56.0,71.0,0.0,0.0,0,0,0,0.0,84.0,0
0,0.0,0.0,0.0,0.0,0.0,65.0,86.0,87.0,79.0,47.0,63.0,65.0,0.0,0.0,0,0,0,0.0,85.0,0
0,0.0,0.0,0.0,0.0,0.0,65.0,86.0,87.0,79.0,47.0,63.0,65.0,0.0,0.0,0,0,0,0.0,85.0,0
0,0.0,0.0,0.0,0.0,0.0,65.0,84.0,83.0,78.0,50.0,64.0,74.0,0.0,0.0,0,0,0,0.0,69.0,0
0,0.0,0.0,8.0,0.0,0.0,65.0,86.0,85.0,83.0,49.0,50.0,72.0,0.0,0.0,0,0,0,0.0,77.0,0
0,0.0,0.0,22.0,1.0,2.0,64.0,92.0,88.0,88.0,35.0,62.0,67.0,0.0,0.0,0,0,0,0.0,65.0,0
0,0.0,0.0,0.0,0.0,0.0,63.0,85.0,82.0,78.0,48.0,55.0,73.0,0.0,0.0,0,0,0,0.0,75.0,0
0,0.0,0.0,61.0,1.0,2.0,63.0,82.0,84.0,80.0,52.0,53.0,70.0,0.0,0.0,0,0,0,0.0,87.0,0
0,0.0,0.0,30.0,0.0,0.0,63.0,82.0,84.0,80.0,52.0,53.0,70.0,0.0,0.0,0,0,0,0.0,87.0,0
0,0.0,0.0,10.0,0.0,0.0,63.0,82.0,84.0,80.0,52.0,53.0,70.0,0.0,0.0,0,0,0,0.0,87.0,0
0,0.0,0.0,1.0,0.0,0.0,63.0,82.0,84.0,80.0,52.0,53.0,70.0,0.0,0.0,0,0,0,0.0,87.0,0
0,0.0,0.0,0.0,0.0,0.0,63.0,90.0,92.0,79.0,45.0,50.0,68.0,0.0,0.0,0,0,0,0.0,75.0,0
0,0.0,0.0,0.0,0.0,0.0,63.0,93.0,90.0,84.0,45.0,54.0,65.0,0.0,0.0,0,0,0,0.0,76.0,0
0,0.0,0.0,92.0,4.0,7.0,63.0,93.0,90.0,84.0,45.0,54.0,65.0,0.0,0.0,0,0,0,0.0,76.0,0
0,0.0,0.0,20.0,0.0,0.0,63.0,85.0,85.0,86.0,47.0,60.0,68.0,0.0,0.0,0,0,0,0.0,69.0,0
0,0.0,0.0,0.0,0.0,0.0,62.0,90.0,89.0,82.0,44.0,48.0,65.0,0.0,0.0,0,0,0,0.0,77.0,0
0,0.0,0.0,1.0,0.0,0.0,62.0,90.0,88.0,80.0,47.0,54.0,65.0,0.0,0.0,0,0,0,0.0,75.0,0
0,0.0,0.0,40.0,0.0,1.0,91.0,92.0,93.0,93.0,64.0,85.0,90.0,0.0,0.0,0,0,0,0.0,93.0,0
0,0.0,0.0,76.0,0.0,4.0,87.0,90.0,91.0,90.0,56.0,85.0,87.0,0.0,0.0,0,0,0,0.0,94.0,0
0,0.0,0.0,18.0,0.0,0.0,78.0,91.0,89.0,86.0,64.0,70.0,78.0,0.0,0.0,0,0,0,0.0,87.0,0
0,0.0,0.0,0.0,0.0,0.0,75.0,92.0,93.0,93.0,58.0,53.0,75.0,0.0,0.0,0,0,0,0.0,92.0,0
0,0.0,0.0,0.0,0.0,0.0,70.0,89.0,91.0,88.0,49.0,67.0,73.0,0.0,0.0,0,0,0,0.0,72.0,0
0,0.0,0.0,0.0,0.0,0.0,91.0,95.0,95.0,92.0,70.0,81.0,88.0,0.0,0.0,0,0,0,0.0,94.0,0
0,0.0,0.0,94.0,2.0,7.0,91.0,95.0,95.0,92.0,70.0,81.0,88.0,0.0,0.0,0,0,0,0.0,94.0,0
0,0.0,0.0,42.0,0.0,0.0,80.0,85.0,90.0,92.0,46.0,72.0,88.0,0.0,0.0,0,0,0,0.0,84.0,0
0,0.0,0.0,27.0,0.0,0.0,79.0,94.0,91.0,84.0,49.0,74.0,83.0,0.0,0.0,0,0,0,0.0,83.0,0
0,0.0,0.0,4.0,1.0,1.0,72.0,97.0,95.0,92.0,44.0,47.0,76.0,0.0,0.0,0,0,0,0.0,82.0,0
0,0.0,0.0,0.0,0.0,0.0,70.0,88.0,87.0,85.0,52.0,62.0,73.0,0.0,0.0,0,0,0,0.0,84.0,0
0,0.0,0.0,0.0,0.0,0.0,62.0,88.0,89.0,79.0,42.0,54.0,66.0,0.0,0.0,0,0,0,0.0,79.0,0
0,0.0,0.0,0.0,0.0,0.0,61.0,92.0,88.0,82.0,43.0,45.0,66.0,0.0,0.0,0,0,0,0.0,78.0,0
0,0.0,0.0,123.0,3.0,8.0,98.0,96.0,98.0,97.0,49.0,99.0,99.0,0.0,0.0,0,0,0,0.0,87.0,0
0,0.0,0.0,116.0,1.0,6.0,90.0,88.0,92.0,91.0,56.0,90.0,94.0,0.0,0.0,0,0,0,0.0,86.0,0
0,0.0,0.0,44.0,0.0,0.0,86.0,92.0,94.0,87.0,53.0,85.0,90.0,0.0,0.0,0,0,0,0.0,79.0,0
0,0.0,0.0,0.0,0.0,0.0,72.0,85.0,85.0,80.0,59.0,64.0,77.0,0.0,0.0,0,0,0,0.0,89.0,0
0,0.0,0.0,12.0,0.0,0.0,66.0,84.0,85.0,87.0,37.0,56.0,75.0,0.0,0.0,0,0,0,0.0,75.0,0
0,0.0,0.0,0.0,0.0,0.0,64.0,88.0,87.0,83.0,47.0,58.0,67.0,0.0,0.0,0,0,0,0.0,70.0,0
0,0.0,0.0,0.0,0.0,0.0,90.0,88.0,89.0,89.0,61.0,96.0,94.0,0.0,0.0,0,0,0,0.0,85.0,0
0,0.0,0.0,1.0,0.0,0.0,90.0,88.0,89.0,89.0,61.0,96.0,94.0,0.0,0.0,0,0,0,0.0,85.0,0
0,0.0,0.0,0.0,0.0,0.0,90.0,88.0,89.0,89.0,61.0,96.0,94.0,0.0,0.0,0,0,0,0.0,85.0,0
0,0.0,0.0,94.0,0.0,5.0,90.0,88.0,89.0,89.0,61.0,96.0,94.0,0.0,0.0,0,0,0,0.0,85.0,0
0,0.0,0.0,33.0,0.0,0.0,90.0,88.0,89.0,89.0,61.0,96.0,94.0,0.0,0.0,0,0,0,0.0,85.0,0
0,0.0,0.0,69.0,0.0,0.0,79.0,90.0,90.0,88.0,64.0,60.0,82.0,0.0,0.0,0,0,0,0.0,95.0,0
0,0.0,0.0,23.0,0.0,0.0,79.0,90.0,90.0,88.0,64.0,60.0,82.0,0.0,0.0,0,0,0,0.0,95.0,0
0,0.0,0.0,22.0,0.0,0.0,78.0,93.0,88.0,89.0,67.0,53.0,80.0,0.0,0.0,0,0,0,0.0,95.0,0
0,0.0,0.0,9.0,0.0,0.0,78.0,93.0,88.0,89.0,67.0,53.0,80.0,0.0,0.0,0,0,0,0.0,95.0,0
0,0.0,0.0,19.0,0.0,0.0,77.0,88.0,89.0,90.0,48.0,72.0,80.0,0.0,0.0,0,0,0,0.0,84.0,0
0,0.0,0.0,22.0,0.0,0.0,76.0,85.0,86.0,84.0,64.0,64.0,80.0,0.0,0.0,0,0,0,0.0,91.0,0
0,0.0,0.0,0.0,0.0,0.0,64.0,88.0,86.0,75.0,50.0,52.0,70.0,0.0,0.0,0,0,0,0.0,87.0,0
0,0.0,0.0,69.0,0.0,0.0,85.0,93.0,92.0,87.0,54.0,85.0,87.0,0.0,0.0,0,0,0,0.0,78.0,0
0,0.0,0.0,29.0,1.0,2.0,80.0,97.0,99.0,99.0,50.0,72.0,74.0,0.0,0.0,0,0,0,0.0,70.0,0
0,0.0,0.0,13.0,0.0,0.0,77.0,94.0,96.0,94.0,37.0,68.0,80.0,0.0,0.0,0,0,0,0.0,82.0,0
0,0.0,0.0,1.0,0.0,0.0,73.0,92.0,91.0,90.0,47.0,57.0,74.0,0.0,0.0,0,0,0,0.0,93.0,0
0,0.0,0.0,0.0,0.0,0.0,70.0,87.0,87.0,85.0,51.0,65.0,74.0,0.0,0.0,0,0,0,0.0,74.0,0
0,0.0,0.0,0.0,0.0,0.0,68.0,85.0,87.0,79.0,60.0,62.0,70.0,0.0,0.0,0,0,0,0.0,87.0,0
0,0.0,0.0,58.0,0.0,1.0,88.0,94.0,93.0,91.0,56.0,80.0,86.0,0.0,0.0,0,0,0,0.0,97.0,0
0,0.0,0.0,48.0,0.0,1.0,85.0,87.0,87.0,85.0,63.0,87.0,88.0,0.0,0.0,0,0,0,0.0,88.0,0
0,0.0,0.0,38.0,1.0,1.0,84.0,91.0,92.0,84.0,78.0,76.0,84.0,0.0,0.0,0,0,0,0.0,87.0,0
0,0.0,0.0,0.0,0.0,0.0,74.0,86.0,87.0,82.0,61.0,69.0,77.0,0.0,0.0,0,0,0,0.0,85.0,0
0,0.0,0.0,0.0,0.0,0.0,71.0,92.0,90.0,84.0,45.0,67.0,73.0,0.0,0.0,0,0,0,0.0,78.0,0
0,0.0,0.0,0.0,0.0,0.0,60.0,87.0,86.0,77.0,44.0,55.0,64.0,0.0,0.0,0,0,0,0.0,72.0,0
0,0.0,0.0,45.0,0.0,0.0,86.0,91.0,92.0,91.0,55.0,81.0,89.0,0.0,0.0,0,0,0,0.0,88.0,0
0,0.0,0.0,34.0,0.0,0.0,82.0,90.0,85.0,84.0,59.0,78.0,85.0,0.0,0.0,0,0,0,0.0,92.0,0
0,0.0,0.0,30.0,0.0,0.0,81.0,90.0,89.0,88.0,58.0,75.0,84.0,0.0,0.0,0,0,0,0.0,88.0,0
0,0.0,0.0,0.0,0.0,0.0,81.0,95.0,96.0,93.0,44.0,75.0,82.0,0.0,0.0,0,0,0,0.0,81.0,0
0,0.0,0.0,8.0,0.0,0.0,80.0,96.0,95.0,90.0,55.0,61.0,81.0,0.0,0.0,0,0,0,0.0,89.0,0
0,0.0,0.0,0.0,0.0,0.0,67.0,89.0,94.0,88.0,42.0,62.0,68.0,0.0,0.0,0,0,0,0.0,71.0,0
0,0.0,0.0,52.0,0.0,0.0,88.0,94.0,96.0,95.0,50.0,84.0,88.0,0.0,0.0,0,0,0,0.0,84.0,0
0,0.0,0.0,22.0,0.0,0.0,87.0,90.0,90.0,89.0,65.0,83.0,89.0,0.0,0.0,0,0,0,0.0,87.0,0
0,0.0,0.0,56.0,0.0,1.0,85.0,89.0,90.0,92.0,48.0,92.0,89.0,0.0,0.0,0,0,0,0.0,79.0,0
0,0.0,0.0,8.0,0.0,0.0,78.0,98.0,95.0,88.0,48.0,69.0,78.0,0.0,0.0,0,0,0,0.0,84.0,0
0,0.0,0.0,17.0,0.0,0.0,77.0,88.0,88.0,88.0,57.0,62.0,80.0,0.0,0.0,0,0,0,0.0,92.0,0
0,0.0,0.0,11.0,0.0,0.0,77.0,88.0,88.0,88.0,57.0,62.0,80.0,0.0,0.0,0,0,0,0.0,92.0,0
0,0.0,0.0,30.0,0.0,0.0,73.0,90.0,97.0,86.0,49.0,70.0,70.0,0.0,0.0,0,0,0,0.0,82.0,0
0,0.0,0.0,0.0,0.0,0.0,67.0,86.0,86.0,90.0,50.0,47.0,74.0,0.0,0.0,0,0,0,0.0,87.0,0
0,0.0,0.0,70.0,0.0,4.0,93.0,90.0,93.0,92.0,64.0,94.0,95.0,0.0,0.0,0,0,0,0.0,86.0,0
0,0.0,0.0,0.0,0.0,0.0,83.0,97.0,97.0,89.0,50.0,72.0,83.0,0.0,0.0,0,0,0,0.0,88.0,0
0,0.0,0.0,43.0,0.0,1.0,73.0,97.0,96.0,94.0,41.0,67.0,70.0,0.0,0.0,0,0,0,0.0,70.0,0
0,0.0,0.0,36.0,0.0,0.0,73.0,96.0,96.0,92.0,44.0,58.0,73.0,0.0,0.0,0,0,0,0.0,83.0,0
0,0.0,0.0,0.0,0.0,0.0,67.0,87.0,91.0,86.0,52.0,54.0,67.0,0.0,0.0,0,0,0,0.0,90.0,0
0,0.0,0.0,70.0,0.0,0.0,87.0,92.0,93.0,92.0,68.0,77.0,82.0,0.0,0.0,0,0,0,0.0,98.0,0
0,0.0,0.0,69.0,0.0,0.0,85.0,90.0,89.0,86.0,61.0,87.0,86.0,0.0,0.0,0,0,0,0.0,87.0,0
0,0.0,0.0,5.0,0.0,1.0,72.0,88.0,86.0,84.0,54.0,66.0,75.0,0.0,0.0,0,0,0,0.0,85.0,0
0,0.0,0.0,0.0,0.0,0.0,72.0,94.0,93.0,86.0,50.0,60.0,74.0,0.0,0.0,0,0,0,0.0,84.0,0
0,0.0,0.0,10.0,0.0,0.0,72.0,94.0,93.0,86.0,50.0,60.0,74.0,0.0,0.0,0,0,0,0.0,84.0,0
0,0.0,0.0,1.0,0.0,0.0,71.0,91.0,92.0,90.0,48.0,58.0,72.0,0.0,0.0,0,0,0,0.0,84.0,0
0,0.0,0.0,2.0,0.0,0.0,66.0,85.0,90.0,84.0,50.0,50.0,72.0,0.0,0.0,0,0,0,0.0,83.0,0
0,0.0,0.0,0.0,0.0,0.0,62.0,90.0,90.0,85.0,43.0,49.0,68.0,0.0,0.0,0,0,0,0.0,67.0,0
0,0.0,0.0,68.0,0.0,1.0,89.0,98.0,96.0,94.0,52.0,85.0,89.0,0.0,0.0,0,0,0,0.0,82.0,0
0,0.0,0.0,33.0,0.0,0.0,85.0,91.0,89.0,92.0,65.0,77.0,85.0,0.0,0.0,0,0,0,0.0,92.0,0
0,0.0,0.0,0.0,0.0,0.0,79.0,82.0,83.0,85.0,53.0,87.0,88.0,0.0,0.0,0,0,0,0.0,69.0,0
0,0.0,0.0,51.0,0.0,0.0,72.0,87.0,88.0,87.0,52.0,68.0,75.0,0.0,0.0,0,0,0,0.0,84.0,0
0,0.0,0.0,4.0,0.0,0.0,71.0,96.0,94.0,86.0,44.0,65.0,73.0,0.0,0.0,0,0,0,0.0,66.0,0
0,0.0,0.0,124.0,4.0,6.0,99.0,99.0,99.0,97.0,56.0,90.0,97.0,0.0,0.0,0,0,0,0.0,99.0,0
0,0.0,0.0,33.0,0.0,0.0,87.0,91.0,93.0,90.0,65.0,82.0,86.0,0.0,0.0,0,0,0,0.0,91.0,0
0,0.0,0.0,16.0,0.0,0.0,79.0,88.0,90.0,87.0,55.0,73.0,81.0,0.0,0.0,0,0,0,0.0,87.0,0
0,0.0,0.0,14.0,0.0,0.0,74.0,88.0,89.0,85.0,59.0,65.0,75.0,0.0,0.0,0,0,0,0.0,90.0,0
0,0.0,0.0,0.0,0.0,0.0,69.0,95.0,94.0,93.0,38.0,49.0,75.0,0.0,0.0,0,0,0,0.0,78.0,0
0,0.0,0.0,9.0,0.0,0.0,67.0,92.0,88.0,86.0,43.0,63.0,67.0,0.0,0.0,0,0,0,0.0,82.0,0
0,0.0,0.0,121.0,5.0,6.0,98.0,94.0,97.0,93.0,75.0,94.0,95.0,0.0,0.0,0,0,0,0.0,95.0,0
0,0.0,0.0,25.0,0.0,0.0,81.0,91.0,91.0,89.0,35.0,83.0,84.0,0.0,0.0,0,0,0,0.0,87.0,0
0,0.0,0.0,1.0,0.0,0.0,77.0,90.0,92.0,92.0,56.0,58.0,80.0,0.0,0.0,0,0,0,0.0,92.0,0
0,0.0,0.0,0.0,0.0,0.0,77.0,90.0,92.0,92.0,56.0,58.0,80.0,0.0,0.0,0,0,0,0.0,92.0,0
0,0.0,0.0,11.0,0.0,0.0,77.0,90.0,92.0,92.0,56.0,58.0,80.0,0.0,0.0,0,0,0,0.0,92.0,0
0,0.0,0.0,2.0,0.0,0.0,77.0,90.0,92.0,92.0,56.0,58.0,80.0,0.0,0.0,0,0,0,0.0,92.0,0
0,0.0,0.0,20.0,0.0,0.0,77.0,90.0,92.0,92.0,56.0,58.0,80.0,0.0,0.0,0,0,0,0.0,92.0,0
0,0.0,0.0,5.0,0.0,0.0,76.0,94.0,93.0,88.0,49.0,69.0,80.0,0.0,0.0,0,0,0,0.0,70.0,0
0,0.0,0.0,0.0,0.0,0.0,76.0,94.0,93.0,88.0,49.0,69.0,80.0,0.0,0.0,0,0,0,0.0,70.0,0
0,0.0,0.0,5.0,0.0,0.0,65.0,84.0,84.0,78.0,48.0,62.0,70.0,0.0,0.0,0,0,0,0.0,87.0,0
0,0.0,0.0,88.0,0.0,4.0,94.0,89.0,91.0,94.0,72.0,93.0,95.0,0.0,0.0,0,0,0,0.0,86.0,0
0,0.0,0.0,0.0,0.0,0.0,84.0,95.0,97.0,98.0,54.0,75.0,82.0,0.0,0.0,0,0,0,0.0,80.0,0
0,0.0,0.0,22.0,0.0,0.0,79.0,91.0,91.0,89.0,49.0,77.0,81.0,0.0,0.0,0,0,0,0.0,79.0,0
0,0.0,0.0,0.0,0.0,0.0,72.0,89.0,90.0,88.0,46.0,62.0,73.0,0.0,0.0,0,0,0,0.0,92.0,0
0,0.0,0.0,2.0,0.0,0.0,71.0,89.0,88.0,84.0,58.0,67.0,73.0,0.0,0.0,0,0,0,0.0,80.0,0
0,0.0,0.0,83.0,0.0,2.0,87.0,87.0,85.0,87.0,58.0,94.0,94.0,0.0,0.0,0,0,0,0.0,82.0,0
0,0.0,0.0,20.0,0.0,0.0,82.0,90.0,91.0,90.0,52.0,76.0,84.0,0.0,0.0,0,0,0,0.0,86.0,0
0,0.0,0.0,0.0,0.0,0.0,79.0,89.0,90.0,90.0,44.0,78.0,82.0,0.0,0.0,0,0,0,0.0,84.0,0
0,0.0,0.0,77.0,0.0,3.0,74.0,89.0,86.0,84.0,64.0,56.0,77.0,0.0,0.0,0,0,0,0.0,93.0,0
0,0.0,0.0,0.0,0.0,0.0,73.0,87.0,86.0,85.0,63.0,64.0,74.0,0.0,0.0,0,0,0,0.0,92.0,0
0,0.0,0.0,41.0,0.0,1.0,80.0,88.0,90.0,91.0,45.0,69.0,85.0,0.0,0.0,0,0,0,0.0,91.0,0
0,0.0,0.0,1.0,0.0,0.0,76.0,87.0,87.0,87.0,58.0,64.0,84.0,0.0,0.0,0,0,0,0.0,86.0,0
0,0.0,0.0,18.0,0.0,0.0,75.0,87.0,87.0,86.0,54.0,67.0,80.0,0.0,0.0,0,0,0,0.0,84.0,0
0,0.0,0.0,0.0,0.0,0.0,73.0,86.0,87.0,86.0,48.0,72.0,78.0,0.0,0.0,0,0,0,0.0,78.0,0
0,0.0,0.0,0.0,0.0,0.0,70.0,89.0,89.0,90.0,48.0,55.0,74.0,0.0,0.0,0,0,0,0.0,86.0,0
0,0.0,0.0,0.0,0.0,0.0,66.0,87.0,90.0,87.0,56.0,43.0,70.0,0.0,0.0,0,0,0,0.0,86.0,0
0,0.0,0.0,55.0,0.0,0.0,89.0,88.0,91.0,91.0,59.0,90.0,92.0,0.0,0.0,0,0,0,0.0,88.0,0
0,0.0,0.0,54.0,0.0,0.0,82.0,86.0,88.0,94.0,47.0,86.0,86.0,0.0,0.0,0,0,0,0.0,79.0,0
0,0.0,0.0,31.0,0.0,0.0,81.0,84.0,85.0,81.0,64.0,82.0,86.0,0.0,0.0,0,0,0,0.0,89.0,0
0,0.0,0.0,29.0,0.0,0.0,79.0,89.0,90.0,89.0,44.0,77.0,85.0,0.0,0.0,0,0,0,0.0,79.0,0
0,0.0,0.0,1.0,0.0,1.0,72.0,87.0,82.0,85.0,62.0,65.0,74.0,0.0,0.0,0,0,0,0.0,87.0,0
0,0.0,0.0,0.0,0.0,0.0,70.0,87.0,90.0,87.0,45.0,62.0,74.0,0.0,0.0,0,0,0,0.0,78.0,0
0,0.0,0.0,99.0,1.0,7.0,96.0,96.0,96.0,93.0,54.0,95.0,97.0,0.0,0.0,0,0,0,0.0,87.0,0
0,0.0,0.0,101.0,0.0,4.0,92.0,93.0,94.0,96.0,45.0,95.0,95.0,0.0,0.0,0,0,0,0.0,84.0,0
0,0.0,0.0,0.0,0.0,0.0,76.0,95.0,93.0,85.0,44.0,72.0,77.0,0.0,0.0,0,0,0,0.0,85.0,0
0,0.0,0.0,25.0,0.0,0.0,76.0,95.0,93.0,85.0,44.0,72.0,77.0,0.0,0.0,0,0,0,0.0,85.0,0
0,0.0,0.0,19.0,0.0,0.0,76.0,93.0,94.0,92.0,42.0,67.0,78.0,0.0,0.0,0,0,0,0.0,77.0,0
0,0.0,0.0,0.0,0.0,0.0,72.0,87.0,85.0,83.0,48.0,65.0,82.0,0.0,0.0,0,0,0,0.0,77.0,0
0,0.0,0.0,0.0,0.0,0.0,69.0,86.0,89.0,89.0,50.0,50.0,76.0,0.0,0.0,0,0,0,0.0,85.0,0
0,0.0,0.0,22.0,0.0,0.0,87.0,88.0,91.0,88.0,67.0,82.0,89.0,0.0,0.0,0,0,0,0.0,92.0,0
0,0.0,0.0,78.0,0.0,0.0,85.0,97.0,95.0,87.0,48.0,85.0,85.0,0.0,0.0,0,0,0,0.0,86.0,0
0,0.0,0.0,43.0,0.0,0.0,80.0,88.0,88.0,88.0,46.0,85.0,84.0,0.0,0.0,0,0,0,0.0,82.0,0
0,0.0,0.0,0.0,0.0,0.0,70.0,86.0,88.0,88.0,65.0,42.0,74.0,0.0,0.0,0,0,0,0.0,96.0,0
0,0.0,0.0,0.0,0.0,0.0,69.0,87.0,88.0,85.0,48.0,62.0,71.0,0.0,0.0,0,0,0,0.0,82.0,0
0,0.0,0.0,0.0,0.0,0.0,66.0,86.0,85.0,86.0,63.0,40.0,72.0,0.0,0.0,0,0,0,0.0,88.0,0
0,0.0,0.0,0.0,0.0,0.0,88.0,89.0,87.0,87.0,65.0,88.0,90.0,0.0,0.0,0,0,0,0.0,90.0,0
0,0.0,0.0,5.0,0.0,0.0,81.0,93.0,94.0,91.0,69.0,67.0,75.0,0.0,0.0,0,0,0,0.0,96.0,0
0,0.0,0.0,4.0,0.0,0.0,73.0,93.0,92.0,86.0,45.0,61.0,75.0,0.0,0.0,0,0,0,0.0,84.0,0
0,0.0,0.0,11.0,0.0,0.0,73.0,90.0,90.0,89.0,56.0,54.0,75.0,0.0,0.0,0,0,0,0.0,88.0,0
0,0.0,0.0,17.0,0.0,0.0,73.0,90.0,90.0,89.0,56.0,54.0,75.0,0.0,0.0,0,0,0,0.0,88.0,0
0,0.0,0.0,10.0,0.0,0.0,71.0,87.0,90.0,89.0,52.0,55.0,77.0,0.0,0.0,0,0,0,0.0,82.0,0
0,0.0,0.0,72.0,0.0,1.0,87.0,97.0,98.0,96.0,48.0,80.0,86.0,0.0,0.0,0,0,0,0.0,82.0,0
0,0.0,0.0,25.0,0.0,0.0,84.0,87.0,87.0,85.0,67.0,81.0,85.0,0.0,0.0,0,0,0,0.0,96.0,0
0,0.0,0.0,0.0,0.0,0.0,82.0,92.0,92.0,87.0,49.0,83.0,85.0,0.0,0.0,0,0,0,0.0,80.0,0
0,0.0,0.0,2.0,0.0,0.0,76.0,91.0,91.0,86.0,45.0,67.0,80.0,0.0,0.0,0,0,0,0.0,85.0,0
0,0.0,0.0,7.0,0.0,0.0,74.0,87.0,85.0,84.0,64.0,69.0,75.0,0.0,0.0,0,0,0,0.0,90.0,0
0,0.0,0.0,0.0,0.0,0.0,73.0,89.0,85.0,81.0,53.0,79.0,75.0,0.0,0.0,0,0,0,0.0,80.0,0
0,0.0,0.0,93.0,1.0,11.0,97.0,93.0,90.0,89.0,70.0,90.0,95.0,95.0,95.0,0,0,0,94.0,98.0,0
0,0.0,0.0,86.0,0.0,3.0,95.0,91.0,89.0,91.0,80.0,87.0,93.0,91.0,99.0,0,0,0,96.0,90.0,0
0,0.0,0.0,10.0,0.0,0.0,77.0,90.0,93.0,92.0,62.0,54.0,80.0,70.0,84.0,0,0,0,85.0,90.0,0
0,0.0,0.0,0.0,0.0,0.0,74.0,88.0,87.0,84.0,52.0,68.0,80.0,80.0,80.0,0,0,0,70.0,81.0,0
0,0.0,0.0,26.0,0.0,0.0,71.0,93.0,94.0,94.0,52.0,58.0,74.0,84.0,68.0,0,0,0,66.0,86.0,0
0,0.0,0.0,88.0,1.0,4.0,89.0,93.0,95.0,92.0,60.0,87.0,84.0,88.0,86.0,0,0,0,89.0,90.0,0
0,0.0,0.0,16.0,0.0,0.0,80.0,92.0,93.0,91.0,50.0,68.0,84.0,84.0,80.0,0,0,0,72.0,90.0,0
0,0.0,0.0,31.0,0.0,0.0,79.0,91.0,94.0,94.0,48.0,66.0,83.0,70.0,80.0,0,0,0,78.0,84.0,0
0,0.0,0.0,39.0,0.0,0.0,79.0,89.0,88.0,87.0,66.0,80.0,86.0,79.0,70.0,0,0,0,74.0,94.0,0
0,0.0,0.0,70.0,0.0,4.0,79.0,86.0,86.0,85.0,64.0,82.0,82.0,72.0,78.0,0,0,0,74.0,86.0,0
0,0.0,0.0,0.0,0.0,0.0,71.0,93.0,94.0,94.0,38.0,60.0,79.0,74.0,66.0,0,0,0,66.0,88.0,0
0,0.0,0.0,86.0,1.0,2.0,87.0,88.0,87.0,89.0,46.0,95.0,93.0,74.0,84.0,0,0,0,86.0,82.0,0
0,0.0,0.0,78.0,0.0,5.0,85.0,92.0,94.0,92.0,45.0,85.0,88.0,79.0,82.0,0,0,0,77.0,86.0,0
0,0.0,0.0,28.0,0.0,0.0,85.0,92.0,94.0,92.0,45.0,85.0,88.0,79.0,82.0,0,0,0,77.0,86.0,0
0,0.0,0.0,9.0,0.0,0.0,78.0,91.0,94.0,93.0,55.0,68.0,82.0,90.0,72.0,0,0,0,68.0,95.0,0
0,0.0,0.0,0.0,0.0,0.0,70.0,92.0,90.0,90.0,62.0,46.0,77.0,78.0,72.0,0,0,0,66.0,88.0,0
0,0.0,0.0,4.0,0.0,0.0,70.0,92.0,90.0,90.0,62.0,46.0,77.0,78.0,72.0,0,0,0,66.0,88.0,0
0,0.0,0.0,0.0,0.0,0.0,68.0,93.0,88.0,88.0,60.0,40.0,76.0,86.0,70.0,0,0,0,60.0,88.0,0
0,0.0,0.0,2.0,0.0,0.0,66.0,97.0,98.0,95.0,44.0,54.0,72.0,66.0,69.0,0,0,0,60.0,81.0,0
0,0.0,0.0,47.0,0.0,0.0,91.0,98.0,99.0,93.0,55.0,86.0,88.0,82.0,85.0,0,0,0,93.0,88.0,0
0,0.0,0.0,1.0,0.0,0.0,79.0,93.0,88.0,87.0,55.0,62.0,82.0,90.0,83.0,0,0,0,70.0,95.0,0
0,0.0,0.0,14.0,0.0,0.0,78.0,96.0,97.0,96.0,43.0,68.0,82.0,80.0,69.0,0,0,0,65.0,84.0,0
0,0.0,0.0,27.0,0.0,0.0,77.0,86.0,86.0,85.0,55.0,80.0,86.0,66.0,84.0,0,0,0,66.0,76.0,0
0,0.0,0.0,0.0,0.0,0.0,71.0,91.0,90.0,89.0,53.0,52.0,78.0,0.0,0.0,0,0,0,0.0,0.0,0
0,0.0,0.0,0.0,0.0,0.0,71.0,91.0,90.0,89.0,53.0,52.0,78.0,0.0,0.0,0,0,0,0.0,0.0,0
0,0.0,0.0,0.0,0.0,0.0,71.0,91.0,90.0,89.0,53.0,52.0,78.0,0.0,0.0,0,0,0,0.0,0.0,0
0,0.0,0.0,30.0,0.0,0.0,98.0,97.0,99.0,99.0,68.0,85.0,95.0,88.0,95.0,0,0,0,99.0,92.0,0
0,0.0,0.0,0.0,0.0,0.0,98.0,97.0,99.0,99.0,68.0,85.0,95.0,88.0,95.0,0,0,0,99.0,92.0,0
0,0.0,0.0,0.0,0.0,0.0,98.0,97.0,99.0,99.0,68.0,85.0,95.0,88.0,95.0,0,0,0,99.0,92.0,0
0,0.0,0.0,21.0,0.0,0.0,98.0,97.0,99.0,99.0,68.0,85.0,95.0,88.0,95.0,0,0,0,99.0,92.0,0
0,0.0,0.0,0.0,0.0,0.0,98.0,97.0,99.0,99.0,68.0,85.0,95.0,88.0,95.0,0,0,0,99.0,92.0,0
0,0.0,0.0,23.0,0.0,1.0,98.0,97.0,99.0,99.0,68.0,85.0,95.0,88.0,95.0,0,0,0,99.0,92.0,0
0,0.0,0.0,14.0,0.0,0.0,86.0,89.0,92.0,90.0,58.0,88.0,88.0,78.0,84.0,0,0,0,82.0,89.0,0
0,0.0,0.0,83.0,1.0,2.0,84.0,85.0,82.0,80.0,70.0,88.0,90.0,80.0,84.0,0,0,0,75.0,86.0,0
0,0.0,0.0,4.0,0.0,0.0,76.0,85.0,83.0,82.0,67.0,55.0,84.0,92.0,88.0,0,0,0,60.0,94.0,0
0,0.0,0.0,0.0,0.0,0.0,75.0,89.0,88.0,91.0,62.0,56.0,80.0,82.0,78.0,0,0,0,70.0,88.0,0
0,0.0,0.0,0.0,0.0,0.0,72.0,92.0,93.0,95.0,44.0,59.0,80.0,82.0,68.0,0,0,0,55.0,82.0,0
0,0.0,0.0,48.0,0.0,1.0,82.0,86.0,84.0,83.0,67.0,87.0,85.0,81.0,85.0,0,0,0,88.0,85.0,0
0,0.0,0.0,47.0,3.0,4.0,81.0,100.0,99.0,99.0,50.0,69.0,83.0,70.0,70.0,0,0,0,78.0,88.0,0
0,0.0,0.0,19.0,0.0,0.0,79.0,93.0,91.0,90.0,56.0,52.0,85.0,71.0,79.0,0,0,0,78.0,90.0,0
0,0.0,0.0,10.0,0.0,0.0,77.0,92.0,94.0,93.0,60.0,68.0,80.0,70.0,74.0,0,0,0,75.0,93.0,0
0,0.0,0.0,0.0,0.0,0.0,74.0,94.0,95.0,95.0,48.0,66.0,78.0,77.0,69.0,0,0,0,70.0,87.0,0
0,0.0,0.0,41.0,0.0,1.0,73.0,88.0,90.0,89.0,44.0,70.0,79.0,98.0,71.0,0,0,0,70.0,92.0,0
0,0.0,0.0,85.0,2.0,6.0,97.0,96.0,96.0,96.0,58.0,86.0,94.0,96.0,90.0,0,0,0,91.0,97.0,0
0,0.0,0.0,56.0,0.0,1.0,95.0,90.0,90.0,88.0,66.0,90.0,98.0,77.0,99.0,0,0,0,92.0,87.0,0
0,0.0,0.0,12.0,0.0,0.0,77.0,96.0,97.0,90.0,52.0,54.0,80.0,80.0,78.0,0,0,0,78.0,91.0,0
0,0.0,0.0,18.0,0.0,0.0,76.0,94.0,92.0,92.0,52.0,44.0,80.0,88.0,79.0,0,0,0,76.0,95.0,0
0,0.0,0.0,0.0,0.0,0.0,73.0,93.0,94.0,95.0,49.0,78.0,79.0,66.0,66.0,0,0,0,62.0,72.0,0
0,0.0,0.0,0.0,0.0,0.0,71.0,91.0,90.0,90.0,52.0,59.0,78.0,72.0,69.0,0,0,0,68.0,89.0,0
0,0.0,0.0,0.0,0.0,0.0,70.0,90.0,88.0,87.0,62.0,47.0,78.0,85.0,74.0,0,0,0,60.0,93.0,0
0,0.0,0.0,41.0,0.0,1.0,95.0,93.0,95.0,94.0,68.0,89.0,89.0,100.0,88.0,0,0,0,96.0,99.0,0
0,0.0,0.0,0.0,0.0,0.0,85.0,97.0,98.0,92.0,55.0,80.0,84.0,76.0,74.0,0,0,0,85.0,88.0,0
0,0.0,0.0,31.0,0.0,0.0,83.0,85.0,84.0,83.0,69.0,86.0,90.0,70.0,92.0,0,0,0,80.0,89.0,0
0,0.0,0.0,0.0,0.0,0.0,73.0,94.0,95.0,97.0,54.0,69.0,79.0,66.0,68.0,0,0,0,60.0,82.0,0
0,0.0,0.0,0.0,0.0,0.0,71.0,89.0,88.0,86.0,68.0,64.0,77.0,69.0,71.0,0,0,0,68.0,86.0,0
0,0.0,0.0,0.0,0.0,0.0,67.0,92.0,92.0,90.0,62.0,44.0,70.0,82.0,72.0,0,0,0,65.0,93.0,0
0,0.0,0.0,121.0,5.0,6.0,98.0,96.0,94.0,94.0,82.0,95.0,89.0,87.0,97.0,0,0,0,99.0,90.0,0
0,0.0,0.0,67.0,0.0,1.0,86.0,92.0,93.0,93.0,45.0,88.0,94.0,70.0,78.0,0,0,0,70.0,87.0,0
0,0.0,0.0,33.0,0.0,0.0,82.0,91.0,92.0,88.0,48.0,76.0,94.0,82.0,79.0,0,0,0,70.0,83.0,0
0,0.0,0.0,0.0,0.0,0.0,73.0,89.0,87.0,87.0,57.0,62.0,80.0,85.0,77.0,0,0,0,66.0,86.0,0
0,0.0,0.0,0.0,0.0,0.0,69.0,94.0,92.0,90.0,60.0,56.0,74.0,68.0,68.0,0,0,0,60.0,87.0,0
0,0.0,0.0,0.0,0.0,0.0,66.0,89.0,89.0,88.0,72.0,52.0,71.0,72.0,69.0,0,0,0,68.0,88.0,0
0,0.0,0.0,83.0,1.0,6.0,93.0,92.0,93.0,94.0,80.0,86.0,89.0,95.0,90.0,0,0,0,94.0,96.0,0
0,0.0,0.0,30.0,0.0,0.0,93.0,92.0,93.0,94.0,80.0,86.0,89.0,95.0,90.0,0,0,0,94.0,96.0,0
0,0.0,0.0,55.0,0.0,0.0,86.0,89.0,90.0,90.0,62.0,85.0,88.0,72.0,82.0,0,0,0,80.0,88.0,0
0,0.0,0.0,44.0,0.0,0.0,84.0,90.0,93.0,91.0,54.0,88.0,87.0,68.0,87.0,0,0,0,82.0,79.0,0
0,0.0,0.0,35.0,0.0,0.0,77.0,97.0,97.0,97.0,48.0,64.0,80.0,70.0,76.0,0,0,0,66.0,90.0,0
0,0.0,0.0,14.0,0.0,0.0,76.0,90.0,91.0,89.0,50.0,70.0,80.0,74.0,75.0,0,0,0,68.0,84.0,0
0,0.0,0.0,13.0,0.0,0.0,74.0,93.0,94.0,93.0,38.0,69.0,79.0,68.0,72.0,0,0,0,65.0,82.0,0
0,0.0,0.0,2.0,0.0,0.0,92.0,92.0,92.0,91.0,69.0,88.0,92.0,93.0,86.0,0,0,0,88.0,96.0,0
0,0.0,0.0,59.0,1.0,5.0,92.0,92.0,92.0,91.0,69.0,88.0,92.0,93.0,86.0,0,0,0,88.0,96.0,0
0,0.0,0.0,42.0,0.0,1.0,92.0,92.0,92.0,91.0,69.0,88.0,92.0,93.0,86.0,0,0,0,88.0,96.0,0
0,0.0,0.0,78.0,3.0,6.0,91.0,97.0,94.0,94.0,78.0,68.0,86.0,97.0,87.0,0,0,0,94.0,98.0,0
0,0.0,0.0,19.0,0.0,0.0,87.0,94.0,96.0,94.0,42.0,85.0,89.0,74.0,84.0,0,0,0,82.0,77.0,0
0,0.0,0.0,0.0,0.0,0.0,84.0,89.0,91.0,90.0,62.0,80.0,89.0,70.0,84.0,0,0,0,78.0,86.0,0
0,0.0,0.0,0.0,0.0,0.0,71.0,92.0,94.0,93.0,44.0,47.0,80.0,66.0,77.0,0,0,0,52.0,82.0,0
0,0.0,0.0,69.0,0.0,0.0,83.0,90.0,88.0,86.0,54.0,86.0,87.0,74.0,80.0,0,0,0,83.0,84.0,0
0,0.0,0.0,16.0,0.0,0.0,82.0,93.0,92.0,90.0,55.0,75.0,84.0,87.0,77.0,0,0,0,78.0,97.0,0
0,0.0,0.0,1.0,0.0,0.0,82.0,93.0,92.0,90.0,55.0,75.0,84.0,87.0,77.0,0,0,0,78.0,97.0,0
0,0.0,0.0,78.0,0.0,3.0,80.0,86.0,85.0,83.0,68.0,82.0,84.0,72.0,84.0,0,0,0,75.0,87.0,0
0,0.0,0.0,35.0,0.0,1.0,79.0,93.0,94.0,92.0,55.0,71.0,83.0,72.0,74.0,0,0,0,74.0,93.0,0
0,0.0,0.0,14.0,0.0,0.0,77.0,87.0,90.0,88.0,68.0,75.0,81.0,78.0,74.0,0,0,0,76.0,90.0,0
0,0.0,0.0,44.0,0.0,0.0,77.0,92.0,93.0,88.0,47.0,75.0,80.0,82.0,79.0,0,0,0,75.0,87.0,0
0,0.0,0.0,30.0,0.0,0.0,75.0,89.0,88.0,88.0,58.0,70.0,79.0,62.0,74.0,0,0,0,75.0,88.0,0
0,0.0,0.0,22.0,0.0,0.0,74.0,91.0,91.0,87.0,49.0,75.0,78.0,77.0,79.0,0,0,0,71.0,79.0,0
0,0.0,0.0,0.0,0.0,0.0,73.0,85.0,82.0,81.0,65.0,77.0,80.0,82.0,84.0,0,0,0,79.0,85.0,0
0,0.0,0.0,1.0,0.0,0.0,73.0,90.0,89.0,87.0,62.0,66.0,82.0,69.0,70.0,0,0,0,70.0,88.0,0
0,0.0,0.0,0.0,0.0,0.0,73.0,89.0,90.0,87.0,68.0,74.0,79.0,69.0,68.0,0,0,0,72.0,66.0,0
0,0.0,0.0,0.0,0.0,0.0,73.0,87.0,85.0,86.0,62.0,68.0,80.0,88.0,74.0,0,0,0,74.0,94.0,0
0,0.0,0.0,5.0,0.0,0.0,72.0,86.0,86.0,84.0,64.0,68.0,80.0,77.0,74.0,0,0,0,70.0,87.0,0
0,0.0,0.0,0.0,0.0,0.0,72.0,94.0,93.0,86.0,52.0,67.0,79.0,68.0,70.0,0,0,0,66.0,84.0,0
0,0.0,0.0,10.0,0.0,0.0,72.0,94.0,93.0,86.0,52.0,67.0,79.0,68.0,70.0,0,0,0,66.0,84.0,0
0,0.0,0.0,0.0,0.0,0.0,71.0,87.0,85.0,84.0,70.0,60.0,80.0,66.0,72.0,0,0,0,70.0,90.0,0
0,0.0,0.0,0.0,0.0,0.0,70.0,93.0,95.0,92.0,55.0,58.0,75.0,64.0,67.0,0,0,0,68.0,91.0,0
0,0.0,0.0,0.0,0.0,0.0,70.0,93.0,95.0,92.0,55.0,58.0,75.0,64.0,67.0,0,0,0,68.0,91.0,0
0,0.0,0.0,0.0,0.0,0.0,68.0,89.0,85.0,85.0,52.0,44.0,80.0,88.0,72.0,0,0,0,60.0,94.0,0
0,0.0,0.0,1.0,0.0,0.0,67.0,87.0,90.0,93.0,52.0,55.0,77.0,62.0,68.0,0,0,0,64.0,85.0,0
0,0.0,0.0,1.0,0.0,1.0,63.0,85.0,84.0,79.0,50.0,70.0,82.0,55.0,72.0,0,0,0,50.0,73.0,0
0,0.0,0.0,1.0,0.0,0.0,62.0,92.0,94.0,92.0,44.0,44.0,73.0,60.0,64.0,0,0,0,54.0,90.0,0
0,0.0,0.0,66.0,0.0,2.0,93.0,96.0,97.0,93.0,55.0,88.0,90.0,88.0,88.0,0,0,0,95.0,86.0,0
0,0.0,0.0,76.0,0.0,4.0,92.0,93.0,92.0,95.0,56.0,90.0,90.0,84.0,90.0,0,0,0,90.0,93.0,0
0,0.0,0.0,0.0,0.0,0.0,84.0,91.0,90.0,88.0,66.0,74.0,87.0,77.0,85.0,0,0,0,84.0,92.0,0
0,0.0,0.0,0.0,0.0,0.0,84.0,91.0,90.0,88.0,66.0,74.0,87.0,77.0,85.0,0,0,0,84.0,92.0,0
0,0.0,0.0,0.0,0.0,0.0,84.0,91.0,90.0,88.0,66.0,74.0,87.0,77.0,85.0,0,0,0,84.0,92.0,0
0,0.0,0.0,5.0,0.0,0.0,84.0,91.0,90.0,88.0,66.0,74.0,87.0,77.0,85.0,0,0,0,84.0,92.0,0
0,0.0,0.0,42.0,0.0,0.0,84.0,91.0,90.0,88.0,66.0,74.0,87.0,77.0,85.0,0,0,0,84.0,92.0,0
0,0.0,0.0,56.0,0.0,0.0,84.0,91.0,90.0,88.0,66.0,74.0,87.0,77.0,85.0,0,0,0,84.0,92.0,0
0,0.0,0.0,46.0,0.0,0.0,84.0,91.0,90.0,88.0,66.0,74.0,87.0,77.0,85.0,0,0,0,84.0,92.0,0
0,0.0,0.0,73.0,0.0,1.0,78.0,92.0,93.0,92.0,65.0,60.0,82.0,68.0,82.0,0,0,0,75.0,82.0,0
0,0.0,0.0,0.0,0.0,0.0,76.0,88.0,86.0,84.0,64.0,69.0,82.0,82.0,78.0,0,0,0,70.0,94.0,0
0,0.0,0.0,0.0,0.0,0.0,96.0,95.0,94.0,93.0,80.0,87.0,90.0,94.0,92.0,0,0,0,97.0,96.0,0
0,0.0,0.0,94.0,2.0,7.0,96.0,95.0,94.0,93.0,80.0,87.0,90.0,94.0,92.0,0,0,0,97.0,96.0,0
0,0.0,0.0,37.0,0.0,0.0,80.0,88.0,86.0,85.0,62.0,80.0,86.0,74.0,85.0,0,0,0,78.0,83.0,0
0,0.0,0.0,0.0,0.0,0.0,78.0,96.0,95.0,87.0,46.0,77.0,80.0,76.0,70.0,0,0,0,74.0,88.0,0
0,0.0,0.0,30.0,1.0,1.0,76.0,92.0,92.0,91.0,64.0,66.0,79.0,85.0,68.0,0,0,0,72.0,93.0,0
0,0.0,0.0,7.0,0.0,0.0,70.0,90.0,92.0,86.0,55.0,65.0,78.0,65.0,70.0,0,0,0,68.0,85.0,0
0,0.0,0.0,116.0,1.0,6.0,97.0,91.0,95.0,93.0,58.0,95.0,97.0,89.0,94.0,0,0,0,92.0,88.0,0
0,0.0,0.0,123.0,3.0,8.0,94.0,92.0,91.0,92.0,48.0,95.0,97.0,84.0,91.0,0,0,0,82.0,84.0,0
0,0.0,0.0,16.0,0.0,0.0,80.0,94.0,95.0,92.0,55.0,66.0,82.0,77.0,80.0,0,0,0,78.0,85.0,0
0,0.0,0.0,10.0,0.0,0.0,75.0,92.0,93.0,88.0,61.0,65.0,80.0,78.0,70.0,0,0,0,66.0,93.0,0
0,0.0,0.0,0.0,0.0,0.0,72.0,92.0,85.0,88.0,66.0,58.0,79.0,80.0,70.0,0,0,0,74.0,93.0,0
0,0.0,0.0,0.0,0.0,0.0,72.0,92.0,85.0,88.0,66.0,58.0,79.0,80.0,70.0,0,0,0,74.0,93.0,0
0,0.0,0.0,54.0,0.0,0.0,70.0,93.0,91.0,90.0,65.0,35.0,80.0,80.0,74.0,0,0,0,55.0,95.0,0
0,0.0,0.0,33.0,0.0,0.0,86.0,91.0,93.0,92.0,64.0,78.0,84.0,88.0,82.0,0,0,0,85.0,96.0,0
0,0.0,0.0,69.0,0.0,0.0,83.0,90.0,91.0,90.0,70.0,75.0,82.0,88.0,82.0,0,0,0,82.0,95.0,0
0,0.0,0.0,23.0,0.0,0.0,83.0,90.0,91.0,90.0,70.0,75.0,82.0,88.0,82.0,0,0,0,82.0,95.0,0
0,0.0,0.0,41.0,0.0,0.0,81.0,95.0,95.0,94.0,45.0,82.0,80.0,80.0,77.0,0,0,0,72.0,81.0,0
0,0.0,0.0,8.0,0.0,0.0,78.0,96.0,96.0,94.0,54.0,69.0,76.0,79.0,70.0,0,0,0,75.0,89.0,0
0,0.0,0.0,22.0,0.0,0.0,77.0,93.0,90.0,92.0,66.0,68.0,80.0,94.0,66.0,0,0,0,67.0,96.0,0
0,0.0,0.0,9.0,0.0,0.0,77.0,93.0,90.0,92.0,66.0,68.0,80.0,94.0,66.0,0,0,0,67.0,96.0,0
0,0.0,0.0,2.0,0.0,0.0,71.0,94.0,90.0,90.0,51.0,48.0,78.0,80.0,74.0,0,0,0,68.0,90.0,0
0,0.0,0.0,2.0,0.0,0.0,70.0,93.0,94.0,92.0,48.0,55.0,77.0,66.0,66.0,0,0,0,60.0,94.0,0
0,0.0,0.0,50.0,0.0,1.0,90.0,93.0,92.0,92.0,79.0,77.0,86.0,92.0,90.0,0,0,0,92.0,94.0,0
0,0.0,0.0,4.0,0.0,0.0,77.0,94.0,93.0,92.0,57.0,69.0,83.0,70.0,70.0,0,0,0,64.0,87.0,0
0,0.0,0.0,2.0,0.0,0.0,76.0,91.0,89.0,90.0,64.0,66.0,81.0,72.0,73.0,0,0,0,74.0,90.0,0
0,0.0,0.0,1.0,0.0,0.0,75.0,94.0,95.0,92.0,48.0,54.0,80.0,72.0,78.0,0,0,0,78.0,95.0,0
0,0.0,0.0,0.0,0.0,0.0,75.0,88.0,85.0,88.0,72.0,56.0,83.0,74.0,82.0,0,0,0,77.0,89.0,0
0,0.0,0.0,0.0,0.0,0.0,72.0,88.0,86.0,90.0,49.0,54.0,81.0,75.0,79.0,0,0,0,66.0,88.0,0
0,0.0,0.0,22.0,0.0,0.0,84.0,86.0,84.0,84.0,69.0,85.0,87.0,88.0,88.0,0,0,0,80.0,92.0,0
0,0.0,0.0,0.0,0.0,0.0,82.0,98.0,99.0,99.0,51.0,66.0,82.0,74.0,74.0,0,0,0,80.0,88.0,0
0,0.0,0.0,12.0,0.0,0.0,72.0,87.0,87.0,87.0,60.0,63.0,82.0,78.0,62.0,0,0,0,68.0,86.0,0
0,0.0,0.0,0.0,0.0,0.0,69.0,87.0,88.0,86.0,48.0,64.0,80.0,68.0,70.0,0,0,0,62.0,83.0,0
0,0.0,0.0,3.0,0.0,0.0,68.0,87.0,85.0,87.0,52.0,60.0,78.0,72.0,71.0,0,0,0,68.0,88.0,0
0,0.0,0.0,32.0,0.0,0.0,85.0,97.0,98.0,94.0,52.0,84.0,82.0,88.0,78.0,0,0,0,86.0,84.0,0
0,0.0,0.0,33.0,0.0,1.0,83.0,90.0,91.0,92.0,52.0,70.0,88.0,95.0,80.0,0,0,0,77.0,95.0,0
0,0.0,0.0,22.0,0.0,0.0,81.0,89.0,92.0,92.0,48.0,79.0,85.0,69.0,82.0,0,0,0,78.0,76.0,0
0,0.0,0.0,18.0,0.0,0.0,77.0,90.0,88.0,86.0,70.0,72.0,79.0,77.0,75.0,0,0,0,85.0,88.0,0
0,0.0,0.0,3.0,0.0,0.0,76.0,93.0,96.0,94.0,52.0,55.0,82.0,85.0,76.0,0,0,0,68.0,88.0,0
0,0.0,0.0,0.0,0.0,0.0,72.0,94.0,95.0,94.0,52.0,35.0,82.0,79.0,72.0,0,0,0,55.0,93.0,0
0,0.0,0.0,124.0,4.0,6.0,99.0,98.0,92.0,93.0,56.0,93.0,97.0,99.0,88.0,0,0,0,97.0,100.0,0
0,0.0,0.0,0.0,0.0,0.0,94.0,93.0,99.0,96.0,60.0,87.0,92.0,70.0,95.0,0,0,0,95.0,80.0,0
0,0.0,0.0,42.0,0.0,0.0,82.0,89.0,90.0,90.0,45.0,83.0,87.0,74.0,79.0,0,0,0,77.0,84.0,0
0,0.0,0.0,2.0,0.0,0.0,78.0,93.0,91.0,92.0,50.0,65.0,82.0,84.0,76.0,0,0,0,74.0,88.0,0
0,0.0,0.0,13.0,0.0,0.0,74.0,92.0,91.0,88.0,64.0,66.0,79.0,78.0,62.0,0,0,0,74.0,92.0,0
0,0.0,0.0,7.0,0.0,0.0,68.0,90.0,89.0,87.0,49.0,58.0,79.0,73.0,66.0,0,0,0,66.0,81.0,0
0,0.0,0.0,72.0,0.0,0.0,94.0,87.0,90.0,88.0,72.0,92.0,94.0,95.0,97.0,0,0,0,92.0,94.0,0
0,0.0,0.0,0.0,0.0,0.0,81.0,91.0,93.0,91.0,47.0,85.0,85.0,70.0,72.0,0,0,0,74.0,80.0,0
0,0.0,0.0,0.0,0.0,0.0,79.0,93.0,95.0,94.0,46.0,78.0,83.0,68.0,72.0,0,0,0,74.0,83.0,0
0,0.0,0.0,26.0,0.0,0.0,77.0,92.0,94.0,92.0,61.0,60.0,80.0,79.0,75.0,0,0,0,78.0,89.0,0
0,0.0,0.0,36.0,0.0,0.0,76.0,98.0,98.0,95.0,54.0,82.0,74.0,70.0,68.0,0,0,0,72.0,83.0,0
0,0.0,0.0,0.0,0.0,0.0,73.0,88.0,90.0,87.0,54.0,66.0,80.0,84.0,75.0,0,0,0,74.0,88.0,0
0,0.0,0.0,1.0,0.0,0.0,68.0,90.0,88.0,90.0,50.0,46.0,76.0,88.0,72.0,0,0,0,60.0,95.0,0
0,0.0,0.0,70.0,0.0,0.0,96.0,93.0,90.0,94.0,72.0,88.0,92.0,98.0,90.0,0,0,0,99.0,98.0,0
0,0.0,0.0,69.0,0.0,0.0,86.0,88.0,86.0,85.0,65.0,94.0,88.0,78.0,88.0,0,0,0,87.0,86.0,0
0,0.0,0.0,30.0,0.0,0.0,83.0,93.0,94.0,92.0,56.0,70.0,85.0,74.0,80.0,0,0,0,80.0,86.0,0
0,0.0,0.0,0.0,0.0,0.0,83.0,93.0,94.0,92.0,56.0,70.0,85.0,74.0,80.0,0,0,0,80.0,86.0,0
0,0.0,0.0,0.0,0.0,0.0,83.0,93.0,94.0,92.0,56.0,70.0,85.0,74.0,80.0,0,0,0,80.0,86.0,0
0,0.0,0.0,21.0,0.0,0.0,83.0,93.0,94.0,92.0,56.0,70.0,85.0,74.0,80.0,0,0,0,80.0,86.0,0
0,0.0,0.0,0.0,0.0,0.0,83.0,93.0,94.0,92.0,56.0,70.0,85.0,74.0,80.0,0,0,0,80.0,86.0,0
0,0.0,0.0,23.0,0.0,1.0,83.0,93.0,94.0,92.0,56.0,70.0,85.0,74.0,80.0,0,0,0,80.0,86.0,0
0,0.0,0.0,22.0,0.0,0.0,78.0,92.0,92.0,94.0,52.0,56.0,82.0,93.0,75.0,0,0,0,70.0,97.0,0
0,0.0,0.0,5.0,0.0,1.0,74.0,87.0,86.0,85.0,60.0,72.0,80.0,88.0,72.0,0,0,0,72.0,85.0,0
0,0.0,0.0,4.0,0.0,0.0,72.0,95.0,96.0,96.0,37.0,58.0,78.0,72.0,66.0,0,0,0,68.0,90.0,0
0,0.0,0.0,17.0,0.0,0.0,70.0,94.0,88.0,88.0,62.0,55.0,77.0,68.0,68.0,0,0,0,64.0,88.0,0
0,0.0,0.0,68.0,0.0,1.0,91.0,97.0,96.0,93.0,53.0,87.0,91.0,90.0,95.0,0,0,0,85.0,87.0,0
0,0.0,0.0,51.0,0.0,0.0,89.0,89.0,92.0,89.0,58.0,87.0,93.0,84.0,94.0,0,0,0,84.0,88.0,0
0,0.0,0.0,17.0,0.0,0.0,76.0,90.0,92.0,93.0,65.0,78.0,80.0,72.0,69.0,0,0,0,68.0,90.0,0
0,0.0,0.0,0.0,0.0,0.0,73.0,92.0,90.0,93.0,56.0,58.0,78.0,79.0,70.0,0,0,0,66.0,92.0,0
0,0.0,0.0,0.0,0.0,0.0,71.0,90.0,85.0,85.0,60.0,50.0,82.0,78.0,74.0,0,0,0,62.0,92.0,0
0,0.0,0.0,10.0,0.0,0.0,69.0,92.0,95.0,95.0,54.0,54.0,76.0,0.0,0.0,0,0,0,0.0,0.0,0
0,0.0,0.0,40.0,0.0,1.0,87.0,91.0,90.0,88.0,66.0,82.0,87.0,92.0,87.0,0,0,0,84.0,92.0,0
0,0.0,0.0,16.0,0.0,0.0,82.0,89.0,92.0,93.0,57.0,82.0,86.0,79.0,74.0,0,0,0,78.0,92.0,0
0,0.0,0.0,8.0,0.0,0.0,76.0,94.0,96.0,88.0,55.0,69.0,79.0,80.0,71.0,0,0,0,68.0,89.0,0
0,0.0,0.0,9.0,0.0,0.0,72.0,95.0,96.0,94.0,48.0,50.0,78.0,79.0,74.0,0,0,0,60.0,90.0,0
0,0.0,0.0,0.0,0.0,0.0,71.0,90.0,91.0,92.0,56.0,58.0,78.0,68.0,75.0,0,0,0,58.0,92.0,0
0,0.0,0.0,0.0,0.0,0.0,69.0,95.0,96.0,96.0,48.0,34.0,78.0,72.0,74.0,0,0,0,60.0,95.0,0
0,0.0,0.0,0.0,0.0,0.0,87.0,96.0,95.0,87.0,46.0,85.0,87.0,85.0,84.0,0,0,0,88.0,84.0,0
0,0.0,0.0,25.0,0.0,0.0,87.0,96.0,95.0,87.0,46.0,85.0,87.0,85.0,84.0,0,0,0,88.0,84.0,0
0,0.0,0.0,1.0,0.0,0.0,86.0,91.0,92.0,92.0,58.0,83.0,88.0,85.0,82.0,0,0,0,82.0,92.0,0
0,0.0,0.0,0.0,0.0,0.0,86.0,91.0,92.0,92.0,58.0,83.0,88.0,85.0,82.0,0,0,0,82.0,92.0,0
0,0.0,0.0,11.0,0.0,0.0,86.0,91.0,92.0,92.0,58.0,83.0,88.0,85.0,82.0,0,0,0,82.0,92.0,0
0,0.0,0.0,2.0,0.0,0.0,86.0,91.0,92.0,92.0,58.0,83.0,88.0,85.0,82.0,0,0,0,82.0,92.0,0
0,0.0,0.0,20.0,0.0,0.0,86.0,91.0,92.0,92.0,58.0,83.0,88.0,85.0,82.0,0,0,0,82.0,92.0,0
0,0.0,0.0,75.0,0.0,3.0,78.0,97.0,98.0,97.0,44.0,60.0,80.0,76.0,77.0,0,0,0,60.0,90.0,0
0,0.0,0.0,29.0,0.0,0.0,76.0,88.0,86.0,88.0,56.0,72.0,82.0,82.0,78.0,0,0,0,78.0,87.0,0
0,0.0,0.0,5.0,0.0,0.0,74.0,93.0,93.0,94.0,49.0,74.0,81.0,64.0,70.0,0,0,0,60.0,70.0,0
0,0.0,0.0,0.0,0.0,0.0,74.0,93.0,93.0,94.0,49.0,74.0,81.0,64.0,70.0,0,0,0,60.0,70.0,0
0,0.0,0.0,0.0,0.0,0.0,74.0,87.0,88.0,83.0,64.0,68.0,82.0,85.0,71.0,0,0,0,68.0,92.0,0
0,0.0,0.0,88.0,0.0,4.0,90.0,87.0,86.0,89.0,77.0,91.0,93.0,70.0,97.0,0,0,0,84.0,84.0,0
0,0.0,0.0,47.0,0.0,0.0,85.0,96.0,96.0,93.0,56.0,82.0,82.0,75.0,78.0,0,0,0,85.0,88.0,0
0,0.0,0.0,1.0,0.0,0.0,80.0,93.0,90.0,93.0,56.0,62.0,85.0,92.0,84.0,0,0,0,72.0,96.0,0
0,0.0,0.0,0.0,0.0,0.0,77.0,94.0,92.0,90.0,52.0,72.0,79.0,74.0,77.0,0,0,0,74.0,91.0,0
0,0.0,0.0,1.0,0.0,0.0,72.0,91.0,93.0,93.0,54.0,57.0,75.0,74.0,76.0,0,0,0,77.0,87.0,0
0,0.0,0.0,0.0,0.0,0.0,72.0,88.0,85.0,82.0,52.0,66.0,80.0,80.0,66.0,0,0,0,72.0,91.0,0
0,0.0,0.0,58.0,0.0,1.0,91.0,94.0,94.0,92.0,66.0,87.0,88.0,97.0,87.0,0,0,0,89.0,97.0,0
0,0.0,0.0,77.0,0.0,3.0,89.0,93.0,87.0,87.0,78.0,86.0,89.0,88.0,88.0,0,0,0,92.0,95.0,0
0,0.0,0.0,0.0,0.0,0.0,79.0,90.0,91.0,88.0,44.0,80.0,84.0,66.0,84.0,0,0,0,74.0,84.0,0
0,0.0,0.0,2.0,0.0,0.0,79.0,93.0,95.0,93.0,51.0,66.0,82.0,76.0,82.0,0,0,0,74.0,86.0,0
0,0.0,0.0,13.0,0.0,0.0,73.0,91.0,91.0,89.0,75.0,55.0,80.0,68.0,76.0,0,0,0,66.0,95.0,0
0,0.0,0.0,0.0,0.0,0.0,71.0,90.0,88.0,84.0,63.0,64.0,79.0,72.0,77.0,0,0,0,65.0,92.0,0
0,0.0,0.0,101.0,0.0,4.0,85.0,87.0,87.0,90.0,46.0,90.0,92.0,68.0,82.0,0,0,0,78.0,82.0,0
0,0.0,0.0,26.0,0.0,0.0,82.0,92.0,93.0,86.0,55.0,79.0,87.0,81.0,80.0,0,0,0,80.0,87.0,0
0,0.0,0.0,18.0,0.0,0.0,82.0,89.0,92.0,90.0,62.0,80.0,88.0,78.0,78.0,0,0,0,78.0,84.0,0
0,0.0,0.0,9.0,0.0,0.0,77.0,94.0,93.0,92.0,54.0,66.0,82.0,82.0,73.0,0,0,0,70.0,92.0,0
0,0.0,0.0,35.0,0.0,0.0,73.0,93.0,94.0,90.0,42.0,60.0,80.0,82.0,66.0,0,0,0,68.0,92.0,0
0,0.0,0.0,21.0,0.0,0.0,71.0,92.0,90.0,93.0,46.0,42.0,77.0,84.0,74.0,0,0,0,68.0,96.0,0
0,0.0,0.0,54.0,0.0,0.0,87.0,88.0,92.0,94.0,46.0,93.0,90.0,70.0,82.0,0,0,0,80.0,79.0,0
0,0.0,0.0,52.0,0.0,0.0,87.0,92.0,93.0,93.0,52.0,84.0,86.0,77.0,85.0,0,0,0,82.0,84.0,0
0,0.0,0.0,45.0,0.0,0.0,83.0,92.0,93.0,93.0,50.0,78.0,81.0,82.0,81.0,0,0,0,82.0,93.0,0
0,0.0,0.0,10.0,0.0,0.0,73.0,87.0,88.0,92.0,58.0,68.0,79.0,69.0,75.0,0,0,0,70.0,92.0,0
0,0.0,0.0,0.0,0.0,0.0,73.0,90.0,92.0,88.0,92.0,54.0,79.0,64.0,74.0,0,0,0,68.0,90.0,0
0,0.0,0.0,1.0,0.0,0.0,69.0,88.0,86.0,89.0,64.0,55.0,77.0,74.0,70.0,0,0,0,66.0,90.0,0
0,0.0,0.0,99.0,1.0,7.0,94.0,93.0,91.0,93.0,55.0,92.0,97.0,80.0,81.0,0,0,0,85.0,89.0,0
0,0.0,0.0,0.0,0.0,0.0,82.0,87.0,85.0,84.0,63.0,86.0,84.0,91.0,78.0,0,0,0,80.0,90.0,0
0,0.0,0.0,20.0,0.0,0.0,78.0,90.0,91.0,91.0,52.0,77.0,85.0,69.0,70.0,0,0,0,75.0,86.0,0
0,0.0,0.0,21.0,0.0,0.0,76.0,96.0,97.0,97.0,50.0,55.0,80.0,72.0,74.0,0,0,0,66.0,90.0,0
0,0.0,0.0,3.0,0.0,0.0,75.0,92.0,92.0,92.0,52.0,50.0,80.0,80.0,80.0,0,0,0,70.0,94.0,0
0,0.0,0.0,0.0,0.0,0.0,71.0,87.0,86.0,84.0,48.0,66.0,82.0,66.0,74.0,0,0,0,65.0,77.0,0
0,0.0,0.0,29.0,1.0,2.0,71.0,96.0,96.0,96.0,45.0,64.0,76.0,70.0,60.0,0,0,0,66.0,70.0,0
0,0.0,0.0,0.0,0.0,0.0,66.0,91.0,92.0,93.0,41.0,57.0,78.0,0.0,0.0,0,0,0,0.0,0.0,0
0,0.0,0.0,0.0,0.0,0.0,66.0,91.0,92.0,93.0,41.0,57.0,78.0,0.0,0.0,0,0,0,0.0,0.0,0
0,0.0,0.0,0.0,0.0,0.0,66.0,91.0,92.0,93.0,41.0,57.0,78.0,0.0,0.0,0,0,0,0.0,0.0,0
0,0.0,0.0,52.0,0.0,1.0,66.0,91.0,92.0,93.0,41.0,57.0,78.0,0.0,0.0,0,0,0,0.0,0.0,0
0,0.0,0.0,4.0,0.0,0.0,66.0,91.0,92.0,93.0,41.0,57.0,78.0,0.0,0.0,0,0,0,0.0,0.0,0
0,0.0,0.0,78.0,0.0,0.0,88.0,97.0,97.0,94.0,48.0,88.0,88.0,77.0,82.0,0,0,0,92.0,86.0,0
0,0.0,0.0,43.0,0.0,0.0,80.0,87.0,86.0,87.0,46.0,88.0,86.0,68.0,76.0,0,0,0,77.0,82.0,0
0,0.0,0.0,5.0,0.0,0.0,79.0,88.0,88.0,85.0,68.0,76.0,84.0,84.0,79.0,0,0,0,80.0,93.0,0
0,0.0,0.0,22.0,0.0,0.0,78.0,86.0,87.0,87.0,66.0,75.0,80.0,74.0,78.0,0,0,0,80.0,91.0,0
0,0.0,0.0,38.0,0.0,0.0,77.0,91.0,91.0,90.0,66.0,58.0,80.0,87.0,73.0,0,0,0,74.0,95.0,0
0,0.0,0.0,32.0,0.0,0.0,73.0,97.0,97.0,96.0,46.0,44.0,80.0,70.0,77.0,0,0,0,72.0,90.0,0
0,0.0,0.0,0.0,0.0,0.0,73.0,97.0,97.0,96.0,46.0,44.0,80.0,70.0,77.0,0,0,0,72.0,90.0,0
0,0.0,0.0,0.0,0.0,0.0,64.0,87.0,91.0,92.0,58.0,56.0,70.0,0.0,0.0,0,0,0,0.0,0.0,0
0,0.0,0.0,11.0,0.0,0.0,80.0,91.0,90.0,90.0,56.0,79.0,85.0,70.0,82.0,0,0,0,75.0,88.0,0
0,0.0,0.0,17.0,0.0,0.0,80.0,91.0,90.0,90.0,56.0,79.0,85.0,70.0,82.0,0,0,0,75.0,88.0,0
0,0.0,0.0,25.0,0.0,0.0,80.0,89.0,91.0,89.0,67.0,79.0,84.0,68.0,80.0,0,0,0,74.0,94.0,0
0,0.0,0.0,10.0,0.0,0.0,79.0,90.0,91.0,89.0,54.0,77.0,83.0,80.0,79.0,0,0,0,77.0,82.0,0
0,0.0,0.0,33.0,0.0,0.0,77.0,90.0,87.0,86.0,65.0,74.0,78.0,78.0,80.0,0,0,0,79.0,88.0,0
0,0.0,0.0,0.0,0.0,0.0,73.0,93.0,95.0,95.0,49.0,59.0,79.0,74.0,73.0,0,0,0,63.0,82.0,0
0,0.0,0.0,0.0,0.0,0.0,73.0,93.0,95.0,95.0,49.0,59.0,79.0,74.0,73.0,0,0,0,63.0,82.0,0
0,0.0,0.0,7.0,0.0,0.0,72.0,93.0,92.0,94.0,44.0,49.0,78.0,78.0,71.0,0,0,0,60.0,90.0,0
0,0.0,0.0,0.0,0.0,0.0,72.0,85.0,80.0,80.0,74.0,64.0,78.0,88.0,70.0,0,0,0,70.0,94.0,0
0,0.0,0.0,38.0,0.0,0.0,72.0,85.0,80.0,80.0,74.0,64.0,78.0,88.0,70.0,0,0,0,70.0,94.0,0
0,0.0,0.0,0.0,0.0,0.0,72.0,85.0,80.0,80.0,74.0,64.0,78.0,88.0,70.0,0,0,0,70.0,94.0,0
0,0.0,0.0,0.0,0.0,0.0,72.0,85.0,80.0,80.0,74.0,64.0,78.0,88.0,70.0,0,0,0,70.0,94.0,0
0,0.0,0.0,3.0,0.0,0.0,72.0,85.0,80.0,80.0,74.0,64.0,78.0,88.0,70.0,0,0,0,70.0,94.0,0
0,0.0,0.0,0.0,0.0,0.0,72.0,85.0,80.0,80.0,74.0,64.0,78.0,88.0,70.0,0,0,0,70.0,94.0,0
0,0.0,0.0,0.0,0.0,0.0,72.0,85.0,80.0,80.0,74.0,64.0,78.0,88.0,70.0,0,0,0,70.0,94.0,0
0,0.0,0.0,2.0,0.0,0.0,72.0,85.0,80.0,80.0,74.0,64.0,78.0,88.0,70.0,0,0,0,70.0,94.0,0
0,0.0,0.0,24.0,0.0,0.0,72.0,85.0,80.0,80.0,74.0,64.0,78.0,88.0,70.0,0,0,0,70.0,94.0,0
0,0.0,0.0,12.0,0.0,0.0,72.0,85.0,80.0,80.0,74.0,64.0,78.0,88.0,70.0,0,0,0,70.0,94.0,0
0,0.0,0.0,25.0,0.0,0.0,72.0,85.0,80.0,80.0,74.0,64.0,78.0,88.0,70.0,0,0,0,70.0,94.0,0
0,0.0,0.0,38.0,0.0,0.0,72.0,85.0,80.0,80.0,74.0,64.0,78.0,88.0,70.0,0,0,0,70.0,94.0,0
0,0.0,0.0,0.0,0.0,0.0,68.0,89.0,91.0,92.0,53.0,44.0,78.0,72.0,72.0,0,0,0,65.0,84.0,0
0,0.0,0.0,0.0,0.0,0.0,68.0,89.0,91.0,92.0,53.0,44.0,78.0,72.0,72.0,0,0,0,65.0,84.0,0
0,0.0,0.0,0.0,0.0,0.0,68.0,89.0,91.0,92.0,53.0,44.0,78.0,72.0,72.0,0,0,0,65.0,84.0,0
0,0.0,0.0,72.0,0.0,1.0,87.0,97.0,98.0,98.0,44.0,84.0,86.0,82.0,81.0,0,0,0,82.0,85.0,0
0,0.0,0.0,0.0,0.0,0.0,83.0,94.0,97.0,97.0,52.0,84.0,84.0,74.0,70.0,0,0,0,74.0,83.0,0
0,0.0,0.0,3.0,0.0,0.0,81.0,92.0,90.0,91.0,70.0,57.0,84.0,90.0,85.0,0,0,0,80.0,95.0,0
0,0.0,0.0,4.0,0.0,0.0,80.0,94.0,91.0,94.0,75.0,55.0,83.0,82.0,84.0,0,0,0,82.0,92.0,0
0,0.0,0.0,0.0,0.0,0.0,75.0,92.0,88.0,88.0,72.0,66.0,80.0,88.0,72.0,0,0,0,68.0,92.0,0
0,0.0,0.0,0.0,0.0,0.0,75.0,91.0,89.0,84.0,53.0,82.0,80.0,70.0,70.0,0,0,0,69.0,80.0,0
0,0.0,26.0,93.0,1.0,11.0,99.0,89.0,93.0,0.0,0.0,0.0,0.0,0.0,0.0,0,0,0,0.0,0.0,0
0,0.0,28.0,86.0,0.0,3.0,94.0,89.0,88.0,0.0,0.0,0.0,0.0,0.0,0.0,0,0,0,0.0,0.0,0
0,0.0,26.0,26.0,0.0,0.0,79.0,91.0,95.0,0.0,0.0,0.0,0.0,0.0,0.0,0,0,0,0.0,0.0,0
0,0.0,28.0,0.0,0.0,0.0,68.0,80.0,85.0,0.0,0.0,0.0,0.0,0.0,0.0,0,0,0,0.0,0.0,0
0,0.0,23.0,10.0,0.0,0.0,64.0,81.0,82.0,0.0,0.0,0.0,0.0,0.0,0.0,0,0,0,0.0,0.0,0
0,0.0,27.0,88.0,1.0,4.0,93.0,94.0,95.0,0.0,0.0,0.0,0.0,0.0,0.0,0,0,0,0.0,0.0,0
0,0.0,27.0,39.0,0.0,0.0,79.0,81.0,84.0,0.0,0.0,0.0,0.0,0.0,0.0,0,0,0,0.0,0.0,0
0,0.0,23.0,31.0,0.0,0.0,68.0,89.0,92.0,0.0,0.0,0.0,0.0,0.0,0.0,0,0,0,0.0,0.0,0
0,0.0,33.0,0.0,0.0,0.0,67.0,72.0,75.0,0.0,0.0,0.0,0.0,0.0,0.0,0,0,0,0.0,0.0,0
0,0.0,23.0,0.0,0.0,0.0,64.0,80.0,84.0,0.0,0.0,0.0,0.0,0.0,0.0,0,0,0,0.0,0.0,0
0,0.0,35.0,86.0,1.0,2.0,88.0,85.0,90.0,0.0,0.0,0.0,0.0,0.0,0.0,0,0,0,0.0,0.0,0
0,0.0,27.0,78.0,0.0,5.0,77.0,86.0,92.0,0.0,0.0,0.0,0.0,0.0,0.0,0,0,0,0.0,0.0,0
0,0.0,27.0,28.0,0.0,0.0,77.0,86.0,92.0,0.0,0.0,0.0,0.0,0.0,0.0,0,0,0,0.0,0.0,0
0,0.0,26.0,9.0,0.0,0.0,66.0,82.0,85.0,0.0,0.0,0.0,0.0,0.0,0.0,0,0,0,0.0,0.0,0
0,0.0,24.0,0.0,0.0,0.0,49.0,82.0,84.0,0.0,0.0,0.0,0.0,0.0,0.0,0,0,0,0.0,0.0,0
0,0.0,24.0,4.0,0.0,0.0,49.0,82.0,84.0,0.0,0.0,0.0,0.0,0.0,0.0,0,0,0,0.0,0.0,0
0,0.0,27.0,2.0,0.0,0.0,39.0,95.0,97.0,0.0,0.0,0.0,0.0,0.0,0.0,0,0,0,0.0,0.0,0
0,0.0,35.0,121.0,5.0,6.0,91.0,89.0,91.0,0.0,0.0,0.0,0.0,0.0,0.0,0,0,0,0.0,0.0,0
0,0.0,28.0,47.0,0.0,0.0,85.0,97.0,96.0,0.0,0.0,0.0,0.0,0.0,0.0,0,0,0,0.0,0.0,0
0,0.0,29.0,27.0,0.0,0.0,77.0,78.0,82.0,0.0,0.0,0.0,0.0,0.0,0.0,0,0,0,0.0,0.0,0
0,0.0,27.0,14.0,0.0,0.0,66.0,95.0,96.0,0.0,0.0,0.0,0.0,0.0,0.0,0,0,0,0.0,0.0,0
0,0.0,23.0,1.0,0.0,0.0,61.0,82.0,84.0,0.0,0.0,0.0,0.0,0.0,0.0,0,0,0,0.0,0.0,0
0,0.0,29.0,0.0,0.0,0.0,61.0,87.0,88.0,0.0,0.0,0.0,0.0,0.0,0.0,0,0,0,0.0,0.0,0
0,0.0,30.0,30.0,0.0,0.0,97.0,97.0,97.0,0.0,0.0,0.0,0.0,0.0,0.0,0,0,0,0.0,0.0,0
0,0.0,30.0,0.0,0.0,0.0,97.0,97.0,97.0,0.0,0.0,0.0,0.0,0.0,0.0,0,0,0,0.0,0.0,0
0,0.0,30.0,0.0,0.0,0.0,97.0,97.0,97.0,0.0,0.0,0.0,0.0,0.0,0.0,0,0,0,0.0,0.0,0
0,0.0,30.0,21.0,0.0,0.0,97.0,97.0,97.0,0.0,0.0,0.0,0.0,0.0,0.0,0,0,0,0.0,0.0,0
0,0.0,30.0,0.0,0.0,0.0,97.0,97.0,97.0,0.0,0.0,0.0,0.0,0.0,0.0,0,0,0,0.0,0.0,0
0,0.0,30.0,23.0,0.0,1.0,97.0,97.0,97.0,0.0,0.0,0.0,0.0,0.0,0.0,0,0,0,0.0,0.0,0
0,0.0,36.0,83.0,1.0,2.0,79.0,75.0,79.0,0.0,0.0,0.0,0.0,0.0,0.0,0,0,0,0.0,0.0,0
0,0.0,22.0,4.0,0.0,0.0,65.0,78.0,81.0,0.0,0.0,0.0,0.0,0.0,0.0,0,0,0,0.0,0.0,0
0,0.0,24.0,0.0,0.0,0.0,57.0,87.0,90.0,0.0,0.0,0.0,0.0,0.0,0.0,0,0,0,0.0,0.0,0
0,0.0,23.0,0.0,0.0,0.0,52.0,85.0,88.0,0.0,0.0,0.0,0.0,0.0,0.0,0,0,0,0.0,0.0,0
0,0.0,22.0,19.0,0.0,0.0,72.0,83.0,85.0,0.0,0.0,0.0,0.0,0.0,0.0,0,0,0,0.0,0.0,0
0,0.0,26.0,47.0,3.0,4.0,71.0,99.0,98.0,0.0,0.0,0.0,0.0,0.0,0.0,0,0,0,0.0,0.0,0
0,0.0,30.0,0.0,0.0,0.0,69.0,88.0,90.0,0.0,0.0,0.0,0.0,0.0,0.0,0,0,0,0.0,0.0,0
0,0.0,22.0,0.0,0.0,0.0,69.0,85.0,87.0,0.0,0.0,0.0,0.0,0.0,0.0,0,0,0,0.0,0.0,0
0,0.0,23.0,20.0,0.0,1.0,62.0,94.0,96.0,0.0,0.0,0.0,0.0,0.0,0.0,0,0,0,0.0,0.0,0
0,0.0,31.0,0.0,0.0,0.0,89.0,93.0,93.0,0.0,0.0,0.0,0.0,0.0,0.0,0,0,0,0.0,0.0,0
0,0.0,31.0,68.0,0.0,1.0,87.0,90.0,91.0,0.0,0.0,0.0,0.0,0.0,0.0,0,0,0,0.0,0.0,0
0,0.0,26.0,16.0,0.0,0.0,69.0,88.0,86.0,0.0,0.0,0.0,0.0,0.0,0.0,0,0,0,0.0,0.0,0
0,0.0,26.0,1.0,0.0,0.0,69.0,88.0,86.0,0.0,0.0,0.0,0.0,0.0,0.0,0,0,0,0.0,0.0,0
0,0.0,30.0,0.0,0.0,0.0,59.0,88.0,90.0,0.0,0.0,0.0,0.0,0.0,0.0,0,0,0,0.0,0.0,0
0,0.0,24.0,12.0,0.0,0.0,58.0,91.0,90.0,0.0,0.0,0.0,0.0,0.0,0.0,0,0,0,0.0,0.0,0
0,0.0,23.0,18.0,0.0,0.0,57.0,87.0,92.0,0.0,0.0,0.0,0.0,0.0,0.0,0,0,0,0.0,0.0,0
0,0.0,26.0,41.0,0.0,1.0,86.0,90.0,95.0,0.0,0.0,0.0,0.0,0.0,0.0,0,0,0,0.0,0.0,0
0,0.0,21.0,3.0,0.0,0.0,73.0,87.0,85.0,0.0,0.0,0.0,0.0,0.0,0.0,0,0,0,0.0,0.0,0
0,0.0,22.0,0.0,0.0,0.0,71.0,84.0,91.0,0.0,0.0,0.0,0.0,0.0,0.0,0,0,0,0.0,0.0,0
0,0.0,35.0,0.0,0.0,0.0,69.0,87.0,88.0,0.0,0.0,0.0,0.0,0.0,0.0,0,0,0,0.0,0.0,0
0,0.0,26.0,0.0,0.0,0.0,63.0,89.0,95.0,0.0,0.0,0.0,0.0,0.0,0.0,0,0,0,0.0,0.0,0
0,0.0,24.0,0.0,0.0,0.0,43.0,81.0,85.0,0.0,0.0,0.0,0.0,0.0,0.0,0,0,0,0.0,0.0,0
0,0.0,27.0,2.0,0.0,0.0,84.0,86.0,85.0,0.0,0.0,0.0,0.0,0.0,0.0,0,0,0,0.0,0.0,0
0,0.0,27.0,59.0,1.0,5.0,84.0,86.0,85.0,0.0,0.0,0.0,0.0,0.0,0.0,0,0,0,0.0,0.0,0
0,0.0,27.0,42.0,0.0,1.0,84.0,86.0,85.0,0.0,0.0,0.0,0.0,0.0,0.0,0,0,0,0.0,0.0,0
0,0.0,30.0,33.0,0.0,0.0,73.0,85.0,87.0,0.0,0.0,0.0,0.0,0.0,0.0,0,0,0,0.0,0.0,0
0,0.0,25.0,0.0,0.0,0.0,71.0,91.0,92.0,0.0,0.0,0.0,0.0,0.0,0.0,0,0,0,0.0,0.0,0
0,0.0,24.0,0.0,0.0,0.0,65.0,83.0,85.0,0.0,0.0,0.0,0.0,0.0,0.0,0,0,0,0.0,0.0,0
0,0.0,25.0,0.0,0.0,0.0,63.0,88.0,87.0,0.0,0.0,0.0,0.0,0.0,0.0,0,0,0,0.0,0.0,0
0,0.0,25.0,83.0,1.0,6.0,92.0,88.0,91.0,0.0,0.0,0.0,0.0,0.0,0.0,0,0,0,0.0,0.0,0
0,0.0,25.0,30.0,0.0,0.0,92.0,88.0,91.0,0.0,0.0,0.0,0.0,0.0,0.0,0,0,0,0.0,0.0,0
0,0.0,23.0,35.0,0.0,0.0,82.0,93.0,94.0,0.0,0.0,0.0,0.0,0.0,0.0,0,0,0,0.0,0.0,0
0,0.0,28.0,42.0,0.0,0.0,74.0,82.0,85.0,0.0,0.0,0.0,0.0,0.0,0.0,0,0,0,0.0,0.0,0
0,0.0,33.0,44.0,0.0,0.0,71.0,84.0,84.0,0.0,0.0,0.0,0.0,0.0,0.0,0,0,0,0.0,0.0,0
0,0.0,24.0,2.0,0.0,0.0,56.0,85.0,84.0,0.0,0.0,0.0,0.0,0.0,0.0,0,0,0,0.0,0.0,0
0,0.0,23.0,78.0,3.0,6.0,92.0,95.0,94.0,0.0,0.0,0.0,0.0,0.0,0.0,0,0,0,0.0,0.0,0
0,0.0,30.0,16.0,0.0,0.0,74.0,76.0,82.0,0.0,0.0,0.0,0.0,0.0,0.0,0,0,0,0.0,0.0,0
0,0.0,28.0,26.0,0.0,0.0,71.0,86.0,87.0,0.0,0.0,0.0,0.0,0.0,0.0,0,0,0,0.0,0.0,0
0,0.0,23.0,0.0,0.0,0.0,68.0,90.0,94.0,0.0,0.0,0.0,0.0,0.0,0.0,0,0,0,0.0,0.0,0
0,0.0,25.0,0.0,0.0,0.0,60.0,84.0,87.0,0.0,0.0,0.0,0.0,0.0,0.0,0,0,0,0.0,0.0,0
0,0.0,26.0,0.0,0.0,0.0,54.0,90.0,92.0,0.0,0.0,0.0,0.0,0.0,0.0,0,0,0,0.0,0.0,0
0,0.0,0.0,70.0,0.0,0.0,86.0,86.0,86.0,0.0,0.0,0.0,0.0,0.0,0.0,0,0,0,0.0,0.0,0
0,0.0,0.0,123.0,3.0,8.0,82.0,86.0,88.0,0.0,0.0,0.0,0.0,0.0,0.0,0,0,0,0.0,0.0,0
0,0.0,0.0,69.0,0.0,0.0,77.0,77.0,79.0,0.0,0.0,0.0,0.0,0.0,0.0,0,0,0,0.0,0.0,0
0,0.0,0.0,48.0,0.0,1.0,71.0,0.0,0.0,0.0,0.0,0.0,0.0,0.0,0.0,0,0,0,0.0,0.0,0
0,0.0,25.0,66.0,0.0,2.0,90.0,93.0,96.0,0.0,0.0,0.0,0.0,0.0,0.0,0,0,0,0.0,0.0,0
0,0.0,34.0,76.0,0.0,4.0,85.0,86.0,88.0,0.0,0.0,0.0,0.0,0.0,0.0,0,0,0,0.0,0.0,0
0,0.0,25.0,0.0,0.0,0.0,71.0,87.0,89.0,0.0,0.0,0.0,0.0,0.0,0.0,0,0,0,0.0,0.0,0
0,0.0,25.0,0.0,0.0,0.0,71.0,87.0,89.0,0.0,0.0,0.0,0.0,0.0,0.0,0,0,0,0.0,0.0,0
0,0.0,25.0,0.0,0.0,0.0,71.0,87.0,89.0,0.0,0.0,0.0,0.0,0.0,0.0,0,0,0,0.0,0.0,0
0,0.0,25.0,5.0,0.0,0.0,71.0,87.0,89.0,0.0,0.0,0.0,0.0,0.0,0.0,0,0,0,0.0,0.0,0
0,0.0,25.0,42.0,0.0,0.0,71.0,87.0,89.0,0.0,0.0,0.0,0.0,0.0,0.0,0,0,0,0.0,0.0,0
0,0.0,25.0,56.0,0.0,0.0,71.0,87.0,89.0,0.0,0.0,0.0,0.0,0.0,0.0,0,0,0,0.0,0.0,0
0,0.0,25.0,46.0,0.0,0.0,71.0,87.0,89.0,0.0,0.0,0.0,0.0,0.0,0.0,0,0,0,0.0,0.0,0
0,0.0,24.0,73.0,0.0,1.0,69.0,85.0,87.0,0.0,0.0,0.0,0.0,0.0,0.0,0,0,0,0.0,0.0,0
0,0.0,27.0,0.0,0.0,0.0,66.0,79.0,83.0,0.0,0.0,0.0,0.0,0.0,0.0,0,0,0,0.0,0.0,0
0,0.0,28.0,0.0,0.0,0.0,98.0,94.0,95.0,0.0,0.0,0.0,0.0,0.0,0.0,0,0,0,0.0,0.0,0
0,0.0,28.0,94.0,2.0,7.0,98.0,94.0,95.0,0.0,0.0,0.0,0.0,0.0,0.0,0,0,0,0.0,0.0,0
0,0.0,28.0,37.0,0.0,0.0,80.0,82.0,84.0,0.0,0.0,0.0,0.0,0.0,0.0,0,0,0,0.0,0.0,0
0,0.0,30.0,0.0,0.0,0.0,63.0,93.0,95.0,0.0,0.0,0.0,0.0,0.0,0.0,0,0,0,0.0,0.0,0
0,0.0,25.0,30.0,1.0,1.0,63.0,92.0,92.0,0.0,0.0,0.0,0.0,0.0,0.0,0,0,0,0.0,0.0,0
0,0.0,26.0,7.0,0.0,0.0,53.0,79.0,85.0,0.0,0.0,0.0,0.0,0.0,0.0,0,0,0,0.0,0.0,0
0,0.0,30.0,116.0,1.0,6.0,95.0,87.0,92.0,0.0,0.0,0.0,0.0,0.0,0.0,0,0,0,0.0,0.0,0
0,0.0,24.0,16.0,0.0,0.0,75.0,88.0,90.0,0.0,0.0,0.0,0.0,0.0,0.0,0,0,0,0.0,0.0,0
0,0.0,23.0,18.0,0.0,0.0,68.0,84.0,88.0,0.0,0.0,0.0,0.0,0.0,0.0,0,0,0,0.0,0.0,0
0,0.0,24.0,54.0,0.0,0.0,54.0,86.0,90.0,0.0,0.0,0.0,0.0,0.0,0.0,0,0,0,0.0,0.0,0
0,0.0,25.0,0.0,0.0,0.0,54.0,80.0,78.0,0.0,0.0,0.0,0.0,0.0,0.0,0,0,0,0.0,0.0,0
0,0.0,25.0,0.0,0.0,0.0,54.0,80.0,78.0,0.0,0.0,0.0,0.0,0.0,0.0,0,0,0,0.0,0.0,0
0,0.0,33.0,99.0,1.0,7.0,84.0,86.0,87.0,0.0,0.0,0.0,0.0,0.0,0.0,0,0,0,0.0,0.0,0
0,0.0,23.0,4.0,0.0,0.0,70.0,84.0,85.0,0.0,0.0,0.0,0.0,0.0,0.0,0,0,0,0.0,0.0,0
0,0.0,31.0,41.0,0.0,0.0,68.0,89.0,87.0,0.0,0.0,0.0,0.0,0.0,0.0,0,0,0,0.0,0.0,0
0,0.0,22.0,49.0,0.0,1.0,67.0,95.0,95.0,0.0,0.0,0.0,0.0,0.0,0.0,0,0,0,0.0,0.0,0
0,0.0,22.0,21.0,0.0,0.0,67.0,95.0,95.0,0.0,0.0,0.0,0.0,0.0,0.0,0,0,0,0.0,0.0,0
0,0.0,22.0,2.0,0.0,0.0,67.0,95.0,95.0,0.0,0.0,0.0,0.0,0.0,0.0,0,0,0,0.0,0.0,0
0,0.0,22.0,9.0,0.0,0.0,60.0,89.0,83.0,0.0,0.0,0.0,0.0,0.0,0.0,0,0,0,0.0,0.0,0
0,0.0,24.0,2.0,0.0,0.0,59.0,87.0,86.0,0.0,0.0,0.0,0.0,0.0,0.0,0,0,0,0.0,0.0,0
0,0.0,26.0,8.0,0.0,0.0,58.0,92.0,89.0,0.0,0.0,0.0,0.0,0.0,0.0,0,0,0,0.0,0.0,0
0,0.0,24.0,50.0,0.0,1.0,86.0,86.0,92.0,0.0,0.0,0.0,0.0,0.0,0.0,0,0,0,0.0,0.0,0
0,0.0,36.0,54.0,0.0,0.0,76.0,79.0,85.0,0.0,0.0,0.0,0.0,0.0,0.0,0,0,0,0.0,0.0,0
0,0.0,27.0,10.0,0.0,0.0,69.0,86.0,90.0,0.0,0.0,0.0,0.0,0.0,0.0,0,0,0,0.0,0.0,0
0,0.0,27.0,4.0,0.0,0.0,66.0,85.0,87.0,0.0,0.0,0.0,0.0,0.0,0.0,0,0,0,0.0,0.0,0
0,0.0,27.0,2.0,0.0,0.0,66.0,81.0,83.0,0.0,0.0,0.0,0.0,0.0,0.0,0,0,0,0.0,0.0,0
0,0.0,24.0,0.0,0.0,0.0,51.0,92.0,95.0,0.0,0.0,0.0,0.0,0.0,0.0,0,0,0,0.0,0.0,0
0,0.0,24.0,0.0,0.0,0.0,78.0,97.0,98.0,0.0,0.0,0.0,0.0,0.0,0.0,0,0,0,0.0,0.0,0
0,0.0,27.0,0.0,0.0,0.0,74.0,82.0,86.0,0.0,0.0,0.0,0.0,0.0,0.0,0,0,0,0.0,0.0,0
0,0.0,24.0,0.0,0.0,0.0,73.0,87.0,90.0,0.0,0.0,0.0,0.0,0.0,0.0,0,0,0,0.0,0.0,0
0,0.0,22.0,1.0,0.0,0.0,67.0,81.0,86.0,0.0,0.0,0.0,0.0,0.0,0.0,0,0,0,0.0,0.0,0
0,0.0,30.0,22.0,0.0,0.0,65.0,73.0,75.0,0.0,0.0,0.0,0.0,0.0,0.0,0,0,0,0.0,0.0,0
0,0.0,25.0,0.0,0.0,0.0,62.0,86.0,87.0,0.0,0.0,0.0,0.0,0.0,0.0,0,0,0,0.0,0.0,0
0,0.0,28.0,32.0,0.0,0.0,82.0,97.0,97.0,0.0,0.0,0.0,0.0,0.0,0.0,0,0,0,0.0,0.0,0
0,0.0,21.0,43.0,0.0,1.0,76.0,97.0,98.0,0.0,0.0,0.0,0.0,0.0,0.0,0,0,0,0.0,0.0,0
0,0.0,28.0,22.0,0.0,0.0,74.0,81.0,85.0,0.0,0.0,0.0,0.0,0.0,0.0,0,0,0,0.0,0.0,0
0,0.0,23.0,33.0,0.0,1.0,71.0,80.0,86.0,0.0,0.0,0.0,0.0,0.0,0.0,0,0,0,0.0,0.0,0
0,0.0,25.0,0.0,0.0,0.0,64.0,84.0,87.0,0.0,0.0,0.0,0.0,0.0,0.0,0,0,0,0.0,0.0,0
0,0.0,23.0,3.0,0.0,0.0,61.0,87.0,89.0,0.0,0.0,0.0,0.0,0.0,0.0,0,0,0,0.0,0.0,0
0,0.0,24.0,0.0,0.0,0.0,61.0,88.0,86.0,0.0,0.0,0.0,0.0,0.0,0.0,0,0,0,0.0,0.0,0
0,0.0,32.0,124.0,4.0,6.0,96.0,97.0,93.0,0.0,0.0,0.0,0.0,0.0,0.0,0,0,0,0.0,0.0,0
0,0.0,28.0,0.0,0.0,0.0,91.0,86.0,99.0,0.0,0.0,0.0,0.0,0.0,0.0,0,0,0,0.0,0.0,0
0,0.0,37.0,78.0,0.0,0.0,79.0,91.0,92.0,0.0,0.0,0.0,0.0,0.0,0.0,0,0,0,0.0,0.0,0
0,0.0,21.0,16.0,0.0,0.0,69.0,86.0,88.0,0.0,0.0,0.0,0.0,0.0,0.0,0,0,0,0.0,0.0,0
0,0.0,29.0,5.0,0.0,0.0,68.0,87.0,88.0,0.0,0.0,0.0,0.0,0.0,0.0,0,0,0,0.0,0.0,0
0,0.0,29.0,0.0,0.0,0.0,68.0,87.0,88.0,0.0,0.0,0.0,0.0,0.0,0.0,0,0,0,0.0,0.0,0
0,0.0,23.0,0.0,2.0,10.0,62.0,88.0,92.0,0.0,0.0,0.0,0.0,0.0,0.0,0,0,0,0.0,0.0,0
0,0.0,28.0,7.0,0.0,0.0,61.0,80.0,81.0,0.0,0.0,0.0,0.0,0.0,0.0,0,0,0,0.0,0.0,0
0,0.0,26.0,72.0,0.0,0.0,87.0,81.0,86.0,0.0,0.0,0.0,0.0,0.0,0.0,0,0,0,0.0,0.0,0
0,0.0,26.0,0.0,0.0,0.0,81.0,88.0,94.0,0.0,0.0,0.0,0.0,0.0,0.0,0,0,0,0.0,0.0,0
0,0.0,27.0,36.0,0.0,0.0,67.0,95.0,96.0,0.0,0.0,0.0,0.0,0.0,0.0,0,0,0,0.0,0.0,0
0,0.0,24.0,26.0,0.0,0.0,59.0,86.0,85.0,0.0,0.0,0.0,0.0,0.0,0.0,0,0,0,0.0,0.0,0
0,0.0,24.0,0.0,0.0,0.0,53.0,90.0,94.0,0.0,0.0,0.0,0.0,0.0,0.0,0,0,0,0.0,0.0,0
0,0.0,23.0,1.0,0.0,0.0,45.0,79.0,84.0,0.0,0.0,0.0,0.0,0.0,0.0,0,0,0,0.0,0.0,0
0,0.0,21.0,40.0,0.0,0.0,76.0,87.0,86.0,0.0,0.0,0.0,0.0,0.0,0.0,0,0,0,0.0,0.0,0
0,0.0,24.0,30.0,0.0,0.0,76.0,87.0,89.0,0.0,0.0,0.0,0.0,0.0,0.0,0,0,0,0.0,0.0,0
0,0.0,24.0,0.0,0.0,0.0,76.0,87.0,89.0,0.0,0.0,0.0,0.0,0.0,0.0,0,0,0,0.0,0.0,0
0,0.0,24.0,0.0,0.0,0.0,76.0,87.0,89.0,0.0,0.0,0.0,0.0,0.0,0.0,0,0,0,0.0,0.0,0
0,0.0,24.0,21.0,0.0,0.0,76.0,87.0,89.0,0.0,0.0,0.0,0.0,0.0,0.0,0,0,0,0.0,0.0,0
0,0.0,24.0,0.0,0.0,0.0,76.0,87.0,89.0,0.0,0.0,0.0,0.0,0.0,0.0,0,0,0,0.0,0.0,0
0,0.0,24.0,23.0,0.0,1.0,76.0,87.0,89.0,0.0,0.0,0.0,0.0,0.0,0.0,0,0,0,0.0,0.0,0
0,0.0,24.0,17.0,0.0,0.0,70.0,85.0,87.0,0.0,0.0,0.0,0.0,0.0,0.0,0,0,0,0.0,0.0,0
0,0.0,23.0,5.0,0.0,0.0,66.0,82.0,84.0,0.0,0.0,0.0,0.0,0.0,0.0,0,0,0,0.0,0.0,0
0,0.0,24.0,22.0,0.0,0.0,63.0,84.0,86.0,0.0,0.0,0.0,0.0,0.0,0.0,0,0,0,0.0,0.0,0
0,0.0,25.0,4.0,0.0,0.0,60.0,92.0,94.0,0.0,0.0,0.0,0.0,0.0,0.0,0,0,0,0.0,0.0,0
0,0.0,27.0,51.0,0.0,0.0,81.0,82.0,85.0,0.0,0.0,0.0,0.0,0.0,0.0,0,0,0,0.0,0.0,0
0,0.0,25.0,10.0,0.0,0.0,67.0,87.0,91.0,0.0,0.0,0.0,0.0,0.0,0.0,0,0,0,0.0,0.0,0
0,0.0,23.0,3.0,0.0,0.0,66.0,94.0,95.0,0.0,0.0,0.0,0.0,0.0,0.0,0,0,0,0.0,0.0,0
0,0.0,25.0,17.0,0.0,0.0,66.0,85.0,88.0,0.0,0.0,0.0,0.0,0.0,0.0,0,0,0,0.0,0.0,0
0,0.0,25.0,0.0,0.0,0.0,58.0,85.0,84.0,0.0,0.0,0.0,0.0,0.0,0.0,0,0,0,0.0,0.0,0
0,0.0,23.0,0.0,0.0,0.0,53.0,80.0,85.0,0.0,0.0,0.0,0.0,0.0,0.0,0,0,0,0.0,0.0,0
0,0.0,22.0,23.0,0.0,0.0,76.0,97.0,97.0,0.0,0.0,0.0,0.0,0.0,0.0,0,0,0,0.0,0.0,0
0,0.0,22.0,19.0,0.0,0.0,71.0,93.0,89.0,0.0,0.0,0.0,0.0,0.0,0.0,0,0,0,0.0,0.0,0
0,0.0,30.0,40.0,0.0,1.0,71.0,84.0,79.0,0.0,0.0,0.0,0.0,0.0,0.0,0,0,0,0.0,0.0,0
0,0.0,25.0,9.0,0.0,0.0,69.0,93.0,96.0,0.0,0.0,0.0,0.0,0.0,0.0,0,0,0,0.0,0.0,0
0,0.0,23.0,7.0,0.0,0.0,64.0,92.0,94.0,0.0,0.0,0.0,0.0,0.0,0.0,0,0,0,0.0,0.0,0
0,0.0,24.0,0.0,0.0,0.0,50.0,88.0,90.0,0.0,0.0,0.0,0.0,0.0,0.0,0,0,0,0.0,0.0,0
0,0.0,22.0,75.0,0.0,3.0,81.0,95.0,98.0,0.0,0.0,0.0,0.0,0.0,0.0,0,0,0,0.0,0.0,0
0,0.0,21.0,50.0,0.0,0.0,78.0,96.0,98.0,0.0,0.0,0.0,0.0,0.0,0.0,0,0,0,0.0,0.0,0
0,0.0,31.0,0.0,0.0,0.0,76.0,92.0,94.0,0.0,0.0,0.0,0.0,0.0,0.0,0,0,0,0.0,0.0,0
0,0.0,31.0,25.0,0.0,0.0,76.0,92.0,94.0,0.0,0.0,0.0,0.0,0.0,0.0,0,0,0,0.0,0.0,0
0,0.0,28.0,1.0,0.0,0.0,72.0,85.0,83.0,0.0,0.0,0.0,0.0,0.0,0.0,0,0,0,0.0,0.0,0
0,0.0,28.0,0.0,0.0,0.0,72.0,85.0,83.0,0.0,0.0,0.0,0.0,0.0,0.0,0,0,0,0.0,0.0,0
0,0.0,28.0,11.0,0.0,0.0,72.0,85.0,83.0,0.0,0.0,0.0,0.0,0.0,0.0,0,0,0,0.0,0.0,0
0,0.0,28.0,2.0,0.0,0.0,72.0,85.0,83.0,0.0,0.0,0.0,0.0,0.0,0.0,0,0,0,0.0,0.0,0
0,0.0,28.0,20.0,0.0,0.0,72.0,85.0,83.0,0.0,0.0,0.0,0.0,0.0,0.0,0,0,0,0.0,0.0,0
0,0.0,26.0,29.0,0.0,0.0,65.0,77.0,81.0,0.0,0.0,0.0,0.0,0.0,0.0,0,0,0,0.0,0.0,0
0,0.0,27.0,0.0,0.0,0.0,64.0,81.0,84.0,0.0,0.0,0.0,0.0,0.0,0.0,0,0,0,0.0,0.0,0
0,0.0,33.0,88.0,0.0,4.0,90.0,82.0,86.0,0.0,0.0,0.0,0.0,0.0,0.0,0,0,0,0.0,0.0,0
0,0.0,25.0,47.0,0.0,0.0,86.0,93.0,96.0,0.0,0.0,0.0,0.0,0.0,0.0,0,0,0,0.0,0.0,0
0,0.0,28.0,19.0,0.0,0.0,68.0,92.0,90.0,0.0,0.0,0.0,0.0,0.0,0.0,0,0,0,0.0,0.0,0
0,0.0,25.0,1.0,0.0,0.0,64.0,81.0,85.0,0.0,0.0,0.0,0.0,0.0,0.0,0,0,0,0.0,0.0,0
0,0.0,23.0,57.0,0.0,1.0,57.0,94.0,95.0,0.0,0.0,0.0,0.0,0.0,0.0,0,0,0,0.0,0.0,0
0,0.0,26.0,77.0,0.0,3.0,84.0,85.0,86.0,0.0,0.0,0.0,0.0,0.0,0.0,0,0,0,0.0,0.0,0
0,0.0,31.0,58.0,0.0,1.0,78.0,88.0,94.0,0.0,0.0,0.0,0.0,0.0,0.0,0,0,0,0.0,0.0,0
0,0.0,27.0,0.0,0.0,0.0,73.0,81.0,85.0,0.0,0.0,0.0,0.0,0.0,0.0,0,0,0,0.0,0.0,0
0,0.0,23.0,2.0,0.0,0.0,68.0,86.0,85.0,0.0,0.0,0.0,0.0,0.0,0.0,0,0,0,0.0,0.0,0
0,0.0,25.0,13.0,0.0,0.0,64.0,79.0,84.0,0.0,0.0,0.0,0.0,0.0,0.0,0,0,0,0.0,0.0,0
0,0.0,29.0,0.0,0.0,0.0,58.0,78.0,82.0,0.0,0.0,0.0,0.0,0.0,0.0,0,0,0,0.0,0.0,0
0,0.0,21.0,53.0,0.0,0.0,84.0,88.0,90.0,0.0,0.0,0.0,0.0,0.0,0.0,0,0,0,0.0,0.0,0
0,0.0,36.0,101.0,0.0,4.0,79.0,85.0,89.0,0.0,0.0,0.0,0.0,0.0,0.0,0,0,0,0.0,0.0,0
0,0.0,24.0,21.0,0.0,0.0,74.0,88.0,92.0,0.0,0.0,0.0,0.0,0.0,0.0,0,0,0,0.0,0.0,0
0,0.0,29.0,18.0,0.0,0.0,72.0,80.0,84.0,0.0,0.0,0.0,0.0,0.0,0.0,0,0,0,0.0,0.0,0
0,0.0,27.0,11.0,0.0,0.0,70.0,87.0,90.0,0.0,0.0,0.0,0.0,0.0,0.0,0,0,0,0.0,0.0,0
0,0.0,27.0,17.0,0.0,0.0,70.0,87.0,90.0,0.0,0.0,0.0,0.0,0.0,0.0,0,0,0,0.0,0.0,0
0,0.0,24.0,9.0,0.0,0.0,66.0,87.0,88.0,0.0,0.0,0.0,0.0,0.0,0.0,0,0,0,0.0,0.0,0
0,0.0,25.0,0.0,0.0,0.0,62.0,86.0,87.0,0.0,0.0,0.0,0.0,0.0,0.0,0,0,0,0.0,0.0,0
0,0.0,31.0,56.0,0.0,1.0,91.0,82.0,88.0,0.0,0.0,0.0,0.0,0.0,0.0,0,0,0,0.0,0.0,0
0,0.0,30.0,52.0,0.0,0.0,79.0,87.0,91.0,0.0,0.0,0.0,0.0,0.0,0.0,0,0,0,0.0,0.0,0
0,0.0,28.0,45.0,0.0,0.0,74.0,91.0,94.0,0.0,0.0,0.0,0.0,0.0,0.0,0,0,0,0.0,0.0,0
0,0.0,23.0,4.0,0.0,0.0,65.0,93.0,92.0,0.0,0.0,0.0,0.0,0.0,0.0,0,0,0,0.0,0.0,0
0,0.0,25.0,10.0,0.0,0.0,58.0,82.0,85.0,0.0,0.0,0.0,0.0,0.0,0.0,0,0,0,0.0,0.0,0
0,0.0,25.0,1.0,0.0,0.0,51.0,82.0,84.0,0.0,0.0,0.0,0.0,0.0,0.0,0,0,0,0.0,0.0,0
0,0.0,25.0,21.0,0.0,0.0,75.0,94.0,96.0,0.0,0.0,0.0,0.0,0.0,0.0,0,0,0,0.0,0.0,0
0,0.0,24.0,16.0,0.0,0.0,72.0,88.0,93.0,0.0,0.0,0.0,0.0,0.0,0.0,0,0,0,0.0,0.0,0
0,0.0,23.0,0.0,0.0,0.0,65.0,86.0,84.0,0.0,0.0,0.0,0.0,0.0,0.0,0,0,0,0.0,0.0,0
0,0.0,24.0,3.0,0.0,0.0,62.0,84.0,86.0,0.0,0.0,0.0,0.0,0.0,0.0,0,0,0,0.0,0.0,0
0,0.0,29.0,0.0,0.0,0.0,60.0,87.0,88.0,0.0,0.0,0.0,0.0,0.0,0.0,0,0,0,0.0,0.0,0
0,0.0,29.0,10.0,0.0,0.0,60.0,87.0,88.0,0.0,0.0,0.0,0.0,0.0,0.0,0,0,0,0.0,0.0,0
0,0.0,24.0,1.0,0.0,0.0,55.0,85.0,85.0,0.0,0.0,0.0,0.0,0.0,0.0,0,0,0,0.0,0.0,0
0,0.0,28.0,38.0,0.0,0.0,86.0,86.0,91.0,0.0,0.0,0.0,0.0,0.0,0.0,0,0,0,0.0,0.0,0
0,0.0,26.0,22.0,0.0,0.0,70.0,81.0,82.0,0.0,0.0,0.0,0.0,0.0,0.0,0,0,0,0.0,0.0,0
0,0.0,24.0,5.0,0.0,0.0,62.0,75.0,77.0,0.0,0.0,0.0,0.0,0.0,0.0,0,0,0,0.0,0.0,0
0,0.0,23.0,5.0,0.0,0.0,61.0,84.0,88.0,0.0,0.0,0.0,0.0,0.0,0.0,0,0,0,0.0,0.0,0
0,0.0,23.0,32.0,0.0,0.0,46.0,90.0,92.0,0.0,0.0,0.0,0.0,0.0,0.0,0,0,0,0.0,0.0,0
0,0.0,23.0,0.0,0.0,0.0,46.0,90.0,92.0,0.0,0.0,0.0,0.0,0.0,0.0,0,0,0,0.0,0.0,0
0,0.0,28.0,25.0,0.0,0.0,77.0,80.0,82.0,0.0,0.0,0.0,0.0,0.0,0.0,0,0,0,0.0,0.0,0
0,0.0,26.0,0.0,0.0,0.0,77.0,88.0,92.0,0.0,0.0,0.0,0.0,0.0,0.0,0,0,0,0.0,0.0,0
0,0.0,20.0,35.0,0.0,0.0,76.0,87.0,86.0,0.0,0.0,0.0,0.0,0.0,0.0,0,0,0,0.0,0.0,0
0,0.0,25.0,0.0,0.0,0.0,57.0,86.0,92.0,0.0,0.0,0.0,0.0,0.0,0.0,0,0,0,0.0,0.0,0
0,0.0,25.0,0.0,0.0,0.0,57.0,86.0,92.0,0.0,0.0,0.0,0.0,0.0,0.0,0,0,0,0.0,0.0,0
0,0.0,23.0,7.0,0.0,0.0,55.0,84.0,86.0,0.0,0.0,0.0,0.0,0.0,0.0,0,0,0,0.0,0.0,0
0,0.0,25.0,0.0,0.0,0.0,47.0,82.0,83.0,0.0,0.0,0.0,0.0,0.0,0.0,0,0,0,0.0,0.0,0
0,0.0,25.0,0.0,0.0,0.0,47.0,82.0,83.0,0.0,0.0,0.0,0.0,0.0,0.0,0,0,0,0.0,0.0,0
0,0.0,25.0,0.0,0.0,0.0,47.0,82.0,83.0,0.0,0.0,0.0,0.0,0.0,0.0,0,0,0,0.0,0.0,0
0,0.0,30.0,72.0,0.0,1.0,86.0,96.0,98.0,0.0,0.0,0.0,0.0,0.0,0.0,0,0,0,0.0,0.0,0
0,0.0,29.0,0.0,0.0,0.0,75.0,90.0,93.0,0.0,0.0,0.0,0.0,0.0,0.0,0,0,0,0.0,0.0,0
0,0.0,22.0,4.0,0.0,0.0,66.0,88.0,89.0,0.0,0.0,0.0,0.0,0.0,0.0,0,0,0,0.0,0.0,0
0,0.0,26.0,1.0,0.0,0.0,65.0,85.0,89.0,0.0,0.0,0.0,0.0,0.0,0.0,0,0,0,0.0,0.0,0
0,0.0,22.0,3.0,0.0,0.0,63.0,83.0,84.0,0.0,0.0,0.0,0.0,0.0,0.0,0,0,0,0.0,0.0,0
0,0.0,34.0,0.0,0.0,0.0,63.0,83.0,84.0,0.0,0.0,0.0,0.0,0.0,0.0,0,0,0,0.0,0.0,0
75,217.0,27.0,93.0,1.0,11.0,97.0,88.0,0.0,92.0,77.0,95.0,98.0,98.0,94.0,0,0,0,94.0,99.0,0
72,189.0,27.0,26.0,0.0,0.0,80.0,91.0,0.0,95.0,58.0,77.0,83.0,87.0,76.0,0,0,0,72.0,91.0,0
72,212.0,24.0,10.0,0.0,0.0,78.0,86.0,0.0,91.0,62.0,68.0,84.0,81.0,84.0,0,0,0,76.0,83.0,0
71,195.0,22.0,24.0,1.0,3.0,66.0,91.0,0.0,92.0,45.0,48.0,75.0,71.0,78.0,0,0,0,63.0,84.0,0
72,202.0,27.0,0.0,0.0,0.0,53.0,86.0,0.0,87.0,54.0,42.0,63.0,75.0,58.0,0,0,0,62.0,84.0,0
72,208.0,28.0,88.0,1.0,4.0,93.0,94.0,0.0,94.0,67.0,86.0,89.0,88.0,91.0,0,0,0,95.0,94.0,0
76,215.0,28.0,39.0,0.0,0.0,78.0,87.0,0.0,81.0,72.0,80.0,82.0,77.0,79.0,0,0,0,87.0,92.0,0
77,206.0,34.0,0.0,0.0,0.0,67.0,72.0,0.0,76.0,65.0,77.0,80.0,82.0,84.0,0,0,0,79.0,77.0,0
72,182.0,24.0,31.0,0.0,0.0,66.0,90.0,0.0,93.0,38.0,68.0,73.0,65.0,55.0,0,0,0,39.0,89.0,0
74,224.0,23.0,0.0,0.0,0.0,62.0,81.0,0.0,85.0,66.0,58.0,86.0,74.0,81.0,0,0,0,64.0,86.0,0
69,191.0,25.0,0.0,0.0,0.0,58.0,88.0,0.0,89.0,46.0,46.0,73.0,60.0,60.0,0,0,0,50.0,80.0,0
73,217.0,29.0,86.0,0.0,3.0,91.0,87.0,0.0,90.0,80.0,89.0,93.0,87.0,98.0,0,0,0,91.0,87.0,0
70,192.0,36.0,86.0,1.0,2.0,85.0,85.0,0.0,89.0,42.0,95.0,91.0,75.0,85.0,0,0,0,70.0,85.0,0
70,190.0,28.0,78.0,0.0,5.0,76.0,86.0,0.0,92.0,45.0,83.0,80.0,75.0,74.0,0,0,0,72.0,87.0,0
70,190.0,28.0,28.0,0.0,0.0,76.0,86.0,0.0,92.0,45.0,83.0,80.0,75.0,74.0,0,0,0,72.0,87.0,0
72,220.0,29.0,0.0,0.0,0.0,68.0,94.0,0.0,82.0,55.0,75.0,72.0,64.0,65.0,0,0,0,70.0,78.0,0
74,197.0,27.0,9.0,0.0,0.0,67.0,89.0,0.0,82.0,65.0,68.0,75.0,85.0,65.0,0,0,0,68.0,90.0,0
72,190.0,23.0,2.0,0.0,0.0,58.0,87.0,0.0,89.0,39.0,49.0,75.0,85.0,77.0,0,0,0,45.0,85.0,0
70,197.0,29.0,47.0,0.0,0.0,84.0,96.0,0.0,88.0,51.0,85.0,87.0,84.0,74.0,0,0,0,75.0,87.0,0
69,178.0,28.0,14.0,0.0,0.0,64.0,95.0,0.0,96.0,40.0,67.0,72.0,65.0,48.0,0,0,0,45.0,84.0,0
74,214.0,22.0,1.0,0.0,0.0,62.0,91.0,0.0,84.0,68.0,36.0,74.0,81.0,74.0,0,0,0,84.0,87.0,0
77,220.0,24.0,1.0,0.0,0.0,61.0,82.0,0.0,75.0,55.0,48.0,74.0,85.0,79.0,0,0,0,84.0,90.0,0
74,202.0,24.0,0.0,0.0,0.0,59.0,84.0,0.0,87.0,53.0,50.0,70.0,73.0,64.0,0,0,0,48.0,85.0,0
74,202.0,24.0,0.0,0.0,0.0,59.0,84.0,0.0,87.0,53.0,50.0,70.0,73.0,64.0,0,0,0,48.0,85.0,0
74,202.0,24.0,0.0,0.0,0.0,59.0,84.0,0.0,87.0,53.0,50.0,70.0,73.0,64.0,0,0,0,48.0,85.0,0
73,215.0,25.0,2.0,0.0,0.0,56.0,85.0,0.0,80.0,50.0,45.0,64.0,64.0,53.0,0,0,0,74.0,85.0,0
69,185.0,31.0,30.0,0.0,0.0,92.0,97.0,0.0,96.0,67.0,89.0,90.0,90.0,85.0,0,0,0,88.0,91.0,0
69,185.0,31.0,0.0,0.0,0.0,92.0,97.0,0.0,96.0,67.0,89.0,90.0,90.0,85.0,0,0,0,88.0,91.0,0
69,185.0,31.0,0.0,0.0,0.0,92.0,97.0,0.0,96.0,67.0,89.0,90.0,90.0,85.0,0,0,0,88.0,91.0,0
69,185.0,31.0,21.0,0.0,0.0,92.0,97.0,0.0,96.0,67.0,89.0,90.0,90.0,85.0,0,0,0,88.0,91.0,0
69,185.0,31.0,0.0,0.0,0.0,92.0,97.0,0.0,96.0,67.0,89.0,90.0,90.0,85.0,0,0,0,88.0,91.0,0
69,185.0,31.0,23.0,0.0,1.0,92.0,97.0,0.0,96.0,67.0,89.0,90.0,90.0,85.0,0,0,0,88.0,91.0,0
74,211.0,23.0,43.0,0.0,0.0,71.0,86.0,0.0,85.0,67.0,60.0,76.0,86.0,88.0,0,0,0,73.0,85.0,0
71,182.0,22.0,1.0,0.0,0.0,64.0,88.0,0.0,95.0,52.0,47.0,77.0,79.0,67.0,0,0,0,68.0,87.0,0
73,197.0,26.0,0.0,0.0,0.0,63.0,87.0,0.0,88.0,56.0,54.0,73.0,53.0,60.0,0,0,0,56.0,83.0,0
76,219.0,23.0,4.0,0.0,0.0,63.0,78.0,0.0,83.0,57.0,55.0,80.0,88.0,60.0,0,0,0,45.0,93.0,0
71,195.0,24.0,0.0,0.0,0.0,63.0,86.0,0.0,87.0,48.0,60.0,76.0,49.0,63.0,0,0,0,44.0,82.0,0
75,217.0,23.0,3.0,0.0,0.0,59.0,92.0,0.0,78.0,66.0,40.0,70.0,76.0,67.0,0,0,0,64.0,88.0,0
73,192.0,32.0,0.0,0.0,0.0,91.0,92.0,0.0,95.0,54.0,91.0,92.0,95.0,82.0,0,0,0,67.0,92.0,0
73,205.0,29.0,38.0,0.0,0.0,84.0,86.0,0.0,87.0,71.0,83.0,86.0,95.0,83.0,0,0,0,86.0,91.0,0
72,200.0,25.0,12.0,0.0,0.0,75.0,89.0,0.0,90.0,54.0,67.0,80.0,75.0,82.0,0,0,0,75.0,90.0,0
72,193.0,24.0,7.0,0.0,0.0,68.0,84.0,0.0,93.0,48.0,64.0,84.0,67.0,83.0,0,0,0,37.0,77.0,0
74,207.0,21.0,4.0,0.0,0.0,67.0,82.0,0.0,87.0,64.0,42.0,83.0,83.0,64.0,0,0,0,72.0,92.0,0
69,196.0,27.0,0.0,0.0,0.0,62.0,85.0,0.0,94.0,53.0,55.0,72.0,75.0,70.0,0,0,0,39.0,88.0,0
74,195.0,24.0,18.0,0.0,0.0,57.0,87.0,0.0,88.0,52.0,47.0,69.0,66.0,60.0,0,0,0,66.0,86.0,0
73,215.0,27.0,0.0,0.0,0.0,78.0,92.0,0.0,98.0,64.0,79.0,79.0,69.0,75.0,0,0,0,73.0,90.0,0
74,207.0,23.0,11.0,0.0,0.0,75.0,84.0,0.0,89.0,67.0,65.0,82.0,77.0,84.0,0,0,0,78.0,90.0,0
72,196.0,26.0,10.0,0.0,0.0,68.0,87.0,0.0,90.0,49.0,65.0,77.0,77.0,64.0,0,0,0,48.0,81.0,0
75,209.0,22.0,3.0,0.0,0.0,65.0,87.0,0.0,83.0,56.0,49.0,81.0,87.0,72.0,0,0,0,65.0,85.0,0
76,196.0,25.0,0.0,0.0,0.0,58.0,84.0,0.0,84.0,58.0,35.0,72.0,64.0,67.0,0,0,0,74.0,88.0,0
75,214.0,26.0,0.0,0.0,0.0,88.0,94.0,0.0,93.0,61.0,82.0,89.0,93.0,88.0,0,0,0,80.0,88.0,0
75,215.0,28.0,2.0,0.0,0.0,82.0,89.0,0.0,84.0,69.0,84.0,86.0,89.0,79.0,0,0,0,86.0,92.0,0
75,215.0,28.0,59.0,1.0,5.0,82.0,89.0,0.0,84.0,69.0,84.0,86.0,89.0,79.0,0,0,0,86.0,92.0,0
75,215.0,28.0,42.0,0.0,1.0,82.0,89.0,0.0,84.0,69.0,84.0,86.0,89.0,79.0,0,0,0,86.0,92.0,0
74,225.0,21.0,61.0,1.0,3.0,80.0,91.0,0.0,96.0,66.0,49.0,89.0,95.0,88.0,0,0,0,74.0,95.0,0
72,204.0,31.0,33.0,0.0,0.0,75.0,85.0,0.0,86.0,52.0,76.0,85.0,82.0,74.0,0,0,0,70.0,83.0,0
74,208.0,25.0,0.0,0.0,0.0,67.0,83.0,0.0,85.0,57.0,65.0,79.0,69.0,74.0,0,0,0,66.0,84.0,0
72,192.0,23.0,0.0,0.0,0.0,63.0,96.0,0.0,86.0,52.0,53.0,70.0,70.0,75.0,0,0,0,51.0,89.0,0
70,180.0,24.0,35.0,0.0,0.0,76.0,94.0,0.0,93.0,48.0,75.0,84.0,67.0,74.0,0,0,0,53.0,87.0,0
74,200.0,29.0,42.0,0.0,0.0,75.0,83.0,0.0,87.0,47.0,83.0,86.0,84.0,75.0,0,0,0,44.0,80.0,0
72,192.0,34.0,44.0,0.0,0.0,74.0,84.0,0.0,83.0,54.0,82.0,83.0,54.0,84.0,0,0,0,68.0,77.0,0
75,229.0,22.0,69.0,0.0,5.0,74.0,96.0,0.0,91.0,76.0,55.0,84.0,87.0,77.0,0,0,0,88.0,95.0,0
72,194.0,29.0,41.0,0.0,1.0,70.0,83.0,0.0,89.0,44.0,79.0,79.0,92.0,50.0,0,0,0,65.0,90.0,0
75,215.0,23.0,45.0,0.0,0.0,69.0,85.0,0.0,84.0,64.0,57.0,86.0,69.0,86.0,0,0,0,56.0,82.0,0
72,183.0,23.0,0.0,0.0,0.0,57.0,90.0,0.0,88.0,39.0,36.0,66.0,54.0,64.0,0,0,0,42.0,89.0,0
77,236.0,24.0,0.0,0.0,0.0,91.0,95.0,0.0,94.0,78.0,75.0,90.0,97.0,88.0,0,0,0,95.0,99.0,0
72,198.0,29.0,45.0,0.0,0.0,78.0,93.0,0.0,92.0,52.0,78.0,83.0,86.0,68.0,0,0,0,66.0,92.0,0
75,215.0,29.0,26.0,0.0,0.0,70.0,87.0,0.0,85.0,59.0,75.0,76.0,59.0,72.0,0,0,0,70.0,87.0,0
71,172.0,32.0,41.0,0.0,0.0,66.0,89.0,0.0,88.0,43.0,78.0,78.0,52.0,62.0,0,0,0,43.0,76.0,0
71,197.0,24.0,0.0,0.0,0.0,62.0,90.0,0.0,91.0,48.0,45.0,69.0,75.0,65.0,0,0,0,54.0,85.0,0
74,204.0,26.0,0.0,0.0,0.0,60.0,85.0,0.0,84.0,55.0,54.0,70.0,65.0,65.0,0,0,0,65.0,84.0,0
74,204.0,26.0,0.0,0.0,0.0,60.0,85.0,0.0,84.0,55.0,54.0,70.0,65.0,65.0,0,0,0,65.0,84.0,0
71,198.0,26.0,66.0,0.0,2.0,90.0,93.0,0.0,93.0,54.0,90.0,89.0,89.0,88.0,0,0,0,92.0,91.0,0
72,194.0,35.0,76.0,0.0,4.0,89.0,87.0,0.0,88.0,65.0,90.0,92.0,96.0,97.0,0,0,0,70.0,88.0,0
73,208.0,26.0,0.0,0.0,0.0,73.0,86.0,0.0,85.0,66.0,70.0,82.0,67.0,83.0,0,0,0,78.0,85.0,0
73,208.0,26.0,0.0,0.0,0.0,73.0,86.0,0.0,85.0,66.0,70.0,82.0,67.0,83.0,0,0,0,78.0,85.0,0
73,208.0,26.0,0.0,0.0,0.0,73.0,86.0,0.0,85.0,66.0,70.0,82.0,67.0,83.0,0,0,0,78.0,85.0,0
73,208.0,26.0,5.0,0.0,0.0,73.0,86.0,0.0,85.0,66.0,70.0,82.0,67.0,83.0,0,0,0,78.0,85.0,0
73,208.0,26.0,42.0,0.0,0.0,73.0,86.0,0.0,85.0,66.0,70.0,82.0,67.0,83.0,0,0,0,78.0,85.0,0
73,208.0,26.0,56.0,0.0,0.0,73.0,86.0,0.0,85.0,66.0,70.0,82.0,67.0,83.0,0,0,0,78.0,85.0,0
73,208.0,26.0,46.0,0.0,0.0,73.0,86.0,0.0,85.0,66.0,70.0,82.0,67.0,83.0,0,0,0,78.0,85.0,0
75,217.0,25.0,73.0,0.0,1.0,70.0,87.0,0.0,87.0,54.0,67.0,78.0,84.0,72.0,0,0,0,64.0,87.0,0
72,203.0,25.0,1.0,0.0,0.0,66.0,86.0,0.0,85.0,68.0,55.0,75.0,59.0,73.0,0,0,0,70.0,74.0,0
75,228.0,29.0,0.0,0.0,0.0,98.0,94.0,0.0,94.0,80.0,91.0,95.0,96.0,96.0,0,0,0,96.0,95.0,0
75,228.0,29.0,94.0,2.0,7.0,98.0,94.0,0.0,94.0,80.0,91.0,95.0,96.0,96.0,0,0,0,96.0,95.0,0
75,215.0,29.0,37.0,0.0,0.0,77.0,82.0,0.0,82.0,64.0,84.0,86.0,74.0,87.0,0,0,0,69.0,84.0,0
74,206.0,26.0,30.0,1.0,1.0,70.0,93.0,0.0,90.0,64.0,66.0,74.0,76.0,62.0,0,0,0,72.0,86.0,0
70,197.0,27.0,7.0,0.0,0.0,64.0,84.0,0.0,86.0,55.0,65.0,79.0,45.0,79.0,0,0,0,38.0,77.0,0
73,194.0,31.0,0.0,0.0,0.0,63.0,93.0,0.0,85.0,46.0,73.0,70.0,58.0,68.0,0,0,0,64.0,82.0,0
65,160.0,24.0,4.0,0.0,0.0,52.0,97.0,0.0,87.0,32.0,31.0,66.0,52.0,47.0,0,0,0,37.0,88.0,0
72,198.0,31.0,116.0,1.0,6.0,96.0,88.0,0.0,94.0,57.0,97.0,98.0,96.0,95.0,0,0,0,88.0,88.0,0
72,210.0,25.0,54.0,0.0,0.0,80.0,93.0,0.0,92.0,65.0,70.0,85.0,84.0,78.0,0,0,0,77.0,88.0,0
72,200.0,24.0,18.0,0.0,0.0,76.0,87.0,0.0,93.0,57.0,68.0,87.0,83.0,82.0,0,0,0,50.0,80.0,0
72,193.0,25.0,16.0,0.0,0.0,75.0,88.0,0.0,87.0,53.0,77.0,84.0,70.0,68.0,0,0,0,63.0,79.0,0
71,215.0,25.0,0.0,0.0,0.0,66.0,85.0,0.0,87.0,59.0,64.0,74.0,63.0,72.0,0,0,0,68.0,83.0,0
74,214.0,25.0,16.0,0.0,0.0,85.0,91.0,0.0,92.0,66.0,77.0,86.0,85.0,85.0,0,0,0,85.0,91.0,0
68,198.0,23.0,49.0,0.0,1.0,74.0,95.0,0.0,95.0,55.0,63.0,75.0,79.0,82.0,0,0,0,57.0,92.0,0
68,198.0,23.0,21.0,0.0,0.0,74.0,95.0,0.0,95.0,55.0,63.0,75.0,79.0,82.0,0,0,0,57.0,92.0,0
68,198.0,23.0,2.0,0.0,0.0,74.0,95.0,0.0,95.0,55.0,63.0,75.0,79.0,82.0,0,0,0,57.0,92.0,0
73,203.0,27.0,8.0,0.0,0.0,68.0,93.0,0.0,87.0,54.0,74.0,74.0,65.0,49.0,0,0,0,64.0,74.0,0
70,187.0,24.0,4.0,0.0,0.0,65.0,84.0,0.0,88.0,38.0,51.0,82.0,72.0,66.0,0,0,0,40.0,95.0,0
77,220.0,30.0,0.0,0.0,0.0,65.0,81.0,0.0,79.0,65.0,65.0,75.0,69.0,74.0,0,0,0,74.0,87.0,0
74,195.0,25.0,0.0,0.0,0.0,59.0,90.0,0.0,88.0,49.0,53.0,69.0,57.0,56.0,0,0,0,63.0,86.0,0
73,178.0,23.0,9.0,0.0,0.0,58.0,94.0,0.0,86.0,34.0,52.0,67.0,64.0,80.0,0,0,0,36.0,91.0,0
74,221.0,25.0,50.0,0.0,1.0,84.0,86.0,0.0,87.0,79.0,82.0,81.0,90.0,95.0,0,0,0,96.0,96.0,0
71,210.0,32.0,58.0,0.0,1.0,82.0,88.0,0.0,87.0,64.0,87.0,84.0,93.0,72.0,0,0,0,84.0,95.0,0
68,170.0,22.0,21.0,0.0,1.0,70.0,92.0,0.0,94.0,49.0,52.0,82.0,77.0,70.0,0,0,0,53.0,80.0,0
75,207.0,29.0,0.0,0.0,0.0,70.0,83.0,0.0,86.0,51.0,72.0,78.0,68.0,78.0,0,0,0,65.0,84.0,0
72,207.0,27.0,0.0,0.0,0.0,66.0,84.0,0.0,85.0,54.0,67.0,77.0,67.0,59.0,0,0,0,60.0,80.0,0
72,184.0,25.0,0.0,0.0,0.0,51.0,92.0,0.0,93.0,29.0,34.0,64.0,58.0,56.0,0,0,0,37.0,84.0,0
76,230.0,26.0,83.0,1.0,6.0,96.0,88.0,0.0,92.0,80.0,88.0,97.0,91.0,99.0,0,0,0,99.0,92.0,0
76,230.0,26.0,30.0,0.0,0.0,96.0,88.0,0.0,92.0,80.0,88.0,97.0,91.0,99.0,0,0,0,99.0,92.0,0
70,190.0,25.0,0.0,0.0,0.0,74.0,85.0,0.0,91.0,44.0,75.0,87.0,63.0,78.0,0,0,0,42.0,77.0,0
73,190.0,28.0,0.0,0.0,0.0,73.0,82.0,0.0,85.0,54.0,71.0,83.0,75.0,82.0,0,0,0,67.0,82.0,0
74,186.0,23.0,32.0,0.0,0.0,71.0,85.0,0.0,87.0,50.0,62.0,82.0,78.0,77.0,0,0,0,59.0,79.0,0
77,220.0,23.0,1.0,0.0,0.0,63.0,81.0,0.0,81.0,65.0,35.0,72.0,82.0,80.0,0,0,0,88.0,89.0,0
0,0.0,0.0,33.0,0.0,1.0,90.0,0.0,0.0,0.0,0.0,0.0,0.0,0.0,0.0,0,0,0,0.0,0.0,0
0,0.0,0.0,43.0,0.0,1.0,84.0,0.0,0.0,0.0,0.0,0.0,0.0,0.0,0.0,0,0,0,0.0,0.0,0
0,0.0,0.0,32.0,0.0,0.0,75.0,0.0,0.0,0.0,0.0,0.0,0.0,0.0,0.0,0,0,0,0.0,0.0,0
0,0.0,0.0,5.0,0.0,0.0,66.0,0.0,0.0,0.0,0.0,0.0,0.0,0.0,0.0,0,0,0,0.0,0.0,0
0,0.0,0.0,0.0,0.0,0.0,66.0,0.0,0.0,0.0,0.0,0.0,0.0,0.0,0.0,0,0,0,0.0,0.0,0
0,0.0,0.0,0.0,0.0,0.0,55.0,0.0,0.0,0.0,0.0,0.0,0.0,0.0,0.0,0,0,0,0.0,0.0,0
0,0.0,0.0,0.0,0.0,0.0,55.0,0.0,0.0,0.0,0.0,0.0,0.0,0.0,0.0,0,0,0,0.0,0.0,0
0,0.0,0.0,1.0,0.0,0.0,55.0,0.0,0.0,0.0,0.0,0.0,0.0,0.0,0.0,0,0,0,0.0,0.0,0
76,210.0,33.0,124.0,4.0,6.0,95.0,96.0,0.0,94.0,54.0,97.0,95.0,99.0,82.0,0,0,0,88.0,99.0,0
69,185.0,29.0,0.0,0.0,0.0,91.0,86.0,0.0,96.0,53.0,94.0,95.0,80.0,96.0,0,0,0,73.0,74.0,0
72,190.0,34.0,99.0,1.0,7.0,79.0,85.0,0.0,86.0,48.0,94.0,88.0,83.0,77.0,0,0,0,55.0,78.0,0
72,198.0,24.0,61.0,0.0,0.0,76.0,86.0,0.0,88.0,60.0,70.0,85.0,74.0,83.0,0,0,0,60.0,84.0,0
74,215.0,29.0,7.0,0.0,0.0,73.0,86.0,0.0,85.0,69.0,74.0,79.0,64.0,85.0,0,0,0,79.0,83.0,0
72,210.0,22.0,16.0,0.0,0.0,68.0,91.0,0.0,88.0,73.0,45.0,74.0,75.0,89.0,0,0,0,88.0,91.0,0
72,212.0,22.0,1.0,0.0,0.0,65.0,95.0,0.0,84.0,54.0,45.0,76.0,64.0,74.0,0,0,0,64.0,91.0,0
76,225.0,27.0,72.0,0.0,0.0,89.0,84.0,0.0,85.0,78.0,87.0,94.0,90.0,97.0,0,0,0,92.0,90.0,0
74,210.0,25.0,26.0,0.0,0.0,82.0,94.0,0.0,90.0,67.0,73.0,82.0,88.0,79.0,0,0,0,89.0,88.0,0
71,200.0,28.0,36.0,0.0,0.0,82.0,98.0,0.0,90.0,52.0,80.0,84.0,88.0,69.0,0,0,0,69.0,83.0,0
69,190.0,27.0,0.0,0.0,0.0,75.0,87.0,0.0,91.0,44.0,75.0,84.0,73.0,76.0,0,0,0,54.0,80.0,0
72,189.0,26.0,4.0,0.0,0.0,63.0,90.0,0.0,87.0,42.0,62.0,73.0,60.0,66.0,0,0,0,49.0,84.0,0
75,192.0,24.0,1.0,0.0,0.0,50.0,79.0,0.0,86.0,50.0,44.0,67.0,84.0,48.0,0,0,0,48.0,92.0,0
71,195.0,25.0,30.0,0.0,0.0,88.0,87.0,0.0,89.0,57.0,84.0,92.0,85.0,90.0,0,0,0,79.0,86.0,0
71,195.0,25.0,0.0,0.0,0.0,88.0,87.0,0.0,89.0,57.0,84.0,92.0,85.0,90.0,0,0,0,79.0,86.0,0
71,195.0,25.0,0.0,0.0,0.0,88.0,87.0,0.0,89.0,57.0,84.0,92.0,85.0,90.0,0,0,0,79.0,86.0,0
71,195.0,25.0,21.0,0.0,0.0,88.0,87.0,0.0,89.0,57.0,84.0,92.0,85.0,90.0,0,0,0,79.0,86.0,0
71,195.0,25.0,0.0,0.0,0.0,88.0,87.0,0.0,89.0,57.0,84.0,92.0,85.0,90.0,0,0,0,79.0,86.0,0
71,195.0,25.0,23.0,0.0,1.0,88.0,87.0,0.0,89.0,57.0,84.0,92.0,85.0,90.0,0,0,0,79.0,86.0,0
73,215.0,22.0,40.0,0.0,0.0,81.0,87.0,0.0,86.0,76.0,69.0,85.0,89.0,88.0,0,0,0,93.0,92.0,0
71,183.0,25.0,22.0,0.0,0.0,76.0,92.0,0.0,95.0,47.0,68.0,78.0,88.0,74.0,0,0,0,73.0,95.0,0
74,182.0,25.0,17.0,0.0,0.0,72.0,91.0,0.0,88.0,52.0,69.0,77.0,83.0,65.0,0,0,0,59.0,86.0,0
74,215.0,24.0,12.0,0.0,0.0,65.0,79.0,0.0,79.0,62.0,65.0,78.0,65.0,60.0,0,0,0,68.0,82.0,0
78,227.0,24.0,5.0,0.0,0.0,60.0,82.0,0.0,87.0,60.0,32.0,75.0,86.0,85.0,0,0,0,72.0,95.0,0
71,192.0,26.0,47.0,0.0,0.0,87.0,94.0,0.0,94.0,56.0,83.0,90.0,95.0,72.0,0,0,0,77.0,88.0,0
75,215.0,27.0,41.0,0.0,1.0,85.0,91.0,0.0,94.0,68.0,81.0,77.0,99.0,84.0,0,0,0,92.0,98.0,0
72,203.0,28.0,51.0,0.0,0.0,85.0,83.0,0.0,87.0,65.0,85.0,89.0,84.0,97.0,0,0,0,83.0,86.0,0
74,210.0,26.0,17.0,0.0,0.0,69.0,87.0,0.0,91.0,62.0,72.0,75.0,73.0,70.0,0,0,0,68.0,87.0,0
72,188.0,25.0,3.0,0.0,0.0,68.0,94.0,0.0,92.0,40.0,63.0,78.0,81.0,63.0,0,0,0,46.0,89.0,0
72,198.0,24.0,3.0,0.0,0.0,61.0,87.0,0.0,88.0,52.0,55.0,72.0,65.0,56.0,0,0,0,59.0,83.0,0
76,207.0,24.0,0.0,0.0,0.0,56.0,80.0,0.0,78.0,64.0,55.0,74.0,64.0,55.0,0,0,0,62.0,84.0,0
67,195.0,24.0,0.0,0.0,0.0,49.0,93.0,0.0,94.0,47.0,46.0,67.0,35.0,35.0,0,0,0,39.0,87.0,0
74,200.0,23.0,19.0,0.0,0.0,75.0,93.0,0.0,91.0,59.0,67.0,78.0,82.0,83.0,0,0,0,69.0,92.0,0
76,225.0,24.0,7.0,0.0,0.0,73.0,92.0,0.0,89.0,55.0,66.0,79.0,82.0,71.0,0,0,0,75.0,94.0,0
71,185.0,26.0,9.0,0.0,0.0,70.0,94.0,0.0,93.0,48.0,65.0,77.0,76.0,72.0,0,0,0,47.0,89.0,0
74,210.0,23.0,23.0,0.0,0.0,68.0,97.0,0.0,88.0,63.0,58.0,65.0,86.0,79.0,0,0,0,79.0,93.0,0
69,186.0,23.0,12.0,0.0,0.0,60.0,97.0,0.0,95.0,40.0,42.0,69.0,82.0,64.0,0,0,0,42.0,88.0,0
73,195.0,25.0,1.0,0.0,0.0,56.0,90.0,0.0,89.0,46.0,36.0,67.0,64.0,55.0,0,0,0,66.0,91.0,0
74,195.0,27.0,1.0,0.0,0.0,52.0,90.0,0.0,86.0,37.0,44.0,67.0,66.0,59.0,0,0,0,29.0,88.0,0
70,175.0,23.0,75.0,0.0,3.0,91.0,99.0,0.0,99.0,44.0,84.0,92.0,94.0,78.0,0,0,0,77.0,86.0,0
72,198.0,22.0,50.0,0.0,0.0,81.0,95.0,0.0,95.0,58.0,72.0,87.0,88.0,80.0,0,0,0,74.0,87.0,0
72,212.0,27.0,29.0,0.0,0.0,76.0,82.0,0.0,84.0,65.0,77.0,82.0,86.0,87.0,0,0,0,82.0,81.0,0
76,220.0,28.0,0.0,0.0,0.0,65.0,82.0,0.0,84.0,64.0,65.0,74.0,80.0,70.0,0,0,0,65.0,93.0,0
75,222.0,23.0,17.0,0.0,0.0,63.0,86.0,0.0,82.0,57.0,40.0,72.0,75.0,83.0,0,0,0,62.0,87.0,0
72,205.0,34.0,88.0,0.0,4.0,89.0,85.0,0.0,85.0,75.0,95.0,90.0,85.0,95.0,0,0,0,88.0,80.0,0
72,199.0,24.0,57.0,0.0,1.0,78.0,96.0,0.0,92.0,54.0,67.0,79.0,83.0,76.0,0,0,0,73.0,87.0,0
70,185.0,30.0,0.0,0.0,0.0,73.0,87.0,0.0,94.0,49.0,79.0,76.0,76.0,64.0,0,0,0,65.0,86.0,0
73,208.0,30.0,18.0,0.0,0.0,72.0,80.0,0.0,85.0,64.0,78.0,81.0,66.0,83.0,0,0,0,78.0,77.0,0
70,180.0,22.0,63.0,0.0,2.0,66.0,93.0,0.0,88.0,39.0,37.0,81.0,71.0,73.0,0,0,0,40.0,92.0,0
67,180.0,29.0,0.0,0.0,0.0,63.0,93.0,0.0,93.0,49.0,48.0,75.0,65.0,66.0,0,0,0,42.0,82.0,0
77,230.0,27.0,77.0,0.0,3.0,90.0,88.0,0.0,86.0,79.0,84.0,91.0,97.0,90.0,0,0,0,98.0,97.0,0
77,225.0,28.0,0.0,0.0,0.0,76.0,86.0,0.0,82.0,70.0,70.0,81.0,91.0,76.0,0,0,0,87.0,97.0,0
74,220.0,26.0,13.0,0.0,0.0,69.0,84.0,0.0,85.0,75.0,62.0,77.0,80.0,75.0,0,0,0,74.0,84.0,0
73,210.0,24.0,2.0,0.0,0.0,68.0,86.0,0.0,86.0,51.0,64.0,74.0,66.0,79.0,0,0,0,74.0,83.0,0
74,211.0,23.0,0.0,0.0,0.0,62.0,86.0,0.0,82.0,70.0,50.0,73.0,64.0,82.0,0,0,0,58.0,85.0,0
73,214.0,22.0,53.0,0.0,0.0,83.0,88.0,0.0,90.0,74.0,60.0,88.0,93.0,87.0,0,0,0,88.0,92.0,0
72,219.0,25.0,21.0,0.0,0.0,74.0,87.0,0.0,90.0,68.0,65.0,80.0,84.0,78.0,0,0,0,85.0,90.0,0
73,212.0,28.0,11.0,0.0,0.0,71.0,91.0,0.0,88.0,56.0,74.0,77.0,54.0,68.0,0,0,0,71.0,84.0,0
73,212.0,28.0,17.0,0.0,0.0,71.0,91.0,0.0,88.0,56.0,74.0,77.0,54.0,68.0,0,0,0,71.0,84.0,0
71,180.0,25.0,0.0,0.0,0.0,70.0,97.0,0.0,92.0,46.0,73.0,65.0,75.0,64.0,0,0,0,66.0,88.0,0
72,202.0,25.0,9.0,0.0,0.0,69.0,87.0,0.0,87.0,54.0,67.0,74.0,76.0,73.0,0,0,0,74.0,88.0,0
74,203.0,32.0,56.0,0.0,1.0,87.0,84.0,0.0,85.0,67.0,90.0,92.0,84.0,98.0,0,0,0,84.0,78.0,0
70,202.0,22.0,0.0,0.0,0.0,75.0,93.0,0.0,93.0,58.0,54.0,86.0,76.0,87.0,0,0,0,64.0,90.0,0
70,202.0,22.0,58.0,0.0,1.0,75.0,93.0,0.0,93.0,58.0,54.0,86.0,76.0,87.0,0,0,0,64.0,90.0,0
69,195.0,31.0,52.0,0.0,0.0,69.0,87.0,0.0,92.0,40.0,77.0,75.0,76.0,62.0,0,0,0,54.0,81.0,0
70,182.0,24.0,4.0,0.0,0.0,67.0,95.0,0.0,86.0,35.0,67.0,77.0,65.0,77.0,0,0,0,44.0,88.0,0
71,195.0,34.0,1.0,0.0,1.0,66.0,82.0,0.0,82.0,54.0,73.0,82.0,55.0,72.0,0,0,0,50.0,74.0,0
73,204.0,26.0,10.0,0.0,0.0,58.0,82.0,0.0,83.0,58.0,65.0,71.0,49.0,65.0,0,0,0,65.0,85.0,0
71,183.0,26.0,21.0,0.0,0.0,75.0,96.0,0.0,94.0,44.0,76.0,78.0,76.0,72.0,0,0,0,62.0,85.0,0
72,210.0,23.0,17.0,0.0,0.0,71.0,87.0,0.0,90.0,61.0,55.0,78.0,72.0,81.0,0,0,0,72.0,86.0,0
72,187.0,23.0,1.0,0.0,0.0,70.0,88.0,0.0,97.0,44.0,62.0,86.0,79.0,81.0,0,0,0,46.0,85.0,0
74,197.0,25.0,16.0,0.0,0.0,70.0,90.0,0.0,88.0,45.0,68.0,75.0,80.0,59.0,0,0,0,68.0,89.0,0
73,205.0,24.0,0.0,0.0,0.0,69.0,86.0,0.0,85.0,75.0,50.0,77.0,76.0,76.0,0,0,0,84.0,88.0,0
72,206.0,25.0,3.0,0.0,0.0,67.0,84.0,0.0,85.0,59.0,58.0,79.0,70.0,65.0,0,0,0,62.0,85.0,0
71,186.0,24.0,0.0,0.0,0.0,67.0,83.0,0.0,88.0,47.0,65.0,80.0,66.0,82.0,0,0,0,36.0,76.0,0
74,220.0,21.0,8.0,0.0,0.0,73.0,90.0,0.0,81.0,76.0,49.0,79.0,89.0,91.0,0,0,0,90.0,89.0,0
77,220.0,25.0,5.0,0.0,0.0,71.0,80.0,0.0,82.0,72.0,69.0,78.0,86.0,79.0,0,0,0,87.0,89.0,0
73,197.0,29.0,1.0,0.0,0.0,70.0,85.0,0.0,85.0,58.0,73.0,75.0,72.0,75.0,0,0,0,69.0,82.0,0
73,197.0,29.0,0.0,0.0,0.0,70.0,85.0,0.0,85.0,58.0,73.0,75.0,72.0,75.0,0,0,0,69.0,82.0,0
73,197.0,29.0,11.0,0.0,0.0,70.0,85.0,0.0,85.0,58.0,73.0,75.0,72.0,75.0,0,0,0,69.0,82.0,0
73,197.0,29.0,2.0,0.0,0.0,70.0,85.0,0.0,85.0,58.0,73.0,75.0,72.0,75.0,0,0,0,69.0,82.0,0
73,197.0,29.0,20.0,0.0,0.0,70.0,85.0,0.0,85.0,58.0,73.0,75.0,72.0,75.0,0,0,0,69.0,82.0,0
70,189.0,24.0,5.0,0.0,0.0,68.0,85.0,0.0,88.0,46.0,65.0,80.0,73.0,82.0,0,0,0,39.0,82.0,0
73,201.0,28.0,10.0,0.0,0.0,67.0,86.0,0.0,91.0,60.0,72.0,74.0,70.0,65.0,0,0,0,71.0,88.0,0
74,212.0,23.0,0.0,0.0,0.0,67.0,86.0,0.0,85.0,67.0,39.0,84.0,83.0,85.0,0,0,0,55.0,93.0,0
74,212.0,23.0,38.0,0.0,0.0,67.0,86.0,0.0,85.0,67.0,39.0,84.0,83.0,85.0,0,0,0,55.0,93.0,0
74,212.0,23.0,0.0,0.0,0.0,67.0,86.0,0.0,85.0,67.0,39.0,84.0,83.0,85.0,0,0,0,55.0,93.0,0
74,212.0,23.0,0.0,0.0,0.0,67.0,86.0,0.0,85.0,67.0,39.0,84.0,83.0,85.0,0,0,0,55.0,93.0,0
74,212.0,23.0,3.0,0.0,0.0,67.0,86.0,0.0,85.0,67.0,39.0,84.0,83.0,85.0,0,0,0,55.0,93.0,0
74,212.0,23.0,0.0,0.0,0.0,67.0,86.0,0.0,85.0,67.0,39.0,84.0,83.0,85.0,0,0,0,55.0,93.0,0
74,212.0,23.0,0.0,0.0,0.0,67.0,86.0,0.0,85.0,67.0,39.0,84.0,83.0,85.0,0,0,0,55.0,93.0,0
74,212.0,23.0,2.0,0.0,0.0,67.0,86.0,0.0,85.0,67.0,39.0,84.0,83.0,85.0,0,0,0,55.0,93.0,0
74,212.0,23.0,24.0,0.0,0.0,67.0,86.0,0.0,85.0,67.0,39.0,84.0,83.0,85.0,0,0,0,55.0,93.0,0
74,212.0,23.0,12.0,0.0,0.0,67.0,86.0,0.0,85.0,67.0,39.0,84.0,83.0,85.0,0,0,0,55.0,93.0,0
74,212.0,23.0,25.0,0.0,0.0,67.0,86.0,0.0,85.0,67.0,39.0,84.0,83.0,85.0,0,0,0,55.0,93.0,0
74,212.0,23.0,38.0,0.0,0.0,67.0,86.0,0.0,85.0,67.0,39.0,84.0,83.0,85.0,0,0,0,55.0,93.0,0
76,215.0,27.0,22.0,0.0,0.0,67.0,81.0,0.0,80.0,69.0,72.0,73.0,52.0,81.0,0,0,0,82.0,86.0,0
70,200.0,31.0,72.0,0.0,1.0,83.0,96.0,0.0,95.0,43.0,88.0,85.0,87.0,72.0,0,0,0,59.0,85.0,0
74,215.0,23.0,4.0,0.0,0.0,74.0,91.0,0.0,88.0,74.0,63.0,75.0,81.0,75.0,0,0,0,83.0,88.0,0
71,197.0,38.0,78.0,0.0,0.0,73.0,91.0,0.0,86.0,45.0,84.0,84.0,74.0,60.0,0,0,0,49.0,77.0,0
70,186.0,29.0,22.0,0.0,0.0,70.0,81.0,0.0,87.0,44.0,83.0,82.0,65.0,74.0,0,0,0,54.0,75.0,0
76,227.0,22.0,3.0,0.0,0.0,70.0,85.0,0.0,80.0,68.0,60.0,81.0,70.0,78.0,0,0,0,82.0,91.0,0
0,0.0,0.0,93.0,1.0,11.0,96.0,87.0,89.0,93.0,76.0,95.0,0.0,0.0,0.0,0,0,0,0.0,0.0,0
0,0.0,0.0,26.0,0.0,0.0,78.0,91.0,94.0,93.0,54.0,77.0,0.0,0.0,0.0,0,0,0,0.0,0.0,0
0,0.0,0.0,10.0,0.0,0.0,74.0,86.0,89.0,90.0,60.0,67.0,0.0,0.0,0.0,0,0,0,0.0,0.0,0
0,0.0,0.0,24.0,1.0,3.0,66.0,91.0,90.0,92.0,45.0,51.0,0.0,0.0,0.0,0,0,0,0.0,0.0,0
0,0.0,0.0,0.0,0.0,0.0,63.0,86.0,85.0,86.0,60.0,60.0,0.0,0.0,0.0,0,0,0,0.0,0.0,0
0,0.0,0.0,0.0,0.0,0.0,61.0,92.0,86.0,82.0,64.0,48.0,0.0,0.0,0.0,0,0,0,0.0,0.0,0
0,0.0,0.0,0.0,0.0,0.0,61.0,92.0,86.0,82.0,64.0,48.0,0.0,0.0,0.0,0,0,0,0.0,0.0,0
0,0.0,0.0,0.0,0.0,0.0,61.0,88.0,83.0,84.0,58.0,52.0,0.0,0.0,0.0,0,0,0,0.0,0.0,0
0,0.0,0.0,0.0,0.0,0.0,60.0,88.0,76.0,77.0,69.0,40.0,0.0,0.0,0.0,0,0,0,0.0,0.0,0
0,0.0,0.0,88.0,1.0,4.0,96.0,92.0,94.0,95.0,68.0,90.0,0.0,0.0,0.0,0,0,0,0.0,0.0,0
0,0.0,0.0,101.0,2.0,7.0,78.0,94.0,90.0,95.0,71.0,57.0,0.0,0.0,0.0,0,0,0,0.0,0.0,0
0,0.0,0.0,39.0,0.0,0.0,76.0,87.0,77.0,80.0,72.0,82.0,0.0,0.0,0.0,0,0,0,0.0,0.0,0
0,0.0,0.0,31.0,0.0,0.0,71.0,91.0,94.0,93.0,39.0,69.0,0.0,0.0,0.0,0,0,0,0.0,0.0,0
0,0.0,0.0,0.0,0.0,0.0,70.0,90.0,94.0,93.0,49.0,70.0,0.0,0.0,0.0,0,0,0,0.0,0.0,0
0,0.0,0.0,0.0,0.0,0.0,66.0,73.0,75.0,76.0,65.0,77.0,0.0,0.0,0.0,0,0,0,0.0,0.0,0
0,0.0,0.0,0.0,0.0,0.0,60.0,81.0,75.0,85.0,66.0,58.0,0.0,0.0,0.0,0,0,0,0.0,0.0,0
0,0.0,0.0,0.0,0.0,0.0,54.0,86.0,88.0,87.0,57.0,45.0,0.0,0.0,0.0,0,0,0,0.0,0.0,0
0,0.0,0.0,0.0,0.0,0.0,52.0,84.0,85.0,83.0,46.0,52.0,0.0,0.0,0.0,0,0,0,0.0,0.0,0
0,0.0,0.0,86.0,0.0,3.0,87.0,86.0,85.0,85.0,79.0,87.0,0.0,0.0,0.0,0,0,0,0.0,0.0,0
0,0.0,0.0,86.0,1.0,2.0,86.0,86.0,90.0,88.0,42.0,97.0,0.0,0.0,0.0,0,0,0,0.0,0.0,0
0,0.0,0.0,37.0,0.0,0.0,69.0,92.0,97.0,88.0,54.0,54.0,0.0,0.0,0.0,0,0,0,0.0,0.0,0
0,0.0,0.0,11.0,0.0,0.0,67.0,91.0,88.0,87.0,56.0,72.0,0.0,0.0,0.0,0,0,0,0.0,0.0,0
0,0.0,0.0,17.0,0.0,0.0,67.0,91.0,88.0,87.0,56.0,72.0,0.0,0.0,0.0,0,0,0,0.0,0.0,0
0,0.0,0.0,4.0,0.0,0.0,65.0,83.0,86.0,84.0,68.0,55.0,0.0,0.0,0.0,0,0,0,0.0,0.0,0
0,0.0,0.0,1.0,0.0,0.0,63.0,82.0,78.0,75.0,63.0,54.0,0.0,0.0,0.0,0,0,0,0.0,0.0,0
0,0.0,0.0,0.0,0.0,0.0,61.0,84.0,86.0,82.0,65.0,65.0,0.0,0.0,0.0,0,0,0,0.0,0.0,0
0,0.0,0.0,4.0,0.0,0.0,61.0,84.0,86.0,82.0,65.0,65.0,0.0,0.0,0.0,0,0,0,0.0,0.0,0
0,0.0,0.0,2.0,0.0,0.0,58.0,90.0,88.0,92.0,39.0,54.0,0.0,0.0,0.0,0,0,0,0.0,0.0,0
0,0.0,0.0,33.0,0.0,0.0,86.0,88.0,92.0,91.0,65.0,81.0,0.0,0.0,0.0,0,0,0,0.0,0.0,0
0,0.0,0.0,47.0,0.0,0.0,81.0,96.0,92.0,87.0,51.0,87.0,0.0,0.0,0.0,0,0,0,0.0,0.0,0
0,0.0,0.0,14.0,0.0,0.0,71.0,95.0,97.0,96.0,40.0,74.0,0.0,0.0,0.0,0,0,0,0.0,0.0,0
0,0.0,0.0,0.0,0.0,0.0,69.0,84.0,87.0,85.0,69.0,62.0,0.0,0.0,0.0,0,0,0,0.0,0.0,0
0,0.0,0.0,1.0,0.0,0.0,64.0,91.0,85.0,84.0,68.0,45.0,0.0,0.0,0.0,0,0,0,0.0,0.0,0
0,0.0,0.0,0.0,0.0,0.0,60.0,88.0,92.0,88.0,47.0,64.0,0.0,0.0,0.0,0,0,0,0.0,0.0,0
0,0.0,0.0,0.0,0.0,0.0,59.0,89.0,92.0,88.0,63.0,55.0,0.0,0.0,0.0,0,0,0,0.0,0.0,0
0,0.0,0.0,0.0,0.0,0.0,58.0,84.0,88.0,80.0,62.0,60.0,0.0,0.0,0.0,0,0,0,0.0,0.0,0
0,0.0,0.0,0.0,0.0,0.0,56.0,86.0,88.0,89.0,47.0,40.0,0.0,0.0,0.0,0,0,0,0.0,0.0,0
0,0.0,0.0,30.0,0.0,0.0,89.0,95.0,92.0,93.0,67.0,88.0,0.0,0.0,0.0,0,0,0,0.0,0.0,0
0,0.0,0.0,0.0,0.0,0.0,89.0,95.0,92.0,93.0,67.0,88.0,0.0,0.0,0.0,0,0,0,0.0,0.0,0
0,0.0,0.0,0.0,0.0,0.0,89.0,95.0,92.0,93.0,67.0,88.0,0.0,0.0,0.0,0,0,0,0.0,0.0,0
0,0.0,0.0,21.0,0.0,0.0,89.0,95.0,92.0,93.0,67.0,88.0,0.0,0.0,0.0,0,0,0,0.0,0.0,0
0,0.0,0.0,0.0,0.0,0.0,89.0,95.0,92.0,93.0,67.0,88.0,0.0,0.0,0.0,0,0,0,0.0,0.0,0
0,0.0,0.0,23.0,0.0,1.0,89.0,95.0,92.0,93.0,67.0,88.0,0.0,0.0,0.0,0,0,0,0.0,0.0,0
0,0.0,0.0,3.0,0.0,0.0,74.0,94.0,95.0,88.0,66.0,70.0,0.0,0.0,0.0,0,0,0,0.0,0.0,0
0,0.0,0.0,43.0,0.0,0.0,71.0,86.0,85.0,83.0,68.0,64.0,0.0,0.0,0.0,0,0,0,0.0,0.0,0
0,0.0,0.0,3.0,0.0,0.0,64.0,92.0,93.0,92.0,40.0,65.0,0.0,0.0,0.0,0,0,0,0.0,0.0,0
0,0.0,0.0,1.0,0.0,0.0,63.0,91.0,95.0,95.0,52.0,51.0,0.0,0.0,0.0,0,0,0,0.0,0.0,0
0,0.0,0.0,0.0,0.0,0.0,61.0,87.0,89.0,89.0,56.0,55.0,0.0,0.0,0.0,0,0,0,0.0,0.0,0
0,0.0,0.0,1.0,0.0,0.0,59.0,91.0,84.0,88.0,61.0,47.0,0.0,0.0,0.0,0,0,0,0.0,0.0,0
0,0.0,0.0,20.0,0.0,1.0,79.0,97.0,97.0,94.0,45.0,75.0,0.0,0.0,0.0,0,0,0,0.0,0.0,0
0,0.0,0.0,47.0,3.0,4.0,79.0,98.0,98.0,97.0,54.0,77.0,0.0,0.0,0.0,0,0,0,0.0,0.0,0
0,0.0,0.0,19.0,0.0,0.0,76.0,85.0,87.0,85.0,57.0,73.0,0.0,0.0,0.0,0,0,0,0.0,0.0,0
0,0.0,0.0,10.0,0.0,0.0,72.0,89.0,92.0,88.0,62.0,80.0,0.0,0.0,0.0,0,0,0,0.0,0.0,0
0,0.0,0.0,0.0,0.0,0.0,66.0,88.0,90.0,87.0,48.0,70.0,0.0,0.0,0.0,0,0,0,0.0,0.0,0
0,0.0,0.0,0.0,0.0,0.0,56.0,86.0,84.0,88.0,54.0,53.0,0.0,0.0,0.0,0,0,0,0.0,0.0,0
0,0.0,0.0,0.0,0.0,0.0,85.0,91.0,93.0,93.0,48.0,91.0,0.0,0.0,0.0,0,0,0,0.0,0.0,0
0,0.0,0.0,77.0,0.0,7.0,80.0,89.0,90.0,94.0,64.0,60.0,0.0,0.0,0.0,0,0,0,0.0,0.0,0
0,0.0,0.0,12.0,0.0,0.0,74.0,86.0,88.0,90.0,54.0,67.0,0.0,0.0,0.0,0,0,0,0.0,0.0,0
0,0.0,0.0,18.0,0.0,0.0,74.0,91.0,93.0,89.0,53.0,69.0,0.0,0.0,0.0,0,0,0,0.0,0.0,0
0,0.0,0.0,7.0,0.0,0.0,74.0,88.0,92.0,93.0,48.0,72.0,0.0,0.0,0.0,0,0,0,0.0,0.0,0
0,0.0,0.0,0.0,0.0,0.0,63.0,85.0,95.0,94.0,53.0,55.0,0.0,0.0,0.0,0,0,0,0.0,0.0,0
0,0.0,0.0,0.0,0.0,0.0,62.0,84.0,81.0,85.0,70.0,56.0,0.0,0.0,0.0,0,0,0,0.0,0.0,0
0,0.0,0.0,0.0,0.0,0.0,60.0,84.0,83.0,85.0,60.0,50.0,0.0,0.0,0.0,0,0,0,0.0,0.0,0
0,0.0,0.0,0.0,0.0,0.0,79.0,92.0,96.0,98.0,64.0,86.0,0.0,0.0,0.0,0,0,0,0.0,0.0,0
0,0.0,0.0,11.0,0.0,0.0,76.0,86.0,91.0,89.0,67.0,68.0,0.0,0.0,0.0,0,0,0,0.0,0.0,0
0,0.0,0.0,3.0,0.0,0.0,70.0,89.0,86.0,85.0,61.0,64.0,0.0,0.0,0.0,0,0,0,0.0,0.0,0
0,0.0,0.0,12.0,0.0,0.0,70.0,87.0,84.0,90.0,77.0,49.0,0.0,0.0,0.0,0,0,0,0.0,0.0,0
0,0.0,0.0,8.0,0.0,0.0,70.0,87.0,84.0,90.0,77.0,49.0,0.0,0.0,0.0,0,0,0,0.0,0.0,0
0,0.0,0.0,10.0,0.0,0.0,68.0,87.0,91.0,90.0,49.0,65.0,0.0,0.0,0.0,0,0,0,0.0,0.0,0
0,0.0,0.0,9.0,0.0,0.0,65.0,89.0,85.0,82.0,65.0,68.0,0.0,0.0,0.0,0,0,0,0.0,0.0,0
0,0.0,0.0,0.0,0.0,0.0,61.0,90.0,82.0,84.0,68.0,49.0,0.0,0.0,0.0,0,0,0,0.0,0.0,0
0,0.0,0.0,0.0,0.0,0.0,60.0,86.0,94.0,92.0,39.0,60.0,0.0,0.0,0.0,0,0,0,0.0,0.0,0
0,0.0,0.0,0.0,0.0,0.0,53.0,90.0,88.0,87.0,53.0,36.0,0.0,0.0,0.0,0,0,0,0.0,0.0,0
0,0.0,0.0,0.0,0.0,0.0,89.0,94.0,91.0,93.0,65.0,86.0,0.0,0.0,0.0,0,0,0,0.0,0.0,0
0,0.0,0.0,61.0,1.0,3.0,83.0,94.0,96.0,96.0,74.0,64.0,0.0,0.0,0.0,0,0,0,0.0,0.0,0
0,0.0,0.0,2.0,0.0,0.0,79.0,90.0,86.0,87.0,68.0,82.0,0.0,0.0,0.0,0,0,0,0.0,0.0,0
0,0.0,0.0,59.0,1.0,5.0,79.0,90.0,86.0,87.0,68.0,82.0,0.0,0.0,0.0,0,0,0,0.0,0.0,0
0,0.0,0.0,42.0,0.0,1.0,79.0,90.0,86.0,87.0,68.0,82.0,0.0,0.0,0.0,0,0,0,0.0,0.0,0
0,0.0,0.0,0.0,0.0,0.0,65.0,83.0,85.0,85.0,57.0,65.0,0.0,0.0,0.0,0,0,0,0.0,0.0,0
0,0.0,0.0,0.0,0.0,0.0,63.0,96.0,91.0,86.0,52.0,53.0,0.0,0.0,0.0,0,0,0,0.0,0.0,0
0,0.0,0.0,0.0,0.0,0.0,63.0,86.0,85.0,87.0,65.0,55.0,0.0,0.0,0.0,0,0,0,0.0,0.0,0
0,0.0,0.0,12.0,0.0,1.0,63.0,85.0,91.0,86.0,62.0,55.0,0.0,0.0,0.0,0,0,0,0.0,0.0,0
0,0.0,0.0,0.0,0.0,0.0,61.0,86.0,88.0,90.0,44.0,52.0,0.0,0.0,0.0,0,0,0,0.0,0.0,0
0,0.0,0.0,0.0,0.0,0.0,44.0,97.0,98.0,87.0,50.0,28.0,0.0,0.0,0.0,0,0,0,0.0,0.0,0
0,0.0,0.0,41.0,0.0,1.0,88.0,92.0,93.0,95.0,48.0,89.0,0.0,0.0,0.0,0,0,0,0.0,0.0,0
0,0.0,0.0,35.0,0.0,0.0,76.0,95.0,97.0,94.0,46.0,76.0,0.0,0.0,0.0,0,0,0,0.0,0.0,0
0,0.0,0.0,42.0,0.0,0.0,73.0,83.0,87.0,87.0,45.0,85.0,0.0,0.0,0.0,0,0,0,0.0,0.0,0
0,0.0,0.0,69.0,0.0,5.0,73.0,96.0,92.0,91.0,76.0,55.0,0.0,0.0,0.0,0,0,0,0.0,0.0,0
0,0.0,0.0,45.0,0.0,0.0,69.0,85.0,88.0,84.0,65.0,64.0,0.0,0.0,0.0,0,0,0,0.0,0.0,0
0,0.0,0.0,0.0,0.0,0.0,64.0,86.0,88.0,84.0,55.0,62.0,0.0,0.0,0.0,0,0,0,0.0,0.0,0
0,0.0,0.0,0.0,0.0,0.0,61.0,94.0,86.0,82.0,60.0,44.0,0.0,0.0,0.0,0,0,0,0.0,0.0,0
0,0.0,0.0,0.0,0.0,0.0,56.0,87.0,91.0,83.0,57.0,46.0,0.0,0.0,0.0,0,0,0,0.0,0.0,0
0,0.0,0.0,78.0,3.0,6.0,93.0,95.0,94.0,96.0,78.0,81.0,0.0,0.0,0.0,0,0,0,0.0,0.0,0
0,0.0,0.0,45.0,0.0,0.0,78.0,93.0,91.0,92.0,53.0,79.0,0.0,0.0,0.0,0,0,0,0.0,0.0,0
0,0.0,0.0,26.0,0.0,0.0,68.0,87.0,86.0,85.0,59.0,75.0,0.0,0.0,0.0,0,0,0,0.0,0.0,0
0,0.0,0.0,8.0,0.0,0.0,67.0,88.0,96.0,91.0,41.0,56.0,0.0,0.0,0.0,0,0,0,0.0,0.0,0
0,0.0,0.0,0.0,0.0,0.0,63.0,94.0,96.0,94.0,49.0,55.0,0.0,0.0,0.0,0,0,0,0.0,0.0,0
0,0.0,0.0,0.0,0.0,0.0,63.0,90.0,94.0,91.0,48.0,52.0,0.0,0.0,0.0,0,0,0,0.0,0.0,0
0,0.0,0.0,0.0,0.0,0.0,60.0,85.0,85.0,84.0,55.0,54.0,0.0,0.0,0.0,0,0,0,0.0,0.0,0
0,0.0,0.0,0.0,0.0,0.0,60.0,85.0,85.0,84.0,55.0,54.0,0.0,0.0,0.0,0,0,0,0.0,0.0,0
0,0.0,0.0,0.0,0.0,0.0,56.0,90.0,88.0,85.0,46.0,49.0,0.0,0.0,0.0,0,0,0,0.0,0.0,0
0,0.0,0.0,66.0,0.0,2.0,93.0,94.0,95.0,94.0,55.0,91.0,0.0,0.0,0.0,0,0,0,0.0,0.0,0
0,0.0,0.0,76.0,0.0,4.0,82.0,85.0,83.0,85.0,64.0,91.0,0.0,0.0,0.0,0,0,0,0.0,0.0,0
0,0.0,0.0,73.0,0.0,1.0,79.0,88.0,90.0,88.0,62.0,80.0,0.0,0.0,0.0,0,0,0,0.0,0.0,0
0,0.0,0.0,0.0,0.0,0.0,76.0,86.0,89.0,86.0,68.0,75.0,0.0,0.0,0.0,0,0,0,0.0,0.0,0
0,0.0,0.0,0.0,0.0,0.0,76.0,86.0,89.0,86.0,68.0,75.0,0.0,0.0,0.0,0,0,0,0.0,0.0,0
0,0.0,0.0,0.0,0.0,0.0,76.0,86.0,89.0,86.0,68.0,75.0,0.0,0.0,0.0,0,0,0,0.0,0.0,0
0,0.0,0.0,5.0,0.0,0.0,76.0,86.0,89.0,86.0,68.0,75.0,0.0,0.0,0.0,0,0,0,0.0,0.0,0
0,0.0,0.0,42.0,0.0,0.0,76.0,86.0,89.0,86.0,68.0,75.0,0.0,0.0,0.0,0,0,0,0.0,0.0,0
0,0.0,0.0,56.0,0.0,0.0,76.0,86.0,89.0,86.0,68.0,75.0,0.0,0.0,0.0,0,0,0,0.0,0.0,0
0,0.0,0.0,46.0,0.0,0.0,76.0,86.0,89.0,86.0,68.0,75.0,0.0,0.0,0.0,0,0,0,0.0,0.0,0
0,0.0,0.0,64.0,0.0,1.0,70.0,89.0,93.0,93.0,41.0,48.0,0.0,0.0,0.0,0,0,0,0.0,0.0,0
0,0.0,0.0,1.0,0.0,0.0,64.0,86.0,87.0,85.0,68.0,55.0,0.0,0.0,0.0,0,0,0,0.0,0.0,0
0,0.0,0.0,0.0,0.0,0.0,57.0,83.0,86.0,84.0,66.0,48.0,0.0,0.0,0.0,0,0,0,0.0,0.0,0
0,0.0,0.0,0.0,0.0,0.0,55.0,86.0,85.0,88.0,58.0,40.0,0.0,0.0,0.0,0,0,0,0.0,0.0,0
0,0.0,0.0,0.0,0.0,0.0,97.0,94.0,94.0,93.0,80.0,92.0,0.0,0.0,0.0,0,0,0,0.0,0.0,0
0,0.0,0.0,94.0,2.0,7.0,97.0,94.0,94.0,93.0,80.0,92.0,0.0,0.0,0.0,0,0,0,0.0,0.0,0
0,0.0,0.0,37.0,0.0,0.0,78.0,83.0,84.0,83.0,65.0,84.0,0.0,0.0,0.0,0,0,0,0.0,0.0,0
0,0.0,0.0,30.0,1.0,1.0,74.0,93.0,88.0,92.0,64.0,71.0,0.0,0.0,0.0,0,0,0,0.0,0.0,0
0,0.0,0.0,7.0,0.0,0.0,61.0,84.0,87.0,86.0,55.0,65.0,0.0,0.0,0.0,0,0,0,0.0,0.0,0
0,0.0,0.0,1.0,0.0,0.0,61.0,90.0,85.0,86.0,64.0,39.0,0.0,0.0,0.0,0,0,0,0.0,0.0,0
0,0.0,0.0,0.0,0.0,0.0,58.0,82.0,87.0,85.0,53.0,54.0,0.0,0.0,0.0,0,0,0,0.0,0.0,0
0,0.0,0.0,0.0,0.0,0.0,58.0,82.0,87.0,85.0,53.0,54.0,0.0,0.0,0.0,0,0,0,0.0,0.0,0
0,0.0,0.0,0.0,0.0,0.0,58.0,82.0,87.0,85.0,53.0,54.0,0.0,0.0,0.0,0,0,0,0.0,0.0,0
0,0.0,0.0,0.0,0.0,0.0,52.0,87.0,92.0,88.0,38.0,36.0,0.0,0.0,0.0,0,0,0,0.0,0.0,0
0,0.0,0.0,4.0,0.0,0.0,50.0,97.0,96.0,87.0,32.0,31.0,0.0,0.0,0.0,0,0,0,0.0,0.0,0
0,0.0,0.0,116.0,1.0,6.0,95.0,87.0,93.0,93.0,57.0,98.0,0.0,0.0,0.0,0,0,0,0.0,0.0,0
0,0.0,0.0,54.0,0.0,0.0,82.0,95.0,95.0,92.0,65.0,80.0,0.0,0.0,0.0,0,0,0,0.0,0.0,0
0,0.0,0.0,18.0,0.0,0.0,79.0,87.0,89.0,93.0,63.0,77.0,0.0,0.0,0.0,0,0,0,0.0,0.0,0
0,0.0,0.0,16.0,0.0,0.0,70.0,88.0,92.0,86.0,53.0,75.0,0.0,0.0,0.0,0,0,0,0.0,0.0,0
0,0.0,0.0,0.0,0.0,0.0,67.0,84.0,86.0,83.0,58.0,74.0,0.0,0.0,0.0,0,0,0,0.0,0.0,0
0,0.0,0.0,0.0,0.0,0.0,60.0,91.0,88.0,85.0,54.0,48.0,0.0,0.0,0.0,0,0,0,0.0,0.0,0
0,0.0,0.0,0.0,0.0,0.0,58.0,86.0,87.0,83.0,55.0,55.0,0.0,0.0,0.0,0,0,0,0.0,0.0,0
0,0.0,0.0,0.0,0.0,0.0,56.0,83.0,86.0,82.0,63.0,49.0,0.0,0.0,0.0,0,0,0,0.0,0.0,0
0,0.0,0.0,16.0,0.0,0.0,80.0,90.0,86.0,91.0,65.0,76.0,0.0,0.0,0.0,0,0,0,0.0,0.0,0
0,0.0,0.0,49.0,0.0,1.0,79.0,93.0,95.0,92.0,49.0,75.0,0.0,0.0,0.0,0,0,0,0.0,0.0,0
0,0.0,0.0,21.0,0.0,0.0,79.0,93.0,95.0,92.0,49.0,75.0,0.0,0.0,0.0,0,0,0,0.0,0.0,0
0,0.0,0.0,2.0,0.0,0.0,79.0,93.0,95.0,92.0,49.0,75.0,0.0,0.0,0.0,0,0,0,0.0,0.0,0
0,0.0,0.0,9.0,0.0,0.0,71.0,87.0,89.0,87.0,58.0,71.0,0.0,0.0,0.0,0,0,0,0.0,0.0,0
0,0.0,0.0,0.0,0.0,0.0,63.0,81.0,82.0,79.0,65.0,65.0,0.0,0.0,0.0,0,0,0,0.0,0.0,0
0,0.0,0.0,9.0,0.0,0.0,62.0,95.0,92.0,87.0,34.0,60.0,0.0,0.0,0.0,0,0,0,0.0,0.0,0
0,0.0,0.0,0.0,0.0,0.0,61.0,84.0,86.0,87.0,58.0,44.0,0.0,0.0,0.0,0,0,0,0.0,0.0,0
0,0.0,0.0,4.0,0.0,0.0,61.0,84.0,85.0,88.0,38.0,51.0,0.0,0.0,0.0,0,0,0,0.0,0.0,0
0,0.0,0.0,19.0,0.0,0.0,60.0,92.0,94.0,86.0,43.0,40.0,0.0,0.0,0.0,0,0,0,0.0,0.0,0
0,0.0,0.0,0.0,0.0,0.0,59.0,90.0,94.0,88.0,49.0,53.0,0.0,0.0,0.0,0,0,0,0.0,0.0,0
0,0.0,0.0,50.0,0.0,1.0,91.0,88.0,88.0,90.0,79.0,87.0,0.0,0.0,0.0,0,0,0,0.0,0.0,0
0,0.0,0.0,58.0,0.0,1.0,74.0,86.0,83.0,82.0,62.0,84.0,0.0,0.0,0.0,0,0,0,0.0,0.0,0
0,0.0,0.0,21.0,0.0,1.0,74.0,93.0,96.0,95.0,47.0,65.0,0.0,0.0,0.0,0,0,0,0.0,0.0,0
0,0.0,0.0,4.0,0.0,0.0,71.0,91.0,85.0,88.0,76.0,52.0,0.0,0.0,0.0,0,0,0,0.0,0.0,0
0,0.0,0.0,0.0,0.0,0.0,67.0,83.0,86.0,85.0,51.0,72.0,0.0,0.0,0.0,0,0,0,0.0,0.0,0
0,0.0,0.0,0.0,0.0,0.0,61.0,89.0,82.0,83.0,61.0,48.0,0.0,0.0,0.0,0,0,0,0.0,0.0,0
0,0.0,0.0,0.0,0.0,0.0,59.0,87.0,85.0,87.0,60.0,47.0,0.0,0.0,0.0,0,0,0,0.0,0.0,0
0,0.0,0.0,0.0,0.0,0.0,58.0,88.0,87.0,91.0,46.0,44.0,0.0,0.0,0.0,0,0,0,0.0,0.0,0
0,0.0,0.0,0.0,0.0,0.0,58.0,88.0,87.0,91.0,46.0,44.0,0.0,0.0,0.0,0,0,0,0.0,0.0,0
0,0.0,0.0,0.0,0.0,0.0,57.0,92.0,95.0,93.0,32.0,54.0,0.0,0.0,0.0,0,0,0,0.0,0.0,0
0,0.0,0.0,83.0,1.0,6.0,92.0,88.0,87.0,90.0,80.0,87.0,0.0,0.0,0.0,0,0,0,0.0,0.0,0
0,0.0,0.0,30.0,0.0,0.0,92.0,88.0,87.0,90.0,80.0,87.0,0.0,0.0,0.0,0,0,0,0.0,0.0,0
0,0.0,0.0,0.0,0.0,0.0,78.0,85.0,96.0,95.0,43.0,84.0,0.0,0.0,0.0,0,0,0,0.0,0.0,0
0,0.0,0.0,32.0,0.0,0.0,74.0,87.0,92.0,88.0,52.0,72.0,0.0,0.0,0.0,0,0,0,0.0,0.0,0
0,0.0,0.0,0.0,0.0,0.0,64.0,86.0,86.0,85.0,72.0,50.0,0.0,0.0,0.0,0,0,0,0.0,0.0,0
0,0.0,0.0,0.0,0.0,0.0,61.0,84.0,87.0,87.0,64.0,46.0,0.0,0.0,0.0,0,0,0,0.0,0.0,0
0,0.0,0.0,0.0,0.0,0.0,59.0,94.0,95.0,88.0,42.0,42.0,0.0,0.0,0.0,0,0,0,0.0,0.0,0
0,0.0,0.0,0.0,0.0,0.0,58.0,89.0,91.0,86.0,55.0,44.0,0.0,0.0,0.0,0,0,0,0.0,0.0,0
0,0.0,0.0,0.0,0.0,0.0,52.0,91.0,85.0,82.0,57.0,31.0,0.0,0.0,0.0,0,0,0,0.0,0.0,0
0,0.0,0.0,0.0,0.0,0.0,48.0,93.0,86.0,81.0,58.0,28.0,0.0,0.0,0.0,0,0,0,0.0,0.0,0
0,0.0,0.0,33.0,0.0,1.0,85.0,89.0,87.0,90.0,66.0,80.0,87.0,0.0,0.0,0,0,0,0.0,65.0,0
0,0.0,0.0,43.0,0.0,1.0,85.0,96.0,98.0,99.0,67.0,75.0,84.0,0.0,0.0,0,0,0,0.0,70.0,0
0,0.0,0.0,32.0,0.0,0.0,74.0,96.0,88.0,89.0,44.0,80.0,77.0,0.0,0.0,0,0,0,0.0,79.0,0
0,0.0,0.0,0.0,0.0,0.0,70.0,82.0,84.0,85.0,54.0,71.0,83.0,0.0,0.0,0,0,0,0.0,88.0,0
0,0.0,0.0,0.0,0.0,0.0,63.0,85.0,85.0,87.0,43.0,58.0,76.0,0.0,0.0,0,0,0,0.0,95.0,0
0,0.0,0.0,5.0,0.0,0.0,63.0,87.0,83.0,87.0,39.0,74.0,79.0,0.0,0.0,0,0,0,0.0,88.0,0
0,0.0,0.0,0.0,0.0,0.0,63.0,87.0,83.0,87.0,39.0,74.0,79.0,0.0,0.0,0,0,0,0.0,88.0,0
0,0.0,0.0,0.0,0.0,0.0,63.0,82.0,84.0,84.0,64.0,65.0,74.0,0.0,0.0,0,0,0,0.0,91.0,0
0,0.0,0.0,0.0,0.0,0.0,60.0,82.0,87.0,84.0,56.0,52.0,74.0,0.0,0.0,0,0,0,0.0,90.0,0
0,0.0,0.0,0.0,0.0,0.0,58.0,90.0,94.0,84.0,49.0,55.0,73.0,0.0,0.0,0,0,0,0.0,93.0,0
0,0.0,0.0,0.0,0.0,0.0,55.0,85.0,83.0,82.0,68.0,35.0,67.0,0.0,0.0,0,0,0,0.0,92.0,0
0,0.0,0.0,0.0,0.0,0.0,90.0,85.0,96.0,93.0,55.0,96.0,0.0,0.0,0.0,0,0,0,0.0,0.0,0
0,0.0,0.0,52.0,0.0,0.0,77.0,88.0,92.0,92.0,40.0,84.0,0.0,0.0,0.0,0,0,0,0.0,0.0,0
0,0.0,0.0,16.0,0.0,0.0,76.0,94.0,95.0,91.0,73.0,59.0,0.0,0.0,0.0,0,0,0,0.0,0.0,0
0,0.0,0.0,61.0,0.0,0.0,73.0,86.0,87.0,86.0,60.0,70.0,0.0,0.0,0.0,0,0,0,0.0,0.0,0
0,0.0,0.0,0.0,2.0,10.0,63.0,88.0,92.0,87.0,42.0,51.0,0.0,0.0,0.0,0,0,0,0.0,0.0,0
0,0.0,0.0,1.0,0.0,0.0,62.0,95.0,93.0,84.0,54.0,45.0,0.0,0.0,0.0,0,0,0,0.0,0.0,0
0,0.0,0.0,0.0,0.0,0.0,52.0,87.0,91.0,92.0,46.0,42.0,0.0,0.0,0.0,0,0,0,0.0,0.0,0
0,0.0,0.0,72.0,0.0,0.0,88.0,83.0,85.0,84.0,77.0,90.0,0.0,0.0,0.0,0,0,0,0.0,0.0,0
0,0.0,0.0,0.0,0.0,0.0,78.0,88.0,94.0,91.0,45.0,79.0,0.0,0.0,0.0,0,0,0,0.0,0.0,0
0,0.0,0.0,26.0,0.0,0.0,77.0,94.0,89.0,88.0,68.0,69.0,0.0,0.0,0.0,0,0,0,0.0,0.0,0
0,0.0,0.0,36.0,0.0,0.0,76.0,98.0,96.0,88.0,48.0,77.0,0.0,0.0,0.0,0,0,0,0.0,0.0,0
0,0.0,0.0,4.0,0.0,0.0,62.0,90.0,92.0,87.0,42.0,62.0,0.0,0.0,0.0,0,0,0,0.0,0.0,0
0,0.0,0.0,1.0,0.0,0.0,61.0,82.0,89.0,88.0,55.0,58.0,0.0,0.0,0.0,0,0,0,0.0,0.0,0
0,0.0,0.0,0.0,0.0,0.0,55.0,84.0,87.0,86.0,44.0,47.0,0.0,0.0,0.0,0,0,0,0.0,0.0,0
0,0.0,0.0,40.0,0.0,0.0,89.0,90.0,93.0,90.0,78.0,76.0,0.0,0.0,0.0,0,0,0,0.0,0.0,0
0,0.0,0.0,30.0,0.0,0.0,84.0,87.0,88.0,88.0,57.0,85.0,0.0,0.0,0.0,0,0,0,0.0,0.0,0
0,0.0,0.0,0.0,0.0,0.0,84.0,87.0,88.0,88.0,57.0,85.0,0.0,0.0,0.0,0,0,0,0.0,0.0,0
0,0.0,0.0,0.0,0.0,0.0,84.0,87.0,88.0,88.0,57.0,85.0,0.0,0.0,0.0,0,0,0,0.0,0.0,0
0,0.0,0.0,21.0,0.0,0.0,84.0,87.0,88.0,88.0,57.0,85.0,0.0,0.0,0.0,0,0,0,0.0,0.0,0
0,0.0,0.0,0.0,0.0,0.0,84.0,87.0,88.0,88.0,57.0,85.0,0.0,0.0,0.0,0,0,0,0.0,0.0,0
0,0.0,0.0,23.0,0.0,1.0,84.0,87.0,88.0,88.0,57.0,85.0,0.0,0.0,0.0,0,0,0,0.0,0.0,0
0,0.0,0.0,22.0,0.0,0.0,80.0,92.0,96.0,95.0,47.0,79.0,0.0,0.0,0.0,0,0,0,0.0,0.0,0
0,0.0,0.0,4.0,0.0,0.0,68.0,91.0,92.0,88.0,69.0,58.0,0.0,0.0,0.0,0,0,0,0.0,0.0,0
0,0.0,0.0,2.0,0.0,0.0,64.0,90.0,95.0,96.0,38.0,47.0,0.0,0.0,0.0,0,0,0,0.0,0.0,0
0,0.0,0.0,12.0,0.0,0.0,64.0,79.0,87.0,79.0,62.0,65.0,0.0,0.0,0.0,0,0,0,0.0,0.0,0
0,0.0,0.0,5.0,0.0,0.0,62.0,82.0,84.0,87.0,60.0,45.0,0.0,0.0,0.0,0,0,0,0.0,0.0,0
0,0.0,0.0,0.0,0.0,0.0,61.0,90.0,94.0,90.0,46.0,42.0,0.0,0.0,0.0,0,0,0,0.0,0.0,0
0,0.0,0.0,0.0,0.0,0.0,61.0,89.0,92.0,94.0,48.0,50.0,0.0,0.0,0.0,0,0,0,0.0,0.0,0
0,0.0,0.0,0.0,0.0,0.0,56.0,89.0,85.0,83.0,60.0,46.0,0.0,0.0,0.0,0,0,0,0.0,0.0,0
0,0.0,0.0,47.0,0.0,0.0,87.0,95.0,94.0,95.0,56.0,87.0,0.0,0.0,0.0,0,0,0,0.0,0.0,0
0,0.0,0.0,41.0,0.0,1.0,85.0,92.0,88.0,93.0,67.0,79.0,0.0,0.0,0.0,0,0,0,0.0,0.0,0
0,0.0,0.0,51.0,0.0,0.0,79.0,83.0,85.0,85.0,65.0,85.0,0.0,0.0,0.0,0,0,0,0.0,0.0,0
0,0.0,0.0,17.0,0.0,0.0,76.0,92.0,91.0,94.0,62.0,79.0,0.0,0.0,0.0,0,0,0,0.0,0.0,0
0,0.0,0.0,1.0,0.0,0.0,63.0,81.0,86.0,81.0,65.0,35.0,0.0,0.0,0.0,0,0,0,0.0,0.0,0
0,0.0,0.0,0.0,0.0,0.0,63.0,88.0,84.0,85.0,59.0,62.0,0.0,0.0,0.0,0,0,0,0.0,0.0,0
0,0.0,0.0,23.0,0.0,0.0,61.0,84.0,95.0,92.0,40.0,47.0,0.0,0.0,0.0,0,0,0,0.0,0.0,0
0,0.0,0.0,19.0,0.0,0.0,75.0,93.0,91.0,91.0,59.0,68.0,0.0,0.0,0.0,0,0,0,0.0,0.0,0
0,0.0,0.0,12.0,0.0,0.0,74.0,98.0,97.0,96.0,44.0,67.0,0.0,0.0,0.0,0,0,0,0.0,0.0,0
0,0.0,0.0,7.0,0.0,0.0,72.0,92.0,94.0,89.0,55.0,66.0,0.0,0.0,0.0,0,0,0,0.0,0.0,0
0,0.0,0.0,23.0,0.0,0.0,72.0,97.0,96.0,88.0,63.0,62.0,0.0,0.0,0.0,0,0,0,0.0,0.0,0
0,0.0,0.0,0.0,0.0,0.0,68.0,94.0,96.0,91.0,47.0,65.0,0.0,0.0,0.0,0,0,0,0.0,0.0,0
0,0.0,0.0,15.0,0.0,0.0,60.0,93.0,88.0,82.0,44.0,42.0,0.0,0.0,0.0,0,0,0,0.0,0.0,0
0,0.0,0.0,1.0,0.0,0.0,59.0,87.0,79.0,78.0,73.0,35.0,0.0,0.0,0.0,0,0,0,0.0,0.0,0
0,0.0,0.0,0.0,0.0,0.0,55.0,87.0,86.0,88.0,53.0,50.0,0.0,0.0,0.0,0,0,0,0.0,0.0,0
0,0.0,0.0,1.0,0.0,0.0,48.0,94.0,91.0,90.0,43.0,46.0,0.0,0.0,0.0,0,0,0,0.0,0.0,0
0,0.0,0.0,0.0,0.0,0.0,48.0,94.0,91.0,90.0,43.0,46.0,0.0,0.0,0.0,0,0,0,0.0,0.0,0
0,0.0,0.0,75.0,0.0,3.0,91.0,99.0,98.0,99.0,45.0,85.0,0.0,0.0,0.0,0,0,0,0.0,0.0,0
0,0.0,0.0,50.0,0.0,0.0,86.0,95.0,93.0,95.0,59.0,78.0,0.0,0.0,0.0,0,0,0,0.0,0.0,0
0,0.0,0.0,29.0,0.0,0.0,77.0,82.0,83.0,84.0,69.0,79.0,0.0,0.0,0.0,0,0,0,0.0,0.0,0
0,0.0,0.0,17.0,0.0,0.0,64.0,86.0,77.0,83.0,57.0,52.0,0.0,0.0,0.0,0,0,0,0.0,0.0,0
0,0.0,0.0,0.0,0.0,0.0,61.0,84.0,88.0,90.0,54.0,40.0,0.0,0.0,0.0,0,0,0,0.0,0.0,0
0,0.0,0.0,0.0,0.0,0.0,61.0,86.0,91.0,92.0,55.0,50.0,0.0,0.0,0.0,0,0,0,0.0,0.0,0
0,0.0,0.0,4.0,0.0,0.0,61.0,92.0,94.0,94.0,37.0,58.0,0.0,0.0,0.0,0,0,0,0.0,0.0,0
0,0.0,0.0,0.0,0.0,0.0,54.0,85.0,86.0,85.0,63.0,43.0,0.0,0.0,0.0,0,0,0,0.0,0.0,0
0,0.0,0.0,57.0,0.0,1.0,87.0,98.0,98.0,95.0,55.0,81.0,0.0,0.0,0.0,0,0,0,0.0,0.0,0
0,0.0,0.0,88.0,0.0,4.0,86.0,85.0,83.0,84.0,70.0,95.0,0.0,0.0,0.0,0,0,0,0.0,0.0,0
0,0.0,0.0,0.0,0.0,0.0,76.0,87.0,90.0,94.0,49.0,79.0,0.0,0.0,0.0,0,0,0,0.0,0.0,0
0,0.0,0.0,63.0,0.0,2.0,70.0,94.0,95.0,91.0,40.0,67.0,0.0,0.0,0.0,0,0,0,0.0,0.0,0
0,0.0,0.0,18.0,0.0,0.0,69.0,80.0,83.0,85.0,64.0,74.0,0.0,0.0,0.0,0,0,0,0.0,0.0,0
0,0.0,0.0,0.0,0.0,0.0,69.0,92.0,94.0,92.0,42.0,64.0,0.0,0.0,0.0,0,0,0,0.0,0.0,0
0,0.0,0.0,92.0,4.0,7.0,69.0,92.0,94.0,92.0,42.0,64.0,0.0,0.0,0.0,0,0,0,0.0,0.0,0
0,0.0,0.0,1.0,0.0,0.0,63.0,89.0,86.0,81.0,66.0,58.0,0.0,0.0,0.0,0,0,0,0.0,0.0,0
0,0.0,0.0,77.0,0.0,3.0,87.0,91.0,84.0,86.0,78.0,84.0,0.0,0.0,0.0,0,0,0,0.0,0.0,0
0,0.0,0.0,2.0,0.0,0.0,80.0,89.0,82.0,85.0,70.0,79.0,0.0,0.0,0.0,0,0,0,0.0,0.0,0
0,0.0,0.0,33.0,0.0,0.0,74.0,87.0,86.0,87.0,55.0,81.0,0.0,0.0,0.0,0,0,0,0.0,0.0,0
0,0.0,0.0,13.0,0.0,0.0,73.0,84.0,86.0,84.0,74.0,70.0,0.0,0.0,0.0,0,0,0,0.0,0.0,0
0,0.0,0.0,2.0,0.0,0.0,71.0,86.0,88.0,88.0,54.0,67.0,0.0,0.0,0.0,0,0,0,0.0,0.0,0
0,0.0,0.0,52.0,0.0,0.0,68.0,81.0,87.0,89.0,43.0,54.0,0.0,0.0,0.0,0,0,0,0.0,0.0,0
0,0.0,0.0,9.0,0.0,0.0,68.0,81.0,87.0,89.0,43.0,54.0,0.0,0.0,0.0,0,0,0,0.0,0.0,0
0,0.0,0.0,0.0,0.0,0.0,66.0,88.0,82.0,82.0,70.0,58.0,0.0,0.0,0.0,0,0,0,0.0,0.0,0
0,0.0,0.0,0.0,0.0,0.0,56.0,85.0,87.0,87.0,66.0,42.0,0.0,0.0,0.0,0,0,0,0.0,0.0,0
0,0.0,0.0,0.0,0.0,0.0,53.0,83.0,88.0,85.0,50.0,49.0,0.0,0.0,0.0,0,0,0,0.0,0.0,0
0,0.0,0.0,53.0,0.0,0.0,81.0,88.0,90.0,91.0,74.0,64.0,0.0,0.0,0.0,0,0,0,0.0,0.0,0
0,0.0,0.0,21.0,0.0,0.0,78.0,87.0,91.0,91.0,68.0,73.0,0.0,0.0,0.0,0,0,0,0.0,0.0,0
0,0.0,0.0,0.0,0.0,0.0,72.0,97.0,95.0,92.0,46.0,73.0,0.0,0.0,0.0,0,0,0,0.0,0.0,0
0,0.0,0.0,0.0,0.0,0.0,60.0,93.0,96.0,93.0,44.0,49.0,0.0,0.0,0.0,0,0,0,0.0,0.0,0
0,0.0,0.0,0.0,0.0,0.0,60.0,88.0,89.0,90.0,44.0,54.0,0.0,0.0,0.0,0,0,0,0.0,0.0,0
0,0.0,0.0,0.0,0.0,0.0,59.0,89.0,94.0,89.0,46.0,43.0,0.0,0.0,0.0,0,0,0,0.0,0.0,0
0,0.0,0.0,0.0,0.0,0.0,53.0,84.0,87.0,85.0,43.0,46.0,0.0,0.0,0.0,0,0,0,0.0,0.0,0
0,0.0,0.0,79.0,0.0,6.0,52.0,92.0,94.0,88.0,33.0,35.0,0.0,0.0,0.0,0,0,0,0.0,0.0,0
0,0.0,0.0,6.0,0.0,0.0,52.0,92.0,94.0,88.0,33.0,35.0,0.0,0.0,0.0,0,0,0,0.0,0.0,0
0,0.0,0.0,0.0,0.0,0.0,52.0,92.0,94.0,88.0,33.0,35.0,0.0,0.0,0.0,0,0,0,0.0,0.0,0
0,0.0,0.0,0.0,0.0,0.0,83.0,84.0,88.0,86.0,79.0,79.0,0.0,0.0,0.0,0,0,0,0.0,0.0,0
0,0.0,0.0,38.0,0.0,0.0,83.0,84.0,88.0,86.0,79.0,79.0,0.0,0.0,0.0,0,0,0,0.0,0.0,0
0,0.0,0.0,0.0,0.0,0.0,83.0,84.0,88.0,86.0,79.0,79.0,0.0,0.0,0.0,0,0,0,0.0,0.0,0
0,0.0,0.0,0.0,0.0,0.0,83.0,84.0,88.0,86.0,79.0,79.0,0.0,0.0,0.0,0,0,0,0.0,0.0,0
0,0.0,0.0,3.0,0.0,0.0,83.0,84.0,88.0,86.0,79.0,79.0,0.0,0.0,0.0,0,0,0,0.0,0.0,0
0,0.0,0.0,0.0,0.0,0.0,83.0,84.0,88.0,86.0,79.0,79.0,0.0,0.0,0.0,0,0,0,0.0,0.0,0
0,0.0,0.0,0.0,0.0,0.0,83.0,84.0,88.0,86.0,79.0,79.0,0.0,0.0,0.0,0,0,0,0.0,0.0,0
0,0.0,0.0,2.0,0.0,0.0,83.0,84.0,88.0,86.0,79.0,79.0,0.0,0.0,0.0,0,0,0,0.0,0.0,0
0,0.0,0.0,24.0,0.0,0.0,83.0,84.0,88.0,86.0,79.0,79.0,0.0,0.0,0.0,0,0,0,0.0,0.0,0
0,0.0,0.0,12.0,0.0,0.0,83.0,84.0,88.0,86.0,79.0,79.0,0.0,0.0,0.0,0,0,0,0.0,0.0,0
0,0.0,0.0,25.0,0.0,0.0,83.0,84.0,88.0,86.0,79.0,79.0,0.0,0.0,0.0,0,0,0,0.0,0.0,0
0,0.0,0.0,38.0,0.0,0.0,83.0,84.0,88.0,86.0,79.0,79.0,0.0,0.0,0.0,0,0,0,0.0,0.0,0
0,0.0,0.0,44.0,0.0,0.0,72.0,84.0,87.0,83.0,54.0,82.0,0.0,0.0,0.0,0,0,0,0.0,0.0,0
0,0.0,0.0,0.0,0.0,0.0,71.0,93.0,89.0,92.0,58.0,54.0,0.0,0.0,0.0,0,0,0,0.0,0.0,0
0,0.0,0.0,58.0,0.0,1.0,71.0,93.0,89.0,92.0,58.0,54.0,0.0,0.0,0.0,0,0,0,0.0,0.0,0
0,0.0,0.0,10.0,0.0,0.0,71.0,86.0,88.0,87.0,60.0,69.0,0.0,0.0,0.0,0,0,0,0.0,0.0,0
0,0.0,0.0,4.0,0.0,0.0,70.0,95.0,93.0,87.0,37.0,72.0,0.0,0.0,0.0,0,0,0,0.0,0.0,0
0,0.0,0.0,0.0,0.0,0.0,69.0,79.0,84.0,81.0,66.0,71.0,0.0,0.0,0.0,0,0,0,0.0,0.0,0
0,0.0,0.0,5.0,0.0,0.0,64.0,87.0,80.0,78.0,72.0,56.0,0.0,0.0,0.0,0,0,0,0.0,0.0,0
0,0.0,0.0,0.0,0.0,0.0,63.0,88.0,86.0,86.0,62.0,60.0,0.0,0.0,0.0,0,0,0,0.0,0.0,0
0,0.0,0.0,0.0,0.0,0.0,53.0,90.0,86.0,92.0,56.0,40.0,0.0,0.0,0.0,0,0,0,0.0,0.0,0
0,0.0,0.0,78.0,0.0,5.0,78.0,86.0,92.0,92.0,46.0,82.0,0.0,0.0,0.0,0,0,0,0.0,0.0,0
0,0.0,0.0,28.0,0.0,0.0,78.0,86.0,92.0,92.0,46.0,82.0,0.0,0.0,0.0,0,0,0,0.0,0.0,0
0,0.0,0.0,21.0,0.0,0.0,76.0,96.0,95.0,94.0,44.0,76.0,0.0,0.0,0.0,0,0,0,0.0,0.0,0
0,0.0,0.0,0.0,0.0,0.0,75.0,85.0,94.0,93.0,47.0,80.0,0.0,0.0,0.0,0,0,0,0.0,0.0,0
0,0.0,0.0,17.0,0.0,0.0,74.0,87.0,88.0,91.0,63.0,68.0,0.0,0.0,0.0,0,0,0,0.0,0.0,0
0,0.0,0.0,16.0,0.0,0.0,71.0,92.0,94.0,90.0,46.0,67.0,0.0,0.0,0.0,0,0,0,0.0,0.0,0
0,0.0,0.0,0.0,0.0,0.0,69.0,87.0,83.0,90.0,68.0,57.0,0.0,0.0,0.0,0,0,0,0.0,0.0,0
0,0.0,0.0,4.0,0.0,0.0,66.0,85.0,85.0,82.0,67.0,55.0,0.0,0.0,0.0,0,0,0,0.0,0.0,0
0,0.0,0.0,8.0,0.0,0.0,65.0,83.0,86.0,88.0,67.0,49.0,0.0,0.0,0.0,0,0,0,0.0,0.0,0
0,0.0,0.0,0.0,0.0,0.0,64.0,88.0,94.0,94.0,44.0,56.0,0.0,0.0,0.0,0,0,0,0.0,0.0,0
0,0.0,0.0,0.0,0.0,0.0,50.0,86.0,87.0,85.0,66.0,37.0,0.0,0.0,0.0,0,0,0,0.0,0.0,0
0,0.0,0.0,0.0,0.0,0.0,84.0,88.0,92.0,92.0,69.0,77.0,0.0,0.0,0.0,0,0,0,0.0,0.0,0
0,0.0,0.0,38.0,0.0,0.0,84.0,88.0,92.0,92.0,69.0,77.0,0.0,0.0,0.0,0,0,0,0.0,0.0,0
0,0.0,0.0,0.0,0.0,0.0,84.0,88.0,92.0,92.0,69.0,77.0,0.0,0.0,0.0,0,0,0,0.0,0.0,0
0,0.0,0.0,0.0,0.0,0.0,84.0,88.0,92.0,92.0,69.0,77.0,0.0,0.0,0.0,0,0,0,0.0,0.0,0
0,0.0,0.0,3.0,0.0,0.0,84.0,88.0,92.0,92.0,69.0,77.0,0.0,0.0,0.0,0,0,0,0.0,0.0,0
0,0.0,0.0,0.0,0.0,0.0,84.0,88.0,92.0,92.0,69.0,77.0,0.0,0.0,0.0,0,0,0,0.0,0.0,0
0,0.0,0.0,0.0,0.0,0.0,84.0,88.0,92.0,92.0,69.0,77.0,0.0,0.0,0.0,0,0,0,0.0,0.0,0
0,0.0,0.0,2.0,0.0,0.0,84.0,88.0,92.0,92.0,69.0,77.0,0.0,0.0,0.0,0,0,0,0.0,0.0,0
0,0.0,0.0,24.0,0.0,0.0,84.0,88.0,92.0,92.0,69.0,77.0,0.0,0.0,0.0,0,0,0,0.0,0.0,0
0,0.0,0.0,12.0,0.0,0.0,84.0,88.0,92.0,92.0,69.0,77.0,0.0,0.0,0.0,0,0,0,0.0,0.0,0
0,0.0,0.0,25.0,0.0,0.0,84.0,88.0,92.0,92.0,69.0,77.0,0.0,0.0,0.0,0,0,0,0.0,0.0,0
0,0.0,0.0,38.0,0.0,0.0,84.0,88.0,92.0,92.0,69.0,77.0,0.0,0.0,0.0,0,0,0,0.0,0.0,0
0,0.0,0.0,8.0,0.0,0.0,76.0,89.0,82.0,86.0,76.0,66.0,0.0,0.0,0.0,0,0,0,0.0,0.0,0
0,0.0,0.0,5.0,0.0,0.0,69.0,86.0,93.0,91.0,45.0,70.0,0.0,0.0,0.0,0,0,0,0.0,0.0,0
0,0.0,0.0,5.0,0.0,0.0,68.0,80.0,79.0,82.0,72.0,69.0,0.0,0.0,0.0,0,0,0,0.0,0.0,0
0,0.0,0.0,0.0,0.0,0.0,67.0,88.0,93.0,88.0,58.0,65.0,0.0,0.0,0.0,0,0,0,0.0,0.0,0
0,0.0,0.0,4.0,0.0,0.0,62.0,82.0,84.0,87.0,64.0,42.0,0.0,0.0,0.0,0,0,0,0.0,0.0,0
0,0.0,0.0,0.0,0.0,0.0,55.0,85.0,89.0,87.0,55.0,40.0,0.0,0.0,0.0,0,0,0,0.0,0.0,0
0,0.0,0.0,0.0,0.0,0.0,53.0,89.0,83.0,84.0,61.0,38.0,0.0,0.0,0.0,0,0,0,0.0,0.0,0
0,0.0,0.0,35.0,0.0,0.0,86.0,88.0,91.0,88.0,79.0,73.0,0.0,0.0,0.0,0,0,0,0.0,0.0,0
0,0.0,0.0,124.0,4.0,6.0,84.0,95.0,84.0,88.0,51.0,87.0,0.0,0.0,0.0,0,0,0,0.0,0.0,0
0,0.0,0.0,0.0,0.0,0.0,78.0,93.0,92.0,93.0,53.0,79.0,0.0,0.0,0.0,0,0,0,0.0,0.0,0
0,0.0,0.0,25.0,0.0,0.0,75.0,80.0,79.0,82.0,74.0,79.0,0.0,0.0,0.0,0,0,0,0.0,0.0,0
0,0.0,0.0,5.0,0.0,1.0,70.0,92.0,92.0,93.0,58.0,65.0,0.0,0.0,0.0,0,0,0,0.0,0.0,0
0,0.0,0.0,7.0,0.0,0.0,68.0,91.0,93.0,90.0,45.0,64.0,0.0,0.0,0.0,0,0,0,0.0,0.0,0
0,0.0,0.0,10.0,0.0,0.0,67.0,88.0,82.0,90.0,54.0,44.0,0.0,0.0,0.0,0,0,0,0.0,0.0,0
0,0.0,0.0,2.0,0.0,0.0,44.0,95.0,96.0,89.0,44.0,50.0,0.0,0.0,0.0,0,0,0,0.0,0.0,0
0,0.0,0.0,72.0,0.0,1.0,85.0,96.0,95.0,95.0,43.0,88.0,88.0,0.0,0.0,0,0,0,0.0,81.0,0
0,0.0,0.0,0.0,0.0,0.0,77.0,95.0,94.0,93.0,54.0,68.0,82.0,0.0,0.0,0,0,0,0.0,90.0,0
0,0.0,0.0,12.0,0.0,0.0,67.0,92.0,86.0,89.0,54.0,51.0,81.0,0.0,0.0,0,0,0,0.0,94.0,0
0,0.0,0.0,10.0,0.0,0.0,64.0,86.0,87.0,83.0,53.0,68.0,75.0,0.0,0.0,0,0,0,0.0,87.0,0
0,0.0,0.0,3.0,0.0,0.0,64.0,85.0,83.0,80.0,67.0,60.0,75.0,0.0,0.0,0,0,0,0.0,67.0,0
0,0.0,0.0,0.0,0.0,0.0,61.0,96.0,98.0,97.0,29.0,51.0,74.0,0.0,0.0,0,0,0,0.0,77.0,0
0,0.0,0.0,7.0,0.0,0.0,60.0,88.0,84.0,81.0,70.0,43.0,71.0,0.0,0.0,0,0,0,0.0,93.0,0
0,0.0,0.0,1.0,0.0,0.0,59.0,93.0,89.0,91.0,46.0,49.0,69.0,0.0,0.0,0,0,0,0.0,90.0,0
0,0.0,0.0,12.0,0.0,0.0,56.0,92.0,94.0,92.0,31.0,44.0,77.0,0.0,0.0,0,0,0,0.0,94.0,0
0,0.0,0.0,0.0,0.0,0.0,99.0,95.0,94.0,96.0,78.0,90.0,97.0,99.0,94.0,0,0,0,99.0,98.0,0
0,0.0,0.0,93.0,1.0,11.0,97.0,89.0,89.0,93.0,76.0,97.0,98.0,98.0,97.0,0,0,0,99.0,99.0,0
0,0.0,0.0,0.0,0.0,0.0,97.0,94.0,93.0,93.0,79.0,93.0,97.0,91.0,97.0,0,0,0,97.0,93.0,0
0,0.0,0.0,94.0,2.0,7.0,97.0,94.0,93.0,93.0,79.0,93.0,97.0,91.0,97.0,0,0,0,97.0,93.0,0
0,0.0,0.0,30.0,0.0,0.0,95.0,96.0,95.0,96.0,67.0,93.0,95.0,86.0,88.0,0,0,0,82.0,90.0,0
0,0.0,0.0,0.0,0.0,0.0,95.0,96.0,95.0,96.0,67.0,93.0,95.0,86.0,88.0,0,0,0,82.0,90.0,0
0,0.0,0.0,0.0,0.0,0.0,95.0,96.0,95.0,96.0,67.0,93.0,95.0,86.0,88.0,0,0,0,82.0,90.0,0
0,0.0,0.0,21.0,0.0,0.0,95.0,96.0,95.0,96.0,67.0,93.0,95.0,86.0,88.0,0,0,0,82.0,90.0,0
0,0.0,0.0,0.0,0.0,0.0,95.0,96.0,95.0,96.0,67.0,93.0,95.0,86.0,88.0,0,0,0,82.0,90.0,0
0,0.0,0.0,23.0,0.0,1.0,95.0,96.0,95.0,96.0,67.0,93.0,95.0,86.0,88.0,0,0,0,82.0,90.0,0
0,0.0,0.0,0.0,0.0,0.0,95.0,86.0,99.0,98.0,55.0,99.0,98.0,89.0,99.0,0,0,0,69.0,74.0,0
0,0.0,0.0,88.0,1.0,4.0,94.0,92.0,93.0,93.0,69.0,94.0,92.0,88.0,93.0,0,0,0,92.0,93.0,0
0,0.0,0.0,40.0,0.0,0.0,94.0,92.0,93.0,91.0,78.0,84.0,95.0,98.0,96.0,0,0,0,99.0,95.0,0
0,0.0,0.0,66.0,0.0,2.0,93.0,94.0,94.0,93.0,55.0,92.0,94.0,95.0,87.0,0,0,0,89.0,90.0,0
0,0.0,0.0,83.0,1.0,6.0,91.0,88.0,86.0,90.0,79.0,88.0,85.0,86.0,96.0,0,0,0,98.0,92.0,0
0,0.0,0.0,30.0,0.0,0.0,91.0,88.0,86.0,90.0,79.0,88.0,85.0,86.0,96.0,0,0,0,98.0,92.0,0
0,0.0,0.0,50.0,0.0,1.0,91.0,89.0,87.0,90.0,78.0,88.0,90.0,97.0,98.0,0,0,0,98.0,97.0,0
0,0.0,0.0,72.0,0.0,0.0,91.0,85.0,87.0,84.0,79.0,95.0,97.0,93.0,99.0,0,0,0,98.0,90.0,0
0,0.0,0.0,0.0,0.0,0.0,90.0,94.0,97.0,95.0,61.0,79.0,93.0,97.0,88.0,0,0,0,84.0,93.0,0
0,0.0,0.0,77.0,0.0,7.0,89.0,89.0,92.0,94.0,68.0,74.0,94.0,97.0,88.0,0,0,0,95.0,96.0,0
0,0.0,0.0,33.0,0.0,0.0,89.0,88.0,91.0,93.0,66.0,85.0,87.0,95.0,88.0,0,0,0,90.0,93.0,0
0,0.0,0.0,77.0,0.0,3.0,89.0,90.0,85.0,87.0,78.0,87.0,90.0,95.0,94.0,0,0,0,97.0,95.0,0
0,0.0,0.0,73.0,0.0,1.0,89.0,90.0,92.0,88.0,66.0,91.0,95.0,89.0,95.0,0,0,0,92.0,84.0,0
0,0.0,0.0,57.0,0.0,1.0,89.0,98.0,99.0,95.0,57.0,84.0,87.0,93.0,86.0,0,0,0,83.0,90.0,0
0,0.0,0.0,116.0,1.0,6.0,88.0,86.0,85.0,87.0,53.0,97.0,95.0,87.0,92.0,0,0,0,74.0,85.0,0
0,0.0,0.0,0.0,0.0,0.0,88.0,93.0,89.0,91.0,67.0,87.0,90.0,88.0,84.0,0,0,0,87.0,89.0,0
0,0.0,0.0,101.0,2.0,7.0,88.0,95.0,90.0,95.0,73.0,73.0,88.0,95.0,89.0,0,0,0,93.0,96.0,0
0,0.0,0.0,41.0,0.0,1.0,88.0,92.0,91.0,95.0,48.0,88.0,93.0,98.0,80.0,0,0,0,81.0,92.0,0
0,0.0,0.0,35.0,0.0,0.0,88.0,89.0,91.0,87.0,79.0,80.0,87.0,90.0,97.0,0,0,0,97.0,91.0,0
0,0.0,0.0,86.0,0.0,3.0,87.0,86.0,85.0,85.0,79.0,90.0,88.0,78.0,98.0,0,0,0,88.0,84.0,0
0,0.0,0.0,43.0,0.0,1.0,87.0,96.0,98.0,98.0,67.0,78.0,87.0,86.0,81.0,0,0,0,75.0,90.0,0
0,0.0,0.0,61.0,1.0,3.0,86.0,90.0,95.0,96.0,74.0,71.0,94.0,97.0,88.0,0,0,0,85.0,98.0,0
0,0.0,0.0,75.0,0.0,3.0,86.0,98.0,98.0,99.0,43.0,82.0,84.0,93.0,74.0,0,0,0,75.0,87.0,0
0,0.0,0.0,50.0,0.0,0.0,86.0,95.0,92.0,95.0,59.0,79.0,88.0,88.0,85.0,0,0,0,77.0,87.0,0
0,0.0,0.0,47.0,0.0,0.0,86.0,95.0,96.0,95.0,55.0,87.0,87.0,95.0,74.0,0,0,0,74.0,88.0,0
0,0.0,0.0,0.0,0.0,0.0,85.0,94.0,96.0,93.0,48.0,77.0,88.0,86.0,82.0,0,0,0,76.0,85.0,0
0,0.0,0.0,92.0,4.0,7.0,85.0,94.0,96.0,93.0,48.0,77.0,88.0,86.0,82.0,0,0,0,76.0,85.0,0
0,0.0,0.0,124.0,4.0,6.0,84.0,95.0,85.0,87.0,51.0,88.0,87.0,98.0,78.0,0,0,0,76.0,95.0,0
0,0.0,0.0,33.0,0.0,1.0,84.0,88.0,85.0,89.0,67.0,82.0,88.0,95.0,82.0,0,0,0,89.0,95.0,0
0,0.0,0.0,53.0,0.0,0.0,83.0,88.0,86.0,90.0,72.0,74.0,88.0,91.0,82.0,0,0,0,85.0,92.0,0
0,0.0,0.0,16.0,0.0,0.0,83.0,92.0,94.0,93.0,52.0,80.0,87.0,88.0,79.0,0,0,0,75.0,89.0,0
0,0.0,0.0,23.0,0.0,0.0,83.0,97.0,96.0,88.0,67.0,74.0,83.0,87.0,74.0,0,0,0,86.0,92.0,0
0,0.0,0.0,72.0,0.0,1.0,83.0,95.0,93.0,94.0,43.0,87.0,86.0,89.0,74.0,0,0,0,63.0,87.0,0
0,0.0,0.0,0.0,0.0,0.0,83.0,93.0,91.0,94.0,55.0,84.0,87.0,95.0,76.0,0,0,0,78.0,92.0,0
0,0.0,0.0,0.0,0.0,0.0,82.0,88.0,82.0,84.0,73.0,81.0,88.0,94.0,86.0,0,0,0,95.0,97.0,0
0,0.0,0.0,22.0,0.0,0.0,82.0,93.0,88.0,94.0,46.0,82.0,85.0,93.0,71.0,0,0,0,72.0,94.0,0
0,0.0,0.0,54.0,0.0,0.0,82.0,95.0,92.0,92.0,64.0,77.0,82.0,87.0,74.0,0,0,0,79.0,91.0,0
0,0.0,0.0,0.0,0.0,0.0,82.0,89.0,95.0,94.0,45.0,83.0,90.0,75.0,85.0,0,0,0,64.0,81.0,0
0,0.0,0.0,69.0,0.0,5.0,81.0,96.0,92.0,92.0,77.0,70.0,85.0,88.0,80.0,0,0,0,92.0,95.0,0
0,0.0,0.0,26.0,0.0,0.0,80.0,93.0,88.0,87.0,69.0,77.0,83.0,86.0,79.0,0,0,0,86.0,88.0,0
0,0.0,0.0,9.0,0.0,0.0,80.0,88.0,92.0,90.0,68.0,60.0,90.0,92.0,93.0,0,0,0,95.0,88.0,0
0,0.0,0.0,15.0,0.0,0.0,80.0,94.0,95.0,96.0,54.0,70.0,84.0,95.0,75.0,0,0,0,74.0,96.0,0
0,0.0,0.0,37.0,0.0,0.0,80.0,95.0,97.0,91.0,57.0,69.0,83.0,84.0,87.0,0,0,0,77.0,92.0,0
0,0.0,0.0,18.0,0.0,0.0,80.0,91.0,94.0,94.0,57.0,75.0,83.0,88.0,77.0,0,0,0,78.0,98.0,0
0,0.0,0.0,35.0,0.0,0.0,79.0,95.0,96.0,95.0,46.0,77.0,82.0,69.0,77.0,0,0,0,61.0,87.0,0
0,0.0,0.0,26.0,0.0,0.0,79.0,91.0,94.0,93.0,54.0,78.0,83.0,77.0,73.0,0,0,0,67.0,91.0,0
0,0.0,0.0,29.0,0.0,0.0,79.0,82.0,83.0,84.0,70.0,80.0,87.0,81.0,93.0,0,0,0,85.0,82.0,0
0,0.0,0.0,0.0,0.0,0.0,79.0,86.0,88.0,85.0,68.0,81.0,85.0,77.0,91.0,0,0,0,87.0,85.0,0
0,0.0,0.0,0.0,0.0,0.0,79.0,86.0,88.0,85.0,68.0,81.0,85.0,77.0,91.0,0,0,0,87.0,85.0,0
0,0.0,0.0,0.0,0.0,0.0,79.0,86.0,88.0,85.0,68.0,81.0,85.0,77.0,91.0,0,0,0,87.0,85.0,0
0,0.0,0.0,5.0,0.0,0.0,79.0,86.0,88.0,85.0,68.0,81.0,85.0,77.0,91.0,0,0,0,87.0,85.0,0
0,0.0,0.0,42.0,0.0,0.0,79.0,86.0,88.0,85.0,68.0,81.0,85.0,77.0,91.0,0,0,0,87.0,85.0,0
0,0.0,0.0,56.0,0.0,0.0,79.0,86.0,88.0,85.0,68.0,81.0,85.0,77.0,91.0,0,0,0,87.0,85.0,0
0,0.0,0.0,46.0,0.0,0.0,79.0,86.0,88.0,85.0,68.0,81.0,85.0,77.0,91.0,0,0,0,87.0,85.0,0
0,0.0,0.0,52.0,0.0,0.0,79.0,88.0,88.0,91.0,39.0,87.0,89.0,87.0,68.0,0,0,0,59.0,81.0,0
0,0.0,0.0,21.0,0.0,0.0,79.0,87.0,91.0,91.0,69.0,78.0,83.0,88.0,78.0,0,0,0,85.0,90.0,0
0,0.0,0.0,51.0,0.0,0.0,79.0,83.0,85.0,83.0,66.0,84.0,88.0,72.0,94.0,0,0,0,76.0,83.0,0
0,0.0,0.0,47.0,3.0,4.0,78.0,98.0,99.0,97.0,54.0,79.0,74.0,76.0,72.0,0,0,0,65.0,90.0,0
0,0.0,0.0,45.0,0.0,0.0,78.0,88.0,86.0,86.0,68.0,78.0,78.0,74.0,85.0,0,0,0,78.0,82.0,0
0,0.0,0.0,0.0,0.0,0.0,78.0,87.0,85.0,88.0,69.0,75.0,83.0,88.0,85.0,0,0,0,82.0,94.0,0
0,0.0,0.0,38.0,0.0,0.0,78.0,87.0,85.0,88.0,69.0,75.0,83.0,88.0,85.0,0,0,0,82.0,94.0,0
0,0.0,0.0,0.0,0.0,0.0,78.0,87.0,85.0,88.0,69.0,75.0,83.0,88.0,85.0,0,0,0,82.0,94.0,0
0,0.0,0.0,0.0,0.0,0.0,78.0,87.0,85.0,88.0,69.0,75.0,83.0,88.0,85.0,0,0,0,82.0,94.0,0
0,0.0,0.0,3.0,0.0,0.0,78.0,87.0,85.0,88.0,69.0,75.0,83.0,88.0,85.0,0,0,0,82.0,94.0,0
0,0.0,0.0,0.0,0.0,0.0,78.0,87.0,85.0,88.0,69.0,75.0,83.0,88.0,85.0,0,0,0,82.0,94.0,0
0,0.0,0.0,0.0,0.0,0.0,78.0,87.0,85.0,88.0,69.0,75.0,83.0,88.0,85.0,0,0,0,82.0,94.0,0
0,0.0,0.0,2.0,0.0,0.0,78.0,87.0,85.0,88.0,69.0,75.0,83.0,88.0,85.0,0,0,0,82.0,94.0,0
0,0.0,0.0,24.0,0.0,0.0,78.0,87.0,85.0,88.0,69.0,75.0,83.0,88.0,85.0,0,0,0,82.0,94.0,0
0,0.0,0.0,12.0,0.0,0.0,78.0,87.0,85.0,88.0,69.0,75.0,83.0,88.0,85.0,0,0,0,82.0,94.0,0
0,0.0,0.0,25.0,0.0,0.0,78.0,87.0,85.0,88.0,69.0,75.0,83.0,88.0,85.0,0,0,0,82.0,94.0,0
0,0.0,0.0,38.0,0.0,0.0,78.0,87.0,85.0,88.0,69.0,75.0,83.0,88.0,85.0,0,0,0,82.0,94.0,0
0,0.0,0.0,18.0,0.0,0.0,78.0,87.0,86.0,89.0,65.0,78.0,90.0,84.0,89.0,0,0,0,60.0,80.0,0
0,0.0,0.0,76.0,0.0,4.0,78.0,85.0,83.0,84.0,64.0,88.0,84.0,79.0,95.0,0,0,0,54.0,83.0,0
0,0.0,0.0,42.0,0.0,0.0,78.0,84.0,88.0,88.0,47.0,88.0,90.0,82.0,87.0,0,0,0,52.0,82.0,0
0,0.0,0.0,19.0,0.0,0.0,77.0,85.0,86.0,86.0,62.0,76.0,88.0,74.0,90.0,0,0,0,75.0,80.0,0
0,0.0,0.0,12.0,0.0,0.0,77.0,92.0,90.0,91.0,54.0,72.0,79.0,75.0,84.0,0,0,0,72.0,90.0,0
0,0.0,0.0,32.0,0.0,0.0,77.0,88.0,92.0,87.0,52.0,80.0,85.0,81.0,88.0,0,0,0,73.0,79.0,0
0,0.0,0.0,47.0,0.0,0.0,77.0,94.0,87.0,86.0,50.0,86.0,84.0,80.0,72.0,0,0,0,69.0,84.0,0
0,0.0,0.0,45.0,0.0,0.0,77.0,93.0,91.0,92.0,51.0,80.0,83.0,79.0,65.0,0,0,0,60.0,91.0,0
0,0.0,0.0,30.0,0.0,0.0,77.0,86.0,85.0,85.0,54.0,78.0,87.0,73.0,87.0,0,0,0,65.0,85.0,0
0,0.0,0.0,0.0,0.0,0.0,77.0,86.0,85.0,85.0,54.0,78.0,87.0,73.0,87.0,0,0,0,65.0,85.0,0
0,0.0,0.0,0.0,0.0,0.0,77.0,86.0,85.0,85.0,54.0,78.0,87.0,73.0,87.0,0,0,0,65.0,85.0,0
0,0.0,0.0,21.0,0.0,0.0,77.0,86.0,85.0,85.0,54.0,78.0,87.0,73.0,87.0,0,0,0,65.0,85.0,0
0,0.0,0.0,0.0,0.0,0.0,77.0,86.0,85.0,85.0,54.0,78.0,87.0,73.0,87.0,0,0,0,65.0,85.0,0
0,0.0,0.0,23.0,0.0,1.0,77.0,86.0,85.0,85.0,54.0,78.0,87.0,73.0,87.0,0,0,0,65.0,85.0,0
0,0.0,0.0,36.0,0.0,0.0,77.0,98.0,95.0,88.0,50.0,79.0,82.0,86.0,73.0,0,0,0,69.0,83.0,0
0,0.0,0.0,0.0,0.0,0.0,77.0,92.0,95.0,92.0,45.0,72.0,83.0,83.0,79.0,0,0,0,68.0,89.0,0
0,0.0,0.0,39.0,0.0,0.0,77.0,85.0,78.0,80.0,72.0,85.0,84.0,73.0,85.0,0,0,0,87.0,92.0,0
0,0.0,0.0,0.0,0.0,0.0,76.0,91.0,96.0,97.0,64.0,79.0,74.0,66.0,74.0,0,0,0,65.0,90.0,0
0,0.0,0.0,0.0,0.0,0.0,76.0,85.0,96.0,94.0,43.0,83.0,95.0,67.0,75.0,0,0,0,47.0,77.0,0
0,0.0,0.0,0.0,0.0,0.0,76.0,89.0,86.0,88.0,48.0,85.0,84.0,90.0,69.0,0,0,0,49.0,88.0,0
0,0.0,0.0,31.0,0.0,0.0,76.0,93.0,96.0,95.0,46.0,75.0,80.0,83.0,67.0,0,0,0,56.0,89.0,0
0,0.0,0.0,64.0,0.0,1.0,76.0,92.0,94.0,95.0,45.0,61.0,82.0,74.0,88.0,0,0,0,75.0,86.0,0
0,0.0,0.0,0.0,0.0,0.0,76.0,85.0,94.0,93.0,47.0,80.0,88.0,77.0,85.0,0,0,0,39.0,76.0,0
0,0.0,0.0,0.0,0.0,0.0,76.0,83.0,78.0,81.0,78.0,75.0,85.0,93.0,85.0,0,0,0,93.0,94.0,0
0,0.0,0.0,38.0,0.0,0.0,76.0,83.0,78.0,81.0,78.0,75.0,85.0,93.0,85.0,0,0,0,93.0,94.0,0
0,0.0,0.0,0.0,0.0,0.0,76.0,83.0,78.0,81.0,78.0,75.0,85.0,93.0,85.0,0,0,0,93.0,94.0,0
0,0.0,0.0,0.0,0.0,0.0,76.0,83.0,78.0,81.0,78.0,75.0,85.0,93.0,85.0,0,0,0,93.0,94.0,0
0,0.0,0.0,3.0,0.0,0.0,76.0,83.0,78.0,81.0,78.0,75.0,85.0,93.0,85.0,0,0,0,93.0,94.0,0
0,0.0,0.0,0.0,0.0,0.0,76.0,83.0,78.0,81.0,78.0,75.0,85.0,93.0,85.0,0,0,0,93.0,94.0,0
0,0.0,0.0,0.0,0.0,0.0,76.0,83.0,78.0,81.0,78.0,75.0,85.0,93.0,85.0,0,0,0,93.0,94.0,0
0,0.0,0.0,2.0,0.0,0.0,76.0,83.0,78.0,81.0,78.0,75.0,85.0,93.0,85.0,0,0,0,93.0,94.0,0
0,0.0,0.0,24.0,0.0,0.0,76.0,83.0,78.0,81.0,78.0,75.0,85.0,93.0,85.0,0,0,0,93.0,94.0,0
0,0.0,0.0,12.0,0.0,0.0,76.0,83.0,78.0,81.0,78.0,75.0,85.0,93.0,85.0,0,0,0,93.0,94.0,0
0,0.0,0.0,25.0,0.0,0.0,76.0,83.0,78.0,81.0,78.0,75.0,85.0,93.0,85.0,0,0,0,93.0,94.0,0
0,0.0,0.0,38.0,0.0,0.0,76.0,83.0,78.0,81.0,78.0,75.0,85.0,93.0,85.0,0,0,0,93.0,94.0,0
0,0.0,0.0,20.0,0.0,1.0,75.0,96.0,93.0,92.0,40.0,74.0,78.0,84.0,79.0,0,0,0,65.0,89.0,0
0,0.0,0.0,17.0,0.0,0.0,75.0,92.0,88.0,94.0,63.0,71.0,75.0,74.0,72.0,0,0,0,69.0,87.0,0
0,0.0,0.0,12.0,0.0,0.0,75.0,87.0,86.0,91.0,76.0,72.0,71.0,85.0,79.0,0,0,0,85.0,95.0,0
0,0.0,0.0,8.0,0.0,0.0,75.0,87.0,86.0,91.0,76.0,72.0,71.0,85.0,79.0,0,0,0,85.0,95.0,0
0,0.0,0.0,28.0,0.0,0.0,75.0,91.0,84.0,87.0,70.0,59.0,86.0,87.0,88.0,0,0,0,88.0,88.0,0
0,0.0,0.0,49.0,0.0,1.0,75.0,93.0,94.0,92.0,47.0,74.0,84.0,69.0,78.0,0,0,0,46.0,92.0,0
0,0.0,0.0,21.0,0.0,0.0,75.0,93.0,94.0,92.0,47.0,74.0,84.0,69.0,78.0,0,0,0,46.0,92.0,0
0,0.0,0.0,2.0,0.0,0.0,75.0,93.0,94.0,92.0,47.0,74.0,84.0,69.0,78.0,0,0,0,46.0,92.0,0
0,0.0,0.0,8.0,0.0,0.0,75.0,93.0,97.0,95.0,42.0,68.0,83.0,82.0,77.0,0,0,0,60.0,81.0,0
0,0.0,0.0,12.0,0.0,0.0,75.0,98.0,97.0,96.0,45.0,70.0,79.0,88.0,74.0,0,0,0,58.0,88.0,0
0,0.0,0.0,0.0,0.0,0.0,75.0,93.0,87.0,91.0,57.0,66.0,81.0,83.0,85.0,0,0,0,65.0,90.0,0
0,0.0,0.0,58.0,0.0,1.0,75.0,93.0,87.0,91.0,57.0,66.0,81.0,83.0,85.0,0,0,0,65.0,90.0,0
0,0.0,0.0,37.0,0.0,0.0,75.0,83.0,82.0,84.0,65.0,84.0,84.0,78.0,85.0,0,0,0,72.0,82.0,0
0,0.0,0.0,7.0,0.0,0.0,74.0,88.0,92.0,93.0,48.0,72.0,83.0,72.0,88.0,0,0,0,54.0,77.0,0
0,0.0,0.0,9.0,0.0,0.0,74.0,88.0,89.0,85.0,62.0,73.0,79.0,75.0,77.0,0,0,0,79.0,87.0,0
0,0.0,0.0,10.0,0.0,0.0,74.0,86.0,87.0,86.0,60.0,71.0,80.0,74.0,83.0,0,0,0,73.0,82.0,0
0,0.0,0.0,24.0,1.0,3.0,74.0,92.0,91.0,92.0,46.0,67.0,79.0,75.0,81.0,0,0,0,68.0,85.0,0
0,0.0,0.0,52.0,0.0,0.0,74.0,85.0,92.0,92.0,46.0,66.0,84.0,92.0,76.0,0,0,0,76.0,91.0,0
0,0.0,0.0,9.0,0.0,0.0,74.0,85.0,92.0,92.0,46.0,66.0,84.0,92.0,76.0,0,0,0,76.0,91.0,0
0,0.0,0.0,4.0,0.0,0.0,74.0,91.0,85.0,88.0,77.0,58.0,82.0,93.0,77.0,0,0,0,84.0,97.0,0
0,0.0,0.0,0.0,0.0,0.0,74.0,97.0,96.0,94.0,46.0,74.0,69.0,75.0,64.0,0,0,0,69.0,88.0,0
0,0.0,0.0,7.0,0.0,0.0,74.0,92.0,94.0,89.0,60.0,67.0,79.0,82.0,75.0,0,0,0,78.0,94.0,0
0,0.0,0.0,43.0,0.0,0.0,74.0,86.0,87.0,84.0,69.0,68.0,80.0,86.0,87.0,0,0,0,80.0,87.0,0
0,0.0,0.0,61.0,0.0,0.0,74.0,86.0,88.0,87.0,62.0,74.0,82.0,73.0,82.0,0,0,0,58.0,84.0,0
0,0.0,0.0,17.0,0.0,0.0,74.0,87.0,88.0,91.0,63.0,68.0,76.0,74.0,83.0,0,0,0,81.0,86.0,0
0,0.0,0.0,30.0,1.0,1.0,74.0,93.0,88.0,92.0,63.0,75.0,74.0,80.0,68.0,0,0,0,77.0,88.0,0
0,0.0,0.0,28.0,0.0,0.0,74.0,92.0,95.0,97.0,54.0,60.0,83.0,83.0,69.0,0,0,0,66.0,90.0,0
0,0.0,0.0,0.0,0.0,0.0,73.0,91.0,94.0,94.0,49.0,78.0,76.0,73.0,71.0,0,0,0,56.0,82.0,0
0,0.0,0.0,16.0,0.0,0.0,73.0,95.0,93.0,87.0,69.0,66.0,73.0,69.0,73.0,0,0,0,69.0,91.0,0
0,0.0,0.0,0.0,0.0,0.0,73.0,89.0,92.0,88.0,65.0,69.0,77.0,69.0,82.0,0,0,0,78.0,92.0,0
0,0.0,0.0,11.0,0.0,0.0,73.0,86.0,87.0,84.0,67.0,74.0,79.0,74.0,80.0,0,0,0,76.0,90.0,0
0,0.0,0.0,8.0,0.0,0.0,73.0,90.0,84.0,85.0,75.0,65.0,73.0,82.0,85.0,0,0,0,86.0,89.0,0
0,0.0,0.0,13.0,0.0,0.0,73.0,84.0,85.0,83.0,73.0,75.0,83.0,73.0,83.0,0,0,0,75.0,80.0,0
0,0.0,0.0,17.0,0.0,0.0,73.0,90.0,93.0,88.0,52.0,72.0,76.0,88.0,66.0,0,0,0,60.0,86.0,0
0,0.0,0.0,19.0,0.0,0.0,73.0,93.0,90.0,89.0,58.0,72.0,76.0,73.0,75.0,0,0,0,64.0,92.0,0
0,0.0,0.0,10.0,0.0,0.0,73.0,87.0,90.0,88.0,60.0,71.0,81.0,72.0,77.0,0,0,0,78.0,86.0,0
0,0.0,0.0,0.0,0.0,0.0,72.0,84.0,86.0,84.0,69.0,67.0,80.0,76.0,83.0,0,0,0,84.0,88.0,0
0,0.0,0.0,44.0,0.0,0.0,72.0,84.0,86.0,82.0,54.0,87.0,83.0,54.0,84.0,0,0,0,68.0,75.0,0
0,0.0,0.0,4.0,0.0,0.0,72.0,83.0,89.0,84.0,69.0,64.0,83.0,83.0,76.0,0,0,0,78.0,92.0,0
0,0.0,0.0,3.0,0.0,0.0,72.0,94.0,93.0,87.0,66.0,69.0,77.0,81.0,77.0,0,0,0,65.0,88.0,0
0,0.0,0.0,0.0,0.0,0.0,72.0,88.0,83.0,91.0,67.0,66.0,80.0,94.0,75.0,0,0,0,76.0,97.0,0
0,0.0,0.0,63.0,0.0,2.0,72.0,94.0,95.0,92.0,40.0,68.0,82.0,82.0,74.0,0,0,0,56.0,92.0,0
0,0.0,0.0,7.0,0.0,0.0,72.0,92.0,94.0,92.0,45.0,68.0,77.0,75.0,67.0,0,0,0,58.0,90.0,0
0,0.0,0.0,10.0,0.0,0.0,72.0,87.0,83.0,89.0,58.0,65.0,81.0,72.0,84.0,0,0,0,73.0,84.0,0
0,0.0,0.0,41.0,0.0,0.0,71.0,87.0,85.0,91.0,70.0,55.0,87.0,85.0,82.0,0,0,0,74.0,88.0,0
0,0.0,0.0,0.0,0.0,0.0,71.0,87.0,92.0,90.0,55.0,65.0,79.0,77.0,72.0,0,0,0,66.0,86.0,0
0,0.0,0.0,14.0,0.0,0.0,71.0,95.0,97.0,96.0,40.0,74.0,76.0,66.0,68.0,0,0,0,47.0,84.0,0
0,0.0,0.0,21.0,0.0,0.0,71.0,94.0,94.0,92.0,42.0,75.0,72.0,76.0,66.0,0,0,0,55.0,85.0,0
0,0.0,0.0,12.0,0.0,0.0,71.0,92.0,86.0,89.0,59.0,60.0,82.0,83.0,75.0,0,0,0,84.0,90.0,0
0,0.0,0.0,10.0,0.0,0.0,71.0,88.0,91.0,85.0,63.0,73.0,76.0,83.0,66.0,0,0,0,72.0,91.0,0
0,0.0,0.0,48.0,0.0,1.0,70.0,88.0,83.0,82.0,68.0,54.0,89.0,89.0,80.0,0,0,0,84.0,91.0,0
0,0.0,0.0,12.0,0.0,0.0,70.0,81.0,88.0,80.0,64.0,72.0,81.0,65.0,75.0,0,0,0,68.0,82.0,0
0,0.0,0.0,39.0,0.0,0.0,70.0,96.0,93.0,86.0,55.0,75.0,74.0,74.0,65.0,0,0,0,68.0,78.0,0
0,0.0,0.0,11.0,0.0,0.0,70.0,87.0,91.0,82.0,66.0,50.0,79.0,92.0,84.0,0,0,0,88.0,88.0,0
0,0.0,0.0,4.0,0.0,0.0,70.0,95.0,93.0,87.0,37.0,70.0,80.0,72.0,78.0,0,0,0,44.0,88.0,0
0,0.0,0.0,0.0,0.0,0.0,69.0,79.0,84.0,81.0,66.0,71.0,78.0,70.0,79.0,0,0,0,77.0,87.0,0
0,0.0,0.0,5.0,0.0,0.0,69.0,86.0,93.0,91.0,45.0,70.0,81.0,74.0,82.0,0,0,0,45.0,82.0,0
0,0.0,0.0,17.0,0.0,0.0,69.0,86.0,77.0,83.0,62.0,65.0,78.0,80.0,83.0,0,0,0,71.0,87.0,0
0,0.0,0.0,2.0,0.0,0.0,69.0,93.0,91.0,90.0,39.0,58.0,83.0,79.0,81.0,0,0,0,44.0,91.0,0
0,0.0,0.0,2.0,0.0,0.0,69.0,93.0,91.0,90.0,39.0,58.0,83.0,79.0,81.0,0,0,0,44.0,91.0,0
0,0.0,0.0,79.0,0.0,6.0,69.0,92.0,94.0,92.0,42.0,66.0,77.0,82.0,72.0,0,0,0,56.0,88.0,0
0,0.0,0.0,6.0,0.0,0.0,69.0,92.0,94.0,92.0,42.0,66.0,77.0,82.0,72.0,0,0,0,56.0,88.0,0
0,0.0,0.0,0.0,0.0,0.0,69.0,92.0,94.0,92.0,42.0,66.0,77.0,82.0,72.0,0,0,0,56.0,88.0,0
0,0.0,0.0,5.0,0.0,0.0,69.0,85.0,88.0,87.0,68.0,61.0,76.0,86.0,85.0,0,0,0,79.0,95.0,0
0,0.0,0.0,21.0,0.0,0.0,69.0,91.0,83.0,86.0,64.0,55.0,83.0,82.0,84.0,0,0,0,82.0,82.0,0
0,0.0,0.0,0.0,0.0,0.0,69.0,94.0,93.0,93.0,52.0,67.0,73.0,87.0,69.0,0,0,0,57.0,93.0,0
0,0.0,0.0,5.0,0.0,1.0,69.0,92.0,93.0,93.0,55.0,69.0,73.0,74.0,68.0,0,0,0,57.0,82.0,0
0,0.0,0.0,0.0,0.0,0.0,68.0,88.0,82.0,84.0,56.0,61.0,79.0,85.0,79.0,0,0,0,72.0,83.0,0
0,0.0,0.0,0.0,0.0,0.0,68.0,88.0,90.0,85.0,56.0,70.0,74.0,72.0,65.0,0,0,0,75.0,85.0,0
0,0.0,0.0,0.0,0.0,0.0,68.0,87.0,92.0,86.0,66.0,62.0,76.0,72.0,77.0,0,0,0,79.0,88.0,0
0,0.0,0.0,4.0,0.0,0.0,68.0,96.0,94.0,86.0,58.0,47.0,77.0,94.0,78.0,0,0,0,84.0,93.0,0
0,0.0,0.0,5.0,0.0,0.0,68.0,81.0,82.0,83.0,73.0,70.0,75.0,82.0,76.0,0,0,0,85.0,88.0,0
0,0.0,0.0,0.0,0.0,0.0,67.0,85.0,79.0,81.0,44.0,60.0,82.0,68.0,85.0,0,0,0,78.0,75.0,0
0,0.0,0.0,4.0,0.0,0.0,67.0,91.0,91.0,87.0,69.0,58.0,68.0,74.0,64.0,0,0,0,76.0,88.0,0
0,0.0,0.0,0.0,0.0,0.0,67.0,90.0,82.0,84.0,68.0,65.0,75.0,84.0,78.0,0,0,0,73.0,86.0,0
0,0.0,0.0,0.0,0.0,0.0,67.0,91.0,84.0,86.0,64.0,59.0,76.0,78.0,71.0,0,0,0,74.0,86.0,0
0,0.0,0.0,0.0,0.0,0.0,67.0,96.0,91.0,88.0,52.0,64.0,75.0,70.0,75.0,0,0,0,51.0,89.0,0
0,0.0,0.0,0.0,0.0,0.0,67.0,85.0,83.0,81.0,68.0,54.0,78.0,73.0,84.0,0,0,0,82.0,89.0,0
0,0.0,0.0,3.0,0.0,0.0,67.0,89.0,85.0,84.0,61.0,64.0,81.0,86.0,70.0,0,0,0,65.0,85.0,0
0,0.0,0.0,23.0,0.0,0.0,67.0,88.0,95.0,94.0,42.0,61.0,75.0,82.0,76.0,0,0,0,42.0,82.0,0
0,0.0,0.0,0.0,2.0,10.0,67.0,90.0,94.0,88.0,48.0,63.0,73.0,67.0,69.0,0,0,0,66.0,85.0,0
0,0.0,0.0,1.0,0.0,0.0,67.0,83.0,84.0,85.0,72.0,58.0,81.0,92.0,78.0,0,0,0,66.0,91.0,0
0,0.0,0.0,12.0,0.0,0.0,67.0,93.0,92.0,94.0,54.0,52.0,76.0,87.0,75.0,0,0,0,49.0,85.0,0
0,0.0,0.0,2.0,0.0,0.0,67.0,90.0,94.0,92.0,39.0,68.0,73.0,82.0,69.0,0,0,0,44.0,85.0,0
0,0.0,0.0,3.0,0.0,0.0,67.0,87.0,83.0,80.0,65.0,55.0,81.0,73.0,76.0,0,0,0,81.0,90.0,0
0,0.0,0.0,0.0,0.0,0.0,67.0,96.0,93.0,87.0,67.0,58.0,74.0,74.0,64.0,0,0,0,67.0,94.0,0
0,0.0,0.0,1.0,0.0,0.0,66.0,91.0,86.0,84.0,68.0,50.0,76.0,83.0,75.0,0,0,0,84.0,88.0,0
0,0.0,0.0,0.0,0.0,0.0,66.0,86.0,91.0,92.0,48.0,60.0,74.0,76.0,73.0,0,0,0,55.0,87.0,0
0,0.0,0.0,25.0,0.0,0.0,66.0,96.0,95.0,93.0,37.0,56.0,77.0,70.0,74.0,0,0,0,49.0,90.0,0
0,0.0,0.0,0.0,0.0,0.0,66.0,87.0,91.0,89.0,66.0,66.0,71.0,67.0,73.0,0,0,0,65.0,86.0,0
0,0.0,0.0,0.0,0.0,0.0,66.0,88.0,93.0,88.0,58.0,65.0,72.0,69.0,64.0,0,0,0,68.0,84.0,0
0,0.0,0.0,12.0,0.0,1.0,66.0,85.0,92.0,86.0,62.0,60.0,82.0,85.0,82.0,0,0,0,55.0,81.0,0
0,0.0,0.0,3.0,0.0,0.0,66.0,96.0,97.0,92.0,42.0,60.0,69.0,81.0,60.0,0,0,0,66.0,90.0,0
0,0.0,0.0,2.0,0.0,0.0,66.0,90.0,95.0,96.0,38.0,56.0,77.0,72.0,83.0,0,0,0,61.0,83.0,0
0,0.0,0.0,0.0,0.0,0.0,66.0,88.0,82.0,82.0,70.0,58.0,75.0,74.0,82.0,0,0,0,66.0,85.0,0
0,0.0,0.0,1.0,0.0,0.0,66.0,91.0,86.0,89.0,61.0,60.0,82.0,72.0,83.0,0,0,0,51.0,78.0,0
0,0.0,0.0,0.0,0.0,0.0,66.0,88.0,92.0,90.0,64.0,45.0,76.0,73.0,74.0,0,0,0,78.0,90.0,0
0,0.0,0.0,0.0,0.0,0.0,66.0,93.0,91.0,95.0,66.0,44.0,78.0,83.0,74.0,0,0,0,67.0,94.0,0
0,0.0,0.0,0.0,0.0,0.0,65.0,94.0,93.0,92.0,41.0,59.0,75.0,66.0,71.0,0,0,0,43.0,91.0,0
0,0.0,0.0,52.0,0.0,0.0,65.0,88.0,84.0,88.0,67.0,41.0,82.0,89.0,66.0,0,0,0,76.0,84.0,0
0,0.0,0.0,53.0,0.0,0.0,65.0,88.0,84.0,88.0,67.0,41.0,82.0,89.0,66.0,0,0,0,76.0,84.0,0
0,0.0,0.0,0.0,0.0,0.0,65.0,88.0,94.0,93.0,39.0,66.0,75.0,79.0,64.0,0,0,0,43.0,79.0,0
0,0.0,0.0,0.0,0.0,0.0,65.0,84.0,90.0,85.0,54.0,75.0,74.0,67.0,59.0,0,0,0,60.0,80.0,0
0,0.0,0.0,0.0,0.0,0.0,65.0,84.0,79.0,83.0,52.0,55.0,79.0,65.0,82.0,0,0,0,80.0,82.0,0
0,0.0,0.0,1.0,0.0,0.0,65.0,81.0,86.0,81.0,65.0,46.0,72.0,78.0,84.0,0,0,0,86.0,89.0,0
0,0.0,0.0,3.0,0.0,0.0,65.0,86.0,93.0,89.0,65.0,62.0,84.0,65.0,78.0,0,0,0,39.0,78.0,0
0,0.0,0.0,0.0,0.0,0.0,65.0,88.0,85.0,83.0,61.0,58.0,74.0,76.0,73.0,0,0,0,73.0,82.0,0
0,0.0,0.0,0.0,0.0,0.0,65.0,87.0,88.0,87.0,65.0,61.0,71.0,79.0,67.0,0,0,0,75.0,88.0,0
0,0.0,0.0,0.0,0.0,0.0,65.0,89.0,85.0,83.0,60.0,64.0,72.0,74.0,68.0,0,0,0,77.0,91.0,0
0,0.0,0.0,8.0,0.0,0.0,65.0,83.0,86.0,88.0,67.0,49.0,82.0,76.0,87.0,0,0,0,48.0,88.0,0
0,0.0,0.0,4.0,0.0,0.0,65.0,85.0,85.0,82.0,67.0,55.0,81.0,83.0,84.0,0,0,0,48.0,88.0,0
0,0.0,0.0,4.0,0.0,0.0,65.0,84.0,88.0,84.0,68.0,56.0,85.0,72.0,85.0,0,0,0,67.0,87.0,0
0,0.0,0.0,0.0,0.0,0.0,65.0,97.0,98.0,98.0,31.0,66.0,72.0,66.0,64.0,0,0,0,32.0,84.0,0
0,0.0,0.0,2.0,0.0,0.0,65.0,90.0,87.0,88.0,56.0,48.0,75.0,77.0,83.0,0,0,0,65.0,88.0,0
0,0.0,0.0,0.0,0.0,0.0,65.0,90.0,85.0,84.0,67.0,53.0,74.0,66.0,80.0,0,0,0,78.0,88.0,0
0,0.0,0.0,3.0,0.0,0.0,64.0,92.0,93.0,92.0,40.0,65.0,73.0,81.0,63.0,0,0,0,46.0,89.0,0
0,0.0,0.0,7.0,0.0,0.0,64.0,96.0,94.0,91.0,33.0,55.0,79.0,84.0,68.0,0,0,0,51.0,84.0,0
0,0.0,0.0,0.0,0.0,0.0,64.0,94.0,96.0,92.0,42.0,49.0,73.0,64.0,76.0,0,0,0,39.0,92.0,0
0,0.0,0.0,72.0,0.0,4.0,64.0,95.0,95.0,94.0,36.0,55.0,74.0,82.0,74.0,0,0,0,39.0,86.0,0
0,0.0,0.0,0.0,0.0,0.0,64.0,89.0,91.0,86.0,55.0,67.0,70.0,75.0,68.0,0,0,0,61.0,85.0,0
0,0.0,0.0,1.0,0.0,0.0,64.0,86.0,87.0,85.0,68.0,55.0,75.0,59.0,73.0,0,0,0,70.0,74.0,0
0,0.0,0.0,1.0,0.0,0.0,64.0,95.0,93.0,86.0,54.0,53.0,73.0,69.0,74.0,0,0,0,65.0,91.0,0
0,0.0,0.0,1.0,0.0,0.0,64.0,91.0,95.0,95.0,52.0,56.0,71.0,79.0,67.0,0,0,0,68.0,87.0,0
0,0.0,0.0,1.0,0.0,0.0,64.0,83.0,91.0,89.0,55.0,61.0,75.0,84.0,64.0,0,0,0,62.0,92.0,0
0,0.0,0.0,5.0,0.0,0.0,64.0,87.0,80.0,78.0,72.0,56.0,82.0,67.0,83.0,0,0,0,66.0,84.0,0
0,0.0,0.0,0.0,0.0,0.0,64.0,88.0,86.0,87.0,66.0,49.0,75.0,65.0,70.0,0,0,0,80.0,89.0,0
0,0.0,0.0,0.0,0.0,0.0,64.0,88.0,87.0,85.0,65.0,62.0,76.0,88.0,65.0,0,0,0,74.0,87.0,0
0,0.0,0.0,7.0,0.0,0.0,64.0,94.0,96.0,94.0,46.0,56.0,75.0,71.0,67.0,0,0,0,51.0,92.0,0
0,0.0,0.0,24.0,0.0,0.0,64.0,91.0,93.0,90.0,42.0,54.0,75.0,72.0,81.0,0,0,0,37.0,90.0,0
0,0.0,0.0,0.0,0.0,0.0,63.0,84.0,81.0,85.0,70.0,62.0,79.0,64.0,85.0,0,0,0,48.0,75.0,0
0,0.0,0.0,0.0,0.0,0.0,63.0,87.0,93.0,89.0,44.0,54.0,84.0,80.0,75.0,0,0,0,42.0,80.0,0
0,0.0,0.0,0.0,0.0,0.0,63.0,87.0,89.0,89.0,56.0,64.0,71.0,53.0,60.0,0,0,0,56.0,85.0,0
0,0.0,0.0,2.0,0.0,0.0,63.0,85.0,90.0,80.0,68.0,55.0,75.0,67.0,83.0,0,0,0,72.0,87.0,0
0,0.0,0.0,0.0,0.0,0.0,63.0,85.0,95.0,94.0,53.0,55.0,72.0,75.0,70.0,0,0,0,39.0,88.0,0
0,0.0,0.0,0.0,0.0,0.0,63.0,94.0,89.0,88.0,45.0,55.0,78.0,84.0,81.0,0,0,0,45.0,88.0,0
0,0.0,0.0,20.0,0.0,0.0,63.0,84.0,78.0,79.0,67.0,56.0,78.0,67.0,82.0,0,0,0,85.0,88.0,0
0,0.0,0.0,1.0,0.0,0.0,63.0,87.0,93.0,92.0,44.0,55.0,73.0,75.0,74.0,0,0,0,46.0,85.0,0
0,0.0,0.0,0.0,0.0,0.0,63.0,86.0,91.0,92.0,55.0,61.0,74.0,67.0,75.0,0,0,0,35.0,80.0,0
0,0.0,0.0,0.0,0.0,0.0,63.0,92.0,89.0,85.0,60.0,56.0,72.0,81.0,65.0,0,0,0,76.0,90.0,0
0,0.0,0.0,0.0,0.0,0.0,63.0,88.0,86.0,86.0,62.0,60.0,72.0,75.0,60.0,0,0,0,65.0,85.0,0
0,0.0,0.0,0.0,0.0,0.0,63.0,82.0,89.0,83.0,57.0,54.0,85.0,73.0,82.0,0,0,0,49.0,87.0,0
0,0.0,0.0,0.0,0.0,0.0,63.0,94.0,96.0,94.0,49.0,55.0,75.0,65.0,66.0,0,0,0,42.0,82.0,0
0,0.0,0.0,0.0,0.0,0.0,63.0,83.0,79.0,81.0,74.0,50.0,77.0,73.0,79.0,0,0,0,87.0,90.0,0
0,0.0,0.0,0.0,0.0,0.0,63.0,90.0,94.0,96.0,43.0,49.0,69.0,77.0,78.0,0,0,0,49.0,90.0,0
0,0.0,0.0,0.0,0.0,0.0,63.0,90.0,94.0,96.0,43.0,49.0,69.0,77.0,78.0,0,0,0,49.0,90.0,0
0,0.0,0.0,0.0,0.0,0.0,63.0,90.0,94.0,96.0,43.0,49.0,69.0,77.0,78.0,0,0,0,49.0,90.0,0
0,0.0,0.0,4.0,0.0,0.0,63.0,90.0,91.0,87.0,42.0,73.0,72.0,66.0,63.0,0,0,0,45.0,84.0,0
0,0.0,0.0,0.0,0.0,0.0,63.0,90.0,94.0,91.0,48.0,52.0,67.0,75.0,65.0,0,0,0,54.0,85.0,0
0,0.0,0.0,0.0,0.0,0.0,63.0,85.0,85.0,86.0,43.0,60.0,74.0,62.0,70.0,0,0,0,46.0,81.0,0
0,0.0,0.0,9.0,0.0,0.0,62.0,95.0,92.0,87.0,34.0,60.0,67.0,64.0,80.0,0,0,0,44.0,91.0,0
0,0.0,0.0,3.0,0.0,0.0,62.0,89.0,91.0,87.0,45.0,49.0,76.0,85.0,75.0,0,0,0,65.0,87.0,0
0,0.0,0.0,0.0,0.0,0.0,62.0,82.0,75.0,87.0,66.0,66.0,86.0,74.0,81.0,0,0,0,64.0,86.0,0
0,0.0,0.0,0.0,0.0,0.0,62.0,83.0,91.0,93.0,59.0,50.0,77.0,74.0,66.0,0,0,0,39.0,89.0,0
0,0.0,0.0,0.0,0.0,0.0,62.0,96.0,92.0,83.0,68.0,49.0,75.0,59.0,76.0,0,0,0,69.0,95.0,0
0,0.0,0.0,0.0,0.0,0.0,61.0,83.0,87.0,88.0,49.0,52.0,78.0,83.0,65.0,0,0,0,52.0,81.0,0
0,0.0,0.0,0.0,0.0,0.0,61.0,79.0,83.0,80.0,66.0,57.0,73.0,68.0,75.0,0,0,0,70.0,78.0,0
0,0.0,0.0,0.0,0.0,0.0,61.0,88.0,83.0,84.0,58.0,52.0,76.0,78.0,65.0,0,0,0,72.0,93.0,0
0,0.0,0.0,0.0,0.0,0.0,61.0,92.0,85.0,82.0,64.0,48.0,67.0,63.0,74.0,0,0,0,78.0,88.0,0
0,0.0,0.0,0.0,0.0,0.0,61.0,92.0,85.0,82.0,64.0,48.0,67.0,63.0,74.0,0,0,0,78.0,88.0,0
0,0.0,0.0,0.0,0.0,0.0,61.0,83.0,81.0,84.0,45.0,56.0,78.0,71.0,74.0,0,0,0,88.0,83.0,0
0,0.0,0.0,0.0,0.0,0.0,61.0,91.0,85.0,84.0,57.0,52.0,71.0,76.0,63.0,0,0,0,74.0,83.0,0
0,0.0,0.0,0.0,0.0,0.0,61.0,91.0,95.0,93.0,45.0,45.0,74.0,83.0,62.0,0,0,0,44.0,80.0,0
0,0.0,0.0,0.0,0.0,0.0,61.0,89.0,94.0,89.0,46.0,53.0,69.0,77.0,76.0,0,0,0,44.0,85.0,0
0,0.0,0.0,0.0,0.0,0.0,61.0,92.0,94.0,86.0,43.0,44.0,76.0,83.0,74.0,0,0,0,47.0,91.0,0
0,0.0,0.0,0.0,0.0,0.0,61.0,94.0,86.0,82.0,60.0,44.0,71.0,60.0,73.0,0,0,0,80.0,92.0,0
0,0.0,0.0,0.0,0.0,0.0,61.0,85.0,82.0,81.0,71.0,49.0,68.0,85.0,77.0,0,0,0,86.0,92.0,0
0,0.0,0.0,0.0,0.0,0.0,61.0,86.0,89.0,87.0,52.0,53.0,72.0,74.0,64.0,0,0,0,67.0,87.0,0
0,0.0,0.0,0.0,0.0,0.0,61.0,85.0,80.0,83.0,57.0,57.0,65.0,68.0,73.0,0,0,0,77.0,95.0,0
0,0.0,0.0,0.0,0.0,0.0,61.0,84.0,89.0,88.0,45.0,55.0,83.0,76.0,78.0,0,0,0,37.0,75.0,0
0,0.0,0.0,0.0,0.0,0.0,60.0,85.0,86.0,85.0,56.0,49.0,75.0,68.0,74.0,0,0,0,65.0,87.0,0
0,0.0,0.0,0.0,0.0,0.0,60.0,90.0,94.0,84.0,49.0,60.0,73.0,76.0,68.0,0,0,0,39.0,89.0,0
0,0.0,0.0,0.0,0.0,0.0,60.0,88.0,76.0,77.0,69.0,40.0,67.0,69.0,79.0,0,0,0,79.0,88.0,0
0,0.0,0.0,22.0,0.0,0.0,60.0,86.0,82.0,81.0,66.0,54.0,75.0,74.0,78.0,0,0,0,73.0,87.0,0
0,0.0,0.0,0.0,0.0,0.0,60.0,93.0,96.0,93.0,44.0,49.0,68.0,74.0,65.0,0,0,0,56.0,78.0,0
0,0.0,0.0,0.0,0.0,0.0,60.0,86.0,82.0,85.0,52.0,49.0,73.0,82.0,79.0,0,0,0,80.0,88.0,0
0,0.0,0.0,0.0,0.0,0.0,60.0,94.0,87.0,91.0,49.0,46.0,74.0,77.0,62.0,0,0,0,39.0,84.0,0
0,0.0,0.0,0.0,0.0,0.0,60.0,87.0,88.0,87.0,62.0,46.0,77.0,63.0,66.0,0,0,0,67.0,91.0,0
0,0.0,0.0,0.0,0.0,0.0,59.0,87.0,85.0,86.0,60.0,55.0,71.0,64.0,70.0,0,0,0,67.0,86.0,0
0,0.0,0.0,0.0,0.0,0.0,59.0,90.0,94.0,88.0,49.0,53.0,69.0,57.0,56.0,0,0,0,63.0,86.0,0
0,0.0,0.0,0.0,0.0,0.0,59.0,84.0,87.0,80.0,58.0,47.0,73.0,73.0,82.0,0,0,0,77.0,87.0,0
0,0.0,0.0,0.0,0.0,0.0,59.0,83.0,88.0,85.0,59.0,52.0,75.0,69.0,73.0,0,0,0,45.0,75.0,0
0,0.0,0.0,0.0,0.0,0.0,59.0,89.0,94.0,91.0,56.0,36.0,75.0,77.0,72.0,0,0,0,75.0,90.0,0
0,0.0,0.0,0.0,0.0,0.0,59.0,87.0,88.0,85.0,56.0,49.0,70.0,74.0,68.0,0,0,0,61.0,86.0,0
0,0.0,0.0,0.0,0.0,0.0,59.0,87.0,88.0,85.0,56.0,49.0,70.0,74.0,68.0,0,0,0,61.0,86.0,0
0,0.0,0.0,1.0,0.0,0.0,59.0,93.0,89.0,91.0,46.0,52.0,69.0,73.0,61.0,0,0,0,44.0,87.0,0
0,0.0,0.0,0.0,0.0,0.0,58.0,94.0,95.0,88.0,48.0,48.0,68.0,71.0,65.0,0,0,0,51.0,90.0,0
0,0.0,0.0,0.0,0.0,0.0,58.0,88.0,90.0,91.0,52.0,46.0,71.0,73.0,67.0,0,0,0,70.0,76.0,0
0,0.0,0.0,0.0,0.0,0.0,58.0,93.0,91.0,88.0,46.0,39.0,71.0,77.0,69.0,0,0,0,72.0,88.0,0
0,0.0,0.0,0.0,0.0,0.0,58.0,84.0,90.0,87.0,50.0,54.0,76.0,75.0,71.0,0,0,0,35.0,76.0,0
0,0.0,0.0,0.0,0.0,0.0,57.0,95.0,94.0,93.0,56.0,42.0,66.0,63.0,66.0,0,0,0,76.0,93.0,0
0,0.0,0.0,0.0,0.0,0.0,57.0,88.0,86.0,85.0,51.0,48.0,71.0,65.0,74.0,0,0,0,46.0,86.0,0
0,0.0,0.0,0.0,0.0,0.0,57.0,87.0,90.0,83.0,38.0,44.0,76.0,68.0,75.0,0,0,0,35.0,80.0,0
0,0.0,0.0,0.0,0.0,0.0,57.0,93.0,80.0,85.0,57.0,40.0,68.0,79.0,80.0,0,0,0,72.0,85.0,0
0,0.0,0.0,12.0,0.0,0.0,57.0,92.0,94.0,92.0,33.0,50.0,77.0,62.0,74.0,0,0,0,32.0,87.0,0
0,0.0,0.0,0.0,0.0,0.0,57.0,87.0,89.0,87.0,51.0,43.0,72.0,67.0,66.0,0,0,0,49.0,92.0,0
0,0.0,0.0,0.0,0.0,0.0,56.0,95.0,95.0,88.0,60.0,39.0,65.0,63.0,74.0,0,0,0,47.0,97.0,0
0,0.0,0.0,0.0,0.0,0.0,56.0,84.0,81.0,85.0,63.0,53.0,70.0,77.0,64.0,0,0,0,61.0,89.0,0
0,0.0,0.0,0.0,0.0,0.0,56.0,91.0,86.0,81.0,47.0,51.0,69.0,44.0,61.0,0,0,0,76.0,92.0,0
0,0.0,0.0,0.0,0.0,0.0,56.0,91.0,95.0,83.0,63.0,48.0,65.0,65.0,59.0,0,0,0,67.0,95.0,0
0,0.0,0.0,0.0,0.0,0.0,56.0,86.0,85.0,88.0,57.0,38.0,72.0,78.0,83.0,0,0,0,63.0,86.0,0
0,0.0,0.0,0.0,0.0,0.0,56.0,86.0,79.0,81.0,72.0,40.0,68.0,62.0,72.0,0,0,0,75.0,89.0,0
0,0.0,0.0,0.0,0.0,0.0,56.0,87.0,88.0,94.0,44.0,35.0,69.0,77.0,67.0,0,0,0,79.0,94.0,0
0,0.0,0.0,0.0,0.0,0.0,56.0,87.0,81.0,79.0,56.0,42.0,73.0,64.0,71.0,0,0,0,73.0,91.0,0
0,0.0,0.0,0.0,0.0,0.0,56.0,97.0,95.0,92.0,67.0,36.0,66.0,77.0,47.0,0,0,0,69.0,88.0,0
0,0.0,0.0,0.0,0.0,0.0,56.0,87.0,85.0,82.0,59.0,38.0,68.0,76.0,63.0,0,0,0,69.0,84.0,0
0,0.0,0.0,0.0,0.0,0.0,55.0,83.0,85.0,88.0,67.0,43.0,72.0,81.0,75.0,0,0,0,57.0,85.0,0
0,0.0,0.0,0.0,0.0,0.0,55.0,92.0,88.0,86.0,61.0,46.0,72.0,73.0,60.0,0,0,0,65.0,85.0,0
0,0.0,0.0,0.0,0.0,0.0,55.0,90.0,88.0,85.0,65.0,47.0,66.0,53.0,61.0,0,0,0,77.0,91.0,0
0,0.0,0.0,0.0,0.0,0.0,55.0,86.0,86.0,80.0,55.0,52.0,70.0,72.0,64.0,0,0,0,48.0,83.0,0
0,0.0,0.0,0.0,0.0,0.0,55.0,87.0,93.0,88.0,34.0,42.0,74.0,52.0,73.0,0,0,0,44.0,82.0,0
0,0.0,0.0,0.0,0.0,0.0,55.0,87.0,91.0,79.0,73.0,37.0,69.0,62.0,77.0,0,0,0,74.0,90.0,0
0,0.0,0.0,0.0,0.0,0.0,55.0,95.0,92.0,90.0,46.0,35.0,65.0,62.0,68.0,0,0,0,56.0,87.0,0
0,0.0,0.0,0.0,0.0,0.0,55.0,84.0,87.0,86.0,44.0,47.0,74.0,64.0,74.0,0,0,0,43.0,75.0,0
0,0.0,0.0,0.0,0.0,0.0,55.0,86.0,94.0,89.0,54.0,50.0,72.0,66.0,59.0,0,0,0,40.0,84.0,0
0,0.0,0.0,4.0,0.0,0.0,55.0,97.0,96.0,87.0,32.0,52.0,66.0,52.0,47.0,0,0,0,37.0,88.0,0
0,0.0,0.0,0.0,0.0,0.0,55.0,92.0,90.0,88.0,72.0,40.0,72.0,73.0,59.0,0,0,0,55.0,94.0,0
0,0.0,0.0,0.0,0.0,0.0,54.0,93.0,87.0,85.0,62.0,41.0,68.0,54.0,65.0,0,0,0,59.0,93.0,0
0,0.0,0.0,0.0,0.0,0.0,54.0,92.0,94.0,92.0,35.0,41.0,65.0,56.0,61.0,0,0,0,49.0,87.0,0
0,0.0,0.0,0.0,0.0,0.0,53.0,92.0,88.0,90.0,52.0,45.0,70.0,49.0,52.0,0,0,0,49.0,85.0,0
0,0.0,0.0,0.0,0.0,0.0,53.0,94.0,93.0,85.0,55.0,37.0,65.0,70.0,61.0,0,0,0,52.0,89.0,0
0,0.0,0.0,32.0,0.0,0.0,53.0,93.0,95.0,89.0,40.0,59.0,67.0,48.0,41.0,0,0,0,42.0,80.0,0
0,0.0,0.0,0.0,0.0,0.0,53.0,93.0,95.0,89.0,40.0,59.0,67.0,48.0,41.0,0,0,0,42.0,80.0,0
0,0.0,0.0,0.0,0.0,0.0,53.0,93.0,94.0,82.0,42.0,40.0,65.0,65.0,66.0,0,0,0,37.0,90.0,0
0,0.0,0.0,0.0,0.0,0.0,51.0,97.0,95.0,93.0,39.0,40.0,65.0,72.0,57.0,0,0,0,36.0,98.0,0
0,0.0,27.0,0.0,0.0,0.0,99.0,95.0,0.0,96.0,0.0,91.0,97.0,99.0,94.0,0,0,0,99.0,98.0,0
0,0.0,32.0,0.0,0.0,0.0,97.0,91.0,0.0,92.0,0.0,98.0,97.0,87.0,98.0,0,0,0,97.0,91.0,0
0,0.0,32.0,94.0,2.0,7.0,97.0,91.0,0.0,92.0,0.0,98.0,97.0,87.0,98.0,0,0,0,97.0,91.0,0
0,0.0,29.0,83.0,1.0,6.0,95.0,88.0,0.0,92.0,0.0,93.0,94.0,90.0,97.0,0,0,0,99.0,92.0,0
0,0.0,29.0,30.0,0.0,0.0,95.0,88.0,0.0,92.0,0.0,93.0,94.0,90.0,97.0,0,0,0,99.0,92.0,0
0,0.0,25.0,77.0,0.0,7.0,94.0,90.0,0.0,95.0,0.0,85.0,96.0,97.0,92.0,0,0,0,97.0,97.0,0
0,0.0,32.0,0.0,0.0,0.0,93.0,85.0,0.0,96.0,0.0,98.0,96.0,87.0,98.0,0,0,0,72.0,74.0,0
0,0.0,31.0,88.0,1.0,4.0,93.0,89.0,0.0,90.0,0.0,94.0,96.0,87.0,91.0,0,0,0,86.0,92.0,0
0,0.0,30.0,77.0,0.0,3.0,92.0,90.0,0.0,86.0,0.0,92.0,94.0,95.0,96.0,0,0,0,98.0,95.0,0
0,0.0,30.0,93.0,1.0,11.0,92.0,87.0,0.0,90.0,0.0,93.0,94.0,98.0,94.0,0,0,0,95.0,98.0,0
0,0.0,24.0,61.0,1.0,3.0,92.0,92.0,0.0,96.0,0.0,80.0,97.0,97.0,88.0,0,0,0,92.0,98.0,0
0,0.0,24.0,101.0,2.0,7.0,92.0,95.0,0.0,94.0,0.0,77.0,90.0,96.0,91.0,0,0,0,98.0,96.0,0
0,0.0,25.0,43.0,0.0,1.0,92.0,96.0,0.0,98.0,0.0,84.0,91.0,87.0,85.0,0,0,0,77.0,90.0,0
0,0.0,34.0,116.0,1.0,6.0,91.0,86.0,0.0,87.0,0.0,98.0,97.0,91.0,96.0,0,0,0,78.0,85.0,0
0,0.0,25.0,69.0,0.0,5.0,90.0,96.0,0.0,92.0,0.0,84.0,92.0,93.0,89.0,0,0,0,95.0,95.0,0
0,0.0,25.0,53.0,0.0,0.0,90.0,88.0,0.0,89.0,0.0,82.0,91.0,89.0,92.0,0,0,0,90.0,92.0,0
0,0.0,26.0,0.0,0.0,0.0,90.0,95.0,0.0,94.0,0.0,82.0,90.0,96.0,87.0,0,0,0,82.0,93.0,0
0,0.0,34.0,30.0,0.0,0.0,90.0,92.0,0.0,93.0,0.0,94.0,91.0,86.0,92.0,0,0,0,79.0,90.0,0
0,0.0,34.0,0.0,0.0,0.0,90.0,92.0,0.0,93.0,0.0,94.0,91.0,86.0,92.0,0,0,0,79.0,90.0,0
0,0.0,34.0,0.0,0.0,0.0,90.0,92.0,0.0,93.0,0.0,94.0,91.0,86.0,92.0,0,0,0,79.0,90.0,0
0,0.0,34.0,21.0,0.0,0.0,90.0,92.0,0.0,93.0,0.0,94.0,91.0,86.0,92.0,0,0,0,79.0,90.0,0
0,0.0,34.0,0.0,0.0,0.0,90.0,92.0,0.0,93.0,0.0,94.0,91.0,86.0,92.0,0,0,0,79.0,90.0,0
0,0.0,34.0,23.0,0.0,1.0,90.0,92.0,0.0,93.0,0.0,94.0,91.0,86.0,92.0,0,0,0,79.0,90.0,0
0,0.0,30.0,72.0,0.0,0.0,90.0,86.0,0.0,85.0,0.0,94.0,96.0,91.0,99.0,0,0,0,99.0,92.0,0
0,0.0,27.0,33.0,0.0,0.0,89.0,85.0,0.0,91.0,0.0,85.0,90.0,85.0,87.0,0,0,0,97.0,91.0,0
0,0.0,25.0,40.0,0.0,0.0,89.0,91.0,0.0,87.0,0.0,85.0,89.0,92.0,95.0,0,0,0,96.0,95.0,0
0,0.0,28.0,73.0,0.0,1.0,89.0,90.0,0.0,86.0,0.0,92.0,93.0,92.0,93.0,0,0,0,94.0,84.0,0
0,0.0,28.0,50.0,0.0,1.0,88.0,88.0,0.0,88.0,0.0,86.0,88.0,96.0,94.0,0,0,0,98.0,97.0,0
0,0.0,32.0,86.0,0.0,3.0,88.0,85.0,0.0,85.0,0.0,95.0,87.0,82.0,98.0,0,0,0,92.0,86.0,0
0,0.0,23.0,64.0,0.0,1.0,88.0,92.0,0.0,97.0,0.0,79.0,93.0,84.0,93.0,0,0,0,79.0,86.0,0
0,0.0,29.0,66.0,0.0,2.0,88.0,93.0,0.0,92.0,0.0,90.0,89.0,93.0,82.0,0,0,0,82.0,90.0,0
0,0.0,26.0,45.0,0.0,0.0,87.0,87.0,0.0,87.0,0.0,88.0,88.0,81.0,95.0,0,0,0,88.0,82.0,0
0,0.0,27.0,57.0,0.0,1.0,87.0,98.0,0.0,94.0,0.0,83.0,86.0,92.0,81.0,0,0,0,81.0,90.0,0
0,0.0,29.0,0.0,0.0,0.0,87.0,86.0,0.0,86.0,0.0,89.0,92.0,92.0,97.0,0,0,0,96.0,86.0,0
0,0.0,29.0,0.0,0.0,0.0,87.0,86.0,0.0,86.0,0.0,89.0,92.0,92.0,97.0,0,0,0,96.0,86.0,0
0,0.0,29.0,0.0,0.0,0.0,87.0,86.0,0.0,86.0,0.0,89.0,92.0,92.0,97.0,0,0,0,96.0,86.0,0
0,0.0,29.0,5.0,0.0,0.0,87.0,86.0,0.0,86.0,0.0,89.0,92.0,92.0,97.0,0,0,0,96.0,86.0,0
0,0.0,29.0,42.0,0.0,0.0,87.0,86.0,0.0,86.0,0.0,89.0,92.0,92.0,97.0,0,0,0,96.0,86.0,0
0,0.0,29.0,56.0,0.0,0.0,87.0,86.0,0.0,86.0,0.0,89.0,92.0,92.0,97.0,0,0,0,96.0,86.0,0
0,0.0,29.0,46.0,0.0,0.0,87.0,86.0,0.0,86.0,0.0,89.0,92.0,92.0,97.0,0,0,0,96.0,86.0,0
0,0.0,28.0,54.0,0.0,0.0,87.0,95.0,0.0,92.0,0.0,80.0,88.0,87.0,80.0,0,0,0,81.0,91.0,0
0,0.0,26.0,33.0,0.0,1.0,86.0,89.0,0.0,88.0,0.0,84.0,88.0,95.0,88.0,0,0,0,90.0,95.0,0
0,0.0,25.0,0.0,0.0,0.0,86.0,93.0,0.0,93.0,0.0,82.0,90.0,86.0,85.0,0,0,0,76.0,85.0,0
0,0.0,25.0,92.0,4.0,7.0,86.0,93.0,0.0,93.0,0.0,82.0,90.0,86.0,85.0,0,0,0,76.0,85.0,0
0,0.0,26.0,0.0,0.0,0.0,85.0,87.0,0.0,88.0,0.0,83.0,88.0,89.0,90.0,0,0,0,90.0,94.0,0
0,0.0,26.0,38.0,0.0,0.0,85.0,87.0,0.0,88.0,0.0,83.0,88.0,89.0,90.0,0,0,0,90.0,94.0,0
0,0.0,26.0,0.0,0.0,0.0,85.0,87.0,0.0,88.0,0.0,83.0,88.0,89.0,90.0,0,0,0,90.0,94.0,0
0,0.0,26.0,0.0,0.0,0.0,85.0,87.0,0.0,88.0,0.0,83.0,88.0,89.0,90.0,0,0,0,90.0,94.0,0
0,0.0,26.0,3.0,0.0,0.0,85.0,87.0,0.0,88.0,0.0,83.0,88.0,89.0,90.0,0,0,0,90.0,94.0,0
0,0.0,26.0,0.0,0.0,0.0,85.0,87.0,0.0,88.0,0.0,83.0,88.0,89.0,90.0,0,0,0,90.0,94.0,0
0,0.0,26.0,0.0,0.0,0.0,85.0,87.0,0.0,88.0,0.0,83.0,88.0,89.0,90.0,0,0,0,90.0,94.0,0
0,0.0,26.0,2.0,0.0,0.0,85.0,87.0,0.0,88.0,0.0,83.0,88.0,89.0,90.0,0,0,0,90.0,94.0,0
0,0.0,26.0,24.0,0.0,0.0,85.0,87.0,0.0,88.0,0.0,83.0,88.0,89.0,90.0,0,0,0,90.0,94.0,0
0,0.0,26.0,12.0,0.0,0.0,85.0,87.0,0.0,88.0,0.0,83.0,88.0,89.0,90.0,0,0,0,90.0,94.0,0
0,0.0,26.0,25.0,0.0,0.0,85.0,87.0,0.0,88.0,0.0,83.0,88.0,89.0,90.0,0,0,0,90.0,94.0,0
0,0.0,26.0,38.0,0.0,0.0,85.0,87.0,0.0,88.0,0.0,83.0,88.0,89.0,90.0,0,0,0,90.0,94.0,0
0,0.0,26.0,75.0,0.0,3.0,85.0,98.0,0.0,98.0,0.0,82.0,84.0,93.0,74.0,0,0,0,73.0,87.0,0
0,0.0,24.0,37.0,0.0,0.0,85.0,95.0,0.0,91.0,0.0,78.0,87.0,90.0,84.0,0,0,0,80.0,92.0,0
0,0.0,30.0,0.0,0.0,0.0,85.0,89.0,0.0,94.0,0.0,87.0,92.0,79.0,87.0,0,0,0,66.0,82.0,0
0,0.0,29.0,0.0,0.0,0.0,84.0,88.0,0.0,89.0,0.0,88.0,89.0,88.0,83.0,0,0,0,75.0,89.0,0
0,0.0,29.0,47.0,0.0,0.0,84.0,95.0,0.0,93.0,0.0,86.0,85.0,95.0,75.0,0,0,0,72.0,88.0,0
0,0.0,25.0,50.0,0.0,0.0,83.0,93.0,0.0,92.0,0.0,82.0,87.0,87.0,81.0,0,0,0,72.0,87.0,0
0,0.0,25.0,0.0,0.0,0.0,83.0,94.0,0.0,90.0,0.0,77.0,88.0,88.0,83.0,0,0,0,69.0,91.0,0
0,0.0,27.0,0.0,0.0,0.0,83.0,85.0,0.0,95.0,0.0,88.0,95.0,76.0,89.0,0,0,0,51.0,76.0,0
0,0.0,24.0,35.0,0.0,0.0,83.0,88.0,0.0,86.0,0.0,78.0,85.0,84.0,92.0,0,0,0,92.0,91.0,0
0,0.0,25.0,0.0,0.0,0.0,82.0,89.0,0.0,90.0,0.0,74.0,85.0,93.0,90.0,0,0,0,91.0,97.0,0
0,0.0,24.0,15.0,0.0,0.0,82.0,94.0,0.0,96.0,0.0,76.0,84.0,95.0,73.0,0,0,0,74.0,96.0,0
0,0.0,22.0,0.0,0.0,0.0,81.0,92.0,0.0,91.0,0.0,71.0,84.0,89.0,84.0,0,0,0,88.0,89.0,0
0,0.0,31.0,0.0,0.0,0.0,81.0,87.0,0.0,85.0,0.0,83.0,87.0,94.0,85.0,0,0,0,93.0,96.0,0
0,0.0,26.0,32.0,0.0,0.0,81.0,87.0,0.0,86.0,0.0,86.0,88.0,86.0,91.0,0,0,0,79.0,79.0,0
0,0.0,28.0,22.0,0.0,0.0,81.0,93.0,0.0,92.0,0.0,82.0,83.0,93.0,74.0,0,0,0,71.0,94.0,0
0,0.0,23.0,9.0,0.0,0.0,81.0,87.0,0.0,88.0,0.0,70.0,90.0,93.0,87.0,0,0,0,91.0,88.0,0
0,0.0,29.0,30.0,1.0,1.0,81.0,94.0,0.0,93.0,0.0,77.0,79.0,88.0,74.0,0,0,0,81.0,88.0,0
0,0.0,34.0,72.0,0.0,1.0,81.0,94.0,0.0,93.0,0.0,90.0,87.0,85.0,73.0,0,0,0,53.0,87.0,0
0,0.0,25.0,0.0,0.0,0.0,80.0,93.0,0.0,94.0,0.0,76.0,83.0,88.0,84.0,0,0,0,67.0,91.0,0
0,0.0,25.0,58.0,0.0,1.0,80.0,93.0,0.0,94.0,0.0,76.0,83.0,88.0,84.0,0,0,0,67.0,91.0,0
0,0.0,23.0,72.0,0.0,4.0,79.0,95.0,0.0,96.0,0.0,75.0,85.0,88.0,81.0,0,0,0,60.0,86.0,0
0,0.0,26.0,23.0,0.0,0.0,79.0,97.0,0.0,87.0,0.0,73.0,76.0,84.0,77.0,0,0,0,84.0,92.0,0
0,0.0,26.0,17.0,0.0,0.0,79.0,86.0,0.0,90.0,0.0,76.0,85.0,86.0,83.0,0,0,0,82.0,86.0,0
0,0.0,30.0,29.0,0.0,0.0,79.0,82.0,0.0,84.0,0.0,82.0,86.0,82.0,95.0,0,0,0,87.0,82.0,0
0,0.0,28.0,21.0,0.0,0.0,79.0,87.0,0.0,89.0,0.0,81.0,80.0,85.0,82.0,0,0,0,84.0,90.0,0
0,0.0,25.0,24.0,1.0,3.0,78.0,92.0,0.0,92.0,0.0,75.0,83.0,79.0,82.0,0,0,0,73.0,85.0,0
0,0.0,30.0,0.0,0.0,0.0,78.0,93.0,0.0,92.0,0.0,83.0,82.0,88.0,74.0,0,0,0,74.0,92.0,0
0,0.0,23.0,28.0,0.0,0.0,78.0,92.0,0.0,97.0,0.0,67.0,85.0,83.0,75.0,0,0,0,69.0,90.0,0
0,0.0,26.0,19.0,0.0,0.0,77.0,86.0,0.0,86.0,0.0,76.0,88.0,74.0,89.0,0,0,0,74.0,80.0,0
0,0.0,26.0,43.0,0.0,0.0,77.0,86.0,0.0,85.0,0.0,74.0,83.0,82.0,86.0,0,0,0,83.0,87.0,0
0,0.0,27.0,61.0,0.0,0.0,77.0,87.0,0.0,88.0,0.0,77.0,83.0,73.0,84.0,0,0,0,63.0,84.0,0
0,0.0,25.0,0.0,0.0,0.0,77.0,90.0,0.0,86.0,0.0,76.0,80.0,69.0,85.0,0,0,0,80.0,92.0,0
0,0.0,31.0,39.0,0.0,0.0,77.0,85.0,0.0,79.0,0.0,87.0,82.0,74.0,86.0,0,0,0,87.0,91.0,0
0,0.0,27.0,0.0,0.0,0.0,76.0,85.0,0.0,93.0,0.0,86.0,90.0,70.0,77.0,0,0,0,49.0,77.0,0
0,0.0,24.0,12.0,0.0,0.0,76.0,87.0,0.0,91.0,0.0,73.0,76.0,83.0,68.0,0,0,0,84.0,95.0,0
0,0.0,24.0,8.0,0.0,0.0,76.0,87.0,0.0,91.0,0.0,73.0,76.0,83.0,68.0,0,0,0,84.0,95.0,0
0,0.0,29.0,21.0,0.0,0.0,76.0,94.0,0.0,93.0,0.0,79.0,79.0,78.0,72.0,0,0,0,61.0,85.0,0
0,0.0,27.0,31.0,0.0,0.0,76.0,93.0,0.0,95.0,0.0,75.0,80.0,83.0,67.0,0,0,0,56.0,89.0,0
0,0.0,22.0,21.0,0.0,0.0,76.0,90.0,0.0,86.0,0.0,70.0,83.0,83.0,86.0,0,0,0,86.0,82.0,0
0,0.0,32.0,45.0,0.0,0.0,76.0,92.0,0.0,91.0,0.0,80.0,82.0,79.0,65.0,0,0,0,59.0,90.0,0
0,0.0,28.0,17.0,0.0,0.0,76.0,91.0,0.0,91.0,0.0,75.0,82.0,88.0,68.0,0,0,0,65.0,86.0,0
0,0.0,22.0,26.0,0.0,0.0,76.0,95.0,0.0,98.0,0.0,62.0,82.0,84.0,74.0,0,0,0,63.0,85.0,0
0,0.0,25.0,63.0,0.0,2.0,76.0,94.0,0.0,94.0,0.0,76.0,83.0,84.0,74.0,0,0,0,65.0,92.0,0
0,0.0,23.0,48.0,0.0,1.0,75.0,88.0,0.0,83.0,0.0,65.0,88.0,89.0,80.0,0,0,0,86.0,91.0,0
0,0.0,23.0,28.0,0.0,0.0,75.0,89.0,0.0,86.0,0.0,65.0,79.0,89.0,84.0,0,0,0,88.0,89.0,0
0,0.0,23.0,12.0,0.0,0.0,75.0,95.0,0.0,94.0,0.0,71.0,81.0,88.0,75.0,0,0,0,57.0,85.0,0
0,0.0,31.0,51.0,0.0,0.0,75.0,82.0,0.0,83.0,0.0,83.0,84.0,72.0,89.0,0,0,0,76.0,83.0,0
0,0.0,24.0,41.0,0.0,0.0,74.0,86.0,0.0,89.0,0.0,65.0,85.0,87.0,84.0,0,0,0,77.0,88.0,0
0,0.0,28.0,12.0,0.0,0.0,74.0,92.0,0.0,90.0,0.0,72.0,75.0,74.0,78.0,0,0,0,70.0,90.0,0
0,0.0,26.0,0.0,0.0,0.0,74.0,84.0,0.0,84.0,0.0,72.0,80.0,76.0,83.0,0,0,0,84.0,88.0,0
0,0.0,26.0,0.0,0.0,0.0,74.0,95.0,0.0,91.0,0.0,70.0,78.0,77.0,76.0,0,0,0,63.0,89.0,0
0,0.0,24.0,52.0,0.0,0.0,74.0,85.0,0.0,92.0,0.0,66.0,84.0,92.0,76.0,0,0,0,76.0,91.0,0
0,0.0,24.0,9.0,0.0,0.0,74.0,85.0,0.0,92.0,0.0,66.0,84.0,92.0,76.0,0,0,0,76.0,91.0,0
0,0.0,21.0,77.0,0.0,6.0,74.0,84.0,0.0,90.0,0.0,59.0,86.0,86.0,79.0,0,0,0,83.0,90.0,0
0,0.0,27.0,35.0,0.0,0.0,74.0,94.0,0.0,94.0,0.0,76.0,77.0,69.0,71.0,0,0,0,55.0,87.0,0
0,0.0,25.0,21.0,0.0,1.0,74.0,92.0,0.0,94.0,0.0,72.0,80.0,79.0,74.0,0,0,0,56.0,80.0,0
0,0.0,26.0,11.0,0.0,0.0,74.0,88.0,0.0,84.0,0.0,75.0,78.0,73.0,81.0,0,0,0,76.0,90.0,0
0,0.0,22.0,4.0,0.0,0.0,74.0,96.0,0.0,88.0,0.0,65.0,76.0,90.0,79.0,0,0,0,82.0,93.0,0
0,0.0,28.0,0.0,0.0,0.0,74.0,97.0,0.0,94.0,0.0,74.0,69.0,75.0,64.0,0,0,0,69.0,88.0,0
0,0.0,26.0,12.0,0.0,0.0,74.0,98.0,0.0,96.0,0.0,70.0,76.0,88.0,74.0,0,0,0,58.0,88.0,0
0,0.0,24.0,0.0,0.0,0.0,74.0,92.0,0.0,92.0,0.0,70.0,80.0,80.0,77.0,0,0,0,65.0,89.0,0
0,0.0,36.0,70.0,0.0,0.0,74.0,85.0,0.0,81.0,0.0,81.0,78.0,88.0,82.0,0,0,0,88.0,93.0,0
0,0.0,21.0,82.0,3.0,5.0,74.0,89.0,0.0,88.0,0.0,57.0,87.0,79.0,89.0,0,0,0,74.0,91.0,0
0,0.0,32.0,37.0,0.0,0.0,74.0,83.0,0.0,83.0,0.0,86.0,82.0,74.0,87.0,0,0,0,70.0,82.0,0
0,0.0,27.0,18.0,0.0,0.0,74.0,91.0,0.0,94.0,0.0,74.0,75.0,86.0,73.0,0,0,0,68.0,98.0,0
0,0.0,30.0,47.0,3.0,4.0,73.0,98.0,0.0,92.0,0.0,77.0,69.0,76.0,69.0,0,0,0,64.0,90.0,0
0,0.0,28.0,0.0,0.0,0.0,73.0,91.0,0.0,94.0,0.0,78.0,76.0,73.0,71.0,0,0,0,56.0,82.0,0
0,0.0,29.0,17.0,0.0,0.0,73.0,91.0,0.0,93.0,0.0,72.0,73.0,74.0,70.0,0,0,0,67.0,87.0,0
0,0.0,28.0,26.0,0.0,0.0,73.0,92.0,0.0,87.0,0.0,74.0,73.0,85.0,73.0,0,0,0,81.0,88.0,0
0,0.0,24.0,4.0,0.0,0.0,73.0,91.0,0.0,87.0,0.0,65.0,76.0,88.0,77.0,0,0,0,83.0,97.0,0
0,0.0,24.0,8.0,0.0,0.0,73.0,89.0,0.0,85.0,0.0,66.0,74.0,82.0,85.0,0,0,0,86.0,89.0,0
0,0.0,26.0,19.0,0.0,0.0,73.0,93.0,0.0,88.0,0.0,74.0,74.0,81.0,71.0,0,0,0,62.0,93.0,0
0,0.0,27.0,7.0,0.0,0.0,73.0,87.0,0.0,91.0,0.0,72.0,89.0,71.0,84.0,0,0,0,52.0,77.0,0
0,0.0,29.0,10.0,0.0,0.0,73.0,87.0,0.0,88.0,0.0,71.0,81.0,72.0,77.0,0,0,0,78.0,86.0,0
0,0.0,24.0,23.0,0.0,0.0,73.0,87.0,0.0,93.0,0.0,74.0,84.0,80.0,75.0,0,0,0,49.0,82.0,0
0,0.0,25.0,3.0,0.0,0.0,73.0,87.0,0.0,92.0,0.0,69.0,87.0,74.0,82.0,0,0,0,48.0,78.0,0
0,0.0,26.0,49.0,0.0,1.0,73.0,93.0,0.0,92.0,0.0,74.0,80.0,69.0,74.0,0,0,0,46.0,92.0,0
0,0.0,26.0,21.0,0.0,0.0,73.0,93.0,0.0,92.0,0.0,74.0,80.0,69.0,74.0,0,0,0,46.0,92.0,0
0,0.0,26.0,2.0,0.0,0.0,73.0,93.0,0.0,92.0,0.0,74.0,80.0,69.0,74.0,0,0,0,46.0,92.0,0
0,0.0,25.0,0.0,0.0,0.0,73.0,93.0,0.0,88.0,0.0,65.0,79.0,81.0,79.0,0,0,0,74.0,90.0,0
0,0.0,24.0,11.0,0.0,0.0,73.0,87.0,0.0,82.0,0.0,64.0,77.0,90.0,85.0,0,0,0,87.0,88.0,0
0,0.0,25.0,8.0,0.0,0.0,73.0,84.0,0.0,89.0,0.0,72.0,82.0,74.0,87.0,0,0,0,64.0,88.0,0
0,0.0,25.0,12.0,0.0,0.0,73.0,91.0,0.0,88.0,0.0,71.0,80.0,82.0,79.0,0,0,0,79.0,90.0,0
0,0.0,22.0,42.0,4.0,4.0,73.0,93.0,0.0,93.0,0.0,51.0,81.0,92.0,83.0,0,0,0,75.0,93.0,0
0,0.0,27.0,0.0,0.0,0.0,72.0,94.0,0.0,97.0,0.0,68.0,79.0,73.0,74.0,0,0,0,49.0,91.0,0
0,0.0,28.0,12.0,0.0,0.0,72.0,82.0,0.0,81.0,0.0,72.0,81.0,66.0,82.0,0,0,0,75.0,82.0,0
0,0.0,25.0,79.0,0.0,6.0,72.0,92.0,0.0,93.0,0.0,70.0,77.0,83.0,74.0,0,0,0,58.0,88.0,0
0,0.0,25.0,6.0,0.0,0.0,72.0,92.0,0.0,93.0,0.0,70.0,77.0,83.0,74.0,0,0,0,58.0,88.0,0
0,0.0,25.0,0.0,0.0,0.0,72.0,92.0,0.0,93.0,0.0,70.0,77.0,83.0,74.0,0,0,0,58.0,88.0,0
0,0.0,27.0,5.0,0.0,0.0,72.0,85.0,0.0,85.0,0.0,66.0,77.0,85.0,79.0,0,0,0,81.0,95.0,0
0,0.0,22.0,6.0,0.0,0.0,72.0,87.0,0.0,85.0,0.0,54.0,87.0,94.0,77.0,0,0,0,82.0,91.0,0
0,0.0,30.0,0.0,0.0,0.0,72.0,90.0,0.0,97.0,0.0,76.0,71.0,66.0,69.0,0,0,0,63.0,90.0,0
0,0.0,31.0,36.0,0.0,0.0,72.0,97.0,0.0,87.0,0.0,77.0,75.0,83.0,72.0,0,0,0,63.0,83.0,0
0,0.0,25.0,0.0,0.0,0.0,72.0,96.0,0.0,92.0,0.0,63.0,75.0,87.0,73.0,0,0,0,72.0,87.0,0
0,0.0,25.0,10.0,0.0,0.0,72.0,87.0,0.0,89.0,0.0,65.0,81.0,72.0,84.0,0,0,0,73.0,84.0,0
0,0.0,25.0,12.0,0.0,1.0,71.0,89.0,0.0,88.0,0.0,66.0,82.0,85.0,82.0,0,0,0,55.0,81.0,0
0,0.0,23.0,2.0,0.0,0.0,71.0,93.0,0.0,91.0,0.0,60.0,81.0,79.0,81.0,0,0,0,51.0,91.0,0
0,0.0,23.0,2.0,0.0,0.0,71.0,93.0,0.0,91.0,0.0,60.0,81.0,79.0,81.0,0,0,0,51.0,91.0,0
0,0.0,27.0,7.0,0.0,0.0,71.0,92.0,0.0,92.0,0.0,68.0,75.0,75.0,67.0,0,0,0,58.0,90.0,0
0,0.0,22.0,7.0,0.0,0.0,71.0,89.0,0.0,91.0,0.0,55.0,84.0,84.0,72.0,0,0,0,75.0,86.0,0
0,0.0,24.0,12.0,0.0,0.0,71.0,85.0,0.0,91.0,0.0,66.0,77.0,80.0,68.0,0,0,0,74.0,90.0,0
0,0.0,22.0,9.0,0.0,0.0,71.0,92.0,0.0,94.0,0.0,50.0,78.0,92.0,76.0,0,0,0,80.0,95.0,0
0,0.0,25.0,16.0,0.0,0.0,70.0,95.0,0.0,87.0,0.0,70.0,69.0,69.0,69.0,0,0,0,65.0,91.0,0
0,0.0,23.0,52.0,0.0,0.0,70.0,88.0,0.0,91.0,0.0,54.0,82.0,90.0,67.0,0,0,0,76.0,87.0,0
0,0.0,23.0,53.0,0.0,0.0,70.0,88.0,0.0,91.0,0.0,54.0,82.0,90.0,67.0,0,0,0,76.0,87.0,0
0,0.0,21.0,36.0,0.0,0.0,70.0,89.0,0.0,85.0,0.0,55.0,81.0,88.0,75.0,0,0,0,65.0,86.0,0
0,0.0,21.0,0.0,0.0,0.0,70.0,89.0,0.0,85.0,0.0,55.0,81.0,88.0,75.0,0,0,0,65.0,86.0,0
0,0.0,21.0,1.0,0.0,0.0,70.0,89.0,0.0,85.0,0.0,55.0,81.0,88.0,75.0,0,0,0,65.0,86.0,0
0,0.0,21.0,59.0,0.0,0.0,70.0,89.0,0.0,85.0,0.0,55.0,81.0,88.0,75.0,0,0,0,65.0,86.0,0
0,0.0,24.0,7.0,0.0,0.0,70.0,96.0,0.0,92.0,0.0,67.0,78.0,84.0,72.0,0,0,0,58.0,84.0,0
0,0.0,27.0,4.0,0.0,0.0,70.0,95.0,0.0,87.0,0.0,70.0,80.0,72.0,78.0,0,0,0,44.0,88.0,0
0,0.0,25.0,17.0,0.0,0.0,70.0,86.0,0.0,83.0,0.0,70.0,78.0,78.0,83.0,0,0,0,73.0,87.0,0
0,0.0,26.0,3.0,0.0,0.0,70.0,93.0,0.0,86.0,0.0,69.0,74.0,81.0,77.0,0,0,0,65.0,88.0,0
0,0.0,27.0,0.0,2.0,10.0,70.0,90.0,0.0,88.0,0.0,70.0,74.0,68.0,74.0,0,0,0,68.0,85.0,0
0,0.0,22.0,13.0,0.0,0.0,70.0,93.0,0.0,91.0,0.0,57.0,79.0,83.0,71.0,0,0,0,68.0,90.0,0
0,0.0,26.0,9.0,0.0,0.0,69.0,95.0,0.0,88.0,0.0,68.0,75.0,78.0,75.0,0,0,0,55.0,91.0,0
0,0.0,23.0,6.0,0.0,0.0,69.0,89.0,0.0,88.0,0.0,46.0,83.0,83.0,82.0,0,0,0,56.0,84.0,0
0,0.0,23.0,1.0,0.0,0.0,69.0,83.0,0.0,85.0,0.0,63.0,81.0,90.0,78.0,0,0,0,71.0,91.0,0
0,0.0,23.0,4.0,0.0,0.0,69.0,85.0,0.0,84.0,0.0,69.0,85.0,74.0,85.0,0,0,0,67.0,87.0,0
0,0.0,24.0,12.0,0.0,0.0,69.0,93.0,0.0,93.0,0.0,70.0,77.0,79.0,72.0,0,0,0,45.0,87.0,0
0,0.0,23.0,0.0,0.0,0.0,69.0,88.0,0.0,90.0,0.0,54.0,82.0,83.0,85.0,0,0,0,77.0,88.0,0
0,0.0,23.0,0.0,0.0,0.0,69.0,88.0,0.0,90.0,0.0,54.0,82.0,83.0,85.0,0,0,0,77.0,88.0,0
0,0.0,26.0,5.0,0.0,1.0,69.0,91.0,0.0,91.0,0.0,70.0,72.0,74.0,68.0,0,0,0,57.0,82.0,0
0,0.0,24.0,0.0,0.0,0.0,68.0,84.0,0.0,85.0,0.0,66.0,79.0,70.0,85.0,0,0,0,67.0,75.0,0
0,0.0,23.0,25.0,0.0,0.0,68.0,96.0,0.0,95.0,0.0,65.0,74.0,75.0,74.0,0,0,0,51.0,90.0,0
0,0.0,27.0,3.0,0.0,0.0,68.0,96.0,0.0,92.0,0.0,64.0,71.0,81.0,64.0,0,0,0,66.0,90.0,0
0,0.0,25.0,1.0,0.0,0.0,68.0,91.0,0.0,89.0,0.0,67.0,81.0,72.0,83.0,0,0,0,51.0,78.0,0
0,0.0,24.0,4.0,0.0,0.0,68.0,82.0,0.0,82.0,0.0,65.0,79.0,77.0,74.0,0,0,0,73.0,91.0,0
0,0.0,26.0,0.0,0.0,0.0,68.0,87.0,0.0,89.0,0.0,65.0,73.0,77.0,69.0,0,0,0,64.0,86.0,0
0,0.0,25.0,0.0,0.0,0.0,68.0,88.0,0.0,85.0,0.0,65.0,75.0,90.0,76.0,0,0,0,75.0,87.0,0
0,0.0,23.0,24.0,0.0,0.0,68.0,91.0,0.0,91.0,0.0,68.0,77.0,75.0,81.0,0,0,0,40.0,90.0,0
0,0.0,22.0,2.0,0.0,0.0,67.0,87.0,0.0,86.0,0.0,52.0,80.0,84.0,74.0,0,0,0,60.0,78.0,0
0,0.0,27.0,4.0,0.0,0.0,67.0,98.0,0.0,95.0,0.0,69.0,70.0,71.0,63.0,0,0,0,40.0,88.0,0
0,0.0,24.0,3.0,0.0,0.0,67.0,89.0,0.0,87.0,0.0,62.0,78.0,87.0,75.0,0,0,0,68.0,87.0,0
0,0.0,23.0,0.0,0.0,0.0,67.0,85.0,0.0,87.0,0.0,64.0,80.0,72.0,75.0,0,0,0,51.0,88.0,0
0,0.0,23.0,27.0,0.0,0.0,67.0,91.0,0.0,85.0,0.0,47.0,84.0,89.0,74.0,0,0,0,77.0,83.0,0
0,0.0,25.0,0.0,0.0,0.0,67.0,89.0,0.0,84.0,0.0,65.0,74.0,84.0,78.0,0,0,0,73.0,86.0,0
0,0.0,30.0,0.0,0.0,0.0,67.0,94.0,0.0,91.0,0.0,65.0,69.0,87.0,65.0,0,0,0,56.0,93.0,0
0,0.0,23.0,0.0,0.0,0.0,67.0,87.0,0.0,83.0,0.0,65.0,75.0,83.0,76.0,0,0,0,72.0,83.0,0
0,0.0,23.0,0.0,0.0,0.0,67.0,92.0,0.0,94.0,0.0,62.0,75.0,84.0,68.0,0,0,0,48.0,80.0,0
0,0.0,33.0,0.0,0.0,0.0,67.0,81.0,0.0,81.0,0.0,80.0,69.0,65.0,72.0,0,0,0,82.0,87.0,0
0,0.0,26.0,0.0,0.0,0.0,67.0,87.0,0.0,86.0,0.0,65.0,74.0,72.0,77.0,0,0,0,76.0,88.0,0
0,0.0,23.0,0.0,0.0,0.0,67.0,84.0,0.0,80.0,0.0,60.0,76.0,75.0,84.0,0,0,0,83.0,87.0,0
0,0.0,21.0,1.0,0.0,0.0,67.0,93.0,0.0,89.0,0.0,42.0,74.0,84.0,82.0,0,0,0,77.0,85.0,0
0,0.0,26.0,2.0,0.0,0.0,67.0,90.0,0.0,92.0,0.0,70.0,73.0,82.0,69.0,0,0,0,44.0,85.0,0
0,0.0,30.0,4.0,0.0,0.0,67.0,90.0,0.0,87.0,0.0,76.0,74.0,68.0,67.0,0,0,0,48.0,84.0,0
0,0.0,23.0,2.0,0.0,0.0,67.0,90.0,0.0,88.0,0.0,55.0,74.0,78.0,83.0,0,0,0,73.0,89.0,0
0,0.0,23.0,7.0,0.0,0.0,67.0,94.0,0.0,94.0,0.0,61.0,76.0,73.0,70.0,0,0,0,51.0,92.0,0
0,0.0,20.0,6.0,0.0,0.0,66.0,89.0,0.0,85.0,0.0,41.0,83.0,90.0,81.0,0,0,0,74.0,93.0,0
0,0.0,25.0,1.0,0.0,0.0,66.0,91.0,0.0,84.0,0.0,50.0,76.0,83.0,75.0,0,0,0,84.0,88.0,0
0,0.0,22.0,0.0,0.0,0.0,66.0,89.0,0.0,92.0,0.0,42.0,75.0,87.0,81.0,0,0,0,84.0,94.0,0
0,0.0,26.0,0.0,0.0,0.0,66.0,88.0,0.0,93.0,0.0,69.0,75.0,79.0,66.0,0,0,0,43.0,79.0,0
0,0.0,25.0,0.0,0.0,0.0,66.0,87.0,0.0,89.0,0.0,66.0,71.0,67.0,73.0,0,0,0,65.0,86.0,0
0,0.0,24.0,0.0,0.0,0.0,66.0,87.0,0.0,84.0,0.0,65.0,74.0,76.0,72.0,0,0,0,62.0,83.0,0
0,0.0,25.0,0.0,0.0,0.0,66.0,89.0,0.0,86.0,0.0,67.0,73.0,75.0,68.0,0,0,0,67.0,85.0,0
0,0.0,24.0,2.0,0.0,0.0,66.0,90.0,0.0,95.0,0.0,64.0,72.0,71.0,79.0,0,0,0,61.0,83.0,0
0,0.0,26.0,4.0,0.0,0.0,66.0,91.0,0.0,87.0,0.0,64.0,67.0,74.0,64.0,0,0,0,70.0,88.0,0
0,0.0,25.0,1.0,0.0,0.0,66.0,91.0,0.0,95.0,0.0,64.0,73.0,79.0,67.0,0,0,0,68.0,87.0,0
0,0.0,25.0,0.0,0.0,0.0,66.0,90.0,0.0,85.0,0.0,59.0,72.0,78.0,71.0,0,0,0,74.0,86.0,0
0,0.0,21.0,35.0,0.0,0.0,66.0,93.0,0.0,90.0,0.0,52.0,75.0,83.0,82.0,0,0,0,54.0,86.0,0
0,0.0,28.0,1.0,0.0,0.0,66.0,86.0,0.0,85.0,0.0,61.0,75.0,59.0,73.0,0,0,0,70.0,74.0,0
0,0.0,27.0,0.0,0.0,0.0,66.0,88.0,0.0,87.0,0.0,65.0,75.0,78.0,72.0,0,0,0,75.0,93.0,0
0,0.0,23.0,0.0,0.0,0.0,66.0,90.0,0.0,83.0,0.0,59.0,73.0,66.0,78.0,0,0,0,78.0,88.0,0
0,0.0,24.0,0.0,0.0,0.0,65.0,85.0,0.0,81.0,0.0,60.0,81.0,68.0,84.0,0,0,0,74.0,75.0,0
0,0.0,23.0,2.0,0.0,0.0,65.0,92.0,0.0,96.0,0.0,52.0,73.0,77.0,80.0,0,0,0,58.0,89.0,0
0,0.0,22.0,0.0,0.0,0.0,65.0,94.0,0.0,91.0,0.0,57.0,81.0,61.0,85.0,0,0,0,40.0,90.0,0
0,0.0,27.0,4.0,0.0,0.0,65.0,84.0,0.0,90.0,0.0,64.0,80.0,72.0,69.0,0,0,0,42.0,97.0,0
0,0.0,31.0,0.0,0.0,0.0,65.0,84.0,0.0,85.0,0.0,75.0,74.0,67.0,59.0,0,0,0,60.0,80.0,0
0,0.0,24.0,0.0,0.0,0.0,65.0,88.0,0.0,94.0,0.0,57.0,78.0,70.0,80.0,0,0,0,38.0,90.0,0
0,0.0,23.0,22.0,0.0,0.0,65.0,86.0,0.0,85.0,0.0,61.0,77.0,76.0,78.0,0,0,0,75.0,87.0,0
0,0.0,25.0,4.0,0.0,0.0,65.0,85.0,0.0,82.0,0.0,55.0,81.0,83.0,84.0,0,0,0,48.0,88.0,0
0,0.0,27.0,0.0,0.0,0.0,65.0,96.0,0.0,87.0,0.0,51.0,71.0,74.0,64.0,0,0,0,67.0,94.0,0
0,0.0,27.0,0.0,0.0,0.0,65.0,86.0,0.0,92.0,0.0,65.0,74.0,67.0,76.0,0,0,0,41.0,80.0,0
0,0.0,25.0,5.0,0.0,0.0,65.0,87.0,0.0,78.0,0.0,62.0,82.0,67.0,83.0,0,0,0,66.0,84.0,0
0,0.0,24.0,13.0,0.0,0.0,65.0,93.0,0.0,90.0,0.0,41.0,77.0,78.0,69.0,0,0,0,82.0,94.0,0
0,0.0,24.0,6.0,0.0,0.0,65.0,93.0,0.0,90.0,0.0,41.0,77.0,78.0,69.0,0,0,0,82.0,94.0,0
0,0.0,24.0,39.0,0.0,0.0,65.0,93.0,0.0,90.0,0.0,41.0,77.0,78.0,69.0,0,0,0,82.0,94.0,0
0,0.0,24.0,47.0,0.0,0.0,65.0,93.0,0.0,90.0,0.0,41.0,77.0,78.0,69.0,0,0,0,82.0,94.0,0
0,0.0,24.0,7.0,0.0,0.0,65.0,93.0,0.0,90.0,0.0,41.0,77.0,78.0,69.0,0,0,0,82.0,94.0,0
0,0.0,24.0,3.0,0.0,0.0,65.0,87.0,0.0,80.0,0.0,50.0,79.0,73.0,76.0,0,0,0,81.0,90.0,0
0,0.0,29.0,0.0,0.0,0.0,65.0,85.0,0.0,85.0,0.0,65.0,75.0,59.0,73.0,0,0,0,73.0,82.0,0
0,0.0,24.0,0.0,0.0,0.0,65.0,88.0,0.0,83.0,0.0,58.0,74.0,76.0,73.0,0,0,0,73.0,82.0,0
0,0.0,23.0,0.0,0.0,0.0,65.0,93.0,0.0,95.0,0.0,40.0,75.0,83.0,74.0,0,0,0,67.0,94.0,0
0,0.0,22.0,24.0,0.0,0.0,64.0,98.0,0.0,92.0,0.0,47.0,74.0,81.0,72.0,0,0,0,53.0,88.0,0
0,0.0,24.0,0.0,0.0,0.0,64.0,83.0,0.0,88.0,0.0,61.0,76.0,83.0,73.0,0,0,0,54.0,81.0,0
0,0.0,24.0,0.0,0.0,0.0,64.0,94.0,0.0,92.0,0.0,49.0,73.0,64.0,76.0,0,0,0,39.0,92.0,0
0,0.0,24.0,0.0,0.0,0.0,64.0,85.0,0.0,81.0,0.0,45.0,73.0,73.0,84.0,0,0,0,82.0,89.0,0
0,0.0,24.0,0.0,0.0,0.0,64.0,84.0,0.0,83.0,0.0,51.0,76.0,65.0,82.0,0,0,0,80.0,82.0,0
0,0.0,25.0,0.0,0.0,0.0,64.0,91.0,0.0,82.0,0.0,58.0,75.0,62.0,70.0,0,0,0,78.0,92.0,0
0,0.0,26.0,0.0,0.0,0.0,64.0,87.0,0.0,86.0,0.0,61.0,73.0,69.0,75.0,0,0,0,67.0,86.0,0
0,0.0,25.0,1.0,0.0,0.0,64.0,95.0,0.0,86.0,0.0,53.0,73.0,69.0,74.0,0,0,0,65.0,91.0,0
0,0.0,25.0,0.0,0.0,0.0,64.0,91.0,0.0,88.0,0.0,59.0,69.0,66.0,64.0,0,0,0,67.0,95.0,0
0,0.0,23.0,0.0,0.0,0.0,64.0,90.0,0.0,96.0,0.0,57.0,69.0,77.0,78.0,0,0,0,49.0,90.0,0
0,0.0,23.0,0.0,0.0,0.0,64.0,90.0,0.0,96.0,0.0,57.0,69.0,77.0,78.0,0,0,0,49.0,90.0,0
0,0.0,23.0,0.0,0.0,0.0,64.0,90.0,0.0,96.0,0.0,57.0,69.0,77.0,78.0,0,0,0,49.0,90.0,0
0,0.0,23.0,0.0,0.0,0.0,64.0,83.0,0.0,90.0,0.0,49.0,83.0,69.0,87.0,0,0,0,48.0,82.0,0
0,0.0,25.0,0.0,0.0,0.0,64.0,87.0,0.0,87.0,0.0,60.0,73.0,75.0,71.0,0,0,0,67.0,87.0,0
0,0.0,23.0,0.0,0.0,0.0,64.0,90.0,0.0,87.0,0.0,60.0,77.0,66.0,81.0,0,0,0,53.0,86.0,0
0,0.0,26.0,4.0,0.0,0.0,64.0,88.0,0.0,93.0,0.0,65.0,69.0,74.0,62.0,0,0,0,68.0,95.0,0
0,0.0,26.0,0.0,0.0,0.0,63.0,86.0,0.0,88.0,0.0,42.0,72.0,76.0,69.0,0,0,0,72.0,89.0,0
0,0.0,25.0,0.0,0.0,0.0,63.0,83.0,0.0,81.0,0.0,50.0,77.0,73.0,79.0,0,0,0,87.0,90.0,0
0,0.0,21.0,0.0,0.0,0.0,63.0,87.0,0.0,89.0,0.0,54.0,84.0,80.0,75.0,0,0,0,42.0,80.0,0
0,0.0,24.0,0.0,0.0,0.0,63.0,91.0,0.0,83.0,0.0,52.0,72.0,78.0,73.0,0,0,0,74.0,87.0,0
0,0.0,26.0,1.0,0.0,0.0,63.0,87.0,0.0,92.0,0.0,55.0,73.0,75.0,74.0,0,0,0,46.0,85.0,0
0,0.0,24.0,0.0,0.0,0.0,63.0,94.0,0.0,87.0,0.0,60.0,74.0,76.0,66.0,0,0,0,52.0,89.0,0
0,0.0,25.0,0.0,0.0,0.0,63.0,94.0,0.0,88.0,0.0,55.0,78.0,84.0,81.0,0,0,0,45.0,88.0,0
0,0.0,23.0,20.0,0.0,0.0,63.0,84.0,0.0,79.0,0.0,56.0,78.0,67.0,82.0,0,0,0,85.0,88.0,0
0,0.0,25.0,0.0,0.0,0.0,63.0,92.0,0.0,85.0,0.0,56.0,72.0,81.0,65.0,0,0,0,76.0,90.0,0
0,0.0,22.0,3.0,0.0,0.0,63.0,88.0,0.0,95.0,0.0,47.0,76.0,67.0,74.0,0,0,0,54.0,81.0,0
0,0.0,25.0,0.0,0.0,0.0,63.0,82.0,0.0,83.0,0.0,60.0,80.0,73.0,82.0,0,0,0,49.0,87.0,0
0,0.0,23.0,38.0,0.0,0.0,63.0,94.0,0.0,89.0,0.0,46.0,73.0,83.0,69.0,0,0,0,73.0,82.0,0
0,0.0,23.0,3.0,0.0,0.0,63.0,94.0,0.0,89.0,0.0,46.0,73.0,83.0,69.0,0,0,0,73.0,82.0,0
0,0.0,23.0,0.0,0.0,0.0,63.0,90.0,0.0,87.0,0.0,50.0,72.0,73.0,74.0,0,0,0,75.0,91.0,0
0,0.0,23.0,0.0,0.0,0.0,63.0,93.0,0.0,87.0,0.0,51.0,72.0,82.0,77.0,0,0,0,73.0,85.0,0
0,0.0,23.0,0.0,0.0,0.0,63.0,87.0,0.0,89.0,0.0,43.0,79.0,85.0,75.0,0,0,0,84.0,83.0,0
0,0.0,26.0,0.0,0.0,0.0,62.0,88.0,0.0,77.0,0.0,47.0,69.0,69.0,79.0,0,0,0,79.0,88.0,0
0,0.0,23.0,0.0,0.0,0.0,62.0,84.0,0.0,82.0,0.0,45.0,78.0,72.0,79.0,0,0,0,77.0,87.0,0
0,0.0,24.0,7.0,0.0,0.0,62.0,89.0,0.0,85.0,0.0,52.0,73.0,77.0,72.0,0,0,0,55.0,88.0,0
0,0.0,23.0,0.0,0.0,0.0,62.0,96.0,0.0,83.0,0.0,49.0,75.0,59.0,76.0,0,0,0,69.0,95.0,0
0,0.0,24.0,2.0,0.0,0.0,62.0,85.0,0.0,80.0,0.0,55.0,74.0,67.0,83.0,0,0,0,72.0,87.0,0
0,0.0,25.0,0.0,0.0,0.0,62.0,88.0,0.0,85.0,0.0,55.0,74.0,65.0,74.0,0,0,0,51.0,86.0,0
0,0.0,26.0,0.0,0.0,0.0,62.0,91.0,0.0,82.0,0.0,55.0,68.0,63.0,74.0,0,0,0,78.0,88.0,0
0,0.0,26.0,0.0,0.0,0.0,62.0,91.0,0.0,82.0,0.0,55.0,68.0,63.0,74.0,0,0,0,78.0,88.0,0
0,0.0,26.0,0.0,0.0,0.0,62.0,94.0,0.0,88.0,0.0,52.0,72.0,77.0,67.0,0,0,0,55.0,90.0,0
0,0.0,27.0,0.0,0.0,0.0,62.0,88.0,0.0,84.0,0.0,55.0,74.0,78.0,65.0,0,0,0,72.0,93.0,0
0,0.0,22.0,1.0,0.0,0.0,62.0,88.0,0.0,83.0,0.0,45.0,78.0,72.0,83.0,0,0,0,86.0,79.0,0
0,0.0,24.0,0.0,0.0,0.0,62.0,84.0,0.0,88.0,0.0,60.0,81.0,76.0,78.0,0,0,0,37.0,75.0,0
0,0.0,22.0,0.0,0.0,0.0,62.0,91.0,0.0,89.0,0.0,52.0,74.0,69.0,84.0,0,0,0,47.0,82.0,0
0,0.0,24.0,0.0,0.0,0.0,61.0,85.0,0.0,81.0,0.0,49.0,68.0,85.0,77.0,0,0,0,86.0,92.0,0
0,0.0,24.0,0.0,0.0,0.0,61.0,89.0,0.0,87.0,0.0,51.0,72.0,70.0,66.0,0,0,0,63.0,87.0,0
0,0.0,26.0,0.0,0.0,0.0,61.0,84.0,0.0,85.0,0.0,60.0,72.0,78.0,66.0,0,0,0,73.0,89.0,0
0,0.0,24.0,0.0,0.0,0.0,61.0,83.0,0.0,93.0,0.0,50.0,74.0,73.0,66.0,0,0,0,39.0,89.0,0
0,0.0,24.0,0.0,0.0,0.0,61.0,93.0,0.0,88.0,0.0,49.0,71.0,79.0,69.0,0,0,0,73.0,88.0,0
0,0.0,24.0,0.0,0.0,0.0,61.0,91.0,0.0,84.0,0.0,49.0,69.0,65.0,72.0,0,0,0,74.0,89.0,0
0,0.0,24.0,0.0,0.0,0.0,61.0,97.0,0.0,92.0,0.0,49.0,69.0,78.0,55.0,0,0,0,69.0,88.0,0
0,0.0,23.0,0.0,0.0,0.0,61.0,90.0,0.0,91.0,0.0,50.0,69.0,63.0,75.0,0,0,0,73.0,93.0,0
0,0.0,24.0,0.0,0.0,0.0,61.0,86.0,0.0,85.0,0.0,49.0,74.0,80.0,74.0,0,0,0,65.0,84.0,0
0,0.0,24.0,0.0,0.0,0.0,60.0,86.0,0.0,91.0,0.0,56.0,70.0,73.0,64.0,0,0,0,74.0,86.0,0
0,0.0,25.0,0.0,0.0,0.0,60.0,90.0,0.0,85.0,0.0,52.0,68.0,72.0,64.0,0,0,0,77.0,91.0,0
0,0.0,23.0,0.0,0.0,0.0,60.0,86.0,0.0,88.0,0.0,40.0,76.0,78.0,83.0,0,0,0,70.0,86.0,0
0,0.0,23.0,0.0,0.0,0.0,60.0,87.0,0.0,81.0,0.0,52.0,73.0,76.0,74.0,0,0,0,73.0,91.0,0
0,0.0,25.0,1.0,0.0,0.0,60.0,93.0,0.0,91.0,0.0,55.0,69.0,73.0,61.0,0,0,0,44.0,87.0,0
0,0.0,25.0,0.0,0.0,0.0,60.0,84.0,0.0,87.0,0.0,62.0,76.0,75.0,72.0,0,0,0,40.0,76.0,0
0,0.0,28.0,0.0,0.0,0.0,59.0,90.0,0.0,85.0,0.0,60.0,71.0,65.0,64.0,0,0,0,48.0,82.0,0
0,0.0,23.0,9.0,0.0,0.0,59.0,94.0,0.0,88.0,0.0,44.0,71.0,74.0,64.0,0,0,0,63.0,92.0,0
0,0.0,24.0,0.0,0.0,0.0,58.0,87.0,0.0,87.0,0.0,47.0,73.0,67.0,66.0,0,0,0,49.0,92.0,0
0,0.0,24.0,0.0,0.0,0.0,58.0,92.0,0.0,92.0,0.0,59.0,65.0,62.0,63.0,0,0,0,51.0,87.0,0
0,0.0,24.0,0.0,0.0,0.0,57.0,88.0,0.0,85.0,0.0,49.0,72.0,73.0,67.0,0,0,0,73.0,84.0,0
0,0.0,25.0,0.0,0.0,0.0,57.0,83.0,0.0,88.0,0.0,50.0,72.0,81.0,75.0,0,0,0,57.0,85.0,0
0,0.0,25.0,0.0,0.0,0.0,57.0,84.0,0.0,86.0,0.0,57.0,74.0,64.0,74.0,0,0,0,43.0,75.0,0
0,0.0,24.0,0.0,0.0,0.0,57.0,95.0,0.0,88.0,0.0,40.0,65.0,63.0,74.0,0,0,0,47.0,97.0,0
0,0.0,23.0,0.0,0.0,0.0,56.0,79.0,0.0,84.0,0.0,42.0,72.0,70.0,80.0,0,0,0,77.0,86.0,0
0,0.0,26.0,1.0,0.0,0.0,56.0,94.0,0.0,92.0,0.0,63.0,67.0,65.0,50.0,0,0,0,35.0,85.0,0
0,0.0,26.0,0.0,0.0,0.0,56.0,94.0,0.0,92.0,0.0,63.0,67.0,65.0,50.0,0,0,0,35.0,85.0,0
0,0.0,23.0,0.0,0.0,0.0,56.0,93.0,0.0,91.0,0.0,49.0,70.0,59.0,61.0,0,0,0,47.0,83.0,0
0,0.0,24.0,0.0,0.0,0.0,56.0,87.0,0.0,88.0,0.0,48.0,72.0,52.0,73.0,0,0,0,44.0,82.0,0
0,0.0,25.0,0.0,0.0,0.0,56.0,93.0,0.0,85.0,0.0,48.0,71.0,54.0,65.0,0,0,0,59.0,93.0,0
0,0.0,29.0,0.0,0.0,0.0,54.0,97.0,0.0,90.0,0.0,52.0,66.0,60.0,59.0,0,0,0,44.0,92.0,0
0,0.0,23.0,0.0,0.0,0.0,54.0,93.0,0.0,94.0,0.0,52.0,65.0,71.0,54.0,0,0,0,39.0,88.0,0
0,0.0,23.0,0.0,0.0,0.0,52.0,95.0,0.0,90.0,0.0,47.0,66.0,57.0,63.0,0,0,0,39.0,88.0,0
0,0.0,0.0,78.0,3.0,6.0,99.0,95.0,94.0,96.0,78.0,92.0,98.0,99.0,94.0,0,0,0,99.0,98.0,0
0,0.0,0.0,83.0,1.0,6.0,96.0,88.0,87.0,92.0,79.0,92.0,98.0,89.0,99.0,0,0,0,99.0,92.0,0
0,0.0,0.0,30.0,0.0,0.0,96.0,88.0,87.0,92.0,79.0,92.0,98.0,89.0,99.0,0,0,0,99.0,92.0,0
0,0.0,0.0,77.0,0.0,7.0,95.0,91.0,93.0,95.0,68.0,87.0,94.0,98.0,89.0,0,0,0,97.0,97.0,0
0,0.0,0.0,0.0,0.0,0.0,95.0,90.0,88.0,89.0,78.0,98.0,96.0,87.0,98.0,0,0,0,96.0,91.0,0
0,0.0,0.0,94.0,2.0,7.0,95.0,90.0,88.0,89.0,78.0,98.0,96.0,87.0,98.0,0,0,0,96.0,91.0,0
0,0.0,0.0,61.0,1.0,3.0,94.0,92.0,93.0,97.0,74.0,84.0,96.0,98.0,92.0,0,0,0,97.0,98.0,0
0,0.0,0.0,69.0,0.0,5.0,93.0,96.0,94.0,93.0,77.0,89.0,94.0,94.0,91.0,0,0,0,95.0,95.0,0
0,0.0,0.0,0.0,0.0,0.0,93.0,92.0,91.0,93.0,69.0,84.0,95.0,94.0,95.0,0,0,0,93.0,90.0,0
0,0.0,0.0,93.0,1.0,11.0,93.0,87.0,89.0,91.0,77.0,95.0,96.0,98.0,93.0,0,0,0,94.0,98.0,0
0,0.0,0.0,73.0,0.0,1.0,93.0,90.0,91.0,88.0,68.0,93.0,94.0,96.0,95.0,0,0,0,94.0,84.0,0
0,0.0,0.0,77.0,0.0,3.0,92.0,90.0,85.0,86.0,80.0,91.0,95.0,95.0,96.0,0,0,0,98.0,95.0,0
0,0.0,0.0,101.0,2.0,7.0,92.0,95.0,93.0,94.0,74.0,78.0,92.0,95.0,90.0,0,0,0,98.0,96.0,0
0,0.0,0.0,0.0,0.0,0.0,92.0,91.0,95.0,94.0,49.0,88.0,97.0,87.0,93.0,0,0,0,79.0,85.0,0
0,0.0,0.0,92.0,4.0,7.0,92.0,91.0,95.0,94.0,49.0,88.0,97.0,87.0,93.0,0,0,0,79.0,85.0,0
0,0.0,0.0,48.0,0.0,1.0,91.0,89.0,84.0,88.0,78.0,82.0,95.0,98.0,97.0,0,0,0,98.0,91.0,0
0,0.0,0.0,86.0,0.0,3.0,90.0,84.0,87.0,84.0,81.0,96.0,92.0,84.0,99.0,0,0,0,95.0,86.0,0
0,0.0,0.0,75.0,0.0,3.0,90.0,98.0,97.0,98.0,43.0,88.0,90.0,94.0,77.0,0,0,0,78.0,87.0,0
0,0.0,0.0,72.0,0.0,0.0,90.0,85.0,88.0,83.0,79.0,96.0,95.0,90.0,99.0,0,0,0,98.0,92.0,0
0,0.0,0.0,43.0,0.0,1.0,90.0,96.0,97.0,97.0,77.0,84.0,88.0,86.0,84.0,0,0,0,75.0,90.0,0
0,0.0,0.0,0.0,0.0,0.0,89.0,85.0,95.0,92.0,54.0,97.0,89.0,85.0,94.0,0,0,0,69.0,74.0,0
0,0.0,0.0,88.0,1.0,4.0,89.0,88.0,88.0,87.0,63.0,94.0,94.0,85.0,88.0,0,0,0,84.0,92.0,0
0,0.0,0.0,53.0,0.0,0.0,89.0,88.0,86.0,88.0,75.0,83.0,96.0,87.0,90.0,0,0,0,90.0,91.0,0
0,0.0,0.0,64.0,0.0,1.0,89.0,92.0,95.0,97.0,51.0,81.0,93.0,86.0,93.0,0,0,0,79.0,86.0,0
0,0.0,0.0,54.0,0.0,0.0,89.0,93.0,90.0,92.0,66.0,86.0,91.0,87.0,91.0,0,0,0,82.0,91.0,0
0,0.0,0.0,45.0,0.0,0.0,88.0,87.0,88.0,85.0,72.0,87.0,91.0,87.0,96.0,0,0,0,90.0,82.0,0
0,0.0,0.0,61.0,0.0,0.0,88.0,88.0,91.0,91.0,62.0,89.0,94.0,79.0,90.0,0,0,0,72.0,84.0,0
0,0.0,0.0,77.0,0.0,6.0,87.0,88.0,91.0,91.0,67.0,76.0,93.0,90.0,95.0,0,0,0,88.0,90.0,0
0,0.0,0.0,50.0,0.0,1.0,87.0,87.0,85.0,86.0,77.0,86.0,88.0,94.0,95.0,0,0,0,96.0,97.0,0
0,0.0,0.0,116.0,1.0,6.0,87.0,86.0,87.0,87.0,52.0,98.0,94.0,88.0,94.0,0,0,0,75.0,83.0,0
0,0.0,0.0,57.0,0.0,1.0,87.0,98.0,97.0,92.0,57.0,85.0,87.0,91.0,82.0,0,0,0,83.0,90.0,0
0,0.0,0.0,0.0,0.0,0.0,87.0,94.0,93.0,93.0,61.0,84.0,87.0,91.0,83.0,0,0,0,83.0,93.0,0
0,0.0,0.0,30.0,0.0,0.0,87.0,88.0,89.0,91.0,66.0,95.0,88.0,87.0,91.0,0,0,0,74.0,88.0,0
0,0.0,0.0,0.0,0.0,0.0,87.0,88.0,89.0,91.0,66.0,95.0,88.0,87.0,91.0,0,0,0,74.0,88.0,0
0,0.0,0.0,0.0,0.0,0.0,87.0,88.0,89.0,91.0,66.0,95.0,88.0,87.0,91.0,0,0,0,74.0,88.0,0
0,0.0,0.0,21.0,0.0,0.0,87.0,88.0,89.0,91.0,66.0,95.0,88.0,87.0,91.0,0,0,0,74.0,88.0,0
0,0.0,0.0,0.0,0.0,0.0,87.0,88.0,89.0,91.0,66.0,95.0,88.0,87.0,91.0,0,0,0,74.0,88.0,0
0,0.0,0.0,23.0,0.0,1.0,87.0,88.0,89.0,91.0,66.0,95.0,88.0,87.0,91.0,0,0,0,74.0,88.0,0
0,0.0,0.0,33.0,0.0,0.0,86.0,85.0,89.0,88.0,66.0,87.0,87.0,87.0,85.0,0,0,0,89.0,88.0,0
0,0.0,0.0,0.0,0.0,0.0,86.0,85.0,95.0,95.0,48.0,90.0,94.0,83.0,91.0,0,0,0,59.0,76.0,0
0,0.0,0.0,37.0,0.0,0.0,86.0,95.0,96.0,91.0,58.0,80.0,87.0,89.0,86.0,0,0,0,83.0,92.0,0
0,0.0,0.0,28.0,0.0,0.0,86.0,92.0,95.0,96.0,54.0,79.0,92.0,83.0,88.0,0,0,0,74.0,90.0,0
0,0.0,0.0,72.0,0.0,4.0,85.0,96.0,97.0,95.0,40.0,81.0,87.0,91.0,86.0,0,0,0,76.0,86.0,0
0,0.0,0.0,40.0,0.0,0.0,84.0,88.0,85.0,86.0,76.0,83.0,84.0,85.0,91.0,0,0,0,94.0,95.0,0
0,0.0,0.0,32.0,0.0,0.0,84.0,89.0,88.0,87.0,61.0,88.0,91.0,88.0,93.0,0,0,0,83.0,79.0,0
0,0.0,0.0,0.0,0.0,0.0,84.0,93.0,96.0,90.0,45.0,79.0,89.0,88.0,87.0,0,0,0,73.0,91.0,0
0,0.0,0.0,0.0,0.0,0.0,84.0,93.0,92.0,94.0,57.0,81.0,85.0,90.0,82.0,0,0,0,69.0,91.0,0
0,0.0,0.0,58.0,0.0,1.0,84.0,93.0,92.0,94.0,57.0,81.0,85.0,90.0,82.0,0,0,0,69.0,91.0,0
0,0.0,0.0,0.0,0.0,0.0,84.0,85.0,86.0,86.0,71.0,87.0,87.0,87.0,94.0,0,0,0,97.0,86.0,0
0,0.0,0.0,0.0,0.0,0.0,84.0,85.0,86.0,86.0,71.0,87.0,87.0,87.0,94.0,0,0,0,97.0,86.0,0
0,0.0,0.0,0.0,0.0,0.0,84.0,85.0,86.0,86.0,71.0,87.0,87.0,87.0,94.0,0,0,0,97.0,86.0,0
0,0.0,0.0,5.0,0.0,0.0,84.0,85.0,86.0,86.0,71.0,87.0,87.0,87.0,94.0,0,0,0,97.0,86.0,0
0,0.0,0.0,42.0,0.0,0.0,84.0,85.0,86.0,86.0,71.0,87.0,87.0,87.0,94.0,0,0,0,97.0,86.0,0
0,0.0,0.0,56.0,0.0,0.0,84.0,85.0,86.0,86.0,71.0,87.0,87.0,87.0,94.0,0,0,0,97.0,86.0,0
0,0.0,0.0,46.0,0.0,0.0,84.0,85.0,86.0,86.0,71.0,87.0,87.0,87.0,94.0,0,0,0,97.0,86.0,0
0,0.0,0.0,66.0,0.0,2.0,84.0,90.0,91.0,89.0,54.0,88.0,87.0,89.0,77.0,0,0,0,79.0,90.0,0
0,0.0,0.0,0.0,0.0,0.0,83.0,87.0,87.0,88.0,71.0,81.0,86.0,85.0,90.0,0,0,0,89.0,94.0,0
0,0.0,0.0,38.0,0.0,0.0,83.0,87.0,87.0,88.0,71.0,81.0,86.0,85.0,90.0,0,0,0,89.0,94.0,0
0,0.0,0.0,0.0,0.0,0.0,83.0,87.0,87.0,88.0,71.0,81.0,86.0,85.0,90.0,0,0,0,89.0,94.0,0
0,0.0,0.0,0.0,0.0,0.0,83.0,87.0,87.0,88.0,71.0,81.0,86.0,85.0,90.0,0,0,0,89.0,94.0,0
0,0.0,0.0,3.0,0.0,0.0,83.0,87.0,87.0,88.0,71.0,81.0,86.0,85.0,90.0,0,0,0,89.0,94.0,0
0,0.0,0.0,0.0,0.0,0.0,83.0,87.0,87.0,88.0,71.0,81.0,86.0,85.0,90.0,0,0,0,89.0,94.0,0
0,0.0,0.0,0.0,0.0,0.0,83.0,87.0,87.0,88.0,71.0,81.0,86.0,85.0,90.0,0,0,0,89.0,94.0,0
0,0.0,0.0,2.0,0.0,0.0,83.0,87.0,87.0,88.0,71.0,81.0,86.0,85.0,90.0,0,0,0,89.0,94.0,0
0,0.0,0.0,24.0,0.0,0.0,83.0,87.0,87.0,88.0,71.0,81.0,86.0,85.0,90.0,0,0,0,89.0,94.0,0
0,0.0,0.0,12.0,0.0,0.0,83.0,87.0,87.0,88.0,71.0,81.0,86.0,85.0,90.0,0,0,0,89.0,94.0,0
0,0.0,0.0,25.0,0.0,0.0,83.0,87.0,87.0,88.0,71.0,81.0,86.0,85.0,90.0,0,0,0,89.0,94.0,0
0,0.0,0.0,38.0,0.0,0.0,83.0,87.0,87.0,88.0,71.0,81.0,86.0,85.0,90.0,0,0,0,89.0,94.0,0
0,0.0,0.0,63.0,0.0,2.0,83.0,93.0,95.0,93.0,42.0,83.0,87.0,88.0,80.0,0,0,0,75.0,92.0,0
0,0.0,0.0,28.0,0.0,0.0,83.0,90.0,85.0,87.0,72.0,77.0,88.0,92.0,88.0,0,0,0,92.0,89.0,0
0,0.0,0.0,50.0,0.0,0.0,83.0,93.0,92.0,92.0,56.0,82.0,87.0,87.0,81.0,0,0,0,72.0,87.0,0
0,0.0,0.0,9.0,0.0,0.0,83.0,87.0,91.0,88.0,67.0,74.0,89.0,93.0,90.0,0,0,0,92.0,88.0,0
0,0.0,0.0,0.0,0.0,0.0,83.0,92.0,94.0,92.0,49.0,83.0,88.0,87.0,85.0,0,0,0,72.0,89.0,0
0,0.0,0.0,0.0,0.0,0.0,83.0,93.0,91.0,92.0,52.0,89.0,87.0,91.0,76.0,0,0,0,77.0,92.0,0
0,0.0,0.0,33.0,0.0,1.0,82.0,86.0,85.0,87.0,69.0,83.0,87.0,94.0,84.0,0,0,0,88.0,95.0,0
0,0.0,0.0,42.0,4.0,4.0,82.0,93.0,95.0,97.0,64.0,71.0,83.0,91.0,82.0,0,0,0,78.0,93.0,0
0,0.0,0.0,52.0,0.0,0.0,81.0,91.0,88.0,92.0,67.0,75.0,88.0,93.0,85.0,0,0,0,81.0,87.0,0
0,0.0,0.0,53.0,0.0,0.0,81.0,91.0,88.0,92.0,67.0,75.0,88.0,93.0,85.0,0,0,0,81.0,87.0,0
0,0.0,0.0,17.0,0.0,0.0,81.0,88.0,83.0,85.0,69.0,80.0,88.0,86.0,90.0,0,0,0,84.0,90.0,0
0,0.0,0.0,31.0,0.0,0.0,81.0,93.0,96.0,95.0,47.0,80.0,86.0,87.0,74.0,0,0,0,63.0,89.0,0
0,0.0,0.0,15.0,0.0,0.0,81.0,93.0,92.0,95.0,53.0,79.0,83.0,93.0,73.0,0,0,0,74.0,96.0,0
0,0.0,0.0,43.0,0.0,0.0,80.0,93.0,95.0,95.0,56.0,58.0,88.0,87.0,77.0,0,0,0,87.0,87.0,0
0,0.0,0.0,51.0,0.0,0.0,80.0,82.0,87.0,84.0,68.0,88.0,87.0,75.0,94.0,0,0,0,78.0,83.0,0
0,0.0,0.0,0.0,0.0,0.0,80.0,91.0,88.0,88.0,64.0,77.0,87.0,81.0,88.0,0,0,0,74.0,90.0,0
0,0.0,0.0,24.0,1.0,3.0,80.0,92.0,91.0,92.0,47.0,79.0,85.0,81.0,83.0,0,0,0,74.0,85.0,0
0,0.0,0.0,0.0,0.0,0.0,80.0,86.0,91.0,88.0,45.0,85.0,86.0,77.0,85.0,0,0,0,66.0,82.0,0
0,0.0,0.0,0.0,0.0,0.0,79.0,97.0,96.0,94.0,46.0,78.0,77.0,78.0,69.0,0,0,0,69.0,88.0,0
0,0.0,0.0,0.0,0.0,0.0,79.0,86.0,82.0,85.0,69.0,82.0,84.0,93.0,84.0,0,0,0,93.0,96.0,0
0,0.0,0.0,35.0,0.0,0.0,79.0,94.0,95.0,93.0,47.0,85.0,82.0,78.0,75.0,0,0,0,59.0,87.0,0
0,0.0,0.0,17.0,0.0,0.0,79.0,86.0,88.0,88.0,65.0,78.0,85.0,85.0,88.0,0,0,0,82.0,86.0,0
0,0.0,0.0,43.0,0.0,0.0,79.0,86.0,87.0,85.0,69.0,78.0,83.0,78.0,88.0,0,0,0,85.0,87.0,0
0,0.0,0.0,30.0,1.0,1.0,79.0,93.0,94.0,91.0,63.0,79.0,79.0,86.0,69.0,0,0,0,78.0,88.0,0
0,0.0,0.0,24.0,0.0,0.0,78.0,88.0,90.0,86.0,69.0,54.0,89.0,90.0,89.0,0,0,0,93.0,93.0,0
0,0.0,0.0,1.0,0.0,0.0,78.0,88.0,90.0,86.0,69.0,54.0,89.0,90.0,89.0,0,0,0,93.0,93.0,0
0,0.0,0.0,79.0,0.0,6.0,78.0,88.0,90.0,86.0,69.0,54.0,89.0,90.0,89.0,0,0,0,93.0,93.0,0
0,0.0,0.0,21.0,0.0,0.0,78.0,95.0,94.0,92.0,42.0,80.0,82.0,80.0,74.0,0,0,0,63.0,85.0,0
0,0.0,0.0,41.0,0.0,1.0,78.0,87.0,88.0,89.0,46.0,85.0,86.0,95.0,73.0,0,0,0,68.0,90.0,0
0,0.0,0.0,0.0,0.0,0.0,78.0,86.0,89.0,83.0,68.0,75.0,86.0,83.0,89.0,0,0,0,88.0,87.0,0
0,0.0,0.0,26.0,0.0,0.0,78.0,96.0,97.0,98.0,51.0,70.0,81.0,85.0,73.0,0,0,0,64.0,85.0,0
0,0.0,0.0,35.0,0.0,0.0,78.0,95.0,93.0,91.0,46.0,72.0,84.0,87.0,82.0,0,0,0,65.0,86.0,0
0,0.0,0.0,0.0,0.0,0.0,78.0,90.0,88.0,89.0,56.0,75.0,86.0,94.0,87.0,0,0,0,70.0,92.0,0
0,0.0,0.0,21.0,0.0,1.0,78.0,92.0,94.0,95.0,47.0,79.0,83.0,79.0,76.0,0,0,0,58.0,80.0,0
0,0.0,0.0,18.0,0.0,0.0,78.0,91.0,92.0,94.0,56.0,79.0,82.0,90.0,75.0,0,0,0,69.0,98.0,0
0,0.0,0.0,0.0,0.0,0.0,77.0,88.0,87.0,86.0,61.0,84.0,83.0,82.0,77.0,0,0,0,65.0,89.0,0
0,0.0,0.0,45.0,0.0,0.0,77.0,91.0,89.0,90.0,51.0,82.0,83.0,81.0,66.0,0,0,0,60.0,90.0,0
0,0.0,0.0,0.0,0.0,0.0,77.0,94.0,96.0,97.0,41.0,78.0,82.0,81.0,73.0,0,0,0,49.0,91.0,0
0,0.0,0.0,22.0,0.0,0.0,77.0,92.0,89.0,90.0,47.0,77.0,79.0,93.0,73.0,0,0,0,67.0,92.0,0
0,0.0,0.0,21.0,0.0,0.0,77.0,90.0,84.0,87.0,67.0,73.0,82.0,82.0,86.0,0,0,0,85.0,82.0,0
0,0.0,0.0,23.0,0.0,0.0,77.0,87.0,94.0,93.0,43.0,79.0,87.0,87.0,76.0,0,0,0,50.0,85.0,0
0,0.0,0.0,29.0,0.0,0.0,77.0,81.0,83.0,83.0,71.0,84.0,84.0,80.0,92.0,0,0,0,86.0,82.0,0
0,0.0,0.0,35.0,0.0,0.0,77.0,88.0,84.0,85.0,78.0,76.0,79.0,75.0,88.0,0,0,0,85.0,91.0,0
0,0.0,0.0,21.0,0.0,0.0,76.0,86.0,85.0,86.0,72.0,81.0,74.0,79.0,81.0,0,0,0,84.0,90.0,0
0,0.0,0.0,0.0,0.0,0.0,76.0,84.0,86.0,84.0,69.0,75.0,83.0,77.0,87.0,0,0,0,86.0,88.0,0
0,0.0,0.0,8.0,0.0,0.0,76.0,84.0,89.0,89.0,67.0,76.0,85.0,74.0,87.0,0,0,0,64.0,88.0,0
0,0.0,0.0,12.0,0.0,0.0,76.0,89.0,86.0,87.0,61.0,74.0,82.0,79.0,84.0,0,0,0,80.0,90.0,0
0,0.0,0.0,72.0,0.0,1.0,76.0,92.0,91.0,90.0,41.0,90.0,82.0,84.0,67.0,0,0,0,51.0,87.0,0
0,0.0,0.0,26.0,0.0,0.0,76.0,92.0,87.0,86.0,69.0,76.0,77.0,88.0,74.0,0,0,0,83.0,88.0,0
0,0.0,0.0,36.0,0.0,0.0,75.0,89.0,92.0,86.0,52.0,68.0,82.0,88.0,81.0,0,0,0,74.0,87.0,0
0,0.0,0.0,0.0,0.0,0.0,75.0,89.0,92.0,86.0,52.0,68.0,82.0,88.0,81.0,0,0,0,74.0,87.0,0
0,0.0,0.0,1.0,0.0,0.0,75.0,89.0,92.0,86.0,52.0,68.0,82.0,88.0,81.0,0,0,0,74.0,87.0,0
0,0.0,0.0,59.0,0.0,0.0,75.0,89.0,92.0,86.0,52.0,68.0,82.0,88.0,81.0,0,0,0,74.0,87.0,0
0,0.0,0.0,12.0,0.0,0.0,75.0,92.0,89.0,88.0,53.0,75.0,76.0,76.0,79.0,0,0,0,73.0,90.0,0
0,0.0,0.0,27.0,0.0,0.0,75.0,91.0,90.0,85.0,54.0,68.0,86.0,89.0,80.0,0,0,0,78.0,83.0,0
0,0.0,0.0,22.0,0.0,0.0,75.0,87.0,86.0,87.0,66.0,70.0,82.0,81.0,85.0,0,0,0,79.0,87.0,0
0,0.0,0.0,0.0,0.0,0.0,75.0,93.0,96.0,94.0,44.0,57.0,84.0,83.0,73.0,0,0,0,69.0,90.0,0
0,0.0,0.0,6.0,0.0,0.0,75.0,88.0,87.0,86.0,67.0,68.0,84.0,91.0,75.0,0,0,0,81.0,91.0,0
0,0.0,0.0,12.0,0.0,0.0,75.0,96.0,94.0,94.0,54.0,72.0,79.0,86.0,75.0,0,0,0,63.0,85.0,0
0,0.0,0.0,82.0,3.0,5.0,75.0,88.0,86.0,87.0,57.0,69.0,82.0,83.0,86.0,0,0,0,79.0,91.0,0
0,0.0,0.0,9.0,0.0,0.0,75.0,92.0,89.0,94.0,55.0,59.0,81.0,93.0,78.0,0,0,0,82.0,95.0,0
0,0.0,0.0,0.0,0.0,0.0,74.0,93.0,92.0,88.0,57.0,78.0,76.0,81.0,71.0,0,0,0,62.0,93.0,0
0,0.0,0.0,0.0,0.0,0.0,74.0,84.0,91.0,86.0,55.0,72.0,83.0,75.0,81.0,0,0,0,65.0,88.0,0
0,0.0,0.0,2.0,0.0,0.0,74.0,91.0,94.0,95.0,38.0,73.0,81.0,77.0,84.0,0,0,0,64.0,83.0,0
0,0.0,0.0,0.0,0.0,0.0,74.0,87.0,92.0,87.0,54.0,67.0,83.0,85.0,83.0,0,0,0,69.0,88.0,0
0,0.0,0.0,12.0,0.0,0.0,74.0,94.0,96.0,93.0,35.0,75.0,79.0,83.0,74.0,0,0,0,55.0,87.0,0
0,0.0,0.0,72.0,0.0,0.0,74.0,95.0,96.0,96.0,54.0,53.0,85.0,74.0,85.0,0,0,0,63.0,87.0,0
0,0.0,0.0,24.0,0.0,0.0,74.0,92.0,95.0,92.0,43.0,73.0,80.0,79.0,83.0,0,0,0,45.0,90.0,0
0,0.0,0.0,0.0,0.0,0.0,73.0,91.0,94.0,94.0,49.0,78.0,76.0,73.0,71.0,0,0,0,56.0,82.0,0
0,0.0,0.0,41.0,0.0,0.0,73.0,84.0,83.0,86.0,72.0,69.0,80.0,84.0,82.0,0,0,0,77.0,88.0,0
0,0.0,0.0,24.0,0.0,0.0,73.0,98.0,99.0,93.0,42.0,67.0,81.0,82.0,76.0,0,0,0,57.0,88.0,0
0,0.0,0.0,7.0,0.0,0.0,73.0,96.0,94.0,92.0,37.0,71.0,78.0,84.0,75.0,0,0,0,61.0,84.0,0
0,0.0,0.0,52.0,0.0,0.0,73.0,84.0,89.0,91.0,46.0,71.0,82.0,87.0,74.0,0,0,0,73.0,91.0,0
0,0.0,0.0,9.0,0.0,0.0,73.0,84.0,89.0,91.0,46.0,71.0,82.0,87.0,74.0,0,0,0,73.0,91.0,0
0,0.0,0.0,12.0,0.0,1.0,73.0,89.0,94.0,90.0,62.0,69.0,82.0,85.0,82.0,0,0,0,59.0,81.0,0
0,0.0,0.0,8.0,0.0,0.0,73.0,87.0,84.0,84.0,74.0,70.0,74.0,82.0,85.0,0,0,0,86.0,89.0,0
0,0.0,0.0,23.0,0.0,0.0,73.0,90.0,85.0,88.0,65.0,60.0,84.0,85.0,86.0,0,0,0,69.0,88.0,0
0,0.0,0.0,47.0,3.0,4.0,73.0,97.0,94.0,91.0,53.0,77.0,67.0,76.0,69.0,0,0,0,64.0,90.0,0
0,0.0,0.0,17.0,0.0,0.0,73.0,89.0,90.0,93.0,52.0,60.0,78.0,88.0,74.0,0,0,0,72.0,90.0,0
0,0.0,0.0,3.0,0.0,0.0,73.0,88.0,93.0,95.0,42.0,72.0,83.0,75.0,74.0,0,0,0,59.0,81.0,0
0,0.0,0.0,12.0,0.0,0.0,73.0,97.0,94.0,91.0,45.0,71.0,74.0,88.0,74.0,0,0,0,58.0,88.0,0
0,0.0,0.0,9.0,0.0,0.0,73.0,94.0,93.0,91.0,38.0,74.0,76.0,81.0,77.0,0,0,0,66.0,91.0,0
0,0.0,0.0,0.0,0.0,0.0,73.0,91.0,92.0,92.0,58.0,67.0,79.0,87.0,67.0,0,0,0,69.0,87.0,0
0,0.0,0.0,0.0,0.0,0.0,73.0,90.0,87.0,87.0,66.0,69.0,78.0,82.0,76.0,0,0,0,79.0,86.0,0
0,0.0,0.0,7.0,0.0,0.0,73.0,89.0,88.0,91.0,49.0,63.0,84.0,84.0,74.0,0,0,0,75.0,86.0,0
0,0.0,0.0,13.0,0.0,0.0,73.0,93.0,95.0,91.0,53.0,65.0,77.0,84.0,72.0,0,0,0,69.0,90.0,0
0,0.0,0.0,49.0,0.0,1.0,73.0,93.0,94.0,92.0,47.0,74.0,80.0,69.0,74.0,0,0,0,46.0,92.0,0
0,0.0,0.0,21.0,0.0,0.0,73.0,93.0,94.0,92.0,47.0,74.0,80.0,69.0,74.0,0,0,0,46.0,92.0,0
0,0.0,0.0,2.0,0.0,0.0,73.0,93.0,94.0,92.0,47.0,74.0,80.0,69.0,74.0,0,0,0,46.0,92.0,0
0,0.0,0.0,1.0,0.0,0.0,72.0,91.0,95.0,95.0,52.0,68.0,76.0,79.0,72.0,0,0,0,68.0,87.0,0
0,0.0,0.0,5.0,0.0,0.0,72.0,85.0,88.0,85.0,72.0,66.0,77.0,85.0,79.0,0,0,0,81.0,95.0,0
0,0.0,0.0,6.0,0.0,0.0,72.0,89.0,85.0,88.0,75.0,49.0,86.0,84.0,88.0,0,0,0,88.0,91.0,0
0,0.0,0.0,7.0,0.0,0.0,72.0,92.0,94.0,92.0,45.0,71.0,76.0,75.0,67.0,0,0,0,58.0,90.0,0
0,0.0,0.0,3.0,0.0,0.0,72.0,89.0,91.0,87.0,58.0,69.0,79.0,87.0,80.0,0,0,0,68.0,87.0,0
0,0.0,0.0,0.0,0.0,0.0,72.0,88.0,93.0,94.0,62.0,69.0,83.0,71.0,82.0,0,0,0,46.0,90.0,0
0,0.0,0.0,10.0,0.0,0.0,72.0,87.0,83.0,89.0,60.0,68.0,78.0,72.0,84.0,0,0,0,73.0,84.0,0
0,0.0,0.0,17.0,0.0,0.0,72.0,90.0,87.0,93.0,63.0,72.0,73.0,73.0,69.0,0,0,0,67.0,87.0,0
0,0.0,0.0,6.0,0.0,0.0,72.0,89.0,93.0,88.0,44.0,54.0,82.0,83.0,79.0,0,0,0,65.0,84.0,0
0,0.0,0.0,0.0,0.0,0.0,72.0,86.0,90.0,89.0,66.0,54.0,82.0,86.0,84.0,0,0,0,84.0,91.0,0
0,0.0,0.0,48.0,0.0,1.0,72.0,86.0,90.0,89.0,66.0,54.0,82.0,86.0,84.0,0,0,0,84.0,91.0,0
0,0.0,0.0,4.0,0.0,0.0,72.0,96.0,93.0,88.0,62.0,66.0,73.0,86.0,74.0,0,0,0,79.0,93.0,0
0,0.0,0.0,3.0,0.0,0.0,72.0,87.0,91.0,89.0,63.0,72.0,85.0,74.0,82.0,0,0,0,47.0,78.0,0
0,0.0,0.0,89.0,3.0,6.0,72.0,87.0,90.0,86.0,62.0,48.0,83.0,85.0,84.0,0,0,0,81.0,92.0,0
0,0.0,0.0,11.0,0.0,0.0,72.0,87.0,90.0,82.0,66.0,67.0,75.0,88.0,76.0,0,0,0,87.0,88.0,0
0,0.0,0.0,0.0,0.0,0.0,72.0,96.0,94.0,92.0,52.0,63.0,75.0,87.0,73.0,0,0,0,72.0,87.0,0
0,0.0,0.0,23.0,0.0,0.0,72.0,96.0,89.0,85.0,67.0,72.0,72.0,79.0,65.0,0,0,0,75.0,92.0,0
0,0.0,0.0,0.0,0.0,0.0,71.0,90.0,93.0,91.0,58.0,70.0,75.0,74.0,72.0,0,0,0,68.0,84.0,0
0,0.0,0.0,79.0,0.0,6.0,71.0,92.0,94.0,93.0,42.0,70.0,76.0,83.0,74.0,0,0,0,58.0,88.0,0
0,0.0,0.0,6.0,0.0,0.0,71.0,92.0,94.0,93.0,42.0,70.0,76.0,83.0,74.0,0,0,0,58.0,88.0,0
0,0.0,0.0,0.0,0.0,0.0,71.0,92.0,94.0,93.0,42.0,70.0,76.0,83.0,74.0,0,0,0,58.0,88.0,0
0,0.0,0.0,0.0,0.0,0.0,71.0,89.0,88.0,92.0,61.0,49.0,78.0,88.0,85.0,0,0,0,85.0,94.0,0
0,0.0,0.0,0.0,0.0,0.0,71.0,88.0,89.0,85.0,60.0,74.0,79.0,79.0,74.0,0,0,0,64.0,83.0,0
0,0.0,0.0,4.0,0.0,0.0,71.0,85.0,87.0,84.0,68.0,73.0,84.0,73.0,84.0,0,0,0,65.0,87.0,0
0,0.0,0.0,5.0,0.0,0.0,71.0,87.0,82.0,81.0,72.0,71.0,83.0,76.0,83.0,0,0,0,71.0,84.0,0
0,0.0,0.0,22.0,0.0,0.0,71.0,85.0,89.0,85.0,60.0,53.0,82.0,93.0,83.0,0,0,0,87.0,84.0,0
0,0.0,0.0,12.0,0.0,0.0,71.0,87.0,85.0,86.0,75.0,71.0,72.0,76.0,66.0,0,0,0,81.0,95.0,0
0,0.0,0.0,8.0,0.0,0.0,71.0,87.0,85.0,86.0,75.0,71.0,72.0,76.0,66.0,0,0,0,81.0,95.0,0
0,0.0,0.0,7.0,0.0,0.0,71.0,94.0,95.0,94.0,46.0,70.0,78.0,75.0,68.0,0,0,0,54.0,92.0,0
0,0.0,0.0,12.0,0.0,0.0,71.0,82.0,87.0,81.0,64.0,72.0,79.0,66.0,81.0,0,0,0,75.0,82.0,0
0,0.0,0.0,0.0,0.0,0.0,70.0,85.0,83.0,85.0,46.0,69.0,81.0,73.0,84.0,0,0,0,74.0,75.0,0
0,0.0,0.0,16.0,0.0,0.0,70.0,95.0,92.0,87.0,66.0,70.0,69.0,69.0,69.0,0,0,0,65.0,91.0,0
0,0.0,0.0,0.0,0.0,0.0,70.0,93.0,91.0,88.0,51.0,70.0,74.0,77.0,73.0,0,0,0,63.0,89.0,0
0,0.0,0.0,0.0,2.0,10.0,70.0,90.0,94.0,88.0,49.0,70.0,74.0,68.0,74.0,0,0,0,68.0,85.0,0
0,0.0,0.0,1.0,0.0,0.0,70.0,83.0,84.0,85.0,72.0,66.0,82.0,90.0,78.0,0,0,0,71.0,91.0,0
0,0.0,0.0,25.0,0.0,0.0,69.0,97.0,95.0,94.0,37.0,66.0,74.0,75.0,74.0,0,0,0,51.0,90.0,0
0,0.0,0.0,2.0,0.0,0.0,69.0,93.0,91.0,91.0,39.0,66.0,78.0,80.0,72.0,0,0,0,55.0,91.0,0
0,0.0,0.0,2.0,0.0,0.0,69.0,93.0,91.0,91.0,39.0,66.0,78.0,80.0,72.0,0,0,0,55.0,91.0,0
0,0.0,0.0,56.0,0.0,5.0,69.0,84.0,87.0,87.0,62.0,53.0,90.0,85.0,87.0,0,0,0,62.0,77.0,0
0,0.0,0.0,4.0,0.0,0.0,69.0,91.0,84.0,86.0,74.0,64.0,72.0,85.0,74.0,0,0,0,82.0,97.0,0
0,0.0,0.0,7.0,0.0,0.0,69.0,92.0,88.0,94.0,56.0,53.0,83.0,71.0,83.0,0,0,0,55.0,90.0,0
0,0.0,0.0,0.0,0.0,0.0,69.0,84.0,92.0,92.0,64.0,66.0,75.0,76.0,74.0,0,0,0,63.0,82.0,0
0,0.0,0.0,56.0,1.0,1.0,69.0,84.0,92.0,92.0,64.0,66.0,75.0,76.0,74.0,0,0,0,63.0,82.0,0
0,0.0,0.0,3.0,0.0,0.0,69.0,96.0,97.0,92.0,42.0,64.0,71.0,81.0,64.0,0,0,0,66.0,90.0,0
0,0.0,0.0,1.0,0.0,0.0,69.0,89.0,87.0,86.0,39.0,62.0,81.0,69.0,82.0,0,0,0,76.0,78.0,0
0,0.0,0.0,3.0,0.0,0.0,69.0,86.0,83.0,82.0,65.0,65.0,77.0,81.0,76.0,0,0,0,81.0,90.0,0
0,0.0,0.0,5.0,0.0,1.0,69.0,91.0,92.0,91.0,55.0,70.0,72.0,74.0,68.0,0,0,0,57.0,82.0,0
0,0.0,0.0,6.0,0.0,0.0,68.0,89.0,87.0,87.0,45.0,51.0,83.0,90.0,81.0,0,0,0,74.0,93.0,0
0,0.0,0.0,0.0,0.0,0.0,68.0,84.0,83.0,85.0,70.0,66.0,79.0,70.0,85.0,0,0,0,67.0,75.0,0
0,0.0,0.0,0.0,0.0,0.0,68.0,93.0,93.0,89.0,52.0,68.0,72.0,87.0,65.0,0,0,0,56.0,93.0,0
0,0.0,0.0,0.0,0.0,0.0,68.0,96.0,90.0,92.0,61.0,48.0,79.0,68.0,82.0,0,0,0,77.0,86.0,0
0,0.0,0.0,0.0,0.0,0.0,68.0,90.0,91.0,90.0,44.0,49.0,79.0,67.0,81.0,0,0,0,76.0,91.0,0
0,0.0,0.0,0.0,0.0,0.0,68.0,88.0,84.0,86.0,70.0,66.0,76.0,78.0,79.0,0,0,0,66.0,85.0,0
0,0.0,0.0,18.0,0.0,0.0,68.0,93.0,92.0,86.0,62.0,46.0,79.0,75.0,76.0,0,0,0,71.0,92.0,0
0,0.0,0.0,0.0,0.0,0.0,68.0,87.0,91.0,89.0,53.0,65.0,73.0,77.0,69.0,0,0,0,64.0,86.0,0
0,0.0,0.0,1.0,0.0,0.0,68.0,91.0,87.0,89.0,61.0,67.0,81.0,72.0,83.0,0,0,0,51.0,78.0,0
0,0.0,0.0,1.0,0.0,0.0,68.0,93.0,92.0,89.0,70.0,51.0,72.0,81.0,79.0,0,0,0,74.0,85.0,0
0,0.0,0.0,1.0,0.0,0.0,68.0,90.0,88.0,93.0,47.0,56.0,78.0,75.0,84.0,0,0,0,64.0,83.0,0
0,0.0,0.0,14.0,0.0,0.0,68.0,94.0,93.0,88.0,49.0,55.0,77.0,72.0,74.0,0,0,0,64.0,90.0,0
0,0.0,0.0,2.0,0.0,0.0,68.0,90.0,87.0,88.0,59.0,59.0,75.0,78.0,83.0,0,0,0,73.0,89.0,0
0,0.0,0.0,0.0,0.0,0.0,68.0,88.0,87.0,85.0,65.0,65.0,75.0,90.0,76.0,0,0,0,75.0,87.0,0
0,0.0,0.0,2.0,0.0,0.0,67.0,87.0,92.0,86.0,52.0,52.0,80.0,84.0,74.0,0,0,0,60.0,78.0,0
0,0.0,0.0,0.0,0.0,0.0,67.0,87.0,82.0,83.0,64.0,65.0,75.0,83.0,76.0,0,0,0,72.0,83.0,0
0,0.0,0.0,0.0,0.0,0.0,67.0,92.0,95.0,94.0,45.0,62.0,75.0,84.0,68.0,0,0,0,48.0,80.0,0
0,0.0,0.0,0.0,0.0,0.0,67.0,81.0,83.0,82.0,73.0,81.0,69.0,65.0,72.0,0,0,0,82.0,87.0,0
0,0.0,0.0,4.0,0.0,0.0,67.0,98.0,97.0,95.0,34.0,69.0,70.0,71.0,63.0,0,0,0,40.0,88.0,0
0,0.0,0.0,0.0,0.0,0.0,67.0,93.0,96.0,88.0,54.0,49.0,75.0,82.0,79.0,0,0,0,72.0,87.0,0
0,0.0,0.0,4.0,0.0,0.0,67.0,85.0,87.0,84.0,67.0,63.0,81.0,83.0,84.0,0,0,0,48.0,88.0,0
0,0.0,0.0,7.0,0.0,0.0,67.0,90.0,88.0,92.0,54.0,51.0,80.0,79.0,81.0,0,0,0,56.0,82.0,0
0,0.0,0.0,0.0,0.0,0.0,67.0,91.0,95.0,91.0,61.0,65.0,72.0,66.0,64.0,0,0,0,67.0,95.0,0
0,0.0,0.0,0.0,0.0,0.0,66.0,88.0,94.0,93.0,39.0,69.0,75.0,79.0,66.0,0,0,0,43.0,79.0,0
0,0.0,0.0,0.0,0.0,0.0,66.0,87.0,93.0,89.0,43.0,65.0,82.0,80.0,75.0,0,0,0,42.0,80.0,0
0,0.0,0.0,0.0,0.0,0.0,66.0,93.0,89.0,92.0,66.0,53.0,77.0,79.0,78.0,0,0,0,52.0,86.0,0
0,0.0,0.0,0.0,0.0,0.0,66.0,90.0,92.0,88.0,45.0,65.0,80.0,74.0,78.0,0,0,0,50.0,83.0,0
0,0.0,0.0,2.0,0.0,0.0,66.0,85.0,90.0,80.0,68.0,62.0,76.0,73.0,85.0,0,0,0,72.0,87.0,0
0,0.0,0.0,0.0,0.0,0.0,66.0,87.0,90.0,88.0,51.0,64.0,75.0,75.0,72.0,0,0,0,55.0,92.0,0
0,0.0,0.0,0.0,0.0,0.0,66.0,94.0,92.0,87.0,40.0,55.0,80.0,67.0,75.0,0,0,0,50.0,84.0,0
0,0.0,0.0,9.0,0.0,0.0,66.0,94.0,90.0,88.0,55.0,52.0,74.0,78.0,75.0,0,0,0,68.0,92.0,0
0,0.0,0.0,4.0,0.0,0.0,66.0,90.0,86.0,87.0,66.0,56.0,81.0,71.0,79.0,0,0,0,62.0,90.0,0
0,0.0,0.0,0.0,0.0,0.0,66.0,96.0,93.0,89.0,67.0,60.0,69.0,76.0,65.0,0,0,0,69.0,88.0,0
0,0.0,0.0,19.0,0.0,0.0,66.0,93.0,91.0,87.0,63.0,42.0,76.0,88.0,79.0,0,0,0,76.0,91.0,0
0,0.0,0.0,0.0,0.0,0.0,66.0,86.0,85.0,87.0,65.0,54.0,76.0,84.0,74.0,0,0,0,75.0,87.0,0
0,0.0,0.0,3.0,0.0,0.0,66.0,88.0,85.0,84.0,61.0,64.0,79.0,85.0,70.0,0,0,0,65.0,85.0,0
0,0.0,0.0,1.0,0.0,0.0,65.0,91.0,86.0,84.0,68.0,52.0,74.0,81.0,74.0,0,0,0,84.0,88.0,0
0,0.0,0.0,13.0,0.0,0.0,65.0,93.0,91.0,90.0,56.0,41.0,77.0,78.0,69.0,0,0,0,82.0,94.0,0
0,0.0,0.0,6.0,0.0,0.0,65.0,93.0,91.0,90.0,56.0,41.0,77.0,78.0,69.0,0,0,0,82.0,94.0,0
0,0.0,0.0,39.0,0.0,0.0,65.0,93.0,91.0,90.0,56.0,41.0,77.0,78.0,69.0,0,0,0,82.0,94.0,0
0,0.0,0.0,47.0,0.0,0.0,65.0,93.0,91.0,90.0,56.0,41.0,77.0,78.0,69.0,0,0,0,82.0,94.0,0
0,0.0,0.0,7.0,0.0,0.0,65.0,93.0,91.0,90.0,56.0,41.0,77.0,78.0,69.0,0,0,0,82.0,94.0,0
0,0.0,0.0,43.0,0.0,0.0,65.0,94.0,90.0,88.0,41.0,58.0,76.0,74.0,77.0,0,0,0,46.0,88.0,0
0,0.0,0.0,0.0,0.0,0.0,65.0,94.0,90.0,88.0,41.0,58.0,76.0,74.0,77.0,0,0,0,46.0,88.0,0
0,0.0,0.0,36.0,0.0,0.0,65.0,94.0,90.0,88.0,41.0,58.0,76.0,74.0,77.0,0,0,0,46.0,88.0,0
0,0.0,0.0,0.0,0.0,0.0,65.0,90.0,92.0,88.0,54.0,55.0,77.0,74.0,75.0,0,0,0,55.0,88.0,0
0,0.0,0.0,0.0,0.0,0.0,65.0,92.0,89.0,85.0,60.0,61.0,73.0,81.0,65.0,0,0,0,76.0,90.0,0
0,0.0,0.0,0.0,0.0,0.0,65.0,90.0,92.0,88.0,54.0,48.0,77.0,73.0,75.0,0,0,0,71.0,87.0,0
0,0.0,0.0,0.0,0.0,0.0,65.0,89.0,84.0,87.0,58.0,60.0,76.0,80.0,67.0,0,0,0,72.0,93.0,0
0,0.0,0.0,6.0,0.0,0.0,65.0,90.0,92.0,89.0,60.0,49.0,76.0,72.0,76.0,0,0,0,56.0,86.0,0
0,0.0,0.0,0.0,0.0,0.0,65.0,87.0,92.0,93.0,35.0,61.0,81.0,83.0,72.0,0,0,0,45.0,82.0,0
0,0.0,0.0,0.0,0.0,0.0,65.0,88.0,84.0,88.0,72.0,49.0,74.0,79.0,81.0,0,0,0,77.0,88.0,0
0,0.0,0.0,0.0,0.0,0.0,65.0,88.0,84.0,88.0,72.0,49.0,74.0,79.0,81.0,0,0,0,77.0,88.0,0
0,0.0,0.0,0.0,0.0,0.0,65.0,92.0,94.0,89.0,44.0,57.0,76.0,76.0,69.0,0,0,0,49.0,91.0,0
0,0.0,0.0,2.0,0.0,0.0,65.0,92.0,94.0,96.0,42.0,52.0,73.0,77.0,80.0,0,0,0,58.0,89.0,0
0,0.0,0.0,0.0,0.0,0.0,65.0,96.0,93.0,87.0,67.0,51.0,71.0,74.0,64.0,0,0,0,67.0,94.0,0
0,0.0,0.0,0.0,0.0,0.0,64.0,83.0,87.0,90.0,44.0,49.0,83.0,69.0,87.0,0,0,0,48.0,82.0,0
0,0.0,0.0,0.0,0.0,0.0,64.0,91.0,85.0,83.0,63.0,52.0,72.0,78.0,73.0,0,0,0,74.0,87.0,0
0,0.0,0.0,1.0,0.0,0.0,64.0,88.0,87.0,87.0,50.0,50.0,82.0,79.0,84.0,0,0,0,65.0,89.0,0
0,0.0,0.0,0.0,0.0,0.0,64.0,93.0,90.0,88.0,55.0,52.0,76.0,75.0,69.0,0,0,0,67.0,88.0,0
0,0.0,0.0,0.0,0.0,0.0,64.0,84.0,79.0,83.0,52.0,51.0,76.0,65.0,82.0,0,0,0,80.0,82.0,0
0,0.0,0.0,0.0,0.0,0.0,64.0,84.0,89.0,88.0,45.0,67.0,82.0,76.0,78.0,0,0,0,37.0,75.0,0
0,0.0,0.0,13.0,0.0,0.0,64.0,91.0,87.0,84.0,64.0,48.0,76.0,74.0,80.0,0,0,0,79.0,86.0,0
0,0.0,0.0,0.0,0.0,0.0,64.0,85.0,83.0,81.0,68.0,45.0,73.0,73.0,84.0,0,0,0,82.0,89.0,0
0,0.0,0.0,0.0,0.0,0.0,64.0,87.0,88.0,87.0,52.0,60.0,73.0,75.0,71.0,0,0,0,67.0,87.0,0
0,0.0,0.0,0.0,0.0,0.0,64.0,87.0,92.0,93.0,42.0,53.0,85.0,83.0,65.0,0,0,0,50.0,86.0,0
0,0.0,0.0,10.0,0.0,0.0,64.0,87.0,92.0,93.0,42.0,53.0,85.0,83.0,65.0,0,0,0,50.0,86.0,0
0,0.0,0.0,1.0,0.0,0.0,64.0,95.0,93.0,86.0,54.0,53.0,73.0,69.0,74.0,0,0,0,65.0,91.0,0
0,0.0,0.0,0.0,0.0,0.0,63.0,85.0,84.0,81.0,69.0,54.0,72.0,85.0,77.0,0,0,0,86.0,92.0,0
0,0.0,0.0,0.0,0.0,0.0,63.0,86.0,87.0,88.0,72.0,42.0,72.0,76.0,69.0,0,0,0,72.0,89.0,0
0,0.0,0.0,0.0,0.0,0.0,63.0,94.0,93.0,87.0,55.0,60.0,74.0,76.0,66.0,0,0,0,52.0,89.0,0
0,0.0,0.0,0.0,0.0,0.0,63.0,93.0,82.0,87.0,59.0,51.0,72.0,82.0,77.0,0,0,0,73.0,85.0,0
0,0.0,0.0,0.0,0.0,0.0,63.0,86.0,85.0,88.0,57.0,49.0,76.0,78.0,83.0,0,0,0,70.0,86.0,0
0,0.0,0.0,0.0,0.0,0.0,63.0,90.0,91.0,88.0,55.0,50.0,69.0,74.0,66.0,0,0,0,67.0,96.0,0
0,0.0,0.0,0.0,0.0,0.0,63.0,87.0,93.0,88.0,35.0,62.0,75.0,65.0,69.0,0,0,0,48.0,82.0,0
0,0.0,0.0,38.0,0.0,0.0,63.0,94.0,94.0,89.0,52.0,46.0,73.0,83.0,69.0,0,0,0,73.0,82.0,0
0,0.0,0.0,3.0,0.0,0.0,63.0,94.0,94.0,89.0,52.0,46.0,73.0,83.0,69.0,0,0,0,73.0,82.0,0
0,0.0,0.0,0.0,0.0,0.0,63.0,90.0,90.0,87.0,63.0,50.0,72.0,73.0,74.0,0,0,0,75.0,91.0,0
0,0.0,0.0,2.0,0.0,0.0,63.0,93.0,94.0,93.0,71.0,48.0,74.0,82.0,77.0,0,0,0,55.0,90.0,0
0,0.0,0.0,0.0,0.0,0.0,63.0,91.0,87.0,84.0,62.0,55.0,72.0,65.0,72.0,0,0,0,74.0,89.0,0
0,0.0,0.0,0.0,0.0,0.0,63.0,87.0,85.0,82.0,74.0,46.0,82.0,84.0,81.0,0,0,0,67.0,84.0,0
0,0.0,0.0,8.0,0.0,0.0,63.0,87.0,85.0,82.0,74.0,46.0,82.0,84.0,81.0,0,0,0,67.0,84.0,0
0,0.0,0.0,0.0,0.0,0.0,63.0,94.0,89.0,88.0,45.0,55.0,78.0,84.0,81.0,0,0,0,45.0,88.0,0
0,0.0,0.0,0.0,0.0,0.0,62.0,96.0,92.0,83.0,68.0,49.0,75.0,59.0,76.0,0,0,0,69.0,95.0,0
0,0.0,0.0,1.0,0.0,0.0,62.0,88.0,91.0,90.0,45.0,50.0,80.0,82.0,75.0,0,0,0,45.0,82.0,0
0,0.0,0.0,0.0,0.0,0.0,62.0,90.0,87.0,86.0,65.0,56.0,72.0,72.0,64.0,0,0,0,77.0,91.0,0
0,0.0,0.0,0.0,0.0,0.0,62.0,91.0,88.0,90.0,52.0,52.0,74.0,63.0,75.0,0,0,0,47.0,91.0,0
0,0.0,0.0,0.0,0.0,0.0,62.0,83.0,88.0,89.0,63.0,50.0,75.0,76.0,79.0,0,0,0,67.0,81.0,0
0,0.0,0.0,0.0,0.0,0.0,62.0,84.0,87.0,86.0,48.0,64.0,78.0,69.0,77.0,0,0,0,43.0,75.0,0
0,0.0,0.0,0.0,0.0,0.0,62.0,84.0,90.0,87.0,50.0,67.0,78.0,76.0,73.0,0,0,0,40.0,76.0,0
0,0.0,0.0,1.0,0.0,0.0,62.0,88.0,86.0,83.0,52.0,45.0,78.0,72.0,83.0,0,0,0,86.0,79.0,0
0,0.0,0.0,0.0,0.0,0.0,62.0,91.0,81.0,83.0,51.0,59.0,76.0,82.0,76.0,0,0,0,64.0,84.0,0
0,0.0,0.0,0.0,0.0,0.0,62.0,91.0,92.0,89.0,52.0,52.0,74.0,69.0,84.0,0,0,0,47.0,82.0,0
0,0.0,0.0,0.0,0.0,0.0,61.0,93.0,92.0,90.0,42.0,55.0,73.0,74.0,65.0,0,0,0,40.0,88.0,0
0,0.0,0.0,0.0,0.0,0.0,61.0,93.0,94.0,90.0,39.0,52.0,79.0,75.0,63.0,0,0,0,44.0,97.0,0
0,0.0,0.0,0.0,0.0,0.0,61.0,93.0,91.0,88.0,46.0,49.0,71.0,79.0,69.0,0,0,0,73.0,88.0,0
0,0.0,0.0,0.0,0.0,0.0,61.0,90.0,85.0,91.0,63.0,50.0,69.0,63.0,75.0,0,0,0,73.0,93.0,0
0,0.0,0.0,0.0,0.0,0.0,61.0,92.0,85.0,88.0,58.0,46.0,71.0,74.0,80.0,0,0,0,66.0,83.0,0
0,0.0,0.0,0.0,0.0,0.0,60.0,90.0,84.0,86.0,63.0,54.0,74.0,81.0,65.0,0,0,0,66.0,88.0,0
0,0.0,0.0,0.0,0.0,0.0,60.0,86.0,88.0,91.0,62.0,56.0,70.0,73.0,64.0,0,0,0,74.0,86.0,0
0,0.0,0.0,0.0,0.0,0.0,60.0,86.0,88.0,84.0,57.0,45.0,78.0,81.0,77.0,0,0,0,60.0,87.0,0
0,0.0,0.0,22.0,0.0,0.0,59.0,87.0,93.0,91.0,43.0,51.0,72.0,66.0,72.0,0,0,0,43.0,91.0,0
0,0.0,0.0,6.0,0.0,0.0,58.0,90.0,87.0,89.0,63.0,48.0,71.0,62.0,70.0,0,0,0,74.0,91.0,0
0,0.0,0.0,2.0,0.0,0.0,58.0,90.0,87.0,89.0,63.0,48.0,71.0,62.0,70.0,0,0,0,74.0,91.0,0
0,0.0,0.0,0.0,0.0,0.0,58.0,91.0,93.0,88.0,39.0,49.0,73.0,68.0,66.0,0,0,0,44.0,98.0,0
0,0.0,0.0,0.0,0.0,0.0,57.0,96.0,95.0,87.0,50.0,54.0,68.0,68.0,65.0,0,0,0,47.0,86.0,0
0,0.0,0.0,0.0,0.0,0.0,57.0,93.0,88.0,87.0,61.0,42.0,71.0,64.0,69.0,0,0,0,57.0,90.0,0
0,0.0,0.0,0.0,0.0,0.0,57.0,95.0,95.0,88.0,60.0,40.0,65.0,63.0,74.0,0,0,0,47.0,97.0,0
0,0.0,0.0,0.0,0.0,0.0,55.0,92.0,90.0,88.0,72.0,40.0,72.0,73.0,59.0,0,0,0,55.0,94.0,0
0,0.0,0.0,0.0,0.0,0.0,53.0,95.0,94.0,90.0,37.0,51.0,67.0,57.0,63.0,0,0,0,39.0,88.0,0
70,186.0,0.0,0.0,0.0,0.0,97.0,90.0,91.0,97.0,49.0,96.0,99.0,0.0,98.0,0,0,0,86.0,85.0,0
70,186.0,0.0,92.0,4.0,7.0,97.0,90.0,91.0,97.0,49.0,96.0,99.0,0.0,98.0,0,0,0,86.0,85.0,0
74,220.0,0.0,61.0,1.0,3.0,96.0,89.0,90.0,97.0,74.0,90.0,98.0,0.0,97.0,0,0,0,87.0,98.0,0
77,236.0,0.0,78.0,3.0,6.0,95.0,89.0,89.0,93.0,78.0,91.0,97.0,0.0,91.0,0,0,0,98.0,98.0,0
75,220.0,0.0,101.0,2.0,7.0,94.0,92.0,92.0,94.0,74.0,82.0,94.0,0.0,94.0,0,0,0,98.0,96.0,0
71,198.0,0.0,0.0,0.0,0.0,94.0,92.0,93.0,98.0,49.0,82.0,97.0,0.0,90.0,0,0,0,89.0,91.0,0
75,229.0,0.0,69.0,0.0,5.0,93.0,90.0,92.0,94.0,77.0,88.0,94.0,0.0,92.0,0,0,0,97.0,95.0,0
75,217.0,0.0,73.0,0.0,1.0,93.0,87.0,90.0,89.0,68.0,96.0,96.0,0.0,95.0,0,0,0,91.0,83.0,0
76,207.0,0.0,77.0,0.0,7.0,92.0,87.0,89.0,94.0,69.0,87.0,94.0,0.0,90.0,0,0,0,95.0,97.0,0
70,192.0,0.0,64.0,0.0,1.0,91.0,88.0,89.0,97.0,53.0,87.0,94.0,0.0,96.0,0,0,0,83.0,86.0,0
75,216.0,0.0,48.0,0.0,1.0,90.0,88.0,85.0,87.0,79.0,82.0,93.0,0.0,97.0,0,0,0,98.0,91.0,0
71,180.0,0.0,63.0,0.0,2.0,89.0,89.0,92.0,94.0,42.0,89.0,93.0,0.0,87.0,0,0,0,81.0,92.0,0
69,178.0,0.0,72.0,0.0,4.0,89.0,92.0,91.0,96.0,40.0,87.0,93.0,0.0,87.0,0,0,0,79.0,86.0,0
76,230.0,0.0,83.0,1.0,6.0,89.0,82.0,84.0,88.0,79.0,92.0,90.0,0.0,96.0,0,0,0,99.0,92.0,0
76,230.0,0.0,30.0,0.0,0.0,89.0,82.0,84.0,88.0,79.0,92.0,90.0,0.0,96.0,0,0,0,99.0,92.0,0
70,200.0,0.0,61.0,0.0,0.0,89.0,84.0,90.0,90.0,62.0,90.0,95.0,0.0,94.0,0,0,0,79.0,84.0,0
73,220.0,0.0,86.0,0.0,3.0,88.0,77.0,82.0,84.0,81.0,95.0,91.0,0.0,99.0,0,0,0,95.0,86.0,0
72,198.0,0.0,50.0,0.0,0.0,88.0,87.0,87.0,93.0,57.0,87.0,93.0,0.0,88.0,0,0,0,78.0,87.0,0
70,195.0,0.0,0.0,0.0,0.0,88.0,88.0,91.0,95.0,59.0,85.0,92.0,0.0,88.0,0,0,0,74.0,91.0,0
70,195.0,0.0,58.0,0.0,1.0,88.0,88.0,91.0,95.0,59.0,85.0,92.0,0.0,88.0,0,0,0,74.0,91.0,0
70,178.0,0.0,75.0,0.0,3.0,88.0,92.0,93.0,97.0,43.0,88.0,92.0,0.0,77.0,0,0,0,75.0,87.0,0
73,207.0,0.0,82.0,3.0,5.0,88.0,85.0,87.0,88.0,66.0,83.0,93.0,0.0,96.0,0,0,0,92.0,91.0,0
75,225.0,0.0,0.0,0.0,0.0,87.0,90.0,89.0,92.0,69.0,70.0,90.0,0.0,90.0,0,0,0,92.0,90.0,0
77,231.0,0.0,24.0,0.0,0.0,87.0,87.0,90.0,88.0,73.0,74.0,92.0,0.0,93.0,0,0,0,96.0,93.0,0
77,231.0,0.0,1.0,0.0,0.0,87.0,87.0,90.0,88.0,73.0,74.0,92.0,0.0,93.0,0,0,0,96.0,93.0,0
77,231.0,0.0,79.0,0.0,6.0,87.0,87.0,90.0,88.0,73.0,74.0,92.0,0.0,93.0,0,0,0,96.0,93.0,0
75,218.0,0.0,93.0,1.0,11.0,87.0,82.0,86.0,86.0,75.0,95.0,93.0,0.0,88.0,0,0,0,88.0,97.0,0
72,205.0,0.0,37.0,0.0,0.0,86.0,89.0,91.0,90.0,58.0,86.0,88.0,0.0,89.0,0,0,0,83.0,92.0,0
71,184.0,0.0,43.0,0.0,1.0,86.0,89.0,92.0,98.0,76.0,87.0,87.0,0.0,79.0,0,0,0,70.0,90.0,0
77,230.0,0.0,77.0,0.0,3.0,86.0,84.0,85.0,84.0,80.0,90.0,91.0,0.0,91.0,0,0,0,95.0,95.0,0
75,225.0,0.0,28.0,0.0,0.0,86.0,88.0,89.0,87.0,74.0,79.0,90.0,0.0,90.0,0,0,0,92.0,89.0,0
74,211.0,0.0,77.0,0.0,6.0,86.0,85.0,88.0,91.0,68.0,78.0,93.0,0.0,94.0,0,0,0,78.0,90.0,0
75,230.0,0.0,0.0,0.0,0.0,86.0,84.0,87.0,85.0,78.0,96.0,88.0,0.0,93.0,0,0,0,85.0,88.0,0
75,230.0,0.0,94.0,2.0,7.0,86.0,84.0,87.0,85.0,78.0,96.0,88.0,0.0,93.0,0,0,0,85.0,88.0,0
75,214.0,0.0,45.0,0.0,0.0,86.0,84.0,87.0,85.0,72.0,89.0,91.0,0.0,94.0,0,0,0,89.0,82.0,0
77,245.0,0.0,22.0,0.0,0.0,86.0,85.0,87.0,87.0,74.0,78.0,91.0,0.0,97.0,0,0,0,96.0,84.0,0
69,195.0,0.0,0.0,0.0,0.0,86.0,83.0,86.0,87.0,68.0,96.0,90.0,0.0,93.0,0,0,0,73.0,88.0,0
76,225.0,0.0,72.0,0.0,0.0,86.0,83.0,84.0,84.0,78.0,93.0,91.0,0.0,97.0,0,0,0,93.0,92.0,0
72,200.0,0.0,57.0,0.0,1.0,86.0,92.0,94.0,92.0,57.0,84.0,88.0,0.0,82.0,0,0,0,83.0,90.0,0
73,211.0,0.0,43.0,0.0,0.0,85.0,92.0,91.0,96.0,59.0,74.0,89.0,0.0,86.0,0,0,0,89.0,87.0,0
72,211.0,0.0,88.0,1.0,4.0,84.0,84.0,87.0,86.0,64.0,95.0,90.0,0.0,86.0,0,0,0,75.0,92.0,0
72,204.0,0.0,0.0,0.0,0.0,84.0,88.0,88.0,91.0,60.0,84.0,87.0,0.0,81.0,0,0,0,76.0,93.0,0
70,189.0,0.0,0.0,0.0,0.0,84.0,87.0,90.0,92.0,49.0,85.0,88.0,0.0,90.0,0,0,0,77.0,89.0,0
74,222.0,0.0,50.0,0.0,1.0,83.0,83.0,88.0,83.0,77.0,84.0,87.0,0.0,92.0,0,0,0,95.0,96.0,0
77,225.0,0.0,0.0,0.0,0.0,83.0,82.0,88.0,85.0,69.0,88.0,88.0,0.0,91.0,0,0,0,94.0,96.0,0
74,207.0,0.0,33.0,0.0,0.0,83.0,86.0,91.0,84.0,65.0,87.0,87.0,0.0,87.0,0,0,0,79.0,88.0,0
75,210.0,0.0,43.0,0.0,0.0,83.0,84.0,89.0,85.0,70.0,83.0,88.0,0.0,92.0,0,0,0,89.0,87.0,0
72,216.0,0.0,54.0,0.0,0.0,83.0,87.0,90.0,88.0,67.0,85.0,86.0,0.0,88.0,0,0,0,79.0,91.0,0
70,191.0,0.0,28.0,0.0,0.0,83.0,90.0,91.0,94.0,54.0,82.0,90.0,0.0,87.0,0,0,0,67.0,90.0,0
74,208.0,0.0,27.0,0.0,0.0,82.0,87.0,92.0,87.0,57.0,78.0,88.0,0.0,88.0,0,0,0,83.0,83.0,0
74,208.0,0.0,21.0,0.0,0.0,82.0,89.0,91.0,87.0,68.0,78.0,87.0,0.0,89.0,0,0,0,87.0,82.0,0
73,211.0,0.0,66.0,0.0,5.0,82.0,92.0,88.0,94.0,53.0,68.0,87.0,0.0,89.0,0,0,0,77.0,84.0,0
73,214.0,0.0,53.0,0.0,0.0,82.0,84.0,88.0,85.0,73.0,82.0,87.0,0.0,87.0,0,0,0,84.0,91.0,0
75,223.0,0.0,35.0,0.0,0.0,82.0,85.0,88.0,84.0,77.0,81.0,87.0,0.0,89.0,0,0,0,86.0,91.0,0
70,189.0,0.0,72.0,0.0,0.0,82.0,95.0,92.0,96.0,54.0,75.0,87.0,0.0,86.0,0,0,0,68.0,87.0,0
70,185.0,0.0,35.0,0.0,0.0,81.0,88.0,92.0,95.0,46.0,87.0,86.0,0.0,76.0,0,0,0,66.0,87.0,0
72,195.0,0.0,66.0,0.0,2.0,81.0,86.0,86.0,88.0,52.0,90.0,87.0,0.0,74.0,0,0,0,73.0,90.0,0
72,194.0,0.0,35.0,0.0,0.0,81.0,92.0,91.0,91.0,51.0,77.0,87.0,0.0,85.0,0,0,0,74.0,86.0,0
75,212.0,0.0,23.0,0.0,0.0,81.0,90.0,91.0,87.0,68.0,75.0,88.0,0.0,90.0,0,0,0,79.0,88.0,0
73,209.0,0.0,0.0,0.0,0.0,81.0,89.0,92.0,88.0,57.0,79.0,86.0,0.0,89.0,0,0,0,75.0,92.0,0
72,190.0,0.0,36.0,0.0,0.0,80.0,90.0,87.0,87.0,55.0,75.0,85.0,0.0,85.0,0,0,0,80.0,89.0,0
72,190.0,0.0,0.0,0.0,0.0,80.0,90.0,87.0,87.0,55.0,75.0,85.0,0.0,85.0,0,0,0,80.0,89.0,0
72,190.0,0.0,1.0,0.0,0.0,80.0,90.0,87.0,87.0,55.0,75.0,85.0,0.0,85.0,0,0,0,80.0,89.0,0
72,190.0,0.0,59.0,0.0,0.0,80.0,90.0,87.0,87.0,55.0,75.0,85.0,0.0,85.0,0,0,0,80.0,89.0,0
67,180.0,0.0,0.0,0.0,0.0,80.0,90.0,89.0,98.0,41.0,83.0,88.0,0.0,76.0,0,0,0,53.0,91.0,0
71,202.0,0.0,56.0,0.0,5.0,80.0,86.0,86.0,88.0,64.0,76.0,91.0,0.0,94.0,0,0,0,76.0,78.0,0
76,211.0,0.0,19.0,0.0,0.0,80.0,91.0,92.0,90.0,65.0,70.0,87.0,0.0,87.0,0,0,0,83.0,91.0,0
74,210.0,0.0,41.0,0.0,0.0,79.0,86.0,88.0,87.0,75.0,75.0,75.0,0.0,84.0,0,0,0,87.0,88.0,0
71,179.0,0.0,43.0,0.0,0.0,79.0,94.0,90.0,97.0,41.0,75.0,87.0,0.0,81.0,0,0,0,58.0,88.0,0
71,179.0,0.0,0.0,0.0,0.0,79.0,94.0,90.0,97.0,41.0,75.0,87.0,0.0,81.0,0,0,0,58.0,88.0,0
71,179.0,0.0,36.0,0.0,0.0,79.0,94.0,90.0,97.0,41.0,75.0,87.0,0.0,81.0,0,0,0,58.0,88.0,0
75,210.0,0.0,0.0,0.0,0.0,79.0,85.0,91.0,89.0,67.0,70.0,84.0,0.0,88.0,0,0,0,86.0,91.0,0
75,210.0,0.0,48.0,0.0,1.0,79.0,85.0,91.0,89.0,67.0,70.0,84.0,0.0,88.0,0,0,0,86.0,91.0,0
73,215.0,0.0,89.0,3.0,6.0,79.0,86.0,92.0,87.0,63.0,70.0,85.0,0.0,85.0,0,0,0,84.0,92.0,0
71,195.0,0.0,0.0,0.0,0.0,79.0,82.0,90.0,93.0,48.0,89.0,88.0,0.0,88.0,0,0,0,52.0,76.0,0
75,218.0,0.0,11.0,0.0,0.0,79.0,87.0,94.0,86.0,69.0,74.0,84.0,0.0,83.0,0,0,0,89.0,88.0,0
72,183.0,0.0,31.0,0.0,0.0,79.0,84.0,89.0,94.0,46.0,81.0,87.0,0.0,75.0,0,0,0,63.0,89.0,0
75,215.0,0.0,3.0,0.0,0.0,78.0,94.0,92.0,88.0,75.0,53.0,88.0,0.0,88.0,0,0,0,85.0,87.0,0
74,198.0,0.0,52.0,0.0,0.0,78.0,88.0,89.0,89.0,66.0,74.0,84.0,0.0,83.0,0,0,0,78.0,87.0,0
74,198.0,0.0,53.0,0.0,0.0,78.0,88.0,89.0,89.0,66.0,74.0,84.0,0.0,83.0,0,0,0,78.0,87.0,0
74,200.0,0.0,32.0,0.0,0.0,78.0,84.0,91.0,84.0,59.0,87.0,85.0,0.0,90.0,0,0,0,80.0,79.0,0
74,215.0,0.0,0.0,0.0,0.0,78.0,84.0,86.0,85.0,61.0,87.0,86.0,0.0,81.0,0,0,0,65.0,89.0,0
75,200.0,0.0,0.0,0.0,0.0,78.0,88.0,87.0,85.0,64.0,77.0,85.0,0.0,88.0,0,0,0,74.0,90.0,0
72,202.0,0.0,19.0,0.0,0.0,78.0,86.0,91.0,91.0,44.0,78.0,84.0,0.0,81.0,0,0,0,71.0,91.0,0
73,183.0,0.0,0.0,0.0,0.0,78.0,84.0,91.0,91.0,50.0,87.0,86.0,0.0,75.0,0,0,0,73.0,92.0,0
73,208.0,0.0,40.0,0.0,0.0,78.0,85.0,90.0,81.0,75.0,81.0,85.0,0.0,87.0,0,0,0,83.0,93.0,0
74,215.0,0.0,13.0,0.0,0.0,78.0,91.0,91.0,90.0,63.0,71.0,83.0,0.0,81.0,0,0,0,83.0,94.0,0
74,215.0,0.0,6.0,0.0,0.0,78.0,91.0,91.0,90.0,63.0,71.0,83.0,0.0,81.0,0,0,0,83.0,94.0,0
74,215.0,0.0,39.0,0.0,0.0,78.0,91.0,91.0,90.0,63.0,71.0,83.0,0.0,81.0,0,0,0,83.0,94.0,0
74,215.0,0.0,47.0,0.0,0.0,78.0,91.0,91.0,90.0,63.0,71.0,83.0,0.0,81.0,0,0,0,83.0,94.0,0
74,215.0,0.0,7.0,0.0,0.0,78.0,91.0,91.0,90.0,63.0,71.0,83.0,0.0,81.0,0,0,0,83.0,94.0,0
68,180.0,0.0,0.0,0.0,0.0,77.0,87.0,89.0,93.0,61.0,77.0,86.0,0.0,85.0,0,0,0,49.0,90.0,0
74,221.0,0.0,18.0,0.0,0.0,76.0,92.0,93.0,87.0,62.0,66.0,83.0,0.0,81.0,0,0,0,78.0,92.0,0
75,209.0,0.0,36.0,0.0,0.0,76.0,91.0,93.0,88.0,69.0,61.0,87.0,0.0,86.0,0,0,0,81.0,87.0,0
76,230.0,0.0,17.0,0.0,0.0,76.0,85.0,89.0,83.0,69.0,80.0,82.0,0.0,86.0,0,0,0,83.0,89.0,0
74,211.0,0.0,12.0,0.0,0.0,76.0,90.0,91.0,86.0,61.0,73.0,80.0,0.0,84.0,0,0,0,80.0,90.0,0
73,210.0,0.0,9.0,0.0,0.0,76.0,88.0,91.0,88.0,67.0,45.0,86.0,0.0,90.0,0,0,0,91.0,88.0,0
69,188.0,0.0,23.0,0.0,0.0,76.0,84.0,90.0,92.0,43.0,81.0,86.0,0.0,83.0,0,0,0,49.0,85.0,0
73,205.0,0.0,51.0,0.0,0.0,76.0,80.0,84.0,81.0,69.0,86.0,84.0,0.0,92.0,0,0,0,76.0,83.0,0
70,194.0,0.0,7.0,0.0,0.0,76.0,87.0,89.0,92.0,49.0,71.0,84.0,0.0,80.0,0,0,0,74.0,86.0,0
77,214.0,0.0,0.0,0.0,0.0,76.0,83.0,87.0,87.0,57.0,74.0,84.0,0.0,86.0,0,0,0,75.0,88.0,0
70,180.0,0.0,24.0,0.0,0.0,76.0,91.0,91.0,93.0,42.0,76.0,83.0,0.0,81.0,0,0,0,56.0,90.0,0
68,167.0,0.0,0.0,0.0,0.0,75.0,92.0,93.0,94.0,60.0,74.0,82.0,0.0,79.0,0,0,0,49.0,95.0,0
76,215.0,0.0,30.0,1.0,1.0,75.0,84.0,89.0,88.0,63.0,81.0,76.0,0.0,66.0,0,0,0,77.0,88.0,0
72,210.0,0.0,29.0,0.0,0.0,75.0,79.0,83.0,82.0,72.0,84.0,84.0,0.0,89.0,0,0,0,84.0,82.0,0
70,202.0,0.0,12.0,0.0,1.0,75.0,86.0,88.0,90.0,62.0,77.0,83.0,0.0,79.0,0,0,0,63.0,81.0,0
71,185.0,0.0,0.0,0.0,0.0,75.0,88.0,91.0,94.0,45.0,80.0,76.0,0.0,65.0,0,0,0,69.0,88.0,0
75,200.0,0.0,6.0,0.0,0.0,75.0,92.0,92.0,85.0,65.0,67.0,79.0,0.0,77.0,0,0,0,79.0,91.0,0
76,210.0,0.0,0.0,0.0,0.0,75.0,86.0,88.0,84.0,67.0,71.0,80.0,0.0,82.0,0,0,0,82.0,86.0,0
68,176.0,0.0,26.0,0.0,0.0,75.0,95.0,93.0,98.0,49.0,76.0,77.0,0.0,67.0,0,0,0,60.0,85.0,0
72,219.0,0.0,21.0,0.0,0.0,75.0,86.0,91.0,82.0,72.0,79.0,74.0,0.0,83.0,0,0,0,83.0,90.0,0
71,182.0,0.0,13.0,0.0,0.0,75.0,89.0,92.0,92.0,51.0,75.0,79.0,0.0,73.0,0,0,0,72.0,90.0,0
76,203.0,0.0,9.0,0.0,0.0,75.0,90.0,91.0,93.0,62.0,69.0,72.0,0.0,75.0,0,0,0,83.0,95.0,0
74,190.0,0.0,18.0,0.0,0.0,74.0,87.0,92.0,93.0,56.0,75.0,78.0,0.0,74.0,0,0,0,67.0,98.0,0
72,200.0,0.0,12.0,0.0,0.0,74.0,89.0,92.0,87.0,53.0,79.0,76.0,0.0,72.0,0,0,0,71.0,90.0,0
74,200.0,0.0,0.0,0.0,0.0,74.0,91.0,92.0,86.0,57.0,78.0,77.0,0.0,74.0,0,0,0,60.0,93.0,0
74,205.0,0.0,0.0,0.0,0.0,74.0,91.0,89.0,92.0,67.0,67.0,80.0,0.0,83.0,0,0,0,70.0,86.0,0
73,198.0,0.0,36.0,0.0,0.0,74.0,92.0,89.0,92.0,64.0,51.0,87.0,0.0,86.0,0,0,0,62.0,87.0,0
71,190.0,0.0,47.0,3.0,4.0,74.0,91.0,89.0,92.0,53.0,81.0,74.0,0.0,70.0,0,0,0,65.0,90.0,0
72,192.0,0.0,17.0,0.0,0.0,74.0,88.0,90.0,92.0,52.0,64.0,79.0,0.0,74.0,0,0,0,73.0,90.0,0
71,187.0,0.0,24.0,1.0,3.0,74.0,89.0,90.0,91.0,47.0,77.0,78.0,0.0,68.0,0,0,0,71.0,85.0,0
74,211.0,0.0,0.0,0.0,0.0,74.0,92.0,91.0,87.0,65.0,73.0,81.0,0.0,74.0,0,0,0,68.0,94.0,0
77,218.0,0.0,0.0,0.0,0.0,74.0,86.0,89.0,89.0,69.0,67.0,83.0,0.0,85.0,0,0,0,85.0,92.0,0
77,237.0,0.0,7.0,0.0,0.0,74.0,89.0,89.0,91.0,67.0,49.0,85.0,0.0,87.0,0,0,0,84.0,83.0,0
76,184.0,0.0,6.0,0.0,0.0,73.0,87.0,92.0,86.0,47.0,67.0,81.0,0.0,79.0,0,0,0,76.0,93.0,0
72,190.0,0.0,15.0,0.0,0.0,73.0,89.0,89.0,93.0,49.0,74.0,75.0,0.0,66.0,0,0,0,69.0,96.0,0
74,215.0,0.0,6.0,0.0,0.0,73.0,90.0,91.0,88.0,75.0,49.0,86.0,0.0,88.0,0,0,0,88.0,91.0,0
75,203.0,0.0,8.0,0.0,0.0,73.0,84.0,87.0,86.0,66.0,75.0,81.0,0.0,83.0,0,0,0,71.0,88.0,0
68,176.0,0.0,7.0,0.0,0.0,73.0,92.0,91.0,97.0,41.0,68.0,81.0,0.0,72.0,0,0,0,53.0,85.0,0
69,200.0,0.0,0.0,0.0,0.0,73.0,91.0,89.0,88.0,47.0,69.0,80.0,0.0,82.0,0,0,0,64.0,90.0,0
70,185.0,0.0,16.0,0.0,0.0,73.0,96.0,92.0,96.0,65.0,59.0,82.0,0.0,81.0,0,0,0,61.0,89.0,0
75,195.0,0.0,0.0,0.0,0.0,73.0,87.0,90.0,88.0,62.0,67.0,80.0,0.0,76.0,0,0,0,73.0,80.0,0
69,190.0,0.0,0.0,0.0,0.0,73.0,82.0,88.0,87.0,42.0,84.0,81.0,0.0,76.0,0,0,0,63.0,82.0,0
71,185.0,0.0,0.0,0.0,0.0,73.0,88.0,93.0,92.0,39.0,71.0,79.0,0.0,78.0,0,0,0,59.0,84.0,0
72,210.0,0.0,17.0,0.0,0.0,73.0,82.0,84.0,87.0,64.0,77.0,81.0,0.0,83.0,0,0,0,77.0,86.0,0
75,210.0,0.0,9.0,0.0,0.0,73.0,92.0,91.0,88.0,56.0,70.0,77.0,0.0,76.0,0,0,0,80.0,92.0,0
74,212.0,0.0,15.0,0.0,0.0,73.0,97.0,93.0,90.0,70.0,53.0,77.0,0.0,70.0,0,0,0,81.0,87.0,0
72,183.0,0.0,14.0,0.0,0.0,73.0,94.0,92.0,88.0,49.0,66.0,82.0,0.0,76.0,0,0,0,68.0,90.0,0
74,220.0,0.0,42.0,4.0,4.0,73.0,90.0,90.0,97.0,65.0,69.0,72.0,0.0,65.0,0,0,0,73.0,93.0,0
73,195.0,0.0,16.0,0.0,0.0,72.0,88.0,91.0,87.0,66.0,78.0,72.0,0.0,72.0,0,0,0,65.0,91.0,0
73,220.0,0.0,0.0,0.0,0.0,72.0,84.0,87.0,88.0,72.0,66.0,81.0,0.0,80.0,0,0,0,74.0,89.0,0
70,175.0,0.0,25.0,0.0,0.0,72.0,93.0,89.0,96.0,37.0,75.0,76.0,0.0,73.0,0,0,0,53.0,90.0,0
71,190.0,0.0,0.0,0.0,0.0,72.0,85.0,89.0,85.0,55.0,72.0,81.0,0.0,81.0,0,0,0,64.0,88.0,0
72,215.0,0.0,22.0,0.0,0.0,72.0,83.0,89.0,86.0,66.0,70.0,77.0,0.0,84.0,0,0,0,77.0,87.0,0
71,206.0,0.0,6.0,0.0,0.0,72.0,88.0,92.0,89.0,60.0,66.0,80.0,0.0,77.0,0,0,0,64.0,86.0,0
69,195.0,0.0,0.0,0.0,0.0,72.0,84.0,91.0,94.0,49.0,78.0,76.0,0.0,73.0,0,0,0,59.0,82.0,0
72,196.0,0.0,2.0,0.0,0.0,72.0,92.0,91.0,89.0,62.0,59.0,80.0,0.0,69.0,0,0,0,79.0,90.0,0
74,200.0,0.0,38.0,0.0,0.0,72.0,90.0,93.0,89.0,57.0,65.0,78.0,0.0,75.0,0,0,0,78.0,82.0,0
74,200.0,0.0,3.0,0.0,0.0,72.0,90.0,93.0,89.0,57.0,65.0,78.0,0.0,75.0,0,0,0,78.0,82.0,0
72,215.0,0.0,0.0,0.0,0.0,72.0,88.0,92.0,92.0,60.0,74.0,75.0,0.0,71.0,0,0,0,62.0,95.0,0
74,215.0,0.0,0.0,0.0,0.0,72.0,80.0,88.0,83.0,68.0,73.0,80.0,0.0,84.0,0,0,0,85.0,87.0,0
76,225.0,0.0,20.0,0.0,0.0,72.0,89.0,90.0,87.0,69.0,58.0,80.0,0.0,75.0,0,0,0,87.0,88.0,0
72,210.0,0.0,0.0,2.0,10.0,72.0,86.0,87.0,88.0,49.0,81.0,74.0,0.0,76.0,0,0,0,68.0,85.0,0
73,195.0,0.0,0.0,0.0,0.0,72.0,86.0,91.0,90.0,56.0,73.0,76.0,0.0,68.0,0,0,0,67.0,87.0,0
73,200.0,0.0,10.0,0.0,0.0,72.0,85.0,91.0,89.0,60.0,72.0,76.0,0.0,83.0,0,0,0,73.0,84.0,0
74,215.0,0.0,0.0,0.0,0.0,72.0,88.0,88.0,85.0,62.0,73.0,79.0,0.0,81.0,0,0,0,71.0,89.0,0
76,218.0,0.0,3.0,0.0,0.0,72.0,89.0,88.0,83.0,66.0,67.0,79.0,0.0,78.0,0,0,0,81.0,90.0,0
70,182.0,0.0,67.0,1.0,1.0,72.0,92.0,91.0,96.0,49.0,63.0,82.0,0.0,73.0,0,0,0,60.0,85.0,0
74,217.0,0.0,2.0,0.0,0.0,72.0,91.0,90.0,82.0,72.0,45.0,86.0,0.0,90.0,0,0,0,87.0,93.0,0
72,204.0,0.0,6.0,0.0,0.0,71.0,87.0,90.0,88.0,44.0,54.0,82.0,0.0,79.0,0,0,0,65.0,84.0,0
75,205.0,0.0,0.0,0.0,0.0,71.0,87.0,87.0,92.0,54.0,67.0,79.0,0.0,77.0,0,0,0,73.0,85.0,0
73,225.0,0.0,2.0,0.0,0.0,71.0,86.0,91.0,81.0,68.0,69.0,76.0,0.0,84.0,0,0,0,75.0,87.0,0
71,190.0,0.0,52.0,0.0,0.0,71.0,84.0,89.0,89.0,44.0,76.0,78.0,0.0,71.0,0,0,0,60.0,91.0,0
71,190.0,0.0,9.0,0.0,0.0,71.0,84.0,89.0,89.0,44.0,76.0,78.0,0.0,71.0,0,0,0,60.0,91.0,0
70,192.0,0.0,8.0,0.0,0.0,71.0,87.0,90.0,92.0,63.0,57.0,87.0,0.0,85.0,0,0,0,48.0,86.0,0
74,220.0,0.0,8.0,0.0,0.0,71.0,83.0,89.0,84.0,74.0,66.0,72.0,0.0,83.0,0,0,0,82.0,89.0,0
74,205.0,0.0,4.0,0.0,0.0,71.0,84.0,87.0,84.0,68.0,73.0,84.0,0.0,84.0,0,0,0,65.0,87.0,0
71,182.0,0.0,2.0,0.0,0.0,71.0,88.0,92.0,91.0,54.0,58.0,79.0,0.0,73.0,0,0,0,76.0,87.0,0
67,178.0,0.0,3.0,0.0,0.0,71.0,87.0,92.0,95.0,41.0,71.0,79.0,0.0,69.0,0,0,0,59.0,81.0,0
71,188.0,0.0,7.0,0.0,0.0,71.0,90.0,94.0,90.0,37.0,70.0,74.0,0.0,77.0,0,0,0,61.0,84.0,0
70,195.0,0.0,3.0,0.0,0.0,71.0,85.0,88.0,89.0,63.0,70.0,82.0,0.0,82.0,0,0,0,47.0,78.0,0
75,219.0,0.0,2.0,0.0,0.0,71.0,93.0,93.0,93.0,71.0,64.0,79.0,0.0,78.0,0,0,0,66.0,90.0,0
69,185.0,0.0,4.0,0.0,0.0,71.0,90.0,92.0,88.0,66.0,65.0,81.0,0.0,81.0,0,0,0,62.0,90.0,0
74,199.0,0.0,1.0,0.0,0.0,71.0,89.0,90.0,93.0,50.0,64.0,79.0,0.0,85.0,0,0,0,64.0,83.0,0
73,212.0,0.0,4.0,0.0,0.0,71.0,91.0,91.0,86.0,75.0,48.0,76.0,0.0,87.0,0,0,0,88.0,93.0,0
68,175.0,0.0,0.0,0.0,0.0,71.0,86.0,90.0,94.0,44.0,75.0,78.0,0.0,71.0,0,0,0,52.0,80.0,0
69,190.0,0.0,12.0,0.0,0.0,71.0,93.0,93.0,90.0,45.0,71.0,72.0,0.0,74.0,0,0,0,58.0,88.0,0
72,195.0,0.0,85.0,1.0,4.0,71.0,90.0,92.0,93.0,63.0,59.0,84.0,0.0,75.0,0,0,0,56.0,85.0,0
74,195.0,0.0,0.0,0.0,0.0,71.0,88.0,86.0,91.0,53.0,71.0,80.0,0.0,76.0,0,0,0,78.0,87.0,0
74,225.0,0.0,0.0,0.0,0.0,70.0,83.0,85.0,91.0,74.0,52.0,79.0,0.0,87.0,0,0,0,86.0,85.0,0
75,205.0,0.0,23.0,0.0,0.0,70.0,94.0,93.0,91.0,70.0,56.0,79.0,0.0,84.0,0,0,0,79.0,97.0,0
77,205.0,0.0,0.0,0.0,0.0,70.0,85.0,91.0,89.0,69.0,64.0,83.0,0.0,80.0,0,0,0,76.0,83.0,0
75,220.0,0.0,1.0,0.0,0.0,70.0,82.0,88.0,85.0,72.0,66.0,82.0,0.0,78.0,0,0,0,71.0,91.0,0
72,200.0,0.0,0.0,0.0,0.0,70.0,83.0,87.0,89.0,51.0,76.0,78.0,0.0,65.0,0,0,0,64.0,86.0,0
74,210.0,0.0,4.0,0.0,0.0,70.0,85.0,89.0,85.0,67.0,68.0,82.0,0.0,84.0,0,0,0,48.0,88.0,0
75,204.0,0.0,0.0,0.0,0.0,70.0,88.0,90.0,88.0,68.0,68.0,79.0,0.0,79.0,0,0,0,76.0,84.0,0
68,185.0,0.0,33.0,0.0,0.0,70.0,90.0,91.0,94.0,62.0,63.0,82.0,0.0,82.0,0,0,0,52.0,87.0,0
73,187.0,0.0,5.0,0.0,1.0,69.0,86.0,87.0,91.0,55.0,78.0,72.0,0.0,68.0,0,0,0,57.0,82.0,0
75,200.0,0.0,1.0,0.0,0.0,69.0,87.0,90.0,87.0,52.0,65.0,82.0,0.0,84.0,0,0,0,69.0,89.0,0
75,215.0,0.0,0.0,0.0,0.0,69.0,82.0,90.0,86.0,70.0,67.0,77.0,0.0,81.0,0,0,0,70.0,85.0,0
73,195.0,0.0,1.0,0.0,0.0,69.0,88.0,92.0,86.0,39.0,62.0,81.0,0.0,82.0,0,0,0,76.0,78.0,0
72,216.0,0.0,17.0,0.0,0.0,69.0,89.0,93.0,87.0,68.0,55.0,75.0,0.0,77.0,0,0,0,87.0,92.0,0
73,185.0,0.0,0.0,0.0,0.0,69.0,88.0,91.0,87.0,65.0,58.0,82.0,0.0,82.0,0,0,0,49.0,83.0,0
70,184.0,0.0,12.0,0.0,0.0,69.0,91.0,89.0,93.0,35.0,71.0,74.0,0.0,70.0,0,0,0,55.0,87.0,0
74,219.0,0.0,23.0,0.0,0.0,69.0,92.0,94.0,85.0,65.0,74.0,71.0,0.0,64.0,0,0,0,74.0,92.0,0
71,194.0,0.0,7.0,0.0,0.0,69.0,90.0,90.0,94.0,46.0,70.0,78.0,0.0,68.0,0,0,0,54.0,92.0,0
69,197.0,0.0,7.0,0.0,0.0,68.0,90.0,87.0,94.0,56.0,53.0,83.0,0.0,83.0,0,0,0,55.0,90.0,0
72,206.0,0.0,0.0,0.0,0.0,68.0,88.0,89.0,86.0,63.0,68.0,74.0,0.0,70.0,0,0,0,66.0,88.0,0
74,217.0,0.0,1.0,0.0,0.0,68.0,89.0,90.0,84.0,68.0,65.0,74.0,0.0,74.0,0,0,0,84.0,88.0,0
69,179.0,0.0,24.0,0.0,0.0,68.0,95.0,96.0,92.0,42.0,67.0,74.0,0.0,69.0,0,0,0,57.0,88.0,0
70,186.0,0.0,79.0,0.0,6.0,68.0,91.0,88.0,93.0,42.0,70.0,73.0,0.0,69.0,0,0,0,58.0,88.0,0
70,186.0,0.0,6.0,0.0,0.0,68.0,91.0,88.0,93.0,42.0,70.0,73.0,0.0,69.0,0,0,0,58.0,88.0,0
70,186.0,0.0,0.0,0.0,0.0,68.0,91.0,88.0,93.0,42.0,70.0,73.0,0.0,69.0,0,0,0,58.0,88.0,0
72,190.0,0.0,0.0,0.0,0.0,68.0,86.0,85.0,86.0,60.0,71.0,76.0,0.0,71.0,0,0,0,67.0,85.0,0
73,200.0,0.0,0.0,0.0,0.0,68.0,89.0,89.0,87.0,67.0,58.0,78.0,0.0,68.0,0,0,0,64.0,83.0,0
72,194.0,0.0,0.0,0.0,0.0,68.0,90.0,89.0,91.0,70.0,53.0,72.0,0.0,68.0,0,0,0,75.0,84.0,0
75,211.0,0.0,0.0,0.0,0.0,68.0,86.0,89.0,83.0,64.0,65.0,75.0,0.0,76.0,0,0,0,72.0,83.0,0
71,220.0,0.0,0.0,0.0,0.0,68.0,91.0,91.0,84.0,75.0,51.0,82.0,0.0,69.0,0,0,0,75.0,85.0,0
72,200.0,0.0,2.0,0.0,0.0,68.0,91.0,89.0,91.0,39.0,66.0,78.0,0.0,72.0,0,0,0,55.0,91.0,0
72,200.0,0.0,2.0,0.0,0.0,68.0,91.0,89.0,91.0,39.0,66.0,78.0,0.0,72.0,0,0,0,55.0,91.0,0
72,200.0,0.0,0.0,0.0,0.0,68.0,93.0,93.0,85.0,68.0,65.0,75.0,0.0,76.0,0,0,0,73.0,95.0,0
73,210.0,0.0,2.0,0.0,0.0,68.0,91.0,90.0,88.0,59.0,59.0,75.0,0.0,83.0,0,0,0,73.0,89.0,0
72,203.0,0.0,12.0,0.0,0.0,68.0,92.0,91.0,91.0,52.0,69.0,72.0,0.0,69.0,0,0,0,63.0,85.0,0
72,193.0,0.0,0.0,0.0,0.0,68.0,87.0,89.0,93.0,42.0,65.0,84.0,0.0,72.0,0,0,0,55.0,86.0,0
72,193.0,0.0,10.0,0.0,0.0,68.0,87.0,89.0,93.0,42.0,65.0,84.0,0.0,72.0,0,0,0,55.0,86.0,0
73,184.0,0.0,0.0,0.0,0.0,68.0,90.0,87.0,89.0,52.0,65.0,72.0,0.0,69.0,0,0,0,72.0,87.0,0
72,210.0,0.0,1.0,0.0,0.0,68.0,92.0,94.0,88.0,68.0,39.0,86.0,0.0,77.0,0,0,0,80.0,88.0,0
74,227.0,0.0,0.0,0.0,0.0,67.0,87.0,88.0,88.0,70.0,48.0,79.0,0.0,82.0,0,0,0,79.0,85.0,0
74,197.0,0.0,2.0,0.0,0.0,67.0,86.0,86.0,86.0,52.0,57.0,80.0,0.0,74.0,0,0,0,60.0,78.0,0
73,201.0,0.0,6.0,0.0,0.0,67.0,90.0,90.0,90.0,63.0,64.0,77.0,0.0,76.0,0,0,0,74.0,91.0,0
73,201.0,0.0,2.0,0.0,0.0,67.0,90.0,90.0,90.0,63.0,64.0,77.0,0.0,76.0,0,0,0,74.0,91.0,0
76,212.0,0.0,0.0,0.0,0.0,67.0,90.0,91.0,82.0,68.0,45.0,87.0,0.0,83.0,0,0,0,78.0,87.0,0
69,193.0,0.0,0.0,0.0,0.0,67.0,93.0,91.0,91.0,61.0,51.0,74.0,0.0,75.0,0,0,0,77.0,86.0,0
73,195.0,0.0,0.0,0.0,0.0,67.0,89.0,89.0,90.0,44.0,49.0,79.0,0.0,81.0,0,0,0,76.0,91.0,0
73,202.0,0.0,0.0,0.0,0.0,67.0,88.0,93.0,88.0,54.0,55.0,77.0,0.0,75.0,0,0,0,71.0,87.0,0
72,185.0,0.0,7.0,0.0,0.0,67.0,89.0,92.0,92.0,54.0,51.0,80.0,0.0,81.0,0,0,0,56.0,82.0,0
75,210.0,0.0,0.0,0.0,0.0,67.0,84.0,87.0,83.0,49.0,64.0,78.0,0.0,78.0,0,0,0,63.0,85.0,0
71,205.0,0.0,1.0,0.0,0.0,67.0,92.0,90.0,89.0,70.0,51.0,72.0,0.0,79.0,0,0,0,74.0,85.0,0
71,198.0,0.0,0.0,0.0,0.0,67.0,88.0,92.0,91.0,74.0,61.0,70.0,0.0,65.0,0,0,0,81.0,91.0,0
72,197.0,0.0,3.0,0.0,0.0,67.0,93.0,90.0,92.0,42.0,64.0,69.0,0.0,64.0,0,0,0,66.0,90.0,0
72,192.0,0.0,0.0,0.0,0.0,66.0,91.0,92.0,93.0,55.0,60.0,78.0,0.0,64.0,0,0,0,44.0,86.0,0
74,210.0,0.0,0.0,0.0,0.0,66.0,89.0,91.0,87.0,57.0,64.0,78.0,0.0,78.0,0,0,0,61.0,90.0,0
73,212.0,0.0,0.0,0.0,0.0,66.0,93.0,89.0,86.0,70.0,58.0,71.0,0.0,66.0,0,0,0,78.0,86.0,0
73,197.0,0.0,0.0,0.0,0.0,66.0,93.0,95.0,93.0,59.0,58.0,76.0,0.0,65.0,0,0,0,66.0,92.0,0
73,185.0,0.0,0.0,0.0,0.0,66.0,90.0,93.0,91.0,54.0,64.0,72.0,0.0,67.0,0,0,0,52.0,83.0,0
71,195.0,0.0,0.0,0.0,0.0,66.0,88.0,92.0,91.0,53.0,64.0,73.0,0.0,75.0,0,0,0,49.0,84.0,0
74,216.0,0.0,0.0,0.0,0.0,66.0,89.0,91.0,91.0,75.0,43.0,84.0,0.0,80.0,0,0,0,79.0,87.0,0
73,228.0,0.0,0.0,0.0,0.0,66.0,86.0,90.0,88.0,72.0,49.0,74.0,0.0,81.0,0,0,0,77.0,88.0,0
73,228.0,0.0,0.0,0.0,0.0,66.0,86.0,90.0,88.0,72.0,49.0,74.0,0.0,81.0,0,0,0,77.0,88.0,0
76,214.0,0.0,0.0,0.0,0.0,66.0,88.0,90.0,89.0,63.0,52.0,78.0,0.0,78.0,0,0,0,77.0,84.0,0
70,200.0,0.0,0.0,0.0,0.0,66.0,81.0,83.0,90.0,63.0,66.0,74.0,0.0,73.0,0,0,0,61.0,82.0,0
70,200.0,0.0,56.0,1.0,1.0,66.0,81.0,83.0,90.0,63.0,66.0,74.0,0.0,73.0,0,0,0,61.0,82.0,0
76,215.0,0.0,4.0,0.0,0.0,66.0,92.0,92.0,87.0,62.0,61.0,64.0,0.0,65.0,0,0,0,79.0,93.0,0
72,192.0,0.0,0.0,0.0,0.0,66.0,89.0,89.0,87.0,65.0,46.0,81.0,0.0,82.0,0,0,0,79.0,84.0,0
74,190.0,0.0,0.0,0.0,0.0,65.0,88.0,89.0,88.0,65.0,62.0,80.0,0.0,63.0,0,0,0,44.0,87.0,0
72,203.0,0.0,0.0,0.0,0.0,65.0,93.0,92.0,89.0,67.0,60.0,69.0,0.0,65.0,0,0,0,69.0,88.0,0
72,183.0,0.0,0.0,0.0,0.0,65.0,91.0,94.0,86.0,58.0,62.0,81.0,0.0,75.0,0,0,0,41.0,92.0,0
76,220.0,0.0,0.0,0.0,0.0,65.0,89.0,91.0,83.0,63.0,52.0,72.0,0.0,73.0,0,0,0,74.0,87.0,0
77,213.0,0.0,0.0,0.0,0.0,65.0,83.0,88.0,87.0,65.0,54.0,76.0,0.0,74.0,0,0,0,75.0,87.0,0
75,215.0,0.0,0.0,0.0,0.0,65.0,87.0,92.0,82.0,68.0,52.0,83.0,0.0,79.0,0,0,0,62.0,86.0,0
72,190.0,0.0,0.0,0.0,0.0,65.0,81.0,87.0,87.0,50.0,71.0,79.0,0.0,79.0,0,0,0,44.0,76.0,0
74,225.0,0.0,13.0,0.0,0.0,65.0,90.0,92.0,84.0,64.0,48.0,76.0,0.0,80.0,0,0,0,79.0,86.0,0
72,210.0,0.0,0.0,0.0,0.0,65.0,88.0,90.0,88.0,54.0,49.0,75.0,0.0,79.0,0,0,0,72.0,87.0,0
69,165.0,0.0,0.0,0.0,0.0,65.0,90.0,93.0,87.0,40.0,55.0,80.0,0.0,75.0,0,0,0,50.0,84.0,0
71,180.0,0.0,0.0,0.0,0.0,64.0,82.0,87.0,93.0,39.0,69.0,75.0,0.0,66.0,0,0,0,43.0,79.0,0
75,216.0,0.0,0.0,0.0,0.0,64.0,89.0,90.0,85.0,60.0,61.0,73.0,0.0,65.0,0,0,0,76.0,90.0,0
73,200.0,0.0,0.0,0.0,0.0,64.0,87.0,91.0,87.0,68.0,52.0,70.0,0.0,81.0,0,0,0,57.0,92.0,0
73,200.0,0.0,2.0,0.0,0.0,64.0,89.0,89.0,95.0,43.0,58.0,73.0,0.0,80.0,0,0,0,58.0,89.0,0
71,186.0,0.0,0.0,0.0,0.0,64.0,88.0,88.0,88.0,54.0,55.0,77.0,0.0,75.0,0,0,0,55.0,88.0,0
77,215.0,0.0,0.0,0.0,0.0,64.0,91.0,91.0,87.0,59.0,51.0,72.0,0.0,77.0,0,0,0,73.0,85.0,0
72,184.0,0.0,0.0,0.0,0.0,64.0,84.0,87.0,88.0,45.0,70.0,82.0,0.0,78.0,0,0,0,37.0,75.0,0
72,190.0,0.0,0.0,0.0,0.0,64.0,90.0,91.0,89.0,44.0,57.0,76.0,0.0,69.0,0,0,0,49.0,91.0,0
71,188.0,0.0,0.0,0.0,0.0,64.0,90.0,89.0,92.0,59.0,64.0,68.0,0.0,61.0,0,0,0,77.0,81.0,0
76,216.0,0.0,0.0,0.0,0.0,64.0,84.0,90.0,87.0,67.0,40.0,67.0,0.0,64.0,0,0,0,81.0,85.0,0
73,201.0,0.0,0.0,0.0,0.0,64.0,88.0,92.0,92.0,65.0,42.0,80.0,0.0,81.0,0,0,0,72.0,90.0,0
75,209.0,0.0,1.0,0.0,0.0,63.0,84.0,90.0,85.0,52.0,54.0,73.0,0.0,79.0,0,0,0,86.0,79.0,0
70,188.0,0.0,0.0,0.0,0.0,63.0,86.0,89.0,91.0,57.0,47.0,75.0,0.0,78.0,0,0,0,58.0,80.0,0
71,198.0,0.0,0.0,0.0,0.0,63.0,92.0,91.0,87.0,55.0,60.0,74.0,0.0,66.0,0,0,0,52.0,89.0,0
73,205.0,0.0,0.0,0.0,0.0,63.0,88.0,90.0,88.0,55.0,52.0,76.0,0.0,69.0,0,0,0,67.0,88.0,0
73,211.0,0.0,0.0,0.0,0.0,63.0,88.0,90.0,83.0,73.0,45.0,75.0,0.0,83.0,0,0,0,74.0,86.0,0
73,192.0,0.0,0.0,0.0,0.0,63.0,85.0,89.0,88.0,55.0,56.0,71.0,0.0,66.0,0,0,0,67.0,96.0,0
78,225.0,0.0,0.0,0.0,0.0,63.0,86.0,87.0,82.0,74.0,46.0,82.0,0.0,81.0,0,0,0,67.0,84.0,0
78,225.0,0.0,8.0,0.0,0.0,63.0,86.0,87.0,82.0,74.0,46.0,82.0,0.0,81.0,0,0,0,67.0,84.0,0
75,200.0,0.0,0.0,0.0,0.0,63.0,87.0,89.0,85.0,59.0,64.0,72.0,0.0,73.0,0,0,0,60.0,89.0,0
69,180.0,0.0,0.0,0.0,0.0,62.0,97.0,94.0,95.0,65.0,52.0,76.0,0.0,71.0,0,0,0,53.0,84.0,0
77,220.0,0.0,0.0,0.0,0.0,62.0,87.0,90.0,88.0,58.0,50.0,72.0,0.0,80.0,0,0,0,66.0,83.0,0
71,163.0,0.0,0.0,0.0,0.0,62.0,92.0,91.0,93.0,39.0,68.0,74.0,0.0,77.0,0,0,0,36.0,82.0,0
69,175.0,0.0,0.0,0.0,0.0,62.0,88.0,91.0,92.0,62.0,61.0,80.0,0.0,67.0,0,0,0,49.0,87.0,0
72,189.0,0.0,0.0,0.0,0.0,62.0,90.0,90.0,90.0,45.0,50.0,80.0,0.0,75.0,0,0,0,45.0,82.0,0
74,196.0,0.0,0.0,0.0,0.0,62.0,90.0,92.0,91.0,53.0,61.0,72.0,0.0,71.0,0,0,0,44.0,84.0,0
69,187.0,0.0,0.0,0.0,0.0,62.0,91.0,91.0,92.0,42.0,50.0,73.0,0.0,76.0,0,0,0,39.0,92.0,0
74,207.0,0.0,0.0,0.0,0.0,62.0,84.0,87.0,91.0,61.0,58.0,74.0,0.0,64.0,0,0,0,72.0,83.0,0
70,170.0,0.0,0.0,0.0,0.0,61.0,90.0,91.0,90.0,39.0,56.0,79.0,0.0,63.0,0,0,0,44.0,97.0,0
69,200.0,0.0,0.0,0.0,0.0,61.0,86.0,89.0,92.0,66.0,65.0,70.0,0.0,65.0,0,0,0,52.0,85.0,0
73,220.0,0.0,21.0,0.0,0.0,61.0,92.0,91.0,86.0,70.0,48.0,77.0,0.0,68.0,0,0,0,64.0,84.0,0
73,220.0,0.0,12.0,0.0,0.0,61.0,92.0,91.0,86.0,70.0,48.0,77.0,0.0,68.0,0,0,0,64.0,84.0,0
72,195.0,0.0,0.0,0.0,0.0,61.0,89.0,88.0,92.0,55.0,50.0,77.0,0.0,66.0,0,0,0,55.0,84.0,0
70,184.0,0.0,22.0,0.0,0.0,61.0,85.0,87.0,91.0,43.0,60.0,73.0,0.0,74.0,0,0,0,43.0,91.0,0
72,198.0,0.0,0.0,0.0,0.0,61.0,88.0,91.0,81.0,64.0,41.0,79.0,0.0,66.0,0,0,0,80.0,86.0,0
78,240.0,0.0,31.0,0.0,1.0,61.0,90.0,90.0,84.0,64.0,47.0,76.0,0.0,79.0,0,0,0,77.0,87.0,0
70,191.0,0.0,0.0,0.0,0.0,61.0,85.0,86.0,88.0,52.0,57.0,74.0,0.0,84.0,0,0,0,47.0,82.0,0
72,215.0,0.0,2.0,0.0,0.0,61.0,88.0,88.0,83.0,65.0,49.0,74.0,0.0,81.0,0,0,0,45.0,82.0,0
72,195.0,0.0,0.0,0.0,0.0,60.0,91.0,92.0,87.0,61.0,56.0,74.0,0.0,69.0,0,0,0,57.0,90.0,0
70,195.0,0.0,3.0,0.0,0.0,60.0,91.0,89.0,88.0,59.0,57.0,73.0,0.0,74.0,0,0,0,49.0,83.0,0
70,160.0,0.0,0.0,0.0,0.0,60.0,96.0,94.0,92.0,39.0,51.0,77.0,0.0,76.0,0,0,0,37.0,86.0,0
72,199.0,0.0,0.0,0.0,0.0,60.0,88.0,91.0,87.0,65.0,46.0,82.0,0.0,75.0,0,0,0,48.0,87.0,0
72,188.0,0.0,0.0,0.0,0.0,60.0,87.0,89.0,91.0,57.0,46.0,79.0,0.0,61.0,0,0,0,47.0,83.0,0
74,205.0,0.0,0.0,0.0,0.0,60.0,91.0,89.0,84.0,72.0,52.0,74.0,0.0,72.0,0,0,0,55.0,85.0,0
71,178.0,0.0,0.0,0.0,0.0,59.0,91.0,92.0,90.0,47.0,60.0,69.0,0.0,61.0,0,0,0,45.0,83.0,0
72,211.0,0.0,0.0,0.0,0.0,59.0,92.0,94.0,85.0,70.0,40.0,77.0,0.0,63.0,0,0,0,53.0,85.0,0
75,238.0,0.0,2.0,0.0,0.0,59.0,85.0,92.0,88.0,68.0,44.0,74.0,0.0,75.0,0,0,0,68.0,85.0,0
72,196.0,0.0,0.0,0.0,0.0,59.0,87.0,92.0,86.0,70.0,43.0,79.0,0.0,65.0,0,0,0,60.0,87.0,0
75,236.0,0.0,0.0,0.0,0.0,59.0,83.0,84.0,82.0,67.0,55.0,68.0,0.0,78.0,0,0,0,77.0,87.0,0
76,201.0,0.0,0.0,0.0,0.0,59.0,90.0,84.0,90.0,68.0,41.0,78.0,0.0,73.0,0,0,0,63.0,86.0,0
70,190.0,0.0,0.0,0.0,0.0,58.0,88.0,91.0,94.0,37.0,48.0,74.0,0.0,67.0,0,0,0,45.0,83.0,0
75,190.0,0.0,0.0,0.0,0.0,58.0,91.0,92.0,89.0,65.0,41.0,68.0,0.0,65.0,0,0,0,62.0,92.0,0
71,188.0,0.0,0.0,0.0,0.0,57.0,96.0,95.0,90.0,37.0,62.0,70.0,0.0,63.0,0,0,0,39.0,88.0,0
69,177.0,0.0,0.0,0.0,0.0,56.0,92.0,92.0,90.0,51.0,45.0,71.0,0.0,69.0,0,0,0,45.0,83.0,0
69,178.0,0.0,0.0,0.0,0.0,56.0,96.0,92.0,90.0,66.0,57.0,67.0,0.0,55.0,0,0,0,44.0,86.0,0
72,187.0,0.0,0.0,0.0,0.0,55.0,91.0,90.0,90.0,62.0,47.0,68.0,0.0,62.0,0,0,0,41.0,88.0,0
67,167.0,0.0,0.0,0.0,0.0,54.0,96.0,94.0,91.0,53.0,44.0,70.0,0.0,61.0,0,0,0,34.0,86.0,0
0,0.0,0.0,0.0,0.0,0.0,97.0,93.0,93.0,98.0,51.0,99.0,99.0,97.0,98.0,0,0,0,95.0,88.0,0
0,0.0,0.0,92.0,4.0,7.0,97.0,93.0,93.0,98.0,51.0,99.0,99.0,97.0,98.0,0,0,0,95.0,88.0,0
0,0.0,0.0,101.0,2.0,7.0,96.0,93.0,93.0,94.0,74.0,97.0,98.0,97.0,95.0,0,0,0,97.0,96.0,0
0,0.0,0.0,77.0,0.0,7.0,93.0,91.0,90.0,94.0,69.0,93.0,95.0,97.0,94.0,0,0,0,93.0,97.0,0
0,0.0,0.0,0.0,0.0,0.0,93.0,93.0,93.0,97.0,49.0,91.0,96.0,99.0,92.0,0,0,0,91.0,91.0,0
0,0.0,0.0,82.0,3.0,5.0,93.0,92.0,93.0,91.0,66.0,96.0,97.0,98.0,96.0,0,0,0,92.0,92.0,0
0,0.0,0.0,48.0,0.0,1.0,91.0,90.0,87.0,87.0,79.0,90.0,96.0,98.0,97.0,0,0,0,98.0,91.0,0
0,0.0,0.0,93.0,1.0,11.0,91.0,86.0,88.0,84.0,74.0,98.0,97.0,97.0,94.0,0,0,0,92.0,96.0,0
0,0.0,0.0,61.0,1.0,3.0,90.0,90.0,91.0,97.0,74.0,91.0,89.0,97.0,93.0,0,0,0,88.0,98.0,0
0,0.0,0.0,72.0,0.0,4.0,89.0,94.0,92.0,96.0,41.0,92.0,93.0,91.0,89.0,0,0,0,86.0,86.0,0
0,0.0,0.0,83.0,1.0,6.0,89.0,87.0,85.0,86.0,78.0,93.0,92.0,94.0,96.0,0,0,0,97.0,91.0,0
0,0.0,0.0,30.0,0.0,0.0,89.0,87.0,85.0,86.0,78.0,93.0,92.0,94.0,96.0,0,0,0,97.0,91.0,0
0,0.0,0.0,0.0,0.0,0.0,89.0,90.0,92.0,95.0,59.0,91.0,93.0,89.0,89.0,0,0,0,85.0,91.0,0
0,0.0,0.0,73.0,0.0,1.0,89.0,88.0,91.0,88.0,67.0,92.0,96.0,94.0,93.0,0,0,0,91.0,83.0,0
0,0.0,0.0,61.0,0.0,0.0,89.0,86.0,91.0,91.0,62.0,95.0,94.0,84.0,92.0,0,0,0,86.0,84.0,0
0,0.0,0.0,0.0,0.0,0.0,89.0,88.0,90.0,89.0,71.0,92.0,93.0,92.0,93.0,0,0,0,87.0,87.0,0
0,0.0,0.0,0.0,0.0,0.0,89.0,91.0,91.0,92.0,49.0,96.0,94.0,92.0,93.0,0,0,0,84.0,89.0,0
0,0.0,0.0,63.0,0.0,2.0,88.0,93.0,93.0,94.0,42.0,88.0,94.0,93.0,89.0,0,0,0,83.0,92.0,0
0,0.0,0.0,77.0,0.0,6.0,88.0,89.0,92.0,91.0,69.0,89.0,91.0,89.0,94.0,0,0,0,87.0,91.0,0
0,0.0,0.0,0.0,0.0,0.0,88.0,90.0,93.0,89.0,67.0,93.0,90.0,93.0,90.0,0,0,0,88.0,91.0,0
0,0.0,0.0,48.0,0.0,1.0,88.0,90.0,93.0,89.0,67.0,93.0,90.0,93.0,90.0,0,0,0,88.0,91.0,0
0,0.0,0.0,43.0,0.0,0.0,87.0,92.0,91.0,96.0,69.0,86.0,88.0,94.0,88.0,0,0,0,89.0,88.0,0
0,0.0,0.0,69.0,0.0,5.0,87.0,91.0,92.0,94.0,77.0,88.0,86.0,94.0,92.0,0,0,0,94.0,95.0,0
0,0.0,0.0,56.0,0.0,5.0,87.0,90.0,90.0,92.0,66.0,89.0,92.0,94.0,88.0,0,0,0,84.0,86.0,0
0,0.0,0.0,45.0,0.0,0.0,87.0,86.0,90.0,85.0,72.0,94.0,91.0,89.0,94.0,0,0,0,89.0,82.0,0
0,0.0,0.0,24.0,0.0,0.0,86.0,88.0,91.0,88.0,76.0,86.0,83.0,95.0,92.0,0,0,0,94.0,93.0,0
0,0.0,0.0,1.0,0.0,0.0,86.0,88.0,91.0,88.0,76.0,86.0,83.0,95.0,92.0,0,0,0,94.0,93.0,0
0,0.0,0.0,79.0,0.0,6.0,86.0,88.0,91.0,88.0,76.0,86.0,83.0,95.0,92.0,0,0,0,94.0,93.0,0
0,0.0,0.0,43.0,0.0,0.0,86.0,94.0,90.0,97.0,41.0,89.0,91.0,91.0,86.0,0,0,0,81.0,91.0,0
0,0.0,0.0,0.0,0.0,0.0,86.0,94.0,90.0,97.0,41.0,89.0,91.0,91.0,86.0,0,0,0,81.0,91.0,0
0,0.0,0.0,36.0,0.0,0.0,86.0,94.0,90.0,97.0,41.0,89.0,91.0,91.0,86.0,0,0,0,81.0,91.0,0
0,0.0,0.0,50.0,0.0,0.0,86.0,92.0,89.0,93.0,57.0,89.0,93.0,91.0,88.0,0,0,0,80.0,87.0,0
0,0.0,0.0,64.0,0.0,1.0,86.0,92.0,93.0,97.0,56.0,86.0,85.0,88.0,90.0,0,0,0,84.0,87.0,0
0,0.0,0.0,28.0,0.0,0.0,85.0,90.0,90.0,87.0,74.0,88.0,88.0,93.0,89.0,0,0,0,88.0,89.0,0
0,0.0,0.0,0.0,0.0,0.0,85.0,88.0,91.0,88.0,73.0,89.0,92.0,87.0,88.0,0,0,0,83.0,87.0,0
0,0.0,0.0,75.0,0.0,3.0,84.0,93.0,93.0,96.0,43.0,85.0,90.0,90.0,77.0,0,0,0,80.0,87.0,0
0,0.0,0.0,22.0,0.0,0.0,83.0,86.0,88.0,87.0,74.0,78.0,91.0,97.0,97.0,0,0,0,96.0,84.0,0
0,0.0,0.0,0.0,0.0,0.0,83.0,85.0,91.0,90.0,52.0,92.0,89.0,83.0,89.0,0,0,0,82.0,75.0,0
0,0.0,0.0,66.0,0.0,5.0,83.0,92.0,89.0,94.0,56.0,81.0,81.0,90.0,89.0,0,0,0,82.0,85.0,0
0,0.0,0.0,53.0,0.0,0.0,83.0,88.0,89.0,85.0,73.0,87.0,84.0,86.0,87.0,0,0,0,86.0,91.0,0
0,0.0,0.0,72.0,0.0,0.0,83.0,96.0,93.0,96.0,54.0,82.0,89.0,88.0,85.0,0,0,0,78.0,87.0,0
0,0.0,0.0,77.0,0.0,3.0,82.0,85.0,86.0,82.0,78.0,88.0,91.0,92.0,91.0,0,0,0,89.0,92.0,0
0,0.0,0.0,52.0,0.0,0.0,82.0,88.0,89.0,89.0,66.0,88.0,88.0,90.0,84.0,0,0,0,80.0,89.0,0
0,0.0,0.0,53.0,0.0,0.0,82.0,88.0,89.0,89.0,66.0,88.0,88.0,90.0,84.0,0,0,0,80.0,89.0,0
0,0.0,0.0,19.0,0.0,0.0,82.0,93.0,93.0,90.0,65.0,82.0,83.0,94.0,87.0,0,0,0,83.0,92.0,0
0,0.0,0.0,0.0,0.0,0.0,81.0,88.0,88.0,91.0,60.0,84.0,87.0,90.0,81.0,0,0,0,76.0,93.0,0
0,0.0,0.0,54.0,0.0,0.0,81.0,88.0,91.0,87.0,66.0,86.0,82.0,83.0,87.0,0,0,0,79.0,90.0,0
0,0.0,0.0,27.0,0.0,0.0,80.0,92.0,92.0,87.0,57.0,82.0,83.0,89.0,88.0,0,0,0,80.0,83.0,0
0,0.0,0.0,26.0,0.0,0.0,80.0,95.0,94.0,98.0,49.0,85.0,83.0,79.0,74.0,0,0,0,64.0,85.0,0
0,0.0,0.0,35.0,0.0,0.0,80.0,87.0,89.0,84.0,77.0,82.0,85.0,84.0,89.0,0,0,0,85.0,91.0,0
0,0.0,0.0,0.0,0.0,0.0,80.0,91.0,93.0,88.0,57.0,85.0,84.0,91.0,85.0,0,0,0,78.0,92.0,0
0,0.0,0.0,67.0,1.0,1.0,80.0,93.0,91.0,96.0,49.0,81.0,86.0,78.0,82.0,0,0,0,76.0,85.0,0
0,0.0,0.0,86.0,0.0,3.0,79.0,81.0,83.0,82.0,79.0,80.0,88.0,83.0,87.0,0,0,0,84.0,86.0,0
0,0.0,0.0,22.0,0.0,0.0,79.0,88.0,89.0,86.0,66.0,86.0,84.0,83.0,86.0,0,0,0,79.0,88.0,0
0,0.0,0.0,28.0,0.0,0.0,79.0,89.0,90.0,94.0,54.0,81.0,86.0,89.0,87.0,0,0,0,67.0,90.0,0
0,0.0,0.0,85.0,1.0,4.0,79.0,90.0,92.0,93.0,63.0,75.0,86.0,87.0,81.0,0,0,0,77.0,85.0,0
0,0.0,0.0,37.0,0.0,0.0,78.0,91.0,92.0,90.0,60.0,77.0,80.0,89.0,85.0,0,0,0,78.0,92.0,0
0,0.0,0.0,6.0,0.0,0.0,78.0,93.0,93.0,90.0,69.0,71.0,77.0,91.0,83.0,0,0,0,86.0,93.0,0
0,0.0,0.0,25.0,0.0,0.0,78.0,93.0,91.0,96.0,37.0,84.0,84.0,82.0,81.0,0,0,0,62.0,90.0,0
0,0.0,0.0,18.0,0.0,0.0,78.0,91.0,93.0,87.0,62.0,78.0,87.0,84.0,83.0,0,0,0,79.0,91.0,0
0,0.0,0.0,23.0,0.0,0.0,78.0,90.0,91.0,87.0,68.0,81.0,82.0,85.0,84.0,0,0,0,79.0,88.0,0
0,0.0,0.0,21.0,0.0,0.0,78.0,85.0,91.0,87.0,69.0,80.0,86.0,87.0,87.0,0,0,0,81.0,84.0,0
0,0.0,0.0,0.0,0.0,0.0,78.0,87.0,88.0,85.0,62.0,84.0,86.0,79.0,83.0,0,0,0,75.0,89.0,0
0,0.0,0.0,35.0,0.0,0.0,77.0,89.0,93.0,94.0,46.0,80.0,85.0,80.0,77.0,0,0,0,66.0,87.0,0
0,0.0,0.0,43.0,0.0,0.0,77.0,84.0,88.0,85.0,70.0,82.0,80.0,81.0,88.0,0,0,0,84.0,87.0,0
0,0.0,0.0,33.0,0.0,0.0,77.0,86.0,91.0,84.0,65.0,82.0,81.0,84.0,83.0,0,0,0,77.0,87.0,0
0,0.0,0.0,0.0,0.0,0.0,77.0,87.0,88.0,93.0,61.0,82.0,83.0,79.0,85.0,0,0,0,60.0,90.0,0
0,0.0,0.0,36.0,0.0,0.0,77.0,91.0,93.0,88.0,69.0,70.0,83.0,84.0,86.0,0,0,0,82.0,90.0,0
0,0.0,0.0,0.0,0.0,0.0,77.0,88.0,89.0,87.0,75.0,77.0,84.0,90.0,83.0,0,0,0,79.0,88.0,0
0,0.0,0.0,0.0,0.0,0.0,77.0,92.0,91.0,93.0,45.0,84.0,77.0,81.0,72.0,0,0,0,72.0,87.0,0
0,0.0,0.0,57.0,0.0,1.0,77.0,91.0,93.0,89.0,56.0,77.0,85.0,87.0,81.0,0,0,0,74.0,89.0,0
0,0.0,0.0,9.0,0.0,0.0,77.0,89.0,90.0,88.0,66.0,72.0,87.0,93.0,88.0,0,0,0,70.0,94.0,0
0,0.0,0.0,0.0,0.0,0.0,77.0,87.0,93.0,86.0,63.0,79.0,85.0,78.0,82.0,0,0,0,74.0,86.0,0
0,0.0,0.0,0.0,0.0,0.0,76.0,91.0,90.0,89.0,69.0,69.0,84.0,87.0,82.0,0,0,0,82.0,86.0,0
0,0.0,0.0,0.0,0.0,0.0,76.0,88.0,93.0,92.0,39.0,83.0,83.0,87.0,81.0,0,0,0,65.0,84.0,0
0,0.0,0.0,13.0,0.0,0.0,76.0,89.0,92.0,92.0,51.0,81.0,83.0,83.0,79.0,0,0,0,73.0,90.0,0
0,0.0,0.0,7.0,0.0,0.0,76.0,89.0,89.0,91.0,67.0,68.0,86.0,90.0,87.0,0,0,0,82.0,85.0,0
0,0.0,0.0,0.0,0.0,0.0,76.0,85.0,88.0,82.0,76.0,81.0,81.0,85.0,79.0,0,0,0,82.0,85.0,0
0,0.0,0.0,94.0,2.0,7.0,76.0,85.0,88.0,82.0,76.0,81.0,81.0,85.0,79.0,0,0,0,82.0,85.0,0
0,0.0,0.0,89.0,3.0,6.0,75.0,87.0,93.0,87.0,63.0,71.0,77.0,88.0,83.0,0,0,0,81.0,92.0,0
0,0.0,0.0,0.0,0.0,0.0,75.0,85.0,87.0,89.0,72.0,74.0,82.0,81.0,83.0,0,0,0,75.0,89.0,0
0,0.0,0.0,8.0,0.0,0.0,75.0,88.0,88.0,87.0,73.0,72.0,88.0,93.0,86.0,0,0,0,64.0,94.0,0
0,0.0,0.0,24.0,0.0,0.0,75.0,90.0,90.0,93.0,42.0,81.0,83.0,84.0,81.0,0,0,0,58.0,90.0,0
0,0.0,0.0,3.0,0.0,0.0,74.0,93.0,92.0,88.0,75.0,53.0,88.0,85.0,88.0,0,0,0,85.0,87.0,0
0,0.0,0.0,0.0,0.0,0.0,74.0,90.0,88.0,88.0,47.0,78.0,83.0,78.0,81.0,0,0,0,69.0,90.0,0
0,0.0,0.0,35.0,0.0,0.0,74.0,92.0,91.0,91.0,51.0,76.0,80.0,83.0,80.0,0,0,0,71.0,86.0,0
0,0.0,0.0,30.0,0.0,0.0,74.0,90.0,91.0,93.0,68.0,67.0,84.0,81.0,81.0,0,0,0,66.0,91.0,0
0,0.0,0.0,20.0,0.0,0.0,74.0,88.0,90.0,87.0,69.0,69.0,80.0,86.0,79.0,0,0,0,87.0,88.0,0
0,0.0,0.0,11.0,0.0,0.0,74.0,87.0,87.0,86.0,69.0,73.0,79.0,86.0,82.0,0,0,0,86.0,88.0,0
0,0.0,0.0,33.0,0.0,0.0,74.0,90.0,91.0,94.0,62.0,74.0,82.0,70.0,83.0,0,0,0,63.0,87.0,0
0,0.0,0.0,0.0,0.0,0.0,74.0,93.0,93.0,92.0,58.0,75.0,79.0,79.0,74.0,0,0,0,76.0,86.0,0
0,0.0,0.0,13.0,0.0,0.0,74.0,91.0,91.0,90.0,63.0,68.0,83.0,85.0,81.0,0,0,0,79.0,94.0,0
0,0.0,0.0,6.0,0.0,0.0,74.0,91.0,91.0,90.0,63.0,68.0,83.0,85.0,81.0,0,0,0,79.0,94.0,0
0,0.0,0.0,39.0,0.0,0.0,74.0,91.0,91.0,90.0,63.0,68.0,83.0,85.0,81.0,0,0,0,79.0,94.0,0
0,0.0,0.0,47.0,0.0,0.0,74.0,91.0,91.0,90.0,63.0,68.0,83.0,85.0,81.0,0,0,0,79.0,94.0,0
0,0.0,0.0,7.0,0.0,0.0,74.0,91.0,91.0,90.0,63.0,68.0,83.0,85.0,81.0,0,0,0,79.0,94.0,0
0,0.0,0.0,6.0,0.0,0.0,73.0,87.0,92.0,86.0,47.0,75.0,82.0,88.0,78.0,0,0,0,72.0,93.0,0
0,0.0,0.0,36.0,0.0,0.0,73.0,90.0,87.0,87.0,55.0,74.0,79.0,88.0,82.0,0,0,0,75.0,89.0,0
0,0.0,0.0,0.0,0.0,0.0,73.0,90.0,87.0,87.0,55.0,74.0,79.0,88.0,82.0,0,0,0,75.0,89.0,0
0,0.0,0.0,1.0,0.0,0.0,73.0,90.0,87.0,87.0,55.0,74.0,79.0,88.0,82.0,0,0,0,75.0,89.0,0
0,0.0,0.0,59.0,0.0,0.0,73.0,90.0,87.0,87.0,55.0,74.0,79.0,88.0,82.0,0,0,0,75.0,89.0,0
0,0.0,0.0,0.0,0.0,0.0,73.0,87.0,87.0,87.0,57.0,74.0,80.0,87.0,85.0,0,0,0,72.0,88.0,0
0,0.0,0.0,0.0,0.0,0.0,73.0,89.0,88.0,97.0,41.0,77.0,83.0,82.0,76.0,0,0,0,53.0,90.0,0
0,0.0,0.0,12.0,0.0,1.0,73.0,85.0,87.0,90.0,62.0,79.0,81.0,85.0,79.0,0,0,0,64.0,81.0,0
0,0.0,0.0,0.0,0.0,0.0,73.0,83.0,87.0,84.0,50.0,85.0,74.0,86.0,77.0,0,0,0,73.0,89.0,0
0,0.0,0.0,0.0,0.0,0.0,73.0,87.0,89.0,84.0,67.0,74.0,77.0,87.0,83.0,0,0,0,81.0,86.0,0
0,0.0,0.0,40.0,0.0,0.0,73.0,84.0,89.0,81.0,75.0,74.0,83.0,84.0,86.0,0,0,0,78.0,93.0,0
0,0.0,0.0,0.0,0.0,0.0,73.0,88.0,92.0,91.0,44.0,70.0,80.0,85.0,82.0,0,0,0,74.0,91.0,0
0,0.0,0.0,2.0,0.0,0.0,73.0,91.0,90.0,82.0,72.0,58.0,86.0,87.0,87.0,0,0,0,87.0,93.0,0
0,0.0,0.0,31.0,0.0,0.0,73.0,86.0,89.0,90.0,46.0,76.0,84.0,86.0,75.0,0,0,0,62.0,87.0,0
0,0.0,0.0,0.0,0.0,0.0,72.0,91.0,93.0,94.0,60.0,77.0,78.0,80.0,79.0,0,0,0,50.0,95.0,0
0,0.0,0.0,0.0,0.0,0.0,72.0,90.0,89.0,92.0,67.0,70.0,81.0,84.0,83.0,0,0,0,70.0,86.0,0
0,0.0,0.0,0.0,0.0,0.0,72.0,87.0,86.0,92.0,54.0,77.0,81.0,83.0,78.0,0,0,0,73.0,85.0,0
0,0.0,0.0,0.0,0.0,0.0,72.0,88.0,87.0,85.0,64.0,66.0,83.0,77.0,86.0,0,0,0,74.0,90.0,0
0,0.0,0.0,16.0,0.0,0.0,72.0,96.0,92.0,96.0,65.0,63.0,83.0,84.0,82.0,0,0,0,62.0,89.0,0
0,0.0,0.0,36.0,0.0,0.0,72.0,91.0,91.0,92.0,64.0,64.0,79.0,82.0,83.0,0,0,0,70.0,87.0,0
0,0.0,0.0,23.0,0.0,0.0,72.0,84.0,89.0,92.0,43.0,83.0,81.0,85.0,83.0,0,0,0,50.0,85.0,0
0,0.0,0.0,0.0,0.0,0.0,72.0,90.0,92.0,91.0,53.0,79.0,78.0,83.0,78.0,0,0,0,58.0,84.0,0
0,0.0,0.0,16.0,0.0,0.0,71.0,87.0,90.0,87.0,66.0,79.0,74.0,80.0,74.0,0,0,0,65.0,91.0,0
0,0.0,0.0,0.0,0.0,0.0,71.0,93.0,89.0,86.0,70.0,70.0,80.0,84.0,70.0,0,0,0,78.0,86.0,0
0,0.0,0.0,19.0,0.0,0.0,71.0,87.0,91.0,86.0,57.0,79.0,78.0,77.0,74.0,0,0,0,60.0,93.0,0
0,0.0,0.0,7.0,0.0,0.0,71.0,91.0,90.0,97.0,41.0,71.0,80.0,84.0,72.0,0,0,0,60.0,85.0,0
0,0.0,0.0,0.0,0.0,0.0,71.0,84.0,88.0,85.0,71.0,68.0,79.0,81.0,81.0,0,0,0,79.0,91.0,0
0,0.0,0.0,38.0,0.0,0.0,71.0,84.0,88.0,85.0,71.0,68.0,79.0,81.0,81.0,0,0,0,79.0,91.0,0
0,0.0,0.0,0.0,0.0,0.0,71.0,84.0,88.0,85.0,71.0,68.0,79.0,81.0,81.0,0,0,0,79.0,91.0,0
0,0.0,0.0,0.0,0.0,0.0,71.0,84.0,88.0,85.0,71.0,68.0,79.0,81.0,81.0,0,0,0,79.0,91.0,0
0,0.0,0.0,3.0,0.0,0.0,71.0,84.0,88.0,85.0,71.0,68.0,79.0,81.0,81.0,0,0,0,79.0,91.0,0
0,0.0,0.0,0.0,0.0,0.0,71.0,84.0,88.0,85.0,71.0,68.0,79.0,81.0,81.0,0,0,0,79.0,91.0,0
0,0.0,0.0,0.0,0.0,0.0,71.0,84.0,88.0,85.0,71.0,68.0,79.0,81.0,81.0,0,0,0,79.0,91.0,0
0,0.0,0.0,2.0,0.0,0.0,71.0,84.0,88.0,85.0,71.0,68.0,79.0,81.0,81.0,0,0,0,79.0,91.0,0
0,0.0,0.0,24.0,0.0,0.0,71.0,84.0,88.0,85.0,71.0,68.0,79.0,81.0,81.0,0,0,0,79.0,91.0,0
0,0.0,0.0,12.0,0.0,0.0,71.0,84.0,88.0,85.0,71.0,68.0,79.0,81.0,81.0,0,0,0,79.0,91.0,0
0,0.0,0.0,25.0,0.0,0.0,71.0,84.0,88.0,85.0,71.0,68.0,79.0,81.0,81.0,0,0,0,79.0,91.0,0
0,0.0,0.0,38.0,0.0,0.0,71.0,84.0,88.0,85.0,71.0,68.0,79.0,81.0,81.0,0,0,0,79.0,91.0,0
0,0.0,0.0,9.0,0.0,0.0,71.0,91.0,90.0,88.0,56.0,71.0,79.0,85.0,76.0,0,0,0,77.0,92.0,0
0,0.0,0.0,0.0,0.0,0.0,71.0,93.0,92.0,87.0,72.0,67.0,79.0,72.0,79.0,0,0,0,61.0,85.0,0
0,0.0,0.0,17.0,0.0,0.0,71.0,88.0,90.0,92.0,52.0,68.0,79.0,87.0,76.0,0,0,0,72.0,90.0,0
0,0.0,0.0,24.0,1.0,3.0,71.0,88.0,90.0,91.0,47.0,77.0,78.0,82.0,69.0,0,0,0,71.0,85.0,0
0,0.0,0.0,2.0,0.0,0.0,71.0,92.0,92.0,93.0,71.0,69.0,80.0,86.0,79.0,0,0,0,66.0,90.0,0
0,0.0,0.0,17.0,0.0,0.0,71.0,89.0,93.0,87.0,68.0,64.0,79.0,84.0,77.0,0,0,0,87.0,92.0,0
0,0.0,0.0,6.0,0.0,0.0,71.0,88.0,92.0,85.0,65.0,67.0,78.0,87.0,76.0,0,0,0,79.0,91.0,0
0,0.0,0.0,14.0,0.0,0.0,71.0,94.0,92.0,88.0,49.0,67.0,83.0,81.0,76.0,0,0,0,68.0,90.0,0
0,0.0,0.0,23.0,0.0,0.0,71.0,91.0,93.0,85.0,65.0,80.0,79.0,77.0,66.0,0,0,0,75.0,92.0,0
0,0.0,0.0,2.0,0.0,0.0,71.0,91.0,92.0,94.0,69.0,61.0,82.0,82.0,77.0,0,0,0,76.0,88.0,0
0,0.0,0.0,9.0,0.0,0.0,71.0,89.0,90.0,91.0,62.0,71.0,73.0,88.0,74.0,0,0,0,79.0,93.0,0
0,0.0,0.0,6.0,0.0,0.0,70.0,87.0,90.0,88.0,44.0,63.0,77.0,83.0,79.0,0,0,0,69.0,84.0,0
0,0.0,0.0,48.0,0.0,0.0,70.0,88.0,92.0,86.0,63.0,69.0,85.0,83.0,81.0,0,0,0,69.0,88.0,0
0,0.0,0.0,12.0,0.0,0.0,70.0,89.0,91.0,86.0,61.0,62.0,78.0,77.0,82.0,0,0,0,76.0,90.0,0
0,0.0,0.0,0.0,0.0,0.0,70.0,82.0,87.0,93.0,45.0,77.0,82.0,79.0,74.0,0,0,0,58.0,79.0,0
0,0.0,0.0,23.0,0.0,0.0,70.0,93.0,92.0,91.0,70.0,60.0,77.0,79.0,84.0,0,0,0,79.0,97.0,0
0,0.0,0.0,2.0,0.0,0.0,70.0,89.0,89.0,87.0,66.0,61.0,83.0,79.0,83.0,0,0,0,72.0,88.0,0
0,0.0,0.0,0.0,0.0,0.0,70.0,85.0,89.0,83.0,55.0,73.0,83.0,76.0,83.0,0,0,0,64.0,88.0,0
0,0.0,0.0,6.0,0.0,0.0,70.0,90.0,92.0,89.0,60.0,70.0,75.0,76.0,74.0,0,0,0,68.0,86.0,0
0,0.0,0.0,2.0,0.0,0.0,70.0,88.0,92.0,91.0,54.0,66.0,78.0,74.0,73.0,0,0,0,76.0,87.0,0
0,0.0,0.0,0.0,0.0,0.0,70.0,81.0,87.0,87.0,50.0,78.0,83.0,77.0,80.0,0,0,0,62.0,76.0,0
0,0.0,0.0,2.0,0.0,0.0,70.0,91.0,90.0,89.0,62.0,65.0,77.0,88.0,70.0,0,0,0,78.0,90.0,0
0,0.0,0.0,12.0,0.0,0.0,70.0,89.0,92.0,87.0,53.0,71.0,75.0,75.0,72.0,0,0,0,71.0,90.0,0
0,0.0,0.0,38.0,0.0,0.0,70.0,89.0,91.0,87.0,57.0,73.0,78.0,82.0,74.0,0,0,0,78.0,82.0,0
0,0.0,0.0,3.0,0.0,0.0,70.0,89.0,91.0,87.0,57.0,73.0,78.0,82.0,74.0,0,0,0,78.0,82.0,0
0,0.0,0.0,15.0,0.0,0.0,70.0,95.0,92.0,89.0,70.0,54.0,77.0,87.0,70.0,0,0,0,81.0,87.0,0
0,0.0,0.0,0.0,0.0,0.0,70.0,88.0,91.0,91.0,71.0,66.0,83.0,83.0,80.0,0,0,0,67.0,88.0,0
0,0.0,0.0,60.0,2.0,3.0,70.0,88.0,91.0,91.0,71.0,66.0,83.0,83.0,80.0,0,0,0,67.0,88.0,0
0,0.0,0.0,4.0,0.0,0.0,70.0,91.0,91.0,86.0,75.0,56.0,77.0,84.0,87.0,0,0,0,88.0,93.0,0
0,0.0,0.0,42.0,4.0,4.0,70.0,92.0,91.0,97.0,65.0,69.0,72.0,80.0,65.0,0,0,0,73.0,93.0,0
0,0.0,0.0,7.0,0.0,0.0,69.0,90.0,87.0,94.0,56.0,63.0,84.0,71.0,83.0,0,0,0,59.0,90.0,0
0,0.0,0.0,5.0,0.0,1.0,69.0,86.0,87.0,91.0,55.0,79.0,81.0,74.0,69.0,0,0,0,58.0,82.0,0
0,0.0,0.0,8.0,0.0,0.0,69.0,87.0,90.0,92.0,63.0,59.0,84.0,79.0,85.0,0,0,0,55.0,86.0,0
0,0.0,0.0,0.0,0.0,0.0,69.0,84.0,87.0,88.0,49.0,78.0,79.0,75.0,73.0,0,0,0,59.0,81.0,0
0,0.0,0.0,22.0,0.0,0.0,69.0,85.0,88.0,91.0,43.0,75.0,81.0,74.0,77.0,0,0,0,59.0,91.0,0
0,0.0,0.0,0.0,0.0,0.0,69.0,84.0,87.0,83.0,49.0,72.0,82.0,76.0,79.0,0,0,0,67.0,85.0,0
0,0.0,0.0,0.0,2.0,10.0,69.0,86.0,86.0,86.0,49.0,81.0,74.0,72.0,76.0,0,0,0,68.0,84.0,0
0,0.0,0.0,0.0,0.0,0.0,69.0,87.0,89.0,92.0,51.0,76.0,80.0,83.0,75.0,0,0,0,60.0,86.0,0
0,0.0,0.0,10.0,0.0,0.0,69.0,87.0,89.0,92.0,51.0,76.0,80.0,83.0,75.0,0,0,0,60.0,86.0,0
0,0.0,0.0,0.0,0.0,0.0,69.0,87.0,88.0,82.0,74.0,66.0,82.0,82.0,81.0,0,0,0,69.0,84.0,0
0,0.0,0.0,8.0,0.0,0.0,69.0,87.0,88.0,82.0,74.0,66.0,82.0,82.0,81.0,0,0,0,69.0,84.0,0
0,0.0,0.0,12.0,0.0,0.0,69.0,87.0,91.0,92.0,65.0,62.0,83.0,82.0,75.0,0,0,0,69.0,85.0,0
0,0.0,0.0,0.0,0.0,0.0,69.0,87.0,86.0,91.0,53.0,71.0,80.0,76.0,76.0,0,0,0,78.0,87.0,0
0,0.0,0.0,18.0,0.0,0.0,68.0,86.0,91.0,91.0,56.0,63.0,77.0,85.0,73.0,0,0,0,67.0,97.0,0
0,0.0,0.0,0.0,0.0,0.0,68.0,87.0,89.0,86.0,63.0,72.0,76.0,82.0,72.0,0,0,0,67.0,88.0,0
0,0.0,0.0,24.0,0.0,0.0,68.0,95.0,96.0,91.0,42.0,71.0,75.0,80.0,71.0,0,0,0,65.0,87.0,0
0,0.0,0.0,12.0,0.0,0.0,68.0,85.0,90.0,85.0,74.0,72.0,74.0,75.0,66.0,0,0,0,77.0,95.0,0
0,0.0,0.0,8.0,0.0,0.0,68.0,85.0,90.0,85.0,74.0,72.0,74.0,75.0,66.0,0,0,0,77.0,95.0,0
0,0.0,0.0,6.0,0.0,0.0,68.0,90.0,90.0,88.0,75.0,48.0,78.0,84.0,88.0,0,0,0,84.0,91.0,0
0,0.0,0.0,1.0,0.0,0.0,68.0,86.0,90.0,87.0,52.0,68.0,81.0,81.0,84.0,0,0,0,69.0,89.0,0
0,0.0,0.0,12.0,0.0,0.0,68.0,91.0,91.0,91.0,52.0,72.0,76.0,79.0,70.0,0,0,0,63.0,85.0,0
0,0.0,0.0,9.0,0.0,0.0,68.0,88.0,90.0,86.0,67.0,45.0,84.0,81.0,80.0,0,0,0,81.0,87.0,0
0,0.0,0.0,1.0,0.0,0.0,68.0,88.0,92.0,86.0,39.0,67.0,79.0,69.0,82.0,0,0,0,76.0,78.0,0
0,0.0,0.0,1.0,0.0,0.0,68.0,88.0,90.0,93.0,50.0,64.0,79.0,77.0,85.0,0,0,0,64.0,83.0,0
0,0.0,0.0,7.0,0.0,0.0,68.0,89.0,90.0,94.0,46.0,74.0,77.0,77.0,69.0,0,0,0,58.0,92.0,0
0,0.0,0.0,4.0,0.0,0.0,68.0,89.0,91.0,88.0,66.0,66.0,81.0,77.0,81.0,0,0,0,62.0,90.0,0
0,0.0,0.0,0.0,0.0,0.0,68.0,86.0,88.0,89.0,69.0,62.0,82.0,84.0,77.0,0,0,0,78.0,92.0,0
0,0.0,0.0,0.0,0.0,0.0,67.0,79.0,88.0,83.0,68.0,69.0,76.0,79.0,79.0,0,0,0,78.0,87.0,0
0,0.0,0.0,1.0,0.0,0.0,67.0,89.0,90.0,84.0,68.0,67.0,76.0,81.0,74.0,0,0,0,84.0,88.0,0
0,0.0,0.0,4.0,0.0,0.0,67.0,85.0,88.0,85.0,67.0,68.0,82.0,83.0,84.0,0,0,0,48.0,88.0,0
0,0.0,0.0,0.0,0.0,0.0,67.0,88.0,89.0,82.0,67.0,69.0,77.0,70.0,77.0,0,0,0,63.0,82.0,0
0,0.0,0.0,0.0,0.0,0.0,67.0,96.0,94.0,92.0,39.0,66.0,83.0,76.0,78.0,0,0,0,43.0,88.0,0
0,0.0,0.0,0.0,0.0,0.0,67.0,89.0,89.0,91.0,70.0,56.0,75.0,79.0,68.0,0,0,0,75.0,84.0,0
0,0.0,0.0,12.0,0.0,0.0,67.0,91.0,89.0,93.0,35.0,71.0,74.0,83.0,70.0,0,0,0,55.0,87.0,0
0,0.0,0.0,0.0,0.0,0.0,67.0,86.0,90.0,90.0,56.0,73.0,64.0,86.0,68.0,0,0,0,67.0,87.0,0
0,0.0,0.0,4.0,0.0,0.0,67.0,90.0,91.0,87.0,67.0,58.0,81.0,82.0,78.0,0,0,0,59.0,91.0,0
0,0.0,0.0,0.0,0.0,0.0,66.0,93.0,89.0,83.0,70.0,54.0,82.0,69.0,79.0,0,0,0,69.0,88.0,0
0,0.0,0.0,2.0,0.0,0.0,66.0,90.0,89.0,88.0,59.0,59.0,75.0,78.0,83.0,0,0,0,73.0,89.0,0
0,0.0,0.0,0.0,0.0,0.0,66.0,83.0,85.0,91.0,74.0,51.0,78.0,77.0,85.0,0,0,0,86.0,85.0,0
0,0.0,0.0,14.0,0.0,1.0,66.0,96.0,95.0,91.0,69.0,49.0,80.0,69.0,68.0,0,0,0,57.0,87.0,0
0,0.0,0.0,7.0,0.0,0.0,66.0,89.0,93.0,90.0,37.0,62.0,74.0,84.0,77.0,0,0,0,61.0,84.0,0
0,0.0,0.0,0.0,0.0,0.0,66.0,88.0,91.0,92.0,60.0,59.0,76.0,74.0,71.0,0,0,0,62.0,95.0,0
0,0.0,0.0,7.0,0.0,0.0,66.0,88.0,91.0,92.0,54.0,54.0,80.0,79.0,81.0,0,0,0,58.0,82.0,0
0,0.0,0.0,0.0,0.0,0.0,65.0,90.0,92.0,93.0,55.0,62.0,79.0,62.0,67.0,0,0,0,49.0,86.0,0
0,0.0,0.0,0.0,0.0,0.0,65.0,88.0,89.0,92.0,65.0,53.0,81.0,73.0,69.0,0,0,0,68.0,81.0,0
0,0.0,0.0,3.0,0.0,0.0,65.0,90.0,92.0,88.0,67.0,56.0,75.0,85.0,78.0,0,0,0,76.0,87.0,0
0,0.0,0.0,0.0,0.0,0.0,65.0,85.0,85.0,86.0,60.0,66.0,76.0,74.0,72.0,0,0,0,69.0,85.0,0
0,0.0,0.0,0.0,0.0,0.0,65.0,88.0,89.0,90.0,44.0,52.0,78.0,67.0,80.0,0,0,0,75.0,91.0,0
0,0.0,0.0,97.0,5.0,8.0,65.0,95.0,94.0,91.0,66.0,50.0,74.0,70.0,68.0,0,0,0,75.0,91.0,0
0,0.0,0.0,25.0,0.0,0.0,65.0,88.0,91.0,93.0,59.0,57.0,75.0,83.0,77.0,0,0,0,64.0,88.0,0
0,0.0,0.0,0.0,0.0,0.0,65.0,88.0,88.0,87.0,67.0,59.0,78.0,82.0,68.0,0,0,0,64.0,83.0,0
0,0.0,0.0,1.0,0.0,0.0,65.0,93.0,94.0,89.0,66.0,50.0,75.0,72.0,78.0,0,0,0,67.0,86.0,0
0,0.0,0.0,79.0,0.0,6.0,65.0,88.0,88.0,93.0,42.0,70.0,73.0,83.0,69.0,0,0,0,58.0,88.0,0
0,0.0,0.0,6.0,0.0,0.0,65.0,88.0,88.0,93.0,42.0,70.0,73.0,83.0,69.0,0,0,0,58.0,88.0,0
0,0.0,0.0,0.0,0.0,0.0,65.0,88.0,88.0,93.0,42.0,70.0,73.0,83.0,69.0,0,0,0,58.0,88.0,0
0,0.0,0.0,2.0,0.0,0.0,65.0,86.0,86.0,86.0,52.0,57.0,80.0,84.0,74.0,0,0,0,60.0,78.0,0
0,0.0,0.0,13.0,0.0,0.0,65.0,90.0,90.0,92.0,62.0,58.0,77.0,80.0,78.0,0,0,0,60.0,88.0,0
0,0.0,0.0,31.0,0.0,1.0,65.0,90.0,90.0,84.0,64.0,62.0,77.0,83.0,79.0,0,0,0,77.0,87.0,0
0,0.0,0.0,0.0,0.0,0.0,65.0,90.0,90.0,84.0,75.0,51.0,82.0,75.0,69.0,0,0,0,75.0,85.0,0
0,0.0,0.0,1.0,0.0,0.0,65.0,91.0,94.0,88.0,68.0,41.0,86.0,82.0,77.0,0,0,0,80.0,88.0,0
0,0.0,0.0,0.0,0.0,0.0,64.0,87.0,88.0,88.0,70.0,48.0,79.0,76.0,82.0,0,0,0,79.0,85.0,0
0,0.0,0.0,0.0,0.0,0.0,64.0,89.0,93.0,85.0,66.0,55.0,74.0,77.0,79.0,0,0,0,64.0,89.0,0
0,0.0,0.0,0.0,0.0,0.0,64.0,91.0,92.0,89.0,67.0,62.0,71.0,76.0,65.0,0,0,0,69.0,88.0,0
0,0.0,0.0,3.0,0.0,0.0,64.0,91.0,90.0,89.0,70.0,53.0,77.0,82.0,76.0,0,0,0,59.0,89.0,0
0,0.0,0.0,0.0,0.0,0.0,64.0,90.0,90.0,87.0,67.0,53.0,82.0,76.0,74.0,0,0,0,53.0,89.0,0
0,0.0,0.0,0.0,0.0,0.0,64.0,91.0,91.0,90.0,69.0,58.0,75.0,76.0,77.0,0,0,0,52.0,91.0,0
0,0.0,0.0,1.0,0.0,0.0,64.0,91.0,89.0,89.0,70.0,51.0,72.0,81.0,79.0,0,0,0,74.0,85.0,0
0,0.0,0.0,0.0,0.0,0.0,64.0,89.0,91.0,87.0,62.0,62.0,74.0,72.0,79.0,0,0,0,55.0,83.0,0
0,0.0,0.0,0.0,0.0,0.0,64.0,88.0,93.0,88.0,54.0,55.0,77.0,73.0,75.0,0,0,0,71.0,87.0,0
0,0.0,0.0,0.0,0.0,0.0,64.0,89.0,91.0,91.0,75.0,48.0,84.0,74.0,80.0,0,0,0,79.0,87.0,0
0,0.0,0.0,2.0,0.0,0.0,64.0,92.0,93.0,91.0,61.0,58.0,77.0,82.0,71.0,0,0,0,59.0,93.0,0
0,0.0,0.0,0.0,0.0,0.0,64.0,88.0,89.0,87.0,65.0,46.0,81.0,71.0,82.0,0,0,0,79.0,84.0,0
0,0.0,0.0,0.0,0.0,0.0,64.0,86.0,89.0,90.0,53.0,55.0,80.0,81.0,79.0,0,0,0,65.0,88.0,0
0,0.0,0.0,38.0,0.0,0.0,64.0,87.0,91.0,81.0,62.0,58.0,75.0,74.0,78.0,0,0,0,73.0,92.0,0
0,0.0,0.0,0.0,0.0,0.0,64.0,87.0,91.0,81.0,62.0,58.0,75.0,74.0,78.0,0,0,0,73.0,92.0,0
0,0.0,0.0,19.0,0.0,0.0,64.0,87.0,91.0,81.0,62.0,58.0,75.0,74.0,78.0,0,0,0,73.0,92.0,0
0,0.0,0.0,1.0,0.0,0.0,63.0,89.0,89.0,86.0,74.0,51.0,74.0,82.0,70.0,0,0,0,61.0,86.0,0
0,0.0,0.0,0.0,0.0,0.0,63.0,89.0,92.0,85.0,70.0,43.0,80.0,78.0,79.0,0,0,0,64.0,85.0,0
0,0.0,0.0,6.0,0.0,0.0,63.0,89.0,89.0,89.0,63.0,64.0,76.0,73.0,76.0,0,0,0,71.0,91.0,0
0,0.0,0.0,2.0,0.0,0.0,63.0,89.0,89.0,89.0,63.0,64.0,76.0,73.0,76.0,0,0,0,71.0,91.0,0
0,0.0,0.0,0.0,0.0,0.0,63.0,87.0,87.0,90.0,65.0,45.0,82.0,77.0,76.0,0,0,0,53.0,87.0,0
0,0.0,0.0,13.0,0.0,0.0,63.0,85.0,88.0,86.0,66.0,55.0,81.0,74.0,77.0,0,0,0,59.0,84.0,0
0,0.0,0.0,0.0,0.0,0.0,63.0,92.0,95.0,93.0,59.0,58.0,76.0,72.0,65.0,0,0,0,66.0,92.0,0
0,0.0,0.0,0.0,0.0,0.0,63.0,91.0,93.0,86.0,58.0,62.0,81.0,76.0,75.0,0,0,0,41.0,92.0,0
0,0.0,0.0,0.0,0.0,0.0,63.0,89.0,92.0,91.0,54.0,64.0,72.0,73.0,67.0,0,0,0,52.0,83.0,0
0,0.0,0.0,0.0,0.0,0.0,63.0,88.0,92.0,86.0,69.0,42.0,75.0,73.0,74.0,0,0,0,70.0,88.0,0
0,0.0,0.0,0.0,0.0,0.0,63.0,92.0,93.0,92.0,66.0,42.0,73.0,70.0,71.0,0,0,0,70.0,88.0,0
0,0.0,0.0,0.0,0.0,0.0,63.0,88.0,88.0,86.0,72.0,41.0,77.0,73.0,77.0,0,0,0,74.0,78.0,0
0,0.0,0.0,0.0,0.0,0.0,63.0,90.0,91.0,89.0,44.0,64.0,77.0,76.0,69.0,0,0,0,49.0,91.0,0
0,0.0,0.0,0.0,0.0,0.0,63.0,87.0,90.0,88.0,54.0,49.0,75.0,82.0,79.0,0,0,0,72.0,87.0,0
0,0.0,0.0,0.0,0.0,0.0,63.0,94.0,89.0,88.0,58.0,41.0,72.0,83.0,72.0,0,0,0,74.0,86.0,0
0,0.0,0.0,13.0,0.0,0.0,63.0,89.0,91.0,84.0,64.0,63.0,73.0,74.0,76.0,0,0,0,74.0,86.0,0
0,0.0,0.0,0.0,0.0,0.0,63.0,89.0,91.0,83.0,65.0,50.0,80.0,77.0,72.0,0,0,0,66.0,85.0,0
0,0.0,0.0,0.0,0.0,0.0,63.0,92.0,93.0,89.0,68.0,41.0,73.0,70.0,71.0,0,0,0,70.0,90.0,0
0,0.0,0.0,0.0,0.0,0.0,63.0,90.0,92.0,86.0,69.0,42.0,75.0,73.0,74.0,0,0,0,70.0,86.0,0
0,0.0,0.0,6.0,1.0,1.0,63.0,87.0,89.0,91.0,72.0,57.0,78.0,74.0,69.0,0,0,0,63.0,85.0,0
0,0.0,0.0,0.0,0.0,0.0,63.0,88.0,87.0,87.0,63.0,56.0,72.0,68.0,78.0,0,0,0,59.0,92.0,0
0,0.0,0.0,0.0,0.0,0.0,63.0,91.0,91.0,89.0,72.0,41.0,75.0,73.0,74.0,0,0,0,70.0,83.0,0
0,0.0,0.0,49.0,0.0,1.0,63.0,88.0,89.0,89.0,70.0,55.0,76.0,88.0,77.0,0,0,0,53.0,91.0,0
0,0.0,0.0,21.0,0.0,0.0,63.0,88.0,89.0,89.0,70.0,55.0,76.0,88.0,77.0,0,0,0,53.0,91.0,0
0,0.0,0.0,2.0,0.0,0.0,63.0,88.0,89.0,89.0,70.0,55.0,76.0,88.0,77.0,0,0,0,53.0,91.0,0
0,0.0,0.0,0.0,0.0,0.0,63.0,92.0,89.0,88.0,48.0,59.0,76.0,77.0,68.0,0,0,0,60.0,86.0,0
0,0.0,0.0,0.0,0.0,0.0,63.0,85.0,87.0,79.0,70.0,50.0,78.0,81.0,76.0,0,0,0,68.0,93.0,0
0,0.0,0.0,2.0,0.0,0.0,63.0,88.0,88.0,83.0,65.0,59.0,77.0,63.0,81.0,0,0,0,48.0,82.0,0
0,0.0,0.0,0.0,0.0,0.0,62.0,87.0,89.0,88.0,65.0,62.0,80.0,75.0,63.0,0,0,0,44.0,87.0,0
0,0.0,0.0,0.0,0.0,0.0,62.0,91.0,88.0,88.0,60.0,41.0,77.0,77.0,62.0,0,0,0,70.0,74.0,0
0,0.0,0.0,0.0,0.0,0.0,62.0,87.0,91.0,87.0,68.0,53.0,70.0,79.0,81.0,0,0,0,57.0,92.0,0
0,0.0,0.0,0.0,0.0,0.0,62.0,87.0,88.0,88.0,54.0,55.0,77.0,74.0,75.0,0,0,0,55.0,88.0,0
0,0.0,0.0,0.0,0.0,0.0,62.0,88.0,95.0,86.0,71.0,40.0,75.0,73.0,74.0,0,0,0,70.0,77.0,0
0,0.0,0.0,0.0,0.0,0.0,62.0,91.0,93.0,94.0,67.0,51.0,72.0,70.0,68.0,0,0,0,71.0,91.0,0
0,0.0,0.0,3.0,0.0,0.0,62.0,89.0,90.0,88.0,64.0,42.0,73.0,81.0,75.0,0,0,0,60.0,80.0,0
0,0.0,0.0,24.0,0.0,0.0,62.0,89.0,90.0,88.0,64.0,42.0,73.0,81.0,75.0,0,0,0,60.0,80.0,0
0,0.0,0.0,0.0,0.0,0.0,62.0,93.0,89.0,90.0,56.0,55.0,74.0,71.0,73.0,0,0,0,67.0,84.0,0
0,0.0,0.0,0.0,0.0,0.0,62.0,87.0,89.0,89.0,69.0,55.0,74.0,71.0,69.0,0,0,0,60.0,87.0,0
0,0.0,0.0,0.0,0.0,0.0,62.0,88.0,90.0,89.0,63.0,50.0,78.0,84.0,78.0,0,0,0,70.0,84.0,0
0,0.0,0.0,0.0,0.0,0.0,62.0,91.0,88.0,86.0,65.0,42.0,75.0,73.0,74.0,0,0,0,70.0,85.0,0
0,0.0,0.0,4.0,0.0,0.0,62.0,92.0,92.0,85.0,62.0,61.0,64.0,74.0,65.0,0,0,0,76.0,86.0,0
0,0.0,0.0,0.0,0.0,0.0,62.0,88.0,93.0,90.0,62.0,40.0,75.0,73.0,74.0,0,0,0,70.0,87.0,0
0,0.0,0.0,0.0,0.0,0.0,62.0,83.0,88.0,86.0,68.0,42.0,77.0,75.0,76.0,0,0,0,72.0,84.0,0
0,0.0,0.0,0.0,0.0,0.0,62.0,90.0,92.0,88.0,67.0,42.0,75.0,85.0,78.0,0,0,0,76.0,87.0,0
0,0.0,0.0,20.0,0.0,0.0,62.0,85.0,86.0,79.0,67.0,56.0,78.0,67.0,82.0,0,0,0,85.0,88.0,0
0,0.0,0.0,0.0,0.0,0.0,62.0,85.0,89.0,91.0,54.0,53.0,82.0,86.0,76.0,0,0,0,57.0,85.0,0
0,0.0,0.0,0.0,0.0,0.0,62.0,86.0,89.0,86.0,59.0,41.0,77.0,73.0,74.0,0,0,0,72.0,73.0,0
0,0.0,0.0,0.0,0.0,0.0,62.0,89.0,94.0,87.0,70.0,52.0,77.0,71.0,76.0,0,0,0,64.0,92.0,0
0,0.0,0.0,0.0,0.0,0.0,61.0,89.0,93.0,91.0,61.0,55.0,76.0,68.0,69.0,0,0,0,55.0,89.0,0
0,0.0,0.0,0.0,0.0,0.0,61.0,89.0,86.0,85.0,77.0,60.0,72.0,69.0,64.0,0,0,0,50.0,83.0,0
0,0.0,0.0,0.0,0.0,0.0,61.0,86.0,89.0,91.0,57.0,47.0,75.0,71.0,78.0,0,0,0,58.0,80.0,0
0,0.0,0.0,0.0,0.0,0.0,61.0,86.0,82.0,86.0,75.0,42.0,75.0,73.0,74.0,0,0,0,70.0,85.0,0
0,0.0,0.0,2.0,0.0,0.0,61.0,88.0,88.0,95.0,43.0,58.0,73.0,77.0,76.0,0,0,0,58.0,89.0,0
0,0.0,0.0,0.0,0.0,0.0,61.0,85.0,88.0,86.0,68.0,40.0,75.0,73.0,74.0,0,0,0,70.0,79.0,0
0,0.0,0.0,0.0,0.0,0.0,61.0,87.0,87.0,82.0,60.0,42.0,75.0,73.0,74.0,0,0,0,70.0,85.0,0
0,0.0,0.0,0.0,0.0,0.0,61.0,86.0,89.0,87.0,62.0,53.0,76.0,82.0,81.0,0,0,0,68.0,89.0,0
0,0.0,0.0,0.0,0.0,0.0,61.0,86.0,89.0,86.0,59.0,41.0,75.0,73.0,74.0,0,0,0,70.0,73.0,0
0,0.0,0.0,0.0,0.0,0.0,61.0,87.0,87.0,86.0,71.0,40.0,75.0,73.0,74.0,0,0,0,70.0,82.0,0
0,0.0,0.0,0.0,0.0,0.0,60.0,89.0,90.0,90.0,45.0,50.0,80.0,82.0,75.0,0,0,0,45.0,82.0,0
0,0.0,0.0,0.0,0.0,0.0,60.0,89.0,88.0,91.0,63.0,42.0,75.0,73.0,72.0,0,0,0,65.0,82.0,0
0,0.0,0.0,0.0,0.0,0.0,60.0,86.0,87.0,87.0,73.0,53.0,72.0,74.0,68.0,0,0,0,63.0,86.0,0
0,0.0,0.0,0.0,0.0,0.0,60.0,87.0,89.0,85.0,59.0,64.0,72.0,84.0,73.0,0,0,0,60.0,89.0,0
0,0.0,0.0,0.0,0.0,0.0,60.0,89.0,90.0,84.0,66.0,49.0,80.0,76.0,74.0,0,0,0,62.0,88.0,0
0,0.0,0.0,0.0,0.0,0.0,60.0,89.0,90.0,86.0,61.0,40.0,75.0,73.0,74.0,0,0,0,70.0,74.0,0
0,0.0,0.0,0.0,0.0,0.0,60.0,87.0,93.0,89.0,60.0,40.0,72.0,74.0,75.0,0,0,0,66.0,96.0,0
0,0.0,0.0,0.0,0.0,0.0,60.0,92.0,93.0,86.0,69.0,61.0,73.0,73.0,63.0,0,0,0,48.0,91.0,0
0,0.0,0.0,0.0,0.0,0.0,60.0,88.0,89.0,89.0,62.0,44.0,80.0,77.0,75.0,0,0,0,60.0,80.0,0
0,0.0,0.0,0.0,0.0,0.0,60.0,92.0,90.0,87.0,55.0,60.0,74.0,76.0,66.0,0,0,0,52.0,89.0,0
0,0.0,0.0,0.0,0.0,0.0,60.0,87.0,91.0,88.0,61.0,44.0,74.0,70.0,70.0,0,0,0,67.0,90.0,0
0,0.0,0.0,0.0,0.0,0.0,60.0,89.0,92.0,90.0,61.0,43.0,72.0,67.0,70.0,0,0,0,65.0,83.0,0
0,0.0,0.0,0.0,0.0,0.0,59.0,93.0,87.0,95.0,65.0,53.0,76.0,65.0,71.0,0,0,0,54.0,84.0,0
0,0.0,0.0,0.0,0.0,0.0,59.0,81.0,82.0,80.0,70.0,41.0,75.0,69.0,75.0,0,0,0,69.0,82.0,0
0,0.0,0.0,0.0,0.0,0.0,59.0,87.0,90.0,92.0,62.0,61.0,80.0,56.0,67.0,0,0,0,49.0,87.0,0
0,0.0,0.0,0.0,0.0,0.0,59.0,87.0,90.0,88.0,58.0,50.0,72.0,79.0,80.0,0,0,0,66.0,83.0,0
0,0.0,0.0,0.0,0.0,0.0,59.0,86.0,93.0,82.0,67.0,53.0,66.0,74.0,77.0,0,0,0,68.0,87.0,0
0,0.0,0.0,0.0,0.0,0.0,59.0,88.0,91.0,92.0,65.0,52.0,77.0,79.0,75.0,0,0,0,57.0,95.0,0
0,0.0,0.0,0.0,0.0,0.0,58.0,88.0,88.0,92.0,55.0,50.0,77.0,81.0,66.0,0,0,0,55.0,84.0,0
0,0.0,0.0,3.0,0.0,0.0,58.0,90.0,89.0,88.0,59.0,58.0,73.0,59.0,74.0,0,0,0,50.0,83.0,0
0,0.0,0.0,0.0,0.0,0.0,58.0,91.0,92.0,87.0,61.0,56.0,74.0,64.0,69.0,0,0,0,57.0,90.0,0
0,0.0,0.0,0.0,0.0,0.0,57.0,90.0,88.0,84.0,72.0,53.0,74.0,68.0,72.0,0,0,0,55.0,85.0,0
0,0.0,0.0,2.0,0.0,0.0,57.0,85.0,92.0,88.0,68.0,44.0,74.0,81.0,75.0,0,0,0,68.0,85.0,0
0,0.0,0.0,0.0,0.0,0.0,52.0,90.0,90.0,90.0,62.0,47.0,68.0,64.0,62.0,0,0,0,41.0,88.0,0
0,0.0,0.0,0.0,0.0,0.0,52.0,95.0,94.0,91.0,53.0,45.0,70.0,63.0,61.0,0,0,0,34.0,86.0,0
75,220.0,28.0,101.0,2.0,7.0,98.0,94.0,92.0,95.0,78.0,99.0,98.0,98.0,97.0,0,0,0,98.0,97.0,0
70,181.0,29.0,0.0,0.0,0.0,97.0,92.0,93.0,98.0,54.0,98.0,98.0,97.0,98.0,0,0,0,96.0,89.0,0
70,181.0,29.0,92.0,4.0,7.0,97.0,92.0,93.0,98.0,54.0,98.0,98.0,97.0,98.0,0,0,0,96.0,89.0,0
76,210.0,29.0,77.0,0.0,7.0,94.0,91.0,90.0,94.0,72.0,95.0,96.0,98.0,95.0,0,0,0,93.0,97.0,0
71,198.0,24.0,0.0,0.0,0.0,93.0,94.0,94.0,97.0,49.0,94.0,93.0,99.0,90.0,0,0,0,91.0,94.0,0
74,220.0,28.0,61.0,1.0,3.0,91.0,89.0,91.0,89.0,76.0,92.0,95.0,97.0,97.0,0,0,0,94.0,98.0,0
75,217.0,32.0,73.0,0.0,1.0,91.0,88.0,91.0,88.0,67.0,98.0,97.0,95.0,93.0,0,0,0,89.0,84.0,0
73,215.0,25.0,82.0,3.0,5.0,91.0,92.0,93.0,92.0,66.0,90.0,92.0,97.0,94.0,0,0,0,93.0,93.0,0
77,231.0,24.0,24.0,0.0,0.0,90.0,88.0,91.0,86.0,81.0,96.0,88.0,96.0,95.0,0,0,0,95.0,94.0,0
77,231.0,24.0,1.0,0.0,0.0,90.0,88.0,91.0,86.0,81.0,96.0,88.0,96.0,95.0,0,0,0,95.0,94.0,0
77,231.0,24.0,79.0,0.0,6.0,90.0,88.0,91.0,86.0,81.0,96.0,88.0,96.0,95.0,0,0,0,95.0,94.0,0
75,218.0,34.0,93.0,1.0,11.0,90.0,84.0,89.0,85.0,78.0,97.0,95.0,97.0,95.0,0,0,0,92.0,96.0,0
71,180.0,30.0,63.0,0.0,2.0,89.0,92.0,92.0,94.0,42.0,94.0,97.0,93.0,90.0,0,0,0,83.0,92.0,0
74,211.0,25.0,77.0,0.0,6.0,89.0,89.0,92.0,91.0,69.0,90.0,92.0,89.0,94.0,0,0,0,89.0,91.0,0
70,200.0,31.0,61.0,0.0,0.0,89.0,86.0,91.0,91.0,68.0,96.0,90.0,88.0,92.0,0,0,0,87.0,84.0,0
70,192.0,28.0,0.0,0.0,0.0,89.0,90.0,90.0,92.0,53.0,97.0,94.0,93.0,93.0,0,0,0,84.0,89.0,0
69,180.0,27.0,72.0,0.0,4.0,88.0,94.0,92.0,96.0,41.0,93.0,89.0,91.0,89.0,0,0,0,86.0,86.0,0
71,206.0,24.0,56.0,0.0,5.0,88.0,91.0,91.0,92.0,66.0,88.0,96.0,93.0,89.0,0,0,0,85.0,86.0,0
75,229.0,29.0,69.0,0.0,5.0,87.0,91.0,92.0,94.0,77.0,90.0,83.0,94.0,89.0,0,0,0,93.0,95.0,0
70,175.0,30.0,75.0,0.0,3.0,87.0,94.0,93.0,96.0,47.0,92.0,90.0,92.0,84.0,0,0,0,81.0,87.0,0
75,218.0,27.0,48.0,0.0,1.0,87.0,89.0,86.0,87.0,79.0,87.0,89.0,97.0,95.0,0,0,0,95.0,91.0,0
75,211.0,24.0,0.0,0.0,0.0,87.0,90.0,93.0,89.0,67.0,90.0,89.0,94.0,89.0,0,0,0,91.0,92.0,0
75,211.0,24.0,48.0,0.0,1.0,87.0,90.0,93.0,89.0,67.0,90.0,89.0,94.0,89.0,0,0,0,91.0,92.0,0
70,197.0,29.0,0.0,0.0,0.0,87.0,89.0,91.0,95.0,59.0,90.0,88.0,88.0,87.0,0,0,0,85.0,91.0,0
70,192.0,27.0,64.0,0.0,1.0,87.0,91.0,92.0,93.0,56.0,87.0,96.0,86.0,87.0,0,0,0,85.0,87.0,0
73,211.0,23.0,66.0,0.0,5.0,87.0,92.0,89.0,94.0,69.0,88.0,90.0,91.0,88.0,0,0,0,86.0,89.0,0
73,211.0,24.0,43.0,0.0,0.0,86.0,92.0,91.0,96.0,69.0,84.0,87.0,92.0,86.0,0,0,0,87.0,88.0,0
70,189.0,23.0,72.0,0.0,0.0,86.0,96.0,93.0,96.0,54.0,89.0,91.0,88.0,88.0,0,0,0,79.0,87.0,0
75,214.0,30.0,45.0,0.0,0.0,86.0,86.0,90.0,85.0,74.0,89.0,92.0,89.0,94.0,0,0,0,89.0,83.0,0
72,191.0,23.0,85.0,1.0,4.0,86.0,91.0,93.0,93.0,63.0,87.0,89.0,91.0,85.0,0,0,0,81.0,86.0,0
72,211.0,31.0,54.0,0.0,0.0,85.0,89.0,91.0,87.0,66.0,92.0,93.0,84.0,87.0,0,0,0,80.0,90.0,0
76,230.0,33.0,83.0,1.0,6.0,85.0,86.0,85.0,86.0,80.0,88.0,86.0,92.0,94.0,0,0,0,91.0,91.0,0
76,230.0,33.0,30.0,0.0,0.0,85.0,86.0,85.0,86.0,80.0,88.0,86.0,92.0,94.0,0,0,0,91.0,91.0,0
77,255.0,26.0,22.0,0.0,0.0,85.0,86.0,88.0,87.0,74.0,87.0,89.0,94.0,93.0,0,0,0,93.0,87.0,0
73,214.0,29.0,53.0,0.0,0.0,85.0,87.0,89.0,85.0,73.0,90.0,85.0,88.0,89.0,0,0,0,86.0,91.0,0
71,179.0,27.0,43.0,0.0,0.0,84.0,94.0,90.0,97.0,41.0,87.0,88.0,90.0,85.0,0,0,0,81.0,91.0,0
71,179.0,27.0,0.0,0.0,0.0,84.0,94.0,90.0,97.0,41.0,87.0,88.0,90.0,85.0,0,0,0,81.0,91.0,0
71,179.0,27.0,36.0,0.0,0.0,84.0,94.0,90.0,97.0,41.0,87.0,88.0,90.0,85.0,0,0,0,81.0,91.0,0
74,198.0,27.0,0.0,0.0,0.0,84.0,90.0,90.0,90.0,70.0,87.0,83.0,91.0,87.0,0,0,0,83.0,91.0,0
73,215.0,24.0,89.0,3.0,6.0,84.0,88.0,93.0,88.0,63.0,86.0,89.0,88.0,94.0,0,0,0,83.0,92.0,0
75,212.0,24.0,0.0,0.0,0.0,84.0,89.0,92.0,91.0,71.0,87.0,91.0,88.0,86.0,0,0,0,81.0,90.0,0
75,212.0,24.0,60.0,2.0,3.0,84.0,89.0,92.0,91.0,71.0,87.0,91.0,88.0,86.0,0,0,0,81.0,90.0,0
75,207.0,24.0,0.0,0.0,0.0,83.0,89.0,93.0,91.0,67.0,86.0,89.0,86.0,84.0,0,0,0,80.0,90.0,0
70,185.0,23.0,97.0,5.0,8.0,83.0,97.0,96.0,94.0,64.0,84.0,87.0,84.0,82.0,0,0,0,77.0,91.0,0
73,210.0,28.0,0.0,0.0,0.0,83.0,88.0,89.0,89.0,72.0,88.0,92.0,84.0,87.0,0,0,0,78.0,89.0,0
72,198.0,29.0,50.0,0.0,0.0,83.0,92.0,88.0,93.0,57.0,84.0,90.0,90.0,88.0,0,0,0,80.0,87.0,0
76,228.0,28.0,0.0,0.0,0.0,83.0,91.0,91.0,89.0,74.0,86.0,87.0,89.0,85.0,0,0,0,79.0,88.0,0
75,210.0,30.0,43.0,0.0,0.0,82.0,86.0,89.0,86.0,71.0,88.0,88.0,85.0,88.0,0,0,0,84.0,87.0,0
75,223.0,28.0,35.0,0.0,0.0,82.0,86.0,88.0,84.0,77.0,86.0,86.0,88.0,87.0,0,0,0,85.0,91.0,0
74,210.0,28.0,0.0,0.0,0.0,82.0,88.0,89.0,87.0,75.0,85.0,93.0,90.0,85.0,0,0,0,79.0,88.0,0
72,205.0,31.0,57.0,0.0,1.0,82.0,92.0,94.0,89.0,56.0,87.0,84.0,87.0,83.0,0,0,0,78.0,89.0,0
69,177.0,24.0,33.0,0.0,0.0,82.0,91.0,92.0,95.0,62.0,87.0,88.0,79.0,86.0,0,0,0,69.0,87.0,0
72,217.0,27.0,22.0,0.0,0.0,82.0,89.0,90.0,86.0,70.0,87.0,89.0,86.0,87.0,0,0,0,79.0,88.0,0
68,180.0,28.0,0.0,0.0,0.0,81.0,88.0,89.0,93.0,61.0,88.0,87.0,80.0,85.0,0,0,0,67.0,90.0,0
75,212.0,24.0,36.0,0.0,0.0,81.0,91.0,93.0,88.0,69.0,82.0,87.0,84.0,86.0,0,0,0,82.0,90.0,0
75,212.0,25.0,23.0,0.0,0.0,81.0,90.0,91.0,87.0,68.0,86.0,82.0,86.0,84.0,0,0,0,79.0,88.0,0
75,201.0,25.0,0.0,0.0,0.0,81.0,88.0,91.0,88.0,73.0,87.0,82.0,86.0,84.0,0,0,0,83.0,87.0,0
68,179.0,26.0,26.0,0.0,0.0,81.0,95.0,94.0,98.0,49.0,88.0,82.0,79.0,76.0,0,0,0,66.0,85.0,0
71,195.0,24.0,0.0,0.0,0.0,81.0,89.0,95.0,86.0,64.0,85.0,86.0,82.0,85.0,0,0,0,78.0,86.0,0
74,200.0,27.0,0.0,0.0,0.0,81.0,89.0,91.0,91.0,67.0,85.0,89.0,88.0,85.0,0,0,0,80.0,91.0,0
70,175.0,27.0,25.0,0.0,0.0,80.0,92.0,91.0,96.0,37.0,87.0,86.0,84.0,82.0,0,0,0,67.0,90.0,0
76,205.0,25.0,0.0,0.0,0.0,80.0,91.0,93.0,94.0,67.0,83.0,84.0,82.0,80.0,0,0,0,77.0,91.0,0
74,222.0,24.0,18.0,0.0,0.0,80.0,92.0,94.0,87.0,62.0,79.0,88.0,86.0,83.0,0,0,0,79.0,91.0,0
74,210.0,27.0,27.0,0.0,0.0,80.0,90.0,92.0,87.0,57.0,82.0,87.0,85.0,86.0,0,0,0,78.0,86.0,0
72,195.0,25.0,35.0,0.0,0.0,80.0,92.0,92.0,91.0,51.0,84.0,87.0,84.0,83.0,0,0,0,75.0,86.0,0
70,194.0,23.0,30.0,0.0,0.0,80.0,90.0,91.0,93.0,68.0,82.0,86.0,83.0,81.0,0,0,0,75.0,91.0,0
72,196.0,25.0,17.0,0.0,0.0,80.0,89.0,91.0,92.0,52.0,83.0,87.0,87.0,84.0,0,0,0,77.0,90.0,0
73,209.0,27.0,0.0,0.0,0.0,80.0,90.0,93.0,88.0,59.0,85.0,85.0,88.0,85.0,0,0,0,79.0,92.0,0
70,182.0,24.0,67.0,1.0,1.0,80.0,93.0,92.0,96.0,49.0,82.0,87.0,79.0,80.0,0,0,0,76.0,85.0,0
76,211.0,25.0,19.0,0.0,0.0,80.0,92.0,93.0,90.0,65.0,78.0,82.0,91.0,85.0,0,0,0,83.0,92.0,0
76,218.0,22.0,0.0,0.0,0.0,79.0,89.0,87.0,84.0,75.0,74.0,87.0,91.0,87.0,0,0,0,84.0,80.0,0
76,218.0,22.0,38.0,0.0,0.0,79.0,89.0,87.0,84.0,75.0,74.0,87.0,91.0,87.0,0,0,0,84.0,80.0,0
76,218.0,22.0,0.0,0.0,0.0,79.0,89.0,87.0,84.0,75.0,74.0,87.0,91.0,87.0,0,0,0,84.0,80.0,0
76,218.0,22.0,0.0,0.0,0.0,79.0,89.0,87.0,84.0,75.0,74.0,87.0,91.0,87.0,0,0,0,84.0,80.0,0
76,218.0,22.0,3.0,0.0,0.0,79.0,89.0,87.0,84.0,75.0,74.0,87.0,91.0,87.0,0,0,0,84.0,80.0,0
76,218.0,22.0,0.0,0.0,0.0,79.0,89.0,87.0,84.0,75.0,74.0,87.0,91.0,87.0,0,0,0,84.0,80.0,0
76,218.0,22.0,0.0,0.0,0.0,79.0,89.0,87.0,84.0,75.0,74.0,87.0,91.0,87.0,0,0,0,84.0,80.0,0
76,218.0,22.0,2.0,0.0,0.0,79.0,89.0,87.0,84.0,75.0,74.0,87.0,91.0,87.0,0,0,0,84.0,80.0,0
76,218.0,22.0,24.0,0.0,0.0,79.0,89.0,87.0,84.0,75.0,74.0,87.0,91.0,87.0,0,0,0,84.0,80.0,0
76,218.0,22.0,12.0,0.0,0.0,79.0,89.0,87.0,84.0,75.0,74.0,87.0,91.0,87.0,0,0,0,84.0,80.0,0
76,218.0,22.0,25.0,0.0,0.0,79.0,89.0,87.0,84.0,75.0,74.0,87.0,91.0,87.0,0,0,0,84.0,80.0,0
76,218.0,22.0,38.0,0.0,0.0,79.0,89.0,87.0,84.0,75.0,74.0,87.0,91.0,87.0,0,0,0,84.0,80.0,0
68,167.0,26.0,0.0,0.0,0.0,79.0,93.0,95.0,94.0,60.0,82.0,86.0,83.0,80.0,0,0,0,65.0,95.0,0
74,225.0,25.0,13.0,0.0,0.0,79.0,91.0,92.0,85.0,64.0,83.0,84.0,84.0,82.0,0,0,0,78.0,88.0,0
71,180.0,32.0,0.0,0.0,0.0,79.0,93.0,93.0,93.0,45.0,86.0,79.0,82.0,73.0,0,0,0,72.0,87.0,0
75,209.0,22.0,31.0,0.0,0.0,79.0,90.0,92.0,91.0,72.0,70.0,82.0,85.0,83.0,0,0,0,86.0,92.0,0
71,185.0,23.0,6.0,0.0,0.0,78.0,93.0,93.0,92.0,66.0,74.0,81.0,91.0,83.0,0,0,0,81.0,93.0,0
75,225.0,26.0,0.0,0.0,0.0,78.0,90.0,89.0,89.0,69.0,72.0,84.0,89.0,84.0,0,0,0,83.0,86.0,0
74,215.0,28.0,0.0,0.0,0.0,78.0,89.0,89.0,85.0,62.0,80.0,86.0,79.0,83.0,0,0,0,75.0,89.0,0
72,205.0,28.0,37.0,0.0,0.0,78.0,90.0,92.0,90.0,60.0,78.0,80.0,88.0,83.0,0,0,0,78.0,92.0,0
71,190.0,31.0,0.0,0.0,0.0,78.0,84.0,89.0,90.0,52.0,83.0,87.0,82.0,85.0,0,0,0,81.0,75.0,0
74,220.0,26.0,42.0,4.0,4.0,78.0,92.0,91.0,97.0,65.0,77.0,86.0,82.0,77.0,0,0,0,73.0,93.0,0
72,193.0,25.0,36.0,0.0,0.0,78.0,91.0,88.0,88.0,55.0,83.0,84.0,88.0,82.0,0,0,0,77.0,89.0,0
72,193.0,25.0,0.0,0.0,0.0,78.0,91.0,88.0,88.0,55.0,83.0,84.0,88.0,82.0,0,0,0,77.0,89.0,0
72,193.0,25.0,1.0,0.0,0.0,78.0,91.0,88.0,88.0,55.0,83.0,84.0,88.0,82.0,0,0,0,77.0,89.0,0
72,193.0,25.0,59.0,0.0,0.0,78.0,91.0,88.0,88.0,55.0,83.0,84.0,88.0,82.0,0,0,0,77.0,89.0,0
69,188.0,28.0,23.0,0.0,0.0,77.0,86.0,91.0,92.0,43.0,85.0,87.0,86.0,83.0,0,0,0,62.0,85.0,0
72,204.0,30.0,0.0,0.0,0.0,77.0,88.0,88.0,89.0,60.0,81.0,86.0,86.0,81.0,0,0,0,75.0,90.0,0
70,191.0,27.0,28.0,0.0,0.0,77.0,90.0,91.0,93.0,54.0,78.0,85.0,85.0,81.0,0,0,0,70.0,90.0,0
71,188.0,22.0,7.0,0.0,0.0,77.0,98.0,96.0,93.0,51.0,71.0,83.0,77.0,76.0,0,0,0,72.0,88.0,0
71,190.0,25.0,0.0,0.0,0.0,77.0,90.0,94.0,92.0,39.0,83.0,83.0,87.0,81.0,0,0,0,65.0,84.0,0
75,218.0,28.0,11.0,0.0,0.0,77.0,87.0,87.0,86.0,69.0,78.0,85.0,85.0,81.0,0,0,0,86.0,88.0,0
71,203.0,22.0,6.0,0.0,0.0,77.0,91.0,93.0,93.0,63.0,65.0,82.0,86.0,77.0,0,0,0,83.0,90.0,0
76,210.0,29.0,0.0,0.0,0.0,76.0,87.0,88.0,84.0,67.0,78.0,82.0,88.0,83.0,0,0,0,81.0,87.0,0
71,199.0,22.0,0.0,0.0,0.0,76.0,90.0,88.0,91.0,65.0,66.0,84.0,82.0,83.0,0,0,0,81.0,86.0,0
71,195.0,24.0,0.0,0.0,0.0,76.0,88.0,89.0,86.0,64.0,81.0,87.0,76.0,79.0,0,0,0,72.0,83.0,0
75,205.0,28.0,0.0,0.0,0.0,76.0,88.0,87.0,92.0,54.0,78.0,88.0,83.0,80.0,0,0,0,76.0,85.0,0
75,205.0,24.0,23.0,0.0,0.0,76.0,93.0,92.0,91.0,70.0,73.0,83.0,82.0,82.0,0,0,0,79.0,97.0,0
76,225.0,23.0,20.0,0.0,0.0,76.0,89.0,90.0,87.0,69.0,72.0,82.0,86.0,81.0,0,0,0,87.0,88.0,0
73,200.0,24.0,4.0,0.0,0.0,76.0,90.0,91.0,87.0,67.0,79.0,87.0,83.0,80.0,0,0,0,69.0,91.0,0
70,187.0,24.0,0.0,0.0,0.0,76.0,88.0,90.0,92.0,62.0,78.0,88.0,83.0,79.0,0,0,0,65.0,84.0,0
72,180.0,23.0,0.0,0.0,0.0,76.0,95.0,93.0,92.0,58.0,78.0,77.0,83.0,79.0,0,0,0,76.0,86.0,0
74,194.0,22.0,12.0,0.0,0.0,76.0,87.0,91.0,92.0,66.0,77.0,86.0,85.0,79.0,0,0,0,74.0,90.0,0
71,189.0,26.0,13.0,0.0,0.0,75.0,90.0,93.0,92.0,51.0,77.0,83.0,82.0,78.0,0,0,0,72.0,90.0,0
73,205.0,21.0,51.0,0.0,1.0,75.0,91.0,92.0,86.0,72.0,65.0,82.0,82.0,79.0,0,0,0,81.0,86.0,0
72,178.0,23.0,14.0,0.0,0.0,75.0,93.0,92.0,95.0,57.0,59.0,86.0,83.0,81.0,0,0,0,76.0,83.0,0
74,206.0,24.0,9.0,0.0,0.0,75.0,89.0,90.0,88.0,66.0,69.0,85.0,90.0,85.0,0,0,0,70.0,94.0,0
72,183.0,25.0,14.0,0.0,0.0,75.0,94.0,92.0,88.0,51.0,76.0,85.0,86.0,79.0,0,0,0,68.0,90.0,0
73,212.0,24.0,4.0,0.0,0.0,75.0,91.0,91.0,86.0,75.0,69.0,77.0,84.0,87.0,0,0,0,88.0,93.0,0
74,220.0,27.0,28.0,0.0,0.0,75.0,89.0,90.0,87.0,76.0,67.0,84.0,85.0,80.0,0,0,0,82.0,89.0,0
74,197.0,23.0,48.0,0.0,0.0,74.0,88.0,92.0,86.0,63.0,76.0,86.0,83.0,81.0,0,0,0,72.0,88.0,0
74,200.0,22.0,25.0,0.0,0.0,74.0,90.0,91.0,86.0,76.0,68.0,88.0,90.0,86.0,0,0,0,67.0,87.0,0
74,205.0,27.0,0.0,0.0,0.0,74.0,91.0,90.0,92.0,67.0,71.0,82.0,85.0,83.0,0,0,0,70.0,90.0,0
69,200.0,25.0,0.0,0.0,0.0,74.0,91.0,89.0,88.0,47.0,77.0,83.0,78.0,79.0,0,0,0,69.0,90.0,0
75,220.0,27.0,9.0,0.0,0.0,74.0,92.0,90.0,88.0,56.0,77.0,81.0,86.0,78.0,0,0,0,77.0,93.0,0
70,181.0,22.0,3.0,0.0,0.0,74.0,89.0,91.0,93.0,62.0,66.0,85.0,85.0,82.0,0,0,0,68.0,80.0,0
75,190.0,24.0,0.0,0.0,0.0,74.0,94.0,90.0,88.0,58.0,74.0,82.0,83.0,78.0,0,0,0,76.0,86.0,0
71,204.0,23.0,1.0,0.0,0.0,74.0,89.0,91.0,86.0,67.0,67.0,83.0,81.0,83.0,0,0,0,78.0,82.0,0
76,213.0,23.0,27.0,0.0,1.0,74.0,90.0,90.0,85.0,71.0,64.0,87.0,87.0,83.0,0,0,0,72.0,85.0,0
67,180.0,31.0,0.0,0.0,0.0,74.0,90.0,89.0,97.0,41.0,75.0,87.0,82.0,78.0,0,0,0,53.0,90.0,0
74,205.0,24.0,60.0,1.0,1.0,74.0,86.0,90.0,92.0,65.0,64.0,85.0,86.0,82.0,0,0,0,73.0,76.0,0
74,215.0,23.0,15.0,0.0,0.0,74.0,95.0,92.0,89.0,70.0,68.0,78.0,88.0,74.0,0,0,0,80.0,87.0,0
74,216.0,23.0,1.0,0.0,0.0,74.0,91.0,93.0,87.0,73.0,67.0,82.0,89.0,82.0,0,0,0,75.0,86.0,0
69,179.0,26.0,24.0,0.0,0.0,73.0,95.0,96.0,91.0,42.0,76.0,79.0,83.0,75.0,0,0,0,69.0,87.0,0
70,160.0,25.0,0.0,0.0,0.0,73.0,96.0,94.0,92.0,39.0,75.0,84.0,79.0,78.0,0,0,0,57.0,88.0,0
70,185.0,24.0,16.0,0.0,0.0,73.0,96.0,92.0,96.0,65.0,68.0,83.0,84.0,82.0,0,0,0,62.0,89.0,0
70,192.0,25.0,8.0,0.0,0.0,73.0,87.0,90.0,92.0,63.0,69.0,84.0,85.0,85.0,0,0,0,60.0,87.0,0
74,217.0,28.0,13.0,0.0,0.0,73.0,91.0,91.0,90.0,63.0,67.0,83.0,83.0,78.0,0,0,0,77.0,93.0,0
74,217.0,28.0,6.0,0.0,0.0,73.0,91.0,91.0,90.0,63.0,67.0,83.0,83.0,78.0,0,0,0,77.0,93.0,0
74,217.0,28.0,39.0,0.0,0.0,73.0,91.0,91.0,90.0,63.0,67.0,83.0,83.0,78.0,0,0,0,77.0,93.0,0
74,217.0,28.0,47.0,0.0,0.0,73.0,91.0,91.0,90.0,63.0,67.0,83.0,83.0,78.0,0,0,0,77.0,93.0,0
74,217.0,28.0,7.0,0.0,0.0,73.0,91.0,91.0,90.0,63.0,67.0,83.0,83.0,78.0,0,0,0,77.0,93.0,0
71,196.0,21.0,29.0,0.0,0.0,73.0,95.0,93.0,91.0,58.0,69.0,80.0,79.0,76.0,0,0,0,69.0,88.0,0
74,195.0,26.0,0.0,0.0,0.0,73.0,91.0,93.0,91.0,53.0,80.0,80.0,85.0,80.0,0,0,0,60.0,84.0,0
73,215.0,20.0,41.0,0.0,1.0,73.0,88.0,91.0,88.0,73.0,68.0,85.0,84.0,86.0,0,0,0,67.0,83.0,0
73,205.0,24.0,2.0,0.0,0.0,73.0,91.0,92.0,94.0,68.0,63.0,82.0,82.0,78.0,0,0,0,76.0,88.0,0
74,205.0,23.0,2.0,0.0,0.0,73.0,91.0,90.0,82.0,72.0,58.0,86.0,87.0,87.0,0,0,0,87.0,93.0,0
72,183.0,31.0,31.0,0.0,0.0,73.0,88.0,90.0,90.0,46.0,75.0,83.0,84.0,75.0,0,0,0,62.0,87.0,0
74,215.0,22.0,8.0,0.0,0.0,73.0,87.0,88.0,87.0,73.0,70.0,85.0,90.0,83.0,0,0,0,65.0,94.0,0
70,191.0,27.0,24.0,0.0,0.0,73.0,91.0,91.0,93.0,42.0,75.0,80.0,82.0,79.0,0,0,0,58.0,90.0,0
70,187.0,28.0,12.0,0.0,0.0,72.0,92.0,91.0,93.0,35.0,78.0,79.0,83.0,78.0,0,0,0,57.0,87.0,0
75,216.0,25.0,3.0,0.0,0.0,72.0,93.0,91.0,88.0,75.0,54.0,82.0,84.0,84.0,0,0,0,82.0,87.0,0
69,199.0,28.0,18.0,0.0,0.0,72.0,90.0,90.0,93.0,54.0,77.0,77.0,75.0,77.0,0,0,0,63.0,84.0,0
73,204.0,22.0,9.0,0.0,0.0,72.0,90.0,89.0,85.0,76.0,60.0,85.0,85.0,83.0,0,0,0,73.0,85.0,0
73,204.0,22.0,1.0,0.0,0.0,72.0,90.0,89.0,85.0,76.0,60.0,85.0,85.0,83.0,0,0,0,73.0,85.0,0
71,192.0,29.0,24.0,1.0,3.0,72.0,89.0,90.0,91.0,47.0,79.0,79.0,82.0,72.0,0,0,0,71.0,85.0,0
75,192.0,22.0,25.0,0.0,0.0,72.0,88.0,88.0,84.0,60.0,65.0,85.0,89.0,83.0,0,0,0,68.0,88.0,0
78,225.0,25.0,0.0,0.0,0.0,72.0,87.0,88.0,82.0,74.0,73.0,83.0,83.0,81.0,0,0,0,70.0,87.0,0
78,225.0,25.0,8.0,0.0,0.0,72.0,87.0,88.0,82.0,74.0,73.0,83.0,83.0,81.0,0,0,0,70.0,87.0,0
74,210.0,30.0,23.0,0.0,0.0,72.0,91.0,93.0,85.0,65.0,81.0,79.0,77.0,68.0,0,0,0,75.0,92.0,0
69,197.0,26.0,7.0,0.0,0.0,71.0,91.0,88.0,94.0,56.0,63.0,84.0,71.0,83.0,0,0,0,59.0,90.0,0
74,208.0,26.0,21.0,0.0,0.0,71.0,86.0,92.0,86.0,66.0,70.0,81.0,81.0,78.0,0,0,0,75.0,84.0,0
74,195.0,29.0,0.0,0.0,0.0,71.0,89.0,88.0,85.0,64.0,65.0,83.0,78.0,81.0,0,0,0,74.0,90.0,0
77,214.0,26.0,0.0,0.0,0.0,71.0,88.0,88.0,87.0,57.0,66.0,80.0,87.0,85.0,0,0,0,72.0,88.0,0
73,212.0,26.0,0.0,0.0,0.0,71.0,91.0,90.0,86.0,70.0,70.0,80.0,84.0,70.0,0,0,0,78.0,86.0,0
71,206.0,25.0,6.0,0.0,0.0,71.0,91.0,93.0,89.0,60.0,73.0,76.0,76.0,74.0,0,0,0,68.0,86.0,0
75,205.0,26.0,6.0,0.0,0.0,71.0,89.0,93.0,85.0,65.0,67.0,78.0,87.0,76.0,0,0,0,79.0,91.0,0
72,198.0,24.0,36.0,0.0,0.0,71.0,91.0,90.0,92.0,64.0,67.0,74.0,80.0,78.0,0,0,0,72.0,87.0,0
70,202.0,29.0,12.0,0.0,1.0,71.0,87.0,88.0,89.0,62.0,75.0,80.0,83.0,76.0,0,0,0,64.0,81.0,0
71,186.0,24.0,0.0,0.0,0.0,71.0,88.0,92.0,91.0,54.0,69.0,78.0,74.0,73.0,0,0,0,76.0,87.0,0
73,195.0,26.0,0.0,0.0,0.0,71.0,90.0,90.0,90.0,45.0,71.0,80.0,74.0,79.0,0,0,0,75.0,91.0,0
69,191.0,26.0,4.0,0.0,0.0,71.0,90.0,92.0,88.0,66.0,73.0,82.0,78.0,81.0,0,0,0,62.0,90.0,0
76,203.0,26.0,9.0,0.0,0.0,71.0,90.0,91.0,91.0,62.0,66.0,76.0,84.0,75.0,0,0,0,79.0,94.0,0
68,181.0,23.0,7.0,0.0,0.0,70.0,86.0,90.0,91.0,61.0,59.0,86.0,78.0,82.0,0,0,0,60.0,80.0,0
72,211.0,28.0,0.0,0.0,0.0,70.0,89.0,89.0,86.0,63.0,74.0,77.0,82.0,74.0,0,0,0,68.0,88.0,0
69,180.0,25.0,0.0,0.0,0.0,70.0,93.0,92.0,88.0,66.0,68.0,79.0,72.0,78.0,0,0,0,61.0,85.0,0
70,184.0,26.0,22.0,0.0,0.0,70.0,86.0,89.0,91.0,43.0,75.0,81.0,74.0,77.0,0,0,0,59.0,91.0,0
74,228.0,28.0,8.0,0.0,0.0,70.0,84.0,89.0,84.0,74.0,71.0,75.0,79.0,81.0,0,0,0,82.0,89.0,0
74,202.0,22.0,3.0,0.0,0.0,70.0,89.0,91.0,88.0,71.0,61.0,84.0,86.0,82.0,0,0,0,70.0,84.0,0
73,199.0,25.0,2.0,0.0,0.0,70.0,91.0,90.0,89.0,62.0,65.0,77.0,88.0,70.0,0,0,0,78.0,90.0,0
74,200.0,27.0,38.0,0.0,0.0,70.0,90.0,92.0,87.0,57.0,71.0,78.0,82.0,74.0,0,0,0,78.0,82.0,0
74,200.0,27.0,3.0,0.0,0.0,70.0,90.0,92.0,87.0,57.0,71.0,78.0,82.0,74.0,0,0,0,78.0,82.0,0
72,205.0,28.0,0.0,0.0,0.0,69.0,92.0,93.0,89.0,67.0,69.0,78.0,77.0,71.0,0,0,0,69.0,88.0,0
73,195.0,29.0,16.0,0.0,0.0,69.0,88.0,91.0,87.0,66.0,66.0,75.0,80.0,74.0,0,0,0,65.0,91.0,0
68,176.0,24.0,7.0,0.0,0.0,69.0,92.0,91.0,97.0,41.0,69.0,78.0,77.0,72.0,0,0,0,58.0,85.0,0
72,217.0,23.0,2.0,0.0,0.0,69.0,89.0,89.0,87.0,62.0,61.0,83.0,79.0,83.0,0,0,0,72.0,88.0,0
76,221.0,23.0,17.0,0.0,0.0,69.0,90.0,90.0,85.0,63.0,68.0,82.0,81.0,76.0,0,0,0,64.0,85.0,0
70,200.0,22.0,0.0,0.0,0.0,69.0,87.0,89.0,87.0,69.0,63.0,80.0,79.0,77.0,0,0,0,70.0,88.0,0
73,195.0,26.0,1.0,0.0,0.0,69.0,89.0,93.0,86.0,39.0,68.0,79.0,69.0,82.0,0,0,0,76.0,78.0,0
72,190.0,25.0,7.0,0.0,0.0,69.0,90.0,92.0,92.0,54.0,61.0,81.0,79.0,81.0,0,0,0,63.0,82.0,0
75,210.0,27.0,0.0,0.0,0.0,69.0,85.0,88.0,83.0,49.0,72.0,82.0,76.0,79.0,0,0,0,67.0,85.0,0
72,205.0,31.0,0.0,2.0,10.0,69.0,87.0,87.0,86.0,49.0,81.0,74.0,72.0,76.0,0,0,0,68.0,84.0,0
69,195.0,32.0,0.0,0.0,0.0,69.0,85.0,88.0,88.0,49.0,80.0,79.0,75.0,73.0,0,0,0,59.0,81.0,0
75,210.0,23.0,3.0,0.0,0.0,68.0,90.0,92.0,88.0,63.0,64.0,80.0,83.0,78.0,0,0,0,76.0,87.0,0
75,208.0,21.0,1.0,0.0,0.0,68.0,92.0,91.0,85.0,61.0,64.0,83.0,83.0,78.0,0,0,0,68.0,78.0,0
74,215.0,25.0,6.0,0.0,0.0,68.0,90.0,90.0,88.0,73.0,48.0,78.0,84.0,88.0,0,0,0,84.0,91.0,0
75,203.0,23.0,0.0,0.0,0.0,68.0,90.0,87.0,88.0,65.0,61.0,84.0,85.0,82.0,0,0,0,66.0,91.0,0
74,210.0,27.0,1.0,0.0,0.0,68.0,89.0,90.0,93.0,50.0,64.0,79.0,77.0,85.0,0,0,0,64.0,83.0,0
75,219.0,26.0,2.0,0.0,0.0,68.0,92.0,92.0,92.0,71.0,62.0,79.0,80.0,77.0,0,0,0,64.0,90.0,0
77,228.0,27.0,0.0,0.0,0.0,68.0,87.0,89.0,87.0,69.0,62.0,82.0,84.0,77.0,0,0,0,78.0,92.0,0
74,201.0,26.0,2.0,0.0,0.0,68.0,87.0,87.0,86.0,52.0,66.0,80.0,83.0,77.0,0,0,0,64.0,78.0,0
73,189.0,22.0,0.0,0.0,0.0,68.0,91.0,92.0,91.0,51.0,57.0,79.0,76.0,70.0,0,0,0,79.0,73.0,0
73,208.0,23.0,1.0,0.0,0.0,67.0,89.0,89.0,86.0,69.0,65.0,76.0,82.0,71.0,0,0,0,61.0,86.0,0
67,173.0,22.0,15.0,0.0,0.0,67.0,92.0,93.0,96.0,55.0,58.0,80.0,75.0,69.0,0,0,0,74.0,86.0,0
72,215.0,29.0,0.0,0.0,0.0,67.0,89.0,92.0,92.0,60.0,59.0,77.0,76.0,72.0,0,0,0,62.0,95.0,0
73,180.0,23.0,0.0,0.0,0.0,67.0,89.0,93.0,91.0,56.0,65.0,81.0,75.0,76.0,0,0,0,60.0,84.0,0
74,222.0,21.0,18.0,0.0,0.0,67.0,87.0,88.0,87.0,72.0,52.0,85.0,86.0,80.0,0,0,0,79.0,86.0,0
74,198.0,21.0,5.0,0.0,0.0,67.0,88.0,91.0,90.0,61.0,52.0,83.0,83.0,79.0,0,0,0,67.0,85.0,0
67,172.0,24.0,14.0,0.0,1.0,67.0,96.0,95.0,91.0,62.0,51.0,80.0,69.0,70.0,0,0,0,57.0,87.0,0
71,191.0,22.0,0.0,0.0,0.0,67.0,93.0,89.0,92.0,40.0,57.0,81.0,85.0,75.0,0,0,0,63.0,78.0,0
73,200.0,27.0,2.0,0.0,0.0,67.0,89.0,90.0,95.0,45.0,64.0,77.0,77.0,76.0,0,0,0,65.0,89.0,0
72,196.0,23.0,0.0,0.0,0.0,67.0,91.0,88.0,86.0,60.0,63.0,76.0,73.0,74.0,0,0,0,70.0,85.0,0
75,202.0,24.0,0.0,0.0,0.0,67.0,87.0,87.0,82.0,60.0,61.0,79.0,79.0,77.0,0,0,0,70.0,85.0,0
72,204.0,26.0,0.0,0.0,0.0,67.0,88.0,90.0,92.0,51.0,69.0,80.0,81.0,74.0,0,0,0,60.0,86.0,0
72,204.0,26.0,10.0,0.0,0.0,67.0,88.0,90.0,92.0,51.0,69.0,80.0,81.0,74.0,0,0,0,60.0,86.0,0
78,230.0,24.0,0.0,0.0,0.0,67.0,87.0,89.0,87.0,66.0,62.0,79.0,80.0,77.0,0,0,0,69.0,87.0,0
72,189.0,25.0,0.0,0.0,0.0,66.0,91.0,91.0,90.0,49.0,64.0,79.0,83.0,78.0,0,0,0,53.0,84.0,0
72,180.0,27.0,0.0,0.0,0.0,66.0,92.0,89.0,88.0,48.0,62.0,79.0,79.0,70.0,0,0,0,62.0,86.0,0
74,215.0,23.0,3.0,0.0,0.0,66.0,91.0,90.0,89.0,67.0,60.0,78.0,82.0,76.0,0,0,0,60.0,89.0,0
70,193.0,24.0,0.0,0.0,0.0,66.0,88.0,90.0,87.0,59.0,57.0,79.0,81.0,77.0,0,0,0,64.0,91.0,0
72,190.0,21.0,0.0,0.0,0.0,66.0,86.0,89.0,90.0,55.0,50.0,83.0,76.0,73.0,0,0,0,72.0,77.0,0
74,209.0,24.0,1.0,0.0,0.0,66.0,93.0,94.0,89.0,66.0,50.0,76.0,72.0,78.0,0,0,0,67.0,86.0,0
71,195.0,27.0,7.0,0.0,0.0,66.0,90.0,91.0,94.0,46.0,59.0,77.0,77.0,69.0,0,0,0,58.0,92.0,0
74,196.0,21.0,0.0,0.0,0.0,66.0,88.0,90.0,86.0,58.0,53.0,83.0,85.0,76.0,0,0,0,67.0,93.0,0
73,220.0,22.0,0.0,0.0,0.0,66.0,88.0,90.0,84.0,73.0,59.0,79.0,86.0,79.0,0,0,0,66.0,85.0,0
74,228.0,26.0,0.0,0.0,0.0,66.0,83.0,86.0,91.0,69.0,51.0,78.0,77.0,85.0,0,0,0,86.0,85.0,0
74,203.0,23.0,0.0,0.0,0.0,66.0,86.0,89.0,90.0,53.0,57.0,80.0,81.0,79.0,0,0,0,68.0,88.0,0
74,219.0,22.0,15.0,0.0,0.0,66.0,91.0,89.0,84.0,75.0,52.0,81.0,83.0,79.0,0,0,0,73.0,87.0,0
73,195.0,22.0,0.0,0.0,0.0,66.0,91.0,90.0,89.0,55.0,56.0,83.0,84.0,76.0,0,0,0,57.0,82.0,0
74,227.0,25.0,0.0,0.0,0.0,65.0,87.0,89.0,88.0,70.0,51.0,79.0,76.0,82.0,0,0,0,79.0,85.0,0
70,185.0,23.0,0.0,0.0,0.0,65.0,88.0,89.0,92.0,65.0,53.0,81.0,73.0,69.0,0,0,0,68.0,81.0,0
76,214.0,24.0,0.0,0.0,0.0,65.0,90.0,91.0,82.0,68.0,46.0,87.0,80.0,83.0,0,0,0,78.0,87.0,0
77,210.0,25.0,0.0,0.0,0.0,65.0,88.0,90.0,86.0,56.0,61.0,82.0,84.0,78.0,0,0,0,68.0,87.0,0
73,198.0,22.0,13.0,0.0,0.0,65.0,85.0,88.0,86.0,66.0,58.0,81.0,74.0,77.0,0,0,0,59.0,84.0,0
73,203.0,22.0,25.0,0.0,0.0,65.0,88.0,91.0,93.0,59.0,57.0,75.0,83.0,77.0,0,0,0,64.0,88.0,0
70,186.0,24.0,0.0,0.0,0.0,65.0,89.0,91.0,87.0,62.0,64.0,75.0,72.0,79.0,0,0,0,57.0,83.0,0
71,182.0,21.0,0.0,0.0,0.0,65.0,93.0,91.0,88.0,63.0,51.0,80.0,82.0,78.0,0,0,0,63.0,88.0,0
73,200.0,24.0,13.0,0.0,0.0,65.0,90.0,90.0,92.0,62.0,58.0,77.0,80.0,78.0,0,0,0,60.0,88.0,0
75,217.0,22.0,0.0,0.0,0.0,65.0,91.0,90.0,85.0,71.0,51.0,82.0,85.0,76.0,0,0,0,65.0,94.0,0
72,210.0,24.0,1.0,0.0,0.0,65.0,91.0,93.0,88.0,68.0,41.0,86.0,82.0,77.0,0,0,0,80.0,88.0,0
69,160.0,23.0,0.0,0.0,0.0,64.0,94.0,94.0,91.0,53.0,48.0,79.0,80.0,73.0,0,0,0,55.0,82.0,0
71,205.0,26.0,1.0,0.0,0.0,64.0,91.0,89.0,89.0,70.0,51.0,72.0,81.0,79.0,0,0,0,74.0,85.0,0
73,209.0,24.0,0.0,0.0,0.0,64.0,90.0,90.0,87.0,67.0,53.0,82.0,76.0,74.0,0,0,0,53.0,89.0,0
73,201.0,25.0,6.0,0.0,0.0,64.0,91.0,90.0,89.0,63.0,64.0,76.0,73.0,76.0,0,0,0,71.0,91.0,0
73,201.0,25.0,2.0,0.0,0.0,64.0,91.0,90.0,89.0,63.0,64.0,76.0,73.0,76.0,0,0,0,71.0,91.0,0
70,195.0,24.0,0.0,0.0,0.0,64.0,91.0,91.0,90.0,69.0,58.0,75.0,76.0,77.0,0,0,0,52.0,91.0,0
74,216.0,25.0,0.0,0.0,0.0,64.0,89.0,91.0,91.0,72.0,48.0,84.0,74.0,80.0,0,0,0,79.0,87.0,0
70,190.0,22.0,0.0,0.0,0.0,64.0,88.0,88.0,87.0,62.0,52.0,80.0,77.0,79.0,0,0,0,60.0,76.0,0
76,221.0,22.0,0.0,0.0,0.0,64.0,86.0,89.0,84.0,64.0,46.0,85.0,85.0,80.0,0,0,0,64.0,89.0,0
74,215.0,23.0,0.0,0.0,0.0,64.0,88.0,93.0,89.0,60.0,52.0,76.0,74.0,75.0,0,0,0,69.0,96.0,0
71,194.0,26.0,0.0,0.0,0.0,64.0,88.0,92.0,82.0,74.0,57.0,73.0,71.0,65.0,0,0,0,79.0,91.0,0
74,219.0,22.0,0.0,0.0,0.0,64.0,85.0,88.0,85.0,68.0,49.0,78.0,85.0,81.0,0,0,0,70.0,86.0,0
75,200.0,26.0,1.0,0.0,0.0,64.0,87.0,91.0,87.0,52.0,62.0,78.0,79.0,77.0,0,0,0,68.0,89.0,0
69,189.0,24.0,0.0,0.0,0.0,64.0,90.0,92.0,87.0,68.0,54.0,77.0,73.0,77.0,0,0,0,58.0,84.0,0
73,188.0,24.0,2.0,0.0,0.0,64.0,92.0,93.0,91.0,61.0,58.0,77.0,82.0,71.0,0,0,0,59.0,93.0,0
72,190.0,26.0,0.0,0.0,0.0,64.0,92.0,93.0,89.0,61.0,41.0,75.0,70.0,71.0,0,0,0,70.0,90.0,0
71,207.0,22.0,6.0,1.0,1.0,64.0,87.0,89.0,91.0,72.0,61.0,78.0,75.0,69.0,0,0,0,63.0,85.0,0
70,205.0,24.0,0.0,0.0,0.0,64.0,88.0,88.0,87.0,63.0,58.0,72.0,68.0,78.0,0,0,0,59.0,92.0,0
73,210.0,24.0,0.0,0.0,0.0,64.0,86.0,88.0,86.0,54.0,53.0,78.0,74.0,78.0,0,0,0,67.0,84.0,0
73,195.0,25.0,0.0,0.0,0.0,64.0,88.0,93.0,88.0,54.0,55.0,77.0,73.0,75.0,0,0,0,71.0,87.0,0
70,180.0,24.0,0.0,0.0,0.0,64.0,90.0,93.0,94.0,63.0,49.0,77.0,79.0,78.0,0,0,0,53.0,85.0,0
69,185.0,24.0,0.0,0.0,0.0,64.0,92.0,94.0,93.0,55.0,51.0,78.0,74.0,79.0,0,0,0,56.0,93.0,0
74,213.0,26.0,0.0,0.0,0.0,63.0,86.0,89.0,82.0,68.0,57.0,79.0,76.0,75.0,0,0,0,71.0,88.0,0
73,202.0,22.0,0.0,0.0,0.0,63.0,86.0,88.0,88.0,57.0,51.0,77.0,77.0,82.0,0,0,0,62.0,80.0,0
71,186.0,29.0,0.0,0.0,0.0,63.0,88.0,89.0,88.0,54.0,60.0,77.0,74.0,75.0,0,0,0,55.0,88.0,0
74,205.0,24.0,0.0,0.0,0.0,63.0,92.0,93.0,92.0,66.0,42.0,73.0,70.0,71.0,0,0,0,70.0,88.0,0
74,204.0,25.0,0.0,0.0,0.0,63.0,88.0,90.0,87.0,66.0,48.0,76.0,83.0,77.0,0,0,0,72.0,83.0,0
73,208.0,23.0,0.0,0.0,0.0,63.0,90.0,91.0,89.0,67.0,47.0,77.0,80.0,78.0,0,0,0,68.0,81.0,0
73,185.0,27.0,0.0,0.0,0.0,63.0,90.0,93.0,91.0,54.0,64.0,72.0,73.0,67.0,0,0,0,52.0,83.0,0
72,195.0,27.0,0.0,0.0,0.0,63.0,91.0,92.0,89.0,44.0,64.0,77.0,76.0,69.0,0,0,0,49.0,91.0,0
71,190.0,23.0,0.0,0.0,0.0,63.0,87.0,87.0,90.0,65.0,45.0,82.0,77.0,76.0,0,0,0,53.0,87.0,0
74,200.0,24.0,0.0,0.0,0.0,63.0,89.0,91.0,83.0,65.0,50.0,80.0,77.0,72.0,0,0,0,66.0,85.0,0
73,195.0,23.0,49.0,0.0,1.0,63.0,88.0,89.0,89.0,65.0,55.0,76.0,88.0,77.0,0,0,0,53.0,91.0,0
73,195.0,23.0,21.0,0.0,0.0,63.0,88.0,89.0,89.0,65.0,55.0,76.0,88.0,77.0,0,0,0,53.0,91.0,0
73,195.0,23.0,2.0,0.0,0.0,63.0,88.0,89.0,89.0,65.0,55.0,76.0,88.0,77.0,0,0,0,53.0,91.0,0
73,197.0,25.0,0.0,0.0,0.0,63.0,92.0,95.0,93.0,59.0,58.0,76.0,72.0,65.0,0,0,0,66.0,92.0,0
76,208.0,23.0,0.0,0.0,0.0,63.0,90.0,91.0,85.0,66.0,50.0,78.0,74.0,77.0,0,0,0,73.0,89.0,0
75,200.0,24.0,0.0,0.0,0.0,63.0,87.0,89.0,87.0,63.0,54.0,79.0,81.0,76.0,0,0,0,68.0,86.0,0
74,207.0,23.0,0.0,0.0,0.0,63.0,88.0,89.0,85.0,57.0,50.0,82.0,81.0,76.0,0,0,0,61.0,75.0,0
73,219.0,25.0,0.0,0.0,0.0,63.0,85.0,87.0,80.0,70.0,50.0,78.0,81.0,76.0,0,0,0,68.0,93.0,0
76,206.0,24.0,0.0,0.0,0.0,62.0,91.0,88.0,88.0,60.0,41.0,77.0,77.0,62.0,0,0,0,70.0,74.0,0
72,200.0,24.0,0.0,0.0,0.0,62.0,87.0,91.0,87.0,68.0,53.0,70.0,79.0,81.0,0,0,0,57.0,92.0,0
72,195.0,25.0,0.0,0.0,0.0,62.0,89.0,89.0,92.0,55.0,56.0,78.0,81.0,68.0,0,0,0,55.0,84.0,0
69,186.0,22.0,0.0,0.0,0.0,62.0,87.0,91.0,88.0,58.0,51.0,77.0,74.0,76.0,0,0,0,58.0,77.0,0
76,215.0,23.0,0.0,0.0,0.0,62.0,89.0,92.0,88.0,66.0,49.0,78.0,79.0,76.0,0,0,0,65.0,83.0,0
72,194.0,23.0,0.0,0.0,0.0,62.0,93.0,89.0,90.0,56.0,55.0,74.0,71.0,73.0,0,0,0,67.0,84.0,0
74,200.0,23.0,0.0,0.0,0.0,62.0,90.0,92.0,86.0,64.0,42.0,75.0,73.0,74.0,0,0,0,70.0,86.0,0
76,190.0,24.0,0.0,0.0,0.0,62.0,88.0,93.0,90.0,62.0,40.0,75.0,73.0,74.0,0,0,0,70.0,87.0,0
73,212.0,22.0,0.0,0.0,0.0,62.0,84.0,87.0,85.0,67.0,50.0,83.0,80.0,77.0,0,0,0,64.0,77.0,0
74,197.0,24.0,0.0,0.0,0.0,62.0,83.0,88.0,86.0,60.0,42.0,77.0,75.0,76.0,0,0,0,72.0,84.0,0
75,197.0,22.0,0.0,0.0,0.0,62.0,92.0,92.0,86.0,56.0,50.0,75.0,75.0,73.0,0,0,0,60.0,83.0,0
67,168.0,24.0,0.0,0.0,0.0,62.0,91.0,91.0,92.0,55.0,56.0,78.0,72.0,75.0,0,0,0,53.0,84.0,0
69,190.0,23.0,0.0,0.0,0.0,62.0,85.0,89.0,91.0,54.0,53.0,82.0,86.0,76.0,0,0,0,57.0,85.0,0
74,190.0,25.0,0.0,0.0,0.0,62.0,88.0,89.0,88.0,65.0,62.0,80.0,75.0,63.0,0,0,0,44.0,87.0,0
70,185.0,26.0,0.0,0.0,0.0,62.0,93.0,91.0,89.0,56.0,53.0,77.0,71.0,67.0,0,0,0,56.0,82.0,0
76,227.0,23.0,0.0,0.0,0.0,62.0,89.0,94.0,87.0,70.0,52.0,77.0,71.0,76.0,0,0,0,64.0,92.0,0
68,178.0,22.0,0.0,0.0,0.0,61.0,88.0,90.0,90.0,44.0,51.0,78.0,80.0,74.0,0,0,0,53.0,78.0,0
73,191.0,23.0,3.0,0.0,0.0,61.0,89.0,90.0,88.0,58.0,42.0,73.0,81.0,75.0,0,0,0,60.0,80.0,0
73,191.0,23.0,24.0,0.0,0.0,61.0,89.0,90.0,88.0,58.0,42.0,73.0,81.0,75.0,0,0,0,60.0,80.0,0
72,195.0,24.0,0.0,0.0,0.0,61.0,88.0,90.0,85.0,64.0,50.0,80.0,73.0,74.0,0,0,0,40.0,82.0,0
75,222.0,22.0,0.0,0.0,0.0,61.0,87.0,91.0,92.0,64.0,47.0,76.0,77.0,76.0,0,0,0,63.0,87.0,0
70,187.0,25.0,0.0,0.0,0.0,61.0,87.0,90.0,91.0,57.0,47.0,75.0,71.0,78.0,0,0,0,58.0,80.0,0
73,192.0,24.0,0.0,0.0,0.0,61.0,86.0,82.0,86.0,63.0,42.0,75.0,73.0,74.0,0,0,0,70.0,85.0,0
75,200.0,25.0,0.0,0.0,0.0,61.0,88.0,90.0,85.0,59.0,64.0,72.0,84.0,73.0,0,0,0,60.0,89.0,0
72,185.0,23.0,0.0,0.0,0.0,61.0,92.0,91.0,86.0,51.0,59.0,77.0,70.0,76.0,0,0,0,52.0,85.0,0
73,205.0,26.0,0.0,0.0,0.0,61.0,89.0,91.0,88.0,55.0,52.0,76.0,75.0,69.0,0,0,0,67.0,88.0,0
70,190.0,22.0,0.0,0.0,0.0,61.0,87.0,88.0,84.0,70.0,52.0,74.0,70.0,69.0,0,0,0,62.0,93.0,0
72,205.0,23.0,0.0,0.0,0.0,61.0,86.0,89.0,86.0,59.0,41.0,75.0,73.0,74.0,0,0,0,70.0,73.0,0
70,190.0,24.0,0.0,0.0,0.0,61.0,87.0,87.0,86.0,59.0,40.0,75.0,73.0,74.0,0,0,0,70.0,82.0,0
70,169.0,25.0,0.0,0.0,0.0,61.0,90.0,94.0,91.0,61.0,55.0,76.0,68.0,69.0,0,0,0,55.0,89.0,0
71,205.0,23.0,0.0,0.0,0.0,61.0,84.0,87.0,88.0,63.0,52.0,78.0,74.0,76.0,0,0,0,61.0,78.0,0
68,177.0,25.0,0.0,0.0,0.0,60.0,93.0,91.0,95.0,65.0,55.0,76.0,65.0,71.0,0,0,0,54.0,84.0,0
69,175.0,25.0,0.0,0.0,0.0,60.0,88.0,91.0,92.0,62.0,61.0,80.0,56.0,67.0,0,0,0,49.0,87.0,0
69,180.0,24.0,0.0,0.0,0.0,60.0,85.0,90.0,91.0,48.0,53.0,76.0,78.0,75.0,0,0,0,57.0,84.0,0
77,222.0,25.0,0.0,0.0,0.0,60.0,89.0,90.0,84.0,66.0,49.0,80.0,76.0,74.0,0,0,0,62.0,88.0,0
75,215.0,24.0,0.0,0.0,0.0,60.0,92.0,88.0,88.0,72.0,50.0,70.0,66.0,64.0,0,0,0,60.0,86.0,0
75,224.0,21.0,0.0,0.0,0.0,60.0,88.0,93.0,86.0,67.0,47.0,77.0,77.0,79.0,0,0,0,68.0,82.0,0
67,160.0,23.0,0.0,0.0,0.0,59.0,90.0,92.0,92.0,50.0,51.0,75.0,72.0,74.0,0,0,0,52.0,82.0,0
71,217.0,27.0,0.0,0.0,0.0,58.0,84.0,90.0,88.0,62.0,53.0,72.0,77.0,69.0,0,0,0,66.0,78.0,0
69,180.0,24.0,0.0,0.0,0.0,58.0,96.0,94.0,94.0,48.0,45.0,72.0,71.0,67.0,0,0,0,51.0,92.0,0
70,200.0,25.0,3.0,0.0,0.0,58.0,91.0,89.0,88.0,59.0,58.0,73.0,59.0,74.0,0,0,0,50.0,83.0,0
71,190.0,25.0,0.0,0.0,0.0,58.0,92.0,88.0,84.0,66.0,50.0,72.0,69.0,76.0,0,0,0,59.0,92.0,0
72,199.0,25.0,0.0,0.0,0.0,57.0,88.0,91.0,87.0,65.0,46.0,82.0,79.0,75.0,0,0,0,48.0,87.0,0
71,170.0,25.0,0.0,0.0,0.0,57.0,89.0,92.0,89.0,47.0,48.0,75.0,72.0,75.0,0,0,0,48.0,77.0,0
66,168.0,24.0,0.0,0.0,0.0,57.0,94.0,94.0,91.0,53.0,52.0,70.0,65.0,63.0,0,0,0,48.0,86.0,0
71,175.0,23.0,0.0,0.0,0.0,57.0,89.0,90.0,88.0,53.0,49.0,76.0,74.0,70.0,0,0,0,48.0,91.0,0
69,201.0,23.0,0.0,0.0,0.0,54.0,88.0,88.0,87.0,65.0,52.0,71.0,67.0,60.0,0,0,0,47.0,72.0,0
0,0.0,0.0,0.0,0.0,0.0,99.0,92.0,93.0,98.0,54.0,99.0,0.0,98.0,99.0,0,97,96,97.0,89.0,0
0,0.0,0.0,92.0,4.0,7.0,99.0,92.0,93.0,98.0,54.0,99.0,0.0,98.0,99.0,0,97,96,97.0,89.0,0
0,0.0,0.0,101.0,2.0,7.0,98.0,93.0,92.0,96.0,78.0,99.0,0.0,98.0,98.0,0,93,92,98.0,97.0,0
0,0.0,0.0,0.0,0.0,0.0,95.0,94.0,94.0,98.0,49.0,95.0,0.0,99.0,92.0,0,95,93,92.0,94.0,0
0,0.0,0.0,82.0,3.0,5.0,94.0,92.0,93.0,92.0,66.0,92.0,0.0,97.0,96.0,0,93,91,93.0,93.0,0
0,0.0,0.0,77.0,0.0,7.0,93.0,90.0,89.0,94.0,72.0,98.0,0.0,98.0,95.0,0,91,90,93.0,97.0,0
0,0.0,0.0,77.0,0.0,6.0,92.0,88.0,92.0,92.0,69.0,98.0,0.0,90.0,92.0,0,92,89,92.0,91.0,0
0,0.0,0.0,0.0,0.0,0.0,91.0,89.0,92.0,91.0,75.0,97.0,0.0,92.0,89.0,0,90,89,89.0,90.0,0
0,0.0,0.0,60.0,2.0,3.0,91.0,89.0,92.0,91.0,75.0,97.0,0.0,92.0,89.0,0,90,89,89.0,90.0,0
0,0.0,0.0,48.0,0.0,1.0,90.0,89.0,87.0,87.0,79.0,94.0,0.0,97.0,95.0,0,86,83,96.0,92.0,0
0,0.0,0.0,85.0,1.0,4.0,90.0,91.0,93.0,93.0,63.0,92.0,0.0,94.0,90.0,0,90,89,84.0,86.0,0
0,0.0,0.0,0.0,0.0,0.0,90.0,90.0,90.0,92.0,53.0,95.0,0.0,93.0,93.0,0,89,86,86.0,89.0,0
0,0.0,0.0,72.0,0.0,4.0,89.0,93.0,92.0,96.0,41.0,88.0,0.0,87.0,85.0,0,89,90,83.0,86.0,0
0,0.0,0.0,0.0,0.0,0.0,89.0,89.0,91.0,96.0,62.0,94.0,0.0,88.0,90.0,0,88,82,83.0,91.0,0
0,0.0,0.0,24.0,0.0,0.0,89.0,88.0,91.0,86.0,79.0,94.0,0.0,96.0,93.0,0,87,86,95.0,94.0,0
0,0.0,0.0,1.0,0.0,0.0,89.0,88.0,91.0,86.0,79.0,94.0,0.0,96.0,93.0,0,87,86,95.0,94.0,0
0,0.0,0.0,79.0,0.0,6.0,89.0,88.0,91.0,86.0,79.0,94.0,0.0,96.0,93.0,0,87,86,95.0,94.0,0
0,0.0,0.0,93.0,1.0,11.0,89.0,83.0,88.0,85.0,78.0,96.0,0.0,95.0,95.0,0,88,81,86.0,96.0,0
0,0.0,0.0,61.0,0.0,0.0,88.0,85.0,91.0,91.0,68.0,94.0,0.0,88.0,89.0,0,92,81,87.0,84.0,0
0,0.0,0.0,63.0,0.0,2.0,88.0,90.0,92.0,93.0,42.0,88.0,0.0,90.0,88.0,0,90,89,83.0,92.0,0
0,0.0,0.0,69.0,0.0,5.0,88.0,91.0,91.0,94.0,75.0,92.0,0.0,93.0,89.0,0,85,83,90.0,95.0,0
0,0.0,0.0,89.0,3.0,6.0,88.0,89.0,93.0,88.0,63.0,94.0,0.0,90.0,94.0,0,88,87,85.0,92.0,0
0,0.0,0.0,0.0,0.0,0.0,88.0,90.0,92.0,92.0,67.0,87.0,0.0,92.0,91.0,0,89,86,93.0,91.0,0
0,0.0,0.0,56.0,0.0,5.0,87.0,91.0,91.0,92.0,66.0,90.0,0.0,91.0,88.0,0,83,79,81.0,88.0,0
0,0.0,0.0,97.0,5.0,8.0,87.0,98.0,97.0,98.0,64.0,85.0,0.0,85.0,82.0,0,80,88,82.0,92.0,0
0,0.0,0.0,0.0,0.0,0.0,87.0,90.0,90.0,90.0,70.0,94.0,0.0,95.0,90.0,0,88,90,84.0,91.0,0
0,0.0,0.0,0.0,0.0,0.0,87.0,90.0,93.0,89.0,67.0,90.0,0.0,94.0,89.0,0,85,82,91.0,92.0,0
0,0.0,0.0,48.0,0.0,1.0,87.0,90.0,93.0,89.0,67.0,90.0,0.0,94.0,89.0,0,85,82,91.0,92.0,0
0,0.0,0.0,72.0,0.0,0.0,87.0,95.0,92.0,96.0,54.0,88.0,0.0,88.0,86.0,0,86,87,80.0,87.0,0
0,0.0,0.0,66.0,0.0,5.0,86.0,92.0,89.0,94.0,69.0,88.0,0.0,89.0,87.0,0,87,88,88.0,89.0,0
0,0.0,0.0,73.0,0.0,1.0,86.0,88.0,91.0,88.0,67.0,90.0,0.0,93.0,91.0,0,87,80,88.0,84.0,0
0,0.0,0.0,54.0,0.0,0.0,86.0,89.0,91.0,87.0,66.0,93.0,0.0,87.0,87.0,0,87,83,81.0,90.0,0
0,0.0,0.0,0.0,0.0,0.0,85.0,84.0,89.0,90.0,52.0,97.0,0.0,86.0,87.0,0,86,78,82.0,76.0,0
0,0.0,0.0,75.0,0.0,3.0,85.0,93.0,92.0,96.0,47.0,85.0,0.0,89.0,84.0,0,82,88,76.0,87.0,0
0,0.0,0.0,35.0,0.0,0.0,84.0,92.0,92.0,91.0,51.0,93.0,0.0,86.0,83.0,0,84,87,76.0,86.0,0
0,0.0,0.0,0.0,0.0,0.0,84.0,94.0,90.0,89.0,61.0,88.0,0.0,88.0,84.0,0,85,87,81.0,86.0,0
0,0.0,0.0,22.0,0.0,0.0,84.0,85.0,87.0,87.0,74.0,88.0,0.0,93.0,92.0,0,81,75,90.0,87.0,0
0,0.0,0.0,53.0,0.0,0.0,84.0,87.0,89.0,85.0,73.0,93.0,0.0,89.0,90.0,0,85,83,85.0,91.0,0
0,0.0,0.0,36.0,0.0,0.0,84.0,91.0,90.0,93.0,66.0,90.0,0.0,86.0,85.0,0,86,85,76.0,87.0,0
0,0.0,0.0,33.0,0.0,0.0,84.0,91.0,92.0,95.0,62.0,87.0,0.0,80.0,85.0,0,86,80,70.0,88.0,0
0,0.0,0.0,0.0,0.0,0.0,84.0,94.0,92.0,88.0,51.0,86.0,0.0,88.0,84.0,0,85,88,78.0,90.0,0
0,0.0,0.0,0.0,0.0,0.0,83.0,88.0,89.0,89.0,72.0,88.0,0.0,84.0,86.0,0,87,85,78.0,89.0,0
0,0.0,0.0,0.0,0.0,0.0,83.0,90.0,93.0,88.0,59.0,87.0,0.0,88.0,86.0,0,83,84,80.0,92.0,0
0,0.0,0.0,25.0,0.0,0.0,83.0,93.0,91.0,96.0,37.0,85.0,0.0,84.0,82.0,0,84,85,76.0,90.0,0
0,0.0,0.0,43.0,0.0,0.0,83.0,92.0,91.0,96.0,69.0,78.0,0.0,88.0,83.0,0,85,86,78.0,88.0,0
0,0.0,0.0,57.0,0.0,1.0,83.0,92.0,93.0,89.0,56.0,84.0,0.0,87.0,83.0,0,83,88,77.0,89.0,0
0,0.0,0.0,64.0,0.0,1.0,83.0,91.0,92.0,94.0,56.0,83.0,0.0,85.0,84.0,0,83,78,82.0,87.0,0
0,0.0,0.0,0.0,0.0,0.0,83.0,89.0,93.0,91.0,67.0,84.0,0.0,86.0,84.0,0,86,85,80.0,90.0,0
0,0.0,0.0,24.0,0.0,0.0,83.0,95.0,96.0,91.0,42.0,87.0,0.0,84.0,79.0,0,85,85,75.0,93.0,0
0,0.0,0.0,36.0,0.0,0.0,83.0,91.0,88.0,89.0,58.0,90.0,0.0,88.0,87.0,0,87,82,79.0,89.0,0
0,0.0,0.0,0.0,0.0,0.0,83.0,91.0,88.0,89.0,58.0,90.0,0.0,88.0,87.0,0,87,82,79.0,89.0,0
0,0.0,0.0,1.0,0.0,0.0,83.0,91.0,88.0,89.0,58.0,90.0,0.0,88.0,87.0,0,87,82,79.0,89.0,0
0,0.0,0.0,59.0,0.0,0.0,83.0,91.0,88.0,89.0,58.0,90.0,0.0,88.0,87.0,0,87,82,79.0,89.0,0
0,0.0,0.0,0.0,0.0,0.0,82.0,90.0,89.0,89.0,69.0,85.0,0.0,89.0,84.0,0,86,84,84.0,86.0,0
0,0.0,0.0,17.0,0.0,0.0,82.0,89.0,91.0,92.0,54.0,88.0,0.0,86.0,83.0,0,85,84,78.0,90.0,0
0,0.0,0.0,22.0,0.0,0.0,82.0,89.0,90.0,87.0,70.0,90.0,0.0,86.0,87.0,0,86,82,79.0,88.0,0
0,0.0,0.0,0.0,0.0,0.0,82.0,91.0,93.0,94.0,67.0,85.0,0.0,85.0,82.0,0,84,86,78.0,91.0,0
0,0.0,0.0,30.0,0.0,0.0,82.0,90.0,91.0,93.0,68.0,87.0,0.0,85.0,82.0,0,84,80,77.0,91.0,0
0,0.0,0.0,20.0,0.0,0.0,82.0,89.0,90.0,87.0,69.0,88.0,0.0,87.0,85.0,0,84,79,87.0,88.0,0
0,0.0,0.0,0.0,0.0,0.0,82.0,93.0,92.0,93.0,45.0,82.0,0.0,83.0,78.0,0,85,87,75.0,87.0,0
0,0.0,0.0,0.0,0.0,0.0,82.0,87.0,88.0,87.0,75.0,87.0,0.0,89.0,84.0,0,85,78,81.0,88.0,0
0,0.0,0.0,67.0,1.0,1.0,82.0,93.0,92.0,96.0,49.0,84.0,0.0,79.0,81.0,0,82,84,74.0,85.0,0
0,0.0,0.0,36.0,0.0,0.0,81.0,91.0,93.0,88.0,69.0,85.0,0.0,89.0,86.0,0,83,82,82.0,90.0,0
0,0.0,0.0,0.0,0.0,0.0,81.0,95.0,93.0,92.0,59.0,81.0,0.0,84.0,82.0,0,83,86,76.0,86.0,0
0,0.0,0.0,19.0,0.0,0.0,81.0,93.0,93.0,90.0,65.0,83.0,0.0,89.0,83.0,0,80,79,82.0,92.0,0
0,0.0,0.0,0.0,0.0,0.0,81.0,87.0,89.0,93.0,61.0,85.0,0.0,80.0,85.0,0,83,77,69.0,90.0,0
0,0.0,0.0,0.0,0.0,0.0,81.0,88.0,91.0,88.0,73.0,84.0,0.0,85.0,86.0,0,86,78,81.0,87.0,0
0,0.0,0.0,0.0,0.0,0.0,81.0,94.0,95.0,94.0,60.0,85.0,0.0,83.0,80.0,0,80,78,66.0,95.0,0
0,0.0,0.0,83.0,1.0,6.0,81.0,86.0,85.0,86.0,77.0,86.0,0.0,89.0,91.0,0,76,71,89.0,90.0,0
0,0.0,0.0,30.0,0.0,0.0,81.0,86.0,85.0,86.0,77.0,86.0,0.0,89.0,91.0,0,76,71,89.0,90.0,0
0,0.0,0.0,41.0,0.0,1.0,80.0,89.0,92.0,88.0,75.0,81.0,0.0,84.0,86.0,0,83,83,75.0,83.0,0
0,0.0,0.0,31.0,0.0,0.0,80.0,90.0,92.0,91.0,72.0,72.0,0.0,88.0,84.0,0,83,84,85.0,92.0,0
0,0.0,0.0,14.0,0.0,0.0,80.0,93.0,92.0,95.0,57.0,79.0,0.0,83.0,81.0,0,81,76,76.0,83.0,0
0,0.0,0.0,60.0,1.0,1.0,80.0,87.0,90.0,92.0,65.0,84.0,0.0,86.0,83.0,0,87,81,78.0,76.0,0
0,0.0,0.0,13.0,0.0,0.0,79.0,90.0,92.0,85.0,64.0,83.0,0.0,84.0,82.0,0,84,83,78.0,88.0,0
0,0.0,0.0,43.0,0.0,0.0,79.0,93.0,89.0,97.0,41.0,79.0,0.0,85.0,79.0,0,80,79,74.0,91.0,0
0,0.0,0.0,0.0,0.0,0.0,79.0,93.0,89.0,97.0,41.0,79.0,0.0,85.0,79.0,0,80,79,74.0,91.0,0
0,0.0,0.0,36.0,0.0,0.0,79.0,93.0,89.0,97.0,41.0,79.0,0.0,85.0,79.0,0,80,79,74.0,91.0,0
0,0.0,0.0,43.0,0.0,0.0,79.0,86.0,89.0,86.0,71.0,87.0,0.0,82.0,86.0,0,83,77,81.0,87.0,0
0,0.0,0.0,6.0,0.0,0.0,79.0,93.0,93.0,92.0,66.0,73.0,0.0,89.0,81.0,0,79,80,81.0,93.0,0
0,0.0,0.0,0.0,0.0,0.0,79.0,89.0,92.0,90.0,67.0,79.0,0.0,85.0,83.0,0,84,83,75.0,86.0,0
0,0.0,0.0,18.0,0.0,0.0,79.0,92.0,93.0,87.0,62.0,78.0,0.0,85.0,81.0,0,82,82,77.0,91.0,0
0,0.0,0.0,0.0,0.0,0.0,79.0,89.0,87.0,84.0,75.0,78.0,0.0,91.0,87.0,0,81,78,84.0,80.0,0
0,0.0,0.0,38.0,0.0,0.0,79.0,89.0,87.0,84.0,75.0,78.0,0.0,91.0,87.0,0,81,78,84.0,80.0,0
0,0.0,0.0,0.0,0.0,0.0,79.0,89.0,87.0,84.0,75.0,78.0,0.0,91.0,87.0,0,81,78,84.0,80.0,0
0,0.0,0.0,0.0,0.0,0.0,79.0,89.0,87.0,84.0,75.0,78.0,0.0,91.0,87.0,0,81,78,84.0,80.0,0
0,0.0,0.0,3.0,0.0,0.0,79.0,89.0,87.0,84.0,75.0,78.0,0.0,91.0,87.0,0,81,78,84.0,80.0,0
0,0.0,0.0,0.0,0.0,0.0,79.0,89.0,87.0,84.0,75.0,78.0,0.0,91.0,87.0,0,81,78,84.0,80.0,0
0,0.0,0.0,0.0,0.0,0.0,79.0,89.0,87.0,84.0,75.0,78.0,0.0,91.0,87.0,0,81,78,84.0,80.0,0
0,0.0,0.0,2.0,0.0,0.0,79.0,89.0,87.0,84.0,75.0,78.0,0.0,91.0,87.0,0,81,78,84.0,80.0,0
0,0.0,0.0,24.0,0.0,0.0,79.0,89.0,87.0,84.0,75.0,78.0,0.0,91.0,87.0,0,81,78,84.0,80.0,0
0,0.0,0.0,12.0,0.0,0.0,79.0,89.0,87.0,84.0,75.0,78.0,0.0,91.0,87.0,0,81,78,84.0,80.0,0
0,0.0,0.0,25.0,0.0,0.0,79.0,89.0,87.0,84.0,75.0,78.0,0.0,91.0,87.0,0,81,78,84.0,80.0,0
0,0.0,0.0,38.0,0.0,0.0,79.0,89.0,87.0,84.0,75.0,78.0,0.0,91.0,87.0,0,81,78,84.0,80.0,0
0,0.0,0.0,27.0,0.0,0.0,79.0,89.0,91.0,88.0,57.0,85.0,0.0,82.0,83.0,0,83,81,79.0,86.0,0
0,0.0,0.0,51.0,0.0,1.0,79.0,91.0,92.0,86.0,72.0,76.0,0.0,82.0,80.0,0,84,84,81.0,86.0,0
0,0.0,0.0,0.0,0.0,0.0,79.0,88.0,89.0,87.0,65.0,86.0,0.0,78.0,81.0,0,81,75,74.0,83.0,0
0,0.0,0.0,0.0,0.0,0.0,78.0,88.0,90.0,92.0,51.0,83.0,0.0,82.0,79.0,0,84,83,72.0,86.0,0
0,0.0,0.0,10.0,0.0,0.0,78.0,88.0,90.0,92.0,51.0,83.0,0.0,82.0,79.0,0,84,83,72.0,86.0,0
0,0.0,0.0,9.0,0.0,0.0,78.0,89.0,90.0,88.0,66.0,83.0,0.0,90.0,84.0,0,79,78,73.0,96.0,0
0,0.0,0.0,27.0,0.0,1.0,78.0,90.0,90.0,86.0,71.0,78.0,0.0,88.0,84.0,0,82,81,74.0,85.0,0
0,0.0,0.0,37.0,0.0,0.0,78.0,89.0,91.0,90.0,60.0,86.0,0.0,85.0,81.0,0,81,77,77.0,92.0,0
0,0.0,0.0,28.0,0.0,0.0,78.0,90.0,91.0,93.0,54.0,81.0,0.0,85.0,81.0,0,80,76,70.0,90.0,0
0,0.0,0.0,0.0,0.0,0.0,78.0,90.0,89.0,91.0,67.0,80.0,0.0,88.0,86.0,0,79,75,76.0,90.0,0
0,0.0,0.0,0.0,0.0,0.0,77.0,91.0,89.0,89.0,47.0,85.0,0.0,80.0,81.0,0,78,73,72.0,90.0,0
0,0.0,0.0,23.0,0.0,0.0,77.0,86.0,91.0,92.0,46.0,79.0,0.0,85.0,82.0,0,79,75,64.0,85.0,0
0,0.0,0.0,23.0,0.0,0.0,77.0,90.0,91.0,87.0,68.0,82.0,0.0,85.0,82.0,0,79,77,75.0,88.0,0
0,0.0,0.0,7.0,0.0,0.0,77.0,90.0,87.0,94.0,56.0,82.0,0.0,77.0,83.0,0,77,75,68.0,90.0,0
0,0.0,0.0,0.0,0.0,0.0,77.0,90.0,92.0,91.0,53.0,83.0,0.0,85.0,81.0,0,81,77,71.0,84.0,0
0,0.0,0.0,6.0,0.0,0.0,77.0,92.0,92.0,91.0,65.0,62.0,0.0,87.0,83.0,0,80,82,73.0,93.0,0
0,0.0,0.0,56.0,0.0,0.0,77.0,92.0,92.0,91.0,65.0,62.0,0.0,87.0,83.0,0,80,82,73.0,93.0,0
0,0.0,0.0,0.0,0.0,0.0,77.0,88.0,89.0,84.0,74.0,85.0,0.0,84.0,81.0,0,83,78,75.0,87.0,0
0,0.0,0.0,8.0,0.0,0.0,77.0,88.0,89.0,84.0,74.0,85.0,0.0,84.0,81.0,0,83,78,75.0,87.0,0
0,0.0,0.0,40.0,0.0,0.0,77.0,93.0,93.0,95.0,59.0,64.0,0.0,83.0,78.0,0,79,82,76.0,76.0,0
0,0.0,0.0,0.0,0.0,0.0,77.0,96.0,94.0,92.0,40.0,74.0,0.0,79.0,79.0,0,78,82,63.0,88.0,0
0,0.0,0.0,42.0,4.0,4.0,76.0,91.0,91.0,97.0,65.0,72.0,0.0,85.0,77.0,0,74,77,72.0,93.0,0
0,0.0,0.0,0.0,0.0,0.0,76.0,89.0,95.0,86.0,64.0,74.0,0.0,79.0,82.0,0,81,77,76.0,86.0,0
0,0.0,0.0,7.0,0.0,0.0,76.0,97.0,95.0,93.0,51.0,63.0,0.0,77.0,76.0,0,76,81,71.0,88.0,0
0,0.0,0.0,6.0,0.0,0.0,76.0,92.0,94.0,93.0,63.0,67.0,0.0,86.0,77.0,0,78,77,83.0,90.0,0
0,0.0,0.0,23.0,0.0,0.0,76.0,93.0,92.0,91.0,70.0,76.0,0.0,82.0,82.0,0,75,74,79.0,97.0,0
0,0.0,0.0,7.0,0.0,0.0,76.0,90.0,92.0,92.0,54.0,78.0,0.0,81.0,83.0,0,79,76,68.0,82.0,0
0,0.0,0.0,24.0,0.0,0.0,76.0,91.0,91.0,93.0,42.0,82.0,0.0,82.0,79.0,0,79,80,61.0,90.0,0
0,0.0,0.0,9.0,0.0,0.0,76.0,91.0,90.0,88.0,56.0,78.0,0.0,88.0,80.0,0,76,79,77.0,93.0,0
0,0.0,0.0,10.0,0.0,0.0,76.0,90.0,92.0,94.0,50.0,54.0,0.0,85.0,79.0,0,81,82,77.0,92.0,0
0,0.0,0.0,7.0,0.0,0.0,76.0,86.0,90.0,91.0,61.0,68.0,0.0,83.0,81.0,0,83,76,65.0,80.0,0
0,0.0,0.0,16.0,0.0,0.0,75.0,95.0,91.0,96.0,65.0,75.0,0.0,84.0,82.0,0,70,75,62.0,89.0,0
0,0.0,0.0,0.0,0.0,0.0,75.0,87.0,88.0,84.0,67.0,79.0,0.0,88.0,83.0,0,78,74,81.0,87.0,0
0,0.0,0.0,25.0,0.0,0.0,75.0,90.0,91.0,86.0,76.0,75.0,0.0,90.0,86.0,0,72,67,71.0,87.0,0
0,0.0,0.0,4.0,0.0,0.0,75.0,90.0,91.0,87.0,67.0,79.0,0.0,83.0,80.0,0,78,75,73.0,91.0,0
0,0.0,0.0,0.0,0.0,0.0,75.0,90.0,91.0,89.0,74.0,86.0,0.0,85.0,79.0,0,72,67,76.0,88.0,0
0,0.0,0.0,12.0,0.0,0.0,75.0,87.0,91.0,92.0,66.0,74.0,0.0,85.0,79.0,0,78,78,74.0,90.0,0
0,0.0,0.0,39.0,0.0,1.0,75.0,89.0,92.0,91.0,73.0,64.0,0.0,89.0,86.0,0,76,71,74.0,87.0,0
0,0.0,0.0,25.0,0.0,0.0,75.0,88.0,91.0,93.0,60.0,76.0,0.0,83.0,77.0,0,74,79,77.0,88.0,0
0,0.0,0.0,0.0,0.0,0.0,75.0,92.0,92.0,89.0,67.0,77.0,0.0,81.0,78.0,0,76,78,71.0,88.0,0
0,0.0,0.0,1.0,0.0,0.0,74.0,89.0,91.0,86.0,67.0,68.0,0.0,82.0,83.0,0,75,77,78.0,82.0,0
0,0.0,0.0,48.0,0.0,0.0,74.0,88.0,92.0,86.0,63.0,77.0,0.0,83.0,81.0,0,78,73,73.0,88.0,0
0,0.0,0.0,15.0,0.0,0.0,74.0,95.0,92.0,89.0,70.0,68.0,0.0,88.0,74.0,0,73,76,80.0,87.0,0
0,0.0,0.0,32.0,0.0,0.0,74.0,90.0,89.0,86.0,68.0,55.0,0.0,89.0,84.0,0,80,84,78.0,84.0,0
0,0.0,0.0,11.0,0.0,0.0,74.0,90.0,89.0,86.0,68.0,55.0,0.0,89.0,84.0,0,80,84,78.0,84.0,0
0,0.0,0.0,0.0,0.0,0.0,74.0,89.0,93.0,91.0,57.0,77.0,0.0,80.0,78.0,0,77,73,68.0,84.0,0
0,0.0,0.0,3.0,0.0,0.0,74.0,90.0,92.0,93.0,62.0,67.0,0.0,82.0,78.0,0,78,72,68.0,80.0,0
0,0.0,0.0,74.0,0.0,5.0,74.0,89.0,90.0,93.0,68.0,63.0,0.0,86.0,81.0,0,80,76,76.0,92.0,0
0,0.0,0.0,12.0,0.0,0.0,74.0,89.0,90.0,93.0,68.0,63.0,0.0,86.0,81.0,0,80,76,76.0,92.0,0
0,0.0,0.0,29.0,0.0,0.0,74.0,95.0,93.0,91.0,58.0,73.0,0.0,79.0,76.0,0,77,75,69.0,88.0,0
0,0.0,0.0,8.0,0.0,0.0,74.0,87.0,90.0,92.0,63.0,72.0,0.0,85.0,85.0,0,75,73,62.0,87.0,0
0,0.0,0.0,12.0,0.0,0.0,74.0,91.0,90.0,93.0,37.0,78.0,0.0,83.0,78.0,0,75,81,58.0,87.0,0
0,0.0,0.0,14.0,0.0,1.0,73.0,96.0,95.0,91.0,62.0,68.0,0.0,77.0,72.0,0,74,79,57.0,88.0,0
0,0.0,0.0,35.0,0.0,0.0,73.0,85.0,88.0,84.0,77.0,70.0,0.0,84.0,82.0,0,74,72,78.0,91.0,0
0,0.0,0.0,2.0,0.0,0.0,73.0,91.0,92.0,94.0,68.0,71.0,0.0,82.0,78.0,0,72,68,76.0,88.0,0
0,0.0,0.0,0.0,0.0,0.0,73.0,90.0,88.0,87.0,65.0,66.0,0.0,82.0,83.0,0,74,72,81.0,86.0,0
0,0.0,0.0,30.0,0.0,0.0,73.0,89.0,90.0,89.0,68.0,60.0,0.0,84.0,81.0,0,78,74,78.0,86.0,0
0,0.0,0.0,6.0,0.0,0.0,73.0,87.0,92.0,86.0,47.0,74.0,0.0,86.0,80.0,0,75,76,72.0,93.0,0
0,0.0,0.0,11.0,0.0,0.0,73.0,86.0,87.0,86.0,69.0,74.0,0.0,83.0,79.0,0,75,74,82.0,88.0,0
0,0.0,0.0,0.0,0.0,0.0,73.0,89.0,89.0,86.0,63.0,80.0,0.0,83.0,78.0,0,78,77,72.0,88.0,0
0,0.0,0.0,8.0,0.0,0.0,73.0,87.0,88.0,87.0,73.0,78.0,0.0,88.0,80.0,0,71,68,68.0,94.0,0
0,0.0,0.0,3.0,0.0,0.0,73.0,93.0,91.0,88.0,74.0,68.0,0.0,82.0,81.0,0,74,71,82.0,87.0,0
0,0.0,0.0,41.0,0.0,0.0,73.0,91.0,92.0,90.0,65.0,63.0,0.0,81.0,77.0,0,76,79,64.0,85.0,0
0,0.0,0.0,25.0,0.0,0.0,73.0,88.0,88.0,84.0,60.0,68.0,0.0,89.0,83.0,0,78,79,69.0,88.0,0
0,0.0,0.0,9.0,0.0,0.0,72.0,90.0,91.0,91.0,62.0,68.0,0.0,84.0,75.0,0,73,75,79.0,94.0,0
0,0.0,0.0,7.0,0.0,0.0,72.0,92.0,90.0,88.0,60.0,62.0,0.0,78.0,74.0,0,72,83,70.0,83.0,0
0,0.0,0.0,0.0,0.0,0.0,72.0,94.0,93.0,89.0,59.0,63.0,0.0,81.0,75.0,0,73,76,68.0,93.0,0
0,0.0,0.0,0.0,0.0,0.0,72.0,91.0,88.0,86.0,60.0,78.0,0.0,76.0,78.0,0,75,74,72.0,85.0,0
0,0.0,0.0,6.0,0.0,0.0,72.0,90.0,91.0,88.0,73.0,65.0,0.0,83.0,86.0,0,72,67,80.0,91.0,0
0,0.0,0.0,0.0,0.0,0.0,72.0,90.0,90.0,90.0,45.0,82.0,0.0,75.0,79.0,0,75,66,75.0,91.0,0
0,0.0,0.0,0.0,0.0,0.0,72.0,96.0,94.0,94.0,48.0,73.0,0.0,75.0,72.0,0,74,77,60.0,92.0,0
0,0.0,0.0,0.0,0.0,0.0,72.0,90.0,89.0,86.0,70.0,76.0,0.0,84.0,75.0,0,74,70,78.0,86.0,0
0,0.0,0.0,15.0,0.0,0.0,72.0,89.0,90.0,86.0,68.0,64.0,0.0,84.0,79.0,0,77,75,71.0,89.0,0
0,0.0,0.0,13.0,0.0,0.0,71.0,90.0,90.0,90.0,64.0,67.0,0.0,83.0,78.0,0,71,66,77.0,93.0,0
0,0.0,0.0,6.0,0.0,0.0,71.0,90.0,90.0,90.0,64.0,67.0,0.0,83.0,78.0,0,71,66,77.0,93.0,0
0,0.0,0.0,39.0,0.0,0.0,71.0,90.0,90.0,90.0,64.0,67.0,0.0,83.0,78.0,0,71,66,77.0,93.0,0
0,0.0,0.0,47.0,0.0,0.0,71.0,90.0,90.0,90.0,64.0,67.0,0.0,83.0,78.0,0,71,66,77.0,93.0,0
0,0.0,0.0,7.0,0.0,0.0,71.0,90.0,90.0,90.0,64.0,67.0,0.0,83.0,78.0,0,71,66,77.0,93.0,0
0,0.0,0.0,13.0,0.0,0.0,71.0,90.0,90.0,92.0,62.0,74.0,0.0,80.0,78.0,0,77,74,65.0,88.0,0
0,0.0,0.0,3.0,0.0,0.0,71.0,91.0,90.0,89.0,67.0,69.0,0.0,82.0,78.0,0,73,75,63.0,89.0,0
0,0.0,0.0,0.0,0.0,0.0,71.0,88.0,92.0,91.0,54.0,69.0,0.0,74.0,73.0,0,75,73,76.0,87.0,0
0,0.0,0.0,6.0,0.0,0.0,71.0,88.0,90.0,87.0,64.0,61.0,0.0,83.0,82.0,0,80,75,75.0,83.0,0
0,0.0,0.0,7.0,0.0,0.0,71.0,92.0,91.0,97.0,41.0,75.0,0.0,78.0,74.0,0,71,66,59.0,85.0,0
0,0.0,0.0,17.0,0.0,0.0,71.0,90.0,90.0,85.0,63.0,77.0,0.0,81.0,76.0,0,70,75,68.0,85.0,0
0,0.0,0.0,0.0,0.0,0.0,71.0,87.0,87.0,82.0,61.0,78.0,0.0,83.0,79.0,0,74,70,77.0,86.0,0
0,0.0,0.0,2.0,0.0,0.0,71.0,89.0,90.0,95.0,45.0,66.0,0.0,77.0,76.0,0,71,74,72.0,89.0,0
0,0.0,0.0,6.0,0.0,0.0,71.0,91.0,93.0,89.0,60.0,70.0,0.0,76.0,74.0,0,75,76,68.0,86.0,0
0,0.0,0.0,1.0,0.0,0.0,71.0,91.0,93.0,87.0,73.0,57.0,0.0,83.0,79.0,0,76,77,75.0,86.0,0
0,0.0,0.0,2.0,0.0,0.0,70.0,89.0,89.0,87.0,62.0,60.0,0.0,79.0,83.0,0,75,76,72.0,88.0,0
0,0.0,0.0,5.0,0.0,0.0,70.0,88.0,91.0,90.0,61.0,52.0,0.0,83.0,79.0,0,77,78,73.0,85.0,0
0,0.0,0.0,11.0,1.0,0.0,70.0,91.0,90.0,91.0,48.0,60.0,0.0,73.0,77.0,0,77,71,67.0,86.0,0
0,0.0,0.0,0.0,0.0,0.0,70.0,88.0,87.0,85.0,64.0,72.0,0.0,78.0,81.0,0,75,69,74.0,90.0,0
0,0.0,0.0,1.0,0.0,0.0,70.0,92.0,91.0,85.0,61.0,68.0,0.0,83.0,78.0,0,72,73,68.0,78.0,0
0,0.0,0.0,5.0,0.0,0.0,70.0,92.0,93.0,88.0,50.0,56.0,0.0,83.0,75.0,0,75,77,66.0,82.0,0
0,0.0,0.0,13.0,0.0,0.0,70.0,86.0,90.0,86.0,66.0,70.0,0.0,76.0,78.0,0,75,76,65.0,84.0,0
0,0.0,0.0,15.0,0.0,0.0,70.0,92.0,93.0,96.0,55.0,57.0,0.0,75.0,69.0,0,69,74,74.0,86.0,0
0,0.0,0.0,0.0,0.0,0.0,70.0,88.0,90.0,86.0,56.0,72.0,0.0,84.0,78.0,0,74,76,70.0,87.0,0
0,0.0,0.0,0.0,0.0,0.0,70.0,92.0,93.0,89.0,61.0,60.0,0.0,75.0,76.0,0,74,76,70.0,90.0,0
0,0.0,0.0,13.0,0.0,0.0,70.0,89.0,92.0,92.0,51.0,68.0,0.0,79.0,75.0,0,73,68,72.0,90.0,0
0,0.0,0.0,22.0,0.0,0.0,70.0,88.0,90.0,86.0,48.0,57.0,0.0,81.0,85.0,0,76,73,61.0,88.0,0
0,0.0,0.0,28.0,0.0,0.0,70.0,93.0,91.0,88.0,61.0,58.0,0.0,83.0,78.0,0,74,76,70.0,75.0,0
0,0.0,0.0,0.0,0.0,0.0,70.0,87.0,88.0,87.0,57.0,66.0,0.0,87.0,85.0,0,73,71,72.0,88.0,0
0,0.0,0.0,0.0,0.0,0.0,70.0,92.0,93.0,93.0,65.0,65.0,0.0,75.0,76.0,0,68,73,66.0,92.0,0
0,0.0,0.0,0.0,0.0,0.0,70.0,87.0,91.0,93.0,65.0,71.0,0.0,77.0,74.0,0,71,73,72.0,86.0,0
0,0.0,0.0,3.0,0.0,0.0,69.0,89.0,91.0,88.0,71.0,63.0,0.0,86.0,82.0,0,67,67,70.0,84.0,0
0,0.0,0.0,2.0,0.0,0.0,69.0,91.0,90.0,89.0,62.0,62.0,0.0,88.0,70.0,0,70,72,78.0,90.0,0
0,0.0,0.0,0.0,0.0,0.0,69.0,93.0,92.0,88.0,63.0,68.0,0.0,72.0,78.0,0,71,64,61.0,85.0,0
0,0.0,0.0,23.0,0.0,0.0,69.0,91.0,93.0,85.0,65.0,79.0,0.0,77.0,68.0,0,65,68,75.0,92.0,0
0,0.0,0.0,3.0,0.0,0.0,69.0,90.0,92.0,88.0,63.0,64.0,0.0,83.0,78.0,0,67,69,76.0,87.0,0
0,0.0,0.0,0.0,0.0,0.0,69.0,87.0,91.0,84.0,58.0,59.0,0.0,88.0,80.0,0,73,69,73.0,85.0,0
0,0.0,0.0,2.0,0.0,0.0,69.0,91.0,91.0,92.0,71.0,66.0,0.0,80.0,77.0,0,72,74,64.0,90.0,0
0,0.0,0.0,0.0,0.0,0.0,69.0,89.0,91.0,96.0,55.0,68.0,0.0,74.0,72.0,0,71,73,62.0,85.0,0
0,0.0,0.0,0.0,0.0,0.0,69.0,86.0,91.0,93.0,65.0,51.0,0.0,89.0,80.0,0,71,74,68.0,94.0,0
0,0.0,0.0,12.0,0.0,1.0,69.0,86.0,88.0,89.0,62.0,79.0,0.0,81.0,76.0,0,72,64,68.0,81.0,0
0,0.0,0.0,0.0,0.0,0.0,69.0,86.0,89.0,90.0,55.0,63.0,0.0,76.0,73.0,0,77,75,72.0,77.0,0
0,0.0,0.0,0.0,0.0,0.0,69.0,92.0,91.0,87.0,51.0,68.0,0.0,75.0,77.0,0,73,74,60.0,85.0,0
0,0.0,0.0,2.0,0.0,0.0,69.0,92.0,93.0,91.0,61.0,63.0,0.0,83.0,75.0,0,71,74,64.0,93.0,0
0,0.0,0.0,0.0,0.0,0.0,69.0,87.0,88.0,93.0,64.0,59.0,0.0,82.0,77.0,0,75,70,73.0,90.0,0
0,0.0,0.0,2.0,0.0,0.0,69.0,87.0,91.0,85.0,59.0,56.0,0.0,76.0,81.0,0,77,70,69.0,81.0,0
0,0.0,0.0,0.0,0.0,0.0,69.0,91.0,92.0,82.0,68.0,58.0,0.0,83.0,82.0,0,71,73,71.0,93.0,0
0,0.0,0.0,11.0,0.0,0.0,69.0,91.0,92.0,82.0,68.0,58.0,0.0,83.0,82.0,0,71,73,71.0,93.0,0
0,0.0,0.0,0.0,0.0,0.0,69.0,87.0,89.0,87.0,66.0,68.0,0.0,80.0,77.0,0,72,74,69.0,87.0,0
0,0.0,0.0,9.0,0.0,0.0,69.0,90.0,89.0,85.0,76.0,55.0,0.0,84.0,82.0,0,72,73,72.0,85.0,0
0,0.0,0.0,1.0,0.0,0.0,69.0,90.0,89.0,85.0,76.0,55.0,0.0,84.0,82.0,0,72,73,72.0,85.0,0
0,0.0,0.0,13.0,0.0,0.0,68.0,88.0,89.0,87.0,51.0,53.0,0.0,77.0,81.0,0,71,69,62.0,83.0,0
0,0.0,0.0,0.0,2.0,10.0,68.0,86.0,87.0,86.0,49.0,85.0,0.0,74.0,76.0,0,70,65,68.0,84.0,0
0,0.0,0.0,0.0,0.0,0.0,68.0,89.0,90.0,89.0,44.0,54.0,0.0,80.0,78.0,0,75,78,65.0,87.0,0
0,0.0,0.0,5.0,0.0,0.0,68.0,85.0,87.0,81.0,69.0,57.0,0.0,87.0,83.0,0,71,67,80.0,80.0,0
0,0.0,0.0,1.0,0.0,0.0,68.0,91.0,90.0,91.0,50.0,47.0,0.0,77.0,80.0,0,75,75,78.0,81.0,0
0,0.0,0.0,0.0,0.0,0.0,68.0,89.0,89.0,85.0,55.0,57.0,0.0,84.0,79.0,0,74,69,69.0,96.0,0
0,0.0,0.0,2.0,0.0,0.0,68.0,86.0,88.0,81.0,67.0,60.0,0.0,87.0,83.0,0,66,62,79.0,84.0,0
0,0.0,0.0,18.0,0.0,0.0,68.0,87.0,88.0,87.0,72.0,58.0,0.0,86.0,80.0,0,66,63,79.0,86.0,0
0,0.0,0.0,1.0,0.0,0.0,68.0,88.0,89.0,84.0,66.0,57.0,0.0,84.0,80.0,0,73,72,69.0,82.0,0
0,0.0,0.0,13.0,0.0,0.0,68.0,90.0,91.0,87.0,44.0,58.0,0.0,83.0,75.0,0,75,74,67.0,85.0,0
0,0.0,0.0,0.0,0.0,0.0,67.0,90.0,93.0,90.0,48.0,51.0,0.0,72.0,75.0,0,75,70,73.0,82.0,0
0,0.0,0.0,0.0,0.0,0.0,67.0,91.0,91.0,86.0,75.0,62.0,0.0,79.0,81.0,0,63,64,76.0,93.0,0
0,0.0,0.0,4.0,0.0,0.0,67.0,93.0,92.0,86.0,52.0,51.0,0.0,81.0,77.0,0,70,74,62.0,90.0,0
0,0.0,0.0,4.0,0.0,0.0,67.0,90.0,92.0,88.0,66.0,72.0,0.0,75.0,79.0,0,67,60,62.0,90.0,0
0,0.0,0.0,0.0,0.0,0.0,67.0,90.0,87.0,88.0,65.0,65.0,0.0,83.0,82.0,0,65,64,64.0,91.0,0
0,0.0,0.0,0.0,0.0,0.0,67.0,93.0,89.0,92.0,40.0,56.0,0.0,84.0,75.0,0,67,71,62.0,78.0,0
0,0.0,0.0,0.0,0.0,0.0,67.0,90.0,92.0,87.0,65.0,54.0,0.0,83.0,76.0,0,71,74,69.0,83.0,0
0,0.0,0.0,0.0,0.0,0.0,67.0,91.0,90.0,89.0,55.0,56.0,0.0,84.0,76.0,0,70,72,57.0,82.0,0
0,0.0,0.0,0.0,0.0,0.0,66.0,88.0,90.0,85.0,64.0,63.0,0.0,74.0,74.0,0,75,69,53.0,82.0,0
0,0.0,0.0,1.0,0.0,0.0,66.0,90.0,94.0,88.0,59.0,65.0,0.0,72.0,74.0,0,67,68,65.0,83.0,0
0,0.0,0.0,20.0,0.0,0.0,66.0,90.0,94.0,88.0,59.0,65.0,0.0,72.0,74.0,0,67,68,65.0,83.0,0
0,0.0,0.0,0.0,0.0,0.0,66.0,91.0,92.0,93.0,55.0,60.0,0.0,65.0,67.0,0,71,65,49.0,86.0,0
0,0.0,0.0,0.0,0.0,0.0,66.0,85.0,87.0,80.0,70.0,64.0,0.0,84.0,78.0,0,71,70,68.0,93.0,0
0,0.0,0.0,0.0,0.0,0.0,66.0,86.0,88.0,86.0,54.0,58.0,0.0,74.0,78.0,0,74,66,70.0,84.0,0
0,0.0,0.0,0.0,0.0,0.0,66.0,94.0,95.0,91.0,53.0,48.0,0.0,80.0,73.0,0,70,73,55.0,82.0,0
0,0.0,0.0,0.0,0.0,0.0,66.0,88.0,90.0,84.0,73.0,69.0,0.0,86.0,79.0,0,64,58,66.0,85.0,0
0,0.0,0.0,0.0,0.0,0.0,65.0,88.0,90.0,86.0,58.0,53.0,0.0,85.0,76.0,0,69,63,67.0,93.0,0
0,0.0,0.0,1.0,0.0,0.0,65.0,93.0,94.0,89.0,66.0,50.0,0.0,72.0,78.0,0,69,68,67.0,86.0,0
0,0.0,0.0,0.0,0.0,0.0,65.0,87.0,89.0,87.0,63.0,63.0,0.0,85.0,78.0,0,65,66,68.0,86.0,0
0,0.0,0.0,0.0,0.0,0.0,65.0,86.0,89.0,93.0,57.0,61.0,0.0,74.0,77.0,0,69,63,55.0,81.0,0
0,0.0,0.0,0.0,0.0,0.0,65.0,91.0,91.0,92.0,55.0,64.0,0.0,73.0,75.0,0,65,67,57.0,84.0,0
0,0.0,0.0,1.0,0.0,0.0,65.0,89.0,89.0,86.0,69.0,63.0,0.0,82.0,71.0,0,75,73,61.0,86.0,0
0,0.0,0.0,6.0,1.0,1.0,65.0,87.0,89.0,91.0,72.0,65.0,0.0,75.0,70.0,0,66,71,63.0,85.0,0
0,0.0,0.0,8.0,0.0,0.0,65.0,93.0,92.0,84.0,67.0,66.0,0.0,77.0,70.0,0,66,69,62.0,88.0,0
0,0.0,0.0,15.0,0.0,0.0,65.0,91.0,89.0,84.0,75.0,52.0,0.0,83.0,79.0,0,62,63,73.0,87.0,0
0,0.0,0.0,0.0,0.0,0.0,65.0,91.0,88.0,88.0,48.0,62.0,0.0,79.0,70.0,0,67,70,62.0,86.0,0
0,0.0,0.0,0.0,0.0,0.0,64.0,89.0,91.0,87.0,62.0,67.0,0.0,72.0,79.0,0,67,61,59.0,83.0,0
0,0.0,0.0,0.0,0.0,0.0,64.0,90.0,92.0,88.0,45.0,51.0,0.0,73.0,74.0,0,72,67,67.0,83.0,0
0,0.0,0.0,0.0,0.0,0.0,64.0,87.0,90.0,82.0,63.0,48.0,0.0,81.0,81.0,0,68,69,65.0,90.0,0
0,0.0,0.0,0.0,0.0,0.0,64.0,91.0,88.0,94.0,72.0,61.0,0.0,82.0,71.0,0,63,63,64.0,86.0,0
0,0.0,0.0,22.0,0.0,0.0,64.0,85.0,88.0,91.0,43.0,60.0,0.0,72.0,75.0,0,71,63,59.0,91.0,0
0,0.0,0.0,0.0,0.0,0.0,64.0,88.0,89.0,92.0,65.0,53.0,0.0,73.0,69.0,0,71,67,68.0,81.0,0
0,0.0,0.0,0.0,0.0,0.0,64.0,89.0,91.0,91.0,72.0,48.0,0.0,74.0,80.0,0,57,55,79.0,87.0,0
0,0.0,0.0,0.0,0.0,0.0,64.0,93.0,91.0,88.0,63.0,51.0,0.0,82.0,78.0,0,63,65,63.0,88.0,0
0,0.0,0.0,0.0,0.0,0.0,64.0,88.0,88.0,86.0,65.0,41.0,0.0,73.0,77.0,0,75,74,74.0,78.0,0
0,0.0,0.0,0.0,0.0,0.0,64.0,85.0,89.0,92.0,60.0,52.0,0.0,82.0,80.0,0,65,62,74.0,74.0,0
0,0.0,0.0,0.0,0.0,0.0,64.0,88.0,93.0,89.0,60.0,52.0,0.0,74.0,75.0,0,65,66,69.0,96.0,0
0,0.0,0.0,0.0,0.0,0.0,64.0,88.0,88.0,87.0,63.0,58.0,0.0,68.0,78.0,0,72,70,59.0,92.0,0
0,0.0,0.0,0.0,0.0,0.0,64.0,87.0,91.0,88.0,58.0,55.0,0.0,74.0,76.0,0,72,70,58.0,77.0,0
0,0.0,0.0,0.0,0.0,0.0,64.0,89.0,89.0,92.0,55.0,60.0,0.0,81.0,68.0,0,67,68,58.0,84.0,0
0,0.0,0.0,0.0,0.0,0.0,64.0,90.0,91.0,90.0,44.0,54.0,0.0,80.0,74.0,0,69,71,53.0,78.0,0
0,0.0,0.0,0.0,0.0,0.0,63.0,92.0,92.0,86.0,56.0,50.0,0.0,75.0,73.0,0,68,72,60.0,83.0,0
0,0.0,0.0,0.0,0.0,0.0,63.0,89.0,90.0,86.0,50.0,52.0,0.0,72.0,76.0,0,68,63,67.0,79.0,0
0,0.0,0.0,0.0,0.0,0.0,63.0,92.0,94.0,93.0,59.0,57.0,0.0,72.0,65.0,0,61,64,66.0,92.0,0
0,0.0,0.0,0.0,0.0,0.0,63.0,91.0,90.0,85.0,71.0,51.0,0.0,85.0,76.0,0,61,61,65.0,94.0,0
0,0.0,0.0,0.0,0.0,0.0,63.0,87.0,87.0,90.0,65.0,50.0,0.0,77.0,76.0,0,70,63,53.0,87.0,0
0,0.0,0.0,0.0,0.0,0.0,63.0,85.0,87.0,83.0,65.0,54.0,0.0,81.0,78.0,0,70,67,70.0,82.0,0
0,0.0,0.0,0.0,0.0,0.0,63.0,88.0,91.0,92.0,62.0,63.0,0.0,66.0,70.0,0,65,64,55.0,87.0,0
0,0.0,0.0,0.0,0.0,0.0,63.0,87.0,89.0,90.0,51.0,51.0,0.0,73.0,75.0,0,67,61,66.0,91.0,0
0,0.0,0.0,49.0,0.0,1.0,63.0,88.0,89.0,89.0,65.0,60.0,0.0,85.0,76.0,0,67,68,53.0,91.0,0
0,0.0,0.0,21.0,0.0,0.0,63.0,88.0,89.0,89.0,65.0,60.0,0.0,85.0,76.0,0,67,68,53.0,91.0,0
0,0.0,0.0,2.0,0.0,0.0,63.0,88.0,89.0,89.0,65.0,60.0,0.0,85.0,76.0,0,67,68,53.0,91.0,0
0,0.0,0.0,3.0,0.0,0.0,62.0,91.0,89.0,88.0,59.0,70.0,0.0,63.0,74.0,0,59,64,52.0,83.0,0
0,0.0,0.0,0.0,0.0,0.0,62.0,90.0,89.0,90.0,57.0,52.0,0.0,74.0,76.0,0,64,65,62.0,78.0,0
0,0.0,0.0,0.0,0.0,0.0,62.0,87.0,87.0,86.0,59.0,40.0,0.0,73.0,74.0,0,71,72,70.0,82.0,0
0,0.0,0.0,0.0,0.0,0.0,62.0,88.0,89.0,88.0,65.0,62.0,0.0,75.0,63.0,0,68,70,47.0,87.0,0
0,0.0,0.0,0.0,0.0,0.0,62.0,88.0,93.0,90.0,62.0,40.0,0.0,73.0,74.0,0,71,67,70.0,87.0,0
0,0.0,0.0,0.0,0.0,0.0,62.0,88.0,89.0,87.0,63.0,60.0,0.0,76.0,77.0,0,63,63,61.0,85.0,0
0,0.0,0.0,0.0,0.0,0.0,62.0,88.0,88.0,87.0,62.0,52.0,0.0,77.0,79.0,0,66,63,60.0,76.0,0
0,0.0,0.0,0.0,0.0,0.0,62.0,86.0,89.0,86.0,48.0,50.0,0.0,75.0,77.0,0,66,63,57.0,79.0,0
0,0.0,0.0,0.0,0.0,0.0,62.0,94.0,93.0,88.0,42.0,56.0,0.0,72.0,74.0,0,64,67,50.0,78.0,0
0,0.0,0.0,0.0,0.0,0.0,61.0,88.0,90.0,87.0,66.0,48.0,0.0,83.0,77.0,0,58,57,72.0,83.0,0
0,0.0,0.0,0.0,0.0,0.0,61.0,90.0,94.0,91.0,61.0,55.0,0.0,68.0,69.0,0,62,65,55.0,89.0,0
0,0.0,0.0,0.0,0.0,0.0,61.0,90.0,91.0,85.0,66.0,50.0,0.0,74.0,77.0,0,56,56,73.0,89.0,0
0,0.0,0.0,0.0,0.0,0.0,61.0,94.0,94.0,91.0,53.0,52.0,0.0,65.0,63.0,0,67,71,51.0,86.0,0
0,0.0,0.0,0.0,0.0,0.0,61.0,90.0,91.0,89.0,67.0,47.0,0.0,80.0,78.0,0,62,60,68.0,81.0,0
0,0.0,0.0,0.0,0.0,0.0,61.0,90.0,92.0,87.0,68.0,54.0,0.0,73.0,77.0,0,63,60,58.0,84.0,0
0,0.0,0.0,0.0,0.0,0.0,61.0,87.0,87.0,84.0,71.0,58.0,0.0,78.0,73.0,0,67,60,64.0,90.0,0
0,0.0,0.0,0.0,0.0,0.0,61.0,86.0,88.0,86.0,58.0,50.0,0.0,77.0,73.0,0,68,67,55.0,86.0,0
0,0.0,0.0,0.0,0.0,0.0,61.0,88.0,89.0,85.0,57.0,50.0,0.0,81.0,76.0,0,65,61,63.0,75.0,0
0,0.0,0.0,0.0,0.0,0.0,61.0,86.0,89.0,86.0,59.0,50.0,0.0,73.0,74.0,0,69,63,70.0,73.0,0
0,0.0,0.0,0.0,0.0,0.0,61.0,90.0,92.0,86.0,64.0,45.0,0.0,73.0,74.0,0,70,64,70.0,86.0,0
0,0.0,0.0,0.0,0.0,0.0,60.0,92.0,91.0,89.0,57.0,58.0,0.0,74.0,74.0,0,57,59,55.0,90.0,0
0,0.0,0.0,0.0,0.0,0.0,60.0,84.0,87.0,85.0,67.0,50.0,0.0,80.0,77.0,0,62,61,64.0,77.0,0
0,0.0,0.0,0.0,0.0,0.0,60.0,89.0,92.0,88.0,66.0,49.0,0.0,79.0,76.0,0,60,59,65.0,83.0,0
0,0.0,0.0,0.0,0.0,0.0,60.0,86.0,82.0,86.0,63.0,42.0,0.0,73.0,74.0,0,69,69,70.0,85.0,0
0,0.0,0.0,20.0,0.0,0.0,60.0,89.0,92.0,82.0,54.0,59.0,0.0,77.0,73.0,0,60,63,58.0,92.0,0
0,0.0,0.0,0.0,0.0,0.0,59.0,85.0,89.0,91.0,54.0,53.0,0.0,86.0,76.0,0,58,55,57.0,85.0,0
0,0.0,0.0,0.0,0.0,0.0,59.0,88.0,90.0,89.0,49.0,54.0,0.0,77.0,74.0,0,62,61,46.0,88.0,0
0,0.0,0.0,0.0,0.0,0.0,58.0,85.0,90.0,83.0,53.0,55.0,0.0,73.0,74.0,0,60,57,61.0,85.0,0
0,0.0,0.0,0.0,0.0,0.0,58.0,87.0,91.0,92.0,64.0,47.0,0.0,77.0,76.0,0,58,57,63.0,87.0,0
0,0.0,0.0,0.0,0.0,0.0,58.0,88.0,91.0,81.0,59.0,56.0,0.0,78.0,75.0,0,54,50,64.0,80.0,0
0,0.0,0.0,0.0,0.0,0.0,58.0,85.0,89.0,86.0,53.0,50.0,0.0,76.0,77.0,0,53,51,68.0,94.0,0
0,0.0,0.0,0.0,0.0,0.0,57.0,87.0,88.0,84.0,70.0,52.0,0.0,70.0,69.0,0,60,57,62.0,93.0,0
0,0.0,0.0,0.0,0.0,0.0,55.0,89.0,90.0,88.0,53.0,49.0,0.0,74.0,70.0,0,55,56,48.0,91.0,0
0,0.0,0.0,0.0,0.0,0.0,55.0,93.0,90.0,85.0,42.0,53.0,0.0,68.0,70.0,0,53,57,50.0,86.0,0
0,0.0,0.0,82.0,3.0,5.0,99.0,92.0,93.0,92.0,78.0,99.0,99.0,99.0,99.0,96,95,91,99.0,99.0,0
0,0.0,0.0,101.0,2.0,7.0,98.0,92.0,91.0,95.0,78.0,98.0,95.0,98.0,97.0,98,97,92,98.0,97.0,0
0,0.0,0.0,0.0,0.0,0.0,98.0,92.0,93.0,98.0,55.0,99.0,99.0,98.0,98.0,95,94,93,93.0,89.0,0
0,0.0,0.0,92.0,4.0,7.0,98.0,92.0,93.0,98.0,55.0,99.0,99.0,98.0,98.0,95,94,93,93.0,89.0,0
0,0.0,0.0,0.0,0.0,0.0,96.0,94.0,94.0,98.0,53.0,93.0,96.0,99.0,91.0,96,96,94,92.0,96.0,0
0,0.0,0.0,0.0,0.0,0.0,95.0,89.0,92.0,91.0,75.0,98.0,98.0,94.0,95.0,95,94,89,92.0,90.0,0
0,0.0,0.0,60.0,2.0,3.0,95.0,89.0,92.0,91.0,75.0,98.0,98.0,94.0,95.0,95,94,89,92.0,90.0,0
0,0.0,0.0,97.0,5.0,8.0,94.0,99.0,99.0,98.0,64.0,85.0,90.0,88.0,90.0,90,88,96,91.0,93.0,0
0,0.0,0.0,0.0,0.0,0.0,94.0,90.0,93.0,93.0,67.0,97.0,96.0,96.0,91.0,94,93,89,94.0,91.0,0
0,0.0,0.0,85.0,1.0,4.0,93.0,91.0,93.0,93.0,62.0,95.0,97.0,95.0,91.0,93,92,89,89.0,89.0,0
0,0.0,0.0,89.0,3.0,6.0,92.0,89.0,92.0,90.0,63.0,96.0,93.0,91.0,94.0,93,92,88,96.0,93.0,0
0,0.0,0.0,24.0,0.0,0.0,91.0,89.0,91.0,86.0,79.0,95.0,88.0,96.0,97.0,84,88,86,95.0,95.0,0
0,0.0,0.0,1.0,0.0,0.0,91.0,89.0,91.0,86.0,79.0,95.0,88.0,96.0,97.0,84,88,86,95.0,95.0,0
0,0.0,0.0,79.0,0.0,6.0,91.0,89.0,91.0,86.0,79.0,95.0,88.0,96.0,97.0,84,88,86,95.0,95.0,0
0,0.0,0.0,72.0,0.0,4.0,91.0,93.0,91.0,95.0,46.0,96.0,93.0,87.0,86.0,92,91,91,83.0,86.0,0
0,0.0,0.0,77.0,0.0,7.0,90.0,90.0,89.0,92.0,72.0,90.0,90.0,97.0,96.0,92,90,90,88.0,96.0,0
0,0.0,0.0,77.0,0.0,6.0,89.0,87.0,91.0,92.0,69.0,93.0,95.0,90.0,95.0,91,89,85,95.0,91.0,0
0,0.0,0.0,66.0,0.0,5.0,89.0,92.0,90.0,96.0,68.0,91.0,91.0,89.0,87.0,89,90,88,90.0,89.0,0
0,0.0,0.0,61.0,0.0,0.0,89.0,86.0,91.0,91.0,68.0,96.0,88.0,88.0,87.0,97,91,83,86.0,84.0,0
0,0.0,0.0,63.0,0.0,2.0,88.0,89.0,92.0,93.0,43.0,93.0,92.0,90.0,88.0,91,89,89,84.0,92.0,0
0,0.0,0.0,41.0,0.0,1.0,88.0,91.0,92.0,88.0,76.0,95.0,94.0,93.0,93.0,84,86,85,87.0,93.0,0
0,0.0,0.0,48.0,0.0,1.0,87.0,89.0,86.0,88.0,79.0,88.0,89.0,97.0,93.0,87,87,83,90.0,92.0,0
0,0.0,0.0,72.0,0.0,0.0,87.0,95.0,92.0,95.0,54.0,90.0,93.0,87.0,86.0,90,87,88,81.0,86.0,0
0,0.0,0.0,36.0,0.0,0.0,87.0,91.0,88.0,88.0,60.0,94.0,95.0,89.0,89.0,88,89,87,83.0,89.0,0
0,0.0,0.0,0.0,0.0,0.0,87.0,91.0,88.0,88.0,60.0,94.0,95.0,89.0,89.0,88,89,87,83.0,89.0,0
0,0.0,0.0,1.0,0.0,0.0,87.0,91.0,88.0,88.0,60.0,94.0,95.0,89.0,89.0,88,89,87,83.0,89.0,0
0,0.0,0.0,59.0,0.0,0.0,87.0,91.0,88.0,88.0,60.0,94.0,95.0,89.0,89.0,88,89,87,83.0,89.0,0
0,0.0,0.0,67.0,1.0,1.0,87.0,93.0,92.0,97.0,50.0,92.0,92.0,83.0,86.0,84,87,88,77.0,85.0,0
0,0.0,0.0,0.0,0.0,0.0,86.0,90.0,93.0,89.0,70.0,90.0,89.0,94.0,89.0,88,85,82,91.0,92.0,0
0,0.0,0.0,48.0,0.0,1.0,86.0,90.0,93.0,89.0,70.0,90.0,89.0,94.0,89.0,88,85,82,91.0,92.0,0
0,0.0,0.0,0.0,0.0,0.0,86.0,90.0,91.0,89.0,71.0,91.0,87.0,95.0,88.0,81,88,90,84.0,91.0,0
0,0.0,0.0,75.0,0.0,3.0,85.0,93.0,92.0,95.0,47.0,84.0,90.0,86.0,82.0,82,85,90,76.0,87.0,0
0,0.0,0.0,0.0,0.0,0.0,85.0,90.0,91.0,96.0,62.0,89.0,88.0,88.0,88.0,89,86,82,83.0,91.0,0
0,0.0,0.0,56.0,0.0,5.0,84.0,89.0,91.0,92.0,66.0,86.0,91.0,91.0,88.0,87,85,81,85.0,88.0,0
0,0.0,0.0,93.0,1.0,11.0,84.0,83.0,86.0,85.0,74.0,97.0,91.0,93.0,92.0,85,81,78,82.0,93.0,0
0,0.0,0.0,35.0,0.0,0.0,84.0,92.0,92.0,85.0,60.0,92.0,88.0,86.0,83.0,83,86,87,83.0,86.0,0
0,0.0,0.0,60.0,1.0,1.0,84.0,88.0,91.0,94.0,65.0,90.0,89.0,86.0,84.0,86,87,82,78.0,76.0,0
0,0.0,0.0,48.0,0.0,0.0,83.0,89.0,92.0,87.0,63.0,91.0,94.0,87.0,86.0,86,85,80,80.0,88.0,0
0,0.0,0.0,0.0,0.0,0.0,83.0,87.0,89.0,92.0,61.0,89.0,90.0,83.0,85.0,89,86,78,75.0,90.0,0
0,0.0,0.0,36.0,0.0,0.0,83.0,91.0,91.0,93.0,65.0,88.0,88.0,87.0,85.0,86,83,85,78.0,87.0,0
0,0.0,0.0,24.0,0.0,0.0,83.0,96.0,96.0,92.0,42.0,87.0,86.0,84.0,79.0,83,85,87,77.0,95.0,0
0,0.0,0.0,27.0,0.0,1.0,83.0,90.0,90.0,88.0,73.0,90.0,90.0,91.0,89.0,85,83,81,83.0,88.0,0
0,0.0,0.0,0.0,0.0,0.0,83.0,91.0,90.0,89.0,69.0,87.0,86.0,89.0,85.0,84,86,86,86.0,86.0,0
0,0.0,0.0,0.0,0.0,0.0,83.0,92.0,93.0,95.0,70.0,86.0,84.0,88.0,92.0,81,84,84,79.0,93.0,0
0,0.0,0.0,0.0,0.0,0.0,82.0,94.0,95.0,92.0,58.0,88.0,89.0,85.0,82.0,85,83,81,73.0,94.0,0
0,0.0,0.0,43.0,0.0,0.0,82.0,91.0,91.0,88.0,67.0,88.0,87.0,87.0,83.0,83,85,83,82.0,87.0,0
0,0.0,0.0,0.0,0.0,0.0,82.0,87.0,88.0,87.0,75.0,91.0,92.0,89.0,85.0,88,85,79,81.0,88.0,0
0,0.0,0.0,0.0,0.0,0.0,82.0,94.0,90.0,84.0,59.0,88.0,89.0,88.0,82.0,82,83,86,82.0,86.0,0
0,0.0,0.0,69.0,0.0,5.0,82.0,90.0,89.0,89.0,75.0,86.0,83.0,92.0,87.0,85,84,81,86.0,90.0,0
0,0.0,0.0,31.0,0.0,0.0,82.0,90.0,91.0,91.0,72.0,84.0,88.0,87.0,84.0,83,83,83,85.0,92.0,0
0,0.0,0.0,0.0,0.0,0.0,82.0,95.0,93.0,87.0,57.0,85.0,87.0,84.0,82.0,81,83,85,77.0,86.0,0
0,0.0,0.0,51.0,0.0,1.0,81.0,91.0,92.0,87.0,72.0,86.0,89.0,85.0,84.0,82,84,81,81.0,87.0,0
0,0.0,0.0,0.0,0.0,0.0,81.0,89.0,87.0,84.0,75.0,84.0,88.0,93.0,88.0,82,83,79,84.0,83.0,0
0,0.0,0.0,38.0,0.0,0.0,81.0,89.0,87.0,84.0,75.0,84.0,88.0,93.0,88.0,82,83,79,84.0,83.0,0
0,0.0,0.0,0.0,0.0,0.0,81.0,89.0,87.0,84.0,75.0,84.0,88.0,93.0,88.0,82,83,79,84.0,83.0,0
0,0.0,0.0,0.0,0.0,0.0,81.0,89.0,87.0,84.0,75.0,84.0,88.0,93.0,88.0,82,83,79,84.0,83.0,0
0,0.0,0.0,3.0,0.0,0.0,81.0,89.0,87.0,84.0,75.0,84.0,88.0,93.0,88.0,82,83,79,84.0,83.0,0
0,0.0,0.0,0.0,0.0,0.0,81.0,89.0,87.0,84.0,75.0,84.0,88.0,93.0,88.0,82,83,79,84.0,83.0,0
0,0.0,0.0,0.0,0.0,0.0,81.0,89.0,87.0,84.0,75.0,84.0,88.0,93.0,88.0,82,83,79,84.0,83.0,0
0,0.0,0.0,2.0,0.0,0.0,81.0,89.0,87.0,84.0,75.0,84.0,88.0,93.0,88.0,82,83,79,84.0,83.0,0
0,0.0,0.0,24.0,0.0,0.0,81.0,89.0,87.0,84.0,75.0,84.0,88.0,93.0,88.0,82,83,79,84.0,83.0,0
0,0.0,0.0,12.0,0.0,0.0,81.0,89.0,87.0,84.0,75.0,84.0,88.0,93.0,88.0,82,83,79,84.0,83.0,0
0,0.0,0.0,25.0,0.0,0.0,81.0,89.0,87.0,84.0,75.0,84.0,88.0,93.0,88.0,82,83,79,84.0,83.0,0
0,0.0,0.0,38.0,0.0,0.0,81.0,89.0,87.0,84.0,75.0,84.0,88.0,93.0,88.0,82,83,79,84.0,83.0,0
0,0.0,0.0,30.0,0.0,0.0,81.0,90.0,91.0,93.0,68.0,87.0,87.0,85.0,84.0,86,84,82,79.0,92.0,0
0,0.0,0.0,0.0,0.0,0.0,81.0,84.0,89.0,86.0,52.0,87.0,91.0,86.0,86.0,87,84,78,81.0,76.0,0
0,0.0,0.0,6.0,0.0,0.0,81.0,93.0,93.0,92.0,66.0,80.0,86.0,88.0,85.0,84,81,82,74.0,93.0,0
0,0.0,0.0,56.0,0.0,0.0,81.0,93.0,93.0,92.0,66.0,80.0,86.0,88.0,85.0,84,81,82,74.0,93.0,0
0,0.0,0.0,0.0,0.0,0.0,81.0,93.0,91.0,85.0,51.0,82.0,87.0,88.0,84.0,83,84,86,79.0,90.0,0
0,0.0,0.0,20.0,0.0,0.0,80.0,88.0,90.0,84.0,74.0,86.0,86.0,88.0,85.0,82,83,79,87.0,91.0,0
0,0.0,0.0,64.0,0.0,1.0,80.0,90.0,91.0,91.0,57.0,82.0,87.0,84.0,83.0,85,82,78,80.0,84.0,0
0,0.0,0.0,10.0,0.0,0.0,80.0,91.0,92.0,95.0,50.0,77.0,86.0,86.0,79.0,83,85,82,82.0,94.0,0
0,0.0,0.0,17.0,0.0,0.0,80.0,89.0,90.0,92.0,54.0,85.0,86.0,86.0,83.0,84,84,82,78.0,90.0,0
0,0.0,0.0,0.0,0.0,0.0,80.0,92.0,92.0,93.0,45.0,80.0,85.0,83.0,78.0,82,84,87,74.0,87.0,0
0,0.0,0.0,43.0,0.0,0.0,79.0,94.0,90.0,88.0,41.0,86.0,81.0,85.0,77.0,80,83,85,74.0,91.0,0
0,0.0,0.0,0.0,0.0,0.0,79.0,94.0,90.0,88.0,41.0,86.0,81.0,85.0,77.0,80,83,85,74.0,91.0,0
0,0.0,0.0,36.0,0.0,0.0,79.0,94.0,90.0,88.0,41.0,86.0,81.0,85.0,77.0,80,83,85,74.0,91.0,0
0,0.0,0.0,25.0,0.0,0.0,79.0,92.0,91.0,94.0,38.0,80.0,81.0,84.0,82.0,78,82,84,74.0,90.0,0
0,0.0,0.0,36.0,0.0,0.0,79.0,91.0,91.0,88.0,71.0,81.0,86.0,89.0,86.0,81,81,79,82.0,90.0,0
0,0.0,0.0,0.0,0.0,0.0,79.0,91.0,91.0,89.0,55.0,89.0,87.0,80.0,82.0,83,80,74,76.0,88.0,0
0,0.0,0.0,40.0,0.0,0.0,79.0,93.0,93.0,95.0,59.0,77.0,80.0,83.0,79.0,82,83,84,78.0,76.0,0
0,0.0,0.0,14.0,0.0,0.0,79.0,93.0,92.0,94.0,57.0,84.0,83.0,83.0,82.0,84,82,76,76.0,83.0,0
0,0.0,0.0,33.0,0.0,0.0,79.0,91.0,92.0,95.0,58.0,80.0,85.0,80.0,84.0,83,81,78,76.0,88.0,0
0,0.0,0.0,13.0,0.0,0.0,79.0,89.0,91.0,89.0,69.0,85.0,83.0,85.0,82.0,85,83,80,80.0,88.0,0
0,0.0,0.0,0.0,0.0,0.0,79.0,89.0,92.0,91.0,65.0,74.0,88.0,86.0,84.0,83,82,81,80.0,90.0,0
0,0.0,0.0,25.0,0.0,0.0,78.0,90.0,91.0,88.0,77.0,85.0,87.0,90.0,85.0,79,78,73,75.0,87.0,0
0,0.0,0.0,30.0,0.0,0.0,78.0,90.0,91.0,88.0,68.0,82.0,83.0,85.0,80.0,82,80,83,79.0,86.0,0
0,0.0,0.0,0.0,0.0,0.0,78.0,90.0,93.0,85.0,60.0,80.0,86.0,86.0,84.0,78,79,80,78.0,90.0,0
0,0.0,0.0,29.0,0.0,0.0,78.0,95.0,93.0,90.0,64.0,83.0,83.0,81.0,82.0,80,79,77,74.0,88.0,0
0,0.0,0.0,0.0,0.0,0.0,78.0,89.0,94.0,86.0,64.0,87.0,84.0,79.0,83.0,81,82,77,76.0,86.0,0
0,0.0,0.0,0.0,0.0,0.0,78.0,88.0,89.0,87.0,65.0,86.0,89.0,80.0,82.0,85,82,74,74.0,83.0,0
0,0.0,0.0,6.0,0.0,0.0,78.0,92.0,94.0,93.0,62.0,78.0,81.0,86.0,77.0,81,79,78,82.0,90.0,0
0,0.0,0.0,0.0,0.0,0.0,77.0,89.0,91.0,90.0,67.0,80.0,80.0,88.0,84.0,80,81,80,79.0,86.0,0
0,0.0,0.0,0.0,0.0,0.0,77.0,88.0,89.0,88.0,71.0,81.0,89.0,84.0,85.0,79,80,79,79.0,87.0,0
0,0.0,0.0,37.0,0.0,0.0,77.0,89.0,91.0,89.0,62.0,84.0,84.0,85.0,81.0,81,81,77,77.0,92.0,0
0,0.0,0.0,16.0,0.0,0.0,77.0,95.0,91.0,91.0,64.0,81.0,85.0,84.0,82.0,79,77,77,67.0,89.0,0
0,0.0,0.0,0.0,0.0,0.0,77.0,88.0,91.0,92.0,54.0,81.0,84.0,84.0,80.0,83,84,80,73.0,86.0,0
0,0.0,0.0,10.0,0.0,0.0,77.0,88.0,91.0,92.0,54.0,81.0,84.0,84.0,80.0,83,84,80,73.0,86.0,0
0,0.0,0.0,34.0,0.0,0.0,77.0,97.0,95.0,96.0,44.0,72.0,81.0,82.0,77.0,79,79,81,68.0,85.0,0
0,0.0,0.0,0.0,0.0,0.0,77.0,90.0,92.0,91.0,56.0,83.0,82.0,85.0,82.0,82,81,77,71.0,83.0,0
0,0.0,0.0,9.0,0.0,0.0,77.0,89.0,90.0,88.0,71.0,84.0,85.0,89.0,85.0,78,79,78,73.0,95.0,0
0,0.0,0.0,39.0,0.0,1.0,76.0,89.0,92.0,92.0,73.0,73.0,79.0,89.0,86.0,78,76,71,78.0,89.0,0
0,0.0,0.0,41.0,0.0,0.0,76.0,91.0,92.0,90.0,65.0,75.0,83.0,81.0,81.0,82,80,79,67.0,85.0,0
0,0.0,0.0,0.0,0.0,0.0,76.0,87.0,90.0,80.0,74.0,82.0,85.0,85.0,85.0,80,81,77,80.0,86.0,0
0,0.0,0.0,51.0,0.0,2.0,76.0,95.0,93.0,81.0,77.0,62.0,80.0,88.0,86.0,73,70,71,82.0,94.0,0
0,0.0,0.0,15.0,0.0,0.0,76.0,91.0,89.0,83.0,77.0,83.0,85.0,88.0,84.0,76,77,77,78.0,87.0,0
0,0.0,0.0,74.0,0.0,5.0,75.0,89.0,90.0,93.0,68.0,73.0,82.0,85.0,81.0,82,81,76,76.0,92.0,0
0,0.0,0.0,12.0,0.0,0.0,75.0,89.0,90.0,93.0,68.0,73.0,82.0,85.0,81.0,82,81,76,76.0,92.0,0
0,0.0,0.0,42.0,4.0,4.0,75.0,91.0,92.0,97.0,65.0,72.0,83.0,85.0,77.0,76,74,78,72.0,88.0,0
0,0.0,0.0,5.0,0.0,0.0,75.0,92.0,93.0,87.0,50.0,76.0,79.0,83.0,77.0,76,78,83,70.0,82.0,0
0,0.0,0.0,14.0,0.0,1.0,75.0,96.0,95.0,91.0,62.0,77.0,83.0,77.0,73.0,79,76,80,63.0,88.0,0
0,0.0,0.0,0.0,0.0,0.0,75.0,88.0,91.0,93.0,65.0,84.0,82.0,79.0,80.0,78,77,74,77.0,86.0,0
0,0.0,0.0,23.0,0.0,0.0,75.0,89.0,90.0,86.0,70.0,81.0,85.0,85.0,82.0,81,80,79,75.0,86.0,0
0,0.0,0.0,23.0,0.0,0.0,75.0,92.0,91.0,84.0,69.0,81.0,82.0,83.0,81.0,76,77,75,80.0,98.0,0
0,0.0,0.0,24.0,0.0,0.0,75.0,90.0,90.0,88.0,42.0,82.0,82.0,82.0,80.0,78,79,80,61.0,90.0,0
0,0.0,0.0,25.0,0.0,0.0,75.0,88.0,88.0,86.0,62.0,79.0,85.0,87.0,83.0,78,80,80,73.0,88.0,0
0,0.0,0.0,18.0,0.0,0.0,75.0,91.0,91.0,84.0,63.0,78.0,83.0,84.0,78.0,77,78,79,78.0,91.0,0
0,0.0,0.0,32.0,0.0,0.0,75.0,90.0,89.0,85.0,68.0,65.0,83.0,89.0,82.0,79,80,84,78.0,84.0,0
0,0.0,0.0,11.0,0.0,0.0,75.0,90.0,89.0,85.0,68.0,65.0,83.0,89.0,82.0,79,80,84,78.0,84.0,0
0,0.0,0.0,12.0,0.0,0.0,75.0,88.0,91.0,92.0,66.0,78.0,84.0,85.0,79.0,79,80,78,75.0,82.0,0
0,0.0,0.0,0.0,0.0,0.0,74.0,97.0,95.0,93.0,51.0,66.0,79.0,77.0,75.0,77,75,80,71.0,88.0,0
0,0.0,0.0,25.0,0.0,0.0,74.0,88.0,91.0,92.0,60.0,79.0,80.0,83.0,78.0,75,74,79,77.0,85.0,0
0,0.0,0.0,0.0,0.0,0.0,74.0,89.0,93.0,90.0,58.0,82.0,80.0,80.0,78.0,78,79,73,68.0,85.0,0
0,0.0,0.0,7.0,0.0,0.0,74.0,88.0,90.0,92.0,62.0,68.0,85.0,83.0,81.0,81,79,76,65.0,80.0,0
0,0.0,0.0,0.0,0.0,0.0,74.0,88.0,88.0,83.0,68.0,83.0,83.0,83.0,79.0,80,79,77,79.0,86.0,0
0,0.0,0.0,7.0,0.0,0.0,74.0,88.0,88.0,83.0,75.0,71.0,84.0,86.0,83.0,74,71,70,78.0,92.0,0
0,0.0,0.0,0.0,0.0,0.0,74.0,87.0,87.0,92.0,60.0,82.0,83.0,83.0,80.0,79,80,76,77.0,85.0,0
0,0.0,0.0,15.0,0.0,0.0,74.0,89.0,90.0,85.0,67.0,76.0,83.0,84.0,83.0,79,78,76,76.0,89.0,0
0,0.0,0.0,3.0,0.0,0.0,74.0,90.0,92.0,93.0,60.0,74.0,82.0,82.0,79.0,83,78,72,68.0,80.0,0
0,0.0,0.0,6.0,0.0,0.0,73.0,88.0,90.0,88.0,64.0,74.0,82.0,83.0,82.0,78,79,75,75.0,83.0,0
0,0.0,0.0,13.0,0.0,0.0,73.0,86.0,89.0,82.0,66.0,80.0,83.0,82.0,81.0,79,79,79,72.0,84.0,0
0,0.0,0.0,26.0,0.0,0.0,73.0,94.0,93.0,93.0,52.0,82.0,81.0,73.0,70.0,77,76,73,67.0,78.0,0
0,0.0,0.0,0.0,0.0,0.0,73.0,89.0,90.0,78.0,74.0,73.0,82.0,89.0,87.0,68,69,68,73.0,90.0,0
0,0.0,0.0,8.0,0.0,0.0,73.0,87.0,90.0,90.0,63.0,74.0,83.0,85.0,84.0,77,75,73,62.0,87.0,0
0,0.0,0.0,6.0,0.0,0.0,73.0,90.0,90.0,87.0,73.0,73.0,79.0,86.0,87.0,69,72,67,79.0,92.0,0
0,0.0,0.0,0.0,0.0,0.0,73.0,90.0,90.0,88.0,74.0,71.0,83.0,86.0,80.0,75,77,72,78.0,88.0,0
0,0.0,0.0,28.0,0.0,0.0,73.0,93.0,91.0,88.0,63.0,72.0,81.0,84.0,80.0,74,76,77,73.0,75.0,0
0,0.0,0.0,12.0,0.0,0.0,73.0,91.0,90.0,92.0,40.0,74.0,80.0,83.0,75.0,77,78,84,58.0,90.0,0
0,0.0,0.0,0.0,0.0,0.0,73.0,89.0,89.0,87.0,67.0,68.0,85.0,87.0,84.0,76,77,73,76.0,90.0,0
0,0.0,0.0,0.0,0.0,0.0,73.0,87.0,90.0,91.0,62.0,71.0,87.0,83.0,79.0,81,78,73,65.0,83.0,0
0,0.0,0.0,7.0,0.0,0.0,73.0,92.0,90.0,88.0,59.0,73.0,82.0,78.0,75.0,79,75,82,70.0,83.0,0
0,0.0,0.0,0.0,0.0,0.0,72.0,93.0,91.0,87.0,55.0,75.0,82.0,79.0,78.0,70,75,77,70.0,81.0,0
0,0.0,0.0,0.0,0.0,0.0,72.0,86.0,88.0,85.0,67.0,75.0,82.0,87.0,83.0,75,77,73,81.0,87.0,0
0,0.0,0.0,15.0,0.0,0.0,72.0,95.0,92.0,86.0,68.0,69.0,81.0,86.0,74.0,70,72,76,76.0,87.0,0
0,0.0,0.0,0.0,0.0,0.0,72.0,88.0,87.0,82.0,73.0,67.0,78.0,87.0,84.0,77,76,73,78.0,87.0,0
0,0.0,0.0,4.0,0.0,0.0,72.0,95.0,93.0,88.0,57.0,66.0,82.0,81.0,78.0,78,78,77,60.0,87.0,0
0,0.0,0.0,3.0,0.0,0.0,72.0,92.0,91.0,88.0,71.0,69.0,81.0,83.0,81.0,71,74,71,81.0,87.0,0
0,0.0,0.0,6.0,0.0,0.0,72.0,92.0,92.0,91.0,63.0,60.0,80.0,85.0,79.0,74,76,77,74.0,92.0,0
0,0.0,0.0,0.0,0.0,0.0,72.0,89.0,90.0,87.0,45.0,81.0,81.0,75.0,79.0,73,75,71,75.0,90.0,0
0,0.0,0.0,0.0,0.0,0.0,72.0,88.0,88.0,89.0,66.0,78.0,82.0,83.0,79.0,79,78,76,73.0,87.0,0
0,0.0,0.0,13.0,0.0,0.0,72.0,90.0,90.0,91.0,58.0,79.0,81.0,82.0,79.0,75,77,74,67.0,88.0,0
0,0.0,0.0,66.0,0.0,3.0,72.0,89.0,91.0,84.0,66.0,72.0,83.0,78.0,82.0,79,77,71,61.0,86.0,0
0,0.0,0.0,8.0,0.0,0.0,72.0,87.0,88.0,85.0,73.0,77.0,81.0,87.0,80.0,76,74,70,71.0,92.0,0
0,0.0,0.0,15.0,0.0,0.0,71.0,92.0,93.0,94.0,53.0,65.0,81.0,76.0,73.0,74,72,74,73.0,86.0,0
0,0.0,0.0,2.0,0.0,0.0,71.0,91.0,90.0,78.0,72.0,62.0,84.0,85.0,81.0,66,68,66,81.0,93.0,0
0,0.0,0.0,0.0,0.0,0.0,71.0,96.0,94.0,94.0,48.0,73.0,76.0,75.0,72.0,73,74,77,60.0,92.0,0
0,0.0,0.0,9.0,0.0,0.0,71.0,94.0,93.0,90.0,56.0,67.0,82.0,79.0,78.0,75,72,75,63.0,89.0,0
0,0.0,0.0,9.0,0.0,0.0,71.0,91.0,90.0,89.0,62.0,66.0,81.0,86.0,80.0,72,73,75,76.0,93.0,0
0,0.0,0.0,17.0,0.0,0.0,71.0,90.0,90.0,85.0,63.0,78.0,84.0,81.0,77.0,74,71,75,69.0,85.0,0
0,0.0,0.0,47.0,1.0,1.0,71.0,91.0,90.0,87.0,70.0,68.0,83.0,85.0,82.0,76,75,74,70.0,92.0,0
0,0.0,0.0,0.0,0.0,0.0,71.0,89.0,89.0,85.0,70.0,80.0,81.0,84.0,76.0,73,75,71,77.0,86.0,0
0,0.0,0.0,0.0,0.0,0.0,71.0,94.0,93.0,85.0,59.0,70.0,78.0,81.0,75.0,70,73,77,68.0,93.0,0
0,0.0,0.0,0.0,0.0,0.0,71.0,87.0,89.0,87.0,63.0,78.0,87.0,85.0,79.0,75,73,71,70.0,86.0,0
0,0.0,0.0,6.0,0.0,0.0,71.0,92.0,90.0,89.0,65.0,63.0,84.0,86.0,83.0,73,72,70,72.0,96.0,0
0,0.0,0.0,0.0,0.0,0.0,70.0,88.0,90.0,91.0,64.0,79.0,82.0,74.0,77.0,75,75,69,59.0,82.0,0
0,0.0,0.0,24.0,1.0,3.0,70.0,88.0,90.0,90.0,57.0,79.0,80.0,81.0,76.0,74,74,64,71.0,85.0,0
0,0.0,0.0,9.0,0.0,0.0,70.0,90.0,89.0,85.0,76.0,64.0,79.0,85.0,81.0,73,74,76,74.0,85.0,0
0,0.0,0.0,1.0,0.0,0.0,70.0,90.0,89.0,85.0,76.0,64.0,79.0,85.0,81.0,73,74,76,74.0,85.0,0
0,0.0,0.0,23.0,0.0,1.0,70.0,95.0,92.0,91.0,60.0,68.0,80.0,80.0,76.0,72,73,74,62.0,86.0,0
0,0.0,0.0,18.0,0.0,0.0,70.0,87.0,88.0,85.0,72.0,65.0,84.0,86.0,80.0,68,69,63,79.0,86.0,0
0,0.0,0.0,3.0,0.0,0.0,70.0,91.0,90.0,83.0,67.0,71.0,81.0,82.0,78.0,72,74,76,64.0,89.0,0
0,0.0,0.0,0.0,0.0,0.0,70.0,93.0,89.0,89.0,45.0,69.0,82.0,84.0,78.0,70,69,73,66.0,78.0,0
0,0.0,0.0,2.0,0.0,0.0,70.0,91.0,92.0,94.0,63.0,63.0,82.0,82.0,78.0,73,71,68,75.0,85.0,0
0,0.0,0.0,0.0,0.0,0.0,70.0,91.0,92.0,84.0,66.0,66.0,80.0,79.0,77.0,75,76,78,71.0,87.0,0
0,0.0,0.0,0.0,0.0,0.0,70.0,96.0,94.0,86.0,40.0,59.0,78.0,79.0,76.0,74,75,79,63.0,86.0,0
0,0.0,0.0,21.0,0.0,1.0,70.0,85.0,87.0,87.0,61.0,73.0,85.0,85.0,79.0,78,77,70,64.0,84.0,0
0,0.0,0.0,28.0,0.0,0.0,70.0,88.0,89.0,83.0,75.0,61.0,81.0,83.0,79.0,75,76,70,80.0,87.0,0
0,0.0,0.0,47.0,0.0,2.0,70.0,93.0,91.0,83.0,66.0,65.0,82.0,82.0,80.0,76,74,72,74.0,88.0,0
0,0.0,0.0,2.0,0.0,0.0,70.0,87.0,91.0,85.0,60.0,66.0,85.0,76.0,81.0,76,77,70,69.0,81.0,0
0,0.0,0.0,1.0,0.0,0.0,69.0,86.0,90.0,79.0,64.0,69.0,83.0,85.0,81.0,77,76,74,72.0,77.0,0
0,0.0,0.0,3.0,0.0,0.0,69.0,91.0,92.0,88.0,63.0,73.0,78.0,83.0,77.0,66,67,68,76.0,87.0,0
0,0.0,0.0,5.0,0.0,0.0,69.0,85.0,87.0,78.0,69.0,59.0,80.0,87.0,83.0,73,70,67,80.0,80.0,0
0,0.0,0.0,4.0,0.0,0.0,69.0,93.0,92.0,86.0,59.0,62.0,81.0,82.0,79.0,74,72,74,65.0,90.0,0
0,0.0,0.0,0.0,0.0,0.0,69.0,91.0,90.0,87.0,54.0,76.0,83.0,77.0,78.0,73,71,69,68.0,79.0,0
0,0.0,0.0,0.0,0.0,0.0,69.0,86.0,91.0,93.0,65.0,51.0,82.0,88.0,80.0,77,71,73,68.0,94.0,0
0,0.0,0.0,22.0,0.0,0.0,69.0,88.0,90.0,86.0,51.0,57.0,81.0,81.0,84.0,79,76,73,61.0,88.0,0
0,0.0,0.0,13.0,0.0,0.0,69.0,89.0,90.0,83.0,64.0,61.0,83.0,83.0,78.0,72,70,66,77.0,93.0,0
0,0.0,0.0,6.0,0.0,0.0,69.0,89.0,90.0,83.0,64.0,61.0,83.0,83.0,78.0,72,70,66,77.0,93.0,0
0,0.0,0.0,39.0,0.0,0.0,69.0,89.0,90.0,83.0,64.0,61.0,83.0,83.0,78.0,72,70,66,77.0,93.0,0
0,0.0,0.0,47.0,0.0,0.0,69.0,89.0,90.0,83.0,64.0,61.0,83.0,83.0,78.0,72,70,66,77.0,93.0,0
0,0.0,0.0,7.0,0.0,0.0,69.0,89.0,90.0,83.0,64.0,61.0,83.0,83.0,78.0,72,70,66,77.0,93.0,0
0,0.0,0.0,0.0,0.0,0.0,69.0,90.0,91.0,89.0,44.0,64.0,78.0,83.0,75.0,79,75,74,67.0,84.0,0
0,0.0,0.0,0.0,0.0,0.0,69.0,88.0,88.0,87.0,65.0,70.0,84.0,81.0,81.0,70,69,72,72.0,78.0,0
0,0.0,0.0,11.0,1.0,0.0,69.0,91.0,90.0,91.0,50.0,60.0,78.0,73.0,77.0,80,77,71,67.0,86.0,0
0,0.0,0.0,2.0,0.0,0.0,69.0,86.0,88.0,81.0,67.0,67.0,82.0,86.0,83.0,69,66,63,78.0,84.0,0
0,0.0,0.0,12.0,0.0,1.0,69.0,86.0,88.0,88.0,62.0,85.0,80.0,81.0,76.0,71,72,65,68.0,81.0,0
0,0.0,0.0,0.0,0.0,0.0,69.0,91.0,88.0,85.0,62.0,73.0,81.0,81.0,79.0,74,70,73,68.0,84.0,0
0,0.0,0.0,0.0,0.0,0.0,69.0,92.0,91.0,88.0,68.0,64.0,81.0,84.0,80.0,71,72,73,69.0,88.0,0
0,0.0,0.0,35.0,0.0,1.0,69.0,91.0,92.0,92.0,59.0,70.0,81.0,80.0,77.0,71,70,71,67.0,84.0,0
0,0.0,0.0,0.0,0.0,0.0,68.0,92.0,93.0,88.0,59.0,65.0,79.0,75.0,76.0,73,69,74,67.0,92.0,0
0,0.0,0.0,1.0,0.0,0.0,68.0,88.0,89.0,84.0,66.0,62.0,83.0,84.0,80.0,73,74,72,71.0,82.0,0
0,0.0,0.0,0.0,0.0,0.0,68.0,91.0,92.0,83.0,69.0,57.0,81.0,83.0,81.0,73,71,73,70.0,93.0,0
0,0.0,0.0,11.0,0.0,0.0,68.0,91.0,92.0,83.0,69.0,57.0,81.0,83.0,81.0,73,71,73,70.0,93.0,0
0,0.0,0.0,0.0,0.0,0.0,68.0,87.0,92.0,86.0,72.0,75.0,82.0,78.0,77.0,72,71,67,66.0,86.0,0
0,0.0,0.0,5.0,0.0,0.0,68.0,88.0,91.0,87.0,61.0,52.0,83.0,83.0,79.0,76,77,78,71.0,85.0,0
0,0.0,0.0,0.0,0.0,0.0,68.0,89.0,90.0,91.0,76.0,67.0,78.0,79.0,78.0,74,72,69,66.0,90.0,0
0,0.0,0.0,28.0,0.0,0.0,68.0,93.0,92.0,85.0,56.0,66.0,79.0,83.0,78.0,70,68,72,64.0,93.0,0
0,0.0,0.0,2.0,0.0,0.0,68.0,92.0,93.0,92.0,58.0,62.0,78.0,83.0,75.0,70,72,74,64.0,91.0,0
0,0.0,0.0,0.0,0.0,0.0,68.0,87.0,91.0,80.0,68.0,59.0,80.0,86.0,80.0,76,73,69,73.0,85.0,0
0,0.0,0.0,11.0,0.0,0.0,68.0,86.0,86.0,83.0,69.0,57.0,83.0,83.0,79.0,75,73,72,79.0,85.0,0
0,0.0,0.0,0.0,0.0,0.0,68.0,86.0,89.0,92.0,57.0,63.0,84.0,75.0,78.0,74,75,69,59.0,81.0,0
0,0.0,0.0,0.0,0.0,0.0,68.0,92.0,93.0,88.0,58.0,56.0,78.0,75.0,76.0,73,74,76,69.0,86.0,0
0,0.0,0.0,0.0,0.0,0.0,68.0,88.0,90.0,86.0,56.0,67.0,82.0,84.0,78.0,73,74,75,70.0,87.0,0
0,0.0,0.0,0.0,0.0,0.0,67.0,93.0,94.0,86.0,63.0,54.0,79.0,81.0,76.0,74,71,73,69.0,95.0,0
0,0.0,0.0,1.0,0.0,0.0,67.0,92.0,91.0,85.0,61.0,60.0,82.0,83.0,78.0,70,71,72,69.0,80.0,0
0,0.0,0.0,0.0,0.0,0.0,67.0,89.0,91.0,87.0,51.0,53.0,84.0,77.0,81.0,77,71,69,62.0,83.0,0
0,0.0,0.0,0.0,0.0,0.0,67.0,90.0,91.0,85.0,69.0,74.0,79.0,76.0,78.0,68,66,65,73.0,89.0,0
0,0.0,0.0,4.0,0.0,0.0,67.0,88.0,89.0,90.0,61.0,65.0,80.0,76.0,77.0,72,74,73,65.0,80.0,0
0,0.0,0.0,1.0,0.0,0.0,67.0,91.0,90.0,91.0,57.0,48.0,76.0,77.0,80.0,77,75,75,76.0,81.0,0
0,0.0,0.0,0.0,0.0,0.0,67.0,89.0,88.0,84.0,58.0,57.0,79.0,84.0,79.0,76,74,69,69.0,95.0,0
0,0.0,0.0,8.0,0.0,0.0,67.0,93.0,92.0,81.0,67.0,73.0,79.0,78.0,73.0,69,68,71,64.0,88.0,0
0,0.0,0.0,2.0,0.0,0.0,67.0,90.0,91.0,88.0,58.0,59.0,77.0,87.0,70.0,67,70,72,76.0,91.0,0
0,0.0,0.0,0.0,0.0,0.0,67.0,87.0,88.0,94.0,66.0,56.0,78.0,82.0,77.0,78,74,70,73.0,90.0,0
0,0.0,0.0,3.0,0.0,0.0,67.0,87.0,89.0,81.0,71.0,58.0,85.0,83.0,81.0,75,73,72,75.0,79.0,0
0,0.0,0.0,0.0,0.0,0.0,67.0,91.0,94.0,94.0,61.0,68.0,80.0,71.0,72.0,70,72,66,57.0,91.0,0
0,0.0,0.0,0.0,0.0,0.0,66.0,88.0,90.0,90.0,63.0,59.0,79.0,79.0,81.0,71,70,73,65.0,91.0,0
0,0.0,0.0,0.0,0.0,0.0,66.0,86.0,89.0,90.0,52.0,62.0,78.0,84.0,79.0,77,71,65,60.0,85.0,0
0,0.0,0.0,3.0,0.0,0.0,66.0,94.0,93.0,86.0,54.0,56.0,81.0,77.0,78.0,73,71,71,58.0,82.0,0
0,0.0,0.0,10.0,0.0,0.0,66.0,94.0,93.0,86.0,54.0,56.0,81.0,77.0,78.0,73,71,71,58.0,82.0,0
0,0.0,0.0,0.0,0.0,0.0,66.0,90.0,91.0,87.0,61.0,60.0,79.0,82.0,76.0,75,71,70,67.0,81.0,0
0,0.0,0.0,0.0,0.0,0.0,66.0,90.0,92.0,88.0,45.0,59.0,78.0,74.0,76.0,75,72,67,67.0,83.0,0
0,0.0,0.0,4.0,0.0,0.0,66.0,87.0,89.0,87.0,67.0,62.0,78.0,84.0,79.0,68,66,63,71.0,87.0,0
0,0.0,0.0,0.0,0.0,0.0,66.0,90.0,92.0,87.0,67.0,54.0,79.0,83.0,76.0,77,71,74,69.0,83.0,0
0,0.0,0.0,0.0,0.0,0.0,66.0,89.0,90.0,86.0,44.0,54.0,75.0,80.0,78.0,77,75,77,65.0,86.0,0
0,0.0,0.0,0.0,0.0,0.0,66.0,93.0,91.0,92.0,56.0,64.0,78.0,74.0,73.0,69,72,68,62.0,92.0,0
0,0.0,0.0,0.0,0.0,0.0,66.0,92.0,90.0,87.0,60.0,58.0,80.0,78.0,77.0,72,71,72,66.0,89.0,0
0,0.0,0.0,1.0,0.0,0.0,65.0,88.0,87.0,85.0,65.0,57.0,79.0,82.0,80.0,74,73,70,68.0,80.0,0
0,0.0,0.0,32.0,0.0,0.0,65.0,87.0,90.0,84.0,69.0,61.0,82.0,81.0,79.0,70,68,66,70.0,81.0,0
0,0.0,0.0,0.0,0.0,0.0,65.0,87.0,90.0,84.0,69.0,61.0,82.0,81.0,79.0,70,68,66,70.0,81.0,0
0,0.0,0.0,3.0,0.0,0.0,65.0,87.0,90.0,84.0,69.0,61.0,82.0,81.0,79.0,70,68,66,70.0,81.0,0
0,0.0,0.0,0.0,0.0,0.0,65.0,89.0,91.0,88.0,72.0,72.0,84.0,74.0,80.0,57,57,55,76.0,87.0,0
0,0.0,0.0,0.0,0.0,0.0,65.0,86.0,90.0,81.0,66.0,70.0,82.0,83.0,78.0,68,65,62,71.0,82.0,0
0,0.0,0.0,0.0,0.0,0.0,65.0,87.0,90.0,89.0,41.0,56.0,85.0,81.0,76.0,73,69,67,56.0,80.0,0
0,0.0,0.0,1.0,0.0,0.0,65.0,93.0,94.0,85.0,66.0,58.0,76.0,72.0,78.0,67,69,68,67.0,86.0,0
0,0.0,0.0,0.0,0.0,0.0,65.0,91.0,91.0,89.0,54.0,72.0,78.0,73.0,75.0,65,66,67,57.0,83.0,0
0,0.0,0.0,0.0,0.0,0.0,65.0,89.0,91.0,88.0,61.0,58.0,80.0,80.0,77.0,73,71,72,59.0,86.0,0
0,0.0,0.0,0.0,2.0,10.0,65.0,86.0,87.0,78.0,57.0,84.0,75.0,74.0,76.0,73,70,64,68.0,80.0,0
0,0.0,0.0,0.0,0.0,0.0,65.0,87.0,89.0,85.0,58.0,60.0,82.0,83.0,77.0,69,67,71,63.0,88.0,0
0,0.0,0.0,0.0,0.0,0.0,65.0,90.0,92.0,90.0,48.0,51.0,77.0,72.0,75.0,78,73,70,72.0,81.0,0
0,0.0,0.0,0.0,0.0,0.0,65.0,90.0,87.0,88.0,62.0,61.0,83.0,83.0,81.0,65,65,64,64.0,91.0,0
0,0.0,0.0,0.0,0.0,0.0,65.0,87.0,89.0,82.0,60.0,61.0,81.0,83.0,78.0,74,72,69,66.0,82.0,0
0,0.0,0.0,0.0,0.0,0.0,65.0,87.0,90.0,89.0,59.0,64.0,77.0,78.0,76.0,72,70,69,61.0,88.0,0
0,0.0,0.0,0.0,0.0,0.0,65.0,90.0,93.0,85.0,61.0,75.0,78.0,73.0,75.0,63,65,68,56.0,88.0,0
0,0.0,0.0,0.0,0.0,0.0,64.0,87.0,90.0,85.0,60.0,56.0,77.0,81.0,77.0,72,68,72,70.0,89.0,0
0,0.0,0.0,1.0,0.0,0.0,64.0,91.0,90.0,85.0,73.0,54.0,77.0,78.0,79.0,67,66,70,68.0,85.0,0
0,0.0,0.0,0.0,0.0,0.0,64.0,86.0,85.0,91.0,63.0,62.0,80.0,81.0,76.0,67,71,69,62.0,94.0,0
0,0.0,0.0,6.0,1.0,1.0,64.0,87.0,89.0,89.0,67.0,66.0,78.0,75.0,70.0,67,66,71,63.0,82.0,0
0,0.0,0.0,0.0,0.0,0.0,64.0,88.0,89.0,91.0,58.0,61.0,79.0,77.0,75.0,71,68,67,68.0,85.0,0
0,0.0,0.0,0.0,0.0,0.0,64.0,86.0,90.0,87.0,59.0,44.0,78.0,83.0,80.0,72,70,72,72.0,79.0,0
0,0.0,0.0,0.0,0.0,0.0,64.0,89.0,90.0,88.0,55.0,74.0,79.0,74.0,72.0,66,64,63,60.0,91.0,0
0,0.0,0.0,0.0,0.0,0.0,64.0,87.0,90.0,81.0,68.0,49.0,80.0,81.0,81.0,71,68,69,65.0,90.0,0
0,0.0,0.0,0.0,0.0,0.0,64.0,91.0,89.0,84.0,53.0,67.0,79.0,79.0,69.0,67,67,70,62.0,86.0,0
0,0.0,0.0,0.0,0.0,0.0,64.0,82.0,86.0,81.0,67.0,60.0,81.0,82.0,82.0,69,67,63,67.0,82.0,0
0,0.0,0.0,0.0,0.0,0.0,64.0,94.0,95.0,91.0,53.0,48.0,79.0,80.0,73.0,69,70,73,55.0,82.0,0
0,0.0,0.0,0.0,0.0,0.0,64.0,86.0,89.0,87.0,48.0,66.0,80.0,75.0,77.0,72,66,63,57.0,79.0,0
0,0.0,0.0,5.0,0.0,0.0,64.0,89.0,88.0,87.0,62.0,60.0,80.0,79.0,79.0,71,70,67,66.0,89.0,0
0,0.0,0.0,0.0,0.0,0.0,64.0,90.0,91.0,86.0,58.0,59.0,79.0,77.0,76.0,70,69,68,59.0,87.0,0
0,0.0,0.0,0.0,0.0,0.0,63.0,90.0,91.0,90.0,44.0,54.0,78.0,80.0,74.0,68,69,71,53.0,78.0,0
0,0.0,0.0,1.0,0.0,0.0,63.0,89.0,89.0,80.0,68.0,63.0,76.0,82.0,71.0,73,74,73,61.0,86.0,0
0,0.0,0.0,0.0,0.0,0.0,63.0,86.0,89.0,84.0,64.0,47.0,84.0,85.0,80.0,62,63,59,64.0,89.0,0
0,0.0,0.0,0.0,0.0,0.0,63.0,87.0,91.0,88.0,58.0,55.0,77.0,74.0,76.0,71,72,70,58.0,77.0,0
0,0.0,0.0,0.0,0.0,0.0,63.0,89.0,89.0,80.0,68.0,52.0,80.0,83.0,78.0,66,64,66,72.0,83.0,0
0,0.0,0.0,0.0,0.0,0.0,63.0,85.0,89.0,85.0,64.0,59.0,83.0,79.0,81.0,66,68,63,66.0,85.0,0
0,0.0,0.0,0.0,0.0,0.0,63.0,92.0,94.0,87.0,60.0,55.0,78.0,76.0,78.0,66,65,66,64.0,84.0,0
0,0.0,0.0,0.0,0.0,0.0,63.0,86.0,88.0,83.0,62.0,54.0,78.0,83.0,80.0,69,67,69,75.0,78.0,0
0,0.0,0.0,0.0,0.0,0.0,63.0,88.0,93.0,85.0,61.0,57.0,76.0,74.0,75.0,64,65,66,69.0,94.0,0
0,0.0,0.0,0.0,0.0,0.0,63.0,86.0,89.0,86.0,49.0,55.0,78.0,78.0,77.0,75,72,69,60.0,78.0,0
0,0.0,0.0,0.0,0.0,0.0,63.0,91.0,92.0,76.0,60.0,60.0,80.0,78.0,76.0,70,68,64,67.0,92.0,0
0,0.0,0.0,0.0,0.0,0.0,63.0,90.0,92.0,86.0,55.0,60.0,79.0,65.0,67.0,74,70,65,49.0,86.0,0
0,0.0,0.0,0.0,0.0,0.0,63.0,93.0,91.0,89.0,70.0,53.0,77.0,78.0,75.0,66,68,65,70.0,79.0,0
0,0.0,0.0,0.0,0.0,0.0,63.0,91.0,90.0,86.0,69.0,51.0,82.0,85.0,76.0,61,61,61,65.0,93.0,0
0,0.0,0.0,0.0,0.0,0.0,63.0,90.0,91.0,89.0,43.0,58.0,79.0,75.0,74.0,68,70,65,61.0,95.0,0
0,0.0,0.0,0.0,0.0,0.0,63.0,85.0,89.0,92.0,61.0,53.0,79.0,82.0,80.0,71,65,62,74.0,74.0,0
0,0.0,0.0,0.0,0.0,0.0,63.0,88.0,87.0,84.0,69.0,64.0,80.0,78.0,77.0,69,67,70,63.0,89.0,0
0,0.0,0.0,0.0,0.0,0.0,63.0,85.0,87.0,78.0,66.0,59.0,79.0,81.0,78.0,69,71,68,70.0,82.0,0
0,0.0,0.0,0.0,0.0,0.0,62.0,90.0,88.0,88.0,56.0,59.0,79.0,76.0,77.0,69,67,63,62.0,79.0,0
0,0.0,0.0,0.0,0.0,0.0,62.0,87.0,87.0,82.0,61.0,61.0,77.0,82.0,79.0,70,68,68,65.0,83.0,0
0,0.0,0.0,0.0,0.0,0.0,62.0,88.0,89.0,84.0,63.0,65.0,79.0,76.0,77.0,65,65,64,62.0,85.0,0
0,0.0,0.0,0.0,0.0,0.0,62.0,91.0,90.0,77.0,59.0,58.0,78.0,79.0,75.0,70,67,71,63.0,91.0,0
0,0.0,0.0,0.0,0.0,0.0,62.0,94.0,92.0,89.0,47.0,55.0,76.0,72.0,71.0,67,64,66,60.0,90.0,0
0,0.0,0.0,0.0,0.0,0.0,62.0,94.0,92.0,89.0,47.0,55.0,76.0,72.0,71.0,67,64,66,60.0,90.0,0
0,0.0,0.0,0.0,0.0,0.0,62.0,84.0,87.0,85.0,67.0,65.0,83.0,80.0,77.0,66,65,64,64.0,77.0,0
0,0.0,0.0,49.0,0.0,1.0,62.0,88.0,89.0,85.0,63.0,63.0,77.0,85.0,76.0,66,67,68,53.0,86.0,0
0,0.0,0.0,21.0,0.0,0.0,62.0,88.0,89.0,85.0,63.0,63.0,77.0,85.0,76.0,66,67,68,53.0,86.0,0
0,0.0,0.0,2.0,0.0,0.0,62.0,88.0,89.0,85.0,63.0,63.0,77.0,85.0,76.0,66,67,68,53.0,86.0,0
0,0.0,0.0,0.0,0.0,0.0,62.0,92.0,92.0,89.0,56.0,50.0,75.0,75.0,73.0,66,68,71,60.0,83.0,0
0,0.0,0.0,0.0,0.0,0.0,62.0,93.0,93.0,87.0,46.0,57.0,78.0,73.0,71.0,63,67,68,57.0,93.0,0
0,0.0,0.0,0.0,0.0,0.0,61.0,84.0,88.0,82.0,72.0,46.0,79.0,81.0,79.0,63,62,58,69.0,82.0,0
0,0.0,0.0,0.0,0.0,0.0,61.0,88.0,93.0,87.0,61.0,43.0,75.0,73.0,74.0,70,71,67,70.0,84.0,0
0,0.0,0.0,0.0,0.0,0.0,61.0,88.0,88.0,79.0,62.0,55.0,80.0,77.0,79.0,67,66,63,60.0,76.0,0
0,0.0,0.0,0.0,0.0,0.0,61.0,94.0,93.0,87.0,42.0,56.0,75.0,72.0,74.0,63,64,67,50.0,78.0,0
0,0.0,0.0,0.0,0.0,0.0,61.0,91.0,88.0,82.0,58.0,41.0,77.0,77.0,62.0,76,78,75,66.0,74.0,0
0,0.0,0.0,0.0,0.0,0.0,61.0,89.0,90.0,86.0,53.0,52.0,75.0,72.0,76.0,72,68,63,66.0,79.0,0
0,0.0,0.0,0.0,0.0,0.0,61.0,90.0,91.0,83.0,64.0,52.0,78.0,80.0,74.0,69,65,64,70.0,83.0,0
0,0.0,0.0,0.0,0.0,0.0,61.0,87.0,89.0,87.0,60.0,57.0,77.0,78.0,75.0,68,66,62,68.0,84.0,0
0,0.0,0.0,0.0,0.0,0.0,61.0,87.0,89.0,90.0,53.0,51.0,78.0,73.0,75.0,72,67,61,66.0,83.0,0
0,0.0,0.0,0.0,0.0,0.0,60.0,83.0,88.0,77.0,58.0,60.0,79.0,76.0,77.0,69,66,62,69.0,77.0,0
0,0.0,0.0,0.0,0.0,0.0,60.0,89.0,92.0,87.0,64.0,54.0,77.0,77.0,76.0,62,62,63,60.0,90.0,0
0,0.0,0.0,0.0,0.0,0.0,60.0,86.0,87.0,80.0,64.0,49.0,79.0,80.0,76.0,65,66,70,63.0,79.0,0
0,0.0,0.0,0.0,0.0,0.0,59.0,87.0,86.0,79.0,66.0,58.0,79.0,78.0,73.0,63,67,60,64.0,90.0,0
0,0.0,0.0,0.0,0.0,0.0,59.0,87.0,93.0,86.0,55.0,59.0,77.0,70.0,71.0,64,60,58,54.0,82.0,0
0,0.0,0.0,0.0,0.0,0.0,59.0,89.0,92.0,82.0,55.0,59.0,76.0,77.0,73.0,65,60,63,58.0,92.0,0
0,0.0,0.0,0.0,0.0,0.0,59.0,90.0,92.0,87.0,50.0,63.0,75.0,72.0,74.0,57,56,58,55.0,80.0,0
0,0.0,0.0,0.0,0.0,0.0,59.0,88.0,88.0,77.0,57.0,55.0,82.0,81.0,76.0,64,65,61,63.0,75.0,0
0,0.0,0.0,0.0,0.0,0.0,58.0,83.0,87.0,83.0,58.0,57.0,77.0,76.0,74.0,68,64,61,67.0,86.0,0
0,0.0,0.0,0.0,0.0,0.0,58.0,85.0,89.0,86.0,56.0,50.0,76.0,76.0,77.0,53,53,53,67.0,94.0,0
0,0.0,0.0,0.0,0.0,0.0,56.0,87.0,88.0,84.0,70.0,56.0,75.0,70.0,69.0,62,61,58,63.0,89.0,0
0,0.0,0.0,0.0,0.0,0.0,53.0,93.0,90.0,83.0,42.0,53.0,74.0,68.0,70.0,52,53,57,50.0,86.0,0
0,0.0,0.0,0.0,0.0,0.0,51.0,96.0,94.0,80.0,47.0,46.0,72.0,68.0,65.0,52,51,54,49.0,87.0,0
73,215.0,28.0,89.0,3.0,6.0,99.0,91.0,92.0,92.0,63.0,98.0,99.0,99.0,99.0,98,97,94,99.0,96.0,92
74,208.0,28.0,60.0,1.0,1.0,98.0,89.0,93.0,95.0,66.0,99.0,99.0,88.0,86.0,99,98,93,90.0,81.0,91
73,212.0,29.0,82.0,3.0,5.0,97.0,90.0,90.0,92.0,79.0,97.0,98.0,99.0,97.0,97,96,91,98.0,99.0,88
69,185.0,27.0,97.0,5.0,8.0,96.0,99.0,99.0,98.0,64.0,94.0,90.0,93.0,85.0,93,93,97,92.0,93.0,99
72,191.0,27.0,85.0,1.0,4.0,95.0,92.0,94.0,93.0,62.0,95.0,98.0,97.0,93.0,94,95,92,91.0,91.0,96
74,211.0,29.0,77.0,0.0,6.0,93.0,88.0,91.0,92.0,72.0,97.0,94.0,95.0,95.0,93,94,88,95.0,93.0,89
77,231.0,28.0,24.0,0.0,0.0,92.0,90.0,89.0,84.0,78.0,96.0,91.0,97.0,98.0,85,84,85,97.0,96.0,83
77,231.0,28.0,1.0,0.0,0.0,92.0,90.0,89.0,84.0,78.0,96.0,91.0,97.0,98.0,85,84,85,97.0,96.0,83
77,231.0,28.0,79.0,0.0,6.0,92.0,90.0,89.0,84.0,78.0,96.0,91.0,97.0,98.0,85,84,85,97.0,96.0,83
73,210.0,27.0,66.0,0.0,5.0,91.0,91.0,89.0,95.0,68.0,94.0,95.0,90.0,88.0,92,92,90,89.0,91.0,94
75,212.0,28.0,0.0,0.0,0.0,91.0,87.0,91.0,90.0,77.0,91.0,93.0,96.0,96.0,89,89,87,96.0,91.0,90
75,212.0,28.0,60.0,2.0,3.0,91.0,87.0,91.0,90.0,77.0,91.0,93.0,96.0,96.0,89,89,87,96.0,91.0,90
72,210.0,24.0,47.0,0.0,2.0,90.0,94.0,92.0,87.0,67.0,89.0,97.0,94.0,90.0,87,88,89,94.0,87.0,88
73,202.0,22.0,57.0,2.0,4.0,90.0,91.0,90.0,93.0,64.0,96.0,90.0,94.0,88.0,91,91,91,87.0,94.0,95
71,215.0,25.0,47.0,1.0,1.0,89.0,92.0,93.0,90.0,80.0,98.0,88.0,92.0,88.0,89,86,81,90.0,95.0,89
75,235.0,23.0,51.0,0.0,2.0,89.0,95.0,93.0,84.0,79.0,92.0,92.0,96.0,89.0,84,82,84,88.0,97.0,83
73,205.0,25.0,51.0,0.0,1.0,88.0,91.0,92.0,91.0,72.0,92.0,93.0,89.0,92.0,90,90,84,89.0,88.0,89
70,182.0,28.0,67.0,1.0,1.0,88.0,93.0,92.0,97.0,50.0,87.0,95.0,91.0,87.0,86,88,88,81.0,85.0,94
74,200.0,31.0,0.0,0.0,0.0,88.0,89.0,92.0,91.0,67.0,91.0,93.0,98.0,94.0,89,89,85,84.0,91.0,84
70,183.0,27.0,72.0,0.0,0.0,87.0,93.0,91.0,94.0,54.0,93.0,92.0,87.0,86.0,85,86,90,80.0,85.0,98
72,226.0,24.0,66.0,0.0,3.0,87.0,91.0,93.0,87.0,77.0,95.0,88.0,89.0,89.0,88,86,82,93.0,93.0,88
72,210.0,24.0,6.0,0.0,0.0,86.0,93.0,93.0,93.0,66.0,89.0,87.0,89.0,86.0,87,86,84,85.0,94.0,90
72,210.0,24.0,56.0,0.0,0.0,86.0,93.0,93.0,93.0,66.0,89.0,87.0,89.0,86.0,87,86,84,85.0,94.0,90
71,198.0,28.0,0.0,0.0,0.0,86.0,93.0,93.0,96.0,53.0,85.0,87.0,95.0,89.0,82,81,83,84.0,96.0,93
72,193.0,29.0,36.0,0.0,0.0,86.0,90.0,88.0,87.0,63.0,93.0,89.0,89.0,86.0,91,91,86,82.0,89.0,87
72,193.0,29.0,0.0,0.0,0.0,86.0,90.0,88.0,87.0,63.0,93.0,89.0,89.0,86.0,91,91,86,82.0,89.0,87
72,193.0,29.0,1.0,0.0,0.0,86.0,90.0,88.0,87.0,63.0,93.0,89.0,89.0,86.0,91,91,86,82.0,89.0,87
72,193.0,29.0,59.0,0.0,0.0,86.0,90.0,88.0,87.0,63.0,93.0,89.0,89.0,86.0,91,91,86,82.0,89.0,87
76,220.0,26.0,0.0,0.0,0.0,85.0,89.0,87.0,84.0,76.0,88.0,87.0,98.0,92.0,84,82,79,88.0,87.0,76
76,220.0,26.0,38.0,0.0,0.0,85.0,89.0,87.0,84.0,76.0,88.0,87.0,98.0,92.0,84,82,79,88.0,87.0,76
76,220.0,26.0,0.0,0.0,0.0,85.0,89.0,87.0,84.0,76.0,88.0,87.0,98.0,92.0,84,82,79,88.0,87.0,76
76,220.0,26.0,0.0,0.0,0.0,85.0,89.0,87.0,84.0,76.0,88.0,87.0,98.0,92.0,84,82,79,88.0,87.0,76
76,220.0,26.0,3.0,0.0,0.0,85.0,89.0,87.0,84.0,76.0,88.0,87.0,98.0,92.0,84,82,79,88.0,87.0,76
76,220.0,26.0,0.0,0.0,0.0,85.0,89.0,87.0,84.0,76.0,88.0,87.0,98.0,92.0,84,82,79,88.0,87.0,76
76,220.0,26.0,0.0,0.0,0.0,85.0,89.0,87.0,84.0,76.0,88.0,87.0,98.0,92.0,84,82,79,88.0,87.0,76
76,220.0,26.0,2.0,0.0,0.0,85.0,89.0,87.0,84.0,76.0,88.0,87.0,98.0,92.0,84,82,79,88.0,87.0,76
76,220.0,26.0,24.0,0.0,0.0,85.0,89.0,87.0,84.0,76.0,88.0,87.0,98.0,92.0,84,82,79,88.0,87.0,76
76,220.0,26.0,12.0,0.0,0.0,85.0,89.0,87.0,84.0,76.0,88.0,87.0,98.0,92.0,84,82,79,88.0,87.0,76
76,220.0,26.0,25.0,0.0,0.0,85.0,89.0,87.0,84.0,76.0,88.0,87.0,98.0,92.0,84,82,79,88.0,87.0,76
76,220.0,26.0,38.0,0.0,0.0,85.0,89.0,87.0,84.0,76.0,88.0,87.0,98.0,92.0,84,82,79,88.0,87.0,76
73,190.0,26.0,40.0,0.0,0.0,85.0,93.0,93.0,95.0,59.0,79.0,87.0,85.0,82.0,88,90,89,86.0,85.0,92
70,181.0,25.0,35.0,0.0,1.0,85.0,91.0,92.0,92.0,61.0,88.0,91.0,87.0,82.0,88,84,86,85.0,86.0,93
72,201.0,21.0,48.0,1.0,4.0,84.0,94.0,92.0,87.0,73.0,89.0,86.0,90.0,84.0,82,84,86,85.0,95.0,91
75,216.0,25.0,39.0,0.0,1.0,84.0,91.0,92.0,92.0,73.0,84.0,92.0,91.0,90.0,83,82,76,83.0,92.0,86
69,180.0,24.0,34.0,0.0,0.0,84.0,97.0,94.0,96.0,44.0,86.0,87.0,83.0,78.0,82,82,86,76.0,85.0,92
75,220.0,32.0,101.0,2.0,7.0,84.0,92.0,90.0,93.0,78.0,90.0,90.0,89.0,87.0,83,82,80,86.0,94.0,88
74,203.0,26.0,48.0,0.0,0.0,83.0,89.0,92.0,87.0,63.0,82.0,96.0,90.0,87.0,87,85,82,80.0,88.0,84
68,174.0,32.0,0.0,0.0,0.0,83.0,86.0,88.0,91.0,61.0,86.0,94.0,85.0,85.0,90,87,80,76.0,89.0,88
71,196.0,28.0,56.0,0.0,5.0,83.0,88.0,91.0,91.0,66.0,90.0,89.0,89.0,87.0,87,82,80,81.0,86.0,85
76,223.0,23.0,0.0,0.0,0.0,83.0,88.0,88.0,85.0,71.0,85.0,93.0,92.0,90.0,81,81,77,84.0,95.0,84
74,189.0,22.0,57.0,1.0,4.0,83.0,90.0,90.0,90.0,69.0,87.0,86.0,88.0,87.0,84,85,85,84.0,93.0,89
74,198.0,31.0,0.0,0.0,0.0,83.0,88.0,90.0,88.0,71.0,87.0,89.0,92.0,91.0,81,82,82,83.0,92.0,84
76,216.0,22.0,37.0,0.0,0.0,82.0,88.0,87.0,85.0,71.0,87.0,88.0,93.0,88.0,82,82,79,83.0,94.0,83
70,183.0,31.0,72.0,0.0,4.0,82.0,91.0,90.0,94.0,46.0,85.0,88.0,85.0,84.0,84,83,84,81.0,85.0,88
73,198.0,25.0,30.0,0.0,0.0,82.0,91.0,90.0,88.0,68.0,83.0,84.0,88.0,85.0,83,83,88,83.0,93.0,83
75,211.0,28.0,36.0,0.0,0.0,82.0,89.0,90.0,87.0,74.0,84.0,86.0,93.0,89.0,79,78,78,87.0,95.0,82
70,201.0,28.0,30.0,0.0,0.0,82.0,89.0,91.0,92.0,68.0,82.0,90.0,87.0,87.0,86,84,83,82.0,92.0,88
70,185.0,25.0,21.0,0.0,1.0,82.0,86.0,88.0,87.0,61.0,88.0,96.0,86.0,81.0,92,85,79,65.0,85.0,89
74,220.0,28.0,0.0,0.0,0.0,81.0,89.0,92.0,88.0,70.0,83.0,91.0,91.0,91.0,78,77,75,82.0,92.0,87
71,200.0,24.0,41.0,0.0,0.0,81.0,92.0,93.0,90.0,65.0,85.0,89.0,84.0,85.0,83,81,82,72.0,85.0,86
70,180.0,22.0,34.0,0.0,0.0,81.0,97.0,97.0,97.0,55.0,76.0,85.0,82.0,86.0,80,80,81,69.0,90.0,94
76,213.0,27.0,27.0,0.0,1.0,81.0,90.0,90.0,88.0,74.0,80.0,87.0,90.0,91.0,78,78,75,82.0,93.0,84
75,190.0,28.0,0.0,0.0,0.0,81.0,95.0,92.0,84.0,59.0,80.0,85.0,87.0,82.0,83,84,87,82.0,86.0,85
71,180.0,34.0,63.0,0.0,2.0,80.0,88.0,90.0,88.0,43.0,84.0,91.0,88.0,85.0,83,81,80,81.0,90.0,86
73,193.0,22.0,28.0,0.0,1.0,80.0,91.0,93.0,93.0,64.0,81.0,82.0,84.0,79.0,86,85,83,77.0,85.0,93
76,210.0,33.0,77.0,0.0,7.0,80.0,87.0,86.0,84.0,72.0,86.0,89.0,89.0,88.0,80,79,77,81.0,93.0,82
72,184.0,27.0,0.0,0.0,0.0,80.0,95.0,92.0,87.0,57.0,79.0,84.0,84.0,83.0,82,83,85,78.0,86.0,84
72,172.0,22.0,40.0,0.0,0.0,80.0,91.0,93.0,91.0,49.0,83.0,89.0,87.0,80.0,85,83,83,72.0,88.0,89
73,215.0,24.0,41.0,0.0,1.0,80.0,88.0,91.0,87.0,74.0,81.0,92.0,88.0,87.0,79,80,77,80.0,92.0,84
72,200.0,23.0,39.0,0.0,0.0,79.0,91.0,92.0,91.0,65.0,80.0,87.0,83.0,85.0,82,80,77,79.0,95.0,87
70,174.0,23.0,30.0,0.0,0.0,79.0,93.0,92.0,83.0,51.0,83.0,88.0,87.0,82.0,83,82,82,73.0,88.0,86
76,210.0,27.0,0.0,0.0,0.0,79.0,90.0,92.0,85.0,69.0,86.0,87.0,86.0,85.0,80,79,80,77.0,89.0,83
72,198.0,28.0,36.0,0.0,0.0,79.0,91.0,91.0,92.0,65.0,79.0,83.0,86.0,83.0,80,82,81,79.0,87.0,85
73,203.0,26.0,0.0,0.0,0.0,79.0,88.0,92.0,93.0,65.0,82.0,88.0,84.0,86.0,82,81,78,80.0,86.0,84
74,203.0,24.0,0.0,0.0,0.0,79.0,87.0,91.0,88.0,61.0,83.0,90.0,84.0,88.0,81,80,78,72.0,88.0,84
74,210.0,22.0,27.0,0.0,0.0,78.0,90.0,89.0,83.0,67.0,82.0,86.0,84.0,85.0,80,81,83,79.0,87.0,81
70,187.0,23.0,23.0,0.0,1.0,78.0,97.0,95.0,92.0,60.0,78.0,86.0,81.0,78.0,78,78,81,70.0,86.0,87
71,196.0,25.0,29.0,0.0,0.0,78.0,95.0,93.0,92.0,64.0,75.0,85.0,84.0,84.0,76,77,76,78.0,88.0,87
76,198.0,24.0,0.0,0.0,0.0,78.0,94.0,93.0,85.0,64.0,77.0,84.0,87.0,84.0,77,79,81,78.0,93.0,82
69,177.0,28.0,33.0,0.0,0.0,78.0,89.0,91.0,94.0,58.0,78.0,87.0,82.0,83.0,81,80,77,76.0,88.0,93
75,209.0,26.0,31.0,0.0,0.0,78.0,90.0,91.0,91.0,72.0,78.0,82.0,87.0,84.0,81,81,80,79.0,92.0,86
76,238.0,23.0,19.0,0.0,0.0,78.0,92.0,89.0,78.0,72.0,81.0,84.0,90.0,86.0,81,79,80,78.0,95.0,75
72,186.0,25.0,0.0,0.0,0.0,77.0,90.0,92.0,85.0,60.0,82.0,87.0,85.0,83.0,82,80,77,69.0,93.0,86
73,190.0,24.0,28.0,0.0,0.0,77.0,93.0,92.0,85.0,57.0,79.0,78.0,86.0,79.0,80,79,83,77.0,93.0,88
73,195.0,28.0,0.0,0.0,0.0,77.0,90.0,92.0,90.0,67.0,79.0,85.0,86.0,83.0,78,78,76,77.0,86.0,80
70,195.0,31.0,64.0,0.0,1.0,77.0,89.0,90.0,89.0,57.0,80.0,88.0,84.0,84.0,81,80,77,77.0,84.0,83
75,212.0,22.0,6.0,0.0,0.0,77.0,89.0,89.0,86.0,71.0,81.0,88.0,87.0,85.0,77,76,74,76.0,93.0,81
74,200.0,25.0,17.0,0.0,0.0,77.0,90.0,92.0,85.0,59.0,83.0,80.0,83.0,82.0,85,83,81,75.0,85.0,81
73,211.0,28.0,43.0,0.0,0.0,77.0,91.0,91.0,88.0,67.0,75.0,83.0,86.0,83.0,79,80,79,80.0,87.0,86
71,185.0,35.0,0.0,0.0,0.0,77.0,85.0,88.0,85.0,52.0,81.0,89.0,86.0,85.0,83,79,79,79.0,76.0,81
73,203.0,26.0,25.0,0.0,0.0,76.0,89.0,92.0,91.0,60.0,78.0,85.0,83.0,79.0,76,75,79,79.0,86.0,83
74,214.0,26.0,0.0,0.0,0.0,76.0,87.0,92.0,85.0,72.0,84.0,86.0,83.0,81.0,81,81,75,74.0,86.0,82
70,178.0,21.0,14.0,0.0,0.0,76.0,92.0,90.0,92.0,59.0,76.0,88.0,84.0,83.0,79,77,79,66.0,84.0,93
77,227.0,25.0,0.0,0.0,0.0,76.0,90.0,92.0,82.0,71.0,81.0,84.0,84.0,82.0,79,78,77,79.0,90.0,79
76,206.0,26.0,28.0,0.0,0.0,76.0,95.0,93.0,88.0,63.0,76.0,82.0,84.0,80.0,75,77,81,75.0,75.0,86
70,175.0,34.0,75.0,0.0,3.0,76.0,95.0,93.0,92.0,47.0,72.0,82.0,80.0,78.0,76,80,81,72.0,83.0,86
72,195.0,21.0,18.0,0.0,0.0,76.0,92.0,91.0,87.0,60.0,77.0,83.0,84.0,83.0,80,79,76,77.0,89.0,85
77,228.0,24.0,5.0,0.0,0.0,75.0,85.0,87.0,78.0,70.0,75.0,82.0,91.0,85.0,74,72,69,78.0,95.0,73
68,173.0,26.0,15.0,0.0,0.0,75.0,92.0,93.0,94.0,53.0,76.0,86.0,79.0,76.0,77,75,76,72.0,86.0,90
69,174.0,24.0,0.0,0.0,0.0,75.0,94.0,93.0,86.0,54.0,77.0,86.0,81.0,79.0,77,75,79,68.0,82.0,92
67,181.0,21.0,12.0,0.0,0.0,75.0,94.0,91.0,92.0,66.0,75.0,87.0,77.0,77.0,79,76,77,65.0,87.0,91
73,203.0,27.0,0.0,0.0,0.0,75.0,91.0,92.0,87.0,61.0,78.0,83.0,83.0,83.0,79,78,76,74.0,85.0,78
74,200.0,25.0,22.0,0.0,0.0,75.0,90.0,91.0,86.0,51.0,77.0,85.0,84.0,82.0,80,78,78,70.0,88.0,84
72,193.0,23.0,13.0,0.0,0.0,75.0,98.0,94.0,86.0,41.0,74.0,87.0,78.0,78.0,76,75,77,69.0,87.0,84
71,193.0,22.0,7.0,0.0,0.0,75.0,93.0,94.0,93.0,57.0,75.0,84.0,80.0,78.0,77,74,76,67.0,86.0,95
72,197.0,21.0,0.0,0.0,0.0,75.0,86.0,88.0,87.0,67.0,78.0,89.0,86.0,84.0,79,79,77,75.0,91.0,83
66,170.0,23.0,0.0,0.0,0.0,75.0,91.0,93.0,90.0,50.0,79.0,84.0,80.0,79.0,75,76,77,69.0,80.0,90
69,179.0,30.0,24.0,0.0,0.0,74.0,96.0,96.0,90.0,42.0,68.0,81.0,81.0,79.0,74,76,78,69.0,89.0,87
74,212.0,22.0,18.0,0.0,0.0,74.0,90.0,89.0,85.0,66.0,77.0,86.0,88.0,88.0,74,72,70,72.0,94.0,83
69,195.0,29.0,0.0,0.0,0.0,74.0,90.0,90.0,88.0,55.0,76.0,82.0,80.0,82.0,79,77,73,75.0,88.0,83
71,195.0,28.0,0.0,0.0,0.0,74.0,86.0,88.0,86.0,65.0,80.0,86.0,80.0,82.0,81,79,74,74.0,82.0,81
73,227.0,22.0,0.0,0.0,0.0,74.0,88.0,89.0,88.0,74.0,77.0,82.0,84.0,81.0,80,78,76,78.0,91.0,86
69,186.0,25.0,11.0,1.0,0.0,74.0,92.0,91.0,91.0,53.0,73.0,86.0,76.0,79.0,80,77,73,68.0,86.0,88
74,200.0,26.0,25.0,0.0,0.0,74.0,90.0,91.0,88.0,76.0,77.0,88.0,84.0,81.0,76,75,73,74.0,86.0,88
73,204.0,23.0,0.0,0.0,0.0,74.0,87.0,90.0,82.0,68.0,80.0,88.0,87.0,84.0,75,74,68,74.0,92.0,79
74,210.0,25.0,15.0,0.0,0.0,74.0,89.0,90.0,85.0,67.0,78.0,84.0,85.0,81.0,78,77,75,75.0,89.0,77
71,213.0,25.0,32.0,0.0,0.0,74.0,91.0,89.0,85.0,68.0,73.0,80.0,88.0,83.0,75,76,78,76.0,84.0,82
71,213.0,25.0,11.0,0.0,0.0,74.0,91.0,89.0,85.0,68.0,73.0,80.0,88.0,83.0,75,76,78,76.0,84.0,82
69,175.0,28.0,0.0,0.0,0.0,73.0,93.0,92.0,93.0,48.0,74.0,82.0,79.0,74.0,74,75,78,65.0,89.0,91
67,171.0,28.0,0.0,0.0,0.0,73.0,94.0,92.0,90.0,62.0,74.0,83.0,77.0,73.0,78,75,78,64.0,87.0,91
73,198.0,26.0,13.0,0.0,0.0,73.0,86.0,89.0,84.0,66.0,75.0,81.0,84.0,82.0,79,81,80,75.0,84.0,81
73,212.0,24.0,0.0,0.0,0.0,73.0,93.0,90.0,87.0,61.0,75.0,81.0,82.0,80.0,72,73,75,72.0,87.0,88
72,205.0,24.0,9.0,0.0,0.0,73.0,94.0,93.0,91.0,56.0,72.0,83.0,79.0,78.0,76,74,76,64.0,89.0,90
70,190.0,26.0,19.0,1.0,1.0,73.0,93.0,91.0,90.0,60.0,74.0,81.0,78.0,79.0,76,73,75,73.0,86.0,89
73,208.0,23.0,5.0,0.0,0.0,73.0,88.0,90.0,82.0,68.0,77.0,85.0,84.0,83.0,75,74,74,76.0,93.0,81
75,205.0,28.0,23.0,0.0,0.0,73.0,91.0,90.0,83.0,69.0,73.0,82.0,84.0,82.0,77,78,75,78.0,98.0,79
70,192.0,28.0,0.0,0.0,0.0,73.0,93.0,90.0,90.0,62.0,72.0,85.0,83.0,81.0,76,75,75,67.0,88.0,89
74,210.0,32.0,0.0,0.0,0.0,72.0,86.0,88.0,85.0,75.0,75.0,84.0,84.0,83.0,76,73,68,77.0,85.0,80
73,206.0,23.0,8.0,0.0,0.0,72.0,88.0,90.0,83.0,68.0,77.0,82.0,82.0,83.0,78,78,74,71.0,86.0,80
76,218.0,24.0,0.0,0.0,0.0,72.0,90.0,88.0,83.0,73.0,73.0,83.0,86.0,81.0,73,72,74,78.0,92.0,80
73,195.0,25.0,10.0,0.0,0.0,72.0,91.0,92.0,94.0,50.0,68.0,82.0,82.0,79.0,73,74,71,73.0,90.0,85
75,192.0,26.0,25.0,0.0,0.0,72.0,88.0,87.0,86.0,62.0,71.0,83.0,85.0,83.0,76,78,77,73.0,88.0,88
75,225.0,23.0,7.0,0.0,0.0,72.0,88.0,88.0,83.0,75.0,71.0,82.0,85.0,83.0,71,69,68,77.0,92.0,78
71,200.0,23.0,12.0,1.0,2.0,72.0,93.0,91.0,87.0,68.0,72.0,84.0,82.0,82.0,75,72,71,67.0,84.0,85
76,215.0,22.0,25.0,0.0,1.0,72.0,90.0,90.0,89.0,67.0,72.0,84.0,84.0,82.0,72,71,73,71.0,91.0,79
71,203.0,24.0,13.0,0.0,0.0,72.0,89.0,89.0,83.0,63.0,74.0,87.0,83.0,81.0,77,76,73,70.0,87.0,80
72,178.0,27.0,14.0,0.0,0.0,72.0,92.0,91.0,93.0,57.0,72.0,82.0,83.0,80.0,75,75,71,72.0,83.0,85
69,178.0,22.0,0.0,0.0,0.0,71.0,94.0,95.0,93.0,58.0,65.0,77.0,80.0,77.0,76,74,76,66.0,85.0,90
74,215.0,27.0,15.0,0.0,0.0,71.0,93.0,92.0,82.0,68.0,70.0,80.0,84.0,77.0,72,74,76,72.0,86.0,76
73,210.0,21.0,0.0,0.0,0.0,71.0,88.0,89.0,84.0,65.0,73.0,86.0,83.0,81.0,75,74,75,68.0,83.0,83
75,195.0,29.0,0.0,0.0,0.0,71.0,87.0,89.0,79.0,73.0,74.0,84.0,84.0,83.0,77,76,73,75.0,84.0,73
71,197.0,22.0,10.0,0.0,0.0,71.0,93.0,91.0,91.0,62.0,69.0,80.0,84.0,78.0,73,71,74,69.0,94.0,89
68,190.0,28.0,0.0,0.0,0.0,71.0,90.0,93.0,93.0,60.0,74.0,82.0,74.0,75.0,74,75,71,63.0,90.0,93
71,190.0,25.0,0.0,0.0,0.0,71.0,96.0,95.0,93.0,51.0,66.0,78.0,77.0,75.0,73,71,75,67.0,88.0,89
75,207.0,23.0,5.0,0.0,0.0,71.0,92.0,91.0,92.0,69.0,70.0,80.0,86.0,83.0,73,70,71,70.0,93.0,78
68,182.0,27.0,0.0,0.0,0.0,71.0,94.0,92.0,89.0,53.0,72.0,83.0,80.0,73.0,72,73,76,64.0,82.0,85
75,200.0,21.0,0.0,0.0,0.0,71.0,91.0,88.0,84.0,67.0,74.0,82.0,82.0,81.0,74,73,72,72.0,92.0,83
76,220.0,24.0,6.0,0.0,0.0,71.0,91.0,89.0,89.0,68.0,71.0,83.0,85.0,83.0,73,72,70,73.0,93.0,87
72,216.0,28.0,0.0,0.0,0.0,71.0,87.0,92.0,87.0,66.0,76.0,79.0,79.0,76.0,74,73,72,76.0,90.0,82
73,202.0,29.0,35.0,0.0,0.0,71.0,91.0,91.0,84.0,62.0,74.0,81.0,83.0,80.0,73,74,73,72.0,82.0,82
69,188.0,24.0,2.0,0.0,0.0,71.0,92.0,93.0,87.0,58.0,72.0,78.0,81.0,76.0,73,73,76,72.0,84.0,85
69,190.0,24.0,0.0,0.0,0.0,71.0,90.0,92.0,87.0,51.0,71.0,84.0,77.0,80.0,77,71,69,62.0,83.0,84
73,204.0,27.0,8.0,0.0,0.0,71.0,91.0,91.0,81.0,68.0,74.0,82.0,79.0,77.0,74,73,76,70.0,88.0,78
72,204.0,24.0,5.0,0.0,0.0,71.0,89.0,88.0,87.0,62.0,75.0,83.0,79.0,79.0,76,75,72,66.0,89.0,86
70,175.0,31.0,25.0,0.0,0.0,70.0,91.0,90.0,89.0,38.0,66.0,79.0,79.0,79.0,71,75,76,66.0,85.0,85
75,215.0,24.0,16.0,0.0,0.0,70.0,84.0,87.0,78.0,72.0,73.0,81.0,83.0,83.0,74,73,69,72.0,87.0,76
73,215.0,24.0,0.0,0.0,0.0,70.0,92.0,90.0,89.0,61.0,68.0,82.0,79.0,80.0,69,68,71,71.0,88.0,82
74,225.0,25.0,18.0,0.0,0.0,70.0,86.0,88.0,85.0,72.0,71.0,82.0,86.0,80.0,72,71,65,77.0,86.0,78
74,201.0,25.0,5.0,0.0,0.0,70.0,88.0,91.0,87.0,61.0,68.0,82.0,83.0,80.0,76,76,74,69.0,85.0,84
76,221.0,27.0,17.0,0.0,0.0,70.0,88.0,88.0,85.0,63.0,76.0,79.0,83.0,79.0,75,73,75,72.0,85.0,75
71,190.0,26.0,0.0,0.0,0.0,70.0,87.0,91.0,87.0,50.0,73.0,84.0,82.0,79.0,75,74,71,71.0,83.0,84
73,189.0,21.0,6.0,0.0,0.0,70.0,91.0,91.0,88.0,63.0,66.0,79.0,80.0,81.0,72,72,75,69.0,85.0,84
77,214.0,25.0,0.0,0.0,0.0,70.0,87.0,89.0,82.0,69.0,75.0,83.0,85.0,83.0,75,73,72,72.0,86.0,76
78,222.0,23.0,3.0,0.0,0.0,70.0,86.0,89.0,84.0,70.0,73.0,83.0,85.0,82.0,70,69,65,71.0,90.0,80
68,185.0,31.0,26.0,0.0,0.0,70.0,92.0,91.0,91.0,52.0,70.0,82.0,74.0,71.0,77,76,73,67.0,78.0,90
72,195.0,28.0,0.0,0.0,0.0,70.0,86.0,89.0,91.0,64.0,74.0,83.0,76.0,78.0,75,75,71,62.0,82.0,90
73,193.0,25.0,0.0,0.0,0.0,70.0,93.0,89.0,83.0,60.0,71.0,83.0,79.0,80.0,69,73,74,69.0,79.0,81
72,184.0,27.0,0.0,0.0,0.0,70.0,87.0,92.0,89.0,58.0,69.0,79.0,80.0,77.0,77,77,72,68.0,85.0,88
75,215.0,24.0,0.0,0.0,0.0,70.0,88.0,89.0,82.0,64.0,73.0,86.0,82.0,81.0,74,73,68,71.0,85.0,80
76,209.0,29.0,0.0,0.0,0.0,69.0,87.0,87.0,87.0,65.0,69.0,84.0,81.0,80.0,71,70,73,72.0,79.0,81
76,206.0,23.0,0.0,0.0,0.0,69.0,86.0,87.0,81.0,62.0,74.0,84.0,84.0,82.0,73,72,70,71.0,89.0,83
71,195.0,33.0,24.0,1.0,3.0,69.0,87.0,89.0,89.0,57.0,78.0,80.0,81.0,77.0,75,74,65,71.0,85.0,85
74,202.0,25.0,0.0,0.0,0.0,69.0,88.0,90.0,86.0,65.0,73.0,82.0,81.0,76.0,72,74,71,70.0,84.0,82
74,225.0,24.0,0.0,0.0,0.0,69.0,89.0,90.0,78.0,74.0,65.0,79.0,85.0,84.0,66,67,66,72.0,89.0,75
74,194.0,26.0,12.0,0.0,0.0,69.0,87.0,90.0,91.0,66.0,65.0,83.0,83.0,78.0,72,73,71,71.0,82.0,84
68,193.0,24.0,0.0,0.0,0.0,69.0,89.0,90.0,86.0,54.0,71.0,81.0,79.0,75.0,74,72,73,67.0,85.0,87
73,181.0,27.0,0.0,0.0,0.0,69.0,92.0,93.0,93.0,53.0,64.0,78.0,80.0,75.0,73,70,73,66.0,90.0,90
74,215.0,26.0,8.0,0.0,0.0,69.0,85.0,87.0,84.0,71.0,71.0,83.0,85.0,80.0,76,74,70,71.0,83.0,78
74,205.0,26.0,0.0,0.0,0.0,69.0,87.0,89.0,85.0,58.0,72.0,82.0,83.0,77.0,73,71,75,67.0,88.0,80
72,199.0,23.0,5.0,0.0,0.0,69.0,91.0,90.0,84.0,60.0,71.0,85.0,77.0,76.0,73,71,70,69.0,85.0,82
73,200.0,28.0,13.0,0.0,0.0,69.0,89.0,89.0,89.0,58.0,68.0,84.0,82.0,81.0,73,74,71,67.0,87.0,83
72,195.0,24.0,0.0,0.0,0.0,68.0,87.0,89.0,88.0,57.0,70.0,81.0,82.0,79.0,73,70,71,65.0,85.0,86
72,186.0,20.0,2.0,0.0,0.0,68.0,96.0,94.0,86.0,53.0,68.0,78.0,75.0,75.0,68,69,72,63.0,78.0,85
68,185.0,26.0,3.0,0.0,0.0,68.0,88.0,90.0,92.0,60.0,63.0,81.0,79.0,76.0,76,73,67,68.0,80.0,92
71,204.0,23.0,0.0,0.0,0.0,68.0,89.0,91.0,88.0,70.0,70.0,82.0,77.0,76.0,73,69,67,71.0,84.0,82
70,170.0,27.0,0.0,0.0,0.0,68.0,87.0,90.0,94.0,55.0,66.0,79.0,76.0,73.0,73,72,75,62.0,84.0,96
70,211.0,21.0,2.0,0.0,0.0,68.0,89.0,87.0,84.0,65.0,74.0,83.0,78.0,77.0,73,71,71,67.0,82.0,83
77,214.0,24.0,0.0,0.0,0.0,68.0,90.0,92.0,87.0,67.0,60.0,79.0,83.0,76.0,77,71,74,70.0,83.0,82
69,160.0,21.0,12.0,0.0,0.0,68.0,93.0,94.0,89.0,40.0,69.0,76.0,80.0,78.0,71,69,74,53.0,80.0,90
71,201.0,24.0,0.0,0.0,0.0,68.0,88.0,90.0,82.0,61.0,69.0,85.0,80.0,79.0,73,70,69,69.0,83.0,79
71,190.0,22.0,3.0,0.0,0.0,68.0,89.0,91.0,90.0,64.0,70.0,81.0,85.0,83.0,67,67,67,65.0,88.0,86
73,219.0,25.0,0.0,0.0,0.0,67.0,91.0,90.0,87.0,54.0,65.0,83.0,77.0,78.0,72,70,68,68.0,79.0,85
72,205.0,24.0,0.0,0.0,0.0,67.0,88.0,90.0,90.0,63.0,59.0,79.0,79.0,81.0,71,70,73,65.0,91.0,87
69,188.0,24.0,4.0,0.0,0.0,67.0,95.0,93.0,88.0,57.0,52.0,79.0,81.0,78.0,72,72,71,63.0,87.0,89
73,195.0,24.0,3.0,0.0,0.0,67.0,93.0,93.0,88.0,56.0,65.0,79.0,78.0,74.0,67,66,69,67.0,84.0,90
73,195.0,24.0,0.0,0.0,0.0,67.0,93.0,93.0,88.0,56.0,65.0,79.0,78.0,74.0,67,66,69,67.0,84.0,90
73,195.0,24.0,10.0,0.0,0.0,67.0,93.0,93.0,88.0,56.0,65.0,79.0,78.0,74.0,67,66,69,67.0,84.0,90
73,195.0,24.0,0.0,0.0,0.0,67.0,93.0,93.0,88.0,56.0,65.0,79.0,78.0,74.0,67,66,69,67.0,84.0,90
73,195.0,24.0,16.0,0.0,0.0,67.0,93.0,93.0,88.0,56.0,65.0,79.0,78.0,74.0,67,66,69,67.0,84.0,90
73,210.0,24.0,1.0,0.0,0.0,67.0,88.0,87.0,85.0,65.0,66.0,79.0,82.0,80.0,74,73,70,68.0,80.0,83
70,186.0,22.0,4.0,0.0,0.0,67.0,91.0,89.0,90.0,60.0,67.0,80.0,78.0,74.0,70,69,66,70.0,86.0,87
68,175.0,25.0,0.0,0.0,0.0,67.0,93.0,91.0,91.0,55.0,67.0,79.0,74.0,73.0,69,71,68,62.0,89.0,91
73,181.0,22.0,4.0,0.0,0.0,67.0,90.0,91.0,83.0,54.0,67.0,78.0,76.0,76.0,71,71,73,64.0,87.0,87
73,189.0,27.0,49.0,0.0,1.0,66.0,86.0,88.0,83.0,63.0,71.0,80.0,83.0,76.0,70,71,72,60.0,86.0,83
73,189.0,27.0,21.0,0.0,0.0,66.0,86.0,88.0,83.0,63.0,71.0,80.0,83.0,76.0,70,71,72,60.0,86.0,83
73,189.0,27.0,2.0,0.0,0.0,66.0,86.0,88.0,83.0,63.0,71.0,80.0,83.0,76.0,70,71,72,60.0,86.0,83
68,174.0,22.0,0.0,0.0,0.0,66.0,91.0,92.0,91.0,52.0,61.0,83.0,76.0,72.0,68,70,70,59.0,84.0,92
69,185.0,27.0,0.0,0.0,0.0,66.0,92.0,91.0,83.0,56.0,61.0,80.0,78.0,75.0,69,69,72,68.0,83.0,80
76,222.0,23.0,1.0,0.0,0.0,66.0,91.0,89.0,88.0,66.0,64.0,80.0,79.0,78.0,68,67,69,69.0,83.0,81
72,180.0,24.0,0.0,0.0,0.0,66.0,91.0,89.0,88.0,59.0,56.0,78.0,74.0,79.0,72,75,73,54.0,93.0,86
74,215.0,28.0,0.0,0.0,0.0,66.0,86.0,89.0,77.0,68.0,70.0,82.0,81.0,80.0,71,72,68,69.0,85.0,71
72,190.0,24.0,0.0,0.0,0.0,66.0,88.0,89.0,88.0,56.0,75.0,80.0,77.0,74.0,70,69,64,62.0,86.0,83
76,225.0,23.0,0.0,0.0,0.0,66.0,82.0,86.0,81.0,67.0,68.0,83.0,82.0,82.0,70,68,65,67.0,83.0,81
74,208.0,23.0,0.0,0.0,0.0,66.0,89.0,88.0,84.0,59.0,68.0,79.0,80.0,79.0,67,67,69,68.0,86.0,82
70,182.0,23.0,0.0,0.0,0.0,65.0,91.0,89.0,88.0,54.0,65.0,79.0,76.0,75.0,70,69,71,58.0,82.0,87
68,170.0,29.0,0.0,0.0,0.0,65.0,92.0,90.0,82.0,55.0,64.0,78.0,78.0,78.0,70,67,69,63.0,90.0,82
75,220.0,21.0,0.0,0.0,0.0,65.0,89.0,87.0,78.0,63.0,70.0,78.0,83.0,79.0,66,64,66,67.0,90.0,76
73,193.0,22.0,1.0,0.0,0.0,65.0,87.0,90.0,86.0,61.0,56.0,82.0,77.0,80.0,72,72,70,64.0,77.0,86
71,210.0,26.0,6.0,1.0,1.0,65.0,87.0,89.0,86.0,66.0,72.0,80.0,75.0,71.0,69,68,71,65.0,80.0,81
71,185.0,24.0,0.0,0.0,0.0,65.0,89.0,91.0,88.0,61.0,57.0,80.0,80.0,75.0,72,71,72,58.0,86.0,88
72,205.0,35.0,0.0,2.0,10.0,65.0,87.0,89.0,77.0,62.0,76.0,76.0,74.0,76.0,73,69,64,68.0,80.0,74
68,181.0,25.0,0.0,0.0,0.0,65.0,86.0,89.0,86.0,49.0,59.0,79.0,78.0,77.0,75,72,69,60.0,78.0,87
67,173.0,23.0,0.0,0.0,0.0,64.0,87.0,90.0,89.0,41.0,55.0,83.0,81.0,76.0,72,68,66,55.0,80.0,91
76,225.0,23.0,0.0,0.0,0.0,64.0,89.0,90.0,79.0,65.0,65.0,80.0,82.0,80.0,66,64,62,66.0,85.0,77
72,200.0,23.0,0.0,0.0,0.0,64.0,88.0,89.0,83.0,65.0,67.0,76.0,78.0,77.0,65,65,68,66.0,85.0,84
70,195.0,25.0,0.0,0.0,0.0,64.0,87.0,90.0,91.0,64.0,58.0,81.0,76.0,75.0,67,66,69,64.0,86.0,88
73,220.0,25.0,0.0,0.0,0.0,64.0,90.0,88.0,89.0,59.0,56.0,80.0,81.0,76.0,69,67,68,64.0,86.0,87
69,182.0,27.0,0.0,0.0,0.0,64.0,87.0,90.0,89.0,59.0,60.0,77.0,78.0,76.0,72,70,69,61.0,88.0,90
77,226.0,24.0,16.0,0.0,0.0,63.0,88.0,90.0,85.0,71.0,60.0,79.0,81.0,79.0,65,64,61,68.0,85.0,75
77,226.0,24.0,0.0,0.0,0.0,63.0,88.0,90.0,85.0,71.0,60.0,79.0,81.0,79.0,65,64,61,68.0,85.0,75
73,181.0,25.0,0.0,0.0,0.0,63.0,89.0,87.0,86.0,53.0,62.0,78.0,78.0,77.0,70,69,66,66.0,84.0,81
68,180.0,25.0,0.0,0.0,0.0,63.0,86.0,90.0,86.0,58.0,55.0,78.0,79.0,77.0,72,72,71,62.0,80.0,83
71,195.0,24.0,0.0,0.0,0.0,63.0,86.0,88.0,87.0,59.0,58.0,79.0,84.0,80.0,68,65,67,64.0,78.0,91
75,217.0,22.0,0.0,0.0,0.0,63.0,92.0,88.0,79.0,59.0,64.0,78.0,75.0,77.0,66,66,69,66.0,81.0,77
74,207.0,25.0,0.0,0.0,0.0,62.0,87.0,89.0,83.0,66.0,53.0,82.0,76.0,80.0,68,67,68,65.0,82.0,79
76,210.0,26.0,0.0,0.0,0.0,62.0,87.0,89.0,84.0,63.0,65.0,79.0,76.0,77.0,65,65,64,62.0,85.0,78
75,220.0,24.0,7.0,0.0,0.0,62.0,86.0,88.0,80.0,62.0,64.0,79.0,82.0,81.0,63,61,58,65.0,88.0,78
72,198.0,24.0,0.0,0.0,0.0,61.0,89.0,91.0,90.0,45.0,49.0,79.0,82.0,78.0,63,64,63,59.0,86.0,88
75,202.0,24.0,0.0,0.0,0.0,60.0,95.0,92.0,89.0,57.0,52.0,75.0,76.0,71.0,61,59,62,62.0,86.0,87
75,215.0,22.0,0.0,0.0,0.0,59.0,84.0,86.0,77.0,69.0,53.0,77.0,76.0,80.0,64,66,63,64.0,85.0,71
73,215.0,29.0,89.0,3.0,6.0,99.0,90.0,92.0,95.0,63.0,99.0,99.0,99.0,99.0,98,97,95,99.0,96.0,97
74,208.0,29.0,60.0,1.0,1.0,98.0,89.0,96.0,95.0,66.0,99.0,99.0,88.0,88.0,99,98,94,90.0,82.0,94
69,185.0,28.0,97.0,5.0,8.0,97.0,99.0,99.0,98.0,64.0,90.0,88.0,91.0,85.0,93,93,96,92.0,92.0,99
73,212.0,30.0,82.0,3.0,5.0,96.0,90.0,88.0,89.0,79.0,95.0,96.0,99.0,97.0,97,96,91,98.0,99.0,86
72,191.0,28.0,85.0,1.0,4.0,95.0,92.0,94.0,92.0,62.0,96.0,98.0,94.0,92.0,94,95,92,91.0,91.0,95
73,195.0,23.0,57.0,2.0,4.0,93.0,91.0,91.0,93.0,64.0,97.0,94.0,94.0,88.0,92,92,93,95.0,94.0,95
77,231.0,29.0,24.0,0.0,0.0,92.0,90.0,89.0,84.0,78.0,96.0,91.0,97.0,98.0,85,84,85,97.0,96.0,82
77,231.0,29.0,1.0,0.0,0.0,92.0,90.0,89.0,84.0,78.0,96.0,91.0,97.0,98.0,85,84,85,97.0,96.0,82
77,231.0,29.0,79.0,0.0,6.0,92.0,90.0,89.0,84.0,78.0,96.0,91.0,97.0,98.0,85,84,85,97.0,96.0,82
74,211.0,30.0,77.0,0.0,6.0,91.0,88.0,89.0,92.0,72.0,94.0,90.0,95.0,95.0,93,94,88,91.0,93.0,88
72,210.0,25.0,47.0,0.0,2.0,91.0,94.0,93.0,88.0,67.0,89.0,97.0,95.0,90.0,87,89,89,96.0,87.0,89
73,210.0,28.0,66.0,0.0,5.0,90.0,91.0,88.0,94.0,68.0,93.0,95.0,90.0,88.0,90,91,90,90.0,91.0,93
75,212.0,29.0,0.0,0.0,0.0,90.0,87.0,91.0,89.0,77.0,89.0,93.0,96.0,96.0,89,88,87,94.0,91.0,89
75,212.0,29.0,60.0,2.0,3.0,90.0,87.0,91.0,89.0,77.0,89.0,93.0,96.0,96.0,89,88,87,94.0,91.0,89
70,182.0,29.0,67.0,1.0,1.0,90.0,93.0,92.0,96.0,50.0,88.0,95.0,91.0,87.0,86,88,88,85.0,85.0,93
73,205.0,26.0,51.0,0.0,1.0,89.0,90.0,92.0,90.0,72.0,90.0,93.0,89.0,92.0,91,90,84,86.0,88.0,89
75,235.0,24.0,51.0,0.0,2.0,89.0,95.0,94.0,84.0,79.0,92.0,92.0,97.0,89.0,84,82,84,88.0,97.0,83
71,215.0,26.0,47.0,1.0,1.0,89.0,92.0,94.0,90.0,80.0,98.0,87.0,92.0,88.0,89,86,81,89.0,94.0,89
74,200.0,32.0,0.0,0.0,0.0,88.0,89.0,92.0,90.0,67.0,91.0,93.0,98.0,93.0,88,87,85,87.0,92.0,83
72,210.0,25.0,6.0,0.0,0.0,88.0,93.0,93.0,92.0,66.0,89.0,87.0,89.0,86.0,87,86,84,86.0,94.0,89
72,210.0,25.0,56.0,0.0,0.0,88.0,93.0,93.0,92.0,66.0,89.0,87.0,89.0,86.0,87,86,84,86.0,94.0,89
72,226.0,25.0,66.0,0.0,3.0,87.0,91.0,94.0,87.0,77.0,95.0,88.0,89.0,89.0,88,85,82,93.0,93.0,88
70,183.0,28.0,72.0,0.0,0.0,87.0,93.0,91.0,93.0,54.0,93.0,92.0,87.0,86.0,85,86,90,80.0,85.0,97
72,201.0,22.0,48.0,1.0,4.0,87.0,94.0,93.0,87.0,73.0,92.0,87.0,90.0,84.0,84,87,89,86.0,95.0,91
73,190.0,27.0,40.0,0.0,0.0,86.0,93.0,94.0,94.0,59.0,79.0,87.0,85.0,82.0,88,90,89,85.0,85.0,91
76,220.0,27.0,0.0,0.0,0.0,86.0,89.0,87.0,83.0,76.0,87.0,87.0,98.0,94.0,84,81,79,88.0,87.0,76
76,220.0,27.0,38.0,0.0,0.0,86.0,89.0,87.0,83.0,76.0,87.0,87.0,98.0,94.0,84,81,79,88.0,87.0,76
76,220.0,27.0,0.0,0.0,0.0,86.0,89.0,87.0,83.0,76.0,87.0,87.0,98.0,94.0,84,81,79,88.0,87.0,76
76,220.0,27.0,0.0,0.0,0.0,86.0,89.0,87.0,83.0,76.0,87.0,87.0,98.0,94.0,84,81,79,88.0,87.0,76
76,220.0,27.0,3.0,0.0,0.0,86.0,89.0,87.0,83.0,76.0,87.0,87.0,98.0,94.0,84,81,79,88.0,87.0,76
76,220.0,27.0,0.0,0.0,0.0,86.0,89.0,87.0,83.0,76.0,87.0,87.0,98.0,94.0,84,81,79,88.0,87.0,76
76,220.0,27.0,0.0,0.0,0.0,86.0,89.0,87.0,83.0,76.0,87.0,87.0,98.0,94.0,84,81,79,88.0,87.0,76
76,220.0,27.0,2.0,0.0,0.0,86.0,89.0,87.0,83.0,76.0,87.0,87.0,98.0,94.0,84,81,79,88.0,87.0,76
76,220.0,27.0,24.0,0.0,0.0,86.0,89.0,87.0,83.0,76.0,87.0,87.0,98.0,94.0,84,81,79,88.0,87.0,76
76,220.0,27.0,12.0,0.0,0.0,86.0,89.0,87.0,83.0,76.0,87.0,87.0,98.0,94.0,84,81,79,88.0,87.0,76
76,220.0,27.0,25.0,0.0,0.0,86.0,89.0,87.0,83.0,76.0,87.0,87.0,98.0,94.0,84,81,79,88.0,87.0,76
76,220.0,27.0,38.0,0.0,0.0,86.0,89.0,87.0,83.0,76.0,87.0,87.0,98.0,94.0,84,81,79,88.0,87.0,76
72,193.0,30.0,36.0,0.0,0.0,86.0,90.0,87.0,86.0,63.0,94.0,90.0,89.0,86.0,91,91,85,82.0,89.0,86
72,193.0,30.0,0.0,0.0,0.0,86.0,90.0,87.0,86.0,63.0,94.0,90.0,89.0,86.0,91,91,85,82.0,89.0,86
72,193.0,30.0,1.0,0.0,0.0,86.0,90.0,87.0,86.0,63.0,94.0,90.0,89.0,86.0,91,91,85,82.0,89.0,86
72,193.0,30.0,59.0,0.0,0.0,86.0,90.0,87.0,86.0,63.0,94.0,90.0,89.0,86.0,91,91,85,82.0,89.0,86
74,200.0,23.0,57.0,1.0,4.0,85.0,90.0,91.0,90.0,69.0,86.0,87.0,88.0,87.0,85,86,86,85.0,93.0,89
70,181.0,26.0,35.0,0.0,1.0,85.0,91.0,93.0,92.0,61.0,88.0,91.0,87.0,82.0,88,84,86,85.0,86.0,93
70,185.0,26.0,21.0,0.0,1.0,85.0,86.0,88.0,87.0,61.0,91.0,96.0,86.0,81.0,92,85,79,65.0,85.0,89
75,216.0,26.0,39.0,0.0,1.0,84.0,91.0,92.0,92.0,73.0,84.0,92.0,92.0,90.0,83,82,76,83.0,92.0,86
70,180.0,23.0,34.0,0.0,0.0,84.0,97.0,97.0,97.0,55.0,76.0,85.0,82.0,86.0,80,80,81,69.0,90.0,94
69,170.0,25.0,34.0,0.0,0.0,84.0,97.0,94.0,96.0,44.0,83.0,86.0,83.0,78.0,82,82,86,76.0,85.0,92
74,203.0,27.0,48.0,0.0,0.0,84.0,89.0,92.0,87.0,63.0,82.0,96.0,90.0,87.0,87,85,82,80.0,88.0,83
72,172.0,23.0,40.0,0.0,0.0,83.0,91.0,94.0,91.0,49.0,86.0,90.0,87.0,81.0,86,83,84,73.0,88.0,90
71,202.0,29.0,56.0,0.0,5.0,83.0,88.0,90.0,90.0,66.0,83.0,89.0,89.0,87.0,87,82,80,81.0,86.0,84
73,198.0,26.0,30.0,0.0,0.0,83.0,91.0,90.0,87.0,68.0,85.0,85.0,88.0,86.0,83,85,88,83.0,93.0,82
76,223.0,24.0,0.0,0.0,0.0,83.0,88.0,89.0,85.0,71.0,85.0,93.0,93.0,90.0,81,81,77,84.0,95.0,84
76,216.0,23.0,37.0,0.0,0.0,83.0,88.0,87.0,85.0,71.0,88.0,88.0,93.0,90.0,83,83,79,84.0,94.0,83
74,220.0,29.0,0.0,0.0,0.0,82.0,89.0,92.0,87.0,70.0,86.0,91.0,91.0,91.0,79,78,75,82.0,92.0,86
75,218.0,29.0,36.0,0.0,0.0,82.0,89.0,90.0,86.0,74.0,84.0,86.0,93.0,89.0,79,78,78,87.0,95.0,82
73,193.0,23.0,28.0,0.0,1.0,82.0,91.0,94.0,93.0,64.0,74.0,82.0,84.0,79.0,86,84,83,77.0,85.0,93
74,198.0,32.0,0.0,0.0,0.0,82.0,88.0,90.0,87.0,71.0,85.0,89.0,92.0,91.0,81,81,82,83.0,92.0,83
75,190.0,29.0,0.0,0.0,0.0,82.0,94.0,92.0,83.0,59.0,83.0,85.0,87.0,82.0,83,84,87,82.0,86.0,84
70,196.0,29.0,30.0,0.0,0.0,82.0,89.0,92.0,91.0,68.0,81.0,89.0,87.0,87.0,84,84,83,81.0,92.0,87
72,200.0,24.0,39.0,0.0,0.0,81.0,91.0,93.0,91.0,65.0,80.0,87.0,83.0,85.0,82,80,77,79.0,95.0,87
71,200.0,25.0,41.0,0.0,0.0,81.0,91.0,93.0,89.0,65.0,84.0,89.0,84.0,85.0,83,81,82,72.0,85.0,85
73,190.0,27.0,0.0,0.0,0.0,81.0,89.0,93.0,93.0,65.0,82.0,88.0,85.0,86.0,82,81,78,80.0,88.0,87
76,213.0,28.0,27.0,0.0,1.0,81.0,89.0,90.0,87.0,74.0,80.0,87.0,90.0,91.0,78,78,75,82.0,93.0,83
72,198.0,29.0,36.0,0.0,0.0,81.0,91.0,91.0,92.0,65.0,80.0,83.0,86.0,83.0,80,82,80,79.0,87.0,85
76,210.0,34.0,77.0,0.0,7.0,80.0,87.0,86.0,83.0,72.0,87.0,89.0,89.0,88.0,80,79,77,81.0,93.0,81
74,210.0,23.0,27.0,0.0,0.0,80.0,90.0,90.0,84.0,67.0,83.0,86.0,85.0,85.0,80,82,84,81.0,87.0,82
74,203.0,25.0,0.0,0.0,0.0,80.0,87.0,92.0,88.0,61.0,82.0,90.0,84.0,88.0,81,80,78,72.0,87.0,84
69,177.0,29.0,33.0,0.0,0.0,80.0,89.0,91.0,93.0,58.0,77.0,87.0,82.0,83.0,80,79,76,76.0,88.0,92
73,215.0,25.0,41.0,0.0,1.0,80.0,87.0,91.0,86.0,74.0,81.0,92.0,88.0,87.0,79,80,77,80.0,92.0,83
76,210.0,28.0,0.0,0.0,0.0,80.0,90.0,92.0,85.0,69.0,86.0,88.0,86.0,85.0,81,80,81,78.0,89.0,83
75,209.0,27.0,31.0,0.0,0.0,79.0,90.0,92.0,90.0,72.0,78.0,82.0,87.0,84.0,81,81,80,79.0,92.0,85
70,174.0,24.0,30.0,0.0,0.0,79.0,93.0,93.0,83.0,51.0,82.0,88.0,87.0,82.0,83,82,82,73.0,88.0,86
70,178.0,22.0,14.0,0.0,0.0,79.0,92.0,91.0,92.0,59.0,76.0,88.0,84.0,83.0,79,77,79,66.0,84.0,93
71,193.0,23.0,7.0,0.0,0.0,79.0,93.0,95.0,93.0,57.0,72.0,84.0,80.0,78.0,77,74,76,67.0,86.0,95
70,180.0,24.0,23.0,0.0,1.0,79.0,97.0,95.0,92.0,60.0,76.0,86.0,80.0,77.0,78,78,81,70.0,86.0,87
67,181.0,22.0,12.0,0.0,0.0,79.0,94.0,92.0,92.0,66.0,75.0,87.0,77.0,77.0,79,76,77,65.0,87.0,91
73,211.0,29.0,43.0,0.0,0.0,79.0,91.0,91.0,87.0,67.0,75.0,83.0,86.0,83.0,78,79,78,80.0,87.0,85
72,197.0,22.0,0.0,0.0,0.0,78.0,87.0,89.0,87.0,67.0,78.0,94.0,86.0,84.0,79,79,77,75.0,91.0,83
76,238.0,24.0,19.0,0.0,0.0,78.0,92.0,90.0,78.0,72.0,81.0,84.0,90.0,86.0,81,79,80,78.0,95.0,75
71,196.0,26.0,29.0,0.0,0.0,78.0,94.0,93.0,91.0,64.0,76.0,84.0,83.0,83.0,75,76,75,78.0,88.0,86
76,205.0,25.0,0.0,0.0,0.0,78.0,94.0,93.0,85.0,64.0,77.0,84.0,87.0,84.0,77,79,81,78.0,93.0,82
74,180.0,21.0,16.0,0.0,0.0,78.0,98.0,95.0,94.0,63.0,65.0,80.0,80.0,77.0,75,78,80,72.0,82.0,94
70,195.0,32.0,64.0,0.0,1.0,78.0,88.0,91.0,88.0,57.0,81.0,88.0,84.0,84.0,79,78,75,77.0,84.0,82
72,186.0,26.0,0.0,0.0,0.0,78.0,90.0,92.0,85.0,60.0,82.0,87.0,85.0,83.0,82,80,77,69.0,93.0,86
74,200.0,26.0,17.0,0.0,0.0,78.0,90.0,93.0,85.0,59.0,83.0,80.0,83.0,82.0,85,83,80,75.0,85.0,81
74,214.0,27.0,0.0,0.0,0.0,78.0,87.0,93.0,85.0,72.0,84.0,86.0,83.0,81.0,82,81,76,75.0,86.0,82
77,227.0,26.0,0.0,0.0,0.0,77.0,90.0,92.0,82.0,71.0,83.0,85.0,84.0,84.0,79,78,78,82.0,90.0,79
75,212.0,23.0,6.0,0.0,0.0,77.0,89.0,90.0,86.0,71.0,81.0,88.0,87.0,85.0,77,76,74,76.0,93.0,81
73,190.0,25.0,28.0,0.0,0.0,77.0,93.0,92.0,85.0,57.0,79.0,78.0,86.0,79.0,80,79,83,77.0,93.0,88
66,170.0,24.0,0.0,0.0,0.0,77.0,91.0,93.0,90.0,50.0,79.0,84.0,80.0,79.0,75,76,77,69.0,80.0,90
67,171.0,29.0,0.0,0.0,0.0,77.0,93.0,91.0,90.0,62.0,74.0,83.0,77.0,73.0,78,75,78,64.0,87.0,90
73,195.0,29.0,0.0,0.0,0.0,77.0,90.0,92.0,89.0,67.0,80.0,85.0,86.0,83.0,78,78,76,77.0,86.0,79
73,227.0,23.0,0.0,0.0,0.0,77.0,88.0,90.0,88.0,74.0,75.0,78.0,84.0,81.0,80,78,76,78.0,91.0,86
72,193.0,22.0,18.0,0.0,0.0,77.0,92.0,92.0,87.0,60.0,80.0,83.0,84.0,83.0,80,79,76,79.0,89.0,85
69,195.0,30.0,0.0,0.0,0.0,76.0,89.0,90.0,87.0,55.0,76.0,82.0,80.0,82.0,79,77,73,75.0,88.0,82
73,185.0,22.0,20.0,0.0,0.0,76.0,93.0,95.0,91.0,59.0,74.0,82.0,83.0,81.0,79,81,79,68.0,82.0,89
73,203.0,27.0,25.0,0.0,0.0,76.0,88.0,92.0,91.0,60.0,78.0,85.0,83.0,79.0,76,75,79,79.0,86.0,82
72,192.0,22.0,24.0,0.0,0.0,76.0,92.0,93.0,93.0,56.0,68.0,81.0,80.0,80.0,77,76,77,65.0,86.0,93
68,173.0,27.0,15.0,0.0,0.0,76.0,92.0,94.0,93.0,53.0,76.0,83.0,79.0,76.0,73,71,72,72.0,86.0,90
76,206.0,27.0,28.0,0.0,0.0,76.0,95.0,94.0,88.0,63.0,75.0,82.0,84.0,80.0,75,77,81,75.0,75.0,85
72,193.0,24.0,13.0,0.0,0.0,76.0,98.0,95.0,86.0,41.0,76.0,87.0,78.0,78.0,76,75,77,69.0,87.0,84
69,185.0,26.0,0.0,0.0,0.0,76.0,90.0,92.0,89.0,44.0,75.0,81.0,83.0,78.0,78,76,75,68.0,84.0,88
77,228.0,25.0,5.0,0.0,0.0,75.0,85.0,86.0,78.0,70.0,75.0,82.0,91.0,85.0,74,72,69,78.0,94.0,73
69,186.0,26.0,11.0,1.0,0.0,75.0,92.0,91.0,91.0,53.0,73.0,86.0,76.0,79.0,80,77,73,68.0,86.0,88
73,203.0,28.0,0.0,0.0,0.0,75.0,91.0,92.0,86.0,61.0,78.0,83.0,83.0,83.0,79,78,76,74.0,85.0,78
74,200.0,26.0,22.0,0.0,0.0,75.0,90.0,91.0,86.0,51.0,77.0,85.0,84.0,82.0,80,78,78,70.0,88.0,84
76,219.0,21.0,25.0,0.0,0.0,75.0,88.0,92.0,88.0,75.0,71.0,82.0,86.0,85.0,77,73,69,77.0,95.0,88
71,181.0,22.0,11.0,0.0,0.0,75.0,92.0,94.0,84.0,57.0,72.0,84.0,81.0,79.0,75,77,78,65.0,84.0,87
69,178.0,23.0,0.0,0.0,0.0,75.0,94.0,96.0,93.0,58.0,65.0,77.0,80.0,77.0,76,74,76,66.0,85.0,90
72,205.0,25.0,9.0,0.0,0.0,75.0,94.0,94.0,91.0,56.0,72.0,83.0,79.0,78.0,76,74,76,64.0,89.0,90
69,174.0,25.0,0.0,0.0,0.0,75.0,94.0,93.0,86.0,54.0,77.0,86.0,81.0,79.0,77,75,79,68.0,82.0,92
68,185.0,32.0,26.0,0.0,0.0,75.0,92.0,91.0,90.0,52.0,70.0,82.0,74.0,71.0,77,76,73,67.0,78.0,89
74,200.0,27.0,25.0,0.0,0.0,75.0,91.0,93.0,87.0,76.0,76.0,88.0,84.0,81.0,73,75,76,74.0,86.0,87
71,199.0,27.0,74.0,0.0,5.0,74.0,88.0,91.0,92.0,67.0,71.0,82.0,83.0,79.0,77,76,71,70.0,90.0,82
71,199.0,27.0,12.0,0.0,0.0,74.0,88.0,91.0,92.0,67.0,71.0,82.0,83.0,79.0,77,76,71,70.0,90.0,82
69,175.0,29.0,0.0,0.0,0.0,74.0,93.0,92.0,92.0,48.0,74.0,82.0,79.0,74.0,74,75,78,65.0,89.0,90
73,195.0,26.0,10.0,0.0,0.0,74.0,90.0,92.0,94.0,50.0,66.0,81.0,81.0,78.0,72,73,70,72.0,90.0,85
74,204.0,23.0,18.0,0.0,0.0,74.0,90.0,90.0,85.0,66.0,77.0,86.0,88.0,88.0,74,72,70,72.0,94.0,83
75,200.0,21.0,24.0,0.0,0.0,74.0,90.0,93.0,90.0,60.0,71.0,85.0,84.0,84.0,76,75,74,69.0,87.0,91
71,197.0,23.0,10.0,0.0,0.0,74.0,93.0,91.0,91.0,62.0,69.0,80.0,84.0,78.0,73,71,74,69.0,94.0,89
70,190.0,27.0,19.0,1.0,1.0,74.0,93.0,92.0,90.0,60.0,71.0,81.0,78.0,79.0,76,73,75,73.0,86.0,88
71,213.0,26.0,32.0,0.0,0.0,74.0,91.0,90.0,84.0,68.0,73.0,80.0,88.0,83.0,75,76,78,76.0,84.0,81
71,213.0,26.0,11.0,0.0,0.0,74.0,91.0,90.0,84.0,68.0,73.0,80.0,88.0,83.0,75,76,78,76.0,84.0,81
75,238.0,31.0,0.0,0.0,0.0,74.0,89.0,88.0,87.0,69.0,65.0,83.0,85.0,82.0,73,74,74,76.0,87.0,83
71,180.0,25.0,7.0,0.0,0.0,74.0,91.0,90.0,87.0,59.0,72.0,83.0,80.0,76.0,75,72,75,69.0,83.0,89
73,204.0,24.0,0.0,0.0,0.0,74.0,87.0,91.0,82.0,68.0,79.0,88.0,87.0,84.0,75,74,68,74.0,92.0,79
69,179.0,31.0,24.0,0.0,0.0,74.0,96.0,96.0,89.0,42.0,68.0,81.0,81.0,79.0,72,74,76,69.0,89.0,86
70,192.0,29.0,0.0,0.0,0.0,74.0,93.0,90.0,89.0,62.0,71.0,83.0,81.0,79.0,73,72,72,67.0,88.0,88
74,210.0,26.0,15.0,0.0,0.0,74.0,89.0,90.0,85.0,67.0,78.0,84.0,85.0,81.0,78,77,75,75.0,89.0,77
75,205.0,29.0,23.0,0.0,0.0,73.0,90.0,91.0,82.0,69.0,73.0,82.0,84.0,82.0,77,78,75,77.0,96.0,78
71,200.0,24.0,12.0,1.0,2.0,73.0,93.0,92.0,87.0,68.0,72.0,84.0,82.0,82.0,75,72,71,67.0,84.0,85
73,212.0,25.0,0.0,0.0,0.0,73.0,93.0,91.0,87.0,61.0,75.0,81.0,82.0,80.0,72,73,75,72.0,87.0,88
71,189.0,22.0,0.0,0.0,0.0,73.0,90.0,92.0,87.0,66.0,70.0,79.0,79.0,79.0,76,75,73,75.0,84.0,88
75,192.0,27.0,25.0,0.0,0.0,73.0,88.0,87.0,86.0,62.0,75.0,83.0,85.0,83.0,76,78,77,73.0,88.0,88
71,203.0,25.0,13.0,0.0,0.0,73.0,89.0,90.0,83.0,63.0,74.0,87.0,83.0,81.0,77,76,73,70.0,87.0,80
73,208.0,24.0,5.0,0.0,0.0,73.0,88.0,91.0,82.0,68.0,77.0,85.0,84.0,83.0,75,74,74,76.0,93.0,81
73,198.0,27.0,13.0,0.0,0.0,73.0,85.0,87.0,83.0,66.0,76.0,81.0,84.0,82.0,79,80,80,75.0,84.0,80
74,224.0,22.0,6.0,0.0,0.0,73.0,89.0,91.0,89.0,74.0,73.0,83.0,82.0,78.0,73,72,67,61.0,85.0,86
73,206.0,24.0,8.0,0.0,0.0,73.0,88.0,91.0,83.0,68.0,77.0,82.0,82.0,83.0,78,78,74,71.0,86.0,81
71,195.0,34.0,24.0,1.0,3.0,72.0,86.0,89.0,88.0,57.0,78.0,80.0,81.0,77.0,75,74,65,71.0,85.0,84
69,188.0,25.0,2.0,0.0,0.0,72.0,92.0,93.0,87.0,58.0,72.0,78.0,81.0,76.0,73,73,76,72.0,84.0,85
68,190.0,29.0,0.0,0.0,0.0,72.0,89.0,93.0,93.0,60.0,74.0,82.0,74.0,75.0,74,75,71,63.0,90.0,92
68,182.0,28.0,0.0,0.0,0.0,72.0,93.0,92.0,89.0,53.0,71.0,83.0,80.0,73.0,72,73,76,64.0,82.0,84
75,225.0,24.0,7.0,0.0,0.0,72.0,88.0,88.0,83.0,75.0,71.0,82.0,85.0,82.0,71,69,68,77.0,92.0,78
76,215.0,23.0,25.0,0.0,1.0,72.0,90.0,91.0,89.0,67.0,72.0,84.0,84.0,82.0,72,71,73,71.0,91.0,79
72,210.0,25.0,5.0,0.0,0.0,72.0,89.0,89.0,87.0,62.0,75.0,83.0,79.0,79.0,76,75,72,66.0,89.0,86
76,218.0,25.0,0.0,0.0,0.0,72.0,90.0,87.0,83.0,73.0,73.0,83.0,86.0,81.0,73,72,74,78.0,92.0,80
69,190.0,25.0,0.0,0.0,0.0,72.0,90.0,92.0,87.0,51.0,71.0,84.0,77.0,80.0,77,71,69,62.0,83.0,84
70,191.0,21.0,4.0,0.0,0.0,72.0,89.0,95.0,86.0,69.0,68.0,85.0,78.0,76.0,74,69,71,78.0,85.0,89
72,216.0,29.0,0.0,0.0,0.0,72.0,87.0,92.0,86.0,66.0,76.0,79.0,79.0,76.0,74,73,72,76.0,90.0,82
68,185.0,21.0,11.0,0.0,0.0,72.0,91.0,93.0,92.0,61.0,64.0,84.0,78.0,77.0,72,70,68,57.0,83.0,90
72,195.0,29.0,0.0,0.0,0.0,71.0,86.0,90.0,90.0,64.0,74.0,83.0,76.0,78.0,75,75,71,62.0,82.0,89
73,215.0,25.0,0.0,0.0,0.0,71.0,92.0,91.0,89.0,61.0,71.0,82.0,79.0,80.0,70,69,72,71.0,88.0,82
74,215.0,28.0,15.0,0.0,0.0,71.0,92.0,91.0,81.0,68.0,71.0,80.0,84.0,77.0,72,74,76,72.0,86.0,76
77,214.0,26.0,0.0,0.0,0.0,71.0,87.0,88.0,82.0,69.0,76.0,83.0,85.0,83.0,75,73,72,72.0,86.0,76
76,208.0,23.0,16.0,0.0,0.0,71.0,93.0,94.0,85.0,65.0,67.0,77.0,77.0,76.0,72,74,76,63.0,89.0,85
75,207.0,24.0,5.0,0.0,0.0,71.0,92.0,91.0,92.0,69.0,69.0,80.0,86.0,83.0,73,70,71,70.0,93.0,78
73,189.0,22.0,6.0,0.0,0.0,71.0,91.0,92.0,88.0,63.0,66.0,79.0,80.0,81.0,72,72,75,69.0,85.0,84
71,190.0,27.0,0.0,0.0,0.0,71.0,87.0,92.0,86.0,50.0,73.0,84.0,82.0,79.0,75,74,71,71.0,83.0,84
68,174.0,23.0,0.0,0.0,0.0,71.0,91.0,92.0,91.0,52.0,61.0,83.0,76.0,72.0,68,70,70,59.0,84.0,92
74,193.0,23.0,7.0,0.0,0.0,71.0,91.0,94.0,86.0,61.0,70.0,79.0,81.0,78.0,70,73,75,70.0,87.0,86
73,210.0,22.0,0.0,0.0,0.0,71.0,88.0,90.0,84.0,65.0,73.0,86.0,83.0,81.0,75,74,75,68.0,83.0,83
74,202.0,26.0,0.0,0.0,0.0,71.0,88.0,90.0,86.0,65.0,73.0,82.0,81.0,77.0,72,74,71,70.0,84.0,82
73,204.0,28.0,8.0,0.0,0.0,71.0,91.0,92.0,80.0,68.0,74.0,82.0,79.0,77.0,74,73,76,70.0,88.0,78
76,220.0,25.0,6.0,0.0,0.0,71.0,91.0,89.0,89.0,68.0,71.0,83.0,85.0,83.0,73,72,70,73.0,93.0,87
75,200.0,22.0,0.0,0.0,0.0,71.0,91.0,89.0,84.0,67.0,74.0,82.0,82.0,81.0,74,73,72,72.0,92.0,83
69,160.0,22.0,12.0,0.0,0.0,71.0,93.0,94.0,89.0,40.0,69.0,76.0,80.0,78.0,71,69,74,53.0,80.0,90
75,208.0,22.0,15.0,0.0,0.0,70.0,92.0,94.0,79.0,62.0,69.0,81.0,83.0,82.0,71,72,74,68.0,92.0,83
69,188.0,25.0,4.0,0.0,0.0,70.0,95.0,93.0,88.0,57.0,52.0,79.0,81.0,78.0,72,72,71,63.0,85.0,89
68,162.0,23.0,0.0,0.0,0.0,70.0,95.0,96.0,91.0,53.0,60.0,79.0,77.0,75.0,69,67,65,60.0,90.0,92
73,200.0,29.0,13.0,0.0,0.0,70.0,89.0,89.0,88.0,58.0,68.0,84.0,82.0,81.0,73,74,71,67.0,87.0,83
78,222.0,24.0,3.0,0.0,0.0,70.0,86.0,90.0,84.0,70.0,73.0,83.0,85.0,82.0,70,69,65,71.0,90.0,80
72,197.0,23.0,0.0,0.0,0.0,70.0,94.0,93.0,88.0,58.0,63.0,76.0,80.0,78.0,72,71,72,65.0,82.0,84
75,215.0,25.0,16.0,0.0,0.0,70.0,84.0,87.0,78.0,72.0,73.0,81.0,83.0,83.0,74,73,69,72.0,87.0,76
73,224.0,24.0,12.0,0.0,0.0,70.0,90.0,89.0,87.0,67.0,66.0,83.0,79.0,79.0,71,68,64,61.0,89.0,83
73,224.0,24.0,0.0,0.0,0.0,70.0,90.0,89.0,87.0,67.0,66.0,83.0,79.0,79.0,71,68,64,61.0,89.0,83
73,201.0,25.0,4.0,0.0,0.0,70.0,88.0,89.0,90.0,61.0,68.0,82.0,80.0,79.0,73,75,74,67.0,80.0,84
74,215.0,25.0,3.0,0.0,0.0,70.0,87.0,89.0,81.0,72.0,72.0,85.0,84.0,81.0,76,74,72,76.0,82.0,79
72,196.0,22.0,18.0,0.0,0.0,70.0,90.0,92.0,83.0,63.0,65.0,80.0,85.0,80.0,74,74,67,67.0,89.0,84
74,215.0,27.0,8.0,0.0,0.0,70.0,85.0,87.0,83.0,71.0,78.0,83.0,84.0,81.0,74,73,69,71.0,86.0,77
71,204.0,24.0,0.0,0.0,0.0,70.0,89.0,91.0,88.0,70.0,70.0,82.0,77.0,76.0,73,69,67,71.0,84.0,82
76,221.0,28.0,17.0,0.0,0.0,70.0,88.0,88.0,84.0,63.0,76.0,79.0,83.0,79.0,75,73,75,72.0,85.0,74
75,215.0,25.0,0.0,0.0,0.0,70.0,88.0,90.0,82.0,64.0,73.0,86.0,82.0,81.0,74,73,68,71.0,85.0,80
74,225.0,26.0,18.0,0.0,0.0,70.0,86.0,88.0,84.0,72.0,71.0,82.0,86.0,80.0,72,71,65,77.0,86.0,78
68,193.0,25.0,0.0,0.0,0.0,70.0,89.0,91.0,86.0,54.0,71.0,81.0,79.0,75.0,74,72,73,67.0,85.0,87
74,194.0,27.0,12.0,0.0,0.0,70.0,86.0,91.0,91.0,66.0,65.0,83.0,83.0,78.0,72,73,71,71.0,82.0,83
68,181.0,28.0,7.0,0.0,0.0,70.0,86.0,90.0,91.0,62.0,69.0,84.0,81.0,80.0,72,70,66,65.0,80.0,91
73,193.0,26.0,0.0,0.0,0.0,70.0,93.0,90.0,83.0,60.0,71.0,83.0,79.0,80.0,69,73,74,69.0,79.0,81
70,212.0,22.0,2.0,0.0,0.0,69.0,89.0,87.0,84.0,65.0,74.0,83.0,78.0,77.0,73,71,71,67.0,82.0,83
72,186.0,21.0,2.0,0.0,0.0,69.0,96.0,95.0,86.0,53.0,68.0,78.0,75.0,75.0,68,69,72,63.0,78.0,85
76,206.0,24.0,0.0,0.0,0.0,69.0,86.0,86.0,81.0,62.0,74.0,84.0,84.0,82.0,73,72,70,73.0,89.0,83
68,175.0,26.0,0.0,0.0,0.0,69.0,92.0,91.0,91.0,55.0,67.0,79.0,74.0,73.0,69,71,68,62.0,89.0,90
70,183.0,28.0,0.0,0.0,0.0,69.0,85.0,89.0,87.0,48.0,69.0,83.0,77.0,79.0,74,70,67,57.0,79.0,89
72,220.0,27.0,15.0,0.0,0.0,69.0,90.0,88.0,83.0,77.0,62.0,83.0,85.0,82.0,70,71,70,70.0,86.0,77
72,199.0,24.0,5.0,0.0,0.0,69.0,91.0,91.0,84.0,60.0,71.0,85.0,77.0,76.0,73,71,70,69.0,85.0,82
75,202.0,28.0,0.0,0.0,0.0,69.0,86.0,85.0,82.0,68.0,72.0,80.0,82.0,80.0,78,77,74,74.0,86.0,80
76,209.0,30.0,0.0,0.0,0.0,69.0,86.0,86.0,86.0,65.0,72.0,84.0,81.0,80.0,71,70,73,72.0,79.0,80
75,215.0,27.0,1.0,0.0,0.0,69.0,87.0,90.0,84.0,66.0,69.0,80.0,83.0,80.0,73,74,73,71.0,82.0,73
76,210.0,22.0,0.0,0.0,0.0,69.0,85.0,85.0,82.0,64.0,68.0,83.0,84.0,81.0,78,77,73,73.0,89.0,80
72,195.0,25.0,0.0,0.0,0.0,69.0,87.0,90.0,88.0,57.0,70.0,81.0,82.0,79.0,73,70,71,65.0,85.0,86
74,205.0,27.0,0.0,0.0,0.0,69.0,87.0,90.0,85.0,58.0,72.0,82.0,83.0,77.0,73,71,75,67.0,88.0,80
71,189.0,23.0,3.0,0.0,0.0,69.0,87.0,93.0,89.0,62.0,66.0,81.0,80.0,76.0,74,73,65,71.0,81.0,90
70,182.0,24.0,0.0,0.0,0.0,69.0,91.0,90.0,88.0,54.0,65.0,79.0,76.0,75.0,70,69,71,58.0,82.0,87
70,186.0,23.0,4.0,0.0,0.0,69.0,91.0,90.0,90.0,60.0,67.0,80.0,78.0,74.0,70,69,66,70.0,86.0,87
70,176.0,25.0,0.0,0.0,0.0,69.0,91.0,93.0,86.0,53.0,68.0,79.0,79.0,76.0,72,70,69,67.0,77.0,84
72,200.0,26.0,2.0,0.0,0.0,69.0,87.0,91.0,85.0,60.0,63.0,84.0,76.0,80.0,74,74,69,67.0,81.0,84
72,180.0,25.0,0.0,0.0,0.0,69.0,91.0,90.0,88.0,59.0,56.0,78.0,74.0,79.0,72,75,73,54.0,93.0,86
71,193.0,23.0,3.0,0.0,0.0,69.0,89.0,92.0,90.0,64.0,70.0,81.0,85.0,83.0,67,67,67,65.0,88.0,86
74,183.0,22.0,3.0,0.0,0.0,69.0,95.0,91.0,82.0,55.0,67.0,83.0,79.0,75.0,70,72,75,62.0,88.0,82
72,204.0,25.0,0.0,0.0,0.0,69.0,94.0,95.0,80.0,64.0,69.0,78.0,77.0,78.0,71,68,72,73.0,81.0,76
76,223.0,24.0,0.0,0.0,0.0,68.0,86.0,88.0,80.0,70.0,64.0,82.0,83.0,80.0,73,72,70,74.0,88.0,82
71,190.0,23.0,3.0,0.0,0.0,68.0,94.0,93.0,90.0,65.0,59.0,78.0,79.0,77.0,67,65,68,66.0,88.0,91
71,185.0,28.0,6.0,0.0,0.0,68.0,90.0,90.0,90.0,63.0,56.0,77.0,81.0,77.0,68,70,71,73.0,90.0,79
73,209.0,21.0,3.0,0.0,0.0,68.0,86.0,90.0,79.0,67.0,72.0,84.0,82.0,80.0,73,71,66,74.0,83.0,76
74,202.0,26.0,1.0,0.0,0.0,68.0,91.0,91.0,90.0,57.0,55.0,76.0,77.0,80.0,77,75,75,74.0,81.0,78
77,214.0,25.0,0.0,0.0,0.0,68.0,90.0,92.0,87.0,67.0,60.0,79.0,83.0,76.0,77,71,74,70.0,83.0,82
73,216.0,25.0,0.0,0.0,0.0,68.0,92.0,91.0,88.0,68.0,49.0,81.0,82.0,80.0,71,72,73,68.0,88.0,86
67,173.0,24.0,0.0,0.0,0.0,68.0,87.0,91.0,89.0,41.0,55.0,83.0,81.0,76.0,72,68,66,55.0,80.0,91
73,181.0,23.0,4.0,0.0,0.0,68.0,90.0,92.0,83.0,54.0,67.0,78.0,76.0,76.0,71,71,73,64.0,87.0,87
71,201.0,25.0,0.0,0.0,0.0,68.0,88.0,91.0,82.0,61.0,69.0,85.0,80.0,79.0,73,70,69,69.0,83.0,79
73,195.0,25.0,3.0,0.0,0.0,68.0,93.0,94.0,88.0,56.0,67.0,79.0,78.0,74.0,67,66,69,67.0,84.0,90
73,195.0,25.0,0.0,0.0,0.0,68.0,93.0,94.0,88.0,56.0,67.0,79.0,78.0,74.0,67,66,69,67.0,84.0,90
73,195.0,25.0,10.0,0.0,0.0,68.0,93.0,94.0,88.0,56.0,67.0,79.0,78.0,74.0,67,66,69,67.0,84.0,90
73,195.0,25.0,0.0,0.0,0.0,68.0,93.0,94.0,88.0,56.0,67.0,79.0,78.0,74.0,67,66,69,67.0,84.0,90
73,195.0,25.0,16.0,0.0,0.0,68.0,93.0,94.0,88.0,56.0,67.0,79.0,78.0,74.0,67,66,69,67.0,84.0,90
73,190.0,26.0,1.0,0.0,0.0,68.0,92.0,92.0,85.0,49.0,66.0,80.0,78.0,74.0,67,71,74,67.0,90.0,87
70,190.0,29.0,0.0,0.0,0.0,68.0,90.0,92.0,85.0,59.0,64.0,76.0,72.0,74.0,74,71,75,66.0,90.0,84
73,189.0,28.0,49.0,0.0,1.0,68.0,86.0,88.0,83.0,63.0,71.0,80.0,83.0,76.0,70,71,72,60.0,86.0,83
73,189.0,28.0,21.0,0.0,0.0,68.0,86.0,88.0,83.0,63.0,71.0,80.0,83.0,76.0,70,71,72,60.0,86.0,83
73,189.0,28.0,2.0,0.0,0.0,68.0,86.0,88.0,83.0,63.0,71.0,80.0,83.0,76.0,70,71,72,60.0,86.0,83
69,181.0,23.0,0.0,0.0,0.0,68.0,91.0,90.0,88.0,54.0,56.0,78.0,79.0,77.0,71,71,69,64.0,85.0,87
72,205.0,25.0,0.0,0.0,0.0,68.0,88.0,91.0,90.0,63.0,58.0,79.0,79.0,81.0,71,70,73,65.0,91.0,87
74,215.0,26.0,4.0,0.0,0.0,68.0,87.0,89.0,87.0,67.0,65.0,82.0,83.0,82.0,70,68,66,73.0,87.0,82
73,219.0,26.0,0.0,0.0,0.0,68.0,90.0,91.0,86.0,54.0,67.0,83.0,77.0,78.0,72,70,68,68.0,79.0,84
70,175.0,26.0,0.0,0.0,0.0,67.0,89.0,92.0,90.0,48.0,55.0,77.0,72.0,75.0,74,69,66,66.0,81.0,90
75,205.0,28.0,3.0,0.0,0.0,67.0,89.0,91.0,86.0,63.0,67.0,78.0,82.0,77.0,66,67,68,74.0,85.0,77
72,205.0,24.0,0.0,0.0,0.0,67.0,88.0,90.0,83.0,62.0,69.0,81.0,79.0,78.0,71,71,68,68.0,87.0,84
74,210.0,26.0,0.0,0.0,0.0,67.0,88.0,86.0,83.0,58.0,65.0,79.0,82.0,79.0,76,73,69,68.0,92.0,81
70,190.0,23.0,0.0,0.0,0.0,67.0,87.0,85.0,81.0,56.0,68.0,79.0,78.0,80.0,69,68,65,60.0,81.0,81
68,178.0,24.0,0.0,0.0,0.0,67.0,92.0,92.0,86.0,58.0,62.0,80.0,79.0,77.0,68,67,66,64.0,83.0,83
72,190.0,25.0,0.0,0.0,0.0,67.0,88.0,90.0,88.0,56.0,75.0,80.0,77.0,74.0,70,69,64,62.0,86.0,83
71,192.0,23.0,5.0,0.0,0.0,67.0,91.0,94.0,87.0,58.0,63.0,78.0,76.0,74.0,68,69,73,69.0,84.0,85
75,211.0,27.0,0.0,0.0,0.0,67.0,90.0,93.0,82.0,69.0,60.0,80.0,82.0,80.0,70,68,70,72.0,92.0,80
75,211.0,27.0,11.0,0.0,0.0,67.0,90.0,93.0,82.0,69.0,60.0,80.0,82.0,80.0,70,68,70,72.0,92.0,80
73,210.0,25.0,1.0,0.0,0.0,67.0,88.0,87.0,85.0,65.0,66.0,79.0,82.0,80.0,74,73,70,68.0,80.0,83
75,215.0,26.0,0.0,0.0,0.0,67.0,87.0,90.0,85.0,62.0,66.0,82.0,84.0,80.0,73,70,69,71.0,86.0,82
75,216.0,30.0,3.0,0.0,0.0,67.0,90.0,90.0,84.0,70.0,63.0,78.0,82.0,80.0,68,69,68,74.0,87.0,81
70,180.0,26.0,0.0,0.0,0.0,67.0,88.0,91.0,89.0,53.0,56.0,76.0,76.0,76.0,71,69,67,62.0,76.0,88
74,201.0,22.0,16.0,0.0,0.0,67.0,90.0,92.0,85.0,60.0,64.0,82.0,78.0,78.0,69,70,70,66.0,83.0,81
75,202.0,26.0,0.0,0.0,0.0,67.0,92.0,93.0,86.0,46.0,70.0,78.0,75.0,73.0,65,68,69,66.0,91.0,82
74,215.0,25.0,0.0,0.0,0.0,66.0,87.0,89.0,80.0,69.0,68.0,80.0,81.0,80.0,71,70,68,71.0,78.0,77
68,181.0,26.0,0.0,0.0,0.0,66.0,86.0,89.0,86.0,49.0,59.0,79.0,78.0,77.0,75,72,69,60.0,78.0,87
74,205.0,26.0,0.0,0.0,0.0,66.0,87.0,88.0,87.0,67.0,59.0,78.0,79.0,73.0,74,73,72,63.0,91.0,89
69,185.0,28.0,0.0,0.0,0.0,66.0,92.0,91.0,83.0,56.0,61.0,80.0,78.0,75.0,69,69,72,68.0,83.0,79
73,193.0,23.0,1.0,0.0,0.0,66.0,87.0,91.0,86.0,61.0,56.0,82.0,77.0,80.0,72,72,70,64.0,77.0,86
74,208.0,24.0,0.0,0.0,0.0,66.0,89.0,89.0,84.0,59.0,68.0,79.0,80.0,79.0,67,67,69,68.0,86.0,82
74,206.0,22.0,0.0,0.0,0.0,66.0,88.0,91.0,81.0,68.0,66.0,80.0,81.0,79.0,68,66,64,71.0,86.0,78
74,198.0,23.0,0.0,0.0,0.0,66.0,91.0,92.0,86.0,44.0,63.0,81.0,78.0,76.0,68,68,66,69.0,86.0,82
72,198.0,25.0,0.0,0.0,0.0,66.0,89.0,91.0,90.0,45.0,49.0,79.0,82.0,78.0,63,64,63,59.0,86.0,88
75,208.0,26.0,1.0,0.0,0.0,66.0,90.0,89.0,84.0,61.0,58.0,81.0,83.0,78.0,69,70,71,69.0,80.0,84
75,210.0,27.0,0.0,0.0,0.0,66.0,90.0,87.0,85.0,62.0,62.0,81.0,81.0,78.0,72,69,72,68.0,84.0,74
76,225.0,24.0,0.0,0.0,0.0,66.0,82.0,85.0,81.0,67.0,68.0,83.0,82.0,82.0,70,68,65,67.0,83.0,81
73,220.0,26.0,0.0,0.0,0.0,66.0,90.0,87.0,89.0,59.0,56.0,80.0,81.0,76.0,69,67,68,64.0,86.0,87
72,205.0,36.0,0.0,2.0,10.0,66.0,87.0,87.0,76.0,62.0,78.0,76.0,74.0,76.0,73,70,64,68.0,80.0,73
68,180.0,26.0,0.0,0.0,0.0,66.0,86.0,91.0,86.0,58.0,55.0,78.0,79.0,77.0,72,72,71,62.0,80.0,83
73,191.0,24.0,2.0,0.0,0.0,66.0,90.0,87.0,90.0,53.0,60.0,78.0,79.0,73.0,66,68,70,61.0,83.0,85
76,222.0,24.0,1.0,0.0,0.0,66.0,91.0,89.0,88.0,66.0,64.0,80.0,79.0,78.0,68,67,69,69.0,83.0,81
70,195.0,26.0,0.0,0.0,0.0,66.0,87.0,91.0,90.0,64.0,58.0,81.0,76.0,75.0,67,66,69,64.0,86.0,88
71,190.0,26.0,0.0,0.0,0.0,65.0,90.0,91.0,90.0,61.0,57.0,79.0,79.0,81.0,69,67,65,71.0,81.0,85
74,215.0,29.0,0.0,0.0,0.0,65.0,85.0,87.0,76.0,68.0,70.0,82.0,81.0,80.0,71,72,68,69.0,85.0,72
74,224.0,23.0,0.0,0.0,0.0,65.0,91.0,93.0,86.0,72.0,57.0,74.0,75.0,79.0,67,65,62,62.0,88.0,82
75,211.0,26.0,0.0,0.0,0.0,65.0,87.0,90.0,85.0,60.0,56.0,77.0,81.0,77.0,72,68,72,70.0,89.0,82
71,195.0,25.0,0.0,0.0,0.0,65.0,86.0,87.0,87.0,59.0,58.0,79.0,84.0,80.0,68,65,67,64.0,78.0,91
69,175.0,23.0,0.0,0.0,0.0,65.0,91.0,92.0,85.0,51.0,55.0,74.0,72.0,71.0,65,63,64,59.0,77.0,89
72,198.0,27.0,0.0,0.0,0.0,65.0,85.0,89.0,88.0,52.0,55.0,78.0,80.0,79.0,76,71,65,60.0,85.0,80
75,220.0,22.0,0.0,0.0,0.0,65.0,89.0,87.0,78.0,63.0,70.0,78.0,83.0,79.0,66,64,66,67.0,90.0,76
70,184.0,24.0,0.0,0.0,0.0,64.0,89.0,90.0,87.0,55.0,57.0,77.0,72.0,77.0,71,64,62,55.0,84.0,84
76,216.0,28.0,0.0,0.0,0.0,64.0,85.0,89.0,81.0,71.0,62.0,79.0,78.0,80.0,71,70,67,70.0,82.0,73
76,225.0,24.0,0.0,0.0,0.0,64.0,89.0,91.0,79.0,65.0,65.0,80.0,82.0,80.0,66,64,62,66.0,85.0,77
72,194.0,24.0,0.0,0.0,0.0,64.0,87.0,91.0,85.0,62.0,51.0,79.0,76.0,78.0,73,67,64,59.0,88.0,87
72,200.0,24.0,0.0,0.0,0.0,64.0,88.0,90.0,83.0,65.0,67.0,76.0,78.0,77.0,65,65,68,66.0,85.0,84
76,201.0,23.0,5.0,0.0,0.0,64.0,86.0,90.0,84.0,60.0,61.0,85.0,81.0,84.0,65,66,61,64.0,86.0,86
73,195.0,25.0,0.0,0.0,0.0,64.0,88.0,92.0,90.0,43.0,52.0,80.0,78.0,78.0,69,68,69,55.0,76.0,86
71,202.0,24.0,0.0,0.0,0.0,64.0,85.0,86.0,79.0,60.0,52.0,81.0,80.0,77.0,72,71,72,63.0,87.0,80
74,203.0,22.0,0.0,0.0,0.0,64.0,88.0,91.0,81.0,58.0,63.0,77.0,78.0,79.0,70,68,66,67.0,86.0,80
75,217.0,23.0,0.0,0.0,0.0,64.0,92.0,89.0,79.0,59.0,64.0,78.0,75.0,77.0,66,66,69,66.0,81.0,77
72,180.0,24.0,0.0,0.0,0.0,64.0,91.0,91.0,89.0,62.0,54.0,77.0,75.0,73.0,68,66,68,69.0,83.0,86
73,191.0,24.0,0.0,0.0,0.0,64.0,89.0,91.0,87.0,52.0,57.0,80.0,77.0,76.0,65,66,67,64.0,85.0,83
71,188.0,24.0,0.0,0.0,0.0,63.0,86.0,89.0,79.0,56.0,62.0,78.0,79.0,75.0,72,71,68,63.0,82.0,78
69,209.0,25.0,0.0,0.0,0.0,63.0,86.0,95.0,86.0,63.0,58.0,73.0,69.0,70.0,65,62,61,52.0,85.0,86
74,220.0,24.0,0.0,0.0,0.0,63.0,89.0,92.0,83.0,74.0,63.0,80.0,79.0,80.0,65,63,59,63.0,89.0,82
75,215.0,27.0,0.0,0.0,0.0,63.0,87.0,89.0,89.0,69.0,52.0,80.0,82.0,78.0,68,65,62,67.0,84.0,86
71,191.0,25.0,0.0,0.0,0.0,63.0,90.0,91.0,83.0,58.0,62.0,78.0,79.0,78.0,64,64,63,58.0,87.0,83
71,191.0,25.0,8.0,0.0,0.0,63.0,90.0,91.0,83.0,58.0,62.0,78.0,79.0,78.0,64,64,63,58.0,87.0,83
77,220.0,25.0,0.0,0.0,0.0,63.0,86.0,90.0,78.0,69.0,66.0,79.0,82.0,80.0,65,64,60,66.0,81.0,75
71,200.0,23.0,0.0,0.0,0.0,63.0,90.0,91.0,84.0,57.0,49.0,75.0,71.0,76.0,65,69,60,56.0,84.0,83
77,226.0,25.0,16.0,0.0,0.0,63.0,88.0,91.0,85.0,71.0,60.0,79.0,81.0,79.0,65,64,61,68.0,85.0,75
77,226.0,25.0,0.0,0.0,0.0,63.0,88.0,91.0,85.0,71.0,60.0,79.0,81.0,79.0,65,64,61,68.0,85.0,75
74,207.0,26.0,0.0,0.0,0.0,63.0,87.0,90.0,83.0,66.0,57.0,82.0,76.0,80.0,68,67,68,65.0,82.0,79
75,224.0,25.0,7.0,0.0,0.0,62.0,86.0,89.0,80.0,62.0,64.0,79.0,82.0,81.0,63,61,58,65.0,87.0,78
73,218.0,23.0,1.0,0.0,0.0,62.0,84.0,91.0,76.0,69.0,52.0,74.0,82.0,74.0,62,61,57,76.0,92.0,72
73,210.0,24.0,0.0,0.0,0.0,62.0,91.0,93.0,79.0,69.0,53.0,78.0,77.0,78.0,64,62,60,67.0,91.0,77
70,190.0,24.0,0.0,0.0,0.0,62.0,86.0,89.0,87.0,49.0,55.0,77.0,72.0,76.0,67,63,64,54.0,78.0,85
74,209.0,24.0,0.0,0.0,0.0,62.0,90.0,93.0,82.0,59.0,66.0,78.0,75.0,75.0,65,64,61,56.0,86.0,81
78,219.0,23.0,0.0,0.0,0.0,62.0,82.0,85.0,75.0,64.0,50.0,78.0,84.0,76.0,62,64,60,79.0,81.0,72
76,198.0,25.0,0.0,0.0,0.0,61.0,86.0,86.0,80.0,57.0,66.0,79.0,84.0,78.0,64,62,65,63.0,84.0,75
72,192.0,25.0,0.0,0.0,0.0,61.0,88.0,91.0,84.0,54.0,54.0,79.0,76.0,79.0,66,64,60,61.0,83.0,79
73,202.0,22.0,0.0,0.0,0.0,61.0,85.0,88.0,79.0,56.0,56.0,79.0,74.0,79.0,70,67,61,57.0,86.0,74
74,209.0,22.0,0.0,0.0,0.0,61.0,91.0,95.0,91.0,67.0,48.0,75.0,75.0,76.0,63,62,60,72.0,92.0,85
77,210.0,24.0,0.0,0.0,0.0,61.0,87.0,89.0,79.0,63.0,56.0,76.0,85.0,77.0,64,62,61,63.0,88.0,74
75,202.0,25.0,0.0,0.0,0.0,60.0,95.0,92.0,89.0,57.0,52.0,75.0,76.0,71.0,61,59,62,62.0,86.0,87
77,211.0,22.0,0.0,0.0,0.0,60.0,84.0,89.0,85.0,59.0,59.0,81.0,82.0,71.0,63,64,63,65.0,82.0,78
75,215.0,23.0,0.0,0.0,0.0,59.0,84.0,86.0,77.0,69.0,53.0,77.0,76.0,80.0,64,66,63,64.0,85.0,71
72,191.0,25.0,0.0,0.0,0.0,59.0,88.0,90.0,79.0,58.0,54.0,72.0,69.0,73.0,66,64,62,64.0,92.0,80
75,206.0,24.0,0.0,0.0,0.0,59.0,88.0,91.0,90.0,64.0,48.0,75.0,82.0,74.0,60,59,57,73.0,78.0,77
74,209.0,27.0,0.0,0.0,0.0,59.0,86.0,83.0,78.0,66.0,60.0,79.0,78.0,74.0,64,66,60,64.0,89.0,75
72,215.0,27.0,47.0,1.0,1.0,89.0,92.0,94.0,90.0,80.0,93.0,88.0,92.0,88.0,90,86,83,88.0,94.0,89
72,200.0,25.0,39.0,0.0,0.0,86.0,91.0,93.0,93.0,65.0,91.0,92.0,83.0,84.0,85,85,81,82.0,95.0,90
75,212.0,26.0,16.0,0.0,0.0,74.0,86.0,88.0,78.0,75.0,81.0,83.0,83.0,83.0,77,76,72,78.0,90.0,76
69,190.0,26.0,0.0,0.0,0.0,73.0,90.0,92.0,87.0,51.0,74.0,82.0,77.0,80.0,77,73,70,62.0,83.0,83
71,195.0,30.0,0.0,0.0,0.0,71.0,86.0,92.0,84.0,64.0,72.0,82.0,79.0,82.0,75,74,71,71.0,84.0,78
72,200.0,24.0,0.0,0.0,0.0,70.0,95.0,93.0,88.0,58.0,63.0,76.0,80.0,78.0,72,71,72,65.0,82.0,84
75,205.0,30.0,23.0,0.0,0.0,68.0,90.0,90.0,81.0,69.0,63.0,80.0,83.0,81.0,71,72,69,74.0,91.0,77
70,184.0,24.0,0.0,0.0,0.0,66.0,87.0,85.0,81.0,56.0,68.0,78.0,78.0,80.0,69,68,65,60.0,81.0,81
72,192.0,23.0,1.0,0.0,0.0,65.0,88.0,90.0,90.0,58.0,43.0,80.0,83.0,75.0,70,68,67,66.0,91.0,90
72,210.0,26.0,6.0,0.0,0.0,86.0,93.0,93.0,92.0,66.0,87.0,89.0,89.0,88.0,84,83,83,88.0,94.0,89
72,210.0,26.0,56.0,0.0,0.0,86.0,93.0,93.0,92.0,66.0,87.0,89.0,89.0,88.0,84,83,83,88.0,94.0,89
70,173.0,25.0,30.0,0.0,0.0,81.0,93.0,93.0,83.0,51.0,82.0,90.0,88.0,87.0,83,81,80,78.0,88.0,86
76,238.0,25.0,19.0,0.0,0.0,76.0,92.0,90.0,78.0,72.0,68.0,89.0,89.0,86.0,76,75,74,77.0,94.0,75
73,195.0,27.0,10.0,0.0,0.0,73.0,89.0,92.0,90.0,50.0,67.0,81.0,82.0,78.0,72,73,72,72.0,90.0,84
71,185.0,21.0,2.0,0.0,0.0,71.0,92.0,93.0,84.0,53.0,69.0,79.0,81.0,81.0,72,73,74,66.0,91.0,87
77,214.0,26.0,0.0,0.0,0.0,71.0,90.0,92.0,86.0,67.0,74.0,81.0,83.0,76.0,77,73,75,70.0,83.0,82
72,200.0,26.0,0.0,0.0,0.0,69.0,94.0,95.0,80.0,64.0,69.0,78.0,77.0,78.0,71,68,72,73.0,81.0,76
73,224.0,25.0,12.0,0.0,0.0,67.0,90.0,89.0,87.0,66.0,62.0,81.0,79.0,79.0,67,64,61,61.0,88.0,83
73,224.0,25.0,0.0,0.0,0.0,67.0,90.0,89.0,87.0,66.0,62.0,81.0,79.0,79.0,67,64,61,61.0,88.0,83
70,180.0,27.0,0.0,0.0,0.0,67.0,88.0,91.0,88.0,52.0,58.0,76.0,76.0,76.0,71,69,67,61.0,76.0,87
74,210.0,27.0,0.0,0.0,0.0,66.0,87.0,85.0,83.0,58.0,65.0,79.0,82.0,79.0,76,73,69,68.0,91.0,81
72,201.0,23.0,48.0,1.0,4.0,94.0,94.0,93.0,89.0,73.0,98.0,94.0,97.0,88.0,93,93,92,94.0,98.0,93
76,219.0,24.0,37.0,0.0,0.0,87.0,88.0,87.0,85.0,71.0,89.0,95.0,95.0,94.0,86,84,82,87.0,97.0,83
74,203.0,28.0,48.0,0.0,0.0,82.0,88.0,91.0,86.0,63.0,80.0,96.0,89.0,87.0,84,83,81,79.0,88.0,82
74,200.0,27.0,0.0,0.0,0.0,71.0,87.0,90.0,83.0,66.0,74.0,86.0,80.0,82.0,74,73,74,67.0,82.0,79
72,188.0,24.0,13.0,0.0,0.0,70.0,90.0,89.0,88.0,56.0,62.0,86.0,78.0,83.0,74,74,72,60.0,87.0,89
72,188.0,24.0,3.0,0.0,0.0,70.0,90.0,89.0,88.0,56.0,62.0,86.0,78.0,83.0,74,74,72,60.0,87.0,89
72,205.0,26.0,0.0,0.0,0.0,67.0,87.0,90.0,90.0,63.0,58.0,78.0,78.0,80.0,69,68,71,65.0,91.0,86
75,212.0,23.0,5.0,0.0,0.0,66.0,92.0,91.0,89.0,63.0,54.0,82.0,78.0,80.0,64,65,67,62.0,90.0,87
68,181.0,29.0,7.0,0.0,0.0,66.0,86.0,89.0,89.0,62.0,61.0,82.0,76.0,80.0,70,68,64,65.0,79.0,87
71,185.0,25.0,0.0,0.0,0.0,63.0,88.0,88.0,79.0,57.0,47.0,76.0,75.0,75.0,64,66,65,54.0,81.0,85
72,191.0,29.0,85.0,1.0,4.0,96.0,92.0,94.0,92.0,62.0,96.0,98.0,96.0,91.0,95,95,96,93.0,91.0,94
74,225.0,24.0,0.0,0.0,0.0,83.0,91.0,93.0,86.0,67.0,84.0,88.0,88.0,84.0,82,84,88,83.0,88.0,85
66,170.0,25.0,0.0,0.0,0.0,74.0,90.0,93.0,90.0,50.0,67.0,84.0,80.0,79.0,72,73,74,69.0,80.0,89
73,205.0,27.0,0.0,0.0,0.0,73.0,90.0,92.0,88.0,54.0,72.0,85.0,79.0,81.0,76,73,71,70.0,79.0,83
72,190.0,23.0,18.0,0.0,0.0,70.0,90.0,93.0,83.0,63.0,65.0,81.0,85.0,81.0,74,74,68,67.0,89.0,84
73,201.0,26.0,4.0,0.0,0.0,68.0,88.0,89.0,89.0,61.0,61.0,82.0,80.0,79.0,72,73,73,67.0,80.0,83
76,223.0,23.0,0.0,0.0,0.0,67.0,88.0,89.0,77.0,69.0,75.0,83.0,79.0,77.0,72,71,70,69.0,88.0,74
74,198.0,24.0,0.0,0.0,0.0,66.0,91.0,92.0,86.0,44.0,63.0,81.0,78.0,76.0,68,68,66,69.0,86.0,82
73,193.0,24.0,28.0,0.0,1.0,83.0,91.0,94.0,93.0,64.0,77.0,81.0,84.0,79.0,85,85,85,77.0,85.0,93
76,216.0,27.0,39.0,0.0,1.0,82.0,90.0,92.0,91.0,74.0,81.0,86.0,91.0,87.0,83,82,77,84.0,93.0,85
76,212.0,29.0,0.0,0.0,0.0,80.0,89.0,91.0,84.0,69.0,86.0,89.0,87.0,86.0,81,81,80,83.0,89.0,82
69,178.0,24.0,0.0,0.0,0.0,75.0,94.0,96.0,93.0,58.0,66.0,78.0,80.0,77.0,76,74,76,66.0,85.0,90
71,182.0,21.0,0.0,0.0,0.0,74.0,92.0,94.0,88.0,55.0,70.0,83.0,85.0,80.0,76,76,76,67.0,92.0,88
74,204.0,25.0,0.0,0.0,0.0,72.0,87.0,91.0,82.0,68.0,72.0,86.0,86.0,84.0,75,74,68,74.0,92.0,79
72,195.0,26.0,0.0,0.0,0.0,70.0,87.0,90.0,88.0,57.0,74.0,82.0,82.0,79.0,73,70,71,66.0,85.0,86
70,170.0,24.0,0.0,0.0,0.0,68.0,91.0,90.0,88.0,54.0,56.0,78.0,79.0,77.0,71,71,69,64.0,85.0,87
76,225.0,25.0,0.0,0.0,0.0,66.0,82.0,85.0,80.0,67.0,69.0,83.0,82.0,82.0,70,68,65,67.0,83.0,80
73,210.0,25.0,0.0,0.0,0.0,62.0,94.0,92.0,81.0,65.0,46.0,73.0,72.0,75.0,59,61,60,75.0,87.0,80
74,195.0,25.0,13.0,0.0,0.0,61.0,85.0,87.0,77.0,54.0,58.0,77.0,82.0,74.0,66,64,59,75.0,84.0,76
74,195.0,25.0,0.0,0.0,0.0,61.0,85.0,87.0,77.0,54.0,58.0,77.0,82.0,74.0,66,64,59,75.0,84.0,76
73,211.0,29.0,66.0,0.0,5.0,91.0,92.0,89.0,94.0,68.0,94.0,89.0,90.0,90.0,91,91,93,91.0,90.0,93
70,180.0,23.0,14.0,0.0,0.0,79.0,92.0,91.0,92.0,59.0,78.0,87.0,84.0,83.0,79,78,79,66.0,84.0,93
74,204.0,24.0,18.0,0.0,0.0,79.0,90.0,90.0,85.0,68.0,80.0,91.0,90.0,89.0,78,76,74,79.0,94.0,83
69,185.0,32.0,24.0,0.0,0.0,76.0,95.0,95.0,89.0,42.0,78.0,84.0,82.0,81.0,73,75,77,69.0,91.0,86
66,170.0,30.0,0.0,0.0,0.0,75.0,93.0,91.0,89.0,62.0,68.0,83.0,77.0,73.0,77,74,77,64.0,87.0,89
73,212.0,22.0,3.0,0.0,0.0,69.0,86.0,90.0,79.0,68.0,75.0,85.0,82.0,80.0,73,71,66,74.0,85.0,76
68,175.0,24.0,0.0,0.0,0.0,69.0,91.0,92.0,91.0,52.0,58.0,82.0,76.0,72.0,66,68,68,59.0,84.0,92
75,215.0,23.0,10.0,0.0,0.0,69.0,88.0,90.0,79.0,70.0,71.0,85.0,82.0,79.0,74,73,72,72.0,88.0,77
75,215.0,23.0,4.0,0.0,0.0,69.0,88.0,90.0,79.0,70.0,71.0,85.0,82.0,79.0,74,73,72,72.0,88.0,77
72,186.0,22.0,2.0,0.0,0.0,68.0,96.0,95.0,86.0,52.0,63.0,78.0,75.0,75.0,68,69,72,62.0,78.0,85
73,204.0,23.0,0.0,0.0,0.0,64.0,88.0,91.0,81.0,58.0,63.0,77.0,78.0,79.0,70,68,66,67.0,86.0,80
77,231.0,30.0,24.0,0.0,0.0,90.0,90.0,89.0,83.0,78.0,95.0,92.0,97.0,96.0,84,83,85,90.0,95.0,81
77,231.0,30.0,1.0,0.0,0.0,90.0,90.0,89.0,83.0,78.0,95.0,92.0,97.0,96.0,84,83,85,90.0,95.0,81
77,231.0,30.0,79.0,0.0,6.0,90.0,90.0,89.0,83.0,78.0,95.0,92.0,97.0,96.0,84,83,85,90.0,95.0,81
73,208.0,27.0,51.0,0.0,1.0,86.0,90.0,91.0,89.0,72.0,88.0,93.0,89.0,91.0,87,87,84,86.0,88.0,88
72,185.0,27.0,0.0,0.0,0.0,76.0,90.0,92.0,84.0,60.0,81.0,86.0,85.0,82.0,79,77,75,69.0,92.0,86
72,219.0,28.0,15.0,0.0,0.0,68.0,89.0,87.0,82.0,77.0,62.0,83.0,85.0,82.0,68,69,68,70.0,86.0,76
72,192.0,22.0,6.0,0.0,0.0,68.0,95.0,92.0,80.0,54.0,73.0,77.0,78.0,76.0,69,70,72,66.0,79.0,86
72,190.0,22.0,0.0,0.0,0.0,65.0,91.0,90.0,86.0,65.0,61.0,78.0,77.0,74.0,68,67,66,70.0,83.0,83
70,180.0,25.0,0.0,0.0,0.0,64.0,87.0,91.0,91.0,50.0,47.0,74.0,72.0,74.0,64,60,62,51.0,82.0,87
73,201.0,24.0,0.0,0.0,0.0,63.0,85.0,87.0,82.0,64.0,55.0,78.0,77.0,76.0,72,72,72,63.0,82.0,84
68,160.0,23.0,0.0,0.0,0.0,62.0,94.0,93.0,86.0,48.0,53.0,75.0,74.0,71.0,60,59,62,51.0,91.0,89
69,180.0,26.0,34.0,0.0,0.0,84.0,97.0,94.0,96.0,44.0,80.0,90.0,85.0,81.0,81,82,86,76.0,85.0,92
67,180.0,23.0,12.0,0.0,0.0,80.0,94.0,92.0,92.0,66.0,77.0,86.0,79.0,77.0,80,76,77,65.0,87.0,91
74,215.0,28.0,0.0,0.0,0.0,74.0,88.0,92.0,84.0,72.0,77.0,84.0,83.0,81.0,78,77,73,73.0,86.0,82
67,175.0,25.0,0.0,0.0,0.0,73.0,87.0,91.0,88.0,41.0,72.0,89.0,81.0,77.0,75,73,70,62.0,77.0,90
74,213.0,23.0,11.0,0.0,0.0,69.0,87.0,89.0,89.0,72.0,63.0,78.0,81.0,81.0,76,75,70,69.0,93.0,85
73,218.0,24.0,1.0,0.0,0.0,62.0,84.0,91.0,76.0,70.0,52.0,74.0,82.0,74.0,62,61,57,76.0,92.0,72
70,175.0,26.0,0.0,0.0,0.0,61.0,95.0,96.0,88.0,51.0,46.0,72.0,68.0,70.0,61,59,60,50.0,89.0,89
74,211.0,31.0,77.0,0.0,6.0,89.0,88.0,88.0,89.0,72.0,90.0,95.0,93.0,90.0,91,92,87,89.0,93.0,88
76,218.0,28.0,0.0,0.0,0.0,88.0,89.0,87.0,83.0,76.0,89.0,92.0,98.0,95.0,85,82,79,86.0,91.0,76
76,218.0,28.0,38.0,0.0,0.0,88.0,89.0,87.0,83.0,76.0,89.0,92.0,98.0,95.0,85,82,79,86.0,91.0,76
76,218.0,28.0,0.0,0.0,0.0,88.0,89.0,87.0,83.0,76.0,89.0,92.0,98.0,95.0,85,82,79,86.0,91.0,76
76,218.0,28.0,0.0,0.0,0.0,88.0,89.0,87.0,83.0,76.0,89.0,92.0,98.0,95.0,85,82,79,86.0,91.0,76
76,218.0,28.0,3.0,0.0,0.0,88.0,89.0,87.0,83.0,76.0,89.0,92.0,98.0,95.0,85,82,79,86.0,91.0,76
76,218.0,28.0,0.0,0.0,0.0,88.0,89.0,87.0,83.0,76.0,89.0,92.0,98.0,95.0,85,82,79,86.0,91.0,76
76,218.0,28.0,0.0,0.0,0.0,88.0,89.0,87.0,83.0,76.0,89.0,92.0,98.0,95.0,85,82,79,86.0,91.0,76
76,218.0,28.0,2.0,0.0,0.0,88.0,89.0,87.0,83.0,76.0,89.0,92.0,98.0,95.0,85,82,79,86.0,91.0,76
76,218.0,28.0,24.0,0.0,0.0,88.0,89.0,87.0,83.0,76.0,89.0,92.0,98.0,95.0,85,82,79,86.0,91.0,76
76,218.0,28.0,12.0,0.0,0.0,88.0,89.0,87.0,83.0,76.0,89.0,92.0,98.0,95.0,85,82,79,86.0,91.0,76
76,218.0,28.0,25.0,0.0,0.0,88.0,89.0,87.0,83.0,76.0,89.0,92.0,98.0,95.0,85,82,79,86.0,91.0,76
76,218.0,28.0,38.0,0.0,0.0,88.0,89.0,87.0,83.0,76.0,89.0,92.0,98.0,95.0,85,82,79,86.0,91.0,76
73,210.0,23.0,0.0,0.0,0.0,78.0,88.0,90.0,84.0,65.0,82.0,88.0,85.0,84.0,78,78,80,80.0,88.0,85
76,215.0,21.0,11.0,0.0,0.0,74.0,89.0,90.0,83.0,70.0,76.0,81.0,84.0,80.0,76,78,75,71.0,94.0,85
73,212.0,26.0,0.0,0.0,0.0,70.0,92.0,91.0,86.0,61.0,70.0,80.0,82.0,80.0,70,71,73,69.0,87.0,88
68,165.0,22.0,3.0,0.0,0.0,69.0,94.0,94.0,82.0,59.0,58.0,82.0,80.0,79.0,71,72,73,59.0,77.0,82
74,190.0,27.0,1.0,0.0,0.0,68.0,92.0,92.0,85.0,49.0,66.0,80.0,78.0,74.0,67,71,74,67.0,90.0,87
75,215.0,27.0,0.0,0.0,0.0,67.0,87.0,90.0,85.0,62.0,66.0,82.0,84.0,80.0,73,70,69,71.0,86.0,82
72,181.0,24.0,0.0,0.0,0.0,64.0,87.0,89.0,79.0,54.0,67.0,79.0,79.0,77.0,69,69,69,61.0,78.0,80
72,193.0,24.0,7.0,0.0,0.0,81.0,93.0,95.0,93.0,61.0,76.0,84.0,81.0,78.0,78,76,77,69.0,88.0,95
76,206.0,28.0,28.0,0.0,0.0,78.0,94.0,93.0,87.0,63.0,80.0,82.0,85.0,82.0,77,79,81,76.0,79.0,84
69,185.0,27.0,0.0,0.0,0.0,76.0,90.0,92.0,88.0,44.0,74.0,87.0,83.0,82.0,77,76,75,68.0,84.0,87
70,195.0,22.0,4.0,0.0,0.0,73.0,89.0,95.0,86.0,69.0,70.0,84.0,78.0,76.0,75,72,74,77.0,86.0,89
74,203.0,23.0,11.0,0.0,0.0,73.0,88.0,91.0,84.0,67.0,72.0,83.0,83.0,83.0,78,77,75,68.0,92.0,84
74,215.0,28.0,0.0,0.0,0.0,71.0,90.0,93.0,82.0,69.0,69.0,79.0,82.0,80.0,76,74,76,74.0,92.0,80
74,215.0,28.0,11.0,0.0,0.0,71.0,90.0,93.0,82.0,69.0,69.0,79.0,82.0,80.0,76,74,76,74.0,92.0,80
76,210.0,23.0,0.0,0.0,0.0,69.0,85.0,85.0,82.0,64.0,69.0,83.0,84.0,81.0,77,77,73,73.0,90.0,80
71,190.0,27.0,0.0,0.0,0.0,69.0,94.0,94.0,90.0,51.0,57.0,76.0,77.0,75.0,68,66,70,64.0,87.0,86
72,204.0,25.0,0.0,0.0,0.0,67.0,88.0,90.0,83.0,61.0,69.0,81.0,79.0,78.0,71,71,68,68.0,87.0,84
73,185.0,24.0,4.0,0.0,0.0,67.0,90.0,92.0,83.0,54.0,62.0,78.0,76.0,76.0,70,70,72,64.0,87.0,87
76,223.0,25.0,0.0,0.0,0.0,85.0,88.0,89.0,85.0,71.0,88.0,93.0,93.0,93.0,83,82,78,85.0,95.0,84
68,173.0,28.0,15.0,0.0,0.0,77.0,92.0,93.0,93.0,53.0,74.0,83.0,79.0,76.0,75,75,75,73.0,86.0,89
75,211.0,23.0,15.0,0.0,0.0,74.0,92.0,94.0,79.0,62.0,75.0,82.0,85.0,84.0,74,76,77,72.0,92.0,83
73,215.0,26.0,0.0,0.0,0.0,72.0,93.0,92.0,89.0,61.0,73.0,83.0,79.0,80.0,72,71,74,71.0,88.0,82
70,175.0,22.0,14.0,0.0,0.0,71.0,90.0,93.0,91.0,51.0,60.0,84.0,83.0,82.0,77,74,73,61.0,91.0,90
74,215.0,29.0,15.0,0.0,0.0,70.0,92.0,91.0,80.0,68.0,72.0,80.0,82.0,77.0,72,74,76,72.0,86.0,75
74,202.0,27.0,0.0,0.0,0.0,68.0,88.0,90.0,85.0,65.0,60.0,80.0,80.0,77.0,71,73,70,70.0,84.0,82
75,195.0,27.0,0.0,0.0,0.0,67.0,92.0,93.0,86.0,46.0,70.0,78.0,75.0,73.0,65,68,69,66.0,91.0,82
75,215.0,26.0,1.0,0.0,0.0,67.0,88.0,87.0,85.0,65.0,66.0,79.0,82.0,80.0,74,73,70,68.0,80.0,83
77,224.0,26.0,16.0,0.0,0.0,65.0,88.0,91.0,85.0,72.0,68.0,81.0,81.0,79.0,68,67,62,68.0,85.0,75
77,224.0,26.0,0.0,0.0,0.0,65.0,88.0,91.0,85.0,72.0,68.0,81.0,81.0,79.0,68,67,62,68.0,85.0,75
72,210.0,27.0,47.0,0.0,2.0,92.0,94.0,93.0,88.0,67.0,89.0,97.0,95.0,94.0,89,90,90,96.0,87.0,89
71,195.0,27.0,29.0,0.0,0.0,82.0,94.0,93.0,91.0,64.0,83.0,86.0,83.0,84.0,80,80,79,78.0,88.0,86
71,182.0,23.0,11.0,0.0,0.0,77.0,92.0,94.0,84.0,61.0,77.0,84.0,85.0,85.0,77,80,80,73.0,84.0,87
72,195.0,23.0,6.0,0.0,0.0,71.0,91.0,92.0,88.0,63.0,68.0,80.0,81.0,81.0,72,72,75,69.0,85.0,84
72,190.0,24.0,1.0,0.0,0.0,67.0,87.0,91.0,86.0,61.0,60.0,82.0,77.0,80.0,72,72,70,64.0,77.0,86
76,210.0,28.0,0.0,0.0,0.0,63.0,86.0,88.0,82.0,63.0,70.0,79.0,76.0,77.0,65,65,64,62.0,85.0,77
71,198.0,23.0,0.0,0.0,0.0,62.0,86.0,87.0,79.0,67.0,60.0,78.0,74.0,76.0,71,70,63,65.0,85.0,80
74,200.0,24.0,57.0,1.0,4.0,90.0,90.0,91.0,90.0,70.0,97.0,94.0,93.0,89.0,86,88,87,91.0,94.0,89
70,189.0,29.0,72.0,0.0,0.0,83.0,93.0,92.0,92.0,54.0,85.0,85.0,86.0,85.0,84,86,87,80.0,85.0,94
73,198.0,27.0,30.0,0.0,0.0,80.0,91.0,89.0,87.0,68.0,80.0,86.0,88.0,86.0,80,82,84,81.0,93.0,82
73,195.0,24.0,7.0,0.0,0.0,70.0,91.0,94.0,86.0,61.0,64.0,79.0,81.0,78.0,70,73,75,70.0,87.0,86
69,160.0,27.0,0.0,0.0,0.0,69.0,95.0,94.0,93.0,48.0,54.0,74.0,71.0,69.0,62,63,63,49.0,89.0,91
75,220.0,25.0,1.0,0.0,0.0,68.0,91.0,89.0,88.0,66.0,69.0,81.0,80.0,79.0,68,67,69,69.0,83.0,81
72,172.0,22.0,0.0,0.0,0.0,68.0,92.0,92.0,81.0,59.0,49.0,81.0,78.0,74.0,75,75,74,68.0,80.0,85
73,198.0,24.0,0.0,0.0,0.0,66.0,89.0,92.0,80.0,66.0,64.0,80.0,77.0,79.0,68,70,66,64.0,92.0,80
74,205.0,23.0,2.0,0.0,0.0,65.0,88.0,90.0,80.0,61.0,66.0,77.0,81.0,76.0,71,70,68,64.0,84.0,81
70,191.0,29.0,97.0,5.0,8.0,98.0,99.0,99.0,98.0,64.0,94.0,94.0,91.0,87.0,94,94,98,95.0,92.0,99
70,182.0,24.0,34.0,0.0,0.0,88.0,98.0,97.0,97.0,57.0,87.0,86.0,83.0,84.0,82,84,81,81.0,90.0,96
75,190.0,30.0,0.0,0.0,0.0,75.0,95.0,92.0,83.0,59.0,69.0,82.0,83.0,80.0,77,78,82,77.0,86.0,84
74,197.0,27.0,0.0,0.0,0.0,75.0,89.0,91.0,86.0,51.0,77.0,85.0,84.0,82.0,80,78,78,70.0,88.0,83
69,190.0,27.0,11.0,1.0,0.0,73.0,92.0,91.0,91.0,55.0,72.0,84.0,76.0,79.0,77,75,71,68.0,86.0,87
72,198.0,28.0,0.0,0.0,0.0,68.0,86.0,88.0,88.0,52.0,67.0,80.0,80.0,79.0,76,72,66,60.0,85.0,80
72,197.0,25.0,5.0,0.0,0.0,68.0,91.0,91.0,84.0,60.0,68.0,85.0,77.0,76.0,73,71,70,69.0,84.0,82
74,206.0,23.0,0.0,0.0,0.0,65.0,88.0,91.0,81.0,68.0,60.0,80.0,81.0,79.0,68,66,64,71.0,86.0,78
73,226.0,26.0,66.0,0.0,3.0,91.0,91.0,93.0,87.0,79.0,95.0,93.0,94.0,93.0,92,87,84,92.0,94.0,88
72,170.0,24.0,40.0,0.0,0.0,87.0,91.0,94.0,91.0,49.0,90.0,94.0,88.0,85.0,88,86,88,79.0,89.0,91
72,193.0,25.0,13.0,0.0,0.0,75.0,97.0,95.0,86.0,41.0,76.0,85.0,78.0,78.0,76,75,77,69.0,87.0,84
68,193.0,26.0,0.0,0.0,0.0,72.0,89.0,90.0,86.0,54.0,75.0,86.0,79.0,78.0,76,74,75,68.0,85.0,86
71,190.0,28.0,0.0,0.0,0.0,70.0,87.0,92.0,86.0,50.0,70.0,84.0,82.0,79.0,74,73,70,71.0,83.0,83
74,205.0,25.0,0.0,0.0,0.0,64.0,90.0,93.0,82.0,59.0,67.0,79.0,75.0,75.0,68,67,64,61.0,86.0,81
68,173.0,26.0,0.0,0.0,0.0,63.0,89.0,93.0,91.0,39.0,53.0,75.0,67.0,71.0,64,62,57,50.0,78.0,90
73,190.0,28.0,0.0,0.0,0.0,60.0,95.0,93.0,83.0,54.0,48.0,74.0,77.0,73.0,60,62,67,57.0,93.0,81
76,213.0,22.0,25.0,0.0,0.0,80.0,88.0,92.0,88.0,75.0,83.0,90.0,86.0,86.0,79,77,72,80.0,95.0,88
76,221.0,29.0,17.0,0.0,0.0,74.0,90.0,88.0,84.0,63.0,79.0,85.0,84.0,82.0,78,77,78,76.0,85.0,74
69,174.0,26.0,0.0,0.0,0.0,73.0,95.0,93.0,86.0,54.0,68.0,85.0,81.0,80.0,75,73,78,67.0,82.0,92
71,183.0,28.0,0.0,0.0,0.0,71.0,88.0,90.0,85.0,58.0,74.0,84.0,83.0,79.0,74,73,75,68.0,88.0,80
68,180.0,27.0,0.0,0.0,0.0,66.0,87.0,91.0,86.0,58.0,55.0,78.0,79.0,77.0,72,72,71,62.0,80.0,83
73,200.0,25.0,0.0,0.0,0.0,64.0,88.0,90.0,83.0,65.0,67.0,76.0,78.0,77.0,65,65,68,66.0,85.0,84
70,196.0,30.0,30.0,0.0,0.0,81.0,88.0,91.0,90.0,68.0,83.0,87.0,88.0,86.0,82,81,82,82.0,92.0,86
72,208.0,26.0,9.0,0.0,0.0,77.0,93.0,92.0,90.0,56.0,76.0,88.0,79.0,77.0,77,75,77,67.0,89.0,89
75,201.0,24.0,5.0,0.0,0.0,77.0,88.0,90.0,85.0,60.0,80.0,90.0,83.0,85.0,78,80,76,74.0,86.0,87
73,194.0,26.0,28.0,0.0,0.0,77.0,94.0,92.0,85.0,57.0,79.0,80.0,87.0,82.0,78,77,80,76.0,92.0,88
68,174.0,34.0,0.0,0.0,0.0,75.0,85.0,86.0,88.0,61.0,70.0,85.0,84.0,83.0,82,78,72,75.0,89.0,86
68,185.0,30.0,33.0,0.0,0.0,75.0,88.0,91.0,92.0,58.0,76.0,82.0,80.0,81.0,74,73,70,72.0,87.0,90
68,185.0,22.0,11.0,0.0,0.0,74.0,91.0,93.0,92.0,61.0,68.0,84.0,78.0,79.0,75,73,71,57.0,83.0,90
70,174.0,29.0,0.0,0.0,0.0,71.0,87.0,90.0,92.0,55.0,66.0,78.0,76.0,73.0,70,69,72,61.0,84.0,93
72,185.0,21.0,3.0,0.0,0.0,70.0,93.0,95.0,82.0,57.0,68.0,84.0,77.0,75.0,73,74,76,61.0,90.0,83
78,220.0,25.0,3.0,0.0,0.0,69.0,86.0,90.0,84.0,70.0,73.0,83.0,84.0,82.0,70,69,65,71.0,90.0,80
73,195.0,26.0,3.0,0.0,0.0,68.0,94.0,93.0,87.0,56.0,69.0,80.0,78.0,74.0,68,67,70,68.0,83.0,89
73,195.0,26.0,0.0,0.0,0.0,68.0,94.0,93.0,87.0,56.0,69.0,80.0,78.0,74.0,68,67,70,68.0,83.0,89
73,195.0,26.0,10.0,0.0,0.0,68.0,94.0,93.0,87.0,56.0,69.0,80.0,78.0,74.0,68,67,70,68.0,83.0,89
73,195.0,26.0,0.0,0.0,0.0,68.0,94.0,93.0,87.0,56.0,69.0,80.0,78.0,74.0,68,67,70,68.0,83.0,89
73,195.0,26.0,16.0,0.0,0.0,68.0,94.0,93.0,87.0,56.0,69.0,80.0,78.0,74.0,68,67,70,68.0,83.0,89
71,200.0,26.0,41.0,0.0,0.0,85.0,91.0,93.0,89.0,65.0,92.0,91.0,86.0,83.0,87,86,85,77.0,85.0,86
73,190.0,28.0,40.0,0.0,0.0,85.0,93.0,94.0,93.0,59.0,80.0,87.0,86.0,82.0,86,88,89,85.0,85.0,91
74,200.0,28.0,25.0,0.0,0.0,81.0,91.0,93.0,87.0,76.0,87.0,90.0,86.0,81.0,79,80,82,78.0,86.0,87
70,190.0,28.0,19.0,1.0,1.0,76.0,93.0,92.0,90.0,60.0,77.0,82.0,79.0,78.0,77,74,76,73.0,86.0,88
70,212.0,21.0,5.0,0.0,0.0,69.0,89.0,91.0,87.0,66.0,52.0,84.0,84.0,82.0,73,73,69,64.0,89.0,87
73,200.0,25.0,0.0,0.0,0.0,63.0,90.0,88.0,83.0,63.0,55.0,76.0,73.0,78.0,72,68,62,73.0,93.0,85
73,200.0,25.0,0.0,0.0,0.0,63.0,90.0,88.0,83.0,63.0,55.0,76.0,73.0,78.0,72,68,62,73.0,93.0,85
71,189.0,25.0,0.0,0.0,0.0,63.0,93.0,92.0,85.0,52.0,49.0,76.0,80.0,73.0,63,64,61,52.0,91.0,85
74,211.0,23.0,0.0,0.0,0.0,63.0,89.0,87.0,78.0,63.0,56.0,78.0,83.0,79.0,66,64,66,67.0,90.0,76
74,200.0,23.0,0.0,0.0,0.0,61.0,91.0,95.0,91.0,67.0,48.0,75.0,75.0,76.0,63,62,60,72.0,92.0,85
72,192.0,23.0,24.0,0.0,0.0,84.0,92.0,93.0,93.0,56.0,84.0,92.0,84.0,83.0,81,80,81,77.0,86.0,93
70,187.0,25.0,23.0,0.0,1.0,79.0,96.0,96.0,92.0,60.0,75.0,85.0,80.0,77.0,78,78,81,70.0,86.0,86
75,209.0,28.0,31.0,0.0,0.0,78.0,90.0,92.0,89.0,72.0,78.0,84.0,86.0,83.0,79,79,78,79.0,91.0,84
77,227.0,27.0,0.0,0.0,0.0,78.0,89.0,92.0,82.0,71.0,84.0,88.0,85.0,84.0,79,79,77,83.0,90.0,79
70,192.0,33.0,64.0,0.0,1.0,76.0,88.0,90.0,87.0,57.0,78.0,87.0,83.0,83.0,78,77,73,76.0,84.0,81
72,195.0,30.0,0.0,0.0,0.0,71.0,86.0,89.0,89.0,64.0,74.0,83.0,76.0,78.0,75,75,71,62.0,82.0,88
75,220.0,27.0,0.0,0.0,0.0,66.0,90.0,86.0,88.0,59.0,56.0,80.0,81.0,76.0,69,67,68,64.0,86.0,86
72,195.0,23.0,0.0,0.0,0.0,87.0,89.0,90.0,90.0,67.0,92.0,97.0,87.0,84.0,89,89,82,84.0,91.0,85
74,189.0,22.0,16.0,0.0,0.0,79.0,98.0,95.0,94.0,63.0,69.0,80.0,80.0,77.0,75,78,80,74.0,82.0,94
74,198.0,33.0,0.0,0.0,0.0,78.0,88.0,90.0,86.0,71.0,82.0,82.0,90.0,87.0,79,78,79,81.0,92.0,82
68,182.0,29.0,0.0,0.0,0.0,75.0,93.0,92.0,88.0,53.0,78.0,88.0,80.0,73.0,75,76,78,69.0,82.0,84
75,196.0,28.0,25.0,0.0,0.0,75.0,87.0,86.0,85.0,62.0,79.0,87.0,85.0,84.0,78,79,78,75.0,88.0,87
75,207.0,25.0,5.0,0.0,0.0,70.0,92.0,91.0,92.0,69.0,65.0,78.0,85.0,81.0,73,70,71,71.0,93.0,78
70,194.0,27.0,0.0,0.0,0.0,69.0,87.0,90.0,89.0,64.0,68.0,83.0,76.0,75.0,70,69,72,66.0,86.0,87
72,180.0,26.0,0.0,0.0,0.0,67.0,91.0,90.0,88.0,59.0,56.0,78.0,74.0,79.0,68,71,69,54.0,93.0,86
74,199.0,23.0,0.0,0.0,0.0,66.0,90.0,90.0,84.0,61.0,53.0,80.0,83.0,81.0,70,71,71,65.0,83.0,82
76,208.0,24.0,16.0,0.0,0.0,77.0,96.0,94.0,85.0,65.0,79.0,83.0,83.0,85.0,76,79,81,69.0,89.0,86
74,204.0,23.0,16.0,0.0,0.0,74.0,92.0,94.0,85.0,60.0,76.0,84.0,81.0,80.0,75,76,76,70.0,83.0,81
71,187.0,23.0,18.0,0.0,0.0,73.0,91.0,92.0,87.0,58.0,68.0,80.0,82.0,81.0,78,78,77,64.0,82.0,86
71,189.0,24.0,3.0,0.0,0.0,68.0,94.0,93.0,90.0,65.0,59.0,78.0,79.0,77.0,67,65,68,66.0,88.0,91
73,206.0,22.0,10.0,0.0,0.0,68.0,89.0,88.0,87.0,60.0,64.0,76.0,80.0,78.0,71,71,71,67.0,90.0,86
73,191.0,25.0,2.0,0.0,0.0,67.0,90.0,87.0,90.0,53.0,64.0,78.0,79.0,73.0,67,69,72,63.0,83.0,85
74,201.0,22.0,0.0,0.0,0.0,64.0,87.0,90.0,85.0,60.0,64.0,78.0,79.0,78.0,67,66,64,62.0,85.0,80
74,206.0,26.0,0.0,0.0,0.0,63.0,89.0,88.0,82.0,68.0,54.0,78.0,77.0,82.0,67,62,58,71.0,85.0,78
74,195.0,33.0,0.0,0.0,0.0,83.0,89.0,91.0,89.0,67.0,85.0,90.0,92.0,88.0,85,84,83,82.0,94.0,83
75,200.0,26.0,0.0,0.0,0.0,77.0,94.0,93.0,85.0,64.0,76.0,83.0,86.0,84.0,75,77,79,76.0,92.0,82
73,220.0,24.0,0.0,0.0,0.0,75.0,89.0,90.0,88.0,74.0,73.0,80.0,84.0,81.0,76,73,70,74.0,91.0,86
74,200.0,23.0,0.0,0.0,0.0,73.0,91.0,89.0,84.0,67.0,76.0,84.0,82.0,81.0,76,75,74,74.0,91.0,83
69,175.0,30.0,0.0,0.0,0.0,72.0,92.0,91.0,92.0,48.0,71.0,82.0,79.0,74.0,72,73,75,65.0,88.0,90
74,220.0,22.0,4.0,0.0,0.0,72.0,90.0,92.0,82.0,71.0,71.0,81.0,81.0,79.0,77,77,77,74.0,89.0,81
70,190.0,24.0,4.0,0.0,0.0,70.0,91.0,90.0,90.0,60.0,69.0,80.0,78.0,74.0,71,70,67,70.0,86.0,87
70,180.0,25.0,0.0,0.0,0.0,69.0,91.0,90.0,88.0,54.0,65.0,79.0,76.0,75.0,70,69,71,58.0,82.0,87
73,216.0,26.0,0.0,0.0,0.0,67.0,91.0,90.0,87.0,67.0,49.0,81.0,82.0,80.0,71,72,73,68.0,88.0,86
73,215.0,26.0,41.0,0.0,1.0,82.0,87.0,91.0,86.0,74.0,86.0,96.0,88.0,87.0,83,82,76,80.0,92.0,82
75,219.0,30.0,36.0,0.0,0.0,80.0,88.0,90.0,85.0,73.0,85.0,89.0,91.0,88.0,77,76,75,82.0,95.0,81
73,190.0,28.0,0.0,0.0,0.0,78.0,88.0,92.0,92.0,65.0,75.0,84.0,85.0,85.0,78,78,76,78.0,88.0,86
74,182.0,23.0,3.0,0.0,0.0,70.0,96.0,91.0,82.0,55.0,69.0,82.0,79.0,76.0,71,73,75,66.0,89.0,84
68,170.0,22.0,9.0,0.0,0.0,67.0,91.0,93.0,83.0,57.0,48.0,83.0,80.0,78.0,68,69,69,63.0,89.0,85
72,195.0,21.0,5.0,0.0,0.0,66.0,88.0,90.0,83.0,56.0,51.0,79.0,79.0,78.0,73,72,71,70.0,83.0,84
74,180.0,25.0,0.0,0.0,0.0,66.0,91.0,91.0,89.0,62.0,67.0,78.0,75.0,73.0,69,67,69,69.0,83.0,86
72,205.0,37.0,0.0,2.0,10.0,66.0,87.0,87.0,76.0,62.0,77.0,76.0,74.0,76.0,73,70,64,68.0,79.0,73
73,215.0,30.0,89.0,3.0,6.0,97.0,90.0,91.0,94.0,63.0,98.0,97.0,98.0,95.0,97,96,95,99.0,97.0,97
74,200.0,26.0,0.0,0.0,0.0,81.0,87.0,92.0,88.0,62.0,82.0,91.0,86.0,90.0,82,81,78,72.0,87.0,85
70,185.0,27.0,21.0,0.0,1.0,81.0,86.0,88.0,87.0,61.0,83.0,93.0,86.0,81.0,88,84,78,65.0,85.0,88
68,188.0,30.0,0.0,0.0,0.0,76.0,89.0,93.0,92.0,60.0,78.0,87.0,78.0,77.0,78,80,77,70.0,87.0,91
73,194.0,30.0,0.0,0.0,0.0,73.0,89.0,91.0,89.0,67.0,72.0,80.0,86.0,83.0,74,74,72,75.0,86.0,78
70,192.0,30.0,0.0,0.0,0.0,72.0,93.0,91.0,89.0,62.0,65.0,82.0,81.0,79.0,72,71,72,65.0,88.0,87
77,214.0,27.0,0.0,0.0,0.0,70.0,87.0,87.0,81.0,69.0,74.0,83.0,85.0,83.0,75,73,72,72.0,86.0,75
69,185.0,22.0,7.0,0.0,0.0,70.0,91.0,91.0,85.0,53.0,50.0,81.0,79.0,76.0,75,76,74,58.0,87.0,82
73,214.0,26.0,0.0,0.0,0.0,67.0,89.0,93.0,91.0,60.0,62.0,78.0,77.0,76.0,69,66,64,63.0,91.0,88
74,208.0,30.0,60.0,1.0,1.0,96.0,91.0,96.0,94.0,66.0,91.0,99.0,89.0,89.0,99,98,91,89.0,82.0,94
73,200.0,27.0,17.0,0.0,0.0,76.0,90.0,93.0,85.0,59.0,76.0,82.0,83.0,82.0,83,81,79,75.0,85.0,81
73,203.0,28.0,25.0,0.0,0.0,75.0,89.0,91.0,90.0,60.0,78.0,85.0,83.0,80.0,75,74,76,78.0,86.0,82
69,165.0,23.0,12.0,0.0,0.0,71.0,93.0,94.0,89.0,40.0,65.0,78.0,80.0,78.0,71,69,73,54.0,80.0,90
73,206.0,25.0,8.0,0.0,0.0,71.0,88.0,91.0,83.0,68.0,72.0,83.0,82.0,83.0,74,74,71,72.0,86.0,81
75,224.0,26.0,7.0,0.0,0.0,70.0,86.0,89.0,80.0,68.0,74.0,88.0,83.0,82.0,74,73,69,73.0,88.0,78
73,206.0,22.0,23.0,0.0,1.0,67.0,87.0,88.0,78.0,65.0,72.0,82.0,80.0,83.0,72,70,68,65.0,81.0,79
75,202.0,24.0,0.0,0.0,0.0,64.0,87.0,91.0,89.0,67.0,45.0,74.0,81.0,83.0,64,65,62,76.0,89.0,83
69,174.0,25.0,0.0,0.0,0.0,63.0,90.0,93.0,78.0,60.0,56.0,79.0,77.0,75.0,67,66,65,66.0,82.0,79
70,185.0,25.0,0.0,0.0,0.0,63.0,86.0,91.0,89.0,66.0,55.0,82.0,78.0,81.0,66,64,62,67.0,88.0,88
73,205.0,24.0,0.0,0.0,0.0,61.0,88.0,89.0,83.0,67.0,52.0,76.0,75.0,74.0,65,64,63,61.0,79.0,82
71,198.0,30.0,0.0,0.0,0.0,85.0,91.0,93.0,92.0,53.0,74.0,87.0,96.0,89.0,81,82,83,83.0,96.0,91
72,198.0,30.0,36.0,0.0,0.0,79.0,91.0,91.0,91.0,65.0,78.0,82.0,87.0,83.0,79,79,79,79.0,87.0,84
73,197.0,23.0,18.0,0.0,0.0,79.0,92.0,92.0,87.0,60.0,82.0,84.0,85.0,84.0,81,80,79,81.0,89.0,85
69,182.0,22.0,20.0,0.0,1.0,77.0,93.0,92.0,92.0,55.0,66.0,80.0,83.0,82.0,79,80,80,75.0,85.0,91
71,202.0,25.0,12.0,1.0,2.0,76.0,94.0,92.0,87.0,68.0,77.0,88.0,82.0,82.0,78,76,75,70.0,84.0,85
71,191.0,26.0,0.0,0.0,0.0,70.0,88.0,91.0,82.0,61.0,73.0,85.0,81.0,80.0,74,71,70,69.0,83.0,79
69,188.0,26.0,4.0,0.0,0.0,69.0,94.0,93.0,87.0,57.0,52.0,79.0,81.0,77.0,70,70,69,61.0,85.0,88
71,198.0,24.0,3.0,0.0,0.0,69.0,89.0,92.0,90.0,64.0,70.0,81.0,84.0,82.0,67,67,67,65.0,88.0,86
73,197.0,29.0,49.0,0.0,1.0,68.0,86.0,88.0,83.0,63.0,71.0,80.0,83.0,76.0,70,71,72,60.0,86.0,83
73,197.0,29.0,21.0,0.0,0.0,68.0,86.0,88.0,83.0,63.0,71.0,80.0,83.0,76.0,70,71,72,60.0,86.0,83
73,197.0,29.0,2.0,0.0,0.0,68.0,86.0,88.0,83.0,63.0,71.0,80.0,83.0,76.0,70,71,72,60.0,86.0,83
74,215.0,28.0,8.0,0.0,0.0,68.0,85.0,87.0,83.0,71.0,72.0,83.0,83.0,80.0,74,72,72,71.0,86.0,76
72,187.0,23.0,20.0,0.0,0.0,84.0,93.0,95.0,91.0,59.0,83.0,95.0,85.0,84.0,82,85,86,76.0,82.0,91
75,212.0,30.0,0.0,0.0,0.0,84.0,86.0,89.0,87.0,77.0,86.0,88.0,91.0,92.0,88,83,79,86.0,92.0,86
75,212.0,30.0,60.0,2.0,3.0,84.0,86.0,89.0,87.0,77.0,86.0,88.0,91.0,92.0,88,83,79,86.0,92.0,86
74,210.0,27.0,15.0,0.0,0.0,75.0,89.0,90.0,84.0,66.0,79.0,85.0,85.0,83.0,80,79,77,75.0,89.0,77
72,180.0,25.0,0.0,0.0,0.0,74.0,92.0,94.0,90.0,58.0,71.0,83.0,74.0,68.0,71,70,73,58.0,87.0,89
75,215.0,24.0,6.0,0.0,0.0,72.0,89.0,90.0,86.0,71.0,66.0,85.0,85.0,82.0,73,72,70,75.0,91.0,81
71,213.0,27.0,32.0,0.0,0.0,72.0,91.0,89.0,84.0,68.0,70.0,80.0,87.0,83.0,73,74,76,76.0,84.0,80
71,213.0,27.0,11.0,0.0,0.0,72.0,91.0,89.0,84.0,68.0,70.0,80.0,87.0,83.0,73,74,76,76.0,84.0,80
71,180.0,26.0,7.0,0.0,0.0,71.0,90.0,89.0,86.0,59.0,67.0,83.0,80.0,76.0,70,69,70,68.0,83.0,88
77,205.0,23.0,2.0,0.0,0.0,68.0,90.0,93.0,85.0,68.0,65.0,80.0,81.0,77.0,74,72,70,69.0,85.0,81
75,210.0,28.0,0.0,0.0,0.0,66.0,89.0,87.0,84.0,62.0,64.0,81.0,81.0,78.0,72,69,71,68.0,84.0,74
73,215.0,25.0,0.0,0.0,0.0,62.0,91.0,93.0,79.0,69.0,53.0,78.0,77.0,78.0,64,62,60,67.0,90.0,77
70,182.0,30.0,67.0,1.0,1.0,89.0,90.0,92.0,95.0,50.0,90.0,98.0,90.0,87.0,87,87,90,84.0,85.0,92
76,235.0,25.0,51.0,0.0,2.0,88.0,95.0,94.0,84.0,79.0,88.0,91.0,94.0,92.0,84,83,86,87.0,95.0,83
73,200.0,21.0,15.0,0.0,1.0,78.0,89.0,90.0,94.0,63.0,70.0,87.0,86.0,85.0,83,81,78,74.0,86.0,92
69,190.0,26.0,2.0,0.0,0.0,72.0,92.0,93.0,87.0,58.0,72.0,79.0,81.0,76.0,73,73,76,72.0,84.0,85
74,205.0,27.0,0.0,0.0,0.0,66.0,87.0,88.0,86.0,67.0,59.0,78.0,79.0,73.0,74,73,71,63.0,90.0,88
76,200.0,24.0,0.0,0.0,0.0,65.0,92.0,92.0,88.0,56.0,59.0,78.0,77.0,78.0,65,66,67,71.0,87.0,80
74,224.0,24.0,0.0,0.0,0.0,65.0,91.0,93.0,86.0,71.0,59.0,77.0,75.0,79.0,68,66,63,62.0,88.0,82
70,184.0,25.0,0.0,0.0,0.0,64.0,89.0,90.0,87.0,55.0,57.0,77.0,72.0,77.0,71,64,62,55.0,84.0,84
76,207.0,25.0,0.0,0.0,0.0,63.0,78.0,79.0,80.0,62.0,63.0,81.0,82.0,82.0,67,65,63,67.0,86.0,77
72,192.0,26.0,0.0,0.0,0.0,61.0,88.0,91.0,84.0,54.0,54.0,79.0,76.0,79.0,66,64,60,61.0,83.0,79
70,183.0,27.0,35.0,0.0,1.0,82.0,90.0,93.0,91.0,61.0,79.0,86.0,88.0,83.0,86,85,84,85.0,86.0,92
75,200.0,22.0,24.0,0.0,0.0,80.0,90.0,93.0,90.0,61.0,81.0,87.0,92.0,88.0,80,79,78,76.0,94.0,91
74,220.0,30.0,0.0,0.0,0.0,79.0,88.0,91.0,87.0,70.0,84.0,89.0,90.0,89.0,76,75,72,80.0,90.0,85
76,220.0,26.0,6.0,0.0,0.0,71.0,91.0,89.0,88.0,68.0,71.0,83.0,85.0,83.0,73,72,70,73.0,93.0,86
69,162.0,24.0,0.0,0.0,0.0,70.0,95.0,96.0,91.0,53.0,60.0,79.0,77.0,75.0,69,67,65,64.0,90.0,92
72,190.0,26.0,0.0,0.0,0.0,67.0,88.0,90.0,88.0,56.0,75.0,80.0,77.0,74.0,70,69,64,62.0,86.0,82
72,198.0,26.0,0.0,0.0,0.0,66.0,89.0,91.0,90.0,45.0,49.0,79.0,82.0,78.0,63,64,63,59.0,86.0,88
74,208.0,25.0,0.0,0.0,0.0,66.0,89.0,89.0,84.0,59.0,68.0,78.0,80.0,79.0,67,67,69,68.0,86.0,82
77,227.0,27.0,0.0,0.0,0.0,65.0,87.0,87.0,81.0,73.0,65.0,78.0,82.0,78.0,66,63,60,70.0,87.0,78
75,215.0,24.0,0.0,0.0,0.0,59.0,84.0,86.0,77.0,69.0,53.0,77.0,76.0,80.0,64,66,63,64.0,85.0,71
72,195.0,31.0,36.0,0.0,0.0,77.0,90.0,87.0,85.0,63.0,79.0,86.0,85.0,85.0,81,79,78,81.0,89.0,85
72,195.0,31.0,0.0,0.0,0.0,77.0,90.0,87.0,85.0,63.0,79.0,86.0,85.0,85.0,81,79,78,81.0,89.0,85
72,195.0,31.0,1.0,0.0,0.0,77.0,90.0,87.0,85.0,63.0,79.0,86.0,85.0,85.0,81,79,78,81.0,89.0,85
72,195.0,31.0,59.0,0.0,0.0,77.0,90.0,87.0,85.0,63.0,79.0,86.0,85.0,85.0,81,79,78,81.0,89.0,85
74,215.0,27.0,18.0,0.0,0.0,74.0,88.0,88.0,83.0,72.0,79.0,85.0,87.0,84.0,76,75,72,78.0,90.0,78
71,187.0,23.0,0.0,0.0,0.0,74.0,90.0,92.0,87.0,66.0,75.0,79.0,79.0,79.0,76,75,73,75.0,84.0,88
76,215.0,24.0,25.0,0.0,1.0,72.0,90.0,91.0,89.0,67.0,68.0,86.0,84.0,82.0,74,73,75,72.0,91.0,79
70,165.0,23.0,12.0,0.0,0.0,72.0,90.0,93.0,90.0,47.0,57.0,82.0,80.0,77.0,75,75,73,65.0,80.0,93
69,212.0,23.0,2.0,0.0,0.0,69.0,89.0,87.0,84.0,65.0,71.0,83.0,78.0,78.0,72,70,70,67.0,82.0,83
70,176.0,26.0,0.0,0.0,0.0,69.0,91.0,93.0,86.0,53.0,68.0,79.0,79.0,76.0,72,70,69,67.0,77.0,84
75,205.0,23.0,2.0,0.0,0.0,67.0,88.0,89.0,86.0,62.0,65.0,85.0,82.0,81.0,70,69,68,68.0,86.0,83
74,220.0,25.0,0.0,0.0,0.0,63.0,89.0,92.0,83.0,73.0,63.0,80.0,79.0,80.0,65,63,59,63.0,89.0,82
73,212.0,31.0,82.0,3.0,5.0,93.0,89.0,87.0,88.0,78.0,93.0,96.0,99.0,98.0,90,89,89,90.0,96.0,85
74,225.0,23.0,6.0,0.0,0.0,75.0,89.0,91.0,89.0,74.0,77.0,84.0,83.0,81.0,76,75,71,64.0,85.0,86
73,200.0,30.0,13.0,0.0,0.0,73.0,88.0,88.0,88.0,58.0,78.0,84.0,82.0,81.0,76,77,74,68.0,87.0,82
71,189.0,24.0,3.0,0.0,0.0,71.0,87.0,93.0,89.0,62.0,69.0,82.0,81.0,78.0,75,74,67,71.0,81.0,90
74,211.0,26.0,0.0,0.0,0.0,70.0,88.0,90.0,82.0,64.0,73.0,84.0,82.0,81.0,75,74,69,71.0,85.0,80
75,212.0,24.0,0.0,0.0,0.0,66.0,91.0,91.0,81.0,69.0,47.0,79.0,82.0,84.0,68,67,65,70.0,95.0,84
70,203.0,25.0,0.0,0.0,0.0,64.0,85.0,86.0,79.0,60.0,52.0,81.0,80.0,77.0,72,71,72,63.0,87.0,80
75,217.0,24.0,0.0,0.0,0.0,64.0,92.0,89.0,79.0,59.0,64.0,78.0,75.0,77.0,66,66,69,66.0,81.0,77
71,193.0,24.0,0.0,0.0,0.0,62.0,92.0,93.0,82.0,55.0,54.0,76.0,80.0,68.0,63,59,65,69.0,77.0,84
73,195.0,24.0,57.0,2.0,4.0,99.0,92.0,93.0,93.0,64.0,99.0,98.0,99.0,97.0,98,97,97,98.0,96.0,96
71,203.0,26.0,13.0,0.0,0.0,77.0,90.0,91.0,83.0,64.0,80.0,91.0,83.0,82.0,79,79,76,73.0,87.0,80
71,175.0,21.0,15.0,0.0,0.0,76.0,89.0,91.0,86.0,52.0,74.0,82.0,82.0,80.0,80,81,79,62.0,84.0,89
71,197.0,24.0,10.0,0.0,0.0,71.0,93.0,91.0,91.0,62.0,58.0,79.0,82.0,78.0,72,70,73,68.0,94.0,89
68,181.0,27.0,0.0,0.0,0.0,70.0,86.0,88.0,85.0,49.0,75.0,83.0,78.0,77.0,75,73,70,63.0,77.0,86
72,190.0,24.0,5.0,0.0,0.0,69.0,91.0,94.0,87.0,58.0,67.0,79.0,76.0,74.0,69,70,74,69.0,83.0,85
73,191.0,25.0,0.0,0.0,0.0,64.0,89.0,91.0,87.0,52.0,57.0,80.0,77.0,76.0,65,66,67,64.0,85.0,83
73,190.0,24.0,0.0,0.0,0.0,63.0,90.0,92.0,82.0,57.0,59.0,84.0,77.0,79.0,66,65,63,63.0,84.0,88
