Last Name,First Name,College,Rank,Draft Class,Position,Jersey,Height ,Weight,2025 College Year,Awards ,Star Rating,Hometown,Homestate,Race,Photo
Mendoza,Fernando,Indiana,1,2026,QB,15,77,225,Senior,,,Miami,,,
Bain,Rueben,Miami (FL),2,2026,EDGE,,,,Senior,,,,,,
Moore,Dante,Oregon,3,2026,QB,5,75,206,Senior,,,Detroit,,,
Sellers,LaNorris,South Carolina,4,2026,QB,16,75,240,Senior,,,Florence,,,
Downs,Caleb,Ohio State,5,2026,S,2,72,205,Senior,,,Hoschton,,,
Tyson,Jordyn,Arizona State,6,2026,WR,,74,200,Senior,,,Allen,,,
Woods,Peter,Clemson,7,2026,DL,11,75,315,Senior,,,Alabaster,,,
Fano,Spencer,Utah,8,2026,OT,55,78,302,Senior,,,Spanish Fork,,,
Simpson,Ty,Alabama,9,2026,QB,15,74,208,Senior,,,Martin,,,
Faulk,Keldric,Auburn,10,2026,EDGE,15,78,285,Senior,,,Highland Home,,,
Mauigoa,Francis,Miami (FL),11,2026,OT,,,,Senior,,,,,,
Reese,Arvell,Ohio State,12,2026,LB,8,76,243,Senior,,,Cleveland,,,
Proctor,Kadyn,Alabama,13,2026,OT,74,79,366,Senior,,,Des Moines,,,
Parker,T.J.,Clemson,14,2026,EDGE,3,75,265,Senior,,,Phenix City,,,
McCoy,Jermod,Tennessee,15,2026,CB,3,72,193,Senior,,,Whitehouse,,,
Nussmeier,Garrett,LSU,16,2026,QB,18,73,205,Senior,,,Lake Charles,,,
Love,Jeremiyah,Notre Dame,17,2026,RB,4,72,214,Senior,,,Saint Louis,,,
Delane,Mansoor,LSU,18,2026,CB,4,72,190,Senior,,,Silver Spring,,,
Lemon,Makai,USC,19,2026,WR,6,71,195,Senior,,,Los Alamitos,,,
Sadiq,Kenyon,Oregon,20,2026,TE,18,75,245,Senior,,,Idaho Falls,,,
Tate,Carnell,Ohio State,21,2026,WR,17,75,195,Senior,,,Chicago,,,
Terrell,Avieon,Clemson,22,2026,CB,8,71,180,Senior,,,Atlanta,,,
Lomu,Caleb,Utah,23,2026,OT,71,78,304,Senior,,,Gilbert,,,
Bailey,David,Texas Tech,24,2026,EDGE,31,75,250,Senior,,,Irvine,,,
Overton,L.T.,Alabama,25,2026,EDGE,,,,Senior,,,,,,
Uiagalelei,Matayo,Oregon,26,2026,EDGE,10,77,272,Senior,,,Bellflower,,,
Banks,Caleb,Florida,27,2026,DL,88,78,330,Senior,,,Southfield,,,
Mateer,John,Oklahoma,28,2026,QB,10,73,224,Senior,,,Little Elm,,,
Styles,Sonny,Ohio State,29,2026,LB,6,76,243,Senior,,,Pickerington,,,
Boston,Denzel,Washington,30,2026,WR,12,76,209,Senior,,,South Hill,,,
Allen,C.J.,Georgia,31,2026,LB,3,73,235,Senior,,,Barnesville,,,
Hill Jr.,Anthony,Texas,32,2026,LB,,75,238,Senior,,,Denton,,,
Lew,Connor,Auburn,33,2026,IOL,75,75,300,Senior,,,Kennesaw,,,
Ioane,Olaivavega,Penn State,34,2026,IOL,,,,Senior,,,,,,
Dunker,Gennings,Iowa,35,2026,OT,67,77,315,Senior,,,Lena,,,
Howell,Cashius,Texas A&M,36,2026,EDGE,9,74,248,Senior,,,Kansas City,,,
World,Isaiah,Oregon,37,2026,OT,76,80,318,Senior,,,San Diego,,,
Brazzell,Chris,Tennessee,38,2026,WR,17,77,200,Senior,,,Midland,,,
Hood,Colton,Tennessee,39,2026,CB,8,72,195,Senior,,,Mcdonough,,,
Washington,A'Mauri,Oregon,40,2026,DL,52,75,330,Senior,,,Detroit,,,
Bell,Chris,Louisville,41,2026,WR,,74,220,Senior,,,Yazoo City,,,
Lane,Ja'Kobi,USC,42,2026,WR,8,76,200,Senior,,,Mesa,,,
Williams,Antonio,Clemson,43,2026,WR,,71,190,Senior,,,Irmo,,,
Harris,A.J.,Penn State,44,2026,CB,4,73,191,Senior,,,Phenix City,,,
Goosby,Trevor,Texas,45,2026,OT,74,79,312,Senior,,,Melissa,,,
Muhammad,Malik,Texas,46,2026,CB,5,72,188,Senior,,,Desoto,,,
Josephs,Joshua,Tennessee,47,2026,EDGE,19,75,240,Senior,,,Kennesaw,,,
Klubnik,Cade,Clemson,48,2026,QB,2,74,210,Senior,,,Austin,,,
Dennis-Sutton,Dani,Penn State,49,2026,EDGE,33,77,265,Senior,,,Millsboro,,,
Height,Romello,Texas Tech,50,2026,EDGE,9,75,235,Senior,,,Dublin,,,
Thieneman,Dillon,Oregon,51,2026,S,31,72,205,Senior,,,Westfield,,,
Miller,Christen,Georgia,52,2026,DL,52,76,305,Senior,,,Ellenwood,,,
Haynes,Justice,Michigan,53,2026,RB,22,71,210,Senior,,,Buford,,,
Ramsey,Kamari,USC,54,2026,S,7,72,205,Senior,,,Palmdale,,,
Orange,Domonique,Iowa State,55,2026,DL,95,76,325,Senior,,,Kansas City,,,
Concepcion,Kevin,Texas A&M,56,2026,WR,7,71,190,Senior,,,Charlotte,,,
Thomas,R Mason,Oklahoma,57,2026,EDGE,32,74,249,Senior,,,Fort Lauderdale,,,
Allar,Drew,Penn State,58,2026,QB,15,77,235,Senior,,,Medina,,,
Perkins,Harold,LSU,59,2026,LB,7,73,222,Senior,,,Cypress,,,
Abney II,Keith,Arizona State,60,2026,CB,,,,Senior,,,,,,
Barber,Austin,Florida,61,2026,OT,58,78,314,Senior,,,Jacksonville,,,
Klare,Max,Ohio State,62,2026,TE,86,77,243,Senior,,,Guilford,,,
Jackson,Domani,Alabama,63,2026,CB,1,73,196,Senior,,,Santa Ana,,,
Branch,Zachariah,Georgia,64,2026,WR,1,70,180,Senior,,,Las Vegas,,,
Shelton,Drew,Penn State,65,2026,OT,66,77,305,Senior,,,Downingtown,,,
Barham,Jaishawn,Michigan,66,2026,LB,1,75,243,Senior,,,District Heights,,,
Maiava,Jayden,USC,67,2026,QB,14,76,230,Senior,,,Las Vegas,,,
Chaplin,Xavier,Auburn,68,2026,OT,65,79,348,Senior,,,Beaufort,,,
McDonald,Kayden,Ohio State,69,2026,DL,98,75,326,Senior,,,Suwanee,,,
Lee III,Will,Texas A&M,70,2026,CB,4,73,189,Senior,,,Kirkwood,,,
Rhodes Jr.,Quincy,Arkansas,71,2026,EDGE,97,78,276,Senior,,,North Little Rock,,,
Bernard,Germie,Alabama,72,2026,WR,5,73,204,Senior,,,Henderson,,,
Singleton Jr.,Eric,Auburn,73,2026,WR,1,70,180,Senior,,,Atlanta,,,
McKinney,DJ,Colorado,74,2026,CB,,,,Senior,,,,,,
Saka,Anto,Northwestern,75,2026,EDGE,4,76,255,Senior,,,Phoenix,,,
Igbinosun,Davison,Ohio State,76,2026,CB,1,74,195,Senior,,,Union,,,
Pregnon,Emmanuel,Oregon,77,2026,IOL,75,77,318,Senior,,,Denver,,,
O'Neill,Eric,Rutgers,78,2026,EDGE,99,75,261,Senior,,,Staten Island,,,
Brailsford,Parker,Alabama,79,2026,IOL,72,74,290,Senior,,,Mesa,,,
Laloulu,Iapani,Oregon,80,2026,IOL,72,74,329,Senior,,,Honolulu,,,
Singleton,Nick,Penn State,81,2026,RB,,,,Senior,,,,,,
Harbor,Nyck,South Carolina,82,2026,WR,8,77,235,Senior,,,Washington,,,
Kilgore,Jalon,South Carolina,83,2026,S,24,73,211,Senior,,,Eatonton,,,
McNeil-Warren,Emmanuel,Toledo,84,2026,S,7,74,202,Senior,,,Saint Petersburg,,,
Scott,Xavier,Illinois,85,2026,S,14,71,190,Senior,,,Riviera Beach,,,
Coleman,Jonah,Washington,86,2026,RB,1,69,228,Senior,,,Stockton,,,
Weeks,Whit,LSU,87,2026,LB,40,74,225,Senior,,,Watkinsville,,,
Tiernan,Caleb,Northwestern,88,2026,OT,72,79,325,Senior,,,Franklin,,,
Durant,Zane,Penn State,89,2026,DL,28,73,294,Senior,,,Lake Nona,,,
Sapp,Tyreak,Florida,90,2026,EDGE,94,75,274,Senior,,,Fort Lauderdale,,,
Corleone,Dontay,Cincinnati,91,2026,DL,2,73,335,Senior,,,Cincinnati,,,
Fa'amoe,Fa'alili,Wake Forest,92,2026,OT,79,77,317,Senior,,,Pago Pago,,,
Ibirogba,Mateen,Wake Forest,93,2026,DL,99,75,296,Senior,,,Clarksburg,,,
Sarratt,Elijah,Indiana,94,2026,WR,13,74,209,Senior,,,Stafford,,,
Lawson,Deontae,Alabama,95,2026,LB,,74,228,Senior,,,Mobile,,,
Hernandez,Carlos,Wake Forest,96,2026,WR,8,72,192,Senior,,,Alhambra,,,
Parker II,Brian,Duke,97,2026,OT,53,77,300,Senior,,,Cincinnati,,,
Jacas,Gabe,Illinois,98,2026,EDGE,17,75,275,Senior,,,Port Saint Lucie,,,
Mensah,Darian,Duke,99,2026,QB,10,75,205,Senior,,,San Luis Obispo,,,
Young,Zion,Missouri,100,2026,EDGE,9,77,262,Senior,,,Atlanta,,,
Sabb,Keon,Alabama,101,2026,S,3,73,204,Senior,,,Glassboro,,,
Fields,Malachi,Notre Dame,102,2026,WR,,76,223,Senior,,,Charlottesville,,,
Green,Cayden,Missouri,103,2026,OT,70,77,324,Senior,,,Lee's Summit,,,
Heard,Lance,Tennessee,104,2026,OT,53,78,330,Senior,,,Monroe,,,
Slaughter,Jake,Florida,105,2026,IOL,66,77,303,Senior,,,Sparr,,,
Ferrell,Amare,Indiana,106,2026,S,1,74,200,Senior,,,Lake City,,,
Delp,Oscar,Georgia,107,2026,TE,4,77,245,Senior,,,Cumming,,,
Haulcy,A.J.,LSU,108,2026,S,13,72,222,Senior,,,Houston,,,
Peak,Jacarrius,NC State,109,2026,OT,65,76,298,Senior,,,Valdosta,,,
Wilson Jr.,Damon,Missouri,110,2026,EDGE,8,76,250,Senior,,,Venice,,,
Moore,Derrick,Michigan,111,2026,EDGE,8,75,260,Senior,,,Baltimore,,,
Daniels,C.J.,Miami (FL),112,2026,WR,,,,Senior,,,,,,
Jackson Jr.,Darrell,Florida State,113,2026,DL,,,,Senior,,,,,,
Burks,Deion,Oklahoma,114,2026,WR,4,69,188,Senior,,,Belleville,,,
Everette,Daylen,Georgia,115,2026,CB,6,73,190,Senior,,,Norfolk,,,
Bisontis,Chase,Texas A&M,116,2026,IOL,71,77,315,Senior,,,Ramsey,,,
Beck,Carson,Miami (FL),117,2026,QB,,,,Senior,,,,,,
Smith,Genesis,Arizona,118,2026,S,12,74,202,Senior,,,Chandler,,,
Stowers,Eli,Vanderbilt,119,2026,TE,9,76,235,Senior,,,Corinth,,,
Rivers,Chandler,Duke,120,2026,CB,,70,185,Senior,,,Beaumont,,,
Endries,Jack,Texas,121,2026,TE,88,76,240,Senior,,,Danville,,,
Harris,Zxavian,Mississippi,122,2026,DL,,,,Senior,,,,,,
Chiles,Aidan,Michigan State,123,2026,QB,2,75,225,Senior,,,Downey,,,
Capehart,DeMonte,Clemson,124,2026,DL,19,77,315,Senior,,,Hartsville,,,
Parr,Logan,SMU,125,2026,IOL,71,76,318,Senior,,,Helotes,,,
Davis,Tacario,Washington,126,2026,CB,8,76,200,Senior,,,Long Beach,,,
Bowry,Jude,Boston College,127,2026,OT,71,77,311,Senior,,,Germantown,,,
Anderson,Aaron,LSU,128,2026,WR,1,68,188,Senior,,,New Orleans,,,
Claiborne,Demond,Wake Forest,129,2026,RB,1,70,195,Senior,,,Aylett,,,
Wisner,Quintrevion,Texas,130,2026,RB,,,,Senior,,,,,,
Mathews Jr.,Jermaine,Ohio State,131,2026,CB,7,71,190,Senior,,,Cincinnati,,,
Kamara,Mikail,Indiana,132,2026,EDGE,6,73,265,Senior,,,Ashburn,,,
Barton,Lander,Utah,133,2026,LB,8,77,236,Senior,,,Cottonwood Heights,,,
Benny,Rayshaun,Michigan,134,2026,DL,26,76,305,Senior,,,Detroit,,,
Roberts,Jaeden,Alabama,135,2026,IOL,77,77,327,Senior,,,Houston,,,
Leigh,Tristan,Clemson,136,2026,OT,71,78,310,Senior,,,Fairfax,,,
Christensen,Quinten,South Dakota State,137,2026,IOL,69,77,300,Senior,,,Wessington Springs,,,
Crownover,Dametrious,Texas A&M,138,2026,OT,78,79,336,Senior,,,Grandview,,,
Cameron,Josh,Baylor,139,2026,WR,34,73,224,Senior,,,Cedar Park,,,
York,Taurean,Texas A&M,140,2026,LB,21,70,227,Senior,,,Temple,,,
Masses,Hezekiah,California,141,2026,CB,5,73,185,Senior,,,Deerfield Beach,,,
Golday,Jake,Cincinnati,142,2026,LB,11,76,240,Senior,,,Arlington,,,
Brown-Murray,Isaiah,Virginia Tech,143,2026,CB,9,69,192,Senior,,,Charlotte,,,
Taaffe,Michael,Texas,144,2026,S,16,72,189,Senior,,,Austin,,,
Ponds,D'angelo,Indiana,145,2026,CB,5,69,170,Senior,,,West Park,,,
Chambliss,Trinidad,Mississippi,146,2026,QB,,,,Senior,,,,,,
Perkins,Suntarine,Mississippi,147,2026,LB,,,,Senior,,,,,,
Jackson,Kenyatta,Ohio State,149,2026,EDGE,97,78,265,Senior,,,Hollywood,,,
Allen,Kaytron,Penn State,150,2026,RB,13,71,217,Senior,,,Norfolk,,,
Klein,Marlin,Michigan,151,2026,TE,17,78,250,Senior,,,Cologne,,,
Keenan III,Tim,Alabama,152,2026,DL,96,74,320,Senior,,,Birmingham,,,
Henry Jr.,Robert,UTSA,153,2026,RB,,,,Senior,,,,,,
Halton,Gracen,Oklahoma,154,2026,DL,56,74,292,Senior,,,San Diego,,,
Trigg,Michael,Baylor,155,2026,TE,1,76,240,Senior,,,Tampa,,,
Miller,Dean,Kansas,156,2026,EDGE,5,77,240,Senior,,,Los Angeles,,,
Tomzcak,Max,Youngstown State,157,2026,WR,,,,Senior,,,,,,
Smith,Anthony,Minnesota,158,2026,DL,,78,285,Senior,,,Shippensburg,,,
Mahlman,Riley,Wisconsin,159,2026,OT,71,80,320,Senior,,,Lakeville,,,
Iheanachor,Max,Arizona State,160,2026,OT,58,78,330,Senior,,,Los Angeles,,,
Robinson,Duce,Florida State,161,2026,WR,,78,222,Senior,,,Phoenix,,,
Anthony Jr.,Vincent,Duke,162,2026,EDGE,,,,Senior,,,,,,
Luckie,Lawson,Georgia,163,2026,TE,7,76,240,Senior,,,Norcross,,,
Pieper,Kade,Iowa,164,2026,IOL,58,76,290,Senior,,,Norfolk,,,
Lucas,Anthony,USC,165,2026,EDGE,6,77,285,Senior,,,Scottsdale,,,
Barnett,Caden,Wyoming,166,2026,OT,72,77,320,Senior,,,Justin,,,
Wagner,Aamil,Notre Dame,167,2026,OT,59,78,296,Senior,,,Yellow Springs,,,
Anthony II,Vinny,Wisconsin,168,2026,WR,,,,Senior,,,,,,
Leigh,Desmeal,Youngstown State,169,2026,OT,78,79,325,Senior,,,Kent,,,
Strong,Ian,Rutgers,170,2026,WR,9,75,211,Senior,,,Coram,,,
Leavitt,Sam,Arizona State,171,2026,QB,10,74,205,Senior,,,West Linn,,,
Mesidor,Akheem,Miami (FL),172,2026,EDGE,,,,Senior,,,,,,
Alexander,Bear,Oregon,173,2026,DL,1,75,302,Senior,,,Terrell,,,
Robertson,Sawyer,Baylor,174,2026,QB,13,76,220,Senior,,,Lubbock,,,
Hubbard,Bray,Alabama,175,2026,S,,,,Senior,,,,,,
Anderson,Nic,LSU,176,2026,WR,4,76,208,Senior,,,Katy,,,
Jagusah,Charles,Notre Dame,177,2026,IOL,56,79,333,Senior,,,Rock Island,,,
Gray,Christian,Notre Dame,178,2026,CB,6,72,188,Senior,,,Saint Louis,,,
Smothers,Hollywood,NC State,179,2026,RB,,,,Senior,,,,,,
Reed-Adams,Ar'maj,Texas A&M,180,2026,IOL,,,,Senior,,,,,,
Greene,Earnest,Georgia,181,2026,OT,71,76,320,Senior,,,Los Angeles,,,
Moore,Trey,Texas,182,2026,EDGE,8,75,249,Senior,,,San Antonio,,,
Dixon,Thaddeus,North Carolina,183,2026,CB,1,73,185,Senior,,,Los Angeles,,,
Hoover,Josh,TCU,184,2026,QB,10,74,200,Senior,,,Rockwall,,,
Jordan,Waymond,USC,185,2026,RB,2,69,210,Senior,,,Pensacola,,,
Lance,Bryce,North Dakota State,186,2026,WR,5,75,209,Senior,,,Marshall,,,
Douglas,Caleb,Texas Tech,187,2026,WR,5,76,210,Senior,,,Missouri City,,,
Price,Jadarian,Notre Dame,188,2026,RB,24,71,209,Senior,,,Denison,,,
Moore,Rod,Michigan,189,2026,S,19,72,198,Senior,,,Clayton,,,
Johnson,Tao,Utah,190,2026,S,5,73,193,Senior,,,Idaho Falls,,,
Hill,Jyaire,Michigan,191,2026,CB,20,74,190,Senior,,,Kankakee,,,
Martin,LJ,BYU,192,2026,RB,4,74,220,Senior,,,El Paso,,,
Mosesso,Ryan,UMass,193,2026,OT,,,,Senior,,,,,,
Payton,Patrick,LSU,194,2026,EDGE,6,78,255,Senior,,,Miami,,,
Nwaiwu,Febechi,Oklahoma,195,2026,IOL,54,76,326,Senior,,,Coppell,,,
Baxter,C.J.,Texas,196,2026,RB,,,,Senior,,,,,,
Traore,Boubacar,Notre Dame,197,2026,DL,5,76,247,Senior,,,Boston,,,
Kpeenu,Barika,North Dakota State,198,2026,RB,32,70,199,Senior,,,Fargo,,,
Miller,Jamarion,Alabama,199,2026,RB,26,70,221,Senior,,,Tyler,,,
Norfleet,Brett,Missouri,200,2026,TE,87,78,263,Senior,,,O' Fallon,,,
Harkey,Alex,Oregon,201,2026,OT,71,78,327,Senior,,,Austin,,,
Ohrstrom,Theo Melin,Texas A&M,202,2026,TE,17,78,257,Senior,,,Stockholm,,,
Rutledge,Keylan,Georgia Tech,203,2026,IOL,77,76,320,Senior,,,Royston,,,
Keller,Jaden,Virginia Tech,204,2026,LB,24,75,235,Senior,,,Bristol,,,
Graves,Aaron,Iowa,205,2026,DL,95,77,295,Senior,,,Dayton,,,
Casey,Kage,Boise State,206,2026,OT,77,77,316,Senior,,,HAPPY VALLEY,,,
Oatis,Jaheim,Colorado,207,2026,DL,90,77,325,Senior,,,Columbia,,,
Rodriguez,Jacob,Texas Tech,208,2026,LB,10,73,230,Senior,,,Wichita Falls,,,
Baynes,Kobe,Kansas,209,2026,IOL,70,76,315,Senior,,,Jacksonville,,,
Iamaleava,Nico,UCLA,210,2026,QB,9,78,215,Senior,,,Long Beach,,,
Nwankpa,Xavier,Iowa,211,2026,S,1,74,213,Senior,,,Pleasant Hill,,,
Royer,Joe,Cincinnati,212,2026,TE,11,77,250,Senior,,,Cincinnati,,,
Dieterich,Kolt,Sam Houston State,213,2026,OT,,,,Senior,,,,,,
Cooper Jr.,Omar,Indiana,214,2026,WR,3,72,201,Senior,,,Indianapolis,,,
Gyllenborg,John Michael,Wyoming,215,2026,TE,,,,Senior,,,,,,
Romaine,Austin,Kansas State,216,2026,LB,45,74,245,Senior,,,Hillsboro,,,
Konga,Rene,Louisville,217,2026,DL,90,76,300,Senior,,,Ottawa,,,
Williams,Roy,Northern Illinois,218,2026,EDGE,97,78,257,Senior,,,Crestwood,,,
Hunter,Lee,Texas Tech,219,2026,DL,2,76,325,Senior,,,Mobile,,,
Walthall,Jalen,Incarnate Word,220,2026,WR,4,73,180,Senior,,,Houston,,,
Berry,Zeke,Michigan,221,2026,S,10,71,196,Senior,,,Pittsburg,,,
Seymore,Laurence,Western Kentucky,222,2026,IOL,50,74,320,Senior,,,Miami Gardens,,,
Gumbs Jr.,George,Florida,223,2026,EDGE,,,,Senior,,,,,,
Velling,Jack,Michigan State,224,2026,TE,12,77,245,Senior,,,Seattle,,,
Henry Daley,John,Utah,225,2026,EDGE,90,76,247,Senior,,,Alpine,,,
Campbell,Amare,Penn State,226,2026,LB,24,72,231,Senior,,,Manassas,,,
Bowen,Drayk,Notre Dame,227,2026,LB,34,74,235,Senior,,,Saint John,,,
Moore,Devin,Florida,228,2026,CB,28,75,198,Senior,,,Naples,,,
Moss,Le'Veon,Texas A&M,229,2026,RB,8,71,210,Senior,,,Walker,,,
Taylor,Darius,Minnesota,230,2026,RB,1,72,215,Senior,,,Detroit,,,
Baer,Ryan,Pittsburgh,231,2026,IOL,70,79,325,Senior,,,Eastlake,,,
Hemby,Roman,Indiana,232,2026,RB,1,72,208,Senior,,,Edgewood,,,
Hughes,Makhi,Oregon,233,2026,RB,20,71,210,Senior,,,Birmingham,,,
Onianwa,Ethan,Ohio State,234,2026,OT,78,79,331,Senior,,,Katy,,,
Wilson,Raylen,Georgia,235,2026,LB,5,73,235,Senior,,,Tallahassee,,,
Washington,Bryson,Baylor,236,2026,RB,30,72,216,Senior,,,Franklin,,,
Wheatley,Zakee,Penn State,237,2026,S,6,74,200,Senior,,,Crofton,,,
Ott,Jaydn,Oklahoma,238,2026,RB,,,,Senior,,,,,,
Maryland,R.J.,SMU,239,2026,TE,82,76,240,Senior,,,Southlake,,,
Williams,Jontez,Iowa State,240,2026,CB,3,71,200,Senior,,,Starke,,,
Koziol,Tanner,Houston,241,2026,TE,9,79,240,Senior,,,Bloomingdale,,,
Aigbedion,Omar,Baylor,242,2026,IOL,68,75,310,Senior,,,Katy,,,
Arkin,Tanner,Illinois,243,2026,TE,85,76,265,Senior,,,Fort Collins,,,
Anderson,Bryce,Texas A&M,244,2026,S,1,70,186,Senior,,,Beaumont,,,
Calhoun,Cameron,Alabama,245,2026,CB,9,72,180,Senior,,,Cincinnati,,,
Johnson,Kenny,Pittsburgh,246,2026,WR,2,73,205,Senior,,,York,,,
McClellan,Chris,Missouri,247,2026,DL,7,76,323,Senior,,,Owasso,,,
Moss,Miller,Louisville,248,2026,QB,7,74,210,Senior,,,Los Angeles,,,
Jennings,Kevin,SMU,249,2026,QB,7,72,192,Senior,,,Oak Cliff,,,
Campbell,D.J.,Texas,250,2026,IOL,,,,Senior,,,,,,
Wisniewski,Cole,Texas Tech,251,2026,S,5,76,220,Senior,,,Sparta,,,
Udoh,Kanye,Arizona State,252,2026,RB,6,73,220,Senior,,,Mays Landing,,,
Andersen,Teague,NC State,253,2026,IOL,54,77,319,Senior,,,Lehi,,,
Camac,Fisher,Virginia,254,2026,EDGE,14,79,248,Senior,,,Gilbert,,,
Brockermeyer,James,Miami (FL),255,2026,IOL,,,,Senior,,,,,,
Jones Jr.,Marvin,Oklahoma,256,2026,EDGE,8,77,262,Senior,,,Sunrise,,,
Harris,Michael,Maryland,257,2026,LB,31,73,218,Senior,,,Apopka,,,
Nwokobia,Isaiah,SMU,258,2026,S,12,73,205,Senior,,,Dallas,,,
Foster,Bryce,Kansas,259,2026,IOL,61,77,310,Senior,,,Katy,,,
Louis,Kyle,Pittsburgh,260,2026,LB,9,73,220,Senior,,,East Orange,,,
Chappell,Tyreek,Texas A&M,261,2026,CB,7,71,180,Senior,,,Philadelphia,,,
Catalon,Jalen,Missouri,262,2026,S,6,70,200,Senior,,,Mansfield,,,
Fisher,Aiden,Indiana,263,2026,LB,4,73,233,Senior,,,Fredericksburg,,,
Thurman,Jelani,Ohio State,264,2026,TE,15,78,250,Senior,,,Fairburn,,,
Radicic,Nicolas,Indiana,265,2026,K,15,71,193,Senior,,,Coppell,,,
Reescano,Kedrick,Arizona,266,2026,RB,3,72,213,Senior,,,New Caney,,,
Thorson,Brett,Georgia,267,2026,P,92,74,235,Senior,,,Melbourne,,,
Braswell,Djay,Georgia State,268,2026,RB,2,71,215,Senior,,,Sandersville,,,
Guy,TJ,Michigan,269,2026,EDGE,4,76,250,Senior,,,Mansfield,,,
Rivers,Eric,Georgia Tech,270,2026,WR,3,71,180,Senior,,,Chattanooga,,,
Pounds,Diego,Mississippi,271,2026,OT,,,,Senior,,,,,,
Wilson III,Eugene,Florida,272,2026,WR,,,,Senior,,,,,,
Miller,Blake,Clemson,273,2026,OT,78,78,315,Senior,,,Strongsville,,,
Horton,Isaiah,Alabama,274,2026,WR,1,76,208,Senior,,,Nashville,,,
Zuhn III,Trey,Texas A&M,275,2026,OT,,,,Senior,,,,,,
Llewellyn,Max,Iowa,276,2026,EDGE,48,77,263,Senior,,,Urbandale,,,
Sturdivant,J.Michael,Florida,277,2026,WR,9,75,213,Senior,,,Flower Mound,,,
Greathouse,Jaden,Notre Dame,278,2026,WR,1,73,212,Senior,,,Austin,,,
Azzopardi,Drew,Washington,279,2026,OT,74,79,315,Senior,,,Pacifica,,,
Johnson,Nate,Missouri,280,2026,EDGE,90,77,252,Senior,,,Gaffney,,,
Jones,Logan,Iowa,281,2026,IOL,65,75,302,Senior,,,Council Bluffs,,,
Stewart,Evan,Oregon,282,2026,WR,7,72,170,Senior,,,Frisco,,,
Tanuvasa,Keanu,BYU,283,2026,DL,57,76,300,Senior,,,Mission Viejo,,,
Jones,Datrell,Boston College,284,2026,WR,26,69,188,Senior,,,Hyde Park,,,
Holstein,Eli,Pittsburgh,285,2026,QB,10,76,225,Senior,,,Zachary,,,
McCullough,Dasan,Nebraska,286,2026,EDGE,22,77,235,Senior,,,Kansas City,,,
Henderson,Emmanuel,Kansas,287,2026,WR,2,73,190,Senior,,,Hartford,,,
Key,Dane,Nebraska,288,2026,WR,18,75,210,Senior,,,Lexington,,,
Green,Trevyon,North Carolina,289,2026,OT,78,80,340,Senior,,,Prince George,,,
Smith,James,Alabama,290,2026,DL,23,75,297,Senior,,,Montgomery,,,
Prysock,Ephesians,Washington,291,2026,CB,7,76,195,Senior,,,Canyon Country,,,
Green,Adonijah,Louisville,292,2026,DL,17,78,250,Senior,,,Ellenwood,,,
Marshall,Jackie,Baylor,293,2026,DL,,75,306,Senior,,,Laplace,,,
Moore,Braelin,LSU,294,2026,IOL,61,74,300,Senior,,,Bethlehem,,,
Clements,Calvin,Kansas,295,2026,OT,75,79,315,Senior,,,Lawrence,,,
Thompson,Josh,LSU,296,2026,IOL,56,77,315,Senior,,,Fenton,,,
Copeland,Kemari,Virginia Tech,297,2026,DL,13,75,283,Senior,,,Virginia Beach,,,
Miller,Izavion,Auburn,298,2026,OT,72,77,305,Senior,,,Memphis,,,
Harris,Knijeah,Florida,299,2026,IOL,77,75,313,Senior,,,Port Saint Lucie,,,
Hibner,Matthew,SMU,300,2026,TE,88,77,252,Senior,,,Burke,,,
Davis,J.C.,Illinois,301,2026,OT,74,77,320,Senior,,,Oakland,,,
Fano,Logan,Utah,302,2026,EDGE,,77,249,Senior,,,Spanish Fork,,,
Freeling,Monroe,Georgia,303,2026,OT,57,79,315,Senior,,,Isle Of Palms,,,
Wright,Collin,Stanford,304,2026,CB,6,72,195,Senior,,,Manvel,,,
Reid,Desmond,Pittsburgh,305,2026,RB,,68,175,Senior,,,Miami Gardens,,,
Lockette,Tellek,Texas State,306,2026,IOL,74,75,327,Senior,,,Miami,,,
Moore,Terry,Duke,307,2026,S,1,73,195,Senior,,,Washington,,,
Becher,Liam,North Dakota,308,2026,IOL,67,79,320,Senior,,,Iowa City,,,
Clark,Bud,TCU,309,2026,S,21,74,185,Senior,,,Alexandria,,,
Johnson,Greg,Minnesota,310,2026,IOL,65,78,325,Senior,,,Prior Lake,,,
Johnson,Avery,Kansas State,311,2026,QB,2,75,196,Senior,,,Wichita,,,
Thomas Jr.,Bryan,South Carolina,312,2026,EDGE,46,74,249,Senior,,,Windermere,,,
Spencer,Malik,Michigan State,313,2026,S,43,73,191,Senior,,,Buford,,,
Williams,P.J.,SMU,314,2026,OT,,,,Senior,,,,,,
Williams,BJ,Pittsburgh,315,2026,IOL,55,76,320,Senior,,,Lawrenceville,,,
McCrimon,Jimarion,East Carolina,316,2026,OT,62,77,307,Senior,,,Kissimmee,,,
Collier,Judge,South Carolina,317,2026,CB,8,74,201,Senior,,,Rock Hill,,,
Bell,Skyler,UConn,318,2026,WR,1,72,185,Senior,,,Bronx,,,
Boley,McKale,Virginia,319,2026,IOL,52,77,316,Senior,,,Hattiesburg,,,
Brown,Kerry,Minnesota,320,2026,S,14,70,190,Senior,,,Naples,,,
Lukus,Jeadyn,Clemson,321,2026,CB,10,74,200,Senior,,,Mauldin,,,
Burkle,Gabe,Iowa State,322,2026,TE,84,78,255,Senior,,,Cedar Rapids,,,
El-Hadi,Giovanni,Michigan,323,2026,IOL,58,77,315,Senior,,,Sterling Heights,,,
Murawski,Ben,UConn,324,2026,IOL,77,79,335,Senior,,,Harleysville,,,
Taylor-Whitfield,Ben,TCU,325,2026,OT,56,78,315,Senior,,,Duncanville,,,
Pritchett,Elijah,Nebraska,326,2026,OT,57,78,325,Senior,,,Columbus,,,
Rhett,Cole,Toledo,327,2026,OT,74,79,301,Senior,,,Columbus,,,
Strawn,Dorion,Texas State,328,2026,OT,64,78,315,Senior,,,Ennis,,,
Easter,Shamar,North Carolina,329,2026,TE,84,77,215,Senior,,,Ashdown,,,
Woodaz,Wade,Clemson,330,2026,LB,17,75,235,Senior,,,Tampa,,,
Wilson,Sheridan,Texas Tech,331,2026,IOL,72,77,300,Senior,,,Argyle,,,
Arnold,Jackson,Auburn,332,2026,QB,11,73,219,Senior,,,Denton,,,
Stoffel,Davin,Illinois,333,2026,TE,88,78,260,Senior,,,Mosinee,,,
Raridon,Eli,Notre Dame,334,2026,TE,9,79,251,Senior,,,Des Moines,,,
Omosigho,Samuel,Oklahoma,335,2026,LB,7,73,235,Senior,,,Heartland,,,
Regis,Albert,Texas A&M,336,2026,DL,17,73,317,Senior,,,La Porte,,,
White,Jahiem,West Virginia,337,2026,RB,1,67,190,Senior,,,York,,,
Kanak,Jaren,Oklahoma,338,2026,TE,12,74,233,Senior,,,Hays,,,
Tuioti,Teitum,Oregon,339,2026,EDGE,44,75,263,Senior,,,Laie,,,
White,Trey,San Diego State,340,2026,EDGE,2,74,245,Senior,,,San Diego,,,
Williams,Riley,Oregon State,341,2026,TE,88,77,273,Senior,,,Portland,,,
Deal,Markis,TCU,342,2026,DL,95,77,325,Senior,,,Garland,,,
Wilde,Griffin,Northwestern,343,2026,WR,17,74,200,Senior,,,Sioux Falls,,,
Brahmer,Benjamin,Iowa State,344,2026,TE,18,79,255,Senior,,,Pierce,,,
Kite,Antonio,Mississippi,345,2026,CB,,,,Senior,,,,,,
Becht,Rocco,Iowa State,346,2026,QB,3,73,210,Senior,,,Zephyrhills,,,
Shaffer,Will,Abilene Christian,347,2026,LB,1,72,240,Senior,,,Tempe,,,
Shelby,Braylan,USC,348,2026,EDGE,10,77,265,Senior,,,Friendswood,,,
Kearney,Roderick,Florida,349,2026,OT,71,76,310,Senior,,,Jacksonville,,,
Morris,Ty,Rice,350,2026,LB,,,,Senior,,,,,,
Hasz,Luke,Mississippi,351,2026,TE,,,,Senior,,,,,,
Edwards,Dylan,Kansas State,352,2026,RB,3,69,170,Senior,,,Derby,,,
Brookins,Cruce,Pittsburgh,353,2026,S,12,74,195,Senior,,,Pittsburgh,,,
Schrauth,Billy,Notre Dame,354,2026,IOL,74,76,305,Senior,,,Campbellsport,,,
Adebawore,Adepoju,Oklahoma,355,2026,EDGE,34,76,261,Senior,,,Kansas City,,,
Eastern,Deven,Minnesota,356,2026,DL,91,78,320,Senior,,,Shakopee,,,
Gousby,Aidan,Minnesota,357,2026,S,7,72,190,Senior,,,Lehigh Acres,,,
Thomas,Noah,Georgia,358,2026,WR,5,77,205,Senior,,,League City,,,
Tollison,Connor,Missouri,359,2026,IOL,55,76,285,Senior,,,Jackson,,,
Hicks,D.J.,Texas A&M,360,2026,DL,,,,Senior,,,,,,
Strader,Raion,Auburn,361,2026,CB,13,72,185,Senior,,,Pittsburgh,,,
Womack,Da'Shawn,Mississippi,362,2026,EDGE,,,,Senior,,,,,,
Mack,Austin,Alabama,363,2026,QB,10,78,235,Senior,,,Folsom,,,
Boettcher,Bryce,Oregon,364,2026,LB,28,74,232,Senior,,,Eugene,,,
Moe Jr.,Wendell,Tennessee,365,2026,IOL,,,,Senior,,,,,,
Washington II,Elliot,Penn State,366,2026,CB,9,71,199,Senior,,,Venice,,,
Smith,Isaac,Mississippi State,367,2026,S,2,72,220,Senior,,,Fulton,,,
Barnes,Khalil,Clemson,368,2026,S,7,72,200,Senior,,,Athens,,,
Collins,Kelby,Alabama,369,2026,DL,17,76,275,Senior,,,Gardendale,,,
Harris,Daniel,Georgia,370,2026,CB,7,75,195,Senior,,,Miami,,,
Josey,Noah,Virginia,371,2026,IOL,77,77,310,Senior,,,Brentwood,,,
Moten,Josh,Southern Miss,372,2026,CB,1,72,185,Senior,,,Waldorf,,,
Bowen,Peyton,Oklahoma,373,2026,S,22,72,201,Senior,,,Denton,,,
Stamps,Ashton,LSU,374,2026,CB,1,72,190,Senior,,,Harvey,,,
Moore Jr.,DeAndre,Texas,375,2026,WR,,72,192,Senior,,,Anaheim,,,
Ausberry,Jaiden,Notre Dame,376,2026,LB,4,74,228,Senior,,,Baton Rouge,,,
Seldon,Cameron,Virginia Tech,377,2026,WR,9,73,211,Senior,,,Browns Store,,,
Donkoh,Anthony,Penn State,378,2026,OT,68,77,326,Senior,,,Aldie,,,
Fletcher,Mark,Miami (FL),379,2026,RB,,,,Senior,,,,,,
Pimpton,Ka'morreun,TCU,380,2026,TE,88,78,242,Senior,,,Fort Worth,,,
Shuler,Adon,Notre Dame,381,2026,S,8,72,207,Senior,,,Irvington,,,
Flanagan,Cooper,Notre Dame,382,2026,TE,87,78,258,Senior,,,Pleasant Hill,,,
Lockwood,Ty,Boston College,383,2026,TE,19,76,245,Senior,,,Thompsons Station,,,
Rashada,Jaden,Sacramento State,384,2026,QB,5,76,183,Senior,,,Pittsburg,,,
Young,Richard,Alabama,385,2026,RB,9,71,212,Senior,,,Lehigh Acres,,,
Herring,Caleb,Tennessee,386,2026,EDGE,31,77,245,Senior,,,Newnan,,,
Carmona,Fernando,Arkansas,387,2026,IOL,55,77,325,Senior,,,Las Vegas,,,
McDonald,Jelani,Texas,388,2026,S,4,74,199,Senior,,,Waco,,,
Bowles,Troy,Michigan,389,2026,LB,18,72,230,Senior,,,Tampa,,,
Davis,Ethan,Tennessee,390,2026,TE,,77,245,Senior,,,Atlanta,,,
Umanmielen,Princewill,Mississippi,391,2026,EDGE,,,,Senior,,,,,,
Renaud,Jordan,Alabama,392,2026,EDGE,11,76,265,Senior,,,Sarasota,,,
Padilla,Joshua,Ohio State,393,2026,IOL,62,76,300,Senior,,,Huber Heights,,,
Rappleyea,Andrew,Penn State,394,2026,TE,87,76,251,Senior,,,Millbrook,,,
Farooq,Jalil,Maryland,395,2026,WR,1,74,213,Senior,,,Lanham,,,
Wayne,Jayden,California,396,2026,EDGE,10,77,255,Senior,,,Tacoma,,,
Keeley,Keon,Alabama,397,2026,EDGE,31,77,282,Senior,,,Tampa,,,
Carter,Lewis,UCF,398,2026,LB,20,72,224,Senior,,,Tampa,,,
Joyner,Quinten,Texas Tech,399,2026,RB,,71,205,Senior,,,Austin,,,
Gronowski,Mark,Iowa,400,2026,QB,11,74,235,Senior,,,Naperville,,,
Nelson,Malachi,UTEP,401,2026,QB,7,75,193,Senior,,,Los Alamitos,,,
Brown,Barion,LSU,402,2026,WR,6,71,185,Senior,,,Nashville,,,
Payton,Cole,North Dakota State,403,2026,QB,9,75,233,Senior,,,Omaha,,,
Castell,Jordan,Florida,404,2026,S,14,74,213,Senior,,,Orlando,,,
Miller,Cam,Rutgers,405,2026,CB,7,72,192,Senior,,,Fernandina Beach,,,
Owens,Rueben,Texas A&M,406,2026,RB,4,71,215,Senior,,,El Campo,,,
Birchmeier,Alex,Penn State,407,2026,IOL,63,77,313,Senior,,,Ashburn,,,
McClain,Cormani,Florida,408,2026,CB,25,74,189,Senior,,,Lakeland,,,
Roberts,Chase,BYU,409,2026,WR,2,76,210,Senior,,,Highland,,,
Aguero,Joenel,Georgia,410,2026,S,8,71,205,Senior,,,Lynn,,,
Simmons,Derek,Oklahoma,411,2026,OT,66,77,317,Senior,,,Gallatin,,,
Gullette,Derion,Mississippi State,412,2026,EDGE,16,75,240,Senior,,,Marlin,,,
Howard,Grayson,Florida,413,2026,LB,10,76,236,Senior,,,Jacksonville,,,
Latimer,Geimere,Wisconsin,414,2026,CB,21,70,191,Senior,,,Fairburn,,,
Braxton,Jaylon,Mississippi,415,2026,CB,,,,Senior,,,,,,
Rimac,Tomas,Virginia Tech,416,2026,IOL,55,78,317,Senior,,,Brunswick,,,
Pierre,Yhonzae,Alabama,417,2026,EDGE,42,75,248,Senior,,,Eufaula,,,
Hall,Jordan,Georgia,418,2026,DL,44,76,320,Senior,,,Jacksonville,,,
Hartford,Malik,Ohio State,419,2026,S,9,75,200,Senior,,,West Chester,,,
Lee,Deshaun,Iowa,420,2026,CB,8,70,189,Senior,,,Belleville,,,
Akana,Tausili,BYU,421,2026,LB,13,75,235,Senior,,,Laie,,,
Inniss,Brandon,Ohio State,422,2026,WR,1,72,199,Senior,,,Hollywood,,,
Burley,Vic,Clemson,423,2026,DL,45,76,320,Senior,,,Warner Robins,,,
Robinson,Ta'Mere,USC,424,2026,LB,14,75,230,Senior,,,Pittsburgh,,,
Snowden,Smith,Utah,425,2026,CB,2,70,180,Senior,,,Lehi,,,
Bass,Jordan,Virginia Tech,426,2026,LB,6,75,205,Senior,,,Hampton,,,
Green,Stephiylan,Clemson,427,2026,DL,90,76,290,Senior,,,Rome,,,
Hale,Jalen,Alabama,428,2026,WR,8,73,197,Senior,,,Longview,,,
Williams,Ayden,Mississippi State,429,2026,WR,11,75,205,Senior,,,Ridgeland,,,
Jenkins,Caden,Baylor,430,2026,CB,8,73,178,Senior,,,Lewisville,,,
Clegg,Hunter,BYU,431,2026,EDGE,90,76,248,Senior,,,American Fork,,,
Hurley,Jahlil,Kansas,432,2026,CB,6,74,185,Senior,,,Florence,,,
Bell,Dillon,Georgia,433,2026,WR,86,73,210,Senior,,,Houston,,,
Niblett,Ryan,Texas,434,2026,S,21,70,187,Senior,,,Houston,,,
Pribula,Beau,Missouri,435,2026,QB,9,74,212,Senior,,,York,,,
Nelson,DaKaari,Penn State,436,2026,S,8,75,234,Senior,,,Livingston,,,
Onwuazor,Bruno,Virginia State,437,2026,OT,,,,Senior,,,,,,
Babalade,Tree,South Carolina,438,2026,OT,51,77,330,Senior,,,Hyattsville,,,
Williams,Hykeem,Colorado,439,2026,WR,5,74,220,Senior,,,Fort Lauderdale,,,
Pettus,Micah,Florida State,440,2026,OT,57,79,355,Senior,,,Harvest,,,
Vasek,Colton,Texas,441,2026,EDGE,92,77,250,Senior,,,Austin,,,
Sadler,Collin,Clemson,442,2026,OT,50,78,310,Senior,,,Inman,,,
Acheampong,Collins,Bowling Green,443,2026,EDGE,11,79,270,Senior,,,Cape Coast,,,
Austin,Daylen,Oregon,444,2026,CB,,73,199,Senior,,,Long Beach,,,
Cottrell,Raymond,West Alabama,445,2026,WR,,,,Senior,,,,,,
Langsdale,Ryder,Rutgers,446,2026,OT,68,79,298,Senior,,,Ridgewood,,,
Osborne,Hunter,Virginia,447,2026,DL,15,76,301,Senior,,,Trussville,,,
Cook II,Johntay,Syracuse,448,2026,WR,-1,,,Senior,,,,,,
Williams,J'ven,Penn State,449,2026,OT,74,77,316,Senior,,,Reading,,,
Coleman,Malachi,Minnesota,450,2026,WR,16,77,200,Senior,,,Lincoln,,,
Jackson,Kaleb,LSU,451,2026,RB,28,72,234,Senior,,,Baton Rouge,,,
Adams,Tyree,LSU,452,2026,OT,71,79,310,Senior,,,Marrero,,,
Mickens,Joshua,Ohio State,453,2026,EDGE,52,75,250,Senior,,,Indianapolis,,,
Anderson,Markee,South Carolina,454,2026,IOL,58,76,326,Senior,,,Roebuck,,,
Mack,King,Penn State,455,2026,S,16,70,187,Senior,,,Miami,,,
James,Braylon,TCU,456,2026,WR,16,74,190,Senior,,,Round Rock,,,
Onoh,Chimdy,Penn State,457,2026,OT,55,77,314,Senior,,,Baltimore,,,
Sanker,Madden,Louisville,458,2026,OT,69,77,305,Senior,,,Douglasville,,,
Williams,Damonic,Oklahoma,459,2026,DL,52,73,323,Senior,,,Mission Hills,,,
Brown,Jalen,Arkansas,460,2026,WR,17,73,174,Senior,,,Miami,,,
Howard,Jaxon,Minnesota,461,2026,EDGE,1,76,250,Senior,,,Crystal,,,
Bryant,Malik,Miami (FL),462,2026,EDGE,,,,Senior,,,,,,
Mills,Monroe,Virginia,463,2026,OT,71,79,320,Senior,,,Columbia,,,
Brown,Damari,Miami (FL),464,2026,CB,,,,Senior,,,,,,
Paige,Elijah,USC,465,2026,OT,72,79,325,Senior,,,Phoenix,,,
Fontenette,Randon,Vanderbilt,466,2026,LB,2,74,220,Senior,,,Freeport,,,
Sampson Jr.,Shelton,Louisiana-Lafayette,467,2026,WR,,,,Senior,,,,,,
Rogers,Noah,NC State,468,2026,WR,5,74,205,Senior,,,Rolesville,,,
Johnson,Jacobe,Oklahoma,469,2026,CB,19,74,208,Senior,,,Mustang,,,
Vernon,Brenan,Notre Dame,470,2026,DL,17,78,293,Senior,,,Mentor,,,
Harris,Gabe,Georgia,471,2026,EDGE,,76,260,Senior,,,Thomasville,,,
Singleton Jr.,Samuel,Florida State,472,2026,RB,,,,Senior,,,,,,
Okunlola,Samson,Miami (FL),473,2026,OT,,,,Senior,,,,,,
Jarrett,Jamaal,USC,474,2026,DL,,77,360,Senior,,,Greensboro,,,
Russaw,Qua,Alabama,475,2026,EDGE,4,74,243,Senior,,,Montgomery,,,
Flores,Rico,UCLA,476,2026,WR,1,74,205,Senior,,,North Highlands,,,
McLeod,Xzavier,Georgia,477,2026,DL,94,76,315,Senior,,,Camden,,,
Evans III,Anthony,Mississippi State,478,2026,WR,3,71,180,Senior,,,Converse,,,
Formby,Wilkin,Alabama,479,2026,OT,75,79,324,Senior,,,Tuscaloosa,,,
Montgomery,Luke,Ohio State,480,2026,IOL,51,77,312,Senior,,,Findlay,,,
Martin,Cole,UCLA,481,2026,CB,21,69,190,Senior,,,Pasadena,,,
Sewell,Harris,Clemson,482,2026,IOL,55,76,310,Senior,,,Odessa,,,
Stafford,Robert,UCLA,483,2026,CB,3,71,185,Senior,,,Melbourne,,,
Pleasant,Rodrick,UCLA,484,2026,CB,18,70,175,Senior,,,Gardena,,,
Alinen,Olaus,Alabama,485,2026,OT,73,78,322,Senior,,,Pori,,,
Walker,John,UCF,486,2026,DL,55,76,324,Senior,,,Kissimmee,,,
Johnson,Dijon,Florida,487,2026,CB,27,73,204,Senior,,,Tampa,,,
Vickers,Makari,Colorado,488,2026,CB,10,73,190,Senior,,,Tallahassee,,,
Hobbs,Daevin,Tennessee,489,2026,DL,5,76,290,Senior,,,Concord,,,
Jackson,Ja'Keem,LSU,490,2026,CB,8,72,190,Senior,,,Kissimmee,,,
Burton,Jager,Kentucky,491,2026,IOL,62,76,323,Senior,,,Lexington,,,
Gates Jr.,Antonio,Delaware State,492,2026,WR,,,,Senior,,,,,,
Jobe,Bai,Miami (OH),493,2026,EDGE,22,76,240,Senior,,,Norman,,,
Murphy,Mason,Auburn,494,2026,OT,76,77,319,Senior,,,Riverside,,,
Skinner,Jaleel,Louisville,495,2026,TE,88,77,230,Senior,,,Greer,,,
Okunlola,Samuel,Colorado,496,2026,EDGE,93,76,250,Senior,,,Brockton,,,
Ramil,Stanton,Michigan State,497,2026,OT,65,79,312,Senior,,,Alabaster,,,
Carrico,Reid,West Virginia,498,2026,LB,35,74,230,Senior,,,Ironton,,,
Donald,Elliot,Pittsburgh,499,2026,DL,94,75,275,Senior,,,Pittsburgh,,,
Wiggins,Quency,Colorado,500,2026,EDGE,49,77,255,Senior,,,Napoleonville,,,
Garcia,Jake,Michigan,501,2026,QB,12,74,210,Senior,,,Whittier,,,
Rutchena,Nate,UC Davis,502,2026,TE,8,75,230,Senior,,,Danville,,,
Depaepe,Andrew,Indiana,503,2026,DL,42,77,260,Senior,,,Bettendorf,,,
Shanahan,T.J.,Penn State,504,2026,IOL,,,,Senior,,,,,,
Duley,Declan,Central Michigan,505,2026,P,18,73,215,Senior,,,El Paso,,,
Pettaway,George,James Madison,506,2026,RB,6,70,196,Senior,,,Suffolk,,,
McCutchin,Latrell,Houston,507,2026,CB,1,73,185,Senior,,,Austin,,,
Leacock,Nathan,North Carolina,508,2026,WR,15,75,217,Senior,,,Rolesville,,,
Humphrey,Julian,Texas A&M,509,2026,CB,6,73,195,Senior,,,Galveston,,,
Toviano,Javien,LSU,510,2026,S,25,73,197,Senior,,,Arlington,,,
Sneed,Jaylen,Notre Dame,511,2026,LB,3,74,228,Senior,,,Hilton Head Island,,,
Ricks,Dezz,Texas A&M,512,2026,CB,2,73,188,Senior,,,Norfolk,,,
Dowdell,Dante,Kentucky,513,2026,RB,2,74,227,Senior,,,Picayune,,,
Tengesdahl,Evan,Cincinnati,514,2026,IOL,50,75,320,Senior,,,Dayton,,,
Heldt,Will,Clemson,515,2026,EDGE,13,78,260,Senior,,,Carmel,,,
Olds,Kam,Kentucky,516,2026,EDGE,,,,Senior,,,,,,
Hill,Xavier,Colorado,517,2026,IOL,71,76,320,Senior,,,Olive Branch,,,
McAlister,Eric,TCU,518,2026,WR,1,75,205,Senior,,,Azle,,,
Lyons,Jameial,Penn State,519,2026,EDGE,19,77,251,Senior,,,Philadelphia,,,
Curtis,Tackett,Wisconsin,520,2026,LB,4,74,235,Senior,,,Many,,,
White,Tyler,Texas A&M,521,2026,P,37,75,225,Senior,,,Southlake,,,
Chester,D.J.,LSU,522,2026,IOL,,,,Senior,,,,,,
Etta,Enow,Michigan,523,2026,DL,17,77,320,Senior,,,Keller,,,
Moore,Jason,Ohio State,524,2026,DL,94,78,303,Senior,,,Hyattsville,,,
Harvey,Jaybron,North Carolina,525,2026,EDGE,14,74,240,Senior,,,Mebane,,,
Jackson,Kylin,TCU,526,2026,S,19,75,200,Senior,,,Clinton,,,
Hill,Edric,Alabama,527,2026,DL,94,75,284,Senior,,,Kansas City,,,
Chatman,Jaydon,Texas,528,2026,OT,75,76,306,Senior,,,Harker Heights,,,
Hughley,Bo,Georgia,529,2026,OT,55,79,295,Senior,,,Fairburn,,,
Robinson,Kam,Virginia,530,2026,LB,,,,Senior,,,,,,
Umeozulu,Desmond,South Carolina,531,2026,EDGE,9,78,255,Senior,,,Upper Marlboro,,,
Brooks,Dalton,Texas A&M,532,2026,S,25,72,193,Senior,,,Shiner,,,
Pettaway,Jaquaize,East Carolina,533,2026,WR,12,72,194,Senior,,,Houston,,,
Williams Jr.,Derek,Texas,534,2026,S,2,74,201,Senior,,,New Iberia,,,
James,Kamran,Florida,535,2026,EDGE,24,78,270,Senior,,,Orlando,,,
Rogers,Bravion,Texas A&M,536,2026,CB,19,71,188,Senior,,,La Grange,,,
Robinson II,Roderick,Georgia,537,2026,RB,,73,235,Senior,,,Imperial,,,
Carter,Arion,Tennessee,538,2026,LB,7,73,235,Senior,,,Smyrna,,,
Thomas,Jayvon,Texas A&M,539,2026,CB,14,71,196,Senior,,,Dallas,,,
Umarov,Shamurad,Tennessee,540,2026,OT,74,79,330,Senior,,,Alpharetta,,,
Reed,Ian,Clemson,541,2026,IOL,54,78,305,Senior,,,Austin,,,
Russell,Cordale,Miami (OH),542,2026,WR,5,76,210,Senior,,,Mesquite,,,
Simpson-Hunt,Calvin,Baylor,543,2026,CB,28,72,215,Senior,,,Waxahachie,,,
M'Pemba,Samuel,Texas A&M,544,2026,EDGE,92,75,252,Senior,,,Olivette,,,
Rojas,Tony,Penn State,545,2026,LB,13,74,230,Senior,,,Fairfax,,,
Novosad,Austin,Oregon,546,2026,QB,16,75,200,Senior,,,Dripping Springs,,,
Webb,Treyaun,Florida,547,2026,RB,5,71,217,Senior,,,Jacksonville,,,
Simmons,Lucas,Florida State,548,2026,OT,79,80,315,Senior,,,Stockholm,,,
Kaak,Hudson,Auburn,549,2026,P,14,73,222,Senior,,,Seymour,,,
Anderson,Jarra,Arizona,550,2026,DL,93,74,270,Senior,,,Katy,,,
Olano,David,Illinois,551,2026,K,24,71,180,Senior,,,Naperville,,,
Daniels,Phillip,Ohio State,552,2026,OT,70,77,315,Senior,,,Cincinnati,,,
Williams,Palmer,Baylor,553,2026,P,94,74,203,Senior,,,Advance,,,
Flintoft,Aidan,Stanford,554,2026,P,37,74,210,Senior,,,Pacific Palisades,,,
Eldridge,Jake,Rutgers,555,2026,LS,49,73,225,Senior,,,Colleyville,,,
Talty,Conor,Alabama,556,2026,K,31,73,195,Senior,,,Chicago,,,
Johnson Jr.,Chris,SMU,557,2026,RB,6,72,184,Senior,,,Fort Lauderdale,,,
Matthews,Mikey,UCLA,558,2026,WR,7,69,180,Senior,,,Irvine,,,
Taylor,Brock,Vanderbilt,559,2026,K,88,73,161,Senior,,,Knoxville,,,
Brown,Jayce,Kansas State,560,2026,WR,1,72,179,Senior,,,Fort Walton Beach,,,
Humphreys,London,Georgia,561,2026,WR,16,74,200,Senior,,,Nashville,,,
Castellanos,Thomas,Florida State,562,2026,QB,1,71,201,Senior,,,Waycross,,,
Fite,C.J.,Arizona State,563,2026,DL,99,74,305,Senior,,,Tatum,,,
Woodring,Peyton,Georgia,564,2026,K,91,70,185,Senior,,,Lafayette,,,
Brown,Tyler,Clemson,565,2026,WR,6,71,185,Senior,,,Greenville,,,
Rawls,Ja'Bril,Florida State,566,2026,S,11,73,185,Senior,,,Pensacola,,,
Loftis,Grayson,Charlotte,567,2026,QB,12,75,215,Senior,,,Gaffney,,,
Alexander,Sedrick,Vanderbilt,568,2026,RB,28,69,200,Senior,,,Austin,,,
Williams IV,Carl,Baylor,569,2026,S,15,73,192,Senior,,,Baton Rouge,,,
Feagin,Kaden,Illinois,570,2026,RB,3,75,250,Senior,,,Atwood,,,
Kilgore,Alex,SMU,571,2026,LB,54,73,230,Senior,,,Katy,,,
Schlaffer,Joey,Penn State,572,2026,TE,18,77,252,Senior,,,Reading,,,
Thomas,Amare,Houston,573,2026,WR,,72,205,Senior,,,Birmingham,,,
Mason,Lance,Wisconsin,574,2026,TE,86,,240,Senior,,,Rockwall,,,
Brown,Hank,Iowa,575,2026,QB,9,76,215,Senior,,,Nashville,,,
Link,Evan,Michigan,576,2026,OT,71,78,324,Senior,,,Burke,,,
McCoy,A'Marion,Boise State,577,2026,CB,7,72,176,Senior,,,East Palo Alto,,,
Virgin-Morgan,Jayden,Boise State,578,2026,EDGE,,,,Senior,,,,,,
Crawford,Dion,Buffalo,579,2026,LB,18,73,232,Senior,,,Suwanee,,,
Durand,James,Western Illinois,580,2026,IOL,63,76,305,Senior,,,Gilbert,,,
Ratcliffe,Marcus,Texas A&M,581,2026,S,3,74,209,Senior,,,Chula Vista,,,
Dubuc,Trey,New Mexico,582,2026,LS,47,73,209,Senior,,,Fort Lauderdale,,,
Raynor,Jaylen,Arkansas State,583,2026,QB,1,72,202,Senior,,,Kernersville,,,
Lubin,Clev,Louisville,584,2026,EDGE,50,75,250,Senior,,,Suffern,,,
Burns,Ryder,Southern Miss,585,2026,LS,32,74,210,Senior,,,Lake Cormorant,,,
Djabome,Dariel,Rutgers,586,2026,LB,8,74,237,Senior,,,Longueuil,,,
Bradley,Chandavian,Oklahoma State,587,2026,EDGE,16,76,235,Senior,,,Kansas City,,,
Mitchell,Tony,Mississippi State,588,2026,S,9,73,215,Senior,,,Alabaster,,,
Harris,Denver,UNLV,589,2026,CB,2,72,190,Senior,,,Houston,,,
Brownlow-Dindy,Gabriel,South Carolina,590,2026,DL,99,75,315,Senior,,,Lakeland,,,
Rice,Zach,Syracuse,591,2026,IOL,55,77,320,Senior,,,Lynchburg,,,
Craig,Jaden,Harvard,592,2026,QB,1,74,215,Senior,,,Montclair,,,
Alexander,Jeremiah,Clemson,593,2026,EDGE,35,74,230,Senior,,,Alabaster,,,
Marshall,Chris,Boise State,594,2026,WR,5,75,211,Senior,,,Missouri City,,,
Weigman,Conner,Houston,595,2026,QB,1,75,210,Senior,,,Cypress,,,
Singletary,Jaheim,Arkansas,596,2026,CB,15,74,196,Senior,,,Jacksonville,,,
Hicks,C.J.,Ohio State,597,2026,EDGE,11,75,243,Senior,,,Dayton,,,
Shaw,Travis,Texas,598,2026,DL,44,77,342,Senior,,,Greensboro,,,
Citizen,TreVonte,McNeese State,599,2026,RB,,,,Senior,,,,,,
Tshabola,Tegra,Ohio State,600,2026,IOL,77,78,322,Senior,,,West Chester,,,
Evers,Nick,UConn,601,2026,QB,3,75,195,Senior,,,Flower Mound,,,
Armella,Julian,UCLA,602,2026,IOL,74,78,320,Senior,,,Miami,,,
Price,KP,Boston College,603,2026,S,2,73,200,Senior,,,Baltimore,,,
Green,Donovan,LSU,604,2026,TE,88,76,250,Senior,,,Dickinson,,,
Sexton,Jacob,Oklahoma,605,2026,OT,76,78,330,Senior,,,Edmond,,,
Greene Jr.,Andre,Virginia,606,2026,WR,2,74,202,Senior,,,Richmond,,,
Mathews,Jacoby,Auburn,607,2026,S,20,73,216,Senior,,,Ponchatoula,,,
Williams,Gentry,Oklahoma,608,2026,CB,9,71,187,Senior,,,Tulsa,,,
Jefferson,Justin,Alabama,609,2026,LB,10,73,227,Senior,,,Memphis,,,
Brown,Jyaire,UCF,610,2026,CB,15,71,177,Senior,,,New Orleans,,,
Staes,Holden,Indiana,611,2026,TE,19,76,248,Senior,,,Atlanta,,,
Helms,Kaden,Oklahoma,612,2026,TE,18,77,238,Senior,,,Bellevue,,,
Umeozulu,Neto,Texas,613,2026,IOL,72,76,325,Senior,,,Allen,,,
Robinson,Branson,Georgia State,614,2026,RB,22,70,211,Senior,,,Canton,,,
Shettron,Talyn,Oklahoma State,615,2026,WR,2,74,195,Senior,,,Edmond,,,
Glover,Jaylon,UNLV,616,2026,RB,20,69,205,Senior,,,Lakeland,,,
Lyons,Jamari,Florida,617,2026,DL,95,76,318,Senior,,,Viera,,,
Hardaway,J.Q.,Kentucky,618,2026,CB,6,75,193,Senior,,,Columbus,,,
Perry,Khurtiss,Jacksonville State,619,2026,DL,44,74,280,Senior,,,Montgomery,,,
Law,Kendrick,Kentucky,620,2026,WR,1,72,205,Senior,,,Shreveport,,,
Kutas,Patrick,Mississippi,621,2026,IOL,,,,Senior,,,,,,
Swann,A.J.,Appalachian State,622,2026,QB,,,,Senior,,,,,,
Saunders,Kaden,Penn State,623,2026,WR,7,70,180,Senior,,,Columbus,,,
Roush,Sam,Stanford,624,2026,TE,86,77,260,Senior,,,Nashville,,,
Murphy,Maalik,Oregon State,625,2026,QB,6,77,234,Senior,,,Inglewood,,,
Brown,Devin,California,626,2026,QB,13,75,215,Senior,,,Gilbert,,,
Henderson,Brandon,Illinois,627,2026,IOL,75,77,335,Senior,,,East Saint Louis,,,
Howard,Walker,Louisiana-Lafayette,628,2026,QB,,,,Senior,,,,,,
Finkley,Justice,Kansas,629,2026,EDGE,15,74,250,Senior,,,Trussville,,,
Pedersen,Jack,UCLA,630,2026,TE,28,77,240,Senior,,,Murrieta,,,
Pride,Toriano,Missouri,631,2026,CB,2,71,188,Senior,,,Saint Louis,,,
Merriweather,Tobias,Utah,632,2026,WR,18,77,195,Senior,,,Vancouver,,,
Willis,Carver,Washington,633,2026,OT,50,77,291,Senior,,,Durango,,,
Hudson,Jordan,SMU,634,2026,WR,2,73,200,Senior,,,Garland,,,
Wilson,Kamari,Memphis,635,2026,S,24,73,210,Senior,,,Fort Pierce,,,
Winston,Emar'rion,Baylor,636,2026,EDGE,32,76,247,Senior,,,Portland,,,
Shor,Dayne,Akron,637,2026,OT,75,77,315,Senior,,,Alpharetta,,,
Brown,Raleek,Arizona State,638,2026,RB,3,69,195,Senior,,,Santa Ana,,,
Sylla,Malick,Mississippi State,639,2026,EDGE,8,78,255,Senior,,,Katy,,,
Gibson,Jayden,Oklahoma,640,2026,WR,1,77,186,Senior,,,Winter Garden,,,
Brunner,Joe,Wisconsin,641,2026,IOL,56,77,318,Senior,,,Whitefish Bay,,,
Grayes,Kyion,California,642,2026,WR,9,72,190,Senior,,,Chandler,,,
Murphy,Shawn,South Carolina,643,2026,LB,7,75,231,Senior,,,Manassas,,,
Little II,Earl,Florida State,644,2026,CB,,73,193,Senior,,,Fort Lauderdale,,,
Niblack,Amari,Texas A&M,645,2026,TE,84,75,235,Senior,,,St. Petersburg,,,
Brown,Kaleb,UAB,646,2026,WR,5,70,200,Senior,,,Chicago,,,
Williams,Popeye,Western Michigan,647,2026,EDGE,2,75,250,Senior,,,Westfield,,,
Hayden,Dallan,Colorado,648,2026,RB,7,70,205,Senior,,,Memphis,,,
Kelly,Nyjalik,UCF,649,2026,EDGE,9,77,250,Senior,,,Fort Lauderdale,,,
Guilbeau,Jaylon,Texas,650,2026,CB,3,72,183,Senior,,,Port Arthur,,,
Spears-Jennings,Robert,Oklahoma,651,2026,S,3,72,213,Senior,,,Broken Arrow,,,
Coleman Jr.,Kevin,Missouri,652,2026,WR,3,71,180,Senior,,,St. Louis,,,
Stockton,Gunner,Georgia,653,2026,QB,14,73,215,Senior,,,Tiger,,,
Clark,Stanquan,Louisville,654,2026,LB,6,75,235,Senior,,,Miami,,,
Morris,M.J.,Coastal Carolina,655,2026,QB,,,,Senior,,,,,,
Payne,Toby,Marshall,656,2026,TE,81,76,232,Senior,,,Poca,,,
Bissainthe,Wesley,Miami (FL),657,2026,LB,,,,Senior,,,,,,
Presley,Braylin,Tulsa,658,2026,WR,1,66,170,Senior,,,Tulsa,,,
Hutson,Cole,Texas,659,2026,IOL,54,77,308,Senior,,,Frisco,,,
Sawchuk,Gavin,Florida State,660,2026,RB,27,71,202,Senior,,,Littleton,,,
Prentice,Kobe,Baylor,661,2026,WR,16,71,190,Senior,,,Calera,,,
Wade,Keaten,Colorado,662,2026,EDGE,27,76,235,Senior,,,Spring Hill,,,
Randall,Adam,Clemson,663,2026,RB,8,74,230,Senior,,,Myrtle Beach,,,
Branch,Zion,Georgia,664,2026,S,2,74,210,Senior,,,Las Vegas,,,
Jackson,Devon,Oregon,665,2026,LB,26,74,235,Senior,,,Omaha,,,
Smith,Darris,Missouri,666,2026,EDGE,3,77,232,Senior,,,Baxley,,,
Abor,Omari,SMU,667,2026,EDGE,30,75,258,Senior,,,Duncanville,,,
White,Enai,Penn State,668,2026,EDGE,45,77,275,Senior,,,Philadelphia,,,
Hinzman,Carson,Ohio State,669,2026,IOL,75,77,300,Senior,,,Hammond,,,
Spells,Jacolby,West Virginia,670,2026,CB,6,71,186,Senior,,,Fort Lauderdale,,,
Shanks,Kam,Arkansas,671,2026,WR,,,,Senior,,,,,,
Johnson,Jake,North Carolina,672,2026,TE,19,78,240,Senior,,,Athens,,,
Alliegro,Christian,Wisconsin,673,2026,LB,,76,245,Senior,,,Darien,,,
Thomas,Zavion,LSU,674,2026,WR,,70,192,Senior,,,Woodmere,,,
Dewberry,Kam,Alabama,675,2026,IOL,71,76,332,Senior,,,Humble,,,
Williams,C.J.,Stanford,676,2026,WR,,,,Senior,,,,,,
Dwyer,Jordan,TCU,677,2026,WR,7,72,195,Senior,,,Puyallup,,,
Red,Savion,Sacramento State,678,2026,RB,,70,233,Senior,,,Grand Prairie,,,
White,Squirrel,Florida State,679,2026,WR,4,70,170,Senior,,,Birmingham,,,
Huskey,Jalen,Maryland,680,2026,CB,22,74,201,Senior,,,Gaithersburg,,,
McGowan,Jayden,Charlotte,681,2026,WR,3,67,180,Senior,,,Laurens,,,
Cooper,Jeremiah,Iowa State,682,2026,S,4,72,195,Senior,,,El Paso,,,
Connors,Dean,Houston,683,2026,RB,44,72,206,Senior,,,Kamuela,,,
Wells,Van,Oregon State,684,2026,IOL,55,74,292,Senior,,,Houston,,,
Wimbley,Pichon,Georgia Southern,685,2026,IOL,74,74,305,Senior,,,Moreland,,,
Barnes,Kyron,Nicholls,686,2026,OT,,,,Senior,,,,,,
McCown,Owen,UTSA,687,2026,QB,13,73,190,Senior,,,Rusk,,,
Jatta,Isaiah,BYU,688,2026,OT,71,78,315,Senior,,,San Diego,,,
Kattus,Josh,Kentucky,689,2026,TE,84,76,247,Senior,,,Cincinnati,,,
Smith,D.Q.,South Carolina,690,2026,S,,,,Senior,,,,,,
Westmoreland,Maurice,Tulane,691,2026,EDGE,,74,250,Senior,,,Houston,,,
Jackson,Amari,Boston College,692,2026,CB,24,71,190,Senior,,,Mcdonough,,,
Ryan,Carsen,BYU,693,2026,TE,20,76,250,Senior,,,Orem,,,
Kelly,Eddie,West Virginia,694,2026,DL,1,77,288,Senior,,,Orlando,,,
Glover,Jaron,Mississippi State,695,2026,WR,18,73,205,Senior,,,Sarasota,,,
Redwood,Asani,West Virginia,696,2026,DL,92,75,296,Senior,,,Suwanee,,,
Hausmann,Ernest,Michigan,697,2026,LB,15,74,235,Senior,,,Columbus,,,
Saunders,Donovan,Utah,698,2026,CB,4,76,187,Senior,,,San Diego,,,
Donaldson,C.J.,Ohio State,699,2026,RB,,,,Senior,,,,,,
Allen,Marcus,North Carolina,700,2026,CB,29,74,190,Senior,,,Marietta,,,
Lucas,Jaylin,Florida State,701,2026,RB,12,69,173,Senior,,,Houma,,,
Brown,Byrum,South Florida,702,2026,QB,17,75,231,Senior,,,Raleigh,,,
Paul,Andrew,Jacksonville State,703,2026,RB,,71,215,Senior,,,Dallas,,,
Fifita,Noah,Arizona,704,2026,QB,1,70,186,Senior,,,Huntington Beach,,,
Reese,Richard,Stephen F. Austin,705,2026,RB,29,71,175,Senior,,,Bellville,,,
Pyburn,Jack,LSU,706,2026,EDGE,44,76,264,Senior,,,Jacksonville,,,
Ross-Simmons,Justus,Syracuse,707,2026,WR,12,75,210,Senior,,,Rochester,,,
Sorsby,Brendan,Cincinnati,708,2026,QB,2,75,235,Senior,,,Corinth,,,
Burke,Ethan,Texas,709,2026,EDGE,91,78,259,Senior,,,Austin,,,
Agu,Darren,New Mexico,710,2026,EDGE,10,78,244,Senior,,,London,,,
Gibson,Gavin,North Carolina,711,2026,CB,5,72,185,Senior,,,Hickory,,,
FitzSimmons,Sean,Pittsburgh,712,2026,DL,55,75,295,Senior,,,Monaca,,,
Bock II,John,Tulane,713,2026,IOL,51,75,288,Senior,,,Fort Lauderdale,,,
Young,Colbie,Georgia,714,2026,WR,8,75,215,Senior,,,Binghamton,,,
Ball,Cameron,Arkansas,715,2026,DL,5,77,326,Senior,,,Atlanta,,,
Earby,Jeremiah,Boise State,716,2026,CB,6,74,182,Senior,,,East Palo Alto,,,
Pollard,Jordan,San Jose State,717,2026,LB,,,,Senior,,,,,,
St. Louis,Lance,Texas,718,2026,LS,58,72,224,Senior,,,Gilbert,,,
Joly,Justin,NC State,719,2026,TE,7,75,251,Senior,,,Brewster,,,
Cole,Jay'Vion,Arizona,720,2026,CB,8,70,191,Senior,,,Oakland,,,
McCoy,Bryan,Oklahoma State,721,2026,LB,5,72,225,Senior,,,Chicago,,,
Williams,James,Florida State,722,2026,EDGE,10,78,262,Senior,,,Kansas City,,,
Kirkland,Justin,BYU,723,2026,DL,96,75,340,Senior,,,West Haven,,,
Silver,Keeshawn,USC,724,2026,DL,9,76,330,Senior,,,Rocky Mount,,,
Foreman,Korey,Fresno State,725,2026,EDGE,,76,250,Senior,,,Corona,,,
Payne,Damon,Michigan,726,2026,DL,44,76,311,Senior,,,Belleville,,,
Rucci,Nolan,Penn State,727,2026,OT,72,80,307,Senior,,,Lititz,,,
Salter,Kaidon,Colorado,728,2026,QB,3,73,190,Senior,,,Cedar Hill,,,
Nelson Jr.,Keenan,Ohio State,729,2026,S,16,73,205,Senior,,,Philadelphia,,,
Huard,Sam,USC,730,2026,QB,7,73,210,Senior,,,Bellevue,,,
Sorey Jr.,Xavian,Arkansas,731,2026,LB,10,75,231,Senior,,,Campbellton,,,
Ryan,Sage,Mississippi,732,2026,S,,,,Senior,,,,,,
Rubio,Gabriel,Notre Dame,733,2026,DL,97,77,322,Senior,,,Saint Louis,,,
Dotson-Oyetade,Ezra,Texas State,734,2026,IOL,52,75,290,Senior,,,Garland,,,
Daniel-Sisavanh,David,Troy,735,2026,S,,,,Senior,,,,,,
Zambrano,Hunter,Texas Tech,736,2026,IOL,57,77,305,Senior,,,Weston,,,
Brown,Prophet,USC,737,2026,CB,16,71,190,Senior,,,Sacramento,,,
Michalski,Zen,Indiana,738,2026,OT,75,78,319,Senior,,,Floyds Knobs,,,
Morris,Micah,Georgia,739,2026,IOL,56,76,330,Senior,,,Kingsland,,,
Adeleye,Tunmise,UNLV,740,2026,DL,30,76,275,Senior,,,Katy,,,
McClain,Malik,Arizona State,741,2026,WR,12,77,205,Senior,,,Daphne,,,
Hilton,Chris,LSU,742,2026,WR,3,72,190,Senior,,,Zachary,,,
Jackson,Cody,Tarleton State,743,2026,WR,15,72,185,Senior,,,Richmond,,,
Smith,Clayton,Arizona State,744,2026,EDGE,10,77,255,Senior,,,Queen City,,,
Prochazka,Teddy,Nebraska,745,2026,OT,65,82,320,Senior,,,Elkhorn,,,
Brinson,Romello,SMU,746,2026,WR,3,74,190,Senior,,,Miami,,,
Carter,Bryce,Texas State,747,2026,DL,96,75,274,Senior,,,Chesterfield,,,
Davis Jr.,Derrick,Pittsburgh,748,2026,RB,34,72,210,Senior,,,Pittsburgh,,,
Banks,Shadrach,UTSA,749,2026,LB,17,73,230,Senior,,,Houston,,,
Gilliam,Kelvin,Virginia Tech,750,2026,DL,22,75,295,Senior,,,Richmond,,,
Johnson,J.K.,Oklahoma State,751,2026,CB,,,,Senior,,,,,,
Drones,Kyron,Virginia Tech,752,2026,QB,1,74,235,Senior,,,Pearland,,,
Walden,Bram,Arizona State,753,2026,IOL,75,76,305,Senior,,,Scottsdale,,,
Ferguson II,Terrence,Syracuse,754,2026,IOL,69,76,320,Senior,,,Fort Valley,,,
Wright,Ceyair,Nebraska,755,2026,CB,15,72,190,Senior,,,Los Angeles,,,
King,Wes,Wyoming,756,2026,IOL,78,77,310,Senior,,,Appleton,,,
Lawson,Keli,UCF,757,2026,LB,,76,223,Senior,,,Stephens City,,,
Poku,Emmanuel,East Carolina,758,2026,IOL,69,78,326,Senior,,,Charlotte,,,
Brooks,Dylan,Kansas,759,2026,EDGE,13,76,245,Senior,,,Roanoke,,,
Del Rio-Wilson,Carlos,Marshall,760,2026,QB,7,74,215,Senior,,,Atlanta,,,
Ballard,Jayden,Wisconsin,761,2026,WR,4,74,205,Senior,,,Massillon,,,
Leary,Christian,Western Michigan,762,2026,WR,1,70,180,Senior,,,Edgewater,,,
Malone,Tywone,Ohio State,763,2026,DL,95,76,309,Senior,,,Oradell,,,
Calloway,Kadarius,New Mexico State,764,2026,RB,1,72,220,Senior,,,Philadelphia,,,
Ware-Hudson,Kyron,Penn State,765,2026,WR,11,73,215,Senior,,,Duarte,,,
Byrd,Savion,SMU,766,2026,IOL,54,77,304,Senior,,,Cedar Hill,,,
Deal,Devean,TCU,767,2026,EDGE,11,76,250,Senior,,,Garland,,,
Benzschawel,J.P.,Wisconsin,768,2026,IOL,,,,Senior,,,,,,
Aybar,Wilfredo,Stanford,769,2026,EDGE,14,74,260,Senior,,,Fall River,,,
Gilbert,Jardin,LSU,770,2026,S,2,73,193,Senior,,,White Castle,,,
Pryor,Evan,Cincinnati,771,2026,RB,6,69,195,Senior,,,Cornelius,,,
Goodwin,Armoni,UT Martin,772,2026,RB,7,68,195,Senior,,,Trussville,,,
Green,Nyland,Arizona State,773,2026,CB,15,74,185,Senior,,,Covington,,,
Pena,Trebor,Penn State,774,2026,WR,8,70,186,Senior,,,Ocean Township,,,
Denhoff,Cade,Clemson,775,2026,EDGE,44,77,260,Senior,,,Plant City,,,
Kollie,Prince,Vanderbilt,776,2026,LB,20,73,227,Senior,,,Jonesborough,,,
Koht,Keanu,Vanderbilt,777,2026,EDGE,9,76,232,Senior,,,Vero Beach,,,
Smith,Devonta,Notre Dame,778,2026,CB,,71,196,Senior,,,Cincinnati,,,
Johnson Jr.,L.J.,California,779,2026,RB,,,,Senior,,,,,,
Earle,JoJo,UNLV,780,2026,WR,11,70,185,Senior,,,Fort Worth,,,
Cardwell,Byron,San Diego State,781,2026,RB,21,72,215,Senior,,,San Diego,,,
Burris,Marcus,Memphis,782,2026,DL,34,77,270,Senior,,,Texarkana,,,
Thompson,Ty,Tulane,783,2026,TE,13,76,224,Senior,,,Gilbert,,,
Colzie,Deion,Miami (OH),784,2026,WR,4,76,211,Senior,,,Mcdonough,,,
Hill,Destyn,LSU,785,2026,WR,2,73,197,Senior,,,New Orleans,,,
McGhee,Damarius,Florida Atlantic,786,2026,CB,,72,175,Senior,,,Pensacola,,,
Morton,Behren,Texas Tech,787,2026,QB,2,74,220,Senior,,,Eastland,,,
Altmyer,Luke,Illinois,788,2026,QB,9,74,205,Senior,,,Starkville,,,
Davis,Raesjon,Oregon State,789,2026,LB,9,72,223,Senior,,,Norco,,,
Cooley,Trevion,Troy,790,2026,RB,3,70,208,Senior,,,Raleigh,,,
Calvert,Ethan,Cal Poly,791,2026,LB,3,75,215,Senior,,,Westlake Village,,,
Benson,Malik,Oregon,792,2026,WR,4,73,195,Senior,,,Lansing,,,
Daniels,Kendal,Oklahoma,793,2026,S,5,77,242,Senior,,,Beggs,,,
Patterson,Zaire,Clemson,794,2026,EDGE,91,77,260,Senior,,,Winston-salem,,,
Dickerson,Avante,Arkansas State,795,2026,CB,9,71,181,Senior,,,Omaha,,,
Patterson,Davaughn,Wake Forest,796,2026,S,5,72,217,Senior,,,Jacksonville,,,
Williams,Jeremiah,Texas A&M,797,2026,EDGE,,,,Senior,,,,,,
Stone,Preston,Northwestern,798,2026,QB,8,73,215,Senior,,,Dallas,,,
Onyedim,Tyler,Texas A&M,799,2026,DL,11,75,295,Senior,,,Richmond,,,
Anderson,Raheem,Western Michigan,800,2026,IOL,62,74,321,Senior,,,Detroit,,,
Collins,Dacari,Louisville,801,2026,WR,3,76,215,Senior,,,Atlanta,,,
Anthony,Andrel,Duke,802,2026,WR,1,73,186,Senior,,,Lansing,,,
Ishmael,Jabari,Southern Miss,803,2026,EDGE,9,78,270,Senior,,,Miami,,,
Davies,Jaylin,Oklahoma State,804,2026,CB,2,71,180,Senior,,,Rancho Cucamonga,,,
Styles Jr.,Lorenzo,Ohio State,805,2026,CB,3,73,195,Senior,,,Pickerington,,,
Jefferson,Jonathan,SMU,806,2026,DL,94,75,315,Senior,,,Douglasville,,,
Green,Taylen,Arkansas,807,2026,QB,10,78,224,Senior,,,Lewisville,,,
Doman,Tommy,Florida,808,2026,P,19,76,218,Senior,,,Rochester Hills,,,
Diggs,Logan,Mississippi,809,2026,RB,,,,Senior,,,,,,
Manjack IV,Joseph,TCU,810,2026,WR,,,,Senior,,,,,,
Henderson,Jason,Old Dominion,811,2026,LB,42,73,225,Senior,,,Dingmans Ferry,,,
Brown,Jared,South Carolina,812,2026,WR,14,72,195,Senior,,,Lilburn,,,
Bray,Jaden,West Virginia,813,2026,WR,5,74,209,Senior,,,Norman,,,
Fields,Horatio,Auburn,814,2026,WR,5,74,201,Senior,,,Douglasville,,,
Taylor,Kolbey,Vanderbilt,815,2026,CB,3,75,190,Senior,,,Houston,,,
Favors,Jordan,Appalachian State,816,2026,S,,,,Senior,,,,,,
Thomas,Rara,Troy,817,2026,WR,7,74,208,Senior,,,Eufaula,,,
Boykins,DeAndre,Oklahoma State,818,2026,CB,15,72,200,Senior,,,Beaufort,,,
Gosnell,Benji,Virginia Tech,819,2026,TE,82,77,254,Senior,,,Meadows Of Dan,,,
Giudice,Dominick,Missouri,820,2026,IOL,56,76,312,Senior,,,Freehold,,,
Coogan,Pat,Indiana,821,2026,IOL,78,77,310,Senior,,,Palos Heights,,,
McCaskill IV,Alton,Sam Houston State,822,2026,RB,,,,Senior,,,,,,
Thomas,Jayden,Virginia,823,2026,WR,8,74,220,Senior,,,Paulding County,,,
Metayer,Chamon,Arizona State,824,2026,TE,7,76,255,Senior,,,Miami,,,
Gusta,David,Kentucky,825,2026,DL,60,75,317,Senior,,,San Bernardino,,,
Rosiek,Dylan,Illinois,826,2026,LB,28,73,235,Senior,,,East Lake,,,
Retzlaff,Jake,Tulane,827,2026,QB,12,73,205,Senior,,,Corona,,,
Gentry,Eric,USC,828,2026,LB,18,78,225,Senior,,,Philadelphia,,,
Sydnor,Khordae,Vanderbilt,829,2026,EDGE,96,76,266,Senior,,,New York,,,
Platt Jr.,Corey,Houston,830,2026,LB,9,74,215,Senior,,,Little Rock,,,
Bradley,Jerand,Kansas State,831,2026,WR,5,77,223,Senior,,,Desoto,,,
Haynes,Jamal,Georgia Tech,832,2026,RB,1,69,190,Senior,,,Loganville,,,
Brown,Sean,NC State,833,2026,LB,,72,216,Senior,,,Charlotte,,,
Curry,Caden,Ohio State,834,2026,EDGE,92,75,260,Senior,,,Greenwood,,,
Rusk,Cole,Illinois,835,2026,TE,14,77,250,Senior,,,Rock Island,,,
Kelly,Jack,BYU,836,2026,LB,17,74,242,Senior,,,Kearns,,,
Woodson,Caleb,Virginia Tech,837,2026,LB,20,75,230,Senior,,,Haymarket,,,
van den Berg,Jordan,Georgia Tech,838,2026,DL,99,75,300,Senior,,,Johannesburg,,,
Savea,Tiaoalii,Arizona,839,2026,DL,,,,Senior,,,,,,
Chestnut,Darian,Syracuse,840,2026,CB,2,72,195,Senior,,,Camden,,,
Allen,Cyrus,Cincinnati,841,2026,WR,4,71,180,Senior,,,New Orleans,,,
Hallman,Ricardo,Wisconsin,842,2026,CB,2,70,190,Senior,,,Miami,,,
Carnell,Daylan,Missouri,843,2026,S,13,74,225,Senior,,,Indianapolis,,,
Davis,Carter,Boston College,844,2026,S,7,73,190,Senior,,,Baltimore,,,
Thomas,Jacob,James Madison,845,2026,S,7,73,212,Senior,,,Ashburn,,,
Stribling,De'Zhaun,Mississippi,846,2026,WR,,,,Senior,,,,,,
Lawrence,Malachi,UCF,847,2026,EDGE,51,76,250,Senior,,,Louisville,,,
Kacmarek,Will,Ohio State,848,2026,TE,89,78,258,Senior,,,Saint Louis,,,
Zimmerly,Cade,Bowling Green,849,2026,IOL,72,73,300,Senior,,,Perrysburg,,,
Sharp,Bauer,LSU,850,2026,TE,10,77,246,Senior,,,Dothan,,,
Blay,David,Miami (FL),851,2026,DL,,,,Senior,,,,,,
Hodge,Preston,Colorado,852,2026,CB,4,72,200,Senior,,,Waxahachie,,,
Traore,Seydou,Mississippi State,853,2026,TE,8,76,235,Senior,,,London,,,
Atkinson,Beau,Ohio State,854,2026,EDGE,14,78,258,Senior,,,Raleigh,,,
Prather,Elijah,Troy,855,2026,IOL,58,76,305,Senior,,,LaVERGNE,,,
Auburn,Bert,Miami (FL),856,2026,K,,,,Senior,,,,,,
Geers,Jameson,Minnesota,857,2026,TE,86,77,250,Senior,,,Channahon,,,
Waites,Kamryn,Florida,858,2026,IOL,75,80,364,Senior,,,Dallas,,,
Grimes,Tony,Purdue,859,2026,CB,,74,195,Senior,,,Virginia Beach,,,
Smalls,Sav'ell,Colorado,860,2026,TE,31,75,265,Senior,,,Burien,,,
Greene,Malcolm,UMass,861,2026,S,,,,Senior,,,,,,
Alford,Xavion,Arizona State,862,2026,S,2,72,200,Senior,,,Pearland,,,
Omeire,Troy,UNLV,863,2026,WR,,76,210,Senior,,,Houston,,,
Braun,Joshua,Kentucky,864,2026,IOL,,,,Senior,,,,,,
Gentry,Andrew,BYU,865,2026,OT,75,80,315,Senior,,,Littleton,,,
Sims,Jeff,Arizona State,866,2026,QB,2,76,220,Senior,,,Jacksonville,,,
Baker,Tosh,Notre Dame,867,2026,OT,79,80,320,Senior,,,Scottsdale,,,
Ogunbiyi,Aki,Colorado,868,2026,IOL,74,76,340,Senior,,,Sugar Land,,,
Williams,E.J.,Indiana,869,2026,WR,7,76,203,Senior,,,Phenix City,,,
Davis II,Fred,Northwestern,870,2026,CB,-1,,,Senior,,,,,,
Scott,Keionte,Miami (FL),871,2026,CB,,,,Senior,,,,,,
Pyne,Drew,Bowling Green,872,2026,QB,9,72,200,Senior,,,New Canaan,,,
Clowney,Demon,South Carolina,873,2026,EDGE,30,76,255,Senior,,,Baltimore,,,
Lawrence,Key,UCLA,874,2026,CB,4,73,200,Senior,,,Nashville,,,
Lynch,Kadin,William & Mary,875,2026,IOL,72,76,300,Senior,,,Weaverville,,,
King,Haynes,Georgia Tech,876,2026,QB,10,75,215,Senior,,,Longview,,,
Johnson,Max,North Carolina,877,2026,QB,14,77,225,Senior,,,Watkinsville,,,
Butler,Jimari,LSU,878,2026,EDGE,12,77,265,Senior,,,Mobile,,,
Corcoran,Turner,Nebraska,879,2026,IOL,69,78,310,Senior,,,Lawrence,,,
Doost,Alexander,Arizona,880,2026,IOL,,,,Senior,,,,,,
Trayanum,Chip,Toledo,881,2026,RB,,,,Senior,,,,,,
Kamara,Bangally,Kansas,882,2026,LB,1,74,235,Senior,,,Akron,,,
Wright,Jeremiah,Auburn,883,2026,IOL,77,77,348,Senior,,,Selma,,,
Lindberg,Chad,North Carolina,884,2026,IOL,69,78,315,Senior,,,League City,,,
Grimes,Reggie,Memphis,885,2026,EDGE,,76,282,Senior,,,Antioch,,,
Dix Jr.,Stephen,Arkansas,886,2026,LB,14,73,240,Senior,,,Orlando,,,
Scott,Miles,Illinois,887,2026,S,10,71,210,Senior,,,Dolton,,,
Stewart,Terion,Virginia Tech,888,2026,RB,8,69,222,Senior,,,Memphis,,,
Parks,Walker,Clemson,889,2026,IOL,64,77,310,Senior,,,Lexington,,,
Williams,Roydell,Florida State,890,2026,RB,5,70,221,Senior,,,Hueytown,,,
Harvey,DJ,USC,891,2026,CB,,,,Senior,,,,,,
Maclin,Ja'Mori,Kentucky,892,2026,WR,,,,Senior,,,,,,
Van Dyke,Tyler,SMU,893,2026,QB,16,76,230,Senior,,,Glastonbury,,,
Wade,Dillon,Auburn,894,2026,IOL,52,76,315,Senior,,,Houston,,,
White,Jordan,Vanderbilt,895,2026,IOL,53,74,300,Senior,,,Largo,,,
Bailey,Matthew,Illinois,896,2026,S,7,74,215,Senior,,,Moline,,,
Daniels,Jalon,Kansas,897,2026,QB,6,72,220,Senior,,,Lawndale,,,
Thompson,Stefon,Florida State,898,2026,LB,7,73,240,Senior,,,Long Island,,,
Lacy,Caullin,Louisville,899,2026,WR,5,70,190,Senior,,,Mobile,,,
Carter,Jahmeer,Virginia,900,2026,DL,90,74,311,Senior,,,Severn,,,
Prunty,Karon,Wake Forest,901,2026,CB,3,74,192,Senior,,,Portsmouth,,,
Hight,Martel,Vanderbilt,902,2026,CB,4,72,180,Senior,,,Rome,,,
Edmond,Gilber,South Carolina,903,2026,EDGE,55,76,255,Senior,,,Fort Pierce,,,
Graham,D.J.,Kansas,904,2026,CB,7,72,200,Senior,,,Fort Worth,,,
Ford,Courtland,UCLA,905,2026,OT,77,78,315,Senior,,,Peoria,,,
Berger,Jalen,UCLA,906,2026,RB,,73,215,Senior,,,Newark,,,
Stukes,Treydan,Arizona,907,2026,CB,2,74,195,Senior,,,Litchfield Park,,,
Zdroik,Payton,Air Force,908,2026,DL,,,,Senior,,,,,,
Lowery Jr.,Leon,Illinois,909,2026,LB,,,,Senior,,,,,,
Bennett,Braydon,Virginia Tech,910,2026,RB,24,73,205,Senior,,,Greenville,,,
Pavia,Diego,Vanderbilt,911,2026,QB,2,72,207,Senior,,,Albuquerque,,,
Dawkins,Nick,Penn State,912,2026,IOL,,,,Senior,,,,,,
Richardson,Dominic,Tulsa,913,2026,RB,21,72,210,Senior,,,Oklahoma City,,,
Skipper,Tyree,Louisiana-Lafayette,914,2026,S,,,,Senior,,,,,,
Faison,Rahsul,South Carolina,915,2026,RB,1,72,218,Senior,,,Pottstown,,,
Whittington,Noah,Oregon,916,2026,RB,6,68,203,Senior,,,Fort Valley,,,
Greene,Donavon,Virginia Tech,917,2026,WR,3,74,196,Senior,,,Mount Airy,,,
Wollschlaeger,Alex,Kentucky,918,2026,OT,,,,Senior,,,,,,
Sluka,Matthew,James Madison,919,2026,QB,9,74,211,Senior,,,Locust Valley,,,
Coleman,Tavian,Colorado,920,2026,DL,94,73,300,Senior,,,Humble,,,
Johnson,Ja'Varrius,UCF,921,2026,WR,9,70,180,Senior,,,Trussville,,,
McNamara,Cade,East Tennessee State,922,2026,QB,11,73,205,Senior,,,Reno,,,
Coleman,Ben,Arizona State,923,2026,IOL,62,75,320,Senior,,,Murrieta,,,
Bedford,Matthew,Oregon,924,2026,OT,77,78,305,Senior,,,Cordova,,,
Clary,Antonio,Virginia,925,2026,S,,72,204,Senior,,,Jacksonville,,,
Toure,Mohamed,Miami (FL),926,2026,LB,,,,Senior,,,,,,
Finn,Dequan,Miami (OH),927,2026,QB,1,74,206,Senior,,,Detroit,,,
Calzada,Zach,Kentucky,928,2026,QB,5,76,230,Senior,,,Buford,,,
Damuni,Levani,Utah,929,2026,LB,3,75,246,Senior,,,Providence,,,
Lagway,DJ,Florida,1,2027,QB,,,,Junior,,,,,,
Manning,Arch,Texas,2,2027,QB,16,76,219,Junior,,,New Orleans,,,
Raiola,Dylan,Nebraska,3,2027,QB,15,75,230,Junior,,,Buford,,,
Williams,Ryan,Alabama,4,2027,WR,2,72,178,Junior,,,Saraland,,,
Knapp,Anthonie,Notre Dame,5,2027,OT,54,76,296,Junior,,,Roswell,,,
Ross,Jordan,Tennessee,6,2027,DL,29,77,245,Junior,,,Vestavia Hills,,,
Stewart,Dylan,South Carolina,7,2027,EDGE,6,77,245,Junior,,,Washington,,,
Sayin,Julian,Ohio State,8,2027,QB,10,73,208,Junior,,,Carlsbad,,,
Moore,Leonard,Notre Dame,9,2027,CB,15,74,195,Junior,,,Round Rock,,,
Frederique Jr.,OJ,Miami (FL),10,2027,CB,,,,Junior,,,,,,
Perich,Koi,Minnesota,11,2027,S,3,73,200,Junior,,,Esko,,,
Jackson,Jayden,Oklahoma State,12,2027,DL,,,,Junior,,,,,,
Scott,Justin,Miami (FL),13,2027,DL,,,,Junior,,,,,,
Bolden,KJ,Georgia,14,2027,S,4,72,185,Junior,,,Buford,,,
Moore,TJ,Clemson,15,2027,WR,,,,Junior,,,,,,
Brown,Sammy,Clemson,16,2027,LB,47,74,235,Junior,,,Commerce,,,
Simmons,Colin,Texas,17,2027,EDGE,1,75,240,Junior,,,Dallas,,,
Watson,Maraad,Texas,18,2027,DL,98,75,313,Junior,,,Irvington,,,
Frazier,Nate,Georgia,19,2027,RB,3,70,210,Junior,,,Compton,,,
Hampton,Ashton,Clemson,20,2027,CB,23,74,200,Junior,,,Tallahassee,,,
Bowen,Eli,Oklahoma,21,2027,CB,23,69,183,Junior,,,Corinth,,,
Rushing,Elijah,Oregon,22,2027,EDGE,,,,Junior,,,,,,
Marsh,Nick,Michigan State,23,2027,WR,,,,Junior,,,,,,
Robinson IV,Ellis,Georgia,24,2027,CB,,,,Junior,,,,,,
Carter,Noah,Alabama,25,2027,EDGE,,,,Junior,,,,,,
Brown,Isaac,Louisville,26,2027,RB,,,,Junior,,,,,,
Carter,Boo,Tennessee,27,2027,CB,,,,Junior,,,,,,
Smith,Jeremiah,Ohio State,28,2027,WR,,,,Junior,,,,,,
Seaton,Jordan,Colorado,29,2027,OT,,,,Junior,,,,,,
Thompson,Josiah,South Carolina,30,2027,OT,,,,Junior,,,,,,
Coleman,Cam,Auburn,31,2027,WR,,,,Junior,,,,,,
Wesco,Bryant,Clemson,32,2027,WR,,,,Junior,,,,,,
Banfield,Aidan,North Carolina,33,2027,IOL,,,,Junior,,,,,,
McCray,LJ,Florida,34,2027,EDGE,,,,Junior,,,,,,
Degraaf,Decker,Washington,35,2027,TE,,,,Junior,,,,,,
Mbakwe,Jaylen,Alabama,36,2027,WR,,,,Junior,,,,,,
Kromenhoek,Luke,Florida State,37,2027,QB,,,,Junior,,,,,,
Crawford,Jay,Auburn,38,2027,CB,,,,Junior,,,,,,
Brewu,Francis,Pittsburgh,39,2027,DL,,,,Junior,,,,,,
Baker,Brandon,Texas,40,2027,OT,,,,Junior,,,,,,
Scott Jr.,Aaron,Ohio State,41,2027,CB,,,,Junior,,,,,,
Zandamela,Jason,Florida,42,2027,IOL,,,,Junior,,,,,,
Stone,David,Oklahoma,43,2027,DL,,,,Junior,,,,,,
Cole,Chris,Georgia,44,2027,LB,,,,Junior,,,,,,
Mincey,Zavier,Alabama,45,2027,S,,,,Junior,,,,,,
Nwaneri,Williams,Nebraska,46,2027,DL,,,,Junior,,,,,,
Spears,Dashawn,LSU,47,2027,S,,,,Junior,,,,,,
Heywood,Kevin,Wisconsin,48,2027,OT,,,,Junior,,,,,,
Reynolds,Luke,Penn State,49,2027,TE,,,,Junior,,,,,,
Black,Kobe,Texas,50,2027,CB,,,,Junior,,,,,,
Wingo,Ryan,Texas,51,2027,WR,,,,Junior,,,,,,
Phillips Jr.,Dwight,Georgia,53,2027,RB,,,,Junior,,,,,,
Williams,Amaree,Florida State,54,2027,TE,,,,Junior,,,,,,
Noland,Air,South Carolina,55,2027,QB,,,,Junior,,,,,,
Williams,Amaris,Auburn,56,2027,EDGE,,,,Junior,,,,,,
Blount,Armondo,Miami (FL),57,2027,DL,,,,Junior,,,,,,
Sprague,Andrew,Michigan,58,2027,OT,,,,Junior,,,,,,
White Jr.,Antonio,Rutgers,59,2027,S,,,,Junior,,,,,,
Warren,Bennett,Tennessee,60,2027,OT,,,,Junior,,,,,,
Bethel-Roman,Ashton,Texas A&M,61,2027,WR,,,,Junior,,,,,,
Pickett Jr.,Booker,Miami (FL),62,2027,EDGE,,,,Junior,,,,,,
Ivy,Blake,Texas A&M,63,2027,OT,,,,Junior,,,,,,
Johnson,Brauntae,Notre Dame,64,2027,S,,,,Junior,,,,,,
Prieskorn,Brady,Michigan,65,2027,TE,,,,Junior,,,,,,
Cain,Bryce,Auburn,66,2027,WR,,,,Junior,,,,,,
West,Bryce,Ohio State,67,2027,CB,,,,Junior,,,,,,
Staley,Braylon,Tennessee,68,2027,WR,,,,Junior,,,,,,
Odom,Caleb,Alabama,69,2027,TE,,,,Junior,,,,,,
Carr,CJ,Notre Dame,70,2027,QB,,,,Junior,,,,,,
Bates,Cai,Florida State,71,2027,CB,,,,Junior,,,,,,
Nelson,Carter,Nebraska,72,2027,TE,,,,Junior,,,,,,
Poe,Casey,Alabama,73,2027,IOL,,,,Junior,,,,,,
Jones,Carlon,USC,74,2027,DL,,,,Junior,,,,,,
Lester III,Charles,Florida State,75,2027,CB,,,,Junior,,,,,,
Echols,Coen,LSU,76,2027,IOL,,,,Junior,,,,,,
Cousins,Cooper,Penn State,77,2027,IOL,,,,Junior,,,,,,
Bentancur,Christian,Clemson,78,2027,TE,,,,Junior,,,,,,
Warner,DJ,Kansas,79,2027,EDGE,,,,Junior,,,,,,
Crutchfield,Courtney,Missouri,80,2027,WR,,,,Junior,,,,,,
Mitchell,Davon,Oklahoma,81,2027,TE,,,,Junior,,,,,,
Calhoun,Daniel,Georgia,82,2027,OT,,,,Junior,,,,,,
Evans,Dealyn,Texas A&M,83,2027,DL,,,,Junior,,,,,,
James,Daniel,Cincinnati,84,2027,CB,,,,Junior,,,,,,
Mayo,Darien,Clemson,85,2027,DL,,,,Junior,,,,,,
Jones,Dilin,Wisconsin,86,2027,RB,,,,Junior,,,,,,
Johnson,Dillan,Wisconsin,87,2027,DL,,,,Junior,,,,,,
Baxter,Devon,Michigan,88,2027,EDGE,,,,Junior,,,,,,
Carter,Dontae,Vanderbilt,89,2027,S,,,,Junior,,,,,,
Houston,Eddrick,Ohio State,90,2027,DL,,,,Junior,,,,,,
McKinley,Dominick,LSU,91,2027,DL,,,,Junior,,,,,,
Brown,Elijah,Stanford,92,2027,QB,,,,Junior,,,,,,
Newby,Elijah,USC,93,2027,LB,,,,Junior,,,,,,
Willor Jr.,Ernest,Wisconsin,94,2027,DL,,,,Junior,,,,,,
Mandell,Emerson,Wisconsin,95,2027,IOL,,,,Junior,,,,,,
Brooks,Eugene,Oklahoma,96,2027,IOL,,,,Junior,,,,,,
Johnson,Fred,South Carolina,97,2027,LB,,,,Junior,,,,,,
Westphal,Fletcher,Florida,98,2027,OT,,,,Junior,,,,,,
Williams,Gabe,Virginia Tech,99,2027,LB,,,,Junior,,,,,,
Stover,Garrett,Ohio State,100,2027,LB,,,,Junior,,,,,,
Sexton,Garrett,Penn State,101,2027,OT,,,,Junior,,,,,,
Bair,Gatlin,Oregon,102,2027,WR,,,,Junior,,,,,,
Hejny,Hauss,TCU,103,2027,QB,,,,Junior,,,,,,
Hawkins,Gus,Kansas State,104,2027,OT,,,,Junior,,,,,,
Carreon,Ivan,Oklahoma,105,2027,WR,,,,Junior,,,,,,
Smith,Jacob,Kentucky,106,2027,EDGE,,,,Junior,,,,,,
Davis,Jadyn,Michigan,107,2027,QB,,,,Junior,,,,,,
Merklinger,Jake,Tennessee,108,2027,QB,,,,Junior,,,,,,
Nesta,James,Oklahoma,109,2027,LB,,,,Junior,,,,,,
Peoples,James,Ohio State,110,2027,RB,,,,Junior,,,,,,
Brown,Jaylen,Missouri,111,2027,DL,,,,Junior,,,,,,
Ross,Jayshawn,Alabama,112,2027,EDGE,,,,Junior,,,,,,
Beaman,Jeremiah,Alabama,113,2027,DL,,,,Junior,,,,,,
Johnson,Jericho,Oregon,114,2027,DL,,,,Junior,,,,,,
Smith II,Jerod,Kentucky,115,2027,EDGE,,,,Junior,,,,,,
Melvin,Jeremiah,Wake Forest,116,2027,WR,,,,Junior,,,,,,
Mitchell,Jon,Penn State,117,2027,CB,,,,Junior,,,,,,
Marshall,Jordan,Michigan,118,2027,RB,,,,Junior,,,,,,
Lyle,Jordan,Miami (FL),119,2027,RB,,,,Junior,,,,,,
Trader,Joshisa,Miami (FL),120,2027,WR,,,,Junior,,,,,,
Thomas,Jordan,Georgia,121,2027,DL,,,,Junior,,,,,,
Beasley,Kaleb,Tennessee,122,2027,CB,,,,Junior,,,,,,
Franklin,Kam,Mississippi,123,2027,DL,,,,Junior,,,,,,
Fountain,Kameryn,USC,124,2027,DL,,,,Junior,,,,,,
Young,Kedren,Notre Dame,125,2027,RB,,,,Junior,,,,,,
Mothudi,Kamar,Oregon,126,2027,LB,,,,Junior,,,,,,
Beasley,Koy,Purdue,127,2027,S,,,,Junior,,,,,,
Lopa,Kingston,Oregon,128,2027,S,,,,Junior,,,,,,
Altuner,Kyle,West Virginia,129,2027,IOL,,,,Junior,,,,,,
Thomas,Loghan,Notre Dame,130,2027,EDGE,,,,Junior,,,,,,
Viliamu-Asa,Kyngstonn,Notre Dame,131,2027,LB,,,,Junior,,,,,,
Ziglar,Malcolm,North Carolina,132,2027,S,,,,Junior,,,,,,
Itete,Manasse,Florida State,133,2027,IOL,,,,Junior,,,,,,
Harpring,Luke,Georgia Tech,134,2027,TE,,,,Junior,,,,,,
Easley,Marques,Georgia,135,2027,OT,,,,Junior,,,,,,
LeBlanc,Max,Ohio State,136,2027,TE,,,,Junior,,,,,,
Danzy,Micahi,Florida State,137,2027,RB,,,,Junior,,,,,,
Matthews,Mike,Tennessee,138,2027,WR,,,,Junior,,,,,,
Uini,Michael,Georgia,139,2027,OT,,,,Junior,,,,,,
Johnson,Nasir,Georgia,140,2027,DL,,,,Junior,,,,,,
Graham,Myles,Florida,141,2027,LB,,,,Junior,,,,,,
Carr,Ny,Miami (FL),142,2027,WR,,,,Junior,,,,,,
Tuggle,Nitro,Georgia,143,2027,WR,,,,Junior,,,,,,
Daniels,Nyier,Georgia,144,2027,OT,,,,Junior,,,,,,
Thompson,Perry,Auburn,145,2027,WR,,,,Junior,,,,,,
Pierce,Payton,Ohio State,146,2027,LB,,,,Junior,,,,,,
Powers III,Reggie,Oklahoma,147,2027,S,,,,Junior,,,,,,
Sunram,Riley,Minnesota,148,2027,DL,,,,Junior,,,,,,
Jones,Ricardo,Clemson,149,2027,S,,,,Junior,,,,,,
Pellum,Ryan,Oregon,150,2027,WR,,,,Junior,,,,,,
Bridges,Selman,Arkansas,151,2027,CB,,,,Junior,,,,,,
Hawkins,Tank,Florida,152,2027,WR,,,,Junior,,,,,,
Grant,Tarrion,Purdue,153,2027,CB,,,,Junior,,,,,,
Williams,Solomon,Texas A&M,154,2027,EDGE,,,,Junior,,,,,,
Mack,Wardell,Texas,155,2027,CB,,,,Junior,,,,,,
Singleton,Tylen,LSU,156,2027,LB,,,,Junior,,,,,,
Davis,Weston,LSU,157,2027,OT,,,,Junior,,,,,,
Filsaime,Xavier,Texas,158,2027,S,,,,Junior,,,,,,
Jordan,Xavier,USC,159,2027,WR,,,,Junior,,,,,,
Echoles,William,Mississippi,160,2027,DL,,,,Junior,,,,,,
Patterson,Zaquan,Miami (FL),161,2027,S,,,,Junior,,,,,,
Brown,Zabien,Alabama,162,2027,CB,,,,Junior,,,,,,
Umeozulu,Zina,Texas,163,2027,EDGE,,,,Junior,,,,,,
Kearney,Zion,Oklahoma,164,2027,WR,,,,Junior,,,,,,
Flowers,Aaron,Oregon,165,2027,S,,,,Junior,,,,,,
Jones,Artavius,Miami (FL),166,2027,DL,,,,Junior,,,,,,
Frazier,Blake,Michigan,167,2027,OT,,,,Junior,,,,,,
Jefferson,Amari,Alabama,168,2027,WR,,,,Junior,,,,,,
Robinson,Chance,Miami (FL),169,2027,WR,,,,Junior,,,,,,
Platt,Brayden,Oregon,170,2027,LB,,,,Junior,,,,,,
Shaw,Bradley,Arkansas,171,2027,LB,,,,Junior,,,,,,
Fields,Dakoda,Oregon,172,2027,CB,,,,Junior,,,,,,
Hill,Daniel,Alabama,173,2027,RB,,,,Junior,,,,,,
Kirks,Dominic,Ohio State,174,2027,DL,,,,Junior,,,,,,
Gipson,Corian,Clemson,175,2027,CB,,,,Junior,,,,,,
Groves,Elijah,NC State,176,2027,LB,,,,Junior,,,,,,
Satuala,Faletau,BYU,177,2027,LB,,,,Junior,,,,,,
Hoffman,Gavin,Iowa,178,2027,TE,,,,Junior,,,,,,
Grunkemeyer,Ethan,Penn State,179,2027,QB,,,,Junior,,,,,,
Garcia,Isaiah,Utah,180,2027,OT,,,,Junior,,,,,,
Williams,Izaiah,Texas A&M,181,2027,WR,,,,Junior,,,,,,
Moore,Ian,Ohio State,182,2027,IOL,,,,Junior,,,,,,
Watkins,Jelani,LSU,183,2027,WR,,,,Junior,,,,,,
Tremble,Jamie,Syracuse,184,2027,TE,,,,Junior,,,,,,
McClellan,Jeremiah,Oregon,185,2027,WR,,,,Junior,,,,,,
Edmond,Jo'Ziah,Michigan,186,2027,CB,,,,Junior,,,,,,
Paylor,Jonathan,NC State,187,2027,WR,,,,Junior,,,,,,
Daniels,KD,Florida,188,2027,RB,,,,Junior,,,,,,
Williams,Justin,Georgia,189,2027,LB,,,,Junior,,,,,,
Riley,Kevin,Alabama,190,2027,RB,,,,Junior,,,,,,
Pringle,Kam,South Carolina,191,2027,OT,,,,Junior,,,,,,
Edokpayi,Lugard,Michigan,192,2027,EDGE,,,,Junior,,,,,,
Williams,Marcelles,USC,193,2027,CB,,,,Junior,,,,,,
Billiot,Kylan,LSU,194,2027,WR,,,,Junior,,,,,,
Lightfoot,Marquise,Miami (FL),195,2027,EDGE,,,,Junior,,,,,,
Turner Jr.,Michael,LSU,196,2027,CB,,,,Junior,,,,,,
Smith,Michael,South Carolina,197,2027,TE,,,,Junior,,,,,,
Evans,Ondre,Georgia,198,2027,CB,,,,Junior,,,,,,
Roy,Nathan,Minnesota,199,2027,IOL,,,,Junior,,,,,,
Lewis,Peyton,Tennessee,200,2027,RB,,,,Junior,,,,,,
McRoy,Shaq,Oregon,201,2027,OT,,,,Junior,,,,,,
Green,Trey'Dez,LSU,202,2027,TE,,,,Junior,,,,,,
Nolan,Will,Iowa,203,2027,OT,,,,Junior,,,,,,
Hammond,Will,Texas Tech,204,2027,QB,,,,Junior,,,,,,
Gibson,Jerrick,Texas,205,2027,RB,,,,Junior,,,,,,
Young,Rustin,Michigan State,206,2027,OT,,,,Junior,,,,,,
Toure,Vaboue,Penn State,207,2027,S,,,,Junior,,,,,,
Hampton,Aeryn,Alabama,208,2027,WR,,,,Junior,,,,,,
McBryde,Dashawn,LSU,209,2027,S,,,,Junior,,,,,,
Rudolph,Elias,Miami (FL),210,2027,EDGE,,,,Junior,,,,,,
McClain,Jaylen,Ohio State,211,2027,S,,,,Junior,,,,,,
Pride,Jordan,Texas A&M,212,2027,S,,,,Junior,,,,,,
Saina,Makai,USC,213,2027,IOL,,,,Junior,,,,,,
Morgan,Peyton,Texas Tech,214,2027,S,,,,Junior,,,,,,
Wilson,Santana,Arizona,215,2027,CB,,,,Junior,,,,,,
Davis,Kam,Florida State,216,2027,RB,,,,Junior,,,,,,
Jones,Kris,Georgia,217,2027,LB,,,,Junior,,,,,,
Davis-Swain,Brandon,Colorado,219,2027,EDGE,,,,Junior,,,,,,
Jones,Cayden,Alabama,220,2027,LB,,,,Junior,,,,,,
Cruz,Daniel,Texas,221,2027,IOL,,,,Junior,,,,,,
Gresham,Dillon,Oregon,222,2027,WR,,,,Junior,,,,,,
Williams,Dylan,Oregon,223,2027,LB,,,,Junior,,,,,,
Laws,Emmett,Virginia Tech,224,2027,DL,,,,Junior,,,,,,
Oden,Jacob,Michigan,225,2027,S,,,,Junior,,,,,,
Patterson,Jason,Kentucky,226,2027,RB,,,,Junior,,,,,,
Daniels,Jonathan,Florida State,227,2027,OT,,,,Junior,,,,,,
Greene,Justin,Georgia,228,2027,EDGE,,,,Junior,,,,,,
Payne,Jeremy,TCU,229,2027,RB,,,,Junior,,,,,,
Craver,Mario,Mississippi State,230,2027,WR,,,,Junior,,,,,,
Van Buren,Michael,Mississippi State,231,2027,QB,,,,Junior,,,,,,
Woodyard,Peyton,Oregon,232,2027,S,,,,Junior,,,,,,
Feagin,Tavoy,Clemson,233,2027,CB,,,,Junior,,,,,,
Bolo Mboumoua,Steve,Alabama,234,2027,EDGE,,,,Junior,,,,,,
Collins,Charlie,Arkansas,235,2027,DL,,,,Junior,,,,,,
Huff,Brian,Missouri,236,2027,LB,,,,Junior,,,,,,
Carter,DeAndre,Auburn,237,2027,IOL,,,,Junior,,,,,,
Ross,Emanuel,Rutgers,238,2027,WR,,,,Junior,,,,,,
Stewart,I'Marion,Michigan,239,2027,WR,,,,Junior,,,,,,
Williams,Justice,Colorado,240,2027,WR,,,,Junior,,,,,,
Harrison,Marcus,Georgia,241,2027,OT,,,,Junior,,,,,,
Turner,Michael,LSU,242,2027,WR,,,,Junior,,,,,,
Johnson,Quintavius,Georgia,243,2027,EDGE,,,,Junior,,,,,,
Mack,Ryan,Miami (FL),244,2027,CB,,,,Junior,,,,,,
Owens,Trey,Texas,245,2027,QB,,,,Junior,,,,,,
White,Walker,Auburn,246,2027,QB,,,,Junior,,,,,,
Greco,Trajen,Missouri,247,2027,S,,,,Junior,,,,,,
Holmes,Caleb,Pittsburgh,248,2027,IOL,,,,Junior,,,,,,
Jones,Demello,Georgia,249,2027,S,,,,Junior,,,,,,
Riddick,Demarcus,Auburn,250,2027,LB,,,,Junior,,,,,,
Baker,Gekyle,TCU,251,2027,WR,,,,Junior,,,,,,
Brix,Grant,Nebraska,252,2027,OT,,,,Junior,,,,,,
Obidegwu,Ify,Oregon,253,2027,CB,,,,Junior,,,,,,
Ahfua,Isendre,Texas A&M,254,2027,IOL,,,,Junior,,,,,,
Reddell,Jaden,Georgia,255,2027,TE,,,,Junior,,,,,,
Waller,Jamonta,Auburn,256,2027,EDGE,,,,Junior,,,,,,
Hardy,Jaydan,Oklahoma,257,2027,S,,,,Junior,,,,,,
Rush,Jeffery,Mississippi,258,2027,DL,,,,Junior,,,,,,
Andrews,Liam,Penn State,259,2027,DL,,,,Junior,,,,,,
McCoy,Lawayne,Florida State,260,2027,WR,,,,Junior,,,,,,
Butler,Aaron,Texas,261,2027,WR,,,,Junior,,,,,,
Dennis,Andrew,Illinois,262,2027,IOL,,,,Junior,,,,,,
Williams,Cam,Notre Dame,263,2027,WR,,,,Junior,,,,,,
Ofili,Cheta,Texas Tech,264,2027,EDGE,,,,Junior,,,,,,
Lofton,Elija,Miami (FL),265,2027,TE,,,,Junior,,,,,,
Graham,Mylan,Ohio State,266,2027,WR,,,,Junior,,,,,,
Lane-Ganus,A'Mon,Auburn,267,2027,CB,,,,Junior,,,,,,
Hayes,Adarius,Miami (FL),268,2027,LB,,,,Junior,,,,,,
Maddox,Anthony,Mississippi,269,2027,QB,,,,Junior,,,,,,
Funk,Ashton,Texas A&M,270,2027,OT,,,,Junior,,,,,,
Umeh,Benedict,Stanford,271,2027,EDGE,,,,Junior,,,,,,
Jacob,Brandon,Maryland,272,2027,S,,,,Junior,,,,,,
Russell,Braylen,Arkansas,273,2027,RB,,,,Junior,,,,,,
Burnside,Braylon,Mississippi State,274,2027,S,,,,Junior,,,,,,
Jackson,CJ,LSU,275,2027,EDGE,,,,Junior,,,,,,
Durham,Caden,LSU,276,2027,RB,,,,Junior,,,,,,
Bowens,Chauncey,Georgia,277,2027,RB,,,,Junior,,,,,,
Smith,Corey,Penn State,278,2027,RB,,,,Junior,,,,,,
Holmes,DD,Florida State,279,2027,EDGE,,,,Junior,,,,,,
Brinkley,Dakyus,Kansas,280,2027,LB,,,,Junior,,,,,,
Okoye,Danny,Oklahoma,281,2027,EDGE,,,,Junior,,,,,,
Johnson,De'Myrion,LSU,282,2027,DL,,,,Junior,,,,,,
Lane,Dejuan,Penn State,284,2027,S,,,,Junior,,,,,,
Williams Jr.,Demond,Washington,285,2027,QB,,,,Junior,,,,,,
Harbour,Donovan,Penn State,286,2027,IOL,,,,Junior,,,,,,
Stephenson,Dylan,Stanford,287,2027,EDGE,,,,Junior,,,,,,
Dubose,Freddie,Texas,288,2027,WR,,,,Junior,,,,,,
Winowich,Gabriel,Rutgers,289,2027,RB,,,,Junior,,,,,,
Stec,Grant,Wisconsin,290,2027,TE,,,,Junior,,,,,,
Hansen,Hogan,Michigan,291,2027,TE,,,,Junior,,,,,,
Canion,Isiah,Georgia Tech,292,2027,WR,,,,Junior,,,,,,
Harrell,JJ,Mississippi State,293,2027,WR,,,,Junior,,,,,,
Smith,Jaden,Kentucky,294,2027,LB,,,,Junior,,,,,,
Solomon,Jalewis,South Carolina,295,2027,CB,,,,Junior,,,,,,
Crawford,Jalyn,Auburn,296,2027,CB,,,,Junior,,,,,,
Grimsley,Jameer,Florida,297,2027,CB,,,,Junior,,,,,,
Brown,Jason,Arizona State,298,2027,RB,,,,Junior,,,,,,
Heyward,Jaylen,UCF,299,2027,S,,,,Junior,,,,,,
Boston,Jimmar,NC State,301,2027,WR,,,,Junior,,,,,,
Rogers,Joel,LSU,302,2027,S,,,,Junior,,,,,,
Olsen,Joey,USC,303,2027,TE,,,,Junior,,,,,,
Echols,Jonathan,South Florida,304,2027,TE,,,,Junior,,,,,,
Washington,Jordan,Arizona,305,2027,RB,,,,Junior,,,,,,
Johnson-Rubell,Jordon,Texas,306,2027,CB,,,,Junior,,,,,,
Brown,Josiah,Penn State,307,2027,WR,,,,Junior,,,,,,
Beavers,Kamron,Mississippi,308,2027,DL,,,,Junior,,,,,,
Henderson,Kavion,Arkansas,309,2027,EDGE,,,,Junior,,,,,,
Hunter,Kelvin,South Carolina,310,2027,S,,,,Junior,,,,,,
Adams,Keylen,Virginia Tech,311,2027,WR,,,,Junior,,,,,,
Edwards,King Joseph,Syracuse,312,2027,EDGE,,,,Junior,,,,,,
Cobbins,Kolaj,LSU,313,2027,LB,,,,Junior,,,,,,
Fox,Kylan,UCF,314,2027,TE,,,,Junior,,,,,,
Gallegos,Marquis,USC,315,2027,S,,,,Junior,,,,,,
Curtis,Mason,Michigan,316,2027,LB,,,,Junior,,,,,,
Anderson,Max,Tennessee,317,2027,OT,,,,Junior,,,,,,
Bennett,Mazeo,South Carolina,318,2027,WR,,,,Junior,,,,,,
Gilbert,Micah,Notre Dame,319,2027,WR,,,,Junior,,,,,,
Kibble,Nate,Texas,320,2027,IOL,,,,Junior,,,,,,
Dixon,Noah,Clemson,321,2027,S,,,,Junior,,,,,,
Williams,Ory,LSU,322,2027,OT,,,,Junior,,,,,,
Woodland,PJ,LSU,323,2027,CB,,,,Junior,,,,,,
Finau,Paki,Washington,324,2027,OT,,,,Junior,,,,,,
Livingstone,Parker,Texas,325,2027,WR,,,,Junior,,,,,,
Taumua,Preston,Nebraska,326,2027,IOL,,,,Junior,,,,,,
Scott,Rico,Alabama,327,2027,WR,,,,Junior,,,,,,
Jones,Samaj,Cincinnati,328,2027,QB,,,,Junior,,,,,,
Dixon,Sterling,Alabama,329,2027,EDGE,,,,Junior,,,,,,
Abrams,Tawaski,Florida,330,2027,WR,,,,Junior,,,,,,
Galloway,Tayvion,Purdue,331,2027,TE,,,,Junior,,,,,,
Nichols,Terhyon,Kentucky,332,2027,CB,,,,Junior,,,,,,
Banks,Travaris,Mississippi,333,2027,CB,,,,Junior,,,,,,
Flynn Jr.,Waltclaire,UCF,334,2027,IOL,,,,Junior,,,,,,
Matthews,Walter,USC,335,2027,TE,,,,Junior,,,,,,
Satterwhite,William,Tennessee,336,2027,IOL,,,,Junior,,,,,,
Ragins,Zion,Oklahoma,337,2027,WR,,,,Junior,,,,,,
Surace,AJ,Rutgers,338,2027,QB,,,,Junior,,,,,,
Williams,Aneyas,Notre Dame,339,2027,RB,,,,Junior,,,,,,
Buffington,Cam,Iowa,340,2027,LB,,,,Junior,,,,,,
Clark,Christian,Texas,341,2027,RB,,,,Junior,,,,,,
Sullivan,Cole,Pittsburgh,342,2027,LB,,,,Junior,,,,,,
Hurley,Colin,LSU,343,2027,QB,,,,Junior,,,,,,
Robinson,D'antre,Florida,344,2027,DL,,,,Junior,,,,,,
Eziomume,David,Clemson,345,2027,RB,,,,Junior,,,,,,
Davis,Dermaricus,UCLA,346,2027,QB,,,,Junior,,,,,,
Stephens II,Desman,USC,347,2027,LB,,,,Junior,,,,,,
Spillman,Edwin,Tennessee,348,2027,LB,,,,Junior,,,,,,
Williams,Elias,Florida,349,2027,DL,,,,Junior,,,,,,
Moore,Elijah,Maryland,350,2027,WR,,,,Junior,,,,,,
Calloway,Ethan,North Carolina,351,2027,OT,,,,Junior,,,,,,
VanSickle,Gabe,Michigan State,352,2027,IOL,,,,Junior,,,,,,
Reliford,Gabriel,LSU,353,2027,DL,,,,Junior,,,,,,
Smith,Gregory,Florida,354,2027,S,,,,Junior,,,,,,
Brown-Shuler,Hevin,Clemson,355,2027,DL,,,,Junior,,,,,,
Wilson,Isaac,Utah,356,2027,QB,,,,Junior,,,,,,
McRoy,Jac'Qawn,Oregon,357,2027,OT,,,,Junior,,,,,,
Ponton,Jacob,Texas Tech,358,2027,OT,,,,Junior,,,,,,
Baugh,Jadan,Florida,359,2027,RB,,,,Junior,,,,,,
Abasiri,Jide,Minnesota,360,2027,DL,,,,Junior,,,,,,
Johnson,Ju’Juan,LSU,361,2027,CB,,,,Junior,,,,,,
Duff,KJ,Baylor,362,2027,TE,,,,Junior,,,,,,
Lindstrom,Kellen,Tennessee,363,2027,EDGE,,,,Junior,,,,,,
Gilmer,Kwazi,UCLA,364,2027,WR,,,,Junior,,,,,,
Williams,Luke,Indiana,365,2027,S,,,,Junior,,,,,,
Barnes,Marcellus,Wisconsin,366,2027,CB,,,,Junior,,,,,,
Buford,Mario,Nebraska,367,2027,CB,,,,Junior,,,,,,
Schroller,Mark,UCLA,368,2027,OT,,,,Junior,,,,,,
Fuller,Matthew,Georgia,369,2027,RB,,,,Junior,,,,,,
Granville,Max,Penn State,370,2027,DL,,,,Junior,,,,,,
Hawkins,Michael,Oklahoma,371,2027,QB,,,,Junior,,,,,,
O'Neill,Miles,Princeton,372,2027,QB,,,,Junior,,,,,,
Williams,Mylachi,Penn State,373,2027,DL,,,,Junior,,,,,,
Davis,Myles,Texas Tech,374,2027,S,,,,Junior,,,,,,
Morgan,Red,Alabama,375,2027,S,,,,Junior,,,,,,
Knight III,Ricky,Florida State,376,2027,CB,,,,Junior,,,,,,
Swanson,Ryner,BYU,377,2027,TE,,,,Junior,,,,,,
Mboumoua,Steve,Alabama,378,2027,DL,,,,Junior,,,,,,
Prescod,Styles,Notre Dame,379,2027,IOL,,,,Junior,,,,,,
Cherry,Tyler,Indiana,380,2027,QB,,,,Junior,,,,,,
Sanders,William,Alabama,381,2027,IOL,,,,Junior,,,,,,
Edwards,Witt,Oklahoma,382,2027,TE,,,,Junior,,,,,,
Atkins,Xavier,LSU,383,2027,LB,,,,Junior,,,,,,
Lucas,Xavier,Miami (FL),384,2027,S,,,,Junior,,,,,,
Mincey,Zay,Alabama,385,2027,CB,,,,Junior,,,,,,
Martin,Quinton,Penn State,386,2027,RB,,,,Junior,,,,,,
Tatum,Taylor,Oklahoma,387,2027,RB,,,,Junior,,,,,,
Young,Bryce,Notre Dame,388,2027,DL,,,,Junior,,,,,,
Davis,Ellis,Texas Tech,389,2027,OT,,,,Junior,,,,,,
Lambert,Guerby,Notre Dame,390,2027,OT,,,,Junior,,,,,,
Howard,Jamari,Florida State,391,2027,CB,,,,Junior,,,,,,
Shipp,Jordan,North Carolina,392,2027,WR,,,,Junior,,,,,,
Hudson,Micah,Texas Tech,393,2027,WR,,,,Junior,,,,,,
Puglisi,Ryan,Georgia,394,2027,QB,,,,Junior,,,,,,
Anderson,Terrell,NC State,395,2027,WR,,,,Junior,,,,,,
Gregory,Wendell,South Carolina,396,2027,EDGE,,,,Junior,,,,,,
Jackson,Amir,Florida,397,2027,TE,,,,Junior,,,,,,
Phillips,Joe,Auburn,398,2027,EDGE,,,,Junior,,,,,,
Breland,Aydin,Oregon,399,2027,DL,,,,Junior,,,,,,
Robinson,Brian,Kentucky,400,2027,DL,,,,Junior,,,,,,
Dooley,Cam,Kentucky,401,2027,S,,,,Junior,,,,,,
Thurmon,Elyjah,Clemson,402,2027,IOL,,,,Junior,,,,,,
Crader,Fox,Oregon,403,2027,OT,,,,Junior,,,,,,
Miller,Dre'lon,Colorado,404,2027,WR,,,,Junior,,,,,,
Weisskopf,Derek,Iowa,405,2027,LB,,,,Junior,,,,,,
Sensabaugh,Jaren,Missouri,406,2027,CB,,,,Junior,,,,,,
Patterson,Jaiden,North Carolina,407,2027,S,,,,Junior,,,,,,
Jonah-Ajonye,Joseph,Georgia,408,2027,DL,,,,Junior,,,,,,
Mikell,Kam,Colorado,409,2027,WR,,,,Junior,,,,,,
Thomas,Landen,Florida State,410,2027,TE,,,,Junior,,,,,,
Simmons,Malcolm,Auburn,411,2027,WR,,,,Junior,,,,,,
Smith II,Nigel,Oklahoma,412,2027,DL,,,,Junior,,,,,,
Sims,Xadavien,Oregon,413,2027,DL,,,,Junior,,,,,,
Bussey,Terry,Texas A&M,414,2027,WR,,,,Junior,,,,,,
Chiles,Aaron,Florida,415,2027,LB,,,,Junior,,,,,,
Barsic,Jamaar,,,2027,LOLB,,,,Junior,,,,,,
Burt,Avantae,Central St.,,2027,HB,,,,Junior,,,,,,
Burt,Reily,Walsh,,2027,C,,,,Junior,,,,,,
Cruz,Davion,Tiffin,,2027,QB,,,,Junior,,,,,,
Mackie,Trey,Tiffin,,2027,RB,,,,Junior,,,,,,
Minor,Braylen,Central St.,,2027,RE,,,,Junior,,,,,,
Sedmock,Justin,N. Dakota St.,,2027,QB,,,,Junior,,,,,,
Garrett,Lameir,Central St.,,2027,RB,,,,Junior,,,,,,
Foster,Bryan,John Carroll,,2027,MLB,,,,Junior,,,,,,
Abou-Jaoude,Melkart,NC,,2027,RE,,,,Junior,,,,,,
Adebawore,Adepoju,Oklahoma,,2027,LE,,,,Junior,,,,,,
Agbo,Malik,Texas,,2027,RG,,,,Junior,,,,,,
Aguirre Jr.,Raul,Miami,,2027,ROLB,,,,Junior,,,,,,
Al-Uqdah,Taariq,Washington,,2027,MLB,,,,Junior,,,,,,
Alvano,Tristan,Nebraska,,2027,K,,,,Junior,,,,,,
Anderson,Nic,LSU,,2027,WR,,,,Junior,,,,,,
Anderson,Aaron,LSU,,2027,WR,,,,Junior,,,,,,
Anderson,Khamari,ASU,,2027,TE,,,,Junior,,,,,,
Anderson,Fisher,Stanford,,2027,LT,,,,Junior,,,,,,
Anderson,Jamal,Clemson,,2027,LOLB,,,,Junior,,,,,,
Angeli,Steve,Notre Dame,,2027,QB,,,,Junior,,,,,,
Armella,Julian,FSU,,2027,LG,,,,Junior,,,,,,
Arnold,Jackson,Auburn,,2027,QB,,,,Junior,,,,,,
Ashlock,Pofele,Hawaii,,2027,WR,,,,Junior,,,,,,
Atkinson,Beau,NC,,2027,RE,,,,Junior,,,,,,
Ausberry,Austin,LSU,,2027,FS,,,,Junior,,,,,,
Awis,Braden,Toledo,,2027,FS,,,,Junior,,,,,,
Azzoppardi,Drew,Washington,,2027,RT,,,,Junior,,,,,,
Babalade,Tree,SC,,2027,RT,,,,Junior,,,,,,
Baer,Ryan,Pitt,,2027,RT,,,,Junior,,,,,,
Bah,Aliou,Maryland,,2027,RG,,,,Junior,,,,,,
Bailey,Matthew,Illinois,,2027,SS,,,,Junior,,,,,,
Bair,Gatlin,Oregon,,2027,WR,,,,Junior,,,,,,
Baker,Brandon,Texas,,2027,LG,,,,Junior,,,,,,
Baklenko,Luke,Oklahoma,,2027,LT,,,,Junior,,,,,,
Baranowski,Maverick,Minn,,2027,MLB,,,,Junior,,,,,,
Barker,Zakye,SMU,,2027,MLB,,,,Junior,,,,,,
Barnes,Khalil,Clemson,,2027,SS,,,,Junior,,,,,,
Baugh,Trovon,SC,,2027,RG,,,,Junior,,,,,,
Bausley,Xavier,WVU,,2027,RT,,,,Junior,,,,,,
Baxter,CJ,Texas,,2027,RB,,,,Junior,,,,,,
Becht,Rocco,ISU,,2027,QB,,,,Junior,,,,,,
Bellamy,Jayden,UCF,,2027,CB,,,,Junior,,,,,,
Benefield,Ty,Boise St.,,2027,SS,,,,Junior,,,,,,
Berry,Zeke,Michigan,,2027,FS,,,,Junior,,,,,,
Bett,Brendan,Baylor,,2027,DT,,,,Junior,,,,,,
Biles,Rasheem,Pitt,,2027,ROLB,,,,Junior,,,,,,
Billman,Kaden,YSU,,2027,P,,,,Junior,,,,,,
Black,Brandon,ISU,,2027,RG,,,,Junior,,,,,,
Blomstorm,Cooper,Georgetown,,2027,LOLB,,,,Junior,,,,,,
Blount,Armondo,Miami,,2027,RE,,,,Junior,,,,,,
Bobo,Drew,Georgia,,2027,C,,,,Junior,,,,,,
Bogle,Ben,SIU,,2027,ROLB,,,,Junior,,,,,,
Bolden,KJ,Georgia,,2027,FS,,,,Junior,,,,,,
Bowen,Drayk,Notre Dame,,2027,MLB,,,,Junior,,,,,,
Bowen,Peyton,Oklahoma,,2027,SS,,,,Junior,,,,,,
Bowery,Jude,BC,,2027,LT,,,,Junior,,,,,,
Bowles,Troy,Michigan,,2027,ROLB,,,,Junior,,,,,,
Boyd-Matthews,Amier,Texas Tech,,2027,CB,,,,Junior,,,,,,
Bradley,Chandavian,OSU,,2027,ROLB,,,,Junior,,,,,,
Branch,Zion,Georgia,,2027,SS,,,,Junior,,,,,,
Brandt,Cameron,Michigan,,2027,RE,,,,Junior,,,,,,
Braswell,Djay,Georgia St.,,2027,RB,,,,Junior,,,,,,
Braxton,Jaylon,Ole Miss,,2027,CB,,,,Junior,,,,,,
Brazzell II,Chris,Tennesee,,2027,WR,,,,Junior,,,,,,
Breland,Aydin,Oregon,,2027,DT,,,,Junior,,,,,,
Brix,Grant,Nebraska,,2027,RG,,,,Junior,,,,,,
Brooks,Dalton,TA&M,,2027,SS,,,,Junior,,,,,,
Brown,Byrum,USF,,2027,RB,,,,Junior,,,,,,
Brown,Sammy,Clemson,,2027,MLB,,,,Junior,,,,,,
Brown,Zabien,Alabama,,2027,CB,,,,Junior,,,,,,
Brown,Damari,Miami,,2027,CB,,,,Junior,,,,,,
Brubaker,Ryan,SC,,2027,C,,,,Junior,,,,,,
Brunner,Joe,Wisconsin,,2027,LG,,,,Junior,,,,,,
Bryant III,Gary,SD,,2027,MLB,,,,Junior,,,,,,
Buckley,Jalen,W. Mich,,2027,RB,,,,Junior,,,,,,
Burhenn,George,Purdue,,2027,TE,,,,Junior,,,,,,
Burks Jr.,Marvin,Missou,,2027,SS,,,,Junior,,,,,,
Burns,Sully,Texas St.,,2027,RT,,,,Junior,,,,,,
Bush Jr.,TJ,Liberty,,2027,RE,,,,Junior,,,,,,
Campbell,Amare,NC,,2027,MLB,,,,Junior,,,,,,
Carmac,Fisher,Virgina,,2027,LE,,,,Junior,,,,,,
Carreon,Roger,Boise St.,,2027,RG,,,,Junior,,,,,,
Carter,Arion,Tennesee,,2027,ROLB,,,,Junior,,,,,,
Carter,Lewis,UCF,,2027,ROLB,,,,Junior,,,,,,
Carter,Dontae,Vanderbilt,,2027,SS,,,,Junior,,,,,,
Casey,Kage,Boise St.,,2027,LT,,,,Junior,,,,,,
Castell,Jordan,Florida,,2027,SS,,,,Junior,,,,,,
Chaplin,Xavier,Auburn,,2027,LT,,,,Junior,,,,,,
Chiles,Aidan,Mich St.,,2027,QB,,,,Junior,,,,,,
Chiles,Aaron,Florida,,2027,MLB,,,,Junior,,,,,,
Cisse,Brandon,SC,,2027,FS,,,,Junior,,,,,,
Clark,Stanquan,Louisville,,2027,ROLB,,,,Junior,,,,,,
Clement,Hudson,Illinois,,2027,WR,,,,Junior,,,,,,
Cobb,Jeremiah,Auburn,,2027,RB,,,,Junior,,,,,,
Coleman,Cam,Auburn,,2027,WR,,,,Junior,,,,,,
Coleman,Malachi,Minn,,2027,WR,,,,Junior,,,,,,
Collins,Mekhi,NDSt.,,2027,WR,,,,Junior,,,,,,
Concepcion,Kevin,TA&M,,2027,WR,,,,Junior,,,,,,
Cost,Kaleb,NC,,2027,FS,,,,Junior,,,,,,
Craig,Ashton,Notre Dame,,2027,C,,,,Junior,,,,,,
Craycraft,Matt,Duke,,2027,C,,,,Junior,,,,,,
Crutchfield,Courtney,Arkansas,,2027,WR,,,,Junior,,,,,,
Cruz,Joe,Syracuse,,2027,LG,,,,Junior,,,,,,
Curtis,Tackett,Wisconsin,,2027,MLB,,,,Junior,,,,,,
Cutter,Ben,WVU,,2027,LOLB,,,,Junior,,,,,,
Damuni,Raider,BYU,,2027,SS,,,,Junior,,,,,,
Dapaepe,Andrew,Indiana,,2027,RE,,,,Junior,,,,,,
Davis,Kameron,FSU,,2027,RB,,,,Junior,,,,,,
Dawe,Sam,BYU,,2027,C,,,,Junior,,,,,,
Dickey,Jurrion,Oregon,,2027,WR,,,,Junior,,,,,,
Djabome,Dariel,Rutgers,,2027,MLB,,,,Junior,,,,,,
Dottery,TJ,Ole Miss,,2027,MLB,,,,Junior,,,,,,
Duff,KJ,Rutgers,,2027,WR,,,,Junior,,,,,,
Dunbar,Jambres,Boise St.,,2027,RB,,,,Junior,,,,,,
Durham,Caden,LSU,,2027,RB,,,,Junior,,,,,,
Dwyer,Jordan,TCU,,2027,WR,,,,Junior,,,,,,
Early,Jaylen,FSU,,2027,RG,,,,Junior,,,,,,
Ebosele,Alvin,Houston,,2027,LT,,,,Junior,,,,,,
Eckley,Ryan,Mich St.,,2027,P,,,,Junior,,,,,,
Edwards,Scotty,Stanford,,2027,SS,,,,Junior,,,,,,
Elzy,Malik,Illinois,,2027,WR,,,,Junior,,,,,,
Endries,Jack,Cal,,2027,TE,,,,Junior,,,,,,
Epps,Cameron,OSU,,2027,SS,,,,Junior,,,,,,
Erb,Hunter,Tulsa,,2027,RT,,,,Junior,,,,,,
Evans III,Anthony,Miss. St.,,2027,WR,,,,Junior,,,,,,
Fano,Logan,Utah,,2027,RE,,,,Junior,,,,,,
Feagin,Kaden,Illinois,,2027,RB,,,,Junior,,,,,,
Ferrell,Amare,Indiana,,2027,SS,,,,Junior,,,,,,
Fifita,Noah,Arizona,,2027,RB,,,,Junior,,,,,,
Finley,EJ,LA Tech,,2027,TE,,,,Junior,,,,,,
Fisher,Perry,UAB,,2027,CB,,,,Junior,,,,,,
Fite,C.J.,ASU,,2027,DT,,,,Junior,,,,,,
Flanagan,Cooper,Notre Dame,,2027,TE,,,,Junior,,,,,,
Fleming,Dorian,Maryland,,2027,TE,,,,Junior,,,,,,
Flintoft,Aidan,Stanford,,2027,P,,,,Junior,,,,,,
Foster,Tra'Sean,JMU,,2027,CB,,,,Junior,,,,,,
Fountain,Kameryn,USC,,2027,LE,,,,Junior,,,,,,
Fouty-Koonce,Kam'Ron,Marrietta,,2027,CB,,,,Junior,,,,,,
Fraley,Trent,NDSt.,,2027,C,,,,Junior,,,,,,
Franklin,Kamarion,Ole Miss,,2027,LE,,,,Junior,,,,,,
Frasier,Jaymir,Alabama St.,,2027,DT,,,,Junior,,,,,,
Frazier,Nate,Georgia,,2027,RB,,,,Junior,,,,,,
Frederique Jr.,OJ,Miami,,2027,CB,,,,Junior,,,,,,
Gentry,Andrew,BYU,,2027,LT,,,,Junior,,,,,,
George,Logan,Bucks,,2027,RE,,,,Junior,,,,,,
Gibson,Jerrick,Texas,,2027,RB,,,,Junior,,,,,,
Gibson III,Ricky,Tennesee,,2027,CB,,,,Junior,,,,,,
Givens,Gunner,Vanderbilt,,2027,DT,,,,Junior,,,,,,
Glasker,Isaiah,BYU,,2027,ROLB,,,,Junior,,,,,,
Gosnell,Benji,V Tech,,2027,TE,,,,Junior,,,,,,
Grace,Mi'Quise,Kentucky,,2027,RE,,,,Junior,,,,,,
Green,Donovan,LSU,,2027,TE,,,,Junior,,,,,,
Griffin,Kylon,Clemson,,2027,SS,,,,Junior,,,,,,
Guy,Izaiah,Georgia St.,,2027,CB,,,,Junior,,,,,,
Hale,Jalen,Alabama,,2027,WR,,,,Junior,,,,,,
Hall,Jordan,Mich St.,,2027,ROLB,,,,Junior,,,,,,
Halm,Nick,Miami (OH),,2027,RT,,,,Junior,,,,,,
Hammond,Jordan,Virgina,,2027,DT,,,,Junior,,,,,,
Harbert,Joseph,SJSt.,,2027,LG,,,,Junior,,,,,,
Harbor,Nyck,SC,,2027,WR,,,,Junior,,,,,,
Hardy,Zavion,SC,,2027,LE,,,,Junior,,,,,,
Harris,E'Marion,Arkansas,,2027,LT,,,,Junior,,,,,,
Harris,Knijeah,Florida,,2027,LG,,,,Junior,,,,,,
Harris,A.J.,Penn St.,,2027,CB,,,,Junior,,,,,,
Harris,Jaden,Georgia,,2027,FS,,,,Junior,,,,,,
Hartford,Malik,Bucks,,2027,FS,,,,Junior,,,,,,
Hastings,Isaiah,Syracuse,,2027,DT,,,,Junior,,,,,,
Hasz,Luke,Ole Miss,,2027,TE,,,,Junior,,,,,,
Hayden,Dallan,Colorado,,2027,RB,,,,Junior,,,,,,
Heldt,Will,Clemson,,2027,LE,,,,Junior,,,,,,
Henderson,Jacobie,Rutgers,,2027,CB,,,,Junior,,,,,,
Herring,Caleb,Tennesee,,2027,LOLB,,,,Junior,,,,,,
Hicks,C.J.,Bucks,,2027,ROLB,,,,Junior,,,,,,
Hight,Martel,Vanderbilt,,2027,CB,,,,Junior,,,,,,
Hill,Shaheem,UCF,,2027,RG,,,,Junior,,,,,,
Hoffler,A.J.,G Tech,,2027,RE,,,,Junior,,,,,,
Hogan,Stephen,Walsh,,2027,MLB,,,,Junior,,,,,,
Holmes Jr.,Anthony,Texas Tech,,2027,DT,,,,Junior,,,,,,
Hoover,Josh,TCU,,2027,RB,,,,Junior,,,,,,
Hopper,Santana,Tulane,,2027,LE,,,,Junior,,,,,,
Howard,Grayson,Florida,,2027,MLB,,,,Junior,,,,,,
Humphrey,Scottre,NMU,,2027,RB,,,,Junior,,,,,,
Humphrey,Julian,TA&M,,2027,CB,,,,Junior,,,,,,
Humphreys,London,Georgia,,2027,WR,,,,Junior,,,,,,
Hunter,Nyziah,Nebraska,,2027,WR,,,,Junior,,,,,,
Hurst,Shadre,Tulane,,2027,C,,,,Junior,,,,,,
Hussey,Conrad,FSU,,2027,FS,,,,Junior,,,,,,
Iamaleava,Nico,UCLA,,2027,QB,,,,Junior,,,,,,
Inniss,Brandon,Bucks,,2027,WR,,,,Junior,,,,,,
Ioane,Olaivavega,Penn St.,,2027,RG,,,,Junior,,,,,,
Ivory,Alvonte,Walsh,,2027,LT,,,,Junior,,,,,,
Jackson,Jayden,Oklahoma,,2027,DT,,,,Junior,,,,,,
Jackson,Ja'Keem,LSU,,2027,CB,,,,Junior,,,,,,
Jackson,Jam,Virgina,,2027,CB,,,,Junior,,,,,,
James,Kamran,Florida,,2027,RE,,,,Junior,,,,,,
Jarrett,Jamaal,USC,,2027,DT,,,,Junior,,,,,,
Jenkins,Caden,Baylor,,2027,CB,,,,Junior,,,,,,
Jennings,Kevin,SMU,,2027,QB,,,,Junior,,,,,,
Johnson,Avery,K St.,,2027,QB,,,,Junior,,,,,,
Johnson,Marquis,Missou,,2027,WR,,,,Junior,,,,,,
Johnson,Jake,NC,,2027,TE,,,,Junior,,,,,,
Johnson,Greg,Minn,,2027,C,,,,Junior,,,,,,
Johnson,Lavon,Maryland,,2027,DT,,,,Junior,,,,,,
Johnson,Nate,Missou,,2027,ROLB,,,,Junior,,,,,,
Johnson,Tao,Utah,,2027,FS,,,,Junior,,,,,,
Johnson,Jamel,TCU,,2027,SS,,,,Junior,,,,,,
Jones,Peyton,Duke,,2027,RB,,,,Junior,,,,,,
Jordan,Faison,Notre Dame,,2027,WR,,,,Junior,,,,,,
Joyner,Quinten,Texas Tech,,2027,RB,,,,Junior,,,,,,
Joyner,Dontay,Maryland,,2027,CB,,,,Junior,,,,,,
Kanu,Hero,Texas,,2027,DT,,,,Junior,,,,,,
Kasper,Kyler,Oregon,,2027,WR,,,,Junior,,,,,,
Kilgore,Jalon,SC,,2027,SS,,,,Junior,,,,,,
Kirschke,Gabe,Wake,,2027,LE,,,,Junior,,,,,,
Klare,Max,Bucks,,2027,TE,,,,Junior,,,,,,
Klein,Marlin,Michigan,,2027,TE,,,,Junior,,,,,,
Klopfenstein,Matthew,Baylor,,2027,TE,,,,Junior,,,,,,
Knapp,Anthonie,Notre Dame,,2027,RG,,,,Junior,,,,,,
Knighten,Amariyun,Indiana,,2027,CB,,,,Junior,,,,,,
Knox,Isaiah,Troy,,2027,QB,,,,Junior,,,,,,
Krogh,Kale,Iowa,,2027,LT,,,,Junior,,,,,,
Lagway,DJ,Florida,,2027,QB,,,,Junior,,,,,,
Laloulu,Iapani,Oregon,,2027,RG,,,,Junior,,,,,,
Lane,Ja'Kobi,USC,,2027,WR,,,,Junior,,,,,,
Lansing,Jimmy,SIU,,2027,LT,,,,Junior,,,,,,
Lee,Cayden,Ole Miss,,2027,WR,,,,Junior,,,,,,
Lee,Kayln,Auburn,,2027,CB,,,,Junior,,,,,,
Lefau,Liona,Texas,,2027,ROLB,,,,Junior,,,,,,
Lemon,Josh,Akron,,2027,RB,,,,Junior,,,,,,
Lemon,Makai,USC,,2027,WR,,,,Junior,,,,,,
Lenhardt,Cameron,Nebraska,,2027,RE,,,,Junior,,,,,,
Lester III,Charles,FSU,,2027,CB,,,,Junior,,,,,,
Letuli,Tano,SDSt.,,2027,MLB,,,,Junior,,,,,,
Lew,Connor,Auburn,,2027,C,,,,Junior,,,,,,
Lewis,Shelton,Clemson,,2027,CB,,,,Junior,,,,,,
Lewis,Chapman,Texas Tech,,2027,FS,,,,Junior,,,,,,
Liebler,Zach,Mount Union,UD,2027,MLB,,,,Junior,,,,,,
Limar,Jayden,Oregon,,2027,RB,,,,Junior,,,,,,
Link,Evan,Michigan,,2027,RT,,,,Junior,,,,,,
Little II,Earl,FSU,,2027,CB,,,,Junior,,,,,,
Livingston,Tony,Florida,,2027,TE,,,,Junior,,,,,,
Livingston,Landen,WVU,,2027,C,,,,Junior,,,,,,
Lucas,Hank,Wake,,2027,C,,,,Junior,,,,,,
Luckie,Lawson,Georgia,,2027,TE,,,,Junior,,,,,,
Lynch,Kadin,W&M,,2027,RG,,,,Junior,,,,,,
Lyons,Grant,Miami (OH),,2027,LOLB,,,,Junior,,,,,,
Mackenny,Ethan,G Tech,,2027,RG,,,,Junior,,,,,,
Madden,C.J.,Purdue,,2027,RE,,,,Junior,,,,,,
Manley,Brayden,G Tech,,2027,LE,,,,Junior,,,,,,
Mann,Sam,Ohio,,2027,RB,,,,Junior,,,,,,
Manning,Arch,Texas,,2027,QB,,,,Junior,,,,,,
Marshall,Jordan,Michigan,,2027,RB,,,,Junior,,,,,,
Marshall,Rico,Ohio,UD,2027,RG,,,,Junior,,,,,,
Martin,L.J.,BYU,,2027,RB,,,,Junior,,,,,,
Mateer,John,Oklahoma,,2027,QB,,,,Junior,,,,,,
Matthews,Mike,Tennesee,,2027,WR,,,,Junior,,,,,,
Mboumoua,Steve,Alabama,,2027,DT,,,,Junior,,,,,,
McCole,Garrett,Tiffin,,2027,LG,,,,Junior,,,,,,
McCoy,Jermond,Tennesee,,2027,CB,,,,Junior,,,,,,
McCray,Deante,FSU,,2027,LE,,,,Junior,,,,,,
McCray,LJ,Florida,,2027,RE,,,,Junior,,,,,,
McGahee IV,Willis,Nebraska,,2027,ROLB,,,,Junior,,,,,,
McKinley,Dominick,LSU,,2027,DT,,,,Junior,,,,,,
McKinney,D.J.,Colorado,,2027,CB,,,,Junior,,,,,,
McLaughlin,Alex,Washington,,2027,SS,,,,Junior,,,,,,
McNally,Keanon,Old Dominion,,2027,RT,,,,Junior,,,,,,
McPherson,Alex,Auburn,,2027,K,,,,Junior,,,,,,
Mendoza,Fernando,Indiana,,2027,QB,,,,Junior,,,,,,
Merriwether,Mason,Campbell,,2027,LG,,,,Junior,,,,,,
Metcalf,TJ,Michigan,,2027,FS,,,,Junior,,,,,,
Miller,Omarion,Colorado,,2027,WR,,,,Junior,,,,,,
Miller,Christian,Georgia,,2027,DT,,,,Junior,,,,,,
Mitchell,Tony,Miss St.,,2027,FS,,,,Junior,,,,,,
Montgomery,Isaiah,Pitt,,2027,RG,,,,Junior,,,,,,
Mooney,Ryan,Harvard,,2027,WR,,,,Junior,,,,,,
Moore,Dante,Oregon,,2027,QB,,,,Junior,,,,,,
Moore,T.J.,Clemson,,2027,WR,,,,Junior,,,,,,
Moore,Brealin,LSU,,2027,C,,,,Junior,,,,,,
Moore,Conner,Mich St.,,2027,RT,,,,Junior,,,,,,
Moore,Leonard,Notre Dame,,2027,CB,,,,Junior,,,,,,
Moore Jr.,DeAndre,Texas,,2027,WR,,,,Junior,,,,,,
Morgan,Semaj,Michigan,,2027,WR,,,,Junior,,,,,,
Morgan,Grayson,Vanderbilt,,2027,LG,,,,Junior,,,,,,
Moss,Jalen,ASU,,2027,WR,,,,Junior,,,,,,
Murdock,Red,Buffalo,,2027,MLB,,,,Junior,,,,,,
Murphy,Maalik,OSU,,2027,QB,,,,Junior,,,,,,
Nabou Jr.,Mark,TA&M,,2027,C,,,,Junior,,,,,,
Nestor,Josh,Iowa,,2027,SS,,,,Junior,,,,,,
Nichols,Addison,SMU,,2027,C,,,,Junior,,,,,,
Noa,Alani,USC,,2027,LG,,,,Junior,,,,,,
Nwaneri,Williams,Nebraska,,2027,LE,,,,Junior,,,,,,
Oakley,Garrett,K St.,,2027,TE,,,,Junior,,,,,,
Obidegwu,Ify,Oregon,,2027,CB,,,,Junior,,,,,,
Okla,Joey,Wisconsin,,2027,RG,,,,Junior,,,,,,
Omosigho,Samuel,Oklahoma,,2027,LOLB,,,,Junior,,,,,,
Ortwerth,Zach,Iowa,,2027,TE,,,,Junior,,,,,,
Owens,Rueben,TA&M,,2027,RB,,,,Junior,,,,,,
Painter,Justin,Utah St.,,2027,C,,,,Junior,,,,,,
Pale,Simione,Stanford,,2027,RG,,,,Junior,,,,,,
Parachek,Brennan,Mich St.,,2027,TE,,,,Junior,,,,,,
Parker II,Brian,Duke,,2027,LT,,,,Junior,,,,,,
Patel,Jai,Rutgers,,2027,K,,,,Junior,,,,,,
Patt-Henry,Olsen,Clemson,,2027,TE,,,,Junior,,,,,,
Patterson,Kaleb,Illinois,,2027,CB,,,,Junior,,,,,,
Peacock,Jaymir,San Jose CC,,2027,DT,,,,Junior,,,,,,
Pendergrass,Dawson,Baylor,,2027,RB,,,,Junior,,,,,,
Perich,Koi,Minn,,2027,FS,,,,Junior,,,,,,
Perry,Zylan,UL Laf,,2027,RB,,,,Junior,,,,,,
Pettaway,Jaquaize,ECU,,2027,WR,,,,Junior,,,,,,
Phillips III,Mose,Missou,,2027,FS,,,,Junior,,,,,,
Pierce,Trey,Michigan,,2027,DT,,,,Junior,,,,,,
Pierce,LaMarion,Tenn-Martin,,2027,CB,,,,Junior,,,,,,
Pimpton,Ka'Morreun,TCU,,2027,TE,,,,Junior,,,,,,
Pollard,Myles,Memphis,,2027,CB,,,,Junior,,,,,,
Pollock,Brice,Texas Tech,,2027,CB,,,,Junior,,,,,,
Ponds,D'Angelo,Indiana,,2027,CB,,,,Junior,,,,,,
Powers,Gabe,K St.,,2027,MLB,,,,Junior,,,,,,
Price,Jadarian,Notre Dame,,2027,RB,,,,Junior,,,,,,
Pulido,Raymond,Arizona,,2027,LG,,,,Junior,,,,,,
Raiola,Dylan,Nebraska,,2027,QB,,,,Junior,,,,,,
Rangel,Garret,OSU,,2027,RB,,,,Junior,,,,,,
Raphael,Kendrick,NC,,2027,RB,,,,Junior,,,,,,
Ratcliffe,Marcus,TA&M,,2027,SS,,,,Junior,,,,,,
Ray,Traylon,Ole Miss,,2027,WR,,,,Junior,,,,,,
Reddick,Masai,Tennesee,,2027,RG,,,,Junior,,,,,,
Reynolds,Luke,Penn St.,,2027,TE,,,,Junior,,,,,,
Rhambo,Edward,BGSU,,2027,CB,,,,Junior,,,,,,
Rice,Zach,NC,,2027,LG,,,,Junior,,,,,,
Richard,Michael,LA Tech,,2027,CB,,,,Junior,,,,,,
Riley,Kevin,Alabama,,2027,RB,,,,Junior,,,,,,
Ritchie,Nate,Utah,,2027,SS,,,,Junior,,,,,,
Robinson,Kam,Virgina,,2027,MLB,,,,Junior,,,,,,
Robinson IV,Ellis,Georgia,,2027,CB,,,,Junior,,,,,,
Rogers,Kawika,Oregon,,2027,LG,,,,Junior,,,,,,
Rogers,Bravion,TA&M,,2027,CB,,,,Junior,,,,,,
Romaine,Austin,K St.,,2027,MLB,,,,Junior,,,,,,
Ross,Kristopher,Nevada,,2027,LE,,,,Junior,,,,,,
Ross,Jordan,Tennesee,,2027,ROLB,,,,Junior,,,,,,
Roy Jr.,Andre,Maryland,,2027,LT,,,,Junior,,,,,,
Rucker,Chance,Mich St.,,2027,CB,,,,Junior,,,,,,
Rulli,Dominic,Penn St.,,2027,C,,,,Junior,,,,,,
Rushing,Elijah,Oregon,,2027,LOLB,,,,Junior,,,,,,
Russell,Donterry,Miss St.,,2027,ROLB,,,,Junior,,,,,,
Saddler,Collin,Clemson,,2027,LT,,,,Junior,,,,,,
Saka,Anto,NW,,2027,RE,,,,Junior,,,,,,
Sama III,Abu,ISU,,2027,RB,,,,Junior,,,,,,
Sampson,Howard,Texas Tech,,2027,LT,,,,Junior,,,,,,
Sanford,Daymion,TA&M,,2027,LOLB,,,,Junior,,,,,,
Sategna,Isaiah,Oklahoma,,2027,WR,,,,Junior,,,,,,
Schmidt,Hall,Boise St.,,2027,RT,,,,Junior,,,,,,
Schrauth,Billy,Notre Dame,,2027,LG,,,,Junior,,,,,,
Scott,Jordan,FSU,,2027,WR,,,,Junior,,,,,,
Scott,Jimmy,Pitt,,2027,LE,,,,Junior,,,,,,
Scott,Justin,Miami,,2027,DT,,,,Junior,,,,,,
Searcy,T.J.,TA&M,,2027,LE,,,,Junior,,,,,,
Seaton,Jordan,Colorado,,2027,LT,,,,Junior,,,,,,
Sewell,Harris,Clemson,,2027,C,,,,Junior,,,,,,
Shelby,Braylan,USC,,2027,LE,,,,Junior,,,,,,
Simien,Marcus,Fresno St.,,2027,LG,,,,Junior,,,,,,
Simmons,Colin,Texas,,2027,LOLB,,,,Junior,,,,,,
Simpson,Ty,Alabama,,2027,QB,,,,Junior,,,,,,
Singletary,Jaheim,Arkansas,,2027,CB,,,,Junior,,,,,,
Singleton Jr.,Eric,G Tech,,2027,WR,,,,Junior,,,,,,
Smith,Jeremiah,Bucks,,2027,WR,,,,Junior,,,,,,
Smith,Carter,Indiana,,2027,RT,,,,Junior,,,,,,
Smith,James,Alabama,,2027,DT,,,,Junior,,,,,,
Smith,Jaylen,Army,,2027,MLB,,,,Junior,,,,,,
Smith,Dylan,OSU,,2027,CB,,,,Junior,,,,,,
Smith,Xavier,UTEP,,2027,SS,,,,Junior,,,,,,
Smith,Isaac,Miss St.,,2027,SS,,,,Junior,,,,,,
Smith Jr.,Will,Bucks,,2027,LE,,,,Junior,,,,,,
Sorsby,Brendan,Cincinnati,,2027,RB,,,,Junior,,,,,,
Sowell,Chase,ISU,,2027,WR,,,,Junior,,,,,,
Spence,Brad,Texas,,2027,MLB,,,,Junior,,,,,,
Stamps,Ashton,LSU,,2027,CB,,,,Junior,,,,,,
Stewart,Dylan,SC,,2027,RE,,,,Junior,,,,,,
Stone,David,Oklahoma,,2027,DT,,,,Junior,,,,,,
Story,Caden,Clemson,,2027,DT,,,,Junior,,,,,,
Taggert,Harrison,BYU,,2027,MLB,,,,Junior,,,,,,
Tanona,Joey,Purdue,,2027,RG,,,,Junior,,,,,,
Tanuvasa,Keanu,BYU,,2027,DT,,,,Junior,,,,,,
Tatum,Taylor,Oklahoma,,2027,RB,,,,Junior,,,,,,
Taylor,Jake,Oklahoma,,2027,LT,,,,Junior,,,,,,
Thomas,Jai'Den,UNLV,,2027,RB,,,,Junior,,,,,,
Thomas,Amare,Houston,,2027,WR,,,,Junior,,,,,,
Thomas,De'Marion,Vanderbilt,,2027,DT,,,,Junior,,,,,,
Thompkins,Devan,USC,,2027,RE,,,,Junior,,,,,,
Thompson,Josiah,SC,,2027,LT,,,,Junior,,,,,,
Thompson,Jalen,Mich St.,,2027,RE,,,,Junior,,,,,,
Thornton,Bryce,Florida,,2027,FS,,,,Junior,,,,,,
Tillman,Zakari,Miss St.,,2027,MLB,,,,Junior,,,,,,
Toviano,Javien,LSU,,2027,CB,,,,Junior,,,,,,
Tracy,Zion,Penn St.,,2027,CB,,,,Junior,,,,,,
Trader,Joshisa,Miami,,2027,WR,,,,Junior,,,,,,
Tshabola,Tegra,Bucks,,2027,LG,,,,Junior,,,,,,
Tucker,Tyrique,Indiana,,2027,DT,,,,Junior,,,,,,
Turner,Devin,Baylor,,2027,SS,,,,Junior,,,,,,
Tyson,Jordan,ASU,,2027,WR,,,,Junior,,,,,,
Umanmielen,Princewill,Ole Miss,,2027,LOLB,,,,Junior,,,,,,
Umeozulu,Neto,Texas,,2027,RG,,,,Junior,,,,,,
Umeozulu,Desmond,SC,,2027,LOLB,,,,Junior,,,,,,
Urlacher,Kennedy,USC,,2027,FS,,,,Junior,,,,,,
Vanest,Zander,McNeese,,2027,P,,,,Junior,,,,,,
Vasquez,Alex,Akron,,2027,WR,,,,Junior,,,,,,
Veltkamp,Caden,FAU,,2027,RB,,,,Junior,,,,,,
Villamu-Asa,Kyngstonn,Notre Dame,,2027,MLB,,,,Junior,,,,,,
Virgin-Morgan,Jayden,Boise St.,,2027,LOLB,,,,Junior,,,,,,
Wagner,Aamil,Notre Dame,,2027,RT,,,,Junior,,,,,,
Wagoner,Jasiah,Cal,,2027,CB,,,,Junior,,,,,,
Walker,Caleb,UCLA,,2027,LG,,,,Junior,,,,,,
Walker,John,UCF,,2027,DT,,,,Junior,,,,,,
Waller Jr.,DJ,Kentucky,,2027,CB,,,,Junior,,,,,,
Ward,Tavin,USF,,2027,FS,,,,Junior,,,,,,
Washington,A'Mauri,Oregon,,2027,DT,,,,Junior,,,,,,
Washington,Nick,Troy,,2027,SS,,,,Junior,,,,,,
Webb,Kentrell,Houston,,2027,FS,,,,Junior,,,,,,
Weeks,Whit,LSU,,2027,MLB,,,,Junior,,,,,,
Weigman,Connor,Houston,,2027,QB,,,,Junior,,,,,,
Wesco Jr.,Bryant,Clemson,,2027,WR,,,,Junior,,,,,,
White,Jahiem,WVU,,2027,RB,,,,Junior,,,,,,
White,Jaylen,Notre Dame,,2027,LOLB,,,,Junior,,,,,,
Wiggins,Quency,Colorado,,2027,RE,,,,Junior,,,,,,
Wilde,Griffin,NW,,2027,WR,,,,Junior,,,,,,
Williams,Ryan,Alabama,,2027,WR,,,,Junior,,,,,,
Williams,Ayden,Miss. St.,,2027,WR,,,,Junior,,,,,,
Williams,Antonio,Clemson,,2027,WR,,,,Junior,,,,,,
Williams,Hykeem,FSU,,2027,WR,,,,Junior,,,,,,
Williams,Riley,OSU,,2027,TE,,,,Junior,,,,,,
Williams,PJ,SMU,,2027,LT,,,,Junior,,,,,,
Williams,BJ,Pitt,,2027,LG,,,,Junior,,,,,,
Williams,James,FSU,,2027,LE,,,,Junior,,,,,,
Williams,Justin,Georgia,,2027,MLB,,,,Junior,,,,,,
Williams,Jontez,ISU,,2027,CB,,,,Junior,,,,,,
Williams,Palmer,Baylor,,2027,P,,,,Junior,,,,,,
Williams Jr.,Derek,Texas,,2027,SS,,,,Junior,,,,,,
Willich,Carson,ISU,,2027,LOLB,,,,Junior,,,,,,
Wilson,Sheridan,Texas Tech,,2027,C,,,,Junior,,,,,,
Wilson,Trey,SMU,,2027,RE,,,,Junior,,,,,,
Wilson,Raylen,Georgia,,2027,ROLB,,,,Junior,,,,,,
Wingo,Ryan,Texas,,2027,WR,,,,Junior,,,,,,
Wisner,Quintrevion,Texas,,2027,RB,,,,Junior,,,,,,
Woodring,Peyton,Georgia,,2027,K,,,,Junior,,,,,,
Woodson,Caleb,V Tech,,2027,LOLB,,,,Junior,,,,,,
Woodyard,Peyton,Oregon,,2027,FS,,,,Junior,,,,,,
Wright,T.K.,Temple,,2027,MLB,,,,Junior,,,,,,
Wright,Collin,Stanford,,2027,CB,,,,Junior,,,,,,
Wright Jr.,Mike,YSU,UD,2027,DT,,,,Junior,,,,,,
Wynn,Tymir,Colgate,,2027,CB,,,,Junior,,,,,,
Yates,Jaden,Ole Miss,,2027,MLB,,,,Junior,,,,,,
York,Taurean,TA&M,,2027,MLB,,,,Junior,,,,,,
Zunk,Linus,Vanderbilt,,2027,RE,,,,Junior,,,,,,
Underwood,Bryce,Michigan,,2028,QB,,,,Sophomore,,,,,,
Sayin,Julian,Bucks,,2028,QB,,,,Sophomore,,,,,,
Russell,Keelon,Alabama,,2028,QB,,,,Sophomore,,,,,,
Sellers,LaNorris,SC,,2028,QB,,,,Sophomore,,,,,,
Holstein,Eli,Pitt,,2028,QB,,,,Sophomore,,,,,,
Leavitt,Sam,ASU,,2028,QB,,,,Sophomore,,,,,,
Carr,C.J.,Notre Dame,,2028,QB,,,,Sophomore,,,,,,
Hayes,Leon,Texas St.,UD,2028,QB,,,,Sophomore,,,,,,
Kromenhoek,Luke,Miss St.,,2028,QB,,,,Sophomore,,,,,,
Novosad,Austin,Oregon,,2028,QB,,,,Sophomore,,,,,,
Knauer,Brian,TCU,UD,2028,QB,,,,Sophomore,,,,,,
Baker,Jordan,UCLA,UD,2028,QB,,,,Sophomore,,,,,,
Longwell,Drew,Kent,UD,2028,QB,,,,Sophomore,,,,,,
Nelson,Malachi,UTEP,,2028,QB,,,,Sophomore,,,,,,
VanVleet,Drew,Dayton,,2028,QB,,,,Sophomore,,,,,,
Maddox,Austin,Miami (OH),UD,2028,QB,,,,Sophomore,,,,,,
Miller,Luca,Akron,UD,2028,QB,,,,Sophomore,,,,,,
Harbor,Lance,FSU,UD,2028,QB,,,,Sophomore,,,,,,
Falco,Shane,Bucks,UD,2028,QB,,,,Sophomore,,,,,,
Vizzina,Christopher,Clemson,,2028,QB,,,,Sophomore,,,,,,
Crewe,Paul,FSU,UD,2028,QB,,,,Sophomore,,,,,,
Beaman,Willie,Houston,UD,2028,QB,,,,Sophomore,,,,,,
Williams Jr.,Demond,Washington,,2028,QB,,,,Sophomore,,,,,,
Bullock,Evan,LA Tech,,2028,QB,,,,Sophomore,,,,,,
Blake,Paul,N. Texas,UD,2028,QB,,,,Sophomore,,,,,,
Callahan,Bo,Wisconsin,UD,2028,QB,,,,Sophomore,,,,,,
Moxon,Johnny,Brown,UD,2028,QB,,,,Sophomore,,,,,,
Rooney,Cap,Miami,UD,2028,QB,,,,Sophomore,,,,,,
Bass,Sunshine,SC,UD,2028,QB,,,,Sophomore,,,,,,
Street,Jason,Notre Dame,UD,2028,QB,,,,Sophomore,,,,,,
Berry,Harlem,LSU,,2028,RB,,,,Sophomore,,,,,,
Hadry,Ahmad,Missou,,2028,RB,,,,Sophomore,,,,,,
Davidson,Gideon,Clemson,,2028,RB,,,,Sophomore,,,,,,
Jefferson,Darnell,ESU,UD,2028,RB,,,,Sophomore,,,,,,
Williams,Smash,TA&M,UD,2028,RB,,,,Sophomore,,,,,,
Martin Jr.,Quinton,Penn St.,,2028,RB,,,,Sophomore,,,,,,
Meggett,Earl,TCU,UD,2028,RB,,,,Sophomore,,,,,,
Simon,James,Texas,,2028,RB,,,,Sophomore,,,,,,
Lewis,Peyton,Tennesee,,2028,RB,,,,Sophomore,,,,,,
Kromah,Qusmane,FSU,,2028,RB,,,,Sophomore,,,,,,
Lyle,Jordan,Miami,,2028,RB,,,,Sophomore,,,,,,
Lacy,Kewan,Ole Miss,,2028,RB,,,,Sophomore,,,,,,
Owens,Savior,Cincinnati,UD,2028,RB,,,,Sophomore,,,,,,
Russell,Braylen,Arkansas,,2028,RB,,,,Sophomore,,,,,,
Jackson,Syncere,Tiffin,UD,2028,RB,,,,Sophomore,,,,,,
Williams,Aneyas,Notre Dame,,2028,RB,,,,Sophomore,,,,,,
Bowens,Chauncey,Georgia,,2028,RB,,,,Sophomore,,,,,,
Bishop,DeSean,Tennesee,,2028,RB,,,,Sophomore,,,,,,
Johnson Jr.,Chris,SMU,,2028,RB,,,,Sophomore,,,,,,
Hill,Nino,Buffalo,UD,2028,RB,,,,Sophomore,,,,,,
Washington,Julian,G Tech,UD,2028,RB,,,,Sophomore,,,,,,
Miles,Boobie,N. Texas,UD,2028,RB,,,,Sophomore,,,,,,
Cabana,Cole,Michigan,,2028,RB,,,,Sophomore,,,,,,
Scarborough,Nate,Oklahoma,UD,2028,RB,,,,Sophomore,,,,,,
Brown,Wendell,Texas,UD,2028,RB,,,,Sophomore,,,,,,
Smothers,Hollywood,NCSt.,,2028,RB,,,,Sophomore,,,,,,
Harris,Demetrius,Colorado,UD,2028,RB,,,,Sophomore,,,,,,
Basham,Carson,Walsh,UD,2028,RB,,,,Sophomore,,,,,,
Shilo,Craig,Buffalo State,UD,2028,RB,,,,Sophomore,,,,,,
Weathers,Willie,TCU,UD,2028,RB,,,,Sophomore,,,,,,
Taylor,Leon,USC,UD,2028,RB,,,,Sophomore,,,,,,
Palita,Junior,SMU,UD,2028,RB,,,,Sophomore,,,,,,
McBurney,Emeric,Purdue,UD,2028,RB,,,,Sophomore,,,,,,
Bundy,Al,WIU,UD,2028,FB,,,,Sophomore,,,,,,
Giaquinta,Ty,Liberty,UD,2028,FB,,,,Sophomore,,,,,,
Gump,Forrest,Alabama,UD,2028,FB,,,,Sophomore,,,,,,
Riggans,Tim,TSU,UD,2028,FB,,,,Sophomore,,,,,,
Turley,Khali,Fresno St.,UD,2028,FB,,,,Sophomore,,,,,,
Moore,Dakorien,Oregon,,2028,WR,,,,Sophomore,,,,,,
Cunningham,Caleb,Ole Miss,,2028,WR,,,,Sophomore,,,,,,
Graham,Mylan,Bucks,,2028,WR,,,,Sophomore,,,,,,
Myles,Jerome,TA&M,,2028,WR,,,,Sophomore,,,,,,
Thompson,Perry,Auburn,,2028,WR,,,,Sophomore,,,,,,
Bennett Jr.,Mazeo,SC,,2028,WR,,,,Sophomore,,,,,,
Odom,Caleb,Ole Miss,,2028,WR,,,,Sophomore,,,,,,
Porter,Quincy,Bucks,,2028,WR,,,,Sophomore,,,,,,
Bussey,Terry,TA&M,,2028,WR,,,,Sophomore,,,,,,
Marsh,Nick,Mich St.,,2028,WR,,,,Sophomore,,,,,,
Williams,Cam,Notre Dame,,2028,WR,,,,Sophomore,,,,,,
Gates Jr.,Antonio,Mich State,,2028,WR,,,,Sophomore,,,,,,
Shelton,Terry,TCU,,2028,WR,,,,Sophomore,,,,,,
Parker,Kyle,LSU,,2028,WR,,,,Sophomore,,,,,,
Moss,Deacon,Tulsa,UD,2028,WR,,,,Sophomore,,,,,,
Henry,Keonde,Memphis,,2028,WR,,,,Sophomore,,,,,,
Sanderson,Jimmy,Miami,UD,2028,WR,,,,Sophomore,,,,,,
Kearney,Zion,Oklahoma,,2028,WR,,,,Sophomore,,,,,,
Meadows,Derek,Alabama,,2028,WR,,,,Sophomore,,,,,,
Brown,Jalen,FSU,,2028,WR,,,,Sophomore,,,,,,
McClellan,Jeremiah,Oregon,,2028,WR,,,,Sophomore,,,,,,
Porter,Shamar,UConn,,2028,WR,,,,Sophomore,,,,,,
Cozart,Ashton,SMU,,2028,WR,,,,Sophomore,,,,,,
Tidwell,Rod,ASU,UD,2028,WR,,,,Sophomore,,,,,,
McNeil,Cynceir,BGSU,,2028,WR,,,,Sophomore,,,,,,
Hamper,Mark,Wisconsin,,2028,WR,,,,Sophomore,,,,,,
Haynes,Zeed,Syracuse,,2028,WR,,,,Sophomore,,,,,,
Rogers,Noah,NCSt.,,2028,WR,,,,Sophomore,,,,,,
Hamilton,Christian,NC,,2028,WR,,,,Sophomore,,,,,,
Johnson,Noble,ASU,,2028,WR,,,,Sophomore,,,,,,
Mizell,Aidan,Florida,,2028,WR,,,,Sophomore,,,,,,
Jennings,Jaycen,Tennesee,UD,2028,WR,,,,Sophomore,,,,,,
Sampson Jr.,Shelton,UL Laf,,2028,WR,,,,Sophomore,,,,,,
Baez,Fabian,W. Illinois,,2028,WR,,,,Sophomore,,,,,,
Adams,Keylen,V Tech,,2028,WR,,,,Sophomore,,,,,,
Becker,Charlie,Indiana,,2028,WR,,,,Sophomore,,,,,,
Rodgers,Bryson,Bucks,,2028,WR,,,,Sophomore,,,,,,
Jacobs,Vandrevius,SC,,2028,WR,,,,Sophomore,,,,,,
James,Spencer,UCLA,UD,2028,WR,,,,Sophomore,,,,,,
Tweeter,Charlie,WTA&M,UD,2028,WR,,,,Sophomore,,,,,,
Franklin,Clifford,Wagner,UD,2028,WR,,,,Sophomore,,,,,,
Vaughn,Cam,WVU,,2028,WR,,,,Sophomore,,,,,,
Kam,Shanks,Arkansas,,2028,WR,,,,Sophomore,,,,,,
VanderZee,Reece,Iowa,,2028,WR,,,,Sophomore,,,,,,
Bates,Kenny,UL Monroe,UD,2028,WR,,,,Sophomore,,,,,,
Covey IV,Frank,NW,,2028,WR,,,,Sophomore,,,,,,
Adams,Asher,UC Irvine,UD,2028,WR,,,,Sophomore,,,,,,
Walker,Kyson,Heidelburg,UD,2028,WR,,,,Sophomore,,,,,,
Williams,Elyiss,Georgia,,2028,TE,,,,Sophomore,,,,,,
Cure,Linkon,Kansas State,,2028,TE,,,,Sophomore,,,,,,
Green,Trey'Dez,LSU,,2028,TE,,,,Sophomore,,,,,,
Johnson,Jamari,Oregon,,2028,TE,,,,Sophomore,,,,,,
Prieskorn,Brady,Michigan,,2028,TE,,,,Sophomore,,,,,,
Nelson,Carter,Nebraska,,2028,TE,,,,Sophomore,,,,,,
Lofton,Elijah,Miami,,2028,TE,,,,Sophomore,,,,,,
Davis,Ethan,Tennesee,,2028,TE,,,,Sophomore,,,,,,
Thomas,Landen,FSU,,2028,TE,,,,Sophomore,,,,,,
Lockwood,Ty,BC,,2028,TE,,,,Sophomore,,,,,,
Jacobsen,Drake,Ashland,UD,2028,TE,,,,Sophomore,,,,,,
Echols,Jonathan,USF,,2028,TE,,,,Sophomore,,,,,,
Swanson,Ryner,BYU,,2028,TE,,,,Sophomore,,,,,,
Rappleyea,Andrew,Penn St.,,2028,TE,,,,Sophomore,,,,,,
Platt,Jaden,Arkansas,,2028,TE,,,,Sophomore,,,,,,
Easter,Shamar,Arkansas,,2028,TE,,,,Sophomore,,,,,,
Eddy,Cheeseburger,Texas Southern,UD,2028,TE,,,,Sophomore,,,,,,
WIlliams,Mason,Ohio,,2028,TE,,,,Sophomore,,,,,,
Schlaffer,Joey,Penn St.,,2028,TE,,,,Sophomore,,,,,,
Toles,Nemo,Bucks,UD,2028,TE,,,,Sophomore,,,,,,
Hoffman,Gavin,Iowa,,2028,TE,,,,Sophomore,,,,,,
Conner,Jayvontay,ECU,,2028,TE,,,,Sophomore,,,,,,
Tonielli,Deakon,Michigan,,2028,TE,,,,Sophomore,,,,,,
Hamm,Jaden,Kansas,,2028,TE,,,,Sophomore,,,,,,
Bowers,Jackson,OSU,,2028,TE,,,,Sophomore,,,,,,
West,Sam,Indiana,,2028,TE,,,,Sophomore,,,,,,
Marshall,Ben,Cal,,2028,TE,,,,Sophomore,,,,,,
Riordan,Tripp,SMU,,2028,TE,,,,Sophomore,,,,,,
Jacobsen,C.J.,Utah,,2028,TE,,,,Sophomore,,,,,,
Sanders Jr.,David,Tenn,,2028,LT,,,,Sophomore,,,,,,
Absher,Sullivan,Notre Dame,,2028,LT,,,,Sophomore,,,,,,
Petty,Josh,G Tech,,2028,LT,,,,Sophomore,,,,,,
Babalola,Andrew,Michigan,,2028,LT,,,,Sophomore,,,,,,
Paige,Elijah,USC,,2028,LT,,,,Sophomore,,,,,,
Morrow,Nick,Cal,,2028,LT,,,,Sophomore,,,,,,
Daniels,Phillip,Bucks,,2028,LT,,,,Sophomore,,,,,,
Hanna,Andrew,Buffalo,UD,2028,LT,,,,Sophomore,,,,,,
Onoh,Chimdy,Penn St.,,2028,LT,,,,Sophomore,,,,,,
Lauck,Trevor,Iowa,,2028,LT,,,,Sophomore,,,,,,
McVay,Miles,NC,,2028,LT,,,,Sophomore,,,,,,
Hughley,Bo,Georgia,,2028,LT,,,,Sophomore,,,,,,
Simmons,Lucas,FSU,,2028,LT,,,,Sophomore,,,,,,
Calhoun,Daniel,Georgia,,2028,LG,,,,Sophomore,,,,,,
Reichert,Logan,Missou,,2028,LG,,,,Sophomore,,,,,,
Ghannam,Layth,V Tech,,2028,LG,,,,Sophomore,,,,,,
Efobi,Nathan,Michigan,,2028,LG,,,,Sophomore,,,,,,
Umarov,Shamurad,Tennesee,,2028,LG,,,,Sophomore,,,,,,
Madlock,Donald,Tulane,UD,2028,LG,,,,Sophomore,,,,,,
Wilson,Gernorris,Oregon,,2028,LG,,,,Sophomore,,,,,,
Birchmeier,Alex,Penn St.,,2028,LG,,,,Sophomore,,,,,,
Herring,Amir,Kansas,,2028,LG,,,,Sophomore,,,,,,
Garcia,Isaiah,Utah,,2028,LG,,,,Sophomore,,,,,,
Banuelos,Micah,USC,,2028,LG,,,,Sophomore,,,,,,
Kennedy,Ja'Marion,LA Tech,,2028,LG,,,,Sophomore,,,,,,
Jackson,Jamal,Washington,UD,2028,LG,,,,Sophomore,,,,,,
Kelly,Madman,Troy,UD,2028,LG,,,,Sophomore,,,,,,
Holmes,Caleb,Pitt,,2028,LG,,,,Sophomore,,,,,,
Finau,Paki,Washington,,2028,C,,,,Sophomore,,,,,,
Mercer,Tyler,Kansas,,2028,C,,,,Sophomore,,,,,,
Poe,Casey,Alabama,,2028,C,,,,Sophomore,,,,,,
Padilla,Joshua,Bucks,,2028,C,,,,Sophomore,,,,,,
Dellinger,Cole,Mich St.,,2028,C,,,,Sophomore,,,,,,
Cleveland,Cash,Colorado,,2028,C,,,,Sophomore,,,,,,
Cousins,Cooper,Penn St.,,2028,C,,,,Sophomore,,,,,,
Norton,Brady,Michigan,,2028,C,,,,Sophomore,,,,,,
Zandamela,Jason,Florida,,2028,C,,,,Sophomore,,,,,,
Stone,John,Rutgers,,2028,C,,,,Sophomore,,,,,,
Fattig,Nick,Texas Tech,,2028,C,,,,Sophomore,,,,,,
Otting,Joey,Notre Dame,,2028,C,,,,Sophomore,,,,,,
Chester,DJ,LSU,,2028,C,,,,Sophomore,,,,,,
Sanders,Brycen,Ole Miss,,2028,C,,,,Sophomore,,,,,,
Bates,Joshua,SMU,,2028,C,,,,Sophomore,,,,,,
Mack,Mekhi,ND College,UD,2028,C,,,,Sophomore,,,,,,
Siereveld,Austin,Bucks,,2028,RG,,,,Sophomore,,,,,,
Thomas,Soloman,LSU,,2028,RG,,,,Sophomore,,,,,,
Thurmon,Elyjah,Clemson,,2028,RG,,,,Sophomore,,,,,,
Carter,DeAndre,Auburn,,2028,RG,,,,Sophomore,,,,,,
Uni,Michael,Georgia,,2028,RG,,,,Sophomore,,,,,,
Anderson,Markee,SC,,2028,RG,,,,Sophomore,,,,,,
Pendleton,Sam,Tennesee,,2028,RG,,,,Sophomore,,,,,,
Alinen,Olanus,Alabama,,2028,RG,,,,Sophomore,,,,,,
Chatman,Jaydon,Texas,,2028,RG,,,,Sophomore,,,,,,
Sanker,Madden,Louisville,,2028,RG,,,,Sophomore,,,,,,
Geis,Micha,Ashland,UD,2028,RG,,,,Sophomore,,,,,,
Walker,Tamarus,Maryland,,2028,RG,,,,Sophomore,,,,,,
Shanahan,TJ,Penn St.,,2028,RG,,,,Sophomore,,,,,,
Young,Cooper,WVU,,2028,RG,,,,Sophomore,,,,,,
Jackson,Andre,Washington,UD,2028,RG,,,,Sophomore,,,,,,
Anderson,Max,Tennesee,,2028,RG,,,,Sophomore,,,,,,
Bob,Billy,WTA&M,UD,2028,RG,,,,Sophomore,,,,,,
Okunlola,Samson,Miami,,2028,RT,,,,Sophomore,,,,,,
Warren,Bennett,Tennesee,,2028,RT,,,,Sophomore,,,,,,
Heywood,Kevin,Wisconsin,,2028,RT,,,,Sophomore,,,,,,
Lambert,Guerby,Notre Dame,,2028,RT,,,,Sophomore,,,,,,
Formby,Wilkin,Alabama,,2028,RT,,,,Sophomore,,,,,,
Sprague,Andrew,Michigan,,2028,RT,,,,Sophomore,,,,,,
Donkoh,Anthony,Penn St.,,2028,RT,,,,Sophomore,,,,,,
James,Buffalo,OSU,UD,2028,RT,,,,Sophomore,,,,,,
Lastik,Louie,Furman,UD,2028,RT,,,,Sophomore,,,,,,
Goosby,Trevor,Texas,,2028,RT,,,,Sophomore,,,,,,
Thomasson,Colton,Baylor,,2028,RT,,,,Sophomore,,,,,,
Fumiko,Jumbo,No College,UD,2028,RT,,,,Sophomore,,,,,,
Blakley,Robert,Ohio,UD,2028,RT,,,,Sophomore,,,,,,
Kaminski,Bud-Lite,SC,UD,2028,RT,,,,Sophomore,,,,,,
Gibson,Isaiah,Georgia,,2028,LE,,,,Sophomore,,,,,,
Jackson,Lance,Texas,,2028,LE,,,,Sophomore,,,,,,
Brown,Jaylen,SC,,2028,LE,,,,Sophomore,,,,,,
Vasek,Colton,Texas,,2028,LE,,,,Sophomore,,,,,,
Porter,Ashton,Oregon,,2028,LE,,,,Sophomore,,,,,,
Vernon,Brenan,Notre Dame,,2028,LE,,,,Sophomore,,,,,,
Kissayi,Adam,Minn,,2028,LE,,,,Sophomore,,,,,,
Edwards,Chase,UL Laf,,2028,LE,,,,Sophomore,,,,,,
Keeley,Keon,Alabama,,2028,LE,,,,Sophomore,,,,,,
Bynum,Anthony,M. Tenn St.,,2028,LE,,,,Sophomore,,,,,,
Allen,Jordan,K State,,2028,LE,,,,Sophomore,,,,,,
Canady,BJ,Cal,,2028,LE,,,,Sophomore,,,,,,
Switowski,Bob,FAU,UD,2028,LE,,,,Sophomore,,,,,,
Scott,Dom,Notre Dame,UD,2028,LE,,,,Sophomore,,,,,,
Howard,Kelze,OSU,,2028,LE,,,,Sophomore,,,,,,
Renaud,Jordan,Alabama,,2028,LE,,,,Sophomore,,,,,,
Campbell,Julius,Furman,UD,2028,LE,,,,Sophomore,,,,,,
Keith,Zachariah,WVU,,2028,LE,,,,Sophomore,,,,,,
Merrieweather,Kenneth,Iowa,,2028,LE,,,,Sophomore,,,,,,
Kyler,Jenkins,Tiffin,UD,2028,LE,,,,Sophomore,,,,,,
Griffin,Elijah,Georgia,,2028,DT,,,,Sophomore,,,,,,
Stewart,Jahkeem,USC,,2028,DT,,,,Sophomore,,,,,,
Johnson,Jericho,Oregon,,2028,DT,,,,Sophomore,,,,,,
Autry,Malik,Auburn,,2028,DT,,,,Sophomore,,,,,,
Blocton,Malik,Auburn,,2028,DT,,,,Sophomore,,,,,,
Echoles,William,Ole Miss,,2028,DT,,,,Sophomore,,,,,,
Sanders,D.J.,TA&M,,2028,DT,,,,Sophomore,,,,,,
Moore,Jason,Bucks,,2028,DT,,,,Sophomore,,,,,,
Epenesa,Iose,Iowa,,2028,DT,,,,Sophomore,,,,,,
Mitchell,Sydir,LSU,,2028,DT,,,,Sophomore,,,,,,
Jonah-Ajonye,Joseph,Georgia,,2028,DT,,,,Sophomore,,,,,,
Adams,Amare,Clemson,,2028,DT,,,,Sophomore,,,,,,
Rainwater,Billy,PVA&M,UD,2028,DT,,,,Sophomore,,,,,,
Burley,Vic,Clemson,,2028,DT,,,,Sophomore,,,,,,
Foster,Braylan,Miami (OH),UD,2028,DT,,,,Sophomore,,,,,,
Gardner,Dior,BGSU,UD,2028,DT,,,,Sophomore,,,,,,
Houstan,Devan,Notre Dame,,2028,DT,,,,Sophomore,,,,,,
Battaglio,Joey,TCU,UD,2028,DT,,,,Sophomore,,,,,,
Etta,Enow,Michigan,,2028,DT,,,,Sophomore,,,,,,
Gilbert,Kendrick,Kentucky,,2028,DT,,,,Sophomore,,,,,,
Robinson,D'Antre,Florida,,2028,DT,,,,Sophomore,,,,,,
Gardner,My'Kell,ASU,,2028,DT,,,,Sophomore,,,,,,
Faga,Isaia,Alabama,,2028,DT,,,,Sophomore,,,,,,
Horton,Josh,Miami,,2028,DT,,,,Sophomore,,,,,,
Jones,Shymeik,G Tech,,2028,DT,,,,Sophomore,,,,,,
Rigsby,Braylon,Texas Tech,,2028,DT,,,,Sophomore,,,,,,
Osborne,Hunter,Virgina,,2028,DT,,,,Sophomore,,,,,,
Herold,Blake,Kansas,,2028,DT,,,,Sophomore,,,,,,
Carter,Avion,TCU,,2028,DT,,,,Sophomore,,,,,,
Young,Bryce,Notre Dame,,2028,RE,,,,Sophomore,,,,,,
Smith II,Nigel,Oklahoma,,2028,RE,,,,Sophomore,,,,,,
Lowe,Hayden,Miami,,2028,RE,,,,Sophomore,,,,,,
Marshall,Nathaniel,Michigan,,2028,RE,,,,Sophomore,,,,,,
WIlliams,Amaris,Auburn,,2028,RE,,,,Sophomore,,,,,,
Engleheart,Kevin,Tex S.,UD,2028,RE,,,,Sophomore,,,,,,
Mayo,Darien,Clemson,,2028,RE,,,,Sophomore,,,,,,
Krimm,Andre,N. Texas,UD,2028,RE,,,,Sophomore,,,,,,
Umeh,Benedict,Stanford,,2028,RE,,,,Sophomore,,,,,,
Avery,Neeo,Maryland,,2028,RE,,,,Sophomore,,,,,,
Weathersby,Tyree,Tennesee,,2028,RE,,,,Sophomore,,,,,,
Kilbane,Michael,NW,,2028,RE,,,,Sophomore,,,,,,
Gracio,Maverick,Pitt,,2028,RE,,,,Sophomore,,,,,,
Green,Adonijah,Louisville,,2028,RE,,,,Sophomore,,,,,,
Carlson,Drake,Purdue,,2028,RE,,,,Sophomore,,,,,,
Davis,Raji,Austin Peay,UD,2028,RE,,,,Sophomore,,,,,,
Shanks,Xavier,Kentucky,UD,2028,RE,,,,Sophomore,,,,,,
Chapman,Zachary,TCU,,2028,RE,,,,Sophomore,,,,,,
Farrell,Pat,Illinois,,2028,RE,,,,Sophomore,,,,,,
Mears,Bobby,Penn St.,,2028,RE,,,,Sophomore,,,,,,
Merritt,Dawson,Nebraska,,2028,LOLB,,,,Sophomore,,,,,,
Riddick,Demarcus,Auburn,,2028,LOLB,,,,Sophomore,,,,,,
Russaw,Qua,Alabama,,2028,LOLB,,,,Sophomore,,,,,,
Gullette,Derion,Miss St.,,2028,LOLB,,,,Sophomore,,,,,,
Sullivan,Cole,Michigan,,2028,LOLB,,,,Sophomore,,,,,,
Chambliss,Owen,SDSt.,,2028,LOLB,,,,Sophomore,,,,,,
Berglund,Winston,Purdue,,2028,LOLB,,,,Sophomore,,,,,,
Brezina,Cael,ISU,,2028,LOLB,,,,Sophomore,,,,,,
Mayer,Jordan,Penn St.,,2028,LOLB,,,,Sophomore,,,,,,
Crawford,Isaiah,Texas Tech,,2028,LOLB,,,,Sophomore,,,,,,
Ausberry,Jaiden,Notre Dame,,2028,LOLB,,,,Sophomore,,,,,,
Omopariola,David,Syracuse,,2028,LOLB,,,,Sophomore,,,,,,
Akana,Tausili,BYU,,2028,LOLB,,,,Sophomore,,,,,,
Matthews-Canty,Michael,Hampton,,2028,LOLB,,,,Sophomore,,,,,,
Brownfeild,Ben,NIU,UD,2028,LOLB,,,,Sophomore,,,,,,
Levay,Luther,Miami,UD,2028,LOLB,,,,Sophomore,,,,,,
Mack,Alvin,SC,,2028,LOLB,,,,Sophomore,,,,,,
Walker,Zayden,Georgia,,2028,MLB,,,,Sophomore,,,,,,
Reese,Arvell,Bucks,,2028,MLB,,,,Sophomore,,,,,,
Cole,Chris,Georgia,,2028,MLB,,,,Sophomore,,,,,,
Graham,Myles,Florida,,2028,MLB,,,,Sophomore,,,,,,
Trotter,Josiah,Missou,,2028,MLB,,,,Sophomore,,,,,,
Ross,Charles,LSU,,2028,MLB,,,,Sophomore,,,,,,
Coleman,Simeon,Cincinnati,,2028,MLB,,,,Sophomore,,,,,,
Winner-Johnson,Dallas,Tulane,,2028,MLB,,,,Sophomore,,,,,,
Sua,Leviticus,Arizona,,2028,MLB,,,,Sophomore,,,,,,
Arrington Jr.,LaVar,Penn St.,,2028,MLB,,,,Sophomore,,,,,,
Jones,Kris,Georgia,,2028,MLB,,,,Sophomore,,,,,,
Faraimo,Madden,Notre Dame,,2028,MLB,,,,Sophomore,,,,,,
Platt,Brayden,Oregon,,2028,MLB,,,,Sophomore,,,,,,
Barber,D.J.,Auburn,,2028,MLB,,,,Sophomore,,,,,,
Chisom,Isaiah,UCLA,,2028,MLB,,,,Sophomore,,,,,,
Castle,Thad,Buffalo St.,UD,2028,MLB,,,,Sophomore,,,,,,
Boucher,Bobby,UL Monroe,UD,2028,MLB,,,,Sophomore,,,,,,
Gilmore Jr.,Mykel,Morehouse,UD,2028,MLB,,,,Sophomore,,,,,,
Newsom,Asa,K State,,2028,MLB,,,,Sophomore,,,,,,
Johnson,Kendall,Duke,,2028,MLB,,,,Sophomore,,,,,,
Bateman,Danny,Utah,UD,2028,MLB,,,,Sophomore,,,,,,
Davis,Owen,Purdue,,2028,MLB,,,,Sophomore,,,,,,
Olczyk,Eric,Penn St.,UD,2028,MLB,,,,Sophomore,,,,,,
LaValle,Caleb,FSU,,2028,MLB,,,,Sophomore,,,,,,
Mack,Vontae,Bucks,,2028,MLB,,,,Sophomore,,,,,,
Dazey,Preston,Ohio,UD,2028,MLB,,,,Sophomore,,,,,,
Geckler,Marshall,Purdue,UD,2028,MLB,,,,Sophomore,,,,,,
Lightfoot,Marquise,Miami,,2028,ROLB,,,,Sophomore,,,,,,
Lockhart,Jordan,TA&M,,2028,ROLB,,,,Sophomore,,,,,,
McClellan,Dante,Missou,UD,2028,ROLB,,,,Sophomore,,,,,,
Robinson,Ta'Mere,Penn St.,,2028,ROLB,,,,Sophomore,,,,,,
Alessandro,Roman,SIU,UD,2028,ROLB,,,,Sophomore,,,,,,
Duhon,Kyran,OSU,,2028,ROLB,,,,Sophomore,,,,,,
Pierce,Payton,Bucks,,2028,ROLB,,,,Sophomore,,,,,,
Gregory,Wendell,SC,,2028,ROLB,,,,Sophomore,,,,,,
Pierre,Yhonzaae,Alabama,,2028,ROLB,,,,Sophomore,,,,,,
Burrell,S'Maje,N Texas,,2028,ROLB,,,,Sophomore,,,,,,
Flowers,Keyshawn,Maryland,,2028,ROLB,,,,Sophomore,,,,,,
Lambert,Bill,Texas,UD,2028,ROLB,,,,Sophomore,,,,,,
Mattingly,Sam,Stanford,,2028,ROLB,,,,Sophomore,,,,,,
Jobe,Bai,Kansas,,2028,ROLB,,,,Sophomore,,,,,,
Bertier,Gerry,Virgina,UD,2028,ROLB,,,,Sophomore,,,,,,
Mascoe,Bo,Rutgers,,2028,ROLB,,,,Sophomore,,,,,,
Hewlett,Jason,Michigan,,2028,ROLB,,,,Sophomore,,,,,,
Lattimer,Steve,SC,UD,2028,ROLB,,,,Sophomore,,,,,,
Daniels,Cam,Ohio Dom,UD,2028,ROLB,,,,Sophomore,,,,,,
Sanchez,Devin,Ohio State,,2028,CB,,,,Sophomore,,,,,,
Lee,Dijon,Alabama,,2028,CB,,,,Sophomore,,,,,,
Karnley,Emmanuel,Miami,,2028,CB,,,,Sophomore,,,,,,
Offord,Na'eem,Oregon,,2028,CB,,,,Sophomore,,,,,,
Bowen,Eli,Oklahoma,,2028,CB,,,,Sophomore,,,,,,
Jones,Demello,Georgia,,2028,CB,,,,Sophomore,,,,,,
Mbakwe,Jaylen,Alabama,,2028,CB,,,,Sophomore,,,,,,
Gipson,Corian,Clemson,,2028,CB,,,,Sophomore,,,,,,
Pickett,D.J.,LSU,,2028,CB,,,,Sophomore,,,,,,
Lucas,Xavier,Miami,,2028,CB,,,,Sophomore,,,,,,
Mincey,Zavier,Alabama,,2028,CB,,,,Sophomore,,,,,,
Owens,Kelvin,TA&M,UD,2028,CB,,,,Sophomore,,,,,,
Earls,Shamari,Michigan,,2028,CB,,,,Sophomore,,,,,,
Phillips,Kade,Texas,,2028,CB,,,,Sophomore,,,,,,
Hill,Jyaire,Michigan,,2028,CB,,,,Sophomore,,,,,,
Beasley,Kaleb,Tennesee,,2028,CB,,,,Sophomore,,,,,,
Ricks,Dezz,TA&M,,2028,CB,,,,Sophomore,,,,,,
Jones,Steven,Murray St.,,2028,CB,,,,Sophomore,,,,,,
Evans,Ondre,Georgia,,2028,CB,,,,Sophomore,,,,,,
Robertson,Jayden,S. Utah,,2028,CB,,,,Sophomore,,,,,,
Toney,Jordan,E. Mich,,2028,CB,,,,Sophomore,,,,,,
Condoll,Kyren,Duke,,2028,CB,,,,Sophomore,,,,,,
McCartherens,Charles,Buffalo,,2028,CB,,,,Sophomore,,,,,,
Edmond,Jo'Ziah,Michigan,,2028,CB,,,,Sophomore,,,,,,
Corner,Nas,Akron,UD,2028,CB,,,,Sophomore,,,,,,
Austin,Daylen,Oregon,,2028,CB,,,,Sophomore,,,,,,
O'Connor,Jay,Auburn,,2028,CB,,,,Sophomore,,,,,,
Bryan,Za'Bryan,Minn,,2028,CB,,,,Sophomore,,,,,,
Djordjevic,Stefen,Cal POLY,UD,2028,CB,,,,Sophomore,,,,,,
Hurley,Jahlil,Kansas,,2028,CB,,,,Sophomore,,,,,,
Calhoun,Cameron,Alabama,,2028,CB,,,,Sophomore,,,,,,
Barnes,Tayden,Cincinnati,,2028,CB,,,,Sophomore,,,,,,
Moss,MarJayious,Memphis,,2028,CB,,,,Sophomore,,,,,,
Crawford,Maliki,USC,,2028,CB,,,,Sophomore,,,,,,
Collins,Isaiah,Texas Tech,,2028,CB,,,,Sophomore,,,,,,
Thornton Jr.,LeVar,Baylor,,2028,CB,,,,Sophomore,,,,,,
Jean,Christopher,C. Conn St.,,2028,CB,,,,Sophomore,,,,,,
Snowden,Amare,Toledo,,2028,CB,,,,Sophomore,,,,,,
WIlliams,Aaron,UCLA,,2028,CB,,,,Sophomore,,,,,,
McElroy,Jordan,Finlay,UD,2028,CB,,,,Sophomore,,,,,,
Jones,Kelly,Miss St.,,2028,CB,,,,Sophomore,,,,,,
Taylor,Ivan,Alabama,,2028,FS,,,,Sophomore,,,,,,
Ganter Jr.,Derek,E. Washington,,2028,FS,,,,Sophomore,,,,,,
Flowers,Aaron,Oregon,,2028,FS,,,,Sophomore,,,,,,
Filsaime,Xavier,Texas,,2028,FS,,,,Sophomore,,,,,,
Greco,Trajen,Missou,,2028,FS,,,,Sophomore,,,,,,
Jackson,Kylin,TCU,,2028,FS,,,,Sophomore,,,,,,
Hawkins,Cedrick,UCF,,2028,FS,,,,Sophomore,,,,,,
Walker,DJ,Ohio,,2028,FS,,,,Sophomore,,,,,,
Waters,Peyton,Washington,,2028,FS,,,,Sophomore,,,,,,
Poyser,Zechariah,Miami,,2028,FS,,,,Sophomore,,,,,,
Patterson,Jaiden,NC,,2028,FS,,,,Sophomore,,,,,,
Yharbrough,Mychal,Miami (OH),,2028,FS,,,,Sophomore,,,,,,
Payne Jr.,Lamont,Penn St.,,2028,FS,,,,Sophomore,,,,,,
Davis,Carter,BC,,2028,FS,,,,Sophomore,,,,,,
Chapa,Cam,N. Colorado,,2028,FS,,,,Sophomore,,,,,,
Myers,Zack,NCSt.,,2028,FS,,,,Sophomore,,,,,,
Billings,Rob,Clemson,,2028,FS,,,,Sophomore,,,,,,
Holmes,Vincent,Washington,,2028,FS,,,,Sophomore,,,,,,
Tongue,Rushaun,Wake,,2028,FS,,,,Sophomore,,,,,,
Griffin III,Leon,Duke,,2028,FS,,,,Sophomore,,,,,,
Davis,Taylor,Kansas,,2028,FS,,,,Sophomore,,,,,,
Williams,Jonah,Texas,,2028,SS,,,,Sophomore,,,,,,
Black,Kobe,Texas,,2028,SS,,,,Sophomore,,,,,,
Ziglar,Malcolm,NC,,2028,SS,,,,Sophomore,,,,,,
Jones,Ricardo,Clemson,,2028,SS,,,,Sophomore,,,,,,
Patterson,Zaquan,Miami,,2028,SS,,,,Sophomore,,,,,,
Heard,CJ,Vanderbilt,,2028,SS,,,,Sophomore,,,,,,
Spears,Dashawn,LSU,,2028,SS,,,,Sophomore,,,,,,
Byard,Tawfiq,Colorado,,2028,SS,,,,Sophomore,,,,,,
Wilson,J.J.,Kent,UD,2028,SS,,,,Sophomore,,,,,,
Pinkney,Bri'Rell,Bucks,UD,2028,SS,,,,Sophomore,,,,,,
Banner,Santana,Missou,,2028,SS,,,,Sophomore,,,,,,
Wilkinson,Sargie,Army,UD,2028,SS,,,,Sophomore,,,,,,
Minich,Ben,Notre Dame,,2028,SS,,,,Sophomore,,,,,,
Fagan,Daemon,NCSt.,,2028,SS,,,,Sophomore,,,,,,
Smith,Slyvester,Auburn,,2028,SS,,,,Sophomore,,,,,,
Bonsu,Jayden,Pitt,,2028,SS,,,,Sophomore,,,,,,
Rhett,Justyn,Nebraska,,2028,SS,,,,Sophomore,,,,,,
Nelson,DaKaari,Penn St.,,2028,SS,,,,Sophomore,,,,,,
Walters,Damon,NW,,2028,SS,,,,Sophomore,,,,,,
Perez,Miguel,Texas St.,UD,2028,SS,,,,Sophomore,,,,,,
Hammersmith,Spike,SMU,UD,2028,SS,,,,Sophomore,,,,,,
Gruff,Neigel,No College,UD,2028,K,,,,Sophomore,,,,,,
McGough,Towns,Auburn,,2028,K,,,,Sophomore,,,,,,
Burrell,Aaron,LSU,,2028,K,,,,Sophomore,,,,,,
Taylor,Brock,Vanderbilt,,2028,K,,,,Sophomore,,,,,,
Gramatica,Nico,USF,,2028,K,,,,Sophomore,,,,,,
Miller,Drew,Georgia,,2028,P,,,,Sophomore,,,,,,
White,Tyler,TA&M,,2028,P,,,,Sophomore,,,,,,
Brandon,Faizon,Tennesee,,2029,QB,,,,HS Senior,,,,,,
Lyons,Ryder,USC,,2029,QB,,,,HS Senior,,,,,,
Washington,Malik,Maryland,,2029,QB,,,,HS Senior,,,,,,
Henderson,Keisean,Houston,,2029,QB,,,,HS Senior,,,,,,
Knight,Deuce,Auburn,,2029,QB,,,,HS Senior,,,,,,
Curtis,Jared,Georgia,,2029,QB,,,,HS Senior,,,,,,
Noland,Air,SC,,2029,QB,,,,HS Senior,,,,,,
Zollers,Matt,Missou,,2029,QB,,,,HS Senior,,,,,,
Smith Jr.,Akili,Oregon,,2029,QB,,,,HS Senior,,,,,,
Lewis,Julian,Colorado,,2029,QB,,,,HS Senior,,,,,,
Hill,Antwann,Memphis,,2029,QB,,,,HS Senior,,,,,,
Longstreet,Husan,USC,,2029,QB,,,,HS Senior,,,,,,
Schakel,Jake,E. Wash,,2029,QB,,,,HS Senior,,,,,,
Grunkemeyer,Ethan,Penn St.,,2029,QB,,,,HS Senior,,,,,,
Brown,Elijah,Stanford,,2029,QB,,,,HS Senior,,,,,,
Slaughter,Jalen,Akron,,2029,QB,,,,HS Senior,,,,,,
Owens,DaOne,Slippery Rock,UD,2029,QB,,,,HS Senior,,,,,,
Cherry,Tyler,Indiana,,2029,QB,,,,HS Senior,,,,,,
Boley,Cutter,Kentucky,,2029,QB,,,,HS Senior,,,,,,
Hammond,Will,Texas Tech,,2029,QB,,,,HS Senior,,,,,,
O'Neill,Miles,TA&M,,2029,QB,,,,HS Senior,,,,,,
Surace,AJ,Rutgers,,2029,QB,,,,HS Senior,,,,,,
Knowles,Graham,G Tech,,2029,QB,,,,HS Senior,,,,,,
Rode,Keaton,Tiffin,UD,2029,QB,,,,HS Senior,,,,,,
Snyder,Poochie,Sacred Heart,UD,2029,QB,,,,HS Senior,,,,,,
Maddox,AJ,Ole Miss,,2029,QB,,,,HS Senior,,,,,,
Cooper,Derek,Miami,,2029,HB,,,,HS Senior,,,,,,
Dear,Akylin,Alabama,,2029,HB,,,,HS Senior,,,,,,
Ball,Tradarian,Oregon,,2029,HB,,,,HS Senior,,,,,,
Hiter,Savion,Georgia,,2029,HB,,,,HS Senior,,,,,,
Pringle Jr.,Girard,Miami,,2029,HB,,,,HS Senior,,,,,,
Mickens,Messiah,Penn St.,,2029,HB,,,,HS Senior,,,,,,
Jackson,Bo,Bucks,,2029,HB,,,,HS Senior,,,,,,
Bonner,Brian,UCLA,,2029,HB,,,,HS Senior,,,,,,
Cram,Titus,N. Iowa,,2029,HB,,,,HS Senior,,,,,,
Yates,Damarius,Miss St.,,2029,HB,,,,HS Senior,,,,,,
Eziomume,David,Clemson,,2029,HB,,,,HS Senior,,,,,,
Lindsay,JT,LSU,,2029,HB,,,,HS Senior,,,,,,
Brown Jr.,Jason,ASU,,2029,HB,,,,HS Senior,,,,,,
Hatton Jr.,Jonathan,TA&M,,2029,HB,,,,HS Senior,,,,,,
Thomas,Jordin,SDSt.,,2029,HB,,,,HS Senior,,,,,,
Swint,Taevion,UCF,,2029,HB,,,,HS Senior,,,,,,
Fuller,Matthew,SC,,2029,HB,,,,HS Senior,,,,,,
Howard,Iverson,Maryland,,2029,HB,,,,HS Senior,,,,,,
Gamble,Mookie,Kent St.,UD,2029,HB,,,,HS Senior,,,,,,
Dunbar,Trae'Von,WVU,,2029,HB,,,,HS Senior,,,,,,
Turner,Michael,Baylor,,2029,HB,,,,HS Senior,,,,,,
Marquise,Davis,Missou,,2029,HB,,,,HS Senior,,,,,,
Broderick,Griffin,ND St.,,2029,HB,,,,HS Senior,,,,,,
Brown,Payton,SE MSt.,,2029,HB,,,,HS Senior,,,,,,
Desinor,Deandre,NCSt.,,2029,HB,,,,HS Senior,,,,,,
Riden,Deondrae,TA&M,,2029,HB,,,,HS Senior,,,,,,
Hatcher,Shakeer,YSU,UD,2029,HB,,,,HS Senior,,,,,,
Stewart III,Harry,Kansas,,2029,HB,,,,HS Senior,,,,,,
Young,Kedren,Notre Dame,,2029,HB,,,,HS Senior,,,,,,
Lamp,Isaiah,Akron,UD,2029,HB,,,,HS Senior,,,,,,
Cardenas,Johaan,Vanderbilt,,2029,HB,,,,HS Senior,,,,,,
Thomas,Steph,Central,UD,2029,HB,,,,HS Senior,,,,,,
Palmer,Nate,TCU,,2029,HB,,,,HS Senior,,,,,,
Williams,Kamran,UNLV,,2029,HB,,,,HS Senior,,,,,,
Batton,Markeylin,Arkansas,,2029,HB,,,,HS Senior,,,,,,
Stutler,Noah,G. Tech,UD,2029,FB,,,,HS Senior,,,,,,
Kubay,Brandon,USF,,2029,FB,,,,HS Senior,,,,,,
Valcin,Luvens,Montana St.,,2029,FB,,,,HS Senior,,,,,,
Steinfeldt,Aidan,Marshall,,2029,FB,,,,HS Senior,,,,,,
Roskop,Keaton,ISU,,2029,FB,,,,HS Senior,,,,,,
Henry Jr.,Chris,Bucks,,2029,WR,,,,HS Senior,,,,,,
Lockett,Kaliq,Texas,,2029,WR,,,,HS Senior,,,,,,
Russell,Calvin,Miami,,2029,WR,,,,HS Senior,,,,,,
Keys,Tristen,LSU,,2029,WR,,,,HS Senior,,,,,,
Terry III,Michael,Texas,,2029,WR,,,,HS Senior,,,,,,
Morgan,Cederian,Auburn,,2029,WR,,,,HS Senior,,,,,,
Clark,Malik,SC,,2029,WR,,,,HS Senior,,,,,,
Wilson,Dallas,Florida,,2029,WR,,,,HS Senior,,,,,,
Feaster,Ethan,TA&M,,2029,WR,,,,HS Senior,,,,,,
Smith Jr.,Travis,Tennesee,,2029,WR,,,,HS Senior,,,,,,
Hall,JonAthony,Stanford,,2029,WR,,,,HS Senior,,,,,,
Carter,Dyzier,Rutgers,,2029,WR,,,,HS Senior,,,,,,
Hudson,Micah,TA&M,,2029,WR,,,,HS Senior,,,,,,
Stone,Leyton,Texas Tech,,2029,WR,,,,HS Senior,,,,,,
Clacks III,Patrick,Buffalo,,2029,WR,,,,HS Senior,,,,,,
Hogshooter,Blake,Houston,,2029,WR,,,,HS Senior,,,,,,
Spafford,Vance,Georgia,,2029,WR,,,,HS Senior,,,,,,
Overby,Dominic,ISU,,2029,WR,,,,HS Senior,,,,,,
Perry,Cooper,Oregon,,2029,WR,,,,HS Senior,,,,,,
McDonald,Xavier,Ole Miss,,2029,WR,,,,HS Senior,,,,,,
Barrett,Boski,Vanderbilt,,2029,WR,,,,HS Senior,,,,,,
Livingstone,Parker,Texas,,2029,WR,,,,HS Senior,,,,,,
Evans,Kylen,Texas St.,,2029,WR,,,,HS Senior,,,,,,
Johnson,Travis,Penn St.,,2029,WR,,,,HS Senior,,,,,,
Shipp,Jordan,NC,,2029,WR,,,,HS Senior,,,,,,
Olugbode,Donovan,Missou,,2029,WR,,,,HS Senior,,,,,,
McClellan,Da'mere,Missou,UD,2029,WR,,,,HS Senior,,,,,,
Miles,Cassidee,UNLV,,2029,WR,,,,HS Senior,,,,,,
Staley,Braylon,Tennesee,,2029,WR,,,,HS Senior,,,,,,
Quincy,Keith,Temple,UD,2029,WR,,,,HS Senior,,,,,,
Small,Ed,TCU,,2029,WR,,,,HS Senior,,,,,,
Peterkin,Shamarius,V Tech,,2029,WR,,,,HS Senior,,,,,,
Witten,Damarion,Bucks,,2029,WR,,,,HS Senior,,,,,,
Jordan,Xavier,USC,,2029,WR,,,,HS Senior,,,,,,
Nix,Jase,SJSt.,,2029,WR,,,,HS Senior,,,,,,
Ross,Emanuel,Syracuse,,2029,WR,,,,HS Senior,,,,,,
McCraney,Marquawn,Idaho,,2029,WR,,,,HS Senior,,,,,,
Rogers,Trevor,Cal,,2029,WR,,,,HS Senior,,,,,,
Nickens,Jaden,Kansas,,2029,WR,,,,HS Senior,,,,,,
Bilot,Kaylan,LSU,,2029,WR,,,,HS Senior,,,,,,
Richardson,Bredell,UCF,,2029,WR,,,,HS Senior,,,,,,
Moore,Elijah,FSU,,2029,WR,,,,HS Senior,,,,,,
Harrell,JJ,Miss St.,,2029,WR,,,,HS Senior,,,,,,
Bryant,La'Don,NIU,,2029,WR,,,,HS Senior,,,,,,
Harris,Xavier,JMU,UD,2029,WR,,,,HS Senior,,,,,,
Stewart,I'Marion,Michigan,,2029,WR,,,,HS Senior,,,,,,
Dubose,Freddie,Texas,,2029,WR,,,,HS Senior,,,,,,
Bernard,Legend,Georgetown,,2029,WR,,,,HS Senior,,,,,,
Shepard,Ferzell,Miss St.,,2029,WR,,,,HS Senior,,,,,,
Toles,Braylyn,Tiffin,UD,2029,WR,,,,HS Senior,,,,,,
Smith,Yannick,ECU,,2029,WR,,,,HS Senior,,,,,,
Kuznik,Brock,Akron,UD,2029,WR,,,,HS Senior,,,,,,
Harrison,Kendre,Oregon,,2029,TE,,,,HS Senior,,,,,,
Bowman,Mark,USC,,2029,TE,,,,HS Senior,,,,,,
Bentancur,Christian,Clemson,,2029,TE,,,,HS Senior,,,,,,
Olesh,Andrew,Penn State,,2029,TE,,,,HS Senior,,,,,,
Brame,Da'Saahn,Tenn,,2029,TE,,,,HS Senior,,,,,,
Reddell,Jaden,Georgia,,2029,TE,,,,HS Senior,,,,,,
Premer,Ian,K State,,2029,TE,,,,HS Senior,,,,,,
Onyla,Noah,Nicholls St.,,2029,TE,,,,HS Senior,,,,,,
Armstrong,Kiotti,TA&M,,2029,TE,,,,HS Senior,,,,,,
Jackson,Amir,Florida,,2029,TE,,,,HS Senior,,,,,,
Meyer,Thomas,Iowa,,2029,TE,,,,HS Senior,,,,,,
Smith,Michael,SC,,2029,TE,,,,HS Senior,,,,,,
Matthews,Walter,USC,,2029,TE,,,,HS Senior,,,,,,
Whitted,JaCorey,Miss St.,,2029,TE,,,,HS Senior,,,,,,
LeBlanc,Maxence,Bucks,,2029,TE,,,,HS Senior,,,,,,
Gilbert,Stec,Wisconsin,,2029,TE,,,,HS Senior,,,,,,
Washington,Jordan,Texas,,2029,TE,,,,HS Senior,,,,,,
Ford,Jackson,SDSt.,,2029,TE,,,,HS Senior,,,,,,
Grover,Gavin,Cincinnati,,2029,TE,,,,HS Senior,,,,,,
Flynt,Ian,Nebraska,,2029,TE,,,,HS Senior,,,,,,
Keener,Monte,Rutgers,,2029,TE,,,,HS Senior,,,,,,
Mitchell,Davon,Oklahoma,,2029,TE,,,,HS Senior,,,,,,
Balogh,Mike,Colgate,,2029,TE,,,,HS Senior,,,,,,
Schaller,Patrick,NW,,2029,TE,,,,HS Senior,,,,,,
Cantwell,Jackson,Missou,,2029,LT,,,,HS Senior,,,,,,
Ojo,Felix,Texas,,2029,LT,,,,HS Senior,,,,,,
Fasusi,Michael,Oklahoma,,2029,LT,,,,HS Senior,,,,,,
Haywood,Ty,Michigan,,2029,LT,,,,HS Senior,,,,,,
Pepe,Kennyi,Miami,,2029,LT,,,,HS Senior,,,,,,
Greene,Kodi,USC,,2029,LT,,,,HS Senior,,,,,,
Jacobs,Brayden,Clemson,,2029,LT,,,,HS Senior,,,,,,
Ponton,Jacob,Texas Tech,,2029,LT,,,,HS Senior,,,,,,
Roebuck,Ben,Michigan,,2029,LT,,,,HS Senior,,,,,,
Bourdon,Robert,TA&M,,2029,LT,,,,HS Senior,,,,,,
Hawkins,Gus,K State,,2029,LT,,,,HS Senior,,,,,,
Brown,Lamar,LSU,,2029,LG,,,,HS Senior,,,,,,
Utu,Douglas,Oregon,,2029,LG,,,,HS Senior,,,,,,
Gooden,Chauncey,Colorado,,2029,LG,,,,HS Senior,,,,,,
Goodman,Malachi,Penn St.,,2029,LG,,,,HS Senior,,,,,,
Pierre-Louis,Eddy,Florida,,2029,LG,,,,HS Senior,,,,,,
Mandell,Emerson,Wisconsin,,2029,LG,,,,HS Senior,,,,,,
Jones,Peter,Notre Dame,,2029,LG,,,,HS Senior,,,,,,
Hamilton,Luke,Michigan,,2029,LG,,,,HS Senior,,,,,,
Franks,Blake,SC,,2029,LG,,,,HS Senior,,,,,,
Thorpe-Taylor,Marquise,UCLA,,2029,LG,,,,HS Senior,,,,,,
Camacho,Samir,TCU,,2029,LG,,,,HS Senior,,,,,,
Norris,Tyler,Texas St.,,2029,LG,,,,HS Senior,,,,,,
Lott,Daveontye,Carrol,UD,2029,LG,,,,HS Senior,,,,,,
Portnjagin,Noel,Florida,,2029,LG,,,,HS Senior,,,,,,
Early,Braeden,Siena,UD,2029,LG,,,,HS Senior,,,,,,
Harbour,Donnie,Penn St.,,2029,LG,,,,HS Senior,,,,,,
Holcomb,Leeland,Regina,UD,2029,LG,,,,HS Senior,,,,,,
Sanders,William,Alabama,,2029,C,,,,HS Senior,,,,,,
Dean,Pierre,SC,,2029,C,,,,HS Senior,,,,,,
VanSickle,Gabe,Bucks,,2029,C,,,,HS Senior,,,,,,
Daniels,Jonathan,FSU,,2029,C,,,,HS Senior,,,,,,
Echols,Coen,LSU,,2029,C,,,,HS Senior,,,,,,
Alturner,Kyle,WVU,,2029,C,,,,HS Senior,,,,,,
Pyle,Gibson,Nebraska,,2029,C,,,,HS Senior,,,,,,
Brooks,Devin,Oregon,,2029,C,,,,HS Senior,,,,,,
Martin,Robby,NCSt.,,2029,C,,,,HS Senior,,,,,,
Schunke,Navarro,K State,,2029,C,,,,HS Senior,,,,,,
Luniewski,Charlton,MSU,,2029,C,,,,HS Senior,,,,,,
Raymon,Josh,Vanderbilt,,2029,C,,,,HS Senior,,,,,,
Boehly,Zack,ECU,,2029,C,,,,HS Senior,,,,,,
Jenkins,Braylon,Wyoming,,2029,C,,,,HS Senior,,,,,,
Ahfua,Isendre,TA&M,,2029,RG,,,,HS Senior,,,,,,
Alofaituli,Seuseu,Miami,,2029,RG,,,,HS Senior,,,,,,
Weston,Davis,LSU,,2029,RG,,,,HS Senior,,,,,,
Gilchrist,Jaylen,Maryland,,2029,RG,,,,HS Senior,,,,,,
Frazier,Blake,Michigan,,2029,RG,,,,HS Senior,,,,,,
Roy,Nathan,Minnesota,,2029,RG,,,,HS Senior,,,,,,
Taumua,Preston,Nebraska,,2029,RG,,,,HS Senior,,,,,,
Ball,Jaden,Purdue,,2029,RG,,,,HS Senior,,,,,,
Joiner,Derek,Houston,,2029,RG,,,,HS Senior,,,,,,
Oliver,John Wayne,Ole Miss,,2029,RG,,,,HS Senior,,,,,,
Ginther,Gage,Tennesee,,2029,RG,,,,HS Senior,,,,,,
Brown,Ziron,Stanford,,2029,RG,,,,HS Senior,,,,,,
Selm,Aba,Kentucky,,2029,RG,,,,HS Senior,,,,,,
Kibble,Nate,Texas,,2029,RG,,,,HS Senior,,,,,,
Large,King,SMU,,2029,RG,,,,HS Senior,,,,,,
Leibfried,Austin,Indiana,,2029,RG,,,,HS Senior,,,,,,
Holcomb,Byron,Regina,UD,2029,RG,,,,HS Senior,,,,,,
Knape,Tyler,Cal,,2029,RG,,,,HS Senior,,,,,,
Iheanacho,Immanuel,Maryland,,2029,RT,,,,HS Senior,,,,,,
Daniels,Nyier,Georgia,,2029,RT,,,,HS Senior,,,,,,
Clayton,Zach,M. Tenn St.,,2029,RT,,,,HS Senior,,,,,,
Pringle,Kam,SC,,2029,RT,,,,HS Senior,,,,,,
Lowe,Carter,Bucks,,2029,RT,,,,HS Senior,,,,,,
Westphal,Fletcher,Florida,,2029,RT,,,,HS Senior,,,,,,
Davis,Ellis,Tech Tech,,2029,RT,,,,HS Senior,,,,,,
Stascausky,Zac,Oregon,,2029,RT,,,,HS Senior,,,,,,
Arop,Jacob,S. Dakota,,2029,RT,,,,HS Senior,,,,,,
Rogers,Lamont,TA&M,,2029,RT,,,,HS Senior,,,,,,
Logan,Jonah,Murray,,2029,RT,,,,HS Senior,,,,,,
Nolan,Will,Iowa,,2029,RT,,,,HS Senior,,,,,,
Calloway,Ethan,LSU,,2029,RT,,,,HS Senior,,,,,,
Lewis Jr.,Jimothy,Miss St.,,2029,RT,,,,HS Senior,,,,,,
Armstrong,Deontae,Bucks,,2029,RT,,,,HS Senior,,,,,,
Harvey,Wesley,TCU,,2029,RT,,,,HS Senior,,,,,,
Sexton,Garrett,Penn St.,,2029,RT,,,,HS Senior,,,,,,
Meadows,Carter,Penn St.,,2029,LE,,,,HS Senior,,,,,,
Ikinnagbon,Darren,Georgia,,2029,LE,,,,HS Senior,,,,,,
Collins,Charlie,Arkansas,,2029,LE,,,,HS Senior,,,,,,
Carlton,Jamarion,Texas,,2029,LE,,,,HS Senior,,,,,,
Colman-Brusa,Derek,Washington,,2029,LE,,,,HS Senior,,,,,,
Harrold,LaJesse,FSU,,2029,LE,,,,HS Senior,,,,,,
Utley,Ethan,Tennesee,,2029,LE,,,,HS Senior,,,,,,
Smith II,Jerod,Kentucky,,2029,LE,,,,HS Senior,,,,,,
Beavers,Kamron,Ole Miss,,2029,LE,,,,HS Senior,,,,,,
Kirks,Dominic,Bucks,,2029,LE,,,,HS Senior,,,,,,
Fish,Shepard,Idaho,,2029,LE,,,,HS Senior,,,,,,
Evans,Dealyn,TA&M,,2029,LE,,,,HS Senior,,,,,,
Greene,Justin,Georgia,,2029,LE,,,,HS Senior,,,,,,
Lindstrom,Kellen,Tennesee,,2029,LE,,,,HS Senior,,,,,,
Nyandoro,Nathan,Syracuse,,2029,LE,,,,HS Senior,,,,,,
Williams,Mylachi,Penn St.,,2029,LE,,,,HS Senior,,,,,,
John,Demetrius,Illinois,,2029,LE,,,,HS Senior,,,,,,
Boulware,Simeon,Vanderbilt,,2029,LE,,,,HS Senior,,,,,,
Murphy,Ashton,Nebraska,,2029,LE,,,,HS Senior,,,,,,
Terry,Justus,Texas,,2029,DT,,,,HS Senior,,,,,,
Sone,Valdin,Florida,,2029,DT,,,,HS Senior,,,,,,
Cumberland,Tony,Oregon,,2029,DT,,,,HS Senior,,,,,,
Charles,Myron,Texas,,2029,DT,,,,HS Senior,,,,,,
Anderson,Richard,LSU,,2029,DT,,,,HS Senior,,,,,,
Wynn,Kevin,FSU,,2029,DT,,,,HS Senior,,,,,,
Rankins,Earnest,Georgia,,2029,DT,,,,HS Senior,,,,,,
Dowell,Jason,Missou,,2029,DT,,,,HS Senior,,,,,,
Gray,Tionne,Oregon,,2029,DT,,,,HS Senior,,,,,,
Edwards,Kalen,Kentucky,,2029,DT,,,,HS Senior,,,,,,
Crawford,Jourdin,Auburn,,2029,DT,,,,HS Senior,,,,,,
Thomas,Jordan,Georgia,,2029,DT,,,,HS Senior,,,,,,
Tuerk,Eddie,Illinois,,2029,DT,,,,HS Senior,,,,,,
Garrett,Christian,G Tech,,2029,DT,,,,HS Senior,,,,,,
RInk,Landon,TA&M,,2029,DT,,,,HS Senior,,,,,,
Jones,Artavius,Miami,,2029,DT,,,,HS Senior,,,,,,
Brown-Shuler,Hevin,Clemson,,2029,DT,,,,HS Senior,,,,,,
Andrews,Liam,Penn St.,,2029,DT,,,,HS Senior,,,,,,
January,Alex,Texas,,2029,DT,,,,HS Senior,,,,,,
Terry,Tyson,Nebraska,,2029,DT,,,,HS Senior,,,,,,
Roy,Jaihien,Kent State,,2029,DT,,,,HS Senior,,,,,,
Nicolas,Dimitry,Maryland,,2029,DT,,,,HS Senior,,,,,,
Sevillano Jr.,Sean,Notre Dame,,2029,DT,,,,HS Senior,,,,,,
Bioreau,Michai,Florida,,2029,DT,,,,HS Senior,,,,,,
Puefua,Alvin,Hawaii,,2029,DT,,,,HS Senior,,,,,,
Hibbler Jr.,Terrence,Miss St.,,2029,DT,,,,HS Senior,,,,,,
Robinson,Tyreeke,UCF,,2029,DT,,,,HS Senior,,,,,,
White,D'Nas,FSU,,2029,DT,,,,HS Senior,,,,,,
Elee,Zion,Maryland,,2029,RE,,,,HS Senior,,,,,,
Wesley,Richard,USC,,2029,RE,,,,HS Senior,,,,,,
Beaman,Jeremiah,Alabama,,2029,RE,,,,HS Senior,,,,,,
Shanklin,Damein,LSU,,2029,RE,,,,HS Senior,,,,,,
Hammond,Ted,Michigan,,2029,RE,,,,HS Senior,,,,,,
Morgan,Kamauryn,Baylor,,2029,RE,,,,HS Senior,,,,,,
Golden,Elijah,Alabama,,2029,RE,,,,HS Senior,,,,,,
McCoy,JaReylan,LSU,,2029,RE,,,,HS Senior,,,,,,
Robinson,Brian,Kentucky,,2029,RE,,,,HS Senior,,,,,,
Sitanilei,Epi,Bucks,,2029,RE,,,,HS Senior,,,,,,
Watford,Ari,Clemson,,2029,RE,,,,HS Senior,,,,,,
Williams,Jaylen,Michigan,,2029,RE,,,,HS Senior,,,,,,
Jones,Marco,TA&M,,2029,RE,,,,HS Senior,,,,,,
Rupley,Tommy,Duke,,2029,RE,,,,HS Senior,,,,,,
Williams,Caleb,SC,,2029,RE,,,,HS Senior,,,,,,
Abram,Triston,Indiana,,2029,RE,,,,HS Senior,,,,,,
Rush,Jeffery,Ole Miss,,2029,RE,,,,HS Senior,,,,,,
Brown,Jaylen,Missou,,2029,RE,,,,HS Senior,,,,,,
Porter,Andre,UNLV,,2029,RE,,,,HS Senior,,,,,,
Whittington,Jahsear,Pitt,,2029,RE,,,,HS Senior,,,,,,
Griffin,Xavier,USC,,2029,LOLB,,,,HS Senior,,,,,,
Hayes,Adarius,Miami,,2029,LOLB,,,,HS Senior,,,,,,
Rouse,Brayden,Tennesee,,2029,LOLB,,,,HS Senior,,,,,,
Linton,Chase,Georgia,,2029,LOLB,,,,HS Senior,,,,,,
Gompers,Bradley,Duke,,2029,LOLB,,,,HS Senior,,,,,,
Leak,Mason,BC,,2029,LOLB,,,,HS Senior,,,,,,
Fisher,William,Malone,UD,2029,LOLB,,,,HS Senior,,,,,,
Cook,Denim,Pitt,,2029,LOLB,,,,HS Senior,,,,,,
Stephenson,Dylan,Stanford,,2029,LOLB,,,,HS Senior,,,,,,
Mason,Posa,Wisconsin,,2029,LOLB,,,,HS Senior,,,,,,
Crothers,Zach,Pitt,,2029,LOLB,,,,HS Senior,,,,,,
Woodfolk,Chad,TCU,,2029,LOLB,,,,HS Senior,,,,,,
Smith,Cameron,Penn St.,,2029,LOLB,,,,HS Senior,,,,,,
Christian,Thatcher,Utah,,2029,LOLB,,,,HS Senior,,,,,,
Pritchard,Ethan,FSU,,2029,LOLB,,,,HS Senior,,,,,,
Britt,Marquies,W. Mich,UD,2029,LOLB,,,,HS Senior,,,,,,
Goodwin,Beau,ISU,,2029,LOLB,,,,HS Senior,,,,,,
Huggins,JuJu,Army,UD,2029,LOLB,,,,HS Senior,,,,,,
Atkinson,Tyler,Georgia,,2029,MLB,,,,HS Senior,,,,,,
Busch,Karsten,Louisville,,2029,MLB,,,,HS Senior,,,,,,
Gautcher,Burke,Iowa,,2029,MLB,,,,HS Senior,,,,,,
Ili,Talanoa,Oregon,,2029,MLB,,,,HS Senior,,,,,,
Davis Jr.,Thomas,Notre Dame,,2029,MLB,,,,HS Senior,,,,,,
Kintz,Jack,Miami (OH),UD,2029,MLB,,,,HS Senior,,,,,,
Barnes,Elijah,Texas,,2029,MLB,,,,HS Senior,,,,,,
Mikhail,Noah,TA&M,,2029,MLB,,,,HS Senior,,,,,,
Burns,Jordan,Tennesee,,2029,MLB,,,,HS Senior,,,,,,
Huff,Brian,Missou,,2029,MLB,,,,HS Senior,,,,,,
Nix,Gavin,Oregon,,2029,MLB,,,,HS Senior,,,,,,
Burnett,Gage,Cal Poly SLO,,2029,MLB,,,,HS Senior,,,,,,
Benson,Bailey,Wake,,2029,MLB,,,,HS Senior,,,,,,
Pettijohn,Riley,Bucks,,2029,MLB,,,,HS Senior,,,,,,
Startz,Parker,Ohio,,2029,MLB,,,,HS Senior,,,,,,
Richardson,Maxwell,Stanford,,2029,MLB,,,,HS Senior,,,,,,
Laster,Melvin,UNLV,,2029,MLB,,,,HS Senior,,,,,,
Carrier,Mason,Minnesota,,2029,MLB,,,,HS Senior,,,,,,
Schilke,Sawyer,K State,,2029,MLB,,,,HS Senior,,,,,,
Ugochukwu,Richmond,Houston,,2029,MLB,,,,HS Senior,,,,,,
Lockhart,Tyler,Miss St.,,2029,MLB,,,,HS Senior,,,,,,
Clatterbaugh,Brett,V Tech,,2029,MLB,,,,HS Senior,,,,,,
Cooney,Carson,Iowa,,2029,MLB,,,,HS Senior,,,,,,
Patterson,Isaiah,UCLA,,2029,MLB,,,,HS Senior,,,,,,
Moses,Keylan,LSU,,2029,MLB,,,,HS Senior,,,,,,
Malone,Di'Mari,MSU,,2029,MLB,,,,HS Senior,,,,,,
Edwards,Marshan,Dayton,UD,2029,MLB,,,,HS Senior,,,,,,
Kreul,Jake,Bucks,,2029,ROLB,,,,HS Senior,,,,,,
Faulk,Jakaleb,Auburn,,2029,ROLB,,,,HS Senior,,,,,,
Dunham,Rodney,SC,,2029,ROLB,,,,HS Senior,,,,,,
Newby,Elijah,USC,,2029,ROLB,,,,HS Senior,,,,,,
Carter,Noah,Alabama,,2029,ROLB,,,,HS Senior,,,,,,
Rainey-Sale,Zaydrius,Washington,,2029,ROLB,,,,HS Senior,,,,,,
Wyatt,Nasir,Oregon,,2029,ROLB,,,,HS Senior,,,,,,
Orogbo,Smith,Texas,,2029,ROLB,,,,HS Senior,,,,,,
May,CJ,Louisville,,2029,ROLB,,,,HS Senior,,,,,,
McNeal,K'Vuone,BGSU,UD,2029,ROLB,,,,HS Senior,,,,,,
Schlimgen,Sullivan,S. Dakota,,2029,ROLB,,,,HS Senior,,,,,,
Jones,Cayden,Alabama,,2029,ROLB,,,,HS Senior,,,,,,
Owusu-Boateng,Nathaniel,Michigan,,2029,ROLB,,,,HS Senior,,,,,,
Sacca,Anthony,Notre Dame,,2029,ROLB,,,,HS Senior,,,,,,
Holt,Ryder,Idaho St.,,2029,ROLB,,,,HS Senior,,,,,,
Kruah,Anthony,Georgia,,2029,ROLB,,,,HS Senior,,,,,,
Amos,Corey,Ole Miss,,2029,ROLB,,,,HS Senior,,,,,,
Keys,Davhon,LSU,,2029,ROLB,,,,HS Senior,,,,,,
Hamilton,Zavier,USF,,2029,ROLB,,,,HS Senior,,,,,,
Scott,Dom,Mount Union,UD,2029,ROLB,,,,HS Senior,,,,,,
Simmon,Wyatt,Arkansas,,2029,ROLB,,,,HS Senior,,,,,,
Sermons,RJ,USC,,2029,CB,,,,HS Senior,,,,,,
Edmonds,Jorden,Alabama,,2029,CB,,,,HS Senior,,,,,,
Singleton,Victor,Illinois,,2029,CB,,,,HS Senior,,,,,,
Adams,Khary,Maryland,,2029,CB,,,,HS Senior,,,,,,
Bronaugh,CJ,Nebraska,,2029,CB,,,,HS Senior,,,,,,
Scott Jr.,Aaron,Bucks,,2029,CB,,,,HS Senior,,,,,,
Vincent,Jamarion,Baylor,,2029,CB,,,,HS Senior,,,,,,
Finney,Brandon,Oregon,,2029,CB,,,,HS Senior,,,,,,
Hanks Jr.,Ben,Florida,,2029,CB,,,,HS Senior,,,,,,
Currie,Adonyss,TA&M,,2029,CB,,,,HS Senior,,,,,,
Kennon,Chauncey,Florida,,2029,CB,,,,HS Senior,,,,,,
Fitzpatrick,Justice,Miami,,2029,CB,,,,HS Senior,,,,,,
King,Noah,K State,,2029,CB,,,,HS Senior,,,,,,
West,Bryce,Bucks,,2029,CB,,,,HS Senior,,,,,,
Zackery IV,Mark,Notre Dame,,2029,CB,,,,HS Senior,,,,,,
Andrews,Rayshon,Syracuse,,2029,CB,,,,HS Senior,,,,,,
Dunnigan,JJ,Kansas,,2029,CB,,,,HS Senior,,,,,,
White,Ty,NC,,2029,CB,,,,HS Senior,,,,,,
Fields,Dakota,Oregon,,2029,CB,,,,HS Senior,,,,,,
Dunn,Maison,Ole Miss,,2029,CB,,,,HS Senior,,,,,,
Penson,Dalen,G Tech,,2029,CB,,,,HS Senior,,,,,,
Gentry,Zay,SMU,,2029,CB,,,,HS Senior,,,,,,
Banks,TJ,Ole Miss,,2029,CB,,,,HS Senior,,,,,,
O'Neal,Tyriq,Toledo,UD,2029,CB,,,,HS Senior,,,,,,
Dixson,Daryus,Penn St.,,2029,CB,,,,HS Senior,,,,,,
Thomas,Dreyln,Finlay,UD,2029,CB,,,,HS Senior,,,,,,
Nichols,Terhyon,Kentucky,,2029,CB,,,,HS Senior,,,,,,
Pringle,Daylan,BGSU,,2029,CB,,,,HS Senior,,,,,,
Mack,Wardell,Texas,,2029,CB,,,,HS Senior,,,,,,
Fesgin,Tavoy,Clemson,,2029,CB,,,,HS Senior,,,,,,
Toth,Jordan,Toledo,UD,2029,CB,,,,HS Senior,,,,,,
Burton,Kamren,Akron,UD,2029,CB,,,,HS Senior,,,,,,
Mitchell,Jon,Penn St.,,2029,CB,,,,HS Senior,,,,,,
Howard,Jaylen,UCF,,2029,CB,,,,HS Senior,,,,,,
Woods,Justus,Cal Poly SLO,,2029,CB,,,,HS Senior,,,,,,
Lewis,Jayden,Tulane,,2029,CB,,,,HS Senior,,,,,,
Beaty,Kyler,Baylor,,2029,CB,,,,HS Senior,,,,,,
Lee,Braydon,Maryland,,2029,CB,,,,HS Senior,,,,,,
Agard,Omillo,Wisconsin,,2029,CB,,,,HS Senior,,,,,,
Allen,Jaden,Arkansas,,2029,CB,,,,HS Senior,,,,,,
Johnson II,Chris,ASU,,2029,CB,,,,HS Senior,,,,,,
Coleman Jr.,Toney,Miami (OH),,2029,CB,,,,HS Senior,,,,,,
Lowe,Jackson,M. Tenn St.,,2029,CB,,,,HS Senior,,,,,,
Harris,Tae,Georgia Tech,,2029,FS,,,,HS Senior,,,,,,
Womack,Bralan,Bucks,,2029,FS,,,,HS Senior,,,,,,
Winston,Kainoa,Michigan,,2029,FS,,,,HS Senior,,,,,,
Pride,Jordan,TA&M,,2029,FS,,,,HS Senior,,,,,,
Reddick,Kendarius,USC,,2029,FS,,,,HS Senior,,,,,,
Morgan,Peyton,Texas Tech,,2029,FS,,,,HS Senior,,,,,,
Stubbs,Hylton,Florida,,2029,FS,,,,HS Senior,,,,,,
Fegans,Anquon,Auburn,,2029,FS,,,,HS Senior,,,,,,
Baldwin,Byron,Indiana,,2029,FS,,,,HS Senior,,,,,,
Alefaio,Benjamin,ASU,,2029,FS,,,,HS Senior,,,,,,
Carter Jr.,Martels,Kentucky,,2029,FS,,,,HS Senior,,,,,,
Johnson,Tae,Notre Dame,,2029,FS,,,,HS Senior,,,,,,
Ford,Lachristopher,Heidelberg,UD,2029,FS,,,,HS Senior,,,,,,
Rogers,Joel,LSU,,2029,FS,,,,HS Senior,,,,,,
Brown,Tre,SE Louisania,,2029,FS,,,,HS Senior,,,,,,
Thomas,Cortez,Ole Miss,,2029,FS,,,,HS Senior,,,,,,
Peacock,Colin,Baylor,,2029,FS,,,,HS Senior,,,,,,
Johnson,Jay'Shaun,Grambling,,2029,FS,,,,HS Senior,,,,,,
Currence,J'Zavien,SC,,2029,SS,,,,HS Senior,,,,,,
Bradford,Blaine,LSU,,2029,SS,,,,HS Senior,,,,,,
McNutt,Trey,Oregon,,2029,SS,,,,HS Senior,,,,,,
Ridley,Trey,SDSt.,,2029,SS,,,,HS Senior,,,,,,
Delane,Faheem,Bucks,,2029,SS,,,,HS Senior,,,,,,
Powers II,Reggie,Oklahoma,,2029,SS,,,,HS Senior,,,,,,
Johnson,Rashad,TA&M,,2029,SS,,,,HS Senior,,,,,,
Winters,Eric,Auburn,,2029,SS,,,,HS Senior,,,,,,
Liar,Joshua,Baylor,,2029,SS,,,,HS Senior,,,,,,
Lopa,Kingston,Oregon,,2029,SS,,,,HS Senior,,,,,,
MacPherson,Drew,Iowa,,2029,SS,,,,HS Senior,,,,,,
Hudson,Jadyn,UCLA,,2029,SS,,,,HS Senior,,,,,,
Jones,Jamarcus,Dayton,UD,2029,SS,,,,HS Senior,,,,,,
Samuels Jr.,Demtres,Syracuse,,2029,SS,,,,HS Senior,,,,,,
Woodson,Cole,Pitt,,2029,SS,,,,HS Senior,,,,,,
Lawrence,Carson,Vanderbilt,,2029,SS,,,,HS Senior,,,,,,
Jones,Ma'khi,Duke,,2029,SS,,,,HS Senior,,,,,,
VerMaas,Caden,Nebraska,,2029,SS,,,,HS Senior,,,,,,
Davis,Jellani,Utah,,2029,SS,,,,HS Senior,,,,,,
Bostic,Jay'Quan,Toledo,,2029,SS,,,,HS Senior,,,,,,
Murray,Abram,Miami,,2029,K,,,,HS Senior,,,,,,
Coleman,Trey,Utah,,2029,K,,,,HS Senior,,,,,,
Stoyanovich,Alexander,Colorado,,2029,K,,,,HS Senior,,,,,,
Love,Mason,SC,,2029,P,,,,HS Senior,,,,,,
Dean,Max,NM St.,,2029,P,,,,HS Senior,,,,,,
Koch,Kamdyn,Nebraska,,2029,P,,,,HS Senior,,,,,,
Engstler,Bobby,Cal,,2029,P,,,,HS Senior,,,,,,
Haven,Elijah,LSU,,2030,QB,,,,HS Junior,,,,,,
Smigiel,Brady,FSU,,2030,QB,,,,HS Junior,,,,,,
Rivers,Gunner,NCSt.,,2030,QB,,,,HS Junior,,,,,,
Rios,Oscar,Arizona,,2030,QB,,,,HS Junior,,,,,,
Griffin,Will,Florida,,2030,QB,,,,HS Junior,,,,,,
Schobel,Adam,TCU,,2030,QB,,,,HS Junior,,,,,,
Bell,Dia,Texas,,2030,QB,,,,HS Junior,,,,,,
Baker,Bryce,NC,,2030,QB,,,,HS Junior,,,,,,
Kollock,Jackson,Minnesota,,2030,QB,,,,HS Junior,,,,,,
Cheery,Briggs,Louisville,,2030,QB,,,,HS Junior,,,,,,
Jett,Dayls,Walsh,UD,2030,QB,,,,HS Junior,,,,,,
Chester,Devon,Dayton,UD,2030,QB,,,,HS Junior,,,,,,
Smith,Carter,Wisconsin,,2030,QB,,,,HS Junior,,,,,,
Fette,Jake,ASU,,2030,QB,,,,HS Junior,,,,,,
Herrera,Cash,Iowa,,2030,QB,,,,HS Junior,,,,,,
Kwiarkowski,Chase,Ili St.,,2030,QB,,,,HS Junior,,,,,,
Crable,Tayte,USF,UD,2030,QB,,,,HS Junior,,,,,,
Grubbs,Noah,Notre Dame,,2030,QB,,,,HS Junior,,,,,,
Moore,J'Meaire,Finlay,UD,2030,QB,,,,HS Junior,,,,,,
Hasselbeck,Henry,UCLA,,2030,QB,,,,HS Junior,,,,,,
Spell,Kemon,Penn St.,,2030,HB,,,,HS Junior,,,,,,
Edwards,KJ,Texas,,2030,HB,,,,HS Junior,,,,,,
Walton,Janaz,Georgia,,2030,HB,,,,HS Junior,,,,,,
Roberts,Tranard,Florida,,2030,HB,,,,HS Junior,,,,,,
Crowell,Ezavier,Alabama,,2030,HB,,,,HS Junior,,,,,,
Gabriel-Georges,David,Tennesee,,2030,HB,,,,HS Junior,,,,,,
McGill,Jaylan,Rutgers,,2030,HB,,,,HS Junior,,,,,,
Groves,Isaiah,Austin Peay,,2030,HB,,,,HS Junior,,,,,,
Sanoe,Ansu,Washington,,2030,HB,,,,HS Junior,,,,,,
Sheffey,D'antae,Syracuse,,2030,HB,,,,HS Junior,,,,,,
Rogers,Anthony,Bucks,,2030,HB,,,,HS Junior,,,,,,
Hodges,TJ,Missou,,2030,HB,,,,HS Junior,,,,,,
Walker,DeZephen,Kansas,,2030,HB,,,,HS Junior,,,,,,
Brown,Amir,NC,,2030,HB,,,,HS Junior,,,,,,
McCool,Maximus,Indi St.,,2030,HB,,,,HS Junior,,,,,,
Ford,Xavier,Minnesota,,2030,HB,,,,HS Junior,,,,,,
Osborne,Javian,Michigan,,2030,HB,,,,HS Junior,,,,,,
James Jr.,Nolan,Notre Dame,,2030,HB,,,,HS Junior,,,,,,
Alston,Shahan,USC,,2030,HB,,,,HS Junior,,,,,,
Green,Dramekco,SMU,,2030,HB,,,,HS Junior,,,,,,
Culver,Xion,MSU,UD,2030,HB,,,,HS Junior,,,,,,
Tory,Blaylock,Oklahoma,,2030,HB,,,,HS Junior,,,,,,
Powell,JP,G Tech,,2030,HB,,,,HS Junior,,,,,,
Henderson,Marquise,Clemson,,2030,HB,,,,HS Junior,,,,,,
Knighten,Caden,Baylor,,2030,HB,,,,HS Junior,,,,,,
Morris,Sean,Arizona,,2030,HB,,,,HS Junior,,,,,,
Bell,LaMarcus,OSU,,2030,HB,,,,HS Junior,,,,,,
McCoy,Elijah,UTEP,,2030,HB,,,,HS Junior,,,,,,
Mason,Keveun,Delaware,,2030,HB,,,,HS Junior,,,,,,
Larry,Ravian,Utah St.,,2030,HB,,,,HS Junior,,,,,,
Coombs,Bud,Maryland,,2030,HB,,,,HS Junior,,,,,,
Johnson,Zion,Cincinnati,,2030,HB,,,,HS Junior,,,,,,
Bray,Daniel,Utah,,2030,HB,,,,HS Junior,,,,,,
Simeon,Shawn,Toledo,,2030,HB,,,,HS Junior,,,,,,
Douglas,Preston,SCSt.,,2030,FB,,,,HS Junior,,,,,,
King,Shane,Marshall,,2030,FB,,,,HS Junior,,,,,,
Landau,Cash,Wash St.,,2030,FB,,,,HS Junior,,,,,,
Preckel,Robby,NW,,2030,FB,,,,HS Junior,,,,,,
Brooks,Issac,Weber,UD,2030,FB,,,,HS Junior,,,,,,
Thurman,Jacory,Houston,,2030,FB,,,,HS Junior,,,,,,
Owens,Eli,Michigan,,2030,FB,,,,HS Junior,,,,,,
Brown,Jamier,Bucks,,2030,WR,,,,HS Junior,,,,,,
Wyatt,Joel,Tennesee,,2030,WR,,,,HS Junior,,,,,,
Gregory,Aaron,TA&M,,2030,WR,,,,HS Junior,,,,,,
Brady,Jabari,Miami,,2030,WR,,,,HS Junior,,,,,,
Warren,Damani,USC,,2030,WR,,,,HS Junior,,,,,,
Salmin,Conner,Notre Dame,,2030,WR,,,,HS Junior,,,,,,
Wiley,CJ,Georgia,,2030,WR,,,,HS Junior,,,,,,
Taylor,Talyn,Georgia,,2030,WR,,,,HS Junior,,,,,,
Lott,Jalen,Texas,,2030,WR,,,,HS Junior,,,,,,
Chapman,Keeyun,SC,,2030,WR,,,,HS Junior,,,,,,
Stevens,Romel,Ark St.,,2030,WR,,,,HS Junior,,,,,,
Yancey,Trenton,Oklahoma,,2030,WR,,,,HS Junior,,,,,,
Burroughs,Naeem,Florida,,2030,WR,,,,HS Junior,,,,,,
Ffrench,Jaime,Texas,,2030,WR,,,,HS Junior,,,,,,
Tyson,Dontay,Arizona,,2030,WR,,,,HS Junior,,,,,,
Mack,Jabari,LSU,,2030,WR,,,,HS Junior,,,,,,
Burress,Elijah,Notre Dame,,2030,WR,,,,HS Junior,,,,,,
Marsh,Andrew,Michigan,,2030,WR,,,,HS Junior,,,,,,
Dixon-Wyatt,Kayden,Bucks,,2030,WR,,,,HS Junior,,,,,,
Sales,Monshun,Indiana,,2030,WR,,,,HS Junior,,,,,,
Crable,Jayvian,Ohio,UD,2030,WR,,,,HS Junior,,,,,,
Boyd,Brock,TCU,,2030,WR,,,,HS Junior,,,,,,
Bolder,Jarel,NCSt.,,2030,WR,,,,HS Junior,,,,,,
Washington,Zachary,Wisconsin,,2030,WR,,,,HS Junior,,,,,,
Jackson,Amarion,K St.,,2030,WR,,,,HS Junior,,,,,,
Whitver,Ben,Penn St.,,2030,WR,,,,HS Junior,,,,,,
Britt,DeeJay,Bucks,UD,2030,WR,,,,HS Junior,,,,,,
Watkins Jr.,Winston,Ole Miss,,2030,WR,,,,HS Junior,,,,,,
Roldan,Landon,Georgia,,2030,WR,,,,HS Junior,,,,,,
Miller,Dejerrian,Kentucky,,2030,WR,,,,HS Junior,,,,,,
Foley,Jack,Wake,,2030,WR,,,,HS Junior,,,,,,
Johnson,Xavier,Memphis,,2030,WR,,,,HS Junior,,,,,,
Brown,Jace,Arkansas,,2030,WR,,,,HS Junior,,,,,,
Jackson Jr.,Giorgio,Kent,,2030,WR,,,,HS Junior,,,,,,
Jenkins Jr.,Carl,UCF,,2030,WR,,,,HS Junior,,,,,,
Williams,Qumonte,Boise St.,,2030,WR,,,,HS Junior,,,,,,
Williams,Isaiah,Cal,,2030,WR,,,,HS Junior,,,,,,
Brown,Kohen,Nebraska,,2030,WR,,,,HS Junior,,,,,,
Flowers,Kamren,Toledo,,2030,WR,,,,HS Junior,,,,,,
Hassmann,Harry,ASU,,2030,WR,,,,HS Junior,,,,,,
Mallory,Teriq,FSU,,2030,WR,,,,HS Junior,,,,,,
Smith,Trey,E. Mich,UD,2030,WR,,,,HS Junior,,,,,,
Perez,Jaden,OSU,,2030,WR,,,,HS Junior,,,,,,
DeVaughn,Jusin,Maryland,,2030,WR,,,,HS Junior,,,,,,
Packer,Gavin,Boise St.,,2030,WR,,,,HS Junior,,,,,,
Sutter,Mack,Alabama,,2030,TE,,,,HS Junior,,,,,,
Hudson,Ahmad,LSU,,2030,TE,,,,HS Junior,,,,,,
Tiller,Xavier,TA&M,,2030,TE,,,,HS Junior,,,,,,
Buchanan,JJ,Utah,,2030,TE,,,,HS Junior,,,,,,
Niemi,Holden,Michigan,,2030,TE,,,,HS Junior,,,,,,
Terwilliger,Cooper,Nebraska,,2030,TE,,,,HS Junior,,,,,,
Howse,Jamel,SC,,2030,TE,,,,HS Junior,,,,,,
Anderson,JC,Notre Dame,,2030,TE,,,,HS Junior,,,,,,
Shinn,Lonnie,SE Louis,,2030,TE,,,,HS Junior,,,,,,
Harrison,Preztynn,Texas Tech,,2030,TE,,,,HS Junior,,,,,,
Loftin,Chase,FSU,,2030,TE,,,,HS Junior,,,,,,
Ploog,Vander,Oregon,,2030,TE,,,,HS Junior,,,,,,
Hall,Damon,Maryland,,2030,TE,,,,HS Junior,,,,,,
Prothro,Kaiden,Georgia,,2030,TE,,,,HS Junior,,,,,,
Briggs,Israel,Miami,,2030,TE,,,,HS Junior,,,,,,
Jensen,Camden,Florida,,2030,TE,,,,HS Junior,,,,,,
Peterson,Mason,TCU,,2030,TE,,,,HS Junior,,,,,,
Rupe,Ty,UTSA,,2030,TE,,,,HS Junior,,,,,,
Flories,Noah,UCLA,,2030,TE,,,,HS Junior,,,,,,
Houser,Grant,Louisville,,2030,TE,,,,HS Junior,,,,,,
Alvarez,Jacob,SDSt.,,2030,TE,,,,HS Junior,,,,,,
Vyborny,Jordan,OSU,,2030,TE,,,,HS Junior,,,,,,
Giullano,Zach,Syracuse,,2030,TE,,,,HS Junior,,,,,,
Davis,Nizyi,Wisconsin,,2030,TE,,,,HS Junior,,,,,,
DeSouza,Zayne,Colorado,,2030,TE,,,,HS Junior,,,,,,
Osenda,Gabriel,Tennesee,,2030,LT,,,,HS Junior,,,,,,
Moss,Caden,Ole Miss,,2030,LT,,,,HS Junior,,,,,,
Adams,Kelsey,SC,,2030,LT,,,,HS Junior,,,,,,
Sam-Epelle,Joshua,Georgia,,2030,LT,,,,HS Junior,,,,,,
Guthrie,Adam,Bucks,,2030,LT,,,,HS Junior,,,,,,
Odoms,Dramodd,SMU,,2030,LT,,,,HS Junior,,,,,,
Dunn,Aaron,USC,,2030,LT,,,,HS Junior,,,,,,
Marks,Juju,Nebraska,,2030,LT,,,,HS Junior,,,,,,
Linder,Owen,Iowa,,2030,LT,,,,HS Junior,,,,,,
Jones,Johnnie,Florida,,2030,LT,,,,HS Junior,,,,,,
Swanson,Brian,Oklahoma,,2030,LT,,,,HS Junior,,,,,,
Blank,Garrison,UCLA,,2030,LT,,,,HS Junior,,,,,,
Vete,Siosiua,BYU,,2030,LT,,,,HS Junior,,,,,,
Koul,Koul,ISU,,2030,LT,,,,HS Junior,,,,,,
Turk,Shep,Pitt,,2030,LT,,,,HS Junior,,,,,,
Breland,A'Marion,UTSA,,2030,LT,,,,HS Junior,,,,,,
Harvey,Skylar,Syracuse,,2030,LT,,,,HS Junior,,,,,,
Jenkins,Trevon,Miss St.,,2030,LT,,,,HS Junior,,,,,,
Shipp,Daniel,Minnesota,,2030,LT,,,,HS Junior,,,,,,
Mills,John,Washington,,2030,LT,,,,HS Junior,,,,,,
Davenport,Nolan,Wisconsin,,2030,LT,,,,HS Junior,,,,,,
Whitset,Ta'Khyian,NCSt.,,2030,LT,,,,HS Junior,,,,,,
Augustine,Matty,Notre Dame,,2030,LT,,,,HS Junior,,,,,,
Van Hoy,Witten,TCU,,2030,LT,,,,HS Junior,,,,,,
Hiller,Maxwell,Penn St.,,2030,LG,,,,HS Junior,,,,,,
Curne,Carius,LSU,,2030,LG,,,,HS Junior,,,,,,
Herron,Cameron,Notre Dame,,2030,LG,,,,HS Junior,,,,,,
Aloisio,Ian,BYU,,2030,LG,,,,HS Junior,,,,,,
Fenuku,Henry,Missou,,2030,LG,,,,HS Junior,,,,,,
Williams,Josh,Stanford,,2030,LG,,,,HS Junior,,,,,,
Offutt,Jaishaun,Wake,,2030,LG,,,,HS Junior,,,,,,
Moore,Nic,Tennesee,,2030,LG,,,,HS Junior,,,,,,
Krempin,Zaden,SMU,,2030,LG,,,,HS Junior,,,,,,
Hassenhueti,Justin,Cal,,2030,LG,,,,HS Junior,,,,,,
Nelson,Byron,NC,,2030,LG,,,,HS Junior,,,,,,
Thomas,Tyler,TA&M,,2030,LG,,,,HS Junior,,,,,,
Gillen,Elias,Texas Tech,,2030,LG,,,,HS Junior,,,,,,
Handy,Mark,Minnesota,,2030,LG,,,,HS Junior,,,,,,
Nichols,Drew,MSU,,2030,LG,,,,HS Junior,,,,,,
Young,Carmello,Tulane,UD,2030,LG,,,,HS Junior,,,,,,
Vigna,Chris,Rutgers,,2030,C,,,,HS Junior,,,,,,
Conroy,Will,Oklahoma,,2030,C,,,,HS Junior,,,,,,
Parliament,Hudson,Iowa,,2030,C,,,,HS Junior,,,,,,
Owens,Jamarius,Toledo,UD,2030,C,,,,HS Junior,,,,,,
Flores,Jake,Washington,,2030,C,,,,HS Junior,,,,,,
Wise,Grant,FSU,,2030,C,,,,HS Junior,,,,,,
Zahursky,Maysn,BGSU,,2030,C,,,,HS Junior,,,,,,
Taylor,Jaxon,Fordham,,2030,C,,,,HS Junior,,,,,,
Collins,Khalil,USF,,2030,C,,,,HS Junior,,,,,,
Thompson,Eythan,SMU,,2030,C,,,,HS Junior,,,,,,
Buster,Tai,Auburn,,2030,C,,,,HS Junior,,,,,,
Glover,Dontrell,Georgia,,2030,C,,,,HS Junior,,,,,,
Wynn,N'Kye,Rutgers,,2030,C,,,,HS Junior,,,,,,
Bindel,Trevor,Wash St.,,2030,C,,,,HS Junior,,,,,,
Ogboko,Ekene,Georgia,,2030,RG,,,,HS Junior,,,,,,
Sowells Jr.,Isaac,NCSt.,,2030,RG,,,,HS Junior,,,,,,
Delaney,Leo,SC,,2030,RG,,,,HS Junior,,,,,,
Harper,Devin,Ole Miss,,2030,RG,,,,HS Junior,,,,,,
Joseph,Peyton,G Tech,,2030,RG,,,,HS Junior,,,,,,
Robinson,Maxwell,Oklahoma,,2030,RG,,,,HS Junior,,,,,,
Powell,Logan,Wisconsin,,2030,RG,,,,HS Junior,,,,,,
Scruggs,Carter,Penn St.,,2030,RG,,,,HS Junior,,,,,,
Smith,Micah,Bucks,,2030,RG,,,,HS Junior,,,,,,
Tofi,Tommy,USC,,2030,RG,,,,HS Junior,,,,,,
Canty,Khalief,Michigan,,2030,RG,,,,HS Junior,,,,,,
Thomas,Trai,JMU,UD,2030,RG,,,,HS Junior,,,,,,
Gach,Avery,Michigan,,2030,RG,,,,HS Junior,,,,,,
Springer,Mark,Akron,UD,2030,RG,,,,HS Junior,,,,,,
Prudhomme,Lionel,Arkansas,,2030,RG,,,,HS Junior,,,,,,
Stewart,Kahlil,Syracuse,,2030,RG,,,,HS Junior,,,,,,
Anthony,Grady,Louisville,,2030,RG,,,,HS Junior,,,,,,
Barr,Thomas,Buffalo,,2030,RG,,,,HS Junior,,,,,,
Stewart,Maki,ASU,,2030,RG,,,,HS Junior,,,,,,
Brown,Jamin,Duke,,2030,RG,,,,HS Junior,,,,,,
Gaston,Juan,Georgia,,2030,RT,,,,HS Junior,,,,,,
Tatum,Sean,Florida,,2030,RT,,,,HS Junior,,,,,,
Young,Elijah,W. Carolina,UD,2030,RT,,,,HS Junior,,,,,,
Martinez,Brysten,LSU,,2030,RT,,,,HS Junior,,,,,,
Buchanan,Eidan,WVU,,2030,RT,,,,HS Junior,,,,,,
Wirkus,Vaughn,Montana St.,,2030,RT,,,,HS Junior,,,,,,
Addison,Ziyare,Oregon,,2030,RT,,,,HS Junior,,,,,,
Covington,Zion,Cincinnati,UD,2030,RT,,,,HS Junior,,,,,,
Brousseau,Sam,Utah St.,,2030,RT,,,,HS Junior,,,,,,
Wakefield,Brennan,YSU,UD,2030,RT,,,,HS Junior,,,,,,
Boston,Kenneth,Ole Miss,,2030,RT,,,,HS Junior,,,,,,
Greene,Raphael,Toledo,,2030,RT,,,,HS Junior,,,,,,
Paich,Samuel,Cincinnati,,2030,RT,,,,HS Junior,,,,,,
Gibbs,Antonio,S. Alabama,,2030,RT,,,,HS Junior,,,,,,
Gardenhire,Jay,Colorado,,2030,RT,,,,HS Junior,,,,,,
Williams,Lamar,Maryland,,2030,RT,,,,HS Junior,,,,,,
Waldrep,Mal,Alabama,,2030,RT,,,,HS Junior,,,,,,
Elijah,Jayden,Rutgers,,2030,RT,,,,HS Junior,,,,,,
Shinofield,Soren,Utah,,2030,RT,,,,HS Junior,,,,,,
Clemons,Josiah,Memphis,,2030,RT,,,,HS Junior,,,,,,
Parker,Matthew,Baylor,,2030,RT,,,,HS Junior,,,,,,
Kitchen,Recarder,Michigan,,2030,LE,,,,HS Junior,,,,,,
Green,KJ,SC,,2030,LE,,,,HS Junior,,,,,,
Henderson,Trenton,Auburn,,2030,LE,,,,HS Junior,,,,,,
Jacobs,DJ,Georgia,,2030,LE,,,,HS Junior,,,,,,
Rodgers,Jarius,Syracuse,,2030,LE,,,,HS Junior,,,,,,
Mathis,Zahir,Maryland,,2030,LE,,,,HS Junior,,,,,,
Merritt,Landon,Colorado,,2030,LE,,,,HS Junior,,,,,,
Moala,Samu,TA&M,,2030,LE,,,,HS Junior,,,,,,
Buck,Carter,TCU,,2030,LE,,,,HS Junior,,,,,,
Yarbrough,Colton,Arkansas,,2030,LE,,,,HS Junior,,,,,,
Addison,Chris,Miss St.,,2030,LE,,,,HS Junior,,,,,,
Eleazer,Keysaun,NC,,2030,LE,,,,HS Junior,,,,,,
Johnson,Mikhal,ASU,,2030,LE,,,,HS Junior,,,,,,
Early,James,Cincinnati,,2030,LE,,,,HS Junior,,,,,,
Hinkle,Collin,Ohio,UD,2030,LE,,,,HS Junior,,,,,,
Stanyer,Brad,K St.,,2030,LE,,,,HS Junior,,,,,,
Stutler,Bryson,FAU,UD,2030,LE,,,,HS Junior,,,,,,
Cleveland,Vonday,Alabama,,2030,DT,,,,HS Junior,,,,,,
Mulitalo,Bott,Oregon,,2030,DT,,,,HS Junior,,,,,,
Tola,George,ASU,,2030,DT,,,,HS Junior,,,,,,
Haywood,Khyren,Texas,,2030,DT,,,,HS Junior,,,,,,
Burgess Jr.,Christopher,Notre Dame,,2030,DT,,,,HS Junior,,,,,,
Matthews,Mark,Miami,,2030,DT,,,,HS Junior,,,,,,
Wooten,Waylon,Auburn,,2030,DT,,,,HS Junior,,,,,,
Katoanga,Simote,USC,,2030,DT,,,,HS Junior,,,,,,
Beale,Danny,Missou,,2030,DT,,,,HS Junior,,,,,,
Sharma,Josiah,Texas,,2030,DT,,,,HS Junior,,,,,,
Melvin,Aubrey,UConn,,2030,DT,,,,HS Junior,,,,,,
Thomas,Theo,N. Iowa,,2030,DT,,,,HS Junior,,,,,,
Ruffin,Trashawn,TA&M,,2030,DT,,,,HS Junior,,,,,,
Carey,Preston,Penn St.,,2030,DT,,,,HS Junior,,,,,,
Jackson,Niam,YSU,,2030,DT,,,,HS Junior,,,,,,
Tasi,Jaymar,Idaho,,2030,DT,,,,HS Junior,,,,,,
Robinson V,Archie,M. Tenn. St.,,2030,DT,,,,HS Junior,,,,,,
Calhoun,Keishaun,Indiana,,2030,DT,,,,HS Junior,,,,,,
Knight,Dennis,Tiffin,UD,2030,DT,,,,HS Junior,,,,,,
Mathis,Walter,LSU,,2030,DT,,,,HS Junior,,,,,,
Gurman,Miron,Rutgers,,2030,DT,,,,HS Junior,,,,,,
White,Isaiah,Illinois,,2030,DT,,,,HS Junior,,,,,,
Ingram,Christian,SC,,2030,DT,,,,HS Junior,,,,,,
Morgan,Daeshon,ASU,,2030,DT,,,,HS Junior,,,,,,
Abercombie,Bailey,Louisville,,2030,DT,,,,HS Junior,,,,,,
Madison,JaQuentin,Memphis,,2030,DT,,,,HS Junior,,,,,,
Blackwell,Jackson,Baylor,,2030,DT,,,,HS Junior,,,,,,
Simpson,Donta,Miami,,2030,DT,,,,HS Junior,,,,,,
Shearer,Zay,YSU,UD,2030,DT,,,,HS Junior,,,,,,
Kanka,Bobby,Michigan,,2030,DT,,,,HS Junior,,,,,,
Harris,Aiden,Bucks,,2030,RE,,,,HS Junior,,,,,,
Hopkins,Daeden,Missou,,2030,RE,,,,HS Junior,,,,,,
Shumaker,Ben'Jarvius,Miss St.,,2030,RE,,,,HS Junior,,,,,,
Jones,Krew,Oklahoma,,2030,RE,,,,HS Junior,,,,,,
Jones,Anthony,Auburn,,2030,RE,,,,HS Junior,,,,,,
Wilkes,Jaquez,Auburn,,2030,RE,,,,HS Junior,,,,,,
McElroy,Jaylen,Ohio,UD,2030,RE,,,,HS Junior,,,,,,
Hines,Andrew,E. Ken,,2030,RE,,,,HS Junior,,,,,,
Jones,Braeden,USC,,2030,RE,,,,HS Junior,,,,,,
Sellers,Trent,Arkansas,,2030,RE,,,,HS Junior,,,,,,
Knapp,Logan,OSU,,2030,RE,,,,HS Junior,,,,,,
Edwards,Canaan,Rutgers,,2030,RE,,,,HS Junior,,,,,,
Desir,Darryll,FSU,,2030,RE,,,,HS Junior,,,,,,
Johnson,Ronelle,K St.,,2030,RE,,,,HS Junior,,,,,,
Wood,Ethan,ND St.,,2030,RE,,,,HS Junior,,,,,,
Anderson,Julian,Pitt,,2030,RE,,,,HS Junior,,,,,,
Brooks,Landon,Purdue,,2030,RE,,,,HS Junior,,,,,,
Taylor,Scott,UCLA,,2030,RE,,,,HS Junior,,,,,,
Williams,Brooks,USF,,2030,RE,,,,HS Junior,,,,,,
Desir,Mandrell,FSU,,2030,RE,,,,HS Junior,,,,,,
Hayes,Logan,SC,UD,2030,RE,,,,HS Junior,,,,,,
Byas,Quincy,E. Mich,,2030,RE,,,,HS Junior,,,,,,
Cunningham,T.K.,G Tech,,2030,LOLB,,,,HS Junior,,,,,,
Davis,Bryce,Duke,,2030,LOLB,,,,HS Junior,,,,,,
Braker,Jaiden,LSU,,2030,LOLB,,,,HS Junior,,,,,,
Wallace,Tavion,Arkansas,,2030,LOLB,,,,HS Junior,,,,,,
Higgans,Antwoine,Michigan,,2030,LOLB,,,,HS Junior,,,,,,
Ford Jr.,Kevin,TA&M,,2030,LOLB,,,,HS Junior,,,,,,
Jones,Anthony,UCLA,,2030,LOLB,,,,HS Junior,,,,,,
Simmons,Isaiah,Duke,,2030,LOLB,,,,HS Junior,,,,,,
Young,Carl'veon,OSU,,2030,LOLB,,,,HS Junior,,,,,,
Higgins,Hunter,Kansas,,2030,LOLB,,,,HS Junior,,,,,,
Thompson,Jerez,Navy,UD,2030,LOLB,,,,HS Junior,,,,,,
Bland,Landon,Nebraska,,2030,LOLB,,,,HS Junior,,,,,,
Carter,Calvin,Texas Tech,,2030,LOLB,,,,HS Junior,,,,,,
Jackson,Ty,Florida,,2030,LOLB,,,,HS Junior,,,,,,
Weeks,Zach,LSU,,2030,LOLB,,,,HS Junior,,,,,,
Pyatt,Jaxon,Ole Miss,,2030,LOLB,,,,HS Junior,,,,,,
Lugolobi,Wassie,Washington,,2030,LOLB,,,,HS Junior,,,,,,
Newton,Mykah,Miami,,2030,LOLB,,,,HS Junior,,,,,,
McNeal,Adrez,BGSU,UD,2030,LOLB,,,,HS Junior,,,,,,
Epss,Taven,Washington,,2030,MLB,,,,HS Junior,,,,,,
Feister,Brayton,Bucks,,2030,MLB,,,,HS Junior,,,,,,
Taumoepeau,Nusi,Utah,,2030,MLB,,,,HS Junior,,,,,,
Tagoa'i,Matai,USC,,2030,MLB,,,,HS Junior,,,,,,
Garrett,JaMichael,Auburn,,2030,MLB,,,,HS Junior,,,,,,
Crawford,Cole,Georgia,,2030,MLB,,,,HS Junior,,,,,,
Williams,Izayia,Florida,,2030,MLB,,,,HS Junior,,,,,,
Irving,Jakel,Alcorn,,2030,MLB,,,,HS Junior,,,,,,
Wiley,Kellen,Miami,,2030,MLB,,,,HS Junior,,,,,,
Perlotte,Jadon,Tennesee,,2030,MLB,,,,HS Junior,,,,,,
Okpala,Kosi,Texas,,2030,MLB,,,,HS Junior,,,,,,
Abrams,Nick,Maryland,,2030,MLB,,,,HS Junior,,,,,,
Knigga,Noah,E. Mich,,2030,MLB,,,,HS Junior,,,,,,
Forkpa,Duyon,FSU,,2030,MLB,,,,HS Junior,,,,,,
Golston II,Kendric,Michigan,,2030,MLB,,,,HS Junior,,,,,,
Alford,Tarvos,Bucks,,2030,MLB,,,,HS Junior,,,,,,
Kaba,Talibi,Rutgers,,2030,MLB,,,,HS Junior,,,,,,
Kimcoily,CJ,LSU,,2030,MLB,,,,HS Junior,,,,,,
McComber,Landon,Stanford,,2030,MLB,,,,HS Junior,,,,,,
Stendel,Ethan,Minnesota,,2030,MLB,,,,HS Junior,,,,,,
Kia,Ko'o,Notre Dame,,2030,MLB,,,,HS Junior,,,,,,
Whitaker Jr.,Darien,K St.,,2030,MLB,,,,HS Junior,,,,,,
Harper,Davonte,W. Mich.,UD,2030,MLB,,,,HS Junior,,,,,,
Spence,Trent,Baylor,,2030,MLB,,,,HS Junior,,,,,,
Terrero,Rafael,Kent,,2030,MLB,,,,HS Junior,,,,,,
Guyton,LaDamion,Georgia,,2030,ROLB,,,,HS Junior,,,,,,
Givens,Tristian,FSU,,2030,ROLB,,,,HS Junior,,,,,,
Johnson,Cincere,Bucks,,2030,ROLB,,,,HS Junior,,,,,,
Manson,Julian,Iowa,,2030,ROLB,,,,HS Junior,,,,,,
Hill,Justin,Alabama,,2030,ROLB,,,,HS Junior,,,,,,
Brooks,Cam,Florida,,2030,ROLB,,,,HS Junior,,,,,,
Gass,Christian,Tennesee,,2030,ROLB,,,,HS Junior,,,,,,
Polu,Cyrus,Utah,,2030,ROLB,,,,HS Junior,,,,,,
Clapper,Kobe,Notre Dame,,2030,ROLB,,,,HS Junior,,,,,,
White,TJ,Ole Miss,,2030,ROLB,,,,HS Junior,,,,,,
Lehman,Reston,Pitt,,2030,ROLB,,,,HS Junior,,,,,,
Seigler,Logan,SC,UD,2030,ROLB,,,,HS Junior,,,,,,
Stewart,Jaylen,Baylor,,2030,ROLB,,,,HS Junior,,,,,,
Ramazani,Axel,Wyoming,,2030,ROLB,,,,HS Junior,,,,,,
Nash,Malachi,Cincinnati,UD,2030,ROLB,,,,HS Junior,,,,,,
Johnson,Brennan,VTech,,2030,ROLB,,,,HS Junior,,,,,,
Bauer,Jake,NC,,2030,ROLB,,,,HS Junior,,,,,,
Williams,Duvay,USC,,2030,CB,,,,HS Junior,,,,,,
Stepp,Hayden,Miami,,2030,CB,,,,HS Junior,,,,,,
Hill,Elbert,Bucks,,2030,CB,,,,HS Junior,,,,,,
Brown,Manny,Buffalo,,2030,CB,,,,HS Junior,,,,,,
Clardy,Jakai,Cen. Wash.,,2030,CB,,,,HS Junior,,,,,,
Poole,Jeremy,Miami,,2030,CB,,,,HS Junior,,,,,,
Gibson,Zayn,Alabama,,2030,CB,,,,HS Junior,,,,,,
Singleton,Braylon,N. Arizona,,2030,CB,,,,HS Junior,,,,,,
Smith,Chaston,Notre Dame,,2030,CB,,,,HS Junior,,,,,,
Davis,Chauncey,G Tech,,2030,CB,,,,HS Junior,,,,,,
Akande,Shamar,Toledo,,2030,CB,,,,HS Junior,,,,,,
Matthews,Samari,Clemson,,2030,CB,,,,HS Junior,,,,,,
Molden,Josiah,Oregon,,2030,CB,,,,HS Junior,,,,,,
Lockhart,Brandon,USC,,2030,CB,,,,HS Junior,,,,,,
Solis-Lumar,Christopher,Cal Poly SLO,,2030,CB,,,,HS Junior,,,,,,
McDonald,Dolph,Auburn,,2030,CB,,,,HS Junior,,,,,,
Young,Jae'on,Cal,,2030,CB,,,,HS Junior,,,,,,
Johnson,Jayden,Michigan,,2030,CB,,,,HS Junior,,,,,,
Webb,Ayden,OSU,,2030,CB,,,,HS Junior,,,,,,
Jefferson,Jaden,NC,,2030,CB,,,,HS Junior,,,,,,
Barksdale,Da'Ron,Pitt,,2030,CB,,,,HS Junior,,,,,,
McBride,Gionni,Missouri St.,,2030,CB,,,,HS Junior,,,,,,
Jones II,Robert,Illinois,,2030,CB,,,,HS Junior,,,,,,
Strong,Cam,NCSt.,,2030,CB,,,,HS Junior,,,,,,
Igbinoghene,Michael,Tulane,,2030,CB,,,,HS Junior,,,,,,
Purcell,Andrew,Kentucky,,2030,CB,,,,HS Junior,,,,,,
Adams,Ramonz,Washington,,2030,CB,,,,HS Junior,,,,,,
Garland,Chris,Stanford,,2030,CB,,,,HS Junior,,,,,,
Crowder,Jayden,Cal,,2030,CB,,,,HS Junior,,,,,,
Donnell,Trey,W. Mich.,,2030,CB,,,,HS Junior,,,,,,
Fox,Kareem,Cal,,2030,CB,,,,HS Junior,,,,,,
Young,Shavar,Clemson,,2030,CB,,,,HS Junior,,,,,,
Williams,Marquis,Ark St.,,2030,CB,,,,HS Junior,,,,,,
Coldon,Charleston,BC,,2030,CB,,,,HS Junior,,,,,,
Bass,Charles,Missou,,2030,CB,,,,HS Junior,,,,,,
Redmon,Tyler,Tennesee,,2030,CB,,,,HS Junior,,,,,,
Pierce,Jamir,Army,UD,2030,CB,,,,HS Junior,,,,,,
Regimbal,Gabe,Akron,UD,2030,CB,,,,HS Junior,,,,,,
Finn,EJ,Dayton,UD,2030,CB,,,,HS Junior,,,,,,
Lane,Lance,Miss St.,,2030,CB,,,,HS Junior,,,,,,
Brown,Lanauz,Heidelburg,UD,2030,CB,,,,HS Junior,,,,,,
Jackson,Martel,K St.,,2030,CB,,,,HS Junior,,,,,,
Jackson,Zah,WVU,,2030,CB,,,,HS Junior,,,,,,
Coleman,Chase,UCLA,,2030,CB,,,,HS Junior,,,,,,
Pittman II,Tory,Nebraska,,2030,FS,,,,HS Junior,,,,,,
Hall,Aiden,LSU,,2030,FS,,,,HS Junior,,,,,,
Seigler,Matt,Penn St.,,2030,FS,,,,HS Junior,,,,,,
Edwards,Jireh,Maryland,,2030,FS,,,,HS Junior,,,,,,
Cole,Adryan,Georgia,,2030,FS,,,,HS Junior,,,,,,
Dillard-Allen,Rylon,Washington,,2030,FS,,,,HS Junior,,,,,,
Roberts,Charles,Arizona,,2030,FS,,,,HS Junior,,,,,,
Gamble,Sean,Army,UD,2030,FS,,,,HS Junior,,,,,,
DeLoatch,Jahmari,V Tech,,2030,FS,,,,HS Junior,,,,,,
Clark,Andre,Tennesee,,2030,FS,,,,HS Junior,,,,,,
Hester,Clifton,Florida,,2030,FS,,,,HS Junior,,,,,,
Kenan,Jakarrion,Clemson,,2030,FS,,,,HS Junior,,,,,,
Moss,Remington,Wisconsin,,2030,FS,,,,HS Junior,,,,,,
Cook,Tyler,Walsh,UD,2030,FS,,,,HS Junior,,,,,,
Alanis,Josiah,Bosie St.,,2030,FS,,,,HS Junior,,,,,,
Wetzel,John,Marshall,,2030,FS,,,,HS Junior,,,,,,
Jackson,Marquese,Akron,UD,2030,FS,,,,HS Junior,,,,,,
Branch Jr.,Antonio,Colorado,,2030,FS,,,,HS Junior,,,,,,
Edwards,Terrance,MSU,,2030,FS,,,,HS Junior,,,,,,
Washington,Jett,Bucks,,2030,SS,,,,HS Junior,,,,,,
Witten,Cooper,Oklahoma,,2030,SS,,,,HS Junior,,,,,,
Hall,Kaiden,Florida,,2030,SS,,,,HS Junior,,,,,,
Sanders,Omarri,Michigan,,2030,SS,,,,HS Junior,,,,,,
Wilson,Tylan,Alabama,,2030,SS,,,,HS Junior,,,,,,
Ruffin,Zach,S. Miss,,2030,SS,,,,HS Junior,,,,,,
Dotson,Elijah,Michigan,,2030,SS,,,,HS Junior,,,,,,
Robinson,Omarion,Oklahoma,,2030,SS,,,,HS Junior,,,,,,
Ball,Darryl,FSU,,2030,SS,,,,HS Junior,,,,,,
Dunnigan Jr.,James,Kansas,,2030,SS,,,,HS Junior,,,,,,
Gebhart,Kaden,Penn St.,,2030,SS,,,,HS Junior,,,,,,
Wortham,Braylen,Sam Houston,,2030,SS,,,,HS Junior,,,,,,
Onu,Bo,Baylor,,2030,SS,,,,HS Junior,,,,,,
Costner,Corey,Virgina,,2030,SS,,,,HS Junior,,,,,,
Kennedy,Locke,M. Tenn. St.,,2030,SS,,,,HS Junior,,,,,,
Bridges-Brooks,Axavier,UConn,,2030,SS,,,,HS Junior,,,,,,
Mankowski,Thomas,Yale,UD,2030,K,,,,HS Junior,,,,,,
LeClair,Carter,Florida,,2030,K,,,,HS Junior,,,,,,
Stevens,Elliott,Wash St.,,2030,K,,,,HS Junior,,,,,,
McCoy,Owen,Cal,,2030,K,,,,HS Junior,,,,,,
Collins,Gary,Tenn St.,,2030,K,,,,HS Junior,,,,,,
Lilley,Brett,USC,,2030,K,,,,HS Junior,,,,,,
Gladstone,Owen,SDSt.,,2030,K,,,,HS Junior,,,,,,
Iglesias,Eddie,FAU,,2030,P,,,,HS Junior,,,,,,
Gaffney,Seth,LSU,,2030,P,,,,HS Junior,,,,,,
Kelley,Brian,Wyoming,,2030,P,,,,HS Junior,,,,,,
Winter,Phillip,Oklahoma,,2030,P,,,,HS Junior,,,,,,
McCollum,Trevor,RI,,2030,P,,,,HS Junior,,,,,,
Rose,Jason,M. Tenn. St.,,2030,P,,,,HS Junior,,,,,,
Abrams II,Nick,Maryland,,2031,ROLB,,,,HS Sophomore,,,,,,
Addison,Chris,Tulane,,2031,LE,,,,HS Sophomore,,,,,,
Ainsworth,Hayden,Ole Miss,,2031,C,,,,HS Sophomore,,,,,,
Akih,Favour,ISU,,2031,HB,,,,HS Sophomore,,,,,,
Almada,Marcus,Syracuse,,2031,DT,,,,HS Sophomore,,,,,,
Alston,Ace,Kentucky,,2031,CB,,,,HS Sophomore,,,,,,
Amachree,Kory,Indiana,,2031,HB,,,,HS Sophomore,,,,,,
Anderson,Brandon,Tennesee,,2031,RG,,,,HS Sophomore,,,,,,
Angeley,Henry,TCU,,2031,RT,,,,HS Sophomore,,,,,,
Ards,Frederick,Florida,,2031,RE,,,,HS Sophomore,,,,,,
Army,LaMarcus,Michigan,,2031,CB,,,,HS Sophomore,,,,,,
Aumua,Kekua,Florida,,2031,TE,,,,HS Sophomore,,,,,,
Babineaux,Chantz,UL Laf.,,2031,WR,,,,HS Sophomore,,,,,,
Baker,Broncs,Utah,,2031,MLB,,,,HS Sophomore,,,,,,
Baker,Ja'Myron,USC,,2031,WR,,,,HS Sophomore,,,,,,
Bandauer,Mason,ISU,,2031,RT,,,,HS Sophomore,,,,,,
Barnes,Landon,SMU,,2031,LE,,,,HS Sophomore,,,,,,
Barney,Dorian,TA&M,,2031,CB,,,,HS Sophomore,,,,,,
Basker,Myles,UCLA,,2031,FS,,,,HS Sophomore,,,,,,
Bathhurst,Dante,Duke,,2031,LOLB,,,,HS Sophomore,,,,,,
Battle,Jae'Lin,OkSU,,2031,DT,,,,HS Sophomore,,,,,,
Baxter,Anthony,SC,,2031,LG,,,,HS Sophomore,,,,,,
Bedrod,Braylen,Ole Miss,,2031,CB,,,,HS Sophomore,,,,,,
Belyeu,Zachary,Georgia,,2031,HB,,,,HS Sophomore,,,,,,
Berymon,Dylan,LSU,,2031,DT,,,,HS Sophomore,,,,,,
Best,Noah,Oklahoma,,2031,RG,,,,HS Sophomore,,,,,,
Betton,Blake,Minnesota,,2031,SS,,,,HS Sophomore,,,,,,
Biehl,Dylan,Virgina,,2031,LG,,,,HS Sophomore,,,,,,
Blade,McHale,Notre Dame,,2031,RE,,,,HS Sophomore,,,,,,
Blair,Kamari,Tennesee,,2031,LT,,,,HS Sophomore,,,,,,
Blake,Jordan,W. Kent,,2031,C,,,,HS Sophomore,,,,,,
Blaylock,Dylan,Miami,,2031,K,,,,HS Sophomore,,,,,,
Blum,Landon,Iowa,,2031,WR,,,,HS Sophomore,,,,,,
Boulware,Ben,SC,,2031,DT,,,,HS Sophomore,,,,,,
Bowman,Kesean,Ole Miss,,2031,CB,,,,HS Sophomore,,,,,,
Bradford,Jason,Houston,,2031,CB,,,,HS Sophomore,,,,,,
Brewer,Luke,Iowa,,2031,TE,,,,HS Sophomore,,,,,,
Brinson,Xevien,Tennesee,,2031,TE,,,,HS Sophomore,,,,,,
Britt,Keenan,SC,,2031,ROLB,,,,HS Sophomore,,,,,,
Broadnax,Jaydin,Louisville,,2031,CB,,,,HS Sophomore,,,,,,
Brooks,Khamari,Georgia,,2031,LOLB,,,,HS Sophomore,,,,,,
Brooks,Mike,Wyoming,,2031,P,,,,HS Sophomore,,,,,,
Brooks,Sa'Nir,Pitt,,2031,HB,,,,HS Sophomore,,,,,,
Brown,Bryson,Oklahoma,,2031,CB,,,,HS Sophomore,,,,,,
Brown,Kennedy,Texas,,2031,LT,,,,HS Sophomore,,,,,,
Brown,Ramir,S. Miss,,2031,LG,,,,HS Sophomore,,,,,,
Bryant,Kavian,Baylor,,2031,QB,,,,HS Sophomore,,,,,,
Burns,Jacob,Syracuse,,2031,RT,,,,HS Sophomore,,,,,,
Bush,JJ,Miami,,2031,MLB,,,,HS Sophomore,,,,,,
Butler,Rhyder,Texas,,2031,MLB,,,,HS Sophomore,,,,,,
Cahoon,Chase,Stanford,,2031,MLB,,,,HS Sophomore,,,,,,
Callahan,Sean,Miami,,2031,P,,,,HS Sophomore,,,,,,
Campbell,Chancellor,Florida,,2031,RT,,,,HS Sophomore,,,,,,
Canty,Khalief,Michigan,,2031,LG,,,,HS Sophomore,,,,,,
Carmicle,Max,NIU,,2031,LE,,,,HS Sophomore,,,,,,
Carr,Tommy,Michigan,,2031,QB,,,,HS Sophomore,,,,,,
Carrington,James,Oklahoma,,2031,LE,,,,HS Sophomore,,,,,,
Carter,Calvin,Baylor,,2031,RE,,,,HS Sophomore,,,,,,
Carter,Jordan,TA&M,,2031,LOLB,,,,HS Sophomore,,,,,,
Cartwright Jr.,Will,MSU,,2031,ROLB,,,,HS Sophomore,,,,,,
Cascone,Jude,Georgia,,2031,C,,,,HS Sophomore,,,,,,
Charles,Anthony,Wisconsin,,2031,LE,,,,HS Sophomore,,,,,,
Childress,Josh,Bucks,,2031,K,,,,HS Sophomore,,,,,,
Clark,Hud,Ole Miss,,2031,LOLB,,,,HS Sophomore,,,,,,
Clarke,George,Auburn,,2031,LE,,,,HS Sophomore,,,,,,
Clay,Montravious,Georgia,,2031,CB,,,,HS Sophomore,,,,,,
Clemens,Chad,Auburn,,2031,P,,,,HS Sophomore,,,,,,
Coach,Ethan,UNLV,,2031,MLB,,,,HS Sophomore,,,,,,
Cobb,Zahir,Penn St.,,2031,SS,,,,HS Sophomore,,,,,,
Coleman Jr.,David,LSU,,2031,SS,,,,HS Sophomore,,,,,,
Collins,Tayven,BYU,,2031,FS,,,,HS Sophomore,,,,,,
Congdon,Ben,Miami,,2031,LT,,,,HS Sophomore,,,,,,
Cooper,Jeramie,Baylor,,2031,TE,,,,HS Sophomore,,,,,,
Cowley,CJ,Auburn,,2031,HB,,,,HS Sophomore,,,,,,
Crawford,Carson,Texas St.,,2031,ROLB,,,,HS Sophomore,,,,,,
Croucher,Keegan,Syracuse,,2031,QB,,,,HS Sophomore,,,,,,
Crowder,Jayden,Cal,,2031,CB,,,,HS Sophomore,,,,,,
Crowell,Ezavier,UCF,,2031,HB,,,,HS Sophomore,,,,,,
Crumel,Akedran,SC,,2031,CB,,,,HS Sophomore,,,,,,
Culler,Christian,Akron,,2031,HB,,,,HS Sophomore,,,,,,
Cypher,Quinton,Duke,,2031,LOLB,,,,HS Sophomore,,,,,,
Daniel,Marquez,Florida,,2031,WR,,,,HS Sophomore,,,,,,
Davis,Dillon,SC,,2031,FS,,,,HS Sophomore,,,,,,
Davis,Jaiden,Kentucky,,2031,LE,,,,HS Sophomore,,,,,,
Davis,Mikyal,ASU,,2031,CB,,,,HS Sophomore,,,,,,
Davis,Shad,Bucks,,2031,HB,,,,HS Sophomore,,,,,,
Davis,Zion,Miami,,2031,CB,,,,HS Sophomore,,,,,,
Dawkins,Zion,SC,,2031,CB,,,,HS Sophomore,,,,,,
DeJean,Jaxx,Iowa,,2031,WR,,,,HS Sophomore,,,,,,
Delaney,Leo,Michigan,,2031,LG,,,,HS Sophomore,,,,,,
DeMoss,Brian,Michigan,,2031,LOLB,,,,HS Sophomore,,,,,,
Dezeurn,Demare,Washington,,2031,WR,,,,HS Sophomore,,,,,,
Dickerson,Da'Jore,Toledo,,2031,RT,,,,HS Sophomore,,,,,,
Dillon,DeShawn,Ole Miss,,2031,WR,,,,HS Sophomore,,,,,,
Dobson,Joshua,Duke,,2031,CB,,,,HS Sophomore,,,,,,
Dopson,Kenton,Louisville,,2031,CB,,,,HS Sophomore,,,,,,
Drew,Rilee,K St.,,2031,CB,,,,HS Sophomore,,,,,,
Drinkwater,Kaiden,BC,,2031,WR,,,,HS Sophomore,,,,,,
Dudley,Malakhi,Auburn,,2031,LT,,,,HS Sophomore,,,,,,
Edmunds,Brady,Bukcs,,2031,QB,,,,HS Sophomore,,,,,,
Edwards,CJ,Tennesee,,2031,LE,,,,HS Sophomore,,,,,,
Edwards,Emmanual,Bucks,,2031,LG,,,,HS Sophomore,,,,,,
Edwards,R'Monie,Texas,,2031,RT,,,,HS Sophomore,,,,,,
Eleazer,Keysaun,V Tech,,2031,LE,,,,HS Sophomore,,,,,,
Elkins,Kaleb,Indiana,,2031,SS,,,,HS Sophomore,,,,,,
English,Adam,UTSA,,2031,P,,,,HS Sophomore,,,,,,
Enlow,Chase,Rutgers,,2031,HB,,,,HS Sophomore,,,,,,
Erickson,Matt,Nebraska,,2031,LT,,,,HS Sophomore,,,,,,
Ervin,Joel,Syracuse,,2031,LT,,,,HS Sophomore,,,,,,
Evans,Henry,Penn St.,,2031,TE,,,,HS Sophomore,,,,,,
Evans,Marquis,Auburn,,2031,ROLB,,,,HS Sophomore,,,,,,
Evans,Phoenix,Penn St.,,2031,CB,,,,HS Sophomore,,,,,,
Ewetade,Ebenezer,Georgia,,2031,RE,,,,HS Sophomore,,,,,,
Fakatou,Marcus,USC,,2031,DT,,,,HS Sophomore,,,,,,
Falzone,Peyton,Penn St.,,2031,QB,,,,HS Sophomore,,,,,,
Ferguson,Eli,Ole Miss,,2031,WR,,,,HS Sophomore,,,,,,
Fitzgerald,Devin,Pitt,,2031,WR,,,,HS Sophomore,,,,,,
Ford,Jesse,TCU,,2031,LOLB,,,,HS Sophomore,,,,,,
Ford,Tyler,Georgia,,2031,LT,,,,HS Sophomore,,,,,,
Fordham,Corbyn,Bucks,,2031,RG,,,,HS Sophomore,,,,,,
Forkpa Jr.,Duyon,FSU,,2031,MLB,,,,HS Sophomore,,,,,,
Fox,Prin,SDSt.,,2031,LOLB,,,,HS Sophomore,,,,,,
Fraser,Bennett,Missou,,2031,LG,,,,HS Sophomore,,,,,,
Fredricks,Jai'Vale,Tulane,,2031,RT,,,,HS Sophomore,,,,,,
Friedman,Josh,Minnesota,,2031,P,,,,HS Sophomore,,,,,,
Gaad,Yahya,SMU,,2031,DT,,,,HS Sophomore,,,,,,
Gaither,Luke,Liberty,,2031,QB,,,,HS Sophomore,,,,,,
Galloway,Griff,Penn St.,,2031,DT,,,,HS Sophomore,,,,,,
Gamble,Zayden,Miami,,2031,CB,,,,HS Sophomore,,,,,,
Gantz,Zane,Nebraska,,2031,LE,,,,HS Sophomore,,,,,,
Garrett,BJ,Syracuse,,2031,WR,,,,HS Sophomore,,,,,,
Gatten,Colsen,Pitt,,2031,ROLB,,,,HS Sophomore,,,,,,
Gaylord,Censere,Washington,,2031,CB,,,,HS Sophomore,,,,,,
Geathers III,Robert,V Tech,,2031,SS,,,,HS Sophomore,,,,,,
George,Colt,Butler,,2031,P,,,,HS Sophomore,,,,,,
George,Jalanie,Arizona,,2031,LE,,,,HS Sophomore,,,,,,
Ghioto,Asher,Florida,,2031,DT,,,,HS Sophomore,,,,,,
Gilford Jr.,Jernaro,Utah,,2031,CB,,,,HS Sophomore,,,,,,
Gilmore,Jayvon,Arkansas,,2031,QB,,,,HS Sophomore,,,,,,
Gipson,Marcell,SMU,,2031,CB,,,,HS Sophomore,,,,,,
Gipson,Quinterrius,Alabama,,2031,HB,,,,HS Sophomore,,,,,,
Goettsche,Ty,BYU,,2031,TE,,,,HS Sophomore,,,,,,
Golston II,Keric,Michigan,,2031,MLB,,,,HS Sophomore,,,,,,
Gomes,Jose,Cincinnati,,2031,K,,,,HS Sophomore,,,,,,
Gough,Amare,Virgina,,2031,WR,,,,HS Sophomore,,,,,,
Grant Jr.,Terrence,Arizona,,2031,HB,,,,HS Sophomore,,,,,,
Gray,Chaz,Rutgers,,2031,LOLB,,,,HS Sophomore,,,,,,
Gray,Darius,SC,,2031,LG,,,,HS Sophomore,,,,,,
Green,Kennedy,Miss. St.,,2031,SS,,,,HS Sophomore,,,,,,
Green,Sean,Georgia,,2031,WR,,,,HS Sophomore,,,,,,
Greenwood,LC,Arkansas–Pine Bluff,,2031,RE,,,,HS Sophomore,,,,,,
Griffin-Hayes,Zavion,NC,,2031,RE,,,,HS Sophomore,,,,,,
Guergil,Kendall,Florida,,2031,DT,,,,HS Sophomore,,,,,,
Guerrant,Dakota,Michigan,,2031,WR,,,,HS Sophomore,,,,,,
Guiles,Zyon,SC,,2031,RT,,,,HS Sophomore,,,,,,
Guthrie,Adam,Clemson,,2031,LT,,,,HS Sophomore,,,,,,
Hadley,Corey,G Tech,,2031,FS,,,,HS Sophomore,,,,,,
Hamilton,Sam,WVU,,2031,TE,,,,HS Sophomore,,,,,,
Hampton,Evan,NCSt.,,2031,HB,,,,HS Sophomore,,,,,,
Hardick,J R,Tennesee,,2031,LE,,,,HS Sophomore,,,,,,
Hargett,Ja'Vaughn,NC,,2031,LT,,,,HS Sophomore,,,,,,
Harley,Tyson,Penn St.,,2031,RE,,,,HS Sophomore,,,,,,
Harrington,Tavares,Louisville,,2031,FS,,,,HS Sophomore,,,,,,
Harris,Amontre,TCU,,2031,LOLB,,,,HS Sophomore,,,,,,
Harris,Andrew,Bucks,,2031,RE,,,,HS Sophomore,,,,,,
Hayes,Lester,TA&M,,2031,CB,,,,HS Sophomore,,,,,,
Henderson,Jaden,Florida,,2031,MLB,,,,HS Sophomore,,,,,,
Henry,Jameer,Michigan,,2031,DT,,,,HS Sophomore,,,,,,
Henry,Jance,Wisconsin,,2031,HB,,,,HS Sophomore,,,,,,
Henry,Raylaun,Bucks,,2031,CB,,,,HS Sophomore,,,,,,
Higgins,Hudson,Troy,,2031,HB,,,,HS Sophomore,,,,,,
Higgins,Hunter,Kansas,,2031,LE,,,,HS Sophomore,,,,,,
Hildebrand,Jake,Oklahoma,,2031,LT,,,,HS Sophomore,,,,,,
Hill,Darius,Bucks,,2031,WR,,,,HS Sophomore,,,,,,
Hill,Deondre,Michigan,,2031,MLB,,,,HS Sophomore,,,,,,
Hill,Gabriel,Illinois,,2031,DT,,,,HS Sophomore,,,,,,
Hill,Jailen,Fresno St.,,2031,CB,,,,HS Sophomore,,,,,,
Hinkle,Gabe,E.Mich,,2031,C,,,,HS Sophomore,,,,,,
Holmes,Javen,UL Laf.,,2031,SS,,,,HS Sophomore,,,,,,
Hope,Josiah,Louisville,,2031,DT,,,,HS Sophomore,,,,,,
Hopkins,Justin,Minnesota,,2031,CB,,,,HS Sophomore,,,,,,
Horisk,Dutch,Oregon,,2031,RE,,,,HS Sophomore,,,,,,
House,Cory,Memphis,,2031,ROLB,,,,HS Sophomore,,,,,,
Houston,Peyton,Texas,,2031,QB,,,,HS Sophomore,,,,,,
Hubbard,Larry,MSU,,2031,WR,,,,HS Sophomore,,,,,,
Hughes,Tedarius,FSU,,2031,SS,,,,HS Sophomore,,,,,,
Huihui-White,Kamo'i,Utah,,2031,C,,,,HS Sophomore,,,,,,
Hull,Brady,Kentucky,,2031,C,,,,HS Sophomore,,,,,,
Iddrissu,Alhassan,Minnesota,,2031,LE,,,,HS Sophomore,,,,,,
Igwebuike,Roman,Purdue,,2031,MLB,,,,HS Sophomore,,,,,,
Irvin,Amarri,Georgia,,2031,MLB,,,,HS Sophomore,,,,,,
Ivy,Marshaun,Missou,,2031,LOLB,,,,HS Sophomore,,,,,,
Jackson,Carnell,Troy,,2031,DT,,,,HS Sophomore,,,,,,
Jackson,Lasiah,FSU,,2031,CB,,,,HS Sophomore,,,,,,
Jackson,Montre,Oklahoma,,2031,CB,,,,HS Sophomore,,,,,,
Jackson,Rion,Maryland,,2031,ROLB,,,,HS Sophomore,,,,,,
Jackson,William,Auburn,,2031,QB,,,,HS Sophomore,,,,,,
Jamerson,Camron,Finlay,,2031,RG,,,,HS Sophomore,,,,,,
Jensen,Isaac,Nebraska,,2031,TE,,,,HS Sophomore,,,,,,
Jerry,Damari,Miami,,2031,FS,,,,HS Sophomore,,,,,,
Johnson,Ayden,Texas Tech,,2031,DT,,,,HS Sophomore,,,,,,
Johnson,Kaden,Washington,,2031,CB,,,,HS Sophomore,,,,,,
Johnson,Kamren,Old Dom.,,2031,RE,,,,HS Sophomore,,,,,,
Johnson,Sean,NCSt.,,2031,CB,,,,HS Sophomore,,,,,,
Johnson,AJ,Hawaii,,2031,WR,,,,HS Sophomore,,,,,,
Johnson Jr.,Vincent,Oklahoma,,2031,RT,,,,HS Sophomore,,,,,,
Joiner,Charlie,Grambling St.,,2031,WR,,,,HS Sophomore,,,,,,
Jones,Carter,Liberty,,2031,LT,,,,HS Sophomore,,,,,,
Jones,Darion,ISU,,2031,CB,,,,HS Sophomore,,,,,,
Jones,Julius,LSU,,2031,WR,,,,HS Sophomore,,,,,,
Jones-Drew,Duece,UCLA,,2031,HB,,,,HS Sophomore,,,,,,
Kalis,Jimmy,Penn St.,,2031,RT,,,,HS Sophomore,,,,,,
Karhoff,Jordan,Bucks,,2031,TE,,,,HS Sophomore,,,,,,
Kasper,Braylon,Oregon,,2031,WR,,,,HS Sophomore,,,,,,
Kearney,Caleb,V Tech,,2031,WR,,,,HS Sophomore,,,,,,
Kelly,Corsby,SDSt.,,2031,TE,,,,HS Sophomore,,,,,,
Kennedy Jr.,Anthony,Missou,,2031,DT,,,,HS Sophomore,,,,,,
Kent,Haze,Florida,,2031,LT,,,,HS Sophomore,,,,,,
Kimble,Elijah,Bucks,,2031,HB,,,,HS Sophomore,,,,,,
Kimbrough,Dedrick,Alabama,,2031,WR,,,,HS Sophomore,,,,,,
Knowles,Brody,TCU,,2031,WR,,,,HS Sophomore,,,,,,
Kolojay,Breck,Miami,,2031,LG,,,,HS Sophomore,,,,,,
Krempin,Zaden,SMU,,2031,LG,,,,HS Sophomore,,,,,,
Land,Adam,CCU,,2031,TE,,,,HS Sophomore,,,,,,
Lane,Trey'mar,MSU,,2031,ROLB,,,,HS Sophomore,,,,,,
Lane,Treymere,Michigan,,2031,HB,,,,HS Sophomore,,,,,,
Lange,Ron,Charlotte,,2031,LOLB,,,,HS Sophomore,,,,,,
LaRue,Jerome,V Tech,,2031,HB,,,,HS Sophomore,,,,,,
Lary,Yale,TA&M,,2031,FS,,,,HS Sophomore,,,,,,
Lawson,Darrion,Tiffin,,2031,WR,,,,HS Sophomore,,,,,,
Lee,Legacy,BGSU,,2031,WR,,,,HS Sophomore,,,,,,
Lee,Malakai,Michigan,,2031,RT,,,,HS Sophomore,,,,,,
Leeper,Max,UNLV,,2031,TE,,,,HS Sophomore,,,,,,
Lehman,Reston,Pitt,,2031,MLB,,,,HS Sophomore,,,,,,
Lemon,Jonathon,YSU,,2031,HB,,,,HS Sophomore,,,,,,
Lennear,Nick,Miami,,2031,WR,,,,HS Sophomore,,,,,,
Lewis,Damaad,USC,,2031,LE,,,,HS Sophomore,,,,,,
Lherisse,Xavier,Oregon,,2031,FS,,,,HS Sophomore,,,,,,
Liggins,King,Wisconsin,,2031,DT,,,,HS Sophomore,,,,,,
Lincoln,Victor,K St.,,2031,CB,,,,HS Sophomore,,,,,,
Linton,Gilbert,Clemson,,2031,MLB,,,,HS Sophomore,,,,,,
Loumoli,Liufau,Washington,,2031,MLB,,,,HS Sophomore,,,,,,
Lucius,Arius,BGSU,,2031,QB,,,,HS Sophomore,,,,,,
Lucius,Kamar,E.Mich,,2031,WR,,,,HS Sophomore,,,,,,
Mailangi,Lex,USC,,2031,C,,,,HS Sophomore,,,,,,
Mallard,Kyson,Georgia,,2031,RG,,,,HS Sophomore,,,,,,
Mannings Jr.,Tyree,Miami,,2031,WR,,,,HS Sophomore,,,,,,
Manson,Julian,Iowa,,2031,LOLB,,,,HS Sophomore,,,,,,
Marden,Mason,Kansas,,2031,MLB,,,,HS Sophomore,,,,,,
Marshall,Baron,Nebraska,,2031,WR,,,,HS Sophomore,,,,,,
Martin,Jaivion,N. Texas,,2031,TE,,,,HS Sophomore,,,,,,
Mathis,Julius,Ole Miss,,2031,TE,,,,HS Sophomore,,,,,,
Mathis,Solomon,Cincinnati,,2031,RT,,,,HS Sophomore,,,,,,
Matthews,Mark,Miami,,2031,RT,,,,HS Sophomore,,,,,,
Mayo,Taelyn,TA&M,,2031,CB,,,,HS Sophomore,,,,,,
McAfee,Myles,Penn St.,,2031,WR,,,,HS Sophomore,,,,,,
McCallum,Jace,NCSt.,,2031,RE,,,,HS Sophomore,,,,,,
McCarty,Blitz,Kent,,2031,QB,,,,HS Sophomore,,,,,,
McElroy,Isaiah,Akron,,2031,LG,,,,HS Sophomore,,,,,,
McFarland,Eric,Notre Dame,,2031,WR,,,,HS Sophomore,,,,,,
McGaskin,Ellis,Auburn,,2031,MLB,,,,HS Sophomore,,,,,,
McGee,Dhillon,SMU,,2031,CB,,,,HS Sophomore,,,,,,
McKinley,Jonathan,Cal,,2031,RE,,,,HS Sophomore,,,,,,
McKinley,Jonathan,Cal,,2031,MLB,,,,HS Sophomore,,,,,,
McMiller,CaDarius,SMU,,2031,HB,,,,HS Sophomore,,,,,,
McMorris,Daniel,OkSU,,2031,LT,,,,HS Sophomore,,,,,,
McMullen,Cody,WVU,,2031,K,,,,HS Sophomore,,,,,,
McNabb Jr.,Donovan,Arizona,,2031,WR,,,,HS Sophomore,,,,,,
McWhorter,Bear,Michigan,,2031,C,,,,HS Sophomore,,,,,,
Meier,Gavin,Wisconsin,,2031,LT,,,,HS Sophomore,,,,,,
Meredith III,John,TCU,,2031,CB,,,,HS Sophomore,,,,,,
Merrill,Tyler,Notre Dame,,2031,LG,,,,HS Sophomore,,,,,,
Miles,Jayden,LSU,,2031,HB,,,,HS Sophomore,,,,,,
Miller,Peyton,SMU,,2031,C,,,,HS Sophomore,,,,,,
Miller,T'ari,USF,,2031,SS,,,,HS Sophomore,,,,,,
Miller,Zayvon,WVU,,2031,SS,,,,HS Sophomore,,,,,,
Miree,Landen,Washington,,2031,TE,,,,HS Sophomore,,,,,,
Mitchell,Evan,Iowa,,2031,RG,,,,HS Sophomore,,,,,,
Mix,Ryder,Oklahoma,,2031,TE,,,,HS Sophomore,,,,,,
Moala,Junior,Utah,,2031,RE,,,,HS Sophomore,,,,,,
Moala,Pole,USC,,2031,FS,,,,HS Sophomore,,,,,,
Monds IV,Wonderful,Miami,,2031,QB,,,,HS Sophomore,,,,,,
Moody,Jesse,Maryland,,2031,RT,,,,HS Sophomore,,,,,,
Moon,Larry,Penn St.,,2031,CB,,,,HS Sophomore,,,,,,
Moore,Javier,Bucks,,2031,DT,,,,HS Sophomore,,,,,,
Moore,Steven,Miami,,2031,MLB,,,,HS Sophomore,,,,,,
Moore,Taihj,Miami,,2031,HB,,,,HS Sophomore,,,,,,
Moore,Tre,Texas,,2031,WR,,,,HS Sophomore,,,,,,
Moreta,Jordan,NCSt.,,2031,MLB,,,,HS Sophomore,,,,,,
Morgan,Tyrone,LSU,,2031,ROLB,,,,HS Sophomore,,,,,,
Nabors,Luke,FSU,,2031,ROLB,,,,HS Sophomore,,,,,,
Newkirk,Nigel,G Tech,,2031,HB,,,,HS Sophomore,,,,,,
Ngokwere,Jasper,Texas Tech,,2031,RT,,,,HS Sophomore,,,,,,
Nielsen,Weston,TA&M,,2031,QB,,,,HS Sophomore,,,,,,
Nolan,Cord,Texas Tech,,2031,MLB,,,,HS Sophomore,,,,,,
Noll Jr.,Leon,LSU,,2031,LG,,,,HS Sophomore,,,,,,
Nussmeier,Colton,TCU,,2031,QB,,,,HS Sophomore,,,,,,
Obot,Kevin,USC,,2031,RT,,,,HS Sophomore,,,,,,
Ogburn,Colin,FSU,,2031,K,,,,HS Sophomore,,,,,,
Oglesby,Mason,Indiana,,2031,TE,,,,HS Sophomore,,,,,,
Otey,Dre,Ole Miss,,2031,CB,,,,HS Sophomore,,,,,,
Outlaw,Braylon,Tennesee,,2031,MLB,,,,HS Sophomore,,,,,,
Parks,Brayden,Illinois,,2031,DT,,,,HS Sophomore,,,,,,
Parliament,Hudson,Iowa,,2031,LG,,,,HS Sophomore,,,,,,
Patmon,Elijah,G Tech,,2031,DT,,,,HS Sophomore,,,,,,
Payne,Xavier,FSU,,2031,LT,,,,HS Sophomore,,,,,,
Pellman,David,Louisville,,2031,C,,,,HS Sophomore,,,,,,
Peterson Jr.,Nelson,Texas Tech,,2031,QB,,,,HS Sophomore,,,,,,
Phelps,Isaiah,Notre Dame,,2031,LOLB,,,,HS Sophomore,,,,,,
Pickett,Canon,Miami,,2031,RG,,,,HS Sophomore,,,,,,
Pisani,Charlie,Florida,,2031,RG,,,,HS Sophomore,,,,,,
Portis,Camdin,Miami,,2031,CB,,,,HS Sophomore,,,,,,
Prevo,Dequane,Arkansas,,2031,WR,,,,HS Sophomore,,,,,,
Price,Hugh,Louisville,,2031,QB,,,,HS Sophomore,,,,,,
Pritchett,Parker,Auburn,,2031,LG,,,,HS Sophomore,,,,,,
Proctor,Shankim,Bucks,,2031,WR,,,,HS Sophomore,,,,,,
Purcell,Jameson,Nebraska,,2031,QB,,,,HS Sophomore,,,,,,
Quinn,Dre,Clemson,,2031,RE,,,,HS Sophomore,,,,,,
Quinn,Joey,W. Mich,,2031,LOLB,,,,HS Sophomore,,,,,,
Rainer,Khalid,Duke,,2031,CB,,,,HS Sophomore,,,,,,
Redmond,K'Adrian,Texas,,2031,DT,,,,HS Sophomore,,,,,,
Reed,Zayne,BYU,,2031,DT,,,,HS Sophomore,,,,,,
Reeder,Aden,Cincinnati,,2031,MLB,,,,HS Sophomore,,,,,,
Rhodes,Micah,Oklahoma,,2031,HB,,,,HS Sophomore,,,,,,
Rhymes,Kobe,Nebraska,,2031,MLB,,,,HS Sophomore,,,,,,
Richardson,T-Ron,JMU,,2031,DT,,,,HS Sophomore,,,,,,
Rivers,Darryl,Georgia,,2031,ROLB,,,,HS Sophomore,,,,,,
Roberts,Noah,USC,,2031,HB,,,,HS Sophomore,,,,,,
Robertson,Deven,Ole Miss,,2031,DT,,,,HS Sophomore,,,,,,
Robinson,Daniel,Ole Miss,,2031,RG,,,,HS Sophomore,,,,,,
Robinson,Tyson,Ole Miss,,2031,HB,,,,HS Sophomore,,,,,,
Robinson,Zion,TA&M,,2031,WR,,,,HS Sophomore,,,,,,
Rocheleau,Ryan,C. Mich,,2031,TE,,,,HS Sophomore,,,,,,
Rodgers,Jarius,Syracuse,,2031,RE,,,,HS Sophomore,,,,,,
Rogers,Jahsiear,Penn St.,,2031,WR,,,,HS Sophomore,,,,,,
Rogers,Matthew,Tennesee,,2031,HB,,,,HS Sophomore,,,,,,
Roper,Jackson,Colorado,,2031,LT,,,,HS Sophomore,,,,,,
Rowe,Zane,Oklahoma,,2031,DT,,,,HS Sophomore,,,,,,
Ruffin,Trashawn,NC,,2031,DT,,,,HS Sophomore,,,,,,
Russell,Reis,Colorado,,2031,RG,,,,HS Sophomore,,,,,,
Sabb,Xavier,Rutgers,,2031,FS,,,,HS Sophomore,,,,,,
Sanchez,Eli,Toledo,,2031,C,,,,HS Sophomore,,,,,,
Santino,Victor,Arizona,,2031,HB,,,,HS Sophomore,,,,,,
Saunders,Junior,Virgina,,2031,RT,,,,HS Sophomore,,,,,,
Scarborough,Dan,Clemson,,2031,K,,,,HS Sophomore,,,,,,
Schell,Jay,Georgia,,2031,MLB,,,,HS Sophomore,,,,,,
Schiefer,Ismael,Auburn,,2031,LOLB,,,,HS Sophomore,,,,,,
Schmitt,Deacon,Colorado,,2031,C,,,,HS Sophomore,,,,,,
Scott,Jaylen,FSU,,2031,FS,,,,HS Sophomore,,,,,,
Scott Jr.,Charles,SC,,2031,QB,,,,HS Sophomore,,,,,,
Seaborn,Trent,Alabama,,2031,QB,,,,HS Sophomore,,,,,,
Seaton,Kole,Baylor,,2031,LT,,,,HS Sophomore,,,,,,
Segarra,David,SC,,2031,HB,,,,HS Sophomore,,,,,,
Sellars,Gordon,SC,,2031,WR,,,,HS Sophomore,,,,,,
Seltenreich,Paolo,TCU,,2031,LG,,,,HS Sophomore,,,,,,
Sema,Gabe,Colorado,,2031,TE,,,,HS Sophomore,,,,,,
Sherman,Cordey,Texas,,2031,CB,,,,HS Sophomore,,,,,,
Simeon,Damari,Penn St.,,2031,DT,,,,HS Sophomore,,,,,,
Simmons,Kalen,Baylor,,2031,SS,,,,HS Sophomore,,,,,,
Simpson,Samuel,Indiana,,2031,RG,,,,HS Sophomore,,,,,,
Singleton-Coe,J'mere,Akron,,2031,CB,,,,HS Sophomore,,,,,,
Siocum,Ari,Arkansas,,2031,LE,,,,HS Sophomore,,,,,,
Smith,Cyion,Miami,,2031,SS,,,,HS Sophomore,,,,,,
Smith,Dwayle,Maryland,,2031,CB,,,,HS Sophomore,,,,,,
Smith,Jared,Georgia,,2031,RG,,,,HS Sophomore,,,,,,
Smith,Jordan,Baylor,,2031,HB,,,,HS Sophomore,,,,,,
Smith,Micah,Bucks,,2031,LG,,,,HS Sophomore,,,,,,
Smith,Zion,NC,,2031,RG,,,,HS Sophomore,,,,,,
Smith Jr.,Jermaine,Maryland,,2031,WR,,,,HS Sophomore,,,,,,
Snell,JayQuan,SMU,,2031,SS,,,,HS Sophomore,,,,,,
Snyder,Kaden,Kansas,,2031,RT,,,,HS Sophomore,,,,,,
Sombe,Killian,Boise St.,,2031,HB,,,,HS Sophomore,,,,,,
Stanford,Semaj,Oklahoma,,2031,FS,,,,HS Sophomore,,,,,,
Starcevic,Luke,ISU,,2031,LE,,,,HS Sophomore,,,,,,
Stephen,Mikel,Ole Miss,,2031,HB,,,,HS Sophomore,,,,,,
Stover,Sean,Duke,,2031,C,,,,HS Sophomore,,,,,,
Streets,Rashad,NC,,2031,RE,,,,HS Sophomore,,,,,,
Sullivan,Kevin,Missou,,2031,TE,,,,HS Sophomore,,,,,,
Sutherland,David,Buffalo,,2031,K,,,,HS Sophomore,,,,,,
Sweeney,Anthony,Maryland,,2031,LOLB,,,,HS Sophomore,,,,,,
Tafua,Caleb,TA&M,,2031,TE,,,,HS Sophomore,,,,,,
Takitaki,PJ,BYU,,2031,ROLB,,,,HS Sophomore,,,,,,
Tanner,Jax,Boise St.,,2031,RG,,,,HS Sophomore,,,,,,
Tate,Jayion,Buffalo,,2031,RE,,,,HS Sophomore,,,,,,
Taylor,Cody,Arkansas,,2031,C,,,,HS Sophomore,,,,,,
Taylor,Jordan,Nebraska,,2031,HB,,,,HS Sophomore,,,,,,
Telfair,Keishjuan,Penn St.,,2031,CB,,,,HS Sophomore,,,,,,
Terry,Khalil,MSU,,2031,FS,,,,HS Sophomore,,,,,,
Thomas,Brayden,ISU,,2031,FS,,,,HS Sophomore,,,,,,
Thomas,Cynai,OSU,,2031,WR,,,,HS Sophomore,,,,,,
Thomas,David,OkSU,,2031,WR,,,,HS Sophomore,,,,,,
Thomas,James,Wisconsin,,2031,LG,,,,HS Sophomore,,,,,,
Thomassie,Blaise,LSU,,2031,RG,,,,HS Sophomore,,,,,,
Thompson,Sean,Tennesee,,2031,WR,,,,HS Sophomore,,,,,,
Thornton,Marshaun,Michigan,,2031,WR,,,,HS Sophomore,,,,,,
Tillman,Elijah,Auburn,,2031,LE,,,,HS Sophomore,,,,,,
Tisaby,Cortavious,ASU,,2031,RT,,,,HS Sophomore,,,,,,
Towns,ArMari,Alabama,,2031,TE,,,,HS Sophomore,,,,,,
Trout,Andrew,Minnesota,,2031,LT,,,,HS Sophomore,,,,,,
Tucker,Caleb,Notre Dame,,2031,DT,,,,HS Sophomore,,,,,,
Tucker,D'Nilyeon,Kent,,2031,RT,,,,HS Sophomore,,,,,,
Tucker,Emanuel,Miss St.,,2031,LT,,,,HS Sophomore,,,,,,
Turner,Caden,Akron,,2031,LE,,,,HS Sophomore,,,,,,
Turner,Caden,BGSU,,2031,ROLB,,,,HS Sophomore,,,,,,
Turner,Zachary,SMU,,2031,LG,,,,HS Sophomore,,,,,,
Upshaw,Jaden,Georgia,,2031,WR,,,,HS Sophomore,,,,,,
Utz,Jack,Kansas,,2031,TE,,,,HS Sophomore,,,,,,
Vanden Bosch,Bastian,Nebraska,,2031,MLB,,,,HS Sophomore,,,,,,
Vanderhoef,Roger,UCLA,,2031,RT,,,,HS Sophomore,,,,,,
Vaughn,Jackson,Penn St.,,2031,ROLB,,,,HS Sophomore,,,,,,
Vecrumba,Nick,Indiana,,2031,LT,,,,HS Sophomore,,,,,,
Vercher,Hayden,ASU,,2031,TE,,,,HS Sophomore,,,,,,
Von Brandt,Layton,Penn St.,,2031,LT,,,,HS Sophomore,,,,,,
Von Seggern,Landen,Illinois,,2031,C,,,,HS Sophomore,,,,,,
Wade,Jayden,Oregon,,2031,QB,,,,HS Sophomore,,,,,,
Wagner,Cameron,Illinois,,2031,LT,,,,HS Sophomore,,,,,,
Walker,Julian,SC,,2031,RE,,,,HS Sophomore,,,,,,
Wall,Xavier,Wash St.,,2031,DT,,,,HS Sophomore,,,,,,
Warner,Maxwell,Missou,,2031,HB,,,,HS Sophomore,,,,,,
Washington,Aaryn,UCLA,,2031,CB,,,,HS Sophomore,,,,,,
Watkins,Tamarion,SC,,2031,SS,,,,HS Sophomore,,,,,,
Webster,Edward,ISU,,2031,WR,,,,HS Sophomore,,,,,,
Weeks,Justin,SC,,2031,RE,,,,HS Sophomore,,,,,,
White Jr.,Jamie,Maryland,,2031,FS,,,,HS Sophomore,,,,,,
Whitehead,Jacob,USC,,2031,CB,,,,HS Sophomore,,,,,,
Whitters,Colin,Iowa,,2031,RG,,,,HS Sophomore,,,,,,
Wiggins,Terry,Penn St.,,2031,ROLB,,,,HS Sophomore,,,,,,
Wilder,Khary,USC,,2031,RE,,,,HS Sophomore,,,,,,
Williams,Braylon,SMU,,2031,LOLB,,,,HS Sophomore,,,,,,
Williams,Brock,MSU,,2031,TE,,,,HS Sophomore,,,,,,
Williams,Ca'Ron,USC,,2031,CB,,,,HS Sophomore,,,,,,
Williams,Delontay,ASU,,2031,WR,,,,HS Sophomore,,,,,,
Williams,Gavin,USC,,2031,SS,,,,HS Sophomore,,,,,,
Williams,Grayson,NCSt.,,2031,LT,,,,HS Sophomore,,,,,,
Williams,Jatori,Alabama,,2031,RG,,,,HS Sophomore,,,,,,
Willoughby,Kooper,Utah,,2031,LE,,,,HS Sophomore,,,,,,
Willy-Ava,Isala Aisa,Texas,,2031,FS,,,,HS Sophomore,,,,,,
Wilson,Kamron,FSU,,2031,LE,,,,HS Sophomore,,,,,,
Wilson,Parker,Washington,,2031,RG,,,,HS Sophomore,,,,,,
Windom,Jaidon,Cincinnati,,2031,FS,,,,HS Sophomore,,,,,,
Winfield,Jaimeon,USC,,2031,DT,,,,HS Sophomore,,,,,,
Wise,Grant,Clemson,,2031,LG,,,,HS Sophomore,,,,,,
Wojdowski,Tucker,Fresno St.,,2031,ROLB,,,,HS Sophomore,,,,,,
Wolford,Aaron,Houston,,2031,RG,,,,HS Sophomore,,,,,,
Wood,Willie,USC,,2031,SS,,,,HS Sophomore,,,,,,
Woodruff,Ayden,Tennesee,,2031,DT,,,,HS Sophomore,,,,,,
Woodson Jr.,Charles,Michigan,,2031,FS,,,,HS Sophomore,,,,,,
Wright,Max,Texas,,2031,RT,,,,HS Sophomore,,,,,,
Young,Sir Nathanial,Miss Valley,,2031,LOLB,,,,HS Sophomore,,,,,,
Zager,Noah,Mount,,2031,FB,,,,HS Sophomore,,,,,,
Zeigler,Malachi,Ole Miss,,2031,QB,,,,HS Sophomore,,,,,,
