PSXP,Player Pic
0,Blank
3389,Emlen Tunnell (R)
9982,Sam Adams
6986,Ray Agnew
5644,Troy Aikman
2460,Eric Allen
6183,Larry Allen
20,Morten Andersen
1,Gary Anderson
3,Steve Atwater
1657,Carl Banks
25,Bill Bates
3284,Cornelius Bennett
771,Jerome Bettis
2257,Drew Bledsoe
5077,James Brown
1669,Lomas Brown
8826,Orlando Brown
4,Tim Brown
6308,Isaac Bruce
10806,Terrell Buckley
1454,Keith Byars
9992,Keith Byars
8839,Darren Carrington
6309,Cris Carter
4596,Tony Carter
1672,Tony Casillas
8518,Bryan Cox
2551,Ray Crockett
6310,Randall Cunningham
5765,Ryan Davis
9434,Ryan Davis
22,Dermontti Dawson
10057,Johnny Dixon
6231,Chris Doleman
10813,Jason Elam
5629,John Elway
1674,Boomer Esiason
5634,Marshall Faulk
1080,Brett Favre
10814,Doug Flutie
1678,Irving Fryar
1679,Rich Gannon
8030,Jason Gildon
10815,Aaron Glenn
2559,Kevin Glover
9976,Darrell Green
1330,Trent Green
3221,Victor Green
6,Kevin Greene
1680,Charles Haley
3225,Keith Hamilton
34,Merton Hanks
1683,Rodney Harrison
2224,Craig Hentrich
2846,Chris Hinton Sr
5635,Michael Irvin
10821,Rocket Ismail
6193,Rickey Jackson
9977,Daryl Johnson
9535,Lonnie Johnson
10822,Mike Jones
2506,Seth Joyner
1694,Jim Kelly
6199,Cortez Kennedy
10824,Lincoln Kennedy
1695,Levon Kirkland
2508,Bernie Kosar
2631,Dorsey Levens
792,Mo Lewis
5639,Ronnie Lott
1696,John Lynch
10830,Tony Mandarich
6303,Dan Marino
6698,Eric Martin
45,Bruce Matthews
2775,Clay Matthews
2010,Kevin Mawae
3289,Ed McCaffrey
3296,Keenan McCardell
9,Randall McDaniel
1701,Willie McGinest
6206,Jim McMahon
4822,Ryan McNeil
4822,Ryan McNeil
2779,Pete Metzelaars
9973,Sam Mills
5365,David Mims
2193,Art Monk
5647,Warren Moon
47,Herman Moore
2783,Tom Nalen
11,Lorenzo Neal
2196,Hardy Nickerson
8673,Hardy Nickerson
10833,Jay Novacek
10811,Michael Dean Perry
6305,William Perry
795,Robert Porcher
6323,John Randle
4830,Tom Rathman
52,Andre Reed
5625,Jerry Rice
9984,Andre Rison
12,Willie Roaf
9966,Bill Romanowski
5614,Barry Sanders
5618,Deion Sanders
10839,Mark Schlereth
1713,Junior Seau
2201,Jason Sehorn
3306,Luis Sharpe
13,Shannon Sharpe
5640,Shannon Sharpe
4832,Sterling Sharpe
314,Will Shields
9974,Tony Siragusa
14,Bruce Smith
2217,Dennis Smith
5622,Emmitt Smith
9633,Irv Smith
2961,Jimmey Smith
2962,Robert Smith
3307,Rod Smith
2216,Chris Spielman
797,Takeo Spikes
15,Michael Strahan
3297,Mack Strong
10844,Vinny Testaverde
2911,Derrick Thomas
3387,Thurman Thomas
59,Jessie Tuggle
3305,Troy Vincent
4516,Herschel Walker
60,Kurt Warner
2221,Chris Warren
9102,Chris Warren
9309,Charles Washington
9983,Ted Washington
17,Aeneas Williams
62,Erik Williams
18,Steve Wisniewski
2122,Darren Woodson
5638,Rod Woodson
1728,Frank Wycheck
19,Bryant Young
5641,Steve Young
1659,Tony Boselli
253,Derrick Brooks
10803,Ruben Brown
6226,Kevin Carter
29,Wayne Chrebet
5,Terrell Davis
9456,Mark Fields
3219,Joey Galloway
10823,Napolean Kaufman
43,Ty Law
6319,Curtis Martin
1702,Steve McNair
801,Warren Sapp
54,Cory Schlesinger
2967,Kordell Stewart
58,Adam Timmerman
1626,Sherman Williams
2458,Karim Abdul-Jabbar
6218,Mike Alstott
2,Willie Anderson
1666,Tony Brackens
2550,Marcus Coleman
6192,Brian Dawkins
1677,Tommie Frazier
3286,Eddie George
782,LaRoi Glover
35,Marvin Harrison
1693,Keyshawn Johnson
1902,Ray Lewis
2781,Lawyer Milloy
2194,Eric Moulds
6216,Jonathan Ogden
2327,Terrell Owens
10834,Simeon Rice
6045,Adrian Robinson
53,Jon Runyan
1061,Jeff Smith
3052,Adam Vinatieri
7849,Darrell Williams
254,David Akers
1658,Ronde Barber
7446,Troy Davis
31,Corey Dillon
802,Warrick Dunn
1260,Tony Gonzalez
1685,Priest Holmes
6317,Walter Jones
2507,Sammy Knight
9979,Derrick Mason
3303,Orlando Pace
1707,Jake Plummer
3311,Darren Sharper
9969,Jason Taylor
9978,Mike Vrabel
27,Matt Birk
2467,Keith Brooking
9720,Jonathan Brown
2469,Corey Chavous
4823,Donovin Darius
921,Phil Dawson
6234,Alan Faneca
3282,Brian Finneran
784,London Fletcher
1435,Matt Hasselbeck
41,Joe Jurevicius
9981,Olin Kreutz
10826,Ryan Leaf
1971,Peyton Manning
2189,Randy Moss
2584,Samari Rolle
3308,Jeff Saturday
2220,Duane Starks
56,Patrick Surtain
10846,Pat Tillman
3272,Charles Woodson
333,Champ Bailey
3285,Dre Bly
755,Daunte Culpepper
9173,Reggie Davis
32,Donald Driver
1675,Kevin Faulk
1084,Jay Feely
2560,Martin Gramatica
38,Torry Holt
3287,Edgerrin James
2503,Steve Johnson
9986,Jevon Kearse
2776,Chris McAlister
1699,Anthony McFarland
1699,Anthony McFarland
6207,Donovan McNabb
2170,Brian Moorman
1709,Joey Porter
61,Brian Waters
9975,Ricky Williams
10853,Antoine Winfield
10855,Damien Woody
236,John Abraham
6217,Shaun Alexander
10799,Lavar Arrington
494,Tom Brady
1667,Mike Brown
28,Keith Bulluck
2261,Plaxico Burress
10810,Ron Dayne
2554,Shaun Ellis
1288,Shayne Graham
9985,Dante Hall
2624,Sebastian Janikowski
4746,Mike Leach
1859,Shane Lechler
1908,Rian Lindell
2778,Brad Meester
9291,Maurice Smith
741,Adalius Thomas
16,Brian Urlacher
10859,Peter Warrick
274,Will Allen
10798,Adam Archuleta
759,Drew Bennett
6292,Drew Brees
9736,Chris Cooper
2263,Alge Crumpler
1215,Roberto Garza
2622,Todd Heap
1575,Steve Hutchinson
6195,Chad Johnson
9824,JJ Jones
46,Deuce McAllister
2190,Santana Moss
2408,Ryan Pickett
2481,Dominic Raiola
2696,Richard Seymour
2772,Justin Smith
2791,Steve Smith Sr
2981,LaDainian Tomlinson
3048,Michael Vick
3124,Reggie Wayne
3398,Adrian Wilson
9119,Cedrick Wilson
336,Chris Baker
2466,Deion Branch
527,Ahmad Brooks
185,Alex Brown
10805,Antonio Bryant
591,Matt Bryant
859,Billy Cundiff
7676,Andre Davis
1174,Dwight Freeney
1266,Jonathan Goodwin
10819,Joey Harrington
1417,James Harrison
6242,Albert Haynesworth
36,John Henderson
1510,Shaun Hill
6915,Dennis Johnson
1765,Brett Keisel
4773,Josh McCown
10832,Bryant McKinnie
4827,Julius Peppers
50,Clinton Portis
51,Antwaan Randle-El
2501,Ed Reed
2960,Jeremy Shockey
6611,Robert Thomas
3313,Dave Zastudil
2727,Nnamdi Asomugha
2463,Nick Barnett
459,Anquan Boldin
511,Lance Briggs
184,Chris Brown
552,Josh Brown
616,Nate Burleson
30,Dallas Clark
745,Chris Clemons
766,Colin Cole
6390,Chris Davis
4631,Jon Dorenbos
1121,Drayton Florence
1165,Aubrayo Franklin
1216,Antonio Gates
33,Jordan Gross
1578,Israel Idonije
1607,Fred Jackson
1637,Cullen Jenkins
1654,Andre Johnson
1664,Chris Johnson
1916,Brandon Lloyd
2192,Rashean Mathis
2774,Robert Mathis
2024,Mat McBriar
2242,Terence Newman
2316,Kassim Osgood
2329,Calvin Pace
2337,Carson Palmer
63,Troy Polamalu
2497,Cory Redding
2588,Tony Romo
3279,Asante Samuel
2670,Mike Scifres
2796,Wade Smith
2886,Terrell Suggs
3388,Charles Tillman
10847,David Tyree
3018,Osi Umenyiora
3207,Kevin Williams
3261,Jason Witten
243,Mike Adams
267,Jared Allen
330,Jason Babin
4585,Jeremy Cain
722,Tyson Clabo
751,Chris Cooley
825,Jerricho Cotchery
877,Karlos Dansby
971,Darnell Dockett
1026,Dwan Edwards
1111,Larry Fitzgerald
1123,Malcom Floyd
2557,Chris Gamble
1223,Robert Geathers
1357,DeAngelo Hall
10820,Tommie Harris
1429,Ben Hartsock
1616,Steven Jackson
1716,Donnie Jones
1772,Tommy Kelly
1857,Vonta Leach
1862,Andy Lee
1920,Sean Locklear
2515,Eli Manning
2045,Luke McCown
4795,Don Muhlbach
2389,Jason Peters
2407,Shaun Phillips
6298,Philip Rivers
10837,Dunta Robinson
6300,Ben Roethlisberger
3280,Bob Sanders
2651,Matt Schaub
2672,Josh Scobee
7325,Antonio Smith
2765,Daryl Smith
2797,Will Smith
2808,Isaac Sopoaga
2848,Max Starks
2849,Randy Starks
1724,Sean Taylor
10848,Jonathan Vilma
3120,Ben Watson
3135,Wes Welker
3138,Scott Wells
3168,Vince Wilfork
3191,DJ Williams
3396,Reggie Williams
10852,Roy Williams
3244,George Wilson
260,Lorenzo Alexander
289,Derek Anderson
328,Jonathan Babineaux
335,Billy Bajema
366,Khalif Barnes
419,Joe Berger
446,Chase Blackburn
568,Ronnie Brown
5075,Brandon Browner
619,Kevin Burnett
9722,James Butler
658,Jason Campbell
4590,Chris Canty
694,Matt Cassel
3299,Mark Clayton
777,Trent Cole
790,Dustin Colquitt
4608,Jon Condo
800,Dan Connolly
843,Josh Cribbs
889,Anthony Davis
2266,Thomas Davis Sr
4629,John Denney
997,Joel Dreessen
1025,Braylon Edwards
1075,Heath Farwell
1113,Ryan Fitzpatrick
1201,Dylan Gandy
1271,Frank Gore
1275,Robbie Gould
7148,Justin Green
1446,Kelvin Hayden
1483,Todd Herremans
4695,Richie Incognito
1622,Vincent Jackson
2623,Brandon Jacobs
1668,Derrick Johnson
9212,Marcus Johnson
4724,Adam Jones
1809,Michael Koenen
1823,John Kuhn
4740,LP Ladouceur
1882,Jim Leonhard
1966,Logan Mankins
2000,Evan Mathis
2119,Heath Miller
2164,Lance Moore
2215,Chris Myers
4810,Nick Novak
2268,Mike Nugent
2309,Dan Orlovsky
2363,Mike Patterson
2371,Erik Pears
2492,Jay Ratliff
2568,Courtney Roby
6299,Aaron Rodgers
2786,Carlos Rogers
2582,Antrel Rolle
2752,Alex Smith
2752,Alex Smith
2804,Adam Snyder
2822,Chris Spencer
2834,Darren Sproles
2864,David Stewart
2887,Shaun Suisham
2894,Will Svitek
57,Lofa Tatupu
3001,Justin Tuck
3044,Bubba Ventrone
3049,Kevin Vickerson
3065,Cameron Wake
3094,DeMarcus Ware
4912,Greg Warren
3112,Nate Washington
7374,Chris White
3159,Roddy White
3395,Cadillac Williams
291,James Anderson
319,Miles Austin
320,Jason Avant
430,Antoine Bethea
449,Will Blackmon
468,Kevin Boothe
478,Stephen Bowen
517,Mike Brisiel
612,Brodrick Bunkley
624,Jarrett Bush
626,Reggie Bush
715,Chris Chester
742,Kellen Clemens
761,Barry Cofield
779,Daryn Colledge
788,Willie Colon
791,Marques Colston
812,Ryan Cook
823,Blake Costanzo
845,Antonio Cromartie
6293,Jay Cutler
872,Owen Daniels
2267,Vernon Davis
967,Tim Dobbins
983,Reed Doughty
1004,Elvis Dumervil
1057,Fred Evans
1059,Jahri Evans
1076,Anthony Fasano
1089,Daniel Fells
1092,DBrickashaw Ferguson
7692,Cortland Finnegan
1196,Omar Gaither
1258,Kedric Golston
1274,Stephen Gostkowski
1276,Bruce Gradkowski
1307,Chad Greenway
1325,Brent Grimes
1346,Derek Hagan
1353,Tamba Hali
7705,Justin Hamilton
1381,Parys Haralson
2621,Roman Harper
1437,Jason Hatcher
3324,AJ Hawk
1488,Devin Hester Sr
1514,Domenik Hixon
1530,Santonio Holmes
1557,Michael Huff
1570,Jason Hunter
1605,D'Qwell Jackson
1618,Tarvaris Jackson
1648,Greg Jennings
1651,Tim Jennings
1662,Charlie Johnson
1704,Johnny Jolly
2504,Maurice Jones-Drew
1740,Davin Joseph
1742,Johnathan Joseph
1748,Winston Justice
1800,Mathias Kiwanuka
1808,Sam Koch
1832,Dawan Landry
1852,Manny Lawson
10827,Matt Leinart
1898,Marcedes Lewis
1965,Nick Mangold
1968,Danieal Manning
1982,Brandon Marshall
1983,Richard Marshall
2071,Rocky McIntosh
2093,Pat McQuistan
2094,Paul McQuistan
2128,Jeremy Mincey
2150,Will Montgomery
2245,Haloti Ngata
4805,Rob Ninkovich
2326,Montell Owens
2376,Domata Peko
2377,Donald Penn
2428,Bernard Pollard
2449,Matt Prater
2580,Dennis Roland
2605,Frostee Rucker
2617,Jon Ryan
2619,DeMeco Ryans
2681,Jonathan Scott
2736,Ernie Sims
2738,Rob Sims
2759,Brad Smith
9290,Eric Smith
2835,Micheal Spurlock
2876,Zach Strief
2906,Darryl Tapp
2995,Jeremy Trueblood
3002,Stephen Tulloch
3070,Delanie Walker
3110,Leon Washington
3126,Steve Weatherford
3151,Guy Whimper
3155,Charlie Whitehurst
3162,Donte Whitner Sr
3164,Andrew Whitworth
3187,DeAngelo Williams
3214,Mario Williams
3230,Tramon Williams
3257,Eric Winston
10857,Vince Young
242,Michael Adams
347,Alan Ball
359,Allen Barbre
362,Antwan Barnes
384,Jackie Battle
388,Jon Beason
445,Desmond Bishop
454,Justin Blalock
475,Dwayne Bowe
491,Stewart Bradley
492,Ahmad Bradshaw
495,Alan Branch
570,Tarell Brown
625,Michael Bush
627,Jermon Bushrod
699,Brent Celek
4597,Scott Chandler
774,Marquice Cole
846,Mason Crosby
869,Craig Dahl
920,Keyunta Dawson
940,Zak DeOssie
944,Mike Devito
1011,Justin Durant
1029,Trent Edwards
1099,Brandon Fields
1128,Nick Folk
1160,Eric Frampton
1171,Doug Free
1221,William Gay
1246,Ted Ginn Jr
1257,Dashon Goldson
4653,Brett Goode
1282,Corey Graham
1320,Michael Griffin
1336,Ben Grubbs
1361,Leon Hall
4669,Clark Harris
1403,David Harris
4673,Ryan Harris
1456,Adam Hayward
1485,Will Herring
1545,Chris Houston
1581,James Ihedigbo
1600,Brandon Jackson
9980,Keith Jackson
1655,Antonio Johnson
1660,Calvin Johnson
6704,Charles Johnson
1686,Michael Johnson
8610,David Jones
1717,Edgar Jones
2505,Jacoby Jones
1722,James Jones
1737,Akeem Jordan
1752,Ryan Kalil
1831,Derek Landri
1833,LaRon Landry
1880,Brian Leonard
1948,Marshawn Lynch
2026,Trumaine McBride
2056,Ray McDonald
2096,Robert Meachem
2097,Brandon Mebane
2106,Brandon Meriweather
7243,Zach Miller
2138,Marvin Mitchell
2166,Matt Moore
2234,Reggie Nelson
2247,Stephen Nicholas
2272,Uche Nwaneri
743,Amobi Okoye
2300,Greg Olsen
2322,Michael Otto
6010,Matt Overton
2335,Jordan Palmer
2391,Adrian Peterson
2424,Adam Podlesh
2441,Paul Posluszny
2473,Brady Quinn
2483,Manny Ramirez
2516,Darrelle Revis
2199,Sidney Rice
2544,Nick Roach
2567,Brian Robison
2569,Sav Rocca
2590,Dante Rosario
2592,Aaron Ross
10838,JaMarcus Russell
2642,Samson Satele
2687,Lyle Sendlein
2807,Paul Soliai
2817,Matt Spaeth
2821,Anthony Spencer
2837,Joe Staley
2845,Drew Stanton
2939,Tyler Thigpen
2949,Joe Thomas
2955,Pierre Thomas
2972,Lawrence Timmons
2997,Jason Trusnik
3132,Eric Weddle
3133,Eric Weems
3140,John Wendling
3397,Patrick Willis
7388,CJ Wilson
3246,Josh Wilson
3267,LaMarr Woodley
3300,Marshal Yanda
3310,Usama Young
234,Husain Abdullah
256,Branden Albert
283,Danny Amendola
309,Kyle Arrington
321,Donnie Avery
322,Cliff Avril
334,Patrick Bailey
344,Sam Baker
368,Gary Barnidge
373,Connor Barth
411,Earl Bennett
413,Martellus Bennett
422,Mackenzy Bernadeau
428,Davone Bess
435,Kroy Biermann
481,Zack Bowman
497,Tyvon Branch
546,Duane Brown
592,Red Bryant
650,Andre Caldwell
655,Calais Campbell
672,Dan Carpenter
674,Brandon Carr
691,Antoine Cason
708,Jamaal Charles
713,Gosder Cherilus
723,Ryan Clady
4600,Chris Clark
763,Landon Cohen
781,Anthony Collins
4605,Jed Collins
827,Oniel Cousins
832,Mike Cox
900,Fred Davis
905,Kellen Davis
925,Thomas DeCoud
931,Brian DeLaPuente
936,Quintin Demps
964,Dennis Dixon
979,Glenn Dorsey
986,Harry Douglas
989,Leger Douzable
1005,Jo-Lonn Dunbar
1008,King Dunlap
1090,Jerome Felton
1106,Jermichael Finley
1115,Joe Flacco
1122,Brandon Flowers
1125,Andre Fluellen
1126,Matt Flynn
1138,Justin Forsett
1139,Matt Forte
5807,Jerrell Freeman
1209,Pierre Garcon
1211,Nate Garner
1233,Breno Giacomini
1240,Wallace Gilberry
1251,Charles Godfrey
1262,Tavares Gooden
1291,Larry Grant
1296,John Greco
1335,Quentin Groves
1338,Letroy Guion
1373,Caleb Hanie
1425,Garrett Hartley
1438,Stephen Hauschka
5223,Andrew Hawkins
1441,Lavelle Hawkins
1445,David Hawthorne
1447,Nick Hayden
1449,Geno Hayes
1451,William Hayes
1468,Erin Henderson
1473,Chad Henne
8047,Marcus Henry
1499,Tim Hightower
1504,Lex Hilliard
6244,Peyton Hillis
1511,Tony Hills
1603,DeSean Jackson
3227,Dexter Jackson
1615,Rob Jackson
1625,Robert James
4706,JJ Jansen
1643,Mike Jenkins
8355,Josh Johnson
1692,Stevie Johnson
1700,Tyrell Johnson
1723,Jason Jones
1780,Brett Kern
1835,Kendall Langford
1838,Danny Lansanah
1873,Doug Legursky
1905,Kory Lichtensteiger
1922,Curtis Lofton
2512,Chris Long
1927,Jake Long
1938,Dwight Lowery
1947,Corey Lynch
1951,Elbert Mack
1970,Mario Manningham
2017,Jerod Mayo
2019,Joe Mays
2035,Jameel McClain
2061,Darren McFadden
2066,Mike McGlynn
2074,Leodis McKelvin
2177,Josh Morgan
4796,Matthew Mulligan
2202,Ryan Mundy
2233,Jordy Nelson
2251,Carl Nicks
2349,Jalen Parmele
2406,Kenny Phillips
2413,Ropati Pitoitua
2427,Mike Pollak
2429,Tyler Polumbus
2439,Tracy Porter
4844,Marcel Reece
4845,Joe Reitz
2518,Darius Reynaud
2523,Ray Rice
2526,Barry Richardson
2538,Chad Rinehart
2541,Keith Rivers
2571,Dominique Rodgers-Cromartie
2601,Eddie Royal
2603,Ahtyba Rubin
6301,Matt Ryan
2648,Orlando Scandrick
2653,Chaz Schilens
2667,Geoff Schwartz
2682,Trevor Scott
2733,Jerome Simpson
2737,Pat Sims
2741,Josh Sitton
2744,Matthew Slater
10841,Steve Slaton
7814,Kevin Smith
2854,Craig Steltz
2860,Craig Stevens
6861,Jonathan Stewart
2883,Andy Studebaker
2889,John Sullivan
2903,Aqib Talib
2905,Jacob Tamme
2946,Donald Thomas
7612,Terrell Thomas
2976,Mike Tolbert
2982,Ryan Torain
3042,Fernando Velasco
3066,Erik Walden
3081,Cody Wallace
6149,Jon Weeks
3139,Ryan Wendell
3149,Philip Wheeler
3180,Cary Williams
7377,Chris Williams
3266,Danny Woodhead
3276,Wesley Woodyard
3318,Jeremy Zuttah
248,Spencer Adkins
4533,Colt Anderson
324,Robert Ayers Jr
360,Ramses Barden
376,Connor Barwin
389,Will Beatty
4552,Marcus Benard
4553,Michael Bennett
3334,EJ Biggers
466,Alex Boone
515,Jasper Brinkley
518,Kenny Britt
519,Eben Britton
534,Andre Brown
545,Donald Brown
548,Everette Brown
581,David Bruton Jr
586,Desmond Bryant
633,Darius Butler
641,Victor Butler
647,Jairus Byrd
665,Don Carey
689,James Casey
690,Jonathan Casillas
720,Patrick Chung
760,Chase Coffman
4607,Britton Colquitt
4609,TJ Conley
806,Jared Cook
830,Derek Cox
837,Michael Crabtree
2264,Brian Cushing
710,Chase Daniel
2553,Vontae Davis
934,Louis Delmas
980,Demar Dotson
1022,Julian Edelman
1036,Dannell Ellerbe
1047,Larry English
1068,Paul Fanaika
1097,Tony Fiammetta
1119,Bradley Fletcher
1127,Moise Fokou
1141,Arian Foster
1149,Ramon Foster
4642,Robert Francois
6294,Josh Freeman
1203,Graham Gano
1210,Andrew Gardner
1235,Brandon Gibson
1265,Mike Goodson
4655,Danny Gorrer
1306,Tyronne Green
1302,Shonn Greene
1427,Brian Hartline
1433,Percy Harvin
1493,Darrius Heyward-Bey
1535,Ziggy Hood
1552,Brian Hoyer
1555,Kevin Huber
1566,Ramon Humber
1620,Tyson Jackson
4705,Tim Jamison
1633,Ricky Jean-Francois
1641,Malcolm Jenkins
1650,Rashad Jennings
7190,David Johnson
1689,Quinn Johnson
1690,Rashad Johnson
1708,Brad Jones
1805,Terrance Knighton
1820,Troy Kropog
2509,Paul Kruger
3328,TJ Lang
1837,Ellis Lankster
1845,James Laurinaitis
1884,Andy Levitre
1886,DeAndre Levy
1894,Keenan Lewis
3340,Phil Loadholt
1934,Lance Louis
1950,Alex Mack
1952,Jeremy Maclin
1959,Kaluka Maiava
1979,SenDerrick Marks
1992,Sherrod Martin
1993,Vaughn Martin
1998,Tim Masthay
2003,Clay Matthews
2009,Rey Maualuga
4767,Josh Mauga
2021,Pat McAfee
2029,Brice McCain
2044,Jason McCourty
2049,LeSean McCoy
2055,Clinton McDonald
4781,Steve McLendon
2103,Henry Melton
2105,Jamon Meredith
2125,Zach Miller
2124,Roy Miller III
2139,Mike Mitchell
2141,Fili Moala
2147,Eugene Monroe
2169,William Moore
2172,Knowshon Moreno
2178,Cameron Morrah
2184,Thomas Morstead
2203,Captain Munnerlyn
2207,Louis Murphy
2214,Brandon Myers
2236,Tom Nelson
2252,Hakeem Nicks
4809,Jordan Norwood
2283,Chris Ogbonnaya
2285,Kevin Ogletree
2288,Michael Oher
2289,Rich Ohrnberger
2308,Brian Orakpo
2323,Chris Owens
2332,Curtis Painter
2336,Ashlee Palmer
4820,Jermey Parnell
2355,Bear Pascoe
2375,Cedric Peerman
2398,Brandon Pettigrew
2400,John Phillips
2448,Jerraud Powers
4841,Tanner Purdum
2784,Glover Quin
3321,BJ Raji
4846,Dallas Reynolds
2520,Garrett Reynolds
4647,Garrison Sanborn
1978,Mark Sanchez
2636,Jamarca Sanford
2702,Matt Shaughnessy
4868,AQ Shipley
2722,Lawrence Sidbury Jr
4872,Dan Skuta
2746,Matt Slauson
4874,Alfonso Smith
2754,Andre Smith
952,Evan Smith
2787,Sean Smith
2825,Kory Sperry
4880,CJ Spillman
6302,Matthew Stafford
2885,Ryan Succop
2890,Frank Summers
4888,Nick Sundberg
2908,Brandon Tate
2917,Curtis Taylor
6117,Marcus Thigpen
8232,Mike Thomas
2978,Greg Toler
3020,Tiquan Underwood
3021,Max Unger
3024,Kraig Urbik
3036,Louis Vasquez
4905,Josh Vaughan
3059,Sebastian Vollmer
3079,Vance Walker
3392,Mike Wallace
3130,Lardarius Webb
10850,Pat White
3196,Garry Williams
3202,Jason Williams
3265,Eric Wood
3298,Jarius Wynn
4932,Darrel Young
4529,Phillip Adams
269,Nate Allen
280,Tyson Alualu
303,Javier Arenas
310,Jon Asamoah
311,Larry Asante
316,Geno Atkins
9703,Brandon Banks
387,Zane Beadles
4551,Joique Bell
3336,Arrelious Benn
4554,Aaron Berry
427,Eric Berry
4557,LeGarrette Blount
480,NaVorro Bowman
6291,Sam Bradford
4567,Tramaine Brock
535,Antonio Brown
537,Charles Brown
4577,Stevie Brown
587,Dez Bryant
602,Bryan Bulaga
621,Morgan Burnett
4583,Rafael Bush
632,Crezdon Butler
635,Donald Butler
654,Bruce Campbell
679,Alex Carrington
4593,Nolan Carroll II
5099,Mike Caussin
705,Kam Chancellor
706,Jamar Chaney
4599,Barry Church
736,Jimmy Clausen
4601,Keenan Clayton
757,Terrence Cody
4603,Justin Cole
772,Kurt Coleman
4606,Nate Collins
798,John Conner
4610,Kavell Conner
804,Chris Cook
815,Riley Cooper
4613,Morgan Cox
833,Perrish Cox
6229,Victor Cruz
4620,Jeff Cumberland
860,Jermaine Cunningham
901,Hall Davis
922,Brandon Deaderick
924,Eric Decker
5142,James Develin
947,Dorin Dickerson
948,Ed Dickson
962,Boobie Dixon
4632,Jim Dray
5149,Justin Drescher
1007,Carlos Dunlap
1014,Jonathan Dwyer
1017,Marcus Easley
1021,AJ Edds
1024,Armanti Edwards
4640,Dane Fletcher
1134,Jacoby Ford
1155,Jason Fox
1169,Dominique Franks
4644,Junior Galette
7127,Ben Garland
1222,Clifton Geathers
1228,Toby Gerhart
1230,Brandon Ghee
5191,Josh Gordy
1280,Brandon Graham
1285,Garrett Graham
1286,Jimmy Graham
4660,Clint Gresham
1314,Jermaine Gresham
1316,Everson Griffen
1331,Rob Gronkowski
1343,Joe Haden
1382,Clay Harbor
1386,Greg Hardy
4677,Joe Hawley
1525,Trindon Holliday
1537,Michael Hoomanawanui
1546,Lamarr Houston
4688,Austin Howard
3338,Otis Hudson
1563,Jerry Hughes
4693,Josh Hull
1593,Mike Iupati
4699,Chris Ivory
1611,Kareem Jackson
5265,Lemuel Jeanpierre
1652,John Jerry
4715,George Johnson
1688,Mike Johnson
4722,Arthur Jones
2627,Reshad Jones
1743,Linval Joseph
1751,Mike Kafka
4728,Deji Karim
1829,Brandon LaFell
1834,Austen Lane
1842,Ted Larsen
1847,Shawn Lauvao
1868,Sean Lee
1896,Kendrick Lewis
4748,Thad Lewis
4750,Sean Lissemore
4753,Erik Lorig
4755,Robert Malone
4757,Chris Maragos
4758,Marc Mariani
4762,Jeron Mastrud
4763,Ricardo Mathews
1999,Ryan Mathews
4765,Kevin Matthews
2020,Taylor Mays
4769,Bryan McCann
4771,Robert McClain
7235,Rolando McClain
4772,Jacques McClendon
2041,Dexter McCluster
2043,Devin McCourty
2046,Anthony McCoy
2047,Colt McCoy
2048,Gerald McCoy
4775,Danny McCray
4776,Nick McDonald
2084,Joe McKnight
2087,Sherrick McManis
2109,Zoltan Mesko
2130,Koa Misi
4788,Earl Mitchell
2142,Arthur Moats
4789,Tony Moeaki
4790,Marlon Moore
3342,Derrick Morgan
2206,Jerome Murphy
2228,Mike Neal
4801,David Nelson
2240,Marshall Newhouse
2282,Jared Odrick
2294,Russell Okung
4814,Eric Olsen
4815,Fendi Onobun
2328,Akwasi Owusu-Ansah
4818,Preston Parker
4825,Logan Paulsen
2388,Corey Peters
2410,Jason Pierre-Paul
2414,Dennis Pitta
2445,Maurkice Pouncey
2457,Taylor Price
2470,Andrew Quarless
4847,Vincent Rey
2536,Perry Riley Jr
2548,Andre Roberts
2561,Patrick Robinson
2565,Zac Robinson
4860,Rodger Saffold III
2632,Emmanuel Sanders
2640,Ricky Sapp
2661,O'Brien Schofield
2677,Chris Scott
2686,George Selvie
4865,Andrew Sendejo
2701,Darryl Sharpton
5473,Marcus Sherels
4867,Sam Shields
2714,Jordan Shipley
4869,Mickey Shuler
4871,Eugene Sims
2742,John Skelton
2764,DAnthony Smith
4876,Rusty Smith
4877,Shelley Smith
2828,Brandon Spikes
2830,CJ Spiller
4881,Austin Spitler
4882,RJ Stanford
2847,James Starks
4884,Reggie Stephens
4885,Darian Stewart
2881,Darrell Stuckey
2225,Ndamukong Suh
2899,Stevenson Sylvester
2907,Ben Tate
2909,Golden Tate III
2928,Tim Tebow
4892,Daniel Teo-Nesheim
2942,Cam Thomas
4838,Demaryius Thomas
2947,Earl Thomas III
2969,Walter Thurmond
2988,Adrian Tracy
2994,Torell Troup
4901,Will Tukuafu
5535,Mitch Unrein
3043,Jared Veldheer
3344,Alterraun Verner
7621,Alejandro Villanueva
4909,Bryan Walters
3331,JD Walton
3332,TJ Ward
3103,Daryl Washington
3121,Dekoda Watson
3127,Sean Weatherspoon
4916,JMarcus Webb
4917,Joe Webb
3185,Damian Williams
3186,Dan Williams
4927,Kyle Williams
3231,Trent Williams
9959,Kyle Wilson
3268,Al Woods
3278,Corey Wootton
3281,Doug Worthington
3288,Major Wright
3309,Sam Young
3312,Willie Young
4934,Frank Zombo
5003,Sam Acho
5008,Mario Addison
7645,Danny Aiken
5011,Kamar Aiken
6992,Cortez Allen
4319,Prince Amukamara
4320,David Arkin
5025,Matt Asiata
5027,David Ausberry
4321,Marvin Austin Jr
4322,Akeem Ayers
4323,Allen Bailey
4943,Dan Bailey
5030,Doug Baldwin
4324,Jonathan Baldwin
4326,Joe Barksdale
5034,Tim Barnes
5036,Baron Batch
5041,Byron Bell
4947,Nick Bellore
4328,Ahmad Black
4329,Clint Boling
4330,Matt Bosher
4331,DaQuan Bowers
5063,Cameron Bradfield
4332,Allen Bradford
5066,Bryan Braman
4333,James Brewer
4334,Chykie Brown
5074,Curtis Brown
4335,Jalil Brown
5078,Vincent Brown
5081,Corbin Bryant
4336,Brandon Burton
5089,Josh Bynes
4339,Jordan Cameron
5093,Tommie Campbell
4340,Marcus Cannon
4341,Gabe Carimi
4342,Roc Carmichael
4343,James Carpenter
4344,Bruce Carter
4345,Chris Carter
7668,David Carter
5097,Quinton Carter
4347,Jurrell Casey
4348,Anthony Castonzo
4349,Shaun Chapas
4350,Chimdi Chekwa
4351,Charles Clay
4338,Adrian Clayborn
4352,Randall Cobb
4353,Chris Conte
4355,Chris Culliver
4356,Andy Dalton
4939,Marcell Dareus
5139,Dom DeCicco
6772,Patrick DiMarco
6788,Larry Donnell
4358,Tandon Doss
4359,Ras-I Dowling
5148,Shaun Draughn
5151,Kris Durham
4360,Kenrick Ellis
4363,Nick Fairley
4961,Kai Forbath
5170,Mason Foster
4364,Orlando Franklin
4365,Sione Fua
4366,Brandon Fusco
4367,Blaine Gabbert
5176,Andrew Gachkar
5177,Anthony Gaitor
4368,Clyde Gates
4369,Marcus Gilbert
4370,Marcus Gilchrist
4371,DeJon Gomes
5190,Richard Gordon
4372,AJ Green
4373,Alex Green
4374,Virgil Green
4375,Lawrence Guy
5203,Chris Hairston
4376,Leonard Hankerson
5588,Brandon Harris
5216,DuJuan Harris
4380,Dwayne Harris
5589,Chris Harris Jr
4381,Stanley Havili
4382,Roy Helu
4383,Alex Henery
4967,Mark Herzlich
4384,Cameron Heyward
5238,Chris Hogan
5241,Andre Holmes
4388,Davon House
5246,Rob Housler
4390,Justin Houston
4391,Rodney Hudson
4392,Kendall Hunter
4393,Maurice Hurt
4969,Henry Hynoski
4394,Ben Ijalana
4395,Mark Ingram
7181,Dontrelle Inman
4396,Nate Irving
5043,Ben Jacobs
4398,Jaiquawn Jarrett
4399,Jarvis Jenkins
5270,MD Jennings
4400,Jerrel Jernigan
,Chris Jones
5283,Colin Jones
4402,Julio Jones
7863,Taiwan Jones
4404,Cameron Jordan
4405,Colin Kaepernick
5292,Frank Kearse
4406,Jason Kelce
4407,Lance Kendricks
4408,Shiloh Keo
4409,Jeremy Kerley
4410,Ryan Kerrigan
4411,Daniel Kilgore
4412,Karl Klug
5938,Spencer Lanning
5306,Jamari Lattimore
4414,Mikel Leshoure
4416,Dion Lewis
4717,Greg Little
4418,Corey Liuget
10828,Jake Locker
5319,Ricardo Lockette
4421,DeMarcus Love
4975,Jeff Maehl
4422,Ryan Mallett
5332,Curtis Marsh
4424,Casey Matthews
4425,Cliff Matthews
4426,Byron Maxwell
4427,Colin McCarthy
4428,Terrell McClain
4430,Pernell McPhee
5355,Jake McQuaide
4431,Bruce Miller
7557,Gabe Miller
4432,Von Miller
4433,Dontay Moch
7764,John Moffitt
5368,Mike Mohamed
4435,Denarius Moore
5373,Sterling Moore
4436,Rahim Moore Sr
5374,Joe Morgan
5375,Mike Morgan
5379,Jonas Mouton
4437,DeMarco Murray
5386,Chris Neild
4438,Drake Nevis
4439,Cam Newton
4440,Derek Newton
4441,Stephen Paea
5405,Ron Parker
4442,Niles Paul
5409,Spencer Paysinger
4443,Mike Person
4444,Patrick Peterson
4445,Austin Pettis
4446,Kealoha Pilares
6297,Christian Ponder
4449,Mike Pouncey
4450,Jerrell Powe
4451,Bilal Powell
5429,Chris Prosinski
5000,Terrelle Pryor Sr
4452,Robert Quinn
4453,Will Rackley
5437,Mistral Raymond
4454,Brooks Reed
4456,Jah Reid
4457,Stevan Ridley
6043,Craig Robertson
4458,Aldrick Robinson
4459,Jacquizz Rodgers
7300,Justin Rogers
5455,Brandian Ross
5458,Jeremy Ross
4462,Evan Royster
4464,Kyle Rudolph
4465,Greg Salas
4987,Dane Sanzenbacher
7781,Patrick Scales
4469,Caleb Schlauderaff
4470,DaRel Scott
4471,DaNorris Searcy
4472,Jabaal Sheard
4473,Kelvin Sheppard
4474,Anthony Sherman
4475,Richard Sherman
4476,Derek Sherrod
4477,Cecil Shorts III
4478,Buster Skrine
4479,Aldon Smith
4480,DJ Smith
4481,Jimmy Smith
4482,Lee Smith
5606,Malcolm Smith
4483,Torrey Smith
4484,Tyron Smith
5488,Willie Smith
4485,Nate Solder
4486,Ricky Stanzi
5499,Byron Stingily
4487,Luke Stocker
4489,Phil Taylor
6114,Ryan Taylor
4490,Tyrod Taylor
5095,Josh Thomas
4494,Julius Thomas
9079,JT Thomas III
4994,Cedric Thornton
4495,Jordan Todman
5522,Scott Tolzien
5524,Justin Trattou
4497,DeMarcus Van Dyke
4496,Julian Vandervelde
6136,Shane Vereen
4499,JJ Watt
4500,Ryan Whalen
4504,Muhammad Wilkerson
4505,Aaron Williams
4506,DJ Williams
4997,Ian Williams
5559,Jabara Williams
5560,Jacquian Williams
4508,Ryan Williams
5565,Jimmy Wilson
5613,Stefen Wisniewski
4512,KJ Wright
4513,Shareece Wright
4514,TJ Yates
5308,Joe Young
5002,Emmanuel Acho
6984,Joe Adams
5007,Mike Adams
5014,Frank Alexander
5017,Antonio Allen
5019,Dwayne Allen
5020,Jeff Allen
5022,Justin Anderson
5023,Bryan Anger
5026,Mark Asper
5665,Johnson Bademosi
5028,Edwin Baker
5031,Vick Ballard
5674,Don Barclay
5035,Mark Barron
5038,Kelvin Beachum
5685,Cole Beasley
5044,Travis Benjamin
5045,Bill Bentley
5046,Jake Bequette
5047,Tony Bergstrom
5048,Justin Bethel
5693,Christo Bilukidi
5051,Justin Blackmon
5052,Philip Blake
5695,Valentino Blake
5053,Robert Blanton
5057,Brandon Bolden
5058,Omar Bolden
5703,Brandon Bostick
5060,Brandon Boykin
5061,Jarrett Boykin
5064,Nigel Bradham
5067,Andre Branch
5710,Aaron Brewer
5071,Michael Brockers
5713,Brandon Brooks
5073,Ron Brooks
5719,Bryce Brown
5079,Zach Brown
5080,Ryan Broyles
5082,Randy Bullock
5083,Vontaze Burfict
5085,Miles Burris
5731,Josh Bush
6663,Travaris Cadet
5736,D.J. Campbell
5094,Tank Carder
5742,Garrett Celek
5100,Josh Chapman
5101,Orson Charles
5103,Morris Claiborne
5746,Toney Clemons
5107,Danny Coale
5109,Audie Cole
5747,Derrick Coleman
5111,Tom Compton
5113,Quinton Coples
5117,Kirk Cousins
5119,Fletcher Cox
5120,Jack Crawford
5757,Richard Crawford
5121,Tyrone Crawford
5123,Jared Crick
5124,Juron Criner
5128,BJ Cunningham
5129,Vinny Curry
5130,Mike Daniels
5133,Lavonte David
5134,Austin Davis
5132,Demario Davis
5762,Dominique Davis
5138,David DeCastro
5141,Alfonzo Dennard
7080,Andrew Depaola
5777,Lance Dunbar
5782,Jeremy Ebert
5783,Nate Ebner
5154,Michael Egnew
5155,Rhett Ellison
5164,Coby Fleener
5165,Darius Fleming
5166,Jamell Fleming
5167,Michael Floyd
5168,Nick Foles
5801,Chase Ford
6245,LJ Fort
5174,Terrence Frederick
5809,Isaiah Frey
5810,Tim Fugger
5183,Adam Gettis
5184,Stephon Gilmore
6702,Tashaun Gipson
6664,Chris Givens
5187,Cordy Glenn
5188,Najee Goode
6701,Josh Gordon
5827,Gino Gradkowski
5193,TJ Graham
5195,Cyrus Gray
5834,Jonte Green
5197,Ladarius Green
5836,Chris Greenwood
5198,Robert Griffin III
5201,Winston Guy
5210,James Hanna
5849,Cory Harkey
5213,Chandler Harnish
8340,Erik Harris
7163,Josh Harris
6734,Mike Harris
6734,Mike Harris
5855,Damon Harrison
5224,Casey Hayward
5860,Johnny Hekker
5227,Junior Hemingway
5229,Boom Herron
5230,Akiem Hicks
5232,Donta Hightower
5234,Stephen Hill
5233,Ronnie Hillman
5235,TY Hilton
5242,Lamar Holmes
5245,Jayron Hosley
5247,Jaye Howard
5249,John Hughes III
7716,Charley Hughlett
5884,Duke Ihenacho
5253,George Iloka
5255,Melvin Ingram
5256,Bruce Irvin
5258,Asa Jackson
5261,Malik Jackson
5262,LaMike James
5267,Alshon Jeffery
5268,AJ Jenkins
5269,Janoris Jenkins
5271,Cam Johnson
5272,James- Michael Johnson
5903,Matt Johnson
5278,Trumaine Johnson
5280,Ben Jones
5281,Chandler Jones
5287,Marcel Jones
5288,Marvin Jones Jr
5290,Josh Kaddu
5291,Matt Kalil
5293,Jermaine Kearse
5294,Case Keenum
5296,Senio Kelemete
5921,Dennis Kelly
5297,Mychal Kendricks
5922,Marquette King
5300,Dre Kirkpatrick
5301,Peter Konz
5303,Luke Kuechly
5304,Markus Kuhn
5936,Jeremy Lane
5307,Ronald Leary
5310,Josh LeRibeus
5314,Travis Lewis
6679,Chris Lewis-Harris
5315,Ryan Lindley
5322,Joe Looney
6295,Andrew Luck
5331,Terrell Manning
5598,Brandon Marshall
5334,Doug Martin
5335,Jonathan Martin
5336,Keshawn Martin
5337,Markelle Martin
5338,Mike Martin
5339,Jonathan Massaquoi
5340,Bobby Massie
5341,Rishard Matthews
5347,Shea McClellan
7859,Sean McGrath
5975,Rodney McLeod Jr
5352,Jerron McMillan
5354,Marvin McNutt
5356,Caleb McSurdy
5361,Whitney Mercilus
5363,Lamar Miller
5364,Ryan Miller
5367,Charles Mitchell
5369,David Molk
5371,Kellen Moore
5376,Alfred Morris
5992,Dezman Moses
5378,Brandon Mosley
5392,Lucas Nix
5393,Josh Norman
5394,Brad Nortman
6793,Drew Nowak
6008,Jamize Olawale
5399,Kelechi Osemele
5400,Brock Osweiler
6016,Austin Pasztor
5408,David Paulson
5410,Isaiah Pead
6020,Jeris Pendleton
5412,Nick Perry
5415,Bernard Pierce
5416,Eddie Pleasant
5417,Dontari Poe
5420,DeVier Posey
6024,John Potter
5422,Nate Potter
5424,Shawn Powell
5427,Shaun Prater
5432,Brian Quick
6031,Ryan Quigley
6032,Bobby Rainey
5434,Chris Rainey
5435,Kheeston Randall
5436,Rueben Randle
5438,Riley Reiff
6908,Mike Remmers
5442,Kendall Reyes
6038,Daryl Richardson
6039,Sean Richardson
5446,Trent Richardson
5448,Travian Robertson
6046,Adrien Robinson
7298,Josh Robinson
5451,Keenan Robinson
5452,Trenton Robinson
6048,Trevor Robinson
5453,James Rodgers
5454,Evan Rodriguez
5463,Mohamed Sanu Sr
5467,Mitchell Schwartz
6065,Greg Scruggs
5470,Coty Sensabaugh
6067,DeShawn Shead
6068,Derrick Shelby
5474,Amini Silatolu
6071,Matt Simms
6077,Brad Smelley
5485,Harrison Smith
6082,Michael Smith
5489,Scott Solomon
5493,Sean Spence
5497,Donald Stephenson
5498,Devon Still
6102,Rod Streater
5500,Tommy Streeter
5501,Nathan Stupar
5502,JR Sweezy
5503,Alameda Taamu
6107,Keith Tandy
5504,Ryan Tannehill
6705,Alex Tanney
5508,Brandon Taylor
8231,Michael Thomas
5518,Brandon Thompson
6123,Deonte Thompson
6124,Peyton Thompson
6125,Taylor Thompson
5521,Andrew Tiller
6129,Korey Toomer
5523,Nick Toon
5525,Danny Trevathan
5527,Johnnie Troutman
6131,Justin Tucker
5531,Robert Turbin
5534,DeAngelo Tyson
5536,Courtney Upshaw
6134,Greg VanRoten
5539,Olivier Vernon
5541,Trevin Wade
6138,Bobby Wagner
5544,Blair Walsh
5546,Brandon Washington
5547,Rokevious Watkins
5551,Brandon Weeden
6153,Griff Whalen
5552,Corey White
5553,Tahir Whitehead
6707,Fozzy Whittaker
5557,Kyle Wilber
6978,Brandon Williams
5566,Russell Wilson
6173,Tavon Wilson Sr
5569,Billy Winn
5572,Derek Wolfe
5574,Jerel Worthy
5575,Jarius Wright
5576,Kendall Wright
5577,Devon Wylie
5582,Kevin Zeitler
6182,Greg Zuerlein
5648,Oday Aboushi
6733,Jahleel Addae
6251,Robert Alford
5654,Keenan Allen
5655,Ryan Allen
5657,Kiko Alonso
6252,David Amerson
6694,CJ Anderson
5659,Ziggy Ansah
6723,Marc Anthony
5661,Terron Armstead
5663,Tavon Austin
5664,Jeff Baca
5667,Stedman Bailey
5671,David Bakhtiari
5673,Montee Ball
6253,Johnthan Banks
5677,Matt Barkley
5678,Kenjon Barner
5680,Sam Barrington
6769,Joplo Bartu
5682,David Bass
5686,Steve Beauharnais
5687,Nick Becton
5688,LeVeon Bell
5690,Giovani Bernard
5698,Tommy Bohanon
7410,Travis Bond
5700,Alan Bonner
5702,Jon Bostic
6917,A.J. Bouye
6674,Michael Bowie
5704,Josh Boyce
5705,Josh Boyd
6942,John Boyett
5707,Tyler Bray
5717,Arthur Brown
6892,Justin Brown
5725,Armonty Bryant
5728,Michael Buchanan
5729,Rex Burkhead
6850,Brice Butler
6809,William Campbell
5739,Tank Carradine
6741,Mike Catapano
5741,Braxston Cave
7431,Emmett Cleary
5750,Jaime Collins Sr
6254,Sanders Commings
6876,Will Compton
5753,Jonathan Cooper
6742,Marcus Cooper
7672,Brandon Copeland
6790,Michael Cox
5758,Justice Cunningham
6255,Johnathan Cyprien
6671,BJ Daniels
6857,Cody Davis
6838,JaGared Davis
5763,Knile Davis
7077,Will Davis
7083,Jordan Devey
5770,Quinton Dial
5773,Aaron Dobson
6654,Kevin Dorsey
6746,Jack Doyle
5780,Zac Dysert
5785,Lavar Edwards
5786,Tyler Eifert
6257,Matt Elam
5787,Andre Ellington
5790,Zach Ertz
5791,Gavin Escobar
6794,Josh Evans
5793,Joseph Fauria
7111,Darren Fells
5796,Eric Fisher
5798,Sharrif Floyd
5799,DJ Fluker
6659,Michael Ford
6668,Glenn Foster
5803,Reid Fragel
5806,Travis Frederick
5811,Corey Fuller
5814,Kwame Geathers
5815,William Gholston
5817,Garrett Gilkey
5818,Mike Gillislee
5819,Mike Glennon
5823,Zaviar Gooden
5824,Malliciah Goodman
5825,Marquise Goodwin
5828,Chris Gragg
6258,Dwayne Gratz
5831,MarQueis Gray
5835,Khaseem Greene
6958,Ryan Griffin
6958,Ryan Griffin
5845,Cobi Hamilton
5846,Johnathan Hankins
6835,Duron Harmon
7864,Chris Harper
6745,Demetrius Harris
6796,Jeremy Harris
5859,Tanner Hawkinson
6260,DJ Hayden
6752,Jeff Heath
6817,Brandon Hepburn
5862,Eric Herman
5865,Jordan Hill
6665,Josh Hill
5868,Gerald Hodges Jr
5871,Khaled Holmes
5873,DeAndre Hopkins
5874,Dustin Hopkins
6896,Chris Hubbard
5878,Montori Hughes
5880,Margus Hunt
5883,Justin Hunter
6261,Micah Hyde
6771,Kemal Ishmael
5889,Mike James
5890,Jawan Jamison
5891,DC Jefferson
6728,Tony Jefferson
5893,Brandon Jenkins
5894,Jelani Jenkins
5895,John Jenkins
6871,Ryan Jensen
5897,Luke Joeckel
6704,Charles Johnson
5900,Darius Johnson
5902,Lane Johnson
5905,Nico Johnson
6669,Rufus Johnson
6685,TJ Johnson
5909,Abry Jones
5910,Barrett Jones
8951,Chris Jones
5912,Datone Jones
6760,Don Jones
5915,Jarvis Jones
6263,Landry Jones
5917,Dion Jordan
6869,Kyle Juszczyk
5918,Nick Kasa
5920,Travis Kelce
7203,David King
5923,Tavarres King
5926,AJ Klein
6832,Josh Kline
6759,Jordan Kovacs
5931,Joe Kruger
5932,Edmund Kugbila
6740,Eric Kush
5934,Eddie Lacy
6667,Tim Lelito
5942,Corey Lemonier
6856,Brian Leonhardt
6823,Robert Lester
5943,Kapron Lewis-Moore
5945,Zach Line
5947,Jeff Locke
5948,Bennie Logan
5952,Kyle Long
5953,John Lotulelei
5954,Star Lotulelei
6854,Lamar Mady
9341,Brett Maher
6247,EJ Manuel
5961,Stansly Maponga
6649,Sam Martin
5964,Tyrann Mathieu
5965,Michael Mauti
6675,Benson Mayowa
5966,Miguel Maysonet
5967,Onterio McCalebb
6795,Demetrius McCray
6696,Lerentee McCray
6779,Kevin McDermott
5971,Vance McDonald
6265,TJ McDonald Jr
6722,Bradley McDougald
6703,Leon McFadden
6266,Brandon McGee
5973,Stacy McGee
6851,Matt McGloin
7240,Brandon McManus
6715,Steven Means
6687,Jonathan Meeks
5977,Aaron Mellette
6720,Rashaan Melvin
5980,Christine Michael
7241,Rontez Miles
6267,Dee Milliner
5984,Jordan Mills
5985,Barkevious Mingo
5986,Kevin Minter
5988,Sam Montgomery
5989,Nick Moody
5990,Damontre Moore
5991,Sio Moore
6853,Latavius Murray
7773,Jason Myers
5996,Ryan Nassib
6002,Xavier Nixon
6005,Alec Ogletree
6007,Alex Okafor
6717,Patrick Omameh
6739,Ryan Otten
6011,Vinston Painter
6656,Nate Palmer
6017,Cordarrelle Patterson
6018,Quinton Patton
6023,Sean Porter
6027,Ty Powell
6322,Jordan Poyer
6028,Lonnie Pryor
6029,Justin Pugh
7787,Jarrod Pughsley
7788,Mike Purcell
6030,David Quessenberry
6268,Bacarri Rambo
6033,Joseph Randle
6035,Jordan Reed
6269,Eric Reid
6037,Sean Renfree
6270,Xavier Rhodes
6040,Sheldon Richardson
6041,Theo Riddick
6042,Mychal Rivera
6686,Nickell Robey-Coleman
2200,Denard Robinson
6271,Logan Ryan
6059,Ace Sanders
7312,Colton Schmidt
6767,Ryan Schraeder
6062,Brian Schwenke
6064,Matt Scott
6778,Ryan Seymour
6069,Kawann Short
6072,John Simon
6272,Tharold Simon
6073,Dion Sims
6075,Jamoris Slaughter
6273,Darius Slay Jr
6078,Geno Smith
6083,Quanterus Smith
6906,Rodney Smith
6086,Brad Sorensen
6088,Ryan Spadola
6089,Akeem Spence
6090,Damion Square
6091,Zac Stacy
6900,Daimion Stafford
6100,Kenny Stills
6101,Jake Stoneburner
6103,Caleb Sturgis
6274,DJ Swearinger
6789,Cooper Taylor
6111,Devin Taylor
6276,Jamar Taylor
6657,Lane Taylor
6115,Stepfan Taylor
6116,Manti Teo
7346,Steven Terrell
6913,Adam Thielen
6119,Dallas Thomas
6325,Phillip Thomas
6278,Shamarko Thomas
6833,Kenbrell Thompkins
9299,Chris Thompson
6126,Hugh Thornton
6797,Carson Tinker
6128,Levine Toilolo
6870,Brynden Trawick
6130,JC Tretter
6279,Desmond Trufant
6132,Matthew Tucker
6692,Jeff Tuel
6280,Kenny Vaccaro
6137,Conner Vernon
6651,LaAdrian Waddle
6141,Spencer Ware
6142,Larry Warford
6143,Chance Warmack
6144,Cornelius Washington
6145,Earl Watford
6146,Menelik Watson
7370,Tress Way
6282,BW Webb
6283,Kayvon Webster
6151,Bjoern Werner
7633,John Wetzel
6154,Markus Wheaton
6658,Myles White
6284,JJ Wilcox
8264,Brandon Williams
6161,Brennan Williams
6285,Duke Williams
6162,Jesse Williams
6163,Kerwynn Williams
6813,Michael Williams
7384,Nick Williams
6681,Shawn Williams
7386,Steve Williams
6166,Sylvester Williams
6167,Terrance Williams
6168,Tourek Williams
6169,Trevardo Williams
6890,Vince Williams
6672,Luke Willson
6172,Marquess Wilson
6175,Tyler Wilson
7854,James Winchester
6955,Brad Wing
6178,Brian Winters
6288,Earl Wolff
6179,Cierre Wood
6180,Robert Woods
6289,Khalid Wooten
6770,Paul Worrilow
6290,Blidi Wreh-Wilson
6327,Jared Abbrederis
6982,Kenneth Acker
6328,Davante Adams
6987,Walt Aikens
6329,Maurice Alexander
6991,Beau Allen
6330,Ricardo Allen
6331,Jace Amaro
6333,Dri Archer
6336,Jeremiah Attaochu
7005,Denico Autry
7402,Dion Bailey
7008,Lonnie Ballentine
6338,Anthony Barr
7656,Shaquil Barrett
6339,Lamin Barrow
6340,Odell Beckham Jr
6342,Kelvin Benjamin
6343,Bene Benwikere
6344,Nat Berhe
7658,Jordan Berry
6345,Kapri Bibbs
7019,Ken Bishop
6346,Joel Bitonio
6357,Rob Blanchflower
6347,Alfred Blue
6348,Russell Bodine
7021,Ted Bolser
6351,Blake Bortles
6352,Tre Boston
6353,Chris Boswell
7023,Luke Bowanko
6355,Tajh Boyd
6356,Carl Bradford
7026,Cameron Brate
6358,Bashaud Breeland
6359,Teddy Bridgewater
6360,Justin Britt
6361,Jay Bromley
6362,Terrence Brooks
6363,John Brown
6365,Philly Brown
6366,Preston Brown
6367,Martavis Bryant
6368,Deone Bucannon
6369,Max Bullough
6371,Trey Burton
7035,Malcolm Butler
6372,Michael Campanaro
6373,KaDeem Carey
6374,Derek Carr
6375,Ryan Carrethers
6376,T.J. Carrie
1408,Sergio Castillo
7043,Chandler Catanzaro
6378,Will Clarke
6379,HaHa Clinton-Dix
6380,Jadeveon Clowney
6381,Ross Cockrell
6382,Brandon Coleman
6383,DeAndre Coleman
6385,Aaron Colvin
6386,Brandin Cooks
7064,Brock Coyle
6388,Scott Crichton
6389,Isaiah Crowell
7069,Orleans Darkwa
7074,Mike Davis
7076,Todd Davis
6967,Darqueze Dennard
6966,Pierre Desir
6969,Ahmad Dixon
6393,Brandon Dixon
6394,Aaron Donald
6395,Jonathan Dowling
6396,Dakota Dozier
7096,Laurent Duvernay-Tardif
6398,Kony Ealy
6399,Dominique Easley
6400,Eric Ebron
6402,Kadeem Edwards
6403,Bruce Ellington
6404,Justin Ellis
6405,IK Enemkpali
6406,Quincy Enunwa
6407,Mike Evans
6409,Antone Exum Jr
6410,David Fales
7109,Terrence Fede
8323,Matt Feiler
7112,James Ferentz
6413,Ego Ferguson
6414,CJ Fiedorowicz
6416,Cameron Fleming
6974,Marquis Flowers
6417,David Fluellen
6418,Dee Ford
6419,Khairi Fortt
6422,Devonta Freeman
6961,Nate Freese
8557,Kyle Fuller
6424,Zach Fulton
7123,Taylor Gabriel
6425,Tyler Gaffney
6426,EJ Gaines
6427,Phillip Gaines
6428,Jeremy Gallon
7126,Ben Gardner
6429,Jimmy Garoppolo
6431,Jeremiah George
7131,Garrett Gilbert
6432,Justin Gilbert
7132,Garry Gilliam
6433,Crockett Gillmore
7139,Demetri Goodson
7477,CJ Goodwin
6434,Ryan Grant
6435,Marion Grice
7480,Xavier Grimble
6437,Ryan Groy
6438,RaShede Hageman
6439,Andre Hal
6440,Jon Halapio
7491,Shelby Harris
6442,Jonotthan Harrison
6443,Taylor Hart
6444,Matt Hazel
6446,Seantrel Henderson
6447,Robert Herron
6449,Jeremy Hill
6450,Anthony Hitchens
6451,Zach Hocker
7869,Trey Hopkins
6454,Adrian Hubbard
6962,Josh Huff
6455,Marqueston Huff
7180,Allen Hurns
6971,James Hurst
6456,Carlos Hyde
7509,Kerry Hyder Jr
6459,Andrew Jackson
6460,Bennett Jackson
6461,Gabe Jackson
6463,JaWuan James
6464,Kendall James
6975,Jeff Janis
6465,Stanley Jean-Baptiste
6466,Jackson Jeffcoat
6467,Marcel Jensen
6468,Timmy Jernigan
7187,Ulrick John
6470,Dontae Johnson
7193,Randell Johnson
6471,Storm Johnson
6472,Wesley Johnson
6473,Christian Jones
6474,DaQuan Jones
6977,TJ Jones
6478,Lamarcus Joyner
6479,Devon Kennard
6480,Zach Kerr
6481,Christian Kirksey
6482,Cyrus Kouandjio
8363,Casey Kreiter
6483,Kenny Ladler
6484,Jarvis Landry
6485,Tyler Larsen
6486,Cody Latimer
6487,Demarcus Lawrence
6488,Nevin Lawson
6964,Marqise Lee
6489,Charles Leno Jr
6490,AC Leonard
6492,Taylor Lewan
6970,Brandon Linder
6494,Corey Linsley
6496,Spencer Long
6497,Craig Loston
6498,Cornelius Lucas
6500,Colt Lyerla
6501,Aaron Lynch
6502,Arthur Lynch
6504,Khalil Mack
6507,Johnny Manziel
6508,Cassius Marsh
6509,Kareem Martin
6510,Marcus Martin
6511,Zack Martin
6512,Tre Mason
6514,Jake Matthews
6515,Jordan Matthews
7229,Josh Mauro
6517,AJ McCarron
7548,Justin McCray
6518,Daniel McCullers
6519,Dexter McDougle
6520,Keith McGill II
6521,Jerick McKinnon
7760,Jamie Meder
6522,Zach Mettenberger
6523,Jack Mewhort
6524,Trey Millard
6526,Terrance Mitchell
6527,Donte Moncrief
6528,Zach Moore
7767,James Morris
6530,Stephen Morris
6531,Morgan Moses
6648,CJ Mosley
6535,Trent Murphy
6536,Aaron Murray
7252,Corey Nelson
6538,Jonathan Newsome
6539,Troy Niklas
7562,Roosevelt Nix
6540,Louis Nix III
7256,Andrew Norwell
6541,Kevin Norwood
7262,Branden Oliver
7264,Zach Orr
8392,Tyler Ott
6543,Jeoffrey Pagan
7569,Michael Palardy
7265,Kevin Pamphile
6545,Matt Paradis
7267,Cody Parkey
7269,Tyler Patmon
6548,Mike Pennel
6549,LaDarius Perkins
7783,Adrian Phillips
6550,Kevin Pierre-Louis
7282,Eric Pinkins
6551,Ronald Powell
6552,Walter Powell
6553,Jabari Price
7286,Jay Prosch
6554,Calvin Pryor III
6556,Kelcy Quarles
6557,Kaleb Ramsey
6558,Keith Reaser
6559,Silas Redd Jr
6560,Tevin Reese
6973,Caraun Reid
6561,Trevor Reilly
6563,Ed Reynolds II
7293,Demetrius Rhaney
6566,Cyril Richardson
6567,Paul Richardson
6972,Shaquille Richardson
6568,Weston Richburg
6569,Marcus Roberson
6570,Allen Robinson
6571,Greg Robinson
6572,Bradley Roby
6573,Richard Rodgers
7302,Tavon Rooks
6574,Michael Sam
6575,Bishop Sankey
6576,Cairo Santos
6577,Jalen Saunders
6578,Tom Savage
6579,Michael Schofield
6580,Lache Seastrunk
6581,Austin Seferian-Jenkins
7316,Tyler Shatley
6582,Connor Shaw
6583,Ryan Shazier
6584,Prince Shembo
6585,Charles Sims III
7807,Jeremiah Sirles
7603,Shayne Skov
7323,Kiero Small
6587,Yawin Smallwood
6588,Chris Smith
7605,Keith Smith
6590,Marcus Smith
6591,Telvin Smith
7606,Willie Snead IV
6593,Daniel Sorensen
6594,Dezmen Southward
7339,Marquis Spruill
6595,Tyler Starr
7340,Jimmy Staten IV
6596,Anthony Steen
6597,Shamar Stephen
6599,Ed Stinson
6600,James Stone
6601,Bryan Stork
6602,Devin Street
6603,Xavier Sua-Filo
6604,Vinnie Sunseri
6605,Will Sutton
6606,Travis Swanson
6607,Lorenzo Taliaferro
6608,Brandon Thomas
6965,DeAnthony Thomas
6609,Jemea Thomas
7862,Joe Thomas
6610,Logan Thomas
7350,Juwan Thompson
6612,Khyri Thornton
7831,Fitzgerald Toussaint
6614,Jordan Tripp
6615,Stephon Tuitt
6616,Billy Turner
6617,Trai Turner
7619,Uani Unga
6620,Brent Urban
6621,John Urschel
6652,Kyle VanNoy
6624,Brock Vereen
6625,Jason Verrett
6626,Jimmie Ward
6629,Jaylen Watkins
6630,Sammy Watkins
6631,Chris Watt
7368,Brandon Watts
6632,Larry Webster III
6633,Keith Wenning
7373,Charcandrick West
6634,Terrance West
6636,Ethan Westbrooks
6635,Lavelle Westbrooks
6638,James White
6963,Nikita Whitlock
6639,James Wilder Jr
6640,Andre Williams
6641,Damien Williams
7379,KWaun Williams
8779,Marcus Williams
6642,Avery Williamson
6643,Albert Wilson
8275,Bryan Witzmann
6968,James Wright
6644,Kerry Wynn
6645,David Yankey
6646,Jordan Zumwalt
6981,Ameer Abdullah
6985,Nelson Agholor
6988,Jay Ajayi
7646,DJ Alexander
6989,Kwon Alexander
6990,Mario Alford
6993,Javorius Allen
6996,Adrian Amos
6999,Henry Anderson
7649,David Andrews
7002,Stephone Anthony
7003,Arik Armstead
7004,Cameron Artis-Payne
7654,Kennard Backman
7007,Neiron Ball
7013,Vic Beasley Jr
7014,Blake Bell
7015,Kenny Bell
7017,Michael Bennett
7020,Angelo Blackson
7025,Nick Boyle
7660,Quan Bray
7663,Cariel Brooks
7664,Daniel Brown
7421,DaRon Brown
7029,Jamon Brown
7030,Malcolm Brown
7031,Malcom Brown
7422,Trent Brown
7034,Michael Burton
7665,Tyreek Burwell
8303,Damiere Byrd
7667,Bryce Callahan
7037,Ibraheim Campbell
203,Tevaughn Campbell
7038,A.J. Cann
7040,Joe Cardona
7042,Alex Carter
9728,DeAndre Carter
7044,Anthony Chickillo
7045,Gerald Christian
7046,Frank Clark
7047,Kaelin Clay
7049,TJ Clemmings
7671,Reshard Cliett
7051,Sammie Coates
7052,David Cobb
7434,Justin Coleman
7054,Tevin Coleman
7055,Jalen Collins
7056,Lael Collins
7057,Landon Collins
7058,Chris Conley
7060,Amari Cooper
7061,Xavier Cooper
7438,Christian Covington
7066,Jamison Crowder
8310,Robertson Daniel
7068,Ronald Darby
7675,Matt Darr
7071,Carl Davis
7073,Geremy Davis
9171,Jesse Davis
7078,Tyeler Davison
7081,Andre Debose
7082,AJ Derby
7450,Xzavier Dickson
7084,Quandre Diggs
7085,Stefon Diggs
7088,Andrew Donnal
7089,Phillip Dorsett
7090,Lorenzo Doss
7091,Jamil Douglas
7093,BJ Dubose
7682,Quinton Dunbar
7095,Bud Dupree
7685,Nick Easton
7099,Mario Edwards Jr
272,Sam Eguavoen
7100,Ifo Ekpre-Olomu
7102,Kyle Emanuel
7103,Cameron Erving
7104,Randall Evans
7688,Deshazor Everett
7105,Tayo Fabuluje
7110,Jon Feliciano
9184,Sam Ficken
7114,BJ Finney
7115,Jake Fisher
7116,Ereck Flowers
7117,Trey Flowers
7119,Jalston Fowler
7120,Dante Fowler Jr
7693,Andrew Franks
7122,Devin Funchess
7695,Josh Furman
7124,Charles Gaines
7470,Andy Gallik
7125,Max Garcia
7865,Devin Gardner
7130,Clayton Geathers
7474,Laurence Gibson
7475,Jacoby Glenn
7134,Mark Glowinski
7135,Markus Golden
7136,Eddie Goldman
7137,Senquez Golson
7698,Denzelle Good
7140,Melvin Gordon
7143,Doran Grant
7144,Hroniss Grasu
7146,Garrett Grayson
7147,Chaz Green
7149,Dorial Green-Beckham
7151,Rashad Greene Sr
7152,Randy Gregory
7153,Geneo Grissom
7481,Ladarius Gunter
7154,Rodney Gunter
7155,Todd Gurley II
7482,Obum Gwacham
7484,Bryce Hager
7159,Marcus Hardison
7160,Justin Hardy
7161,Eli Harold
7489,Anthony Harris
7165,Jarvis Harrison
7492,Bobby Hart
7166,Rob Havenstein
7168,Ben Heeney
7169,Taylor Heinicke
7170,Amarlo Herrera
7171,Jeff Heuerman
7712,Neville Hewitt
7172,Jordan Hicks
7502,Troy Hill
7174,Kenny Hilliard
7175,Gerod Holliman
7507,Mike Hull
7717,Adam Humphries
7177,DJ Humphries
7178,Brett Hundley
7179,Danielle Hunter
7510,Martin Ifedi
7512,Joey Iosefa
7719,David Irving
8352,Edwin Jackson
7182,Tre Jackson
7184,Jesse James
7185,Grady Jarrett
7186,Kyshoen Jarrett
7721,Darius Jennings
7190,David Johnson
7723,Isaiah Johnson
7192,Kevin Johnson
7725,Malcolm Johnson
7191,Duke Johnson Jr
7196,Byron Jones
7199,Matt Jones
7726,Harold Jones-Quartey
7200,Eric Kendricks
7201,Hauoli Kikaha
7202,Darius Kilgo
7731,Akeem King
7732,Brandon King
7204,Arie Kouandjio
7205,Ben Koyack
7206,Tyler Kroft
9338,Jake Kumerow
7734,Matt Lacosse
7525,Josh Lambo
7736,Kendall Lamm
7207,Jeremy Langford
7739,Khari Lee
7211,Dezmin Lewis
7212,Tony Lippett
7214,Tyler Lockett
143,Ty Long
7742,Rick Lovato
7221,Craig Mager
7539,Greg Mancz
8375,Chris Manhertz
7222,Sean Mannion
6979,Marcus Mariota
7542,Dean Marlowe
7223,Ali Marpet
7225,Shaq Mason
7228,Lorenzo Mauldin IV
7230,Vince Mayle
7231,David Mayo
7232,Tre McBride
7233,Bobby McCain
7755,Dexter McDonald
7239,Benardrick McKinney
7761,Cameron Meredith
7762,Brian Mihalik
7242,John Miller
7763,Tevin Mitchel
7244,Ty Montgomery
7765,Corey Moore
7766,Anthony Morris
7245,Mitch Morse
7768,Raheem Mostert
7769,Deiontrez Mount
7247,Keith Mumphery
7248,Marcus Murphy
7771,Ryan Murphy
7250,Robert Myers Jr
7253,JJ Nelson
7255,Steven Nelson
7775,Taurean Nixon
7563,Rakeem Nunez-Roches
7564,Mark Nzeocha
7257,Nick O'Leary
7779,James O'Shaughnessy
9878,Efe Obada
7259,Owa Odighizuwa
7260,Cedric Ogbuehi
7263,Nate Orchard
7266,DeVante Parker
7268,David Parry
7272,Andrus Peat
7274,Breshad Perriman
7276,Denzel Perryman
7277,Marcus Peters
7278,Bryce Petty
7280,Darius Philon
7281,Bradley Pinion
7283,Terry Poole
7284,Jeremiah Poutasi
7287,MyCole Pruitt
7582,Hayes Pullard III
7289,Damarious Randall
7290,Thomas Rawls
7291,Shane Ray
8405,Chris Reed
7791,Austin Reiter
7294,Jordan Richards
7797,Christian Ringo
7296,Aaron Ripkowski
7800,Darryl Roberts
7297,Corey Robinson
7591,Edmond Robinson
5450,Josh Robinson
7801,Jake Rodgers
8411,Eli Rogers
7301,Quinten Rollins
7304,Eric Rowe
7305,Ryan Russell
7306,Jake Ryan
7307,Ty Sambrailo
7308,James Sample
7311,Brandon Scherff
7317,Josh Shaw
7318,Danny Shelton
7600,Austin Shepherd
7319,JaCorey Shepherd
7805,Trevor Siemian
7806,Ian Silberman
7601,Deon Simon
573,Alex Singleton
7324,DeAndre Smelter
7327,Derron Smith
7328,Devin Smith
7326,DJoun Smith
7329,Donovan Smith
7332,Preston Smith
7333,Tye Smith
7335,ZaDarius Smith
7817,Kristjan Sokoli
7336,Martrell Spaight
7818,Quinton Spain
7338,Evan Spencer
7821,Neal Sterling
7822,Tony Steward
7341,Jaelen Strong
7823,Geoff Swaim
7342,Damian Swann
7344,Jaquiski Tartt
7345,Randall Telfer
7351,Mykkele Thompson
7352,Shaq Thompson
7353,Tyrus Thompson
7830,John Timu
7614,Eric Tomlinson
7355,Laken Tomlinson
628,Zach Triner
7356,Davis Tull
7834,Will Tye
7358,CJ Uzomah
7359,Max Valles
166,James Vaughters
7363,Clive Walford
7839,Tray Walker
7365,Darren Waller
7366,LT Walton
7371,Trae Waynes
7644,Kevin White
8451,Jermaine Whitehead
7847,Lucky Whitehead
7848,Cody Wichmann
8454,Matt Wile
7378,Daryl Williams
8456,DeShawn Williams
7381,Leonard Williams
7382,Maxx Williams
7385,PJ Williams
7852,Tyrell Williams
7853,Xavier Williams
7380,Karlos Williams Sr
7389,Damien Wilson
7390,Ramik Wilson
6980,Jameis Winston
7393,Gabe Wright
7394,TJ Yeldon
7395,Zach Zenner
8280,Andrew Adams
7871,Jerell Adams
7873,Roberto Aguayo
7874,Mackensie Alexander
7875,Vadal Alexander
7876,Brandon Allen
7878,Geronimo Allison
7880,Chosen Anderson
7883,Eli Apple
7884,Demarcus Ayers
7886,Peyton Barber
8291,Adairius Barnes
7888,Trevor Bates
7890,Willie Beavers
7891,Vonn Bell
7892,Caleb Benenoch
7895,Andrew Billings
7896,Ronald Blair III
7897,Austin Blythe
8297,Briean Boddy-Calhoun
7898,Evan Boehm
7899,Moritz Boehringer
7900,Devante Bond
7901,Devontae Booker
7902,Joey Bosa
7903,Tyler Boyd
7904,Trevone Boykin
7905,James Bradberry
7906,Ben Braunecker
7907,Daniel Braverman
7908,Jake Brendel
7911,Jacoby Brissett
7912,Zac Brooks
7913,Kentrell Brothers
7914,Anthony Brown
7917,Jatavis Brown
7920,DeForest Buckner
7921,Jonathan Bullard
7922,Aaron Burbridge
8302,James Burgess
7924,Artie Burns
7925,Juston Burris
7926,Deon Bush
7927,Vernon Butler
7928,Kevin Byard
7931,Trey Caldwell
7932,Shilique Calhoun
7934,Joe Callahan
7935,DeVondre Campbell
7936,Kameron Canaday
7937,Maurice Canady
7939,Leonte Carroo
7944,Marqui Christian
7946,Donavon Clark
7947,Kenny Clark
7948,LeRaven Clark
7949,Jake Coker
7950,Corey Coleman
7951,Shon Coleman
9161,Trevon Coley
7952,Alex Collins
7953,Maliek Collins
7954,Jack Conklin
7955,Connor Cook
7957,Fahn Cooper
7958,Pharoh Cooper
7960,Cody Core
7961,Kamalei Correa
7962,Blake Countess
7964,Sua Cravens
8308,Ken Crawley
8309,Alan Cross
7965,Joe Dahl
7967,Steven Daniels
7968,Sean Davis
7969,Trevor Davis
7971,Sheldon Day
7974,Taylor Decker
7975,Seth Devalve
7976,KJ Dillon
7977,Kenneth Dixon
7978,Riley Dixon
7979,Josh Doctson
7980,Kevin Dodd
7981,Vontarrius Dora
7983,Brandon Doughty
7984,Kenyan Drake
7985,Spencer Drango
7986,Jeff Driskel
7987,Thomas Duarte
7990,Lachlan Edwards
7991,Parker Ehinger
7993,Ezekiel Elliott
7996,Alex Erickson
7997,Tyler Ervin
7998,Marwin Evans
7999,Kyler Fackrell
8000,Kaimi Fairbairn
8319,George Fant
8320,Matthias Farley
8001,Travis Feeney
8002,Clayton Fejedelem
9183,Reid Ferguson
8005,Leonard Floyd
8006,Josh Forrest
3183,Joe Fortunato
8325,Morgan Fox
8008,Kavon Frazier
8013,Kendall Fuller
8014,Will Fuller V
8015,Joshua Garnett
8017,Rico Gathers
8018,Reggie Gilbert
8019,Graham Glasgow
8021,Jared Goff
8022,BJ Goodson
8023,Adam Gotsis
8025,Jakeem Grant
8026,TJ Green
8334,Glenn Gronkowski
8029,Kamu Grugier-Hill
8030,Christian Hackenberg
8032,Joe Haeg
8033,Deiondre Hall
9194,Marvin Hall
9195,CJ Ham
8336,Antonio Hamilton
8035,Javon Hargrave
8036,Vernon Hargreaves III
8341,Maurice Harris
8040,Jerald Hawkins
8041,Josh Hawkins
8042,Joel Heath
8044,Temarrick Hemingway
8045,Derrick Henry
8046,Hunter Henry
8048,Willie Henry
8050,Tyler Higbee
8051,Rashard Higgins
8052,Tyreek Hill
9203,Mike Hilton
8054,Kevin Hogan
8055,Tyrone Holmes
8057,Austin Hooper
8059,DeAndre Houston-Carson
8060,Jordan Howard
8347,Tracy Howard
8061,Xavien Howard
8062,Joey Hunt
8063,Germain Ifedi
8064,Matthew Ioannidis
8066,Myles Jack
8935,Darius Jackson
8067,William Jackson III
8070,Cory James
8071,Andy Janovich
8072,Quinton Jefferson
8073,Jordan Jenkins
8075,Austin Johnson
8080,Andy Jones
8081,Cardale Jones
5282,Chris Jones
8083,Cyrus Jones
8084,Deion Jones
8085,Jonathan Jones
9541,Mike Jordan
8087,Karl Joseph
8088,Matthew Judon
8089,Ted Karras
8090,Drew Kaser
8092,Bronson Kaufusi
8093,Jayron Kearse
8360,Robert Kelley
8094,Ryan Kelly
8361,Joe Kerridge
8095,Cody Kessler
8096,Miles Killebrew
8097,Derrick Kindred
8101,Nick Kwiatkoski
8103,Jimmy Landes
8365,Chris Landrum
8104,Daniel Lasco
8106,Kenny Lawler
8107,Shaq Lawson
8368,CreVon LeBlanc
8108,Darron Lee
8111,Alex Lewis
8371,Tommy Lee Lewis
8114,Kolby Listenbee
8373,Cory Littleton
8116,Steve Longa
8118,Ricardo Louis
8119,Dean Lowry
8120,Jordan Lucas
8121,Devin Lucien
8374,Wil Lutz
8122,Paxton Lynch
8127,Jalin Marshall
8128,Keith Marshall
8130,Blake Martinez
8131,Tyler Matakevich
8138,Alex McCalister
9565,Connor Mcgovern
8143,JD McKissic
9237,Tony McRae
8145,Paul McRoberts
9239,Jaydon Mickens
8147,Braxton Miller
8148,Harlan Miller
8149,Jalen Mills
8383,Christopher Milton
8151,Malcolm Mitchell
8153,Chris Moore
8154,David Morgan II
8155,Antonio Morrison
8156,Kyle Murphy
8157,Eric Murray
8159,Carl Nassib
8160,Keanu Neal
8386,Sharrod Neasman
8162,Yannick Ngakoue
8163,Dadi Nicolas
8164,Robert Nkemdiche
8167,Rees Odhiambo
8168,Emmanuel Ogbah
8389,Romeo Okwara
8391,Patrick Onwuasor
8169,David Onyemata
8170,Will Parks
9262,Lucas Patrick
8171,Jordan Payton
8172,Charone Peake
8394,Kyle Peko
9265,Elijhaa Penny
516,Taybor Pepper
8395,Joshua Perkins
8173,Paul Perkins
8174,Joshua Perry
8175,Kevin Peterson
8397,Michael Pierce
8177,Brian Poole
8179,Dak Prescott
8400,Brian Price
8183,CJ Prosise
8401,Spencer Pulley
8184,Reggie Ragland
8185,Jalen Ramsey
8186,Sheldon Rankins
8402,Kalif Raymond
8187,DJ Reader
8190,Will Redmond
8191,Jarran Reed
8192,Kalan Reed
8193,Keenan Reynolds
8407,Luke Rhodes
8408,Jalen Richard
8194,Hassan Ridgeway
8195,Elandon Roberts
8196,Roy Robertson-Harris
8197,AShawn Robinson
8198,Demarcus Robinson
8200,Rashard Robinson
8410,Chester Rogers
9279,Aldrick Rosas
8201,Jake Rudock
8203,KeiVarae Russell
8204,Zack Sanchez
8205,Beau Sandland
8206,Joe Schobert
8207,Wes Schweitzer
8418,Rashawn Scott
8419,Ian Seau
8208,Isaac Seumalo
8421,Kevon Seymour
8211,Tajae Sharpe
8212,Brandon Shell
8213,Sterling Shepard
8214,Justin Simmons
8215,LeShaun Sims
9288,Matt Skura
8217,Wendell Smallwood
8218,Jaylon Smith
9923,Ryan Smith
8220,Terrance Smith
8222,Noah Spence
8223,Jason Spriggs
8225,Ronnie Stanley
8226,Nate Sudfeld
8228,Charles Tapper
8229,Kelvin Taylor
8230,John Theus
6762,Michael Thomas
8435,Mike Thomas
8233,Darian Thompson
8235,Joe Thuney
8236,Cole Toner
8238,Laquon Treadwell
8239,Sebastian Tretola
8240,Max Tuerk
8241,Laremy Tunsil
8243,Hal Vaitai
8244,Vincent Valentine
8246,Nick Vannett
8247,Nick Vigil
8248,Danny Vitale
8249,Joe Walker
8250,Aaron Wallace
8251,Jihad Ward
8252,Adolphus Washington
8253,DeAndre Washington
8254,Dwayne Washington
8255,Derek Watt
8256,Stephen Weatherly
8258,Carson Wentz
8259,Christian Westerman
8260,DJ White
8262,Cody Whitehair
8263,Antwione Williams
6160,Brandon Williams
9957,Isaiah Williams
8266,Jonathan Williams
8458,Trevor Williams
8460,Jarrod Wilson
9322,Zach Wood
8268,Jonathan Woodard
9320,Antwaun Woods
8269,Daryl Worley
8270,Scooby Wright III
8272,Avery Young
8273,Tavon Young
8274,Anthony Zettel
9356,Justin Zimmer
9357,Brandon Zylstra
8554,D'Onta Foreman
8463,Jamal Adams
9131,Keion Adams
8464,Montravius Adams
8465,Rodney Adams
9132,Jamal Agnew
9697,Mo Alie-Cox
8799,Brian Allen
8799,Brian Allen
8793,Jonathan Allen
9135,Kofi Amichia
8468,Ryan Anderson
9136,Eli Ankou
8469,Alex Anzalone
9137,Alex Armah
9702,Dan Arnold
8470,Isaac Asiata
8471,Chidobe Awuzie
8472,Budda Baker
8474,Zach Banner
8475,Derek Barnett
9139,Alex Barrett
8476,Tarell Basham
8477,CJ Beathard
8478,Kendell Beckwith
8479,Vincent Beigel
8480,Adam Bisnowaty
8482,Garett Bolles
9146,Kendrick Bourne
8485,Tashawn Bower
8486,Tyus Bowser
8488,Caleb Brantley
9149,Matt Breida
8489,Blair Brown
8491,Jayon Brown
8492,Noah Brown
8493,Pharaoh Brown
8495,Daniel Brunskill
8498,Harrison Butker
9151,Adam Butler
8499,Jake Butt
9328,Austin Calitro
8501,Joshua Carraway
9727,Jordan Carrell
8502,Chris Carson
8505,Taco Charlton
8506,Jehu Chesson
8507,Chuck Clark
8508,Jeremy Clark
8509,Corey Clement
8511,Tarik Cohen
9158,Adrian Colbert
9159,Dylan Cole
9160,Keelan Cole Sr
8512,Stacy Coley
8513,Aviante Collins
8514,Gareon Conley
8515,James Conner
8516,Dalvin Cook
9162,Rashaad Coward
9740,River Cracraft
8519,Zach Cunningham
1644,Scott Daly
8521,Amara Darboh
8522,Julien Davenport
8523,Corey Davis
8524,Jarrad Davis
9172,Michael Davis
8528,Robert Davis
8529,Dion Dawkins
8530,Matthew Dayes
8531,Treston Decoud
8533,Josh Dobbs
8534,Dylan Donahue
8535,Rasul Douglas
9758,Michael Dunn
8537,Malachi Dupre
9177,Samson Ebukam
9178,Trey Edmunds
9179,Austin Ekeler
8540,Corneilus Elder
8541,Patrick Elflein
9181,Ukeme Eligwe
8542,Jake Elliott
8544,Jermaine Eluemunor
8545,Evan Engram
9182,Jordan Evans
8548,Justin Evans
8549,Gerald Everett
8550,Daniel Feeny
9770,Anthony Firkser
8552,Isaiah Ford
8553,Rudy Ford
8555,Reuben Foster
8556,Leonard Fournette
6423,Kyle Fuller
8558,Wayne Gallman
8559,Antonio Garcia
8560,Myles Garrett
8563,Nathan Gerry
8564,Shelton Gibson
8565,Ryan Glasgow
8566,Davon Godshaux
8567,Chris Godwin
8568,Kenny Golladay
8569,Zane Gonzalez
8570,Shaquill Griffin
9193,Matt Haack
8571,Nathan Hairston
8572,Daeshon Hall
9196,Justin Hardee
8574,Sean Harlow
8575,Charles Harris
8577,Josh Harvey-Clemons
8579,Carlos Henderson
8580,DeAngelo Henderson
8581,Trey Hendrickson
9200,Thomas Hennessy
8582,Treyvon Hester
8584,Brian Hill
9202,Taysom Hill
8586,Bucky Hodges
8588,Colin Holba
8589,William Holden
8590,Mack Hollins
9204,Jacob Hollister
9205,Joshua Holsey
8591,Elijah Hood
8592,Malik Hooker
8594,OJ Howard
8595,Marlon Humphrey
8597,Kareem Hunt
8598,Daniel Isadora
9207,Joey Ivie V
8599,Adoree Jackson
8600,Eddie Jackson
9209,Blake Jarwin
8601,Rayshawn Jenkins
8603,Dorian Johnson
9211,Isaiah Johnson
8605,Jaleel Johnson
8606,John Johnson
8607,Roderick Johnson
8608,Cameron Johnston
8609,Aaron Jones
9214,Derrick Jones
9825,Joseph Jones
405,Josh Jones
8614,Nazair Jones
8611,Zay Jones
8615,Sidney Jones IV
8616,Brad Kaaya
8617,Alvin Kamara
8618,Damontae Kazee
9219,Chad Kelly
8620,Desmond King
8621,Kevin King
8622,George Kittle
8623,Deshone Kizer
9837,Younghoe Koo
8625,Tanoh Kpassagnon
968,Christian Kuntz
8626,Cooper Kupp
8627,Forrest Lamp
8631,Brendan Langley
8632,Marshon Lattimore
8633,Carl Lawson
8635,Jeremiah Ledbetter
9223,Elijah Lee
8637,Marquel Lee
8638,Jordan Leggett
9848,Lance Lenoir
8640,Corey Levin
8641,Jourdan Lewis
8644,TJ Logan
8645,Shalom Luani
8647,Marlon Mack
8648,Patrick Mahomes II
8649,Josh Malone
8653,Arthur Maulet
8654,Marcus Maye
9234,Devante Mays
8655,Christian Mccaffrey
8656,Conor Mcdermott
8657,Malik Mcdowell
8658,Elijah Mcguire
8659,Isaiah Mckenzie
8660,Takkarist Mckinley
8661,Raekwon Mcmillan
8662,Jeremy Mcnichols
9236,Leon McQuay III
8663,Obi Melifonwu
8664,Matt Milano
9241,Joe Mixon
9243,David Moore
9244,Kenny Moore ll
8665,Fabian Moreau
9246,Nicholas Morrow
8668,Avery Moss
8669,Taylor Moton
8670,Al-Quadin Muhammad
9247,Khalfani Muhammad
9870,Nick Mullens
9248,Johnny Mundt
9249,Calvin Munson
8671,Jalen Myrick
9250,Kai Nacua
9251,Jojo Natson
8672,Montae Nicholson
8674,David Njoku
9254,Storm Norton
9255,Pat O'Connor
9256,Ifeadi Odenigbo
9257,Chris Odom
8679,Dare Ogunbowale
8680,Larry Ogunjobi
9259,Ricky Ortiz
8683,Zach Pascal
9263,Tim Patrick
8684,Jabrill Peppers
8685,Samaje Perine
8686,Nathan Peterman
8689,Ethan Pocic
8690,Ejuan Price
8691,Donnel Pumphrey
8692,Elijah Qualls
8694,Ryan Ramczyk
8696,Haason Reddick
8698,Jalen Reeves-Maybin
8700,Josh Reynolds
9274,Patrick Ricard
8701,Duke Riley
8702,Derek Rivers
8703,Michael Roberts
8705,Cam Robinson
8707,Isaac Rochell
8709,Sam Rogers
8711,John Ross
8712,Chase Roullier
8713,Travis Rudolph
8714,Cooper Rush
8716,Curtis Samuel
9282,Rigoberto Sanchez
8717,Eric Saubert
9284,Mason Schreck
8719,Ricky Seals-Jones
9286,Brad Seaton
8720,Justin Senior
8721,Adam Shaheen
8722,David Sharpe
8726,Nico Siragusa
8727,Dan Skipper
8728,Tanzel Smart
8731,Jonnu Smith
8729,JuJu Smith-Schuster
8732,Dawuane Smoot
8733,Jeremy Sprinkle
8736,Ardarius Stewart
9293,Grover Stewart
8738,Cameron Sutton
8739,Ryan Switzer
8740,Teez Tabor
8741,Cordrea Tankersley
8742,Pita Taumoepenu
8743,Taywan Taylor
8744,Trent Taylor
8745,Vincent Taylor
8746,Samiuela Tevi
8750,Solomon Thomas
8751,Tedric Thompson
8752,Jack Tocho
9942,Cameron Tom
8753,Dalvin Tomlinson
9943,Robert Tonyan
8756,Mitchell Trubisky
9302,Josh Tupou
9304,Michael Tyson
8761,Tanner Vallejo
8762,Eddie Vanderdoes
167,Colby Wadman
8764,Anthony Walker
8766,Demarcus Walker
168,PJ Walker
646,Greg Ward
9308,Jylan Ware
8768,Carlos Watkins
8769,Deshaun Watson
8770,TJ Watt
8771,Davis Webb
8772,Dede Westbrook
8773,Chad Wheeler
8774,Marquez White
8775,TreDavious White
9312,Elijah Wilkinson
9313,Chad Williams
8777,Jamaal Williams
8778,Joseph Williams
9316,Marquez Williams
8780,Mike Williams
8782,Timothy Williams
8783,Jordan Willis
8785,Bobo Wilson
9317,Brandon Wilson
9318,Eric Wilson
8784,Howard Wilson
8786,Quincy Wilson
8787,Deatrich Wise
8788,Ahkello Witherspoon
8789,Xavier Woods
8790,Christopher Wormley
9963,Andrew Wylie
9323,DeAngelo Yancey
9696,Matthew Adams
8795,Ola Adeniyi
8796,Jordan Akins
8797,Jaire Alexander
8800,Josh Allen
8800,Josh Allen
9699,Kyle Allen
24,Marcus Allen
9700,Abdullah Anderson
8802,Mark Andrews
8803,Troy Apke
9701,Cornell Armstrong
8804,Dorance Armstrong
8805,Ade Aruna
8806,Marcell Ateman
8807,John Atkins
8808,Anthony Averett
8809,Genard Avery
8810,Mike Badgley
8811,Jerome Baker
8812,Kalen Ballage
8813,Saquon Barkley
8814,JT Barrett
8815,Jessie Bates III
8817,Nick Bawden
9705,Chad Beebe
9706,JaWhaun Bentley
8820,Braxton Berrios
8821,Keishawn Bierria
9709,Chris Board
9710,Ike Boettger
9325,Corey Bojorquez
9326,Mike Boone
9714,Tim Boyle
9327,Bradley Bozeman
9715,Hunter Bradley
9719,Evan Brown
8827,Tony Brown
8828,Taven Bryan
8829,Oren Burks
8832,Deon Cain
8833,Antonio Callaway
9726,Elijah Campbell
9329,Trenton Cannon
8835,Dylan Cantrell
8836,Alex Cappa
8838,Daniel Carlson
9330,Jermaine Carter
8840,Lorenzo Carter
8841,Andre Chachere
8842,Sean Chandler
8843,DJ Chark
8844,Geron Christian
8845,Bradley Chubb
8846,Nick Chubb
8847,Jack Cichy
8848,Will Clapp
8851,Mason Cole
8852,Tyler Conklin
9331,Logan Cooke
8853,Austin Corbett
8854,Keke Coutee
8855,Chris Covington
8857,Tyrell Crosby
9332,Keion Crossen
8858,Dane Cruikshank
9742,Korey Cunningham
8860,Trevor Daniel
8859,James Daniels
8861,Sam Darnold
8862,Marcus Davenport
8864,Carlton Davis
9744,Jalen Davis
9746,Tae Davis
8865,Duke Dawson
8866,Dee Delaney
8868,Jamil Demby
8869,Matt Dickerson
8870,Michael Dickson
8871,Will Dissly
9754,Kendall Donnerson
9755,Devante Downs
9761,Ross Dwelley
8873,Chase Edmonds
8874,Terrell Edmunds
8875,Tremaine Edmunds
9764,Gus Edwards
8876,Duke Ejiofor
9765,Daniel Ekuale
8877,Deshon Elliott
8879,Danny Etling
8880,Rashaan Evans
8881,Brandon Facyson
8882,Luke Falk
8884,Foley Fatukasi
9769,Sharif Finch
8886,Kylie Fitts
8887,Minkah Fitzpatrick
8890,Tre Flowers
9774,Mike Ford
9333,Poona Ford
8891,Robert Foster
9775,Reece Fountain
3192,Mitchell Fraboni
9777,Zaire Franklin
8892,John Franklin-Myers
8894,Joshua Frazier
8895,Royce Freeman
8896,Troy Fumagalli
9779,Russell Gage Jr
8897,Michael Gallup
9780,Dennis Gardeck
8898,Nick Gates
8899,Rashaan Gaulden
8900,Mike Gesicki
8901,Dallas Goedert
8902,Colby Gossett
9786,JT Gray
8904,Rasheem Green
9788,Raven Greene
8905,Shaquem Griffin
8906,Derrius Guice
8907,Grant Haley
9336,PJ Hall
8908,Daesean Hamilton
8910,Dashawn Hand
8911,Davontae Harris
9792,Demone Harris
8912,Marcell Harris
326,Trent Harris
8914,Ronnie Harrison
9795,JC Hassenauer
8915,Marquis Haynes
8920,Will Hernandez
8921,Chris Herndon
9337,Tre Herndon
8923,BJ Hill
8924,Holton Hill
9800,Dontrell Hilliard
8925,Nyheim Hines
130,KhaDarel Hodge
8927,Jalyn Holmes
9805,Travin Howard
8928,Sam Hubbard
9807,Tanner Hudson
8929,Mike Hughes
8930,Hayden Hurst
8931,Mo Hurst
8932,Godwin Igwebuike
8933,Joel Iyiegbuniwe
8934,Ryan Izzo
8936,Donte Jackson
8937,JC Jackson
8938,Josh Jackson
8939,Justin Jackson
8940,Lamar Jackson
8941,Leon Jacobs
8942,Natrell Jamerson
8943,Derwin James
8944,Richie James Jr
8945,Malik Jefferson
8946,Josey Jewell
8947,Danny Johnson
395,DErnest Johnson
393,Jakob Johnson
8948,Kerryon Johnson
8949,Taron Johnson
8952,Jamarco Jones
8953,Justin Jones
8954,Ronald Jones
8955,Sam Jones
9828,Greg Joseph
9827,Sebastian Joseph-Day
8957,Peter Kalambayi
8959,John Kelly
8961,Arden Key
8963,Christian Kirk
9834,Keith Kirkwood
8964,Micah Kiser
9839,Chris Lammons
8966,Harold Landry
8967,Jordan Lasley
8968,Kyle Lauletta
9844,Justin Lawler
8969,Allen Lazard
8970,Tanner Lee
8972,Rick Leonard
8971,Shaq Leonard
8973,Tyquan Lewis
9850,Alex Light
9339,Phillip Lindsay
8975,James Looney
9340,Frankie Luvu
8977,Avonte Maddox
8978,Cole Madison
9342,Jordan Mailata
9343,Jacob Martin
8982,Baker Mayfield
8983,Ray-Ray McCloud
8987,Mike McGlinchey
9344,Alex McGrough
8988,RJ McIntosh
8989,Kahlil Mckenzie
8991,Sony Michel
8992,Anthony Miller
8993,Kolton Miller
8995,DJ Moore
8996,Jmon Moore
8997,Kamrin Moore
9345,Tarvarius Moore
9869,Emmanuel Moseley
9872,Ryan Neal
9000,Siran Neal
9001,Nick Nelson
9002,Quenton Nelson
9003,Bilal Nichols
9004,Parry Nickerson
9874,Ben Niemann
9005,Derrick Nnadi
9006,Kendrick Norton
9007,Joseph Noteboom
9008,Uchenna Nwosu
9009,Dorian O'Daniel
9010,Brian O'Neill
9880,George Odum
9011,Chukwuma Okorafor
9012,Ogbonnia Okoronkwo
9013,Isaiah Oliver
9347,Foyesade Oluokun
1497,Jonathan Owen
9014,Brandon Parker
9016,Daron Payne
9017,Rashaad Penny
9018,Dante Pettis
9021,Darius Phillips
9022,Harrison Phillips
9024,Eddy Pineiro
9892,Quentin Poling
9893,Brandon Powell
9025,Billy Price
9026,Byron Pringle
9896,Austin Proehl
9897,Matt Pryor
9029,Scott Quessenberry
9030,Trey Quinn
9031,Frank Ragnow
9032,Martinas Rankin
9900,Damion Ratley
9901,Jeremy Reaves
9034,DJ Reed
9035,Justin Reid
9037,Will Richardson
9038,Calvin Ridley
9042,Josh Rosen
9044,Mason Rudolph
9045,Christian Sam
9046,Jaylen Samuels
9349,Jason Sanders
9049,Bo Scarbrough
9909,Austin Schlottmann
9050,Dalton Schultz
9350,Boston Scott
9051,Jaleel Scott
9052,JK Scott
9053,Deadrin Senat
9054,Greg Senat
9055,Tim Settle
9056,Coleman Shelton
9057,Nathan Shepherd
9915,Dakoda Shepley
9916,Trent Sherfield
9918,Trent Sieg
9351,Zach Sieler
9920,Cam Sims
577,Joey Slye
9059,Andre Smith
9060,Braden Smith
9352,Ito Smith
9061,Roquan Smith
9353,Tremon Smith
9062,Trequan Smith
9064,Durham Smythe
9065,Breeland Speaks
9926,Robert Spillane
9067,Equanimeous St. Brown
9068,MJ Stewart
9928,Aaron Stinnie
9069,Kentavius Street
9070,Greg Stroman
9071,Chandon Sullivan
9072,Courtland Sutton
9073,Josh Sweat
9074,Auden Tate
9933,Jullian Taylor
9075,Rod Taylor
9076,Wyatt Teller
9077,Chad Thomas
9078,Ian Thomas
9080,Jordan Thomas
9082,Roc Thomas
9937,Simeon Thomas
9938,Tavierre Thomas
9086,Brett Toth
9087,Johnny Townsend
9945,Jacob Tuioti-Mariner
9089,Kemoko Turay
9947,Ezekiel Turner
164,Malik Turner
9091,Marquez Valdes-Scantling
9092,Leighton Vander-Esch
9093,Vita Vea
9094,Azeem Victor
9097,Tracy Walker
9098,Levi Wallace
9099,Mark Walton
9951,Charvarius Ward
9100,Denzel Ward
9101,Fred Warner
9103,James Washington
9355,Justin Watson
9104,Armani Watts
9112,Kyzir White
9113,Mike White
9110,Jordan Whitehead
9116,Jordan Wilkins
9117,Connor Williams
9955,Darious Williams
9118,Darrel Williams
9956,David Williams
9121,Jeff Wilson
9122,Javon Wims
740,John Wolford
174,Josh Woods
9125,Logan Woodside
9127,Isaiah Wynn
9128,Isaac Yiadom
9129,Kenny Young
9130,Trevon Young
9358,John Abram
9360,Nasir Adderley
9361,Azeez Al-Shaair
1390,Nick Allegretti
9364,Dakota Allen
9366,Zach Allen
9368,Ugo Amadi
76,Calvin Anderson
9369,Rodney Anderson
9370,JJ Arcega-Whiteside
9371,Ryquell Armstead
103,George Asafo-Adjei
9372,Blessuan Austin
1391,Alex Bachman
9373,Jake Bailey
2792,Quinn Bailey
9376,Deandre Baker
9377,Corey Ballentine
9378,Ben Banogu
9380,Alex Bars
9381,Cody Barton
9382,Jackson Barton
9383,Ryan Bates
89,Andrew Beck
9385,Terry Beckner
105,Quinton Bell
9388,Marquise Blair
100,Khari Blasingame
107,David Blough
1400,Jacob Bobenmoyer
102,Curtis Bolton
9390,Nick Bosa
9391,Kris Boyd
9392,Miles Boykin
9393,Garrett Bradbury
9395,Jordan Brailford
108,Chandler Brewer
179,Nate Brooks
109,Cortez Broughton
9397,A.J. Brown
9400,Jordan Brown
9402,Marquise Brown
9399,Jake Browning
9403,Austin Bryant
9404,Isaiah Buggs
9406,Brian Burns
9407,Ben Burr-Kirven
9408,Devin Bush
9410,Hakeem Butler
9411,Yodny Cajuste
9413,Parris Campbell
204,Stephen Carlson
9415,Blake Cashman
9417,Demarcus Christmas
220,AJ Cole III
9418,LJ Collier
9419,John Cominsky
9421,Ryan Connelly
1411,Marquise Copeland
3034,Lester Cotton
9423,Byron Cowart
114,Chandler Cox
9425,Xavier Crawford
9426,Maxx Crosby
116,Austin Cutting
9428,Dennis Daley
9430,Deshaun Davis
9432,Jamal Davis
9433,Nate Davis
9435,Jamel Dean
9436,Michael Deiter
117,Stephen Denmark
9438,Andre Dillard
9441,Tyrel Dodson
118,Michael Dogbe
9442,Greg Dortch
9443,Keelan Doss
9444,Ashton Dulin
9446,Chuma Edoga
9447,David Edwards
9449,TJ Edwards
9450,Emeke Egbule
119,Kaden Elliss
120,Marcus Epps
9451,Bobby Evans
9452,Noah Fant
9453,Rashad Fenton
121,Jaylon Ferguson
9455,Clelin Ferrell
9457,Ryan Finley
1430,Demetrius Flannigan-Fowles
122,Drew Forbes
9459,Cody Ford
868,Jody Fortson
9460,Jack Fox
9461,Hjalte Froholdt
9462,Travis Fulgham
9463,Lamont Gaillard
9464,Greg Gaines
9466,CJ Gardner-Johnson
9467,Rashan Gary
9468,Myles Gaskin
9469,Matt Gay
9470,Zach Gentry
298,Luke Gifford
123,Ulysees Gilbert lll
9471,Joe Giles-Harris
125,Jamie Gillan
124,Cullen Gillapsia
9472,Kevin Givens
9474,Terry Godwin
9475,Carl Granderson
9476,Derwin Gray
9478,Gerri Green
127,Marcus Green
9480,Dre Greenlaw
9481,Will Grier
9482,Porter Gustin
313,Jalen Guyton
881,Kemon Hall
9485,Terez Hall
9486,Saquan Hampton
1440,Blake Hance
9489,Mecole Hardman
9490,Kelvin Harmon
9491,Damien Harris
1443,Darius Harris
329,Jonathan Harris
128,Tim Harris
9492,Will Harris
9493,NKeal Harry
327,Deonte Harty
9495,Dwayne Haskins
9496,Phil Haynes
9498,Darrell Henderson
9499,Nate Herbig
9501,Justice Hill
9502,Trysten Hill
9365,Josh Hines-Allen
9503,TJ Hockenson
357,Devlin Hodges
1452,Cole Holcomb
9505,Justin Hollins
131,Ka'Dar Hollman
9507,Travis Homer
9508,Amani Hooker
9509,Tytus Howard
9510,Albert Huggins
9511,LilJordan Humphrey
9512,Jalen Hurd
9514,Alec Ingold
908,Trenton Irwin
9515,Andrew Isabella
9517,Joe Jackson
9518,Michael Jackson
9520,Josh Jacobs
9521,Andre James
9523,Jalen Jelks
9524,Elgton Jenkins
9525,Gary Jennings
9527,Darryl Johnson
9529,Diontae Johnson
9530,Fred Johnson
7723,Isaiah Johnson
9533,Jaquan Johnson
9534,Keesean Johnson
9536,Olabisi Johnson
135,PJ Johnson
136,Ty Johnson
9537,Daniel Jones
9538,DreMont Jones
8086,Mike Jordan
9543,Vosean Joseph
10405,Nikola Kalinic
9544,Kingsley Keke
410,Tom Kennedy
9545,Brandon Knight
9546,Dawson Knox
416,Jordan Kunaszyk
9548,Dexter Lawrence
9549,Justin Layne
423,John Leglue
1474,Cam Lewis
141,Donnie Lewis Jr
9551,Christopher Lindstrom
9552,Greg Little
9553,Drew Lock
1475,PJ Locke
9556,David Long
9556,David Long
9557,Bryce Love
9558,Julian Love
9559,Alize Mack
9560,Daylon Mack
9561,Iman Marshall
1481,Wes Martin
9562,Alexander Mattison
9563,Erik Mccoy
9564,Kaleb Mcgary
8141,Connor McGovern
455,Chase McLaughlin
9567,Terry Mclaurin
9568,Trace Mcsorley
456,Nate Meadors
457,Patrick Mekari
9569,DK Metcalf
9570,Jakobi Meyers
9571,Joshua Miles
9572,Christian Miller
5601,Jordan Miller
460,Scotty Miller
9574,Shareef Miller
9575,Gardner Minshew II
9576,Dillon Mitchell
465,Bryan Mone
9577,David Montgomery
10465,DJ Montgomery
470,CJ Moore
738,Nick Moore
9579,Foster Moreau
146,Jimmy Moreland
9580,Stanley Morgan
9581,Trayvon Mullen
2104,Byron Murphy
2104,Byron Murphy Jr
9405,Sean Murphy-Bunting
9583,Kyler Murray
482,Sam Mustipher
994,Chris Myarick
9585,Isaac Nauta
484,Nik Needham
9586,Anthony Nelson
1492,Matt Nelson
9587,Yosuah Nijman
486,Keisean Nixon
9588,Bobby Okereke
9589,Ed Oliver
9590,Josh Oliver
9591,Qadree Ollison
498,Gunner Olszewski
9592,Charles Omenihu
9593,Sua Opeta
9594,Amani Oruwariye
1496,Matt Orzech
1498,Donald Parham
9595,Javon Patterson
1501,DelShawn Phillips
522,Kyle Phillips
9597,Ross Pierschbacher
9598,Trey Pipkins III
1646,Anthony Pittman
9599,Jachai Polite
9600,Tony Pollard
9602,Bennett Powers
9603,Germaine Pratt
9604,Isaiah Prince
9606,Taylor Rapp
9609,Sheldrick Redwine
540,Malik Reed
1506,Troy Reeder
9610,Hunter Renfrow
544,Craig Reynolds
9611,Riley Ridley
9612,Dalton Risner
9614,Dontavius Russell
9615,Brett Rypien
9616,Dru Samia
9617,Drew Sample
9618,Deebo Samuel
9619,Miles Sanders
9620,Khalen Saunders
9621,Darnell Savage
9622,Jordan Scarlett
9623,Max Scharping
154,Nick Scott
9625,Austin Seibert
9626,Kendall Sheffield
155,Duke Shelley
9627,Kyle Shurmur
9628,David Sills
156,Jeffery Simmons Jr
572,Steven Sims
9629,Devin Singletary
157,Justin Skule
9630,Chris Slayton
9631,Darius Slayton
9632,Cameron Smith
9635,Kaden Smith
9636,Saivion Smith
9637,Sutton Smith
9638,Benny Snell Jr
158,EJ Speed
9639,Jace Sternberger
9640,Easton Stick
9641,Jarrett Stidham
594,Kevin Strong
9642,Ty Summers
597,Keaton Sutherland
9643,Montez Sweat
9644,Tommy Sweeney
9647,Sione Takitaki
9649,Jahlani Tavai
9650,Jawaan Taylor
1527,Malik Taylor
161,Roderic Teamer
9651,Marvell Tell
1531,Darwin Thompson
9654,Deionte Thompson
1532,Jalen Thompson
9655,Juan Thornhill
9656,Clayton Thorson
9657,Jerry Tillery
9659,Drue Tranquill
10451,KaVontae Turpin
631,Shy Tuttle
9660,Oli Udoh
165,John Ursua
9661,Andrew Van Ginkel
9662,DAndre Walker
9663,Kahale Warring
9664,Armon Watts
9666,Mike Weber
9667,Ken Webster
9668,Trevon Wesco
9670,Antoine Wesley
9672,Devin White
169,Kerrith Whyte
9673,Christian Wilkins
9674,Dexter Williams
9675,Greedy Williams
9677,Joejuan Williams
9678,Jonah Williams
171,Preston Williams
172,Quincy Williams
9679,Quinnen Williams
9680,Trayveon Williams
9682,Khari Willis
9683,Caleb Wilson
9684,Donovan Wilson
9685,Mack Wilson Sr
173,Juwann Winfree
9686,Andrew Wingard
9687,Chase Winovich
9689,Mitchell Wishnowsky
9692,Renell Wren
1103,Matthew Wright
9693,Oshane Ximines
9694,Rock Ya-Sin
688,Olamide Zaccheaus
805,Myles Adams
67,Hakeem Adeniji
69,McTelvin Agim
70,Salvon Ahmed
71,Brandon Aiyuk
72,Cam Akers
2734,Maurice Alexander
6051,Dee Alford
73,Bradlee Anae
74,Tremayne Anchrum Jr
77,Darius Anderson
78,Damon Arnette
79,Grayland Arnold
80,Devin Asiasi
81,Joe Bachie
82,Markus Bailey
2683,Michael Bandy
807,Eric Banks
1395,Krys Barnes
84,Ben Bartch
85,Tyler Bass
86,Essang Bassey
87,Zack Baun
90,Mekhi Becton
92,Eno Benjamin
93,Francis Bernard
94,Tyler Biadasz
820,Asmar Bilal
96,Ross Blacklock
97,Julian Blackmon
99,Rodrigo Blankenship
137,Lynn Bowden Jr.
176,Shaun Bradley
834,Blake Brandel
177,Ben Bredeson
1404,Aaron Brewer
180,Jordyn Brooks
181,Antoine Brooks Jr.
2940,Cam Brown
2940,Cam Brown
189,Derrick Brown
836,T.J. Brunson
193,Harrison Bryant
196,Myles Bryant
197,Terrell Burgess
198,Joe Burrow
199,Cohl Cabral
200,Lawrence Cager
201,Raymond Calais
202,Marquez Callaway
207,Quintez Cephus
208,K'Lavon Chaisson
209,Saahdiq Charles
210,Joseph Charlton
211,Jeremy Chinn
1409,Dan Chisena
847,Cole Christiansen
213,Cameron Clark
1410,Chris Claybrooks
700,Chase Claypool
215,Ezra Cleveland
216,Tyrie Cleveland
217,Josiah Coatney
219,Brian Cole II
221,Kendall Coleman
222,Trystan Colon
1412,Jashon Cornell
1413,Doug Costin
1414,Nathan Cottrell
223,Carter Coughlin
224,Isaiah Coulter
1418,Tae Crowder
225,Kamren Curl
226,Lloyd Cushenberry III
227,DeeJay Dallas
853,Mike Danna
230,Cameron Dantzler
734,Marlon Davidson
235,Ashtyn Davis
237,Carlos Davis
238,Gabriel Davis
240,Khalil Davis
244,Raekwon Davis
245,Akeem Davis-Gaither
247,Josiah Deguara
249,Grant Delpit
250,Trevon Diggs
716,AJ Dillon
1422,Ben DiNucci
257,JK Dobbins
855,Khalil Dorsey
1423,Kevin Dotson
259,Rico Dowdle
261,Jack Driscoll
263,Kyle Dugger
264,Yasir Durant
265,Devin Duvernay
266,Troy Dye
268,Jacob Eason
2080,Austin Edwards
270,Bryan Edwards
271,Clyde Edwards-Helaire
273,Jordan Elliott
275,AJ Epenesa
276,Darrynton Evans
865,Breiden Fehoko
277,Blake Ferguson
281,Leki Fotu
1431,Sam Franklin
282,Jake Fromm
870,Aaron Fuller
285,Jordan Fuller
286,Kristian Fulton
287,Tipa Galeai
288,Neville Gallimore
290,Antonio Gandy-Golden
292,Cale Garrett
293,Jonathan Garvin
295,Willie Gay
2500,Joe Gaziano
297,Antonio Gibson
873,Cam Gill
1432,Reggie Gilliam
878,Blake Gillikin
703,Alohi Gilman
299,Trevis Gipson
300,Jeff Gladney
1434,Jordan Glasgow
1436,Steven Gonzalez
10388,Julian Good-Jones
737,Anthony Gordon
304,AJ Green
305,Jonathan Greenard
880,Jonas Griffith
307,Yetur Gross-Matos
315,Bryce Hall
882,Tyler Hall
3262,Arlington Hambright
317,Davon Hamilton
318,Ladarius Hamilton
739,KJ Hamler
323,Harrison Hand
325,Jake Hanson
331,Nick Harris
332,Malik Harrison
338,JaMycal Hasty
339,Jaylinn Hawkins
341,Charlie Heck
342,CJ Henderson
343,Matt Hennessy
346,Justin Herbert
350,Justin Herron
890,Gavin Heslop
351,Tee Higgins
352,Alex Highsmith
353,John Hightower
696,KJ Hill
354,Lavert Hill
1649,Kendall Hinton
1450,Kyle Hinton
358,Isaiah Hodgins
896,Michael Hoecht
363,Sterling Hofrichter
365,Darnay Holmes
369,Brycen Hopkins
371,Khaleke Hudson
903,Tommy Hudson
1453,Bryce Huff
372,Robert Hunt
1457,Jason Huntley
904,Tyler Huntley
907,John Hurst
704,Jalen Hurts
375,Noah Igbinoghene
377,Keith Ismael
378,Cordel Iwuagwu
382,Austin Jackson
1459,Chris Jackson
383,Dane Jackson
380,Jonah Jackson
379,Trishton Jackson
385,Justin Jefferson
386,Van Jefferson
390,Anfernee Jennings
391,Jauan Jennings
392,Jerry Jeudy
397,Collin Johnson
398,Jaylon Johnson
399,Juwan Johnson
400,Tyler Johnson
401,Clay Johnston
406,Benito Jones
404,Brandon Jones
927,Jamir Jones
707,Tony Jones Jr
709,Khalid Kareem
408,Dalton Keene
409,Joshua Kelley
414,Solomon Kindley
415,Javon Kinlaw
1467,Mason Kinsey
711,Cole Kmet
1469,Niko Lalos
418,CeeDee Lamb
420,Rashard Lawrence
425,Shane Lemieux
1107,Nick Leverett
426,Brian Lewerke
431,Damien Lewis
429,Terrell Lewis
970,LaCale London
433,Jordan Love
4754,Kyle Love
436,Jake Luton
1477,Blake Lynch
437,James Lynch
441,Nnamdi Madubuike
975,Dom Maggio
1479,Cassh Maluia
442,Braden Mann
443,Kamal Martin
1482,Ross Matiscik
1484,Tucker McCann
2594,Liam McCullough
447,Cole McDonald
452,Xavier McKinney
453,Colton McKivitz
458,Josh Metellus
461,Chris Miller
462,Denzel Mims
469,Darnell Mooney
2600,Jaylon Moore
472,James Morgan
473,Thaddeus Moss
474,Zack Moss
695,Larrell Murchison
477,Kenneth Murray Jr
479,Tanner Muse
483,Netane Muti
1491,Gabe Nabers
1610,Lorenzo Neal Jr
485,Lucas Niang
488,Michael Ojemudia
489,Jeff Okudah
712,Julian Okwara
490,Albert Okwuegbunam
496,Dante Olson
500,Michael Onwenu
1495,Chris Orr
502,KJ Osborn
504,Colby Parkinson
506,Dezmon Patmon
508,Shea Patterson
1010,Darrin Paulo
510,Matthew Peart
513,John Penisini
514,Donovan Peoples-Jones
520,Lamical Perine
2111,Bryce Perkins
521,Malcolm Perry
10437,Jeremiah Pharms Jr
524,Jacob Phillips
526,Tyre Phillips
528,James Pierre
531,Danny Pinter
532,Michael Pittman Jr
714,Troy Pride Jr
533,James Proche II
536,Shaquille Quarterman
538,Patrick Queen
539,Jalen Reagor
541,Joe Reed
542,JR Reed
543,John Reid
2112,Giovanni Ricci
1508,Elijah Riley
547,Chauncey Rivers
549,Malcolm Roach
551,Amik Robertson
554,Alton Robinson
553,James Robinson
1512,Kenny Robinson
555,Reggie Robinson II
1513,Isaiah Rodgers
1515,Justin Rohrwasser
10467,Nathan Rourke
1516,Bravvion Roy
1040,Christian Rozeboom
693,Henry Ruggs III
557,Cesar Ruiz
558,Jon Runyan Jr
560,Chapelle Russell
563,Josiah Scott
1517,Vernon Scott
565,Laviska Shenault Jr
569,Isaiah Simmons
1044,Lachavious Simmons
571,John Simpson
1051,Reid Sinnett
574,Arryn Siposs
1055,Sam Sloman
578,James Smith-Williams
579,LJarius Sneed
583,Nate Stanley
584,Terence Steele
585,Logan Stenberg
588,Simon Stepaniak
1520,Tommy Stevens
590,Geno Stone
593,Justin Strnad
595,Jason Strowbridge
596,Stephen Sullivan
598,Freddie Swain
599,DAndre Swift
600,Tua Tagovailoa
1523,Teair Tart
601,Charlie Taumoepeau
608,Alex Taylor
1526,Calvin Taylor
607,Darrell Taylor
605,Davion Taylor
606,JJ Taylor
604,Jonathan Taylor
1528,Sam Tecklenburg
610,AJ Terrell
611,Andrew Thomas
4491,Daniel Thomas
4491,Daniel Thomas
615,Stanley Thomas-Oliver III
617,Calvin Throckmorton
1534,Noah Togiai
618,Casey Toohill
620,Tommy Townsend
5172,Badara Traore
622,Adam Trautman
630,Derrek Tuszka
634,Josh Uche
636,KeShawn Vaughn
638,Kindle Vildor
2658,Corliss Waitman
642,Mykal Walker
3078,Reggie Walker
643,KVon Wallace
2659,Brandon Walton
645,Prince Tega Wanogho
1538,Jonathan Ward
649,Broderick Washington Jr
651,Quez Watkins
659,Curtis Weaver
657,Evan Weaver
1086,Kristian Welch
1539,Nick Westrbook-Ikhine
1088,Tershawn Wharton
10455,Tyrone Wheatley Jr
6155,Cody White
1541,Jace Whittaker
663,Mitchell Wilcox
1093,Kristian Wilkerson
664,Kenny Willekes
667,Darryl Williams
2665,Jarren Williams
1096,TySon Williams
1544,Chris Williamson
670,Jedrick Wills Jr
673,Isaiah Wilson
675,Logan Wilson
678,Robert Windsor
680,Antonine Winfield Jr
681,Tristan Wirfs
683,Charlie Woerner
684,DJ Wonnum
685,Dominick Wood-Anderson
1547,Isaiah Wright
687,Chase Young
692,Jabari Zuniga
2716,Shane Zylstra
1098,Paulson Adebo
1629,Jack Anderson
2070,Zayne Anderson
1315,Tutu Atwell
2766,Kayode Awosika
1207,Kawaan Baker
724,Josh Ball
756,Aaron Banks
780,Christian Barmore
1065,Derrick Barnes
1608,Boogie Basham
1236,Rashod Bateman
1388,John Bates
1135,Joshuah Bledsoe
1598,Quinton Bohanna
977,Nick Bolton
891,Ian Book
752,Larry Borom
1043,William Bradley-King
1003,Brady Breeze
1183,Gary Brightwell
982,K.J. Britt
1632,Deonte Brown
1349,Dyami Brown
2950,Spencer Brown
2950,Spencer Brown
2973,Tre Brown
6222,Bobby Brown III
885,Earnest Brown IV
1041,Baron Browning
1158,Camryn Bynum
1220,Jalen Camp
1355,Tyson Campbell
775,Jackson Carman
1356,Michael Carter
1348,Michael Carter II
1370,JaMarr Chase
816,Camaron Cheeseman
3010,Drue Chrisman
793,Brady Christensen
1147,Andre Cisco
733,Ben Cleveland
1583,Larnel Coleman
1148,Nico Collins
1012,Zaven Collins
910,Jonathon Cooper
824,Samuel Cosmi
1050,Jabril Cox
803,Drew Dalman
1079,Frank Darby
1294,Jaelon Darden
773,Christian Darrisaw
999,Zach Davidson
1589,Jamin Davis
1297,Shawn Davis
794,Wyatt Davis
1329,Divine Deablo
822,Landon Dickerson
2708,Victor Dimukeje
1053,Gerrid Doaks
1627,Tommy Doyle
1358,Brandin Echols
937,Sam Ehlinger
746,Liam Eichenberg
3136,Christian Elliss
1268,DWayne Eskridge
1365,Travis Etienne
1064,Chris Evans
1345,Caleb Farley
732,Matt Farniok
939,Luke Farrell
1130,Simi Fehoko
1078,Demetric Felton
1366,Justin Fields
1094,Tony Fields II
987,Paddy Fisher
1252,Desmond Fitzpatrick
918,Thomas Fletcher
1105,Darrick Forrest
765,Stone Forsythe
874,Feleipe Franks
1377,Pat Freiermuth
762,Will Fries
1063,Jake Funk
1300,Kenneth Gainwell
959,Chris Garrett
1175,Tyree Gillespie
1073,Chauncey Golston
1253,Tay Gowan
817,TaQuon Graham
1206,Thomas Graham Jr
1383,Kylen Granson
1208,Richie Grant
1085,Noah Gray
718,Kendrick Green
848,Robert Hainsey
1217,Darren Hall
1254,Damar Hamlin
1250,Jacob Harris
9793,Najee Harris
9793,Najee Harris
840,Pressley Harvin III
1249,Javian Hawkins
990,Daelin Hayes
1245,Khalil Herbert
3319,Malik Herring
1191,Kylin Hill
1599,Trey Hill
1184,Nate Hobbs
1161,Jevon Holland
1352,Jaycee Horn
1624,Phil Hoskins
1234,Chuba Hubbard
906,Wyatt Hubert
764,James Hudson III
1164,Talanoa Hufanga
729,Creed Humphrey
1104,Caleb Huntley
911,AJ Jackson
912,Deon Jackson
876,Tarron Jackson
1087,Jerry Jacobs
858,Brenden Jaimes
1340,Shemar Jean-Charles
1279,Jermar Jefferson
809,Teven Jenkins
981,Buddy Johnson
919,Caleb Johnson
1638,Jamar Johnson
946,Patrick Johnson
1595,Ernest Jones
1371,Mac Jones
930,Naquan Jones
933,Robert Jones
4572,Tim Jones
884,Patrick Jones II
1379,Brevin Jordan
1281,Kelvin Joseph
923,Joshua Kaindoh
938,Sam Kamara
10408,Devon Key
1038,Malcolm Koonce
966,Tommy Kraemer
1368,Trey Lance
1372,Trevor Lawrence
819,Alex Leatherwood
1344,Richard LeCounte III
1205,Deommodore Lenoir
826,Walker Little
1378,Hunter Long
1623,Roy Lopez
1582,Isaiahh Loudermilk
1585,Jonathan Marshall
1081,Terrace Marshall Jr
1034,Ben Mason
726,Jalen Mayfield
976,Nick McCloud
2099,Ryan McCollum
1046,Isaiah McDuffie
1048,Cameron McGrone
1384,Tre McKitty
1167,Racey McMath
943,Alim McNeill
1189,Zech McPhearson
1601,Evan McPherson
841,Quinn Meinerz
1299,Ifeatu Melifonwu
748,Michal Menet
10423,Jordan Meredith
969,Davis Mills
1591,Dedrick Mills
1213,Dax Milne
1177,Elijah Mitchell
1212,Trevon Moehrig
1341,Elijah Molden
898,Kellen Mond
1162,Elijah Moore
778,Jaylon Moore
1264,Rondale Moore
786,Dan Moore Jr
4741,Quintin Morris
821,Jimmy Morrissey
1166,Israel Mukuamu
767,Josh Myers
1023,Hamsah Nasirildeen
4792,Ryan Neuzil
785,Royce Newman
1360,Dazz Newsome
1273,Greg Newsome II
1054,Nick Niemann
814,Daviyon Nixon
1202,Tre Nixon
1176,Tre Norwood
1180,Kene Nwangwu
799,Dayo Odeyingbo
894,Osa Odighizuwa
1001,Amen Ogbongbemiga
951,Adetokunbo Ogundeji
1032,Azeez Ojulari
850,Levi Onwuzurike
1190,Joseph Ossai
1602,Odafe Oweh
1060,Jeremiah Owusu-Koramoah
1248,Josh Palmer
1642,AJ Parker
1058,Micah Parsons
1009,Jaret Patterson
2110,Riley Patterson
1056,Kwity Paye
3277,Ronnie Perkins
1028,Jaelan Phillips
1013,Jason Pinnock
1375,Kyle Pitts
1052,Cornell Powell
1016,Adam Prentice
1309,Blake Proehl
811,Dillon Radunz
932,Monty Rice
1322,Aaron Robinson
1035,Janarius Robinson
1083,Quincy Roche
1327,Robert Rochell
1263,Amari Rodgers
1193,Larry Rountree III
928,Greg Rousseau
1586,Chris Rumph II
929,Cameron Sample
1289,Asante Samuel Jr
1363,Anthony Schwartz
1321,Trey Sermon
963,Penei Sewell
750,Tyler Shelvin
1587,Jamien Sherwood
1188,Ben Skowronek
768,Rashawn Slater
828,TJ Slaton
789,DAnte Smith
1369,DeVonta Smith
926,Elerson Smith
945,Jordan Smith
1337,Shi Smith
753,Trey Smith
1244,Ihmir Smith-Marsette
1066,Charles Snowden
862,Marquiss Spencer
1621,Donell Stanley
1313,AmonRa StBrown
1157,Brandon Stephens
1290,Caden Sterns
1091,JaCoby Stevens
1332,Marquez Stevenson
1146,Rhamondre Stevenson
1144,Benjamin StJuste
1224,Eric Stokes
1070,Jack Stoll
1143,Mike Strachan
1031,Grant Stuard
950,Chazz Surratt
1301,Patrick Surtain II
1284,Keith Taylor Jr
1350,Ambry Thomas
849,Tommy Togiai
1261,Kadarius Toney
1049,Shaka Toney
861,Khyiris Tonga
902,Kyle Trask
1376,Tommy Tremble
1020,Joe Tryon-Shoyinka
838,Jay Tufele
796,Marlon Tuipulotu
1631,Payton Turner
758,Jaylen Twyman
1590,Cole Van Lanen
776,Alijah Vera-Tucker
1312,Kary Vincent Jr
1374,Jaylen Waddle
1342,Shaun Wade
1237,Tylan Wallace
1238,Garret Wallow
648,Michael Warren II
1082,ArDarius Washington
888,Rashad Weaver
1037,Mark Webb Jr
1069,Pete Werner
1204,James Wiggins
1112,Chris Wilcox
1339,Rachad Wildgoose
1277,Avery Williams
1118,Javonte Williams
1588,Milton Williams
1129,Rodarius Williams
1639,Seth Williams
1124,Marco Wilson
1367,Zach Wilson
1102,Brock Wright
1364,Nahshon Wright
2674,Kenny Yeboah
1634,Landon Young
2723,Tony Adams
1110,Cal Adomitis
1132,Tyler Allgeier
1133,Troy Andersen
10361,Alec Anderson
1136,Tycen Anderson
2676,Andre Anthony
1140,Matt Araiza
2678,AJ Arcuri
1142,Jalyn Armour- Davis
1145,Brian Asamoah
10362,Brandon Aubrey
1150,Calvin Austin
2760,Tre Avery
1152,Tyler Badie
10363,Darrell Baker Jr
1153,Kalon Barnes
1154,Amare Barno
1156,Darrian Beavers
2818,DAnthony Bell
1159,David Bell
1170,Markquese Bell
1168,Daniel Bellinger
1172,Dane Belton
2684,Christian Benford
1173,Terrel Bernard
2842,Raheem Blackshear
2689,Daron Bland
2850,Reed Blankenship
2857,Joey Blount
1181,Nik Bonitto
1182,Thomas Booker
1187,Andrew Booth
1194,Jaquan Brisker
2900,Curtis Brooks
1198,Ben Brown
2931,Brittain Brown
1214,Montaric Brown
1218,Logan Bruss
1219,Coby Bryant
1225,Spencer Burford
1226,Treylon Burks
1231,Matthew Butler
1239,Percy Butler
2067,Grant Calcaterra
2998,Mike Caliendo
1243,Jake Camarda
1247,Chance Campbell
2697,Tariq Carpenter
1255,JaTyre Carter
1256,Zach Carter
1259,Tariq Castro-Fields
1267,Ty Chandler
1269,Leo Chenal
3003,Julius Chestnut
1270,Lewis Cine
1272,Damone Clark
1278,Micheal Clemons
2700,Devin Cochran
3015,Jack Cochrane
1293,Snoop Conner
3022,Tanner Conner
1303,Bryan Cook
1304,James Cook
1317,Matt Corral
3037,Britain Covey
1318,Charles Cross
1319,Nick Cross
1326,DJ Davidson
1333,Jordan Davis
1334,Kalia Davis
2706,Malik Davis
1328,Ty Davis-Price
1347,Nakobe Dean
1351,Dawson Deaton
1354,Austin Deculus
2707,Trevor Denbow
1359,Cameron Dicker
3071,DeShaan Dixon
1470,Jahan Dotson
1471,Romeo Doubs
1550,Greg Dulcich
1554,Cobie Durant
1558,Arnold Ebiketie
1559,Trestan Ebner
1560,Ickey Ekwonu
1561,Kaiir Elam
1565,MJ Emerson
1567,Kingsley Enagbare
1568,Akayleb Evans
1571,Joshua Ezeudu
1572,Erik Ezukanma
1574,Daniel Faalele
1576,Neil Farrell
1577,Jake Ferguson
2713,John Fitzpatrick
1580,Cordale Flott
3169,Dallis Flowers
1604,Jerome Ford
1636,Jonathan Ford
1647,Luke Fortner
3188,Tomon Fox
2498,Elijah Garcia
1712,Sauce Gardner
3232,Jack Gibbens
1732,Trenton Gill
1734,Luke Goedeke
3237,Cameron Goode
1736,Tyler Goodson
1738,Kyler Gordon
1741,Danny Gray
1745,Kenyon Green
1746,Jeffrey Gunter
3255,Troy Hairston
1747,Breece Hall
1750,Logan Hall
1753,Kyle Hamilton
1754,Jake Hansen
2522,Daniel Hardy
2524,Devin Harper
1756,Christian Harris
1757,Kevin Harris
1760,Hassan Haskins
1762,Marquis Hayes
1763,Peyton Hendershot
2527,Matt Henningsen
1764,Connor Heyward
2528,Elijah Hicks
2529,Faion Hicks
1766,Daxton Hill
1767,Chasen Hines
6547,Kurt Hinish
1768,Chris Hinton
3322,Brock Hoffman
2531,Christian Holmes
3408,Timmy Horne
2533,Zander Horvath
2534,James Houston
1770,Sam Howell
4385,Jake Hummel
1771,Aidan Hutchinson
1773,Ed Ingram
1774,Keaontay Ingram
1775,DMarco Jackson
1776,Drake Jackson
1777,Jordan Jackson
2155,Theo Jackson
1778,Joshua Jobe
4509,Brandon Johnson
2540,Kyron Johnson
2542,Nazeeh Johnson
1786,Zion Johnson
2151,Eric Johnson II
1782,Jermaine Johnson II
10402,Shaun Jolly
1787,Braxton Jones
1788,Jack Jones
2562,Jaylon Jones
1789,Marcus Jones
1790,Travis Jones
1791,Velus Jones
4578,Vi Jones
1792,Kerby Joseph
2156,Gregory Junior
1793,Cam Jurgens
1795,George Karlaftis
1797,Derion Kendrick
2566,Ko Kieft
1798,DEriq King
1799,Darian Kinnard
1801,Bam Knight
4611,Kader Kohou
1802,Charlie Kolar
2570,Doug Kramer
10409,Lucas Krull
2572,William Kwenkeu
1803,Quentin Lake
1804,Nate Landman
2573,Kwamie Lassiter II
4624,Raheem Layne
1806,Demarvin Leal
2574,Deane Leonard
1807,Isaiah Likely
1810,Tyler Linderbaum
1811,Alec Lindstrom
1812,Devin Lloyd
1813,Drake London
1814,Vederian Lowe
1815,Abraham Lucas
1817,Chase Lucas
1818,Jesse Luketa
1821,Boye Mafe
1824,Deangelo Malone
4679,Jordan Mason
10415,Luke Masterson
1825,Damarri Mathis
1826,Phidarian Mathis
2577,Christian Matthew
10416,Kanai Mauga
1828,Cade Mays
1830,Trey McBride
4700,Tristin McCollum
1840,Zyon McCollum
1841,Sincere McCormick
1843,Roger McCreary
1844,Trent McDuffie
1846,Micah McFadden
1848,Marcus McKethan
,JaQuan McMillan
1850,Bo Melton
1851,John Metchie
1853,James Mitchell
1854,Max Mitchell
1858,Skyy Moore
10425,Arron Mosby
1860,Chad Muma
1861,Thayer Munford Jr
2602,Nick Muse
2669,Samson Nacua
1863,Jalen Nailor
1864,Evan Neal
10466,Xavier Newman
1866,Otito Ogbonnia
2154,Andrew Ogletree
1867,David Ojabo
1869,Chigoziem Okonkwo
4797,Sam Okuayinonu
2157,Chris Oladokun
1870,Chris Olave
10433,Segun Olubi
4803,Joshua Onujiogu
1871,Esezi Otomewo
1872,Cade Otton
1875,Isaih Pacheco
1876,Dylan Parham
1877,Joshua Paschal
1878,Chris Paul
1881,Trevor Penning
1885,Nick Petit-Frere
1887,Kyle Philips
1888,George Pickens
1889,Kenny Pickett
1890,Alec Pierce
1891,Dameon Pierce
1893,Jalen Pitre
4878,Isaiah Pola-Mao
4902,Kendric Pryor
1899,Brock Purdy
1900,Teagan Quitoriano
1903,Bernhard Raimann
1910,Labryan Ray
1911,Sean Rhyan
1912,Desmond Ridder
1913,John Ridgeway
1914,Ronnie Rivers
2614,Sam Roberts
1921,Dominique Robinson
2158,Mark Robinson
1924,WanDale Robinson
1918,Brian Robinson Jr
1925,Malcolm Rodriguez
1931,Justyn Ross
1932,Jeremy Ruckert
1933,Andrew Rupcich
4918,JJ Russell
1935,Jamaree Salyer
1936,Jack Sanborn
1939,Myjai Sanders
4924,Brenden Schooler
1940,Nephi Sewell
1941,Justin Shaffer
4928,Rashid Shaheed
1942,Khalil Shakir
4953,Josh Sills
10443,Stone Smartt
7810,Brandon Smith
1945,Lecitus Smith
1946,Tyler Smith
1949,Tyreke Smith
1953,Baylon Spector
1954,Isaiah Spiller
1956,Derek Stingley Jr
5015,Ryan Stonehouse
1957,Jordan Stout
1958,Cole Strange
1960,Carson Strong
1961,Pierre Strong
1962,Andrew Stueber
1969,Alontae Taylor
2641,Ja'Sir Taylor
1964,Cam Taylor-Britt
1972,Luke Tenuta
1973,Kayvon Thibodeaux
5054,Cameron Thomas
1975,Isaiah Thomas
1977,Juanyeh Thomas
5104,Keir Thomas
1980,Zach Thomas
2152,Rodney Thomas II
1984,Skylar Thompson
1985,Tyquan Thornton
1986,Channing Tindall
1987,Jalen Tolbert
1988,Zach Tom
10469,Jake Tonges
2649,Samori Toure
5156,Andrew Trainer
1990,Cole Turner
1989,Delarrin Turner-Yell
1994,Eyioma Uwazurike
1996,Cordell Volson
1997,Matt Waletzko
2006,Quay Walker
2007,Rasheed Walker
2008,Travon Walker
2005,Kenneth Walker III
2012,Jaylen Warren
2662,Montrell Washington
2013,Christian Watson
2014,Jaylen Watson
2015,Luke Wattenberg
2016,Sam Webb
5263,Daniel Whelan
2028,Rachaad White
2030,Zamir White
2031,Damarion Williams
2033,Jameson Williams
2034,Joshua Williams
2036,Kyren Williams
2037,Sam Williams
2039,Malik Willis
2040,Garrett Wilson
2042,Perrion Winfrey
,Samuel Womack III
2050,Jelani Woods
2051,JT Woods
2053,Mike Woods
2054,Tariq Woolen
2545,Chandler Wooten
2057,Alex Wright
2671,Ryan Wright
2059,Devonte Wyatt
2673,Russ Yeast
2063,Cade York
2668,Dareke Young
2064,Nick Zakelj
2065,Bailey Zappe
361,Israel Abanikanda
8369,Yasir Abdullah
676,Devon Achane
813,Jordan Addison
818,Adetomiwa Adebawore
10358,Nate Adkins
831,Alan Ali
852,Davis Allen
2757,Spencer Anderson
856,Will Anderson Jr
957,Jake Andrews
958,Felix Anudike-Uzomah
4667,Malaesala Aumavae-Laulu
4667,Malaesala Aumavae-Laulu
965,Alex Austin
973,Steve Avila
4849,Tyson Bagent
1120,Deonte Banks
2645,Bryce Baringer
2805,Zaire Barnes
2809,TJ Bass
1298,Jordan Battle
2639,Robert Beal Jr
2823,Ronnie Bell
2826,Travis Bell
1421,Jakorian Bennett
2535,Stetson Bennett
8199,Keeanu Benton
1458,Matthew Bergeron
2831,Jarrick Bernard-Converse
2539,Tank Bigsby
1551,Mekhi Blackmon
1628,Jake Bobo
2861,Isaiah Bolden
1640,Kayshon Boutte
1705,Anthony Bradford
1719,Brian Branch
2879,Christian Braswell
1759,Julius Brents
1781,Bryan Bresee
2896,Nick Broeker
10369,Chris Brooks
1794,Jalen Brooks
2912,Karl Brooks
1827,Chase Brown
1874,Ji'Ayir Brown
1901,Sydney Brown
1892,Jason Brownlee
10371,Amari Burney
1907,Jack Campbell
1909,Anders Carlson
2563,Jalen Carter
1915,Andre Carter II
1919,Zach Charbonnet
10372,Claudin Cherelus
2022,Kei'Trel Clark
10374,Sean Clifford
2027,Keondre Coburn
2062,Chamarri Conner
2068,Brenton Cox Jr
6053,Jalen Cropper
3045,Malik Cunningham
2077,Braeden Daniels
3053,Derius Davis
2090,Tank Dell
10381,Emari Demercado
2107,SirVocea Dennis
10382,Tommy DeVito
2108,Gervon Dexter Sr
2114,YaYa Diaby
3083,Demario Douglas
3095,Colton Dowell
2117,Josh Downs
3106,Grant DuBose
2118,Max Duggan
2126,Jaelyn Duncan
2129,Payne Durham
2133,Emil Ekiyor Jr
3146,Ethan Evans
3152,Zach Evans
2137,Viliami Fehoko Jr
3165,AJ Finley
2140,Zay Flowers
2143,Emmanuel Forbes
2144,Alex Forsyth
2145,Isaiah Foskey
2146,Blake Freeland
2148,Jon Gaines
2167,Ali Gaye
2564,Jahmyr Gibbs
10462,Xavier Gipson
2171,Christian Gonzalez
2174,Jalen Graham
2175,Eric Gray
3240,Antoine Green
4804,Blake Grupe
2176,Jovaughn Gwyn
2575,Jake Haener
2179,Derick Hall
2579,Jaren Hall
3258,Erick Hallett II
10391,Malik Hamm
2180,Nick Hampton
2181,Anton Harrison
2182,Zach Harrison
10393,Tre Hawkins III
10464,Josh Hayes
2183,Ryan Hayes
10394,Malik Heath
2185,DeMarcco Hellams
2186,Diayan Henley
2187,KJ Henry
2204,Nick Herbig
2205,Shaka Heyward
2208,Ronnie Hickman Jr
2209,Elijah Higgins
2210,Brandon Hill
10397,Julian Hill
3315,Cooper Hodges
,Tre'Vius Hodges-Tomlinson
2581,Hendon Hooker
2212,Dylan Horton
2213,Jordan Howden
2218,Evan Hull
4419,Xavier Hutchinson
2219,Jalin Hyatt
2599,Siaki Ika
2227,Thomas Incoom
2229,Andrei Iosivas
4447,DJ Ivey
2231,Anthony Johnson
2232,Antonio Johnson
4521,Desjuan Johnson
2235,DJ Johnson
2604,Roschon Johnson
2231,Anthony Johnson Jr
2239,Paris Johnson Jr
2241,Quentin Johnston
2243,Broderick Jones
2244,Cam Jones
2246,Charlie Jones
2248,Dawand Jones
2562,Jaylon Jones
2269,Nic Jones
10403,Truman Jones
,Andre Jones Jr
2275,Calijah Kancey
2276,KyuBlu Kelly
2277,Dalton Kincaid
4594,Jaxson Kirkland
2279,Tucker Kraft
2280,Zack Kuntz
2281,Tyler Lacy
2284,Isaiah Land
2286,Sam LaPorta
2287,Cameron Latu
10411,Ricky Lee
10412,Titus Leo
7889,Will Levis
2291,Hunter Luepke
2292,Darrell Luter Jr
4648,Atonio Mafi
2293,Will Mallory
4670,Marte Mapu
4674,Brodric Martin
2296,Quan Martin
2297,Ochaun Mathis
4689,Scott Matlock
2298,Cody Mauch
2299,Michael Mayer
2301,DeWayne McBride
2302,Warren McClendon Jr
2303,Will McDonald IV
2304,Jordan McFadden
2305,Isaiah McGuire
2306,Kenny McIntosh
8265,Tanner McKee
10419,Jaleel McLaughlin
10420,TK McLendon Jr
2307,Kaevon Merriweather
2310,Kendre Miller
2311,Ventrell Miller
2312,Marvin Mims Jr
2314,Jonathan Mingo
2315,Cameron Mitchell
4736,Keaton Mitchell
2318,Jake Moody
2320,Mike Morris
2321,Wanya Morris
2330,Riley Moss
2331,Caleb Murphy
2333,Myles Murphy
2334,Luke Musgrave
4785,Puka Nacua
6054,Lew Nichols
10428,Trevor Nowaske
2606,Aidan O'Connell
2339,Moro Ojomo
2341,BJ Ojulari
10432,Ty Okada
2342,Olu Oluwatimi
2344,DeMarvion Overshown
2345,Gervarrius Owens
2346,Ivan Pace Jr
10434,Alex Palczewski
2608,Trey Palmer
2347,Owen Pappoe
2348,Jarrett Patterson
2352,AT Perry
2354,Clark Phillips III
2356,Zacch Pickens
4821,Alex Pihlstrom
2358,Joey Porter Jr
2362,Jose Ramirez
2364,Jalen Redmond
2365,Jayden Reed
4907,Jerrick Reed II
2366,Rashee Rice
2367,Asim Richards
2609,Anthony Richardson
2368,Eli Ricks
2369,Kelee Ringo
2370,Brad Robbins
2613,Bijan Robinson
2372,Jammie Robinson
2374,Tavius Robinson
4910,Chris Rodriguez Jr
2910,Jaquelin Roy
2378,Darius Rush
10439,Brady Russell
2379,Chad Ryland
2381,Nick Saldiveri
2382,Drew Sanders
2383,John Michael Schmitz
2384,Luke Schoonmaker
2385,Daniel Scott
10441,Eric Scott
2386,Tyler Scott
2387,Juice Scruggs
2390,Noah Sewell
2392,Justin Shorter
2615,Nesta Silvera
2393,Trenton Simpson
10442,Ben Sims
2394,JL Skinner
2395,Peter Skoronski
4958,Jacob Slade
2396,Cam Smith
4973,Keidron Smith
2399,Mazi Smith
2402,Nolan Smith
2403,Terell Smith
4976,Xavier Smith
2397,Christopher Smith II
2401,Jaxon Smith-Njigba
4979,Colby Sorsdal
2404,Sidy Sow
2405,Tyjae Spears
4991,Ameer Speed
2409,Tyler Steen
2411,Tyrique Stevenson
2412,Dante Stills
5009,Chris Stoll
2415,Brenton Strange
2416,Ricky Stromberg
2417,CJ Stroud
9969,Jason Taylor II
10448,Drake Thomas
10449,Starling Thomas V
5125,BJ Thompson
2616,Dorian Thompson-Robinson
2426,Cedric Tillman
2430,Joe Tippmann
2431,Henry TooToo
2433,OCyrus Torrence
2432,Rashad Torrence II
2434,Corey Trice Jr
2435,Sean Tucker
2436,Tre Tucker
2634,Tuli Tuipulotu
2633,Clayton Tune
2163,DJ Turner
5178,Kobie Turner
2163,DJ Turner II
2440,Carrington Valentine
2442,Lukas Van Ness
10470,Ben VanSumeren
2443,Deuce Vaughn
5221,Raymond Vohasek
2444,Travis Vokolek
2446,Andrew Vorhees
2450,Alex Ward
2451,Jay Ward
2452,Carter Warren
2453,Darnell Washington
2454,Parker Washington
2456,Tyrus Wheat
2474,Keion White
2471,Blake Whiteheart
2475,Josh Whyle
2476,Dontayvion Wicks
2477,Dorian Williams
2478,Garrett Williams
10456,Kendall Williamson
2479,Brayden Willis
6056,Emanuel Wilson
2480,Michael Wilson
2482,Tyree Wilson
2484,Dee Winters
2485,Devon Witherspoon
10457,Jake Witt
2324,Jaiden Woodbey
2486,Colby Wooden
2487,Darnell Wright
2488,Rejzohn Wright
2489,Luke Wypler
2638,Bryce Young
2491,Byron Young
2491,Byron Young
2493,Cameron Young
10458,Chandler Zavala
10459,Ty Zentner
9994,Isaiah Adams
9995,Rasheen Ali
9997,Erick All
9996,Braelon Allen
9998,Joe Alt
9999,Kiran Amegadjie
10000,Daijahn Anthony
10001,Terrion Arnold
10002,Gottlieb Ayedze
10003,Emani Bailey
10004,Javon Baker
10005,AJ Barner
10006,Karsen Barnhart
10007,Michael Barrett
10008,Graham Barton
10009,Cooper Beebe
10010,Jaheim Bell
10011,Trey Benson
10012,JD Bertrand
10013,Tatum Bethune
10014,Keaton Bills
10015,Cole Bishop
10016,Austin Booker
10017,Tanor Bortolini
10018,Brock Bowers
10365,Khristian Boyd
10019,Beau Brade
10020,Millard Bradford
10367,Carter Bradley
10021,Chris Braswell
10368,Jowon Briggs
10022,Jonathon Brooks
5721,Omar Brown
10023,Jarvis Brownlee Jr.
10024,Javon Bullard
10025,Calen Bullock
10026,Jermaine Burton
10027,Solomon Byrd
10028,Jaylon Carlies
10029,Caelen Carson
10030,DeWayne Carter
10031,Aaron Casey
10032,Nelson Ceaser
10033,Steele Chambers
10373,Travis Clayton
10034,Javion Cohen
10035,Andrew Coker
10036,Jalen Coker
10039,Myles Cole
10037,Brandon Coleman
10038,Keon Coleman
10040,Junior Colson
10041,Edgerrin Cooper
10042,Bump Cooper Jr
10461,Malachi Corley
10043,Blake Corum
10044,Jacob Cowing
10046,Frank Crum
10045,Jaden Crumedy
10047,Devin Culp
10048,Jayden Daniels
10049,Anim Dankwah
10050,Isaiah Davis
10379,Jaden Davis
10051,Ray Davis
10380,Tyler Davis
10380,Tyler Davis
10380,Tyler Davis
10053,Cooper DeJean
10054,Kalen DeLoach
4357,Akeem Dent
10055,MJ Devonshire
10056,Marcellas Dial
10058,Brandon Dorlus
10059,Willie Drew
10060,Ethan Driskell
10061,Khalid Duke
10062,Justin Eboigbe
10063,Daijun Edwards
9448,Mike Edwards
10064,Kingsley Eguakun
10065,Tommy Eichenberg
10066,Jonah Elliss
10067,Audric Estime
10068,Josiah Ezirim
10069,Olumuyiwa Fashanu
10070,Troy Fautanu
10071,Blake Fisher
10072,Braden Fiske
10073,Jeremy Flax
10074,Ryan Flournoy
10075,Jaylan Ford
10076,Javon Foster
10077,Troy Franklin
10078,Zach Frazier
10079,Taliese Fuaga
10081,Nick Gargiuolo
10083,Dj Glaze
10387,Travis Glover
10084,Matt Goncalves
10085,Frank Gore Jr
10086,Anthony Gould
10087,Tylan Grable
10088,Cedric Gray
10090,Renardo Green
10089,Garret Greenfield
10091,Isaac Guerendo
10092,Tyler Guyton
10093,Kamal Hadden
10094,Gabe Hall
10095,Michael Hall Jr
10096,Dominique Hampton
10097,CJ Hanson
10098,Myles Harden
10099,Daequan Hardy
10100,Jaylen Harrell
10576,Marcus Harris
10576,Marcus Harris
10102,Marvin Harrison Jr
10103,Cam Hart
10104,Sam Hartman
10105,Christian Haynes
10106,LaDarius Henderson
10107,Jaden Hicks
10396,Jamal Hill
10108,George Holani
10109,Dallin Holker
10110,Ty'Ron Hopper
10112,Jalyx Hunt
10111,Jontrey Hunter
10113,Bucky Irving
10114,Adisa Isaac
10115,Brennan Jackson
10116,Jha'Quan Jackson
10117,Khyree Jackson
10118,McKinnley Jackson
10119,Curtis Jacobs
10120,DJ James
10121,Javontae Jean-Baptiste
10123,Jordan Jefferson
10124,Kris Jenkins
10401,Michael Jerrell
10125,Carlton Johnson
10126,Cedric Johnson
10127,Cornelius Johnson
10128,Dillon Johnson
10129,Isaiah Johnson
10130,Theo Johnson
10131,Christian Jones
10132,Elijah Jones
10133,Jarrian Jones
10134,Matthew Jones
10135,Trente Jones
10136,Jawhar Jordan
10404,Michael Jurgens
10137,Mohamed Kamara
10406,Sanoussi Kane
10138,Joshua Karty
10139,Trevor Keegan
10140,Jaylen Key
10141,Kamren Kinchens
10142,Kalen King
10143,Jarrett Kingston
10144,Marshawn Kneeland
10145,Tyrice Knight
10146,Trey Knox
10147,Kamari Lassiter
10148,Brady Latham
10149,JC Latham
10150,Laiatu Latu
10151,Dylan Laube
10410,Jonah Laulu
10152,Sataoa Laumea
10153,Devin Leary
10154,Logan Lee
10155,Matt Lee
10156,Xavier Legette
10157,KT Leveston
10158,Beaux Limmer
10159,Cam Little
10160,Marist Liufau
10161,MarShawn Lloyd
10162,Zion Logue
10163,Fabien Lovett Sr
10413,Jordan Magee
10164,Christian Mahogany
10414,Giovanni Manu
10165,Drake Maye
10166,Luke McCaffrey
10167,JJ McCarthy
10168,Jase McClellan
10169,Ladd McConkey
10170,Mason McCormick
10654,Bru McCoy
10171,Dwight McGlothern
10172,Braiden McGregor
10173,Kool-Aid McKinstry
10174,Tanner McLachlan
10175,Dylan McMahon
10176,Jalen McMillan
10177,Patrick McMorris
10422,Bub Means
10178,Max Melton
10179,Harrison Mevis
9573,Jordan Miller
10181,Kendall Milton
10180,Joe Milton III
10182,Amarius Mims
10183,Adonai Mitchell
10184,Quinyon Mitchell
10185,Jacob Monk
10186,Jordan Morgan
10187,Darius Muasau
10188,Gabriel Murphy
9582,Byron Murphy ll
10191,Malik Mustapha
10192,Malik Nabers
10193,JerZhan Newton
10194,Josh Newton
10195,Bo Nix
10196,Maema Njongmeta
10427,Hunter Nourzad
10197,Tyler Nubin
10198,Drake Nugent
10199,Rome Odunze
10201,Kitan Oladapo
10202,Ruke Orhorhoro
10203,Tyler Owens
10435,Tejhaun Palmer
10204,Patrick Paul
10205,Julian Pearl
10206,Ricky Pearsall
10207,Michael Penix Jr
10208,Andru Phillips
10210,Ja'Lynn Polk
10211,Jackson Powers-Johnson
10213,Michael Pratt
10214,Deantre Prince
10215,Nehemiah Pritchett
10216,Josh Proctor
10217,Dominick Puni
10219,Keith Randolph Jr
10220,Spencer Rattler
10221,Andrew Raym
10222,Austin Reed
10223,Ryan Rehkow
10224,Will Reichard
10225,Tip Reiman
10226,Brenden Rice
10227,Decamerion Richardson
10228,Demani Richardson
10229,Chop Robinson
10230,Darius Robinson
10231,Keilan Robinson
10232,Layden Robinson
10233,Tayvion Robinson
10234,Justin Rogers
,Christian Roland-Wallace
10236,Roger Rosegarten
10238,Walter Rouse
10239,Mike Sainristil
10240,Nick Samac
10242,Ja'Tavion Sanders
10243,Cody Schrader
10244,Will Shipley
10245,Jaden Shirden
10246,Jaylin Simpson
10247,Ben Sinnott
10248,Kedon Slovis
10249,Ainias Smith
10250,Maason Smith
10251,Tykee Smith
10252,Chau Smith-Wade
10253,Javon Solomon
10254,Brevyn Spann-Ford
10468,Qwantez Stiggers
10255,Tarheeb Still
10256,Cade Stover
10257,Kingsley Suamataia
10258,T'Vondre Sweat
10259,TJ Tampa
10262,Tory Taylor
10447,Trey Taylor
10261,Leonard Taylor III
10264,Nathan Thomas
10265,Xavier Thomas
10263,Brian Thomas Jr
10266,Jamari Thrash
10267,Ro Torrence
10268,Tyrone Tracy Jr
10269,Jordan Travis
10270,Bralen Trice
10271,Jeremiah Trotter Jr
10273,Dallas Turner
10275,David Ugwoegbu
10276,Edefuan Ulofoshio
10277,Sione Valki
10452,Sedrick Van Pran Granger
10278,Devaughn Vele
10279,Jared Verse
10280,Kimani Vidal
10281,Devontez Walker
10282,Caedan Wallace
10283,Josh Wallace
10284,Trevin Wallace
10285,Malik Washington
10286,Tahj Washington
10287,Nathaniel Watson
10288,Eric Watts
10289,Ryan Watts
10290,Xavier Weaver
10291,Jack Westover
10292,Jordan Whittington
10293,Nate Wiggins
10294,Jared Wiley
10295,Michael Wiley
10296,Caleb Williams
10297,Evan Williams
10298,Isaiah Williams
10299,James Williams
10301,Johnny Wilson
10302,Payton Wilson
10303,Roman Wilson
10304,Mekhi Wingo
10305,Xavier Worthy
10306,Jaylen Wright
10307,Zak Zinter
10472,BJ Adams
10473,Tommy Akingbesote
10474,Darius Alexander
10476,LeQuint Allen
10477,Trey Amos
10478,Andrew Armstrong
10479,Elijah Arroyo
10480,Eugene Asante
10481,Elic Ayomanor
10482,Elijhah Badger
,Kelvin Banks Jr
10484,Tyler Baron
10485,Jahdae Barron
10486,Gavin Bartholomew
10487,Jeffrey Bassa
10488,Tyler Batty
10489,Anthony Belton
10490,Ulysses Bentley IV
10491,Zeek Biggers
10492,Yahya Black
10493,Jaydon Blue
10494,Isaiah Bond
10495,Tyler Booker
10793,Andres Borregales
,Billy Bowman Jr.
10497,Jake Briningstool
10498,Warren Brinson
10499,JaCorey Brooks
10500,Tahj Brooks
10501,Max Brosmer
10502,Vernon Broughton
10504,Logan Brown
10503,Sam Brown Jr
10505,Carson Bruener
10506,Cobee Bryant
10507,Pat Bryant
10508,Teddye Buchanan
10509,Jordan Burch
10510,Luther Burden III
10511,Denzel Burke
10512,James Burnip
10513,Jamaree Caldwell
10514,Jihaad Campbell
10515,Will Campbell
,Adbul Carter
10517,Barrett Carter
10518,Sebastian Castro
10519,Alijah Clark
10520,Connor Colby
10521,Alfred Collins
10522,Beaux Collins
10523,Josh Conerly Jr
10524,Hayden Conner
10525,Jalin Conyers
10526,Brady Cook
10527,Ajani Cornelius
10528,Eli Cox
10529,Kitan Crawford
10530,Jeremy Crawshaw
10532,Howard Cross III
10533,Jaxson Dart
3067,Tyon Davis
10534,Fadil Diggs
10535,Chimere Dike
10536,CJ Dippre
10538,Ethan Downs
10539,Jamon Dumas-Johnson
10540,Power Echols
10541,Donovan Edwards
10542,Emeka Egbuka
10543,Nick Emmanwori
10544,Aireontae Ersery
,Trevor Ettiene
10794,Mitchell Evans
10546,Quinn Ewers
10547,Donovan Ezeiruaku
10548,Dylan Fairchild
10549,Harold Fannin Jr
10550,Da'Quan Felton
10551,Tai Felton
10552,Terrance Ferguson
,Thomas Fidone II
10554,Ryan Fitzgerald
10555,O'Donnell Fortune
10556,Miles Frazier
10795,Zah Frazier
10557,Dillon Gabriel
10558,Oronde Gadsden II
10559,Jacolby George
10560,DJ Giddens
10561,Ashton Gillotte
10562,Matthew Golden
10563,Ollie Gordon II
10564,Mason Graham
10565,Charles Grant
10566,Kenneth Grant
10567,Joshua Gray
10568,Mike Green
10569,Eric Gregory
10570,Maxwell Hairston
10571,Ty Hamilton
10572,Omarion Hampton
10573,Jordan Hancock
10574,Derrick Harmon
10575,Jermari Harris
10578,Tre Harris
10577,Jered Harrison-Hunte
10579,RJ Harvey
10580,Ahmed Hassanein
10581,Jackson Hawes
10582,Gunnar Helm
10583,Tonka Hemingway
10584,TreVeyon Henderson
10585,Seth Henigan
10586,Jay Higgins
10587,Jayden Higgins
10589,Myles Hinton
10590,Traeshon Holden
10591,Maxen Hook
,Jimmy Horn Jr
10594,Tory Horton
10595,Will Howard
10596,Joe Huber
10597,Kobe Hudson
10598,Jarquez Hunter
10599,Travis Hunter
10600,Alijah Huzzie
10601,Tyrion Ingram-Dawkins
10602,Jared Ivey
10603,Cam Jackson
10860,Dan Jackson
10860,Daniel Jackson
10605,Donovan Jackson
10606,Ja'Quinden Jackson
10608,Landon Jackson
10609,Jordan James
10610,Shemar James
10611,Ashton Jeanty
10612,Kaleb Johnson
10613,Tez Johnson
10614,Will Johnson
10616,Sai'Vion Jones
,Emery Jones Jr
10617,Jah Joyner
10618,Quinshon Judkins
10620,Luke Kandra
10621,Josh Kelly
10622,Drew Kendall
10623,Kyle Kennard
10624,Corey Kiner
10625,Kobe King
10626,Jack Kiser
,Demetrius Knight Jr
10628,Bilhal Kone
10629,Brant Kuithe
10630,Luke Lachey
,KaAndre Lambert-Smith
10633,Jaylin Lane
10632,Rayuan Lane III
10634,Riley Leonard
10635,Cody Lindenberg
10637,Robert Longerbeam
10638,Tyler Loop
10639,Colston Loveland
10640,Dominic Lovett
10641,Chase Lundt
10642,Phil Mafah
10643,Jake Majors
,Woody Marks
,Jason Marshall Jr
10647,Nick Martin
10648,Bam Martin-Scott
10646,Damien Martinez
10650,Moliki Matavao
10651,Francisco Mauigoa
10652,Marcus Mbow
10653,Kyle McCord
10655,Seth McLaughlin
10656,Jalen McLeod
10657,Tetairoa McMillan
10658,Mac McWilliams
10659,Kain Medrano
10660,Armand Membou
10661,Graham Mertz
10662,RJ Mickens
10663,Rylie Mills
10664,Jalen Milroe
10665,Wyatt Milum
10861,Kobee Minor
10666,Kyle Monangai
10667,Smael Mondon
10668,Jonah Monheim
10669,Malachi Moore
10670,Benjamin Morrison
10671,Jabbar Muhammad
10672,Andrew Mukuba
10673,Kalel Mullings
10674,Konata Mumpfield
10675,Nick Nash
10676,Devin Neal
10677,Jack Nelson
10678,Bryson Nesbit
10679,Isaiah Neyor
10680,Jaylin Noel
10681,Walter Nolen
10682,Omarr Norman-Lott
10683,Oluwafemi Oladejo
10684,Collin Oliver
10685,Robbie Ouzts
10687,Jacob Parrish
10688,Chris Paul Jr
,James Pearce Jr
10690,Aeneas Peebles
10691,JJ Pegues
10692,Jordan Phillips
10693,Hollin Pierce
10694,Darien Porter
10696,Tyreem Powell
10695,Antwaun Powell-Ryland
10697,Kaden Prather
10218,Ennis Rakestraw Jr
10699,Caleb Ransaw
10700,Lathan Ransom
10701,Tate Ratledge
10702,Jaylen Reed
10703,Karene Reid
10704,Xavier Restrepo
,Shavon Revel Jr
10706,Quincy Riley
10707,Jahvaree Ritzie
10708,Jalen Rivers
10709,Elijah Roberts
,Que Robinson
10711,Ty Robinson
10712,Caleb Rogers
10713,Kurtis Rourke
10714,Jalen Royals
10715,Kaimon Rucker
10716,Dylan Sampson
10717,Raheim Sanders
10718,Shedeur Sanders
10719,TJ Sanders
10720,Jonas Sanker
10721,Ben Sauls
10722,Jonah Savaiinaea
10723,Jack Sawyer
10724,Carson Schwesinger
10725,Nic Scourton
10796,Tyler Shough
10726,Marques Sigle
10727,Elijah Simmons
10728,Josh Simmons
10729,Cody Simon
10730,Joshua Simon
10731,Torricelli Simpkins III
10732,Cam Skattebo
10733,Jackson Slater
10734,Arian Smith
10735,Brashard Smith
10736,Jaylin Smith
10737,Tim Smith
10738,Barryn Sorrell
10739,Nazir Stackhouse
10740,Malaki Starks
10741,Josaiah Stewart
10742,Shemar Stewart
10743,Upton Stout
10744,Dorian Strong
10745,Danny Stutsman
10746,Bradyn Swinson
10747,Junior Tafuna
10749,Branson Taylor
10750,Mason Taylor
10752,Isaac TeSlaa
,Azareye'h Thomas
,Dont'e Thornton Jr
10755,Jay Toia
,Dante Trader Jr
10757,Ozzy Trapilo
10758,Jalen Travis
10759,Xavier Truss
10760,JT Tuimoloau
10761,Shemar Turner
10762,Bhayshul Tuten
10698,Princely Umanmielen
10764,Carson Vinson
10765,David Walker
10766,Jalon Walker
10767,Justin Walley
10768,Cam Ward
10769,Tyler Warren
10770,Jordan Watkins
10771,Xavier Watts
10773,Theo Wease Jr
10774,Clay Webb
10775,Antwane Wells Jr
10776,CJ West
10777,LaJohntay Wester
,Ricky White III
10779,Cameron Williams
10780,John Williams
10781,Kyle Williams
10782,Mykel Williams
10783,Nohl Williams
10784,Savion Williams
10785,Tyleik Williams
10786,Jared Wilson
,Kevin Winston Jr
10788,Hunter Wohler
10789,Jackson Woodard
10790,Craig Woodson
10792,Grey Zabel
2004,Mike Brown
2437,Michael Turk
175,Snoop Dogg
2728,Ed O'Neill
2730,Burt Reynolds
2511,LC Greenwood
9970,Lester Hayes
1229,Charlie Joiner
10825,Yale Lary
10854,Willie Wood
10797,Herb Adderley
24,Marcus Allen
1656,Lance Alworth
6219,Ottis Anderson
10800,Doug Atkins
10801,Lem Barney
6306,Sammy Baugh
26,Bobby Bell
6307,Fred Biletnikoff
5624,George Blanda
21,Mel Blount
6221,Terry Bradshaw
9987,Cliff Branch
10802,Robert Brazile
1670,Jim Brown
10807,Dick Butkus
1671,Earl Campbell
10808,Harry Carson
5617,Dave Casper
2549,Dwight Clark
1673,Larry Csonka
6312,Dan Dierdorf
6313,Mike Ditka
1676,Dan Fouts
2740,Bob Golic
5636,Otto Graham
10816,Red Grange
5627,Joe Greene
10818,Forrest Gregg
23,Ray Guy
6314,Jack Ham
3294,John Hannah
6315,Franco Harris
1684,Mike Haynes
2502,Jimmy Johnson
6316,Deacon Jones
40,Ed Too Tall Jones
5620,Night Train Lane
42,Willie Lanier
6318,Steve Largent
44,Larry Little
6201,James Lofton
10829,Sid Luckman
5630,John Mackey
9991,John Madden
2514,Archie Manning
2859,Rod Martin
10831,Don Maynard
5628,Joe Montana
1703,Joe Namath
1706,Ozzie Newsome
6212,Ray Nitschke
3301,Merlin Olsen
49,Alan Page
6215,Jim Parker
5646,Walter Payton
4826,Drew Pearson
2856,Jim Plunkett
1711,Mel Renfro
10835,John Riggins
4831,Gale Sayers
1714,LeeRoy Selmon
9968,Jackie Slater
10842,Bubba Smith
2964,Ken Stabler
2965,Bart Starr
2966,Roger Staubach
1718,Lynn Swann
10843,Fran Tarkenton
4837,Joe Theismann
10845,Jim Thorpe
1725,Johnny Unitas
5623,Gene Upshaw
10849,Paul Warfield
10851,Randy White
4519,Doug Williams
1727,Larry Wilson
5632,Kellen Winslow Sr
10856,Ron Yary
769,Jack Youngblood
1665,Brian Bosworth
10804,Joey Browner
787,Mark Clayton
10809,Cris Collinsworth
9967,Eric Dickerson
10817,Hugh Green
9972,Russ Grimm
1687,Bo Jackson
8,Howie Long
6203,Dexter Manley
6209,Mike Munchak
10,Anthony Munoz
48,Christian Okoye
10836,Dave Rimington
10840,Billy Sims
9971,Mike Singletary
783,Lawrence Taylor
10858,Zach Thomas
5637,Reggie White
6250,Isaako Aaitui (R)
7870,Mehdi Abdesmad (R)
5001,Quddus-Isa Abdul (R)
6050,Micah Abernathy (R)
8794,Josh Adam (R)
6983,Aaron Adams (R)
5649,Jeff Adams (R)
6688,Johnny Adams (R)
5005,Kris Adams (R)
5006,Kyle Adams (R)
9359,Paul Adams (R)
66,Trey Adams (R)
8281,Tyrell Adams (R)
7872,Bralon Addison (R)
8466,Quincy Adeboyejo (R)
8282,Kenton Adeyemi (R)
8283,Jude Adjei-Barimah (R)
6749,Daniel Adongo (R)
68,Patrick Afriyie (R)
9133,Carlton Agudosi (R)
10359,Ramiz Ahmed (R)
8284,Shahbaz Ahmed (R)
4530,Seyi Ajirotutu (R)
2459,David Akers (R)
1389,Freedom Akinmoladun (R)
9362,Otaro Alaka (R)
8285,Bryson Albright (R)
5013,Chas Alecxih (R)
9324,Adonis Alexander (R)
6893,Alvester Alexander (R)
4531,Danario Alexander (R)
8278,Dominique Alexander (R)
7396,Mister Alexander (R)
10475,Zy Alexander (R)
10360,Josh Ali (R)
5018,Armando Allen (R)
1114,Austin Allen (R)
8798,Austin Allen (R)
1116,Chase Allen (R)
9134,Chase Allen (R)
1117,Christopher Allen (R)
9698,Dejon Allen (R)
2739,Devon Allen (R)
7877,Jack Allen (R)
2253,Jared Allen (R)
6995,RaShaun Allen (R)
7397,Torrence Allen (R)
9363,Bryson Allen-Williams (R)
9367,Jeff Allison (R)
6052,Jaquan Amos (R)
2724,John Amos (R)
75,Bruce Anderson (R)
6997,Busta Anderson (R)
7399,Busta Anderson (R)
7879,Demetris Anderson (R)
6998,Dres Anderson (R)
7647,Joe Anderson (R)
7648,Jonathan Anderson (R)
949,MJ Anderson (R)
2747,Ryder Anderson (R)
7881,Stephen Anderson (R)
8287,Zaire Anderson (R)
6332,Antonio Andrews (R)
7400,Josh Andrews (R)
1137,Blaise Andries (R)
7000,Jason Ankrah (R)
7001,Blake Annen (R)
7882,Daniel Anthrop (R)
7651,Kenny Anunike (R)
6956,Chigbo Anunoby (R)
2461,Dri Archer (R)
7652,RJ Archer (R)
1606,Daniel Archibong (R)
7653,Thurston Armbrister (R)
4535,Anthony Armstrong (R)
6860,Ray-Ray Armstrong (R)
6894,Brian Arnfelt (R)
8288,Richard Ash (R)
7401,Nate Askew (R)
2462,Nnamdi Asomugha (R)
3302,Nnamdi Asomugha (R)
6335,George Atkinson III (R)
6706,Josh Aubrey (R)
9138,Antony Auclair (R)
8792,Erik Austell (R)
5662,Rodney Austin (R)
4539,Thomas Austin (R)
1151,Kevin Austin Jr (R)
2679,CJ Avery (R)
8289,Micah Awe (R)
2788,Andre Baccellia (R)
2072,David Bada (R)
1393,Jeff Badet (R)
5666,Alvin Bailey (R)
7885,Sterling Bailey (R)
9374,Zack Bailey (R)
1033,Henry Bainivalu (R)
4944,Brandon Bair (R)
9375,Derrick Baity (R)
2798,Darrell Bake Jr (R)
6774,Sean Baker (R)
5670,Steven Baker (R)
8473,Thomas Baker (R)
8290,Alex Balducci (R)
2255,Doug Baldwin (R)
7006,Marcus Ball (R)
83,Trajan Bandy (R)
6647,Chris Banjo (R)
1199,Jeremy Banks (R)
7009,Joe Banyard (R)
1394,Luq Barcoo (R)
5675,Brandon Barden (R)
6831,Chris Barker (R)
9379,Alex Barnes (R)
7404,Tavaris Barnes (R)
7010,TJ Barnes (R)
7887,Tarow Barney (R)
7011,Karim Barton (R)
1241,Micah Baskerville (R)
5681,Ben Bass (R)
6859,Daren Bates (R)
7657,Houston Bates (R)
5683,Phil Bates (R)
9704,Cameron Batson (R)
8292,Isaiah Battle (R)
9384,John Battle (R)
8816,Marcus Baugh (R)
7407,Will Baumann (R)
8293,DeVante Bausby (R)
7012,Alex Bayer (R)
88,Omar Bayless (R)
9140,Evan Baylis (R)
104,Sam Beal (R)
1397,Reggie Begelton (R)
747,Bobby Bell (R)
9141,Brandon Bell (R)
1163,Greg Bell (R)
8294,Jered Bell (R)
9386,Mike Bell (R)
8818,Davin Bellamy (R)
5689,Joshua Bellamy (R)
91,Levante Bellamy (R)
9142,BJ Bello (R)
5042,Tim Benford (R)
8819,Kurt Benkert (R)
7016,Bryan Bennett (R)
808,Trinity Benson (R)
9387,Beau Benzschawel (R)
7893,Mike Bercovici (R)
6220,Eric Berry (R)
9707,Evan Berry (R)
810,Rashod Berry (R)
6830,Brenton Bersin (R)
7894,Taylor Bertolet (R)
5692,McLeod Bethel-Thompson (R)
106,Yurik Bethune (R)
7018,EJ Bibbs (R)
9143,Adam Bighill (R)
8295,Jace Billingsley (R)
4949,Armon Binns (R)
8296,Freddie Bishop (R)
95,Daniel Bituli (R)
1398,Henry Black (R)
9708,Saeed Blacknall (R)
10364,Josh Blackwell (R)
98,Christian Blake (R)
5696,Matt Blanchard (R)
5624,George Blanda (R)
8822,Quin Blanding (R)
9389,Kendall Blanton (R)
1399,Amani Bledsoe (R)
829,Chris Blewitt (R)
7659,Javess Blue (R)
101,C.J. Board (R)
6349,Conor Boffeli (R)
5056,Taylor Boggs (R)
1178,Bubba Bolden (R)
1179,Slade Bolden (R)
8481,Victor Bolden (R)
2258,Anquan Boldin (R)
6954,Maikon Bonani (R)
7409,Al Bond (R)
9144,Deyshawn Bond (R)
1401,Terrell Bonds (R)
110,Reggie Bonnafon (R)
7411,Detrick Bonner (R)
7412,Anthony Boone (R)
7022,Cody Booth (R)
1232,Dicaprio Bootle (R)
9711,Cole Boozer (R)
9145,Breon Border (R)
1192,Max Borghi (R)
2690,Jose Borregales (R)
1635,Earl Bostick Jr. (R)
2725,Brian Bosworth (R)
8483,Benjamin Boulware (R)
2464,Dwayne Bowe (R)
2073,Branden Bowen (R)
2691,Nick Bowers (R)
8298,Braedon Bowman (R)
2465,NaVorro Bowman (R)
7024,Chris Boyd (R)
1108,Dino Boyd (R)
10366,Ekow Boye-Doe (R)
9712,Paul Boyette Jr. (R)
1663,Lance Boykin (R)
9147,Jeremy Boykins (R)
7414,Brett Boyko (R)
9713,Brett Boyko (R)
7415,Brett Brackett (R)
8487,Ben Braden (R)
9148,Bam Bradley (R)
2076,JaMarcus Bradley (R)
1402,Darius Bradwell (R)
9394,Tyre Brady (R)
9716,Marcelis Branch (R)
1584,John Brannon (R)
7661,Delvin Breaux (R)
178,Jacob Breeland (R)
2259,Drew Brees (R)
6758,Sam Brenner (R)
7416,Josh Brent (R)
7909,K.J. Brent (R)
2891,C.J. Brewer (R)
5069,Michael Brewster (R)
7910,Kentrell Brice (R)
7417,Brandon Bridge (R)
2260,Lance Briggs (R)
8823,Dave Bright (R)
7418,Kyle Brindza (R)
5711,Beau Brinkley (R)
8299,Travis Britz (R)
1195,Gabe Brkic (R)
4566,Kevin Brock (R)
5070,Richie Brockel (R)
5072,Mason Brodine (R)
835,Josiah Bronson (R)
7027,Malcolm Bronson (R)
5619,Derrick Brooks (R)
1197,Kennedy Brooks (R)
10370,Mason Brooks (R)
1816,Myles Brooks (R)
1819,Paxton Brooks (R)
182,Tony Brooks-James (R)
9396,Nick Brossette (R)
9717,Algernon Brown (R)
9718,Angelo Brown (R)
2919,Anthony Brown (R)
7915,Beniquez Brown (R)
9398,Blace Brown (R)
6222,Bob Brown (R)
7028,Dominique Brown (R)
9150,Donatello Brown (R)
8824,Drew Brown (R)
8825,Drew Brown (R)
8490,Fadol Brown (R)
186,Fred Brown (R)
6727,Jaron Brown (R)
9401,Keenen Brown (R)
6941,Kourtnei Brown (R)
183,Kyron Brown (R)
1200,Leddie Brown (R)
8300,Mack Brown (R)
5715,Marlon Brown (R)
187,Miles Brown (R)
7918,Ryan Brown (R)
4576,Sergio Brown (R)
2957,Tanner Brown (R)
1405,Tony Brown (R)
1311,Tre Brown (R)
8494,William Brown (R)
6223,Willie Brown (R)
7032,Keith Browner (R)
190,Garrett Brumfield (R)
7919,Lamarcus Brutus (R)
192,Brandin Bryant (R)
111,Brandon Bryant (R)
7033,Christian Bryant (R)
6224,Dez Bryant (R)
194,Hunter Bryant (R)
195,Kelly Bryant (R)
191,Ventell Bryant (R)
8496,Collin Buchanan (R)
6729,Dan Buckner (R)
2979,Shane Buechele (R)
8497,Riley Bullough (R)
8301,Marquis Bundy (R)
2078,Ian Bunting (R)
7923,Brandon Burks (R)
6939,Marcus Burley (R)
2985,Braxton Burmeister (R)
8830,Deontay Burnett (R)
5730,Kaelin Burnett (R)
1295,Eric Burrell (R)
6370,Isaiah Burse (R)
9721,Deante Burton (R)
1906,Arquon Bush (R)
6225,Reggie Bush (R)
1406,Juwann Bushell-Beatty (R)
2989,Matt Bushman (R)
1227,Darien Butler (R)
5087,Drew Butler (R)
9409,Emmanuel Butler (R)
7666,Jeremy Butler (R)
5088,Mario Butler (R)
9723,Paul Butler (R)
7036,Carrington Byndom (R)
9724,Dontez Byrd (R)
5732,LaRon Byrd (R)
5733,Jake Byrne (R)
8831,Jason Cabinda (R)
7929,Isiah Cage (R)
2726,Dean Cain (R)
7930,Devon Cajuste (R)
9412,Deion Calhoun (R)
7933,Taveze Calhoun (R)
9725,Johnathan Calvin (R)
8834,Chris Campbell (R)
112,Blake Camper (R)
8500,KD Cannon (R)
9153,Cap Capi (R)
7039,Shane Carden (R)
8837,Tanner Carew (R)
7938,Amir Carlisle (R)
2844,Harold Carmichael (R)
3292,Harold Carmichael (R)
9414,Malik Carney (R)
9154,Austin Carr (R)
6716,Deveron Carr (R)
5740,Derek Carrier (R)
7041,Glenn Carson (R)
7940,Tra Carson (R)
8503,Cethan Carter (R)
7669,Duron Carter (R)
8504,Jamal Carter (R)
7941,Kyle Carter (R)
2698,Roger Carter (R)
1407,RonDell Carter (R)
205,Shy'heim Carter (R)
839,Tory Carter (R)
8304,Kivon Cartwright (R)
6848,Chance Casey (R)
2468,Jurrell Casey (R)
7942,Jeremy Cash (R)
9729,Chris Casher (R)
9155,Tyler Catalina (R)
7425,B.J. Catalon (R)
206,Rashard Causey (R)
7426,Donald Celiscar (R)
842,Tommy Champion (R)
6227,Kam Chancellor (R)
5743,Nate Chandler (R)
2262,Wes Chandler (R)
10460,Irvin Charles (R)
6689,Stefan Charles (R)
9730,Tyrell Chavis (R)
7943,Joseph Cheek (R)
9416,Hamp Cheevers (R)
844,Anthony Chelsey (R)
9731,Mackendy Cheridor (R)
8305,Don Cherry (R)
8306,Terrell Chestnut (R)
7429,John Chiles (R)
7430,Kyle Christy (R)
7945,Brandon Chubb (R)
212,Jordan Chunn (R)
9732,Anthony Cioffi (R)
1976,Jerrod Clark (R)
9156,Michael Clark (R)
2699,Tyler Clark (R)
214,Nevelle Clarke (R)
8307,Blaine Clausell (R)
7048,Cameron Clear (R)
8510,Jarrod Clements (R)
744,Chris Clemons (R)
735,Rodney Clemons (R)
7050,Asante Cleveland (R)
5106,Tyler Clutts (R)
1283,Jack Coan (R)
8849,Simmie Cobbs (R)
2703,Jack Coco (R)
218,Nick Coe (R)
9157,Rodney Coe (R)
7433,Takoby Cofield (R)
113,Matt Colburn II (R)
1287,Qwynnterrio Cole (R)
7053,Davon Coleman (R)
6821,Lanier Coleman (R)
8850,Lavon Coleman (R)
9733,Xavier Coleman (R)
9734,Cayson Collins (R)
6768,Kevin Cone (R)
9420,TeVon Coney (R)
9735,Zach Conque (R)
9422,CJ Conrad (R)
6862,Matt Conrath (R)
10375,Alex Cook (R)
10376,Nolan Cooney (R)
7059,Travis Coons (R)
7956,Alex Cooper (R)
8517,Ethan Cooper (R)
5754,Josh Cooper (R)
7959,Marshaun Coprich (R)
1305,Jashaun Corbin (R)
5114,Jim Cordle (R)
1310,Yusuf Corker (R)
7062,Paul Cornick (R)
5116,Aaron Corp (R)
9737,Curtis Cothran (R)
9738,Parker Cothren (R)
3026,Jeff Cotton Jr (R)
7063,Jerome Couplin III (R)
3293,Jim Covert (R)
7963,James Cowser (R)
9163,Demetrious Cox (R)
1415,Jeremy Cox (R)
7439,Justin Cox (R)
2704,Tyler Coyle (R)
9739,Zachary Crabtree (R)
7440,Corey Crawford (R)
115,James Crawford (R)
9424,Jonathan Crawford (R)
8856,Justin Crawford (R)
10531,Brandon Crenshaw-Dixon (R)
7441,Rob Crisp (R)
1416,Damarea Crockett (R)
7065,John Crockett (R)
9164,Montay Crockett (R)
6228,Antonio Cromartie (R)
6735,Marcus Cromartie (R)
4615,DaMon Cromartie-Smith (R)
9165,Jason Croom (R)
9166,Dalton Crossan (R)
1185,Aashari Crosswell (R)
9167,Cole Croston (R)
1323,Dustin Crum (R)
6229,Victor Cruz (R)
4619,Jermelle Cudjo (R)
7673,Yannik Cudjoe-Virgil (R)
9168,Sean Culkin (R)
7674,Jerome Cunningham (R)
9741,Jon Cunningham (R)
1324,Myron Cunningham (R)
6858,Benny Cunningham Jr (R)
2079,Jake Curhan (R)
9169,Justin Currie (R)
10377,McClendon Curtis (R)
866,Brian Cushing (R)
9427,Jamal Custis (R)
2265,Jay Cutler (R)
4623,Jacob Cutrera (R)
851,Dominique Dafney (R)
2069,DJ Dale (R)
7966,Jared Dangerfield (R)
8520,Darrell Daniels (R)
229,Darrion Daniels (R)
7067,DaVaris Daniels (R)
228,Kahzin Daniels (R)
9170,LeShun Daniels (R)
5759,Matt Daniels (R)
2552,Karlos Dansby (R)
8863,Joseph Davidson (R)
231,Kevin Davidson (R)
7444,Aaron Davis (R)
7070,Akeem Davis (R)
9743,Antwuan Davis (R)
10378,Chili Davis (R)
3325,CJ Davis (R)
9429,Davante Davis (R)
232,Davion Davis (R)
7072,Devante Davis (R)
5135,Drew Davis (R)
9431,Felton Davis (R)
239,Javaris Davis (R)
9745,Jawill Davis (R)
8525,Justin Davis (R)
6837,Kanorris Davis (R)
8526,Keionta Davis (R)
8527,Kevin Davis (R)
241,Quartney Davis (R)
233,Rashard Davis (R)
2266,Thomas Davis (R)
3060,Timarcus Davis (R)
7075,Titus Davis (R)
915,Vernon Davis (R)
2553,Vontae Davis (R)
9747,Dalyn Dawkins (R)
246,Noah Dawkins (R)
6311,Dermontti Dawson (R)
7079,PJ Dawson (R)
6718,Skye Dawson (R)
9174,Dillon Day (R)
9748,Gerhard de Beer (R)
7972,David Dean (R)
5137,Larry Dean (R)
2083,Trey Dean III (R)
9175,Done Deayon (R)
7973,Clay DeBoard (R)
7447,Ryan Delaire (R)
1131,Ben DeLuca (R)
8867,Nick Deluca (R)
6730,Kenny Demens (R)
6711,Jeff Demps (R)
9437,Lukas Denis (R)
5768,Derek Dennis (R)
8311,John DePalma (R)
7448,Trey Depriest (R)
1420,Marc-Antoine Dequoy (R)
4957,Pat Devlin (R)
9749,Matt Diaz (R)
6230,Erick Dickerson (R)
9750,Garrett Dickerson (R)
7680,Miles Dieffenbach (R)
8532,Jeffery Dielman (R)
1362,Kellen Diesch (R)
9751,Gehrig Dieter (R)
8312,Reggie Diggs (R)
9752,Christian DiLauro (R)
956,Zac Diles (R)
251,Brandon Dillon (R)
6680,Jayson DiManche (R)
6878,Derek Dimke (R)
7086,Reese Dismukes (R)
255,Michael Divinity Jr (R)
7087,Brian Dixon (R)
1387,Dai Dixon (R)
9439,DCota Dixon (R)
9440,Johnnie Dixon (R)
9753,Moubarak Djeri (R)
5145,Demarcus Dobbs (R)
5146,James Dockery (R)
3215,Darnell Dockett (R)
258,Jake Dolegala (R)
1396,Jojo Domann (R)
854,Aaron Donkor (R)
8872,Garret Dooley (R)
7982,Makinton Dorleant (R)
10383,Elijah Dotson (R)
10537,Mello Dotson (R)
1609,Andrew Dowell (R)
10384,Levi Drake-Rodriguez (R)
7092,Weston Dressler (R)
1549,Dontario Drummond (R)
7454,Kurtis Drummond (R)
1000,Vladimir Ducasse (R)
262,Clifton Duck (R)
7681,Greg Ducre (R)
1424,O'Shea Dugas (R)
9176,Austin Duke (R)
3216,Elvis Dumervil (R)
9756,Steven Dunbar Jr (R)
8536,Jessamen Dunker (R)
1553,Bill Dunkle (R)
7094,Brandon Dunn (R)
9757,Casey Dunn (R)
2127,Christopher Dunn (R)
857,Isaiah Dunn (R)
7455,Reggie Dunn (R)
8538,Travin Dural (R)
9759,Chris Durant (R)
9445,Jovon Durante (R)
10385,Cory Durden (R)
7988,Kenneth Durden (R)
9760,Lashard Durr (R)
3113,Michael Dwumfour (R)
6678,Tony Dye (R)
2132,Travis Dye (R)
7683,Donteea Dye Jr (R)
7097,Michael Dyer (R)
7684,Nick Dzubnar (R)
9762,Ed Eagan (R)
2709,Adrian Ealy (R)
1556,Jerrion Ealy (R)
3217,Kenny Easley (R)
9763,Andrew East (R)
10812,Kyle Eckel (R)
6401,Kasim Edebali (R)
8313,Cornelius Edison (R)
7098,Jahwan Edwards (R)
5153,Pat Edwards (R)
2711,Milo Eifler (R)
3122,Greg Eiland (R)
3128,Dieter Eiselen (R)
717,Rich Eisen (R)
8539,Kenneth Ekanem (R)
9180,Jake Eldrenkamp (R)
1562,Kaleb Eleby (R)
1426,Ben Ellefson (R)
6232,Carl Eller (R)
9766,Emmanuel Ellerbee (R)
8315,DeAndre Elliott (R)
701,Jalen Elliott (R)
7101,Jayrone Elliott (R)
5788,Kevin Elliott (R)
8316,Alex Ellis (R)
8543,David Ellis (R)
1564,Noah Elliss (R)
7994,Trae Elston (R)
3141,James Empey (R)
2134,Ikenna Enechukwu (R)
1428,Kabion Ento (R)
7995,Aaron Epps (R)
8878,Donnie Ernsberger (R)
7456,Durell Eskridge (R)
4637,John Estes (R)
863,Dorian Etheridge (R)
8546,Amba Etta-Tawo (R)
6708,Darius Eubanks (R)
7686,Kaleb Eulls (R)
9767,Aaron Evans (R)
6233,Jahri Evans (R)
8547,Jerod Evans (R)
1596,Nate Evans (R)
6408,Shaq Evans (R)
2136,Tiyon Evans (R)
2135,Mark Evans II (R)
1569,Obinna Eze (R)
3156,Michael Ezeike (R)
8317,Anthony Fabiano (R)
7106,Cody Fajardo (R)
9768,Nico Falah (R)
8318,Taylor Fallin (R)
8277,Jason Fanaika (R)
5160,Hebron Fangupo (R)
8883,Rashard Fant (R)
3160,Austin Faoliu (R)
7689,George Farmer (R)
7107,Dillon Farrell (R)
8321,Chase Farris (R)
8322,Kenneth Farrow (R)
7108,TJ Fatinikun (R)
2712,Olakunle Fatukasi (R)
5792,Chris Faulk (R)
864,Tavien Feaster (R)
6886,Chandler Fenner (R)
9454,Jazz Ferguson (R)
8003,Josh Ferguson (R)
8885,Riley Ferguson (R)
8324,Drew Ferris (R)
7462,Carlos Fields (R)
1579,Damarcus Fields (R)
8551,Devonte Fields (R)
7113,Bojay Filimoeatu (R)
6808,Tevita Finau (R)
278,Brian Fineanganofo (R)
702,Chris Finke (R)
770,Jermichael Finley (R)
6235,Larry Fitzgerald (R)
9458,Nick Fitzgerald (R)
3218,Ryan Fitzpatrick (R)
9771,Matt Flanagan (R)
6415,Timothy Flanders (R)
9772,Austin Fleer (R)
2555,London Fletcher (R)
8004,Jacob Flores (R)
8888,Dimitri Flowers (R)
8889,Quinton Flowers (R)
2556,Malcom Floyd (R)
7463,Kevin Fogg (R)
6824,Brian Folkerts (R)
9773,Keith Ford (R)
2715,Nick Ford (R)
6236,Chuck Forman (R)
867,Miller Forristall (R)
5169,Marcus Forston (R)
279,Austin Fort (R)
6237,Matt Forte (R)
6238,Arian Foster (R)
8007,DJ Foster (R)
7118,David Foucault (R)
7465,Bennie Fowler III (R)
7121,Dan Fox (R)
8326,Dan France (R)
6761,AJ Francis (R)
8893,Jarvion Franklin (R)
5804,Jerry Franklin (R)
9776,John Franklin III (R)
9778,Jordan Franks (R)
8009,Mose Frazier (R)
8327,Mose Frazier (R)
6811,Dalton Freeman (R)
6239,Dwight Freeney (R)
5808,Jonathan Freeny (R)
2494,Maurice French (R)
2495,Wesley French (R)
8010,Kyle Friend (R)
284,Elliott Fry (R)
1653,Ty Fryfogle (R)
7467,Alani Fua (R)
8011,Adam Fuehne (R)
8329,Jeff Fuller (R)
9185,John Fullington (R)
580,Roman Gabriel (R)
10080,X'Zauvea Gadin (R)
9334,Rico Gafford (R)
4643,Thomas Gafford (R)
2496,Innis Gaines (R)
7469,Jimmy Gaines (R)
2149,Connor Galvin (R)
9465,Malik Gant (R)
9186,Jerrol Garcia-Williams (R)
2499,Jonathan Garibay (R)
2165,Mekhi Garner (R)
1730,Haskell Garrett (R)
8016,Keyarris Garrett (R)
3197,Eric Garror (R)
6888,Terence Garvin (R)
7471,Shamiel Gary (R)
7472,Kendall Gaskins (R)
7128,Bruce Gaston (R)
3220,Antonio Gates (R)
8330,Quentin Gause (R)
294,Tyler Gauthier (R)
7129,Jordan Gay (R)
6828,Linden Gaydosh (R)
8561,Benjamin Gedeon (R)
3203,Kaylon Geiger Sr (R)
1731,Jeremiah Gemmel (R)
9320,Avery Gennesy (R)
8263,Tanner Gentry (R)
8197,Allan George (R)
8272,Garth Gerhart (R)
8022,Jake Gervase (R)
9357,Eston Gibbs (R)
8410,Mark Gilbert (R)
8365,Cookie Gilchrist (R)
8236,Nate Gilliam (R)
9565,Nate Gilliams (R)
10386,Steven Gilmore (R)
2168,Noah Gindorff (R)
5186,Chris Givens (R)
7133,Adarius Glanton (R)
10463,Chris Glaser (R)
6710,KaLial Glaud (R)
8020,Antonio Glover (R)
7476,Tay Glover-Wright (R)
9473,Dan Godsil (R)
6726,Brittan Golden (R)
5822,Robert Golden (R)
9781,Zack Golditch (R)
9782,Matt Gono (R)
9783,Chris Gonzalez (R)
301,Ahmad Gooden (R)
7699,Stephen Goodin (R)
7138,Antwan Goodley (R)
1735,Mario Goodrich (R)
8331,Dillon Gordon (R)
879,Derrick Gore (R)
10389,Matt Gotel (R)
8332,Ben Gottschalk (R)
2173,Richard Gouraige (R)
9188,Jermaine Grace (R)
7141,Kevin Graf (R)
302,Jaeden Graham (R)
9784,Tyson Graham (R)
1739,Isaiah Graham-Mobley (R)
8024,Antwane Grant (R)
7142,Corey Grant (R)
7701,Curtis Grant (R)
9335,Janarion Grant (R)
9785,Alex Gray (R)
126,Devin Gray (R)
9189,Geoff Gray (R)
7145,Jonas Gray (R)
1744,Vincent Gray (R)
1439,Cyril Grayson (R)
8903,Davon Grayson (R)
9787,Cyril Grayson Jr (R)
9190,Aaron Green (R)
2519,Carson Green (R)
9191,Tion Green (R)
8027,Torrey Green (R)
7150,Deontay Greenberry (R)
306,Brandon Greene (R)
8028,Darrell Greene (R)
9477,Donnell Greene (R)
3249,Mike Greene (R)
9479,Ethan Greenidge (R)
3222,Chad Greenway (R)
4658,Cory Greenwood (R)
9789,Trey Griffey (R)
9192,Garrett Griffin (R)
2521,Michael Griffin II (R)
3223,Robert Griffin III (R)
8333,Nic Grigsby (R)
2620,Brent Grimes (R)
5838,Jonathan Grimes (R)
9790,David Grinnage (R)
8335,Aaron Grymes (R)
308,Javelin Guidry (R)
312,Stephen Guidry (R)
5841,Jose Gumbs (R)
5842,Harland Gunn (R)
4965,Tori Gurley (R)
7483,Chris Hackett (R)
8031,Tom Hackett (R)
10390,Kahlef Hailassie (R)
5843,Saalim Hakim (R)
4664,Chad Hall (R)
3224,DeAngelo Hall (R)
9483,Emanuel Hall (R)
1749,Jeremiah Hall (R)
9484,Nate Hall (R)
7156,Rannell Hall (R)
7485,Rannell Hall (R)
7486,Connor Halliday (R)
5844,Adrian Hamilton (R)
7487,Chad Hamilton (R)
7157,Dominique Hamilton (R)
6753,Jakar Hamilton (R)
8909,Shaun Dion Hamilton (R)
8337,Woodrow Hamilton (R)
8338,Connor Hamlett (R)
7488,JeRon Hamm (R)
7158,Frankie Hammond (R)
5208,Jewel Hampton (R)
6441,Victor Hampton (R)
9487,Terrill Hanks (R)
3294,John Hannah (R)
9791,Micah Hannemann (R)
8339,Russell Hansbrough (R)
9488,Chase Hansen (R)
8573,Timothy Hansen (R)
1755,Aaron Hansford (R)
8034,Lars Hanson (R)
883,JaQuan Hardy (R)
886,Bryce Hargrove (R)
7864,Chris Harper (R)
7162,Josh Harper (R)
1442,Madre Harper (R)
1392,Roman Harper (R)
7707,Alonzo Harris (R)
887,Brontae Harris (R)
5852,Bryce Harris (R)
3283,Cliff Harris (R)
8576,Connor Harris (R)
5215,DaJohn Harris (R)
8037,Darien Harris (R)
3269,DeJon Harris (R)
1444,DeMichael Harris (R)
8038,DeVante Harris (R)
10392,Jalen Harris (R)
7163,Josh Harris (R)
9197,Nigel Harris (R)
8913,Desmond Harrison (R)
6241,James Harrison (R)
7493,Dee Hart (R)
9794,Derek Hart (R)
129,Penny Hart (R)
9494,Montre Hartage (R)
8039,Trevon Hartfield (R)
1448,Myles Hartsfiel (R)
1758,Kolby Harvell-Peel (R)
5858,Mario Harvey (R)
337,Willie Harvey (R)
3226,Percy Harvin (R)
8578,Keon Hatcher (R)
9198,Dominique Hatfield (R)
9199,Rickey Hatley (R)
6673,Caylin Hauptmann (R)
9796,Albert Havili (R)
7496,Ricky Havili-Heimuli (R)
3273,Brad Hawkins (R)
7167,Donald Hawkins (R)
1761,Blake Hayes (R)
340,Tae Hayes (R)
7709,Jarryd Hayne (R)
6699,Paul Hazel (R)
8342,Jake Heaps (R)
7497,Braylon Heard (R)
8917,Taylor Hearn (R)
8916,James Hearns (R)
5226,TJ Heath (R)
9797,Bruce Hector (R)
8043,David Hedelin (R)
10395,Lou Hedley (R)
754,Jack Heflin (R)
2525,Jaivon Heiligh (R)
6881,Cooper Helfet (R)
9497,Daniel Helm (R)
8918,Quadree Henderson (R)
9798,Trayvon Henderson (R)
3314,Xavier Henderson (R)
8919,Zaycoven Henderson (R)
37,Ted Hendricks (R)
8343,AJ Hendy (R)
7711,Mitchell Henry (R)
5228,Ricky Henry (R)
345,Hale Hentges (R)
3320,Grant Hermanns (R)
7499,Javontee Herndon (R)
348,Brian Herrien (R)
349,Frank Herron (R)
892,Parker Hesse (R)
6243,Devin Hester Sr (R)
8049,Calvin Heurtelou (R)
6448,Ryan Hewitt (R)
7501,Sean Hickey (R)
5863,Justin Hickman (R)
8922,Kyle Hicks (R)
9500,Karan Higdon (R)
8583,Cole Hikutini (R)
9990,Jay Hilgenberg (R)
8344,Bronson Hill (R)
8585,Delano Hill (R)
2223,Harlon Hill (R)
9201,Jaylen Hill (R)
9801,Khalid Hill (R)
6719,Michael Hill (R)
8345,Rashod Hill (R)
1509,Sammie Hill (R)
10588,Tommi Hill (R)
355,Trevon Hill (R)
5866,Will Hill III (R)
9799,Connor Hilland (R)
8053,Darius Hillary (R)
893,Justin Hilliard (R)
1505,Peyton Hillis (R)
356,Wes Hills (R)
9802,DJuan Hines (R)
2530,Jared Hocker (R)
895,Darius Hodge (R)
1769,Curtis Hodges (R)
7503,Zack Hodges (R)
8587,Krishawn Hogan (R)
9504,Alijah Holder (R)
8926,Jeff Holland (R)
897,Nate Holley (R)
697,Alexander Hollins (R)
364,Cody Hollister (R)
7713,Gabe Holmes (R)
8056,Johnny Holton (R)
367,JP Holtz (R)
9506,Elijah Holyfield (R)
2532,Delonte Hood (R)
6867,Sean Hooey (R)
8346,Lavon Hooks (R)
3326,Tyler Hoosman (R)
6959,Tyler Horn (R)
10593,Cam Horsley (R)
370,Jesper Horsted (R)
6825,Wes Horton (R)
7176,Harold Hoskins (R)
8058,Sione Houma (R)
9803,Will House (R)
3411,Dennis Houston (R)
39,Ken Houston (R)
9804,AJ Howard (R)
8593,Johnathan Howard (R)
7506,Travis Howard (R)
9806,Buddy Howell (R)
5876,Delano Howell (R)
4377,Hayden Howerton (R)
8348,Julian Howsare (R)
132,Vitas Hrynkiewicz (R)
8349,Chris Hubert (R)
7715,Andrew Hudson (R)
1455,Juju Hughes (R)
5250,Kevin Hughes (R)
9808,Michael Hughes (R)
6747,Robert Hughes (R)
9809,Myles Humphrey (R)
7718,Akeem Hunt (R)
9810,Cameron Hunt (R)
9811,Cole Hunt (R)
8596,Hayden Hunt (R)
1573,Phillip Hunt (R)
6929,David Hunter (R)
9812,Ryan Hunter (R)
6677,Demontre Hurst (R)
9513,Mitch Hyatt (R)
374,Ishmael Hyman (R)
2226,Mohamed Ibrahim (R)
5251,Emil Igwenagu (R)
7866,Gabe Ikard (R)
9206,Isaiah Irving (R)
9813,Steve Ishmael (R)
9516,Martez Ivey (R)
8065,Prince Iworah (R)
9814,Bijhon Jackson (R)
133,Blake Jackson (R)
749,Bo Jackson (R)
8351,Branden Jackson (R)
3228,D'Qwell Jackson (R)
8935,Darius Jackson (R)
8069,Don Jackson (R)
5260,Jerrell Jackson (R)
10398,Kearis Jackson (R)
381,Lamar Jackson (R)
10399,Matthew Jackson (R)
134,Robert Jackson (R)
9519,Tyree Jackson (R)
2537,Warren Jackson (R)
10607,Montrell Jackson Jr (R)
7720,Chuck Jacobs (R)
6462,Nic Jacobs (R)
7183,Tramain Jacobs (R)
1460,Michael Jacquet III (R)
9815,Alec James (R)
9816,Craig James (R)
1691,Edgerrin James (R)
8353,Josh James (R)
6787,Charles James II (R)
1630,Sebastian Janikowski (R)
4501,Rakim Jarrett (R)
9208,Tyrique Jarrett (R)
9817,Richard Jarvis (R)
4970,Lestar Jean (R)
10122,Trajan Jeffcoat (R)
4708,AJ Jefferson (R)
9818,AJ Jefferson (R)
7643,Anthony Jefferson (R)
9522,Cece Jefferson (R)
2625,Alshon Jeffery (R)
6849,Greg Jenkins (R)
2230,Jaray Jenkins (R)
8074,Shaneil Jenkins (R)
3229,Greg Jennings (R)
10400,Nash Jensen (R)
5896,Tony Jerod-Eddie (R)
8602,Lorenzo Jerome (R)
9819,Colin Jeter (R)
396,Alexander Johnson (R)
6194,Andre Johnson (R)
9526,Anthony Johnson (R)
8075,Austin Johnson (R)
914,Brian Johnson (R)
9820,Bryce Johnson (R)
917,Cade Johnson (R)
1660,Calvin Johnson (R)
4520,Calvin Johnson (R)
6196,Charles Johnson (R)
6197,Chris Johnson (R)
2237,CJ Johnson (R)
8076,Cory Johnson (R)
8077,Daje Johnson (R)
5899,Damaris Johnson (R)
9210,Denzel Johnson (R)
6198,Derrick Johnson (R)
8078,Devon Johnson (R)
9528,Devon Johnson (R)
8079,Devonte Johnson (R)
9531,Gary Johnson (R)
7516,Gus Johnson (R)
8604,Jadar Johnson (R)
4971,Jeron Johnson (R)
4972,Jerrod Johnson (R)
394,JonVea Johnson (R)
9821,Jordan Johnson (R)
1783,Josh Johnson (R)
8355,Josh Johnson (R)
6763,Keelan Johnson (R)
5273,Leonard Johnson (R)
9822,Lyndon Johnson (R)
4542,Quindell Johnson (R)
5274,Rishaw Johnson (R)
6847,Shelton Johnson (R)
5275,Steven Johnson (R)
8354,Toby Johnson (R)
5277,Tom Johnson (R)
9213,Trevon Johnson (R)
2626,Trumaine Johnson (R)
1785,Tyree Johnson (R)
1461,Tyron Johnson (R)
1779,Johnny Johnson III (R)
8356,Tyler Johnstone (R)
4555,Kingsley Jonathan (R)
9823,Alvin Jones (R)
1045,Bert Jones (R)
2543,Braylon Jones (R)
8357,Brett Jones (R)
4558,Caleb Jones (R)
7197,Chandler Jones (R)
403,Charles Jones (R)
8951,Chris Jones (R)
5913,Dominique Jones (R)
7517,Howard Jones (R)
1721,Jacoby Jones (R)
8358,Jamaal Jones (R)
8612,Jarron Jones (R)
9539,Jordan Jones (R)
8613,Joshua Jones (R)
138,JT Jones (R)
9826,JTerius Jones (R)
2089,Keandre Jones (R)
4568,Manny Jones (R)
2627,Reshad Jones (R)
7868,Seantavius Jones (R)
7863,Taiwan Jones (R)
6773,Terren Jones (R)
402,Tevin Jones (R)
9540,Tyler Jones (R)
2273,Tyreque Jones (R)
935,Xavier Jones (R)
8950,Jaryd Jones-Smith (R)
2274,Brandon Joseph (R)
9215,Dieugot Joseph (R)
9542,Kendall Joseph (R)
8956,Michael Joseph (R)
9216,Akeem Judd (R)
10619,DeAndre Jules (R)
1462,Luke Juriga (R)
2628,Ryan Kalil (R)
9217,Kyle Kalis (R)
9218,Francis Kallon (R)
8958,Joshua Kalu (R)
8359,Ufomba Kamalu (R)
407,Azur Kamara (R)
941,Hunter Kampmoyer (R)
9829,Chad Kanoff (R)
8091,Nila Kasitati (R)
1463,Matt Kaskey (R)
1464,John Keenoy (R)
5295,Thomas Keiser (R)
1465,Nick Keizer (R)
7519,Wade Keliikipi (R)
1796,Cole Kelley (R)
1466,Derrick Kelly (R)
8960,Kam Kelly (R)
2629,Leroy Kelly (R)
9830,Jermaine Kelly Jr (R)
8619,Keith Kelsey (R)
942,Carlo Kemp (R)
9220,Marcus Kemp (R)
10407,Anthony Kendall (R)
7521,Zac Kerin (R)
954,Alex Kessman (R)
1784,Eric Kettani (R)
412,BoPete Keyes (R)
7730,Josh Keyes (R)
7858,Darren Keyton (R)
252,DJ Khaled (R)
4586,Lewis Kidd (R)
9831,Caleb Kidder (R)
9832,Darvin Kidsy (R)
9833,DJ Killings (R)
8362,Deon King (R)
8962,Jamarcus King (R)
9221,Jason King (R)
955,Cameron Kinley (R)
5924,GJ Kinne (R)
4591,Brandon Kipper (R)
8098,Denver Kirkland (R)
5925,Ishmaaily Kitchen (R)
9835,Andreas Knappe (R)
8624,Trevor Knight (R)
5928,Jake Knott (R)
5929,Kyle Knox (R)
9836,Leo Koloamatangi (R)
139,Jeremiah Kolone (R)
9838,Tejan Koroma (R)
2278,Adam Korsak (R)
960,JJ Koski (R)
7523,Jonathan Krause (R)
7,Paul Krause (R)
8099,Henry Krieger-Coble (R)
2509,Paul Kruger (R)
8100,Tyler Kuder (R)
6200,Luke Kuechly (R)
140,Ketner Kupp (R)
6914,Alex Kupper (R)
9222,Deon Lacey (R)
8965,Chris Lacy (R)
2510,Eddie Lacy (R)
417,Patrick Laird (R)
9547,Tre Lamar (R)
8364,Davonte Lambert (R)
7735,Keenan Lambert (R)
8628,Ashton Lampkin (R)
8102,Jake Lampman (R)
5935,Emmanuel Lamur (R)
9840,Tyler Lancaster (R)
4616,Matt Landers (R)
8629,Jerome Lane (R)
5937,Jorvorskie Lane Sr (R)
2630,Jim Langer (R)
8630,Havea Langi (R)
8366,Anthony Lanier II (R)
7526,Ryan Lankford (R)
9841,Joel Lanning (R)
1472,Austin Larkin (R)
7737,Paul Lasike (R)
8105,Darius Latham (R)
2091,Cedrick Lattimore (R)
7208,DeDe Lattimore (R)
9842,Fred Lauina (R)
9843,Tomasi Laulile (R)
7209,Cordarro Law (R)
6754,Cameron Lawrence (R)
9845,Devaroe Lawrence (R)
7527,Rashad Lawrence (R)
8367,Marcus Leak (R)
421,Javon Leake (R)
8634,Javarius Leamon (R)
9846,Dallin Leavitt (R)
9550,Jonathan Ledbetter (R)
8636,Cameron Lee (R)
8109,Dillon Lee (R)
9224,Eric Lee (R)
8110,Jay Lee (R)
9847,Robert Leff (R)
7210,Jimmy Legree (R)
8639,Mitchell Leidner (R)
424,Benny LeMay (R)
5309,Orie Lemon (R)
2092,Jessie Lemonier (R)
8370,Matt Lengel (R)
6750,Josh Lenz (R)
2290,Eku Leota (R)
9225,Jordan Leslie (R)
5311,Anthony Levine Sr (R)
6875,Lance Lewis (R)
9226,Latroy Lewis (R)
2191,Mo Lewis (R)
6799,Patrick Lewis (R)
9849,Ryan Lewis (R)
8112,Roger Lewis Jr (R)
8113,Joe Licata (R)
8372,Mike Liedtke (R)
142,Justice Liggins (R)
8642,William Likely (R)
9851,Dee Liner (R)
4749,Jeff Linkenbach (R)
10636,Steve Linton (R)
432,Kalija Lipscomb (R)
8974,Chase Litton (R)
8643,Sefo Liufau (R)
7213,Seth Lobato (R)
7531,Colin Lockett (R)
9554,Damarkus Lodge (R)
4751,Cullen Loeffler (R)
9227,Mitchell Loewen (R)
5321,Shawn Loiseau (R)
8115,Jordan Lomax (R)
2512,Chris Long (R)
7215,Deon Long (R)
5951,Joe Long (R)
7741,Matt Longacre (R)
7532,Kyle Loomis (R)
7533,Derrick Lott (R)
8976,Lowell Lotulelei (R)
8117,Lamar Louis (R)
7216,Al Louis-Jean (R)
972,Josh Love (R)
9852,Mike Love (R)
7217,Jerry Lovelocke (R)
1476,John Lovett (R)
4638,Duron Lowe (R)
8646,Keevan Lucas (R)
2513,Andrew Luck (R)
7218,Donatella Luckett (R)
7535,Tello Luckett (R)
9228,Cole Luke (R)
5325,Ricky Lumpkin (R)
434,Brad Lundblade (R)
7219,Gavin Lutman (R)
7744,Cameron Lynch (R)
3295,John Lynch (R)
6202,Marshawn Lynch (R)
7745,Caushaud Lyons (R)
1478,Dylan Mabin (R)
9229,Greg Mabin (R)
6776,Jordan Mabin (R)
2095,Tyler Mabry (R)
974,Austin MacGinnis (R)
439,Austin Mack (R)
9853,Blake Mack (R)
438,Isaiah Mack (R)
440,Jordan Mack (R)
8123,Tre Madden (R)
7537,Joe Madsen (R)
5958,Brandon Magee (R)
9854,Josh Magee (R)
7220,Terrence Magee (R)
8124,Curt Maggitt (R)
4651,Sean Maginn (R)
9230,Erik Magnuson (R)
9855,Brendan Mahon (R)
8125,Lene Maiava (R)
8126,Ryan Malleck (R)
8979,KJ Malone (R)
1697,Tom Malone (R)
9231,Cameron Malveaux (R)
8650,Damien Mama (R)
4756,Steve Maneri (R)
6296,Eli Manning (R)
2295,Tashawn Manning (R)
7541,Justin Manton (R)
6204,Johnny Manziel (R)
8376,Justin March-Lillard (R)
8377,Tyler Marcordes (R)
8651,Gabriel Marks (R)
7749,Bradley Marquez (R)
2773,Brandon Marshall (R)
8276,Byron Marshall (R)
7543,Nick Marshall (R)
9856,Trey Marshall (R)
7750,Gabe Martin (R)
6743,Josh Martin (R)
1480,Koda Martin (R)
10649,Sean Martin (R)
8980,TJ Martin (R)
7751,Ronald Martin Jr (R)
9857,Greer Martini (R)
7224,Freddie Martino (R)
9232,Tyler Marz (R)
6714,Matt Masifilo (R)
8981,Hercules Mataafa (R)
8132,Mitch Mathews (R)
9858,Claudy Mathieu (R)
2001,Rashean Mathis (R)
2002,Robert Mathis (R)
9859,Trevon Mathis (R)
7226,Josue Matias (R)
8652,Joe Matis (R)
7227,Chris Matthews (R)
8133,Ryker Matthews (R)
698,Tommy Matthews (R)
9860,Tray Matthews (R)
8134,Helva Matungulu (R)
9233,Quincy Mauger (R)
8378,Johnny Maxey (R)
2578,Jared Mayden (R)
8136,Chris Mayes (R)
444,Cole Mazza (R)
7545,Joey Mbu (R)
6205,Pat McAfee (R)
10417,Tyreik McAllister (R)
8137,Max McCaffrey (R)
7234,Chris McCain (R)
2098,Mac McCain III (R)
1836,Marquan McCall (R)
5344,Matthew McCants (R)
9235,Riley McCarron (R)
7546,Ellis McCarthy (R)
9861,Sam McCaskill (R)
5345,Antoine McClain (R)
1839,Zakoby McClain (R)
5346,Albert McClellan (R)
7236,Anthony McCloud (R)
4696,Zach McCloud (R)
8139,Stefan McClure (R)
8379,Dexter McCoil (R)
2593,James McCourt (R)
9862,Matthew McCrane (R)
2100,Nate McCrary (R)
5348,Kelcie McCray (R)
8984,Mike McCray (R)
7237,LJ McCray II (R)
10418,Cameron McCutchen (R)
4711,Lance McCutchen (R)
2052,Tony McDaniel (R)
8985,KC McDermott (R)
7754,Shane McDermott (R)
5970,Andrew McDonald (R)
7238,Dewey McDonald (R)
7550,Tevin Mcdonald (R)
978,Codey McElroy (R)
8380,Tanner McEvoy (R)
7551,Kimario Mcfadden (R)
5972,Marshall McFadden (R)
8986,Tarvarus McFadden (R)
8140,Jake McGee (R)
450,Garrett McGhin (R)
7758,TY McGill (R)
4718,Kyric McGowan (R)
5350,Garrett McIntyre (R)
8142,Mekale McKay (R)
451,Sean McKeon (R)
1849,Verone Mckinley III (R)
2081,Brandon McKinney (R)
9863,Jeremiah McKinnon (R)
8381,Cassanova McKinzy (R)
9864,Cassanova McKinzy (R)
984,Isaiah Mckoy (R)
9566,Mark Mclaurin (R)
8144,Ivan McLennan (R)
985,Wynton McManis (R)
2595,Kyler McMichael (R)
3304,Steve McNair (R)
7552,Josh McNary (R)
2777,Freeman McNeil (R)
5353,Mike McNeill (R)
9238,Torry McTyer (R)
2596,Jairon McVea (R)
9865,Kyle Meadows (R)
9866,Montrel Meander (R)
8990,Quenton Meeks (R)
7553,Davin Meggett (R)
2597,Forrest Merill (R)
2101,Forrest Merrill (R)
2598,Andrew Mevis (R)
8382,Doug Middleton (R)
4784,Jeromy Miles (R)
8146,Greg Milhouse (R)
4725,Aubrey Miller (R)
144,Chandler Miller (R)
7556,Darrian Miller (R)
2780,Heath Miller (R)
2102,Herb Miller (R)
5983,Kyle Miller (R)
988,Wyatt Miller (R)
9240,Rolan Milligan (R)
6697,Keavon Milton (R)
10424,Jordan Mims (R)
8150,David Mims II (R)
145,Jonathon Mincy (R)
5366,Chase Minnifield (R)
3290,Frank Minnifield (R)
6926,Zach Minter (R)
899,Andre Mintze (R)
1486,Bryant Mitchell (R)
4729,DaMarcus Mitchell (R)
8994,Steven Mitchell (R)
9242,Taquan Mizzell (R)
8152,David Moala (R)
1487,Jovante Moffatt (R)
463,John Molchon (R)
464,JJ Molson (R)
6765,Ifeanyi Momah (R)
1855,Smoke Monday (R)
8384,Will Monday (R)
1489,Henry Mondeaux (R)
467,Steven Montez (R)
1856,Jeremiah Moon (R)
991,Joshua Moon (R)
6901,Collin Mooney (R)
9867,AJ Moore (R)
1385,Briley Moore (R)
8995,DJ Moore (R)
2319,Isaiah Moore (R)
9578,Jalin Moore (R)
471,Jason Moore (R)
5370,Kashif Moore (R)
6208,Lenny Moore (R)
8998,Skai Moore (R)
9245,Steven Moore (R)
4791,Aaron Morgan (R)
8666,Drew Morgan (R)
8667,Jordan Morgan (R)
6780,Darryl Morris (R)
9868,Patrick Morris (R)
992,Dylan Moses (R)
2188,CJ Mosley (R)
5993,Dale Moss (R)
993,Parnell Motley (R)
4759,Antonio Moultrie (R)
6891,Derek Moye (R)
7246,Henoc Muamba (R)
4777,Tiawan Mullen (R)
6655,Andy Mulumba (R)
7770,Daniel Munyer (R)
6534,Jake Murphy (R)
476,Kyle Murphy (R)
10190,Miles Murphy (R)
8385,Pace Murphy (R)
7772,Tyler Murphy (R)
6210,Demarco Murray (R)
9871,Jimmy Murray (R)
8158,Justin Murray (R)
9584,Nyqwan Murray (R)
7249,Patrick Murray (R)
2338,PJ Mustipher (R)
2782,Chris Myers (R)
995,Chris Naggar (R)
6537,Jordan Najvar (R)
8999,Ryan Nall (R)
9252,Lewis Neal (R)
7561,Rajion Neal (R)
9253,Aaron Neary (R)
7251,Connor Neighbors (R)
5998,Kyle Nelson (R)
7254,Robert Nelson Jr (R)
8161,Stephane Nembot (R)
4802,Nate Ness (R)
5999,Al Netter (R)
8387,Giorgio Newberry (R)
2195,Terrance Newman (R)
9346,Detrez Newsome (R)
147,Tyler Newsome (R)
6211,Haloti Ngata (R)
9873,Deatrick Nichols (R)
10426,Rayshad Nichols (R)
1494,Hunter Niswander (R)
6818,James Nixon (R)
9875,Elijah Nkansah (R)
8675,Devante Noil (R)
996,Quinn Nordin (R)
8388,Jared Norris (R)
8165,Marquez North (R)
8676,Bradley Northnagel (R)
6666,Ty Nsekhe (R)
998,Antonio Nunn (R)
9876,Beau Nunn (R)
8677,Noble Nwachukwu (R)
6924,Uzoma Nwachukwu (R)
9877,Ikenna Nwokeji (R)
10429,Patrick O'Connell (R)
10430,Carter O'Donnel (R)
6542,Pat O'Donnel (R)
487,Cheyenne O'Grady (R)
8390,Ryan O'Malley (R)
1865,Leon O'Neal (R)
10431,Raiqwon O'Neal (R)
9879,Owen Obasuyi (R)
8166,Victor Ochi (R)
9256,Ifeadi Odenigbo (R)
2340,John Ojukwu (R)
10200,Eyabi Okie-Anoma (R)
7777,Earl Okine (R)
7565,Kenny Okoro (R)
7566,Lawrence Okoye (R)
7261,Michael Ola (R)
7567,Deji Olatoye (R)
493,Sewo Olonilua (R)
6213,Greg Olsen (R)
499,Donovan Olumba (R)
9258,James Onwualu (R)
9881,Matthew Oplinger (R)
6919,Toben Opurum (R)
2343,Anfernee Orji (R)
8681,Tyler Orlosky (R)
8682,Scott Orndoff (R)
501,Kareem Orr (R)
7568,Leon Orr (R)
2313,Greg Orton (R)
9882,William Ossai (R)
9883,Joe Ostman (R)
6214,Jim Otto (R)
9260,Jeff Overbaugh (R)
4816,Nathan Overbay (R)
5401,Chris Owusu (R)
148,Devine Ozigbo (R)
2607,Jojo Ozougwu (R)
1109,JR Pace (R)
5403,Eric Page (R)
10686,Payton Page (R)
6544,Tenny Palepoi (R)
7570,Kelvin Palmer (R)
4817,Michael Palmer (R)
6012,Nathan Palmer (R)
6738,Tobais Palmer (R)
1002,Walter Palmore (R)
9261,Adam Pankey (R)
6810,Chris Pantale (R)
7571,Trevor Pardula (R)
503,Aaron Parker (R)
7780,Brian Parker (R)
9884,Steven Parker (R)
10436,John Parker-Romo (R)
505,Damian Parms (R)
9015,Timon Parris (R)
1006,Aaron Patrick (R)
2088,Jacques Patrick (R)
507,Natrez Patrick (R)
7270,Ronald Patrick (R)
9885,Damoun Patterson (R)
2361,Dimitri Patterson (R)
8393,Eric Patterson (R)
2350,Kyle Patterson (R)
9886,Andre Patton (R)
7271,Solomon Patton (R)
9264,Donald Payne (R)
509,Chris Peace (R)
4806,Henry Pearson (R)
512,Alex Pechin (R)
9887,Aaron Peck (R)
1879,Jayden Peevy (R)
5411,Micah Pellerin (R)
9888,Claude Pelon (R)
9889,Aarion Penton (R)
2351,Cam Peoples (R)
2380,Julius Peppers (R)
7273,Justin Perillo (R)
9890,Kent Perkins (R)
1883,EJ Perry (R)
1500,Jamal Perry (R)
4828,Joe Perry (R)
7275,Senorise Perry (R)
6321,William Perry (R)
7782,Brian Peters (R)
7575,Garry Peters (R)
9596,Jamal Peters (R)
9266,Otha Peters (R)
8396,Shaq Petteway (R)
8176,DJ Pettway (R)
9019,Kamryn Pettway (R)
2353,Lonnie Phelps (R)
9020,Cam Phillips (R)
8687,Carroll Phillips (R)
7576,Dashaun Phillips (R)
523,Justin Phillips (R)
525,Scottie Phillips (R)
2197,Shaun Phillips (R)
9023,Skyler Phillips (R)
7785,Olsen Pierre (R)
4848,Brandon Pili (R)
529,Michael Pinckney (R)
10209,Prince Pines (R)
9267,Larry Pinkard (R)
530,Jared Pinkney (R)
9268,Lenzy Pipkins (R)
9891,Jamiyus Pittman (R)
8398,Lafayette Pitts (R)
8688,Hayden Plinke (R)
7786,Terrance Plummer (R)
2357,Jack Podlesny (R)
4862,Jason Poe (R)
9269,William Poehls (R)
6021,Quinton Pointer (R)
4829,Troy Polamalu (R)
1380,Tony Poljan (R)
5418,Chris Polk (R)
1895,Makai Polk (R)
3291,Fritz Pollard (R)
1015,Elijah Ponder (R)
5419,Tauren Poole (R)
9601,Ryan Pope (R)
5421,Julian Posey (R)
2610,Benning Potoae (R)
2359,BT Potter (R)
9270,Darius Powe (R)
8178,Tyvis Powell (R)
10212,Van Pran-Granger (R)
9894,Dayon Pratt (R)
7580,Quron Pratt (R)
9271,Gimel President (R)
7285,DeAndre Presley (R)
8180,Jhurell Pressley (R)
5428,Michael Preston (R)
4886,Willington Previlon (R)
7581,Cody Prewitt (R)
1645,Bobby Price (R)
1897,DVonte Price (R)
8182,Givens Price (R)
6751,Sheldon Price (R)
2360,Deneric Prince (R)
4893,Gerrit Prince (R)
9895,RJ Prince (R)
6816,Xavier Proctor (R)
9028,Jacob Pugh (R)
9605,Ryan Pulley (R)
6555,Loucheiz Purifoy (R)
9898,Greg Pyke (R)
9899,Kyle Queiro (R)
8693,James Quick (R)
7288,Bryce Quigley (R)
2784,Glover Quin (R)
7583,Brent Qvale (R)
149,Anthony Raatliff-Williams (R)
1502,Kevin Rader (R)
2611,Bookie Radley-Hiles (R)
1018,Trey Ragas (R)
1019,John Raine (R)
2198,BJ Raji (R)
2612,Nick Ralston (R)
1904,Charleston Rambo (R)
1503,Randy Ramsey (R)
1710,Ahmad Rashad (R)
9608,Wyatt Ray (R)
6756,Caesar Rayford (R)
9607,Dax Raymond (R)
7292,Darrin Reaves (R)
8403,Deandre Reaves (R)
9902,CJ Reavis (R)
8695,Michael Rector (R)
6034,Kevin Reddick (R)
8697,Devine Redding (R)
8404,Kasey Redfern (R)
9033,Max Redfield (R)
4843,Isaac Redman (R)
8188,Adam Redmond (R)
9272,Adam Redmond (R)
8189,Alex Redmond (R)
7584,Cedric Reed (R)
8406,Trovon Reed (R)
7585,Bernard Reedy (R)
10438,Otis Reese IV (R)
6036,Micanor Regis (R)
8699,Austin Rehkow (R)
2729,Roman Reigns (R)
9273,Brandon Reilly (R)
5439,Allen Reisner (R)
9903,Tyler Renew (R)
6562,Bryn Renner (R)
1619,Sam Renner (R)
5441,Konrad Reuland (R)
2785,Darrelle Revis (R)
1027,Sammis Reyes (R)
5443,Chase Reynolds (R)
6798,LaRoy Reynolds (R)
1597,Jon Rhattigan (R)
7792,Denzel Rice (R)
9988,Jerry Rice (R)
9036,Demario Richard (R)
9275,Jeff Richards (R)
150,Ramon Richards (R)
1507,AJ Richardson (R)
7588,Bobby Richardson (R)
9904,Horace Richardson (R)
7794,Rico Richardson (R)
7295,Shaq Riddick (R)
7796,Cody Riggs (R)
8409,Curtis Riley (R)
9276,Marcus Rios (R)
9905,David Rivers (R)
6801,Gerald Rivers (R)
7799,Trevor Roach (R)
550,Derick Roberson (R)
1030,Tre Roberson (R)
1917,Reggie Roberson Jr (R)
151,Boogie Roberts (R)
7589,Jared Roberts (R)
7590,Seth Roberts (R)
9040,Stephen Roberts (R)
9039,Korey Robertson (R)
9277,Pete Robertson (R)
8704,Jalen Robinette (R)
1039,Curtis Robinson (R)
6047,Denard Robinson (R)
8706,Ezra Robinson (R)
5449,Gerell Robinson (R)
6662,Khiry Robinson (R)
7299,Luther Robinson (R)
6852,Ryan Robinson (R)
9906,Tyree Robinson (R)
1923,Tyrese Robinson (R)
6712,Jordan Rodgers (R)
9613,Tyler Roemer (R)
4913,Armani Rogers (R)
2576,Carlos Rogers (R)
6049,DaRick Rogers (R)
8708,Darreus Rogers (R)
8412,Eric Rogers (R)
556,Kendrick Rogers (R)
9041,JaVon Rolland-Jones (R)
6820,Jumal Rolle (R)
9278,Jordan Roos (R)
1928,Mike Rose (R)
9280,Nick Rose (R)
9907,Larry Rose III (R)
10237,Marcus Rosemy-Jocksaint (R)
1929,Dare Rosenthal (R)
9281,Daniel Ross (R)
8710,Frederick Ross (R)
1930,Josh Ross (R)
7303,Rashad Ross (R)
7593,Rashad Ross (R)
7594,Spencer Roth (R)
9043,Bunmi Rotimi (R)
7595,Ezell Ruffin (R)
559,Anthony Rush (R)
8413,Marcus Rush (R)
8202,Alonzo Russell (R)
4858,Anderson Russell (R)
8715,Seth Russell (R)
5460,Kevin Rutland (R)
4859,Jimmy Saddler-McQueen (R)
1042,Olive Sagapolu (R)
9908,Victor Salako (R)
10241,Andre Sam (R)
6058,Josh Samuda (R)
561,Stanford Samuels III (R)
1937,Braylon Sanders (R)
9989,Deion Sanders (R)
9047,Dominick Sanders (R)
4861,Brian Sanford (R)
152,Darnell Sankey (R)
153,Tigie Sankoh (R)
562,Ryan Santoso (R)
10440,Benny Sapp III (R)
2618,Foster Sarell (R)
2160,Mekhi Sargent (R)
4988,Weslye Saunders (R)
7310,Wes Saxton (R)
9283,Casey Sayles (R)
5466,Damik Scafe (R)
9048,Tegray Scales (R)
8414,Brennan Scarlett (R)
6682,JK Schaffer (R)
7596,Ross Scheuerman (R)
8415,Quinton Schooley (R)
7802,Jacob Schum (R)
8718,Artavis Scott (R)
9910,DaMari Scott (R)
8417,Larry Scott (R)
9624,LJ Scott (R)
9911,Niles Scott (R)
9285,Tim Scott (R)
9912,Trenton Scott (R)
1612,Steve Scott III (R)
7313,Sammy Seamster (R)
7314,Mohammed Seisay (R)
2688,Jordan Senn (R)
7315,Brandon Sermons (R)
8420,Canaan Severin (R)
8422,Al-Hajj Shabazz (R)
9287,Maurquice Shakir (R)
8210,Hunter Sharp (R)
4833,Ryan Shazier (R)
7599,Adam Shead (R)
9913,Conor Sheehy (R)
564,Brady Sheldon (R)
8723,Rushel Shell (R)
9914,RJ Shelton (R)
8724,Sojourn Shelton (R)
6713,Russell Shepard (R)
566,Darrius Shepherd (R)
567,Qaadir Sheppard (R)
2956,Sam Shields (R)
9058,Nic Shimonek (R)
2714,Jordan Shipley (R)
7803,Josh Shirley (R)
8423,Aziz Shittu (R)
9917,Daikiel Shorts (R)
7804,Jameill Showers (R)
8424,Valdez Showers (R)
4935,Caleb Shudak (R)
8725,Garrett Sickels (R)
7320,Jean Sifrin (R)
8425,Devaunte Sigler (R)
5475,Sealver Siliga (R)
9919,Jordan Simmons (R)
7321,Scott Simonson (R)
7602,Blake Sims (R)
8426,Blake Sims (R)
4990,David Sims (R)
575,Deyon Sizer (R)
2635,James Skalski (R)
7322,Deontae Skinner (R)
576,Tuzar Skipper (R)
7809,Chad Slade (R)
8216,Pearce Slater (R)
9289,Kyle Sloter (R)
1943,Abram Smith (R)
5605,Andre Smith (R)
2756,Antone Smith (R)
5480,Armond Smith (R)
2637,Brandon Smith (R)
7810,Brandon Smith (R)
8730,DeVeon Smith (R)
7330,Dreamius Smith (R)
9921,Emmanuel Smith (R)
8427,Garrison Smith (R)
7331,Jacquies Smith (R)
9634,Jaylen Smith (R)
7812,Jerome Smith (R)
1518,Kobe Smith (R)
9922,Malik Smith (R)
2113,Rashad Smith (R)
7815,Rod Smith (R)
9923,Ryan Smith (R)
9924,Shane Smith (R)
1613,Shaq Smith (R)
8221,Tevaun Smith (R)
9063,Van Smith (R)
9925,Vyncint Smith (R)
7334,Will Smith (R)
8428,CJ Smith III (R)
1062,TJ Smith Jr (R)
2963,Steve Smith Sr (R)
4834,Steve Smith Sr (R)
9292,Fish Smithson (R)
1067,Dylan Soehner (R)
8429,Joe Sommers (R)
6087,Bradley Sowell (R)
7337,Carey Spear (R)
582,Diontae Spencer (R)
159,Arrion Springs (R)
8224,Nelson Spruce (R)
4998,DeAndre Square (R)
1521,Tyree St. Louis (R)
9066,Taylor Stallworth (R)
6093,Julian Stanford (R)
1519,Jayson Stanley (R)
2162,Johnny Stanton (R)
8734,Jamari Staples (R)
7820,Justin Staples (R)
6916,Jawanza Starling (R)
8279,Joel Stave (R)
1955,Chris Steele (R)
6907,Robert Steeples (R)
9927,David Steinmetz (R)
55,Jan Stenerud (R)
160,Linden Stephens (R)
6949,Nick Stephens (R)
8430,Zach Sterup (R)
8735,Freddie Stevenson (R)
6097,Jeremy Stewart (R)
6861,Jonathan Stewart (R)
9294,Orion Stewart (R)
589,Darrell Stewart Jr (R)
10444,Ben Stille (R)
1292,Donovan Stiner (R)
1071,Dillon Stoner (R)
1522,Chris Streveler (R)
8737,Channing Stribling (R)
9295,Damoreea Stringfellow (R)
6807,Zach Sudfeld (R)
4835,Terrell Suggs (R)
8227,Sadat Sulleyman (R)
9929,Tre Sullivan (R)
9930,Jamar Summers (R)
6104,Phillip Supernaw (R)
7608,JT Surratt (R)
10445,Jonathan Sutherland (R)
8431,Chris Swain (R)
8432,Dax Swanson (R)
8433,Garrett Swanson (R)
9645,William Sweet (R)
6670,Rod Sweeting (R)
10446,Tre Swilling (R)
7343,Erik Swoope (R)
9931,Tyrone Swoopes (R)
9646,Jordan TaAmu (R)
1963,Myron Tagovailoa-Amosa (R)
2254,Aqib Talib (R)
9296,David Talley (R)
6792,Julian Talley (R)
4890,Andy Tanner (R)
5505,Phillip Tanner (R)
5506,Jeff Tarpinian (R)
7824,AJ Tarpley (R)
9932,Pasoni Tasini (R)
10748,Marcus Tate (R)
9648,Trevon Tate (R)
1720,Jack Tatum (R)
1524,Josiah Tauaefa (R)
6275,Will Taufoou (R)
9297,Sae Tautu (R)
5032,Jonah Tavai (R)
7610,JR Tavai (R)
6976,Giorgio Tavecchio (R)
8434,Jordan Taylor (R)
5509,Kerry Taylor (R)
5633,Lawrence Taylor (R)
2419,Leonard Taylor (R)
2420,Noah Taylor (R)
4836,Otis Taylor (R)
10751,Roc Taylor (R)
603,Shakial Taylor (R)
609,Patrick Taylor Jr (R)
1967,Isaac Taylor-Stuart (R)
5039,Kadeem Telfort (R)
1186,Tamorrion Terry (R)
2643,Raleigh Texada (R)
8747,Nathan Theaker (R)
7825,Robenson Therezie (R)
9934,Ahmad Thomas (R)
5049,AJ Thomas (R)
2421,Charlie Thomas (R)
3345,Demaryius Thomas (R)
9652,Derrek Thomas (R)
9935,Duke Thomas (R)
9936,Dwayne Thomas (R)
9298,Dymonte Thomas (R)
2968,Earl Thomas (R)
8748,Jahad Thomas (R)
614,Jeff Thomas (R)
5095,Josh Thomas (R)
9079,JT Thomas (R)
4839,Julius Thomas (R)
2646,Kiondre Thomas (R)
7347,Lamaar Thomas (R)
8436,Lawrence Thomas (R)
9081,Matthew Thomas (R)
8749,Noel Thomas (R)
2422,Tavion Thomas (R)
2423,Deven Thompkins (R)
9939,Alex Thompson (R)
1614,Bryce Thompson (R)
7826,Carlos Thompson (R)
9299,Chris Thompson (R)
9653,Cody Thompson (R)
1529,Colin Thompson (R)
162,Corey Thompson (R)
7828,Dylan Thompson (R)
909,Erroll Thompson (R)
7349,Jordan Thompson (R)
1981,Josh Thompson (R)
10450,NaJee Thompson (R)
8234,Ron Thompson (R)
2425,SaRodorick Thompson (R)
5143,Trenton Thompson (R)
9083,Trenton Thompson (R)
7348,Cedric Thompson Jr (R)
6127,Neiko Thorpe (R)
9695,Rawson Thurber (R)
1533,Nick Thurman (R)
8437,DJ Tialavea (R)
2971,Charles Tillman (R)
7354,Zurlon Tipton (R)
2647,Tariqious Tisdale (R)
6764,Matt Tobin (R)
9084,Henre Toliver (R)
9085,Kevin Toliver (R)
4995,Terrence Toliver (R)
9941,Jalen Tolliver (R)
9944,Najee Toran (R)
9300,Alek Torgersen (R)
2984,Anthony Toribio (R)
8754,Jonathon Toth (R)
9301,Keith Towbridge (R)
9658,Cole Tracy (R)
7615,Lynden Trail (R)
5161,Austin Trammell (R)
8755,Damarius Travis (R)
8438,Ross Travis (R)
8237,Austin Traylor (R)
8439,Bryce Treggs (R)
623,Nate Trewyn (R)
7616,Louis Trinca-Pasat (R)
9088,Shane Tripucka (R)
5528,Isaiah Trufant (R)
7832,Charles Tuaau (R)
8440,Marcus Tucker (R)
163,Marquez Tucker (R)
6918,Justin Tuggle (R)
8757,Steve Tuikolovatu (R)
9303,Taniela Tupou (R)
10272,Zion Tupuola-Fetui (R)
9946,DeLance Turner (R)
8242,Landon Turner (R)
2654,Nolan Turner (R)
8441,Paul Turner (R)
3009,Robert Turner (R)
1991,Tre Turner (R)
10274,Charles Turner lll (R)
7833,Andrew Turzilli (R)
6133,Brian Tyms (R)
8759,Jerry Ugokwe (R)
9090,Salesi Uhatafe (R)
8760,Conrad Ukropina (R)
5199,Alama Uluave (R)
4840,Osi Umenyiora (R)
7618,Colton Underwood (R)
7357,JJ Unga (R)
1072,Christian Uphoff (R)
8442,Destiny Vaeao (R)
8245,Hakeem Valles (R)
9305,Jeremiah Valoaga (R)
7360,Mitchell Van Dyk (R)
5205,Zach Van Valkenburg (R)
9306,Jason Vander-Laan (R)
7361,Tyler Varga (R)
2655,TJ Vasher (R)
6623,Dustin Vaughan (R)
4906,Cassius Vaughn (R)
1536,Donte Vaughn (R)
9354,Kaare Vedvik (R)
9948,Kaare Vedvik (R)
6281,Matt Veldman (R)
6834,Joe Vellano (R)
6863,Justin Veltung (R)
5538,Ross Ventrone (R)
1995,CJ Verdell (R)
10763,Malik Verdon (R)
2656,Jake Verity (R)
4515,Mike Vick (R)
9949,Kendal Vickers (R)
637,Binjimen Victor (R)
5540,Josh Victorian (R)
7837,Zach Vigil (R)
10453,Luiji Vilain (R)
5211,Jalen Virgil (R)
7362,Lawrence Virgil (R)
9307,Dee Virgin (R)
1074,Tristan Vizcaino (R)
8763,Paul Vogel (R)
9950,Andrew Vollert (R)
7622,Jeremy Vujnovich (R)
2115,Barrington Wade (R)
639,Christian Wade (R)
9095,DMontre Wade (R)
1077,Lamont Wade (R)
9096,Akrum Wadley (R)
7623,Zack Wagenmann (R)
2447,Dalton Wagner (R)
6139,Rick Wagner (R)
3390,Cam Wake (R)
8443,Mike Wakefield (R)
7364,Casey Walker (R)
8765,Charles Walker (R)
3391,Delanie Walker (R)
7624,Josh Walker (R)
640,Michael Walker (R)
6140,Tyrunn Walker (R)
1617,Deuce Wallace (R)
6700,Martin Wallace (R)
3392,Mike Wallace (R)
2011,Jermaine Waller (R)
5543,Darrin Walls (R)
1726,Everson Walls (R)
644,Austin Walter (R)
5545,Anthony Walters (R)
8444,Channing Ward (R)
8767,Gregory Ward (R)
7841,Terron Ward (R)
4517,DeMarcus Ware (R)
8445,Julius Warmsley (R)
6304,Kurt Warner (R)
2660,Troy Warner (R)
7626,Jeremiah Warren (R)
1594,Michael-Lio Warren II (R)
2116,Nigel Warrior (R)
7367,Corey Washington (R)
7627,LDamian Washington (R)
7628,Tony Washington (R)
7629,Tony Washington (R)
8446,Herb Waters (R)
8447,Swayze Waters (R)
652,Brandon Watson (R)
656,Josh Watson (R)
9310,Terrell Watson (R)
653,Tre Watson (R)
10454,Leroy Watson IV (R)
8449,Craig Watts (R)
7369,Trey Watts (R)
10772,Isas Waxter (R)
9665,Jamarius Way (R)
2455,Jalen Wayne (R)
9105,Jester Weah (R)
5239,Sterling Weatherford (R)
2731,Carl Weathers (R)
9106,Toby Weathersby (R)
5243,Isaac Weaver (R)
6147,Jason Weaver (R)
7631,Ross Weaver (R)
9107,Damon Webb (R)
6326,Mike Webster (R)
660,Nsimba Webster (R)
10471,Connor Wedington (R)
6150,Darrion Weems (R)
7845,Brandon Wegher (R)
4518,Wes Welker (R)
9952,Elijah Wellman (R)
2663,Carson Wells (R)
9108,David Wells (R)
8257,Ian Wells (R)
7372,Josh Wells (R)
9109,Sean Welsh (R)
7632,Austin Wentworth (R)
9669,Alex Wesley (R)
7846,DeOndre Wesley (R)
9671,Darius West (R)
2018,Dohnovan West (R)
8450,Leonard Wester (R)
3145,Jamaal Westerman (R)
2023,Isaiah Weston (R)
661,Chris Westry (R)
7860,Chris Whaley (R)
8261,Darius White (R)
7375,DeAndrew White (R)
1540,Javin White (R)
9111,Karaun White (R)
7644,Kevin White (R)
6826,Melvin White (R)
2025,Quan White (R)
3394,Roddy White (R)
9953,Tim White (R)
8776,Levonte Whitfield (R)
6055,Benton Whitley (R)
9311,Isaac Whitney (R)
8452,Cole Wick (R)
9114,Jojo Wicker (R)
9115,Jake Wieneke (R)
6157,Kenny Wiggins (R)
8453,Brandon Wilds (R)
6159,Michael Wilhoite (R)
1542,Antonio Williams (R)
9954,Bryce Williams (R)
7377,Chris Williams (R)
2032,Devon Williams (R)
1543,Duke Williams (R)
8457,Frankie Williams (R)
8791,Ishaq Williams (R)
9676,James Williams (R)
9314,Jarveon Williams (R)
7850,Jordan Williams (R)
7851,Kasen Williams (R)
5561,LaQuan Williams (R)
8779,Marcus Williams (R)
8780,Mike Williams (R)
10300,Miyan Williams (R)
6874,Nick Williams (R)
1242,Pooka Williams (R)
668,Raequan Williams (R)
8781,Stanley Williams (R)
5562,Teddy Williams (R)
2038,Tre Williams (R)
7387,Trey Williams (R)
1095,Trill Williams (R)
8459,Wendall Williams (R)
9315,Darell Williams Jr (R)
170,Jordan Williams-Lambert (R)
2732,Fred Williamson (R)
6170,Mike Willie (R)
9958,Derrick Willies (R)
669,Damion Willis (R)
9681,Gerald Willis (R)
65,Patrick Willis (R)
3239,Adrian Wilson (R)
9120,Eddy Wilson (R)
7638,Julian Wilson (R)
4930,Kion Wilson (R)
8461,Kyrie Wilson (R)
875,Marvin Wilson (R)
9960,Shaun Wilson (R)
677,Jomal Wiltz (R)
9123,Anthony Winbush (R)
5568,Mike Windt (R)
6690,Ronnie Wingo (R)
5298,Dresser Winn (R)
7391,George Winn (R)
9124,Ryan Winslow (R)
3399,Kellen Winslow Sr (R)
1100,Easop Winston (R)
7392,Glenn Winston (R)
9961,Anthony Wint (R)
682,Steven Wirtel (R)
9688,Daniel Wise (R)
8267,Max Wittek (R)
2120,Jason Witten (R)
9962,Ethan Wolf (R)
5312,Trey Wolff (R)
6868,Darren Woodard (R)
9319,Josh Woodrum (R)
1101,Lawrence Woods (R)
9690,Zedrick Woods (R)
2121,Charles Woodson (R)
9321,Xavier Woodson-Luster (R)
686,David Woodward (R)
9126,Chris Worley (R)
9691,Evan Worthington (R)
7856,Chandler Worthy (R)
2058,Mykael Wright (R)
2222,Rayfield Wright (R)
6721,Timothy Wright (R)
1548,Willie Wright (R)
8462,Connor Wujciak (R)
2060,Jalen Wydermyer (R)
7857,Shane Wynn (R)
2123,Marshal Yanda (R)
8271,Eddie Yarbrough (R)
10791,Marcus Yarns (R)
5579,Will Yeatman (R)
9964,Deon Yelder (R)
2585,Avery Young (R)
1729,Charle Young (R)
7641,Lou Young (R)
5581,Christian Yount (R)
9965,Ishmael Zamora (R)
7642,Mike Zimmer (R)
5583,Markus Zusevics (R)