Last Name,First Name,College,Rank,Draft Class,Position,Jersey,Height,Weight,2025 College Year,Awards,Star Rating,Hometown,Homestate,Race,Photo
Mendoza,Fernando,Indiana,1,2026,QB,15,77,225,,,,Miami,,,
Bain Jr.,Rueben,Miami (FL),2,2026,EDGE,,,,,,,,,,
Moore,Dante,Oregon,3,2026,QB,5,75,206,,,,Detroit,,,
Sellers,LaNorris,South Carolina,4,2026,QB,16,75,240,,,,Florence,,,
Downs,Caleb,Ohio State,5,2026,S,2,72,205,,,,Hoschton,,,
Tyson,Jordyn,Arizona State,6,2026,WR,,74,200,,,,Allen,,,
Woods,Peter,Clemson,7,2026,DL,11,75,315,,,,Alabaster,,,
Fano,Spencer,Utah,8,2026,OT,55,78,302,,,,Spanish Fork,,,
Simpson,Ty,Alabama,9,2026,QB,15,74,208,,,,Martin,,,
Faulk,Keldric,Auburn,10,2026,EDGE,15,78,285,,,,Highland Home,,,
Mauigoa,Francis,Miami (FL),11,2026,OT,,,,,,,,,,
Reese,Arvell,Ohio State,12,2026,LB,8,76,243,,,,Cleveland,,,
Proctor,Kadyn,Alabama,13,2026,OT,74,79,366,,,,Des Moines,,,
Parker,T.J.,Clemson,14,2026,EDGE,3,75,265,,,,Phenix City,,,
McCoy,Jermod,Tennessee,15,2026,CB,3,72,193,,,,Whitehouse,,,
Nussmeier,Garrett,LSU,16,2026,QB,18,73,205,,,,Lake Charles,,,
Love,Jeremiyah,Notre Dame,17,2026,RB,4,72,214,,,,Saint Louis,,,
Delane,Mansoor,LSU,18,2026,CB,4,72,190,,,,Silver Spring,,,
Lemon,Makai,USC,19,2026,WR,6,71,195,,,,Los Alamitos,,,
Sadiq,Kenyon,Oregon,20,2026,TE,18,75,245,,,,Idaho Falls,,,
Tate,Carnell,Ohio State,21,2026,WR,17,75,195,,,,Chicago,,,
Terrell,Avieon,Clemson,22,2026,CB,8,71,180,,,,Atlanta,,,
Lomu,Caleb,Utah,23,2026,OT,71,78,304,,,,Gilbert,,,
Bailey,David,Texas Tech,24,2026,EDGE,31,75,250,,,,Irvine,,,
Overton,L.T.,Alabama,25,2026,EDGE,,,,,,,,,,
Uiagalelei,Matayo,Oregon,26,2026,EDGE,10,77,272,,,,Bellflower,,,
Banks,Caleb,Florida,27,2026,DL,88,78,330,,,,Southfield,,,
Mateer,John,Oklahoma,28,2026,QB,10,73,224,,,,Little Elm,,,
Styles,Sonny,Ohio State,29,2026,LB,6,76,243,,,,Pickerington,,,
Boston,Denzel,Washington,30,2026,WR,12,76,209,,,,South Hill,,,
Allen,C.J.,Georgia,31,2026,LB,3,73,235,,,,Barnesville,,,
Hill Jr.,Anthony,Texas,32,2026,LB,,75,238,,,,Denton,,,
Lew,Connor,Auburn,33,2026,IOL,75,75,300,,,,Kennesaw,,,
Ioane,Olaivavega,Penn State,34,2026,IOL,,,,,,,,,,
Dunker,Gennings,Iowa,35,2026,OT,67,77,315,,,,Lena,,,
Howell,Cashius,Texas A&M,36,2026,EDGE,9,74,248,,,,Kansas City,,,
World,Isaiah,Oregon,37,2026,OT,76,80,318,,,,San Diego,,,
Brazzell,Chris,Tennessee,38,2026,WR,17,77,200,,,,Midland,,,
Hood,Colton,Tennessee,39,2026,CB,8,72,195,,,,Mcdonough,,,
Washington,A'Mauri,Oregon,40,2026,DL,52,75,330,,,,Detroit,,,
Bell,Chris,Louisville,41,2026,WR,,74,220,,,,Yazoo City,,,
Lane,Ja'Kobi,USC,42,2026,WR,8,76,200,,,,Mesa,,,
Williams,Antonio,Clemson,43,2026,WR,,71,190,,,,Irmo,,,
Harris,A.J.,Penn State,44,2026,CB,4,73,191,,,,Phenix City,,,
Goosby,Trevor,Texas,45,2026,OT,74,79,312,,,,Melissa,,,
Muhammad,Malik,Texas,46,2026,CB,5,72,188,,,,Desoto,,,
Josephs,Joshua,Tennessee,47,2026,EDGE,19,75,240,,,,Kennesaw,,,
Klubnik,Cade,Clemson,48,2026,QB,2,74,210,,,,Austin,,,
Dennis-Sutton,Dani,Penn State,49,2026,EDGE,33,77,265,,,,Millsboro,,,
Height,Romello,Texas Tech,50,2026,EDGE,9,75,235,,,,Dublin,,,
Thieneman,Dillon,Oregon,51,2026,S,31,72,205,,,,Westfield,,,
Miller,Christen,Georgia,52,2026,DL,52,76,305,,,,Ellenwood,,,
Haynes,Justice,Michigan,53,2026,RB,22,71,210,,,,Buford,,,
Ramsey,Kamari,USC,54,2026,S,7,72,205,,,,Palmdale,,,
Orange,Domonique,Iowa State,55,2026,DL,95,76,325,,,,Kansas City,,,
Concepcion,Kevin,Texas A&M,56,2026,WR,7,71,190,,,,Charlotte,,,
Thomas,R Mason,Oklahoma,57,2026,EDGE,32,74,249,,,,Fort Lauderdale,,,
Allar,Drew,Penn State,58,2026,QB,15,77,235,,,,Medina,,,
Perkins,Harold,LSU,59,2026,LB,7,73,222,,,,Cypress,,,
Abney II,Keith,Arizona State,60,2026,CB,,,,,,,,,,
Barber,Austin,Florida,61,2026,OT,58,78,314,,,,Jacksonville,,,
Klare,Max,Ohio State,62,2026,TE,86,77,243,,,,Guilford,,,
Jackson,Domani,Alabama,63,2026,CB,1,73,196,,,,Santa Ana,,,
Branch,Zachariah,Georgia,64,2026,WR,1,70,180,,,,Las Vegas,,,
Shelton,Drew,Penn State,65,2026,OT,66,77,305,,,,Downingtown,,,
Barham,Jaishawn,Michigan,66,2026,LB,1,75,243,,,,District Heights,,,
Maiava,Jayden,USC,67,2026,QB,14,76,230,,,,Las Vegas,,,
Chaplin,Xavier,Auburn,68,2026,OT,65,79,348,,,,Beaufort,,,
McDonald,Kayden,Ohio State,69,2026,DL,98,75,326,,,,Suwanee,,,
Lee III,Will,Texas A&M,70,2026,CB,4,73,189,,,,Kirkwood,,,
Rhodes Jr.,Quincy,Arkansas,71,2026,EDGE,97,78,276,,,,North Little Rock,,,
Bernard,Germie,Alabama,72,2026,WR,5,73,204,,,,Henderson,,,
Singleton Jr.,Eric,Auburn,73,2026,WR,1,70,180,,,,Atlanta,,,
McKinney,DJ,Colorado,74,2026,CB,,,,,,,,,,
Saka,Anto,Northwestern,75,2026,EDGE,4,76,255,,,,Phoenix,,,
Igbinosun,Davison,Ohio State,76,2026,CB,1,74,195,,,,Union,,,
Pregnon,Emmanuel,Oregon,77,2026,IOL,75,77,318,,,,Denver,,,
O'Neill,Eric,Rutgers,78,2026,EDGE,99,75,261,,,,Staten Island,,,
Brailsford,Parker,Alabama,79,2026,IOL,72,74,290,,,,Mesa,,,
Laloulu,Iapani,Oregon,80,2026,IOL,72,74,329,,,,Honolulu,,,
Singleton,Nick,Penn State,81,2026,RB,,,,,,,,,,
Harbor,Nyck,South Carolina,82,2026,WR,8,77,235,,,,Washington,,,
Kilgore,Jalon,South Carolina,83,2026,S,24,73,211,,,,Eatonton,,,
McNeil-Warren,Emmanuel,Toledo,84,2026,S,7,74,202,,,,Saint Petersburg,,,
Scott,Xavier,Illinois,85,2026,S,14,71,190,,,,Riviera Beach,,,
Coleman,Jonah,Washington,86,2026,RB,1,69,228,,,,Stockton,,,
Weeks,Whit,LSU,87,2026,LB,40,74,225,,,,Watkinsville,,,
Tiernan,Caleb,Northwestern,88,2026,OT,72,79,325,,,,Franklin,,,
Durant,Zane,Penn State,89,2026,DL,28,73,294,,,,Lake Nona,,,
Sapp,Tyreak,Florida,90,2026,EDGE,94,75,274,,,,Fort Lauderdale,,,
Corleone,Dontay,Cincinnati,91,2026,DL,2,73,335,,,,Cincinnati,,,
Fa'amoe,Fa'alili,Wake Forest,92,2026,OT,79,77,317,,,,Pago Pago,,,
Ibirogba,Mateen,Wake Forest,93,2026,DL,99,75,296,,,,Clarksburg,,,
Sarratt,Elijah,Indiana,94,2026,WR,13,74,209,,,,Stafford,,,
Lawson,Deontae,Alabama,95,2026,LB,,74,228,,,,Mobile,,,
Hernandez,Carlos,Wake Forest,96,2026,WR,8,72,192,,,,Alhambra,,,
Parker II,Brian,Duke,97,2026,OT,53,77,300,,,,Cincinnati,,,
Jacas,Gabe,Illinois,98,2026,EDGE,17,75,275,,,,Port Saint Lucie,,,
Mensah,Darian,Duke,99,2026,QB,10,75,205,,,,San Luis Obispo,,,
Young,Zion,Missouri,100,2026,EDGE,9,77,262,,,,Atlanta,,,
Sabb,Keon,Alabama,101,2026,S,3,73,204,,,,Glassboro,,,
Fields,Malachi,Notre Dame,102,2026,WR,,76,223,,,,Charlottesville,,,
Green,Cayden,Missouri,103,2026,OT,70,77,324,,,,Lee's Summit,,,
Heard,Lance,Tennessee,104,2026,OT,53,78,330,,,,Monroe,,,
Slaughter,Jake,Florida,105,2026,IOL,66,77,303,,,,Sparr,,,
Ferrell,Amare,Indiana,106,2026,S,1,74,200,,,,Lake City,,,
Delp,Oscar,Georgia,107,2026,TE,4,77,245,,,,Cumming,,,
Haulcy,A.J.,LSU,108,2026,S,13,72,222,,,,Houston,,,
Peak,Jacarrius,NC State,109,2026,OT,65,76,298,,,,Valdosta,,,
Wilson Jr.,Damon,Missouri,110,2026,EDGE,8,76,250,,,,Venice,,,
Moore,Derrick,Michigan,111,2026,EDGE,8,75,260,,,,Baltimore,,,
Daniels,C.J.,Miami (FL),112,2026,WR,,,,,,,,,,
Jackson Jr.,Darrell,Florida State,113,2026,DL,,,,,,,,,,
Burks,Deion,Oklahoma,114,2026,WR,4,69,188,,,,Belleville,,,
Everette,Daylen,Georgia,115,2026,CB,6,73,190,,,,Norfolk,,,
Bisontis,Chase,Texas A&M,116,2026,IOL,71,77,315,,,,Ramsey,,,
Beck,Carson,Miami (FL),117,2026,QB,,,,,,,,,,
Smith,Genesis,Arizona,118,2026,S,12,74,202,,,,Chandler,,,
Stowers,Eli,Vanderbilt,119,2026,TE,9,76,235,,,,Corinth,,,
Rivers,Chandler,Duke,120,2026,CB,,70,185,,,,Beaumont,,,
Endries,Jack,Texas,121,2026,TE,88,76,240,,,,Danville,,,
Harris,Zxavian,Mississippi,122,2026,DL,,,,,,,,,,
Chiles,Aidan,Michigan State,123,2026,QB,2,75,225,,,,Downey,,,
Capehart,DeMonte,Clemson,124,2026,DL,19,77,315,,,,Hartsville,,,
Parr,Logan,SMU,125,2026,IOL,71,76,318,,,,Helotes,,,
Davis,Tacario,Washington,126,2026,CB,8,76,200,,,,Long Beach,,,
Bowry,Jude,Boston College,127,2026,OT,71,77,311,,,,Germantown,,,
Anderson,Aaron,LSU,128,2026,WR,1,68,188,,,,New Orleans,,,
Claiborne,Demond,Wake Forest,129,2026,RB,1,70,195,,,,Aylett,,,
Wisner,Quintrevion,Texas,130,2026,RB,,,,,,,,,,
Mathews Jr.,Jermaine,Ohio State,131,2026,CB,7,71,190,,,,Cincinnati,,,
Kamara,Mikail,Indiana,132,2026,EDGE,6,73,265,,,,Ashburn,,,
Barton,Lander,Utah,133,2026,LB,8,77,236,,,,Cottonwood Heights,,,
Benny,Rayshaun,Michigan,134,2026,DL,26,76,305,,,,Detroit,,,
Roberts,Jaeden,Alabama,135,2026,IOL,77,77,327,,,,Houston,,,
Leigh,Tristan,Clemson,136,2026,OT,71,78,310,,,,Fairfax,,,
Christensen,Quinten,South Dakota State,137,2026,IOL,69,77,300,,,,Wessington Springs,,,
Crownover,Dametrious,Texas A&M,138,2026,OT,78,79,336,,,,Grandview,,,
Cameron,Josh,Baylor,139,2026,WR,34,73,224,,,,Cedar Park,,,
York,Taurean,Texas A&M,140,2026,LB,21,70,227,,,,Temple,,,
Masses,Hezekiah,California,141,2026,CB,5,73,185,,,,Deerfield Beach,,,
Golday,Jake,Cincinnati,142,2026,LB,11,76,240,,,,Arlington,,,
Brown-Murray,Isaiah,Virginia Tech,143,2026,CB,9,69,192,,,,Charlotte,,,
Taaffe,Michael,Texas,144,2026,S,16,72,189,,,,Austin,,,
Ponds,D'angelo,Indiana,145,2026,CB,5,69,170,,,,West Park,,,
Chambliss,Trinidad,Mississippi,146,2026,QB,,,,,,,,,,
Perkins,Suntarine,Mississippi,147,2026,LB,,,,,,,,,,
Jackson,Kenyatta,Ohio State,149,2026,EDGE,97,78,265,,,,Hollywood,,,
Allen,Kaytron,Penn State,150,2026,RB,13,71,217,,,,Norfolk,,,
Klein,Marlin,Michigan,151,2026,TE,17,78,250,,,,Cologne,,,
Keenan III,Tim,Alabama,152,2026,DL,96,74,320,,,,Birmingham,,,
Henry Jr.,Robert,UTSA,153,2026,RB,,,,,,,,,,
Halton,Gracen,Oklahoma,154,2026,DL,56,74,292,,,,San Diego,,,
Trigg,Michael,Baylor,155,2026,TE,1,76,240,,,,Tampa,,,
Miller,Dean,Kansas,156,2026,EDGE,5,77,240,,,,Los Angeles,,,
Tomzcak,Max,Youngstown State,157,2026,WR,,,,,,,,,,
Smith,Anthony,Minnesota,158,2026,DL,,78,285,,,,Shippensburg,,,
Mahlman,Riley,Wisconsin,159,2026,OT,71,80,320,,,,Lakeville,,,
Iheanachor,Max,Arizona State,160,2026,OT,58,78,330,,,,Los Angeles,,,
Robinson,Duce,Florida State,161,2026,WR,,78,222,,,,Phoenix,,,
Anthony Jr.,Vincent,Duke,162,2026,EDGE,,,,,,,,,,
Luckie,Lawson,Georgia,163,2026,TE,7,76,240,,,,Norcross,,,
Pieper,Kade,Iowa,164,2026,IOL,58,76,290,,,,Norfolk,,,
Lucas,Anthony,USC,165,2026,EDGE,6,77,285,,,,Scottsdale,,,
Barnett,Caden,Wyoming,166,2026,OT,72,77,320,,,,Justin,,,
Wagner,Aamil,Notre Dame,167,2026,OT,59,78,296,,,,Yellow Springs,,,
Anthony II,Vinny,Wisconsin,168,2026,WR,,,,,,,,,,
Leigh,Desmeal,Youngstown State,169,2026,OT,78,79,325,,,,Kent,,,
Strong,Ian,Rutgers,170,2026,WR,9,75,211,,,,Coram,,,
Leavitt,Sam,Arizona State,171,2026,QB,10,74,205,,,,West Linn,,,
Mesidor,Akheem,Miami (FL),172,2026,EDGE,,,,,,,,,,
Alexander,Bear,Oregon,173,2026,DL,1,75,302,,,,Terrell,,,
Robertson,Sawyer,Baylor,174,2026,QB,13,76,220,,,,Lubbock,,,
Hubbard,Bray,Alabama,175,2026,S,,,,,,,,,,
Anderson,Nic,LSU,176,2026,WR,4,76,208,,,,Katy,,,
Jagusah,Charles,Notre Dame,177,2026,IOL,56,79,333,,,,Rock Island,,,
Gray,Christian,Notre Dame,178,2026,CB,6,72,188,,,,Saint Louis,,,
Smothers,Hollywood,NC State,179,2026,RB,,,,,,,,,,
Reed-Adams,Ar'maj,Texas A&M,180,2026,IOL,,,,,,,,,,
Greene,Earnest,Georgia,181,2026,OT,71,76,320,,,,Los Angeles,,,
Moore,Trey,Texas,182,2026,EDGE,8,75,249,,,,San Antonio,,,
Dixon,Thaddeus,North Carolina,183,2026,CB,1,73,185,,,,Los Angeles,,,
Hoover,Josh,TCU,184,2026,QB,10,74,200,,,,Rockwall,,,
Jordan,Waymond,USC,185,2026,RB,2,69,210,,,,Pensacola,,,
Lance,Bryce,North Dakota State,186,2026,WR,5,75,209,,,,Marshall,,,
Douglas,Caleb,Texas Tech,187,2026,WR,5,76,210,,,,Missouri City,,,
Price,Jadarian,Notre Dame,188,2026,RB,24,71,209,,,,Denison,,,
Moore,Rod,Michigan,189,2026,S,19,72,198,,,,Clayton,,,
Johnson,Tao,Utah,190,2026,S,5,73,193,,,,Idaho Falls,,,
Hill,Jyaire,Michigan,191,2026,CB,20,74,190,,,,Kankakee,,,
Martin,LJ,BYU,192,2026,RB,4,74,220,,,,El Paso,,,
Mosesso,Ryan,UMass,193,2026,OT,,,,,,,,,,
Payton,Patrick,LSU,194,2026,EDGE,6,78,255,,,,Miami,,,
Nwaiwu,Febechi,Oklahoma,195,2026,IOL,54,76,326,,,,Coppell,,,
Baxter,C.J.,Texas,196,2026,RB,,,,,,,,,,
Traore,Boubacar,Notre Dame,197,2026,DL,5,76,247,,,,Boston,,,
Kpeenu,Barika,North Dakota State,198,2026,RB,32,70,199,,,,Fargo,,,
Miller,Jamarion,Alabama,199,2026,RB,26,70,221,,,,Tyler,,,
Norfleet,Brett,Missouri,200,2026,TE,87,78,263,,,,O' Fallon,,,
Harkey,Alex,Oregon,201,2026,OT,71,78,327,,,,Austin,,,
Ohrstrom,Theo Melin,Texas A&M,202,2026,TE,17,78,257,,,,Stockholm,,,
Rutledge,Keylan,Georgia Tech,203,2026,IOL,77,76,320,,,,Royston,,,
Keller,Jaden,Virginia Tech,204,2026,LB,24,75,235,,,,Bristol,,,
Graves,Aaron,Iowa,205,2026,DL,95,77,295,,,,Dayton,,,
Casey,Kage,Boise State,206,2026,OT,77,77,316,,,,HAPPY VALLEY,,,
Oatis,Jaheim,Colorado,207,2026,DL,90,77,325,,,,Columbia,,,
Rodriguez,Jacob,Texas Tech,208,2026,LB,10,73,230,,,,Wichita Falls,,,
Baynes,Kobe,Kansas,209,2026,IOL,70,76,315,,,,Jacksonville,,,
Iamaleava,Nico,UCLA,210,2026,QB,9,78,215,,,,Long Beach,,,
Nwankpa,Xavier,Iowa,211,2026,S,1,74,213,,,,Pleasant Hill,,,
Royer,Joe,Cincinnati,212,2026,TE,11,77,250,,,,Cincinnati,,,
Dieterich,Kolt,Sam Houston State,213,2026,OT,,,,,,,,,,
Cooper Jr.,Omar,Indiana,214,2026,WR,3,72,201,,,,Indianapolis,,,
Gyllenborg,John Michael,Wyoming,215,2026,TE,,,,,,,,,,
Romaine,Austin,Kansas State,216,2026,LB,45,74,245,,,,Hillsboro,,,
Konga,Rene,Louisville,217,2026,DL,90,76,300,,,,Ottawa,,,
Williams,Roy,Northern Illinois,218,2026,EDGE,97,78,257,,,,Crestwood,,,
Hunter,Lee,Texas Tech,219,2026,DL,2,76,325,,,,Mobile,,,
Walthall,Jalen,Incarnate Word,220,2026,WR,4,73,180,,,,Houston,,,
Berry,Zeke,Michigan,221,2026,S,10,71,196,,,,Pittsburg,,,
Seymore,Laurence,Western Kentucky,222,2026,IOL,50,74,320,,,,Miami Gardens,,,
Gumbs Jr.,George,Florida,223,2026,EDGE,,,,,,,,,,
Velling,Jack,Michigan State,224,2026,TE,12,77,245,,,,Seattle,,,
Henry Daley,John,Utah,225,2026,EDGE,90,76,247,,,,Alpine,,,
Campbell,Amare,Penn State,226,2026,LB,24,72,231,,,,Manassas,,,
Bowen,Drayk,Notre Dame,227,2026,LB,34,74,235,,,,Saint John,,,
Moore,Devin,Florida,228,2026,CB,28,75,198,,,,Naples,,,
Moss,Le'Veon,Texas A&M,229,2026,RB,8,71,210,,,,Walker,,,
Taylor,Darius,Minnesota,230,2026,RB,1,72,215,,,,Detroit,,,
Baer,Ryan,Pittsburgh,231,2026,IOL,70,79,325,,,,Eastlake,,,
Hemby,Roman,Indiana,232,2026,RB,1,72,208,,,,Edgewood,,,
Hughes,Makhi,Oregon,233,2026,RB,20,71,210,,,,Birmingham,,,
Onianwa,Ethan,Ohio State,234,2026,OT,78,79,331,,,,Katy,,,
Wilson,Raylen,Georgia,235,2026,LB,5,73,235,,,,Tallahassee,,,
Washington,Bryson,Baylor,236,2026,RB,30,72,216,,,,Franklin,,,
Wheatley,Zakee,Penn State,237,2026,S,6,74,200,,,,Crofton,,,
Ott,Jaydn,Oklahoma,238,2026,RB,,,,,,,,,,
Maryland,R.J.,SMU,239,2026,TE,82,76,240,,,,Southlake,,,
Williams,Jontez,Iowa State,240,2026,CB,3,71,200,,,,Starke,,,
Koziol,Tanner,Houston,241,2026,TE,9,79,240,,,,Bloomingdale,,,
Aigbedion,Omar,Baylor,242,2026,IOL,68,75,310,,,,Katy,,,
Arkin,Tanner,Illinois,243,2026,TE,85,76,265,,,,Fort Collins,,,
Anderson,Bryce,Texas A&M,244,2026,S,1,70,186,,,,Beaumont,,,
Calhoun,Cameron,Alabama,245,2026,CB,9,72,180,,,,Cincinnati,,,
Johnson,Kenny,Pittsburgh,246,2026,WR,2,73,205,,,,York,,,
McClellan,Chris,Missouri,247,2026,DL,7,76,323,,,,Owasso,,,
Moss,Miller,Louisville,248,2026,QB,7,74,210,,,,Los Angeles,,,
Jennings,Kevin,SMU,249,2026,QB,7,72,192,,,,Oak Cliff,,,
Campbell,D.J.,Texas,250,2026,IOL,,,,,,,,,,
Wisniewski,Cole,Texas Tech,251,2026,S,5,76,220,,,,Sparta,,,
Udoh,Kanye,Arizona State,252,2026,RB,6,73,220,,,,Mays Landing,,,
Andersen,Teague,NC State,253,2026,IOL,54,77,319,,,,Lehi,,,
Camac,Fisher,Virginia,254,2026,EDGE,14,79,248,,,,Gilbert,,,
Brockermeyer,James,Miami (FL),255,2026,IOL,,,,,,,,,,
Jones Jr.,Marvin,Oklahoma,256,2026,EDGE,8,77,262,,,,Sunrise,,,
Harris,Michael,Maryland,257,2026,LB,31,73,218,,,,Apopka,,,
Nwokobia,Isaiah,SMU,258,2026,S,12,73,205,,,,Dallas,,,
Foster,Bryce,Kansas,259,2026,IOL,61,77,310,,,,Katy,,,
Louis,Kyle,Pittsburgh,260,2026,LB,9,73,220,,,,East Orange,,,
Chappell,Tyreek,Texas A&M,261,2026,CB,7,71,180,,,,Philadelphia,,,
Catalon,Jalen,Missouri,262,2026,S,6,70,200,,,,Mansfield,,,
Fisher,Aiden,Indiana,263,2026,LB,4,73,233,,,,Fredericksburg,,,
Thurman,Jelani,Ohio State,264,2026,TE,15,78,250,,,,Fairburn,,,
Radicic,Nicolas,Indiana,265,2026,K,15,71,193,,,,Coppell,,,
Reescano,Kedrick,Arizona,266,2026,RB,3,72,213,,,,New Caney,,,
Thorson,Brett,Georgia,267,2026,P,92,74,235,,,,Melbourne,,,
Braswell,Djay,Georgia State,268,2026,RB,2,71,215,,,,Sandersville,,,
Guy,TJ,Michigan,269,2026,EDGE,4,76,250,,,,Mansfield,,,
Rivers,Eric,Georgia Tech,270,2026,WR,3,71,180,,,,Chattanooga,,,
Pounds,Diego,Mississippi,271,2026,OT,,,,,,,,,,
Wilson III,Eugene,Florida,272,2026,WR,,,,,,,,,,
Miller,Blake,Clemson,273,2026,OT,78,78,315,,,,Strongsville,,,
Horton,Isaiah,Alabama,274,2026,WR,1,76,208,,,,Nashville,,,
Zuhn III,Trey,Texas A&M,275,2026,OT,,,,,,,,,,
Llewellyn,Max,Iowa,276,2026,EDGE,48,77,263,,,,Urbandale,,,
Sturdivant,J.Michael,Florida,277,2026,WR,9,75,213,,,,Flower Mound,,,
Greathouse,Jaden,Notre Dame,278,2026,WR,1,73,212,,,,Austin,,,
Azzopardi,Drew,Washington,279,2026,OT,74,79,315,,,,Pacifica,,,
Johnson,Nate,Missouri,280,2026,EDGE,90,77,252,,,,Gaffney,,,
Jones,Logan,Iowa,281,2026,IOL,65,75,302,,,,Council Bluffs,,,
Stewart,Evan,Oregon,282,2026,WR,7,72,170,,,,Frisco,,,
Tanuvasa,Keanu,BYU,283,2026,DL,57,76,300,,,,Mission Viejo,,,
Jones,Datrell,Boston College,284,2026,WR,26,69,188,,,,Hyde Park,,,
Holstein,Eli,Pittsburgh,285,2026,QB,10,76,225,,,,Zachary,,,
McCullough,Dasan,Nebraska,286,2026,EDGE,22,77,235,,,,Kansas City,,,
Henderson,Emmanuel,Kansas,287,2026,WR,2,73,190,,,,Hartford,,,
Key,Dane,Nebraska,288,2026,WR,18,75,210,,,,Lexington,,,
Green,Trevyon,North Carolina,289,2026,OT,78,80,340,,,,Prince George,,,
Smith,James,Alabama,290,2026,DL,23,75,297,,,,Montgomery,,,
Prysock,Ephesians,Washington,291,2026,CB,7,76,195,,,,Canyon Country,,,
Green,Adonijah,Louisville,292,2026,DL,17,78,250,,,,Ellenwood,,,
Marshall,Jackie,Baylor,293,2026,DL,,75,306,,,,Laplace,,,
Moore,Braelin,LSU,294,2026,IOL,61,74,300,,,,Bethlehem,,,
Clements,Calvin,Kansas,295,2026,OT,75,79,315,,,,Lawrence,,,
Thompson,Josh,LSU,296,2026,IOL,56,77,315,,,,Fenton,,,
Copeland,Kemari,Virginia Tech,297,2026,DL,13,75,283,,,,Virginia Beach,,,
Miller,Izavion,Auburn,298,2026,OT,72,77,305,,,,Memphis,,,
Harris,Knijeah,Florida,299,2026,IOL,77,75,313,,,,Port Saint Lucie,,,
Hibner,Matthew,SMU,300,2026,TE,88,77,252,,,,Burke,,,
Davis,J.C.,Illinois,301,2026,OT,74,77,320,,,,Oakland,,,
Fano,Logan,Utah,302,2026,EDGE,,77,249,,,,Spanish Fork,,,
Freeling,Monroe,Georgia,303,2026,OT,57,79,315,,,,Isle Of Palms,,,
Wright,Collin,Stanford,304,2026,CB,6,72,195,,,,Manvel,,,
Reid,Desmond,Pittsburgh,305,2026,RB,,68,175,,,,Miami Gardens,,,
Lockette,Tellek,Texas State,306,2026,IOL,74,75,327,,,,Miami,,,
Moore,Terry,Duke,307,2026,S,1,73,195,,,,Washington,,,
Becher,Liam,North Dakota,308,2026,IOL,67,79,320,,,,Iowa City,,,
Clark,Bud,TCU,309,2026,S,21,74,185,,,,Alexandria,,,
Johnson,Greg,Minnesota,310,2026,IOL,65,78,325,,,,Prior Lake,,,
Johnson,Avery,Kansas State,311,2026,QB,2,75,196,,,,Wichita,,,
Thomas Jr.,Bryan,South Carolina,312,2026,EDGE,46,74,249,,,,Windermere,,,
Spencer,Malik,Michigan State,313,2026,S,43,73,191,,,,Buford,,,
Williams,P.J.,SMU,314,2026,OT,,,,,,,,,,
Williams,BJ,Pittsburgh,315,2026,IOL,55,76,320,,,,Lawrenceville,,,
McCrimon,Jimarion,East Carolina,316,2026,OT,62,77,307,,,,Kissimmee,,,
Collier,Judge,South Carolina,317,2026,CB,8,74,201,,,,Rock Hill,,,
Bell,Skyler,UConn,318,2026,WR,1,72,185,,,,Bronx,,,
Boley,McKale,Virginia,319,2026,IOL,52,77,316,,,,Hattiesburg,,,
Brown,Kerry,Minnesota,320,2026,S,14,70,190,,,,Naples,,,
Lukus,Jeadyn,Clemson,321,2026,CB,10,74,200,,,,Mauldin,,,
Burkle,Gabe,Iowa State,322,2026,TE,84,78,255,,,,Cedar Rapids,,,
El-Hadi,Giovanni,Michigan,323,2026,IOL,58,77,315,,,,Sterling Heights,,,
Murawski,Ben,UConn,324,2026,IOL,77,79,335,,,,Harleysville,,,
Taylor-Whitfield,Ben,TCU,325,2026,OT,56,78,315,,,,Duncanville,,,
Pritchett,Elijah,Nebraska,326,2026,OT,57,78,325,,,,Columbus,,,
Rhett,Cole,Toledo,327,2026,OT,74,79,301,,,,Columbus,,,
Strawn,Dorion,Texas State,328,2026,OT,64,78,315,,,,Ennis,,,
Easter,Shamar,North Carolina,329,2026,TE,84,77,215,,,,Ashdown,,,
Woodaz,Wade,Clemson,330,2026,LB,17,75,235,,,,Tampa,,,
Wilson,Sheridan,Texas Tech,331,2026,IOL,72,77,300,,,,Argyle,,,
Arnold,Jackson,Auburn,332,2026,QB,11,73,219,,,,Denton,,,
Stoffel,Davin,Illinois,333,2026,TE,88,78,260,,,,Mosinee,,,
Raridon,Eli,Notre Dame,334,2026,TE,9,79,251,,,,Des Moines,,,
Omosigho,Samuel,Oklahoma,335,2026,LB,7,73,235,,,,Heartland,,,
Regis,Albert,Texas A&M,336,2026,DL,17,73,317,,,,La Porte,,,
White,Jahiem,West Virginia,337,2026,RB,1,67,190,,,,York,,,
Kanak,Jaren,Oklahoma,338,2026,TE,12,74,233,,,,Hays,,,
Tuioti,Teitum,Oregon,339,2026,EDGE,44,75,263,,,,Laie,,,
White,Trey,San Diego State,340,2026,EDGE,2,74,245,,,,San Diego,,,
Williams,Riley,Oregon State,341,2026,TE,88,77,273,,,,Portland,,,
Deal,Markis,TCU,342,2026,DL,95,77,325,,,,Garland,,,
Wilde,Griffin,Northwestern,343,2026,WR,17,74,200,,,,Sioux Falls,,,
Brahmer,Benjamin,Iowa State,344,2026,TE,18,79,255,,,,Pierce,,,
Kite,Antonio,Mississippi,345,2026,CB,,,,,,,,,,
Becht,Rocco,Iowa State,346,2026,QB,3,73,210,,,,Zephyrhills,,,
Shaffer,Will,Abilene Christian,347,2026,LB,1,72,240,,,,Tempe,,,
Shelby,Braylan,USC,348,2026,EDGE,10,77,265,,,,Friendswood,,,
Kearney,Roderick,Florida,349,2026,OT,71,76,310,,,,Jacksonville,,,
Morris,Ty,Rice,350,2026,LB,,,,,,,,,,
Hasz,Luke,Mississippi,351,2026,TE,,,,,,,,,,
Edwards,Dylan,Kansas State,352,2026,RB,3,69,170,,,,Derby,,,
Brookins,Cruce,Pittsburgh,353,2026,S,12,74,195,,,,Pittsburgh,,,
Schrauth,Billy,Notre Dame,354,2026,IOL,74,76,305,,,,Campbellsport,,,
Adebawore,Adepoju,Oklahoma,355,2026,EDGE,34,76,261,,,,Kansas City,,,
Eastern,Deven,Minnesota,356,2026,DL,91,78,320,,,,Shakopee,,,
Gousby,Aidan,Minnesota,357,2026,S,7,72,190,,,,Lehigh Acres,,,
Thomas,Noah,Georgia,358,2026,WR,5,77,205,,,,League City,,,
Tollison,Connor,Missouri,359,2026,IOL,55,76,285,,,,Jackson,,,
Hicks,D.J.,Texas A&M,360,2026,DL,,,,,,,,,,
Strader,Raion,Auburn,361,2026,CB,13,72,185,,,,Pittsburgh,,,
Womack,Da'Shawn,Mississippi,362,2026,EDGE,,,,,,,,,,
Mack,Austin,Alabama,363,2026,QB,10,78,235,,,,Folsom,,,
Boettcher,Bryce,Oregon,364,2026,LB,28,74,232,,,,Eugene,,,
Moe Jr.,Wendell,Tennessee,365,2026,IOL,,,,,,,,,,
Washington II,Elliot,Penn State,366,2026,CB,9,71,199,,,,Venice,,,
Smith,Isaac,Mississippi State,367,2026,S,2,72,220,,,,Fulton,,,
Barnes,Khalil,Clemson,368,2026,S,7,72,200,,,,Athens,,,
Collins,Kelby,Alabama,369,2026,DL,17,76,275,,,,Gardendale,,,
Harris,Daniel,Georgia,370,2026,CB,7,75,195,,,,Miami,,,
Josey,Noah,Virginia,371,2026,IOL,77,77,310,,,,Brentwood,,,
Moten,Josh,Southern Miss,372,2026,CB,1,72,185,,,,Waldorf,,,
Bowen,Peyton,Oklahoma,373,2026,S,22,72,201,,,,Denton,,,
Stamps,Ashton,LSU,374,2026,CB,1,72,190,,,,Harvey,,,
Moore Jr.,DeAndre,Texas,375,2026,WR,,72,192,,,,Anaheim,,,
Ausberry,Jaiden,Notre Dame,376,2026,LB,4,74,228,,,,Baton Rouge,,,
Seldon,Cameron,Virginia Tech,377,2026,WR,9,73,211,,,,Browns Store,,,
Donkoh,Anthony,Penn State,378,2026,OT,68,77,326,,,,Aldie,,,
Fletcher,Mark,Miami (FL),379,2026,RB,,,,,,,,,,
Pimpton,Ka'morreun,TCU,380,2026,TE,88,78,242,,,,Fort Worth,,,
Shuler,Adon,Notre Dame,381,2026,S,8,72,207,,,,Irvington,,,
Flanagan,Cooper,Notre Dame,382,2026,TE,87,78,258,,,,Pleasant Hill,,,
Lockwood,Ty,Boston College,383,2026,TE,19,76,245,,,,Thompsons Station,,,
Rashada,Jaden,Sacramento State,384,2026,QB,5,76,183,,,,Pittsburg,,,
Young,Richard,Alabama,385,2026,RB,9,71,212,,,,Lehigh Acres,,,
Herring,Caleb,Tennessee,386,2026,EDGE,31,77,245,,,,Newnan,,,
Carmona,Fernando,Arkansas,387,2026,IOL,55,77,325,,,,Las Vegas,,,
McDonald,Jelani,Texas,388,2026,S,4,74,199,,,,Waco,,,
Bowles,Troy,Michigan,389,2026,LB,18,72,230,,,,Tampa,,,
Davis,Ethan,Tennessee,390,2026,TE,,77,245,,,,Atlanta,,,
Umanmielen,Princewill,Mississippi,391,2026,EDGE,,,,,,,,,,
Renaud,Jordan,Alabama,392,2026,EDGE,11,76,265,,,,Sarasota,,,
Padilla,Joshua,Ohio State,393,2026,IOL,62,76,300,,,,Huber Heights,,,
Rappleyea,Andrew,Penn State,394,2026,TE,87,76,251,,,,Millbrook,,,
Farooq,Jalil,Maryland,395,2026,WR,1,74,213,,,,Lanham,,,
Wayne,Jayden,California,396,2026,EDGE,10,77,255,,,,Tacoma,,,
Keeley,Keon,Alabama,397,2026,EDGE,31,77,282,,,,Tampa,,,
Carter,Lewis,UCF,398,2026,LB,20,72,224,,,,Tampa,,,
Joyner,Quinten,Texas Tech,399,2026,RB,,71,205,,,,Austin,,,
Gronowski,Mark,Iowa,400,2026,QB,11,74,235,,,,Naperville,,,
Nelson,Malachi,UTEP,401,2026,QB,7,75,193,,,,Los Alamitos,,,
Brown,Barion,LSU,402,2026,WR,6,71,185,,,,Nashville,,,
Payton,Cole,North Dakota State,403,2026,QB,9,75,233,,,,Omaha,,,
Castell,Jordan,Florida,404,2026,S,14,74,213,,,,Orlando,,,
Miller,Cam,Rutgers,405,2026,CB,7,72,192,,,,Fernandina Beach,,,
Owens,Rueben,Texas A&M,406,2026,RB,4,71,215,,,,El Campo,,,
Birchmeier,Alex,Penn State,407,2026,IOL,63,77,313,,,,Ashburn,,,
McClain,Cormani,Florida,408,2026,CB,25,74,189,,,,Lakeland,,,
Roberts,Chase,BYU,409,2026,WR,2,76,210,,,,Highland,,,
Aguero,Joenel,Georgia,410,2026,S,8,71,205,,,,Lynn,,,
Simmons,Derek,Oklahoma,411,2026,OT,66,77,317,,,,Gallatin,,,
Gullette,Derion,Mississippi State,412,2026,EDGE,16,75,240,,,,Marlin,,,
Howard,Grayson,Florida,413,2026,LB,10,76,236,,,,Jacksonville,,,
Latimer,Geimere,Wisconsin,414,2026,CB,21,70,191,,,,Fairburn,,,
Braxton,Jaylon,Mississippi,415,2026,CB,,,,,,,,,,
Rimac,Tomas,Virginia Tech,416,2026,IOL,55,78,317,,,,Brunswick,,,
Pierre,Yhonzae,Alabama,417,2026,EDGE,42,75,248,,,,Eufaula,,,
Hall,Jordan,Georgia,418,2026,DL,44,76,320,,,,Jacksonville,,,
Hartford,Malik,Ohio State,419,2026,S,9,75,200,,,,West Chester,,,
Lee,Deshaun,Iowa,420,2026,CB,8,70,189,,,,Belleville,,,
Akana,Tausili,BYU,421,2026,LB,13,75,235,,,,Laie,,,
Inniss,Brandon,Ohio State,422,2026,WR,1,72,199,,,,Hollywood,,,
Burley,Vic,Clemson,423,2026,DL,45,76,320,,,,Warner Robins,,,
Robinson,Ta'Mere,USC,424,2026,LB,14,75,230,,,,Pittsburgh,,,
Snowden,Smith,Utah,425,2026,CB,2,70,180,,,,Lehi,,,
Bass,Jordan,Virginia Tech,426,2026,LB,6,75,205,,,,Hampton,,,
Green,Stephiylan,Clemson,427,2026,DL,90,76,290,,,,Rome,,,
Hale,Jalen,Alabama,428,2026,WR,8,73,197,,,,Longview,,,
Williams,Ayden,Mississippi State,429,2026,WR,11,75,205,,,,Ridgeland,,,
Jenkins,Caden,Baylor,430,2026,CB,8,73,178,,,,Lewisville,,,
Clegg,Hunter,BYU,431,2026,EDGE,90,76,248,,,,American Fork,,,
Hurley,Jahlil,Kansas,432,2026,CB,6,74,185,,,,Florence,,,
Bell,Dillon,Georgia,433,2026,WR,86,73,210,,,,Houston,,,
Niblett,Ryan,Texas,434,2026,S,21,70,187,,,,Houston,,,
Pribula,Beau,Missouri,435,2026,QB,9,74,212,,,,York,,,
Nelson,DaKaari,Penn State,436,2026,S,8,75,234,,,,Livingston,,,
Onwuazor,Bruno,Virginia State,437,2026,OT,,,,,,,,,,
Babalade,Tree,South Carolina,438,2026,OT,51,77,330,,,,Hyattsville,,,
Williams,Hykeem,Colorado,439,2026,WR,5,74,220,,,,Fort Lauderdale,,,
Pettus,Micah,Florida State,440,2026,OT,57,79,355,,,,Harvest,,,
Vasek,Colton,Texas,441,2026,EDGE,92,77,250,,,,Austin,,,
Sadler,Collin,Clemson,442,2026,OT,50,78,310,,,,Inman,,,
Acheampong,Collins,Bowling Green,443,2026,EDGE,11,79,270,,,,Cape Coast,,,
Austin,Daylen,Oregon,444,2026,CB,,73,199,,,,Long Beach,,,
Cottrell,Raymond,West Alabama,445,2026,WR,,,,,,,,,,
Langsdale,Ryder,Rutgers,446,2026,OT,68,79,298,,,,Ridgewood,,,
Osborne,Hunter,Virginia,447,2026,DL,15,76,301,,,,Trussville,,,
Cook II,Johntay,Syracuse,448,2026,WR,-1,,,,,,,,,
Williams,J'ven,Penn State,449,2026,OT,74,77,316,,,,Reading,,,
Coleman,Malachi,Minnesota,450,2026,WR,16,77,200,,,,Lincoln,,,
Jackson,Kaleb,LSU,451,2026,RB,28,72,234,,,,Baton Rouge,,,
Adams,Tyree,LSU,452,2026,OT,71,79,310,,,,Marrero,,,
Mickens,Joshua,Ohio State,453,2026,EDGE,52,75,250,,,,Indianapolis,,,
Anderson,Markee,South Carolina,454,2026,IOL,58,76,326,,,,Roebuck,,,
Mack,King,Penn State,455,2026,S,16,70,187,,,,Miami,,,
James,Braylon,TCU,456,2026,WR,16,74,190,,,,Round Rock,,,
Onoh,Chimdy,Penn State,457,2026,OT,55,77,314,,,,Baltimore,,,
Sanker,Madden,Louisville,458,2026,OT,69,77,305,,,,Douglasville,,,
Williams,Damonic,Oklahoma,459,2026,DL,52,73,323,,,,Mission Hills,,,
Brown,Jalen,Arkansas,460,2026,WR,17,73,174,,,,Miami,,,
Howard,Jaxon,Minnesota,461,2026,EDGE,1,76,250,,,,Crystal,,,
Bryant,Malik,Miami (FL),462,2026,EDGE,,,,,,,,,,
Mills,Monroe,Virginia,463,2026,OT,71,79,320,,,,Columbia,,,
Brown,Damari,Miami (FL),464,2026,CB,,,,,,,,,,
Paige,Elijah,USC,465,2026,OT,72,79,325,,,,Phoenix,,,
Fontenette,Randon,Vanderbilt,466,2026,LB,2,74,220,,,,Freeport,,,
Sampson Jr.,Shelton,Louisiana-Lafayette,467,2026,WR,,,,,,,,,,
Rogers,Noah,NC State,468,2026,WR,5,74,205,,,,Rolesville,,,
Johnson,Jacobe,Oklahoma,469,2026,CB,19,74,208,,,,Mustang,,,
Vernon,Brenan,Notre Dame,470,2026,DL,17,78,293,,,,Mentor,,,
Harris,Gabe,Georgia,471,2026,EDGE,,76,260,,,,Thomasville,,,
Singleton Jr.,Samuel,Florida State,472,2026,RB,,,,,,,,,,
Okunlola,Samson,Miami (FL),473,2026,OT,,,,,,,,,,
Jarrett,Jamaal,USC,474,2026,DL,,77,360,,,,Greensboro,,,
Russaw,Qua,Alabama,475,2026,EDGE,4,74,243,,,,Montgomery,,,
Flores,Rico,UCLA,476,2026,WR,1,74,205,,,,North Highlands,,,
McLeod,Xzavier,Georgia,477,2026,DL,94,76,315,,,,Camden,,,
Evans III,Anthony,Mississippi State,478,2026,WR,3,71,180,,,,Converse,,,
Formby,Wilkin,Alabama,479,2026,OT,75,79,324,,,,Tuscaloosa,,,
Montgomery,Luke,Ohio State,480,2026,IOL,51,77,312,,,,Findlay,,,
Martin,Cole,UCLA,481,2026,CB,21,69,190,,,,Pasadena,,,
Sewell,Harris,Clemson,482,2026,IOL,55,76,310,,,,Odessa,,,
Stafford,Robert,UCLA,483,2026,CB,3,71,185,,,,Melbourne,,,
Pleasant,Rodrick,UCLA,484,2026,CB,18,70,175,,,,Gardena,,,
Alinen,Olaus,Alabama,485,2026,OT,73,78,322,,,,Pori,,,
Walker,John,UCF,486,2026,DL,55,76,324,,,,Kissimmee,,,
Johnson,Dijon,Florida,487,2026,CB,27,73,204,,,,Tampa,,,
Vickers,Makari,Colorado,488,2026,CB,10,73,190,,,,Tallahassee,,,
Hobbs,Daevin,Tennessee,489,2026,DL,5,76,290,,,,Concord,,,
Jackson,Ja'Keem,LSU,490,2026,CB,8,72,190,,,,Kissimmee,,,
Burton,Jager,Kentucky,491,2026,IOL,62,76,323,,,,Lexington,,,
Gates Jr.,Antonio,Delaware State,492,2026,WR,,,,,,,,,,
Jobe,Bai,Miami (OH),493,2026,EDGE,22,76,240,,,,Norman,,,
Murphy,Mason,Auburn,494,2026,OT,76,77,319,,,,Riverside,,,
Skinner,Jaleel,Louisville,495,2026,TE,88,77,230,,,,Greer,,,
Okunlola,Samuel,Colorado,496,2026,EDGE,93,76,250,,,,Brockton,,,
Ramil,Stanton,Michigan State,497,2026,OT,65,79,312,,,,Alabaster,,,
Carrico,Reid,West Virginia,498,2026,LB,35,74,230,,,,Ironton,,,
Donald,Elliot,Pittsburgh,499,2026,DL,94,75,275,,,,Pittsburgh,,,
Wiggins,Quency,Colorado,500,2026,EDGE,49,77,255,,,,Napoleonville,,,
Garcia,Jake,Michigan,501,2026,QB,12,74,210,,,,Whittier,,,
Rutchena,Nate,UC Davis,502,2026,TE,8,75,230,,,,Danville,,,
Depaepe,Andrew,Indiana,503,2026,DL,42,77,260,,,,Bettendorf,,,
Shanahan,T.J.,Penn State,504,2026,IOL,,,,,,,,,,
Duley,Declan,Central Michigan,505,2026,P,18,73,215,,,,El Paso,,,
Pettaway,George,James Madison,506,2026,RB,6,70,196,,,,Suffolk,,,
McCutchin,Latrell,Houston,507,2026,CB,1,73,185,,,,Austin,,,
Leacock,Nathan,North Carolina,508,2026,WR,15,75,217,,,,Rolesville,,,
Humphrey,Julian,Texas A&M,509,2026,CB,6,73,195,,,,Galveston,,,
Toviano,Javien,LSU,510,2026,S,25,73,197,,,,Arlington,,,
Sneed,Jaylen,Notre Dame,511,2026,LB,3,74,228,,,,Hilton Head Island,,,
Ricks,Dezz,Texas A&M,512,2026,CB,2,73,188,,,,Norfolk,,,
Dowdell,Dante,Kentucky,513,2026,RB,2,74,227,,,,Picayune,,,
Tengesdahl,Evan,Cincinnati,514,2026,IOL,50,75,320,,,,Dayton,,,
Heldt,Will,Clemson,515,2026,EDGE,13,78,260,,,,Carmel,,,
Olds,Kam,Kentucky,516,2026,EDGE,,,,,,,,,,
Hill,Xavier,Colorado,517,2026,IOL,71,76,320,,,,Olive Branch,,,
McAlister,Eric,TCU,518,2026,WR,1,75,205,,,,Azle,,,
Lyons,Jameial,Penn State,519,2026,EDGE,19,77,251,,,,Philadelphia,,,
Curtis,Tackett,Wisconsin,520,2026,LB,4,74,235,,,,Many,,,
White,Tyler,Texas A&M,521,2026,P,37,75,225,,,,Southlake,,,
Chester,D.J.,LSU,522,2026,IOL,,,,,,,,,,
Etta,Enow,Michigan,523,2026,DL,17,77,320,,,,Keller,,,
Moore,Jason,Ohio State,524,2026,DL,94,78,303,,,,Hyattsville,,,
Harvey,Jaybron,North Carolina,525,2026,EDGE,14,74,240,,,,Mebane,,,
Jackson,Kylin,TCU,526,2026,S,19,75,200,,,,Clinton,,,
Hill,Edric,Alabama,527,2026,DL,94,75,284,,,,Kansas City,,,
Chatman,Jaydon,Texas,528,2026,OT,75,76,306,,,,Harker Heights,,,
Hughley,Bo,Georgia,529,2026,OT,55,79,295,,,,Fairburn,,,
Robinson,Kam,Virginia,530,2026,LB,,,,,,,,,,
Umeozulu,Desmond,South Carolina,531,2026,EDGE,9,78,255,,,,Upper Marlboro,,,
Brooks,Dalton,Texas A&M,532,2026,S,25,72,193,,,,Shiner,,,
Pettaway,Jaquaize,East Carolina,533,2026,WR,12,72,194,,,,Houston,,,
Williams Jr.,Derek,Texas,534,2026,S,2,74,201,,,,New Iberia,,,
James,Kamran,Florida,535,2026,EDGE,24,78,270,,,,Orlando,,,
Rogers,Bravion,Texas A&M,536,2026,CB,19,71,188,,,,La Grange,,,
Robinson II,Roderick,Georgia,537,2026,RB,,73,235,,,,Imperial,,,
Carter,Arion,Tennessee,538,2026,LB,7,73,235,,,,Smyrna,,,
Thomas,Jayvon,Texas A&M,539,2026,CB,14,71,196,,,,Dallas,,,
Umarov,Shamurad,Tennessee,540,2026,OT,74,79,330,,,,Alpharetta,,,
Reed,Ian,Clemson,541,2026,IOL,54,78,305,,,,Austin,,,
Russell,Cordale,Miami (OH),542,2026,WR,5,76,210,,,,Mesquite,,,
Simpson-Hunt,Calvin,Baylor,543,2026,CB,28,72,215,,,,Waxahachie,,,
M'Pemba,Samuel,Texas A&M,544,2026,EDGE,92,75,252,,,,Olivette,,,
Rojas,Tony,Penn State,545,2026,LB,13,74,230,,,,Fairfax,,,
Novosad,Austin,Oregon,546,2026,QB,16,75,200,,,,Dripping Springs,,,
Webb,Treyaun,Florida,547,2026,RB,5,71,217,,,,Jacksonville,,,
Simmons,Lucas,Florida State,548,2026,OT,79,80,315,,,,Stockholm,,,
Kaak,Hudson,Auburn,549,2026,P,14,73,222,,,,Seymour,,,
Anderson,Jarra,Arizona,550,2026,DL,93,74,270,,,,Katy,,,
Olano,David,Illinois,551,2026,K,24,71,180,,,,Naperville,,,
Daniels,Phillip,Ohio State,552,2026,OT,70,77,315,,,,Cincinnati,,,
Williams,Palmer,Baylor,553,2026,P,94,74,203,,,,Advance,,,
Flintoft,Aidan,Stanford,554,2026,P,37,74,210,,,,Pacific Palisades,,,
Eldridge,Jake,Rutgers,555,2026,LS,49,73,225,,,,Colleyville,,,
Talty,Conor,Alabama,556,2026,K,31,73,195,,,,Chicago,,,
Johnson Jr.,Chris,SMU,557,2026,RB,6,72,184,,,,Fort Lauderdale,,,
Matthews,Mikey,UCLA,558,2026,WR,7,69,180,,,,Irvine,,,
Taylor,Brock,Vanderbilt,559,2026,K,88,73,161,,,,Knoxville,,,
Brown,Jayce,Kansas State,560,2026,WR,1,72,179,,,,Fort Walton Beach,,,
Humphreys,London,Georgia,561,2026,WR,16,74,200,,,,Nashville,,,
Castellanos,Thomas,Florida State,562,2026,QB,1,71,201,,,,Waycross,,,
Fite,C.J.,Arizona State,563,2026,DL,99,74,305,,,,Tatum,,,
Woodring,Peyton,Georgia,564,2026,K,91,70,185,,,,Lafayette,,,
Brown,Tyler,Clemson,565,2026,WR,6,71,185,,,,Greenville,,,
Rawls,Ja'Bril,Florida State,566,2026,S,11,73,185,,,,Pensacola,,,
Loftis,Grayson,Charlotte,567,2026,QB,12,75,215,,,,Gaffney,,,
Alexander,Sedrick,Vanderbilt,568,2026,RB,28,69,200,,,,Austin,,,
Williams IV,Carl,Baylor,569,2026,S,15,73,192,,,,Baton Rouge,,,
Feagin,Kaden,Illinois,570,2026,RB,3,75,250,,,,Atwood,,,
Kilgore,Alex,SMU,571,2026,LB,54,73,230,,,,Katy,,,
Schlaffer,Joey,Penn State,572,2026,TE,18,77,252,,,,Reading,,,
Thomas,Amare,Houston,573,2026,WR,,72,205,,,,Birmingham,,,
Mason,Lance,Wisconsin,574,2026,TE,86,,240,,,,Rockwall,,,
Brown,Hank,Iowa,575,2026,QB,9,76,215,,,,Nashville,,,
Link,Evan,Michigan,576,2026,OT,71,78,324,,,,Burke,,,
McCoy,A'Marion,Boise State,577,2026,CB,7,72,176,,,,East Palo Alto,,,
Virgin-Morgan,Jayden,Boise State,578,2026,EDGE,,,,,,,,,,
Crawford,Dion,Buffalo,579,2026,LB,18,73,232,,,,Suwanee,,,
Durand,James,Western Illinois,580,2026,IOL,63,76,305,,,,Gilbert,,,
Ratcliffe,Marcus,Texas A&M,581,2026,S,3,74,209,,,,Chula Vista,,,
Dubuc,Trey,New Mexico,582,2026,LS,47,73,209,,,,Fort Lauderdale,,,
Raynor,Jaylen,Arkansas State,583,2026,QB,1,72,202,,,,Kernersville,,,
Lubin,Clev,Louisville,584,2026,EDGE,50,75,250,,,,Suffern,,,
Burns,Ryder,Southern Miss,585,2026,LS,32,74,210,,,,Lake Cormorant,,,
Djabome,Dariel,Rutgers,586,2026,LB,8,74,237,,,,Longueuil,,,
Bradley,Chandavian,Oklahoma State,587,2026,EDGE,16,76,235,,,,Kansas City,,,
Mitchell,Tony,Mississippi State,588,2026,S,9,73,215,,,,Alabaster,,,
Harris,Denver,UNLV,589,2026,CB,2,72,190,,,,Houston,,,
Brownlow-Dindy,Gabriel,South Carolina,590,2026,DL,99,75,315,,,,Lakeland,,,
Rice,Zach,Syracuse,591,2026,IOL,55,77,320,,,,Lynchburg,,,
Craig,Jaden,Harvard,592,2026,QB,1,74,215,,,,Montclair,,,
Alexander,Jeremiah,Clemson,593,2026,EDGE,35,74,230,,,,Alabaster,,,
Marshall,Chris,Boise State,594,2026,WR,5,75,211,,,,Missouri City,,,
Weigman,Conner,Houston,595,2026,QB,1,75,210,,,,Cypress,,,
Singletary,Jaheim,Arkansas,596,2026,CB,15,74,196,,,,Jacksonville,,,
Hicks,C.J.,Ohio State,597,2026,EDGE,11,75,243,,,,Dayton,,,
Shaw,Travis,Texas,598,2026,DL,44,77,342,,,,Greensboro,,,
Citizen,TreVonte,McNeese State,599,2026,RB,,,,,,,,,,
Tshabola,Tegra,Ohio State,600,2026,IOL,77,78,322,,,,West Chester,,,
Evers,Nick,UConn,601,2026,QB,3,75,195,,,,Flower Mound,,,
Armella,Julian,UCLA,602,2026,IOL,74,78,320,,,,Miami,,,
Price,KP,Boston College,603,2026,S,2,73,200,,,,Baltimore,,,
Green,Donovan,LSU,604,2026,TE,88,76,250,,,,Dickinson,,,
Sexton,Jacob,Oklahoma,605,2026,OT,76,78,330,,,,Edmond,,,
Greene Jr.,Andre,Virginia,606,2026,WR,2,74,202,,,,Richmond,,,
Mathews,Jacoby,Auburn,607,2026,S,20,73,216,,,,Ponchatoula,,,
Williams,Gentry,Oklahoma,608,2026,CB,9,71,187,,,,Tulsa,,,
Jefferson,Justin,Alabama,609,2026,LB,10,73,227,,,,Memphis,,,
Brown,Jyaire,UCF,610,2026,CB,15,71,177,,,,New Orleans,,,
Staes,Holden,Indiana,611,2026,TE,19,76,248,,,,Atlanta,,,
Helms,Kaden,Oklahoma,612,2026,TE,18,77,238,,,,Bellevue,,,
Umeozulu,Neto,Texas,613,2026,IOL,72,76,325,,,,Allen,,,
Robinson,Branson,Georgia State,614,2026,RB,22,70,211,,,,Canton,,,
Shettron,Talyn,Oklahoma State,615,2026,WR,2,74,195,,,,Edmond,,,
Glover,Jaylon,UNLV,616,2026,RB,20,69,205,,,,Lakeland,,,
Lyons,Jamari,Florida,617,2026,DL,95,76,318,,,,Viera,,,
Hardaway,J.Q.,Kentucky,618,2026,CB,6,75,193,,,,Columbus,,,
Perry,Khurtiss,Jacksonville State,619,2026,DL,44,74,280,,,,Montgomery,,,
Law,Kendrick,Kentucky,620,2026,WR,1,72,205,,,,Shreveport,,,
Kutas,Patrick,Mississippi,621,2026,IOL,,,,,,,,,,
Swann,A.J.,Appalachian State,622,2026,QB,,,,,,,,,,
Saunders,Kaden,Penn State,623,2026,WR,7,70,180,,,,Columbus,,,
Roush,Sam,Stanford,624,2026,TE,86,77,260,,,,Nashville,,,
Murphy,Maalik,Oregon State,625,2026,QB,6,77,234,,,,Inglewood,,,
Brown,Devin,California,626,2026,QB,13,75,215,,,,Gilbert,,,
Henderson,Brandon,Illinois,627,2026,IOL,75,77,335,,,,East Saint Louis,,,
Howard,Walker,Louisiana-Lafayette,628,2026,QB,,,,,,,,,,
Finkley,Justice,Kansas,629,2026,EDGE,15,74,250,,,,Trussville,,,
Pedersen,Jack,UCLA,630,2026,TE,28,77,240,,,,Murrieta,,,
Pride,Toriano,Missouri,631,2026,CB,2,71,188,,,,Saint Louis,,,
Merriweather,Tobias,Utah,632,2026,WR,18,77,195,,,,Vancouver,,,
Willis,Carver,Washington,633,2026,OT,50,77,291,,,,Durango,,,
Hudson,Jordan,SMU,634,2026,WR,2,73,200,,,,Garland,,,
Wilson,Kamari,Memphis,635,2026,S,24,73,210,,,,Fort Pierce,,,
Winston,Emar'rion,Baylor,636,2026,EDGE,32,76,247,,,,Portland,,,
Shor,Dayne,Akron,637,2026,OT,75,77,315,,,,Alpharetta,,,
Brown,Raleek,Arizona State,638,2026,RB,3,69,195,,,,Santa Ana,,,
Sylla,Malick,Mississippi State,639,2026,EDGE,8,78,255,,,,Katy,,,
Gibson,Jayden,Oklahoma,640,2026,WR,1,77,186,,,,Winter Garden,,,
Brunner,Joe,Wisconsin,641,2026,IOL,56,77,318,,,,Whitefish Bay,,,
Grayes,Kyion,California,642,2026,WR,9,72,190,,,,Chandler,,,
Murphy,Shawn,South Carolina,643,2026,LB,7,75,231,,,,Manassas,,,
Little II,Earl,Florida State,644,2026,CB,,73,193,,,,Fort Lauderdale,,,
Niblack,Amari,Texas A&M,645,2026,TE,84,75,235,,,,St. Petersburg,,,
Brown,Kaleb,UAB,646,2026,WR,5,70,200,,,,Chicago,,,
Williams,Popeye,Western Michigan,647,2026,EDGE,2,75,250,,,,Westfield,,,
Hayden,Dallan,Colorado,648,2026,RB,7,70,205,,,,Memphis,,,
Kelly,Nyjalik,UCF,649,2026,EDGE,9,77,250,,,,Fort Lauderdale,,,
Guilbeau,Jaylon,Texas,650,2026,CB,3,72,183,,,,Port Arthur,,,
Spears-Jennings,Robert,Oklahoma,651,2026,S,3,72,213,,,,Broken Arrow,,,
Coleman Jr.,Kevin,Missouri,652,2026,WR,3,71,180,,,,St. Louis,,,
Stockton,Gunner,Georgia,653,2026,QB,14,73,215,,,,Tiger,,,
Clark,Stanquan,Louisville,654,2026,LB,6,75,235,,,,Miami,,,
Morris,M.J.,Coastal Carolina,655,2026,QB,,,,,,,,,,
Payne,Toby,Marshall,656,2026,TE,81,76,232,,,,Poca,,,
Bissainthe,Wesley,Miami (FL),657,2026,LB,,,,,,,,,,
Presley,Braylin,Tulsa,658,2026,WR,1,66,170,,,,Tulsa,,,
Hutson,Cole,Texas,659,2026,IOL,54,77,308,,,,Frisco,,,
Sawchuk,Gavin,Florida State,660,2026,RB,27,71,202,,,,Littleton,,,
Prentice,Kobe,Baylor,661,2026,WR,16,71,190,,,,Calera,,,
Wade,Keaten,Colorado,662,2026,EDGE,27,76,235,,,,Spring Hill,,,
Randall,Adam,Clemson,663,2026,RB,8,74,230,,,,Myrtle Beach,,,
Branch,Zion,Georgia,664,2026,S,2,74,210,,,,Las Vegas,,,
Jackson,Devon,Oregon,665,2026,LB,26,74,235,,,,Omaha,,,
Smith,Darris,Missouri,666,2026,EDGE,3,77,232,,,,Baxley,,,
Abor,Omari,SMU,667,2026,EDGE,30,75,258,,,,Duncanville,,,
White,Enai,Penn State,668,2026,EDGE,45,77,275,,,,Philadelphia,,,
Hinzman,Carson,Ohio State,669,2026,IOL,75,77,300,,,,Hammond,,,
Spells,Jacolby,West Virginia,670,2026,CB,6,71,186,,,,Fort Lauderdale,,,
Shanks,Kam,Arkansas,671,2026,WR,,,,,,,,,,
Johnson,Jake,North Carolina,672,2026,TE,19,78,240,,,,Athens,,,
Alliegro,Christian,Wisconsin,673,2026,LB,,76,245,,,,Darien,,,
Thomas,Zavion,LSU,674,2026,WR,,70,192,,,,Woodmere,,,
Dewberry,Kam,Alabama,675,2026,IOL,71,76,332,,,,Humble,,,
Williams,C.J.,Stanford,676,2026,WR,,,,,,,,,,
Dwyer,Jordan,TCU,677,2026,WR,7,72,195,,,,Puyallup,,,
Red,Savion,Sacramento State,678,2026,RB,,70,233,,,,Grand Prairie,,,
White,Squirrel,Florida State,679,2026,WR,4,70,170,,,,Birmingham,,,
Huskey,Jalen,Maryland,680,2026,CB,22,74,201,,,,Gaithersburg,,,
McGowan,Jayden,Charlotte,681,2026,WR,3,67,180,,,,Laurens,,,
Cooper,Jeremiah,Iowa State,682,2026,S,4,72,195,,,,El Paso,,,
Connors,Dean,Houston,683,2026,RB,44,72,206,,,,Kamuela,,,
Wells,Van,Oregon State,684,2026,IOL,55,74,292,,,,Houston,,,
Wimbley,Pichon,Georgia Southern,685,2026,IOL,74,74,305,,,,Moreland,,,
Barnes,Kyron,Nicholls,686,2026,OT,,,,,,,,,,
McCown,Owen,UTSA,687,2026,QB,13,73,190,,,,Rusk,,,
Jatta,Isaiah,BYU,688,2026,OT,71,78,315,,,,San Diego,,,
Kattus,Josh,Kentucky,689,2026,TE,84,76,247,,,,Cincinnati,,,
Smith,D.Q.,South Carolina,690,2026,S,,,,,,,,,,
Westmoreland,Maurice,Tulane,691,2026,EDGE,,74,250,,,,Houston,,,
Jackson,Amari,Boston College,692,2026,CB,24,71,190,,,,Mcdonough,,,
Ryan,Carsen,BYU,693,2026,TE,20,76,250,,,,Orem,,,
Kelly,Eddie,West Virginia,694,2026,DL,1,77,288,,,,Orlando,,,
Glover,Jaron,Mississippi State,695,2026,WR,18,73,205,,,,Sarasota,,,
Redwood,Asani,West Virginia,696,2026,DL,92,75,296,,,,Suwanee,,,
Hausmann,Ernest,Michigan,697,2026,LB,15,74,235,,,,Columbus,,,
Saunders,Donovan,Utah,698,2026,CB,4,76,187,,,,San Diego,,,
Donaldson,C.J.,Ohio State,699,2026,RB,,,,,,,,,,
Allen,Marcus,North Carolina,700,2026,CB,29,74,190,,,,Marietta,,,
Lucas,Jaylin,Florida State,701,2026,RB,12,69,173,,,,Houma,,,
Brown,Byrum,South Florida,702,2026,QB,17,75,231,,,,Raleigh,,,
Paul,Andrew,Jacksonville State,703,2026,RB,,71,215,,,,Dallas,,,
Fifita,Noah,Arizona,704,2026,QB,1,70,186,,,,Huntington Beach,,,
Reese,Richard,Stephen F. Austin,705,2026,RB,29,71,175,,,,Bellville,,,
Pyburn,Jack,LSU,706,2026,EDGE,44,76,264,,,,Jacksonville,,,
Ross-Simmons,Justus,Syracuse,707,2026,WR,12,75,210,,,,Rochester,,,
Sorsby,Brendan,Cincinnati,708,2026,QB,2,75,235,,,,Corinth,,,
Burke,Ethan,Texas,709,2026,EDGE,91,78,259,,,,Austin,,,
Agu,Darren,New Mexico,710,2026,EDGE,10,78,244,,,,London,,,
Gibson,Gavin,North Carolina,711,2026,CB,5,72,185,,,,Hickory,,,
FitzSimmons,Sean,Pittsburgh,712,2026,DL,55,75,295,,,,Monaca,,,
Bock II,John,Tulane,713,2026,IOL,51,75,288,,,,Fort Lauderdale,,,
Young,Colbie,Georgia,714,2026,WR,8,75,215,,,,Binghamton,,,
Ball,Cameron,Arkansas,715,2026,DL,5,77,326,,,,Atlanta,,,
Earby,Jeremiah,Boise State,716,2026,CB,6,74,182,,,,East Palo Alto,,,
Pollard,Jordan,San Jose State,717,2026,LB,,,,,,,,,,
St. Louis,Lance,Texas,718,2026,LS,58,72,224,,,,Gilbert,,,
Joly,Justin,NC State,719,2026,TE,7,75,251,,,,Brewster,,,
Cole,Jay'Vion,Arizona,720,2026,CB,8,70,191,,,,Oakland,,,
McCoy,Bryan,Oklahoma State,721,2026,LB,5,72,225,,,,Chicago,,,
Williams,James,Florida State,722,2026,EDGE,10,78,262,,,,Kansas City,,,
Kirkland,Justin,BYU,723,2026,DL,96,75,340,,,,West Haven,,,
Silver,Keeshawn,USC,724,2026,DL,9,76,330,,,,Rocky Mount,,,
Foreman,Korey,Fresno State,725,2026,EDGE,,76,250,,,,Corona,,,
Payne,Damon,Michigan,726,2026,DL,44,76,311,,,,Belleville,,,
Rucci,Nolan,Penn State,727,2026,OT,72,80,307,,,,Lititz,,,
Salter,Kaidon,Colorado,728,2026,QB,3,73,190,,,,Cedar Hill,,,
Nelson Jr.,Keenan,Ohio State,729,2026,S,16,73,205,,,,Philadelphia,,,
Huard,Sam,USC,730,2026,QB,7,73,210,,,,Bellevue,,,
Sorey Jr.,Xavian,Arkansas,731,2026,LB,10,75,231,,,,Campbellton,,,
Ryan,Sage,Mississippi,732,2026,S,,,,,,,,,,
Rubio,Gabriel,Notre Dame,733,2026,DL,97,77,322,,,,Saint Louis,,,
Dotson-Oyetade,Ezra,Texas State,734,2026,IOL,52,75,290,,,,Garland,,,
Daniel-Sisavanh,David,Troy,735,2026,S,,,,,,,,,,
Zambrano,Hunter,Texas Tech,736,2026,IOL,57,77,305,,,,Weston,,,
Brown,Prophet,USC,737,2026,CB,16,71,190,,,,Sacramento,,,
Michalski,Zen,Indiana,738,2026,OT,75,78,319,,,,Floyds Knobs,,,
Morris,Micah,Georgia,739,2026,IOL,56,76,330,,,,Kingsland,,,
Adeleye,Tunmise,UNLV,740,2026,DL,30,76,275,,,,Katy,,,
McClain,Malik,Arizona State,741,2026,WR,12,77,205,,,,Daphne,,,
Hilton,Chris,LSU,742,2026,WR,3,72,190,,,,Zachary,,,
Jackson,Cody,Tarleton State,743,2026,WR,15,72,185,,,,Richmond,,,
Smith,Clayton,Arizona State,744,2026,EDGE,10,77,255,,,,Queen City,,,
Prochazka,Teddy,Nebraska,745,2026,OT,65,82,320,,,,Elkhorn,,,
Brinson,Romello,SMU,746,2026,WR,3,74,190,,,,Miami,,,
Carter,Bryce,Texas State,747,2026,DL,96,75,274,,,,Chesterfield,,,
Davis Jr.,Derrick,Pittsburgh,748,2026,RB,34,72,210,,,,Pittsburgh,,,
Banks,Shadrach,UTSA,749,2026,LB,17,73,230,,,,Houston,,,
Gilliam,Kelvin,Virginia Tech,750,2026,DL,22,75,295,,,,Richmond,,,
Johnson,J.K.,Oklahoma State,751,2026,CB,,,,,,,,,,
Drones,Kyron,Virginia Tech,752,2026,QB,1,74,235,,,,Pearland,,,
Walden,Bram,Arizona State,753,2026,IOL,75,76,305,,,,Scottsdale,,,
Ferguson II,Terrence,Syracuse,754,2026,IOL,69,76,320,,,,Fort Valley,,,
Wright,Ceyair,Nebraska,755,2026,CB,15,72,190,,,,Los Angeles,,,
King,Wes,Wyoming,756,2026,IOL,78,77,310,,,,Appleton,,,
Lawson,Keli,UCF,757,2026,LB,,76,223,,,,Stephens City,,,
Poku,Emmanuel,East Carolina,758,2026,IOL,69,78,326,,,,Charlotte,,,
Brooks,Dylan,Kansas,759,2026,EDGE,13,76,245,,,,Roanoke,,,
Del Rio-Wilson,Carlos,Marshall,760,2026,QB,7,74,215,,,,Atlanta,,,
Ballard,Jayden,Wisconsin,761,2026,WR,4,74,205,,,,Massillon,,,
Leary,Christian,Western Michigan,762,2026,WR,1,70,180,,,,Edgewater,,,
Malone,Tywone,Ohio State,763,2026,DL,95,76,309,,,,Oradell,,,
Calloway,Kadarius,New Mexico State,764,2026,RB,1,72,220,,,,Philadelphia,,,
Ware-Hudson,Kyron,Penn State,765,2026,WR,11,73,215,,,,Duarte,,,
Byrd,Savion,SMU,766,2026,IOL,54,77,304,,,,Cedar Hill,,,
Deal,Devean,TCU,767,2026,EDGE,11,76,250,,,,Garland,,,
Benzschawel,J.P.,Wisconsin,768,2026,IOL,,,,,,,,,,
Aybar,Wilfredo,Stanford,769,2026,EDGE,14,74,260,,,,Fall River,,,
Gilbert,Jardin,LSU,770,2026,S,2,73,193,,,,White Castle,,,
Pryor,Evan,Cincinnati,771,2026,RB,6,69,195,,,,Cornelius,,,
Goodwin,Armoni,UT Martin,772,2026,RB,7,68,195,,,,Trussville,,,
Green,Nyland,Arizona State,773,2026,CB,15,74,185,,,,Covington,,,
Pena,Trebor,Penn State,774,2026,WR,8,70,186,,,,Ocean Township,,,
Denhoff,Cade,Clemson,775,2026,EDGE,44,77,260,,,,Plant City,,,
Kollie,Prince,Vanderbilt,776,2026,LB,20,73,227,,,,Jonesborough,,,
Koht,Keanu,Vanderbilt,777,2026,EDGE,9,76,232,,,,Vero Beach,,,
Smith,Devonta,Notre Dame,778,2026,CB,,71,196,,,,Cincinnati,,,
Johnson Jr.,L.J.,California,779,2026,RB,,,,,,,,,,
Earle,JoJo,UNLV,780,2026,WR,11,70,185,,,,Fort Worth,,,
Cardwell,Byron,San Diego State,781,2026,RB,21,72,215,,,,San Diego,,,
Burris,Marcus,Memphis,782,2026,DL,34,77,270,,,,Texarkana,,,
Thompson,Ty,Tulane,783,2026,TE,13,76,224,,,,Gilbert,,,
Colzie,Deion,Miami (OH),784,2026,WR,4,76,211,,,,Mcdonough,,,
Hill,Destyn,LSU,785,2026,WR,2,73,197,,,,New Orleans,,,
McGhee,Damarius,Florida Atlantic,786,2026,CB,,72,175,,,,Pensacola,,,
Morton,Behren,Texas Tech,787,2026,QB,2,74,220,,,,Eastland,,,
Altmyer,Luke,Illinois,788,2026,QB,9,74,205,,,,Starkville,,,
Davis,Raesjon,Oregon State,789,2026,LB,9,72,223,,,,Norco,,,
Cooley,Trevion,Troy,790,2026,RB,3,70,208,,,,Raleigh,,,
Calvert,Ethan,Cal Poly,791,2026,LB,3,75,215,,,,Westlake Village,,,
Benson,Malik,Oregon,792,2026,WR,4,73,195,,,,Lansing,,,
Daniels,Kendal,Oklahoma,793,2026,S,5,77,242,,,,Beggs,,,
Patterson,Zaire,Clemson,794,2026,EDGE,91,77,260,,,,Winston-salem,,,
Dickerson,Avante,Arkansas State,795,2026,CB,9,71,181,,,,Omaha,,,
Patterson,Davaughn,Wake Forest,796,2026,S,5,72,217,,,,Jacksonville,,,
Williams,Jeremiah,Texas A&M,797,2026,EDGE,,,,,,,,,,
Stone,Preston,Northwestern,798,2026,QB,8,73,215,,,,Dallas,,,
Onyedim,Tyler,Texas A&M,799,2026,DL,11,75,295,,,,Richmond,,,
Anderson,Raheem,Western Michigan,800,2026,IOL,62,74,321,,,,Detroit,,,
Collins,Dacari,Louisville,801,2026,WR,3,76,215,,,,Atlanta,,,
Anthony,Andrel,Duke,802,2026,WR,1,73,186,,,,Lansing,,,
Ishmael,Jabari,Southern Miss,803,2026,EDGE,9,78,270,,,,Miami,,,
Davies,Jaylin,Oklahoma State,804,2026,CB,2,71,180,,,,Rancho Cucamonga,,,
Styles Jr.,Lorenzo,Ohio State,805,2026,CB,3,73,195,,,,Pickerington,,,
Jefferson,Jonathan,SMU,806,2026,DL,94,75,315,,,,Douglasville,,,
Green,Taylen,Arkansas,807,2026,QB,10,78,224,,,,Lewisville,,,
Doman,Tommy,Florida,808,2026,P,19,76,218,,,,Rochester Hills,,,
Diggs,Logan,Mississippi,809,2026,RB,,,,,,,,,,
Manjack IV,Joseph,TCU,810,2026,WR,,,,,,,,,,
Henderson,Jason,Old Dominion,811,2026,LB,42,73,225,,,,Dingmans Ferry,,,
Brown,Jared,South Carolina,812,2026,WR,14,72,195,,,,Lilburn,,,
Bray,Jaden,West Virginia,813,2026,WR,5,74,209,,,,Norman,,,
Fields,Horatio,Auburn,814,2026,WR,5,74,201,,,,Douglasville,,,
Taylor,Kolbey,Vanderbilt,815,2026,CB,3,75,190,,,,Houston,,,
Favors,Jordan,Appalachian State,816,2026,S,,,,,,,,,,
Thomas,Rara,Troy,817,2026,WR,7,74,208,,,,Eufaula,,,
Boykins,DeAndre,Oklahoma State,818,2026,CB,15,72,200,,,,Beaufort,,,
Gosnell,Benji,Virginia Tech,819,2026,TE,82,77,254,,,,Meadows Of Dan,,,
Giudice,Dominick,Missouri,820,2026,IOL,56,76,312,,,,Freehold,,,
Coogan,Pat,Indiana,821,2026,IOL,78,77,310,,,,Palos Heights,,,
McCaskill IV,Alton,Sam Houston State,822,2026,RB,,,,,,,,,,
Thomas,Jayden,Virginia,823,2026,WR,8,74,220,,,,Paulding County,,,
Metayer,Chamon,Arizona State,824,2026,TE,7,76,255,,,,Miami,,,
Gusta,David,Kentucky,825,2026,DL,60,75,317,,,,San Bernardino,,,
Rosiek,Dylan,Illinois,826,2026,LB,28,73,235,,,,East Lake,,,
Retzlaff,Jake,Tulane,827,2026,QB,12,73,205,,,,Corona,,,
Gentry,Eric,USC,828,2026,LB,18,78,225,,,,Philadelphia,,,
Sydnor,Khordae,Vanderbilt,829,2026,EDGE,96,76,266,,,,New York,,,
Platt Jr.,Corey,Houston,830,2026,LB,9,74,215,,,,Little Rock,,,
Bradley,Jerand,Kansas State,831,2026,WR,5,77,223,,,,Desoto,,,
Haynes,Jamal,Georgia Tech,832,2026,RB,1,69,190,,,,Loganville,,,
Brown,Sean,NC State,833,2026,LB,,72,216,,,,Charlotte,,,
Curry,Caden,Ohio State,834,2026,EDGE,92,75,260,,,,Greenwood,,,
Rusk,Cole,Illinois,835,2026,TE,14,77,250,,,,Rock Island,,,
Kelly,Jack,BYU,836,2026,LB,17,74,242,,,,Kearns,,,
Woodson,Caleb,Virginia Tech,837,2026,LB,20,75,230,,,,Haymarket,,,
van den Berg,Jordan,Georgia Tech,838,2026,DL,99,75,300,,,,Johannesburg,,,
Savea,Tiaoalii,Arizona,839,2026,DL,,,,,,,,,,
Chestnut,Darian,Syracuse,840,2026,CB,2,72,195,,,,Camden,,,
Allen,Cyrus,Cincinnati,841,2026,WR,4,71,180,,,,New Orleans,,,
Hallman,Ricardo,Wisconsin,842,2026,CB,2,70,190,,,,Miami,,,
Carnell,Daylan,Missouri,843,2026,S,13,74,225,,,,Indianapolis,,,
Davis,Carter,Boston College,844,2026,S,7,73,190,,,,Baltimore,,,
Thomas,Jacob,James Madison,845,2026,S,7,73,212,,,,Ashburn,,,
Stribling,De'Zhaun,Mississippi,846,2026,WR,,,,,,,,,,
Lawrence,Malachi,UCF,847,2026,EDGE,51,76,250,,,,Louisville,,,
Kacmarek,Will,Ohio State,848,2026,TE,89,78,258,,,,Saint Louis,,,
Zimmerly,Cade,Bowling Green,849,2026,IOL,72,73,300,,,,Perrysburg,,,
Sharp,Bauer,LSU,850,2026,TE,10,77,246,,,,Dothan,,,
Blay,David,Miami (FL),851,2026,DL,,,,,,,,,,
Hodge,Preston,Colorado,852,2026,CB,4,72,200,,,,Waxahachie,,,
Traore,Seydou,Mississippi State,853,2026,TE,8,76,235,,,,London,,,
Atkinson,Beau,Ohio State,854,2026,EDGE,14,78,258,,,,Raleigh,,,
Prather,Elijah,Troy,855,2026,IOL,58,76,305,,,,LaVERGNE,,,
Auburn,Bert,Miami (FL),856,2026,K,,,,,,,,,,
Geers,Jameson,Minnesota,857,2026,TE,86,77,250,,,,Channahon,,,
Waites,Kamryn,Florida,858,2026,IOL,75,80,364,,,,Dallas,,,
Grimes,Tony,Purdue,859,2026,CB,,74,195,,,,Virginia Beach,,,
Smalls,Sav'ell,Colorado,860,2026,TE,31,75,265,,,,Burien,,,
Greene,Malcolm,UMass,861,2026,S,,,,,,,,,,
Alford,Xavion,Arizona State,862,2026,S,2,72,200,,,,Pearland,,,
Omeire,Troy,UNLV,863,2026,WR,,76,210,,,,Houston,,,
Braun,Joshua,Kentucky,864,2026,IOL,,,,,,,,,,
Gentry,Andrew,BYU,865,2026,OT,75,80,315,,,,Littleton,,,
Sims,Jeff,Arizona State,866,2026,QB,2,76,220,,,,Jacksonville,,,
Baker,Tosh,Notre Dame,867,2026,OT,79,80,320,,,,Scottsdale,,,
Ogunbiyi,Aki,Colorado,868,2026,IOL,74,76,340,,,,Sugar Land,,,
Williams,E.J.,Indiana,869,2026,WR,7,76,203,,,,Phenix City,,,
Davis II,Fred,Northwestern,870,2026,CB,-1,,,,,,,,,
Scott,Keionte,Miami (FL),871,2026,CB,,,,,,,,,,
Pyne,Drew,Bowling Green,872,2026,QB,9,72,200,,,,New Canaan,,,
Clowney,Demon,South Carolina,873,2026,EDGE,30,76,255,,,,Baltimore,,,
Lawrence,Key,UCLA,874,2026,CB,4,73,200,,,,Nashville,,,
Lynch,Kadin,William & Mary,875,2026,IOL,72,76,300,,,,Weaverville,,,
King,Haynes,Georgia Tech,876,2026,QB,10,75,215,,,,Longview,,,
Johnson,Max,North Carolina,877,2026,QB,14,77,225,,,,Watkinsville,,,
Butler,Jimari,LSU,878,2026,EDGE,12,77,265,,,,Mobile,,,
Corcoran,Turner,Nebraska,879,2026,IOL,69,78,310,,,,Lawrence,,,
Doost,Alexander,Arizona,880,2026,IOL,,,,,,,,,,
Trayanum,Chip,Toledo,881,2026,RB,,,,,,,,,,
Kamara,Bangally,Kansas,882,2026,LB,1,74,235,,,,Akron,,,
Wright,Jeremiah,Auburn,883,2026,IOL,77,77,348,,,,Selma,,,
Lindberg,Chad,North Carolina,884,2026,IOL,69,78,315,,,,League City,,,
Grimes,Reggie,Memphis,885,2026,EDGE,,76,282,,,,Antioch,,,
Dix Jr.,Stephen,Arkansas,886,2026,LB,14,73,240,,,,Orlando,,,
Scott,Miles,Illinois,887,2026,S,10,71,210,,,,Dolton,,,
Stewart,Terion,Virginia Tech,888,2026,RB,8,69,222,,,,Memphis,,,
Parks,Walker,Clemson,889,2026,IOL,64,77,310,,,,Lexington,,,
Williams,Roydell,Florida State,890,2026,RB,5,70,221,,,,Hueytown,,,
Harvey,DJ,USC,891,2026,CB,,,,,,,,,,
Maclin,Ja'Mori,Kentucky,892,2026,WR,,,,,,,,,,
Van Dyke,Tyler,SMU,893,2026,QB,16,76,230,,,,Glastonbury,,,
Wade,Dillon,Auburn,894,2026,IOL,52,76,315,,,,Houston,,,
White,Jordan,Vanderbilt,895,2026,IOL,53,74,300,,,,Largo,,,
Bailey,Matthew,Illinois,896,2026,S,7,74,215,,,,Moline,,,
Daniels,Jalon,Kansas,897,2026,QB,6,72,220,,,,Lawndale,,,
Thompson,Stefon,Florida State,898,2026,LB,7,73,240,,,,Long Island,,,
Lacy,Caullin,Louisville,899,2026,WR,5,70,190,,,,Mobile,,,
Carter,Jahmeer,Virginia,900,2026,DL,90,74,311,,,,Severn,,,
Prunty,Karon,Wake Forest,901,2026,CB,3,74,192,,,,Portsmouth,,,
Hight,Martel,Vanderbilt,902,2026,CB,4,72,180,,,,Rome,,,
Edmond,Gilber,South Carolina,903,2026,EDGE,55,76,255,,,,Fort Pierce,,,
Graham,D.J.,Kansas,904,2026,CB,7,72,200,,,,Fort Worth,,,
Ford,Courtland,UCLA,905,2026,OT,77,78,315,,,,Peoria,,,
Berger,Jalen,UCLA,906,2026,RB,,73,215,,,,Newark,,,
Stukes,Treydan,Arizona,907,2026,CB,2,74,195,,,,Litchfield Park,,,
Zdroik,Payton,Air Force,908,2026,DL,,,,,,,,,,
Lowery Jr.,Leon,Illinois,909,2026,LB,,,,,,,,,,
Bennett,Braydon,Virginia Tech,910,2026,RB,24,73,205,,,,Greenville,,,
Pavia,Diego,Vanderbilt,911,2026,QB,2,72,207,,,,Albuquerque,,,
Dawkins,Nick,Penn State,912,2026,IOL,,,,,,,,,,
Richardson,Dominic,Tulsa,913,2026,RB,21,72,210,,,,Oklahoma City,,,
Skipper,Tyree,Louisiana-Lafayette,914,2026,S,,,,,,,,,,
Faison,Rahsul,South Carolina,915,2026,RB,1,72,218,,,,Pottstown,,,
Whittington,Noah,Oregon,916,2026,RB,6,68,203,,,,Fort Valley,,,
Greene,Donavon,Virginia Tech,917,2026,WR,3,74,196,,,,Mount Airy,,,
Wollschlaeger,Alex,Kentucky,918,2026,OT,,,,,,,,,,
Sluka,Matthew,James Madison,919,2026,QB,9,74,211,,,,Locust Valley,,,
Coleman,Tavian,Colorado,920,2026,DL,94,73,300,,,,Humble,,,
Johnson,Ja'Varrius,UCF,921,2026,WR,9,70,180,,,,Trussville,,,
McNamara,Cade,East Tennessee State,922,2026,QB,11,73,205,,,,Reno,,,
Coleman,Ben,Arizona State,923,2026,IOL,62,75,320,,,,Murrieta,,,
Bedford,Matthew,Oregon,924,2026,OT,77,78,305,,,,Cordova,,,
Clary,Antonio,Virginia,925,2026,S,,72,204,,,,Jacksonville,,,
Toure,Mohamed,Miami (FL),926,2026,LB,,,,,,,,,,
Finn,Dequan,Miami (OH),927,2026,QB,1,74,206,,,,Detroit,,,
Calzada,Zach,Kentucky,928,2026,QB,5,76,230,,,,Buford,,,
Damuni,Levani,Utah,929,2026,LB,3,75,246,,,,Providence,,,
Lagway,DJ,Florida,1,2027,QB,,,,,,,,,,
Manning,Arch,Texas,2,2027,QB,16,76,219,,,,New Orleans,,,
Raiola,Dylan,Nebraska,3,2027,QB,15,75,230,,,,Buford,,,
Williams,Ryan,Alabama,4,2027,WR,2,72,178,,,,Saraland,,,
Knapp,Anthonie,Notre Dame,5,2027,OT,54,76,296,,,,Roswell,,,
Ross,Jordan,Tennessee,6,2027,DL,29,77,245,,,,Vestavia Hills,,,
Stewart,Dylan,South Carolina,7,2027,EDGE,6,77,245,,,,Washington,,,
Sayin,Julian,Ohio State,8,2027,QB,10,73,208,,,,Carlsbad,,,
Moore,Leonard,Notre Dame,9,2027,CB,15,74,195,,,,Round Rock,,,
Frederique Jr.,OJ,Miami (FL),10,2027,CB,,,,,,,,,,
Perich,Koi,Minnesota,11,2027,S,3,73,200,,,,Esko,,,
Jackson,Jayden,Oklahoma State,12,2027,DL,,,,,,,,,,
Scott,Justin,Miami (FL),13,2027,DL,,,,,,,,,,
Bolden,KJ,Georgia,14,2027,S,4,72,185,,,,Buford,,,
Moore,TJ,Clemson,15,2027,WR,,,,,,,,,,
Brown,Sammy,Clemson,16,2027,LB,47,74,235,,,,Commerce,,,
Simmons,Colin,Texas,17,2027,EDGE,1,75,240,,,,Dallas,,,
Watson,Maraad,Texas,18,2027,DL,98,75,313,,,,Irvington,,,
Frazier,Nate,Georgia,19,2027,RB,3,70,210,,,,Compton,,,
Hampton,Ashton,Clemson,20,2027,CB,23,74,200,,,,Tallahassee,,,
Bowen,Eli,Oklahoma,21,2027,CB,23,69,183,,,,Corinth,,,
Rushing,Elijah,Oregon,22,2027,EDGE,,,,,,,,,,
Marsh,Nick,Michigan State,23,2027,WR,,,,,,,,,,
Robinson IV,Ellis,Georgia,24,2027,CB,,,,,,,,,,
Carter,Noah,Alabama,25,2027,EDGE,,,,,,,,,,
Brown,Isaac,Louisville,26,2027,RB,,,,,,,,,,
Carter,Boo,Tennessee,27,2027,CB,,,,,,,,,,
Smith,Jeremiah,Ohio State,28,2027,WR,,,,,,,,,,
Seaton,Jordan,Colorado,29,2027,OT,,,,,,,,,,
Thompson,Josiah,South Carolina,30,2027,OT,,,,,,,,,,
Coleman,Cam,Auburn,31,2027,WR,,,,,,,,,,
Wesco,Bryant,Clemson,32,2027,WR,,,,,,,,,,
Banfield,Aidan,North Carolina,33,2027,IOL,,,,,,,,,,
McCray,LJ,Florida,34,2027,EDGE,,,,,,,,,,
Degraaf,Decker,Washington,35,2027,TE,,,,,,,,,,
Mbakwe,Jaylen,Alabama,36,2027,WR,,,,,,,,,,
Kromenhoek,Luke,Florida State,37,2027,QB,,,,,,,,,,
Crawford,Jay,Auburn,38,2027,CB,,,,,,,,,,
Brewu,Francis,Pittsburgh,39,2027,DL,,,,,,,,,,
Baker,Brandon,Texas,40,2027,OT,,,,,,,,,,
Scott Jr.,Aaron,Ohio State,41,2027,CB,,,,,,,,,,
Zandamela,Jason,Florida,42,2027,IOL,,,,,,,,,,
Stone,David,Oklahoma,43,2027,DL,,,,,,,,,,
Cole,Chris,Georgia,44,2027,LB,,,,,,,,,,
Mincey,Zavier,Alabama,45,2027,S,,,,,,,,,,
Nwaneri,Williams,Nebraska,46,2027,DL,,,,,,,,,,
Spears,Dashawn,LSU,47,2027,S,,,,,,,,,,
Heywood,Kevin,Wisconsin,48,2027,OT,,,,,,,,,,
Reynolds,Luke,Penn State,49,2027,TE,,,,,,,,,,
Black,Kobe,Texas,50,2027,CB,,,,,,,,,,
Wingo,Ryan,Texas,51,2027,WR,,,,,,,,,,
Phillips Jr.,Dwight,Georgia,53,2027,RB,,,,,,,,,,
Williams,Amaree,Florida State,54,2027,TE,,,,,,,,,,
Noland,Air,South Carolina,55,2027,QB,,,,,,,,,,
Williams,Amaris,Auburn,56,2027,EDGE,,,,,,,,,,
Blount,Armondo,Miami (FL),57,2027,DL,,,,,,,,,,
Sprague,Andrew,Michigan,58,2027,OT,,,,,,,,,,
White Jr.,Antonio,Rutgers,59,2027,S,,,,,,,,,,
Warren,Bennett,Tennessee,60,2027,OT,,,,,,,,,,
Bethel-Roman,Ashton,Texas A&M,61,2027,WR,,,,,,,,,,
Pickett Jr.,Booker,Miami (FL),62,2027,EDGE,,,,,,,,,,
Ivy,Blake,Texas A&M,63,2027,OT,,,,,,,,,,
Johnson,Brauntae,Notre Dame,64,2027,S,,,,,,,,,,
Prieskorn,Brady,Michigan,65,2027,TE,,,,,,,,,,
Cain,Bryce,Auburn,66,2027,WR,,,,,,,,,,
West,Bryce,Ohio State,67,2027,CB,,,,,,,,,,
Staley,Braylon,Tennessee,68,2027,WR,,,,,,,,,,
Odom,Caleb,Alabama,69,2027,TE,,,,,,,,,,
Carr,CJ,Notre Dame,70,2027,QB,,,,,,,,,,
Bates,Cai,Florida State,71,2027,CB,,,,,,,,,,
Nelson,Carter,Nebraska,72,2027,TE,,,,,,,,,,
Poe,Casey,Alabama,73,2027,IOL,,,,,,,,,,
Jones,Carlon,USC,74,2027,DL,,,,,,,,,,
Lester III,Charles,Florida State,75,2027,CB,,,,,,,,,,
Echols,Coen,LSU,76,2027,IOL,,,,,,,,,,
Cousins,Cooper,Penn State,77,2027,IOL,,,,,,,,,,
Bentancur,Christian,Clemson,78,2027,TE,,,,,,,,,,
Warner,DJ,Kansas,79,2027,EDGE,,,,,,,,,,
Crutchfield,Courtney,Missouri,80,2027,WR,,,,,,,,,,
Mitchell,Davon,Oklahoma,81,2027,TE,,,,,,,,,,
Calhoun,Daniel,Georgia,82,2027,OT,,,,,,,,,,
Evans,Dealyn,Texas A&M,83,2027,DL,,,,,,,,,,
James,Daniel,Cincinnati,84,2027,CB,,,,,,,,,,
Mayo,Darien,Clemson,85,2027,DL,,,,,,,,,,
Jones,Dilin,Wisconsin,86,2027,RB,,,,,,,,,,
Johnson,Dillan,Wisconsin,87,2027,DL,,,,,,,,,,
Baxter,Devon,Michigan,88,2027,EDGE,,,,,,,,,,
Carter,Dontae,Vanderbilt,89,2027,S,,,,,,,,,,
Houston,Eddrick,Ohio State,90,2027,DL,,,,,,,,,,
McKinley,Dominick,LSU,91,2027,DL,,,,,,,,,,
Brown,Elijah,Stanford,92,2027,QB,,,,,,,,,,
Newby,Elijah,USC,93,2027,LB,,,,,,,,,,
Willor Jr.,Ernest,Wisconsin,94,2027,DL,,,,,,,,,,
Mandell,Emerson,Wisconsin,95,2027,IOL,,,,,,,,,,
Brooks,Eugene,Oklahoma,96,2027,IOL,,,,,,,,,,
Johnson,Fred,South Carolina,97,2027,LB,,,,,,,,,,
Westphal,Fletcher,Florida,98,2027,OT,,,,,,,,,,
Williams,Gabe,Virginia Tech,99,2027,LB,,,,,,,,,,
Stover,Garrett,Ohio State,100,2027,LB,,,,,,,,,,
Sexton,Garrett,Penn State,101,2027,OT,,,,,,,,,,
Bair,Gatlin,Oregon,102,2027,WR,,,,,,,,,,
Hejny,Hauss,TCU,103,2027,QB,,,,,,,,,,
Hawkins,Gus,Kansas State,104,2027,OT,,,,,,,,,,
Carreon,Ivan,Oklahoma,105,2027,WR,,,,,,,,,,
Smith,Jacob,Kentucky,106,2027,EDGE,,,,,,,,,,
Davis,Jadyn,Michigan,107,2027,QB,,,,,,,,,,
Merklinger,Jake,Tennessee,108,2027,QB,,,,,,,,,,
Nesta,James,Oklahoma,109,2027,LB,,,,,,,,,,
Peoples,James,Ohio State,110,2027,RB,,,,,,,,,,
Brown,Jaylen,Missouri,111,2027,DL,,,,,,,,,,
Ross,Jayshawn,Alabama,112,2027,EDGE,,,,,,,,,,
Beaman,Jeremiah,Alabama,113,2027,DL,,,,,,,,,,
Johnson,Jericho,Oregon,114,2027,DL,,,,,,,,,,
Smith II,Jerod,Kentucky,115,2027,EDGE,,,,,,,,,,
Melvin,Jeremiah,Wake Forest,116,2027,WR,,,,,,,,,,
Mitchell,Jon,Penn State,117,2027,CB,,,,,,,,,,
Marshall,Jordan,Michigan,118,2027,RB,,,,,,,,,,
Lyle,Jordan,Miami (FL),119,2027,RB,,,,,,,,,,
Trader,Joshisa,Miami (FL),120,2027,WR,,,,,,,,,,
Thomas,Jordan,Georgia,121,2027,DL,,,,,,,,,,
Beasley,Kaleb,Tennessee,122,2027,CB,,,,,,,,,,
Franklin,Kam,Mississippi,123,2027,DL,,,,,,,,,,
Fountain,Kameryn,USC,124,2027,DL,,,,,,,,,,
Young,Kedren,Notre Dame,125,2027,RB,,,,,,,,,,
Mothudi,Kamar,Oregon,126,2027,LB,,,,,,,,,,
Beasley,Koy,Purdue,127,2027,S,,,,,,,,,,
Lopa,Kingston,Oregon,128,2027,S,,,,,,,,,,
Altuner,Kyle,West Virginia,129,2027,IOL,,,,,,,,,,
Thomas,Loghan,Notre Dame,130,2027,EDGE,,,,,,,,,,
Viliamu-Asa,Kyngstonn,Notre Dame,131,2027,LB,,,,,,,,,,
Ziglar,Malcolm,North Carolina,132,2027,S,,,,,,,,,,
Itete,Manasse,Florida State,133,2027,IOL,,,,,,,,,,
Harpring,Luke,Georgia Tech,134,2027,TE,,,,,,,,,,
Easley,Marques,Georgia,135,2027,OT,,,,,,,,,,
LeBlanc,Max,Ohio State,136,2027,TE,,,,,,,,,,
Danzy,Micahi,Florida State,137,2027,RB,,,,,,,,,,
Matthews,Mike,Tennessee,138,2027,WR,,,,,,,,,,
Uini,Michael,Georgia,139,2027,OT,,,,,,,,,,
Johnson,Nasir,Georgia,140,2027,DL,,,,,,,,,,
Graham,Myles,Florida,141,2027,LB,,,,,,,,,,
Carr,Ny,Miami (FL),142,2027,WR,,,,,,,,,,
Tuggle,Nitro,Georgia,143,2027,WR,,,,,,,,,,
Daniels,Nyier,Georgia,144,2027,OT,,,,,,,,,,
Thompson,Perry,Auburn,145,2027,WR,,,,,,,,,,
Pierce,Payton,Ohio State,146,2027,LB,,,,,,,,,,
Powers III,Reggie,Oklahoma,147,2027,S,,,,,,,,,,
Sunram,Riley,Minnesota,148,2027,DL,,,,,,,,,,
Jones,Ricardo,Clemson,149,2027,S,,,,,,,,,,
Pellum,Ryan,Oregon,150,2027,WR,,,,,,,,,,
Bridges,Selman,Arkansas,151,2027,CB,,,,,,,,,,
Hawkins,Tank,Florida,152,2027,WR,,,,,,,,,,
Grant,Tarrion,Purdue,153,2027,CB,,,,,,,,,,
Williams,Solomon,Texas A&M,154,2027,EDGE,,,,,,,,,,
Mack,Wardell,Texas,155,2027,CB,,,,,,,,,,
Singleton,Tylen,LSU,156,2027,LB,,,,,,,,,,
Davis,Weston,LSU,157,2027,OT,,,,,,,,,,
Filsaime,Xavier,Texas,158,2027,S,,,,,,,,,,
Jordan,Xavier,USC,159,2027,WR,,,,,,,,,,
Echoles,William,Mississippi,160,2027,DL,,,,,,,,,,
Patterson,Zaquan,Miami (FL),161,2027,S,,,,,,,,,,
Brown,Zabien,Alabama,162,2027,CB,,,,,,,,,,
Umeozulu,Zina,Texas,163,2027,EDGE,,,,,,,,,,
Kearney,Zion,Oklahoma,164,2027,WR,,,,,,,,,,
Flowers,Aaron,Oregon,165,2027,S,,,,,,,,,,
Jones,Artavius,Miami (FL),166,2027,DL,,,,,,,,,,
Frazier,Blake,Michigan,167,2027,OT,,,,,,,,,,
Jefferson,Amari,Alabama,168,2027,WR,,,,,,,,,,
Robinson,Chance,Miami (FL),169,2027,WR,,,,,,,,,,
Platt,Brayden,Oregon,170,2027,LB,,,,,,,,,,
Shaw,Bradley,Arkansas,171,2027,LB,,,,,,,,,,
Fields,Dakoda,Oregon,172,2027,CB,,,,,,,,,,
Hill,Daniel,Alabama,173,2027,RB,,,,,,,,,,
Kirks,Dominic,Ohio State,174,2027,DL,,,,,,,,,,
Gipson,Corian,Clemson,175,2027,CB,,,,,,,,,,
Groves,Elijah,NC State,176,2027,LB,,,,,,,,,,
Satuala,Faletau,BYU,177,2027,LB,,,,,,,,,,
Hoffman,Gavin,Iowa,178,2027,TE,,,,,,,,,,
Grunkemeyer,Ethan,Penn State,179,2027,QB,,,,,,,,,,
Garcia,Isaiah,Utah,180,2027,OT,,,,,,,,,,
Williams,Izaiah,Texas A&M,181,2027,WR,,,,,,,,,,
Moore,Ian,Ohio State,182,2027,IOL,,,,,,,,,,
Watkins,Jelani,LSU,183,2027,WR,,,,,,,,,,
Tremble,Jamie,Syracuse,184,2027,TE,,,,,,,,,,
McClellan,Jeremiah,Oregon,185,2027,WR,,,,,,,,,,
Edmond,Jo'Ziah,Michigan,186,2027,CB,,,,,,,,,,
Paylor,Jonathan,NC State,187,2027,WR,,,,,,,,,,
Daniels,KD,Florida,188,2027,RB,,,,,,,,,,
Williams,Justin,Georgia,189,2027,LB,,,,,,,,,,
Riley,Kevin,Alabama,190,2027,RB,,,,,,,,,,
Pringle,Kam,South Carolina,191,2027,OT,,,,,,,,,,
Edokpayi,Lugard,Michigan,192,2027,EDGE,,,,,,,,,,
Williams,Marcelles,USC,193,2027,CB,,,,,,,,,,
Billiot,Kylan,LSU,194,2027,WR,,,,,,,,,,
Lightfoot,Marquise,Miami (FL),195,2027,EDGE,,,,,,,,,,
Turner Jr.,Michael,LSU,196,2027,CB,,,,,,,,,,
Smith,Michael,South Carolina,197,2027,TE,,,,,,,,,,
Evans,Ondre,Georgia,198,2027,CB,,,,,,,,,,
Roy,Nathan,Minnesota,199,2027,IOL,,,,,,,,,,
Lewis,Peyton,Tennessee,200,2027,RB,,,,,,,,,,
McRoy,Shaq,Oregon,201,2027,OT,,,,,,,,,,
Green,Trey'Dez,LSU,202,2027,TE,,,,,,,,,,
Nolan,Will,Iowa,203,2027,OT,,,,,,,,,,
Hammond,Will,Texas Tech,204,2027,QB,,,,,,,,,,
Gibson,Jerrick,Texas,205,2027,RB,,,,,,,,,,
Young,Rustin,Michigan State,206,2027,OT,,,,,,,,,,
Toure,Vaboue,Penn State,207,2027,S,,,,,,,,,,
Hampton,Aeryn,Alabama,208,2027,WR,,,,,,,,,,
McBryde,Dashawn,LSU,209,2027,S,,,,,,,,,,
Rudolph,Elias,Miami (FL),210,2027,EDGE,,,,,,,,,,
McClain,Jaylen,Ohio State,211,2027,S,,,,,,,,,,
Pride,Jordan,Texas A&M,212,2027,S,,,,,,,,,,
Saina,Makai,USC,213,2027,IOL,,,,,,,,,,
Morgan,Peyton,Texas Tech,214,2027,S,,,,,,,,,,
Wilson,Santana,Arizona,215,2027,CB,,,,,,,,,,
Davis,Kam,Florida State,216,2027,RB,,,,,,,,,,
Jones,Kris,Georgia,217,2027,LB,,,,,,,,,,
Davis-Swain,Brandon,Colorado,219,2027,EDGE,,,,,,,,,,
Jones,Cayden,Alabama,220,2027,LB,,,,,,,,,,
Cruz,Daniel,Texas,221,2027,IOL,,,,,,,,,,
Gresham,Dillon,Oregon,222,2027,WR,,,,,,,,,,
Williams,Dylan,Oregon,223,2027,LB,,,,,,,,,,
Laws,Emmett,Virginia Tech,224,2027,DL,,,,,,,,,,
Oden,Jacob,Michigan,225,2027,S,,,,,,,,,,
Patterson,Jason,Kentucky,226,2027,RB,,,,,,,,,,
Daniels,Jonathan,Florida State,227,2027,OT,,,,,,,,,,
Greene,Justin,Georgia,228,2027,EDGE,,,,,,,,,,
Payne,Jeremy,TCU,229,2027,RB,,,,,,,,,,
Craver,Mario,Mississippi State,230,2027,WR,,,,,,,,,,
Van Buren,Michael,Mississippi State,231,2027,QB,,,,,,,,,,
Woodyard,Peyton,Oregon,232,2027,S,,,,,,,,,,
Feagin,Tavoy,Clemson,233,2027,CB,,,,,,,,,,
Bolo Mboumoua,Steve,Alabama,234,2027,EDGE,,,,,,,,,,
Collins,Charlie,Arkansas,235,2027,DL,,,,,,,,,,
Huff,Brian,Missouri,236,2027,LB,,,,,,,,,,
Carter,DeAndre,Auburn,237,2027,IOL,,,,,,,,,,
Ross,Emanuel,Rutgers,238,2027,WR,,,,,,,,,,
Stewart,I'Marion,Michigan,239,2027,WR,,,,,,,,,,
Williams,Justice,Colorado,240,2027,WR,,,,,,,,,,
Harrison,Marcus,Georgia,241,2027,OT,,,,,,,,,,
Turner,Michael,LSU,242,2027,WR,,,,,,,,,,
Johnson,Quintavius,Georgia,243,2027,EDGE,,,,,,,,,,
Mack,Ryan,Miami (FL),244,2027,CB,,,,,,,,,,
Owens,Trey,Texas,245,2027,QB,,,,,,,,,,
White,Walker,Auburn,246,2027,QB,,,,,,,,,,
Greco,Trajen,Missouri,247,2027,S,,,,,,,,,,
Holmes,Caleb,Pittsburgh,248,2027,IOL,,,,,,,,,,
Jones,Demello,Georgia,249,2027,S,,,,,,,,,,
Riddick,Demarcus,Auburn,250,2027,LB,,,,,,,,,,
Baker,Gekyle,TCU,251,2027,WR,,,,,,,,,,
Brix,Grant,Nebraska,252,2027,OT,,,,,,,,,,
Obidegwu,Ify,Oregon,253,2027,CB,,,,,,,,,,
Ahfua,Isendre,Texas A&M,254,2027,IOL,,,,,,,,,,
Reddell,Jaden,Georgia,255,2027,TE,,,,,,,,,,
Waller,Jamonta,Auburn,256,2027,EDGE,,,,,,,,,,
Hardy,Jaydan,Oklahoma,257,2027,S,,,,,,,,,,
Rush,Jeffery,Mississippi,258,2027,DL,,,,,,,,,,
Andrews,Liam,Penn State,259,2027,DL,,,,,,,,,,
McCoy,Lawayne,Florida State,260,2027,WR,,,,,,,,,,
Butler,Aaron,Texas,261,2027,WR,,,,,,,,,,
Dennis,Andrew,Illinois,262,2027,IOL,,,,,,,,,,
Williams,Cam,Notre Dame,263,2027,WR,,,,,,,,,,
Ofili,Cheta,Texas Tech,264,2027,EDGE,,,,,,,,,,
Lofton,Elija,Miami (FL),265,2027,TE,,,,,,,,,,
Graham,Mylan,Ohio State,266,2027,WR,,,,,,,,,,
Lane-Ganus,A'Mon,Auburn,267,2027,CB,,,,,,,,,,
Hayes,Adarius,Miami (FL),268,2027,LB,,,,,,,,,,
Maddox,Anthony,Mississippi,269,2027,QB,,,,,,,,,,
Funk,Ashton,Texas A&M,270,2027,OT,,,,,,,,,,
Umeh,Benedict,Stanford,271,2027,EDGE,,,,,,,,,,
Jacob,Brandon,Maryland,272,2027,S,,,,,,,,,,
Russell,Braylen,Arkansas,273,2027,RB,,,,,,,,,,
Burnside,Braylon,Mississippi State,274,2027,S,,,,,,,,,,
Jackson,CJ,LSU,275,2027,EDGE,,,,,,,,,,
Durham,Caden,LSU,276,2027,RB,,,,,,,,,,
Bowens,Chauncey,Georgia,277,2027,RB,,,,,,,,,,
Smith,Corey,Penn State,278,2027,RB,,,,,,,,,,
Holmes,DD,Florida State,279,2027,EDGE,,,,,,,,,,
Brinkley,Dakyus,Kansas,280,2027,LB,,,,,,,,,,
Okoye,Danny,Oklahoma,281,2027,EDGE,,,,,,,,,,
Johnson,De'Myrion,LSU,282,2027,DL,,,,,,,,,,
Lane,Dejuan,Penn State,284,2027,S,,,,,,,,,,
Williams Jr.,Demond,Washington,285,2027,QB,,,,,,,,,,
Harbour,Donovan,Penn State,286,2027,IOL,,,,,,,,,,
Stephenson,Dylan,Stanford,287,2027,EDGE,,,,,,,,,,
Dubose,Freddie,Texas,288,2027,WR,,,,,,,,,,
Winowich,Gabriel,Rutgers,289,2027,RB,,,,,,,,,,
Stec,Grant,Wisconsin,290,2027,TE,,,,,,,,,,
Hansen,Hogan,Michigan,291,2027,TE,,,,,,,,,,
Canion,Isiah,Georgia Tech,292,2027,WR,,,,,,,,,,
Harrell,JJ,Mississippi State,293,2027,WR,,,,,,,,,,
Smith,Jaden,Kentucky,294,2027,LB,,,,,,,,,,
Solomon,Jalewis,South Carolina,295,2027,CB,,,,,,,,,,
Crawford,Jalyn,Auburn,296,2027,CB,,,,,,,,,,
Grimsley,Jameer,Florida,297,2027,CB,,,,,,,,,,
Brown,Jason,Arizona State,298,2027,RB,,,,,,,,,,
Heyward,Jaylen,UCF,299,2027,S,,,,,,,,,,
Boston,Jimmar,NC State,301,2027,WR,,,,,,,,,,
Rogers,Joel,LSU,302,2027,S,,,,,,,,,,
Olsen,Joey,USC,303,2027,TE,,,,,,,,,,
Echols,Jonathan,South Florida,304,2027,TE,,,,,,,,,,
Washington,Jordan,Arizona,305,2027,RB,,,,,,,,,,
Johnson-Rubell,Jordon,Texas,306,2027,CB,,,,,,,,,,
Brown,Josiah,Penn State,307,2027,WR,,,,,,,,,,
Beavers,Kamron,Mississippi,308,2027,DL,,,,,,,,,,
Henderson,Kavion,Arkansas,309,2027,EDGE,,,,,,,,,,
Hunter,Kelvin,South Carolina,310,2027,S,,,,,,,,,,
Adams,Keylen,Virginia Tech,311,2027,WR,,,,,,,,,,
Edwards,King Joseph,Syracuse,312,2027,EDGE,,,,,,,,,,
Cobbins,Kolaj,LSU,313,2027,LB,,,,,,,,,,
Fox,Kylan,UCF,314,2027,TE,,,,,,,,,,
Gallegos,Marquis,USC,315,2027,S,,,,,,,,,,
Curtis,Mason,Michigan,316,2027,LB,,,,,,,,,,
Anderson,Max,Tennessee,317,2027,OT,,,,,,,,,,
Bennett,Mazeo,South Carolina,318,2027,WR,,,,,,,,,,
Gilbert,Micah,Notre Dame,319,2027,WR,,,,,,,,,,
Kibble,Nate,Texas,320,2027,IOL,,,,,,,,,,
Dixon,Noah,Clemson,321,2027,S,,,,,,,,,,
Williams,Ory,LSU,322,2027,OT,,,,,,,,,,
Woodland,PJ,LSU,323,2027,CB,,,,,,,,,,
Finau,Paki,Washington,324,2027,OT,,,,,,,,,,
Livingstone,Parker,Texas,325,2027,WR,,,,,,,,,,
Taumua,Preston,Nebraska,326,2027,IOL,,,,,,,,,,
Scott,Rico,Alabama,327,2027,WR,,,,,,,,,,
Jones,Samaj,Cincinnati,328,2027,QB,,,,,,,,,,
Dixon,Sterling,Alabama,329,2027,EDGE,,,,,,,,,,
Abrams,Tawaski,Florida,330,2027,WR,,,,,,,,,,
Galloway,Tayvion,Purdue,331,2027,TE,,,,,,,,,,
Nichols,Terhyon,Kentucky,332,2027,CB,,,,,,,,,,
Banks,Travaris,Mississippi,333,2027,CB,,,,,,,,,,
Flynn Jr.,Waltclaire,UCF,334,2027,IOL,,,,,,,,,,
Matthews,Walter,USC,335,2027,TE,,,,,,,,,,
Satterwhite,William,Tennessee,336,2027,IOL,,,,,,,,,,
Ragins,Zion,Oklahoma,337,2027,WR,,,,,,,,,,
Surace,AJ,Rutgers,338,2027,QB,,,,,,,,,,
Williams,Aneyas,Notre Dame,339,2027,RB,,,,,,,,,,
Buffington,Cam,Iowa,340,2027,LB,,,,,,,,,,
Clark,Christian,Texas,341,2027,RB,,,,,,,,,,
Sullivan,Cole,Pittsburgh,342,2027,LB,,,,,,,,,,
Hurley,Colin,LSU,343,2027,QB,,,,,,,,,,
Robinson,D'antre,Florida,344,2027,DL,,,,,,,,,,
Eziomume,David,Clemson,345,2027,RB,,,,,,,,,,
Davis,Dermaricus,UCLA,346,2027,QB,,,,,,,,,,
Stephens II,Desman,USC,347,2027,LB,,,,,,,,,,
Spillman,Edwin,Tennessee,348,2027,LB,,,,,,,,,,
Williams,Elias,Florida,349,2027,DL,,,,,,,,,,
Moore,Elijah,Maryland,350,2027,WR,,,,,,,,,,
Calloway,Ethan,North Carolina,351,2027,OT,,,,,,,,,,
VanSickle,Gabe,Michigan State,352,2027,IOL,,,,,,,,,,
Reliford,Gabriel,LSU,353,2027,DL,,,,,,,,,,
Smith,Gregory,Florida,354,2027,S,,,,,,,,,,
Brown-Shuler,Hevin,Clemson,355,2027,DL,,,,,,,,,,
Wilson,Isaac,Utah,356,2027,QB,,,,,,,,,,
McRoy,Jac'Qawn,Oregon,357,2027,OT,,,,,,,,,,
Ponton,Jacob,Texas Tech,358,2027,OT,,,,,,,,,,
Baugh,Jadan,Florida,359,2027,RB,,,,,,,,,,
Abasiri,Jide,Minnesota,360,2027,DL,,,,,,,,,,
Johnson,Ju’Juan,LSU,361,2027,CB,,,,,,,,,,
Duff,KJ,Baylor,362,2027,TE,,,,,,,,,,
Lindstrom,Kellen,Tennessee,363,2027,EDGE,,,,,,,,,,
Gilmer,Kwazi,UCLA,364,2027,WR,,,,,,,,,,
Williams,Luke,Indiana,365,2027,S,,,,,,,,,,
Barnes,Marcellus,Wisconsin,366,2027,CB,,,,,,,,,,
Buford,Mario,Nebraska,367,2027,CB,,,,,,,,,,
Schroller,Mark,UCLA,368,2027,OT,,,,,,,,,,
Fuller,Matthew,Georgia,369,2027,RB,,,,,,,,,,
Granville,Max,Penn State,370,2027,DL,,,,,,,,,,
Hawkins,Michael,Oklahoma,371,2027,QB,,,,,,,,,,
O'Neill,Miles,Princeton,372,2027,QB,,,,,,,,,,
Williams,Mylachi,Penn State,373,2027,DL,,,,,,,,,,
Davis,Myles,Texas Tech,374,2027,S,,,,,,,,,,
Morgan,Red,Alabama,375,2027,S,,,,,,,,,,
Knight III,Ricky,Florida State,376,2027,CB,,,,,,,,,,
Swanson,Ryner,BYU,377,2027,TE,,,,,,,,,,
Mboumoua,Steve,Alabama,378,2027,DL,,,,,,,,,,
Prescod,Styles,Notre Dame,379,2027,IOL,,,,,,,,,,
Cherry,Tyler,Indiana,380,2027,QB,,,,,,,,,,
Sanders,William,Alabama,381,2027,IOL,,,,,,,,,,
Edwards,Witt,Oklahoma,382,2027,TE,,,,,,,,,,
Atkins,Xavier,LSU,383,2027,LB,,,,,,,,,,
Lucas,Xavier,Miami (FL),384,2027,S,,,,,,,,,,
Mincey,Zay,Alabama,385,2027,CB,,,,,,,,,,
Martin,Quinton,Penn State,386,2027,RB,,,,,,,,,,
Tatum,Taylor,Oklahoma,387,2027,RB,,,,,,,,,,
Young,Bryce,Notre Dame,388,2027,DL,,,,,,,,,,
Davis,Ellis,Texas Tech,389,2027,OT,,,,,,,,,,
Lambert,Guerby,Notre Dame,390,2027,OT,,,,,,,,,,
Howard,Jamari,Florida State,391,2027,CB,,,,,,,,,,
Shipp,Jordan,North Carolina,392,2027,WR,,,,,,,,,,
Hudson,Micah,Texas Tech,393,2027,WR,,,,,,,,,,
Puglisi,Ryan,Georgia,394,2027,QB,,,,,,,,,,
Anderson,Terrell,NC State,395,2027,WR,,,,,,,,,,
Gregory,Wendell,South Carolina,396,2027,EDGE,,,,,,,,,,
Jackson,Amir,Florida,397,2027,TE,,,,,,,,,,
Phillips,Joe,Auburn,398,2027,EDGE,,,,,,,,,,
Breland,Aydin,Oregon,399,2027,DL,,,,,,,,,,
Robinson,Brian,Kentucky,400,2027,DL,,,,,,,,,,
Dooley,Cam,Kentucky,401,2027,S,,,,,,,,,,
Thurmon,Elyjah,Clemson,402,2027,IOL,,,,,,,,,,
Crader,Fox,Oregon,403,2027,OT,,,,,,,,,,
Miller,Dre'lon,Colorado,404,2027,WR,,,,,,,,,,
Weisskopf,Derek,Iowa,405,2027,LB,,,,,,,,,,
Sensabaugh,Jaren,Missouri,406,2027,CB,,,,,,,,,,
Patterson,Jaiden,North Carolina,407,2027,S,,,,,,,,,,
Jonah-Ajonye,Joseph,Georgia,408,2027,DL,,,,,,,,,,
Mikell,Kam,Colorado,409,2027,WR,,,,,,,,,,
Thomas,Landen,Florida State,410,2027,TE,,,,,,,,,,
Simmons,Malcolm,Auburn,411,2027,WR,,,,,,,,,,
Smith II,Nigel,Oklahoma,412,2027,DL,,,,,,,,,,
Sims,Xadavien,Oregon,413,2027,DL,,,,,,,,,,
Bussey,Terry,Texas A&M,414,2027,WR,,,,,,,,,,
Chiles,Aaron,Florida,415,2027,LB,,,,,,,,,,
Barsic,Jamaar,,,2027,LOLB,,,,,,,,,,
Burt,Avantae,Central St.,,2027,HB,,,,,,,,,,
Burt,Reily,Walsh,,2027,C,,,,,,,,,,
Cruz,Davion,Tiffin,,2027,QB,,,,,,,,,,
Mackie,Trey,Tiffin,,2027,RB,,,,,,,,,,
Minor,Braylen,Central St.,,2027,RE,,,,,,,,,,
Sedmock,Justin,N. Dakota St.,,2027,QB,,,,,,,,,,
Garrett,Lameir,Central St.,,2027,RB,,,,,,,,,,
Foster,Bryan,John Carroll,,2027,MLB,,,,,,,,,,
Abou-Jaoude,Melkart,NC,,2027,RE,,,,,,,,,,
Adebawore,Adepoju,Oklahoma,,2027,LE,,,,,,,,,,
Agbo,Malik,Texas,,2027,RG,,,,,,,,,,
Aguirre Jr.,Raul,Miami,,2027,ROLB,,,,,,,,,,
Al-Uqdah,Taariq,Washington,,2027,MLB,,,,,,,,,,
Alvano,Tristan,Nebraska,,2027,K,,,,,,,,,,
Anderson,Nic,LSU,,2027,WR,,,,,,,,,,
Anderson,Aaron,LSU,,2027,WR,,,,,,,,,,
Anderson,Khamari,ASU,,2027,TE,,,,,,,,,,
Anderson,Fisher,Stanford,,2027,LT,,,,,,,,,,
Anderson,Jamal,Clemson,,2027,LOLB,,,,,,,,,,
Angeli,Steve,Notre Dame,,2027,QB,,,,,,,,,,
Armella,Julian,FSU,,2027,LG,,,,,,,,,,
Arnold,Jackson,Auburn,,2027,QB,,,,,,,,,,
Ashlock,Pofele,Hawaii,,2027,WR,,,,,,,,,,
Atkinson,Beau,NC,,2027,RE,,,,,,,,,,
Ausberry,Austin,LSU,,2027,FS,,,,,,,,,,
Awis,Braden,Toledo,,2027,FS,,,,,,,,,,
Azzoppardi,Drew,Washington,,2027,RT,,,,,,,,,,
Babalade,Tree,SC,,2027,RT,,,,,,,,,,
Baer,Ryan,Pitt,,2027,RT,,,,,,,,,,
Bah,Aliou,Maryland,,2027,RG,,,,,,,,,,
Bailey,Matthew,Illinois,,2027,SS,,,,,,,,,,
Bair,Gatlin,Oregon,,2027,WR,,,,,,,,,,
Baker,Brandon,Texas,,2027,LG,,,,,,,,,,
Baklenko,Luke,Oklahoma,,2027,LT,,,,,,,,,,
Baranowski,Maverick,Minn,,2027,MLB,,,,,,,,,,
Barker,Zakye,SMU,,2027,MLB,,,,,,,,,,
Barnes,Khalil,Clemson,,2027,SS,,,,,,,,,,
Baugh,Trovon,SC,,2027,RG,,,,,,,,,,
Bausley,Xavier,WVU,,2027,RT,,,,,,,,,,
Baxter,CJ,Texas,,2027,RB,,,,,,,,,,
Becht,Rocco,ISU,,2027,QB,,,,,,,,,,
Bellamy,Jayden,UCF,,2027,CB,,,,,,,,,,
Benefield,Ty,Boise St.,,2027,SS,,,,,,,,,,
Berry,Zeke,Michigan,,2027,FS,,,,,,,,,,
Bett,Brendan,Baylor,,2027,DT,,,,,,,,,,
Biles,Rasheem,Pitt,,2027,ROLB,,,,,,,,,,
Billman,Kaden,YSU,,2027,P,,,,,,,,,,
Black,Brandon,ISU,,2027,RG,,,,,,,,,,
Blomstorm,Cooper,Georgetown,,2027,LOLB,,,,,,,,,,
Blount,Armondo,Miami,,2027,RE,,,,,,,,,,
Bobo,Drew,Georgia,,2027,C,,,,,,,,,,
Bogle,Ben,SIU,,2027,ROLB,,,,,,,,,,
Bolden,KJ,Georgia,,2027,FS,,,,,,,,,,
Bowen,Drayk,Notre Dame,,2027,MLB,,,,,,,,,,
Bowen,Peyton,Oklahoma,,2027,SS,,,,,,,,,,
Bowery,Jude,BC,,2027,LT,,,,,,,,,,
Bowles,Troy,Michigan,,2027,ROLB,,,,,,,,,,
Boyd-Matthews,Amier,Texas Tech,,2027,CB,,,,,,,,,,
Bradley,Chandavian,OSU,,2027,ROLB,,,,,,,,,,
Branch,Zion,Georgia,,2027,SS,,,,,,,,,,
Brandt,Cameron,Michigan,,2027,RE,,,,,,,,,,
Braswell,Djay,Georgia St.,,2027,RB,,,,,,,,,,
Braxton,Jaylon,Ole Miss,,2027,CB,,,,,,,,,,
Brazzell II,Chris,Tennesee,,2027,WR,,,,,,,,,,
Breland,Aydin,Oregon,,2027,DT,,,,,,,,,,
Brix,Grant,Nebraska,,2027,RG,,,,,,,,,,
Brooks,Dalton,TA&M,,2027,SS,,,,,,,,,,
Brown,Byrum,USF,,2027,RB,,,,,,,,,,
Brown,Sammy,Clemson,,2027,MLB,,,,,,,,,,
Brown,Zabien,Alabama,,2027,CB,,,,,,,,,,
Brown,Damari,Miami,,2027,CB,,,,,,,,,,
Brubaker,Ryan,SC,,2027,C,,,,,,,,,,
Brunner,Joe,Wisconsin,,2027,LG,,,,,,,,,,
Bryant III,Gary,SD,,2027,MLB,,,,,,,,,,
Buckley,Jalen,W. Mich,,2027,RB,,,,,,,,,,
Burhenn,George,Purdue,,2027,TE,,,,,,,,,,
Burks Jr.,Marvin,Missou,,2027,SS,,,,,,,,,,
Burns,Sully,Texas St.,,2027,RT,,,,,,,,,,
Bush Jr.,TJ,Liberty,,2027,RE,,,,,,,,,,
Campbell,Amare,NC,,2027,MLB,,,,,,,,,,
Carmac,Fisher,Virgina,,2027,LE,,,,,,,,,,
Carreon,Roger,Boise St.,,2027,RG,,,,,,,,,,
Carter,Arion,Tennesee,,2027,ROLB,,,,,,,,,,
Carter,Lewis,UCF,,2027,ROLB,,,,,,,,,,
Carter,Dontae,Vanderbilt,,2027,SS,,,,,,,,,,
Casey,Kage,Boise St.,,2027,LT,,,,,,,,,,
Castell,Jordan,Florida,,2027,SS,,,,,,,,,,
Chaplin,Xavier,Auburn,,2027,LT,,,,,,,,,,
Chiles,Aidan,Mich St.,,2027,QB,,,,,,,,,,
Chiles,Aaron,Florida,,2027,MLB,,,,,,,,,,
Cisse,Brandon,SC,,2027,FS,,,,,,,,,,
Clark,Stanquan,Louisville,,2027,ROLB,,,,,,,,,,
Clement,Hudson,Illinois,,2027,WR,,,,,,,,,,
Cobb,Jeremiah,Auburn,,2027,RB,,,,,,,,,,
Coleman,Cam,Auburn,,2027,WR,,,,,,,,,,
Coleman,Malachi,Minn,,2027,WR,,,,,,,,,,
Collins,Mekhi,NDSt.,,2027,WR,,,,,,,,,,
Concepcion,Kevin,TA&M,,2027,WR,,,,,,,,,,
Cost,Kaleb,NC,,2027,FS,,,,,,,,,,
Craig,Ashton,Notre Dame,,2027,C,,,,,,,,,,
Craycraft,Matt,Duke,,2027,C,,,,,,,,,,
Crutchfield,Courtney,Arkansas,,2027,WR,,,,,,,,,,
Cruz,Joe,Syracuse,,2027,LG,,,,,,,,,,
Curtis,Tackett,Wisconsin,,2027,MLB,,,,,,,,,,
Cutter,Ben,WVU,,2027,LOLB,,,,,,,,,,
Damuni,Raider,BYU,,2027,SS,,,,,,,,,,
Dapaepe,Andrew,Indiana,,2027,RE,,,,,,,,,,
Davis,Kameron,FSU,,2027,RB,,,,,,,,,,
Dawe,Sam,BYU,,2027,C,,,,,,,,,,
Dickey,Jurrion,Oregon,,2027,WR,,,,,,,,,,
Djabome,Dariel,Rutgers,,2027,MLB,,,,,,,,,,
Dottery,TJ,Ole Miss,,2027,MLB,,,,,,,,,,
Duff,KJ,Rutgers,,2027,WR,,,,,,,,,,
Dunbar,Jambres,Boise St.,,2027,RB,,,,,,,,,,
Durham,Caden,LSU,,2027,RB,,,,,,,,,,
Dwyer,Jordan,TCU,,2027,WR,,,,,,,,,,
Early,Jaylen,FSU,,2027,RG,,,,,,,,,,
Ebosele,Alvin,Houston,,2027,LT,,,,,,,,,,
Eckley,Ryan,Mich St.,,2027,P,,,,,,,,,,
Edwards,Scotty,Stanford,,2027,SS,,,,,,,,,,
Elzy,Malik,Illinois,,2027,WR,,,,,,,,,,
Endries,Jack,Cal,,2027,TE,,,,,,,,,,
Epps,Cameron,OSU,,2027,SS,,,,,,,,,,
Erb,Hunter,Tulsa,,2027,RT,,,,,,,,,,
Evans III,Anthony,Miss. St.,,2027,WR,,,,,,,,,,
Fano,Logan,Utah,,2027,RE,,,,,,,,,,
Feagin,Kaden,Illinois,,2027,RB,,,,,,,,,,
Ferrell,Amare,Indiana,,2027,SS,,,,,,,,,,
Fifita,Noah,Arizona,,2027,RB,,,,,,,,,,
Finley,EJ,LA Tech,,2027,TE,,,,,,,,,,
Fisher,Perry,UAB,,2027,CB,,,,,,,,,,
Fite,C.J.,ASU,,2027,DT,,,,,,,,,,
Flanagan,Cooper,Notre Dame,,2027,TE,,,,,,,,,,
Fleming,Dorian,Maryland,,2027,TE,,,,,,,,,,
Flintoft,Aidan,Stanford,,2027,P,,,,,,,,,,
Foster,Tra'Sean,JMU,,2027,CB,,,,,,,,,,
Fountain,Kameryn,USC,,2027,LE,,,,,,,,,,
Fouty-Koonce,Kam'Ron,Marrietta,,2027,CB,,,,,,,,,,
Fraley,Trent,NDSt.,,2027,C,,,,,,,,,,
Franklin,Kamarion,Ole Miss,,2027,LE,,,,,,,,,,
Frasier,Jaymir,Alabama St.,,2027,DT,,,,,,,,,,
Frazier,Nate,Georgia,,2027,RB,,,,,,,,,,
Frederique Jr.,OJ,Miami,,2027,CB,,,,,,,,,,
Gentry,Andrew,BYU,,2027,LT,,,,,,,,,,
George,Logan,Bucks,,2027,RE,,,,,,,,,,
Gibson,Jerrick,Texas,,2027,RB,,,,,,,,,,
Gibson III,Ricky,Tennesee,,2027,CB,,,,,,,,,,
Givens,Gunner,Vanderbilt,,2027,DT,,,,,,,,,,
Glasker,Isaiah,BYU,,2027,ROLB,,,,,,,,,,
Gosnell,Benji,V Tech,,2027,TE,,,,,,,,,,
Grace,Mi'Quise,Kentucky,,2027,RE,,,,,,,,,,
Green,Donovan,LSU,,2027,TE,,,,,,,,,,
Griffin,Kylon,Clemson,,2027,SS,,,,,,,,,,
Guy,Izaiah,Georgia St.,,2027,CB,,,,,,,,,,
Hale,Jalen,Alabama,,2027,WR,,,,,,,,,,
Hall,Jordan,Mich St.,,2027,ROLB,,,,,,,,,,
Halm,Nick,Miami (OH),,2027,RT,,,,,,,,,,
Hammond,Jordan,Virgina,,2027,DT,,,,,,,,,,
Harbert,Joseph,SJSt.,,2027,LG,,,,,,,,,,
Harbor,Nyck,SC,,2027,WR,,,,,,,,,,
Hardy,Zavion,SC,,2027,LE,,,,,,,,,,
Harris,E'Marion,Arkansas,,2027,LT,,,,,,,,,,
Harris,Knijeah,Florida,,2027,LG,,,,,,,,,,
Harris,A.J.,Penn St.,,2027,CB,,,,,,,,,,
Harris,Jaden,Georgia,,2027,FS,,,,,,,,,,
Hartford,Malik,Bucks,,2027,FS,,,,,,,,,,
Hastings,Isaiah,Syracuse,,2027,DT,,,,,,,,,,
Hasz,Luke,Ole Miss,,2027,TE,,,,,,,,,,
Hayden,Dallan,Colorado,,2027,RB,,,,,,,,,,
Heldt,Will,Clemson,,2027,LE,,,,,,,,,,
Henderson,Jacobie,Rutgers,,2027,CB,,,,,,,,,,
Herring,Caleb,Tennesee,,2027,LOLB,,,,,,,,,,
Hicks,C.J.,Bucks,,2027,ROLB,,,,,,,,,,
Hight,Martel,Vanderbilt,,2027,CB,,,,,,,,,,
Hill,Shaheem,UCF,,2027,RG,,,,,,,,,,
Hoffler,A.J.,G Tech,,2027,RE,,,,,,,,,,
Hogan,Stephen,Walsh,,2027,MLB,,,,,,,,,,
Holmes Jr.,Anthony,Texas Tech,,2027,DT,,,,,,,,,,
Hoover,Josh,TCU,,2027,RB,,,,,,,,,,
Hopper,Santana,Tulane,,2027,LE,,,,,,,,,,
Howard,Grayson,Florida,,2027,MLB,,,,,,,,,,
Humphrey,Scottre,NMU,,2027,RB,,,,,,,,,,
Humphrey,Julian,TA&M,,2027,CB,,,,,,,,,,
Humphreys,London,Georgia,,2027,WR,,,,,,,,,,
Hunter,Nyziah,Nebraska,,2027,WR,,,,,,,,,,
Hurst,Shadre,Tulane,,2027,C,,,,,,,,,,
Hussey,Conrad,FSU,,2027,FS,,,,,,,,,,
Iamaleava,Nico,UCLA,,2027,QB,,,,,,,,,,
Inniss,Brandon,Bucks,,2027,WR,,,,,,,,,,
Ioane,Olaivavega,Penn St.,,2027,RG,,,,,,,,,,
Ivory,Alvonte,Walsh,,2027,LT,,,,,,,,,,
Jackson,Jayden,Oklahoma,,2027,DT,,,,,,,,,,
Jackson,Ja'Keem,LSU,,2027,CB,,,,,,,,,,
Jackson,Jam,Virgina,,2027,CB,,,,,,,,,,
James,Kamran,Florida,,2027,RE,,,,,,,,,,
Jarrett,Jamaal,USC,,2027,DT,,,,,,,,,,
Jenkins,Caden,Baylor,,2027,CB,,,,,,,,,,
Jennings,Kevin,SMU,,2027,QB,,,,,,,,,,
Johnson,Avery,K St.,,2027,QB,,,,,,,,,,
Johnson,Marquis,Missou,,2027,WR,,,,,,,,,,
Johnson,Jake,NC,,2027,TE,,,,,,,,,,
Johnson,Greg,Minn,,2027,C,,,,,,,,,,
Johnson,Lavon,Maryland,,2027,DT,,,,,,,,,,
Johnson,Nate,Missou,,2027,ROLB,,,,,,,,,,
Johnson,Tao,Utah,,2027,FS,,,,,,,,,,
Johnson,Jamel,TCU,,2027,SS,,,,,,,,,,
Jones,Peyton,Duke,,2027,RB,,,,,,,,,,
Jordan,Faison,Notre Dame,,2027,WR,,,,,,,,,,
Joyner,Quinten,Texas Tech,,2027,RB,,,,,,,,,,
Joyner,Dontay,Maryland,,2027,CB,,,,,,,,,,
Kanu,Hero,Texas,,2027,DT,,,,,,,,,,
Kasper,Kyler,Oregon,,2027,WR,,,,,,,,,,
Kilgore,Jalon,SC,,2027,SS,,,,,,,,,,
Kirschke,Gabe,Wake,,2027,LE,,,,,,,,,,
Klare,Max,Bucks,,2027,TE,,,,,,,,,,
Klein,Marlin,Michigan,,2027,TE,,,,,,,,,,
Klopfenstein,Matthew,Baylor,,2027,TE,,,,,,,,,,
Knapp,Anthonie,Notre Dame,,2027,RG,,,,,,,,,,
Knighten,Amariyun,Indiana,,2027,CB,,,,,,,,,,
Knox,Isaiah,Troy,,2027,QB,,,,,,,,,,
Krogh,Kale,Iowa,,2027,LT,,,,,,,,,,
Lagway,DJ,Florida,,2027,QB,,,,,,,,,,
Laloulu,Iapani,Oregon,,2027,RG,,,,,,,,,,
Lane,Ja'Kobi,USC,,2027,WR,,,,,,,,,,
Lansing,Jimmy,SIU,,2027,LT,,,,,,,,,,
Lee,Cayden,Ole Miss,,2027,WR,,,,,,,,,,
Lee,Kayln,Auburn,,2027,CB,,,,,,,,,,
Lefau,Liona,Texas,,2027,ROLB,,,,,,,,,,
Lemon,Josh,Akron,,2027,RB,,,,,,,,,,
Lemon,Makai,USC,,2027,WR,,,,,,,,,,
Lenhardt,Cameron,Nebraska,,2027,RE,,,,,,,,,,
Lester III,Charles,FSU,,2027,CB,,,,,,,,,,
Letuli,Tano,SDSt.,,2027,MLB,,,,,,,,,,
Lew,Connor,Auburn,,2027,C,,,,,,,,,,
Lewis,Shelton,Clemson,,2027,CB,,,,,,,,,,
Lewis,Chapman,Texas Tech,,2027,FS,,,,,,,,,,
Liebler,Zach,Mount Union,UD,2027,MLB,,,,,,,,,,
Limar,Jayden,Oregon,,2027,RB,,,,,,,,,,
Link,Evan,Michigan,,2027,RT,,,,,,,,,,
Little II,Earl,FSU,,2027,CB,,,,,,,,,,
Livingston,Tony,Florida,,2027,TE,,,,,,,,,,
Livingston,Landen,WVU,,2027,C,,,,,,,,,,
Lucas,Hank,Wake,,2027,C,,,,,,,,,,
Luckie,Lawson,Georgia,,2027,TE,,,,,,,,,,
Lynch,Kadin,W&M,,2027,RG,,,,,,,,,,
Lyons,Grant,Miami (OH),,2027,LOLB,,,,,,,,,,
Mackenny,Ethan,G Tech,,2027,RG,,,,,,,,,,
Madden,C.J.,Purdue,,2027,RE,,,,,,,,,,
Manley,Brayden,G Tech,,2027,LE,,,,,,,,,,
Mann,Sam,Ohio,,2027,RB,,,,,,,,,,
Manning,Arch,Texas,,2027,QB,,,,,,,,,,
Marshall,Jordan,Michigan,,2027,RB,,,,,,,,,,
Marshall,Rico,Ohio,UD,2027,RG,,,,,,,,,,
Martin,L.J.,BYU,,2027,RB,,,,,,,,,,
Mateer,John,Oklahoma,,2027,QB,,,,,,,,,,
Matthews,Mike,Tennesee,,2027,WR,,,,,,,,,,
Mboumoua,Steve,Alabama,,2027,DT,,,,,,,,,,
McCole,Garrett,Tiffin,,2027,LG,,,,,,,,,,
McCoy,Jermond,Tennesee,,2027,CB,,,,,,,,,,
McCray,Deante,FSU,,2027,LE,,,,,,,,,,
McCray,LJ,Florida,,2027,RE,,,,,,,,,,
McGahee IV,Willis,Nebraska,,2027,ROLB,,,,,,,,,,
McKinley,Dominick,LSU,,2027,DT,,,,,,,,,,
McKinney,D.J.,Colorado,,2027,CB,,,,,,,,,,
McLaughlin,Alex,Washington,,2027,SS,,,,,,,,,,
McNally,Keanon,Old Dominion,,2027,RT,,,,,,,,,,
McPherson,Alex,Auburn,,2027,K,,,,,,,,,,
Mendoza,Fernando,Indiana,,2027,QB,,,,,,,,,,
Merriwether,Mason,Campbell,,2027,LG,,,,,,,,,,
Metcalf,TJ,Michigan,,2027,FS,,,,,,,,,,
Miller,Omarion,Colorado,,2027,WR,,,,,,,,,,
Miller,Christian,Georgia,,2027,DT,,,,,,,,,,
Mitchell,Tony,Miss St.,,2027,FS,,,,,,,,,,
Montgomery,Isaiah,Pitt,,2027,RG,,,,,,,,,,
Mooney,Ryan,Harvard,,2027,WR,,,,,,,,,,
Moore,Dante,Oregon,,2027,QB,,,,,,,,,,
Moore,T.J.,Clemson,,2027,WR,,,,,,,,,,
Moore,Brealin,LSU,,2027,C,,,,,,,,,,
Moore,Conner,Mich St.,,2027,RT,,,,,,,,,,
Moore,Leonard,Notre Dame,,2027,CB,,,,,,,,,,
Moore Jr.,DeAndre,Texas,,2027,WR,,,,,,,,,,
Morgan,Semaj,Michigan,,2027,WR,,,,,,,,,,
Morgan,Grayson,Vanderbilt,,2027,LG,,,,,,,,,,
Moss,Jalen,ASU,,2027,WR,,,,,,,,,,
Murdock,Red,Buffalo,,2027,MLB,,,,,,,,,,
Murphy,Maalik,OSU,,2027,QB,,,,,,,,,,
Nabou Jr.,Mark,TA&M,,2027,C,,,,,,,,,,
Nestor,Josh,Iowa,,2027,SS,,,,,,,,,,
Nichols,Addison,SMU,,2027,C,,,,,,,,,,
Noa,Alani,USC,,2027,LG,,,,,,,,,,
Nwaneri,Williams,Nebraska,,2027,LE,,,,,,,,,,
Oakley,Garrett,K St.,,2027,TE,,,,,,,,,,
Obidegwu,Ify,Oregon,,2027,CB,,,,,,,,,,
Okla,Joey,Wisconsin,,2027,RG,,,,,,,,,,
Omosigho,Samuel,Oklahoma,,2027,LOLB,,,,,,,,,,
Ortwerth,Zach,Iowa,,2027,TE,,,,,,,,,,
Owens,Rueben,TA&M,,2027,RB,,,,,,,,,,
Painter,Justin,Utah St.,,2027,C,,,,,,,,,,
Pale,Simione,Stanford,,2027,RG,,,,,,,,,,
Parachek,Brennan,Mich St.,,2027,TE,,,,,,,,,,
Parker II,Brian,Duke,,2027,LT,,,,,,,,,,
Patel,Jai,Rutgers,,2027,K,,,,,,,,,,
Patt-Henry,Olsen,Clemson,,2027,TE,,,,,,,,,,
Patterson,Kaleb,Illinois,,2027,CB,,,,,,,,,,
Peacock,Jaymir,San Jose CC,,2027,DT,,,,,,,,,,
Pendergrass,Dawson,Baylor,,2027,RB,,,,,,,,,,
Perich,Koi,Minn,,2027,FS,,,,,,,,,,
Perry,Zylan,UL Laf,,2027,RB,,,,,,,,,,
Pettaway,Jaquaize,ECU,,2027,WR,,,,,,,,,,
Phillips III,Mose,Missou,,2027,FS,,,,,,,,,,
Pierce,Trey,Michigan,,2027,DT,,,,,,,,,,
Pierce,LaMarion,Tenn-Martin,,2027,CB,,,,,,,,,,
Pimpton,Ka'Morreun,TCU,,2027,TE,,,,,,,,,,
Pollard,Myles,Memphis,,2027,CB,,,,,,,,,,
Pollock,Brice,Texas Tech,,2027,CB,,,,,,,,,,
Ponds,D'Angelo,Indiana,,2027,CB,,,,,,,,,,
Powers,Gabe,K St.,,2027,MLB,,,,,,,,,,
Price,Jadarian,Notre Dame,,2027,RB,,,,,,,,,,
Pulido,Raymond,Arizona,,2027,LG,,,,,,,,,,
Raiola,Dylan,Nebraska,,2027,QB,,,,,,,,,,
Rangel,Garret,OSU,,2027,RB,,,,,,,,,,
Raphael,Kendrick,NC,,2027,RB,,,,,,,,,,
Ratcliffe,Marcus,TA&M,,2027,SS,,,,,,,,,,
Ray,Traylon,Ole Miss,,2027,WR,,,,,,,,,,
Reddick,Masai,Tennesee,,2027,RG,,,,,,,,,,
Reynolds,Luke,Penn St.,,2027,TE,,,,,,,,,,
Rhambo,Edward,BGSU,,2027,CB,,,,,,,,,,
Rice,Zach,NC,,2027,LG,,,,,,,,,,
Richard,Michael,LA Tech,,2027,CB,,,,,,,,,,
Riley,Kevin,Alabama,,2027,RB,,,,,,,,,,
Ritchie,Nate,Utah,,2027,SS,,,,,,,,,,
Robinson,Kam,Virgina,,2027,MLB,,,,,,,,,,
Robinson IV,Ellis,Georgia,,2027,CB,,,,,,,,,,
Rogers,Kawika,Oregon,,2027,LG,,,,,,,,,,
Rogers,Bravion,TA&M,,2027,CB,,,,,,,,,,
Romaine,Austin,K St.,,2027,MLB,,,,,,,,,,
Ross,Kristopher,Nevada,,2027,LE,,,,,,,,,,
Ross,Jordan,Tennesee,,2027,ROLB,,,,,,,,,,
Roy Jr.,Andre,Maryland,,2027,LT,,,,,,,,,,
Rucker,Chance,Mich St.,,2027,CB,,,,,,,,,,
Rulli,Dominic,Penn St.,,2027,C,,,,,,,,,,
Rushing,Elijah,Oregon,,2027,LOLB,,,,,,,,,,
Russell,Donterry,Miss St.,,2027,ROLB,,,,,,,,,,
Saddler,Collin,Clemson,,2027,LT,,,,,,,,,,
Saka,Anto,NW,,2027,RE,,,,,,,,,,
Sama III,Abu,ISU,,2027,RB,,,,,,,,,,
Sampson,Howard,Texas Tech,,2027,LT,,,,,,,,,,
Sanford,Daymion,TA&M,,2027,LOLB,,,,,,,,,,
Sategna,Isaiah,Oklahoma,,2027,WR,,,,,,,,,,
Schmidt,Hall,Boise St.,,2027,RT,,,,,,,,,,
Schrauth,Billy,Notre Dame,,2027,LG,,,,,,,,,,
Scott,Jordan,FSU,,2027,WR,,,,,,,,,,
Scott,Jimmy,Pitt,,2027,LE,,,,,,,,,,
Scott,Justin,Miami,,2027,DT,,,,,,,,,,
Searcy,T.J.,TA&M,,2027,LE,,,,,,,,,,
Seaton,Jordan,Colorado,,2027,LT,,,,,,,,,,
Sewell,Harris,Clemson,,2027,C,,,,,,,,,,
Shelby,Braylan,USC,,2027,LE,,,,,,,,,,
Simien,Marcus,Fresno St.,,2027,LG,,,,,,,,,,
Simmons,Colin,Texas,,2027,LOLB,,,,,,,,,,
Simpson,Ty,Alabama,,2027,QB,,,,,,,,,,
Singletary,Jaheim,Arkansas,,2027,CB,,,,,,,,,,
Singleton Jr.,Eric,G Tech,,2027,WR,,,,,,,,,,
Smith,Jeremiah,Bucks,,2027,WR,,,,,,,,,,
Smith,Carter,Indiana,,2027,RT,,,,,,,,,,
Smith,James,Alabama,,2027,DT,,,,,,,,,,
Smith,Jaylen,Army,,2027,MLB,,,,,,,,,,
Smith,Dylan,OSU,,2027,CB,,,,,,,,,,
Smith,Xavier,UTEP,,2027,SS,,,,,,,,,,
Smith,Isaac,Miss St.,,2027,SS,,,,,,,,,,
Smith Jr.,Will,Bucks,,2027,LE,,,,,,,,,,
Sorsby,Brendan,Cincinnati,,2027,RB,,,,,,,,,,
Sowell,Chase,ISU,,2027,WR,,,,,,,,,,
Spence,Brad,Texas,,2027,MLB,,,,,,,,,,
Stamps,Ashton,LSU,,2027,CB,,,,,,,,,,
Stewart,Dylan,SC,,2027,RE,,,,,,,,,,
Stone,David,Oklahoma,,2027,DT,,,,,,,,,,
Story,Caden,Clemson,,2027,DT,,,,,,,,,,
Taggert,Harrison,BYU,,2027,MLB,,,,,,,,,,
Tanona,Joey,Purdue,,2027,RG,,,,,,,,,,
Tanuvasa,Keanu,BYU,,2027,DT,,,,,,,,,,
Tatum,Taylor,Oklahoma,,2027,RB,,,,,,,,,,
Taylor,Jake,Oklahoma,,2027,LT,,,,,,,,,,
Thomas,Jai'Den,UNLV,,2027,RB,,,,,,,,,,
Thomas,Amare,Houston,,2027,WR,,,,,,,,,,
Thomas,De'Marion,Vanderbilt,,2027,DT,,,,,,,,,,
Thompkins,Devan,USC,,2027,RE,,,,,,,,,,
Thompson,Josiah,SC,,2027,LT,,,,,,,,,,
Thompson,Jalen,Mich St.,,2027,RE,,,,,,,,,,
Thornton,Bryce,Florida,,2027,FS,,,,,,,,,,
Tillman,Zakari,Miss St.,,2027,MLB,,,,,,,,,,
Toviano,Javien,LSU,,2027,CB,,,,,,,,,,
Tracy,Zion,Penn St.,,2027,CB,,,,,,,,,,
Trader,Joshisa,Miami,,2027,WR,,,,,,,,,,
Tshabola,Tegra,Bucks,,2027,LG,,,,,,,,,,
Tucker,Tyrique,Indiana,,2027,DT,,,,,,,,,,
Turner,Devin,Baylor,,2027,SS,,,,,,,,,,
Tyson,Jordan,ASU,,2027,WR,,,,,,,,,,
Umanmielen,Princewill,Ole Miss,,2027,LOLB,,,,,,,,,,
Umeozulu,Neto,Texas,,2027,RG,,,,,,,,,,
Umeozulu,Desmond,SC,,2027,LOLB,,,,,,,,,,
Urlacher,Kennedy,USC,,2027,FS,,,,,,,,,,
Vanest,Zander,McNeese,,2027,P,,,,,,,,,,
Vasquez,Alex,Akron,,2027,WR,,,,,,,,,,
Veltkamp,Caden,FAU,,2027,RB,,,,,,,,,,
Villamu-Asa,Kyngstonn,Notre Dame,,2027,MLB,,,,,,,,,,
Virgin-Morgan,Jayden,Boise St.,,2027,LOLB,,,,,,,,,,
Wagner,Aamil,Notre Dame,,2027,RT,,,,,,,,,,
Wagoner,Jasiah,Cal,,2027,CB,,,,,,,,,,
Walker,Caleb,UCLA,,2027,LG,,,,,,,,,,
Walker,John,UCF,,2027,DT,,,,,,,,,,
Waller Jr.,DJ,Kentucky,,2027,CB,,,,,,,,,,
Ward,Tavin,USF,,2027,FS,,,,,,,,,,
Washington,A'Mauri,Oregon,,2027,DT,,,,,,,,,,
Washington,Nick,Troy,,2027,SS,,,,,,,,,,
Webb,Kentrell,Houston,,2027,FS,,,,,,,,,,
Weeks,Whit,LSU,,2027,MLB,,,,,,,,,,
Weigman,Connor,Houston,,2027,QB,,,,,,,,,,
Wesco Jr.,Bryant,Clemson,,2027,WR,,,,,,,,,,
White,Jahiem,WVU,,2027,RB,,,,,,,,,,
White,Jaylen,Notre Dame,,2027,LOLB,,,,,,,,,,
Wiggins,Quency,Colorado,,2027,RE,,,,,,,,,,
Wilde,Griffin,NW,,2027,WR,,,,,,,,,,
Williams,Ryan,Alabama,,2027,WR,,,,,,,,,,
Williams,Ayden,Miss. St.,,2027,WR,,,,,,,,,,
Williams,Antonio,Clemson,,2027,WR,,,,,,,,,,
Williams,Hykeem,FSU,,2027,WR,,,,,,,,,,
Williams,Riley,OSU,,2027,TE,,,,,,,,,,
Williams,PJ,SMU,,2027,LT,,,,,,,,,,
Williams,BJ,Pitt,,2027,LG,,,,,,,,,,
Williams,James,FSU,,2027,LE,,,,,,,,,,
Williams,Justin,Georgia,,2027,MLB,,,,,,,,,,
Williams,Jontez,ISU,,2027,CB,,,,,,,,,,
Williams,Palmer,Baylor,,2027,P,,,,,,,,,,
Williams Jr.,Derek,Texas,,2027,SS,,,,,,,,,,
Willich,Carson,ISU,,2027,LOLB,,,,,,,,,,
Wilson,Sheridan,Texas Tech,,2027,C,,,,,,,,,,
Wilson,Trey,SMU,,2027,RE,,,,,,,,,,
Wilson,Raylen,Georgia,,2027,ROLB,,,,,,,,,,
Wingo,Ryan,Texas,,2027,WR,,,,,,,,,,
Wisner,Quintrevion,Texas,,2027,RB,,,,,,,,,,
Woodring,Peyton,Georgia,,2027,K,,,,,,,,,,
Woodson,Caleb,V Tech,,2027,LOLB,,,,,,,,,,
Woodyard,Peyton,Oregon,,2027,FS,,,,,,,,,,
Wright,T.K.,Temple,,2027,MLB,,,,,,,,,,
Wright,Collin,Stanford,,2027,CB,,,,,,,,,,
Wright Jr.,Mike,YSU,UD,2027,DT,,,,,,,,,,
Wynn,Tymir,Colgate,,2027,CB,,,,,,,,,,
Yates,Jaden,Ole Miss,,2027,MLB,,,,,,,,,,
York,Taurean,TA&M,,2027,MLB,,,,,,,,,,
Zunk,Linus,Vanderbilt,,2027,RE,,,,,,,,,,
Underwood,Bryce,Michigan,,2028,QB,,,,,,,,,,
Sayin,Julian,Bucks,,2028,QB,,,,,,,,,,
Russell,Keelon,Alabama,,2028,QB,,,,,,,,,,
Sellers,LaNorris,SC,,2028,QB,,,,,,,,,,
Holstein,Eli,Pitt,,2028,QB,,,,,,,,,,
Leavitt,Sam,ASU,,2028,QB,,,,,,,,,,
Carr,C.J.,Notre Dame,,2028,QB,,,,,,,,,,
Hayes,Leon,Texas St.,UD,2028,QB,,,,,,,,,,
Kromenhoek,Luke,Miss St.,,2028,QB,,,,,,,,,,
Novosad,Austin,Oregon,,2028,QB,,,,,,,,,,
Knauer,Brian,TCU,UD,2028,QB,,,,,,,,,,
Baker,Jordan,UCLA,UD,2028,QB,,,,,,,,,,
Longwell,Drew,Kent,UD,2028,QB,,,,,,,,,,
Nelson,Malachi,UTEP,,2028,QB,,,,,,,,,,
VanVleet,Drew,Dayton,,2028,QB,,,,,,,,,,
Maddox,Austin,Miami (OH),UD,2028,QB,,,,,,,,,,
Miller,Luca,Akron,UD,2028,QB,,,,,,,,,,
Harbor,Lance,FSU,UD,2028,QB,,,,,,,,,,
Falco,Shane,Bucks,UD,2028,QB,,,,,,,,,,
Vizzina,Christopher,Clemson,,2028,QB,,,,,,,,,,
Crewe,Paul,FSU,UD,2028,QB,,,,,,,,,,
Beaman,Willie,Houston,UD,2028,QB,,,,,,,,,,
Williams Jr.,Demond,Washington,,2028,QB,,,,,,,,,,
Bullock,Evan,LA Tech,,2028,QB,,,,,,,,,,
Blake,Paul,N. Texas,UD,2028,QB,,,,,,,,,,
Callahan,Bo,Wisconsin,UD,2028,QB,,,,,,,,,,
Moxon,Johnny,Brown,UD,2028,QB,,,,,,,,,,
Rooney,Cap,Miami,UD,2028,QB,,,,,,,,,,
Bass,Sunshine,SC,UD,2028,QB,,,,,,,,,,
Street,Jason,Notre Dame,UD,2028,QB,,,,,,,,,,
Berry,Harlem,LSU,,2028,RB,,,,,,,,,,
Hadry,Ahmad,Missou,,2028,RB,,,,,,,,,,
Davidson,Gideon,Clemson,,2028,RB,,,,,,,,,,
Jefferson,Darnell,ESU,UD,2028,RB,,,,,,,,,,
Williams,Smash,TA&M,UD,2028,RB,,,,,,,,,,
Martin Jr.,Quinton,Penn St.,,2028,RB,,,,,,,,,,
Meggett,Earl,TCU,UD,2028,RB,,,,,,,,,,
Simon,James,Texas,,2028,RB,,,,,,,,,,
Lewis,Peyton,Tennesee,,2028,RB,,,,,,,,,,
Kromah,Qusmane,FSU,,2028,RB,,,,,,,,,,
Lyle,Jordan,Miami,,2028,RB,,,,,,,,,,
Lacy,Kewan,Ole Miss,,2028,RB,,,,,,,,,,
Owens,Savior,Cincinnati,UD,2028,RB,,,,,,,,,,
Russell,Braylen,Arkansas,,2028,RB,,,,,,,,,,
Jackson,Syncere,Tiffin,UD,2028,RB,,,,,,,,,,
Williams,Aneyas,Notre Dame,,2028,RB,,,,,,,,,,
Bowens,Chauncey,Georgia,,2028,RB,,,,,,,,,,
Bishop,DeSean,Tennesee,,2028,RB,,,,,,,,,,
Johnson Jr.,Chris,SMU,,2028,RB,,,,,,,,,,
Hill,Nino,Buffalo,UD,2028,RB,,,,,,,,,,
Washington,Julian,G Tech,UD,2028,RB,,,,,,,,,,
Miles,Boobie,N. Texas,UD,2028,RB,,,,,,,,,,
Cabana,Cole,Michigan,,2028,RB,,,,,,,,,,
Scarborough,Nate,Oklahoma,UD,2028,RB,,,,,,,,,,
Brown,Wendell,Texas,UD,2028,RB,,,,,,,,,,
Smothers,Hollywood,NCSt.,,2028,RB,,,,,,,,,,
Harris,Demetrius,Colorado,UD,2028,RB,,,,,,,,,,
Basham,Carson,Walsh,UD,2028,RB,,,,,,,,,,
Shilo,Craig,Buffalo State,UD,2028,RB,,,,,,,,,,
Weathers,Willie,TCU,UD,2028,RB,,,,,,,,,,
Taylor,Leon,USC,UD,2028,RB,,,,,,,,,,
Palita,Junior,SMU,UD,2028,RB,,,,,,,,,,
McBurney,Emeric,Purdue,UD,2028,RB,,,,,,,,,,
Bundy,Al,WIU,UD,2028,FB,,,,,,,,,,
Giaquinta,Ty,Liberty,UD,2028,FB,,,,,,,,,,
Gump,Forrest,Alabama,UD,2028,FB,,,,,,,,,,
Riggans,Tim,TSU,UD,2028,FB,,,,,,,,,,
Turley,Khali,Fresno St.,UD,2028,FB,,,,,,,,,,
Moore,Dakorien,Oregon,,2028,WR,,,,,,,,,,
Cunningham,Caleb,Ole Miss,,2028,WR,,,,,,,,,,
Graham,Mylan,Bucks,,2028,WR,,,,,,,,,,
Myles,Jerome,TA&M,,2028,WR,,,,,,,,,,
Thompson,Perry,Auburn,,2028,WR,,,,,,,,,,
Bennett Jr.,Mazeo,SC,,2028,WR,,,,,,,,,,
Odom,Caleb,Ole Miss,,2028,WR,,,,,,,,,,
Porter,Quincy,Bucks,,2028,WR,,,,,,,,,,
Bussey,Terry,TA&M,,2028,WR,,,,,,,,,,
Marsh,Nick,Mich St.,,2028,WR,,,,,,,,,,
Williams,Cam,Notre Dame,,2028,WR,,,,,,,,,,
Gates Jr.,Antonio,Mich State,,2028,WR,,,,,,,,,,
Shelton,Terry,TCU,,2028,WR,,,,,,,,,,
Parker,Kyle,LSU,,2028,WR,,,,,,,,,,
Moss,Deacon,Tulsa,UD,2028,WR,,,,,,,,,,
Henry,Keonde,Memphis,,2028,WR,,,,,,,,,,
Sanderson,Jimmy,Miami,UD,2028,WR,,,,,,,,,,
Kearney,Zion,Oklahoma,,2028,WR,,,,,,,,,,
Meadows,Derek,Alabama,,2028,WR,,,,,,,,,,
Brown,Jalen,FSU,,2028,WR,,,,,,,,,,
McClellan,Jeremiah,Oregon,,2028,WR,,,,,,,,,,
Porter,Shamar,UConn,,2028,WR,,,,,,,,,,
Cozart,Ashton,SMU,,2028,WR,,,,,,,,,,
Tidwell,Rod,ASU,UD,2028,WR,,,,,,,,,,
McNeil,Cynceir,BGSU,,2028,WR,,,,,,,,,,
Hamper,Mark,Wisconsin,,2028,WR,,,,,,,,,,
Haynes,Zeed,Syracuse,,2028,WR,,,,,,,,,,
Rogers,Noah,NCSt.,,2028,WR,,,,,,,,,,
Hamilton,Christian,NC,,2028,WR,,,,,,,,,,
Johnson,Noble,ASU,,2028,WR,,,,,,,,,,
Mizell,Aidan,Florida,,2028,WR,,,,,,,,,,
Jennings,Jaycen,Tennesee,UD,2028,WR,,,,,,,,,,
Sampson Jr.,Shelton,UL Laf,,2028,WR,,,,,,,,,,
Baez,Fabian,W. Illinois,,2028,WR,,,,,,,,,,
Adams,Keylen,V Tech,,2028,WR,,,,,,,,,,
Becker,Charlie,Indiana,,2028,WR,,,,,,,,,,
Rodgers,Bryson,Bucks,,2028,WR,,,,,,,,,,
Jacobs,Vandrevius,SC,,2028,WR,,,,,,,,,,
James,Spencer,UCLA,UD,2028,WR,,,,,,,,,,
Tweeter,Charlie,WTA&M,UD,2028,WR,,,,,,,,,,
Franklin,Clifford,Wagner,UD,2028,WR,,,,,,,,,,
Vaughn,Cam,WVU,,2028,WR,,,,,,,,,,
Kam,Shanks,Arkansas,,2028,WR,,,,,,,,,,
VanderZee,Reece,Iowa,,2028,WR,,,,,,,,,,
Bates,Kenny,UL Monroe,UD,2028,WR,,,,,,,,,,
Covey IV,Frank,NW,,2028,WR,,,,,,,,,,
Adams,Asher,UC Irvine,UD,2028,WR,,,,,,,,,,
Walker,Kyson,Heidelburg,UD,2028,WR,,,,,,,,,,
Williams,Elyiss,Georgia,,2028,TE,,,,,,,,,,
Cure,Linkon,Kansas State,,2028,TE,,,,,,,,,,
Green,Trey'Dez,LSU,,2028,TE,,,,,,,,,,
Johnson,Jamari,Oregon,,2028,TE,,,,,,,,,,
Prieskorn,Brady,Michigan,,2028,TE,,,,,,,,,,
Nelson,Carter,Nebraska,,2028,TE,,,,,,,,,,
Lofton,Elijah,Miami,,2028,TE,,,,,,,,,,
Davis,Ethan,Tennesee,,2028,TE,,,,,,,,,,
Thomas,Landen,FSU,,2028,TE,,,,,,,,,,
Lockwood,Ty,BC,,2028,TE,,,,,,,,,,
Jacobsen,Drake,Ashland,UD,2028,TE,,,,,,,,,,
Echols,Jonathan,USF,,2028,TE,,,,,,,,,,
Swanson,Ryner,BYU,,2028,TE,,,,,,,,,,
Rappleyea,Andrew,Penn St.,,2028,TE,,,,,,,,,,
Platt,Jaden,Arkansas,,2028,TE,,,,,,,,,,
Easter,Shamar,Arkansas,,2028,TE,,,,,,,,,,
Eddy,Cheeseburger,Texas Southern,UD,2028,TE,,,,,,,,,,
WIlliams,Mason,Ohio,,2028,TE,,,,,,,,,,
Schlaffer,Joey,Penn St.,,2028,TE,,,,,,,,,,
Toles,Nemo,Bucks,UD,2028,TE,,,,,,,,,,
Hoffman,Gavin,Iowa,,2028,TE,,,,,,,,,,
Conner,Jayvontay,ECU,,2028,TE,,,,,,,,,,
Tonielli,Deakon,Michigan,,2028,TE,,,,,,,,,,
Hamm,Jaden,Kansas,,2028,TE,,,,,,,,,,
Bowers,Jackson,OSU,,2028,TE,,,,,,,,,,
West,Sam,Indiana,,2028,TE,,,,,,,,,,
Marshall,Ben,Cal,,2028,TE,,,,,,,,,,
Riordan,Tripp,SMU,,2028,TE,,,,,,,,,,
Jacobsen,C.J.,Utah,,2028,TE,,,,,,,,,,
Sanders Jr.,David,Tenn,,2028,LT,,,,,,,,,,
Absher,Sullivan,Notre Dame,,2028,LT,,,,,,,,,,
Petty,Josh,G Tech,,2028,LT,,,,,,,,,,
Babalola,Andrew,Michigan,,2028,LT,,,,,,,,,,
Paige,Elijah,USC,,2028,LT,,,,,,,,,,
Morrow,Nick,Cal,,2028,LT,,,,,,,,,,
Daniels,Phillip,Bucks,,2028,LT,,,,,,,,,,
Hanna,Andrew,Buffalo,UD,2028,LT,,,,,,,,,,
Onoh,Chimdy,Penn St.,,2028,LT,,,,,,,,,,
Lauck,Trevor,Iowa,,2028,LT,,,,,,,,,,
McVay,Miles,NC,,2028,LT,,,,,,,,,,
Hughley,Bo,Georgia,,2028,LT,,,,,,,,,,
Simmons,Lucas,FSU,,2028,LT,,,,,,,,,,
Calhoun,Daniel,Georgia,,2028,LG,,,,,,,,,,
Reichert,Logan,Missou,,2028,LG,,,,,,,,,,
Ghannam,Layth,V Tech,,2028,LG,,,,,,,,,,
Efobi,Nathan,Michigan,,2028,LG,,,,,,,,,,
Umarov,Shamurad,Tennesee,,2028,LG,,,,,,,,,,
Madlock,Donald,Tulane,UD,2028,LG,,,,,,,,,,
Wilson,Gernorris,Oregon,,2028,LG,,,,,,,,,,
Birchmeier,Alex,Penn St.,,2028,LG,,,,,,,,,,
Herring,Amir,Kansas,,2028,LG,,,,,,,,,,
Garcia,Isaiah,Utah,,2028,LG,,,,,,,,,,
Banuelos,Micah,USC,,2028,LG,,,,,,,,,,
Kennedy,Ja'Marion,LA Tech,,2028,LG,,,,,,,,,,
Jackson,Jamal,Washington,UD,2028,LG,,,,,,,,,,
Kelly,Madman,Troy,UD,2028,LG,,,,,,,,,,
Holmes,Caleb,Pitt,,2028,LG,,,,,,,,,,
Finau,Paki,Washington,,2028,C,,,,,,,,,,
Mercer,Tyler,Kansas,,2028,C,,,,,,,,,,
Poe,Casey,Alabama,,2028,C,,,,,,,,,,
Padilla,Joshua,Bucks,,2028,C,,,,,,,,,,
Dellinger,Cole,Mich St.,,2028,C,,,,,,,,,,
Cleveland,Cash,Colorado,,2028,C,,,,,,,,,,
Cousins,Cooper,Penn St.,,2028,C,,,,,,,,,,
Norton,Brady,Michigan,,2028,C,,,,,,,,,,
Zandamela,Jason,Florida,,2028,C,,,,,,,,,,
Stone,John,Rutgers,,2028,C,,,,,,,,,,
Fattig,Nick,Texas Tech,,2028,C,,,,,,,,,,
Otting,Joey,Notre Dame,,2028,C,,,,,,,,,,
Chester,DJ,LSU,,2028,C,,,,,,,,,,
Sanders,Brycen,Ole Miss,,2028,C,,,,,,,,,,
Bates,Joshua,SMU,,2028,C,,,,,,,,,,
Mack,Mekhi,ND College,UD,2028,C,,,,,,,,,,
Siereveld,Austin,Bucks,,2028,RG,,,,,,,,,,
Thomas,Soloman,LSU,,2028,RG,,,,,,,,,,
Thurmon,Elyjah,Clemson,,2028,RG,,,,,,,,,,
Carter,DeAndre,Auburn,,2028,RG,,,,,,,,,,
Uni,Michael,Georgia,,2028,RG,,,,,,,,,,
Anderson,Markee,SC,,2028,RG,,,,,,,,,,
Pendleton,Sam,Tennesee,,2028,RG,,,,,,,,,,
Alinen,Olanus,Alabama,,2028,RG,,,,,,,,,,
Chatman,Jaydon,Texas,,2028,RG,,,,,,,,,,
Sanker,Madden,Louisville,,2028,RG,,,,,,,,,,
Geis,Micha,Ashland,UD,2028,RG,,,,,,,,,,
Walker,Tamarus,Maryland,,2028,RG,,,,,,,,,,
Shanahan,TJ,Penn St.,,2028,RG,,,,,,,,,,
Young,Cooper,WVU,,2028,RG,,,,,,,,,,
Jackson,Andre,Washington,UD,2028,RG,,,,,,,,,,
Anderson,Max,Tennesee,,2028,RG,,,,,,,,,,
Bob,Billy,WTA&M,UD,2028,RG,,,,,,,,,,
Okunlola,Samson,Miami,,2028,RT,,,,,,,,,,
Warren,Bennett,Tennesee,,2028,RT,,,,,,,,,,
Heywood,Kevin,Wisconsin,,2028,RT,,,,,,,,,,
Lambert,Guerby,Notre Dame,,2028,RT,,,,,,,,,,
Formby,Wilkin,Alabama,,2028,RT,,,,,,,,,,
Sprague,Andrew,Michigan,,2028,RT,,,,,,,,,,
Donkoh,Anthony,Penn St.,,2028,RT,,,,,,,,,,
James,Buffalo,OSU,UD,2028,RT,,,,,,,,,,
Lastik,Louie,Furman,UD,2028,RT,,,,,,,,,,
Goosby,Trevor,Texas,,2028,RT,,,,,,,,,,
Thomasson,Colton,Baylor,,2028,RT,,,,,,,,,,
Fumiko,Jumbo,No College,UD,2028,RT,,,,,,,,,,
Blakley,Robert,Ohio,UD,2028,RT,,,,,,,,,,
Kaminski,Bud-Lite,SC,UD,2028,RT,,,,,,,,,,
Gibson,Isaiah,Georgia,,2028,LE,,,,,,,,,,
Jackson,Lance,Texas,,2028,LE,,,,,,,,,,
Brown,Jaylen,SC,,2028,LE,,,,,,,,,,
Vasek,Colton,Texas,,2028,LE,,,,,,,,,,
Porter,Ashton,Oregon,,2028,LE,,,,,,,,,,
Vernon,Brenan,Notre Dame,,2028,LE,,,,,,,,,,
Kissayi,Adam,Minn,,2028,LE,,,,,,,,,,
Edwards,Chase,UL Laf,,2028,LE,,,,,,,,,,
Keeley,Keon,Alabama,,2028,LE,,,,,,,,,,
Bynum,Anthony,M. Tenn St.,,2028,LE,,,,,,,,,,
Allen,Jordan,K State,,2028,LE,,,,,,,,,,
Canady,BJ,Cal,,2028,LE,,,,,,,,,,
Switowski,Bob,FAU,UD,2028,LE,,,,,,,,,,
Scott,Dom,Notre Dame,UD,2028,LE,,,,,,,,,,
Howard,Kelze,OSU,,2028,LE,,,,,,,,,,
Renaud,Jordan,Alabama,,2028,LE,,,,,,,,,,
Campbell,Julius,Furman,UD,2028,LE,,,,,,,,,,
Keith,Zachariah,WVU,,2028,LE,,,,,,,,,,
Merrieweather,Kenneth,Iowa,,2028,LE,,,,,,,,,,
Kyler,Jenkins,Tiffin,UD,2028,LE,,,,,,,,,,
Griffin,Elijah,Georgia,,2028,DT,,,,,,,,,,
Stewart,Jahkeem,USC,,2028,DT,,,,,,,,,,
Johnson,Jericho,Oregon,,2028,DT,,,,,,,,,,
Autry,Malik,Auburn,,2028,DT,,,,,,,,,,
Blocton,Malik,Auburn,,2028,DT,,,,,,,,,,
Echoles,William,Ole Miss,,2028,DT,,,,,,,,,,
Sanders,D.J.,TA&M,,2028,DT,,,,,,,,,,
Moore,Jason,Bucks,,2028,DT,,,,,,,,,,
Epenesa,Iose,Iowa,,2028,DT,,,,,,,,,,
Mitchell,Sydir,LSU,,2028,DT,,,,,,,,,,
Jonah-Ajonye,Joseph,Georgia,,2028,DT,,,,,,,,,,
Adams,Amare,Clemson,,2028,DT,,,,,,,,,,
Rainwater,Billy,PVA&M,UD,2028,DT,,,,,,,,,,
Burley,Vic,Clemson,,2028,DT,,,,,,,,,,
Foster,Braylan,Miami (OH),UD,2028,DT,,,,,,,,,,
Gardner,Dior,BGSU,UD,2028,DT,,,,,,,,,,
Houstan,Devan,Notre Dame,,2028,DT,,,,,,,,,,
Battaglio,Joey,TCU,UD,2028,DT,,,,,,,,,,
Etta,Enow,Michigan,,2028,DT,,,,,,,,,,
Gilbert,Kendrick,Kentucky,,2028,DT,,,,,,,,,,
Robinson,D'Antre,Florida,,2028,DT,,,,,,,,,,
Gardner,My'Kell,ASU,,2028,DT,,,,,,,,,,
Faga,Isaia,Alabama,,2028,DT,,,,,,,,,,
Horton,Josh,Miami,,2028,DT,,,,,,,,,,
Jones,Shymeik,G Tech,,2028,DT,,,,,,,,,,
Rigsby,Braylon,Texas Tech,,2028,DT,,,,,,,,,,
Osborne,Hunter,Virgina,,2028,DT,,,,,,,,,,
Herold,Blake,Kansas,,2028,DT,,,,,,,,,,
Carter,Avion,TCU,,2028,DT,,,,,,,,,,
Young,Bryce,Notre Dame,,2028,RE,,,,,,,,,,
Smith II,Nigel,Oklahoma,,2028,RE,,,,,,,,,,
Lowe,Hayden,Miami,,2028,RE,,,,,,,,,,
Marshall,Nathaniel,Michigan,,2028,RE,,,,,,,,,,
WIlliams,Amaris,Auburn,,2028,RE,,,,,,,,,,
Engleheart,Kevin,Tex S.,UD,2028,RE,,,,,,,,,,
Mayo,Darien,Clemson,,2028,RE,,,,,,,,,,
Krimm,Andre,N. Texas,UD,2028,RE,,,,,,,,,,
Umeh,Benedict,Stanford,,2028,RE,,,,,,,,,,
Avery,Neeo,Maryland,,2028,RE,,,,,,,,,,
Weathersby,Tyree,Tennesee,,2028,RE,,,,,,,,,,
Kilbane,Michael,NW,,2028,RE,,,,,,,,,,
Gracio,Maverick,Pitt,,2028,RE,,,,,,,,,,
Green,Adonijah,Louisville,,2028,RE,,,,,,,,,,
Carlson,Drake,Purdue,,2028,RE,,,,,,,,,,
Davis,Raji,Austin Peay,UD,2028,RE,,,,,,,,,,
Shanks,Xavier,Kentucky,UD,2028,RE,,,,,,,,,,
Chapman,Zachary,TCU,,2028,RE,,,,,,,,,,
Farrell,Pat,Illinois,,2028,RE,,,,,,,,,,
Mears,Bobby,Penn St.,,2028,RE,,,,,,,,,,
Merritt,Dawson,Nebraska,,2028,LOLB,,,,,,,,,,
Riddick,Demarcus,Auburn,,2028,LOLB,,,,,,,,,,
Russaw,Qua,Alabama,,2028,LOLB,,,,,,,,,,
Gullette,Derion,Miss St.,,2028,LOLB,,,,,,,,,,
Sullivan,Cole,Michigan,,2028,LOLB,,,,,,,,,,
Chambliss,Owen,SDSt.,,2028,LOLB,,,,,,,,,,
Berglund,Winston,Purdue,,2028,LOLB,,,,,,,,,,
Brezina,Cael,ISU,,2028,LOLB,,,,,,,,,,
Mayer,Jordan,Penn St.,,2028,LOLB,,,,,,,,,,
Crawford,Isaiah,Texas Tech,,2028,LOLB,,,,,,,,,,
Ausberry,Jaiden,Notre Dame,,2028,LOLB,,,,,,,,,,
Omopariola,David,Syracuse,,2028,LOLB,,,,,,,,,,
Akana,Tausili,BYU,,2028,LOLB,,,,,,,,,,
Matthews-Canty,Michael,Hampton,,2028,LOLB,,,,,,,,,,
Brownfeild,Ben,NIU,UD,2028,LOLB,,,,,,,,,,
Levay,Luther,Miami,UD,2028,LOLB,,,,,,,,,,
Mack,Alvin,SC,,2028,LOLB,,,,,,,,,,
Walker,Zayden,Georgia,,2028,MLB,,,,,,,,,,
Reese,Arvell,Bucks,,2028,MLB,,,,,,,,,,
Cole,Chris,Georgia,,2028,MLB,,,,,,,,,,
Graham,Myles,Florida,,2028,MLB,,,,,,,,,,
Trotter,Josiah,Missou,,2028,MLB,,,,,,,,,,
Ross,Charles,LSU,,2028,MLB,,,,,,,,,,
Coleman,Simeon,Cincinnati,,2028,MLB,,,,,,,,,,
Winner-Johnson,Dallas,Tulane,,2028,MLB,,,,,,,,,,
Sua,Leviticus,Arizona,,2028,MLB,,,,,,,,,,
Arrington Jr.,LaVar,Penn St.,,2028,MLB,,,,,,,,,,
Jones,Kris,Georgia,,2028,MLB,,,,,,,,,,
Faraimo,Madden,Notre Dame,,2028,MLB,,,,,,,,,,
Platt,Brayden,Oregon,,2028,MLB,,,,,,,,,,
Barber,D.J.,Auburn,,2028,MLB,,,,,,,,,,
Chisom,Isaiah,UCLA,,2028,MLB,,,,,,,,,,
Castle,Thad,Buffalo St.,UD,2028,MLB,,,,,,,,,,
Boucher,Bobby,UL Monroe,UD,2028,MLB,,,,,,,,,,
Gilmore Jr.,Mykel,Morehouse,UD,2028,MLB,,,,,,,,,,
Newsom,Asa,K State,,2028,MLB,,,,,,,,,,
Johnson,Kendall,Duke,,2028,MLB,,,,,,,,,,
Bateman,Danny,Utah,UD,2028,MLB,,,,,,,,,,
Davis,Owen,Purdue,,2028,MLB,,,,,,,,,,
Olczyk,Eric,Penn St.,UD,2028,MLB,,,,,,,,,,
LaValle,Caleb,FSU,,2028,MLB,,,,,,,,,,
Mack,Vontae,Bucks,,2028,MLB,,,,,,,,,,
Dazey,Preston,Ohio,UD,2028,MLB,,,,,,,,,,
Geckler,Marshall,Purdue,UD,2028,MLB,,,,,,,,,,
Lightfoot,Marquise,Miami,,2028,ROLB,,,,,,,,,,
Lockhart,Jordan,TA&M,,2028,ROLB,,,,,,,,,,
McClellan,Dante,Missou,UD,2028,ROLB,,,,,,,,,,
Robinson,Ta'Mere,Penn St.,,2028,ROLB,,,,,,,,,,
Alessandro,Roman,SIU,UD,2028,ROLB,,,,,,,,,,
Duhon,Kyran,OSU,,2028,ROLB,,,,,,,,,,
Pierce,Payton,Bucks,,2028,ROLB,,,,,,,,,,
Gregory,Wendell,SC,,2028,ROLB,,,,,,,,,,
Pierre,Yhonzaae,Alabama,,2028,ROLB,,,,,,,,,,
Burrell,S'Maje,N Texas,,2028,ROLB,,,,,,,,,,
Flowers,Keyshawn,Maryland,,2028,ROLB,,,,,,,,,,
Lambert,Bill,Texas,UD,2028,ROLB,,,,,,,,,,
Mattingly,Sam,Stanford,,2028,ROLB,,,,,,,,,,
Jobe,Bai,Kansas,,2028,ROLB,,,,,,,,,,
Bertier,Gerry,Virgina,UD,2028,ROLB,,,,,,,,,,
Mascoe,Bo,Rutgers,,2028,ROLB,,,,,,,,,,
Hewlett,Jason,Michigan,,2028,ROLB,,,,,,,,,,
Lattimer,Steve,SC,UD,2028,ROLB,,,,,,,,,,
Daniels,Cam,Ohio Dom,UD,2028,ROLB,,,,,,,,,,
Sanchez,Devin,Ohio State,,2028,CB,,,,,,,,,,
Lee,Dijon,Alabama,,2028,CB,,,,,,,,,,
Karnley,Emmanuel,Miami,,2028,CB,,,,,,,,,,
Offord,Na'eem,Oregon,,2028,CB,,,,,,,,,,
Bowen,Eli,Oklahoma,,2028,CB,,,,,,,,,,
Jones,Demello,Georgia,,2028,CB,,,,,,,,,,
Mbakwe,Jaylen,Alabama,,2028,CB,,,,,,,,,,
Gipson,Corian,Clemson,,2028,CB,,,,,,,,,,
Pickett,D.J.,LSU,,2028,CB,,,,,,,,,,
Lucas,Xavier,Miami,,2028,CB,,,,,,,,,,
Mincey,Zavier,Alabama,,2028,CB,,,,,,,,,,
Owens,Kelvin,TA&M,UD,2028,CB,,,,,,,,,,
Earls,Shamari,Michigan,,2028,CB,,,,,,,,,,
Phillips,Kade,Texas,,2028,CB,,,,,,,,,,
Hill,Jyaire,Michigan,,2028,CB,,,,,,,,,,
Beasley,Kaleb,Tennesee,,2028,CB,,,,,,,,,,
Ricks,Dezz,TA&M,,2028,CB,,,,,,,,,,
Jones,Steven,Murray St.,,2028,CB,,,,,,,,,,
Evans,Ondre,Georgia,,2028,CB,,,,,,,,,,
Robertson,Jayden,S. Utah,,2028,CB,,,,,,,,,,
Toney,Jordan,E. Mich,,2028,CB,,,,,,,,,,
Condoll,Kyren,Duke,,2028,CB,,,,,,,,,,
McCartherens,Charles,Buffalo,,2028,CB,,,,,,,,,,
Edmond,Jo'Ziah,Michigan,,2028,CB,,,,,,,,,,
Corner,Nas,Akron,UD,2028,CB,,,,,,,,,,
Austin,Daylen,Oregon,,2028,CB,,,,,,,,,,
O'Connor,Jay,Auburn,,2028,CB,,,,,,,,,,
Bryan,Za'Bryan,Minn,,2028,CB,,,,,,,,,,
Djordjevic,Stefen,Cal POLY,UD,2028,CB,,,,,,,,,,
Hurley,Jahlil,Kansas,,2028,CB,,,,,,,,,,
Calhoun,Cameron,Alabama,,2028,CB,,,,,,,,,,
Barnes,Tayden,Cincinnati,,2028,CB,,,,,,,,,,
Moss,MarJayious,Memphis,,2028,CB,,,,,,,,,,
Crawford,Maliki,USC,,2028,CB,,,,,,,,,,
Collins,Isaiah,Texas Tech,,2028,CB,,,,,,,,,,
Thornton Jr.,LeVar,Baylor,,2028,CB,,,,,,,,,,
Jean,Christopher,C. Conn St.,,2028,CB,,,,,,,,,,
Snowden,Amare,Toledo,,2028,CB,,,,,,,,,,
WIlliams,Aaron,UCLA,,2028,CB,,,,,,,,,,
McElroy,Jordan,Finlay,UD,2028,CB,,,,,,,,,,
Jones,Kelly,Miss St.,,2028,CB,,,,,,,,,,
Taylor,Ivan,Alabama,,2028,FS,,,,,,,,,,
Ganter Jr.,Derek,E. Washington,,2028,FS,,,,,,,,,,
Flowers,Aaron,Oregon,,2028,FS,,,,,,,,,,
Filsaime,Xavier,Texas,,2028,FS,,,,,,,,,,
Greco,Trajen,Missou,,2028,FS,,,,,,,,,,
Jackson,Kylin,TCU,,2028,FS,,,,,,,,,,
Hawkins,Cedrick,UCF,,2028,FS,,,,,,,,,,
Walker,DJ,Ohio,,2028,FS,,,,,,,,,,
Waters,Peyton,Washington,,2028,FS,,,,,,,,,,
Poyser,Zechariah,Miami,,2028,FS,,,,,,,,,,
Patterson,Jaiden,NC,,2028,FS,,,,,,,,,,
Yharbrough,Mychal,Miami (OH),,2028,FS,,,,,,,,,,
Payne Jr.,Lamont,Penn St.,,2028,FS,,,,,,,,,,
Davis,Carter,BC,,2028,FS,,,,,,,,,,
Chapa,Cam,N. Colorado,,2028,FS,,,,,,,,,,
Myers,Zack,NCSt.,,2028,FS,,,,,,,,,,
Billings,Rob,Clemson,,2028,FS,,,,,,,,,,
Holmes,Vincent,Washington,,2028,FS,,,,,,,,,,
Tongue,Rushaun,Wake,,2028,FS,,,,,,,,,,
Griffin III,Leon,Duke,,2028,FS,,,,,,,,,,
Davis,Taylor,Kansas,,2028,FS,,,,,,,,,,
Williams,Jonah,Texas,,2028,SS,,,,,,,,,,
Black,Kobe,Texas,,2028,SS,,,,,,,,,,
Ziglar,Malcolm,NC,,2028,SS,,,,,,,,,,
Jones,Ricardo,Clemson,,2028,SS,,,,,,,,,,
Patterson,Zaquan,Miami,,2028,SS,,,,,,,,,,
Heard,CJ,Vanderbilt,,2028,SS,,,,,,,,,,
Spears,Dashawn,LSU,,2028,SS,,,,,,,,,,
Byard,Tawfiq,Colorado,,2028,SS,,,,,,,,,,
Wilson,J.J.,Kent,UD,2028,SS,,,,,,,,,,
Pinkney,Bri'Rell,Bucks,UD,2028,SS,,,,,,,,,,
Banner,Santana,Missou,,2028,SS,,,,,,,,,,
Wilkinson,Sargie,Army,UD,2028,SS,,,,,,,,,,
Minich,Ben,Notre Dame,,2028,SS,,,,,,,,,,
Fagan,Daemon,NCSt.,,2028,SS,,,,,,,,,,
Smith,Slyvester,Auburn,,2028,SS,,,,,,,,,,
Bonsu,Jayden,Pitt,,2028,SS,,,,,,,,,,
Rhett,Justyn,Nebraska,,2028,SS,,,,,,,,,,
Nelson,DaKaari,Penn St.,,2028,SS,,,,,,,,,,
Walters,Damon,NW,,2028,SS,,,,,,,,,,
Perez,Miguel,Texas St.,UD,2028,SS,,,,,,,,,,
Hammersmith,Spike,SMU,UD,2028,SS,,,,,,,,,,
Gruff,Neigel,No College,UD,2028,K,,,,,,,,,,
McGough,Towns,Auburn,,2028,K,,,,,,,,,,
Burrell,Aaron,LSU,,2028,K,,,,,,,,,,
Taylor,Brock,Vanderbilt,,2028,K,,,,,,,,,,
Gramatica,Nico,USF,,2028,K,,,,,,,,,,
Miller,Drew,Georgia,,2028,P,,,,,,,,,,
White,Tyler,TA&M,,2028,P,,,,,,,,,,
Brandon,Faizon,Tennesee,,2029,QB,,,,,,,,,,
Lyons,Ryder,USC,,2029,QB,,,,,,,,,,
Washington,Malik,Maryland,,2029,QB,,,,,,,,,,
Henderson,Keisean,Houston,,2029,QB,,,,,,,,,,
Knight,Deuce,Auburn,,2029,QB,,,,,,,,,,
Curtis,Jared,Georgia,,2029,QB,,,,,,,,,,
Noland,Air,SC,,2029,QB,,,,,,,,,,
Zollers,Matt,Missou,,2029,QB,,,,,,,,,,
Smith Jr.,Akili,Oregon,,2029,QB,,,,,,,,,,
Lewis,Julian,Colorado,,2029,QB,,,,,,,,,,
Hill,Antwann,Memphis,,2029,QB,,,,,,,,,,
Longstreet,Husan,USC,,2029,QB,,,,,,,,,,
Schakel,Jake,E. Wash,,2029,QB,,,,,,,,,,
Grunkemeyer,Ethan,Penn St.,,2029,QB,,,,,,,,,,
Brown,Elijah,Stanford,,2029,QB,,,,,,,,,,
Slaughter,Jalen,Akron,,2029,QB,,,,,,,,,,
Owens,DaOne,Slippery Rock,UD,2029,QB,,,,,,,,,,
Cherry,Tyler,Indiana,,2029,QB,,,,,,,,,,
Boley,Cutter,Kentucky,,2029,QB,,,,,,,,,,
Hammond,Will,Texas Tech,,2029,QB,,,,,,,,,,
O'Neill,Miles,TA&M,,2029,QB,,,,,,,,,,
Surace,AJ,Rutgers,,2029,QB,,,,,,,,,,
Knowles,Graham,G Tech,,2029,QB,,,,,,,,,,
Rode,Keaton,Tiffin,UD,2029,QB,,,,,,,,,,
Snyder,Poochie,Sacred Heart,UD,2029,QB,,,,,,,,,,
Maddox,AJ,Ole Miss,,2029,QB,,,,,,,,,,
Cooper,Derek,Miami,,2029,HB,,,,,,,,,,
Dear,Akylin,Alabama,,2029,HB,,,,,,,,,,
Ball,Tradarian,Oregon,,2029,HB,,,,,,,,,,
Hiter,Savion,Georgia,,2029,HB,,,,,,,,,,
Pringle Jr.,Girard,Miami,,2029,HB,,,,,,,,,,
Mickens,Messiah,Penn St.,,2029,HB,,,,,,,,,,
Jackson,Bo,Bucks,,2029,HB,,,,,,,,,,
Bonner,Brian,UCLA,,2029,HB,,,,,,,,,,
Cram,Titus,N. Iowa,,2029,HB,,,,,,,,,,
Yates,Damarius,Miss St.,,2029,HB,,,,,,,,,,
Eziomume,David,Clemson,,2029,HB,,,,,,,,,,
Lindsay,JT,LSU,,2029,HB,,,,,,,,,,
Brown Jr.,Jason,ASU,,2029,HB,,,,,,,,,,
Hatton Jr.,Jonathan,TA&M,,2029,HB,,,,,,,,,,
Thomas,Jordin,SDSt.,,2029,HB,,,,,,,,,,
Swint,Taevion,UCF,,2029,HB,,,,,,,,,,
Fuller,Matthew,SC,,2029,HB,,,,,,,,,,
Howard,Iverson,Maryland,,2029,HB,,,,,,,,,,
Gamble,Mookie,Kent St.,UD,2029,HB,,,,,,,,,,
Dunbar,Trae'Von,WVU,,2029,HB,,,,,,,,,,
Turner,Michael,Baylor,,2029,HB,,,,,,,,,,
Marquise,Davis,Missou,,2029,HB,,,,,,,,,,
Broderick,Griffin,ND St.,,2029,HB,,,,,,,,,,
Brown,Payton,SE MSt.,,2029,HB,,,,,,,,,,
Desinor,Deandre,NCSt.,,2029,HB,,,,,,,,,,
Riden,Deondrae,TA&M,,2029,HB,,,,,,,,,,
Hatcher,Shakeer,YSU,UD,2029,HB,,,,,,,,,,
Stewart III,Harry,Kansas,,2029,HB,,,,,,,,,,
Young,Kedren,Notre Dame,,2029,HB,,,,,,,,,,
Lamp,Isaiah,Akron,UD,2029,HB,,,,,,,,,,
Cardenas,Johaan,Vanderbilt,,2029,HB,,,,,,,,,,
Thomas,Steph,Central,UD,2029,HB,,,,,,,,,,
Palmer,Nate,TCU,,2029,HB,,,,,,,,,,
Williams,Kamran,UNLV,,2029,HB,,,,,,,,,,
Batton,Markeylin,Arkansas,,2029,HB,,,,,,,,,,
Stutler,Noah,G. Tech,UD,2029,FB,,,,,,,,,,
Kubay,Brandon,USF,,2029,FB,,,,,,,,,,
Valcin,Luvens,Montana St.,,2029,FB,,,,,,,,,,
Steinfeldt,Aidan,Marshall,,2029,FB,,,,,,,,,,
Roskop,Keaton,ISU,,2029,FB,,,,,,,,,,
Henry Jr.,Chris,Bucks,,2029,WR,,,,,,,,,,
Lockett,Kaliq,Texas,,2029,WR,,,,,,,,,,
Russell,Calvin,Miami,,2029,WR,,,,,,,,,,
Keys,Tristen,LSU,,2029,WR,,,,,,,,,,
Terry III,Michael,Texas,,2029,WR,,,,,,,,,,
Morgan,Cederian,Auburn,,2029,WR,,,,,,,,,,
Clark,Malik,SC,,2029,WR,,,,,,,,,,
Wilson,Dallas,Florida,,2029,WR,,,,,,,,,,
Feaster,Ethan,TA&M,,2029,WR,,,,,,,,,,
Smith Jr.,Travis,Tennesee,,2029,WR,,,,,,,,,,
Hall,JonAthony,Stanford,,2029,WR,,,,,,,,,,
Carter,Dyzier,Rutgers,,2029,WR,,,,,,,,,,
Hudson,Micah,TA&M,,2029,WR,,,,,,,,,,
Stone,Leyton,Texas Tech,,2029,WR,,,,,,,,,,
Clacks III,Patrick,Buffalo,,2029,WR,,,,,,,,,,
Hogshooter,Blake,Houston,,2029,WR,,,,,,,,,,
Spafford,Vance,Georgia,,2029,WR,,,,,,,,,,
Overby,Dominic,ISU,,2029,WR,,,,,,,,,,
Perry,Cooper,Oregon,,2029,WR,,,,,,,,,,
McDonald,Xavier,Ole Miss,,2029,WR,,,,,,,,,,
Barrett,Boski,Vanderbilt,,2029,WR,,,,,,,,,,
Livingstone,Parker,Texas,,2029,WR,,,,,,,,,,
Evans,Kylen,Texas St.,,2029,WR,,,,,,,,,,
Johnson,Travis,Penn St.,,2029,WR,,,,,,,,,,
Shipp,Jordan,NC,,2029,WR,,,,,,,,,,
Olugbode,Donovan,Missou,,2029,WR,,,,,,,,,,
McClellan,Da'mere,Missou,UD,2029,WR,,,,,,,,,,
Miles,Cassidee,UNLV,,2029,WR,,,,,,,,,,
Staley,Braylon,Tennesee,,2029,WR,,,,,,,,,,
Quincy,Keith,Temple,UD,2029,WR,,,,,,,,,,
Small,Ed,TCU,,2029,WR,,,,,,,,,,
Peterkin,Shamarius,V Tech,,2029,WR,,,,,,,,,,
Witten,Damarion,Bucks,,2029,WR,,,,,,,,,,
Jordan,Xavier,USC,,2029,WR,,,,,,,,,,
Nix,Jase,SJSt.,,2029,WR,,,,,,,,,,
Ross,Emanuel,Syracuse,,2029,WR,,,,,,,,,,
McCraney,Marquawn,Idaho,,2029,WR,,,,,,,,,,
Rogers,Trevor,Cal,,2029,WR,,,,,,,,,,
Nickens,Jaden,Kansas,,2029,WR,,,,,,,,,,
Bilot,Kaylan,LSU,,2029,WR,,,,,,,,,,
Richardson,Bredell,UCF,,2029,WR,,,,,,,,,,
Moore,Elijah,FSU,,2029,WR,,,,,,,,,,
Harrell,JJ,Miss St.,,2029,WR,,,,,,,,,,
Bryant,La'Don,NIU,,2029,WR,,,,,,,,,,
Harris,Xavier,JMU,UD,2029,WR,,,,,,,,,,
Stewart,I'Marion,Michigan,,2029,WR,,,,,,,,,,
Dubose,Freddie,Texas,,2029,WR,,,,,,,,,,
Bernard,Legend,Georgetown,,2029,WR,,,,,,,,,,
Shepard,Ferzell,Miss St.,,2029,WR,,,,,,,,,,
Toles,Braylyn,Tiffin,UD,2029,WR,,,,,,,,,,
Smith,Yannick,ECU,,2029,WR,,,,,,,,,,
Kuznik,Brock,Akron,UD,2029,WR,,,,,,,,,,
Harrison,Kendre,Oregon,,2029,TE,,,,,,,,,,
Bowman,Mark,USC,,2029,TE,,,,,,,,,,
Bentancur,Christian,Clemson,,2029,TE,,,,,,,,,,
Olesh,Andrew,Penn State,,2029,TE,,,,,,,,,,
Brame,Da'Saahn,Tenn,,2029,TE,,,,,,,,,,
Reddell,Jaden,Georgia,,2029,TE,,,,,,,,,,
Premer,Ian,K State,,2029,TE,,,,,,,,,,
Onyla,Noah,Nicholls St.,,2029,TE,,,,,,,,,,
Armstrong,Kiotti,TA&M,,2029,TE,,,,,,,,,,
Jackson,Amir,Florida,,2029,TE,,,,,,,,,,
Meyer,Thomas,Iowa,,2029,TE,,,,,,,,,,
Smith,Michael,SC,,2029,TE,,,,,,,,,,
Matthews,Walter,USC,,2029,TE,,,,,,,,,,
Whitted,JaCorey,Miss St.,,2029,TE,,,,,,,,,,
LeBlanc,Maxence,Bucks,,2029,TE,,,,,,,,,,
Gilbert,Stec,Wisconsin,,2029,TE,,,,,,,,,,
Washington,Jordan,Texas,,2029,TE,,,,,,,,,,
Ford,Jackson,SDSt.,,2029,TE,,,,,,,,,,
Grover,Gavin,Cincinnati,,2029,TE,,,,,,,,,,
Flynt,Ian,Nebraska,,2029,TE,,,,,,,,,,
Keener,Monte,Rutgers,,2029,TE,,,,,,,,,,
Mitchell,Davon,Oklahoma,,2029,TE,,,,,,,,,,
Balogh,Mike,Colgate,,2029,TE,,,,,,,,,,
Schaller,Patrick,NW,,2029,TE,,,,,,,,,,
Cantwell,Jackson,Missou,,2029,LT,,,,,,,,,,
Ojo,Felix,Texas,,2029,LT,,,,,,,,,,
Fasusi,Michael,Oklahoma,,2029,LT,,,,,,,,,,
Haywood,Ty,Michigan,,2029,LT,,,,,,,,,,
Pepe,Kennyi,Miami,,2029,LT,,,,,,,,,,
Greene,Kodi,USC,,2029,LT,,,,,,,,,,
Jacobs,Brayden,Clemson,,2029,LT,,,,,,,,,,
Ponton,Jacob,Texas Tech,,2029,LT,,,,,,,,,,
Roebuck,Ben,Michigan,,2029,LT,,,,,,,,,,
Bourdon,Robert,TA&M,,2029,LT,,,,,,,,,,
Hawkins,Gus,K State,,2029,LT,,,,,,,,,,
Brown,Lamar,LSU,,2029,LG,,,,,,,,,,
Utu,Douglas,Oregon,,2029,LG,,,,,,,,,,
Gooden,Chauncey,Colorado,,2029,LG,,,,,,,,,,
Goodman,Malachi,Penn St.,,2029,LG,,,,,,,,,,
Pierre-Louis,Eddy,Florida,,2029,LG,,,,,,,,,,
Mandell,Emerson,Wisconsin,,2029,LG,,,,,,,,,,
Jones,Peter,Notre Dame,,2029,LG,,,,,,,,,,
Hamilton,Luke,Michigan,,2029,LG,,,,,,,,,,
Franks,Blake,SC,,2029,LG,,,,,,,,,,
Thorpe-Taylor,Marquise,UCLA,,2029,LG,,,,,,,,,,
Camacho,Samir,TCU,,2029,LG,,,,,,,,,,
Norris,Tyler,Texas St.,,2029,LG,,,,,,,,,,
Lott,Daveontye,Carrol,UD,2029,LG,,,,,,,,,,
Portnjagin,Noel,Florida,,2029,LG,,,,,,,,,,
Early,Braeden,Siena,UD,2029,LG,,,,,,,,,,
Harbour,Donnie,Penn St.,,2029,LG,,,,,,,,,,
Holcomb,Leeland,Regina,UD,2029,LG,,,,,,,,,,
Sanders,William,Alabama,,2029,C,,,,,,,,,,
Dean,Pierre,SC,,2029,C,,,,,,,,,,
VanSickle,Gabe,Bucks,,2029,C,,,,,,,,,,
Daniels,Jonathan,FSU,,2029,C,,,,,,,,,,
Echols,Coen,LSU,,2029,C,,,,,,,,,,
Alturner,Kyle,WVU,,2029,C,,,,,,,,,,
Pyle,Gibson,Nebraska,,2029,C,,,,,,,,,,
Brooks,Devin,Oregon,,2029,C,,,,,,,,,,
Martin,Robby,NCSt.,,2029,C,,,,,,,,,,
Schunke,Navarro,K State,,2029,C,,,,,,,,,,
Luniewski,Charlton,MSU,,2029,C,,,,,,,,,,
Raymon,Josh,Vanderbilt,,2029,C,,,,,,,,,,
Boehly,Zack,ECU,,2029,C,,,,,,,,,,
Jenkins,Braylon,Wyoming,,2029,C,,,,,,,,,,
Ahfua,Isendre,TA&M,,2029,RG,,,,,,,,,,
Alofaituli,Seuseu,Miami,,2029,RG,,,,,,,,,,
Weston,Davis,LSU,,2029,RG,,,,,,,,,,
Gilchrist,Jaylen,Maryland,,2029,RG,,,,,,,,,,
Frazier,Blake,Michigan,,2029,RG,,,,,,,,,,
Roy,Nathan,Minnesota,,2029,RG,,,,,,,,,,
Taumua,Preston,Nebraska,,2029,RG,,,,,,,,,,
Ball,Jaden,Purdue,,2029,RG,,,,,,,,,,
Joiner,Derek,Houston,,2029,RG,,,,,,,,,,
Oliver,John Wayne,Ole Miss,,2029,RG,,,,,,,,,,
Ginther,Gage,Tennesee,,2029,RG,,,,,,,,,,
Brown,Ziron,Stanford,,2029,RG,,,,,,,,,,
Selm,Aba,Kentucky,,2029,RG,,,,,,,,,,
Kibble,Nate,Texas,,2029,RG,,,,,,,,,,
Large,King,SMU,,2029,RG,,,,,,,,,,
Leibfried,Austin,Indiana,,2029,RG,,,,,,,,,,
Holcomb,Byron,Regina,UD,2029,RG,,,,,,,,,,
Knape,Tyler,Cal,,2029,RG,,,,,,,,,,
Iheanacho,Immanuel,Maryland,,2029,RT,,,,,,,,,,
Daniels,Nyier,Georgia,,2029,RT,,,,,,,,,,
Clayton,Zach,M. Tenn St.,,2029,RT,,,,,,,,,,
Pringle,Kam,SC,,2029,RT,,,,,,,,,,
Lowe,Carter,Bucks,,2029,RT,,,,,,,,,,
Westphal,Fletcher,Florida,,2029,RT,,,,,,,,,,
Davis,Ellis,Tech Tech,,2029,RT,,,,,,,,,,
Stascausky,Zac,Oregon,,2029,RT,,,,,,,,,,
Arop,Jacob,S. Dakota,,2029,RT,,,,,,,,,,
Rogers,Lamont,TA&M,,2029,RT,,,,,,,,,,
Logan,Jonah,Murray,,2029,RT,,,,,,,,,,
Nolan,Will,Iowa,,2029,RT,,,,,,,,,,
Calloway,Ethan,LSU,,2029,RT,,,,,,,,,,
Lewis Jr.,Jimothy,Miss St.,,2029,RT,,,,,,,,,,
Armstrong,Deontae,Bucks,,2029,RT,,,,,,,,,,
Harvey,Wesley,TCU,,2029,RT,,,,,,,,,,
Sexton,Garrett,Penn St.,,2029,RT,,,,,,,,,,
Meadows,Carter,Penn St.,,2029,LE,,,,,,,,,,
Ikinnagbon,Darren,Georgia,,2029,LE,,,,,,,,,,
Collins,Charlie,Arkansas,,2029,LE,,,,,,,,,,
Carlton,Jamarion,Texas,,2029,LE,,,,,,,,,,
Colman-Brusa,Derek,Washington,,2029,LE,,,,,,,,,,
Harrold,LaJesse,FSU,,2029,LE,,,,,,,,,,
Utley,Ethan,Tennesee,,2029,LE,,,,,,,,,,
Smith II,Jerod,Kentucky,,2029,LE,,,,,,,,,,
Beavers,Kamron,Ole Miss,,2029,LE,,,,,,,,,,
Kirks,Dominic,Bucks,,2029,LE,,,,,,,,,,
Fish,Shepard,Idaho,,2029,LE,,,,,,,,,,
Evans,Dealyn,TA&M,,2029,LE,,,,,,,,,,
Greene,Justin,Georgia,,2029,LE,,,,,,,,,,
Lindstrom,Kellen,Tennesee,,2029,LE,,,,,,,,,,
Nyandoro,Nathan,Syracuse,,2029,LE,,,,,,,,,,
Williams,Mylachi,Penn St.,,2029,LE,,,,,,,,,,
John,Demetrius,Illinois,,2029,LE,,,,,,,,,,
Boulware,Simeon,Vanderbilt,,2029,LE,,,,,,,,,,
Murphy,Ashton,Nebraska,,2029,LE,,,,,,,,,,
Terry,Justus,Texas,,2029,DT,,,,,,,,,,
Sone,Valdin,Florida,,2029,DT,,,,,,,,,,
Cumberland,Tony,Oregon,,2029,DT,,,,,,,,,,
Charles,Myron,Texas,,2029,DT,,,,,,,,,,
Anderson,Richard,LSU,,2029,DT,,,,,,,,,,
Wynn,Kevin,FSU,,2029,DT,,,,,,,,,,
Rankins,Earnest,Georgia,,2029,DT,,,,,,,,,,
Dowell,Jason,Missou,,2029,DT,,,,,,,,,,
Gray,Tionne,Oregon,,2029,DT,,,,,,,,,,
Edwards,Kalen,Kentucky,,2029,DT,,,,,,,,,,
Crawford,Jourdin,Auburn,,2029,DT,,,,,,,,,,
Thomas,Jordan,Georgia,,2029,DT,,,,,,,,,,
Tuerk,Eddie,Illinois,,2029,DT,,,,,,,,,,
Garrett,Christian,G Tech,,2029,DT,,,,,,,,,,
RInk,Landon,TA&M,,2029,DT,,,,,,,,,,
Jones,Artavius,Miami,,2029,DT,,,,,,,,,,
Brown-Shuler,Hevin,Clemson,,2029,DT,,,,,,,,,,
Andrews,Liam,Penn St.,,2029,DT,,,,,,,,,,
January,Alex,Texas,,2029,DT,,,,,,,,,,
Terry,Tyson,Nebraska,,2029,DT,,,,,,,,,,
Roy,Jaihien,Kent State,,2029,DT,,,,,,,,,,
Nicolas,Dimitry,Maryland,,2029,DT,,,,,,,,,,
Sevillano Jr.,Sean,Notre Dame,,2029,DT,,,,,,,,,,
Bioreau,Michai,Florida,,2029,DT,,,,,,,,,,
Puefua,Alvin,Hawaii,,2029,DT,,,,,,,,,,
Hibbler Jr.,Terrence,Miss St.,,2029,DT,,,,,,,,,,
Robinson,Tyreeke,UCF,,2029,DT,,,,,,,,,,
White,D'Nas,FSU,,2029,DT,,,,,,,,,,
Elee,Zion,Maryland,,2029,RE,,,,,,,,,,
Wesley,Richard,USC,,2029,RE,,,,,,,,,,
Beaman,Jeremiah,Alabama,,2029,RE,,,,,,,,,,
Shanklin,Damein,LSU,,2029,RE,,,,,,,,,,
Hammond,Ted,Michigan,,2029,RE,,,,,,,,,,
Morgan,Kamauryn,Baylor,,2029,RE,,,,,,,,,,
Golden,Elijah,Alabama,,2029,RE,,,,,,,,,,
McCoy,JaReylan,LSU,,2029,RE,,,,,,,,,,
Robinson,Brian,Kentucky,,2029,RE,,,,,,,,,,
Sitanilei,Epi,Bucks,,2029,RE,,,,,,,,,,
Watford,Ari,Clemson,,2029,RE,,,,,,,,,,
Williams,Jaylen,Michigan,,2029,RE,,,,,,,,,,
Jones,Marco,TA&M,,2029,RE,,,,,,,,,,
Rupley,Tommy,Duke,,2029,RE,,,,,,,,,,
Williams,Caleb,SC,,2029,RE,,,,,,,,,,
Abram,Triston,Indiana,,2029,RE,,,,,,,,,,
Rush,Jeffery,Ole Miss,,2029,RE,,,,,,,,,,
Brown,Jaylen,Missou,,2029,RE,,,,,,,,,,
Porter,Andre,UNLV,,2029,RE,,,,,,,,,,
Whittington,Jahsear,Pitt,,2029,RE,,,,,,,,,,
Griffin,Xavier,USC,,2029,LOLB,,,,,,,,,,
Hayes,Adarius,Miami,,2029,LOLB,,,,,,,,,,
Rouse,Brayden,Tennesee,,2029,LOLB,,,,,,,,,,
Linton,Chase,Georgia,,2029,LOLB,,,,,,,,,,
Gompers,Bradley,Duke,,2029,LOLB,,,,,,,,,,
Leak,Mason,BC,,2029,LOLB,,,,,,,,,,
Fisher,William,Malone,UD,2029,LOLB,,,,,,,,,,
Cook,Denim,Pitt,,2029,LOLB,,,,,,,,,,
Stephenson,Dylan,Stanford,,2029,LOLB,,,,,,,,,,
Mason,Posa,Wisconsin,,2029,LOLB,,,,,,,,,,
Crothers,Zach,Pitt,,2029,LOLB,,,,,,,,,,
Woodfolk,Chad,TCU,,2029,LOLB,,,,,,,,,,
Smith,Cameron,Penn St.,,2029,LOLB,,,,,,,,,,
Christian,Thatcher,Utah,,2029,LOLB,,,,,,,,,,
Pritchard,Ethan,FSU,,2029,LOLB,,,,,,,,,,
Britt,Marquies,W. Mich,UD,2029,LOLB,,,,,,,,,,
Goodwin,Beau,ISU,,2029,LOLB,,,,,,,,,,
Huggins,JuJu,Army,UD,2029,LOLB,,,,,,,,,,
Atkinson,Tyler,Georgia,,2029,MLB,,,,,,,,,,
Busch,Karsten,Louisville,,2029,MLB,,,,,,,,,,
Gautcher,Burke,Iowa,,2029,MLB,,,,,,,,,,
Ili,Talanoa,Oregon,,2029,MLB,,,,,,,,,,
Davis Jr.,Thomas,Notre Dame,,2029,MLB,,,,,,,,,,
Kintz,Jack,Miami (OH),UD,2029,MLB,,,,,,,,,,
Barnes,Elijah,Texas,,2029,MLB,,,,,,,,,,
Mikhail,Noah,TA&M,,2029,MLB,,,,,,,,,,
Burns,Jordan,Tennesee,,2029,MLB,,,,,,,,,,
Huff,Brian,Missou,,2029,MLB,,,,,,,,,,
Nix,Gavin,Oregon,,2029,MLB,,,,,,,,,,
Burnett,Gage,Cal Poly SLO,,2029,MLB,,,,,,,,,,
Benson,Bailey,Wake,,2029,MLB,,,,,,,,,,
Pettijohn,Riley,Bucks,,2029,MLB,,,,,,,,,,
Startz,Parker,Ohio,,2029,MLB,,,,,,,,,,
Richardson,Maxwell,Stanford,,2029,MLB,,,,,,,,,,
Laster,Melvin,UNLV,,2029,MLB,,,,,,,,,,
Carrier,Mason,Minnesota,,2029,MLB,,,,,,,,,,
Schilke,Sawyer,K State,,2029,MLB,,,,,,,,,,
Ugochukwu,Richmond,Houston,,2029,MLB,,,,,,,,,,
Lockhart,Tyler,Miss St.,,2029,MLB,,,,,,,,,,
Clatterbaugh,Brett,V Tech,,2029,MLB,,,,,,,,,,
Cooney,Carson,Iowa,,2029,MLB,,,,,,,,,,
Patterson,Isaiah,UCLA,,2029,MLB,,,,,,,,,,
Moses,Keylan,LSU,,2029,MLB,,,,,,,,,,
Malone,Di'Mari,MSU,,2029,MLB,,,,,,,,,,
Edwards,Marshan,Dayton,UD,2029,MLB,,,,,,,,,,
Kreul,Jake,Bucks,,2029,ROLB,,,,,,,,,,
Faulk,Jakaleb,Auburn,,2029,ROLB,,,,,,,,,,
Dunham,Rodney,SC,,2029,ROLB,,,,,,,,,,
Newby,Elijah,USC,,2029,ROLB,,,,,,,,,,
Carter,Noah,Alabama,,2029,ROLB,,,,,,,,,,
Rainey-Sale,Zaydrius,Washington,,2029,ROLB,,,,,,,,,,
Wyatt,Nasir,Oregon,,2029,ROLB,,,,,,,,,,
Orogbo,Smith,Texas,,2029,ROLB,,,,,,,,,,
May,CJ,Louisville,,2029,ROLB,,,,,,,,,,
McNeal,K'Vuone,BGSU,UD,2029,ROLB,,,,,,,,,,
Schlimgen,Sullivan,S. Dakota,,2029,ROLB,,,,,,,,,,
Jones,Cayden,Alabama,,2029,ROLB,,,,,,,,,,
Owusu-Boateng,Nathaniel,Michigan,,2029,ROLB,,,,,,,,,,
Sacca,Anthony,Notre Dame,,2029,ROLB,,,,,,,,,,
Holt,Ryder,Idaho St.,,2029,ROLB,,,,,,,,,,
Kruah,Anthony,Georgia,,2029,ROLB,,,,,,,,,,
Amos,Corey,Ole Miss,,2029,ROLB,,,,,,,,,,
Keys,Davhon,LSU,,2029,ROLB,,,,,,,,,,
Hamilton,Zavier,USF,,2029,ROLB,,,,,,,,,,
Scott,Dom,Mount Union,UD,2029,ROLB,,,,,,,,,,
Simmon,Wyatt,Arkansas,,2029,ROLB,,,,,,,,,,
Sermons,RJ,USC,,2029,CB,,,,,,,,,,
Edmonds,Jorden,Alabama,,2029,CB,,,,,,,,,,
Singleton,Victor,Illinois,,2029,CB,,,,,,,,,,
Adams,Khary,Maryland,,2029,CB,,,,,,,,,,
Bronaugh,CJ,Nebraska,,2029,CB,,,,,,,,,,
Scott Jr.,Aaron,Bucks,,2029,CB,,,,,,,,,,
Vincent,Jamarion,Baylor,,2029,CB,,,,,,,,,,
Finney,Brandon,Oregon,,2029,CB,,,,,,,,,,
Hanks Jr.,Ben,Florida,,2029,CB,,,,,,,,,,
Currie,Adonyss,TA&M,,2029,CB,,,,,,,,,,
Kennon,Chauncey,Florida,,2029,CB,,,,,,,,,,
Fitzpatrick,Justice,Miami,,2029,CB,,,,,,,,,,
King,Noah,K State,,2029,CB,,,,,,,,,,
West,Bryce,Bucks,,2029,CB,,,,,,,,,,
Zackery IV,Mark,Notre Dame,,2029,CB,,,,,,,,,,
Andrews,Rayshon,Syracuse,,2029,CB,,,,,,,,,,
Dunnigan,JJ,Kansas,,2029,CB,,,,,,,,,,
White,Ty,NC,,2029,CB,,,,,,,,,,
Fields,Dakota,Oregon,,2029,CB,,,,,,,,,,
Dunn,Maison,Ole Miss,,2029,CB,,,,,,,,,,
Penson,Dalen,G Tech,,2029,CB,,,,,,,,,,
Gentry,Zay,SMU,,2029,CB,,,,,,,,,,
Banks,TJ,Ole Miss,,2029,CB,,,,,,,,,,
O'Neal,Tyriq,Toledo,UD,2029,CB,,,,,,,,,,
Dixson,Daryus,Penn St.,,2029,CB,,,,,,,,,,
Thomas,Dreyln,Finlay,UD,2029,CB,,,,,,,,,,
Nichols,Terhyon,Kentucky,,2029,CB,,,,,,,,,,
Pringle,Daylan,BGSU,,2029,CB,,,,,,,,,,
Mack,Wardell,Texas,,2029,CB,,,,,,,,,,
Fesgin,Tavoy,Clemson,,2029,CB,,,,,,,,,,
Toth,Jordan,Toledo,UD,2029,CB,,,,,,,,,,
Burton,Kamren,Akron,UD,2029,CB,,,,,,,,,,
Mitchell,Jon,Penn St.,,2029,CB,,,,,,,,,,
Howard,Jaylen,UCF,,2029,CB,,,,,,,,,,
Woods,Justus,Cal Poly SLO,,2029,CB,,,,,,,,,,
Lewis,Jayden,Tulane,,2029,CB,,,,,,,,,,
Beaty,Kyler,Baylor,,2029,CB,,,,,,,,,,
Lee,Braydon,Maryland,,2029,CB,,,,,,,,,,
Agard,Omillo,Wisconsin,,2029,CB,,,,,,,,,,
Allen,Jaden,Arkansas,,2029,CB,,,,,,,,,,
Johnson II,Chris,ASU,,2029,CB,,,,,,,,,,
Coleman Jr.,Toney,Miami (OH),,2029,CB,,,,,,,,,,
Lowe,Jackson,M. Tenn St.,,2029,CB,,,,,,,,,,
Harris,Tae,Georgia Tech,,2029,FS,,,,,,,,,,
Womack,Bralan,Bucks,,2029,FS,,,,,,,,,,
Winston,Kainoa,Michigan,,2029,FS,,,,,,,,,,
Pride,Jordan,TA&M,,2029,FS,,,,,,,,,,
Reddick,Kendarius,USC,,2029,FS,,,,,,,,,,
Morgan,Peyton,Texas Tech,,2029,FS,,,,,,,,,,
Stubbs,Hylton,Florida,,2029,FS,,,,,,,,,,
Fegans,Anquon,Auburn,,2029,FS,,,,,,,,,,
Baldwin,Byron,Indiana,,2029,FS,,,,,,,,,,
Alefaio,Benjamin,ASU,,2029,FS,,,,,,,,,,
Carter Jr.,Martels,Kentucky,,2029,FS,,,,,,,,,,
Johnson,Tae,Notre Dame,,2029,FS,,,,,,,,,,
Ford,Lachristopher,Heidelberg,UD,2029,FS,,,,,,,,,,
Rogers,Joel,LSU,,2029,FS,,,,,,,,,,
Brown,Tre,SE Louisania,,2029,FS,,,,,,,,,,
Thomas,Cortez,Ole Miss,,2029,FS,,,,,,,,,,
Peacock,Colin,Baylor,,2029,FS,,,,,,,,,,
Johnson,Jay'Shaun,Grambling,,2029,FS,,,,,,,,,,
Currence,J'Zavien,SC,,2029,SS,,,,,,,,,,
Bradford,Blaine,LSU,,2029,SS,,,,,,,,,,
McNutt,Trey,Oregon,,2029,SS,,,,,,,,,,
Ridley,Trey,SDSt.,,2029,SS,,,,,,,,,,
Delane,Faheem,Bucks,,2029,SS,,,,,,,,,,
Powers II,Reggie,Oklahoma,,2029,SS,,,,,,,,,,
Johnson,Rashad,TA&M,,2029,SS,,,,,,,,,,
Winters,Eric,Auburn,,2029,SS,,,,,,,,,,
Liar,Joshua,Baylor,,2029,SS,,,,,,,,,,
Lopa,Kingston,Oregon,,2029,SS,,,,,,,,,,
MacPherson,Drew,Iowa,,2029,SS,,,,,,,,,,
Hudson,Jadyn,UCLA,,2029,SS,,,,,,,,,,
Jones,Jamarcus,Dayton,UD,2029,SS,,,,,,,,,,
Samuels Jr.,Demtres,Syracuse,,2029,SS,,,,,,,,,,
Woodson,Cole,Pitt,,2029,SS,,,,,,,,,,
Lawrence,Carson,Vanderbilt,,2029,SS,,,,,,,,,,
Jones,Ma'khi,Duke,,2029,SS,,,,,,,,,,
VerMaas,Caden,Nebraska,,2029,SS,,,,,,,,,,
Davis,Jellani,Utah,,2029,SS,,,,,,,,,,
Bostic,Jay'Quan,Toledo,,2029,SS,,,,,,,,,,
Murray,Abram,Miami,,2029,K,,,,,,,,,,
Coleman,Trey,Utah,,2029,K,,,,,,,,,,
Stoyanovich,Alexander,Colorado,,2029,K,,,,,,,,,,
Love,Mason,SC,,2029,P,,,,,,,,,,
Dean,Max,NM St.,,2029,P,,,,,,,,,,
Koch,Kamdyn,Nebraska,,2029,P,,,,,,,,,,
Engstler,Bobby,Cal,,2029,P,,,,,,,,,,
Haven,Elijah,LSU,,2030,QB,,,,,,,,,,
Smigiel,Brady,FSU,,2030,QB,,,,,,,,,,
Rivers,Gunner,NCSt.,,2030,QB,,,,,,,,,,
Rios,Oscar,Arizona,,2030,QB,,,,,,,,,,
Griffin,Will,Florida,,2030,QB,,,,,,,,,,
Schobel,Adam,TCU,,2030,QB,,,,,,,,,,
Bell,Dia,Texas,,2030,QB,,,,,,,,,,
Baker,Bryce,NC,,2030,QB,,,,,,,,,,
Kollock,Jackson,Minnesota,,2030,QB,,,,,,,,,,
Cheery,Briggs,Louisville,,2030,QB,,,,,,,,,,
Jett,Dayls,Walsh,UD,2030,QB,,,,,,,,,,
Chester,Devon,Dayton,UD,2030,QB,,,,,,,,,,
Smith,Carter,Wisconsin,,2030,QB,,,,,,,,,,
Fette,Jake,ASU,,2030,QB,,,,,,,,,,
Herrera,Cash,Iowa,,2030,QB,,,,,,,,,,
Kwiarkowski,Chase,Ili St.,,2030,QB,,,,,,,,,,
Crable,Tayte,USF,UD,2030,QB,,,,,,,,,,
Grubbs,Noah,Notre Dame,,2030,QB,,,,,,,,,,
Moore,J'Meaire,Finlay,UD,2030,QB,,,,,,,,,,
Hasselbeck,Henry,UCLA,,2030,QB,,,,,,,,,,
Spell,Kemon,Penn St.,,2030,HB,,,,,,,,,,
Edwards,KJ,Texas,,2030,HB,,,,,,,,,,
Walton,Janaz,Georgia,,2030,HB,,,,,,,,,,
Roberts,Tranard,Florida,,2030,HB,,,,,,,,,,
Crowell,Ezavier,Alabama,,2030,HB,,,,,,,,,,
Gabriel-Georges,David,Tennesee,,2030,HB,,,,,,,,,,
McGill,Jaylan,Rutgers,,2030,HB,,,,,,,,,,
Groves,Isaiah,Austin Peay,,2030,HB,,,,,,,,,,
Sanoe,Ansu,Washington,,2030,HB,,,,,,,,,,
Sheffey,D'antae,Syracuse,,2030,HB,,,,,,,,,,
Rogers,Anthony,Bucks,,2030,HB,,,,,,,,,,
Hodges,TJ,Missou,,2030,HB,,,,,,,,,,
Walker,DeZephen,Kansas,,2030,HB,,,,,,,,,,
Brown,Amir,NC,,2030,HB,,,,,,,,,,
McCool,Maximus,Indi St.,,2030,HB,,,,,,,,,,
Ford,Xavier,Minnesota,,2030,HB,,,,,,,,,,
Osborne,Javian,Michigan,,2030,HB,,,,,,,,,,
James Jr.,Nolan,Notre Dame,,2030,HB,,,,,,,,,,
Alston,Shahan,USC,,2030,HB,,,,,,,,,,
Green,Dramekco,SMU,,2030,HB,,,,,,,,,,
Culver,Xion,MSU,UD,2030,HB,,,,,,,,,,
Tory,Blaylock,Oklahoma,,2030,HB,,,,,,,,,,
Powell,JP,G Tech,,2030,HB,,,,,,,,,,
Henderson,Marquise,Clemson,,2030,HB,,,,,,,,,,
Knighten,Caden,Baylor,,2030,HB,,,,,,,,,,
Morris,Sean,Arizona,,2030,HB,,,,,,,,,,
Bell,LaMarcus,OSU,,2030,HB,,,,,,,,,,
McCoy,Elijah,UTEP,,2030,HB,,,,,,,,,,
Mason,Keveun,Delaware,,2030,HB,,,,,,,,,,
Larry,Ravian,Utah St.,,2030,HB,,,,,,,,,,
Coombs,Bud,Maryland,,2030,HB,,,,,,,,,,
Johnson,Zion,Cincinnati,,2030,HB,,,,,,,,,,
Bray,Daniel,Utah,,2030,HB,,,,,,,,,,
Simeon,Shawn,Toledo,,2030,HB,,,,,,,,,,
Douglas,Preston,SCSt.,,2030,FB,,,,,,,,,,
King,Shane,Marshall,,2030,FB,,,,,,,,,,
Landau,Cash,Wash St.,,2030,FB,,,,,,,,,,
Preckel,Robby,NW,,2030,FB,,,,,,,,,,
Brooks,Issac,Weber,UD,2030,FB,,,,,,,,,,
Thurman,Jacory,Houston,,2030,FB,,,,,,,,,,
Owens,Eli,Michigan,,2030,FB,,,,,,,,,,
Brown,Jamier,Bucks,,2030,WR,,,,,,,,,,
Wyatt,Joel,Tennesee,,2030,WR,,,,,,,,,,
Gregory,Aaron,TA&M,,2030,WR,,,,,,,,,,
Brady,Jabari,Miami,,2030,WR,,,,,,,,,,
Warren,Damani,USC,,2030,WR,,,,,,,,,,
Salmin,Conner,Notre Dame,,2030,WR,,,,,,,,,,
Wiley,CJ,Georgia,,2030,WR,,,,,,,,,,
Taylor,Talyn,Georgia,,2030,WR,,,,,,,,,,
Lott,Jalen,Texas,,2030,WR,,,,,,,,,,
Chapman,Keeyun,SC,,2030,WR,,,,,,,,,,
Stevens,Romel,Ark St.,,2030,WR,,,,,,,,,,
Yancey,Trenton,Oklahoma,,2030,WR,,,,,,,,,,
Burroughs,Naeem,Florida,,2030,WR,,,,,,,,,,
Ffrench,Jaime,Texas,,2030,WR,,,,,,,,,,
Tyson,Dontay,Arizona,,2030,WR,,,,,,,,,,
Mack,Jabari,LSU,,2030,WR,,,,,,,,,,
Burress,Elijah,Notre Dame,,2030,WR,,,,,,,,,,
Marsh,Andrew,Michigan,,2030,WR,,,,,,,,,,
Dixon-Wyatt,Kayden,Bucks,,2030,WR,,,,,,,,,,
Sales,Monshun,Indiana,,2030,WR,,,,,,,,,,
Crable,Jayvian,Ohio,UD,2030,WR,,,,,,,,,,
Boyd,Brock,TCU,,2030,WR,,,,,,,,,,
Bolder,Jarel,NCSt.,,2030,WR,,,,,,,,,,
Washington,Zachary,Wisconsin,,2030,WR,,,,,,,,,,
Jackson,Amarion,K St.,,2030,WR,,,,,,,,,,
Whitver,Ben,Penn St.,,2030,WR,,,,,,,,,,
Britt,DeeJay,Bucks,UD,2030,WR,,,,,,,,,,
Watkins Jr.,Winston,Ole Miss,,2030,WR,,,,,,,,,,
Roldan,Landon,Georgia,,2030,WR,,,,,,,,,,
Miller,Dejerrian,Kentucky,,2030,WR,,,,,,,,,,
Foley,Jack,Wake,,2030,WR,,,,,,,,,,
Johnson,Xavier,Memphis,,2030,WR,,,,,,,,,,
Brown,Jace,Arkansas,,2030,WR,,,,,,,,,,
Jackson Jr.,Giorgio,Kent,,2030,WR,,,,,,,,,,
Jenkins Jr.,Carl,UCF,,2030,WR,,,,,,,,,,
Williams,Qumonte,Boise St.,,2030,WR,,,,,,,,,,
Williams,Isaiah,Cal,,2030,WR,,,,,,,,,,
Brown,Kohen,Nebraska,,2030,WR,,,,,,,,,,
Flowers,Kamren,Toledo,,2030,WR,,,,,,,,,,
Hassmann,Harry,ASU,,2030,WR,,,,,,,,,,
Mallory,Teriq,FSU,,2030,WR,,,,,,,,,,
Smith,Trey,E. Mich,UD,2030,WR,,,,,,,,,,
Perez,Jaden,OSU,,2030,WR,,,,,,,,,,
DeVaughn,Jusin,Maryland,,2030,WR,,,,,,,,,,
Packer,Gavin,Boise St.,,2030,WR,,,,,,,,,,
Sutter,Mack,Alabama,,2030,TE,,,,,,,,,,
Hudson,Ahmad,LSU,,2030,TE,,,,,,,,,,
Tiller,Xavier,TA&M,,2030,TE,,,,,,,,,,
Buchanan,JJ,Utah,,2030,TE,,,,,,,,,,
Niemi,Holden,Michigan,,2030,TE,,,,,,,,,,
Terwilliger,Cooper,Nebraska,,2030,TE,,,,,,,,,,
Howse,Jamel,SC,,2030,TE,,,,,,,,,,
Anderson,JC,Notre Dame,,2030,TE,,,,,,,,,,
Shinn,Lonnie,SE Louis,,2030,TE,,,,,,,,,,
Harrison,Preztynn,Texas Tech,,2030,TE,,,,,,,,,,
Loftin,Chase,FSU,,2030,TE,,,,,,,,,,
Ploog,Vander,Oregon,,2030,TE,,,,,,,,,,
Hall,Damon,Maryland,,2030,TE,,,,,,,,,,
Prothro,Kaiden,Georgia,,2030,TE,,,,,,,,,,
Briggs,Israel,Miami,,2030,TE,,,,,,,,,,
Jensen,Camden,Florida,,2030,TE,,,,,,,,,,
Peterson,Mason,TCU,,2030,TE,,,,,,,,,,
Rupe,Ty,UTSA,,2030,TE,,,,,,,,,,
Flories,Noah,UCLA,,2030,TE,,,,,,,,,,
Houser,Grant,Louisville,,2030,TE,,,,,,,,,,
Alvarez,Jacob,SDSt.,,2030,TE,,,,,,,,,,
Vyborny,Jordan,OSU,,2030,TE,,,,,,,,,,
Giullano,Zach,Syracuse,,2030,TE,,,,,,,,,,
Davis,Nizyi,Wisconsin,,2030,TE,,,,,,,,,,
DeSouza,Zayne,Colorado,,2030,TE,,,,,,,,,,
Osenda,Gabriel,Tennesee,,2030,LT,,,,,,,,,,
Moss,Caden,Ole Miss,,2030,LT,,,,,,,,,,
Adams,Kelsey,SC,,2030,LT,,,,,,,,,,
Sam-Epelle,Joshua,Georgia,,2030,LT,,,,,,,,,,
Guthrie,Adam,Bucks,,2030,LT,,,,,,,,,,
Odoms,Dramodd,SMU,,2030,LT,,,,,,,,,,
Dunn,Aaron,USC,,2030,LT,,,,,,,,,,
Marks,Juju,Nebraska,,2030,LT,,,,,,,,,,
Linder,Owen,Iowa,,2030,LT,,,,,,,,,,
Jones,Johnnie,Florida,,2030,LT,,,,,,,,,,
Swanson,Brian,Oklahoma,,2030,LT,,,,,,,,,,
Blank,Garrison,UCLA,,2030,LT,,,,,,,,,,
Vete,Siosiua,BYU,,2030,LT,,,,,,,,,,
Koul,Koul,ISU,,2030,LT,,,,,,,,,,
Turk,Shep,Pitt,,2030,LT,,,,,,,,,,
Breland,A'Marion,UTSA,,2030,LT,,,,,,,,,,
Harvey,Skylar,Syracuse,,2030,LT,,,,,,,,,,
Jenkins,Trevon,Miss St.,,2030,LT,,,,,,,,,,
Shipp,Daniel,Minnesota,,2030,LT,,,,,,,,,,
Mills,John,Washington,,2030,LT,,,,,,,,,,
Davenport,Nolan,Wisconsin,,2030,LT,,,,,,,,,,
Whitset,Ta'Khyian,NCSt.,,2030,LT,,,,,,,,,,
Augustine,Matty,Notre Dame,,2030,LT,,,,,,,,,,
Van Hoy,Witten,TCU,,2030,LT,,,,,,,,,,
Hiller,Maxwell,Penn St.,,2030,LG,,,,,,,,,,
Curne,Carius,LSU,,2030,LG,,,,,,,,,,
Herron,Cameron,Notre Dame,,2030,LG,,,,,,,,,,
Aloisio,Ian,BYU,,2030,LG,,,,,,,,,,
Fenuku,Henry,Missou,,2030,LG,,,,,,,,,,
Williams,Josh,Stanford,,2030,LG,,,,,,,,,,
Offutt,Jaishaun,Wake,,2030,LG,,,,,,,,,,
Moore,Nic,Tennesee,,2030,LG,,,,,,,,,,
Krempin,Zaden,SMU,,2030,LG,,,,,,,,,,
Hassenhueti,Justin,Cal,,2030,LG,,,,,,,,,,
Nelson,Byron,NC,,2030,LG,,,,,,,,,,
Thomas,Tyler,TA&M,,2030,LG,,,,,,,,,,
Gillen,Elias,Texas Tech,,2030,LG,,,,,,,,,,
Handy,Mark,Minnesota,,2030,LG,,,,,,,,,,
Nichols,Drew,MSU,,2030,LG,,,,,,,,,,
Young,Carmello,Tulane,UD,2030,LG,,,,,,,,,,
Vigna,Chris,Rutgers,,2030,C,,,,,,,,,,
Conroy,Will,Oklahoma,,2030,C,,,,,,,,,,
Parliament,Hudson,Iowa,,2030,C,,,,,,,,,,
Owens,Jamarius,Toledo,UD,2030,C,,,,,,,,,,
Flores,Jake,Washington,,2030,C,,,,,,,,,,
Wise,Grant,FSU,,2030,C,,,,,,,,,,
Zahursky,Maysn,BGSU,,2030,C,,,,,,,,,,
Taylor,Jaxon,Fordham,,2030,C,,,,,,,,,,
Collins,Khalil,USF,,2030,C,,,,,,,,,,
Thompson,Eythan,SMU,,2030,C,,,,,,,,,,
Buster,Tai,Auburn,,2030,C,,,,,,,,,,
Glover,Dontrell,Georgia,,2030,C,,,,,,,,,,
Wynn,N'Kye,Rutgers,,2030,C,,,,,,,,,,
Bindel,Trevor,Wash St.,,2030,C,,,,,,,,,,
Ogboko,Ekene,Georgia,,2030,RG,,,,,,,,,,
Sowells Jr.,Isaac,NCSt.,,2030,RG,,,,,,,,,,
Delaney,Leo,SC,,2030,RG,,,,,,,,,,
Harper,Devin,Ole Miss,,2030,RG,,,,,,,,,,
Joseph,Peyton,G Tech,,2030,RG,,,,,,,,,,
Robinson,Maxwell,Oklahoma,,2030,RG,,,,,,,,,,
Powell,Logan,Wisconsin,,2030,RG,,,,,,,,,,
Scruggs,Carter,Penn St.,,2030,RG,,,,,,,,,,
Smith,Micah,Bucks,,2030,RG,,,,,,,,,,
Tofi,Tommy,USC,,2030,RG,,,,,,,,,,
Canty,Khalief,Michigan,,2030,RG,,,,,,,,,,
Thomas,Trai,JMU,UD,2030,RG,,,,,,,,,,
Gach,Avery,Michigan,,2030,RG,,,,,,,,,,
Springer,Mark,Akron,UD,2030,RG,,,,,,,,,,
Prudhomme,Lionel,Arkansas,,2030,RG,,,,,,,,,,
Stewart,Kahlil,Syracuse,,2030,RG,,,,,,,,,,
Anthony,Grady,Louisville,,2030,RG,,,,,,,,,,
Barr,Thomas,Buffalo,,2030,RG,,,,,,,,,,
Stewart,Maki,ASU,,2030,RG,,,,,,,,,,
Brown,Jamin,Duke,,2030,RG,,,,,,,,,,
Gaston,Juan,Georgia,,2030,RT,,,,,,,,,,
Tatum,Sean,Florida,,2030,RT,,,,,,,,,,
Young,Elijah,W. Carolina,UD,2030,RT,,,,,,,,,,
Martinez,Brysten,LSU,,2030,RT,,,,,,,,,,
Buchanan,Eidan,WVU,,2030,RT,,,,,,,,,,
Wirkus,Vaughn,Montana St.,,2030,RT,,,,,,,,,,
Addison,Ziyare,Oregon,,2030,RT,,,,,,,,,,
Covington,Zion,Cincinnati,UD,2030,RT,,,,,,,,,,
Brousseau,Sam,Utah St.,,2030,RT,,,,,,,,,,
Wakefield,Brennan,YSU,UD,2030,RT,,,,,,,,,,
Boston,Kenneth,Ole Miss,,2030,RT,,,,,,,,,,
Greene,Raphael,Toledo,,2030,RT,,,,,,,,,,
Paich,Samuel,Cincinnati,,2030,RT,,,,,,,,,,
Gibbs,Antonio,S. Alabama,,2030,RT,,,,,,,,,,
Gardenhire,Jay,Colorado,,2030,RT,,,,,,,,,,
Williams,Lamar,Maryland,,2030,RT,,,,,,,,,,
Waldrep,Mal,Alabama,,2030,RT,,,,,,,,,,
Elijah,Jayden,Rutgers,,2030,RT,,,,,,,,,,
Shinofield,Soren,Utah,,2030,RT,,,,,,,,,,
Clemons,Josiah,Memphis,,2030,RT,,,,,,,,,,
Parker,Matthew,Baylor,,2030,RT,,,,,,,,,,
Kitchen,Recarder,Michigan,,2030,LE,,,,,,,,,,
Green,KJ,SC,,2030,LE,,,,,,,,,,
Henderson,Trenton,Auburn,,2030,LE,,,,,,,,,,
Jacobs,DJ,Georgia,,2030,LE,,,,,,,,,,
Rodgers,Jarius,Syracuse,,2030,LE,,,,,,,,,,
Mathis,Zahir,Maryland,,2030,LE,,,,,,,,,,
Merritt,Landon,Colorado,,2030,LE,,,,,,,,,,
Moala,Samu,TA&M,,2030,LE,,,,,,,,,,
Buck,Carter,TCU,,2030,LE,,,,,,,,,,
Yarbrough,Colton,Arkansas,,2030,LE,,,,,,,,,,
Addison,Chris,Miss St.,,2030,LE,,,,,,,,,,
Eleazer,Keysaun,NC,,2030,LE,,,,,,,,,,
Johnson,Mikhal,ASU,,2030,LE,,,,,,,,,,
Early,James,Cincinnati,,2030,LE,,,,,,,,,,
Hinkle,Collin,Ohio,UD,2030,LE,,,,,,,,,,
Stanyer,Brad,K St.,,2030,LE,,,,,,,,,,
Stutler,Bryson,FAU,UD,2030,LE,,,,,,,,,,
Cleveland,Vonday,Alabama,,2030,DT,,,,,,,,,,
Mulitalo,Bott,Oregon,,2030,DT,,,,,,,,,,
Tola,George,ASU,,2030,DT,,,,,,,,,,
Haywood,Khyren,Texas,,2030,DT,,,,,,,,,,
Burgess Jr.,Christopher,Notre Dame,,2030,DT,,,,,,,,,,
Matthews,Mark,Miami,,2030,DT,,,,,,,,,,
Wooten,Waylon,Auburn,,2030,DT,,,,,,,,,,
Katoanga,Simote,USC,,2030,DT,,,,,,,,,,
Beale,Danny,Missou,,2030,DT,,,,,,,,,,
Sharma,Josiah,Texas,,2030,DT,,,,,,,,,,
Melvin,Aubrey,UConn,,2030,DT,,,,,,,,,,
Thomas,Theo,N. Iowa,,2030,DT,,,,,,,,,,
Ruffin,Trashawn,TA&M,,2030,DT,,,,,,,,,,
Carey,Preston,Penn St.,,2030,DT,,,,,,,,,,
Jackson,Niam,YSU,,2030,DT,,,,,,,,,,
Tasi,Jaymar,Idaho,,2030,DT,,,,,,,,,,
Robinson V,Archie,M. Tenn. St.,,2030,DT,,,,,,,,,,
Calhoun,Keishaun,Indiana,,2030,DT,,,,,,,,,,
Knight,Dennis,Tiffin,UD,2030,DT,,,,,,,,,,
Mathis,Walter,LSU,,2030,DT,,,,,,,,,,
Gurman,Miron,Rutgers,,2030,DT,,,,,,,,,,
White,Isaiah,Illinois,,2030,DT,,,,,,,,,,
Ingram,Christian,SC,,2030,DT,,,,,,,,,,
Morgan,Daeshon,ASU,,2030,DT,,,,,,,,,,
Abercombie,Bailey,Louisville,,2030,DT,,,,,,,,,,
Madison,JaQuentin,Memphis,,2030,DT,,,,,,,,,,
Blackwell,Jackson,Baylor,,2030,DT,,,,,,,,,,
Simpson,Donta,Miami,,2030,DT,,,,,,,,,,
Shearer,Zay,YSU,UD,2030,DT,,,,,,,,,,
Kanka,Bobby,Michigan,,2030,DT,,,,,,,,,,
Harris,Aiden,Bucks,,2030,RE,,,,,,,,,,
Hopkins,Daeden,Missou,,2030,RE,,,,,,,,,,
Shumaker,Ben'Jarvius,Miss St.,,2030,RE,,,,,,,,,,
Jones,Krew,Oklahoma,,2030,RE,,,,,,,,,,
Jones,Anthony,Auburn,,2030,RE,,,,,,,,,,
Wilkes,Jaquez,Auburn,,2030,RE,,,,,,,,,,
McElroy,Jaylen,Ohio,UD,2030,RE,,,,,,,,,,
Hines,Andrew,E. Ken,,2030,RE,,,,,,,,,,
Jones,Braeden,USC,,2030,RE,,,,,,,,,,
Sellers,Trent,Arkansas,,2030,RE,,,,,,,,,,
Knapp,Logan,OSU,,2030,RE,,,,,,,,,,
Edwards,Canaan,Rutgers,,2030,RE,,,,,,,,,,
Desir,Darryll,FSU,,2030,RE,,,,,,,,,,
Johnson,Ronelle,K St.,,2030,RE,,,,,,,,,,
Wood,Ethan,ND St.,,2030,RE,,,,,,,,,,
Anderson,Julian,Pitt,,2030,RE,,,,,,,,,,
Brooks,Landon,Purdue,,2030,RE,,,,,,,,,,
Taylor,Scott,UCLA,,2030,RE,,,,,,,,,,
Williams,Brooks,USF,,2030,RE,,,,,,,,,,
Desir,Mandrell,FSU,,2030,RE,,,,,,,,,,
Hayes,Logan,SC,UD,2030,RE,,,,,,,,,,
Byas,Quincy,E. Mich,,2030,RE,,,,,,,,,,
Cunningham,T.K.,G Tech,,2030,LOLB,,,,,,,,,,
Davis,Bryce,Duke,,2030,LOLB,,,,,,,,,,
Braker,Jaiden,LSU,,2030,LOLB,,,,,,,,,,
Wallace,Tavion,Arkansas,,2030,LOLB,,,,,,,,,,
Higgans,Antwoine,Michigan,,2030,LOLB,,,,,,,,,,
Ford Jr.,Kevin,TA&M,,2030,LOLB,,,,,,,,,,
Jones,Anthony,UCLA,,2030,LOLB,,,,,,,,,,
Simmons,Isaiah,Duke,,2030,LOLB,,,,,,,,,,
Young,Carl'veon,OSU,,2030,LOLB,,,,,,,,,,
Higgins,Hunter,Kansas,,2030,LOLB,,,,,,,,,,
Thompson,Jerez,Navy,UD,2030,LOLB,,,,,,,,,,
Bland,Landon,Nebraska,,2030,LOLB,,,,,,,,,,
Carter,Calvin,Texas Tech,,2030,LOLB,,,,,,,,,,
Jackson,Ty,Florida,,2030,LOLB,,,,,,,,,,
Weeks,Zach,LSU,,2030,LOLB,,,,,,,,,,
Pyatt,Jaxon,Ole Miss,,2030,LOLB,,,,,,,,,,
Lugolobi,Wassie,Washington,,2030,LOLB,,,,,,,,,,
Newton,Mykah,Miami,,2030,LOLB,,,,,,,,,,
McNeal,Adrez,BGSU,UD,2030,LOLB,,,,,,,,,,
Epss,Taven,Washington,,2030,MLB,,,,,,,,,,
Feister,Brayton,Bucks,,2030,MLB,,,,,,,,,,
Taumoepeau,Nusi,Utah,,2030,MLB,,,,,,,,,,
Tagoa'i,Matai,USC,,2030,MLB,,,,,,,,,,
Garrett,JaMichael,Auburn,,2030,MLB,,,,,,,,,,
Crawford,Cole,Georgia,,2030,MLB,,,,,,,,,,
Williams,Izayia,Florida,,2030,MLB,,,,,,,,,,
Irving,Jakel,Alcorn,,2030,MLB,,,,,,,,,,
Wiley,Kellen,Miami,,2030,MLB,,,,,,,,,,
Perlotte,Jadon,Tennesee,,2030,MLB,,,,,,,,,,
Okpala,Kosi,Texas,,2030,MLB,,,,,,,,,,
Abrams,Nick,Maryland,,2030,MLB,,,,,,,,,,
Knigga,Noah,E. Mich,,2030,MLB,,,,,,,,,,
Forkpa,Duyon,FSU,,2030,MLB,,,,,,,,,,
Golston II,Kendric,Michigan,,2030,MLB,,,,,,,,,,
Alford,Tarvos,Bucks,,2030,MLB,,,,,,,,,,
Kaba,Talibi,Rutgers,,2030,MLB,,,,,,,,,,
Kimcoily,CJ,LSU,,2030,MLB,,,,,,,,,,
McComber,Landon,Stanford,,2030,MLB,,,,,,,,,,
Stendel,Ethan,Minnesota,,2030,MLB,,,,,,,,,,
Kia,Ko'o,Notre Dame,,2030,MLB,,,,,,,,,,
Whitaker Jr.,Darien,K St.,,2030,MLB,,,,,,,,,,
Harper,Davonte,W. Mich.,UD,2030,MLB,,,,,,,,,,
Spence,Trent,Baylor,,2030,MLB,,,,,,,,,,
Terrero,Rafael,Kent,,2030,MLB,,,,,,,,,,
Guyton,LaDamion,Georgia,,2030,ROLB,,,,,,,,,,
Givens,Tristian,FSU,,2030,ROLB,,,,,,,,,,
Johnson,Cincere,Bucks,,2030,ROLB,,,,,,,,,,
Manson,Julian,Iowa,,2030,ROLB,,,,,,,,,,
Hill,Justin,Alabama,,2030,ROLB,,,,,,,,,,
Brooks,Cam,Florida,,2030,ROLB,,,,,,,,,,
Gass,Christian,Tennesee,,2030,ROLB,,,,,,,,,,
Polu,Cyrus,Utah,,2030,ROLB,,,,,,,,,,
Clapper,Kobe,Notre Dame,,2030,ROLB,,,,,,,,,,
White,TJ,Ole Miss,,2030,ROLB,,,,,,,,,,
Lehman,Reston,Pitt,,2030,ROLB,,,,,,,,,,
Seigler,Logan,SC,UD,2030,ROLB,,,,,,,,,,
Stewart,Jaylen,Baylor,,2030,ROLB,,,,,,,,,,
Ramazani,Axel,Wyoming,,2030,ROLB,,,,,,,,,,
Nash,Malachi,Cincinnati,UD,2030,ROLB,,,,,,,,,,
Johnson,Brennan,VTech,,2030,ROLB,,,,,,,,,,
Bauer,Jake,NC,,2030,ROLB,,,,,,,,,,
Williams,Duvay,USC,,2030,CB,,,,,,,,,,
Stepp,Hayden,Miami,,2030,CB,,,,,,,,,,
Hill,Elbert,Bucks,,2030,CB,,,,,,,,,,
Brown,Manny,Buffalo,,2030,CB,,,,,,,,,,
Clardy,Jakai,Cen. Wash.,,2030,CB,,,,,,,,,,
Poole,Jeremy,Miami,,2030,CB,,,,,,,,,,
Gibson,Zayn,Alabama,,2030,CB,,,,,,,,,,
Singleton,Braylon,N. Arizona,,2030,CB,,,,,,,,,,
Smith,Chaston,Notre Dame,,2030,CB,,,,,,,,,,
Davis,Chauncey,G Tech,,2030,CB,,,,,,,,,,
Akande,Shamar,Toledo,,2030,CB,,,,,,,,,,
Matthews,Samari,Clemson,,2030,CB,,,,,,,,,,
Molden,Josiah,Oregon,,2030,CB,,,,,,,,,,
Lockhart,Brandon,USC,,2030,CB,,,,,,,,,,
Solis-Lumar,Christopher,Cal Poly SLO,,2030,CB,,,,,,,,,,
McDonald,Dolph,Auburn,,2030,CB,,,,,,,,,,
Young,Jae'on,Cal,,2030,CB,,,,,,,,,,
Johnson,Jayden,Michigan,,2030,CB,,,,,,,,,,
Webb,Ayden,OSU,,2030,CB,,,,,,,,,,
Jefferson,Jaden,NC,,2030,CB,,,,,,,,,,
Barksdale,Da'Ron,Pitt,,2030,CB,,,,,,,,,,
McBride,Gionni,Missouri St.,,2030,CB,,,,,,,,,,
Jones II,Robert,Illinois,,2030,CB,,,,,,,,,,
Strong,Cam,NCSt.,,2030,CB,,,,,,,,,,
Igbinoghene,Michael,Tulane,,2030,CB,,,,,,,,,,
Purcell,Andrew,Kentucky,,2030,CB,,,,,,,,,,
Adams,Ramonz,Washington,,2030,CB,,,,,,,,,,
Garland,Chris,Stanford,,2030,CB,,,,,,,,,,
Crowder,Jayden,Cal,,2030,CB,,,,,,,,,,
Donnell,Trey,W. Mich.,,2030,CB,,,,,,,,,,
Fox,Kareem,Cal,,2030,CB,,,,,,,,,,
Young,Shavar,Clemson,,2030,CB,,,,,,,,,,
Williams,Marquis,Ark St.,,2030,CB,,,,,,,,,,
Coldon,Charleston,BC,,2030,CB,,,,,,,,,,
Bass,Charles,Missou,,2030,CB,,,,,,,,,,
Redmon,Tyler,Tennesee,,2030,CB,,,,,,,,,,
Pierce,Jamir,Army,UD,2030,CB,,,,,,,,,,
Regimbal,Gabe,Akron,UD,2030,CB,,,,,,,,,,
Finn,EJ,Dayton,UD,2030,CB,,,,,,,,,,
Lane,Lance,Miss St.,,2030,CB,,,,,,,,,,
Brown,Lanauz,Heidelburg,UD,2030,CB,,,,,,,,,,
Jackson,Martel,K St.,,2030,CB,,,,,,,,,,
Jackson,Zah,WVU,,2030,CB,,,,,,,,,,
Coleman,Chase,UCLA,,2030,CB,,,,,,,,,,
Pittman II,Tory,Nebraska,,2030,FS,,,,,,,,,,
Hall,Aiden,LSU,,2030,FS,,,,,,,,,,
Seigler,Matt,Penn St.,,2030,FS,,,,,,,,,,
Edwards,Jireh,Maryland,,2030,FS,,,,,,,,,,
Cole,Adryan,Georgia,,2030,FS,,,,,,,,,,
Dillard-Allen,Rylon,Washington,,2030,FS,,,,,,,,,,
Roberts,Charles,Arizona,,2030,FS,,,,,,,,,,
Gamble,Sean,Army,UD,2030,FS,,,,,,,,,,
DeLoatch,Jahmari,V Tech,,2030,FS,,,,,,,,,,
Clark,Andre,Tennesee,,2030,FS,,,,,,,,,,
Hester,Clifton,Florida,,2030,FS,,,,,,,,,,
Kenan,Jakarrion,Clemson,,2030,FS,,,,,,,,,,
Moss,Remington,Wisconsin,,2030,FS,,,,,,,,,,
Cook,Tyler,Walsh,UD,2030,FS,,,,,,,,,,
Alanis,Josiah,Bosie St.,,2030,FS,,,,,,,,,,
Wetzel,John,Marshall,,2030,FS,,,,,,,,,,
Jackson,Marquese,Akron,UD,2030,FS,,,,,,,,,,
Branch Jr.,Antonio,Colorado,,2030,FS,,,,,,,,,,
Edwards,Terrance,MSU,,2030,FS,,,,,,,,,,
Washington,Jett,Bucks,,2030,SS,,,,,,,,,,
Witten,Cooper,Oklahoma,,2030,SS,,,,,,,,,,
Hall,Kaiden,Florida,,2030,SS,,,,,,,,,,
Sanders,Omarri,Michigan,,2030,SS,,,,,,,,,,
Wilson,Tylan,Alabama,,2030,SS,,,,,,,,,,
Ruffin,Zach,S. Miss,,2030,SS,,,,,,,,,,
Dotson,Elijah,Michigan,,2030,SS,,,,,,,,,,
Robinson,Omarion,Oklahoma,,2030,SS,,,,,,,,,,
Ball,Darryl,FSU,,2030,SS,,,,,,,,,,
Dunnigan Jr.,James,Kansas,,2030,SS,,,,,,,,,,
Gebhart,Kaden,Penn St.,,2030,SS,,,,,,,,,,
Wortham,Braylen,Sam Houston,,2030,SS,,,,,,,,,,
Onu,Bo,Baylor,,2030,SS,,,,,,,,,,
Costner,Corey,Virgina,,2030,SS,,,,,,,,,,
Kennedy,Locke,M. Tenn. St.,,2030,SS,,,,,,,,,,
Bridges-Brooks,Axavier,UConn,,2030,SS,,,,,,,,,,
Mankowski,Thomas,Yale,UD,2030,K,,,,,,,,,,
LeClair,Carter,Florida,,2030,K,,,,,,,,,,
Stevens,Elliott,Wash St.,,2030,K,,,,,,,,,,
McCoy,Owen,Cal,,2030,K,,,,,,,,,,
Collins,Gary,Tenn St.,,2030,K,,,,,,,,,,
Lilley,Brett,USC,,2030,K,,,,,,,,,,
Gladstone,Owen,SDSt.,,2030,K,,,,,,,,,,
Iglesias,Eddie,FAU,,2030,P,,,,,,,,,,
Gaffney,Seth,LSU,,2030,P,,,,,,,,,,
Kelley,Brian,Wyoming,,2030,P,,,,,,,,,,
Winter,Phillip,Oklahoma,,2030,P,,,,,,,,,,
McCollum,Trevor,RI,,2030,P,,,,,,,,,,
Rose,Jason,M. Tenn. St.,,2030,P,,,,,,,,,,
Abrams II,Nick,Maryland,,2031,ROLB,,,,,,,,,,
Addison,Chris,Tulane,,2031,LE,,,,,,,,,,
Ainsworth,Hayden,Ole Miss,,2031,C,,,,,,,,,,
Akih,Favour,ISU,,2031,HB,,,,,,,,,,
Almada,Marcus,Syracuse,,2031,DT,,,,,,,,,,
Alston,Ace,Kentucky,,2031,CB,,,,,,,,,,
Amachree,Kory,Indiana,,2031,HB,,,,,,,,,,
Anderson,Brandon,Tennesee,,2031,RG,,,,,,,,,,
Angeley,Henry,TCU,,2031,RT,,,,,,,,,,
Ards,Frederick,Florida,,2031,RE,,,,,,,,,,
Army,LaMarcus,Michigan,,2031,CB,,,,,,,,,,
Aumua,Kekua,Florida,,2031,TE,,,,,,,,,,
Babineaux,Chantz,UL Laf.,,2031,WR,,,,,,,,,,
Baker,Broncs,Utah,,2031,MLB,,,,,,,,,,
Baker,Ja'Myron,USC,,2031,WR,,,,,,,,,,
Bandauer,Mason,ISU,,2031,RT,,,,,,,,,,
Barnes,Landon,SMU,,2031,LE,,,,,,,,,,
Barney,Dorian,TA&M,,2031,CB,,,,,,,,,,
Basker,Myles,UCLA,,2031,FS,,,,,,,,,,
Bathhurst,Dante,Duke,,2031,LOLB,,,,,,,,,,
Battle,Jae'Lin,OkSU,,2031,DT,,,,,,,,,,
Baxter,Anthony,SC,,2031,LG,,,,,,,,,,
Bedrod,Braylen,Ole Miss,,2031,CB,,,,,,,,,,
Belyeu,Zachary,Georgia,,2031,HB,,,,,,,,,,
Berymon,Dylan,LSU,,2031,DT,,,,,,,,,,
Best,Noah,Oklahoma,,2031,RG,,,,,,,,,,
Betton,Blake,Minnesota,,2031,SS,,,,,,,,,,
Biehl,Dylan,Virgina,,2031,LG,,,,,,,,,,
Blade,McHale,Notre Dame,,2031,RE,,,,,,,,,,
Blair,Kamari,Tennesee,,2031,LT,,,,,,,,,,
Blake,Jordan,W. Kent,,2031,C,,,,,,,,,,
Blaylock,Dylan,Miami,,2031,K,,,,,,,,,,
Blum,Landon,Iowa,,2031,WR,,,,,,,,,,
Boulware,Ben,SC,,2031,DT,,,,,,,,,,
Bowman,Kesean,Ole Miss,,2031,CB,,,,,,,,,,
Bradford,Jason,Houston,,2031,CB,,,,,,,,,,
Brewer,Luke,Iowa,,2031,TE,,,,,,,,,,
Brinson,Xevien,Tennesee,,2031,TE,,,,,,,,,,
Britt,Keenan,SC,,2031,ROLB,,,,,,,,,,
Broadnax,Jaydin,Louisville,,2031,CB,,,,,,,,,,
Brooks,Khamari,Georgia,,2031,LOLB,,,,,,,,,,
Brooks,Mike,Wyoming,,2031,P,,,,,,,,,,
Brooks,Sa'Nir,Pitt,,2031,HB,,,,,,,,,,
Brown,Bryson,Oklahoma,,2031,CB,,,,,,,,,,
Brown,Kennedy,Texas,,2031,LT,,,,,,,,,,
Brown,Ramir,S. Miss,,2031,LG,,,,,,,,,,
Bryant,Kavian,Baylor,,2031,QB,,,,,,,,,,
Burns,Jacob,Syracuse,,2031,RT,,,,,,,,,,
Bush,JJ,Miami,,2031,MLB,,,,,,,,,,
Butler,Rhyder,Texas,,2031,MLB,,,,,,,,,,
Cahoon,Chase,Stanford,,2031,MLB,,,,,,,,,,
Callahan,Sean,Miami,,2031,P,,,,,,,,,,
Campbell,Chancellor,Florida,,2031,RT,,,,,,,,,,
Canty,Khalief,Michigan,,2031,LG,,,,,,,,,,
Carmicle,Max,NIU,,2031,LE,,,,,,,,,,
Carr,Tommy,Michigan,,2031,QB,,,,,,,,,,
Carrington,James,Oklahoma,,2031,LE,,,,,,,,,,
Carter,Calvin,Baylor,,2031,RE,,,,,,,,,,
Carter,Jordan,TA&M,,2031,LOLB,,,,,,,,,,
Cartwright Jr.,Will,MSU,,2031,ROLB,,,,,,,,,,
Cascone,Jude,Georgia,,2031,C,,,,,,,,,,
Charles,Anthony,Wisconsin,,2031,LE,,,,,,,,,,
Childress,Josh,Bucks,,2031,K,,,,,,,,,,
Clark,Hud,Ole Miss,,2031,LOLB,,,,,,,,,,
Clarke,George,Auburn,,2031,LE,,,,,,,,,,
Clay,Montravious,Georgia,,2031,CB,,,,,,,,,,
Clemens,Chad,Auburn,,2031,P,,,,,,,,,,
Coach,Ethan,UNLV,,2031,MLB,,,,,,,,,,
Cobb,Zahir,Penn St.,,2031,SS,,,,,,,,,,
Coleman Jr.,David,LSU,,2031,SS,,,,,,,,,,
Collins,Tayven,BYU,,2031,FS,,,,,,,,,,
Congdon,Ben,Miami,,2031,LT,,,,,,,,,,
Cooper,Jeramie,Baylor,,2031,TE,,,,,,,,,,
Cowley,CJ,Auburn,,2031,HB,,,,,,,,,,
Crawford,Carson,Texas St.,,2031,ROLB,,,,,,,,,,
Croucher,Keegan,Syracuse,,2031,QB,,,,,,,,,,
Crowder,Jayden,Cal,,2031,CB,,,,,,,,,,
Crowell,Ezavier,UCF,,2031,HB,,,,,,,,,,
Crumel,Akedran,SC,,2031,CB,,,,,,,,,,
Culler,Christian,Akron,,2031,HB,,,,,,,,,,
Cypher,Quinton,Duke,,2031,LOLB,,,,,,,,,,
Daniel,Marquez,Florida,,2031,WR,,,,,,,,,,
Davis,Dillon,SC,,2031,FS,,,,,,,,,,
Davis,Jaiden,Kentucky,,2031,LE,,,,,,,,,,
Davis,Mikyal,ASU,,2031,CB,,,,,,,,,,
Davis,Shad,Bucks,,2031,HB,,,,,,,,,,
Davis,Zion,Miami,,2031,CB,,,,,,,,,,
Dawkins,Zion,SC,,2031,CB,,,,,,,,,,
DeJean,Jaxx,Iowa,,2031,WR,,,,,,,,,,
Delaney,Leo,Michigan,,2031,LG,,,,,,,,,,
DeMoss,Brian,Michigan,,2031,LOLB,,,,,,,,,,
Dezeurn,Demare,Washington,,2031,WR,,,,,,,,,,
Dickerson,Da'Jore,Toledo,,2031,RT,,,,,,,,,,
Dillon,DeShawn,Ole Miss,,2031,WR,,,,,,,,,,
Dobson,Joshua,Duke,,2031,CB,,,,,,,,,,
Dopson,Kenton,Louisville,,2031,CB,,,,,,,,,,
Drew,Rilee,K St.,,2031,CB,,,,,,,,,,
Drinkwater,Kaiden,BC,,2031,WR,,,,,,,,,,
Dudley,Malakhi,Auburn,,2031,LT,,,,,,,,,,
Edmunds,Brady,Bukcs,,2031,QB,,,,,,,,,,
Edwards,CJ,Tennesee,,2031,LE,,,,,,,,,,
Edwards,Emmanual,Bucks,,2031,LG,,,,,,,,,,
Edwards,R'Monie,Texas,,2031,RT,,,,,,,,,,
Eleazer,Keysaun,V Tech,,2031,LE,,,,,,,,,,
Elkins,Kaleb,Indiana,,2031,SS,,,,,,,,,,
English,Adam,UTSA,,2031,P,,,,,,,,,,
Enlow,Chase,Rutgers,,2031,HB,,,,,,,,,,
Erickson,Matt,Nebraska,,2031,LT,,,,,,,,,,
Ervin,Joel,Syracuse,,2031,LT,,,,,,,,,,
Evans,Henry,Penn St.,,2031,TE,,,,,,,,,,
Evans,Marquis,Auburn,,2031,ROLB,,,,,,,,,,
Evans,Phoenix,Penn St.,,2031,CB,,,,,,,,,,
Ewetade,Ebenezer,Georgia,,2031,RE,,,,,,,,,,
Fakatou,Marcus,USC,,2031,DT,,,,,,,,,,
Falzone,Peyton,Penn St.,,2031,QB,,,,,,,,,,
Ferguson,Eli,Ole Miss,,2031,WR,,,,,,,,,,
Fitzgerald,Devin,Pitt,,2031,WR,,,,,,,,,,
Ford,Jesse,TCU,,2031,LOLB,,,,,,,,,,
Ford,Tyler,Georgia,,2031,LT,,,,,,,,,,
Fordham,Corbyn,Bucks,,2031,RG,,,,,,,,,,
Forkpa Jr.,Duyon,FSU,,2031,MLB,,,,,,,,,,
Fox,Prin,SDSt.,,2031,LOLB,,,,,,,,,,
Fraser,Bennett,Missou,,2031,LG,,,,,,,,,,
Fredricks,Jai'Vale,Tulane,,2031,RT,,,,,,,,,,
Friedman,Josh,Minnesota,,2031,P,,,,,,,,,,
Gaad,Yahya,SMU,,2031,DT,,,,,,,,,,
Gaither,Luke,Liberty,,2031,QB,,,,,,,,,,
Galloway,Griff,Penn St.,,2031,DT,,,,,,,,,,
Gamble,Zayden,Miami,,2031,CB,,,,,,,,,,
Gantz,Zane,Nebraska,,2031,LE,,,,,,,,,,
Garrett,BJ,Syracuse,,2031,WR,,,,,,,,,,
Gatten,Colsen,Pitt,,2031,ROLB,,,,,,,,,,
Gaylord,Censere,Washington,,2031,CB,,,,,,,,,,
Geathers III,Robert,V Tech,,2031,SS,,,,,,,,,,
George,Colt,Butler,,2031,P,,,,,,,,,,
George,Jalanie,Arizona,,2031,LE,,,,,,,,,,
Ghioto,Asher,Florida,,2031,DT,,,,,,,,,,
Gilford Jr.,Jernaro,Utah,,2031,CB,,,,,,,,,,
Gilmore,Jayvon,Arkansas,,2031,QB,,,,,,,,,,
Gipson,Marcell,SMU,,2031,CB,,,,,,,,,,
Gipson,Quinterrius,Alabama,,2031,HB,,,,,,,,,,
Goettsche,Ty,BYU,,2031,TE,,,,,,,,,,
Golston II,Keric,Michigan,,2031,MLB,,,,,,,,,,
Gomes,Jose,Cincinnati,,2031,K,,,,,,,,,,
Gough,Amare,Virgina,,2031,WR,,,,,,,,,,
Grant Jr.,Terrence,Arizona,,2031,HB,,,,,,,,,,
Gray,Chaz,Rutgers,,2031,LOLB,,,,,,,,,,
Gray,Darius,SC,,2031,LG,,,,,,,,,,
Green,Kennedy,Miss. St.,,2031,SS,,,,,,,,,,
Green,Sean,Georgia,,2031,WR,,,,,,,,,,
Greenwood,LC,Arkansas–Pine Bluff,,2031,RE,,,,,,,,,,
Griffin-Hayes,Zavion,NC,,2031,RE,,,,,,,,,,
Guergil,Kendall,Florida,,2031,DT,,,,,,,,,,
Guerrant,Dakota,Michigan,,2031,WR,,,,,,,,,,
Guiles,Zyon,SC,,2031,RT,,,,,,,,,,
Guthrie,Adam,Clemson,,2031,LT,,,,,,,,,,
Hadley,Corey,G Tech,,2031,FS,,,,,,,,,,
Hamilton,Sam,WVU,,2031,TE,,,,,,,,,,
Hampton,Evan,NCSt.,,2031,HB,,,,,,,,,,
Hardick,J R,Tennesee,,2031,LE,,,,,,,,,,
Hargett,Ja'Vaughn,NC,,2031,LT,,,,,,,,,,
Harley,Tyson,Penn St.,,2031,RE,,,,,,,,,,
Harrington,Tavares,Louisville,,2031,FS,,,,,,,,,,
Harris,Amontre,TCU,,2031,LOLB,,,,,,,,,,
Harris,Andrew,Bucks,,2031,RE,,,,,,,,,,
Hayes,Lester,TA&M,,2031,CB,,,,,,,,,,
Henderson,Jaden,Florida,,2031,MLB,,,,,,,,,,
Henry,Jameer,Michigan,,2031,DT,,,,,,,,,,
Henry,Jance,Wisconsin,,2031,HB,,,,,,,,,,
Henry,Raylaun,Bucks,,2031,CB,,,,,,,,,,
Higgins,Hudson,Troy,,2031,HB,,,,,,,,,,
Higgins,Hunter,Kansas,,2031,LE,,,,,,,,,,
Hildebrand,Jake,Oklahoma,,2031,LT,,,,,,,,,,
Hill,Darius,Bucks,,2031,WR,,,,,,,,,,
Hill,Deondre,Michigan,,2031,MLB,,,,,,,,,,
Hill,Gabriel,Illinois,,2031,DT,,,,,,,,,,
Hill,Jailen,Fresno St.,,2031,CB,,,,,,,,,,
Hinkle,Gabe,E.Mich,,2031,C,,,,,,,,,,
Holmes,Javen,UL Laf.,,2031,SS,,,,,,,,,,
Hope,Josiah,Louisville,,2031,DT,,,,,,,,,,
Hopkins,Justin,Minnesota,,2031,CB,,,,,,,,,,
Horisk,Dutch,Oregon,,2031,RE,,,,,,,,,,
House,Cory,Memphis,,2031,ROLB,,,,,,,,,,
Houston,Peyton,Texas,,2031,QB,,,,,,,,,,
Hubbard,Larry,MSU,,2031,WR,,,,,,,,,,
Hughes,Tedarius,FSU,,2031,SS,,,,,,,,,,
Huihui-White,Kamo'i,Utah,,2031,C,,,,,,,,,,
Hull,Brady,Kentucky,,2031,C,,,,,,,,,,
Iddrissu,Alhassan,Minnesota,,2031,LE,,,,,,,,,,
Igwebuike,Roman,Purdue,,2031,MLB,,,,,,,,,,
Irvin,Amarri,Georgia,,2031,MLB,,,,,,,,,,
Ivy,Marshaun,Missou,,2031,LOLB,,,,,,,,,,
Jackson,Carnell,Troy,,2031,DT,,,,,,,,,,
Jackson,Lasiah,FSU,,2031,CB,,,,,,,,,,
Jackson,Montre,Oklahoma,,2031,CB,,,,,,,,,,
Jackson,Rion,Maryland,,2031,ROLB,,,,,,,,,,
Jackson,William,Auburn,,2031,QB,,,,,,,,,,
Jamerson,Camron,Finlay,,2031,RG,,,,,,,,,,
Jensen,Isaac,Nebraska,,2031,TE,,,,,,,,,,
Jerry,Damari,Miami,,2031,FS,,,,,,,,,,
Johnson,Ayden,Texas Tech,,2031,DT,,,,,,,,,,
Johnson,Kaden,Washington,,2031,CB,,,,,,,,,,
Johnson,Kamren,Old Dom.,,2031,RE,,,,,,,,,,
Johnson,Sean,NCSt.,,2031,CB,,,,,,,,,,
Johnson,AJ,Hawaii,,2031,WR,,,,,,,,,,
Johnson Jr.,Vincent,Oklahoma,,2031,RT,,,,,,,,,,
Joiner,Charlie,Grambling St.,,2031,WR,,,,,,,,,,
Jones,Carter,Liberty,,2031,LT,,,,,,,,,,
Jones,Darion,ISU,,2031,CB,,,,,,,,,,
Jones,Julius,LSU,,2031,WR,,,,,,,,,,
Jones-Drew,Duece,UCLA,,2031,HB,,,,,,,,,,
Kalis,Jimmy,Penn St.,,2031,RT,,,,,,,,,,
Karhoff,Jordan,Bucks,,2031,TE,,,,,,,,,,
Kasper,Braylon,Oregon,,2031,WR,,,,,,,,,,
Kearney,Caleb,V Tech,,2031,WR,,,,,,,,,,
Kelly,Corsby,SDSt.,,2031,TE,,,,,,,,,,
Kennedy Jr.,Anthony,Missou,,2031,DT,,,,,,,,,,
Kent,Haze,Florida,,2031,LT,,,,,,,,,,
Kimble,Elijah,Bucks,,2031,HB,,,,,,,,,,
Kimbrough,Dedrick,Alabama,,2031,WR,,,,,,,,,,
Knowles,Brody,TCU,,2031,WR,,,,,,,,,,
Kolojay,Breck,Miami,,2031,LG,,,,,,,,,,
Krempin,Zaden,SMU,,2031,LG,,,,,,,,,,
Land,Adam,CCU,,2031,TE,,,,,,,,,,
Lane,Trey'mar,MSU,,2031,ROLB,,,,,,,,,,
Lane,Treymere,Michigan,,2031,HB,,,,,,,,,,
Lange,Ron,Charlotte,,2031,LOLB,,,,,,,,,,
LaRue,Jerome,V Tech,,2031,HB,,,,,,,,,,
Lary,Yale,TA&M,,2031,FS,,,,,,,,,,
Lawson,Darrion,Tiffin,,2031,WR,,,,,,,,,,
Lee,Legacy,BGSU,,2031,WR,,,,,,,,,,
Lee,Malakai,Michigan,,2031,RT,,,,,,,,,,
Leeper,Max,UNLV,,2031,TE,,,,,,,,,,
Lehman,Reston,Pitt,,2031,MLB,,,,,,,,,,
Lemon,Jonathon,YSU,,2031,HB,,,,,,,,,,
Lennear,Nick,Miami,,2031,WR,,,,,,,,,,
Lewis,Damaad,USC,,2031,LE,,,,,,,,,,
Lherisse,Xavier,Oregon,,2031,FS,,,,,,,,,,
Liggins,King,Wisconsin,,2031,DT,,,,,,,,,,
Lincoln,Victor,K St.,,2031,CB,,,,,,,,,,
Linton,Gilbert,Clemson,,2031,MLB,,,,,,,,,,
Loumoli,Liufau,Washington,,2031,MLB,,,,,,,,,,
Lucius,Arius,BGSU,,2031,QB,,,,,,,,,,
Lucius,Kamar,E.Mich,,2031,WR,,,,,,,,,,
Mailangi,Lex,USC,,2031,C,,,,,,,,,,
Mallard,Kyson,Georgia,,2031,RG,,,,,,,,,,
Mannings Jr.,Tyree,Miami,,2031,WR,,,,,,,,,,
Manson,Julian,Iowa,,2031,LOLB,,,,,,,,,,
Marden,Mason,Kansas,,2031,MLB,,,,,,,,,,
Marshall,Baron,Nebraska,,2031,WR,,,,,,,,,,
Martin,Jaivion,N. Texas,,2031,TE,,,,,,,,,,
Mathis,Julius,Ole Miss,,2031,TE,,,,,,,,,,
Mathis,Solomon,Cincinnati,,2031,RT,,,,,,,,,,
Matthews,Mark,Miami,,2031,RT,,,,,,,,,,
Mayo,Taelyn,TA&M,,2031,CB,,,,,,,,,,
McAfee,Myles,Penn St.,,2031,WR,,,,,,,,,,
McCallum,Jace,NCSt.,,2031,RE,,,,,,,,,,
McCarty,Blitz,Kent,,2031,QB,,,,,,,,,,
McElroy,Isaiah,Akron,,2031,LG,,,,,,,,,,
McFarland,Eric,Notre Dame,,2031,WR,,,,,,,,,,
McGaskin,Ellis,Auburn,,2031,MLB,,,,,,,,,,
McGee,Dhillon,SMU,,2031,CB,,,,,,,,,,
McKinley,Jonathan,Cal,,2031,RE,,,,,,,,,,
McKinley,Jonathan,Cal,,2031,MLB,,,,,,,,,,
McMiller,CaDarius,SMU,,2031,HB,,,,,,,,,,
McMorris,Daniel,OkSU,,2031,LT,,,,,,,,,,
McMullen,Cody,WVU,,2031,K,,,,,,,,,,
McNabb Jr.,Donovan,Arizona,,2031,WR,,,,,,,,,,
McWhorter,Bear,Michigan,,2031,C,,,,,,,,,,
Meier,Gavin,Wisconsin,,2031,LT,,,,,,,,,,
Meredith III,John,TCU,,2031,CB,,,,,,,,,,
Merrill,Tyler,Notre Dame,,2031,LG,,,,,,,,,,
Miles,Jayden,LSU,,2031,HB,,,,,,,,,,
Miller,Peyton,SMU,,2031,C,,,,,,,,,,
Miller,T'ari,USF,,2031,SS,,,,,,,,,,
Miller,Zayvon,WVU,,2031,SS,,,,,,,,,,
Miree,Landen,Washington,,2031,TE,,,,,,,,,,
Mitchell,Evan,Iowa,,2031,RG,,,,,,,,,,
Mix,Ryder,Oklahoma,,2031,TE,,,,,,,,,,
Moala,Junior,Utah,,2031,RE,,,,,,,,,,
Moala,Pole,USC,,2031,FS,,,,,,,,,,
Monds IV,Wonderful,Miami,,2031,QB,,,,,,,,,,
Moody,Jesse,Maryland,,2031,RT,,,,,,,,,,
Moon,Larry,Penn St.,,2031,CB,,,,,,,,,,
Moore,Javier,Bucks,,2031,DT,,,,,,,,,,
Moore,Steven,Miami,,2031,MLB,,,,,,,,,,
Moore,Taihj,Miami,,2031,HB,,,,,,,,,,
Moore,Tre,Texas,,2031,WR,,,,,,,,,,
Moreta,Jordan,NCSt.,,2031,MLB,,,,,,,,,,
Morgan,Tyrone,LSU,,2031,ROLB,,,,,,,,,,
Nabors,Luke,FSU,,2031,ROLB,,,,,,,,,,
Newkirk,Nigel,G Tech,,2031,HB,,,,,,,,,,
Ngokwere,Jasper,Texas Tech,,2031,RT,,,,,,,,,,
Nielsen,Weston,TA&M,,2031,QB,,,,,,,,,,
Nolan,Cord,Texas Tech,,2031,MLB,,,,,,,,,,
Noll Jr.,Leon,LSU,,2031,LG,,,,,,,,,,
Nussmeier,Colton,TCU,,2031,QB,,,,,,,,,,
Obot,Kevin,USC,,2031,RT,,,,,,,,,,
Ogburn,Colin,FSU,,2031,K,,,,,,,,,,
Oglesby,Mason,Indiana,,2031,TE,,,,,,,,,,
Otey,Dre,Ole Miss,,2031,CB,,,,,,,,,,
Outlaw,Braylon,Tennesee,,2031,MLB,,,,,,,,,,
Parks,Brayden,Illinois,,2031,DT,,,,,,,,,,
Parliament,Hudson,Iowa,,2031,LG,,,,,,,,,,
Patmon,Elijah,G Tech,,2031,DT,,,,,,,,,,
Payne,Xavier,FSU,,2031,LT,,,,,,,,,,
Pellman,David,Louisville,,2031,C,,,,,,,,,,
Peterson Jr.,Nelson,Texas Tech,,2031,QB,,,,,,,,,,
Phelps,Isaiah,Notre Dame,,2031,LOLB,,,,,,,,,,
Pickett,Canon,Miami,,2031,RG,,,,,,,,,,
Pisani,Charlie,Florida,,2031,RG,,,,,,,,,,
Portis,Camdin,Miami,,2031,CB,,,,,,,,,,
Prevo,Dequane,Arkansas,,2031,WR,,,,,,,,,,
Price,Hugh,Louisville,,2031,QB,,,,,,,,,,
Pritchett,Parker,Auburn,,2031,LG,,,,,,,,,,
Proctor,Shankim,Bucks,,2031,WR,,,,,,,,,,
Purcell,Jameson,Nebraska,,2031,QB,,,,,,,,,,
Quinn,Dre,Clemson,,2031,RE,,,,,,,,,,
Quinn,Joey,W. Mich,,2031,LOLB,,,,,,,,,,
Rainer,Khalid,Duke,,2031,CB,,,,,,,,,,
Redmond,K'Adrian,Texas,,2031,DT,,,,,,,,,,
Reed,Zayne,BYU,,2031,DT,,,,,,,,,,
Reeder,Aden,Cincinnati,,2031,MLB,,,,,,,,,,
Rhodes,Micah,Oklahoma,,2031,HB,,,,,,,,,,
Rhymes,Kobe,Nebraska,,2031,MLB,,,,,,,,,,
Richardson,T-Ron,JMU,,2031,DT,,,,,,,,,,
Rivers,Darryl,Georgia,,2031,ROLB,,,,,,,,,,
Roberts,Noah,USC,,2031,HB,,,,,,,,,,
Robertson,Deven,Ole Miss,,2031,DT,,,,,,,,,,
Robinson,Daniel,Ole Miss,,2031,RG,,,,,,,,,,
Robinson,Tyson,Ole Miss,,2031,HB,,,,,,,,,,
Robinson,Zion,TA&M,,2031,WR,,,,,,,,,,
Rocheleau,Ryan,C. Mich,,2031,TE,,,,,,,,,,
Rodgers,Jarius,Syracuse,,2031,RE,,,,,,,,,,
Rogers,Jahsiear,Penn St.,,2031,WR,,,,,,,,,,
Rogers,Matthew,Tennesee,,2031,HB,,,,,,,,,,
Roper,Jackson,Colorado,,2031,LT,,,,,,,,,,
Rowe,Zane,Oklahoma,,2031,DT,,,,,,,,,,
Ruffin,Trashawn,NC,,2031,DT,,,,,,,,,,
Russell,Reis,Colorado,,2031,RG,,,,,,,,,,
Sabb,Xavier,Rutgers,,2031,FS,,,,,,,,,,
Sanchez,Eli,Toledo,,2031,C,,,,,,,,,,
Santino,Victor,Arizona,,2031,HB,,,,,,,,,,
Saunders,Junior,Virgina,,2031,RT,,,,,,,,,,
Scarborough,Dan,Clemson,,2031,K,,,,,,,,,,
Schell,Jay,Georgia,,2031,MLB,,,,,,,,,,
Schiefer,Ismael,Auburn,,2031,LOLB,,,,,,,,,,
Schmitt,Deacon,Colorado,,2031,C,,,,,,,,,,
Scott,Jaylen,FSU,,2031,FS,,,,,,,,,,
Scott Jr.,Charles,SC,,2031,QB,,,,,,,,,,
Seaborn,Trent,Alabama,,2031,QB,,,,,,,,,,
Seaton,Kole,Baylor,,2031,LT,,,,,,,,,,
Segarra,David,SC,,2031,HB,,,,,,,,,,
Sellars,Gordon,SC,,2031,WR,,,,,,,,,,
Seltenreich,Paolo,TCU,,2031,LG,,,,,,,,,,
Sema,Gabe,Colorado,,2031,TE,,,,,,,,,,
Sherman,Cordey,Texas,,2031,CB,,,,,,,,,,
Simeon,Damari,Penn St.,,2031,DT,,,,,,,,,,
Simmons,Kalen,Baylor,,2031,SS,,,,,,,,,,
Simpson,Samuel,Indiana,,2031,RG,,,,,,,,,,
Singleton-Coe,J'mere,Akron,,2031,CB,,,,,,,,,,
Siocum,Ari,Arkansas,,2031,LE,,,,,,,,,,
Smith,Cyion,Miami,,2031,SS,,,,,,,,,,
Smith,Dwayle,Maryland,,2031,CB,,,,,,,,,,
Smith,Jared,Georgia,,2031,RG,,,,,,,,,,
Smith,Jordan,Baylor,,2031,HB,,,,,,,,,,
Smith,Micah,Bucks,,2031,LG,,,,,,,,,,
Smith,Zion,NC,,2031,RG,,,,,,,,,,
Smith Jr.,Jermaine,Maryland,,2031,WR,,,,,,,,,,
Snell,JayQuan,SMU,,2031,SS,,,,,,,,,,
Snyder,Kaden,Kansas,,2031,RT,,,,,,,,,,
Sombe,Killian,Boise St.,,2031,HB,,,,,,,,,,
Stanford,Semaj,Oklahoma,,2031,FS,,,,,,,,,,
Starcevic,Luke,ISU,,2031,LE,,,,,,,,,,
Stephen,Mikel,Ole Miss,,2031,HB,,,,,,,,,,
Stover,Sean,Duke,,2031,C,,,,,,,,,,
Streets,Rashad,NC,,2031,RE,,,,,,,,,,
Sullivan,Kevin,Missou,,2031,TE,,,,,,,,,,
Sutherland,David,Buffalo,,2031,K,,,,,,,,,,
Sweeney,Anthony,Maryland,,2031,LOLB,,,,,,,,,,
Tafua,Caleb,TA&M,,2031,TE,,,,,,,,,,
Takitaki,PJ,BYU,,2031,ROLB,,,,,,,,,,
Tanner,Jax,Boise St.,,2031,RG,,,,,,,,,,
Tate,Jayion,Buffalo,,2031,RE,,,,,,,,,,
Taylor,Cody,Arkansas,,2031,C,,,,,,,,,,
Taylor,Jordan,Nebraska,,2031,HB,,,,,,,,,,
Telfair,Keishjuan,Penn St.,,2031,CB,,,,,,,,,,
Terry,Khalil,MSU,,2031,FS,,,,,,,,,,
Thomas,Brayden,ISU,,2031,FS,,,,,,,,,,
Thomas,Cynai,OSU,,2031,WR,,,,,,,,,,
Thomas,David,OkSU,,2031,WR,,,,,,,,,,
Thomas,James,Wisconsin,,2031,LG,,,,,,,,,,
Thomassie,Blaise,LSU,,2031,RG,,,,,,,,,,
Thompson,Sean,Tennesee,,2031,WR,,,,,,,,,,
Thornton,Marshaun,Michigan,,2031,WR,,,,,,,,,,
Tillman,Elijah,Auburn,,2031,LE,,,,,,,,,,
Tisaby,Cortavious,ASU,,2031,RT,,,,,,,,,,
Towns,ArMari,Alabama,,2031,TE,,,,,,,,,,
Trout,Andrew,Minnesota,,2031,LT,,,,,,,,,,
Tucker,Caleb,Notre Dame,,2031,DT,,,,,,,,,,
Tucker,D'Nilyeon,Kent,,2031,RT,,,,,,,,,,
Tucker,Emanuel,Miss St.,,2031,LT,,,,,,,,,,
Turner,Caden,Akron,,2031,LE,,,,,,,,,,
Turner,Caden,BGSU,,2031,ROLB,,,,,,,,,,
Turner,Zachary,SMU,,2031,LG,,,,,,,,,,
Upshaw,Jaden,Georgia,,2031,WR,,,,,,,,,,
Utz,Jack,Kansas,,2031,TE,,,,,,,,,,
Vanden Bosch,Bastian,Nebraska,,2031,MLB,,,,,,,,,,
Vanderhoef,Roger,UCLA,,2031,RT,,,,,,,,,,
Vaughn,Jackson,Penn St.,,2031,ROLB,,,,,,,,,,
Vecrumba,Nick,Indiana,,2031,LT,,,,,,,,,,
Vercher,Hayden,ASU,,2031,TE,,,,,,,,,,
Von Brandt,Layton,Penn St.,,2031,LT,,,,,,,,,,
Von Seggern,Landen,Illinois,,2031,C,,,,,,,,,,
Wade,Jayden,Oregon,,2031,QB,,,,,,,,,,
Wagner,Cameron,Illinois,,2031,LT,,,,,,,,,,
Walker,Julian,SC,,2031,RE,,,,,,,,,,
Wall,Xavier,Wash St.,,2031,DT,,,,,,,,,,
Warner,Maxwell,Missou,,2031,HB,,,,,,,,,,
Washington,Aaryn,UCLA,,2031,CB,,,,,,,,,,
Watkins,Tamarion,SC,,2031,SS,,,,,,,,,,
Webster,Edward,ISU,,2031,WR,,,,,,,,,,
Weeks,Justin,SC,,2031,RE,,,,,,,,,,
White Jr.,Jamie,Maryland,,2031,FS,,,,,,,,,,
Whitehead,Jacob,USC,,2031,CB,,,,,,,,,,
Whitters,Colin,Iowa,,2031,RG,,,,,,,,,,
Wiggins,Terry,Penn St.,,2031,ROLB,,,,,,,,,,
Wilder,Khary,USC,,2031,RE,,,,,,,,,,
Williams,Braylon,SMU,,2031,LOLB,,,,,,,,,,
Williams,Brock,MSU,,2031,TE,,,,,,,,,,
Williams,Ca'Ron,USC,,2031,CB,,,,,,,,,,
Williams,Delontay,ASU,,2031,WR,,,,,,,,,,
Williams,Gavin,USC,,2031,SS,,,,,,,,,,
Williams,Grayson,NCSt.,,2031,LT,,,,,,,,,,
Williams,Jatori,Alabama,,2031,RG,,,,,,,,,,
Willoughby,Kooper,Utah,,2031,LE,,,,,,,,,,
Willy-Ava,Isala Aisa,Texas,,2031,FS,,,,,,,,,,
Wilson,Kamron,FSU,,2031,LE,,,,,,,,,,
Wilson,Parker,Washington,,2031,RG,,,,,,,,,,
Windom,Jaidon,Cincinnati,,2031,FS,,,,,,,,,,
Winfield,Jaimeon,USC,,2031,DT,,,,,,,,,,
Wise,Grant,Clemson,,2031,LG,,,,,,,,,,
Wojdowski,Tucker,Fresno St.,,2031,ROLB,,,,,,,,,,
Wolford,Aaron,Houston,,2031,RG,,,,,,,,,,
Wood,Willie,USC,,2031,SS,,,,,,,,,,
Woodruff,Ayden,Tennesee,,2031,DT,,,,,,,,,,
Woodson Jr.,Charles,Michigan,,2031,FS,,,,,,,,,,
Wright,Max,Texas,,2031,RT,,,,,,,,,,
Young,Sir Nathanial,Miss Valley,,2031,LOLB,,,,,,,,,,
Zager,Noah,Mount,,2031,FB,,,,,,,,,,
Zeigler,Malachi,Ole Miss,,2031,QB,,,,,,,,,,